CIRCUNSCRIPCION,ID_ESTADO,NOMBRE_ESTADO,ID_DISTRITO_LOCAL,CABECERA_DISTRITAL_LOCAL,ID_MUNICIPIO,MUNICIPIO,SECCION,CASILLAS,PAN,PRI,PRD,PT,PVEM,MC,MORENA,UPM,PLA,NAA,CAND_IND1,CAND_IND2,CAND_IND3,CAND_IND4,NUM_VOTOS_VALIDOS,NUM_VOTOS_CAN_NREG,NUM_VOTOS_NULOS,TOTAL_VOTOS,LISTA_NOMINAL
,1,AGUASCALIENTES,6,AGUASCALIENTES,1,AGUASCALIENTES,1,3,846,49,18,1,1,9,68,20,12,1,,,,,1025,2,11,1038,2149
,1,AGUASCALIENTES,6,AGUASCALIENTES,1,AGUASCALIENTES,2,2,257,25,6,2,1,3,38,5,4,1,,,,,342,0,13,355,897
,1,AGUASCALIENTES,6,AGUASCALIENTES,1,AGUASCALIENTES,3,3,432,38,60,6,5,6,127,6,6,7,,,,,693,0,23,716,1703
,1,AGUASCALIENTES,6,AGUASCALIENTES,1,AGUASCALIENTES,4,2,269,35,65,0,6,12,133,4,5,13,,,,,542,0,12,554,1410
,1,AGUASCALIENTES,6,AGUASCALIENTES,1,AGUASCALIENTES,5,2,178,13,34,1,7,10,75,2,2,0,,,,,322,0,9,331,787
,1,AGUASCALIENTES,6,AGUASCALIENTES,1,AGUASCALIENTES,6,1,146,23,24,2,2,3,74,5,4,4,,,,,287,0,6,293,693
,1,AGUASCALIENTES,6,AGUASCALIENTES,1,AGUASCALIENTES,7,2,171,29,29,2,5,4,79,1,5,9,,,,,334,0,10,344,779
,1,AGUASCALIENTES,6,AGUASCALIENTES,1,AGUASCALIENTES,8,2,293,39,46,1,5,3,120,3,3,10,,,,,523,1,8,532,1164
,1,AGUASCALIENTES,6,AGUASCALIENTES,1,AGUASCALIENTES,9,2,308,49,44,1,1,5,153,4,9,15,,,,,589,1,12,602,1273
,1,AGUASCALIENTES,6,AGUASCALIENTES,1,AGUASCALIENTES,10,2,304,38,37,1,1,2,89,8,11,11,,,,,502,0,14,516,1232
,1,AGUASCALIENTES,6,AGUASCALIENTES,1,AGUASCALIENTES,11,2,205,22,42,1,5,5,97,8,2,6,,,,,393,1,12,406,1249
,1,AGUASCALIENTES,6,AGUASCALIENTES,1,AGUASCALIENTES,12,2,206,20,45,1,5,7,71,9,7,5,,,,,376,0,8,384,829
,1,AGUASCALIENTES,6,AGUASCALIENTES,1,AGUASCALIENTES,13,2,161,21,29,4,5,3,90,2,2,10,,,,,327,1,9,337,813
,1,AGUASCALIENTES,6,AGUASCALIENTES,1,AGUASCALIENTES,14,2,218,16,37,2,1,5,75,7,3,1,,,,,365,0,8,373,923
,1,AGUASCALIENTES,6,AGUASCALIENTES,1,AGUASCALIENTES,15,2,166,12,21,2,9,6,67,7,6,7,,,,,303,2,10,315,1027
,1,AGUASCALIENTES,6,AGUASCALIENTES,1,AGUASCALIENTES,16,2,181,18,25,3,3,1,78,2,1,2,,,,,314,1,10,325,862
,1,AGUASCALIENTES,6,AGUASCALIENTES,1,AGUASCALIENTES,17,2,207,31,21,3,5,3,81,2,2,5,,,,,360,0,10,370,1026
,1,AGUASCALIENTES,6,AGUASCALIENTES,1,AGUASCALIENTES,18,2,211,35,30,5,2,11,76,3,8,6,,,,,387,0,13,400,1042
,1,AGUASCALIENTES,10,AGUASCALIENTES,1,AGUASCALIENTES,19,2,249,28,31,3,3,4,69,5,4,4,,,,,400,0,9,409,1011
,1,AGUASCALIENTES,10,AGUASCALIENTES,1,AGUASCALIENTES,20,2,260,25,47,7,5,1,94,5,12,7,,,,,463,1,6,470,1080
,1,AGUASCALIENTES,10,AGUASCALIENTES,1,AGUASCALIENTES,21,2,213,25,30,4,4,4,111,6,4,9,,,,,410,0,17,427,1268
,1,AGUASCALIENTES,10,AGUASCALIENTES,1,AGUASCALIENTES,22,1,132,27,9,1,2,0,45,0,0,3,,,,,219,1,4,224,728
,1,AGUASCALIENTES,10,AGUASCALIENTES,1,AGUASCALIENTES,23,2,231,28,22,2,3,6,78,1,5,4,,,,,380,0,12,392,965
,1,AGUASCALIENTES,10,AGUASCALIENTES,1,AGUASCALIENTES,24,1,102,17,10,0,1,1,48,0,6,0,,,,,185,0,7,192,613
,1,AGUASCALIENTES,10,AGUASCALIENTES,1,AGUASCALIENTES,25,2,202,24,22,0,0,4,58,3,3,2,,,,,318,0,9,327,883
,1,AGUASCALIENTES,10,AGUASCALIENTES,1,AGUASCALIENTES,26,2,251,29,21,1,6,4,92,1,6,4,,,,,415,0,10,425,1134
,1,AGUASCALIENTES,10,AGUASCALIENTES,1,AGUASCALIENTES,27,1,166,10,22,0,0,3,37,1,3,7,,,,,249,0,8,257,536
,1,AGUASCALIENTES,11,AGUASCALIENTES,1,AGUASCALIENTES,28,1,80,7,6,3,0,1,40,1,2,0,,,,,140,0,5,145,387
,1,AGUASCALIENTES,11,AGUASCALIENTES,1,AGUASCALIENTES,29,2,121,22,18,3,4,0,90,0,3,5,,,,,266,0,7,273,835
,1,AGUASCALIENTES,10,AGUASCALIENTES,1,AGUASCALIENTES,30,1,106,17,10,7,3,1,40,1,3,4,,,,,192,1,8,201,619
,1,AGUASCALIENTES,10,AGUASCALIENTES,1,AGUASCALIENTES,31,2,184,13,22,4,6,7,84,3,5,8,,,,,336,0,21,357,970
,1,AGUASCALIENTES,10,AGUASCALIENTES,1,AGUASCALIENTES,32,2,191,29,15,2,6,5,110,3,1,6,,,,,368,0,15,383,1151
,1,AGUASCALIENTES,10,AGUASCALIENTES,1,AGUASCALIENTES,33,2,166,16,10,5,5,3,74,3,2,2,,,,,286,0,10,296,799
,1,AGUASCALIENTES,10,AGUASCALIENTES,1,AGUASCALIENTES,34,2,136,8,17,1,4,2,38,5,2,6,,,,,219,1,6,226,781
,1,AGUASCALIENTES,10,AGUASCALIENTES,1,AGUASCALIENTES,35,3,515,23,54,0,7,8,137,8,10,6,,,,,768,1,20,789,2129
,1,AGUASCALIENTES,10,AGUASCALIENTES,1,AGUASCALIENTES,36,2,238,29,15,0,3,6,74,1,5,2,,,,,373,0,10,383,876
,1,AGUASCALIENTES,10,AGUASCALIENTES,1,AGUASCALIENTES,37,2,264,28,34,3,8,5,94,6,6,8,,,,,456,0,14,470,1086
,1,AGUASCALIENTES,10,AGUASCALIENTES,1,AGUASCALIENTES,38,2,270,47,43,2,6,3,107,5,6,5,,,,,494,1,18,513,1339
,1,AGUASCALIENTES,10,AGUASCALIENTES,1,AGUASCALIENTES,39,2,186,16,25,2,7,6,57,1,3,5,,,,,308,0,9,317,822
,1,AGUASCALIENTES,17,AGUASCALIENTES,1,AGUASCALIENTES,40,2,277,25,36,4,4,2,85,2,5,2,,,,,442,0,5,447,1273
,1,AGUASCALIENTES,6,AGUASCALIENTES,1,AGUASCALIENTES,41,6,1033,67,68,14,18,24,209,28,18,9,,,,,1488,2,35,1525,4234
,1,AGUASCALIENTES,6,AGUASCALIENTES,1,AGUASCALIENTES,42,2,180,49,19,10,8,7,73,0,5,4,,,,,355,0,13,368,1160
,1,AGUASCALIENTES,6,AGUASCALIENTES,1,AGUASCALIENTES,43,4,514,44,66,5,4,9,145,8,10,9,,,,,814,0,15,829,1909
,1,AGUASCALIENTES,6,AGUASCALIENTES,1,AGUASCALIENTES,44,6,1380,130,96,4,4,26,177,24,19,17,,,,,1877,4,40,1921,4408
,1,AGUASCALIENTES,6,AGUASCALIENTES,1,AGUASCALIENTES,45,3,560,42,43,0,3,5,62,18,5,1,,,,,739,1,12,752,1643
,1,AGUASCALIENTES,6,AGUASCALIENTES,1,AGUASCALIENTES,46,3,594,46,49,2,3,8,85,14,4,5,,,,,810,0,27,837,1968
,1,AGUASCALIENTES,6,AGUASCALIENTES,1,AGUASCALIENTES,47,5,1133,72,63,5,6,36,170,25,19,12,,,,,1541,0,18,1559,3590
,1,AGUASCALIENTES,6,AGUASCALIENTES,1,AGUASCALIENTES,48,3,459,39,51,0,6,14,102,7,10,5,,,,,693,0,13,706,1865
,1,AGUASCALIENTES,6,AGUASCALIENTES,1,AGUASCALIENTES,49,2,272,37,30,4,7,7,149,1,12,4,,,,,523,0,12,535,1491
,1,AGUASCALIENTES,6,AGUASCALIENTES,1,AGUASCALIENTES,50,3,306,29,33,2,2,7,132,0,10,2,,,,,523,0,11,534,1541
,1,AGUASCALIENTES,6,AGUASCALIENTES,1,AGUASCALIENTES,51,2,273,39,39,7,2,2,92,7,7,5,,,,,473,0,17,490,1155
,1,AGUASCALIENTES,6,AGUASCALIENTES,1,AGUASCALIENTES,52,2,292,34,33,2,5,7,95,3,8,12,,,,,491,2,13,506,1220
,1,AGUASCALIENTES,6,AGUASCALIENTES,1,AGUASCALIENTES,53,3,393,26,78,6,5,7,112,4,10,14,,,,,655,0,22,677,1614
,1,AGUASCALIENTES,6,AGUASCALIENTES,1,AGUASCALIENTES,54,2,184,19,20,3,5,3,67,3,4,2,,,,,310,0,15,325,1086
,1,AGUASCALIENTES,6,AGUASCALIENTES,1,AGUASCALIENTES,55,2,228,29,32,0,5,3,77,2,3,5,,,,,384,0,10,394,1069
,1,AGUASCALIENTES,6,AGUASCALIENTES,1,AGUASCALIENTES,56,2,266,23,20,3,5,1,61,0,2,0,,,,,381,1,9,391,939
,1,AGUASCALIENTES,11,AGUASCALIENTES,1,AGUASCALIENTES,57,2,237,34,14,5,6,1,68,1,4,4,,,,,374,0,7,381,844
,1,AGUASCALIENTES,11,AGUASCALIENTES,1,AGUASCALIENTES,58,1,121,12,10,1,1,1,75,1,0,4,,,,,226,0,6,232,598
,1,AGUASCALIENTES,11,AGUASCALIENTES,1,AGUASCALIENTES,59,1,160,17,23,2,0,7,42,2,2,5,,,,,260,0,9,269,672
,1,AGUASCALIENTES,11,AGUASCALIENTES,1,AGUASCALIENTES,60,2,167,30,25,1,2,3,100,2,4,6,,,,,340,0,14,354,976
,1,AGUASCALIENTES,11,AGUASCALIENTES,1,AGUASCALIENTES,61,1,132,16,11,0,2,4,67,1,5,2,,,,,240,2,6,248,734
,1,AGUASCALIENTES,11,AGUASCALIENTES,1,AGUASCALIENTES,62,1,109,12,15,1,1,7,51,0,3,2,,,,,201,0,9,210,625
,1,AGUASCALIENTES,11,AGUASCALIENTES,1,AGUASCALIENTES,63,1,103,8,15,0,2,0,56,1,3,16,,,,,204,0,9,213,621
,1,AGUASCALIENTES,11,AGUASCALIENTES,1,AGUASCALIENTES,64,2,172,27,32,1,4,2,74,5,6,8,,,,,331,0,13,344,770
,1,AGUASCALIENTES,11,AGUASCALIENTES,1,AGUASCALIENTES,65,1,141,18,29,1,5,1,42,3,4,0,,,,,244,0,8,252,594
,1,AGUASCALIENTES,11,AGUASCALIENTES,1,AGUASCALIENTES,66,2,178,19,38,1,2,4,66,3,3,6,,,,,320,0,11,331,767
,1,AGUASCALIENTES,11,AGUASCALIENTES,1,AGUASCALIENTES,67,1,168,15,12,2,3,1,46,1,1,2,,,,,251,0,8,259,508
,1,AGUASCALIENTES,11,AGUASCALIENTES,1,AGUASCALIENTES,68,1,141,25,20,1,0,2,74,0,6,4,,,,,273,0,6,279,692
,1,AGUASCALIENTES,11,AGUASCALIENTES,1,AGUASCALIENTES,69,2,183,21,38,3,3,4,87,1,6,2,,,,,348,1,7,356,836
,1,AGUASCALIENTES,11,AGUASCALIENTES,1,AGUASCALIENTES,70,1,132,12,24,0,3,0,68,1,8,1,,,,,249,0,6,255,587
,1,AGUASCALIENTES,11,AGUASCALIENTES,1,AGUASCALIENTES,71,2,275,23,38,0,4,0,70,8,7,3,,,,,428,0,9,437,1010
,1,AGUASCALIENTES,11,AGUASCALIENTES,1,AGUASCALIENTES,72,1,110,12,22,4,2,3,40,2,3,0,,,,,198,0,8,206,514
,1,AGUASCALIENTES,11,AGUASCALIENTES,1,AGUASCALIENTES,73,2,177,18,26,1,4,5,58,5,4,2,,,,,300,0,9,309,767
,1,AGUASCALIENTES,11,AGUASCALIENTES,1,AGUASCALIENTES,74,1,137,17,19,1,1,2,50,1,5,2,,,,,235,0,4,239,552
,1,AGUASCALIENTES,11,AGUASCALIENTES,1,AGUASCALIENTES,75,1,143,19,28,1,0,0,50,2,6,2,,,,,251,0,3,254,637
,1,AGUASCALIENTES,11,AGUASCALIENTES,1,AGUASCALIENTES,76,1,108,18,12,1,1,3,52,2,4,1,,,,,202,1,1,204,464
,1,AGUASCALIENTES,11,AGUASCALIENTES,1,AGUASCALIENTES,77,1,119,22,30,0,2,1,48,9,3,3,,,,,237,0,11,248,556
,1,AGUASCALIENTES,11,AGUASCALIENTES,1,AGUASCALIENTES,78,2,172,23,21,4,4,1,78,0,3,6,,,,,312,0,10,322,816
,1,AGUASCALIENTES,11,AGUASCALIENTES,1,AGUASCALIENTES,79,2,145,25,20,4,1,4,64,1,3,5,,,,,272,0,15,287,768
,1,AGUASCALIENTES,5,AGUASCALIENTES,1,AGUASCALIENTES,80,9,1022,96,155,11,22,18,485,14,34,17,,,,,1874,4,47,1925,6733
,1,AGUASCALIENTES,5,AGUASCALIENTES,1,AGUASCALIENTES,82,15,1710,137,280,23,36,38,806,18,68,48,,,,,3164,2,56,3222,10664
,1,AGUASCALIENTES,12,AGUASCALIENTES,1,AGUASCALIENTES,83,18,1354,115,164,16,33,31,610,9,35,16,,,,,2383,2,111,2496,12208
,1,AGUASCALIENTES,12,AGUASCALIENTES,1,AGUASCALIENTES,84,3,394,38,22,4,15,26,138,1,6,4,,,,,648,0,31,679,2206
,1,AGUASCALIENTES,12,AGUASCALIENTES,1,AGUASCALIENTES,85,6,452,79,61,8,16,20,252,3,12,18,,,,,921,0,41,962,3961
,1,AGUASCALIENTES,5,AGUASCALIENTES,1,AGUASCALIENTES,86,17,1330,174,312,21,62,26,816,22,58,41,,,,,2862,3,115,2980,11809
,1,AGUASCALIENTES,5,AGUASCALIENTES,1,AGUASCALIENTES,87,3,325,31,82,9,12,4,183,5,7,17,,,,,675,0,16,691,2037
,1,AGUASCALIENTES,5,AGUASCALIENTES,1,AGUASCALIENTES,88,2,205,20,36,3,4,4,101,4,0,5,,,,,382,0,12,394,1236
,1,AGUASCALIENTES,5,AGUASCALIENTES,1,AGUASCALIENTES,89,2,195,22,19,5,4,1,90,4,8,2,,,,,350,0,24,374,1088
,1,AGUASCALIENTES,5,AGUASCALIENTES,1,AGUASCALIENTES,90,5,598,62,97,7,16,10,279,7,10,16,,,,,1102,0,35,1137,3211
,1,AGUASCALIENTES,6,AGUASCALIENTES,1,AGUASCALIENTES,91,2,221,32,31,3,2,0,79,3,9,5,,,,,385,0,9,394,949
,1,AGUASCALIENTES,6,AGUASCALIENTES,1,AGUASCALIENTES,92,2,172,14,31,1,3,2,81,2,5,9,,,,,320,0,14,334,862
,1,AGUASCALIENTES,13,AGUASCALIENTES,1,AGUASCALIENTES,93,2,176,25,42,4,5,3,87,1,3,4,,,,,350,2,9,361,932
,1,AGUASCALIENTES,13,AGUASCALIENTES,1,AGUASCALIENTES,94,1,108,8,16,2,2,1,54,1,0,16,,,,,208,0,9,217,600
,1,AGUASCALIENTES,13,AGUASCALIENTES,1,AGUASCALIENTES,95,2,145,30,34,1,5,4,98,1,4,7,,,,,329,0,11,340,963
,1,AGUASCALIENTES,13,AGUASCALIENTES,1,AGUASCALIENTES,96,4,398,50,78,4,11,6,165,4,14,16,,,,,746,0,31,777,2334
,1,AGUASCALIENTES,13,AGUASCALIENTES,1,AGUASCALIENTES,97,2,197,18,9,1,7,3,50,0,5,4,,,,,294,0,13,307,962
,1,AGUASCALIENTES,13,AGUASCALIENTES,1,AGUASCALIENTES,99,3,279,55,27,12,5,2,130,2,7,3,,,,,522,0,27,549,1828
,1,AGUASCALIENTES,13,AGUASCALIENTES,1,AGUASCALIENTES,100,2,146,27,23,4,8,4,78,2,6,14,,,,,312,0,22,334,1089
,1,AGUASCALIENTES,13,AGUASCALIENTES,1,AGUASCALIENTES,101,3,268,22,48,0,3,6,152,6,3,2,,,,,510,0,10,520,1610
,1,AGUASCALIENTES,13,AGUASCALIENTES,1,AGUASCALIENTES,102,2,178,25,26,6,4,11,84,3,9,10,,,,,356,0,10,366,983
,1,AGUASCALIENTES,13,AGUASCALIENTES,1,AGUASCALIENTES,103,2,157,22,17,2,3,3,81,1,6,3,,,,,295,0,14,309,809
,1,AGUASCALIENTES,11,AGUASCALIENTES,1,AGUASCALIENTES,104,1,94,10,21,2,1,1,49,0,1,3,,,,,182,0,12,194,522
,1,AGUASCALIENTES,11,AGUASCALIENTES,1,AGUASCALIENTES,105,1,103,16,20,2,4,6,66,0,4,7,,,,,228,0,9,237,591
,1,AGUASCALIENTES,11,AGUASCALIENTES,1,AGUASCALIENTES,106,2,224,27,27,2,0,3,94,1,6,9,,,,,393,0,8,401,1158
,1,AGUASCALIENTES,11,AGUASCALIENTES,1,AGUASCALIENTES,107,2,209,27,28,6,5,3,75,0,6,2,,,,,361,0,13,374,1094
,1,AGUASCALIENTES,11,AGUASCALIENTES,1,AGUASCALIENTES,108,2,180,20,16,5,10,2,81,0,8,5,,,,,327,0,13,340,941
,1,AGUASCALIENTES,11,AGUASCALIENTES,1,AGUASCALIENTES,109,2,247,20,28,2,5,3,113,2,7,8,,,,,435,0,8,443,1106
,1,AGUASCALIENTES,11,AGUASCALIENTES,1,AGUASCALIENTES,110,1,69,15,10,0,3,3,43,0,0,1,,,,,144,0,2,146,452
,1,AGUASCALIENTES,11,AGUASCALIENTES,1,AGUASCALIENTES,111,2,146,29,24,1,9,12,127,1,6,6,,,,,361,0,12,373,1006
,1,AGUASCALIENTES,11,AGUASCALIENTES,1,AGUASCALIENTES,112,2,226,20,48,0,2,1,125,6,5,5,,,,,438,0,15,453,1177
,1,AGUASCALIENTES,13,AGUASCALIENTES,1,AGUASCALIENTES,113,2,191,20,30,6,4,3,145,6,6,16,,,,,427,0,10,437,1042
,1,AGUASCALIENTES,13,AGUASCALIENTES,1,AGUASCALIENTES,114,2,162,15,31,3,3,3,90,0,7,8,,,,,322,0,8,330,884
,1,AGUASCALIENTES,13,AGUASCALIENTES,1,AGUASCALIENTES,115,2,227,38,44,4,5,4,114,0,8,9,,,,,453,0,12,465,1162
,1,AGUASCALIENTES,13,AGUASCALIENTES,1,AGUASCALIENTES,116,13,1265,151,253,16,29,18,730,15,39,55,,,,,2571,0,76,2647,9237
,1,AGUASCALIENTES,13,AGUASCALIENTES,1,AGUASCALIENTES,117,3,251,33,47,5,8,3,136,1,9,4,,,,,497,1,14,512,1576
,1,AGUASCALIENTES,13,AGUASCALIENTES,1,AGUASCALIENTES,118,9,936,104,161,10,24,14,524,6,41,36,,,,,1856,0,63,1919,6383
,1,AGUASCALIENTES,13,AGUASCALIENTES,1,AGUASCALIENTES,119,6,869,67,156,7,18,20,452,11,34,26,,,,,1660,2,40,1702,4309
,1,AGUASCALIENTES,11,AGUASCALIENTES,1,AGUASCALIENTES,120,2,137,29,23,1,2,3,85,0,2,3,,,,,285,0,15,300,757
,1,AGUASCALIENTES,11,AGUASCALIENTES,1,AGUASCALIENTES,121,1,101,23,21,2,3,1,62,0,9,3,,,,,225,0,2,227,585
,1,AGUASCALIENTES,13,AGUASCALIENTES,1,AGUASCALIENTES,122,2,204,36,31,5,4,4,122,2,17,7,,,,,432,0,12,444,1076
,1,AGUASCALIENTES,11,AGUASCALIENTES,1,AGUASCALIENTES,123,1,124,13,19,1,2,3,83,0,0,5,,,,,250,0,5,255,662
,1,AGUASCALIENTES,11,AGUASCALIENTES,1,AGUASCALIENTES,124,1,88,8,13,2,2,6,75,0,2,5,,,,,201,0,10,211,499
,1,AGUASCALIENTES,14,AGUASCALIENTES,1,AGUASCALIENTES,125,2,223,38,26,6,0,3,115,1,4,8,,,,,424,0,9,433,1071
,1,AGUASCALIENTES,15,AGUASCALIENTES,1,AGUASCALIENTES,126,3,328,36,62,4,13,8,188,11,14,19,,,,,683,0,29,712,2027
,1,AGUASCALIENTES,15,AGUASCALIENTES,1,AGUASCALIENTES,127,2,233,36,61,3,4,4,170,1,9,6,,,,,527,0,13,540,1329
,1,AGUASCALIENTES,15,AGUASCALIENTES,1,AGUASCALIENTES,128,2,136,25,38,4,4,1,131,0,11,2,,,,,352,0,18,370,860
,1,AGUASCALIENTES,15,AGUASCALIENTES,1,AGUASCALIENTES,129,2,171,24,42,3,5,4,151,4,5,1,,,,,410,1,14,425,958
,1,AGUASCALIENTES,15,AGUASCALIENTES,1,AGUASCALIENTES,130,2,226,37,42,3,5,5,162,2,8,10,,,,,500,3,21,524,1415
,1,AGUASCALIENTES,15,AGUASCALIENTES,1,AGUASCALIENTES,131,2,150,21,45,6,5,0,137,5,3,7,,,,,379,1,17,397,974
,1,AGUASCALIENTES,15,AGUASCALIENTES,1,AGUASCALIENTES,132,2,166,28,39,3,2,1,103,3,4,3,,,,,352,0,10,362,945
,1,AGUASCALIENTES,15,AGUASCALIENTES,1,AGUASCALIENTES,133,2,224,12,56,5,3,1,106,3,7,4,,,,,421,0,16,437,1122
,1,AGUASCALIENTES,15,AGUASCALIENTES,1,AGUASCALIENTES,134,2,126,21,38,2,9,6,72,4,3,7,,,,,288,0,10,298,812
,1,AGUASCALIENTES,15,AGUASCALIENTES,1,AGUASCALIENTES,135,2,225,31,43,0,8,9,150,2,9,8,,,,,485,0,15,500,1267
,1,AGUASCALIENTES,15,AGUASCALIENTES,1,AGUASCALIENTES,136,3,290,74,58,9,6,4,181,4,7,11,,,,,644,0,13,657,1766
,1,AGUASCALIENTES,15,AGUASCALIENTES,1,AGUASCALIENTES,137,1,60,11,17,1,4,0,38,2,1,1,,,,,135,0,3,138,483
,1,AGUASCALIENTES,14,AGUASCALIENTES,1,AGUASCALIENTES,138,2,214,27,31,7,7,2,135,3,12,8,,,,,446,0,7,453,1436
,1,AGUASCALIENTES,14,AGUASCALIENTES,1,AGUASCALIENTES,139,2,95,25,23,2,5,3,74,1,6,3,,,,,237,0,12,249,856
,1,AGUASCALIENTES,14,AGUASCALIENTES,1,AGUASCALIENTES,140,2,192,44,41,2,1,5,122,5,6,4,,,,,422,0,7,429,894
,1,AGUASCALIENTES,11,AGUASCALIENTES,1,AGUASCALIENTES,141,2,160,16,30,4,1,1,105,0,3,9,,,,,329,0,13,342,995
,1,AGUASCALIENTES,11,AGUASCALIENTES,1,AGUASCALIENTES,142,2,192,16,38,2,4,2,94,0,1,10,,,,,359,0,10,369,789
,1,AGUASCALIENTES,14,AGUASCALIENTES,1,AGUASCALIENTES,143,2,163,30,39,1,4,5,84,3,8,14,,,,,351,0,15,366,874
,1,AGUASCALIENTES,14,AGUASCALIENTES,1,AGUASCALIENTES,144,2,142,30,30,2,1,1,111,5,4,11,,,,,337,2,9,348,903
,1,AGUASCALIENTES,14,AGUASCALIENTES,1,AGUASCALIENTES,145,1,146,21,25,5,6,3,90,1,5,3,,,,,305,0,12,317,740
,1,AGUASCALIENTES,14,AGUASCALIENTES,1,AGUASCALIENTES,146,2,189,33,29,2,10,4,76,0,9,5,,,,,357,0,14,371,1133
,1,AGUASCALIENTES,14,AGUASCALIENTES,1,AGUASCALIENTES,147,2,124,33,19,4,10,6,83,0,4,2,,,,,285,0,12,297,1043
,1,AGUASCALIENTES,14,AGUASCALIENTES,1,AGUASCALIENTES,148,2,184,35,35,4,7,1,154,0,5,5,,,,,430,1,25,456,1409
,1,AGUASCALIENTES,14,AGUASCALIENTES,1,AGUASCALIENTES,149,6,585,116,165,18,15,11,419,11,32,68,,,,,1440,1,26,1467,3842
,1,AGUASCALIENTES,15,AGUASCALIENTES,1,AGUASCALIENTES,150,2,145,26,44,2,4,2,126,1,2,8,,,,,360,1,19,380,887
,1,AGUASCALIENTES,15,AGUASCALIENTES,1,AGUASCALIENTES,151,1,104,7,18,0,1,0,54,0,4,10,,,,,198,0,6,204,709
,1,AGUASCALIENTES,15,AGUASCALIENTES,1,AGUASCALIENTES,152,4,438,55,81,8,12,21,264,6,12,10,,,,,907,2,37,946,2851
,1,AGUASCALIENTES,15,AGUASCALIENTES,1,AGUASCALIENTES,153,2,174,15,52,4,6,4,148,3,5,15,,,,,426,0,7,433,978
,1,AGUASCALIENTES,15,AGUASCALIENTES,1,AGUASCALIENTES,154,3,178,21,57,10,12,8,145,1,2,5,,,,,439,1,21,461,1640
,1,AGUASCALIENTES,15,AGUASCALIENTES,1,AGUASCALIENTES,155,16,1103,196,359,26,42,30,1026,14,27,26,,,,,2849,0,115,2964,10878
,1,AGUASCALIENTES,14,AGUASCALIENTES,1,AGUASCALIENTES,156,18,1802,305,384,63,47,34,1084,18,74,78,,,,,3889,6,105,4000,12760
,1,AGUASCALIENTES,14,AGUASCALIENTES,1,AGUASCALIENTES,157,2,115,27,14,8,2,3,66,2,3,4,,,,,244,0,10,254,935
,1,AGUASCALIENTES,14,AGUASCALIENTES,1,AGUASCALIENTES,158,1,61,10,12,1,2,0,32,3,5,3,,,,,129,0,4,133,396
,1,AGUASCALIENTES,14,AGUASCALIENTES,1,AGUASCALIENTES,159,1,138,29,25,0,4,2,75,0,8,6,,,,,287,0,11,298,638
,1,AGUASCALIENTES,14,AGUASCALIENTES,1,AGUASCALIENTES,160,2,186,34,36,5,5,3,154,2,2,8,,,,,435,1,15,451,1006
,1,AGUASCALIENTES,18,AGUASCALIENTES,1,AGUASCALIENTES,161,8,1205,147,176,15,22,17,431,22,31,19,,,,,2085,2,42,2129,5694
,1,AGUASCALIENTES,18,AGUASCALIENTES,1,AGUASCALIENTES,162,2,134,14,20,4,8,3,105,1,3,3,,,,,295,0,10,305,895
,1,AGUASCALIENTES,18,AGUASCALIENTES,1,AGUASCALIENTES,163,1,160,8,13,3,9,4,55,1,2,3,,,,,258,0,10,268,696
,1,AGUASCALIENTES,14,AGUASCALIENTES,1,AGUASCALIENTES,164,9,1131,145,206,27,41,16,632,15,28,63,,,,,2304,0,48,2352,6554
,1,AGUASCALIENTES,14,AGUASCALIENTES,1,AGUASCALIENTES,165,2,233,31,50,2,9,3,128,8,5,8,,,,,477,0,21,498,1429
,1,AGUASCALIENTES,14,AGUASCALIENTES,1,AGUASCALIENTES,167,2,135,14,33,1,2,1,73,4,1,2,,,,,266,0,8,274,757
,1,AGUASCALIENTES,14,AGUASCALIENTES,1,AGUASCALIENTES,168,4,488,41,92,16,12,16,322,7,15,23,,,,,1032,2,19,1053,2857
,1,AGUASCALIENTES,14,AGUASCALIENTES,1,AGUASCALIENTES,169,3,289,48,69,2,14,6,181,2,12,8,,,,,631,0,24,655,2109
,1,AGUASCALIENTES,14,AGUASCALIENTES,1,AGUASCALIENTES,170,4,405,44,56,6,13,6,269,1,11,8,,,,,819,0,26,845,2827
,1,AGUASCALIENTES,17,AGUASCALIENTES,1,AGUASCALIENTES,171,1,131,13,19,1,2,3,57,4,2,4,,,,,236,1,8,245,627
,1,AGUASCALIENTES,17,AGUASCALIENTES,1,AGUASCALIENTES,172,1,152,21,17,1,0,5,28,7,4,4,,,,,239,0,7,246,720
,1,AGUASCALIENTES,17,AGUASCALIENTES,1,AGUASCALIENTES,173,1,124,11,12,0,0,2,27,5,3,1,,,,,185,0,2,187,524
,1,AGUASCALIENTES,17,AGUASCALIENTES,1,AGUASCALIENTES,174,2,236,21,31,0,5,4,79,8,5,1,,,,,390,0,16,406,1007
,1,AGUASCALIENTES,17,AGUASCALIENTES,1,AGUASCALIENTES,175,2,226,34,21,1,2,1,64,3,2,4,,,,,358,0,5,363,828
,1,AGUASCALIENTES,17,AGUASCALIENTES,1,AGUASCALIENTES,176,1,124,12,11,3,2,1,33,0,1,2,,,,,189,0,4,193,398
,1,AGUASCALIENTES,17,AGUASCALIENTES,1,AGUASCALIENTES,177,1,209,22,20,3,1,6,43,4,4,8,,,,,320,0,5,325,694
,1,AGUASCALIENTES,17,AGUASCALIENTES,1,AGUASCALIENTES,178,1,130,27,25,0,3,1,50,5,2,1,,,,,244,0,6,250,666
,1,AGUASCALIENTES,17,AGUASCALIENTES,1,AGUASCALIENTES,179,2,155,19,24,7,5,5,62,4,3,2,,,,,286,0,8,294,845
,1,AGUASCALIENTES,11,AGUASCALIENTES,1,AGUASCALIENTES,180,1,109,12,18,1,3,0,44,6,4,2,,,,,199,0,3,202,508
,1,AGUASCALIENTES,11,AGUASCALIENTES,1,AGUASCALIENTES,181,1,120,23,11,3,4,4,58,3,2,4,,,,,232,0,5,237,635
,1,AGUASCALIENTES,11,AGUASCALIENTES,1,AGUASCALIENTES,182,1,128,22,20,1,4,1,67,1,2,1,,,,,247,0,7,254,584
,1,AGUASCALIENTES,11,AGUASCALIENTES,1,AGUASCALIENTES,183,1,81,17,7,2,4,0,46,3,2,1,,,,,163,0,4,167,418
,1,AGUASCALIENTES,11,AGUASCALIENTES,1,AGUASCALIENTES,184,2,166,22,12,1,5,1,60,4,0,5,,,,,276,1,7,284,796
,1,AGUASCALIENTES,11,AGUASCALIENTES,1,AGUASCALIENTES,185,1,63,16,9,0,1,0,38,4,0,0,,,,,131,0,10,141,338
,1,AGUASCALIENTES,11,AGUASCALIENTES,1,AGUASCALIENTES,186,1,61,15,11,2,0,4,35,0,4,0,,,,,132,0,6,138,374
,1,AGUASCALIENTES,11,AGUASCALIENTES,1,AGUASCALIENTES,187,1,108,12,16,2,2,1,57,4,1,0,,,,,203,0,7,210,631
,1,AGUASCALIENTES,11,AGUASCALIENTES,1,AGUASCALIENTES,188,2,242,34,34,0,8,6,119,5,0,6,,,,,454,0,13,467,1094
,1,AGUASCALIENTES,11,AGUASCALIENTES,1,AGUASCALIENTES,189,2,254,25,49,4,7,2,107,2,8,5,,,,,463,0,10,473,1109
,1,AGUASCALIENTES,11,AGUASCALIENTES,1,AGUASCALIENTES,190,3,336,31,55,2,14,2,135,6,4,6,,,,,591,0,17,608,1508
,1,AGUASCALIENTES,11,AGUASCALIENTES,1,AGUASCALIENTES,191,1,99,12,19,2,2,1,46,1,3,5,,,,,190,0,8,198,568
,1,AGUASCALIENTES,11,AGUASCALIENTES,1,AGUASCALIENTES,192,2,214,18,18,2,4,0,94,1,6,3,,,,,360,1,14,375,939
,1,AGUASCALIENTES,11,AGUASCALIENTES,1,AGUASCALIENTES,193,2,143,16,18,0,1,3,81,1,8,4,,,,,275,1,21,297,853
,1,AGUASCALIENTES,11,AGUASCALIENTES,1,AGUASCALIENTES,194,3,358,30,53,6,4,7,159,3,2,7,,,,,629,1,14,644,1778
,1,AGUASCALIENTES,11,AGUASCALIENTES,1,AGUASCALIENTES,195,2,244,31,22,4,5,3,70,7,5,7,,,,,398,0,17,415,1023
,1,AGUASCALIENTES,11,AGUASCALIENTES,1,AGUASCALIENTES,196,1,137,26,27,3,4,4,60,6,3,4,,,,,274,0,8,282,675
,1,AGUASCALIENTES,11,AGUASCALIENTES,1,AGUASCALIENTES,197,2,232,15,31,0,6,3,50,2,3,1,,,,,343,0,8,351,805
,1,AGUASCALIENTES,17,AGUASCALIENTES,1,AGUASCALIENTES,198,1,96,25,21,2,5,3,45,3,1,9,,,,,210,0,3,213,600
,1,AGUASCALIENTES,17,AGUASCALIENTES,1,AGUASCALIENTES,199,1,127,24,24,4,3,4,62,4,3,3,,,,,258,1,6,265,623
,1,AGUASCALIENTES,11,AGUASCALIENTES,1,AGUASCALIENTES,200,2,258,31,39,4,4,1,70,2,4,1,,,,,414,1,14,429,1007
,1,AGUASCALIENTES,11,AGUASCALIENTES,1,AGUASCALIENTES,201,2,223,45,23,2,2,4,91,4,2,1,,,,,397,0,5,402,908
,1,AGUASCALIENTES,11,AGUASCALIENTES,1,AGUASCALIENTES,202,2,148,8,20,3,1,1,47,2,4,2,,,,,236,0,14,250,794
,1,AGUASCALIENTES,11,AGUASCALIENTES,1,AGUASCALIENTES,203,1,132,19,13,3,0,0,52,2,5,2,,,,,228,0,20,248,683
,1,AGUASCALIENTES,11,AGUASCALIENTES,1,AGUASCALIENTES,204,2,232,27,13,2,6,3,102,1,4,3,,,,,393,0,28,421,1083
,1,AGUASCALIENTES,11,AGUASCALIENTES,1,AGUASCALIENTES,205,2,179,33,26,2,2,3,114,3,1,2,,,,,365,0,15,380,931
,1,AGUASCALIENTES,11,AGUASCALIENTES,1,AGUASCALIENTES,206,1,78,9,6,1,6,0,34,1,2,4,,,,,141,0,5,146,497
,1,AGUASCALIENTES,11,AGUASCALIENTES,1,AGUASCALIENTES,207,2,221,15,16,3,7,2,78,1,6,5,,,,,354,0,17,371,1039
,1,AGUASCALIENTES,11,AGUASCALIENTES,1,AGUASCALIENTES,208,2,382,55,20,4,6,3,95,6,6,2,,,,,579,0,10,589,1304
,1,AGUASCALIENTES,11,AGUASCALIENTES,1,AGUASCALIENTES,209,2,327,61,23,3,2,7,74,11,9,5,,,,,522,1,12,535,1067
,1,AGUASCALIENTES,11,AGUASCALIENTES,1,AGUASCALIENTES,210,2,395,48,29,2,3,1,57,7,1,2,,,,,545,0,10,555,1177
,1,AGUASCALIENTES,11,AGUASCALIENTES,1,AGUASCALIENTES,211,1,107,19,14,2,4,7,47,3,2,1,,,,,206,0,6,212,594
,1,AGUASCALIENTES,11,AGUASCALIENTES,1,AGUASCALIENTES,212,1,124,8,18,3,5,3,59,1,2,5,,,,,228,1,11,240,680
,1,AGUASCALIENTES,11,AGUASCALIENTES,1,AGUASCALIENTES,213,1,106,15,14,3,7,3,59,1,3,4,,,,,215,0,12,227,688
,1,AGUASCALIENTES,17,AGUASCALIENTES,1,AGUASCALIENTES,214,2,307,39,28,0,1,9,61,6,1,9,,,,,461,0,4,465,968
,1,AGUASCALIENTES,17,AGUASCALIENTES,1,AGUASCALIENTES,215,2,353,37,36,5,1,10,75,6,6,10,,,,,539,0,12,551,1132
,1,AGUASCALIENTES,17,AGUASCALIENTES,1,AGUASCALIENTES,216,2,207,42,28,3,3,1,64,2,7,8,,,,,365,1,4,370,865
,1,AGUASCALIENTES,17,AGUASCALIENTES,1,AGUASCALIENTES,217,2,250,33,17,1,2,3,56,0,10,6,,,,,378,0,11,389,948
,1,AGUASCALIENTES,17,AGUASCALIENTES,1,AGUASCALIENTES,218,4,563,52,89,4,6,15,241,7,17,10,,,,,1004,0,18,1022,1570
,1,AGUASCALIENTES,17,AGUASCALIENTES,1,AGUASCALIENTES,219,2,178,13,36,0,5,3,61,6,0,10,,,,,312,0,4,316,775
,1,AGUASCALIENTES,17,AGUASCALIENTES,1,AGUASCALIENTES,220,2,308,33,44,2,7,6,79,4,8,3,,,,,494,0,8,502,1264
,1,AGUASCALIENTES,17,AGUASCALIENTES,1,AGUASCALIENTES,221,2,279,26,37,4,4,8,59,5,3,3,,,,,428,1,5,434,962
,1,AGUASCALIENTES,17,AGUASCALIENTES,1,AGUASCALIENTES,222,2,335,42,54,8,9,10,99,6,6,4,,,,,573,1,7,581,1407
,1,AGUASCALIENTES,17,AGUASCALIENTES,1,AGUASCALIENTES,223,1,123,12,25,2,2,4,70,2,2,5,,,,,247,0,13,260,725
,1,AGUASCALIENTES,17,AGUASCALIENTES,1,AGUASCALIENTES,224,2,254,15,51,4,3,4,101,3,9,4,,,,,448,0,13,461,1101
,1,AGUASCALIENTES,17,AGUASCALIENTES,1,AGUASCALIENTES,225,2,225,48,37,3,3,2,118,9,7,9,,,,,461,0,6,467,1013
,1,AGUASCALIENTES,17,AGUASCALIENTES,1,AGUASCALIENTES,226,2,265,33,25,1,7,7,66,6,6,4,,,,,420,0,5,425,914
,1,AGUASCALIENTES,17,AGUASCALIENTES,1,AGUASCALIENTES,227,2,105,13,12,0,2,3,41,0,3,5,,,,,184,0,7,191,785
,1,AGUASCALIENTES,17,AGUASCALIENTES,1,AGUASCALIENTES,228,2,142,12,34,5,4,2,50,5,6,2,,,,,262,0,11,273,762
,1,AGUASCALIENTES,17,AGUASCALIENTES,1,AGUASCALIENTES,229,2,164,22,17,5,5,1,109,2,4,7,,,,,336,0,7,343,765
,1,AGUASCALIENTES,17,AGUASCALIENTES,1,AGUASCALIENTES,230,2,291,28,62,2,4,3,150,5,14,7,,,,,566,1,10,577,1284
,1,AGUASCALIENTES,17,AGUASCALIENTES,1,AGUASCALIENTES,231,2,293,23,68,5,9,4,157,4,3,8,,,,,574,1,13,588,1432
,1,AGUASCALIENTES,17,AGUASCALIENTES,1,AGUASCALIENTES,232,2,122,16,35,4,5,3,71,2,4,2,,,,,264,0,9,273,762
,1,AGUASCALIENTES,17,AGUASCALIENTES,1,AGUASCALIENTES,233,2,127,16,21,1,4,3,52,0,1,2,,,,,227,0,10,237,931
,1,AGUASCALIENTES,17,AGUASCALIENTES,1,AGUASCALIENTES,234,2,116,15,14,5,3,1,66,2,2,6,,,,,230,0,11,241,772
,1,AGUASCALIENTES,17,AGUASCALIENTES,1,AGUASCALIENTES,235,1,85,5,12,1,4,1,55,0,1,2,,,,,166,0,16,182,616
,1,AGUASCALIENTES,17,AGUASCALIENTES,1,AGUASCALIENTES,236,2,208,22,19,7,14,9,115,2,3,1,,,,,400,0,16,416,1252
,1,AGUASCALIENTES,17,AGUASCALIENTES,1,AGUASCALIENTES,237,2,85,19,20,2,5,3,48,1,0,2,,,,,185,2,7,194,798
,1,AGUASCALIENTES,17,AGUASCALIENTES,1,AGUASCALIENTES,238,2,123,13,14,4,8,2,80,0,4,2,,,,,250,0,15,265,803
,1,AGUASCALIENTES,17,AGUASCALIENTES,1,AGUASCALIENTES,239,2,105,16,12,1,2,1,69,0,3,4,,,,,213,0,6,219,857
,1,AGUASCALIENTES,17,AGUASCALIENTES,1,AGUASCALIENTES,240,1,107,15,12,2,3,1,70,0,0,2,,,,,212,2,11,225,702
,1,AGUASCALIENTES,17,AGUASCALIENTES,1,AGUASCALIENTES,241,1,113,19,26,4,5,1,51,2,4,4,,,,,229,0,8,237,634
,1,AGUASCALIENTES,17,AGUASCALIENTES,1,AGUASCALIENTES,242,1,100,6,15,1,4,2,47,1,2,1,,,,,179,0,12,191,579
,1,AGUASCALIENTES,17,AGUASCALIENTES,1,AGUASCALIENTES,243,2,233,18,33,6,1,5,94,3,7,2,,,,,402,0,13,415,1233
,1,AGUASCALIENTES,17,AGUASCALIENTES,1,AGUASCALIENTES,244,2,168,23,22,4,5,4,102,1,7,7,,,,,343,0,8,351,1132
,1,AGUASCALIENTES,17,AGUASCALIENTES,1,AGUASCALIENTES,245,2,122,7,19,3,3,6,86,1,4,6,,,,,257,0,6,263,854
,1,AGUASCALIENTES,9,AGUASCALIENTES,1,AGUASCALIENTES,246,2,154,21,24,0,5,2,84,1,0,11,,,,,302,1,16,319,979
,1,AGUASCALIENTES,9,AGUASCALIENTES,1,AGUASCALIENTES,247,2,128,35,10,1,2,2,75,0,5,1,,,,,259,0,5,264,938
,1,AGUASCALIENTES,9,AGUASCALIENTES,1,AGUASCALIENTES,248,2,115,11,11,2,6,8,68,1,1,1,,,,,224,0,5,229,784
,1,AGUASCALIENTES,9,AGUASCALIENTES,1,AGUASCALIENTES,249,2,159,17,27,3,3,2,89,3,15,3,,,,,321,0,13,334,1292
,1,AGUASCALIENTES,9,AGUASCALIENTES,1,AGUASCALIENTES,250,2,112,34,18,5,0,9,65,0,7,2,,,,,252,0,2,254,869
,1,AGUASCALIENTES,9,AGUASCALIENTES,1,AGUASCALIENTES,251,2,133,17,22,7,5,5,97,1,1,3,,,,,291,1,19,311,1047
,1,AGUASCALIENTES,9,AGUASCALIENTES,1,AGUASCALIENTES,252,2,122,14,18,3,6,4,58,1,0,5,,,,,231,0,13,244,1028
,1,AGUASCALIENTES,9,AGUASCALIENTES,1,AGUASCALIENTES,253,2,121,8,21,2,2,3,64,0,2,1,,,,,224,0,7,231,893
,1,AGUASCALIENTES,9,AGUASCALIENTES,1,AGUASCALIENTES,254,2,101,8,12,3,3,8,60,3,2,2,,,,,202,0,10,212,867
,1,AGUASCALIENTES,9,AGUASCALIENTES,1,AGUASCALIENTES,255,2,93,18,18,1,4,2,57,1,2,1,,,,,197,0,7,204,829
,1,AGUASCALIENTES,9,AGUASCALIENTES,1,AGUASCALIENTES,256,2,145,24,23,0,3,2,73,2,6,1,,,,,279,0,6,285,1056
,1,AGUASCALIENTES,9,AGUASCALIENTES,1,AGUASCALIENTES,257,5,607,55,66,11,18,5,243,3,11,16,,,,,1035,0,32,1067,3604
,1,AGUASCALIENTES,9,AGUASCALIENTES,1,AGUASCALIENTES,258,2,211,14,35,3,4,3,79,4,3,2,,,,,358,0,10,368,1268
,1,AGUASCALIENTES,18,AGUASCALIENTES,1,AGUASCALIENTES,259,1,103,10,4,1,5,1,30,0,4,0,,,,,158,0,7,165,446
,1,AGUASCALIENTES,18,AGUASCALIENTES,1,AGUASCALIENTES,260,3,318,39,61,7,10,6,176,5,6,9,,,,,637,0,16,653,1989
,1,AGUASCALIENTES,9,AGUASCALIENTES,1,AGUASCALIENTES,261,2,167,27,13,1,6,3,84,2,3,5,,,,,311,0,10,321,942
,1,AGUASCALIENTES,9,AGUASCALIENTES,1,AGUASCALIENTES,262,1,105,31,14,1,5,4,42,1,6,3,,,,,212,0,13,225,564
,1,AGUASCALIENTES,9,AGUASCALIENTES,1,AGUASCALIENTES,263,2,129,15,17,2,2,5,52,3,4,4,,,,,233,0,10,243,782
,1,AGUASCALIENTES,9,AGUASCALIENTES,1,AGUASCALIENTES,264,2,149,15,20,2,3,3,51,5,8,9,,,,,265,0,4,269,923
,1,AGUASCALIENTES,9,AGUASCALIENTES,1,AGUASCALIENTES,265,2,133,15,26,1,5,1,41,0,5,0,,,,,227,0,6,233,809
,1,AGUASCALIENTES,9,AGUASCALIENTES,1,AGUASCALIENTES,266,1,134,21,13,1,3,1,55,1,2,4,,,,,235,1,8,244,719
,1,AGUASCALIENTES,9,AGUASCALIENTES,1,AGUASCALIENTES,267,2,228,24,32,3,5,10,105,1,3,5,,,,,416,0,11,427,1287
,1,AGUASCALIENTES,9,AGUASCALIENTES,1,AGUASCALIENTES,268,1,78,21,14,2,3,2,45,0,2,3,,,,,170,0,5,175,650
,1,AGUASCALIENTES,9,AGUASCALIENTES,1,AGUASCALIENTES,269,2,185,35,10,2,8,1,68,1,1,1,,,,,312,0,15,327,836
,1,AGUASCALIENTES,9,AGUASCALIENTES,1,AGUASCALIENTES,270,11,1308,111,188,19,19,25,543,9,25,29,,,,,2276,1,75,2352,7687
,1,AGUASCALIENTES,10,AGUASCALIENTES,1,AGUASCALIENTES,271,2,163,32,19,2,7,2,63,2,8,1,,,,,299,0,13,312,864
,1,AGUASCALIENTES,10,AGUASCALIENTES,1,AGUASCALIENTES,272,2,154,18,23,0,5,2,59,2,7,2,,,,,272,0,7,279,791
,1,AGUASCALIENTES,10,AGUASCALIENTES,1,AGUASCALIENTES,273,1,131,24,18,6,5,4,77,1,2,3,,,,,271,0,13,284,747
,1,AGUASCALIENTES,17,AGUASCALIENTES,1,AGUASCALIENTES,274,2,178,22,28,0,1,5,56,1,5,6,,,,,302,3,10,315,759
,1,AGUASCALIENTES,17,AGUASCALIENTES,1,AGUASCALIENTES,275,2,204,43,25,4,3,1,63,4,8,11,,,,,366,1,9,376,889
,1,AGUASCALIENTES,17,AGUASCALIENTES,1,AGUASCALIENTES,276,2,254,30,28,1,3,5,66,1,7,11,,,,,406,1,10,417,929
,1,AGUASCALIENTES,17,AGUASCALIENTES,1,AGUASCALIENTES,277,2,176,27,21,1,5,2,51,5,3,5,,,,,296,0,8,304,764
,1,AGUASCALIENTES,17,AGUASCALIENTES,1,AGUASCALIENTES,278,1,215,25,32,1,4,11,60,4,2,4,,,,,358,0,15,373,739
,1,AGUASCALIENTES,10,AGUASCALIENTES,1,AGUASCALIENTES,279,1,192,30,21,0,1,3,41,5,2,0,,,,,295,0,13,308,621
,1,AGUASCALIENTES,10,AGUASCALIENTES,1,AGUASCALIENTES,280,1,171,22,28,4,1,3,38,2,1,4,,,,,274,0,6,280,607
,1,AGUASCALIENTES,10,AGUASCALIENTES,1,AGUASCALIENTES,281,1,168,36,31,3,3,3,49,2,6,4,,,,,305,0,3,308,672
,1,AGUASCALIENTES,10,AGUASCALIENTES,1,AGUASCALIENTES,282,2,165,16,21,1,6,1,48,2,2,3,,,,,265,0,20,285,928
,1,AGUASCALIENTES,10,AGUASCALIENTES,1,AGUASCALIENTES,283,1,215,23,25,0,4,3,31,3,6,1,,,,,311,1,6,318,624
,1,AGUASCALIENTES,10,AGUASCALIENTES,1,AGUASCALIENTES,284,2,221,27,29,2,5,4,101,0,5,4,,,,,398,0,10,408,1098
,1,AGUASCALIENTES,17,AGUASCALIENTES,1,AGUASCALIENTES,285,1,178,13,23,2,1,2,63,1,4,4,,,,,291,0,10,301,639
,1,AGUASCALIENTES,17,AGUASCALIENTES,1,AGUASCALIENTES,286,1,129,10,11,1,2,4,31,4,1,11,,,,,204,0,3,207,557
,1,AGUASCALIENTES,17,AGUASCALIENTES,1,AGUASCALIENTES,287,1,106,13,7,3,0,0,53,4,1,1,,,,,188,0,10,198,576
,1,AGUASCALIENTES,17,AGUASCALIENTES,1,AGUASCALIENTES,288,2,181,23,50,1,5,3,52,4,1,4,,,,,324,0,14,338,794
,1,AGUASCALIENTES,17,AGUASCALIENTES,1,AGUASCALIENTES,289,1,144,14,52,2,2,1,53,1,3,19,,,,,291,0,8,299,725
,1,AGUASCALIENTES,17,AGUASCALIENTES,1,AGUASCALIENTES,290,1,141,13,35,3,4,1,44,2,4,1,,,,,248,0,3,251,688
,1,AGUASCALIENTES,17,AGUASCALIENTES,1,AGUASCALIENTES,291,2,248,34,39,2,8,6,109,6,5,8,,,,,465,0,25,490,1230
,1,AGUASCALIENTES,17,AGUASCALIENTES,1,AGUASCALIENTES,292,2,133,9,34,4,3,1,58,1,10,4,,,,,257,0,8,265,1024
,1,AGUASCALIENTES,10,AGUASCALIENTES,1,AGUASCALIENTES,293,2,164,47,31,2,4,2,65,1,3,6,,,,,325,1,11,337,899
,1,AGUASCALIENTES,17,AGUASCALIENTES,1,AGUASCALIENTES,294,2,142,12,31,2,3,4,70,0,2,6,,,,,272,0,9,281,990
,1,AGUASCALIENTES,17,AGUASCALIENTES,1,AGUASCALIENTES,295,2,196,36,55,5,10,6,100,3,5,1,,,,,417,1,24,442,1159
,1,AGUASCALIENTES,17,AGUASCALIENTES,1,AGUASCALIENTES,296,2,169,22,39,3,5,2,94,1,4,6,,,,,345,1,15,361,984
,1,AGUASCALIENTES,17,AGUASCALIENTES,1,AGUASCALIENTES,297,2,168,16,39,0,3,1,72,1,4,2,,,,,306,0,4,310,839
,1,AGUASCALIENTES,17,AGUASCALIENTES,1,AGUASCALIENTES,298,2,193,25,30,4,6,4,107,3,4,3,,,,,379,0,14,393,1187
,1,AGUASCALIENTES,17,AGUASCALIENTES,1,AGUASCALIENTES,299,2,214,16,29,2,3,1,80,1,6,17,,,,,369,0,20,389,1170
,1,AGUASCALIENTES,10,AGUASCALIENTES,1,AGUASCALIENTES,300,2,163,25,25,0,4,1,109,0,4,8,,,,,339,1,9,349,966
,1,AGUASCALIENTES,10,AGUASCALIENTES,1,AGUASCALIENTES,301,7,1064,95,154,8,15,15,405,25,34,40,,,,,1855,1,35,1891,4524
,1,AGUASCALIENTES,10,AGUASCALIENTES,1,AGUASCALIENTES,302,3,343,33,56,1,7,5,111,4,5,13,,,,,578,0,16,594,1822
,1,AGUASCALIENTES,10,AGUASCALIENTES,1,AGUASCALIENTES,303,3,338,22,75,5,12,3,138,2,11,12,,,,,618,0,16,634,1733
,1,AGUASCALIENTES,10,AGUASCALIENTES,1,AGUASCALIENTES,304,2,236,36,28,2,4,0,73,2,1,1,,,,,383,0,13,396,1190
,1,AGUASCALIENTES,10,AGUASCALIENTES,1,AGUASCALIENTES,305,2,224,21,22,3,3,4,75,2,5,6,,,,,365,0,13,378,1099
,1,AGUASCALIENTES,10,AGUASCALIENTES,1,AGUASCALIENTES,306,2,213,30,35,2,3,2,104,1,6,3,,,,,399,0,20,419,1069
,1,AGUASCALIENTES,10,AGUASCALIENTES,1,AGUASCALIENTES,307,2,223,35,63,6,6,4,137,5,7,9,,,,,495,0,16,511,1210
,1,AGUASCALIENTES,10,AGUASCALIENTES,1,AGUASCALIENTES,308,2,179,19,32,0,1,2,88,2,6,17,,,,,346,0,6,352,944
,1,AGUASCALIENTES,10,AGUASCALIENTES,1,AGUASCALIENTES,309,2,214,32,27,2,3,7,79,1,5,3,,,,,373,0,13,386,1034
,1,AGUASCALIENTES,9,AGUASCALIENTES,1,AGUASCALIENTES,310,2,232,40,44,5,3,2,93,6,1,11,,,,,437,1,4,442,1085
,1,AGUASCALIENTES,9,AGUASCALIENTES,1,AGUASCALIENTES,311,2,217,59,53,3,7,3,104,2,3,18,,,,,469,1,13,483,1094
,1,AGUASCALIENTES,9,AGUASCALIENTES,1,AGUASCALIENTES,312,2,248,49,42,2,0,4,114,2,5,13,,,,,479,0,11,490,1197
,1,AGUASCALIENTES,9,AGUASCALIENTES,1,AGUASCALIENTES,313,2,170,39,89,2,6,7,82,1,10,19,,,,,425,0,23,448,1264
,1,AGUASCALIENTES,9,AGUASCALIENTES,1,AGUASCALIENTES,314,2,217,35,20,1,3,5,67,0,2,6,,,,,356,0,7,363,1151
,1,AGUASCALIENTES,18,AGUASCALIENTES,1,AGUASCALIENTES,315,6,556,114,66,24,150,14,413,3,16,19,,,,,1375,1,78,1454,3771
,1,AGUASCALIENTES,12,AGUASCALIENTES,1,AGUASCALIENTES,316,4,345,78,41,2,16,3,411,1,8,14,,,,,919,0,35,954,2675
,1,AGUASCALIENTES,12,AGUASCALIENTES,1,AGUASCALIENTES,317,4,538,76,17,15,12,12,349,4,22,27,,,,,1072,0,27,1099,2591
,1,AGUASCALIENTES,12,AGUASCALIENTES,1,AGUASCALIENTES,318,25,2015,197,303,21,79,43,944,14,135,32,,,,,3783,2,115,3900,17487
,1,AGUASCALIENTES,6,AGUASCALIENTES,1,AGUASCALIENTES,320,7,978,95,55,7,18,19,178,27,9,12,,,,,1398,1,23,1422,4684
,1,AGUASCALIENTES,10,AGUASCALIENTES,1,AGUASCALIENTES,321,2,323,51,15,6,6,6,94,3,6,3,,,,,513,0,20,533,1475
,1,AGUASCALIENTES,10,AGUASCALIENTES,1,AGUASCALIENTES,322,11,1370,145,206,15,24,24,559,8,25,20,,,,,2396,4,61,2461,7637
,1,AGUASCALIENTES,18,AGUASCALIENTES,1,AGUASCALIENTES,323,8,813,99,72,11,44,18,378,5,16,8,,,,,1464,2,58,1524,5239
,1,AGUASCALIENTES,18,AGUASCALIENTES,1,AGUASCALIENTES,324,3,303,57,17,6,31,2,146,3,1,6,,,,,572,0,31,603,1916
,1,AGUASCALIENTES,18,AGUASCALIENTES,1,AGUASCALIENTES,325,26,2327,250,375,31,104,43,1213,16,75,58,,,,,4492,0,108,4600,18805
,1,AGUASCALIENTES,9,AGUASCALIENTES,1,AGUASCALIENTES,326,8,1236,115,203,13,16,23,466,16,22,36,,,,,2146,0,32,2178,5939
,1,AGUASCALIENTES,10,AGUASCALIENTES,1,AGUASCALIENTES,327,8,1105,117,101,10,14,18,254,11,19,21,,,,,1670,1,38,1709,4685
,1,AGUASCALIENTES,10,AGUASCALIENTES,1,AGUASCALIENTES,328,2,286,52,11,3,10,11,125,2,1,2,,,,,503,0,18,521,1472
,1,AGUASCALIENTES,9,AGUASCALIENTES,1,AGUASCALIENTES,329,2,132,68,12,1,11,2,85,1,3,2,,,,,317,0,15,332,1014
,1,AGUASCALIENTES,9,AGUASCALIENTES,1,AGUASCALIENTES,330,4,363,116,18,6,14,6,154,1,2,25,,,,,705,0,26,731,2549
,1,AGUASCALIENTES,9,AGUASCALIENTES,1,AGUASCALIENTES,331,6,532,112,85,6,10,21,219,3,6,19,,,,,1013,1,39,1053,3483
,1,AGUASCALIENTES,18,AGUASCALIENTES,1,AGUASCALIENTES,332,4,305,53,34,6,21,8,191,1,3,3,,,,,625,1,18,644,2455
,1,AGUASCALIENTES,9,AGUASCALIENTES,1,AGUASCALIENTES,333,4,406,92,16,7,11,13,228,3,7,5,,,,,788,0,30,818,2155
,1,AGUASCALIENTES,9,AGUASCALIENTES,1,AGUASCALIENTES,334,3,329,46,4,9,64,8,141,2,4,11,,,,,618,0,19,637,1876
,1,AGUASCALIENTES,9,AGUASCALIENTES,1,AGUASCALIENTES,335,1,136,35,3,2,4,0,84,0,1,10,,,,,275,0,7,282,750
,1,AGUASCALIENTES,9,AGUASCALIENTES,1,AGUASCALIENTES,336,2,137,73,6,6,5,4,159,2,6,27,,,,,425,0,16,441,1204
,1,AGUASCALIENTES,9,AGUASCALIENTES,1,AGUASCALIENTES,337,2,159,56,2,5,25,2,128,0,4,24,,,,,405,1,17,423,1234
,1,AGUASCALIENTES,13,AGUASCALIENTES,1,AGUASCALIENTES,489,2,121,18,21,1,2,5,41,3,5,1,,,,,218,0,12,230,797
,1,AGUASCALIENTES,13,AGUASCALIENTES,1,AGUASCALIENTES,490,1,85,17,20,0,2,6,77,0,3,1,,,,,211,0,1,212,715
,1,AGUASCALIENTES,13,AGUASCALIENTES,1,AGUASCALIENTES,491,2,94,15,15,0,5,5,64,1,5,0,,,,,204,0,11,215,784
,1,AGUASCALIENTES,13,AGUASCALIENTES,1,AGUASCALIENTES,492,2,121,7,18,2,9,0,48,2,7,4,,,,,218,0,16,234,891
,1,AGUASCALIENTES,12,AGUASCALIENTES,1,AGUASCALIENTES,493,2,215,25,11,0,4,6,63,2,1,2,,,,,329,0,26,355,1334
,1,AGUASCALIENTES,12,AGUASCALIENTES,1,AGUASCALIENTES,494,2,157,21,11,2,7,11,78,1,1,4,,,,,293,0,3,296,846
,1,AGUASCALIENTES,12,AGUASCALIENTES,1,AGUASCALIENTES,495,2,155,17,16,0,5,3,97,1,2,2,,,,,298,0,7,305,1056
,1,AGUASCALIENTES,12,AGUASCALIENTES,1,AGUASCALIENTES,496,3,212,25,47,2,4,3,150,3,8,5,,,,,459,0,9,468,1789
,1,AGUASCALIENTES,12,AGUASCALIENTES,1,AGUASCALIENTES,497,1,123,6,22,2,1,3,62,2,1,1,,,,,223,0,7,230,686
,1,AGUASCALIENTES,13,AGUASCALIENTES,1,AGUASCALIENTES,498,2,143,10,13,3,2,6,51,0,1,6,,,,,235,0,3,238,896
,1,AGUASCALIENTES,13,AGUASCALIENTES,1,AGUASCALIENTES,499,2,146,22,7,2,3,3,59,0,2,0,,,,,244,0,11,255,921
,1,AGUASCALIENTES,13,AGUASCALIENTES,1,AGUASCALIENTES,500,2,116,20,10,4,7,1,65,1,4,1,,,,,229,0,9,238,870
,1,AGUASCALIENTES,13,AGUASCALIENTES,1,AGUASCALIENTES,501,2,158,14,18,2,11,1,74,0,2,1,,,,,281,0,15,296,1030
,1,AGUASCALIENTES,13,AGUASCALIENTES,1,AGUASCALIENTES,502,2,124,14,22,2,3,3,66,1,3,2,,,,,240,0,14,254,813
,1,AGUASCALIENTES,13,AGUASCALIENTES,1,AGUASCALIENTES,503,1,128,14,21,2,3,4,60,2,4,1,,,,,239,0,9,248,670
,1,AGUASCALIENTES,13,AGUASCALIENTES,1,AGUASCALIENTES,504,2,134,15,33,2,16,1,69,2,5,6,,,,,283,0,13,296,929
,1,AGUASCALIENTES,13,AGUASCALIENTES,1,AGUASCALIENTES,505,2,131,21,20,4,4,4,74,1,5,5,,,,,269,0,16,285,833
,1,AGUASCALIENTES,13,AGUASCALIENTES,1,AGUASCALIENTES,506,2,164,14,14,2,3,1,70,1,2,2,,,,,273,0,9,282,840
,1,AGUASCALIENTES,13,AGUASCALIENTES,1,AGUASCALIENTES,507,2,169,28,18,1,5,1,58,5,2,2,,,,,289,0,14,303,828
,1,AGUASCALIENTES,16,AGUASCALIENTES,1,AGUASCALIENTES,508,2,122,26,18,1,2,1,78,0,2,1,,,,,251,1,8,260,895
,1,AGUASCALIENTES,16,AGUASCALIENTES,1,AGUASCALIENTES,509,3,233,39,21,2,5,0,99,1,3,2,,,,,405,0,19,424,1846
,1,AGUASCALIENTES,16,AGUASCALIENTES,1,AGUASCALIENTES,510,2,133,16,6,2,4,1,58,0,5,2,,,,,227,0,7,234,768
,1,AGUASCALIENTES,13,AGUASCALIENTES,1,AGUASCALIENTES,511,2,121,13,12,2,3,2,80,0,5,7,,,,,245,0,2,247,795
,1,AGUASCALIENTES,16,AGUASCALIENTES,1,AGUASCALIENTES,512,1,95,8,7,1,3,1,37,0,1,0,,,,,153,0,4,157,549
,1,AGUASCALIENTES,16,AGUASCALIENTES,1,AGUASCALIENTES,513,1,73,9,20,1,6,3,45,0,0,1,,,,,158,0,8,166,481
,1,AGUASCALIENTES,14,AGUASCALIENTES,1,AGUASCALIENTES,514,1,106,12,30,3,1,8,69,0,4,1,,,,,234,0,10,244,688
,1,AGUASCALIENTES,14,AGUASCALIENTES,1,AGUASCALIENTES,515,2,127,27,28,7,4,1,69,1,3,5,,,,,272,1,7,280,844
,1,AGUASCALIENTES,15,AGUASCALIENTES,1,AGUASCALIENTES,516,2,93,16,78,0,3,5,74,2,1,2,,,,,274,0,8,282,863
,1,AGUASCALIENTES,14,AGUASCALIENTES,1,AGUASCALIENTES,517,1,109,27,34,2,6,8,97,1,7,5,,,,,296,0,6,302,742
,1,AGUASCALIENTES,14,AGUASCALIENTES,1,AGUASCALIENTES,518,1,128,30,17,6,5,5,85,0,1,3,,,,,280,1,12,293,718
,1,AGUASCALIENTES,14,AGUASCALIENTES,1,AGUASCALIENTES,519,1,76,10,25,1,7,2,85,3,4,8,,,,,221,0,6,227,588
,1,AGUASCALIENTES,14,AGUASCALIENTES,1,AGUASCALIENTES,520,2,106,13,34,3,5,1,97,7,8,10,,,,,284,0,7,291,772
,1,AGUASCALIENTES,14,AGUASCALIENTES,1,AGUASCALIENTES,521,1,95,17,22,1,4,2,54,2,4,1,,,,,202,0,6,208,731
,1,AGUASCALIENTES,15,AGUASCALIENTES,1,AGUASCALIENTES,522,2,123,30,45,1,6,3,65,2,2,2,,,,,279,0,12,291,881
,1,AGUASCALIENTES,15,AGUASCALIENTES,1,AGUASCALIENTES,523,2,109,8,10,3,4,1,75,3,6,3,,,,,222,0,17,239,866
,1,AGUASCALIENTES,15,AGUASCALIENTES,1,AGUASCALIENTES,524,2,100,8,29,3,9,1,82,3,4,2,,,,,241,0,20,261,984
,1,AGUASCALIENTES,15,AGUASCALIENTES,1,AGUASCALIENTES,525,2,114,10,41,6,6,5,81,3,1,5,,,,,272,0,16,288,928
,1,AGUASCALIENTES,14,AGUASCALIENTES,1,AGUASCALIENTES,526,2,117,16,37,2,1,1,90,2,2,2,,,,,270,0,7,277,816
,1,AGUASCALIENTES,14,AGUASCALIENTES,1,AGUASCALIENTES,527,2,110,20,26,3,4,1,76,2,3,4,,,,,249,0,5,254,822
,1,AGUASCALIENTES,14,AGUASCALIENTES,1,AGUASCALIENTES,528,2,106,31,26,2,8,3,64,1,2,3,,,,,246,1,5,252,839
,1,AGUASCALIENTES,15,AGUASCALIENTES,1,AGUASCALIENTES,529,2,110,23,61,4,8,3,82,0,0,1,,,,,292,0,9,301,875
,1,AGUASCALIENTES,15,AGUASCALIENTES,1,AGUASCALIENTES,530,3,247,19,91,2,10,4,131,2,11,9,,,,,526,0,20,546,2030
,1,AGUASCALIENTES,15,AGUASCALIENTES,1,AGUASCALIENTES,531,2,125,20,60,0,6,1,94,0,3,2,,,,,311,1,11,323,957
,1,AGUASCALIENTES,15,AGUASCALIENTES,1,AGUASCALIENTES,532,2,116,14,38,1,7,1,88,1,7,4,,,,,277,0,11,288,937
,1,AGUASCALIENTES,15,AGUASCALIENTES,1,AGUASCALIENTES,533,2,89,17,49,1,8,2,82,1,2,2,,,,,253,0,9,262,949
,1,AGUASCALIENTES,18,AGUASCALIENTES,1,AGUASCALIENTES,534,2,109,19,20,7,5,4,109,2,4,6,,,,,285,0,8,293,1008
,1,AGUASCALIENTES,18,AGUASCALIENTES,1,AGUASCALIENTES,535,2,120,12,36,2,3,4,68,0,2,5,,,,,252,0,14,266,1020
,1,AGUASCALIENTES,18,AGUASCALIENTES,1,AGUASCALIENTES,536,2,126,16,58,4,6,2,88,2,0,6,,,,,308,0,10,318,1202
,1,AGUASCALIENTES,18,AGUASCALIENTES,1,AGUASCALIENTES,537,2,130,16,15,3,7,1,86,1,4,0,,,,,263,0,7,270,1034
,1,AGUASCALIENTES,18,AGUASCALIENTES,1,AGUASCALIENTES,538,1,95,20,19,2,8,3,85,3,3,5,,,,,243,0,11,254,708
,1,AGUASCALIENTES,18,AGUASCALIENTES,1,AGUASCALIENTES,539,2,61,16,28,3,3,8,76,2,4,2,,,,,203,0,9,212,809
,1,AGUASCALIENTES,18,AGUASCALIENTES,1,AGUASCALIENTES,540,2,72,30,16,2,4,1,67,2,3,0,,,,,197,0,12,209,884
,1,AGUASCALIENTES,18,AGUASCALIENTES,1,AGUASCALIENTES,541,2,94,16,17,0,4,2,68,0,1,1,,,,,203,0,4,207,766
,1,AGUASCALIENTES,18,AGUASCALIENTES,1,AGUASCALIENTES,542,2,122,23,20,1,10,5,91,1,3,1,,,,,277,0,3,280,915
,1,AGUASCALIENTES,18,AGUASCALIENTES,1,AGUASCALIENTES,543,2,127,24,11,2,6,5,68,1,4,4,,,,,252,0,6,258,931
,1,AGUASCALIENTES,18,AGUASCALIENTES,1,AGUASCALIENTES,544,2,112,13,17,7,1,1,97,2,2,3,,,,,255,0,6,261,912
,1,AGUASCALIENTES,18,AGUASCALIENTES,1,AGUASCALIENTES,545,2,135,14,15,3,5,7,58,2,3,5,,,,,247,0,6,253,1034
,1,AGUASCALIENTES,18,AGUASCALIENTES,1,AGUASCALIENTES,546,2,134,22,29,1,5,2,104,2,1,5,,,,,305,1,10,316,1227
,1,AGUASCALIENTES,18,AGUASCALIENTES,1,AGUASCALIENTES,547,2,158,21,24,0,11,2,116,2,6,6,,,,,346,0,22,368,1188
,1,AGUASCALIENTES,16,AGUASCALIENTES,1,AGUASCALIENTES,548,2,128,25,18,4,6,1,80,1,4,1,,,,,268,0,16,284,865
,1,AGUASCALIENTES,16,AGUASCALIENTES,1,AGUASCALIENTES,549,3,301,40,78,6,7,12,244,14,13,18,,,,,733,0,16,749,2136
,1,AGUASCALIENTES,16,AGUASCALIENTES,1,AGUASCALIENTES,550,1,108,24,31,3,1,1,102,3,9,3,,,,,285,1,4,290,716
,1,AGUASCALIENTES,16,AGUASCALIENTES,1,AGUASCALIENTES,551,2,110,32,21,3,3,4,78,2,1,3,,,,,257,0,8,265,796
,1,AGUASCALIENTES,16,AGUASCALIENTES,1,AGUASCALIENTES,552,1,99,12,36,0,4,1,89,1,5,3,,,,,250,0,5,255,690
,1,AGUASCALIENTES,16,AGUASCALIENTES,1,AGUASCALIENTES,553,2,119,20,33,1,1,2,79,1,5,5,,,,,266,0,3,269,792
,1,AGUASCALIENTES,16,AGUASCALIENTES,1,AGUASCALIENTES,554,2,102,19,30,8,7,2,100,0,3,7,,,,,278,0,8,286,817
,1,AGUASCALIENTES,16,AGUASCALIENTES,1,AGUASCALIENTES,555,7,467,62,159,6,14,10,402,9,19,12,,,,,1160,1,20,1181,4819
,1,AGUASCALIENTES,16,AGUASCALIENTES,1,AGUASCALIENTES,556,2,106,13,24,3,3,3,82,0,4,4,,,,,242,0,7,249,779
,1,AGUASCALIENTES,16,AGUASCALIENTES,1,AGUASCALIENTES,557,2,99,18,25,2,4,2,75,1,2,6,,,,,234,0,5,239,780
,1,AGUASCALIENTES,15,AGUASCALIENTES,1,AGUASCALIENTES,558,2,113,12,49,6,6,1,106,3,5,4,,,,,305,0,10,315,806
,1,AGUASCALIENTES,15,AGUASCALIENTES,1,AGUASCALIENTES,559,1,122,18,45,1,6,0,102,0,3,3,,,,,300,0,14,314,744
,1,AGUASCALIENTES,16,AGUASCALIENTES,1,AGUASCALIENTES,560,2,131,14,44,0,4,3,107,0,5,6,,,,,314,0,8,322,1007
,1,AGUASCALIENTES,15,AGUASCALIENTES,1,AGUASCALIENTES,561,1,60,6,16,0,1,2,49,0,1,3,,,,,138,0,2,140,375
,1,AGUASCALIENTES,15,AGUASCALIENTES,1,AGUASCALIENTES,562,2,104,23,30,2,3,2,83,3,3,4,,,,,257,0,5,262,875
,1,AGUASCALIENTES,15,AGUASCALIENTES,1,AGUASCALIENTES,563,2,124,17,33,2,8,1,79,2,2,1,,,,,269,0,14,283,853
,1,AGUASCALIENTES,15,AGUASCALIENTES,1,AGUASCALIENTES,564,2,97,16,25,3,6,1,98,0,2,7,,,,,255,0,13,268,869
,1,AGUASCALIENTES,15,AGUASCALIENTES,1,AGUASCALIENTES,565,1,76,12,36,6,4,0,69,1,2,3,,,,,209,0,9,218,712
,1,AGUASCALIENTES,15,AGUASCALIENTES,1,AGUASCALIENTES,566,2,93,10,35,4,4,10,80,0,3,8,,,,,247,0,8,255,786
,1,AGUASCALIENTES,15,AGUASCALIENTES,1,AGUASCALIENTES,567,2,115,15,27,3,6,0,99,3,4,3,,,,,275,0,13,288,840
,1,AGUASCALIENTES,15,AGUASCALIENTES,1,AGUASCALIENTES,568,1,82,20,19,4,8,0,102,2,5,7,,,,,249,0,5,254,666
,1,AGUASCALIENTES,15,AGUASCALIENTES,1,AGUASCALIENTES,569,2,86,17,19,1,7,4,92,0,0,21,,,,,247,0,8,255,771
,1,AGUASCALIENTES,15,AGUASCALIENTES,1,AGUASCALIENTES,570,1,63,13,16,1,3,1,88,2,1,1,,,,,189,0,5,194,636
,1,AGUASCALIENTES,15,AGUASCALIENTES,1,AGUASCALIENTES,571,1,85,13,8,2,7,1,50,2,0,11,,,,,179,0,5,184,592
,1,AGUASCALIENTES,16,AGUASCALIENTES,1,AGUASCALIENTES,572,9,661,116,177,28,22,14,632,8,24,20,,,,,1702,1,34,1737,6645
,1,AGUASCALIENTES,16,AGUASCALIENTES,1,AGUASCALIENTES,573,2,198,36,19,1,6,2,68,0,9,1,,,,,340,0,11,351,1096
,1,AGUASCALIENTES,12,AGUASCALIENTES,1,AGUASCALIENTES,574,2,194,30,8,4,8,2,54,2,4,6,,,,,312,0,12,324,1041
,1,AGUASCALIENTES,12,AGUASCALIENTES,1,AGUASCALIENTES,575,2,152,27,28,9,5,8,34,1,21,0,,,,,285,0,16,301,1245
,1,AGUASCALIENTES,16,AGUASCALIENTES,1,AGUASCALIENTES,576,2,163,42,4,4,6,3,65,0,0,2,,,,,289,0,15,304,883
,1,AGUASCALIENTES,16,AGUASCALIENTES,1,AGUASCALIENTES,577,2,102,25,30,9,5,8,89,0,0,2,,,,,270,0,18,288,1066
,1,AGUASCALIENTES,16,AGUASCALIENTES,1,AGUASCALIENTES,578,2,157,15,22,1,3,2,70,1,1,5,,,,,277,0,10,287,844
,1,AGUASCALIENTES,16,AGUASCALIENTES,1,AGUASCALIENTES,579,1,97,10,15,0,2,5,43,0,2,1,,,,,175,0,6,181,685
,1,AGUASCALIENTES,16,AGUASCALIENTES,1,AGUASCALIENTES,580,2,111,19,20,1,7,1,77,3,2,1,,,,,242,0,14,256,894
,1,AGUASCALIENTES,16,AGUASCALIENTES,1,AGUASCALIENTES,581,2,163,14,13,3,8,2,88,2,1,2,,,,,296,0,9,305,833
,1,AGUASCALIENTES,16,AGUASCALIENTES,1,AGUASCALIENTES,582,2,133,16,24,8,6,3,77,4,5,8,,,,,284,0,10,294,899
,1,AGUASCALIENTES,16,AGUASCALIENTES,1,AGUASCALIENTES,583,2,144,11,38,2,8,4,63,0,1,4,,,,,275,1,8,284,952
,1,AGUASCALIENTES,16,AGUASCALIENTES,1,AGUASCALIENTES,584,2,113,13,30,1,2,1,64,3,1,8,,,,,236,0,14,250,838
,1,AGUASCALIENTES,16,AGUASCALIENTES,1,AGUASCALIENTES,585,2,102,19,22,2,5,4,52,1,2,2,,,,,211,0,7,218,887
,1,AGUASCALIENTES,16,AGUASCALIENTES,1,AGUASCALIENTES,586,2,179,9,10,2,1,3,74,2,5,0,,,,,285,0,10,295,916
,1,AGUASCALIENTES,16,AGUASCALIENTES,1,AGUASCALIENTES,587,2,152,12,23,5,6,5,89,3,2,1,,,,,298,0,16,314,1029
,1,AGUASCALIENTES,16,AGUASCALIENTES,1,AGUASCALIENTES,588,2,135,18,22,1,7,3,70,5,2,2,,,,,265,1,13,279,1092
,1,AGUASCALIENTES,16,AGUASCALIENTES,1,AGUASCALIENTES,589,13,1041,98,174,14,21,10,556,16,14,16,,,,,1960,0,59,2019,8966
,1,AGUASCALIENTES,16,AGUASCALIENTES,1,AGUASCALIENTES,590,2,98,19,24,3,4,7,104,4,4,3,,,,,270,0,8,278,861
,1,AGUASCALIENTES,16,AGUASCALIENTES,1,AGUASCALIENTES,591,1,74,15,12,2,2,0,60,0,1,0,,,,,166,0,5,171,596
,1,AGUASCALIENTES,16,AGUASCALIENTES,1,AGUASCALIENTES,592,1,72,24,30,1,0,2,73,2,4,1,,,,,209,0,5,214,616
,1,AGUASCALIENTES,16,AGUASCALIENTES,1,AGUASCALIENTES,593,1,56,7,16,0,0,0,44,0,2,1,,,,,126,0,7,133,511
,1,AGUASCALIENTES,5,AGUASCALIENTES,1,AGUASCALIENTES,594,5,290,20,85,2,14,3,179,3,2,4,,,,,602,0,8,610,3279
,1,AGUASCALIENTES,5,AGUASCALIENTES,1,AGUASCALIENTES,595,2,222,17,50,2,5,1,111,4,12,1,,,,,425,0,9,434,1393
,1,AGUASCALIENTES,5,AGUASCALIENTES,1,AGUASCALIENTES,596,3,275,29,41,4,13,7,139,3,10,3,,,,,524,0,8,532,1842
,1,AGUASCALIENTES,12,AGUASCALIENTES,1,AGUASCALIENTES,597,2,180,26,33,1,7,5,84,1,5,2,,,,,344,2,13,359,1307
,1,AGUASCALIENTES,5,AGUASCALIENTES,1,AGUASCALIENTES,598,3,185,42,30,8,6,2,144,2,6,4,,,,,429,2,13,444,1527
,1,AGUASCALIENTES,5,AGUASCALIENTES,1,AGUASCALIENTES,599,2,180,18,34,2,7,6,117,1,4,11,,,,,380,0,6,386,980
,1,AGUASCALIENTES,5,AGUASCALIENTES,1,AGUASCALIENTES,600,2,153,12,29,1,2,4,76,2,2,1,,,,,282,0,6,288,869
,1,AGUASCALIENTES,5,AGUASCALIENTES,1,AGUASCALIENTES,601,3,203,14,47,3,4,4,126,3,7,1,,,,,412,0,16,428,1926
,1,AGUASCALIENTES,12,AGUASCALIENTES,1,AGUASCALIENTES,602,3,220,11,42,4,7,4,106,2,4,2,,,,,402,0,6,408,1698
,1,AGUASCALIENTES,5,AGUASCALIENTES,1,AGUASCALIENTES,603,2,192,13,34,2,6,3,74,0,6,0,,,,,330,0,9,339,1390
,1,AGUASCALIENTES,12,AGUASCALIENTES,1,AGUASCALIENTES,604,2,129,7,22,1,4,2,69,1,1,2,,,,,238,0,5,243,1025
,1,AGUASCALIENTES,5,AGUASCALIENTES,1,AGUASCALIENTES,605,1,161,19,18,3,2,8,63,1,2,4,,,,,281,0,11,292,736
,1,AGUASCALIENTES,5,AGUASCALIENTES,1,AGUASCALIENTES,606,2,171,24,27,1,1,4,78,0,5,5,,,,,316,0,8,324,1122
,1,AGUASCALIENTES,5,AGUASCALIENTES,1,AGUASCALIENTES,607,1,136,13,32,1,4,2,81,1,6,7,,,,,283,0,1,284,739
,1,AGUASCALIENTES,2,EL LLANO,2,ASIENTOS,338,3,349,209,0,32,47,15,297,,5,12,,,,,966,0,22,988,1791
,1,AGUASCALIENTES,2,EL LLANO,2,ASIENTOS,339,3,441,170,1,25,42,26,281,,13,7,,,,,1006,1,21,1028,1699
,1,AGUASCALIENTES,2,EL LLANO,2,ASIENTOS,340,3,408,310,1,4,5,21,373,,9,13,,,,,1144,0,11,1155,1736
,1,AGUASCALIENTES,2,EL LLANO,2,ASIENTOS,341,3,624,196,4,11,5,117,475,,11,23,,,,,1466,0,24,1490,2052
,1,AGUASCALIENTES,2,EL LLANO,2,ASIENTOS,342,3,346,264,4,11,4,8,487,,3,14,,,,,1141,0,17,1158,1540
,1,AGUASCALIENTES,2,EL LLANO,2,ASIENTOS,343,5,788,233,7,13,13,19,953,,30,21,,,,,2077,1,39,2117,3033
,1,AGUASCALIENTES,2,EL LLANO,2,ASIENTOS,344,4,443,308,6,25,18,36,760,,17,37,,,,,1650,1,56,1707,2564
,1,AGUASCALIENTES,2,EL LLANO,2,ASIENTOS,345,3,393,283,44,10,9,6,471,,21,24,,,,,1261,0,47,1308,2226
,1,AGUASCALIENTES,2,EL LLANO,2,ASIENTOS,346,3,319,163,3,9,8,9,580,,60,28,,,,,1179,0,21,1200,1845
,1,AGUASCALIENTES,2,EL LLANO,2,ASIENTOS,347,4,537,189,7,9,10,7,963,,29,23,,,,,1774,0,50,1824,2565
,1,AGUASCALIENTES,2,EL LLANO,2,ASIENTOS,348,3,287,214,27,8,4,6,416,,62,44,,,,,1068,0,23,1091,1706
,1,AGUASCALIENTES,2,EL LLANO,2,ASIENTOS,349,4,529,149,21,15,7,11,571,,55,64,,,,,1422,2,37,1461,2467
,1,AGUASCALIENTES,2,EL LLANO,2,ASIENTOS,350,4,371,167,14,13,13,15,741,,21,24,,,,,1379,2,47,1428,2542
,1,AGUASCALIENTES,2,EL LLANO,2,ASIENTOS,351,2,232,143,7,8,13,8,456,,3,11,,,,,881,0,35,916,1423
,1,AGUASCALIENTES,2,EL LLANO,2,ASIENTOS,352,4,318,310,30,16,8,6,648,,16,26,,,,,1378,0,36,1414,2359
,1,AGUASCALIENTES,2,EL LLANO,2,ASIENTOS,353,3,203,201,1,2,3,6,676,,1,13,,,,,1106,1,15,1122,1511
,1,AGUASCALIENTES,2,EL LLANO,2,ASIENTOS,354,2,260,178,1,3,2,5,437,,6,12,,,,,904,0,18,922,1440
,1,AGUASCALIENTES,8,CALVILLO,3,CALVILLO,355,3,288,23,10,8,11,,96,,183,52,,,,,671,1,31,703,1521
,1,AGUASCALIENTES,8,CALVILLO,3,CALVILLO,356,4,475,42,15,20,27,,135,,455,64,,,,,1233,1,51,1285,2685
,1,AGUASCALIENTES,8,CALVILLO,3,CALVILLO,357,3,319,36,11,10,24,,82,,189,40,,,,,711,1,21,733,1700
,1,AGUASCALIENTES,8,CALVILLO,3,CALVILLO,358,5,681,70,27,20,34,,189,,358,71,,,,,1450,0,83,1533,3495
,1,AGUASCALIENTES,8,CALVILLO,3,CALVILLO,359,2,175,33,13,12,9,,60,,133,25,,,,,460,0,12,472,1085
,1,AGUASCALIENTES,8,CALVILLO,3,CALVILLO,360,2,134,15,9,4,12,,39,,109,14,,,,,336,0,11,347,807
,1,AGUASCALIENTES,8,CALVILLO,3,CALVILLO,361,3,331,39,12,10,25,,96,,298,40,,,,,851,1,36,888,1881
,1,AGUASCALIENTES,8,CALVILLO,3,CALVILLO,362,5,501,37,32,15,29,,147,,346,58,,,,,1165,3,47,1215,2289
,1,AGUASCALIENTES,8,CALVILLO,3,CALVILLO,363,3,413,33,18,11,28,,132,,287,34,,,,,956,0,39,995,1953
,1,AGUASCALIENTES,8,CALVILLO,3,CALVILLO,364,1,155,16,1,12,4,,25,,23,7,,,,,243,0,8,251,655
,1,AGUASCALIENTES,8,CALVILLO,3,CALVILLO,365,1,51,2,2,3,15,,43,,28,13,,,,,157,1,1,159,362
,1,AGUASCALIENTES,8,CALVILLO,3,CALVILLO,366,1,147,13,5,6,12,,66,,28,12,,,,,289,0,6,295,701
,1,AGUASCALIENTES,8,CALVILLO,3,CALVILLO,367,3,364,46,8,25,17,,172,,133,44,,,,,809,0,46,855,1763
,1,AGUASCALIENTES,8,CALVILLO,3,CALVILLO,369,1,53,6,4,1,4,,52,,41,16,,,,,177,1,10,188,443
,1,AGUASCALIENTES,8,CALVILLO,3,CALVILLO,370,2,228,25,10,7,16,,166,,173,28,,,,,653,0,38,691,1397
,1,AGUASCALIENTES,8,CALVILLO,3,CALVILLO,371,2,173,14,10,12,11,,73,,65,16,,,,,374,0,28,402,1090
,1,AGUASCALIENTES,8,CALVILLO,3,CALVILLO,372,2,236,7,4,9,16,,68,,102,22,,,,,464,0,21,485,1103
,1,AGUASCALIENTES,8,CALVILLO,3,CALVILLO,373,2,306,30,9,15,17,,80,,225,19,,,,,701,2,26,729,1419
,1,AGUASCALIENTES,8,CALVILLO,3,CALVILLO,374,2,180,29,9,11,17,,107,,91,30,,,,,474,1,27,502,1123
,1,AGUASCALIENTES,8,CALVILLO,3,CALVILLO,375,3,280,22,13,18,36,,151,,174,50,,,,,744,2,54,800,1930
,1,AGUASCALIENTES,8,CALVILLO,3,CALVILLO,376,3,371,27,9,26,42,,190,,136,24,,,,,825,2,57,884,2139
,1,AGUASCALIENTES,8,CALVILLO,3,CALVILLO,377,3,202,19,9,12,21,,172,,123,19,,,,,577,0,50,627,1559
,1,AGUASCALIENTES,8,CALVILLO,3,CALVILLO,378,1,62,6,2,5,7,,28,,21,4,,,,,135,0,13,148,385
,1,AGUASCALIENTES,8,CALVILLO,3,CALVILLO,379,3,274,7,8,11,17,,148,,123,29,,,,,617,0,35,652,1512
,1,AGUASCALIENTES,8,CALVILLO,3,CALVILLO,380,3,466,20,14,26,30,,145,,143,24,,,,,868,0,48,916,1964
,1,AGUASCALIENTES,8,CALVILLO,3,CALVILLO,381,2,212,22,7,11,14,,93,,115,19,,,,,493,1,28,522,1104
,1,AGUASCALIENTES,8,CALVILLO,3,CALVILLO,382,3,339,34,16,17,22,,163,,144,77,,,,,812,0,24,836,1832
,1,AGUASCALIENTES,8,CALVILLO,3,CALVILLO,383,4,464,22,28,21,29,,173,,162,138,,,,,1037,0,70,1107,2542
,1,AGUASCALIENTES,8,CALVILLO,3,CALVILLO,384,2,240,15,8,9,17,,74,,212,21,,,,,596,1,27,624,1333
,1,AGUASCALIENTES,8,CALVILLO,3,CALVILLO,385,3,318,27,8,8,15,,149,,107,36,,,,,668,0,41,709,1612
,1,AGUASCALIENTES,8,CALVILLO,3,CALVILLO,386,3,314,33,11,6,23,,139,,94,85,,,,,705,0,34,739,1535
,1,AGUASCALIENTES,1,RINCON DE ROMOS,4,COSIO,387,5,152,794,,106,645,510,28,,9,,,,,,2244,0,23,2267,3077
,1,AGUASCALIENTES,1,RINCON DE ROMOS,4,COSIO,388,3,93,517,,92,367,407,18,,7,,,,,,1501,1,20,1522,2107
,1,AGUASCALIENTES,1,RINCON DE ROMOS,4,COSIO,389,3,57,294,,192,401,94,49,,5,,,,,,1092,1,13,1106,1743
,1,AGUASCALIENTES,1,RINCON DE ROMOS,4,COSIO,390,4,179,293,,91,487,534,46,,0,,,,,,1630,0,31,1661,2311
,1,AGUASCALIENTES,1,RINCON DE ROMOS,4,COSIO,391,4,169,391,,181,637,372,19,,1,,,,,,1770,0,14,1784,2460
,1,AGUASCALIENTES,7,JESUS MARIA,5,JESUS MARIA,392,9,749,106,19,33,38,9,191,12,144,83,642,37,29,,2092,1,74,2167,6249
,1,AGUASCALIENTES,7,JESUS MARIA,5,JESUS MARIA,393,5,465,23,13,7,18,9,65,6,71,22,362,12,20,,1093,1,50,1144,3073
,1,AGUASCALIENTES,7,JESUS MARIA,5,JESUS MARIA,394,7,585,160,19,47,39,7,147,10,147,26,615,11,11,,1824,0,54,1878,5050
,1,AGUASCALIENTES,7,JESUS MARIA,5,JESUS MARIA,395,3,231,47,3,11,8,6,36,19,29,15,320,4,6,,735,1,20,756,1581
,1,AGUASCALIENTES,7,JESUS MARIA,5,JESUS MARIA,396,7,777,116,21,19,24,13,146,9,136,21,607,18,18,,1925,2,41,1968,4918
,1,AGUASCALIENTES,7,JESUS MARIA,5,JESUS MARIA,397,13,1229,198,35,61,57,10,296,29,258,49,871,51,39,,3183,0,103,3286,9616
,1,AGUASCALIENTES,7,JESUS MARIA,5,JESUS MARIA,398,2,174,27,9,7,12,2,50,8,19,8,153,3,2,,474,0,13,487,1240
,1,AGUASCALIENTES,7,JESUS MARIA,5,JESUS MARIA,399,3,120,35,12,12,13,3,52,5,44,9,241,12,0,,558,0,21,579,1540
,1,AGUASCALIENTES,4,SAN FRANCISCO DE LOS ROMO,5,JESUS MARIA,400,3,164,23,25,7,7,2,85,23,23,4,132,6,5,,506,0,15,521,1526
,1,AGUASCALIENTES,4,SAN FRANCISCO DE LOS ROMO,5,JESUS MARIA,401,5,412,48,58,11,25,5,221,81,37,14,94,5,13,,1024,0,42,1066,3336
,1,AGUASCALIENTES,4,SAN FRANCISCO DE LOS ROMO,5,JESUS MARIA,402,2,149,20,31,2,8,5,117,14,9,8,29,9,3,,404,0,16,420,1097
,1,AGUASCALIENTES,4,SAN FRANCISCO DE LOS ROMO,5,JESUS MARIA,403,6,626,33,41,12,31,16,248,123,115,32,124,5,14,,1420,2,46,1468,4356
,1,AGUASCALIENTES,4,SAN FRANCISCO DE LOS ROMO,5,JESUS MARIA,405,13,1156,94,34,13,162,22,364,29,251,66,357,5,81,,2634,3,79,2716,8412
,1,AGUASCALIENTES,7,JESUS MARIA,5,JESUS MARIA,406,5,381,42,23,13,37,7,75,3,112,34,357,9,39,,1132,0,38,1170,3412
,1,AGUASCALIENTES,7,JESUS MARIA,5,JESUS MARIA,407,2,259,33,4,7,19,2,67,1,44,3,27,7,0,,473,0,14,487,1049
,1,AGUASCALIENTES,7,JESUS MARIA,5,JESUS MARIA,408,1,78,24,1,1,1,0,14,1,8,0,8,10,0,,146,0,6,152,376
,1,AGUASCALIENTES,7,JESUS MARIA,5,JESUS MARIA,409,2,311,29,1,7,8,6,57,0,14,4,25,6,1,,469,0,15,484,993
,1,AGUASCALIENTES,7,JESUS MARIA,5,JESUS MARIA,410,5,570,65,10,7,23,2,228,9,27,23,65,36,10,,1075,1,45,1121,2574
,1,AGUASCALIENTES,7,JESUS MARIA,5,JESUS MARIA,411,10,960,124,35,19,29,10,188,9,268,30,289,85,9,,2055,1,69,2125,6752
,1,AGUASCALIENTES,7,JESUS MARIA,5,JESUS MARIA,412,5,522,84,14,12,28,7,86,6,94,13,323,5,17,,1211,1,55,1267,3566
,1,AGUASCALIENTES,4,SAN FRANCISCO DE LOS ROMO,5,JESUS MARIA,413,12,1707,98,35,17,33,42,353,15,188,37,173,20,32,,2750,4,59,2813,8369
,1,AGUASCALIENTES,7,JESUS MARIA,5,JESUS MARIA,414,4,546,48,15,3,7,6,79,4,86,9,206,9,8,,1026,1,37,1064,2651
,1,AGUASCALIENTES,3,PABELLON DE ARTEAGA,6,PABELLON DE ARTEAGA,415,7,241,55,1627,34,35,40,572,9,11,140,,,,,2764,0,70,2834,5215
,1,AGUASCALIENTES,3,PABELLON DE ARTEAGA,6,PABELLON DE ARTEAGA,416,2,65,15,419,5,10,5,125,0,1,54,,,,,699,0,20,719,1256
,1,AGUASCALIENTES,3,PABELLON DE ARTEAGA,6,PABELLON DE ARTEAGA,417,2,71,16,442,4,25,12,178,1,0,55,,,,,804,0,20,824,1387
,1,AGUASCALIENTES,3,PABELLON DE ARTEAGA,6,PABELLON DE ARTEAGA,418,2,31,14,326,7,17,13,138,1,6,60,,,,,613,0,21,634,1118
,1,AGUASCALIENTES,3,PABELLON DE ARTEAGA,6,PABELLON DE ARTEAGA,419,3,91,37,534,20,12,3,176,1,4,13,,,,,891,1,17,909,1556
,1,AGUASCALIENTES,3,PABELLON DE ARTEAGA,6,PABELLON DE ARTEAGA,420,2,41,14,366,12,17,4,122,1,6,4,,,,,587,1,26,614,1032
,1,AGUASCALIENTES,3,PABELLON DE ARTEAGA,6,PABELLON DE ARTEAGA,421,7,141,96,1619,69,99,33,477,15,12,120,,,,,2681,1,74,2756,5195
,1,AGUASCALIENTES,3,PABELLON DE ARTEAGA,6,PABELLON DE ARTEAGA,422,2,73,11,309,11,15,7,111,3,4,29,,,,,573,0,20,593,944
,1,AGUASCALIENTES,3,PABELLON DE ARTEAGA,6,PABELLON DE ARTEAGA,423,2,95,12,348,23,10,24,145,4,5,61,,,,,727,0,22,749,1317
,1,AGUASCALIENTES,3,PABELLON DE ARTEAGA,6,PABELLON DE ARTEAGA,424,4,191,41,1010,20,24,12,383,4,13,48,,,,,1746,0,41,1787,2969
,1,AGUASCALIENTES,3,PABELLON DE ARTEAGA,6,PABELLON DE ARTEAGA,425,2,50,4,273,8,7,4,114,0,4,27,,,,,491,0,13,504,837
,1,AGUASCALIENTES,3,PABELLON DE ARTEAGA,6,PABELLON DE ARTEAGA,426,2,32,16,323,16,34,14,208,1,3,12,,,,,659,0,14,673,1171
,1,AGUASCALIENTES,3,PABELLON DE ARTEAGA,6,PABELLON DE ARTEAGA,427,2,68,19,215,45,30,22,167,1,2,26,,,,,595,0,24,619,1043
,1,AGUASCALIENTES,3,PABELLON DE ARTEAGA,6,PABELLON DE ARTEAGA,428,4,165,32,456,14,47,21,266,1,3,55,,,,,1060,0,52,1112,2489
,1,AGUASCALIENTES,3,PABELLON DE ARTEAGA,6,PABELLON DE ARTEAGA,429,3,141,53,657,23,23,88,294,0,2,40,,,,,1321,0,33,1354,2231
,1,AGUASCALIENTES,3,PABELLON DE ARTEAGA,6,PABELLON DE ARTEAGA,430,2,134,18,309,78,12,15,226,3,4,4,,,,,803,0,28,831,1365
,1,AGUASCALIENTES,3,PABELLON DE ARTEAGA,6,PABELLON DE ARTEAGA,488,1,10,4,65,3,1,0,21,0,2,1,,,,,107,0,6,113,196
,1,AGUASCALIENTES,1,RINCON DE ROMOS,7,RINCON DE ROMOS,431,2,165,24,9,17,28,7,21,,61,73,,,,,405,0,9,414,796
,1,AGUASCALIENTES,1,RINCON DE ROMOS,7,RINCON DE ROMOS,432,4,272,42,6,52,68,13,36,,132,212,,,,,833,1,35,869,2387
,1,AGUASCALIENTES,1,RINCON DE ROMOS,7,RINCON DE ROMOS,433,2,111,15,5,11,5,1,20,,77,117,,,,,362,1,15,378,831
,1,AGUASCALIENTES,1,RINCON DE ROMOS,7,RINCON DE ROMOS,434,2,121,29,3,10,9,8,26,,87,156,,,,,449,0,9,458,784
,1,AGUASCALIENTES,1,RINCON DE ROMOS,7,RINCON DE ROMOS,435,2,166,33,1,13,4,10,38,,84,145,,,,,494,0,9,503,885
,1,AGUASCALIENTES,1,RINCON DE ROMOS,7,RINCON DE ROMOS,436,6,538,69,23,47,26,37,110,,249,500,,,,,1599,0,80,1679,4218
,1,AGUASCALIENTES,1,RINCON DE ROMOS,7,RINCON DE ROMOS,437,3,319,58,12,41,13,14,70,,128,291,,,,,946,0,23,969,2227
,1,AGUASCALIENTES,1,RINCON DE ROMOS,7,RINCON DE ROMOS,438,1,121,33,4,13,4,24,25,,36,146,,,,,406,0,8,414,694
,1,AGUASCALIENTES,1,RINCON DE ROMOS,7,RINCON DE ROMOS,439,3,265,60,5,73,45,13,51,,108,237,,,,,857,1,20,878,1778
,1,AGUASCALIENTES,1,RINCON DE ROMOS,7,RINCON DE ROMOS,440,9,881,165,27,136,64,21,145,,485,1011,,,,,2935,1,73,3009,6269
,1,AGUASCALIENTES,1,RINCON DE ROMOS,7,RINCON DE ROMOS,441,2,130,26,5,26,1,11,38,,56,193,,,,,486,0,13,499,1026
,1,AGUASCALIENTES,1,RINCON DE ROMOS,7,RINCON DE ROMOS,442,3,249,47,3,45,24,5,18,,54,228,,,,,673,2,24,699,2065
,1,AGUASCALIENTES,1,RINCON DE ROMOS,7,RINCON DE ROMOS,443,3,303,84,6,56,9,6,40,,120,259,,,,,883,0,43,926,1898
,1,AGUASCALIENTES,1,RINCON DE ROMOS,7,RINCON DE ROMOS,444,2,119,19,3,23,6,3,2,,20,249,,,,,444,0,9,453,893
,1,AGUASCALIENTES,1,RINCON DE ROMOS,7,RINCON DE ROMOS,445,3,344,54,4,31,22,6,78,,52,235,,,,,826,0,33,859,1984
,1,AGUASCALIENTES,1,RINCON DE ROMOS,7,RINCON DE ROMOS,446,3,242,31,4,15,22,4,20,,53,221,,,,,612,0,14,626,1518
,1,AGUASCALIENTES,1,RINCON DE ROMOS,7,RINCON DE ROMOS,447,4,341,64,6,79,20,11,20,,96,272,,,,,909,0,39,948,2329
,1,AGUASCALIENTES,1,RINCON DE ROMOS,7,RINCON DE ROMOS,448,2,217,37,7,37,8,9,19,,34,92,,,,,460,0,9,469,1134
,1,AGUASCALIENTES,1,RINCON DE ROMOS,7,RINCON DE ROMOS,449,3,297,47,6,54,7,5,92,,61,157,,,,,726,2,38,766,2202
,1,AGUASCALIENTES,1,RINCON DE ROMOS,7,RINCON DE ROMOS,450,2,175,36,2,22,5,4,56,,47,109,,,,,456,1,20,477,1231
,1,AGUASCALIENTES,1,RINCON DE ROMOS,7,RINCON DE ROMOS,451,1,111,11,4,2,2,3,38,,54,19,,,,,244,0,11,255,661
,1,AGUASCALIENTES,8,CALVILLO,8,SAN JOSE DE GRACIA,452,2,442,38,,105,9,,268,7,9,20,,,,23,921,0,18,939,1283
,1,AGUASCALIENTES,8,CALVILLO,8,SAN JOSE DE GRACIA,453,2,565,46,,154,20,,273,8,2,23,,,,12,1103,2,21,1126,1482
,1,AGUASCALIENTES,8,CALVILLO,8,SAN JOSE DE GRACIA,454,2,518,67,,135,6,,275,7,5,16,,,,26,1055,1,15,1071,1449
,1,AGUASCALIENTES,8,CALVILLO,8,SAN JOSE DE GRACIA,455,1,154,10,,23,3,,62,0,0,2,,,,8,262,0,1,263,344
,1,AGUASCALIENTES,8,CALVILLO,8,SAN JOSE DE GRACIA,456,1,100,11,,50,3,,86,4,0,3,,,,11,268,0,5,273,383
,1,AGUASCALIENTES,8,CALVILLO,8,SAN JOSE DE GRACIA,457,2,364,44,,76,3,,73,2,3,9,,,,4,578,0,3,581,806
,1,AGUASCALIENTES,8,CALVILLO,8,SAN JOSE DE GRACIA,458,2,430,24,,94,1,,252,5,2,3,,,,10,821,0,6,827,1205
,1,AGUASCALIENTES,3,PABELLON DE ARTEAGA,9,TEPEZALA,460,3,460,314,109,8,204,,85,,,2,,,,,1182,0,22,1204,1635
,1,AGUASCALIENTES,3,PABELLON DE ARTEAGA,9,TEPEZALA,461,3,452,325,111,8,293,,123,,,4,,,,,1316,0,24,1340,1858
,1,AGUASCALIENTES,3,PABELLON DE ARTEAGA,9,TEPEZALA,462,3,255,233,121,5,607,,34,,,11,,,,,1266,2,31,1299,1795
,1,AGUASCALIENTES,3,PABELLON DE ARTEAGA,9,TEPEZALA,463,3,129,267,155,29,294,,29,,,6,,,,,909,0,25,934,1520
,1,AGUASCALIENTES,3,PABELLON DE ARTEAGA,9,TEPEZALA,464,3,360,236,257,5,399,,117,,,7,,,,,1381,0,25,1406,1793
,1,AGUASCALIENTES,3,PABELLON DE ARTEAGA,9,TEPEZALA,465,1,82,116,148,0,97,,15,,,3,,,,,461,0,10,471,643
,1,AGUASCALIENTES,3,PABELLON DE ARTEAGA,9,TEPEZALA,466,2,141,225,22,5,201,,45,,,2,,,,,641,0,10,651,752
,1,AGUASCALIENTES,3,PABELLON DE ARTEAGA,9,TEPEZALA,467,3,218,272,171,16,387,,169,,,1,,,,,1234,0,32,1266,2036
,1,AGUASCALIENTES,3,PABELLON DE ARTEAGA,9,TEPEZALA,468,2,135,91,35,3,325,,19,,,3,,,,,611,0,12,623,823
,1,AGUASCALIENTES,3,PABELLON DE ARTEAGA,9,TEPEZALA,469,4,377,297,478,15,474,,125,,,16,,,,,1782,0,36,1818,2696
,1,AGUASCALIENTES,4,SAN FRANCISCO DE LOS ROMO,10,SAN FRANCISCO DE LOS ROMO,404,2,92,140,3,94,8,7,48,2,8,17,,,,,419,0,12,431,802
,1,AGUASCALIENTES,4,SAN FRANCISCO DE LOS ROMO,10,SAN FRANCISCO DE LOS ROMO,470,2,200,132,6,60,11,7,240,0,3,25,,,,,684,2,22,708,1331
,1,AGUASCALIENTES,4,SAN FRANCISCO DE LOS ROMO,10,SAN FRANCISCO DE LOS ROMO,471,3,283,247,2,49,7,7,249,1,7,33,,,,,885,1,28,914,1612
,1,AGUASCALIENTES,4,SAN FRANCISCO DE LOS ROMO,10,SAN FRANCISCO DE LOS ROMO,472,2,190,193,4,61,11,6,308,1,2,31,,,,,807,3,29,839,1426
,1,AGUASCALIENTES,4,SAN FRANCISCO DE LOS ROMO,10,SAN FRANCISCO DE LOS ROMO,473,12,702,891,19,515,48,32,1145,6,10,221,,,,,3589,0,155,3744,8273
,1,AGUASCALIENTES,4,SAN FRANCISCO DE LOS ROMO,10,SAN FRANCISCO DE LOS ROMO,474,2,99,252,4,134,17,4,131,1,5,30,,,,,677,0,25,702,1291
,1,AGUASCALIENTES,4,SAN FRANCISCO DE LOS ROMO,10,SAN FRANCISCO DE LOS ROMO,475,3,208,290,1,57,5,6,190,1,6,9,,,,,773,1,26,800,1535
,1,AGUASCALIENTES,4,SAN FRANCISCO DE LOS ROMO,10,SAN FRANCISCO DE LOS ROMO,476,7,296,888,9,215,36,7,343,3,10,12,,,,,1819,2,67,1888,5058
,1,AGUASCALIENTES,4,SAN FRANCISCO DE LOS ROMO,10,SAN FRANCISCO DE LOS ROMO,477,6,188,518,16,202,24,13,323,18,23,13,,,,,1338,1,50,1389,4047
,1,AGUASCALIENTES,4,SAN FRANCISCO DE LOS ROMO,10,SAN FRANCISCO DE LOS ROMO,478,12,334,1004,81,219,44,67,600,32,28,21,,,,,2430,3,97,2530,8480
,1,AGUASCALIENTES,2,EL LLANO,11,EL LLANO,479,4,42,216,379,568,6,33,138,34,4,289,,,,,1709,0,57,1766,2522
,1,AGUASCALIENTES,2,EL LLANO,11,EL LLANO,480,3,70,259,309,339,4,14,62,13,2,364,,,,,1436,0,52,1488,2086
,1,AGUASCALIENTES,2,EL LLANO,11,EL LLANO,481,2,32,186,52,164,1,56,103,29,4,288,,,,,915,0,16,931,1337
,1,AGUASCALIENTES,2,EL LLANO,11,EL LLANO,482,4,40,319,229,658,2,112,140,18,13,395,,,,,1926,0,35,1961,2570
,1,AGUASCALIENTES,2,EL LLANO,11,EL LLANO,483,2,31,73,97,307,4,32,14,3,25,120,,,,,706,0,25,731,955
,1,AGUASCALIENTES,2,EL LLANO,11,EL LLANO,484,2,47,137,108,90,6,10,20,12,34,136,,,,,600,0,14,614,892
,1,AGUASCALIENTES,2,EL LLANO,11,EL LLANO,485,4,47,483,297,345,9,21,78,129,10,297,,,,,1716,0,42,1758,2533
,1,AGUASCALIENTES,2,EL LLANO,11,EL LLANO,486,4,202,233,197,213,23,15,63,23,11,334,,,,,1314,0,43,1357,2288
