﻿CIRCUNSCRIPCION,ID_ESTADO,NOMBRE_ESTADO,ID_DISTRITO_LOCAL,CABECERA_DISTRITAL_LOCAL,ID_MUNICIPIO,MUNICIPIO,ID_DEMARCACION_LOCAL,DEMARCACION_LOCAL,TIPO_DE_ELECCION,NOMBRE_PARTICIPANTE,NUMERO_LISTA,CANDIDATO,SEXO_CANDIDATO,RUTA_CONSTANCIA
,28,TAMAULIPAS,,,1,ABASOLO,,,PRES_MUN,PRI,1,RUBEN CURIEL CURIEL,1,https://www.ietam.org.mx/Portal/documentos/PE2021/Resultados/Constancias/ConsMay_Abasolo.pdf
,28,TAMAULIPAS,,,1,ABASOLO,,,SIND,PRI,1,MARIBEL ENRIQUEZ TORRES,2,https://www.ietam.org.mx/Portal/documentos/PE2021/Resultados/Constancias/ConsMay_Abasolo.pdf
,28,TAMAULIPAS,,,1,ABASOLO,,,REG_MR,PRI,1,FRANCISCO VILLA PADILLA,1,https://www.ietam.org.mx/Portal/documentos/PE2021/Resultados/Constancias/ConsMay_Abasolo.pdf
,28,TAMAULIPAS,,,1,ABASOLO,,,REG_MR,PRI,2,AMADA KARINA SALDAÑA GARCIA,2,https://www.ietam.org.mx/Portal/documentos/PE2021/Resultados/Constancias/ConsMay_Abasolo.pdf
,28,TAMAULIPAS,,,1,ABASOLO,,,REG_MR,PRI,3,JAVIER SOTO ANDRADE,1,https://www.ietam.org.mx/Portal/documentos/PE2021/Resultados/Constancias/ConsMay_Abasolo.pdf
,28,TAMAULIPAS,,,1,ABASOLO,,,REG_MR,PRI,4,ERIKA FABIOLA ALEMAN RAMIREZ,2,https://www.ietam.org.mx/Portal/documentos/PE2021/Resultados/Constancias/ConsMay_Abasolo.pdf
,28,TAMAULIPAS,,,1,ABASOLO,,,REG_RP,PAN,1,RODOLFO RAMIREZ PEREZ,1,https://www.ietam.org.mx/Portal/documentos/PE2021/Resultados/Constancias/ConsRP_Abasolo.pdf
,28,TAMAULIPAS,,,1,ABASOLO,,,REG_RP,PT_MORENA,3,IRMA FABIOLA MARTINEZ HERNANDEZ,2,https://www.ietam.org.mx/Portal/documentos/PE2021/Resultados/Constancias/ConsRP_Abasolo.pdf
,28,TAMAULIPAS,,,2,ALDAMA,,,PRES_MUN,PAN,1,ALEJANDRO GARCIA BARRIENTOS,1,https://www.ietam.org.mx/Portal/documentos/PE2021/Resultados/Constancias/ConsMay_Aldama.pdf
,28,TAMAULIPAS,,,2,ALDAMA,,,SIND,PAN,1,KARLA DANIELA CASTILLO BALDERAS,2,https://www.ietam.org.mx/Portal/documentos/PE2021/Resultados/Constancias/ConsMay_Aldama.pdf
,28,TAMAULIPAS,,,2,ALDAMA,,,SIND,PAN,2,CARLOS HERIBERTO VARGAS VILLAFUERTE,1,https://www.ietam.org.mx/Portal/documentos/PE2021/Resultados/Constancias/ConsMay_Aldama.pdf
,28,TAMAULIPAS,,,2,ALDAMA,,,REG_MR,PAN,1,ELSA AGUIRRE,2,https://www.ietam.org.mx/Portal/documentos/PE2021/Resultados/Constancias/ConsMay_Aldama.pdf
,28,TAMAULIPAS,,,2,ALDAMA,,,REG_MR,PAN,2,JOSE GUADALUPE GONZALEZ DE LEIJA,1,https://www.ietam.org.mx/Portal/documentos/PE2021/Resultados/Constancias/ConsMay_Aldama.pdf
,28,TAMAULIPAS,,,2,ALDAMA,,,REG_MR,PAN,3,FELICITAS MEDELLIN GARCIA,2,https://www.ietam.org.mx/Portal/documentos/PE2021/Resultados/Constancias/ConsMay_Aldama.pdf
,28,TAMAULIPAS,,,2,ALDAMA,,,REG_MR,PAN,4,FRANCISCO JAVIER SALAS JIMENEZ,1,https://www.ietam.org.mx/Portal/documentos/PE2021/Resultados/Constancias/ConsMay_Aldama.pdf
,28,TAMAULIPAS,,,2,ALDAMA,,,REG_MR,PAN,5,ELIZABETH YAÑEZ GALVAN,2,https://www.ietam.org.mx/Portal/documentos/PE2021/Resultados/Constancias/ConsMay_Aldama.pdf
,28,TAMAULIPAS,,,2,ALDAMA,,,REG_RP,MC,1,SUSANA AVALOS LOPEZ,2,https://www.ietam.org.mx/Portal/documentos/PE2021/Resultados/Constancias/ConsRP_Aldama.pdf
,28,TAMAULIPAS,,,2,ALDAMA,,,REG_RP,PT_MORENA,1,RODRIGO SANCHEZ GALLARDO,1,https://www.ietam.org.mx/Portal/documentos/PE2021/Resultados/Constancias/ConsRP_Aldama.pdf
,28,TAMAULIPAS,,,2,ALDAMA,,,REG_RP,PVEM,1,GEMMA MARIA GUADALUPE ESQUIVEL ALVAREZ,2,https://www.ietam.org.mx/Portal/documentos/PE2021/Resultados/Constancias/ConsRP_Aldama.pdf
,28,TAMAULIPAS,,,3,ALTAMIRA,,,PRES_MUN,PT_MORENA,1,ARMANDO MARTINEZ MANRIQUEZ,1,https://www.ietam.org.mx/Portal/documentos/PE2021/Resultados/Constancias/ConsMay_Altamira.pdf
,28,TAMAULIPAS,,,3,ALTAMIRA,,,SIND,PT_MORENA,1,BLANCA LETICIA GUZMAN HINOJOSA,2,https://www.ietam.org.mx/Portal/documentos/PE2021/Resultados/Constancias/ConsMay_Altamira.pdf
,28,TAMAULIPAS,,,3,ALTAMIRA,,,SIND,PT_MORENA,2,RICARDO VEGA BARRON,1,https://www.ietam.org.mx/Portal/documentos/PE2021/Resultados/Constancias/ConsMay_Altamira.pdf
,28,TAMAULIPAS,,,3,ALTAMIRA,,,REG_MR,PT_MORENA,1,NORA HILDA SANCHEZ BAUTISTA,2,https://www.ietam.org.mx/Portal/documentos/PE2021/Resultados/Constancias/ConsMay_Altamira.pdf
,28,TAMAULIPAS,,,3,ALTAMIRA,,,REG_MR,PT_MORENA,2,JUAN ADRIAN OLVERA TAVERA,1,https://www.ietam.org.mx/Portal/documentos/PE2021/Resultados/Constancias/ConsMay_Altamira.pdf
,28,TAMAULIPAS,,,3,ALTAMIRA,,,REG_MR,PT_MORENA,3,GREGORIA PUGA AVALOS,2,https://www.ietam.org.mx/Portal/documentos/PE2021/Resultados/Constancias/ConsMay_Altamira.pdf
,28,TAMAULIPAS,,,3,ALTAMIRA,,,REG_MR,PT_MORENA,4,LUIS ESPINOSA CRUZ,1,https://www.ietam.org.mx/Portal/documentos/PE2021/Resultados/Constancias/ConsMay_Altamira.pdf
,28,TAMAULIPAS,,,3,ALTAMIRA,,,REG_MR,PT_MORENA,5,NADIA FLOR TORRES MARTINEZ,2,https://www.ietam.org.mx/Portal/documentos/PE2021/Resultados/Constancias/ConsMay_Altamira.pdf
,28,TAMAULIPAS,,,3,ALTAMIRA,,,REG_MR,PT_MORENA,6,EDGAR MAURICIO MEDINA MAGAÑA,1,https://www.ietam.org.mx/Portal/documentos/PE2021/Resultados/Constancias/ConsMay_Altamira.pdf
,28,TAMAULIPAS,,,3,ALTAMIRA,,,REG_MR,PT_MORENA,7,ERIKA LILIANA ALANIS SIERRA,2,https://www.ietam.org.mx/Portal/documentos/PE2021/Resultados/Constancias/ConsMay_Altamira.pdf
,28,TAMAULIPAS,,,3,ALTAMIRA,,,REG_MR,PT_MORENA,8,JESUS ANTONIO DE ANDA MEDINA,1,https://www.ietam.org.mx/Portal/documentos/PE2021/Resultados/Constancias/ConsMay_Altamira.pdf
,28,TAMAULIPAS,,,3,ALTAMIRA,,,REG_MR,PT_MORENA,9,ROSA ISELA DUQUE GARCIA,2,https://www.ietam.org.mx/Portal/documentos/PE2021/Resultados/Constancias/ConsMay_Altamira.pdf
,28,TAMAULIPAS,,,3,ALTAMIRA,,,REG_MR,PT_MORENA,10,ABELARDO GARCES REYES,1,https://www.ietam.org.mx/Portal/documentos/PE2021/Resultados/Constancias/ConsMay_Altamira.pdf
,28,TAMAULIPAS,,,3,ALTAMIRA,,,REG_MR,PT_MORENA,11,ALEXIA ABIGAIL RODRIGUEZ HERNANDEZ,2,https://www.ietam.org.mx/Portal/documentos/PE2021/Resultados/Constancias/ConsMay_Altamira.pdf
,28,TAMAULIPAS,,,3,ALTAMIRA,,,REG_MR,PT_MORENA,12,IRVING GIOVANNY MONTES ROSALES,1,https://www.ietam.org.mx/Portal/documentos/PE2021/Resultados/Constancias/ConsMay_Altamira.pdf
,28,TAMAULIPAS,,,3,ALTAMIRA,,,REG_MR,PT_MORENA,13,GEOVANNA FLORES TORRES,2,https://www.ietam.org.mx/Portal/documentos/PE2021/Resultados/Constancias/ConsMay_Altamira.pdf
,28,TAMAULIPAS,,,3,ALTAMIRA,,,REG_MR,PT_MORENA,14,JOSEFINA MONTERRUBIO MALDONADO,1,https://www.ietam.org.mx/Portal/documentos/PE2021/Resultados/Constancias/ConsMay_Altamira.pdf
,28,TAMAULIPAS,,,3,ALTAMIRA,,,REG_RP,PAN,1,MA. DE LOS ANGELES CASTILLO ROJAS,2,https://www.ietam.org.mx/Portal/documentos/PE2021/Resultados/Constancias/ConsRP_Altamira.pdf
,28,TAMAULIPAS,,,3,ALTAMIRA,,,REG_RP,PRI,1,ERIKA JANNET MORENO GONZALEZ,2,https://www.ietam.org.mx/Portal/documentos/PE2021/Resultados/Constancias/ConsRP_Altamira.pdf
,28,TAMAULIPAS,,,3,ALTAMIRA,,,REG_RP,PES,1,JULIA MANCILLA CATETE,2,https://www.ietam.org.mx/Portal/documentos/PE2021/Resultados/Constancias/ConsRP_Altamira.pdf
,28,TAMAULIPAS,,,3,ALTAMIRA,,,REG_RP,PRD,1,LETICIA BARRIOS CHAVERO,2,https://www.ietam.org.mx/Portal/documentos/PE2021/Resultados/Constancias/ConsRP_Altamira.pdf
,28,TAMAULIPAS,,,3,ALTAMIRA,,,REG_RP,MC,1,BRITTANYA ALEJANDRINA BACHE VEGA,2,https://www.ietam.org.mx/Portal/documentos/PE2021/Resultados/Constancias/ConsRP_Altamira.pdf
,28,TAMAULIPAS,,,3,ALTAMIRA,,,REG_RP,PAN,2,SERGIO VALDEZ TRUJILLO,1,https://www.ietam.org.mx/Portal/documentos/PE2021/Resultados/Constancias/ConsRP_Altamira.pdf
,28,TAMAULIPAS,,,3,ALTAMIRA,,,REG_RP,PAN,3,ROXANA CAMACHO VARGAS,2,https://www.ietam.org.mx/Portal/documentos/PE2021/Resultados/Constancias/ConsRP_Altamira.pdf
,28,TAMAULIPAS,,,4,ANTIGUO MORELOS,,,PRES_MUN,PAN,1,CARMELO TINAJERO CASTRO,1,https://www.ietam.org.mx/Portal/documentos/PE2021/Resultados/Constancias/ConsMay_AntiguoMorelos.pdf
,28,TAMAULIPAS,,,4,ANTIGUO MORELOS,,,SIND,PAN,1,GUADALUPE RANGEL VILLANUEVA,2,https://www.ietam.org.mx/Portal/documentos/PE2021/Resultados/Constancias/ConsMay_AntiguoMorelos.pdf
,28,TAMAULIPAS,,,4,ANTIGUO MORELOS,,,REG_MR,PAN,1,CARLOS DE LA CRUZ MALDONADO,1,https://www.ietam.org.mx/Portal/documentos/PE2021/Resultados/Constancias/ConsMay_AntiguoMorelos.pdf
,28,TAMAULIPAS,,,4,ANTIGUO MORELOS,,,REG_MR,PAN,2,YURIDIA ROJAS GONZALEZ,2,https://www.ietam.org.mx/Portal/documentos/PE2021/Resultados/Constancias/ConsMay_AntiguoMorelos.pdf
,28,TAMAULIPAS,,,4,ANTIGUO MORELOS,,,REG_MR,PAN,3,OTONIEL VEGA ORTIZ,1,https://www.ietam.org.mx/Portal/documentos/PE2021/Resultados/Constancias/ConsMay_AntiguoMorelos.pdf
,28,TAMAULIPAS,,,4,ANTIGUO MORELOS,,,REG_MR,PAN,4,ELIZABETH ALONSO TAYLOR,2,https://www.ietam.org.mx/Portal/documentos/PE2021/Resultados/Constancias/ConsMay_AntiguoMorelos.pdf
,28,TAMAULIPAS,,,4,ANTIGUO MORELOS,,,REG_RP,PRI,1,MA. DEL PILAR MORENO GALVAN,2,https://www.ietam.org.mx/Portal/documentos/PE2021/Resultados/Constancias/ConsRP_AntiguoMorelos.pdf
,28,TAMAULIPAS,,,4,ANTIGUO MORELOS,,,REG_RP,PVEM,1,MIRIAM TINAJERO CALDERON,2,https://www.ietam.org.mx/Portal/documentos/PE2021/Resultados/Constancias/ConsRP_AntiguoMorelos.pdf
,28,TAMAULIPAS,,,5,BURGOS,,,PRES_MUN,PAN,1,JORGE ELEAZAR GALVAN GARCIA,1,https://www.ietam.org.mx/Portal/documentos/PE2021/Resultados/Constancias/ConsMay_Burgos.pdf
,28,TAMAULIPAS,,,5,BURGOS,,,SIND,PAN,1,MA. DE LOS ANGELES VILLEGAS CANO,2,https://www.ietam.org.mx/Portal/documentos/PE2021/Resultados/Constancias/ConsMay_Burgos.pdf
,28,TAMAULIPAS,,,5,BURGOS,,,REG_MR,PAN,1,ROGELIO AGUIRRE DE LA FUENTE,1,https://www.ietam.org.mx/Portal/documentos/PE2021/Resultados/Constancias/ConsMay_Burgos.pdf
,28,TAMAULIPAS,,,5,BURGOS,,,REG_MR,PAN,2,RUTH GARZA IBARRA,2,https://www.ietam.org.mx/Portal/documentos/PE2021/Resultados/Constancias/ConsMay_Burgos.pdf
,28,TAMAULIPAS,,,5,BURGOS,,,REG_MR,PAN,3,JOSE TOMAS BUENROSTRO ESPINOZA,1,https://www.ietam.org.mx/Portal/documentos/PE2021/Resultados/Constancias/ConsMay_Burgos.pdf
,28,TAMAULIPAS,,,5,BURGOS,,,REG_MR,PAN,4,NORMA ESPERANZA GOMEZ RIVERA,2,https://www.ietam.org.mx/Portal/documentos/PE2021/Resultados/Constancias/ConsMay_Burgos.pdf
,28,TAMAULIPAS,,,5,BURGOS,,,REG_RP,PT_MORENA,1,GUADALUPE RESENDEZ MUÑOZ,1,https://www.ietam.org.mx/Portal/documentos/PE2021/Resultados/Constancias/ConsRP_Burgos.pdf
,28,TAMAULIPAS,,,5,BURGOS,,,REG_RP,PT_MORENA,2,MARIA TRINIDAD RIVERA GARCIA,2,https://www.ietam.org.mx/Portal/documentos/PE2021/Resultados/Constancias/ConsRP_Burgos.pdf
,28,TAMAULIPAS,,,6,BUSTAMANTE,,,PRES_MUN,PAN,1,BRISA VERBER RODRIGUEZ,2,https://www.ietam.org.mx/Portal/documentos/PE2021/Resultados/Constancias/ConsMay_Bustamante.pdf
,28,TAMAULIPAS,,,6,BUSTAMANTE,,,SIND,PAN,1,EVERARDO MENDOZA MENDOZA,1,https://www.ietam.org.mx/Portal/documentos/PE2021/Resultados/Constancias/ConsMay_Bustamante.pdf
,28,TAMAULIPAS,,,6,BUSTAMANTE,,,REG_MR,PAN,1,VERONICA SUJEY TREJO WALLE,2,https://www.ietam.org.mx/Portal/documentos/PE2021/Resultados/Constancias/ConsMay_Bustamante.pdf
,28,TAMAULIPAS,,,6,BUSTAMANTE,,,REG_MR,PAN,2,CESAR HUERTA TORRES,1,https://www.ietam.org.mx/Portal/documentos/PE2021/Resultados/Constancias/ConsMay_Bustamante.pdf
,28,TAMAULIPAS,,,6,BUSTAMANTE,,,REG_MR,PAN,3,GLORIA VAZQUEZ GUERRA,2,https://www.ietam.org.mx/Portal/documentos/PE2021/Resultados/Constancias/ConsMay_Bustamante.pdf
,28,TAMAULIPAS,,,6,BUSTAMANTE,,,REG_MR,PAN,4,ROMAN ARRIAGA PONCE,1,https://www.ietam.org.mx/Portal/documentos/PE2021/Resultados/Constancias/ConsMay_Bustamante.pdf
,28,TAMAULIPAS,,,6,BUSTAMANTE,,,REG_RP,PT_MORENA,1,ALICIA RIOS ORTIZ,2,https://www.ietam.org.mx/Portal/documentos/PE2021/Resultados/Constancias/ConsRP_Bustamante.pdf
,28,TAMAULIPAS,,,6,BUSTAMANTE,,,REG_RP,PRI,1,ARTEMIO CASTAÑOS MOLINA,1,https://www.ietam.org.mx/Portal/documentos/PE2021/Resultados/Constancias/ConsRP_Bustamante.pdf
,28,TAMAULIPAS,,,7,CAMARGO,,,PRES_MUN,PAN,1,MARIA DEL CARMEN ROCHA HERNANDEZ,2,https://www.ietam.org.mx/Portal/documentos/PE2021/Resultados/Constancias/ConsMay_Camargo.pdf
,28,TAMAULIPAS,,,7,CAMARGO,,,SIND,PAN,1,REMIGIO SALINAS RIOS,1,https://www.ietam.org.mx/Portal/documentos/PE2021/Resultados/Constancias/ConsMay_Camargo.pdf
,28,TAMAULIPAS,,,7,CAMARGO,,,REG_MR,PAN,1,LAURA LETICIA DE LA ROSA MASCORRO,2,https://www.ietam.org.mx/Portal/documentos/PE2021/Resultados/Constancias/ConsMay_Camargo.pdf
,28,TAMAULIPAS,,,7,CAMARGO,,,REG_MR,PAN,2,GILBERTO MANZANO RODRIGUEZ,1,https://www.ietam.org.mx/Portal/documentos/PE2021/Resultados/Constancias/ConsMay_Camargo.pdf
,28,TAMAULIPAS,,,7,CAMARGO,,,REG_MR,PAN,3,HERMINIA GARZA MORENO,2,https://www.ietam.org.mx/Portal/documentos/PE2021/Resultados/Constancias/ConsMay_Camargo.pdf
,28,TAMAULIPAS,,,7,CAMARGO,,,REG_MR,PAN,4,JOSE GREGORIO COUTIÑO MACIAS,1,https://www.ietam.org.mx/Portal/documentos/PE2021/Resultados/Constancias/ConsMay_Camargo.pdf
,28,TAMAULIPAS,,,7,CAMARGO,,,REG_RP,PRI,1,DEYANIRA GARCIA SAENZ,2,https://www.ietam.org.mx/Portal/documentos/PE2021/Resultados/Constancias/ConsRP_Camargo.pdf
,28,TAMAULIPAS,,,7,CAMARGO,,,REG_RP,PT_MORENA,3,MARGARITA ROIZ TREVIÑO,2,https://www.ietam.org.mx/Portal/documentos/PE2021/Resultados/Constancias/ConsRP_Camargo.pdf
,28,TAMAULIPAS,,,8,CASAS,,,PRES_MUN,PAN,1,MA. OLGA HERNANDEZ AVALOS,2,https://www.ietam.org.mx/Portal/documentos/PE2021/Resultados/Constancias/ConsMay_Casas.pdf
,28,TAMAULIPAS,,,8,CASAS,,,SIND,PAN,1,OVIDIO HERNANDEZ AVALOS,1,https://www.ietam.org.mx/Portal/documentos/PE2021/Resultados/Constancias/ConsMay_Casas.pdf
,28,TAMAULIPAS,,,8,CASAS,,,REG_MR,PAN,1,EDITH MARGARITA GUTIERREZ TORRES,2,https://www.ietam.org.mx/Portal/documentos/PE2021/Resultados/Constancias/ConsMay_Casas.pdf
,28,TAMAULIPAS,,,8,CASAS,,,REG_MR,PAN,2,JUAN MANUEL ANGUIANO GOMEZ,1,https://www.ietam.org.mx/Portal/documentos/PE2021/Resultados/Constancias/ConsMay_Casas.pdf
,28,TAMAULIPAS,,,8,CASAS,,,REG_MR,PAN,3,ROSA MARGARITA MONTELONGO AVALOS,2,https://www.ietam.org.mx/Portal/documentos/PE2021/Resultados/Constancias/ConsMay_Casas.pdf
,28,TAMAULIPAS,,,8,CASAS,,,REG_MR,PAN,4,FRANCISCO JAVIER TORRES MORENO,1,https://www.ietam.org.mx/Portal/documentos/PE2021/Resultados/Constancias/ConsMay_Casas.pdf
,28,TAMAULIPAS,,,8,CASAS,,,REG_RP,PRI,1,MIRIAM ESMERALDA BRIONES RODRIGUEZ,2,https://www.ietam.org.mx/Portal/documentos/PE2021/Resultados/Constancias/ConsRP_Casas.pdf
,28,TAMAULIPAS,,,8,CASAS,,,REG_RP,PVEM,1,SARAHI IZAGUIRRE RINCON,2,https://www.ietam.org.mx/Portal/documentos/PE2021/Resultados/Constancias/ConsRP_Casas.pdf
,28,TAMAULIPAS,,,9,CIUDAD MADERO,,,PRES_MUN,PT_MORENA,1,ADRIAN OSEGUERA KERNION,1,https://www.ietam.org.mx/Portal/documentos/PE2021/Resultados/Constancias/ConsMay_CiudadMadero.pdf
,28,TAMAULIPAS,,,9,CIUDAD MADERO,,,SIND,PT_MORENA,1,MARIA CANDELARIA CHAIRES MORENO,2,https://www.ietam.org.mx/Portal/documentos/PE2021/Resultados/Constancias/ConsMay_CiudadMadero.pdf
,28,TAMAULIPAS,,,9,CIUDAD MADERO,,,SIND,PT_MORENA,2,SALVADOR MUÑOZ CONTRERAS,1,https://www.ietam.org.mx/Portal/documentos/PE2021/Resultados/Constancias/ConsMay_CiudadMadero.pdf
,28,TAMAULIPAS,,,9,CIUDAD MADERO,,,REG_MR,PT_MORENA,1,DUNIA MARON ACUÑA,2,https://www.ietam.org.mx/Portal/documentos/PE2021/Resultados/Constancias/ConsMay_CiudadMadero.pdf
,28,TAMAULIPAS,,,9,CIUDAD MADERO,,,REG_MR,PT_MORENA,2,ARMANDO MAR SOBREVILLA,1,https://www.ietam.org.mx/Portal/documentos/PE2021/Resultados/Constancias/ConsMay_CiudadMadero.pdf
,28,TAMAULIPAS,,,9,CIUDAD MADERO,,,REG_MR,PT_MORENA,3,GREYCI BELINDA ALVAREZ GARCIA,2,https://www.ietam.org.mx/Portal/documentos/PE2021/Resultados/Constancias/ConsMay_CiudadMadero.pdf
,28,TAMAULIPAS,,,9,CIUDAD MADERO,,,REG_MR,PT_MORENA,4,RAFAEL CASTRO RODRIGUEZ,1,https://www.ietam.org.mx/Portal/documentos/PE2021/Resultados/Constancias/ConsMay_CiudadMadero.pdf
,28,TAMAULIPAS,,,9,CIUDAD MADERO,,,REG_MR,PT_MORENA,5,MARIA ELENA MARON NAKID,2,https://www.ietam.org.mx/Portal/documentos/PE2021/Resultados/Constancias/ConsMay_CiudadMadero.pdf
,28,TAMAULIPAS,,,9,CIUDAD MADERO,,,REG_MR,PT_MORENA,6,ALEJANDRO MORALES MARTINEZ,1,https://www.ietam.org.mx/Portal/documentos/PE2021/Resultados/Constancias/ConsMay_CiudadMadero.pdf
,28,TAMAULIPAS,,,9,CIUDAD MADERO,,,REG_MR,PT_MORENA,7,FANTINA FRINE BRISEÑO REYES,2,https://www.ietam.org.mx/Portal/documentos/PE2021/Resultados/Constancias/ConsMay_CiudadMadero.pdf
,28,TAMAULIPAS,,,9,CIUDAD MADERO,,,REG_MR,PT_MORENA,8,FERNANDO IVAN RESENDIZ VELEZ,1,https://www.ietam.org.mx/Portal/documentos/PE2021/Resultados/Constancias/ConsMay_CiudadMadero.pdf
,28,TAMAULIPAS,,,9,CIUDAD MADERO,,,REG_MR,PT_MORENA,9,MINERVA LARIOS PEREZ,2,https://www.ietam.org.mx/Portal/documentos/PE2021/Resultados/Constancias/ConsMay_CiudadMadero.pdf
,28,TAMAULIPAS,,,9,CIUDAD MADERO,,,REG_MR,PT_MORENA,10,JONATHAN AZAEL PORTILLO ALEJO,1,https://www.ietam.org.mx/Portal/documentos/PE2021/Resultados/Constancias/ConsMay_CiudadMadero.pdf
,28,TAMAULIPAS,,,9,CIUDAD MADERO,,,REG_MR,PT_MORENA,11,ROCIO JUDITH OLGUIN SANTIAGO,2,https://www.ietam.org.mx/Portal/documentos/PE2021/Resultados/Constancias/ConsMay_CiudadMadero.pdf
,28,TAMAULIPAS,,,9,CIUDAD MADERO,,,REG_MR,PT_MORENA,12,EDGAR NELSON AVALOS DOMINGUEZ,1,https://www.ietam.org.mx/Portal/documentos/PE2021/Resultados/Constancias/ConsMay_CiudadMadero.pdf
,28,TAMAULIPAS,,,9,CIUDAD MADERO,,,REG_MR,PT_MORENA,13,MARIA DEL SOCORRO MAR ZAMORA,2,https://www.ietam.org.mx/Portal/documentos/PE2021/Resultados/Constancias/ConsMay_CiudadMadero.pdf
,28,TAMAULIPAS,,,9,CIUDAD MADERO,,,REG_MR,PT_MORENA,14,OLIVIA LOPEZ PEREZ,2,https://www.ietam.org.mx/Portal/documentos/PE2021/Resultados/Constancias/ConsMay_CiudadMadero.pdf
,28,TAMAULIPAS,,,9,CIUDAD MADERO,,,REG_RP,PAN,1,MARTHA ALEJANDRA FERNANDEZ RAGA,2,https://www.ietam.org.mx/Portal/documentos/PE2021/Resultados/Constancias/ConsRP_CiudadMadero.pdf
,28,TAMAULIPAS,,,9,CIUDAD MADERO,,,REG_RP,CAND_IND1,1,GRACIELA GUZMAN CRUZ,2,https://www.ietam.org.mx/Portal/documentos/PE2021/Resultados/Constancias/ConsRP_CiudadMadero.pdf
,28,TAMAULIPAS,,,9,CIUDAD MADERO,,,REG_RP,PRI,1,MAYRA ROCIO OJEDA CHAVEZ,2,https://www.ietam.org.mx/Portal/documentos/PE2021/Resultados/Constancias/ConsRP_CiudadMadero.pdf
,28,TAMAULIPAS,,,9,CIUDAD MADERO,,,REG_RP,PES,1,CYNTHIA VERONICA ACOSTA ROJAS,2,https://www.ietam.org.mx/Portal/documentos/PE2021/Resultados/Constancias/ConsRP_CiudadMadero.pdf
,28,TAMAULIPAS,,,9,CIUDAD MADERO,,,REG_RP,MC,1,MAURO LEONARDO REYES COBOS,1,https://www.ietam.org.mx/Portal/documentos/PE2021/Resultados/Constancias/ConsRP_CiudadMadero.pdf
,28,TAMAULIPAS,,,9,CIUDAD MADERO,,,REG_RP,PAN,2,JOSE ANGEL MALDONADO PEREYRA,1,https://www.ietam.org.mx/Portal/documentos/PE2021/Resultados/Constancias/ConsRP_CiudadMadero.pdf
,28,TAMAULIPAS,,,9,CIUDAD MADERO,,,REG_RP,PAN,3,FEBRONIA CASTREJON CARRIZALES,2,https://www.ietam.org.mx/Portal/documentos/PE2021/Resultados/Constancias/ConsRP_CiudadMadero.pdf
,28,TAMAULIPAS,,,10,CRUILLAS,,,PRES_MUN,PAN,1,MARIA ANGELINA GUERRERO GALVAN,2,https://www.ietam.org.mx/Portal/documentos/PE2021/Resultados/Constancias/ConsMay_Cruillas.pdf
,28,TAMAULIPAS,,,10,CRUILLAS,,,SIND,PAN,1,JUAN JAVIER REYES MOYA,1,https://www.ietam.org.mx/Portal/documentos/PE2021/Resultados/Constancias/ConsMay_Cruillas.pdf
,28,TAMAULIPAS,,,10,CRUILLAS,,,REG_MR,PAN,1,ELVA ROSA GOMEZ RODRIGUEZ,2,https://www.ietam.org.mx/Portal/documentos/PE2021/Resultados/Constancias/ConsMay_Cruillas.pdf
,28,TAMAULIPAS,,,10,CRUILLAS,,,REG_MR,PAN,2,FIDENCIO HUERTA RAMOS,1,https://www.ietam.org.mx/Portal/documentos/PE2021/Resultados/Constancias/ConsMay_Cruillas.pdf
,28,TAMAULIPAS,,,10,CRUILLAS,,,REG_MR,PAN,3,MARIA DE LOS ANGELES FUENTES CERDA,2,https://www.ietam.org.mx/Portal/documentos/PE2021/Resultados/Constancias/ConsMay_Cruillas.pdf
,28,TAMAULIPAS,,,10,CRUILLAS,,,REG_MR,PAN,4,FAVIAN HERNANDEZ SOTO,1,https://www.ietam.org.mx/Portal/documentos/PE2021/Resultados/Constancias/ConsMay_Cruillas.pdf
,28,TAMAULIPAS,,,10,CRUILLAS,,,REG_RP,PT_MORENA,1,SUSANA DE LA FUENTE NARVAEZ,2,https://www.ietam.org.mx/Portal/documentos/PE2021/Resultados/Constancias/ConsRP_Cruillas.pdf
,28,TAMAULIPAS,,,10,CRUILLAS,,,REG_RP,PRI,1,SILVERIO SOTO GARZA,1,https://www.ietam.org.mx/Portal/documentos/PE2021/Resultados/Constancias/ConsRP_Cruillas.pdf
,28,TAMAULIPAS,,,11,GOMEZ FARIAS,,,PRES_MUN,PAN,1,FRANK YUSSEF DE LEON AVILA,1,https://www.ietam.org.mx/Portal/documentos/PE2021/Resultados/Constancias/ConsMay_GomezFarias.pdf
,28,TAMAULIPAS,,,11,GOMEZ FARIAS,,,SIND,PAN,1,NORA HILDA PONCE CAMACHO,2,https://www.ietam.org.mx/Portal/documentos/PE2021/Resultados/Constancias/ConsMay_GomezFarias.pdf
,28,TAMAULIPAS,,,11,GOMEZ FARIAS,,,REG_MR,PAN,1,JOSE FRANCISCO CASTRO LOPEZ,1,https://www.ietam.org.mx/Portal/documentos/PE2021/Resultados/Constancias/ConsMay_GomezFarias.pdf
,28,TAMAULIPAS,,,11,GOMEZ FARIAS,,,REG_MR,PAN,2,EDNA BRISEIDA ENRIQUEZ HON,2,https://www.ietam.org.mx/Portal/documentos/PE2021/Resultados/Constancias/ConsMay_GomezFarias.pdf
,28,TAMAULIPAS,,,11,GOMEZ FARIAS,,,REG_MR,PAN,3,DAVID ESTUARDO RUIZ ESPINOSA,1,https://www.ietam.org.mx/Portal/documentos/PE2021/Resultados/Constancias/ConsMay_GomezFarias.pdf
,28,TAMAULIPAS,,,11,GOMEZ FARIAS,,,REG_MR,PAN,4,VERONICA CASTRO HERNANDEZ,2,https://www.ietam.org.mx/Portal/documentos/PE2021/Resultados/Constancias/ConsMay_GomezFarias.pdf
,28,TAMAULIPAS,,,11,GOMEZ FARIAS,,,REG_RP,PVEM,2,GLADIS CECILIA SIERRA HERNANDEZ,2,https://www.ietam.org.mx/Portal/documentos/PE2021/Resultados/Constancias/ConsRP_GomezFarias.pdf
,28,TAMAULIPAS,,,11,GOMEZ FARIAS,,,REG_RP,PT_MORENA,1,AIDA SANCHEZ HERNANDEZ,2,https://www.ietam.org.mx/Portal/documentos/PE2021/Resultados/Constancias/ConsRP_GomezFarias.pdf
,28,TAMAULIPAS,,,12,GONZALEZ,,,PRES_MUN,PAN,1,ADA GABRIELA VERLAGE FRIEDMAN,2,https://www.ietam.org.mx/Portal/documentos/PE2021/Resultados/Constancias/ConsMay_Gonzalez.pdf
,28,TAMAULIPAS,,,12,GONZALEZ,,,SIND,PAN,1,CARLOS ALEJANDRO SALAS LACEDELLI,1,https://www.ietam.org.mx/Portal/documentos/PE2021/Resultados/Constancias/ConsMay_Gonzalez.pdf
,28,TAMAULIPAS,,,12,GONZALEZ,,,SIND,PAN,2,EDITH RUIZ REYNA,2,https://www.ietam.org.mx/Portal/documentos/PE2021/Resultados/Constancias/ConsMay_Gonzalez.pdf
,28,TAMAULIPAS,,,12,GONZALEZ,,,REG_MR,PAN,1,JULIO EDUARDO SANCHEZ GARCIA,1,https://www.ietam.org.mx/Portal/documentos/PE2021/Resultados/Constancias/ConsMay_Gonzalez.pdf
,28,TAMAULIPAS,,,12,GONZALEZ,,,REG_MR,PAN,2,BRENDA MARIANA ESCOBAR RAMIREZ,2,https://www.ietam.org.mx/Portal/documentos/PE2021/Resultados/Constancias/ConsMay_Gonzalez.pdf
,28,TAMAULIPAS,,,12,GONZALEZ,,,REG_MR,PAN,3,JESUS DANIEL CASTRO CASTILLO,1,https://www.ietam.org.mx/Portal/documentos/PE2021/Resultados/Constancias/ConsMay_Gonzalez.pdf
,28,TAMAULIPAS,,,12,GONZALEZ,,,REG_MR,PAN,4,MA. LETICIA GOMEZ DIAZ,2,https://www.ietam.org.mx/Portal/documentos/PE2021/Resultados/Constancias/ConsMay_Gonzalez.pdf
,28,TAMAULIPAS,,,12,GONZALEZ,,,REG_MR,PAN,5,CARLOS ANTONIO PEÑA YAÑEZ,1,https://www.ietam.org.mx/Portal/documentos/PE2021/Resultados/Constancias/ConsMay_Gonzalez.pdf
,28,TAMAULIPAS,,,12,GONZALEZ,,,REG_RP,PT_MORENA,1,ANA KAREN DE LEON GALICIA,2,https://www.ietam.org.mx/Portal/documentos/PE2021/Resultados/Constancias/ConsRP_Gonzalez.pdf
,28,TAMAULIPAS,,,12,GONZALEZ,,,REG_RP,PRI,1,GIOVANNA HERRERA GONZALEZ,2,https://www.ietam.org.mx/Portal/documentos/PE2021/Resultados/Constancias/ConsRP_Gonzalez.pdf
,28,TAMAULIPAS,,,12,GONZALEZ,,,REG_RP,CAND_IND2,1,NORA LIZBETH DE LEIJA ZUÑIGA,2,https://www.ietam.org.mx/Portal/documentos/PE2021/Resultados/Constancias/ConsRP_Gonzalez.pdf
,28,TAMAULIPAS,,,13,GUEMEZ,,,PRES_MUN,PRI,1,JOSE LORENZO MORALES AMARO,1,https://www.ietam.org.mx/Portal/documentos/PE2021/Resultados/Constancias/ConsMay_Guemez.pdf
,28,TAMAULIPAS,,,13,GUEMEZ,,,SIND,PRI,1,SAN JUANA FONSECA CALDERON,2,https://www.ietam.org.mx/Portal/documentos/PE2021/Resultados/Constancias/ConsMay_Guemez.pdf
,28,TAMAULIPAS,,,13,GUEMEZ,,,REG_MR,PRI,1,GILBERTO ANGEL CARVAJAL PEREZ,1,https://www.ietam.org.mx/Portal/documentos/PE2021/Resultados/Constancias/ConsMay_Guemez.pdf
,28,TAMAULIPAS,,,13,GUEMEZ,,,REG_MR,PRI,2,LEONOR HERNANDEZ GARCIA,2,https://www.ietam.org.mx/Portal/documentos/PE2021/Resultados/Constancias/ConsMay_Guemez.pdf
,28,TAMAULIPAS,,,13,GUEMEZ,,,REG_MR,PRI,3,JORGE MEZA ALEJOS,1,https://www.ietam.org.mx/Portal/documentos/PE2021/Resultados/Constancias/ConsMay_Guemez.pdf
,28,TAMAULIPAS,,,13,GUEMEZ,,,REG_MR,PRI,4,MARIA DEL CONSUELO ZARATE DELGADO,2,https://www.ietam.org.mx/Portal/documentos/PE2021/Resultados/Constancias/ConsMay_Guemez.pdf
,28,TAMAULIPAS,,,13,GUEMEZ,,,REG_RP,PAN,1,EDGAR OMAR GONZALEZ MENDOZA,1,https://www.ietam.org.mx/Portal/documentos/PE2021/Resultados/Constancias/ConsRP_Guemez.pdf
,28,TAMAULIPAS,,,13,GUEMEZ,,,REG_RP,MC,1,ANA MARIA SALDIERNA GARCIA,2,https://www.ietam.org.mx/Portal/documentos/PE2021/Resultados/Constancias/ConsRP_Guemez.pdf
,28,TAMAULIPAS,,,14,GUERRERO,,,PRES_MUN,PRI,1,IRACEMA ALBEZA PEÑA RAMIREZ,2,https://www.ietam.org.mx/Portal/documentos/PE2021/Resultados/Constancias/ConsMay_Guerrero.pdf
,28,TAMAULIPAS,,,14,GUERRERO,,,SIND,PRI,1,AMADO GARCIA GARZA,1,https://www.ietam.org.mx/Portal/documentos/PE2021/Resultados/Constancias/ConsMay_Guerrero.pdf
,28,TAMAULIPAS,,,14,GUERRERO,,,REG_MR,PRI,1,MARIA MANUELA BENAVIDES CHAPA,2,https://www.ietam.org.mx/Portal/documentos/PE2021/Resultados/Constancias/ConsMay_Guerrero.pdf
,28,TAMAULIPAS,,,14,GUERRERO,,,REG_MR,PRI,2,ADOLFO JAVIER LOPEZ ZAMORA,1,https://www.ietam.org.mx/Portal/documentos/PE2021/Resultados/Constancias/ConsMay_Guerrero.pdf
,28,TAMAULIPAS,,,14,GUERRERO,,,REG_MR,PRI,3,OFELIA RAMIREZ FRAYRE,2,https://www.ietam.org.mx/Portal/documentos/PE2021/Resultados/Constancias/ConsMay_Guerrero.pdf
,28,TAMAULIPAS,,,14,GUERRERO,,,REG_MR,PRI,4,LEOPOLDO MARTINEZ VALADEZ,1,https://www.ietam.org.mx/Portal/documentos/PE2021/Resultados/Constancias/ConsMay_Guerrero.pdf
,28,TAMAULIPAS,,,14,GUERRERO,,,REG_RP,PVEM,1,JAHEL ABIGAIL ESCOBAR MINOR,2,https://www.ietam.org.mx/Portal/documentos/PE2021/Resultados/Constancias/ConsRP_Guerrero.pdf
,28,TAMAULIPAS,,,14,GUERRERO,,,REG_RP,PAN,1,MARTHA YADIRA BARRERA GONZALEZ,2,https://www.ietam.org.mx/Portal/documentos/PE2021/Resultados/Constancias/ConsRP_Guerrero.pdf
,28,TAMAULIPAS,,,15,GUSTAVO DIAZ ORDAZ,,,PRES_MUN,PT_MORENA,1,NATALY GARCIA DIAZ,2,https://www.ietam.org.mx/Portal/documentos/PE2021/Resultados/Constancias/ConsMay_GustavoDiazOrdaz.pdf
,28,TAMAULIPAS,,,15,GUSTAVO DIAZ ORDAZ,,,SIND,PT_MORENA,1,REYNALDO SALINAS RIOS,1,https://www.ietam.org.mx/Portal/documentos/PE2021/Resultados/Constancias/ConsMay_GustavoDiazOrdaz.pdf
,28,TAMAULIPAS,,,15,GUSTAVO DIAZ ORDAZ,,,REG_MR,PT_MORENA,1,ROSA ELIA SANCHEZ MARTINEZ,2,https://www.ietam.org.mx/Portal/documentos/PE2021/Resultados/Constancias/ConsMay_GustavoDiazOrdaz.pdf
,28,TAMAULIPAS,,,15,GUSTAVO DIAZ ORDAZ,,,REG_MR,PT_MORENA,2,OSCAR MARIO PEÑA DURAN,1,https://www.ietam.org.mx/Portal/documentos/PE2021/Resultados/Constancias/ConsMay_GustavoDiazOrdaz.pdf
,28,TAMAULIPAS,,,15,GUSTAVO DIAZ ORDAZ,,,REG_MR,PT_MORENA,3,JESSICA ALEJANDRA CANTU CORDERO,2,https://www.ietam.org.mx/Portal/documentos/PE2021/Resultados/Constancias/ConsMay_GustavoDiazOrdaz.pdf
,28,TAMAULIPAS,,,15,GUSTAVO DIAZ ORDAZ,,,REG_MR,PT_MORENA,4,RAUL ARIAS GONZALEZ,1,https://www.ietam.org.mx/Portal/documentos/PE2021/Resultados/Constancias/ConsMay_GustavoDiazOrdaz.pdf
,28,TAMAULIPAS,,,15,GUSTAVO DIAZ ORDAZ,,,REG_RP,PES,1,HELIO PEÑA GARCIA,1,https://www.ietam.org.mx/Portal/documentos/PE2021/Resultados/Constancias/ConsRP_GustavoDiazOrdaz.pdf
,28,TAMAULIPAS,,,15,GUSTAVO DIAZ ORDAZ,,,REG_RP,PAN,1,MIROSLAVA GABRIELA MILAN FLORES,2,https://www.ietam.org.mx/Portal/documentos/PE2021/Resultados/Constancias/ConsRP_GustavoDiazOrdaz.pdf
,28,TAMAULIPAS,,,16,HIDALGO,,,PRES_MUN,PAN,1,JUAN JOSE CONTRERAS CASTILLO,1,https://www.ietam.org.mx/Portal/documentos/PE2021/Resultados/Constancias/ConsMay_Hidalgo.pdf
,28,TAMAULIPAS,,,16,HIDALGO,,,SIND,PAN,1,MA. DEL ROSARIO PACHECO GARCIA,2,https://www.ietam.org.mx/Portal/documentos/PE2021/Resultados/Constancias/ConsMay_Hidalgo.pdf
,28,TAMAULIPAS,,,16,HIDALGO,,,REG_MR,PAN,1,JOSE TRINIDAD MENDOZA ESQUIVEL,1,https://www.ietam.org.mx/Portal/documentos/PE2021/Resultados/Constancias/ConsMay_Hidalgo.pdf
,28,TAMAULIPAS,,,16,HIDALGO,,,REG_MR,PAN,2,SILVIA SOLEDAD ALEMAN HERNANDEZ,2,https://www.ietam.org.mx/Portal/documentos/PE2021/Resultados/Constancias/ConsMay_Hidalgo.pdf
,28,TAMAULIPAS,,,16,HIDALGO,,,REG_MR,PAN,3,JOSE ABELARDO GARZA MALDONADO,1,https://www.ietam.org.mx/Portal/documentos/PE2021/Resultados/Constancias/ConsMay_Hidalgo.pdf
,28,TAMAULIPAS,,,16,HIDALGO,,,REG_MR,PAN,4,MA. LOURDES DELGADO MEDRANO,2,https://www.ietam.org.mx/Portal/documentos/PE2021/Resultados/Constancias/ConsMay_Hidalgo.pdf
,28,TAMAULIPAS,,,16,HIDALGO,,,REG_RP,PT_MORENA,3,JOSE JUAN LUMBRERAS SERRATO,1,https://www.ietam.org.mx/Portal/documentos/PE2021/Resultados/Constancias/ConsRP_Hidalgo.pdf
,28,TAMAULIPAS,,,16,HIDALGO,,,REG_RP,PRI,1,MA. GUADALUPE SANCHEZ SANCHEZ,2,https://www.ietam.org.mx/Portal/documentos/PE2021/Resultados/Constancias/ConsRP_Hidalgo.pdf
,28,TAMAULIPAS,,,17,JAUMAVE,,,PRES_MUN,CAND_IND4,1,JOSE LUIS GALLARDO FLORES,1,https://www.ietam.org.mx/Portal/documentos/PE2021/Resultados/Constancias/ConsMay_Jaumave.pdf
,28,TAMAULIPAS,,,17,JAUMAVE,,,SIND,CAND_IND4,1,ESPERANZA MARTINEZ BERRONES,2,https://www.ietam.org.mx/Portal/documentos/PE2021/Resultados/Constancias/ConsMay_Jaumave.pdf
,28,TAMAULIPAS,,,17,JAUMAVE,,,REG_MR,CAND_IND4,1,ELIBERTO GUTIERREZ MIRANDA,1,https://www.ietam.org.mx/Portal/documentos/PE2021/Resultados/Constancias/ConsMay_Jaumave.pdf
,28,TAMAULIPAS,,,17,JAUMAVE,,,REG_MR,CAND_IND4,2,GUILLERMINA RIVAS LARA,2,https://www.ietam.org.mx/Portal/documentos/PE2021/Resultados/Constancias/ConsMay_Jaumave.pdf
,28,TAMAULIPAS,,,17,JAUMAVE,,,REG_MR,CAND_IND4,3,SERGIO AGUILAR VARGAS,1,https://www.ietam.org.mx/Portal/documentos/PE2021/Resultados/Constancias/ConsMay_Jaumave.pdf
,28,TAMAULIPAS,,,17,JAUMAVE,,,REG_MR,CAND_IND4,4,MARIA DE JESUS MORALES TOVAR,2,https://www.ietam.org.mx/Portal/documentos/PE2021/Resultados/Constancias/ConsMay_Jaumave.pdf
,28,TAMAULIPAS,,,17,JAUMAVE,,,REG_RP,PAN,1,MA. IRMA VILLANUEVA GUTIERREZ,2,https://www.ietam.org.mx/Portal/documentos/PE2021/Resultados/Constancias/ConsRP_Jaumave.pdf
,28,TAMAULIPAS,,,17,JAUMAVE,,,REG_RP,PT_MORENA,1,EDWIN ALEXIS MARAÑON LOPEZ,1,https://www.ietam.org.mx/Portal/documentos/PE2021/Resultados/Constancias/ConsRP_Jaumave.pdf
,28,TAMAULIPAS,,,18,JIMENEZ,,,PRES_MUN,PRI,1,LUIS ENRIQUE SALAZAR SANCHEZ,1,https://www.ietam.org.mx/Portal/documentos/PE2021/Resultados/Constancias/ConsMay_Jimenez.pdf
,28,TAMAULIPAS,,,18,JIMENEZ,,,SIND,PRI,1,LAURA VIVIAN LOPEZ GUIMBARDA,2,https://www.ietam.org.mx/Portal/documentos/PE2021/Resultados/Constancias/ConsMay_Jimenez.pdf
,28,TAMAULIPAS,,,18,JIMENEZ,,,REG_MR,PRI,1,JUAN HUMBERTO SALAZAR SALDIVAR,1,https://www.ietam.org.mx/Portal/documentos/PE2021/Resultados/Constancias/ConsMay_Jimenez.pdf
,28,TAMAULIPAS,,,18,JIMENEZ,,,REG_MR,PRI,2,AMADA LEZAMA CEPEDA,2,https://www.ietam.org.mx/Portal/documentos/PE2021/Resultados/Constancias/ConsMay_Jimenez.pdf
,28,TAMAULIPAS,,,18,JIMENEZ,,,REG_MR,PRI,3,PEDRO ALBERTO DE LOS REYES GARZA,1,https://www.ietam.org.mx/Portal/documentos/PE2021/Resultados/Constancias/ConsMay_Jimenez.pdf
,28,TAMAULIPAS,,,18,JIMENEZ,,,REG_MR,PRI,4,ANA LILIA OLIVARES GARZA,2,https://www.ietam.org.mx/Portal/documentos/PE2021/Resultados/Constancias/ConsMay_Jimenez.pdf
,28,TAMAULIPAS,,,18,JIMENEZ,,,REG_RP,PAN,1,MARIA ROSA SALAZAR MENDEZ,2,https://www.ietam.org.mx/Portal/documentos/PE2021/Resultados/Constancias/ConsRP_Jimenez.pdf
,28,TAMAULIPAS,,,18,JIMENEZ,,,REG_RP,PT_MORENA,1,CECILIA ELIZABETH AGUIRRE VILLASEÑOR,2,https://www.ietam.org.mx/Portal/documentos/PE2021/Resultados/Constancias/ConsRP_Jimenez.pdf
,28,TAMAULIPAS,,,19,LLERA,,,PRES_MUN,PAN,1,MOISES ANTONIO BORJON OLVERA,1,https://www.ietam.org.mx/Portal/documentos/PE2021/Resultados/Constancias/ConsMay_Llera.pdf
,28,TAMAULIPAS,,,19,LLERA,,,SIND,PAN,1,NORMA DELIA LARA ALEMAN,2,https://www.ietam.org.mx/Portal/documentos/PE2021/Resultados/Constancias/ConsMay_Llera.pdf
,28,TAMAULIPAS,,,19,LLERA,,,REG_MR,PAN,1,SERGIO RAFAEL MANRIQUEZ GOMEZ,1,https://www.ietam.org.mx/Portal/documentos/PE2021/Resultados/Constancias/ConsMay_Llera.pdf
,28,TAMAULIPAS,,,19,LLERA,,,REG_MR,PAN,2,DORA ELSA MARTINEZ COLUNGA,2,https://www.ietam.org.mx/Portal/documentos/PE2021/Resultados/Constancias/ConsMay_Llera.pdf
,28,TAMAULIPAS,,,19,LLERA,,,REG_MR,PAN,3,HECTOR HUGO CASTILLO HERNANDEZ,1,https://www.ietam.org.mx/Portal/documentos/PE2021/Resultados/Constancias/ConsMay_Llera.pdf
,28,TAMAULIPAS,,,19,LLERA,,,REG_MR,PAN,4,MARIA ISABEL SANCHEZ LARA,2,https://www.ietam.org.mx/Portal/documentos/PE2021/Resultados/Constancias/ConsMay_Llera.pdf
,28,TAMAULIPAS,,,19,LLERA,,,REG_RP,CAND_IND5,1,MARTHA LAURA WONG ROCHA,2,https://www.ietam.org.mx/Portal/documentos/PE2021/Resultados/Constancias/ConsRP_Llera.pdf
,28,TAMAULIPAS,,,19,LLERA,,,REG_RP,PT_MORENA,3,JORGE LUIS RIVERA CANO,1,https://www.ietam.org.mx/Portal/documentos/PE2021/Resultados/Constancias/ConsRP_Llera.pdf
,28,TAMAULIPAS,,,20,MAINERO,,,PRES_MUN,PAN,1,MARGARITA CARRANZA MENDEZ,2,https://www.ietam.org.mx/Portal/documentos/PE2021/Resultados/Constancias/ConsMay_Mainero.pdf
,28,TAMAULIPAS,,,20,MAINERO,,,SIND,PAN,1,HERIBERTO MARTINEZ PATLAN,1,https://www.ietam.org.mx/Portal/documentos/PE2021/Resultados/Constancias/ConsMay_Mainero.pdf
,28,TAMAULIPAS,,,20,MAINERO,,,REG_MR,PAN,1,KARELI VALLADARES LUNA,2,https://www.ietam.org.mx/Portal/documentos/PE2021/Resultados/Constancias/ConsMay_Mainero.pdf
,28,TAMAULIPAS,,,20,MAINERO,,,REG_MR,PAN,2,JOSE GERARDO RINCON RODRIGUEZ,1,https://www.ietam.org.mx/Portal/documentos/PE2021/Resultados/Constancias/ConsMay_Mainero.pdf
,28,TAMAULIPAS,,,20,MAINERO,,,REG_MR,PAN,3,GABRIELA MARTINEZ MUÑOZ,2,https://www.ietam.org.mx/Portal/documentos/PE2021/Resultados/Constancias/ConsMay_Mainero.pdf
,28,TAMAULIPAS,,,20,MAINERO,,,REG_MR,PAN,4,RUPERTO LOPEZ SILVA,1,https://www.ietam.org.mx/Portal/documentos/PE2021/Resultados/Constancias/ConsMay_Mainero.pdf
,28,TAMAULIPAS,,,20,MAINERO,,,REG_RP,PT_MORENA,1,JESUS ALEJANDRO GALINDO MARTINEZ,1,https://www.ietam.org.mx/Portal/documentos/PE2021/Resultados/Constancias/ConsRP_Mainero.pdf
,28,TAMAULIPAS,,,20,MAINERO,,,REG_RP,PRI,1,ALMA ANGELICA SERRATO LUMBRERAS,2,https://www.ietam.org.mx/Portal/documentos/PE2021/Resultados/Constancias/ConsRP_Mainero.pdf
,28,TAMAULIPAS,,,21,EL MANTE,,,PRES_MUN,PAN,1,EDGAR NOE RAMOS FERRETIZ,1,https://www.ietam.org.mx/Portal/documentos/PE2021/Resultados/Constancias/ConsMay_ElMante.pdf
,28,TAMAULIPAS,,,21,EL MANTE,,,SIND,PAN,1,VIRGINIA GRISELDA SUAREZ PEREZ,2,https://www.ietam.org.mx/Portal/documentos/PE2021/Resultados/Constancias/ConsMay_ElMante.pdf
,28,TAMAULIPAS,,,21,EL MANTE,,,SIND,PAN,2,CESAR FERNANDO GARNIER GONZALEZ,1,https://www.ietam.org.mx/Portal/documentos/PE2021/Resultados/Constancias/ConsMay_ElMante.pdf
,28,TAMAULIPAS,,,21,EL MANTE,,,REG_MR,PAN,1,HILDA ARACELY CAHUICH ESTRADA,2,https://www.ietam.org.mx/Portal/documentos/PE2021/Resultados/Constancias/ConsMay_ElMante.pdf
,28,TAMAULIPAS,,,21,EL MANTE,,,REG_MR,PAN,2,OSCAR VAZQUEZ COLUNGA,1,https://www.ietam.org.mx/Portal/documentos/PE2021/Resultados/Constancias/ConsMay_ElMante.pdf
,28,TAMAULIPAS,,,21,EL MANTE,,,REG_MR,PAN,3,BRENDA BERENICE MIRELES VARGAS,2,https://www.ietam.org.mx/Portal/documentos/PE2021/Resultados/Constancias/ConsMay_ElMante.pdf
,28,TAMAULIPAS,,,21,EL MANTE,,,REG_MR,PAN,4,JOSE GABRIEL PONCE MARTINEZ,1,https://www.ietam.org.mx/Portal/documentos/PE2021/Resultados/Constancias/ConsMay_ElMante.pdf
,28,TAMAULIPAS,,,21,EL MANTE,,,REG_MR,PAN,5,RUTH ARCELIA TORRES MADRIGAL,2,https://www.ietam.org.mx/Portal/documentos/PE2021/Resultados/Constancias/ConsMay_ElMante.pdf
,28,TAMAULIPAS,,,21,EL MANTE,,,REG_MR,PAN,6,EMIGDIO JESUS ILIZALITURRI ADAME,1,https://www.ietam.org.mx/Portal/documentos/PE2021/Resultados/Constancias/ConsMay_ElMante.pdf
,28,TAMAULIPAS,,,21,EL MANTE,,,REG_MR,PAN,7,ESMERALDA MAYORGA LOPEZ,2,https://www.ietam.org.mx/Portal/documentos/PE2021/Resultados/Constancias/ConsMay_ElMante.pdf
,28,TAMAULIPAS,,,21,EL MANTE,,,REG_MR,PAN,8,ERICK IVAN MUNIVE VAZQUEZ,1,https://www.ietam.org.mx/Portal/documentos/PE2021/Resultados/Constancias/ConsMay_ElMante.pdf
,28,TAMAULIPAS,,,21,EL MANTE,,,REG_MR,PAN,9,PAULA ELENA MARTINEZ NAVA,2,https://www.ietam.org.mx/Portal/documentos/PE2021/Resultados/Constancias/ConsMay_ElMante.pdf
,28,TAMAULIPAS,,,21,EL MANTE,,,REG_MR,PAN,10,VICTOR ADRIAN MALDONADO HUERTA,1,https://www.ietam.org.mx/Portal/documentos/PE2021/Resultados/Constancias/ConsMay_ElMante.pdf
,28,TAMAULIPAS,,,21,EL MANTE,,,REG_MR,PAN,11,ANA MA. SANCHEZ MARTINEZ,2,https://www.ietam.org.mx/Portal/documentos/PE2021/Resultados/Constancias/ConsMay_ElMante.pdf
,28,TAMAULIPAS,,,21,EL MANTE,,,REG_MR,PAN,12,JUANA CEPEDA LOPEZ,2,https://www.ietam.org.mx/Portal/documentos/PE2021/Resultados/Constancias/ConsMay_ElMante.pdf
,28,TAMAULIPAS,,,21,EL MANTE,,,REG_RP,PT_MORENA,1,BENJAMIN LOPEZ HERNANDEZ,1,https://www.ietam.org.mx/Portal/documentos/PE2021/Resultados/Constancias/ConsRP_ElMante.pdf
,28,TAMAULIPAS,,,21,EL MANTE,,,REG_RP,PRI,1,FEBE TAMAR GONZALEZ MENDEZ,2,https://www.ietam.org.mx/Portal/documentos/PE2021/Resultados/Constancias/ConsRP_ElMante.pdf
,28,TAMAULIPAS,,,21,EL MANTE,,,REG_RP,PVEM,1,ASTRID SONTOYA MULLER,2,https://www.ietam.org.mx/Portal/documentos/PE2021/Resultados/Constancias/ConsRP_ElMante.pdf
,28,TAMAULIPAS,,,21,EL MANTE,,,REG_RP,PES,1,AMINE ELOISA GUTIERREZ ALILLAN,2,https://www.ietam.org.mx/Portal/documentos/PE2021/Resultados/Constancias/ConsRP_ElMante.pdf
,28,TAMAULIPAS,,,21,EL MANTE,,,REG_RP,PT_MORENA,3,ALAM YAIR CARDONA MEDINA,1,https://www.ietam.org.mx/Portal/documentos/PE2021/Resultados/Constancias/ConsRP_ElMante.pdf
,28,TAMAULIPAS,,,21,EL MANTE,,,REG_RP,PRI,1,BRUNO AROLDO DIAZ LARA,1,https://www.ietam.org.mx/Portal/documentos/PE2021/Resultados/Constancias/ConsRP_ElMante.pdf
,28,TAMAULIPAS,,,22,MATAMOROS,,,PRES_MUN,PT_MORENA,1,MARIO ALBERTO LOPEZ HERNANDEZ,1,https://www.ietam.org.mx/Portal/documentos/PE2021/Resultados/Constancias/ConsMay_Matamoros.pdf
,28,TAMAULIPAS,,,22,MATAMOROS,,,SIND,PT_MORENA,1,LAURA ENEDELIA CARDENAS FARIAS,2,https://www.ietam.org.mx/Portal/documentos/PE2021/Resultados/Constancias/ConsMay_Matamoros.pdf
,28,TAMAULIPAS,,,22,MATAMOROS,,,SIND,PT_MORENA,2,ALEJANDRO VILLAFAÑEZ ZAMUDIO,1,https://www.ietam.org.mx/Portal/documentos/PE2021/Resultados/Constancias/ConsMay_Matamoros.pdf
,28,TAMAULIPAS,,,22,MATAMOROS,,,REG_MR,PT_MORENA,1,ALBA BELEN AGUILAR REYNA,2,https://www.ietam.org.mx/Portal/documentos/PE2021/Resultados/Constancias/ConsMay_Matamoros.pdf
,28,TAMAULIPAS,,,22,MATAMOROS,,,REG_MR,PT_MORENA,2,JORGE ALBERTO AGUIRRE LLANAS,1,https://www.ietam.org.mx/Portal/documentos/PE2021/Resultados/Constancias/ConsMay_Matamoros.pdf
,28,TAMAULIPAS,,,22,MATAMOROS,,,REG_MR,PT_MORENA,3,ANDREA PUENTE GARCIA,2,https://www.ietam.org.mx/Portal/documentos/PE2021/Resultados/Constancias/ConsMay_Matamoros.pdf
,28,TAMAULIPAS,,,22,MATAMOROS,,,REG_MR,PT_MORENA,4,JOSE MANUEL RAYGOZA GARCIA,1,https://www.ietam.org.mx/Portal/documentos/PE2021/Resultados/Constancias/ConsMay_Matamoros.pdf
,28,TAMAULIPAS,,,22,MATAMOROS,,,REG_MR,PT_MORENA,5,JULIA ROSA FAVILA CASTILLO,2,https://www.ietam.org.mx/Portal/documentos/PE2021/Resultados/Constancias/ConsMay_Matamoros.pdf
,28,TAMAULIPAS,,,22,MATAMOROS,,,REG_MR,PT_MORENA,6,ADOLFO IVAN PUENTE ACOSTA,1,https://www.ietam.org.mx/Portal/documentos/PE2021/Resultados/Constancias/ConsMay_Matamoros.pdf
,28,TAMAULIPAS,,,22,MATAMOROS,,,REG_MR,PT_MORENA,7,MA ROSA PEREZ GARCIA,2,https://www.ietam.org.mx/Portal/documentos/PE2021/Resultados/Constancias/ConsMay_Matamoros.pdf
,28,TAMAULIPAS,,,22,MATAMOROS,,,REG_MR,PT_MORENA,8,ANDRES ANDRADE MARQUEZ,1,https://www.ietam.org.mx/Portal/documentos/PE2021/Resultados/Constancias/ConsMay_Matamoros.pdf
,28,TAMAULIPAS,,,22,MATAMOROS,,,REG_MR,PT_MORENA,9,ALMA ROSA ALARCON CERNA,2,https://www.ietam.org.mx/Portal/documentos/PE2021/Resultados/Constancias/ConsMay_Matamoros.pdf
,28,TAMAULIPAS,,,22,MATAMOROS,,,REG_MR,PT_MORENA,10,ALEJANDRO CEREZO RUIZ,1,https://www.ietam.org.mx/Portal/documentos/PE2021/Resultados/Constancias/ConsMay_Matamoros.pdf
,28,TAMAULIPAS,,,22,MATAMOROS,,,REG_MR,PT_MORENA,11,MINERVA MATA TREJO,2,https://www.ietam.org.mx/Portal/documentos/PE2021/Resultados/Constancias/ConsMay_Matamoros.pdf
,28,TAMAULIPAS,,,22,MATAMOROS,,,REG_MR,PT_MORENA,12,JORGE PRISCILIANO RENTERIA CAMPOS,1,https://www.ietam.org.mx/Portal/documentos/PE2021/Resultados/Constancias/ConsMay_Matamoros.pdf
,28,TAMAULIPAS,,,22,MATAMOROS,,,REG_MR,PT_MORENA,13,JUANA GONZALEZ MORALES,2,https://www.ietam.org.mx/Portal/documentos/PE2021/Resultados/Constancias/ConsMay_Matamoros.pdf
,28,TAMAULIPAS,,,22,MATAMOROS,,,REG_MR,PT_MORENA,14,CRISTINA CABRERA FLORES,2,https://www.ietam.org.mx/Portal/documentos/PE2021/Resultados/Constancias/ConsMay_Matamoros.pdf
,28,TAMAULIPAS,,,22,MATAMOROS,,,REG_RP,PAN,1,GERARDO SERGIO CISNEROS GARCIA,1,https://www.ietam.org.mx/Portal/documentos/PE2021/Resultados/Constancias/ConsRP_Matamoros.pdf
,28,TAMAULIPAS,,,22,MATAMOROS,,,REG_RP,PRI,1,CLAUDIA ASTRID JIMENEZ LEDEZMA,2,https://www.ietam.org.mx/Portal/documentos/PE2021/Resultados/Constancias/ConsRP_Matamoros.pdf
,28,TAMAULIPAS,,,22,MATAMOROS,,,REG_RP,PVEM,1,VALERIE ALEXA PIZZUTO RODRIGUEZ,2,https://www.ietam.org.mx/Portal/documentos/PE2021/Resultados/Constancias/ConsRP_Matamoros.pdf
,28,TAMAULIPAS,,,22,MATAMOROS,,,REG_RP,MC,1,MAYRA MELISSA SAMANO SALDIVAR,2,https://www.ietam.org.mx/Portal/documentos/PE2021/Resultados/Constancias/ConsRP_Matamoros.pdf
,28,TAMAULIPAS,,,22,MATAMOROS,,,REG_RP,PAN,2,LETICIA ALEJANDRA SIERRA FRAGOSO,2,https://www.ietam.org.mx/Portal/documentos/PE2021/Resultados/Constancias/ConsRP_Matamoros.pdf
,28,TAMAULIPAS,,,22,MATAMOROS,,,REG_RP,PAN,3,ISMAEL GARCIA RAMOS,1,https://www.ietam.org.mx/Portal/documentos/PE2021/Resultados/Constancias/ConsRP_Matamoros.pdf
,28,TAMAULIPAS,,,22,MATAMOROS,,,REG_RP,PRI,2,HECTOR JAIME SILVA SANTOS,1,https://www.ietam.org.mx/Portal/documentos/PE2021/Resultados/Constancias/ConsRP_Matamoros.pdf
,28,TAMAULIPAS,,,23,MENDEZ,,,PRES_MUN,PAN,1,MA. CRISTINA BARRERA BARRERA,2,https://www.ietam.org.mx/Portal/documentos/PE2021/Resultados/Constancias/ConsMay_Mendez.pdf
,28,TAMAULIPAS,,,23,MENDEZ,,,SIND,PAN,1,PEDRO GARCIA PALACIOS,1,https://www.ietam.org.mx/Portal/documentos/PE2021/Resultados/Constancias/ConsMay_Mendez.pdf
,28,TAMAULIPAS,,,23,MENDEZ,,,REG_MR,PAN,1,ARACELY MUÑOZ GARZA,2,https://www.ietam.org.mx/Portal/documentos/PE2021/Resultados/Constancias/ConsMay_Mendez.pdf
,28,TAMAULIPAS,,,23,MENDEZ,,,REG_MR,PAN,2,JESUS PATIÑO VILLAGOMEZ,1,https://www.ietam.org.mx/Portal/documentos/PE2021/Resultados/Constancias/ConsMay_Mendez.pdf
,28,TAMAULIPAS,,,23,MENDEZ,,,REG_MR,PAN,3,JULIA GONZALEZ GONZALEZ,2,https://www.ietam.org.mx/Portal/documentos/PE2021/Resultados/Constancias/ConsMay_Mendez.pdf
,28,TAMAULIPAS,,,23,MENDEZ,,,REG_MR,PAN,4,GERARDO TORRES MARTINEZ,1,https://www.ietam.org.mx/Portal/documentos/PE2021/Resultados/Constancias/ConsMay_Mendez.pdf
,28,TAMAULIPAS,,,23,MENDEZ,,,REG_RP,PRI,1,GUILLERMO BERRIOS RODRIGUEZ,1,https://www.ietam.org.mx/Portal/documentos/PE2021/Resultados/Constancias/ConsRP_Mendez.pdf
,28,TAMAULIPAS,,,23,MENDEZ,,,REG_RP,FXM,2,JUANA CRUZ CAPUCHINA,2,https://www.ietam.org.mx/Portal/documentos/PE2021/Resultados/Constancias/ConsRP_Mendez.pdf
,28,TAMAULIPAS,,,24,MIER,,,PRES_MUN,PAN,1,JOSE PATROCLO TREVIÑO RAMOS,1,https://www.ietam.org.mx/Portal/documentos/PE2021/Resultados/Constancias/ConsMay_Mier.pdf
,28,TAMAULIPAS,,,24,MIER,,,SIND,PAN,1,DIANA MOLINA SALINAS,2,https://www.ietam.org.mx/Portal/documentos/PE2021/Resultados/Constancias/ConsMay_Mier.pdf
,28,TAMAULIPAS,,,24,MIER,,,REG_MR,PAN,1,GONZALO NICANOR BARRON SANTOS,1,https://www.ietam.org.mx/Portal/documentos/PE2021/Resultados/Constancias/ConsMay_Mier.pdf
,28,TAMAULIPAS,,,24,MIER,,,REG_MR,PAN,2,ROMELIA GARCIA COBOS,2,https://www.ietam.org.mx/Portal/documentos/PE2021/Resultados/Constancias/ConsMay_Mier.pdf
,28,TAMAULIPAS,,,24,MIER,,,REG_MR,PAN,3,MANUEL HUGO GARCES AGUILLON,1,https://www.ietam.org.mx/Portal/documentos/PE2021/Resultados/Constancias/ConsMay_Mier.pdf
,28,TAMAULIPAS,,,24,MIER,,,REG_MR,PAN,4,ANA LUISA NIÑO CLETO,2,https://www.ietam.org.mx/Portal/documentos/PE2021/Resultados/Constancias/ConsMay_Mier.pdf
,28,TAMAULIPAS,,,24,MIER,,,REG_RP,CAND_IND6,1,CARLOS RAUL ROJAS SALINAS,1,https://www.ietam.org.mx/Portal/documentos/PE2021/Resultados/Constancias/ConsRP_Mier.pdf
,28,TAMAULIPAS,,,24,MIER,,,REG_RP,PT_MORENA,3,NAYELI GARCIA GUERRA,2,https://www.ietam.org.mx/Portal/documentos/PE2021/Resultados/Constancias/ConsRP_Mier.pdf
,28,TAMAULIPAS,,,25,MIGUEL ALEMAN,,,PRES_MUN,PAN,1,RAMIRO CORTEZ BARRERA,1,https://www.ietam.org.mx/Portal/documentos/PE2021/Resultados/Constancias/ConsMay_MiguelAleman.pdf
,28,TAMAULIPAS,,,25,MIGUEL ALEMAN,,,SIND,PAN,1,LORENA GUADALUPE GARZA LANDIN,2,https://www.ietam.org.mx/Portal/documentos/PE2021/Resultados/Constancias/ConsMay_MiguelAleman.pdf
,28,TAMAULIPAS,,,25,MIGUEL ALEMAN,,,REG_MR,PAN,1,RUBEN JOEL VALDEZ HINOJOSA,1,https://www.ietam.org.mx/Portal/documentos/PE2021/Resultados/Constancias/ConsMay_MiguelAleman.pdf
,28,TAMAULIPAS,,,25,MIGUEL ALEMAN,,,REG_MR,PAN,2,NORA ILMA LOPEZ BARRERA,2,https://www.ietam.org.mx/Portal/documentos/PE2021/Resultados/Constancias/ConsMay_MiguelAleman.pdf
,28,TAMAULIPAS,,,25,MIGUEL ALEMAN,,,REG_MR,PAN,3,ERICK TADEO PEÑA BARRERA,1,https://www.ietam.org.mx/Portal/documentos/PE2021/Resultados/Constancias/ConsMay_MiguelAleman.pdf
,28,TAMAULIPAS,,,25,MIGUEL ALEMAN,,,REG_MR,PAN,4,NINETH ORALIA RODRIGUEZ BARREIRO,2,https://www.ietam.org.mx/Portal/documentos/PE2021/Resultados/Constancias/ConsMay_MiguelAleman.pdf
,28,TAMAULIPAS,,,25,MIGUEL ALEMAN,,,REG_RP,PRI,1,JUAN JOSE GARZA SANCHEZ,1,https://www.ietam.org.mx/Portal/documentos/PE2021/Resultados/Constancias/ConsRP_MiguelAleman.pdf
,28,TAMAULIPAS,,,25,MIGUEL ALEMAN,,,REG_RP,PVEM,1,DELIA ISABEL BARRERA Y BARRERA,2,https://www.ietam.org.mx/Portal/documentos/PE2021/Resultados/Constancias/ConsRP_MiguelAleman.pdf
,28,TAMAULIPAS,,,26,MIQUIHUANA,,,PRES_MUN,PAN,1,GLADIS MAGALIS VARGAS RANGEL,2,https://www.ietam.org.mx/Portal/documentos/PE2021/Resultados/Constancias/ConsMay_Miquihuana.pdf
,28,TAMAULIPAS,,,26,MIQUIHUANA,,,SIND,PAN,1,FRANCISCO PUENTE MATA,1,https://www.ietam.org.mx/Portal/documentos/PE2021/Resultados/Constancias/ConsMay_Miquihuana.pdf
,28,TAMAULIPAS,,,26,MIQUIHUANA,,,REG_MR,PAN,1,FABIOLA PAEZ BARRON,2,https://www.ietam.org.mx/Portal/documentos/PE2021/Resultados/Constancias/ConsMay_Miquihuana.pdf
,28,TAMAULIPAS,,,26,MIQUIHUANA,,,REG_MR,PAN,2,RAMON CASTILLO PEREZ,1,https://www.ietam.org.mx/Portal/documentos/PE2021/Resultados/Constancias/ConsMay_Miquihuana.pdf
,28,TAMAULIPAS,,,26,MIQUIHUANA,,,REG_MR,PAN,3,BRENDA DENISE CARRIZAL SEGURA,2,https://www.ietam.org.mx/Portal/documentos/PE2021/Resultados/Constancias/ConsMay_Miquihuana.pdf
,28,TAMAULIPAS,,,26,MIQUIHUANA,,,REG_MR,PAN,4,MARTIN MEJIA TOVAR,1,https://www.ietam.org.mx/Portal/documentos/PE2021/Resultados/Constancias/ConsMay_Miquihuana.pdf
,28,TAMAULIPAS,,,26,MIQUIHUANA,,,REG_RP,PRI,1,LETICIA SANCHEZ MEZA,2,https://www.ietam.org.mx/Portal/documentos/PE2021/Resultados/Constancias/ConsRP_Miquihuana.pdf
,28,TAMAULIPAS,,,26,MIQUIHUANA,,,REG_RP,PT_MORENA,1,JESUS FIDENCIO LIMON LEIJA,1,https://www.ietam.org.mx/Portal/documentos/PE2021/Resultados/Constancias/ConsRP_Miquihuana.pdf
,28,TAMAULIPAS,,,27,NUEVO LAREDO,,,PRES_MUN,PT_MORENA,1,CARMEN LILIA CANTUROSAS VILLARREAL,2,https://www.ietam.org.mx/Portal/documentos/PE2021/Resultados/Constancias/ConsMay_NuevoLaredo.pdf
,28,TAMAULIPAS,,,27,NUEVO LAREDO,,,SIND,PT_MORENA,1,JESUS ALBERTO JASSO MONTEMAYOR,1,https://www.ietam.org.mx/Portal/documentos/PE2021/Resultados/Constancias/ConsMay_NuevoLaredo.pdf
,28,TAMAULIPAS,,,27,NUEVO LAREDO,,,SIND,PT_MORENA,2,IMELDA MANGIN TORRE,2,https://www.ietam.org.mx/Portal/documentos/PE2021/Resultados/Constancias/ConsMay_NuevoLaredo.pdf
,28,TAMAULIPAS,,,27,NUEVO LAREDO,,,REG_MR,PT_MORENA,1,LUIS CAVAZOS CARDENAS,1,https://www.ietam.org.mx/Portal/documentos/PE2021/Resultados/Constancias/ConsMay_NuevoLaredo.pdf
,28,TAMAULIPAS,,,27,NUEVO LAREDO,,,REG_MR,PT_MORENA,2,JULIA ELIDA ORTEGA DE LOS SANTOS,2,https://www.ietam.org.mx/Portal/documentos/PE2021/Resultados/Constancias/ConsMay_NuevoLaredo.pdf
,28,TAMAULIPAS,,,27,NUEVO LAREDO,,,REG_MR,PT_MORENA,3,MARIO HUGO ALVARADO CHAVEZ,1,https://www.ietam.org.mx/Portal/documentos/PE2021/Resultados/Constancias/ConsMay_NuevoLaredo.pdf
,28,TAMAULIPAS,,,27,NUEVO LAREDO,,,REG_MR,PT_MORENA,4,NUBIA LIZETH ALMAGUER,2,https://www.ietam.org.mx/Portal/documentos/PE2021/Resultados/Constancias/ConsMay_NuevoLaredo.pdf
,28,TAMAULIPAS,,,27,NUEVO LAREDO,,,REG_MR,PT_MORENA,5,SERGIO ARTURO OJEDA CASTILLO,1,https://www.ietam.org.mx/Portal/documentos/PE2021/Resultados/Constancias/ConsMay_NuevoLaredo.pdf
,28,TAMAULIPAS,,,27,NUEVO LAREDO,,,REG_MR,PT_MORENA,6,YOLIRIA FUENTES GARZA,2,https://www.ietam.org.mx/Portal/documentos/PE2021/Resultados/Constancias/ConsMay_NuevoLaredo.pdf
,28,TAMAULIPAS,,,27,NUEVO LAREDO,,,REG_MR,PT_MORENA,7,SANTOS FRANCISCO HERNANDEZ AGUILAR,1,https://www.ietam.org.mx/Portal/documentos/PE2021/Resultados/Constancias/ConsMay_NuevoLaredo.pdf
,28,TAMAULIPAS,,,27,NUEVO LAREDO,,,REG_MR,PT_MORENA,8,MARIZA YAZMIN ZARATE FLORES,2,https://www.ietam.org.mx/Portal/documentos/PE2021/Resultados/Constancias/ConsMay_NuevoLaredo.pdf
,28,TAMAULIPAS,,,27,NUEVO LAREDO,,,REG_MR,PT_MORENA,9,GUADALUPE ZAPATA MUÑIZ,1,https://www.ietam.org.mx/Portal/documentos/PE2021/Resultados/Constancias/ConsMay_NuevoLaredo.pdf
,28,TAMAULIPAS,,,27,NUEVO LAREDO,,,REG_MR,PT_MORENA,10,MACARENA CORAZON GONZALEZ NUÑEZ,2,https://www.ietam.org.mx/Portal/documentos/PE2021/Resultados/Constancias/ConsMay_NuevoLaredo.pdf
,28,TAMAULIPAS,,,27,NUEVO LAREDO,,,REG_MR,PT_MORENA,11,JORGE OSVALDO VALDEZ VARGAS,1,https://www.ietam.org.mx/Portal/documentos/PE2021/Resultados/Constancias/ConsMay_NuevoLaredo.pdf
,28,TAMAULIPAS,,,27,NUEVO LAREDO,,,REG_MR,PT_MORENA,12,ERIKA NANCY MENDOZA CHAVEZ,2,https://www.ietam.org.mx/Portal/documentos/PE2021/Resultados/Constancias/ConsMay_NuevoLaredo.pdf
,28,TAMAULIPAS,,,27,NUEVO LAREDO,,,REG_MR,PT_MORENA,13,ENRIQUE FIGUEROA ROCHA,1,https://www.ietam.org.mx/Portal/documentos/PE2021/Resultados/Constancias/ConsMay_NuevoLaredo.pdf
,28,TAMAULIPAS,,,27,NUEVO LAREDO,,,REG_MR,PT_MORENA,14,CLAUDIA ARACELI FLORES MEDINA,2,https://www.ietam.org.mx/Portal/documentos/PE2021/Resultados/Constancias/ConsMay_NuevoLaredo.pdf
,28,TAMAULIPAS,,,27,NUEVO LAREDO,,,REG_RP,PAN,1,ERNESTO FERRARA THERIOT,1,https://www.ietam.org.mx/Portal/documentos/PE2021/Resultados/Constancias/ConsRP_NuevoLaredo.pdf
,28,TAMAULIPAS,,,27,NUEVO LAREDO,,,REG_RP,PRI,1,ROBERTO VIVIANO VAZQUEZ MACIAS,1,https://www.ietam.org.mx/Portal/documentos/PE2021/Resultados/Constancias/ConsRP_NuevoLaredo.pdf
,28,TAMAULIPAS,,,27,NUEVO LAREDO,,,REG_RP,MC,1,JORGE ALFREDO RAMIREZ RUBIO,1,https://www.ietam.org.mx/Portal/documentos/PE2021/Resultados/Constancias/ConsRP_NuevoLaredo.pdf
,28,TAMAULIPAS,,,27,NUEVO LAREDO,,,REG_RP,PAN,2,SAMANTHA OFELIA BULAS LIGUEZ,2,https://www.ietam.org.mx/Portal/documentos/PE2021/Resultados/Constancias/ConsRP_NuevoLaredo.pdf
,28,TAMAULIPAS,,,27,NUEVO LAREDO,,,REG_RP,PAN,3,DANIEL TREVIÑO MARTINEZ,1,https://www.ietam.org.mx/Portal/documentos/PE2021/Resultados/Constancias/ConsRP_NuevoLaredo.pdf
,28,TAMAULIPAS,,,27,NUEVO LAREDO,,,REG_RP,PAN,4,MARIA DE LA LUZ MEJIA MARTINEZ,2,https://www.ietam.org.mx/Portal/documentos/PE2021/Resultados/Constancias/ConsRP_NuevoLaredo.pdf
,28,TAMAULIPAS,,,27,NUEVO LAREDO,,,REG_RP,PAN,6,ARIANA GARZA LOPEZ,2,https://www.ietam.org.mx/Portal/documentos/PE2021/Resultados/Constancias/ConsRP_NuevoLaredo.pdf
,28,TAMAULIPAS,,,28,NUEVO MORELOS,,,PRES_MUN,PAN,1,YANETH CRISTAL NAJERA CEDILLO,2,https://www.ietam.org.mx/Portal/documentos/PE2021/Resultados/Constancias/ConsMay_NuevoMorelos.pdf
,28,TAMAULIPAS,,,28,NUEVO MORELOS,,,SIND,PAN,1,VICTOR LUCIO TRISTAN PEÑA,1,https://www.ietam.org.mx/Portal/documentos/PE2021/Resultados/Constancias/ConsMay_NuevoMorelos.pdf
,28,TAMAULIPAS,,,28,NUEVO MORELOS,,,REG_MR,PAN,1,GRISELDA CIFUENTES CARRIZALEZ,2,https://www.ietam.org.mx/Portal/documentos/PE2021/Resultados/Constancias/ConsMay_NuevoMorelos.pdf
,28,TAMAULIPAS,,,28,NUEVO MORELOS,,,REG_MR,PAN,2,ADRIAN HERNANDEZ MARTINEZ,1,https://www.ietam.org.mx/Portal/documentos/PE2021/Resultados/Constancias/ConsMay_NuevoMorelos.pdf
,28,TAMAULIPAS,,,28,NUEVO MORELOS,,,REG_MR,PAN,3,EDITH MAGDALENA CASTILLO ALMARAZ,2,https://www.ietam.org.mx/Portal/documentos/PE2021/Resultados/Constancias/ConsMay_NuevoMorelos.pdf
,28,TAMAULIPAS,,,28,NUEVO MORELOS,,,REG_MR,PAN,4,RENE CORTINA COLL,1,https://www.ietam.org.mx/Portal/documentos/PE2021/Resultados/Constancias/ConsMay_NuevoMorelos.pdf
,28,TAMAULIPAS,,,28,NUEVO MORELOS,,,REG_RP,PRI,1,ELEUTERIO RODRIGUEZ PARDO,1,https://www.ietam.org.mx/Portal/documentos/PE2021/Resultados/Constancias/ConsRP_NuevoMorelos.pdf
,28,TAMAULIPAS,,,28,NUEVO MORELOS,,,REG_RP,PT_MORENA,3,BEATRIZ HERRERA FRUTOS,2,https://www.ietam.org.mx/Portal/documentos/PE2021/Resultados/Constancias/ConsRP_NuevoMorelos.pdf
,28,TAMAULIPAS,,,29,OCAMPO,,,PRES_MUN,PAN,1,MELCHOR BUDARTH BAEZ,1,https://www.ietam.org.mx/Portal/documentos/PE2021/Resultados/Constancias/ConsMay_Ocampo.pdf
,28,TAMAULIPAS,,,29,OCAMPO,,,SIND,PAN,1,ADRIANA LUCIO GUERRERO,2,https://www.ietam.org.mx/Portal/documentos/PE2021/Resultados/Constancias/ConsMay_Ocampo.pdf
,28,TAMAULIPAS,,,29,OCAMPO,,,REG_MR,PAN,1,ERIBERTO CESPEDES CAMACHO,1,https://www.ietam.org.mx/Portal/documentos/PE2021/Resultados/Constancias/ConsMay_Ocampo.pdf
,28,TAMAULIPAS,,,29,OCAMPO,,,REG_MR,PAN,2,SUGEI MOLINA GUERRERO,2,https://www.ietam.org.mx/Portal/documentos/PE2021/Resultados/Constancias/ConsMay_Ocampo.pdf
,28,TAMAULIPAS,,,29,OCAMPO,,,REG_MR,PAN,3,EPIFANIO RAMIREZ GUERRERO,1,https://www.ietam.org.mx/Portal/documentos/PE2021/Resultados/Constancias/ConsMay_Ocampo.pdf
,28,TAMAULIPAS,,,29,OCAMPO,,,REG_MR,PAN,4,ROSA ICELA MOLINA GUERRERO,2,https://www.ietam.org.mx/Portal/documentos/PE2021/Resultados/Constancias/ConsMay_Ocampo.pdf
,28,TAMAULIPAS,,,29,OCAMPO,,,REG_RP,CAND_IND8,1,JUAN JOSE ACUÑA GALVAN,1,https://www.ietam.org.mx/Portal/documentos/PE2021/Resultados/Constancias/ConsRP_Ocampo.pdf
,28,TAMAULIPAS,,,29,OCAMPO,,,REG_RP,PRI,2,ROCIO RODRIGUEZ MARTINEZ,2,https://www.ietam.org.mx/Portal/documentos/PE2021/Resultados/Constancias/ConsRP_Ocampo.pdf
,28,TAMAULIPAS,,,30,PADILLA,,,PRES_MUN,PAN,1,JOSE MANUEL SILVESTRE RUIZ,1,https://www.ietam.org.mx/Portal/documentos/PE2021/Resultados/Constancias/ConsMay_Padilla.pdf
,28,TAMAULIPAS,,,30,PADILLA,,,SIND,PAN,1,SOFIA TURRUBIATES MUÑIZ,2,https://www.ietam.org.mx/Portal/documentos/PE2021/Resultados/Constancias/ConsMay_Padilla.pdf
,28,TAMAULIPAS,,,30,PADILLA,,,REG_MR,PAN,1,HUGO SERGIO DELGADO BETANCOURT,1,https://www.ietam.org.mx/Portal/documentos/PE2021/Resultados/Constancias/ConsMay_Padilla.pdf
,28,TAMAULIPAS,,,30,PADILLA,,,REG_MR,PAN,2,MARTHA ALICIA ANAYA BERRONES,2,https://www.ietam.org.mx/Portal/documentos/PE2021/Resultados/Constancias/ConsMay_Padilla.pdf
,28,TAMAULIPAS,,,30,PADILLA,,,REG_MR,PAN,3,CONSTANTINO HIGUERA MARTINEZ,1,https://www.ietam.org.mx/Portal/documentos/PE2021/Resultados/Constancias/ConsMay_Padilla.pdf
,28,TAMAULIPAS,,,30,PADILLA,,,REG_MR,PAN,4,ROSALBA LOPEZ MATA,2,https://www.ietam.org.mx/Portal/documentos/PE2021/Resultados/Constancias/ConsMay_Padilla.pdf
,28,TAMAULIPAS,,,30,PADILLA,,,REG_RP,PT_MORENA,3,FELIPE ANGELES CUELLAR PERALES,1,https://www.ietam.org.mx/Portal/documentos/PE2021/Resultados/Constancias/ConsRP_Padilla.pdf
,28,TAMAULIPAS,,,30,PADILLA,,,REG_RP,PT_MORENA,2,ITHZEL RUBI GARZA HERNANDEZ,2,https://www.ietam.org.mx/Portal/documentos/PE2021/Resultados/Constancias/ConsRP_Padilla.pdf
,28,TAMAULIPAS,,,31,PALMILLAS,,,PRES_MUN,PAN,1,MA. DE LAS NIEVES RAMIREZ COMPEAN,2,https://www.ietam.org.mx/Portal/documentos/PE2021/Resultados/Constancias/ConsMay_Palmillas.pdf
,28,TAMAULIPAS,,,31,PALMILLAS,,,SIND,PAN,1,SANTOS TORRES VILLANUEVA,1,https://www.ietam.org.mx/Portal/documentos/PE2021/Resultados/Constancias/ConsMay_Palmillas.pdf
,28,TAMAULIPAS,,,31,PALMILLAS,,,REG_MR,PAN,1,DORA VELIA RAMOS RAMIREZ,2,https://www.ietam.org.mx/Portal/documentos/PE2021/Resultados/Constancias/ConsMay_Palmillas.pdf
,28,TAMAULIPAS,,,31,PALMILLAS,,,REG_MR,PAN,2,JULIAN CASTRO CERVANTES,1,https://www.ietam.org.mx/Portal/documentos/PE2021/Resultados/Constancias/ConsMay_Palmillas.pdf
,28,TAMAULIPAS,,,31,PALMILLAS,,,REG_MR,PAN,3,YURIANA BARRON VARGAS,2,https://www.ietam.org.mx/Portal/documentos/PE2021/Resultados/Constancias/ConsMay_Palmillas.pdf
,28,TAMAULIPAS,,,31,PALMILLAS,,,REG_MR,PAN,4,MARTIN SIFUENTES ALONZO,1,https://www.ietam.org.mx/Portal/documentos/PE2021/Resultados/Constancias/ConsMay_Palmillas.pdf
,28,TAMAULIPAS,,,31,PALMILLAS,,,REG_RP,MORENA,1,REYNA FAVIOLA VILLANUEVA CHARLES,2,https://www.ietam.org.mx/Portal/documentos/PE2021/Resultados/Constancias/ConsRP_Palmillas.pdf
,28,TAMAULIPAS,,,31,PALMILLAS,,,REG_RP,PRI,1,DULCE MARIU CAMACHO VAZQUEZ,2,https://www.ietam.org.mx/Portal/documentos/PE2021/Resultados/Constancias/ConsRP_Palmillas.pdf
,28,TAMAULIPAS,,,32,REYNOSA,,,PRES_MUN,PT_MORENA,1,CARLOS VICTOR PEÑA,1,https://www.ietam.org.mx/Portal/documentos/PE2021/Resultados/Constancias/ConsMay_Reynosa.pdf
,28,TAMAULIPAS,,,32,REYNOSA,,,SIND,PT_MORENA,1,MARIA LUISA TAVARES SALDAÑA,2,https://www.ietam.org.mx/Portal/documentos/PE2021/Resultados/Constancias/ConsMay_Reynosa.pdf
,28,TAMAULIPAS,,,32,REYNOSA,,,SIND,PT_MORENA,2,MARCO ANTONIO MONTALVO HERNANDEZ,1,https://www.ietam.org.mx/Portal/documentos/PE2021/Resultados/Constancias/ConsMay_Reynosa.pdf
,28,TAMAULIPAS,,,32,REYNOSA,,,REG_MR,PT_MORENA,1,BERENICE CANTU MORENO,2,https://www.ietam.org.mx/Portal/documentos/PE2021/Resultados/Constancias/ConsMay_Reynosa.pdf
,28,TAMAULIPAS,,,32,REYNOSA,,,REG_MR,PT_MORENA,2,JUAN GONZALEZ LOZANO,1,https://www.ietam.org.mx/Portal/documentos/PE2021/Resultados/Constancias/ConsMay_Reynosa.pdf
,28,TAMAULIPAS,,,32,REYNOSA,,,REG_MR,PT_MORENA,3,SANDRA ELIZABETH GARZA FAZ,2,https://www.ietam.org.mx/Portal/documentos/PE2021/Resultados/Constancias/ConsMay_Reynosa.pdf
,28,TAMAULIPAS,,,32,REYNOSA,,,REG_MR,PT_MORENA,4,JORGE GUADALUPE ACUÑA TOVIAS,1,https://www.ietam.org.mx/Portal/documentos/PE2021/Resultados/Constancias/ConsMay_Reynosa.pdf
,28,TAMAULIPAS,,,32,REYNOSA,,,REG_MR,PT_MORENA,5,MARGARITA ORTEGA PADRON,2,https://www.ietam.org.mx/Portal/documentos/PE2021/Resultados/Constancias/ConsMay_Reynosa.pdf
,28,TAMAULIPAS,,,32,REYNOSA,,,REG_MR,PT_MORENA,6,VICENTE ALEJANDRO GONZALEZ DELGADILLO,1,https://www.ietam.org.mx/Portal/documentos/PE2021/Resultados/Constancias/ConsMay_Reynosa.pdf
,28,TAMAULIPAS,,,32,REYNOSA,,,REG_MR,PT_MORENA,7,REYNA DENIS ASCENCIO TORRES,2,https://www.ietam.org.mx/Portal/documentos/PE2021/Resultados/Constancias/ConsMay_Reynosa.pdf
,28,TAMAULIPAS,,,32,REYNOSA,,,REG_MR,PT_MORENA,8,SALVADOR DE JESUS LEAL GARZA,1,https://www.ietam.org.mx/Portal/documentos/PE2021/Resultados/Constancias/ConsMay_Reynosa.pdf
,28,TAMAULIPAS,,,32,REYNOSA,,,REG_MR,PT_MORENA,9,MARIA DEL ROSARIO RODRIGUEZ VELAZQUEZ,2,https://www.ietam.org.mx/Portal/documentos/PE2021/Resultados/Constancias/ConsMay_Reynosa.pdf
,28,TAMAULIPAS,,,32,REYNOSA,,,REG_MR,PT_MORENA,10,JOSE LUIS GODINA ROSALES,1,https://www.ietam.org.mx/Portal/documentos/PE2021/Resultados/Constancias/ConsMay_Reynosa.pdf
,28,TAMAULIPAS,,,32,REYNOSA,,,REG_MR,PT_MORENA,11,NANCY ESPERANZA RIOS RIVERA,2,https://www.ietam.org.mx/Portal/documentos/PE2021/Resultados/Constancias/ConsMay_Reynosa.pdf
,28,TAMAULIPAS,,,32,REYNOSA,,,REG_MR,PT_MORENA,12,JOSE ANTONIO CHAVEZ HERRERA,1,https://www.ietam.org.mx/Portal/documentos/PE2021/Resultados/Constancias/ConsMay_Reynosa.pdf
,28,TAMAULIPAS,,,32,REYNOSA,,,REG_MR,PT_MORENA,13,PATRICIA RAMIREZ RUIZ,2,https://www.ietam.org.mx/Portal/documentos/PE2021/Resultados/Constancias/ConsMay_Reynosa.pdf
,28,TAMAULIPAS,,,32,REYNOSA,,,REG_MR,PT_MORENA,14,MA. TERESA MARQUEZ LIMON,2,https://www.ietam.org.mx/Portal/documentos/PE2021/Resultados/Constancias/ConsMay_Reynosa.pdf
,28,TAMAULIPAS,,,32,REYNOSA,,,REG_RP,PAN,1,ANA LIDIA LUEVANO DE LOS SANTOS,2,https://www.ietam.org.mx/Portal/documentos/PE2021/Resultados/Constancias/ConsRP_Reynosa.pdf
,28,TAMAULIPAS,,,32,REYNOSA,,,REG_RP,PES,1,CARLOS ALBERTO RAMIREZ LOPEZ,1,https://www.ietam.org.mx/Portal/documentos/PE2021/Resultados/Constancias/ConsRP_Reynosa.pdf
,28,TAMAULIPAS,,,32,REYNOSA,,,REG_RP,PRI,1,MARIA ESTHER GUADALUPE CAMARGO FELIX,2,https://www.ietam.org.mx/Portal/documentos/PE2021/Resultados/Constancias/ConsRP_Reynosa.pdf
,28,TAMAULIPAS,,,32,REYNOSA,,,REG_RP,MC,1,YESSICA LOPEZ SALAZAR,2,https://www.ietam.org.mx/Portal/documentos/PE2021/Resultados/Constancias/ConsRP_Reynosa.pdf
,28,TAMAULIPAS,,,32,REYNOSA,,,REG_RP,PVEM,1,DENISSE AHUMADA MARTINEZ,2,https://www.ietam.org.mx/Portal/documentos/PE2021/Resultados/Constancias/ConsRP_Reynosa.pdf
,28,TAMAULIPAS,,,32,REYNOSA,,,REG_RP,RSP,1,OSCAR SALINAS DAVILA,1,https://www.ietam.org.mx/Portal/documentos/PE2021/Resultados/Constancias/ConsRP_Reynosa.pdf
,28,TAMAULIPAS,,,32,REYNOSA,,,REG_RP,PAN,2,JORGE EDUARDO GOMEZ FLORES,1,https://www.ietam.org.mx/Portal/documentos/PE2021/Resultados/Constancias/ConsRP_Reynosa.pdf
,28,TAMAULIPAS,,,33,RIO BRAVO,,,PRES_MUN,PT_MORENA,1,HECTOR JOEL VILLEGAS GONZALEZ,1,https://www.ietam.org.mx/Portal/documentos/PE2021/Resultados/Constancias/ConsMay_RioBravo.pdf
,28,TAMAULIPAS,,,33,RIO BRAVO,,,SIND,PT_MORENA,1,VERONICA SALAZAR AVILA,2,https://www.ietam.org.mx/Portal/documentos/PE2021/Resultados/Constancias/ConsMay_RioBravo.pdf
,28,TAMAULIPAS,,,33,RIO BRAVO,,,SIND,PT_MORENA,2,JOEL EDUARDO YAÑEZ VILLEGAS,1,https://www.ietam.org.mx/Portal/documentos/PE2021/Resultados/Constancias/ConsMay_RioBravo.pdf
,28,TAMAULIPAS,,,33,RIO BRAVO,,,REG_MR,PT_MORENA,1,ALMA ALICIA CONTRERAS LARA,2,https://www.ietam.org.mx/Portal/documentos/PE2021/Resultados/Constancias/ConsMay_RioBravo.pdf
,28,TAMAULIPAS,,,33,RIO BRAVO,,,REG_MR,PT_MORENA,2,MARCOS ADRIAN BECERRIL CANDANOZA,1,https://www.ietam.org.mx/Portal/documentos/PE2021/Resultados/Constancias/ConsMay_RioBravo.pdf
,28,TAMAULIPAS,,,33,RIO BRAVO,,,REG_MR,PT_MORENA,3,LAURA ADRIANA LEYVA CZARES,2,https://www.ietam.org.mx/Portal/documentos/PE2021/Resultados/Constancias/ConsMay_RioBravo.pdf
,28,TAMAULIPAS,,,33,RIO BRAVO,,,REG_MR,PT_MORENA,4,ERIK ABIEL BAEZ GARCIA,1,https://www.ietam.org.mx/Portal/documentos/PE2021/Resultados/Constancias/ConsMay_RioBravo.pdf
,28,TAMAULIPAS,,,33,RIO BRAVO,,,REG_MR,PT_MORENA,5,FRANCISCA CASTRO ARMENTA,2,https://www.ietam.org.mx/Portal/documentos/PE2021/Resultados/Constancias/ConsMay_RioBravo.pdf
,28,TAMAULIPAS,,,33,RIO BRAVO,,,REG_MR,PT_MORENA,6,JOSE HOMERO TREVIÑO REYES,1,https://www.ietam.org.mx/Portal/documentos/PE2021/Resultados/Constancias/ConsMay_RioBravo.pdf
,28,TAMAULIPAS,,,33,RIO BRAVO,,,REG_MR,PT_MORENA,7,AYEZA ELIZABETH DE LA CERDA GUILLEN,2,https://www.ietam.org.mx/Portal/documentos/PE2021/Resultados/Constancias/ConsMay_RioBravo.pdf
,28,TAMAULIPAS,,,33,RIO BRAVO,,,REG_MR,PT_MORENA,8,RENE MUÑIZ MORENO,1,https://www.ietam.org.mx/Portal/documentos/PE2021/Resultados/Constancias/ConsMay_RioBravo.pdf
,28,TAMAULIPAS,,,33,RIO BRAVO,,,REG_MR,PT_MORENA,9,MARIA TERESA MARTINEZ VAZQUEZ,2,https://www.ietam.org.mx/Portal/documentos/PE2021/Resultados/Constancias/ConsMay_RioBravo.pdf
,28,TAMAULIPAS,,,33,RIO BRAVO,,,REG_MR,PT_MORENA,10,GREGORIO OCTAVIANO GARZA RODRIGUEZ,1,https://www.ietam.org.mx/Portal/documentos/PE2021/Resultados/Constancias/ConsMay_RioBravo.pdf
,28,TAMAULIPAS,,,33,RIO BRAVO,,,REG_MR,PT_MORENA,11,JUANA MARIA VILLARREAL ALVARADO,2,https://www.ietam.org.mx/Portal/documentos/PE2021/Resultados/Constancias/ConsMay_RioBravo.pdf
,28,TAMAULIPAS,,,33,RIO BRAVO,,,REG_MR,PT_MORENA,12,LUZ MARELY GARCIA ALVAREZ,2,https://www.ietam.org.mx/Portal/documentos/PE2021/Resultados/Constancias/ConsMay_RioBravo.pdf
,28,TAMAULIPAS,,,33,RIO BRAVO,,,REG_RP,PAN,1,MA. ROSALVA LOPEZ LOPEZ,2,https://www.ietam.org.mx/Portal/documentos/PE2021/Resultados/Constancias/ConsRP_RioBravo.pdf
,28,TAMAULIPAS,,,33,RIO BRAVO,,,REG_RP,PRI,1,SORAIDA NEREYDA COSS OLIVA,2,https://www.ietam.org.mx/Portal/documentos/PE2021/Resultados/Constancias/ConsRP_RioBravo.pdf
,28,TAMAULIPAS,,,33,RIO BRAVO,,,REG_RP,CAND_IND9,1,ALMA ARELY LOZANO JASSO,2,https://www.ietam.org.mx/Portal/documentos/PE2021/Resultados/Constancias/ConsRP_RioBravo.pdf
,28,TAMAULIPAS,,,33,RIO BRAVO,,,REG_RP,CAND_IND10,1,ESMERALDA NEVAREZ LERMA,2,https://www.ietam.org.mx/Portal/documentos/PE2021/Resultados/Constancias/ConsRP_RioBravo.pdf
,28,TAMAULIPAS,,,33,RIO BRAVO,,,REG_RP,PVEM,1,RAISHHA MAGDALENA NACIANCENO ALEMAN,2,https://www.ietam.org.mx/Portal/documentos/PE2021/Resultados/Constancias/ConsRP_RioBravo.pdf
,28,TAMAULIPAS,,,33,RIO BRAVO,,,REG_RP,MC,1,YESENIA RIVERA REGINO,2,https://www.ietam.org.mx/Portal/documentos/PE2021/Resultados/Constancias/ConsRP_RioBravo.pdf
,28,TAMAULIPAS,,,34,SAN CARLOS,,,PRES_MUN,PAN,1,TERESA LOPEZ HEREDIA,2,https://www.ietam.org.mx/Portal/documentos/PE2021/Resultados/Constancias/ConsMay_SanCarlos.pdf
,28,TAMAULIPAS,,,34,SAN CARLOS,,,SIND,PAN,1,EMILIO SAUCEDO MARTINEZ,1,https://www.ietam.org.mx/Portal/documentos/PE2021/Resultados/Constancias/ConsMay_SanCarlos.pdf
,28,TAMAULIPAS,,,34,SAN CARLOS,,,REG_MR,PAN,1,FRANCISCA SAUCEDO CHAVEZ,2,https://www.ietam.org.mx/Portal/documentos/PE2021/Resultados/Constancias/ConsMay_SanCarlos.pdf
,28,TAMAULIPAS,,,34,SAN CARLOS,,,REG_MR,PAN,2,MARTIN PEREZ FLORES,1,https://www.ietam.org.mx/Portal/documentos/PE2021/Resultados/Constancias/ConsMay_SanCarlos.pdf
,28,TAMAULIPAS,,,34,SAN CARLOS,,,REG_MR,PAN,3,CLAUDIA GUADALUPE HERNANDEZ AGUILAR,2,https://www.ietam.org.mx/Portal/documentos/PE2021/Resultados/Constancias/ConsMay_SanCarlos.pdf
,28,TAMAULIPAS,,,34,SAN CARLOS,,,REG_MR,PAN,4,ISIDRO RODRIGUEZ CABALLERO,1,https://www.ietam.org.mx/Portal/documentos/PE2021/Resultados/Constancias/ConsMay_SanCarlos.pdf
,28,TAMAULIPAS,,,34,SAN CARLOS,,,REG_RP,PT_MORENA,3,RAUL CASTILLO AMARO,1,https://www.ietam.org.mx/Portal/documentos/PE2021/Resultados/Constancias/ConsRP_SanCarlos.pdf
,28,TAMAULIPAS,,,34,SAN CARLOS,,,REG_RP,PRI,1,MARICRUZ TERAN VAZQUEZ,2,https://www.ietam.org.mx/Portal/documentos/PE2021/Resultados/Constancias/ConsRP_SanCarlos.pdf
,28,TAMAULIPAS,,,35,SAN FERNANDO,,,PRES_MUN,PAN,1,MAYBELLA LIZETH RAMIREZ SALDIVAR,2,https://www.ietam.org.mx/Portal/documentos/PE2021/Resultados/Constancias/ConsMay_SanFernando.pdf
,28,TAMAULIPAS,,,35,SAN FERNANDO,,,SIND,PAN,1,ALVARO JOSE LUIS FUENTES RODRIGUEZ,1,https://www.ietam.org.mx/Portal/documentos/PE2021/Resultados/Constancias/ConsMay_SanFernando.pdf
,28,TAMAULIPAS,,,35,SAN FERNANDO,,,SIND,PAN,2,SILVIA GRACIA GARCIA,2,https://www.ietam.org.mx/Portal/documentos/PE2021/Resultados/Constancias/ConsMay_SanFernando.pdf
,28,TAMAULIPAS,,,35,SAN FERNANDO,,,REG_MR,PAN,1,PEDRO LUNA RAMIREZ,1,https://www.ietam.org.mx/Portal/documentos/PE2021/Resultados/Constancias/ConsMay_SanFernando.pdf
,28,TAMAULIPAS,,,35,SAN FERNANDO,,,REG_MR,PAN,2,MA. DANIELA YAITTE CABALLERO SILVA,2,https://www.ietam.org.mx/Portal/documentos/PE2021/Resultados/Constancias/ConsMay_SanFernando.pdf
,28,TAMAULIPAS,,,35,SAN FERNANDO,,,REG_MR,PAN,3,ROGELIO ORTIZ MORENO,1,https://www.ietam.org.mx/Portal/documentos/PE2021/Resultados/Constancias/ConsMay_SanFernando.pdf
,28,TAMAULIPAS,,,35,SAN FERNANDO,,,REG_MR,PAN,4,ROSA ELIDA GARZA SOSA,2,https://www.ietam.org.mx/Portal/documentos/PE2021/Resultados/Constancias/ConsMay_SanFernando.pdf
,28,TAMAULIPAS,,,35,SAN FERNANDO,,,REG_MR,PAN,5,EUCARIO ARAGON ROBLES,1,https://www.ietam.org.mx/Portal/documentos/PE2021/Resultados/Constancias/ConsMay_SanFernando.pdf
,28,TAMAULIPAS,,,35,SAN FERNANDO,,,REG_MR,PAN,6,ELVIA ILIANA ALVAREZ VALLEJO,2,https://www.ietam.org.mx/Portal/documentos/PE2021/Resultados/Constancias/ConsMay_SanFernando.pdf
,28,TAMAULIPAS,,,35,SAN FERNANDO,,,REG_MR,PAN,7,IGNACIO OLMEDO,1,https://www.ietam.org.mx/Portal/documentos/PE2021/Resultados/Constancias/ConsMay_SanFernando.pdf
,28,TAMAULIPAS,,,35,SAN FERNANDO,,,REG_MR,PAN,8,BRENDA YURIDIA VILLELA CAJERO,2,https://www.ietam.org.mx/Portal/documentos/PE2021/Resultados/Constancias/ConsMay_SanFernando.pdf
,28,TAMAULIPAS,,,35,SAN FERNANDO,,,REG_RP,PT_MORENA,1,REMIGIO GARCIA PADILLA,1,https://www.ietam.org.mx/Portal/documentos/PE2021/Resultados/Constancias/ConsRP_SanFernando.pdf
,28,TAMAULIPAS,,,35,SAN FERNANDO,,,REG_RP,PRI,1,ABIGAIL RAMIREZ GONZALEZ,2,https://www.ietam.org.mx/Portal/documentos/PE2021/Resultados/Constancias/ConsRP_SanFernando.pdf
,28,TAMAULIPAS,,,35,SAN FERNANDO,,,REG_RP,PT_MORENA,3,ERICK ALEJANDRO CANTU OCHOA,1,https://www.ietam.org.mx/Portal/documentos/PE2021/Resultados/Constancias/ConsRP_SanFernando.pdf
,28,TAMAULIPAS,,,35,SAN FERNANDO,,,REG_RP,PVEM,1,GILBERTO ALEJANDRO MASCORRO TALIP,1,https://www.ietam.org.mx/Portal/documentos/PE2021/Resultados/Constancias/ConsRP_SanFernando.pdf
,28,TAMAULIPAS,,,36,SAN NICOLAS,,,PRES_MUN,PAN,1,DIANA LETICIA CASTELLANOS DEL CASTILLO,2,https://www.ietam.org.mx/Portal/documentos/PE2021/Resultados/Constancias/ConsMay_SanNicolas.pdf
,28,TAMAULIPAS,,,36,SAN NICOLAS,,,SIND,PAN,1,CANDELARIO QUINTERO VILLARREAL,1,https://www.ietam.org.mx/Portal/documentos/PE2021/Resultados/Constancias/ConsMay_SanNicolas.pdf
,28,TAMAULIPAS,,,36,SAN NICOLAS,,,REG_MR,PAN,1,MARIA DEL REFUGIO GARZA GARZA,2,https://www.ietam.org.mx/Portal/documentos/PE2021/Resultados/Constancias/ConsMay_SanNicolas.pdf
,28,TAMAULIPAS,,,36,SAN NICOLAS,,,REG_MR,PAN,2,FRANCISCO BENITO RIVERA RAMOS,1,https://www.ietam.org.mx/Portal/documentos/PE2021/Resultados/Constancias/ConsMay_SanNicolas.pdf
,28,TAMAULIPAS,,,36,SAN NICOLAS,,,REG_MR,PAN,3,MA SONIA SALAS BENAVIDES,2,https://www.ietam.org.mx/Portal/documentos/PE2021/Resultados/Constancias/ConsMay_SanNicolas.pdf
,28,TAMAULIPAS,,,36,SAN NICOLAS,,,REG_MR,PAN,4,HUGO ENRIQUE RESENDEZ QUINTERO,1,https://www.ietam.org.mx/Portal/documentos/PE2021/Resultados/Constancias/ConsMay_SanNicolas.pdf
,28,TAMAULIPAS,,,36,SAN NICOLAS,,,REG_RP,PRI,1,VERONICA YESMIN SALAS RESENDEZ,2,https://www.ietam.org.mx/Portal/documentos/PE2021/Resultados/Constancias/ConsRP_SanNicolas.pdf
,28,TAMAULIPAS,,,36,SAN NICOLAS,,,REG_RP,PRI,2,ALEJANDRO VAZQUEZ QUINTERO,1,https://www.ietam.org.mx/Portal/documentos/PE2021/Resultados/Constancias/ConsRP_SanNicolas.pdf
,28,TAMAULIPAS,,,37,SOTO LA MARINA,,,PRES_MUN,PT_MORENA,1,LUIS ANTONIO MEDINA JASSO,1,https://www.ietam.org.mx/Portal/documentos/PE2021/Resultados/Constancias/ConsMay_SotoLaMarina.pdf
,28,TAMAULIPAS,,,37,SOTO LA MARINA,,,SIND,PT_MORENA,1,MINERVA ARELLANO VELAZQUEZ,2,https://www.ietam.org.mx/Portal/documentos/PE2021/Resultados/Constancias/ConsMay_SotoLaMarina.pdf
,28,TAMAULIPAS,,,37,SOTO LA MARINA,,,REG_MR,PT_MORENA,1,ENRIQUE LINARES SANCHEZ,1,https://www.ietam.org.mx/Portal/documentos/PE2021/Resultados/Constancias/ConsMay_SotoLaMarina.pdf
,28,TAMAULIPAS,,,37,SOTO LA MARINA,,,REG_MR,PT_MORENA,2,EMILIANA GARZA CRIZANTO,2,https://www.ietam.org.mx/Portal/documentos/PE2021/Resultados/Constancias/ConsMay_SotoLaMarina.pdf
,28,TAMAULIPAS,,,37,SOTO LA MARINA,,,REG_MR,PT_MORENA,3,HUGO ARELLANO VILLARREAL,1,https://www.ietam.org.mx/Portal/documentos/PE2021/Resultados/Constancias/ConsMay_SotoLaMarina.pdf
,28,TAMAULIPAS,,,37,SOTO LA MARINA,,,REG_MR,PT_MORENA,4,DIANA GONZALEZ DE LEON,2,https://www.ietam.org.mx/Portal/documentos/PE2021/Resultados/Constancias/ConsMay_SotoLaMarina.pdf
,28,TAMAULIPAS,,,37,SOTO LA MARINA,,,REG_RP,PAN,1,JUAN CARLOS ALCOCER VAZQUEZ,1,https://www.ietam.org.mx/Portal/documentos/PE2021/Resultados/Constancias/ConsRP_SotoLaMarina.pdf
,28,TAMAULIPAS,,,37,SOTO LA MARINA,,,REG_RP,RSP,2,ROSA MARGARITA FLORES GOMEZ,2,https://www.ietam.org.mx/Portal/documentos/PE2021/Resultados/Constancias/ConsRP_SotoLaMarina.pdf
,28,TAMAULIPAS,,,38,TAMPICO,,,PRES_MUN,PAN,1,JESUS ANTONIO NADER NASRALLAH,1,https://www.ietam.org.mx/Portal/documentos/PE2021/Resultados/Constancias/ConsMay_Tampico.pdf
,28,TAMAULIPAS,,,38,TAMPICO,,,SIND,PAN,1,FLAVIA MAGDALENA GUTIERREZ MARTINEZ,2,https://www.ietam.org.mx/Portal/documentos/PE2021/Resultados/Constancias/ConsMay_Tampico.pdf
,28,TAMAULIPAS,,,38,TAMPICO,,,SIND,PAN,2,JOSE LUIS SANCHEZ GARZA,1,https://www.ietam.org.mx/Portal/documentos/PE2021/Resultados/Constancias/ConsMay_Tampico.pdf
,28,TAMAULIPAS,,,38,TAMPICO,,,REG_MR,PAN,1,MARIA GUADALUPE ROJAS GAMEZ,2,https://www.ietam.org.mx/Portal/documentos/PE2021/Resultados/Constancias/ConsMay_Tampico.pdf
,28,TAMAULIPAS,,,38,TAMPICO,,,REG_MR,PAN,2,SERGIO DANIEL AGUIRRE CONTRERAS,1,https://www.ietam.org.mx/Portal/documentos/PE2021/Resultados/Constancias/ConsMay_Tampico.pdf
,28,TAMAULIPAS,,,38,TAMPICO,,,REG_MR,PAN,3,CARMEN ALONDRA CABRERA ESCOBAR,2,https://www.ietam.org.mx/Portal/documentos/PE2021/Resultados/Constancias/ConsMay_Tampico.pdf
,28,TAMAULIPAS,,,38,TAMPICO,,,REG_MR,PAN,4,URCISIO SALVADOR MARQUEZ,1,https://www.ietam.org.mx/Portal/documentos/PE2021/Resultados/Constancias/ConsMay_Tampico.pdf
,28,TAMAULIPAS,,,38,TAMPICO,,,REG_MR,PAN,5,MARIA DEL CARMEN CASTILLO PINZON,2,https://www.ietam.org.mx/Portal/documentos/PE2021/Resultados/Constancias/ConsMay_Tampico.pdf
,28,TAMAULIPAS,,,38,TAMPICO,,,REG_MR,PAN,6,HOMERO PERAZA GUERRA,1,https://www.ietam.org.mx/Portal/documentos/PE2021/Resultados/Constancias/ConsMay_Tampico.pdf
,28,TAMAULIPAS,,,38,TAMPICO,,,REG_MR,PAN,7,JUANA LAURA RIVERA SALAS,2,https://www.ietam.org.mx/Portal/documentos/PE2021/Resultados/Constancias/ConsMay_Tampico.pdf
,28,TAMAULIPAS,,,38,TAMPICO,,,REG_MR,PAN,8,FRANCISCO ONTIVEROS SALINAS,1,https://www.ietam.org.mx/Portal/documentos/PE2021/Resultados/Constancias/ConsMay_Tampico.pdf
,28,TAMAULIPAS,,,38,TAMPICO,,,REG_MR,PAN,9,BEATRIZ RODRIGUEZ TARABELSI,2,https://www.ietam.org.mx/Portal/documentos/PE2021/Resultados/Constancias/ConsMay_Tampico.pdf
,28,TAMAULIPAS,,,38,TAMPICO,,,REG_MR,PAN,10,ALBERTO SANCHEZ NERI,1,https://www.ietam.org.mx/Portal/documentos/PE2021/Resultados/Constancias/ConsMay_Tampico.pdf
,28,TAMAULIPAS,,,38,TAMPICO,,,REG_MR,PAN,11,JUANA HERNANDEZ ROBLEDO,2,https://www.ietam.org.mx/Portal/documentos/PE2021/Resultados/Constancias/ConsMay_Tampico.pdf
,28,TAMAULIPAS,,,38,TAMPICO,,,REG_MR,PAN,12,JUAN MIGUEL PEREZ ALVAREZ,1,https://www.ietam.org.mx/Portal/documentos/PE2021/Resultados/Constancias/ConsMay_Tampico.pdf
,28,TAMAULIPAS,,,38,TAMPICO,,,REG_MR,PAN,13,MARIA DE JESUS OLIVO RODRIGUEZ,2,https://www.ietam.org.mx/Portal/documentos/PE2021/Resultados/Constancias/ConsMay_Tampico.pdf
,28,TAMAULIPAS,,,38,TAMPICO,,,REG_MR,PAN,14,MARIA DE LA LUZ MAR ESTRADA,2,https://www.ietam.org.mx/Portal/documentos/PE2021/Resultados/Constancias/ConsMay_Tampico.pdf
,28,TAMAULIPAS,,,38,TAMPICO,,,REG_RP,PT_MORENA,1,JUAN MANUEL PIZAÑA MARTINEZ,1,https://www.ietam.org.mx/Portal/documentos/PE2021/Resultados/Constancias/ConsRP_Tampico.pdf
,28,TAMAULIPAS,,,38,TAMPICO,,,REG_RP,PRI,1,ROBERTO GONZALEZ BARBA,1,https://www.ietam.org.mx/Portal/documentos/PE2021/Resultados/Constancias/ConsRP_Tampico.pdf
,28,TAMAULIPAS,,,38,TAMPICO,,,REG_RP,PT_MORENA,2,LETICIA HERNANDEZ,2,https://www.ietam.org.mx/Portal/documentos/PE2021/Resultados/Constancias/ConsRP_Tampico.pdf
,28,TAMAULIPAS,,,38,TAMPICO,,,REG_RP,MC,1,EDGAR ALBERTO TREVIÑO MARTINEZ,1,https://www.ietam.org.mx/Portal/documentos/PE2021/Resultados/Constancias/ConsRP_Tampico.pdf
,28,TAMAULIPAS,,,38,TAMPICO,,,REG_RP,RSP,1,MA. CONCEPCION MARTINEZ ESCOBAR,2,https://www.ietam.org.mx/Portal/documentos/PE2021/Resultados/Constancias/ConsRP_Tampico.pdf
,28,TAMAULIPAS,,,38,TAMPICO,,,REG_RP,PT_MORENA,3,CUITLAHUAC ORTEGA MALDONADO,1,https://www.ietam.org.mx/Portal/documentos/PE2021/Resultados/Constancias/ConsRP_Tampico.pdf
,28,TAMAULIPAS,,,38,TAMPICO,,,REG_RP,PT_MORENA,4,MONICA ZACIL VILLARREAL ANAYA,2,https://www.ietam.org.mx/Portal/documentos/PE2021/Resultados/Constancias/ConsRP_Tampico.pdf
,28,TAMAULIPAS,,,39,TULA,,,PRES_MUN,PAN,1,ANTONIO LEIJA VILLARREAL,1,https://www.ietam.org.mx/Portal/documentos/PE2021/Resultados/Constancias/ConsMay_Tula.pdf
,28,TAMAULIPAS,,,39,TULA,,,SIND,PAN,1,FELISSA GUADALUPE COLLAZO ACEVEDO,2,https://www.ietam.org.mx/Portal/documentos/PE2021/Resultados/Constancias/ConsMay_Tula.pdf
,28,TAMAULIPAS,,,39,TULA,,,SIND,PAN,2,HUGO WALLE GARCIA,1,https://www.ietam.org.mx/Portal/documentos/PE2021/Resultados/Constancias/ConsMay_Tula.pdf
,28,TAMAULIPAS,,,39,TULA,,,REG_MR,PAN,1,NORMA RUTH RAMOS DE LA CRUZ,2,https://www.ietam.org.mx/Portal/documentos/PE2021/Resultados/Constancias/ConsMay_Tula.pdf
,28,TAMAULIPAS,,,39,TULA,,,REG_MR,PAN,2,JORGE LUIS NIÑO MOLINA,1,https://www.ietam.org.mx/Portal/documentos/PE2021/Resultados/Constancias/ConsMay_Tula.pdf
,28,TAMAULIPAS,,,39,TULA,,,REG_MR,PAN,3,ADELAIDA COBOS CAMACHO,2,https://www.ietam.org.mx/Portal/documentos/PE2021/Resultados/Constancias/ConsMay_Tula.pdf
,28,TAMAULIPAS,,,39,TULA,,,REG_MR,PAN,4,HECTOR HERNANDEZ HERNANDEZ,1,https://www.ietam.org.mx/Portal/documentos/PE2021/Resultados/Constancias/ConsMay_Tula.pdf
,28,TAMAULIPAS,,,39,TULA,,,REG_MR,PAN,5,MA. DE JESUS GUTIERREZ PINEDA,2,https://www.ietam.org.mx/Portal/documentos/PE2021/Resultados/Constancias/ConsMay_Tula.pdf
,28,TAMAULIPAS,,,39,TULA,,,REG_RP,PRI,1,LEONOR CERVANTES MONTALVO,2,https://www.ietam.org.mx/Portal/documentos/PE2021/Resultados/Constancias/ConsRP_Tula.pdf
,28,TAMAULIPAS,,,39,TULA,,,REG_RP,PT_MORENA,1,MARTHA ELIZABETH GOMEZ QUIÑONES,2,https://www.ietam.org.mx/Portal/documentos/PE2021/Resultados/Constancias/ConsRP_Tula.pdf
,28,TAMAULIPAS,,,39,TULA,,,REG_RP,FXM,1,MAGALI SORELY AREVALO RUIZ,2,https://www.ietam.org.mx/Portal/documentos/PE2021/Resultados/Constancias/ConsRP_Tula.pdf
,28,TAMAULIPAS,,,40,VALLE HERMOSO,,,PRES_MUN,PAN,1,ALBERTO ENRIQUE ALANIS VILLARREAL,1,https://www.ietam.org.mx/Portal/documentos/PE2021/Resultados/Constancias/ConsMay_ValleHermoso.pdf
,28,TAMAULIPAS,,,40,VALLE HERMOSO,,,SIND,PAN,1,MA. DE LOS ANGELES ARCE LOPEZ,2,https://www.ietam.org.mx/Portal/documentos/PE2021/Resultados/Constancias/ConsMay_ValleHermoso.pdf
,28,TAMAULIPAS,,,40,VALLE HERMOSO,,,SIND,PAN,2,SEVERO LOPEZ LAGUNA,1,https://www.ietam.org.mx/Portal/documentos/PE2021/Resultados/Constancias/ConsMay_ValleHermoso.pdf
,28,TAMAULIPAS,,,40,VALLE HERMOSO,,,REG_MR,PAN,1,JUANA IMELDA ALANIS GONZALEZ,2,https://www.ietam.org.mx/Portal/documentos/PE2021/Resultados/Constancias/ConsMay_ValleHermoso.pdf
,28,TAMAULIPAS,,,40,VALLE HERMOSO,,,REG_MR,PAN,2,JORGE ALBERTO HINOJOSA GRANDE,1,https://www.ietam.org.mx/Portal/documentos/PE2021/Resultados/Constancias/ConsMay_ValleHermoso.pdf
,28,TAMAULIPAS,,,40,VALLE HERMOSO,,,REG_MR,PAN,3,MARIA MAGDALENA ESTRADA PEREZ,2,https://www.ietam.org.mx/Portal/documentos/PE2021/Resultados/Constancias/ConsMay_ValleHermoso.pdf
,28,TAMAULIPAS,,,40,VALLE HERMOSO,,,REG_MR,PAN,4,MANFREDO RIOS BALLESTEROS,1,https://www.ietam.org.mx/Portal/documentos/PE2021/Resultados/Constancias/ConsMay_ValleHermoso.pdf
,28,TAMAULIPAS,,,40,VALLE HERMOSO,,,REG_MR,PAN,5,PERLA LOPEZ MAGAÑA,2,https://www.ietam.org.mx/Portal/documentos/PE2021/Resultados/Constancias/ConsMay_ValleHermoso.pdf
,28,TAMAULIPAS,,,40,VALLE HERMOSO,,,REG_MR,PAN,6,JAIME ELADIO GARZA MONTAÑO,1,https://www.ietam.org.mx/Portal/documentos/PE2021/Resultados/Constancias/ConsMay_ValleHermoso.pdf
,28,TAMAULIPAS,,,40,VALLE HERMOSO,,,REG_MR,PAN,7,NANCY DEYANIRA VALDEZ SANCHEZ,2,https://www.ietam.org.mx/Portal/documentos/PE2021/Resultados/Constancias/ConsMay_ValleHermoso.pdf
,28,TAMAULIPAS,,,40,VALLE HERMOSO,,,REG_MR,PAN,8,MARIANELA BONILLA GONZALEZ,2,https://www.ietam.org.mx/Portal/documentos/PE2021/Resultados/Constancias/ConsMay_ValleHermoso.pdf
,28,TAMAULIPAS,,,40,VALLE HERMOSO,,,REG_RP,PT_MORENA,1,ROBERTO HUERTA RAMOS,1,https://www.ietam.org.mx/Portal/documentos/PE2021/Resultados/Constancias/ConsRP_ValleHermoso.pdf
,28,TAMAULIPAS,,,40,VALLE HERMOSO,,,REG_RP,PRI,1,RODOLFO ANDRADE DEL FIERRO,1,https://www.ietam.org.mx/Portal/documentos/PE2021/Resultados/Constancias/ConsRP_ValleHermoso.pdf
,28,TAMAULIPAS,,,40,VALLE HERMOSO,,,REG_RP,PT_MORENA,3,ERASMO REYES MARTINEZ,1,https://www.ietam.org.mx/Portal/documentos/PE2021/Resultados/Constancias/ConsRP_ValleHermoso.pdf
,28,TAMAULIPAS,,,40,VALLE HERMOSO,,,REG_RP,PVEM,1,VERONICA IRISTHELA PEREZ GARZA,2,https://www.ietam.org.mx/Portal/documentos/PE2021/Resultados/Constancias/ConsRP_ValleHermoso.pdf
,28,TAMAULIPAS,,,41,VICTORIA,,,PRES_MUN,PT_MORENA,1,EDUARDO ABRAHAM GATTAS BAEZ,1,https://www.ietam.org.mx/Portal/documentos/PE2021/Resultados/Constancias/ConsMay_Victoria.pdf
,28,TAMAULIPAS,,,41,VICTORIA,,,SIND,PT_MORENA,1,KARINA SANCHEZ DE LEON,2,https://www.ietam.org.mx/Portal/documentos/PE2021/Resultados/Constancias/ConsMay_Victoria.pdf
,28,TAMAULIPAS,,,41,VICTORIA,,,SIND,PT_MORENA,2,ERNESTO AVALOS BUSTOS,1,https://www.ietam.org.mx/Portal/documentos/PE2021/Resultados/Constancias/ConsMay_Victoria.pdf
,28,TAMAULIPAS,,,41,VICTORIA,,,REG_MR,PT_MORENA,1,MERCEDES LORENA ZAPATA MEDINA,2,https://www.ietam.org.mx/Portal/documentos/PE2021/Resultados/Constancias/ConsMay_Victoria.pdf
,28,TAMAULIPAS,,,41,VICTORIA,,,REG_MR,PT_MORENA,2,ALEJANDRO CENICEROS MARTINEZ,1,https://www.ietam.org.mx/Portal/documentos/PE2021/Resultados/Constancias/ConsMay_Victoria.pdf
,28,TAMAULIPAS,,,41,VICTORIA,,,REG_MR,PT_MORENA,3,NINFA MARIA SALDAÑA TAMEZ,2,https://www.ietam.org.mx/Portal/documentos/PE2021/Resultados/Constancias/ConsMay_Victoria.pdf
,28,TAMAULIPAS,,,41,VICTORIA,,,REG_MR,PT_MORENA,4,OSCAR ALBERTO NARVAEZ RAMOS,1,https://www.ietam.org.mx/Portal/documentos/PE2021/Resultados/Constancias/ConsMay_Victoria.pdf
,28,TAMAULIPAS,,,41,VICTORIA,,,REG_MR,PT_MORENA,5,NORA ELPIDIA SOTO RAMIREZ,2,https://www.ietam.org.mx/Portal/documentos/PE2021/Resultados/Constancias/ConsMay_Victoria.pdf
,28,TAMAULIPAS,,,41,VICTORIA,,,REG_MR,PT_MORENA,6,JULIO ISAY YEPEZ MARTINEZ,1,https://www.ietam.org.mx/Portal/documentos/PE2021/Resultados/Constancias/ConsMay_Victoria.pdf
,28,TAMAULIPAS,,,41,VICTORIA,,,REG_MR,PT_MORENA,7,IMELDA BERNAL SANCHEZ,2,https://www.ietam.org.mx/Portal/documentos/PE2021/Resultados/Constancias/ConsMay_Victoria.pdf
,28,TAMAULIPAS,,,41,VICTORIA,,,REG_MR,PT_MORENA,8,MARIO ALBERTO CHAVEZ HERRERA,1,https://www.ietam.org.mx/Portal/documentos/PE2021/Resultados/Constancias/ConsMay_Victoria.pdf
,28,TAMAULIPAS,,,41,VICTORIA,,,REG_MR,PT_MORENA,9,LAURA MONTSERRAT XOCHITL CASAMITJANA Y DE LA HOZ,2,https://www.ietam.org.mx/Portal/documentos/PE2021/Resultados/Constancias/ConsMay_Victoria.pdf
,28,TAMAULIPAS,,,41,VICTORIA,,,REG_MR,PT_MORENA,10,IVAN SALDAÑA MAGAÑA,1,https://www.ietam.org.mx/Portal/documentos/PE2021/Resultados/Constancias/ConsMay_Victoria.pdf
,28,TAMAULIPAS,,,41,VICTORIA,,,REG_MR,PT_MORENA,11,LILIA PETRA RAMOS GONZALEZ,2,https://www.ietam.org.mx/Portal/documentos/PE2021/Resultados/Constancias/ConsMay_Victoria.pdf
,28,TAMAULIPAS,,,41,VICTORIA,,,REG_MR,PT_MORENA,12,HUGO ALBERTO GALVAN IBARRA,1,https://www.ietam.org.mx/Portal/documentos/PE2021/Resultados/Constancias/ConsMay_Victoria.pdf
,28,TAMAULIPAS,,,41,VICTORIA,,,REG_MR,PT_MORENA,13,ANAYANSY MILDRED CASTILLO MARTINEZ,2,https://www.ietam.org.mx/Portal/documentos/PE2021/Resultados/Constancias/ConsMay_Victoria.pdf
,28,TAMAULIPAS,,,41,VICTORIA,,,REG_MR,PT_MORENA,14,GUADALUPE PEREA ALMANZA,2,https://www.ietam.org.mx/Portal/documentos/PE2021/Resultados/Constancias/ConsMay_Victoria.pdf
,28,TAMAULIPAS,,,41,VICTORIA,,,REG_RP,PAN,1,CARLOS CABRERA BERMUDEZ,1,https://www.ietam.org.mx/Portal/documentos/PE2021/Resultados/Constancias/ConsRP_Victoria.pdf
,28,TAMAULIPAS,,,41,VICTORIA,,,REG_RP,PRI,1,NORA MARIANELA GARCIA RODRIGUEZ,2,https://www.ietam.org.mx/Portal/documentos/PE2021/Resultados/Constancias/ConsRP_Victoria.pdf
,28,TAMAULIPAS,,,41,VICTORIA,,,REG_RP,MC,1,MAYRA BENAVIDES VILLAFRANCA,2,https://www.ietam.org.mx/Portal/documentos/PE2021/Resultados/Constancias/ConsRP_Victoria.pdf
,28,TAMAULIPAS,,,41,VICTORIA,,,REG_RP,CAND_IND12,1,LUDIVINA CANTU OROZCO,2,https://www.ietam.org.mx/Portal/documentos/PE2021/Resultados/Constancias/ConsRP_Victoria.pdf
,28,TAMAULIPAS,,,41,VICTORIA,,,REG_RP,CAND_IND13,1,HECTOR SALDIVAR DE LEON,1,https://www.ietam.org.mx/Portal/documentos/PE2021/Resultados/Constancias/ConsRP_Victoria.pdf
,28,TAMAULIPAS,,,41,VICTORIA,,,REG_RP,PAN,2,ISSIS CANTU MANZANO,2,https://www.ietam.org.mx/Portal/documentos/PE2021/Resultados/Constancias/ConsRP_Victoria.pdf
,28,TAMAULIPAS,,,41,VICTORIA,,,REG_RP,PRI,2,HORACIO REYNA DE LA GARZA,1,https://www.ietam.org.mx/Portal/documentos/PE2021/Resultados/Constancias/ConsRP_Victoria.pdf
,28,TAMAULIPAS,,,42,VILLAGRAN,,,PRES_MUN,PAN,1,MA. DIANA MARTINEZ ANDRADE,2,https://www.ietam.org.mx/Portal/documentos/PE2021/Resultados/Constancias/ConsMay_Villagran.pdf
,28,TAMAULIPAS,,,42,VILLAGRAN,,,SIND,PAN,1,MARTIN RODRIGUEZ LEAL,1,https://www.ietam.org.mx/Portal/documentos/PE2021/Resultados/Constancias/ConsMay_Villagran.pdf
,28,TAMAULIPAS,,,42,VILLAGRAN,,,REG_MR,PAN,1,DORA ELIA SIERRA LOPEZ,2,https://www.ietam.org.mx/Portal/documentos/PE2021/Resultados/Constancias/ConsMay_Villagran.pdf
,28,TAMAULIPAS,,,42,VILLAGRAN,,,REG_MR,PAN,2,MARIO CESAR HUERTA GONZALEZ,1,https://www.ietam.org.mx/Portal/documentos/PE2021/Resultados/Constancias/ConsMay_Villagran.pdf
,28,TAMAULIPAS,,,42,VILLAGRAN,,,REG_MR,PAN,3,OFELIA HERNANDEZ SOTO,2,https://www.ietam.org.mx/Portal/documentos/PE2021/Resultados/Constancias/ConsMay_Villagran.pdf
,28,TAMAULIPAS,,,42,VILLAGRAN,,,REG_MR,PAN,4,ABELARDO ALCOCER RODRIGUEZ,1,https://www.ietam.org.mx/Portal/documentos/PE2021/Resultados/Constancias/ConsMay_Villagran.pdf
,28,TAMAULIPAS,,,42,VILLAGRAN,,,REG_RP,PRI,1,ESTER ESTRELLA CASTILLO,2,https://www.ietam.org.mx/Portal/documentos/PE2021/Resultados/Constancias/ConsRP_Villagran.pdf
,28,TAMAULIPAS,,,42,VILLAGRAN,,,REG_RP,PT_MORENA,3,CARLOS ALBERTO MARQUEZ ESPINOZA,1,https://www.ietam.org.mx/Portal/documentos/PE2021/Resultados/Constancias/ConsRP_Villagran.pdf
,28,TAMAULIPAS,,,43,XICOTENCATL,,,PRES_MUN,PAN,1,OFELIA NOEMY GONZALEZ MARQUEZ,2,https://www.ietam.org.mx/Portal/documentos/PE2021/Resultados/Constancias/ConsMay_Xicotencatl.pdf
,28,TAMAULIPAS,,,43,XICOTENCATL,,,SIND,PAN,1,JOSE RENATO NIETO VAZQUEZ,1,https://www.ietam.org.mx/Portal/documentos/PE2021/Resultados/Constancias/ConsMay_Xicotencatl.pdf
,28,TAMAULIPAS,,,43,XICOTENCATL,,,REG_MR,PAN,1,ORFELINDA FLORES MARTINEZ,2,https://www.ietam.org.mx/Portal/documentos/PE2021/Resultados/Constancias/ConsMay_Xicotencatl.pdf
,28,TAMAULIPAS,,,43,XICOTENCATL,,,REG_MR,PAN,2,EFRAIN BOLAÑOS HERNANDEZ,1,https://www.ietam.org.mx/Portal/documentos/PE2021/Resultados/Constancias/ConsMay_Xicotencatl.pdf
,28,TAMAULIPAS,,,43,XICOTENCATL,,,REG_MR,PAN,3,CLAUDIA LORENA CERVANTES MARTINEZ,2,https://www.ietam.org.mx/Portal/documentos/PE2021/Resultados/Constancias/ConsMay_Xicotencatl.pdf
,28,TAMAULIPAS,,,43,XICOTENCATL,,,REG_MR,PAN,4,JOSE EDUARDO MUÑIZ VILLANUEVA,1,https://www.ietam.org.mx/Portal/documentos/PE2021/Resultados/Constancias/ConsMay_Xicotencatl.pdf
,28,TAMAULIPAS,,,43,XICOTENCATL,,,REG_RP,MORENA,1,ROSA ODILIA SANCHEZ SALAZAR,2,https://www.ietam.org.mx/Portal/documentos/PE2021/Resultados/Constancias/ConsRP_Xicotencatl.pdf
,28,TAMAULIPAS,,,43,XICOTENCATL,,,REG_RP,PRI,1,JUANA MARIA BRIZ IZAGUIRRE,2,https://www.ietam.org.mx/Portal/documentos/PE2021/Resultados/Constancias/ConsRP_Xicotencatl.pdf
,28,TAMAULIPAS,1,NUEVO LAREDO,,,,,DIP_LOC_MR,PT_MORENA,1,GABRIELA REGALADO FUENTES,2,https://www.ietam.org.mx/Portal/documentos/PE2021/Resultados/Constancias/ConsMay_CDE01_NuevoLaredo
,28,TAMAULIPAS,2,NUEVO LAREDO,,,,,DIP_LOC_MR,PAN,1,IMELDA MARGARITA SANMIGUEL SANCHEZ,2,https://www.ietam.org.mx/Portal/documentos/PE2021/Resultados/Constancias/ConsMay_CDE02_NuevoLaredo
,28,TAMAULIPAS,3,NUEVO LAREDO,,,,,DIP_LOC_MR,PAN,1,FELIX FERNANDO GARCIA AGUIAR,1,https://www.ietam.org.mx/Portal/documentos/PE2021/Resultados/Constancias/ConsMay_CDE03_NuevoLaredo
,28,TAMAULIPAS,4,REYNOSA,,,,,DIP_LOC_MR,PT_MORENA,1,MARCO ANTONIO GALLEGOS GALVAN,1,https://www.ietam.org.mx/Portal/documentos/PE2021/Resultados/Constancias/ConsMay_CDE04_Reynosa
,28,TAMAULIPAS,5,REYNOSA,,,,,DIP_LOC_MR,PT_MORENA,1,GUILLERMINA MAGALY DEANDAR ROBINSON,2,https://www.ietam.org.mx/Portal/documentos/PE2021/Resultados/Constancias/ConsMay_CDE05_Reynosa
,28,TAMAULIPAS,6,REYNOSA,,,,,DIP_LOC_MR,PT_MORENA,1,JUAN OVIDIO GARCIA GARCIA,1,https://www.ietam.org.mx/Portal/documentos/PE2021/Resultados/Constancias/ConsMay_CDE06_Reynosa
,28,TAMAULIPAS,7,REYNOSA,,,,,DIP_LOC_MR,PT_MORENA,1,HUMBERTO ARMANDO PRIETO HERRERA,1,https://www.ietam.org.mx/Portal/documentos/PE2021/Resultados/Constancias/ConsMay_CDE07_Reynosa
,28,TAMAULIPAS,8,RIO BRAVO,,,,,DIP_LOC_MR,PT_MORENA,1,CASANDRA PRISILLA DE LOS SANTOS FLORES,2,https://www.ietam.org.mx/Portal/documentos/PE2021/Resultados/Constancias/ConsMay_CDE08_RioBravo
,28,TAMAULIPAS,9,VALLE HERMOSO,,,,,DIP_LOC_MR,PT_MORENA,1,ELIPHALETH GOMEZ LOZANO,1,https://www.ietam.org.mx/Portal/documentos/PE2021/Resultados/Constancias/ConsMay_CDE09_ValleHermoso
,28,TAMAULIPAS,10,MATAMOROS,,,,,DIP_LOC_MR,PT_MORENA,1,JOSE ALBERTO GRANADOS FÁVILA,1,https://www.ietam.org.mx/Portal/documentos/PE2021/Resultados/Constancias/ConsMay_CDE10_Matamoros
,28,TAMAULIPAS,11,MATAMOROS,,,,,DIP_LOC_MR,PT_MORENA,1,LETICIA SANCHEZ GUILLERMO,2,https://www.ietam.org.mx/Portal/documentos/PE2021/Resultados/Constancias/ConsMay_CDE11_Matamoros
,28,TAMAULIPAS,12,MATAMOROS,,,,,DIP_LOC_MR,PT_MORENA,1,ISIDRO JESUS VARGAS FERNÁNDEZ,1,https://www.ietam.org.mx/Portal/documentos/PE2021/Resultados/Constancias/ConsMay_CDE12_Matamoros
,28,TAMAULIPAS,13,SAN FERNANDO,,,,,DIP_LOC_MR,INDIVIDUAL,1,MARINA EDITH RAMIREZ ANDRADE,2,https://www.ietam.org.mx/Portal/documentos/PE2021/Resultados/Constancias/ConsMay_CDE13_SanFernando
,28,TAMAULIPAS,14,VICTORIA,,,,,DIP_LOC_MR,PT_MORENA,1,JOSE BRAÑA MOJICA,1,https://www.ietam.org.mx/Portal/documentos/PE2021/Resultados/Constancias/ConsMay_CDE14_Victoria
,28,TAMAULIPAS,15,VICTORIA,,,,,DIP_LOC_MR,PT_MORENA,1,JUAN VITAL ROMAN MARTINEZ,1,https://www.ietam.org.mx/Portal/documentos/PE2021/Resultados/Constancias/ConsMay_CDE15_Victoria
,28,TAMAULIPAS,16,XICOTENCATL,,,,,DIP_LOC_MR,PAN,1,LILIANA ALVAREZ LARA,2,https://www.ietam.org.mx/Portal/documentos/PE2021/Resultados/Constancias/ConsMay_CDE16_Xicotencatl
,28,TAMAULIPAS,17,EL MANTE,,,,,DIP_LOC_MR,PT_MORENA,1,LIDIA MARTINEZ LOPEZ,2,https://www.ietam.org.mx/Portal/documentos/PE2021/Resultados/Constancias/ConsMay_CDE17_ElMante
,28,TAMAULIPAS,18,ALTAMIRA,,,,,DIP_LOC_MR,PT_MORENA,1,CONSUELO NAYELI LARA MONROY,2,https://www.ietam.org.mx/Portal/documentos/PE2021/Resultados/Constancias/ConsMay_CDE18_Altamira
,28,TAMAULIPAS,19,MIRAMAR,,,,,DIP_LOC_MR,PT_MORENA,1,LETICIA VARGAS ALVAREZ,2,https://www.ietam.org.mx/Portal/documentos/PE2021/Resultados/Constancias/ConsMay_CDE19_Miramar
,28,TAMAULIPAS,20,CIUDAD MADERO,,,,,DIP_LOC_MR,PT_MORENA,1,JESUS SUAREZ MATA,1,https://www.ietam.org.mx/Portal/documentos/PE2021/Resultados/Constancias/ConsMay_CDE20_CiudadMadero
,28,TAMAULIPAS,21,TAMPICO,,,,,DIP_LOC_MR,PAN,1,EDMUNDO JOSE MARON MANZUR,1,https://www.ietam.org.mx/Portal/documentos/PE2021/Resultados/Constancias/ConsMay_CDE21_Tampico
,28,TAMAULIPAS,22,TAMPICO,,,,,DIP_LOC_MR,PAN,1,NORA GOMEZ GONZALEZ,2,https://www.ietam.org.mx/Portal/documentos/PE2021/Resultados/Constancias/ConsMay_CDE22_Tampico
1,28,TAMAULIPAS,,,,,,,DIP_LOC_RP,PAN,1,LUIS RENE CANTU GALVAN,1,https://www.ietam.org.mx/Portal/documentos/PE2021/Resultados/Constancias/ConsRP_DIP01.pdf
1,28,TAMAULIPAS,,,,,,,DIP_LOC_RP,PAN,2,DANYA SILVIA ARELY AGUILAR OROZCO,2,https://www.ietam.org.mx/Portal/documentos/PE2021/Resultados/Constancias/ConsRP_DIP02.pdf
1,28,TAMAULIPAS,,,,,,,DIP_LOC_RP,PAN,3,CARLOS FERNANDEZ ALTAMIRANO,1,https://www.ietam.org.mx/Portal/documentos/PE2021/Resultados/Constancias/ConsRP_DIP03.pdf
1,28,TAMAULIPAS,,,,,,,DIP_LOC_RP,PAN,4,MYRNA EDITH FLORES CANTU,2,https://www.ietam.org.mx/Portal/documentos/PE2021/Resultados/Constancias/ConsRP_DIP04.pdf
1,28,TAMAULIPAS,,,,,,,DIP_LOC_RP,PAN,5,ANGEL DE JESUS COVARRUBIAS VILLAVERDE,1,https://www.ietam.org.mx/Portal/documentos/PE2021/Resultados/Constancias/ConsRP_DIP05.pdf
1,28,TAMAULIPAS,,,,,,,DIP_LOC_RP,PAN,6,SANDRA LUZ GARCIA GUAJARDO,2,https://www.ietam.org.mx/Portal/documentos/PE2021/Resultados/Constancias/ConsRP_DIP06.pdf
1,28,TAMAULIPAS,,,,,,,DIP_LOC_RP,PAN,8,LINDA MIREYA GONZALEZ ZUÑIGA,2,https://www.ietam.org.mx/Portal/documentos/PE2021/Resultados/Constancias/ConsRP_DIP07.pdf
1,28,TAMAULIPAS,,,,,,,DIP_LOC_RP,PRI,1,EDGARDO MELHEM SALINAS,1,https://www.ietam.org.mx/Portal/documentos/PE2021/Resultados/Constancias/ConsRP_DIP08.pdf
1,28,TAMAULIPAS,,,,,,,DIP_LOC_RP,PRI,2,ALEJANDRA CARDENAS CASTILLEJOS,2,https://www.ietam.org.mx/Portal/documentos/PE2021/Resultados/Constancias/ConsRP_DIP09.pdf
1,28,TAMAULIPAS,,,,,,,DIP_LOC_RP,MC,1,GUSTAVO ADOLFO CARDENAS GUTIERREZ,1,https://www.ietam.org.mx/Portal/documentos/PE2021/Resultados/Constancias/ConsRP_DIP10.pdf
1,28,TAMAULIPAS,,,,,,,DIP_LOC_RP,MORENA,1,URSULA PATRICIA SALAZAR MOJICA,2,https://www.ietam.org.mx/Portal/documentos/PE2021/Resultados/Constancias/ConsRP_DIP11.pdf
1,28,TAMAULIPAS,,,,,,,DIP_LOC_RP,MORENA,2,ARMANDO JAVIER ZERTUCHE ZUANI,1,https://www.ietam.org.mx/Portal/documentos/PE2021/Resultados/Constancias/ConsRP_DIP12.pdf
1,28,TAMAULIPAS,,,,,,,DIP_LOC_RP,MORENA,3,NANCY RUIZ MARTINEZ,2,https://www.ietam.org.mx/Portal/documentos/PE2021/Resultados/Constancias/ConsRP_DIP13.pdf
1,28,TAMAULIPAS,,,,,,,DIP_LOC_RP,MORENA,4,JAVIER VILLARREAL TERAN,1,https://www.ietam.org.mx/Portal/documentos/PE2021/Resultados/Constancias/ConsRP_DIP14.pdf
