﻿ID_ESTADO,NOMBRE_ESTADO,ID_DISTRITO_LOCAL,CABECERA_DISTRITAL_LOCAL,SECCIONES,CASILLAS,PAN,PRI,PRD,PT,PVEM,MC,NA,PCPP,PSI,MORENA,ES,NUM_VOTOS_VALIDOS,NUM_VOTOS_CAN_NREG,NUM_VOTOS_NULOS,TOTAL_VOTOS,LISTA_NOMINAL,RUTA_ACTA
21,PUEBLA,1,XICOTEPEC DE JUAREZ,106,286,31792,21327,3851,3411,5125,3791,3571,3580,823,29496,994,107761,14,5969,113744,153385,https://www.ieepuebla.org.mx/2018/acuerdos/CG/CG_AC_124_2018_COMPLETO.pdf
21,PUEBLA,2,HUAUCHINANGO DE DEGOLLADO,99,270,23728,28718,5043,3236,4091,4946,3079,2919,2450,26799,1659,106668,313,6399,113380,152624,https://www.ieepuebla.org.mx/2018/computos/dip/distritales/dmr/02_HUAUCHINANGO_ACTA_FINAL_ESCRUTINIO_CONSEJO_GENERAL_IEE_DIPUTACIONES_M_R_26.jpg
21,PUEBLA,3,ZACATLAN,96,287,29792,27163,1956,4098,4029,3399,4528,1072,1141,29287,1257,107722,51,6430,114203,162264,https://www.ieepuebla.org.mx/2018/acuerdos/CG/CG_AC_124_2018_COMPLETO.pdf
21,PUEBLA,4,ZACAPOAXTLA,116,285,21822,31858,9277,4221,5679,5708,3419,4458,1609,23258,1113,112422,42,7597,120061,160165,https://www.ieepuebla.org.mx/2018/acuerdos/CG/CG_AC_124_2018_COMPLETO.pdf
21,PUEBLA,5,TLATLAUQUITEPEC,106,266,23871,25584,1829,5297,4263,2754,6541,2023,4439,21821,1195,99617,56,6960,106633,153087,https://www.ieepuebla.org.mx/2018/acuerdos/CG/CG_AC_124_2018_COMPLETO.pdf
21,PUEBLA,6,TEZIUTLAN,92,264,23833,26762,1407,3389,7039,4465,4667,7452,1950,26761,1723,109448,70,6134,115652,160379,https://www.ieepuebla.org.mx/2018/acuerdos/CG/CG_AC_124_2018_COMPLETO.pdf
21,PUEBLA,7,SAN MARTIN TEXMELUCAN DE LABASTIDA,88,281,20508,14916,2978,5432,4319,2051,4510,7045,3360,35617,2097,102833,75,5566,108474,174616,https://www.ieepuebla.org.mx/2018/acuerdos/CG/CG_AC_124_2018_COMPLETO.pdf
21,PUEBLA,8,HUEJOTZINGO,80,271,17730,14144,4692,5252,4957,7030,3623,4498,2441,42924,2231,109522,107,6863,116492,174128,https://www.ieepuebla.org.mx/2018/acuerdos/CG/CG_AC_124_2018_COMPLETO.pdf
21,PUEBLA,9,HEROICA PUEBLA DE ZARAGOZA,75,292,30615,11687,2707,4049,4150,2227,2187,1465,755,52932,2988,115762,128,4866,120756,189340,https://www.ieepuebla.org.mx/2018/acuerdos/CG/CG_AC_124_2018_COMPLETO.pdf
21,PUEBLA,10,HEROICA PUEBLA DE ZARAGOZA,123,324,23702,10168,1382,4873,4216,2017,2096,1113,852,52828,2874,106121,92,4634,110847,196030,https://www.ieepuebla.org.mx/2018/acuerdos/CG/CG_AC_124_2018_COMPLETO.pdf
21,PUEBLA,11,HEROICA PUEBLA DE ZARAGOZA,48,268,20648,15178,1556,4171,5853,2067,1600,1354,541,45982,2713,101663,136,3799,105598,180125,https://www.ieepuebla.org.mx/2018/acuerdos/CG/CG_AC_124_2018_COMPLETO.pdf
21,PUEBLA,12,AMOZOC DE MOTA,69,264,18444,12404,2686,6180,3320,3810,4233,3216,5349,45884,3117,108643,132,5637,114412,168910,https://www.ieepuebla.org.mx/2018/acuerdos/CG/CG_AC_124_2018_COMPLETO.pdf
21,PUEBLA,13,TEPEACA,78,263,26830,18788,2884,4410,7453,3324,1873,1697,2457,35181,1665,106562,51,5264,111877,161817,https://www.ieepuebla.org.mx/2018/acuerdos/CG/CG_AC_124_2018_COMPLETO.pdf
21,PUEBLA,14,CIUDAD SERDAN,108,274,26817,14837,4261,6996,3240,8789,8859,6143,2835,23253,1251,107281,18,7284,114583,156517,https://www.ieepuebla.org.mx/2018/acuerdos/CG/CG_AC_124_2018_COMPLETO.pdf
21,PUEBLA,15,TECAMACHALCO,74,253,11355,12550,3069,4978,3886,2645,1404,3167,13456,42272,1965,100747,44,6885,107676,155988,https://www.ieepuebla.org.mx/2018/acuerdos/CG/CG_AC_124_2018_COMPLETO.pdf
21,PUEBLA,16,HEROICA PUEBLA DE ZARAGOZA,125,328,30876,13870,1867,4154,3990,2786,1212,1638,907,55196,2481,118977,108,5054,124139,198393,https://www.ieepuebla.org.mx/2018/acuerdos/CG/CG_AC_124_2018_COMPLETO.pdf
21,PUEBLA,17,HEROICA PUEBLA DE ZARAGOZA,223,411,50637,17240,2017,3941,6529,2364,4431,1456,1474,58252,2823,151164,194,6901,158259,215383,https://www.ieepuebla.org.mx/2018/acuerdos/CG/CG_AC_124_2018_COMPLETO.pdf
21,PUEBLA,18,CHOLULA DE RIVADAVIA,84,302,35800,10268,1945,3978,4259,2603,4041,2003,3244,52294,3049,123484,109,5186,128779,194178,https://www.ieepuebla.org.mx/2018/acuerdos/CG/CG_AC_124_2018_COMPLETO.pdf
21,PUEBLA,19,HEROICA PUEBLA DE ZARAGOZA,116,312,27384,13010,2113,4371,4761,2441,1484,1620,853,54189,2301,114527,86,4447,119060,194255,https://www.ieepuebla.org.mx/2018/acuerdos/CG/CG_AC_124_2018_COMPLETO.pdf
21,PUEBLA,20,HEROICA PUEBLA DE ZARAGOZA,69,270,13543,12447,1117,4928,2436,1779,2400,904,449,36127,2090,78220,482,3420,82122,176541,https://www.ieepuebla.org.mx/2018/acuerdos/CG/CG_AC_124_2018_COMPLETO.pdf
21,PUEBLA,21,ATLIXCO,119,298,29512,19593,3063,3021,9098,2268,2076,859,1580,36983,1732,109785,117,5403,115305,176367,https://www.ieepuebla.org.mx/2018/acuerdos/CG/CG_AC_124_2018_COMPLETO.pdf
21,PUEBLA,22,IZUCAR DE MATAMOROS,141,335,22359,26451,4384,4302,3824,5781,5597,6622,4200,33639,2451,119610,21,6391,126022,182235,https://www.ieepuebla.org.mx/2018/acuerdos/CG/CG_AC_124_2018_COMPLETO.pdf
21,PUEBLA,23,ACATLAN DE OSORIO,150,328,20939,33209,5867,4702,3654,4438,2244,1235,2552,32557,940,112337,54,7688,120079,171360,https://www.ieepuebla.org.mx/2018/acuerdos/CG/CG_AC_124_2018_COMPLETO.pdf
21,PUEBLA,24,TEHUACAN,80,263,16966,14689,1755,4572,7318,2359,4185,2599,3303,45264,1372,104382,56,6586,111024,162957,https://www.ieepuebla.org.mx/2018/acuerdos/CG/CG_AC_124_2018_COMPLETO.pdf
21,PUEBLA,25,TEHUACAN,81,268,17171,11981,1455,4001,12521,1548,1795,1292,1280,49030,1668,103742,91,5058,108891,168488,https://www.ieepuebla.org.mx/2018/acuerdos/CG/CG_AC_124_2018_COMPLETO.pdf
21,PUEBLA,26,AJALPAN,106,284,24906,31845,6793,3974,3641,5284,2869,3159,1531,32601,2443,119046,59,7767,126872,161048,https://www.ieepuebla.org.mx/2018/acuerdos/CG/CG_AC_124_2018_COMPLETO.pdf
