﻿ID_ESTADO,NOMBRE_ESTADO,ID_DISTRITO_LOCAL,CABECERA_DISTRITAL_LOCAL,SECCIONES,CASILLAS,PRI,PRD,PT,PVEM,MC,NA,PCPP,PSI,MORENA,ES,PAN_PRD_MC_PCPP_PSI,PT_MORENA_ES,C_COMUN_PAN_PRD_MC_NA_PCPP_PSI,C_COMUN_PAN_PRD_MC_PCPP,C_COMUN_PAN_PRD_MC_PSI,C_COMUN_PAN_PRD_PCPP_PSI,C_COMUN_PAN_MC_PCPP_PSI,NUM_VOTOS_VALIDOS,NUM_VOTOS_CAN_NREG,NUM_VOTOS_NULOS,TOTAL_VOTOS,LISTA_NOMINAL,RUTA_ACTA
21,PUEBLA,1,XICOTEPEC DE JUAREZ,106,286,21327,,,5125,,3571,,,,,43837,33901,,,,,,107761,14,5969,113744,153385,https://www.ieepuebla.org.mx/2018/computos/dip/distritales/dmr/01_XICOTEPEC_ACTA_FINAL_DE_ESCRUTINIO_DISTRITAL_DIPUTACIONES_RECUENTO_M_R_13.jpg
21,PUEBLA,2,HUAUCHINANGO DE DEGOLLADO,99,270,28718,,,4091,,3079,,,,,39086,31694,,,,,,106668,313,6399,113380,152624,https://www.ieepuebla.org.mx/2018/computos/dip/distritales/dmr/02_HUAUCHINANGO_ACTA_FINAL_ESCRUTINIO_CONSEJO_GENERAL_IEE_DIPUTACIONES_M_R_26.jpg
21,PUEBLA,3,ZACATLAN,96,287,27163,,,4029,,4528,,,,,37360,34642,,,,,,107722,51,6430,114203,162264,
21,PUEBLA,4,ZACAPOAXTLA,116,285,31858,,,5679,,3419,,,,,42874,28592,,,,,,112422,42,7597,120061,160165,https://www.ieepuebla.org.mx/2018/computos/dip/distritales/dmr/04_ZACAPOAXTLA_ACTA_FINAL_DE_ESCRUTINIO_DISTRITAL_DIPUTACIONES_RECUENTO_M_R_13.jpg
21,PUEBLA,5,TLATLAUQUITEPEC,106,266,25584,,,4263,,6541,,,,,34916,28313,,,,,,99617,56,6960,106633,153087,https://www.ieepuebla.org.mx/2018/computos/dip/distritales/dmr/05_TLATLAUQUITEPEC_ACTA_FINAL_DE_ESCRUTINIO_DISTRITAL_DIPUTACIONES_RECUENTO_M_R_13.jpg
21,PUEBLA,6,TEZIUTLAN,92,264,26762,,,7039,,4667,,,,,39107,31873,,,,,,109448,70,6134,115652,160379,
21,PUEBLA,7,SAN MARTIN TEXMELUCAN DE LABASTIDA,88,281,14916,,,4319,,4510,7045,,,,,43146,,,28897,,,102833,75,5566,108474,174616,
21,PUEBLA,8,HUEJOTZINGO,80,271,14144,,,4957,,3623,,,,,36391,50407,,,,,,109522,107,6863,116492,174128,https://www.ieepuebla.org.mx/2018/computos/dip/distritales/dmr/08_HUEJOTZINGO_ACTA_FINAL_DE_ESCRUTINIO_DISTRITAL_DIPUTACIONES_RECUENTO_M_R_13.jpg
21,PUEBLA,9,HEROICA PUEBLA DE ZARAGOZA,75,292,11687,,,4150,,2187,,,,,37769,59969,,,,,,115762,128,4866,120756,189340,https://www.ieepuebla.org.mx/2018/computos/dip/distritales/dmr/09_PUEBLA_ACTA_FINAL_DE_ESCRUTINIO_DISTRITAL_DIPUTACIONES_RECUENTO_M_R_13.jpg
21,PUEBLA,10,HEROICA PUEBLA DE ZARAGOZA,123,324,10168,,,4216,2017,2096,,,,,,60575,,,,27049,,106121,92,4634,110847,196030,
21,PUEBLA,11,HEROICA PUEBLA DE ZARAGOZA,48,268,15178,,,5853,,1600,,,,,26166,52866,,,,,,101663,136,3799,105598,180125,https://www.ieepuebla.org.mx/2018/computos/dip/distritales/dmr/11_PUEBLA_ACTA_FINAL_DE_ESCRUTINIO_DISTRITAL_DIPUTACIONES_RECUENTO_M_R_13.jpg
21,PUEBLA,12,AMOZOC DE MOTA,69,264,12404,,,3320,,4233,,,,,33505,55181,,,,,,108643,132,5637,114412,168910,
21,PUEBLA,13,TEPEACA,78,263,18788,,,7453,,1873,,,,,37192,41256,,,,,,106562,51,5264,111877,161817,https://www.ieepuebla.org.mx/2018/computos/dip/distritales/dmr/13_TEPEACA_ACTA_DE_COMPUTO_DISTRITAL_DIPUTACIONES_M_R_12.jpg
21,PUEBLA,14,CIUDAD SERDAN,108,274,14837,,,3240,,8859,,,,,48845,31500,,,,,,107281,18,7284,114583,156517,
21,PUEBLA,15,TECAMACHALCO,74,253,12550,,,3886,,1404,,13456,,,,49215,,20236,,,,100747,44,6885,107676,155988,
21,PUEBLA,16,HEROICA PUEBLA DE ZARAGOZA,125,328,13870,,,3990,,1212,,,,,38074,61831,,,,,,118977,108,5054,124139,198393,
21,PUEBLA,17,HEROICA PUEBLA DE ZARAGOZA,223,411,17240,,,6529,,4431,,,,,57948,65016,,,,,,151164,194,6901,158259,215383,
21,PUEBLA,18,CHOLULA DE RIVADAVIA,84,302,10268,,,4259,,4041,,,,,45595,59321,,,,,,123484,109,5186,128779,194178,https://www.ieepuebla.org.mx/2018/computos/dip/distritales/dmr/18_CHOLULA_ACTA_FINAL_DE_ESCRUTINIO_DISTRITAL_DIPUTACIONES_RECUENTO_M_R_13.jpg
21,PUEBLA,19,HEROICA PUEBLA DE ZARAGOZA,116,312,13010,,,4761,,1484,,,,,34411,60861,,,,,,114527,86,4447,119060,194255,
21,PUEBLA,20,HEROICA PUEBLA DE ZARAGOZA,69,270,12447,,,2436,,2400,,,,,17792,43145,,,,,,78220,482,3420,82122,176541,https://www.ieepuebla.org.mx/2018/computos/dip/distritales/dmr/20_PUEBLA_ACTA_FINAL_DE_ESCRUTINIO_DISTRITAL_DIPUTACIONES_RECUENTO_M_R_13.jpg
21,PUEBLA,21,ATLIXCO,119,298,19593,,,9098,,2076,,,,,37282,41736,,,,,,109785,117,5403,115305,176367,https://www.ieepuebla.org.mx/2018/computos/dip/distritales/dmr/21_ATLIXCO_ACTA_DE_COMPUTO_DISTRITAL_DIPUTACIONES_M_R_12.jpg
21,PUEBLA,22,IZUCAR DE MATAMOROS,141,335,26451,,,3824,,,,,,,,40392,48943,,,,,119610,21,6391,126022,182235,
21,PUEBLA,23,ACATLAN DE OSORIO,150,328,33209,5867,4702,3654,,2244,,,32557,940,,,,,,,29164,112337,54,7688,120079,171360,
21,PUEBLA,24,TEHUACAN,80,263,14689,,,7318,,4185,,,,,26982,51208,,,,,,104382,56,6586,111024,162957,https://www.ieepuebla.org.mx/2018/computos/dip/distritales/dmr/24_TEHUACAN_ACTA_FINAL_DE_ESCRUTINIO_DISTRITAL_DIPUTACIONES_RECUENTO_M_R_13.jpg
21,PUEBLA,25,TEHUACAN,81,268,11981,,,12521,,1795,,,,,22746,54699,,,,,,103742,91,5058,108891,168488,https://www.ieepuebla.org.mx/2018/computos/dip/distritales/dmr/25_TEHUACAN_ACTA_DE_COMPUTO_DISTRITAL_DIPUTACIONES_M_R_12.jpg
21,PUEBLA,26,AJALPAN,106,284,31845,,3974,3641,,2869,,,32601,2443,41673,,,,,,,119046,59,7767,126872,161048,
