CIRCUNSCRIPCION,ID_ESTADO,NOMBRE_ESTADO,ID_DISTRITO,CABECERA_DISTRITAL,ID_MUNICIPIO,MUNICIPIO,SECCION,CASILLA,PAN,APT,PRD,PT,CONV,PLM,NUM_VOTOS_CAN_NREG,NUM_VOTOS_NULOS,TOTAL_VOTOS,ESTATUS_ACTA
2,5,COAHUILA,6,Torreón,35,TORREON,1180,B,47,166,19,1,0,0,0,1,234,
2,5,COAHUILA,6,Torreón,35,TORREON,1180,C1,48,172,19,0,0,0,0,2,241,
2,5,COAHUILA,6,Torreón,35,TORREON,1180,C2,38,175,11,3,0,0,0,4,231,
2,5,COAHUILA,6,Torreón,35,TORREON,1185,B,77,74,9,4,0,0,0,8,172,
2,5,COAHUILA,6,Torreón,35,TORREON,1185,C1,74,77,10,2,2,1,0,2,168,
2,5,COAHUILA,6,Torreón,35,TORREON,1186,B,30,82,13,0,0,1,0,1,127,
2,5,COAHUILA,6,Torreón,35,TORREON,1186,C1,34,67,11,0,0,0,0,1,113,
2,5,COAHUILA,6,Torreón,35,TORREON,1187,B,148,39,5,1,0,1,0,1,195,
2,5,COAHUILA,6,Torreón,35,TORREON,1187,C1,133,63,3,2,0,0,0,5,206,
2,5,COAHUILA,6,Torreón,35,TORREON,1188,B,110,70,9,1,1,0,0,1,192,
2,5,COAHUILA,6,Torreón,35,TORREON,1188,C1,109,61,7,0,0,0,0,0,177,
2,5,COAHUILA,6,Torreón,35,TORREON,1189,B,67,154,6,1,0,0,0,2,230,
2,5,COAHUILA,6,Torreón,35,TORREON,1189,C1,60,120,8,0,1,1,0,4,194,
2,5,COAHUILA,6,Torreón,35,TORREON,1190,B,68,184,9,1,0,2,0,0,264,
2,5,COAHUILA,6,Torreón,35,TORREON,1190,C1,69,169,12,1,0,1,0,1,253,
2,5,COAHUILA,6,Torreón,35,TORREON,1191,B,71,72,10,2,0,0,0,0,155,
2,5,COAHUILA,6,Torreón,35,TORREON,1191,C1,68,75,5,1,1,0,0,0,150,
2,5,COAHUILA,6,Torreón,35,TORREON,1192,B,120,108,6,2,0,0,0,1,237,
2,5,COAHUILA,6,Torreón,35,TORREON,1192,C1,110,108,16,3,0,3,0,1,241,
2,5,COAHUILA,6,Torreón,35,TORREON,1193,B,146,67,15,1,0,0,0,1,230,
2,5,COAHUILA,6,Torreón,35,TORREON,1193,C1,113,65,18,0,0,0,0,2,198,
2,5,COAHUILA,6,Torreón,35,TORREON,1194,B,100,88,5,2,0,0,0,1,196,
2,5,COAHUILA,6,Torreón,35,TORREON,1194,C1,129,87,16,1,1,1,0,2,237,
2,5,COAHUILA,6,Torreón,35,TORREON,1195,B,112,109,10,0,1,0,0,0,232,
2,5,COAHUILA,6,Torreón,35,TORREON,1195,C1,118,105,17,1,0,1,0,1,243,
2,5,COAHUILA,6,Torreón,35,TORREON,1196,B,114,105,31,1,0,1,0,2,254,
2,5,COAHUILA,6,Torreón,35,TORREON,1196,C1,111,102,30,3,1,0,0,2,249,
2,5,COAHUILA,6,Torreón,35,TORREON,1197,B,72,78,12,1,0,1,0,5,169,
2,5,COAHUILA,6,Torreón,35,TORREON,1197,C1,67,100,11,2,0,1,0,1,182,
2,5,COAHUILA,6,Torreón,35,TORREON,1197,C2,81,80,7,1,2,0,0,3,174,
2,5,COAHUILA,6,Torreón,35,TORREON,1198,B,65,137,12,2,2,1,0,5,224,
2,5,COAHUILA,6,Torreón,35,TORREON,1198,C1,53,120,14,5,1,2,0,0,195,
2,5,COAHUILA,6,Torreón,35,TORREON,1199,B,60,93,11,1,0,0,0,4,169,
2,5,COAHUILA,6,Torreón,35,TORREON,1199,C1,69,74,8,0,2,0,0,1,154,
2,5,COAHUILA,6,Torreón,35,TORREON,1200,B,205,32,2,0,1,1,0,2,243,
2,5,COAHUILA,6,Torreón,35,TORREON,1200,C1,217,44,11,0,0,0,0,1,273,
2,5,COAHUILA,6,Torreón,35,TORREON,1201,B,85,72,5,0,0,0,0,2,164,
2,5,COAHUILA,6,Torreón,35,TORREON,1201,C1,86,46,6,0,0,0,0,2,140,
2,5,COAHUILA,6,Torreón,35,TORREON,1202,B,42,85,4,4,0,0,0,2,137,
2,5,COAHUILA,6,Torreón,35,TORREON,1202,C1,50,75,5,4,0,1,0,1,136,
2,5,COAHUILA,6,Torreón,35,TORREON,1203,B,59,55,18,11,0,0,0,2,145,
2,5,COAHUILA,6,Torreón,35,TORREON,1203,C1,71,41,7,7,0,0,0,2,128,
2,5,COAHUILA,6,Torreón,35,TORREON,1204,B,159,48,12,2,0,2,0,1,224,
2,5,COAHUILA,6,Torreón,35,TORREON,1204,C1,147,57,10,1,1,1,0,1,218,
2,5,COAHUILA,6,Torreón,35,TORREON,1205,B,143,40,16,0,0,0,0,1,200,
2,5,COAHUILA,6,Torreón,35,TORREON,1205,C1,132,47,16,0,0,0,0,1,196,
2,5,COAHUILA,6,Torreón,35,TORREON,1206,B,161,68,8,1,0,0,0,0,238,
2,5,COAHUILA,6,Torreón,35,TORREON,1206,C1,130,57,9,1,1,0,0,2,200,
2,5,COAHUILA,6,Torreón,35,TORREON,1207,B,226,46,11,1,0,0,0,1,285,
2,5,COAHUILA,6,Torreón,35,TORREON,1207,C1,226,46,5,0,1,0,0,2,280,
2,5,COAHUILA,6,Torreón,35,TORREON,1208,B,70,120,9,1,1,0,0,2,203,
2,5,COAHUILA,6,Torreón,35,TORREON,1208,C1,72,105,6,0,1,0,0,0,184,
2,5,COAHUILA,6,Torreón,35,TORREON,1209,B,65,61,18,2,1,1,0,3,151,
2,5,COAHUILA,6,Torreón,35,TORREON,1209,C1,69,53,26,0,1,1,0,0,150,
2,5,COAHUILA,6,Torreón,35,TORREON,1209,C2,66,69,40,1,0,0,0,1,177,
2,5,COAHUILA,6,Torreón,35,TORREON,1210,B,76,67,12,0,0,0,0,0,155,
2,5,COAHUILA,6,Torreón,35,TORREON,1210,C1,69,69,9,1,0,1,0,1,150,
2,5,COAHUILA,6,Torreón,35,TORREON,1210,C2,73,80,14,3,0,2,0,0,172,
2,5,COAHUILA,6,Torreón,35,TORREON,1211,B,51,89,13,1,0,0,0,2,156,
2,5,COAHUILA,6,Torreón,35,TORREON,1211,C1,48,91,14,0,1,0,0,2,156,
2,5,COAHUILA,6,Torreón,35,TORREON,1212,B,39,57,21,1,0,0,0,2,120,
2,5,COAHUILA,6,Torreón,35,TORREON,1212,C1,58,40,9,1,0,0,0,1,109,
2,5,COAHUILA,6,Torreón,35,TORREON,1213,B,75,53,9,0,2,0,0,3,142,
2,5,COAHUILA,6,Torreón,35,TORREON,1213,C1,79,47,12,3,5,0,0,1,147,
2,5,COAHUILA,6,Torreón,35,TORREON,1213,C2,62,66,8,1,0,0,0,0,137,
2,5,COAHUILA,6,Torreón,35,TORREON,1214,B,103,64,10,0,0,0,0,2,179,
2,5,COAHUILA,6,Torreón,35,TORREON,1214,C1,117,63,14,3,0,1,0,3,201,
2,5,COAHUILA,6,Torreón,35,TORREON,1214,C2,120,52,5,2,0,1,0,0,180,
2,5,COAHUILA,6,Torreón,35,TORREON,1215,B,154,59,10,1,1,1,0,2,228,
2,5,COAHUILA,6,Torreón,35,TORREON,1215,C1,175,50,16,1,0,0,0,1,243,
2,5,COAHUILA,6,Torreón,35,TORREON,1216,B,86,58,7,0,0,0,0,3,154,
2,5,COAHUILA,6,Torreón,35,TORREON,1216,C1,85,64,12,1,0,0,0,0,162,
2,5,COAHUILA,6,Torreón,35,TORREON,1217,B,177,63,8,0,5,0,0,1,254,
2,5,COAHUILA,6,Torreón,35,TORREON,1218,B,134,38,6,1,0,0,0,2,181,
2,5,COAHUILA,6,Torreón,35,TORREON,1218,C1,134,40,9,2,0,0,0,1,186,
2,5,COAHUILA,6,Torreón,35,TORREON,1218,C2,148,37,2,0,0,0,0,0,187,
2,5,COAHUILA,6,Torreón,35,TORREON,1219,B,176,35,6,0,0,1,0,1,219,
2,5,COAHUILA,6,Torreón,35,TORREON,1219,C1,136,39,9,0,0,0,0,1,185,
2,5,COAHUILA,6,Torreón,35,TORREON,1220,B,72,90,10,0,0,0,0,1,173,
2,5,COAHUILA,6,Torreón,35,TORREON,1220,C1,85,92,8,3,1,1,0,1,191,
2,5,COAHUILA,6,Torreón,35,TORREON,1221,B,68,90,11,0,0,1,1,3,174,
2,5,COAHUILA,6,Torreón,35,TORREON,1221,C1,86,69,8,0,0,0,0,3,166,
2,5,COAHUILA,6,Torreón,35,TORREON,1222,B,78,89,9,2,0,2,0,2,182,
2,5,COAHUILA,6,Torreón,35,TORREON,1222,C1,92,73,9,1,0,1,0,1,177,
2,5,COAHUILA,6,Torreón,35,TORREON,1223,B,79,77,3,0,0,0,0,2,161,
2,5,COAHUILA,6,Torreón,35,TORREON,1223,C1,62,75,7,2,0,0,0,0,146,
2,5,COAHUILA,6,Torreón,35,TORREON,1224,B,74,85,16,2,0,0,0,0,177,
2,5,COAHUILA,6,Torreón,35,TORREON,1224,C1,64,83,12,0,0,0,0,3,162,
2,5,COAHUILA,6,Torreón,35,TORREON,1225,B,62,49,12,0,0,0,0,0,123,
2,5,COAHUILA,6,Torreón,35,TORREON,1225,C1,54,66,12,1,5,0,0,2,140,
2,5,COAHUILA,6,Torreón,35,TORREON,1226,B,107,96,24,1,2,0,0,1,231,
2,5,COAHUILA,6,Torreón,35,TORREON,1227,B,178,46,10,0,1,0,0,0,235,
2,5,COAHUILA,6,Torreón,35,TORREON,1227,C1,213,56,10,0,0,0,0,1,280,
2,5,COAHUILA,6,Torreón,35,TORREON,1228,B,152,34,8,1,0,2,0,3,200,
2,5,COAHUILA,6,Torreón,35,TORREON,1228,C1,141,31,3,0,0,0,0,1,176,
2,5,COAHUILA,6,Torreón,35,TORREON,1229,B,38,75,5,0,0,0,0,1,119,
2,5,COAHUILA,6,Torreón,35,TORREON,1229,C1,38,60,2,0,0,0,0,3,103,
2,5,COAHUILA,6,Torreón,35,TORREON,1230,B,52,73,10,4,1,0,0,5,145,
2,5,COAHUILA,6,Torreón,35,TORREON,1230,C1,41,65,8,4,0,0,0,3,121,
2,5,COAHUILA,6,Torreón,35,TORREON,1231,B,76,60,10,3,0,0,0,3,152,
2,5,COAHUILA,6,Torreón,35,TORREON,1232,B,144,46,5,1,1,0,0,3,200,
2,5,COAHUILA,6,Torreón,35,TORREON,1232,C1,130,44,9,0,0,0,0,3,186,
2,5,COAHUILA,6,Torreón,35,TORREON,1233,B,142,43,9,1,0,0,0,2,197,
2,5,COAHUILA,6,Torreón,35,TORREON,1233,C1,107,44,12,0,1,0,0,2,166,
2,5,COAHUILA,6,Torreón,35,TORREON,1234,B,69,42,4,0,0,0,0,1,116,
2,5,COAHUILA,6,Torreón,35,TORREON,1234,C1,62,54,8,0,0,0,0,0,124,
2,5,COAHUILA,6,Torreón,35,TORREON,1235,B,61,30,6,1,0,0,0,0,98,
2,5,COAHUILA,6,Torreón,35,TORREON,1235,C1,85,27,10,1,0,0,0,0,123,
2,5,COAHUILA,6,Torreón,35,TORREON,1236,B,119,80,9,1,0,1,0,2,212,
2,5,COAHUILA,6,Torreón,35,TORREON,1237,B,71,52,4,0,1,0,0,2,130,
2,5,COAHUILA,6,Torreón,35,TORREON,1237,C1,65,40,7,0,0,0,0,1,113,
2,5,COAHUILA,6,Torreón,35,TORREON,1238,B,93,81,7,0,1,1,0,2,185,
2,5,COAHUILA,6,Torreón,35,TORREON,1239,B,60,38,4,0,1,0,0,3,106,
2,5,COAHUILA,6,Torreón,35,TORREON,1239,C1,45,33,13,0,1,2,0,0,94,
2,5,COAHUILA,6,Torreón,35,TORREON,1240,B,45,61,5,2,0,0,0,2,115,
2,5,COAHUILA,6,Torreón,35,TORREON,1240,C1,48,50,9,0,1,0,0,1,109,
2,5,COAHUILA,6,Torreón,35,TORREON,1241,B,68,28,3,0,0,0,0,0,99,
2,5,COAHUILA,6,Torreón,35,TORREON,1241,C1,78,39,3,1,1,0,0,1,123,
2,5,COAHUILA,6,Torreón,35,TORREON,1242,B,83,42,13,0,0,0,0,1,139,
2,5,COAHUILA,6,Torreón,35,TORREON,1242,C1,81,51,10,0,3,0,0,3,148,
2,5,COAHUILA,6,Torreón,35,TORREON,1243,B,127,48,9,0,1,1,0,8,194,
2,5,COAHUILA,6,Torreón,35,TORREON,1244,B,83,74,12,1,0,0,0,1,171,
2,5,COAHUILA,6,Torreón,35,TORREON,1245,B,44,45,8,1,1,1,0,4,104,
2,5,COAHUILA,6,Torreón,35,TORREON,1245,C1,55,39,4,2,1,0,0,3,104,
2,5,COAHUILA,6,Torreón,35,TORREON,1246,B,92,64,15,3,3,0,0,1,178,
2,5,COAHUILA,6,Torreón,35,TORREON,1247,B,84,86,9,1,1,0,0,1,182,
2,5,COAHUILA,6,Torreón,35,TORREON,1247,C1,73,94,17,0,1,0,0,1,186,
2,5,COAHUILA,6,Torreón,35,TORREON,1248,B,49,89,15,1,1,1,0,3,159,
2,5,COAHUILA,6,Torreón,35,TORREON,1248,C1,62,82,15,1,0,0,0,6,166,
2,5,COAHUILA,6,Torreón,35,TORREON,1249,B,49,46,5,0,2,0,0,1,103,
2,5,COAHUILA,6,Torreón,35,TORREON,1249,C1,46,64,9,1,0,1,0,1,122,
2,5,COAHUILA,6,Torreón,35,TORREON,1250,B,59,82,5,1,0,1,0,5,153,
2,5,COAHUILA,6,Torreón,35,TORREON,1250,C1,34,75,6,2,0,0,0,1,118,
2,5,COAHUILA,6,Torreón,35,TORREON,1251,B,50,134,9,1,0,1,0,2,197,
2,5,COAHUILA,6,Torreón,35,TORREON,1252,B,47,80,6,0,2,1,0,0,136,
2,5,COAHUILA,6,Torreón,35,TORREON,1252,C1,37,76,6,0,1,0,0,0,120,
2,5,COAHUILA,6,Torreón,35,TORREON,1253,B,65,87,10,2,2,1,0,1,168,
2,5,COAHUILA,6,Torreón,35,TORREON,1253,C1,59,80,7,1,4,1,0,3,155,
2,5,COAHUILA,6,Torreón,35,TORREON,1254,B,65,85,13,3,1,1,0,3,171,
2,5,COAHUILA,6,Torreón,35,TORREON,1254,C1,61,64,8,1,1,0,0,1,136,
2,5,COAHUILA,6,Torreón,35,TORREON,1255,B,49,42,6,1,2,2,0,1,103,
2,5,COAHUILA,6,Torreón,35,TORREON,1255,C1,49,42,5,1,0,0,0,2,99,
2,5,COAHUILA,6,Torreón,35,TORREON,1256,B,42,41,10,1,0,1,0,4,99,
2,5,COAHUILA,6,Torreón,35,TORREON,1256,C1,41,40,2,0,2,1,0,1,87,
2,5,COAHUILA,6,Torreón,35,TORREON,1256,SMR1,32,30,4,0,0,0,0,1,67,
2,5,COAHUILA,6,Torreón,35,TORREON,1257,B,74,109,11,1,1,0,0,3,199,
2,5,COAHUILA,6,Torreón,35,TORREON,1257,C1,70,127,3,1,0,0,0,2,203,
2,5,COAHUILA,6,Torreón,35,TORREON,1258,B,40,87,8,2,0,2,0,3,142,
2,5,COAHUILA,6,Torreón,35,TORREON,1258,C1,39,98,14,0,0,0,0,0,151,
2,5,COAHUILA,6,Torreón,35,TORREON,1259,B,54,88,16,1,0,0,0,2,161,
2,5,COAHUILA,6,Torreón,35,TORREON,1259,C1,72,69,15,2,1,0,0,3,162,
2,5,COAHUILA,6,Torreón,35,TORREON,1260,B,8,20,4,0,1,0,0,0,33,
2,5,COAHUILA,6,Torreón,35,TORREON,1261,B,41,74,9,1,1,1,0,3,130,
2,5,COAHUILA,6,Torreón,35,TORREON,1261,C1,47,72,4,2,0,0,0,1,126,
2,5,COAHUILA,6,Torreón,35,TORREON,1261,C2,43,53,11,0,1,0,0,3,111,
2,5,COAHUILA,6,Torreón,35,TORREON,1262,B,34,82,8,6,0,0,0,1,131,
2,5,COAHUILA,6,Torreón,35,TORREON,1262,C1,32,59,4,2,0,0,0,2,99,
2,5,COAHUILA,6,Torreón,35,TORREON,1263,B,47,105,4,1,1,0,0,0,158,
2,5,COAHUILA,6,Torreón,35,TORREON,1263,C1,44,94,2,0,0,1,0,4,145,
2,5,COAHUILA,6,Torreón,35,TORREON,1264,B,50,190,10,3,0,0,0,3,256,
2,5,COAHUILA,6,Torreón,35,TORREON,1264,C1,54,197,9,2,2,0,0,4,268,
2,5,COAHUILA,6,Torreón,35,TORREON,1265,B,44,87,8,2,0,0,0,1,142,
2,5,COAHUILA,6,Torreón,35,TORREON,1265,C1,44,104,12,2,0,0,0,2,164,
2,5,COAHUILA,6,Torreón,35,TORREON,1266,B,68,64,22,4,2,0,0,3,163,
2,5,COAHUILA,6,Torreón,35,TORREON,1266,C1,65,66,17,11,0,0,0,2,161,
2,5,COAHUILA,6,Torreón,35,TORREON,1266,C2,85,63,17,13,0,0,0,0,178,
2,5,COAHUILA,6,Torreón,35,TORREON,1267,B,65,109,25,4,0,2,0,5,210,
2,5,COAHUILA,6,Torreón,35,TORREON,1267,C1,74,101,20,6,0,0,0,5,206,
2,5,COAHUILA,6,Torreón,35,TORREON,1268,B,78,51,12,1,2,1,0,5,150,
2,5,COAHUILA,6,Torreón,35,TORREON,1269,B,49,116,1,1,0,0,0,5,172,
2,5,COAHUILA,6,Torreón,35,TORREON,1269,C1,50,100,6,3,1,2,0,1,163,
2,5,COAHUILA,6,Torreón,35,TORREON,1270,B,45,131,6,4,0,1,0,1,188,
2,5,COAHUILA,6,Torreón,35,TORREON,1270,C1,33,121,4,0,0,1,0,3,162,
2,5,COAHUILA,6,Torreón,35,TORREON,1271,B,60,132,9,1,0,2,0,6,210,
2,5,COAHUILA,6,Torreón,35,TORREON,1271,C1,53,147,8,2,2,2,0,7,221,
2,5,COAHUILA,6,Torreón,35,TORREON,1272,B,25,150,8,3,3,1,0,6,196,
2,5,COAHUILA,6,Torreón,35,TORREON,1272,C1,34,144,11,2,1,1,0,5,198,
2,5,COAHUILA,6,Torreón,35,TORREON,1273,B,42,73,7,0,0,0,0,2,124,
2,5,COAHUILA,6,Torreón,35,TORREON,1273,C1,46,77,3,0,1,1,0,2,130,
2,5,COAHUILA,6,Torreón,35,TORREON,1274,B,45,84,5,1,0,0,0,1,136,
2,5,COAHUILA,6,Torreón,35,TORREON,1274,C1,43,79,6,0,0,0,0,2,130,
2,5,COAHUILA,6,Torreón,35,TORREON,1275,B,63,87,21,0,2,1,0,1,175,
2,5,COAHUILA,6,Torreón,35,TORREON,1275,C1,47,80,21,0,4,0,0,2,154,
2,5,COAHUILA,6,Torreón,35,TORREON,1276,B,28,61,5,2,0,0,0,3,99,
2,5,COAHUILA,6,Torreón,35,TORREON,1276,C1,21,72,6,2,3,0,0,2,106,
2,5,COAHUILA,6,Torreón,35,TORREON,1276,C2,36,83,5,2,3,0,0,0,129,
2,5,COAHUILA,6,Torreón,35,TORREON,1277,B,50,117,4,2,0,1,0,7,181,
2,5,COAHUILA,6,Torreón,35,TORREON,1277,C1,51,107,7,8,1,0,8,0,182,
2,5,COAHUILA,6,Torreón,35,TORREON,1278,B,33,97,4,0,1,1,1,1,138,
2,5,COAHUILA,6,Torreón,35,TORREON,1278,C1,26,84,1,0,0,0,0,7,118,
2,5,COAHUILA,6,Torreón,35,TORREON,1279,B,29,77,5,0,0,1,0,1,113,
2,5,COAHUILA,6,Torreón,35,TORREON,1279,C1,17,92,1,0,0,0,0,1,111,
2,5,COAHUILA,6,Torreón,35,TORREON,1280,B,38,190,9,5,2,2,0,1,247,
2,5,COAHUILA,6,Torreón,35,TORREON,1281,B,43,167,5,3,0,0,0,5,223,
2,5,COAHUILA,6,Torreón,35,TORREON,1282,B,83,156,12,3,1,0,0,3,258,
2,5,COAHUILA,6,Torreón,35,TORREON,1283,B,48,125,10,1,3,2,0,7,196,
2,5,COAHUILA,6,Torreón,35,TORREON,1283,C1,51,100,4,0,5,1,0,5,166,
2,5,COAHUILA,6,Torreón,35,TORREON,1284,B,21,103,8,3,0,0,0,4,139,
2,5,COAHUILA,6,Torreón,35,TORREON,1284,C1,23,122,4,2,0,0,0,3,154,
2,5,COAHUILA,6,Torreón,35,TORREON,1285,B,61,102,6,0,0,0,0,0,169,
2,5,COAHUILA,6,Torreón,35,TORREON,1285,C1,74,104,9,1,1,2,0,2,193,
2,5,COAHUILA,6,Torreón,35,TORREON,1286,B,90,137,13,6,1,1,0,2,250,
2,5,COAHUILA,6,Torreón,35,TORREON,1287,B,65,86,9,1,1,1,0,1,164,
2,5,COAHUILA,6,Torreón,35,TORREON,1287,C1,50,74,6,0,0,0,0,2,132,
2,5,COAHUILA,6,Torreón,35,TORREON,1288,B,19,116,15,0,1,0,0,1,152,
2,5,COAHUILA,6,Torreón,35,TORREON,1289,B,62,107,9,2,2,0,0,2,184,
2,5,COAHUILA,6,Torreón,35,TORREON,1290,B,100,148,4,2,0,1,0,3,258,
2,5,COAHUILA,6,Torreón,35,TORREON,1291,B,47,100,18,0,0,0,0,2,167,Anulada
2,5,COAHUILA,6,Torreón,35,TORREON,1291,C1,58,106,19,3,1,0,0,4,191,
2,5,COAHUILA,6,Torreón,35,TORREON,1292,B,53,179,23,3,0,0,0,2,260,
2,5,COAHUILA,6,Torreón,35,TORREON,1293,B,38,166,13,2,3,0,0,2,224,
2,5,COAHUILA,6,Torreón,35,TORREON,1294,B,10,151,7,1,0,1,0,2,172,
2,5,COAHUILA,6,Torreón,35,TORREON,1294,C1,14,138,4,1,0,0,0,3,160,
2,5,COAHUILA,6,Torreón,35,TORREON,1295,B,55,132,65,5,1,0,0,3,261,
2,5,COAHUILA,6,Torreón,35,TORREON,1296,B,14,58,8,2,2,0,0,2,86,
2,5,COAHUILA,6,Torreón,35,TORREON,1296,C1,15,63,6,0,0,0,0,2,86,
2,5,COAHUILA,6,Torreón,35,TORREON,1297,B,65,148,25,5,0,0,0,1,244,
2,5,COAHUILA,6,Torreón,35,TORREON,1298,B,38,83,16,2,0,0,0,2,141,
2,5,COAHUILA,6,Torreón,35,TORREON,1298,C1,48,80,13,0,0,0,0,1,142,
2,5,COAHUILA,6,Torreón,35,TORREON,1299,B,32,72,18,0,1,1,0,2,126,
2,5,COAHUILA,6,Torreón,35,TORREON,1299,C1,26,85,11,3,2,2,0,3,132,
2,5,COAHUILA,6,Torreón,35,TORREON,1300,B,33,153,6,3,0,1,0,7,203,
2,5,COAHUILA,6,Torreón,35,TORREON,1300,C1,46,134,12,2,1,0,0,3,198,
2,5,COAHUILA,6,Torreón,35,TORREON,1301,B,34,121,5,2,1,1,0,3,167,
2,5,COAHUILA,6,Torreón,35,TORREON,1301,C1,31,58,15,6,0,1,0,5,116,
2,5,COAHUILA,6,Torreón,35,TORREON,1302,B,30,97,6,1,0,0,0,3,137,
2,5,COAHUILA,6,Torreón,35,TORREON,1302,C1,46,103,11,3,0,0,0,5,168,
2,5,COAHUILA,6,Torreón,35,TORREON,1303,B,46,208,7,2,2,0,0,2,267,
2,5,COAHUILA,6,Torreón,35,TORREON,1304,B,38,130,5,1,0,0,0,2,176,
2,5,COAHUILA,6,Torreón,35,TORREON,1305,B,18,112,6,2,1,3,0,8,150,
2,5,COAHUILA,6,Torreón,35,TORREON,1306,B,33,135,4,0,1,0,0,1,174,
2,5,COAHUILA,6,Torreón,35,TORREON,1306,C1,25,130,4,0,0,0,0,5,164,
2,5,COAHUILA,6,Torreón,35,TORREON,1307,B,22,125,14,1,0,0,0,2,164,
2,5,COAHUILA,6,Torreón,35,TORREON,1307,C1,21,122,9,1,0,1,0,3,157,
2,5,COAHUILA,6,Torreón,35,TORREON,1308,B,64,189,20,1,2,1,0,3,280,
2,5,COAHUILA,6,Torreón,35,TORREON,1309,B,32,176,27,1,0,2,0,2,240,
2,5,COAHUILA,6,Torreón,35,TORREON,1309,C1,26,183,32,2,0,0,0,2,245,
2,5,COAHUILA,6,Torreón,35,TORREON,1325,B,47,92,34,4,1,0,0,5,183,
2,5,COAHUILA,6,Torreón,35,TORREON,1325,C1,42,115,19,3,0,1,0,3,183,
2,5,COAHUILA,6,Torreón,35,TORREON,1326,B,58,109,18,1,0,0,0,0,186,
2,5,COAHUILA,6,Torreón,35,TORREON,1326,C1,74,109,19,4,0,1,0,4,211,
2,5,COAHUILA,6,Torreón,35,TORREON,1327,B,47,129,6,5,1,0,0,7,195,
2,5,COAHUILA,6,Torreón,35,TORREON,1327,C1,44,116,9,5,1,0,0,3,178,
2,5,COAHUILA,6,Torreón,35,TORREON,1328,B,56,80,19,2,0,0,0,1,158,
2,5,COAHUILA,6,Torreón,35,TORREON,1328,C1,55,75,16,5,0,1,0,2,154,
2,5,COAHUILA,6,Torreón,35,TORREON,1329,B,34,117,10,8,1,2,0,1,173,
2,5,COAHUILA,6,Torreón,35,TORREON,1329,C1,40,111,11,4,1,0,0,2,169,
2,5,COAHUILA,6,Torreón,35,TORREON,1329,C2,38,107,8,5,0,0,0,0,158,
2,5,COAHUILA,6,Torreón,35,TORREON,1330,B,57,96,9,11,0,0,0,2,175,
2,5,COAHUILA,6,Torreón,35,TORREON,1330,C1,63,126,12,5,0,0,0,0,206,
2,5,COAHUILA,6,Torreón,35,TORREON,1331,B,81,63,14,0,1,1,0,3,163,
2,5,COAHUILA,6,Torreón,35,TORREON,1331,C1,72,71,16,2,0,0,0,1,162,
2,5,COAHUILA,6,Torreón,35,TORREON,1332,B,49,74,6,0,0,0,1,2,132,
2,5,COAHUILA,6,Torreón,35,TORREON,1332,C1,41,66,10,1,1,0,0,3,122,
2,5,COAHUILA,6,Torreón,35,TORREON,1333,B,85,36,8,0,0,0,0,1,130,
2,5,COAHUILA,6,Torreón,35,TORREON,1333,C1,60,39,6,2,0,0,0,3,110,
2,5,COAHUILA,6,Torreón,35,TORREON,1334,B,53,44,5,2,0,0,0,3,107,
2,5,COAHUILA,6,Torreón,35,TORREON,1334,C1,44,32,6,2,0,0,0,2,86,
2,5,COAHUILA,6,Torreón,35,TORREON,1335,B,57,69,15,1,0,1,0,1,144,
2,5,COAHUILA,6,Torreón,35,TORREON,1336,B,42,101,14,1,0,0,0,3,161,
2,5,COAHUILA,6,Torreón,35,TORREON,1336,C1,30,104,11,2,0,0,0,1,148,
2,5,COAHUILA,6,Torreón,35,TORREON,1337,B,24,40,20,0,0,0,0,2,86,
2,5,COAHUILA,6,Torreón,35,TORREON,1337,C1,24,52,9,0,0,0,0,5,90,
2,5,COAHUILA,6,Torreón,35,TORREON,1338,B,36,63,17,0,0,0,0,3,119,
2,5,COAHUILA,6,Torreón,35,TORREON,1338,C1,37,79,18,2,0,0,0,3,139,
2,5,COAHUILA,6,Torreón,35,TORREON,1339,B,79,81,8,2,0,0,0,2,172,
2,5,COAHUILA,6,Torreón,35,TORREON,1339,C1,73,65,11,2,0,0,0,12,163,
2,5,COAHUILA,6,Torreón,35,TORREON,1340,B,66,86,13,15,0,0,0,0,180,
2,5,COAHUILA,6,Torreón,35,TORREON,1340,C1,76,88,8,4,0,1,4,0,181,
2,5,COAHUILA,6,Torreón,35,TORREON,1341,B,33,84,19,7,0,1,0,4,148,
2,5,COAHUILA,6,Torreón,35,TORREON,1341,C1,25,93,13,1,0,0,0,8,140,
2,5,COAHUILA,6,Torreón,35,TORREON,1342,B,43,89,20,4,1,0,3,3,163,
2,5,COAHUILA,6,Torreón,35,TORREON,1342,C1,40,103,6,2,0,0,0,8,159,
2,5,COAHUILA,6,Torreón,35,TORREON,1343,B,31,82,6,7,0,1,0,5,132,
2,5,COAHUILA,6,Torreón,35,TORREON,1343,C1,18,94,6,14,0,0,0,9,141,
2,5,COAHUILA,6,Torreón,35,TORREON,1343,C2,19,87,6,17,3,0,0,5,137,
2,5,COAHUILA,6,Torreón,35,TORREON,1344,B,18,133,2,12,2,1,0,3,171,
2,5,COAHUILA,6,Torreón,35,TORREON,1344,C1,12,151,5,1,1,1,0,1,172,
2,5,COAHUILA,6,Torreón,35,TORREON,1345,B,17,98,9,34,0,0,0,4,162,
2,5,COAHUILA,6,Torreón,35,TORREON,1345,C1,19,111,8,34,0,0,0,3,175,
2,5,COAHUILA,6,Torreón,35,TORREON,1346,B,36,174,11,24,0,1,0,1,247,
2,5,COAHUILA,6,Torreón,35,TORREON,1346,C1,37,170,5,31,0,0,0,5,248,
2,5,COAHUILA,6,Torreón,35,TORREON,1367,B,92,82,9,3,0,1,0,3,190,
2,5,COAHUILA,6,Torreón,35,TORREON,1367,C1,114,104,4,5,0,0,0,2,229,
2,5,COAHUILA,6,Torreón,35,TORREON,1368,B,81,91,22,0,2,1,0,2,199,
2,5,COAHUILA,6,Torreón,35,TORREON,1368,C1,93,90,32,2,0,1,0,2,220,
2,5,COAHUILA,6,Torreón,35,TORREON,1369,B,69,85,7,1,0,0,0,0,162,
2,5,COAHUILA,6,Torreón,35,TORREON,1369,C1,54,93,12,1,1,0,0,3,164,
2,5,COAHUILA,6,Torreón,35,TORREON,1370,B,114,86,4,1,0,2,0,2,209,
2,5,COAHUILA,6,Torreón,35,TORREON,1371,B,49,65,6,0,1,0,0,0,121,
2,5,COAHUILA,6,Torreón,35,TORREON,1371,C1,62,65,6,0,0,1,0,0,134,
2,5,COAHUILA,6,Torreón,35,TORREON,1372,B,57,54,4,0,0,0,0,1,116,
2,5,COAHUILA,6,Torreón,35,TORREON,1372,C1,57,47,4,0,2,1,0,1,112,
2,5,COAHUILA,6,Torreón,35,TORREON,1373,B,60,47,8,4,0,0,0,2,121,
2,5,COAHUILA,6,Torreón,35,TORREON,1373,C1,75,52,8,3,0,0,0,4,142,
2,5,COAHUILA,6,Torreón,35,TORREON,1374,B,65,58,19,2,0,0,0,1,145,
2,5,COAHUILA,6,Torreón,35,TORREON,1374,C1,75,53,12,1,0,0,0,2,143,
2,5,COAHUILA,6,Torreón,35,TORREON,1375,B,52,71,5,1,0,0,0,2,131,
2,5,COAHUILA,6,Torreón,35,TORREON,1375,C1,63,52,9,1,0,1,0,1,127,
2,5,COAHUILA,6,Torreón,35,TORREON,1376,B,101,52,9,0,2,0,0,0,164,
2,5,COAHUILA,6,Torreón,35,TORREON,1376,C1,106,58,19,1,1,0,0,3,188,
2,5,COAHUILA,6,Torreón,35,TORREON,1377,B,119,78,11,0,1,1,0,0,210,
2,5,COAHUILA,6,Torreón,35,TORREON,1377,C1,99,99,8,0,0,1,0,0,207,
2,5,COAHUILA,6,Torreón,35,TORREON,1378,B,80,53,16,1,0,2,0,3,155,
2,5,COAHUILA,6,Torreón,35,TORREON,1378,C1,66,65,12,0,0,0,0,1,144,
2,5,COAHUILA,6,Torreón,35,TORREON,1379,B,47,42,5,1,2,0,0,1,98,
2,5,COAHUILA,6,Torreón,35,TORREON,1379,C1,65,24,10,1,1,0,0,1,102,
2,5,COAHUILA,6,Torreón,35,TORREON,1380,B,107,38,9,0,0,0,0,1,155,
2,5,COAHUILA,6,Torreón,35,TORREON,1380,C1,125,50,9,0,0,0,0,2,186,
2,5,COAHUILA,6,Torreón,35,TORREON,1381,B,82,42,5,0,1,1,0,1,132,
2,5,COAHUILA,6,Torreón,35,TORREON,1381,C1,87,49,7,0,0,1,0,1,145,
2,5,COAHUILA,6,Torreón,35,TORREON,1393,B,206,49,8,1,1,1,0,2,268,
2,5,COAHUILA,6,Torreón,35,TORREON,1393,C1,212,53,9,1,1,0,0,0,276,
2,5,COAHUILA,6,Torreón,35,TORREON,1394,B,108,78,10,1,0,0,0,6,203,
2,5,COAHUILA,6,Torreón,35,TORREON,1395,B,177,58,9,2,0,0,1,0,247,
2,5,COAHUILA,6,Torreón,35,TORREON,1395,C1,180,56,21,0,1,0,0,2,260,
2,5,COAHUILA,6,Torreón,35,TORREON,1396,B,63,71,10,4,0,0,0,2,150,
2,5,COAHUILA,6,Torreón,35,TORREON,1397,B,64,93,13,2,0,1,0,4,177,
2,5,COAHUILA,6,Torreón,35,TORREON,1397,C1,58,91,11,3,0,0,0,1,164,
2,5,COAHUILA,6,Torreón,35,TORREON,1398,B,127,37,5,2,1,0,0,1,173,
2,5,COAHUILA,6,Torreón,35,TORREON,1398,C1,104,33,15,1,0,0,0,0,153,
2,5,COAHUILA,6,Torreón,35,TORREON,1398,C2,97,45,10,0,0,0,0,2,154,
2,5,COAHUILA,6,Torreón,35,TORREON,1399,B,108,52,8,2,0,0,0,4,174,
2,5,COAHUILA,6,Torreón,35,TORREON,1399,C1,136,49,10,4,0,0,0,0,199,
2,5,COAHUILA,6,Torreón,35,TORREON,1400,B,143,33,10,0,0,0,0,0,186,
2,5,COAHUILA,6,Torreón,35,TORREON,1400,C1,129,49,9,0,0,0,0,3,190,
2,5,COAHUILA,6,Torreón,35,TORREON,1401,B,124,27,8,1,1,0,0,0,161,
2,5,COAHUILA,6,Torreón,35,TORREON,1401,C1,110,22,4,0,0,0,0,2,138,
2,5,COAHUILA,6,Torreón,35,TORREON,1429,B,37,101,15,1,1,0,0,1,156,
2,5,COAHUILA,6,Torreón,35,TORREON,1429,C1,38,77,7,0,0,0,0,3,125,
2,5,COAHUILA,6,Torreón,35,TORREON,1430,B,55,101,15,4,0,1,0,1,177,
2,5,COAHUILA,6,Torreón,35,TORREON,1430,C1,42,106,16,4,0,0,0,4,172,
2,5,COAHUILA,6,Torreón,35,TORREON,1431,B,31,67,3,2,1,0,0,1,105,
2,5,COAHUILA,6,Torreón,35,TORREON,1431,C1,32,120,12,3,0,1,0,1,169,
2,5,COAHUILA,6,Torreón,35,TORREON,1432,B,43,102,10,2,1,0,0,0,158,Anulada
2,5,COAHUILA,6,Torreón,35,TORREON,1432,C1,49,97,8,1,0,1,0,2,158,
2,5,COAHUILA,6,Torreón,35,TORREON,1433,B,45,108,24,3,1,1,0,1,183,
2,5,COAHUILA,6,Torreón,35,TORREON,1433,C1,56,94,17,3,0,0,0,2,172,
2,5,COAHUILA,6,Torreón,35,TORREON,1434,B,62,88,8,4,0,2,0,4,168,
2,5,COAHUILA,6,Torreón,35,TORREON,1434,C1,59,65,7,2,1,0,0,2,136,
2,5,COAHUILA,6,Torreón,35,TORREON,1435,B,64,75,2,1,1,1,0,1,145,
2,5,COAHUILA,6,Torreón,35,TORREON,1435,C1,38,71,4,0,2,2,0,0,117,
2,5,COAHUILA,6,Torreón,35,TORREON,1437,B,25,78,2,0,0,0,0,3,108,
2,5,COAHUILA,6,Torreón,35,TORREON,1437,C1,18,80,9,0,0,0,0,0,107,
2,5,COAHUILA,6,Torreón,35,TORREON,1438,B,57,68,9,2,0,0,0,1,137,
2,5,COAHUILA,6,Torreón,35,TORREON,1438,C1,42,102,7,0,0,0,0,3,154,
2,5,COAHUILA,6,Torreón,35,TORREON,1439,B,47,112,5,0,0,1,0,1,166,
2,5,COAHUILA,6,Torreón,35,TORREON,1439,C1,51,100,5,1,1,0,0,1,159,
2,5,COAHUILA,6,Torreón,35,TORREON,1457,B,48,110,3,4,0,0,0,5,170,
5,16,MICHOACAN,5,Zamora,23,CHAVINDA,361,B,21,24,27,0,0,,0,3,75,
5,16,MICHOACAN,5,Zamora,23,CHAVINDA,361,C1,25,21,30,0,0,,0,2,78,
5,16,MICHOACAN,5,Zamora,23,CHAVINDA,362,B,33,32,20,0,0,,0,1,86,
5,16,MICHOACAN,5,Zamora,23,CHAVINDA,362,C1,40,36,16,0,0,,0,4,96,
5,16,MICHOACAN,5,Zamora,23,CHAVINDA,363,B,27,47,44,0,2,,0,0,120,
5,16,MICHOACAN,5,Zamora,23,CHAVINDA,364,B,21,20,69,0,0,,0,1,111,
5,16,MICHOACAN,5,Zamora,23,CHAVINDA,364,E1,19,27,93,1,0,,0,6,146,
5,16,MICHOACAN,5,Zamora,23,CHAVINDA,365,B,24,37,134,3,0,,0,4,202,
5,16,MICHOACAN,5,Zamora,23,CHAVINDA,366,B,74,42,73,1,0,,0,2,192,
5,16,MICHOACAN,5,Zamora,23,CHAVINDA,367,B,49,54,61,0,0,,0,4,168,
5,16,MICHOACAN,5,Zamora,23,CHAVINDA,368,B,35,46,91,2,1,,0,3,178,
5,16,MICHOACAN,5,Zamora,23,CHAVINDA,369,B,9,34,117,1,0,,0,6,167,
5,16,MICHOACAN,5,Zamora,23,CHAVINDA,369,C1,11,50,94,1,0,,0,3,159,
5,16,MICHOACAN,5,Zamora,23,CHAVINDA,369,E1,6,36,31,2,0,,0,0,75,
5,16,MICHOACAN,5,Zamora,23,CHAVINDA,369,E2,9,31,53,0,0,,0,3,96,
5,16,MICHOACAN,5,Zamora,23,CHAVINDA,370,B,4,78,80,0,0,,0,1,163,
5,16,MICHOACAN,5,Zamora,23,CHAVINDA,371,B,23,23,51,0,0,,0,0,97,
5,16,MICHOACAN,5,Zamora,23,CHAVINDA,371,C1,30,32,34,4,1,,0,3,104,
5,16,MICHOACAN,5,Zamora,25,CHILCHOTA,380,B,32,57,43,0,25,,0,1,158,
5,16,MICHOACAN,5,Zamora,25,CHILCHOTA,380,C1,21,42,74,0,29,,0,2,168,
5,16,MICHOACAN,5,Zamora,25,CHILCHOTA,381,B,24,47,110,0,13,,0,1,195,
5,16,MICHOACAN,5,Zamora,25,CHILCHOTA,381,C1,29,56,73,3,11,,0,5,177,
5,16,MICHOACAN,5,Zamora,25,CHILCHOTA,382,B,33,60,53,4,13,,0,2,165,
5,16,MICHOACAN,5,Zamora,25,CHILCHOTA,382,C1,24,61,77,0,6,,0,2,170,
5,16,MICHOACAN,5,Zamora,25,CHILCHOTA,383,B,12,73,81,1,3,,0,2,172,
5,16,MICHOACAN,5,Zamora,25,CHILCHOTA,383,C1,21,72,102,0,4,,0,0,199,
5,16,MICHOACAN,5,Zamora,25,CHILCHOTA,384,B,29,108,72,1,2,,0,4,216,
5,16,MICHOACAN,5,Zamora,25,CHILCHOTA,384,C1,27,81,99,2,0,,0,0,209,
5,16,MICHOACAN,5,Zamora,25,CHILCHOTA,385,B,32,25,45,0,3,,0,0,105,
5,16,MICHOACAN,5,Zamora,25,CHILCHOTA,385,C1,25,27,59,0,0,,0,0,111,
5,16,MICHOACAN,5,Zamora,25,CHILCHOTA,386,B,8,65,67,1,15,,0,3,159,
5,16,MICHOACAN,5,Zamora,25,CHILCHOTA,386,C1,7,47,74,4,16,,0,3,151,
5,16,MICHOACAN,5,Zamora,25,CHILCHOTA,387,B,20,62,100,0,14,,0,4,200,
5,16,MICHOACAN,5,Zamora,25,CHILCHOTA,387,C1,12,51,103,2,17,,0,3,188,
5,16,MICHOACAN,5,Zamora,25,CHILCHOTA,388,B,16,70,98,1,13,,0,4,202,
5,16,MICHOACAN,5,Zamora,25,CHILCHOTA,388,C1,19,55,111,0,9,,0,5,199,
5,16,MICHOACAN,5,Zamora,25,CHILCHOTA,389,B,9,26,60,0,0,,0,0,95,
5,16,MICHOACAN,5,Zamora,25,CHILCHOTA,389,C1,8,55,60,0,2,,0,1,126,
5,16,MICHOACAN,5,Zamora,25,CHILCHOTA,389,C2,7,44,63,1,2,,0,3,120,
5,16,MICHOACAN,5,Zamora,25,CHILCHOTA,390,B,9,36,60,1,11,,0,5,122,
5,16,MICHOACAN,5,Zamora,25,CHILCHOTA,390,C1,11,67,63,2,4,,0,2,149,
5,16,MICHOACAN,5,Zamora,25,CHILCHOTA,391,B,13,22,36,1,2,,1,3,78,
5,16,MICHOACAN,5,Zamora,25,CHILCHOTA,391,C1,9,25,40,3,1,,0,3,81,
5,16,MICHOACAN,5,Zamora,25,CHILCHOTA,392,B,11,91,110,2,16,,0,9,239,
5,16,MICHOACAN,5,Zamora,25,CHILCHOTA,393,B,8,56,49,0,0,,0,1,114,
5,16,MICHOACAN,5,Zamora,25,CHILCHOTA,393,C1,17,47,52,3,1,,0,5,125,
5,16,MICHOACAN,5,Zamora,25,CHILCHOTA,393,C2,12,43,41,1,2,,0,0,99,
5,16,MICHOACAN,5,Zamora,25,CHILCHOTA,394,B,14,81,51,1,2,,0,6,155,
5,16,MICHOACAN,5,Zamora,25,CHILCHOTA,394,C1,3,86,49,2,2,,0,0,142,
5,16,MICHOACAN,5,Zamora,25,CHILCHOTA,395,B,6,40,125,1,0,,0,2,174,
5,16,MICHOACAN,5,Zamora,25,CHILCHOTA,395,E1,10,81,43,1,1,,0,0,136,
5,16,MICHOACAN,5,Zamora,25,CHILCHOTA,396,B,1,76,122,5,0,,0,1,205,
5,16,MICHOACAN,5,Zamora,42,IXTLAN,673,B,16,65,82,1,0,,0,0,164,
5,16,MICHOACAN,5,Zamora,42,IXTLAN,673,C1,12,61,84,0,0,,0,2,159,
5,16,MICHOACAN,5,Zamora,42,IXTLAN,674,B,16,49,107,0,0,,0,0,172,
5,16,MICHOACAN,5,Zamora,42,IXTLAN,674,C1,16,45,86,0,0,,0,2,149,
5,16,MICHOACAN,5,Zamora,42,IXTLAN,675,B,11,51,51,1,0,,0,0,114,
5,16,MICHOACAN,5,Zamora,42,IXTLAN,675,C1,10,50,48,0,0,,0,0,108,
5,16,MICHOACAN,5,Zamora,42,IXTLAN,676,B,20,81,80,2,0,,0,1,184,
5,16,MICHOACAN,5,Zamora,42,IXTLAN,677,B,9,9,61,1,0,,0,2,82,
5,16,MICHOACAN,5,Zamora,42,IXTLAN,677,C1,7,6,48,1,1,,1,1,65,
5,16,MICHOACAN,5,Zamora,42,IXTLAN,678,B,9,6,44,0,0,,0,2,61,
5,16,MICHOACAN,5,Zamora,42,IXTLAN,678,C1,15,7,53,0,1,,0,1,77,
5,16,MICHOACAN,5,Zamora,42,IXTLAN,678,E1,2,23,67,1,0,,0,0,93,
5,16,MICHOACAN,5,Zamora,42,IXTLAN,679,B,17,73,82,1,0,,0,0,173,
5,16,MICHOACAN,5,Zamora,42,IXTLAN,680,B,5,111,66,0,0,,0,2,184,
5,16,MICHOACAN,5,Zamora,42,IXTLAN,681,B,26,44,22,0,1,,0,1,94,
5,16,MICHOACAN,5,Zamora,42,IXTLAN,681,C1,44,22,20,0,0,,0,2,88,
5,16,MICHOACAN,5,Zamora,42,IXTLAN,682,B,15,48,53,0,0,,0,0,116,
5,16,MICHOACAN,5,Zamora,42,IXTLAN,682,C1,8,56,59,0,0,,0,0,123,
5,16,MICHOACAN,5,Zamora,42,IXTLAN,683,B,5,35,98,1,0,,0,0,139,
5,16,MICHOACAN,5,Zamora,42,IXTLAN,683,E1,9,71,96,3,0,,0,5,184,
5,16,MICHOACAN,5,Zamora,42,IXTLAN,684,B,6,34,77,2,0,,0,3,122,
5,16,MICHOACAN,5,Zamora,43,JACONA,685,B,69,34,44,1,0,,7,7,162,
5,16,MICHOACAN,5,Zamora,43,JACONA,685,C1,58,18,45,0,1,,0,1,123,
5,16,MICHOACAN,5,Zamora,43,JACONA,686,B,56,31,32,1,3,,0,1,124,
5,16,MICHOACAN,5,Zamora,43,JACONA,686,C1,62,37,30,1,1,,0,1,132,
5,16,MICHOACAN,5,Zamora,43,JACONA,687,B,72,22,48,3,6,,0,4,155,
5,16,MICHOACAN,5,Zamora,43,JACONA,687,C1,62,31,50,2,11,,0,1,157,
5,16,MICHOACAN,5,Zamora,43,JACONA,688,B,45,49,23,0,2,,0,4,123,
5,16,MICHOACAN,5,Zamora,43,JACONA,688,C1,31,30,30,1,2,,0,6,100,
5,16,MICHOACAN,5,Zamora,43,JACONA,688,C2,30,39,37,3,0,,0,2,111,
5,16,MICHOACAN,5,Zamora,43,JACONA,689,B,76,56,40,3,5,,0,3,183,
5,16,MICHOACAN,5,Zamora,43,JACONA,689,C1,73,48,42,6,0,,0,3,172,
5,16,MICHOACAN,5,Zamora,43,JACONA,690,B,66,45,34,4,0,,0,2,151,
5,16,MICHOACAN,5,Zamora,43,JACONA,690,C1,72,54,52,1,4,,0,1,184,
5,16,MICHOACAN,5,Zamora,43,JACONA,691,B,38,28,37,1,2,,0,6,112,
5,16,MICHOACAN,5,Zamora,43,JACONA,691,C1,35,20,43,1,0,,0,2,101,
5,16,MICHOACAN,5,Zamora,43,JACONA,692,B,30,36,71,1,2,,0,3,143,
5,16,MICHOACAN,5,Zamora,43,JACONA,692,C1,44,40,59,1,0,,0,2,146,
5,16,MICHOACAN,5,Zamora,43,JACONA,693,B,80,44,44,1,1,,0,6,176,
5,16,MICHOACAN,5,Zamora,43,JACONA,693,C1,77,51,29,4,2,,0,3,166,
5,16,MICHOACAN,5,Zamora,43,JACONA,694,B,87,57,44,3,1,,0,4,196,
5,16,MICHOACAN,5,Zamora,43,JACONA,695,B,48,40,34,4,3,,0,3,132,
5,16,MICHOACAN,5,Zamora,43,JACONA,695,C1,50,43,34,1,0,,0,5,133,
5,16,MICHOACAN,5,Zamora,43,JACONA,696,B,36,54,39,2,9,,0,5,145,
5,16,MICHOACAN,5,Zamora,43,JACONA,696,C1,33,44,37,4,7,,0,3,128,
5,16,MICHOACAN,5,Zamora,43,JACONA,697,B,59,29,65,0,2,,0,4,159,
5,16,MICHOACAN,5,Zamora,43,JACONA,697,C1,73,30,52,2,2,,0,3,162,
5,16,MICHOACAN,5,Zamora,43,JACONA,698,B,26,25,25,1,3,,0,0,80,
5,16,MICHOACAN,5,Zamora,43,JACONA,698,C1,32,18,24,2,2,,0,0,78,
5,16,MICHOACAN,5,Zamora,43,JACONA,698,E1,16,53,31,1,1,,0,2,104,
5,16,MICHOACAN,5,Zamora,43,JACONA,698,E1C1,33,38,30,2,1,,1,1,106,
5,16,MICHOACAN,5,Zamora,43,JACONA,699,B,31,22,21,2,2,,0,0,78,
5,16,MICHOACAN,5,Zamora,43,JACONA,699,C1,24,29,26,4,1,,0,1,85,
5,16,MICHOACAN,5,Zamora,43,JACONA,700,B,17,20,19,2,2,,0,5,65,
5,16,MICHOACAN,5,Zamora,43,JACONA,700,C1,11,18,14,3,0,,0,2,48,
5,16,MICHOACAN,5,Zamora,43,JACONA,701,B,17,36,46,1,1,,0,3,104,
5,16,MICHOACAN,5,Zamora,43,JACONA,701,C1,29,53,32,0,1,,0,3,118,
5,16,MICHOACAN,5,Zamora,43,JACONA,701,E1,60,7,16,1,0,,0,1,85,
5,16,MICHOACAN,5,Zamora,43,JACONA,702,B,43,31,31,0,0,,0,2,107,
5,16,MICHOACAN,5,Zamora,43,JACONA,702,C1,63,37,23,1,3,,0,4,131,
5,16,MICHOACAN,5,Zamora,43,JACONA,703,B,33,39,35,4,2,,0,3,116,
5,16,MICHOACAN,5,Zamora,43,JACONA,703,C1,23,33,49,6,3,,0,4,118,
5,16,MICHOACAN,5,Zamora,43,JACONA,703,C2,26,30,44,0,1,,0,4,105,
5,16,MICHOACAN,5,Zamora,43,JACONA,703,C3,35,28,36,4,0,,0,3,106,
5,16,MICHOACAN,5,Zamora,43,JACONA,703,C4,34,37,42,2,0,,0,5,120,
5,16,MICHOACAN,5,Zamora,43,JACONA,704,B,36,12,34,2,2,,0,2,88,
5,16,MICHOACAN,5,Zamora,43,JACONA,704,C1,28,13,37,0,0,,0,4,82,
5,16,MICHOACAN,5,Zamora,43,JACONA,705,B,25,14,34,0,1,,0,0,74,
5,16,MICHOACAN,5,Zamora,43,JACONA,705,C1,18,16,43,0,0,,0,0,77,
5,16,MICHOACAN,5,Zamora,43,JACONA,706,B,56,11,22,1,2,,0,0,92,
5,16,MICHOACAN,5,Zamora,43,JACONA,706,C1,31,12,26,1,0,,0,1,71,
5,16,MICHOACAN,5,Zamora,43,JACONA,707,B,39,27,40,0,1,,0,4,111,
5,16,MICHOACAN,5,Zamora,43,JACONA,707,C1,39,16,29,3,1,,0,7,95,
5,16,MICHOACAN,5,Zamora,43,JACONA,707,C2,45,23,28,0,1,,2,3,102,
5,16,MICHOACAN,5,Zamora,43,JACONA,708,B,35,22,44,1,0,,0,3,105,
5,16,MICHOACAN,5,Zamora,43,JACONA,708,C1,42,22,45,1,0,,0,3,113,
5,16,MICHOACAN,5,Zamora,43,JACONA,708,C2,32,20,27,0,0,,0,1,80,
5,16,MICHOACAN,5,Zamora,43,JACONA,708,C3,44,31,31,0,0,,0,2,108,
5,16,MICHOACAN,5,Zamora,43,JACONA,709,B,21,18,22,2,1,,0,4,68,
5,16,MICHOACAN,5,Zamora,43,JACONA,709,C1,22,33,26,1,1,,1,3,87,
5,16,MICHOACAN,5,Zamora,43,JACONA,709,C2,27,13,36,0,1,,0,1,78,
5,16,MICHOACAN,5,Zamora,43,JACONA,710,B,34,31,51,1,0,,0,2,119,
5,16,MICHOACAN,5,Zamora,43,JACONA,710,C1,37,25,60,0,0,,0,0,122,
5,16,MICHOACAN,5,Zamora,43,JACONA,711,B,17,41,31,1,0,,0,1,91,
5,16,MICHOACAN,5,Zamora,43,JACONA,711,C1,22,37,45,1,0,,0,4,109,
5,16,MICHOACAN,5,Zamora,84,TANGAMANDAPIO,1898,B,33,39,45,1,2,,0,0,120,
5,16,MICHOACAN,5,Zamora,84,TANGAMANDAPIO,1898,C1,56,38,31,0,1,,0,0,126,
5,16,MICHOACAN,5,Zamora,84,TANGAMANDAPIO,1899,B,65,73,66,1,1,,0,5,211,
5,16,MICHOACAN,5,Zamora,84,TANGAMANDAPIO,1899,C1,88,71,58,2,0,,0,3,222,
5,16,MICHOACAN,5,Zamora,84,TANGAMANDAPIO,1900,B,40,91,53,4,0,,0,1,189,
5,16,MICHOACAN,5,Zamora,84,TANGAMANDAPIO,1900,C1,59,73,57,2,0,,0,3,194,
5,16,MICHOACAN,5,Zamora,84,TANGAMANDAPIO,1900,C2,39,60,46,3,0,,0,1,149,
5,16,MICHOACAN,5,Zamora,84,TANGAMANDAPIO,1901,B,53,57,70,2,3,,0,3,188,
5,16,MICHOACAN,5,Zamora,84,TANGAMANDAPIO,1901,C1,57,62,47,0,5,,0,2,173,
5,16,MICHOACAN,5,Zamora,84,TANGAMANDAPIO,1901,E1,6,59,24,0,1,,0,1,91,
5,16,MICHOACAN,5,Zamora,84,TANGAMANDAPIO,1902,B,53,48,37,0,0,,0,1,139,
5,16,MICHOACAN,5,Zamora,84,TANGAMANDAPIO,1902,C1,68,45,30,1,1,,0,2,147,
5,16,MICHOACAN,5,Zamora,84,TANGAMANDAPIO,1903,B,79,59,45,1,2,,0,4,190,
5,16,MICHOACAN,5,Zamora,84,TANGAMANDAPIO,1903,C1,80,50,43,0,0,,0,1,174,
5,16,MICHOACAN,5,Zamora,84,TANGAMANDAPIO,1904,B,5,9,185,0,1,,0,6,206,
5,16,MICHOACAN,5,Zamora,84,TANGAMANDAPIO,1904,E1,21,38,89,1,1,,0,4,154,
5,16,MICHOACAN,5,Zamora,84,TANGAMANDAPIO,1905,B,9,1,145,0,0,,3,7,165,
5,16,MICHOACAN,5,Zamora,84,TANGAMANDAPIO,1905,C1,6,8,153,1,0,,2,2,172,
5,16,MICHOACAN,5,Zamora,84,TANGAMANDAPIO,1906,B,18,11,45,0,1,,0,1,76,
5,16,MICHOACAN,5,Zamora,84,TANGAMANDAPIO,1906,C1,13,21,59,0,0,,0,4,97,
5,16,MICHOACAN,5,Zamora,84,TANGAMANDAPIO,1907,B,9,49,48,0,0,,0,11,117,
5,16,MICHOACAN,5,Zamora,84,TANGAMANDAPIO,1907,C1,15,40,62,1,0,,0,3,121,
5,16,MICHOACAN,5,Zamora,84,TANGAMANDAPIO,1908,B,10,22,93,1,0,,0,5,131,
5,16,MICHOACAN,5,Zamora,84,TANGAMANDAPIO,1908,C1,15,35,85,0,2,,0,4,141,
5,16,MICHOACAN,5,Zamora,84,TANGAMANDAPIO,1909,B,29,36,67,2,0,,0,6,140,
5,16,MICHOACAN,5,Zamora,84,TANGAMANDAPIO,1909,C1,23,41,74,2,2,,0,6,148,
5,16,MICHOACAN,5,Zamora,84,TANGAMANDAPIO,1909,E1,4,12,33,1,2,,0,2,54,
5,16,MICHOACAN,5,Zamora,84,TANGAMANDAPIO,1910,B,2,72,55,3,0,,0,2,134,
5,16,MICHOACAN,5,Zamora,84,TANGAMANDAPIO,1910,E1,22,33,164,1,0,,0,3,223,
5,16,MICHOACAN,5,Zamora,84,TANGAMANDAPIO,1911,B,4,66,32,1,0,,0,1,104,
5,16,MICHOACAN,5,Zamora,84,TANGAMANDAPIO,1911,C1,2,18,59,0,0,,0,2,81,
5,16,MICHOACAN,5,Zamora,84,TANGAMANDAPIO,1911,E1,2,77,21,0,0,,0,1,101,
5,16,MICHOACAN,5,Zamora,85,TANGANCICUARO,1912,B,20,12,44,2,1,,0,2,81,
5,16,MICHOACAN,5,Zamora,85,TANGANCICUARO,1912,C1,22,17,49,2,1,,0,2,93,
5,16,MICHOACAN,5,Zamora,85,TANGANCICUARO,1913,B,54,18,27,1,0,,0,2,102,
5,16,MICHOACAN,5,Zamora,85,TANGANCICUARO,1913,C1,45,24,18,1,0,,0,0,88,
5,16,MICHOACAN,5,Zamora,85,TANGANCICUARO,1914,B,46,30,21,4,0,,0,2,103,
5,16,MICHOACAN,5,Zamora,85,TANGANCICUARO,1914,C1,31,33,31,1,1,,0,2,99,
5,16,MICHOACAN,5,Zamora,85,TANGANCICUARO,1915,B,64,38,29,1,2,,5,5,144,
5,16,MICHOACAN,5,Zamora,85,TANGANCICUARO,1915,C1,46,31,31,0,1,,0,4,113,
5,16,MICHOACAN,5,Zamora,85,TANGANCICUARO,1916,B,53,30,28,3,2,,0,5,121,
5,16,MICHOACAN,5,Zamora,85,TANGANCICUARO,1916,C1,36,35,41,0,1,,0,4,117,
5,16,MICHOACAN,5,Zamora,85,TANGANCICUARO,1917,B,59,37,30,0,1,,0,3,130,
5,16,MICHOACAN,5,Zamora,85,TANGANCICUARO,1918,B,61,49,26,0,1,,0,4,141,
5,16,MICHOACAN,5,Zamora,85,TANGANCICUARO,1919,B,55,28,45,0,2,,0,3,133,
5,16,MICHOACAN,5,Zamora,85,TANGANCICUARO,1919,C1,52,27,39,1,0,,0,1,120,
5,16,MICHOACAN,5,Zamora,85,TANGANCICUARO,1920,B,48,33,32,1,0,,0,0,114,
5,16,MICHOACAN,5,Zamora,85,TANGANCICUARO,1920,C1,38,43,27,2,0,,0,0,110,
5,16,MICHOACAN,5,Zamora,85,TANGANCICUARO,1920,C2,28,40,25,2,0,,0,3,98,
5,16,MICHOACAN,5,Zamora,85,TANGANCICUARO,1921,B,31,45,11,3,0,,0,2,92,
5,16,MICHOACAN,5,Zamora,85,TANGANCICUARO,1921,C1,28,43,27,0,0,,0,1,99,
5,16,MICHOACAN,5,Zamora,85,TANGANCICUARO,1922,B,29,37,29,1,0,,0,1,97,
5,16,MICHOACAN,5,Zamora,85,TANGANCICUARO,1922,C1,44,22,28,1,2,,0,2,99,
5,16,MICHOACAN,5,Zamora,85,TANGANCICUARO,1923,B,30,29,59,2,1,,0,4,125,
5,16,MICHOACAN,5,Zamora,85,TANGANCICUARO,1923,E1,35,18,8,0,1,,0,0,62,
5,16,MICHOACAN,5,Zamora,85,TANGANCICUARO,1924,B,32,13,7,1,0,,0,2,55,
5,16,MICHOACAN,5,Zamora,85,TANGANCICUARO,1925,B,40,37,15,5,0,,0,4,101,
5,16,MICHOACAN,5,Zamora,85,TANGANCICUARO,1926,B,9,13,25,0,0,,0,0,47,
5,16,MICHOACAN,5,Zamora,85,TANGANCICUARO,1927,B,11,6,41,1,0,,0,2,61,
5,16,MICHOACAN,5,Zamora,85,TANGANCICUARO,1928,B,4,12,41,1,0,,0,3,61,
5,16,MICHOACAN,5,Zamora,85,TANGANCICUARO,1929,B,30,16,105,3,0,,0,3,157,
5,16,MICHOACAN,5,Zamora,85,TANGANCICUARO,1929,C1,22,20,117,3,0,,0,8,170,
5,16,MICHOACAN,5,Zamora,85,TANGANCICUARO,1930,B,40,36,61,0,0,,0,4,141,
5,16,MICHOACAN,5,Zamora,85,TANGANCICUARO,1930,C1,28,34,39,1,0,,0,4,106,
5,16,MICHOACAN,5,Zamora,85,TANGANCICUARO,1931,B,67,16,3,0,0,,0,4,90,
5,16,MICHOACAN,5,Zamora,85,TANGANCICUARO,1931,E1,11,19,38,0,0,,0,2,70,
5,16,MICHOACAN,5,Zamora,85,TANGANCICUARO,1932,B,38,9,71,2,0,,0,2,122,
5,16,MICHOACAN,5,Zamora,85,TANGANCICUARO,1932,C1,32,9,64,1,0,,0,0,106,
5,16,MICHOACAN,5,Zamora,85,TANGANCICUARO,1933,B,14,7,9,0,0,,0,1,31,
5,16,MICHOACAN,5,Zamora,85,TANGANCICUARO,1934,B,22,57,34,3,0,,0,1,117,
5,16,MICHOACAN,5,Zamora,85,TANGANCICUARO,1934,C1,12,46,45,2,0,,0,0,105,
5,16,MICHOACAN,5,Zamora,85,TANGANCICUARO,1935,B,20,95,12,4,2,,0,0,133,
5,16,MICHOACAN,5,Zamora,85,TANGANCICUARO,1935,E1,4,47,21,0,0,,0,0,72,
5,16,MICHOACAN,5,Zamora,85,TANGANCICUARO,1936,B,13,36,50,3,0,,0,3,105,
5,16,MICHOACAN,5,Zamora,85,TANGANCICUARO,1936,E1,3,12,22,0,0,,1,1,39,
5,16,MICHOACAN,5,Zamora,85,TANGANCICUARO,1937,B,6,33,24,2,0,,0,2,67,
5,16,MICHOACAN,5,Zamora,85,TANGANCICUARO,1938,B,4,23,52,0,1,,0,1,81,
5,16,MICHOACAN,5,Zamora,85,TANGANCICUARO,1938,E1,6,11,83,2,1,,0,5,108,
5,16,MICHOACAN,5,Zamora,108,ZAMORA,2436,B,50,29,44,1,1,,0,4,129,
5,16,MICHOACAN,5,Zamora,108,ZAMORA,2436,C1,49,31,46,1,2,,0,5,134,
5,16,MICHOACAN,5,Zamora,108,ZAMORA,2437,B,80,29,33,2,1,,0,2,147,
5,16,MICHOACAN,5,Zamora,108,ZAMORA,2437,C1,86,30,37,2,1,,0,4,160,
5,16,MICHOACAN,5,Zamora,108,ZAMORA,2438,B,41,26,38,0,0,,1,1,107,
5,16,MICHOACAN,5,Zamora,108,ZAMORA,2438,C1,51,15,45,0,1,,0,4,116,
5,16,MICHOACAN,5,Zamora,108,ZAMORA,2438,C2,51,31,46,0,1,,1,3,133,
5,16,MICHOACAN,5,Zamora,108,ZAMORA,2439,B,37,30,33,2,2,,0,3,107,
5,16,MICHOACAN,5,Zamora,108,ZAMORA,2439,C1,43,33,22,1,1,,0,3,103,
5,16,MICHOACAN,5,Zamora,108,ZAMORA,2439,E1,8,27,34,0,1,,0,3,73,
5,16,MICHOACAN,5,Zamora,108,ZAMORA,2440,B,67,48,43,0,0,,0,3,161,
5,16,MICHOACAN,5,Zamora,108,ZAMORA,2440,C1,72,59,40,0,4,,0,6,181,
5,16,MICHOACAN,5,Zamora,108,ZAMORA,2441,B,43,27,43,0,0,,0,2,115,
5,16,MICHOACAN,5,Zamora,108,ZAMORA,2441,C1,35,25,39,1,0,,0,6,106,
5,16,MICHOACAN,5,Zamora,108,ZAMORA,2441,C2,40,27,45,0,2,,0,7,121,
5,16,MICHOACAN,5,Zamora,108,ZAMORA,2442,B,27,24,22,0,1,,0,2,76,
5,16,MICHOACAN,5,Zamora,108,ZAMORA,2442,C1,26,31,24,2,1,,1,1,86,
5,16,MICHOACAN,5,Zamora,108,ZAMORA,2442,C2,28,21,37,4,2,,0,2,94,
5,16,MICHOACAN,5,Zamora,108,ZAMORA,2443,B,41,31,48,0,0,,0,3,123,
5,16,MICHOACAN,5,Zamora,108,ZAMORA,2443,C1,36,33,49,2,0,,0,3,123,
5,16,MICHOACAN,5,Zamora,108,ZAMORA,2444,B,21,36,45,1,3,,0,4,110,
5,16,MICHOACAN,5,Zamora,108,ZAMORA,2444,C1,25,30,34,1,0,,0,6,96,
5,16,MICHOACAN,5,Zamora,108,ZAMORA,2445,B,77,35,51,1,1,,0,1,166,
5,16,MICHOACAN,5,Zamora,108,ZAMORA,2445,C1,77,25,43,2,1,,0,0,148,
5,16,MICHOACAN,5,Zamora,108,ZAMORA,2445,C2,91,20,38,1,2,,0,2,154,
5,16,MICHOACAN,5,Zamora,108,ZAMORA,2446,B,76,25,44,1,1,,0,2,149,
5,16,MICHOACAN,5,Zamora,108,ZAMORA,2446,C1,65,25,51,0,2,,0,1,144,
5,16,MICHOACAN,5,Zamora,108,ZAMORA,2447,B,58,45,44,4,2,,0,3,156,
5,16,MICHOACAN,5,Zamora,108,ZAMORA,2447,C1,47,39,36,5,7,,1,4,139,
5,16,MICHOACAN,5,Zamora,108,ZAMORA,2447,C2,67,58,51,2,5,,0,3,186,
5,16,MICHOACAN,5,Zamora,108,ZAMORA,2448,B,24,82,45,3,1,,0,2,157,
5,16,MICHOACAN,5,Zamora,108,ZAMORA,2448,C1,41,83,33,3,3,,0,3,166,
5,16,MICHOACAN,5,Zamora,108,ZAMORA,2448,C2,20,69,29,1,4,,0,4,127,
5,16,MICHOACAN,5,Zamora,108,ZAMORA,2449,B,29,54,51,3,0,,0,3,140,
5,16,MICHOACAN,5,Zamora,108,ZAMORA,2449,C1,36,57,66,2,0,,0,4,165,
5,16,MICHOACAN,5,Zamora,108,ZAMORA,2449,C2,32,39,76,2,1,,0,2,152,
5,16,MICHOACAN,5,Zamora,108,ZAMORA,2450,B,38,51,28,3,0,,0,3,123,
5,16,MICHOACAN,5,Zamora,108,ZAMORA,2450,C1,36,34,23,4,1,,0,2,100,
5,16,MICHOACAN,5,Zamora,108,ZAMORA,2451,B,35,34,37,2,4,,0,4,116,
5,16,MICHOACAN,5,Zamora,108,ZAMORA,2451,C1,52,41,30,3,0,,0,3,129,
5,16,MICHOACAN,5,Zamora,108,ZAMORA,2451,C2,45,24,42,2,2,,0,2,117,
5,16,MICHOACAN,5,Zamora,108,ZAMORA,2451,C3,45,44,34,2,0,,0,1,126,
5,16,MICHOACAN,5,Zamora,108,ZAMORA,2452,B,95,32,47,6,1,,0,3,184,
5,16,MICHOACAN,5,Zamora,108,ZAMORA,2452,C1,99,37,52,2,0,,0,0,190,
5,16,MICHOACAN,5,Zamora,108,ZAMORA,2453,B,57,49,44,3,4,,0,5,162,
5,16,MICHOACAN,5,Zamora,108,ZAMORA,2453,C1,76,39,43,0,3,,2,2,165,
5,16,MICHOACAN,5,Zamora,108,ZAMORA,2454,B,28,38,29,2,2,,0,3,102,
5,16,MICHOACAN,5,Zamora,108,ZAMORA,2454,C1,15,18,29,3,0,,0,0,65,
5,16,MICHOACAN,5,Zamora,108,ZAMORA,2454,C2,26,34,22,0,0,,0,3,85,
5,16,MICHOACAN,5,Zamora,108,ZAMORA,2455,B,39,19,18,2,3,,1,1,83,
5,16,MICHOACAN,5,Zamora,108,ZAMORA,2455,C1,38,16,22,2,0,,0,2,80,
5,16,MICHOACAN,5,Zamora,108,ZAMORA,2456,B,53,29,32,1,3,,0,3,121,
5,16,MICHOACAN,5,Zamora,108,ZAMORA,2456,C1,50,40,25,4,7,,0,1,127,
5,16,MICHOACAN,5,Zamora,108,ZAMORA,2457,B,65,29,22,0,0,,1,3,120,
5,16,MICHOACAN,5,Zamora,108,ZAMORA,2457,C1,54,30,31,0,4,,1,5,125,
5,16,MICHOACAN,5,Zamora,108,ZAMORA,2458,B,87,50,40,3,2,,0,3,185,
5,16,MICHOACAN,5,Zamora,108,ZAMORA,2458,C1,79,39,35,3,7,,0,5,168,
5,16,MICHOACAN,5,Zamora,108,ZAMORA,2459,B,106,34,48,1,3,,0,6,198,
5,16,MICHOACAN,5,Zamora,108,ZAMORA,2459,C1,114,47,47,3,0,,0,5,216,
5,16,MICHOACAN,5,Zamora,108,ZAMORA,2460,B,106,54,57,2,1,,0,6,226,
5,16,MICHOACAN,5,Zamora,108,ZAMORA,2460,C1,124,32,58,2,1,,0,4,221,
5,16,MICHOACAN,5,Zamora,108,ZAMORA,2461,B,126,56,58,2,4,,0,0,246,
5,16,MICHOACAN,5,Zamora,108,ZAMORA,2462,B,52,28,47,3,3,,0,4,137,
5,16,MICHOACAN,5,Zamora,108,ZAMORA,2462,C1,46,26,55,1,1,,0,0,129,
5,16,MICHOACAN,5,Zamora,108,ZAMORA,2462,C2,44,25,46,3,0,,0,5,123,
5,16,MICHOACAN,5,Zamora,108,ZAMORA,2462,E1,16,24,32,0,0,,0,4,76,
5,16,MICHOACAN,5,Zamora,108,ZAMORA,2462,E1C1,20,35,30,4,1,,0,2,92,
5,16,MICHOACAN,5,Zamora,108,ZAMORA,2463,B,79,43,44,3,1,,1,6,177,
5,16,MICHOACAN,5,Zamora,108,ZAMORA,2463,C1,62,31,50,3,3,,0,1,150,
5,16,MICHOACAN,5,Zamora,108,ZAMORA,2464,B,67,35,27,0,0,,0,3,132,
5,16,MICHOACAN,5,Zamora,108,ZAMORA,2464,C1,78,24,31,0,2,,0,1,136,
5,16,MICHOACAN,5,Zamora,108,ZAMORA,2465,B,39,22,32,3,2,,0,1,99,
5,16,MICHOACAN,5,Zamora,108,ZAMORA,2465,C1,38,24,23,0,0,,0,0,85,
5,16,MICHOACAN,5,Zamora,108,ZAMORA,2466,B,69,38,33,5,4,,0,5,154,
5,16,MICHOACAN,5,Zamora,108,ZAMORA,2466,C1,66,44,36,2,3,,0,2,153,
5,16,MICHOACAN,5,Zamora,108,ZAMORA,2467,B,43,29,31,2,4,,0,4,113,
5,16,MICHOACAN,5,Zamora,108,ZAMORA,2467,C1,46,29,22,1,1,,0,2,101,
5,16,MICHOACAN,5,Zamora,108,ZAMORA,2468,B,36,42,46,1,2,,3,3,133,
5,16,MICHOACAN,5,Zamora,108,ZAMORA,2468,C1,34,41,34,1,0,,0,8,118,
5,16,MICHOACAN,5,Zamora,108,ZAMORA,2469,B,35,21,55,1,2,,0,2,116,
5,16,MICHOACAN,5,Zamora,108,ZAMORA,2469,C1,31,25,49,3,0,,0,1,109,
5,16,MICHOACAN,5,Zamora,108,ZAMORA,2470,B,28,65,28,2,2,,0,3,128,
5,16,MICHOACAN,5,Zamora,108,ZAMORA,2470,C1,20,50,33,1,2,,0,2,108,
5,16,MICHOACAN,5,Zamora,108,ZAMORA,2470,C2,35,58,31,2,2,,0,2,130,
5,16,MICHOACAN,5,Zamora,108,ZAMORA,2471,B,104,55,44,1,5,,0,3,212,
5,16,MICHOACAN,5,Zamora,108,ZAMORA,2471,C1,105,44,50,0,5,,0,3,207,
5,16,MICHOACAN,5,Zamora,108,ZAMORA,2472,B,55,72,29,0,0,,0,0,156,
5,16,MICHOACAN,5,Zamora,108,ZAMORA,2472,C1,61,69,28,1,4,,0,1,164,
5,16,MICHOACAN,5,Zamora,108,ZAMORA,2472,C2,54,86,32,1,2,,0,0,175,
5,16,MICHOACAN,5,Zamora,108,ZAMORA,2473,B,80,65,83,2,3,,0,7,240,
5,16,MICHOACAN,5,Zamora,108,ZAMORA,2474,B,89,25,41,2,0,,0,5,162,
5,16,MICHOACAN,5,Zamora,108,ZAMORA,2474,C1,110,17,47,4,1,,0,1,180,
5,16,MICHOACAN,5,Zamora,108,ZAMORA,2475,B,84,45,56,1,0,,0,2,188,
5,16,MICHOACAN,5,Zamora,108,ZAMORA,2476,B,67,32,37,0,2,,0,2,140,
5,16,MICHOACAN,5,Zamora,108,ZAMORA,2476,C1,54,33,36,0,0,,0,2,125,
5,16,MICHOACAN,5,Zamora,108,ZAMORA,2476,C2,52,39,30,2,2,,0,2,127,
5,16,MICHOACAN,5,Zamora,108,ZAMORA,2476,E1,31,19,25,1,0,,0,1,77,
5,16,MICHOACAN,5,Zamora,108,ZAMORA,2476,E1C1,25,17,15,2,0,,0,1,60,
5,16,MICHOACAN,5,Zamora,108,ZAMORA,2477,B,2,16,17,1,0,,0,0,36,
5,16,MICHOACAN,5,Zamora,108,ZAMORA,2477,C1,12,16,18,1,1,,0,1,49,
5,16,MICHOACAN,5,Zamora,108,ZAMORA,2478,B,58,56,62,5,3,,0,5,189,
5,16,MICHOACAN,5,Zamora,108,ZAMORA,2478,C1,45,39,44,3,1,,0,0,132,
5,16,MICHOACAN,5,Zamora,108,ZAMORA,2479,B,60,38,37,1,2,,0,1,139,
5,16,MICHOACAN,5,Zamora,108,ZAMORA,2480,B,82,26,34,0,0,,0,1,143,
5,16,MICHOACAN,5,Zamora,108,ZAMORA,2480,C1,62,21,42,0,0,,0,0,125,
5,16,MICHOACAN,5,Zamora,108,ZAMORA,2480,SMR1,16,12,11,0,0,,0,0,39,
5,16,MICHOACAN,5,Zamora,108,ZAMORA,2481,B,139,44,38,1,1,,1,2,226,
5,16,MICHOACAN,5,Zamora,108,ZAMORA,2481,SMR1,9,7,5,0,0,,0,0,21,
5,16,MICHOACAN,5,Zamora,108,ZAMORA,2482,B,116,43,107,2,0,,0,2,270,
5,16,MICHOACAN,5,Zamora,108,ZAMORA,2483,B,39,61,37,3,2,,1,1,144,
5,16,MICHOACAN,5,Zamora,108,ZAMORA,2484,B,56,79,55,2,1,,0,3,196,
5,16,MICHOACAN,5,Zamora,108,ZAMORA,2485,B,85,59,33,0,1,,0,1,179,
5,16,MICHOACAN,5,Zamora,108,ZAMORA,2485,C1,68,46,48,0,0,,0,2,164,
5,16,MICHOACAN,5,Zamora,108,ZAMORA,2486,B,46,24,37,1,1,,0,1,110,
5,16,MICHOACAN,5,Zamora,108,ZAMORA,2486,C1,50,45,42,0,1,,0,2,140,Anulada
5,16,MICHOACAN,5,Zamora,108,ZAMORA,2487,B,82,33,49,1,1,,0,0,166,
5,16,MICHOACAN,5,Zamora,108,ZAMORA,2487,C1,59,33,61,0,1,,0,0,154,
5,16,MICHOACAN,5,Zamora,108,ZAMORA,2488,B,57,51,42,2,1,,0,3,156,
5,16,MICHOACAN,5,Zamora,108,ZAMORA,2488,C1,58,37,37,1,2,,0,1,136,
5,16,MICHOACAN,5,Zamora,108,ZAMORA,2489,B,32,35,49,5,1,,0,4,126,
5,16,MICHOACAN,5,Zamora,108,ZAMORA,2489,C1,48,28,42,8,3,,0,8,137,
5,16,MICHOACAN,5,Zamora,108,ZAMORA,2489,C2,34,29,51,7,1,,0,3,125,
5,16,MICHOACAN,5,Zamora,108,ZAMORA,2490,B,38,43,57,7,2,,1,3,151,
5,16,MICHOACAN,5,Zamora,108,ZAMORA,2490,C1,53,40,59,6,2,,0,1,161,
5,16,MICHOACAN,5,Zamora,108,ZAMORA,2491,B,90,36,67,5,1,,1,4,204,
5,16,MICHOACAN,5,Zamora,108,ZAMORA,2491,C1,94,32,77,11,1,,0,2,217,
5,16,MICHOACAN,5,Zamora,108,ZAMORA,2492,B,61,25,50,4,1,,0,2,143,
5,16,MICHOACAN,5,Zamora,108,ZAMORA,2492,C1,57,37,35,10,2,,0,0,141,
5,16,MICHOACAN,5,Zamora,108,ZAMORA,2493,B,98,40,82,3,0,,0,3,226,
5,16,MICHOACAN,5,Zamora,108,ZAMORA,2493,C1,127,38,71,2,1,,2,2,243,
5,16,MICHOACAN,5,Zamora,108,ZAMORA,2494,B,86,65,43,1,2,,0,2,199,
5,16,MICHOACAN,5,Zamora,108,ZAMORA,2495,B,98,56,64,1,0,,0,8,227,
5,16,MICHOACAN,5,Zamora,108,ZAMORA,2495,C1,103,48,57,2,0,,0,5,215,
5,16,MICHOACAN,5,Zamora,108,ZAMORA,2495,C2,125,61,61,1,1,,0,1,250,
5,16,MICHOACAN,5,Zamora,108,ZAMORA,2496,B,105,33,53,2,1,,0,2,196,
5,16,MICHOACAN,5,Zamora,108,ZAMORA,2496,C1,115,20,64,1,2,,0,0,202,
5,16,MICHOACAN,5,Zamora,108,ZAMORA,2497,B,79,32,69,1,1,,1,2,185,
5,16,MICHOACAN,5,Zamora,108,ZAMORA,2497,C1,80,33,63,2,3,,0,4,185,
5,16,MICHOACAN,5,Zamora,108,ZAMORA,2497,C2,109,33,63,4,3,,0,6,218,
5,16,MICHOACAN,5,Zamora,108,ZAMORA,2498,B,55,29,53,4,9,,0,1,151,
5,16,MICHOACAN,5,Zamora,108,ZAMORA,2498,C1,66,19,40,2,2,,0,6,135,
5,16,MICHOACAN,5,Zamora,108,ZAMORA,2498,C2,67,28,39,3,3,,0,4,144,
5,16,MICHOACAN,5,Zamora,108,ZAMORA,2499,B,75,45,55,4,1,,0,2,182,
5,16,MICHOACAN,5,Zamora,108,ZAMORA,2499,C1,87,38,63,1,1,,0,2,192,
5,16,MICHOACAN,5,Zamora,108,ZAMORA,2500,B,93,32,51,3,3,,0,0,182,
5,16,MICHOACAN,5,Zamora,108,ZAMORA,2500,C1,86,29,68,7,0,,0,4,194,
5,16,MICHOACAN,5,Zamora,108,ZAMORA,2501,B,17,37,53,5,0,,0,7,119,
5,16,MICHOACAN,5,Zamora,108,ZAMORA,2501,C1,13,40,48,3,1,,0,1,106,
5,16,MICHOACAN,5,Zamora,108,ZAMORA,2502,B,68,27,32,0,0,,0,1,128,
5,16,MICHOACAN,5,Zamora,108,ZAMORA,2502,C1,47,25,43,1,1,,0,0,117,
5,16,MICHOACAN,5,Zamora,108,ZAMORA,2503,B,65,35,58,0,1,,0,6,165,
5,16,MICHOACAN,5,Zamora,108,ZAMORA,2503,C1,66,40,32,1,0,,0,5,144,
5,16,MICHOACAN,5,Zamora,108,ZAMORA,2504,B,70,40,37,1,2,,1,6,157,
5,16,MICHOACAN,5,Zamora,108,ZAMORA,2504,C1,60,16,30,0,2,,0,3,111,
5,16,MICHOACAN,5,Zamora,108,ZAMORA,2505,B,38,35,33,4,2,,0,0,112,
5,16,MICHOACAN,5,Zamora,108,ZAMORA,2505,C1,34,33,33,0,2,,0,0,102,
5,16,MICHOACAN,5,Zamora,108,ZAMORA,2506,B,63,41,46,1,2,,0,3,156,
5,16,MICHOACAN,5,Zamora,108,ZAMORA,2506,C1,55,39,51,1,5,,0,1,152,
5,16,MICHOACAN,5,Zamora,108,ZAMORA,2507,B,18,18,42,0,0,,0,2,80,
5,16,MICHOACAN,5,Zamora,108,ZAMORA,2507,C1,16,6,24,0,2,,0,0,48,
5,16,MICHOACAN,5,Zamora,108,ZAMORA,2508,B,38,24,57,2,0,,0,3,124,
5,16,MICHOACAN,5,Zamora,108,ZAMORA,2508,C1,23,40,33,0,0,,0,3,99,
5,16,MICHOACAN,5,Zamora,108,ZAMORA,2509,B,19,39,14,0,0,,0,3,75,
5,16,MICHOACAN,5,Zamora,108,ZAMORA,2509,C1,21,31,16,1,1,,0,1,71,
5,16,MICHOACAN,5,Zamora,108,ZAMORA,2509,E1,16,16,45,0,1,,0,5,83,
5,16,MICHOACAN,5,Zamora,108,ZAMORA,2510,B,26,34,16,1,1,,0,0,78,
5,16,MICHOACAN,5,Zamora,108,ZAMORA,2510,C1,27,20,18,0,0,,0,3,68,
5,16,MICHOACAN,5,Zamora,108,ZAMORA,2510,C2,31,26,20,0,0,,0,1,78,
5,16,MICHOACAN,5,Zamora,108,ZAMORA,2511,B,22,22,19,2,0,,0,1,66,
5,16,MICHOACAN,5,Zamora,108,ZAMORA,2511,C1,41,19,26,1,1,,0,3,91,
5,16,MICHOACAN,5,Zamora,108,ZAMORA,2512,B,28,12,69,3,1,,0,4,117,
5,16,MICHOACAN,5,Zamora,108,ZAMORA,2513,B,27,32,35,2,2,,0,4,102,
5,16,MICHOACAN,5,Zamora,108,ZAMORA,2513,E1,5,12,90,4,0,,0,3,114,
5,16,MICHOACAN,5,Zamora,108,ZAMORA,2514,B,8,45,53,0,2,,0,2,110,
5,16,MICHOACAN,5,Zamora,108,ZAMORA,2514,C1,18,34,41,1,2,,1,1,98,
5,16,MICHOACAN,5,Zamora,108,ZAMORA,2515,B,19,36,30,1,1,,0,1,88,
5,16,MICHOACAN,5,Zamora,108,ZAMORA,2515,C1,7,20,39,1,0,,0,0,67,
5,16,MICHOACAN,5,Zamora,108,ZAMORA,2516,B,16,25,71,1,2,,0,4,119,
5,16,MICHOACAN,5,Zamora,108,ZAMORA,2517,B,34,21,20,1,1,,0,2,79,
5,16,MICHOACAN,5,Zamora,108,ZAMORA,2518,B,47,30,24,0,1,,0,1,103,
5,16,MICHOACAN,5,Zamora,108,ZAMORA,2519,B,48,69,19,2,0,,0,1,139,
5,16,MICHOACAN,5,Zamora,108,ZAMORA,2519,C1,58,47,32,2,0,,0,3,142,
5,16,MICHOACAN,5,Zamora,108,ZAMORA,2520,B,34,33,16,0,0,,0,1,84,
5,16,MICHOACAN,5,Zamora,108,ZAMORA,2520,C1,32,35,11,0,0,,0,3,81,
5,16,MICHOACAN,5,Zamora,108,ZAMORA,2520,E1,90,19,6,1,0,,0,2,118,
5,16,MICHOACAN,5,Zamora,108,ZAMORA,2521,B,32,7,42,0,1,,0,0,82,
5,16,MICHOACAN,5,Zamora,108,ZAMORA,2521,C1,24,8,25,0,0,,0,2,59,
5,16,MICHOACAN,5,Zamora,108,ZAMORA,2521,C2,21,4,54,1,0,,0,2,82,
5,16,MICHOACAN,5,Zamora,108,ZAMORA,2522,B,27,17,53,0,0,,0,2,99,
5,16,MICHOACAN,5,Zamora,108,ZAMORA,2522,C1,14,23,30,0,1,,0,0,68,
5,16,MICHOACAN,5,Zamora,108,ZAMORA,2522,E1,19,24,32,1,0,,0,2,78,
5,16,MICHOACAN,5,Zamora,108,ZAMORA,2523,B,19,32,42,0,0,,0,1,94,
5,16,MICHOACAN,5,Zamora,108,ZAMORA,2523,C1,12,42,45,0,0,,0,0,99,
5,16,MICHOACAN,5,Zamora,108,ZAMORA,2524,B,49,21,17,0,0,,0,0,87,
5,16,MICHOACAN,5,Zamora,108,ZAMORA,2524,C1,29,35,16,2,0,,0,0,82,
5,16,MICHOACAN,5,Zamora,108,ZAMORA,2525,B,30,30,73,4,1,,0,5,143,
5,16,MICHOACAN,5,Zamora,108,ZAMORA,2525,C1,16,27,61,0,0,,0,3,107,
5,16,MICHOACAN,5,Zamora,108,ZAMORA,2525,E1,10,39,28,2,1,,0,0,80,
5,16,MICHOACAN,5,Zamora,108,ZAMORA,2526,B,19,20,20,1,2,,0,0,62,
5,16,MICHOACAN,5,Zamora,108,ZAMORA,2526,C1,14,31,24,1,0,,0,1,71,
5,16,MICHOACAN,5,Zamora,108,ZAMORA,2527,B,9,81,21,0,0,,0,2,113,
5,16,MICHOACAN,5,Zamora,108,ZAMORA,2527,C1,8,72,15,1,0,,0,3,99,
5,16,MICHOACAN,5,Zamora,108,ZAMORA,2528,B,26,32,28,2,0,,0,4,92,
5,16,MICHOACAN,5,Zamora,108,ZAMORA,2528,C1,28,61,34,1,2,,0,2,128,
5,16,MICHOACAN,5,Zamora,108,ZAMORA,2528,E1,52,26,27,2,0,,0,2,109,
5,16,MICHOACAN,5,Zamora,108,ZAMORA,2529,B,30,50,23,1,0,,0,3,107,
5,16,MICHOACAN,5,Zamora,108,ZAMORA,2529,C1,38,40,38,1,0,,1,1,119,
5,16,MICHOACAN,5,Zamora,108,ZAMORA,2529,E1,20,56,24,1,1,,0,4,106,
5,16,MICHOACAN,5,Zamora,108,ZAMORA,2529,E1C1,32,44,16,2,2,,0,1,97,
5,16,MICHOACAN,5,Zamora,108,ZAMORA,2530,B,4,6,37,2,0,,0,0,49,
5,16,MICHOACAN,5,Zamora,108,ZAMORA,2676,B,55,40,23,3,2,,1,1,125,