CIRCUNSCRIPCION,ID_ESTADO,NOMBRE_ESTADO,ID_DISTRITO,CABECERA_DISTRITAL,ID_MUNICIPIO,MUNICIPIO,SECCION,CASILLAS,PAN,APT,PRD,PT,CONV,PLM,NUM_VOTOS_CAN_NREG,NUM_VOTOS_NULOS,TOTAL_VOTOS
2,5,COAHUILA,6,Torreón,35,TORREON,1180,3,133,513,49,4,0,0,0,7,706
2,5,COAHUILA,6,Torreón,35,TORREON,1185,2,151,151,19,6,2,1,0,10,340
2,5,COAHUILA,6,Torreón,35,TORREON,1186,2,64,149,24,0,0,1,0,2,240
2,5,COAHUILA,6,Torreón,35,TORREON,1187,2,281,102,8,3,0,1,0,6,401
2,5,COAHUILA,6,Torreón,35,TORREON,1188,2,219,131,16,1,1,0,0,1,369
2,5,COAHUILA,6,Torreón,35,TORREON,1189,2,127,274,14,1,1,1,0,6,424
2,5,COAHUILA,6,Torreón,35,TORREON,1190,2,137,353,21,2,0,3,0,1,517
2,5,COAHUILA,6,Torreón,35,TORREON,1191,2,139,147,15,3,1,0,0,0,305
2,5,COAHUILA,6,Torreón,35,TORREON,1192,2,230,216,22,5,0,3,0,2,478
2,5,COAHUILA,6,Torreón,35,TORREON,1193,2,259,132,33,1,0,0,0,3,428
2,5,COAHUILA,6,Torreón,35,TORREON,1194,2,229,175,21,3,1,1,0,3,433
2,5,COAHUILA,6,Torreón,35,TORREON,1195,2,230,214,27,1,1,1,0,1,475
2,5,COAHUILA,6,Torreón,35,TORREON,1196,2,225,207,61,4,1,1,0,4,503
2,5,COAHUILA,6,Torreón,35,TORREON,1197,3,220,258,30,4,2,2,0,9,525
2,5,COAHUILA,6,Torreón,35,TORREON,1198,2,118,257,26,7,3,3,0,5,419
2,5,COAHUILA,6,Torreón,35,TORREON,1199,2,129,167,19,1,2,0,0,5,323
2,5,COAHUILA,6,Torreón,35,TORREON,1200,2,422,76,13,0,1,1,0,3,516
2,5,COAHUILA,6,Torreón,35,TORREON,1201,2,171,118,11,0,0,0,0,4,304
2,5,COAHUILA,6,Torreón,35,TORREON,1202,2,92,160,9,8,0,1,0,3,273
2,5,COAHUILA,6,Torreón,35,TORREON,1203,2,130,96,25,18,0,0,0,4,273
2,5,COAHUILA,6,Torreón,35,TORREON,1204,2,306,105,22,3,1,3,0,2,442
2,5,COAHUILA,6,Torreón,35,TORREON,1205,2,275,87,32,0,0,0,0,2,396
2,5,COAHUILA,6,Torreón,35,TORREON,1206,2,291,125,17,2,1,0,0,2,438
2,5,COAHUILA,6,Torreón,35,TORREON,1207,2,452,92,16,1,1,0,0,3,565
2,5,COAHUILA,6,Torreón,35,TORREON,1208,2,142,225,15,1,2,0,0,2,387
2,5,COAHUILA,6,Torreón,35,TORREON,1209,3,200,183,84,3,2,2,0,4,478
2,5,COAHUILA,6,Torreón,35,TORREON,1210,3,218,216,35,4,0,3,0,1,477
2,5,COAHUILA,6,Torreón,35,TORREON,1211,2,99,180,27,1,1,0,0,4,312
2,5,COAHUILA,6,Torreón,35,TORREON,1212,2,97,97,30,2,0,0,0,3,229
2,5,COAHUILA,6,Torreón,35,TORREON,1213,3,216,166,29,4,7,0,0,4,426
2,5,COAHUILA,6,Torreón,35,TORREON,1214,3,340,179,29,5,0,2,0,5,560
2,5,COAHUILA,6,Torreón,35,TORREON,1215,2,329,109,26,2,1,1,0,3,471
2,5,COAHUILA,6,Torreón,35,TORREON,1216,2,171,122,19,1,0,0,0,3,316
2,5,COAHUILA,6,Torreón,35,TORREON,1217,1,177,63,8,0,5,0,0,1,254
2,5,COAHUILA,6,Torreón,35,TORREON,1218,3,416,115,17,3,0,0,0,3,554
2,5,COAHUILA,6,Torreón,35,TORREON,1219,2,312,74,15,0,0,1,0,2,404
2,5,COAHUILA,6,Torreón,35,TORREON,1220,2,157,182,18,3,1,1,0,2,364
2,5,COAHUILA,6,Torreón,35,TORREON,1221,2,154,159,19,0,0,1,1,6,340
2,5,COAHUILA,6,Torreón,35,TORREON,1222,2,170,162,18,3,0,3,0,3,359
2,5,COAHUILA,6,Torreón,35,TORREON,1223,2,141,152,10,2,0,0,0,2,307
2,5,COAHUILA,6,Torreón,35,TORREON,1224,2,138,168,28,2,0,0,0,3,339
2,5,COAHUILA,6,Torreón,35,TORREON,1225,2,116,115,24,1,5,0,0,2,263
2,5,COAHUILA,6,Torreón,35,TORREON,1226,1,107,96,24,1,2,0,0,1,231
2,5,COAHUILA,6,Torreón,35,TORREON,1227,2,391,102,20,0,1,0,0,1,515
2,5,COAHUILA,6,Torreón,35,TORREON,1228,2,293,65,11,1,0,2,0,4,376
2,5,COAHUILA,6,Torreón,35,TORREON,1229,2,76,135,7,0,0,0,0,4,222
2,5,COAHUILA,6,Torreón,35,TORREON,1230,2,93,138,18,8,1,0,0,8,266
2,5,COAHUILA,6,Torreón,35,TORREON,1231,1,76,60,10,3,0,0,0,3,152
2,5,COAHUILA,6,Torreón,35,TORREON,1232,2,274,90,14,1,1,0,0,6,386
2,5,COAHUILA,6,Torreón,35,TORREON,1233,2,249,87,21,1,1,0,0,4,363
2,5,COAHUILA,6,Torreón,35,TORREON,1234,2,131,96,12,0,0,0,0,1,240
2,5,COAHUILA,6,Torreón,35,TORREON,1235,2,146,57,16,2,0,0,0,0,221
2,5,COAHUILA,6,Torreón,35,TORREON,1236,1,119,80,9,1,0,1,0,2,212
2,5,COAHUILA,6,Torreón,35,TORREON,1237,2,136,92,11,0,1,0,0,3,243
2,5,COAHUILA,6,Torreón,35,TORREON,1238,1,93,81,7,0,1,1,0,2,185
2,5,COAHUILA,6,Torreón,35,TORREON,1239,2,105,71,17,0,2,2,0,3,200
2,5,COAHUILA,6,Torreón,35,TORREON,1240,2,93,111,14,2,1,0,0,3,224
2,5,COAHUILA,6,Torreón,35,TORREON,1241,2,146,67,6,1,1,0,0,1,222
2,5,COAHUILA,6,Torreón,35,TORREON,1242,2,164,93,23,0,3,0,0,4,287
2,5,COAHUILA,6,Torreón,35,TORREON,1243,1,127,48,9,0,1,1,0,8,194
2,5,COAHUILA,6,Torreón,35,TORREON,1244,1,83,74,12,1,0,0,0,1,171
2,5,COAHUILA,6,Torreón,35,TORREON,1245,2,99,84,12,3,2,1,0,7,208
2,5,COAHUILA,6,Torreón,35,TORREON,1246,1,92,64,15,3,3,0,0,1,178
2,5,COAHUILA,6,Torreón,35,TORREON,1247,2,157,180,26,1,2,0,0,2,368
2,5,COAHUILA,6,Torreón,35,TORREON,1248,2,111,171,30,2,1,1,0,9,325
2,5,COAHUILA,6,Torreón,35,TORREON,1249,2,95,110,14,1,2,1,0,2,225
2,5,COAHUILA,6,Torreón,35,TORREON,1250,2,93,157,11,3,0,1,0,6,271
2,5,COAHUILA,6,Torreón,35,TORREON,1251,1,50,134,9,1,0,1,0,2,197
2,5,COAHUILA,6,Torreón,35,TORREON,1252,2,84,156,12,0,3,1,0,0,256
2,5,COAHUILA,6,Torreón,35,TORREON,1253,2,124,167,17,3,6,2,0,4,323
2,5,COAHUILA,6,Torreón,35,TORREON,1254,2,126,149,21,4,2,1,0,4,307
2,5,COAHUILA,6,Torreón,35,TORREON,1255,2,98,84,11,2,2,2,0,3,202
2,5,COAHUILA,6,Torreón,35,TORREON,1256,3,115,111,16,1,2,2,0,6,253
2,5,COAHUILA,6,Torreón,35,TORREON,1257,2,144,236,14,2,1,0,0,5,402
2,5,COAHUILA,6,Torreón,35,TORREON,1258,2,79,185,22,2,0,2,0,3,293
2,5,COAHUILA,6,Torreón,35,TORREON,1259,2,126,157,31,3,1,0,0,5,323
2,5,COAHUILA,6,Torreón,35,TORREON,1260,1,8,20,4,0,1,0,0,0,33
2,5,COAHUILA,6,Torreón,35,TORREON,1261,3,131,199,24,3,2,1,0,7,367
2,5,COAHUILA,6,Torreón,35,TORREON,1262,2,66,141,12,8,0,0,0,3,230
2,5,COAHUILA,6,Torreón,35,TORREON,1263,2,91,199,6,1,1,1,0,4,303
2,5,COAHUILA,6,Torreón,35,TORREON,1264,2,104,387,19,5,2,0,0,7,524
2,5,COAHUILA,6,Torreón,35,TORREON,1265,2,88,191,20,4,0,0,0,3,306
2,5,COAHUILA,6,Torreón,35,TORREON,1266,3,218,193,56,28,2,0,0,5,502
2,5,COAHUILA,6,Torreón,35,TORREON,1267,2,139,210,45,10,0,2,0,10,416
2,5,COAHUILA,6,Torreón,35,TORREON,1268,1,78,51,12,1,2,1,0,5,150
2,5,COAHUILA,6,Torreón,35,TORREON,1269,2,99,216,7,4,1,2,0,6,335
2,5,COAHUILA,6,Torreón,35,TORREON,1270,2,78,252,10,4,0,2,0,4,350
2,5,COAHUILA,6,Torreón,35,TORREON,1271,2,113,279,17,3,2,4,0,13,431
2,5,COAHUILA,6,Torreón,35,TORREON,1272,2,59,294,19,5,4,2,0,11,394
2,5,COAHUILA,6,Torreón,35,TORREON,1273,2,88,150,10,0,1,1,0,4,254
2,5,COAHUILA,6,Torreón,35,TORREON,1274,2,88,163,11,1,0,0,0,3,266
2,5,COAHUILA,6,Torreón,35,TORREON,1275,2,110,167,42,0,6,1,0,3,329
2,5,COAHUILA,6,Torreón,35,TORREON,1276,3,85,216,16,6,6,0,0,5,334
2,5,COAHUILA,6,Torreón,35,TORREON,1277,2,101,224,11,10,1,1,8,7,363
2,5,COAHUILA,6,Torreón,35,TORREON,1278,2,59,181,5,0,1,1,1,8,256
2,5,COAHUILA,6,Torreón,35,TORREON,1279,2,46,169,6,0,0,1,0,2,224
2,5,COAHUILA,6,Torreón,35,TORREON,1280,1,38,190,9,5,2,2,0,1,247
2,5,COAHUILA,6,Torreón,35,TORREON,1281,1,43,167,5,3,0,0,0,5,223
2,5,COAHUILA,6,Torreón,35,TORREON,1282,1,83,156,12,3,1,0,0,3,258
2,5,COAHUILA,6,Torreón,35,TORREON,1283,2,99,225,14,1,8,3,0,12,362
2,5,COAHUILA,6,Torreón,35,TORREON,1284,2,44,225,12,5,0,0,0,7,293
2,5,COAHUILA,6,Torreón,35,TORREON,1285,2,135,206,15,1,1,2,0,2,362
2,5,COAHUILA,6,Torreón,35,TORREON,1286,1,90,137,13,6,1,1,0,2,250
2,5,COAHUILA,6,Torreón,35,TORREON,1287,2,115,160,15,1,1,1,0,3,296
2,5,COAHUILA,6,Torreón,35,TORREON,1288,1,19,116,15,0,1,0,0,1,152
2,5,COAHUILA,6,Torreón,35,TORREON,1289,1,62,107,9,2,2,0,0,2,184
2,5,COAHUILA,6,Torreón,35,TORREON,1290,1,100,148,4,2,0,1,0,3,258
2,5,COAHUILA,6,Torreón,35,TORREON,1291,1,58,106,19,3,1,0,0,4,191
2,5,COAHUILA,6,Torreón,35,TORREON,1292,1,53,179,23,3,0,0,0,2,260
2,5,COAHUILA,6,Torreón,35,TORREON,1293,1,38,166,13,2,3,0,0,2,224
2,5,COAHUILA,6,Torreón,35,TORREON,1294,2,24,289,11,2,0,1,0,5,332
2,5,COAHUILA,6,Torreón,35,TORREON,1295,1,55,132,65,5,1,0,0,3,261
2,5,COAHUILA,6,Torreón,35,TORREON,1296,2,29,121,14,2,2,0,0,4,172
2,5,COAHUILA,6,Torreón,35,TORREON,1297,1,65,148,25,5,0,0,0,1,244
2,5,COAHUILA,6,Torreón,35,TORREON,1298,2,86,163,29,2,0,0,0,3,283
2,5,COAHUILA,6,Torreón,35,TORREON,1299,2,58,157,29,3,3,3,0,5,258
2,5,COAHUILA,6,Torreón,35,TORREON,1300,2,79,287,18,5,1,1,0,10,401
2,5,COAHUILA,6,Torreón,35,TORREON,1301,2,65,179,20,8,1,2,0,8,283
2,5,COAHUILA,6,Torreón,35,TORREON,1302,2,76,200,17,4,0,0,0,8,305
2,5,COAHUILA,6,Torreón,35,TORREON,1303,1,46,208,7,2,2,0,0,2,267
2,5,COAHUILA,6,Torreón,35,TORREON,1304,1,38,130,5,1,0,0,0,2,176
2,5,COAHUILA,6,Torreón,35,TORREON,1305,1,18,112,6,2,1,3,0,8,150
2,5,COAHUILA,6,Torreón,35,TORREON,1306,2,58,265,8,0,1,0,0,6,338
2,5,COAHUILA,6,Torreón,35,TORREON,1307,2,43,247,23,2,0,1,0,5,321
2,5,COAHUILA,6,Torreón,35,TORREON,1308,1,64,189,20,1,2,1,0,3,280
2,5,COAHUILA,6,Torreón,35,TORREON,1309,2,58,359,59,3,0,2,0,4,485
2,5,COAHUILA,6,Torreón,35,TORREON,1325,2,89,207,53,7,1,1,0,8,366
2,5,COAHUILA,6,Torreón,35,TORREON,1326,2,132,218,37,5,0,1,0,4,397
2,5,COAHUILA,6,Torreón,35,TORREON,1327,2,91,245,15,10,2,0,0,10,373
2,5,COAHUILA,6,Torreón,35,TORREON,1328,2,111,155,35,7,0,1,0,3,312
2,5,COAHUILA,6,Torreón,35,TORREON,1329,3,112,335,29,17,2,2,0,3,500
2,5,COAHUILA,6,Torreón,35,TORREON,1330,2,120,222,21,16,0,0,0,2,381
2,5,COAHUILA,6,Torreón,35,TORREON,1331,2,153,134,30,2,1,1,0,4,325
2,5,COAHUILA,6,Torreón,35,TORREON,1332,2,90,140,16,1,1,0,1,5,254
2,5,COAHUILA,6,Torreón,35,TORREON,1333,2,145,75,14,2,0,0,0,4,240
2,5,COAHUILA,6,Torreón,35,TORREON,1334,2,97,76,11,4,0,0,0,5,193
2,5,COAHUILA,6,Torreón,35,TORREON,1335,1,57,69,15,1,0,1,0,1,144
2,5,COAHUILA,6,Torreón,35,TORREON,1336,2,72,205,25,3,0,0,0,4,309
2,5,COAHUILA,6,Torreón,35,TORREON,1337,2,48,92,29,0,0,0,0,7,176
2,5,COAHUILA,6,Torreón,35,TORREON,1338,2,73,142,35,2,0,0,0,6,258
2,5,COAHUILA,6,Torreón,35,TORREON,1339,2,152,146,19,4,0,0,0,14,335
2,5,COAHUILA,6,Torreón,35,TORREON,1340,2,142,174,21,19,0,1,4,0,361
2,5,COAHUILA,6,Torreón,35,TORREON,1341,2,58,177,32,8,0,1,0,12,288
2,5,COAHUILA,6,Torreón,35,TORREON,1342,2,83,192,26,6,1,0,3,11,322
2,5,COAHUILA,6,Torreón,35,TORREON,1343,3,68,263,18,38,3,1,0,19,410
2,5,COAHUILA,6,Torreón,35,TORREON,1344,2,30,284,7,13,3,2,0,4,343
2,5,COAHUILA,6,Torreón,35,TORREON,1345,2,36,209,17,68,0,0,0,7,337
2,5,COAHUILA,6,Torreón,35,TORREON,1346,2,73,344,16,55,0,1,0,6,495
2,5,COAHUILA,6,Torreón,35,TORREON,1367,2,206,186,13,8,0,1,0,5,419
2,5,COAHUILA,6,Torreón,35,TORREON,1368,2,174,181,54,2,2,2,0,4,419
2,5,COAHUILA,6,Torreón,35,TORREON,1369,2,123,178,19,2,1,0,0,3,326
2,5,COAHUILA,6,Torreón,35,TORREON,1370,1,114,86,4,1,0,2,0,2,209
2,5,COAHUILA,6,Torreón,35,TORREON,1371,2,111,130,12,0,1,1,0,0,255
2,5,COAHUILA,6,Torreón,35,TORREON,1372,2,114,101,8,0,2,1,0,2,228
2,5,COAHUILA,6,Torreón,35,TORREON,1373,2,135,99,16,7,0,0,0,6,263
2,5,COAHUILA,6,Torreón,35,TORREON,1374,2,140,111,31,3,0,0,0,3,288
2,5,COAHUILA,6,Torreón,35,TORREON,1375,2,115,123,14,2,0,1,0,3,258
2,5,COAHUILA,6,Torreón,35,TORREON,1376,2,207,110,28,1,3,0,0,3,352
2,5,COAHUILA,6,Torreón,35,TORREON,1377,2,218,177,19,0,1,2,0,0,417
2,5,COAHUILA,6,Torreón,35,TORREON,1378,2,146,118,28,1,0,2,0,4,299
2,5,COAHUILA,6,Torreón,35,TORREON,1379,2,112,66,15,2,3,0,0,2,200
2,5,COAHUILA,6,Torreón,35,TORREON,1380,2,232,88,18,0,0,0,0,3,341
2,5,COAHUILA,6,Torreón,35,TORREON,1381,2,169,91,12,0,1,2,0,2,277
2,5,COAHUILA,6,Torreón,35,TORREON,1393,2,418,102,17,2,2,1,0,2,544
2,5,COAHUILA,6,Torreón,35,TORREON,1394,1,108,78,10,1,0,0,0,6,203
2,5,COAHUILA,6,Torreón,35,TORREON,1395,2,357,114,30,2,1,0,1,2,507
2,5,COAHUILA,6,Torreón,35,TORREON,1396,1,63,71,10,4,0,0,0,2,150
2,5,COAHUILA,6,Torreón,35,TORREON,1397,2,122,184,24,5,0,1,0,5,341
2,5,COAHUILA,6,Torreón,35,TORREON,1398,3,328,115,30,3,1,0,0,3,480
2,5,COAHUILA,6,Torreón,35,TORREON,1399,2,244,101,18,6,0,0,0,4,373
2,5,COAHUILA,6,Torreón,35,TORREON,1400,2,272,82,19,0,0,0,0,3,376
2,5,COAHUILA,6,Torreón,35,TORREON,1401,2,234,49,12,1,1,0,0,2,299
2,5,COAHUILA,6,Torreón,35,TORREON,1429,2,75,178,22,1,1,0,0,4,281
2,5,COAHUILA,6,Torreón,35,TORREON,1430,2,97,207,31,8,0,1,0,5,349
2,5,COAHUILA,6,Torreón,35,TORREON,1431,2,63,187,15,5,1,1,0,2,274
2,5,COAHUILA,6,Torreón,35,TORREON,1432,1,49,97,8,1,0,1,0,2,158
2,5,COAHUILA,6,Torreón,35,TORREON,1433,2,101,202,41,6,1,1,0,3,355
2,5,COAHUILA,6,Torreón,35,TORREON,1434,2,121,153,15,6,1,2,0,6,304
2,5,COAHUILA,6,Torreón,35,TORREON,1435,2,102,146,6,1,3,3,0,1,262
2,5,COAHUILA,6,Torreón,35,TORREON,1437,2,43,158,11,0,0,0,0,3,215
2,5,COAHUILA,6,Torreón,35,TORREON,1438,2,99,170,16,2,0,0,0,4,291
2,5,COAHUILA,6,Torreón,35,TORREON,1439,2,98,212,10,1,1,1,0,2,325
2,5,COAHUILA,6,Torreón,35,TORREON,1457,1,48,110,3,4,0,0,0,5,170
5,16,MICHOACAN,5,Zamora,23,CHAVINDA,361,2,46,45,57,0,0,,0,5,153
5,16,MICHOACAN,5,Zamora,23,CHAVINDA,362,2,73,68,36,0,0,,0,5,182
5,16,MICHOACAN,5,Zamora,23,CHAVINDA,363,1,27,47,44,0,2,,0,0,120
5,16,MICHOACAN,5,Zamora,23,CHAVINDA,364,2,40,47,162,1,0,,0,7,257
5,16,MICHOACAN,5,Zamora,23,CHAVINDA,365,1,24,37,134,3,0,,0,4,202
5,16,MICHOACAN,5,Zamora,23,CHAVINDA,366,1,74,42,73,1,0,,0,2,192
5,16,MICHOACAN,5,Zamora,23,CHAVINDA,367,1,49,54,61,0,0,,0,4,168
5,16,MICHOACAN,5,Zamora,23,CHAVINDA,368,1,35,46,91,2,1,,0,3,178
5,16,MICHOACAN,5,Zamora,23,CHAVINDA,369,4,35,151,295,4,0,,0,12,497
5,16,MICHOACAN,5,Zamora,23,CHAVINDA,370,1,4,78,80,0,0,,0,1,163
5,16,MICHOACAN,5,Zamora,23,CHAVINDA,371,2,53,55,85,4,1,,0,3,201
5,16,MICHOACAN,5,Zamora,25,CHILCHOTA,380,2,53,99,117,0,54,,0,3,326
5,16,MICHOACAN,5,Zamora,25,CHILCHOTA,381,2,53,103,183,3,24,,0,6,372
5,16,MICHOACAN,5,Zamora,25,CHILCHOTA,382,2,57,121,130,4,19,,0,4,335
5,16,MICHOACAN,5,Zamora,25,CHILCHOTA,383,2,33,145,183,1,7,,0,2,371
5,16,MICHOACAN,5,Zamora,25,CHILCHOTA,384,2,56,189,171,3,2,,0,4,425
5,16,MICHOACAN,5,Zamora,25,CHILCHOTA,385,2,57,52,104,0,3,,0,0,216
5,16,MICHOACAN,5,Zamora,25,CHILCHOTA,386,2,15,112,141,5,31,,0,6,310
5,16,MICHOACAN,5,Zamora,25,CHILCHOTA,387,2,32,113,203,2,31,,0,7,388
5,16,MICHOACAN,5,Zamora,25,CHILCHOTA,388,2,35,125,209,1,22,,0,9,401
5,16,MICHOACAN,5,Zamora,25,CHILCHOTA,389,3,24,125,183,1,4,,0,4,341
5,16,MICHOACAN,5,Zamora,25,CHILCHOTA,390,2,20,103,123,3,15,,0,7,271
5,16,MICHOACAN,5,Zamora,25,CHILCHOTA,391,2,22,47,76,4,3,,1,6,159
5,16,MICHOACAN,5,Zamora,25,CHILCHOTA,392,1,11,91,110,2,16,,0,9,239
5,16,MICHOACAN,5,Zamora,25,CHILCHOTA,393,3,37,146,142,4,3,,0,6,338
5,16,MICHOACAN,5,Zamora,25,CHILCHOTA,394,2,17,167,100,3,4,,0,6,297
5,16,MICHOACAN,5,Zamora,25,CHILCHOTA,395,2,16,121,168,2,1,,0,2,310
5,16,MICHOACAN,5,Zamora,25,CHILCHOTA,396,1,1,76,122,5,0,,0,1,205
5,16,MICHOACAN,5,Zamora,42,IXTLAN,673,2,28,126,166,1,0,,0,2,323
5,16,MICHOACAN,5,Zamora,42,IXTLAN,674,2,32,94,193,0,0,,0,2,321
5,16,MICHOACAN,5,Zamora,42,IXTLAN,675,2,21,101,99,1,0,,0,0,222
5,16,MICHOACAN,5,Zamora,42,IXTLAN,676,1,20,81,80,2,0,,0,1,184
5,16,MICHOACAN,5,Zamora,42,IXTLAN,677,2,16,15,109,2,1,,1,3,147
5,16,MICHOACAN,5,Zamora,42,IXTLAN,678,3,26,36,164,1,1,,0,3,231
5,16,MICHOACAN,5,Zamora,42,IXTLAN,679,1,17,73,82,1,0,,0,0,173
5,16,MICHOACAN,5,Zamora,42,IXTLAN,680,1,5,111,66,0,0,,0,2,184
5,16,MICHOACAN,5,Zamora,42,IXTLAN,681,2,70,66,42,0,1,,0,3,182
5,16,MICHOACAN,5,Zamora,42,IXTLAN,682,2,23,104,112,0,0,,0,0,239
5,16,MICHOACAN,5,Zamora,42,IXTLAN,683,2,14,106,194,4,0,,0,5,323
5,16,MICHOACAN,5,Zamora,42,IXTLAN,684,1,6,34,77,2,0,,0,3,122
5,16,MICHOACAN,5,Zamora,43,JACONA,685,2,127,52,89,1,1,,7,8,285
5,16,MICHOACAN,5,Zamora,43,JACONA,686,2,118,68,62,2,4,,0,2,256
5,16,MICHOACAN,5,Zamora,43,JACONA,687,2,134,53,98,5,17,,0,5,312
5,16,MICHOACAN,5,Zamora,43,JACONA,688,3,106,118,90,4,4,,0,12,334
5,16,MICHOACAN,5,Zamora,43,JACONA,689,2,149,104,82,9,5,,0,6,355
5,16,MICHOACAN,5,Zamora,43,JACONA,690,2,138,99,86,5,4,,0,3,335
5,16,MICHOACAN,5,Zamora,43,JACONA,691,2,73,48,80,2,2,,0,8,213
5,16,MICHOACAN,5,Zamora,43,JACONA,692,2,74,76,130,2,2,,0,5,289
5,16,MICHOACAN,5,Zamora,43,JACONA,693,2,157,95,73,5,3,,0,9,342
5,16,MICHOACAN,5,Zamora,43,JACONA,694,1,87,57,44,3,1,,0,4,196
5,16,MICHOACAN,5,Zamora,43,JACONA,695,2,98,83,68,5,3,,0,8,265
5,16,MICHOACAN,5,Zamora,43,JACONA,696,2,69,98,76,6,16,,0,8,273
5,16,MICHOACAN,5,Zamora,43,JACONA,697,2,132,59,117,2,4,,0,7,321
5,16,MICHOACAN,5,Zamora,43,JACONA,698,4,107,134,110,6,7,,1,3,368
5,16,MICHOACAN,5,Zamora,43,JACONA,699,2,55,51,47,6,3,,0,1,163
5,16,MICHOACAN,5,Zamora,43,JACONA,700,2,28,38,33,5,2,,0,7,113
5,16,MICHOACAN,5,Zamora,43,JACONA,701,3,106,96,94,2,2,,0,7,307
5,16,MICHOACAN,5,Zamora,43,JACONA,702,2,106,68,54,1,3,,0,6,238
5,16,MICHOACAN,5,Zamora,43,JACONA,703,5,151,167,206,16,6,,0,19,565
5,16,MICHOACAN,5,Zamora,43,JACONA,704,2,64,25,71,2,2,,0,6,170
5,16,MICHOACAN,5,Zamora,43,JACONA,705,2,43,30,77,0,1,,0,0,151
5,16,MICHOACAN,5,Zamora,43,JACONA,706,2,87,23,48,2,2,,0,1,163
5,16,MICHOACAN,5,Zamora,43,JACONA,707,3,123,66,97,3,3,,2,14,308
5,16,MICHOACAN,5,Zamora,43,JACONA,708,4,153,95,147,2,0,,0,9,406
5,16,MICHOACAN,5,Zamora,43,JACONA,709,3,70,64,84,3,3,,1,8,233
5,16,MICHOACAN,5,Zamora,43,JACONA,710,2,71,56,111,1,0,,0,2,241
5,16,MICHOACAN,5,Zamora,43,JACONA,711,2,39,78,76,2,0,,0,5,200
5,16,MICHOACAN,5,Zamora,84,TANGAMANDAPIO,1898,2,89,77,76,1,3,,0,0,246
5,16,MICHOACAN,5,Zamora,84,TANGAMANDAPIO,1899,2,153,144,124,3,1,,0,8,433
5,16,MICHOACAN,5,Zamora,84,TANGAMANDAPIO,1900,3,138,224,156,9,0,,0,5,532
5,16,MICHOACAN,5,Zamora,84,TANGAMANDAPIO,1901,3,116,178,141,2,9,,0,6,452
5,16,MICHOACAN,5,Zamora,84,TANGAMANDAPIO,1902,2,121,93,67,1,1,,0,3,286
5,16,MICHOACAN,5,Zamora,84,TANGAMANDAPIO,1903,2,159,109,88,1,2,,0,5,364
5,16,MICHOACAN,5,Zamora,84,TANGAMANDAPIO,1904,2,26,47,274,1,2,,0,10,360
5,16,MICHOACAN,5,Zamora,84,TANGAMANDAPIO,1905,2,15,9,298,1,0,,5,9,337
5,16,MICHOACAN,5,Zamora,84,TANGAMANDAPIO,1906,2,31,32,104,0,1,,0,5,173
5,16,MICHOACAN,5,Zamora,84,TANGAMANDAPIO,1907,2,24,89,110,1,0,,0,14,238
5,16,MICHOACAN,5,Zamora,84,TANGAMANDAPIO,1908,2,25,57,178,1,2,,0,9,272
5,16,MICHOACAN,5,Zamora,84,TANGAMANDAPIO,1909,3,56,89,174,5,4,,0,14,342
5,16,MICHOACAN,5,Zamora,84,TANGAMANDAPIO,1910,2,24,105,219,4,0,,0,5,357
5,16,MICHOACAN,5,Zamora,84,TANGAMANDAPIO,1911,3,8,161,112,1,0,,0,4,286
5,16,MICHOACAN,5,Zamora,85,TANGANCICUARO,1912,2,42,29,93,4,2,,0,4,174
5,16,MICHOACAN,5,Zamora,85,TANGANCICUARO,1913,2,99,42,45,2,0,,0,2,190
5,16,MICHOACAN,5,Zamora,85,TANGANCICUARO,1914,2,77,63,52,5,1,,0,4,202
5,16,MICHOACAN,5,Zamora,85,TANGANCICUARO,1915,2,110,69,60,1,3,,5,9,257
5,16,MICHOACAN,5,Zamora,85,TANGANCICUARO,1916,2,89,65,69,3,3,,0,9,238
5,16,MICHOACAN,5,Zamora,85,TANGANCICUARO,1917,1,59,37,30,0,1,,0,3,130
5,16,MICHOACAN,5,Zamora,85,TANGANCICUARO,1918,1,61,49,26,0,1,,0,4,141
5,16,MICHOACAN,5,Zamora,85,TANGANCICUARO,1919,2,107,55,84,1,2,,0,4,253
5,16,MICHOACAN,5,Zamora,85,TANGANCICUARO,1920,3,114,116,84,5,0,,0,3,322
5,16,MICHOACAN,5,Zamora,85,TANGANCICUARO,1921,2,59,88,38,3,0,,0,3,191
5,16,MICHOACAN,5,Zamora,85,TANGANCICUARO,1922,2,73,59,57,2,2,,0,3,196
5,16,MICHOACAN,5,Zamora,85,TANGANCICUARO,1923,2,65,47,67,2,2,,0,4,187
5,16,MICHOACAN,5,Zamora,85,TANGANCICUARO,1924,1,32,13,7,1,0,,0,2,55
5,16,MICHOACAN,5,Zamora,85,TANGANCICUARO,1925,1,40,37,15,5,0,,0,4,101
5,16,MICHOACAN,5,Zamora,85,TANGANCICUARO,1926,1,9,13,25,0,0,,0,0,47
5,16,MICHOACAN,5,Zamora,85,TANGANCICUARO,1927,1,11,6,41,1,0,,0,2,61
5,16,MICHOACAN,5,Zamora,85,TANGANCICUARO,1928,1,4,12,41,1,0,,0,3,61
5,16,MICHOACAN,5,Zamora,85,TANGANCICUARO,1929,2,52,36,222,6,0,,0,11,327
5,16,MICHOACAN,5,Zamora,85,TANGANCICUARO,1930,2,68,70,100,1,0,,0,8,247
5,16,MICHOACAN,5,Zamora,85,TANGANCICUARO,1931,2,78,35,41,0,0,,0,6,160
5,16,MICHOACAN,5,Zamora,85,TANGANCICUARO,1932,2,70,18,135,3,0,,0,2,228
5,16,MICHOACAN,5,Zamora,85,TANGANCICUARO,1933,1,14,7,9,0,0,,0,1,31
5,16,MICHOACAN,5,Zamora,85,TANGANCICUARO,1934,2,34,103,79,5,0,,0,1,222
5,16,MICHOACAN,5,Zamora,85,TANGANCICUARO,1935,2,24,142,33,4,2,,0,0,205
5,16,MICHOACAN,5,Zamora,85,TANGANCICUARO,1936,2,16,48,72,3,0,,1,4,144
5,16,MICHOACAN,5,Zamora,85,TANGANCICUARO,1937,1,6,33,24,2,0,,0,2,67
5,16,MICHOACAN,5,Zamora,85,TANGANCICUARO,1938,2,10,34,135,2,2,,0,6,189
5,16,MICHOACAN,5,Zamora,108,ZAMORA,2436,2,99,60,90,2,3,,0,9,263
5,16,MICHOACAN,5,Zamora,108,ZAMORA,2437,2,166,59,70,4,2,,0,6,307
5,16,MICHOACAN,5,Zamora,108,ZAMORA,2438,3,143,72,129,0,2,,2,8,356
5,16,MICHOACAN,5,Zamora,108,ZAMORA,2439,3,88,90,89,3,4,,0,9,283
5,16,MICHOACAN,5,Zamora,108,ZAMORA,2440,2,139,107,83,0,4,,0,9,342
5,16,MICHOACAN,5,Zamora,108,ZAMORA,2441,3,118,79,127,1,2,,0,15,342
5,16,MICHOACAN,5,Zamora,108,ZAMORA,2442,3,81,76,83,6,4,,1,5,256
5,16,MICHOACAN,5,Zamora,108,ZAMORA,2443,2,77,64,97,2,0,,0,6,246
5,16,MICHOACAN,5,Zamora,108,ZAMORA,2444,2,46,66,79,2,3,,0,10,206
5,16,MICHOACAN,5,Zamora,108,ZAMORA,2445,3,245,80,132,4,4,,0,3,468
5,16,MICHOACAN,5,Zamora,108,ZAMORA,2446,2,141,50,95,1,3,,0,3,293
5,16,MICHOACAN,5,Zamora,108,ZAMORA,2447,3,172,142,131,11,14,,1,10,481
5,16,MICHOACAN,5,Zamora,108,ZAMORA,2448,3,85,234,107,7,8,,0,9,450
5,16,MICHOACAN,5,Zamora,108,ZAMORA,2449,3,97,150,193,7,1,,0,9,457
5,16,MICHOACAN,5,Zamora,108,ZAMORA,2450,2,74,85,51,7,1,,0,5,223
5,16,MICHOACAN,5,Zamora,108,ZAMORA,2451,4,177,143,143,9,6,,0,10,488
5,16,MICHOACAN,5,Zamora,108,ZAMORA,2452,2,194,69,99,8,1,,0,3,374
5,16,MICHOACAN,5,Zamora,108,ZAMORA,2453,2,133,88,87,3,7,,2,7,327
5,16,MICHOACAN,5,Zamora,108,ZAMORA,2454,3,69,90,80,5,2,,0,6,252
5,16,MICHOACAN,5,Zamora,108,ZAMORA,2455,2,77,35,40,4,3,,1,3,163
5,16,MICHOACAN,5,Zamora,108,ZAMORA,2456,2,103,69,57,5,10,,0,4,248
5,16,MICHOACAN,5,Zamora,108,ZAMORA,2457,2,119,59,53,0,4,,2,8,245
5,16,MICHOACAN,5,Zamora,108,ZAMORA,2458,2,166,89,75,6,9,,0,8,353
5,16,MICHOACAN,5,Zamora,108,ZAMORA,2459,2,220,81,95,4,3,,0,11,414
5,16,MICHOACAN,5,Zamora,108,ZAMORA,2460,2,230,86,115,4,2,,0,10,447
5,16,MICHOACAN,5,Zamora,108,ZAMORA,2461,1,126,56,58,2,4,,0,0,246
5,16,MICHOACAN,5,Zamora,108,ZAMORA,2462,5,178,138,210,11,5,,0,15,557
5,16,MICHOACAN,5,Zamora,108,ZAMORA,2463,2,141,74,94,6,4,,1,7,327
5,16,MICHOACAN,5,Zamora,108,ZAMORA,2464,2,145,59,58,0,2,,0,4,268
5,16,MICHOACAN,5,Zamora,108,ZAMORA,2465,2,77,46,55,3,2,,0,1,184
5,16,MICHOACAN,5,Zamora,108,ZAMORA,2466,2,135,82,69,7,7,,0,7,307
5,16,MICHOACAN,5,Zamora,108,ZAMORA,2467,2,89,58,53,3,5,,0,6,214
5,16,MICHOACAN,5,Zamora,108,ZAMORA,2468,2,70,83,80,2,2,,3,11,251
5,16,MICHOACAN,5,Zamora,108,ZAMORA,2469,2,66,46,104,4,2,,0,3,225
5,16,MICHOACAN,5,Zamora,108,ZAMORA,2470,3,83,173,92,5,6,,0,7,366
5,16,MICHOACAN,5,Zamora,108,ZAMORA,2471,2,209,99,94,1,10,,0,6,419
5,16,MICHOACAN,5,Zamora,108,ZAMORA,2472,3,170,227,89,2,6,,0,1,495
5,16,MICHOACAN,5,Zamora,108,ZAMORA,2473,1,80,65,83,2,3,,0,7,240
5,16,MICHOACAN,5,Zamora,108,ZAMORA,2474,2,199,42,88,6,1,,0,6,342
5,16,MICHOACAN,5,Zamora,108,ZAMORA,2475,1,84,45,56,1,0,,0,2,188
5,16,MICHOACAN,5,Zamora,108,ZAMORA,2476,5,229,140,143,5,4,,0,8,529
5,16,MICHOACAN,5,Zamora,108,ZAMORA,2477,2,14,32,35,2,1,,0,1,85
5,16,MICHOACAN,5,Zamora,108,ZAMORA,2478,2,103,95,106,8,4,,0,5,321
5,16,MICHOACAN,5,Zamora,108,ZAMORA,2479,1,60,38,37,1,2,,0,1,139
5,16,MICHOACAN,5,Zamora,108,ZAMORA,2480,3,160,59,87,0,0,,0,1,307
5,16,MICHOACAN,5,Zamora,108,ZAMORA,2481,2,148,51,43,1,1,,1,2,247
5,16,MICHOACAN,5,Zamora,108,ZAMORA,2482,1,116,43,107,2,0,,0,2,270
5,16,MICHOACAN,5,Zamora,108,ZAMORA,2483,1,39,61,37,3,2,,1,1,144
5,16,MICHOACAN,5,Zamora,108,ZAMORA,2484,1,56,79,55,2,1,,0,3,196
5,16,MICHOACAN,5,Zamora,108,ZAMORA,2485,2,153,105,81,0,1,,0,3,343
5,16,MICHOACAN,5,Zamora,108,ZAMORA,2486,1,46,24,37,1,1,,0,1,110
5,16,MICHOACAN,5,Zamora,108,ZAMORA,2487,2,141,66,110,1,2,,0,0,320
5,16,MICHOACAN,5,Zamora,108,ZAMORA,2488,2,115,88,79,3,3,,0,4,292
5,16,MICHOACAN,5,Zamora,108,ZAMORA,2489,3,114,92,142,20,5,,0,15,388
5,16,MICHOACAN,5,Zamora,108,ZAMORA,2490,2,91,83,116,13,4,,1,4,312
5,16,MICHOACAN,5,Zamora,108,ZAMORA,2491,2,184,68,144,16,2,,1,6,421
5,16,MICHOACAN,5,Zamora,108,ZAMORA,2492,2,118,62,85,14,3,,0,2,284
5,16,MICHOACAN,5,Zamora,108,ZAMORA,2493,2,225,78,153,5,1,,2,5,469
5,16,MICHOACAN,5,Zamora,108,ZAMORA,2494,1,86,65,43,1,2,,0,2,199
5,16,MICHOACAN,5,Zamora,108,ZAMORA,2495,3,326,165,182,4,1,,0,14,692
5,16,MICHOACAN,5,Zamora,108,ZAMORA,2496,2,220,53,117,3,3,,0,2,398
5,16,MICHOACAN,5,Zamora,108,ZAMORA,2497,3,268,98,195,7,7,,1,12,588
5,16,MICHOACAN,5,Zamora,108,ZAMORA,2498,3,188,76,132,9,14,,0,11,430
5,16,MICHOACAN,5,Zamora,108,ZAMORA,2499,2,162,83,118,5,2,,0,4,374
5,16,MICHOACAN,5,Zamora,108,ZAMORA,2500,2,179,61,119,10,3,,0,4,376
5,16,MICHOACAN,5,Zamora,108,ZAMORA,2501,2,30,77,101,8,1,,0,8,225
5,16,MICHOACAN,5,Zamora,108,ZAMORA,2502,2,115,52,75,1,1,,0,1,245
5,16,MICHOACAN,5,Zamora,108,ZAMORA,2503,2,131,75,90,1,1,,0,11,309
5,16,MICHOACAN,5,Zamora,108,ZAMORA,2504,2,130,56,67,1,4,,1,9,268
5,16,MICHOACAN,5,Zamora,108,ZAMORA,2505,2,72,68,66,4,4,,0,0,214
5,16,MICHOACAN,5,Zamora,108,ZAMORA,2506,2,118,80,97,2,7,,0,4,308
5,16,MICHOACAN,5,Zamora,108,ZAMORA,2507,2,34,24,66,0,2,,0,2,128
5,16,MICHOACAN,5,Zamora,108,ZAMORA,2508,2,61,64,90,2,0,,0,6,223
5,16,MICHOACAN,5,Zamora,108,ZAMORA,2509,3,56,86,75,1,2,,0,9,229
5,16,MICHOACAN,5,Zamora,108,ZAMORA,2510,3,84,80,54,1,1,,0,4,224
5,16,MICHOACAN,5,Zamora,108,ZAMORA,2511,2,63,41,45,3,1,,0,4,157
5,16,MICHOACAN,5,Zamora,108,ZAMORA,2512,1,28,12,69,3,1,,0,4,117
5,16,MICHOACAN,5,Zamora,108,ZAMORA,2513,2,32,44,125,6,2,,0,7,216
5,16,MICHOACAN,5,Zamora,108,ZAMORA,2514,2,26,79,94,1,4,,1,3,208
5,16,MICHOACAN,5,Zamora,108,ZAMORA,2515,2,26,56,69,2,1,,0,1,155
5,16,MICHOACAN,5,Zamora,108,ZAMORA,2516,1,16,25,71,1,2,,0,4,119
5,16,MICHOACAN,5,Zamora,108,ZAMORA,2517,1,34,21,20,1,1,,0,2,79
5,16,MICHOACAN,5,Zamora,108,ZAMORA,2518,1,47,30,24,0,1,,0,1,103
5,16,MICHOACAN,5,Zamora,108,ZAMORA,2519,2,106,116,51,4,0,,0,4,281
5,16,MICHOACAN,5,Zamora,108,ZAMORA,2520,3,156,87,33,1,0,,0,6,283
5,16,MICHOACAN,5,Zamora,108,ZAMORA,2521,3,77,19,121,1,1,,0,4,223
5,16,MICHOACAN,5,Zamora,108,ZAMORA,2522,3,60,64,115,1,1,,0,4,245
5,16,MICHOACAN,5,Zamora,108,ZAMORA,2523,2,31,74,87,0,0,,0,1,193
5,16,MICHOACAN,5,Zamora,108,ZAMORA,2524,2,78,56,33,2,0,,0,0,169
5,16,MICHOACAN,5,Zamora,108,ZAMORA,2525,3,56,96,162,6,2,,0,8,330
5,16,MICHOACAN,5,Zamora,108,ZAMORA,2526,2,33,51,44,2,2,,0,1,133
5,16,MICHOACAN,5,Zamora,108,ZAMORA,2527,2,17,153,36,1,0,,0,5,212
5,16,MICHOACAN,5,Zamora,108,ZAMORA,2528,3,106,119,89,5,2,,0,8,329
5,16,MICHOACAN,5,Zamora,108,ZAMORA,2529,4,120,190,101,5,3,,1,9,429
5,16,MICHOACAN,5,Zamora,108,ZAMORA,2530,1,4,6,37,2,0,,0,0,49
5,16,MICHOACAN,5,Zamora,108,ZAMORA,2676,1,55,40,23,3,2,,1,1,125