﻿ID_ESTADO,NOMBRE_ESTADO,ID_MUNICIPIO,MUNICIPIO,SECCIONES,CASILLAS,C_COMUN_PAN_PRI_PRD_PRS_PHBCS,PAN,PRI,PRD,PT,PVEM,MC,PRS,MORENA,PHBCS,BCSC,PANALBCS,PES,RSP,FXM,COA_MORENA_PT,NUM_VOTOS_VALIDOS,NUM_VOTOS_CAN_NREG,NUM_VOTOS_NULOS,TOTAL_VOTOS,LISTA_NOMINAL,RUTA_ACTA
3,BAJA CALIFORNIA SUR,1,COMONDU,71,116,7717,178,11,3,3064,1559,1507,0,10126,0,322,495,378,167,5182,942,31651,0,1092,32743,56125,
3,BAJA CALIFORNIA SUR,2,MULEGE,44,91,7888,270,12,3,875,149,58,0,7115,0,632,4319,185,317,102,260,22185,3,730,22918,42624,
3,BAJA CALIFORNIA SUR,3,LA PAZ,222,414,42508,470,61,9,4718,6115,3840,0,39030,0,2083,2449,2833,960,1852,2277,109205,73,3247,112525,215389,
3,BAJA CALIFORNIA SUR,4,LOS CABOS,134,399,28904,408,32,2,8555,4490,2354,0,33695,0,1499,2970,1645,3245,5801,3355,96955,92,2831,99878,234803,
3,BAJA CALIFORNIA SUR,5,LORETO,10,27,3994,31,2,1,320,124,632,0,1839,0,26,199,596,46,40,85,7935,8,242,8185,12707,
