CIRCUNSCRIPCION,ID_ESTADO,NOMBRE_ESTADO,ID_DISTRITO_LOCAL,CABECERA_DISTRITAL_LOCAL,ID_MUNICIPIO,MUNICIPIO,ID_DEMARCACION,DEMARCACION,SECCION,TIPO_CASILLA,ID_CASILLA,EXT_CONTIGUA,CASILLA,PAN,PRI,PRD,PVEM,PT,MC,NA,MORENA,ES,PLC,PAN_MC,PRI_PVEM_NA,PRI_PVEM,PRI_NA,PVEM_NA,CAND_IND10,CAND_IND11,CAND_IND12,CAND_IND13,NUM_VOTOS_VALIDOS,NUM_VOTOS_CAN_NREG,NUM_VOTOS_NULOS,TOTAL_VOTOS,LISTA_NOMINAL,ESTATUS_ACTA,TRIBUNAL,OBSERVACIONES,RUTA_ACTA
 ,4,CAMPECHE,6,SAN FRANCISCO DE CAMPECHE,1,CAMPECHE,1,PICH,139,B,1,0,B,116,115,49,4,11,5,6,101,4,3,0,0,3,4,0,,,,,421,0,0,421,666,ACTA LEVANTADA EN CONSEJO,,,HTTP://WWW.IEEC.ORG.MX/DOCUMENTACION/PROCESOS/2017-2018/ACTAS/JUNTAS/CONSEJOS/CAMPECHE.PDF
 ,4,CAMPECHE,6,SAN FRANCISCO DE CAMPECHE,1,CAMPECHE,1,PICH,139,C,1,0,C01,99,111,49,2,6,2,6,111,2,8,1,6,3,2,0,,,,,408,0,333,741,680,ACTA CASILLA,,,HTTP://WWW.IEEC.ORG.MX/DOCUMENTACION/PROCESOS/2017-2018/ACTAS/JUNTAS/139 C1.JPG
 ,4,CAMPECHE,6,SAN FRANCISCO DE CAMPECHE,1,CAMPECHE,1,PICH,139,C,2,0,C02,114,109,75,6,16,2,4,101,7,9,1,8,0,1,0,,,,,453,0,28,481,672,ACTA CASILLA,,,HTTP://WWW.IEEC.ORG.MX/DOCUMENTACION/PROCESOS/2017-2018/ACTAS/JUNTAS/139 C2.JPG
 ,4,CAMPECHE,6,SAN FRANCISCO DE CAMPECHE,1,CAMPECHE,1,PICH,139,C,3,0,C03,116,106,54,2,20,2,5,92,2,3,1,5,0,3,0,,,,,411,0,29,440,666,ACTA LEVANTADA EN CONSEJO,,,HTTP://WWW.IEEC.ORG.MX/DOCUMENTACION/PROCESOS/2017-2018/ACTAS/JUNTAS/CONSEJOS/CAMPECHE.PDF
 ,4,CAMPECHE,6,SAN FRANCISCO DE CAMPECHE,1,CAMPECHE,1,PICH,142,B,1,0,B,320,84,43,0,10,0,6,32,1,0,0,0,0,0,0,,,,,496,0,13,509,656,ACTA CASILLA,,,HTTP://WWW.IEEC.ORG.MX/DOCUMENTACION/PROCESOS/2017-2018/ACTAS/JUNTAS/142 B.JPG
 ,4,CAMPECHE,6,SAN FRANCISCO DE CAMPECHE,1,CAMPECHE,1,PICH,142,C,1,0,C01,200,97,32,5,14,5,9,47,1,0,3,6,2,0,0,,,,,421,0,33,454,656,ACTA CASILLA,,,HTTP://WWW.IEEC.ORG.MX/DOCUMENTACION/PROCESOS/2017-2018/ACTAS/JUNTAS/142 C1.JPG
 ,4,CAMPECHE,6,SAN FRANCISCO DE CAMPECHE,1,CAMPECHE,1,PICH,142,C,2,0,C02,251,86,81,2,14,3,2,35,5,0,1,1,2,2,0,,,,,485,0,26,511,656,ACTA CASILLA,,,HTTP://WWW.IEEC.ORG.MX/DOCUMENTACION/PROCESOS/2017-2018/ACTAS/JUNTAS/142 C2.JPG
 ,4,CAMPECHE,6,SAN FRANCISCO DE CAMPECHE,1,CAMPECHE,1,PICH,142,C,3,0,C03,252,85,28,0,12,2,0,48,4,1,0,0,0,0,0,,,,,432,0,41,473,656,ACTA CASILLA,,,HTTP://WWW.IEEC.ORG.MX/DOCUMENTACION/PROCESOS/2017-2018/ACTAS/JUNTAS/142 C3.JPG
 ,4,CAMPECHE,6,SAN FRANCISCO DE CAMPECHE,1,CAMPECHE,1,PICH,144,B,1,0,B,49,85,9,1,12,0,0,24,2,5,3,1,0,0,0,,,,,191,0,7,198,234,ACTA CASILLA,,,HTTP://WWW.IEEC.ORG.MX/DOCUMENTACION/PROCESOS/2017-2018/ACTAS/JUNTAS/144 B.JPG
 ,4,CAMPECHE,6,SAN FRANCISCO DE CAMPECHE,1,CAMPECHE,1,PICH,145,B,1,0,B,45,130,11,3,13,1,3,59,15,0,0,139,0,1,0,,,,,420,0,0,420,418,ACTA CASILLA,,,HTTP://WWW.IEEC.ORG.MX/DOCUMENTACION/PROCESOS/2017-2018/ACTAS/JUNTAS/145 B.PDF
 ,4,CAMPECHE,6,SAN FRANCISCO DE CAMPECHE,1,CAMPECHE,1,PICH,145,C,1,0,C01,42,105,13,7,8,6,5,60,12,1,0,0,0,0,0,,,,,259,0,19,278,418,ACTA CASILLA,,,HTTP://WWW.IEEC.ORG.MX/DOCUMENTACION/PROCESOS/2017-2018/ACTAS/JUNTAS/145 C1.JPG
 ,4,CAMPECHE,6,SAN FRANCISCO DE CAMPECHE,1,CAMPECHE,1,PICH,146,B,1,0,B,118,140,26,0,18,2,2,91,3,2,1,2,0,2,0,,,,,407,0,5,412,474,ACTA CASILLA,,,HTTP://WWW.IEEC.ORG.MX/DOCUMENTACION/PROCESOS/2017-2018/ACTAS/JUNTAS/146 B.PDF
 ,4,CAMPECHE,2,SAN FRANCISCO DE CAMPECHE,1,CAMPECHE,2,TIXMUCUY,128,B,1,0,B,22,84,9,1,,,3,45,,,,2,1,1,0,,,,,168,0,7,175,206,ACTA CASILLA,,,HTTP://WWW.IEEC.ORG.MX/DOCUMENTACION/PROCESOS/2017-2018/ACTAS/JUNTAS/128 B.PDF
 ,4,CAMPECHE,6,SAN FRANCISCO DE CAMPECHE,1,CAMPECHE,2,TIXMUCUY,133,B,1,0,B,35,248,2,4,,,5,107,,,,2,1,0,0,,,,,404,0,24,428,512,ACTA CASILLA,,,HTTP://WWW.IEEC.ORG.MX/DOCUMENTACION/PROCESOS/2017-2018/ACTAS/JUNTAS/133 B.JPG
 ,4,CAMPECHE,6,SAN FRANCISCO DE CAMPECHE,1,CAMPECHE,2,TIXMUCUY,134,B,1,0,B,21,113,8,0,,,2,101,,,,0,0,0,0,,,,,245,0,11,256,307,ACTA LEVANTADA EN CONSEJO,,,HTTP://WWW.IEEC.ORG.MX/DOCUMENTACION/PROCESOS/2017-2018/ACTAS/JUNTAS/CONSEJOS/CAMPECHE.PDF
 ,4,CAMPECHE,6,SAN FRANCISCO DE CAMPECHE,1,CAMPECHE,2,TIXMUCUY,135,B,1,0,B,22,157,2,0,,,2,196,,,,1,1,1,0,,,,,382,0,0,382,424,ACTA CASILLA,,,HTTP://WWW.IEEC.ORG.MX/DOCUMENTACION/PROCESOS/2017-2018/ACTAS/JUNTAS/135 B.JPG
 ,4,CAMPECHE,6,SAN FRANCISCO DE CAMPECHE,1,CAMPECHE,2,TIXMUCUY,135,C,1,0,C01,22,157,2,0,,,2,196,,,,1,1,1,0,,,,,382,0,0,382,424,ACTA LEVANTADA EN CONSEJO,,,HTTP://WWW.IEEC.ORG.MX/DOCUMENTACION/PROCESOS/2017-2018/ACTAS/JUNTAS/CONSEJOS/CAMPECHE.PDF
 ,4,CAMPECHE,6,SAN FRANCISCO DE CAMPECHE,1,CAMPECHE,2,TIXMUCUY,138,B,1,0,B,6,191,2,2,,,44,144,,,,11,0,0,0,,,,,400,0,18,418,528,ACTA CASILLA,,,HTTP://WWW.IEEC.ORG.MX/DOCUMENTACION/PROCESOS/2017-2018/ACTAS/JUNTAS/138 B.JPG
 ,4,CAMPECHE,6,SAN FRANCISCO DE CAMPECHE,1,CAMPECHE,2,TIXMUCUY,143,B,1,0,B,23,153,4,0,,,1,90,,,,2,0,0,0,,,,,273,0,11,284,347,ACTA CASILLA,,,HTTP://WWW.IEEC.ORG.MX/DOCUMENTACION/PROCESOS/2017-2018/ACTAS/JUNTAS/143 B.JPG
 ,4,CAMPECHE,6,SAN FRANCISCO DE CAMPECHE,1,CAMPECHE,3,ALFREDO V BONFIL,131,B,1,0,B,50,96,1,1,1,1,1,24,3,35,0,0,1,0,0,,,,,214,0,6,220,252,ACTA CASILLA,,,HTTP://WWW.IEEC.ORG.MX/DOCUMENTACION/PROCESOS/2017-2018/ACTAS/JUNTAS/131 B.JPG
 ,4,CAMPECHE,6,SAN FRANCISCO DE CAMPECHE,1,CAMPECHE,3,ALFREDO V BONFIL,132,B,1,0,B,85,46,3,0,1,0,0,13,1,11,0,0,0,0,0,,,,,160,0,6,166,192,ACTA CASILLA,,,HTTP://WWW.IEEC.ORG.MX/DOCUMENTACION/PROCESOS/2017-2018/ACTAS/JUNTAS/132 B.PDF
 ,4,CAMPECHE,6,SAN FRANCISCO DE CAMPECHE,1,CAMPECHE,3,ALFREDO V BONFIL,136,B,1,0,B,58,55,1,0,0,2,0,32,0,4,0,2,2,0,0,,,,,156,0,2,158,193,ACTA CASILLA,,,HTTP://WWW.IEEC.ORG.MX/DOCUMENTACION/PROCESOS/2017-2018/ACTAS/JUNTAS/136 B.PDF
 ,4,CAMPECHE,6,SAN FRANCISCO DE CAMPECHE,1,CAMPECHE,3,ALFREDO V BONFIL,140,B,1,0,B,52,127,20,0,4,0,2,103,4,3,1,3,4,1,0,,,,,324,0,5,329,453,ACTA CASILLA,,,HTTP://WWW.IEEC.ORG.MX/DOCUMENTACION/PROCESOS/2017-2018/ACTAS/JUNTAS/140 B.PDF
 ,4,CAMPECHE,6,SAN FRANCISCO DE CAMPECHE,1,CAMPECHE,3,ALFREDO V BONFIL,140,C,1,0,C01,66,154,15,1,0,2,1,63,0,4,0,5,0,0,0,,,,,311,0,13,324,452,ACTA CASILLA,,,HTTP://WWW.IEEC.ORG.MX/DOCUMENTACION/PROCESOS/2017-2018/ACTAS/JUNTAS/140 C1.JPG
 ,4,CAMPECHE,6,SAN FRANCISCO DE CAMPECHE,1,CAMPECHE,3,ALFREDO V BONFIL,141,B,1,0,B,44,152,7,1,6,0,6,91,0,3,3,3,0,0,0,,,,,316,0,8,324,449,ACTA CASILLA,,,HTTP://WWW.IEEC.ORG.MX/DOCUMENTACION/PROCESOS/2017-2018/ACTAS/JUNTAS/141 B.JPG
 ,4,CAMPECHE,6,SAN FRANCISCO DE CAMPECHE,1,CAMPECHE,3,ALFREDO V BONFIL,141,C,1,0,C01,48,157,11,0,3,1,4,94,2,3,1,0,0,1,0,,,,,325,0,6,331,449,ACTA CASILLA,,,HTTP://WWW.IEEC.ORG.MX/DOCUMENTACION/PROCESOS/2017-2018/ACTAS/JUNTAS/141 C1.JPG
 ,4,CAMPECHE,7,TENABO,1,CAMPECHE,4,HAMPOLOL,118,B,1,0,B,29,138,2,1,,5,10,168,,2,3,3,1,0,0,,,,,362,0,5,367,459,ACTA LEVANTADA EN CONSEJO,,,HTTP://WWW.IEEC.ORG.MX/DOCUMENTACION/PROCESOS/2017-2018/ACTAS/JUNTAS/CONSEJOS/CAMPECHE.PDF
 ,4,CAMPECHE,7,TENABO,1,CAMPECHE,4,HAMPOLOL,118,C,1,0,C01,20,151,1,0,,2,0,175,,4,0,1,1,0,0,,,,,355,2,8,365,458,ACTA LEVANTADA EN CONSEJO,,,HTTP://WWW.IEEC.ORG.MX/DOCUMENTACION/PROCESOS/2017-2018/ACTAS/JUNTAS/CONSEJOS/CAMPECHE.PDF
 ,4,CAMPECHE,7,TENABO,1,CAMPECHE,4,HAMPOLOL,119,B,1,0,B,41,103,9,1,,23,10,111,,15,1,4,1,1,0,,,,,320,0,16,336,399,ACTA LEVANTADA EN CONSEJO,,,HTTP://WWW.IEEC.ORG.MX/DOCUMENTACION/PROCESOS/2017-2018/ACTAS/JUNTAS/CONSEJOS/CAMPECHE.PDF
 ,4,CAMPECHE,7,TENABO,1,CAMPECHE,4,HAMPOLOL,120,B,1,0,B,65,109,18,0,,37,2,93,,6,4,2,0,0,0,,,,,336,0,3,339,405,ACTA LEVANTADA EN CONSEJO,,,HTTP://WWW.IEEC.ORG.MX/DOCUMENTACION/PROCESOS/2017-2018/ACTAS/JUNTAS/CONSEJOS/CAMPECHE.PDF
 ,4,CAMPECHE,7,TENABO,1,CAMPECHE,4,HAMPOLOL,120,C,1,0,C01,70,122,14,2,,26,1,108,,4,9,0,1,0,0,,,,,357,0,7,364,405,ACTA LEVANTADA EN CONSEJO,,,HTTP://WWW.IEEC.ORG.MX/DOCUMENTACION/PROCESOS/2017-2018/ACTAS/JUNTAS/CONSEJOS/CAMPECHE.PDF
 ,4,CAMPECHE,7,TENABO,1,CAMPECHE,4,HAMPOLOL,121,B,1,0,B,33,104,2,0,,17,4,113,,12,7,2,1,0,0,,,,,295,0,18,313,449,ACTA LEVANTADA EN CONSEJO,,,HTTP://WWW.IEEC.ORG.MX/DOCUMENTACION/PROCESOS/2017-2018/ACTAS/JUNTAS/CONSEJOS/CAMPECHE.PDF
 ,4,CAMPECHE,7,TENABO,1,CAMPECHE,4,HAMPOLOL,121,C,1,0,C01,41,96,7,3,,19,6,133,,12,2,2,2,0,0,,,,,323,0,11,334,448,ACTA CASILLA,,,HTTP://WWW.IEEC.ORG.MX/DOCUMENTACION/PROCESOS/2017-2018/ACTAS/JUNTAS/121 C1.JPG
 ,4,CAMPECHE,19,HECELCHAKAN,2,CALKINI,5,BECAL,157,B,1,0,B,17,214,75,5,34,48,9,164,3,2,0,3,2,0,0,,,,10,586,0,22,608,719,ACTA CASILLA,,,HTTP://WWW.IEEC.ORG.MX/DOCUMENTACION/PROCESOS/2017-2018/ACTAS/JUNTAS/157 B.JPG
 ,4,CAMPECHE,17,CALKINI,2,CALKINI,5,BECAL,159,B,1,0,B,39,87,10,0,24,3,9,84,1,4,0,9,0,0,0,,,,0,270,22,12,304,396,ACTA CASILLA,,,HTTP://WWW.IEEC.ORG.MX/DOCUMENTACION/PROCESOS/2017-2018/ACTAS/JUNTAS/159 B.PDF
 ,4,CAMPECHE,17,CALKINI,2,CALKINI,5,BECAL,159,C,1,0,C01,42,90,4,0,24,1,15,68,1,1,1,7,0,2,0,,,,32,288,0,9,297,396,ACTA CASILLA,,,HTTP://WWW.IEEC.ORG.MX/DOCUMENTACION/PROCESOS/2017-2018/ACTAS/JUNTAS/159 C1.JPG
 ,4,CAMPECHE,17,CALKINI,2,CALKINI,5,BECAL,160,B,1,0,B,72,61,7,0,12,5,32,89,0,7,0,8,0,2,3,,,,20,318,0,15,333,394,ACTA CASILLA,,,HTTP://WWW.IEEC.ORG.MX/DOCUMENTACION/PROCESOS/2017-2018/ACTAS/JUNTAS/160 B.JPG
 ,4,CAMPECHE,17,CALKINI,2,CALKINI,5,BECAL,160,C,1,0,C01,60,83,9,0,14,4,14,87,0,5,0,6,0,2,1,,,,16,301,0,6,307,394,ACTA CASILLA,,,HTTP://WWW.IEEC.ORG.MX/DOCUMENTACION/PROCESOS/2017-2018/ACTAS/JUNTAS/160 C1.JPG
 ,4,CAMPECHE,17,CALKINI,2,CALKINI,5,BECAL,161,B,1,0,B,51,84,10,0,19,8,9,93,0,4,1,5,0,0,0,,,,20,304,8,0,312,400,ACTA CASILLA,,,HTTP://WWW.IEEC.ORG.MX/DOCUMENTACION/PROCESOS/2017-2018/ACTAS/JUNTAS/161 B.JPG
 ,4,CAMPECHE,17,CALKINI,2,CALKINI,5,BECAL,161,C,1,0,C01,52,78,1,4,11,12,6,94,0,7,2,7,1,2,0,,,,0,277,15,6,298,399,ACTA CASILLA,,,HTTP://WWW.IEEC.ORG.MX/DOCUMENTACION/PROCESOS/2017-2018/ACTAS/JUNTAS/161 C1.JPG
 ,4,CAMPECHE,17,CALKINI,2,CALKINI,5,BECAL,162,B,1,0,B,82,92,8,3,45,8,5,91,1,4,1,3,2,2,0,,,,18,365,18,10,393,495,ACTA CASILLA,,,HTTP://WWW.IEEC.ORG.MX/DOCUMENTACION/PROCESOS/2017-2018/ACTAS/JUNTAS/162 B.JPG
 ,4,CAMPECHE,17,CALKINI,2,CALKINI,5,BECAL,162,C,1,0,C01,75,114,18,5,28,9,14,107,3,5,0,6,1,0,0,,,,14,399,0,17,416,494,ACTA LEVANTADA EN CONSEJO,,,HTTP://WWW.IEEC.ORG.MX/DOCUMENTACION/PROCESOS/2017-2018/ACTAS/JUNTAS/CONSEJOS/17.PDF
 ,4,CAMPECHE,17,CALKINI,2,CALKINI,5,BECAL,163,B,1,0,B,64,95,21,0,20,6,15,85,0,4,1,5,0,0,0,,,,16,332,0,9,341,411,ACTA CASILLA,,,HTTP://WWW.IEEC.ORG.MX/DOCUMENTACION/PROCESOS/2017-2018/ACTAS/JUNTAS/163 B.PDF
 ,4,CAMPECHE,17,CALKINI,2,CALKINI,5,BECAL,163,C,1,0,C01,66,101,10,0,22,0,12,87,1,6,0,7,0,0,0,,,,0,312,0,0,312,411,ACTA CASILLA,,,HTTP://WWW.IEEC.ORG.MX/DOCUMENTACION/PROCESOS/2017-2018/ACTAS/JUNTAS/163 C1.JPG
 ,4,CAMPECHE,17,CALKINI,2,CALKINI,5,BECAL,164,B,1,0,B,55,91,8,1,30,8,10,102,2,2,0,5,0,0,0,,,,17,331,0,14,345,422,ACTA CASILLA,,,HTTP://WWW.IEEC.ORG.MX/DOCUMENTACION/PROCESOS/2017-2018/ACTAS/JUNTAS/164 B.JPG
 ,4,CAMPECHE,17,CALKINI,2,CALKINI,5,BECAL,164,C,1,0,C01,54,100,9,0,17,5,4,98,0,7,2,3,1,1,0,,,,17,318,0,16,334,421,ACTA CASILLA,,,HTTP://WWW.IEEC.ORG.MX/DOCUMENTACION/PROCESOS/2017-2018/ACTAS/JUNTAS/164 C1.JPG
 ,4,CAMPECHE,17,CALKINI,2,CALKINI,6,DZITBALCHE,173,B,1,0,B,0,0,14,0,70,0,0,156,,2,66,178,0,0,0,,,,,486,0,18,504,615,ACTA CASILLA,,,HTTP://WWW.IEEC.ORG.MX/DOCUMENTACION/PROCESOS/2017-2018/ACTAS/JUNTAS/173 B.PDF
 ,4,CAMPECHE,17,CALKINI,2,CALKINI,6,DZITBALCHE,173,C,1,0,C01,9,171,9,6,32,79,10,111,,2,1,3,4,0,0,,,,,437,0,15,452,615,ACTA CASILLA,,,HTTP://WWW.IEEC.ORG.MX/DOCUMENTACION/PROCESOS/2017-2018/ACTAS/JUNTAS/173 C1.PDF
 ,4,CAMPECHE,17,CALKINI,2,CALKINI,6,DZITBALCHE,173,C,2,0,C02,7,146,21,3,49,64,16,137,,2,0,5,1,3,1,,,,,455,0,0,455,614,ACTA CASILLA,,,HTTP://WWW.IEEC.ORG.MX/DOCUMENTACION/PROCESOS/2017-2018/ACTAS/JUNTAS/173 C2.JPG
 ,4,CAMPECHE,17,CALKINI,2,CALKINI,6,DZITBALCHE,174,B,1,0,B,1,212,22,2,34,101,8,87,,1,0,14,4,4,0,,,,,490,0,11,501,610,ACTA CASILLA,,,HTTP://WWW.IEEC.ORG.MX/DOCUMENTACION/PROCESOS/2017-2018/ACTAS/JUNTAS/174 B.JPG
 ,4,CAMPECHE,17,CALKINI,2,CALKINI,6,DZITBALCHE,174,C,1,0,C01,4,77,20,4,48,71,10,113,,2,1,4,1,1,0,,,,,356,0,7,363,609,ACTA CASILLA,,,HTTP://WWW.IEEC.ORG.MX/DOCUMENTACION/PROCESOS/2017-2018/ACTAS/JUNTAS/174 C1.JPG
 ,4,CAMPECHE,17,CALKINI,2,CALKINI,6,DZITBALCHE,175,B,1,0,B,8,206,18,5,31,87,13,138,,1,0,3,2,3,0,,,,,515,0,21,536,672,ACTA CASILLA,,,HTTP://WWW.IEEC.ORG.MX/DOCUMENTACION/PROCESOS/2017-2018/ACTAS/JUNTAS/175 B.PDF
 ,4,CAMPECHE,17,CALKINI,2,CALKINI,6,DZITBALCHE,175,C,1,0,C01,6,262,13,4,33,71,11,111,,3,0,9,2,0,0,,,,,525,0,13,538,671,ACTA CASILLA,,,HTTP://WWW.IEEC.ORG.MX/DOCUMENTACION/PROCESOS/2017-2018/ACTAS/JUNTAS/175 C1.JPG
 ,4,CAMPECHE,17,CALKINI,2,CALKINI,6,DZITBALCHE,175,C,2,0,C02,7,161,11,3,37,100,19,145,,1,0,13,1,1,0,,,,,499,0,12,511,671,ACTA CASILLA,,,HTTP://WWW.IEEC.ORG.MX/DOCUMENTACION/PROCESOS/2017-2018/ACTAS/JUNTAS/175 C2.JPG
 ,4,CAMPECHE,17,CALKINI,2,CALKINI,6,DZITBALCHE,176,B,1,0,B,15,180,12,3,53,71,20,113,,6,0,12,0,0,0,,,,,485,0,22,507,688,ACTA CASILLA,,,HTTP://WWW.IEEC.ORG.MX/DOCUMENTACION/PROCESOS/2017-2018/ACTAS/JUNTAS/176 B.JPG
 ,4,CAMPECHE,17,CALKINI,2,CALKINI,6,DZITBALCHE,176,C,1,0,C01,6,197,14,2,40,77,9,115,,1,0,7,2,2,0,,,,,472,0,26,498,688,ACTA CASILLA,,,HTTP://WWW.IEEC.ORG.MX/DOCUMENTACION/PROCESOS/2017-2018/ACTAS/JUNTAS/176 C1.PDF
 ,4,CAMPECHE,17,CALKINI,2,CALKINI,6,DZITBALCHE,176,C,2,0,C02,4,216,13,0,66,62,8,119,,1,0,7,0,0,0,,,,,496,0,15,511,687,ACTA CASILLA,,,HTTP://WWW.IEEC.ORG.MX/DOCUMENTACION/PROCESOS/2017-2018/ACTAS/JUNTAS/176 C2.PDF
 ,4,CAMPECHE,17,CALKINI,2,CALKINI,6,DZITBALCHE,177,B,1,0,B,7,154,9,4,45,89,2,98,,0,0,3,8,4,1,,,,,424,0,27,451,594,ACTA LEVANTADA EN CONSEJO,,,HTTP://WWW.IEEC.ORG.MX/DOCUMENTACION/PROCESOS/2017-2018/ACTAS/JUNTAS/CONSEJOS/17.PDF
 ,4,CAMPECHE,17,CALKINI,2,CALKINI,6,DZITBALCHE,177,C,1,0,C01,9,217,5,2,38,74,9,102,,1,1,1,0,0,0,,,,,459,0,16,475,594,ACTA CASILLA,,,HTTP://WWW.IEEC.ORG.MX/DOCUMENTACION/PROCESOS/2017-2018/ACTAS/JUNTAS/177 C1.PDF
 ,4,CAMPECHE,17,CALKINI,2,CALKINI,6,DZITBALCHE,177,C,2,0,C02,6,158,41,5,52,16,7,110,,400,0,5,0,1,0,,,,,801,0,1,802,593,ACTA LEVANTADA EN CONSEJO,,,HTTP://WWW.IEEC.ORG.MX/DOCUMENTACION/PROCESOS/2017-2018/ACTAS/JUNTAS/CONSEJOS/17.PDF
 ,4,CAMPECHE,17,CALKINI,2,CALKINI,6,DZITBALCHE,180,B,1,0,B,17,243,78,3,41,32,5,111,,3,1,6,2,3,0,,,,,545,30,34,609,665,ACTA CASILLA,,,HTTP://WWW.IEEC.ORG.MX/DOCUMENTACION/PROCESOS/2017-2018/ACTAS/JUNTAS/180 B.JPG
 ,4,CAMPECHE,17,CALKINI,2,CALKINI,6,DZITBALCHE,180,C,1,0,C01,13,288,61,7,34,33,3,90,,2,0,16,3,0,0,,,,,550,0,29,579,664,ACTA CASILLA,,,HTTP://WWW.IEEC.ORG.MX/DOCUMENTACION/PROCESOS/2017-2018/ACTAS/JUNTAS/180 C1.JPG
 ,4,CAMPECHE,17,CALKINI,2,CALKINI,6,DZITBALCHE,180,C,2,0,C02,13,262,86,1,24,16,9,84,,4,0,7,5,1,0,,,,,512,0,28,540,664,ACTA CASILLA,,,HTTP://WWW.IEEC.ORG.MX/DOCUMENTACION/PROCESOS/2017-2018/ACTAS/JUNTAS/180 C2.JPG
 ,4,CAMPECHE,19,HECELCHAKAN,2,CALKINI,7,NUNKINI,158,B,1,0,B,16,110,29,9,13,8,90,86,,3,,2,3,0,0,,,,,369,0,10,379,414,ACTA CASILLA,,,HTTP://WWW.IEEC.ORG.MX/DOCUMENTACION/PROCESOS/2017-2018/ACTAS/JUNTAS/158 B.JPG
 ,4,CAMPECHE,19,HECELCHAKAN,2,CALKINI,7,NUNKINI,158,C,1,0,C01,18,114,30,14,18,9,70,76,,3,,0,1,3,0,,,,,356,0,16,372,413,ACTA CASILLA,,,HTTP://WWW.IEEC.ORG.MX/DOCUMENTACION/PROCESOS/2017-2018/ACTAS/JUNTAS/158 C1.JPG
 ,4,CAMPECHE,19,HECELCHAKAN,2,CALKINI,7,NUNKINI,165,B,1,0,B,3,143,6,95,0,1,1,1,,1,,1,0,2,1,,,,,255,0,8,263,269,ACTA CASILLA,,,HTTP://WWW.IEEC.ORG.MX/DOCUMENTACION/PROCESOS/2017-2018/ACTAS/JUNTAS/165 B.JPG
 ,4,CAMPECHE,19,HECELCHAKAN,2,CALKINI,7,NUNKINI,166,B,1,0,B,105,257,1,2,4,1,14,170,,0,,5,1,1,0,,,,,561,0,11,572,696,ACTA CASILLA,,,HTTP://WWW.IEEC.ORG.MX/DOCUMENTACION/PROCESOS/2017-2018/ACTAS/JUNTAS/166 B.JPG
 ,4,CAMPECHE,19,HECELCHAKAN,2,CALKINI,7,NUNKINI,166,C,1,0,C01,132,256,10,0,3,4,8,149,,0,,2,0,1,0,,,,,565,0,18,583,695,ACTA CASILLA,,,HTTP://WWW.IEEC.ORG.MX/DOCUMENTACION/PROCESOS/2017-2018/ACTAS/JUNTAS/166 C1.JPG
 ,4,CAMPECHE,19,HECELCHAKAN,2,CALKINI,7,NUNKINI,166,C,2,0,C02,95,271,3,3,7,1,8,166,,1,,6,2,1,0,,,,,564,0,13,577,695,ACTA CASILLA,,,HTTP://WWW.IEEC.ORG.MX/DOCUMENTACION/PROCESOS/2017-2018/ACTAS/JUNTAS/166 C2.JPG
 ,4,CAMPECHE,19,HECELCHAKAN,2,CALKINI,7,NUNKINI,167,B,1,0,B,125,189,1,2,1,2,9,148,,4,,2,1,2,1,,,,,487,0,16,503,592,ACTA CASILLA,,,HTTP://WWW.IEEC.ORG.MX/DOCUMENTACION/PROCESOS/2017-2018/ACTAS/JUNTAS/167 B.JPG
 ,4,CAMPECHE,19,HECELCHAKAN,2,CALKINI,7,NUNKINI,167,C,1,0,C01,92,216,3,0,7,1,16,141,,5,,0,3,3,1,,,,,488,0,10,498,592,ACTA CASILLA,,,HTTP://WWW.IEEC.ORG.MX/DOCUMENTACION/PROCESOS/2017-2018/ACTAS/JUNTAS/167 C1.PDF
 ,4,CAMPECHE,19,HECELCHAKAN,2,CALKINI,7,NUNKINI,168,B,1,0,B,74,209,17,4,5,7,16,152,,4,,13,2,2,0,,,,,505,0,9,514,642,ACTA CASILLA,,,HTTP://WWW.IEEC.ORG.MX/DOCUMENTACION/PROCESOS/2017-2018/ACTAS/JUNTAS/168 B.JPG
 ,4,CAMPECHE,19,HECELCHAKAN,2,CALKINI,7,NUNKINI,168,C,1,0,C01,95,224,4,2,2,0,7,179,,4,,7,1,0,0,,,,,525,1,16,542,642,ACTA CASILLA,,,HTTP://WWW.IEEC.ORG.MX/DOCUMENTACION/PROCESOS/2017-2018/ACTAS/JUNTAS/168 C1.JPG
 ,4,CAMPECHE,19,HECELCHAKAN,2,CALKINI,7,NUNKINI,170,B,1,0,B,45,105,19,46,21,2,57,107,,4,,3,0,0,0,,,,,409,0,17,426,476,ACTA CASILLA,,,HTTP://WWW.IEEC.ORG.MX/DOCUMENTACION/PROCESOS/2017-2018/ACTAS/JUNTAS/170 B.JPG
 ,4,CAMPECHE,19,HECELCHAKAN,2,CALKINI,7,NUNKINI,170,C,1,0,C01,33,150,32,41,8,6,50,88,,1,,0,0,0,1,,,,,410,0,22,432,475,ACTA CASILLA,,,HTTP://WWW.IEEC.ORG.MX/DOCUMENTACION/PROCESOS/2017-2018/ACTAS/JUNTAS/170 C1.JPG
 ,4,CAMPECHE,19,HECELCHAKAN,2,CALKINI,7,NUNKINI,171,B,1,0,B,18,277,46,5,18,4,18,144,,4,,2,0,4,0,,,,,540,0,24,564,657,ACTA CASILLA,,,HTTP://WWW.IEEC.ORG.MX/DOCUMENTACION/PROCESOS/2017-2018/ACTAS/JUNTAS/171 B.JPG
 ,4,CAMPECHE,19,HECELCHAKAN,2,CALKINI,7,NUNKINI,182,B,1,0,B,12,85,6,7,8,1,11,24,,1,,1,0,0,0,,,,,156,0,3,159,175,ACTA CASILLA,,,HTTP://WWW.IEEC.ORG.MX/DOCUMENTACION/PROCESOS/2017-2018/ACTAS/JUNTAS/182 B.JPG
 ,4,CAMPECHE,20,PALIZADA,3,CARMEN,8,ATASTA,263,B,1,0,B,22,114,1,18,0,3,6,117,4,0,1,6,3,0,0,,19,1,,315,0,38,353,501,ACTA CASILLA,,,HTTP://WWW.IEEC.ORG.MX/DOCUMENTACION/PROCESOS/2017-2018/ACTAS/JUNTAS/263 B.JPG
 ,4,CAMPECHE,20,PALIZADA,3,CARMEN,8,ATASTA,263,C,1,0,C01,35,135,5,10,7,1,9,102,1,0,1,6,0,0,0,,0,31,,343,0,26,369,500,ACTA CASILLA,,,HTTP://WWW.IEEC.ORG.MX/DOCUMENTACION/PROCESOS/2017-2018/ACTAS/JUNTAS/263 C1.JPG
 ,4,CAMPECHE,20,PALIZADA,3,CARMEN,8,ATASTA,264,B,1,0,B,0,0,0,0,0,0,0,0,0,0,0,0,0,0,0,,0,0,,0,0,0,0,382,ACTA CASILLA,,,HTTP://WWW.IEEC.ORG.MX/DOCUMENTACION/PROCESOS/2017-2018/ACTAS/JUNTAS/264 B.JPG
 ,4,CAMPECHE,20,PALIZADA,3,CARMEN,8,ATASTA,264,E,1,0,E01,51,28,2,0,2,0,1,16,1,0,0,1,0,0,0,,0,0,,102,5,0,107,129,ACTA CASILLA,ANULADA,SX-JRC-288/2018,HTTP://WWW.IEEC.ORG.MX/DOCUMENTACION/PROCESOS/2017-2018/ACTAS/JUNTAS/264 E1C0.JPG
 ,4,CAMPECHE,20,PALIZADA,3,CARMEN,8,ATASTA,265,B,1,0,B,43,175,6,4,9,4,5,159,1,5,0,19,3,2,0,,3,39,,477,0,22,499,727,ACTA CASILLA,,,HTTP://WWW.IEEC.ORG.MX/DOCUMENTACION/PROCESOS/2017-2018/ACTAS/JUNTAS/265 B.JPG
 ,4,CAMPECHE,20,PALIZADA,3,CARMEN,8,ATASTA,265,C,1,0,C01,32,181,2,5,9,5,5,150,1,1,1,8,4,0,0,,3,34,,441,0,18,459,726,ACTA CASILLA,,,HTTP://WWW.IEEC.ORG.MX/DOCUMENTACION/PROCESOS/2017-2018/ACTAS/JUNTAS/265 C1.JPG
 ,4,CAMPECHE,20,PALIZADA,3,CARMEN,8,ATASTA,265,C,2,0,C02,39,161,3,12,8,2,3,162,2,3,0,15,3,2,0,,3,0,,418,38,19,475,726,ACTA CASILLA,,,HTTP://WWW.IEEC.ORG.MX/DOCUMENTACION/PROCESOS/2017-2018/ACTAS/JUNTAS/265 C2.JPG
 ,4,CAMPECHE,20,PALIZADA,3,CARMEN,8,ATASTA,266,B,1,0,B,18,128,5,2,7,2,2,123,3,0,0,15,3,1,0,,0,52,,361,0,19,380,586,ACTA CASILLA,,,HTTP://WWW.IEEC.ORG.MX/DOCUMENTACION/PROCESOS/2017-2018/ACTAS/JUNTAS/266 B.JPG
 ,4,CAMPECHE,20,PALIZADA,3,CARMEN,8,ATASTA,266,C,1,0,C01,0,0,0,0,0,0,0,0,0,0,0,0,0,0,0,,0,0,,0,0,0,0,586,ACTA CASILLA,,,HTTP://WWW.IEEC.ORG.MX/DOCUMENTACION/PROCESOS/2017-2018/ACTAS/JUNTAS/266 C1.JPG
 ,4,CAMPECHE,20,PALIZADA,3,CARMEN,8,ATASTA,266,C,2,0,C02,35,120,5,4,8,8,4,134,3,3,2,10,0,0,0,,0,44,,380,0,18,398,585,ACTA CASILLA,ANULADA,SX-JRC-288/2018,HTTP://WWW.IEEC.ORG.MX/DOCUMENTACION/PROCESOS/2017-2018/ACTAS/JUNTAS/266 C2.JPG
 ,4,CAMPECHE,20,PALIZADA,3,CARMEN,8,ATASTA,267,B,1,0,B,0,0,0,0,0,0,0,0,0,0,0,0,0,0,0,,0,0,,0,0,0,0,673,ACTA CASILLA,,,HTTP://WWW.IEEC.ORG.MX/DOCUMENTACION/PROCESOS/2017-2018/ACTAS/JUNTAS/267 B.JPG
 ,4,CAMPECHE,20,PALIZADA,3,CARMEN,8,ATASTA,267,C,1,0,C01,43,113,13,14,6,2,4,156,1,11,1,10,1,0,1,,4,77,,457,0,24,481,673,ACTA CASILLA,,,HTTP://WWW.IEEC.ORG.MX/DOCUMENTACION/PROCESOS/2017-2018/ACTAS/JUNTAS/267 C1.JPG
 ,4,CAMPECHE,20,PALIZADA,3,CARMEN,8,ATASTA,267,C,2,0,C02,0,0,0,0,0,0,0,0,0,0,0,0,0,0,0,,0,0,,0,0,0,0,673,ACTA CASILLA,,,HTTP://WWW.IEEC.ORG.MX/DOCUMENTACION/PROCESOS/2017-2018/ACTAS/JUNTAS/267 C2.JPG
 ,4,CAMPECHE,20,PALIZADA,3,CARMEN,8,ATASTA,267,C,3,0,C03,34,120,15,23,9,5,4,151,4,10,0,5,5,1,0,,5,65,,456,0,26,482,673,ACTA CASILLA,,,HTTP://WWW.IEEC.ORG.MX/DOCUMENTACION/PROCESOS/2017-2018/ACTAS/JUNTAS/267 C3.JPG
 ,4,CAMPECHE,20,PALIZADA,3,CARMEN,8,ATASTA,267,C,4,0,C04,0,0,0,0,0,0,0,0,0,0,0,0,0,0,0,,0,0,,0,0,0,0,672,ACTA CASILLA,,,HTTP://WWW.IEEC.ORG.MX/DOCUMENTACION/PROCESOS/2017-2018/ACTAS/JUNTAS/267 C4.JPG
 ,4,CAMPECHE,20,PALIZADA,3,CARMEN,8,ATASTA,268,B,1,0,B,0,0,0,0,0,0,0,0,0,0,0,0,0,0,0,,0,0,,0,0,0,0,688,ACTA CASILLA,,,HTTP://WWW.IEEC.ORG.MX/DOCUMENTACION/PROCESOS/2017-2018/ACTAS/JUNTAS/268 B.JPG
 ,4,CAMPECHE,20,PALIZADA,3,CARMEN,8,ATASTA,268,C,1,0,C01,53,129,18,5,9,8,25,126,7,8,2,21,3,2,2,,3,54,,475,0,29,504,688,ACTA CASILLA,,,HTTP://WWW.IEEC.ORG.MX/DOCUMENTACION/PROCESOS/2017-2018/ACTAS/JUNTAS/268 C1.JPG
 ,4,CAMPECHE,20,PALIZADA,3,CARMEN,8,ATASTA,268,C,2,0,C02,54,111,14,1,0,3,26,138,3,11,1,11,8,6,1,,4,73,,465,0,38,503,687,ACTA CASILLA,,,HTTP://WWW.IEEC.ORG.MX/DOCUMENTACION/PROCESOS/2017-2018/ACTAS/JUNTAS/268 C2.JPG
 ,4,CAMPECHE,20,PALIZADA,3,CARMEN,8,ATASTA,269,B,1,0,B,22,83,7,6,0,7,4,120,4,0,0,3,5,0,0,,0,42,,303,0,19,322,419,ACTA CASILLA,,,HTTP://WWW.IEEC.ORG.MX/DOCUMENTACION/PROCESOS/2017-2018/ACTAS/JUNTAS/269 B.JPG
 ,4,CAMPECHE,20,PALIZADA,3,CARMEN,8,ATASTA,269,C,1,0,C01,56,84,3,4,3,3,1,96,0,8,0,0,0,1,0,,3,42,,304,0,10,314,418,ACTA CASILLA,,,HTTP://WWW.IEEC.ORG.MX/DOCUMENTACION/PROCESOS/2017-2018/ACTAS/JUNTAS/269 C1.JPG
 ,4,CAMPECHE,12,SABANCUY CARMEN,3,CARMEN,9,MAMANTEL,270,B,1,0,B,4,73,0,0,0,1,1,86,0,0,0,1,1,0,1,,,,,168,0,9,177,255,ACTA CASILLA,,,HTTP://WWW.IEEC.ORG.MX/DOCUMENTACION/PROCESOS/2017-2018/ACTAS/JUNTAS/270 B.JPG
 ,4,CAMPECHE,12,SABANCUY CARMEN,3,CARMEN,9,MAMANTEL,472,B,1,0,B,44,108,1,11,6,3,10,151,3,0,0,0,4,0,0,,,,,341,0,17,358,517,ACTA CASILLA,,,HTTP://WWW.IEEC.ORG.MX/DOCUMENTACION/PROCESOS/2017-2018/ACTAS/JUNTAS/472 B.JPG
 ,4,CAMPECHE,12,SABANCUY CARMEN,3,CARMEN,9,MAMANTEL,472,C,1,0,C01,47,89,0,7,0,0,2,177,0,0,0,6,0,0,0,,,,,328,0,39,367,516,ACTA CASILLA,,,HTTP://WWW.IEEC.ORG.MX/DOCUMENTACION/PROCESOS/2017-2018/ACTAS/JUNTAS/472 C1.JPG
 ,4,CAMPECHE,12,SABANCUY CARMEN,3,CARMEN,9,MAMANTEL,473,B,1,0,B,32,119,0,17,0,4,10,144,0,0,1,7,2,1,0,,,,,337,0,13,350,489,ACTA CASILLA,,,HTTP://WWW.IEEC.ORG.MX/DOCUMENTACION/PROCESOS/2017-2018/ACTAS/JUNTAS/473 B.JPG
 ,4,CAMPECHE,12,SABANCUY CARMEN,3,CARMEN,9,MAMANTEL,473,C,1,0,C01,35,114,0,7,0,3,13,150,0,0,13,3,5,1,0,,,,,344,0,20,364,489,ACTA CASILLA,,,HTTP://WWW.IEEC.ORG.MX/DOCUMENTACION/PROCESOS/2017-2018/ACTAS/JUNTAS/473 C1.PDF
 ,4,CAMPECHE,12,SABANCUY CARMEN,3,CARMEN,9,MAMANTEL,474,B,1,0,B,25,37,2,4,4,11,1,78,1,1,0,0,1,0,0,,,,,165,0,6,171,255,ACTA CASILLA,,,HTTP://WWW.IEEC.ORG.MX/DOCUMENTACION/PROCESOS/2017-2018/ACTAS/JUNTAS/474 B.JPG
 ,4,CAMPECHE,12,SABANCUY CARMEN,3,CARMEN,9,MAMANTEL,478,B,1,0,B,100,154,0,6,0,1,6,159,0,0,0,11,0,0,0,,,,,437,0,0,437,616,ACTA CASILLA,,,HTTP://WWW.IEEC.ORG.MX/DOCUMENTACION/PROCESOS/2017-2018/ACTAS/JUNTAS/478 B.PDF
 ,4,CAMPECHE,12,SABANCUY CARMEN,3,CARMEN,9,MAMANTEL,478,C,1,0,C01,112,144,0,2,0,2,28,154,0,0,1,9,2,0,0,,,,,454,0,14,468,616,ACTA CASILLA,,,HTTP://WWW.IEEC.ORG.MX/DOCUMENTACION/PROCESOS/2017-2018/ACTAS/JUNTAS/478 C1.PDF
 ,4,CAMPECHE,12,SABANCUY CARMEN,3,CARMEN,9,MAMANTEL,479,B,1,0,B,55,128,0,1,0,7,13,174,0,0,13,4,0,0,0,,,,,395,0,42,437,558,ACTA CASILLA,,,HTTP://WWW.IEEC.ORG.MX/DOCUMENTACION/PROCESOS/2017-2018/ACTAS/JUNTAS/479 B.JPG
 ,4,CAMPECHE,12,SABANCUY CARMEN,3,CARMEN,9,MAMANTEL,483,B,1,0,B,21,63,1,0,2,6,2,137,2,2,0,0,0,0,0,,,,,236,1,13,250,331,ACTA CASILLA,,,HTTP://WWW.IEEC.ORG.MX/DOCUMENTACION/PROCESOS/2017-2018/ACTAS/JUNTAS/483 B.PDF
 ,4,CAMPECHE,12,SABANCUY CARMEN,3,CARMEN,9,MAMANTEL,484,B,1,0,B,60,121,0,3,0,4,7,189,0,0,0,8,4,0,0,,,,,396,0,41,437,655,ACTA CASILLA,,,HTTP://WWW.IEEC.ORG.MX/DOCUMENTACION/PROCESOS/2017-2018/ACTAS/JUNTAS/484 B.PDF
 ,4,CAMPECHE,12,SABANCUY CARMEN,3,CARMEN,9,MAMANTEL,484,C,1,0,C01,0,0,0,0,0,0,0,0,0,0,0,0,0,0,0,,,,,0,0,0,0,654,ACTA CASILLA,,,HTTP://WWW.IEEC.ORG.MX/DOCUMENTACION/PROCESOS/2017-2018/ACTAS/JUNTAS/484 C1.JPG
 ,4,CAMPECHE,12,SABANCUY CARMEN,3,CARMEN,10,SABANCUY,250,B,1,0,B,67,145,7,6,29,16,1,89,5,2,,7,2,0,0,1,,,,377,0,31,408,640,ACTA CASILLA,MODIFICADA,SX-JRC-274/2018,HTTP://WWW.IEEC.ORG.MX/DOCUMENTACION/PROCESOS/2017-2018/ACTAS/JUNTAS/250 B.JPG
 ,4,CAMPECHE,12,SABANCUY CARMEN,3,CARMEN,10,SABANCUY,250,C,1,0,C01,63,140,8,8,26,13,3,129,2,2,,2,2,2,0,3,,,,403,0,28,431,639,ACTA CASILLA,MODIFICADA,SX-JRC-274/2018,HTTP://WWW.IEEC.ORG.MX/DOCUMENTACION/PROCESOS/2017-2018/ACTAS/JUNTAS/250 C1.JPG
 ,4,CAMPECHE,12,SABANCUY CARMEN,3,CARMEN,10,SABANCUY,250,C,2,0,C02,72,143,11,3,23,16,1,107,0,3,,6,1,1,0,1,,,,388,0,25,413,639,ACTA CASILLA,,,HTTP://WWW.IEEC.ORG.MX/DOCUMENTACION/PROCESOS/2017-2018/ACTAS/JUNTAS/250 C2.JPG
 ,4,CAMPECHE,12,SABANCUY CARMEN,3,CARMEN,10,SABANCUY,251,B,1,0,B,69,115,4,2,11,10,7,101,0,7,,3,2,0,0,7,,,,338,0,22,360,532,ACTA CASILLA,,,HTTP://WWW.IEEC.ORG.MX/DOCUMENTACION/PROCESOS/2017-2018/ACTAS/JUNTAS/251 B.JPG
 ,4,CAMPECHE,12,SABANCUY CARMEN,3,CARMEN,10,SABANCUY,251,C,1,0,C01,71,140,2,5,22,12,5,102,0,3,,2,1,0,4,0,,,,369,0,18,387,532,ACTA CASILLA,,,HTTP://WWW.IEEC.ORG.MX/DOCUMENTACION/PROCESOS/2017-2018/ACTAS/JUNTAS/251 C1.JPG
 ,4,CAMPECHE,12,SABANCUY CARMEN,3,CARMEN,10,SABANCUY,252,B,1,0,B,58,188,2,0,15,4,8,68,3,0,,8,0,3,0,7,,,,364,0,18,382,506,ACTA CASILLA,,,HTTP://WWW.IEEC.ORG.MX/DOCUMENTACION/PROCESOS/2017-2018/ACTAS/JUNTAS/252 B.JPG
 ,4,CAMPECHE,12,SABANCUY CARMEN,3,CARMEN,10,SABANCUY,252,C,1,0,C01,75,152,1,0,33,5,11,75,1,0,,4,2,0,0,4,,,,363,0,17,380,505,ACTA CASILLA,,,HTTP://WWW.IEEC.ORG.MX/DOCUMENTACION/PROCESOS/2017-2018/ACTAS/JUNTAS/252 C1.PDF
 ,4,CAMPECHE,12,SABANCUY CARMEN,3,CARMEN,10,SABANCUY,253,B,1,0,B,50,166,2,1,19,8,5,94,1,0,,0,0,0,0,17,,,,363,0,35,398,550,ACTA CASILLA,,,HTTP://WWW.IEEC.ORG.MX/DOCUMENTACION/PROCESOS/2017-2018/ACTAS/JUNTAS/253 B.JPG
 ,4,CAMPECHE,12,SABANCUY CARMEN,3,CARMEN,10,SABANCUY,253,C,1,0,C01,43,180,9,4,27,12,8,67,0,3,,4,0,0,2,13,,,,372,0,16,388,550,ACTA CASILLA,,,HTTP://WWW.IEEC.ORG.MX/DOCUMENTACION/PROCESOS/2017-2018/ACTAS/JUNTAS/253 C1.JPG
 ,4,CAMPECHE,12,SABANCUY CARMEN,3,CARMEN,10,SABANCUY,253,C,2,0,C02,70,163,1,1,15,13,18,63,1,1,,7,3,0,0,10,,,,366,0,18,384,550,ACTA CASILLA,,,HTTP://WWW.IEEC.ORG.MX/DOCUMENTACION/PROCESOS/2017-2018/ACTAS/JUNTAS/253 C2.JPG
 ,4,CAMPECHE,12,SABANCUY CARMEN,3,CARMEN,10,SABANCUY,254,B,1,0,B,28,177,4,5,25,4,4,186,2,2,,12,5,1,1,3,,,,459,0,29,488,675,ACTA CASILLA,MODIFICADA,SX-JRC-274/2018,HTTP://WWW.IEEC.ORG.MX/DOCUMENTACION/PROCESOS/2017-2018/ACTAS/JUNTAS/254 B.JPG
 ,4,CAMPECHE,12,SABANCUY CARMEN,3,CARMEN,10,SABANCUY,255,B,1,0,B,47,159,5,2,10,2,3,197,1,3,,11,8,0,0,0,,,,448,0,18,466,580,ACTA CASILLA,MODIFICADA,SX-JRC-274/2018,HTTP://WWW.IEEC.ORG.MX/DOCUMENTACION/PROCESOS/2017-2018/ACTAS/JUNTAS/255 B.JPG
 ,4,CAMPECHE,12,SABANCUY CARMEN,3,CARMEN,10,SABANCUY,258,B,1,0,B,64,175,7,1,22,1,1,140,0,2,,2,2,0,0,3,,,,420,0,27,447,697,ACTA CASILLA,,,HTTP://WWW.IEEC.ORG.MX/DOCUMENTACION/PROCESOS/2017-2018/ACTAS/JUNTAS/258 B.JPG
 ,4,CAMPECHE,12,SABANCUY CARMEN,3,CARMEN,10,SABANCUY,258,C,1,0,C01,47,174,5,2,24,8,3,154,0,2,,6,5,0,0,4,,,,434,0,27,461,697,ACTA CASILLA,,,HTTP://WWW.IEEC.ORG.MX/DOCUMENTACION/PROCESOS/2017-2018/ACTAS/JUNTAS/258 C1.JPG
 ,4,CAMPECHE,12,SABANCUY CARMEN,3,CARMEN,10,SABANCUY,259,B,1,0,B,32,163,2,6,53,0,6,153,0,5,,8,1,1,0,4,,,,434,0,20,454,672,ACTA CASILLA,,,HTTP://WWW.IEEC.ORG.MX/DOCUMENTACION/PROCESOS/2017-2018/ACTAS/JUNTAS/259 B.JPG
 ,4,CAMPECHE,12,SABANCUY CARMEN,3,CARMEN,10,SABANCUY,259,C,1,0,C01,21,131,3,14,29,9,9,184,3,1,,3,1,0,0,6,,,,414,0,31,445,672,ACTA CASILLA,MODIFICADA,SX-JRC-274/2018,HTTP://WWW.IEEC.ORG.MX/DOCUMENTACION/PROCESOS/2017-2018/ACTAS/JUNTAS/259 C1.JPG
 ,4,CAMPECHE,12,SABANCUY CARMEN,3,CARMEN,10,SABANCUY,260,B,1,0,B,40,158,7,7,40,9,7,190,3,1,,7,1,2,0,5,,,,477,0,24,501,729,ACTA CASILLA,MODIFICADA,SX-JRC-274/2018,HTTP://WWW.IEEC.ORG.MX/DOCUMENTACION/PROCESOS/2017-2018/ACTAS/JUNTAS/260 B.JPG
 ,4,CAMPECHE,12,SABANCUY CARMEN,3,CARMEN,10,SABANCUY,261,B,1,0,B,60,165,8,0,31,0,0,92,2,4,,0,0,0,0,5,,,,367,0,25,392,618,ACTA CASILLA,,,HTTP://WWW.IEEC.ORG.MX/DOCUMENTACION/PROCESOS/2017-2018/ACTAS/JUNTAS/261 B.JPG
 ,4,CAMPECHE,12,SABANCUY CARMEN,3,CARMEN,10,SABANCUY,261,C,1,0,C01,55,173,2,0,53,2,0,96,3,11,,0,0,0,0,0,,,,395,0,36,431,617,ACTA CASILLA,,,HTTP://WWW.IEEC.ORG.MX/DOCUMENTACION/PROCESOS/2017-2018/ACTAS/JUNTAS/261 C1.JPG
 ,4,CAMPECHE,12,SABANCUY CARMEN,3,CARMEN,10,SABANCUY,262,B,1,0,B,48,153,7,5,29,4,5,129,1,0,,10,6,0,0,5,,,,402,0,31,433,696,ACTA CASILLA,MODIFICADA,SX-JRC-274/2018,HTTP://WWW.IEEC.ORG.MX/DOCUMENTACION/PROCESOS/2017-2018/ACTAS/JUNTAS/262 B.JPG
 ,4,CAMPECHE,12,SABANCUY CARMEN,3,CARMEN,10,SABANCUY,262,C,1,0,C01,64,162,5,1,31,2,3,128,5,0,,22,2,0,0,2,,,,427,0,30,457,695,ACTA CASILLA,,,HTTP://WWW.IEEC.ORG.MX/DOCUMENTACION/PROCESOS/2017-2018/ACTAS/JUNTAS/262 C1.JPG
 ,4,CAMPECHE,16,CHAMPOTON,4,CHAMPOTON,11,HOOL,329,B,1,0,B,41,176,45,8,0,0,7,0,0,5,,11,0,0,0,,,,,293,0,40,333,423,ACTA CASILLA,,,HTTP://WWW.IEEC.ORG.MX/DOCUMENTACION/PROCESOS/2017-2018/ACTAS/JUNTAS/329 B.JPG
 ,4,CAMPECHE,16,CHAMPOTON,4,CHAMPOTON,11,HOOL,329,C,1,0,C01,44,151,46,10,1,0,2,12,0,13,,6,8,0,0,,,,,293,0,31,324,422,ACTA CASILLA,,,HTTP://WWW.IEEC.ORG.MX/DOCUMENTACION/PROCESOS/2017-2018/ACTAS/JUNTAS/329 C1.JPG
 ,4,CAMPECHE,16,CHAMPOTON,4,CHAMPOTON,11,HOOL,331,B,1,0,B,228,131,7,0,0,0,0,0,0,0,,0,0,0,0,,,,,366,0,67,433,723,ACTA CASILLA,,,HTTP://WWW.IEEC.ORG.MX/DOCUMENTACION/PROCESOS/2017-2018/ACTAS/JUNTAS/331 B.JPG
 ,4,CAMPECHE,16,CHAMPOTON,4,CHAMPOTON,11,HOOL,331,C,1,0,C01,206,126,18,4,0,0,4,0,0,1,,8,8,0,1,,,,,376,0,74,450,723,ACTA LEVANTADA EN CONSEJO,,,HTTP://WWW.IEEC.ORG.MX/DOCUMENTACION/PROCESOS/2017-2018/ACTAS/JUNTAS/CONSEJOS/CHAMPOTON.PDF
 ,4,CAMPECHE,16,CHAMPOTON,4,CHAMPOTON,11,HOOL,331,C,2,0,C02,200,146,10,6,0,0,6,0,0,1,,11,1,2,0,,,,,383,0,72,455,722,ACTA LEVANTADA EN CONSEJO,,,HTTP://WWW.IEEC.ORG.MX/DOCUMENTACION/PROCESOS/2017-2018/ACTAS/JUNTAS/CONSEJOS/CHAMPOTON.PDF
 ,4,CAMPECHE,16,CHAMPOTON,4,CHAMPOTON,11,HOOL,331,C,3,0,C03,193,124,15,4,0,0,5,0,0,3,,7,3,2,0,,,,,356,0,79,435,722,ACTA LEVANTADA EN CONSEJO,,,HTTP://WWW.IEEC.ORG.MX/DOCUMENTACION/PROCESOS/2017-2018/ACTAS/JUNTAS/CONSEJOS/CHAMPOTON.PDF
 ,4,CAMPECHE,16,CHAMPOTON,4,CHAMPOTON,11,HOOL,334,E,2,0,E02,5,18,3,1,1,0,0,5,0,1,,3,0,0,0,,,,,37,0,7,44,79,ACTA CASILLA,,,HTTP://WWW.IEEC.ORG.MX/DOCUMENTACION/PROCESOS/2017-2018/ACTAS/JUNTAS/334 E2C0.JPG
 ,4,CAMPECHE,16,CHAMPOTON,4,CHAMPOTON,12,SEYBAPLAYA,320,B,1,0,B,20,86,107,1,0,0,5,157,0,6,,3,0,0,0,,,,,385,0,30,415,569,ACTA CASILLA,,,HTTP://WWW.IEEC.ORG.MX/DOCUMENTACION/PROCESOS/2017-2018/ACTAS/JUNTAS/320 B.JPG
 ,4,CAMPECHE,16,CHAMPOTON,4,CHAMPOTON,12,SEYBAPLAYA,320,C,1,0,C01,11,108,101,2,0,0,12,132,0,8,,7,4,1,0,,,,,386,0,23,409,569,ACTA LEVANTADA EN CONSEJO,,,HTTP://WWW.IEEC.ORG.MX/DOCUMENTACION/PROCESOS/2017-2018/ACTAS/JUNTAS/CONSEJOS/CHAMPOTON.PDF
 ,4,CAMPECHE,16,CHAMPOTON,4,CHAMPOTON,12,SEYBAPLAYA,320,C,2,0,C02,10,101,90,3,6,0,4,175,1,3,,6,1,0,0,,,,,400,4,12,416,568,ACTA CASILLA,,,HTTP://WWW.IEEC.ORG.MX/DOCUMENTACION/PROCESOS/2017-2018/ACTAS/JUNTAS/320 C2.JPG
 ,4,CAMPECHE,16,CHAMPOTON,4,CHAMPOTON,12,SEYBAPLAYA,321,B,1,0,B,2,130,55,0,0,0,0,118,0,3,,0,0,0,0,,,,,308,0,4,312,390,ACTA CASILLA,,,HTTP://WWW.IEEC.ORG.MX/DOCUMENTACION/PROCESOS/2017-2018/ACTAS/JUNTAS/321 B.JPG
 ,4,CAMPECHE,16,CHAMPOTON,4,CHAMPOTON,12,SEYBAPLAYA,321,C,1,0,C01,4,109,61,4,0,0,8,91,0,5,,8,0,0,0,,,,,290,0,6,296,389,ACTA CASILLA,,,HTTP://WWW.IEEC.ORG.MX/DOCUMENTACION/PROCESOS/2017-2018/ACTAS/JUNTAS/321 C1.JPG
 ,4,CAMPECHE,16,CHAMPOTON,4,CHAMPOTON,12,SEYBAPLAYA,322,B,1,0,B,7,87,92,1,0,0,16,167,0,10,,3,0,0,0,,,,,383,0,17,400,573,ACTA CASILLA,,,HTTP://WWW.IEEC.ORG.MX/DOCUMENTACION/PROCESOS/2017-2018/ACTAS/JUNTAS/322 B.JPG
 ,4,CAMPECHE,16,CHAMPOTON,4,CHAMPOTON,12,SEYBAPLAYA,322,C,1,0,C01,6,96,97,5,0,0,11,168,0,7,,6,0,3,0,,,,,399,7,14,420,572,ACTA CASILLA,,,HTTP://WWW.IEEC.ORG.MX/DOCUMENTACION/PROCESOS/2017-2018/ACTAS/JUNTAS/322 C1.JPG
 ,4,CAMPECHE,16,CHAMPOTON,4,CHAMPOTON,12,SEYBAPLAYA,323,B,1,0,B,4,125,64,8,0,0,14,146,0,15,,1,1,3,0,,,,,381,0,0,381,529,ACTA CASILLA,,,HTTP://WWW.IEEC.ORG.MX/DOCUMENTACION/PROCESOS/2017-2018/ACTAS/JUNTAS/323 B.JPG
 ,4,CAMPECHE,16,CHAMPOTON,4,CHAMPOTON,12,SEYBAPLAYA,323,C,1,0,C01,3,120,61,10,0,0,16,151,0,15,,7,2,3,0,,,,,388,0,17,405,528,ACTA LEVANTADA EN CONSEJO,,,HTTP://WWW.IEEC.ORG.MX/DOCUMENTACION/PROCESOS/2017-2018/ACTAS/JUNTAS/CONSEJOS/CHAMPOTON.PDF
 ,4,CAMPECHE,16,CHAMPOTON,4,CHAMPOTON,12,SEYBAPLAYA,324,B,1,0,B,2,105,80,3,5,1,7,178,0,17,,0,0,0,0,,,,,398,0,26,424,558,ACTA CASILLA,,,HTTP://WWW.IEEC.ORG.MX/DOCUMENTACION/PROCESOS/2017-2018/ACTAS/JUNTAS/324 B.JPG
 ,4,CAMPECHE,16,CHAMPOTON,4,CHAMPOTON,12,SEYBAPLAYA,324,C,1,0,C01,3,93,67,4,6,0,10,216,1,8,,6,2,0,2,,,,,418,0,17,435,558,ACTA CASILLA,,,HTTP://WWW.IEEC.ORG.MX/DOCUMENTACION/PROCESOS/2017-2018/ACTAS/JUNTAS/324 C1.JPG
 ,4,CAMPECHE,16,CHAMPOTON,4,CHAMPOTON,12,SEYBAPLAYA,325,B,1,0,B,12,118,113,2,0,0,18,209,0,11,,7,1,0,0,,,,,491,0,27,518,703,ACTA CASILLA,,,HTTP://WWW.IEEC.ORG.MX/DOCUMENTACION/PROCESOS/2017-2018/ACTAS/JUNTAS/325 B.JPG
 ,4,CAMPECHE,16,CHAMPOTON,4,CHAMPOTON,12,SEYBAPLAYA,325,C,1,0,C01,14,150,83,4,0,0,11,242,0,10,,0,0,0,0,,,,,514,0,23,537,703,ACTA CASILLA,,,HTTP://WWW.IEEC.ORG.MX/DOCUMENTACION/PROCESOS/2017-2018/ACTAS/JUNTAS/325 C1.JPG
 ,4,CAMPECHE,16,CHAMPOTON,4,CHAMPOTON,12,SEYBAPLAYA,326,B,1,0,B,6,87,50,1,0,0,5,98,0,0,,4,3,0,0,,,,,254,0,16,270,387,ACTA LEVANTADA EN CONSEJO,,,HTTP://WWW.IEEC.ORG.MX/DOCUMENTACION/PROCESOS/2017-2018/ACTAS/JUNTAS/CONSEJOS/CHAMPOTON.PDF
 ,4,CAMPECHE,16,CHAMPOTON,4,CHAMPOTON,12,SEYBAPLAYA,326,C,1,0,C01,19,85,36,5,0,0,2,112,0,2,,0,3,0,0,,,,,264,0,16,280,387,ACTA CASILLA,,,HTTP://WWW.IEEC.ORG.MX/DOCUMENTACION/PROCESOS/2017-2018/ACTAS/JUNTAS/326 C1.JPG
 ,4,CAMPECHE,16,CHAMPOTON,4,CHAMPOTON,12,SEYBAPLAYA,327,B,1,0,B,24,172,36,7,0,3,50,124,4,0,,16,2,3,1,,,,,442,0,30,472,569,ACTA CASILLA,,,HTTP://WWW.IEEC.ORG.MX/DOCUMENTACION/PROCESOS/2017-2018/ACTAS/JUNTAS/327 B.JPG
 ,4,CAMPECHE,16,CHAMPOTON,4,CHAMPOTON,12,SEYBAPLAYA,327,C,1,0,C01,24,179,42,8,0,0,26,106,0,2,,13,1,3,0,,,,,404,0,29,433,569,ACTA CASILLA,,,HTTP://WWW.IEEC.ORG.MX/DOCUMENTACION/PROCESOS/2017-2018/ACTAS/JUNTAS/327 C1.JPG
 ,4,CAMPECHE,16,CHAMPOTON,4,CHAMPOTON,12,SEYBAPLAYA,327,C,2,0,C02,20,205,44,0,0,0,0,142,0,3,,0,0,0,0,,,,,414,0,48,462,569,ACTA CASILLA,,,HTTP://WWW.IEEC.ORG.MX/DOCUMENTACION/PROCESOS/2017-2018/ACTAS/JUNTAS/327 C2.JPG
 ,4,CAMPECHE,16,CHAMPOTON,4,CHAMPOTON,12,SEYBAPLAYA,328,B,1,0,B,23,147,59,3,0,0,50,178,0,2,,5,0,2,0,,,,,469,1,52,522,694,ACTA LEVANTADA EN CONSEJO,,,HTTP://WWW.IEEC.ORG.MX/DOCUMENTACION/PROCESOS/2017-2018/ACTAS/JUNTAS/CONSEJOS/CHAMPOTON.PDF
 ,4,CAMPECHE,16,CHAMPOTON,4,CHAMPOTON,12,SEYBAPLAYA,328,C,1,0,C01,30,137,45,6,0,0,36,192,0,0,,3,3,2,1,,,,,455,0,62,517,693,ACTA LEVANTADA EN CONSEJO,,,HTTP://WWW.IEEC.ORG.MX/DOCUMENTACION/PROCESOS/2017-2018/ACTAS/JUNTAS/CONSEJOS/CHAMPOTON.PDF
 ,4,CAMPECHE,16,CHAMPOTON,4,CHAMPOTON,12,SEYBAPLAYA,332,B,1,0,B,22,135,42,5,0,0,5,138,0,3,,4,2,1,0,,,,,357,0,28,385,555,ACTA LEVANTADA EN CONSEJO,,,HTTP://WWW.IEEC.ORG.MX/DOCUMENTACION/PROCESOS/2017-2018/ACTAS/JUNTAS/CONSEJOS/CHAMPOTON.PDF
 ,4,CAMPECHE,16,CHAMPOTON,4,CHAMPOTON,12,SEYBAPLAYA,333,B,1,0,B,19,133,66,7,0,0,9,156,0,0,,6,2,0,0,,,,,398,0,42,440,583,ACTA LEVANTADA EN CONSEJO,,,HTTP://WWW.IEEC.ORG.MX/DOCUMENTACION/PROCESOS/2017-2018/ACTAS/JUNTAS/CONSEJOS/CHAMPOTON.PDF
 ,4,CAMPECHE,16,CHAMPOTON,4,CHAMPOTON,12,SEYBAPLAYA,333,C,1,0,C01,36,127,52,7,0,0,5,145,0,4,,2,1,0,0,,,,,379,0,46,425,582,ACTA LEVANTADA EN CONSEJO,,,HTTP://WWW.IEEC.ORG.MX/DOCUMENTACION/PROCESOS/2017-2018/ACTAS/JUNTAS/CONSEJOS/CHAMPOTON.PDF
 ,4,CAMPECHE,16,CHAMPOTON,4,CHAMPOTON,13,SIHOCHAC,330,B,1,0,B,41,193,9,4,0,0,6,155,0,0,,16,0,0,0,,,,,424,0,16,440,553,ACTA CASILLA,,,HTTP://WWW.IEEC.ORG.MX/DOCUMENTACION/PROCESOS/2017-2018/ACTAS/JUNTAS/330 B.JPG
 ,4,CAMPECHE,16,CHAMPOTON,4,CHAMPOTON,13,SIHOCHAC,330,C,1,0,C01,36,209,9,6,0,0,7,129,0,0,,10,5,3,0,,,,,414,0,18,432,553,ACTA LEVANTADA EN CONSEJO,,,HTTP://WWW.IEEC.ORG.MX/DOCUMENTACION/PROCESOS/2017-2018/ACTAS/JUNTAS/CONSEJOS/CHAMPOTON.PDF
 ,4,CAMPECHE,16,CHAMPOTON,4,CHAMPOTON,13,SIHOCHAC,331,E,1,0,E01,43,168,7,7,0,0,10,184,0,0,,7,0,0,0,,,,,426,0,15,441,550,ACTA LEVANTADA EN CONSEJO,,,HTTP://WWW.IEEC.ORG.MX/DOCUMENTACION/PROCESOS/2017-2018/ACTAS/JUNTAS/CONSEJOS/CHAMPOTON.PDF
 ,4,CAMPECHE,16,CHAMPOTON,4,CHAMPOTON,13,SIHOCHAC,331,E,1,1,E01C01,63,156,12,5,0,0,10,186,0,0,,10,3,0,0,,,,,445,0,14,459,549,ACTA LEVANTADA EN CONSEJO,,,HTTP://WWW.IEEC.ORG.MX/DOCUMENTACION/PROCESOS/2017-2018/ACTAS/JUNTAS/CONSEJOS/CHAMPOTON.PDF
 ,4,CAMPECHE,16,CHAMPOTON,4,CHAMPOTON,13,SIHOCHAC,334,B,1,0,B,73,90,6,3,0,0,8,87,0,0,,3,0,0,0,,,,,270,0,19,289,403,ACTA LEVANTADA EN CONSEJO,,,HTTP://WWW.IEEC.ORG.MX/DOCUMENTACION/PROCESOS/2017-2018/ACTAS/JUNTAS/CONSEJOS/CHAMPOTON.PDF
 ,4,CAMPECHE,16,CHAMPOTON,4,CHAMPOTON,13,SIHOCHAC,334,C,1,0,C01,63,88,13,3,0,0,8,86,0,0,,3,1,0,0,,,,,265,0,27,292,402,ACTA LEVANTADA EN CONSEJO,,,HTTP://WWW.IEEC.ORG.MX/DOCUMENTACION/PROCESOS/2017-2018/ACTAS/JUNTAS/CONSEJOS/CHAMPOTON.PDF
 ,4,CAMPECHE,16,CHAMPOTON,4,CHAMPOTON,14,CARRILLO PUERTO,342,B,1,0,B,60,147,9,2,0,0,5,184,7,2,,9,0,0,0,,,,,425,0,23,448,563,ACTA LEVANTADA EN CONSEJO,,,HTTP://WWW.IEEC.ORG.MX/DOCUMENTACION/PROCESOS/2017-2018/ACTAS/JUNTAS/CONSEJOS/CHAMPOTON.PDF
 ,4,CAMPECHE,16,CHAMPOTON,4,CHAMPOTON,14,CARRILLO PUERTO,342,C,1,0,C01,45,152,1,2,0,0,3,177,4,0,,4,2,1,1,,,,,392,0,31,423,563,ACTA LEVANTADA EN CONSEJO,,,HTTP://WWW.IEEC.ORG.MX/DOCUMENTACION/PROCESOS/2017-2018/ACTAS/JUNTAS/CONSEJOS/CHAMPOTON.PDF
 ,4,CAMPECHE,16,CHAMPOTON,4,CHAMPOTON,14,CARRILLO PUERTO,343,B,1,0,B,35,168,8,4,5,3,7,128,6,2,,0,4,0,0,,,,,370,0,18,388,502,ACTA CASILLA,,,HTTP://WWW.IEEC.ORG.MX/DOCUMENTACION/PROCESOS/2017-2018/ACTAS/JUNTAS/343 B.JPG
 ,4,CAMPECHE,16,CHAMPOTON,4,CHAMPOTON,14,CARRILLO PUERTO,343,C,1,0,C01,36,157,4,0,5,1,4,139,4,0,,11,0,0,0,,,,,361,0,23,384,502,ACTA CASILLA,,,HTTP://WWW.IEEC.ORG.MX/DOCUMENTACION/PROCESOS/2017-2018/ACTAS/JUNTAS/343 C1.JPG
 ,4,CAMPECHE,16,CHAMPOTON,4,CHAMPOTON,14,CARRILLO PUERTO,347,B,1,0,B,65,137,11,2,25,3,5,182,11,4,,3,2,0,0,,,,,450,0,26,476,641,ACTA CASILLA,,,HTTP://WWW.IEEC.ORG.MX/DOCUMENTACION/PROCESOS/2017-2018/ACTAS/JUNTAS/347 B.JPG
 ,4,CAMPECHE,16,CHAMPOTON,4,CHAMPOTON,14,CARRILLO PUERTO,348,B,1,0,B,61,122,9,1,0,0,5,142,34,2,,5,2,0,0,,,,,383,0,20,403,721,ACTA LEVANTADA EN CONSEJO,,,HTTP://WWW.IEEC.ORG.MX/DOCUMENTACION/PROCESOS/2017-2018/ACTAS/JUNTAS/CONSEJOS/CHAMPOTON.PDF
 ,4,CAMPECHE,16,CHAMPOTON,4,CHAMPOTON,14,CARRILLO PUERTO,352,B,1,0,B,69,162,12,4,18,4,5,94,23,1,,0,3,0,1,,,,,396,0,18,414,605,ACTA CASILLA,,,HTTP://WWW.IEEC.ORG.MX/DOCUMENTACION/PROCESOS/2017-2018/ACTAS/JUNTAS/352 B.JPG
 ,4,CAMPECHE,16,CHAMPOTON,4,CHAMPOTON,14,CARRILLO PUERTO,354,B,1,0,B,100,190,22,2,16,4,22,132,9,2,,5,1,0,1,,,,,506,0,44,550,706,ACTA CASILLA,,,HTTP://WWW.IEEC.ORG.MX/DOCUMENTACION/PROCESOS/2017-2018/ACTAS/JUNTAS/354 B.JPG
 ,4,CAMPECHE,16,CHAMPOTON,4,CHAMPOTON,14,CARRILLO PUERTO,530,B,1,0,B,12,75,3,2,2,0,2,68,2,1,,1,3,1,0,,,,,172,0,6,178,240,ACTA CASILLA,,,HTTP://WWW.IEEC.ORG.MX/DOCUMENTACION/PROCESOS/2017-2018/ACTAS/JUNTAS/530 B.JPG
 ,4,CAMPECHE,19,HECELCHAKAN,5,HECELCHAKAN,15,POMUCH,374,B,1,0,B,83,71,4,0,1,5,3,32,80,2,0,1,1,0,0,,,,,283,0,17,300,324,ACTA LEVANTADA EN CONSEJO,,,HTTP://WWW.IEEC.ORG.MX/DOCUMENTACION/PROCESOS/2017-2018/ACTAS/JUNTAS/CONSEJOS/19.PDF
 ,4,CAMPECHE,19,HECELCHAKAN,5,HECELCHAKAN,15,POMUCH,375,B,1,0,B,157,85,8,2,0,5,7,81,77,8,0,0,0,0,0,,,,,430,0,19,449,501,ACTA CASILLA,,,HTTP://WWW.IEEC.ORG.MX/DOCUMENTACION/PROCESOS/2017-2018/ACTAS/JUNTAS/375 B.JPG
 ,4,CAMPECHE,19,HECELCHAKAN,5,HECELCHAKAN,15,POMUCH,375,C,1,0,C01,134,70,0,2,2,1,7,88,77,5,1,1,0,0,0,,,,,388,1,25,414,500,ACTA CASILLA,,,HTTP://WWW.IEEC.ORG.MX/DOCUMENTACION/PROCESOS/2017-2018/ACTAS/JUNTAS/375 C1.JPG
 ,4,CAMPECHE,19,HECELCHAKAN,5,HECELCHAKAN,15,POMUCH,375,C,2,0,C02,135,72,8,1,1,0,1,98,70,15,2,1,0,1,0,,,,,405,2,21,428,500,ACTA CASILLA,,,HTTP://WWW.IEEC.ORG.MX/DOCUMENTACION/PROCESOS/2017-2018/ACTAS/JUNTAS/375 C2.JPG
 ,4,CAMPECHE,19,HECELCHAKAN,5,HECELCHAKAN,15,POMUCH,376,B,1,0,B,156,128,29,6,1,2,4,144,87,15,2,6,0,0,0,,,,,580,0,15,595,721,ACTA CASILLA,,,HTTP://WWW.IEEC.ORG.MX/DOCUMENTACION/PROCESOS/2017-2018/ACTAS/JUNTAS/376 B.JPG
 ,4,CAMPECHE,19,HECELCHAKAN,5,HECELCHAKAN,15,POMUCH,376,C,1,0,C01,147,106,17,2,3,1,7,151,119,21,1,7,0,1,0,,,,,583,0,14,597,721,ACTA LEVANTADA EN CONSEJO,,,HTTP://WWW.IEEC.ORG.MX/DOCUMENTACION/PROCESOS/2017-2018/ACTAS/JUNTAS/CONSEJOS/19.PDF
 ,4,CAMPECHE,19,HECELCHAKAN,5,HECELCHAKAN,15,POMUCH,377,B,1,0,B,136,94,2,7,0,2,12,103,84,11,2,2,1,0,0,,,,,456,0,11,467,572,ACTA CASILLA,,,HTTP://WWW.IEEC.ORG.MX/DOCUMENTACION/PROCESOS/2017-2018/ACTAS/JUNTAS/377 B.JPG
 ,4,CAMPECHE,19,HECELCHAKAN,5,HECELCHAKAN,15,POMUCH,377,C,1,0,C01,120,108,8,8,0,0,9,132,62,10,0,3,1,1,0,,,,,462,0,20,482,571,ACTA LEVANTADA EN CONSEJO,,,HTTP://WWW.IEEC.ORG.MX/DOCUMENTACION/PROCESOS/2017-2018/ACTAS/JUNTAS/CONSEJOS/19.PDF
 ,4,CAMPECHE,19,HECELCHAKAN,5,HECELCHAKAN,15,POMUCH,378,B,1,0,B,211,86,15,0,0,4,3,100,86,18,4,3,0,1,0,,,,,531,0,16,547,684,ACTA CASILLA,,,HTTP://WWW.IEEC.ORG.MX/DOCUMENTACION/PROCESOS/2017-2018/ACTAS/JUNTAS/378 B.JPG
 ,4,CAMPECHE,19,HECELCHAKAN,5,HECELCHAKAN,15,POMUCH,378,C,1,0,C01,182,92,2,2,4,6,4,130,88,13,1,2,0,1,0,,,,,527,0,27,554,684,ACTA CASILLA,,,HTTP://WWW.IEEC.ORG.MX/DOCUMENTACION/PROCESOS/2017-2018/ACTAS/JUNTAS/378 C1.JPG
 ,4,CAMPECHE,19,HECELCHAKAN,5,HECELCHAKAN,15,POMUCH,379,B,1,0,B,157,94,10,0,3,3,7,81,140,24,0,0,0,0,0,,,,,519,0,12,531,614,ACTA CASILLA,,,HTTP://WWW.IEEC.ORG.MX/DOCUMENTACION/PROCESOS/2017-2018/ACTAS/JUNTAS/379 B.JPG
 ,4,CAMPECHE,19,HECELCHAKAN,5,HECELCHAKAN,15,POMUCH,379,C,1,0,C01,165,68,21,0,2,1,5,65,129,17,0,3,0,1,0,,,,,477,0,25,502,613,ACTA CASILLA,,,HTTP://WWW.IEEC.ORG.MX/DOCUMENTACION/PROCESOS/2017-2018/ACTAS/JUNTAS/379 C1.JPG
 ,4,CAMPECHE,18,HOPELCHEN,6,HOPELCHEN,16,BOLONCHEN DE REJON,385,B,1,0,B,117,167,2,3,3,,1,20,,,,2,0,0,0,,,,,315,0,6,321,338,ACTA CASILLA,,,HTTP://WWW.IEEC.ORG.MX/DOCUMENTACION/PROCESOS/2017-2018/ACTAS/JUNTAS/385 B.JPG
 ,4,CAMPECHE,18,HOPELCHEN,6,HOPELCHEN,16,BOLONCHEN DE REJON,386,B,1,0,B,43,148,1,12,2,,2,33,,,,0,2,0,2,,,,,245,0,8,253,389,ACTA CASILLA,,,HTTP://WWW.IEEC.ORG.MX/DOCUMENTACION/PROCESOS/2017-2018/ACTAS/JUNTAS/386 B.JPG
 ,4,CAMPECHE,18,HOPELCHEN,6,HOPELCHEN,16,BOLONCHEN DE REJON,387,B,1,0,B,41,135,1,14,7,,2,42,,,,4,0,0,0,,,,,246,0,6,252,272,ACTA CASILLA,,,HTTP://WWW.IEEC.ORG.MX/DOCUMENTACION/PROCESOS/2017-2018/ACTAS/JUNTAS/387 B.JPG
 ,4,CAMPECHE,18,HOPELCHEN,6,HOPELCHEN,16,BOLONCHEN DE REJON,388,B,1,0,B,125,156,3,3,6,,3,122,,,,2,0,1,0,,,,,421,0,9,430,563,ACTA CASILLA,,,HTTP://WWW.IEEC.ORG.MX/DOCUMENTACION/PROCESOS/2017-2018/ACTAS/JUNTAS/388 B.JPG
 ,4,CAMPECHE,18,HOPELCHEN,6,HOPELCHEN,16,BOLONCHEN DE REJON,388,C,1,0,C01,99,175,1,8,6,,9,101,,,,3,1,0,0,,,,,403,0,22,425,563,ACTA CASILLA,,,HTTP://WWW.IEEC.ORG.MX/DOCUMENTACION/PROCESOS/2017-2018/ACTAS/JUNTAS/388 C1.JPG
 ,4,CAMPECHE,18,HOPELCHEN,6,HOPELCHEN,16,BOLONCHEN DE REJON,388,C,2,0,C02,97,182,2,7,5,,5,92,,,,4,1,0,0,,,,,395,0,0,395,563,ACTA CASILLA,,,HTTP://WWW.IEEC.ORG.MX/DOCUMENTACION/PROCESOS/2017-2018/ACTAS/JUNTAS/388 C2.JPG
 ,4,CAMPECHE,18,HOPELCHEN,6,HOPELCHEN,16,BOLONCHEN DE REJON,388,C,3,0,C03,103,137,3,6,6,,6,109,,,,6,2,0,0,,,,,378,0,23,401,562,ACTA CASILLA,,,HTTP://WWW.IEEC.ORG.MX/DOCUMENTACION/PROCESOS/2017-2018/ACTAS/JUNTAS/388 C3.JPG
 ,4,CAMPECHE,18,HOPELCHEN,6,HOPELCHEN,16,BOLONCHEN DE REJON,389,B,1,0,B,104,162,5,11,4,,7,100,,,,7,0,0,0,,,,,400,0,13,413,545,ACTA CASILLA,,,HTTP://WWW.IEEC.ORG.MX/DOCUMENTACION/PROCESOS/2017-2018/ACTAS/JUNTAS/389 B.JPG
 ,4,CAMPECHE,18,HOPELCHEN,6,HOPELCHEN,16,BOLONCHEN DE REJON,389,C,1,0,C01,131,131,2,12,6,,4,81,,,,0,4,0,0,,,,,371,0,11,382,545,ACTA CASILLA,,,HTTP://WWW.IEEC.ORG.MX/DOCUMENTACION/PROCESOS/2017-2018/ACTAS/JUNTAS/389 C1.JPG
 ,4,CAMPECHE,18,HOPELCHEN,6,HOPELCHEN,17,DZIBALCHEN,400,B,1,0,B,240,229,1,22,7,,2,6,,2,,5,4,0,0,,,,,518,0,29,547,614,ACTA LEVANTADA EN CONSEJO,,,HTTP://WWW.IEEC.ORG.MX/DOCUMENTACION/PROCESOS/2017-2018/ACTAS/JUNTAS/CONSEJOS/18.PDF
 ,4,CAMPECHE,18,HOPELCHEN,6,HOPELCHEN,17,DZIBALCHEN,400,C,1,0,C01,182,296,0,15,7,,4,12,,4,,6,3,0,0,,,,,529,0,14,543,614,ACTA CASILLA,,,HTTP://WWW.IEEC.ORG.MX/DOCUMENTACION/PROCESOS/2017-2018/ACTAS/JUNTAS/400 C1.JPG
 ,4,CAMPECHE,18,HOPELCHEN,6,HOPELCHEN,17,DZIBALCHEN,401,B,1,0,B,225,231,10,2,11,,0,11,,1,,10,4,0,0,,,,,505,0,24,529,593,ACTA LEVANTADA EN CONSEJO,,,HTTP://WWW.IEEC.ORG.MX/DOCUMENTACION/PROCESOS/2017-2018/ACTAS/JUNTAS/CONSEJOS/18.PDF
 ,4,CAMPECHE,18,HOPELCHEN,6,HOPELCHEN,17,DZIBALCHEN,401,C,1,0,C01,179,276,3,0,10,,0,8,,7,,14,4,1,0,,,,,502,0,24,526,593,ACTA CASILLA,,,HTTP://WWW.IEEC.ORG.MX/DOCUMENTACION/PROCESOS/2017-2018/ACTAS/JUNTAS/401 C1.JPG
 ,4,CAMPECHE,18,HOPELCHEN,6,HOPELCHEN,17,DZIBALCHEN,402,B,1,0,B,24,99,1,2,7,,0,32,,1,,4,1,0,0,,,,,171,0,0,171,713,ACTA CASILLA,,,HTTP://WWW.IEEC.ORG.MX/DOCUMENTACION/PROCESOS/2017-2018/ACTAS/JUNTAS/402 B.JPG
 ,4,CAMPECHE,18,HOPELCHEN,6,HOPELCHEN,17,DZIBALCHEN,403,B,1,0,B,161,159,0,2,8,,16,13,,0,,8,0,3,1,,,,,371,0,25,396,645,ACTA CASILLA,,,HTTP://WWW.IEEC.ORG.MX/DOCUMENTACION/PROCESOS/2017-2018/ACTAS/JUNTAS/403 B.JPG
 ,4,CAMPECHE,18,HOPELCHEN,6,HOPELCHEN,17,DZIBALCHEN,403,C,1,0,C01,187,174,3,3,18,,5,10,,0,,4,1,0,0,,,,,405,0,21,426,645,ACTA LEVANTADA EN CONSEJO,,,HTTP://WWW.IEEC.ORG.MX/DOCUMENTACION/PROCESOS/2017-2018/ACTAS/JUNTAS/CONSEJOS/18.PDF
 ,4,CAMPECHE,18,HOPELCHEN,6,HOPELCHEN,17,DZIBALCHEN,404,B,1,0,B,112,142,0,0,20,,12,9,,0,,2,2,0,0,,,,,299,0,18,317,393,ACTA CASILLA,,,HTTP://WWW.IEEC.ORG.MX/DOCUMENTACION/PROCESOS/2017-2018/ACTAS/JUNTAS/404 B.JPG
 ,4,CAMPECHE,18,HOPELCHEN,6,HOPELCHEN,17,DZIBALCHEN,404,C,1,0,C01,106,162,0,1,16,,5,7,,0,,6,1,0,0,,,,,304,0,13,317,392,ACTA CASILLA,,,HTTP://WWW.IEEC.ORG.MX/DOCUMENTACION/PROCESOS/2017-2018/ACTAS/JUNTAS/404 C1.JPG
 ,4,CAMPECHE,18,HOPELCHEN,6,HOPELCHEN,17,DZIBALCHEN,405,B,1,0,B,43,78,1,1,4,,1,1,,0,,0,1,0,0,,,,,130,0,4,134,591,ACTA CASILLA,,,HTTP://WWW.IEEC.ORG.MX/DOCUMENTACION/PROCESOS/2017-2018/ACTAS/JUNTAS/405 B.JPG
 ,4,CAMPECHE,18,HOPELCHEN,6,HOPELCHEN,17,DZIBALCHEN,406,B,1,0,B,88,142,3,3,21,,7,8,,33,,2,2,0,0,,,,,309,0,17,326,532,ACTA CASILLA,,,HTTP://WWW.IEEC.ORG.MX/DOCUMENTACION/PROCESOS/2017-2018/ACTAS/JUNTAS/406 B.JPG
 ,4,CAMPECHE,18,HOPELCHEN,6,HOPELCHEN,18,UKUM,405,B,1,0,B,0,0,0,0,0,,0,0,,0,,0,0,0,0,,,,,0,0,0,0,123,ACTA LEVANTADA EN CONSEJO,,,HTTP://WWW.IEEC.ORG.MX/DOCUMENTACION/PROCESOS/2017-2018/ACTAS/JUNTAS/CONSEJOS/18.PDF
 ,4,CAMPECHE,18,HOPELCHEN,6,HOPELCHEN,18,UKUM,407,B,1,0,B,90,124,3,4,13,,1,81,,0,,2,3,1,0,,,,,322,0,12,334,395,ACTA CASILLA,,,HTTP://WWW.IEEC.ORG.MX/DOCUMENTACION/PROCESOS/2017-2018/ACTAS/JUNTAS/407 B.JPG
 ,4,CAMPECHE,18,HOPELCHEN,6,HOPELCHEN,18,UKUM,407,C,1,0,C01,78,169,2,2,5,,1,54,,1,,2,2,1,0,,,,,317,0,11,328,394,ACTA CASILLA,,,HTTP://WWW.IEEC.ORG.MX/DOCUMENTACION/PROCESOS/2017-2018/ACTAS/JUNTAS/407 C1.JPG
 ,4,CAMPECHE,18,HOPELCHEN,6,HOPELCHEN,18,UKUM,408,B,1,0,B,124,181,5,0,9,,1,65,,1,,9,2,0,0,,,,,397,0,10,407,454,ACTA CASILLA,,,HTTP://WWW.IEEC.ORG.MX/DOCUMENTACION/PROCESOS/2017-2018/ACTAS/JUNTAS/408 B.JPG
 ,4,CAMPECHE,18,HOPELCHEN,6,HOPELCHEN,18,UKUM,409,B,1,0,B,71,133,4,0,19,,0,94,,3,,0,0,0,0,,,,,324,0,14,338,396,ACTA CASILLA,,,HTTP://WWW.IEEC.ORG.MX/DOCUMENTACION/PROCESOS/2017-2018/ACTAS/JUNTAS/409 B.JPG
 ,4,CAMPECHE,18,HOPELCHEN,6,HOPELCHEN,18,UKUM,409,C,1,0,C01,67,129,3,0,15,,0,99,,2,,0,0,0,0,,,,,315,0,27,342,396,ACTA CASILLA,,,HTTP://WWW.IEEC.ORG.MX/DOCUMENTACION/PROCESOS/2017-2018/ACTAS/JUNTAS/409 C1.JPG
 ,4,CAMPECHE,18,HOPELCHEN,6,HOPELCHEN,18,UKUM,410,B,1,0,B,145,211,2,8,21,,18,198,,1,,4,1,0,0,,,,,609,0,7,616,721,ACTA CASILLA,,,HTTP://WWW.IEEC.ORG.MX/DOCUMENTACION/PROCESOS/2017-2018/ACTAS/JUNTAS/410 B.JPG
 ,4,CAMPECHE,18,HOPELCHEN,6,HOPELCHEN,18,UKUM,410,C,1,0,C01,176,166,6,2,25,,4,232,,1,,2,0,0,0,,,,,614,0,17,631,721,ACTA LEVANTADA EN CONSEJO,,,HTTP://WWW.IEEC.ORG.MX/DOCUMENTACION/PROCESOS/2017-2018/ACTAS/JUNTAS/CONSEJOS/18.PDF
 ,4,CAMPECHE,18,HOPELCHEN,6,HOPELCHEN,18,UKUM,411,B,1,0,B,77,114,0,0,0,,0,56,,0,,0,0,0,0,,,,,247,0,9,256,287,ACTA LEVANTADA EN CONSEJO,,,HTTP://WWW.IEEC.ORG.MX/DOCUMENTACION/PROCESOS/2017-2018/ACTAS/JUNTAS/CONSEJOS/18.PDF
 ,4,CAMPECHE,18,HOPELCHEN,6,HOPELCHEN,18,UKUM,411,E,1,0,E01,95,162,0,2,4,,1,127,,0,,3,0,0,0,,,,,394,0,12,406,462,ACTA CASILLA,,,HTTP://WWW.IEEC.ORG.MX/DOCUMENTACION/PROCESOS/2017-2018/ACTAS/JUNTAS/411 E1C0.JPG
 ,4,CAMPECHE,18,HOPELCHEN,6,HOPELCHEN,18,UKUM,412,B,1,0,B,105,117,1,0,13,,0,76,,0,,0,0,0,0,,,,,312,0,5,317,329,ACTA CASILLA,,,HTTP://WWW.IEEC.ORG.MX/DOCUMENTACION/PROCESOS/2017-2018/ACTAS/JUNTAS/412 B.JPG
 ,4,CAMPECHE,7,TENABO,8,TENABO,19,TINUN,445,B,1,0,B,92,167,7,11,,0,9,95,,,0,10,5,1,0,,,,,397,3,8,408,468,ACTA CASILLA,,,HTTP://WWW.IEEC.ORG.MX/DOCUMENTACION/PROCESOS/2017-2018/ACTAS/JUNTAS/445 B.JPG
 ,4,CAMPECHE,7,TENABO,8,TENABO,19,TINUN,445,C,1,0,C01,130,167,2,18,,2,12,66,,,1,9,2,0,0,,,,,409,0,11,420,468,ACTA CASILLA,,,HTTP://WWW.IEEC.ORG.MX/DOCUMENTACION/PROCESOS/2017-2018/ACTAS/JUNTAS/445 C1.JPG
 ,4,CAMPECHE,7,TENABO,8,TENABO,19,TINUN,446,B,1,0,B,6,30,1,0,,2,1,40,,,0,1,0,0,0,,,,,81,0,2,83,109,ACTA CASILLA,,,HTTP://WWW.IEEC.ORG.MX/DOCUMENTACION/PROCESOS/2017-2018/ACTAS/JUNTAS/446 B.JPG
 ,4,CAMPECHE,7,TENABO,8,TENABO,19,TINUN,447,B,1,0,B,47,151,3,21,,0,0,153,,,0,0,0,0,0,,,,,375,0,11,386,414,ACTA CASILLA,,,HTTP://WWW.IEEC.ORG.MX/DOCUMENTACION/PROCESOS/2017-2018/ACTAS/JUNTAS/447 B.JPG
 ,4,CAMPECHE,21,XPUJIL CALAKMUL,9,ESCARCEGA,20,CENTENARIO,356,B,1,0,B,18,100,111,4,0,4,2,145,0,18,1,7,4,0,0,,,,,414,5,40,459,652,ACTA CASILLA,,,HTTP://WWW.IEEC.ORG.MX/DOCUMENTACION/PROCESOS/2017-2018/ACTAS/JUNTAS/356 B.JPG
 ,4,CAMPECHE,21,XPUJIL CALAKMUL,9,ESCARCEGA,20,CENTENARIO,356,C,1,0,C01,23,117,102,2,0,4,2,116,0,22,0,2,5,1,0,,,,,396,0,47,443,652,ACTA CASILLA,,,HTTP://WWW.IEEC.ORG.MX/DOCUMENTACION/PROCESOS/2017-2018/ACTAS/JUNTAS/356 C1.JPG
 ,4,CAMPECHE,21,XPUJIL CALAKMUL,9,ESCARCEGA,20,CENTENARIO,356,C,2,0,C02,38,66,116,0,0,6,3,156,0,30,0,1,0,2,0,,,,,418,0,40,458,651,ACTA CASILLA,,,HTTP://WWW.IEEC.ORG.MX/DOCUMENTACION/PROCESOS/2017-2018/ACTAS/JUNTAS/356 C2.JPG
 ,4,CAMPECHE,21,XPUJIL CALAKMUL,9,ESCARCEGA,20,CENTENARIO,357,B,1,0,B,29,114,122,3,0,0,1,88,0,6,0,4,4,2,0,,,,,373,7,59,439,628,ACTA CASILLA,,,HTTP://WWW.IEEC.ORG.MX/DOCUMENTACION/PROCESOS/2017-2018/ACTAS/JUNTAS/357 B.JPG
 ,4,CAMPECHE,21,XPUJIL CALAKMUL,9,ESCARCEGA,20,CENTENARIO,358,B,1,0,B,27,59,33,1,0,2,1,57,0,4,0,3,0,0,0,,,,,187,8,25,220,309,ACTA CASILLA,,,HTTP://WWW.IEEC.ORG.MX/DOCUMENTACION/PROCESOS/2017-2018/ACTAS/JUNTAS/358 B.JPG
 ,4,CAMPECHE,21,XPUJIL CALAKMUL,9,ESCARCEGA,20,CENTENARIO,361,B,1,0,B,38,92,137,6,0,5,8,127,0,5,1,9,1,2,0,,,,,431,3,50,484,678,ACTA CASILLA,,,HTTP://WWW.IEEC.ORG.MX/DOCUMENTACION/PROCESOS/2017-2018/ACTAS/JUNTAS/361 B.JPG
 ,4,CAMPECHE,21,XPUJIL CALAKMUL,9,ESCARCEGA,20,CENTENARIO,361,C,1,0,C01,20,102,160,5,0,5,2,109,0,4,1,9,2,0,0,,,,,419,2,33,454,677,ACTA CASILLA,,,HTTP://WWW.IEEC.ORG.MX/DOCUMENTACION/PROCESOS/2017-2018/ACTAS/JUNTAS/361 C1.JPG
 ,4,CAMPECHE,13,ESCARCEGA,9,ESCARCEGA,21,DIVISION DEL NORTE,448,C,2,0,C02,0,0,0,0,0,0,0,0,0,0,0,0,0,0,0,,,,,0,0,0,0,1,ACTA CASILLA,,,HTTP://WWW.IEEC.ORG.MX/DOCUMENTACION/PROCESOS/2017-2018/ACTAS/JUNTAS/448 C2.PDF
 ,4,CAMPECHE,21,XPUJIL CALAKMUL,9,ESCARCEGA,21,DIVISION DEL NORTE,469,E,1,0,E01,27,22,4,1,26,2,2,43,1,2,0,6,0,0,0,,,,,136,2,13,151,216,ACTA CASILLA,,,HTTP://WWW.IEEC.ORG.MX/DOCUMENTACION/PROCESOS/2017-2018/ACTAS/JUNTAS/469 E1C0.JPG
 ,4,CAMPECHE,13,ESCARCEGA,9,ESCARCEGA,21,DIVISION DEL NORTE,475,B,1,0,B,57,75,30,7,0,1,1,81,0,0,0,1,1,0,0,,,,,254,17,34,305,468,ACTA LEVANTADA EN CONSEJO,,,HTTP://WWW.IEEC.ORG.MX/DOCUMENTACION/PROCESOS/2017-2018/ACTAS/JUNTAS/CONSEJOS/13.PDF
 ,4,CAMPECHE,13,ESCARCEGA,9,ESCARCEGA,21,DIVISION DEL NORTE,475,C,1,0,C01,78,63,19,17,15,3,3,90,0,2,0,2,1,0,1,,,,,294,11,12,317,468,ACTA CASILLA,,,HTTP://WWW.IEEC.ORG.MX/DOCUMENTACION/PROCESOS/2017-2018/ACTAS/JUNTAS/475 C1.JPG
 ,4,CAMPECHE,13,ESCARCEGA,9,ESCARCEGA,21,DIVISION DEL NORTE,476,B,1,0,B,35,73,19,4,23,0,7,91,0,0,0,2,3,0,0,,,,,257,0,10,267,411,ACTA CASILLA,,,HTTP://WWW.IEEC.ORG.MX/DOCUMENTACION/PROCESOS/2017-2018/ACTAS/JUNTAS/476 B.JPG
 ,4,CAMPECHE,13,ESCARCEGA,9,ESCARCEGA,21,DIVISION DEL NORTE,476,C,1,0,C01,41,70,23,7,0,2,7,89,0,0,0,3,2,0,0,,,,,244,3,27,274,410,ACTA LEVANTADA EN CONSEJO,,,HTTP://WWW.IEEC.ORG.MX/DOCUMENTACION/PROCESOS/2017-2018/ACTAS/JUNTAS/CONSEJOS/13.PDF
 ,4,CAMPECHE,13,ESCARCEGA,9,ESCARCEGA,21,DIVISION DEL NORTE,477,B,1,0,B,40,83,21,6,0,3,3,97,3,1,0,5,2,0,0,,,,,264,35,55,354,547,ACTA LEVANTADA EN CONSEJO,,,HTTP://WWW.IEEC.ORG.MX/DOCUMENTACION/PROCESOS/2017-2018/ACTAS/JUNTAS/CONSEJOS/13.PDF
 ,4,CAMPECHE,13,ESCARCEGA,9,ESCARCEGA,21,DIVISION DEL NORTE,477,C,1,0,C01,60,67,22,11,18,4,3,105,1,0,0,7,3,0,0,,,,,301,27,28,356,546,ACTA CASILLA,,,HTTP://WWW.IEEC.ORG.MX/DOCUMENTACION/PROCESOS/2017-2018/ACTAS/JUNTAS/477 C1.JPG
 ,4,CAMPECHE,13,ESCARCEGA,9,ESCARCEGA,21,DIVISION DEL NORTE,480,B,1,0,B,28,81,6,8,4,3,4,135,4,1,1,2,0,0,0,,,,,277,6,10,293,420,ACTA CASILLA,,,HTTP://WWW.IEEC.ORG.MX/DOCUMENTACION/PROCESOS/2017-2018/ACTAS/JUNTAS/480 B.JPG
 ,4,CAMPECHE,13,ESCARCEGA,9,ESCARCEGA,21,DIVISION DEL NORTE,480,C,1,0,C01,37,75,6,1,0,1,9,124,0,1,0,3,1,0,0,,,,,258,10,25,293,419,ACTA CASILLA,,,HTTP://WWW.IEEC.ORG.MX/DOCUMENTACION/PROCESOS/2017-2018/ACTAS/JUNTAS/480 C1.JPG
 ,4,CAMPECHE,13,ESCARCEGA,9,ESCARCEGA,21,DIVISION DEL NORTE,481,B,1,0,B,35,91,11,4,7,2,3,169,1,4,0,1,1,0,0,,,,,329,13,12,354,553,ACTA CASILLA,,,HTTP://WWW.IEEC.ORG.MX/DOCUMENTACION/PROCESOS/2017-2018/ACTAS/JUNTAS/481 B.JPG
 ,4,CAMPECHE,13,ESCARCEGA,9,ESCARCEGA,21,DIVISION DEL NORTE,481,C,1,0,C01,36,77,12,7,9,4,0,136,0,3,0,0,0,0,0,,,,,284,0,50,334,552,ACTA CASILLA,,,HTTP://WWW.IEEC.ORG.MX/DOCUMENTACION/PROCESOS/2017-2018/ACTAS/JUNTAS/481 C1.JPG
 ,4,CAMPECHE,13,ESCARCEGA,9,ESCARCEGA,21,DIVISION DEL NORTE,482,B,1,0,B,37,102,4,4,0,9,8,230,0,2,0,16,6,0,0,,,,,418,0,51,469,629,ACTA LEVANTADA EN CONSEJO,,,HTTP://WWW.IEEC.ORG.MX/DOCUMENTACION/PROCESOS/2017-2018/ACTAS/JUNTAS/CONSEJOS/13.PDF
 ,4,CAMPECHE,13,ESCARCEGA,9,ESCARCEGA,21,DIVISION DEL NORTE,485,B,1,0,B,56,147,8,12,0,4,2,181,1,1,0,6,1,0,0,,,,,419,3,59,481,685,ACTA LEVANTADA EN CONSEJO,,,HTTP://WWW.IEEC.ORG.MX/DOCUMENTACION/PROCESOS/2017-2018/ACTAS/JUNTAS/CONSEJOS/13.PDF
 ,4,CAMPECHE,14,CANDELARIA,10,CANDELARIA,22,MIGUEL HIDALGO Y COSTILLA,273,E,1,0,E01,51,84,7,1,3,2,2,5,0,0,,5,2,0,0,,,,,162,0,14,176,249,GRUPO DE RECUENTO,,,HTTP://WWW.IEEC.ORG.MX/DOCUMENTACION/PROCESOS/2017-2018/ACTAS/JUNTAS/CONSEJOS/14.PDF
 ,4,CAMPECHE,14,CANDELARIA,10,CANDELARIA,22,MIGUEL HIDALGO Y COSTILLA,275,E,1,0,E01,90,53,2,1,3,2,5,18,1,0,,0,0,1,0,,,,,176,0,9,185,250,GRUPO DE RECUENTO,,,HTTP://WWW.IEEC.ORG.MX/DOCUMENTACION/PROCESOS/2017-2018/ACTAS/JUNTAS/CONSEJOS/14.PDF
 ,4,CAMPECHE,14,CANDELARIA,10,CANDELARIA,22,MIGUEL HIDALGO Y COSTILLA,278,E,2,0,E02,0,0,0,0,0,0,0,0,0,0,,0,0,0,0,,,,,0,0,0,0,11,GRUPO DE RECUENTO,,,HTTP://WWW.IEEC.ORG.MX/DOCUMENTACION/PROCESOS/2017-2018/ACTAS/JUNTAS/CONSEJOS/14.PDF
 ,4,CAMPECHE,14,CANDELARIA,10,CANDELARIA,22,MIGUEL HIDALGO Y COSTILLA,278,E,2,1,E02C01,4,6,1,0,1,1,1,7,0,0,,1,0,0,0,,,,,22,0,5,27,7,GRUPO DE RECUENTO,,,HTTP://WWW.IEEC.ORG.MX/DOCUMENTACION/PROCESOS/2017-2018/ACTAS/JUNTAS/CONSEJOS/14.PDF
 ,4,CAMPECHE,14,CANDELARIA,10,CANDELARIA,22,MIGUEL HIDALGO Y COSTILLA,278,E,2,2,E02C02,5,3,0,0,0,2,0,11,0,0,,1,0,0,0,,,,,22,0,2,24,7,GRUPO DE RECUENTO,,,HTTP://WWW.IEEC.ORG.MX/DOCUMENTACION/PROCESOS/2017-2018/ACTAS/JUNTAS/CONSEJOS/14.PDF
 ,4,CAMPECHE,14,CANDELARIA,10,CANDELARIA,22,MIGUEL HIDALGO Y COSTILLA,285,E,1,0,E01,0,0,0,0,0,0,0,0,0,0,,0,0,0,0,,,,,0,0,0,0,2,ACTA CASILLA,,,HTTP://WWW.IEEC.ORG.MX/DOCUMENTACION/PROCESOS/2017-2018/ACTAS/JUNTAS/285 E1C0.JPG
 ,4,CAMPECHE,14,CANDELARIA,10,CANDELARIA,22,MIGUEL HIDALGO Y COSTILLA,291,B,1,0,B,0,0,0,0,0,0,0,0,0,0,,0,0,0,0,,,,,0,0,0,0,1,GRUPO DE RECUENTO,,,HTTP://WWW.IEEC.ORG.MX/DOCUMENTACION/PROCESOS/2017-2018/ACTAS/JUNTAS/CONSEJOS/14.PDF
 ,4,CAMPECHE,14,CANDELARIA,10,CANDELARIA,22,MIGUEL HIDALGO Y COSTILLA,291,C,1,0,C01,4,3,0,0,2,1,0,3,0,0,,0,1,0,0,,,,,14,0,0,14,5,ACTA CASILLA,,,HTTP://WWW.IEEC.ORG.MX/DOCUMENTACION/PROCESOS/2017-2018/ACTAS/JUNTAS/291 C1.JPG
 ,4,CAMPECHE,14,CANDELARIA,10,CANDELARIA,22,MIGUEL HIDALGO Y COSTILLA,292,B,1,0,B,1,1,0,0,0,0,0,4,0,0,,0,0,0,0,,,,,6,0,1,7,11,GRUPO DE RECUENTO,,,HTTP://WWW.IEEC.ORG.MX/DOCUMENTACION/PROCESOS/2017-2018/ACTAS/JUNTAS/CONSEJOS/14.PDF
 ,4,CAMPECHE,14,CANDELARIA,10,CANDELARIA,22,MIGUEL HIDALGO Y COSTILLA,293,E,1,0,E01,147,187,3,4,4,1,5,35,1,1,,3,2,3,0,,,,,396,0,27,423,579,ACTA CASILLA,,,HTTP://WWW.IEEC.ORG.MX/DOCUMENTACION/PROCESOS/2017-2018/ACTAS/JUNTAS/293 E1C0.JPG
 ,4,CAMPECHE,14,CANDELARIA,10,CANDELARIA,22,MIGUEL HIDALGO Y COSTILLA,294,B,1,0,B,26,78,1,0,0,0,0,7,0,0,,0,0,0,0,,,,,112,0,12,124,178,ACTA CASILLA,,,HTTP://WWW.IEEC.ORG.MX/DOCUMENTACION/PROCESOS/2017-2018/ACTAS/JUNTAS/294 B.JPG
 ,4,CAMPECHE,14,CANDELARIA,10,CANDELARIA,22,MIGUEL HIDALGO Y COSTILLA,295,B,1,0,B,118,121,5,6,0,0,2,24,0,0,,6,3,1,0,,,,,286,0,16,302,448,ACTA CASILLA,,,HTTP://WWW.IEEC.ORG.MX/DOCUMENTACION/PROCESOS/2017-2018/ACTAS/JUNTAS/295 B.JPG
 ,4,CAMPECHE,14,CANDELARIA,10,CANDELARIA,22,MIGUEL HIDALGO Y COSTILLA,296,B,1,0,B,162,241,4,4,5,4,2,46,1,0,,0,0,0,0,,,,,469,0,25,494,702,ACTA CASILLA,,,HTTP://WWW.IEEC.ORG.MX/DOCUMENTACION/PROCESOS/2017-2018/ACTAS/JUNTAS/296 B.JPG
 ,4,CAMPECHE,14,CANDELARIA,10,CANDELARIA,22,MIGUEL HIDALGO Y COSTILLA,297,B,1,0,B,95,134,0,0,0,0,0,40,0,2,,0,0,0,0,,,,,271,0,0,271,394,ACTA CASILLA,,,HTTP://WWW.IEEC.ORG.MX/DOCUMENTACION/PROCESOS/2017-2018/ACTAS/JUNTAS/297 B.JPG
 ,4,CAMPECHE,14,CANDELARIA,10,CANDELARIA,22,MIGUEL HIDALGO Y COSTILLA,297,C,1,0,C01,61,159,5,0,6,2,5,34,1,0,,7,7,3,0,,,,,290,0,11,301,394,GRUPO DE RECUENTO,,,HTTP://WWW.IEEC.ORG.MX/DOCUMENTACION/PROCESOS/2017-2018/ACTAS/JUNTAS/CONSEJOS/14.PDF
 ,4,CAMPECHE,14,CANDELARIA,10,CANDELARIA,22,MIGUEL HIDALGO Y COSTILLA,298,B,1,0,B,74,123,10,2,5,0,8,59,1,0,,0,5,6,0,,,,,293,0,19,312,441,GRUPO DE RECUENTO,,,HTTP://WWW.IEEC.ORG.MX/DOCUMENTACION/PROCESOS/2017-2018/ACTAS/JUNTAS/CONSEJOS/14.PDF
 ,4,CAMPECHE,14,CANDELARIA,10,CANDELARIA,22,MIGUEL HIDALGO Y COSTILLA,298,C,1,0,C01,56,147,7,4,13,4,13,50,4,0,,3,2,1,0,,,,,304,0,12,316,441,ACTA CASILLA,,,HTTP://WWW.IEEC.ORG.MX/DOCUMENTACION/PROCESOS/2017-2018/ACTAS/JUNTAS/298 C1.JPG
 ,4,CAMPECHE,14,CANDELARIA,10,CANDELARIA,22,MIGUEL HIDALGO Y COSTILLA,299,B,1,0,B,117,144,14,3,4,2,15,35,3,0,,5,3,0,0,,,,,345,0,19,364,522,ACTA CASILLA,,,HTTP://WWW.IEEC.ORG.MX/DOCUMENTACION/PROCESOS/2017-2018/ACTAS/JUNTAS/299 B.JPG
 ,4,CAMPECHE,14,CANDELARIA,10,CANDELARIA,22,MIGUEL HIDALGO Y COSTILLA,299,C,1,0,C01,98,139,9,6,5,0,5,0,0,0,,4,2,1,1,,,,,270,0,33,303,521,ACTA CASILLA,,,HTTP://WWW.IEEC.ORG.MX/DOCUMENTACION/PROCESOS/2017-2018/ACTAS/JUNTAS/299 C1.JPG
 ,4,CAMPECHE,14,CANDELARIA,10,CANDELARIA,22,MIGUEL HIDALGO Y COSTILLA,300,B,1,0,B,65,134,2,1,6,0,6,42,1,0,,1,2,0,0,,,,,260,0,17,277,452,GRUPO DE RECUENTO,,,HTTP://WWW.IEEC.ORG.MX/DOCUMENTACION/PROCESOS/2017-2018/ACTAS/JUNTAS/CONSEJOS/14.PDF
 ,4,CAMPECHE,14,CANDELARIA,10,CANDELARIA,22,MIGUEL HIDALGO Y COSTILLA,301,B,1,0,B,163,214,9,5,5,1,2,49,3,0,,8,4,2,0,,,,,465,0,35,500,695,GRUPO DE RECUENTO,,,HTTP://WWW.IEEC.ORG.MX/DOCUMENTACION/PROCESOS/2017-2018/ACTAS/JUNTAS/CONSEJOS/14.PDF
 ,4,CAMPECHE,14,CANDELARIA,10,CANDELARIA,22,MIGUEL HIDALGO Y COSTILLA,301,C,1,0,C01,156,190,15,0,0,0,2,56,0,0,,3,1,0,0,,,,,423,0,55,478,675,GRUPO DE RECUENTO,,,HTTP://WWW.IEEC.ORG.MX/DOCUMENTACION/PROCESOS/2017-2018/ACTAS/JUNTAS/CONSEJOS/14.PDF
 ,4,CAMPECHE,14,CANDELARIA,10,CANDELARIA,22,MIGUEL HIDALGO Y COSTILLA,302,B,1,0,B,45,65,3,0,0,0,2,55,1,0,,4,0,0,0,,,,,175,0,20,195,288,ACTA CASILLA,,,HTTP://WWW.IEEC.ORG.MX/DOCUMENTACION/PROCESOS/2017-2018/ACTAS/JUNTAS/302 B.JPG
 ,4,CAMPECHE,14,CANDELARIA,10,CANDELARIA,22,MIGUEL HIDALGO Y COSTILLA,490,B,1,0,B,29,37,3,1,2,2,2,20,1,0,,0,1,1,2,,,,,101,0,3,104,141,ACTA CASILLA,,,HTTP://WWW.IEEC.ORG.MX/DOCUMENTACION/PROCESOS/2017-2018/ACTAS/JUNTAS/490 B.JPG
 ,4,CAMPECHE,14,CANDELARIA,10,CANDELARIA,23,MONCLOVA,273,B,1,0,B,17,17,0,0,0,0,2,55,0,0,,0,2,0,0,,,,,93,0,13,106,272,GRUPO DE RECUENTO,,,HTTP://WWW.IEEC.ORG.MX/DOCUMENTACION/PROCESOS/2017-2018/ACTAS/JUNTAS/CONSEJOS/14.PDF
 ,4,CAMPECHE,14,CANDELARIA,10,CANDELARIA,23,MONCLOVA,273,C,1,0,C01,9,3,1,0,0,0,0,43,0,0,,0,0,0,0,,,,,56,0,3,59,166,ACTA CASILLA,,,HTTP://WWW.IEEC.ORG.MX/DOCUMENTACION/PROCESOS/2017-2018/ACTAS/JUNTAS/273 C1.JPG
 ,4,CAMPECHE,14,CANDELARIA,10,CANDELARIA,23,MONCLOVA,273,E,1,0,E01,5,6,0,0,0,0,0,17,0,0,,0,0,0,0,,,,,28,0,3,31,54,GRUPO DE RECUENTO,,,HTTP://WWW.IEEC.ORG.MX/DOCUMENTACION/PROCESOS/2017-2018/ACTAS/JUNTAS/CONSEJOS/14.PDF
 ,4,CAMPECHE,14,CANDELARIA,10,CANDELARIA,23,MONCLOVA,273,E,2,0,E02,18,73,4,1,6,2,5,191,3,0,,0,0,0,0,,,,,303,0,22,325,470,GRUPO DE RECUENTO,,,HTTP://WWW.IEEC.ORG.MX/DOCUMENTACION/PROCESOS/2017-2018/ACTAS/JUNTAS/CONSEJOS/14.PDF
 ,4,CAMPECHE,14,CANDELARIA,10,CANDELARIA,23,MONCLOVA,273,E,3,0,E03,72,77,1,2,1,6,4,122,1,1,,4,1,1,0,,,,,293,0,23,316,472,ACTA CASILLA,,,HTTP://WWW.IEEC.ORG.MX/DOCUMENTACION/PROCESOS/2017-2018/ACTAS/JUNTAS/273 E3C0.JPG
 ,4,CAMPECHE,14,CANDELARIA,10,CANDELARIA,23,MONCLOVA,273,E,3,1,E03C01,74,97,5,1,0,0,1,104,0,0,,7,0,0,0,,,,,289,0,27,316,465,ACTA CASILLA,,,HTTP://WWW.IEEC.ORG.MX/DOCUMENTACION/PROCESOS/2017-2018/ACTAS/JUNTAS/273 E3C1.JPG
 ,4,CAMPECHE,14,CANDELARIA,10,CANDELARIA,23,MONCLOVA,278,B,1,0,B,116,94,2,0,0,0,0,137,0,0,,0,0,0,0,,,,,349,0,26,375,665,ACTA CASILLA,,,HTTP://WWW.IEEC.ORG.MX/DOCUMENTACION/PROCESOS/2017-2018/ACTAS/JUNTAS/278 B.JPG
 ,4,CAMPECHE,14,CANDELARIA,10,CANDELARIA,23,MONCLOVA,278,E,2,0,E02,104,108,3,2,0,0,1,158,0,0,,0,0,0,0,,,,,376,0,47,423,709,GRUPO DE RECUENTO,,,HTTP://WWW.IEEC.ORG.MX/DOCUMENTACION/PROCESOS/2017-2018/ACTAS/JUNTAS/CONSEJOS/14.PDF
 ,4,CAMPECHE,14,CANDELARIA,10,CANDELARIA,23,MONCLOVA,278,E,2,1,E02C01,74,101,3,4,5,2,1,154,2,1,,5,0,1,0,,,,,353,0,34,387,712,GRUPO DE RECUENTO,,,HTTP://WWW.IEEC.ORG.MX/DOCUMENTACION/PROCESOS/2017-2018/ACTAS/JUNTAS/CONSEJOS/14.PDF
 ,4,CAMPECHE,14,CANDELARIA,10,CANDELARIA,23,MONCLOVA,278,E,2,2,E02C02,90,106,1,2,4,3,5,157,1,1,,3,1,1,0,,,,,375,0,34,409,712,GRUPO DE RECUENTO,,,HTTP://WWW.IEEC.ORG.MX/DOCUMENTACION/PROCESOS/2017-2018/ACTAS/JUNTAS/CONSEJOS/14.PDF
 ,4,CAMPECHE,14,CANDELARIA,10,CANDELARIA,23,MONCLOVA,281,B,1,0,B,0,0,0,0,0,0,0,0,0,0,,0,0,0,0,,,,,0,0,0,0,3,ACTA CASILLA,,,HTTP://WWW.IEEC.ORG.MX/DOCUMENTACION/PROCESOS/2017-2018/ACTAS/JUNTAS/281 B.JPG
 ,4,CAMPECHE,14,CANDELARIA,10,CANDELARIA,23,MONCLOVA,281,C,1,0,C01,0,0,0,0,0,0,0,0,0,0,,0,0,0,0,,,,,0,0,0,0,1,ACTA CASILLA,,,HTTP://WWW.IEEC.ORG.MX/DOCUMENTACION/PROCESOS/2017-2018/ACTAS/JUNTAS/281 C1.JPG
 ,4,CAMPECHE,14,CANDELARIA,10,CANDELARIA,23,MONCLOVA,285,E,1,0,E01,1,1,0,0,0,0,0,0,0,0,,0,0,0,0,,,,,2,0,1,3,7,ACTA CASILLA,,,HTTP://WWW.IEEC.ORG.MX/DOCUMENTACION/PROCESOS/2017-2018/ACTAS/JUNTAS/285 E1C0.JPG
 ,4,CAMPECHE,14,CANDELARIA,10,CANDELARIA,23,MONCLOVA,288,B,1,0,B,71,59,4,2,0,0,1,105,0,0,,2,0,0,0,,,,,244,0,35,279,444,ACTA CASILLA,,,HTTP://WWW.IEEC.ORG.MX/DOCUMENTACION/PROCESOS/2017-2018/ACTAS/JUNTAS/288 B.JPG
 ,4,CAMPECHE,14,CANDELARIA,10,CANDELARIA,23,MONCLOVA,289,B,1,0,B,106,137,16,1,5,3,30,127,0,1,,7,3,7,0,,,,,443,0,14,457,662,ACTA CASILLA,,,HTTP://WWW.IEEC.ORG.MX/DOCUMENTACION/PROCESOS/2017-2018/ACTAS/JUNTAS/289 B.JPG
 ,4,CAMPECHE,14,CANDELARIA,10,CANDELARIA,23,MONCLOVA,289,E,1,0,E01,25,11,0,0,1,0,1,15,0,0,,2,0,0,0,,,,,55,0,7,62,95,ACTA CASILLA,,,HTTP://WWW.IEEC.ORG.MX/DOCUMENTACION/PROCESOS/2017-2018/ACTAS/JUNTAS/289 E1C0.JPG
 ,4,CAMPECHE,14,CANDELARIA,10,CANDELARIA,23,MONCLOVA,290,B,1,0,B,20,8,1,0,0,0,3,39,0,0,,0,0,0,0,,,,,71,0,2,73,129,ACTA CASILLA,,,HTTP://WWW.IEEC.ORG.MX/DOCUMENTACION/PROCESOS/2017-2018/ACTAS/JUNTAS/290 B.JPG
 ,4,CAMPECHE,14,CANDELARIA,10,CANDELARIA,23,MONCLOVA,291,B,1,0,B,135,93,4,3,8,0,3,85,0,0,,1,0,1,0,,,,,333,0,26,359,464,ACTA CASILLA,,,HTTP://WWW.IEEC.ORG.MX/DOCUMENTACION/PROCESOS/2017-2018/ACTAS/JUNTAS/291 B.JPG
 ,4,CAMPECHE,14,CANDELARIA,10,CANDELARIA,23,MONCLOVA,291,C,1,0,C01,82,66,0,2,2,2,4,49,0,0,,2,2,0,0,,,,,211,0,29,240,423,ACTA CASILLA,,,HTTP://WWW.IEEC.ORG.MX/DOCUMENTACION/PROCESOS/2017-2018/ACTAS/JUNTAS/291 C1.PDF
 ,4,CAMPECHE,14,CANDELARIA,10,CANDELARIA,23,MONCLOVA,292,B,1,0,B,0,0,0,0,0,0,0,1,0,0,,0,0,0,0,,,,,1,0,0,1,2,GRUPO DE RECUENTO,,,HTTP://WWW.IEEC.ORG.MX/DOCUMENTACION/PROCESOS/2017-2018/ACTAS/JUNTAS/CONSEJOS/14.PDF
 ,4,CAMPECHE,14,CANDELARIA,10,CANDELARIA,23,MONCLOVA,293,B,1,0,B,82,94,2,1,0,0,1,108,0,0,,9,2,5,0,,,,,304,0,4,308,431,ACTA CASILLA,,,HTTP://WWW.IEEC.ORG.MX/DOCUMENTACION/PROCESOS/2017-2018/ACTAS/JUNTAS/293 B.JPG
 ,4,CAMPECHE,14,CANDELARIA,10,CANDELARIA,23,MONCLOVA,295,E,1,0,E01,34,72,1,2,6,4,6,135,0,0,,1,0,0,0,,,,,261,0,11,272,387,ACTA CASILLA,,,HTTP://WWW.IEEC.ORG.MX/DOCUMENTACION/PROCESOS/2017-2018/ACTAS/JUNTAS/295 E1C0.PDF
 ,4,CAMPECHE,14,CANDELARIA,10,CANDELARIA,23,MONCLOVA,295,E,1,1,E01C01,34,67,6,1,5,6,5,115,1,0,,0,2,0,0,,,,,242,0,8,250,387,GRUPO DE RECUENTO,,,HTTP://WWW.IEEC.ORG.MX/DOCUMENTACION/PROCESOS/2017-2018/ACTAS/JUNTAS/CONSEJOS/14.PDF
 ,4,CAMPECHE,14,CANDELARIA,10,CANDELARIA,23,MONCLOVA,301,B,1,0,B,4,2,0,0,0,0,1,8,0,0,,0,0,0,0,,,,,15,0,1,16,43,GRUPO DE RECUENTO,,,HTTP://WWW.IEEC.ORG.MX/DOCUMENTACION/PROCESOS/2017-2018/ACTAS/JUNTAS/CONSEJOS/14.PDF
 ,4,CAMPECHE,14,CANDELARIA,10,CANDELARIA,23,MONCLOVA,301,C,1,0,C01,0,0,0,0,0,0,0,0,0,0,,0,0,0,0,,,,,0,0,0,0,63,GRUPO DE RECUENTO,,,HTTP://WWW.IEEC.ORG.MX/DOCUMENTACION/PROCESOS/2017-2018/ACTAS/JUNTAS/CONSEJOS/14.PDF
 ,4,CAMPECHE,21,XPUJIL CALAKMUL,11,CALAKMUL,24,CONSTITUCION,359,B,1,0,B,83,129,4,0,0,0,3,50,0,74,,7,3,1,0,,,,,354,0,43,397,480,ACTA CASILLA,,,HTTP://WWW.IEEC.ORG.MX/DOCUMENTACION/PROCESOS/2017-2018/ACTAS/JUNTAS/359 B.JPG
 ,4,CAMPECHE,21,XPUJIL CALAKMUL,11,CALAKMUL,24,CONSTITUCION,359,C,1,0,C01,92,105,5,0,0,0,0,73,0,66,,0,3,1,2,,,,,347,0,31,378,479,ACTA LEVANTADA EN CONSEJO,,,HTTP://WWW.IEEC.ORG.MX/DOCUMENTACION/PROCESOS/2017-2018/ACTAS/JUNTAS/CONSEJOS/21.PDF
 ,4,CAMPECHE,21,XPUJIL CALAKMUL,11,CALAKMUL,24,CONSTITUCION,360,B,1,0,B,113,123,10,6,9,3,9,89,2,24,,5,3,0,1,,,,,397,7,23,427,672,ACTA CASILLA,,,HTTP://WWW.IEEC.ORG.MX/DOCUMENTACION/PROCESOS/2017-2018/ACTAS/JUNTAS/360 B.JPG
 ,4,CAMPECHE,21,XPUJIL CALAKMUL,11,CALAKMUL,24,CONSTITUCION,360,C,1,0,C01,114,130,14,2,0,0,6,104,0,26,,3,6,0,0,,,,,405,0,48,453,671,ACTA LEVANTADA EN CONSEJO,,,HTTP://WWW.IEEC.ORG.MX/DOCUMENTACION/PROCESOS/2017-2018/ACTAS/JUNTAS/CONSEJOS/21.PDF
 ,4,CAMPECHE,21,XPUJIL CALAKMUL,11,CALAKMUL,24,CONSTITUCION,362,B,1,0,B,34,57,5,5,14,2,3,130,4,53,,1,0,1,0,,,,,309,0,24,333,439,ACTA CASILLA,,,HTTP://WWW.IEEC.ORG.MX/DOCUMENTACION/PROCESOS/2017-2018/ACTAS/JUNTAS/362 B.JPG
 ,4,CAMPECHE,21,XPUJIL CALAKMUL,11,CALAKMUL,24,CONSTITUCION,362,E,1,0,E01,97,97,4,1,0,0,2,80,0,31,,2,1,0,0,,,,,315,0,21,336,510,ACTA LEVANTADA EN CONSEJO,,,HTTP://WWW.IEEC.ORG.MX/DOCUMENTACION/PROCESOS/2017-2018/ACTAS/JUNTAS/CONSEJOS/21.PDF
 ,4,CAMPECHE,21,XPUJIL CALAKMUL,11,CALAKMUL,24,CONSTITUCION,417,E,1,0,E01,34,135,4,2,6,2,3,31,1,35,,14,0,0,0,,,,,267,0,18,285,370,ACTA CASILLA,,,HTTP://WWW.IEEC.ORG.MX/DOCUMENTACION/PROCESOS/2017-2018/ACTAS/JUNTAS/417 E1C0.JPG
