CIRCUNSCRIPCION,ID_ESTADO,NOMBRE_ESTADO,ID_DISTRITO_LOCAL,CABECERA_DISTRITAL_LOCAL,ID_MUNICIPIO,MUNICIPIO,ID_DEMARCACION,DEMARCACION,SECCION,CASILLAS,PAN,PRI,PRD,PVEM,PT,MC,NA,MORENA,ES,PLC,PAN_MC,PRI_PVEM_NA,PRI_PVEM,PRI_NA,PVEM_NA,CAND_IND10,CAND_IND11,CAND_IND12,CAND_IND13,NUM_VOTOS_VALIDOS,NUM_VOTOS_CAN_NREG,NUM_VOTOS_NULOS,TOTAL_VOTOS,LISTA_NOMINAL
 ,4,CAMPECHE,6,SAN FRANCISCO DE CAMPECHE,1,CAMPECHE,1,PICH,139,4,445,441,227,14,53,11,21,405,15,23,3,19,6,10,0,,,,,1693,0,390,2083,2684
 ,4,CAMPECHE,6,SAN FRANCISCO DE CAMPECHE,1,CAMPECHE,1,PICH,142,4,1023,352,184,7,50,10,17,162,11,1,4,7,4,2,0,,,,,1834,0,113,1947,2624
 ,4,CAMPECHE,6,SAN FRANCISCO DE CAMPECHE,1,CAMPECHE,1,PICH,144,1,49,85,9,1,12,0,0,24,2,5,3,1,0,0,0,,,,,191,0,7,198,234
 ,4,CAMPECHE,6,SAN FRANCISCO DE CAMPECHE,1,CAMPECHE,1,PICH,145,2,87,235,24,10,21,7,8,119,27,1,0,139,0,1,0,,,,,679,0,19,698,836
 ,4,CAMPECHE,6,SAN FRANCISCO DE CAMPECHE,1,CAMPECHE,1,PICH,146,1,118,140,26,0,18,2,2,91,3,2,1,2,0,2,0,,,,,407,0,5,412,474
 ,4,CAMPECHE,2,SAN FRANCISCO DE CAMPECHE,1,CAMPECHE,2,TIXMUCUY,128,1,22,84,9,1,,,3,45,,,,2,1,1,0,,,,,168,0,7,175,206
 ,4,CAMPECHE,6,SAN FRANCISCO DE CAMPECHE,1,CAMPECHE,2,TIXMUCUY,133,1,35,248,2,4,,,5,107,,,,2,1,0,0,,,,,404,0,24,428,512
 ,4,CAMPECHE,6,SAN FRANCISCO DE CAMPECHE,1,CAMPECHE,2,TIXMUCUY,134,1,21,113,8,0,,,2,101,,,,0,0,0,0,,,,,245,0,11,256,307
 ,4,CAMPECHE,6,SAN FRANCISCO DE CAMPECHE,1,CAMPECHE,2,TIXMUCUY,135,2,44,314,4,0,,,4,392,,,,2,2,2,0,,,,,764,0,0,764,848
 ,4,CAMPECHE,6,SAN FRANCISCO DE CAMPECHE,1,CAMPECHE,2,TIXMUCUY,138,1,6,191,2,2,,,44,144,,,,11,0,0,0,,,,,400,0,18,418,528
 ,4,CAMPECHE,6,SAN FRANCISCO DE CAMPECHE,1,CAMPECHE,2,TIXMUCUY,143,1,23,153,4,0,,,1,90,,,,2,0,0,0,,,,,273,0,11,284,347
 ,4,CAMPECHE,6,SAN FRANCISCO DE CAMPECHE,1,CAMPECHE,3,ALFREDO V BONFIL,131,1,50,96,1,1,1,1,1,24,3,35,0,0,1,0,0,,,,,214,0,6,220,252
 ,4,CAMPECHE,6,SAN FRANCISCO DE CAMPECHE,1,CAMPECHE,3,ALFREDO V BONFIL,132,1,85,46,3,0,1,0,0,13,1,11,0,0,0,0,0,,,,,160,0,6,166,192
 ,4,CAMPECHE,6,SAN FRANCISCO DE CAMPECHE,1,CAMPECHE,3,ALFREDO V BONFIL,136,1,58,55,1,0,0,2,0,32,0,4,0,2,2,0,0,,,,,156,0,2,158,193
 ,4,CAMPECHE,6,SAN FRANCISCO DE CAMPECHE,1,CAMPECHE,3,ALFREDO V BONFIL,140,2,118,281,35,1,4,2,3,166,4,7,1,8,4,1,0,,,,,635,0,18,653,905
 ,4,CAMPECHE,6,SAN FRANCISCO DE CAMPECHE,1,CAMPECHE,3,ALFREDO V BONFIL,141,2,92,309,18,1,9,1,10,185,2,6,4,3,0,1,0,,,,,641,0,14,655,898
 ,4,CAMPECHE,7,TENABO,1,CAMPECHE,4,HAMPOLOL,118,2,49,289,3,1,,7,10,343,,6,3,4,2,0,0,,,,,717,2,13,732,917
 ,4,CAMPECHE,7,TENABO,1,CAMPECHE,4,HAMPOLOL,119,1,41,103,9,1,,23,10,111,,15,1,4,1,1,0,,,,,320,0,16,336,399
 ,4,CAMPECHE,7,TENABO,1,CAMPECHE,4,HAMPOLOL,120,2,135,231,32,2,,63,3,201,,10,13,2,1,0,0,,,,,693,0,10,703,810
 ,4,CAMPECHE,7,TENABO,1,CAMPECHE,4,HAMPOLOL,121,2,74,200,9,3,,36,10,246,,24,9,4,3,0,0,,,,,618,0,29,647,897
 ,4,CAMPECHE,17,CALKINI,2,CALKINI,5,BECAL,159,2,81,177,14,0,48,4,24,152,2,5,1,16,0,2,0,,,,32,558,22,21,601,792
 ,4,CAMPECHE,17,CALKINI,2,CALKINI,5,BECAL,160,2,132,144,16,0,26,9,46,176,0,12,0,14,0,4,4,,,,36,619,0,21,640,788
 ,4,CAMPECHE,17,CALKINI,2,CALKINI,5,BECAL,161,2,103,162,11,4,30,20,15,187,0,11,3,12,1,2,0,,,,20,581,23,6,610,799
 ,4,CAMPECHE,17,CALKINI,2,CALKINI,5,BECAL,162,2,157,206,26,8,73,17,19,198,4,9,1,9,3,2,0,,,,32,764,18,27,809,989
 ,4,CAMPECHE,17,CALKINI,2,CALKINI,5,BECAL,163,2,130,196,31,0,42,6,27,172,1,10,1,12,0,0,0,,,,16,644,0,9,653,822
 ,4,CAMPECHE,17,CALKINI,2,CALKINI,5,BECAL,164,2,109,191,17,1,47,13,14,200,2,9,2,8,1,1,0,,,,34,649,0,30,679,843
 ,4,CAMPECHE,19,HECELCHAKAN,2,CALKINI,5,BECAL,157,1,17,214,75,5,34,48,9,164,3,2,0,3,2,0,0,,,,10,586,0,22,608,719
 ,4,CAMPECHE,17,CALKINI,2,CALKINI,6,DZITBALCHE,173,3,16,317,44,9,151,143,26,404,,6,67,186,5,3,1,,,,,1378,0,33,1411,1844
 ,4,CAMPECHE,17,CALKINI,2,CALKINI,6,DZITBALCHE,174,2,5,289,42,6,82,172,18,200,,3,1,18,5,5,0,,,,,846,0,18,864,1219
 ,4,CAMPECHE,17,CALKINI,2,CALKINI,6,DZITBALCHE,175,3,21,629,42,12,101,258,43,394,,5,0,25,5,4,0,,,,,1539,0,46,1585,2014
 ,4,CAMPECHE,17,CALKINI,2,CALKINI,6,DZITBALCHE,176,3,25,593,39,5,159,210,37,347,,8,0,26,2,2,0,,,,,1453,0,63,1516,2063
 ,4,CAMPECHE,17,CALKINI,2,CALKINI,6,DZITBALCHE,177,3,22,529,55,11,135,179,18,310,,401,1,9,8,5,1,,,,,1684,0,44,1728,1781
 ,4,CAMPECHE,17,CALKINI,2,CALKINI,6,DZITBALCHE,180,3,43,793,225,11,99,81,17,285,,9,1,29,10,4,0,,,,,1607,30,91,1728,1993
 ,4,CAMPECHE,19,HECELCHAKAN,2,CALKINI,7,NUNKINI,158,2,34,224,59,23,31,17,160,162,,6,,2,4,3,0,,,,,725,0,26,751,827
 ,4,CAMPECHE,19,HECELCHAKAN,2,CALKINI,7,NUNKINI,165,1,3,143,6,95,0,1,1,1,,1,,1,0,2,1,,,,,255,0,8,263,269
 ,4,CAMPECHE,19,HECELCHAKAN,2,CALKINI,7,NUNKINI,166,3,332,784,14,5,14,6,30,485,,1,,13,3,3,0,,,,,1690,0,42,1732,2086
 ,4,CAMPECHE,19,HECELCHAKAN,2,CALKINI,7,NUNKINI,167,2,217,405,4,2,8,3,25,289,,9,,2,4,5,2,,,,,975,0,26,1001,1184
 ,4,CAMPECHE,19,HECELCHAKAN,2,CALKINI,7,NUNKINI,168,2,169,433,21,6,7,7,23,331,,8,,20,3,2,0,,,,,1030,1,25,1056,1284
 ,4,CAMPECHE,19,HECELCHAKAN,2,CALKINI,7,NUNKINI,170,2,78,255,51,87,29,8,107,195,,5,,3,0,0,1,,,,,819,0,39,858,951
 ,4,CAMPECHE,19,HECELCHAKAN,2,CALKINI,7,NUNKINI,171,1,18,277,46,5,18,4,18,144,,4,,2,0,4,0,,,,,540,0,24,564,657
 ,4,CAMPECHE,19,HECELCHAKAN,2,CALKINI,7,NUNKINI,182,1,12,85,6,7,8,1,11,24,,1,,1,0,0,0,,,,,156,0,3,159,175
 ,4,CAMPECHE,20,PALIZADA,3,CARMEN,8,ATASTA,263,2,57,249,6,28,7,4,15,219,5,0,2,12,3,0,0,,19,32,,658,0,64,722,1001
 ,4,CAMPECHE,20,PALIZADA,3,CARMEN,8,ATASTA,264,2,0,0,0,0,0,0,0,0,0,0,0,0,0,0,0,,0,0,,0,0,0,0,511
 ,4,CAMPECHE,20,PALIZADA,3,CARMEN,8,ATASTA,265,3,114,517,11,21,26,11,13,471,4,9,1,42,10,4,0,,9,73,,1336,38,59,1433,2179
 ,4,CAMPECHE,20,PALIZADA,3,CARMEN,8,ATASTA,266,3,18,128,5,2,7,2,2,123,3,0,0,15,3,1,0,,0,52,,361,0,19,380,1757
 ,4,CAMPECHE,20,PALIZADA,3,CARMEN,8,ATASTA,267,5,77,233,28,37,15,7,8,307,5,21,1,15,6,1,1,,9,142,,913,0,50,963,3364
 ,4,CAMPECHE,20,PALIZADA,3,CARMEN,8,ATASTA,268,3,107,240,32,6,9,11,51,264,10,19,3,32,11,8,3,,7,127,,940,0,67,1007,2063
 ,4,CAMPECHE,20,PALIZADA,3,CARMEN,8,ATASTA,269,2,78,167,10,10,3,10,5,216,4,8,0,3,5,1,0,,3,84,,607,0,29,636,837
 ,4,CAMPECHE,12,SABANCUY CARMEN,3,CARMEN,9,MAMANTEL,270,1,4,73,0,0,0,1,1,86,0,0,0,1,1,0,1,,,,,168,0,9,177,255
 ,4,CAMPECHE,12,SABANCUY CARMEN,3,CARMEN,9,MAMANTEL,472,2,91,197,1,18,6,3,12,328,3,0,0,6,4,0,0,,,,,669,0,56,725,1033
 ,4,CAMPECHE,12,SABANCUY CARMEN,3,CARMEN,9,MAMANTEL,473,2,67,233,0,24,0,7,23,294,0,0,14,10,7,2,0,,,,,681,0,33,714,978
 ,4,CAMPECHE,12,SABANCUY CARMEN,3,CARMEN,9,MAMANTEL,474,1,25,37,2,4,4,11,1,78,1,1,0,0,1,0,0,,,,,165,0,6,171,255
 ,4,CAMPECHE,12,SABANCUY CARMEN,3,CARMEN,9,MAMANTEL,478,2,212,298,0,8,0,3,34,313,0,0,1,20,2,0,0,,,,,891,0,14,905,1232
 ,4,CAMPECHE,12,SABANCUY CARMEN,3,CARMEN,9,MAMANTEL,479,1,55,128,0,1,0,7,13,174,0,0,13,4,0,0,0,,,,,395,0,42,437,558
 ,4,CAMPECHE,12,SABANCUY CARMEN,3,CARMEN,9,MAMANTEL,483,1,21,63,1,0,2,6,2,137,2,2,0,0,0,0,0,,,,,236,1,13,250,331
 ,4,CAMPECHE,12,SABANCUY CARMEN,3,CARMEN,9,MAMANTEL,484,2,60,121,0,3,0,4,7,189,0,0,0,8,4,0,0,,,,,396,0,41,437,1309
 ,4,CAMPECHE,12,SABANCUY,3,CARMEN,10,SABANCUY,250,3,202,428,26,17,78,45,5,325,7,7,,15,5,3,0,5,,,,1168,0,84,1252,1918
 ,4,CAMPECHE,12,SABANCUY CARMEN,3,CARMEN,10,SABANCUY,251,2,140,255,6,7,33,22,12,203,0,10,,5,3,0,4,7,,,,707,0,40,747,1064
 ,4,CAMPECHE,12,SABANCUY CARMEN,3,CARMEN,10,SABANCUY,252,2,133,340,3,0,48,9,19,143,4,0,,12,2,3,0,11,,,,727,0,35,762,1011
 ,4,CAMPECHE,12,SABANCUY CARMEN,3,CARMEN,10,SABANCUY,253,3,163,509,12,6,61,33,31,224,2,4,,11,3,0,2,40,,,,1101,0,69,1170,1650
 ,4,CAMPECHE,12,SABANCUY,3,CARMEN,10,SABANCUY,254,1,28,177,4,5,25,4,4,186,2,2,,12,5,1,1,3,,,,459,0,29,488,675
 ,4,CAMPECHE,12,SABANCUY,3,CARMEN,10,SABANCUY,255,1,47,159,5,2,10,2,3,197,1,3,,11,8,0,0,0,,,,448,0,18,466,580
 ,4,CAMPECHE,12,SABANCUY CARMEN,3,CARMEN,10,SABANCUY,258,2,111,349,12,3,46,9,4,294,0,4,,8,7,0,0,7,,,,854,0,54,908,1394
 ,4,CAMPECHE,12,SABANCUY,3,CARMEN,10,SABANCUY,259,2,53,294,5,20,82,9,15,337,3,6,,11,2,1,0,10,,,,848,0,51,899,1344
 ,4,CAMPECHE,12,SABANCUY,3,CARMEN,10,SABANCUY,260,1,40,158,7,7,40,9,7,190,3,1,,7,1,2,0,5,,,,477,0,24,501,729
 ,4,CAMPECHE,12,SABANCUY CARMEN,3,CARMEN,10,SABANCUY,261,2,115,338,10,0,84,2,0,188,5,15,,0,0,0,0,5,,,,762,0,61,823,1235
 ,4,CAMPECHE,12,SABANCUY,3,CARMEN,10,SABANCUY,262,2,112,315,12,6,60,6,8,257,6,0,,32,8,0,0,7,,,,829,0,61,890,1391
 ,4,CAMPECHE,16,CHAMPOTON,4,CHAMPOTON,11,HOOL,329,2,85,327,91,18,1,0,9,12,0,18,,17,8,0,0,,,,,586,0,71,657,845
 ,4,CAMPECHE,16,CHAMPOTON,4,CHAMPOTON,11,HOOL,331,4,827,527,50,14,0,0,15,0,0,5,,26,12,4,1,,,,,1481,0,292,1773,2890
 ,4,CAMPECHE,16,CHAMPOTON,4,CHAMPOTON,11,HOOL,334,1,5,18,3,1,1,0,0,5,0,1,,3,0,0,0,,,,,37,0,7,44,79
 ,4,CAMPECHE,16,CHAMPOTON,4,CHAMPOTON,12,SEYBAPLAYA,320,3,41,295,298,6,6,0,21,464,1,17,,16,5,1,0,,,,,1171,4,65,1240,1706
 ,4,CAMPECHE,16,CHAMPOTON,4,CHAMPOTON,12,SEYBAPLAYA,321,2,6,239,116,4,0,0,8,209,0,8,,8,0,0,0,,,,,598,0,10,608,779
 ,4,CAMPECHE,16,CHAMPOTON,4,CHAMPOTON,12,SEYBAPLAYA,322,2,13,183,189,6,0,0,27,335,0,17,,9,0,3,0,,,,,782,7,31,820,1145
 ,4,CAMPECHE,16,CHAMPOTON,4,CHAMPOTON,12,SEYBAPLAYA,323,2,7,245,125,18,0,0,30,297,0,30,,8,3,6,0,,,,,769,0,17,786,1057
 ,4,CAMPECHE,16,CHAMPOTON,4,CHAMPOTON,12,SEYBAPLAYA,324,2,5,198,147,7,11,1,17,394,1,25,,6,2,0,2,,,,,816,0,43,859,1116
 ,4,CAMPECHE,16,CHAMPOTON,4,CHAMPOTON,12,SEYBAPLAYA,325,2,26,268,196,6,0,0,29,451,0,21,,7,1,0,0,,,,,1005,0,50,1055,1406
 ,4,CAMPECHE,16,CHAMPOTON,4,CHAMPOTON,12,SEYBAPLAYA,326,2,25,172,86,6,0,0,7,210,0,2,,4,6,0,0,,,,,518,0,32,550,774
 ,4,CAMPECHE,16,CHAMPOTON,4,CHAMPOTON,12,SEYBAPLAYA,327,3,68,556,122,15,0,3,76,372,4,5,,29,3,6,1,,,,,1260,0,107,1367,1707
 ,4,CAMPECHE,16,CHAMPOTON,4,CHAMPOTON,12,SEYBAPLAYA,328,2,53,284,104,9,0,0,86,370,0,2,,8,3,4,1,,,,,924,1,114,1039,1387
 ,4,CAMPECHE,16,CHAMPOTON,4,CHAMPOTON,12,SEYBAPLAYA,332,1,22,135,42,5,0,0,5,138,0,3,,4,2,1,0,,,,,357,0,28,385,555
 ,4,CAMPECHE,16,CHAMPOTON,4,CHAMPOTON,12,SEYBAPLAYA,333,2,55,260,118,14,0,0,14,301,0,4,,8,3,0,0,,,,,777,0,88,865,1165
 ,4,CAMPECHE,16,CHAMPOTON,4,CHAMPOTON,13,SIHOCHAC,330,2,77,402,18,10,0,0,13,284,0,0,,26,5,3,0,,,,,838,0,34,872,1106
 ,4,CAMPECHE,16,CHAMPOTON,4,CHAMPOTON,13,SIHOCHAC,331,2,106,324,19,12,0,0,20,370,0,0,,17,3,0,0,,,,,871,0,29,900,1099
 ,4,CAMPECHE,16,CHAMPOTON,4,CHAMPOTON,13,SIHOCHAC,334,2,136,178,19,6,0,0,16,173,0,0,,6,1,0,0,,,,,535,0,46,581,805
 ,4,CAMPECHE,16,CHAMPOTON,4,CHAMPOTON,14,CARRILLO PUERTO,342,2,105,299,10,4,0,0,8,361,11,2,,13,2,1,1,,,,,817,0,54,871,1126
 ,4,CAMPECHE,16,CHAMPOTON,4,CHAMPOTON,14,CARRILLO PUERTO,343,2,71,325,12,4,10,4,11,267,10,2,,11,4,0,0,,,,,731,0,41,772,1004
 ,4,CAMPECHE,16,CHAMPOTON,4,CHAMPOTON,14,CARRILLO PUERTO,347,1,65,137,11,2,25,3,5,182,11,4,,3,2,0,0,,,,,450,0,26,476,641
 ,4,CAMPECHE,16,CHAMPOTON,4,CHAMPOTON,14,CARRILLO PUERTO,348,1,61,122,9,1,0,0,5,142,34,2,,5,2,0,0,,,,,383,0,20,403,721
 ,4,CAMPECHE,16,CHAMPOTON,4,CHAMPOTON,14,CARRILLO PUERTO,352,1,69,162,12,4,18,4,5,94,23,1,,0,3,0,1,,,,,396,0,18,414,605
 ,4,CAMPECHE,16,CHAMPOTON,4,CHAMPOTON,14,CARRILLO PUERTO,354,1,100,190,22,2,16,4,22,132,9,2,,5,1,0,1,,,,,506,0,44,550,706
 ,4,CAMPECHE,16,CHAMPOTON,4,CHAMPOTON,14,CARRILLO PUERTO,530,1,12,75,3,2,2,0,2,68,2,1,,1,3,1,0,,,,,172,0,6,178,240
 ,4,CAMPECHE,19,HECELCHAKAN,5,HECELCHAKAN,15,POMUCH,374,1,83,71,4,0,1,5,3,32,80,2,0,1,1,0,0,,,,,283,0,17,300,324
 ,4,CAMPECHE,19,HECELCHAKAN,5,HECELCHAKAN,15,POMUCH,375,3,426,227,16,5,3,6,15,267,224,28,3,2,0,1,0,,,,,1223,3,65,1291,1501
 ,4,CAMPECHE,19,HECELCHAKAN,5,HECELCHAKAN,15,POMUCH,376,2,303,234,46,8,4,3,11,295,206,36,3,13,0,1,0,,,,,1163,0,29,1192,1442
 ,4,CAMPECHE,19,HECELCHAKAN,5,HECELCHAKAN,15,POMUCH,377,2,256,202,10,15,0,2,21,235,146,21,2,5,2,1,0,,,,,918,0,31,949,1143
 ,4,CAMPECHE,19,HECELCHAKAN,5,HECELCHAKAN,15,POMUCH,378,2,393,178,17,2,4,10,7,230,174,31,5,5,0,2,0,,,,,1058,0,43,1101,1368
 ,4,CAMPECHE,19,HECELCHAKAN,5,HECELCHAKAN,15,POMUCH,379,2,322,162,31,0,5,4,12,146,269,41,0,3,0,1,0,,,,,996,0,37,1033,1227
 ,4,CAMPECHE,18,HOPELCHEN,6,HOPELCHEN,16,BOLONCHEN DE REJON,385,1,117,167,2,3,3,,1,20,,,,2,0,0,0,,,,,315,0,6,321,338
 ,4,CAMPECHE,18,HOPELCHEN,6,HOPELCHEN,16,BOLONCHEN DE REJON,386,1,43,148,1,12,2,,2,33,,,,0,2,0,2,,,,,245,0,8,253,389
 ,4,CAMPECHE,18,HOPELCHEN,6,HOPELCHEN,16,BOLONCHEN DE REJON,387,1,41,135,1,14,7,,2,42,,,,4,0,0,0,,,,,246,0,6,252,272
 ,4,CAMPECHE,18,HOPELCHEN,6,HOPELCHEN,16,BOLONCHEN DE REJON,388,4,424,650,9,24,23,,23,424,,,,15,4,1,0,,,,,1597,0,54,1651,2251
 ,4,CAMPECHE,18,HOPELCHEN,6,HOPELCHEN,16,BOLONCHEN DE REJON,389,2,235,293,7,23,10,,11,181,,,,7,4,0,0,,,,,771,0,24,795,1090
 ,4,CAMPECHE,18,HOPELCHEN,6,HOPELCHEN,17,DZIBALCHEN,400,2,422,525,1,37,14,,6,18,,6,,11,7,0,0,,,,,1047,0,43,1090,1228
 ,4,CAMPECHE,18,HOPELCHEN,6,HOPELCHEN,17,DZIBALCHEN,401,2,404,507,13,2,21,,0,19,,8,,24,8,1,0,,,,,1007,0,48,1055,1186
 ,4,CAMPECHE,18,HOPELCHEN,6,HOPELCHEN,17,DZIBALCHEN,402,1,24,99,1,2,7,,0,32,,1,,4,1,0,0,,,,,171,0,0,171,713
 ,4,CAMPECHE,18,HOPELCHEN,6,HOPELCHEN,17,DZIBALCHEN,403,2,348,333,3,5,26,,21,23,,0,,12,1,3,1,,,,,776,0,46,822,1290
 ,4,CAMPECHE,18,HOPELCHEN,6,HOPELCHEN,17,DZIBALCHEN,404,2,218,304,0,1,36,,17,16,,0,,8,3,0,0,,,,,603,0,31,634,785
 ,4,CAMPECHE,18,HOPELCHEN,6,HOPELCHEN,17,DZIBALCHEN,405,1,43,78,1,1,4,,1,1,,0,,0,1,0,0,,,,,130,0,4,134,591
 ,4,CAMPECHE,18,HOPELCHEN,6,HOPELCHEN,17,DZIBALCHEN,406,1,88,142,3,3,21,,7,8,,33,,2,2,0,0,,,,,309,0,17,326,532
 ,4,CAMPECHE,18,HOPELCHEN,6,HOPELCHEN,18,UKUM,405,1,0,0,0,0,0,,0,0,,0,,0,0,0,0,,,,,0,0,0,0,123
 ,4,CAMPECHE,18,HOPELCHEN,6,HOPELCHEN,18,UKUM,407,2,168,293,5,6,18,,2,135,,1,,4,5,2,0,,,,,639,0,23,662,789
 ,4,CAMPECHE,18,HOPELCHEN,6,HOPELCHEN,18,UKUM,408,1,124,181,5,0,9,,1,65,,1,,9,2,0,0,,,,,397,0,10,407,454
 ,4,CAMPECHE,18,HOPELCHEN,6,HOPELCHEN,18,UKUM,409,2,138,262,7,0,34,,0,193,,5,,0,0,0,0,,,,,639,0,41,680,792
 ,4,CAMPECHE,18,HOPELCHEN,6,HOPELCHEN,18,UKUM,410,2,321,377,8,10,46,,22,430,,2,,6,1,0,0,,,,,1223,0,24,1247,1442
 ,4,CAMPECHE,18,HOPELCHEN,6,HOPELCHEN,18,UKUM,411,2,172,276,0,2,4,,1,183,,0,,3,0,0,0,,,,,641,0,21,662,749
 ,4,CAMPECHE,18,HOPELCHEN,6,HOPELCHEN,18,UKUM,412,1,105,117,1,0,13,,0,76,,0,,0,0,0,0,,,,,312,0,5,317,329
 ,4,CAMPECHE,7,TENABO,8,TENABO,19,TINUN,445,2,222,334,9,29,,2,21,161,,,1,19,7,1,0,,,,,806,3,19,828,936
 ,4,CAMPECHE,7,TENABO,8,TENABO,19,TINUN,446,1,6,30,1,0,,2,1,40,,,0,1,0,0,0,,,,,81,0,2,83,109
 ,4,CAMPECHE,7,TENABO,8,TENABO,19,TINUN,447,1,47,151,3,21,,0,0,153,,,0,0,0,0,0,,,,,375,0,11,386,414
 ,4,CAMPECHE,21,XPUJIL CALAKMUL,9,ESCARCEGA,20,CENTENARIO,356,3,79,283,329,6,0,14,7,417,0,70,1,10,9,3,0,,,,,1228,5,127,1360,1955
 ,4,CAMPECHE,21,XPUJIL CALAKMUL,9,ESCARCEGA,20,CENTENARIO,357,1,29,114,122,3,0,0,1,88,0,6,0,4,4,2,0,,,,,373,7,59,439,628
 ,4,CAMPECHE,21,XPUJIL CALAKMUL,9,ESCARCEGA,20,CENTENARIO,358,1,27,59,33,1,0,2,1,57,0,4,0,3,0,0,0,,,,,187,8,25,220,309
 ,4,CAMPECHE,21,XPUJIL CALAKMUL,9,ESCARCEGA,20,CENTENARIO,361,2,58,194,297,11,0,10,10,236,0,9,2,18,3,2,0,,,,,850,5,83,938,1355
 ,4,CAMPECHE,13,ESCARCEGA,9,ESCARCEGA,21,DIVISION DEL NORTE,448,1,0,0,0,0,0,0,0,0,0,0,0,0,0,0,0,,,,,0,0,0,0,1
 ,4,CAMPECHE,13,ESCARCEGA,9,ESCARCEGA,21,DIVISION DEL NORTE,475,2,135,138,49,24,15,4,4,171,0,2,0,3,2,0,1,,,,,548,28,46,622,936
 ,4,CAMPECHE,13,ESCARCEGA,9,ESCARCEGA,21,DIVISION DEL NORTE,476,2,76,143,42,11,23,2,14,180,0,0,0,5,5,0,0,,,,,501,3,37,541,821
 ,4,CAMPECHE,13,ESCARCEGA,9,ESCARCEGA,21,DIVISION DEL NORTE,477,2,100,150,43,17,18,7,6,202,4,1,0,12,5,0,0,,,,,565,62,83,710,1093
 ,4,CAMPECHE,13,ESCARCEGA,9,ESCARCEGA,21,DIVISION DEL NORTE,480,2,65,156,12,9,4,4,13,259,4,2,1,5,1,0,0,,,,,535,16,35,586,839
 ,4,CAMPECHE,13,ESCARCEGA,9,ESCARCEGA,21,DIVISION DEL NORTE,481,2,71,168,23,11,16,6,3,305,1,7,0,1,1,0,0,,,,,613,13,62,688,1105
 ,4,CAMPECHE,13,ESCARCEGA,9,ESCARCEGA,21,DIVISION DEL NORTE,482,1,37,102,4,4,0,9,8,230,0,2,0,16,6,0,0,,,,,418,0,51,469,629
 ,4,CAMPECHE,13,ESCARCEGA,9,ESCARCEGA,21,DIVISION DEL NORTE,485,1,56,147,8,12,0,4,2,181,1,1,0,6,1,0,0,,,,,419,3,59,481,685
 ,4,CAMPECHE,21,XPUJIL CALAKMUL,9,ESCARCEGA,21,DIVISION DEL NORTE,469,1,27,22,4,1,26,2,2,43,1,2,0,6,0,0,0,,,,,136,2,13,151,216
 ,4,CAMPECHE,14,CANDELARIA,10,CANDELARIA,22,MIGUEL HIDALGO Y COSTILLA,273,1,51,84,7,1,3,2,2,5,0,0,,5,2,0,0,,,,,162,0,14,176,249
 ,4,CAMPECHE,14,CANDELARIA,10,CANDELARIA,22,MIGUEL HIDALGO Y COSTILLA,275,1,90,53,2,1,3,2,5,18,1,0,,0,0,1,0,,,,,176,0,9,185,250
 ,4,CAMPECHE,14,CANDELARIA,10,CANDELARIA,22,MIGUEL HIDALGO Y COSTILLA,278,3,9,9,1,0,1,3,1,18,0,0,,2,0,0,0,,,,,44,0,7,51,25
 ,4,CAMPECHE,14,CANDELARIA,10,CANDELARIA,22,MIGUEL HIDALGO Y COSTILLA,285,1,0,0,0,0,0,0,0,0,0,0,,0,0,0,0,,,,,0,0,0,0,2
 ,4,CAMPECHE,14,CANDELARIA,10,CANDELARIA,22,MIGUEL HIDALGO Y COSTILLA,291,2,4,3,0,0,2,1,0,3,0,0,,0,1,0,0,,,,,14,0,0,14,6
 ,4,CAMPECHE,14,CANDELARIA,10,CANDELARIA,22,MIGUEL HIDALGO Y COSTILLA,292,1,1,1,0,0,0,0,0,4,0,0,,0,0,0,0,,,,,6,0,1,7,11
 ,4,CAMPECHE,14,CANDELARIA,10,CANDELARIA,22,MIGUEL HIDALGO Y COSTILLA,293,1,147,187,3,4,4,1,5,35,1,1,,3,2,3,0,,,,,396,0,27,423,579
 ,4,CAMPECHE,14,CANDELARIA,10,CANDELARIA,22,MIGUEL HIDALGO Y COSTILLA,294,1,26,78,1,0,0,0,0,7,0,0,,0,0,0,0,,,,,112,0,12,124,178
 ,4,CAMPECHE,14,CANDELARIA,10,CANDELARIA,22,MIGUEL HIDALGO Y COSTILLA,295,1,118,121,5,6,0,0,2,24,0,0,,6,3,1,0,,,,,286,0,16,302,448
 ,4,CAMPECHE,14,CANDELARIA,10,CANDELARIA,22,MIGUEL HIDALGO Y COSTILLA,296,1,162,241,4,4,5,4,2,46,1,0,,0,0,0,0,,,,,469,0,25,494,702
 ,4,CAMPECHE,14,CANDELARIA,10,CANDELARIA,22,MIGUEL HIDALGO Y COSTILLA,297,2,156,293,5,0,6,2,5,74,1,2,,7,7,3,0,,,,,561,0,11,572,788
 ,4,CAMPECHE,14,CANDELARIA,10,CANDELARIA,22,MIGUEL HIDALGO Y COSTILLA,298,2,130,270,17,6,18,4,21,109,5,0,,3,7,7,0,,,,,597,0,31,628,882
 ,4,CAMPECHE,14,CANDELARIA,10,CANDELARIA,22,MIGUEL HIDALGO Y COSTILLA,299,2,215,283,23,9,9,2,20,35,3,0,,9,5,1,1,,,,,615,0,52,667,1043
 ,4,CAMPECHE,14,CANDELARIA,10,CANDELARIA,22,MIGUEL HIDALGO Y COSTILLA,300,1,65,134,2,1,6,0,6,42,1,0,,1,2,0,0,,,,,260,0,17,277,452
 ,4,CAMPECHE,14,CANDELARIA,10,CANDELARIA,22,MIGUEL HIDALGO Y COSTILLA,301,2,319,404,24,5,5,1,4,105,3,0,,11,5,2,0,,,,,888,0,90,978,1370
 ,4,CAMPECHE,14,CANDELARIA,10,CANDELARIA,22,MIGUEL HIDALGO Y COSTILLA,302,1,45,65,3,0,0,0,2,55,1,0,,4,0,0,0,,,,,175,0,20,195,288
 ,4,CAMPECHE,14,CANDELARIA,10,CANDELARIA,22,MIGUEL HIDALGO Y COSTILLA,490,1,29,37,3,1,2,2,2,20,1,0,,0,1,1,2,,,,,101,0,3,104,141
 ,4,CAMPECHE,14,CANDELARIA,10,CANDELARIA,23,MONCLOVA,273,6,195,273,11,4,7,8,12,532,4,1,,11,3,1,0,,,,,1062,0,91,1153,1899
 ,4,CAMPECHE,14,CANDELARIA,10,CANDELARIA,23,MONCLOVA,278,4,384,409,9,8,9,5,7,606,3,2,,8,1,2,0,,,,,1453,0,141,1594,2798
 ,4,CAMPECHE,14,CANDELARIA,10,CANDELARIA,23,MONCLOVA,281,2,0,0,0,0,0,0,0,0,0,0,,0,0,0,0,,,,,0,0,0,0,4
 ,4,CAMPECHE,14,CANDELARIA,10,CANDELARIA,23,MONCLOVA,285,1,1,1,0,0,0,0,0,0,0,0,,0,0,0,0,,,,,2,0,1,3,7
 ,4,CAMPECHE,14,CANDELARIA,10,CANDELARIA,23,MONCLOVA,288,1,71,59,4,2,0,0,1,105,0,0,,2,0,0,0,,,,,244,0,35,279,444
 ,4,CAMPECHE,14,CANDELARIA,10,CANDELARIA,23,MONCLOVA,289,2,131,148,16,1,6,3,31,142,0,1,,9,3,7,0,,,,,498,0,21,519,757
 ,4,CAMPECHE,14,CANDELARIA,10,CANDELARIA,23,MONCLOVA,290,1,20,8,1,0,0,0,3,39,0,0,,0,0,0,0,,,,,71,0,2,73,129
 ,4,CAMPECHE,14,CANDELARIA,10,CANDELARIA,23,MONCLOVA,291,2,217,159,4,5,10,2,7,134,0,0,,3,2,1,0,,,,,544,0,55,599,887
 ,4,CAMPECHE,14,CANDELARIA,10,CANDELARIA,23,MONCLOVA,292,1,0,0,0,0,0,0,0,1,0,0,,0,0,0,0,,,,,1,0,0,1,2
 ,4,CAMPECHE,14,CANDELARIA,10,CANDELARIA,23,MONCLOVA,293,1,82,94,2,1,0,0,1,108,0,0,,9,2,5,0,,,,,304,0,4,308,431
 ,4,CAMPECHE,14,CANDELARIA,10,CANDELARIA,23,MONCLOVA,295,2,68,139,7,3,11,10,11,250,1,0,,1,2,0,0,,,,,503,0,19,522,774
 ,4,CAMPECHE,14,CANDELARIA,10,CANDELARIA,23,MONCLOVA,301,2,4,2,0,0,0,0,1,8,0,0,,0,0,0,0,,,,,15,0,1,16,106
 ,4,CAMPECHE,21,XPUJIL CALAKMUL,11,CALAKMUL,24,CONSTITUCION,359,2,175,234,9,0,0,0,3,123,0,140,,7,6,2,2,,,,,701,0,74,775,959
 ,4,CAMPECHE,21,XPUJIL CALAKMUL,11,CALAKMUL,24,CONSTITUCION,360,2,227,253,24,8,9,3,15,193,2,50,,8,9,0,1,,,,,802,7,71,880,1343
 ,4,CAMPECHE,21,XPUJIL CALAKMUL,11,CALAKMUL,24,CONSTITUCION,362,2,131,154,9,6,14,2,5,210,4,84,,3,1,1,0,,,,,624,0,45,669,949
 ,4,CAMPECHE,21,XPUJIL CALAKMUL,11,CALAKMUL,24,CONSTITUCION,417,1,34,135,4,2,6,2,3,31,1,35,,14,0,0,0,,,,,267,0,18,285,370
