ID_ESTADO,NOMBRE_ESTADO,TERRITORIO,ID_DISTRITO,CABECERA_DISTRITAL,SECCIONES,CASILLAS,PAN,PRI,PRD,PVEM,PT,MC,NVA_ALIANZA,PRI_PVEM,PRD_PT_MC,PRD_PT,PRD_MC,PT_MC,NUM_VOTOS_CAN_NREG,NUM_VOTOS_NULOS,TOTAL_VOTOS,LISTA_NOMINAL,PARTICIPACION,
1,AGUASCALIENTES,VOTO EN EL EXTRANJERO,1,JESÚS MARÍA,,,49,16,10,0,2,2,2,2,6,0,0,1,0,0,90,166,0.5422,
1,AGUASCALIENTES,VOTO EN TERRITORIO NACIONAL,1,JESÚS MARÍA,150,417,44681,52445,12674,3625,4307,1630,14003,9833,3494,832,196,190,75,4391,152376,256074,0.595,
1,AGUASCALIENTES,VOTO EN EL EXTRANJERO,2,AGUASCALIENTES,,,52,12,30,1,3,1,3,3,4,1,0,0,0,0,110,151,0.7285,
1,AGUASCALIENTES,VOTO EN TERRITORIO NACIONAL,2,AGUASCALIENTES,222,526,50415,53144,26279,3243,4747,3603,12344,12206,8355,1219,501,264,191,4993,181504,310665,0.5842,
1,AGUASCALIENTES,VOTO EN EL EXTRANJERO,3,AGUASCALIENTES,,,104,26,47,0,7,5,3,0,5,0,0,0,0,3,200,261,0.7663,
1,AGUASCALIENTES,VOTO EN TERRITORIO NACIONAL,3,AGUASCALIENTES,217,447,57242,44062,21637,2374,2910,2527,7350,9782,5654,927,366,190,126,4039,159186,245934,0.6473,
2,BAJA CALIFORNIA,VOTO EN EL EXTRANJERO,1,MEXICALI,,,35,8,15,1,0,1,1,1,5,1,0,0,1,0,69,100,0.69,
2,BAJA CALIFORNIA,VOTO EN TERRITORIO NACIONAL,1,MEXICALI,177,442,42251,42836,19452,1878,1788,2092,3697,13286,6515,1116,524,211,46,2936,138628,254679,0.5443,
2,BAJA CALIFORNIA,VOTO EN EL EXTRANJERO,2,MEXICALI,,,96,23,42,1,3,2,2,2,5,2,0,0,0,0,178,232,0.7672,
2,BAJA CALIFORNIA,VOTO EN TERRITORIO NACIONAL,2,MEXICALI,220,436,48095,38111,20475,1466,1574,2182,3488,11853,6464,966,482,189,67,2729,138141,233080,0.5927,
2,BAJA CALIFORNIA,VOTO EN EL EXTRANJERO,3,ENSENADA,,,76,30,39,0,6,8,4,5,14,2,0,0,0,1,185,256,0.7227,
2,BAJA CALIFORNIA,VOTO EN TERRITORIO NACIONAL,3,ENSENADA,176,471,33464,42441,32992,1931,4912,2446,3660,11466,8927,2414,611,282,62,2902,148510,263022,0.5646,
2,BAJA CALIFORNIA,VOTO EN EL EXTRANJERO,4,TIJUANA,,,50,28,30,1,5,2,8,6,12,0,0,0,0,1,143,212,0.6745,
2,BAJA CALIFORNIA,VOTO EN TERRITORIO NACIONAL,4,TIJUANA,292,550,39275,40492,31895,2349,7997,3219,5458,12720,11048,2735,659,424,42,2618,160931,313117,0.514,
2,BAJA CALIFORNIA,VOTO EN EL EXTRANJERO,5,TIJUANA,,,154,48,87,3,4,12,4,2,11,1,0,0,0,2,328,428,0.7664,
2,BAJA CALIFORNIA,VOTO EN TERRITORIO NACIONAL,5,TIJUANA,194,469,43575,34137,31290,1911,3677,3449,4023,11140,9149,1845,685,277,84,2243,147485,271425,0.5434,
2,BAJA CALIFORNIA,VOTO EN EL EXTRANJERO,6,TIJUANA,,,137,51,87,3,4,6,7,6,15,3,0,0,2,2,323,435,0.7425,
2,BAJA CALIFORNIA,VOTO EN TERRITORIO NACIONAL,6,TIJUANA,274,538,41168,42777,32183,2349,3388,3843,4588,14603,9843,1864,696,288,69,2834,160493,295543,0.543,SUP-JIN-81.pdf
2,BAJA CALIFORNIA,VOTO EN EL EXTRANJERO,7,MEXICALI,,,67,17,31,2,3,6,0,1,5,0,0,0,0,2,134,200,0.67,
2,BAJA CALIFORNIA,VOTO EN TERRITORIO NACIONAL,7,MEXICALI,195,554,45664,50720,29150,2578,3958,2533,4476,16449,9499,1875,586,280,68,3076,170912,328862,0.5197,
2,BAJA CALIFORNIA,VOTO EN EL EXTRANJERO,8,TIJUANA,,,97,36,43,2,3,6,3,5,8,1,0,0,0,2,206,280,0.7357,
2,BAJA CALIFORNIA,VOTO EN TERRITORIO NACIONAL,8,TIJUANA,263,616,45304,47882,39739,2578,4335,4454,5474,15115,11970,2632,930,383,51,2884,183731,363507,0.5054,
3,BAJA CALIFORNIA SUR,VOTO EN EL EXTRANJERO,1,SANTA ROSALIA,,,18,10,9,0,1,1,1,0,3,0,0,0,0,0,43,63,0.6825,
3,BAJA CALIFORNIA SUR,VOTO EN TERRITORIO NACIONAL,1,SANTA ROSALIA,195,373,35072,38009,14376,1051,2392,2068,2338,11177,6706,1298,361,231,32,2265,117376,185900,0.6314,
3,BAJA CALIFORNIA SUR,VOTO EN EL EXTRANJERO,2,LA PAZ,,,23,10,17,0,3,3,1,0,1,0,0,0,0,0,58,73,0.7945,
3,BAJA CALIFORNIA SUR,VOTO EN TERRITORIO NACIONAL,2,LA PAZ,238,465,39953,40806,19812,1543,2741,2579,2600,12144,8144,1674,502,255,65,2873,135691,244442,0.5551,
4,CAMPECHE,VOTO EN EL EXTRANJERO,1,CAMPECHE,,,5,7,7,1,0,2,0,0,2,0,0,0,0,0,24,45,0.5333,
4,CAMPECHE,VOTO EN TERRITORIO NACIONAL,1,CAMPECHE,255,526,54433,63109,28845,1528,3259,6958,6567,17164,9526,1473,827,601,55,4650,198995,281717,0.7064,
4,CAMPECHE,VOTO EN EL EXTRANJERO,2,CIUDAD DEL CARMEN,,,9,4,8,0,2,1,0,1,2,0,0,0,0,0,27,51,0.5294,
4,CAMPECHE,VOTO EN TERRITORIO NACIONAL,2,CIUDAD DEL CARMEN,233,504,53434,50082,29304,1343,4291,4263,3140,15971,9494,2274,701,528,31,5386,180242,282095,0.6389,
5,COAHUILA,VOTO EN EL EXTRANJERO,1,PIEDRAS NEGRAS,,,43,16,21,1,1,0,4,4,2,0,0,0,0,0,92,140,0.6571,
5,COAHUILA,VOTO EN TERRITORIO NACIONAL,1,PIEDRAS NEGRAS,198,474,56385,52446,15048,1874,2457,1654,3205,9860,4176,872,252,185,39,2831,151284,274928,0.5503,
5,COAHUILA,VOTO EN EL EXTRANJERO,2,SAN PEDRO,,,16,20,10,0,0,1,1,2,1,0,0,0,1,0,52,84,0.619,
5,COAHUILA,VOTO EN TERRITORIO NACIONAL,2,SAN PEDRO,300,536,61794,63428,20686,2176,3418,1987,3592,9771,5443,1273,346,198,48,3258,177418,281517,0.6302,SUP-JIN-356.pdf
5,COAHUILA,VOTO EN EL EXTRANJERO,3,MONCLOVA,,,69,19,26,1,2,2,2,0,6,0,0,0,0,1,128,186,0.6882,
5,COAHUILA,VOTO EN TERRITORIO NACIONAL,3,MONCLOVA,292,561,73025,56566,19737,1623,3130,1654,3124,9730,5668,1046,281,158,37,3175,178954,298290,0.5999,
5,COAHUILA,VOTO EN EL EXTRANJERO,4,SALTILLO,,,33,2,18,0,1,1,2,1,0,0,0,0,0,0,58,77,0.7532,
5,COAHUILA,VOTO EN TERRITORIO NACIONAL,4,SALTILLO,208,448,51293,54543,17755,1876,3004,1490,4996,12171,5130,1064,307,212,60,3067,156968,257370,0.6099,
5,COAHUILA,VOTO EN EL EXTRANJERO,5,TORREÓN,,,56,11,24,0,8,2,3,0,2,0,0,0,0,0,106,131,0.8092,
5,COAHUILA,VOTO EN TERRITORIO NACIONAL,5,TORREÓN,298,509,56410,59597,23162,2770,3660,1794,3902,11560,6539,1287,335,209,53,3590,174868,271731,0.6435,
5,COAHUILA,VOTO EN EL EXTRANJERO,6,TORREÓN,,,92,15,56,0,1,5,3,0,5,0,0,1,1,1,180,220,0.8182,
5,COAHUILA,VOTO EN TERRITORIO NACIONAL,6,TORREÓN,187,482,70017,48451,33595,1541,4187,2357,4864,10237,9035,1566,453,248,84,3028,189663,288752,0.6568,
5,COAHUILA,VOTO EN EL EXTRANJERO,7,SALTILLO,,,95,17,44,0,3,9,7,1,4,0,0,0,0,1,181,211,0.8578,
5,COAHUILA,VOTO EN TERRITORIO NACIONAL,7,SALTILLO,171,402,59670,44285,16664,1409,2624,1328,4128,8751,4584,883,241,180,59,2660,147466,229236,0.6433,
6,COLIMA,VOTO EN EL EXTRANJERO,1,COLIMA,,,67,33,55,0,4,7,1,3,8,1,0,1,0,1,181,243,0.7449,
6,COLIMA,VOTO EN TERRITORIO NACIONAL,1,COLIMA,213,475,55211,55223,23968,1545,5282,2327,2963,10263,6861,1305,391,263,67,3050,168719,251744,0.6702,
6,COLIMA,VOTO EN EL EXTRANJERO,2,MANZANILLO,,,59,13,25,0,0,4,2,6,3,0,0,0,1,1,114,162,0.7037,
6,COLIMA,VOTO EN TERRITORIO NACIONAL,2,MANZANILLO,158,390,45746,46504,17731,1982,2625,1509,1889,8104,4266,951,290,132,41,3107,134877,220151,0.6127,
7,CHIAPAS,VOTO EN EL EXTRANJERO,1,PALENQUE,,,0,1,0,0,0,0,0,0,0,0,1,0,0,0,2,9,0.2222,
7,CHIAPAS,VOTO EN TERRITORIO NACIONAL,1,PALENQUE,160,496,23590,44015,41894,43837,8861,2400,1486,7451,10726,5166,503,261,19,9622,199831,275943,0.7242,
7,CHIAPAS,VOTO EN EL EXTRANJERO,2,BOCHIL,,,0,4,0,0,0,0,0,0,0,0,0,0,0,0,4,14,0.2857,
7,CHIAPAS,VOTO EN TERRITORIO NACIONAL,2,BOCHIL,142,422,18135,55185,36094,24818,5934,999,3660,4440,3532,2641,180,73,27,6590,162308,217101,0.7476,
7,CHIAPAS,VOTO EN EL EXTRANJERO,3,OCOSINGO,,,1,0,1,0,0,0,0,1,0,0,0,0,0,0,3,21,0.1429,
7,CHIAPAS,VOTO EN TERRITORIO NACIONAL,3,OCOSINGO,143,537,23585,39525,31554,40087,3896,1722,10377,5470,5252,2083,267,109,40,8865,172832,249269,0.6934,
7,CHIAPAS,VOTO EN EL EXTRANJERO,4,OCOZOCOAUTLA DE ESPINOSA,,,2,1,4,0,0,1,0,0,0,0,0,0,0,0,8,21,0.381,
7,CHIAPAS,VOTO EN TERRITORIO NACIONAL,4,OCOZOCOAUTLA DE ESPINOSA,182,460,29436,41473,30948,28368,4688,2342,5285,11024,7619,2571,416,196,20,7169,171555,241695,0.7098,
7,CHIAPAS,VOTO EN EL EXTRANJERO,5,SAN CRISTÓBAL DE LAS CASAS,,,5,6,8,0,0,1,0,1,4,0,0,0,0,0,25,67,0.3731,
7,CHIAPAS,VOTO EN TERRITORIO NACIONAL,5,SAN CRISTÓBAL DE LAS CASAS,152,452,15515,54178,37190,23684,3688,2163,2447,10841,8761,2331,516,217,49,7859,169439,243777,0.6951,
7,CHIAPAS,VOTO EN EL EXTRANJERO,6,TUXTLA GUTIÉRREZ,,,9,5,6,0,0,2,0,1,1,0,0,0,0,0,24,33,0.7273,
7,CHIAPAS,VOTO EN TERRITORIO NACIONAL,6,TUXTLA GUTIÉRREZ,144,466,31242,37650,37906,24269,5077,2689,3219,13974,10763,3123,568,238,17,7473,178208,274696,0.6487,
7,CHIAPAS,VOTO EN EL EXTRANJERO,7,TONALÁ,,,13,8,6,1,0,2,0,0,1,0,0,0,0,1,32,89,0.3596,
7,CHIAPAS,VOTO EN TERRITORIO NACIONAL,7,TONALÁ,165,395,31624,31348,23810,17391,5399,1739,4472,9460,6020,2735,340,189,37,6050,140614,220074,0.6389,
7,CHIAPAS,VOTO EN EL EXTRANJERO,8,COMITÁN DE DOMÍNGUEZ,,,3,8,6,0,0,2,2,1,3,0,0,0,0,0,25,71,0.3521,
7,CHIAPAS,VOTO EN TERRITORIO NACIONAL,8,COMITÁN DE DOMÍNGUEZ,178,456,19946,36136,30030,48890,6813,2347,5050,10258,7582,3411,422,218,28,9224,180355,260402,0.6926,
7,CHIAPAS,VOTO EN EL EXTRANJERO,9,TUXTLA GUTIÉRREZ,,,12,1,17,0,2,3,0,1,2,0,0,0,0,0,38,61,0.623,
7,CHIAPAS,VOTO EN TERRITORIO NACIONAL,9,TUXTLA GUTIÉRREZ,170,479,24564,25112,44601,14155,5019,3478,3368,19903,18151,3528,934,393,85,5708,168999,290398,0.582,
7,CHIAPAS,VOTO EN EL EXTRANJERO,10,VILLAFLORES,,,5,2,4,0,0,2,0,1,0,0,0,0,0,0,14,44,0.3182,
7,CHIAPAS,VOTO EN TERRITORIO NACIONAL,10,VILLAFLORES,175,434,34003,34276,27729,29813,3735,1959,4404,9263,6414,2298,384,168,12,7658,162116,243908,0.6647,
7,CHIAPAS,VOTO EN EL EXTRANJERO,11,HUIXTLA,,,9,13,5,0,0,0,1,2,2,0,0,0,0,1,33,93,0.3548,
7,CHIAPAS,VOTO EN TERRITORIO NACIONAL,11,HUIXTLA,197,469,30001,43038,33504,24399,6635,1644,1559,11714,6590,4219,386,169,22,7656,171536,256380,0.6691,
7,CHIAPAS,VOTO EN EL EXTRANJERO,12,TAPACHULA,,,16,7,8,0,1,2,1,3,1,0,0,0,0,0,39,78,0.5,
7,CHIAPAS,VOTO EN TERRITORIO NACIONAL,12,TAPACHULA,198,434,43950,35321,24534,8375,3890,2072,2612,14293,9386,2203,515,238,25,5849,153263,242960,0.6308,
8,CHIHUAHUA,VOTO EN EL EXTRANJERO,1,JUÁREZ,,,28,24,16,0,3,4,1,2,4,1,0,0,0,0,83,130,0.6385,
8,CHIHUAHUA,VOTO EN TERRITORIO NACIONAL,1,JUÁREZ,386,718,32365,57644,30577,4194,4962,2874,6947,17609,12065,1968,594,333,83,3715,175930,378713,0.4645,SUP-JIN-318 SUP-JIN-323.pdf
8,CHIHUAHUA,VOTO EN EL EXTRANJERO,2,JUÁREZ,,,21,20,11,1,0,2,3,0,7,2,0,0,0,1,68,135,0.5037,
8,CHIHUAHUA,VOTO EN TERRITORIO NACIONAL,2,JUÁREZ,251,363,17697,30366,13278,2230,2470,1375,3128,8124,4766,1097,334,198,25,2924,88012,195331,0.4506,
8,CHIHUAHUA,VOTO EN EL EXTRANJERO,3,JUÁREZ,,,161,49,105,1,4,20,10,2,14,1,0,1,1,6,375,455,0.8242,
8,CHIHUAHUA,VOTO EN TERRITORIO NACIONAL,3,JUÁREZ,308,488,36663,35501,25878,1943,3218,2564,5365,9115,8216,1242,484,217,111,2462,132979,245622,0.5414,
8,CHIHUAHUA,VOTO EN EL EXTRANJERO,4,JUÁREZ,,,46,15,22,1,3,3,0,7,6,0,0,0,0,2,105,147,0.7143,
8,CHIHUAHUA,VOTO EN TERRITORIO NACIONAL,4,JUÁREZ,240,394,20378,31112,16830,2201,3445,1744,4240,9555,6858,1395,336,223,69,2848,101234,210874,0.4801,
8,CHIHUAHUA,VOTO EN EL EXTRANJERO,5,DELICIAS,,,58,25,24,0,3,0,2,4,7,0,0,0,0,0,123,185,0.6649,
8,CHIHUAHUA,VOTO EN TERRITORIO NACIONAL,5,DELICIAS,382,604,47821,70015,19868,2221,3009,1697,5680,13588,4963,1197,351,204,50,3554,174218,305646,0.57,
8,CHIHUAHUA,VOTO EN EL EXTRANJERO,6,CHIHUAHUA,,,205,42,67,3,6,10,8,2,9,0,1,1,0,6,360,448,0.8036,
8,CHIHUAHUA,VOTO EN TERRITORIO NACIONAL,6,CHIHUAHUA,303,524,61299,57585,22653,2169,2517,1949,6513,11469,5070,923,435,204,114,3775,176675,282015,0.6265,
8,CHIHUAHUA,VOTO EN EL EXTRANJERO,7,CUAUHTÉMOC,,,57,25,35,0,3,3,5,7,3,0,0,0,0,0,138,251,0.5498,
8,CHIHUAHUA,VOTO EN TERRITORIO NACIONAL,7,CUAUHTÉMOC,501,690,30507,63339,21615,2868,3597,2141,4559,14389,5962,1532,566,253,71,4041,155440,297284,0.5229,
8,CHIHUAHUA,VOTO EN EL EXTRANJERO,8,CHIHUAHUA,,,68,16,16,0,1,3,4,5,6,0,0,0,0,1,120,178,0.6742,
8,CHIHUAHUA,VOTO EN TERRITORIO NACIONAL,8,CHIHUAHUA,265,579,48223,61622,21854,2875,3685,2078,7831,14683,6153,1174,400,195,132,4397,175302,317924,0.5514,
8,CHIHUAHUA,VOTO EN EL EXTRANJERO,9,HIDALGO DEL PARRAL,,,26,14,6,0,0,1,2,5,2,0,0,0,0,2,58,95,0.6105,
8,CHIHUAHUA,VOTO EN TERRITORIO NACIONAL,9,HIDALGO DEL PARRAL,434,614,32425,78591,9742,2035,1847,810,3921,11325,2111,535,165,97,92,6455,150151,267232,0.5619,
9,DISTRITO FEDERAL,VOTO EN EL EXTRANJERO,1,GUSTAVO A. MADERO,,,20,13,45,1,4,4,2,0,9,0,0,0,0,3,101,159,0.6352,
9,DISTRITO FEDERAL,VOTO EN TERRITORIO NACIONAL,1,GUSTAVO A. MADERO,159,382,15785,22433,50006,1356,5101,2792,2739,9402,23581,4432,951,517,61,2817,141973,233289,0.6086,
9,DISTRITO FEDERAL,VOTO EN EL EXTRANJERO,2,GUSTAVO A. MADERO,,,108,24,144,3,11,14,5,5,2,0,1,2,0,5,324,385,0.8416,
9,DISTRITO FEDERAL,VOTO EN TERRITORIO NACIONAL,2,GUSTAVO A. MADERO,260,492,41244,34858,51517,1370,6238,3602,3343,11889,19631,3116,855,485,165,3430,181743,258937,0.7019,
9,DISTRITO FEDERAL,VOTO EN EL EXTRANJERO,3,AZCAPOTZALCO,,,56,8,72,1,4,6,5,0,0,0,0,1,1,1,155,180,0.8611,
9,DISTRITO FEDERAL,VOTO EN TERRITORIO NACIONAL,3,AZCAPOTZALCO,241,485,34501,35729,58003,1417,5601,3972,3514,13048,24773,3627,1160,573,165,3383,189466,274027,0.6914,
9,DISTRITO FEDERAL,VOTO EN EL EXTRANJERO,4,IZTAPALAPA,,,30,12,60,1,6,5,3,1,4,1,0,0,0,0,123,169,0.7278,
9,DISTRITO FEDERAL,VOTO EN TERRITORIO NACIONAL,4,IZTAPALAPA,189,423,23222,26876,53659,1361,8267,3893,3004,10419,26965,4674,959,688,109,3014,167110,248506,0.6725,
9,DISTRITO FEDERAL,VOTO EN EL EXTRANJERO,5,TLALPAN,,,283,58,275,4,22,34,15,1,18,1,2,1,2,14,730,830,0.8795,
9,DISTRITO FEDERAL,VOTO EN TERRITORIO NACIONAL,5,TLALPAN,213,416,40483,30916,50116,1110,6704,3324,2697,8702,17855,3068,820,510,165,2911,169381,237582,0.7129,
9,DISTRITO FEDERAL,VOTO EN EL EXTRANJERO,6,GUSTAVO A. MADERO,,,33,9,57,0,5,5,5,9,67,0,0,0,0,0,190,148,1.2838,
9,DISTRITO FEDERAL,VOTO EN TERRITORIO NACIONAL,6,GUSTAVO A. MADERO,217,453,21950,31469,55635,1456,5392,3593,3342,12482,25138,3719,1153,467,110,3113,169019,256786,0.6582,
9,DISTRITO FEDERAL,VOTO EN EL EXTRANJERO,7,GUSTAVO A. MADERO,,,50,12,82,0,4,3,2,0,5,0,1,0,0,0,159,201,0.791,
9,DISTRITO FEDERAL,VOTO EN TERRITORIO NACIONAL,7,GUSTAVO A. MADERO,222,466,28030,37619,58752,1720,6180,3904,3601,14925,25382,3696,1095,582,174,3388,189048,269609,0.7012,
9,DISTRITO FEDERAL,VOTO EN EL EXTRANJERO,8,CUAUHTÉMOC,,,79,34,118,2,10,17,5,1,7,2,0,0,1,3,279,322,0.8665,
9,DISTRITO FEDERAL,VOTO EN TERRITORIO NACIONAL,8,CUAUHTÉMOC,251,508,35382,38935,56639,1535,6507,4288,3652,14340,23587,3401,1075,587,160,3555,193643,281651,0.6875,
9,DISTRITO FEDERAL,VOTO EN EL EXTRANJERO,9,VENUSTIANO CARRANZA,,,61,8,48,0,8,5,3,0,3,0,0,0,0,0,136,174,0.7816,
9,DISTRITO FEDERAL,VOTO EN TERRITORIO NACIONAL,9,VENUSTIANO CARRANZA,217,446,25968,36222,50284,1494,4591,3621,3448,14996,22858,3194,1022,496,117,3247,171558,257852,0.6653,
9,DISTRITO FEDERAL,VOTO EN EL EXTRANJERO,10,MIGUEL HIDALGO,,,326,65,217,5,22,23,12,4,12,0,0,1,2,9,698,801,0.8714,
9,DISTRITO FEDERAL,VOTO EN TERRITORIO NACIONAL,10,MIGUEL HIDALGO,264,544,56721,45773,53895,1606,5308,3617,3417,13429,19701,3141,859,432,196,3853,211948,306775,0.6909,
9,DISTRITO FEDERAL,VOTO EN EL EXTRANJERO,11,VENUSTIANO CARRANZA,,,49,9,81,1,4,10,6,2,6,3,0,0,0,1,172,210,0.819,
9,DISTRITO FEDERAL,VOTO EN TERRITORIO NACIONAL,11,VENUSTIANO CARRANZA,208,425,24481,30477,51149,1314,5215,3491,3209,11707,21807,3451,997,518,139,3014,160969,240166,0.6702,
9,DISTRITO FEDERAL,VOTO EN EL EXTRANJERO,12,CUAUHTÉMOC,,,111,34,190,1,18,17,10,1,6,1,0,1,0,11,401,473,0.8478,
9,DISTRITO FEDERAL,VOTO EN TERRITORIO NACIONAL,12,CUAUHTÉMOC,244,494,32208,36444,51215,1557,6153,4033,3222,14725,21581,3178,996,539,211,3470,179532,277665,0.6466,
9,DISTRITO FEDERAL,VOTO EN EL EXTRANJERO,13,IZTACALCO,,,49,12,73,0,6,12,0,0,7,0,0,1,0,0,160,204,0.7843,
9,DISTRITO FEDERAL,VOTO EN TERRITORIO NACIONAL,13,IZTACALCO,210,418,24894,30315,51493,1258,5421,3261,3147,11704,21439,3677,922,473,208,2994,161206,235995,0.6831,
9,DISTRITO FEDERAL,VOTO EN EL EXTRANJERO,14,TLALPAN,,,47,13,93,1,7,5,2,1,4,2,1,1,1,0,178,215,0.8279,
9,DISTRITO FEDERAL,VOTO EN TERRITORIO NACIONAL,14,TLALPAN,142,428,20729,26129,58758,1543,6531,3415,2822,11175,28695,5096,1094,547,83,3251,169868,263828,0.6439,
9,DISTRITO FEDERAL,VOTO EN EL EXTRANJERO,15,BENITO JUÁREZ,,,471,102,380,1,39,34,32,2,19,3,3,3,4,14,1107,1264,0.8758,
9,DISTRITO FEDERAL,VOTO EN TERRITORIO NACIONAL,15,BENITO JUÁREZ,254,577,77279,47640,60588,1520,9034,4672,3594,12756,17073,2800,862,558,333,4503,243212,338593,0.7183,
9,DISTRITO FEDERAL,VOTO EN EL EXTRANJERO,16,ÁLVARO OBREGÓN,,,39,22,77,0,5,6,3,0,3,0,0,0,0,3,158,200,0.79,
9,DISTRITO FEDERAL,VOTO EN TERRITORIO NACIONAL,16,ÁLVARO OBREGÓN,219,492,34631,32807,60692,1700,5954,3671,3730,12770,26903,4565,1152,511,154,4022,193262,285116,0.6778,SUP-JIN-61.pdf
9,DISTRITO FEDERAL,VOTO EN EL EXTRANJERO,17,CUAJIMALPA DE MORELOS,,,217,63,123,0,6,11,8,3,6,0,3,0,3,10,453,533,0.8499,
9,DISTRITO FEDERAL,VOTO EN TERRITORIO NACIONAL,17,CUAJIMALPA DE MORELOS,189,522,44720,41176,59223,2360,5737,3128,4031,15012,24380,4576,981,490,148,4167,210129,317225,0.6624,
9,DISTRITO FEDERAL,VOTO EN EL EXTRANJERO,18,IZTAPALAPA,,,24,9,46,0,4,6,1,1,10,0,0,0,0,1,102,142,0.7183,
9,DISTRITO FEDERAL,VOTO EN TERRITORIO NACIONAL,18,IZTAPALAPA,185,424,19893,29548,50104,1506,5625,3530,3145,12344,24268,3781,938,462,103,2895,158142,247049,0.6401,
9,DISTRITO FEDERAL,VOTO EN EL EXTRANJERO,19,IZTAPALAPA,,,16,4,17,0,2,3,0,0,3,0,0,0,0,0,45,83,0.5422,
9,DISTRITO FEDERAL,VOTO EN TERRITORIO NACIONAL,19,IZTAPALAPA,164,405,16203,25051,52368,1437,5808,3392,2832,10857,28556,4824,1065,540,73,3052,156058,248422,0.6282,
9,DISTRITO FEDERAL,VOTO EN EL EXTRANJERO,20,IZTAPALAPA,,,73,17,94,1,9,10,1,1,5,0,0,1,0,0,212,252,0.8413,
9,DISTRITO FEDERAL,VOTO EN TERRITORIO NACIONAL,20,IZTAPALAPA,234,482,30355,33935,55389,1551,8869,4137,3626,12532,26305,4357,978,682,159,3292,186167,267360,0.6963,
9,DISTRITO FEDERAL,VOTO EN EL EXTRANJERO,21,MILPA ALTA,,,26,5,48,0,2,5,1,0,2,0,1,0,1,1,92,115,0.8,
9,DISTRITO FEDERAL,VOTO EN TERRITORIO NACIONAL,21,MILPA ALTA,130,417,17978,30448,56345,1562,6413,3225,2846,11926,25827,5013,1012,565,75,2844,166079,258463,0.6426,
9,DISTRITO FEDERAL,VOTO EN EL EXTRANJERO,22,IZTAPALAPA,,,19,6,41,0,1,5,1,0,0,1,0,0,0,0,74,121,0.6116,
9,DISTRITO FEDERAL,VOTO EN TERRITORIO NACIONAL,22,IZTAPALAPA,152,419,13550,23341,51419,1469,6338,3368,2789,10807,29329,5652,1177,664,69,3297,153269,261125,0.587,
9,DISTRITO FEDERAL,VOTO EN EL EXTRANJERO,23,COYOACÁN,,,150,46,206,1,19,34,6,0,11,0,1,0,3,3,480,567,0.8466,
9,DISTRITO FEDERAL,VOTO EN TERRITORIO NACIONAL,23,COYOACÁN,201,470,32095,29738,70525,1239,7631,4506,2927,9473,27041,4703,1198,626,144,3661,195507,280728,0.6964,
9,DISTRITO FEDERAL,VOTO EN EL EXTRANJERO,24,COYOACÁN,,,196,61,280,2,27,28,14,1,16,1,0,0,2,11,639,739,0.8647,
9,DISTRITO FEDERAL,VOTO EN TERRITORIO NACIONAL,24,COYOACÁN,202,458,46544,37007,56490,1215,7097,3764,3119,10727,18811,3020,762,498,209,3472,192735,265448,0.7261,
9,DISTRITO FEDERAL,VOTO EN EL EXTRANJERO,25,IZTAPALAPA,,,35,13,73,0,8,7,2,1,4,0,0,0,0,0,143,175,0.8171,
9,DISTRITO FEDERAL,VOTO EN TERRITORIO NACIONAL,25,IZTAPALAPA,166,431,21194,26681,58302,1585,6980,3715,2937,10857,27894,5084,1108,653,97,3002,170089,262792,0.6472,
9,DISTRITO FEDERAL,VOTO EN EL EXTRANJERO,26,MAGDALENA CONTRERAS,,,305,104,255,3,19,26,17,1,7,2,1,1,2,18,761,879,0.8658,
9,DISTRITO FEDERAL,VOTO EN TERRITORIO NACIONAL,26,MAGDALENA CONTRERAS,259,528,45532,39444,57931,1528,7533,3613,3325,11951,23166,4512,973,584,201,3954,204247,292003,0.6995,SUP-JIN-69.pdf
9,DISTRITO FEDERAL,VOTO EN EL EXTRANJERO,27,TLÁHUAC,,,16,12,31,0,2,0,2,0,4,0,1,0,0,1,69,103,0.6699,
9,DISTRITO FEDERAL,VOTO EN TERRITORIO NACIONAL,27,TLÁHUAC,133,403,15649,29291,55816,1670,5657,3354,3111,11635,24368,4457,1083,523,90,2724,159428,249751,0.6383,
10,DURANGO,VOTO EN EL EXTRANJERO,1,VICTORIA DE DURANGO,,,42,21,14,0,2,2,0,2,1,0,0,0,0,0,84,190,0.4421,
10,DURANGO,VOTO EN TERRITORIO NACIONAL,1,VICTORIA DE DURANGO,409,636,38320,66092,7759,1529,9870,863,2829,12755,3988,1341,143,262,42,3473,149266,263307,0.5669,
10,DURANGO,VOTO EN EL EXTRANJERO,2,GÓMEZ PALACIO,,,40,9,27,0,1,6,4,1,2,0,0,1,0,0,91,134,0.6791,
10,DURANGO,VOTO EN TERRITORIO NACIONAL,2,GÓMEZ PALACIO,255,561,54644,63338,24587,1873,4014,1885,4256,16522,8954,1669,384,219,67,3236,185648,316333,0.5869,
10,DURANGO,VOTO EN EL EXTRANJERO,3,GUADALUPE VICTORIA,,,63,37,20,1,2,3,1,9,3,2,2,0,0,3,146,247,0.5911,
10,DURANGO,VOTO EN TERRITORIO NACIONAL,3,GUADALUPE VICTORIA,489,671,44729,72576,11401,1766,7725,1125,2971,15132,4449,1616,244,297,23,3368,167422,269424,0.6214,
10,DURANGO,VOTO EN EL EXTRANJERO,4,VICTORIA DE DURANGO,,,105,29,43,0,6,4,4,4,3,3,0,0,0,0,201,290,0.6931,
10,DURANGO,VOTO EN TERRITORIO NACIONAL,4,VICTORIA DE DURANGO,241,520,56109,53673,20489,1831,13188,2382,5342,13161,9344,2393,347,527,50,3014,181850,296066,0.6142,
11,GUANAJUATO,VOTO EN EL EXTRANJERO,1,SAN LUIS DE LA PAZ,,,43,30,12,0,1,0,1,1,4,0,0,0,0,0,92,205,0.4488,
11,GUANAJUATO,VOTO EN TERRITORIO NACIONAL,1,SAN LUIS DE LA PAZ,213,408,49357,45444,10620,4673,1700,774,4098,7556,1556,479,106,52,44,5350,131809,219134,0.6015,
11,GUANAJUATO,VOTO EN EL EXTRANJERO,2,SAN MIGUEL DE ALLENDE,,,54,12,18,0,0,2,0,1,3,0,0,0,1,0,91,183,0.4973,
11,GUANAJUATO,VOTO EN TERRITORIO NACIONAL,2,SAN MIGUEL DE ALLENDE,208,431,56972,43898,13513,3300,1757,1642,4842,7410,1957,493,156,78,30,5643,141691,236840,0.5983,SUP-JIN-268 SUP-JIN-269.pdf
11,GUANAJUATO,VOTO EN EL EXTRANJERO,3,LEÓN,,,60,10,12,1,3,1,2,0,3,0,0,0,0,0,92,124,0.7419,
11,GUANAJUATO,VOTO EN TERRITORIO NACIONAL,3,LEÓN,191,527,88492,58630,12006,3529,1396,922,4642,17661,2316,431,139,59,83,4599,194905,325461,0.5989,
11,GUANAJUATO,VOTO EN EL EXTRANJERO,4,GUANAJUATO,,,69,15,36,0,4,1,3,3,3,0,0,0,1,2,137,225,0.6089,
11,GUANAJUATO,VOTO EN TERRITORIO NACIONAL,4,GUANAJUATO,211,510,63752,59001,15919,3218,2180,1421,5059,11559,2926,631,181,96,133,5582,171658,295684,0.5805,
11,GUANAJUATO,VOTO EN EL EXTRANJERO,5,LEÓN,,,97,12,35,0,2,2,5,1,5,0,0,0,1,4,164,229,0.7162,
11,GUANAJUATO,VOTO EN TERRITORIO NACIONAL,5,LEÓN,228,534,92799,56745,11588,3525,1281,851,4514,16228,2066,358,139,68,76,4322,194560,311504,0.6246,
11,GUANAJUATO,VOTO EN EL EXTRANJERO,6,LEÓN,,,85,10,32,0,1,3,4,1,2,0,0,0,0,2,140,180,0.7778,
11,GUANAJUATO,VOTO EN TERRITORIO NACIONAL,6,LEÓN,203,512,84660,58650,11515,3660,1429,963,4638,18015,2404,434,126,68,96,4492,191150,314522,0.6077,
11,GUANAJUATO,VOTO EN EL EXTRANJERO,7,SAN FRANCISCO DEL RINCÓN,,,77,21,12,0,1,1,1,0,2,1,0,0,0,2,118,211,0.5592,
11,GUANAJUATO,VOTO EN TERRITORIO NACIONAL,7,SAN FRANCISCO DEL RINCÓN,212,492,67005,58879,12219,3836,974,747,3091,12788,2032,513,172,40,36,4522,166854,282365,0.5909,
11,GUANAJUATO,VOTO EN EL EXTRANJERO,8,SALAMANCA,,,74,20,26,0,1,1,0,1,1,0,0,0,0,2,126,192,0.6563,
11,GUANAJUATO,VOTO EN TERRITORIO NACIONAL,8,SALAMANCA,226,514,77877,54248,17291,4377,2535,1716,6969,10058,3944,636,231,109,57,5400,185448,296078,0.6263,
11,GUANAJUATO,VOTO EN EL EXTRANJERO,9,IRAPUATO,,,83,21,19,0,2,2,5,0,3,1,0,1,1,3,141,203,0.6946,
11,GUANAJUATO,VOTO EN TERRITORIO NACIONAL,9,IRAPUATO,202,483,66752,58993,12672,1930,1436,1207,4069,13007,3014,523,180,90,65,4210,168148,281300,0.5978,
11,GUANAJUATO,VOTO EN EL EXTRANJERO,10,URIANGATO,,,168,64,67,10,0,3,13,9,4,0,0,0,0,2,340,588,0.5782,
11,GUANAJUATO,VOTO EN TERRITORIO NACIONAL,10,URIANGATO,246,477,61400,41454,16245,7385,2372,1115,4572,6803,2895,652,169,86,42,4886,150076,263346,0.5699,SUP-JIN-60.pdf
11,GUANAJUATO,VOTO EN EL EXTRANJERO,11,PÉNJAMO,,,65,28,28,2,7,4,4,2,3,0,0,0,0,1,144,266,0.5414,
11,GUANAJUATO,VOTO EN TERRITORIO NACIONAL,11,PÉNJAMO,241,454,50717,54876,12675,3505,2110,715,2588,10326,2175,740,127,52,17,5090,145713,245844,0.5927,
11,GUANAJUATO,VOTO EN EL EXTRANJERO,12,CELAYA,,,74,19,28,0,4,4,2,1,2,0,0,0,1,3,138,205,0.6732,
11,GUANAJUATO,VOTO EN TERRITORIO NACIONAL,12,CELAYA,188,459,71809,45851,16273,2869,1871,1755,4950,11994,3856,528,236,100,66,4627,166785,271471,0.6144,
11,GUANAJUATO,VOTO EN EL EXTRANJERO,13,VALLE DE SANTIAGO,,,98,31,26,2,3,2,4,2,0,0,0,0,0,0,168,289,0.5813,
11,GUANAJUATO,VOTO EN TERRITORIO NACIONAL,13,VALLE DE SANTIAGO,198,467,61302,35573,22636,5827,1828,1295,5562,8190,3508,874,313,118,33,4652,151711,257487,0.5892,
11,GUANAJUATO,VOTO EN EL EXTRANJERO,14,ACÁMBARO,,,120,55,43,1,1,1,5,3,4,1,0,0,0,4,238,445,0.5348,
11,GUANAJUATO,VOTO EN TERRITORIO NACIONAL,14,ACÁMBARO,256,479,50097,40697,18849,4525,1626,4239,3277,8413,3099,857,313,107,23,5269,141391,259202,0.5455,
12,GUERRERO,VOTO EN EL EXTRANJERO,1,CD. ALTAMIRANO,,,31,41,60,1,2,3,0,6,6,1,4,0,0,1,156,310,0.5032,
12,GUERRERO,VOTO EN TERRITORIO NACIONAL,1,CD. ALTAMIRANO,419,576,9732,56231,54237,3396,1620,5070,875,7522,4423,2145,543,133,13,3535,149475,237977,0.6281,
12,GUERRERO,VOTO EN EL EXTRANJERO,2,IGUALA,,,62,30,62,0,2,2,2,7,7,0,2,0,0,0,176,340,0.5176,
12,GUERRERO,VOTO EN TERRITORIO NACIONAL,2,IGUALA,409,613,20786,51572,48781,4222,3293,1650,3442,10623,9727,2823,737,159,17,4451,162283,272732,0.595,
12,GUERRERO,VOTO EN EL EXTRANJERO,3,ZIHUATANEJO,,,16,10,54,1,1,0,0,3,8,0,0,0,0,0,93,168,0.5536,
12,GUERRERO,VOTO EN TERRITORIO NACIONAL,3,ZIHUATANEJO,344,554,10180,50145,54601,1481,2246,3390,2520,9986,10004,3381,952,229,10,4443,153568,251223,0.6113,
12,GUERRERO,VOTO EN EL EXTRANJERO,4,ACAPULCO,,,43,14,58,0,1,0,1,4,10,0,0,0,0,1,132,228,0.5789,
12,GUERRERO,VOTO EN TERRITORIO NACIONAL,4,ACAPULCO,221,510,19370,33608,42318,2903,2597,7872,2729,13916,17734,2560,1872,368,26,3341,151214,295000,0.5126,
12,GUERRERO,VOTO EN EL EXTRANJERO,5,TLAPA,,,11,13,30,0,2,3,1,0,2,0,0,0,0,2,64,182,0.3516,
12,GUERRERO,VOTO EN TERRITORIO NACIONAL,5,TLAPA,306,531,16651,47331,57432,1583,14286,8393,1685,3867,4745,3288,698,299,35,6725,167018,243272,0.6865,SUP-JIN-152.pdf
12,GUERRERO,VOTO EN EL EXTRANJERO,6,CHILAPA,,,21,18,31,2,2,1,3,5,3,0,0,0,0,0,86,242,0.3554,
12,GUERRERO,VOTO EN TERRITORIO NACIONAL,6,CHILAPA,329,535,16909,56801,46861,4236,7334,8765,2635,7880,5658,2399,1032,234,29,6091,166864,259101,0.644,
12,GUERRERO,VOTO EN EL EXTRANJERO,7,CHILPANCINGO,,,21,22,25,0,1,1,0,0,5,1,0,1,0,0,77,158,0.4873,
12,GUERRERO,VOTO EN TERRITORIO NACIONAL,7,CHILPANCINGO,253,506,15727,47503,50463,4121,2804,6384,2639,11634,12328,2590,1185,326,33,4292,162029,271675,0.5964,SUP-JIN-32.pdf
12,GUERRERO,VOTO EN EL EXTRANJERO,8,AYUTLA DE LOS LIBRES,,,14,9,30,0,0,1,0,1,4,1,0,0,0,0,60,164,0.3659,
12,GUERRERO,VOTO EN TERRITORIO NACIONAL,8,AYUTLA DE LOS LIBRES,318,497,25875,35880,51159,7942,5442,1611,1305,5455,7151,3630,579,133,36,8128,154326,229278,0.6731,
12,GUERRERO,VOTO EN EL EXTRANJERO,9,ACAPULCO,,,33,18,58,0,3,0,1,1,10,0,0,0,0,1,125,220,0.5682,
12,GUERRERO,VOTO EN TERRITORIO NACIONAL,9,ACAPULCO,161,468,18145,34260,38973,2452,2405,5978,2325,13315,15235,2791,1673,327,22,4005,141906,282887,0.5016,SUP-JIN-242.pdf
13,HIDALGO,VOTO EN EL EXTRANJERO,1,HUEJUTLA DE REYES,,,5,3,4,0,0,0,0,0,0,0,0,0,0,0,12,33,0.3636,
13,HIDALGO,VOTO EN TERRITORIO NACIONAL,1,HUEJUTLA DE REYES,268,471,29977,67360,39474,1639,3316,1658,5964,6725,5069,1821,347,105,35,7578,171068,241402,0.7086,
13,HIDALGO,VOTO EN EL EXTRANJERO,2,IXMIQUILPAN,,,54,39,52,1,2,0,4,6,11,2,2,0,0,3,176,390,0.4513,
13,HIDALGO,VOTO EN TERRITORIO NACIONAL,2,IXMIQUILPAN,376,559,25711,59556,38647,2836,5001,1804,5499,9192,8484,2831,532,170,50,4501,164814,260374,0.633,
13,HIDALGO,VOTO EN EL EXTRANJERO,3,ACTOPAN,,,24,15,28,1,1,5,5,6,5,1,0,0,0,1,92,166,0.5542,
13,HIDALGO,VOTO EN TERRITORIO NACIONAL,3,ACTOPAN,295,518,23743,63872,39993,2026,6335,2183,9182,12381,11101,2912,521,254,35,3872,178410,276017,0.6464,
13,HIDALGO,VOTO EN EL EXTRANJERO,4,TULANCINGO DE BRAVO,,,26,18,26,0,1,1,2,0,2,0,0,0,0,0,76,152,0.5,
13,HIDALGO,VOTO EN TERRITORIO NACIONAL,4,TULANCINGO DE BRAVO,196,431,29656,49736,31959,2282,3106,1586,6263,9677,7619,1784,484,172,30,4267,148621,233630,0.6361,
13,HIDALGO,VOTO EN EL EXTRANJERO,5,TULA DE ALLENDE,,,20,10,27,1,5,1,2,1,2,0,0,0,0,0,69,116,0.5948,
13,HIDALGO,VOTO EN TERRITORIO NACIONAL,5,TULA DE ALLENDE,214,476,28525,61084,44022,4644,2830,2336,5661,15903,12612,2907,746,243,35,3020,184568,276905,0.6665,
13,HIDALGO,VOTO EN EL EXTRANJERO,6,PACHUCA DE SOTO,,,47,12,40,0,5,2,6,1,9,0,0,0,0,2,124,161,0.7702,
13,HIDALGO,VOTO EN TERRITORIO NACIONAL,6,PACHUCA DE SOTO,159,462,42508,50496,41488,1873,4271,2862,8587,14590,14670,2468,748,391,76,3029,188057,279475,0.6729,
13,HIDALGO,VOTO EN EL EXTRANJERO,7,TEPEAPULCO,,,22,17,26,3,2,2,1,2,4,1,0,0,2,0,82,145,0.5655,
13,HIDALGO,VOTO EN TERRITORIO NACIONAL,7,TEPEAPULCO,209,499,34783,61374,36037,2516,4024,2799,9021,17107,13213,2682,766,328,49,3569,188268,293835,0.6407,
14,JALISCO,VOTO EN EL EXTRANJERO,1,TEQUILA,,,80,47,30,2,6,2,3,6,11,0,0,0,1,5,193,289,0.6678,
14,JALISCO,VOTO EN TERRITORIO NACIONAL,1,TEQUILA,223,478,47867,66300,16841,2182,3619,8174,5051,10915,2992,585,469,903,42,5199,171139,256039,0.6684,
14,JALISCO,VOTO EN EL EXTRANJERO,2,LAGOS DE MORENO,,,102,31,28,0,4,0,0,6,0,0,0,0,0,6,177,315,0.5619,
14,JALISCO,VOTO EN TERRITORIO NACIONAL,2,LAGOS DE MORENO,196,458,65759,58911,9347,3241,1089,4489,3716,13586,2163,346,283,181,35,4693,167839,260521,0.6442,
14,JALISCO,VOTO EN EL EXTRANJERO,3,TEPATITLÁN DE MORELOS,,,157,50,27,1,1,4,8,4,4,0,0,0,1,2,259,370,0.7,
14,JALISCO,VOTO EN TERRITORIO NACIONAL,3,TEPATITLÁN DE MORELOS,203,473,65310,65728,6530,3019,1064,6842,3757,10117,1818,249,246,202,68,5340,170290,271112,0.6281,SUP-JIN-209.pdf
14,JALISCO,VOTO EN EL EXTRANJERO,4,ZAPOPAN,,,80,25,40,1,3,9,2,1,7,0,1,2,0,2,173,211,0.8199,
14,JALISCO,VOTO EN TERRITORIO NACIONAL,4,ZAPOPAN,131,441,53819,54524,17559,2254,3369,12119,5136,15876,7947,693,979,636,124,3663,178698,279196,0.64,SUP-JIN-342 SUP-JIN-343.pdf
14,JALISCO,VOTO EN EL EXTRANJERO,5,PUERTO VALLARTA,,,82,35,27,3,0,1,2,3,5,0,0,1,0,4,163,247,0.6599,
14,JALISCO,VOTO EN TERRITORIO NACIONAL,5,PUERTO VALLARTA,190,519,49398,54300,22829,2027,3010,18624,4506,11160,9140,860,1437,871,78,4769,183009,298038,0.614,SUP-JIN-134.pdf
14,JALISCO,VOTO EN EL EXTRANJERO,6,ZAPOPAN,,,209,34,100,1,7,28,4,5,6,2,0,0,1,2,399,483,0.8261,
14,JALISCO,VOTO EN TERRITORIO NACIONAL,6,ZAPOPAN,147,487,80617,55084,18275,2197,2791,10754,4526,15467,7293,681,924,540,148,3449,202746,311874,0.6501,
14,JALISCO,VOTO EN EL EXTRANJERO,7,TONALÁ,,,27,10,18,0,2,1,1,0,2,0,0,0,0,2,63,106,0.5943,
14,JALISCO,VOTO EN TERRITORIO NACIONAL,7,TONALÁ,81,410,45963,52722,14114,2721,3358,10469,5479,16487,7842,766,836,603,86,4532,165978,273720,0.6064,
14,JALISCO,VOTO EN EL EXTRANJERO,8,GUADALAJARA,,,221,56,84,1,6,18,10,3,9,4,0,0,0,1,413,475,0.8695,
14,JALISCO,VOTO EN TERRITORIO NACIONAL,8,GUADALAJARA,251,459,63073,44999,18355,1576,2962,11513,3991,12953,7221,608,987,610,110,2826,171784,246476,0.697,
14,JALISCO,VOTO EN EL EXTRANJERO,9,GUADALAJARA,,,77,17,40,0,6,8,6,2,3,1,1,1,0,1,163,220,0.7409,
14,JALISCO,VOTO EN TERRITORIO NACIONAL,9,GUADALAJARA,159,409,47084,47809,16689,2260,3294,11810,5013,14753,7752,741,996,712,82,3595,162590,246158,0.6605,
14,JALISCO,VOTO EN EL EXTRANJERO,10,ZAPOPAN,,,183,27,95,3,7,28,7,0,9,0,0,0,0,22,381,456,0.8355,
14,JALISCO,VOTO EN TERRITORIO NACIONAL,10,ZAPOPAN,103,424,75251,42103,17640,2205,2851,11500,4336,14386,8238,649,969,643,115,3511,184397,278935,0.6611,
14,JALISCO,VOTO EN EL EXTRANJERO,11,GUADALAJARA,,,53,19,36,1,0,3,3,1,5,1,0,0,0,0,122,186,0.6559,
14,JALISCO,VOTO EN TERRITORIO NACIONAL,11,GUADALAJARA,174,416,44198,46419,16744,2198,3125,13148,5029,14557,8935,788,1109,752,84,3960,161046,248628,0.6477,
14,JALISCO,VOTO EN EL EXTRANJERO,12,TLAJOMULCO DE ZUÑIGA,,,52,23,29,0,0,5,6,1,4,0,2,0,0,3,125,180,0.6944,
14,JALISCO,VOTO EN TERRITORIO NACIONAL,12,TLAJOMULCO DE ZUÑIGA,183,645,76407,74509,22071,3964,3510,25517,7558,22424,11659,828,1686,1222,90,6741,258186,411549,0.6274,
14,JALISCO,VOTO EN EL EXTRANJERO,13,GUADALAJARA,,,103,23,34,0,5,17,3,0,7,2,0,0,0,1,195,241,0.8091,
14,JALISCO,VOTO EN TERRITORIO NACIONAL,13,GUADALAJARA,230,460,53351,48039,16976,2026,3041,12987,4795,14800,8170,633,1022,663,129,3216,169848,252209,0.6734,
14,JALISCO,VOTO EN EL EXTRANJERO,14,GUADALAJARA,,,117,31,59,1,0,7,7,4,8,0,1,0,2,1,238,295,0.8068,
14,JALISCO,VOTO EN TERRITORIO NACIONAL,14,GUADALAJARA,167,418,56579,43373,15799,2240,2729,12953,4654,14974,8309,680,1078,683,78,3458,167587,250195,0.6698,
14,JALISCO,VOTO EN EL EXTRANJERO,15,BARCA  LA,,,116,43,51,1,1,5,1,13,6,2,0,0,2,2,243,356,0.6826,
14,JALISCO,VOTO EN TERRITORIO NACIONAL,15,BARCA  LA,193,463,55095,58255,15572,2712,4017,6215,3427,11446,3792,736,498,777,37,4600,167179,267312,0.6254,
14,JALISCO,VOTO EN EL EXTRANJERO,16,TLAQUEPAQUE,,,56,17,21,1,2,2,6,0,7,0,0,0,0,0,112,150,0.7467,
14,JALISCO,VOTO EN TERRITORIO NACIONAL,16,TLAQUEPAQUE,158,462,55118,53786,15221,2698,2825,13102,5480,17081,8495,685,1113,679,70,4205,180558,284442,0.6348,
14,JALISCO,VOTO EN EL EXTRANJERO,17,JOCOTEPEC,,,119,59,52,6,3,2,6,9,8,0,0,0,1,1,266,410,0.6488,
14,JALISCO,VOTO EN TERRITORIO NACIONAL,17,JOCOTEPEC,207,490,52429,64379,16575,3484,3382,13024,5825,12460,4461,602,627,668,50,5045,183011,279250,0.6554,
14,JALISCO,VOTO EN EL EXTRANJERO,18,AUTLÁN DE NAVARRO,,,125,54,78,1,3,3,4,4,11,3,0,0,0,2,288,441,0.6531,
14,JALISCO,VOTO EN TERRITORIO NACIONAL,18,AUTLÁN DE NAVARRO,234,497,60604,61938,19673,1865,2154,11980,5541,9775,4450,677,706,479,30,5175,185047,277784,0.6662,
14,JALISCO,VOTO EN EL EXTRANJERO,19,CIUDAD GUZMÁN,,,97,53,39,0,5,3,3,5,5,1,0,0,0,2,213,348,0.6121,
14,JALISCO,VOTO EN TERRITORIO NACIONAL,19,CIUDAD GUZMÁN,246,502,48274,57967,24478,2408,2873,9313,5604,10407,5096,957,730,594,36,4855,173592,266913,0.6504,
15,MEXICO,VOTO EN EL EXTRANJERO,1,JILOTEPEC DE ANDRÉS MOLINA ENRIQUEZ,,,12,11,12,0,3,0,1,1,1,0,0,0,0,1,42,79,0.5316,
15,MEXICO,VOTO EN TERRITORIO NACIONAL,1,JILOTEPEC DE ANDRÉS MOLINA ENRIQUEZ,189,444,34747,79056,18514,1782,3568,3372,3005,17394,4199,1376,348,193,32,5353,172939,238267,0.7258,
15,MEXICO,VOTO EN EL EXTRANJERO,2,TEOLOYUCÁN,,,9,14,9,0,1,0,1,2,1,0,0,0,0,1,38,63,0.6032,
15,MEXICO,VOTO EN TERRITORIO NACIONAL,2,TEOLOYUCÁN,126,436,34775,61377,34241,1708,2808,5823,3942,17036,11218,1645,697,270,66,3618,179224,272229,0.6584,
15,MEXICO,VOTO EN EL EXTRANJERO,3,ATLACOMULCO DE FABELA,,,9,39,12,1,2,3,0,2,1,0,0,0,0,0,69,114,0.6053,
15,MEXICO,VOTO EN TERRITORIO NACIONAL,3,ATLACOMULCO DE FABELA,162,410,28561,73629,15029,1636,1786,3023,3068,16530,3689,692,338,102,26,5090,153199,225272,0.6801,
15,MEXICO,VOTO EN EL EXTRANJERO,4,NICOLÁS ROMERO,,,26,4,18,0,1,2,2,0,2,0,0,0,0,0,55,89,0.618,
15,MEXICO,VOTO EN TERRITORIO NACIONAL,4,NICOLÁS ROMERO,138,495,38670,57548,42884,1971,3626,4586,5382,20128,15566,2806,1013,304,97,4038,198619,317634,0.6253,
15,MEXICO,VOTO EN EL EXTRANJERO,5,TEOTIHUACÁN DE ARISTA,,,6,13,12,2,4,0,1,2,2,0,0,0,0,1,43,68,0.6324,
15,MEXICO,VOTO EN TERRITORIO NACIONAL,5,TEOTIHUACÁN DE ARISTA,177,488,35346,73074,46062,2109,5544,5626,4283,19056,12274,2673,850,442,65,3990,211394,293167,0.7211,
15,MEXICO,VOTO EN EL EXTRANJERO,6,COACALCO DE BERRIOZABAL,,,37,11,34,0,2,2,3,1,4,0,0,0,0,0,94,130,0.7231,
15,MEXICO,VOTO EN TERRITORIO NACIONAL,6,COACALCO DE BERRIOZABAL,136,469,36355,55143,52139,1764,3335,2697,5587,19481,16485,2897,902,282,109,2982,200158,300748,0.6655,
15,MEXICO,VOTO EN EL EXTRANJERO,7,CUAUTITLÁN IZCALLI,,,76,12,59,1,5,4,0,3,6,0,0,1,0,1,168,211,0.7962,
15,MEXICO,VOTO EN TERRITORIO NACIONAL,7,CUAUTITLÁN IZCALLI,205,493,46079,51745,47450,1776,5583,3060,5473,17878,16848,2883,733,373,172,3362,203415,293162,0.6939,
15,MEXICO,VOTO EN EL EXTRANJERO,8,TULTITLÁN DE MARIANO ESCOBEDO,,,18,5,24,0,1,2,0,0,2,0,0,0,0,2,54,70,0.7714,
15,MEXICO,VOTO EN TERRITORIO NACIONAL,8,TULTITLÁN DE MARIANO ESCOBEDO,125,353,22020,41122,34519,1359,2294,2558,3670,14853,11435,2053,663,251,66,2465,139328,217480,0.6406,
15,MEXICO,VOTO EN EL EXTRANJERO,9,IXTLAHUACA DE RAYÓN,,,4,10,6,0,0,1,0,2,0,0,0,0,0,0,23,55,0.4182,
15,MEXICO,VOTO EN TERRITORIO NACIONAL,9,IXTLAHUACA DE RAYÓN,141,443,29332,82453,17636,2208,5627,7603,3920,19596,5981,1152,605,284,29,6265,182691,268900,0.6794,
15,MEXICO,VOTO EN EL EXTRANJERO,10,ECATEPEC DE MORELOS,,,16,7,25,0,1,2,3,1,4,0,0,0,0,0,59,104,0.5673,
15,MEXICO,VOTO EN TERRITORIO NACIONAL,10,ECATEPEC DE MORELOS,188,504,27891,54292,46710,2243,2997,2756,5081,22367,18415,3217,915,303,113,3615,190915,310060,0.6157,
15,MEXICO,VOTO EN EL EXTRANJERO,11,ECATEPEC DE MORELOS,,,33,13,46,0,4,10,2,0,3,0,0,0,0,1,112,153,0.732,
15,MEXICO,VOTO EN TERRITORIO NACIONAL,11,ECATEPEC DE MORELOS,151,410,24993,45993,40526,1568,3265,2750,4046,16927,13991,2427,785,287,118,3071,160747,246589,0.6519,
15,MEXICO,VOTO EN EL EXTRANJERO,12,IXTAPALUCA,,,15,11,29,1,4,3,1,0,2,0,1,0,0,0,67,111,0.6036,
15,MEXICO,VOTO EN TERRITORIO NACIONAL,12,IXTAPALUCA,242,575,28091,61874,55047,2481,3310,4728,5333,20856,17641,2740,1105,347,90,4504,208147,339014,0.614,
15,MEXICO,VOTO EN EL EXTRANJERO,13,ECATEPEC DE MORELOS,,,31,10,26,0,0,4,3,1,2,1,0,0,0,0,78,130,0.6,
15,MEXICO,VOTO EN TERRITORIO NACIONAL,13,ECATEPEC DE MORELOS,170,399,20111,41693,37700,1575,2893,2050,3608,16306,14892,2505,683,270,103,2911,147300,232312,0.6341,
15,MEXICO,VOTO EN EL EXTRANJERO,14,CIUDAD ADOLFO LÓPEZ MATEOS,,,88,15,59,3,6,5,11,2,5,1,1,0,1,1,198,247,0.8016,
15,MEXICO,VOTO EN TERRITORIO NACIONAL,14,CIUDAD ADOLFO LÓPEZ MATEOS,114,427,41054,43724,36601,1513,3551,2244,4039,15551,13770,2257,689,249,88,3211,168541,271157,0.6216,
15,MEXICO,VOTO EN EL EXTRANJERO,15,TLALNEPANTLA DE BAZ,,,220,31,126,2,8,13,11,2,13,0,0,0,0,3,429,502,0.8546,
15,MEXICO,VOTO EN TERRITORIO NACIONAL,15,TLALNEPANTLA DE BAZ,166,431,56242,43851,35714,1430,3703,2427,3479,13413,10639,1803,564,316,112,3266,176959,258816,0.6837,
15,MEXICO,VOTO EN EL EXTRANJERO,16,ECATEPEC DE MORELOS,,,19,14,34,1,1,1,2,0,2,0,0,0,0,0,74,129,0.5736,
15,MEXICO,VOTO EN TERRITORIO NACIONAL,16,ECATEPEC DE MORELOS,137,454,23796,53354,41375,1827,3285,2286,4213,18662,14427,3123,838,241,86,3970,171483,292495,0.5863,
15,MEXICO,VOTO EN EL EXTRANJERO,17,ECATEPEC DE MORELOS,,,27,7,23,1,2,6,2,0,2,1,0,0,0,1,72,109,0.6606,
15,MEXICO,VOTO EN TERRITORIO NACIONAL,17,ECATEPEC DE MORELOS,161,415,21269,43818,42205,1570,3177,2552,4397,16809,16392,2374,784,317,102,3077,158843,244840,0.6488,
15,MEXICO,VOTO EN EL EXTRANJERO,18,HUIXQUILUCAN DE DEGOLLADO,,,150,38,29,0,0,4,11,1,6,0,0,0,0,4,243,292,0.8322,
15,MEXICO,VOTO EN TERRITORIO NACIONAL,18,HUIXQUILUCAN DE DEGOLLADO,151,465,47850,70102,37413,1935,6002,2023,3853,16983,9690,2334,490,262,59,4016,203012,289532,0.7012,
15,MEXICO,VOTO EN EL EXTRANJERO,19,TLALNEPANTLA DE BAZ,,,40,12,37,0,5,5,3,0,8,0,1,0,0,1,112,146,0.7671,
15,MEXICO,VOTO EN TERRITORIO NACIONAL,19,TLALNEPANTLA DE BAZ,188,414,32861,43446,39208,1400,3481,2076,3684,15223,13394,2191,623,268,100,2979,160934,235899,0.6822,
15,MEXICO,VOTO EN EL EXTRANJERO,20,CD. NEZAHUALCOYOTL,,,29,9,53,1,6,4,6,1,6,0,0,0,0,1,116,160,0.725,
15,MEXICO,VOTO EN TERRITORIO NACIONAL,20,CD. NEZAHUALCOYOTL,155,354,19162,36282,39993,1208,3014,3575,2897,12447,14061,1917,791,308,112,2304,138071,208044,0.6637,
15,MEXICO,VOTO EN EL EXTRANJERO,21,NAUCALPAN DE JUÁREZ,,,178,35,105,2,9,13,6,0,4,4,0,0,1,5,362,421,0.8599,
15,MEXICO,VOTO EN TERRITORIO NACIONAL,21,NAUCALPAN DE JUÁREZ,129,378,42257,42187,29041,1469,2784,1585,3238,14063,8518,1793,509,188,109,2900,150641,234675,0.6419,
15,MEXICO,VOTO EN EL EXTRANJERO,22,NAUCALPAN DE JUÁREZ,,,158,29,78,1,7,8,6,2,9,0,0,0,0,8,306,362,0.8453,
15,MEXICO,VOTO EN TERRITORIO NACIONAL,22,NAUCALPAN DE JUÁREZ,190,364,39199,36695,26557,1230,2892,1477,2662,12050,8813,1638,374,189,85,2472,136333,204541,0.6665,
15,MEXICO,VOTO EN EL EXTRANJERO,23,VALLE DE BRAVO,,,12,6,9,0,1,0,0,1,1,0,0,0,0,0,30,55,0.5455,
15,MEXICO,VOTO EN TERRITORIO NACIONAL,23,VALLE DE BRAVO,181,446,40198,77625,27955,2144,3955,1045,3446,17822,4616,2940,271,145,34,6648,188844,256846,0.7352,
15,MEXICO,VOTO EN EL EXTRANJERO,24,NAUCALPAN DE JUÁREZ,,,63,19,37,2,1,5,4,1,4,0,0,0,0,2,138,185,0.7459,
15,MEXICO,VOTO EN TERRITORIO NACIONAL,24,NAUCALPAN DE JUÁREZ,133,352,24671,38032,26998,1376,2406,1541,2858,13513,9790,1941,497,180,76,2523,126402,212350,0.5953,SUP-JIN-196.pdf
15,MEXICO,VOTO EN EL EXTRANJERO,25,CHIMALHUACÁN,,,12,4,21,2,1,1,0,0,3,0,0,0,0,1,45,83,0.5422,
15,MEXICO,VOTO EN TERRITORIO NACIONAL,25,CHIMALHUACÁN,105,400,18091,42386,35247,1898,2503,2014,3480,16976,13970,2443,739,201,64,2924,142936,258642,0.5526,
15,MEXICO,VOTO EN EL EXTRANJERO,26,TOLUCA DE LERDO,,,39,10,33,1,2,3,5,1,1,0,0,0,0,0,95,112,0.8482,
15,MEXICO,VOTO EN TERRITORIO NACIONAL,26,TOLUCA DE LERDO,128,447,46638,72611,26654,2120,2646,1531,5758,21690,6956,1452,368,156,88,3688,192356,277742,0.6926,
15,MEXICO,VOTO EN EL EXTRANJERO,27,METEPEC,,,95,27,53,2,3,3,6,1,7,1,0,0,0,1,199,233,0.8541,
15,MEXICO,VOTO EN TERRITORIO NACIONAL,27,METEPEC,135,421,45022,74670,27004,1862,7029,2197,5108,18205,6565,1667,309,250,116,3496,193500,266238,0.7268,
15,MEXICO,VOTO EN EL EXTRANJERO,28,ZUMPANGO DE OCAMPO,,,12,13,20,2,1,0,1,1,5,0,0,0,0,1,56,89,0.6292,
15,MEXICO,VOTO EN TERRITORIO NACIONAL,28,ZUMPANGO DE OCAMPO,217,591,48868,84519,51342,2350,3930,3597,5942,26248,15099,2685,1018,450,173,4491,250712,362384,0.6918,SUP-JIN-72.pdf
15,MEXICO,VOTO EN EL EXTRANJERO,29,CD. NEZAHUALCOYOTL,,,15,13,34,0,2,0,5,1,8,0,0,0,0,0,78,121,0.6446,
15,MEXICO,VOTO EN TERRITORIO NACIONAL,29,CD. NEZAHUALCOYOTL,183,379,15529,37875,40006,1260,2735,3625,2979,12647,13799,2111,858,283,76,2605,136388,211201,0.6458,
15,MEXICO,VOTO EN EL EXTRANJERO,30,CD. NEZAHUALCOYOTL,,,25,15,45,0,5,5,3,0,2,1,0,0,0,0,101,149,0.6779,
15,MEXICO,VOTO EN TERRITORIO NACIONAL,30,CD. NEZAHUALCOYOTL,175,385,15794,37311,42897,1264,3098,3334,3093,11972,13689,2495,852,259,100,2635,138793,218544,0.6351,
15,MEXICO,VOTO EN EL EXTRANJERO,31,CD. NEZAHUALCOYOTL,,,19,11,46,2,1,3,2,1,3,2,0,0,1,0,91,140,0.65,
15,MEXICO,VOTO EN TERRITORIO NACIONAL,31,CD. NEZAHUALCOYOTL,167,378,14447,36729,41625,1207,2226,3450,3237,11985,13767,2218,957,253,93,2853,135047,217192,0.6218,SUP-JIN-54.pdf
15,MEXICO,VOTO EN EL EXTRANJERO,32,VALLE DE CHALCO SOLIDARIDAD,,,21,12,22,0,0,1,1,0,2,1,0,1,0,0,61,116,0.5259,
15,MEXICO,VOTO EN TERRITORIO NACIONAL,32,VALLE DE CHALCO SOLIDARIDAD,115,373,14458,42098,40752,1725,2476,3510,3405,14095,13533,2637,1038,234,44,2856,142861,236926,0.603,
15,MEXICO,VOTO EN EL EXTRANJERO,33,CHALCO DE DÍAZ COVARRUBIAS,,,11,18,25,1,0,2,2,6,3,1,0,0,0,0,69,135,0.5111,
15,MEXICO,VOTO EN TERRITORIO NACIONAL,33,CHALCO DE DÍAZ COVARRUBIAS,169,506,28654,69306,44438,2051,4906,11753,4552,18595,13537,2124,1405,591,84,4310,206306,307148,0.6717,
15,MEXICO,VOTO EN EL EXTRANJERO,34,TOLUCA DE LERDO,,,61,21,54,1,3,6,6,4,3,0,0,0,0,0,159,188,0.8457,
15,MEXICO,VOTO EN TERRITORIO NACIONAL,34,TOLUCA DE LERDO,146,431,45039,69772,29563,1673,2545,1483,5297,18326,6446,1592,368,144,92,3214,185554,267613,0.6934,
15,MEXICO,VOTO EN EL EXTRANJERO,35,TENANCINGO DE DEGOLLADO,,,26,10,18,0,0,1,0,1,3,0,0,0,0,0,59,98,0.602,
15,MEXICO,VOTO EN TERRITORIO NACIONAL,35,TENANCINGO DE DEGOLLADO,146,413,27692,66614,31653,1501,4282,3804,4708,14975,6683,1801,548,257,39,3912,168469,241636,0.6972,
15,MEXICO,VOTO EN EL EXTRANJERO,36,TEJUPILCO DE HIDALGO,,,37,32,31,1,0,1,0,9,4,2,0,0,0,2,119,257,0.463,
15,MEXICO,VOTO EN TERRITORIO NACIONAL,36,TEJUPILCO DE HIDALGO,250,486,34681,67638,40362,991,2430,649,1511,9159,3248,2684,250,72,32,5505,169212,232501,0.7278,
15,MEXICO,VOTO EN EL EXTRANJERO,37,CUAUTITLÁN,,,13,2,26,0,1,3,0,0,6,0,0,0,1,0,52,86,0.6047,
15,MEXICO,VOTO EN TERRITORIO NACIONAL,37,CUAUTITLÁN,128,400,26702,50184,38980,1634,3128,4541,4472,17139,13458,1962,949,384,102,2686,166321,250192,0.6648,
15,MEXICO,VOTO EN EL EXTRANJERO,38,TEXCOCO DE MORA,,,16,14,43,0,5,4,1,1,5,0,0,0,0,1,90,144,0.625,
15,MEXICO,VOTO EN TERRITORIO NACIONAL,38,TEXCOCO DE MORA,137,444,21085,46496,38145,1982,2878,13903,3838,16752,15326,1939,1427,634,94,3442,167941,275975,0.6085,
15,MEXICO,VOTO EN EL EXTRANJERO,39,REYES ACAQUILPAN  LOS,,,11,5,27,0,5,1,1,2,4,0,0,0,0,1,57,114,0.5,
15,MEXICO,VOTO EN TERRITORIO NACIONAL,39,REYES ACAQUILPAN  LOS,152,437,16778,52571,46793,1822,2823,4289,4163,18817,15359,2704,1029,315,64,3313,170840,271577,0.6291,
15,MEXICO,VOTO EN EL EXTRANJERO,40,SAN MIGUEL ZINACANTEPEC,,,24,22,20,1,0,0,2,3,2,0,0,0,0,1,75,143,0.5245,
15,MEXICO,VOTO EN TERRITORIO NACIONAL,40,SAN MIGUEL ZINACANTEPEC,142,400,33986,69824,23918,1747,4043,2037,3641,15806,4163,1529,284,178,65,4510,165731,236968,0.6994,SUP-JIN-67.pdf
16,MICHOACAN,VOTO EN EL EXTRANJERO,1,LAZÁRO CÁRDENAS,,,32,19,48,0,2,0,2,2,8,2,2,0,0,3,120,215,0.5581,
16,MICHOACAN,VOTO EN TERRITORIO NACIONAL,1,LAZÁRO CÁRDENAS,184,439,19112,41271,35821,1345,1951,1201,1724,9360,8547,2675,558,151,28,2844,126588,243557,0.5197,
16,MICHOACAN,VOTO EN EL EXTRANJERO,2,PURUANDIRO,,,96,49,109,2,2,3,1,3,7,2,0,0,0,2,276,464,0.5948,
16,MICHOACAN,VOTO EN TERRITORIO NACIONAL,2,PURUANDIRO,268,520,25214,42253,33273,2375,2403,1393,2898,10378,7309,2798,500,132,46,4172,135144,287944,0.4693,
16,MICHOACAN,VOTO EN EL EXTRANJERO,3,HEROICA ZITÁCUARO,,,32,25,34,0,1,4,0,1,1,1,0,0,0,1,100,215,0.4651,
16,MICHOACAN,VOTO EN TERRITORIO NACIONAL,3,HEROICA ZITÁCUARO,236,433,21611,45086,27404,2230,3112,1186,2196,11961,6088,2957,454,180,42,3947,128454,232445,0.5526,SUP-JIN-172.pdf
16,MICHOACAN,VOTO EN EL EXTRANJERO,4,JIQUILPAN DE JUÁREZ,,,137,64,88,1,2,1,4,6,0,0,0,0,1,5,309,443,0.6975,
16,MICHOACAN,VOTO EN TERRITORIO NACIONAL,4,JIQUILPAN DE JUÁREZ,259,509,37224,45100,26020,2127,1362,1342,2364,9259,4700,1589,381,91,33,3576,135168,261922,0.5161,
16,MICHOACAN,VOTO EN EL EXTRANJERO,5,ZAMORA DE HIDALGO,,,99,38,59,2,1,2,4,1,11,0,0,0,0,0,217,336,0.6458,
16,MICHOACAN,VOTO EN TERRITORIO NACIONAL,5,ZAMORA DE HIDALGO,225,493,41085,44198,26677,2311,2328,1522,3264,10517,5942,1772,395,128,41,3460,143640,275031,0.5223,
16,MICHOACAN,VOTO EN EL EXTRANJERO,6,CIUDAD HIDALGO,,,74,37,50,2,0,2,5,3,2,2,0,0,0,0,177,344,0.5145,
16,MICHOACAN,VOTO EN TERRITORIO NACIONAL,6,CIUDAD HIDALGO,224,482,28412,46015,24133,2511,1943,1228,3254,13830,6316,2349,516,113,108,4304,135032,263308,0.5128,
16,MICHOACAN,VOTO EN EL EXTRANJERO,7,ZACAPU,,,63,30,37,1,2,2,1,3,9,0,0,0,0,4,152,279,0.5448,
16,MICHOACAN,VOTO EN TERRITORIO NACIONAL,7,ZACAPU,229,477,27206,44390,36350,2710,3070,1492,2402,9069,6178,2528,437,155,49,3893,139929,260984,0.5362,
16,MICHOACAN,VOTO EN EL EXTRANJERO,8,MORELIA,,,53,22,55,0,3,3,7,2,6,0,1,0,0,0,152,230,0.6609,
16,MICHOACAN,VOTO EN TERRITORIO NACIONAL,8,MORELIA,145,442,28058,51995,26369,2595,2068,2453,4118,16220,7131,1173,492,191,410,4461,147734,270207,0.5467,
16,MICHOACAN,VOTO EN EL EXTRANJERO,9,URUAPAN DEL PROGRESO,,,43,15,28,1,1,4,4,6,4,1,0,0,0,1,108,178,0.6067,
16,MICHOACAN,VOTO EN TERRITORIO NACIONAL,9,URUAPAN DEL PROGRESO,190,465,26916,48915,32898,2643,2298,1488,3684,13110,6929,2285,477,151,70,3912,145776,269406,0.5411,
16,MICHOACAN,VOTO EN EL EXTRANJERO,10,MORELIA,,,87,30,74,0,9,11,7,5,10,0,0,0,2,235,470,315,1.4921,
16,MICHOACAN,VOTO EN TERRITORIO NACIONAL,10,MORELIA,204,456,39318,52892,27243,2419,2574,2742,4240,14259,6524,1172,479,230,114,4398,158604,261395,0.6068,
16,MICHOACAN,VOTO EN EL EXTRANJERO,11,PÁTZCUARO,,,40,30,46,0,3,1,3,9,5,1,1,0,0,1,140,254,0.5512,
16,MICHOACAN,VOTO EN TERRITORIO NACIONAL,11,PÁTZCUARO,273,494,21800,41918,38342,2916,2029,1500,2803,9788,6949,2860,484,133,76,4833,136431,264958,0.5149,
16,MICHOACAN,VOTO EN EL EXTRANJERO,12,APATZINGAN DE LA CONSTITUCIÓN,,,46,36,43,0,2,1,0,7,4,1,0,0,0,1,141,216,0.6528,
16,MICHOACAN,VOTO EN TERRITORIO NACIONAL,12,APATZINGAN DE LA CONSTITUCIÓN,229,448,20754,41843,26435,1468,1504,729,1442,8573,4495,1912,352,59,26,2644,112236,242726,0.4624,
17,MORELOS,VOTO EN EL EXTRANJERO,1,CUERNAVACA,,,156,39,157,3,14,17,18,3,9,0,1,2,0,3,422,526,0.8023,
17,MORELOS,VOTO EN TERRITORIO NACIONAL,1,CUERNAVACA,203,492,46443,43659,49260,2475,5082,3015,3919,12680,14640,2732,846,375,86,3533,188745,286221,0.6594,
17,MORELOS,VOTO EN EL EXTRANJERO,2,JIUTEPEC,,,54,23,64,1,2,10,2,0,8,0,0,0,0,1,165,265,0.6226,
17,MORELOS,VOTO EN TERRITORIO NACIONAL,2,JIUTEPEC,135,455,34994,45648,46139,3911,3519,2289,4519,13704,13392,2707,712,236,71,3977,175818,282397,0.6226,
17,MORELOS,VOTO EN EL EXTRANJERO,3,CUAUTLA,,,52,20,51,0,5,5,4,2,6,0,1,0,1,1,148,262,0.5649,
17,MORELOS,VOTO EN TERRITORIO NACIONAL,3,CUAUTLA,190,445,26583,41118,49142,5546,5739,5106,4103,11950,15584,2730,1080,466,68,3815,173030,262071,0.6602,
17,MORELOS,VOTO EN EL EXTRANJERO,4,JOJUTLA,,,29,30,55,0,1,1,6,2,6,0,1,0,0,2,133,226,0.5885,
17,MORELOS,VOTO EN TERRITORIO NACIONAL,4,JOJUTLA,192,433,23340,46085,40442,4414,6299,5038,2620,9760,11613,2293,1003,386,34,4156,157483,237686,0.6626,
17,MORELOS,VOTO EN EL EXTRANJERO,5,YAUTEPEC,,,34,22,25,0,2,3,0,1,3,1,0,0,0,1,92,213,0.4319,
17,MORELOS,VOTO EN TERRITORIO NACIONAL,5,YAUTEPEC,187,430,25342,40664,42764,4273,7097,4301,3845,9701,12694,2693,1009,407,39,4766,159595,242990,0.6568,SUP-JIN-227.pdf
18,NAYARIT,VOTO EN EL EXTRANJERO,1,SANTIAGO IXCUINTLA,,,24,30,18,2,0,1,1,2,4,1,1,0,1,0,85,137,0.6204,
18,NAYARIT,VOTO EN TERRITORIO NACIONAL,1,SANTIAGO IXCUINTLA,353,484,21599,57987,25588,1473,2969,1432,1558,9653,6965,1844,446,189,24,3421,135148,214517,0.63,
18,NAYARIT,VOTO EN EL EXTRANJERO,2,TEPIC,,,38,24,30,0,3,6,4,0,5,0,1,0,0,2,113,163,0.6933,
18,NAYARIT,VOTO EN TERRITORIO NACIONAL,2,TEPIC,298,509,26203,55319,36226,1921,5077,4127,4844,14318,15402,2139,763,493,45,3298,170175,267826,0.6354,
18,NAYARIT,VOTO EN EL EXTRANJERO,3,COMPOSTELA,,,44,24,24,3,5,3,1,5,3,0,0,0,1,3,116,192,0.6042,
18,NAYARIT,VOTO EN TERRITORIO NACIONAL,3,COMPOSTELA,309,532,35062,65595,22766,1782,5225,2352,2499,13270,8586,2170,457,319,45,4084,164212,267349,0.6142,
19,NUEVO LEON,VOTO EN EL EXTRANJERO,1,SANTA CATARINA,,,372,40,91,2,2,16,1,0,12,0,0,0,1,3,540,621,0.8696,
19,NUEVO LEON,VOTO EN TERRITORIO NACIONAL,1,SANTA CATARINA,149,455,84518,37499,19683,1244,5977,1815,4699,7082,5456,1015,277,206,65,2924,172460,283164,0.609,
19,NUEVO LEON,VOTO EN EL EXTRANJERO,2,APODACA,,,30,4,14,0,5,4,1,0,1,0,0,0,0,1,60,91,0.6593,
19,NUEVO LEON,VOTO EN TERRITORIO NACIONAL,2,APODACA,213,531,65868,52109,22841,2152,7016,1679,6388,11315,6482,1383,258,275,51,2609,180426,313592,0.5754,
19,NUEVO LEON,VOTO EN EL EXTRANJERO,3,GRAL. ESCOBEDO,,,100,16,44,0,7,7,5,3,7,0,0,0,0,2,191,234,0.8162,
19,NUEVO LEON,VOTO EN TERRITORIO NACIONAL,3,GRAL. ESCOBEDO,168,530,75988,44269,24915,1596,7863,1654,5505,9876,6787,1499,306,276,54,2764,183352,323984,0.5659,
19,NUEVO LEON,VOTO EN EL EXTRANJERO,4,SAN NICOLÁS DE LOS GARZA,,,79,10,26,1,4,4,2,0,2,0,0,0,0,0,128,170,0.7529,
19,NUEVO LEON,VOTO EN TERRITORIO NACIONAL,4,SAN NICOLÁS DE LOS GARZA,164,444,78769,31865,22450,1350,6342,1373,4960,6975,5891,1257,230,197,56,2641,164356,261971,0.6274,
19,NUEVO LEON,VOTO EN EL EXTRANJERO,5,MONTERREY,,,11,0,4,1,3,0,1,1,1,0,0,0,0,0,22,46,0.4783,
19,NUEVO LEON,VOTO EN TERRITORIO NACIONAL,5,MONTERREY,111,363,36721,40581,12252,1332,10174,963,3062,9064,4755,1393,174,230,31,3291,124023,230772,0.5374,
19,NUEVO LEON,VOTO EN EL EXTRANJERO,6,MONTERREY,,,211,14,80,0,1,8,8,3,10,1,0,0,0,5,341,402,0.8483,
19,NUEVO LEON,VOTO EN TERRITORIO NACIONAL,6,MONTERREY,128,367,70250,32023,19227,920,5612,1281,3536,7065,5221,1058,236,198,63,2289,148979,225940,0.6594,
19,NUEVO LEON,VOTO EN EL EXTRANJERO,7,MONTERREY,,,97,12,40,1,1,7,3,1,5,0,0,0,0,1,168,200,0.84,
19,NUEVO LEON,VOTO EN TERRITORIO NACIONAL,7,MONTERREY,298,425,50283,33346,17115,813,5382,1216,3089,7181,4948,996,270,207,46,2377,127269,208171,0.6114,
19,NUEVO LEON,VOTO EN EL EXTRANJERO,8,GUADALUPE,,,82,11,27,0,3,4,2,0,4,0,0,0,0,0,133,179,0.743,
19,NUEVO LEON,VOTO EN TERRITORIO NACIONAL,8,GUADALUPE,157,428,63477,37445,21506,1187,6041,1578,4948,8294,6216,1219,253,248,41,2572,155025,252664,0.6136,
19,NUEVO LEON,VOTO EN EL EXTRANJERO,9,LINARES,,,51,26,20,0,3,2,2,3,6,1,0,0,0,1,115,150,0.7667,
19,NUEVO LEON,VOTO EN TERRITORIO NACIONAL,9,LINARES,304,540,53283,69825,12779,1268,10157,1409,11209,11694,3126,986,184,223,25,6117,182285,277669,0.6565,
19,NUEVO LEON,VOTO EN EL EXTRANJERO,10,MONTERREY,,,262,25,133,1,8,20,5,0,17,1,0,0,1,2,475,560,0.8482,
19,NUEVO LEON,VOTO EN TERRITORIO NACIONAL,10,MONTERREY,182,386,68022,29424,19785,1043,4133,1394,2692,7139,4922,964,195,201,56,2361,142331,223246,0.6376,
19,NUEVO LEON,VOTO EN EL EXTRANJERO,11,GUADALUPE,,,105,11,42,0,3,0,3,0,4,0,0,0,0,1,169,201,0.8408,
19,NUEVO LEON,VOTO EN TERRITORIO NACIONAL,11,GUADALUPE,122,417,58978,38928,20982,1471,6543,1531,5099,8822,5959,1472,293,239,55,2837,153209,264900,0.5784,
19,NUEVO LEON,VOTO EN EL EXTRANJERO,12,CADEREYTA JIMÉNEZ,,,51,17,18,0,2,1,1,3,4,0,0,0,0,2,99,138,0.7174,
19,NUEVO LEON,VOTO EN TERRITORIO NACIONAL,12,CADEREYTA JIMÉNEZ,371,809,92491,93472,32539,2292,13182,2573,6938,14823,6844,1986,389,358,68,5703,273658,458082,0.5974,
20,OAXACA,VOTO EN EL EXTRANJERO,1,SAN JUAN BAUTISTA TUXTEPEC,,,7,16,11,0,0,0,0,1,3,0,0,1,0,1,40,73,0.5479,
20,OAXACA,VOTO EN TERRITORIO NACIONAL,1,SAN JUAN BAUTISTA TUXTEPEC,196,410,42486,41654,33758,1934,3820,6609,1802,7572,8799,1509,688,258,18,3403,154310,224119,0.6885,
20,OAXACA,VOTO EN EL EXTRANJERO,2,TEOTITLÁN DE FLORES MAGÓN,,,0,3,4,0,1,1,1,1,0,0,0,0,0,0,11,28,0.3929,
20,OAXACA,VOTO EN TERRITORIO NACIONAL,2,TEOTITLÁN DE FLORES MAGÓN,209,383,22388,46165,37700,1691,4034,8738,662,4617,4345,1257,526,168,42,4210,136543,188231,0.7254,
20,OAXACA,VOTO EN EL EXTRANJERO,3,HERÓICA CIUDAD DE HUAJUAPAN DE LEÓN,,,29,10,34,0,1,4,1,2,4,0,0,0,0,0,85,155,0.5484,
20,OAXACA,VOTO EN TERRITORIO NACIONAL,3,HERÓICA CIUDAD DE HUAJUAPAN DE LEÓN,297,517,24063,44639,40836,2184,3945,4460,2118,9725,11109,2383,692,253,35,3485,149927,254606,0.5889,
20,OAXACA,VOTO EN EL EXTRANJERO,4,TLACOLULA DE MATAMOROS,,,21,5,33,0,2,3,0,0,6,0,0,0,0,1,71,188,0.3777,
20,OAXACA,VOTO EN TERRITORIO NACIONAL,4,TLACOLULA DE MATAMOROS,259,468,26664,34530,35527,2607,4572,2946,2401,5279,6434,1949,467,192,49,5169,128786,235720,0.5464,
20,OAXACA,VOTO EN EL EXTRANJERO,5,SANTO DOMINGO TEHUANTEPEC,,,8,5,13,0,1,0,0,1,2,2,1,0,0,0,33,54,0.6111,
20,OAXACA,VOTO EN TERRITORIO NACIONAL,5,SANTO DOMINGO TEHUANTEPEC,184,401,21421,40941,46693,937,3529,3225,1153,6662,8087,2065,519,118,17,2543,137910,210808,0.6542,
20,OAXACA,VOTO EN EL EXTRANJERO,6,HEROICA CIUDAD DE TLAXIACO,,,35,13,69,0,5,6,2,1,9,1,1,0,0,0,142,307,0.4625,
20,OAXACA,VOTO EN TERRITORIO NACIONAL,6,HEROICA CIUDAD DE TLAXIACO,292,499,12898,31117,44078,2583,5746,8459,1097,5016,8028,2894,689,221,65,5360,128251,243666,0.5263,
20,OAXACA,VOTO EN EL EXTRANJERO,7,JUCHITÁN DE ZARAGOZA,,,4,10,13,0,2,2,0,0,1,1,0,0,0,0,33,56,0.5893,
20,OAXACA,VOTO EN TERRITORIO NACIONAL,7,JUCHITÁN DE ZARAGOZA,228,456,22859,49584,47587,1319,6510,3824,978,7431,6561,2293,430,154,16,3175,152721,238842,0.6394,
20,OAXACA,VOTO EN EL EXTRANJERO,8,OAXACA DE JUÁREZ,,,41,18,59,2,4,4,3,2,6,1,0,0,0,2,142,197,0.7208,
20,OAXACA,VOTO EN TERRITORIO NACIONAL,8,OAXACA DE JUÁREZ,171,460,36344,41564,53979,2021,4601,5717,3373,11511,16649,2444,975,387,62,2562,182189,275443,0.6614,
20,OAXACA,VOTO EN EL EXTRANJERO,9,SANTA LUCIA DEL CAMINO,,,27,7,41,0,6,4,0,2,8,0,0,0,0,0,95,161,0.5901,
20,OAXACA,VOTO EN TERRITORIO NACIONAL,9,SANTA LUCIA DEL CAMINO,202,440,31793,38126,39312,2349,3377,3243,2416,8838,9510,1977,587,188,58,4126,145900,249658,0.5844,
20,OAXACA,VOTO EN EL EXTRANJERO,10,MIAHUATLÁN DE PORFIRIO DÍAZ,,,11,8,23,0,0,0,1,1,5,0,0,0,0,2,51,126,0.4048,
20,OAXACA,VOTO EN TERRITORIO NACIONAL,10,MIAHUATLÁN DE PORFIRIO DÍAZ,215,410,30972,30160,34449,9094,4072,2922,1161,6186,5219,1612,420,214,55,5288,131824,218427,0.6035,
20,OAXACA,VOTO EN EL EXTRANJERO,11,SANTIAGO PINOTEPA NACIONAL,,,14,21,25,0,3,0,1,0,2,1,0,0,0,0,67,168,0.3988,
20,OAXACA,VOTO EN TERRITORIO NACIONAL,11,SANTIAGO PINOTEPA NACIONAL,193,451,18560,47952,54521,2047,4446,3328,1160,7486,7827,2916,516,162,23,4044,154988,246692,0.6283,
21,PUEBLA,VOTO EN EL EXTRANJERO,1,HUAUCHINANGO DE DEGOLLADO,,,7,11,16,1,2,2,0,2,2,2,0,0,0,0,45,75,0.6,
21,PUEBLA,VOTO EN TERRITORIO NACIONAL,1,HUAUCHINANGO DE DEGOLLADO,178,451,38979,45837,29519,2200,7017,2654,2774,14535,11666,3070,655,371,55,7255,166587,243338,0.6846,
21,PUEBLA,VOTO EN EL EXTRANJERO,2,ZACATLÁN,,,9,8,9,0,1,0,0,3,0,0,0,0,0,0,30,67,0.4478,
21,PUEBLA,VOTO EN TERRITORIO NACIONAL,2,ZACATLÁN,161,410,35052,45780,20427,2285,5356,1638,3801,19291,8963,2658,447,354,105,5315,151472,231874,0.6533,
21,PUEBLA,VOTO EN EL EXTRANJERO,3,TEZIUTLÁN,,,10,5,9,1,0,0,1,0,1,0,0,0,0,0,27,67,0.403,
21,PUEBLA,VOTO EN TERRITORIO NACIONAL,3,TEZIUTLÁN,171,413,48475,41890,17317,2233,5730,1983,3185,14349,8020,2006,381,324,21,4836,150750,229260,0.6576,
21,PUEBLA,VOTO EN EL EXTRANJERO,4,ZACAPOAXTLA,,,14,5,13,0,0,0,0,1,2,0,0,0,0,0,35,66,0.5303,
21,PUEBLA,VOTO EN TERRITORIO NACIONAL,4,ZACAPOAXTLA,181,423,35358,49620,24045,1817,8195,1882,3533,13628,7108,2730,389,299,17,6746,155367,232335,0.6687,SUP-JIN-330 SUP-JIN-341 SUP-JIN-346.pdf
21,PUEBLA,VOTO EN EL EXTRANJERO,5,SAN MARTÍN TEXMELUCAN DE LABASTIDA,,,25,24,24,1,2,1,1,2,3,1,0,0,0,0,84,176,0.4773,
21,PUEBLA,VOTO EN TERRITORIO NACIONAL,5,SAN MARTÍN TEXMELUCAN DE LABASTIDA,143,396,31730,38914,23442,1815,6372,2564,4288,16826,12175,2659,616,479,28,3403,145311,242070,0.6003,
21,PUEBLA,VOTO EN EL EXTRANJERO,6,HEROICA PUEBLA DE ZARAGOZA,,,34,6,37,0,1,8,0,1,5,1,0,2,0,0,95,142,0.669,
21,PUEBLA,VOTO EN TERRITORIO NACIONAL,6,HEROICA PUEBLA DE ZARAGOZA,166,470,48883,31663,36802,1708,7280,3616,4980,16139,20366,3265,812,604,73,3773,179964,287681,0.6256,
21,PUEBLA,VOTO EN EL EXTRANJERO,7,TEPEACA,,,21,15,21,0,0,0,0,1,4,1,0,0,0,0,63,118,0.5339,
21,PUEBLA,VOTO EN TERRITORIO NACIONAL,7,TEPEACA,117,376,26568,34233,27383,1429,6218,2023,3223,16083,14374,4168,587,422,19,4078,140808,231433,0.6084,
21,PUEBLA,VOTO EN EL EXTRANJERO,8,CIUDAD SERDÁN,,,20,6,19,0,0,0,1,2,7,1,0,0,0,0,56,109,0.5138,
21,PUEBLA,VOTO EN TERRITORIO NACIONAL,8,CIUDAD SERDÁN,140,360,26025,31625,23479,1537,7257,1994,1949,14629,13596,4834,631,530,30,3603,131719,208281,0.6324,
21,PUEBLA,VOTO EN EL EXTRANJERO,9,HEROICA PUEBLA DE ZARAGOZA,,,45,10,45,2,3,5,4,0,8,2,0,1,0,1,126,175,0.72,
21,PUEBLA,VOTO EN TERRITORIO NACIONAL,9,HEROICA PUEBLA DE ZARAGOZA,179,462,50402,28765,36028,1586,7046,4104,4878,14320,20950,2891,899,585,71,3393,175918,275359,0.6389,
21,PUEBLA,VOTO EN EL EXTRANJERO,10,CHOLULA DE RIVADAVIA,,,64,16,80,2,6,5,6,0,12,2,1,1,1,0,196,325,0.6031,
21,PUEBLA,VOTO EN TERRITORIO NACIONAL,10,CHOLULA DE RIVADAVIA,124,437,53504,29198,33552,1500,7065,3864,4070,13034,17323,2919,918,545,54,3211,170757,277413,0.6155,
21,PUEBLA,VOTO EN EL EXTRANJERO,11,HEROICA PUEBLA DE ZARAGOZA,,,118,21,77,1,16,6,8,1,5,0,0,0,1,1,255,327,0.7798,
21,PUEBLA,VOTO EN TERRITORIO NACIONAL,11,HEROICA PUEBLA DE ZARAGOZA,183,485,61409,30034,35271,1728,7654,3825,4642,15473,18573,2817,753,638,119,3483,186419,289970,0.6429,
21,PUEBLA,VOTO EN EL EXTRANJERO,12,HEROICA PUEBLA DE ZARAGOZA,,,79,19,82,0,8,8,3,1,6,1,0,1,0,1,209,267,0.7828,
21,PUEBLA,VOTO EN TERRITORIO NACIONAL,12,HEROICA PUEBLA DE ZARAGOZA,180,469,56139,32562,39166,1569,7724,3931,4566,14128,19372,2871,844,570,83,3137,186662,281482,0.6631,
21,PUEBLA,VOTO EN EL EXTRANJERO,13,ATLIXCO,,,79,29,49,0,3,7,4,8,2,1,1,0,0,0,183,395,0.4633,
21,PUEBLA,VOTO EN TERRITORIO NACIONAL,13,ATLIXCO,194,406,37661,34864,19517,1138,5694,2282,2149,10616,8469,2404,483,382,31,3113,128803,224311,0.5742,
21,PUEBLA,VOTO EN EL EXTRANJERO,14,IZÚCAR DE MATAMOROS,,,57,28,60,1,2,2,3,8,14,1,1,0,0,1,178,414,0.43,
21,PUEBLA,VOTO EN TERRITORIO NACIONAL,14,IZÚCAR DE MATAMOROS,182,431,20726,37643,25111,1472,5290,2199,1974,13268,11389,3255,543,361,32,4309,127572,228005,0.5595,
21,PUEBLA,VOTO EN EL EXTRANJERO,15,TEHUACÁN,,,23,7,37,0,3,1,1,1,6,0,1,0,0,0,80,144,0.5556,
21,PUEBLA,VOTO EN TERRITORIO NACIONAL,15,TEHUACÁN,113,382,38007,35989,24582,1564,6879,2627,2984,14582,12311,3004,548,412,33,3462,146984,239193,0.6145,
21,PUEBLA,VOTO EN EL EXTRANJERO,16,AJALPAN,,,12,12,13,0,1,1,0,0,1,0,0,0,0,1,41,92,0.4457,
21,PUEBLA,VOTO EN TERRITORIO NACIONAL,16,AJALPAN,167,372,31442,48205,17324,1339,6218,1801,3012,9477,6078,2133,323,256,9,6605,134222,193964,0.692,
22,QUERETARO,VOTO EN EL EXTRANJERO,1,CADEREYTA DE MONTES,,,26,22,20,0,2,1,1,1,3,2,0,0,0,1,79,169,0.4675,
22,QUERETARO,VOTO EN TERRITORIO NACIONAL,1,CADEREYTA DE MONTES,215,531,56023,84695,23348,4269,3136,4172,4542,11915,4476,945,367,157,32,7707,205784,291189,0.7067,
22,QUERETARO,VOTO EN EL EXTRANJERO,2,SAN JUAN DEL RÍO,,,75,15,40,0,4,4,3,4,3,0,0,0,0,0,148,216,0.6852,
22,QUERETARO,VOTO EN TERRITORIO NACIONAL,2,SAN JUAN DEL RÍO,212,567,70061,66282,30251,2515,4595,2771,5865,14512,6842,1251,347,203,76,6739,212310,327188,0.6489,
22,QUERETARO,VOTO EN EL EXTRANJERO,3,SANTIAGO DE QUERÉTARO,,,134,15,44,1,7,6,5,0,4,0,0,1,0,1,218,271,0.8044,
22,QUERETARO,VOTO EN TERRITORIO NACIONAL,3,SANTIAGO DE QUERÉTARO,190,545,77944,56747,36715,1758,4092,3341,5314,12065,8007,1205,529,253,113,4449,212532,328967,0.6461,
22,QUERETARO,VOTO EN EL EXTRANJERO,4,SANTIAGO DE QUERÉTARO,,,140,19,59,2,7,14,12,2,8,0,0,1,2,3,269,333,0.8078,
22,QUERETARO,VOTO EN TERRITORIO NACIONAL,4,SANTIAGO DE QUERÉTARO,197,550,83940,62654,38767,1901,3787,3158,4543,11332,7518,1268,510,203,110,4771,224462,332871,0.6743,
23,QUINTANA ROO,VOTO EN EL EXTRANJERO,1,PLAYA DEL CARMEN,,,25,5,28,0,3,1,0,0,5,1,0,0,0,1,69,89,0.7753,
23,QUINTANA ROO,VOTO EN TERRITORIO NACIONAL,1,PLAYA DEL CARMEN,403,802,49803,56813,69357,4288,4750,3355,4408,19006,21719,5250,1304,416,99,4600,245168,448646,0.5465,SUP-JIN-76.pdf
23,QUINTANA ROO,VOTO EN EL EXTRANJERO,2,CHETUMAL,,,3,4,15,0,0,2,1,2,1,0,0,0,0,0,28,43,0.6512,
23,QUINTANA ROO,VOTO EN TERRITORIO NACIONAL,2,CHETUMAL,243,456,23764,48213,39859,2048,5614,1898,3132,13041,11665,3935,604,286,32,3773,157864,240536,0.6563,
23,QUINTANA ROO,VOTO EN EL EXTRANJERO,3,CANCÚN,,,57,6,34,0,4,14,4,2,7,0,0,0,0,3,131,164,0.7988,
23,QUINTANA ROO,VOTO EN TERRITORIO NACIONAL,3,CANCÚN,185,413,37651,25212,38204,1585,2360,1737,2817,8784,10432,2336,660,198,117,2445,134538,235907,0.5703,
24,SAN LUIS POTOSI,VOTO EN EL EXTRANJERO,1,MATEHUALA,,,46,26,15,0,3,0,5,0,3,0,0,0,0,0,98,192,0.5104,
24,SAN LUIS POTOSI,VOTO EN TERRITORIO NACIONAL,1,MATEHUALA,326,509,43406,52596,12046,5264,7843,5107,3100,13737,4486,1645,420,521,86,7713,157970,241994,0.6528,
24,SAN LUIS POTOSI,VOTO EN EL EXTRANJERO,2,SOLEDAD DE GRACIANO SÁNCHEZ,,,23,9,17,0,0,1,0,4,0,0,0,0,0,0,54,100,0.54,
24,SAN LUIS POTOSI,VOTO EN TERRITORIO NACIONAL,2,SOLEDAD DE GRACIANO SÁNCHEZ,220,462,47571,44525,22639,4661,3557,2165,5872,12512,6282,1637,485,400,59,6580,158945,255583,0.6219,
24,SAN LUIS POTOSI,VOTO EN EL EXTRANJERO,3,RIOVERDE,,,77,47,17,1,1,3,0,2,4,0,0,0,0,1,153,277,0.5523,
24,SAN LUIS POTOSI,VOTO EN TERRITORIO NACIONAL,3,RIOVERDE,354,517,50755,55413,11744,2308,5394,1765,3085,10674,3248,884,220,222,37,7016,152765,237861,0.6422,
24,SAN LUIS POTOSI,VOTO EN EL EXTRANJERO,4,CIUDAD VALLES,,,33,12,17,0,2,0,0,0,2,0,0,0,0,1,67,120,0.5583,
24,SAN LUIS POTOSI,VOTO EN TERRITORIO NACIONAL,4,CIUDAD VALLES,245,440,39067,45223,19893,2398,4980,5499,2933,9920,4988,1534,509,279,44,5647,142914,230017,0.6213,
24,SAN LUIS POTOSI,VOTO EN EL EXTRANJERO,5,SAN LUIS POTOSÍ,,,136,27,67,0,2,12,7,4,10,0,1,1,1,4,272,331,0.8218,
24,SAN LUIS POTOSI,VOTO EN TERRITORIO NACIONAL,5,SAN LUIS POTOSÍ,198,470,64910,35228,26492,2582,3242,2478,5338,11598,7750,1230,449,247,150,3733,165427,273178,0.6056,
24,SAN LUIS POTOSI,VOTO EN EL EXTRANJERO,6,SAN LUIS POTOSÍ,,,56,4,37,0,3,3,2,1,0,1,0,0,1,4,112,148,0.7568,
24,SAN LUIS POTOSI,VOTO EN TERRITORIO NACIONAL,6,SAN LUIS POTOSÍ,157,457,55141,33362,28330,2734,3050,2436,7126,12765,9537,1402,606,287,153,4187,161116,278426,0.5787,
24,SAN LUIS POTOSI,VOTO EN EL EXTRANJERO,7,TAMAZUNCHALE,,,3,8,7,0,0,1,0,0,2,0,0,0,0,0,21,40,0.525,
24,SAN LUIS POTOSI,VOTO EN TERRITORIO NACIONAL,7,TAMAZUNCHALE,286,493,45352,55932,26361,4116,5959,6116,4814,11104,4285,1566,900,415,56,10869,177845,248130,0.7167,
25,SINALOA,VOTO EN EL EXTRANJERO,1,EL FUERTE,,,20,10,9,0,1,1,0,1,3,0,0,0,0,0,45,73,0.6164,
25,SINALOA,VOTO EN TERRITORIO NACIONAL,1,EL FUERTE,619,655,42775,57630,14275,1224,1019,798,1639,8019,2260,621,196,59,15,4498,135028,209416,0.6448,
25,SINALOA,VOTO EN EL EXTRANJERO,2,LOS MOCHIS,,,36,14,26,1,1,3,4,1,4,0,0,0,0,0,90,121,0.7438,
25,SINALOA,VOTO EN TERRITORIO NACIONAL,2,LOS MOCHIS,455,595,51484,54724,29620,1995,2228,2102,3222,12852,8269,1488,559,194,46,3943,172726,276898,0.6238,
25,SINALOA,VOTO EN EL EXTRANJERO,3,GUAMUCHIL,,,12,10,10,1,0,1,1,1,1,0,0,0,0,0,37,69,0.5362,
25,SINALOA,VOTO EN TERRITORIO NACIONAL,3,GUAMUCHIL,511,604,37236,61683,21932,1665,1851,1600,2602,13485,5434,958,405,165,48,4103,153167,239898,0.6385,
25,SINALOA,VOTO EN EL EXTRANJERO,4,GUASAVE,,,24,7,10,0,0,1,3,2,0,0,1,0,0,0,48,74,0.6486,
25,SINALOA,VOTO EN TERRITORIO NACIONAL,4,GUASAVE,438,483,22325,51602,26211,1341,1343,1283,2654,9645,4884,1249,449,110,21,4216,127333,191401,0.6653,
25,SINALOA,VOTO EN EL EXTRANJERO,5,CULIACÁN DE ROSALES,,,50,18,36,3,2,2,1,1,4,1,0,0,0,1,119,144,0.8264,
25,SINALOA,VOTO EN TERRITORIO NACIONAL,5,CULIACÁN DE ROSALES,507,650,36192,61382,31534,2227,3044,2623,3110,17853,10433,1464,599,278,192,3299,174230,283102,0.6154,
25,SINALOA,VOTO EN EL EXTRANJERO,6,MAZATLÁN,,,23,7,12,0,2,3,2,2,3,0,0,0,0,1,55,73,0.7534,
25,SINALOA,VOTO EN TERRITORIO NACIONAL,6,MAZATLÁN,426,528,40104,53868,17577,1264,1705,1219,2981,9592,3750,824,236,97,45,4209,137471,218331,0.6296,
25,SINALOA,VOTO EN EL EXTRANJERO,7,CULIACÁN DE ROSALES,,,32,8,19,0,1,3,1,1,1,1,0,0,0,0,67,97,0.6907,
25,SINALOA,VOTO EN TERRITORIO NACIONAL,7,CULIACÁN DE ROSALES,424,549,30845,54161,21954,2097,2320,1823,3776,15523,7528,1099,435,192,94,3946,145793,258089,0.5649,
25,SINALOA,VOTO EN EL EXTRANJERO,8,MAZATLAN,,,33,7,28,0,2,3,4,1,3,0,0,0,1,0,82,97,0.8454,
25,SINALOA,VOTO EN TERRITORIO NACIONAL,8,MAZATLAN,386,501,34394,41797,20841,2143,3286,2074,2584,13272,8066,1389,413,242,78,3145,133724,235153,0.5687,
26,SONORA,VOTO EN EL EXTRANJERO,1,SAN LUIS RÍO COLORADO,,,67,27,21,1,2,3,2,2,8,0,0,0,0,2,135,201,0.6716,
26,SONORA,VOTO EN TERRITORIO NACIONAL,1,SAN LUIS RÍO COLORADO,193,481,54051,52467,17094,1551,2045,1352,2296,10643,3521,1174,315,117,29,3382,150037,273602,0.5484,
26,SONORA,VOTO EN EL EXTRANJERO,2,NOGALES,,,88,26,38,0,4,2,2,5,5,0,0,0,0,1,171,258,0.6628,
26,SONORA,VOTO EN TERRITORIO NACIONAL,2,NOGALES,192,502,48282,58053,19353,1833,2930,1749,2579,12986,4196,1032,439,199,447,3491,157569,298400,0.528,
26,SONORA,VOTO EN EL EXTRANJERO,3,HERMOSILLO,,,68,14,46,0,3,5,1,4,6,0,0,0,0,0,147,185,0.7946,
26,SONORA,VOTO EN TERRITORIO NACIONAL,3,HERMOSILLO,151,437,57208,42773,22545,1023,2559,1736,3100,10018,5913,950,355,223,60,2951,151414,265197,0.5709,
26,SONORA,VOTO EN EL EXTRANJERO,4,GUAYMAS,,,26,12,23,0,4,2,1,2,4,0,0,0,2,1,77,107,0.7196,
26,SONORA,VOTO EN TERRITORIO NACIONAL,4,GUAYMAS,258,490,44490,50261,30006,1875,4968,3162,2323,8155,7128,1833,616,334,61,6199,161411,252189,0.64,
26,SONORA,VOTO EN EL EXTRANJERO,5,HERMOSILLO,,,73,19,42,0,8,9,4,0,4,0,0,0,3,0,162,197,0.8223,
26,SONORA,VOTO EN TERRITORIO NACIONAL,5,HERMOSILLO,169,421,54043,39673,19612,843,2676,1472,2275,8737,5200,841,298,181,50,2873,138774,246700,0.5625,
26,SONORA,VOTO EN EL EXTRANJERO,6,CD. OBREGÓN,,,46,18,38,0,1,4,1,4,2,1,0,0,0,1,116,159,0.7296,
26,SONORA,VOTO EN TERRITORIO NACIONAL,6,CD. OBREGÓN,219,508,33902,55837,36697,1045,3528,2535,2045,12643,9278,1685,719,249,48,4776,164987,291588,0.5658,SUP-JIN-204.pdf
26,SONORA,VOTO EN EL EXTRANJERO,7,NAVOJOA,,,7,10,11,0,1,1,0,1,2,0,0,0,0,0,33,47,0.7021,
26,SONORA,VOTO EN TERRITORIO NACIONAL,7,NAVOJOA,207,448,49817,48038,30902,990,1952,1308,1496,10550,5779,2308,504,131,22,4735,158532,244646,0.648,
27,TABASCO,VOTO EN EL EXTRANJERO,1,MACUSPANA,,,4,6,12,0,0,1,0,0,2,0,0,0,0,0,25,38,0.6579,
27,TABASCO,VOTO EN TERRITORIO NACIONAL,1,MACUSPANA,213,424,14905,51458,60833,988,2769,4421,668,8008,11482,3421,908,214,8,4601,164684,228466,0.7208,SUP-JIN-234.pdf
27,TABASCO,VOTO EN EL EXTRANJERO,2,HEROICA CÁRDENAS,,,4,3,13,0,1,0,1,0,3,0,0,0,0,0,25,55,0.4545,
27,TABASCO,VOTO EN TERRITORIO NACIONAL,2,HEROICA CÁRDENAS,190,414,6414,47751,69672,842,1752,1254,801,8463,13479,5953,826,97,16,4618,161938,234300,0.6912,
27,TABASCO,VOTO EN EL EXTRANJERO,3,COMALCALCO,,,3,4,3,0,0,0,1,0,1,0,0,0,0,0,12,20,0.6,
27,TABASCO,VOTO EN TERRITORIO NACIONAL,3,COMALCALCO,185,442,6810,51349,86174,892,2234,1861,1035,8403,15941,6700,863,115,12,4570,186959,257020,0.7274,
27,TABASCO,VOTO EN EL EXTRANJERO,4,VILLAHERMOSA,,,9,3,30,0,3,3,0,0,5,1,2,0,1,0,57,75,0.76,
27,TABASCO,VOTO EN TERRITORIO NACIONAL,4,VILLAHERMOSA,177,448,8667,35449,80648,1059,3848,4311,1210,9653,24847,5449,1362,248,28,3307,180086,261102,0.6897,
27,TABASCO,VOTO EN EL EXTRANJERO,5,PARAÍSO,,,2,2,6,0,0,0,0,0,0,0,0,0,0,0,10,20,0.5,
27,TABASCO,VOTO EN TERRITORIO NACIONAL,5,PARAÍSO,183,440,16242,50148,86463,830,3225,2364,884,7366,14020,5887,822,147,7,4460,192865,254929,0.7565,
27,TABASCO,VOTO EN EL EXTRANJERO,6,VILLAHERMOSA,,,11,2,23,0,2,0,1,0,5,0,1,0,0,0,45,55,0.8182,
27,TABASCO,VOTO EN TERRITORIO NACIONAL,6,VILLAHERMOSA,183,497,11947,50703,84900,1428,3064,4232,1165,11573,22768,5670,1429,191,76,5050,204196,294325,0.6938,
28,TAMAULIPAS,VOTO EN EL EXTRANJERO,1,NUEVO LAREDO,,,85,17,12,2,0,4,2,4,1,0,1,0,0,3,131,187,0.7005,
28,TAMAULIPAS,VOTO EN TERRITORIO NACIONAL,1,NUEVO LAREDO,239,560,86333,42563,16287,1576,1542,1223,5241,9291,5141,833,315,123,66,3892,174426,328192,0.5315,
28,TAMAULIPAS,VOTO EN EL EXTRANJERO,2,REYNOSA,,,75,19,30,1,1,2,3,5,8,0,0,0,0,0,144,185,0.7784,
28,TAMAULIPAS,VOTO EN TERRITORIO NACIONAL,2,REYNOSA,212,552,70690,45973,24795,1615,3612,2412,3934,9972,8682,1433,444,237,48,3745,177592,324651,0.547,SUP-JIN-210.pdf
28,TAMAULIPAS,VOTO EN EL EXTRANJERO,3,RÍO BRAVO,,,24,18,26,0,1,2,2,2,3,0,0,0,0,0,78,131,0.5954,
28,TAMAULIPAS,VOTO EN TERRITORIO NACIONAL,3,RÍO BRAVO,373,751,91887,66326,26118,2027,3166,1961,4385,10619,7087,1465,429,217,53,5179,220919,409145,0.54,
28,TAMAULIPAS,VOTO EN EL EXTRANJERO,4,H. MATAMOROS,,,64,19,30,0,3,9,4,2,5,1,1,0,0,1,139,196,0.7092,
28,TAMAULIPAS,VOTO EN TERRITORIO NACIONAL,4,H. MATAMOROS,173,498,60619,46665,19261,1929,2649,2060,3861,10650,6955,916,315,214,41,3557,159692,302038,0.5287,
28,TAMAULIPAS,VOTO EN EL EXTRANJERO,5,CIUDAD VICTORIA,,,38,6,35,0,0,3,2,1,3,0,0,0,0,1,89,113,0.7876,
28,TAMAULIPAS,VOTO EN TERRITORIO NACIONAL,5,CIUDAD VICTORIA,220,505,58826,57648,21812,1263,5639,2352,4526,12096,8618,1532,422,329,52,3358,178473,274312,0.6506,
28,TAMAULIPAS,VOTO EN EL EXTRANJERO,6,CIUDAD MANTE,,,35,10,16,0,0,0,0,0,1,0,0,0,1,0,63,109,0.578,
28,TAMAULIPAS,VOTO EN TERRITORIO NACIONAL,6,CIUDAD MANTE,293,532,68343,60752,13775,1454,1690,1188,2430,10083,4020,877,241,127,25,3431,168436,254117,0.6628,
28,TAMAULIPAS,VOTO EN EL EXTRANJERO,7,CIUDAD MADERO,,,44,9,28,0,2,7,3,9,37,0,0,1,0,0,140,119,1.1765,
28,TAMAULIPAS,VOTO EN TERRITORIO NACIONAL,7,CIUDAD MADERO,182,497,80004,43982,28424,1561,2132,1771,3727,8958,8783,1470,523,161,54,3539,185089,297108,0.623,SUP-JIN-354 SUP-JIN-38.pdf
28,TAMAULIPAS,VOTO EN EL EXTRANJERO,8,TAMPICO,,,119,15,34,0,3,4,4,1,9,0,0,0,0,2,191,228,0.8377,
28,TAMAULIPAS,VOTO EN TERRITORIO NACIONAL,8,TAMPICO,205,444,80201,34542,22551,1172,1627,1810,3341,8164,7157,1037,390,161,43,2265,164461,255483,0.6437,
29,TLAXCALA,VOTO EN EL EXTRANJERO,1,APIZACO,,,28,13,25,2,0,1,2,2,1,1,0,0,0,0,75,131,0.5725,
29,TLAXCALA,VOTO EN TERRITORIO NACIONAL,1,APIZACO,243,501,36739,48450,34085,2900,4421,2951,5887,16734,11927,2620,761,297,34,4562,172368,276214,0.624,
29,TLAXCALA,VOTO EN EL EXTRANJERO,2,TLAXCALA DE XICOHTENCATL,,,13,15,29,1,0,3,1,1,1,0,1,0,0,0,65,120,0.5417,
29,TLAXCALA,VOTO EN TERRITORIO NACIONAL,2,TLAXCALA DE XICOHTENCATL,160,447,32819,44445,45606,1781,7524,3999,5306,13952,18883,3657,865,465,30,3094,182426,273125,0.6679,
29,TLAXCALA,VOTO EN EL EXTRANJERO,3,ZACATELCO,,,35,28,37,1,3,2,1,3,2,1,0,0,0,3,116,255,0.4549,
29,TLAXCALA,VOTO EN TERRITORIO NACIONAL,3,ZACATELCO,205,464,28816,40565,39316,1902,5495,4128,4736,13452,18259,3485,926,400,26,3636,165142,264269,0.6249,
30,VERACRUZ,VOTO EN EL EXTRANJERO,1,PANUCO,,,7,5,10,0,1,1,2,0,0,0,0,0,0,0,26,48,0.5417,
30,VERACRUZ,VOTO EN TERRITORIO NACIONAL,1,PANUCO,272,432,51270,47976,15659,1921,1357,953,1732,10762,3983,930,243,75,30,3250,140141,210819,0.6647,
30,VERACRUZ,VOTO EN EL EXTRANJERO,2,TANTOYUCA,,,1,1,2,0,1,0,0,0,0,0,0,0,0,0,5,22,0.2273,
30,VERACRUZ,VOTO EN TERRITORIO NACIONAL,2,TANTOYUCA,265,473,64085,62516,24901,3002,3070,696,1549,7556,2685,1107,174,44,30,5289,176704,239636,0.7374,
30,VERACRUZ,VOTO EN EL EXTRANJERO,3,TUXPAN DE RODRÍGUEZ CANO,,,3,3,4,1,0,1,0,0,1,0,0,0,0,0,13,24,0.5417,
30,VERACRUZ,VOTO EN TERRITORIO NACIONAL,3,TUXPAN DE RODRÍGUEZ CANO,213,430,49475,49815,20323,2601,1767,1206,2812,10487,5504,1099,326,130,43,3581,149169,225482,0.6616,
30,VERACRUZ,VOTO EN EL EXTRANJERO,4,VERACRUZ,,,68,7,39,0,5,5,2,0,6,0,0,0,1,1,134,170,0.7882,
30,VERACRUZ,VOTO EN TERRITORIO NACIONAL,4,VERACRUZ,185,448,83081,34538,25385,1128,2243,2546,2298,9269,8265,1145,494,224,44,2993,173653,261447,0.6642,
30,VERACRUZ,VOTO EN EL EXTRANJERO,5,POZA RICA DE HIDALGO,,,8,4,8,1,0,0,2,0,2,0,0,0,0,0,25,52,0.4808,
30,VERACRUZ,VOTO EN TERRITORIO NACIONAL,5,POZA RICA DE HIDALGO,203,438,49207,43811,28722,1555,2252,1627,3109,9887,7340,1651,476,188,58,3421,153304,244890,0.626,
30,VERACRUZ,VOTO EN EL EXTRANJERO,6,PAPANTLA DE OLARTE,,,8,2,1,0,0,0,0,0,0,0,0,0,0,0,11,40,0.275,
30,VERACRUZ,VOTO EN TERRITORIO NACIONAL,6,PAPANTLA DE OLARTE,200,410,45455,42859,27707,2664,2460,3061,2152,7610,6441,1513,516,143,14,3469,146064,216096,0.6759,
30,VERACRUZ,VOTO EN EL EXTRANJERO,7,MARTÍNEZ DE LA TORRE,,,22,4,15,0,2,1,0,1,3,0,0,0,0,2,50,124,0.4032,
30,VERACRUZ,VOTO EN TERRITORIO NACIONAL,7,MARTÍNEZ DE LA TORRE,246,493,52932,45576,25467,2172,2329,1726,3175,11425,7320,1576,412,113,24,4273,158520,244600,0.6481,
30,VERACRUZ,VOTO EN EL EXTRANJERO,8,XALAPA,,,28,18,33,0,4,4,1,0,5,1,0,1,0,3,98,195,0.5026,
30,VERACRUZ,VOTO EN TERRITORIO NACIONAL,8,XALAPA,279,552,65742,50039,41784,2568,3856,3042,2717,10984,11402,2516,780,257,52,4225,199964,287195,0.6963,
30,VERACRUZ,VOTO EN EL EXTRANJERO,9,COATEPEC,,,8,4,17,0,0,4,2,0,0,0,1,0,0,1,37,65,0.5692,
30,VERACRUZ,VOTO EN TERRITORIO NACIONAL,9,COATEPEC,203,466,56823,45731,35711,1952,3333,2256,3356,10663,8916,2128,572,207,18,5216,176882,258065,0.6854,
30,VERACRUZ,VOTO EN EL EXTRANJERO,10,XALAPA,,,29,15,67,0,8,15,1,0,9,1,0,0,0,0,145,188,0.7713,
30,VERACRUZ,VOTO EN TERRITORIO NACIONAL,10,XALAPA,221,486,44637,32505,58253,1721,4434,3801,4111,9614,17745,3324,1007,395,85,3476,185108,273890,0.6758,
30,VERACRUZ,VOTO EN EL EXTRANJERO,11,COATZACOALCOS,,,22,4,24,1,3,7,3,0,3,0,1,0,0,0,68,109,0.6239,
30,VERACRUZ,VOTO EN TERRITORIO NACIONAL,11,COATZACOALCOS,239,523,31005,42489,61873,1472,2382,2298,2239,12681,18530,3518,951,203,59,3577,183277,277705,0.66,
30,VERACRUZ,VOTO EN EL EXTRANJERO,12,VERACRUZ,,,43,2,26,1,1,4,3,2,4,1,0,0,1,1,89,115,0.7739,
30,VERACRUZ,VOTO EN TERRITORIO NACIONAL,12,VERACRUZ,261,482,78874,28881,27672,1044,2154,3510,2517,8425,10073,1118,648,255,74,2693,167938,268825,0.6247,
30,VERACRUZ,VOTO EN EL EXTRANJERO,13,HUATUSCO,,,18,4,19,1,0,3,0,0,0,0,0,0,1,2,48,79,0.6076,
30,VERACRUZ,VOTO EN TERRITORIO NACIONAL,13,HUATUSCO,216,474,80613,47986,24104,2009,1669,2167,2217,11641,7028,1252,543,158,31,4279,185697,261839,0.7092,
30,VERACRUZ,VOTO EN EL EXTRANJERO,14,MINATITLÁN,,,28,15,16,0,0,0,0,1,1,0,0,0,0,0,61,105,0.581,
30,VERACRUZ,VOTO EN TERRITORIO NACIONAL,14,MINATITLÁN,214,486,39382,43617,38574,1538,2606,1935,1596,9664,10239,2483,587,170,52,3364,155807,243502,0.6399,
30,VERACRUZ,VOTO EN EL EXTRANJERO,15,ORIZABA,,,24,15,27,0,3,2,1,0,2,0,0,0,0,0,74,123,0.6016,
30,VERACRUZ,VOTO EN TERRITORIO NACIONAL,15,ORIZABA,225,496,60538,42698,40585,2026,3216,2425,3167,11116,11737,2683,700,270,36,4522,185719,274718,0.676,
30,VERACRUZ,VOTO EN EL EXTRANJERO,16,CORDOBA,,,34,5,25,0,2,4,4,0,7,0,0,0,0,0,81,124,0.6532,
30,VERACRUZ,VOTO EN TERRITORIO NACIONAL,16,CORDOBA,213,473,73568,41570,36540,1669,2542,3013,2807,10374,10665,1997,706,283,63,3611,189408,271299,0.6982,
30,VERACRUZ,VOTO EN EL EXTRANJERO,17,COSAMALOAPAN,,,24,15,21,0,1,1,0,1,3,0,0,0,0,1,67,132,0.5076,
30,VERACRUZ,VOTO EN TERRITORIO NACIONAL,17,COSAMALOAPAN,288,566,81624,51525,25919,2117,2664,2088,2784,12809,7803,1554,493,222,67,4968,196637,298485,0.6588,SUP-JIN-235.pdf
30,VERACRUZ,VOTO EN EL EXTRANJERO,18,ZONGOLICA,,,26,6,17,0,0,1,0,0,1,0,1,0,0,1,53,86,0.6163,
30,VERACRUZ,VOTO EN TERRITORIO NACIONAL,18,ZONGOLICA,218,448,47782,49265,42049,2605,2356,2410,1859,8999,6866,2265,508,126,30,5831,172951,241737,0.7155,
30,VERACRUZ,VOTO EN EL EXTRANJERO,19,SAN ANDRÉS TUXTLA,,,12,8,9,1,0,0,0,0,0,1,0,0,0,0,31,52,0.5962,
30,VERACRUZ,VOTO EN TERRITORIO NACIONAL,19,SAN ANDRÉS TUXTLA,216,445,53190,41775,25389,2345,2195,1516,1649,11066,6858,1821,479,147,28,4626,153084,242114,0.6323,
30,VERACRUZ,VOTO EN EL EXTRANJERO,20,ACAYUCAN,,,17,6,12,0,0,0,1,0,2,0,1,0,0,0,39,107,0.3645,
30,VERACRUZ,VOTO EN TERRITORIO NACIONAL,20,ACAYUCAN,207,434,53563,47820,22634,1828,2964,1973,1473,10614,6203,1658,338,128,15,4200,155411,238438,0.6518,
30,VERACRUZ,VOTO EN EL EXTRANJERO,21,COSOLEACAQUE,,,12,1,8,0,2,0,0,0,1,0,0,0,0,0,24,55,0.4364,
30,VERACRUZ,VOTO EN TERRITORIO NACIONAL,21,COSOLEACAQUE,220,457,39869,51119,45019,1694,2287,1987,1399,9781,9706,2596,568,101,21,4312,170459,249565,0.683,
31,YUCATAN,VOTO EN EL EXTRANJERO,1,VALLADOLID,,,10,6,2,0,0,1,0,0,0,0,0,0,0,0,19,27,0.7037,
31,YUCATAN,VOTO EN TERRITORIO NACIONAL,1,VALLADOLID,226,444,78734,79103,19309,2439,1516,933,3555,9149,2246,798,167,69,11,3462,201491,240682,0.8372,
31,YUCATAN,VOTO EN EL EXTRANJERO,2,PROGRESO,,,17,4,6,0,0,0,0,1,4,0,0,0,0,0,32,33,0.9697,
31,YUCATAN,VOTO EN TERRITORIO NACIONAL,2,PROGRESO,224,476,77063,80119,20737,6164,2810,1583,3403,10221,3382,853,263,128,28,4510,211264,264507,0.7987,
31,YUCATAN,VOTO EN EL EXTRANJERO,3,MÉRIDA,,,45,3,29,0,7,6,1,0,4,1,0,0,0,1,97,112,0.8661,
31,YUCATAN,VOTO EN TERRITORIO NACIONAL,3,MÉRIDA,213,541,79348,65772,33789,1744,3181,3033,4884,15439,7518,1241,575,248,61,4236,221069,313038,0.7062,
31,YUCATAN,VOTO EN EL EXTRANJERO,4,MÉRIDA,,,58,23,34,0,3,8,1,1,0,0,0,0,1,0,129,156,0.8269,
31,YUCATAN,VOTO EN TERRITORIO NACIONAL,4,MÉRIDA,211,483,76380,61884,28995,1501,2417,2510,4428,13120,5796,997,422,178,74,3748,202450,275954,0.7336,SUP-JIN-52.pdf
31,YUCATAN,VOTO EN EL EXTRANJERO,5,TICUL,,,20,5,5,0,1,0,1,0,0,0,0,1,1,0,34,66,0.5152,
31,YUCATAN,VOTO EN TERRITORIO NACIONAL,5,TICUL,201,460,82522,80689,23107,2720,3229,1082,1858,9904,2765,1344,250,113,12,5029,214624,263238,0.8153,
32,ZACATECAS,VOTO EN EL EXTRANJERO,1,FRESNILLO,,,44,31,20,2,6,1,5,0,3,0,0,0,1,3,116,181,0.6409,
32,ZACATECAS,VOTO EN TERRITORIO NACIONAL,1,FRESNILLO,417,588,26465,58811,16113,5177,16349,1248,5542,18322,6315,2943,248,310,34,3908,161785,267748,0.6042,
32,ZACATECAS,VOTO EN EL EXTRANJERO,2,JERÉZ DE GARCÍA SALINAS,,,156,90,43,2,11,6,1,11,4,1,0,0,0,2,327,520,0.6288,
32,ZACATECAS,VOTO EN TERRITORIO NACIONAL,2,JERÉZ DE GARCÍA SALINAS,650,761,39917,60792,20493,3626,3019,1115,4604,14568,3979,1534,262,127,49,4331,158416,266318,0.5948,
32,ZACATECAS,VOTO EN EL EXTRANJERO,3,ZACATECAS,,,39,21,29,1,7,1,1,1,8,3,0,0,0,0,111,189,0.5873,
32,ZACATECAS,VOTO EN TERRITORIO NACIONAL,3,ZACATECAS,430,598,27752,63852,25037,3712,6358,1794,5490,18211,6401,2161,403,203,55,4152,165581,261611,0.6329,
32,ZACATECAS,VOTO EN EL EXTRANJERO,4,GUADALUPE,,,35,25,32,0,2,3,6,3,2,1,0,1,0,2,112,218,0.5138,
32,ZACATECAS,VOTO EN TERRITORIO NACIONAL,4,GUADALUPE,356,563,28008,66774,26871,4481,6523,1597,5782,20140,7155,2588,352,225,47,4455,174998,279775,0.6255,
