﻿CIRCUNSCRIPCION,ID_ESTADO,NOMBRE_ESTADO,ID_DISTRITO_LOCAL,CABECERA_DISTRITAL_LOCAL,ID_MUNICIPIO,MUNICIPIO,ID_DEMARCACION_LOCAL,DEMARCACION_LOCAL,TIPO_DE_ELECCION,NOMBRE_PARTICIPANTE,NUMERO_LISTA,CANDIDATO,SEXO_CANDIDATO,RUTA_CONSTANCIA,PARTIDO
,6,COLIMA,,,,,,,GOB,MORENA_PNA,1,INDIRA VIZCAINO SILVA,2,,MORENA
,6,COLIMA,1,,,,,COLIMA,DIP_LOC_MR,PAN_PRI_PRD,1,MARTHA FERNANDA SALAZAR MARTINEZ,2,,PAN
,6,COLIMA,2,,,,,COLIMA,DIP_LOC_MR,PAN_PRI_PRD,1,PRISCILA GARCIA DELGADO,2,,PAN
,6,COLIMA,3,,,,,COLIMA,DIP_LOC_MR,MORENA,1,ALFREDO ALVAREZ RAMIREZ,1,,MORENA
,6,COLIMA,4,,,,,COMALA-VILLA DE ALVAREZ,DIP_LOC_MR,PAN_PRI_PRD,1,MIGUEL ANGEL GALINDO BARRAGAN,1,,PRI
,6,COLIMA,5,,,,,COQUIMATLAN-VILLA DE ALVAREZ,DIP_LOC_MR,PAN_PRI_PRD,1,MYRIAM GUDIÑO ESPINDOLA,2,,PNA
,6,COLIMA,6,,,,,COLIMA-CUAUHTEMOC,DIP_LOC_MR,PAN_PRI_PRD,1,HILDA LIZETTE MORENO CEBALLOS,2,,PRD
,6,COLIMA,7,,,,,VILLA DE ALVAREZ,DIP_LOC_MR,PAN_PRI_PRD,1,JOSE DE JESUS DUEÑAS GARCIA,1,,PRI
,6,COLIMA,8,,,,,VILLA DE ALVAREZ,DIP_LOC_MR,PAN_PRI_PRD,1,HECTOR MAGAÑA LARA,1,,PRI
,6,COLIMA,9,,,,,ARMERIA-MANZANILLO,DIP_LOC_MR,MORENA,1,SONIA HERNANDEZ CAYETANO,2,,MORENA
,6,COLIMA,10,,,,,TECOMAN,DIP_LOC_MR,MORENA,1,ARMANDO REYNA MAGAÑA,1,,MORENA
,6,COLIMA,11,,,,,MANZANILLO,DIP_LOC_MR,MORENA,1,FRANCISCO RUBEN ROMO OCHOA,1,,MORENA
,6,COLIMA,12,,,,,MANZANILLO,DIP_LOC_MR,MORENA,1,ANA KAREN HERNANDEZ ACEVES ,2,,MORENA
,6,COLIMA,13,,,,,MANZANILLO,DIP_LOC_MR,MORENA,1,ISAMAR RAMIREZ RODRIGUEZ ,1,,MORENA
,6,COLIMA,14,,,,,MINATITLAN-MANZANILLO,DIP_LOC_MR,MORENA,1,ANDREA NARANJO ALCARAZ,2,,MORENA
,6,COLIMA,15,,,,,TECOMAN,DIP_LOC_MR,MORENA,1,VIRIDIANA VALENCIA VARGAS,2,,MORENA
,6,COLIMA,16,,,,,IXTLAHUACAN-TECOMAN,DIP_LOC_MR,MORENA,1,JULIO CESAR CANO FARIAS ,1,,MORENA
,6,COLIMA,,,,,,,DIP_LOC_RP,PAN,1,CRISPIN GUERRA CARDENAS,1,,PAN
,6,COLIMA,,,,,,,DIP_LOC_RP,PRI,1,CARLOS ARTURO NORIEGA GARCIA,1,,PRI
,6,COLIMA,,,,,,,DIP_LOC_RP,PVEM,1,SANDRA PATRICIA CEBALLOS POLANCO,2,,PVEM
,6,COLIMA,,,,,,,DIP_LOC_RP,PVEM,2,ROBERTO CHAPULA DE LA MORA,1,,PVEM
,6,COLIMA,,,,,,,DIP_LOC_RP,PT,1,EVANGELINA BUSTAMANTE MORALES,2,,PT
,6,COLIMA,,,,,,,DIP_LOC_RP,MC,1,GLENDA YAZMIN OCHOA,2,,MC
,6,COLIMA,,,,,,,DIP_LOC_RP,MC,2,IGNACIO VIZCAINO RAMIREZ,1,,MC
,6,COLIMA,,,,,,,DIP_LOC_RP,PES,1,KATHIA ZARED CASTILLO HERNANDEZ,2,,PES
,6,COLIMA,,,,,,,DIP_LOC_RP,FXM,1,RIGOBERTO GARCIA NEGRETE,1,,FXM
,6,COLIMA,,,1,COLIMA,,,PRES_MUN,PAN_PRI_PRD,1,ELIA MARGARITA MORENO GONZALEZ,2,,PRI
,6,COLIMA,,,1,COLIMA,,,SIND,PAN_PRI_PRD,1,JESUS ALBERTO PARTIDA VALENCIA,1,,PAN
,6,COLIMA,,,1,COLIMA,,,REG,PAN_PRI_PRD,1,GEORGINA SELENE PRECIADO NAVARRETE,2,,PAN
,6,COLIMA,,,1,COLIMA,,,REG,PAN_PRI_PRD,2,EDGAR OSIRIS ALCARAZ SAUCEDO,1,,PRI
,6,COLIMA,,,1,COLIMA,,,REG,PAN_PRI_PRD,3,ITZEL SARAHI ROJAS RIVERA,2,,PRD
,6,COLIMA,,,1,COLIMA,,,REG,PAN_PRI_PRD,4,JONATAN ISRAEL SANCHEZ PEREGRINA,1,,PAN
,6,COLIMA,,,1,COLIMA,,,REG,PAN_PRI_PRD,5,ANA PATRICIA ESCOBOSA GALINDO,2,,PAN
,6,COLIMA,,,1,COLIMA,,,REG,PAN_PRI_PRD,6,JUAN OSCAR VAZQUEZ CHAVEZ,1,,PRI
,6,COLIMA,,,1,COLIMA,,,REG_RP,PVEM,1,JOSE MANUEL ROMERO COELLO,1,,PVEM
,6,COLIMA,,,1,COLIMA,,,REG_RP,MC,1,FEDERICO RANGEL LOZANO,1,,MC
,6,COLIMA,,,1,COLIMA,,,REG_RP,MC,1,MIRYAM ROSENDO LEON,2,,MC
,6,COLIMA,,,1,COLIMA,,,REG_RP,MORENA_PNA,1,GISELA IRENE MENDEZ,2,,MORENA
,6,COLIMA,,,1,COLIMA,,,REG_RP,MORENA_PNA,1,JERONIMO CARDENAS OCHOA,1,,MORENA
,6,COLIMA,,,2,COMALA,,,PRES_MUN,PAN_PRI_PRD,1,FELIPE DE JESUS MICHEL SANTANA,1,,PAN
,6,COLIMA,,,2,COMALA,,,SIND,PAN_PRI_PRD,1,VERONICA FERMIN SANTANA,2,,PRI
,6,COLIMA,,,2,COMALA,,,REG,PAN_PRI_PRD,1,JOSE ROBERTO CRUZ RAMIREZ,1,,PRI
,6,COLIMA,,,2,COMALA,,,REG,PAN_PRI_PRD,2,ELBA DE LA VEGA PASCUAL,2,,PAN
,6,COLIMA,,,2,COMALA,,,REG,PAN_PRI_PRD,3,MARIA GUADALUPE AVILA RAMIREZ,2,,PRI
,6,COLIMA,,,2,COMALA,,,REG,PAN_PRI_PRD,4,VANESSA VELAZQUEZ VENEGAS,2,,PRI
,6,COLIMA,,,2,COMALA,,,REG_RP,PVEM,1,GUSTAVO AVALOS REYES,1,,PVEM
,6,COLIMA,,,2,COMALA,,,REG_RP,PVEM,1,MARIA GUADALUPE CARRILLO FRANCO,2,,PVEM
,6,COLIMA,,,2,COMALA,,,REG_RP,MC,1,BIBIANA GOMEZ LIZAMA,2,,MC
,6,COLIMA,,,2,COMALA,,,REG_RP,MORENA_PNA,1,GUILLERMO RAMOS RAMIREZ,1,,MORENA
,6,COLIMA,,,3,COQUIMATLAN,,,PRES_MUN,MORENA_PNA,1,LEONOR ALCARAZ MANZO,2,,MORENA
,6,COLIMA,,,3,COQUIMATLAN,,,SIND,MORENA_PNA,1,MARTIN ROSALES PARRA,1,,PNA
,6,COLIMA,,,3,COQUIMATLAN,,,REG,MORENA_PNA,1,MARIA BETEL VELASCO OCHOA,2,,MORENA
,6,COLIMA,,,3,COQUIMATLAN,,,REG,MORENA_PNA,2,MARTIN DIMAS ZAMORA,1,,MORENA
,6,COLIMA,,,3,COQUIMATLAN,,,REG,MORENA_PNA,3,MARIA SILVIA CARO VILLA,2,,MORENA
,6,COLIMA,,,3,COQUIMATLAN,,,REG,MORENA_PNA,4,JOSE MARIA CORTES VILLANUEVA ,1,,MORENA
,6,COLIMA,,,3,COQUIMATLAN,,,REG_RP,PAN_PRI_PRD,1,MARIA DEL ROCIO BENAVIDES CARDENAS,2,,PRI
,6,COLIMA,,,3,COQUIMATLAN,,,REG_RP,PAN_PRI_PRD,2,MANUEL PIZANO RAMOS,1,,PAN
,6,COLIMA,,,3,COQUIMATLAN,,,REG_RP,PVEM,1,JOSE MANUEL PEREZ MONTES,1,,PVEM
,6,COLIMA,,,3,COQUIMATLAN,,,REG_RP,MC,1,KARINA GUADALUPE SALAZAR CHAVEZ,2,,MC
,6,COLIMA,,,4,CUAUHTEMOC,,,PRES_MUN,PAN_PRI_PRD,1,GABRIELA MEJIA MARTINEZ,2,,PRI
,6,COLIMA,,,4,CUAUHTEMOC,,,SIND,PAN_PRI_PRD,1,OMAR ALEJANDRO TAPIA HERNANDEZ,1,,PAN
,6,COLIMA,,,4,CUAUHTEMOC,,,REG,PAN_PRI_PRD,1,IRMA ACELA SANTA ANA VELASCO,2,,PAN
,6,COLIMA,,,4,CUAUHTEMOC,,,REG,PAN_PRI_PRD,2,GERMAN SILVA CAMPOS,1,,PRI
,6,COLIMA,,,4,CUAUHTEMOC,,,REG,PAN_PRI_PRD,3,NEYLA LUCIA LOPEZ TORRES,2,,PAN
,6,COLIMA,,,4,CUAUHTEMOC,,,REG,PAN_PRI_PRD,4,JORGE ANDRES LOPEZ GASPAR,1,,PRD
,6,COLIMA,,,4,CUAUHTEMOC,,,REG,PAN_PRI_PRD,5,XITLALLY GUADALUPE MAGAÑA AVALOS,2,,PRI
,6,COLIMA,,,4,CUAUHTEMOC,,,REG_RP,MC,1,DAVID GARCIA ALVAREZ,1,,MC
,6,COLIMA,,,4,CUAUHTEMOC,,,REG_RP,MORENA_PNA,1,MARISOL NERI LEON,2,,MORENA
,6,COLIMA,,,4,CUAUHTEMOC,,,REG_RP,MORENA_PNA,1,HECTOR ANTONIO ALVAREZ MANCILLA,1,,PNA
,6,COLIMA,,,4,CUAUHTEMOC,,,REG_RP,PES,1,SANTIAGO BENUTO ORTIZ,1,,PES
,6,COLIMA,,,5,VILLA DE ALVAREZ,,,PRES_MUN,PAN_PRI_PRD,1,ESTHER GUTIERREZ ANDRADE,2,,PRI
,6,COLIMA,,,5,VILLA DE ALVAREZ,,,SIND,PAN_PRI_PRD,1,J. SANTOS DOLORES VILLALVAZO,1,,PAN
,6,COLIMA,,,5,VILLA DE ALVAREZ,,,REG,PAN_PRI_PRD,1,CLAUDIA RUFINA CHAVEZ PIZANO,2,,PAN
,6,COLIMA,,,5,VILLA DE ALVAREZ,,,REG,PAN_PRI_PRD,2,SERGIO RODRIGUEZ CEJA,1,,PRI
,6,COLIMA,,,5,VILLA DE ALVAREZ,,,REG,PAN_PRI_PRD,3,VALERIA TINTOS RUIZ,2,,PRI
,6,COLIMA,,,5,VILLA DE ALVAREZ,,,REG,PAN_PRI_PRD,4,ROBERTO SANCHEZ ROJAS,1,,PAN
,6,COLIMA,,,5,VILLA DE ALVAREZ,,,REG,PAN_PRI_PRD,5,SOFIA PERALTA FERRO,2,,PAN
,6,COLIMA,,,5,VILLA DE ALVAREZ,,,REG,PAN_PRI_PRD,6,ADRIAN LOPEZ LOPEZ,1,,PRI
,6,COLIMA,,,5,VILLA DE ALVAREZ,,,REG_RP,PVEM,1,KARINA MARISOL HEREDIA GUZMAN,2,,PVEM
,6,COLIMA,,,5,VILLA DE ALVAREZ,,,REG_RP,MC,1,PERLA LUZ VAZQUEZ MONTES,2,,MC
,6,COLIMA,,,5,VILLA DE ALVAREZ,,,REG_RP,MORENA,1,GUILLERMO TOSCANO REYES,1,,MORENA
,6,COLIMA,,,5,VILLA DE ALVAREZ,,,REG_RP,MORENA,1,MARIA GUADALUPE VELASCO ROCHA,2,,MORENA
,6,COLIMA,,,5,VILLA DE ALVAREZ,,,REG_RP,FXM,1,ROBERTO ROLON CASTILLO,1,,FXM
,6,COLIMA,,,6,ARMERÍA,,,PRES_MUN,MORENA,1,DIANA XALLY YAEL ZEPEDA FIGUEROA,2,,MORENA
,6,COLIMA,,,6,ARMERÍA,,,SIND,MORENA,1,MARCO EMILIANO RUELAS FARIAS,1,,MORENA
,6,COLIMA,,,6,ARMERÍA,,,REG,MORENA,1,ALEJANDRA RADILLO ALVAREZ,2,,MORENA
,6,COLIMA,,,6,ARMERÍA,,,REG,MORENA,2,RUBEN BARAJAS ESCOBAR,1,,MORENA
,6,COLIMA,,,6,ARMERÍA,,,REG,MORENA,3,LORENA MARISELA CHAVEZ ALVAREZ,2,,MORENA
,6,COLIMA,,,6,ARMERÍA,,,REG,MORENA,4,SERGIO PARRA GARCIA DE ALBA,1,,MORENA
,6,COLIMA,,,6,ARMERÍA,,,REG,MORENA,5,CLAUDIA BERENICE VALDOVINOS HERNANDEZ,2,,MORENA
,6,COLIMA,,,6,ARMERÍA,,,REG_RP,PAN_PRI_PRD,1,JOSE FIERROS PALOMINO,1,,PRD
,6,COLIMA,,,6,ARMERÍA,,,REG_RP,PVEM,1,EUSEBIO MESINA REYES,1,,PVEM
,6,COLIMA,,,6,ARMERÍA,,,REG_RP,PT,1,SALVADOR BUENO ARCEO,1,,PT
,6,COLIMA,,,6,ARMERÍA,,,REG_RP,MC,1,ERNESTO MARQUEZ GUERRERO,1,,MC
,6,COLIMA,,,7,IXTLAHUACÁN,,,PRES_MUN,PES,1,CARLOS ALBERTO CARRASCO CHAVEZ,1,,PES
,6,COLIMA,,,7,IXTLAHUACÁN,,,SIND,PES,1,MARIA ISABEL MARTINEZ FLORES,2,,PES
,6,COLIMA,,,7,IXTLAHUACÁN,,,REG,PES,1,JOSE MANUEL VERDUZCO EUDAVE,1,,PES
,6,COLIMA,,,7,IXTLAHUACÁN,,,REG,PES,2,RUBI MARIA GUADALUPE ROMERO MARISCAL,2,,PES
,6,COLIMA,,,7,IXTLAHUACÁN,,,REG,PES,3,CRISTIAN GUADALUPE VIRGEN GONZALEZ,1,,PES
,6,COLIMA,,,7,IXTLAHUACÁN,,,REG,PES,4,ARGELIA PASTOR DIEGO,2,,PES
,6,COLIMA,,,7,IXTLAHUACÁN,,,REG_RP,PAN_PRI_PRD,1,BLANCA ESTELA ACEVEDO GOMEZ,2,,PAN
,6,COLIMA,,,7,IXTLAHUACÁN,,,REG_RP,PAN_PRI_PRD,1,JULIE CONTRERAS BENICIO,2,,PRI
,6,COLIMA,,,7,IXTLAHUACÁN,,,REG_RP,MORENA,1,SANDRA GUADALUPE MARIANO RAMOS,2,,MORENA
,6,COLIMA,,,7,IXTLAHUACÁN,,,REG_RP,FXM,1,LUIS FERNANDO SALAZAR GONZALEZ,1,,FXM
,6,COLIMA,,,8,MANZANILLO,,,PRES_MUN,MORENA,1,GRISELDA MARTINEZ MARTINEZ,2,,MORENA
,6,COLIMA,,,8,MANZANILLO,,,SIND,MORENA,1,CRISTIAN EDUARDO BOLAÑOS RODRIGUEZ,1,,MORENA
,6,COLIMA,,,8,MANZANILLO,,,REG,MORENA,1,ZARINA JOCELYN CALLEROS MARTINEZ,2,,MORENA
,6,COLIMA,,,8,MANZANILLO,,,REG,MORENA,2,DANIEL MENDOZA FLORES,1,,MORENA
,6,COLIMA,,,8,MANZANILLO,,,REG,MORENA,3,KARLA NAI ASSALEIH PRECIADO,2,,MORENA
,6,COLIMA,,,8,MANZANILLO,,,REG,MORENA,4,JAIME SALINAS SANCHEZ,1,,MORENA
,6,COLIMA,,,8,MANZANILLO,,,REG,MORENA,5,MELISSA DE GUADALUPE HUESO BARRAGAN,2,,MORENA
,6,COLIMA,,,8,MANZANILLO,,,REG,MORENA,6,RAMON HUESO ALCARAZ,1,,MORENA
,6,COLIMA,,,8,MANZANILLO,,,REG_RP,PAN_PRI_PRD,1,JORGE LUIS PRECIADO RODRIGUEZ,1,,PAN
,6,COLIMA,,,8,MANZANILLO,,,REG_RP,PAN_PRI_PRD,1,SARA VALDOVINOS RINCON,2,,PRI
,6,COLIMA,,,8,MANZANILLO,,,REG_RP,PVEM,1,ROSA IRENE HERRERA SANCHEZ,2,,PVEM
,6,COLIMA,,,8,MANZANILLO,,,REG_RP,PVEM,1,MARTIN SANCHEZ VALDIVIA,1,,PVEM
,6,COLIMA,,,8,MANZANILLO,,,REG_RP,MC,1,SILVIA GUADALUPE RUANO VALDEZ,2,,MC
,6,COLIMA,,,9,MINATITLÁN,,,PRES_MUN,PVEM,1,CICERON ALEJANDRO MANCILLA GONZALEZ,1,,PVEM
,6,COLIMA,,,9,MINATITLÁN,,,SIND,PVEM,1,MARIA SILVIA CEJA PALACIOS,2,,PVEM
,6,COLIMA,,,9,MINATITLÁN,,,REG,PVEM,1,HERNAN ZUÑIGA CORTES,1,,PVEM
,6,COLIMA,,,9,MINATITLÁN,,,REG,PVEM,2,BLANCA YOMELIT MORENO GUTIERREZ,2,,PVEM
,6,COLIMA,,,9,MINATITLÁN,,,REG,PVEM,3,RAMON CASTAÑEDA MANCILLA,1,,PVEM
,6,COLIMA,,,9,MINATITLÁN,,,REG,PVEM,4,STEPHANYE MARLYN FIGUEROA GOMEZ,2,,PVEM
,6,COLIMA,,,9,MINATITLÁN,,,REG_RP,PAN_PRI_PRD,1,MANUEL PALACIOS RODRIGUEZ,1,,PRI
,6,COLIMA,,,9,MINATITLÁN,,,REG_RP,PAN_PRI_PRD,1,MARIA DEL PILAR GAONA VENTURA,2,,PAN
,6,COLIMA,,,9,MINATITLÁN,,,REG_RP,PAN_PRI_PRD,1,OLGA MARTINEZ REYES,2,,PAN
,6,COLIMA,,,9,MINATITLÁN,,,REG_RP,PES,1,CLEMENTE MENDOZA MARTINEZ,1,,PES
,6,COLIMA,,,10,TECOMÁN,,,PRES_MUN,MORENA,1,ELIAS ANTONIO LOZANO OCHOA,1,,MORENA
,6,COLIMA,,,10,TECOMÁN,,,SIND,MORENA,1,TANIA GUADALUPE OSORIO ALVAREZ,2,,MORENA
,6,COLIMA,,,10,TECOMÁN,,,REG,MORENA,1,JORGE LUIS REYES SILVA,1,,MORENA
,6,COLIMA,,,10,TECOMÁN,,,REG,MORENA,2,MA GUADALUPE OROZCO VAZQUEZ,2,,MORENA
,6,COLIMA,,,10,TECOMÁN,,,REG,MORENA,3,ORACIO RODRIGUEZ SUAREZ,1,,MORENA
,6,COLIMA,,,10,TECOMÁN,,,REG,MORENA,4,CINTHIA GUADALUPE PRECIADO ROSALES,2,,MORENA
,6,COLIMA,,,10,TECOMÁN,,,REG,MORENA,5,HECTOR ALEJANDRO VAZQUEZ REGALADO,1,,MORENA
,6,COLIMA,,,10,TECOMÁN,,,REG,MORENA,6,DEISY MARLEN MANZO AGUIÑAGA,2,,MORENA
,6,COLIMA,,,10,TECOMÁN,,,REG_RP,PAN_PRI_PRD,1,SERGIO ANGUIANO MICHEL,1,,PAN
,6,COLIMA,,,10,TECOMÁN,,,REG_RP,PAN_PRI_PRD,1,LAURA PATRICIA MONTES CAMACHO,2,,PRI
,6,COLIMA,,,10,TECOMÁN,,,REG_RP,PVEM,1,YOLANDA LLAMAS GARCIA,2,,PVEM
,6,COLIMA,,,10,TECOMÁN,,,REG_RP,MC,1,ROBERTO VERDUZCO ESPINOSA,1,,MC
,6,COLIMA,,,10,TECOMÁN,,,REG_RP,FXM,1,RAFAEL ORTEGA BUENROSTRO,1,,FXM
