ID_ESTADO,NOMBRE_ESTADO,ID_MUNICIPIO,MUNICIPIO,SECCIONES,CASILLAS,PAN,PRI,PRD,PT,PVEM,MC,PCPP,PSI,MORENA,NA,ES,NUM_VOTOS_VALIDOS,NUM_VOTOS_CAN_NREG,NUM_VOTOS_NULOS,TOTAL_VOTOS,LISTA_NOMINAL,RUTA_ACTA
21,PUEBLA,8,AHUAZOTEPEC,4,14,93,1868,,188,53,,36,1108,1279,259,14,4898,0,329,5227,7675,
21,PUEBLA,29,CAÑADA MORELOS,9,25,725,4624,96,345,116,110,181,,1869,,46,8112,2,297,8411,14083,
21,PUEBLA,98,MAZAPILTEPEC DE JUAREZ,2,4,,477,,6,36,545,239,8,190,,55,1556,2,39,1597,2154,
21,PUEBLA,107,OCOYUCAN,10,41,2612,5726,2580,226,142,237,459,,2115,,37,14134,1,478,14613,25115,
21,PUEBLA,165,TEPEOJUMA,6,16,,2263,,693,11,15,,,1553,,41,4576,1,181,4758,6887,
