CIRCUNSCRIPCION,ID_ESTADO,NOMBRE_ESTADO,ID_DISTRITO,CABECERA_DISTRITAL,ID_MUNICIPIO,MUNICIPIO,SECCION,TIPO_CASILLA,ID_CASILLA,EXT_CONTIGUA,CASILLA,PAN,PRI,PRD,PT,PVEM,MC,PCPP,PSI,MORENA,NA,ES,C_COMUN_PAN_PCPP,C_COMUN_PRI_PCPP,C_COMUN_PAN_PRD_MC_PCPP,PAN_PRD_MC,PAN_PRD_PCPP,PAN_MC_PCPP,PRD_MC_PCPP,PAN_PRD,PAN_MC,PAN_PCPP,PRD_MC,PRD_PCPP,MC_PCPP,C_COMUN_PRD_MC_PCPP,PRD_MC,PRD_PCPP,MC_PCPP,PT_PVEM_MORENA_ES,PT_PVEM_MORENA,PT_PVEM_ES,PT_MORENA_ES,PVEM_MORENA_ES,PT_PVEM,PT_MORENA,PT_ES,PVEM_MORENA,PVEM_ES,MORENA_ES,C_COMUN_PT_MORENA_ES,PT_MORENA,PT_ES,MORENA_ES,NUM_VOTOS_VALIDOS,NUM_VOTOS_CAN_NREG,NUM_VOTOS_NULOS,TOTAL_VOTOS,LISTA_NOMINAL,ESTATUS_ACTA,TRIBUNAL,OBSERVACIONES,RUTA_ACTA
,21,PUEBLA,2,CUAUTILULCO BARRIO,8,AHUAZOTEPEC,75,B,1,0,B,8,163,,5,0,,4,66,82,21,0,3,,,,,,,,,,,,,,,,,0,1,0,0,0,1,1,0,0,0,0,,,,,355,0,10,365,571,Acta levantada en consejo,,,
,21,PUEBLA,2,CUAUTILULCO BARRIO,8,AHUAZOTEPEC,75,C,1,0,C01,11,150,,10,2,,2,103,55,20,0,0,,,,,,,,,,,,,,,,,0,1,0,0,0,0,0,0,3,0,0,,,,,357,0,17,374,570,Acta casilla,,,
,21,PUEBLA,2,CUAUTILULCO BARRIO,8,AHUAZOTEPEC,75,C,2,0,C02,9,162,,7,0,,1,72,79,20,0,1,,,,,,,,,,,,,,,,,0,3,0,1,0,0,1,0,0,0,0,,,,,356,0,25,381,570,Acta casilla,,,
,21,PUEBLA,2,CUAUTILULCO BARRIO,8,AHUAZOTEPEC,76,B,1,0,B,8,137,,15,3,,5,54,93,19,0,2,,,,,,,,,,,,,,,,,0,2,0,0,2,1,3,0,1,0,0,,,,,345,0,26,371,609,Acta casilla,,,
,21,PUEBLA,2,CUAUTILULCO BARRIO,8,AHUAZOTEPEC,76,C,1,0,C01,5,161,,14,4,,2,47,89,22,0,2,,,,,,,,,,,,,,,,,1,4,0,1,1,1,2,0,1,0,1,,,,,358,0,33,391,609,Acta levantada en consejo,,,
,21,PUEBLA,2,CUAUTILULCO BARRIO,8,AHUAZOTEPEC,76,C,2,0,C02,6,149,,7,1,,3,47,134,19,0,1,,,,,,,,,,,,,,,,,4,2,0,0,0,0,1,0,0,0,0,,,,,374,0,19,393,609,Acta levantada en consejo,,,
,21,PUEBLA,2,CUAUTILULCO BARRIO,8,AHUAZOTEPEC,76,C,3,0,C03,6,164,,9,0,,1,51,97,20,0,2,,,,,,,,,,,,,,,,,1,3,0,0,0,1,3,0,0,0,0,,,,,358,0,33,391,609,Acta levantada en consejo,,,
,21,PUEBLA,2,CUAUTILULCO BARRIO,8,AHUAZOTEPEC,77,B,1,0,B,6,112,,14,4,,2,117,117,13,0,0,,,,,,,,,,,,,,,,,0,2,0,0,0,2,0,0,1,0,0,,,,,390,0,27,417,591,Acta levantada en consejo,,,
,21,PUEBLA,2,CUAUTILULCO BARRIO,8,AHUAZOTEPEC,77,C,1,0,C01,4,92,,21,1,,2,123,106,31,2,0,,,,,,,,,,,,,,,,,1,1,0,0,0,0,1,0,4,0,2,,,,,391,0,33,424,591,Acta levantada en consejo,,,
,21,PUEBLA,2,CUAUTILULCO BARRIO,8,AHUAZOTEPEC,77,C,2,0,C02,7,156,,18,4,,0,112,109,9,2,0,,,,,,,,,,,,,,,,,1,1,0,0,0,0,0,0,4,0,0,,,,,423,0,33,456,590,Acta levantada en consejo,,,
,21,PUEBLA,2,CUAUTILULCO BARRIO,8,AHUAZOTEPEC,77,C,3,0,C03,6,97,,23,1,,3,124,122,17,0,0,,,,,,,,,,,,,,,,,1,1,0,1,0,1,1,0,1,0,2,,,,,401,0,29,430,590,Acta casilla,,,
,21,PUEBLA,2,CUAUTILULCO BARRIO,8,AHUAZOTEPEC,77,E,1,0,E01,1,125,,6,3,,2,83,30,3,2,0,,,,,,,,,,,,,,,,,0,3,0,0,0,0,0,0,1,0,0,,,,,259,0,13,272,325,Acta levantada en consejo,,,
,21,PUEBLA,2,CUAUTILULCO BARRIO,8,AHUAZOTEPEC,78,B,1,0,B,4,119,,10,1,,1,46,64,25,0,0,,,,,,,,,,,,,,,,,3,0,0,0,0,0,0,0,0,0,0,,,,,273,0,21,294,421,Acta casilla,,,
,21,PUEBLA,2,CUAUTILULCO BARRIO,8,AHUAZOTEPEC,78,C,1,0,C01,6,81,,6,5,,2,63,68,20,1,1,,,,,,,,,,,,,,,,,1,1,0,0,1,1,1,0,0,0,0,,,,,258,0,10,268,420,Acta levantada en consejo,,,
,21,PUEBLA,4,AJALPAN,29,CAÑADA MORELOS,262,B,1,0,B,44,205,1,12,4,5,10,,90,,0,,,0,0,2,0,0,0,0,2,0,0,0,,,,,0,0,0,0,0,0,5,0,1,0,0,,,,,381,1,13,395,623,Acta levantada en consejo,,,
,21,PUEBLA,4,AJALPAN,29,CAÑADA MORELOS,262,C,1,0,C01,39,219,4,12,1,2,13,,92,,0,,,6,0,3,1,0,1,0,7,1,0,0,,,,,2,2,1,2,0,1,6,0,1,0,2,,,,,418,0,11,429,622,Acta levantada en consejo,,,
,21,PUEBLA,4,AJALPAN,29,CAÑADA MORELOS,262,C,2,0,C02,39,182,1,11,3,4,10,,78,,10,,,0,1,2,0,0,0,1,0,0,0,0,,,,,0,1,0,0,0,1,4,1,1,0,0,,,,,350,1,11,362,622,Acta levantada en consejo,,,
,21,PUEBLA,4,AJALPAN,29,CAÑADA MORELOS,263,B,1,0,B,36,154,3,6,3,3,10,,64,,0,,,2,0,2,0,0,1,0,0,0,1,0,,,,,1,3,0,0,1,0,1,0,0,0,0,,,,,291,0,8,299,514,Acta casilla,,,
,21,PUEBLA,4,AJALPAN,29,CAÑADA MORELOS,263,C,1,0,C01,28,165,4,7,1,1,9,,49,,1,,,4,0,0,0,0,0,0,1,0,0,0,,,,,1,1,0,0,0,0,0,0,0,0,0,,,,,272,0,23,295,513,Acta casilla,,,
,21,PUEBLA,4,AJALPAN,29,CAÑADA MORELOS,263,C,2,0,C02,30,163,1,7,2,5,11,,53,,2,,,3,2,1,1,0,0,0,0,0,0,0,,,,,2,0,0,0,1,0,2,0,0,0,1,,,,,287,0,13,300,513,Acta casilla,,,
,21,PUEBLA,4,AJALPAN,29,CAÑADA MORELOS,264,B,1,0,B,46,169,5,6,2,3,4,,69,,2,,,1,1,0,0,2,1,0,1,0,0,0,,,,,0,2,0,0,0,0,4,0,0,0,2,,,,,320,0,10,330,569,Acta casilla,,,
,21,PUEBLA,4,AJALPAN,29,CAÑADA MORELOS,264,C,1,0,C01,29,196,2,7,1,3,8,,56,,1,,,1,0,0,0,1,0,0,1,0,0,0,,,,,1,1,0,0,0,0,0,0,0,0,0,,,,,308,0,7,315,569,Acta levantada en consejo,,,
,21,PUEBLA,4,AJALPAN,29,CAÑADA MORELOS,264,E,1,0,E01,16,115,1,3,3,3,4,,22,,0,,,0,0,6,0,0,0,0,0,0,0,0,,,,,0,0,0,0,0,0,2,0,0,0,0,,,,,175,0,7,182,299,Acta casilla,,,
,21,PUEBLA,4,AJALPAN,29,CAÑADA MORELOS,265,B,1,0,B,32,219,6,16,2,4,8,,83,,0,,,2,1,0,1,0,0,1,1,0,0,0,,,,,2,0,0,1,1,4,3,0,1,0,0,,,,,388,0,15,403,671,Acta levantada en consejo,,,
,21,PUEBLA,4,AJALPAN,29,CAÑADA MORELOS,265,C,1,0,C01,38,212,5,10,5,7,6,,70,,0,,,1,0,1,0,0,1,1,0,0,0,0,,,,,2,0,0,0,0,1,4,0,0,0,0,,,,,364,0,8,372,671,Acta levantada en consejo,,,
,21,PUEBLA,4,AJALPAN,29,CAÑADA MORELOS,265,C,2,0,C02,43,166,3,11,2,5,8,,69,,1,,,1,0,2,0,1,2,0,0,0,0,1,,,,,1,0,0,0,0,0,1,0,1,0,0,,,,,318,0,11,329,671,Acta levantada en consejo,,,
,21,PUEBLA,4,AJALPAN,29,CAÑADA MORELOS,265,C,3,0,C03,39,193,4,13,5,4,5,,65,,1,,,2,1,1,2,0,0,0,3,0,0,1,,,,,0,0,0,1,0,1,4,0,1,0,0,,,,,346,0,14,360,670,Acta levantada en consejo,,,
,21,PUEBLA,4,AJALPAN,29,CAÑADA MORELOS,266,B,1,0,B,11,229,1,20,5,4,3,,144,,4,,,1,1,0,0,0,1,1,1,1,0,0,,,,,3,1,0,0,0,2,2,0,2,1,0,,,,,438,0,8,446,721,Acta casilla,,,
,21,PUEBLA,4,AJALPAN,29,CAÑADA MORELOS,267,B,1,0,B,1,159,5,12,6,0,1,,95,,1,,,0,0,0,0,0,0,0,0,0,1,0,,,,,3,3,0,0,0,1,3,0,1,0,0,,,,,292,0,8,300,484,Acta casilla,,,
,21,PUEBLA,4,AJALPAN,29,CAÑADA MORELOS,267,E,1,0,E01,3,117,0,21,1,0,2,,122,,3,,,0,0,0,0,0,0,0,0,0,0,0,,,,,5,2,0,1,0,4,2,0,2,0,0,,,,,285,0,12,297,487,Acta levantada en consejo,,,
,21,PUEBLA,4,AJALPAN,29,CAÑADA MORELOS,268,B,1,0,B,11,166,1,9,3,5,2,,62,,2,,,1,0,0,0,0,0,0,0,0,0,0,,,,,2,1,1,0,0,1,6,0,1,0,0,,,,,274,0,15,289,456,Acta levantada en consejo,,,
,21,PUEBLA,4,AJALPAN,29,CAÑADA MORELOS,268,C,1,0,C01,6,155,2,17,4,2,6,,71,,1,,,0,0,0,0,0,0,0,0,0,0,0,,,,,3,2,0,0,1,0,0,0,1,0,0,,,,,271,0,12,283,455,Acta levantada en consejo,,,
,21,PUEBLA,4,AJALPAN,29,CAÑADA MORELOS,268,E,1,0,E01,13,233,2,16,5,4,6,,71,,1,,,1,0,0,0,0,0,0,0,0,0,0,,,,,2,0,1,0,0,0,1,0,2,0,0,,,,,358,0,5,363,551,Acta casilla,,,
,21,PUEBLA,4,AJALPAN,29,CAÑADA MORELOS,269,B,1,0,B,4,224,0,7,0,1,1,,64,,1,,,0,0,0,0,0,0,0,0,0,0,0,,,,,1,0,0,0,1,0,0,0,0,0,0,,,,,304,0,1,305,405,Acta casilla,,,
,21,PUEBLA,4,AJALPAN,29,CAÑADA MORELOS,270,B,1,0,B,35,278,2,13,4,6,8,,73,,0,,,2,0,0,0,0,2,1,1,0,0,0,,,,,1,3,0,0,0,0,2,0,2,0,0,,,,,433,0,18,451,698,Acta casilla,,,
,21,PUEBLA,4,AJALPAN,29,CAÑADA MORELOS,270,C,1,0,C01,39,203,7,20,4,3,3,,72,,0,,,2,0,0,0,0,0,2,1,1,0,0,,,,,0,1,0,0,0,1,3,0,0,0,0,,,,,362,0,20,382,698,Acta casilla,,,
,21,PUEBLA,4,AJALPAN,29,CAÑADA MORELOS,270,C,2,0,C02,50,195,5,11,7,8,4,,69,,1,,,2,0,4,1,1,0,0,0,0,0,0,,,,,0,0,0,0,0,1,4,0,3,0,0,,,,,366,0,14,380,698,Acta levantada en consejo,,,
,21,PUEBLA,4,AJALPAN,29,CAÑADA MORELOS,270,C,3,0,C03,44,212,5,15,3,5,6,,66,,0,,,2,0,2,0,0,1,1,0,0,0,0,,,,,0,1,0,0,0,0,1,0,0,0,1,,,,,365,0,28,393,697,Acta casilla,,,
,21,PUEBLA,4,AJALPAN,29,CAÑADA MORELOS,270,E,1,0,E01,6,95,0,4,1,2,0,,36,,0,,,0,0,0,0,0,0,1,0,0,0,0,,,,,0,0,0,0,0,0,1,0,0,0,0,,,,,146,0,5,151,206,Acta levantada en consejo,,,
,21,PUEBLA,8,CIUDAD SERDAN,98,MAZAPILTEPEC DE JUAREZ,821,B,1,0,B,,61,,1,17,230,50,0,54,,6,,11,,,,,,,,,,,,,,,,,,,,,,,,,,,,,,,430,1,15,446,629,Acta levantada en consejo,,,
,21,PUEBLA,8,CIUDAD SERDAN,98,MAZAPILTEPEC DE JUAREZ,822,B,1,0,B,,100,,1,10,79,56,1,31,,13,,5,,,,,,,,,,,,,,,,,,,,,,,,,,,,,,,296,0,3,299,437,Acta levantada en consejo,,,
,21,PUEBLA,8,CIUDAD SERDAN,98,MAZAPILTEPEC DE JUAREZ,822,C,1,0,C01,,95,,2,6,65,81,4,21,,15,,12,,,,,,,,,,,,,,,,,,,,,,,,,,,,,,,301,1,6,308,436,Acta casilla,,,
,21,PUEBLA,8,CIUDAD SERDAN,98,MAZAPILTEPEC DE JUAREZ,822,E,1,0,E01,,199,,2,3,171,30,3,84,,21,,16,,,,,,,,,,,,,,,,,,,,,,,,,,,,,,,529,0,15,544,652,Acta casilla,,,
,21,PUEBLA,13,ATLIXCO,107,OCOYUCAN,857,B,1,0,B,43,137,92,7,1,1,5,,60,,0,,,,,,,,,,,,,,13,3,3,0,2,0,0,0,0,1,1,0,1,0,0,,,,,370,0,16,386,606,Acta casilla,,,
,21,PUEBLA,13,ATLIXCO,107,OCOYUCAN,857,C,1,0,C01,54,145,74,9,4,2,6,,55,,1,,,,,,,,,,,,,,7,0,2,0,0,2,0,0,0,1,2,0,0,0,0,,,,,364,0,13,377,606,Acta casilla,,,
,21,PUEBLA,13,ATLIXCO,107,OCOYUCAN,857,C,2,0,C02,48,124,76,1,1,4,5,,71,,0,,,,,,,,,,,,,,1,2,5,0,0,1,0,1,0,0,1,0,0,0,1,,,,,342,0,14,356,605,Acta levantada en consejo,,,
,21,PUEBLA,13,ATLIXCO,107,OCOYUCAN,857,C,3,0,C03,43,204,83,4,2,0,8,,37,,0,,,,,,,,,,,,,,4,1,3,8,1,4,1,3,0,0,0,0,2,0,0,,,,,408,0,12,420,605,Acta levantada en consejo,,,
,21,PUEBLA,13,ATLIXCO,107,OCOYUCAN,858,B,1,0,B,56,124,89,9,1,2,8,,90,,1,,,,,,,,,,,,,,8,1,2,0,3,2,0,0,1,1,1,0,2,0,0,,,,,401,0,11,412,676,Acta levantada en consejo,,,
,21,PUEBLA,13,ATLIXCO,107,OCOYUCAN,858,C,1,0,C01,43,121,85,2,1,2,10,,87,,1,,,,,,,,,,,,,,8,4,3,2,1,3,0,0,0,0,1,0,1,0,0,,,,,375,0,23,398,676,Acta levantada en consejo,,,
,21,PUEBLA,13,ATLIXCO,107,OCOYUCAN,858,C,2,0,C02,50,115,98,13,2,2,11,,80,,1,,,,,,,,,,,,,,8,3,3,0,2,5,0,1,0,2,3,0,1,0,1,,,,,401,0,18,419,676,Acta levantada en consejo,,,
,21,PUEBLA,13,ATLIXCO,107,OCOYUCAN,858,C,3,0,C03,52,145,78,4,0,2,9,,96,,0,,,,,,,,,,,,,,7,2,0,3,3,2,0,1,1,0,2,0,1,0,1,,,,,409,0,6,415,675,Acta levantada en consejo,,,
,21,PUEBLA,13,ATLIXCO,107,OCOYUCAN,858,E,1,0,E01,276,26,2,0,0,6,1,,32,,0,,,,,,,,,,,,,,1,0,0,0,1,2,0,0,0,0,0,0,0,0,0,,,,,347,1,3,351,659,Acta levantada en consejo,,,
,21,PUEBLA,13,ATLIXCO,107,OCOYUCAN,858,E,1,1,E01C01,244,36,3,0,3,10,2,,22,,0,,,,,,,,,,,,,,0,0,0,0,0,0,0,0,0,0,0,0,1,0,0,,,,,321,0,9,330,659,Acta levantada en consejo,,,
,21,PUEBLA,13,ATLIXCO,107,OCOYUCAN,858,E,1,2,E01C02,255,27,4,1,3,6,2,,39,,2,,,,,,,,,,,,,,1,0,0,0,0,0,0,0,0,0,1,0,0,0,0,,,,,341,0,3,344,659,Acta casilla,,,
,21,PUEBLA,13,ATLIXCO,107,OCOYUCAN,858,E,1,3,E01C03,272,30,10,2,3,8,1,,24,,0,,,,,,,,,,,,,,0,0,0,0,0,1,0,0,1,0,0,0,0,0,0,,,,,352,0,9,361,659,Acta levantada en consejo,,,
,21,PUEBLA,13,ATLIXCO,107,OCOYUCAN,858,E,1,4,E01C04,275,29,6,1,4,5,3,,23,,0,,,,,,,,,,,,,,4,0,0,0,0,1,0,0,0,0,0,0,0,0,0,,,,,351,0,8,359,658,Acta levantada en consejo,,,
,21,PUEBLA,13,ATLIXCO,107,OCOYUCAN,858,E,2,0,E02,12,239,21,4,6,5,5,,32,,0,,,,,,,,,,,,,,2,0,0,0,0,2,0,2,0,1,0,1,1,0,0,,,,,333,0,15,348,675,Acta levantada en consejo,,,
,21,PUEBLA,13,ATLIXCO,107,OCOYUCAN,858,E,2,1,E02C01,121,244,25,6,4,2,4,,37,,0,,,,,,,,,,,,,,4,0,1,0,0,1,0,0,0,1,2,0,1,0,0,,,,,453,0,13,466,675,Acta levantada en consejo,,,
,21,PUEBLA,13,ATLIXCO,107,OCOYUCAN,859,B,1,0,B,59,173,61,2,2,4,20,,33,,0,,,,,,,,,,,,,,4,1,2,0,0,1,0,0,1,0,1,0,0,0,0,,,,,364,0,15,379,683,Acta casilla,,,
,21,PUEBLA,13,ATLIXCO,107,OCOYUCAN,859,C,1,0,C01,69,50,82,3,0,6,18,,31,,0,,,,,,,,,,,,,,3,3,1,0,0,0,0,0,0,0,0,0,0,0,0,,,,,266,0,13,279,683,Acta levantada en consejo,,,
,21,PUEBLA,13,ATLIXCO,107,OCOYUCAN,859,C,2,0,C02,82,168,77,6,2,2,17,,39,,0,,,,,,,,,,,,,,1,1,0,0,0,1,0,0,0,0,0,0,0,0,0,,,,,396,0,14,410,682,Acta casilla,,,
,21,PUEBLA,13,ATLIXCO,107,OCOYUCAN,859,C,3,0,C03,62,146,79,3,2,5,23,,24,,0,,,,,,,,,,,,,,5,2,3,0,1,1,0,0,0,0,2,0,0,0,0,,,,,358,0,16,374,682,Acta levantada en consejo,,,
,21,PUEBLA,13,ATLIXCO,107,OCOYUCAN,859,C,4,0,C04,66,149,73,3,1,3,23,,40,,1,,,,,,,,,,,,,,8,1,2,0,0,0,0,0,0,0,0,0,0,0,1,,,,,371,0,11,382,682,Acta levantada en consejo,,,
,21,PUEBLA,13,ATLIXCO,107,OCOYUCAN,860,B,1,0,B,61,189,79,4,3,6,8,,53,,2,,,,,,,,,,,,,,8,0,0,0,1,0,0,1,0,2,1,0,0,0,0,,,,,418,0,20,438,680,Acta levantada en consejo,,,
,21,PUEBLA,13,ATLIXCO,107,OCOYUCAN,860,C,1,0,C01,42,210,85,7,4,1,9,,48,,0,,,,,,,,,,,,,,7,2,0,0,2,1,0,2,0,0,3,0,2,0,2,,,,,427,0,29,456,680,Acta levantada en consejo,,,
,21,PUEBLA,13,ATLIXCO,107,OCOYUCAN,861,B,1,0,B,8,244,50,9,8,2,8,,52,,0,,,,,,,,,,,,,,1,0,2,0,0,0,0,0,0,0,0,0,0,0,0,,,,,384,0,6,390,629,Acta casilla,,,
,21,PUEBLA,13,ATLIXCO,107,OCOYUCAN,861,C,1,0,C01,9,177,100,3,5,1,9,,91,,1,,,,,,,,,,,,,,2,0,0,0,0,0,0,0,0,0,0,0,0,0,0,,,,,398,0,9,407,629,Acta casilla,,,
,21,PUEBLA,13,ATLIXCO,107,OCOYUCAN,861,C,2,0,C02,6,209,68,10,3,2,6,,83,,0,,,,,,,,,,,,,,0,0,1,0,0,2,0,0,0,0,1,0,1,0,0,,,,,392,0,4,396,629,Acta casilla,,,
,21,PUEBLA,13,ATLIXCO,107,OCOYUCAN,861,C,3,0,C03,9,155,86,5,0,4,6,,68,,1,,,,,,,,,,,,,,0,0,0,0,0,0,1,0,0,1,0,0,0,0,0,,,,,336,0,8,344,628,Acta casilla,,,
,21,PUEBLA,13,ATLIXCO,107,OCOYUCAN,862,B,1,0,B,9,173,94,9,2,3,13,,65,,0,,,,,,,,,,,,,,3,1,2,0,0,0,0,0,0,0,2,0,0,0,0,,,,,376,0,7,383,555,Acta casilla,,,
,21,PUEBLA,13,ATLIXCO,107,OCOYUCAN,862,C,1,0,C01,5,178,70,7,3,2,7,,75,,0,,,,,,,,,,,,,,0,1,0,0,0,1,0,0,1,1,0,0,0,0,0,,,,,351,0,12,363,554,Acta levantada en consejo,,,
,21,PUEBLA,13,ATLIXCO,107,OCOYUCAN,862,C,2,0,C02,12,149,60,5,3,2,11,,98,,1,,,,,,,,,,,,,,0,2,0,0,0,0,0,0,0,0,0,0,0,0,0,,,,,343,0,15,358,554,Acta casilla,,,
,21,PUEBLA,13,ATLIXCO,107,OCOYUCAN,863,B,1,0,B,17,128,56,1,0,2,19,,24,,0,,,,,,,,,,,,,,5,0,4,0,0,0,0,0,0,0,0,0,0,0,0,,,,,256,0,13,269,490,Acta casilla,,,
,21,PUEBLA,13,ATLIXCO,107,OCOYUCAN,863,C,1,0,C01,20,120,52,4,0,2,34,,28,,0,,,,,,,,,,,,,,3,0,1,0,0,0,0,0,0,1,1,0,0,0,0,,,,,266,0,6,272,489,Acta casilla,,,
,21,PUEBLA,13,ATLIXCO,107,OCOYUCAN,864,B,1,0,B,38,149,61,8,6,5,8,,43,,0,,,,,,,,,,,,,,1,0,0,0,0,0,0,0,1,1,1,0,0,0,0,,,,,322,0,13,335,664,Acta casilla,,,
,21,PUEBLA,13,ATLIXCO,107,OCOYUCAN,864,C,1,0,C01,23,156,45,3,12,3,7,,77,,1,,,,,,,,,,,,,,3,2,0,0,0,1,0,2,0,0,1,0,0,0,0,,,,,336,0,14,350,664,Acta casilla,,,
,21,PUEBLA,13,ATLIXCO,107,OCOYUCAN,864,C,2,0,C02,36,158,57,5,1,7,5,,62,,5,,,,,,,,,,,,,,6,3,1,0,1,1,0,0,1,0,2,0,1,0,1,,,,,353,0,12,365,664,Acta casilla,,,
,21,PUEBLA,13,ATLIXCO,107,OCOYUCAN,864,C,3,0,C03,51,153,62,2,2,7,9,,30,,1,,,,,,,,,,,,,,4,1,5,0,2,0,0,1,0,0,2,0,0,0,1,,,,,333,0,18,351,663,Acta casilla,,,
,21,PUEBLA,13,ATLIXCO,107,OCOYUCAN,865,B,1,0,B,17,85,63,5,3,5,9,,35,,1,,,,,,,,,,,,,,4,1,1,0,0,1,0,0,0,0,0,0,0,0,1,,,,,231,0,9,240,510,Acta levantada en consejo,,,
,21,PUEBLA,13,ATLIXCO,107,OCOYUCAN,865,C,1,0,C01,8,118,55,2,4,4,9,,43,,0,,,,,,,,,,,,,,4,1,2,0,0,0,0,0,0,0,0,0,1,0,0,,,,,251,0,13,264,510,Acta casilla,,,
,21,PUEBLA,13,ATLIXCO,107,OCOYUCAN,865,C,2,0,C02,9,118,64,1,4,7,8,,48,,0,,,,,,,,,,,,,,2,3,1,1,0,0,0,0,0,0,1,0,0,0,1,,,,,268,0,7,275,509,Acta casilla,,,
,21,PUEBLA,13,ATLIXCO,107,OCOYUCAN,866,B,1,0,B,8,130,101,2,1,0,2,,12,,1,,,,,,,,,,,,,,3,1,2,0,0,0,0,0,0,0,0,0,0,0,0,,,,,263,0,7,270,351,Acta casilla,,,
,21,PUEBLA,13,ATLIXCO,107,OCOYUCAN,866,E,1,0,E01,37,210,36,6,2,6,1,,54,,1,,,,,,,,,,,,,,2,0,0,0,0,1,0,0,0,0,0,0,0,0,0,,,,,356,0,11,367,666,Acta casilla,,,
,21,PUEBLA,13,ATLIXCO,107,OCOYUCAN,866,E,2,0,E02,5,85,26,1,1,2,10,,16,,0,,,,,,,,,,,,,,1,2,1,0,0,0,0,0,0,0,0,0,1,0,0,,,,,151,0,3,154,216,Acta casilla,,,
,21,PUEBLA,13,ATLIXCO,165,TEPEOJUMA,2083,B,1,0,B,,237,,32,0,2,,,129,,0,,,,,,,,,,,,,,,,,,,,,,,,,,,,,3,18,2,2,425,0,9,434,602,Acta levantada en consejo,,,
,21,PUEBLA,13,ATLIXCO,165,TEPEOJUMA,2083,C,1,0,C01,,249,,35,1,0,,,121,,1,,,,,,,,,,,,,,,,,,,,,,,,,,,,,1,11,0,1,420,1,11,432,602,Acta levantada en consejo,,,
,21,PUEBLA,13,ATLIXCO,165,TEPEOJUMA,2084,B,1,0,B,,174,,49,1,0,,,113,,2,,,,,,,,,,,,,,,,,,,,,,,,,,,,,2,22,0,1,364,0,13,377,541,Acta levantada en consejo,,,
,21,PUEBLA,13,ATLIXCO,165,TEPEOJUMA,2084,C,1,0,C01,,167,,40,0,0,,,115,,3,,,,,,,,,,,,,,,,,,,,,,,,,,,,,5,15,1,0,346,0,19,365,541,Acta levantada en consejo,,,
,21,PUEBLA,13,ATLIXCO,165,TEPEOJUMA,2084,C,2,0,C02,,182,,47,0,1,,,110,,6,,,,,,,,,,,,,,,,,,,,,,,,,,,,,6,19,0,1,372,0,7,379,540,Acta levantada en consejo,,,
,21,PUEBLA,13,ATLIXCO,165,TEPEOJUMA,2084,E,1,0,E01,,105,,12,0,0,,,78,,1,,,,,,,,,,,,,,,,,,,,,,,,,,,,,2,5,0,1,204,0,10,214,286,Acta levantada en consejo,,,
,21,PUEBLA,13,ATLIXCO,165,TEPEOJUMA,2085,B,1,0,B,,161,,46,0,2,,,126,,1,,,,,,,,,,,,,,,,,,,,,,,,,,,,,4,18,2,0,360,0,22,382,553,Acta levantada en consejo,,,
,21,PUEBLA,13,ATLIXCO,165,TEPEOJUMA,2085,C,1,0,C01,,166,,53,0,2,,,122,,0,,,,,,,,,,,,,,,,,,,,,,,,,,,,,0,16,0,1,360,0,12,372,553,Acta levantada en consejo,,,
,21,PUEBLA,13,ATLIXCO,165,TEPEOJUMA,2085,C,2,0,C02,,167,,52,1,0,,,147,,0,,,,,,,,,,,,,,,,,,,,,,,,,,,,,2,9,0,1,379,0,17,396,553,Acta levantada en consejo,,,
,21,PUEBLA,13,ATLIXCO,165,TEPEOJUMA,2086,B,1,0,B,,89,,50,2,1,,,92,,1,,,,,,,,,,,,,,,,,,,,,,,,,,,,,2,8,0,1,246,0,10,256,398,Acta levantada en consejo,,,
,21,PUEBLA,13,ATLIXCO,165,TEPEOJUMA,2086,C,1,0,C01,,112,,35,2,4,,,89,,0,,,,,,,,,,,,,,,,,,,,,,,,,,,,,1,7,0,1,251,0,10,261,398,Acta levantada en consejo,,,
,21,PUEBLA,13,ATLIXCO,165,TEPEOJUMA,2087,B,1,0,B,,130,,42,1,1,,,47,,0,,,,,,,,,,,,,,,,,,,,,,,,,,,,,3,12,0,0,236,0,9,245,389,Acta levantada en consejo,,,
,21,PUEBLA,13,ATLIXCO,165,TEPEOJUMA,2087,C,1,0,C01,,122,,48,1,0,,,59,,3,,,,,,,,,,,,,,,,,,,,,,,,,,,,,1,7,1,0,242,0,11,253,389,Acta levantada en consejo,,,
,21,PUEBLA,13,ATLIXCO,165,TEPEOJUMA,2087,E,1,0,E01,,50,,8,2,0,,,21,,2,,,,,,,,,,,,,,,,,,,,,,,,,,,,,1,1,0,0,85,0,1,86,123,Acta levantada en consejo,,,
,21,PUEBLA,13,ATLIXCO,165,TEPEOJUMA,2088,B,1,0,B,,82,,15,0,0,,,26,,0,,,,,,,,,,,,,,,,,,,,,,,,,,,,,1,5,0,0,129,0,10,139,200,Acta levantada en consejo,,,
,21,PUEBLA,13,ATLIXCO,165,TEPEOJUMA,2088,E,1,0,E01,,70,,23,0,2,,,50,,1,,,,,,,,,,,,,,,,,,,,,,,,,,,,,2,7,2,0,157,0,10,167,219,Acta levantada en consejo,,,
