ID_ESTADO,NOMBRE_ESTADO,ID_MUNICIPIO,MUNICIPIO,SECCIONES,CASILLAS,PAN,PRI,PRD,PT,PVEM,MC,PCPP,PSI,MORENA,NA,ES,C_COMUN_PAN_PCPP,C_COMUN_PRI_PCPP,C_COMUN_PAN_PRD_MC_PCPP,C_COMUN_PRD_MC_PCPP,PT_PVEM_MORENA_ES,C_COMUN_PT_MORENA_ES,NUM_VOTOS_VALIDOS,NUM_VOTOS_CAN_NREG,NUM_VOTOS_NULOS,TOTAL_VOTOS,LISTA_NOMINAL,RUTA_ACTA
21,PUEBLA,8,AHUAZOTEPEC,4,14,,1868,,,,,,1108,,259,,129,,,,1534,,4898,0,329,5227,7675,
21,PUEBLA,29,CA�ADA MORELOS,9,25,,4624,,,,,,,,,,,,1112,,2376,,8112,2,297,8411,14083,
21,PUEBLA,98,MAZAPILTEPEC DE JUAREZ,2,4,,,,6,36,545,,8,190,,55,,716,,,,,1556,2,39,1597,2154,
21,PUEBLA,107,OCOYUCAN,10,41,2612,5726,,,,,,,,,,,,,3276,2520,,14134,1,478,14613,25115,
21,PUEBLA,165,TEPEOJUMA,6,16,,2263,,,11,15,,,,,,,,,,,2287,4576,1,181,4758,6887,
