CIRCUNSCRIPCION,ID_ESTADO,NOMBRE_ESTADO,ID_DISTRITO_LOCAL,CABECERA_DISTRITAL_LOCAL,ID_MUNICIPIO,MUNICIPIO,ID_DEMARCACION_LOCAL,DEMARCACION_LOCAL,TIPO_DE_ELECCION,NOMBRE_PARTICIPANTE,NUMERO_LISTA,CANDIDATO,SEXO_CANDIDATO,RUTA_CONSTANCIA,PARTIDO
,1,AGUASCALIENTES,1,RINCON DE ROMOS,,,,,DIP_LOC_MR,PT_MORENA_PANALA,1,FERNANDO MARMOLEJO MONTOYA,1,http://www.ieeagssistemas.org.mx/SE/Notificaciones/sesiones_concluidas/2021/EXTRAORDINARIA/DIS_13_Punto_3_04-EXTRAORDINARIA-06-2021.pdf,PT
,1,AGUASCALIENTES,1,RINCON DE ROMOS,,,,,DIP_LOC_MR,PT_MORENA_PANALA,2,CITLALI SANCHEZ DE LA CRUZ,2,http://www.ieeagssistemas.org.mx/SE/Notificaciones/sesiones_concluidas/2021/EXTRAORDINARIA/DIS_13_Punto_3_04-EXTRAORDINARIA-06-2021.pdf,PT
,1,AGUASCALIENTES,2,PALO ALTO EL LLANO,,,,,DIP_LOC_MR,MORENA,1,JUAN LUIS JASSO HERNANDEZ,1,http://www.ieeagssistemas.org.mx/SE/Notificaciones/sesiones_concluidas/2021/EXTRAORDINARIA/DIS_14_Punto_3_04-EXTRAORDINARIA-06-2021.pdf,MORENA
,1,AGUASCALIENTES,2,PALO ALTO EL LLANO,,,,,DIP_LOC_MR,MORENA,2,URIEL CASTRO LARA,1,http://www.ieeagssistemas.org.mx/SE/Notificaciones/sesiones_concluidas/2021/EXTRAORDINARIA/DIS_14_Punto_3_04-EXTRAORDINARIA-06-2021.pdf,MORENA
,1,AGUASCALIENTES,3,PABELLON DE ARTEAGA,,,,,DIP_LOC_MR,PAN_PRD,1,CUAUHTEMOC ESCOBEDO TEJADA,1,http://www.ieeagssistemas.org.mx/SE/Notificaciones/sesiones_concluidas/2021/EXTRAORDINARIA/DIS_15_Punto_3_04-EXTRAORDINARIA-06-2021.pdf,PRD
,1,AGUASCALIENTES,3,PABELLON DE ARTEAGA,,,,,DIP_LOC_MR,PAN_PRD,2,HEBER ARTURO RUVALCABA HERNANDEZ,1,http://www.ieeagssistemas.org.mx/SE/Notificaciones/sesiones_concluidas/2021/EXTRAORDINARIA/DIS_15_Punto_3_04-EXTRAORDINARIA-06-2021.pdf,PRD
,1,AGUASCALIENTES,4,SAN FRANCISCO DE LOS ROMO,,,,,DIP_LOC_MR,PAN_PRD,1,JOSE DE JESUS ALTAMIRA ACOSTA,1,http://www.ieeagssistemas.org.mx/SE/Notificaciones/sesiones_concluidas/2021/EXTRAORDINARIA/DIS_16_Punto_8_04-EXTRAORDINARIA-06-2021.pdf,PAN
,1,AGUASCALIENTES,4,SAN FRANCISCO DE LOS ROMO,,,,,DIP_LOC_MR,PAN_PRD,2,JUAN JOSE HERNANDEZ ARANDA,1,http://www.ieeagssistemas.org.mx/SE/Notificaciones/sesiones_concluidas/2021/EXTRAORDINARIA/DIS_16_Punto_8_04-EXTRAORDINARIA-06-2021.pdf,PAN
,1,AGUASCALIENTES,5,AGUASCALIENTES,,,,,DIP_LOC_MR,PAN_PRD,1,RAUL SILVA PEREZCHICA,1,http://www.ieeagssistemas.org.mx/SE/Notificaciones/sesiones_concluidas/2021/EXTRAORDINARIA/DIS_17_Punto_6_04-EXTRAORDINARIA-06-2021.pdf,PAN
,1,AGUASCALIENTES,5,AGUASCALIENTES,,,,,DIP_LOC_MR,PAN_PRD,2,OSWALDO ALONSO SERRANO,1,http://www.ieeagssistemas.org.mx/SE/Notificaciones/sesiones_concluidas/2021/EXTRAORDINARIA/DIS_17_Punto_6_04-EXTRAORDINARIA-06-2021.pdf,PAN
,1,AGUASCALIENTES,6,AGUASCALIENTES,,,,,DIP_LOC_MR,PAN_PRD,1,JAIME GONZALEZ DE LEON,1,http://www.ieeagssistemas.org.mx/SE/Notificaciones/sesiones_concluidas/2021/EXTRAORDINARIA/DIS_18_Punto_3_04-EXTRAORDINARIA-06-2021.pdf,PAN
,1,AGUASCALIENTES,6,AGUASCALIENTES,,,,,DIP_LOC_MR,PAN_PRD,2,ENRIQUE FRANCO MEDINA,1,http://www.ieeagssistemas.org.mx/SE/Notificaciones/sesiones_concluidas/2021/EXTRAORDINARIA/DIS_18_Punto_3_04-EXTRAORDINARIA-06-2021.pdf,PAN
,1,AGUASCALIENTES,7,JESUS MARIA,,,,,DIP_LOC_MR,PAN_PRD,1,LAURA PATRICIA PONCE LUNA,2,http://www.ieeagssistemas.org.mx/SE/Notificaciones/sesiones_concluidas/2021/EXTRAORDINARIA/DIS_19_Punto_3_04-EXTRAORDINARIA-06-2021.pdf,PAN
,1,AGUASCALIENTES,7,JESUS MARIA,,,,,DIP_LOC_MR,PAN_PRD,2,FLOR DE MARIA ZAVALA SOTO,2,http://www.ieeagssistemas.org.mx/SE/Notificaciones/sesiones_concluidas/2021/EXTRAORDINARIA/DIS_19_Punto_3_04-EXTRAORDINARIA-06-2021.pdf,PAN
,1,AGUASCALIENTES,8,CALVILLO,,,,,DIP_LOC_MR,PAN_PRD,1,ADAN  VALDIVIA LOPEZ,1,http://www.ieeagssistemas.org.mx/SE/Notificaciones/sesiones_concluidas/2021/EXTRAORDINARIA/DIS_20_Punto_3_04-EXTRAORDINARIA-06-2021.pdf,PAN
,1,AGUASCALIENTES,8,CALVILLO,,,,,DIP_LOC_MR,PAN_PRD,2,GIOVANNI MANUEL RODRIGUEZ REYES,1,http://www.ieeagssistemas.org.mx/SE/Notificaciones/sesiones_concluidas/2021/EXTRAORDINARIA/DIS_20_Punto_3_04-EXTRAORDINARIA-06-2021.pdf,PAN
,1,AGUASCALIENTES,9,AGUASCALIENTES,,,,,DIP_LOC_MR,PAN_PRD,1,ALMA HILDA MEDINA MACIAS,2,http://www.ieeagssistemas.org.mx/SE/Notificaciones/sesiones_concluidas/2021/EXTRAORDINARIA/DIS_21_Punto_6_04-EXTRAORDINARIA-06-2021.pdf,PAN
,1,AGUASCALIENTES,9,AGUASCALIENTES,,,,,DIP_LOC_MR,PAN_PRD,2,CARMEN NOEMI HERRADA CAMPOS,2,http://www.ieeagssistemas.org.mx/SE/Notificaciones/sesiones_concluidas/2021/EXTRAORDINARIA/DIS_21_Punto_6_04-EXTRAORDINARIA-06-2021.pdf,PAN
,1,AGUASCALIENTES,10,AGUASCALIENTES,,,,,DIP_LOC_MR,PAN_PRD,1,NANCY XOCHITL MACIAS PACHECO,2,http://www.ieeagssistemas.org.mx/SE/Notificaciones/sesiones_concluidas/2021/EXTRAORDINARIA/DIS_22_Punto_3_09-EXTRAORDINARIA-06-2021.pdf,PRD
,1,AGUASCALIENTES,10,AGUASCALIENTES,,,,,DIP_LOC_MR,PAN_PRD,2,VERONICA RAMIREZ LUNA,2,http://www.ieeagssistemas.org.mx/SE/Notificaciones/sesiones_concluidas/2021/EXTRAORDINARIA/DIS_22_Punto_3_09-EXTRAORDINARIA-06-2021.pdf,PRD
,1,AGUASCALIENTES,11,AGUASCALIENTES,,,,,DIP_LOC_MR,PAN_PRD,1,MARIA DE JESUS DIAZ MARMOLEJO,2,http://www.ieeagssistemas.org.mx/SE/Notificaciones/sesiones_concluidas/2021/EXTRAORDINARIA/DIS_23_Punto_7_04-EXTRAORDINARIA-06-2021.pdf,PAN
,1,AGUASCALIENTES,11,AGUASCALIENTES,,,,,DIP_LOC_MR,PAN_PRD,2,MA. ISABEL ROSALES CHAVEZ,2,http://www.ieeagssistemas.org.mx/SE/Notificaciones/sesiones_concluidas/2021/EXTRAORDINARIA/DIS_23_Punto_7_04-EXTRAORDINARIA-06-2021.pdf,PAN
,1,AGUASCALIENTES,12,AGUASCALIENTES,,,,,DIP_LOC_MR,PAN_PRD,1,SANJUANA MARTINEZ MELENDEZ,2,http://www.ieeagssistemas.org.mx/SE/Notificaciones/sesiones_concluidas/2021/EXTRAORDINARIA/DIS_24_Punto_3_04-EXTRAORDINARIA-06-2021.pdf,PRD
,1,AGUASCALIENTES,12,AGUASCALIENTES,,,,,DIP_LOC_MR,PAN_PRD,2,SARAHI MACIAS ALICEA,2,http://www.ieeagssistemas.org.mx/SE/Notificaciones/sesiones_concluidas/2021/EXTRAORDINARIA/DIS_24_Punto_3_04-EXTRAORDINARIA-06-2021.pdf,PRD
,1,AGUASCALIENTES,13,AGUASCALIENTES,,,,,DIP_LOC_MR,PAN_PRD,1,JEDSABEL SANCHEZ MONTES,2,http://www.ieeagssistemas.org.mx/SE/Notificaciones/sesiones_concluidas/2021/EXTRAORDINARIA/DIS_25_Punto_6_04-EXTRAORDINARIA-06-2021.pdf,PAN
,1,AGUASCALIENTES,13,AGUASCALIENTES,,,,,DIP_LOC_MR,PAN_PRD,2,MARIA EDITH VILLARCE GARCIA,2,http://www.ieeagssistemas.org.mx/SE/Notificaciones/sesiones_concluidas/2021/EXTRAORDINARIA/DIS_25_Punto_6_04-EXTRAORDINARIA-06-2021.pdf,PAN
,1,AGUASCALIENTES,14,AGUASCALIENTES,,,,,DIP_LOC_MR,PAN_PRD,1,LUIS ENRIQUE GARCIA LOPEZ,1,http://www.ieeagssistemas.org.mx/SE/Notificaciones/sesiones_concluidas/2021/EXTRAORDINARIA/DIS_26_Punto_6_04-EXTRAORDINARIA-06-2021.pdf,PAN
,1,AGUASCALIENTES,14,AGUASCALIENTES,,,,,DIP_LOC_MR,PAN_PRD,2,FRANCISCO SANCHEZ ESPARZA,1,http://www.ieeagssistemas.org.mx/SE/Notificaciones/sesiones_concluidas/2021/EXTRAORDINARIA/DIS_26_Punto_6_04-EXTRAORDINARIA-06-2021.pdf,PAN
,1,AGUASCALIENTES,15,AGUASCALIENTES,,,,,DIP_LOC_MR,PAN_PRD,1,MAYRA GUADALUPE TORRES MERCADO,2,http://www.ieeagssistemas.org.mx/SE/Notificaciones/sesiones_concluidas/2021/EXTRAORDINARIA/DIS_27_Punto_3_03-EXTRAORDINARIA-06-2021.pdf,PAN
,1,AGUASCALIENTES,15,AGUASCALIENTES,,,,,DIP_LOC_MR,PAN_PRD,2,RITA VERONICA CRUZ MEDINA,2,http://www.ieeagssistemas.org.mx/SE/Notificaciones/sesiones_concluidas/2021/EXTRAORDINARIA/DIS_27_Punto_3_03-EXTRAORDINARIA-06-2021.pdf,PAN
,1,AGUASCALIENTES,16,AGUASCALIENTES,,,,,DIP_LOC_MR,PAN_PRD,1,EMANUELLE SANCHEZ NAJERA,1,http://www.ieeagssistemas.org.mx/SE/Notificaciones/sesiones_concluidas/2021/EXTRAORDINARIA/DIS_28_Punto_3_06-EXTRAORDINARIA-06-2021.pdf,PRD
,1,AGUASCALIENTES,16,AGUASCALIENTES,,,,,DIP_LOC_MR,PAN_PRD,2,JUAN CARLOS PALAFOX CONTRERAS,1,http://www.ieeagssistemas.org.mx/SE/Notificaciones/sesiones_concluidas/2021/EXTRAORDINARIA/DIS_28_Punto_3_06-EXTRAORDINARIA-06-2021.pdf,PRD
,1,AGUASCALIENTES,17,AGUASCALIENTES,,,,,DIP_LOC_MR,PAN_PRD,1,SALVADOR MAXIMILIANO RAMIREZ HERNANDEZ,1,http://www.ieeagssistemas.org.mx/SE/Notificaciones/sesiones_concluidas/2021/EXTRAORDINARIA/DIS_29_Punto_5_04-EXTRAORDINARIA-06-2021.pdf,PAN
,1,AGUASCALIENTES,17,AGUASCALIENTES,,,,,DIP_LOC_MR,PAN_PRD,2,SERGIO DAVID MORA RODARTE,1,http://www.ieeagssistemas.org.mx/SE/Notificaciones/sesiones_concluidas/2021/EXTRAORDINARIA/DIS_29_Punto_5_04-EXTRAORDINARIA-06-2021.pdf,PAN
,1,AGUASCALIENTES,18,AGUASCALIENTES,,,,,DIP_LOC_MR,PAN_PRD,1,JUAN PABLO GOMEZ DIOSDADO,1,http://www.ieeagssistemas.org.mx/SE/Notificaciones/sesiones_concluidas/2021/EXTRAORDINARIA/DIS_30_Punto_6_03-EXTRAORDINARIA-06-2021.pdf,PAN
,1,AGUASCALIENTES,18,AGUASCALIENTES,,,,,DIP_LOC_MR,PAN_PRD,2,GLADYS ADRIANA RAMIREZ AGUILAR,2,http://www.ieeagssistemas.org.mx/SE/Notificaciones/sesiones_concluidas/2021/EXTRAORDINARIA/DIS_30_Punto_6_03-EXTRAORDINARIA-06-2021.pdf,PAN
1,1,AGUASCALIENTES,,,,,,,DIP_LOC_RP,PAN ,1,NANCY JEANETTE GUTIERREZ RUVALCABA,2,https://www.ieeags.mx/docs/Sesiones/Junio/13_Jun_Ext/6.%20CG-A-54-21%20Acuerdo%20Asignaci%C3%B3n%20Diputaciones%20RP%20PECO%2020-21.pdf,PAN 
1,1,AGUASCALIENTES,,,,,,,DIP_LOC_RP,PAN ,1,ALEJANDRA OROZCO RAMIREZ,2,https://www.ieeags.mx/docs/Sesiones/Junio/13_Jun_Ext/6.%20CG-A-54-21%20Acuerdo%20Asignaci%C3%B3n%20Diputaciones%20RP%20PECO%2020-21.pdf,PAN 
1,1,AGUASCALIENTES,,,,,,,DIP_LOC_RP,MORENA,1,ANA LAURA GOMEZ CALZADA,2,https://www.ieeags.mx/docs/Sesiones/Junio/13_Jun_Ext/6.%20CG-A-54-21%20Acuerdo%20Asignaci%C3%B3n%20Diputaciones%20RP%20PECO%2020-21.pdf,MORENA
1,1,AGUASCALIENTES,,,,,,,DIP_LOC_RP,MORENA,1,SINDY PAOLA GONZALEZ RUBALCAVA,2,https://www.ieeags.mx/docs/Sesiones/Junio/13_Jun_Ext/6.%20CG-A-54-21%20Acuerdo%20Asignaci%C3%B3n%20Diputaciones%20RP%20PECO%2020-21.pdf,MORENA
1,1,AGUASCALIENTES,,,,,,,DIP_LOC_RP,PRI,1,VERONICA ROMO SANCHEZ,2,https://www.ieeags.mx/docs/Sesiones/Junio/13_Jun_Ext/6.%20CG-A-54-21%20Acuerdo%20Asignaci%C3%B3n%20Diputaciones%20RP%20PECO%2020-21.pdf,PRI
1,1,AGUASCALIENTES,,,,,,,DIP_LOC_RP,PRI,1,MIRIAM ELIZABETH ROMO MARIN,2,https://www.ieeags.mx/docs/Sesiones/Junio/13_Jun_Ext/6.%20CG-A-54-21%20Acuerdo%20Asignaci%C3%B3n%20Diputaciones%20RP%20PECO%2020-21.pdf,PRI
1,1,AGUASCALIENTES,,,,,,,DIP_LOC_RP,MC,1,YOLYTZIN ALELI RODRIGUEZ SENDEJAS,2,https://www.ieeags.mx/docs/Sesiones/Junio/13_Jun_Ext/6.%20CG-A-54-21%20Acuerdo%20Asignaci%C3%B3n%20Diputaciones%20RP%20PECO%2020-21.pdf,MC
1,1,AGUASCALIENTES,,,,,,,DIP_LOC_RP,MC,1,DANIELA MIYUKY LOPEZ MUNOZ,2,https://www.ieeags.mx/docs/Sesiones/Junio/13_Jun_Ext/6.%20CG-A-54-21%20Acuerdo%20Asignaci%C3%B3n%20Diputaciones%20RP%20PECO%2020-21.pdf,MC
1,1,AGUASCALIENTES,,,,,,,DIP_LOC_RP,PVEM,1,GENNY JANETH LOPEZ VALENZUELA,2,https://www.ieeags.mx/docs/Sesiones/Junio/13_Jun_Ext/6.%20CG-A-54-21%20Acuerdo%20Asignaci%C3%B3n%20Diputaciones%20RP%20PECO%2020-21.pdf,PVEM
1,1,AGUASCALIENTES,,,,,,,DIP_LOC_RP,PVEM,1,DANIELA MALINALY MARQUEZ SALTO,2,https://www.ieeags.mx/docs/Sesiones/Junio/13_Jun_Ext/6.%20CG-A-54-21%20Acuerdo%20Asignaci%C3%B3n%20Diputaciones%20RP%20PECO%2020-21.pdf,PVEM
1,1,AGUASCALIENTES,,,,,,,DIP_LOC_RP,MORENA,1,LESLIE MAYELA FIGUEROA TREVINO,2,https://www.ieeags.mx/docs/Sesiones/Junio/13_Jun_Ext/6.%20CG-A-54-21%20Acuerdo%20Asignaci%C3%B3n%20Diputaciones%20RP%20PECO%2020-21.pdf,MORENA
1,1,AGUASCALIENTES,,,,,,,DIP_LOC_RP,MORENA,1,BERENICE ANAHI ROMO TAPIA,2,https://www.ieeags.mx/docs/Sesiones/Junio/13_Jun_Ext/6.%20CG-A-54-21%20Acuerdo%20Asignaci%C3%B3n%20Diputaciones%20RP%20PECO%2020-21.pdf,MORENA
1,1,AGUASCALIENTES,,,,,,,DIP_LOC_RP,MORENA,1,IRMA KAROLA MACIAS MARTINEZ,2,https://www.ieeags.mx/docs/Sesiones/Junio/13_Jun_Ext/6.%20CG-A-54-21%20Acuerdo%20Asignaci%C3%B3n%20Diputaciones%20RP%20PECO%2020-21.pdf,MORENA
1,1,AGUASCALIENTES,,,,,,,DIP_LOC_RP,MORENA,1,JANET RAMIREZ TIBURCIO,2,https://www.ieeags.mx/docs/Sesiones/Junio/13_Jun_Ext/6.%20CG-A-54-21%20Acuerdo%20Asignaci%C3%B3n%20Diputaciones%20RP%20PECO%2020-21.pdf,MORENA
1,1,AGUASCALIENTES,,,,,,,DIP_LOC_RP,MORENA,4,JUAN CARLOS REGALADO UGARTE,1,https://www.ieeags.mx/docs/Sesiones/Junio/13_Jun_Ext/6.%20CG-A-54-21%20Acuerdo%20Asignaci%C3%B3n%20Diputaciones%20RP%20PECO%2020-21.pdf,MORENA
1,1,AGUASCALIENTES,,,,,,,DIP_LOC_RP,MORENA,4,JESUS ALBERTO CASTILLO CONTRERAS,1,https://www.ieeags.mx/docs/Sesiones/Junio/13_Jun_Ext/6.%20CG-A-54-21%20Acuerdo%20Asignaci%C3%B3n%20Diputaciones%20RP%20PECO%2020-21.pdf,MORENA
1,1,AGUASCALIENTES,,,,,,,DIP_LOC_RP,MORENA,1,ARTURO PINA ALVARADO,1,https://www.ieeags.mx/docs/Sesiones/Junio/13_Jun_Ext/6.%20CG-A-54-21%20Acuerdo%20Asignaci%C3%B3n%20Diputaciones%20RP%20PECO%2020-21.pdf,MORENA
1,1,AGUASCALIENTES,,,,,,,DIP_LOC_RP,MORENA,1,MARLON CASTRO ARMENDARIZ,1,https://www.ieeags.mx/docs/Sesiones/Junio/13_Jun_Ext/6.%20CG-A-54-21%20Acuerdo%20Asignaci%C3%B3n%20Diputaciones%20RP%20PECO%2020-21.pdf,MORENA
,1,AGUASCALIENTES,,,1,AGUASCALIENTES,,,PRES_MUN,PAN_PRD,1,LEONARDO MONTANEZ CASTRO,1,http://www.ieeagssistemas.org.mx/SE/Notificaciones/sesiones_concluidas/2021/EXTRAORDINARIA/MUN_1_Punto_3_04-EXTRAORDINARIA-06-2021.pdf,PAN
,1,AGUASCALIENTES,,,1,AGUASCALIENTES,,,SIND,PAN_PRD,1,MARTHA ELISA GONZALEZ ESTRADA,2,http://www.ieeagssistemas.org.mx/SE/Notificaciones/sesiones_concluidas/2021/EXTRAORDINARIA/MUN_1_Punto_3_04-EXTRAORDINARIA-06-2021.pdf,PAN
,1,AGUASCALIENTES,,,1,AGUASCALIENTES,,,SIND,PAN_PRD,2,HECTOR HUGO AGUILERA CORDERO,1,http://www.ieeagssistemas.org.mx/SE/Notificaciones/sesiones_concluidas/2021/EXTRAORDINARIA/MUN_1_Punto_3_04-EXTRAORDINARIA-06-2021.pdf,PAN
,1,AGUASCALIENTES,,,1,AGUASCALIENTES,,,REG,PAN_PRD,1,PATRICIA GARCIA GARCIA,2,http://www.ieeagssistemas.org.mx/SE/Notificaciones/sesiones_concluidas/2021/EXTRAORDINARIA/MUN_1_Punto_3_04-EXTRAORDINARIA-06-2021.pdf,PAN
,1,AGUASCALIENTES,,,1,AGUASCALIENTES,,,REG,PAN_PRD,2,ALFREDO MARTIN CERVANTES GARCIA,1,http://www.ieeagssistemas.org.mx/SE/Notificaciones/sesiones_concluidas/2021/EXTRAORDINARIA/MUN_1_Punto_3_04-EXTRAORDINARIA-06-2021.pdf,PAN
,1,AGUASCALIENTES,,,1,AGUASCALIENTES,,,REG,PAN_PRD,3,IVONNE JAQUELINE AZCONA RAMIREZ,2,http://www.ieeagssistemas.org.mx/SE/Notificaciones/sesiones_concluidas/2021/EXTRAORDINARIA/MUN_1_Punto_3_04-EXTRAORDINARIA-06-2021.pdf,PAN
,1,AGUASCALIENTES,,,1,AGUASCALIENTES,,,REG,PAN_PRD,4,EDGAR DUENAS MACIAS,1,http://www.ieeagssistemas.org.mx/SE/Notificaciones/sesiones_concluidas/2021/EXTRAORDINARIA/MUN_1_Punto_3_04-EXTRAORDINARIA-06-2021.pdf,PAN
,1,AGUASCALIENTES,,,1,AGUASCALIENTES,,,REG,PAN_PRD,5,MIRNA RUBIELA MEDINA RUVALCABA,2,http://www.ieeagssistemas.org.mx/SE/Notificaciones/sesiones_concluidas/2021/EXTRAORDINARIA/MUN_1_Punto_3_04-EXTRAORDINARIA-06-2021.pdf,PAN
,1,AGUASCALIENTES,,,1,AGUASCALIENTES,,,REG,PAN_PRD,6,JUAN GUILLERMO ALANIZ DE LEON,1,http://www.ieeagssistemas.org.mx/SE/Notificaciones/sesiones_concluidas/2021/EXTRAORDINARIA/MUN_1_Punto_3_04-EXTRAORDINARIA-06-2021.pdf,PAN
,1,AGUASCALIENTES,,,1,AGUASCALIENTES,,,REG,PAN_PRD,7,MARISOL BARRON BETANCOURT,2,http://www.ieeagssistemas.org.mx/SE/Notificaciones/sesiones_concluidas/2021/EXTRAORDINARIA/MUN_1_Punto_3_04-EXTRAORDINARIA-06-2021.pdf,PRD
,1,AGUASCALIENTES,,,1,AGUASCALIENTES,,,REG_RP,MORENA,1,ALEJANDRA PENA CURIEL,2,https://www.ieeags.mx/docs/Sesiones/Junio/13_Jun_Ext/8.%20CG-A-55-21%20Acuerdo%20Asignaciones%20Regidur%C3%ADas%20RP%20PECO%2020-21.pdf,MORENA
,1,AGUASCALIENTES,,,1,AGUASCALIENTES,,,REG_RP,PRI,2,EDITH CITLALLI RODRIGUEZ GONZALEZ,2,https://www.ieeags.mx/docs/Sesiones/Junio/13_Jun_Ext/8.%20CG-A-55-21%20Acuerdo%20Asignaciones%20Regidur%C3%ADas%20RP%20PECO%2020-21.pdf,PRI
,1,AGUASCALIENTES,,,1,AGUASCALIENTES,,,REG_RP,MC,3,GUSTAVO ADOLFO GRANADOS CORZO,1,https://www.ieeags.mx/docs/Sesiones/Junio/13_Jun_Ext/8.%20CG-A-55-21%20Acuerdo%20Asignaciones%20Regidur%C3%ADas%20RP%20PECO%2020-21.pdf,MC
,1,AGUASCALIENTES,,,1,AGUASCALIENTES,,,REG_RP,MORENA,4,LUIS ARMANDO SALAZAR MORA,1,https://www.ieeags.mx/docs/Sesiones/Junio/13_Jun_Ext/8.%20CG-A-55-21%20Acuerdo%20Asignaciones%20Regidur%C3%ADas%20RP%20PECO%2020-21.pdf,MORENA
,1,AGUASCALIENTES,,,1,AGUASCALIENTES,,,REG_RP,MORENA,5,MARIA DOLORES VERDIN ALMANZA,2,https://www.ieeags.mx/docs/Sesiones/Junio/13_Jun_Ext/8.%20CG-A-55-21%20Acuerdo%20Asignaciones%20Regidur%C3%ADas%20RP%20PECO%2020-21.pdf,MORENA
,1,AGUASCALIENTES,,,1,AGUASCALIENTES,,,REG_RP,PRI,6,CARLOS FERNANDO ORTEGA TISCARENO,1,https://www.ieeags.mx/docs/Sesiones/Junio/13_Jun_Ext/8.%20CG-A-55-21%20Acuerdo%20Asignaciones%20Regidur%C3%ADas%20RP%20PECO%2020-21.pdf,PRI
,1,AGUASCALIENTES,,,1,AGUASCALIENTES,,,REG_RP,MC,7,MARIA GUADALUPE ARELLANO ESPINOSA,2,https://www.ieeags.mx/docs/Sesiones/Junio/13_Jun_Ext/8.%20CG-A-55-21%20Acuerdo%20Asignaciones%20Regidur%C3%ADas%20RP%20PECO%2020-21.pdf,MC
,1,AGUASCALIENTES,,,2,ASIENTOS,,,PRES_MUN,MORENA,1,JOSE MANUEL GONZALEZ MOTA,1,http://www.ieeagssistemas.org.mx/SE/Notificaciones/sesiones_concluidas/2021/EXTRAORDINARIA/MUN_2_Punto_4_04-EXTRAORDINARIA-06-2021.pdf,MORENA
,1,AGUASCALIENTES,,,2,ASIENTOS,,,SIND,MORENA,1,MARTHA HILDA  CORNEJO,2,http://www.ieeagssistemas.org.mx/SE/Notificaciones/sesiones_concluidas/2021/EXTRAORDINARIA/MUN_2_Punto_4_04-EXTRAORDINARIA-06-2021.pdf,MORENA
,1,AGUASCALIENTES,,,2,ASIENTOS,,,REG,MORENA,1,JUAN MANUEL CARDONA ANGUIANO,1,http://www.ieeagssistemas.org.mx/SE/Notificaciones/sesiones_concluidas/2021/EXTRAORDINARIA/MUN_2_Punto_4_04-EXTRAORDINARIA-06-2021.pdf,MORENA
,1,AGUASCALIENTES,,,2,ASIENTOS,,,REG,MORENA,2,YOLANDA VELAZQUEZ GALINDO,2,http://www.ieeagssistemas.org.mx/SE/Notificaciones/sesiones_concluidas/2021/EXTRAORDINARIA/MUN_2_Punto_4_04-EXTRAORDINARIA-06-2021.pdf,MORENA
,1,AGUASCALIENTES,,,2,ASIENTOS,,,REG,MORENA,3,RICARDO ESQUIVEL ESQUIVEL,1,http://www.ieeagssistemas.org.mx/SE/Notificaciones/sesiones_concluidas/2021/EXTRAORDINARIA/MUN_2_Punto_4_04-EXTRAORDINARIA-06-2021.pdf,MORENA
,1,AGUASCALIENTES,,,2,ASIENTOS,,,REG,MORENA,4,MARIA CITLALY ZAPATA NUNEZ,2,http://www.ieeagssistemas.org.mx/SE/Notificaciones/sesiones_concluidas/2021/EXTRAORDINARIA/MUN_2_Punto_4_04-EXTRAORDINARIA-06-2021.pdf,MORENA
,1,AGUASCALIENTES,,,2,ASIENTOS,,,REG_RP,PAN,1,DIANA KARINA VAZQUEZ LOPEZ,2,https://www.ieeags.mx/docs/Sesiones/Junio/13_Jun_Ext/8.%20CG-A-55-21%20Acuerdo%20Asignaciones%20Regidur%C3%ADas%20RP%20PECO%2020-21.pdf,PAN
,1,AGUASCALIENTES,,,2,ASIENTOS,,,REG_RP,PRI,2,ALMA ARACELY RANGEL PADILLA,2,https://www.ieeags.mx/docs/Sesiones/Junio/13_Jun_Ext/8.%20CG-A-55-21%20Acuerdo%20Asignaciones%20Regidur%C3%ADas%20RP%20PECO%2020-21.pdf,PRI
,1,AGUASCALIENTES,,,2,ASIENTOS,,,REG_RP,PAN,3,ABEL VELAZQUEZ CALVILLO,1,https://www.ieeags.mx/docs/Sesiones/Junio/13_Jun_Ext/8.%20CG-A-55-21%20Acuerdo%20Asignaciones%20Regidur%C3%ADas%20RP%20PECO%2020-21.pdf,PAN
,1,AGUASCALIENTES,,,2,ASIENTOS,,,REG_RP,PAN,4,LETICIA HERNANDEZ JIMENEZ,2,https://www.ieeags.mx/docs/Sesiones/Junio/13_Jun_Ext/8.%20CG-A-55-21%20Acuerdo%20Asignaciones%20Regidur%C3%ADas%20RP%20PECO%2020-21.pdf,PAN
,1,AGUASCALIENTES,,,3,CALVILLO,,,PRES_MUN,PAN_PRD,1,DANIEL ROMO URRUTIA,1,http://www.ieeagssistemas.org.mx/SE/Notificaciones/sesiones_concluidas/2021/EXTRAORDINARIA/MUN_3_Punto_5_04-EXTRAORDINARIA-06-2021.pdf,PAN
,1,AGUASCALIENTES,,,3,CALVILLO,,,SIND,PAN_PRD,1,MARIA DE JESUS ORTIZ MEDINA,2,http://www.ieeagssistemas.org.mx/SE/Notificaciones/sesiones_concluidas/2021/EXTRAORDINARIA/MUN_3_Punto_5_04-EXTRAORDINARIA-06-2021.pdf,PAN
,1,AGUASCALIENTES,,,3,CALVILLO,,,REG,PAN_PRD,1,ALFREDO GARCIA MARTINEZ,1,http://www.ieeagssistemas.org.mx/SE/Notificaciones/sesiones_concluidas/2021/EXTRAORDINARIA/MUN_3_Punto_5_04-EXTRAORDINARIA-06-2021.pdf,PAN
,1,AGUASCALIENTES,,,3,CALVILLO,,,REG,PAN_PRD,2,ANDREA GARCIA RODRIGUEZ,2,http://www.ieeagssistemas.org.mx/SE/Notificaciones/sesiones_concluidas/2021/EXTRAORDINARIA/MUN_3_Punto_5_04-EXTRAORDINARIA-06-2021.pdf,PAN
,1,AGUASCALIENTES,,,3,CALVILLO,,,REG,PAN_PRD,3,JOSE MANUEL VELASCO SERNA,1,http://www.ieeagssistemas.org.mx/SE/Notificaciones/sesiones_concluidas/2021/EXTRAORDINARIA/MUN_3_Punto_5_04-EXTRAORDINARIA-06-2021.pdf,PAN
,1,AGUASCALIENTES,,,3,CALVILLO,,,REG,PAN_PRD,4,LETICIA VELASCO VALLIN,2,http://www.ieeagssistemas.org.mx/SE/Notificaciones/sesiones_concluidas/2021/EXTRAORDINARIA/MUN_3_Punto_5_04-EXTRAORDINARIA-06-2021.pdf,PRD
,1,AGUASCALIENTES,,,3,CALVILLO,,,REG_RP,MORENA,1,ANA LUISA CARDONA LANDEROS,2,https://www.ieeags.mx/docs/Sesiones/Junio/13_Jun_Ext/8.%20CG-A-55-21%20Acuerdo%20Asignaciones%20Regidur%C3%ADas%20RP%20PECO%2020-21.pdf,MORENA
,1,AGUASCALIENTES,,,3,CALVILLO,,,REG_RP,PLA,2,ANDREA MONSERRAT PINEDA ROSALES,2,https://www.ieeags.mx/docs/Sesiones/Junio/13_Jun_Ext/8.%20CG-A-55-21%20Acuerdo%20Asignaciones%20Regidur%C3%ADas%20RP%20PECO%2020-21.pdf,PLA
,1,AGUASCALIENTES,,,3,CALVILLO,,,REG_RP,FXM,3,MARIA GUADALUPE DIAZ MARTINEZ,2,https://www.ieeags.mx/docs/Sesiones/Junio/13_Jun_Ext/8.%20CG-A-55-21%20Acuerdo%20Asignaciones%20Regidur%C3%ADas%20RP%20PECO%2020-21.pdf,FXM
,1,AGUASCALIENTES,,,3,CALVILLO,,,REG_RP,PRI,4,CARLOS LUEVANOS GONZALEZ,1,https://www.ieeags.mx/docs/Sesiones/Junio/13_Jun_Ext/8.%20CG-A-55-21%20Acuerdo%20Asignaciones%20Regidur%C3%ADas%20RP%20PECO%2020-21.pdf,PRI
,1,AGUASCALIENTES,,,4,COSIO,,,PRES_MUN,PVEM,1,EUSEBIO ENRIQUE DELGADO ESPARZA,1,http://www.ieeagssistemas.org.mx/SE/Notificaciones/sesiones_concluidas/2021/EXTRAORDINARIA/MUN_4_Punto_7_06-EXTRAORDINARIA-06-2021.pdf,PVEM
,1,AGUASCALIENTES,,,4,COSIO,,,SIND,PVEM,1,MARIA ERIKA ZAVALA TORRES,2,http://www.ieeagssistemas.org.mx/SE/Notificaciones/sesiones_concluidas/2021/EXTRAORDINARIA/MUN_4_Punto_7_06-EXTRAORDINARIA-06-2021.pdf,PVEM
,1,AGUASCALIENTES,,,4,COSIO,,,REG,PVEM,1,LUIS ALBERTO AGUILAR DELGADO,1,http://www.ieeagssistemas.org.mx/SE/Notificaciones/sesiones_concluidas/2021/EXTRAORDINARIA/MUN_4_Punto_7_06-EXTRAORDINARIA-06-2021.pdf,PVEM
,1,AGUASCALIENTES,,,4,COSIO,,,REG,PVEM,2,MARIA LETICIA MOYA MARTINEZ,2,http://www.ieeagssistemas.org.mx/SE/Notificaciones/sesiones_concluidas/2021/EXTRAORDINARIA/MUN_4_Punto_7_06-EXTRAORDINARIA-06-2021.pdf,PVEM
,1,AGUASCALIENTES,,,4,COSIO,,,REG,PVEM,3,NESTOR MANUEL CHAVEZ ADAME,1,http://www.ieeagssistemas.org.mx/SE/Notificaciones/sesiones_concluidas/2021/EXTRAORDINARIA/MUN_4_Punto_7_06-EXTRAORDINARIA-06-2021.pdf,PVEM
,1,AGUASCALIENTES,,,4,COSIO,,,REG_RP,PRI,1,SALVADOR TORRES AGUILAR,1,https://www.ieeags.mx/docs/Sesiones/Junio/13_Jun_Ext/8.%20CG-A-55-21%20Acuerdo%20Asignaciones%20Regidur%C3%ADas%20RP%20PECO%2020-21.pdf,PRI
,1,AGUASCALIENTES,,,4,COSIO,,,REG_RP,PAN,2,ROSA MAURA CEDILLO CASTORENA,2,https://www.ieeags.mx/docs/Sesiones/Junio/13_Jun_Ext/8.%20CG-A-55-21%20Acuerdo%20Asignaciones%20Regidur%C3%ADas%20RP%20PECO%2020-21.pdf,PAN
,1,AGUASCALIENTES,,,4,COSIO,,,REG_RP,PT,3,HILDA RAQUEL LOPEZ DE LA CRUZ,2,https://www.ieeags.mx/docs/Sesiones/Junio/13_Jun_Ext/8.%20CG-A-55-21%20Acuerdo%20Asignaciones%20Regidur%C3%ADas%20RP%20PECO%2020-21.pdf,PT
,1,AGUASCALIENTES,,,5,JESUS MARIA,,,PRES_MUN,PAN_PRD,1,JOSE ANTONIO ARAMBULA LOPEZ,1,http://www.ieeagssistemas.org.mx/SE/Notificaciones/sesiones_concluidas/2021/EXTRAORDINARIA/MUN_5_Punto_6_04-EXTRAORDINARIA-06-2021.pdf,PAN
,1,AGUASCALIENTES,,,5,JESUS MARIA,,,SIND,PAN_PRD,1,CLARA AURORA MARTINEZ GALLARDO,2,http://www.ieeagssistemas.org.mx/SE/Notificaciones/sesiones_concluidas/2021/EXTRAORDINARIA/MUN_5_Punto_6_04-EXTRAORDINARIA-06-2021.pdf,PAN
,1,AGUASCALIENTES,,,5,JESUS MARIA,,,REG,PAN_PRD,1,JUAN LUIS LOPEZ MUNOZ,1,http://www.ieeagssistemas.org.mx/SE/Notificaciones/sesiones_concluidas/2021/EXTRAORDINARIA/MUN_5_Punto_6_04-EXTRAORDINARIA-06-2021.pdf,PAN
,1,AGUASCALIENTES,,,5,JESUS MARIA,,,REG,PAN_PRD,2,CLAUDIA GUADALUPE DE LIRA BELTRAN,2,http://www.ieeagssistemas.org.mx/SE/Notificaciones/sesiones_concluidas/2021/EXTRAORDINARIA/MUN_5_Punto_6_04-EXTRAORDINARIA-06-2021.pdf,PAN
,1,AGUASCALIENTES,,,5,JESUS MARIA,,,REG,PAN_PRD,3,FCO. JAVIER ESQUIVEL HERNANDEZ,1,http://www.ieeagssistemas.org.mx/SE/Notificaciones/sesiones_concluidas/2021/EXTRAORDINARIA/MUN_5_Punto_6_04-EXTRAORDINARIA-06-2021.pdf,PAN
,1,AGUASCALIENTES,,,5,JESUS MARIA,,,REG,PAN_PRD,4,MARIA DOLORES ADAME MACIAS,2,http://www.ieeagssistemas.org.mx/SE/Notificaciones/sesiones_concluidas/2021/EXTRAORDINARIA/MUN_5_Punto_6_04-EXTRAORDINARIA-06-2021.pdf,PRD
,1,AGUASCALIENTES,,,5,JESUS MARIA,,,REG_RP,MORENA,1,AURELIA ESPARZA RODRIGUEZ,2,https://www.ieeags.mx/docs/Sesiones/Junio/13_Jun_Ext/8.%20CG-A-55-21%20Acuerdo%20Asignaciones%20Regidur%C3%ADas%20RP%20PECO%2020-21.pdf,MORENA
,1,AGUASCALIENTES,,,5,JESUS MARIA,,,REG_RP,PRI,2,KENDOR GREGORIO MACIAS MARTINEZ,1,https://www.ieeags.mx/docs/Sesiones/Junio/13_Jun_Ext/8.%20CG-A-55-21%20Acuerdo%20Asignaciones%20Regidur%C3%ADas%20RP%20PECO%2020-21.pdf,PRI
,1,AGUASCALIENTES,,,5,JESUS MARIA,,,REG_RP,PES,3,AITSY JEANETTE MARES CHAVEZ,2,https://www.ieeags.mx/docs/Sesiones/Junio/13_Jun_Ext/8.%20CG-A-55-21%20Acuerdo%20Asignaciones%20Regidur%C3%ADas%20RP%20PECO%2020-21.pdf,PES
,1,AGUASCALIENTES,,,5,JESUS MARIA,,,REG_RP,FXM,4,LEOBARDO VALDEZ ALBA,1,https://www.ieeags.mx/docs/Sesiones/Junio/13_Jun_Ext/8.%20CG-A-55-21%20Acuerdo%20Asignaciones%20Regidur%C3%ADas%20RP%20PECO%2020-21.pdf,FXM
,1,AGUASCALIENTES,,,6,PABELLON DE ARTEAGA,,,PRES_MUN,PRI,1,HUMBERTO AMBRIZ DELGADILLO,1,http://www.ieeagssistemas.org.mx/SE/Notificaciones/sesiones_concluidas/2021/EXTRAORDINARIA/MUN_6_Punto_6_04-EXTRAORDINARIA-06-2021.pdf,PRI
,1,AGUASCALIENTES,,,6,PABELLON DE ARTEAGA,,,SIND,PRI,1,RUBY ISABEL CARRILLO RUIZ,2,http://www.ieeagssistemas.org.mx/SE/Notificaciones/sesiones_concluidas/2021/EXTRAORDINARIA/MUN_6_Punto_6_04-EXTRAORDINARIA-06-2021.pdf,PRI
,1,AGUASCALIENTES,,,6,PABELLON DE ARTEAGA,,,REG,PRI,1,CESAR ENRIQUE JIMENEZ ARAGON,1,http://www.ieeagssistemas.org.mx/SE/Notificaciones/sesiones_concluidas/2021/EXTRAORDINARIA/MUN_6_Punto_6_04-EXTRAORDINARIA-06-2021.pdf,PRI
,1,AGUASCALIENTES,,,6,PABELLON DE ARTEAGA,,,REG,PRI,2,EDITH HORNEDO ROMO,2,http://www.ieeagssistemas.org.mx/SE/Notificaciones/sesiones_concluidas/2021/EXTRAORDINARIA/MUN_6_Punto_6_04-EXTRAORDINARIA-06-2021.pdf,PRI
,1,AGUASCALIENTES,,,6,PABELLON DE ARTEAGA,,,REG,PRI,3,FRANCISCO GONZALEZ GONZALEZ,1,http://www.ieeagssistemas.org.mx/SE/Notificaciones/sesiones_concluidas/2021/EXTRAORDINARIA/MUN_6_Punto_6_04-EXTRAORDINARIA-06-2021.pdf,PRI
,1,AGUASCALIENTES,,,6,PABELLON DE ARTEAGA,,,REG,PRI,4,DEYANIRA ESCALERA VELASCO,2,http://www.ieeagssistemas.org.mx/SE/Notificaciones/sesiones_concluidas/2021/EXTRAORDINARIA/MUN_6_Punto_6_04-EXTRAORDINARIA-06-2021.pdf,PRI
,1,AGUASCALIENTES,,,6,PABELLON DE ARTEAGA,,,REG_RP,PRD,1,ROSALBA CAMPOS DE LA CRUZ,2,https://www.ieeags.mx/docs/Sesiones/Junio/13_Jun_Ext/8.%20CG-A-55-21%20Acuerdo%20Asignaciones%20Regidur%C3%ADas%20RP%20PECO%2020-21.pdf,PRD
,1,AGUASCALIENTES,,,6,PABELLON DE ARTEAGA,,,REG_RP,MORENA,2,EVA DEL CARMEN OLIVARES QUEZADA,2,https://www.ieeags.mx/docs/Sesiones/Junio/13_Jun_Ext/8.%20CG-A-55-21%20Acuerdo%20Asignaciones%20Regidur%C3%ADas%20RP%20PECO%2020-21.pdf,MORENA
,1,AGUASCALIENTES,,,6,PABELLON DE ARTEAGA,,,REG_RP,PT,3,GALISMA ELIZABETH MORENO SERRANO,2,https://www.ieeags.mx/docs/Sesiones/Junio/13_Jun_Ext/8.%20CG-A-55-21%20Acuerdo%20Asignaciones%20Regidur%C3%ADas%20RP%20PECO%2020-21.pdf,PT
,1,AGUASCALIENTES,,,6,PABELLON DE ARTEAGA,,,REG_RP,PAN,4,MIGUEL ROBERTO MEJIA QUIROZ,1,https://www.ieeags.mx/docs/Sesiones/Junio/13_Jun_Ext/8.%20CG-A-55-21%20Acuerdo%20Asignaciones%20Regidur%C3%ADas%20RP%20PECO%2020-21.pdf,PAN
,1,AGUASCALIENTES,,,7,RINCON DE ROMOS,,,PRES_MUN,PT_MORENA_NAA,1,FRANCISCO JAVIER RIVERA LUEVANO,1,http://www.ieeagssistemas.org.mx/SE/Notificaciones/sesiones_concluidas/2021/EXTRAORDINARIA/MUN_7_Punto_8_04-EXTRAORDINARIA-06-2021.pdf,PANALA
,1,AGUASCALIENTES,,,7,RINCON DE ROMOS,,,SIND,PT_MORENA_NAA,1,ALMA GUADALUPE ZAPATA CASTORENA,2,http://www.ieeagssistemas.org.mx/SE/Notificaciones/sesiones_concluidas/2021/EXTRAORDINARIA/MUN_7_Punto_8_04-EXTRAORDINARIA-06-2021.pdf,PANALA
,1,AGUASCALIENTES,,,7,RINCON DE ROMOS,,,REG,PT_MORENA_NAA,1,FELIPE DE JESUS LUEVANO RUVALCABA,1,http://www.ieeagssistemas.org.mx/SE/Notificaciones/sesiones_concluidas/2021/EXTRAORDINARIA/MUN_7_Punto_8_04-EXTRAORDINARIA-06-2021.pdf,PANALA
,1,AGUASCALIENTES,,,7,RINCON DE ROMOS,,,REG,PT_MORENA_NAA,2,JAZMIN OVALLE MENDEZ,2,http://www.ieeagssistemas.org.mx/SE/Notificaciones/sesiones_concluidas/2021/EXTRAORDINARIA/MUN_7_Punto_8_04-EXTRAORDINARIA-06-2021.pdf,PANALA
,1,AGUASCALIENTES,,,7,RINCON DE ROMOS,,,REG,PT_MORENA_NAA,3,CARLOS CONTRERAS REYES,1,http://www.ieeagssistemas.org.mx/SE/Notificaciones/sesiones_concluidas/2021/EXTRAORDINARIA/MUN_7_Punto_8_04-EXTRAORDINARIA-06-2021.pdf,MORENA
,1,AGUASCALIENTES,,,7,RINCON DE ROMOS,,,REG,PT_MORENA_NAA,4,NORA NAYELI ROMERO HERNANDEZ,2,http://www.ieeagssistemas.org.mx/SE/Notificaciones/sesiones_concluidas/2021/EXTRAORDINARIA/MUN_7_Punto_8_04-EXTRAORDINARIA-06-2021.pdf,PT
,1,AGUASCALIENTES,,,7,RINCON DE ROMOS,,,REG_RP,PAN,1,LUZ ADRIANA CASTANEDA DE VELASCO,2,https://www.ieeags.mx/docs/Sesiones/Junio/13_Jun_Ext/8.%20CG-A-55-21%20Acuerdo%20Asignaciones%20Regidur%C3%ADas%20RP%20PECO%2020-21.pdf,PAN
,1,AGUASCALIENTES,,,7,RINCON DE ROMOS,,,REG_RP,MC,2,SERGIO MARIN REYES,1,https://www.ieeags.mx/docs/Sesiones/Junio/13_Jun_Ext/8.%20CG-A-55-21%20Acuerdo%20Asignaciones%20Regidur%C3%ADas%20RP%20PECO%2020-21.pdf,MC
,1,AGUASCALIENTES,,,7,RINCON DE ROMOS,,,REG_RP,EMS,3,ERICK MURO SANCHEZ,1,https://www.ieeags.mx/docs/Sesiones/Junio/13_Jun_Ext/8.%20CG-A-55-21%20Acuerdo%20Asignaciones%20Regidur%C3%ADas%20RP%20PECO%2020-21.pdf,EMS
,1,AGUASCALIENTES,,,7,RINCON DE ROMOS,,,REG_RP,PVEM,4,SONIA HORNEDO GUERRA,2,https://www.ieeags.mx/docs/Sesiones/Junio/13_Jun_Ext/8.%20CG-A-55-21%20Acuerdo%20Asignaciones%20Regidur%C3%ADas%20RP%20PECO%2020-21.pdf,PVEM
,1,AGUASCALIENTES,,,8,SAN JOSE DE GRACIA,,,PRES_MUN,FXM,1,ARMANDO RODRIGUEZ DOMINGUEZ,1,http://www.ieeagssistemas.org.mx/SE/Notificaciones/sesiones_concluidas/2021/EXTRAORDINARIA/MUN_8_Punto_3_05-EXTRAORDINARIA-06-2021.pdf,FXM
,1,AGUASCALIENTES,,,8,SAN JOSE DE GRACIA,,,SIND,FXM,1,SOCORRO ADRIANA ALVARADO ARMENDARIZ,2,http://www.ieeagssistemas.org.mx/SE/Notificaciones/sesiones_concluidas/2021/EXTRAORDINARIA/MUN_8_Punto_3_05-EXTRAORDINARIA-06-2021.pdf,FXM
,1,AGUASCALIENTES,,,8,SAN JOSE DE GRACIA,,,REG,FXM,1,ADRIAN SANCHEZ HERNANDEZ,1,http://www.ieeagssistemas.org.mx/SE/Notificaciones/sesiones_concluidas/2021/EXTRAORDINARIA/MUN_8_Punto_3_05-EXTRAORDINARIA-06-2021.pdf,FXM
,1,AGUASCALIENTES,,,8,SAN JOSE DE GRACIA,,,REG,FXM,2,ROSA ELENA RAMIREZ SANTOS,2,http://www.ieeagssistemas.org.mx/SE/Notificaciones/sesiones_concluidas/2021/EXTRAORDINARIA/MUN_8_Punto_3_05-EXTRAORDINARIA-06-2021.pdf,FXM
,1,AGUASCALIENTES,,,8,SAN JOSE DE GRACIA,,,REG,FXM,3,J. DAVID LOPEZ RAMIREZ,1,http://www.ieeagssistemas.org.mx/SE/Notificaciones/sesiones_concluidas/2021/EXTRAORDINARIA/MUN_8_Punto_3_05-EXTRAORDINARIA-06-2021.pdf,FXM
,1,AGUASCALIENTES,,,8,SAN JOSE DE GRACIA,,,REG_RP,PAN,1,YARITZA CITLALY IBARRA GONZALEZ,2,https://www.ieeags.mx/docs/Sesiones/Junio/13_Jun_Ext/8.%20CG-A-55-21%20Acuerdo%20Asignaciones%20Regidur%C3%ADas%20RP%20PECO%2020-21.pdf,PAN
,1,AGUASCALIENTES,,,8,SAN JOSE DE GRACIA,,,REG_RP,EUGS,2,ERIKA LETICIA REYES HERNANDEZ,2,https://www.ieeags.mx/docs/Sesiones/Junio/13_Jun_Ext/8.%20CG-A-55-21%20Acuerdo%20Asignaciones%20Regidur%C3%ADas%20RP%20PECO%2020-21.pdf,EUGS
,1,AGUASCALIENTES,,,8,SAN JOSE DE GRACIA,,,REG_RP,MORENA,3,SONIA CRISTINA LOPEZ AVILA,2,https://www.ieeags.mx/docs/Sesiones/Junio/13_Jun_Ext/8.%20CG-A-55-21%20Acuerdo%20Asignaciones%20Regidur%C3%ADas%20RP%20PECO%2020-21.pdf,MORENA
,1,AGUASCALIENTES,,,9,TEPEZALA,,,PRES_MUN,PVEM,1,LETICIA OLIVARES JIMENEZ,2,http://www.ieeagssistemas.org.mx/SE/Notificaciones/sesiones_concluidas/2021/EXTRAORDINARIA/MUN_9_Punto_6_04-EXTRAORDINARIA-06-2021.pdf,PVEM
,1,AGUASCALIENTES,,,9,TEPEZALA,,,SIND,PVEM,1,EDUARDO DIAZ REYES,1,http://www.ieeagssistemas.org.mx/SE/Notificaciones/sesiones_concluidas/2021/EXTRAORDINARIA/MUN_9_Punto_6_04-EXTRAORDINARIA-06-2021.pdf,PVEM
,1,AGUASCALIENTES,,,9,TEPEZALA,,,REG,PVEM,1,RAQUEL OVALLE ALVAREZ,2,http://www.ieeagssistemas.org.mx/SE/Notificaciones/sesiones_concluidas/2021/EXTRAORDINARIA/MUN_9_Punto_6_04-EXTRAORDINARIA-06-2021.pdf,PVEM
,1,AGUASCALIENTES,,,9,TEPEZALA,,,REG,PVEM,2,NOEL JAUREGUI TOVAR,1,http://www.ieeagssistemas.org.mx/SE/Notificaciones/sesiones_concluidas/2021/EXTRAORDINARIA/MUN_9_Punto_6_04-EXTRAORDINARIA-06-2021.pdf,PVEM
,1,AGUASCALIENTES,,,9,TEPEZALA,,,REG,PVEM,3,MA NATIVIDAD GALLEGOS MEDINA,2,http://www.ieeagssistemas.org.mx/SE/Notificaciones/sesiones_concluidas/2021/EXTRAORDINARIA/MUN_9_Punto_6_04-EXTRAORDINARIA-06-2021.pdf,PVEM
,1,AGUASCALIENTES,,,9,TEPEZALA,,,REG_RP,PAN,1,NORMA LOZA GUTIERREZ,2,https://www.ieeags.mx/docs/Sesiones/Junio/13_Jun_Ext/8.%20CG-A-55-21%20Acuerdo%20Asignaciones%20Regidur%C3%ADas%20RP%20PECO%2020-21.pdf,PAN
,1,AGUASCALIENTES,,,9,TEPEZALA,,,REG_RP,MORENA,2,NANCY JIMENEZ RAMIREZ,2,https://www.ieeags.mx/docs/Sesiones/Junio/13_Jun_Ext/8.%20CG-A-55-21%20Acuerdo%20Asignaciones%20Regidur%C3%ADas%20RP%20PECO%2020-21.pdf,MORENA
,1,AGUASCALIENTES,,,9,TEPEZALA,,,REG_RP,PRD,3,RAUL LOZA SOTO,1,https://www.ieeags.mx/docs/Sesiones/Junio/13_Jun_Ext/8.%20CG-A-55-21%20Acuerdo%20Asignaciones%20Regidur%C3%ADas%20RP%20PECO%2020-21.pdf,PRD
,1,AGUASCALIENTES,,,10,SAN FRANCISCO DE LOS ROMO,,,PRES_MUN,PRI,1,MARGARITA GALLEGOS SOTO,2,http://www.ieeagssistemas.org.mx/SE/Notificaciones/sesiones_concluidas/2021/EXTRAORDINARIA/MUN_11_Punto_3_07-EXTRAORDINARIA-06-2021.pdf,PRI
,1,AGUASCALIENTES,,,10,SAN FRANCISCO DE LOS ROMO,,,SIND,PRI,1,NORBERTO MEDINA LOPEZ,1,http://www.ieeagssistemas.org.mx/SE/Notificaciones/sesiones_concluidas/2021/EXTRAORDINARIA/MUN_11_Punto_3_07-EXTRAORDINARIA-06-2021.pdf,PRI
,1,AGUASCALIENTES,,,10,SAN FRANCISCO DE LOS ROMO,,,REG,PRI,1,JAQUELINE SANTOS MARIN,2,http://www.ieeagssistemas.org.mx/SE/Notificaciones/sesiones_concluidas/2021/EXTRAORDINARIA/MUN_11_Punto_3_07-EXTRAORDINARIA-06-2021.pdf,PRI
,1,AGUASCALIENTES,,,10,SAN FRANCISCO DE LOS ROMO,,,REG,PRI,2,JOSE MANUEL DE LUNA ROBLES,1,http://www.ieeagssistemas.org.mx/SE/Notificaciones/sesiones_concluidas/2021/EXTRAORDINARIA/MUN_11_Punto_3_07-EXTRAORDINARIA-06-2021.pdf,PRI
,1,AGUASCALIENTES,,,10,SAN FRANCISCO DE LOS ROMO,,,REG,PRI,3,MARIA DEL SOCORRO JIMENEZ FLORES,2,http://www.ieeagssistemas.org.mx/SE/Notificaciones/sesiones_concluidas/2021/EXTRAORDINARIA/MUN_11_Punto_3_07-EXTRAORDINARIA-06-2021.pdf,PRI
,1,AGUASCALIENTES,,,10,SAN FRANCISCO DE LOS ROMO,,,REG,PRI,4,MIGUEL ANGEL MEDINA MUNOZ,1,http://www.ieeagssistemas.org.mx/SE/Notificaciones/sesiones_concluidas/2021/EXTRAORDINARIA/MUN_11_Punto_3_07-EXTRAORDINARIA-06-2021.pdf,PRI
,1,AGUASCALIENTES,,,10,SAN FRANCISCO DE LOS ROMO,,,REG_RP,PAN,1,BEATRIZ MONTOYA HERNANDEZ,2,https://www.ieeags.mx/docs/Sesiones/Junio/13_Jun_Ext/8.%20CG-A-55-21%20Acuerdo%20Asignaciones%20Regidur%C3%ADas%20RP%20PECO%2020-21.pdf,PAN
,1,AGUASCALIENTES,,,10,SAN FRANCISCO DE LOS ROMO,,,REG_RP,MORENA,2,IVONNE MARTINEZ DE LA CRUZ,2,https://www.ieeags.mx/docs/Sesiones/Junio/13_Jun_Ext/8.%20CG-A-55-21%20Acuerdo%20Asignaciones%20Regidur%C3%ADas%20RP%20PECO%2020-21.pdf,MORENA
,1,AGUASCALIENTES,,,10,SAN FRANCISCO DE LOS ROMO,,,REG_RP,NAA,3,MARIA ESPARZA SANTOS,2,https://www.ieeags.mx/docs/Sesiones/Junio/13_Jun_Ext/8.%20CG-A-55-21%20Acuerdo%20Asignaciones%20Regidur%C3%ADas%20RP%20PECO%2020-21.pdf,NAA
,1,AGUASCALIENTES,,,10,SAN FRANCISCO DE LOS ROMO,,,REG_RP,PAN,4,ISMAEL LARA MEDINA,1,https://www.ieeags.mx/docs/Sesiones/Junio/13_Jun_Ext/8.%20CG-A-55-21%20Acuerdo%20Asignaciones%20Regidur%C3%ADas%20RP%20PECO%2020-21.pdf,PAN
,1,AGUASCALIENTES,,,11,EL LLANO,,,PRES_MUN,PT_MORENA_NAA,1,CEZAR PEDROZA ORTEGA,1,http://www.ieeagssistemas.org.mx/SE/Notificaciones/sesiones_concluidas/2021/EXTRAORDINARIA/MUN_10_Punto_6_04-EXTRAORDINARIA-06-2021.pdf,PT
,1,AGUASCALIENTES,,,11,EL LLANO,,,SIND,PT_MORENA_NAA,1,VIRGINIA MUNIZ DE LIRA,2,http://www.ieeagssistemas.org.mx/SE/Notificaciones/sesiones_concluidas/2021/EXTRAORDINARIA/MUN_10_Punto_6_04-EXTRAORDINARIA-06-2021.pdf,PT
,1,AGUASCALIENTES,,,11,EL LLANO,,,REG,PT_MORENA_NAA,1,JOSE PARGA DIAZ,1,http://www.ieeagssistemas.org.mx/SE/Notificaciones/sesiones_concluidas/2021/EXTRAORDINARIA/MUN_10_Punto_6_04-EXTRAORDINARIA-06-2021.pdf,PT
,1,AGUASCALIENTES,,,11,EL LLANO,,,REG,PT_MORENA_NAA,2,MARIA FERNANDA RODRIGUEZ ESPARZA,2,http://www.ieeagssistemas.org.mx/SE/Notificaciones/sesiones_concluidas/2021/EXTRAORDINARIA/MUN_10_Punto_6_04-EXTRAORDINARIA-06-2021.pdf,MORENA
,1,AGUASCALIENTES,,,11,EL LLANO,,,REG,PT_MORENA_NAA,3,MA. TERESA SANTANA VALDEZ,2,http://www.ieeagssistemas.org.mx/SE/Notificaciones/sesiones_concluidas/2021/EXTRAORDINARIA/MUN_10_Punto_6_04-EXTRAORDINARIA-06-2021.pdf,PANALA
,1,AGUASCALIENTES,,,11,EL LLANO,,,REG_RP,FXM,1,SALVADOR HERNANDEZ RAMOS,1,https://www.ieeags.mx/docs/Sesiones/Junio/13_Jun_Ext/8.%20CG-A-55-21%20Acuerdo%20Asignaciones%20Regidur%C3%ADas%20RP%20PECO%2020-21.pdf,FXM
,1,AGUASCALIENTES,,,11,EL LLANO,,,REG_RP,PAN,2,M. PATRICIA GONZALEZ ROMERO,2,https://www.ieeags.mx/docs/Sesiones/Junio/13_Jun_Ext/8.%20CG-A-55-21%20Acuerdo%20Asignaciones%20Regidur%C3%ADas%20RP%20PECO%2020-21.pdf,PAN
,1,AGUASCALIENTES,,,11,EL LLANO,,,REG_RP,PRD,3,JOSE MANUEL MARTINEZ ZAMORA,1,https://www.ieeags.mx/docs/Sesiones/Junio/13_Jun_Ext/8.%20CG-A-55-21%20Acuerdo%20Asignaciones%20Regidur%C3%ADas%20RP%20PECO%2020-21.pdf,PRD
