﻿CIRCUNSCRIPCION,ID_ESTADO,NOMBRE_ESTADO,ID_DISTRITO_LOCAL,CABECERA_DISTRITAL_LOCAL,ID_MUNICIPIO,MUNICIPIO,ID_DEMARCACION_LOCAL,DEMARCACION_LOCAL,TIPO_DE_ELECCION,NOMBRE_PARTICIPANTE,NUMERO_LISTA,CANDIDATO,SEXO_CANDIDATO,RUTA_CONSTANCIA
,11,GUANAJUATO,1,DOLORES HIDALGO CIN,,,,,DIP_LOC_MR,PAN,1,ANGELICA CASILLAS MARTINEZ,2,
,11,GUANAJUATO,2,SAN LUIS DE LA PAZ,,,,,DIP_LOC_MR,PAN,1,ARMANDO RANGEL HERNANDEZ,1,
,11,GUANAJUATO,3,LEON ,,,,,DIP_LOC_MR,PAN,1,LUIS ERNESTO AYALA TORRES,1,
,11,GUANAJUATO,4,LEON ,,,,,DIP_LOC_MR,PAN,1,MARTHA GUADALUPE HERNANDEZ CAMARENA,2,
,11,GUANAJUATO,5,LEON ,,,,,DIP_LOC_MR,PAN,1,ALDO IVAN MARQUEZ BECERRA,1,
,11,GUANAJUATO,6,LEON ,,,,,DIP_LOC_MR,PAN,1,LAURA CRISTINA MARQUEZ ALCALI,2,
,11,GUANAJUATO,7,LEON ,,,,,DIP_LOC_MR,PAN,1,ROLANDO FORTINO ALCANTAR ROJAS,1,
,11,GUANAJUATO,8,GUANAJUATO,,,,,DIP_LOC_MR,PAN,1,LILIA MARGARITA RIONDA SALAS,2,
,11,GUANAJUATO,9,SAN MIGUEL DE ALLENDE,,,,,DIP_LOC_MR,PAN,1,KATYA CRISTINA SOTO ESCAMILLA,2,
,11,GUANAJUATO,10,SAN FRANCISCO DEL RINCON,,,,,DIP_LOC_MR,PAN,1,NOEMI MARQUEZ MARQUEZ,2,
,11,GUANAJUATO,11,IRAPUATO,,,,,DIP_LOC_MR,PAN,1,SUSANA BERMUDEZ CANO,2,
,11,GUANAJUATO,12,IRAPUATO,,,,,DIP_LOC_MR,PAN,1,VICTOR MANUEL ZANELLA HUERTA,1,
,11,GUANAJUATO,13,SILAO DE LA VICTORIA,,,,,DIP_LOC_MR,PAN,1,JANET MELANIE MURILLO CHAVEZ,2,
,11,GUANAJUATO,14,SALAMANCA,,,,,DIP_LOC_MR,MORENA,1,CUAUHTEMOC BECERRA GONZALEZ,1,
,11,GUANAJUATO,15,CELAYA,,,,,DIP_LOC_MR,PAN,1,MARIA DE LA LUZ HERNANDEZ MARTINEZ,2,
,11,GUANAJUATO,16,CELAYA,,,,,DIP_LOC_MR,PAN,1,MARTIN LOPEZ CAMACHO,1,
,11,GUANAJUATO,17,SANTA CRUZ DE JUVENTINO ROSAS,,,,,DIP_LOC_MR,PAN,1,BRICIO BALDERAS ALVAREZ,1,
,11,GUANAJUATO,18,PENJAMO,,,,,DIP_LOC_MR,PAN,1,BRISEIDA ANABEL MAGDALENO GONZALEZ,2,
,11,GUANAJUATO,19,VALLE DE SANTIAGO,,,,,DIP_LOC_MR,PAN,1,JOSE ALFONSO BORJA PIMENTEL,1,
,11,GUANAJUATO,20,YURIRIA,,,,,DIP_LOC_MR,PAN,1,JORGE ORTIZ ORTEGA,1,
,11,GUANAJUATO,21,LEON ,,,,,DIP_LOC_MR,PAN,1,MIGUEL ANGEL SALIM ALLE,1,
,11,GUANAJUATO,22,ACAMBARO,,,,,DIP_LOC_MR,PAN,1,CESAR LARRONDO DIAZ,1,
1,11,GUANAJUATO,,,,,,,DIP_LOC_RP,PRI,1,RUTH NOEMI TISCAREÑO AGOITIA,2,
1,11,GUANAJUATO,,,,,,,DIP_LOC_RP,PRI,2,ALEJANDRO ARIAS AVILA,1,
1,11,GUANAJUATO,,,,,,,DIP_LOC_RP,PRI,3,YULMA ROCHA AGUILAR,2,
1,11,GUANAJUATO,,,,,,,DIP_LOC_RP,PRI,,GUSTAVO ADOLFO ALFARO REYES,1,
1,11,GUANAJUATO,,,,,,,DIP_LOC_RP,PVEM,1,GERARDO FERNANDEZ GONZALEZ,1,
1,11,GUANAJUATO,,,,,,,DIP_LOC_RP,PVEM,2,MARTHA LOURDES ORTEGA ROQUE,2,
1,11,GUANAJUATO,,,,,,,DIP_LOC_RP,MC,2,DESSIRE ANGEL ROCHA,2,
1,11,GUANAJUATO,,,,,,,DIP_LOC_RP,MORENA,1,ALMA EDWVIGES ALCAZAR HERNANDEZ,2,
1,11,GUANAJUATO,,,,,,,DIP_LOC_RP,MORENA,2,DAVID MARTINEZ MENDIZABAL,1,
1,11,GUANAJUATO,,,,,,,DIP_LOC_RP,MORENA,3,HADES BERENICE AGUILAR CASTILLO,2,
1,11,GUANAJUATO,,,,,,,DIP_LOC_RP,MORENA,,IRMA LETICIA GONZALEZ SANCHEZ,2,
1,11,GUANAJUATO,,,,,,,DIP_LOC_RP,MORENA,,MARTHA EDITH MORENO VALENCIA,2,
1,11,GUANAJUATO,,,,,,,DIP_LOC_RP,MORENA,,ERNESTO MILLAN SOBERANES,1,
1,11,GUANAJUATO,,,,,,,DIP_LOC_RP,MORENA,4,ERNESTO ALEJANDRO PRIETO GALLARDO,1,
,11,GUANAJUATO,,,1,ABASOLO,,,PRES_MUN,PRI,1,ROCIO CERVANTES BARBA,2,
,11,GUANAJUATO,,,1,ABASOLO,,,SIND,PRI,1,AGUSTIN AGUIRRE MARTINEZ,1,
,11,GUANAJUATO,,,1,ABASOLO,,,REG,PAN,1,ALEJANDRO ALCANTAR MIRANDA,1,
,11,GUANAJUATO,,,1,ABASOLO,,,REG,PAN,2,DOLORES GONZALEZ GONZALEZ,2,
,11,GUANAJUATO,,,1,ABASOLO,,,REG,PRI,1,GLORIA AYDE VELA PEREZ,2,
,11,GUANAJUATO,,,1,ABASOLO,,,REG,PRI,2,SERGIO AURELIO ARELLANO CEBALLOS,1,
,11,GUANAJUATO,,,1,ABASOLO,,,REG,MORENA,1,MARIA ALEJANDRA REBOLLEDO PEÑA,2,
,11,GUANAJUATO,,,1,ABASOLO,,,REG,RSP,1,JORGE CRUZ FERNANDEZ,1,
,11,GUANAJUATO,,,1,ABASOLO,,,REG,RSP,2,MARIA DEL REFUGIO CONTRERAS ESPINOSA,2,
,11,GUANAJUATO,,,1,ABASOLO,,,REG,FXM,1,ROSA MARIA RODRIGUEZ LOPEZ,2,
,11,GUANAJUATO,,,2,ACAMBARO,,,PRES_MUN,PAN,1,CLAUDIA SILVA CAMPOS,2,
,11,GUANAJUATO,,,2,ACAMBARO,,,SIND,PAN,1,ALFREDO ORDONEZ LOPEZ,1,
,11,GUANAJUATO,,,2,ACAMBARO,,,SIND,PAN,2,CIRENIA MARTINEZ DOMINGUEZ,2,
,11,GUANAJUATO,,,2,ACAMBARO,,,REG,PAN,1,RENE MANDUJANO TINAJERO,1,
,11,GUANAJUATO,,,2,ACAMBARO,,,REG,PAN,2,VERONICA VALDIVIA ALFARO,2,
,11,GUANAJUATO,,,2,ACAMBARO,,,REG,PAN,3,HUMBERTO MOLINA HERRERA,1,
,11,GUANAJUATO,,,2,ACAMBARO,,,REG,PAN,4,HOSANNA MENDOZA BENITEZ,2,
,11,GUANAJUATO,,,2,ACAMBARO,,,REG,PRI,1,DAVID REFUGIO FLORES LOPEZ,1,
,11,GUANAJUATO,,,2,ACAMBARO,,,REG,PRD,1,JOSE LUIS SIERRA SANTOYO,1,
,11,GUANAJUATO,,,2,ACAMBARO,,,REG,MC,2,ETELBINA GOMEZ PLAZA,2,
,11,GUANAJUATO,,,2,ACAMBARO,,,REG,MORENA,1,JOSEFINA SANCHEZ SILVA,2,
,11,GUANAJUATO,,,2,ACAMBARO,,,REG,MORENA,2,AARON ALBERTO ROMERO MEDINA,1,
,11,GUANAJUATO,,,2,ACAMBARO,,,REG,MORENA,3,ALEJANDRA ALBIN HERNANDEZ MEJIA,2,
,11,GUANAJUATO,,,2,ACAMBARO,,,REG,MORENA,4,ERNESTO GONZALEZ MARIN,1,
,11,GUANAJUATO,,,2,ACAMBARO,,,REG,OGG,1,MA ELENA SANCHEZ CAMACHO,2,
,11,GUANAJUATO,,,4,APASEO EL ALTO,,,PRES_MUN,PAN,1,GUADALUPE MONSERRAT MENDOZA CANO,2,
,11,GUANAJUATO,,,4,APASEO EL ALTO,,,SIND,PAN,1,JOSE LUIS CANCINO BACILIO,1,
,11,GUANAJUATO,,,4,APASEO EL ALTO,,,REG,PAN,1,MA DE LA CRUZ PAREDES MENDOZA,2,
,11,GUANAJUATO,,,4,APASEO EL ALTO,,,REG,PAN,2,PORFIRIO MENDOZA DE JESUS,1,
,11,GUANAJUATO,,,4,APASEO EL ALTO,,,REG,PAN,3,MIREYA LOPEZ PERRUSQUIA,2,
,11,GUANAJUATO,,,4,APASEO EL ALTO,,,REG,PVEM,1,MIGUEL HERRERA RUELAS,1,
,11,GUANAJUATO,,,4,APASEO EL ALTO,,,REG,PVEM,2,HILDA MARTHA CALLEJAS URIBE,2,
,11,GUANAJUATO,,,4,APASEO EL ALTO,,,REG,MC,1,GILDARDO GARCIA GOMEZ,1,
,11,GUANAJUATO,,,4,APASEO EL ALTO,,,REG,MC,2,MELISSA YOLANDA FERRUSCA LUNA,2,
,11,GUANAJUATO,,,4,APASEO EL ALTO,,,REG,MORENA,1,ANA CECILIA LEON GOMEZ,2,
,11,GUANAJUATO,,,5,APASEO EL GRANDE,,,PRES_MUN,PAN,1,JOSE LUIS OLIVEROS USABIAGA,1,
,11,GUANAJUATO,,,5,APASEO EL GRANDE,,,SIND,PAN,1,MARCIA SANCHEZ CRUZ,2,
,11,GUANAJUATO,,,5,APASEO EL GRANDE,,,REG,PAN,1,ALEJANDRO APASEO CERVANTES,1,
,11,GUANAJUATO,,,5,APASEO EL GRANDE,,,REG,PAN,2,SUSANA MIRANDA HERNANDEZ,2,
,11,GUANAJUATO,,,5,APASEO EL GRANDE,,,REG,PAN,3,MIGUEL HERNANDEZ ALVAREZ,1,
,11,GUANAJUATO,,,5,APASEO EL GRANDE,,,REG,PVEM,2,LUZ ITZEL MENDO GONZALEZ,2,
,11,GUANAJUATO,,,5,APASEO EL GRANDE,,,REG,MORENA,1,FERNANDO IBARRA JIMENEZ,1,
,11,GUANAJUATO,,,5,APASEO EL GRANDE,,,REG,MORENA,2,JUANA ACOSTA TRUJILLO,2,
,11,GUANAJUATO,,,5,APASEO EL GRANDE,,,REG,PES,1,ERNESTO VEGA ARIAS,1,
,11,GUANAJUATO,,,5,APASEO EL GRANDE,,,REG,FXM,1,PALOMA SIMENTAL ROCHA,2,
,11,GUANAJUATO,,,6,ATARJEA,,,PRES_MUN,PAN,1,MARIA ELENA RAMOS LOYOLA,2,
,11,GUANAJUATO,,,6,ATARJEA,,,SIND,PAN,1,J SANTIAGO ESPITIA RUIZ,1,
,11,GUANAJUATO,,,6,ATARJEA,,,REG,PAN,1,FAVIOLA RAMOS HURTADO,2,
,11,GUANAJUATO,,,6,ATARJEA,,,REG,PAN,2,ELIAS GUILLEN SANCHEZ,1,
,11,GUANAJUATO,,,6,ATARJEA,,,REG,PAN,3,MA JAQUELINA MARTINEZ MENDEZ,2,
,11,GUANAJUATO,,,6,ATARJEA,,,REG,PAN,4,ENEDINO GONZALEZ VELAZQUEZ,1,
,11,GUANAJUATO,,,6,ATARJEA,,,REG,PAN,5,MARIA DE LA LUZ RODRIGUEZ LOYOLA,2,
,11,GUANAJUATO,,,6,ATARJEA,,,REG,MORENA,1,ABELARDO GIL CHAVEZ,1,
,11,GUANAJUATO,,,6,ATARJEA,,,REG,MORENA,2,MARIA ALEJANDRA AGUILAR RAMOS,2,
,11,GUANAJUATO,,,6,ATARJEA,,,REG,MORENA,3,JUAN CONTRERAS RAMOS,1,
,11,GUANAJUATO,,,7,CELAYA,,,PRES_MUN,PAN,1,FRANCISCO JAVIER MENDOZA MARQUEZ,1,
,11,GUANAJUATO,,,7,CELAYA,,,SIND,PAN,1,MARIA DE LA SALUD GARCIA RODRIGUEZ,2,
,11,GUANAJUATO,,,7,CELAYA,,,SIND,PAN,2,CARLOS ALBERTO RUIZ LEON,1,
,11,GUANAJUATO,,,7,CELAYA,,,REG,PAN,1,MARIA CRISTINA VILLALOBOS HERMOSILLO,2,
,11,GUANAJUATO,,,7,CELAYA,,,REG,PAN,2,MICHEL ANGEL MARTINEZ ORLANZZINI,1,
,11,GUANAJUATO,,,7,CELAYA,,,REG,PAN,3,MA ISABEL HERREJON ARREDONDO,2,
,11,GUANAJUATO,,,7,CELAYA,,,REG,PAN,4,ALDO SAHIB VELASQUEZ VELAZQUEZ,1,
,11,GUANAJUATO,,,7,CELAYA,,,REG,PAN,5,CARMEN RAQUEL TREJO GRANADOS,2,
,11,GUANAJUATO,,,7,CELAYA,,,REG,PRI,1,CLAUDIA ALEJANDRA SALAZAR HURTADO,2,
,11,GUANAJUATO,,,7,CELAYA,,,REG,PT,1,ROSALINDA DIAZ LOPEZ,2,
,11,GUANAJUATO,,,7,CELAYA,,,REG,PVEM,1,BLANCA ELENA GONZALEZ ZAVALA,2,
,11,GUANAJUATO,,,7,CELAYA,,,REG,MORENA,1,CATALINA PUGA RESILLAS,2,
,11,GUANAJUATO,,,7,CELAYA,,,REG,MORENA,2,MARIA ELOISA CHOLICO TORRES,2,
,11,GUANAJUATO,,,7,CELAYA,,,REG,MORENA,3,MA DE SAN JUAN ESPINOSA BOLAÑOS,2,
,11,GUANAJUATO,,,7,CELAYA,,,REG,MORENA,4,JOSE AGUSTIN GASPAR AGUADO,1,
,11,GUANAJUATO,,,9,COMONFORT,,,PRES_MUN,PAN,1,CLAUDIO SANTOYO CABELLO,1,
,11,GUANAJUATO,,,9,COMONFORT,,,SIND,PAN,1,PATRICIA NUÑEZ VALDEZ,2,
,11,GUANAJUATO,,,9,COMONFORT,,,REG,PAN,1,MOISES ARNULFO LOPEZPORTILLO RODRIGUEZ,1,
,11,GUANAJUATO,,,9,COMONFORT,,,REG,PAN,2,LILIA CARILLO MORALES,2,
,11,GUANAJUATO,,,9,COMONFORT,,,REG,PRI,1,VIRIDIANA YUNUEN RAMIREZ ESTRADA,2,
,11,GUANAJUATO,,,9,COMONFORT,,,REG,MORENA,1,EMIGDIO GONZALEZ ALVAREZ,1,
,11,GUANAJUATO,,,9,COMONFORT,,,REG,MORENA,2,EMMA MARTINA RAMIREZ OLALDE,2,
,11,GUANAJUATO,,,9,COMONFORT,,,REG,PT,1,FELIPE VARGAS VAZQUEZ,1,
,11,GUANAJUATO,,,9,COMONFORT,,,REG,SLVO,1,JOSE ADRIAN RAMIREZ HERNANDEZ,1,
,11,GUANAJUATO,,,9,COMONFORT,,,REG,JLRM,2,MA DEL CARMEN LETICIA PATLAN OVIEDO,2,
,11,GUANAJUATO,,,10,CORONEO,,,PRES_MUN,PAN,1,ARACELI PEREZ GRANADOS,2,
,11,GUANAJUATO,,,10,CORONEO,,,SIND,PAN,1,JAVIER PARRALES GARDUÑO,1,
,11,GUANAJUATO,,,10,CORONEO,,,REG,PAN,1,ANA MARTHA MONSERRATH ESQUIVEL MONDRAGON,2,
,11,GUANAJUATO,,,10,CORONEO,,,REG,PAN,2,FELIPE BELLO MORALES,1,
,11,GUANAJUATO,,,10,CORONEO,,,REG,PAN,3,MARISOL GONZALEZ GOMEZ,2,
,11,GUANAJUATO,,,10,CORONEO,,,REG,PAN,4,JUAN RUIZ GARCIA,1,
,11,GUANAJUATO,,,10,CORONEO,,,REG,PRD,1,FRANCISCO JAVIER ELIZONDO SANCHEZ,1,
,11,GUANAJUATO,,,10,CORONEO,,,REG,PRD,2,GUADALUPE RIVERA RODRIGUEZ,2,
,11,GUANAJUATO,,,10,CORONEO,,,REG,MORENA,1,JOSE ALBERTO CHAPARRO SANCHEZ,1,
,11,GUANAJUATO,,,10,CORONEO,,,REG,NA_GTO,2,JUANA ORTEGA MONDRAGON,2,
,11,GUANAJUATO,,,11,CORTAZAR,,,PRES_MUN,PAN,1,ARIEL ENRIQUE CORONA RODRIGUEZ,1,
,11,GUANAJUATO,,,11,CORTAZAR,,,SIND,PAN,1,ANA ISABEL AGUILAR CAPULIN,2,
,11,GUANAJUATO,,,11,CORTAZAR,,,REG,PAN,1,LUIS MARTIN LOPEZ FLORES,1,
,11,GUANAJUATO,,,11,CORTAZAR,,,REG,PAN,2,MARIA ANDREA AGUILAR OVIEDO,2,
,11,GUANAJUATO,,,11,CORTAZAR,,,REG,PAN,3,EDUARDO OJEDA ORTIZ,1,
,11,GUANAJUATO,,,11,CORTAZAR,,,REG,PAN,4,MARIA DE LA LUZ HILDA MACIAS GASCA,2,
,11,GUANAJUATO,,,11,CORTAZAR,,,REG,PRD,1,CARLOS ALBERTO DURAN RIVERA,1,
,11,GUANAJUATO,,,11,CORTAZAR,,,REG,PVEM,1,ROBERTO ROJAS AGUILAR,1,
,11,GUANAJUATO,,,11,CORTAZAR,,,REG,MORENA,1,ERIKA LISSETTE PATIÑO MARTINEZ,2,
,11,GUANAJUATO,,,11,CORTAZAR,,,REG,MORENA,3,GRACIELA MARTINEZ MORFIN,2,
,11,GUANAJUATO,,,11,CORTAZAR,,,REG,RSP,1,MARIA DE LA CRUZ MATA MEDINA,2,
,11,GUANAJUATO,,,11,CORTAZAR,,,REG,PES,1,JAIRO JAVIER MONTERO HUICHAPEÑO,1,
,11,GUANAJUATO,,,12,CUERAMARO,,,PRES_MUN,PRI_PRD,1,MAURICIO ARCE CANCHOLA,1,
,11,GUANAJUATO,,,12,CUERAMARO,,,SIND,PRI_PRD,1,AMPARO MONSERRAT GARCIA LEDESMA,2,
,11,GUANAJUATO,,,12,CUERAMARO,,,REG,PAN,1,RICARDO CANCHOLA MENDOZA,1,
,11,GUANAJUATO,,,12,CUERAMARO,,,REG,PAN,2,MA DOLORES ROJAS RIVERA,2,
,11,GUANAJUATO,,,12,CUERAMARO,,,REG,PAN,4,MA DOLORES FRAUSTO AGUIRRE,2,
,11,GUANAJUATO,,,12,CUERAMARO,,,REG,PRI,1,LEONARDO DANIEL SANCHEZ MARTINEZ,1,
,11,GUANAJUATO,,,12,CUERAMARO,,,REG,PRI,2,LETICIA URBIETA CASAS,2,
,11,GUANAJUATO,,,12,CUERAMARO,,,REG,PRI,3,FRANCISCO GARCIA YAÑEZ,1,
,11,GUANAJUATO,,,12,CUERAMARO,,,REG,MC,2,RITA MARIA VASQUEZ VARGAS,2,
,11,GUANAJUATO,,,12,CUERAMARO,,,REG,MORENA,1,JUAN MANUEL CARMONA RODRIGUEZ,1,
,11,GUANAJUATO,,,13,DOCTOR MORA,,,PRES_MUN,MORENA,1,EDGAR JAVIER RESENDIZ JACOBO,1,
,11,GUANAJUATO,,,13,DOCTOR MORA,,,SIND,MORENA,1,MARIA ELENA SILVA RUIZ,2,
,11,GUANAJUATO,,,13,DOCTOR MORA,,,REG,PAN,1,MARIA CRISTINA BASALDUA JIMENEZ,2,
,11,GUANAJUATO,,,13,DOCTOR MORA,,,REG,PAN,2,ALEJANDRO RODRIGUEZ GONZALEZ,1,
,11,GUANAJUATO,,,13,DOCTOR MORA,,,REG,PVEM,2,ROCIO JUAREZ MOLINERO,2,
,11,GUANAJUATO,,,13,DOCTOR MORA,,,REG,MORENA,1,JOSE FROYLAN VELAZQUEZ RAMIREZ,1,
,11,GUANAJUATO,,,13,DOCTOR MORA,,,REG,MORENA,2,JANET PACHECO RAMIREZ,2,
,11,GUANAJUATO,,,13,DOCTOR MORA,,,REG,MORENA,3,JULIO CESAR RIOS SALGADO,1,
,11,GUANAJUATO,,,13,DOCTOR MORA,,,REG,PES,1,JAVIER FLORES ALVARADO,1,
,11,GUANAJUATO,,,13,DOCTOR MORA,,,REG,FXM,2,MA MAGDALENA MONTOYA SALINAS,2,
,11,GUANAJUATO,,,14,DOLORES HIDALGO CIN,,,PRES_MUN,PAN,1,ADRIAN HERNANDEZ ALEJANDRI,1,
,11,GUANAJUATO,,,14,DOLORES HIDALGO CIN,,,SIND,PAN,1,ALMA ANGELINA CLEOPATRA MADRIGAL CALDERON,2,
,11,GUANAJUATO,,,14,DOLORES HIDALGO CIN,,,REG,PAN,1,JOSE FRANCISCO GONZALEZ RODRIGUEZ,1,
,11,GUANAJUATO,,,14,DOLORES HIDALGO CIN,,,REG,PAN,2,MARIA EUSTOLIA SANCHES MARQUEZ,2,
,11,GUANAJUATO,,,14,DOLORES HIDALGO CIN,,,REG,PAN,3,JOSE ADOLFO CAMPOS MATA,1,
,11,GUANAJUATO,,,14,DOLORES HIDALGO CIN,,,REG,PRI,1,IRVING GERARDO ORNELAS RODRIGUEZ,1,
,11,GUANAJUATO,,,14,DOLORES HIDALGO CIN,,,REG,PRI,2,ANGELICA ORTIZ CASTRO,2,
,11,GUANAJUATO,,,14,DOLORES HIDALGO CIN,,,REG,MORENA,1,MARTHA EUGENIA MARTINEZ OCAMPO,2,
,11,GUANAJUATO,,,14,DOLORES HIDALGO CIN,,,REG,FXM,2,BIBIANA CONCEPCION MORALES RODRIGUEZ,2,
,11,GUANAJUATO,,,14,DOLORES HIDALGO CIN,,,REG,JLGL,1,DANIEL REVELES IBARRA,1,
,11,GUANAJUATO,,,14,DOLORES HIDALGO CIN,,,REG,JLGL,2,HERMELINDA TORRES SOTELO,2,
,11,GUANAJUATO,,,14,DOLORES HIDALGO CIN,,,REG,JLGL,3,FORTINO ALEJANDRO RODRIGUEZ CRUCES,1,
,11,GUANAJUATO,,,15,GUANAJUATO,,,PRES_MUN,PAN,1,MARIO ALEJANDRO NAVARRO SALDAÑA,1,
,11,GUANAJUATO,,,15,GUANAJUATO,,,SIND,PAN,1,MARTHA ISABEL DELGADO ZARATE,2,
,11,GUANAJUATO,,,15,GUANAJUATO,,,SIND,PAN,2,RODRIGO ENRIQUE MARTINEZ NIETO,1,
,11,GUANAJUATO,,,15,GUANAJUATO,,,REG,PAN,1,MARIEL ALEJANDRA PADILLA RANGEL,2,
,11,GUANAJUATO,,,15,GUANAJUATO,,,REG,PAN,2,CARLOS ALEJANDRO CHAVEZ VALDEZ,1,
,11,GUANAJUATO,,,15,GUANAJUATO,,,REG,PAN,3,CECILIA POHLS COVARRUBIAS,2,
,11,GUANAJUATO,,,15,GUANAJUATO,,,REG,PAN,4,VICTOR DE JESUS CHAVEZ HERNANDEZ,1,
,11,GUANAJUATO,,,15,GUANAJUATO,,,REG,PAN,5,ANA CECILIA GONZALEZ DE SILVA,2,
,11,GUANAJUATO,,,15,GUANAJUATO,,,REG,PAN,6,MARCO ANTONIO CAMPOS BRIONES,1,
,11,GUANAJUATO,,,15,GUANAJUATO,,,REG,PRI,1,PATRICIA PRECIADO PUGA,2,
,11,GUANAJUATO,,,15,GUANAJUATO,,,REG,PRI,2,ANGEL ERNESTO ARAUJO BETANZOS,1,
,11,GUANAJUATO,,,15,GUANAJUATO,,,REG,MC,1,LILIANA ALEJANDRA PRECIADO ZARATE,2,
,11,GUANAJUATO,,,15,GUANAJUATO,,,REG,MORENA,1,PALOMA ROBLES LACAYO,2,
,11,GUANAJUATO,,,15,GUANAJUATO,,,REG,MORENA,2,ESTEFANIA PORRAS BARAJAS,2,
,11,GUANAJUATO,,,15,GUANAJUATO,,,REG,FXM,1,CELIA CAROLINA VALADEZ BELTRAN,2,
,11,GUANAJUATO,,,16,HUANIMARO,,,PRES_MUN,PVEM,1,LAURA VILLALPANDO ARROYO,2,
,11,GUANAJUATO,,,16,HUANIMARO,,,SIND,PVEM,1,ANTONIO MARTINEZ ZAVALA,1,
,11,GUANAJUATO,,,16,HUANIMARO,,,REG,PAN,1,ROSA ISELA RABIA SALDAÑA,2,
,11,GUANAJUATO,,,16,HUANIMARO,,,REG,PAN,2,HERON ESTEBAN DIAZ CRUZ,1,
,11,GUANAJUATO,,,16,HUANIMARO,,,REG,PVEM,2,JUAN JOSE HERNANDEZ AYALA,1,
,11,GUANAJUATO,,,16,HUANIMARO,,,REG,PVEM,3,CLEMENTINA MARTINEZ GONZALEZ,2,
,11,GUANAJUATO,,,16,HUANIMARO,,,REG,PVEM,4,MANUEL MEJIA CONTRERAS,1,
,11,GUANAJUATO,,,16,HUANIMARO,,,REG,MORENA,1,CARLOS IVAN CASTRO HERNANDEZ,1,
,11,GUANAJUATO,,,16,HUANIMARO,,,REG,MORENA,2,MARIANA ZAPATA BARRAZA,2,
,11,GUANAJUATO,,,16,HUANIMARO,,,REG,RSP,2,PRISCILA MARTINEZ RAMIREZ,2,
,11,GUANAJUATO,,,17,IRAPUATO,,,PRES_MUN,PAN,1,LORENA DEL CARMEN ALFARO GARCIA,2,
,11,GUANAJUATO,,,17,IRAPUATO,,,SIND,PAN,1,ALFREDO MENDEZ MONTES,1,
,11,GUANAJUATO,,,17,IRAPUATO,,,SIND,PAN,2,LOURDES LILIANA PEREZ MARES,2,
,11,GUANAJUATO,,,17,IRAPUATO,,,REG,PAN,1,JUAN IGNACIO DUARTE RODRIGUEZ,1,
,11,GUANAJUATO,,,17,IRAPUATO,,,REG,PAN,2,LILIANA FLORES RODRIGUEZ,2,
,11,GUANAJUATO,,,17,IRAPUATO,,,REG,PAN,3,CHRISTIAN ENRIQUEZ HERNANDEZ,1,
,11,GUANAJUATO,,,17,IRAPUATO,,,REG,PAN,4,MA DEL ROCIO JIMENEZ CHAVEZ,2,
,11,GUANAJUATO,,,17,IRAPUATO,,,REG,PAN,5,DIEGO ANGEL RODRIGUEZ BARROSO,1,
,11,GUANAJUATO,,,17,IRAPUATO,,,REG,PAN,6,ELVA GARCIA MELGAR,2,
,11,GUANAJUATO,,,17,IRAPUATO,,,REG,PRI,1,LUIS FELIPE IPIENS HUMARA,1,
,11,GUANAJUATO,,,17,IRAPUATO,,,REG,MC,1,MARIA FERNANDA MARTINEZ ARRIAGA,2,
,11,GUANAJUATO,,,17,IRAPUATO,,,REG,MORENA,1,EVELIA MORTERA MOSQUEDA,2,
,11,GUANAJUATO,,,17,IRAPUATO,,,REG,MORENA,2,LUIS CARLOS MANZANO GUERRERO,1,
,11,GUANAJUATO,,,17,IRAPUATO,,,REG,MORENA,3,MA DE LOURDES ROMERO GONZALEZ,2,
,11,GUANAJUATO,,,17,IRAPUATO,,,REG,VMSZ,1,ARACELI RAQUEL BELTRAN RAMIREZ,2,
,11,GUANAJUATO,,,18,JARAL DEL PROGRESO,,,PRES_MUN,RSP,1,JOSE GONZALEZ OJEDA,1,
,11,GUANAJUATO,,,18,JARAL DEL PROGRESO,,,SIND,RSP,1,AYERIM DANIELA SANCHEZ VAZQUEZ,2,
,11,GUANAJUATO,,,18,JARAL DEL PROGRESO,,,REG,PAN,1,ADRIANA VERA MENDOZA,2,
,11,GUANAJUATO,,,18,JARAL DEL PROGRESO,,,REG,MORENA,1,LUCERO HIGAREDA SEGURA,2,
,11,GUANAJUATO,,,18,JARAL DEL PROGRESO,,,REG,NA_GTO,1,NEFTALI RUIZ LEON,1,
,11,GUANAJUATO,,,18,JARAL DEL PROGRESO,,,REG,RSP,1,ENRIQUE CAMARGO MEZA,1,
,11,GUANAJUATO,,,18,JARAL DEL PROGRESO,,,REG,RSP,2,MARTHA RAZO ALMANZA,2,
,11,GUANAJUATO,,,18,JARAL DEL PROGRESO,,,REG,RSP,3,JORGE LUIS GALVAN ESPARZA,1,
,11,GUANAJUATO,,,18,JARAL DEL PROGRESO,,,REG,JIOO,1,JOSE EZEQUIEL VARGAS MELO,1,
,11,GUANAJUATO,,,18,JARAL DEL PROGRESO,,,REG,JIOO,2,JULIANA DURAN PARRA,2,
,11,GUANAJUATO,,,19,JERECUARO,,,PRES_MUN,PRI_PRD,1,LUIS ALBERTO MONDRAGON VEGA,1,
,11,GUANAJUATO,,,19,JERECUARO,,,SIND,PRI_PRD,1,KAREN ALEJANDRA SAN AGUSTIN,2,
,11,GUANAJUATO,,,19,JERECUARO,,,REG,PAN,1,MARIA DE LA LUZ RODRIGUEZ OLVERA,2,
,11,GUANAJUATO,,,19,JERECUARO,,,REG,PAN,2,CHRISTIAN ISRAEL SANCHEZ GUERRERO,1,
,11,GUANAJUATO,,,19,JERECUARO,,,REG,PRI,1,JOSE AGUILERA ORTEGA,1,
,11,GUANAJUATO,,,19,JERECUARO,,,REG,PRI,2,ALMA ROSA RODRIGUEZ TAMAYO,2,
,11,GUANAJUATO,,,19,JERECUARO,,,REG,PRI,3,RODRIGO IGNACIO MARTINEZ PEREZ,1,
,11,GUANAJUATO,,,19,JERECUARO,,,REG,MC,1,LIZBETH SOTO GARCIA,2,
,11,GUANAJUATO,,,19,JERECUARO,,,REG,MORENA,1,JESUS ISRAEL SOTO MENDOZA,1,
,11,GUANAJUATO,,,19,JERECUARO,,,REG,MORENA,2,IRMA AMERICA CARRILLO CABADA,2,
,11,GUANAJUATO,,,20,LEON,,,PRES_MUN,PAN,1,ALEJANDRA GUTIERREZ CAMPOS,2,
,11,GUANAJUATO,,,20,LEON,,,SIND,PAN,1,JOSE ARTURO SANCHEZ CASTELLANOS,1,
,11,GUANAJUATO,,,20,LEON,,,SIND,PAN,2,LETICIA VILLEGAS NAVA,2,
,11,GUANAJUATO,,,20,LEON,,,REG,PAN,1,J GUADALUPE VERA HERNANDEZ,1,
,11,GUANAJUATO,,,20,LEON,,,REG,PAN,2,LUZ GRACIELA RODRIGUEZ MARTINEZ,2,
,11,GUANAJUATO,,,20,LEON,,,REG,PAN,3,CARLOS RAMON ROMO RAMSDEN,1,
,11,GUANAJUATO,,,20,LEON,,,REG,PAN,4,KAROL JARED GONZALEZ MARQUEZ,2,
,11,GUANAJUATO,,,20,LEON,,,REG,PAN,5,HILDEBERTO MORENO FABA,1,
,11,GUANAJUATO,,,20,LEON,,,REG,PAN,6,OFELIA CALLEJA VILLALOBOS,2,
,11,GUANAJUATO,,,20,LEON,,,REG,PAN,7,J RAMON HERNANDEZ HERNANDEZ,1,
,11,GUANAJUATO,,,20,LEON,,,REG,PRI,1,BLANCA ARACELI ESCOBAR CHAVEZ,2,
,11,GUANAJUATO,,,20,LEON,,,REG,MC,1,LUCIA VERDIN LIMON,2,
,11,GUANAJUATO,,,20,LEON,,,REG,MORENA,1,GABRIELA DEL CARMEN ECHEVERRIA GONZALEZ,2,
,11,GUANAJUATO,,,20,LEON,,,REG,MORENA,2,OSCAR ANTONIO CABRERA MORON,1,
,11,GUANAJUATO,,,20,LEON,,,REG,MORENA,3,ERIKA DEL ROCIO ROCHA RIVERA,2,
,11,GUANAJUATO,,,8,MANUEL DOBLADO,,,PRES_MUN,PAN,1,BLANCA HAYDEE PRECIADO PEREZ,2,
,11,GUANAJUATO,,,8,MANUEL DOBLADO,,,SIND,PAN,1,HIGINIO HUERTA CHAVEZ,1,
,11,GUANAJUATO,,,8,MANUEL DOBLADO,,,REG,PAN,1,OLGA MARIA GOMEZ REYES,2,
,11,GUANAJUATO,,,8,MANUEL DOBLADO,,,REG,PAN,2,ERIK GARCIA CARRADA,1,
,11,GUANAJUATO,,,8,MANUEL DOBLADO,,,REG,PAN,3,VIELCA AMAIRANI CHAVEZ MODESTO,2,
,11,GUANAJUATO,,,8,MANUEL DOBLADO,,,REG,PAN,4,RAFAEL ANDRES CAMARENA CONTRERAS,1,
,11,GUANAJUATO,,,8,MANUEL DOBLADO,,,REG,PRI,1,LIBIA ARGELIA CORONADO PEDROZA,2,
,11,GUANAJUATO,,,8,MANUEL DOBLADO,,,REG,PRI,2,MARISOL RAMIREZ VARGAS,2,
,11,GUANAJUATO,,,8,MANUEL DOBLADO,,,REG,PRI,3,MARCO ANTONIO MARMOLEJO BARCO,1,
,11,GUANAJUATO,,,8,MANUEL DOBLADO,,,REG,MC,1,J GERMAN VAZQUEZ AYALA,1,
,11,GUANAJUATO,,,21,MOROLEON,,,PRES_MUN,MC,1,ALMA DENISSE SANCHEZ BARRAGAN,2,
,11,GUANAJUATO,,,21,MOROLEON,,,SIND,MC,1,MARTIN HEBER LOPEZ ORTEGA,1,
,11,GUANAJUATO,,,21,MOROLEON,,,REG,PAN,1,TALIA CRISTINA LARA CINTORA,2,
,11,GUANAJUATO,,,21,MOROLEON,,,REG,PAN,2,GABRIEL GARCIA DE ALBA ORTIZ,1,
,11,GUANAJUATO,,,21,MOROLEON,,,REG,PRD,1,MARTA ZAVALA VERGIL,2,
,11,GUANAJUATO,,,21,MOROLEON,,,REG,MC,1,GLORIA ALEJANDRA LEMUS ZAVALA,2,
,11,GUANAJUATO,,,21,MOROLEON,,,REG,MC,2,ARTURO GUZMAN MALAGON,1,
,11,GUANAJUATO,,,21,MOROLEON,,,REG,MC,3,MA DEL CARMEN NUÑO LUCIO,2,
,11,GUANAJUATO,,,21,MOROLEON,,,REG,MC,4,J JESUS RAMIREZ PEREZ,1,
,11,GUANAJUATO,,,21,MOROLEON,,,REG,MC,5,SILVIA GORDILLO DURAN,2,
,11,GUANAJUATO,,,21,MOROLEON,,,REG,MORENA,1,ALEJANDRO SANCHEZ LOPEZ,1,
,11,GUANAJUATO,,,21,MOROLEON,,,REG,MORENA,2,SONIA LOPEZ ALVAREZ,2,
,11,GUANAJUATO,,,22,OCAMPO,,,PRES_MUN,PRI_PRD,1,ERICK SILVANO MONTEMAYOR LARA,1,
,11,GUANAJUATO,,,22,OCAMPO,,,SIND,PRI_PRD,1,MARIA MAGDALENA TERREZ PEÑA,2,
,11,GUANAJUATO,,,22,OCAMPO,,,REG,PAN,1,MARIA CANDELARIA GONZALEZ PEREZ,2,
,11,GUANAJUATO,,,22,OCAMPO,,,REG,PRI,1,JUAN PABLO TORRES ORTA,1,
,11,GUANAJUATO,,,22,OCAMPO,,,REG,PRI,2,JUANA MARIA RODRIGUEZ ARANDA,2,
,11,GUANAJUATO,,,22,OCAMPO,,,REG,PRI,3,EMMANUEL HERNANDEZ RUIZ,1,
,11,GUANAJUATO,,,22,OCAMPO,,,REG,PVEM,1,JUAN JOSE VARGAS ANDRADE,1,
,11,GUANAJUATO,,,22,OCAMPO,,,REG,PT,2,MARIA MAGDALENA ALMAZAN GONZALEZ,2,
,11,GUANAJUATO,,,22,OCAMPO,,,REG,MC,2,ALMA KAREN MEDELLIN RODRIGUEZ,2,
,11,GUANAJUATO,,,22,OCAMPO,,,REG,NA_GTO,1,ANTONIO MARTINEZ RODRIGUEZ,1,
,11,GUANAJUATO,,,23,PENJAMO,,,PRES_MUN,PAN,1,OMAR GREGORIO MENDOZA FLORES,1,
,11,GUANAJUATO,,,23,PENJAMO,,,SIND,PAN,1,JOSEFINA ISABEL MAGAÑA GUTIERREZ,2,
,11,GUANAJUATO,,,23,PENJAMO,,,REG,PAN,1,JOSE PAUL TAFOYA MEZA,1,
,11,GUANAJUATO,,,23,PENJAMO,,,REG,PAN,2,ANA PAOLA OLMEDO VELAZQUEZ,2,
,11,GUANAJUATO,,,23,PENJAMO,,,REG,PAN,3,JOSE MIGUEL HERRERA FLORES,1,
,11,GUANAJUATO,,,23,PENJAMO,,,REG,PAN,4,INES OLIVO MACIAS,2,
,11,GUANAJUATO,,,23,PENJAMO,,,REG,PRI,2,FATIMA ARELLANO MIRELES,2,
,11,GUANAJUATO,,,23,PENJAMO,,,REG,PVEM,1,ALEJANDRO FLORES RAZO,1,
,11,GUANAJUATO,,,23,PENJAMO,,,REG,MORENA,1,JOSE JESUS CANCHOLA RAMOS,1,
,11,GUANAJUATO,,,23,PENJAMO,,,REG,MORENA,2,ESTELA MEJIA DUARTE,2,
,11,GUANAJUATO,,,23,PENJAMO,,,REG,MORENA,3,YONE SORIA ECHEVERRIA,1,
,11,GUANAJUATO,,,23,PENJAMO,,,REG,NA_GTO,2,MARIA DEL ROCIO CABRERA HINOJOSA,2,
,11,GUANAJUATO,,,24,PUEBLO NUEVO,,,PRES_MUN,MC,1,LEONARDO SOLORZANO VILLANUEVA,1,
,11,GUANAJUATO,,,24,PUEBLO NUEVO,,,SIND,MC,1,MA CONCEPCION VAZQUEZ HERNANDEZ,2,
,11,GUANAJUATO,,,24,PUEBLO NUEVO,,,REG,PAN,1,LETICIA FONSECA GONZALEZ,2,
,11,GUANAJUATO,,,24,PUEBLO NUEVO,,,REG,PAN,2,GERARDO LAGUNA ARREDONDO,1,
,11,GUANAJUATO,,,24,PUEBLO NUEVO,,,REG,PAN,3,GEORGINA CASTRO GONZALEZ,2,
,11,GUANAJUATO,,,24,PUEBLO NUEVO,,,REG,MC,1,MARTIN VELA BARRETO,1,
,11,GUANAJUATO,,,24,PUEBLO NUEVO,,,REG,MC,2,MARIA DEL PILAR SOLORZANO VILLANUEVA,2,
,11,GUANAJUATO,,,24,PUEBLO NUEVO,,,REG,MC,3,ANDRES GONZALEZ SALDAÑA,1,
,11,GUANAJUATO,,,24,PUEBLO NUEVO,,,REG,MC,4,ANA BERTHA ARGUELLO GARCIA,2,
,11,GUANAJUATO,,,24,PUEBLO NUEVO,,,REG,MC,5,ULISES GARCIA PEREZ,1,
,11,GUANAJUATO,,,25,PURISIMA DEL RINCON,,,PRES_MUN,PAN,1,ROBERTO GARCIA URBANO,1,
,11,GUANAJUATO,,,25,PURISIMA DEL RINCON,,,SIND,PAN,1,ROMINA MELCHOR GAMEZ,2,
,11,GUANAJUATO,,,25,PURISIMA DEL RINCON,,,REG,PAN,1,MIGUEL ANGEL SERVIN VILLANUEVA,1,
,11,GUANAJUATO,,,25,PURISIMA DEL RINCON,,,REG,PAN,2,CLAUDIA LORENA ARRIAGA GUERRERO,2,
,11,GUANAJUATO,,,25,PURISIMA DEL RINCON,,,REG,PAN,3,JUAN PABLO VERDIN SANCHEZ,1,
,11,GUANAJUATO,,,25,PURISIMA DEL RINCON,,,REG,PAN,4,MARIA DEL CARMEN GAMEZ ARRIAGA,2,
,11,GUANAJUATO,,,25,PURISIMA DEL RINCON,,,REG,PRI,1,LOURDES EUGENIA PEREZ GUZMAN,2,
,11,GUANAJUATO,,,25,PURISIMA DEL RINCON,,,REG,MC,1,SALVADOR CRUZ VILLEGAS,1,
,11,GUANAJUATO,,,25,PURISIMA DEL RINCON,,,REG,MC,2,LETICIA MAYAGOYTIA BARRAGAN,2,
,11,GUANAJUATO,,,25,PURISIMA DEL RINCON,,,REG,MORENA,1,MONICA GUADALUPE LOPEZ HERNANDEZ,2,
,11,GUANAJUATO,,,26,ROMITA,,,PRES_MUN,PRI,1,OSWALDO PONCE GRANADOS,1,
,11,GUANAJUATO,,,26,ROMITA,,,SIND,PRI,1,MARTHA SOTO TOLEDO,2,
,11,GUANAJUATO,,,26,ROMITA,,,REG,PAN,1,JORGE MORALES FLORES,1,
,11,GUANAJUATO,,,26,ROMITA,,,REG,PAN,2,ADRIANA DEL CARMEN MORALES HERMOSILLO,2,
,11,GUANAJUATO,,,26,ROMITA,,,REG,PAN,3,PEDRO DAMIAN VILLALPANDO HERNANDEZ,1,
,11,GUANAJUATO,,,26,ROMITA,,,REG,PRI,1,FRANCISCO ANTONIO DURAN SERRANO,1,
,11,GUANAJUATO,,,26,ROMITA,,,REG,PRI,2,SANJUANA ARREDONDO SANZON,2,
,11,GUANAJUATO,,,26,ROMITA,,,REG,PRI,3,VICENTE HOMERO LOZA HERMOSILLO,1,
,11,GUANAJUATO,,,26,ROMITA,,,REG,MORENA,2,VIRGINIA CITLALI CAUDILLO GONZALEZ,2,
,11,GUANAJUATO,,,26,ROMITA,,,REG,MORENA,4,MA DOLORES FERNANDEZ ELIAS,2,
,11,GUANAJUATO,,,27,SALAMANCA,,,PRES_MUN,MORENA,1,JULIO CESAR ERNESTO PRIETO GALLARDO,1,
,11,GUANAJUATO,,,27,SALAMANCA,,,SIND,MORENA,1,ALMA ANGELICA BERRONES AGUAYO,2,
,11,GUANAJUATO,,,27,SALAMANCA,,,SIND,MORENA,2,GERARDO JOSE AGUIRRE CORTES,1,
,11,GUANAJUATO,,,27,SALAMANCA,,,REG,PAN,1,MAYRA EDITH GUTIERREZ VAZQUEZ,2,
,11,GUANAJUATO,,,27,SALAMANCA,,,REG,PAN,2,LUIS ADRIAN PEÑA GOMEZ,1,
,11,GUANAJUATO,,,27,SALAMANCA,,,REG,PAN,3,MICHELLE ALCOCER CARRILLO,2,
,11,GUANAJUATO,,,27,SALAMANCA,,,REG,PAN,4,IVAN ISRAEL CASILLAS ALBEJAR,1,
,11,GUANAJUATO,,,27,SALAMANCA,,,REG,PRI,2,CORAL VALENCIA BUSTOS,2,
,11,GUANAJUATO,,,27,SALAMANCA,,,REG,PT,2,TERESA DE JESUS SEGOVIA SALMERON,2,
,11,GUANAJUATO,,,27,SALAMANCA,,,REG,MC,1,MARIA GUADALUPE ARREDONDO HERNANDEZ,2,
,11,GUANAJUATO,,,27,SALAMANCA,,,REG,MC,2,DIEGO CALDERON MARTINEZ,1,
,11,GUANAJUATO,,,27,SALAMANCA,,,REG,MORENA,1,HERLINDA CASTILLO AGUADO,2,
,11,GUANAJUATO,,,27,SALAMANCA,,,REG,MORENA,2,IVAN ALEJANDRO GORDILLO BECERRA,1,
,11,GUANAJUATO,,,27,SALAMANCA,,,REG,MORENA,3,DULCE DANEIRA GONZALEZ VEGA,2,
,11,GUANAJUATO,,,27,SALAMANCA,,,REG,MORENA,4,JUAN ORTEGA GASCA,1,
,11,GUANAJUATO,,,28,SALVATIERRA,,,PRES_MUN,PAN,1,GERMAN CERVANTES VEGA,1,
,11,GUANAJUATO,,,28,SALVATIERRA,,,SIND,PAN,1,YATZIRI MENDOZA JIMENEZ,2,
,11,GUANAJUATO,,,28,SALVATIERRA,,,REG,PAN,1,JORGE LUIS ROSAS TAPIA,1,
,11,GUANAJUATO,,,28,SALVATIERRA,,,REG,PAN,2,ANA TERESA PANIAGUA GARCIA,2,
,11,GUANAJUATO,,,28,SALVATIERRA,,,REG,PAN,3,ALEJANDRO LANUZA HERNANDEZ,1,
,11,GUANAJUATO,,,28,SALVATIERRA,,,REG,PAN,4,ALEJANDRA DEL CARMEN VARGAS GONZALEZ,2,
,11,GUANAJUATO,,,28,SALVATIERRA,,,REG,PRI,1,SANDRA NADINE RAMIREZ VERA,2,
,11,GUANAJUATO,,,28,SALVATIERRA,,,REG,MC,1,JOSE LUIS RODRIGUEZ RODRIGUEZ,1,
,11,GUANAJUATO,,,28,SALVATIERRA,,,REG,MC,2,MA TERESA ROSAS CHAVEZ,2,
,11,GUANAJUATO,,,28,SALVATIERRA,,,REG,MORENA,1,MARISOL ALVARADO BARRERA,2,
,11,GUANAJUATO,,,28,SALVATIERRA,,,REG,MORENA,2,JORGE LUIS ZAMORA CABRERA,1,
,11,GUANAJUATO,,,28,SALVATIERRA,,,REG,MORENA,3,ANALUCIA RODRIGUEZ PRADO,2,
,11,GUANAJUATO,,,29,SAN DIEGO DE LA UNION,,,PRES_MUN,RSP,1,JUAN CARLOS CASTILLO CANTERO,1,
,11,GUANAJUATO,,,29,SAN DIEGO DE LA UNION,,,SIND,RSP,1,YESSICA NOHEMI VELAZQUEZ RODRIGUEZ,2,
,11,GUANAJUATO,,,29,SAN DIEGO DE LA UNION,,,REG,PAN,1,LUIS MANUEL HERRERA CALIXTO,1,
,11,GUANAJUATO,,,29,SAN DIEGO DE LA UNION,,,REG,PAN,2,MARIA ERIKA COLMENERO PADRON,2,
,11,GUANAJUATO,,,29,SAN DIEGO DE LA UNION,,,REG,PAN,4,ROSA LINDA CASTAÑON SANCHEZ,2,
,11,GUANAJUATO,,,29,SAN DIEGO DE LA UNION,,,REG,PT,1,JOSE ALFREDO RIOS GONZALEZ,1,
,11,GUANAJUATO,,,29,SAN DIEGO DE LA UNION,,,REG,NA_GTO,2,ERIKA PATRICIA GONZALEZ MARTINEZ,2,
,11,GUANAJUATO,,,29,SAN DIEGO DE LA UNION,,,REG,RSP,1,MIGUEL ANGEL CORPUS MORALES,1,
,11,GUANAJUATO,,,29,SAN DIEGO DE LA UNION,,,REG,RSP,2,ALEJANDRA ESTEFANIA RAMIREZ TORRES,2,
,11,GUANAJUATO,,,29,SAN DIEGO DE LA UNION,,,REG,RSP,3,VICTOR ALFONSO SALAZAR RODRIGUEZ,1,
,11,GUANAJUATO,,,30,SAN FELIPE,,,PRES_MUN,PVEM,1,EDUARDO MALDONADO GARCIA,1,
,11,GUANAJUATO,,,30,SAN FELIPE,,,SIND,PVEM,1,MARIA GUADALUPE CANO ORTEGA,2,
,11,GUANAJUATO,,,30,SAN FELIPE,,,REG,PAN,1,CATARINO RODRIGUEZ RODRIGUEZ,1,
,11,GUANAJUATO,,,30,SAN FELIPE,,,REG,PAN,2,MARIA ESTHER NEGRETE GONZALEZ,2,
,11,GUANAJUATO,,,30,SAN FELIPE,,,REG,PAN,3,EDGAR BENITO RODRIGUEZ LUNA,1,
,11,GUANAJUATO,,,30,SAN FELIPE,,,REG,PAN,4,MARIA ELENA BARRIENTOS TORRES,2,
,11,GUANAJUATO,,,30,SAN FELIPE,,,REG,PVEM,1,EDGAR ABEL MARTINEZ OCHOA,1,
,11,GUANAJUATO,,,30,SAN FELIPE,,,REG,PVEM,2,NEREIDA BUSTOS CARDENAS,2,
,11,GUANAJUATO,,,30,SAN FELIPE,,,REG,PVEM,3,JUAN FELIPE ROCHA RAMOS,1,
,11,GUANAJUATO,,,30,SAN FELIPE,,,REG,PVEM,4,KAROL MELISSA ANDRADE HERNANDEZ,2,
,11,GUANAJUATO,,,30,SAN FELIPE,,,REG,MORENA,1,MA ELENA VENEGAS ORTEGA,2,
,11,GUANAJUATO,,,30,SAN FELIPE,,,REG,NA_GTO,1,DAVID JIMENEZ CHAVEZ,1,
,11,GUANAJUATO,,,31,SAN FRANCISCO DEL RINCON,,,PRES_MUN,PAN,1,ALEJANDRO ANTONIO MARUN GONZALEZ,1,
,11,GUANAJUATO,,,31,SAN FRANCISCO DEL RINCON,,,SIND,PAN,1,LUZ REBECA ESPINOZA ROBLEDO,2,
,11,GUANAJUATO,,,31,SAN FRANCISCO DEL RINCON,,,REG,PAN,1,SERGIO ABEL MENDEZ BARBA,1,
,11,GUANAJUATO,,,31,SAN FRANCISCO DEL RINCON,,,REG,PAN,2,MA DE LOS ANGELES PADILLA GOMEZ,2,
,11,GUANAJUATO,,,31,SAN FRANCISCO DEL RINCON,,,REG,PAN,3,JOSE DE JESUS MARTINEZ VALERIO,1,
,11,GUANAJUATO,,,31,SAN FRANCISCO DEL RINCON,,,REG,PAN,4,LINA MILDRED GOMEZ CANDELAS,2,
,11,GUANAJUATO,,,31,SAN FRANCISCO DEL RINCON,,,REG,PRI,1,RICARDO ARTURO CARRANZA VEGA,1,
,11,GUANAJUATO,,,31,SAN FRANCISCO DEL RINCON,,,REG,PRI,2,LORENA VILLALOBOS OLIVARES,2,
,11,GUANAJUATO,,,31,SAN FRANCISCO DEL RINCON,,,REG,PRI,3,JUAN MANUEL CORONADO CABRERA,1,
,11,GUANAJUATO,,,31,SAN FRANCISCO DEL RINCON,,,REG,PRI,4,OLGA RIOS SEGURA,2,
,11,GUANAJUATO,,,31,SAN FRANCISCO DEL RINCON,,,REG,PVEM,1,MONTSERRAT PAULINA SERNA TORRES,2,
,11,GUANAJUATO,,,31,SAN FRANCISCO DEL RINCON,,,REG,MORENA,1,JUAN GERARDO MORALES PEREZ,1,
,11,GUANAJUATO,,,32,SAN JOSE ITURBIDE,,,PRES_MUN,PAN,1,CINDY ABRIL ARVIZU HERNANDEZ,2,
,11,GUANAJUATO,,,32,SAN JOSE ITURBIDE,,,SIND,PAN,1,JOSE RAFAEL LEDESMA BASALDUA,1,
,11,GUANAJUATO,,,32,SAN JOSE ITURBIDE,,,REG,PAN,1,MA ISABEL ARVIZU GUDIÑO,2,
,11,GUANAJUATO,,,32,SAN JOSE ITURBIDE,,,REG,PAN,2,JOSE DOLORES JUAREZ TORRES,1,
,11,GUANAJUATO,,,32,SAN JOSE ITURBIDE,,,REG,PRI,2,MA CAROLINA FERRO FERRO,2,
,11,GUANAJUATO,,,32,SAN JOSE ITURBIDE,,,REG,PT,1,VICTOR ARNULFO MONTES DE LA VEGA,1,
,11,GUANAJUATO,,,32,SAN JOSE ITURBIDE,,,REG,MC,1,JOSE ALONSO MEJIA PEREZ,1,
,11,GUANAJUATO,,,32,SAN JOSE ITURBIDE,,,REG,MC,2,MARIA DE LA LUZ ZARAZUA MONJARAZ,2,
,11,GUANAJUATO,,,32,SAN JOSE ITURBIDE,,,REG,MORENA,1,MARIA EMILIA VERENICE RICO MERLO,2,
,11,GUANAJUATO,,,32,SAN JOSE ITURBIDE,,,REG,NA_GTO,1,FELIPE DE JESUS CABRERA MATA,1,
,11,GUANAJUATO,,,33,SAN LUIS DE LA PAZ,,,PRES_MUN,PRI_PRD,1,LUIS GERARDO SANCHEZ SANCHEZ,1,
,11,GUANAJUATO,,,33,SAN LUIS DE LA PAZ,,,SIND,PRI_PRD,1,MARIA MAGDALENA GONZALEZ OTERO,2,
,11,GUANAJUATO,,,33,SAN LUIS DE LA PAZ,,,REG,PAN,1,IRMA SANCHEZ CANO,2,
,11,GUANAJUATO,,,33,SAN LUIS DE LA PAZ,,,REG,PAN,2,ADOLFO VILLEGAS VILLEGAS,1,
,11,GUANAJUATO,,,33,SAN LUIS DE LA PAZ,,,REG,PRI,1,JAIME MATA PEREZ,1,
,11,GUANAJUATO,,,33,SAN LUIS DE LA PAZ,,,REG,PRI,2,LORENA ZARAZUA RIOS,2,
,11,GUANAJUATO,,,33,SAN LUIS DE LA PAZ,,,REG,PRI,3,ANGEL PADRON RIVERA,1,
,11,GUANAJUATO,,,33,SAN LUIS DE LA PAZ,,,REG,PRI,4,KARINA RIVERA SANCHEZ,2,
,11,GUANAJUATO,,,33,SAN LUIS DE LA PAZ,,,REG,PRI,5,JACINTO SALINAS PEREZ,1,
,11,GUANAJUATO,,,33,SAN LUIS DE LA PAZ,,,REG,NA_GTO,1,JUAN ANTONIO TORRES ORTIZ,1,
,11,GUANAJUATO,,,33,SAN LUIS DE LA PAZ,,,REG,MORENA,1,AIDAVETH GARCIA MONJARAS,2,
,11,GUANAJUATO,,,33,SAN LUIS DE LA PAZ,,,REG,RSP,2,NORMA YADIRA MARTINEZ SOLANO,2,
,11,GUANAJUATO,,,3,SAN MIGUEL DE ALLENDE,,,PRES_MUN,PRI,1,MAURICIO TREJO PURECO,1,
,11,GUANAJUATO,,,3,SAN MIGUEL DE ALLENDE,,,SIND,PRI,1,FAVIOLA CORREA GONZALEZ,2,
,11,GUANAJUATO,,,3,SAN MIGUEL DE ALLENDE,,,REG,PAN,1,FELIPE DE JESUS TAPIA CAMPOS,1,
,11,GUANAJUATO,,,3,SAN MIGUEL DE ALLENDE,,,REG,PAN,2,MARTHA PAULINA GALLARDO LOPEZ,2,
,11,GUANAJUATO,,,3,SAN MIGUEL DE ALLENDE,,,REG,PAN,3,CARLOS GONZALEZ SANDOVAL,1,
,11,GUANAJUATO,,,3,SAN MIGUEL DE ALLENDE,,,REG,PRI,1,RAFAEL TORRES SANCHEZ,1,
,11,GUANAJUATO,,,3,SAN MIGUEL DE ALLENDE,,,REG,PRI,2,MARIA ELENA VAZQUEZ MUÑOZ,2,
,11,GUANAJUATO,,,3,SAN MIGUEL DE ALLENDE,,,REG,PRI,3,RAFAEL RAMIREZ LOPEZ,1,
,11,GUANAJUATO,,,3,SAN MIGUEL DE ALLENDE,,,REG,PRI,4,MARIA ORTIZ VAZQUEZ,2,
,11,GUANAJUATO,,,3,SAN MIGUEL DE ALLENDE,,,REG,MORENA,1,CARLOS RICARDO OLVERA AVILA,1,
,11,GUANAJUATO,,,3,SAN MIGUEL DE ALLENDE,,,REG,MORENA,2,SILVIA GUERRERO COLUNGA,2,
,11,GUANAJUATO,,,3,SAN MIGUEL DE ALLENDE,,,REG,MORENA,4,ENEDINA DEL CARMEN CORREA SANCHEZ,2,
,11,GUANAJUATO,,,34,SANTA CATARINA,,,PRES_MUN,PAN,1,SONIA GARCIA TOSCANO,2,
,11,GUANAJUATO,,,34,SANTA CATARINA,,,SIND,PAN,1,GUMERSINDO MOYA PEREZ,1,
,11,GUANAJUATO,,,34,SANTA CATARINA,,,REG,PAN,1,MA DEL ROCIO RESENDIZ LOPEZ,2,
,11,GUANAJUATO,,,34,SANTA CATARINA,,,REG,PAN,2,ROQUE MARTINEZ RESENDIZ,1,
,11,GUANAJUATO,,,34,SANTA CATARINA,,,REG,PAN,3,FELICITAS CATARINA SANCHEZ MONTES,2,
,11,GUANAJUATO,,,34,SANTA CATARINA,,,REG,PRI,1,MARIA DEL ROSARIO OLVERA LARA,2,
,11,GUANAJUATO,,,34,SANTA CATARINA,,,REG,PRI,2,OCTAVIO NEZAHUALTCOYOTL MOYA GUTIERREZ,1,
,11,GUANAJUATO,,,34,SANTA CATARINA,,,REG,PRI,3,MARIA LLERENA NIETO OLVERA,2,
,11,GUANAJUATO,,,34,SANTA CATARINA,,,REG,MORENA,1,EVA GARCIA MOYA,2,
,11,GUANAJUATO,,,34,SANTA CATARINA,,,REG,MORENA,2,EDUARDO IBARRA RAMIREZ,1,
,11,GUANAJUATO,,,35,SANTA CRUZ DE JUVENTINO ROSAS,,,PRES_MUN,PAN,1,FERNANDO GASCA ALMANZA,1,
,11,GUANAJUATO,,,35,SANTA CRUZ DE JUVENTINO ROSAS,,,SIND,PAN,1,RUTH MENDOZA GASCA,2,
,11,GUANAJUATO,,,35,SANTA CRUZ DE JUVENTINO ROSAS,,,REG,PAN,1,REY DAVID RODRIGUEZ AGUILAR,1,
,11,GUANAJUATO,,,35,SANTA CRUZ DE JUVENTINO ROSAS,,,REG,PAN,2,FLOR CONEJO HERRERA,2,
,11,GUANAJUATO,,,35,SANTA CRUZ DE JUVENTINO ROSAS,,,REG,PAN,3,FRANCISCO BARRIENTOS VAZQUEZ,1,
,11,GUANAJUATO,,,35,SANTA CRUZ DE JUVENTINO ROSAS,,,REG,PRD,1,FERNANDO GUERRERO,1,
,11,GUANAJUATO,,,35,SANTA CRUZ DE JUVENTINO ROSAS,,,REG,PRD,2,VERONICA LABRADA ANDRADE,2,
,11,GUANAJUATO,,,35,SANTA CRUZ DE JUVENTINO ROSAS,,,REG,NA_GTO,1,RICARDO RUIZ ABOYTES,1,
,11,GUANAJUATO,,,35,SANTA CRUZ DE JUVENTINO ROSAS,,,REG,NA_GTO,2,NANCY PAULINA GUERRERO CONEJO,2,
,11,GUANAJUATO,,,35,SANTA CRUZ DE JUVENTINO ROSAS,,,REG,MORENA,1,ROSA MARIA RODRIGUEZ LORENZANA,2,
,11,GUANAJUATO,,,36,SANTIAGO MARAVATIO,,,PRES_MUN,JGPC,1,JOSE GUADALUPE PANIAGUA CARDOSO,1,
,11,GUANAJUATO,,,36,SANTIAGO MARAVATIO,,,SIND,JGPC,1,BLANCA LILIA CARDOSO LOPEZ,2,
,11,GUANAJUATO,,,36,SANTIAGO MARAVATIO,,,REG,PRI,1,JOSE LOPEZ NAVA,1,
,11,GUANAJUATO,,,36,SANTIAGO MARAVATIO,,,REG,PRI,2,ROSA ANGEL SOTO CHAVEZ,2,
,11,GUANAJUATO,,,36,SANTIAGO MARAVATIO,,,REG,PRI,3,JULIAN GARNICA HERNANDEZ,1,
,11,GUANAJUATO,,,36,SANTIAGO MARAVATIO,,,REG,PRI,4,MARIA GUADALUPE FLORES AMEZQUITA,2,
,11,GUANAJUATO,,,36,SANTIAGO MARAVATIO,,,REG,JGPC,1,PEDRO FLORES MURILLO,1,
,11,GUANAJUATO,,,36,SANTIAGO MARAVATIO,,,REG,JGPC,2,MAYRA CARDOSO HERNANDEZ,2,
,11,GUANAJUATO,,,36,SANTIAGO MARAVATIO,,,REG,JGPC,3,JUAN ARMANDO CARDOSO CHAVEZ,1,
,11,GUANAJUATO,,,36,SANTIAGO MARAVATIO,,,REG,JGPC,4,ROSA ECHEVERRIA MURILLO,2,
,11,GUANAJUATO,,,37,SILAO DE LA VICTORIA,,,PRES_MUN,MORENA,1,CARLOS GARCIA VILLASEÑOR,1,
,11,GUANAJUATO,,,37,SILAO DE LA VICTORIA,,,SIND,MORENA,1,MARIA CECILIA RODRIGUEZ RANGEL,2,
,11,GUANAJUATO,,,37,SILAO DE LA VICTORIA,,,REG,PAN,1,MANUEL EDUARDO ALVAREZ LOZANO,1,
,11,GUANAJUATO,,,37,SILAO DE LA VICTORIA,,,REG,PAN,2,ERIKA MARIBEL LOPEZ GUTIERREZ,2,
,11,GUANAJUATO,,,37,SILAO DE LA VICTORIA,,,REG,PAN,3,ROLANDO MONROY GALVAN,1,
,11,GUANAJUATO,,,37,SILAO DE LA VICTORIA,,,REG,PAN,4,MARIA TERESA TELLO GARCIA,2,
,11,GUANAJUATO,,,37,SILAO DE LA VICTORIA,,,REG,PRI,1,JOSE CRUZ RANGEL PEREZ,1,
,11,GUANAJUATO,,,37,SILAO DE LA VICTORIA,,,REG,PVEM,2,MARIA DE LA LUZ IBARRA VALDENEGRO,2,
,11,GUANAJUATO,,,37,SILAO DE LA VICTORIA,,,REG,MORENA,1,MARCELINO RAYAS MEZA,1,
,11,GUANAJUATO,,,37,SILAO DE LA VICTORIA,,,REG,MORENA,2,ELIZABETH BLANCARTE VELA,2,
,11,GUANAJUATO,,,37,SILAO DE LA VICTORIA,,,REG,MORENA,3,JUAN ARTURO HINOJOSA VALDOVINO,1,
,11,GUANAJUATO,,,37,SILAO DE LA VICTORIA,,,REG,MORENA,4,RUTH ELIZABETH GRANADOS ARVIZU,2,
,11,GUANAJUATO,,,38,TARANDACUAO,,,PRES_MUN,PRI_PRD,1,KATIA DANIELA PINEDA CHAVEZ,2,
,11,GUANAJUATO,,,38,TARANDACUAO,,,SIND,PRI_PRD,1,JOSUE REGALADO AGUILAR,1,
,11,GUANAJUATO,,,38,TARANDACUAO,,,REG,PAN,1,MAYRA DEL CARMEN OLIVARES GARFIAS,2,
,11,GUANAJUATO,,,38,TARANDACUAO,,,REG,PAN,2,VICTOR GUZMAN DELGADO,1,
,11,GUANAJUATO,,,38,TARANDACUAO,,,REG,PAN,3,SARA IDANIA CASTRO POZOS,2,
,11,GUANAJUATO,,,38,TARANDACUAO,,,REG,PRI,1,VERONICA CASTRO GARCIA,2,
,11,GUANAJUATO,,,38,TARANDACUAO,,,REG,PRI,2,ARMANDO RIOS HUERTA,1,
,11,GUANAJUATO,,,38,TARANDACUAO,,,REG,PRI,3,ELENA LAURA PARRALES RIOS,2,
,11,GUANAJUATO,,,38,TARANDACUAO,,,REG,PVEM,1,ALMA CRISTINA MONDRAGON RUBIO,2,
,11,GUANAJUATO,,,38,TARANDACUAO,,,REG,MORENA,1,FLOR DEL CARMEN MILLAN SANCHEZ,2,
,11,GUANAJUATO,,,39,TARIMORO,,,PRES_MUN,PRI_PRD,1,MOISES MALDONADO LOPEZ,1,
,11,GUANAJUATO,,,39,TARIMORO,,,SIND,PRI_PRD,1,PERLA IVON JIMENEZ PINEDA,2,
,11,GUANAJUATO,,,39,TARIMORO,,,REG,PAN,1,NANCY YARELY MANDUJANO TIRADO,2,
,11,GUANAJUATO,,,39,TARIMORO,,,REG,PAN,2,SALVADOR ROJAS LULE,1,
,11,GUANAJUATO,,,39,TARIMORO,,,REG,PAN,3,ALMA ERIVET ARTEAGA BALBINO,2,
,11,GUANAJUATO,,,39,TARIMORO,,,REG,PRI,1,ALFREDO AGUILAR PAREDES,1,
,11,GUANAJUATO,,,39,TARIMORO,,,REG,PRI,2,VIRIDIANA CANELO VEGA,2,
,11,GUANAJUATO,,,39,TARIMORO,,,REG,PRI,3,JOSE VEGA PATIÑO,1,
,11,GUANAJUATO,,,39,TARIMORO,,,REG,PRI,4,RAQUEL MARIA CONTRERAS RAMIREZ,2,
,11,GUANAJUATO,,,39,TARIMORO,,,REG,PT,1,ADRIANA BRAVO MALDONADO,2,
,11,GUANAJUATO,,,40,TIERRA BLANCA,,,PRES_MUN,PRD,1,ROMULO GARCIA CABRERA,1,
,11,GUANAJUATO,,,40,TIERRA BLANCA,,,SIND,PRD,1,ANA MARIBEL PRADO CRUZ,2,
,11,GUANAJUATO,,,40,TIERRA BLANCA,,,REG,PAN,1,ANA LIZBETH RAMOS SANDOVAL,2,
,11,GUANAJUATO,,,40,TIERRA BLANCA,,,REG,PRI,1,EMMANUEL HERNANDEZ RIOS,1,
,11,GUANAJUATO,,,40,TIERRA BLANCA,,,REG,PRI,2,ESTER CRUZ GUDIÑO,2,
,11,GUANAJUATO,,,40,TIERRA BLANCA,,,REG,PRD,1,RENE HERNANDEZ HERNANDEZ,1,
,11,GUANAJUATO,,,40,TIERRA BLANCA,,,REG,PRD,2,MARIA DEL ROSARIO HERNANDEZ CHAVEZ,2,
,11,GUANAJUATO,,,40,TIERRA BLANCA,,,REG,PRD,3,JENARO FELIX VELAZQUEZ,1,
,11,GUANAJUATO,,,40,TIERRA BLANCA,,,REG,MORENA,1,JOSE JUAN RAMIREZ RESENDIZ,1,
,11,GUANAJUATO,,,40,TIERRA BLANCA,,,REG,PES,2,CEZNA RAMIREZ RAMIREZ,2,
,11,GUANAJUATO,,,41,URIANGATO,,,PRES_MUN,PRI_PRD,1,ANASTACIO ROSILES PEREZ,1,
,11,GUANAJUATO,,,41,URIANGATO,,,SIND,PRI_PRD,1,GABRIELA GUZMAN MALDONADO,2,
,11,GUANAJUATO,,,41,URIANGATO,,,REG,PAN,1,CARLOS GUZMAN CAMARENA,1,
,11,GUANAJUATO,,,41,URIANGATO,,,REG,PAN,2,MA GUADALUPE MARTINEZ CARMONA,2,
,11,GUANAJUATO,,,41,URIANGATO,,,REG,PRI,1,MIGUEL DOMINGUEZ MORENO,1,
,11,GUANAJUATO,,,41,URIANGATO,,,REG,PRI,2,MA CONSUELO GONZALEZ OROZCO,2,
,11,GUANAJUATO,,,41,URIANGATO,,,REG,PRI,3,MIGUEL DIAZ ROSILES,1,
,11,GUANAJUATO,,,41,URIANGATO,,,REG,PRI,4,ROSA MORALES REYES,2,
,11,GUANAJUATO,,,41,URIANGATO,,,REG,PVEM,1,RAFAEL MURILLO MARTINEZ,1,
,11,GUANAJUATO,,,41,URIANGATO,,,REG,PVEM,2,CLAUDIA ZAMUDIO DIAZ,2,
,11,GUANAJUATO,,,41,URIANGATO,,,REG,MORENA,1,EVA ADILENE VILLAGOMEZ ZAVALA,2,
,11,GUANAJUATO,,,41,URIANGATO,,,REG,MORENA,2,ROGELIO GOMEZ RAMIREZ,1,
,11,GUANAJUATO,,,42,VALLE DE SANTIAGO,,,PRES_MUN,PAN,1,ALEJANDRO ALANIS CHAVEZ,1,
,11,GUANAJUATO,,,42,VALLE DE SANTIAGO,,,SIND,PAN,1,IRENE BORJA PIMENTEL,2,
,11,GUANAJUATO,,,42,VALLE DE SANTIAGO,,,REG,PAN,1,MANUEL NIETO SILVA,1,
,11,GUANAJUATO,,,42,VALLE DE SANTIAGO,,,REG,PAN,2,PAMELA GRANADOS AMBRIZ,2,
,11,GUANAJUATO,,,42,VALLE DE SANTIAGO,,,REG,PAN,3,JOSE RAMIREZ ARREDONDO,1,
,11,GUANAJUATO,,,42,VALLE DE SANTIAGO,,,REG,PRI,1,ANA ALICIA PRIETO GONZALEZ,2,
,11,GUANAJUATO,,,42,VALLE DE SANTIAGO,,,REG,PRD,1,MARIA CATALINA SALAZAR HERNANDEZ,2,
,11,GUANAJUATO,,,42,VALLE DE SANTIAGO,,,REG,MORENA,1,LUIS MANUEL HERRERA MARTINEZ,1,
,11,GUANAJUATO,,,42,VALLE DE SANTIAGO,,,REG,MORENA,2,MARTHA LUCIA NIETO ROBLES,2,
,11,GUANAJUATO,,,42,VALLE DE SANTIAGO,,,REG,MORENA,3,CARLOS FRANCISCO ESTRADA FLORES,1,
,11,GUANAJUATO,,,42,VALLE DE SANTIAGO,,,REG,NA_GTO,1,EMILIO ALBERTO HERNANDEZ LEAL,1,
,11,GUANAJUATO,,,42,VALLE DE SANTIAGO,,,REG,RSP,2,TERESA SAAVEDRA GARCIA,2,
,11,GUANAJUATO,,,43,VICTORIA,,,PRES_MUN,PAN,1,JUAN DIEGO RAMIREZ RINCON,1,
,11,GUANAJUATO,,,43,VICTORIA,,,SIND,PAN,1,CINDY YAQUELINE LOPEZ ESCUDERO,2,
,11,GUANAJUATO,,,43,VICTORIA,,,REG,PAN,1,FRANCISCO DANIEL CORNEJO GARCIA,1,
,11,GUANAJUATO,,,43,VICTORIA,,,REG,PAN,2,MARIA AMPARO RESENDIZ GARCIA,2,
,11,GUANAJUATO,,,43,VICTORIA,,,REG,PAN,3,JOSE ALFONSO ZUÑIGA CHAVERO,1,
,11,GUANAJUATO,,,43,VICTORIA,,,REG,PRI,1,ERIKA SALINAS TREJO,2,
,11,GUANAJUATO,,,43,VICTORIA,,,REG,PRI,2,ARTEMIO CASAS GONZALEZ,1,
,11,GUANAJUATO,,,43,VICTORIA,,,REG,PT,2,VERONICA RINCON MATA,2,
,11,GUANAJUATO,,,43,VICTORIA,,,REG,NA_GTO,1,J MARTIN HERNANDEZ QUIROZ,1,
,11,GUANAJUATO,,,43,VICTORIA,,,REG,NA_GTO,2,MA GUADALUPE ARVIZU OLVERA,2,
,11,GUANAJUATO,,,44,VILLAGRAN,,,PRES_MUN,NA_GTO,1,JUAN LARA MENDOZA,1,
,11,GUANAJUATO,,,44,VILLAGRAN,,,SIND,NA_GTO,1,CARMEN DE LOURDES MIRANDA VARGAS,2,
,11,GUANAJUATO,,,44,VILLAGRAN,,,REG,PAN,1,ROSA MARIA LOPEZ SALINAS,2,
,11,GUANAJUATO,,,44,VILLAGRAN,,,REG,PRD,1,DORA ELIA CUEVAS VILLAGOMEZ,2,
,11,GUANAJUATO,,,44,VILLAGRAN,,,REG,MORENA,1,MARIANA ISABEL CASTRO LERMA,2,
,11,GUANAJUATO,,,44,VILLAGRAN,,,REG,MORENA,2,IVAN MEJIA ARELLANO,1,
,11,GUANAJUATO,,,44,VILLAGRAN,,,REG,NA_GTO,1,RAUL JAMAICA GUTIERREZ,1,
,11,GUANAJUATO,,,44,VILLAGRAN,,,REG,NA_GTO,2,MARIA LUISA VILLAFUERTE,2,
,11,GUANAJUATO,,,44,VILLAGRAN,,,REG,NA_GTO,3,MARTIN ENRIQUEZ RAMIREZ,1,
,11,GUANAJUATO,,,44,VILLAGRAN,,,REG,RSP,1,CARLOS CARRILLO MACIAS,1,
,11,GUANAJUATO,,,45,XICHU,,,PRES_MUN,PRD,1,FRANCISCO OROZCO MARTINEZ,1,
,11,GUANAJUATO,,,45,XICHU,,,SIND,PRD,1,MARIA JUANITA IRIS ORTIZ SANCHEZ,2,
,11,GUANAJUATO,,,45,XICHU,,,REG,PAN,1,MARGARITA DIAZ NIETO,2,
,11,GUANAJUATO,,,45,XICHU,,,REG,PAN,2,FRANCISCO FLORES SOLANO,1,
,11,GUANAJUATO,,,45,XICHU,,,REG,PAN,3,ROSA GLORIA RAMIREZ JIMENEZ,2,
,11,GUANAJUATO,,,45,XICHU,,,REG,PRD,1,GUSTAVO DIAZ RAMIREZ,1,
,11,GUANAJUATO,,,45,XICHU,,,REG,PRD,2,CLAUDIA ELISA SANJUAN RESENDIZ,2,
,11,GUANAJUATO,,,45,XICHU,,,REG,PRD,3,JUSTO ZARATE CASAS,1,
,11,GUANAJUATO,,,45,XICHU,,,REG,PRD,4,MA REMEDIOS SALINAS GONZALEZ,2,
,11,GUANAJUATO,,,45,XICHU,,,REG,MORENA,1,JUAN CARLOS GONZALEZ DIAZ,1,
,11,GUANAJUATO,,,46,YURIRIA,,,PRES_MUN,PVEM,1,MA DE LOS ANGELES LOPEZ BEDOLLA,2,
,11,GUANAJUATO,,,46,YURIRIA,,,SIND,PVEM,1,CIRO ZAVALA AYALA,1,
,11,GUANAJUATO,,,46,YURIRIA,,,REG,PAN,1,MANUEL SALINAS ROMERO,1,
,11,GUANAJUATO,,,46,YURIRIA,,,REG,PAN,2,MA GUADALUPE ZAVALA MEDINA,2,
,11,GUANAJUATO,,,46,YURIRIA,,,REG,PAN,3,SALOMON ZAVALA VEGA,1,
,11,GUANAJUATO,,,46,YURIRIA,,,REG,PRI,1,ADRIAN JUAREZ RAMIREZ,1,
,11,GUANAJUATO,,,46,YURIRIA,,,REG,PRI,2,ELOISA GARCIA SILVA,2,
,11,GUANAJUATO,,,46,YURIRIA,,,REG,PRI,3,EDGAR GONZALEZ GONZALEZ,1,
,11,GUANAJUATO,,,46,YURIRIA,,,REG,PVEM,1,OLGA LIDIA PIZANO OROZCO,2,
,11,GUANAJUATO,,,46,YURIRIA,,,REG,PVEM,2,SALVADOR VILLALOBOS MORALES,1,
,11,GUANAJUATO,,,46,YURIRIA,,,REG,PVEM,3,ROMINA MUNIZ SANCEN,2,
,11,GUANAJUATO,,,46,YURIRIA,,,REG,MORENA,1,YMELDA MARTINEZ TORRES,2,
