ID_ESTADO,NOMBRE_ESTADO,ID_DISTRITO_LOCAL,CABECERA_DISTRITAL_LOCAL,SECCIONES,CASILLAS,ACTAS_CASILLA_MEC,PAN_PRI_PRD,PVEM_PT_MORENA,MC,NUM_VOTOS_VALIDOS,NUM_VOTOS_CAN_NREG,NUM_VOTOS_NULOS,TOTAL_VOTOS,LISTA_NOMINAL,RUTA_ACTA
9,CIUDAD DE MEXICO,0,VOTO EN EL EXTRANJERO,0,12,12,29236,13945,2223,45404,82,387,45873,49886,
9,CIUDAD DE MEXICO,1,GUSTAVO A. MADERO,140,379,379,30810,105429,11743,147982,116,3535,151633,233078,
9,CIUDAD DE MEXICO,2,GUSTAVO A. MADERO,255,485,485,80074,88227,15498,183799,250,3320,187369,259360,
9,CIUDAD DE MEXICO,3,AZCAPOTZALCO,218,444,444,66111,94594,16140,176845,174,2922,179941,249645,
9,CIUDAD DE MEXICO,4,GUSTAVO A. MADERO,227,491,491,58186,109973,16527,184686,182,3998,188866,277604,
9,CIUDAD DE MEXICO,5,AZCAPOTZALCO,207,455,455,77040,89114,16224,182378,193,2853,185424,255515,
9,CIUDAD DE MEXICO,6,GUSTAVO A. MADERO,244,509,509,81426,103048,17918,202392,185,3577,206154,286358,
9,CIUDAD DE MEXICO,7,MILPA ALTA,96,348,348,41404,87558,11134,140096,85,3413,143594,219739,
9,CIUDAD DE MEXICO,8,TLAHUAC,101,342,342,38958,89236,11170,139364,102,2767,142233,218631,
9,CIUDAD DE MEXICO,9,CUAUHTEMOC,187,426,426,66298,81774,14204,162276,209,3574,166059,245607,
9,CIUDAD DE MEXICO,10,VENUSTIANO CARRANZA,208,437,437,70897,88274,14913,174084,127,3202,177413,253453,
9,CIUDAD DE MEXICO,11,IZTACALCO,212,455,455,62949,98095,15683,176727,183,3174,180084,260813,
9,CIUDAD DE MEXICO,12,CUAUHTEMOC,202,435,435,82871,72503,13711,169085,228,2843,172156,247948,
9,CIUDAD DE MEXICO,13,MIGUEL HIDALGO,179,362,362,91017,50469,10315,151801,139,1802,153742,208063,
9,CIUDAD DE MEXICO,14,TLALPAN,169,422,422,71650,89980,13526,175156,202,3195,178553,247560,
9,CIUDAD DE MEXICO,15,IZTACALCO,215,450,450,69536,92125,13735,175396,154,3037,178587,254384,
9,CIUDAD DE MEXICO,16,TLALPAN,99,357,357,46966,88562,11928,147456,110,3319,150885,230442,
9,CIUDAD DE MEXICO,17,BENITO JUAREZ,166,421,421,125023,56538,9832,191393,224,2248,193865,252266,
9,CIUDAD DE MEXICO,18,ALVARO OBREGON,170,413,413,105108,60324,10775,176207,145,2323,178675,239000,
9,CIUDAD DE MEXICO,19,XOCHIMILCO,166,390,390,83185,65852,11713,160750,155,2565,163470,222368,
9,CIUDAD DE MEXICO,20,CUAJIMALPA DE MORELOS,101,367,367,71146,80330,14188,165664,265,2879,168808,233509,
9,CIUDAD DE MEXICO,21,IZTAPALAPA,165,384,384,46358,91574,8779,146711,140,2980,149831,218042,
9,CIUDAD DE MEXICO,22,IZTAPALAPA,149,355,355,34606,92215,8432,135253,105,2745,138103,210644,
9,CIUDAD DE MEXICO,23,ALVARO OBREGON,190,413,413,88032,70248,11806,170086,156,2727,172969,233358,
9,CIUDAD DE MEXICO,24,IZTAPALAPA,197,426,426,66360,88657,11134,166151,171,2789,169111,236763,
9,CIUDAD DE MEXICO,25,XOCHIMILCO,102,382,382,48967,91367,12940,153274,111,3412,156797,246451,
9,CIUDAD DE MEXICO,26,COYOACAN,195,492,492,85896,102485,16999,205380,215,3858,209453,292053,
9,CIUDAD DE MEXICO,27,IZTAPALAPA,113,340,340,18969,101347,5456,125772,71,2648,128491,206910,
9,CIUDAD DE MEXICO,28,IZTAPALAPA,145,368,368,44321,92266,9495,146082,120,2693,148895,220719,
9,CIUDAD DE MEXICO,29,IZTAPALAPA,132,375,375,28691,107618,7386,143695,170,2782,146647,227374,
9,CIUDAD DE MEXICO,30,COYOACAN,208,485,485,110059,82270,14218,206547,186,2946,209679,279969,
9,CIUDAD DE MEXICO,31,IZTAPALAPA,110,335,335,24976,96108,6733,127817,71,2706,130594,205751,
9,CIUDAD DE MEXICO,32,ALVARO OBREGON,151,388,388,54574,88830,12303,155707,123,3118,158948,235118,
9,CIUDAD DE MEXICO,33,LA MAGDALENA CONTRERAS,149,360,360,59891,77162,11243,148296,131,2890,151317,212554,
