CIRCUNSCRIPCION,ID_ESTADO,NOMBRE_ESTADO,ID_DISTRITO,CABECERA_DISTRITAL,ID_MUNICIPIO,MUNICIPIO,SECCION,CASILLAS,PAN,PRI,PRD,PT,PVEM,MC,NVA_ALIANZA,MORENA,ES,PRI_PT_NVA_ALIANZA,PRI_PT,PRI_NVA_ALIANZA,PT_NVA_ALIANZA,CAND_IND9,CAND_IND10,CAND_IND11,CAND_IND12,CAND_IND13,CAND_IND14,CAND_IND15,CAND_IND16,NUM_VOTOS_CAN_NREG,NUM_VOTOS_VALIDOS,NUM_VOTOS_NULOS,TOTAL_VOTOS,LISTA_NOMINAL
,1,AGUASCALIENTES,6,AGUASCALIENTES,1,AGUASCALIENTES,1,3,433,318,22,2,6,69,8,15,6,0,0,0,0,,,361,,,,,,1,1240,26,1267,2027
,1,AGUASCALIENTES,6,AGUASCALIENTES,1,AGUASCALIENTES,10,2,313,170,20,4,12,32,15,19,3,0,0,1,0,,,132,,,,,,0,721,7,728,1188
,1,AGUASCALIENTES,13,AGUASCALIENTES,1,AGUASCALIENTES,100,2,163,197,10,3,5,11,6,9,4,0,0,0,0,,,51,,,,,,0,459,12,471,1112
,1,AGUASCALIENTES,13,AGUASCALIENTES,1,AGUASCALIENTES,101,3,270,176,21,5,23,13,13,28,10,0,1,0,1,,,132,,,,,,2,693,18,713,1537
,1,AGUASCALIENTES,13,AGUASCALIENTES,1,AGUASCALIENTES,102,2,185,165,8,4,18,11,12,13,10,0,1,0,0,,,39,,,,,,0,466,15,481,969
,1,AGUASCALIENTES,13,AGUASCALIENTES,1,AGUASCALIENTES,103,2,153,121,22,4,10,4,7,14,2,0,3,0,2,,,49,,,,,,0,391,19,410,779
,1,AGUASCALIENTES,11,AGUASCALIENTES,1,AGUASCALIENTES,104,1,115,86,11,1,4,2,3,5,5,0,0,0,0,,,18,,,,,,0,250,10,260,521
,1,AGUASCALIENTES,11,AGUASCALIENTES,1,AGUASCALIENTES,105,1,125,119,13,5,2,4,23,16,3,0,0,3,0,,,26,,,,,,0,339,11,350,595
,1,AGUASCALIENTES,11,AGUASCALIENTES,1,AGUASCALIENTES,106,2,277,131,26,1,6,11,28,20,4,0,0,1,0,,,62,,,,,,0,567,18,585,1176
,1,AGUASCALIENTES,11,AGUASCALIENTES,1,AGUASCALIENTES,107,2,246,138,23,6,10,7,18,12,6,0,0,1,0,,,55,,,,,,0,522,15,537,1096
,1,AGUASCALIENTES,11,AGUASCALIENTES,1,AGUASCALIENTES,108,2,191,112,10,6,13,7,36,16,3,0,2,1,0,,,61,,,,,,0,458,22,480,962
,1,AGUASCALIENTES,11,AGUASCALIENTES,1,AGUASCALIENTES,109,2,247,172,13,5,10,11,28,25,2,1,0,1,0,,,71,,,,,,1,586,14,601,1151
,1,AGUASCALIENTES,6,AGUASCALIENTES,1,AGUASCALIENTES,11,2,311,152,23,5,11,18,7,17,8,0,0,1,0,,,105,,,,,,0,658,25,683,1261
,1,AGUASCALIENTES,11,AGUASCALIENTES,1,AGUASCALIENTES,110,1,73,76,8,3,4,6,9,12,1,0,1,0,0,,,40,,,,,,0,233,9,242,462
,1,AGUASCALIENTES,11,AGUASCALIENTES,1,AGUASCALIENTES,111,2,192,172,19,10,8,7,19,23,3,2,0,1,0,,,47,,,,,,0,503,17,520,1002
,1,AGUASCALIENTES,11,AGUASCALIENTES,1,AGUASCALIENTES,112,2,272,143,27,1,10,5,7,20,8,0,0,0,0,,,109,,,,,,1,602,10,613,1176
,1,AGUASCALIENTES,13,AGUASCALIENTES,1,AGUASCALIENTES,113,2,252,123,19,2,10,12,16,29,5,0,0,0,0,,,133,,,,,,1,601,15,617,1036
,1,AGUASCALIENTES,13,AGUASCALIENTES,1,AGUASCALIENTES,114,2,183,121,25,1,11,9,8,16,13,0,0,0,0,,,95,,,,,,0,482,21,503,895
,1,AGUASCALIENTES,13,AGUASCALIENTES,1,AGUASCALIENTES,115,2,234,194,26,3,13,8,9,15,5,2,1,3,0,,,82,,,,,,0,595,20,615,1176
,1,AGUASCALIENTES,13,AGUASCALIENTES,1,AGUASCALIENTES,116,12,1439,1037,142,35,65,64,105,141,64,0,2,1,0,,,579,,,,,,1,3674,98,3773,8788
,1,AGUASCALIENTES,13,AGUASCALIENTES,1,AGUASCALIENTES,117,3,281,282,20,6,9,6,19,18,11,0,0,0,0,,,94,,,,,,0,746,31,777,1615
,1,AGUASCALIENTES,13,AGUASCALIENTES,1,AGUASCALIENTES,118,9,1059,818,104,18,44,44,47,126,57,0,2,0,0,,,504,,,,,,6,2823,78,2907,6224
,1,AGUASCALIENTES,13,AGUASCALIENTES,1,AGUASCALIENTES,119,6,898,459,84,15,24,62,36,112,26,2,0,3,0,,,510,,,,,,0,2231,54,2285,3959
,1,AGUASCALIENTES,6,AGUASCALIENTES,1,AGUASCALIENTES,12,2,226,128,17,2,1,8,11,11,7,1,0,0,0,,,111,,,,,,1,523,8,532,857
,1,AGUASCALIENTES,11,AGUASCALIENTES,1,AGUASCALIENTES,120,2,154,122,9,7,5,7,4,14,10,2,0,2,0,,,41,,,,,,0,377,17,394,755
,1,AGUASCALIENTES,11,AGUASCALIENTES,1,AGUASCALIENTES,121,1,150,90,8,1,3,5,7,13,3,0,0,0,0,,,54,,,,,,0,334,7,341,595
,1,AGUASCALIENTES,13,AGUASCALIENTES,1,AGUASCALIENTES,122,2,231,134,11,2,8,11,9,23,6,0,1,0,0,,,65,,,,,,1,501,17,519,1057
,1,AGUASCALIENTES,11,AGUASCALIENTES,1,AGUASCALIENTES,123,1,119,67,16,1,9,3,7,18,7,0,0,0,0,,,65,,,,,,0,312,13,325,650
,1,AGUASCALIENTES,11,AGUASCALIENTES,1,AGUASCALIENTES,124,1,125,66,4,1,4,8,4,6,6,0,0,0,0,,,54,,,,,,1,278,6,285,493
,1,AGUASCALIENTES,14,AGUASCALIENTES,1,AGUASCALIENTES,125,2,219,177,18,6,12,8,10,22,10,0,1,0,0,,,84,,,,,,2,567,21,590,1038
,1,AGUASCALIENTES,15,AGUASCALIENTES,1,AGUASCALIENTES,126,4,489,450,33,17,16,20,62,36,21,4,1,1,0,,,213,,,,,,0,1363,37,1400,1893
,1,AGUASCALIENTES,15,AGUASCALIENTES,1,AGUASCALIENTES,127,2,213,216,41,2,10,10,24,27,6,0,0,0,0,,,107,,,,,,2,656,27,685,1298
,1,AGUASCALIENTES,15,AGUASCALIENTES,1,AGUASCALIENTES,128,2,142,148,24,4,8,8,3,56,14,1,0,1,0,,,58,,,,,,0,467,17,484,874
,1,AGUASCALIENTES,15,AGUASCALIENTES,1,AGUASCALIENTES,129,2,133,145,30,6,10,8,15,64,10,1,0,0,0,,,112,,,,,,0,534,26,560,943
,1,AGUASCALIENTES,6,AGUASCALIENTES,1,AGUASCALIENTES,13,2,176,113,28,5,7,12,18,30,5,0,0,0,0,,,106,,,,,,0,500,10,510,819
,1,AGUASCALIENTES,15,AGUASCALIENTES,1,AGUASCALIENTES,130,2,239,212,33,9,11,9,19,35,24,3,1,2,0,,,97,,,,,,0,694,20,714,1415
,1,AGUASCALIENTES,15,AGUASCALIENTES,1,AGUASCALIENTES,131,2,201,140,31,5,8,12,17,39,18,0,0,0,0,,,61,,,,,,0,532,17,549,1014
,1,AGUASCALIENTES,15,AGUASCALIENTES,1,AGUASCALIENTES,132,2,190,116,40,60,6,9,7,26,8,0,1,2,0,,,71,,,,,,0,536,11,547,988
,1,AGUASCALIENTES,15,AGUASCALIENTES,1,AGUASCALIENTES,133,2,211,189,30,3,8,7,12,21,8,0,0,0,0,,,105,,,,,,0,594,16,610,1147
,1,AGUASCALIENTES,15,AGUASCALIENTES,1,AGUASCALIENTES,134,2,137,130,20,7,8,10,16,32,10,0,0,0,0,,,53,,,,,,0,423,14,437,825
,1,AGUASCALIENTES,15,AGUASCALIENTES,1,AGUASCALIENTES,135,2,221,178,37,8,11,7,23,23,18,0,0,1,0,,,113,,,,,,0,640,18,658,1237
,1,AGUASCALIENTES,15,AGUASCALIENTES,1,AGUASCALIENTES,136,3,364,223,59,10,16,12,32,21,4,0,0,0,0,,,94,,,,,,0,835,29,864,1762
,1,AGUASCALIENTES,15,AGUASCALIENTES,1,AGUASCALIENTES,137,1,62,59,7,3,5,3,4,9,9,0,0,0,0,,,20,,,,,,0,181,7,188,439
,1,AGUASCALIENTES,14,AGUASCALIENTES,1,AGUASCALIENTES,138,2,268,182,17,1,9,8,10,28,7,0,0,1,0,,,135,,,,,,3,666,20,689,1329
,1,AGUASCALIENTES,14,AGUASCALIENTES,1,AGUASCALIENTES,139,2,164,131,8,5,10,7,8,15,6,0,0,0,0,,,51,,,,,,0,405,19,424,884
,1,AGUASCALIENTES,6,AGUASCALIENTES,1,AGUASCALIENTES,14,2,203,126,26,3,8,16,6,18,6,1,0,0,0,,,111,,,,,,1,524,17,542,940
,1,AGUASCALIENTES,14,AGUASCALIENTES,1,AGUASCALIENTES,140,2,220,169,24,4,9,16,6,11,8,2,0,0,0,,,63,,,,,,0,532,11,543,869
,1,AGUASCALIENTES,11,AGUASCALIENTES,1,AGUASCALIENTES,141,2,216,143,22,5,4,7,25,19,1,0,1,0,0,,,62,,,,,,0,505,12,517,982
,1,AGUASCALIENTES,11,AGUASCALIENTES,1,AGUASCALIENTES,142,2,200,133,16,1,9,8,20,15,7,0,0,1,0,,,79,,,,,,0,489,12,501,803
,1,AGUASCALIENTES,14,AGUASCALIENTES,1,AGUASCALIENTES,143,2,174,135,19,7,4,6,14,13,5,1,1,2,0,,,58,,,,,,2,439,17,458,854
,1,AGUASCALIENTES,14,AGUASCALIENTES,1,AGUASCALIENTES,144,2,171,167,18,2,10,8,5,17,2,1,0,0,0,,,66,,,,,,0,467,12,479,884
,1,AGUASCALIENTES,14,AGUASCALIENTES,1,AGUASCALIENTES,145,1,149,123,12,2,6,9,9,24,8,0,1,0,0,,,82,,,,,,0,425,11,436,698
,1,AGUASCALIENTES,14,AGUASCALIENTES,1,AGUASCALIENTES,146,2,216,193,17,7,15,4,13,15,5,0,1,0,0,,,58,,,,,,0,544,19,563,1124
,1,AGUASCALIENTES,14,AGUASCALIENTES,1,AGUASCALIENTES,147,2,168,200,21,8,14,7,7,19,4,0,0,0,0,,,43,,,,,,0,491,19,510,1060
,1,AGUASCALIENTES,14,AGUASCALIENTES,1,AGUASCALIENTES,148,2,280,167,24,14,10,7,9,22,8,0,0,0,0,,,77,,,,,,0,618,27,645,1420
,1,AGUASCALIENTES,14,AGUASCALIENTES,1,AGUASCALIENTES,149,5,738,503,85,13,24,38,59,121,31,0,2,2,0,,,416,,,,,,3,2032,59,2094,3710
,1,AGUASCALIENTES,6,AGUASCALIENTES,1,AGUASCALIENTES,15,2,212,96,16,4,18,30,13,12,3,0,0,0,0,,,69,,,,,,0,473,14,487,1020
,1,AGUASCALIENTES,15,AGUASCALIENTES,1,AGUASCALIENTES,150,2,115,121,18,7,9,6,24,54,29,0,2,0,0,,,70,,,,,,0,455,21,476,852
,1,AGUASCALIENTES,15,AGUASCALIENTES,1,AGUASCALIENTES,151,1,120,81,15,0,2,3,14,16,12,1,0,1,0,,,55,,,,,,0,320,12,332,686
,1,AGUASCALIENTES,15,AGUASCALIENTES,1,AGUASCALIENTES,152,4,467,347,49,17,20,14,33,59,38,2,0,3,0,,,129,,,,,,0,1178,33,1211,2803
,1,AGUASCALIENTES,15,AGUASCALIENTES,1,AGUASCALIENTES,153,2,187,118,24,5,6,7,20,42,25,0,0,0,0,,,135,,,,,,0,569,22,591,961
,1,AGUASCALIENTES,15,AGUASCALIENTES,1,AGUASCALIENTES,154,3,275,194,37,13,16,3,17,14,9,8,0,6,0,,,33,,,,,,20,625,26,671,1592
,1,AGUASCALIENTES,15,AGUASCALIENTES,1,AGUASCALIENTES,155,14,1525,1272,160,40,73,56,94,119,83,122,4,3,1,,,465,,,,,,3,4017,110,4130,10134
,1,AGUASCALIENTES,14,AGUASCALIENTES,1,AGUASCALIENTES,156,17,2223,1608,208,43,81,102,103,203,85,6,3,2,0,,,1133,,,,,,4,5800,146,5950,12060
,1,AGUASCALIENTES,14,AGUASCALIENTES,1,AGUASCALIENTES,157,2,139,146,43,5,5,5,9,9,2,1,1,0,0,,,31,,,,,,0,396,14,410,951
,1,AGUASCALIENTES,14,AGUASCALIENTES,1,AGUASCALIENTES,158,1,58,41,9,1,2,2,5,10,3,0,0,0,0,,,39,,,,,,0,170,0,170,355
,1,AGUASCALIENTES,14,AGUASCALIENTES,1,AGUASCALIENTES,159,1,156,120,21,5,4,9,9,18,5,1,1,0,0,,,65,,,,,,0,414,15,429,656
,1,AGUASCALIENTES,6,AGUASCALIENTES,1,AGUASCALIENTES,16,2,187,92,6,4,4,7,3,8,3,0,0,0,0,,,61,,,,,,0,375,10,385,844
,1,AGUASCALIENTES,14,AGUASCALIENTES,1,AGUASCALIENTES,160,2,157,153,33,2,8,12,15,25,9,0,0,0,0,,,101,,,,,,0,515,15,530,954
,1,AGUASCALIENTES,18,AGUASCALIENTES,1,AGUASCALIENTES,161,8,957,651,117,17,39,81,34,119,41,0,2,0,0,,,652,,,,,,3,2710,56,2769,5255
,1,AGUASCALIENTES,18,AGUASCALIENTES,1,AGUASCALIENTES,162,2,197,85,6,8,13,6,8,23,7,0,0,0,0,,,44,,,,,,0,397,17,414,921
,1,AGUASCALIENTES,18,AGUASCALIENTES,1,AGUASCALIENTES,163,1,131,87,8,17,9,6,3,5,4,0,0,0,0,,,34,,,,,,0,304,9,313,693
,1,AGUASCALIENTES,14,AGUASCALIENTES,1,AGUASCALIENTES,164,9,1273,786,145,20,56,84,71,151,57,1,1,0,1,,,807,,,,,,2,3453,89,3544,6363
,1,AGUASCALIENTES,14,AGUASCALIENTES,1,AGUASCALIENTES,165,2,288,139,21,5,10,13,12,29,16,0,0,0,0,,,125,,,,,,0,658,4,662,1399
,1,AGUASCALIENTES,14,AGUASCALIENTES,1,AGUASCALIENTES,167,1,153,63,12,5,8,6,6,31,5,1,0,0,0,,,78,,,,,,0,368,12,380,735
,1,AGUASCALIENTES,14,AGUASCALIENTES,1,AGUASCALIENTES,168,4,497,347,54,22,20,19,32,59,36,1,0,0,0,,,331,,,,,,0,1418,44,1462,2753
,1,AGUASCALIENTES,14,AGUASCALIENTES,1,AGUASCALIENTES,169,3,357,261,41,13,20,18,14,39,17,1,0,0,0,,,163,,,,,,0,944,15,959,2060
,1,AGUASCALIENTES,6,AGUASCALIENTES,1,AGUASCALIENTES,17,2,278,105,10,3,11,16,15,10,5,0,0,1,0,,,70,,,,,,1,524,15,540,1078
,1,AGUASCALIENTES,14,AGUASCALIENTES,1,AGUASCALIENTES,170,4,438,327,56,12,14,15,18,48,16,1,0,0,0,,,177,,,,,,0,1122,45,1167,2532
,1,AGUASCALIENTES,17,AGUASCALIENTES,1,AGUASCALIENTES,171,1,132,82,16,0,2,13,7,6,3,0,0,1,0,,,0,,,,,,0,262,0,262,637
,1,AGUASCALIENTES,17,AGUASCALIENTES,1,AGUASCALIENTES,172,1,147,113,12,0,2,15,7,8,2,0,0,0,0,,,0,,,,,,0,306,0,306,707
,1,AGUASCALIENTES,17,AGUASCALIENTES,1,AGUASCALIENTES,173,1,102,76,5,1,0,6,4,9,1,0,0,0,0,,,48,,,,,,0,252,7,259,503
,1,AGUASCALIENTES,17,AGUASCALIENTES,1,AGUASCALIENTES,174,2,229,146,11,0,8,8,2,14,3,0,0,0,0,,,0,,,,,,0,421,0,421,1001
,1,AGUASCALIENTES,17,AGUASCALIENTES,1,AGUASCALIENTES,175,2,256,132,12,3,8,9,7,3,4,0,0,0,0,,,0,,,,,,1,434,0,435,831
,1,AGUASCALIENTES,17,AGUASCALIENTES,1,AGUASCALIENTES,176,1,124,64,11,0,2,4,4,5,0,0,0,0,0,,,0,,,,,,0,214,0,214,442
,1,AGUASCALIENTES,17,AGUASCALIENTES,1,AGUASCALIENTES,177,1,212,89,21,1,4,32,3,13,1,0,0,0,0,,,0,,,,,,0,376,0,376,730
,1,AGUASCALIENTES,17,AGUASCALIENTES,1,AGUASCALIENTES,178,1,134,112,13,1,5,12,3,16,4,0,0,0,0,,,0,,,,,,0,300,0,300,696
,1,AGUASCALIENTES,17,AGUASCALIENTES,1,AGUASCALIENTES,179,2,158,101,20,5,4,32,0,18,5,0,0,0,0,,,24,,,,,,0,367,6,373,873
,1,AGUASCALIENTES,6,AGUASCALIENTES,1,AGUASCALIENTES,18,2,258,124,16,3,9,20,9,9,16,0,1,0,0,,,96,,,,,,0,561,30,591,1082
,1,AGUASCALIENTES,11,AGUASCALIENTES,1,AGUASCALIENTES,180,1,95,107,11,2,2,6,4,9,4,0,0,0,0,,,37,,,,,,0,277,9,286,503
,1,AGUASCALIENTES,11,AGUASCALIENTES,1,AGUASCALIENTES,181,1,145,99,10,2,8,5,7,13,5,0,0,0,0,,,51,,,,,,0,345,14,359,628
,1,AGUASCALIENTES,11,AGUASCALIENTES,1,AGUASCALIENTES,182,1,124,87,13,3,9,10,3,14,2,0,0,0,0,,,58,,,,,,0,323,10,333,581
,1,AGUASCALIENTES,11,AGUASCALIENTES,1,AGUASCALIENTES,183,1,77,68,7,5,5,10,2,14,6,0,0,0,0,,,22,,,,,,0,216,7,223,406
,1,AGUASCALIENTES,11,AGUASCALIENTES,1,AGUASCALIENTES,184,2,199,132,8,2,11,14,9,15,4,0,0,1,0,,,26,,,,,,0,421,6,427,829
,1,AGUASCALIENTES,11,AGUASCALIENTES,1,AGUASCALIENTES,185,1,53,76,6,0,3,10,4,6,1,0,0,1,0,,,23,,,,,,0,183,12,195,362
,1,AGUASCALIENTES,11,AGUASCALIENTES,1,AGUASCALIENTES,186,1,60,51,3,7,3,4,7,9,4,0,0,2,0,,,32,,,,,,1,182,9,192,393
,1,AGUASCALIENTES,11,AGUASCALIENTES,1,AGUASCALIENTES,187,1,139,69,14,4,6,3,10,17,3,0,0,0,0,,,39,,,,,,0,304,12,316,653
,1,AGUASCALIENTES,11,AGUASCALIENTES,1,AGUASCALIENTES,188,2,260,182,19,3,10,11,11,16,9,0,0,1,0,,,99,,,,,,0,621,26,647,1142
,1,AGUASCALIENTES,11,AGUASCALIENTES,1,AGUASCALIENTES,189,2,276,179,40,8,2,9,12,18,7,37,1,1,0,,,77,,,,,,1,667,8,676,1085
,1,AGUASCALIENTES,10,AGUASCALIENTES,1,AGUASCALIENTES,19,2,226,164,10,4,5,14,17,19,4,5,0,0,0,,,111,,,,,,1,579,16,596,1036
,1,AGUASCALIENTES,11,AGUASCALIENTES,1,AGUASCALIENTES,190,3,316,187,31,2,12,27,15,34,10,1,1,1,0,,,151,,,,,,0,788,15,803,1522
,1,AGUASCALIENTES,11,AGUASCALIENTES,1,AGUASCALIENTES,191,1,96,89,13,0,5,10,11,11,5,0,0,1,0,,,35,,,,,,0,276,10,286,569
,1,AGUASCALIENTES,11,AGUASCALIENTES,1,AGUASCALIENTES,192,2,185,80,14,4,9,6,62,8,3,0,1,5,0,,,64,,,,,,0,441,13,454,969
,1,AGUASCALIENTES,11,AGUASCALIENTES,1,AGUASCALIENTES,193,2,166,172,17,2,6,6,11,16,5,2,0,0,0,,,48,,,,,,0,451,11,462,874
,1,AGUASCALIENTES,11,AGUASCALIENTES,1,AGUASCALIENTES,194,3,384,254,30,3,16,11,37,31,10,1,0,2,0,,,137,,,,,,0,916,28,944,1796
,1,AGUASCALIENTES,11,AGUASCALIENTES,1,AGUASCALIENTES,195,2,267,128,18,2,10,22,11,17,4,0,2,0,0,,,78,,,,,,0,559,12,571,1009
,1,AGUASCALIENTES,11,AGUASCALIENTES,1,AGUASCALIENTES,196,1,176,90,12,2,5,4,7,23,6,0,0,0,0,,,51,,,,,,0,376,11,387,689
,1,AGUASCALIENTES,11,AGUASCALIENTES,1,AGUASCALIENTES,197,2,241,99,20,1,13,14,4,15,8,0,0,0,0,,,66,,,,,,0,481,9,490,800
,1,AGUASCALIENTES,17,AGUASCALIENTES,1,AGUASCALIENTES,198,1,106,105,12,0,0,5,3,11,2,0,0,7,0,,,0,,,,,,0,251,0,251,617
,1,AGUASCALIENTES,17,AGUASCALIENTES,1,AGUASCALIENTES,199,1,130,113,7,1,2,4,4,13,5,0,1,1,0,,,36,,,,,,3,317,8,328,603
,1,AGUASCALIENTES,6,AGUASCALIENTES,1,AGUASCALIENTES,2,2,163,187,7,3,7,11,8,11,6,0,1,0,0,,,78,,,,,,0,482,16,498,933
,1,AGUASCALIENTES,10,AGUASCALIENTES,1,AGUASCALIENTES,20,2,269,147,29,0,2,17,9,26,5,0,0,0,0,,,130,,,,,,0,634,7,641,1124
,1,AGUASCALIENTES,11,AGUASCALIENTES,1,AGUASCALIENTES,200,2,243,128,24,3,16,20,6,19,3,0,0,0,0,,,91,,,,,,1,553,19,573,989
,1,AGUASCALIENTES,11,AGUASCALIENTES,1,AGUASCALIENTES,201,2,235,143,26,3,10,13,1,12,4,0,1,0,0,,,94,,,,,,1,542,8,551,885
,1,AGUASCALIENTES,11,AGUASCALIENTES,1,AGUASCALIENTES,202,2,159,70,10,2,17,3,16,12,6,0,2,0,0,,,30,,,,,,0,327,11,338,786
,1,AGUASCALIENTES,11,AGUASCALIENTES,1,AGUASCALIENTES,203,1,121,114,12,2,7,6,8,22,5,0,1,0,0,,,38,,,,,,0,336,12,348,698
,1,AGUASCALIENTES,11,AGUASCALIENTES,1,AGUASCALIENTES,204,2,216,192,15,1,7,6,77,11,5,1,1,5,0,,,30,,,,,,0,567,12,579,1058
,1,AGUASCALIENTES,11,AGUASCALIENTES,1,AGUASCALIENTES,205,2,191,186,13,4,20,6,17,13,9,0,0,0,0,,,48,,,,,,1,507,12,520,946
,1,AGUASCALIENTES,11,AGUASCALIENTES,1,AGUASCALIENTES,206,1,74,80,13,1,7,4,25,7,2,0,0,0,0,,,28,,,,,,0,241,13,254,502
,1,AGUASCALIENTES,11,AGUASCALIENTES,1,AGUASCALIENTES,207,2,215,156,8,9,9,6,27,19,3,0,0,0,0,,,36,,,,,,0,488,18,506,1060
,1,AGUASCALIENTES,11,AGUASCALIENTES,1,AGUASCALIENTES,208,2,312,232,26,6,14,24,7,21,5,0,0,0,0,,,178,,,,,,1,825,24,850,1336
,1,AGUASCALIENTES,11,AGUASCALIENTES,1,AGUASCALIENTES,209,2,261,192,10,2,10,39,7,26,4,0,0,0,0,,,183,,,,,,0,734,9,743,1078
,1,AGUASCALIENTES,10,AGUASCALIENTES,1,AGUASCALIENTES,21,2,291,145,16,4,13,14,12,19,2,1,1,0,0,,,73,,,,,,0,591,14,605,1252
,1,AGUASCALIENTES,11,AGUASCALIENTES,1,AGUASCALIENTES,210,2,249,219,17,1,8,17,3,24,2,0,0,0,0,,,209,,,,,,0,749,17,766,1235
,1,AGUASCALIENTES,11,AGUASCALIENTES,1,AGUASCALIENTES,211,1,133,88,14,1,8,3,7,5,4,0,0,0,0,,,0,,,,,,0,263,11,274,595
,1,AGUASCALIENTES,11,AGUASCALIENTES,1,AGUASCALIENTES,212,1,136,82,17,4,5,9,6,7,6,0,0,0,0,,,57,,,,,,0,329,21,350,683
,1,AGUASCALIENTES,11,AGUASCALIENTES,1,AGUASCALIENTES,213,1,153,88,12,3,12,5,6,8,8,0,0,0,0,,,48,,,,,,0,343,36,379,699
,1,AGUASCALIENTES,17,AGUASCALIENTES,1,AGUASCALIENTES,214,2,290,159,13,2,6,21,4,7,4,1,0,0,0,,,61,,,,,,0,568,7,575,983
,1,AGUASCALIENTES,17,AGUASCALIENTES,1,AGUASCALIENTES,215,2,351,145,26,2,4,24,7,17,7,0,0,1,0,,,0,,,,,,0,584,0,584,1147
,1,AGUASCALIENTES,17,AGUASCALIENTES,1,AGUASCALIENTES,216,2,211,107,13,0,3,17,1,23,4,0,0,0,0,,,0,,,,,,0,379,0,379,858
,1,AGUASCALIENTES,17,AGUASCALIENTES,1,AGUASCALIENTES,217,2,217,137,10,7,14,26,10,14,2,0,0,1,0,,,45,,,,,,0,483,8,491,954
,1,AGUASCALIENTES,17,AGUASCALIENTES,1,AGUASCALIENTES,218,5,595,316,52,8,14,50,10,56,9,0,1,0,0,,,98,,,,,,0,1209,20,1229,1536
,1,AGUASCALIENTES,17,AGUASCALIENTES,1,AGUASCALIENTES,219,1,164,103,27,3,5,12,2,8,9,0,0,0,0,,,0,,,,,,0,333,0,333,749
,1,AGUASCALIENTES,10,AGUASCALIENTES,1,AGUASCALIENTES,22,1,160,100,11,0,1,3,6,5,3,0,0,0,0,,,47,,,,,,0,336,9,345,744
,1,AGUASCALIENTES,17,AGUASCALIENTES,1,AGUASCALIENTES,220,2,299,134,26,0,7,22,4,25,9,0,0,0,0,,,0,,,,,,0,526,0,526,1219
,1,AGUASCALIENTES,17,AGUASCALIENTES,1,AGUASCALIENTES,221,2,253,127,19,3,6,10,8,31,4,0,0,0,0,,,73,,,,,,0,534,3,537,975
,1,AGUASCALIENTES,17,AGUASCALIENTES,1,AGUASCALIENTES,222,2,312,166,36,4,6,24,3,19,15,0,0,1,0,,,0,,,,,,0,586,0,586,1379
,1,AGUASCALIENTES,17,AGUASCALIENTES,1,AGUASCALIENTES,223,1,161,82,14,4,3,10,4,11,3,0,0,0,0,,,0,,,,,,0,292,0,292,717
,1,AGUASCALIENTES,17,AGUASCALIENTES,1,AGUASCALIENTES,224,2,259,146,29,5,5,23,11,25,15,0,0,0,0,,,0,,,,,,0,518,0,518,1097
,1,AGUASCALIENTES,17,AGUASCALIENTES,1,AGUASCALIENTES,225,2,239,159,40,2,6,31,3,32,5,0,0,0,0,,,0,,,,,,0,517,0,517,1003
,1,AGUASCALIENTES,17,AGUASCALIENTES,1,AGUASCALIENTES,226,2,216,119,26,3,12,12,5,11,4,0,0,0,0,,,71,,,,,,0,479,12,491,918
,1,AGUASCALIENTES,17,AGUASCALIENTES,1,AGUASCALIENTES,227,1,108,107,10,3,5,9,6,10,2,0,0,0,0,,,0,,,,,,0,260,0,260,748
,1,AGUASCALIENTES,17,AGUASCALIENTES,1,AGUASCALIENTES,228,2,135,112,15,4,6,13,3,12,8,0,0,0,0,,,0,,,,,,0,308,0,308,788
,1,AGUASCALIENTES,17,AGUASCALIENTES,1,AGUASCALIENTES,229,2,165,122,19,4,5,8,11,32,3,0,0,0,0,,,69,,,,,,0,438,12,450,768
,1,AGUASCALIENTES,10,AGUASCALIENTES,1,AGUASCALIENTES,23,2,293,105,12,2,13,10,11,18,5,0,0,1,0,,,52,,,,,,0,522,18,540,996
,1,AGUASCALIENTES,17,AGUASCALIENTES,1,AGUASCALIENTES,230,2,323,159,40,4,6,11,13,23,9,0,0,0,0,,,0,,,,,,0,588,0,588,1275
,1,AGUASCALIENTES,17,AGUASCALIENTES,1,AGUASCALIENTES,231,2,326,139,33,2,11,20,8,26,16,0,0,0,0,,,0,,,,,,1,581,0,582,1385
,1,AGUASCALIENTES,17,AGUASCALIENTES,1,AGUASCALIENTES,232,2,161,83,16,7,5,7,12,29,8,1,0,0,0,,,45,,,,,,0,374,8,382,763
,1,AGUASCALIENTES,17,AGUASCALIENTES,1,AGUASCALIENTES,233,2,192,103,18,6,7,4,2,11,9,0,0,1,1,,,19,,,,,,0,373,8,381,925
,1,AGUASCALIENTES,17,AGUASCALIENTES,1,AGUASCALIENTES,234,2,162,60,10,4,10,4,7,13,1,0,0,2,0,,,0,,,,,,9,273,16,298,792
,1,AGUASCALIENTES,17,AGUASCALIENTES,1,AGUASCALIENTES,235,1,133,79,6,0,0,1,2,7,4,0,0,0,0,,,0,,,,,,0,232,0,232,650
,1,AGUASCALIENTES,17,AGUASCALIENTES,1,AGUASCALIENTES,236,2,237,148,34,9,7,3,7,29,18,0,0,0,0,,,0,,,,,,1,492,0,493,1198
,1,AGUASCALIENTES,17,AGUASCALIENTES,1,AGUASCALIENTES,237,2,123,114,18,10,11,3,3,10,6,0,0,0,0,,,0,,,,,,0,298,0,298,813
,1,AGUASCALIENTES,17,AGUASCALIENTES,1,AGUASCALIENTES,238,2,158,144,11,3,10,7,5,17,8,0,0,0,0,,,40,,,,,,0,403,12,415,802
,1,AGUASCALIENTES,17,AGUASCALIENTES,1,AGUASCALIENTES,239,2,132,93,14,1,12,4,5,24,5,0,1,1,0,,,12,,,,,,0,304,11,315,828
,1,AGUASCALIENTES,10,AGUASCALIENTES,1,AGUASCALIENTES,24,1,142,91,16,3,5,4,3,10,7,0,0,0,0,,,17,,,,,,0,298,7,305,612
,1,AGUASCALIENTES,17,AGUASCALIENTES,1,AGUASCALIENTES,240,1,103,110,14,1,1,1,5,13,4,0,0,0,0,,,0,,,,,,0,252,0,252,696
,1,AGUASCALIENTES,17,AGUASCALIENTES,1,AGUASCALIENTES,241,1,119,121,8,0,6,3,3,8,4,0,0,0,0,,,46,,,,,,0,318,9,327,624
,1,AGUASCALIENTES,17,AGUASCALIENTES,1,AGUASCALIENTES,242,1,127,79,3,3,3,6,3,15,4,0,0,0,0,,,39,,,,,,0,282,5,287,604
,1,AGUASCALIENTES,17,AGUASCALIENTES,1,AGUASCALIENTES,243,2,258,118,10,6,14,15,10,20,14,1,2,0,0,,,69,,,,,,0,537,12,549,1252
,1,AGUASCALIENTES,17,AGUASCALIENTES,1,AGUASCALIENTES,244,2,168,143,15,6,14,4,6,20,8,0,1,0,0,,,23,,,,,,0,408,8,416,1126
,1,AGUASCALIENTES,17,AGUASCALIENTES,1,AGUASCALIENTES,245,2,169,111,15,2,11,4,1,14,6,0,0,0,0,,,0,,,,,,0,333,0,333,884
,1,AGUASCALIENTES,9,AGUASCALIENTES,1,AGUASCALIENTES,246,2,173,144,27,2,10,3,7,9,5,0,11,0,0,,,19,,,,,,0,410,19,429,984
,1,AGUASCALIENTES,9,AGUASCALIENTES,1,AGUASCALIENTES,247,2,154,134,21,10,11,5,10,13,5,0,19,0,0,,,11,,,,,,0,393,13,406,914
,1,AGUASCALIENTES,9,AGUASCALIENTES,1,AGUASCALIENTES,248,2,100,128,29,5,12,1,9,16,5,1,24,0,0,,,0,,,,,,0,330,14,344,801
,1,AGUASCALIENTES,9,AGUASCALIENTES,1,AGUASCALIENTES,249,2,209,139,46,3,13,1,13,14,13,1,17,0,1,,,19,,,,,,0,489,19,508,1225
,1,AGUASCALIENTES,10,AGUASCALIENTES,1,AGUASCALIENTES,25,2,229,90,18,2,7,19,6,16,3,0,0,1,1,,,44,,,,,,0,436,11,447,886
,1,AGUASCALIENTES,9,AGUASCALIENTES,1,AGUASCALIENTES,250,2,179,115,17,10,14,8,3,6,8,1,9,2,0,,,0,,,,,,0,372,12,384,911
,1,AGUASCALIENTES,9,AGUASCALIENTES,1,AGUASCALIENTES,251,2,271,139,26,15,8,3,7,17,9,0,0,0,0,,,23,,,,,,4,518,18,540,1041
,1,AGUASCALIENTES,9,AGUASCALIENTES,1,AGUASCALIENTES,252,2,156,96,29,19,18,6,8,16,2,0,3,0,0,,,13,,,,,,0,366,16,382,1033
,1,AGUASCALIENTES,9,AGUASCALIENTES,1,AGUASCALIENTES,253,2,188,115,14,3,4,7,6,17,7,1,12,5,0,,,0,,,,,,0,379,9,388,915
,1,AGUASCALIENTES,9,AGUASCALIENTES,1,AGUASCALIENTES,254,2,143,120,14,5,10,3,7,10,9,0,7,0,0,,,8,,,,,,0,336,9,345,880
,1,AGUASCALIENTES,9,AGUASCALIENTES,1,AGUASCALIENTES,255,2,120,123,33,6,21,2,7,9,12,0,26,0,2,,,0,,,,,,1,361,12,374,806
,1,AGUASCALIENTES,9,AGUASCALIENTES,1,AGUASCALIENTES,256,2,203,141,16,5,8,2,9,18,5,0,23,0,1,,,0,,,,,,1,431,10,442,1017
,1,AGUASCALIENTES,9,AGUASCALIENTES,1,AGUASCALIENTES,257,5,587,426,64,12,27,31,28,36,31,0,105,0,0,,,83,,,,,,0,1430,44,1474,3403
,1,AGUASCALIENTES,9,AGUASCALIENTES,1,AGUASCALIENTES,258,2,203,189,14,6,13,9,3,14,1,0,41,0,0,,,31,,,,,,0,524,21,545,1248
,1,AGUASCALIENTES,18,AGUASCALIENTES,1,AGUASCALIENTES,259,1,106,48,5,7,9,2,4,2,6,0,0,0,0,,,17,,,,,,2,206,4,212,454
,1,AGUASCALIENTES,10,AGUASCALIENTES,1,AGUASCALIENTES,26,2,327,136,19,5,10,13,15,22,19,0,1,1,0,,,83,,,,,,1,651,19,671,1146
,1,AGUASCALIENTES,18,AGUASCALIENTES,1,AGUASCALIENTES,260,3,353,232,27,7,13,38,12,38,24,0,2,1,0,,,154,,,,,,0,901,21,922,1915
,1,AGUASCALIENTES,9,AGUASCALIENTES,1,AGUASCALIENTES,261,2,150,132,21,4,10,5,5,16,19,0,52,0,0,,,0,,,,,,0,414,8,422,991
,1,AGUASCALIENTES,9,AGUASCALIENTES,1,AGUASCALIENTES,262,1,115,95,15,5,5,4,2,9,5,0,23,0,1,,,0,,,,,,0,279,9,288,610
,1,AGUASCALIENTES,9,AGUASCALIENTES,1,AGUASCALIENTES,263,2,160,80,9,3,6,6,4,11,3,0,34,0,0,,,33,,,,,,0,349,7,356,790
,1,AGUASCALIENTES,9,AGUASCALIENTES,1,AGUASCALIENTES,264,2,191,86,19,6,7,4,5,15,12,1,1,0,0,,,71,,,,,,0,418,17,435,947
,1,AGUASCALIENTES,9,AGUASCALIENTES,1,AGUASCALIENTES,265,2,149,105,19,5,9,3,4,15,7,24,0,0,0,,,20,,,,,,0,360,7,367,826
,1,AGUASCALIENTES,9,AGUASCALIENTES,1,AGUASCALIENTES,266,1,138,118,10,0,15,7,1,9,5,0,0,0,0,,,42,,,,,,0,345,16,361,708
,1,AGUASCALIENTES,9,AGUASCALIENTES,1,AGUASCALIENTES,267,2,203,187,20,5,11,6,14,17,11,0,33,0,1,,,1,,,,,,1,509,32,542,1284
,1,AGUASCALIENTES,9,AGUASCALIENTES,1,AGUASCALIENTES,268,1,118,125,13,1,6,7,2,13,3,0,1,0,0,,,29,,,,,,0,318,4,322,658
,1,AGUASCALIENTES,9,AGUASCALIENTES,1,AGUASCALIENTES,269,2,164,165,16,3,4,3,8,8,7,0,0,0,0,,,30,,,,,,0,408,15,423,833
,1,AGUASCALIENTES,10,AGUASCALIENTES,1,AGUASCALIENTES,27,1,156,58,9,1,3,4,8,9,3,0,0,1,0,,,50,,,,,,0,302,11,313,530
,1,AGUASCALIENTES,9,AGUASCALIENTES,1,AGUASCALIENTES,270,9,1247,730,121,15,42,39,51,118,83,4,192,0,2,,,306,,,,,,7,2950,81,3038,6728
,1,AGUASCALIENTES,10,AGUASCALIENTES,1,AGUASCALIENTES,271,2,183,123,14,5,11,4,12,11,3,0,1,3,0,,,24,,,,,,0,394,0,394,867
,1,AGUASCALIENTES,10,AGUASCALIENTES,1,AGUASCALIENTES,272,2,161,92,14,3,10,12,15,15,3,0,2,0,0,,,44,,,,,,0,371,13,384,773
,1,AGUASCALIENTES,10,AGUASCALIENTES,1,AGUASCALIENTES,273,2,141,116,9,6,3,4,10,18,3,0,0,1,0,,,68,,,,,,0,379,16,395,760
,1,AGUASCALIENTES,17,AGUASCALIENTES,1,AGUASCALIENTES,274,2,183,101,9,1,3,8,1,7,3,0,0,2,0,,,0,,,,,,1,318,0,319,766
,1,AGUASCALIENTES,17,AGUASCALIENTES,1,AGUASCALIENTES,275,2,206,146,15,6,3,7,13,17,1,0,0,1,0,,,0,,,,,,0,415,0,415,906
,1,AGUASCALIENTES,17,AGUASCALIENTES,1,AGUASCALIENTES,276,2,242,127,13,3,7,9,10,17,6,0,0,0,0,,,44,,,,,,1,478,10,489,929
,1,AGUASCALIENTES,17,AGUASCALIENTES,1,AGUASCALIENTES,277,2,208,137,9,0,7,8,4,6,5,0,0,0,0,,,50,,,,,,0,434,10,444,790
,1,AGUASCALIENTES,17,AGUASCALIENTES,1,AGUASCALIENTES,278,1,196,109,9,0,5,15,1,4,2,0,0,0,0,,,0,,,,,,0,341,0,341,747
,1,AGUASCALIENTES,10,AGUASCALIENTES,1,AGUASCALIENTES,279,1,169,114,19,1,6,18,4,4,3,0,0,0,0,,,85,,,,,,0,423,5,428,627
,1,AGUASCALIENTES,11,AGUASCALIENTES,1,AGUASCALIENTES,28,1,70,60,5,3,2,2,3,6,3,1,0,1,0,,,32,,,,,,0,188,13,201,397
,1,AGUASCALIENTES,10,AGUASCALIENTES,1,AGUASCALIENTES,280,1,160,89,20,1,6,6,4,10,1,0,0,1,0,,,69,,,,,,0,367,12,379,604
,1,AGUASCALIENTES,10,AGUASCALIENTES,1,AGUASCALIENTES,281,1,151,140,26,3,6,14,8,7,3,0,0,1,0,,,81,,,,,,0,440,15,455,679
,1,AGUASCALIENTES,10,AGUASCALIENTES,1,AGUASCALIENTES,282,2,186,111,61,1,12,8,13,7,9,0,0,0,0,,,83,,,,,,1,491,9,501,861
,1,AGUASCALIENTES,10,AGUASCALIENTES,1,AGUASCALIENTES,283,1,189,90,10,0,3,21,4,4,2,0,0,0,0,,,118,,,,,,0,441,10,451,645
,1,AGUASCALIENTES,10,AGUASCALIENTES,1,AGUASCALIENTES,284,2,238,199,15,0,10,10,8,8,6,0,0,1,0,,,78,,,,,,0,573,11,584,1107
,1,AGUASCALIENTES,17,AGUASCALIENTES,1,AGUASCALIENTES,285,1,185,75,16,4,2,9,6,6,4,0,0,1,0,,,0,,,,,,0,308,0,308,628
,1,AGUASCALIENTES,17,AGUASCALIENTES,1,AGUASCALIENTES,286,2,151,111,17,3,4,9,7,9,8,0,0,0,0,,,0,,,,,,0,319,0,319,584
,1,AGUASCALIENTES,17,AGUASCALIENTES,1,AGUASCALIENTES,287,1,113,81,11,2,1,4,3,11,3,0,0,0,0,,,47,,,,,,0,276,9,285,581
,1,AGUASCALIENTES,17,AGUASCALIENTES,1,AGUASCALIENTES,288,2,217,100,21,2,6,9,4,9,9,0,0,0,0,,,0,,,,,,0,377,0,377,784
,1,AGUASCALIENTES,17,AGUASCALIENTES,1,AGUASCALIENTES,289,1,160,97,30,1,5,3,4,7,7,0,0,0,0,,,53,,,,,,0,367,14,381,719
,1,AGUASCALIENTES,11,AGUASCALIENTES,1,AGUASCALIENTES,29,2,150,143,13,7,5,6,6,8,6,0,0,0,0,,,48,,,,,,0,392,16,408,871
,1,AGUASCALIENTES,17,AGUASCALIENTES,1,AGUASCALIENTES,290,1,129,96,15,5,7,12,8,6,3,0,0,1,0,,,0,,,,,,1,282,0,283,663
,1,AGUASCALIENTES,17,AGUASCALIENTES,1,AGUASCALIENTES,291,2,290,139,21,1,10,16,10,19,5,0,0,1,0,,,0,,,,,,0,512,0,512,1185
,1,AGUASCALIENTES,17,AGUASCALIENTES,1,AGUASCALIENTES,292,2,193,132,12,2,8,11,6,10,8,0,0,1,0,,,40,,,,,,0,423,11,434,1018
,1,AGUASCALIENTES,10,AGUASCALIENTES,1,AGUASCALIENTES,293,2,161,161,21,1,6,8,10,15,2,1,1,1,0,,,49,,,,,,0,437,23,460,881
,1,AGUASCALIENTES,17,AGUASCALIENTES,1,AGUASCALIENTES,294,2,253,72,11,3,7,4,5,16,5,0,0,0,0,,,0,,,,,,0,376,0,376,949
,1,AGUASCALIENTES,17,AGUASCALIENTES,1,AGUASCALIENTES,295,2,250,71,23,4,2,8,2,13,4,0,0,0,0,,,53,,,,,,1,430,11,442,1125
,1,AGUASCALIENTES,17,AGUASCALIENTES,1,AGUASCALIENTES,296,2,210,115,16,2,7,10,8,21,9,0,0,0,0,,,89,,,,,,0,487,25,512,1014
,1,AGUASCALIENTES,17,AGUASCALIENTES,1,AGUASCALIENTES,297,2,188,99,15,2,9,4,4,16,15,0,0,1,0,,,33,,,,,,0,386,6,392,815
,1,AGUASCALIENTES,17,AGUASCALIENTES,1,AGUASCALIENTES,298,2,259,129,23,5,5,8,11,18,5,0,0,0,0,,,0,,,,,,0,463,0,463,1163
,1,AGUASCALIENTES,17,AGUASCALIENTES,1,AGUASCALIENTES,299,2,264,124,21,5,9,3,4,23,14,0,1,0,0,,,36,,,,,,0,504,9,513,1147
,1,AGUASCALIENTES,6,AGUASCALIENTES,1,AGUASCALIENTES,3,3,432,193,39,2,15,39,8,40,4,0,0,0,0,,,166,,,,,,1,938,28,967,1613
,1,AGUASCALIENTES,10,AGUASCALIENTES,1,AGUASCALIENTES,30,1,99,87,8,3,3,3,11,8,2,1,0,3,0,,,53,,,,,,0,281,16,297,619
,1,AGUASCALIENTES,10,AGUASCALIENTES,1,AGUASCALIENTES,300,2,177,112,13,2,12,5,22,26,8,0,0,0,0,,,85,,,,,,0,462,14,476,979
,1,AGUASCALIENTES,10,AGUASCALIENTES,1,AGUASCALIENTES,301,6,792,418,89,9,29,76,44,115,35,1,0,0,1,,,512,,,,,,1,2121,63,2185,3859
,1,AGUASCALIENTES,10,AGUASCALIENTES,1,AGUASCALIENTES,302,3,299,136,27,11,10,14,29,34,12,0,0,2,1,,,123,,,,,,0,698,24,722,1653
,1,AGUASCALIENTES,10,AGUASCALIENTES,1,AGUASCALIENTES,303,2,311,139,31,3,18,11,18,27,10,0,0,1,0,,,120,,,,,,0,689,30,719,1409
,1,AGUASCALIENTES,10,AGUASCALIENTES,1,AGUASCALIENTES,304,2,259,137,32,6,11,5,27,16,6,1,1,2,0,,,35,,,,,,0,538,23,561,1183
,1,AGUASCALIENTES,10,AGUASCALIENTES,1,AGUASCALIENTES,305,2,259,124,19,7,25,6,25,20,7,0,0,2,0,,,55,,,,,,0,549,23,572,1126
,1,AGUASCALIENTES,10,AGUASCALIENTES,1,AGUASCALIENTES,306,2,267,151,14,3,8,4,12,24,6,0,0,1,0,,,62,,,,,,0,552,9,561,1101
,1,AGUASCALIENTES,10,AGUASCALIENTES,1,AGUASCALIENTES,307,2,248,168,37,1,7,10,13,26,2,0,1,0,0,,,95,,,,,,0,608,19,627,1218
,1,AGUASCALIENTES,10,AGUASCALIENTES,1,AGUASCALIENTES,308,2,205,106,20,0,6,10,23,25,4,0,2,0,0,,,93,,,,,,0,494,12,506,940
,1,AGUASCALIENTES,10,AGUASCALIENTES,1,AGUASCALIENTES,309,2,247,154,27,5,9,12,15,19,12,0,0,0,0,,,71,,,,,,1,571,14,586,1091
,1,AGUASCALIENTES,10,AGUASCALIENTES,1,AGUASCALIENTES,31,2,223,110,10,4,11,27,39,9,6,0,0,1,0,,,47,,,,,,0,487,5,492,940
,1,AGUASCALIENTES,9,AGUASCALIENTES,1,AGUASCALIENTES,310,2,276,148,23,3,7,11,14,16,5,2,35,0,0,,,43,,,,,,2,583,17,602,1119
,1,AGUASCALIENTES,9,AGUASCALIENTES,1,AGUASCALIENTES,311,2,215,194,22,4,4,12,11,18,10,1,68,0,0,,,0,,,,,,0,559,17,576,1068
,1,AGUASCALIENTES,9,AGUASCALIENTES,1,AGUASCALIENTES,312,2,250,234,28,3,7,7,11,16,12,0,50,0,0,,,44,,,,,,0,662,5,667,1203
,1,AGUASCALIENTES,9,AGUASCALIENTES,1,AGUASCALIENTES,313,2,187,189,69,5,18,7,9,23,9,0,25,1,0,,,20,,,,,,0,562,21,583,1282
,1,AGUASCALIENTES,9,AGUASCALIENTES,1,AGUASCALIENTES,314,2,208,172,26,9,11,2,19,7,8,0,50,0,0,,,0,,,,,,0,512,18,530,1155
,1,AGUASCALIENTES,18,AGUASCALIENTES,1,AGUASCALIENTES,315,5,909,774,16,18,23,16,11,25,14,3,5,3,0,,,148,,,,,,0,1965,93,2058,3518
,1,AGUASCALIENTES,12,AGUASCALIENTES,1,AGUASCALIENTES,316,4,425,548,17,8,16,19,45,35,12,1,0,3,0,,,164,,,,,,0,1293,37,1330,2439
,1,AGUASCALIENTES,12,AGUASCALIENTES,1,AGUASCALIENTES,317,4,671,486,11,23,21,9,58,15,17,0,1,0,0,,,49,,,,,,1,1361,31,1393,2447
,1,AGUASCALIENTES,12,AGUASCALIENTES,1,AGUASCALIENTES,318,21,1741,1682,330,61,100,86,85,136,106,6,8,3,0,,,540,,,,,,3,4884,139,5026,14486
,1,AGUASCALIENTES,10,AGUASCALIENTES,1,AGUASCALIENTES,32,2,229,179,14,1,6,32,14,16,3,2,0,3,0,,,47,,,,,,0,546,16,562,1161
,1,AGUASCALIENTES,6,AGUASCALIENTES,1,AGUASCALIENTES,320,6,777,639,30,3,41,87,30,33,9,0,1,2,0,,,256,,,,,,1,1908,64,1973,3925
,1,AGUASCALIENTES,10,AGUASCALIENTES,1,AGUASCALIENTES,321,2,345,250,14,1,7,8,33,5,5,0,0,3,0,,,42,,,,,,0,713,19,732,1288
,1,AGUASCALIENTES,10,AGUASCALIENTES,1,AGUASCALIENTES,322,9,1355,628,104,18,39,47,151,92,59,2,0,4,0,,,416,,,,,,1,2915,83,2999,6051
,1,AGUASCALIENTES,18,AGUASCALIENTES,1,AGUASCALIENTES,323,8,772,628,47,34,44,15,31,54,32,0,8,4,0,,,166,,,,,,1,1835,54,1890,4395
,1,AGUASCALIENTES,18,AGUASCALIENTES,1,AGUASCALIENTES,324,3,566,257,20,12,16,22,12,13,4,0,1,0,0,,,17,,,,,,0,940,30,970,1893
,1,AGUASCALIENTES,18,AGUASCALIENTES,1,AGUASCALIENTES,325,20,2359,1578,207,105,93,140,114,261,105,3,8,3,0,,,1097,,,,,,6,6073,201,6280,14386
,1,AGUASCALIENTES,9,AGUASCALIENTES,1,AGUASCALIENTES,326,6,766,410,107,10,25,80,31,112,36,1,457,0,1,,,41,,,,,,3,2077,45,2125,3941
,1,AGUASCALIENTES,10,AGUASCALIENTES,1,AGUASCALIENTES,327,6,928,575,74,20,19,47,43,56,11,0,1,1,0,,,433,,,,,,1,2208,45,2254,3977
,1,AGUASCALIENTES,10,AGUASCALIENTES,1,AGUASCALIENTES,328,2,288,213,19,3,6,6,18,11,10,0,2,3,0,,,101,,,,,,0,680,24,704,1375
,1,AGUASCALIENTES,9,AGUASCALIENTES,1,AGUASCALIENTES,329,2,153,251,2,4,15,1,3,7,3,1,7,0,1,,,1,,,,,,0,449,7,456,962
,1,AGUASCALIENTES,10,AGUASCALIENTES,1,AGUASCALIENTES,33,2,189,106,13,1,4,8,5,10,6,0,0,1,0,,,42,,,,,,0,385,13,398,822
,1,AGUASCALIENTES,9,AGUASCALIENTES,1,AGUASCALIENTES,330,4,626,385,41,16,10,4,12,15,9,2,33,0,0,,,16,,,,,,0,1169,29,1198,2427
,1,AGUASCALIENTES,9,AGUASCALIENTES,1,AGUASCALIENTES,331,4,386,413,37,10,24,15,11,31,19,0,31,0,1,,,127,,,,,,0,1105,47,1152,2746
,1,AGUASCALIENTES,18,AGUASCALIENTES,1,AGUASCALIENTES,332,4,438,330,26,21,19,22,17,38,6,0,2,0,0,,,64,,,,,,0,983,41,1024,2311
,1,AGUASCALIENTES,9,AGUASCALIENTES,1,AGUASCALIENTES,333,3,303,340,22,13,20,7,12,34,12,1,22,0,2,,,27,,,,,,0,815,36,851,2043
,1,AGUASCALIENTES,9,AGUASCALIENTES,1,AGUASCALIENTES,334,3,346,373,18,11,14,5,7,21,8,3,24,0,0,,,0,,,,,,0,830,24,854,1768
,1,AGUASCALIENTES,9,AGUASCALIENTES,1,AGUASCALIENTES,335,1,157,110,4,3,4,1,6,8,3,0,16,0,1,,,0,,,,,,0,313,14,327,695
,1,AGUASCALIENTES,9,AGUASCALIENTES,1,AGUASCALIENTES,336,2,184,241,44,8,13,0,7,19,2,1,10,2,0,,,5,,,,,,0,536,19,555,1155
,1,AGUASCALIENTES,9,AGUASCALIENTES,1,AGUASCALIENTES,337,2,253,243,21,5,22,6,14,11,3,1,4,0,0,,,9,,,,,,0,592,24,616,1177
,1,AGUASCALIENTES,10,AGUASCALIENTES,1,AGUASCALIENTES,34,2,203,62,8,1,5,4,12,5,3,0,0,0,0,,,47,,,,,,1,350,15,366,812
,1,AGUASCALIENTES,10,AGUASCALIENTES,1,AGUASCALIENTES,35,3,426,249,37,9,12,35,33,31,5,0,0,1,0,,,258,,,,,,0,1096,24,1120,2062
,1,AGUASCALIENTES,10,AGUASCALIENTES,1,AGUASCALIENTES,36,2,222,140,13,1,5,7,19,18,5,0,1,1,0,,,99,,,,,,0,531,15,546,885
,1,AGUASCALIENTES,10,AGUASCALIENTES,1,AGUASCALIENTES,37,2,287,149,21,4,9,16,13,18,2,0,0,0,0,,,135,,,,,,4,654,13,671,1159
,1,AGUASCALIENTES,10,AGUASCALIENTES,1,AGUASCALIENTES,38,2,356,187,21,1,9,17,19,13,7,0,0,2,0,,,126,,,,,,0,758,17,775,1351
,1,AGUASCALIENTES,10,AGUASCALIENTES,1,AGUASCALIENTES,39,2,185,108,9,3,8,7,21,11,3,1,0,1,0,,,69,,,,,,0,426,13,439,835
,1,AGUASCALIENTES,6,AGUASCALIENTES,1,AGUASCALIENTES,4,2,274,173,31,9,5,22,29,41,4,1,0,2,0,,,184,,,,,,0,775,25,800,1363
,1,AGUASCALIENTES,17,AGUASCALIENTES,1,AGUASCALIENTES,40,2,339,150,25,0,18,8,12,15,5,1,0,2,0,,,44,,,,,,1,619,7,627,1283
,1,AGUASCALIENTES,6,AGUASCALIENTES,1,AGUASCALIENTES,41,6,762,449,39,10,19,80,28,37,19,1,1,1,0,,,493,,,,,,1,1939,45,1985,3756
,1,AGUASCALIENTES,6,AGUASCALIENTES,1,AGUASCALIENTES,42,2,295,166,7,5,19,7,10,20,9,0,1,0,0,,,60,,,,,,0,599,19,618,1086
,1,AGUASCALIENTES,6,AGUASCALIENTES,1,AGUASCALIENTES,43,4,503,274,52,6,24,33,9,34,23,4,0,0,0,,,324,,,,,,1,1287,36,1324,1839
,1,AGUASCALIENTES,6,AGUASCALIENTES,1,AGUASCALIENTES,44,6,1049,555,81,9,35,136,15,77,12,0,0,1,0,,,696,,,,,,0,2666,42,2708,4372
,1,AGUASCALIENTES,6,AGUASCALIENTES,1,AGUASCALIENTES,45,3,356,282,22,0,8,61,3,25,1,0,2,0,0,,,297,,,,,,0,1057,18,1075,1670
,1,AGUASCALIENTES,6,AGUASCALIENTES,1,AGUASCALIENTES,46,3,479,292,31,5,9,51,7,19,7,1,0,0,0,,,285,,,,,,0,1186,25,1211,1940
,1,AGUASCALIENTES,6,AGUASCALIENTES,1,AGUASCALIENTES,47,5,862,487,47,10,17,157,20,45,9,2,0,0,0,,,535,,,,,,1,2191,25,2217,3505
,1,AGUASCALIENTES,6,AGUASCALIENTES,1,AGUASCALIENTES,48,3,473,211,27,2,24,58,8,22,4,0,0,0,0,,,209,,,,,,0,1038,16,1054,1808
,1,AGUASCALIENTES,13,AGUASCALIENTES,1,AGUASCALIENTES,489,2,124,143,5,2,9,3,5,5,5,0,0,0,0,,,22,,,,,,0,323,12,335,793
,1,AGUASCALIENTES,6,AGUASCALIENTES,1,AGUASCALIENTES,49,2,389,139,20,4,19,27,9,26,9,0,0,0,0,,,75,,,,,,0,717,17,734,1469
,1,AGUASCALIENTES,13,AGUASCALIENTES,1,AGUASCALIENTES,490,1,129,110,2,2,7,7,9,12,4,0,0,1,0,,,29,,,,,,0,312,7,319,720
,1,AGUASCALIENTES,13,AGUASCALIENTES,1,AGUASCALIENTES,491,2,122,108,10,4,7,3,16,10,2,0,0,0,0,,,28,,,,,,0,310,16,326,774
,1,AGUASCALIENTES,13,AGUASCALIENTES,1,AGUASCALIENTES,492,2,135,134,12,5,9,2,9,5,4,0,1,0,0,,,34,,,,,,1,350,15,366,911
,1,AGUASCALIENTES,12,AGUASCALIENTES,1,AGUASCALIENTES,493,2,182,236,121,7,6,6,13,15,3,0,1,0,0,,,8,,,,,,0,598,8,606,1143
,1,AGUASCALIENTES,12,AGUASCALIENTES,1,AGUASCALIENTES,494,1,124,98,12,4,3,5,2,13,9,0,1,0,0,,,26,,,,,,0,297,9,306,734
,1,AGUASCALIENTES,12,AGUASCALIENTES,1,AGUASCALIENTES,495,2,146,117,12,0,7,3,9,16,7,0,0,0,0,,,42,,,,,,0,359,11,370,951
,1,AGUASCALIENTES,12,AGUASCALIENTES,1,AGUASCALIENTES,496,3,187,196,20,10,7,12,14,40,7,0,0,0,0,,,99,,,,,,0,592,21,613,1567
,1,AGUASCALIENTES,12,AGUASCALIENTES,1,AGUASCALIENTES,497,1,103,87,7,0,6,6,6,9,9,0,0,1,0,,,45,,,,,,0,279,9,288,608
,1,AGUASCALIENTES,13,AGUASCALIENTES,1,AGUASCALIENTES,498,2,165,128,8,8,7,8,4,15,17,7,0,0,0,,,15,,,,,,0,382,3,385,892
,1,AGUASCALIENTES,13,AGUASCALIENTES,1,AGUASCALIENTES,499,2,144,132,8,4,6,3,11,18,4,1,1,0,0,,,23,,,,,,1,355,9,365,906
,1,AGUASCALIENTES,6,AGUASCALIENTES,1,AGUASCALIENTES,5,2,201,114,25,1,3,8,6,21,7,0,0,0,0,,,97,,,,,,1,483,9,493,815
,1,AGUASCALIENTES,6,AGUASCALIENTES,1,AGUASCALIENTES,50,3,349,170,29,2,6,34,8,34,8,0,0,1,0,,,140,,,,,,0,781,23,804,1542
,1,AGUASCALIENTES,13,AGUASCALIENTES,1,AGUASCALIENTES,500,2,153,154,15,3,6,4,5,7,11,0,0,0,0,,,42,,,,,,1,400,24,425,830
,1,AGUASCALIENTES,13,AGUASCALIENTES,1,AGUASCALIENTES,501,2,178,121,27,4,9,4,7,19,4,0,0,0,0,,,47,,,,,,0,420,17,437,992
,1,AGUASCALIENTES,13,AGUASCALIENTES,1,AGUASCALIENTES,502,2,148,119,15,1,12,7,4,6,13,0,0,0,0,,,30,,,,,,0,355,19,374,828
,1,AGUASCALIENTES,13,AGUASCALIENTES,1,AGUASCALIENTES,503,1,118,72,9,1,14,1,3,6,5,1,0,0,0,,,47,,,,,,0,277,5,282,633
,1,AGUASCALIENTES,13,AGUASCALIENTES,1,AGUASCALIENTES,504,2,179,110,33,2,10,6,1,12,13,0,0,0,0,,,37,,,,,,0,403,10,413,920
,1,AGUASCALIENTES,13,AGUASCALIENTES,1,AGUASCALIENTES,505,2,121,138,19,5,10,8,4,10,11,0,0,0,0,,,50,,,,,,0,376,14,390,793
,1,AGUASCALIENTES,13,AGUASCALIENTES,1,AGUASCALIENTES,506,2,156,117,16,2,11,2,5,10,9,0,0,0,0,,,41,,,,,,0,369,16,385,801
,1,AGUASCALIENTES,13,AGUASCALIENTES,1,AGUASCALIENTES,507,2,183,117,10,2,13,5,3,7,4,0,0,0,0,,,49,,,,,,2,393,10,405,808
,1,AGUASCALIENTES,16,AGUASCALIENTES,1,AGUASCALIENTES,508,2,117,113,12,4,16,8,11,16,6,1,1,2,0,,,36,,,,,,1,343,6,350,788
,1,AGUASCALIENTES,16,AGUASCALIENTES,1,AGUASCALIENTES,509,3,308,200,30,17,20,9,17,10,24,3,0,0,0,,,34,,,,,,0,672,29,701,1628
,1,AGUASCALIENTES,6,AGUASCALIENTES,1,AGUASCALIENTES,51,2,267,188,24,0,8,15,10,18,8,1,0,0,0,,,105,,,,,,1,644,18,663,1141
,1,AGUASCALIENTES,16,AGUASCALIENTES,1,AGUASCALIENTES,510,1,140,90,11,2,23,4,4,8,5,0,0,1,0,,,28,,,,,,0,316,9,325,729
,1,AGUASCALIENTES,13,AGUASCALIENTES,1,AGUASCALIENTES,511,2,143,100,13,3,9,1,8,12,1,0,0,1,0,,,65,,,,,,1,356,7,364,769
,1,AGUASCALIENTES,16,AGUASCALIENTES,1,AGUASCALIENTES,512,1,86,59,8,2,5,1,4,2,4,4,0,0,0,,,19,,,,,,0,194,12,206,536
,1,AGUASCALIENTES,16,AGUASCALIENTES,1,AGUASCALIENTES,513,1,72,57,13,2,7,3,2,1,1,0,0,0,0,,,32,,,,,,0,190,9,199,460
,1,AGUASCALIENTES,14,AGUASCALIENTES,1,AGUASCALIENTES,514,1,144,79,10,1,2,7,5,15,3,1,0,0,0,,,69,,,,,,0,336,6,342,644
,1,AGUASCALIENTES,14,AGUASCALIENTES,1,AGUASCALIENTES,515,2,169,100,7,5,9,5,8,15,9,0,0,0,0,,,59,,,,,,0,386,11,397,825
,1,AGUASCALIENTES,15,AGUASCALIENTES,1,AGUASCALIENTES,516,2,104,96,8,2,6,2,4,21,3,0,0,0,0,,,27,,,,,,0,273,8,281,809
,1,AGUASCALIENTES,14,AGUASCALIENTES,1,AGUASCALIENTES,517,1,138,92,19,1,4,15,8,26,9,0,0,0,0,,,63,,,,,,0,375,9,384,741
,1,AGUASCALIENTES,14,AGUASCALIENTES,1,AGUASCALIENTES,518,1,137,104,11,8,5,2,7,11,6,0,0,0,0,,,73,,,,,,1,364,21,386,701
,1,AGUASCALIENTES,14,AGUASCALIENTES,1,AGUASCALIENTES,519,1,89,72,10,4,2,8,8,35,4,0,1,0,0,,,57,,,,,,0,290,3,293,583
,1,AGUASCALIENTES,6,AGUASCALIENTES,1,AGUASCALIENTES,52,2,297,132,28,2,5,22,14,26,5,0,1,0,0,,,133,,,,,,0,665,19,684,1163
,1,AGUASCALIENTES,14,AGUASCALIENTES,1,AGUASCALIENTES,520,2,136,83,13,2,5,7,11,19,9,0,0,0,0,,,63,,,,,,0,348,9,357,779
,1,AGUASCALIENTES,14,AGUASCALIENTES,1,AGUASCALIENTES,521,1,141,59,11,4,2,10,3,4,3,0,0,0,0,,,70,,,,,,0,307,7,314,720
,1,AGUASCALIENTES,15,AGUASCALIENTES,1,AGUASCALIENTES,522,2,136,105,36,1,3,3,17,8,4,1,0,0,0,,,23,,,,,,0,337,4,341,859
,1,AGUASCALIENTES,15,AGUASCALIENTES,1,AGUASCALIENTES,523,2,121,155,12,11,5,4,12,22,10,0,2,0,0,,,34,,,,,,0,388,13,401,839
,1,AGUASCALIENTES,15,AGUASCALIENTES,1,AGUASCALIENTES,524,2,119,140,23,5,14,5,6,16,10,1,0,0,0,,,34,,,,,,3,373,17,393,957
,1,AGUASCALIENTES,15,AGUASCALIENTES,1,AGUASCALIENTES,525,2,169,93,28,6,7,5,11,14,5,0,0,0,0,,,30,,,,,,0,368,12,380,895
,1,AGUASCALIENTES,14,AGUASCALIENTES,1,AGUASCALIENTES,526,2,154,104,18,5,3,8,13,13,11,0,1,0,0,,,32,,,,,,0,362,2,364,779
,1,AGUASCALIENTES,14,AGUASCALIENTES,1,AGUASCALIENTES,527,2,92,107,15,4,7,16,6,20,11,2,0,0,0,,,52,,,,,,0,332,7,339,777
,1,AGUASCALIENTES,14,AGUASCALIENTES,1,AGUASCALIENTES,528,1,120,98,14,4,2,8,3,16,7,0,0,0,0,,,57,,,,,,0,329,13,342,681
,1,AGUASCALIENTES,15,AGUASCALIENTES,1,AGUASCALIENTES,529,2,130,120,23,1,7,5,16,9,4,0,0,0,0,,,54,,,,,,0,369,12,381,880
,1,AGUASCALIENTES,6,AGUASCALIENTES,1,AGUASCALIENTES,53,3,410,185,24,5,12,32,12,27,6,0,0,2,1,,,215,,,,,,0,931,25,956,1542
,1,AGUASCALIENTES,15,AGUASCALIENTES,1,AGUASCALIENTES,530,3,268,137,43,7,25,10,22,11,9,1,1,0,0,,,62,,,,,,0,596,12,608,1654
,1,AGUASCALIENTES,15,AGUASCALIENTES,1,AGUASCALIENTES,531,2,138,114,16,6,10,5,10,17,10,0,0,0,0,,,70,,,,,,1,396,13,410,878
,1,AGUASCALIENTES,15,AGUASCALIENTES,1,AGUASCALIENTES,532,2,134,102,18,9,15,9,14,22,9,1,1,1,0,,,39,,,,,,0,374,12,386,889
,1,AGUASCALIENTES,15,AGUASCALIENTES,1,AGUASCALIENTES,533,2,126,82,18,1,12,9,10,9,8,1,1,1,0,,,48,,,,,,0,326,4,330,832
,1,AGUASCALIENTES,18,AGUASCALIENTES,1,AGUASCALIENTES,534,2,160,119,19,30,17,2,2,11,8,0,26,0,0,,,59,,,,,,0,453,5,458,908
,1,AGUASCALIENTES,18,AGUASCALIENTES,1,AGUASCALIENTES,535,2,181,105,26,8,10,6,4,9,10,2,0,0,0,,,22,,,,,,0,383,19,402,941
,1,AGUASCALIENTES,18,AGUASCALIENTES,1,AGUASCALIENTES,536,2,176,126,46,12,10,6,5,18,9,0,1,1,0,,,58,,,,,,1,468,15,484,1097
,1,AGUASCALIENTES,18,AGUASCALIENTES,1,AGUASCALIENTES,537,2,122,114,17,6,7,3,7,13,8,0,0,1,0,,,47,,,,,,0,345,10,355,888
,1,AGUASCALIENTES,18,AGUASCALIENTES,1,AGUASCALIENTES,538,1,114,101,18,0,8,8,2,18,2,1,0,1,0,,,52,,,,,,0,325,16,341,674
,1,AGUASCALIENTES,18,AGUASCALIENTES,1,AGUASCALIENTES,539,1,100,79,10,2,25,5,9,18,10,0,0,0,0,,,28,,,,,,0,286,9,295,714
,1,AGUASCALIENTES,6,AGUASCALIENTES,1,AGUASCALIENTES,54,2,245,103,8,9,4,8,16,13,10,0,2,2,0,,,65,,,,,,0,485,3,488,1086
,1,AGUASCALIENTES,18,AGUASCALIENTES,1,AGUASCALIENTES,540,2,113,115,9,10,8,4,8,10,5,0,0,0,0,,,21,,,,,,0,303,10,313,849
,1,AGUASCALIENTES,18,AGUASCALIENTES,1,AGUASCALIENTES,541,1,98,108,9,0,3,3,6,6,5,0,0,1,0,,,39,,,,,,0,278,7,285,687
,1,AGUASCALIENTES,18,AGUASCALIENTES,1,AGUASCALIENTES,542,2,118,134,13,4,16,0,5,18,12,0,0,0,0,,,38,,,,,,0,358,7,365,860
,1,AGUASCALIENTES,18,AGUASCALIENTES,1,AGUASCALIENTES,543,2,160,105,19,6,7,6,4,10,10,3,0,0,0,,,28,,,,,,1,358,15,374,856
,1,AGUASCALIENTES,18,AGUASCALIENTES,1,AGUASCALIENTES,544,2,141,118,14,8,7,4,5,12,6,1,1,0,0,,,23,,,,,,0,340,20,360,857
,1,AGUASCALIENTES,18,AGUASCALIENTES,1,AGUASCALIENTES,545,2,167,152,11,6,8,8,3,4,3,0,0,0,0,,,42,,,,,,0,404,18,422,920
,1,AGUASCALIENTES,18,AGUASCALIENTES,1,AGUASCALIENTES,546,2,182,150,20,7,10,12,1,24,13,0,1,0,0,,,58,,,,,,0,478,20,498,1116
,1,AGUASCALIENTES,18,AGUASCALIENTES,1,AGUASCALIENTES,547,2,187,159,14,3,8,4,9,14,8,0,0,0,0,,,68,,,,,,0,474,19,493,1009
,1,AGUASCALIENTES,16,AGUASCALIENTES,1,AGUASCALIENTES,548,2,120,124,17,13,9,11,8,12,4,0,0,0,1,,,34,,,,,,2,353,11,366,806
,1,AGUASCALIENTES,16,AGUASCALIENTES,1,AGUASCALIENTES,549,3,248,227,41,11,7,16,22,45,29,1,0,2,0,,,148,,,,,,2,797,26,825,1645
,1,AGUASCALIENTES,6,AGUASCALIENTES,1,AGUASCALIENTES,55,2,270,130,26,4,2,11,13,36,6,0,0,0,0,,,78,,,,,,0,576,18,594,1069
,1,AGUASCALIENTES,16,AGUASCALIENTES,1,AGUASCALIENTES,550,1,111,99,18,1,6,4,13,17,6,0,0,1,0,,,69,,,,,,2,345,10,357,663
,1,AGUASCALIENTES,16,AGUASCALIENTES,1,AGUASCALIENTES,551,1,139,97,9,5,8,11,10,5,5,0,0,0,0,,,56,,,,,,1,345,7,353,695
,1,AGUASCALIENTES,16,AGUASCALIENTES,1,AGUASCALIENTES,552,1,108,62,10,1,6,7,8,18,13,1,0,0,0,,,66,,,,,,0,300,9,309,612
,1,AGUASCALIENTES,16,AGUASCALIENTES,1,AGUASCALIENTES,553,2,161,81,12,2,3,12,10,12,3,0,0,1,0,,,3,,,,,,1,300,5,306,770
,1,AGUASCALIENTES,16,AGUASCALIENTES,1,AGUASCALIENTES,554,2,136,127,11,6,9,10,8,19,9,0,0,0,0,,,62,,,,,,0,397,9,406,778
,1,AGUASCALIENTES,16,AGUASCALIENTES,1,AGUASCALIENTES,555,4,397,353,64,16,23,31,34,80,24,2,1,0,0,,,293,,,,,,1,1318,29,1348,2991
,1,AGUASCALIENTES,16,AGUASCALIENTES,1,AGUASCALIENTES,556,1,97,77,9,6,8,7,9,20,8,0,0,2,0,,,63,,,,,,0,306,7,313,693
,1,AGUASCALIENTES,16,AGUASCALIENTES,1,AGUASCALIENTES,557,1,106,82,18,2,8,11,13,14,9,0,0,1,0,,,75,,,,,,0,339,7,346,698
,1,AGUASCALIENTES,15,AGUASCALIENTES,1,AGUASCALIENTES,558,1,134,98,11,1,5,11,8,20,15,1,0,0,0,,,57,,,,,,0,361,15,376,737
,1,AGUASCALIENTES,15,AGUASCALIENTES,1,AGUASCALIENTES,559,1,139,63,16,1,4,11,5,19,6,0,0,0,0,,,91,,,,,,0,355,7,362,674
,1,AGUASCALIENTES,6,AGUASCALIENTES,1,AGUASCALIENTES,56,2,279,108,17,2,8,8,6,8,3,0,2,0,0,,,63,,,,,,0,504,10,514,954
,1,AGUASCALIENTES,16,AGUASCALIENTES,1,AGUASCALIENTES,560,2,144,109,32,2,5,8,15,20,8,0,0,0,0,,,33,,,,,,0,376,8,384,931
,1,AGUASCALIENTES,15,AGUASCALIENTES,1,AGUASCALIENTES,561,1,66,44,7,1,2,5,1,7,3,0,0,0,0,,,40,,,,,,0,176,3,179,352
,1,AGUASCALIENTES,15,AGUASCALIENTES,1,AGUASCALIENTES,562,2,128,107,36,7,14,9,9,9,2,1,0,0,0,,,14,,,,,,1,336,10,347,852
,1,AGUASCALIENTES,15,AGUASCALIENTES,1,AGUASCALIENTES,563,2,151,131,30,1,6,3,12,16,8,0,0,0,0,,,30,,,,,,0,388,18,406,890
,1,AGUASCALIENTES,15,AGUASCALIENTES,1,AGUASCALIENTES,564,2,137,106,14,3,9,3,15,9,4,2,0,0,0,,,39,,,,,,4,341,15,360,842
,1,AGUASCALIENTES,15,AGUASCALIENTES,1,AGUASCALIENTES,565,1,90,80,46,4,8,6,5,12,5,0,0,0,0,,,24,,,,,,0,280,21,301,705
,1,AGUASCALIENTES,15,AGUASCALIENTES,1,AGUASCALIENTES,566,1,119,97,10,3,10,2,7,8,5,0,1,1,1,,,39,,,,,,0,303,13,316,750
,1,AGUASCALIENTES,15,AGUASCALIENTES,1,AGUASCALIENTES,567,2,111,116,11,11,10,6,15,21,10,0,0,3,0,,,43,,,,,,0,357,15,372,854
,1,AGUASCALIENTES,15,AGUASCALIENTES,1,AGUASCALIENTES,568,1,95,97,12,7,10,3,24,7,8,0,0,0,0,,,37,,,,,,0,300,13,313,653
,1,AGUASCALIENTES,15,AGUASCALIENTES,1,AGUASCALIENTES,569,1,109,112,10,13,7,3,29,9,13,0,0,2,0,,,34,,,,,,0,341,10,351,749
,1,AGUASCALIENTES,11,AGUASCALIENTES,1,AGUASCALIENTES,57,2,242,123,7,5,9,8,5,11,8,0,0,0,0,,,47,,,,,,0,465,10,475,856
,1,AGUASCALIENTES,15,AGUASCALIENTES,1,AGUASCALIENTES,570,1,76,51,10,8,7,4,10,11,3,1,0,0,0,,,36,,,,,,0,217,10,227,598
,1,AGUASCALIENTES,15,AGUASCALIENTES,1,AGUASCALIENTES,571,1,80,90,13,4,5,8,20,8,2,0,0,0,0,,,12,,,,,,0,242,7,249,595
,1,AGUASCALIENTES,16,AGUASCALIENTES,1,AGUASCALIENTES,572,8,813,537,97,33,36,50,50,123,53,7,0,1,0,,,394,,,,,,2,2194,58,2254,5398
,1,AGUASCALIENTES,16,AGUASCALIENTES,1,AGUASCALIENTES,573,2,178,184,13,15,6,7,9,17,18,0,0,0,0,,,9,,,,,,0,456,26,482,980
,1,AGUASCALIENTES,12,AGUASCALIENTES,1,AGUASCALIENTES,574,2,112,215,10,16,6,11,24,8,8,1,0,0,0,,,10,,,,,,0,421,18,439,938
,1,AGUASCALIENTES,12,AGUASCALIENTES,1,AGUASCALIENTES,575,2,173,211,17,19,12,9,11,8,7,1,0,0,0,,,19,,,,,,0,487,14,501,1162
,1,AGUASCALIENTES,16,AGUASCALIENTES,1,AGUASCALIENTES,576,2,153,213,10,6,6,5,5,12,7,0,1,1,0,,,8,,,,,,0,427,18,445,848
,1,AGUASCALIENTES,16,AGUASCALIENTES,1,AGUASCALIENTES,577,2,174,189,20,3,15,3,9,5,3,1,0,0,0,,,15,,,,,,0,437,9,446,919
,1,AGUASCALIENTES,16,AGUASCALIENTES,1,AGUASCALIENTES,578,1,142,112,18,4,4,2,13,13,9,1,0,0,0,,,25,,,,,,0,343,11,354,747
,1,AGUASCALIENTES,16,AGUASCALIENTES,1,AGUASCALIENTES,579,1,92,103,18,3,7,7,7,6,4,0,0,0,0,,,16,,,,,,0,263,7,270,661
,1,AGUASCALIENTES,11,AGUASCALIENTES,1,AGUASCALIENTES,58,1,157,93,10,0,2,9,17,12,4,0,0,0,0,,,25,,,,,,0,329,13,342,640
,1,AGUASCALIENTES,16,AGUASCALIENTES,1,AGUASCALIENTES,580,2,131,103,12,5,10,6,40,15,13,0,1,0,1,,,16,,,,,,0,353,11,364,791
,1,AGUASCALIENTES,16,AGUASCALIENTES,1,AGUASCALIENTES,581,2,152,96,12,8,9,7,22,7,5,0,0,1,0,,,22,,,,,,2,341,7,350,766
,1,AGUASCALIENTES,16,AGUASCALIENTES,1,AGUASCALIENTES,582,2,132,120,9,6,7,3,21,8,11,0,0,1,0,,,10,,,,,,0,328,1,329,843
,1,AGUASCALIENTES,16,AGUASCALIENTES,1,AGUASCALIENTES,583,2,148,88,29,6,14,4,13,12,8,0,1,0,0,,,26,,,,,,0,349,6,355,835
,1,AGUASCALIENTES,16,AGUASCALIENTES,1,AGUASCALIENTES,584,2,135,78,18,5,11,4,14,14,11,0,0,0,0,,,30,,,,,,0,320,7,327,769
,1,AGUASCALIENTES,16,AGUASCALIENTES,1,AGUASCALIENTES,585,2,127,82,27,7,6,5,20,7,9,0,0,0,0,,,30,,,,,,0,320,15,335,778
,1,AGUASCALIENTES,16,AGUASCALIENTES,1,AGUASCALIENTES,586,2,190,73,15,5,7,7,10,4,13,1,0,0,0,,,20,,,,,,0,345,19,364,816
,1,AGUASCALIENTES,16,AGUASCALIENTES,1,AGUASCALIENTES,587,2,202,99,19,2,8,17,9,16,14,2,1,0,0,,,23,,,,,,0,412,13,425,942
,1,AGUASCALIENTES,16,AGUASCALIENTES,1,AGUASCALIENTES,588,2,176,106,27,5,6,8,9,10,4,1,0,2,0,,,36,,,,,,0,390,15,405,968
,1,AGUASCALIENTES,16,AGUASCALIENTES,1,AGUASCALIENTES,589,9,1044,697,140,54,53,24,87,83,48,3,1,1,2,,,176,,,,,,0,2413,77,2490,6745
,1,AGUASCALIENTES,11,AGUASCALIENTES,1,AGUASCALIENTES,59,1,177,56,15,0,4,10,6,10,2,0,1,0,0,,,71,,,,,,0,352,10,362,680
,1,AGUASCALIENTES,16,AGUASCALIENTES,1,AGUASCALIENTES,590,1,135,71,15,4,7,5,5,17,8,0,0,1,0,,,70,,,,,,1,338,3,342,713
,1,AGUASCALIENTES,16,AGUASCALIENTES,1,AGUASCALIENTES,591,1,80,82,6,3,4,6,5,9,9,0,0,0,0,,,38,,,,,,0,242,1,243,546
,1,AGUASCALIENTES,16,AGUASCALIENTES,1,AGUASCALIENTES,592,1,77,90,16,5,4,8,7,8,17,0,0,0,0,,,55,,,,,,0,287,8,295,569
,1,AGUASCALIENTES,16,AGUASCALIENTES,1,AGUASCALIENTES,593,1,68,90,8,2,2,8,1,3,6,0,0,1,0,,,22,,,,,,0,211,9,220,460
,1,AGUASCALIENTES,5,AGUASCALIENTES,1,AGUASCALIENTES,594,2,164,141,33,4,7,13,11,17,12,0,0,0,0,,,54,,,,,,0,456,0,456,1483
,1,AGUASCALIENTES,5,AGUASCALIENTES,1,AGUASCALIENTES,595,2,201,119,22,4,5,16,6,27,5,1,0,0,0,,,130,,,,,,0,536,14,550,1207
,1,AGUASCALIENTES,5,AGUASCALIENTES,1,AGUASCALIENTES,596,2,179,139,32,1,5,7,10,8,11,1,0,1,0,,,107,,,,,,2,501,11,514,1227
,1,AGUASCALIENTES,12,AGUASCALIENTES,1,AGUASCALIENTES,597,2,135,140,27,4,6,7,4,15,4,0,0,0,0,,,60,,,,,,2,402,11,415,1132
,1,AGUASCALIENTES,5,AGUASCALIENTES,1,AGUASCALIENTES,598,3,268,285,25,13,18,0,2,31,9,1,0,0,0,,,81,,,,,,0,733,25,758,1551
,1,AGUASCALIENTES,5,AGUASCALIENTES,1,AGUASCALIENTES,599,2,190,123,19,4,10,8,4,17,5,0,0,0,0,,,89,,,,,,0,469,9,478,894
,1,AGUASCALIENTES,6,AGUASCALIENTES,1,AGUASCALIENTES,6,1,150,81,7,2,4,12,9,15,9,0,0,0,0,,,93,,,,,,0,382,17,399,711
,1,AGUASCALIENTES,11,AGUASCALIENTES,1,AGUASCALIENTES,60,2,210,112,24,4,8,22,31,21,5,2,0,3,0,,,52,,,,,,0,494,19,513,1027
,1,AGUASCALIENTES,5,AGUASCALIENTES,1,AGUASCALIENTES,600,2,157,115,11,2,9,11,13,10,7,0,0,0,0,,,44,,,,,,2,379,9,390,818
,1,AGUASCALIENTES,5,AGUASCALIENTES,1,AGUASCALIENTES,601,3,196,185,80,7,21,7,3,17,22,0,0,0,0,,,77,,,,,,0,615,4,619,1693
,1,AGUASCALIENTES,12,AGUASCALIENTES,1,AGUASCALIENTES,602,2,167,181,32,9,17,7,10,20,7,0,0,1,0,,,53,,,,,,0,504,0,504,1491
,1,AGUASCALIENTES,5,AGUASCALIENTES,1,AGUASCALIENTES,603,2,142,161,35,2,11,7,3,14,4,0,0,0,0,,,47,,,,,,0,426,11,437,1312
,1,AGUASCALIENTES,12,AGUASCALIENTES,1,AGUASCALIENTES,604,2,106,95,12,0,12,4,1,7,5,0,1,0,0,,,46,,,,,,1,289,8,298,919
,1,AGUASCALIENTES,5,AGUASCALIENTES,1,AGUASCALIENTES,605,1,138,83,15,0,6,3,3,15,4,1,0,0,0,,,80,,,,,,0,348,7,355,687
,1,AGUASCALIENTES,5,AGUASCALIENTES,1,AGUASCALIENTES,606,2,191,151,16,6,10,11,10,17,8,0,2,0,0,,,84,,,,,,1,506,18,525,1088
,1,AGUASCALIENTES,5,AGUASCALIENTES,1,AGUASCALIENTES,607,1,111,79,12,4,5,3,6,17,8,1,2,0,0,,,76,,,,,,0,324,7,331,677
,1,AGUASCALIENTES,11,AGUASCALIENTES,1,AGUASCALIENTES,61,2,160,97,16,0,4,18,12,19,2,1,3,3,0,,,54,,,,,,0,389,14,403,770
,1,AGUASCALIENTES,11,AGUASCALIENTES,1,AGUASCALIENTES,62,1,124,85,11,0,6,22,4,11,5,0,0,0,0,,,43,,,,,,0,311,12,323,631
,1,AGUASCALIENTES,11,AGUASCALIENTES,1,AGUASCALIENTES,63,1,131,67,6,2,5,5,25,8,2,0,0,0,0,,,43,,,,,,0,294,16,310,633
,1,AGUASCALIENTES,11,AGUASCALIENTES,1,AGUASCALIENTES,64,2,218,101,15,0,12,12,9,14,6,0,1,0,0,,,67,,,,,,2,455,16,473,799
,1,AGUASCALIENTES,11,AGUASCALIENTES,1,AGUASCALIENTES,65,1,167,73,14,2,3,6,5,8,3,0,0,0,0,,,52,,,,,,0,333,10,343,581
,1,AGUASCALIENTES,11,AGUASCALIENTES,1,AGUASCALIENTES,66,2,169,111,19,1,5,20,13,22,11,0,0,0,0,,,74,,,,,,0,445,20,465,795
,1,AGUASCALIENTES,11,AGUASCALIENTES,1,AGUASCALIENTES,67,1,160,64,13,0,7,10,3,6,1,0,0,0,0,,,62,,,,,,1,326,3,330,525
,1,AGUASCALIENTES,11,AGUASCALIENTES,1,AGUASCALIENTES,68,1,160,78,15,2,7,4,12,12,7,0,0,1,0,,,87,,,,,,0,385,16,401,668
,1,AGUASCALIENTES,11,AGUASCALIENTES,1,AGUASCALIENTES,69,2,169,88,25,1,22,12,27,12,2,3,1,0,0,,,80,,,,,,0,442,15,457,827
,1,AGUASCALIENTES,6,AGUASCALIENTES,1,AGUASCALIENTES,7,2,210,130,18,3,6,7,11,7,6,0,0,0,0,,,94,,,,,,0,492,6,498,814
,1,AGUASCALIENTES,11,AGUASCALIENTES,1,AGUASCALIENTES,70,1,124,90,11,3,8,9,21,27,2,0,0,3,0,,,49,,,,,,0,347,16,363,608
,1,AGUASCALIENTES,11,AGUASCALIENTES,1,AGUASCALIENTES,71,2,236,149,16,2,8,25,13,13,4,4,1,1,0,,,108,,,,,,0,580,13,593,1028
,1,AGUASCALIENTES,11,AGUASCALIENTES,1,AGUASCALIENTES,72,1,128,77,8,0,3,11,5,4,12,1,0,0,0,,,37,,,,,,0,286,12,298,528
,1,AGUASCALIENTES,11,AGUASCALIENTES,1,AGUASCALIENTES,73,2,168,117,18,2,4,9,4,10,6,0,0,0,0,,,82,,,,,,0,420,16,436,778
,1,AGUASCALIENTES,11,AGUASCALIENTES,1,AGUASCALIENTES,74,1,152,54,9,2,5,20,3,11,2,0,0,0,0,,,42,,,,,,0,300,9,309,565
,1,AGUASCALIENTES,11,AGUASCALIENTES,1,AGUASCALIENTES,75,1,140,71,23,0,5,8,2,13,1,0,0,0,0,,,62,,,,,,0,325,7,332,623
,1,AGUASCALIENTES,11,AGUASCALIENTES,1,AGUASCALIENTES,76,1,112,71,15,1,6,16,4,12,1,0,0,0,0,,,61,,,,,,0,299,3,302,489
,1,AGUASCALIENTES,11,AGUASCALIENTES,1,AGUASCALIENTES,77,1,112,87,15,1,7,13,22,16,2,1,0,0,0,,,58,,,,,,0,334,8,342,583
,1,AGUASCALIENTES,11,AGUASCALIENTES,1,AGUASCALIENTES,78,2,154,124,10,2,8,11,18,18,4,0,0,1,0,,,71,,,,,,0,421,12,433,795
,1,AGUASCALIENTES,11,AGUASCALIENTES,1,AGUASCALIENTES,79,2,163,103,21,4,7,10,6,14,4,0,0,0,0,,,81,,,,,,0,413,17,430,815
,1,AGUASCALIENTES,6,AGUASCALIENTES,1,AGUASCALIENTES,8,2,299,213,29,5,2,9,14,18,9,2,0,0,0,,,114,,,,,,0,714,16,730,1145
,1,AGUASCALIENTES,5,AGUASCALIENTES,1,AGUASCALIENTES,80,8,1103,764,88,17,35,51,34,120,56,2,1,0,0,,,484,,,,,,0,2755,76,2831,5995
,1,AGUASCALIENTES,5,AGUASCALIENTES,1,AGUASCALIENTES,82,14,1798,1027,184,27,61,135,61,178,58,3,0,2,0,,,1054,,,,,,2,4588,98,4688,9765
,1,AGUASCALIENTES,12,AGUASCALIENTES,1,AGUASCALIENTES,83,12,1184,1024,125,39,57,39,46,83,66,4,1,2,0,,,210,,,,,,1,2880,89,2970,8968
,1,AGUASCALIENTES,12,AGUASCALIENTES,1,AGUASCALIENTES,84,3,272,411,45,11,19,16,6,19,12,1,0,1,0,,,83,,,,,,0,896,31,927,2213
,1,AGUASCALIENTES,12,AGUASCALIENTES,1,AGUASCALIENTES,85,5,537,489,44,12,30,27,21,34,14,2,2,0,0,,,142,,,,,,0,1354,43,1397,3679
,1,AGUASCALIENTES,5,AGUASCALIENTES,1,AGUASCALIENTES,86,15,1662,1210,146,67,58,52,69,167,66,3,2,1,0,,,651,,,,,,4,4154,97,4255,10671
,1,AGUASCALIENTES,5,AGUASCALIENTES,1,AGUASCALIENTES,87,3,357,237,40,16,16,16,26,56,16,1,0,0,0,,,181,,,,,,0,962,19,981,1951
,1,AGUASCALIENTES,5,AGUASCALIENTES,1,AGUASCALIENTES,88,2,284,171,18,8,10,8,10,11,6,0,0,0,0,,,66,,,,,,0,592,21,613,1212
,1,AGUASCALIENTES,5,AGUASCALIENTES,1,AGUASCALIENTES,89,2,201,175,10,3,15,6,16,16,13,0,1,2,0,,,53,,,,,,2,511,19,532,1044
,1,AGUASCALIENTES,6,AGUASCALIENTES,1,AGUASCALIENTES,9,2,367,175,26,2,10,18,18,43,3,0,0,0,0,,,142,,,,,,0,804,17,821,1244
,1,AGUASCALIENTES,5,AGUASCALIENTES,1,AGUASCALIENTES,90,4,536,334,50,17,26,40,15,43,23,0,1,0,0,,,349,,,,,,1,1434,37,1472,2980
,1,AGUASCALIENTES,6,AGUASCALIENTES,1,AGUASCALIENTES,91,2,184,130,26,6,7,17,13,14,4,0,0,0,0,,,91,,,,,,0,492,11,503,905
,1,AGUASCALIENTES,6,AGUASCALIENTES,1,AGUASCALIENTES,92,2,169,106,16,3,8,8,8,14,2,0,0,0,0,,,65,,,,,,0,399,14,413,855
,1,AGUASCALIENTES,13,AGUASCALIENTES,1,AGUASCALIENTES,93,2,183,110,20,2,11,10,2,15,3,0,2,1,0,,,64,,,,,,0,423,17,440,788
,1,AGUASCALIENTES,13,AGUASCALIENTES,1,AGUASCALIENTES,94,1,135,98,7,3,7,3,4,9,4,0,0,0,0,,,22,,,,,,0,292,14,306,627
,1,AGUASCALIENTES,13,AGUASCALIENTES,1,AGUASCALIENTES,95,2,170,157,16,2,17,7,3,16,8,0,0,0,0,,,67,,,,,,0,463,24,487,964
,1,AGUASCALIENTES,13,AGUASCALIENTES,1,AGUASCALIENTES,96,3,445,225,35,10,13,19,22,37,20,1,0,1,0,,,185,,,,,,3,1013,20,1036,2202
,1,AGUASCALIENTES,13,AGUASCALIENTES,1,AGUASCALIENTES,97,2,200,177,17,5,9,6,2,9,5,1,1,0,0,,,15,,,,,,0,447,1,448,934
,1,AGUASCALIENTES,13,AGUASCALIENTES,1,AGUASCALIENTES,99,3,310,251,21,5,16,7,12,26,17,0,0,1,0,,,84,,,,,,0,750,18,768,1812
,1,AGUASCALIENTES,2,EL LLANO,2,ASIENTOS,338,3,439,113,6,9,9,93,273,27,19,2,1,6,0,,,,,,,,,0,997,31,1028,1692
,1,AGUASCALIENTES,2,EL LLANO,2,ASIENTOS,339,3,490,114,2,3,14,81,247,14,11,2,1,9,0,,,,,,,,,0,988,34,1022,1547
,1,AGUASCALIENTES,2,EL LLANO,2,ASIENTOS,340,3,339,315,2,9,32,22,291,12,60,0,0,5,0,,,,,,,,,1,1087,27,1115,1603
,1,AGUASCALIENTES,2,EL LLANO,2,ASIENTOS,341,3,593,198,8,11,18,11,360,28,44,3,3,6,0,,,,,,,,,0,1283,39,1322,1847
,1,AGUASCALIENTES,2,EL LLANO,2,ASIENTOS,342,2,373,119,7,5,47,6,475,14,4,0,1,6,0,,,,,,,,,0,1057,27,1084,1468
,1,AGUASCALIENTES,2,EL LLANO,2,ASIENTOS,343,4,598,346,11,7,44,11,830,55,16,1,3,24,0,,,,,,,,,0,1946,59,2005,2785
,1,AGUASCALIENTES,2,EL LLANO,2,ASIENTOS,344,4,535,304,16,22,31,15,557,22,21,5,3,10,1,,,,,,,,,7,1542,57,1606,2394
,1,AGUASCALIENTES,2,EL LLANO,2,ASIENTOS,345,3,282,306,19,14,38,8,539,23,19,0,0,4,0,,,,,,,,,0,1252,41,1293,2118
,1,AGUASCALIENTES,2,EL LLANO,2,ASIENTOS,346,3,383,225,1,6,7,6,472,15,7,2,0,12,0,,,,,,,,,1,1136,38,1175,1755
,1,AGUASCALIENTES,2,EL LLANO,2,ASIENTOS,347,4,614,164,9,4,23,4,852,17,7,3,2,25,0,,,,,,,,,0,1724,50,1774,2380
,1,AGUASCALIENTES,2,EL LLANO,2,ASIENTOS,348,3,360,125,73,6,13,6,359,8,28,1,1,13,11,,,,,,,,,0,1004,29,1033,1557
,1,AGUASCALIENTES,2,EL LLANO,2,ASIENTOS,349,4,523,234,29,7,15,7,428,31,26,0,1,9,0,,,,,,,,,0,1310,39,1349,2265
,1,AGUASCALIENTES,2,EL LLANO,2,ASIENTOS,350,4,493,272,17,9,32,11,507,15,24,1,2,13,2,,,,,,,,,0,1398,49,1447,2428
,1,AGUASCALIENTES,2,EL LLANO,2,ASIENTOS,351,2,223,163,10,5,31,5,366,34,7,1,2,7,2,,,,,,,,,0,856,16,872,1363
,1,AGUASCALIENTES,2,EL LLANO,2,ASIENTOS,352,3,401,283,55,9,50,5,422,11,9,2,0,8,0,,,,,,,,,0,1255,30,1285,2237
,1,AGUASCALIENTES,2,EL LLANO,2,ASIENTOS,353,2,255,167,9,5,23,4,455,9,11,1,1,23,0,,,,,,,,,0,963,39,1002,1393
,1,AGUASCALIENTES,2,EL LLANO,2,ASIENTOS,354,2,229,176,4,6,87,4,341,31,10,1,0,5,0,,,,,,,,,0,894,9,903,1359
,1,AGUASCALIENTES,8,CALVILLO,3,CALVILLO,355,2,434,223,55,8,10,19,16,13,23,2,3,1,0,,,,,,,,,0,807,16,823,1410
,1,AGUASCALIENTES,8,CALVILLO,3,CALVILLO,356,4,674,462,99,28,24,24,11,18,23,2,6,0,0,,,,,,,,,1,1371,36,1408,2555
,1,AGUASCALIENTES,8,CALVILLO,3,CALVILLO,357,3,480,230,57,12,13,12,8,10,48,0,1,1,0,,,,,,,,,0,872,15,887,1545
,1,AGUASCALIENTES,8,CALVILLO,3,CALVILLO,358,5,859,521,98,37,33,41,43,25,56,1,1,1,0,,,,,,,,,0,1716,61,1777,3294
,1,AGUASCALIENTES,8,CALVILLO,3,CALVILLO,359,2,275,170,18,7,12,12,11,12,25,1,2,0,0,,,,,,,,,0,545,14,559,1048
,1,AGUASCALIENTES,8,CALVILLO,3,CALVILLO,360,2,229,124,38,1,8,7,7,7,16,1,3,0,0,,,,,,,,,0,441,5,446,765
,1,AGUASCALIENTES,8,CALVILLO,3,CALVILLO,361,3,511,301,76,15,7,14,12,12,23,0,2,0,0,,,,,,,,,2,973,20,995,1784
,1,AGUASCALIENTES,8,CALVILLO,3,CALVILLO,362,3,667,297,68,16,31,18,24,18,38,0,1,0,0,,,,,,,,,1,1178,43,1222,2137
,1,AGUASCALIENTES,8,CALVILLO,3,CALVILLO,363,3,566,329,87,21,36,10,13,7,19,2,4,1,0,,,,,,,,,1,1095,36,1132,1872
,1,AGUASCALIENTES,8,CALVILLO,3,CALVILLO,364,1,159,85,28,7,7,0,1,1,1,0,5,0,0,,,,,,,,,0,294,6,300,638
,1,AGUASCALIENTES,8,CALVILLO,3,CALVILLO,365,1,125,36,1,2,5,0,6,3,2,0,0,0,0,,,,,,,,,0,180,7,187,363
,1,AGUASCALIENTES,8,CALVILLO,3,CALVILLO,366,1,188,91,14,4,4,0,16,1,1,0,0,0,0,,,,,,,,,0,319,14,333,645
,1,AGUASCALIENTES,8,CALVILLO,3,CALVILLO,367,3,508,365,56,20,19,11,24,10,9,1,1,0,0,,,,,,,,,0,1024,36,1060,1700
,1,AGUASCALIENTES,8,CALVILLO,3,CALVILLO,369,1,127,48,78,11,12,0,7,4,1,0,0,0,0,,,,,,,,,0,288,5,293,427
,1,AGUASCALIENTES,8,CALVILLO,3,CALVILLO,370,2,323,147,73,49,54,3,10,21,8,0,3,0,0,,,,,,,,,3,691,15,709,1330
,1,AGUASCALIENTES,8,CALVILLO,3,CALVILLO,371,2,290,93,24,3,23,6,12,8,2,0,0,0,0,,,,,,,,,0,461,26,487,1022
,1,AGUASCALIENTES,8,CALVILLO,3,CALVILLO,372,2,296,134,38,9,9,16,3,8,9,0,0,0,0,,,,,,,,,1,522,12,535,1032
,1,AGUASCALIENTES,8,CALVILLO,3,CALVILLO,373,2,337,225,44,35,22,5,10,8,8,1,1,0,0,,,,,,,,,0,696,17,713,1207
,1,AGUASCALIENTES,8,CALVILLO,3,CALVILLO,374,2,280,181,31,16,25,9,18,13,8,0,2,0,0,,,,,,,,,1,583,17,601,1065
,1,AGUASCALIENTES,8,CALVILLO,3,CALVILLO,375,3,451,223,51,28,34,14,17,11,11,1,3,0,0,,,,,,,,,0,844,36,880,1836
,1,AGUASCALIENTES,8,CALVILLO,3,CALVILLO,376,3,498,223,50,25,38,13,28,26,12,2,3,5,0,,,,,,,,,0,923,52,975,2025
,1,AGUASCALIENTES,8,CALVILLO,3,CALVILLO,377,2,371,185,46,14,17,10,21,18,8,1,1,2,0,,,,,,,,,1,694,27,722,1460
,1,AGUASCALIENTES,8,CALVILLO,3,CALVILLO,378,1,101,35,7,11,10,1,17,1,2,0,0,0,0,,,,,,,,,0,185,9,194,353
,1,AGUASCALIENTES,8,CALVILLO,3,CALVILLO,379,2,501,127,15,17,21,3,19,13,8,1,1,1,0,,,,,,,,,1,727,22,750,1468
,1,AGUASCALIENTES,8,CALVILLO,3,CALVILLO,380,3,553,130,61,47,97,16,30,17,19,1,1,1,0,,,,,,,,,0,973,29,1002,1858
,1,AGUASCALIENTES,8,CALVILLO,3,CALVILLO,381,2,272,239,29,4,16,12,8,6,4,0,3,0,0,,,,,,,,,0,593,11,604,1008
,1,AGUASCALIENTES,8,CALVILLO,3,CALVILLO,382,3,519,169,149,9,9,8,14,10,4,1,1,0,0,,,,,,,,,0,893,22,915,1704
,1,AGUASCALIENTES,8,CALVILLO,3,CALVILLO,383,4,599,236,255,26,18,24,39,16,21,1,4,0,0,,,,,,,,,0,1239,31,1270,2361
,1,AGUASCALIENTES,8,CALVILLO,3,CALVILLO,384,2,267,257,105,36,9,33,8,5,6,0,2,0,0,,,,,,,,,0,728,20,748,1189
,1,AGUASCALIENTES,8,CALVILLO,3,CALVILLO,385,2,487,165,62,10,11,14,7,3,3,1,0,0,0,,,,,,,,,0,763,24,787,1446
,1,AGUASCALIENTES,8,CALVILLO,3,CALVILLO,386,2,387,127,235,15,13,1,12,1,2,0,1,0,0,,,,,,,,,0,794,21,815,1454
,1,AGUASCALIENTES,1,RINCON DE ROMOS,4,COSIO,387,4,258,450,5,17,431,28,57,61,57,1,0,1,0,722,,,,,,,,0,2088,51,2139,2841
,1,AGUASCALIENTES,1,RINCON DE ROMOS,4,COSIO,388,3,178,258,3,12,325,7,20,57,58,0,2,0,0,474,,,,,,,,12,1394,35,1441,1877
,1,AGUASCALIENTES,1,RINCON DE ROMOS,4,COSIO,389,3,116,238,5,9,220,72,12,34,110,0,2,0,0,267,,,,,,,,0,1085,48,1133,1712
,1,AGUASCALIENTES,1,RINCON DE ROMOS,4,COSIO,390,3,189,394,5,21,404,24,14,30,150,0,3,0,0,219,,,,,,,,0,1453,52,1505,2180
,1,AGUASCALIENTES,1,RINCON DE ROMOS,4,COSIO,391,4,188,306,65,30,401,44,45,36,78,0,0,3,0,419,,,,,,,,0,1615,46,1661,2285
,1,AGUASCALIENTES,7,JESUS MARIA,5,JESUS MARIA,392,8,1077,960,46,44,70,51,86,68,30,4,1,5,0,,85,,,,,,,1,2527,58,2586,5429
,1,AGUASCALIENTES,7,JESUS MARIA,5,JESUS MARIA,393,4,608,438,24,8,11,18,34,46,24,2,0,0,0,,67,,,,,,,0,1280,32,1312,2711
,1,AGUASCALIENTES,7,JESUS MARIA,5,JESUS MARIA,394,7,1000,924,28,29,60,27,48,41,16,0,0,1,0,,55,,,,,,,1,2229,58,2288,4594
,1,AGUASCALIENTES,7,JESUS MARIA,5,JESUS MARIA,395,3,341,469,5,7,10,12,14,9,2,3,0,0,0,,17,,,,,,,0,889,14,903,1589
,1,AGUASCALIENTES,7,JESUS MARIA,5,JESUS MARIA,396,6,1157,693,33,16,36,15,48,73,32,5,1,0,0,,101,,,,,,,5,2210,51,2266,4323
,1,AGUASCALIENTES,7,JESUS MARIA,5,JESUS MARIA,397,12,1835,1565,80,34,67,62,127,112,53,2,1,3,0,,167,,,,,,,5,4108,105,4218,8929
,1,AGUASCALIENTES,7,JESUS MARIA,5,JESUS MARIA,398,2,217,327,9,10,3,6,12,9,4,2,0,0,0,,39,,,,,,,0,638,12,650,1236
,1,AGUASCALIENTES,7,JESUS MARIA,5,JESUS MARIA,399,2,260,345,14,10,7,4,11,5,9,0,1,0,0,,18,,,,,,,0,684,26,710,1423
,1,AGUASCALIENTES,4,SAN FRANCISCO DE LOS ROMO,5,JESUS MARIA,400,2,269,238,59,7,21,17,13,9,15,0,0,1,0,,17,,,,,,,0,666,19,685,1437
,1,AGUASCALIENTES,4,SAN FRANCISCO DE LOS ROMO,5,JESUS MARIA,401,5,559,484,96,25,57,23,42,32,25,0,1,0,0,,25,,,,,,,1,1369,33,1403,3122
,1,AGUASCALIENTES,4,SAN FRANCISCO DE LOS ROMO,5,JESUS MARIA,402,2,212,191,55,9,29,5,13,12,7,0,1,1,0,,12,,,,,,,0,547,14,561,1089
,1,AGUASCALIENTES,4,SAN FRANCISCO DE LOS ROMO,5,JESUS MARIA,403,6,845,439,167,16,53,23,47,73,28,0,1,0,0,,144,,,,,,,1,1836,65,1902,4042
,1,AGUASCALIENTES,4,SAN FRANCISCO DE LOS ROMO,5,JESUS MARIA,405,11,1522,927,103,44,128,95,157,224,69,2,2,2,0,,283,,,,,,,7,3558,119,3684,7518
,1,AGUASCALIENTES,7,JESUS MARIA,5,JESUS MARIA,406,4,607,449,28,19,25,16,42,34,13,0,1,0,0,,48,,,,,,,0,1282,24,1306,2877
,1,AGUASCALIENTES,7,JESUS MARIA,5,JESUS MARIA,407,3,159,201,4,37,23,4,14,6,52,0,0,0,0,,17,,,,,,,0,517,14,531,958
,1,AGUASCALIENTES,7,JESUS MARIA,5,JESUS MARIA,408,1,63,123,0,6,1,1,4,2,2,1,0,0,0,,0,,,,,,,0,203,6,209,353
,1,AGUASCALIENTES,7,JESUS MARIA,5,JESUS MARIA,409,2,341,173,5,16,7,5,2,4,4,0,0,0,0,,9,,,,,,,0,566,10,576,947
,1,AGUASCALIENTES,7,JESUS MARIA,5,JESUS MARIA,410,4,552,479,19,26,14,13,48,32,21,2,1,3,0,,26,,,,,,,1,1236,18,1255,2403
,1,AGUASCALIENTES,7,JESUS MARIA,5,JESUS MARIA,411,8,1207,879,55,36,37,52,57,97,39,1,4,1,0,,176,,,,,,,4,2641,88,2733,5687
,1,AGUASCALIENTES,7,JESUS MARIA,5,JESUS MARIA,412,5,801,510,23,9,22,20,18,42,19,0,2,1,0,,59,,,,,,,2,1526,42,1570,3302
,1,AGUASCALIENTES,4,SAN FRANCISCO DE LOS ROMO,5,JESUS MARIA,413,8,1691,568,58,18,63,66,50,127,49,1,0,0,0,,495,,,,,,,8,3186,64,3258,5968
,1,AGUASCALIENTES,7,JESUS MARIA,5,JESUS MARIA,414,4,686,390,11,8,24,13,14,38,18,1,1,2,0,,68,,,,,,,3,1274,50,1327,2432
,1,AGUASCALIENTES,3,PABELLON DE ARTEAGA,6,PABELLON DE ARTEAGA,415,7,508,271,1267,43,134,44,329,33,103,1,1,9,0,,,,,,,,84,16,2827,85,2928,4691
,1,AGUASCALIENTES,3,PABELLON DE ARTEAGA,6,PABELLON DE ARTEAGA,416,2,96,131,307,14,24,5,124,10,42,0,1,2,0,,,,,,,,12,1,768,31,800,1172
,1,AGUASCALIENTES,3,PABELLON DE ARTEAGA,6,PABELLON DE ARTEAGA,417,2,186,109,326,15,32,10,105,16,26,1,0,3,0,,,,,,,,39,0,868,30,898,1310
,1,AGUASCALIENTES,3,PABELLON DE ARTEAGA,6,PABELLON DE ARTEAGA,418,2,70,86,280,15,25,5,132,7,20,0,1,1,1,,,,,,,,29,2,672,39,713,1098
,1,AGUASCALIENTES,3,PABELLON DE ARTEAGA,6,PABELLON DE ARTEAGA,419,3,162,137,469,16,28,26,104,17,21,1,1,1,0,,,,,,,,40,1,1023,32,1056,1523
,1,AGUASCALIENTES,3,PABELLON DE ARTEAGA,6,PABELLON DE ARTEAGA,420,2,102,75,315,7,50,12,87,8,16,1,1,3,0,,,,,,,,24,0,701,20,721,1060
,1,AGUASCALIENTES,3,PABELLON DE ARTEAGA,6,PABELLON DE ARTEAGA,421,7,259,361,1396,71,138,64,345,33,72,5,3,4,0,,,,,,,,81,3,2832,80,2915,4802
,1,AGUASCALIENTES,3,PABELLON DE ARTEAGA,6,PABELLON DE ARTEAGA,422,2,78,64,280,7,17,15,87,9,17,3,1,2,0,,,,,,,,24,5,604,31,640,943
,1,AGUASCALIENTES,3,PABELLON DE ARTEAGA,6,PABELLON DE ARTEAGA,423,2,79,90,400,12,20,8,75,28,19,1,0,2,0,,,,,,,,24,1,758,39,798,1303
,1,AGUASCALIENTES,3,PABELLON DE ARTEAGA,6,PABELLON DE ARTEAGA,424,4,235,155,785,21,79,30,246,34,56,1,2,3,0,,,,,,,,67,5,1714,41,1760,2652
,1,AGUASCALIENTES,3,PABELLON DE ARTEAGA,6,PABELLON DE ARTEAGA,425,2,60,84,225,13,28,22,58,2,6,0,0,1,0,,,,,,,,16,13,515,9,537,794
,1,AGUASCALIENTES,3,PABELLON DE ARTEAGA,6,PABELLON DE ARTEAGA,426,2,89,108,287,27,36,20,37,3,13,3,0,3,0,,,,,,,,42,0,668,34,702,1092
,1,AGUASCALIENTES,3,PABELLON DE ARTEAGA,6,PABELLON DE ARTEAGA,427,2,69,72,348,18,28,0,55,10,6,0,0,2,0,,,,,,,,1,0,609,22,631,963
,1,AGUASCALIENTES,3,PABELLON DE ARTEAGA,6,PABELLON DE ARTEAGA,428,4,249,196,340,44,48,4,175,14,12,0,3,2,0,,,,,,,,18,1,1105,49,1155,2275
,1,AGUASCALIENTES,3,PABELLON DE ARTEAGA,6,PABELLON DE ARTEAGA,429,3,129,172,692,86,27,5,211,11,9,2,0,4,2,,,,,,,,39,0,1389,49,1438,2121
,1,AGUASCALIENTES,3,PABELLON DE ARTEAGA,6,PABELLON DE ARTEAGA,430,2,115,148,325,34,42,3,124,3,5,1,1,2,0,,,,,,,,22,1,825,38,864,1271
,1,AGUASCALIENTES,3,PABELLON DE ARTEAGA,6,PABELLON DE ARTEAGA,488,1,24,35,43,2,1,0,8,1,1,0,2,0,0,,,,,,,,1,0,118,11,129,179
,1,AGUASCALIENTES,1,RINCON DE ROMOS,7,RINCON DE ROMOS,431,2,234,80,8,4,23,23,73,10,19,2,0,0,0,,,,4,,,4,,0,484,13,497,797
,1,AGUASCALIENTES,1,RINCON DE ROMOS,7,RINCON DE ROMOS,432,3,349,178,11,23,27,183,132,35,30,1,1,5,1,,,,25,,,11,,0,1012,35,1047,2097
,1,AGUASCALIENTES,1,RINCON DE ROMOS,7,RINCON DE ROMOS,433,2,163,78,6,10,18,34,94,34,14,2,2,2,3,,,,7,,,5,,0,472,18,490,792
,1,AGUASCALIENTES,1,RINCON DE ROMOS,7,RINCON DE ROMOS,434,2,186,78,13,6,33,27,94,18,22,2,1,2,0,,,,13,,,8,,0,503,8,511,752
,1,AGUASCALIENTES,1,RINCON DE ROMOS,7,RINCON DE ROMOS,435,2,271,110,8,4,27,23,79,16,21,0,0,1,0,,,,16,,,13,,0,589,13,602,883
,1,AGUASCALIENTES,1,RINCON DE ROMOS,7,RINCON DE ROMOS,436,5,764,426,48,18,90,145,326,66,89,3,1,9,0,,,,36,,,23,,1,2044,58,2103,3739
,1,AGUASCALIENTES,1,RINCON DE ROMOS,7,RINCON DE ROMOS,437,3,379,231,16,7,50,77,224,44,50,4,3,11,0,,,,9,,,13,,0,1118,40,1158,1983
,1,AGUASCALIENTES,1,RINCON DE ROMOS,7,RINCON DE ROMOS,438,1,154,103,10,1,14,9,105,7,34,2,2,2,0,,,,8,,,7,,1,458,19,478,705
,1,AGUASCALIENTES,1,RINCON DE ROMOS,7,RINCON DE ROMOS,439,3,406,207,9,21,63,65,173,34,40,3,1,2,0,,,,21,,,14,,0,1059,31,1090,1755
,1,AGUASCALIENTES,1,RINCON DE ROMOS,7,RINCON DE ROMOS,440,8,1241,620,32,34,141,198,742,96,128,3,24,17,20,,,,108,,,33,,8,3437,96,3541,5957
,1,AGUASCALIENTES,1,RINCON DE ROMOS,7,RINCON DE ROMOS,441,2,243,117,10,9,20,20,142,10,27,0,0,3,0,,,,21,,,5,,0,627,27,654,991
,1,AGUASCALIENTES,1,RINCON DE ROMOS,7,RINCON DE ROMOS,442,3,258,209,16,27,33,74,147,18,75,4,3,7,0,,,,9,,,4,,2,884,62,948,1909
,1,AGUASCALIENTES,1,RINCON DE ROMOS,7,RINCON DE ROMOS,443,3,415,221,19,15,32,82,168,18,22,2,2,5,0,,,,6,,,7,,2,1014,41,1057,1798
,1,AGUASCALIENTES,1,RINCON DE ROMOS,7,RINCON DE ROMOS,444,2,125,140,2,18,15,70,158,4,2,0,0,0,0,,,,2,,,1,,0,537,34,571,851
,1,AGUASCALIENTES,1,RINCON DE ROMOS,7,RINCON DE ROMOS,445,3,541,213,8,22,98,110,81,15,11,0,0,0,0,,,,17,,,3,,0,1119,28,1147,1889
,1,AGUASCALIENTES,1,RINCON DE ROMOS,7,RINCON DE ROMOS,446,2,364,129,8,9,25,99,72,14,39,3,0,1,1,,,,15,,,8,,0,787,17,804,1399
,1,AGUASCALIENTES,1,RINCON DE ROMOS,7,RINCON DE ROMOS,447,3,508,155,51,8,26,59,273,38,37,2,0,2,0,,,,3,,,1,,0,1163,46,1209,2157
,1,AGUASCALIENTES,1,RINCON DE ROMOS,7,RINCON DE ROMOS,448,2,275,163,6,18,21,20,72,5,15,0,2,2,0,,,,5,,,6,,0,610,15,625,1071
,1,AGUASCALIENTES,1,RINCON DE ROMOS,7,RINCON DE ROMOS,449,3,283,233,16,37,119,71,110,22,22,3,1,1,0,,,,38,,,12,,14,968,36,1018,2083
,1,AGUASCALIENTES,1,RINCON DE ROMOS,7,RINCON DE ROMOS,450,2,185,161,8,16,45,40,57,12,5,1,0,4,8,,,,14,,,3,,0,559,26,585,1145
,1,AGUASCALIENTES,1,RINCON DE ROMOS,7,RINCON DE ROMOS,451,1,126,86,3,35,16,5,21,10,9,1,3,0,13,,,,1,,,0,,0,329,10,339,639
,1,AGUASCALIENTES,8,CALVILLO,8,SAN JOSE DE GRACIA,452,2,370,160,31,56,16,70,58,54,17,0,0,0,0,,,,,,112,,,0,944,16,960,1245
,1,AGUASCALIENTES,8,CALVILLO,8,SAN JOSE DE GRACIA,453,2,383,158,44,49,32,96,72,93,7,1,0,0,0,,,,,,78,,,0,1013,9,1022,1328
,1,AGUASCALIENTES,8,CALVILLO,8,SAN JOSE DE GRACIA,454,2,380,186,40,49,8,148,66,71,6,2,1,0,0,,,,,,84,,,0,1041,12,1053,1381
,1,AGUASCALIENTES,8,CALVILLO,8,SAN JOSE DE GRACIA,455,1,78,48,11,25,3,5,27,10,2,0,0,0,0,,,,,,33,,,0,242,4,246,311
,1,AGUASCALIENTES,8,CALVILLO,8,SAN JOSE DE GRACIA,456,1,76,80,6,3,4,13,10,50,2,2,0,0,0,,,,,,15,,,0,261,8,269,358
,1,AGUASCALIENTES,8,CALVILLO,8,SAN JOSE DE GRACIA,457,2,271,116,55,25,12,14,46,19,4,1,0,0,1,,,,,,26,,,1,590,3,594,770
,1,AGUASCALIENTES,8,CALVILLO,8,SAN JOSE DE GRACIA,458,2,324,200,71,28,8,40,29,38,0,1,3,0,0,,,,,,57,,,0,799,4,803,1121
,1,AGUASCALIENTES,3,PABELLON DE ARTEAGA,9,TEPEZALA,460,2,506,36,32,12,315,47,93,5,,0,0,0,0,,,,,,,,,0,1046,27,1073,1493
,1,AGUASCALIENTES,3,PABELLON DE ARTEAGA,9,TEPEZALA,461,3,610,44,47,11,402,40,135,3,,0,0,0,2,,,,,,,,,2,1294,29,1325,1733
,1,AGUASCALIENTES,3,PABELLON DE ARTEAGA,9,TEPEZALA,462,3,357,30,16,102,588,13,61,6,,0,0,1,0,,,,,,,,,0,1174,40,1214,1679
,1,AGUASCALIENTES,3,PABELLON DE ARTEAGA,9,TEPEZALA,463,2,312,22,23,29,373,14,78,2,,0,0,1,0,,,,,,,,,0,854,35,889,1470
,1,AGUASCALIENTES,3,PABELLON DE ARTEAGA,9,TEPEZALA,464,3,473,92,21,63,358,66,180,14,,0,0,5,1,,,,,,,,,0,1273,34,1307,1656
,1,AGUASCALIENTES,3,PABELLON DE ARTEAGA,9,TEPEZALA,465,1,130,13,11,43,146,13,37,3,,0,0,0,0,,,,,,,,,0,396,9,405,570
,1,AGUASCALIENTES,3,PABELLON DE ARTEAGA,9,TEPEZALA,466,1,173,16,5,10,243,6,153,2,,1,0,0,0,,,,,,,,,0,609,15,624,689
,1,AGUASCALIENTES,3,PABELLON DE ARTEAGA,9,TEPEZALA,467,3,270,102,30,30,389,38,432,24,,7,0,8,0,,,,,,,,,0,1330,43,1373,1917
,1,AGUASCALIENTES,3,PABELLON DE ARTEAGA,9,TEPEZALA,468,1,136,48,10,7,208,3,86,2,,0,0,2,1,,,,,,,,,0,503,13,516,726
,1,AGUASCALIENTES,3,PABELLON DE ARTEAGA,9,TEPEZALA,469,4,587,42,30,8,595,31,249,117,,0,0,2,0,,,,,,,,,0,1661,46,1707,2509
,1,AGUASCALIENTES,4,SAN FRANCISCO DE LOS ROMO,10,SAN FRANCISCO DE LOS ROMO,404,2,116,182,2,11,61,3,36,7,5,,,,,,,,,17,,,,0,440,13,453,772
,1,AGUASCALIENTES,4,SAN FRANCISCO DE LOS ROMO,10,SAN FRANCISCO DE LOS ROMO,470,2,403,244,2,14,9,8,73,12,27,,,,,,,,,6,,,,0,798,21,819,1314
,1,AGUASCALIENTES,4,SAN FRANCISCO DE LOS ROMO,10,SAN FRANCISCO DE LOS ROMO,471,3,339,382,12,11,15,14,105,21,49,,,,,,,,,6,,,,0,954,37,991,1610
,1,AGUASCALIENTES,4,SAN FRANCISCO DE LOS ROMO,10,SAN FRANCISCO DE LOS ROMO,472,2,363,296,17,17,3,9,84,6,41,,,,,,,,,16,,,,1,852,28,881,1433
,1,AGUASCALIENTES,4,SAN FRANCISCO DE LOS ROMO,10,SAN FRANCISCO DE LOS ROMO,473,10,1427,1272,83,78,78,28,607,78,149,,,,,,,,,108,,,,2,3908,116,4026,7260
,1,AGUASCALIENTES,4,SAN FRANCISCO DE LOS ROMO,10,SAN FRANCISCO DE LOS ROMO,474,2,284,303,29,15,8,3,93,9,6,,,,,,,,,10,,,,0,760,13,773,1277
,1,AGUASCALIENTES,4,SAN FRANCISCO DE LOS ROMO,10,SAN FRANCISCO DE LOS ROMO,475,2,316,403,8,6,19,13,45,13,12,,,,,,,,,12,,,,0,847,12,859,1421
,1,AGUASCALIENTES,4,SAN FRANCISCO DE LOS ROMO,10,SAN FRANCISCO DE LOS ROMO,476,6,549,687,10,43,50,9,179,27,89,,,,,,,,,58,,,,0,1701,38,1739,3793
,1,AGUASCALIENTES,4,SAN FRANCISCO DE LOS ROMO,10,SAN FRANCISCO DE LOS ROMO,477,5,482,686,27,12,227,21,73,60,25,,,,,,,,,49,,,,1,1662,59,1722,3502
,1,AGUASCALIENTES,4,SAN FRANCISCO DE LOS ROMO,10,SAN FRANCISCO DE LOS ROMO,478,9,695,959,77,30,161,26,257,121,42,,,,,,,,,119,,,,4,2487,87,2578,6075
,1,AGUASCALIENTES,2,EL LLANO,11,EL LLANO,479,4,496,148,231,379,43,199,37,17,13,3,13,0,0,,,,,,,,,0,1579,45,1624,2282
,1,AGUASCALIENTES,2,EL LLANO,11,EL LLANO,480,3,358,134,266,320,8,174,41,7,6,0,14,1,0,,,,,,,,,0,1329,41,1370,1951
,1,AGUASCALIENTES,2,EL LLANO,11,EL LLANO,481,2,118,83,387,187,8,50,18,9,9,0,4,0,0,,,,,,,,,1,873,33,907,1257
,1,AGUASCALIENTES,2,EL LLANO,11,EL LLANO,482,4,163,168,677,518,25,118,22,15,4,4,17,1,0,,,,,,,,,1,1732,57,1790,2387
,1,AGUASCALIENTES,2,EL LLANO,11,EL LLANO,483,2,106,84,190,173,59,25,5,2,1,0,0,0,0,,,,,,,,,0,645,23,668,871
,1,AGUASCALIENTES,2,EL LLANO,11,EL LLANO,484,2,129,91,124,89,48,29,3,5,3,0,2,0,0,,,,,,,,,0,523,31,554,829
,1,AGUASCALIENTES,2,EL LLANO,11,EL LLANO,485,4,266,213,319,403,181,125,79,13,4,2,16,0,2,,,,,,,,,0,1623,40,1663,2423
,1,AGUASCALIENTES,2,EL LLANO,11,EL LLANO,486,4,362,165,208,321,184,43,18,9,12,2,8,0,0,,,,,,,,,0,1332,48,1380,2108
