ID_ESTADO,NOMBRE_ESTADO,ID_MUNICIPIO,MUNICIPIO,SECCIONES,CASILLAS,MC,PES,RSP,FXM,PBC,PAN_PRI_PRD,PT_PVEM_MORENA,CAND_IND1,CAND_IND2,CAND_IND3,CAND_IND4,CAND_IND5,NUM_VOTOS_VALIDOS,NUM_VOTOS_CAN_NREG,NUM_VOTOS_NULOS,TOTAL_VOTOS,LISTA_NOMINAL,RUTA_ACTA
2,BAJA CALIFORNIA,1,ENSENADA,244,700,4806,14467,4286,14853,1820,25819,79438,8694,0,0,0,0,154183,143,4958,159284,414808,
2,BAJA CALIFORNIA,2,MEXICALI,580,1398,19186,34877,3153,3244,7678,87227,138447,0,12299,0,0,0,306111,329,8853,315293,818537,
2,BAJA CALIFORNIA,3,TECATE,46,145,943,7655,709,1997,331,5761,11468,0,0,2368,2996,0,34228,25,1563,35816,88071,
2,BAJA CALIFORNIA,4,TIJUANA,1116,2566,16288,82919,0,6755,9922,157838,274328,0,0,0,0,0,548050,628,17352,566030,1493699,
2,BAJA CALIFORNIA,5,PLAYAS DE ROSARITO,27,158,1372,5172,972,632,605,2600,14425,0,0,0,0,9666,35444,11,1045,36500,104062,
