ID_ESTADO,NOMBRE_ESTADO,ID_MUNICIPIO,MUNICIPIO,SECCIONES,CASILLAS,PAN,PRI,PRD,PT,PVEM,MC,MORENA,PES,RSP,FXM,PBC,CAND_IND1,CAND_IND2,CAND_IND3,CAND_IND4,CAND_IND5,NUM_VOTOS_VALIDOS,NUM_VOTOS_CAN_NREG,NUM_VOTOS_NULOS,TOTAL_VOTOS,LISTA_NOMINAL,RUTA_ACTA
2,BAJA CALIFORNIA,1,ENSENADA,244,700,15320,8180,2319,9009,3587,4806,66842,14467,4286,14853,1820,8694,0,0,0,0,154183,143,4958,159284,414808,
2,BAJA CALIFORNIA,2,MEXICALI,580,1398,68411,15557,3259,3628,4714,19186,130105,34877,3153,3244,7678,0,12299,0,0,0,306111,329,8853,315293,818537,
2,BAJA CALIFORNIA,3,TECATE,46,145,2253,3154,354,508,1590,943,9370,7655,709,1997,331,0,0,2368,2996,0,34228,25,1563,35816,88071,
2,BAJA CALIFORNIA,4,TIJUANA,1116,2566,115431,30829,11578,10962,10579,16288,252787,82919,0,6755,9922,0,0,0,0,0,548050,628,17352,566030,1493699,
2,BAJA CALIFORNIA,5,PLAYAS DE ROSARITO,27,158,1483,749,368,473,689,1372,13263,5172,972,632,605,0,0,0,0,9666,35444,11,1045,36500,104062,
