ID_ESTADO,NOMBRE_ESTADO,ID_DISTRITO_LOCAL,CABECERA_DISTRITAL_LOCAL,SECCIONES,CASILLAS,PAN_PRI_PRD,PVEM_PT_MORENA_RSPD,MC,NUM_VOTOS_VALIDOS,NUM_VOTOS_CAN_NREG,NUM_VOTOS_NULOS,TOTAL_VOTOS,LISTA_NOMINAL,RUTA_ACTA
10,DURANGO,0,VOTO EN EL EXTRANJERO,0,1,194,357,14,565,4,16,585,2351,
10,DURANGO,1,VICTORIA DE DURANGO,48,152,23833,16201,2444,42478,14,769,43261,98983,
10,DURANGO,2,VICTORIA DE DURANGO,66,165,22636,17002,2820,42458,32,738,43228,96979,
10,DURANGO,3,VICTORIA DE DURANGO,48,162,25383,16301,2744,44428,11,893,45332,105221,
10,DURANGO,4,VICTORIA DE DURANGO,66,172,26331,17818,2695,46844,24,852,47720,100762,
10,DURANGO,5,VICTORIA DE DURANGO,101,174,32184,17900,3772,53856,28,832,54716,94754,
10,DURANGO,6,EL SALTO,113,166,22663,17082,1558,41303,12,984,42299,73811,
10,DURANGO,7,SANTIAGO PAPASQUIARO,148,196,27126,18000,611,45737,16,1093,46846,79018,
10,DURANGO,8,SANTA MARIA DEL ORO,180,237,27986,18508,1441,47935,150,1349,49434,87486,
10,DURANGO,9,MAPIMI,107,166,23108,20811,1542,45461,40,964,46465,77623,
10,DURANGO,10,GOMEZ PALACIO,73,152,19064,17300,1025,37389,107,695,38191,86936,
10,DURANGO,11,GOMEZ PALACIO,77,164,23695,16554,1843,42092,136,799,43027,92666,
10,DURANGO,12,GOMEZ PALACIO,56,140,23020,14069,1687,38776,77,650,39503,85365,
10,DURANGO,13,LERDO,52,142,21192,18319,2104,41615,6,714,42335,85181,
10,DURANGO,14,CUENCAME DE CENICEROS,112,177,24519,21279,1469,47267,23,1250,48540,81709,
10,DURANGO,15,NOMBRE DE DIOS,100,180,25925,21980,1761,49666,2741,2022,54429,92095,
