﻿CIRCUNSCRIPCION,ID_ESTADO,NOMBRE_ESTADO,ID_DISTRITO_LOCAL,CABECERA_DISTRITAL_LOCAL,ID_MUNICIPIO,MUNICIPIO,SECCION,CASILLAS,PAN,C_COMUN_PRI_PVEM_NA_PS,C_COMUN_PRI_PVEM_PS,PRD,PT,MC,NA,PAC,MORENA,ES,PAN_PRD_PAC,PAN_PRD,PAN_PAC,PRD_PAC,PT_MORENA_ES,PT_MORENA,PT_ES,MORENA_ES,CAND_IND1,CAND_IND2,CAND_IND3,CAND_IND4,CAND_IND5,CAND_IND6,CAND_IND7,NUM_VOTOS_VALIDOS,NUM_VOTOS_CAN_NREG,NUM_VOTOS_NULOS,TOTAL_VOTOS,LISTA_NOMINAL
,29,TLAXCALA,01,SAN ANTONIO CALPULALPAN,006,CALPULALPAN,0078,6,243,370,,57,97,74,,147,913,97,10,4,4,6,32,8,0,10,,,,,,,,2072,1,124,2197,4082
,29,TLAXCALA,01,SAN ANTONIO CALPULALPAN,006,CALPULALPAN,0079,4,135,229,,28,64,30,,111,599,55,3,1,1,1,17,7,3,4,,,,,,,,1288,0,54,1342,2128
,29,TLAXCALA,01,SAN ANTONIO CALPULALPAN,006,CALPULALPAN,0080,2,94,161,,18,26,28,,52,376,33,5,3,0,0,8,5,4,4,,,,,,,,817,3,44,864,1397
,29,TLAXCALA,01,SAN ANTONIO CALPULALPAN,006,CALPULALPAN,0081,3,123,152,,25,56,21,,68,501,43,5,0,3,0,11,7,1,6,,,,,,,,1022,0,45,1067,1767
,29,TLAXCALA,01,SAN ANTONIO CALPULALPAN,006,CALPULALPAN,0082,3,164,179,,25,59,38,,90,546,39,4,1,1,1,20,3,1,5,,,,,,,,1176,1,40,1217,2065
,29,TLAXCALA,01,SAN ANTONIO CALPULALPAN,006,CALPULALPAN,0083,4,181,252,,27,44,42,,134,618,49,1,2,2,0,26,7,0,9,,,,,,,,1394,0,72,1466,2502
,29,TLAXCALA,01,SAN ANTONIO CALPULALPAN,006,CALPULALPAN,0084,1,54,86,,8,14,16,,67,162,18,1,0,0,0,4,0,0,3,,,,,,,,433,0,25,458,728
,29,TLAXCALA,01,SAN ANTONIO CALPULALPAN,006,CALPULALPAN,0085,3,122,172,,25,65,34,,100,588,38,7,2,2,0,22,7,1,14,,,,,,,,1199,0,52,1251,2078
,29,TLAXCALA,01,SAN ANTONIO CALPULALPAN,006,CALPULALPAN,0086,3,155,216,,17,40,23,,104,490,18,1,5,1,0,6,8,2,11,,,,,,,,1097,1,53,1151,1763
,29,TLAXCALA,01,SAN ANTONIO CALPULALPAN,006,CALPULALPAN,0087,2,50,113,,20,19,10,,38,294,19,0,1,0,0,0,1,0,3,,,,,,,,568,0,9,577,980
,29,TLAXCALA,01,SAN ANTONIO CALPULALPAN,006,CALPULALPAN,0088,2,123,137,,16,26,28,,63,432,31,1,1,0,0,17,4,0,0,,,,,,,,879,0,46,925,1373
,29,TLAXCALA,01,SAN ANTONIO CALPULALPAN,006,CALPULALPAN,0089,3,193,264,,23,36,29,,128,548,27,5,2,1,0,20,7,0,5,,,,,,,,1288,1,67,1356,2098
,29,TLAXCALA,01,SAN ANTONIO CALPULALPAN,006,CALPULALPAN,0090,4,207,223,,34,66,63,,148,667,58,9,6,2,0,22,7,1,8,,,,,,,,1521,0,72,1593,2712
,29,TLAXCALA,01,SAN ANTONIO CALPULALPAN,006,CALPULALPAN,0091,1,79,69,,6,26,11,,19,219,10,0,0,0,0,7,0,0,6,,,,,,,,452,0,13,465,743
,29,TLAXCALA,01,SAN ANTONIO CALPULALPAN,006,CALPULALPAN,0092,3,185,190,,35,63,25,,91,578,31,6,3,5,1,14,5,1,5,,,,,,,,1238,0,20,1258,1979
,29,TLAXCALA,01,SAN ANTONIO CALPULALPAN,006,CALPULALPAN,0093,2,131,116,,22,62,44,,40,361,19,3,1,2,0,19,6,0,7,,,,,,,,833,1,20,854,1281
,29,TLAXCALA,01,SAN ANTONIO CALPULALPAN,006,CALPULALPAN,0094,2,39,120,,12,30,14,,22,341,5,0,0,0,0,16,3,0,4,,,,,,,,606,0,14,620,870
,29,TLAXCALA,01,SAN ANTONIO CALPULALPAN,006,CALPULALPAN,0095,1,47,67,,10,16,6,,3,101,7,2,2,0,1,0,0,1,0,,,,,,,,263,0,13,276,440
,29,TLAXCALA,01,SAN ANTONIO CALPULALPAN,006,CALPULALPAN,0096,1,63,80,,8,12,3,,49,117,4,0,1,0,0,3,2,0,3,,,,,,,,345,0,8,353,638
,29,TLAXCALA,01,SAN ANTONIO CALPULALPAN,006,CALPULALPAN,0097,2,56,115,,11,48,5,,31,220,16,0,0,0,0,21,2,0,4,,,,,,,,529,0,28,557,918
,29,TLAXCALA,01,SAN ANTONIO CALPULALPAN,006,CALPULALPAN,0098,3,252,228,,24,54,23,,34,247,23,6,5,2,0,14,8,1,7,,,,,,,,928,0,43,971,1635
,29,TLAXCALA,01,SAN ANTONIO CALPULALPAN,020,SANCTORUM DE LAZARO CARDENAS,0292,2,100,209,,16,40,18,,87,325,27,1,0,1,0,8,1,2,9,,,,,,,,844,0,25,869,1419
,29,TLAXCALA,01,SAN ANTONIO CALPULALPAN,020,SANCTORUM DE LAZARO CARDENAS,0293,1,13,50,,3,3,1,,3,22,1,1,0,0,0,0,0,0,0,,,,,,,,97,0,1,98,143
,29,TLAXCALA,01,SAN ANTONIO CALPULALPAN,020,SANCTORUM DE LAZARO CARDENAS,0294,4,132,366,,37,58,28,,113,535,43,3,1,4,2,32,8,2,5,,,,,,,,1369,0,63,1432,2253
,29,TLAXCALA,01,SAN ANTONIO CALPULALPAN,020,SANCTORUM DE LAZARO CARDENAS,0297,2,148,142,,51,59,19,,26,380,13,1,0,0,0,14,7,0,7,,,,,,,,867,1,21,889,1392
,29,TLAXCALA,01,SAN ANTONIO CALPULALPAN,020,SANCTORUM DE LAZARO CARDENAS,0298,3,122,138,,49,32,11,,17,412,14,2,3,1,0,8,2,0,3,,,,,,,,814,0,26,840,1337
,29,TLAXCALA,01,SAN ANTONIO CALPULALPAN,021,NANACAMILPA DE MARIANO ARISTA,0299,4,179,338,,33,99,43,,37,590,27,8,1,2,0,21,5,3,4,,,,,,,,1390,1,68,1459,2671
,29,TLAXCALA,01,SAN ANTONIO CALPULALPAN,021,NANACAMILPA DE MARIANO ARISTA,0300,2,145,243,,6,46,25,,39,284,21,8,1,3,0,14,1,0,1,,,,,,,,837,0,33,870,1372
,29,TLAXCALA,01,SAN ANTONIO CALPULALPAN,021,NANACAMILPA DE MARIANO ARISTA,0301,4,188,472,,19,72,34,,42,463,26,9,1,2,2,11,4,0,4,,,,,,,,1349,0,52,1401,2356
,29,TLAXCALA,01,SAN ANTONIO CALPULALPAN,021,NANACAMILPA DE MARIANO ARISTA,0302,4,156,391,,39,92,38,,37,543,41,5,1,0,0,27,7,0,0,,,,,,,,1377,0,48,1425,2441
,29,TLAXCALA,01,SAN ANTONIO CALPULALPAN,021,NANACAMILPA DE MARIANO ARISTA,0303,2,74,158,,7,25,6,,15,191,14,1,2,0,0,3,6,1,3,,,,,,,,506,0,25,531,810
,29,TLAXCALA,01,SAN ANTONIO CALPULALPAN,021,NANACAMILPA DE MARIANO ARISTA,0304,2,81,156,,15,36,17,,17,234,17,1,1,0,0,7,0,0,4,,,,,,,,586,0,11,597,952
,29,TLAXCALA,01,SAN ANTONIO CALPULALPAN,021,NANACAMILPA DE MARIANO ARISTA,0305,1,50,83,,2,5,5,,10,64,4,3,0,0,0,0,0,0,2,,,,,,,,228,0,13,241,359
,29,TLAXCALA,01,SAN ANTONIO CALPULALPAN,021,NANACAMILPA DE MARIANO ARISTA,0306,1,19,30,,2,2,3,,0,28,1,0,0,0,0,0,1,0,1,,,,,,,,87,0,2,89,169
,29,TLAXCALA,01,SAN ANTONIO CALPULALPAN,021,NANACAMILPA DE MARIANO ARISTA,0307,1,37,110,,5,12,6,,35,110,2,4,0,0,0,7,0,0,0,,,,,,,,328,0,0,328,540
,29,TLAXCALA,01,SAN ANTONIO CALPULALPAN,021,NANACAMILPA DE MARIANO ARISTA,0308,2,151,218,,25,23,18,,48,315,16,9,0,2,0,6,1,0,1,,,,,,,,833,0,32,865,1253
,29,TLAXCALA,01,SAN ANTONIO CALPULALPAN,060,BENITO JUAREZ,0295,4,138,311,,212,70,23,,68,686,31,0,1,1,0,16,9,0,7,,,,,,,,1573,1,51,1625,2647
,29,TLAXCALA,01,SAN ANTONIO CALPULALPAN,060,BENITO JUAREZ,0296,3,79,184,,99,24,15,,40,458,16,0,2,1,0,7,15,1,4,,,,,,,,945,0,53,998,1633
,29,TLAXCALA,02,TLAXCO DE MORELOS,004,ATLANGATEPEC,0049,1,52,,66,16,17,2,25,7,163,13,0,1,0,1,5,3,0,2,17,38,,,,,,428,46,19,493,704
,29,TLAXCALA,02,TLAXCO DE MORELOS,004,ATLANGATEPEC,0050,1,34,,39,9,5,1,31,3,44,3,0,0,0,0,5,0,0,0,7,10,,,,,,191,49,10,250,348
,29,TLAXCALA,02,TLAXCO DE MORELOS,004,ATLANGATEPEC,0051,1,29,,47,5,6,2,10,3,47,4,0,0,0,0,1,1,0,1,6,6,,,,,,168,43,15,226,321
,29,TLAXCALA,02,TLAXCO DE MORELOS,004,ATLANGATEPEC,0052,1,12,,10,4,6,0,2,0,15,2,0,0,0,0,0,1,0,0,1,14,,,,,,67,16,4,87,101
,29,TLAXCALA,02,TLAXCO DE MORELOS,004,ATLANGATEPEC,0053,2,95,,103,14,48,4,39,7,196,6,2,0,0,0,6,1,0,0,14,56,,,,,,591,96,26,713,1095
,29,TLAXCALA,02,TLAXCO DE MORELOS,004,ATLANGATEPEC,0054,1,23,,33,6,11,3,15,3,56,3,0,0,0,0,0,0,0,2,7,5,,,,,,167,76,15,258,407
,29,TLAXCALA,02,TLAXCO DE MORELOS,004,ATLANGATEPEC,0055,1,35,,19,7,7,3,21,4,42,3,0,2,1,0,2,1,1,0,9,8,,,,,,165,25,12,202,333
,29,TLAXCALA,02,TLAXCO DE MORELOS,004,ATLANGATEPEC,0056,2,65,,59,17,42,11,83,9,175,8,2,2,0,1,6,3,1,3,25,30,,,,,,542,290,44,876,1219
,29,TLAXCALA,02,TLAXCO DE MORELOS,004,ATLANGATEPEC,0057,1,25,,28,3,5,0,26,1,58,2,0,0,1,0,1,2,0,1,9,8,,,,,,170,54,21,245,358
,29,TLAXCALA,02,TLAXCO DE MORELOS,031,TETLA DE LA SOLIDARIDAD,0409,2,82,,79,22,49,5,33,9,290,18,1,1,0,0,8,8,0,6,36,41,,,,,,688,139,35,862,1365
,29,TLAXCALA,02,TLAXCO DE MORELOS,031,TETLA DE LA SOLIDARIDAD,0410,2,55,,99,21,48,6,20,6,270,8,0,0,1,0,6,6,2,0,15,22,,,,,,585,175,60,820,1246
,29,TLAXCALA,02,TLAXCO DE MORELOS,031,TETLA DE LA SOLIDARIDAD,0411,4,216,,124,87,84,24,39,20,576,20,5,6,1,0,12,7,1,4,87,62,,,,,,1375,253,78,1706,2653
,29,TLAXCALA,02,TLAXCO DE MORELOS,031,TETLA DE LA SOLIDARIDAD,0412,4,166,,172,89,97,17,74,21,714,25,4,1,0,0,14,8,0,7,88,55,,,,,,1552,170,77,1799,2931
,29,TLAXCALA,02,TLAXCO DE MORELOS,031,TETLA DE LA SOLIDARIDAD,0413,2,56,,96,25,50,5,57,5,319,9,1,0,0,0,8,10,3,0,26,26,,,,,,696,64,45,805,1273
,29,TLAXCALA,02,TLAXCO DE MORELOS,031,TETLA DE LA SOLIDARIDAD,0414,2,71,,29,13,38,3,11,9,227,10,1,0,0,0,5,2,0,1,20,17,,,,,,457,21,26,504,796
,29,TLAXCALA,02,TLAXCO DE MORELOS,031,TETLA DE LA SOLIDARIDAD,0415,2,144,,56,26,26,7,26,11,223,6,3,1,0,0,4,2,0,1,23,27,,,,,,586,45,39,670,1060
,29,TLAXCALA,02,TLAXCO DE MORELOS,031,TETLA DE LA SOLIDARIDAD,0416,2,119,,112,31,46,10,36,12,122,9,5,0,0,0,10,3,0,1,68,12,,,,,,596,80,50,726,1122
,29,TLAXCALA,02,TLAXCO DE MORELOS,031,TETLA DE LA SOLIDARIDAD,0417,1,32,,35,6,23,1,15,3,36,1,0,0,0,0,2,0,0,1,20,11,,,,,,186,14,10,210,322
,29,TLAXCALA,02,TLAXCO DE MORELOS,031,TETLA DE LA SOLIDARIDAD,0418,1,29,,29,9,28,1,44,2,94,6,1,1,0,0,0,0,0,2,10,13,,,,,,269,19,11,299,431
,29,TLAXCALA,02,TLAXCO DE MORELOS,031,TETLA DE LA SOLIDARIDAD,0419,1,27,,97,8,30,9,28,4,114,3,3,0,1,0,5,4,1,0,14,24,,,,,,372,14,17,403,616
,29,TLAXCALA,02,TLAXCO DE MORELOS,031,TETLA DE LA SOLIDARIDAD,0420,3,163,,58,16,75,11,62,23,354,10,1,1,1,0,11,7,1,5,27,25,,,,,,851,257,84,1192,1900
,29,TLAXCALA,02,TLAXCO DE MORELOS,031,TETLA DE LA SOLIDARIDAD,0421,3,223,,95,40,64,10,40,33,483,19,3,1,1,0,17,13,0,0,44,27,,,,,,1113,181,94,1388,2215
,29,TLAXCALA,02,TLAXCO DE MORELOS,031,TETLA DE LA SOLIDARIDAD,0422,5,150,,141,44,95,8,129,15,724,24,2,7,0,0,20,10,1,4,83,42,,,,,,1499,464,149,2112,3565
,29,TLAXCALA,02,TLAXCO DE MORELOS,031,TETLA DE LA SOLIDARIDAD,0423,1,19,,31,10,5,0,7,0,40,0,1,0,0,0,0,0,0,1,2,2,,,,,,118,37,7,162,231
,29,TLAXCALA,02,TLAXCO DE MORELOS,034,TLAXCO,0058,1,16,,12,0,0,2,6,0,52,0,0,0,0,0,0,0,0,0,14,25,,,,,,127,5,17,149,209
,29,TLAXCALA,02,TLAXCO DE MORELOS,034,TLAXCO,0470,2,100,,77,14,14,11,81,3,127,12,1,1,0,0,1,2,0,1,68,39,,,,,,552,8,23,583,945
,29,TLAXCALA,02,TLAXCO DE MORELOS,034,TLAXCO,0471,2,108,,56,16,18,5,61,8,103,8,2,2,1,0,0,1,0,1,224,31,,,,,,645,21,70,736,1337
,29,TLAXCALA,02,TLAXCO DE MORELOS,034,TLAXCO,0472,2,104,,89,6,18,7,93,9,187,10,2,1,1,0,4,3,1,0,81,74,,,,,,690,6,48,744,1271
,29,TLAXCALA,02,TLAXCO DE MORELOS,034,TLAXCO,0473,2,113,,85,10,25,7,74,8,156,5,2,1,0,1,0,1,0,31,90,60,,,,,,669,9,28,706,1041
,29,TLAXCALA,02,TLAXCO DE MORELOS,034,TLAXCO,0474,3,160,,102,25,23,3,226,15,204,3,2,3,0,0,6,1,3,2,112,130,,,,,,1020,41,35,1096,1732
,29,TLAXCALA,02,TLAXCO DE MORELOS,034,TLAXCO,0475,2,164,,174,14,11,3,51,13,164,5,4,1,1,1,2,1,0,1,101,107,,,,,,818,15,31,864,1261
,29,TLAXCALA,02,TLAXCO DE MORELOS,034,TLAXCO,0476,4,225,,203,31,38,13,162,23,362,19,3,4,1,1,15,5,0,5,135,337,,,,,,1582,36,72,1690,2768
,29,TLAXCALA,02,TLAXCO DE MORELOS,034,TLAXCO,0477,2,126,,88,13,13,1,117,7,181,6,2,0,1,0,4,3,1,0,76,94,,,,,,733,14,31,778,1067
,29,TLAXCALA,02,TLAXCO DE MORELOS,034,TLAXCO,0478,1,40,,35,2,14,9,39,4,89,2,1,0,0,0,4,3,1,1,21,34,,,,,,299,11,4,314,439
,29,TLAXCALA,02,TLAXCO DE MORELOS,034,TLAXCO,0479,1,18,,22,2,20,0,3,0,60,4,1,0,0,0,2,3,0,1,4,58,,,,,,198,19,11,228,323
,29,TLAXCALA,02,TLAXCO DE MORELOS,034,TLAXCO,0480,1,39,,12,4,5,5,12,3,35,1,1,0,1,0,0,0,0,1,7,24,,,,,,150,2,9,161,247
,29,TLAXCALA,02,TLAXCO DE MORELOS,034,TLAXCO,0481,3,250,,153,33,39,5,47,20,249,11,2,8,2,0,5,2,0,3,72,71,,,,,,972,75,59,1106,1938
,29,TLAXCALA,02,TLAXCO DE MORELOS,034,TLAXCO,0482,3,269,,73,27,34,14,45,9,291,13,2,1,0,0,2,4,0,1,58,82,,,,,,925,104,60,1089,1829
,29,TLAXCALA,02,TLAXCO DE MORELOS,034,TLAXCO,0483,1,6,,33,4,3,0,6,2,21,0,0,1,0,0,0,1,0,0,11,7,,,,,,95,3,1,99,124
,29,TLAXCALA,02,TLAXCO DE MORELOS,034,TLAXCO,0484,3,112,,76,19,58,20,30,7,442,18,2,2,0,1,23,13,1,8,33,106,,,,,,971,33,48,1052,1715
,29,TLAXCALA,02,TLAXCO DE MORELOS,034,TLAXCO,0485,1,44,,22,8,9,4,110,7,138,4,1,0,0,0,5,4,0,1,22,26,,,,,,405,23,10,438,672
,29,TLAXCALA,02,TLAXCO DE MORELOS,034,TLAXCO,0486,1,65,,33,7,14,3,20,3,149,5,2,0,0,0,3,1,0,0,23,11,,,,,,339,21,16,376,608
,29,TLAXCALA,02,TLAXCO DE MORELOS,034,TLAXCO,0487,1,10,,4,2,2,2,3,0,14,0,0,0,0,0,0,0,0,0,1,6,,,,,,44,1,1,46,144
,29,TLAXCALA,02,TLAXCO DE MORELOS,034,TLAXCO,0488,2,127,,36,13,39,15,55,10,199,12,1,5,0,0,9,6,2,2,60,99,,,,,,690,55,43,788,1257
,29,TLAXCALA,02,TLAXCO DE MORELOS,034,TLAXCO,0489,1,16,,6,3,5,1,1,2,19,1,0,0,0,0,1,0,0,0,7,5,,,,,,67,2,2,71,103
,29,TLAXCALA,02,TLAXCO DE MORELOS,034,TLAXCO,0490,1,25,,18,2,8,1,15,1,36,0,0,0,0,0,0,0,0,0,5,8,,,,,,119,5,3,127,187
,29,TLAXCALA,02,TLAXCO DE MORELOS,034,TLAXCO,0491,4,222,,211,205,90,34,170,22,328,10,1,2,0,0,7,1,0,0,52,77,,,,,,1432,23,71,1526,2552
,29,TLAXCALA,02,TLAXCO DE MORELOS,034,TLAXCO,0492,1,36,,16,5,9,2,18,0,52,1,0,5,0,1,1,0,0,2,9,21,,,,,,178,16,10,204,303
,29,TLAXCALA,02,TLAXCO DE MORELOS,034,TLAXCO,0493,1,55,,42,9,24,1,28,6,70,4,0,0,0,0,6,0,0,2,17,47,,,,,,311,11,10,332,517
,29,TLAXCALA,02,TLAXCO DE MORELOS,034,TLAXCO,0494,2,28,,39,6,37,9,26,6,146,7,0,0,0,0,12,5,0,5,32,27,,,,,,385,80,34,499,846
,29,TLAXCALA,02,TLAXCO DE MORELOS,034,TLAXCO,0495,2,64,,48,44,6,2,27,6,148,1,0,1,2,1,4,1,0,3,10,44,,,,,,412,49,29,490,802
,29,TLAXCALA,02,TLAXCO DE MORELOS,034,TLAXCO,0496,1,71,,75,25,17,5,32,3,117,3,1,1,1,0,1,0,0,0,18,22,,,,,,392,15,26,433,606
,29,TLAXCALA,02,TLAXCO DE MORELOS,034,TLAXCO,0497,2,60,,33,16,7,1,27,4,52,1,5,0,0,0,1,0,0,0,12,12,,,,,,231,82,12,325,447
,29,TLAXCALA,02,TLAXCO DE MORELOS,034,TLAXCO,0498,2,40,,27,16,13,1,5,6,48,1,0,2,0,1,3,2,1,1,30,19,,,,,,216,30,15,261,322
,29,TLAXCALA,02,TLAXCO DE MORELOS,034,TLAXCO,0499,2,107,,70,7,7,5,98,14,73,1,1,0,0,0,4,2,0,2,103,48,,,,,,542,32,36,610,882
,29,TLAXCALA,02,TLAXCO DE MORELOS,034,TLAXCO,0500,1,6,,20,4,8,2,12,8,50,3,0,0,0,0,0,0,0,0,20,55,,,,,,188,141,12,341,465
,29,TLAXCALA,02,TLAXCO DE MORELOS,034,TLAXCO,0501,2,120,,143,27,52,10,46,10,337,13,0,0,1,1,6,9,0,1,30,61,,,,,,867,82,49,998,1358
,29,TLAXCALA,02,TLAXCO DE MORELOS,034,TLAXCO,0502,1,59,,25,4,7,7,24,3,42,4,0,1,0,0,4,0,1,1,3,9,,,,,,194,22,32,248,326
,29,TLAXCALA,02,TLAXCO DE MORELOS,034,TLAXCO,0503,1,23,,8,2,5,2,4,1,19,3,0,0,0,0,4,0,0,0,10,5,,,,,,86,9,4,99,139
,29,TLAXCALA,02,TLAXCO DE MORELOS,034,TLAXCO,0504,1,12,,9,5,5,1,15,0,36,1,0,0,0,0,0,0,0,0,8,38,,,,,,130,14,9,153,212
,29,TLAXCALA,03,SAN COSME XALOSTOC,009,CUAXOMULCO,0117,2,181,141,,11,34,44,,18,306,28,3,2,0,0,4,4,0,4,,,70,,,,,850,0,51,901,1314
,29,TLAXCALA,03,SAN COSME XALOSTOC,009,CUAXOMULCO,0118,2,69,195,,12,33,20,,30,242,4,4,1,1,0,5,1,0,1,,,61,,,,,679,0,28,707,1031
,29,TLAXCALA,03,SAN COSME XALOSTOC,009,CUAXOMULCO,0119,1,31,74,,16,50,17,,13,138,8,0,0,0,0,2,0,0,0,,,42,,,,,391,0,19,410,585
,29,TLAXCALA,03,SAN COSME XALOSTOC,009,CUAXOMULCO,0120,1,8,46,,0,3,4,,1,61,2,0,0,0,0,0,1,0,0,,,42,,,,,168,0,8,176,244
,29,TLAXCALA,03,SAN COSME XALOSTOC,009,CUAXOMULCO,0121,2,135,214,,16,41,14,,61,243,8,2,2,0,0,9,3,1,3,,,38,,,,,790,2,27,819,1216
,29,TLAXCALA,03,SAN COSME XALOSTOC,030,TERRENATE,0398,4,60,445,,17,175,157,,20,518,32,0,1,1,0,31,13,1,2,,,51,,,,,1524,1,65,1590,2352
,29,TLAXCALA,03,SAN COSME XALOSTOC,030,TERRENATE,0399,3,47,356,,9,125,55,,28,321,17,0,0,0,0,21,4,1,3,,,45,,,,,1032,0,45,1077,1524
,29,TLAXCALA,03,SAN COSME XALOSTOC,030,TERRENATE,0403,2,55,196,,14,51,134,,10,127,17,0,1,1,0,4,2,2,4,,,35,,,,,653,0,35,688,1165
,29,TLAXCALA,03,SAN COSME XALOSTOC,030,TERRENATE,0404,4,102,403,,19,133,184,,15,325,31,1,2,3,1,10,7,5,6,,,152,,,,,1399,1,90,1490,2406
,29,TLAXCALA,03,SAN COSME XALOSTOC,030,TERRENATE,0405,1,17,56,,0,0,16,,0,65,0,0,0,0,0,0,0,0,0,,,23,,,,,177,0,11,188,252
,29,TLAXCALA,03,SAN COSME XALOSTOC,030,TERRENATE,0406,1,18,85,,7,39,23,,1,113,9,0,0,0,0,0,6,0,0,,,13,,,,,314,0,17,331,449
,29,TLAXCALA,03,SAN COSME XALOSTOC,030,TERRENATE,0407,1,37,92,,6,61,64,,3,146,9,0,0,0,0,9,3,0,0,,,10,,,,,440,0,24,464,673
,29,TLAXCALA,03,SAN COSME XALOSTOC,030,TERRENATE,0408,2,32,484,,4,50,45,,6,201,9,1,1,0,0,11,4,1,2,,,12,,,,,863,0,33,896,1258
,29,TLAXCALA,03,SAN COSME XALOSTOC,035,TOCATLAN,0505,4,84,351,,35,114,233,,19,528,19,1,0,0,0,16,8,0,4,,,93,,,,,1505,1,54,1560,2395
,29,TLAXCALA,03,SAN COSME XALOSTOC,035,TOCATLAN,0506,2,38,204,,24,87,59,,5,271,9,0,1,0,0,7,9,0,4,,,46,,,,,764,0,27,791,1419
,29,TLAXCALA,03,SAN COSME XALOSTOC,035,TOCATLAN,0507,1,13,90,,7,38,70,,1,155,5,1,0,0,0,3,2,0,0,,,17,,,,,402,0,12,414,625
,29,TLAXCALA,03,SAN COSME XALOSTOC,038,TZOMPANTEPEC,0527,6,195,619,,51,215,120,,56,810,62,1,2,1,0,35,15,5,9,,,167,,,,,2363,4,115,2482,4048
,29,TLAXCALA,03,SAN COSME XALOSTOC,038,TZOMPANTEPEC,0528,6,173,644,,37,192,104,,44,739,53,2,2,0,0,25,12,1,22,,,84,,,,,2134,3,86,2223,3515
,29,TLAXCALA,03,SAN COSME XALOSTOC,038,TZOMPANTEPEC,0529,2,40,253,,13,121,83,,10,305,17,1,0,0,0,18,5,2,0,,,66,,,,,934,0,39,973,1450
,29,TLAXCALA,03,SAN COSME XALOSTOC,038,TZOMPANTEPEC,0530,2,37,235,,17,42,73,,9,138,8,0,0,0,0,4,4,0,3,,,54,,,,,624,0,47,671,1134
,29,TLAXCALA,03,SAN COSME XALOSTOC,038,TZOMPANTEPEC,0536,1,22,160,,7,25,27,,8,126,4,1,0,0,0,8,1,2,0,,,36,,,,,427,1,21,449,685
,29,TLAXCALA,03,SAN COSME XALOSTOC,038,TZOMPANTEPEC,0537,1,15,62,,4,4,16,,9,25,6,0,0,0,0,0,1,0,0,,,16,,,,,158,1,18,177,246
,29,TLAXCALA,03,SAN COSME XALOSTOC,039,XALOZTOC,0538,3,76,300,,45,61,239,,17,490,30,0,0,0,2,11,10,0,1,,,73,,,,,1355,1,38,1394,2192
,29,TLAXCALA,03,SAN COSME XALOSTOC,039,XALOZTOC,0539,3,50,313,,28,78,463,,12,435,16,0,0,0,0,9,6,1,3,,,73,,,,,1487,0,39,1526,2074
,29,TLAXCALA,03,SAN COSME XALOSTOC,039,XALOZTOC,0540,5,68,379,,39,81,740,,18,543,19,1,2,0,0,23,11,2,6,,,88,,,,,2020,1,59,2080,3194
,29,TLAXCALA,03,SAN COSME XALOSTOC,039,XALOZTOC,0541,4,53,354,,29,87,480,,17,501,13,0,0,0,1,10,3,1,1,,,83,,,,,1633,0,40,1673,2733
,29,TLAXCALA,03,SAN COSME XALOSTOC,039,XALOZTOC,0542,4,37,162,,22,59,634,,13,330,23,1,1,1,2,10,10,0,2,,,144,,,,,1451,0,41,1492,2414
,29,TLAXCALA,03,SAN COSME XALOSTOC,039,XALOZTOC,0543,3,26,200,,28,52,500,,8,421,16,0,0,0,0,5,7,1,3,,,99,,,,,1366,0,49,1415,2062
,29,TLAXCALA,03,SAN COSME XALOSTOC,039,XALOZTOC,0544,1,44,108,,0,0,90,,0,134,0,0,0,0,0,0,0,0,0,,,26,,,,,402,0,22,424,600
,29,TLAXCALA,03,SAN COSME XALOSTOC,039,XALOZTOC,0545,1,17,65,,11,22,84,,1,105,2,1,0,0,0,0,1,0,2,,,32,,,,,343,0,15,358,566
,29,TLAXCALA,03,SAN COSME XALOSTOC,039,XALOZTOC,0546,1,6,117,,11,18,166,,1,135,5,0,0,0,0,0,0,0,2,,,17,,,,,478,0,13,491,733
,29,TLAXCALA,03,SAN COSME XALOSTOC,050,SAN JOSE TEACALCO,0531,2,46,150,,12,43,52,,20,335,24,2,0,2,0,11,6,0,6,,,103,,,,,812,0,25,837,1168
,29,TLAXCALA,03,SAN COSME XALOSTOC,050,SAN JOSE TEACALCO,0532,1,23,137,,9,24,37,,15,169,8,0,1,1,0,6,4,0,1,,,62,,,,,497,0,17,514,741
,29,TLAXCALA,03,SAN COSME XALOSTOC,050,SAN JOSE TEACALCO,0533,1,28,144,,8,21,21,,18,171,6,2,1,0,0,6,4,1,2,,,45,,,,,478,0,9,487,616
,29,TLAXCALA,03,SAN COSME XALOSTOC,050,SAN JOSE TEACALCO,0534,2,41,236,,5,43,28,,35,278,6,2,1,0,1,13,4,0,6,,,70,,,,,769,1,24,794,1087
,29,TLAXCALA,03,SAN COSME XALOSTOC,050,SAN JOSE TEACALCO,0535,1,19,141,,6,18,16,,5,108,12,0,0,0,0,13,2,0,0,,,32,,,,,372,0,15,387,598
,29,TLAXCALA,03,SAN COSME XALOSTOC,054,EMILIANO ZAPATA,0400,1,5,26,,2,9,7,,2,12,3,0,0,0,0,0,0,0,0,,,14,,,,,80,0,3,83,103
,29,TLAXCALA,03,SAN COSME XALOSTOC,054,EMILIANO ZAPATA,0401,1,13,45,,3,6,4,,3,24,0,0,0,0,0,0,0,0,0,,,19,,,,,117,0,7,124,157
,29,TLAXCALA,03,SAN COSME XALOSTOC,054,EMILIANO ZAPATA,0607,3,162,498,,17,71,85,,18,274,16,1,0,0,0,12,6,0,0,,,288,,,,,1448,0,69,1517,2139
,29,TLAXCALA,03,SAN COSME XALOSTOC,054,EMILIANO ZAPATA,0608,1,38,152,,6,20,29,,11,95,7,0,0,0,0,0,0,0,0,,,111,,,,,469,0,23,492,732
,29,TLAXCALA,03,SAN COSME XALOSTOC,055,LAZARO CARDENAS,0402,1,9,56,,1,26,18,,1,52,7,1,0,0,0,4,0,0,0,,,29,,,,,204,0,7,211,259
,29,TLAXCALA,03,SAN COSME XALOSTOC,055,LAZARO CARDENAS,0606,3,86,356,,21,86,129,,24,283,30,0,5,0,0,11,10,0,3,,,223,,,,,1267,6,57,1330,1966
,29,TLAXCALA,04,APIZACO,003,APIZACO,0012,2,130,121,,18,166,13,,17,252,23,0,0,0,0,,,,,,,,,,,,740,2,53,795,1187
,29,TLAXCALA,04,APIZACO,003,APIZACO,0013,3,288,247,,30,270,31,,23,473,54,8,1,0,0,,,,,,,,,,,,1425,7,62,1494,2206
,29,TLAXCALA,04,APIZACO,003,APIZACO,0014,6,576,379,,66,412,76,,28,1041,95,5,4,2,0,,,,,,,,,,,,2684,0,124,2808,4474
,29,TLAXCALA,04,APIZACO,003,APIZACO,0015,3,195,127,,30,238,27,,5,362,32,2,2,1,0,,,,,,,,,,,,1021,3,36,1060,1584
,29,TLAXCALA,04,APIZACO,003,APIZACO,0016,3,309,156,,18,200,27,,20,336,33,2,7,2,2,,,,,,,,,,,,1112,1,47,1160,1669
,29,TLAXCALA,04,APIZACO,003,APIZACO,0017,2,162,157,,23,193,24,,14,310,46,4,2,0,0,,,,,,,,,,,,935,6,49,990,1391
,29,TLAXCALA,04,APIZACO,003,APIZACO,0018,2,181,161,,12,155,11,,12,217,23,2,0,1,0,,,,,,,,,,,,775,1,41,817,1134
,29,TLAXCALA,04,APIZACO,003,APIZACO,0019,2,179,108,,10,133,21,,18,245,27,1,2,1,0,,,,,,,,,,,,745,1,35,781,1165
,29,TLAXCALA,04,APIZACO,003,APIZACO,0020,2,132,64,,10,88,7,,9,195,12,1,0,1,0,,,,,,,,,,,,519,0,28,547,842
,29,TLAXCALA,04,APIZACO,003,APIZACO,0021,1,74,45,,4,37,15,,5,101,15,0,0,0,0,,,,,,,,,,,,296,0,15,311,422
,29,TLAXCALA,04,APIZACO,003,APIZACO,0022,2,184,190,,16,168,23,,17,269,21,2,0,1,0,,,,,,,,,,,,891,1,47,939,1375
,29,TLAXCALA,04,APIZACO,003,APIZACO,0023,2,91,85,,5,137,17,,9,142,17,3,1,0,0,,,,,,,,,,,,507,1,47,555,744
,29,TLAXCALA,04,APIZACO,003,APIZACO,0024,2,105,106,,8,157,19,,7,181,13,3,0,1,0,,,,,,,,,,,,600,1,22,623,896
,29,TLAXCALA,04,APIZACO,003,APIZACO,0025,2,164,115,,20,193,26,,14,292,25,4,1,0,0,,,,,,,,,,,,854,1,45,900,1287
,29,TLAXCALA,04,APIZACO,003,APIZACO,0026,2,269,127,,16,162,18,,21,253,20,3,1,2,0,,,,,,,,,,,,892,1,32,925,1440
,29,TLAXCALA,04,APIZACO,003,APIZACO,0027,3,298,172,,24,255,31,,22,412,50,8,1,1,0,,,,,,,,,,,,1274,2,63,1339,2014
,29,TLAXCALA,04,APIZACO,003,APIZACO,0028,4,145,120,,18,224,23,,17,379,29,1,1,0,0,,,,,,,,,,,,957,2,54,1013,1505
,29,TLAXCALA,04,APIZACO,003,APIZACO,0029,3,188,151,,17,205,22,,27,450,32,1,4,0,1,,,,,,,,,,,,1098,0,51,1149,1654
,29,TLAXCALA,04,APIZACO,003,APIZACO,0030,8,728,602,,56,639,81,,62,1309,162,12,5,3,1,,,,,,,,,,,,3660,8,161,3829,5851
,29,TLAXCALA,04,APIZACO,003,APIZACO,0031,4,350,249,,42,281,35,,24,636,55,5,1,4,0,,,,,,,,,,,,1682,0,82,1764,2928
,29,TLAXCALA,04,APIZACO,003,APIZACO,0032,3,226,199,,20,216,31,,18,411,42,0,2,1,0,,,,,,,,,,,,1166,1,49,1216,1836
,29,TLAXCALA,04,APIZACO,003,APIZACO,0033,3,222,212,,18,267,31,,26,475,45,4,3,1,0,,,,,,,,,,,,1304,1,62,1367,2092
,29,TLAXCALA,04,APIZACO,003,APIZACO,0034,2,154,171,,16,219,27,,16,330,23,2,1,0,0,,,,,,,,,,,,959,0,40,999,1395
,29,TLAXCALA,04,APIZACO,003,APIZACO,0035,2,167,132,,13,169,18,,10,271,26,2,1,1,1,,,,,,,,,,,,811,0,27,838,1191
,29,TLAXCALA,04,APIZACO,003,APIZACO,0036,3,226,182,,24,268,27,,24,514,50,1,4,1,0,,,,,,,,,,,,1321,1,54,1376,2016
,29,TLAXCALA,04,APIZACO,003,APIZACO,0037,2,131,133,,16,198,18,,20,341,28,0,0,0,0,,,,,,,,,,,,885,0,36,921,1298
,29,TLAXCALA,04,APIZACO,003,APIZACO,0039,2,154,183,,11,47,13,,12,306,21,1,0,1,0,,,,,,,,,,,,749,0,34,783,1165
,29,TLAXCALA,04,APIZACO,003,APIZACO,0040,4,301,330,,41,129,56,,35,614,58,1,3,1,0,,,,,,,,,,,,1569,1,83,1653,2539
,29,TLAXCALA,04,APIZACO,003,APIZACO,0041,5,418,404,,46,156,74,,36,686,67,10,6,2,2,,,,,,,,,,,,1907,1,91,1999,3001
,29,TLAXCALA,04,APIZACO,003,APIZACO,0042,1,59,64,,11,38,7,,8,148,5,1,1,0,0,,,,,,,,,,,,342,0,14,356,579
,29,TLAXCALA,04,APIZACO,003,APIZACO,0043,5,361,314,,45,312,55,,33,763,77,3,4,1,0,,,,,,,,,,,,1968,0,103,2071,3341
,29,TLAXCALA,04,APIZACO,003,APIZACO,0044,3,284,188,,26,134,28,,29,524,29,0,0,4,0,,,,,,,,,,,,1246,0,70,1316,1983
,29,TLAXCALA,04,APIZACO,003,APIZACO,0045,1,37,32,,4,60,8,,4,110,11,1,0,0,0,,,,,,,,,,,,267,0,8,275,418
,29,TLAXCALA,04,APIZACO,003,APIZACO,0046,3,141,235,,13,163,26,,20,437,47,1,1,0,0,,,,,,,,,,,,1084,1,48,1133,1785
,29,TLAXCALA,04,APIZACO,003,APIZACO,0047,4,289,217,,31,207,36,,12,555,47,5,2,0,0,,,,,,,,,,,,1401,0,75,1476,2320
,29,TLAXCALA,04,APIZACO,003,APIZACO,0048,1,49,52,,6,51,7,,4,86,10,0,1,0,0,,,,,,,,,,,,266,0,19,285,364
,29,TLAXCALA,04,APIZACO,026,SANTA CRUZ TLAXCALA,0609,1,43,36,,6,46,6,,7,134,5,0,0,1,0,,,,,,,,,,,,284,0,15,299,510
,29,TLAXCALA,05,SAN DIONICIO YAUHQUEMEHCAN,003,APIZACO,0038,2,214,60,,19,121,12,,8,130,5,2,0,0,0,,,,,,,,,,,,571,0,29,600,930
,29,TLAXCALA,05,SAN DIONICIO YAUHQUEMEHCAN,011,MUÑOZ DE DOMINGO ARENAS,0161,3,173,140,,20,301,13,,19,410,46,0,0,0,0,,,,,,,,,,,,1122,1,73,1196,1887
,29,TLAXCALA,05,SAN DIONICIO YAUHQUEMEHCAN,011,MUÑOZ DE DOMINGO ARENAS,0162,2,70,64,,11,189,3,,6,276,11,0,1,0,0,,,,,,,,,,,,631,1,42,674,1004
,29,TLAXCALA,05,SAN DIONICIO YAUHQUEMEHCAN,011,MUÑOZ DE DOMINGO ARENAS,0163,1,45,26,,2,81,3,,1,120,4,0,1,1,0,,,,,,,,,,,,284,0,22,306,470
,29,TLAXCALA,05,SAN DIONICIO YAUHQUEMEHCAN,011,MUÑOZ DE DOMINGO ARENAS,0164,1,50,24,,1,49,1,,5,36,4,1,0,0,0,,,,,,,,,,,,171,0,15,186,270
,29,TLAXCALA,05,SAN DIONICIO YAUHQUEMEHCAN,012,ESPAÑITA,0165,3,659,102,,28,340,29,,11,166,5,15,9,2,0,,,,,,,,,,,,1366,0,55,1421,2061
,29,TLAXCALA,05,SAN DIONICIO YAUHQUEMEHCAN,012,ESPAÑITA,0167,1,79,57,,5,33,2,,2,44,5,4,1,0,0,,,,,,,,,,,,232,0,18,250,358
,29,TLAXCALA,05,SAN DIONICIO YAUHQUEMEHCAN,012,ESPAÑITA,0168,1,213,95,,4,75,12,,1,48,2,6,0,0,0,,,,,,,,,,,,456,0,19,475,721
,29,TLAXCALA,05,SAN DIONICIO YAUHQUEMEHCAN,012,ESPAÑITA,0169,1,80,32,,1,56,0,,2,15,0,3,3,1,0,,,,,,,,,,,,193,0,7,200,249
,29,TLAXCALA,05,SAN DIONICIO YAUHQUEMEHCAN,012,ESPAÑITA,0170,1,257,9,,10,47,8,,6,70,1,4,5,3,0,,,,,,,,,,,,420,0,26,446,712
,29,TLAXCALA,05,SAN DIONICIO YAUHQUEMEHCAN,012,ESPAÑITA,0171,1,124,41,,3,12,19,,6,15,0,1,4,0,0,,,,,,,,,,,,225,0,12,237,305
,29,TLAXCALA,05,SAN DIONICIO YAUHQUEMEHCAN,012,ESPAÑITA,0172,1,83,22,,1,49,10,,3,35,2,0,1,0,0,,,,,,,,,,,,206,0,9,215,303
,29,TLAXCALA,05,SAN DIONICIO YAUHQUEMEHCAN,012,ESPAÑITA,0173,1,84,31,,5,33,6,,1,12,2,4,4,2,0,,,,,,,,,,,,184,0,10,194,305
,29,TLAXCALA,05,SAN DIONICIO YAUHQUEMEHCAN,012,ESPAÑITA,0174,1,70,26,,0,20,2,,7,8,3,2,1,2,0,,,,,,,,,,,,141,0,8,149,212
,29,TLAXCALA,05,SAN DIONICIO YAUHQUEMEHCAN,012,ESPAÑITA,0175,1,124,105,,8,47,5,,6,89,10,1,1,1,0,,,,,,,,,,,,397,0,19,416,581
,29,TLAXCALA,05,SAN DIONICIO YAUHQUEMEHCAN,012,ESPAÑITA,0176,1,79,29,,3,38,3,,4,110,3,0,1,0,0,,,,,,,,,,,,270,0,21,291,417
,29,TLAXCALA,05,SAN DIONICIO YAUHQUEMEHCAN,012,ESPAÑITA,0177,1,79,41,,6,59,3,,13,19,2,1,1,1,0,,,,,,,,,,,,225,0,9,234,342
,29,TLAXCALA,05,SAN DIONICIO YAUHQUEMEHCAN,014,HUEYOTLIPAN,0220,3,359,245,,28,259,9,,30,317,15,10,4,2,0,,,,,,,,,,,,1278,0,63,1341,2074
,29,TLAXCALA,05,SAN DIONICIO YAUHQUEMEHCAN,014,HUEYOTLIPAN,0221,3,361,210,,26,228,10,,38,310,13,5,5,1,0,,,,,,,,,,,,1207,0,63,1270,2068
,29,TLAXCALA,05,SAN DIONICIO YAUHQUEMEHCAN,014,HUEYOTLIPAN,0222,2,117,78,,25,144,11,,9,253,3,1,2,0,0,,,,,,,,,,,,643,0,36,679,1138
,29,TLAXCALA,05,SAN DIONICIO YAUHQUEMEHCAN,014,HUEYOTLIPAN,0223,1,84,68,,8,33,4,,8,37,1,0,0,0,0,,,,,,,,,,,,243,0,25,268,395
,29,TLAXCALA,05,SAN DIONICIO YAUHQUEMEHCAN,014,HUEYOTLIPAN,0224,1,203,26,,14,115,4,,18,74,4,6,0,4,3,,,,,,,,,,,,471,0,19,490,710
,29,TLAXCALA,05,SAN DIONICIO YAUHQUEMEHCAN,014,HUEYOTLIPAN,0225,1,47,20,,2,69,0,,16,32,1,0,0,1,0,,,,,,,,,,,,188,0,11,199,295
,29,TLAXCALA,05,SAN DIONICIO YAUHQUEMEHCAN,014,HUEYOTLIPAN,0226,1,67,70,,8,120,1,,5,72,3,1,2,0,0,,,,,,,,,,,,349,0,19,368,523
,29,TLAXCALA,05,SAN DIONICIO YAUHQUEMEHCAN,014,HUEYOTLIPAN,0227,1,87,136,,8,140,3,,12,48,3,0,0,1,0,,,,,,,,,,,,438,0,10,448,640
,29,TLAXCALA,05,SAN DIONICIO YAUHQUEMEHCAN,014,HUEYOTLIPAN,0228,4,275,134,,61,281,12,,33,549,18,6,8,3,0,,,,,,,,,,,,1380,0,105,1485,2479
,29,TLAXCALA,05,SAN DIONICIO YAUHQUEMEHCAN,014,HUEYOTLIPAN,0229,1,16,13,,2,42,0,,1,7,0,1,0,0,0,,,,,,,,,,,,82,0,5,87,136
,29,TLAXCALA,05,SAN DIONICIO YAUHQUEMEHCAN,014,HUEYOTLIPAN,0230,1,63,25,,24,76,2,,20,86,3,0,4,1,1,,,,,,,,,,,,305,0,27,332,541
,29,TLAXCALA,05,SAN DIONICIO YAUHQUEMEHCAN,014,HUEYOTLIPAN,0231,1,32,20,,4,14,1,,12,62,3,1,0,0,0,,,,,,,,,,,,149,0,10,159,284
,29,TLAXCALA,05,SAN DIONICIO YAUHQUEMEHCAN,040,XALTOCAN,0547,2,136,53,,25,180,7,,31,256,16,1,2,0,1,,,,,,,,,,,,708,1,48,757,1144
,29,TLAXCALA,05,SAN DIONICIO YAUHQUEMEHCAN,040,XALTOCAN,0548,3,186,83,,34,342,18,,36,423,27,0,1,0,0,,,,,,,,,,,,1150,0,74,1224,1853
,29,TLAXCALA,05,SAN DIONICIO YAUHQUEMEHCAN,040,XALTOCAN,0549,2,116,47,,25,273,15,,29,290,11,5,1,1,0,,,,,,,,,,,,813,0,55,868,1399
,29,TLAXCALA,05,SAN DIONICIO YAUHQUEMEHCAN,040,XALTOCAN,0550,2,64,52,,18,149,6,,20,241,12,0,2,0,0,,,,,,,,,,,,564,0,23,587,898
,29,TLAXCALA,05,SAN DIONICIO YAUHQUEMEHCAN,040,XALTOCAN,0553,1,41,16,,6,42,2,,20,69,2,0,0,0,0,,,,,,,,,,,,198,0,10,208,303
,29,TLAXCALA,05,SAN DIONICIO YAUHQUEMEHCAN,040,XALTOCAN,0554,1,11,8,,3,30,2,,9,39,1,0,0,0,0,,,,,,,,,,,,103,0,3,106,150
,29,TLAXCALA,05,SAN DIONICIO YAUHQUEMEHCAN,040,XALTOCAN,0555,1,82,50,,10,124,6,,8,96,21,0,1,0,0,,,,,,,,,,,,398,0,29,427,677
,29,TLAXCALA,05,SAN DIONICIO YAUHQUEMEHCAN,040,XALTOCAN,0556,2,86,39,,19,135,9,,13,155,9,0,1,0,0,,,,,,,,,,,,466,0,26,492,761
,29,TLAXCALA,05,SAN DIONICIO YAUHQUEMEHCAN,040,XALTOCAN,0557,1,42,33,,11,169,8,,11,126,9,0,0,0,0,,,,,,,,,,,,409,0,35,444,725
,29,TLAXCALA,05,SAN DIONICIO YAUHQUEMEHCAN,043,YAUHQUEMEHCAN ,0575,3,326,93,,109,212,16,,48,438,34,3,3,0,0,,,,,,,,,,,,1282,1,66,1349,2136
,29,TLAXCALA,05,SAN DIONICIO YAUHQUEMEHCAN,043,YAUHQUEMEHCAN ,0576,3,323,68,,40,208,17,,40,344,22,5,4,0,0,,,,,,,,,,,,1071,0,59,1130,1694
,29,TLAXCALA,05,SAN DIONICIO YAUHQUEMEHCAN,043,YAUHQUEMEHCAN ,0577,1,88,35,,18,118,2,,7,181,12,0,0,1,0,,,,,,,,,,,,462,0,32,494,676
,29,TLAXCALA,05,SAN DIONICIO YAUHQUEMEHCAN,043,YAUHQUEMEHCAN ,0578,2,169,78,,21,120,5,,59,243,9,2,1,3,0,,,,,,,,,,,,710,0,25,735,1033
,29,TLAXCALA,05,SAN DIONICIO YAUHQUEMEHCAN,043,YAUHQUEMEHCAN ,0579,2,207,94,,40,102,9,,35,317,8,1,3,0,0,,,,,,,,,,,,816,0,45,861,1260
,29,TLAXCALA,05,SAN DIONICIO YAUHQUEMEHCAN,043,YAUHQUEMEHCAN ,0580,4,326,91,,33,243,28,,30,485,29,3,1,1,0,,,,,,,,,,,,1270,1,64,1335,2283
,29,TLAXCALA,05,SAN DIONICIO YAUHQUEMEHCAN,043,YAUHQUEMEHCAN ,0581,5,414,147,,53,346,23,,59,841,39,5,2,1,0,,,,,,,,,,,,1930,4,137,2071,3522
,29,TLAXCALA,05,SAN DIONICIO YAUHQUEMEHCAN,043,YAUHQUEMEHCAN ,0582,6,490,151,,52,812,43,,64,1026,70,7,4,2,2,,,,,,,,,,,,2723,1,136,2860,4436
,29,TLAXCALA,05,SAN DIONICIO YAUHQUEMEHCAN,043,YAUHQUEMEHCAN ,0583,4,206,119,,11,462,13,,51,774,50,6,3,0,0,,,,,,,,,,,,1695,2,111,1808,2913
,29,TLAXCALA,05,SAN DIONICIO YAUHQUEMEHCAN,043,YAUHQUEMEHCAN ,0584,2,151,47,,12,169,14,,18,237,14,4,3,3,0,,,,,,,,,,,,672,0,50,722,1265
,29,TLAXCALA,05,SAN DIONICIO YAUHQUEMEHCAN,043,YAUHQUEMEHCAN ,0585,4,421,142,,45,320,20,,72,649,46,6,3,4,1,,,,,,,,,,,,1729,4,85,1818,2689
,29,TLAXCALA,05,SAN DIONICIO YAUHQUEMEHCAN,057,SAN LUCAS TECOPILCO,0551,3,221,180,,13,154,37,,21,300,15,2,4,0,0,,,,,,,,,,,,947,0,67,1014,1517
,29,TLAXCALA,05,SAN DIONICIO YAUHQUEMEHCAN,057,SAN LUCAS TECOPILCO,0552,2,105,101,,7,87,21,,8,180,12,0,1,0,0,,,,,,,,,,,,522,0,37,559,898
,29,TLAXCALA,06,IXTACUIXTLA DE MARIANO MATAMOROS,015,IXTACUIXTLA DE MARIANO MATAMOROS,0232,3,37,79,,25,254,127,,41,404,30,0,0,1,0,,,,,,,,37,,,,1035,0,76,1111,2032
,29,TLAXCALA,06,IXTACUIXTLA DE MARIANO MATAMOROS,015,IXTACUIXTLA DE MARIANO MATAMOROS,0233,3,54,109,,23,112,118,,33,548,25,1,0,0,0,,,,,,,,44,,,,1067,0,64,1131,1725
,29,TLAXCALA,06,IXTACUIXTLA DE MARIANO MATAMOROS,015,IXTACUIXTLA DE MARIANO MATAMOROS,0234,2,41,121,,22,64,41,,37,419,17,2,0,3,0,,,,,,,,72,,,,839,0,21,860,1309
,29,TLAXCALA,06,IXTACUIXTLA DE MARIANO MATAMOROS,015,IXTACUIXTLA DE MARIANO MATAMOROS,0235,1,7,7,,2,20,12,,13,39,1,0,1,0,0,,,,,,,,9,,,,111,0,8,119,204
,29,TLAXCALA,06,IXTACUIXTLA DE MARIANO MATAMOROS,015,IXTACUIXTLA DE MARIANO MATAMOROS,0236,1,13,36,,6,17,24,,5,43,8,0,0,0,0,,,,,,,,13,,,,165,0,8,173,273
,29,TLAXCALA,06,IXTACUIXTLA DE MARIANO MATAMOROS,015,IXTACUIXTLA DE MARIANO MATAMOROS,0237,1,4,58,,2,12,72,,5,41,3,0,0,0,0,,,,,,,,3,,,,200,0,12,212,329
,29,TLAXCALA,06,IXTACUIXTLA DE MARIANO MATAMOROS,015,IXTACUIXTLA DE MARIANO MATAMOROS,0238,1,3,20,,5,30,46,,10,28,3,1,0,0,0,,,,,,,,4,,,,150,0,12,162,284
,29,TLAXCALA,06,IXTACUIXTLA DE MARIANO MATAMOROS,015,IXTACUIXTLA DE MARIANO MATAMOROS,0239,1,11,29,,3,17,81,,2,77,8,0,1,0,0,,,,,,,,4,,,,233,0,26,259,429
,29,TLAXCALA,06,IXTACUIXTLA DE MARIANO MATAMOROS,015,IXTACUIXTLA DE MARIANO MATAMOROS,0240,2,16,40,,12,34,32,,28,213,27,3,0,0,2,,,,,,,,29,,,,436,0,23,459,829
,29,TLAXCALA,06,IXTACUIXTLA DE MARIANO MATAMOROS,015,IXTACUIXTLA DE MARIANO MATAMOROS,0241,3,46,48,,18,132,58,,17,433,35,0,0,0,1,,,,,,,,46,,,,834,0,69,903,1742
,29,TLAXCALA,06,IXTACUIXTLA DE MARIANO MATAMOROS,015,IXTACUIXTLA DE MARIANO MATAMOROS,0242,2,31,53,,6,126,42,,14,321,49,0,1,0,0,,,,,,,,35,,,,678,3,47,728,1380
,29,TLAXCALA,06,IXTACUIXTLA DE MARIANO MATAMOROS,015,IXTACUIXTLA DE MARIANO MATAMOROS,0243,1,3,29,,2,32,17,,5,97,4,3,2,0,0,,,,,,,,0,,,,194,0,7,201,313
,29,TLAXCALA,06,IXTACUIXTLA DE MARIANO MATAMOROS,015,IXTACUIXTLA DE MARIANO MATAMOROS,0244,1,7,39,,8,38,25,,19,92,14,4,1,1,0,,,,,,,,27,,,,275,0,25,300,483
,29,TLAXCALA,06,IXTACUIXTLA DE MARIANO MATAMOROS,015,IXTACUIXTLA DE MARIANO MATAMOROS,0245,4,29,215,,31,158,77,,39,612,64,0,1,0,0,,,,,,,,320,,,,1546,0,68,1614,2364
,29,TLAXCALA,06,IXTACUIXTLA DE MARIANO MATAMOROS,015,IXTACUIXTLA DE MARIANO MATAMOROS,0246,1,18,69,,6,59,48,,19,196,23,1,1,0,0,,,,,,,,48,,,,488,0,25,513,721
,29,TLAXCALA,06,IXTACUIXTLA DE MARIANO MATAMOROS,015,IXTACUIXTLA DE MARIANO MATAMOROS,0247,3,67,128,,24,106,31,,120,382,43,6,1,0,1,,,,,,,,73,,,,982,0,64,1046,1604
,29,TLAXCALA,06,IXTACUIXTLA DE MARIANO MATAMOROS,015,IXTACUIXTLA DE MARIANO MATAMOROS,0248,2,23,70,,21,88,40,,53,333,63,0,0,2,0,,,,,,,,39,,,,732,0,34,766,1206
,29,TLAXCALA,06,IXTACUIXTLA DE MARIANO MATAMOROS,015,IXTACUIXTLA DE MARIANO MATAMOROS,0249,1,10,46,,8,44,6,,3,112,6,0,1,1,0,,,,,,,,99,,,,336,0,15,351,541
,29,TLAXCALA,06,IXTACUIXTLA DE MARIANO MATAMOROS,015,IXTACUIXTLA DE MARIANO MATAMOROS,0250,2,47,56,,12,46,34,,31,335,24,3,0,1,2,,,,,,,,47,,,,638,1,48,687,1003
,29,TLAXCALA,06,IXTACUIXTLA DE MARIANO MATAMOROS,015,IXTACUIXTLA DE MARIANO MATAMOROS,0251,4,57,255,,19,188,88,,30,985,59,0,0,0,0,,,,,,,,205,,,,1886,0,77,1963,2930
,29,TLAXCALA,06,IXTACUIXTLA DE MARIANO MATAMOROS,015,IXTACUIXTLA DE MARIANO MATAMOROS,0252,3,52,148,,26,69,35,,28,541,41,0,1,0,0,,,,,,,,110,,,,1051,0,57,1108,1878
,29,TLAXCALA,06,IXTACUIXTLA DE MARIANO MATAMOROS,015,IXTACUIXTLA DE MARIANO MATAMOROS,0253,3,69,133,,20,121,37,,31,462,40,4,0,1,0,,,,,,,,45,,,,963,0,48,1011,1636
,29,TLAXCALA,06,IXTACUIXTLA DE MARIANO MATAMOROS,015,IXTACUIXTLA DE MARIANO MATAMOROS,0256,2,18,54,,13,88,47,,16,417,34,0,0,0,0,,,,,,,,79,,,,766,0,49,815,1372
,29,TLAXCALA,06,IXTACUIXTLA DE MARIANO MATAMOROS,015,IXTACUIXTLA DE MARIANO MATAMOROS,0257,2,25,41,,10,37,22,,15,236,50,1,0,2,0,,,,,,,,38,,,,477,0,33,510,954
,29,TLAXCALA,06,IXTACUIXTLA DE MARIANO MATAMOROS,015,IXTACUIXTLA DE MARIANO MATAMOROS,0258,1,17,32,,7,35,7,,12,104,8,2,0,0,0,,,,,,,,33,,,,257,0,6,263,375
,29,TLAXCALA,06,IXTACUIXTLA DE MARIANO MATAMOROS,024,PANOTLA,0332,1,40,17,,2,1,2,,5,42,5,0,0,0,0,,,,,,,,8,,,,122,0,9,131,296
,29,TLAXCALA,06,IXTACUIXTLA DE MARIANO MATAMOROS,024,PANOTLA,0333,2,58,136,,27,34,20,,22,371,29,1,0,0,0,,,,,,,,41,,,,739,1,37,777,1208
,29,TLAXCALA,06,IXTACUIXTLA DE MARIANO MATAMOROS,024,PANOTLA,0334,2,20,147,,13,44,10,,13,340,82,2,0,0,0,,,,,,,,47,,,,718,0,42,760,1018
,29,TLAXCALA,06,IXTACUIXTLA DE MARIANO MATAMOROS,024,PANOTLA,0335,1,19,94,,18,48,6,,11,199,36,0,0,0,0,,,,,,,,20,,,,451,0,26,477,648
,29,TLAXCALA,06,IXTACUIXTLA DE MARIANO MATAMOROS,024,PANOTLA,0336,4,64,351,,77,154,28,,33,834,163,0,0,0,0,,,,,,,,97,,,,1801,0,103,1904,2667
,29,TLAXCALA,06,IXTACUIXTLA DE MARIANO MATAMOROS,024,PANOTLA,0337,3,40,206,,33,100,31,,22,687,131,1,2,0,0,,,,,,,,65,,,,1318,3,57,1378,1840
,29,TLAXCALA,06,IXTACUIXTLA DE MARIANO MATAMOROS,024,PANOTLA,0338,4,44,176,,79,165,49,,28,482,101,2,2,0,0,,,,,,,,54,,,,1182,0,106,1288,2343
,29,TLAXCALA,06,IXTACUIXTLA DE MARIANO MATAMOROS,024,PANOTLA,0339,2,18,58,,107,42,7,,10,139,24,0,1,1,0,,,,,,,,13,,,,420,0,32,452,790
,29,TLAXCALA,06,IXTACUIXTLA DE MARIANO MATAMOROS,024,PANOTLA,0340,1,17,53,,98,27,11,,8,101,12,0,5,0,0,,,,,,,,12,,,,344,0,37,381,687
,29,TLAXCALA,06,IXTACUIXTLA DE MARIANO MATAMOROS,024,PANOTLA,0341,1,1,27,,10,10,8,,1,37,4,0,0,0,0,,,,,,,,9,,,,107,0,0,107,157
,29,TLAXCALA,06,IXTACUIXTLA DE MARIANO MATAMOROS,024,PANOTLA,0342,3,39,149,,75,180,41,,63,453,77,2,1,0,0,,,,,,,,49,,,,1129,0,64,1193,1828
,29,TLAXCALA,06,IXTACUIXTLA DE MARIANO MATAMOROS,024,PANOTLA,0343,1,25,102,,85,21,11,,10,160,36,0,0,0,0,,,,,,,,14,,,,464,0,32,496,683
,29,TLAXCALA,06,IXTACUIXTLA DE MARIANO MATAMOROS,024,PANOTLA,0344,1,7,112,,58,49,24,,15,179,14,0,0,0,0,,,,,,,,33,,,,491,0,16,507,725
,29,TLAXCALA,06,IXTACUIXTLA DE MARIANO MATAMOROS,024,PANOTLA,0345,3,34,163,,63,120,21,,19,414,119,0,0,2,0,,,,,,,,80,,,,1035,1,57,1093,1630
,29,TLAXCALA,06,IXTACUIXTLA DE MARIANO MATAMOROS,024,PANOTLA,0346,3,41,176,,33,136,17,,35,435,81,3,1,0,1,,,,,,,,99,,,,1058,59,54,1171,1641
,29,TLAXCALA,06,IXTACUIXTLA DE MARIANO MATAMOROS,024,PANOTLA,0347,3,38,165,,25,139,51,,47,458,71,1,2,1,0,,,,,,,,167,,,,1165,0,62,1227,1831
,29,TLAXCALA,06,IXTACUIXTLA DE MARIANO MATAMOROS,036,TOTOLAC,0508,2,22,59,,9,28,11,,22,355,30,0,0,0,0,,,,,,,,22,,,,558,0,36,594,826
,29,TLAXCALA,06,IXTACUIXTLA DE MARIANO MATAMOROS,036,TOTOLAC,0509,2,35,83,,30,40,27,,26,353,30,0,0,0,0,,,,,,,,71,,,,695,0,52,747,1133
,29,TLAXCALA,06,IXTACUIXTLA DE MARIANO MATAMOROS,036,TOTOLAC,0510,2,64,99,,21,88,21,,59,292,30,1,1,1,0,,,,,,,,38,,,,715,0,40,755,1114
,29,TLAXCALA,06,IXTACUIXTLA DE MARIANO MATAMOROS,036,TOTOLAC,0511,2,45,92,,12,30,17,,23,326,35,1,2,0,0,,,,,,,,40,,,,623,1,33,657,929
,29,TLAXCALA,06,IXTACUIXTLA DE MARIANO MATAMOROS,036,TOTOLAC,0512,3,46,118,,54,169,42,,48,499,56,2,1,0,0,,,,,,,,50,,,,1085,0,55,1140,1669
,29,TLAXCALA,06,IXTACUIXTLA DE MARIANO MATAMOROS,036,TOTOLAC,0513,3,91,151,,50,143,70,,66,733,43,4,2,2,0,,,,,,,,96,,,,1451,0,97,1548,2241
,29,TLAXCALA,06,IXTACUIXTLA DE MARIANO MATAMOROS,036,TOTOLAC,0514,2,44,97,,13,85,20,,24,504,21,2,0,0,0,,,,,,,,37,,,,847,2,48,897,1293
,29,TLAXCALA,06,IXTACUIXTLA DE MARIANO MATAMOROS,036,TOTOLAC,0515,3,42,178,,30,109,30,,50,763,53,0,0,0,0,,,,,,,,97,,,,1352,2,52,1406,2019
,29,TLAXCALA,06,IXTACUIXTLA DE MARIANO MATAMOROS,036,TOTOLAC,0516,3,41,143,,40,88,23,,49,729,58,1,1,1,1,,,,,,,,67,,,,1242,0,49,1291,1861
,29,TLAXCALA,06,IXTACUIXTLA DE MARIANO MATAMOROS,036,TOTOLAC,0517,2,52,175,,28,59,14,,30,489,48,2,0,0,0,,,,,,,,23,,,,920,0,46,966,1459
,29,TLAXCALA,06,IXTACUIXTLA DE MARIANO MATAMOROS,036,TOTOLAC,0518,3,37,167,,25,64,15,,34,625,75,1,0,0,0,,,,,,,,33,,,,1076,1,54,1131,1594
,29,TLAXCALA,06,IXTACUIXTLA DE MARIANO MATAMOROS,036,TOTOLAC,0519,2,30,49,,7,39,8,,17,327,28,1,2,0,3,,,,,,,,20,,,,531,0,34,565,760
,29,TLAXCALA,07,TLAXCALA DE XICOHTENCATL,033,TLAXCALA,0435,3,138,265,,38,28,18,,116,467,20,2,1,1,0,9,6,0,2,,,,,35,,,1146,0,22,1168,1713
,29,TLAXCALA,07,TLAXCALA DE XICOHTENCATL,033,TLAXCALA,0436,3,136,283,,41,43,19,,103,412,20,3,2,1,2,9,5,0,4,,,,,52,,,1135,1,56,1192,1869
,29,TLAXCALA,07,TLAXCALA DE XICOHTENCATL,033,TLAXCALA,0437,2,132,176,,34,21,15,,95,373,16,8,6,3,0,9,4,0,3,,,,,47,,,942,1,39,982,1366
,29,TLAXCALA,07,TLAXCALA DE XICOHTENCATL,033,TLAXCALA,0438,3,138,171,,41,32,24,,83,509,35,8,1,0,0,16,3,0,4,,,,,78,,,1143,1,37,1181,1607
,29,TLAXCALA,07,TLAXCALA DE XICOHTENCATL,033,TLAXCALA,0439,4,263,259,,47,44,26,,148,689,44,5,3,1,1,13,3,0,6,,,,,102,,,1654,0,54,1708,2255
,29,TLAXCALA,07,TLAXCALA DE XICOHTENCATL,033,TLAXCALA,0440,3,189,285,,30,19,27,,119,524,31,5,1,4,1,9,3,1,5,,,,,79,,,1332,0,43,1375,1805
,29,TLAXCALA,07,TLAXCALA DE XICOHTENCATL,033,TLAXCALA,0441,2,84,172,,15,15,17,,55,374,22,2,1,3,0,7,1,0,0,,,,,64,,,832,1,30,863,1162
,29,TLAXCALA,07,TLAXCALA DE XICOHTENCATL,033,TLAXCALA,0442,2,81,143,,31,29,15,,61,400,16,2,0,3,0,3,4,0,4,,,,,46,,,838,1,47,886,1204
,29,TLAXCALA,07,TLAXCALA DE XICOHTENCATL,033,TLAXCALA,0443,1,62,82,,9,10,12,,36,240,9,2,2,1,0,7,2,0,2,,,,,31,,,507,1,13,521,710
,29,TLAXCALA,07,TLAXCALA DE XICOHTENCATL,033,TLAXCALA,0444,6,426,428,,65,78,46,,250,1126,65,16,4,7,1,24,7,0,12,,,,,161,,,2716,2,129,2847,3911
,29,TLAXCALA,07,TLAXCALA DE XICOHTENCATL,033,TLAXCALA,0445,2,130,184,,29,43,18,,100,377,14,1,2,4,1,13,3,0,2,,,,,57,,,978,0,31,1009,1456
,29,TLAXCALA,07,TLAXCALA DE XICOHTENCATL,033,TLAXCALA,0446,1,99,93,,11,10,9,,42,183,12,2,0,2,0,4,1,0,1,,,,,43,,,512,0,24,536,727
,29,TLAXCALA,07,TLAXCALA DE XICOHTENCATL,033,TLAXCALA,0447,3,88,111,,20,9,13,,40,258,6,2,1,1,0,4,2,0,1,,,,,42,,,598,2,24,624,877
,29,TLAXCALA,07,TLAXCALA DE XICOHTENCATL,033,TLAXCALA,0448,3,212,211,,45,41,34,,160,670,33,11,4,1,1,18,6,0,8,,,,,70,,,1525,0,34,1559,2224
,29,TLAXCALA,07,TLAXCALA DE XICOHTENCATL,033,TLAXCALA,0449,2,130,155,,18,30,14,,86,392,22,7,4,5,3,10,4,2,1,,,,,57,,,940,0,33,973,1339
,29,TLAXCALA,07,TLAXCALA DE XICOHTENCATL,033,TLAXCALA,0450,2,97,80,,17,15,9,,48,277,11,2,0,3,0,4,0,0,1,,,,,35,,,599,1,21,621,834
,29,TLAXCALA,07,TLAXCALA DE XICOHTENCATL,033,TLAXCALA,0451,3,157,221,,51,36,40,,105,599,26,11,2,6,4,16,6,0,1,,,,,61,,,1342,0,62,1404,1984
,29,TLAXCALA,07,TLAXCALA DE XICOHTENCATL,033,TLAXCALA,0452,3,119,189,,23,33,13,,86,527,25,6,4,1,0,9,3,0,2,,,,,62,,,1102,5,40,1147,1538
,29,TLAXCALA,07,TLAXCALA DE XICOHTENCATL,033,TLAXCALA,0453,10,557,744,,101,113,87,,406,1943,109,26,8,4,2,30,11,1,11,,,,,236,,,4389,5,132,4526,6821
,29,TLAXCALA,07,TLAXCALA DE XICOHTENCATL,033,TLAXCALA,0454,2,70,112,,19,15,12,,39,263,9,2,1,0,0,5,5,0,1,,,,,43,,,596,0,23,619,869
,29,TLAXCALA,07,TLAXCALA DE XICOHTENCATL,033,TLAXCALA,0455,1,67,104,,12,6,8,,29,217,11,1,0,1,0,4,1,0,1,,,,,41,,,503,2,12,517,738
,29,TLAXCALA,07,TLAXCALA DE XICOHTENCATL,033,TLAXCALA,0456,3,191,262,,25,41,18,,102,643,39,7,2,4,1,12,6,0,2,,,,,84,,,1439,0,38,1477,1947
,29,TLAXCALA,07,TLAXCALA DE XICOHTENCATL,033,TLAXCALA,0457,2,100,148,,17,26,12,,72,423,13,2,0,2,2,12,3,0,1,,,,,48,,,881,0,35,916,1280
,29,TLAXCALA,07,TLAXCALA DE XICOHTENCATL,033,TLAXCALA,0458,8,368,610,,144,104,55,,264,1479,68,17,6,2,1,41,21,4,18,,,,,137,,,3339,3,110,3452,5290
,29,TLAXCALA,07,TLAXCALA DE XICOHTENCATL,033,TLAXCALA,0459,3,178,236,,36,34,22,,139,585,33,8,2,3,0,7,3,0,2,,,,,91,,,1379,0,56,1435,1985
,29,TLAXCALA,07,TLAXCALA DE XICOHTENCATL,033,TLAXCALA,0460,2,124,165,,20,32,14,,68,435,14,10,1,5,1,7,2,0,1,,,,,73,,,972,0,29,1001,1421
,29,TLAXCALA,07,TLAXCALA DE XICOHTENCATL,033,TLAXCALA,0461,4,194,184,,39,35,60,,125,697,51,7,3,4,0,14,7,0,3,,,,,75,,,1498,0,44,1542,2161
,29,TLAXCALA,07,TLAXCALA DE XICOHTENCATL,033,TLAXCALA,0462,3,209,244,,45,29,25,,124,609,27,11,1,3,1,11,1,0,6,,,,,70,,,1416,0,45,1461,1978
,29,TLAXCALA,07,TLAXCALA DE XICOHTENCATL,033,TLAXCALA,0463,3,157,166,,35,26,16,,119,586,24,10,0,1,0,15,5,0,2,,,,,83,,,1245,3,35,1283,1812
,29,TLAXCALA,07,TLAXCALA DE XICOHTENCATL,033,TLAXCALA,0464,7,409,453,,56,72,90,,277,1416,67,23,3,3,2,20,8,2,8,,,,,209,,,3118,2,110,3230,4472
,29,TLAXCALA,07,TLAXCALA DE XICOHTENCATL,033,TLAXCALA,0465,7,333,520,,95,96,36,,207,1509,78,27,9,6,2,46,15,5,9,,,,,146,,,3139,0,80,3219,4585
,29,TLAXCALA,07,TLAXCALA DE XICOHTENCATL,033,TLAXCALA,0466,6,289,485,,63,92,56,,169,1200,52,15,1,4,1,28,18,1,11,,,,,82,,,2567,0,73,2640,4058
,29,TLAXCALA,07,TLAXCALA DE XICOHTENCATL,033,TLAXCALA,0467,2,113,146,,27,27,13,,80,496,32,4,0,1,0,17,4,0,3,,,,,32,,,995,0,28,1023,1400
,29,TLAXCALA,07,TLAXCALA DE XICOHTENCATL,033,TLAXCALA,0468,4,207,229,,40,44,19,,171,735,40,7,3,1,0,21,7,0,7,,,,,69,,,1600,0,52,1652,2442
,29,TLAXCALA,07,TLAXCALA DE XICOHTENCATL,033,TLAXCALA,0469,3,179,152,,36,23,13,,106,493,35,13,0,4,0,13,7,0,5,,,,,20,,,1099,0,34,1133,1568
,29,TLAXCALA,08,SAN BERNARDINO CONTLA,001,AMAXAC DE GUERRERO,0001,2,26,148,,55,27,20,,14,316,129,1,1,0,0,,,,,,,,,,34,,771,0,35,806,1128
,29,TLAXCALA,08,SAN BERNARDINO CONTLA,001,AMAXAC DE GUERRERO,0002,5,112,411,,98,83,64,,32,999,408,2,1,1,0,,,,,,,,,,98,,2309,3,107,2419,3306
,29,TLAXCALA,08,SAN BERNARDINO CONTLA,001,AMAXAC DE GUERRERO,0003,4,90,357,,92,91,52,,44,785,373,4,0,1,0,,,,,,,,,,106,,1995,2,82,2079,2944
,29,TLAXCALA,08,SAN BERNARDINO CONTLA,001,AMAXAC DE GUERRERO,0004,1,18,136,,19,19,8,,16,161,27,0,0,0,0,,,,,,,,,,15,,419,0,15,434,646
,29,TLAXCALA,08,SAN BERNARDINO CONTLA,002,APETATITLAN DE ANTONIO CARVAJAL,0005,4,153,318,,70,84,64,,41,781,79,3,7,0,0,,,,,,,,,,50,,1650,0,81,1731,2446
,29,TLAXCALA,08,SAN BERNARDINO CONTLA,002,APETATITLAN DE ANTONIO CARVAJAL,0006,2,78,109,,20,21,25,,12,258,27,3,1,0,0,,,,,,,,,,36,,590,0,33,623,831
,29,TLAXCALA,08,SAN BERNARDINO CONTLA,002,APETATITLAN DE ANTONIO CARVAJAL,0007,1,27,33,,21,9,21,,11,96,16,1,1,0,0,,,,,,,,,,12,,248,0,4,252,319
,29,TLAXCALA,08,SAN BERNARDINO CONTLA,002,APETATITLAN DE ANTONIO CARVAJAL,0008,3,194,289,,52,51,41,,38,616,95,4,3,0,1,,,,,,,,,,95,,1479,1,67,1547,2159
,29,TLAXCALA,08,SAN BERNARDINO CONTLA,002,APETATITLAN DE ANTONIO CARVAJAL,0009,4,182,314,,64,71,102,,39,599,130,4,0,1,0,,,,,,,,,,49,,1555,0,97,1652,2385
,29,TLAXCALA,08,SAN BERNARDINO CONTLA,002,APETATITLAN DE ANTONIO CARVAJAL,0010,4,163,194,,173,73,75,,56,752,163,6,5,2,1,,,,,,,,,,99,,1762,0,78,1840,2474
,29,TLAXCALA,08,SAN BERNARDINO CONTLA,002,APETATITLAN DE ANTONIO CARVAJAL,0011,2,57,126,,43,32,33,,20,243,42,2,0,0,0,,,,,,,,,,41,,639,0,24,663,860
,29,TLAXCALA,08,SAN BERNARDINO CONTLA,018,CONTLA DE JUAN CUAMATZI,0267,3,63,218,,111,78,118,,13,490,93,2,3,1,0,,,,,,,,,,166,,1356,1,42,1399,1855
,29,TLAXCALA,08,SAN BERNARDINO CONTLA,018,CONTLA DE JUAN CUAMATZI,0268,4,57,218,,94,77,79,,16,557,115,2,0,1,0,,,,,,,,,,500,,1716,0,56,1772,2488
,29,TLAXCALA,08,SAN BERNARDINO CONTLA,018,CONTLA DE JUAN CUAMATZI,0269,3,38,177,,80,74,48,,12,460,98,3,0,1,2,,,,,,,,,,237,,1230,0,47,1277,1723
,29,TLAXCALA,08,SAN BERNARDINO CONTLA,018,CONTLA DE JUAN CUAMATZI,0270,2,21,97,,69,46,57,,12,462,87,1,1,0,0,,,,,,,,,,96,,949,1,29,979,1375
,29,TLAXCALA,08,SAN BERNARDINO CONTLA,018,CONTLA DE JUAN CUAMATZI,0271,3,40,144,,111,66,98,,15,459,147,4,4,0,2,,,,,,,,,,164,,1254,1,45,1300,1814
,29,TLAXCALA,08,SAN BERNARDINO CONTLA,018,CONTLA DE JUAN CUAMATZI,0272,5,78,300,,156,209,218,,31,853,218,9,2,1,0,,,,,,,,,,178,,2253,0,97,2350,3185
,29,TLAXCALA,08,SAN BERNARDINO CONTLA,018,CONTLA DE JUAN CUAMATZI,0273,3,48,195,,164,123,176,,21,505,118,4,3,0,0,,,,,,,,,,133,,1490,1,42,1533,2044
,29,TLAXCALA,08,SAN BERNARDINO CONTLA,018,CONTLA DE JUAN CUAMATZI,0274,2,33,215,,85,22,79,,10,310,99,2,1,0,0,,,,,,,,,,25,,881,0,28,909,1223
,29,TLAXCALA,08,SAN BERNARDINO CONTLA,018,CONTLA DE JUAN CUAMATZI,0275,3,47,420,,63,53,14,,12,390,105,0,0,0,0,,,,,,,,,,77,,1181,1,57,1239,1751
,29,TLAXCALA,08,SAN BERNARDINO CONTLA,018,CONTLA DE JUAN CUAMATZI,0276,3,36,426,,55,89,26,,18,470,94,3,0,0,0,,,,,,,,,,51,,1268,0,62,1330,1866
,29,TLAXCALA,08,SAN BERNARDINO CONTLA,018,CONTLA DE JUAN CUAMATZI,0277,1,18,95,,20,20,17,,6,87,17,0,1,0,0,,,,,,,,,,37,,318,0,13,331,466
,29,TLAXCALA,08,SAN BERNARDINO CONTLA,018,CONTLA DE JUAN CUAMATZI,0278,1,9,52,,31,33,14,,6,181,31,1,0,0,0,,,,,,,,,,37,,395,2,19,416,588
,29,TLAXCALA,08,SAN BERNARDINO CONTLA,018,CONTLA DE JUAN CUAMATZI,0279,3,63,158,,111,95,35,,19,470,110,1,1,0,0,,,,,,,,,,107,,1170,2,55,1227,1699
,29,TLAXCALA,08,SAN BERNARDINO CONTLA,018,CONTLA DE JUAN CUAMATZI,0280,1,17,50,,32,15,17,,3,171,22,0,0,0,0,,,,,,,,,,20,,347,0,15,362,505
,29,TLAXCALA,08,SAN BERNARDINO CONTLA,018,CONTLA DE JUAN CUAMATZI,0281,3,76,144,,209,87,50,,38,468,133,6,3,1,2,,,,,,,,,,59,,1276,0,57,1333,1982
,29,TLAXCALA,08,SAN BERNARDINO CONTLA,018,CONTLA DE JUAN CUAMATZI,0282,1,10,32,,17,18,20,,6,111,46,0,2,1,0,,,,,,,,,,11,,274,0,21,295,428
,29,TLAXCALA,08,SAN BERNARDINO CONTLA,018,CONTLA DE JUAN CUAMATZI,0283,3,25,160,,79,47,82,,18,387,103,0,1,0,2,,,,,,,,,,143,,1047,0,44,1091,1513
,29,TLAXCALA,08,SAN BERNARDINO CONTLA,026,SANTA CRUZ TLAXCALA,0365,3,117,178,,59,50,26,,19,482,88,4,2,0,1,,,,,,,,,,67,,1093,2,72,1167,2024
,29,TLAXCALA,08,SAN BERNARDINO CONTLA,026,SANTA CRUZ TLAXCALA,0366,3,164,236,,144,55,32,,34,599,156,6,3,0,2,,,,,,,,,,38,,1469,0,57,1526,2188
,29,TLAXCALA,08,SAN BERNARDINO CONTLA,026,SANTA CRUZ TLAXCALA,0367,3,137,262,,45,38,25,,17,733,119,2,3,0,0,,,,,,,,,,58,,1439,1,72,1512,2099
,29,TLAXCALA,08,SAN BERNARDINO CONTLA,026,SANTA CRUZ TLAXCALA,0368,3,111,251,,56,47,31,,24,631,123,1,1,0,0,,,,,,,,,,54,,1330,0,75,1405,1907
,29,TLAXCALA,08,SAN BERNARDINO CONTLA,026,SANTA CRUZ TLAXCALA,0369,3,97,309,,85,40,57,,15,562,132,2,2,1,0,,,,,,,,,,96,,1398,0,46,1444,2178
,29,TLAXCALA,08,SAN BERNARDINO CONTLA,026,SANTA CRUZ TLAXCALA,0370,2,31,181,,40,21,41,,9,218,115,2,0,0,0,,,,,,,,,,22,,680,1,26,707,969
,29,TLAXCALA,08,SAN BERNARDINO CONTLA,026,SANTA CRUZ TLAXCALA,0371,4,151,258,,208,63,23,,40,431,186,8,4,0,0,,,,,,,,,,53,,1425,0,63,1488,2545
,29,TLAXCALA,09,SANTA ANA CHIAUTEMPAN,010,CHIAUTEMPAN,0122,3,173,110,,65,61,25,,36,502,27,1,3,1,0,8,7,0,4,,,,,,,128,1151,2,49,1202,1675
,29,TLAXCALA,09,SANTA ANA CHIAUTEMPAN,010,CHIAUTEMPAN,0123,3,193,165,,37,56,31,,49,537,26,5,1,1,0,10,3,0,0,,,,,,,106,1220,1,40,1261,1721
,29,TLAXCALA,09,SANTA ANA CHIAUTEMPAN,010,CHIAUTEMPAN,0124,3,157,102,,67,83,21,,91,606,32,9,2,9,1,17,8,1,5,,,,,,,84,1295,0,45,1340,1963
,29,TLAXCALA,09,SANTA ANA CHIAUTEMPAN,010,CHIAUTEMPAN,0125,3,129,131,,56,67,31,,52,506,38,4,0,2,5,10,0,1,2,,,,,,,77,1111,0,36,1147,1666
,29,TLAXCALA,09,SANTA ANA CHIAUTEMPAN,010,CHIAUTEMPAN,0126,3,156,115,,36,126,80,,57,600,21,1,3,2,1,16,6,0,5,,,,,,,71,1296,0,58,1354,2131
,29,TLAXCALA,09,SANTA ANA CHIAUTEMPAN,010,CHIAUTEMPAN,0127,4,232,163,,74,94,41,,42,774,27,7,8,1,1,25,13,0,9,,,,,,,144,1655,0,71,1726,2631
,29,TLAXCALA,09,SANTA ANA CHIAUTEMPAN,010,CHIAUTEMPAN,0128,2,80,90,,22,35,16,,19,316,18,6,2,0,0,10,5,0,4,,,,,,,50,673,0,25,698,1004
,29,TLAXCALA,09,SANTA ANA CHIAUTEMPAN,010,CHIAUTEMPAN,0129,2,148,69,,31,33,15,,24,345,13,4,2,0,0,3,2,0,3,,,,,,,83,775,1,32,808,1123
,29,TLAXCALA,09,SANTA ANA CHIAUTEMPAN,010,CHIAUTEMPAN,0130,2,136,80,,16,16,7,,18,213,7,3,1,1,0,7,0,1,1,,,,,,,75,582,1,12,595,753
,29,TLAXCALA,09,SANTA ANA CHIAUTEMPAN,010,CHIAUTEMPAN,0131,2,175,112,,45,47,21,,28,359,11,8,1,0,0,9,1,0,0,,,,,,,100,917,0,15,932,1234
,29,TLAXCALA,09,SANTA ANA CHIAUTEMPAN,010,CHIAUTEMPAN,0132,2,190,88,,36,40,16,,27,369,8,3,0,0,0,4,4,1,0,,,,,,,87,873,2,20,895,1244
,29,TLAXCALA,09,SANTA ANA CHIAUTEMPAN,010,CHIAUTEMPAN,0133,2,131,93,,28,40,17,,30,359,26,4,1,2,0,5,2,0,1,,,,,,,44,783,0,30,813,1068
,29,TLAXCALA,09,SANTA ANA CHIAUTEMPAN,010,CHIAUTEMPAN,0134,2,79,65,,24,20,12,,15,285,11,0,2,0,0,4,3,0,0,,,,,,,38,558,1,15,574,805
,29,TLAXCALA,09,SANTA ANA CHIAUTEMPAN,010,CHIAUTEMPAN,0135,2,98,74,,20,21,12,,28,297,12,0,0,1,1,6,5,0,1,,,,,,,48,624,1,27,652,962
,29,TLAXCALA,09,SANTA ANA CHIAUTEMPAN,010,CHIAUTEMPAN,0136,1,39,54,,10,16,5,,17,172,9,1,0,0,1,6,2,0,1,,,,,,,22,355,1,14,370,513
,29,TLAXCALA,09,SANTA ANA CHIAUTEMPAN,010,CHIAUTEMPAN,0137,4,194,130,,42,61,32,,58,753,19,8,2,1,0,11,6,0,4,,,,,,,143,1464,3,54,1521,2294
,29,TLAXCALA,09,SANTA ANA CHIAUTEMPAN,010,CHIAUTEMPAN,0138,2,189,120,,32,44,22,,29,351,14,2,2,2,1,4,3,0,1,,,,,,,120,936,0,27,963,1304
,29,TLAXCALA,09,SANTA ANA CHIAUTEMPAN,010,CHIAUTEMPAN,0139,5,297,187,,33,65,40,,61,742,34,3,2,1,2,25,4,0,4,,,,,,,226,1726,2,59,1787,2560
,29,TLAXCALA,09,SANTA ANA CHIAUTEMPAN,010,CHIAUTEMPAN,0140,3,110,94,,29,57,28,,34,500,29,2,1,2,2,17,5,0,2,,,,,,,86,998,1,59,1058,1643
,29,TLAXCALA,09,SANTA ANA CHIAUTEMPAN,010,CHIAUTEMPAN,0141,6,319,268,,116,148,196,,101,1144,48,6,7,3,1,52,25,1,12,,,,,,,217,2664,2,104,2770,4489
,29,TLAXCALA,09,SANTA ANA CHIAUTEMPAN,010,CHIAUTEMPAN,0142,3,168,142,,35,76,46,,43,559,24,5,1,1,1,23,8,1,6,,,,,,,154,1293,0,45,1338,2036
,29,TLAXCALA,09,SANTA ANA CHIAUTEMPAN,010,CHIAUTEMPAN,0143,3,173,107,,34,62,27,,35,493,15,6,0,0,0,15,4,0,4,,,,,,,215,1190,0,39,1229,1744
,29,TLAXCALA,09,SANTA ANA CHIAUTEMPAN,010,CHIAUTEMPAN,0144,5,289,302,,46,97,41,,70,1010,53,8,5,1,1,15,9,0,5,,,,,,,196,2148,0,66,2214,3215
,29,TLAXCALA,09,SANTA ANA CHIAUTEMPAN,010,CHIAUTEMPAN,0145,3,88,138,,59,86,31,,25,526,25,0,1,0,1,11,2,0,5,,,,,,,82,1080,0,48,1128,1815
,29,TLAXCALA,09,SANTA ANA CHIAUTEMPAN,010,CHIAUTEMPAN,0146,3,89,111,,33,80,41,,24,538,23,1,0,0,0,8,3,0,4,,,,,,,42,997,1,45,1043,1633
,29,TLAXCALA,09,SANTA ANA CHIAUTEMPAN,010,CHIAUTEMPAN,0147,3,100,81,,73,53,66,,32,449,18,2,2,1,0,15,11,0,4,,,,,,,81,988,0,51,1039,1510
,29,TLAXCALA,09,SANTA ANA CHIAUTEMPAN,010,CHIAUTEMPAN,0148,2,140,102,,79,53,47,,36,383,15,1,3,3,3,13,5,0,4,,,,,,,78,965,0,26,991,1477
,29,TLAXCALA,09,SANTA ANA CHIAUTEMPAN,010,CHIAUTEMPAN,0149,4,220,159,,42,104,31,,47,809,38,2,4,0,1,33,20,2,6,,,,,,,162,1680,1,43,1724,2840
,29,TLAXCALA,09,SANTA ANA CHIAUTEMPAN,010,CHIAUTEMPAN,0156,3,124,70,,25,64,27,,13,378,24,4,1,1,0,17,14,0,4,,,,,,,86,852,1,34,887,1501
,29,TLAXCALA,09,SANTA ANA CHIAUTEMPAN,010,CHIAUTEMPAN,0157,2,99,43,,23,64,14,,7,306,15,1,0,1,0,11,5,0,2,,,,,,,70,661,0,18,679,1125
,29,TLAXCALA,09,SANTA ANA CHIAUTEMPAN,052,LA MAGDALENA TLALTELULCO,0150,2,139,77,,37,85,24,,19,320,18,2,1,1,0,11,6,0,0,,,,,,,77,817,0,45,862,1307
,29,TLAXCALA,09,SANTA ANA CHIAUTEMPAN,052,LA MAGDALENA TLALTELULCO,0151,7,650,328,,109,431,59,,108,757,68,9,6,2,1,32,26,5,5,,,,,,,438,3034,1,138,3173,4806
,29,TLAXCALA,09,SANTA ANA CHIAUTEMPAN,052,LA MAGDALENA TLALTELULCO,0152,4,307,267,,38,334,70,,39,534,45,2,3,4,0,26,17,3,3,,,,,,,190,1882,0,59,1941,2982
,29,TLAXCALA,09,SANTA ANA CHIAUTEMPAN,052,LA MAGDALENA TLALTELULCO,0153,3,165,162,,26,124,33,,16,314,21,0,2,0,0,18,13,1,4,,,,,,,104,1003,0,40,1043,1506
,29,TLAXCALA,09,SANTA ANA CHIAUTEMPAN,052,LA MAGDALENA TLALTELULCO,0154,3,258,123,,25,116,38,,33,335,11,3,1,0,0,8,4,1,1,,,,,,,119,1076,0,47,1123,1666
,29,TLAXCALA,09,SANTA ANA CHIAUTEMPAN,052,LA MAGDALENA TLALTELULCO,0155,3,215,139,,34,176,28,,36,362,32,3,1,0,0,13,11,0,3,,,,,,,155,1208,3,47,1258,1852
,29,TLAXCALA,10,HUAMANTLA,013,HUAMANTLA,0178,5,339,607,,34,87,116,,46,958,49,5,2,2,0,7,7,0,4,,,,,,,,2263,2,97,2362,3696
,29,TLAXCALA,10,HUAMANTLA,013,HUAMANTLA,0179,6,315,577,,59,113,89,,51,935,42,5,2,1,0,22,17,1,6,,,,,,,,2235,4,113,2352,3991
,29,TLAXCALA,10,HUAMANTLA,013,HUAMANTLA,0181,3,213,377,,27,47,53,,28,489,26,7,1,0,0,17,1,0,2,,,,,,,,1288,2,72,1362,2136
,29,TLAXCALA,10,HUAMANTLA,013,HUAMANTLA,0182,2,113,233,,27,49,43,,15,352,21,2,0,0,0,4,4,1,1,,,,,,,,865,0,57,922,1446
,29,TLAXCALA,10,HUAMANTLA,013,HUAMANTLA,0183,3,188,374,,28,57,60,,32,565,25,9,1,0,0,13,5,0,3,,,,,,,,1360,1,82,1443,2161
,29,TLAXCALA,10,HUAMANTLA,013,HUAMANTLA,0184,2,102,271,,25,35,19,,10,247,14,6,0,0,0,10,1,0,2,,,,,,,,742,0,39,781,1337
,29,TLAXCALA,10,HUAMANTLA,013,HUAMANTLA,0185,2,118,224,,23,46,31,,24,390,14,4,1,0,0,4,2,1,2,,,,,,,,884,0,38,922,1403
,29,TLAXCALA,10,HUAMANTLA,013,HUAMANTLA,0186,2,117,295,,25,24,32,,23,330,9,0,0,0,0,3,2,0,0,,,,,,,,860,1,50,911,1242
,29,TLAXCALA,10,HUAMANTLA,013,HUAMANTLA,0187,3,194,367,,26,45,44,,24,408,23,4,3,1,0,13,6,0,1,,,,,,,,1159,2,75,1236,1957
,29,TLAXCALA,10,HUAMANTLA,013,HUAMANTLA,0189,3,144,318,,17,45,39,,24,338,16,3,3,0,0,6,3,0,1,,,,,,,,957,4,59,1020,1610
,29,TLAXCALA,10,HUAMANTLA,013,HUAMANTLA,0190,2,78,200,,17,26,21,,13,234,17,1,0,6,0,3,2,0,0,,,,,,,,618,0,34,652,994
,29,TLAXCALA,10,HUAMANTLA,013,HUAMANTLA,0191,2,110,215,,20,29,26,,9,245,18,1,3,1,0,5,6,0,2,,,,,,,,690,0,49,739,1181
,29,TLAXCALA,10,HUAMANTLA,013,HUAMANTLA,0192,3,143,326,,31,67,85,,23,433,27,3,1,0,0,9,5,0,0,,,,,,,,1153,1,66,1220,1965
,29,TLAXCALA,10,HUAMANTLA,013,HUAMANTLA,0193,2,87,164,,14,27,15,,11,180,6,1,0,1,1,8,0,0,2,,,,,,,,517,0,31,548,841
,29,TLAXCALA,10,HUAMANTLA,013,HUAMANTLA,0194,4,205,418,,39,69,63,,38,588,31,2,1,0,0,13,4,3,5,,,,,,,,1479,1,80,1560,2634
,29,TLAXCALA,10,HUAMANTLA,013,HUAMANTLA,0195,3,150,258,,25,51,31,,20,453,37,0,1,0,0,10,6,0,2,,,,,,,,1044,0,49,1093,1892
,29,TLAXCALA,10,HUAMANTLA,013,HUAMANTLA,0205,1,33,87,,2,8,2,,2,54,1,0,2,0,0,0,0,0,0,,,,,,,,191,0,15,206,276
,29,TLAXCALA,10,HUAMANTLA,013,HUAMANTLA,0206,2,86,157,,19,38,4,,4,268,10,1,1,1,0,10,1,4,4,,,,,,,,608,0,27,635,1039
,29,TLAXCALA,10,HUAMANTLA,013,HUAMANTLA,0207,2,71,210,,9,25,11,,8,127,6,1,2,0,2,5,4,0,0,,,,,,,,481,0,21,502,763
,29,TLAXCALA,10,HUAMANTLA,013,HUAMANTLA,0208,2,76,183,,14,28,13,,6,181,12,0,0,0,0,2,1,0,3,,,,,,,,519,0,31,550,786
,29,TLAXCALA,10,HUAMANTLA,013,HUAMANTLA,0209,2,49,157,,12,35,12,,11,264,5,0,0,0,0,1,0,0,1,,,,,,,,547,0,29,576,775
,29,TLAXCALA,10,HUAMANTLA,013,HUAMANTLA,0210,1,8,63,,4,6,7,,5,53,2,0,0,0,0,0,0,0,0,,,,,,,,148,0,10,158,244
,29,TLAXCALA,10,HUAMANTLA,013,HUAMANTLA,0211,2,78,268,,20,40,17,,10,179,11,1,1,0,0,1,5,1,0,,,,,,,,632,0,34,666,961
,29,TLAXCALA,10,HUAMANTLA,013,HUAMANTLA,0213,4,164,627,,30,69,36,,21,566,28,6,2,3,0,10,1,1,0,,,,,,,,1564,0,83,1647,2836
,29,TLAXCALA,10,HUAMANTLA,013,HUAMANTLA,0214,3,153,504,,31,59,30,,22,362,25,2,1,1,0,8,1,2,2,,,,,,,,1203,3,47,1253,2023
,29,TLAXCALA,10,HUAMANTLA,013,HUAMANTLA,0215,1,12,108,,3,11,4,,2,67,5,0,0,0,0,1,1,0,0,,,,,,,,214,0,12,226,299
,29,TLAXCALA,10,HUAMANTLA,013,HUAMANTLA,0216,2,76,129,,1,27,13,,4,189,5,0,0,1,0,3,3,0,0,,,,,,,,451,0,31,482,915
,29,TLAXCALA,10,HUAMANTLA,013,HUAMANTLA,0217,2,76,166,,14,28,13,,7,205,8,1,0,0,0,3,2,0,1,,,,,,,,524,0,40,564,886
,29,TLAXCALA,10,HUAMANTLA,013,HUAMANTLA,0218,1,71,147,,12,14,15,,8,135,9,0,1,0,0,4,2,0,1,,,,,,,,419,0,9,428,660
,29,TLAXCALA,10,HUAMANTLA,013,HUAMANTLA,0219,2,72,103,,9,26,15,,8,168,11,0,1,0,0,2,0,0,0,,,,,,,,415,0,21,436,789
,29,TLAXCALA,10,HUAMANTLA,016,IXTENCO,0259,2,99,155,,18,34,25,,16,497,19,3,3,0,0,3,6,2,1,,,,,,,,881,0,63,944,1476
,29,TLAXCALA,10,HUAMANTLA,016,IXTENCO,0260,2,61,131,,17,31,11,,15,469,22,0,1,0,0,5,6,0,1,,,,,,,,770,0,41,811,1201
,29,TLAXCALA,10,HUAMANTLA,016,IXTENCO,0261,2,59,157,,25,39,17,,22,554,21,0,1,0,0,8,6,0,7,,,,,,,,916,2,80,998,1491
,29,TLAXCALA,10,HUAMANTLA,016,IXTENCO,0262,2,64,122,,15,19,19,,16,362,23,1,0,0,0,2,0,1,2,,,,,,,,646,1,31,678,1109
,29,TLAXCALA,10,HUAMANTLA,037,ZILTLALTEPEC DE TRINIDAD SANCHEZ SANTOS,0520,2,71,173,,14,33,14,,17,496,23,0,1,0,0,12,6,0,4,,,,,,,,864,0,40,904,1459
,29,TLAXCALA,10,HUAMANTLA,037,ZILTLALTEPEC DE TRINIDAD SANCHEZ SANTOS,0521,2,48,101,,6,21,8,,7,380,13,0,0,0,0,14,1,0,2,,,,,,,,601,0,27,628,1010
,29,TLAXCALA,10,HUAMANTLA,037,ZILTLALTEPEC DE TRINIDAD SANCHEZ SANTOS,0522,2,77,196,,10,41,14,,8,389,14,0,1,0,0,6,6,2,1,,,,,,,,765,1,40,806,1326
,29,TLAXCALA,10,HUAMANTLA,037,ZILTLALTEPEC DE TRINIDAD SANCHEZ SANTOS,0523,2,81,150,,6,24,9,,6,385,5,1,1,1,0,15,7,0,6,,,,,,,,697,1,38,736,1232
,29,TLAXCALA,10,HUAMANTLA,037,ZILTLALTEPEC DE TRINIDAD SANCHEZ SANTOS,0524,1,46,144,,5,11,10,,3,93,1,0,1,0,0,6,1,0,2,,,,,,,,323,0,31,354,548
,29,TLAXCALA,10,HUAMANTLA,037,ZILTLALTEPEC DE TRINIDAD SANCHEZ SANTOS,0525,2,52,143,,10,25,12,,5,236,12,0,0,0,0,5,0,1,0,,,,,,,,501,0,32,533,898
,29,TLAXCALA,10,HUAMANTLA,037,ZILTLALTEPEC DE TRINIDAD SANCHEZ SANTOS,0526,1,10,25,,1,6,3,,0,49,1,0,0,0,0,0,1,0,1,,,,,,,,97,0,11,108,167
,29,TLAXCALA,11,HUAMANTLA,005,ATLTZAYANCA  ,0059,2,31,92,,41,320,6,,9,132,6,0,1,0,0,,,,,,,,,,,,638,0,29,667,968
,29,TLAXCALA,11,HUAMANTLA,005,ATLTZAYANCA  ,0060,1,40,38,,24,198,4,,6,109,11,1,4,0,0,,,,,,,,,,,,435,0,37,472,713
,29,TLAXCALA,11,HUAMANTLA,005,ATLTZAYANCA  ,0061,2,38,80,,10,94,5,,2,106,7,0,2,0,0,,,,,,,,,,,,344,0,28,372,552
,29,TLAXCALA,11,HUAMANTLA,005,ATLTZAYANCA  ,0062,1,27,75,,6,35,1,,5,69,2,0,0,0,0,,,,,,,,,,,,220,0,5,225,327
,29,TLAXCALA,11,HUAMANTLA,005,ATLTZAYANCA  ,0063,1,24,75,,6,66,6,,2,57,6,1,3,0,0,,,,,,,,,,,,246,0,7,253,327
,29,TLAXCALA,11,HUAMANTLA,005,ATLTZAYANCA  ,0064,1,4,44,,7,36,1,,0,61,1,0,2,0,0,,,,,,,,,,,,156,0,10,166,219
,29,TLAXCALA,11,HUAMANTLA,005,ATLTZAYANCA  ,0065,1,8,35,,2,97,0,,1,19,2,1,0,0,0,,,,,,,,,,,,165,0,12,177,216
,29,TLAXCALA,11,HUAMANTLA,005,ATLTZAYANCA  ,0066,1,28,44,,8,91,4,,1,114,8,1,1,1,0,,,,,,,,,,,,301,0,13,314,526
,29,TLAXCALA,11,HUAMANTLA,005,ATLTZAYANCA  ,0067,1,7,29,,1,31,20,,78,2,0,0,0,0,0,,,,,,,,,,,,168,0,5,173,215
,29,TLAXCALA,11,HUAMANTLA,005,ATLTZAYANCA  ,0068,3,87,301,,39,242,22,,24,439,21,2,2,1,0,,,,,,,,,,,,1180,0,65,1245,1951
,29,TLAXCALA,11,HUAMANTLA,005,ATLTZAYANCA  ,0069,2,18,83,,16,103,9,,3,280,10,1,1,1,0,,,,,,,,,,,,525,0,18,543,834
,29,TLAXCALA,11,HUAMANTLA,005,ATLTZAYANCA  ,0070,1,35,141,,15,57,4,,5,85,3,0,2,0,0,,,,,,,,,,,,347,0,27,374,524
,29,TLAXCALA,11,HUAMANTLA,005,ATLTZAYANCA  ,0071,2,54,82,,45,127,10,,7,177,8,1,3,0,0,,,,,,,,,,,,514,0,44,558,921
,29,TLAXCALA,11,HUAMANTLA,005,ATLTZAYANCA  ,0072,1,39,134,,23,84,1,,4,115,8,0,0,0,0,,,,,,,,,,,,408,0,41,449,651
,29,TLAXCALA,11,HUAMANTLA,005,ATLTZAYANCA  ,0073,1,18,45,,3,18,8,,2,103,2,0,0,0,0,,,,,,,,,,,,199,0,11,210,266
,29,TLAXCALA,11,HUAMANTLA,005,ATLTZAYANCA  ,0074,2,129,133,,35,125,14,,3,207,15,0,1,0,0,,,,,,,,,,,,662,0,22,684,991
,29,TLAXCALA,11,HUAMANTLA,005,ATLTZAYANCA  ,0075,1,24,78,,7,102,2,,4,84,1,0,0,0,0,,,,,,,,,,,,302,0,14,316,433
,29,TLAXCALA,11,HUAMANTLA,005,ATLTZAYANCA  ,0076,1,12,52,,2,38,0,,0,23,0,0,1,0,0,,,,,,,,,,,,128,0,15,143,195
,29,TLAXCALA,11,HUAMANTLA,005,ATLTZAYANCA  ,0077,2,91,123,,23,399,8,,9,240,10,1,2,1,0,,,,,,,,,,,,907,1,59,967,1352
,29,TLAXCALA,11,HUAMANTLA,007,EL CARMEN TEQUEXQUITLA,0100,4,186,416,,40,99,36,,15,510,32,5,5,3,0,,,,,,,,,,,,1347,2,131,1480,2835
,29,TLAXCALA,11,HUAMANTLA,007,EL CARMEN TEQUEXQUITLA,0101,3,157,294,,27,60,19,,13,537,18,0,2,1,0,,,,,,,,,,,,1128,1,83,1212,2054
,29,TLAXCALA,11,HUAMANTLA,007,EL CARMEN TEQUEXQUITLA,0102,3,158,341,,34,79,21,,19,509,19,1,1,0,0,,,,,,,,,,,,1182,2,96,1280,2184
,29,TLAXCALA,11,HUAMANTLA,007,EL CARMEN TEQUEXQUITLA,0103,2,88,160,,11,57,11,,8,347,9,0,1,0,0,,,,,,,,,,,,692,0,46,738,1287
,29,TLAXCALA,11,HUAMANTLA,007,EL CARMEN TEQUEXQUITLA,0104,4,187,244,,35,75,25,,19,584,18,1,2,2,0,,,,,,,,,,,,1192,0,91,1283,2382
,29,TLAXCALA,11,HUAMANTLA,007,EL CARMEN TEQUEXQUITLA,0105,1,47,67,,5,29,2,,1,97,8,0,0,1,0,,,,,,,,,,,,257,0,20,277,420
,29,TLAXCALA,11,HUAMANTLA,007,EL CARMEN TEQUEXQUITLA,0106,1,26,44,,3,18,2,,1,47,0,0,0,0,0,,,,,,,,,,,,141,0,8,149,218
,29,TLAXCALA,11,HUAMANTLA,008,CUAPIAXTLA,0107,4,158,342,,50,251,26,,17,686,29,1,4,0,0,,,,,,,,,,,,1564,1,90,1655,2594
,29,TLAXCALA,11,HUAMANTLA,008,CUAPIAXTLA,0108,3,108,214,,29,182,13,,10,381,27,1,3,0,0,,,,,,,,,,,,968,3,68,1039,1676
,29,TLAXCALA,11,HUAMANTLA,008,CUAPIAXTLA,0109,3,112,264,,37,304,23,,7,580,16,1,2,0,0,,,,,,,,,,,,1346,0,81,1427,2191
,29,TLAXCALA,11,HUAMANTLA,008,CUAPIAXTLA,0110,2,40,198,,14,182,10,,8,319,20,0,7,0,0,,,,,,,,,,,,798,0,60,858,1445
,29,TLAXCALA,11,HUAMANTLA,008,CUAPIAXTLA,0111,1,23,44,,6,34,1,,1,82,1,0,0,0,0,,,,,,,,,,,,192,0,3,195,260
,29,TLAXCALA,11,HUAMANTLA,008,CUAPIAXTLA,0112,1,6,18,,5,41,1,,3,39,1,0,0,0,0,,,,,,,,,,,,114,0,6,120,145
,29,TLAXCALA,11,HUAMANTLA,008,CUAPIAXTLA,0113,1,6,48,,4,64,3,,0,75,1,0,0,0,0,,,,,,,,,,,,201,0,11,212,266
,29,TLAXCALA,11,HUAMANTLA,008,CUAPIAXTLA,0114,2,56,0,,114,74,2,,8,109,7,4,2,0,0,,,,,,,,,,,,376,0,25,401,793
,29,TLAXCALA,11,HUAMANTLA,008,CUAPIAXTLA,0115,1,15,101,,8,39,5,,6,133,6,0,0,0,0,,,,,,,,,,,,313,0,15,328,421
,29,TLAXCALA,11,HUAMANTLA,008,CUAPIAXTLA,0116,1,18,125,,10,31,4,,2,78,8,0,0,0,0,,,,,,,,,,,,276,0,17,293,403
,29,TLAXCALA,11,HUAMANTLA,013,HUAMANTLA,0180,5,332,268,,91,175,34,,53,860,82,4,4,1,1,,,,,,,,,,,,1905,0,132,2037,3377
,29,TLAXCALA,11,HUAMANTLA,013,HUAMANTLA,0188,6,267,321,,51,144,50,,40,1065,82,6,1,1,0,,,,,,,,,,,,2028,3,162,2193,3855
,29,TLAXCALA,11,HUAMANTLA,013,HUAMANTLA,0196,2,61,125,,30,65,7,,6,253,13,0,2,0,0,,,,,,,,,,,,562,0,43,605,1075
,29,TLAXCALA,11,HUAMANTLA,013,HUAMANTLA,0197,1,17,60,,7,10,1,,1,62,2,0,0,0,0,,,,,,,,,,,,160,0,11,171,224
,29,TLAXCALA,11,HUAMANTLA,013,HUAMANTLA,0198,1,37,67,,11,45,4,,5,103,9,2,0,0,0,,,,,,,,,,,,283,0,21,304,552
,29,TLAXCALA,11,HUAMANTLA,013,HUAMANTLA,0199,1,51,156,,30,41,7,,2,162,9,0,1,0,0,,,,,,,,,,,,459,0,24,483,709
,29,TLAXCALA,11,HUAMANTLA,013,HUAMANTLA,0200,2,143,262,,16,65,12,,6,377,18,2,2,2,0,,,,,,,,,,,,905,0,43,948,1402
,29,TLAXCALA,11,HUAMANTLA,013,HUAMANTLA,0201,5,236,443,,81,152,31,,23,889,41,3,5,0,0,,,,,,,,,,,,1904,0,140,2044,3427
,29,TLAXCALA,11,HUAMANTLA,013,HUAMANTLA,0202,1,44,112,,10,44,1,,1,108,6,1,1,0,0,,,,,,,,,,,,328,0,30,358,504
,29,TLAXCALA,11,HUAMANTLA,013,HUAMANTLA,0203,3,94,365,,20,123,15,,10,414,10,0,3,0,0,,,,,,,,,,,,1054,1,77,1132,1952
,29,TLAXCALA,11,HUAMANTLA,013,HUAMANTLA,0204,3,95,410,,33,74,19,,6,441,15,1,5,0,0,,,,,,,,,,,,1099,0,65,1164,2226
,29,TLAXCALA,11,HUAMANTLA,013,HUAMANTLA,0212,1,37,74,,21,18,7,,3,121,1,0,0,0,0,,,,,,,,,,,,282,0,16,298,522
,29,TLAXCALA,12,SAN LUIS TEOLOCHOLCO,017,MAZATECOCHCO DE JOSE MARIA MORELOS,0263,3,81,188,,143,43,188,,16,646,32,4,7,0,0,24,7,1,7,,,,,,,,1387,3,67,1457,2121
,29,TLAXCALA,12,SAN LUIS TEOLOCHOLCO,017,MAZATECOCHCO DE JOSE MARIA MORELOS,0264,3,72,243,,118,45,165,,8,592,13,1,4,1,0,14,6,0,3,,,,,,,,1285,0,40,1325,2011
,29,TLAXCALA,12,SAN LUIS TEOLOCHOLCO,017,MAZATECOCHCO DE JOSE MARIA MORELOS,0265,3,71,208,,149,35,139,,10,647,23,5,10,0,2,15,3,1,10,,,,,,,,1328,0,35,1363,1993
,29,TLAXCALA,12,SAN LUIS TEOLOCHOLCO,017,MAZATECOCHCO DE JOSE MARIA MORELOS,0266,3,52,144,,105,38,119,,8,524,20,3,5,0,0,18,6,1,6,,,,,,,,1049,0,31,1080,1568
,29,TLAXCALA,12,SAN LUIS TEOLOCHOLCO,022,ACUAMANALA DE MIGUEL HIDALGO,0309,2,69,116,,81,41,67,,9,523,15,0,0,0,0,13,5,1,1,,,,,,,,941,0,33,974,1270
,29,TLAXCALA,12,SAN LUIS TEOLOCHOLCO,022,ACUAMANALA DE MIGUEL HIDALGO,0310,2,76,104,,105,28,55,,40,599,12,6,1,0,1,27,5,0,5,,,,,,,,1064,2,24,1090,1411
,29,TLAXCALA,12,SAN LUIS TEOLOCHOLCO,022,ACUAMANALA DE MIGUEL HIDALGO,0311,2,52,98,,34,31,91,,11,519,13,0,1,0,0,18,5,0,3,,,,,,,,876,0,29,905,1141
,29,TLAXCALA,12,SAN LUIS TEOLOCHOLCO,022,ACUAMANALA DE MIGUEL HIDALGO,0312,1,30,54,,34,11,54,,12,218,11,0,0,0,0,3,2,0,5,,,,,,,,434,0,20,454,655
,29,TLAXCALA,12,SAN LUIS TEOLOCHOLCO,028,TEOLOCHOLCO,0378,3,96,235,,48,56,85,,25,633,22,3,3,1,0,23,5,0,3,,,,,,,,1238,0,46,1284,1683
,29,TLAXCALA,12,SAN LUIS TEOLOCHOLCO,028,TEOLOCHOLCO,0379,4,96,344,,43,64,138,,26,806,23,4,1,1,0,22,8,0,1,,,,,,,,1577,2,53,1632,2326
,29,TLAXCALA,12,SAN LUIS TEOLOCHOLCO,028,TEOLOCHOLCO,0380,6,137,604,,83,114,253,,29,1207,41,1,2,0,0,36,14,5,11,,,,,,,,2537,0,90,2627,3901
,29,TLAXCALA,12,SAN LUIS TEOLOCHOLCO,028,TEOLOCHOLCO,0381,3,44,216,,24,65,132,,23,620,27,4,0,0,0,22,6,1,5,,,,,,,,1189,0,65,1254,1911
,29,TLAXCALA,12,SAN LUIS TEOLOCHOLCO,028,TEOLOCHOLCO,0382,2,48,277,,26,70,79,,11,449,24,1,0,0,0,18,12,0,2,,,,,,,,1017,0,42,1059,1498
,29,TLAXCALA,12,SAN LUIS TEOLOCHOLCO,028,TEOLOCHOLCO,0383,3,62,211,,41,25,153,,11,580,12,2,1,0,0,14,8,0,3,,,,,,,,1123,1,28,1152,1587
,29,TLAXCALA,12,SAN LUIS TEOLOCHOLCO,028,TEOLOCHOLCO,0384,3,99,275,,72,45,72,,10,522,24,1,3,0,0,31,9,0,4,,,,,,,,1167,0,49,1216,1682
,29,TLAXCALA,12,SAN LUIS TEOLOCHOLCO,028,TEOLOCHOLCO,0385,1,18,48,,10,4,45,,3,118,6,0,1,0,0,1,0,0,1,,,,,,,,255,1,22,278,364
,29,TLAXCALA,12,SAN LUIS TEOLOCHOLCO,028,TEOLOCHOLCO,0386,3,66,180,,31,51,155,,32,863,20,2,1,1,0,10,1,1,9,,,,,,,,1423,0,73,1496,2012
,29,TLAXCALA,12,SAN LUIS TEOLOCHOLCO,041,PAPALOTLA DE XICOHTENCATL,0558,4,85,183,,166,48,265,,29,804,36,2,3,0,1,25,4,0,9,,,,,,,,1660,0,46,1706,2293
,29,TLAXCALA,12,SAN LUIS TEOLOCHOLCO,041,PAPALOTLA DE XICOHTENCATL,0559,3,67,179,,102,34,285,,28,583,24,3,1,1,0,5,1,0,2,,,,,,,,1315,0,37,1352,1834
,29,TLAXCALA,12,SAN LUIS TEOLOCHOLCO,041,PAPALOTLA DE XICOHTENCATL,0560,4,90,205,,217,44,336,,28,717,23,6,4,0,2,29,6,0,16,,,,,,,,1723,0,58,1781,2636
,29,TLAXCALA,12,SAN LUIS TEOLOCHOLCO,041,PAPALOTLA DE XICOHTENCATL,0561,4,120,175,,211,36,304,,26,705,16,7,1,0,0,13,4,0,1,,,,,,,,1619,0,36,1655,2387
,29,TLAXCALA,12,SAN LUIS TEOLOCHOLCO,041,PAPALOTLA DE XICOHTENCATL,0562,3,96,181,,187,29,269,,18,592,34,7,5,0,1,16,4,0,8,,,,,,,,1447,0,39,1486,2155
,29,TLAXCALA,12,SAN LUIS TEOLOCHOLCO,041,PAPALOTLA DE XICOHTENCATL,0563,3,68,162,,70,26,447,,18,503,25,2,2,0,0,17,2,0,7,,,,,,,,1349,1,57,1407,2024
,29,TLAXCALA,12,SAN LUIS TEOLOCHOLCO,041,PAPALOTLA DE XICOHTENCATL,0564,3,118,149,,51,36,194,,9,591,21,3,7,0,0,14,5,4,1,,,,,,,,1203,0,47,1250,1949
,29,TLAXCALA,12,SAN LUIS TEOLOCHOLCO,041,PAPALOTLA DE XICOHTENCATL,0565,2,85,84,,22,15,132,,6,464,18,0,2,0,0,8,4,0,7,,,,,,,,847,0,32,879,1338
,29,TLAXCALA,12,SAN LUIS TEOLOCHOLCO,041,PAPALOTLA DE XICOHTENCATL,0566,2,38,114,,60,22,96,,15,512,7,0,4,0,0,16,2,1,6,,,,,,,,893,0,37,930,1370
,29,TLAXCALA,12,SAN LUIS TEOLOCHOLCO,041,PAPALOTLA DE XICOHTENCATL,0567,2,32,97,,44,24,78,,8,530,12,0,0,0,0,19,5,0,4,,,,,,,,853,0,38,891,1324
,29,TLAXCALA,12,SAN LUIS TEOLOCHOLCO,041,PAPALOTLA DE XICOHTENCATL,0568,2,61,85,,43,27,92,,6,462,19,1,4,0,0,15,3,0,8,,,,,,,,826,0,32,858,1301
,29,TLAXCALA,12,SAN LUIS TEOLOCHOLCO,041,PAPALOTLA DE XICOHTENCATL,0569,2,33,99,,63,15,47,,8,277,6,1,0,0,0,3,4,0,2,,,,,,,,558,0,20,578,931
,29,TLAXCALA,12,SAN LUIS TEOLOCHOLCO,046,SANTA CRUZ QUILEHTLA,0315,2,43,57,,127,62,45,,54,467,23,3,7,0,3,32,10,1,10,,,,,,,,944,0,33,977,1777
,29,TLAXCALA,12,SAN LUIS TEOLOCHOLCO,046,SANTA CRUZ QUILEHTLA,0313,3,56,107,,96,38,56,,20,685,31,4,0,1,0,29,15,1,10,,,,,,,,1149,0,51,1200,1621
,29,TLAXCALA,12,SAN LUIS TEOLOCHOLCO,046,SANTA CRUZ QUILEHTLA,0314,3,46,75,,120,35,52,,13,549,23,4,1,0,0,20,7,2,6,,,,,,,,953,0,34,987,1388
,29,TLAXCALA,12,SAN LUIS TEOLOCHOLCO,049,SANTA ISABEL XILOXOXTLA,0391,3,61,152,,28,54,68,,39,506,13,0,1,0,1,19,4,0,1,,,,,,,,947,0,48,995,1768
,29,TLAXCALA,12,SAN LUIS TEOLOCHOLCO,049,SANTA ISABEL XILOXOXTLA,0392,2,42,175,,24,36,51,,15,428,9,2,0,2,0,13,1,0,7,,,,,,,,805,0,36,841,1446
,29,TLAXCALA,12,SAN LUIS TEOLOCHOLCO,051,SAN FRANCISCO TETLANOHCAN,0158,5,145,300,,97,118,99,,37,1222,39,0,3,0,0,9,8,0,20,,,,,,,,2097,1,98,2196,3143
,29,TLAXCALA,12,SAN LUIS TEOLOCHOLCO,051,SAN FRANCISCO TETLANOHCAN,0159,4,110,146,,45,101,118,,26,862,36,0,4,1,1,34,5,0,7,,,,,,,,1496,1,45,1542,2370
,29,TLAXCALA,12,SAN LUIS TEOLOCHOLCO,051,SAN FRANCISCO TETLANOHCAN,0160,4,157,299,,53,87,132,,54,1006,38,4,5,2,0,15,13,5,4,,,,,,,,1874,0,78,1952,2766
,29,TLAXCALA,13,ZACATELCO,029,TEPEYANCO,0387,3,52,559,,42,21,50,,24,392,9,1,1,1,0,,,,,,,,,,,,1152,0,30,1182,1625
,29,TLAXCALA,13,ZACATELCO,029,TEPEYANCO,0388,2,30,423,,29,23,39,,14,261,9,0,0,0,0,,,,,,,,,,,,828,0,38,866,1284
,29,TLAXCALA,13,ZACATELCO,029,TEPEYANCO,0389,1,19,92,,15,7,18,,7,149,5,2,2,0,1,,,,,,,,,,,,317,0,26,343,512
,29,TLAXCALA,13,ZACATELCO,029,TEPEYANCO,0390,2,22,175,,24,14,42,,11,271,8,4,1,0,0,,,,,,,,,,,,572,0,27,599,891
,29,TLAXCALA,13,ZACATELCO,029,TEPEYANCO,0393,2,28,146,,21,25,31,,12,266,11,2,1,1,0,,,,,,,,,,,,544,0,41,585,841
,29,TLAXCALA,13,ZACATELCO,029,TEPEYANCO,0394,3,117,303,,138,25,54,,40,653,27,3,5,2,3,,,,,,,,,,,,1370,0,59,1429,1872
,29,TLAXCALA,13,ZACATELCO,029,TEPEYANCO,0397,3,128,179,,192,23,108,,42,480,11,1,1,2,1,,,,,,,,,,,,1168,0,26,1194,1715
,29,TLAXCALA,13,ZACATELCO,042,XICOHTZINCO,0570,4,120,349,,102,53,406,,21,645,26,3,1,0,0,,,,,,,,,,,,1726,0,66,1792,2607
,29,TLAXCALA,13,ZACATELCO,042,XICOHTZINCO,0571,3,97,232,,58,34,315,,15,468,8,1,1,1,1,,,,,,,,,,,,1231,5,39,1275,1669
,29,TLAXCALA,13,ZACATELCO,042,XICOHTZINCO,0572,3,58,246,,68,33,272,,16,426,16,0,0,0,0,,,,,,,,,,,,1135,1,47,1183,1678
,29,TLAXCALA,13,ZACATELCO,042,XICOHTZINCO,0573,3,68,226,,79,31,316,,12,439,12,0,0,0,0,,,,,,,,,,,,1183,0,53,1236,1830
,29,TLAXCALA,13,ZACATELCO,042,XICOHTZINCO,0574,4,101,364,,77,38,440,,21,749,34,5,3,0,0,,,,,,,,,,,,1832,0,69,1901,2817
,29,TLAXCALA,13,ZACATELCO,044,ZACATELCO,0588,2,53,178,,91,39,69,,30,348,15,3,3,0,1,,,,,,,,,,,,830,1,43,874,1242
,29,TLAXCALA,13,ZACATELCO,044,ZACATELCO,0589,3,137,282,,161,47,105,,44,534,25,7,8,2,2,,,,,,,,,,,,1354,0,56,1410,2071
,29,TLAXCALA,13,ZACATELCO,044,ZACATELCO,0590,5,205,340,,166,139,193,,66,965,37,14,7,1,0,,,,,,,,,,,,2133,0,89,2222,3298
,29,TLAXCALA,13,ZACATELCO,044,ZACATELCO,0591,5,168,322,,146,60,154,,45,793,29,2,4,1,0,,,,,,,,,,,,1724,1,59,1784,2578
,29,TLAXCALA,13,ZACATELCO,044,ZACATELCO,0592,5,189,460,,234,74,199,,55,920,31,11,13,2,3,,,,,,,,,,,,2191,0,77,2268,3446
,29,TLAXCALA,13,ZACATELCO,044,ZACATELCO,0593,4,155,318,,153,69,81,,31,723,17,8,4,1,0,,,,,,,,,,,,1560,0,56,1616,2432
,29,TLAXCALA,13,ZACATELCO,044,ZACATELCO,0594,3,155,215,,118,39,157,,44,562,23,5,4,2,1,,,,,,,,,,,,1325,0,53,1378,2110
,29,TLAXCALA,13,ZACATELCO,044,ZACATELCO,0595,3,134,212,,125,54,110,,54,644,29,11,5,2,0,,,,,,,,,,,,1380,0,63,1443,2172
,29,TLAXCALA,13,ZACATELCO,044,ZACATELCO,0596,2,76,117,,106,25,81,,23,392,11,6,1,1,2,,,,,,,,,,,,841,1,34,876,1228
,29,TLAXCALA,13,ZACATELCO,044,ZACATELCO,0597,3,111,174,,165,37,117,,36,503,18,5,3,1,0,,,,,,,,,,,,1170,0,48,1218,1776
,29,TLAXCALA,13,ZACATELCO,044,ZACATELCO,0598,3,134,226,,147,44,138,,53,572,14,4,4,1,1,,,,,,,,,,,,1338,0,50,1388,2076
,29,TLAXCALA,13,ZACATELCO,044,ZACATELCO,0599,5,126,273,,191,46,180,,39,733,47,7,3,2,1,,,,,,,,,,,,1648,1,67,1716,2585
,29,TLAXCALA,13,ZACATELCO,044,ZACATELCO,0600,5,171,348,,218,66,307,,73,955,48,4,3,2,0,,,,,,,,,,,,2195,2,64,2261,3155
,29,TLAXCALA,13,ZACATELCO,044,ZACATELCO,0601,4,90,263,,122,42,192,,34,979,16,5,3,1,0,,,,,,,,,,,,1747,0,46,1793,2570
,29,TLAXCALA,13,ZACATELCO,048,SANTA CATARINA AYOMETLA,0602,3,96,228,,156,47,64,,36,615,23,5,1,0,2,,,,,,,,,,,,1273,0,74,1347,1843
,29,TLAXCALA,13,ZACATELCO,048,SANTA CATARINA AYOMETLA,0603,2,32,237,,85,54,20,,25,399,11,9,3,0,2,,,,,,,,,,,,877,0,57,934,1299
,29,TLAXCALA,13,ZACATELCO,048,SANTA CATARINA AYOMETLA,0604,4,94,332,,167,120,124,,66,813,29,1,6,0,0,,,,,,,,,,,,1752,0,111,1863,2626
,29,TLAXCALA,13,ZACATELCO,048,SANTA CATARINA AYOMETLA,0605,2,56,180,,91,38,48,,19,324,9,6,2,0,0,,,,,,,,,,,,773,0,42,815,1139
,29,TLAXCALA,13,ZACATELCO,059,SAN LORENZO AXOCOMANITLA,0586,3,76,310,,149,31,90,,47,570,11,2,4,1,0,,,,,,,,,,,,1291,0,75,1366,1940
,29,TLAXCALA,13,ZACATELCO,059,SAN LORENZO AXOCOMANITLA,0587,3,69,261,,150,35,85,,50,558,17,2,3,0,0,,,,,,,,,,,,1230,2,53,1285,1822
,29,TLAXCALA,14,SANTA MARIA NATIVITAS,019,TEPETITLA DE LARDIZABAL,0284,2,94,210,,124,35,23,,64,331,8,7,3,0,2,6,4,0,1,,,,,,,,912,0,28,940,1443
,29,TLAXCALA,14,SANTA MARIA NATIVITAS,019,TEPETITLA DE LARDIZABAL,0285,2,106,208,,131,16,17,,47,327,13,4,4,1,3,11,6,1,3,,,,,,,,898,0,25,923,1354
,29,TLAXCALA,14,SANTA MARIA NATIVITAS,019,TEPETITLA DE LARDIZABAL,0286,3,192,257,,222,32,22,,44,541,16,1,0,0,2,4,7,1,3,,,,,,,,1344,1,42,1387,2109
,29,TLAXCALA,14,SANTA MARIA NATIVITAS,019,TEPETITLA DE LARDIZABAL,0287,3,134,247,,222,34,21,,40,388,31,1,2,2,1,14,5,0,2,,,,,,,,1144,0,37,1181,1888
,29,TLAXCALA,14,SANTA MARIA NATIVITAS,019,TEPETITLA DE LARDIZABAL,0288,4,160,122,,284,59,36,,67,900,54,6,7,0,2,24,3,0,7,,,,,,,,1731,0,65,1796,2886
,29,TLAXCALA,14,SANTA MARIA NATIVITAS,019,TEPETITLA DE LARDIZABAL,0289,3,108,84,,162,26,26,,73,473,28,5,0,2,0,7,7,0,5,,,,,,,,1006,1,42,1049,1625
,29,TLAXCALA,14,SANTA MARIA NATIVITAS,019,TEPETITLA DE LARDIZABAL,0290,4,294,146,,362,39,36,,99,624,15,7,4,2,1,9,3,0,3,,,,,,,,1644,1,35,1680,2702
,29,TLAXCALA,14,SANTA MARIA NATIVITAS,019,TEPETITLA DE LARDIZABAL,0291,1,47,58,,86,4,7,,32,168,3,2,0,0,0,4,0,0,2,,,,,,,,413,0,9,422,574
,29,TLAXCALA,14,SANTA MARIA NATIVITAS,023,NATIVITAS,0318,2,52,44,,121,7,16,,132,207,5,2,3,2,5,2,1,0,0,,,,,,,,599,0,17,616,879
,29,TLAXCALA,14,SANTA MARIA NATIVITAS,023,NATIVITAS,0319,4,150,96,,321,69,33,,386,544,27,8,1,5,3,11,3,0,4,,,,,,,,1661,0,38,1699,2625
,29,TLAXCALA,14,SANTA MARIA NATIVITAS,023,NATIVITAS,0320,1,39,24,,56,16,7,,69,161,3,3,0,1,3,2,1,0,2,,,,,,,,387,0,17,404,582
,29,TLAXCALA,14,SANTA MARIA NATIVITAS,023,NATIVITAS,0321,1,40,26,,79,11,8,,100,145,7,1,0,2,3,2,4,0,0,,,,,,,,428,0,14,442,718
,29,TLAXCALA,14,SANTA MARIA NATIVITAS,023,NATIVITAS,0322,2,74,21,,187,29,12,,160,243,6,4,0,2,1,4,2,0,2,,,,,,,,747,0,15,762,1092
,29,TLAXCALA,14,SANTA MARIA NATIVITAS,023,NATIVITAS,0323,3,101,58,,124,28,15,,84,439,15,2,0,0,0,13,6,0,8,,,,,,,,893,0,41,934,1749
,29,TLAXCALA,14,SANTA MARIA NATIVITAS,023,NATIVITAS,0324,1,51,27,,36,19,13,,75,142,9,1,1,0,1,10,1,0,3,,,,,,,,389,0,13,402,640
,29,TLAXCALA,14,SANTA MARIA NATIVITAS,023,NATIVITAS,0325,2,95,57,,114,24,17,,67,350,17,3,1,2,0,17,2,0,10,,,,,,,,776,0,37,813,1360
,29,TLAXCALA,14,SANTA MARIA NATIVITAS,023,NATIVITAS,0326,3,139,125,,228,32,32,,221,611,18,3,2,1,1,10,9,0,4,,,,,,,,1436,0,39,1475,2240
,29,TLAXCALA,14,SANTA MARIA NATIVITAS,023,NATIVITAS,0327,3,123,96,,181,39,29,,138,330,12,1,6,1,1,7,7,0,4,,,,,,,,975,1,24,1000,1670
,29,TLAXCALA,14,SANTA MARIA NATIVITAS,023,NATIVITAS,0328,2,48,32,,68,17,17,,120,200,5,2,2,3,3,3,2,0,3,,,,,,,,525,0,11,536,838
,29,TLAXCALA,14,SANTA MARIA NATIVITAS,023,NATIVITAS,0329,3,167,52,,276,24,13,,115,220,11,7,6,2,2,5,1,0,4,,,,,,,,905,0,44,949,1509
,29,TLAXCALA,14,SANTA MARIA NATIVITAS,023,NATIVITAS,0330,2,123,22,,250,5,20,,106,145,6,6,9,1,2,6,4,0,0,,,,,,,,705,0,33,738,1172
,29,TLAXCALA,14,SANTA MARIA NATIVITAS,023,NATIVITAS,0331,2,109,85,,72,47,19,,122,212,15,1,1,3,1,10,3,1,4,,,,,,,,705,0,35,740,1242
,29,TLAXCALA,14,SANTA MARIA NATIVITAS,032,TETLATLAHUCA,0424,2,121,103,,290,15,22,,131,148,11,7,4,1,0,3,3,0,1,,,,,,,,860,0,32,892,1464
,29,TLAXCALA,14,SANTA MARIA NATIVITAS,032,TETLATLAHUCA,0425,3,155,121,,263,30,40,,98,235,12,3,3,1,0,6,4,0,1,,,,,,,,972,0,15,987,1514
,29,TLAXCALA,14,SANTA MARIA NATIVITAS,032,TETLATLAHUCA,0426,2,131,133,,226,12,20,,76,174,10,2,1,1,4,1,0,0,1,,,,,,,,792,0,15,807,1437
,29,TLAXCALA,14,SANTA MARIA NATIVITAS,032,TETLATLAHUCA,0427,3,160,89,,266,34,31,,82,405,14,3,3,1,0,7,3,1,3,,,,,,,,1102,0,55,1157,1870
,29,TLAXCALA,14,SANTA MARIA NATIVITAS,032,TETLATLAHUCA,0428,2,133,88,,220,28,25,,75,332,12,3,1,0,2,12,2,0,4,,,,,,,,937,0,36,973,1471
,29,TLAXCALA,14,SANTA MARIA NATIVITAS,032,TETLATLAHUCA,0431,2,128,66,,224,19,26,,54,180,10,8,2,0,1,10,1,0,5,,,,,,,,734,0,29,763,1097
,29,TLAXCALA,14,SANTA MARIA NATIVITAS,032,TETLATLAHUCA,0434,1,41,9,,63,25,5,,94,190,9,0,3,0,1,4,2,2,0,,,,,,,,448,0,9,457,579
,29,TLAXCALA,14,SANTA MARIA NATIVITAS,045,SANTA APOLONIA TEACALCO,0316,3,105,99,,199,19,16,,74,263,5,2,3,1,1,3,2,0,1,,,,,,,,793,0,24,817,1737
,29,TLAXCALA,14,SANTA MARIA NATIVITAS,045,SANTA APOLONIA TEACALCO,0317,3,135,157,,402,28,33,,136,447,7,3,4,0,1,3,2,0,3,,,,,,,,1361,0,43,1404,1936
,29,TLAXCALA,14,SANTA MARIA NATIVITAS,047,SAN JUAN HUACTZINCO,0395,4,119,122,,284,48,40,,102,684,22,4,6,0,2,18,7,0,10,,,,,,,,1468,1,44,1513,2895
,29,TLAXCALA,14,SANTA MARIA NATIVITAS,047,SAN JUAN HUACTZINCO,0396,4,95,118,,233,48,18,,75,661,14,5,4,0,3,17,6,3,3,,,,,,,,1303,1,41,1345,2423
,29,TLAXCALA,14,SANTA MARIA NATIVITAS,053,SAN DAMIAN TEXOLOC,0429,3,119,58,,468,40,56,,52,582,17,5,4,0,4,5,4,2,4,,,,,,,,1420,0,52,1472,2029
,29,TLAXCALA,14,SANTA MARIA NATIVITAS,053,SAN DAMIAN TEXOLOC,0430,4,130,75,,619,39,54,,77,553,23,6,6,1,0,5,7,0,0,,,,,,,,1595,0,38,1633,2321
,29,TLAXCALA,14,SANTA MARIA NATIVITAS,056,SAN JERONIMO ZACUALPAN,0432,2,101,134,,214,37,24,,37,350,4,3,3,0,0,7,3,0,1,,,,,,,,918,0,32,950,1303
,29,TLAXCALA,14,SANTA MARIA NATIVITAS,056,SAN JERONIMO ZACUALPAN,0433,3,135,157,,303,51,40,,58,376,13,5,1,0,3,5,3,2,3,,,,,,,,1155,0,50,1205,1668
,29,TLAXCALA,14,SANTA MARIA NATIVITAS,058,SANTA ANA NOPALUCAN,0254,4,213,134,,202,60,30,,76,837,24,1,6,1,0,9,5,1,3,,,,,,,,1602,0,45,1647,2746
,29,TLAXCALA,14,SANTA MARIA NATIVITAS,058,SANTA ANA NOPALUCAN,0255,4,237,136,,194,77,30,,85,685,19,2,4,2,0,12,12,0,2,,,,,,,,1497,0,48,1545,2710
,29,TLAXCALA,15,VICENTE GUERRERO,025,SAN PABLO DEL MONTE,0348,5,214,263,,27,361,389,,19,825,127,3,3,1,1,,,,,,,,,,,,2233,1,111,2345,3369
,29,TLAXCALA,15,VICENTE GUERRERO,025,SAN PABLO DEL MONTE,0349,5,171,251,,28,308,493,,28,690,317,4,1,3,0,,,,,,,,,,,,2294,3,122,2419,3402
,29,TLAXCALA,15,VICENTE GUERRERO,025,SAN PABLO DEL MONTE,0350,7,203,168,,52,444,850,,27,741,473,4,3,2,1,,,,,,,,,,,,2968,0,169,3137,4553
,29,TLAXCALA,15,VICENTE GUERRERO,025,SAN PABLO DEL MONTE,0351,5,132,168,,24,307,446,,22,769,372,2,0,0,0,,,,,,,,,,,,2242,0,141,2383,3726
,29,TLAXCALA,15,VICENTE GUERRERO,025,SAN PABLO DEL MONTE,0352,4,118,113,,26,287,318,,20,569,237,0,0,0,0,,,,,,,,,,,,1688,0,77,1765,2628
,29,TLAXCALA,15,VICENTE GUERRERO,025,SAN PABLO DEL MONTE,0353,5,217,172,,59,336,427,,17,564,153,4,2,0,1,,,,,,,,,,,,1952,2,121,2075,3260
,29,TLAXCALA,15,VICENTE GUERRERO,025,SAN PABLO DEL MONTE,0354,5,170,238,,28,325,482,,17,689,139,5,4,1,0,,,,,,,,,,,,2098,1,103,2202,3260
,29,TLAXCALA,15,VICENTE GUERRERO,025,SAN PABLO DEL MONTE,0355,4,191,159,,38,316,313,,23,645,87,3,3,3,0,,,,,,,,,,,,1781,0,69,1850,2684
,29,TLAXCALA,15,VICENTE GUERRERO,025,SAN PABLO DEL MONTE,0356,5,206,223,,76,653,374,,39,652,158,4,1,0,0,,,,,,,,,,,,2386,1,109,2496,3600
,29,TLAXCALA,15,VICENTE GUERRERO,025,SAN PABLO DEL MONTE,0357,4,202,146,,35,261,219,,13,618,124,5,3,1,0,,,,,,,,,,,,1627,1,92,1720,2759
,29,TLAXCALA,15,VICENTE GUERRERO,025,SAN PABLO DEL MONTE,0358,5,269,219,,46,299,260,,18,880,145,6,3,2,2,,,,,,,,,,,,2149,1,110,2260,3231
,29,TLAXCALA,15,VICENTE GUERRERO,025,SAN PABLO DEL MONTE,0359,4,165,187,,21,231,161,,14,534,97,3,1,0,0,,,,,,,,,,,,1414,0,71,1485,2336
,29,TLAXCALA,15,VICENTE GUERRERO,025,SAN PABLO DEL MONTE,0360,3,123,178,,25,239,203,,16,480,75,1,1,0,0,,,,,,,,,,,,1341,1,82,1424,2200
,29,TLAXCALA,15,VICENTE GUERRERO,025,SAN PABLO DEL MONTE,0361,4,178,175,,37,234,394,,19,568,145,0,4,0,0,,,,,,,,,,,,1754,1,124,1879,2876
,29,TLAXCALA,15,VICENTE GUERRERO,025,SAN PABLO DEL MONTE,0362,6,235,176,,58,247,555,,23,735,159,4,3,2,0,,,,,,,,,,,,2197,1,134,2332,3810
,29,TLAXCALA,15,VICENTE GUERRERO,025,SAN PABLO DEL MONTE,0363,6,170,371,,40,353,201,,21,754,92,1,2,0,0,,,,,,,,,,,,2005,0,222,2227,4119
,29,TLAXCALA,15,VICENTE GUERRERO,025,SAN PABLO DEL MONTE,0364,4,131,175,,40,182,142,,18,532,95,1,1,0,0,,,,,,,,,,,,1317,0,129,1446,2572
,29,TLAXCALA,15,VICENTE GUERRERO,027,TENANCINGO,0372,2,74,132,,15,36,31,,13,374,65,1,1,0,0,,,,,,,,,,,,742,0,52,794,1292
,29,TLAXCALA,15,VICENTE GUERRERO,027,TENANCINGO,0373,2,68,124,,23,53,28,,4,297,74,0,1,0,0,,,,,,,,,,,,672,0,60,732,1172
,29,TLAXCALA,15,VICENTE GUERRERO,027,TENANCINGO,0374,2,55,72,,10,22,29,,4,276,25,0,0,0,0,,,,,,,,,,,,493,0,29,522,919
,29,TLAXCALA,15,VICENTE GUERRERO,027,TENANCINGO,0375,3,85,116,,33,66,54,,7,614,92,0,3,0,0,,,,,,,,,,,,1070,2,87,1159,2029
,29,TLAXCALA,15,VICENTE GUERRERO,027,TENANCINGO,0376,2,55,126,,17,46,34,,8,457,50,3,2,0,0,,,,,,,,,,,,798,0,57,855,1451
,29,TLAXCALA,15,VICENTE GUERRERO,027,TENANCINGO,0377,3,106,119,,11,58,62,,23,596,73,1,0,1,0,,,,,,,,,,,,1050,0,99,1149,1914
