CIRCUNSCRIPCION,ID_ESTADO,NOMBRE_ESTADO,ID_DISTRITO,CABECERA_DISTRITAL,ID_MUNICIPIO,MUNICIPIO,SECCION,CASILLAS,PAN,PRI,PPS,PRD,PFCRN,PARM,PDM,PRT,PEM,PT,NUM_VOTOS_CAN_NREG,NUM_VOTOS_NULOS,TOTAL_VOTOS
2,5,COAHUILA,5,Frontera,4,ARTEAGA,1,2,5,81,0,0,1,0,0,0,0,0,0,1,88
2,5,COAHUILA,5,Frontera,6,CASTAÑOS,1,1,3,35,0,0,0,0,0,0,0,0,0,2,40
2,5,COAHUILA,5,Frontera,10,FRONTERA,1,1,11,22,0,1,0,0,0,0,0,0,0,1,35
2,5,COAHUILA,5,Frontera,11,GENERAL CEPEDA,1,1,5,114,3,0,2,6,0,0,0,0,0,2,132
2,5,COAHUILA,5,Frontera,24,PARRAS,1,1,7,47,2,0,2,0,0,0,0,0,0,1,59
2,5,COAHUILA,5,Frontera,27,RAMOS ARIZPE,1,1,3,45,0,0,0,11,0,0,0,0,0,1,60
2,5,COAHUILA,5,Frontera,30,SALTILLO,1,1,2,121,0,0,0,0,0,0,0,0,0,2,125
2,5,COAHUILA,5,Frontera,4,ARTEAGA,2,1,9,40,0,0,0,0,0,0,0,0,0,2,51
2,5,COAHUILA,5,Frontera,6,CASTAÑOS,2,1,1,24,0,2,10,0,0,0,0,0,0,8,45
2,5,COAHUILA,5,Frontera,10,FRONTERA,2,2,22,35,5,1,0,0,0,0,0,0,0,0,63
2,5,COAHUILA,5,Frontera,11,GENERAL CEPEDA,2,1,2,97,1,1,2,7,0,0,0,0,0,3,113
2,5,COAHUILA,5,Frontera,24,PARRAS,2,2,24,95,1,2,4,4,0,0,0,0,0,2,132
2,5,COAHUILA,5,Frontera,27,RAMOS ARIZPE,2,1,0,37,1,0,9,7,0,0,0,0,0,2,56
2,5,COAHUILA,5,Frontera,30,SALTILLO,2,1,0,109,0,0,0,0,0,0,0,0,0,2,111
2,5,COAHUILA,5,Frontera,4,ARTEAGA,3,2,9,33,1,0,6,0,0,0,0,0,0,0,49
2,5,COAHUILA,5,Frontera,6,CASTAÑOS,3,1,4,13,0,1,3,4,0,0,0,0,0,2,27
2,5,COAHUILA,5,Frontera,10,FRONTERA,3,1,8,41,1,0,2,0,0,0,0,0,0,0,52
2,5,COAHUILA,5,Frontera,11,GENERAL CEPEDA,3,1,5,68,0,0,2,9,0,0,0,0,0,2,86
2,5,COAHUILA,5,Frontera,24,PARRAS,3,1,20,77,3,0,5,5,0,0,0,0,0,1,111
2,5,COAHUILA,5,Frontera,27,RAMOS ARIZPE,3,1,14,65,1,0,12,23,0,0,0,0,0,0,115
2,5,COAHUILA,5,Frontera,6,CASTAÑOS,4,2,16,43,0,4,1,3,0,0,0,0,0,0,67
2,5,COAHUILA,5,Frontera,10,FRONTERA,4,1,7,69,0,0,11,5,0,0,0,0,0,2,94
2,5,COAHUILA,5,Frontera,11,GENERAL CEPEDA,4,1,11,95,1,0,2,2,0,0,0,0,0,5,116
2,5,COAHUILA,5,Frontera,24,PARRAS,4,1,20,47,1,0,15,1,0,0,0,0,0,5,89
2,5,COAHUILA,5,Frontera,27,RAMOS ARIZPE,4,2,6,50,0,0,7,14,0,0,0,0,0,0,77
2,5,COAHUILA,5,Frontera,30,SALTILLO,4,1,2,28,0,1,2,0,0,0,0,0,0,3,36
2,5,COAHUILA,5,Frontera,4,ARTEAGA,5,1,3,39,0,0,0,0,0,0,0,0,0,0,42
2,5,COAHUILA,5,Frontera,6,CASTAÑOS,5,2,23,55,0,4,2,0,0,0,0,0,0,0,84
2,5,COAHUILA,5,Frontera,10,FRONTERA,5,2,29,42,9,4,1,4,0,0,0,0,0,1,90
2,5,COAHUILA,5,Frontera,11,GENERAL CEPEDA,5,1,1,74,0,0,22,0,0,0,0,0,0,0,97
2,5,COAHUILA,5,Frontera,24,PARRAS,5,1,9,54,0,2,13,4,0,0,0,0,0,2,84
2,5,COAHUILA,5,Frontera,27,RAMOS ARIZPE,5,1,8,31,0,0,3,8,0,0,0,0,0,1,51
2,5,COAHUILA,5,Frontera,4,ARTEAGA,6,1,2,42,1,0,0,0,0,0,0,0,0,0,45
2,5,COAHUILA,5,Frontera,6,CASTAÑOS,6,2,12,47,0,3,3,0,0,0,0,0,0,0,65
2,5,COAHUILA,5,Frontera,10,FRONTERA,6,1,42,51,1,4,0,0,0,0,0,0,0,0,98
2,5,COAHUILA,5,Frontera,11,GENERAL CEPEDA,6,1,0,45,0,0,1,0,0,0,0,0,0,0,46
2,5,COAHUILA,5,Frontera,24,PARRAS,6,2,22,102,4,1,6,1,0,0,0,0,0,1,137
2,5,COAHUILA,5,Frontera,27,RAMOS ARIZPE,6,1,13,42,0,0,8,9,0,0,0,0,0,0,72
2,5,COAHUILA,5,Frontera,30,SALTILLO,6,1,5,56,0,9,0,0,0,0,0,0,0,2,72
2,5,COAHUILA,5,Frontera,4,ARTEAGA,7,1,0,18,0,0,0,0,0,0,0,0,0,0,18
2,5,COAHUILA,5,Frontera,6,CASTAÑOS,7,1,15,53,0,1,2,2,0,0,0,0,0,0,73
2,5,COAHUILA,5,Frontera,10,FRONTERA,7,2,123,40,5,2,1,0,0,0,0,0,0,2,173
2,5,COAHUILA,5,Frontera,11,GENERAL CEPEDA,7,1,8,47,0,1,1,0,0,0,0,0,0,1,58
2,5,COAHUILA,5,Frontera,24,PARRAS,7,1,10,53,0,0,2,0,0,0,0,0,0,2,67
2,5,COAHUILA,5,Frontera,27,RAMOS ARIZPE,7,1,3,31,0,0,7,7,0,0,0,0,0,1,49
2,5,COAHUILA,5,Frontera,30,SALTILLO,7,1,10,31,0,0,0,0,0,0,0,0,0,6,47
2,5,COAHUILA,5,Frontera,4,ARTEAGA,8,1,3,106,0,0,4,0,0,0,0,0,0,0,113
2,5,COAHUILA,5,Frontera,6,CASTAÑOS,8,1,9,64,0,2,1,1,0,0,0,0,0,0,77
2,5,COAHUILA,5,Frontera,10,FRONTERA,8,2,16,71,2,0,0,1,0,0,0,0,0,0,90
2,5,COAHUILA,5,Frontera,11,GENERAL CEPEDA,8,1,2,24,0,0,6,0,0,0,0,0,0,1,33
2,5,COAHUILA,5,Frontera,24,PARRAS,8,2,7,125,0,1,3,1,0,0,0,0,0,0,137
2,5,COAHUILA,5,Frontera,27,RAMOS ARIZPE,8,1,3,40,0,0,4,15,0,0,0,0,0,0,62
2,5,COAHUILA,5,Frontera,30,SALTILLO,8,1,11,47,4,1,0,0,0,0,0,0,0,1,64
2,5,COAHUILA,5,Frontera,4,ARTEAGA,9,1,1,186,0,0,1,0,0,0,0,0,0,34,222
2,5,COAHUILA,5,Frontera,6,CASTAÑOS,9,1,8,36,0,5,0,0,0,0,0,0,0,0,49
2,5,COAHUILA,5,Frontera,10,FRONTERA,9,1,14,52,0,0,0,1,0,0,0,0,0,1,68
2,5,COAHUILA,5,Frontera,11,GENERAL CEPEDA,9,1,0,74,1,0,16,1,0,0,0,0,0,3,95
2,5,COAHUILA,5,Frontera,24,PARRAS,9,2,25,110,2,3,5,1,0,0,0,0,0,6,152
2,5,COAHUILA,5,Frontera,27,RAMOS ARIZPE,9,1,7,47,1,0,0,5,0,0,0,0,0,0,60
2,5,COAHUILA,5,Frontera,30,SALTILLO,9,1,26,81,5,1,1,0,0,0,0,0,0,1,115
2,5,COAHUILA,5,Frontera,6,CASTAÑOS,10,1,7,62,0,5,6,0,0,0,0,0,0,0,80
2,5,COAHUILA,5,Frontera,10,FRONTERA,10,1,53,62,3,1,0,1,0,0,0,0,0,0,120
2,5,COAHUILA,5,Frontera,11,GENERAL CEPEDA,10,1,3,83,0,0,6,1,0,0,0,0,0,0,93
2,5,COAHUILA,5,Frontera,24,PARRAS,10,2,28,110,2,3,6,2,0,0,0,0,0,2,153
2,5,COAHUILA,5,Frontera,27,RAMOS ARIZPE,10,1,7,36,0,0,4,4,0,0,0,0,0,0,51
2,5,COAHUILA,5,Frontera,30,SALTILLO,10,1,5,83,0,0,0,0,0,0,0,0,0,1,89
2,5,COAHUILA,5,Frontera,4,ARTEAGA,11,1,5,69,1,1,1,1,0,0,0,0,0,1,79
2,5,COAHUILA,5,Frontera,6,CASTAÑOS,11,2,23,30,0,3,1,2,0,0,0,0,0,1,60
2,5,COAHUILA,5,Frontera,10,FRONTERA,11,1,39,101,0,2,1,6,0,0,0,0,0,1,150
2,5,COAHUILA,5,Frontera,11,GENERAL CEPEDA,11,1,0,26,0,0,0,0,0,0,0,0,0,0,26
2,5,COAHUILA,5,Frontera,24,PARRAS,11,1,9,49,1,0,5,1,0,0,0,0,0,2,67
2,5,COAHUILA,5,Frontera,27,RAMOS ARIZPE,11,1,8,25,1,0,4,6,0,0,0,0,0,1,45
2,5,COAHUILA,5,Frontera,30,SALTILLO,11,1,8,59,0,0,4,0,0,0,0,0,0,7,78
2,5,COAHUILA,5,Frontera,4,ARTEAGA,12,1,0,39,0,0,5,1,0,0,0,0,0,3,48
2,5,COAHUILA,5,Frontera,6,CASTAÑOS,12,1,8,98,0,3,0,2,0,0,0,0,0,0,111
2,5,COAHUILA,5,Frontera,10,FRONTERA,12,1,17,108,1,0,0,0,0,0,0,0,0,3,129
2,5,COAHUILA,5,Frontera,11,GENERAL CEPEDA,12,1,0,50,0,0,0,0,0,0,0,0,0,0,50
2,5,COAHUILA,5,Frontera,24,PARRAS,12,1,9,59,0,0,10,1,0,0,0,0,0,1,80
2,5,COAHUILA,5,Frontera,27,RAMOS ARIZPE,12,1,2,41,1,0,48,7,0,0,0,0,0,1,100
2,5,COAHUILA,5,Frontera,30,SALTILLO,12,1,8,173,1,2,7,0,0,0,0,0,0,2,193
2,5,COAHUILA,5,Frontera,4,ARTEAGA,13,1,7,105,0,1,7,0,0,0,0,0,0,0,120
2,5,COAHUILA,5,Frontera,6,CASTAÑOS,13,2,14,63,1,4,0,10,0,0,0,0,0,2,94
2,5,COAHUILA,5,Frontera,10,FRONTERA,13,2,26,57,0,0,1,5,0,0,0,0,0,0,89
2,5,COAHUILA,5,Frontera,11,GENERAL CEPEDA,13,1,0,68,0,0,0,1,0,0,0,0,0,1,70
2,5,COAHUILA,5,Frontera,24,PARRAS,13,2,16,142,2,2,4,4,0,0,0,0,0,1,171
2,5,COAHUILA,5,Frontera,27,RAMOS ARIZPE,13,1,5,36,0,0,6,8,0,0,0,0,0,2,57
2,5,COAHUILA,5,Frontera,30,SALTILLO,13,1,12,85,0,0,3,0,0,0,0,0,0,2,102
2,5,COAHUILA,5,Frontera,4,ARTEAGA,14,2,2,204,2,0,20,1,0,0,0,0,0,1,230
2,5,COAHUILA,5,Frontera,6,CASTAÑOS,14,1,1,47,0,0,0,0,0,0,0,0,0,0,48
2,5,COAHUILA,5,Frontera,10,FRONTERA,14,2,32,96,11,2,0,1,0,0,0,0,0,2,144
2,5,COAHUILA,5,Frontera,11,GENERAL CEPEDA,14,1,0,53,1,0,12,0,0,0,0,0,0,5,71
2,5,COAHUILA,5,Frontera,24,PARRAS,14,1,14,52,2,0,2,0,0,0,0,0,0,0,70
2,5,COAHUILA,5,Frontera,27,RAMOS ARIZPE,14,1,0,20,0,0,0,7,0,0,0,0,0,1,28
2,5,COAHUILA,5,Frontera,30,SALTILLO,14,1,40,94,2,0,0,2,0,0,0,0,0,3,141
2,5,COAHUILA,5,Frontera,4,ARTEAGA,15,1,3,117,0,0,1,0,0,0,0,0,0,0,121
2,5,COAHUILA,5,Frontera,6,CASTAÑOS,15,1,6,15,0,4,0,0,0,0,0,0,0,0,25
2,5,COAHUILA,5,Frontera,10,FRONTERA,15,2,38,80,0,3,0,8,0,0,0,0,0,3,132
2,5,COAHUILA,5,Frontera,11,GENERAL CEPEDA,15,1,1,62,0,0,2,0,0,0,0,0,0,1,66
2,5,COAHUILA,5,Frontera,24,PARRAS,15,2,16,75,0,1,2,1,0,0,0,0,0,1,96
2,5,COAHUILA,5,Frontera,27,RAMOS ARIZPE,15,1,0,35,0,1,1,0,0,0,0,0,0,3,40
2,5,COAHUILA,5,Frontera,30,SALTILLO,15,1,4,63,1,1,0,1,0,0,0,0,0,0,70
2,5,COAHUILA,5,Frontera,4,ARTEAGA,16,1,0,112,0,0,0,0,0,0,0,0,0,0,112
2,5,COAHUILA,5,Frontera,10,FRONTERA,16,2,33,53,0,2,0,0,0,0,0,0,0,1,89
2,5,COAHUILA,5,Frontera,11,GENERAL CEPEDA,16,1,5,63,1,0,2,2,0,0,0,0,0,1,74
2,5,COAHUILA,5,Frontera,24,PARRAS,16,1,8,60,2,1,0,2,0,0,0,0,0,0,73
2,5,COAHUILA,5,Frontera,27,RAMOS ARIZPE,16,1,0,46,0,0,3,4,0,0,0,0,0,0,53
2,5,COAHUILA,5,Frontera,30,SALTILLO,16,1,11,23,0,0,2,0,0,0,0,0,0,7,43
2,5,COAHUILA,5,Frontera,4,ARTEAGA,17,1,0,76,0,0,2,0,0,0,0,0,0,0,78
2,5,COAHUILA,5,Frontera,10,FRONTERA,17,1,12,32,0,0,0,1,0,0,0,0,0,0,45
2,5,COAHUILA,5,Frontera,11,GENERAL CEPEDA,17,1,0,32,0,0,0,2,0,0,0,0,0,0,34
2,5,COAHUILA,5,Frontera,24,PARRAS,17,2,17,89,2,0,4,3,0,0,0,0,0,3,118
2,5,COAHUILA,5,Frontera,27,RAMOS ARIZPE,17,1,0,27,0,0,0,0,0,0,0,0,0,2,29
2,5,COAHUILA,5,Frontera,30,SALTILLO,17,1,6,67,2,0,51,2,0,0,0,0,0,5,133
2,5,COAHUILA,5,Frontera,4,ARTEAGA,18,1,2,45,1,1,6,0,0,0,0,0,0,0,55
2,5,COAHUILA,5,Frontera,10,FRONTERA,18,2,35,75,2,0,2,1,0,0,0,0,0,1,116
2,5,COAHUILA,5,Frontera,11,GENERAL CEPEDA,18,1,0,43,0,6,0,0,0,0,0,0,0,0,49
2,5,COAHUILA,5,Frontera,24,PARRAS,18,1,7,97,2,0,10,0,0,0,0,0,0,4,120
2,5,COAHUILA,5,Frontera,27,RAMOS ARIZPE,18,1,1,54,0,0,0,1,0,0,0,0,0,0,56
2,5,COAHUILA,5,Frontera,30,SALTILLO,18,1,22,59,0,1,2,6,0,0,0,0,0,4,94
2,5,COAHUILA,5,Frontera,4,ARTEAGA,19,1,1,65,1,1,1,0,0,0,0,0,0,0,69
2,5,COAHUILA,5,Frontera,10,FRONTERA,19,1,3,40,0,0,0,0,0,0,0,0,0,7,50
2,5,COAHUILA,5,Frontera,11,GENERAL CEPEDA,19,1,2,29,1,0,1,0,0,0,0,0,0,1,34
2,5,COAHUILA,5,Frontera,24,PARRAS,19,1,2,59,0,0,1,0,0,0,0,0,0,0,62
2,5,COAHUILA,5,Frontera,27,RAMOS ARIZPE,19,1,1,43,0,0,0,0,0,0,0,0,0,0,44
2,5,COAHUILA,5,Frontera,30,SALTILLO,19,1,20,108,2,0,0,5,0,0,0,0,0,1,136
2,5,COAHUILA,5,Frontera,4,ARTEAGA,20,2,5,233,0,0,34,1,0,0,0,0,0,1,274
2,5,COAHUILA,5,Frontera,6,CASTAÑOS,20,1,3,21,0,0,0,0,0,0,0,0,0,0,24
2,5,COAHUILA,5,Frontera,10,FRONTERA,20,2,44,118,1,0,3,0,0,0,0,0,0,0,166
2,5,COAHUILA,5,Frontera,24,PARRAS,20,1,1,34,0,0,1,0,0,0,0,0,0,1,37
2,5,COAHUILA,5,Frontera,27,RAMOS ARIZPE,20,1,0,49,1,0,19,1,0,0,0,0,0,0,70
2,5,COAHUILA,5,Frontera,30,SALTILLO,20,1,18,54,2,0,0,0,0,0,0,0,0,4,78
2,5,COAHUILA,5,Frontera,4,ARTEAGA,21,1,0,37,0,0,0,0,0,0,0,0,0,1,38
2,5,COAHUILA,5,Frontera,6,CASTAÑOS,21,1,1,12,0,0,32,0,0,0,0,0,0,0,45
2,5,COAHUILA,5,Frontera,10,FRONTERA,21,2,51,89,3,0,0,2,0,0,0,0,0,0,145
2,5,COAHUILA,5,Frontera,24,PARRAS,21,1,2,42,0,2,3,1,0,0,0,0,0,0,50
2,5,COAHUILA,5,Frontera,27,RAMOS ARIZPE,21,1,1,22,0,0,1,0,0,0,0,0,0,0,24
2,5,COAHUILA,5,Frontera,30,SALTILLO,21,1,28,23,0,0,0,0,0,0,0,0,0,3,54
2,5,COAHUILA,5,Frontera,4,ARTEAGA,22,1,3,29,1,0,3,0,0,0,0,0,0,0,36
2,5,COAHUILA,5,Frontera,10,FRONTERA,22,1,65,47,1,1,0,10,0,0,0,0,0,1,125
2,5,COAHUILA,5,Frontera,24,PARRAS,22,1,3,29,0,1,1,0,0,0,0,0,0,0,34
2,5,COAHUILA,5,Frontera,27,RAMOS ARIZPE,22,1,2,57,1,0,5,2,0,0,0,0,0,2,69
2,5,COAHUILA,5,Frontera,30,SALTILLO,22,1,5,70,0,0,0,0,0,0,0,0,0,3,78
2,5,COAHUILA,5,Frontera,4,ARTEAGA,23,1,0,228,1,1,6,1,0,0,0,0,0,8,245
2,5,COAHUILA,5,Frontera,6,CASTAÑOS,23,1,0,35,0,0,1,0,0,0,0,0,0,0,36
2,5,COAHUILA,5,Frontera,10,FRONTERA,23,2,44,62,2,0,0,1,0,0,0,0,1,3,113
2,5,COAHUILA,5,Frontera,24,PARRAS,23,1,0,61,0,0,0,0,0,0,0,0,0,1,62
2,5,COAHUILA,5,Frontera,27,RAMOS ARIZPE,23,1,0,41,1,0,2,6,0,0,0,0,0,4,54
2,5,COAHUILA,5,Frontera,30,SALTILLO,23,1,34,23,0,0,1,0,0,0,0,0,0,1,59
2,5,COAHUILA,5,Frontera,4,ARTEAGA,24,2,2,265,0,0,19,0,0,0,0,0,0,6,292
2,5,COAHUILA,5,Frontera,6,CASTAÑOS,24,1,2,48,0,0,0,0,0,0,0,0,0,0,50
2,5,COAHUILA,5,Frontera,10,FRONTERA,24,1,27,36,0,3,0,0,0,0,0,0,0,0,66
2,5,COAHUILA,5,Frontera,24,PARRAS,24,1,2,179,0,2,5,0,0,0,0,0,0,0,188
2,5,COAHUILA,5,Frontera,27,RAMOS ARIZPE,24,1,0,30,0,0,0,1,0,0,0,0,0,0,31
2,5,COAHUILA,5,Frontera,30,SALTILLO,24,1,17,43,0,0,0,1,0,0,0,0,0,0,61
2,5,COAHUILA,5,Frontera,4,ARTEAGA,25,1,0,69,0,0,0,0,0,0,0,0,0,1,70
2,5,COAHUILA,5,Frontera,6,CASTAÑOS,25,1,0,41,0,0,0,0,0,0,0,0,1,0,42
2,5,COAHUILA,5,Frontera,10,FRONTERA,25,2,72,85,4,0,1,3,0,0,0,0,0,3,168
2,5,COAHUILA,5,Frontera,24,PARRAS,25,1,7,84,0,0,28,1,0,0,0,0,0,4,124
2,5,COAHUILA,5,Frontera,27,RAMOS ARIZPE,25,1,0,50,0,0,0,2,0,0,0,0,0,0,52
2,5,COAHUILA,5,Frontera,30,SALTILLO,25,1,15,55,1,0,0,0,0,0,0,0,0,0,71
2,5,COAHUILA,5,Frontera,6,CASTAÑOS,26,1,0,18,0,0,2,0,0,0,0,0,0,0,20
2,5,COAHUILA,5,Frontera,10,FRONTERA,26,1,18,60,6,3,0,1,0,0,0,0,0,0,88
2,5,COAHUILA,5,Frontera,24,PARRAS,26,1,2,81,0,0,5,0,0,0,0,0,0,37,125
2,5,COAHUILA,5,Frontera,27,RAMOS ARIZPE,26,1,0,52,0,1,5,0,0,0,0,0,0,0,58
2,5,COAHUILA,5,Frontera,30,SALTILLO,26,1,12,89,0,0,7,1,0,0,0,0,0,1,110
2,5,COAHUILA,5,Frontera,6,CASTAÑOS,27,1,0,88,0,0,0,0,0,0,0,0,0,1,89
2,5,COAHUILA,5,Frontera,10,FRONTERA,27,2,38,96,4,0,2,1,0,0,0,0,0,2,143
2,5,COAHUILA,5,Frontera,24,PARRAS,27,1,1,68,0,0,0,0,0,0,0,0,0,9,78
2,5,COAHUILA,5,Frontera,27,RAMOS ARIZPE,27,1,0,10,0,0,0,0,0,0,0,0,0,1,11
2,5,COAHUILA,5,Frontera,30,SALTILLO,27,1,10,33,0,1,0,0,0,0,0,0,0,5,49
2,5,COAHUILA,5,Frontera,6,CASTAÑOS,28,1,1,25,0,0,11,0,0,0,0,0,0,0,37
2,5,COAHUILA,5,Frontera,10,FRONTERA,28,2,37,53,10,0,0,0,0,0,0,0,0,1,101
2,5,COAHUILA,5,Frontera,24,PARRAS,28,1,13,55,0,0,1,0,0,0,0,0,0,0,69
2,5,COAHUILA,5,Frontera,30,SALTILLO,28,1,5,74,0,0,0,1,0,0,0,0,0,0,80
2,5,COAHUILA,5,Frontera,10,FRONTERA,29,1,25,56,3,1,0,0,0,0,0,0,0,1,86
2,5,COAHUILA,5,Frontera,24,PARRAS,29,1,2,47,0,0,0,0,0,0,0,0,0,0,49
2,5,COAHUILA,5,Frontera,27,RAMOS ARIZPE,29,1,0,8,0,0,0,0,0,0,0,0,0,0,8
2,5,COAHUILA,5,Frontera,30,SALTILLO,29,1,19,68,0,0,0,2,0,0,0,0,0,0,89
2,5,COAHUILA,5,Frontera,10,FRONTERA,30,1,11,50,3,4,1,0,0,0,0,0,0,2,71
2,5,COAHUILA,5,Frontera,24,PARRAS,30,1,1,93,0,0,1,0,0,0,0,0,0,2,97
2,5,COAHUILA,5,Frontera,27,RAMOS ARIZPE,30,1,1,34,0,0,0,2,0,0,0,0,0,0,37
2,5,COAHUILA,5,Frontera,30,SALTILLO,30,1,13,13,0,0,0,0,0,0,0,0,0,0,26
2,5,COAHUILA,5,Frontera,10,FRONTERA,31,2,22,76,5,0,0,0,0,0,0,0,0,3,106
2,5,COAHUILA,5,Frontera,24,PARRAS,31,1,0,18,0,0,0,0,0,0,0,0,0,0,18
2,5,COAHUILA,5,Frontera,27,RAMOS ARIZPE,31,1,0,35,2,1,1,2,0,0,0,0,0,2,43
2,5,COAHUILA,5,Frontera,30,SALTILLO,31,1,2,59,0,0,0,0,0,0,0,0,0,0,61
2,5,COAHUILA,5,Frontera,10,FRONTERA,32,1,20,98,0,1,0,0,0,0,0,0,0,1,120
2,5,COAHUILA,5,Frontera,24,PARRAS,32,1,1,83,0,0,0,1,0,0,0,0,0,5,90
2,5,COAHUILA,5,Frontera,27,RAMOS ARIZPE,32,1,1,40,0,1,0,0,0,0,0,0,0,1,43
2,5,COAHUILA,5,Frontera,30,SALTILLO,32,1,35,28,1,0,18,1,0,0,0,0,0,3,86
2,5,COAHUILA,5,Frontera,10,FRONTERA,33,1,7,29,3,0,0,0,0,0,0,0,0,1,40
2,5,COAHUILA,5,Frontera,24,PARRAS,33,1,36,65,1,0,1,3,0,0,0,0,0,5,111
2,5,COAHUILA,5,Frontera,27,RAMOS ARIZPE,33,1,2,13,0,0,2,0,0,0,0,0,0,1,18
2,5,COAHUILA,5,Frontera,30,SALTILLO,33,1,25,41,2,2,0,0,0,0,0,0,0,2,72
2,5,COAHUILA,5,Frontera,10,FRONTERA,34,2,15,64,2,0,3,2,0,0,0,0,2,3,91
2,5,COAHUILA,5,Frontera,24,PARRAS,34,1,2,40,1,1,75,0,0,0,0,0,0,0,119
2,5,COAHUILA,5,Frontera,27,RAMOS ARIZPE,34,1,1,21,0,0,0,1,0,0,0,0,0,0,23
2,5,COAHUILA,5,Frontera,30,SALTILLO,34,1,16,89,0,1,1,1,0,0,0,0,0,2,110
2,5,COAHUILA,5,Frontera,10,FRONTERA,35,2,40,110,1,1,2,1,0,0,0,0,0,1,156
2,5,COAHUILA,5,Frontera,24,PARRAS,35,1,18,13,1,0,0,1,0,0,0,0,0,3,36
2,5,COAHUILA,5,Frontera,27,RAMOS ARIZPE,35,1,0,30,0,0,0,0,0,0,0,0,0,2,32
2,5,COAHUILA,5,Frontera,30,SALTILLO,35,1,2,70,1,0,0,0,0,0,0,0,0,3,76
2,5,COAHUILA,5,Frontera,10,FRONTERA,36,2,19,89,2,2,0,1,0,0,0,0,0,2,115
2,5,COAHUILA,5,Frontera,27,RAMOS ARIZPE,36,1,0,22,0,0,2,0,0,0,0,0,0,1,25
2,5,COAHUILA,5,Frontera,30,SALTILLO,36,1,13,63,0,6,3,1,0,0,0,0,0,4,90
2,5,COAHUILA,5,Frontera,10,FRONTERA,37,1,19,95,0,1,1,0,0,0,0,0,0,14,130
2,5,COAHUILA,5,Frontera,27,RAMOS ARIZPE,37,1,2,20,0,0,0,1,0,0,0,0,0,0,23
2,5,COAHUILA,5,Frontera,30,SALTILLO,37,1,43,41,0,0,0,0,0,0,0,0,0,3,87
2,5,COAHUILA,5,Frontera,10,FRONTERA,38,2,12,99,2,2,0,3,0,0,0,0,0,4,122
2,5,COAHUILA,5,Frontera,30,SALTILLO,38,1,9,115,0,0,0,0,0,0,0,0,0,4,128
2,5,COAHUILA,5,Frontera,10,FRONTERA,39,2,30,39,1,0,1,0,0,0,0,0,0,2,73
2,5,COAHUILA,5,Frontera,27,RAMOS ARIZPE,39,1,0,17,1,0,2,2,0,0,0,0,0,3,25
2,5,COAHUILA,5,Frontera,30,SALTILLO,39,1,10,63,1,0,0,0,0,0,0,0,0,1,75
2,5,COAHUILA,5,Frontera,10,FRONTERA,40,1,11,28,0,1,0,0,0,0,0,0,0,0,40
2,5,COAHUILA,5,Frontera,27,RAMOS ARIZPE,40,1,0,58,1,9,1,1,0,0,0,0,0,0,70
2,5,COAHUILA,5,Frontera,30,SALTILLO,40,1,12,30,0,0,0,1,0,0,0,0,0,0,43
2,5,COAHUILA,5,Frontera,10,FRONTERA,41,1,2,37,0,0,0,0,0,0,0,0,0,0,39
2,5,COAHUILA,5,Frontera,27,RAMOS ARIZPE,41,1,1,53,0,0,0,0,0,0,0,0,0,0,54
2,5,COAHUILA,5,Frontera,30,SALTILLO,41,1,12,52,0,0,2,0,0,0,0,0,0,1,67
2,5,COAHUILA,5,Frontera,30,SALTILLO,42,1,26,72,0,0,2,0,0,0,0,0,0,5,105