ID_ESTADO,NOMBRE_ESTADO,ID_DISTRITO_LOCAL,CABECERA_DISTRITAL_LOCAL,SECCIONES,CASILLAS,PVEM,MC,PCPP,PSI,NAP,PES,RSP,FXM,PAN_PRI_PRD,PT_MORENA,PT_PCPP_MORENA,PT_PSI_MORENA,PT_MORENA_NAP,PVEM_PSI,PCPP_PSI,NUM_VOTOS_VALIDOS,NUM_VOTOS_CAN_NREG,NUM_VOTOS_NULOS,TOTAL_VOTOS,LISTA_NOMINAL,RUTA_ACTA
21,PUEBLA,1,XICOTEPEC DE JUAREZ,106,293,5655,6894,,,1560,6311,2013,2443,35143,,,42474,,,,102493,92,5770,108355,159179,https://ieepuebla.org.mx/2021/actas/resultados/dip/MR/ACTA_ESCRUTINIO_Y_CÓMPUTO_DISTRITAL_DIP_01_MR.pdf
21,PUEBLA,2,HUAUCHINANGO DE DEGOLLADO,99,282,5442,20483,,,5279,1148,1475,1835,32767,,,29575,,,,98004,47,5246,103297,161848,https://ieepuebla.org.mx/2021/actas/resultados/dip/MR/ACTA_ESCRUTINIO_Y_CÓMPUTO_DISTRITAL_DIP_02_MR.pdf
21,PUEBLA,3,ZACATLAN,97,294,11691,4198,,2529,3605,2127,4356,5840,37006,32938,,,,,,104290,33,4822,109145,170774,https://ieepuebla.org.mx/2021/actas/resultados/dip/MR/ACTA_ESCRUTINIO_Y_CÓMPUTO_DISTRITAL_DIP_03_MR.pdf
21,PUEBLA,4,ZACAPOAXTLA,116,294,8723,5769,,2453,3513,1550,1726,3649,44738,44627,,,,,,116748,65,5771,122584,169631,https://www.ieepuebla.org.mx/2021/resoluciones/DOE/SCM-JRC-0263-2021_Y_ACUMULADOS.pdf
21,PUEBLA,5,TLATLAUQUITEPEC,109,284,6484,4370,756,3178,8436,3068,904,4919,38527,32929,,,,,,103571,30,4789,108390,162313,https://ieepuebla.org.mx/2021/actas/resultados/dip/MR/ACTA_ESCRUTINIO_Y_CÓMPUTO_DISTRITAL_DIP_05_MR.pdf
21,PUEBLA,6,TEZIUTLAN,95,279,2769,11260,,1125,3446,2936,1861,4046,37152,,38859,,,,,103454,55,4447,107956,169462,https://ieepuebla.org.mx/2021/actas/resultados/dip/MR/ACTA_ESCRUTINIO_Y_CÓMPUTO_DISTRITAL_DIP_06_MR.pdf
21,PUEBLA,7,SAN MARTIN TEXMELUCAN DE LABASTIDA,88,289,4973,6561,1997,2644,3062,2741,1126,1613,22879,28152,,,,,,75748,98,3720,79566,185250,https://ieepuebla.org.mx/2021/actas/resultados/dip/MR/ACTA_ESCRUTINIO_Y_CÓMPUTO_DISTRITAL_DIP_07_MR.pdf
21,PUEBLA,8,HUEJOTZINGO,80,291,3560,5009,,4238,3071,4016,7945,3300,22619,,39089,,,,,92847,78,4628,97553,189035,https://ieepuebla.org.mx/2021/actas/resultados/dip/MR/ACTA_ESCRUTINIO_Y_CÓMPUTO_DISTRITAL_DIP_08_MR.pdf
21,PUEBLA,9,HEROICA PUEBLA DE ZARAGOZA,75,306,2499,2314,1825,1805,1099,1051,1138,1945,38953,38843,,,,,,91472,104,3336,94912,202162,https://www.ieepuebla.org.mx/2021/resoluciones/DOE/RESOLUCION_TEEP-I-008-2021_TEEP-I-0009-2021_ACUMULADOS.pdf
21,PUEBLA,10,HEROICA PUEBLA DE ZARAGOZA,123,330,2460,2460,578,297,1609,954,1460,845,34679,36210,,,,,,81552,120,3133,84805,200703,https://ieepuebla.org.mx/2021/actas/resultados/dip/MR/ACTA_ESCRUTINIO_Y_CÓMPUTO_DISTRITAL_DIP_10_MR.pdf
21,PUEBLA,11,HEROICA PUEBLA DE ZARAGOZA,48,283,1683,2752,475,828,1823,846,802,1345,25104,31970,,,,,,67628,65,3018,70711,191419,https://ieepuebla.org.mx/2021/actas/resultados/dip/MR/ACTA_ESCRUTINIO_Y_CÓMPUTO_DISTRITAL_DIP_11_MR.pdf
21,PUEBLA,12,AMOZOC DE MOTA,73,274,5171,7297,1688,2057,8087,2370,5792,4253,22561,38016,,,,,,97292,124,4738,102154,179906,https://www.ieepuebla.org.mx/2021/resoluciones/DOE/RESOLUCION_TEEP-I-002-2021.pdf
21,PUEBLA,13,TEPEACA,80,280,6818,5135,917,5389,,1040,1873,1183,28349,,,,46333,,,97037,99,4609,101745,172188,https://ieepuebla.org.mx/2021/actas/resultados/dip/MR/ACTA_ESCRUTINIO_Y_CÓMPUTO_DISTRITAL_DIP_13_MR.pdf
21,PUEBLA,14,CIUDAD SERDAN,108,289,13363,17061,3316,2870,3544,1465,833,2536,35746,30060,,,,,,110794,39,5110,115943,167186,https://ieepuebla.org.mx/2021/actas/resultados/dip/MR/ACTA_ESCRUTINIO_Y_CÓMPUTO_DISTRITAL_DIP_14_MR.pdf
21,PUEBLA,15,TECAMACHALCO,75,265,9815,2584,,0,6179,1187,2126,2665,23108,29712,,,,,16289,93665,41,4131,97837,164488,https://ieepuebla.org.mx/2021/actas/resultados/dip/MR/ACTA_ESCRUTINIO_Y_CÓMPUTO_DISTRITAL_DIP_15_MR.pdf
21,PUEBLA,16,HEROICA PUEBLA DE ZARAGOZA,125,335,2759,2358,452,748,1210,1441,770,2046,44647,36910,,,,,,93341,79,3410,96830,203121,https://ieepuebla.org.mx/2021/actas/resultados/dip/MR/ACTA_ESCRUTINIO_Y_CÓMPUTO_DISTRITAL_DIP_16_MR.pdf
21,PUEBLA,17,HEROICA PUEBLA DE ZARAGOZA,223,408,3277,2470,845,497,1329,1077,777,1603,63459,35380,,,,,,110714,147,3176,114037,213977,https://ieepuebla.org.mx/2021/actas/resultados/dip/MR/ACTA_ESCRUTINIO_Y_CÓMPUTO_DISTRITAL_DIP_17_MR.pdf
21,PUEBLA,18,CHOLULA DE RIVADAVIA,84,324,2773,3171,2169,1089,,5569,1228,3439,52988,,,,33071,,,105497,212,4184,109893,208857,https://ieepuebla.org.mx/2021/actas/resultados/dip/MR/ACTA_ESCRUTINIO_Y_CÓMPUTO_DISTRITAL_DIP_18_MR.pdf
21,PUEBLA,19,HEROICA PUEBLA DE ZARAGOZA,116,325,3613,3486,5063,1209,2513,1027,924,1310,35367,36549,,,,,,91061,102,3769,94932,202749,https://www.ieepuebla.org.mx/2021/resoluciones/DOE/RESOLUCION_TEEP-I-001-2021_TEEP-JDC-131-2021_ACUMULADOS.pdf
21,PUEBLA,20,HEROICA PUEBLA DE ZARAGOZA,78,294,2060,1652,534,840,909,873,853,1413,30598,31895,,,,,,71627,53,3369,75049,193838,https://ieepuebla.org.mx/2021/actas/resultados/dip/MR/ACTA_ESCRUTINIO_Y_CÓMPUTO_DISTRITAL_DIP_20_MR.pdf
21,PUEBLA,21,ATLIXCO,119,313,3721,2858,569,1607,3246,2049,1647,2529,34998,41029,,,,,,94253,45,4181,98479,187124,https://ieepuebla.org.mx/2021/actas/resultados/dip/MR/ACTA_ESCRUTINIO_Y_CÓMPUTO_DISTRITAL_DIP_21_MR.pdf
21,PUEBLA,22,IZUCAR DE MATAMOROS,141,342,1467,3429,2406,6089,,3444,1719,4543,38236,,,,45006,,,106339,73,4849,111261,186680,https://ieepuebla.org.mx/2021/actas/resultados/dip/MR/ACTA_ESCRUTINIO_Y_CÓMPUTO_DISTRITAL_DIP_22_MR.pdf
21,PUEBLA,23,ACATLAN DE OSORIO,151,334,0,3066,889,,2513,1544,1900,3329,41767,43190,,,,8871,,107069,78,4394,111541,174703,https://ieepuebla.org.mx/2021/actas/resultados/dip/MR/ACTA_ESCRUTINIO_Y_CÓMPUTO_DISTRITAL_DIP_23_MR.pdf
21,PUEBLA,24,TEHUACAN,84,278,3746,1786,,10028,3780,1863,640,4124,23799,,34632,,,,,84398,101,4097,88596,174384,https://ieepuebla.org.mx/2021/actas/resultados/dip/MR/ACTA_ESCRUTINIO_Y_CÓMPUTO_DISTRITAL_DIP_24_MR.pdf
21,PUEBLA,25,TEHUACAN,81,279,6717,5820,,4346,1536,2198,1451,3872,23252,38356,,,,,,87548,243,4016,91807,177474,https://ieepuebla.org.mx/2021/actas/resultados/dip/MR/ACTA_ESCRUTINIO_Y_CÓMPUTO_DISTRITAL_DIP_25_MR.pdf
21,PUEBLA,26,AJALPAN,109,295,8340,5047,2893,3082,,3097,2417,901,41314,,,,37040,,,104131,16,5807,109954,171470,https://ieepuebla.org.mx/2021/actas/resultados/dip/MR/ACTA_ESCRUTINIO_Y_CÓMPUTO_DISTRITAL_DIP_26_MR.pdf
