ID_ESTADO,NOMBRE_ESTADO,ID_DISTRITO_LOCAL,CABECERA_DISTRITAL_LOCAL,SECCIONES,CASILLAS,PAN,PRI,PRD,PT,PVEM,MC,PCPP,PSI,MORENA,NAP,PES,RSP,FXM,PAN_PRI_PRD,PAN_PRI,PAN_PRD,PRI_PRD,PT_MORENA,PT_PCPP_MORENA,PT_PSI_MORENA,PT_MORENA_NAP,PT_PCPP,PT_PSI,PT_NAP,PVEM_PSI,PCPP_PSI,PCPP_MORENA,PSI_MORENA,MORENA_NAP,NUM_VOTOS_VALIDOS,NUM_VOTOS_CAN_NREG,NUM_VOTOS_NULOS,TOTAL_VOTOS,LISTA_NOMINAL,RUTA_ACTA
21,PUEBLA,1,XICOTEPEC DE JUAREZ,106,293,11599,20612,2062,7334,5655,6894,0,1613,32883,1560,6311,2013,2443,353,194,237,86,445,0,66,0,0,53,0,0,0,0,80,0,102493,92,5770,108355,159179,https://ieepuebla.org.mx/2021/actas/resultados/dip/MR/ACTA_ESCRUTINIO_Y_CÓMPUTO_DISTRITAL_DIP_01_MR.pdf
21,PUEBLA,2,HUAUCHINANGO DE DEGOLLADO,99,282,12831,14667,4574,3150,5442,20483,0,1862,24106,5279,1148,1475,1835,185,118,67,325,168,0,155,0,0,52,0,0,0,0,82,0,98004,47,5246,103297,161848,https://ieepuebla.org.mx/2021/actas/resultados/dip/MR/ACTA_ESCRUTINIO_Y_CÓMPUTO_DISTRITAL_DIP_02_MR.pdf
21,PUEBLA,3,ZACATLAN,97,294,6338,27828,1202,4036,11691,4198,0,2529,28288,3605,2127,4356,5840,827,527,60,224,614,0,0,0,0,0,0,0,0,0,0,0,104290,33,4822,109145,170774,https://ieepuebla.org.mx/2021/actas/resultados/dip/MR/ACTA_ESCRUTINIO_Y_CÓMPUTO_DISTRITAL_DIP_03_MR.pdf
21,PUEBLA,4,ZACAPOAXTLA,116,294,8556,32958,2305,7263,8723,5769,0,2453,36503,3513,1550,1726,3649,556,233,87,44,861,0,0,0,0,0,0,0,0,0,0,0,116748,65,5771,122584,169631,https://www.ieepuebla.org.mx/2021/resoluciones/DOE/SCM-JRC-0263-2021_Y_ACUMULADOS.pdf
21,PUEBLA,5,TLATLAUQUITEPEC,109,284,11912,23397,2514,7790,6484,4370,756,3178,24349,8436,3068,904,4919,308,191,64,141,790,0,0,0,0,0,0,0,0,0,0,0,103571,30,4789,108390,162313,https://ieepuebla.org.mx/2021/actas/resultados/dip/MR/ACTA_ESCRUTINIO_Y_CÓMPUTO_DISTRITAL_DIP_05_MR.pdf
21,PUEBLA,6,TEZIUTLAN,95,279,19067,16189,858,6636,2769,11260,4894,1125,26264,3446,2936,1861,4046,570,326,99,43,323,476,0,0,102,0,0,0,0,164,0,0,103454,55,4447,107956,169462,https://ieepuebla.org.mx/2021/actas/resultados/dip/MR/ACTA_ESCRUTINIO_Y_CÓMPUTO_DISTRITAL_DIP_06_MR.pdf
21,PUEBLA,7,SAN MARTIN TEXMELUCAN DE LABASTIDA,88,289,13401,7241,1501,6672,4973,6561,1997,2644,20742,3062,2741,1126,1613,448,163,107,18,738,0,0,0,0,0,0,0,0,0,0,0,75748,98,3720,79566,185250,https://ieepuebla.org.mx/2021/actas/resultados/dip/MR/ACTA_ESCRUTINIO_Y_CÓMPUTO_DISTRITAL_DIP_07_MR.pdf
21,PUEBLA,8,HUEJOTZINGO,80,291,8329,8114,5037,7207,3560,5009,2285,4238,28656,3071,4016,7945,3300,569,143,363,64,580,202,0,0,33,0,0,0,0,126,0,0,92847,78,4628,97553,189035,https://ieepuebla.org.mx/2021/actas/resultados/dip/MR/ACTA_ESCRUTINIO_Y_CÓMPUTO_DISTRITAL_DIP_08_MR.pdf
21,PUEBLA,9,HEROICA PUEBLA DE ZARAGOZA,75,306,31035,5695,854,2138,2499,2314,1825,1805,35704,1099,1051,1138,1945,877,395,77,20,1001,0,0,0,0,0,0,0,0,0,0,0,91472,104,3336,94912,202162,https://www.ieepuebla.org.mx/2021/resoluciones/DOE/RESOLUCION_TEEP-I-008-2021_TEEP-I-0009-2021_ACUMULADOS.pdf
21,PUEBLA,10,HEROICA PUEBLA DE ZARAGOZA,123,330,25432,6743,875,1838,2460,2460,578,297,33555,1609,954,1460,845,997,465,137,30,817,0,0,0,0,0,0,0,0,0,0,0,81552,120,3133,84805,200703,https://ieepuebla.org.mx/2021/actas/resultados/dip/MR/ACTA_ESCRUTINIO_Y_CÓMPUTO_DISTRITAL_DIP_10_MR.pdf
21,PUEBLA,11,HEROICA PUEBLA DE ZARAGOZA,48,283,16478,6785,600,1313,1683,2752,475,828,29998,1823,846,802,1345,751,413,49,28,659,0,0,0,0,0,0,0,0,0,0,0,67628,65,3018,70711,191419,https://ieepuebla.org.mx/2021/actas/resultados/dip/MR/ACTA_ESCRUTINIO_Y_CÓMPUTO_DISTRITAL_DIP_11_MR.pdf
21,PUEBLA,12,AMOZOC DE MOTA,73,274,11469,8194,1944,5973,5171,7297,1688,2057,31219,8087,2370,5792,4253,441,281,140,92,824,0,0,0,0,0,0,0,0,0,0,0,97292,124,4738,102154,179906,https://www.ieepuebla.org.mx/2021/resoluciones/DOE/RESOLUCION_TEEP-I-002-2021.pdf
21,PUEBLA,13,TEPEACA,80,280,7806,17094,2524,9366,6818,5135,917,5389,34268,1264,1040,1873,1183,497,276,96,56,784,0,0,345,0,0,104,0,0,0,0,202,97037,99,4609,101745,172188,https://ieepuebla.org.mx/2021/actas/resultados/dip/MR/ACTA_ESCRUTINIO_Y_CÓMPUTO_DISTRITAL_DIP_13_MR.pdf
21,PUEBLA,14,CIUDAD SERDAN,108,289,18442,14899,1597,5193,13363,17061,3316,2870,24375,3544,1465,833,2536,341,297,112,58,492,0,0,0,0,0,0,0,0,0,0,0,110794,39,5110,115943,167186,https://ieepuebla.org.mx/2021/actas/resultados/dip/MR/ACTA_ESCRUTINIO_Y_CÓMPUTO_DISTRITAL_DIP_14_MR.pdf
21,PUEBLA,15,TECAMACHALCO,75,265,8408,9805,3778,3082,9815,2584,1269,14379,26190,6179,1187,2126,2665,355,515,73,174,440,0,0,0,0,0,0,0,641,0,0,0,93665,41,4131,97837,164488,https://ieepuebla.org.mx/2021/actas/resultados/dip/MR/ACTA_ESCRUTINIO_Y_CÓMPUTO_DISTRITAL_DIP_15_MR.pdf
21,PUEBLA,16,HEROICA PUEBLA DE ZARAGOZA,125,335,33582,8561,791,1713,2759,2358,452,748,34300,1210,1441,770,2046,1170,443,74,26,897,0,0,0,0,0,0,0,0,0,0,0,93341,79,3410,96830,203121,https://ieepuebla.org.mx/2021/actas/resultados/dip/MR/ACTA_ESCRUTINIO_Y_CÓMPUTO_DISTRITAL_DIP_16_MR.pdf
21,PUEBLA,17,HEROICA PUEBLA DE ZARAGOZA,223,408,51648,8845,1014,1438,3277,2470,845,497,33174,1329,1077,777,1603,1387,465,78,22,768,0,0,0,0,0,0,0,0,0,0,0,110714,147,3176,114037,213977,https://ieepuebla.org.mx/2021/actas/resultados/dip/MR/ACTA_ESCRUTINIO_Y_CÓMPUTO_DISTRITAL_DIP_17_MR.pdf
21,PUEBLA,18,CHOLULA DE RIVADAVIA,84,324,43186,7176,1311,1649,2773,3171,2169,1089,29961,914,5569,1228,3439,936,275,91,13,387,0,0,89,0,0,17,0,0,0,0,54,105497,212,4184,109893,208857,https://ieepuebla.org.mx/2021/actas/resultados/dip/MR/ACTA_ESCRUTINIO_Y_CÓMPUTO_DISTRITAL_DIP_18_MR.pdf
21,PUEBLA,19,HEROICA PUEBLA DE ZARAGOZA,116,325,26734,6345,850,1453,3613,3486,5063,1209,34098,2513,1027,924,1310,954,406,60,18,998,0,0,0,0,0,0,0,0,0,0,0,91061,102,3769,94932,202749,https://www.ieepuebla.org.mx/2021/resoluciones/DOE/RESOLUCION_TEEP-I-001-2021_TEEP-JDC-131-2021_ACUMULADOS.pdf
21,PUEBLA,20,HEROICA PUEBLA DE ZARAGOZA,78,294,17222,9337,1033,3328,2060,1652,534,840,27295,909,873,853,1413,2152,670,115,69,1272,0,0,0,0,0,0,0,0,0,0,0,71627,53,3369,75049,193838,https://ieepuebla.org.mx/2021/actas/resultados/dip/MR/ACTA_ESCRUTINIO_Y_CÓMPUTO_DISTRITAL_DIP_20_MR.pdf
21,PUEBLA,21,ATLIXCO,119,313,18508,11523,3961,5319,3721,2858,569,1607,34833,3246,2049,1647,2529,614,238,129,25,877,0,0,0,0,0,0,0,0,0,0,0,94253,45,4181,98479,187124,https://ieepuebla.org.mx/2021/actas/resultados/dip/MR/ACTA_ESCRUTINIO_Y_CÓMPUTO_DISTRITAL_DIP_21_MR.pdf
21,PUEBLA,22,IZUCAR DE MATAMOROS,141,342,7913,26251,2823,4486,1467,3429,2406,6089,37461,2034,3444,1719,4543,650,428,59,112,635,0,0,208,0,0,31,0,0,0,0,151,106339,73,4849,111261,186680,https://ieepuebla.org.mx/2021/actas/resultados/dip/MR/ACTA_ESCRUTINIO_Y_CÓMPUTO_DISTRITAL_DIP_22_MR.pdf
21,PUEBLA,23,ACATLAN DE OSORIO,151,334,8378,25967,6141,6466,7340,3066,889,1456,36269,2513,1544,1900,3329,318,604,276,83,455,0,0,0,0,0,0,75,0,0,0,0,107069,78,4394,111541,174703,https://ieepuebla.org.mx/2021/actas/resultados/dip/MR/ACTA_ESCRUTINIO_Y_CÓMPUTO_DISTRITAL_DIP_23_MR.pdf
21,PUEBLA,24,TEHUACAN,84,278,9957,12653,791,3926,3746,1786,952,10028,29113,3780,1863,640,4124,124,161,97,16,515,63,0,0,22,0,0,0,0,41,0,0,84398,101,4097,88596,174384,https://ieepuebla.org.mx/2021/actas/resultados/dip/MR/ACTA_ESCRUTINIO_Y_CÓMPUTO_DISTRITAL_DIP_24_MR.pdf
21,PUEBLA,25,TEHUACAN,81,279,10089,11997,771,6211,6717,5820,0,4346,31333,1536,2198,1451,3872,230,93,34,38,812,0,0,0,0,0,0,0,0,0,0,0,87548,243,4016,91807,177474,https://ieepuebla.org.mx/2021/actas/resultados/dip/MR/ACTA_ESCRUTINIO_Y_CÓMPUTO_DISTRITAL_DIP_25_MR.pdf
21,PUEBLA,26,AJALPAN,109,295,16343,19521,5074,8625,8340,5047,2893,3082,25961,2139,3097,2417,901,120,98,133,25,198,0,0,57,0,0,15,0,0,0,0,45,104131,16,5807,109954,171470,https://ieepuebla.org.mx/2021/actas/resultados/dip/MR/ACTA_ESCRUTINIO_Y_CÓMPUTO_DISTRITAL_DIP_26_MR.pdf
