CIRCUNSCRIPCION,ID_ESTADO,NOMBRE_ESTADO,ID_DISTRITO,CABECERA_DISTRITAL,ID_MUNICIPIO,MUNICIPIO,SECCION,CASILLAS,PAN,PRI,PVEM,NVA_ALIANZA,PRI_PVEM,PRI_NVA_ALIANZA,PVEM_NVA_ALIANZA,PRI_PVEM_NVA_ALIANZA,PRD,PT,MC,PSD,MORENA,ES,PH,NUM_VOTOS_CAN_NREG,NUM_VOTOS_VALIDOS,NUM_VOTOS_NULOS,TOTAL_VOTOS,LISTA_NOMINAL
,17,MORELOS,1,CUERNAVACA NORTE,7,CUERNAVACA,188,5,329,232,103,40,,,,,254,15,80,232,126,83,49,3,1543,113,1659,3275
,17,MORELOS,1,CUERNAVACA NORTE,7,CUERNAVACA,189,2,113,110,52,21,,,,,92,5,46,75,63,24,23,0,624,51,675,1442
,17,MORELOS,1,CUERNAVACA NORTE,7,CUERNAVACA,190,4,232,236,121,32,,,,,137,15,70,139,148,52,37,3,1219,106,1328,2803
,17,MORELOS,1,CUERNAVACA NORTE,7,CUERNAVACA,191,3,146,149,75,21,,,,,135,17,45,127,94,37,31,3,877,55,935,2001
,17,MORELOS,1,CUERNAVACA NORTE,7,CUERNAVACA,192,3,168,152,60,23,,,,,177,14,46,165,111,57,37,3,1010,61,1074,2150
,17,MORELOS,1,CUERNAVACA NORTE,7,CUERNAVACA,193,5,206,265,106,36,,,,,220,10,84,218,157,67,42,5,1411,85,1501,3018
,17,MORELOS,1,CUERNAVACA NORTE,7,CUERNAVACA,200,3,131,114,78,17,,,,,153,15,43,95,123,57,40,6,866,57,929,1823
,17,MORELOS,1,CUERNAVACA NORTE,7,CUERNAVACA,201,2,101,118,49,14,,,,,135,9,31,108,70,32,24,2,691,56,749,1431
,17,MORELOS,1,CUERNAVACA NORTE,7,CUERNAVACA,202,3,154,141,58,24,,,,,171,13,57,152,98,62,30,2,960,66,1028,2086
,17,MORELOS,1,CUERNAVACA NORTE,7,CUERNAVACA,203,3,124,99,57,22,,,,,137,12,34,107,86,46,30,1,754,50,805,1663
,17,MORELOS,1,CUERNAVACA NORTE,7,CUERNAVACA,204,3,133,120,85,16,,,,,128,11,52,114,149,65,27,4,900,106,1010,2062
,17,MORELOS,1,CUERNAVACA NORTE,7,CUERNAVACA,205,4,181,159,66,29,,,,,134,19,68,124,138,78,37,5,1033,131,1169,2500
,17,MORELOS,1,CUERNAVACA NORTE,7,CUERNAVACA,206,3,187,183,53,13,,,,,162,3,37,96,57,55,41,4,887,47,938,1633
,17,MORELOS,1,CUERNAVACA NORTE,7,CUERNAVACA,207,4,269,221,85,27,,,,,152,21,57,140,62,74,38,6,1146,98,1250,2437
,17,MORELOS,1,CUERNAVACA NORTE,7,CUERNAVACA,208,4,335,230,70,21,,,,,136,13,39,151,88,48,47,4,1178,59,1241,2339
,17,MORELOS,1,CUERNAVACA NORTE,7,CUERNAVACA,209,6,358,200,61,28,,,,,222,10,71,146,204,81,75,3,1456,182,1641,3284
,17,MORELOS,1,CUERNAVACA NORTE,7,CUERNAVACA,210,2,155,76,24,16,,,,,43,5,33,35,119,27,40,6,573,82,661,1301
,17,MORELOS,1,CUERNAVACA NORTE,7,CUERNAVACA,211,2,95,88,21,12,,,,,44,11,29,48,64,17,24,4,453,63,520,1096
,17,MORELOS,1,CUERNAVACA NORTE,7,CUERNAVACA,212,3,108,100,52,20,,,,,89,5,38,92,74,35,29,4,642,48,694,1520
,17,MORELOS,1,CUERNAVACA NORTE,7,CUERNAVACA,213,3,102,147,69,24,,,,,130,9,25,93,98,50,38,4,785,68,857,1754
,17,MORELOS,1,CUERNAVACA NORTE,7,CUERNAVACA,214,3,142,152,74,31,,,,,119,9,36,114,116,64,49,3,906,82,991,1989
,17,MORELOS,1,CUERNAVACA NORTE,7,CUERNAVACA,215,3,97,121,47,15,,,,,120,7,30,160,42,42,32,0,713,47,760,1435
,17,MORELOS,1,CUERNAVACA NORTE,7,CUERNAVACA,216,3,166,86,38,25,,,,,75,1,41,79,62,33,24,5,630,89,724,1548
,17,MORELOS,1,CUERNAVACA NORTE,7,CUERNAVACA,217,2,100,42,21,5,,,,,55,5,21,59,51,17,13,19,389,17,425,875
,17,MORELOS,1,CUERNAVACA NORTE,7,CUERNAVACA,218,2,91,47,16,12,,,,,30,5,25,41,52,17,24,2,360,50,412,819
,17,MORELOS,1,CUERNAVACA NORTE,7,CUERNAVACA,231,2,68,72,16,5,,,,,65,6,36,138,43,22,15,2,486,38,526,914
,17,MORELOS,1,CUERNAVACA NORTE,7,CUERNAVACA,232,3,146,97,51,29,,,,,168,15,56,155,90,44,40,1,891,70,962,1758
,17,MORELOS,1,CUERNAVACA NORTE,7,CUERNAVACA,233,2,70,71,27,8,,,,,72,8,38,83,54,21,27,2,479,40,521,976
,17,MORELOS,1,CUERNAVACA NORTE,7,CUERNAVACA,234,2,112,75,14,15,,,,,28,4,22,49,58,20,24,3,421,56,480,984
,17,MORELOS,1,CUERNAVACA NORTE,7,CUERNAVACA,235,1,20,8,3,1,,,,,14,0,1,15,2,4,0,0,68,2,70,362
,17,MORELOS,1,CUERNAVACA NORTE,7,CUERNAVACA,236,1,64,62,5,4,,,,,31,5,13,25,42,11,17,4,279,30,313,585
,17,MORELOS,1,CUERNAVACA NORTE,7,CUERNAVACA,237,2,104,67,30,2,,,,,33,5,32,49,54,21,17,5,414,69,488,1033
,17,MORELOS,1,CUERNAVACA NORTE,7,CUERNAVACA,238,2,74,60,28,7,,,,,28,2,16,28,52,12,17,2,324,59,385,756
,17,MORELOS,1,CUERNAVACA NORTE,7,CUERNAVACA,239,11,822,450,168,81,,,,,358,44,246,447,443,242,190,13,3491,377,3881,7745
,17,MORELOS,1,CUERNAVACA NORTE,7,CUERNAVACA,240,3,199,126,35,16,,,,,90,5,51,70,161,50,51,3,854,126,983,1970
,17,MORELOS,1,CUERNAVACA NORTE,7,CUERNAVACA,241,3,133,81,59,27,,,,,167,7,25,152,72,64,38,2,825,78,905,1663
,17,MORELOS,1,CUERNAVACA NORTE,7,CUERNAVACA,242,2,141,82,45,22,,,,,89,10,34,71,60,30,23,5,607,65,677,1392
,17,MORELOS,1,CUERNAVACA NORTE,7,CUERNAVACA,243,2,73,61,26,6,,,,,70,7,19,50,44,23,15,2,394,44,440,924
,17,MORELOS,1,CUERNAVACA NORTE,7,CUERNAVACA,272,4,152,134,74,19,,,,,178,7,39,189,83,61,35,2,971,94,1067,2265
,17,MORELOS,1,CUERNAVACA NORTE,7,CUERNAVACA,316,2,95,65,39,19,,,,,110,12,15,107,56,41,22,0,581,45,626,1299
,17,MORELOS,1,CUERNAVACA NORTE,7,CUERNAVACA,317,3,103,146,59,30,,,,,147,11,38,135,89,42,26,3,826,83,912,1846
,17,MORELOS,1,CUERNAVACA NORTE,7,CUERNAVACA,320,3,133,122,74,42,,,,,148,11,48,136,88,54,31,7,887,72,966,2062
,17,MORELOS,1,CUERNAVACA NORTE,7,CUERNAVACA,389,2,210,90,36,18,,,,,79,6,7,57,22,8,6,2,539,47,588,943
,17,MORELOS,1,CUERNAVACA NORTE,7,CUERNAVACA,390,1,20,23,7,2,,,,,13,0,11,15,14,8,5,0,118,13,131,415
,17,MORELOS,1,CUERNAVACA NORTE,9,HUITZILAC,412,3,214,225,146,177,,,,,136,94,14,14,133,43,34,0,1230,48,1278,1598
,17,MORELOS,1,CUERNAVACA NORTE,9,HUITZILAC,413,3,209,128,125,158,,,,,130,56,15,31,165,50,34,2,1101,46,1149,1505
,17,MORELOS,1,CUERNAVACA NORTE,9,HUITZILAC,414,2,143,131,122,120,,,,,100,154,23,25,124,5,32,0,979,40,1019,1366
,17,MORELOS,1,CUERNAVACA NORTE,9,HUITZILAC,415,1,21,35,16,7,,,,,13,18,1,7,3,0,4,0,125,5,130,167
,17,MORELOS,1,CUERNAVACA NORTE,9,HUITZILAC,416,3,133,141,225,211,,,,,98,93,19,39,180,14,46,0,1199,73,1272,1780
,17,MORELOS,1,CUERNAVACA NORTE,9,HUITZILAC,417,3,152,273,297,242,,,,,200,118,18,44,181,41,22,0,1588,75,1663,2148
,17,MORELOS,1,CUERNAVACA NORTE,9,HUITZILAC,418,3,74,113,154,179,,,,,120,94,13,23,135,40,19,0,964,48,1012,1507
,17,MORELOS,1,CUERNAVACA NORTE,9,HUITZILAC,419,2,100,208,105,87,,,,,209,53,15,43,102,26,37,0,985,84,1069,1451
,17,MORELOS,1,CUERNAVACA NORTE,9,HUITZILAC,420,2,89,39,40,60,,,,,59,43,5,17,101,13,7,0,473,36,509,827
,17,MORELOS,1,CUERNAVACA NORTE,9,HUITZILAC,421,1,56,24,28,52,,,,,39,13,6,13,47,6,6,1,290,21,312,539
,17,MORELOS,1,CUERNAVACA NORTE,9,HUITZILAC,422,1,44,49,35,40,,,,,36,51,7,30,67,10,6,0,375,35,410,693
,17,MORELOS,2,CUERNAVACA ORIENTE ,7,CUERNAVACA,194,5,276,283,90,28,,,,,321,25,87,188,134,73,66,5,1571,105,1681,3417
,17,MORELOS,2,CUERNAVACA ORIENTE ,7,CUERNAVACA,195,4,217,231,54,13,,,,,228,12,30,125,88,42,50,4,1090,75,1169,2390
,17,MORELOS,2,CUERNAVACA ORIENTE ,7,CUERNAVACA,196,4,234,271,88,33,,,,,246,22,47,114,123,66,51,0,1295,101,1396,2882
,17,MORELOS,2,CUERNAVACA ORIENTE ,7,CUERNAVACA,197,6,316,289,106,34,,,,,454,27,67,209,160,80,66,1,1808,141,1950,4010
,17,MORELOS,2,CUERNAVACA ORIENTE ,7,CUERNAVACA,198,3,131,150,54,16,,,,,281,12,41,135,83,53,38,3,994,65,1062,2063
,17,MORELOS,2,CUERNAVACA ORIENTE ,7,CUERNAVACA,199,4,194,178,93,35,,,,,298,21,61,220,132,59,47,5,1338,128,1471,2829
,17,MORELOS,2,CUERNAVACA ORIENTE ,7,CUERNAVACA,219,3,186,107,43,41,,,,,118,15,39,101,82,36,50,6,818,80,904,1766
,17,MORELOS,2,CUERNAVACA ORIENTE ,7,CUERNAVACA,220,8,492,314,130,45,,,,,260,37,112,378,184,93,127,14,2172,232,2418,5503
,17,MORELOS,2,CUERNAVACA ORIENTE ,7,CUERNAVACA,221,3,124,106,34,16,,,,,67,16,22,86,72,39,51,5,633,48,686,1634
,17,MORELOS,2,CUERNAVACA ORIENTE ,7,CUERNAVACA,222,8,272,720,197,58,,,,,338,35,90,305,218,84,118,7,2435,174,2616,5421
,17,MORELOS,2,CUERNAVACA ORIENTE ,7,CUERNAVACA,223,2,74,177,26,9,,,,,72,12,16,59,46,21,38,22,550,17,589,1105
,17,MORELOS,2,CUERNAVACA ORIENTE ,7,CUERNAVACA,224,2,82,164,26,9,,,,,108,8,22,85,82,35,33,0,654,36,690,1435
,17,MORELOS,2,CUERNAVACA ORIENTE ,7,CUERNAVACA,225,2,98,139,20,10,,,,,68,12,20,75,60,17,41,2,560,36,598,1144
,17,MORELOS,2,CUERNAVACA ORIENTE ,7,CUERNAVACA,226,2,92,115,26,8,,,,,100,3,16,51,74,23,42,0,550,43,593,1147
,17,MORELOS,2,CUERNAVACA ORIENTE ,7,CUERNAVACA,227,3,141,162,52,21,,,,,129,9,22,167,102,43,71,1,919,63,983,2003
,17,MORELOS,2,CUERNAVACA ORIENTE ,7,CUERNAVACA,228,2,126,61,31,11,,,,,35,6,13,33,44,18,24,2,402,45,449,841
,17,MORELOS,2,CUERNAVACA ORIENTE ,7,CUERNAVACA,229,2,93,53,25,6,,,,,74,8,13,53,39,21,22,2,407,59,468,927
,17,MORELOS,2,CUERNAVACA ORIENTE ,7,CUERNAVACA,230,3,197,108,36,15,,,,,108,9,60,88,87,49,36,5,793,115,913,1711
,17,MORELOS,2,CUERNAVACA ORIENTE ,7,CUERNAVACA,251,2,141,69,14,3,,,,,30,1,27,27,29,11,10,5,362,59,426,793
,17,MORELOS,2,CUERNAVACA ORIENTE ,7,CUERNAVACA,252,2,97,107,33,11,,,,,72,9,25,45,59,24,50,2,532,70,604,1274
,17,MORELOS,2,CUERNAVACA ORIENTE ,7,CUERNAVACA,253,2,87,110,23,9,,,,,70,6,11,51,69,24,38,1,498,31,530,1114
,17,MORELOS,2,CUERNAVACA ORIENTE ,7,CUERNAVACA,254,2,151,129,29,12,,,,,77,18,26,75,63,31,37,4,648,34,686,1422
,17,MORELOS,2,CUERNAVACA ORIENTE ,7,CUERNAVACA,255,3,188,177,41,24,,,,,115,22,40,107,117,31,59,1,921,88,1010,2133
,17,MORELOS,2,CUERNAVACA ORIENTE ,7,CUERNAVACA,256,3,122,142,40,23,,,,,47,9,43,87,282,43,26,6,864,60,930,1976
,17,MORELOS,2,CUERNAVACA ORIENTE ,7,CUERNAVACA,257,8,433,460,171,43,,,,,269,37,95,251,386,137,120,12,2402,154,2568,5510
,17,MORELOS,2,CUERNAVACA ORIENTE ,7,CUERNAVACA,258,1,33,87,27,6,,,,,25,2,10,34,31,17,16,1,288,26,315,642
,17,MORELOS,2,CUERNAVACA ORIENTE ,7,CUERNAVACA,259,1,49,50,17,8,,,,,23,2,14,35,37,22,25,1,282,15,298,538
,17,MORELOS,2,CUERNAVACA ORIENTE ,7,CUERNAVACA,260,1,49,49,11,6,,,,,22,4,16,38,68,24,28,1,315,24,340,731
,17,MORELOS,2,CUERNAVACA ORIENTE ,7,CUERNAVACA,261,1,46,42,13,7,,,,,30,4,19,29,66,21,17,1,294,26,321,595
,17,MORELOS,2,CUERNAVACA ORIENTE ,7,CUERNAVACA,262,2,143,56,15,7,,,,,32,8,23,32,40,18,35,4,409,65,478,984
,17,MORELOS,2,CUERNAVACA ORIENTE ,7,CUERNAVACA,263,2,149,68,27,6,,,,,48,7,19,38,33,16,37,0,448,83,531,1100
,17,MORELOS,2,CUERNAVACA ORIENTE ,7,CUERNAVACA,264,2,113,45,26,11,,,,,41,7,20,33,43,27,33,5,399,44,448,875
,17,MORELOS,2,CUERNAVACA ORIENTE ,7,CUERNAVACA,265,1,88,55,29,9,,,,,27,4,21,18,23,17,20,2,311,41,354,738
,17,MORELOS,2,CUERNAVACA ORIENTE ,7,CUERNAVACA,281,2,132,80,24,7,,,,,37,6,33,22,48,14,18,0,421,63,484,1061
,17,MORELOS,2,CUERNAVACA ORIENTE ,7,CUERNAVACA,282,3,115,132,39,14,,,,,37,3,36,85,234,33,33,1,761,30,792,1642
,17,MORELOS,2,CUERNAVACA ORIENTE ,7,CUERNAVACA,283,3,100,132,29,16,,,,,73,10,33,110,186,24,37,1,750,46,797,1535
,17,MORELOS,2,CUERNAVACA ORIENTE ,7,CUERNAVACA,284,3,104,224,50,14,,,,,143,15,45,130,102,47,41,1,915,52,968,1795
,17,MORELOS,2,CUERNAVACA ORIENTE ,7,CUERNAVACA,285,2,90,140,40,12,,,,,61,11,37,81,111,40,53,1,676,44,721,1329
,17,MORELOS,2,CUERNAVACA ORIENTE ,7,CUERNAVACA,286,2,62,96,46,15,,,,,64,8,25,94,132,37,35,3,614,45,662,1346
,17,MORELOS,2,CUERNAVACA ORIENTE ,7,CUERNAVACA,287,2,54,74,31,12,,,,,61,7,25,79,198,19,23,1,583,38,622,1233
,17,MORELOS,2,CUERNAVACA ORIENTE ,7,CUERNAVACA,288,3,97,131,37,6,,,,,34,6,40,80,323,27,29,2,810,49,861,1834
,17,MORELOS,2,CUERNAVACA ORIENTE ,7,CUERNAVACA,289,1,77,41,12,10,,,,,37,6,18,20,45,6,15,3,287,38,328,703
,17,MORELOS,2,CUERNAVACA ORIENTE ,7,CUERNAVACA,290,3,206,133,59,22,,,,,77,12,51,95,218,46,45,3,964,79,1046,1918
,17,MORELOS,2,CUERNAVACA ORIENTE ,7,CUERNAVACA,291,2,92,60,27,4,,,,,34,3,30,47,30,20,20,1,367,49,417,788
,17,MORELOS,2,CUERNAVACA ORIENTE ,7,CUERNAVACA,305,3,153,173,55,23,,,,,80,14,68,83,202,36,30,0,917,74,991,2095
,17,MORELOS,2,CUERNAVACA ORIENTE ,7,CUERNAVACA,306,3,68,115,50,20,,,,,125,14,29,104,102,31,23,1,681,47,729,1501
,17,MORELOS,2,CUERNAVACA ORIENTE ,7,CUERNAVACA,307,2,92,132,33,20,,,,,56,7,26,49,74,42,66,3,597,52,652,1146
,17,MORELOS,2,CUERNAVACA ORIENTE ,7,CUERNAVACA,308,2,99,133,33,12,,,,,68,15,32,100,85,46,41,3,664,56,723,1395
,17,MORELOS,2,CUERNAVACA ORIENTE ,7,CUERNAVACA,309,4,176,197,93,26,,,,,137,20,59,165,215,92,87,4,1267,83,1354,2836
,17,MORELOS,2,CUERNAVACA ORIENTE ,7,CUERNAVACA,310,2,124,83,40,9,,,,,40,6,23,55,33,32,26,0,471,49,520,954
,17,MORELOS,3,CUERNAVACA PONIENTE,7,CUERNAVACA,244,2,147,74,37,13,1,0,0,0,66,2,36,65,62,27,28,3,558,45,606,1155
,17,MORELOS,3,CUERNAVACA PONIENTE,7,CUERNAVACA,245,2,104,38,18,11,0,0,0,0,43,8,41,43,44,26,14,5,390,40,435,868
,17,MORELOS,3,CUERNAVACA PONIENTE,7,CUERNAVACA,246,2,110,118,27,35,0,1,0,1,83,7,27,94,67,31,21,3,622,44,669,1198
,17,MORELOS,3,CUERNAVACA PONIENTE,7,CUERNAVACA,247,2,102,102,39,23,0,0,0,2,63,3,22,65,75,25,34,2,555,47,604,1208
,17,MORELOS,3,CUERNAVACA PONIENTE,7,CUERNAVACA,248,3,198,137,36,20,2,0,0,1,58,4,37,68,80,34,24,0,699,73,772,1515
,17,MORELOS,3,CUERNAVACA PONIENTE,7,CUERNAVACA,249,1,68,34,18,8,0,0,0,0,19,1,22,23,32,20,13,3,258,14,275,485
,17,MORELOS,3,CUERNAVACA PONIENTE,7,CUERNAVACA,250,2,170,66,15,6,3,0,0,0,33,4,40,31,45,59,17,4,489,76,569,1184
,17,MORELOS,3,CUERNAVACA PONIENTE,7,CUERNAVACA,266,2,108,54,22,1,0,0,0,0,24,2,22,28,44,24,19,1,348,36,385,755
,17,MORELOS,3,CUERNAVACA PONIENTE,7,CUERNAVACA,267,3,167,91,22,31,0,0,0,70,103,4,35,98,120,54,31,10,826,62,898,1611
,17,MORELOS,3,CUERNAVACA PONIENTE,7,CUERNAVACA,268,2,81,93,62,35,1,1,1,0,57,2,35,102,41,36,36,1,583,49,633,1148
,17,MORELOS,3,CUERNAVACA PONIENTE,7,CUERNAVACA,269,2,99,99,35,21,0,0,1,0,55,2,20,81,58,42,32,1,545,53,599,1167
,17,MORELOS,3,CUERNAVACA PONIENTE,7,CUERNAVACA,270,1,65,47,19,10,0,0,0,0,42,6,19,33,34,18,14,2,307,36,345,650
,17,MORELOS,3,CUERNAVACA PONIENTE,7,CUERNAVACA,271,2,82,68,24,17,1,0,0,1,55,5,21,44,53,26,21,4,418,48,470,909
,17,MORELOS,3,CUERNAVACA PONIENTE,7,CUERNAVACA,273,2,130,85,40,48,0,0,0,0,67,6,38,57,80,37,30,3,618,60,681,1314
,17,MORELOS,3,CUERNAVACA PONIENTE,7,CUERNAVACA,274,2,122,113,54,38,3,0,0,0,127,5,17,84,70,30,21,0,684,54,738,1360
,17,MORELOS,3,CUERNAVACA PONIENTE,7,CUERNAVACA,275,2,111,86,23,6,2,0,0,0,56,6,35,44,44,39,23,8,475,37,520,1008
,17,MORELOS,3,CUERNAVACA PONIENTE,7,CUERNAVACA,276,2,102,68,25,20,3,0,0,1,48,4,27,58,54,29,14,0,453,41,494,952
,17,MORELOS,3,CUERNAVACA PONIENTE,7,CUERNAVACA,277,1,84,43,10,5,4,0,0,0,20,4,5,30,39,15,9,0,268,38,306,602
,17,MORELOS,3,CUERNAVACA PONIENTE,7,CUERNAVACA,278,2,106,72,22,11,0,0,0,1,43,4,34,53,42,21,26,2,435,43,480,845
,17,MORELOS,3,CUERNAVACA PONIENTE,7,CUERNAVACA,279,2,139,72,34,20,0,0,0,0,76,6,37,70,94,50,16,3,614,54,671,1349
,17,MORELOS,3,CUERNAVACA PONIENTE,7,CUERNAVACA,280,1,34,29,10,1,0,0,0,0,10,1,10,13,14,9,10,4,141,22,167,346
,17,MORELOS,3,CUERNAVACA PONIENTE,7,CUERNAVACA,292,3,164,113,59,31,1,2,1,1,185,6,25,132,91,77,33,5,921,78,1004,1991
,17,MORELOS,3,CUERNAVACA PONIENTE,7,CUERNAVACA,293,1,83,32,7,16,0,0,0,0,40,0,16,28,26,24,10,0,282,29,311,597
,17,MORELOS,3,CUERNAVACA PONIENTE,7,CUERNAVACA,294,2,93,71,25,27,0,0,0,0,44,8,23,55,60,30,12,1,448,48,497,965
,17,MORELOS,3,CUERNAVACA PONIENTE,7,CUERNAVACA,295,1,54,57,25,38,0,0,0,0,22,3,22,33,48,33,11,0,346,28,374,733
,17,MORELOS,3,CUERNAVACA PONIENTE,7,CUERNAVACA,296,2,56,76,36,44,0,0,0,0,69,8,14,41,46,24,18,0,432,5,437,825
,17,MORELOS,3,CUERNAVACA PONIENTE,7,CUERNAVACA,297,2,74,59,41,34,1,0,0,1,77,4,11,65,48,29,18,0,462,39,501,969
,17,MORELOS,3,CUERNAVACA PONIENTE,7,CUERNAVACA,298,2,83,56,23,16,0,0,0,3,57,4,20,33,50,33,17,1,395,30,426,833
,17,MORELOS,3,CUERNAVACA PONIENTE,7,CUERNAVACA,299,1,53,45,11,12,0,1,0,0,10,0,11,14,24,15,9,1,205,20,226,419
,17,MORELOS,3,CUERNAVACA PONIENTE,7,CUERNAVACA,300,2,69,66,12,20,1,0,0,0,80,5,19,44,35,24,15,1,390,34,425,833
,17,MORELOS,3,CUERNAVACA PONIENTE,7,CUERNAVACA,301,2,90,85,11,12,2,0,0,5,54,3,39,68,47,30,12,0,458,51,509,1090
,17,MORELOS,3,CUERNAVACA PONIENTE,7,CUERNAVACA,302,4,43,196,58,107,6,2,1,19,419,12,23,285,65,20,16,1,1272,82,1355,2585
,17,MORELOS,3,CUERNAVACA PONIENTE,7,CUERNAVACA,303,4,241,156,42,51,4,1,0,2,131,7,38,162,102,68,54,5,1059,86,1150,2345
,17,MORELOS,3,CUERNAVACA PONIENTE,7,CUERNAVACA,304,2,157,98,41,25,1,1,0,0,138,4,29,94,89,36,27,1,740,47,788,1466
,17,MORELOS,3,CUERNAVACA PONIENTE,7,CUERNAVACA,311,2,132,102,39,26,0,2,0,2,56,8,27,96,56,34,31,4,611,39,654,1380
,17,MORELOS,3,CUERNAVACA PONIENTE,7,CUERNAVACA,312,2,107,96,27,26,0,0,2,0,159,4,20,86,46,24,27,6,624,46,676,1245
,17,MORELOS,3,CUERNAVACA PONIENTE,7,CUERNAVACA,313,1,30,37,11,7,1,0,0,2,14,2,6,39,21,18,8,1,196,18,215,388
,17,MORELOS,3,CUERNAVACA PONIENTE,7,CUERNAVACA,314,2,69,73,35,17,2,0,0,0,75,4,13,66,54,43,22,0,473,28,501,993
,17,MORELOS,3,CUERNAVACA PONIENTE,7,CUERNAVACA,315,2,63,114,37,32,4,0,2,2,56,9,28,54,51,48,16,3,516,60,579,1021
,17,MORELOS,3,CUERNAVACA PONIENTE,7,CUERNAVACA,318,2,85,112,47,71,2,5,0,4,123,6,20,101,58,41,22,0,697,56,753,1481
,17,MORELOS,3,CUERNAVACA PONIENTE,7,CUERNAVACA,319,1,43,35,9,10,0,0,0,0,11,1,7,32,25,16,13,2,202,14,218,412
,17,MORELOS,3,CUERNAVACA PONIENTE,7,CUERNAVACA,321,2,101,98,54,49,5,1,3,4,58,6,17,77,92,38,20,2,623,43,668,1263
,17,MORELOS,3,CUERNAVACA PONIENTE,7,CUERNAVACA,322,2,97,91,54,29,0,0,0,0,61,5,30,78,59,52,36,5,592,50,647,1266
,17,MORELOS,3,CUERNAVACA PONIENTE,7,CUERNAVACA,323,1,33,59,14,15,0,0,0,0,31,0,8,51,25,20,8,0,264,13,277,611
,17,MORELOS,3,CUERNAVACA PONIENTE,7,CUERNAVACA,324,2,84,73,24,23,1,1,0,0,34,8,18,70,34,28,24,2,422,36,460,1073
,17,MORELOS,3,CUERNAVACA PONIENTE,7,CUERNAVACA,325,1,49,30,10,6,0,1,0,0,21,0,11,14,22,9,8,0,181,17,198,409
,17,MORELOS,3,CUERNAVACA PONIENTE,7,CUERNAVACA,326,1,26,26,7,5,0,0,0,0,10,2,11,18,15,8,3,2,131,11,144,296
,17,MORELOS,3,CUERNAVACA PONIENTE,7,CUERNAVACA,346,1,48,75,14,0,0,0,0,0,25,2,24,35,15,23,23,0,284,24,308,642
,17,MORELOS,3,CUERNAVACA PONIENTE,7,CUERNAVACA,347,1,38,36,4,3,0,0,0,2,16,0,18,14,15,10,7,3,163,25,191,444
,17,MORELOS,3,CUERNAVACA PONIENTE,7,CUERNAVACA,349,3,124,107,65,62,1,0,1,0,128,8,25,109,59,34,24,3,747,67,817,1559
,17,MORELOS,4,CUERNAVACA SUR,7,CUERNAVACA,327,2,91,82,34,11,1,0,0,2,40,11,39,99,57,28,18,2,513,37,552,1027
,17,MORELOS,4,CUERNAVACA SUR,7,CUERNAVACA,328,2,95,80,32,8,1,0,0,0,54,7,27,110,35,19,33,0,501,28,529,947
,17,MORELOS,4,CUERNAVACA SUR,7,CUERNAVACA,329,1,113,42,13,10,0,0,0,0,16,1,35,29,27,16,14,2,316,36,354,667
,17,MORELOS,4,CUERNAVACA SUR,7,CUERNAVACA,330,2,131,55,25,11,0,0,0,0,31,10,32,70,39,29,18,2,451,50,503,914
,17,MORELOS,4,CUERNAVACA SUR,7,CUERNAVACA,331,2,102,74,21,6,2,0,0,0,30,12,28,74,34,37,22,2,442,36,480,892
,17,MORELOS,4,CUERNAVACA SUR,7,CUERNAVACA,332,3,165,112,34,10,5,1,1,0,56,70,32,125,78,42,25,0,756,48,804,1677
,17,MORELOS,4,CUERNAVACA SUR,7,CUERNAVACA,333,4,190,126,56,30,3,0,0,1,86,46,67,144,113,88,35,3,985,82,1070,1819
,17,MORELOS,4,CUERNAVACA SUR,7,CUERNAVACA,334,3,176,68,51,10,0,0,0,1,68,15,81,134,92,62,35,4,793,54,851,1768
,17,MORELOS,4,CUERNAVACA SUR,7,CUERNAVACA,335,3,149,83,45,16,5,0,0,0,59,11,53,161,85,48,35,3,750,67,820,1803
,17,MORELOS,4,CUERNAVACA SUR,7,CUERNAVACA,336,2,112,68,43,17,2,0,0,0,48,19,33,113,68,65,18,1,606,41,648,1249
,17,MORELOS,4,CUERNAVACA SUR,7,CUERNAVACA,337,2,72,74,31,7,0,0,0,0,40,17,31,101,73,36,27,0,509,35,544,1059
,17,MORELOS,4,CUERNAVACA SUR,7,CUERNAVACA,338,3,204,183,56,33,2,3,0,3,60,20,66,210,79,70,28,0,1017,69,1086,2027
,17,MORELOS,4,CUERNAVACA SUR,7,CUERNAVACA,339,2,104,68,39,7,3,0,1,2,59,11,56,101,63,39,23,1,576,46,623,1310
,17,MORELOS,4,CUERNAVACA SUR,7,CUERNAVACA,340,3,212,85,42,21,3,1,1,0,82,36,98,157,91,71,31,2,931,67,1000,2041
,17,MORELOS,4,CUERNAVACA SUR,7,CUERNAVACA,341,2,102,53,21,8,1,0,0,1,27,8,35,45,41,26,26,0,394,34,428,799
,17,MORELOS,4,CUERNAVACA SUR,7,CUERNAVACA,342,2,127,53,30,8,2,0,0,0,28,8,46,53,58,22,16,2,451,44,497,912
,17,MORELOS,4,CUERNAVACA SUR,7,CUERNAVACA,343,2,127,64,36,9,0,0,0,0,26,8,37,69,37,29,21,6,463,45,514,972
,17,MORELOS,4,CUERNAVACA SUR,7,CUERNAVACA,344,2,184,119,41,27,2,0,0,1,64,5,55,116,54,38,41,1,747,65,813,1454
,17,MORELOS,4,CUERNAVACA SUR,7,CUERNAVACA,345,1,94,40,14,5,3,0,0,0,7,4,15,64,16,10,12,5,284,20,309,547
,17,MORELOS,4,CUERNAVACA SUR,7,CUERNAVACA,348,2,161,103,42,24,4,1,0,1,54,13,28,115,43,27,23,2,639,41,682,1472
,17,MORELOS,4,CUERNAVACA SUR,7,CUERNAVACA,350,2,151,116,35,13,2,0,0,0,58,9,67,132,104,35,23,2,745,69,816,1442
,17,MORELOS,4,CUERNAVACA SUR,7,CUERNAVACA,351,1,56,39,22,6,0,2,1,0,54,13,14,98,29,19,5,2,358,18,378,624
,17,MORELOS,4,CUERNAVACA SUR,7,CUERNAVACA,352,1,53,34,13,5,0,0,0,0,12,1,18,30,35,17,20,0,238,29,267,592
,17,MORELOS,4,CUERNAVACA SUR,7,CUERNAVACA,353,2,84,48,20,8,1,0,0,0,36,12,22,57,48,22,15,1,373,20,394,782
,17,MORELOS,4,CUERNAVACA SUR,7,CUERNAVACA,354,2,165,80,28,10,2,0,0,0,44,6,51,89,56,19,24,2,574,55,631,1133
,17,MORELOS,4,CUERNAVACA SUR,7,CUERNAVACA,355,4,193,116,65,21,1,0,0,0,107,20,89,281,127,69,58,3,1147,72,1222,2225
,17,MORELOS,4,CUERNAVACA SUR,7,CUERNAVACA,356,2,109,123,30,16,2,0,0,0,47,18,36,107,66,48,31,7,633,52,692,1130
,17,MORELOS,4,CUERNAVACA SUR,7,CUERNAVACA,357,2,118,50,22,2,0,0,0,1,34,13,24,72,46,32,22,6,436,50,492,923
,17,MORELOS,4,CUERNAVACA SUR,7,CUERNAVACA,358,1,46,29,8,7,0,0,0,0,20,4,22,49,25,20,17,0,247,17,264,454
,17,MORELOS,4,CUERNAVACA SUR,7,CUERNAVACA,359,2,73,93,34,15,4,0,0,5,39,10,29,94,55,29,27,2,507,43,552,1060
,17,MORELOS,4,CUERNAVACA SUR,7,CUERNAVACA,360,2,132,82,31,23,4,0,0,1,41,18,51,179,98,59,14,0,733,64,797,1438
,17,MORELOS,4,CUERNAVACA SUR,7,CUERNAVACA,361,2,96,69,16,3,1,0,0,0,32,4,54,103,47,17,22,3,464,50,517,947
,17,MORELOS,4,CUERNAVACA SUR,7,CUERNAVACA,362,1,50,39,18,3,1,0,0,0,27,4,21,43,36,13,13,3,268,28,299,606
,17,MORELOS,4,CUERNAVACA SUR,7,CUERNAVACA,363,1,83,40,24,6,1,0,0,0,36,4,11,38,37,16,12,0,308,29,337,748
,17,MORELOS,4,CUERNAVACA SUR,7,CUERNAVACA,364,3,122,108,56,17,5,0,0,1,62,41,50,174,62,37,24,1,759,44,804,1555
,17,MORELOS,4,CUERNAVACA SUR,7,CUERNAVACA,365,4,234,158,101,20,9,2,1,9,133,67,81,173,87,67,47,1,1189,78,1268,2587
,17,MORELOS,4,CUERNAVACA SUR,7,CUERNAVACA,366,3,139,146,45,22,3,0,0,0,146,67,85,144,67,57,33,0,954,52,1006,1854
,17,MORELOS,4,CUERNAVACA SUR,7,CUERNAVACA,367,3,108,93,29,17,1,0,0,0,66,61,67,131,70,38,33,0,714,58,772,1619
,17,MORELOS,4,CUERNAVACA SUR,7,CUERNAVACA,368,2,125,59,25,4,1,1,0,0,35,20,47,49,53,29,25,3,473,48,524,1041
,17,MORELOS,4,CUERNAVACA SUR,7,CUERNAVACA,369,2,145,78,22,12,1,0,0,0,40,11,35,87,62,49,44,5,586,55,646,1285
,17,MORELOS,4,CUERNAVACA SUR,7,CUERNAVACA,370,3,126,79,34,11,4,0,1,0,116,25,75,242,126,39,40,1,918,55,974,1735
,17,MORELOS,4,CUERNAVACA SUR,7,CUERNAVACA,371,2,106,67,21,10,1,0,0,0,31,15,51,102,65,20,25,2,514,35,551,1022
,17,MORELOS,4,CUERNAVACA SUR,7,CUERNAVACA,372,2,111,60,22,7,0,0,0,0,31,11,39,46,50,16,17,3,410,43,456,804
,17,MORELOS,4,CUERNAVACA SUR,7,CUERNAVACA,373,4,152,125,58,30,5,2,0,5,142,52,55,162,64,48,28,1,928,84,1013,2083
,17,MORELOS,4,CUERNAVACA SUR,7,CUERNAVACA,374,2,111,71,28,9,3,1,0,0,81,34,53,129,29,28,17,0,594,39,633,1245
,17,MORELOS,4,CUERNAVACA SUR,7,CUERNAVACA,375,5,301,230,82,30,3,3,2,0,126,49,108,290,99,89,55,8,1467,90,1565,3135
,17,MORELOS,4,CUERNAVACA SUR,7,CUERNAVACA,376,1,82,39,9,6,1,0,0,0,30,3,21,26,47,21,14,1,299,46,346,705
,17,MORELOS,4,CUERNAVACA SUR,7,CUERNAVACA,377,2,82,58,30,18,0,1,0,0,43,5,28,58,42,36,20,4,421,38,463,861
,17,MORELOS,4,CUERNAVACA SUR,7,CUERNAVACA,378,2,105,53,30,16,0,0,0,0,32,9,82,111,84,30,32,2,584,51,637,1236
,17,MORELOS,4,CUERNAVACA SUR,7,CUERNAVACA,379,2,104,61,43,3,0,0,0,2,69,14,46,158,69,32,32,1,633,51,685,1282
,17,MORELOS,4,CUERNAVACA SUR,7,CUERNAVACA,380,1,95,41,18,4,0,0,0,0,28,2,22,13,11,12,6,3,252,19,274,599
,17,MORELOS,4,CUERNAVACA SUR,7,CUERNAVACA,381,1,91,55,19,6,0,0,0,0,31,2,24,39,33,16,12,0,328,32,360,681
,17,MORELOS,4,CUERNAVACA SUR,7,CUERNAVACA,382,3,296,133,46,33,6,0,0,1,101,18,90,111,111,47,39,3,1032,100,1135,2009
,17,MORELOS,4,CUERNAVACA SUR,7,CUERNAVACA,383,5,301,134,86,19,0,0,0,1,108,15,80,178,151,81,69,5,1223,112,1340,2602
,17,MORELOS,4,CUERNAVACA SUR,7,CUERNAVACA,384,3,196,66,34,24,0,0,0,0,61,24,43,103,89,29,38,3,707,69,779,1448
,17,MORELOS,4,CUERNAVACA SUR,7,CUERNAVACA,385,4,249,125,66,32,3,1,0,1,60,25,100,243,89,78,69,2,1141,93,1236,2482
,17,MORELOS,4,CUERNAVACA SUR,7,CUERNAVACA,386,3,237,168,82,27,5,1,2,2,118,30,92,196,67,60,64,1,1151,50,1202,2226
,17,MORELOS,4,CUERNAVACA SUR,7,CUERNAVACA,387,5,326,201,101,52,3,0,0,4,264,43,37,235,71,32,31,1,1400,103,1504,3630
,17,MORELOS,4,CUERNAVACA SUR,7,CUERNAVACA,388,4,268,176,88,44,5,1,0,2,156,37,39,192,71,52,41,2,1172,69,1243,2974
,17,MORELOS,4,CUERNAVACA SUR,7,CUERNAVACA,612,2,212,69,28,14,0,0,0,2,47,22,54,142,53,34,19,3,696,43,742,1467
,17,MORELOS,4,CUERNAVACA SUR,7,CUERNAVACA,907,1,95,15,11,3,1,0,2,0,28,7,6,66,18,9,7,2,268,14,284,615
,17,MORELOS,5,TEMIXCO,8,EMILIANO ZAPATA,391,6,118,76,936,57,,,,,461,196,49,29,135,76,76,2,2209,64,2275,3763
,17,MORELOS,5,TEMIXCO,8,EMILIANO ZAPATA,392,3,103,59,449,27,,,,,178,87,17,12,82,30,54,0,1098,63,1161,1916
,17,MORELOS,5,TEMIXCO,8,EMILIANO ZAPATA,393,5,147,107,486,59,,,,,230,111,70,34,149,117,102,2,1612,77,1691,3608
,17,MORELOS,5,TEMIXCO,8,EMILIANO ZAPATA,394,3,141,67,388,37,,,,,222,104,16,7,75,19,52,0,1128,55,1183,1829
,17,MORELOS,5,TEMIXCO,8,EMILIANO ZAPATA,395,2,62,36,371,23,,,,,238,96,23,9,35,35,22,0,950,31,981,1482
,17,MORELOS,5,TEMIXCO,8,EMILIANO ZAPATA,396,6,187,86,1029,59,,,,,494,151,67,14,146,69,78,1,2380,96,2477,3858
,17,MORELOS,5,TEMIXCO,8,EMILIANO ZAPATA,397,3,109,81,482,42,,,,,194,81,39,15,98,23,29,0,1193,42,1235,1801
,17,MORELOS,5,TEMIXCO,8,EMILIANO ZAPATA,398,3,136,74,419,27,,,,,197,53,25,9,194,15,21,0,1170,41,1211,1629
,17,MORELOS,5,TEMIXCO,8,EMILIANO ZAPATA,399,4,130,74,813,112,,,,,267,44,39,6,125,26,60,1,1696,59,1756,2632
,17,MORELOS,5,TEMIXCO,8,EMILIANO ZAPATA,400,3,109,103,493,76,,,,,186,50,23,3,181,24,72,0,1320,46,1366,1867
,17,MORELOS,5,TEMIXCO,8,EMILIANO ZAPATA,401,3,123,60,381,57,,,,,172,42,20,13,157,22,34,2,1081,22,1105,1851
,17,MORELOS,5,TEMIXCO,8,EMILIANO ZAPATA,402,5,248,91,858,73,,,,,405,63,48,24,222,42,54,1,2128,63,2192,3521
,17,MORELOS,5,TEMIXCO,8,EMILIANO ZAPATA,403,6,242,120,614,149,0,0,0,0,245,73,37,38,185,73,96,1,1872,93,1966,3466
,17,MORELOS,5,TEMIXCO,8,EMILIANO ZAPATA,404,3,135,87,292,17,,,,,177,45,37,12,68,47,39,2,956,68,1026,1674
,17,MORELOS,5,TEMIXCO,8,EMILIANO ZAPATA,405,2,72,59,234,13,,,,,140,31,19,11,31,22,39,1,671,41,713,1170
,17,MORELOS,5,TEMIXCO,8,EMILIANO ZAPATA,406,10,193,240,1318,76,,,,,668,242,146,45,165,118,228,1,3439,150,3590,6328
,17,MORELOS,5,TEMIXCO,8,EMILIANO ZAPATA,407,4,111,80,544,21,,,,,311,54,46,27,83,40,75,2,1392,78,1472,2406
,17,MORELOS,5,TEMIXCO,8,EMILIANO ZAPATA,408,3,224,82,453,25,,,,,220,74,40,15,74,22,31,1,1260,43,1304,2022
,17,MORELOS,5,TEMIXCO,8,EMILIANO ZAPATA,409,4,149,57,501,117,,,,,358,110,62,23,61,38,73,0,1549,52,1601,2511
,17,MORELOS,5,TEMIXCO,8,EMILIANO ZAPATA,410,4,95,131,482,113,,,,,218,89,40,22,89,35,84,0,1398,66,1464,2325
,17,MORELOS,5,TEMIXCO,8,EMILIANO ZAPATA,411,8,278,211,595,142,,,,,301,134,80,52,184,94,125,2,2196,109,2307,5423
,17,MORELOS,5,TEMIXCO,18,TEMIXCO,611,3,36,280,60,37,,,,,231,70,30,26,101,39,40,1,950,59,1010,1936
,17,MORELOS,5,TEMIXCO,18,TEMIXCO,613,2,136,52,21,16,,,,,28,8,28,17,55,30,32,2,423,54,479,1049
,17,MORELOS,5,TEMIXCO,18,TEMIXCO,614,2,101,60,35,9,,,,,21,9,30,17,44,25,22,4,373,51,428,905
,17,MORELOS,5,TEMIXCO,18,TEMIXCO,615,3,56,169,54,32,,,,,173,88,27,32,50,35,23,3,739,42,784,1589
,17,MORELOS,5,TEMIXCO,18,TEMIXCO,616,8,145,301,196,161,,,,,809,109,69,55,112,92,83,0,2132,146,2278,5311
,17,MORELOS,5,TEMIXCO,18,TEMIXCO,617,3,72,149,97,73,,,,,338,28,43,11,43,26,12,1,892,36,929,1755
,17,MORELOS,5,TEMIXCO,18,TEMIXCO,618,5,134,327,320,66,,,,,375,79,72,34,111,44,54,0,1616,88,1704,3521
,17,MORELOS,5,TEMIXCO,18,TEMIXCO,619,3,55,165,55,32,,,,,121,75,14,40,65,36,18,1,676,38,715,1608
,17,MORELOS,5,TEMIXCO,18,TEMIXCO,620,4,236,110,57,21,,,,,83,34,58,21,111,50,44,1,825,133,959,2276
,17,MORELOS,5,TEMIXCO,18,TEMIXCO,621,2,68,108,72,20,,,,,138,39,34,20,32,28,31,0,590,34,624,1379
,17,MORELOS,5,TEMIXCO,18,TEMIXCO,622,3,109,162,168,42,,,,,176,28,48,28,49,40,37,1,887,52,940,1927
,17,MORELOS,5,TEMIXCO,18,TEMIXCO,623,5,57,170,138,99,,,,,550,71,48,19,73,34,53,1,1312,75,1388,3053
,17,MORELOS,5,TEMIXCO,18,TEMIXCO,624,3,59,127,121,29,,,,,234,42,27,18,51,20,40,0,768,49,817,1817
,17,MORELOS,5,TEMIXCO,18,TEMIXCO,625,2,53,111,139,18,,,,,104,24,44,20,35,22,22,1,592,39,632,1289
,17,MORELOS,5,TEMIXCO,18,TEMIXCO,626,3,76,98,97,48,,,,,184,22,83,8,39,35,39,1,729,39,769,1593
,17,MORELOS,5,TEMIXCO,18,TEMIXCO,627,2,73,68,88,61,,,,,104,29,34,7,37,18,17,4,536,31,571,1196
,17,MORELOS,5,TEMIXCO,18,TEMIXCO,628,2,109,122,56,46,,,,,87,23,28,34,35,32,30,2,602,52,656,1301
,17,MORELOS,5,TEMIXCO,18,TEMIXCO,629,3,168,106,53,18,,,,,77,39,48,25,84,40,37,3,695,70,768,1716
,17,MORELOS,5,TEMIXCO,18,TEMIXCO,630,5,208,292,150,100,0,0,0,0,230,101,56,32,169,38,42,1,1418,76,1495,2539
,17,MORELOS,5,TEMIXCO,18,TEMIXCO,631,3,60,134,81,67,,,,,134,38,43,11,38,27,32,0,665,53,718,1548
,17,MORELOS,5,TEMIXCO,18,TEMIXCO,632,3,36,90,98,39,,,,,247,28,35,8,34,15,33,0,663,50,713,1549
,17,MORELOS,5,TEMIXCO,18,TEMIXCO,633,3,42,110,84,31,,,,,252,36,45,7,44,25,32,7,708,57,772,1724
,17,MORELOS,5,TEMIXCO,18,TEMIXCO,634,4,115,212,117,87,,,,,167,94,53,32,96,52,38,6,1063,87,1156,2418
,17,MORELOS,5,TEMIXCO,18,TEMIXCO,635,3,47,126,93,40,,,,,301,49,25,16,92,42,45,1,876,47,924,1987
,17,MORELOS,5,TEMIXCO,18,TEMIXCO,636,3,83,132,89,60,,,,,133,102,24,34,63,35,27,2,782,63,847,1853
,17,MORELOS,5,TEMIXCO,18,TEMIXCO,637,2,60,133,41,103,,,,,103,81,27,36,46,15,45,0,690,48,738,1453
,17,MORELOS,5,TEMIXCO,18,TEMIXCO,638,3,42,79,46,60,,,,,119,47,22,30,43,24,42,1,554,37,592,1914
,17,MORELOS,5,TEMIXCO,18,TEMIXCO,639,3,53,206,119,44,,,,,106,88,31,56,70,26,47,1,846,45,892,1685
,17,MORELOS,5,TEMIXCO,18,TEMIXCO,640,2,46,162,61,27,,,,,71,59,16,82,45,22,19,1,610,33,644,1146
,17,MORELOS,5,TEMIXCO,18,TEMIXCO,641,2,39,126,58,52,,,,,93,60,51,78,75,9,22,0,663,36,699,1293
,17,MORELOS,5,TEMIXCO,18,TEMIXCO,642,3,65,122,47,42,,,,,203,74,33,21,73,19,56,1,755,36,792,1602
,17,MORELOS,5,TEMIXCO,18,TEMIXCO,643,2,37,65,44,21,,,,,101,23,21,5,20,11,13,1,361,5,367,784
,17,MORELOS,5,TEMIXCO,18,TEMIXCO,644,5,72,267,107,96,,,,,367,86,52,46,125,43,81,1,1342,96,1439,3233
,17,MORELOS,5,TEMIXCO,18,TEMIXCO,645,3,24,53,53,26,,,,,74,48,25,14,81,15,27,0,440,34,474,1686
,17,MORELOS,5,TEMIXCO,18,TEMIXCO,646,3,67,119,93,31,,,,,114,46,32,15,80,19,47,0,663,39,702,1528
,17,MORELOS,5,TEMIXCO,18,TEMIXCO,647,4,56,214,147,84,,,,,209,137,70,37,106,43,50,0,1153,76,1229,2652
,17,MORELOS,5,TEMIXCO,18,TEMIXCO,648,2,46,182,64,91,,,,,113,68,38,34,42,11,27,0,716,34,750,1439
,17,MORELOS,5,TEMIXCO,18,TEMIXCO,649,3,100,200,90,86,,,,,215,60,58,44,99,31,53,2,1036,49,1087,2146
,17,MORELOS,5,TEMIXCO,18,TEMIXCO,650,1,27,82,17,21,,,,,52,6,10,6,15,13,12,0,261,20,281,546
,17,MORELOS,5,TEMIXCO,18,TEMIXCO,651,4,80,308,138,145,,,,,318,125,54,49,71,29,47,1,1364,66,1431,2883
,17,MORELOS,5,TEMIXCO,18,TEMIXCO,652,4,18,149,80,116,,,,,269,221,55,25,222,27,176,0,1358,186,1544,2658
,17,MORELOS,5,TEMIXCO,18,TEMIXCO,653,6,93,214,140,149,,,,,464,143,74,55,188,36,79,2,1635,117,1754,3688
,17,MORELOS,6,JIUTEPEC NORTE,11,JIUTEPEC,431,3,54,71,74,20,,,,,77,3,75,33,80,59,69,1,615,29,645,1532
,17,MORELOS,6,JIUTEPEC NORTE,11,JIUTEPEC,432,2,,,,,,,,,,,,,,,,,0,,,1448
,17,MORELOS,6,JIUTEPEC NORTE,11,JIUTEPEC,433,3,43,94,64,20,,,,,183,10,148,58,128,53,66,3,867,59,929,2088
,17,MORELOS,6,JIUTEPEC NORTE,11,JIUTEPEC,434,3,52,101,66,8,,,,,142,11,65,26,92,49,60,2,672,47,721,2230
,17,MORELOS,6,JIUTEPEC NORTE,11,JIUTEPEC,435,3,25,37,21,10,,,,,48,8,47,9,31,28,14,0,278,13,291,2047
,17,MORELOS,6,JIUTEPEC NORTE,11,JIUTEPEC,436,5,112,124,121,59,,,,,199,19,136,93,182,97,92,2,1234,79,1315,3049
,17,MORELOS,6,JIUTEPEC NORTE,11,JIUTEPEC,437,4,76,111,124,42,,,,,151,12,119,77,186,54,85,0,1037,56,1093,2650
,17,MORELOS,6,JIUTEPEC NORTE,11,JIUTEPEC,438,4,68,107,90,25,,,,,183,19,202,52,155,63,76,0,1040,68,1108,2283
,17,MORELOS,6,JIUTEPEC NORTE,11,JIUTEPEC,439,3,72,95,84,22,,,,,131,14,113,45,125,73,61,5,835,46,886,1924
,17,MORELOS,6,JIUTEPEC NORTE,11,JIUTEPEC,440,2,35,44,31,5,,,,,36,1,16,16,33,23,14,0,254,21,275,1009
,17,MORELOS,6,JIUTEPEC NORTE,11,JIUTEPEC,441,2,89,73,44,14,,,,,30,3,59,18,138,58,32,4,558,47,609,1157
,17,MORELOS,6,JIUTEPEC NORTE,11,JIUTEPEC,442,2,46,33,53,5,,,,,48,6,40,16,44,48,48,0,387,34,421,776
,17,MORELOS,6,JIUTEPEC NORTE,11,JIUTEPEC,443,2,82,42,35,15,,,,,52,11,41,19,48,80,59,1,484,35,520,907
,17,MORELOS,6,JIUTEPEC NORTE,11,JIUTEPEC,444,2,78,98,51,19,,,,,139,15,49,16,112,68,50,0,695,69,764,1451
,17,MORELOS,6,JIUTEPEC NORTE,11,JIUTEPEC,445,4,104,92,78,20,,,,,188,11,174,30,144,74,58,2,973,59,1034,2387
,17,MORELOS,6,JIUTEPEC NORTE,11,JIUTEPEC,446,2,46,48,55,4,,,,,78,7,27,13,60,38,64,0,440,31,471,853
,17,MORELOS,6,JIUTEPEC NORTE,11,JIUTEPEC,447,2,45,47,31,12,,,,,45,7,29,13,79,52,21,1,381,38,420,763
,17,MORELOS,6,JIUTEPEC NORTE,11,JIUTEPEC,451,2,67,92,55,24,,,,,60,7,47,20,121,46,55,1,594,45,640,1119
,17,MORELOS,6,JIUTEPEC NORTE,11,JIUTEPEC,452,2,72,69,57,12,,,,,60,23,42,19,92,45,38,0,529,44,573,1051
,17,MORELOS,6,JIUTEPEC NORTE,11,JIUTEPEC,453,5,141,285,149,40,,,,,212,23,181,43,260,107,156,2,1597,116,1715,3646
,17,MORELOS,6,JIUTEPEC NORTE,11,JIUTEPEC,454,4,48,89,59,30,,,,,92,8,63,17,101,18,31,1,556,34,591,2977
,17,MORELOS,6,JIUTEPEC NORTE,11,JIUTEPEC,455,8,156,430,205,60,,,,,272,19,230,26,234,102,316,0,2050,165,2215,4927
,17,MORELOS,6,JIUTEPEC NORTE,11,JIUTEPEC,456,4,72,275,110,67,,,,,239,22,104,16,128,86,101,1,1220,64,1285,2923
,17,MORELOS,6,JIUTEPEC NORTE,11,JIUTEPEC,457,4,86,198,118,43,,,,,140,11,118,21,198,64,85,0,1082,51,1133,2411
,17,MORELOS,6,JIUTEPEC NORTE,11,JIUTEPEC,458,3,44,174,55,70,,,,,75,21,82,5,103,36,43,1,708,41,750,1543
,17,MORELOS,6,JIUTEPEC NORTE,11,JIUTEPEC,459,2,46,185,37,67,,,,,59,9,52,9,106,31,45,2,646,45,693,1471
,17,MORELOS,6,JIUTEPEC NORTE,11,JIUTEPEC,460,2,36,85,28,20,,,,,45,5,49,15,50,31,22,0,386,23,409,834
,17,MORELOS,6,JIUTEPEC NORTE,11,JIUTEPEC,461,2,34,66,50,9,,,,,48,4,52,26,74,36,35,1,434,31,466,1020
,17,MORELOS,6,JIUTEPEC NORTE,11,JIUTEPEC,462,2,47,84,41,18,,,,,50,6,35,17,62,41,35,1,436,40,477,1032
,17,MORELOS,6,JIUTEPEC NORTE,11,JIUTEPEC,463,2,33,148,51,52,,,,,77,17,54,9,90,33,24,1,588,33,622,1411
,17,MORELOS,6,JIUTEPEC NORTE,11,JIUTEPEC,464,4,104,237,127,88,,,,,177,9,111,31,159,86,78,0,1207,96,1303,2859
,17,MORELOS,6,JIUTEPEC NORTE,11,JIUTEPEC,465,12,435,586,302,144,,,,,444,33,318,71,383,206,235,1,3157,208,3366,7101
,17,MORELOS,6,JIUTEPEC NORTE,11,JIUTEPEC,487,8,82,306,168,35,,,,,335,14,279,36,122,109,400,0,1886,99,1985,5347
,17,MORELOS,7,JIUTEPEC SUR,11,JIUTEPEC,448,4,109,156,72,32,,,,,197,19,103,49,170,97,70,1,1074,71,1146,2615
,17,MORELOS,7,JIUTEPEC SUR,11,JIUTEPEC,449,7,130,248,130,50,,,,,385,18,194,92,273,133,144,7,1797,100,1904,4512
,17,MORELOS,7,JIUTEPEC SUR,11,JIUTEPEC,450,4,107,146,64,26,,,,,206,14,166,22,189,72,84,1,1096,84,1181,2525
,17,MORELOS,7,JIUTEPEC SUR,11,JIUTEPEC,466,2,22,27,7,4,,,,,28,1,13,6,28,25,26,1,187,21,209,850
,17,MORELOS,7,JIUTEPEC SUR,11,JIUTEPEC,467,2,53,88,45,8,,,,,126,10,36,21,66,54,63,1,570,62,633,1196
,17,MORELOS,7,JIUTEPEC SUR,11,JIUTEPEC,468,5,193,148,91,28,,,,,225,18,89,65,186,170,133,7,1346,81,1434,3431
,17,MORELOS,7,JIUTEPEC SUR,11,JIUTEPEC,469,3,85,99,50,19,,,,,208,12,74,14,146,60,76,1,843,52,896,1973
,17,MORELOS,7,JIUTEPEC SUR,11,JIUTEPEC,470,3,67,142,86,19,,,,,179,6,89,39,120,60,80,2,887,57,946,1913
,17,MORELOS,7,JIUTEPEC SUR,11,JIUTEPEC,471,3,99,99,108,27,,,,,192,7,28,61,78,69,56,0,824,60,884,2121
,17,MORELOS,7,JIUTEPEC SUR,11,JIUTEPEC,472,4,120,174,155,31,,,,,302,31,74,53,110,70,84,1,1204,81,1286,2964
,17,MORELOS,7,JIUTEPEC SUR,11,JIUTEPEC,473,3,140,81,50,8,,,,,162,8,28,14,56,19,61,5,627,74,706,1614
,17,MORELOS,7,JIUTEPEC SUR,11,JIUTEPEC,474,2,60,155,42,18,,,,,145,10,77,21,70,43,46,1,687,29,717,1278
,17,MORELOS,7,JIUTEPEC SUR,11,JIUTEPEC,475,2,20,45,28,13,,,,,144,4,24,13,51,42,57,1,441,22,464,964
,17,MORELOS,7,JIUTEPEC SUR,11,JIUTEPEC,476,3,118,111,27,20,,,,,140,13,22,19,77,58,67,5,672,58,735,1672
,17,MORELOS,7,JIUTEPEC SUR,11,JIUTEPEC,477,8,245,285,191,60,,,,,657,33,153,117,291,219,170,16,2421,148,2585,5460
,17,MORELOS,7,JIUTEPEC SUR,11,JIUTEPEC,478,2,39,42,34,15,,,,,121,4,27,16,84,22,49,0,453,38,491,975
,17,MORELOS,7,JIUTEPEC SUR,11,JIUTEPEC,479,2,48,73,37,17,,,,,104,3,23,20,75,36,70,2,506,29,537,1181
,17,MORELOS,7,JIUTEPEC SUR,11,JIUTEPEC,480,2,31,57,26,5,,,,,69,6,26,23,66,21,15,0,345,15,360,830
,17,MORELOS,7,JIUTEPEC SUR,11,JIUTEPEC,481,6,185,230,109,46,,,,,509,30,91,71,223,116,109,3,1719,136,1858,3977
,17,MORELOS,7,JIUTEPEC SUR,11,JIUTEPEC,482,3,93,155,46,26,,,,,300,12,55,17,161,52,56,7,973,66,1046,1886
,17,MORELOS,7,JIUTEPEC SUR,11,JIUTEPEC,483,4,172,203,53,32,,,,,383,16,49,22,153,49,67,4,1199,106,1309,2476
,17,MORELOS,7,JIUTEPEC SUR,11,JIUTEPEC,484,5,131,267,107,39,0,0,0,0,611,31,105,38,281,88,140,5,1838,134,1977,2951
,17,MORELOS,7,JIUTEPEC SUR,11,JIUTEPEC,485,5,67,317,139,91,,,,,564,7,70,22,150,52,171,0,1650,108,1758,3168
,17,MORELOS,7,JIUTEPEC SUR,11,JIUTEPEC,486,9,235,258,143,57,,,,,602,26,98,61,422,133,247,4,2282,195,2481,5976
,17,MORELOS,7,JIUTEPEC SUR,11,JIUTEPEC,488,6,107,251,154,38,,,,,547,26,117,44,175,103,287,3,1849,93,1945,3973
,17,MORELOS,7,JIUTEPEC SUR,11,JIUTEPEC,489,6,147,243,104,36,,,,,433,14,178,37,259,126,313,2,1890,114,2006,4215
,17,MORELOS,7,JIUTEPEC SUR,11,JIUTEPEC,490,2,29,79,26,10,,,,,116,2,22,13,68,62,103,0,530,23,553,1242
,17,MORELOS,7,JIUTEPEC SUR,11,JIUTEPEC,491,2,35,47,36,5,,,,,163,3,49,24,94,22,76,0,554,24,578,1187
,17,MORELOS,7,JIUTEPEC SUR,11,JIUTEPEC,492,2,40,66,63,24,,,,,118,5,109,12,58,11,91,0,597,42,639,1323
,17,MORELOS,7,JIUTEPEC SUR,11,JIUTEPEC,493,3,52,100,44,19,,,,,159,5,102,16,111,55,87,4,750,77,831,1882
,17,MORELOS,7,JIUTEPEC SUR,11,JIUTEPEC,494,2,31,83,48,9,,,,,93,4,44,11,28,29,36,1,416,19,436,989
,17,MORELOS,7,JIUTEPEC SUR,11,JIUTEPEC,495,3,36,90,98,15,,,,,214,7,126,36,55,22,88,2,787,85,874,1809
,17,MORELOS,7,JIUTEPEC SUR,11,JIUTEPEC,496,4,84,223,85,22,,,,,450,11,34,21,110,75,207,1,1322,86,1409,2587
,17,MORELOS,7,JIUTEPEC SUR,11,JIUTEPEC,497,5,128,206,142,42,,,,,613,15,98,15,155,49,254,1,1717,117,1835,3686
,17,MORELOS,7,JIUTEPEC SUR,11,JIUTEPEC,498,3,42,107,96,24,,,,,281,6,51,20,93,40,72,0,832,58,890,2011
,17,MORELOS,7,JIUTEPEC SUR,11,JIUTEPEC,499,2,40,92,75,22,,,,,227,12,50,17,70,22,74,0,701,39,740,1488
,17,MORELOS,7,JIUTEPEC SUR,11,JIUTEPEC,500,1,32,62,28,8,,,,,111,7,12,12,25,23,40,0,360,26,386,740
,17,MORELOS,8,TETECALA ,5,COATLAN DEL RIO,86,2,70,102,69,2,,,,,236,119,15,2,20,21,7,0,663,43,706,948
,17,MORELOS,8,TETECALA ,5,COATLAN DEL RIO,87,3,109,200,71,13,,,,,347,145,12,5,34,26,9,0,971,51,1022,1345
,17,MORELOS,8,TETECALA ,5,COATLAN DEL RIO,88,1,194,88,37,12,,,,,48,31,24,4,17,4,5,0,464,25,489,616
,17,MORELOS,8,TETECALA ,5,COATLAN DEL RIO,89,2,150,126,127,12,,,,,205,108,52,4,17,20,5,0,826,33,859,1198
,17,MORELOS,8,TETECALA ,5,COATLAN DEL RIO,90,1,36,41,29,1,,,,,84,52,16,0,10,5,2,0,276,19,295,428
,17,MORELOS,8,TETECALA ,5,COATLAN DEL RIO,91,1,11,23,28,8,,,,,32,41,2,3,2,4,1,0,155,11,166,216
,17,MORELOS,8,TETECALA ,5,COATLAN DEL RIO,92,2,86,82,71,2,,,,,205,95,22,0,7,13,2,0,585,28,613,834
,17,MORELOS,8,TETECALA ,5,COATLAN DEL RIO,93,2,77,223,75,10,,,,,207,25,18,2,19,22,8,0,686,32,718,961
,17,MORELOS,8,TETECALA ,5,COATLAN DEL RIO,94,2,75,173,90,9,,,,,58,56,33,1,23,15,5,0,538,46,584,800
,17,MORELOS,8,TETECALA ,5,COATLAN DEL RIO,95,1,33,100,49,0,,,,,78,10,8,0,5,2,3,0,288,21,309,409
,17,MORELOS,8,TETECALA ,5,COATLAN DEL RIO,96,1,30,40,40,3,,,,,54,4,8,0,0,0,0,0,179,13,192,246
,17,MORELOS,8,TETECALA ,14,MAZATEPEC,548,2,51,361,10,14,,,,,389,7,9,1,33,10,169,0,1054,53,1107,1490
,17,MORELOS,8,TETECALA ,14,MAZATEPEC,549,2,44,386,18,8,,,,,243,12,7,3,25,11,95,0,852,42,894,1173
,17,MORELOS,8,TETECALA ,14,MAZATEPEC,550,2,17,235,8,6,,,,,240,6,5,1,21,3,106,0,648,38,686,917
,17,MORELOS,8,TETECALA ,14,MAZATEPEC,551,2,25,293,6,2,,,,,367,4,6,1,4,3,160,0,871,41,912,1244
,17,MORELOS,8,TETECALA ,14,MAZATEPEC,552,2,39,261,8,6,,,,,274,10,8,2,12,8,141,0,769,39,808,1072
,17,MORELOS,8,TETECALA ,14,MAZATEPEC,553,2,11,209,20,5,,,,,262,6,2,3,3,2,123,1,646,27,674,911
,17,MORELOS,8,TETECALA ,14,MAZATEPEC,554,2,16,189,6,6,,,,,295,3,8,3,7,5,148,4,686,31,721,993
,17,MORELOS,8,TETECALA ,15,MIACATLAN,555,3,35,469,21,22,,,,,317,126,11,1,13,7,20,1,1042,42,1085,1480
,17,MORELOS,8,TETECALA ,15,MIACATLAN,556,2,9,290,20,10,,,,,274,134,10,3,10,10,14,1,784,43,828,1147
,17,MORELOS,8,TETECALA ,15,MIACATLAN,557,3,18,536,21,14,,,,,459,212,21,5,16,19,12,0,1333,57,1390,1933
,17,MORELOS,8,TETECALA ,15,MIACATLAN,558,2,11,448,22,14,,,,,249,221,15,7,15,9,13,0,1024,41,1065,1477
,17,MORELOS,8,TETECALA ,15,MIACATLAN,559,1,5,196,7,9,,,,,160,63,8,0,4,9,2,1,463,13,477,636
,17,MORELOS,8,TETECALA ,15,MIACATLAN,560,3,17,636,30,18,,,,,406,298,16,4,27,19,10,0,1481,68,1549,2205
,17,MORELOS,8,TETECALA ,15,MIACATLAN,561,3,7,281,33,4,,,,,146,192,9,3,13,18,5,0,711,30,741,981
,17,MORELOS,8,TETECALA ,15,MIACATLAN,562,2,9,309,6,7,,,,,242,108,8,0,14,9,4,0,716,34,750,1077
,17,MORELOS,8,TETECALA ,15,MIACATLAN,563,2,20,243,12,5,,,,,243,159,21,4,7,13,3,0,730,24,754,1030
,17,MORELOS,8,TETECALA ,15,MIACATLAN,564,3,38,468,40,31,,,,,291,316,39,5,24,7,8,0,1267,46,1313,1927
,17,MORELOS,8,TETECALA ,15,MIACATLAN,565,3,15,482,48,19,,,,,451,217,64,2,11,9,7,0,1325,73,1398,2051
,17,MORELOS,8,TETECALA ,15,MIACATLAN,566,1,5,199,15,2,,,,,137,59,8,3,2,3,3,0,436,17,453,557
,17,MORELOS,8,TETECALA ,15,MIACATLAN,567,2,9,331,71,5,,,,,254,159,18,3,5,1,3,1,859,38,898,1255
,17,MORELOS,8,TETECALA ,15,MIACATLAN,568,3,22,396,28,26,,,,,251,233,39,9,8,5,6,0,1023,79,1102,1608
,17,MORELOS,8,TETECALA ,21,TETECALA,689,3,75,464,56,11,,,,,268,53,108,13,16,8,6,0,1078,34,1112,1526
,17,MORELOS,8,TETECALA ,21,TETECALA,690,3,126,415,68,37,,,,,308,24,82,12,19,11,6,0,1108,51,1159,1542
,17,MORELOS,8,TETECALA ,21,TETECALA,691,2,50,306,65,9,,,,,247,49,76,17,21,4,4,0,848,38,886,1193
,17,MORELOS,8,TETECALA ,21,TETECALA,692,2,23,164,33,14,,,,,240,31,74,9,8,5,3,0,604,34,638,797
,17,MORELOS,8,TETECALA ,21,TETECALA,693,1,13,127,41,2,,,,,137,19,101,4,7,3,5,0,459,27,486,648
,17,MORELOS,8,TETECALA ,21,TETECALA,694,1,10,59,21,3,,,,,35,4,15,9,4,9,2,0,171,8,179,258
,17,MORELOS,8,TETECALA ,28,XOCHITEPEC,776,3,23,215,81,40,,,,,340,15,88,12,27,31,8,0,880,45,925,1824
,17,MORELOS,8,TETECALA ,28,XOCHITEPEC,777,6,70,625,75,60,,,,,653,28,244,20,61,96,24,0,1956,92,2048,4083
,17,MORELOS,8,TETECALA ,28,XOCHITEPEC,778,4,54,413,115,47,,,,,257,9,94,10,33,59,8,0,1099,52,1151,2141
,17,MORELOS,8,TETECALA ,28,XOCHITEPEC,779,2,32,345,79,39,,,,,152,5,52,10,15,22,9,0,760,37,797,1324
,17,MORELOS,8,TETECALA ,28,XOCHITEPEC,780,2,40,364,51,51,,,,,197,7,48,7,14,21,7,1,807,20,828,1361
,17,MORELOS,8,TETECALA ,28,XOCHITEPEC,781,3,31,518,59,74,,,,,146,8,63,12,31,30,5,1,977,34,1012,1568
,17,MORELOS,8,TETECALA ,28,XOCHITEPEC,782,3,36,451,46,56,0,0,0,0,118,3,82,6,37,28,11,4,874,27,905,1211
,17,MORELOS,8,TETECALA ,28,XOCHITEPEC,783,6,87,600,172,138,,,,,321,18,260,25,118,81,30,6,1850,85,1941,3732
,17,MORELOS,8,TETECALA ,28,XOCHITEPEC,784,4,33,449,68,23,,,,,453,11,98,16,42,29,14,0,1236,54,1290,2651
,17,MORELOS,8,TETECALA ,28,XOCHITEPEC,785,2,10,149,16,4,,,,,198,7,56,7,18,18,9,0,492,19,511,1004
,17,MORELOS,8,TETECALA ,28,XOCHITEPEC,786,2,28,320,34,21,,,,,170,5,83,5,25,18,11,0,720,30,750,1257
,17,MORELOS,8,TETECALA ,28,XOCHITEPEC,787,3,66,461,60,56,,,,,287,11,127,17,34,62,15,0,1196,45,1241,2132
,17,MORELOS,8,TETECALA ,28,XOCHITEPEC,788,2,20,356,59,79,,,,,150,5,121,13,34,26,11,1,874,42,917,1404
,17,MORELOS,8,TETECALA ,28,XOCHITEPEC,789,2,26,188,23,30,,,,,82,5,66,7,22,18,5,0,472,27,499,902
,17,MORELOS,8,TETECALA ,28,XOCHITEPEC,790,3,50,388,52,43,,,,,159,8,121,25,40,28,10,0,924,22,946,1580
,17,MORELOS,8,TETECALA ,28,XOCHITEPEC,791,4,115,516,82,41,,,,,330,15,318,38,40,32,9,1,1536,65,1602,2871
,17,MORELOS,8,TETECALA ,28,XOCHITEPEC,792,3,92,328,52,38,,,,,220,4,238,11,14,18,4,1,1019,26,1046,1636
,17,MORELOS,8,TETECALA ,28,XOCHITEPEC,793,2,15,152,16,9,,,,,294,7,132,5,8,14,5,1,657,26,684,1077
,17,MORELOS,8,TETECALA ,28,XOCHITEPEC,794,5,89,546,37,52,,,,,478,20,358,10,39,69,24,2,1722,75,1799,3159
,17,MORELOS,8,TETECALA ,28,XOCHITEPEC,795,3,30,482,32,39,,,,,390,12,252,12,41,42,19,0,1351,50,1401,2168
,17,MORELOS,8,TETECALA ,28,XOCHITEPEC,796,3,41,427,29,35,,,,,255,16,238,6,46,32,13,2,1138,36,1176,2122
,17,MORELOS,8,TETECALA ,28,XOCHITEPEC,797,4,29,603,43,11,,,,,460,14,119,22,34,35,11,1,1381,55,1437,2671
,17,MORELOS,8,TETECALA ,28,XOCHITEPEC,798,3,37,352,52,27,,,,,314,12,68,11,27,32,18,0,950,48,998,1924
,17,MORELOS,9,PUENTE DE IXTLA,1,AMACUZAC,1,2,20,230,43,269,,,,,145,33,16,93,13,60,9,1,931,51,983,1427
,17,MORELOS,9,PUENTE DE IXTLA,1,AMACUZAC,2,2,21,202,13,109,,,,,49,35,26,80,7,30,23,0,595,36,631,1010
,17,MORELOS,9,PUENTE DE IXTLA,1,AMACUZAC,3,2,22,389,31,171,,,,,53,44,11,52,5,27,24,2,829,32,863,1178
,17,MORELOS,9,PUENTE DE IXTLA,1,AMACUZAC,4,3,10,338,85,225,,,,,43,62,43,108,18,29,38,0,999,63,1062,1525
,17,MORELOS,9,PUENTE DE IXTLA,1,AMACUZAC,5,1,17,102,15,61,,,,,30,37,21,59,10,25,11,0,388,17,405,577
,17,MORELOS,9,PUENTE DE IXTLA,1,AMACUZAC,6,3,14,220,80,262,,,,,83,113,34,217,20,66,42,0,1151,39,1190,1707
,17,MORELOS,9,PUENTE DE IXTLA,1,AMACUZAC,7,2,26,165,28,162,,,,,53,53,33,97,20,16,42,0,695,37,732,1063
,17,MORELOS,9,PUENTE DE IXTLA,1,AMACUZAC,8,2,28,226,37,207,,,,,40,34,23,108,12,13,61,0,789,40,829,1186
,17,MORELOS,9,PUENTE DE IXTLA,1,AMACUZAC,9,3,11,270,54,180,,,,,100,33,14,104,7,64,29,0,866,115,981,1492
,17,MORELOS,9,PUENTE DE IXTLA,1,AMACUZAC,10,2,12,190,22,91,,,,,57,57,61,223,2,49,16,1,780,53,834,1284
,17,MORELOS,9,PUENTE DE IXTLA,1,AMACUZAC,11,1,11,109,15,100,,,,,12,7,17,124,3,64,3,0,465,32,497,692
,17,MORELOS,9,PUENTE DE IXTLA,17,PUENTE DE IXTLA,579,3,30,147,30,259,,,,,49,116,66,62,81,11,9,0,860,46,906,1703
,17,MORELOS,9,PUENTE DE IXTLA,17,PUENTE DE IXTLA,580,3,29,177,27,228,,,,,131,133,85,35,97,15,8,0,965,48,1013,2033
,17,MORELOS,9,PUENTE DE IXTLA,17,PUENTE DE IXTLA,581,2,12,200,11,138,,,,,67,51,57,25,50,9,6,1,626,26,653,1155
,17,MORELOS,9,PUENTE DE IXTLA,17,PUENTE DE IXTLA,582,2,14,198,17,199,,,,,62,74,49,25,40,11,10,0,699,29,728,1139
,17,MORELOS,9,PUENTE DE IXTLA,17,PUENTE DE IXTLA,583,2,26,207,29,127,,,,,42,100,34,37,50,8,6,2,666,27,695,1141
,17,MORELOS,9,PUENTE DE IXTLA,17,PUENTE DE IXTLA,584,2,27,118,3,181,,,,,130,80,89,24,52,12,11,0,727,27,754,1245
,17,MORELOS,9,PUENTE DE IXTLA,17,PUENTE DE IXTLA,585,3,18,253,35,308,,,,,60,107,121,32,96,13,11,1,1054,53,1108,2059
,17,MORELOS,9,PUENTE DE IXTLA,17,PUENTE DE IXTLA,586,2,15,192,25,201,,,,,57,55,140,31,80,6,7,0,809,49,858,1441
,17,MORELOS,9,PUENTE DE IXTLA,17,PUENTE DE IXTLA,587,2,12,213,11,152,,,,,25,55,90,27,38,3,5,0,631,26,657,1083
,17,MORELOS,9,PUENTE DE IXTLA,17,PUENTE DE IXTLA,588,2,6,149,10,109,0,0,0,0,29,38,34,30,40,9,4,0,458,7,465,664
,17,MORELOS,9,PUENTE DE IXTLA,17,PUENTE DE IXTLA,589,2,12,119,18,137,,,,,29,67,30,27,25,11,4,0,479,31,510,752
,17,MORELOS,9,PUENTE DE IXTLA,17,PUENTE DE IXTLA,590,2,4,167,21,210,,,,,32,89,36,46,71,7,8,1,691,26,718,1157
,17,MORELOS,9,PUENTE DE IXTLA,17,PUENTE DE IXTLA,591,2,9,173,17,193,,,,,61,68,36,91,74,10,10,1,742,26,769,1157
,17,MORELOS,9,PUENTE DE IXTLA,17,PUENTE DE IXTLA,592,2,15,220,22,214,,,,,38,53,88,36,100,15,7,0,808,43,851,1466
,17,MORELOS,9,PUENTE DE IXTLA,17,PUENTE DE IXTLA,593,2,23,89,9,230,,,,,60,125,26,3,49,3,9,0,626,35,661,1097
,17,MORELOS,9,PUENTE DE IXTLA,17,PUENTE DE IXTLA,594,3,10,74,41,261,,,,,119,135,59,54,213,40,42,0,1048,51,1099,2247
,17,MORELOS,9,PUENTE DE IXTLA,17,PUENTE DE IXTLA,595,3,16,79,35,269,,,,,102,112,53,33,289,34,59,0,1081,55,1136,2039
,17,MORELOS,9,PUENTE DE IXTLA,17,PUENTE DE IXTLA,596,4,21,93,29,262,,,,,89,225,65,25,233,41,58,0,1141,57,1198,2459
,17,MORELOS,9,PUENTE DE IXTLA,17,PUENTE DE IXTLA,597,3,28,75,19,242,,,,,92,126,50,19,180,41,47,0,919,37,956,1923
,17,MORELOS,9,PUENTE DE IXTLA,17,PUENTE DE IXTLA,598,5,34,139,37,388,,,,,164,231,116,62,294,41,65,0,1571,73,1644,3176
,17,MORELOS,9,PUENTE DE IXTLA,17,PUENTE DE IXTLA,599,4,17,111,31,283,,,,,156,266,106,33,269,50,60,0,1382,51,1433,2821
,17,MORELOS,9,PUENTE DE IXTLA,17,PUENTE DE IXTLA,600,3,18,105,17,185,,,,,89,121,71,31,192,43,33,1,905,55,961,1967
,17,MORELOS,9,PUENTE DE IXTLA,17,PUENTE DE IXTLA,601,3,208,101,45,278,,,,,38,63,57,27,66,11,18,0,912,45,957,1802
,17,MORELOS,9,PUENTE DE IXTLA,17,PUENTE DE IXTLA,602,3,195,95,51,270,,,,,39,44,110,22,41,7,19,19,893,28,940,1649
,17,MORELOS,9,PUENTE DE IXTLA,17,PUENTE DE IXTLA,603,1,12,33,6,38,,,,,2,7,4,3,14,5,13,0,137,6,143,279
,17,MORELOS,9,PUENTE DE IXTLA,17,PUENTE DE IXTLA,604,1,4,64,10,76,,,,,4,41,33,11,28,1,1,0,273,24,297,524
,17,MORELOS,9,PUENTE DE IXTLA,17,PUENTE DE IXTLA,605,2,9,178,12,176,,,,,40,62,199,8,37,4,7,0,732,65,797,1451
,17,MORELOS,9,PUENTE DE IXTLA,17,PUENTE DE IXTLA,606,2,24,63,44,161,,,,,57,65,61,14,125,16,36,0,666,39,705,1058
,17,MORELOS,9,PUENTE DE IXTLA,17,PUENTE DE IXTLA,607,2,34,106,41,170,,,,,65,30,118,15,50,9,13,0,651,48,699,1200
,17,MORELOS,9,PUENTE DE IXTLA,17,PUENTE DE IXTLA,608,2,80,65,117,52,,,,,41,16,48,9,49,8,37,7,522,42,571,1083
,17,MORELOS,9,PUENTE DE IXTLA,17,PUENTE DE IXTLA,609,2,27,116,43,165,,,,,33,31,56,12,54,12,12,0,561,50,611,1181
,17,MORELOS,9,PUENTE DE IXTLA,17,PUENTE DE IXTLA,610,1,10,34,14,89,,,,,24,16,35,4,12,0,2,1,240,17,258,388
,17,MORELOS,10,ZACATEPEC,24,TLALTIZAPAN,707,3,66,281,30,17,2,1,2,6,165,15,85,130,76,46,40,1,962,24,987,1784
,17,MORELOS,10,ZACATEPEC,24,TLALTIZAPAN,708,3,82,213,24,16,0,1,0,150,162,37,55,100,48,49,78,0,1015,40,1055,2219
,17,MORELOS,10,ZACATEPEC,24,TLALTIZAPAN,709,3,43,287,31,14,4,0,0,6,155,12,106,157,80,40,28,2,963,43,1008,1505
,17,MORELOS,10,ZACATEPEC,24,TLALTIZAPAN,710,4,80,460,37,29,0,3,0,5,201,34,65,193,92,58,171,1,1428,88,1517,2465
,17,MORELOS,10,ZACATEPEC,24,TLALTIZAPAN,711,2,11,299,12,14,0,2,0,3,126,15,21,87,35,35,20,0,680,23,703,1064
,17,MORELOS,10,ZACATEPEC,24,TLALTIZAPAN,712,1,16,88,16,47,0,3,1,0,65,3,30,8,4,32,10,0,323,0,323,654
,17,MORELOS,10,ZACATEPEC,24,TLALTIZAPAN,713,2,9,104,15,5,5,0,0,0,88,51,24,56,57,30,40,0,484,20,504,1098
,17,MORELOS,10,ZACATEPEC,24,TLALTIZAPAN,714,3,21,278,54,26,0,1,0,1,140,30,85,124,31,58,60,0,909,48,957,1633
,17,MORELOS,10,ZACATEPEC,24,TLALTIZAPAN,715,1,15,72,12,2,1,0,0,2,36,18,31,27,22,20,17,0,275,18,293,520
,17,MORELOS,10,ZACATEPEC,24,TLALTIZAPAN,716,2,28,283,16,9,1,0,0,2,190,7,12,19,19,113,46,0,745,31,776,1159
,17,MORELOS,10,ZACATEPEC,24,TLALTIZAPAN,717,2,47,220,22,13,1,0,0,3,170,16,28,37,54,149,87,0,847,41,888,1486
,17,MORELOS,10,ZACATEPEC,24,TLALTIZAPAN,718,2,17,146,31,6,3,0,0,0,108,3,6,86,24,69,55,0,554,25,579,823
,17,MORELOS,10,ZACATEPEC,24,TLALTIZAPAN,719,2,24,199,17,7,1,0,0,0,43,7,22,132,8,65,31,0,556,44,600,843
,17,MORELOS,10,ZACATEPEC,24,TLALTIZAPAN,720,2,29,115,11,5,4,0,0,1,133,8,10,22,7,53,35,0,433,21,454,556
,17,MORELOS,10,ZACATEPEC,24,TLALTIZAPAN,721,1,33,96,19,10,2,0,0,0,31,15,13,33,31,33,54,0,370,19,389,699
,17,MORELOS,10,ZACATEPEC,24,TLALTIZAPAN,722,2,46,125,23,6,6,1,0,1,70,16,11,31,13,108,77,0,534,31,565,1005
,17,MORELOS,10,ZACATEPEC,24,TLALTIZAPAN,723,3,140,146,133,6,4,1,0,0,124,47,38,52,18,429,37,1,1175,57,1233,1853
,17,MORELOS,10,ZACATEPEC,24,TLALTIZAPAN,724,3,137,199,46,29,2,1,0,0,198,39,35,31,31,149,20,1,917,38,956,1661
,17,MORELOS,10,ZACATEPEC,24,TLALTIZAPAN,725,4,170,288,38,17,6,1,0,3,429,27,49,57,22,180,23,0,1310,55,1365,2261
,17,MORELOS,10,ZACATEPEC,24,TLALTIZAPAN,726,2,66,163,22,7,2,0,0,1,130,33,15,37,19,122,14,0,631,33,664,1050
,17,MORELOS,10,ZACATEPEC,24,TLALTIZAPAN,727,3,145,185,35,114,2,0,0,1,121,46,49,45,44,112,34,1,933,48,982,2010
,17,MORELOS,10,ZACATEPEC,24,TLALTIZAPAN,728,2,141,129,25,14,0,0,0,0,129,30,46,40,41,86,39,1,720,33,754,1424
,17,MORELOS,10,ZACATEPEC,24,TLALTIZAPAN,729,2,41,89,10,5,0,0,0,0,56,13,18,22,40,44,24,0,362,24,386,806
,17,MORELOS,10,ZACATEPEC,24,TLALTIZAPAN,730,2,97,145,59,10,2,0,0,118,85,23,29,38,33,84,96,0,819,48,867,1453
,17,MORELOS,10,ZACATEPEC,24,TLALTIZAPAN,731,4,49,172,46,21,2,0,0,0,196,34,36,102,105,233,518,3,1514,84,1601,2972
,17,MORELOS,10,ZACATEPEC,24,TLALTIZAPAN,732,2,22,81,19,31,0,0,0,3,42,21,85,69,22,38,49,0,482,26,508,933
,17,MORELOS,10,ZACATEPEC,24,TLALTIZAPAN,733,1,13,60,15,4,3,0,0,0,50,9,4,0,5,41,25,0,229,0,229,433
,17,MORELOS,10,ZACATEPEC,31,ZACATEPEC,869,2,79,182,85,14,4,0,1,1,95,34,39,109,40,22,16,0,721,37,758,1464
,17,MORELOS,10,ZACATEPEC,31,ZACATEPEC,870,3,66,231,79,19,1,2,2,0,130,56,33,139,65,27,52,0,902,41,943,1539
,17,MORELOS,10,ZACATEPEC,31,ZACATEPEC,871,2,59,261,47,15,2,0,0,1,157,31,69,65,54,41,27,1,829,35,865,1399
,17,MORELOS,10,ZACATEPEC,31,ZACATEPEC,872,1,17,77,24,8,0,0,0,2,55,11,23,19,10,6,3,0,255,13,268,465
,17,MORELOS,10,ZACATEPEC,31,ZACATEPEC,873,3,85,319,67,10,2,1,0,1,129,49,44,187,59,24,29,0,1006,47,1053,1727
,17,MORELOS,10,ZACATEPEC,31,ZACATEPEC,874,2,58,225,64,8,0,0,0,1,157,29,34,165,53,20,42,0,856,50,906,1488
,17,MORELOS,10,ZACATEPEC,31,ZACATEPEC,875,2,70,123,30,11,0,1,0,0,108,40,22,55,36,28,24,0,548,41,589,930
,17,MORELOS,10,ZACATEPEC,31,ZACATEPEC,876,3,26,144,32,18,1,0,0,0,122,26,28,55,78,19,22,0,571,30,601,970
,17,MORELOS,10,ZACATEPEC,31,ZACATEPEC,877,1,15,73,19,3,0,1,0,0,44,5,10,16,18,9,8,1,221,14,236,340
,17,MORELOS,10,ZACATEPEC,31,ZACATEPEC,878,1,18,71,26,3,0,0,0,0,33,16,6,21,29,4,8,0,235,0,235,383
,17,MORELOS,10,ZACATEPEC,31,ZACATEPEC,879,2,28,169,44,10,0,0,0,46,65,37,76,60,30,18,37,0,620,31,651,1062
,17,MORELOS,10,ZACATEPEC,31,ZACATEPEC,880,1,23,92,48,6,0,2,0,1,92,18,19,36,32,11,17,0,397,26,423,734
,17,MORELOS,10,ZACATEPEC,31,ZACATEPEC,881,2,46,149,45,27,1,2,0,1,179,36,42,95,58,18,22,0,721,41,762,1259
,17,MORELOS,10,ZACATEPEC,31,ZACATEPEC,882,2,50,104,15,8,2,0,0,2,220,72,28,67,90,50,30,0,738,29,767,1221
,17,MORELOS,10,ZACATEPEC,31,ZACATEPEC,883,2,42,184,42,15,1,0,0,1,87,29,28,100,76,27,22,1,654,38,693,1074
,17,MORELOS,10,ZACATEPEC,31,ZACATEPEC,884,2,44,175,38,17,0,0,0,0,58,70,28,97,25,22,16,0,590,41,631,1118
,17,MORELOS,10,ZACATEPEC,31,ZACATEPEC,885,2,83,216,45,12,1,2,0,0,85,119,15,156,61,30,25,0,850,41,891,1393
,17,MORELOS,10,ZACATEPEC,31,ZACATEPEC,886,1,13,83,18,9,1,1,1,0,16,5,46,16,10,8,1,0,228,14,242,397
,17,MORELOS,10,ZACATEPEC,31,ZACATEPEC,887,2,22,181,49,6,1,1,0,1,66,54,32,43,61,7,13,0,537,22,559,1102
,17,MORELOS,10,ZACATEPEC,31,ZACATEPEC,888,3,60,240,40,13,2,0,0,0,184,57,34,93,105,37,22,0,887,70,957,1670
,17,MORELOS,10,ZACATEPEC,31,ZACATEPEC,889,2,32,207,9,4,0,0,0,0,96,53,9,54,41,23,13,0,541,27,568,790
,17,MORELOS,10,ZACATEPEC,31,ZACATEPEC,890,2,55,277,31,9,1,0,0,0,156,55,47,81,44,32,19,1,807,29,837,1449
,17,MORELOS,10,ZACATEPEC,31,ZACATEPEC,891,2,43,157,58,8,1,0,0,1,62,29,25,50,52,17,16,0,519,41,560,1113
,17,MORELOS,10,ZACATEPEC,31,ZACATEPEC,892,2,53,63,16,4,0,0,0,0,68,31,18,64,61,12,16,0,406,34,440,961
,17,MORELOS,10,ZACATEPEC,31,ZACATEPEC,893,2,95,251,29,12,0,0,18,0,142,58,47,75,51,22,14,0,814,38,852,1322
,17,MORELOS,10,ZACATEPEC,31,ZACATEPEC,894,2,73,189,39,8,0,0,0,0,74,30,17,76,43,14,24,0,587,43,630,1184
,17,MORELOS,11,JOJUTLA,12,JOJUTLA,501,3,33,126,39,97,,,,,214,61,25,206,205,28,33,4,1067,60,1131,1935
,17,MORELOS,11,JOJUTLA,12,JOJUTLA,502,2,53,69,29,34,,,,,104,34,9,117,117,13,15,1,594,25,620,981
,17,MORELOS,11,JOJUTLA,12,JOJUTLA,503,1,7,30,36,12,,,,,88,12,3,66,29,2,5,0,290,9,299,425
,17,MORELOS,11,JOJUTLA,12,JOJUTLA,504,3,32,145,51,99,,,,,183,95,30,192,210,47,37,0,1121,48,1169,2062
,17,MORELOS,11,JOJUTLA,12,JOJUTLA,505,3,27,107,47,33,,,,,139,75,30,187,165,25,48,1,883,45,929,1605
,17,MORELOS,11,JOJUTLA,12,JOJUTLA,506,1,23,40,11,30,,,,,88,29,8,76,45,9,18,0,377,25,402,669
,17,MORELOS,11,JOJUTLA,12,JOJUTLA,507,3,27,63,26,54,0,0,0,0,86,26,11,115,94,19,27,9,548,23,580,773
,17,MORELOS,11,JOJUTLA,12,JOJUTLA,508,2,29,72,14,25,,,,,81,26,6,97,77,8,19,2,454,13,469,809
,17,MORELOS,11,JOJUTLA,12,JOJUTLA,509,1,5,10,2,13,,,,,26,2,2,10,16,3,8,0,97,3,100,122
,17,MORELOS,11,JOJUTLA,12,JOJUTLA,510,2,37,116,35,45,,,,,136,27,16,138,87,24,44,0,705,46,751,1357
,17,MORELOS,11,JOJUTLA,12,JOJUTLA,511,2,27,111,19,51,,,,,149,40,13,128,101,30,28,2,697,26,725,1217
,17,MORELOS,11,JOJUTLA,12,JOJUTLA,512,1,17,52,6,31,,,,,75,26,14,76,66,10,29,0,402,20,422,736
,17,MORELOS,11,JOJUTLA,12,JOJUTLA,513,2,30,91,24,54,,,,,115,34,8,127,155,23,46,0,707,31,738,1368
,17,MORELOS,11,JOJUTLA,12,JOJUTLA,514,2,15,78,14,31,,,,,113,27,17,85,117,16,15,3,528,28,559,869
,17,MORELOS,11,JOJUTLA,12,JOJUTLA,515,1,13,40,11,28,,,,,83,29,10,103,74,17,11,0,419,15,434,711
,17,MORELOS,11,JOJUTLA,12,JOJUTLA,516,3,44,182,38,40,,,,,177,111,19,215,194,40,26,0,1086,50,1136,1816
,17,MORELOS,11,JOJUTLA,12,JOJUTLA,517,1,13,19,7,10,,,,,29,18,11,20,33,10,9,0,179,9,188,290
,17,MORELOS,11,JOJUTLA,12,JOJUTLA,518,2,26,106,44,14,,,,,86,66,13,152,40,20,30,2,597,39,638,1255
,17,MORELOS,11,JOJUTLA,12,JOJUTLA,519,2,52,110,20,20,,,,,91,49,17,173,46,26,15,0,619,29,648,1264
,17,MORELOS,11,JOJUTLA,12,JOJUTLA,520,2,67,88,18,13,,,,,131,25,16,121,58,24,8,0,569,48,617,1106
,17,MORELOS,11,JOJUTLA,12,JOJUTLA,521,3,34,87,33,34,,,,,129,42,72,112,170,36,36,0,785,32,817,1530
,17,MORELOS,11,JOJUTLA,12,JOJUTLA,522,1,26,49,8,20,,,,,77,19,8,68,63,20,25,1,383,22,406,714
,17,MORELOS,11,JOJUTLA,12,JOJUTLA,523,2,18,25,5,9,,,,,34,10,7,34,34,3,7,0,186,15,201,755
,17,MORELOS,11,JOJUTLA,12,JOJUTLA,524,2,30,80,5,28,,,,,103,21,13,89,70,16,31,1,486,27,514,902
,17,MORELOS,11,JOJUTLA,12,JOJUTLA,525,5,102,258,55,67,,,,,256,103,56,393,266,59,37,1,1652,90,1743,3396
,17,MORELOS,11,JOJUTLA,12,JOJUTLA,526,3,48,197,27,52,,,,,73,76,60,221,138,33,57,0,982,36,1018,1675
,17,MORELOS,11,JOJUTLA,12,JOJUTLA,527,2,9,80,21,15,,,,,145,23,38,77,80,19,7,0,514,28,542,945
,17,MORELOS,11,JOJUTLA,12,JOJUTLA,528,2,12,49,9,9,,,,,42,25,17,41,56,16,8,0,284,22,306,1154
,17,MORELOS,11,JOJUTLA,12,JOJUTLA,529,3,16,95,31,29,,,,,125,82,26,108,98,16,15,2,641,39,682,2065
,17,MORELOS,11,JOJUTLA,12,JOJUTLA,530,3,43,204,45,30,,,,,239,125,26,207,159,40,116,0,1234,52,1286,2176
,17,MORELOS,11,JOJUTLA,12,JOJUTLA,531,3,14,188,27,44,,,,,142,98,25,206,98,35,64,3,941,51,995,1761
,17,MORELOS,11,JOJUTLA,12,JOJUTLA,532,2,14,139,25,41,,,,,107,42,20,71,20,13,12,0,504,28,532,953
,17,MORELOS,11,JOJUTLA,12,JOJUTLA,533,3,30,162,33,33,,,,,120,142,23,195,22,17,51,4,828,54,886,1679
,17,MORELOS,11,JOJUTLA,12,JOJUTLA,534,2,59,127,35,47,,,,,106,65,23,225,46,23,43,0,799,45,844,1482
,17,MORELOS,11,JOJUTLA,12,JOJUTLA,535,3,36,117,28,33,,,,,141,83,39,276,59,30,59,0,901,67,968,1709
,17,MORELOS,11,JOJUTLA,12,JOJUTLA,536,2,18,89,15,22,,,,,104,30,19,51,19,12,18,0,397,31,428,921
,17,MORELOS,11,JOJUTLA,25,TLAQUILTENANGO,734,3,23,115,20,43,,,,,101,107,41,52,142,29,14,1,687,25,713,1844
,17,MORELOS,11,JOJUTLA,25,TLAQUILTENANGO,735,3,22,69,15,24,,,,,76,86,16,79,127,15,9,0,538,31,569,1533
,17,MORELOS,11,JOJUTLA,25,TLAQUILTENANGO,736,2,17,64,15,40,,,,,104,88,18,66,81,21,11,0,525,29,554,954
,17,MORELOS,11,JOJUTLA,25,TLAQUILTENANGO,737,5,38,113,31,48,,,,,173,402,87,69,231,232,36,0,1460,74,1534,2463
,17,MORELOS,11,JOJUTLA,25,TLAQUILTENANGO,738,3,30,94,29,65,,,,,134,170,57,73,213,55,30,1,950,48,999,1634
,17,MORELOS,11,JOJUTLA,25,TLAQUILTENANGO,739,3,24,143,29,46,,,,,140,150,45,66,179,42,12,0,876,43,919,1514
,17,MORELOS,11,JOJUTLA,25,TLAQUILTENANGO,740,4,33,187,48,57,,,,,206,224,53,117,244,109,28,0,1306,69,1375,2312
,17,MORELOS,11,JOJUTLA,25,TLAQUILTENANGO,741,3,41,85,11,31,,,,,79,97,30,33,135,25,23,0,590,40,630,1608
,17,MORELOS,11,JOJUTLA,25,TLAQUILTENANGO,742,3,29,71,29,44,0,0,0,0,94,139,34,64,144,70,31,0,749,36,785,1158
,17,MORELOS,11,JOJUTLA,25,TLAQUILTENANGO,743,3,28,116,15,54,,,,,156,168,29,69,165,25,22,0,847,46,893,1717
,17,MORELOS,11,JOJUTLA,25,TLAQUILTENANGO,744,1,5,104,4,27,,,,,40,59,8,37,63,10,5,0,362,14,376,614
,17,MORELOS,11,JOJUTLA,25,TLAQUILTENANGO,745,3,13,56,20,63,,,,,123,188,24,84,84,71,9,0,735,31,766,1170
,17,MORELOS,11,JOJUTLA,25,TLAQUILTENANGO,746,1,6,53,6,15,,,,,82,71,8,68,14,49,4,0,376,20,396,665
,17,MORELOS,11,JOJUTLA,25,TLAQUILTENANGO,747,1,4,12,7,14,,,,,36,108,3,25,5,15,8,0,237,8,245,339
,17,MORELOS,11,JOJUTLA,25,TLAQUILTENANGO,748,1,4,58,9,16,,,,,46,135,9,33,5,71,5,0,391,19,410,563
,17,MORELOS,11,JOJUTLA,25,TLAQUILTENANGO,749,2,5,83,4,40,,,,,73,156,17,141,13,26,13,0,571,27,598,869
,17,MORELOS,11,JOJUTLA,25,TLAQUILTENANGO,750,1,1,23,7,10,,,,,21,106,22,24,13,56,3,0,286,17,303,484
,17,MORELOS,11,JOJUTLA,25,TLAQUILTENANGO,751,1,5,50,9,3,,,,,47,71,8,24,10,4,3,0,234,10,244,396
,17,MORELOS,11,JOJUTLA,25,TLAQUILTENANGO,752,1,3,39,5,5,,,,,27,38,4,10,9,3,1,1,144,12,157,242
,17,MORELOS,11,JOJUTLA,25,TLAQUILTENANGO,753,1,3,37,6,8,,,,,73,22,2,19,4,16,3,0,193,10,203,389
,17,MORELOS,11,JOJUTLA,25,TLAQUILTENANGO,754,1,1,26,4,6,,,,,5,49,11,6,2,12,3,1,125,6,132,210
,17,MORELOS,11,JOJUTLA,25,TLAQUILTENANGO,755,1,0,19,1,10,,,,,74,39,2,51,0,2,2,0,200,9,209,284
,17,MORELOS,11,JOJUTLA,25,TLAQUILTENANGO,756,2,13,65,7,32,,,,,72,131,9,31,15,41,13,0,429,26,455,800
,17,MORELOS,11,JOJUTLA,25,TLAQUILTENANGO,757,2,5,34,2,8,,,,,20,100,4,8,1,5,0,0,187,13,200,270
,17,MORELOS,11,JOJUTLA,25,TLAQUILTENANGO,758,1,1,19,0,2,,,,,10,25,3,8,0,0,0,0,68,4,72,109
,17,MORELOS,11,JOJUTLA,25,TLAQUILTENANGO,759,1,0,16,1,0,,,,,38,21,3,20,2,0,0,0,101,6,107,160
,17,MORELOS,12,YAUTEPEC PONIENTE ,20,TEPOZTLAN,670,2,86,64,24,16,,,,,160,23,129,94,144,14,52,1,806,51,858,1458
,17,MORELOS,12,YAUTEPEC PONIENTE ,20,TEPOZTLAN,671,2,41,109,36,25,,,,,161,16,105,61,109,16,82,1,761,65,827,1359
,17,MORELOS,12,YAUTEPEC PONIENTE ,20,TEPOZTLAN,672,1,21,18,12,2,,,,,67,12,46,16,50,10,30,3,284,26,313,530
,17,MORELOS,12,YAUTEPEC PONIENTE ,20,TEPOZTLAN,673,3,103,104,24,18,,,,,209,21,109,92,141,28,79,1,928,100,1029,1593
,17,MORELOS,12,YAUTEPEC PONIENTE ,20,TEPOZTLAN,674,2,118,76,18,12,,,,,170,12,80,61,82,19,35,2,683,53,738,1136
,17,MORELOS,12,YAUTEPEC PONIENTE ,20,TEPOZTLAN,675,3,97,93,46,18,,,,,221,31,153,93,126,30,84,0,992,80,1072,1888
,17,MORELOS,12,YAUTEPEC PONIENTE ,20,TEPOZTLAN,676,4,50,86,31,18,,,,,226,24,151,111,142,14,63,2,916,71,989,1529
,17,MORELOS,12,YAUTEPEC PONIENTE ,20,TEPOZTLAN,677,2,53,75,35,13,,,,,208,15,79,57,120,10,59,0,724,64,788,1350
,17,MORELOS,12,YAUTEPEC PONIENTE ,20,TEPOZTLAN,678,2,46,91,53,18,,,,,204,43,96,51,121,8,30,1,761,48,810,1429
,17,MORELOS,12,YAUTEPEC PONIENTE ,20,TEPOZTLAN,679,2,76,116,27,12,,,,,176,30,72,100,98,17,52,1,776,57,834,1454
,17,MORELOS,12,YAUTEPEC PONIENTE ,20,TEPOZTLAN,680,2,84,117,74,9,,,,,147,187,91,49,52,14,30,1,854,58,913,1468
,17,MORELOS,12,YAUTEPEC PONIENTE ,20,TEPOZTLAN,681,2,32,131,27,11,,,,,177,60,111,48,41,9,31,0,678,26,704,1175
,17,MORELOS,12,YAUTEPEC PONIENTE ,20,TEPOZTLAN,682,4,73,207,43,14,,,,,162,59,199,70,51,16,70,0,964,78,1042,2810
,17,MORELOS,12,YAUTEPEC PONIENTE ,20,TEPOZTLAN,683,3,45,111,31,14,,,,,142,57,160,68,60,16,28,0,732,63,795,1682
,17,MORELOS,12,YAUTEPEC PONIENTE ,20,TEPOZTLAN,684,2,39,60,17,5,,,,,88,55,45,30,60,9,16,0,424,31,455,904
,17,MORELOS,12,YAUTEPEC PONIENTE ,20,TEPOZTLAN,685,2,38,91,62,10,,,,,105,7,56,63,74,10,28,0,544,34,578,1051
,17,MORELOS,12,YAUTEPEC PONIENTE ,20,TEPOZTLAN,686,5,111,171,73,43,,,,,262,141,118,90,127,57,79,2,1272,86,1360,2785
,17,MORELOS,12,YAUTEPEC PONIENTE ,20,TEPOZTLAN,687,2,12,56,18,23,,,,,61,55,28,61,122,24,18,1,478,31,510,961
,17,MORELOS,12,YAUTEPEC PONIENTE ,20,TEPOZTLAN,688,2,20,20,19,51,,,,,95,53,28,41,42,5,4,2,378,18,398,892
,17,MORELOS,12,YAUTEPEC PONIENTE ,29,YAUTEPEC,799,4,102,185,60,49,,,,,271,44,114,229,159,37,46,3,1296,68,1367,2885
,17,MORELOS,12,YAUTEPEC PONIENTE ,29,YAUTEPEC,800,3,61,125,35,32,,,,,200,45,94,120,196,18,27,0,953,59,1012,1721
,17,MORELOS,12,YAUTEPEC PONIENTE ,29,YAUTEPEC,801,3,72,134,56,40,,,,,243,24,91,135,136,38,36,0,1005,54,1059,1888
,17,MORELOS,12,YAUTEPEC PONIENTE ,29,YAUTEPEC,802,3,142,142,27,51,,,,,246,31,65,123,60,39,33,0,959,44,1003,1898
,17,MORELOS,12,YAUTEPEC PONIENTE ,29,YAUTEPEC,803,2,66,142,31,38,,,,,104,12,68,114,80,30,38,1,723,43,767,1297
,17,MORELOS,12,YAUTEPEC PONIENTE ,29,YAUTEPEC,804,2,53,151,32,25,,,,,180,37,84,111,113,17,22,0,825,29,854,1481
,17,MORELOS,12,YAUTEPEC PONIENTE ,29,YAUTEPEC,805,2,72,105,21,41,,,,,183,16,89,88,154,27,12,0,808,27,835,1437
,17,MORELOS,12,YAUTEPEC PONIENTE ,29,YAUTEPEC,806,2,60,95,29,32,,,,,135,13,29,103,82,21,28,2,627,18,647,1080
,17,MORELOS,12,YAUTEPEC PONIENTE ,29,YAUTEPEC,807,2,51,54,20,28,,,,,70,12,65,49,41,18,10,1,418,17,436,800
,17,MORELOS,12,YAUTEPEC PONIENTE ,29,YAUTEPEC,808,3,69,81,19,33,,,,,108,10,51,79,77,29,20,0,576,47,623,1011
,17,MORELOS,12,YAUTEPEC PONIENTE ,29,YAUTEPEC,809,2,59,117,10,21,,,,,87,7,44,52,85,14,11,2,507,28,537,902
,17,MORELOS,12,YAUTEPEC PONIENTE ,29,YAUTEPEC,810,3,85,198,29,40,,,,,199,28,73,119,135,30,20,1,956,57,1014,1810
,17,MORELOS,12,YAUTEPEC PONIENTE ,29,YAUTEPEC,811,5,134,209,63,73,,,,,260,66,146,272,132,50,39,0,1444,73,1517,3278
,17,MORELOS,12,YAUTEPEC PONIENTE ,29,YAUTEPEC,812,3,69,127,40,54,,,,,166,16,44,160,97,37,28,0,838,48,886,1564
,17,MORELOS,12,YAUTEPEC PONIENTE ,29,YAUTEPEC,813,2,96,121,40,48,,,,,111,28,49,103,72,17,24,0,709,41,750,1476
,17,MORELOS,12,YAUTEPEC PONIENTE ,29,YAUTEPEC,814,1,37,57,16,22,,,,,36,9,29,56,29,10,7,0,308,20,328,656
,17,MORELOS,12,YAUTEPEC PONIENTE ,29,YAUTEPEC,815,2,78,117,21,37,,,,,124,5,44,68,30,14,12,1,550,34,585,1048
,17,MORELOS,12,YAUTEPEC PONIENTE ,29,YAUTEPEC,816,3,131,148,35,35,,,,,167,33,82,105,61,21,35,1,853,36,890,1692
,17,MORELOS,12,YAUTEPEC PONIENTE ,29,YAUTEPEC,817,8,281,346,113,124,,,,,429,79,208,544,212,88,66,0,2490,148,2638,5632
,17,MORELOS,12,YAUTEPEC PONIENTE ,29,YAUTEPEC,818,4,149,186,61,53,,,,,235,42,72,231,119,33,38,0,1219,67,1286,2466
,17,MORELOS,12,YAUTEPEC PONIENTE ,29,YAUTEPEC,819,2,29,41,17,28,,,,,174,6,24,52,56,19,8,1,454,41,496,1079
,17,MORELOS,12,YAUTEPEC PONIENTE ,29,YAUTEPEC,820,2,34,49,33,27,,,,,161,10,32,35,52,13,16,1,462,28,491,1136
,17,MORELOS,12,YAUTEPEC PONIENTE ,29,YAUTEPEC,821,2,20,50,15,33,,,,,137,1,22,31,19,20,7,0,355,18,373,814
,17,MORELOS,12,YAUTEPEC PONIENTE ,29,YAUTEPEC,822,3,29,66,28,55,,,,,215,9,41,136,66,21,12,0,678,47,725,1622
,17,MORELOS,12,YAUTEPEC PONIENTE ,29,YAUTEPEC,823,2,37,44,33,14,,,,,108,4,47,74,50,28,15,0,454,25,479,1107
,17,MORELOS,12,YAUTEPEC PONIENTE ,29,YAUTEPEC,824,2,41,43,15,15,,,,,57,6,71,56,42,16,12,0,374,25,399,1203
,17,MORELOS,12,YAUTEPEC PONIENTE ,29,YAUTEPEC,825,2,33,87,22,8,,,,,96,5,86,68,24,13,12,0,454,22,476,1057
,17,MORELOS,12,YAUTEPEC PONIENTE ,29,YAUTEPEC,826,2,45,73,33,12,,,,,108,7,83,88,39,19,16,1,523,32,556,1268
,17,MORELOS,12,YAUTEPEC PONIENTE ,29,YAUTEPEC,827,2,41,40,18,3,,,,,82,6,56,116,30,3,11,0,406,21,427,886
,17,MORELOS,12,YAUTEPEC PONIENTE ,29,YAUTEPEC,848,2,77,135,32,46,,,,,263,12,22,117,53,11,17,0,785,29,814,1448
,17,MORELOS,12,YAUTEPEC PONIENTE ,29,YAUTEPEC,849,1,93,19,19,27,,,,,98,12,14,55,20,5,3,0,365,30,395,636
,17,MORELOS,13,YAUTEPEC ORIENTE,2,ATLATLAHUCAN,12,4,268,68,53,118,0,0,1,0,173,73,168,86,227,34,242,1,1511,65,1577,2283
,17,MORELOS,13,YAUTEPEC ORIENTE,2,ATLATLAHUCAN,13,3,161,59,34,75,1,2,0,0,60,40,95,86,114,19,81,0,827,34,861,1766
,17,MORELOS,13,YAUTEPEC ORIENTE,2,ATLATLAHUCAN,14,2,207,35,26,91,0,0,0,0,88,55,93,94,118,20,118,0,945,48,993,1395
,17,MORELOS,13,YAUTEPEC ORIENTE,2,ATLATLAHUCAN,15,3,272,50,23,69,0,0,0,0,103,71,193,98,148,19,101,0,1147,101,1248,1979
,17,MORELOS,13,YAUTEPEC ORIENTE,2,ATLATLAHUCAN,16,1,136,21,6,22,0,0,0,0,56,19,30,29,24,9,58,0,410,10,420,718
,17,MORELOS,13,YAUTEPEC ORIENTE,2,ATLATLAHUCAN,17,2,122,46,14,39,0,0,0,0,195,46,54,86,100,20,161,0,883,37,920,1366
,17,MORELOS,13,YAUTEPEC ORIENTE,2,ATLATLAHUCAN,18,2,94,21,8,17,0,0,0,0,35,12,49,64,265,13,92,0,670,45,715,1008
,17,MORELOS,13,YAUTEPEC ORIENTE,2,ATLATLAHUCAN,19,5,432,106,38,83,0,1,0,0,81,84,135,109,208,35,336,1,1648,93,1742,3176
,17,MORELOS,13,YAUTEPEC ORIENTE,2,ATLATLAHUCAN,20,1,62,30,9,2,0,0,0,0,2,1,9,0,30,4,11,1,160,29,190,432
,17,MORELOS,13,YAUTEPEC ORIENTE,2,ATLATLAHUCAN,21,1,66,24,23,3,0,0,0,0,2,1,12,2,33,10,14,2,190,21,213,464
,17,MORELOS,13,YAUTEPEC ORIENTE,2,ATLATLAHUCAN,22,1,74,27,21,5,1,0,0,0,5,4,12,4,29,8,17,2,207,22,231,584
,17,MORELOS,13,YAUTEPEC ORIENTE,2,ATLATLAHUCAN,23,1,42,22,10,4,0,0,0,0,5,0,13,3,24,3,16,0,142,20,162,318
,17,MORELOS,13,YAUTEPEC ORIENTE,23,TLALNEPANTLA,703,3,134,126,37,20,1,0,0,0,173,379,161,19,45,3,3,0,1101,69,1170,1632
,17,MORELOS,13,YAUTEPEC ORIENTE,23,TLALNEPANTLA,704,3,94,124,36,13,1,1,0,0,189,338,169,6,90,12,1,0,1074,62,1136,1588
,17,MORELOS,13,YAUTEPEC ORIENTE,23,TLALNEPANTLA,705,2,79,46,6,7,0,0,0,0,43,89,13,23,13,1,0,0,320,16,336,949
,17,MORELOS,13,YAUTEPEC ORIENTE,23,TLALNEPANTLA,706,1,71,65,2,6,0,0,0,0,63,143,31,9,25,2,2,0,419,19,438,582
,17,MORELOS,13,YAUTEPEC ORIENTE,26,TLAYACAPAN,760,2,22,84,11,87,0,0,0,0,391,45,174,6,201,5,9,0,1035,20,1055,1302
,17,MORELOS,13,YAUTEPEC ORIENTE,26,TLAYACAPAN,761,3,34,207,17,136,1,0,0,0,542,95,263,4,280,10,6,0,1595,43,1638,2125
,17,MORELOS,13,YAUTEPEC ORIENTE,26,TLAYACAPAN,762,3,29,174,16,107,1,1,0,0,451,51,155,7,244,8,8,0,1252,74,1326,1767
,17,MORELOS,13,YAUTEPEC ORIENTE,26,TLAYACAPAN,763,2,17,60,17,98,0,0,1,0,335,26,110,2,175,5,4,0,850,37,887,1089
,17,MORELOS,13,YAUTEPEC ORIENTE,26,TLAYACAPAN,764,2,11,95,7,67,0,0,0,0,139,120,103,4,215,0,4,0,765,34,799,1044
,17,MORELOS,13,YAUTEPEC ORIENTE,26,TLAYACAPAN,765,1,7,75,10,45,0,0,0,0,104,29,30,2,176,0,4,0,482,26,508,644
,17,MORELOS,13,YAUTEPEC ORIENTE,26,TLAYACAPAN,766,2,29,85,15,71,0,2,1,0,239,225,95,9,198,7,4,0,980,49,1029,1396
,17,MORELOS,13,YAUTEPEC ORIENTE,26,TLAYACAPAN,767,3,27,111,15,129,1,2,2,0,297,35,104,9,225,13,7,0,977,56,1033,1700
,17,MORELOS,13,YAUTEPEC ORIENTE,26,TLAYACAPAN,768,3,14,180,35,122,1,3,0,0,350,35,239,23,147,11,21,0,1181,81,1262,2139
,17,MORELOS,13,YAUTEPEC ORIENTE,27,TOTOLAPAN,769,3,328,131,22,31,0,0,0,0,417,22,265,29,180,8,16,0,1449,66,1515,2140
,17,MORELOS,13,YAUTEPEC ORIENTE,27,TOTOLAPAN,770,2,176,23,3,8,0,0,0,0,125,10,75,12,36,2,0,0,470,28,498,1433
,17,MORELOS,13,YAUTEPEC ORIENTE,27,TOTOLAPAN,771,3,320,112,20,17,1,1,0,0,309,26,137,11,134,11,11,0,1110,44,1154,1678
,17,MORELOS,13,YAUTEPEC ORIENTE,27,TOTOLAPAN,772,1,43,12,4,2,0,0,0,0,45,17,19,7,23,2,1,0,175,4,179,250
,17,MORELOS,13,YAUTEPEC ORIENTE,27,TOTOLAPAN,773,3,152,58,16,17,0,0,0,0,243,153,185,5,150,8,5,2,992,39,1033,1531
,17,MORELOS,13,YAUTEPEC ORIENTE,27,TOTOLAPAN,774,1,17,14,4,2,0,0,0,0,71,18,26,11,70,0,3,0,236,7,243,340
,17,MORELOS,13,YAUTEPEC ORIENTE,27,TOTOLAPAN,775,1,11,2,3,3,0,0,0,0,73,19,1,1,75,0,0,0,188,0,188,218
,17,MORELOS,13,YAUTEPEC ORIENTE,29,YAUTEPEC,828,2,26,95,16,31,0,0,0,0,141,14,110,35,166,12,22,2,668,40,710,1217
,17,MORELOS,13,YAUTEPEC ORIENTE,29,YAUTEPEC,829,2,6,32,14,9,0,0,0,0,45,9,64,17,54,6,14,0,270,17,287,1046
,17,MORELOS,13,YAUTEPEC ORIENTE,29,YAUTEPEC,830,2,27,97,21,8,0,0,1,0,75,5,55,33,166,9,13,1,510,36,547,1133
,17,MORELOS,13,YAUTEPEC ORIENTE,29,YAUTEPEC,831,3,26,128,19,13,3,0,0,1,104,8,98,46,287,15,16,0,764,49,813,1741
,17,MORELOS,13,YAUTEPEC ORIENTE,29,YAUTEPEC,832,1,17,32,3,1,0,0,0,0,17,4,25,21,57,4,6,0,187,14,201,440
,17,MORELOS,13,YAUTEPEC ORIENTE,29,YAUTEPEC,833,2,23,69,11,10,0,0,0,1,68,2,30,31,174,11,8,0,438,20,458,888
,17,MORELOS,13,YAUTEPEC ORIENTE,29,YAUTEPEC,834,5,50,192,22,27,4,0,0,1,102,16,141,69,266,13,9,1,912,54,967,1842
,17,MORELOS,13,YAUTEPEC ORIENTE,29,YAUTEPEC,835,2,38,103,7,7,1,1,0,0,36,5,56,11,60,12,15,1,352,23,376,784
,17,MORELOS,13,YAUTEPEC ORIENTE,29,YAUTEPEC,836,2,74,92,16,27,0,0,0,0,142,9,79,45,117,13,15,0,629,18,647,1134
,17,MORELOS,13,YAUTEPEC ORIENTE,29,YAUTEPEC,837,2,38,132,27,20,0,0,0,0,201,32,104,30,86,9,13,0,692,35,727,1458
,17,MORELOS,13,YAUTEPEC ORIENTE,29,YAUTEPEC,838,2,72,85,12,27,0,0,0,1,102,9,81,21,99,11,7,0,527,21,548,962
,17,MORELOS,13,YAUTEPEC ORIENTE,29,YAUTEPEC,839,3,105,226,23,19,1,1,0,0,173,15,83,61,181,11,21,1,920,42,963,1648
,17,MORELOS,13,YAUTEPEC ORIENTE,29,YAUTEPEC,840,2,75,157,12,23,1,0,1,1,125,6,49,35,150,9,3,1,647,28,676,1068
,17,MORELOS,13,YAUTEPEC ORIENTE,29,YAUTEPEC,841,1,11,61,7,8,0,0,0,0,59,2,29,10,44,3,7,0,241,11,252,451
,17,MORELOS,13,YAUTEPEC ORIENTE,29,YAUTEPEC,842,2,24,182,26,8,0,0,0,0,159,3,58,19,90,19,28,1,616,13,630,1075
,17,MORELOS,13,YAUTEPEC ORIENTE,29,YAUTEPEC,843,3,151,79,30,24,0,0,0,0,314,10,81,43,103,32,22,0,889,40,929,1558
,17,MORELOS,13,YAUTEPEC ORIENTE,29,YAUTEPEC,844,5,248,123,76,58,0,0,0,0,509,12,125,91,231,66,55,3,1594,67,1664,3148
,17,MORELOS,13,YAUTEPEC ORIENTE,29,YAUTEPEC,845,2,40,54,56,10,1,0,1,0,75,71,41,43,110,8,16,0,526,28,554,1064
,17,MORELOS,13,YAUTEPEC ORIENTE,29,YAUTEPEC,846,2,21,118,18,12,1,0,0,0,111,5,23,50,92,9,29,0,489,33,522,848
,17,MORELOS,13,YAUTEPEC ORIENTE,29,YAUTEPEC,847,2,35,64,35,57,0,0,0,0,136,7,51,53,142,19,24,0,623,30,653,1176
,17,MORELOS,14,CUAUTLA NORTE ,6,CUAUTLA,97,6,182,270,88,88,,,,,345,143,252,35,142,75,98,1,1718,79,1798,3785
,17,MORELOS,14,CUAUTLA NORTE ,6,CUAUTLA,98,2,46,152,9,17,,,,,85,28,37,4,91,13,55,2,537,31,570,972
,17,MORELOS,14,CUAUTLA NORTE ,6,CUAUTLA,99,3,81,168,32,57,,,,,248,184,123,15,82,22,69,1,1081,56,1138,1969
,17,MORELOS,14,CUAUTLA NORTE ,6,CUAUTLA,100,4,57,232,37,54,,,,,242,138,131,5,164,23,50,1,1133,71,1205,2427
,17,MORELOS,14,CUAUTLA NORTE ,6,CUAUTLA,101,2,48,129,16,23,,,,,67,28,45,5,143,18,62,0,584,37,621,1060
,17,MORELOS,14,CUAUTLA NORTE ,6,CUAUTLA,102,5,157,194,70,99,,,,,295,104,121,12,132,56,50,2,1290,79,1371,3169
,17,MORELOS,14,CUAUTLA NORTE ,6,CUAUTLA,103,2,118,98,14,40,,,,,98,68,63,13,67,31,39,0,649,46,695,1327
,17,MORELOS,14,CUAUTLA NORTE ,6,CUAUTLA,104,2,45,100,20,16,,,,,65,24,54,15,30,30,19,1,418,13,432,852
,17,MORELOS,14,CUAUTLA NORTE ,6,CUAUTLA,105,1,21,53,11,17,,,,,44,29,37,8,18,20,11,0,269,29,298,632
,17,MORELOS,14,CUAUTLA NORTE ,6,CUAUTLA,106,2,58,98,18,17,,,,,112,27,61,14,46,27,20,1,498,39,538,1147
,17,MORELOS,14,CUAUTLA NORTE ,6,CUAUTLA,107,2,67,84,21,28,,,,,78,22,43,14,51,47,25,3,480,28,511,1060
,17,MORELOS,14,CUAUTLA NORTE ,6,CUAUTLA,108,3,94,111,41,22,,,,,148,39,78,50,83,48,29,1,743,47,791,1724
,17,MORELOS,14,CUAUTLA NORTE ,6,CUAUTLA,109,5,87,272,70,48,,,,,291,76,102,43,103,46,26,4,1164,91,1259,3415
,17,MORELOS,14,CUAUTLA NORTE ,6,CUAUTLA,110,3,73,150,66,50,,,,,144,50,79,32,56,44,30,0,774,48,822,1750
,17,MORELOS,14,CUAUTLA NORTE ,6,CUAUTLA,111,3,79,114,45,66,,,,,169,78,82,38,62,49,19,2,801,61,864,2011
,17,MORELOS,14,CUAUTLA NORTE ,6,CUAUTLA,112,3,45,164,21,21,,,,,102,28,188,14,44,19,21,1,667,44,712,1640
,17,MORELOS,14,CUAUTLA NORTE ,6,CUAUTLA,113,5,82,186,83,82,,,,,425,71,246,26,112,61,54,0,1428,68,1496,3527
,17,MORELOS,14,CUAUTLA NORTE ,6,CUAUTLA,114,4,140,202,62,46,,,,,243,74,238,31,80,29,33,1,1178,64,1243,2794
,17,MORELOS,14,CUAUTLA NORTE ,6,CUAUTLA,115,2,37,130,28,21,,,,,108,47,93,15,18,17,27,0,541,32,573,1165
,17,MORELOS,14,CUAUTLA NORTE ,6,CUAUTLA,116,2,45,90,32,27,,,,,100,60,67,25,56,46,27,1,575,46,622,1280
,17,MORELOS,14,CUAUTLA NORTE ,6,CUAUTLA,117,2,60,96,21,22,,,,,72,50,56,13,46,25,18,3,479,33,515,1059
,17,MORELOS,14,CUAUTLA NORTE ,6,CUAUTLA,118,2,83,124,29,33,,,,,142,44,72,25,57,29,33,0,671,35,706,1444
,17,MORELOS,14,CUAUTLA NORTE ,6,CUAUTLA,119,2,61,101,29,14,,,,,125,44,78,14,38,24,22,0,550,26,576,1223
,17,MORELOS,14,CUAUTLA NORTE ,6,CUAUTLA,120,2,36,78,36,39,,,,,94,37,99,42,46,35,27,2,569,45,616,1264
,17,MORELOS,14,CUAUTLA NORTE ,6,CUAUTLA,121,1,25,47,24,8,,,,,78,29,74,11,17,11,7,0,331,31,362,678
,17,MORELOS,14,CUAUTLA NORTE ,6,CUAUTLA,122,2,43,56,17,19,,,,,86,34,102,38,24,15,18,1,452,29,482,984
,17,MORELOS,14,CUAUTLA NORTE ,6,CUAUTLA,123,3,59,104,48,32,,,,,130,43,309,26,31,39,27,0,848,55,903,1756
,17,MORELOS,14,CUAUTLA NORTE ,6,CUAUTLA,124,2,63,79,32,25,,,,,83,31,62,25,46,29,31,1,506,29,536,1120
,17,MORELOS,14,CUAUTLA NORTE ,6,CUAUTLA,125,4,170,157,67,94,,,,,240,77,176,46,74,38,46,0,1185,88,1273,2652
,17,MORELOS,14,CUAUTLA NORTE ,6,CUAUTLA,126,4,97,140,67,75,,,,,222,54,124,23,100,96,36,2,1034,60,1096,2321
,17,MORELOS,14,CUAUTLA NORTE ,6,CUAUTLA,127,2,58,133,24,26,,,,,143,20,88,10,61,47,28,1,638,38,677,1467
,17,MORELOS,14,CUAUTLA NORTE ,6,CUAUTLA,128,2,37,103,32,27,,,,,83,29,138,19,57,63,29,2,617,47,666,1243
,17,MORELOS,14,CUAUTLA NORTE ,6,CUAUTLA,129,2,54,61,35,30,,,,,177,45,67,17,34,38,23,1,581,39,621,1256
,17,MORELOS,14,CUAUTLA NORTE ,6,CUAUTLA,130,4,111,211,85,56,,,,,261,82,142,51,90,96,49,2,1234,91,1327,2975
,17,MORELOS,14,CUAUTLA NORTE ,6,CUAUTLA,131,3,69,171,45,29,,,,,148,36,77,18,62,57,34,5,746,62,813,1727
,17,MORELOS,14,CUAUTLA NORTE ,6,CUAUTLA,132,2,39,108,41,22,,,,,86,14,67,12,37,57,29,1,512,42,555,1207
,17,MORELOS,14,CUAUTLA NORTE ,6,CUAUTLA,133,1,8,41,5,2,,,,,23,9,13,6,20,11,4,2,142,24,168,354
,17,MORELOS,14,CUAUTLA NORTE ,6,CUAUTLA,134,2,61,121,33,46,,,,,135,30,69,25,68,57,35,1,680,55,736,1479
,17,MORELOS,14,CUAUTLA NORTE ,6,CUAUTLA,135,6,150,182,102,134,,,,,361,70,187,24,123,57,107,2,1497,105,1604,3959
,17,MORELOS,14,CUAUTLA NORTE ,6,CUAUTLA,140,2,51,142,34,31,,,,,108,18,104,22,53,55,40,3,658,47,708,1231
,17,MORELOS,14,CUAUTLA NORTE ,6,CUAUTLA,141,1,33,74,13,9,,,,,52,6,34,16,45,37,16,0,335,26,361,750
,17,MORELOS,14,CUAUTLA NORTE ,6,CUAUTLA,142,3,49,142,23,41,,,,,179,41,101,13,54,67,18,0,728,41,769,1630
,17,MORELOS,14,CUAUTLA NORTE ,6,CUAUTLA,181,4,98,146,32,28,,,,,298,68,94,38,54,75,27,1,958,62,1021,2431
,17,MORELOS,14,CUAUTLA NORTE ,6,CUAUTLA,182,3,61,111,43,81,,,,,279,32,76,15,52,27,25,1,802,38,841,1908
,17,MORELOS,14,CUAUTLA NORTE ,6,CUAUTLA,183,2,41,123,22,22,,,,,202,19,57,16,44,28,18,1,592,41,634,1364
,17,MORELOS,14,CUAUTLA NORTE ,6,CUAUTLA,184,1,15,44,12,18,,,,,105,31,55,10,17,10,8,0,325,17,342,666
,17,MORELOS,15,CUAUTLA SUR ,6,CUAUTLA,136,2,38,73,23,14,,,,,47,29,108,5,41,30,50,0,458,25,483,1096
,17,MORELOS,15,CUAUTLA SUR ,6,CUAUTLA,137,3,37,85,20,29,0,0,0,0,93,10,59,2,45,18,23,0,421,29,450,928
,17,MORELOS,15,CUAUTLA SUR ,6,CUAUTLA,138,2,72,78,94,30,,,,,91,40,120,8,27,32,9,2,601,41,644,1366
,17,MORELOS,15,CUAUTLA SUR ,6,CUAUTLA,139,2,39,109,27,22,,,,,94,26,72,9,34,36,37,3,505,34,542,1042
,17,MORELOS,15,CUAUTLA SUR ,6,CUAUTLA,143,2,49,152,23,31,,,,,196,23,114,12,31,41,25,2,697,32,731,1410
,17,MORELOS,15,CUAUTLA SUR ,6,CUAUTLA,144,3,44,133,23,31,0,0,0,0,137,16,146,12,43,39,20,2,644,36,682,949
,17,MORELOS,15,CUAUTLA SUR ,6,CUAUTLA,145,2,32,78,23,27,,,,,75,16,84,8,47,41,22,1,453,28,482,970
,17,MORELOS,15,CUAUTLA SUR ,6,CUAUTLA,146,2,,,,,,,,,,,,,,,,,0,,,1010
,17,MORELOS,15,CUAUTLA SUR ,6,CUAUTLA,147,2,28,98,43,33,,,,,122,24,82,4,35,46,60,3,575,39,617,1310
,17,MORELOS,15,CUAUTLA SUR ,6,CUAUTLA,148,2,32,108,155,17,,,,,59,52,68,18,31,16,21,0,577,38,615,1263
,17,MORELOS,15,CUAUTLA SUR ,6,CUAUTLA,149,2,62,79,21,16,,,,,59,21,50,12,16,18,7,0,361,14,375,768
,17,MORELOS,15,CUAUTLA SUR ,6,CUAUTLA,150,4,73,151,85,51,,,,,217,46,277,9,70,27,48,1,1054,88,1143,2860
,17,MORELOS,15,CUAUTLA SUR ,6,CUAUTLA,151,6,165,232,107,126,,,,,390,71,352,28,95,78,73,1,1717,127,1845,4151
,17,MORELOS,15,CUAUTLA SUR ,6,CUAUTLA,152,2,83,107,42,54,,,,,146,65,93,12,25,28,48,0,703,55,758,1488
,17,MORELOS,15,CUAUTLA SUR ,6,CUAUTLA,153,2,52,81,31,18,,,,,53,22,89,8,44,28,19,2,445,31,478,1069
,17,MORELOS,15,CUAUTLA SUR ,6,CUAUTLA,154,2,84,75,22,23,,,,,99,24,65,1,25,20,18,0,456,21,477,964
,17,MORELOS,15,CUAUTLA SUR ,6,CUAUTLA,155,2,41,77,72,20,,,,,75,39,98,18,45,19,18,0,522,24,546,1125
,17,MORELOS,15,CUAUTLA SUR ,6,CUAUTLA,156,2,45,110,37,17,,,,,83,50,81,7,23,27,12,0,492,27,519,901
,17,MORELOS,15,CUAUTLA SUR ,6,CUAUTLA,157,1,23,49,19,17,,,,,64,10,48,4,26,19,5,1,284,17,302,656
,17,MORELOS,15,CUAUTLA SUR ,6,CUAUTLA,158,1,15,44,7,15,,,,,29,5,29,1,15,10,9,0,179,19,198,395
,17,MORELOS,15,CUAUTLA SUR ,6,CUAUTLA,159,3,34,94,22,45,,,,,125,15,105,13,31,21,26,0,531,26,557,1539
,17,MORELOS,15,CUAUTLA SUR ,6,CUAUTLA,160,1,28,45,10,27,,,,,41,7,69,6,18,23,9,1,283,19,303,590
,17,MORELOS,15,CUAUTLA SUR ,6,CUAUTLA,161,1,20,38,7,11,,,,,35,12,22,12,31,19,6,0,213,15,228,454
,17,MORELOS,15,CUAUTLA SUR ,6,CUAUTLA,162,2,43,121,23,31,,,,,67,12,59,12,43,31,16,0,458,37,495,984
,17,MORELOS,15,CUAUTLA SUR ,6,CUAUTLA,163,1,22,37,7,15,,,,,39,6,27,1,11,11,13,0,189,11,200,402
,17,MORELOS,15,CUAUTLA SUR ,6,CUAUTLA,164,1,,,,,,,,,,,,,,,,,0,,,361
,17,MORELOS,15,CUAUTLA SUR ,6,CUAUTLA,165,2,30,130,12,49,,,,,97,11,93,17,31,30,32,1,532,45,578,1167
,17,MORELOS,15,CUAUTLA SUR ,6,CUAUTLA,166,3,45,174,22,47,,,,,123,43,129,15,39,72,45,0,754,41,795,1539
,17,MORELOS,15,CUAUTLA SUR ,6,CUAUTLA,167,1,18,87,19,18,,,,,77,9,52,6,26,27,17,0,356,16,372,700
,17,MORELOS,15,CUAUTLA SUR ,6,CUAUTLA,168,1,32,64,13,14,,,,,56,9,81,6,29,20,38,0,362,32,394,741
,17,MORELOS,15,CUAUTLA SUR ,6,CUAUTLA,169,2,80,112,19,75,,,,,87,22,115,11,60,59,44,1,684,43,728,1345
,17,MORELOS,15,CUAUTLA SUR ,6,CUAUTLA,170,2,45,75,18,28,,,,,92,9,56,7,28,23,44,0,425,32,457,848
,17,MORELOS,15,CUAUTLA SUR ,6,CUAUTLA,171,1,30,47,11,10,,,,,27,9,46,3,30,6,10,0,229,18,247,453
,17,MORELOS,15,CUAUTLA SUR ,6,CUAUTLA,172,2,42,70,7,20,,,,,114,11,61,11,24,34,13,0,407,42,449,821
,17,MORELOS,15,CUAUTLA SUR ,6,CUAUTLA,173,2,37,116,48,27,,,,,129,101,87,7,34,35,13,0,634,20,654,1382
,17,MORELOS,15,CUAUTLA SUR ,6,CUAUTLA,174,2,,,,,,,,,,,,,,,,,0,,,986
,17,MORELOS,15,CUAUTLA SUR ,6,CUAUTLA,175,3,81,127,69,17,,,,,114,69,81,14,39,21,27,0,659,53,712,1539
,17,MORELOS,15,CUAUTLA SUR ,6,CUAUTLA,176,2,22,73,30,14,,,,,58,13,60,5,31,22,17,0,345,20,365,781
,17,MORELOS,15,CUAUTLA SUR ,6,CUAUTLA,177,4,104,121,73,28,,,,,130,64,168,16,28,26,30,0,788,67,855,2706
,17,MORELOS,15,CUAUTLA SUR ,6,CUAUTLA,178,6,131,155,101,85,,,,,242,222,221,15,51,53,50,0,1326,116,1442,3871
,17,MORELOS,15,CUAUTLA SUR ,6,CUAUTLA,179,2,73,82,33,8,,,,,91,105,60,8,55,36,31,0,582,42,624,1413
,17,MORELOS,15,CUAUTLA SUR ,6,CUAUTLA,180,4,34,129,95,24,,,,,239,171,120,9,51,46,39,0,957,87,1044,2401
,17,MORELOS,15,CUAUTLA SUR ,6,CUAUTLA,185,4,128,94,23,81,,,,,130,64,173,22,18,35,346,0,1114,75,1189,2378
,17,MORELOS,15,CUAUTLA SUR ,6,CUAUTLA,186,3,55,142,37,35,,,,,103,39,170,7,33,37,97,2,755,52,809,1784
,17,MORELOS,15,CUAUTLA SUR ,6,CUAUTLA,187,1,4,73,13,5,,,,,25,11,73,1,16,4,10,0,235,22,257,452
,17,MORELOS,16,AYALA,4,AYALA,44,3,130,110,90,99,,,,,104,6,5,24,23,32,2,0,625,47,672,1832
,17,MORELOS,16,AYALA,4,AYALA,45,3,194,263,326,152,,,,,156,5,4,52,58,52,12,17,1274,29,1320,2079
,17,MORELOS,16,AYALA,4,AYALA,46,2,132,140,110,103,,,,,91,7,7,10,26,20,5,0,651,35,686,1104
,17,MORELOS,16,AYALA,4,AYALA,47,3,104,158,135,110,,,,,117,7,5,21,26,51,8,0,742,62,804,1520
,17,MORELOS,16,AYALA,4,AYALA,48,3,134,120,192,50,,,,,97,4,5,33,17,27,6,0,685,56,741,1586
,17,MORELOS,16,AYALA,4,AYALA,49,2,108,217,405,47,,,,,148,4,3,40,25,29,5,0,1031,23,1054,1481
,17,MORELOS,16,AYALA,4,AYALA,50,2,86,173,333,53,,,,,56,6,2,57,16,47,2,0,831,28,859,1322
,17,MORELOS,16,AYALA,4,AYALA,51,2,66,195,215,32,,,,,49,3,4,57,10,25,2,1,658,25,684,958
,17,MORELOS,16,AYALA,4,AYALA,52,3,163,197,340,49,,,,,56,4,4,38,25,16,3,0,895,55,950,1558
,17,MORELOS,16,AYALA,4,AYALA,53,1,29,36,79,21,,,,,21,6,1,10,5,2,3,1,213,16,230,380
,17,MORELOS,16,AYALA,4,AYALA,54,2,120,111,57,111,,,,,69,11,8,17,71,31,9,1,615,53,669,1373
,17,MORELOS,16,AYALA,4,AYALA,55,5,164,205,62,164,,,,,82,10,13,20,36,43,10,0,809,72,881,2667
,17,MORELOS,16,AYALA,4,AYALA,56,2,85,61,29,98,,,,,21,9,5,7,17,12,3,0,347,23,370,1319
,17,MORELOS,16,AYALA,4,AYALA,57,2,165,125,71,169,,,,,68,6,8,15,35,32,8,0,702,38,740,1350
,17,MORELOS,16,AYALA,4,AYALA,58,2,67,70,46,80,,,,,27,1,2,2,11,23,2,0,331,26,357,1319
,17,MORELOS,16,AYALA,4,AYALA,59,4,144,150,94,206,,,,,42,11,4,11,17,26,6,0,711,43,754,2596
,17,MORELOS,16,AYALA,4,AYALA,60,1,94,119,26,23,,,,,42,4,5,2,17,15,4,0,351,29,380,699
,17,MORELOS,16,AYALA,4,AYALA,61,3,100,122,26,141,,,,,152,15,17,10,38,40,9,1,670,38,709,1867
,17,MORELOS,16,AYALA,4,AYALA,62,3,157,229,164,144,,,,,133,54,22,14,46,19,13,0,995,70,1065,2223
,17,MORELOS,16,AYALA,4,AYALA,63,1,32,56,43,28,,,,,10,7,17,3,23,11,12,2,242,15,259,729
,17,MORELOS,16,AYALA,4,AYALA,64,1,39,52,28,33,,,,,28,11,8,22,30,13,7,0,271,17,288,674
,17,MORELOS,16,AYALA,4,AYALA,65,2,271,96,73,148,,,,,66,4,3,11,20,14,2,0,708,39,747,1381
,17,MORELOS,16,AYALA,4,AYALA,66,3,227,185,203,69,,,,,127,10,1,25,18,28,1,0,894,80,974,1908
,17,MORELOS,16,AYALA,4,AYALA,67,3,119,178,420,41,,,,,65,4,6,22,35,10,6,0,906,69,975,1789
,17,MORELOS,16,AYALA,4,AYALA,68,3,143,328,228,86,,,,,122,10,5,14,29,11,6,1,982,58,1041,1981
,17,MORELOS,16,AYALA,4,AYALA,69,2,122,247,138,57,,,,,100,2,2,6,12,11,2,0,699,34,733,1174
,17,MORELOS,16,AYALA,4,AYALA,70,3,400,82,184,59,,,,,79,4,4,22,30,18,5,0,887,70,957,1588
,17,MORELOS,16,AYALA,4,AYALA,71,2,361,65,129,57,,,,,75,6,2,12,16,13,0,1,736,29,766,1205
,17,MORELOS,16,AYALA,4,AYALA,72,3,702,86,143,78,,,,,57,5,1,10,10,15,3,0,1110,57,1167,1831
,17,MORELOS,16,AYALA,4,AYALA,73,4,656,94,181,145,,,,,84,7,2,7,19,13,5,34,1213,135,1382,2546
,17,MORELOS,16,AYALA,4,AYALA,74,3,355,226,179,57,,,,,77,9,15,15,103,68,11,0,1115,72,1187,1851
,17,MORELOS,16,AYALA,4,AYALA,75,3,161,85,103,116,,,,,35,11,1,9,19,11,6,0,557,35,592,1619
,17,MORELOS,16,AYALA,4,AYALA,76,2,192,99,84,171,,,,,56,14,8,10,41,20,15,0,710,59,769,1219
,17,MORELOS,16,AYALA,4,AYALA,77,3,192,186,168,201,,,,,78,17,12,50,40,94,19,0,1057,60,1117,1832
,17,MORELOS,16,AYALA,4,AYALA,78,1,30,48,47,17,,,,,11,1,1,4,3,3,2,0,167,4,171,231
,17,MORELOS,16,AYALA,4,AYALA,79,2,92,39,209,27,,,,,23,2,2,5,27,17,6,0,449,27,476,755
,17,MORELOS,16,AYALA,4,AYALA,80,3,99,183,352,69,,,,,79,19,7,28,50,21,9,0,916,57,973,1530
,17,MORELOS,16,AYALA,4,AYALA,81,1,10,25,158,5,,,,,4,1,0,1,3,2,0,0,209,17,226,339
,17,MORELOS,16,AYALA,4,AYALA,82,1,29,43,34,50,,,,,31,3,2,6,2,0,3,0,203,11,214,333
,17,MORELOS,16,AYALA,4,AYALA,83,2,87,149,83,105,,,,,91,6,2,9,31,10,9,0,582,28,610,980
,17,MORELOS,16,AYALA,4,AYALA,84,2,117,149,191,109,,,,,119,7,4,26,30,9,19,0,780,52,832,1245
,17,MORELOS,16,AYALA,4,AYALA,85,1,70,123,44,30,,,,,70,5,1,12,4,14,5,0,378,26,404,620
,17,MORELOS,17,YECAPIXTLA,16,OCUITUCO,569,3,271,193,11,79,,,,,456,226,8,70,57,95,26,0,1492,57,1549,1968
,17,MORELOS,17,YECAPIXTLA,16,OCUITUCO,570,2,165,83,3,25,,,,,181,58,3,45,27,39,12,0,641,39,680,859
,17,MORELOS,17,YECAPIXTLA,16,OCUITUCO,571,2,357,65,9,19,,,,,170,53,1,58,10,48,15,0,805,31,836,1021
,17,MORELOS,17,YECAPIXTLA,16,OCUITUCO,572,2,236,98,4,13,,,,,324,186,7,19,17,80,18,0,1002,49,1051,1227
,17,MORELOS,17,YECAPIXTLA,16,OCUITUCO,573,2,42,144,5,9,,,,,317,116,3,4,11,15,13,0,679,31,710,929
,17,MORELOS,17,YECAPIXTLA,16,OCUITUCO,574,2,60,112,3,25,,,,,157,164,1,34,28,19,33,0,636,25,661,786
,17,MORELOS,17,YECAPIXTLA,16,OCUITUCO,575,3,49,226,8,16,,,,,560,209,11,79,19,42,7,0,1226,43,1269,1645
,17,MORELOS,17,YECAPIXTLA,16,OCUITUCO,576,2,55,233,5,28,,,,,409,144,7,53,6,42,8,0,990,26,1016,1378
,17,MORELOS,17,YECAPIXTLA,16,OCUITUCO,577,1,27,52,3,7,,,,,274,67,3,25,11,26,18,0,513,20,533,685
,17,MORELOS,17,YECAPIXTLA,16,OCUITUCO,578,3,107,79,10,62,,,,,492,157,8,48,29,120,82,1,1194,49,1244,1793
,17,MORELOS,17,YECAPIXTLA,22,TETELA DEL VOLCAN,695,4,343,172,11,56,,,,,254,389,17,165,104,19,117,0,1647,68,1715,2253
,17,MORELOS,17,YECAPIXTLA,22,TETELA DEL VOLCAN,696,3,279,72,12,62,,,,,187,349,32,127,83,3,109,0,1315,69,1384,1900
,17,MORELOS,17,YECAPIXTLA,22,TETELA DEL VOLCAN,697,5,524,184,122,111,,,,,444,438,63,127,108,29,190,1,2340,125,2466,3276
,17,MORELOS,17,YECAPIXTLA,22,TETELA DEL VOLCAN,698,2,83,93,7,39,,,,,130,180,42,63,64,9,103,0,813,50,863,1136
,17,MORELOS,17,YECAPIXTLA,22,TETELA DEL VOLCAN,699,2,60,32,18,151,,,,,314,192,9,4,19,6,14,0,819,28,847,1192
,17,MORELOS,17,YECAPIXTLA,22,TETELA DEL VOLCAN,700,2,33,57,18,196,,,,,440,130,19,3,11,1,8,0,916,54,970,1280
,17,MORELOS,17,YECAPIXTLA,22,TETELA DEL VOLCAN,701,2,31,35,17,172,,,,,294,161,21,7,32,8,14,0,792,52,844,1140
,17,MORELOS,17,YECAPIXTLA,22,TETELA DEL VOLCAN,702,2,62,57,21,121,,,,,286,178,28,7,29,4,9,0,802,36,838,1209
,17,MORELOS,17,YECAPIXTLA,30,YECAPIXTLA,850,4,215,172,24,103,,,,,627,334,40,27,180,16,18,0,1756,65,1821,2579
,17,MORELOS,17,YECAPIXTLA,30,YECAPIXTLA,851,3,132,97,14,95,,,,,385,193,34,10,220,12,9,0,1201,39,1240,1666
,17,MORELOS,17,YECAPIXTLA,30,YECAPIXTLA,852,5,202,209,30,209,,,,,634,259,62,21,543,22,19,0,2210,79,2289,3344
,17,MORELOS,17,YECAPIXTLA,30,YECAPIXTLA,853,3,241,104,34,91,,,,,124,186,99,7,161,12,17,0,1076,50,1126,1847
,17,MORELOS,17,YECAPIXTLA,30,YECAPIXTLA,854,2,102,67,20,26,,,,,370,130,34,65,80,14,4,0,912,39,951,1405
,17,MORELOS,17,YECAPIXTLA,30,YECAPIXTLA,855,3,123,174,18,106,,,,,446,230,32,14,215,14,17,0,1389,39,1428,2051
,17,MORELOS,17,YECAPIXTLA,30,YECAPIXTLA,856,3,33,74,17,42,,,,,163,729,94,11,34,5,4,1,1206,47,1254,1672
,17,MORELOS,17,YECAPIXTLA,30,YECAPIXTLA,857,2,82,93,23,64,,,,,292,155,22,7,24,15,11,0,788,52,840,1353
,17,MORELOS,17,YECAPIXTLA,30,YECAPIXTLA,858,3,120,145,35,54,,,,,294,338,97,19,71,15,15,0,1203,58,1261,1931
,17,MORELOS,17,YECAPIXTLA,30,YECAPIXTLA,859,4,128,87,38,45,,,,,497,382,72,26,40,26,13,0,1354,45,1399,2512
,17,MORELOS,17,YECAPIXTLA,30,YECAPIXTLA,860,3,123,75,22,112,,,,,146,108,45,11,48,20,11,2,721,53,776,1566
,17,MORELOS,17,YECAPIXTLA,30,YECAPIXTLA,861,3,94,157,27,100,,,,,102,84,30,39,43,29,14,4,719,43,766,1567
,17,MORELOS,17,YECAPIXTLA,30,YECAPIXTLA,862,3,79,142,26,133,,,,,98,127,58,29,41,40,20,0,793,54,847,1772
,17,MORELOS,17,YECAPIXTLA,30,YECAPIXTLA,863,4,188,98,22,126,,,,,145,161,68,26,69,59,23,0,985,71,1056,2255
,17,MORELOS,17,YECAPIXTLA,30,YECAPIXTLA,864,4,185,109,30,95,,,,,169,159,77,24,55,31,26,1,960,56,1017,2339
,17,MORELOS,17,YECAPIXTLA,30,YECAPIXTLA,865,2,37,62,14,30,,,,,54,75,40,22,35,25,13,1,407,32,440,943
,17,MORELOS,17,YECAPIXTLA,30,YECAPIXTLA,866,2,18,83,19,83,,,,,64,55,26,21,36,16,16,0,437,18,455,782
,17,MORELOS,17,YECAPIXTLA,30,YECAPIXTLA,867,2,54,136,21,32,,,,,242,213,6,13,10,16,7,0,750,23,773,1086
,17,MORELOS,17,YECAPIXTLA,30,YECAPIXTLA,868,1,3,25,11,10,,,,,53,141,16,9,8,6,2,0,284,24,308,426
,17,MORELOS,17,YECAPIXTLA,32,ZACUALPAN,895,2,28,93,14,94,,,,,224,113,38,5,48,28,5,0,690,32,722,943
,17,MORELOS,17,YECAPIXTLA,32,ZACUALPAN,896,2,69,88,17,70,,,,,308,125,61,4,79,27,13,0,861,56,917,1136
,17,MORELOS,17,YECAPIXTLA,32,ZACUALPAN,897,2,48,67,15,92,,,,,153,82,45,4,52,25,14,0,597,54,651,817
,17,MORELOS,17,YECAPIXTLA,32,ZACUALPAN,898,2,70,91,12,95,,,,,248,96,75,6,58,42,6,1,799,49,849,1074
,17,MORELOS,17,YECAPIXTLA,32,ZACUALPAN,899,2,86,142,19,123,,,,,244,137,71,6,31,43,13,0,915,76,991,1268
,17,MORELOS,17,YECAPIXTLA,32,ZACUALPAN,900,3,63,207,17,188,,,,,273,207,53,12,75,81,11,1,1187,91,1279,1541
,17,MORELOS,18,JONACATEPEC,3,AXOCHIAPAN,24,3,76,71,82,25,3,2,0,0,285,44,54,59,43,57,206,0,1007,74,1081,1698
,17,MORELOS,18,JONACATEPEC,3,AXOCHIAPAN,25,2,61,31,42,19,0,0,0,0,160,24,61,63,40,15,157,0,673,33,706,1054
,17,MORELOS,18,JONACATEPEC,3,AXOCHIAPAN,26,4,102,107,127,56,3,0,0,0,285,107,157,136,85,35,327,0,1527,86,1613,2511
,17,MORELOS,18,JONACATEPEC,3,AXOCHIAPAN,27,2,60,34,54,20,0,0,0,0,199,23,134,97,27,12,118,1,778,32,811,1176
,17,MORELOS,18,JONACATEPEC,3,AXOCHIAPAN,28,2,69,43,32,34,1,2,0,0,182,16,76,52,27,24,121,1,679,38,718,1102
,17,MORELOS,18,JONACATEPEC,3,AXOCHIAPAN,29,3,152,91,91,50,3,1,2,0,158,46,141,116,50,20,282,0,1203,86,1289,2049
,17,MORELOS,18,JONACATEPEC,3,AXOCHIAPAN,30,2,59,42,36,25,0,0,1,0,124,46,84,108,35,21,281,0,862,49,911,1426
,17,MORELOS,18,JONACATEPEC,3,AXOCHIAPAN,31,3,172,63,94,37,0,1,1,0,253,68,128,93,59,36,217,0,1222,68,1290,1978
,17,MORELOS,18,JONACATEPEC,3,AXOCHIAPAN,32,2,36,48,62,14,0,2,0,0,92,34,86,65,33,20,155,0,647,47,694,1100
,17,MORELOS,18,JONACATEPEC,3,AXOCHIAPAN,33,3,19,73,46,57,0,2,0,0,137,90,372,83,36,15,70,0,1000,68,1068,1548
,17,MORELOS,18,JONACATEPEC,3,AXOCHIAPAN,34,1,2,11,10,2,0,0,0,0,29,11,47,13,2,0,14,0,141,7,148,215
,17,MORELOS,18,JONACATEPEC,3,AXOCHIAPAN,35,2,20,66,121,8,1,1,0,0,39,48,123,29,41,20,154,0,671,49,720,1140
,17,MORELOS,18,JONACATEPEC,3,AXOCHIAPAN,36,2,11,29,85,10,2,0,1,0,62,28,99,19,44,27,92,0,509,45,554,977
,17,MORELOS,18,JONACATEPEC,3,AXOCHIAPAN,37,2,21,46,113,9,0,0,0,0,45,28,111,42,57,8,95,0,575,32,607,998
,17,MORELOS,18,JONACATEPEC,3,AXOCHIAPAN,38,3,54,134,107,34,1,1,1,0,162,50,140,89,50,23,96,1,942,43,986,1663
,17,MORELOS,18,JONACATEPEC,3,AXOCHIAPAN,39,2,23,84,77,19,0,0,2,0,105,33,93,45,32,10,71,0,594,30,624,1048
,17,MORELOS,18,JONACATEPEC,3,AXOCHIAPAN,40,2,59,64,36,16,1,1,0,0,159,11,54,95,10,5,34,0,545,28,573,917
,17,MORELOS,18,JONACATEPEC,3,AXOCHIAPAN,41,2,79,28,26,15,0,3,0,0,160,17,59,77,26,5,45,0,540,26,566,863
,17,MORELOS,18,JONACATEPEC,3,AXOCHIAPAN,42,1,8,56,7,4,0,0,0,0,52,11,13,39,11,1,25,0,227,10,237,329
,17,MORELOS,18,JONACATEPEC,3,AXOCHIAPAN,43,1,50,32,17,15,0,1,0,0,78,33,97,12,19,1,61,0,416,21,437,730
,17,MORELOS,18,JONACATEPEC,3,JANTETELCO ,423,2,25,100,29,18,0,0,0,1,184,4,72,31,115,184,118,0,881,51,932,1311
,17,MORELOS,18,JONACATEPEC,3,JANTETELCO ,424,2,20,108,12,17,0,0,0,2,135,13,52,37,58,139,142,0,735,50,785,1096
,17,MORELOS,18,JONACATEPEC,3,JANTETELCO ,425,2,22,113,12,17,0,0,0,1,120,9,44,21,65,201,186,0,811,53,864,1139
,17,MORELOS,18,JONACATEPEC,3,JANTETELCO ,426,3,34,44,121,42,2,0,1,0,196,11,439,56,82,50,250,2,1328,57,1387,1987
,17,MORELOS,18,JONACATEPEC,3,JANTETELCO ,427,2,18,21,76,22,0,0,0,0,156,11,402,49,36,27,130,0,948,62,1010,1349
,17,MORELOS,18,JONACATEPEC,3,JANTETELCO ,428,2,25,36,57,23,0,0,0,0,121,13,385,41,42,31,116,1,890,60,951,1409
,17,MORELOS,18,JONACATEPEC,3,JANTETELCO ,429,3,16,45,26,10,0,0,0,0,258,16,173,254,68,105,346,3,1317,75,1395,1858
,17,MORELOS,18,JONACATEPEC,3,JANTETELCO ,430,3,14,28,57,17,0,0,0,0,319,39,141,76,215,68,209,0,1183,59,1242,1625
,17,MORELOS,18,JONACATEPEC,13,JONACATEPEC,537,2,58,17,19,44,0,0,0,0,140,17,135,33,10,37,76,0,586,32,618,902
,17,MORELOS,18,JONACATEPEC,13,JONACATEPEC,538,3,40,39,32,73,0,0,1,0,235,31,279,73,29,62,144,0,1038,71,1109,1540
,17,MORELOS,18,JONACATEPEC,13,JONACATEPEC,539,2,17,53,16,47,0,0,0,0,142,18,159,52,17,35,77,0,633,29,662,881
,17,MORELOS,18,JONACATEPEC,13,JONACATEPEC,540,2,36,28,26,33,0,0,0,0,182,29,197,48,25,78,164,0,846,50,896,1180
,17,MORELOS,18,JONACATEPEC,13,JONACATEPEC,541,2,26,24,19,52,1,0,0,2,189,24,219,73,30,38,92,1,789,44,834,1100
,17,MORELOS,18,JONACATEPEC,13,JONACATEPEC,542,2,17,29,23,46,15,0,0,0,208,25,172,40,31,48,108,0,762,54,816,1108
,17,MORELOS,18,JONACATEPEC,13,JONACATEPEC,543,1,0,6,11,14,0,0,0,0,34,50,119,23,5,4,40,0,306,14,320,407
,17,MORELOS,18,JONACATEPEC,13,JONACATEPEC,544,3,18,29,60,98,1,1,4,0,146,19,473,31,33,103,133,1,1149,90,1240,1753
,17,MORELOS,18,JONACATEPEC,13,JONACATEPEC,545,2,14,10,27,29,0,0,0,0,65,3,195,64,14,17,66,0,504,36,540,754
,17,MORELOS,18,JONACATEPEC,13,JONACATEPEC,546,1,19,7,22,15,0,0,0,0,65,6,178,40,8,28,82,0,470,28,498,683
,17,MORELOS,18,JONACATEPEC,13,JONACATEPEC,547,2,28,12,26,28,0,0,0,0,79,2,342,82,16,30,85,0,730,42,772,994
,17,MORELOS,18,JONACATEPEC,19,TEPALCINGO,654,3,35,62,74,18,1,0,0,0,359,26,300,237,114,16,162,1,1404,56,1461,2002
,17,MORELOS,18,JONACATEPEC,19,TEPALCINGO,655,2,29,39,38,7,0,0,0,0,302,32,180,122,66,18,113,3,946,47,996,1384
,17,MORELOS,18,JONACATEPEC,19,TEPALCINGO,656,2,21,34,40,2,0,0,0,0,273,12,212,155,28,10,117,0,904,38,942,1333
,17,MORELOS,18,JONACATEPEC,19,TEPALCINGO,657,3,50,26,52,11,0,0,0,0,310,49,336,163,110,19,121,0,1247,44,1291,1869
,17,MORELOS,18,JONACATEPEC,19,TEPALCINGO,658,2,16,23,60,4,0,0,0,1,309,41,135,124,51,16,71,0,851,30,881,1202
,17,MORELOS,18,JONACATEPEC,19,TEPALCINGO,659,1,12,15,63,4,1,0,0,0,87,7,6,15,1,2,49,1,262,13,276,396
,17,MORELOS,18,JONACATEPEC,19,TEPALCINGO,660,2,27,14,97,12,1,0,0,0,233,70,274,83,12,14,108,0,945,24,969,1394
,17,MORELOS,18,JONACATEPEC,19,TEPALCINGO,661,3,21,21,75,10,0,1,0,0,179,45,209,47,14,23,98,1,743,22,766,1152
,17,MORELOS,18,JONACATEPEC,19,TEPALCINGO,662,2,19,27,204,8,0,0,3,0,173,14,182,51,8,10,168,0,867,37,904,1325
,17,MORELOS,18,JONACATEPEC,19,TEPALCINGO,663,3,17,22,237,41,1,0,1,0,365,23,232,48,14,14,121,2,1136,49,1187,1735
,17,MORELOS,18,JONACATEPEC,19,TEPALCINGO,664,2,2,6,44,8,2,0,1,0,29,6,110,6,2,0,43,0,259,20,279,349
,17,MORELOS,18,JONACATEPEC,19,TEPALCINGO,665,2,18,27,104,6,0,0,1,0,191,7,212,52,15,5,132,0,770,36,806,1085
,17,MORELOS,18,JONACATEPEC,19,TEPALCINGO,666,1,0,5,9,1,0,0,0,0,22,3,24,1,0,0,4,0,69,4,73,102
,17,MORELOS,18,JONACATEPEC,19,TEPALCINGO,667,2,7,29,201,17,1,0,2,0,178,26,85,30,34,12,242,0,864,50,914,1483
,17,MORELOS,18,JONACATEPEC,19,TEPALCINGO,668,2,4,32,144,15,0,0,1,0,180,15,67,20,15,6,187,1,686,35,722,1151
,17,MORELOS,18,JONACATEPEC,19,TEPALCINGO,669,2,48,48,33,8,0,0,0,0,265,56,150,119,41,9,153,1,930,46,977,1372
,17,MORELOS,18,JONACATEPEC,33,TEMOAC,901,3,60,168,38,87,0,0,0,0,237,117,147,36,37,79,217,12,1223,101,1336,1719
,17,MORELOS,18,JONACATEPEC,33,TEMOAC,902,4,96,167,65,202,0,0,1,0,319,199,334,28,38,139,246,29,1834,99,1962,2471
,17,MORELOS,18,JONACATEPEC,33,TEMOAC,903,1,33,42,18,26,0,0,0,0,100,57,85,9,9,23,152,0,554,44,598,708
,17,MORELOS,18,JONACATEPEC,33,TEMOAC,904,2,81,44,12,75,0,0,2,0,101,94,128,6,20,114,122,0,799,39,838,1123
,17,MORELOS,18,JONACATEPEC,33,TEMOAC,905,3,64,167,20,78,0,0,1,0,136,107,231,27,38,119,238,0,1226,69,1295,1656
,17,MORELOS,18,JONACATEPEC,33,TEMOAC,906,4,92,238,21,156,0,0,0,0,263,104,78,35,67,160,395,14,1609,297,1920,2550