﻿ID_ESTADO,NOMBRE_ESTADO,ID_MUNICIPIO,MUNICIPIO,SECCIONES,CASILLAS,C_COMUN_PAN_PRI_PRD_PRS_PHBCS,PT,PVEM,MC,MORENA,BCSC,PANALBCS,PES,RSP,FXM,CAND_IND3,CAND_IND2,CAND_IND4,COA_MORENA_PT,NUM_VOTOS_VALIDOS,NUM_VOTOS_CAN_NREG,NUM_VOTOS_NULOS,TOTAL_VOTOS,LISTA_NOMINAL,RUTA_ACTA
3,BAJA CALIFORNIA SUR,4,LOS CABOS,134,395,28904,8496,4459,2333,33223,1474,2950,1619,3245,5769,0,0,0,3337,95809,65,2729,98603,234803,
3,BAJA CALIFORNIA SUR,3,LA PAZ,222,410,42508,4681,6083,3815,38568,2057,2429,2804,957,1819,0,399,492,2277,108889,72,3191,112152,215389,
3,BAJA CALIFORNIA SUR,1,COMONDU,71,115,7717,3032,1538,1496,9926,316,490,375,167,5133,0,0,0,940,31130,0,1043,32173,56125,
3,BAJA CALIFORNIA SUR,2,MULEGE,44,89,7888,859,143,55,6866,615,4252,179,317,101,636,0,0,260,22171,3,697,22871,42624,
3,BAJA CALIFORNIA SUR,5,LORETO,10,26,3994,320,124,623,1823,26,199,596,46,40,130,0,0,81,8002,8,242,8252,12707,
