﻿CIRCUNSCRIPCION,ID_ESTADO,NOMBRE_ESTADO,ID_DISTRITO_LOCAL,CABECERA_DISTRITAL_LOCAL,ID_MUNICIPIO,MUNICIPIO,SECCION,CASILLAS,C_COMUN_PAN_PRI_PRD_PRS_PHBCS,PT,PVEM,MC,MORENA,BCSC,PANALBCS,PES,RSP,FXM,CAND_IND3,CAND_IND2,CAND_IND4,COA_MORENA_PT,NUM_VOTOS_VALIDOS,NUM_VOTOS_CAN_NREG,NUM_VOTOS_NULOS,TOTAL_VOTOS,LISTA_NOMINAL
,3,BAJA CALIFORNIA SUR,1,SAN JOSE DEL CABO,4,LOS CABOS,290,3,580,29,23,18,99,8,12,4,20,20,0,0,0,8,821,0,8,829,1614
,3,BAJA CALIFORNIA SUR,1,SAN JOSE DEL CABO,4,LOS CABOS,294,3,717,34,44,32,196,14,22,18,18,28,0,0,0,18,1141,0,20,1161,1934
,3,BAJA CALIFORNIA SUR,1,SAN JOSE DEL CABO,4,LOS CABOS,295,4,475,76,45,27,323,19,48,12,17,42,0,0,0,50,1134,0,15,1149,2786
,3,BAJA CALIFORNIA SUR,1,SAN JOSE DEL CABO,4,LOS CABOS,296,3,276,73,48,33,313,16,61,29,30,29,0,0,0,43,951,1,28,980,1946
,3,BAJA CALIFORNIA SUR,1,SAN JOSE DEL CABO,4,LOS CABOS,298,25,2373,359,324,199,1951,120,315,207,204,225,0,0,0,138,6415,2,147,6564,17835
,3,BAJA CALIFORNIA SUR,1,SAN JOSE DEL CABO,4,LOS CABOS,316,6,1556,35,56,93,250,10,22,22,59,63,0,0,0,11,2177,2,19,2198,4370
,3,BAJA CALIFORNIA SUR,1,SAN JOSE DEL CABO,4,LOS CABOS,334,2,25,27,6,2,64,5,5,2,11,3,0,0,0,20,170,0,10,180,281
,3,BAJA CALIFORNIA SUR,1,SAN JOSE DEL CABO,4,LOS CABOS,353,10,683,159,102,29,1050,29,48,20,194,189,0,0,0,87,2590,1,90,2681,6531
,3,BAJA CALIFORNIA SUR,1,SAN JOSE DEL CABO,4,LOS CABOS,354,3,159,32,18,4,222,6,29,14,65,83,0,0,0,20,652,0,20,672,1581
,3,BAJA CALIFORNIA SUR,1,SAN JOSE DEL CABO,4,LOS CABOS,356,3,156,49,24,14,263,8,8,2,26,38,0,0,0,13,601,0,20,621,1573
,3,BAJA CALIFORNIA SUR,1,SAN JOSE DEL CABO,4,LOS CABOS,394,3,138,27,19,11,220,4,17,12,48,56,0,0,0,13,565,0,15,580,1584
,3,BAJA CALIFORNIA SUR,2,LA PAZ,3,LA PAZ,122,2,140,13,37,12,123,8,12,12,7,3,0,0,0,5,372,1,18,391,754
,3,BAJA CALIFORNIA SUR,2,LA PAZ,3,LA PAZ,123,2,192,13,42,13,180,8,20,16,4,9,0,0,0,7,504,0,12,516,875
,3,BAJA CALIFORNIA SUR,2,LA PAZ,3,LA PAZ,124,2,256,24,28,24,164,5,23,4,7,9,0,0,0,9,553,2,13,568,952
,3,BAJA CALIFORNIA SUR,2,LA PAZ,3,LA PAZ,125,1,174,8,13,17,89,4,16,1,1,4,0,0,0,2,329,0,3,332,549
,3,BAJA CALIFORNIA SUR,2,LA PAZ,3,LA PAZ,126,1,132,22,48,8,121,2,25,8,3,6,0,0,0,7,382,0,7,389,709
,3,BAJA CALIFORNIA SUR,2,LA PAZ,3,LA PAZ,127,1,114,18,51,2,143,9,12,6,5,6,0,0,0,7,373,0,13,386,741
,3,BAJA CALIFORNIA SUR,2,LA PAZ,3,LA PAZ,128,1,45,11,166,1,92,8,5,7,1,4,0,0,0,6,346,0,14,360,641
,3,BAJA CALIFORNIA SUR,2,LA PAZ,3,LA PAZ,129,2,101,15,166,9,138,2,10,10,1,4,0,0,0,6,462,1,27,490,986
,3,BAJA CALIFORNIA SUR,2,LA PAZ,3,LA PAZ,135,2,115,33,84,18,174,4,20,4,5,6,0,0,0,9,472,0,18,490,1018
,3,BAJA CALIFORNIA SUR,2,LA PAZ,3,LA PAZ,136,2,123,14,57,16,149,2,16,5,3,4,0,0,0,7,396,0,19,415,802
,3,BAJA CALIFORNIA SUR,2,LA PAZ,3,LA PAZ,137,2,197,23,23,30,149,7,28,6,1,6,0,0,0,17,487,2,14,503,790
,3,BAJA CALIFORNIA SUR,2,LA PAZ,3,LA PAZ,138,1,104,8,55,18,112,7,9,8,1,5,0,0,0,9,336,1,19,356,625
,3,BAJA CALIFORNIA SUR,2,LA PAZ,3,LA PAZ,139,1,76,21,21,13,134,1,7,2,0,4,0,0,0,9,288,1,6,295,542
,3,BAJA CALIFORNIA SUR,2,LA PAZ,3,LA PAZ,140,1,52,10,22,6,79,2,20,4,2,0,0,0,0,6,203,0,10,213,474
,3,BAJA CALIFORNIA SUR,2,LA PAZ,3,LA PAZ,141,2,74,18,54,11,149,8,12,15,1,1,0,0,0,7,350,1,19,370,785
,3,BAJA CALIFORNIA SUR,2,LA PAZ,3,LA PAZ,142,2,127,14,77,16,206,12,20,10,5,11,0,0,0,9,507,0,11,518,1060
,3,BAJA CALIFORNIA SUR,2,LA PAZ,3,LA PAZ,143,3,180,28,151,12,251,14,47,16,8,12,0,0,0,16,735,1,23,759,1961
,3,BAJA CALIFORNIA SUR,2,LA PAZ,3,LA PAZ,144,2,184,24,115,16,201,3,4,43,7,5,0,0,0,7,609,0,27,636,1464
,3,BAJA CALIFORNIA SUR,2,LA PAZ,3,LA PAZ,145,2,136,19,35,10,116,6,9,11,5,11,0,0,0,6,364,2,17,383,778
,3,BAJA CALIFORNIA SUR,2,LA PAZ,3,LA PAZ,146,1,94,14,31,5,106,2,8,6,5,7,0,0,0,19,297,0,4,301,579
,3,BAJA CALIFORNIA SUR,2,LA PAZ,3,LA PAZ,147,1,106,41,19,10,141,5,13,6,5,7,0,0,0,8,361,0,16,377,689
,3,BAJA CALIFORNIA SUR,2,LA PAZ,3,LA PAZ,148,1,105,11,17,4,88,10,9,5,1,5,0,0,0,8,263,0,13,276,517
,3,BAJA CALIFORNIA SUR,2,LA PAZ,3,LA PAZ,149,1,73,12,20,9,136,5,3,5,1,10,0,0,0,6,280,0,10,290,584
,3,BAJA CALIFORNIA SUR,2,LA PAZ,3,LA PAZ,150,1,52,19,18,6,104,2,8,4,1,20,0,0,0,19,253,0,12,265,507
,3,BAJA CALIFORNIA SUR,2,LA PAZ,3,LA PAZ,151,1,98,18,23,5,103,4,7,9,1,4,0,0,0,7,279,0,7,286,651
,3,BAJA CALIFORNIA SUR,2,LA PAZ,3,LA PAZ,159,1,146,8,14,8,87,6,6,2,2,3,0,0,0,2,284,0,6,290,526
,3,BAJA CALIFORNIA SUR,2,LA PAZ,3,LA PAZ,160,1,123,10,13,10,94,5,10,5,1,4,0,0,0,4,279,0,9,288,506
,3,BAJA CALIFORNIA SUR,2,LA PAZ,3,LA PAZ,161,1,193,11,19,18,111,5,12,3,3,1,0,0,0,2,378,0,7,385,677
,3,BAJA CALIFORNIA SUR,2,LA PAZ,3,LA PAZ,162,2,226,12,39,22,170,13,26,7,3,3,0,0,0,11,532,1,15,548,866
,3,BAJA CALIFORNIA SUR,2,LA PAZ,3,LA PAZ,163,1,193,11,23,19,117,8,12,5,4,5,0,0,0,6,403,0,9,412,681
,3,BAJA CALIFORNIA SUR,2,LA PAZ,3,LA PAZ,164,2,236,9,29,28,139,3,19,9,4,11,0,0,0,7,494,0,10,504,825
,3,BAJA CALIFORNIA SUR,2,LA PAZ,3,LA PAZ,165,2,241,21,44,26,139,6,22,7,6,7,0,0,0,2,521,0,23,544,877
,3,BAJA CALIFORNIA SUR,2,LA PAZ,3,LA PAZ,166,1,291,7,12,38,95,8,9,5,4,2,0,0,0,2,473,1,11,485,682
,3,BAJA CALIFORNIA SUR,2,LA PAZ,3,LA PAZ,167,2,255,24,49,20,187,5,12,6,11,6,0,0,0,14,589,0,26,615,1002
,3,BAJA CALIFORNIA SUR,2,LA PAZ,3,LA PAZ,168,2,213,24,37,15,207,5,22,5,6,8,0,0,0,7,549,0,10,559,985
,3,BAJA CALIFORNIA SUR,2,LA PAZ,3,LA PAZ,169,2,138,17,24,19,111,6,7,7,5,0,0,0,0,11,345,0,8,353,822
,3,BAJA CALIFORNIA SUR,2,LA PAZ,3,LA PAZ,170,1,100,23,25,11,121,3,4,11,4,4,0,0,0,9,315,0,12,327,498
,3,BAJA CALIFORNIA SUR,2,LA PAZ,3,LA PAZ,171,1,115,10,17,10,128,0,17,12,6,10,0,0,0,3,328,0,15,343,613
,3,BAJA CALIFORNIA SUR,2,LA PAZ,3,LA PAZ,172,1,156,15,20,12,117,3,4,4,8,4,0,0,0,9,352,1,7,360,646
,3,BAJA CALIFORNIA SUR,2,LA PAZ,3,LA PAZ,173,2,189,27,30,24,200,2,15,12,9,7,0,0,0,14,529,0,18,547,992
,3,BAJA CALIFORNIA SUR,2,LA PAZ,3,LA PAZ,174,2,167,20,23,32,207,6,14,11,6,11,0,0,0,9,506,0,16,522,954
,3,BAJA CALIFORNIA SUR,2,LA PAZ,3,LA PAZ,176,1,144,9,18,8,94,4,6,13,4,7,0,0,0,6,313,0,9,322,543
,3,BAJA CALIFORNIA SUR,2,LA PAZ,3,LA PAZ,177,1,118,23,20,10,116,7,11,2,5,4,0,0,0,0,316,0,8,324,573
,3,BAJA CALIFORNIA SUR,2,LA PAZ,3,LA PAZ,178,1,95,13,24,12,107,3,14,3,1,5,0,0,0,4,281,0,4,285,483
,3,BAJA CALIFORNIA SUR,2,LA PAZ,3,LA PAZ,188,1,219,13,23,18,151,7,12,8,5,2,0,0,0,5,463,1,10,474,738
,3,BAJA CALIFORNIA SUR,3,LA PAZ,3,LA PAZ,175,2,232,48,22,18,280,8,11,7,6,10,0,12,0,19,673,0,25,698,1273
,3,BAJA CALIFORNIA SUR,3,LA PAZ,3,LA PAZ,179,2,165,21,49,11,174,11,11,7,4,4,0,7,0,13,477,1,9,487,928
,3,BAJA CALIFORNIA SUR,3,LA PAZ,3,LA PAZ,180,2,121,19,46,14,176,5,4,10,5,0,0,4,0,10,414,0,22,436,893
,3,BAJA CALIFORNIA SUR,3,LA PAZ,3,LA PAZ,181,2,204,29,38,17,252,10,8,9,7,5,0,14,0,14,607,1,16,624,1242
,3,BAJA CALIFORNIA SUR,3,LA PAZ,3,LA PAZ,182,2,184,12,29,18,169,9,5,11,6,7,0,6,0,10,466,0,20,486,896
,3,BAJA CALIFORNIA SUR,3,LA PAZ,3,LA PAZ,183,1,132,16,32,12,153,8,8,10,6,12,0,3,0,9,401,0,13,414,719
,3,BAJA CALIFORNIA SUR,3,LA PAZ,3,LA PAZ,202,2,589,23,36,30,221,16,11,13,6,12,0,39,0,11,1007,0,18,1025,1493
,3,BAJA CALIFORNIA SUR,3,LA PAZ,3,LA PAZ,203,2,135,16,47,18,145,15,5,13,1,4,0,8,0,10,417,0,16,433,820
,3,BAJA CALIFORNIA SUR,3,LA PAZ,3,LA PAZ,204,2,163,23,31,13,161,9,9,4,3,5,0,9,0,16,446,0,18,464,864
,3,BAJA CALIFORNIA SUR,3,LA PAZ,3,LA PAZ,205,1,86,14,26,11,124,5,3,2,2,5,0,3,0,6,287,0,18,305,678
,3,BAJA CALIFORNIA SUR,3,LA PAZ,3,LA PAZ,206,5,440,75,93,35,501,31,32,11,5,22,0,16,0,26,1287,1,51,1339,2970
,3,BAJA CALIFORNIA SUR,3,LA PAZ,3,LA PAZ,232,2,194,28,49,21,172,10,10,10,6,4,0,13,0,14,531,0,8,539,872
,3,BAJA CALIFORNIA SUR,3,LA PAZ,3,LA PAZ,233,1,156,13,29,7,140,7,7,5,6,1,0,5,0,8,384,0,7,391,598
,3,BAJA CALIFORNIA SUR,3,LA PAZ,3,LA PAZ,234,2,216,30,45,13,166,11,5,9,4,7,0,13,0,13,532,1,10,543,806
,3,BAJA CALIFORNIA SUR,3,LA PAZ,3,LA PAZ,235,2,168,26,74,17,170,8,6,7,4,11,0,7,0,7,505,0,10,515,957
,3,BAJA CALIFORNIA SUR,3,LA PAZ,3,LA PAZ,236,1,84,10,52,12,74,24,4,6,1,1,0,2,0,5,275,0,7,282,421
,3,BAJA CALIFORNIA SUR,3,LA PAZ,3,LA PAZ,237,2,244,19,71,27,185,7,5,11,4,2,0,9,0,5,589,0,17,606,981
,3,BAJA CALIFORNIA SUR,3,LA PAZ,3,LA PAZ,238,2,206,16,44,8,142,5,8,3,2,2,0,15,0,13,464,0,14,478,789
,3,BAJA CALIFORNIA SUR,3,LA PAZ,3,LA PAZ,239,2,213,25,77,18,220,12,5,12,3,15,0,8,0,9,617,1,11,629,1060
,3,BAJA CALIFORNIA SUR,3,LA PAZ,3,LA PAZ,240,1,70,9,70,4,79,5,4,2,2,2,0,5,0,4,256,0,10,266,491
,3,BAJA CALIFORNIA SUR,3,LA PAZ,3,LA PAZ,241,1,90,10,33,14,106,10,3,2,3,1,0,8,0,2,282,0,16,298,585
,3,BAJA CALIFORNIA SUR,3,LA PAZ,3,LA PAZ,242,2,116,10,17,9,106,3,4,6,1,2,0,10,0,9,293,0,6,299,631
,3,BAJA CALIFORNIA SUR,3,LA PAZ,3,LA PAZ,243,1,163,9,11,9,110,9,3,7,4,9,0,13,0,9,356,0,11,367,613
,3,BAJA CALIFORNIA SUR,3,LA PAZ,3,LA PAZ,244,1,157,21,15,15,135,9,19,4,1,5,0,17,0,6,404,0,6,410,682
,3,BAJA CALIFORNIA SUR,3,LA PAZ,3,LA PAZ,245,1,174,11,14,7,104,8,8,8,1,6,0,4,0,4,349,1,8,358,565
,3,BAJA CALIFORNIA SUR,3,LA PAZ,3,LA PAZ,246,2,134,24,35,10,160,13,1,3,1,2,0,3,0,30,416,0,11,427,862
,3,BAJA CALIFORNIA SUR,3,LA PAZ,3,LA PAZ,247,2,129,30,29,16,144,6,5,6,5,6,0,7,0,12,395,0,16,411,861
,3,BAJA CALIFORNIA SUR,3,LA PAZ,3,LA PAZ,248,2,208,25,37,15,161,13,15,5,7,7,0,41,0,9,543,0,18,561,673
,3,BAJA CALIFORNIA SUR,3,LA PAZ,3,LA PAZ,249,2,215,12,27,20,190,12,6,4,2,5,0,17,0,21,531,1,14,546,811
,3,BAJA CALIFORNIA SUR,3,LA PAZ,3,LA PAZ,250,2,143,32,53,9,241,6,7,6,0,9,0,12,0,12,530,0,15,545,1040
,3,BAJA CALIFORNIA SUR,3,LA PAZ,3,LA PAZ,251,1,68,24,12,5,100,11,3,3,2,5,0,4,0,14,251,0,10,261,519
,3,BAJA CALIFORNIA SUR,3,LA PAZ,3,LA PAZ,441,1,106,8,11,12,130,12,3,6,2,4,0,6,0,10,310,0,9,319,558
,3,BAJA CALIFORNIA SUR,3,LA PAZ,3,LA PAZ,443,2,184,28,48,32,195,7,6,7,3,8,0,12,0,15,545,0,9,554,950
,3,BAJA CALIFORNIA SUR,3,LA PAZ,3,LA PAZ,444,1,106,10,20,9,105,6,6,3,2,7,0,9,0,5,288,1,10,299,602
,3,BAJA CALIFORNIA SUR,3,LA PAZ,3,LA PAZ,447,1,76,12,16,10,97,2,2,3,5,2,0,2,0,7,234,0,12,246,538
,3,BAJA CALIFORNIA SUR,3,LA PAZ,3,LA PAZ,448,1,81,10,14,1,71,8,5,3,2,1,0,5,0,2,203,0,12,215,440
,3,BAJA CALIFORNIA SUR,3,LA PAZ,3,LA PAZ,449,1,99,8,15,12,100,7,4,1,0,2,0,5,0,15,268,0,6,274,640
,3,BAJA CALIFORNIA SUR,3,LA PAZ,3,LA PAZ,450,1,91,12,22,7,108,5,6,9,3,1,0,5,0,9,278,0,14,292,637
,3,BAJA CALIFORNIA SUR,3,LA PAZ,3,LA PAZ,478,2,172,27,53,23,164,11,7,10,2,4,0,21,0,11,505,0,16,521,968
,3,BAJA CALIFORNIA SUR,4,LA PAZ,3,LA PAZ,456,1,40,7,3,7,68,3,2,3,1,2,0,0,0,4,140,0,5,145,318
,3,BAJA CALIFORNIA SUR,4,LA PAZ,3,LA PAZ,457,1,87,5,6,6,81,7,3,8,4,8,0,0,0,5,220,0,4,224,516
,3,BAJA CALIFORNIA SUR,4,LA PAZ,3,LA PAZ,460,2,155,23,15,22,169,6,18,15,8,10,0,0,0,11,452,1,8,461,766
,3,BAJA CALIFORNIA SUR,4,LA PAZ,3,LA PAZ,461,2,193,16,14,17,159,9,7,20,6,13,0,0,0,7,461,0,4,465,807
,3,BAJA CALIFORNIA SUR,4,LA PAZ,3,LA PAZ,463,1,125,17,9,23,136,7,6,5,3,4,0,0,0,6,341,0,11,352,659
,3,BAJA CALIFORNIA SUR,4,LA PAZ,3,LA PAZ,464,2,101,27,17,30,170,11,14,5,5,12,0,0,0,8,400,0,12,412,883
,3,BAJA CALIFORNIA SUR,4,LA PAZ,3,LA PAZ,466,2,128,16,14,14,153,7,13,12,8,11,0,0,0,6,382,1,7,390,874
,3,BAJA CALIFORNIA SUR,4,LA PAZ,3,LA PAZ,467,2,134,36,10,18,154,8,15,9,7,4,0,0,0,14,409,0,9,418,974
,3,BAJA CALIFORNIA SUR,4,LA PAZ,3,LA PAZ,468,2,132,11,18,20,143,12,15,7,3,3,0,0,0,5,369,0,6,375,899
,3,BAJA CALIFORNIA SUR,4,LA PAZ,3,LA PAZ,469,2,141,12,7,13,127,6,8,9,3,6,0,0,0,3,335,0,6,341,858
,3,BAJA CALIFORNIA SUR,4,LA PAZ,3,LA PAZ,470,3,303,20,31,17,312,35,12,22,9,16,0,0,0,21,798,0,18,816,2245
,3,BAJA CALIFORNIA SUR,4,LA PAZ,3,LA PAZ,471,1,89,19,12,13,151,5,6,12,0,7,0,0,0,4,318,0,8,326,741
,3,BAJA CALIFORNIA SUR,4,LA PAZ,3,LA PAZ,472,2,164,45,30,19,224,18,30,15,1,14,0,0,0,10,570,0,19,589,1498
,3,BAJA CALIFORNIA SUR,4,LA PAZ,3,LA PAZ,473,1,88,13,10,10,120,9,16,11,3,9,0,0,0,2,291,0,7,298,632
,3,BAJA CALIFORNIA SUR,4,LA PAZ,3,LA PAZ,474,1,86,11,5,14,94,6,6,5,4,6,0,0,0,1,238,0,5,243,674
,3,BAJA CALIFORNIA SUR,4,LA PAZ,3,LA PAZ,475,4,310,40,27,31,404,41,11,23,7,15,0,0,0,21,930,0,17,947,2825
,3,BAJA CALIFORNIA SUR,4,LA PAZ,3,LA PAZ,476,1,67,13,21,9,98,13,7,11,2,9,0,0,0,9,259,0,8,267,690
,3,BAJA CALIFORNIA SUR,4,LA PAZ,3,LA PAZ,477,2,94,16,14,17,141,10,6,7,1,7,0,0,0,9,322,0,9,331,826
,3,BAJA CALIFORNIA SUR,4,LA PAZ,3,LA PAZ,479,5,568,56,40,49,494,55,19,28,14,24,0,0,0,13,1360,4,16,1380,3364
,3,BAJA CALIFORNIA SUR,4,LA PAZ,3,LA PAZ,480,2,146,27,20,15,178,5,3,3,10,4,0,0,0,15,426,1,18,445,968
,3,BAJA CALIFORNIA SUR,4,LA PAZ,3,LA PAZ,481,2,139,15,16,12,152,6,6,13,6,10,0,0,0,14,389,0,10,399,938
,3,BAJA CALIFORNIA SUR,4,LA PAZ,3,LA PAZ,482,3,321,27,21,20,289,25,16,14,7,13,0,0,0,15,768,1,17,786,1526
,3,BAJA CALIFORNIA SUR,4,LA PAZ,3,LA PAZ,483,2,134,20,21,11,166,10,3,11,1,4,0,0,0,9,390,0,13,403,854
,3,BAJA CALIFORNIA SUR,4,LA PAZ,3,LA PAZ,484,4,331,33,22,36,356,41,13,27,6,11,0,0,0,18,894,1,29,924,2353
,3,BAJA CALIFORNIA SUR,4,LA PAZ,3,LA PAZ,485,2,248,19,14,29,234,25,15,25,7,16,0,0,0,14,646,1,17,664,1246
,3,BAJA CALIFORNIA SUR,4,LA PAZ,3,LA PAZ,486,2,191,20,19,29,178,9,8,10,8,11,0,0,0,9,492,0,20,512,967
,3,BAJA CALIFORNIA SUR,4,LA PAZ,3,LA PAZ,487,3,328,28,23,40,370,27,21,24,5,28,0,0,0,22,916,1,20,937,2006
,3,BAJA CALIFORNIA SUR,4,LA PAZ,3,LA PAZ,488,3,345,31,21,26,400,25,21,23,3,18,0,0,0,19,932,0,17,949,1893
,3,BAJA CALIFORNIA SUR,4,LA PAZ,3,LA PAZ,489,2,251,34,23,20,285,17,16,8,9,11,0,0,0,11,685,1,10,696,1154
,3,BAJA CALIFORNIA SUR,4,LA PAZ,3,LA PAZ,490,2,177,19,13,22,212,17,7,10,2,15,0,0,0,9,503,0,13,516,1103
,3,BAJA CALIFORNIA SUR,4,LA PAZ,3,LA PAZ,491,2,214,11,15,20,203,14,12,12,6,10,0,0,0,8,525,0,17,542,1227
,3,BAJA CALIFORNIA SUR,4,LA PAZ,3,LA PAZ,492,3,282,37,24,36,305,24,9,21,9,14,0,0,0,14,775,1,16,792,1855
,3,BAJA CALIFORNIA SUR,4,LA PAZ,3,LA PAZ,493,2,186,31,12,11,224,11,14,19,8,11,0,0,0,7,534,1,15,550,1237
,3,BAJA CALIFORNIA SUR,4,LA PAZ,3,LA PAZ,494,3,227,29,24,26,240,12,13,16,7,7,0,0,0,9,610,1,10,621,1648
,3,BAJA CALIFORNIA SUR,4,LA PAZ,3,LA PAZ,495,3,245,26,21,25,274,23,9,11,11,18,0,0,0,11,674,1,16,691,1784
,3,BAJA CALIFORNIA SUR,5,LA PAZ,3,LA PAZ,184,1,69,7,4,42,42,2,2,3,0,3,0,0,0,4,178,0,6,184,306
,3,BAJA CALIFORNIA SUR,5,LA PAZ,3,LA PAZ,185,1,157,13,12,23,154,4,7,7,1,3,0,0,0,6,387,3,5,395,667
,3,BAJA CALIFORNIA SUR,5,LA PAZ,3,LA PAZ,187,2,289,16,12,18,138,3,8,6,0,10,0,0,0,9,509,0,17,526,821
,3,BAJA CALIFORNIA SUR,5,LA PAZ,3,LA PAZ,207,1,140,0,9,28,124,5,3,10,1,5,0,0,0,0,325,0,5,330,651
,3,BAJA CALIFORNIA SUR,5,LA PAZ,3,LA PAZ,208,2,146,19,13,28,182,7,5,10,8,16,0,0,0,2,436,0,13,449,800
,3,BAJA CALIFORNIA SUR,5,LA PAZ,3,LA PAZ,209,3,661,25,28,48,266,14,12,27,7,26,0,0,0,9,1123,1,27,1151,1822
,3,BAJA CALIFORNIA SUR,5,LA PAZ,3,LA PAZ,210,6,1023,81,60,197,731,43,67,77,26,73,0,0,0,41,2419,0,47,2466,4111
,3,BAJA CALIFORNIA SUR,5,LA PAZ,3,LA PAZ,218,5,899,41,53,63,399,23,22,36,15,52,0,0,0,15,1618,0,35,1653,2767
,3,BAJA CALIFORNIA SUR,5,LA PAZ,3,LA PAZ,256,4,532,43,36,48,409,22,29,10,9,41,0,0,0,17,1196,1,44,1241,2394
,3,BAJA CALIFORNIA SUR,5,LA PAZ,3,LA PAZ,257,2,162,30,18,18,213,9,14,14,3,23,0,0,0,13,517,3,22,542,1145
,3,BAJA CALIFORNIA SUR,5,LA PAZ,3,LA PAZ,258,1,73,8,14,0,68,0,3,3,0,1,0,0,0,5,175,0,5,180,381
,3,BAJA CALIFORNIA SUR,5,LA PAZ,3,LA PAZ,259,1,47,5,3,3,36,0,5,2,0,1,0,0,0,1,103,1,0,104,184
,3,BAJA CALIFORNIA SUR,5,LA PAZ,3,LA PAZ,260,1,34,8,10,0,43,2,0,2,0,1,0,0,0,0,100,0,4,104,218
,3,BAJA CALIFORNIA SUR,5,LA PAZ,3,LA PAZ,261,1,189,19,17,1,115,4,4,6,6,1,0,0,0,9,371,0,20,391,720
,3,BAJA CALIFORNIA SUR,5,LA PAZ,3,LA PAZ,262,1,63,11,6,3,36,2,3,2,0,0,0,0,0,7,133,0,8,141,216
,3,BAJA CALIFORNIA SUR,5,LA PAZ,3,LA PAZ,263,1,16,10,1,1,46,2,4,4,0,2,0,0,0,5,91,0,5,96,189
,3,BAJA CALIFORNIA SUR,5,LA PAZ,3,LA PAZ,264,1,37,6,1,0,10,1,1,5,1,0,0,0,0,0,62,0,7,69,188
,3,BAJA CALIFORNIA SUR,5,LA PAZ,3,LA PAZ,265,3,138,14,7,2,81,2,1,4,0,4,0,0,0,8,261,0,8,269,475
,3,BAJA CALIFORNIA SUR,5,LA PAZ,3,LA PAZ,266,2,74,12,14,3,139,4,7,3,5,6,0,0,0,4,271,0,17,288,517
,3,BAJA CALIFORNIA SUR,5,LA PAZ,3,LA PAZ,288,2,201,31,11,26,166,6,11,2,5,17,0,0,0,8,484,0,11,495,999
,3,BAJA CALIFORNIA SUR,5,LA PAZ,3,LA PAZ,289,3,334,39,30,33,381,14,19,14,9,30,0,0,0,26,929,0,30,959,2070
,3,BAJA CALIFORNIA SUR,5,LA PAZ,3,LA PAZ,348,1,94,15,11,7,94,2,6,6,1,7,0,0,0,4,247,0,10,257,503
,3,BAJA CALIFORNIA SUR,5,LA PAZ,3,LA PAZ,349,1,134,9,11,20,89,5,1,9,4,8,0,0,0,4,294,0,15,309,596
,3,BAJA CALIFORNIA SUR,5,LA PAZ,3,LA PAZ,350,1,87,15,10,12,89,7,4,9,3,7,0,0,0,8,251,0,8,259,433
,3,BAJA CALIFORNIA SUR,5,LA PAZ,3,LA PAZ,440,2,357,17,34,38,213,17,22,26,4,23,0,0,0,8,759,0,13,772,1300
,3,BAJA CALIFORNIA SUR,5,LA PAZ,3,LA PAZ,442,2,309,15,21,29,209,12,24,13,6,10,0,0,0,14,662,1,11,674,1068
,3,BAJA CALIFORNIA SUR,5,LA PAZ,3,LA PAZ,445,2,219,15,17,18,135,11,14,17,1,11,0,0,0,8,466,1,12,479,780
,3,BAJA CALIFORNIA SUR,5,LA PAZ,3,LA PAZ,446,4,486,46,45,50,402,13,49,29,13,29,0,0,0,20,1182,1,22,1205,2366
,3,BAJA CALIFORNIA SUR,5,LA PAZ,3,LA PAZ,451,2,127,19,14,13,157,6,9,13,3,16,0,0,0,8,385,0,12,397,892
,3,BAJA CALIFORNIA SUR,5,LA PAZ,3,LA PAZ,452,2,164,15,20,23,163,7,10,13,7,20,0,0,0,5,447,1,20,468,941
,3,BAJA CALIFORNIA SUR,5,LA PAZ,3,LA PAZ,453,1,115,12,14,6,123,2,3,6,3,6,0,0,0,3,293,0,12,305,647
,3,BAJA CALIFORNIA SUR,5,LA PAZ,3,LA PAZ,454,1,125,19,9,9,129,11,1,11,3,5,0,0,0,7,329,1,4,334,592
,3,BAJA CALIFORNIA SUR,5,LA PAZ,3,LA PAZ,455,1,119,11,12,14,114,4,9,12,3,6,0,0,0,6,310,0,15,325,663
,3,BAJA CALIFORNIA SUR,5,LA PAZ,3,LA PAZ,458,2,195,11,16,17,184,4,16,11,2,7,0,0,0,12,475,0,10,485,978
,3,BAJA CALIFORNIA SUR,5,LA PAZ,3,LA PAZ,459,2,113,29,7,14,158,9,16,10,6,17,0,0,0,7,386,1,5,392,844
,3,BAJA CALIFORNIA SUR,5,LA PAZ,3,LA PAZ,462,1,166,9,10,18,143,9,12,7,5,13,0,0,0,6,398,0,7,405,744
,3,BAJA CALIFORNIA SUR,5,LA PAZ,3,LA PAZ,465,2,282,21,17,27,229,10,12,19,10,19,0,0,0,29,675,0,16,691,1361
,3,BAJA CALIFORNIA SUR,6,LA PAZ,3,LA PAZ,121,2,262,16,21,33,196,5,4,16,11,10,0,0,0,9,583,0,18,601,1139
,3,BAJA CALIFORNIA SUR,6,LA PAZ,3,LA PAZ,130,1,38,9,26,5,52,3,3,5,2,1,0,0,0,0,144,0,16,160,404
,3,BAJA CALIFORNIA SUR,6,LA PAZ,3,LA PAZ,131,1,41,14,10,10,76,4,4,3,1,3,0,0,0,5,171,0,8,179,487
,3,BAJA CALIFORNIA SUR,6,LA PAZ,3,LA PAZ,132,1,37,9,14,8,62,3,5,10,3,2,0,0,0,2,155,0,6,161,364
,3,BAJA CALIFORNIA SUR,6,LA PAZ,3,LA PAZ,133,1,44,9,28,10,69,3,2,1,3,1,0,0,0,3,173,0,8,181,369
,3,BAJA CALIFORNIA SUR,6,LA PAZ,3,LA PAZ,134,1,54,11,13,7,67,4,3,2,1,3,0,0,0,4,169,0,8,177,300
,3,BAJA CALIFORNIA SUR,6,LA PAZ,3,LA PAZ,152,2,147,35,25,5,146,1,10,11,5,8,0,0,0,9,402,0,11,413,924
,3,BAJA CALIFORNIA SUR,6,LA PAZ,3,LA PAZ,153,3,238,32,35,22,298,10,12,41,5,15,0,0,0,23,731,0,43,774,1683
,3,BAJA CALIFORNIA SUR,6,LA PAZ,3,LA PAZ,154,2,161,37,41,25,247,8,11,15,6,16,0,0,0,14,581,0,23,604,1150
,3,BAJA CALIFORNIA SUR,6,LA PAZ,3,LA PAZ,155,2,187,20,27,14,198,9,10,14,8,19,0,0,0,16,522,0,12,534,1006
,3,BAJA CALIFORNIA SUR,6,LA PAZ,3,LA PAZ,156,7,523,96,159,48,609,26,32,46,9,30,0,0,0,40,1618,2,68,1688,4087
,3,BAJA CALIFORNIA SUR,6,LA PAZ,3,LA PAZ,157,2,131,31,46,11,166,3,15,19,1,10,0,0,0,8,441,0,18,459,925
,3,BAJA CALIFORNIA SUR,6,LA PAZ,3,LA PAZ,158,2,133,25,18,21,141,7,10,11,6,10,0,0,0,15,397,1,21,419,871
,3,BAJA CALIFORNIA SUR,6,LA PAZ,3,LA PAZ,254,1,50,6,18,4,43,5,0,12,4,4,0,0,0,1,147,0,13,160,341
,3,BAJA CALIFORNIA SUR,6,LA PAZ,3,LA PAZ,255,3,211,43,49,24,290,17,14,29,12,7,0,0,0,10,706,1,41,748,2024
,3,BAJA CALIFORNIA SUR,6,LA PAZ,3,LA PAZ,267,3,135,28,58,10,219,5,8,22,7,2,0,0,0,18,512,0,31,543,1074
,3,BAJA CALIFORNIA SUR,6,LA PAZ,3,LA PAZ,268,2,102,8,10,4,61,5,1,3,2,3,0,0,0,5,204,0,11,215,404
,3,BAJA CALIFORNIA SUR,6,LA PAZ,3,LA PAZ,269,2,148,30,36,11,257,6,6,14,7,14,0,0,0,3,532,0,29,561,1228
,3,BAJA CALIFORNIA SUR,6,LA PAZ,3,LA PAZ,270,4,387,59,37,16,696,25,10,22,9,6,0,0,0,32,1299,0,39,1338,2411
,3,BAJA CALIFORNIA SUR,6,LA PAZ,3,LA PAZ,271,2,116,15,16,7,160,0,1,8,4,1,0,0,0,5,333,0,23,356,616
,3,BAJA CALIFORNIA SUR,6,LA PAZ,3,LA PAZ,272,1,87,25,9,8,73,3,5,16,0,1,0,0,0,18,245,0,11,256,335
,3,BAJA CALIFORNIA SUR,6,LA PAZ,3,LA PAZ,273,1,50,10,6,5,51,0,2,5,0,0,0,0,0,0,129,0,6,135,225
,3,BAJA CALIFORNIA SUR,6,LA PAZ,3,LA PAZ,274,3,120,41,18,5,229,7,6,16,4,5,0,0,0,11,462,0,21,483,1350
,3,BAJA CALIFORNIA SUR,6,LA PAZ,3,LA PAZ,276,1,114,18,4,2,133,3,7,6,1,0,0,0,0,8,296,0,8,304,478
,3,BAJA CALIFORNIA SUR,6,LA PAZ,3,LA PAZ,277,1,44,18,16,2,122,3,0,9,2,4,0,0,0,9,229,0,15,244,454
,3,BAJA CALIFORNIA SUR,6,LA PAZ,3,LA PAZ,278,2,122,80,10,6,324,6,7,13,1,10,0,0,0,18,597,0,17,614,1444
,3,BAJA CALIFORNIA SUR,6,LA PAZ,3,LA PAZ,280,5,297,25,51,10,317,4,10,5,10,4,0,0,0,18,751,0,28,779,1788
,3,BAJA CALIFORNIA SUR,6,LA PAZ,3,LA PAZ,281,3,240,21,127,7,228,2,11,8,3,1,0,0,0,14,662,0,27,689,1579
,3,BAJA CALIFORNIA SUR,6,LA PAZ,3,LA PAZ,282,2,249,19,75,4,257,3,9,5,6,4,0,0,0,10,641,0,21,662,1436
,3,BAJA CALIFORNIA SUR,6,LA PAZ,3,LA PAZ,283,4,295,40,60,7,293,4,9,16,10,8,0,0,0,10,752,0,33,785,2704
,3,BAJA CALIFORNIA SUR,6,LA PAZ,3,LA PAZ,284,1,29,8,5,1,16,1,0,1,0,0,0,0,0,8,69,0,0,69,122
,3,BAJA CALIFORNIA SUR,6,LA PAZ,3,LA PAZ,287,2,19,4,11,0,47,3,3,1,4,1,0,0,0,3,96,1,1,98,204
,3,BAJA CALIFORNIA SUR,7,SAN JOSE DEL CABO,4,LOS CABOS,299,2,127,52,97,9,124,5,23,11,1,38,0,0,0,21,508,0,20,528,1116
,3,BAJA CALIFORNIA SUR,7,SAN JOSE DEL CABO,4,LOS CABOS,300,7,461,254,223,36,516,30,75,38,14,112,0,0,0,96,1855,0,40,1895,4523
,3,BAJA CALIFORNIA SUR,7,SAN JOSE DEL CABO,4,LOS CABOS,302,1,58,43,35,14,74,1,10,16,1,20,0,0,0,15,287,1,11,299,611
,3,BAJA CALIFORNIA SUR,7,SAN JOSE DEL CABO,4,LOS CABOS,412,8,439,169,80,32,512,18,59,75,14,167,0,0,0,74,1639,0,50,1689,5754
,3,BAJA CALIFORNIA SUR,7,SAN JOSE DEL CABO,4,LOS CABOS,413,2,90,40,24,14,149,6,20,12,8,38,0,0,0,13,414,0,18,432,1206
,3,BAJA CALIFORNIA SUR,7,SAN JOSE DEL CABO,4,LOS CABOS,414,2,113,49,33,12,157,5,28,11,4,36,0,0,0,13,461,1,11,473,1327
,3,BAJA CALIFORNIA SUR,7,SAN JOSE DEL CABO,4,LOS CABOS,415,2,98,37,25,10,119,5,10,10,0,31,0,0,0,16,361,0,9,370,933
,3,BAJA CALIFORNIA SUR,7,SAN JOSE DEL CABO,4,LOS CABOS,416,2,123,38,18,8,147,10,13,5,1,26,0,0,0,18,407,0,11,418,1063
,3,BAJA CALIFORNIA SUR,7,SAN JOSE DEL CABO,4,LOS CABOS,417,2,83,39,28,18,111,16,10,11,5,20,0,0,0,12,353,0,10,363,996
,3,BAJA CALIFORNIA SUR,7,SAN JOSE DEL CABO,4,LOS CABOS,418,2,100,54,31,12,112,3,24,10,2,33,0,0,0,16,397,0,13,410,871
,3,BAJA CALIFORNIA SUR,7,SAN JOSE DEL CABO,4,LOS CABOS,419,2,127,56,27,7,131,2,16,12,0,29,0,0,0,25,432,0,12,444,980
,3,BAJA CALIFORNIA SUR,7,SAN JOSE DEL CABO,4,LOS CABOS,420,2,113,46,25,8,150,6,17,5,2,38,0,0,0,6,416,0,12,428,1035
,3,BAJA CALIFORNIA SUR,7,SAN JOSE DEL CABO,4,LOS CABOS,421,2,58,46,13,9,114,7,8,9,4,24,0,0,0,7,299,0,12,311,792
,3,BAJA CALIFORNIA SUR,7,SAN JOSE DEL CABO,4,LOS CABOS,422,2,94,42,20,5,122,1,15,10,5,32,0,0,0,8,354,0,13,367,990
,3,BAJA CALIFORNIA SUR,7,SAN JOSE DEL CABO,4,LOS CABOS,423,2,66,42,19,11,111,6,12,11,3,40,0,0,0,13,334,0,17,351,1029
,3,BAJA CALIFORNIA SUR,7,SAN JOSE DEL CABO,4,LOS CABOS,424,2,78,52,15,7,84,6,10,17,5,25,0,0,0,13,312,0,17,329,829
,3,BAJA CALIFORNIA SUR,7,SAN JOSE DEL CABO,4,LOS CABOS,425,2,102,52,28,11,106,2,12,7,3,26,0,0,0,22,371,1,11,383,957
,3,BAJA CALIFORNIA SUR,7,SAN JOSE DEL CABO,4,LOS CABOS,426,2,103,23,29,12,109,3,18,21,0,38,0,0,0,3,359,0,12,371,799
,3,BAJA CALIFORNIA SUR,7,SAN JOSE DEL CABO,4,LOS CABOS,427,2,106,56,26,4,108,4,14,21,1,43,0,0,0,13,396,0,3,399,883
,3,BAJA CALIFORNIA SUR,7,SAN JOSE DEL CABO,4,LOS CABOS,428,2,81,43,18,7,117,4,23,7,0,36,0,0,0,13,349,0,6,355,878
,3,BAJA CALIFORNIA SUR,7,SAN JOSE DEL CABO,4,LOS CABOS,429,2,92,64,49,10,107,1,18,12,2,26,0,0,0,24,405,0,11,416,1024
,3,BAJA CALIFORNIA SUR,7,SAN JOSE DEL CABO,4,LOS CABOS,430,2,99,65,14,11,110,6,17,12,5,45,0,0,0,27,411,1,11,423,887
,3,BAJA CALIFORNIA SUR,7,SAN JOSE DEL CABO,4,LOS CABOS,431,2,87,57,40,7,137,7,20,10,4,49,0,0,0,30,448,0,7,455,979
,3,BAJA CALIFORNIA SUR,7,SAN JOSE DEL CABO,4,LOS CABOS,432,2,115,45,33,4,139,7,22,7,2,31,0,0,0,16,421,0,14,435,1126
,3,BAJA CALIFORNIA SUR,7,SAN JOSE DEL CABO,4,LOS CABOS,433,2,65,35,20,5,111,6,12,3,4,33,0,0,0,17,311,0,6,317,939
,3,BAJA CALIFORNIA SUR,7,SAN JOSE DEL CABO,4,LOS CABOS,434,2,102,51,27,4,140,1,14,17,3,25,0,0,0,20,404,0,11,415,1017
,3,BAJA CALIFORNIA SUR,7,SAN JOSE DEL CABO,4,LOS CABOS,435,2,116,50,23,7,127,6,15,19,4,33,0,0,0,14,414,0,9,423,988
,3,BAJA CALIFORNIA SUR,7,SAN JOSE DEL CABO,4,LOS CABOS,436,2,117,21,25,8,145,2,11,9,4,17,0,0,0,7,366,0,8,374,833
,3,BAJA CALIFORNIA SUR,7,SAN JOSE DEL CABO,4,LOS CABOS,437,1,49,22,19,6,89,1,11,11,1,15,0,0,0,4,228,0,9,237,603
,3,BAJA CALIFORNIA SUR,7,SAN JOSE DEL CABO,4,LOS CABOS,438,1,81,30,26,6,82,2,11,13,4,16,0,0,0,7,278,1,5,284,718
,3,BAJA CALIFORNIA SUR,7,SAN JOSE DEL CABO,4,LOS CABOS,439,1,61,31,6,5,80,2,2,6,3,10,0,0,0,9,215,0,7,222,596
,3,BAJA CALIFORNIA SUR,8,CABO SAN LUCAS,4,LOS CABOS,332,12,1343,160,112,106,1369,72,82,57,116,214,0,0,0,60,3691,3,76,3770,8939
,3,BAJA CALIFORNIA SUR,8,CABO SAN LUCAS,4,LOS CABOS,335,1,44,9,11,4,119,4,2,7,14,18,0,0,0,13,245,1,5,251,502
,3,BAJA CALIFORNIA SUR,8,CABO SAN LUCAS,4,LOS CABOS,336,1,55,7,4,10,110,1,9,1,10,4,0,0,0,2,213,0,6,219,434
,3,BAJA CALIFORNIA SUR,8,CABO SAN LUCAS,4,LOS CABOS,351,1,85,17,9,5,158,3,2,1,23,15,0,0,0,1,319,0,5,324,615
,3,BAJA CALIFORNIA SUR,8,CABO SAN LUCAS,4,LOS CABOS,352,2,274,29,10,16,198,12,8,6,22,43,0,0,0,7,625,1,23,649,1272
,3,BAJA CALIFORNIA SUR,8,CABO SAN LUCAS,4,LOS CABOS,357,1,36,12,7,1,92,3,7,0,8,9,0,0,0,3,178,0,3,181,504
,3,BAJA CALIFORNIA SUR,8,CABO SAN LUCAS,4,LOS CABOS,358,3,183,53,29,14,352,13,12,10,35,63,0,0,0,5,769,3,17,789,2138
,3,BAJA CALIFORNIA SUR,8,CABO SAN LUCAS,4,LOS CABOS,359,4,243,46,57,21,418,12,24,13,36,80,0,0,0,19,969,0,27,996,2540
,3,BAJA CALIFORNIA SUR,8,CABO SAN LUCAS,4,LOS CABOS,360,2,110,36,48,5,220,3,18,5,22,27,0,0,0,9,503,1,16,520,1360
,3,BAJA CALIFORNIA SUR,8,CABO SAN LUCAS,4,LOS CABOS,361,6,573,74,34,60,680,27,38,21,41,111,0,0,0,29,1688,3,65,1756,4054
,3,BAJA CALIFORNIA SUR,8,CABO SAN LUCAS,4,LOS CABOS,362,6,318,83,110,22,645,24,42,15,44,102,0,0,0,33,1438,2,43,1483,3952
,3,BAJA CALIFORNIA SUR,8,CABO SAN LUCAS,4,LOS CABOS,363,3,136,58,37,11,290,5,17,7,42,43,0,0,0,17,663,1,23,687,1934
,3,BAJA CALIFORNIA SUR,8,CABO SAN LUCAS,4,LOS CABOS,364,1,40,9,11,2,58,2,6,0,5,8,0,0,0,2,143,0,2,145,362
,3,BAJA CALIFORNIA SUR,8,CABO SAN LUCAS,4,LOS CABOS,403,2,106,23,8,8,124,6,8,6,10,19,0,0,0,4,322,2,5,329,752
,3,BAJA CALIFORNIA SUR,8,CABO SAN LUCAS,4,LOS CABOS,404,2,87,35,14,23,230,6,12,7,7,27,0,0,0,14,462,0,28,490,1406
,3,BAJA CALIFORNIA SUR,8,CABO SAN LUCAS,4,LOS CABOS,405,3,203,63,25,13,364,19,15,22,16,29,0,0,0,18,787,0,15,802,1916
,3,BAJA CALIFORNIA SUR,8,CABO SAN LUCAS,4,LOS CABOS,406,2,113,51,21,9,250,10,12,4,12,34,0,0,0,24,540,0,12,552,1354
,3,BAJA CALIFORNIA SUR,8,CABO SAN LUCAS,4,LOS CABOS,407,3,150,56,25,10,280,7,5,5,18,48,0,0,0,19,623,0,23,646,1622
,3,BAJA CALIFORNIA SUR,8,CABO SAN LUCAS,4,LOS CABOS,408,2,124,23,11,14,171,19,11,6,9,24,0,0,0,9,421,0,13,434,1066
,3,BAJA CALIFORNIA SUR,8,CABO SAN LUCAS,4,LOS CABOS,409,2,72,13,8,13,161,6,6,6,12,8,0,0,0,12,317,0,17,334,845
,3,BAJA CALIFORNIA SUR,8,CABO SAN LUCAS,4,LOS CABOS,410,2,92,26,16,15,196,6,7,3,10,25,0,0,0,22,418,0,27,445,1215
,3,BAJA CALIFORNIA SUR,8,CABO SAN LUCAS,4,LOS CABOS,411,4,459,40,30,43,372,17,20,26,40,61,0,0,0,16,1124,0,15,1139,2297
,3,BAJA CALIFORNIA SUR,9,CABO SAN LUCAS,4,LOS CABOS,355,2,125,64,5,7,175,5,11,5,46,61,0,0,0,21,525,0,20,545,1301
,3,BAJA CALIFORNIA SUR,9,CABO SAN LUCAS,4,LOS CABOS,365,2,88,62,13,9,196,5,8,9,19,25,0,0,0,16,450,0,8,458,1278
,3,BAJA CALIFORNIA SUR,9,CABO SAN LUCAS,4,LOS CABOS,366,2,105,51,14,11,269,6,8,5,31,52,0,0,0,22,574,0,13,587,1411
,3,BAJA CALIFORNIA SUR,9,CABO SAN LUCAS,4,LOS CABOS,367,2,111,45,6,7,211,5,4,3,22,42,0,0,0,18,474,0,9,483,1102
,3,BAJA CALIFORNIA SUR,9,CABO SAN LUCAS,4,LOS CABOS,368,2,82,29,5,2,131,3,3,4,87,39,0,0,0,17,402,0,21,423,988
,3,BAJA CALIFORNIA SUR,9,CABO SAN LUCAS,4,LOS CABOS,369,2,81,66,15,9,161,1,11,9,92,46,0,0,0,21,512,0,24,536,1340
,3,BAJA CALIFORNIA SUR,9,CABO SAN LUCAS,4,LOS CABOS,370,2,80,37,9,4,189,12,6,8,44,26,0,0,0,20,435,1,16,452,1050
,3,BAJA CALIFORNIA SUR,9,CABO SAN LUCAS,4,LOS CABOS,371,2,49,33,4,2,149,3,5,6,31,30,0,0,0,9,321,0,7,328,753
,3,BAJA CALIFORNIA SUR,9,CABO SAN LUCAS,4,LOS CABOS,372,2,108,61,12,5,247,7,21,3,26,50,0,0,0,17,557,0,17,574,1460
,3,BAJA CALIFORNIA SUR,9,CABO SAN LUCAS,4,LOS CABOS,373,3,92,55,16,7,266,10,12,9,41,38,0,0,0,27,573,0,16,589,1507
,3,BAJA CALIFORNIA SUR,9,CABO SAN LUCAS,4,LOS CABOS,374,4,166,87,13,7,301,3,16,4,39,62,0,0,0,34,732,0,41,773,1556
,3,BAJA CALIFORNIA SUR,9,CABO SAN LUCAS,4,LOS CABOS,375,5,184,124,30,22,349,10,29,3,78,60,0,0,0,48,937,1,60,998,3025
,3,BAJA CALIFORNIA SUR,9,CABO SAN LUCAS,4,LOS CABOS,376,2,77,68,20,10,137,2,9,3,32,35,0,0,0,13,406,0,9,415,1077
,3,BAJA CALIFORNIA SUR,9,CABO SAN LUCAS,4,LOS CABOS,377,4,161,68,36,10,365,13,38,6,115,73,0,0,0,33,918,0,33,951,2535
,3,BAJA CALIFORNIA SUR,9,CABO SAN LUCAS,4,LOS CABOS,378,2,78,34,16,3,147,6,7,7,34,24,0,0,0,12,368,0,25,393,982
,3,BAJA CALIFORNIA SUR,9,CABO SAN LUCAS,4,LOS CABOS,379,1,69,17,10,1,77,2,4,0,10,12,0,0,0,6,208,0,7,215,514
,3,BAJA CALIFORNIA SUR,9,CABO SAN LUCAS,4,LOS CABOS,380,5,213,94,24,17,453,18,53,9,57,95,0,0,0,18,1051,0,25,1076,3170
,3,BAJA CALIFORNIA SUR,9,CABO SAN LUCAS,4,LOS CABOS,381,2,64,37,5,6,185,7,5,1,45,22,0,0,0,9,386,0,21,407,920
,3,BAJA CALIFORNIA SUR,9,CABO SAN LUCAS,4,LOS CABOS,382,2,61,44,11,6,185,3,5,3,78,22,0,0,0,19,437,1,12,450,1170
,3,BAJA CALIFORNIA SUR,9,CABO SAN LUCAS,4,LOS CABOS,383,2,119,43,9,13,222,8,13,6,45,37,0,0,0,17,532,1,23,556,1424
,3,BAJA CALIFORNIA SUR,9,CABO SAN LUCAS,4,LOS CABOS,384,2,75,37,15,12,186,3,23,4,43,25,0,0,0,24,447,0,13,460,1132
,3,BAJA CALIFORNIA SUR,9,CABO SAN LUCAS,4,LOS CABOS,385,2,65,34,13,8,153,2,20,1,20,18,0,0,0,19,353,0,18,371,859
,3,BAJA CALIFORNIA SUR,9,CABO SAN LUCAS,4,LOS CABOS,386,2,86,61,16,11,201,4,15,4,27,47,0,0,0,23,495,0,27,522,1277
,3,BAJA CALIFORNIA SUR,9,CABO SAN LUCAS,4,LOS CABOS,387,2,57,24,14,6,179,8,6,4,29,19,0,0,0,24,370,0,15,385,1020
,3,BAJA CALIFORNIA SUR,9,CABO SAN LUCAS,4,LOS CABOS,388,2,80,44,12,6,171,2,21,2,15,38,0,0,0,8,399,0,17,416,1107
,3,BAJA CALIFORNIA SUR,9,CABO SAN LUCAS,4,LOS CABOS,389,2,74,30,14,9,158,10,8,3,10,20,0,0,0,7,343,1,15,359,952
,3,BAJA CALIFORNIA SUR,9,CABO SAN LUCAS,4,LOS CABOS,390,2,65,41,6,10,191,3,8,9,28,19,0,0,0,9,389,1,13,403,1037
,3,BAJA CALIFORNIA SUR,9,CABO SAN LUCAS,4,LOS CABOS,391,1,49,20,5,5,89,8,3,4,18,13,0,0,0,11,225,0,4,229,554
,3,BAJA CALIFORNIA SUR,9,CABO SAN LUCAS,4,LOS CABOS,392,1,36,13,3,3,91,5,2,10,24,6,0,0,0,9,202,0,12,214,528
,3,BAJA CALIFORNIA SUR,9,CABO SAN LUCAS,4,LOS CABOS,393,2,61,50,15,2,110,1,8,1,11,13,0,0,0,22,294,0,6,300,776
,3,BAJA CALIFORNIA SUR,10,CIUDAD CONSTITUCION,1,COMONDU,11,1,60,22,9,5,83,0,2,1,1,46,0,0,0,10,239,0,9,248,422
,3,BAJA CALIFORNIA SUR,10,CIUDAD CONSTITUCION,1,COMONDU,12,1,49,31,8,7,55,3,4,1,0,24,0,0,0,8,190,0,7,197,342
,3,BAJA CALIFORNIA SUR,10,CIUDAD CONSTITUCION,1,COMONDU,13,2,135,86,18,13,198,6,25,1,1,112,0,0,0,16,611,0,8,619,1106
,3,BAJA CALIFORNIA SUR,10,CIUDAD CONSTITUCION,1,COMONDU,14,2,204,68,41,16,174,13,13,3,2,81,0,0,0,26,641,0,18,659,1228
,3,BAJA CALIFORNIA SUR,10,CIUDAD CONSTITUCION,1,COMONDU,15,1,109,49,23,9,107,4,14,1,2,43,0,0,0,11,372,0,7,379,604
,3,BAJA CALIFORNIA SUR,10,CIUDAD CONSTITUCION,1,COMONDU,16,2,140,92,33,19,166,5,15,2,1,144,0,0,0,15,632,0,13,645,995
,3,BAJA CALIFORNIA SUR,10,CIUDAD CONSTITUCION,1,COMONDU,17,1,67,54,15,11,79,2,9,2,0,69,0,0,0,3,311,0,3,314,449
,3,BAJA CALIFORNIA SUR,10,CIUDAD CONSTITUCION,1,COMONDU,20,2,89,106,34,8,204,7,5,4,4,128,0,0,0,22,611,0,27,638,1268
,3,BAJA CALIFORNIA SUR,10,CIUDAD CONSTITUCION,1,COMONDU,21,2,114,87,25,18,163,4,9,2,2,145,0,0,0,15,584,0,17,601,1091
,3,BAJA CALIFORNIA SUR,10,CIUDAD CONSTITUCION,1,COMONDU,22,3,262,148,36,30,293,18,14,7,6,204,0,0,0,22,1040,0,35,1075,2095
,3,BAJA CALIFORNIA SUR,10,CIUDAD CONSTITUCION,1,COMONDU,23,2,117,56,18,18,162,2,14,0,3,114,0,0,0,11,515,0,19,534,866
,3,BAJA CALIFORNIA SUR,10,CIUDAD CONSTITUCION,1,COMONDU,24,1,75,26,15,15,118,4,16,4,3,75,0,0,0,18,369,0,8,377,685
,3,BAJA CALIFORNIA SUR,10,CIUDAD CONSTITUCION,1,COMONDU,25,2,114,42,17,28,158,7,10,7,2,66,0,0,0,21,472,0,17,489,918
,3,BAJA CALIFORNIA SUR,10,CIUDAD CONSTITUCION,1,COMONDU,26,2,140,61,27,22,151,2,3,0,3,71,0,0,0,20,500,0,19,519,933
,3,BAJA CALIFORNIA SUR,10,CIUDAD CONSTITUCION,1,COMONDU,27,2,96,66,15,27,147,6,7,4,3,95,0,0,0,18,484,0,25,509,916
,3,BAJA CALIFORNIA SUR,10,CIUDAD CONSTITUCION,1,COMONDU,28,5,381,180,75,48,434,15,28,11,6,293,0,0,0,46,1517,0,52,1569,3299
,3,BAJA CALIFORNIA SUR,10,CIUDAD CONSTITUCION,1,COMONDU,29,3,198,101,24,16,261,16,12,7,5,148,0,0,0,32,820,0,19,839,1565
,3,BAJA CALIFORNIA SUR,10,CIUDAD CONSTITUCION,1,COMONDU,30,3,208,120,67,18,250,9,19,0,2,160,0,0,0,32,885,0,38,923,1867
,3,BAJA CALIFORNIA SUR,10,CIUDAD CONSTITUCION,1,COMONDU,31,2,115,78,24,20,172,7,8,4,8,108,0,0,0,17,561,0,29,590,999
,3,BAJA CALIFORNIA SUR,10,CIUDAD CONSTITUCION,1,COMONDU,32,2,131,87,42,21,192,7,17,5,4,136,0,0,0,14,656,0,22,678,1150
,3,BAJA CALIFORNIA SUR,10,CIUDAD CONSTITUCION,1,COMONDU,33,1,23,30,10,1,56,1,4,2,2,91,0,0,0,18,238,0,8,246,364
,3,BAJA CALIFORNIA SUR,10,CIUDAD CONSTITUCION,1,COMONDU,34,1,54,62,10,5,125,4,2,2,3,205,0,0,0,27,499,0,30,529,737
,3,BAJA CALIFORNIA SUR,10,CIUDAD CONSTITUCION,1,COMONDU,35,1,28,3,21,1,14,0,12,0,1,20,0,0,0,1,101,0,6,107,150
,3,BAJA CALIFORNIA SUR,10,CIUDAD CONSTITUCION,1,COMONDU,36,2,48,33,5,3,57,7,6,0,2,49,0,0,0,10,220,0,18,238,427
,3,BAJA CALIFORNIA SUR,10,CIUDAD CONSTITUCION,1,COMONDU,39,1,11,49,8,3,22,1,16,0,1,17,0,0,0,9,137,0,7,144,203
,3,BAJA CALIFORNIA SUR,10,CIUDAD CONSTITUCION,1,COMONDU,59,2,88,22,49,89,138,5,4,2,1,69,0,0,0,18,485,0,28,513,1029
,3,BAJA CALIFORNIA SUR,10,CIUDAD CONSTITUCION,1,COMONDU,60,2,49,21,51,77,138,3,2,3,0,85,0,0,0,9,438,0,15,453,769
,3,BAJA CALIFORNIA SUR,10,CIUDAD CONSTITUCION,1,COMONDU,61,4,163,47,149,178,407,8,11,6,1,203,0,0,0,43,1216,0,38,1254,2425
,3,BAJA CALIFORNIA SUR,10,CIUDAD CONSTITUCION,1,COMONDU,62,1,20,5,6,4,10,0,1,0,0,32,0,0,0,0,78,0,3,81,136
,3,BAJA CALIFORNIA SUR,11,CIUDAD CONSTITUCION,1,COMONDU,1,2,151,51,23,8,171,4,4,8,4,62,0,0,0,13,499,0,8,507,770
,3,BAJA CALIFORNIA SUR,11,CIUDAD CONSTITUCION,1,COMONDU,2,1,65,26,26,15,103,1,4,4,2,27,0,0,0,13,286,0,3,289,491
,3,BAJA CALIFORNIA SUR,11,CIUDAD CONSTITUCION,1,COMONDU,3,3,260,129,62,42,360,4,13,22,6,137,0,0,0,30,1065,0,18,1083,1668
,3,BAJA CALIFORNIA SUR,11,CIUDAD CONSTITUCION,1,COMONDU,4,1,137,43,20,20,161,1,1,1,4,51,0,0,0,20,459,0,7,466,711
,3,BAJA CALIFORNIA SUR,11,CIUDAD CONSTITUCION,1,COMONDU,5,2,170,52,23,18,178,2,5,11,4,89,0,0,0,17,569,0,12,581,935
,3,BAJA CALIFORNIA SUR,11,CIUDAD CONSTITUCION,1,COMONDU,6,1,127,30,12,10,129,3,2,4,1,51,0,0,0,8,377,0,8,385,745
,3,BAJA CALIFORNIA SUR,11,CIUDAD CONSTITUCION,1,COMONDU,7,2,228,68,51,18,230,4,5,10,4,92,0,0,0,16,726,0,10,736,1195
,3,BAJA CALIFORNIA SUR,11,CIUDAD CONSTITUCION,1,COMONDU,8,2,102,19,18,18,117,4,1,2,2,52,0,0,0,10,345,0,10,355,480
,3,BAJA CALIFORNIA SUR,11,CIUDAD CONSTITUCION,1,COMONDU,9,1,66,20,14,4,87,2,3,5,2,33,0,0,0,7,243,0,7,250,437
,3,BAJA CALIFORNIA SUR,11,CIUDAD CONSTITUCION,1,COMONDU,10,2,125,35,16,24,167,1,5,4,4,72,0,0,0,11,464,0,9,473,796
,3,BAJA CALIFORNIA SUR,11,CIUDAD CONSTITUCION,1,COMONDU,18,2,165,70,41,27,273,5,11,9,2,117,0,0,0,20,740,0,14,754,1199
,3,BAJA CALIFORNIA SUR,11,CIUDAD CONSTITUCION,1,COMONDU,19,2,120,38,26,24,163,1,8,5,2,80,0,0,0,13,480,0,27,507,900
,3,BAJA CALIFORNIA SUR,11,CIUDAD CONSTITUCION,1,COMONDU,37,1,61,11,12,1,51,5,2,0,0,23,0,0,0,10,176,0,11,187,263
,3,BAJA CALIFORNIA SUR,11,CIUDAD CONSTITUCION,1,COMONDU,38,1,38,23,29,5,69,0,3,2,2,26,0,0,0,6,203,0,12,215,314
,3,BAJA CALIFORNIA SUR,11,CIUDAD CONSTITUCION,1,COMONDU,40,1,91,16,3,47,123,4,7,10,4,44,0,0,0,7,356,0,23,379,698
,3,BAJA CALIFORNIA SUR,11,CIUDAD CONSTITUCION,1,COMONDU,41,2,80,34,11,58,155,3,2,15,4,61,0,0,0,8,431,0,15,446,1026
,3,BAJA CALIFORNIA SUR,11,CIUDAD CONSTITUCION,1,COMONDU,42,2,133,38,20,59,168,5,6,6,4,54,0,0,0,15,508,0,22,530,1185
,3,BAJA CALIFORNIA SUR,11,CIUDAD CONSTITUCION,1,COMONDU,43,1,90,16,16,41,130,1,7,9,4,31,0,0,0,9,354,0,15,369,732
,3,BAJA CALIFORNIA SUR,11,CIUDAD CONSTITUCION,1,COMONDU,44,2,125,23,12,42,160,5,14,20,3,63,0,0,0,11,478,0,12,490,775
,3,BAJA CALIFORNIA SUR,11,CIUDAD CONSTITUCION,1,COMONDU,45,2,145,19,6,47,130,1,2,12,4,48,0,0,0,12,426,0,9,435,792
,3,BAJA CALIFORNIA SUR,11,CIUDAD CONSTITUCION,1,COMONDU,46,1,64,35,7,31,134,3,6,15,2,50,0,0,0,15,362,0,6,368,679
,3,BAJA CALIFORNIA SUR,11,CIUDAD CONSTITUCION,1,COMONDU,47,2,116,26,12,67,171,8,4,26,5,50,0,0,0,9,494,0,19,513,973
,3,BAJA CALIFORNIA SUR,11,CIUDAD CONSTITUCION,1,COMONDU,48,2,239,22,33,34,166,7,12,12,0,93,0,0,0,3,621,0,30,651,1177
,3,BAJA CALIFORNIA SUR,11,CIUDAD CONSTITUCION,1,COMONDU,49,1,37,3,2,3,11,2,3,0,1,16,0,0,0,0,78,0,7,85,158
,3,BAJA CALIFORNIA SUR,11,CIUDAD CONSTITUCION,1,COMONDU,50,1,23,14,5,2,32,2,0,0,1,29,0,0,0,1,109,0,4,113,180
,3,BAJA CALIFORNIA SUR,11,CIUDAD CONSTITUCION,1,COMONDU,51,1,39,6,6,0,63,0,2,0,0,12,0,0,0,17,145,0,4,149,282
,3,BAJA CALIFORNIA SUR,11,CIUDAD CONSTITUCION,1,COMONDU,52,1,54,14,7,10,66,4,2,7,1,47,0,0,0,0,212,0,4,216,428
,3,BAJA CALIFORNIA SUR,11,CIUDAD CONSTITUCION,1,COMONDU,53,1,38,15,5,5,76,6,3,1,0,24,0,0,0,3,176,0,4,180,266
,3,BAJA CALIFORNIA SUR,11,CIUDAD CONSTITUCION,1,COMONDU,54,3,96,50,33,19,172,4,8,9,3,140,0,0,0,9,543,0,21,564,1016
,3,BAJA CALIFORNIA SUR,11,CIUDAD CONSTITUCION,1,COMONDU,55,1,79,18,7,1,95,4,3,6,3,37,0,0,0,8,261,0,9,270,399
,3,BAJA CALIFORNIA SUR,11,CIUDAD CONSTITUCION,1,COMONDU,56,1,131,33,3,7,115,0,7,5,4,34,0,0,0,25,364,0,9,373,591
,3,BAJA CALIFORNIA SUR,11,CIUDAD CONSTITUCION,1,COMONDU,57,1,141,45,9,10,137,3,7,5,2,71,0,0,0,13,443,0,17,460,685
,3,BAJA CALIFORNIA SUR,11,CIUDAD CONSTITUCION,1,COMONDU,58,1,110,18,6,3,132,0,7,5,1,70,0,0,0,7,359,0,8,367,522
,3,BAJA CALIFORNIA SUR,11,CIUDAD CONSTITUCION,1,COMONDU,66,1,19,0,1,1,9,2,0,4,0,14,0,0,0,0,50,0,3,53,85
,3,BAJA CALIFORNIA SUR,11,CIUDAD CONSTITUCION,1,COMONDU,67,1,183,10,13,8,144,6,3,6,3,39,0,0,0,3,418,0,11,429,589
,3,BAJA CALIFORNIA SUR,11,CIUDAD CONSTITUCION,1,COMONDU,68,1,128,20,5,1,120,0,3,0,0,10,0,0,0,8,295,0,21,316,460
,3,BAJA CALIFORNIA SUR,11,CIUDAD CONSTITUCION,1,COMONDU,69,1,81,5,26,4,106,16,3,3,2,64,0,0,0,6,316,0,17,333,619
,3,BAJA CALIFORNIA SUR,11,CIUDAD CONSTITUCION,1,COMONDU,70,1,93,24,9,11,165,5,2,1,1,10,0,0,0,0,321,0,16,337,458
,3,BAJA CALIFORNIA SUR,11,CIUDAD CONSTITUCION,1,COMONDU,71,1,18,12,3,2,22,2,0,2,0,12,0,0,0,0,73,0,5,78,127
,3,BAJA CALIFORNIA SUR,11,CIUDAD CONSTITUCION,1,COMONDU,72,1,92,32,9,6,119,11,1,3,5,39,0,0,0,5,322,0,11,333,441
,3,BAJA CALIFORNIA SUR,11,CIUDAD CONSTITUCION,1,COMONDU,73,1,125,28,12,13,176,3,5,25,2,21,0,0,0,19,429,0,19,448,664
,3,BAJA CALIFORNIA SUR,11,CIUDAD CONSTITUCION,1,COMONDU,74,1,44,9,9,0,36,6,2,0,0,5,0,0,0,21,132,0,1,133,176
,3,BAJA CALIFORNIA SUR,12,SAN JOSE DEL CABO,4,LOS CABOS,291,4,337,127,56,18,311,17,31,33,11,41,0,0,0,37,1019,3,26,1048,2079
,3,BAJA CALIFORNIA SUR,12,SAN JOSE DEL CABO,4,LOS CABOS,292,1,154,44,6,11,76,11,8,3,2,8,0,0,0,20,343,0,9,352,698
,3,BAJA CALIFORNIA SUR,12,SAN JOSE DEL CABO,4,LOS CABOS,293,2,195,65,18,17,166,13,17,6,3,18,0,0,0,14,532,0,12,544,1110
,3,BAJA CALIFORNIA SUR,12,SAN JOSE DEL CABO,4,LOS CABOS,297,2,148,57,18,11,113,11,14,5,1,18,0,0,0,30,426,2,15,443,845
,3,BAJA CALIFORNIA SUR,12,SAN JOSE DEL CABO,4,LOS CABOS,303,1,49,19,20,1,89,3,18,3,1,3,0,0,0,7,213,0,9,222,468
,3,BAJA CALIFORNIA SUR,12,SAN JOSE DEL CABO,4,LOS CABOS,304,4,363,113,28,6,387,8,41,4,5,11,0,0,0,40,1006,0,26,1032,1942
,3,BAJA CALIFORNIA SUR,12,SAN JOSE DEL CABO,4,LOS CABOS,305,2,193,88,35,6,164,2,59,4,4,12,0,0,0,28,595,0,20,615,961
,3,BAJA CALIFORNIA SUR,12,SAN JOSE DEL CABO,4,LOS CABOS,306,2,282,220,22,7,256,7,49,6,5,15,0,0,0,66,935,1,17,953,1441
,3,BAJA CALIFORNIA SUR,12,SAN JOSE DEL CABO,4,LOS CABOS,307,2,49,42,11,3,39,6,16,2,1,3,0,0,0,12,184,0,2,186,273
,3,BAJA CALIFORNIA SUR,12,SAN JOSE DEL CABO,4,LOS CABOS,308,4,380,236,61,14,257,9,69,11,2,93,0,0,0,93,1225,0,35,1260,1881
,3,BAJA CALIFORNIA SUR,12,SAN JOSE DEL CABO,4,LOS CABOS,309,2,87,93,22,7,90,6,10,2,0,6,0,0,0,44,367,0,17,384,520
,3,BAJA CALIFORNIA SUR,12,SAN JOSE DEL CABO,4,LOS CABOS,310,5,291,333,43,35,382,8,40,14,7,39,0,0,0,121,1313,0,26,1339,3080
,3,BAJA CALIFORNIA SUR,12,SAN JOSE DEL CABO,4,LOS CABOS,311,2,79,78,27,2,123,3,27,4,2,12,0,0,0,24,381,0,16,397,684
,3,BAJA CALIFORNIA SUR,12,SAN JOSE DEL CABO,4,LOS CABOS,312,13,976,600,214,66,1128,60,158,56,25,216,0,0,0,249,3748,3,93,3844,9147
,3,BAJA CALIFORNIA SUR,12,SAN JOSE DEL CABO,4,LOS CABOS,313,3,279,128,52,22,233,13,40,8,21,32,0,0,0,46,874,0,17,891,1613
,3,BAJA CALIFORNIA SUR,12,SAN JOSE DEL CABO,4,LOS CABOS,314,12,812,373,168,62,973,130,106,41,21,121,0,0,0,124,2931,8,72,3011,8384
,3,BAJA CALIFORNIA SUR,12,SAN JOSE DEL CABO,4,LOS CABOS,315,1,86,54,24,4,126,9,6,1,1,9,0,0,0,11,331,0,13,344,550
,3,BAJA CALIFORNIA SUR,13,LORETO,2,MULEGE,75,2,261,26,5,6,148,1,107,2,30,3,26,0,0,10,625,0,13,638,1012
,3,BAJA CALIFORNIA SUR,13,LORETO,2,MULEGE,76,3,446,47,6,6,262,1,159,2,37,3,21,0,0,9,999,0,30,1029,1651
,3,BAJA CALIFORNIA SUR,13,LORETO,2,MULEGE,77,3,280,30,3,3,133,1,112,3,17,1,15,0,0,3,601,0,11,612,845
,3,BAJA CALIFORNIA SUR,13,LORETO,2,MULEGE,78,2,390,31,7,5,104,3,121,2,23,2,31,0,0,4,723,0,16,739,1143
,3,BAJA CALIFORNIA SUR,13,LORETO,2,MULEGE,79,1,154,12,5,2,105,0,62,2,17,5,10,0,0,6,380,0,11,391,658
,3,BAJA CALIFORNIA SUR,13,LORETO,2,MULEGE,80,2,245,32,6,3,189,2,121,0,13,1,19,0,0,7,638,0,13,651,1114
,3,BAJA CALIFORNIA SUR,13,LORETO,2,MULEGE,81,1,117,16,8,2,63,2,48,1,16,0,18,0,0,2,293,0,3,296,494
,3,BAJA CALIFORNIA SUR,13,LORETO,2,MULEGE,82,2,328,27,5,3,93,2,100,4,18,2,27,0,0,4,613,0,17,630,973
,3,BAJA CALIFORNIA SUR,13,LORETO,2,MULEGE,83,5,950,62,14,4,369,6,388,4,47,4,62,0,0,11,1921,0,34,1955,2984
,3,BAJA CALIFORNIA SUR,13,LORETO,2,MULEGE,84,1,18,3,3,1,34,1,38,0,0,0,2,0,0,0,100,0,0,100,206
,3,BAJA CALIFORNIA SUR,13,LORETO,2,MULEGE,85,3,306,24,4,2,187,5,87,4,6,3,53,0,0,4,685,0,44,729,1361
,3,BAJA CALIFORNIA SUR,13,LORETO,2,MULEGE,86,1,32,3,1,0,10,0,33,2,1,0,3,0,0,0,85,0,1,86,128
,3,BAJA CALIFORNIA SUR,13,LORETO,2,MULEGE,87,1,53,5,4,0,18,0,29,0,0,1,13,0,0,1,124,0,11,135,244
,3,BAJA CALIFORNIA SUR,13,LORETO,2,MULEGE,88,2,125,22,12,2,145,4,62,1,3,4,71,0,0,15,466,0,38,504,913
,3,BAJA CALIFORNIA SUR,13,LORETO,2,MULEGE,89,2,131,22,17,3,140,3,45,1,3,2,115,0,0,15,497,0,30,527,920
,3,BAJA CALIFORNIA SUR,13,LORETO,2,MULEGE,90,1,112,13,13,4,115,2,30,4,4,3,59,0,0,3,362,0,19,381,629
,3,BAJA CALIFORNIA SUR,13,LORETO,2,MULEGE,91,1,98,15,6,3,130,5,25,4,2,0,53,0,0,11,352,0,19,371,608
,3,BAJA CALIFORNIA SUR,13,LORETO,2,MULEGE,111,1,75,2,4,0,54,2,48,2,0,1,2,0,0,1,191,0,4,195,308
,3,BAJA CALIFORNIA SUR,13,LORETO,2,MULEGE,117,2,84,8,4,2,84,1,53,3,3,0,14,0,0,1,257,0,22,279,479
,3,BAJA CALIFORNIA SUR,13,LORETO,2,MULEGE,118,2,82,13,7,3,83,1,31,0,3,1,15,0,0,0,239,0,10,249,426
,3,BAJA CALIFORNIA SUR,13,LORETO,2,MULEGE,119,1,58,10,9,1,93,3,16,0,2,2,7,0,0,2,203,0,14,217,357
,3,BAJA CALIFORNIA SUR,13,LORETO,5,LORETO,338,3,413,36,14,41,197,3,27,78,2,7,6,0,0,7,831,7,29,867,1388
,3,BAJA CALIFORNIA SUR,13,LORETO,5,LORETO,339,7,1319,100,55,246,589,6,75,210,12,16,35,0,0,27,2690,0,77,2767,5154
,3,BAJA CALIFORNIA SUR,13,LORETO,5,LORETO,340,2,363,20,10,48,127,3,11,57,3,3,16,0,0,4,665,1,28,694,993
,3,BAJA CALIFORNIA SUR,13,LORETO,5,LORETO,341,2,325,10,9,21,125,2,10,43,7,6,6,0,0,6,570,0,8,578,808
,3,BAJA CALIFORNIA SUR,13,LORETO,5,LORETO,342,3,422,50,15,47,222,4,17,66,7,3,12,0,0,11,876,0,23,899,862
,3,BAJA CALIFORNIA SUR,13,LORETO,5,LORETO,343,1,280,14,2,23,101,2,15,34,0,3,6,0,0,6,486,0,4,490,749
,3,BAJA CALIFORNIA SUR,13,LORETO,5,LORETO,344,3,495,58,10,101,243,3,21,70,1,1,28,0,0,12,1043,0,22,1065,1543
,3,BAJA CALIFORNIA SUR,13,LORETO,5,LORETO,345,2,140,16,1,44,25,0,11,12,2,0,9,0,0,2,262,0,21,283,358
,3,BAJA CALIFORNIA SUR,13,LORETO,5,LORETO,346,2,152,1,6,30,160,3,6,21,9,0,12,0,0,1,401,0,20,421,570
,3,BAJA CALIFORNIA SUR,13,LORETO,5,LORETO,347,1,85,15,2,22,34,0,6,5,3,1,0,0,0,5,178,0,10,188,282
,3,BAJA CALIFORNIA SUR,14,GUERRERO NEGRO,2,MULEGE,92,1,50,4,0,0,72,22,23,2,1,1,0,0,0,0,175,0,3,178,305
,3,BAJA CALIFORNIA SUR,14,GUERRERO NEGRO,2,MULEGE,93,1,78,5,0,0,99,15,36,1,0,0,0,0,0,4,238,0,3,241,437
,3,BAJA CALIFORNIA SUR,14,GUERRERO NEGRO,2,MULEGE,94,5,427,62,0,0,576,165,166,19,6,5,0,0,0,27,1453,0,23,1476,3375
,3,BAJA CALIFORNIA SUR,14,GUERRERO NEGRO,2,MULEGE,95,2,93,10,0,0,162,41,41,3,1,0,0,0,0,1,352,1,14,367,826
,3,BAJA CALIFORNIA SUR,14,GUERRERO NEGRO,2,MULEGE,96,2,120,14,0,0,230,50,79,2,3,5,0,0,0,9,512,0,14,526,1128
,3,BAJA CALIFORNIA SUR,14,GUERRERO NEGRO,2,MULEGE,97,3,165,22,0,0,260,56,85,9,2,3,0,0,0,12,614,0,17,631,1098
,3,BAJA CALIFORNIA SUR,14,GUERRERO NEGRO,2,MULEGE,98,3,263,38,0,0,367,83,132,11,3,6,0,0,0,16,919,1,23,943,1968
,3,BAJA CALIFORNIA SUR,14,GUERRERO NEGRO,2,MULEGE,99,1,103,4,0,0,62,3,77,2,0,1,0,0,0,0,252,0,12,264,374
,3,BAJA CALIFORNIA SUR,14,GUERRERO NEGRO,2,MULEGE,101,1,19,6,0,0,20,1,47,1,1,0,0,0,0,4,99,0,4,103,139
,3,BAJA CALIFORNIA SUR,14,GUERRERO NEGRO,2,MULEGE,102,2,88,18,0,0,60,0,50,6,2,0,0,0,0,5,229,0,16,245,754
,3,BAJA CALIFORNIA SUR,14,GUERRERO NEGRO,2,MULEGE,103,1,134,11,0,0,76,3,187,2,0,2,0,0,0,0,415,0,17,432,728
,3,BAJA CALIFORNIA SUR,14,GUERRERO NEGRO,2,MULEGE,104,13,832,126,0,0,1093,35,994,51,30,16,0,0,0,38,3215,0,136,3351,8042
,3,BAJA CALIFORNIA SUR,14,GUERRERO NEGRO,2,MULEGE,105,1,7,2,0,0,30,20,27,0,0,2,0,0,0,0,88,0,1,89,154
,3,BAJA CALIFORNIA SUR,14,GUERRERO NEGRO,2,MULEGE,107,1,44,5,0,0,89,13,31,2,1,2,0,0,0,2,189,0,1,190,398
,3,BAJA CALIFORNIA SUR,14,GUERRERO NEGRO,2,MULEGE,108,2,158,21,0,0,211,23,80,3,2,3,0,0,0,5,506,0,10,516,979
,3,BAJA CALIFORNIA SUR,14,GUERRERO NEGRO,2,MULEGE,109,1,80,10,0,0,121,15,46,4,2,2,0,0,0,2,282,0,2,284,541
,3,BAJA CALIFORNIA SUR,14,GUERRERO NEGRO,2,MULEGE,110,2,62,9,0,0,55,1,26,3,1,0,0,0,0,1,158,0,0,158,238
,3,BAJA CALIFORNIA SUR,14,GUERRERO NEGRO,2,MULEGE,112,1,136,3,0,0,80,2,65,5,0,1,0,0,0,4,296,0,7,303,519
,3,BAJA CALIFORNIA SUR,14,GUERRERO NEGRO,2,MULEGE,113,1,65,6,0,0,64,1,45,2,3,0,0,0,0,3,189,1,8,198,360
,3,BAJA CALIFORNIA SUR,14,GUERRERO NEGRO,2,MULEGE,114,2,157,21,0,0,174,3,65,2,4,1,0,0,0,8,435,0,4,439,786
,3,BAJA CALIFORNIA SUR,14,GUERRERO NEGRO,2,MULEGE,115,1,25,3,0,0,25,2,34,0,3,0,0,0,0,1,93,0,2,95,159
,3,BAJA CALIFORNIA SUR,14,GUERRERO NEGRO,2,MULEGE,116,2,223,22,0,0,252,8,163,3,5,7,0,0,0,9,692,0,13,705,1172
,3,BAJA CALIFORNIA SUR,14,GUERRERO NEGRO,2,MULEGE,120,1,214,14,0,0,129,8,38,5,2,6,0,0,0,0,416,0,7,423,691
,3,BAJA CALIFORNIA SUR,15,LA PAZ,3,LA PAZ,186,2,294,12,8,14,147,9,8,12,0,7,0,0,29,8,548,0,11,559,858
,3,BAJA CALIFORNIA SUR,15,LA PAZ,3,LA PAZ,189,2,334,9,12,19,162,13,34,24,3,7,0,0,23,13,653,0,7,660,1048
,3,BAJA CALIFORNIA SUR,15,LA PAZ,3,LA PAZ,190,2,311,29,20,18,212,12,13,37,5,7,0,0,14,7,685,2,14,701,1159
,3,BAJA CALIFORNIA SUR,15,LA PAZ,3,LA PAZ,191,2,277,28,12,15,187,9,12,13,1,6,0,0,11,17,588,0,12,600,951
,3,BAJA CALIFORNIA SUR,15,LA PAZ,3,LA PAZ,192,1,217,22,12,12,137,9,11,18,6,4,0,0,17,4,469,0,9,478,735
,3,BAJA CALIFORNIA SUR,15,LA PAZ,3,LA PAZ,193,2,328,21,9,17,181,17,24,11,7,7,0,0,10,6,638,0,9,647,936
,3,BAJA CALIFORNIA SUR,15,LA PAZ,3,LA PAZ,194,1,169,12,5,9,84,8,11,11,2,4,0,0,5,8,328,0,7,335,550
,3,BAJA CALIFORNIA SUR,15,LA PAZ,3,LA PAZ,195,1,187,13,10,2,101,8,14,25,1,3,0,0,2,1,367,2,11,380,632
,3,BAJA CALIFORNIA SUR,15,LA PAZ,3,LA PAZ,196,2,228,25,23,10,139,12,13,37,4,7,0,0,2,17,517,0,15,532,911
,3,BAJA CALIFORNIA SUR,15,LA PAZ,3,LA PAZ,197,3,552,31,35,27,315,31,26,46,7,14,0,0,34,21,1139,2,22,1163,1791
,3,BAJA CALIFORNIA SUR,15,LA PAZ,3,LA PAZ,198,1,179,16,13,12,106,9,10,24,0,7,0,0,8,5,389,0,16,405,704
,3,BAJA CALIFORNIA SUR,15,LA PAZ,3,LA PAZ,199,1,143,10,3,7,66,6,13,67,5,0,0,0,2,4,326,1,15,342,545
,3,BAJA CALIFORNIA SUR,15,LA PAZ,3,LA PAZ,200,1,137,21,5,16,117,14,7,39,1,3,0,0,4,12,376,0,6,382,656
,3,BAJA CALIFORNIA SUR,15,LA PAZ,3,LA PAZ,201,1,117,19,3,10,59,18,4,18,0,3,0,0,2,10,263,0,12,275,451
,3,BAJA CALIFORNIA SUR,15,LA PAZ,3,LA PAZ,211,2,275,30,23,16,287,12,20,20,5,8,0,0,20,25,741,2,11,754,1196
,3,BAJA CALIFORNIA SUR,15,LA PAZ,3,LA PAZ,212,2,349,21,7,18,149,11,15,16,4,10,0,0,17,4,621,0,10,631,972
,3,BAJA CALIFORNIA SUR,15,LA PAZ,3,LA PAZ,213,2,274,28,8,19,237,11,8,51,6,6,0,0,29,13,690,0,32,722,1259
,3,BAJA CALIFORNIA SUR,15,LA PAZ,3,LA PAZ,214,2,267,22,7,10,177,12,10,17,3,1,0,0,18,13,557,0,12,569,942
,3,BAJA CALIFORNIA SUR,15,LA PAZ,3,LA PAZ,215,2,185,23,8,11,162,6,10,12,1,4,0,0,24,15,461,0,12,473,768
,3,BAJA CALIFORNIA SUR,15,LA PAZ,3,LA PAZ,216,1,135,10,2,4,87,7,6,2,1,2,0,0,5,10,271,0,14,285,508
,3,BAJA CALIFORNIA SUR,15,LA PAZ,3,LA PAZ,217,6,1054,77,53,84,671,30,63,126,28,39,0,0,62,57,2344,0,49,2393,4088
,3,BAJA CALIFORNIA SUR,15,LA PAZ,3,LA PAZ,219,2,323,26,15,17,220,17,14,19,6,4,0,0,9,17,687,0,16,703,1121
,3,BAJA CALIFORNIA SUR,15,LA PAZ,3,LA PAZ,220,2,284,26,14,20,229,7,13,15,5,1,0,0,14,17,645,0,17,662,1059
,3,BAJA CALIFORNIA SUR,15,LA PAZ,3,LA PAZ,221,2,205,17,12,14,160,11,21,8,3,4,0,0,29,10,494,1,11,506,850
,3,BAJA CALIFORNIA SUR,15,LA PAZ,3,LA PAZ,222,2,344,16,11,23,178,18,10,18,2,8,0,0,15,13,656,1,8,665,927
,3,BAJA CALIFORNIA SUR,15,LA PAZ,3,LA PAZ,223,2,291,26,16,19,212,8,18,16,0,11,0,0,16,19,652,0,16,668,1106
,3,BAJA CALIFORNIA SUR,15,LA PAZ,3,LA PAZ,224,1,201,13,5,14,99,5,5,10,4,4,0,0,5,7,372,0,5,377,593
,3,BAJA CALIFORNIA SUR,15,LA PAZ,3,LA PAZ,225,1,183,9,2,9,113,4,4,7,3,3,0,0,2,5,344,0,5,349,545
,3,BAJA CALIFORNIA SUR,15,LA PAZ,3,LA PAZ,226,2,329,28,26,70,174,13,10,23,7,9,0,0,14,16,719,0,16,735,1126
,3,BAJA CALIFORNIA SUR,15,LA PAZ,3,LA PAZ,227,2,283,35,22,25,271,12,15,41,5,13,0,0,15,28,765,0,22,787,1320
,3,BAJA CALIFORNIA SUR,15,LA PAZ,3,LA PAZ,228,3,440,27,21,27,340,18,19,32,10,13,0,0,16,23,986,0,16,1002,1646
,3,BAJA CALIFORNIA SUR,15,LA PAZ,3,LA PAZ,229,1,203,26,8,11,137,6,3,11,1,1,0,0,8,14,429,0,9,438,682
,3,BAJA CALIFORNIA SUR,15,LA PAZ,3,LA PAZ,230,1,184,14,12,20,137,6,5,14,1,7,0,0,4,14,418,1,7,426,666
,3,BAJA CALIFORNIA SUR,15,LA PAZ,3,LA PAZ,231,1,147,18,5,7,121,4,4,9,2,5,0,0,7,5,334,0,13,347,557
,3,BAJA CALIFORNIA SUR,16,CABO SAN LUCAS,4,LOS CABOS,317,4,262,29,42,22,278,16,11,10,29,36,0,0,0,20,755,1,22,778,2306
,3,BAJA CALIFORNIA SUR,16,CABO SAN LUCAS,4,LOS CABOS,318,3,251,32,20,14,210,8,7,3,14,29,0,0,0,11,599,0,16,615,1326
,3,BAJA CALIFORNIA SUR,16,CABO SAN LUCAS,4,LOS CABOS,319,1,151,16,12,7,66,5,4,1,14,14,0,0,0,0,290,0,8,298,626
,3,BAJA CALIFORNIA SUR,16,CABO SAN LUCAS,4,LOS CABOS,320,3,321,49,30,59,323,10,24,15,32,38,0,0,0,21,922,2,17,941,2213
,3,BAJA CALIFORNIA SUR,16,CABO SAN LUCAS,4,LOS CABOS,321,3,178,45,39,17,289,7,14,11,36,27,0,0,0,25,688,2,23,713,1772
,3,BAJA CALIFORNIA SUR,16,CABO SAN LUCAS,4,LOS CABOS,322,3,193,37,33,27,324,9,7,7,42,42,0,0,0,22,743,1,23,767,1819
,3,BAJA CALIFORNIA SUR,16,CABO SAN LUCAS,4,LOS CABOS,323,2,199,35,31,12,184,6,10,10,22,36,0,0,0,22,567,0,21,588,1343
,3,BAJA CALIFORNIA SUR,16,CABO SAN LUCAS,4,LOS CABOS,324,3,202,42,41,16,274,13,12,14,12,45,0,0,0,36,707,0,26,733,2057
,3,BAJA CALIFORNIA SUR,16,CABO SAN LUCAS,4,LOS CABOS,325,3,269,44,41,23,283,15,12,25,36,60,0,0,0,27,835,0,26,861,2179
,3,BAJA CALIFORNIA SUR,16,CABO SAN LUCAS,4,LOS CABOS,326,2,142,29,21,8,197,4,7,7,19,32,0,0,0,12,478,0,13,491,1217
,3,BAJA CALIFORNIA SUR,16,CABO SAN LUCAS,4,LOS CABOS,327,3,198,52,35,26,251,10,18,7,47,55,0,0,0,20,719,0,32,751,1786
,3,BAJA CALIFORNIA SUR,16,CABO SAN LUCAS,4,LOS CABOS,328,4,249,58,41,45,430,18,26,16,37,65,0,0,0,47,1032,2,30,1064,2344
,3,BAJA CALIFORNIA SUR,16,CABO SAN LUCAS,4,LOS CABOS,329,2,109,34,27,14,175,11,5,13,22,23,0,0,0,23,456,0,12,468,1225
,3,BAJA CALIFORNIA SUR,16,CABO SAN LUCAS,4,LOS CABOS,331,4,589,59,89,46,434,21,13,20,40,124,0,0,0,32,1467,2,36,1505,2955
,3,BAJA CALIFORNIA SUR,16,CABO SAN LUCAS,4,LOS CABOS,333,5,466,70,68,64,494,43,38,15,35,65,0,0,0,36,1394,2,38,1434,3732
,3,BAJA CALIFORNIA SUR,16,CABO SAN LUCAS,4,LOS CABOS,395,3,270,21,44,30,224,18,26,16,21,70,0,0,0,11,751,0,18,769,1521
,3,BAJA CALIFORNIA SUR,16,CABO SAN LUCAS,4,LOS CABOS,396,2,273,12,7,19,180,11,12,12,9,58,0,0,0,6,599,0,14,613,1401
,3,BAJA CALIFORNIA SUR,16,CABO SAN LUCAS,4,LOS CABOS,397,4,327,51,48,43,432,12,31,26,40,80,0,0,0,36,1126,1,33,1160,2948
,3,BAJA CALIFORNIA SUR,16,CABO SAN LUCAS,4,LOS CABOS,398,3,259,31,28,23,263,10,14,3,17,60,0,0,0,19,727,0,15,742,1841
,3,BAJA CALIFORNIA SUR,16,CABO SAN LUCAS,4,LOS CABOS,399,2,165,15,19,29,158,11,4,6,9,37,0,0,0,10,463,0,7,470,1101
,3,BAJA CALIFORNIA SUR,16,CABO SAN LUCAS,4,LOS CABOS,400,3,249,28,39,22,298,14,18,6,18,43,0,0,0,21,756,0,47,803,810
,3,BAJA CALIFORNIA SUR,16,CABO SAN LUCAS,4,LOS CABOS,401,1,114,16,17,9,97,3,12,4,10,12,0,0,0,3,297,0,3,300,643
,3,BAJA CALIFORNIA SUR,16,CABO SAN LUCAS,4,LOS CABOS,402,3,359,21,34,30,254,11,14,16,22,52,0,0,0,7,820,1,13,834,1761
