﻿CIRCUNSCRIPCION,ID_ESTADO,NOMBRE_ESTADO,ID_DISTRITO_LOCAL,CABECERA_DISTRITAL_LOCAL,ID_MUNICIPIO,MUNICIPIO,ID_DEMARCACION_LOCAL,DEMARCACION_LOCAL,TIPO_DE_ELECCION,NOMBRE_PARTICIPANTE,NUMERO_LISTA,CANDIDATO,SEXO_CANDIDATO,RUTA_CONSTANCIA,PARTIDO
,19,NUEVO LEON,,,,,,,GUB,MC,1,SAMUEL ALEJANDRO GARCIA SEPULVEDA,1,,MC
,19,NUEVO LEON,1,MONTERREY,,,,,DIP_LOC_MR,C_PRI_PRD,1,IVONNE LILIANA ALVAREZ GARCIA,2,https://www.ceenl.mx/sesiones/2021/actas/Acta%20Sesion%20Diputados.pdf,PRI
,19,NUEVO LEON,2,MONTERREY,,,,,DIP_LOC_MR,C_PRI_PRD,1,RICARDO CANAVATI HADJOPULOS,1,https://www.ceenl.mx/sesiones/2021/actas/Acta%20Sesion%20Diputados.pdf,PRI
,19,NUEVO LEON,3,MONTERREY,,,,,DIP_LOC_MR,PAN,1,MYRNA ISELA GRIMALDO IRACHETA,2,https://www.ceenl.mx/sesiones/2021/actas/Acta%20Sesion%20Diputados.pdf,PAN
,19,NUEVO LEON,4,MONTERREY,,,,,DIP_LOC_MR,C_PRI_PRD,1,PERLA DE LOS ANGELES VILLARREAL VALDEZ,2,https://www.ceenl.mx/sesiones/2021/actas/Acta%20Sesion%20Diputados.pdf,PRI
,19,NUEVO LEON,5,APODACA,,,,,DIP_LOC_MR,C_PRI_PRD,1,GABRIELA GOVEA LOPEZ,2,https://www.ceenl.mx/sesiones/2021/actas/Acta%20Sesion%20Diputados.pdf,PRI
,19,NUEVO LEON,6,MONTERREY,,,,,DIP_LOC_MR,C_PRI_PRD,1,ALHINNA BERENICE VARGAS GARCIA,2,https://www.ceenl.mx/sesiones/2021/actas/Acta%20Sesion%20Diputados.pdf,PRI
,19,NUEVO LEON,7,APODACA,,,,,DIP_LOC_MR,C_PRI_PRD,1,JOSE FILIBERTO FLORES ELIZONDO,1,https://www.ceenl.mx/sesiones/2021/actas/Acta%20Sesion%20Diputados.pdf,PRI
,19,NUEVO LEON,8,MONTERREY,,,,,DIP_LOC_MR,C_PRI_PRD,1,ANA ISABEL GONZALEZ GONZALEZ,2,https://www.ceenl.mx/sesiones/2021/actas/Acta%20Sesion%20Diputados.pdf,PRI
,19,NUEVO LEON,9,SAN NICOLAS DE LOS GARZA,,,,,DIP_LOC_MR,PAN,1,NANCY ARACELY OLGUIN DIAZ,2,https://www.ceenl.mx/sesiones/2021/actas/Acta%20Sesion%20Diputados.pdf,PAN
,19,NUEVO LEON,10,SAN NICOLAS DE LOS GARZA,,,,,DIP_LOC_MR,PAN,1,MAURO GUERRA VILLARREAL,1,https://www.ceenl.mx/sesiones/2021/actas/Acta%20Sesion%20Diputados.pdf,PAN
,19,NUEVO LEON,11,SAN NICOLAS DE LOS GARZA,,,,,DIP_LOC_MR,PAN,1,CARLOS ALBERTO DE LA FUENTE FLORES,1,https://www.ceenl.mx/sesiones/2021/actas/Acta%20Sesion%20Diputados.pdf,PAN
,19,NUEVO LEON,12,GUADALUPE,,,,,DIP_LOC_MR,PAN,1,GILBERTO DE JESUS GOMEZ REYES,1,https://www.ceenl.mx/sesiones/2021/actas/Acta%20Sesion%20Diputados.pdf,PAN
,19,NUEVO LEON,13,GUADALUPE,,,,,DIP_LOC_MR,C_PRI_PRD,1,HECTOR GARCIA GARCIA,1,https://www.ceenl.mx/sesiones/2021/actas/Acta%20Sesion%20Diputados.pdf,PRI
,19,NUEVO LEON,14,GUADALUPE,,,,,DIP_LOC_MR,PAN,1,FELIX ROCHA ESQUIVEL,1,https://www.ceenl.mx/sesiones/2021/actas/Acta%20Sesion%20Diputados.pdf,PAN
,19,NUEVO LEON,15,GUADALUPE,,,,,DIP_LOC_MR,PAN,1,ITZEL SOLEDAD CASTILLO ALMANZA,2,https://www.ceenl.mx/sesiones/2021/actas/Acta%20Sesion%20Diputados.pdf,PAN
,19,NUEVO LEON,16,APODACA,,,,,DIP_LOC_MR,C_PRI_PRD,1,ELSA ESCOBEDO VAZQUEZ,2,https://www.ceenl.mx/sesiones/2021/acuerdos/HCD_FE%20DE%20ERRATAS.pdf,PRI
,19,NUEVO LEON,17,GRAL. ESCOBEDO,,,,,DIP_LOC_MR,C_PVEM_PT_MORENA_PANAL,1,ANYLU BENDICION HERNANDEZ SEPULVEDA,2,https://www.ceenl.mx/sesiones/2021/actas/Acta%20Sesion%20Diputados.pdf,MORENA
,19,NUEVO LEON,18,SAN PEDRO GARZA GARCIA,,,,,DIP_LOC_MR,PAN,1,LUIS ALBERTO SUSARREY FLORES,1,https://www.ceenl.mx/sesiones/2021/actas/Acta%20Sesion%20Diputados.pdf,PAN
,19,NUEVO LEON,19,SANTA CATARINA,,,,,DIP_LOC_MR,PAN,1,ROBERTO CARLOS FARIAS GARCIA,1,https://www.ceenl.mx/sesiones/2021/actas/Acta%20Sesion%20Diputados.pdf,PAN
,19,NUEVO LEON,20,GARCIA,,,,,DIP_LOC_MR,C_PVEM_PT_MORENA_PANAL,1,RAUL LOZANO CABALLERO,1,https://www.ceenl.mx/sesiones/2021/actas/Acta%20Sesion%20Diputados.pdf,PVEM
,19,NUEVO LEON,21,SABINAS HIDALGO,,,,,DIP_LOC_MR,PAN,1,DANIEL OMAR GONZALEZ GARZA,1,https://www.ceenl.mx/sesiones/2021/actas/Acta%20Sesion%20Diputados.pdf,PAN
,19,NUEVO LEON,22,JUAREZ,,,,,DIP_LOC_MR,C_PRI_PRD,1,JULIO CESAR CANTU GONZALEZ,1,https://www.ceenl.mx/sesiones/2021/actas/Acta%20Sesion%20Diputados.pdf,PRI
,19,NUEVO LEON,23,JUAREZ,,,,,DIP_LOC_MR,C_PVEM_PT_MORENA_PANAL,1,CARLOS RAFAEL RODRIGUEZ GOMEZ,1,https://www.ceenl.mx/sesiones/2021/actas/Acta%20Sesion%20Diputados.pdf,PVEM
,19,NUEVO LEON,24,LINARES,,,,,DIP_LOC_MR,C_PRI_PRD,1,JESUS HOMERO AGUILAR HERNANDEZ,1,https://www.ceenl.mx/sesiones/2021/actas/Acta%20Sesion%20Diputados.pdf,PRI
,19,NUEVO LEON,25,GRAL. ESCOBEDO,,,,,DIP_LOC_MR,C_PVEM_PT_MORENA_PANAL,1,MARIA DEL CONSUELO GALVEZ CONTRERAS,2,https://www.ceenl.mx/sesiones/2021/actas/Acta%20Sesion%20Diputados.pdf,PANAL
,19,NUEVO LEON,26,SANTIAGO,,,,,DIP_LOC_MR,C_PRI_PRD,1,JAVIER CABALLERO GAONA,1,https://www.ceenl.mx/sesiones/2021/actas/Acta%20Sesion%20Diputados.pdf,PRI
,19,NUEVO LEON,FORMULA PLURINOMINAL,,,,,,DIP_LOC_RP,MORENA,2,MARIA GUADALUPE GUIDI KAWAS,2,,MORENA
,19,NUEVO LEON,FORMULA PLURINOMINAL,,,,,,DIP_LOC_RP,MC,1,TABITA ORTIZ HERNANDEZ,2,,MC
,19,NUEVO LEON,FORMULA PLURINOMINAL,,,,,,DIP_LOC_RP,PRI,2,LORENA DE LA GARZA VENECIA,2,,PRI
,19,NUEVO LEON,FORMULA PLURINOMINAL,,,,,,DIP_LOC_RP,PAN,2,AMPARO LILIA OLIVARES CASTAÑEDA,2,,PAN
,19,NUEVO LEON,FORMULA PLURINOMINAL,,,,,,DIP_LOC_RP,MORENA,1,WALDO FERNANDEZ GONZALEZ,1,,MORENA
,19,NUEVO LEON,FORMULA PLURINOMINAL,,,,,,DIP_LOC_RP,MC,2,EDUARDO GAONA DOMINGUEZ,1,,MC
,19,NUEVO LEON,FORMULA PLURINOMINAL,,,,,,DIP_LOC_RP,PRI,1,HERIBERTO TREVIÑO CANTU,1,,PRI
,19,NUEVO LEON,FORMULA PLURINOMINAL,,,,,,DIP_LOC_RP,PAN,1,ANTONIO ELOSUA GONZALEZ,1,,PAN
,19,NUEVO LEON,14,GUADALUPE,,,,,DIP_LOC_RP,MORENA,,JESSICA ELODIA MARTINEZ MARTINEZ,2,,MORENA
,19,NUEVO LEON,17,GRAL. ESCOBEDO,,,,,DIP_LOC_RP,MC,,NORMA EDITH BENITEZ RIVERA,2,,MC
,19,NUEVO LEON,6,MONTERREY,,,,,DIP_LOC_RP,MC,,SANDRA ELIZABETH PAMANES ORTIZ,2,,MC
,19,NUEVO LEON,8,MONTERREY,,,,,DIP_LOC_RP,PAN,,ADRIANA PAOLA CORONADO RAMIREZ,2,,PAN
,19,NUEVO LEON,26,SANTIAGO,,,,,DIP_LOC_RP,PAN,,EDUARDO LEAL BUENFIL,1,,PAN
,19,NUEVO LEON,24,LINARES,,,,,DIP_LOC_RP,PAN,,FERNANDO ADAME DORIA,1,,PAN
,19,NUEVO LEON,4,MONTERREY,,,,,DIP_LOC_RP,MC,,IRAIS VIRGINIA REYES DE LA TORRE,2,,MC
,19,NUEVO LEON,3,MONTERREY,,,,,DIP_LOC_RP,MC,,BRENDA LIZBETH SANCHEZ CASTRO,2,,MC
,19,NUEVO LEON,,,1,ABASOLO,,,PRES_MUN,PAN,1,REYNALDO JAVIER CANTU MONTES,1,,PAN
,19,NUEVO LEON,,,1,ABASOLO,,,REG,PAN,1,MARIANA ALEJANDRA GARZA DEL BOSQUE,2,,PAN
,19,NUEVO LEON,,,1,ABASOLO,,,REG,PAN,2,NESTOR JOSUE VILLARREAL GARCIA,1,,PAN
,19,NUEVO LEON,,,1,ABASOLO,,,REG,PAN,3,BLANCA GUADALUPE GARZA ROBLES,2,,PAN
,19,NUEVO LEON,,,1,ABASOLO,,,REG,PAN,4,HOMERO GARZA AYALA,1,,PAN
,19,NUEVO LEON,,,1,ABASOLO,,,SIND,PAN,1,PATRICIA CANTU LOPEZ,2,,PAN
,19,NUEVO LEON,,,2,AGUALEGUAS,,,PRES_MUN,PAN,1,IGNACIO CASTELLANOS AMAYA,1,,PAN
,19,NUEVO LEON,,,2,AGUALEGUAS,,,REG,PAN,1,YADIRA ARMANDINA RAMOS HINOJOSA,2,,PAN
,19,NUEVO LEON,,,2,AGUALEGUAS,,,REG,PAN,2,JORGE ELOY VELA CHAPA,1,,PAN
,19,NUEVO LEON,,,2,AGUALEGUAS,,,REG,PAN,3,CLARIBEL MALDONADO REYNA,2,,PAN
,19,NUEVO LEON,,,2,AGUALEGUAS,,,REG,PAN,4,RAUL MARTINEZ GARCIA,1,,PAN
,19,NUEVO LEON,,,2,AGUALEGUAS,,,SIND,PAN,1,ENEDELIA GARZA ,2,,PAN
,19,NUEVO LEON,,,3,LOS ALDAMAS,,,PRES_MUN,MC,1,ADOLFO LEAL SALINAS,1,,MC
,19,NUEVO LEON,,,3,LOS ALDAMAS,,,REG,MC,1,MAGDALENA BENITEZ MARROQUIN,2,,MC
,19,NUEVO LEON,,,3,LOS ALDAMAS,,,REG,MC,2,JUAN JOSE GARZA TREVIÑO,1,,MC
,19,NUEVO LEON,,,3,LOS ALDAMAS,,,REG,MC,3,AIME GONZALEZ LOZANO,2,,MC
,19,NUEVO LEON,,,3,LOS ALDAMAS,,,REG,MC,4,LISANDRO MARTINEZ GONZALEZ,1,,MC
,19,NUEVO LEON,,,3,LOS ALDAMAS,,,SIND,MC,1,MA. ISABEL ANGELES GONZALEZ,2,,MC
,19,NUEVO LEON,,,4,ALLENDE,,,PRES_MUN,C_PRI_PRD,1,EVA PATRICIA SALAZAR MARROQUIN,2,,PRI
,19,NUEVO LEON,,,4,ALLENDE,,,REG,C_PRI_PRD,1,LUIS EDUARDO CAVAZOS MORALES,1,,PRI
,19,NUEVO LEON,,,4,ALLENDE,,,REG,C_PRI_PRD,2,BLANCA ESTHELA CAVAZOS RODRIGUEZ,2,,PRI
,19,NUEVO LEON,,,4,ALLENDE,,,REG,C_PRI_PRD,3,ALEJANDRO DANIEL AGUIRRE FLORES,1,,PRI
,19,NUEVO LEON,,,4,ALLENDE,,,REG,C_PRI_PRD,4,MARIELA TAMEZ CAVAZOS,2,,PRD
,19,NUEVO LEON,,,4,ALLENDE,,,REG,C_PRI_PRD,5,JOSE ANGEL GARCIA MARTINEZ,1,,PRI
,19,NUEVO LEON,,,4,ALLENDE,,,REG,C_PRI_PRD,6,EMILIA ALANIS GUERRERO,2,,PRI
,19,NUEVO LEON,,,4,ALLENDE,,,SIND,C_PRI_PRD,1,HUGO ARMANDO CAVAZOS AGUIRRE,1,,PRI
,19,NUEVO LEON,,,4,ALLENDE,,,SIND,C_PRI_PRD,2,SANDRA AIDE MARTINEZ GUERRA,2,,PRI
,19,NUEVO LEON,,,5,ANAHUAC,,,PRES_MUN,PRI,1,DESIDERIO URTEAGA ORTEGON,1,,PRI
,19,NUEVO LEON,,,5,ANAHUAC,,,REG,PRI,1,CARMEN OFELIA SANTOS CHAPOY,2,,PRI
,19,NUEVO LEON,,,5,ANAHUAC,,,REG,PRI,2,ISMAEL MARTINEZ SERNA,1,,PRI
,19,NUEVO LEON,,,5,ANAHUAC,,,REG,PRI,3,JENIFER ITZAYANA GARCIA DE LEON,2,,PRI
,19,NUEVO LEON,,,5,ANAHUAC,,,REG,PRI,4,MIGUEL ANGEL FLORES VALDEZ,1,,PRI
,19,NUEVO LEON,,,5,ANAHUAC,,,REG,PRI,5,GLORIA RENTERIA AGUIÑAGA,2,,PRI
,19,NUEVO LEON,,,5,ANAHUAC,,,REG,PRI,6,HECTOR SALAZAR HERNANDEZ,1,,PRI
,19,NUEVO LEON,,,5,ANAHUAC,,,SIND,PRI,1,JOSE GUADALUPE GUTIERREZ LOZANO,1,,PRI
,19,NUEVO LEON,,,5,ANAHUAC,,,SIND,PRI,2,SANDRA MIREYA PINEDA MANCHA,2,,PRI
,19,NUEVO LEON,,,6,APODACA,,,PRES_MUN,C_PRI_PRD,1,CESAR GARZA VILLARREAL,1,,PRI
,19,NUEVO LEON,,,6,APODACA,,,REG,C_PRI_PRD,1,GUADALUPE ELIZONDO PERALES,2,,PRI
,19,NUEVO LEON,,,6,APODACA,,,REG,C_PRI_PRD,2,SILVINO GALVAN EGUIA,1,,PRI
,19,NUEVO LEON,,,6,APODACA,,,REG,C_PRI_PRD,3,WENDY MONTSERRAT HERNANDEZ LOPEZ,2,,PRI
,19,NUEVO LEON,,,6,APODACA,,,REG,C_PRI_PRD,4,LEONARDO CANTU TELLEZ,1,,PRD
,19,NUEVO LEON,,,6,APODACA,,,REG,C_PRI_PRD,5,MARLA AZUCENA TREVIÑO CANTU,2,,PRI
,19,NUEVO LEON,,,6,APODACA,,,REG,C_PRI_PRD,6,FERNANDO MANUEL CASTILLO MORENO,1,,PRI
,19,NUEVO LEON,,,6,APODACA,,,REG,C_PRI_PRD,7,NAYDY IVONNE VILLARREAL CHAPA,2,,PRI
,19,NUEVO LEON,,,6,APODACA,,,REG,C_PRI_PRD,8,JORGE LUIS DE LA GARZA TREVIÑO,1,,PRI
,19,NUEVO LEON,,,6,APODACA,,,REG,C_PRI_PRD,9,MAYRA ALEXANDRA MALDONADO SANTANA,2,,PRI
,19,NUEVO LEON,,,6,APODACA,,,REG,C_PRI_PRD,10,JAVIER ESPARZA VALDEZ,,,PRI
,19,NUEVO LEON,,,6,APODACA,,,REG,C_PRI_PRD,11,REMEDIOS BELTRAN ZACARIAS,2,,PRI
,19,NUEVO LEON,,,6,APODACA,,,REG,C_PRI_PRD,12,SERGIO MARTIN ACOSTA RODRIGUEZ,1,,PRI
,19,NUEVO LEON,,,6,APODACA,,,SIND,C_PRI_PRD,1,VERONICA TREVIÑO GUTIERREZ,2,,PRI
,19,NUEVO LEON,,,6,APODACA,,,SIND,C_PRI_PRD,2,JUAN RUBEN RANGEL MORENO,1,,PRI
,19,NUEVO LEON,,,7,ARAMBERRI,,,PRES_MUN,C_PRI_PRD,1,MARIA FRANCISCA ARGUELLO QUIÑONES,2,,PRI
,19,NUEVO LEON,,,7,ARAMBERRI,,,REG,C_PRI_PRD,1,JOSE ANDRES GUERRERO LIÑAN,1,,PRI
,19,NUEVO LEON,,,7,ARAMBERRI,,,REG,C_PRI_PRD,2,AZUCENA ESMERALDA MIRELES ARGUELLO,2,,PRI
,19,NUEVO LEON,,,7,ARAMBERRI,,,REG,C_PRI_PRD,3,LIONEL VELASQUEZ ESPINOZA,1,,PRI
,19,NUEVO LEON,,,7,ARAMBERRI,,,REG,C_PRI_PRD,4,CONSUELO BRISEIDA CORTES GUERRERO,2,,PRD
,19,NUEVO LEON,,,7,ARAMBERRI,,,REG,C_PRI_PRD,5,HOMAR RAMIREZ GOMEZ,1,,PRI
,19,NUEVO LEON,,,7,ARAMBERRI,,,REG,C_PRI_PRD,6,MARIA GUADALUPE ROMO MENDOZA,2,,PRI
,19,NUEVO LEON,,,7,ARAMBERRI,,,SIND,C_PRI_PRD,1,FLOR GUADALUPE LUCIO ESQUIVEL,2,,PRI
,19,NUEVO LEON,,,7,ARAMBERRI,,,SIND,C_PRI_PRD,2,CLEMENTE BULNES TORRES,1,,PRI
,19,NUEVO LEON,,,8,BUSTAMANTE,,,PRES_MUN,PAN,1,MARIO ALFONSO RESENDEZ GARZA,1,,PAN
,19,NUEVO LEON,,,8,BUSTAMANTE,,,REG,PAN,1,MARTHA RINCON MARTINEZ,2,,PAN
,19,NUEVO LEON,,,8,BUSTAMANTE,,,REG,PAN,2,JOSE DE LOS SANTOS GONZALEZ OLIVO,1,,PAN
,19,NUEVO LEON,,,8,BUSTAMANTE,,,REG,PAN,3,ROSALINDA MONSIVAIS RODRIGUEZ,2,,PAN
,19,NUEVO LEON,,,8,BUSTAMANTE,,,REG,PAN,4,ANTONIO DE JESUS CRUZ AGUILAR,1,,PAN
,19,NUEVO LEON,,,8,BUSTAMANTE,,,SIND,PAN,1,LUCERO JUDITH VILLARREAL CUEVAS,2,,PAN
,19,NUEVO LEON,,,9,CADEREYTA JIMENEZ,,,PRES_MUN,PAN,1,COSME JULIAN LEAL CANTU,1,,PAN
,19,NUEVO LEON,,,9,CADEREYTA JIMENEZ,,,REG,PAN,1,DIANA LUZ BUENFIL SAGASTEGUI,2,,PAN
,19,NUEVO LEON,,,9,CADEREYTA JIMENEZ,,,REG,PAN,2,JOSE ALBERTO CANTU LIRA,1,,PAN
,19,NUEVO LEON,,,9,CADEREYTA JIMENEZ,,,REG,PAN,3,CYNTHIA GUADALUPE LOPEZ ROCHA,2,,PAN
,19,NUEVO LEON,,,9,CADEREYTA JIMENEZ,,,REG,PAN,4,PAUL CHRISTIAN ROCHA CASTILLO,1,,PAN
,19,NUEVO LEON,,,9,CADEREYTA JIMENEZ,,,REG,PAN,5,EMMA RAQUEL GARCIA GARCIA,2,,PAN
,19,NUEVO LEON,,,9,CADEREYTA JIMENEZ,,,REG,PAN,6,FRANCISCO JAVIER GALINDO CHAVARRIA,1,,PAN
,19,NUEVO LEON,,,9,CADEREYTA JIMENEZ,,,REG,PAN,7,GABRIELA FLORES RODRIGUEZ,2,,PAN
,19,NUEVO LEON,,,9,CADEREYTA JIMENEZ,,,SIND,PAN,1,JOSE ANDRES GARZA MARGAIN,1,,PAN
,19,NUEVO LEON,,,9,CADEREYTA JIMENEZ,,,SIND,PAN,2,BRENDA MELISSA BARBOSA ESPINO,2,,PAN
,19,NUEVO LEON,,,10,EL CARMEN,,,PRES_MUN,C_PVEM_PT_MORENA_PANAL,1,HUMBERTO MEDINA QUIROGA,1,,PVEM
,19,NUEVO LEON,,,10,EL CARMEN,,,REG,C_PVEM_PT_MORENA_PANAL,1,MARTHA PATRICIA SANCHEZ JARAMILLO,2,,PVEM
,19,NUEVO LEON,,,10,EL CARMEN,,,REG,C_PVEM_PT_MORENA_PANAL,2,FREDDY GOMEZ LOPEZ,1,,MORENA
,19,NUEVO LEON,,,10,EL CARMEN,,,REG,C_PVEM_PT_MORENA_PANAL,3,NORMA ARACELY LOPEZ GAONA,2,,PT
,19,NUEVO LEON,,,10,EL CARMEN,,,REG,C_PVEM_PT_MORENA_PANAL,4,JESUS MARIO SALAZAR GARZA,1,,PANAL
,19,NUEVO LEON,,,10,EL CARMEN,,,REG,C_PVEM_PT_MORENA_PANAL,5,CLAUDIA MAYELA CHAPA MARMOLEJO,2,,PVEM
,19,NUEVO LEON,,,10,EL CARMEN,,,REG,C_PVEM_PT_MORENA_PANAL,6,FRANCISCO GUADALUPE MARTINEZ ARREOZOLA,1,,PVEM
,19,NUEVO LEON,,,10,EL CARMEN,,,SIND,C_PVEM_PT_MORENA_PANAL,1,RAUL VILLARREAL ARREDONDO,1,,PVEM
,19,NUEVO LEON,,,10,EL CARMEN,,,SIND,C_PVEM_PT_MORENA_PANAL,2,LUCERO ELIZONDO GALINDO,2,,MORENA
,19,NUEVO LEON,,,11,CERRALVO,,,PRES_MUN,PAN,1,BALTAZAR MARTINEZ MONTEMAYOR,1,,PAN
,19,NUEVO LEON,,,11,CERRALVO,,,REG,PAN,1,MINERVA GUADALUPE MENDEZ GONZALEZ,2,,PAN
,19,NUEVO LEON,,,11,CERRALVO,,,REG,PAN,2,JOSE REFUGIO RODRIGUEZ MERCADO,1,,PAN
,19,NUEVO LEON,,,11,CERRALVO,,,REG,PAN,3,DORANELIA RODRIGUEZ TALIP,2,,PAN
,19,NUEVO LEON,,,11,CERRALVO,,,REG,PAN,4,ESTEBAN MORAN RUIZ,1,,PAN
,19,NUEVO LEON,,,11,CERRALVO,,,SIND,PAN,1,CECILIA ANGELICA MORENO GONZALEZ,2,,PAN
,19,NUEVO LEON,,,12,CIENEGA DE FLORES,,,PRES_MUN,C_PVEM_PT_MORENA_PANAL,1,MIGUEL ANGEL QUIROGA TREVIÑO,1,,PVEM
,19,NUEVO LEON,,,12,CIENEGA DE FLORES,,,REG,C_PVEM_PT_MORENA_PANAL,1,CYNTHIA IVETTE CANTU MANIFACIO,2,,PVEM
,19,NUEVO LEON,,,12,CIENEGA DE FLORES,,,REG,C_PVEM_PT_MORENA_PANAL,2,ABRAHAM INOCENCIO VILLALOBOS RODRIGUEZ,1,,MORENA
,19,NUEVO LEON,,,12,CIENEGA DE FLORES,,,REG,C_PVEM_PT_MORENA_PANAL,3,DALIA GRISEL IBARRA ARRAMBIDE,2,,PT
,19,NUEVO LEON,,,12,CIENEGA DE FLORES,,,REG,C_PVEM_PT_MORENA_PANAL,4,ROMEO CHAPA CONTRERAS,1,,PANAL
,19,NUEVO LEON,,,12,CIENEGA DE FLORES,,,REG,C_PVEM_PT_MORENA_PANAL,5,YANET GOMEZ JOSE,2,,PVEM
,19,NUEVO LEON,,,12,CIENEGA DE FLORES,,,REG,C_PVEM_PT_MORENA_PANAL,6,OVIDIO MARTINEZ DIAZ,1,,PVEM
,19,NUEVO LEON,,,12,CIENEGA DE FLORES,,,SIND,C_PVEM_PT_MORENA_PANAL,1,RAUL PATRICIO SAENZ SANTOS,1,,PVEM
,19,NUEVO LEON,,,12,CIENEGA DE FLORES,,,SIND,C_PVEM_PT_MORENA_PANAL,2,ELISA DE LA PARRA SALDIVAR,2,,MORENA
,19,NUEVO LEON,,,13,CHINA,,,PRES_MUN,C_PVEM_PT_MORENA_PANAL,1,RAUL KARR VAZQUEZ,1,,PANAL
,19,NUEVO LEON,,,13,CHINA,,,REG,C_PVEM_PT_MORENA_PANAL,1,ALEIDA LETICIA GARIBAY GONZALEZ,2,,PANAL
,19,NUEVO LEON,,,13,CHINA,,,REG,C_PVEM_PT_MORENA_PANAL,2,OLIVERIO CANTU GARZA,1,,MORENA
,19,NUEVO LEON,,,13,CHINA,,,REG,C_PVEM_PT_MORENA_PANAL,3,MAYRA CECILIA CHAPA GARZA,2,,PT
,19,NUEVO LEON,,,13,CHINA,,,REG,C_PVEM_PT_MORENA_PANAL,4,JUAN FRANCISCO PULIDO MOLINA,1,,PVEM
,19,NUEVO LEON,,,13,CHINA,,,SIND,C_PVEM_PT_MORENA_PANAL,1,PATRICIA MARROQUIN OYERVIDES,2,,PANAL
,19,NUEVO LEON,,,14,DR. ARROYO,,,PRES_MUN,PRI,1,JUAN JOSE VARGAS ROSALES,1,,PRI
,19,NUEVO LEON,,,14,DR. ARROYO,,,REG,PRI,1,NEREYDA MARTINEZ RODRIGUEZ,2,,PRI
,19,NUEVO LEON,,,14,DR. ARROYO,,,REG,PRI,2,MIGUEL ANGEL ESPINOZA EGUIA,1,,PRI
,19,NUEVO LEON,,,14,DR. ARROYO,,,REG,PRI,3,ILSE CONCEPCION CUEVAS MARTINEZ,2,,PRI
,19,NUEVO LEON,,,14,DR. ARROYO,,,REG,PRI,4,ASCENCION ALTAMIRANO BONILLA,1,,PRI
,19,NUEVO LEON,,,14,DR. ARROYO,,,REG,PRI,5,TANIA BERENICE GARCIA MIRELES,2,,PRI
,19,NUEVO LEON,,,14,DR. ARROYO,,,REG,PRI,6,GABRIEL BRIONES HERNANDEZ,1,,PRI
,19,NUEVO LEON,,,14,DR. ARROYO,,,SIND,PRI,1,EMMA RUBI LUCIO MUÑOZ,2,,PRI
,19,NUEVO LEON,,,14,DR. ARROYO,,,SIND,PRI,2,OTONIEL MARTINEZ GODINA,1,,PRI
,19,NUEVO LEON,,,15,DR. COSS,,,PRES_MUN,PANAL,1,BERNARDO SOLIS ALANIS,1,,PANAL
,19,NUEVO LEON,,,15,DR. COSS,,,REG,PANAL,1,NORA ODILIA ALANIS SOLIS,2,,PANAL
,19,NUEVO LEON,,,15,DR. COSS,,,REG,PANAL,2,DANIEL SALINAS CANTU,1,,PANAL
,19,NUEVO LEON,,,15,DR. COSS,,,REG,PANAL,3,ROSIBEL ALVEAR GAYTAN,2,,PANAL
,19,NUEVO LEON,,,15,DR. COSS,,,REG,PANAL,4,APOLONIO GARCIA TREVIÑO,1,,PANAL
,19,NUEVO LEON,,,15,DR. COSS,,,SIND,PANAL,1,ERIKA RAMOS ROJAS,2,,PANAL
,19,NUEVO LEON,,,16,DR. GONZALEZ,,,PRES_MUN,C_PRI_PRD,1,MAYRA ABREGO MONTEMAYOR,2,,PRI
,19,NUEVO LEON,,,16,DR. GONZALEZ,,,REG,C_PRI_PRD,1,JOSE NICOLAS HUERTA GONZÀLEZ,1,,PRI
,19,NUEVO LEON,,,16,DR. GONZALEZ,,,REG,C_PRI_PRD,2,LILIANA ESCAMILLA ROBLEDO,2,,PRI
,19,NUEVO LEON,,,16,DR. GONZALEZ,,,REG,C_PRI_PRD,3,ORLANDO MARTINEZ PAEZ,1,,PRI
,19,NUEVO LEON,,,16,DR. GONZALEZ,,,REG,C_PRI_PRD,4,CRISTELA RODRIGUEZ SALDAÑA,2,,PRD
,19,NUEVO LEON,,,16,DR. GONZALEZ,,,SIND,C_PRI_PRD,1,IGNACIO RODRIGUEZ BARRIENTOS,1,,PRI
,19,NUEVO LEON,,,17,GALEANA,,,PRES_MUN,C_PRI_PRD,1,ALEJANDRO JAVIER PEDROZA FLORES,1,,PRI
,19,NUEVO LEON,,,17,GALEANA,,,REG,C_PRI_PRD,1,ALICIA MANZANARES HERNANDEZ,2,,PRI
,19,NUEVO LEON,,,17,GALEANA,,,REG,C_PRI_PRD,2,ARTURO LIÑAN SOLIS,1,,PRI
,19,NUEVO LEON,,,17,GALEANA,,,REG,C_PRI_PRD,3,ZYNDIA ENOE MORENO SANCHEZ,2,,PRI
,19,NUEVO LEON,,,17,GALEANA,,,REG,C_PRI_PRD,4,CHRISTIAN RAMIREZ CERDA,1,,PRD
,19,NUEVO LEON,,,17,GALEANA,,,REG,C_PRI_PRD,5,ESPERANZA SOLIS JIMENEZ,2,,PRI
,19,NUEVO LEON,,,17,GALEANA,,,REG,C_PRI_PRD,6,ABEL GUTIERREZ SALAZAR,1,,PRI
,19,NUEVO LEON,,,17,GALEANA,,,SIND,C_PRI_PRD,1,YELITZA CAMPOS FLORES,2,,PRI
,19,NUEVO LEON,,,17,GALEANA,,,SIND,C_PRI_PRD,2,MARIANO DE LA CRUZ GONZALEZ,1,,PRI
,19,NUEVO LEON,,,18,GARCIA,,,PRES_MUN,CAND_IND7,1,CARLOS ALBERTO GUEVARA GARZA,1,,CAND_IND7
,19,NUEVO LEON,,,18,GARCIA,,,REG,CAND_IND7,1,MARIANA LIZBETH VALLEJO OLIVARES,2,,CAND_IND7
,19,NUEVO LEON,,,18,GARCIA,,,REG,CAND_IND7,2,PLACIDO ANTONIO HERNANDEZ,1,,CAND_IND7
,19,NUEVO LEON,,,18,GARCIA,,,REG,CAND_IND7,3,ESMERALDA LLANES MARTINEZ,2,,CAND_IND7
,19,NUEVO LEON,,,18,GARCIA,,,REG,CAND_IND7,4,JAVIER TORRES MARTINEZ,1,,CAND_IND7
,19,NUEVO LEON,,,18,GARCIA,,,REG,CAND_IND7,5,ESMERALDA CONCEPCION SILVA PONCE,2,,CAND_IND7
,19,NUEVO LEON,,,18,GARCIA,,,REG,CAND_IND7,6,EROLDO ENRIQUEZ TERAN,1,,CAND_IND7
,19,NUEVO LEON,,,18,GARCIA,,,REG,CAND_IND7,7,FABIOLA MANUELA CRUZ RAMIREZ,2,,CAND_IND7
,19,NUEVO LEON,,,18,GARCIA,,,REG,CAND_IND7,8,JOSE MANUEL LEDEZMA GOMEZ,1,,CAND_IND7
,19,NUEVO LEON,,,18,GARCIA,,,SIND,CAND_IND7,1,MARIA LUISA  SILVA JARAMILLO,2,,CAND_IND7
,19,NUEVO LEON,,,18,GARCIA,,,SIND,CAND_IND7,2,ERNESTO AARON GUTIERREZ  GALVAN,1,,CAND_IND7
,19,NUEVO LEON,,,19,SAN PEDRO GARZA GARCIA,,,PRES_MUN,CAND_IND20,1,MIGUEL BERNARDO TREVIÑO DE HOYOS,1,,CAND_IND20
,19,NUEVO LEON,,,19,SAN PEDRO GARZA GARCIA,,,REG,CAND_IND20,1,DANIELA NOHEMI  GOMEZ GUERRERO,2,,CAND_IND20
,19,NUEVO LEON,,,19,SAN PEDRO GARZA GARCIA,,,REG,CAND_IND20,2,JAVIER GONZALEZ ALCANTARA CACERES,1,,CAND_IND20
,19,NUEVO LEON,,,19,SAN PEDRO GARZA GARCIA,,,REG,CAND_IND20,3,VIVIANNE CLARIOND DOMENE,2,,CAND_IND20
,19,NUEVO LEON,,,19,SAN PEDRO GARZA GARCIA,,,REG,CAND_IND20,4,EDUARDO ARMANDO AGUILAR VALDEZ,1,,CAND_IND20
,19,NUEVO LEON,,,19,SAN PEDRO GARZA GARCIA,,,REG,CAND_IND20,5,MARIA TERESA RIVERA TUÑON,2,,CAND_IND20
,19,NUEVO LEON,,,19,SAN PEDRO GARZA GARCIA,,,REG,CAND_IND20,6,PEDRO LONA JUAREZ,1,,CAND_IND20
,19,NUEVO LEON,,,19,SAN PEDRO GARZA GARCIA,,,REG,CAND_IND20,7,MARIA ESTELA YTURRIA GARCIA,2,,CAND_IND20
,19,NUEVO LEON,,,19,SAN PEDRO GARZA GARCIA,,,REG,CAND_IND20,8,RODOLFO MENDOZA ELIZONDO,1,,CAND_IND20
,19,NUEVO LEON,,,19,SAN PEDRO GARZA GARCIA,,,SIND,CAND_IND20,1,FRANCISCO JUAN GARZA BARBOSA,1,,CAND_IND20
,19,NUEVO LEON,,,19,SAN PEDRO GARZA GARCIA,,,SIND,CAND_IND20,2,VALERIA GUERRA SILLER,2,,CAND_IND20
,19,NUEVO LEON,,,20,GRAL. BRAVO,,,PRES_MUN,PAN,1,EDGAR CANTU FERNANDEZ,1,,PAN
,19,NUEVO LEON,,,20,GRAL. BRAVO,,,REG,PAN,1,MARIA INEZ ARIZPE MOLINA,2,,PAN
,19,NUEVO LEON,,,20,GRAL. BRAVO,,,REG,PAN,2,JORGE SOLIS DELGADO,1,,PAN
,19,NUEVO LEON,,,20,GRAL. BRAVO,,,REG,PAN,3,REYNA ISABEL TAMEZ GUERRA,2,,PAN
,19,NUEVO LEON,,,20,GRAL. BRAVO,,,REG,PAN,4,VICTOR ALFONSO GARZA HERNANDEZ,1,,PAN
,19,NUEVO LEON,,,20,GRAL. BRAVO,,,SIND,PAN,1,SELENE GARZA SALINAS,2,,PAN
,19,NUEVO LEON,,,21,GRAL. ESCOBEDO,,,PRES_MUN,C_PVEM_PT_MORENA_PANAL,1,ANDRES CONCEPCION MIJES LLOVERA,1,,PANAL
,19,NUEVO LEON,,,21,GRAL. ESCOBEDO,,,REG,C_PVEM_PT_MORENA_PANAL,1,ELVIRA MAYA CRUZ,2,,PANAL
,19,NUEVO LEON,,,21,GRAL. ESCOBEDO,,,REG,C_PVEM_PT_MORENA_PANAL,2,CUAUHTEMOC SANCHEZ MORALES,1,,MORENA
,19,NUEVO LEON,,,21,GRAL. ESCOBEDO,,,REG,C_PVEM_PT_MORENA_PANAL,3,IOVANA NOHEMI PARRA GONZALEZ,2,,PVEM
,19,NUEVO LEON,,,21,GRAL. ESCOBEDO,,,REG,C_PVEM_PT_MORENA_PANAL,4,JUAN FABRICIO CAZARES HERNANDEZ,1,,PT
,19,NUEVO LEON,,,21,GRAL. ESCOBEDO,,,REG,C_PVEM_PT_MORENA_PANAL,5,ROSALBA GONZALEZ LOPEZ,2,,MORENA
,19,NUEVO LEON,,,21,GRAL. ESCOBEDO,,,REG,C_PVEM_PT_MORENA_PANAL,6,JUAN SALAS LUNA,1,,MORENA
,19,NUEVO LEON,,,21,GRAL. ESCOBEDO,,,REG,C_PVEM_PT_MORENA_PANAL,7,AMINE MONSERRAT NEVAREZ JOTHAR,2,,PANAL
,19,NUEVO LEON,,,21,GRAL. ESCOBEDO,,,REG,C_PVEM_PT_MORENA_PANAL,8,SALVADOR FAZ EGUIA,1,,PANAL
,19,NUEVO LEON,,,21,GRAL. ESCOBEDO,,,REG,C_PVEM_PT_MORENA_PANAL,9,MARIA DE LOS ANGELES JUAREZ GODINA,2,,PVEM
,19,NUEVO LEON,,,21,GRAL. ESCOBEDO,,,REG,C_PVEM_PT_MORENA_PANAL,10,FRANCISCO  JAVIER HERNANDEZ HIPOLITO,1,,PT
,19,NUEVO LEON,,,21,GRAL. ESCOBEDO,,,SIND,C_PVEM_PT_MORENA_PANAL,1,LUISA FERNANDA ALANIS LEAL,2,,PANAL
,19,NUEVO LEON,,,21,GRAL. ESCOBEDO,,,SIND,C_PVEM_PT_MORENA_PANAL,2,MAURICIO IVAN GARZA GOMEZ,1,,MORENA
,19,NUEVO LEON,,,22,GRAL. TERAN,,,PRES_MUN,MC,1,DAVID JONATHAN SANCHEZ QUINTANILLA,1,,MC
,19,NUEVO LEON,,,22,GRAL. TERAN,,,REG,MC,1,KARINA TRINIDAD DAVILA GUERRERO,2,,MC
,19,NUEVO LEON,,,22,GRAL. TERAN,,,REG,MC,2,LUIS ERASMO CORTES ISLAS,1,,MC
,19,NUEVO LEON,,,22,GRAL. TERAN,,,REG,MC,3,YURIANA VILLARREAL REYES,2,,MC
,19,NUEVO LEON,,,22,GRAL. TERAN,,,REG,MC,4,DAGOBERTO SILVA FERNANDEZ,1,,MC
,19,NUEVO LEON,,,22,GRAL. TERAN,,,REG,MC,5,RUTH GARCIA RODRIGUEZ,2,,MC
,19,NUEVO LEON,,,22,GRAL. TERAN,,,REG,MC,6,NINO GUADALUPE FLORES REYES,1,,MC
,19,NUEVO LEON,,,22,GRAL. TERAN,,,SIND,MC,1,ADRIANA CAVAZOS GARCIA,2,,MC
,19,NUEVO LEON,,,22,GRAL. TERAN,,,SIND,MC,2,MARGARITO MIRELES RODRIGUEZ,1,,MC
,19,NUEVO LEON,,,23,GRAL. TREVINO,,,PRES_MUN,PAN,1,MARIBEL HINOJOSA GARCIA,2,,PAN
,19,NUEVO LEON,,,23,GRAL. TREVINO,,,REG,PAN,1,ISAAC LUNA MENDOZA,1,,PAN
,19,NUEVO LEON,,,23,GRAL. TREVINO,,,REG,PAN,2,ELIZABETH ESTRADA ARREDONDO,2,,PAN
,19,NUEVO LEON,,,23,GRAL. TREVINO,,,REG,PAN,3,OSVALDO LUGO FLORES,1,,PAN
,19,NUEVO LEON,,,23,GRAL. TREVINO,,,REG,PAN,4,BRENDA SUAREZ CASTILLO,2,,PAN
,19,NUEVO LEON,,,23,GRAL. TREVINO,,,SIND,PAN,1,JAIME ANTONIO SALINAS VILLARREAL,1,,PAN
,19,NUEVO LEON,,,24,GRAL. ZARAGOZA,,,PRES_MUN,C_PVEM_PT_MORENA_PANAL,1,JUAN ARTURO GUEVARA SOTO,1,,PT
,19,NUEVO LEON,,,24,GRAL. ZARAGOZA,,,REG,C_PVEM_PT_MORENA_PANAL,1,APOLONIA ROJAS VAZQUEZ,2,,PT
,19,NUEVO LEON,,,24,GRAL. ZARAGOZA,,,REG,C_PVEM_PT_MORENA_PANAL,2,FILEMON MEDELLIN SOTO,1,,MORENA
,19,NUEVO LEON,,,24,GRAL. ZARAGOZA,,,REG,C_PVEM_PT_MORENA_PANAL,3,OLIVIA BRIONES JARAMILLO,2,,PVEM
,19,NUEVO LEON,,,24,GRAL. ZARAGOZA,,,REG,C_PVEM_PT_MORENA_PANAL,4,GENARO LOPEZ GRIMALDO,1,,PANAL
,19,NUEVO LEON,,,24,GRAL. ZARAGOZA,,,SIND,C_PVEM_PT_MORENA_PANAL,1,NORMA ALICIA NIÑO PEREZ,2,,PT
,19,NUEVO LEON,,,25,GRAL. ZUAZUA,,,PRES_MUN,MC,1,NANCY OLINDA GUTIERREZ ARRAMBIDE,2,,MC
,19,NUEVO LEON,,,25,GRAL. ZUAZUA,,,REG,MC,1,MARIO ALBERTO ESCOTO GARCIA,1,,MC
,19,NUEVO LEON,,,25,GRAL. ZUAZUA,,,REG,MC,2,FABIOLA ELIZABETH GAYTAN DURAN,2,,MC
,19,NUEVO LEON,,,25,GRAL. ZUAZUA,,,REG,MC,3,ALAN EVERARDO HERNANDEZ LOPEZ,1,,MC
,19,NUEVO LEON,,,25,GRAL. ZUAZUA,,,REG,MC,4,MARIA DEL REFUGIO GARCIA GUILLERMO,2,,MC
,19,NUEVO LEON,,,25,GRAL. ZUAZUA,,,REG,MC,5,JAIME CERVANTES SOLIS,1,,MC
,19,NUEVO LEON,,,25,GRAL. ZUAZUA,,,REG,MC,6,MARIA DEL SOCORRO PLATAS RODRIGUEZ,2,,MC
,19,NUEVO LEON,,,25,GRAL. ZUAZUA,,,REG,MC,7,J JESUS BAUTISTA LOPEZ,1,,MC
,19,NUEVO LEON,,,25,GRAL. ZUAZUA,,,SIND,MC,1,TERESA REYES HERNANDEZ,2,,MC
,19,NUEVO LEON,,,25,GRAL. ZUAZUA,,,SIND,MC,2,TOMAS GERARDO VILLARREAL MARTINEZ,1,,MC
,19,NUEVO LEON,,,26,GUADALUPE,,,PRES_MUN,C_PRI_PRD,1,MARIA CRISTINA DIAZ SALAZAR,2,,PRI
,19,NUEVO LEON,,,26,GUADALUPE,,,REG,C_PRI_PRD,1,CARLOS JOHAN HERRERA PINEDA,1,,PRI
,19,NUEVO LEON,,,26,GUADALUPE,,,REG,C_PRI_PRD,2,VERONICA ELIZABETH GARCIA PEREZ,2,,PRI
,19,NUEVO LEON,,,26,GUADALUPE,,,REG,C_PRI_PRD,3,AGUSTIN GERARDO FLORES SALAZAR,1,,PRI
,19,NUEVO LEON,,,26,GUADALUPE,,,REG,C_PRI_PRD,4,INDIRA AMPARO GAMBOA MORENO,2,,PRD
,19,NUEVO LEON,,,26,GUADALUPE,,,REG,C_PRI_PRD,5,JOSE SANTOS PEREZ GONZALEZ,1,,PRI
,19,NUEVO LEON,,,26,GUADALUPE,,,REG,C_PRI_PRD,6,GINA ROCIO LISA GUERRA,2,,PRI
,19,NUEVO LEON,,,26,GUADALUPE,,,REG,C_PRI_PRD,7,ELI ESCAMILLA REYES,1,,PRI
,19,NUEVO LEON,,,26,GUADALUPE,,,REG,C_PRI_PRD,8,AURORA DEL CARMEN GUAJARDO MEJIA,2,,PRI
,19,NUEVO LEON,,,26,GUADALUPE,,,REG,C_PRI_PRD,9,RICARDO MORALES MEJIA,1,,PRI
,19,NUEVO LEON,,,26,GUADALUPE,,,REG,C_PRI_PRD,10,DIANA BERENICE VILLANUEVA BRIBIESCA,2,,PRI
,19,NUEVO LEON,,,26,GUADALUPE,,,REG,C_PRI_PRD,11,OSCAR JAVIER COLLAZO GARZA,1,,PRI
,19,NUEVO LEON,,,26,GUADALUPE,,,REG,C_PRI_PRD,12,GABRIELA DIAZ GOMEZ,2,,PRI
,19,NUEVO LEON,,,26,GUADALUPE,,,REG,C_PRI_PRD,13,MANUEL SANTOS MEDINA GUEVARA,1,,PRI
,19,NUEVO LEON,,,26,GUADALUPE,,,SIND,C_PRI_PRD,1,CLAUDIA IVINA TAMEZ CAVAZOS,2,,PRI
,19,NUEVO LEON,,,26,GUADALUPE,,,SIND,C_PRI_PRD,2,FELIX CESAR SALINAS MORALES,1,,PRI
,19,NUEVO LEON,,,27,LOS HERRERAS,,,PRES_MUN,PVEM,1,LUIS ALFONSO TIJERINA LOPEZ,1,,PVEM
,19,NUEVO LEON,,,27,LOS HERRERAS,,,REG,PVEM,1,MARIA DE JESUS RAMOS SALINAS,2,,PVEM
,19,NUEVO LEON,,,27,LOS HERRERAS,,,REG,PVEM,2,ISRAEL GARCIA CAVAZOS,1,,PVEM
,19,NUEVO LEON,,,27,LOS HERRERAS,,,REG,PVEM,3,IRMA IDALIA CANO RODRIGUEZ,2,,PVEM
,19,NUEVO LEON,,,27,LOS HERRERAS,,,REG,PVEM,4,OZIEL AYALA CORTEZ,1,,PVEM
,19,NUEVO LEON,,,27,LOS HERRERAS,,,SIND,PVEM,1,MELIDA AURORA GUTIERREZ GONZALEZ,2,,PVEM
,19,NUEVO LEON,,,28,HIDALGO,,,PRES_MUN,MC,1,GUADALUPE JESUS RODRIGUEZ LOZANO,1,,MC
,19,NUEVO LEON,,,28,HIDALGO,,,REG,MC,1,NORMA ALICIA VILLALOBOS GALINDO,2,,MC
,19,NUEVO LEON,,,28,HIDALGO,,,REG,MC,2,MARIN ANTONIO VILLARREAL VILLARREAL,1,,MC
,19,NUEVO LEON,,,28,HIDALGO,,,REG,MC,3,MARIA DEL CARMEN KURI RASGADO,2,,MC
,19,NUEVO LEON,,,28,HIDALGO,,,REG,MC,4,RICARDO RAFAEL LOZANO GARZA,1,,MC
,19,NUEVO LEON,,,28,HIDALGO,,,REG,MC,5,CYNTHIA LISSET SANCHEZ SALINAS,2,,MC
,19,NUEVO LEON,,,28,HIDALGO,,,REG,MC,6,MARIO ALBERTO GARZA MONTEMAYOR,1,,MC
,19,NUEVO LEON,,,28,HIDALGO,,,SIND,MC,1,LETICIA FRANCISCA ESCAMILLA LUNA,2,,MC
,19,NUEVO LEON,,,28,HIDALGO,,,SIND,MC,2,JOSE FRANCISCO CARDENAS CANTU,1,,MC
,19,NUEVO LEON,,,29,HIGUERAS,,,PRES_MUN,PAN,1,RAFAEL RENE GONZALEZ MARTINEZ,1,,PAN
,19,NUEVO LEON,,,29,HIGUERAS,,,REG,PAN,1,MARICRUZ GONZALEZ GUAJARDO,2,,PAN
,19,NUEVO LEON,,,29,HIGUERAS,,,REG,PAN,2,ALBERTO RAMIREZ CRUZ,1,,PAN
,19,NUEVO LEON,,,29,HIGUERAS,,,REG,PAN,3,ANA PATRICIA SANCHEZ MARIN,2,,PAN
,19,NUEVO LEON,,,29,HIGUERAS,,,REG,PAN,4,OZIEL RIGOBERTO RODRIGUEZ MEDINA,1,,PAN
,19,NUEVO LEON,,,29,HIGUERAS,,,SIND,PAN,1,NORMA ALICIA GONZALEZ HERNANDEZ,2,,PAN
,19,NUEVO LEON,,,30,HUALAHUISES,,,PRES_MUN,C_PRI_PRD,1,JOSE GARCIA SALCE,1,,PRI
,19,NUEVO LEON,,,30,HUALAHUISES,,,REG,C_PRI_PRD,1,MARIA CRISTINA CARDENAS DOMINGUEZ,2,,PRI
,19,NUEVO LEON,,,30,HUALAHUISES,,,REG,C_PRI_PRD,2,JUAN ANTONIO PEQUEÑO DE LEON,1,,PRI
,19,NUEVO LEON,,,30,HUALAHUISES,,,REG,C_PRI_PRD,3,ADRIANA ISABEL RODRIGUEZ VILLARREAL,2,,PRI
,19,NUEVO LEON,,,30,HUALAHUISES,,,REG,C_PRI_PRD,4,EUSEVIO ISRAEL RODRIGUEZ GONZALEZ,1,,PRD
,19,NUEVO LEON,,,30,HUALAHUISES,,,SIND,C_PRI_PRD,1,MARCELA RODRIGUEZ RODRIGUEZ,2,,PRI
,19,NUEVO LEON,,,31,ITURBIDE,,,PRES_MUN,C_PRI_PRD,1,CRISTINA YAVIDIA RODRIGUEZ GONZALEZ,2,,PRI
,19,NUEVO LEON,,,31,ITURBIDE,,,REG,C_PRI_PRD,1,PEDRO SERGIO PLATA HERNANDEZ,1,,PRI
,19,NUEVO LEON,,,31,ITURBIDE,,,REG,C_PRI_PRD,2,IMELDA LORENA ESCALONA BOCANEGRA,2,,PRI
,19,NUEVO LEON,,,31,ITURBIDE,,,REG,C_PRI_PRD,3,JOSE RAFAEL BAZALDUA PARRA,1,,PRI
,19,NUEVO LEON,,,31,ITURBIDE,,,REG,C_PRI_PRD,4,ROSA RODRIGUEZ PUGA,2,,PRD
,19,NUEVO LEON,,,31,ITURBIDE,,,SIND,C_PRI_PRD,1,JUAN JOSE ESCOBEDO ARREDONDO,1,,PRI
,19,NUEVO LEON,,,32,JUAREZ,,,PRES_MUN,C_PRI_PRD,1,FRANCISCO HECTOR TREVIÑO CANTU,1,,PRI
,19,NUEVO LEON,,,32,JUAREZ,,,REG,C_PRI_PRD,1,GEOVANI LEAL HERNANDEZ,2,,PRI
,19,NUEVO LEON,,,32,JUAREZ,,,REG,C_PRI_PRD,2,FRANCISCO RUBEN GARCIA FAZ,1,,PRI
,19,NUEVO LEON,,,32,JUAREZ,,,REG,C_PRI_PRD,3,LUCIA GUADALUPE GONZALEZ GARCIA,2,,PRI
,19,NUEVO LEON,,,32,JUAREZ,,,REG,C_PRI_PRD,4,DANIEL SILVA DE LEON,1,,PRD
,19,NUEVO LEON,,,32,JUAREZ,,,REG,C_PRI_PRD,5,MARIA TERESA SUAREZ PALACIOS,2,,PRI
,19,NUEVO LEON,,,32,JUAREZ,,,REG,C_PRI_PRD,6,CASTULO GONZALEZ ACOSTA,1,,PRI
,19,NUEVO LEON,,,32,JUAREZ,,,REG,C_PRI_PRD,7,CHRISTIAN GUADALUPE PEREZ RODRIGUEZ,2,,PRI
,19,NUEVO LEON,,,32,JUAREZ,,,REG,C_PRI_PRD,8,VICTOR ALFONSO CORZO MORALES,1,,PRI
,19,NUEVO LEON,,,32,JUAREZ,,,REG,C_PRI_PRD,9,GABRIELA CORREA DOMINGUEZ,2,,PRI
,19,NUEVO LEON,,,32,JUAREZ,,,SIND,C_PRI_PRD,1,ERENOLDO GONZALEZ RIVERA,1,,PRI
,19,NUEVO LEON,,,32,JUAREZ,,,SIND,C_PRI_PRD,2,CARMEN LUCERO GONZALEZ ALCOCER,2,,PRI
,19,NUEVO LEON,,,33,LAMPAZOS DE NARANJO,,,PRES_MUN,PAN,1,JOSE LUIS SANTOS MARTINEZ,1,,PAN
,19,NUEVO LEON,,,33,LAMPAZOS DE NARANJO,,,REG,PAN,1,BRENDA GUADALUPE MENDOZA TERAN,2,,PAN
,19,NUEVO LEON,,,33,LAMPAZOS DE NARANJO,,,REG,PAN,2,SERGIO ALBERTO ALVEAR PEREZ,1,,PAN
,19,NUEVO LEON,,,33,LAMPAZOS DE NARANJO,,,REG,PAN,3,GLORIA ELVA GARZA CAVADA,2,,PAN
,19,NUEVO LEON,,,33,LAMPAZOS DE NARANJO,,,REG,PAN,4,JESUS OMAR CRUZ JAIME,1,,PAN
,19,NUEVO LEON,,,33,LAMPAZOS DE NARANJO,,,SIND,PAN,1,DEISY NELLY SALAZAR PEREZ,2,,PAN
,19,NUEVO LEON,,,34,LINARES,,,PRES_MUN,PAN,1,SERGIO EDUARDO ELIZONDO GUZMAN,1,,PAN
,19,NUEVO LEON,,,34,LINARES,,,REG,PAN,1,BERTHA ALICIA DELGADO VALLEJO,2,,PAN
,19,NUEVO LEON,,,34,LINARES,,,REG,PAN,2,LEANDRO ALBERTO ALDANA DE LA CRUZ,1,,PAN
,19,NUEVO LEON,,,34,LINARES,,,REG,PAN,3,HAIDDE MIROSLAVA CHAVEZ HERNANDEZ,2,,PAN
,19,NUEVO LEON,,,34,LINARES,,,REG,PAN,4,ALAN ALEJANDRO SERNA REYES,1,,PAN
,19,NUEVO LEON,,,34,LINARES,,,REG,PAN,5,EVA MA. LOPEZ MARTINEZ,2,,PAN
,19,NUEVO LEON,,,34,LINARES,,,REG,PAN,6,LUIS ENRIQUE LEDEZMA VILLARREAL,1,,PAN
,19,NUEVO LEON,,,34,LINARES,,,REG,PAN,7,MARIA DEL CARMEN MACIAS TREVIÑO,2,,PAN
,19,NUEVO LEON,,,34,LINARES,,,SIND,PAN,1,J. GUADALUPE GUTIERREZ YAÑEZ,,,PAN
,19,NUEVO LEON,,,34,LINARES,,,SIND,PAN,2,MARLEN GABRIELA LOZOYA TREVIÑO,2,,PAN
,19,NUEVO LEON,,,35,MARIN,,,PRES_MUN,PVEM,1,JOSE SANTAMARIA GUTIERREZ,1,,PVEM
,19,NUEVO LEON,,,35,MARIN,,,REG,PVEM,1,ROSA LILIA GONZALEZ GONZALEZ,2,,PVEM
,19,NUEVO LEON,,,35,MARIN,,,REG,PVEM,2,CESAR MARES GONZALEZ,1,,PVEM
,19,NUEVO LEON,,,35,MARIN,,,REG,PVEM,3,MARIA ANTONIA ESCOBEDO CASTILLO,2,,PVEM
,19,NUEVO LEON,,,35,MARIN,,,REG,PVEM,4,GREGORIO TAPIA ALEMAN,1,,PVEM
,19,NUEVO LEON,,,35,MARIN,,,SIND,PVEM,1,ROSALBA CAROLINA GONZALEZ CABALLERO,2,,PVEM
,19,NUEVO LEON,,,36,MELCHOR OCAMPO,,,PRES_MUN,C_PVEM_PT_MORENA_PANAL,1,ORLANDO RAMOS GARCIA,1,,PANAL
,19,NUEVO LEON,,,36,MELCHOR OCAMPO,,,REG,C_PVEM_PT_MORENA_PANAL,1,EVILA MARTINEZ CARDENAS,2,,PANAL
,19,NUEVO LEON,,,36,MELCHOR OCAMPO,,,REG,C_PVEM_PT_MORENA_PANAL,2,SEBASTIAN RAMOS GOMEZ,1,,MORENA
,19,NUEVO LEON,,,36,MELCHOR OCAMPO,,,REG,C_PVEM_PT_MORENA_PANAL,3,NEYVA LOPEZ GARCIA,2,,PVEM
,19,NUEVO LEON,,,36,MELCHOR OCAMPO,,,REG,C_PVEM_PT_MORENA_PANAL,4,MARTIN HINOJOSA IBARRA,1,,PT
,19,NUEVO LEON,,,36,MELCHOR OCAMPO,,,SIND,C_PVEM_PT_MORENA_PANAL,1,ALLESA LOPEZ SALINAS,2,,PANAL
,19,NUEVO LEON,,,37,MIER Y NORIEGA,,,PRES_MUN,PAN,1,SANTANA MARTINEZ PEÑA,1,,PAN
,19,NUEVO LEON,,,37,MIER Y NORIEGA,,,REG,PAN,1,MARIA CRUZ PEÑA CARRIZALES,2,,PAN
,19,NUEVO LEON,,,37,MIER Y NORIEGA,,,REG,PAN,2,TIBURCIO CARRIZALES MASCORRO,1,,PAN
,19,NUEVO LEON,,,37,MIER Y NORIEGA,,,REG,PAN,3,ROSALVA ORTIZ SAUCEDA,2,,PAN
,19,NUEVO LEON,,,37,MIER Y NORIEGA,,,REG,PAN,4,ADOLFO ANGEL ALVAREZ ALVAREZ,1,,PAN
,19,NUEVO LEON,,,37,MIER Y NORIEGA,,,SIND,PAN,1,PAOLA ELIZABETH PEÑA ZAVALA,2,,PAN
,19,NUEVO LEON,,,38,MINA,,,PRES_MUN,C_PRI_PRD,1,EDGAR CANDELARIO MOLINA ELIZONDO,1,,PRI
,19,NUEVO LEON,,,38,MINA,,,REG,C_PRI_PRD,1,MARGARITA CISNEROS HIPOLITO,2,,PRI
,19,NUEVO LEON,,,38,MINA,,,REG,C_PRI_PRD,2,ABRAHAM HERNANDEZ ESPINOZA,1,,PRI
,19,NUEVO LEON,,,38,MINA,,,REG,C_PRI_PRD,3,MARTHA IDALIA GONZALEZ CISNEROS,2,,PRI
,19,NUEVO LEON,,,38,MINA,,,REG,C_PRI_PRD,4,LUIS MIGUEL BARRON MORUA,1,,PRD
,19,NUEVO LEON,,,38,MINA,,,SIND,C_PRI_PRD,1,ISABEL NOHEMI GONZALEZ SAUCEDA,2,,PRI
,19,NUEVO LEON,,,39,MONTEMORELOS,,,PRES_MUN,C_PRI_PRD,1,MIGUEL ANGEL SALAZAR RANGEL,1,,PRI
,19,NUEVO LEON,,,39,MONTEMORELOS,,,REG,C_PRI_PRD,1,MARIA CLAUDIA ESCAMILLA ESPINOSA,2,,PRI
,19,NUEVO LEON,,,39,MONTEMORELOS,,,REG,C_PRI_PRD,2,AGUSTIN CHAVEZ DANIEL,1,,PRI
,19,NUEVO LEON,,,39,MONTEMORELOS,,,REG,C_PRI_PRD,3,SILVIA GUADALUPE RAMIREZ PERALES,2,,PRI
,19,NUEVO LEON,,,39,MONTEMORELOS,,,REG,C_PRI_PRD,4,ENRIQUE DARIO RINCON JASSO,1,,PRD
,19,NUEVO LEON,,,39,MONTEMORELOS,,,REG,C_PRI_PRD,5,DINA MARIA LIRA ARRAMBIDE,2,,PRI
,19,NUEVO LEON,,,39,MONTEMORELOS,,,REG,C_PRI_PRD,6,FERNANDO FERNANDEZ GUERRERO,1,,PRI
,19,NUEVO LEON,,,39,MONTEMORELOS,,,REG,C_PRI_PRD,7,LIDIA CATALINA PADILLA CAVAZOS,2,,PRI
,19,NUEVO LEON,,,39,MONTEMORELOS,,,SIND,C_PRI_PRD,1,SAMARA KARELLI NUÑEZ IBARRA,2,,PRI
,19,NUEVO LEON,,,39,MONTEMORELOS,,,SIND,C_PRI_PRD,2,MELCHOR GARCIA GOMEZ,1,,PRI
,19,NUEVO LEON,,,40,MONTERREY,,,PRES_MUN,MC,1,LUIS DONALDO COLOSIO RIOJAS,1,,MC
,19,NUEVO LEON,,,40,MONTERREY,,,REG,MC,1,ANABEL MOLINA GARCIA,2,,MC
,19,NUEVO LEON,,,40,MONTERREY,,,REG,MC,2,ADAN ARIZPE MONTAÑO,1,,MC
,19,NUEVO LEON,,,40,MONTERREY,,,REG,MC,3,KARLA LIZZETH TORRES MARTINEZ,2,,MC
,19,NUEVO LEON,,,40,MONTERREY,,,REG,MC,4,JOSE ANTONIO CHAVEZ CONTRERAS,1,,MC
,19,NUEVO LEON,,,40,MONTERREY,,,REG,MC,5,AGUEDA ALE VALDES,2,,MC
,19,NUEVO LEON,,,40,MONTERREY,,,REG,MC,6,GUSTAVO GUADALUPE MORALES TAPIA,1,,MC
,19,NUEVO LEON,,,40,MONTERREY,,,REG,MC,7,CARMEN CRISTINA SALINAS RUIZ,2,,MC
,19,NUEVO LEON,,,40,MONTERREY,,,REG,MC,8,FIDEL AYALA MONSIVAIS,1,,MC
,19,NUEVO LEON,,,40,MONTERREY,,,REG,MC,9,ANA EUGENIA RODRIGUEZ VALDEZ,2,,MC
,19,NUEVO LEON,,,40,MONTERREY,,,REG,MC,10,MARCELO GONZALEZ JIMÉNEZ,1,,MC
,19,NUEVO LEON,,,40,MONTERREY,,,REG,MC,11,JANETH ALICIA SEPULVEDA SANCHEZ,2,,MC
,19,NUEVO LEON,,,40,MONTERREY,,,REG,MC,12,MARIO ISAIAS CASTAÑEDA PUENTES,1,,MC
,19,NUEVO LEON,,,40,MONTERREY,,,REG,MC,13,MARIA CLAUDIA CANTU MARTINEZ,2,,MC
,19,NUEVO LEON,,,40,MONTERREY,,,REG,MC,14,JOSE FRANCISCO SALINAS CARRILLO,1,,MC
,19,NUEVO LEON,,,40,MONTERREY,,,REG,MC,15,RUTH CAROLINA CAVAZOS NIETO,2,,MC
,19,NUEVO LEON,,,40,MONTERREY,,,REG,MC,16,ARTURO MENDEZ MEDINA,1,,MC
,19,NUEVO LEON,,,40,MONTERREY,,,REG,MC,17,ROSA ISELA MONTES VILLANUEVA,2,,MC
,19,NUEVO LEON,,,40,MONTERREY,,,REG,MC,18,RUBEN ALBERTO SALINAS CANTU,1,,MC
,19,NUEVO LEON,,,40,MONTERREY,,,SIND,MC,1,LUCY BENY CARLOTA VILLARREAL VILLARREAL,2,,MC
,19,NUEVO LEON,,,40,MONTERREY,,,SIND,MC,2,CARLOS EDUARDO MENDOZA CANO,1,,MC
,19,NUEVO LEON,,,41,PARAS,,,PRES_MUN,PAN,1,ANA IZA OLIVEIRA TREVIÑO,2,,PAN
,19,NUEVO LEON,,,41,PARAS,,,REG,PAN,1,LUIS GONZALEZ ARREDONDO,1,,PAN
,19,NUEVO LEON,,,41,PARAS,,,REG,PAN,2,MA. DEL ROSARIO GARZA BARRERA,2,,PAN
,19,NUEVO LEON,,,41,PARAS,,,REG,PAN,3,JOSE OMAR PEREZ MARTINEZ,1,,PAN
,19,NUEVO LEON,,,41,PARAS,,,REG,PAN,4,MARTHA JOHANA CORONADO MIRELES,2,,PAN
,19,NUEVO LEON,,,41,PARAS,,,SIND,PAN,1,ROLANDO HERNANDEZ FLORES,1,,PAN
,19,NUEVO LEON,,,42,PESQUERIA,,,PRES_MUN,PAN,1,IVAN PATRICIO LOZANO RAMOS,1,,PAN
,19,NUEVO LEON,,,42,PESQUERIA,,,REG,PAN,1,MICAELA BENITEZ PRIETO,2,,PAN
,19,NUEVO LEON,,,42,PESQUERIA,,,REG,PAN,2,CESAR VALDES MARQUES,1,,PAN
,19,NUEVO LEON,,,42,PESQUERIA,,,REG,PAN,3,LORENA DE LA ROSA RIOJAS,2,,PAN
,19,NUEVO LEON,,,42,PESQUERIA,,,REG,PAN,4,MIGUEL LUNA LOPEZ,1,,PAN
,19,NUEVO LEON,,,42,PESQUERIA,,,REG,PAN,5,ALMA ROSA OVIEDO GONZALEZ,2,,PAN
,19,NUEVO LEON,,,42,PESQUERIA,,,REG,PAN,6,MOISES CABELLO PEREZ,1,,PAN
,19,NUEVO LEON,,,42,PESQUERIA,,,SIND,PAN,1,ANA MARIA GUADALUPE ESCOBEDO FLORES,2,,PAN
,19,NUEVO LEON,,,42,PESQUERIA,,,SIND,PAN,2,SANTOS ANGEL PULIDO ARRATIA,1,,PAN
,19,NUEVO LEON,,,43,LOS RAMONES,,,PRES_MUN,PANAL,1,JESUS PLACIDO RODRIGUEZ TREVIÑO,1,,PANAL
,19,NUEVO LEON,,,43,LOS RAMONES,,,REG,PANAL,1,MARIBEL PEREZ PADILLA,2,,PANAL
,19,NUEVO LEON,,,43,LOS RAMONES,,,REG,PANAL,2,RAMIRO PRUNEDA GONZALEZ,1,,PANAL
,19,NUEVO LEON,,,43,LOS RAMONES,,,REG,PANAL,3,IRMA VERONICA CRUZ GUERRA,2,,PANAL
,19,NUEVO LEON,,,43,LOS RAMONES,,,REG,PANAL,4,VENUSTIANO FLORES GARCIA,1,,PANAL
,19,NUEVO LEON,,,43,LOS RAMONES,,,SIND,PANAL,1,ANAKAREN GONZALEZ CARRILLO,2,,PANAL
,19,NUEVO LEON,,,44,RAYONES,,,PRES_MUN,PAN,1,SANDRA MARGARITA TORRES SALAZAR,2,,PAN
,19,NUEVO LEON,,,44,RAYONES,,,REG,PAN,1,JOSE DAVID MACIAS CORTES,1,,PAN
,19,NUEVO LEON,,,44,RAYONES,,,REG,PAN,2,YADIRA LISBET ESPINOSA DELGADILLO,2,,PAN
,19,NUEVO LEON,,,44,RAYONES,,,REG,PAN,3,JOSE JUAN REYNA PEREZ,1,,PAN
,19,NUEVO LEON,,,44,RAYONES,,,REG,PAN,4,MARIA AMELIA ORZUA SAUCEDA,2,,PAN
,19,NUEVO LEON,,,44,RAYONES,,,SIND,PAN,1,KARINA DEL SOCORRO PINEDA HERNANDEZ,2,,PAN
,19,NUEVO LEON,,,45,SABINAS HIDALGO,,,PRES_MUN,MC,1,DAVID GONZALEZ MORTON,1,,MC
,19,NUEVO LEON,,,45,SABINAS HIDALGO,,,REG,MC,1,MARIA YESENIA NUÑEZ TREVIÑO,2,,MC
,19,NUEVO LEON,,,45,SABINAS HIDALGO,,,REG,MC,2,CESAR IBARRA CARDENAS,1,,MC
,19,NUEVO LEON,,,45,SABINAS HIDALGO,,,REG,MC,3,CONSUELO YOLANDA NAVA CAVAZOS,2,,MC
,19,NUEVO LEON,,,45,SABINAS HIDALGO,,,REG,MC,4,ISIDRO GARZA MORALES,1,,MC
,19,NUEVO LEON,,,45,SABINAS HIDALGO,,,REG,MC,5,ERNESTINA VALDEZ RAMIREZ,2,,MC
,19,NUEVO LEON,,,45,SABINAS HIDALGO,,,REG,MC,6,MANUEL FACUNDO ESPINOSA,1,,MC
,19,NUEVO LEON,,,45,SABINAS HIDALGO,,,SIND,MC,1,DIANA GALATEA GARAY CAVAZOS,2,,MC
,19,NUEVO LEON,,,45,SABINAS HIDALGO,,,SIND,MC,2,JUAN GUILLERMO IBARRA MARTINEZ,1,,MC
,19,NUEVO LEON,,,46,SALINAS VICTORIA,,,PRES_MUN,MC,1,RAUL CANTU DE LA GARZA,1,,MC
,19,NUEVO LEON,,,46,SALINAS VICTORIA,,,REG,MC,1,GLORIA IVONE FLORES CASTILLO,2,,MC
,19,NUEVO LEON,,,46,SALINAS VICTORIA,,,REG,MC,2,NOE VILLARREAL LOZANO,1,,MC
,19,NUEVO LEON,,,46,SALINAS VICTORIA,,,REG,MC,3,CRISANTA GARCIA GARZA,2,,MC
,19,NUEVO LEON,,,46,SALINAS VICTORIA,,,REG,MC,4,FERNANDO GARCIA MEDEREZ,1,,MC
,19,NUEVO LEON,,,46,SALINAS VICTORIA,,,REG,MC,5,ANA CRISTINA LOZANO CISNEROS,2,,MC
,19,NUEVO LEON,,,46,SALINAS VICTORIA,,,REG,MC,6,JOSE JUAN GARCIA LOPEZ,1,,MC
,19,NUEVO LEON,,,46,SALINAS VICTORIA,,,SIND,MC,1,SERGIO ARTURO TORRES SEGOVIA,1,,MC
,19,NUEVO LEON,,,46,SALINAS VICTORIA,,,SIND,MC,2,SANDRA CECILIA ESCOBEDO GUAJARDO,2,,MC
,19,NUEVO LEON,,,47,SAN NICOLAS DE LOS GARZA,,,PRES_MUN,PAN,1,DANIEL CARRILLO MARTINEZ,1,,PAN
,19,NUEVO LEON,,,47,SAN NICOLAS DE LOS GARZA,,,REG,PAN,1,NORMA PATRICIA THERIOT GIRON,2,,PAN
,19,NUEVO LEON,,,47,SAN NICOLAS DE LOS GARZA,,,REG,PAN,2,OMAR ORLANDO PEREZ ORTEGA,1,,PAN
,19,NUEVO LEON,,,47,SAN NICOLAS DE LOS GARZA,,,REG,PAN,3,LUCRECIA MORENO RODRIGUEZ,2,,PAN
,19,NUEVO LEON,,,47,SAN NICOLAS DE LOS GARZA,,,REG,PAN,4,MARCO ANTONIO RODRIGUEZ DOMINGUEZ,1,,PAN
,19,NUEVO LEON,,,47,SAN NICOLAS DE LOS GARZA,,,REG,PAN,5,LIZA AIRAM CARDENAS CERVANTES,2,,PAN
,19,NUEVO LEON,,,47,SAN NICOLAS DE LOS GARZA,,,REG,PAN,6,OSCAR LEONEL CALDERON ELIZONDO,1,,PAN
,19,NUEVO LEON,,,47,SAN NICOLAS DE LOS GARZA,,,REG,PAN,7,CLAUDIA CANO RODRIGUEZ,2,,PAN
,19,NUEVO LEON,,,47,SAN NICOLAS DE LOS GARZA,,,REG,PAN,8,RICARDO CONDELLE GOMEZ,1,,PAN
,19,NUEVO LEON,,,47,SAN NICOLAS DE LOS GARZA,,,REG,PAN,9,CRISTHELA DEYANIRA MEDELLIN GARCIA,2,,PAN
,19,NUEVO LEON,,,47,SAN NICOLAS DE LOS GARZA,,,REG,PAN,10,ROLANDO ROLDAN MARTINEZ GONZALEZ,1,,PAN
,19,NUEVO LEON,,,47,SAN NICOLAS DE LOS GARZA,,,REG,PAN,11,CAROLINA ELIZABETH CELIA CASTILLO,2,,PAN
,19,NUEVO LEON,,,47,SAN NICOLAS DE LOS GARZA,,,SIND,PAN,1,LINDA FELICIDAD VILLARREAL CANTU,2,,PAN
,19,NUEVO LEON,,,47,SAN NICOLAS DE LOS GARZA,,,SIND,PAN,2,JULIO CESAR ALVAREZ GONZALEZ,1,,PAN
,19,NUEVO LEON,,,48,SANTA CATARINA,,,PRES_MUN,PAN,1,JESUS ANGEL NAVA RIVERA,1,,PAN
,19,NUEVO LEON,,,48,SANTA CATARINA,,,REG,PAN,1,PERLA CECILIA AGUIRRE MEJIA,2,,PAN
,19,NUEVO LEON,,,48,SANTA CATARINA,,,REG,PAN,2,MIGUEL ANGEL GARCIA LECHUGA,1,,PAN
,19,NUEVO LEON,,,48,SANTA CATARINA,,,REG,PAN,3,STEFFANE ALEXANDRA PEREZ VILLANUEVA,2,,PAN
,19,NUEVO LEON,,,48,SANTA CATARINA,,,REG,PAN,4,JOSE JAVIER MARTINEZ RODRIGUEZ,1,,PAN
,19,NUEVO LEON,,,48,SANTA CATARINA,,,REG,PAN,5,BRENDA YANETH ESPINOZA RIVAS,2,,PAN
,19,NUEVO LEON,,,48,SANTA CATARINA,,,REG,PAN,6,VICTOR MANUEL TORRES LEAL,1,,PAN
,19,NUEVO LEON,,,48,SANTA CATARINA,,,REG,PAN,7,JUANA MARIA REYES SANCHEZ,2,,PAN
,19,NUEVO LEON,,,48,SANTA CATARINA,,,REG,PAN,8,ALEJANDRO MEDRANO GARCIA,1,,PAN
,19,NUEVO LEON,,,48,SANTA CATARINA,,,REG,PAN,9,ADRIANA MARISOL CASTRO RUIZ,2,,PAN
,19,NUEVO LEON,,,48,SANTA CATARINA,,,SIND,PAN,1,ROBERTO LOPEZ ROJAS,1,,PAN
,19,NUEVO LEON,,,48,SANTA CATARINA,,,SIND,PAN,2,ELIZABETH GALICIA RUIZ,2,,PAN
,19,NUEVO LEON,,,49,SANTIAGO,,,PRES_MUN,C_PRI_PRD,1,DAVID DE LA PEÑA MARROQUIN,1,,PRI
,19,NUEVO LEON,,,49,SANTIAGO,,,REG,C_PRI_PRD,1,BLANCA ESTHELA ALANIS TELLO,2,,PRI
,19,NUEVO LEON,,,49,SANTIAGO,,,REG,C_PRI_PRD,2,FRANCISCO JAVIER ALMAGUER TAMEZ,1,,PRI
,19,NUEVO LEON,,,49,SANTIAGO,,,REG,C_PRI_PRD,3,MYRIAM LIZETH CAVAZOS SALAZAR,2,,PRI
,19,NUEVO LEON,,,49,SANTIAGO,,,REG,C_PRI_PRD,4,JUAN ALEJANDRO ESPRONCEDA DE LEON,1,,PRD
,19,NUEVO LEON,,,49,SANTIAGO,,,REG,C_PRI_PRD,5,MARIA IDALIA MARROQUIN GARZA,2,,PRI
,19,NUEVO LEON,,,49,SANTIAGO,,,REG,C_PRI_PRD,6,HECTOR DANIEL ALANIS MARTINEZ,1,,PRI
,19,NUEVO LEON,,,49,SANTIAGO,,,SIND,C_PRI_PRD,1,ANA LUCIA ESPRONCEDA TAMEZ,2,,PRI
,19,NUEVO LEON,,,49,SANTIAGO,,,SIND,C_PRI_PRD,2,HECTOR GUADALUPE CHAVARRI DE LA ROSA,1,,PRI
,19,NUEVO LEON,,,50,VALLECILLO,,,PRES_MUN,C_PVEM_PT_MORENA_PANAL,1,MARIA LINA MARGARITA MARTINEZ SERNA,2,,PT
,19,NUEVO LEON,,,50,VALLECILLO,,,REG,C_PVEM_PT_MORENA_PANAL,1,NELSON OVIDIO RODRIGUEZ SERNA,1,,PT
,19,NUEVO LEON,,,50,VALLECILLO,,,REG,C_PVEM_PT_MORENA_PANAL,2,MICAELA LOPEZ SALDAÑA,2,,MORENA
,19,NUEVO LEON,,,50,VALLECILLO,,,REG,C_PVEM_PT_MORENA_PANAL,3,GERARDO ABREGO GUERRA,1,,PVEM
,19,NUEVO LEON,,,50,VALLECILLO,,,REG,C_PVEM_PT_MORENA_PANAL,4,MARIA ANTONIA VILLA GARZA,2,,PANAL
,19,NUEVO LEON,,,50,VALLECILLO,,,SIND,C_PVEM_PT_MORENA_PANAL,1,REYES SANCHEZ SILLER,1,,PT
,19,NUEVO LEON,,,51,VILLALDAMA,,,PRES_MUN,MC,1,LUIS EDUARDO SEPULVEDA DE LEON,1,,MC
,19,NUEVO LEON,,,51,VILLALDAMA,,,REG,MC,1,CLAUDIA MARICELA VILLARREAL SOLIS,2,,MC
,19,NUEVO LEON,,,51,VILLALDAMA,,,REG,MC,2,RENE DE LEON REYES,1,,MC
,19,NUEVO LEON,,,51,VILLALDAMA,,,REG,MC,3,ADRIANA NOEMI HERNANDEZ REYNA,2,,MC
,19,NUEVO LEON,,,51,VILLALDAMA,,,REG,MC,4,JUAN MANUEL NIÑO ESQUEDA,1,,MC
,19,NUEVO LEON,,,51,VILLALDAMA,,,SIND,MC,1,IDANIA OLINDA CAMPOS GARCIA,2,,MC
,19,NUEVO LEON,,,1,ABASOLO,,,REG_RP,PVEM,1,LETICIA SOLEDAD RODRIGUEZ CARDENAS,2,,PVEM
,19,NUEVO LEON,,,1,ABASOLO,,,REG_RP,MC,1,KARLA WENDOLY GARZA LUNA,2,,MC
,19,NUEVO LEON,,,2,AGUALEGUAS,,,REG_RP,PRI,1,OVIDIO VILLARREAL SAENZ,1,,PRI
,19,NUEVO LEON,,,2,AGUALEGUAS,,,REG_RP,MC,1,IRASEMA GOMEZ ANAYA,2,,MC
,19,NUEVO LEON,,,3,LOS ALDAMAS,,,REG_RP,PRI,1,ANABEL MONTES CANO,2,,PRI
,19,NUEVO LEON,,,3,LOS ALDAMAS,,,REG_RP,PANAL,1,ISRAEL LOZANO VILLARREAL,1,,PANAL
,19,NUEVO LEON,,,4,ALLENDE,,,REG_RP,PAN,1,OLGA LIDIA ROJAS CAVAZOS,2,,PAN
,19,NUEVO LEON,,,4,ALLENDE,,,REG_RP,MC,1,ANA KAREN MARTINEZ GARCIA,2,,MC
,19,NUEVO LEON,,,4,ALLENDE,,,REG_RP,RSP,1,NORMA ADRIANA TAMEZ RODRIGUEZ,2,,RSP
,19,NUEVO LEON,,,5,ANAHUAC,,,REG_RP,PAN,1,RUBEN MARTINEZ SANCHEZ,1,,PAN
,19,NUEVO LEON,,,5,ANAHUAC,,,REG_RP,MORENA,1,CLAUDIA HERNANDEZ GELACIO,2,,MORENA
,19,NUEVO LEON,,,5,ANAHUAC,,,REG_RP,CAND_IND10,1,EUFEMIA SANCHEZ PEÑA,2,,CAND_IND10
,19,NUEVO LEON,,,6,APODACA,,,REG_RP,PAN,1,RODRIGO MURILLO ULLOA,1,,PAN
,19,NUEVO LEON,,,6,APODACA,,,REG_RP,PAN,1,SILVIA ORDOÑEZ GARCIA,2,,PAN
,19,NUEVO LEON,,,6,APODACA,,,REG_RP,MC,1,JUAN ALBERTO PADILLA MALDONADO,1,,MC
,19,NUEVO LEON,,,6,APODACA,,,REG_RP,MC,1,BERNABE JANETH ARRATIA MENDEZ,2,,MC
,19,NUEVO LEON,,,6,APODACA,,,REG_RP,MORENA,1,GLORIA CONCEPCION TREVIÑO SALAZAR,2,,MORENA
,19,NUEVO LEON,,,7,ARAMBERRI,,,REG_RP,PAN,1,J. SANTOS ORTEGA GONZALEZ,1,,PAN
,19,NUEVO LEON,,,7,ARAMBERRI,,,REG_RP,PAN,1,MA DE JESUS ALEMAN CARDOZA,2,,PAN
,19,NUEVO LEON,,,7,ARAMBERRI,,,REG_RP,PT,1,SINTYA TATIANA MALDONADO PEREZ,2,,PT
,19,NUEVO LEON,,,8,BUSTAMANTE,,,REG_RP,PRI,1,EMMA GARCIA QUINTANILLA,2,,PRI
,19,NUEVO LEON,,,8,BUSTAMANTE,,,REG_RP,RSP,1,VERONICA ESTHER TREVIÑO MARTINEZ,2,,RSP
,19,NUEVO LEON,,,9,CADEREYTA JIMENEZ,,,REG_RP,PRI,1,ADRIANA GUADALUPE LEAL GONZALEZ,2,,PRI
,19,NUEVO LEON,,,9,CADEREYTA JIMENEZ,,,REG_RP,PVEM,1,BLANCA ELIZABETH FLORES PEREZ,2,,PVEM
,19,NUEVO LEON,,,9,CADEREYTA JIMENEZ,,,REG_RP,MORENA,1,ERI RODRIGUEZ GARCIA,1,,MORENA
,19,NUEVO LEON,,,10,EL CARMEN,,,REG_RP,PAN,1,ANA KAREN VILLARREAL MORUA,2,,PAN
,19,NUEVO LEON,,,10,EL CARMEN,,,REG_RP,PRI,1,RAFAEL ANTONIO PORTILLO GARCIA,1,,PRI
,19,NUEVO LEON,,,10,EL CARMEN,,,REG_RP,MC,1,VANESA GARZA LARA,2,,MC
,19,NUEVO LEON,,,11,CERRALVO,,,REG_RP,PRI,1,BLANCA CELIA FLORES MADRIGAL,2,,PRI
,19,NUEVO LEON,,,11,CERRALVO,,,REG_RP,MORENA,1,DANIEL SEGURA REYNA,1,,MORENA
,19,NUEVO LEON,,,12,CIENEGA DE FLORES,,,REG_RP,PAN,1,MONICA ROSARIO ALMAGUER VALDEZ,2,,PAN
,19,NUEVO LEON,,,12,CIENEGA DE FLORES,,,REG_RP,PRI,1,PAULINO SANTIAGO DE LA CRUZ,1,,PRI
,19,NUEVO LEON,,,12,CIENEGA DE FLORES,,,REG_RP,FXM,1,KRISTEL DEL ROSARIO OLAN JIMENEZ,2,,FXM
,19,NUEVO LEON,,,13,CHINA,,,REG_RP,PRI,1,RAQUEL DIAZ GUERRA,2,,PRI
,19,NUEVO LEON,,,13,CHINA,,,REG_RP,CAND_IND18,1,AYDEE VERONICA CORTEZ VILLARREAL,2,,CAND_IND18
,19,NUEVO LEON,,,14,DR. ARROYO,,,REG_RP,PAN,1,JORGE LUIS GALLARDO GARCIA,1,,PAN
,19,NUEVO LEON,,,14,DR. ARROYO,,,REG_RP,MORENA,1,NELLY ANIELLA CUEVAS LOPEZ,2,,MORENA
,19,NUEVO LEON,,,14,DR. ARROYO,,,REG_RP,MORENA,1,ESMIRNA YOLANDA VARGAS QUINTERO,2,,MORENA
,19,NUEVO LEON,,,15,DR. COSS,,,REG_RP,PAN,1,FRANCISCO PEÑA SALINAS,1,,PAN
,19,NUEVO LEON,,,15,DR. COSS,,,REG_RP,PRI,1,MARIA IDALIA MORIN RENDON,2,,PRI
,19,NUEVO LEON,,,16,DR. GONZALEZ,,,REG_RP,PT,1,GLORIA GARCIA TORRES,2,,PT
,19,NUEVO LEON,,,16,DR. GONZALEZ,,,REG_RP,PANAL,1,CLAUDIA CAMPOS MARTINEZ,2,,PANAL
,19,NUEVO LEON,,,17,GALEANA,,,REG_RP,PAN,1,LUZ MARIA JIMENEZ RAMIREZ,2,,PAN
,19,NUEVO LEON,,,17,GALEANA,,,REG_RP,PVEM,1,MARIA DOLORES FLORES HERNANDEZ,2,,PVEM
,19,NUEVO LEON,,,17,GALEANA,,,REG_RP,PVEM,1,ASCENSION MOLINA PEÑA,1,,PVEM
,19,NUEVO LEON,,,18,GARCIA,,,REG_RP,CAND_IND8,1,MARIA CAROLINA FLORES ROJAS,2,,CAND_IND8
,19,NUEVO LEON,,,18,GARCIA,,,REG_RP,MC,1,LUIS ARMANDO TREVIÑO ROSALES,1,,MC
,19,NUEVO LEON,,,18,GARCIA,,,REG_RP,MORENA,1,ERIKA DEL CARMEN GONZALEZ OBREGON,2,,MORENA
,19,NUEVO LEON,,,18,GARCIA,,,REG_RP,PAN,1,CRUZ MIREYA CARDONA HERNANDEZ,2,,PAN
,19,NUEVO LEON,,,19,SAN PEDRO GARZA GARCIA,,,REG_RP,PAN,1,MARIA DEL ROSARIO GALVAN GARCIA,2,,PAN
,19,NUEVO LEON,,,19,SAN PEDRO GARZA GARCIA,,,REG_RP,PRI,1,JOSE ANTONIO RODARTE BARRAZA,1,,PRI
,19,NUEVO LEON,,,19,SAN PEDRO GARZA GARCIA,,,REG_RP,PAN,1,BRENDA TAFICH LANKENAU,2,,PAN
,19,NUEVO LEON,,,19,SAN PEDRO GARZA GARCIA,,,REG_RP,PAN,1,MARIA DE LOS DOLORES SUAREZ GARZA,2,,PAN
,19,NUEVO LEON,,,20,GRAL. BRAVO,,,REG_RP,PRI,1,JESUS FELICIANO NIÑO SALAZAR,1,,PRI
,19,NUEVO LEON,,,20,GRAL. BRAVO,,,REG_RP,PRI,1,MARIA GUADALUPE VAZQUEZ MARTINEZ,2,,PRI
,19,NUEVO LEON,,,21,GRAL. ESCOBEDO,,,REG_RP,PAN,1,JUAN LUCIANO VEGA BARRERA,1,,PAN
,19,NUEVO LEON,,,21,GRAL. ESCOBEDO,,,REG_RP,PAN,1,THALIA LETICIA MARQUEZ NUNCIO,2,,PAN
,19,NUEVO LEON,,,21,GRAL. ESCOBEDO,,,REG_RP,MC,1,ROSA ELIZABETH BENITEZ RIVERA,2,,MC
,19,NUEVO LEON,,,21,GRAL. ESCOBEDO,,,REG_RP,PRI,1,ANA LILIA MARTINEZ PEREZ,2,,PRI
,19,NUEVO LEON,,,22,GRAL. TERAN,,,REG_RP,PRI,1,JOSEFA MARGARITA MEZA GUERRA,2,,PRI
,19,NUEVO LEON,,,22,GRAL. TERAN,,,REG_RP,MORENA,1,LINDA ROSA FLORES GARZA,2,,MORENA
,19,NUEVO LEON,,,22,GRAL. TERAN,,,REG_RP,RSP,1,BERTHA ALICIA LOPEZ RODRIGUEZ,2,,RSP
,19,NUEVO LEON,,,23,GRAL. TREVINO,,,REG_RP,PRI,1,HORACIO MAR TREVIÑO,1,,PRI
,19,NUEVO LEON,,,23,GRAL. TREVINO,,,REG_RP,PRI,1,JOSEFINA AVILA BELLO,2,,PRI
,19,NUEVO LEON,,,24,GRAL. ZARAGOZA,,,REG_RP,PAN,1,VICTOR IZAEL JASSO DIAZ,1,,PAN
,19,NUEVO LEON,,,24,GRAL. ZARAGOZA,,,REG_RP,PRI,1,LIOLIRIA LOPEZ GRIMALDO,2,,PRI
,19,NUEVO LEON,,,25,GRAL. ZUAZUA,,,REG_RP,PRI,1,MARISOL MONTEMAYOR PINEDA,2,,PRI
,19,NUEVO LEON,,,25,GRAL. ZUAZUA,,,REG_RP,PAN,1,JONATHAN EVER CAMPOS ORDOÑEZ,1,,PAN
,19,NUEVO LEON,,,25,GRAL. ZUAZUA,,,REG_RP,PVEM,1,FRANCISCA ELENA RIVERA PIÑA,2,,PVEM
,19,NUEVO LEON,,,26,GUADALUPE,,,REG_RP,PAN,1,ADRIANA MARIA TALAVERA VILLALOBOS,2,,PAN
,19,NUEVO LEON,,,26,GUADALUPE,,,REG_RP,PAN,1,JESUS MARIO DELGADILLO TAMEZ,1,,PAN
,19,NUEVO LEON,,,26,GUADALUPE,,,REG_RP,PVEM,1,EDUARDO DAVID MALDONADO GONZALEZ,1,,PVEM
,19,NUEVO LEON,,,26,GUADALUPE,,,REG_RP,MC,1,LAURA PAULA LÓPEZ SÁNCHEZ,2,,MC
,19,NUEVO LEON,,,26,GUADALUPE,,,REG_RP,MC,1,LEOPOLDO GERARDO URDIALES SAENZ,1,,MC
,19,NUEVO LEON,,,26,GUADALUPE,,,REG_RP,MORENA,1,CLARITZA ESTEFANIA DUARTE LUGO,2,,MORENA
,19,NUEVO LEON,,,27,LOS HERRERAS,,,REG_RP,PRI,1,ELVIS OMAR BENAVIDES BENAVIDES,1,,PRI
,19,NUEVO LEON,,,27,LOS HERRERAS,,,REG_RP,PAN,1,MARIA DEL SOCORRO SALINAS BENAVIDES,2,,PAN
,19,NUEVO LEON,,,28,HIDALGO,,,REG_RP,PAN,1,JAVIER CRUZ GONZALEZ,1,,PAN
,19,NUEVO LEON,,,28,HIDALGO,,,REG_RP,RSP,1,ELENA JANET RICO CARRIZALES,2,,RSP
,19,NUEVO LEON,,,28,HIDALGO,,,REG_RP,CAND_IND14,1,GRACIELA MARGARITA VILLALOBOS GUTIERREZ,2,,CAND_IND14
,19,NUEVO LEON,,,29,HIGUERAS,,,REG_RP,PRD,1,MANUELA GUADALUPE ROBLEDO CASTRO,2,,PRD
,19,NUEVO LEON,,,29,HIGUERAS,,,REG_RP,PRD,1,LUIS MARTIN GUAJARDO CAMACHO,1,,PRD
,19,NUEVO LEON,,,30,HUALAHUISES,,,REG_RP,CAND_IND9,1,MARIA LUCILA CONTRERAS REYES,2,,CAND_IND9
,19,NUEVO LEON,,,30,HUALAHUISES,,,REG_RP,CAND_IND9,1,CARLOS ANTONIO HERRERA MARTINEZ,1,,CAND_IND9
,19,NUEVO LEON,,,31,ITURBIDE,,,REG_RP,PAN,1,DORA LUCIA DE LA PEÑA PEREZ,2,,PAN
,19,NUEVO LEON,,,31,ITURBIDE,,,REG_RP,PAN,1,ISAIAS ALFREDO ESCOBEDO BAZALDUA,1,,PAN
,19,NUEVO LEON,,,32,JUAREZ,,,REG_RP,PAN,1,BRENDA DANIELA DE LEON REYES,2,,PAN
,19,NUEVO LEON,,,32,JUAREZ,,,REG_RP,PAN,1,JESUS FERNANDO GARZA ALCALÁ,,PAN,
,19,NUEVO LEON,,,32,JUAREZ,,,REG_RP,MC,1,MIRIAM GARZA PEÑA,2,,MC
,19,NUEVO LEON,,,32,JUAREZ,,,REG_RP,MORENA,1,ROY HARRIS RAMIREZ MORALES,1,,MORENA
,19,NUEVO LEON,,,33,LAMPAZOS DE NARANJO,,,REG_RP,PRI,1,JUAN FRANCISCO MATA VILLARREAL,1,,PRI
,19,NUEVO LEON,,,33,LAMPAZOS DE NARANJO,,,REG_RP,MORENA,1,VIRGINIA VELA SANTOS,2,,MORENA
,19,NUEVO LEON,,,34,LINARES,,,REG_RP,PRI,1,IGNACIO CARRERA ESTRADA,1,,PRI
,19,NUEVO LEON,,,34,LINARES,,,REG_RP,CAND_IND21,1,ELDA JEANETH HERNANDEZ MONCADA,2,,CAND_IND21
,19,NUEVO LEON,,,34,LINARES,,,REG_RP,MORENA,1,CARLOS ANDRES JUAREZ LARA,1,,MORENA
,19,NUEVO LEON,,,35,MARIN,,,REG_RP,PAN,1,JAVIER SEGOVIA CAVAZOS,1,,PAN
,19,NUEVO LEON,,,35,MARIN,,,REG_RP,PRI,1,KARLA ISABEL CAMACHO COVARRUBIAS,2,,PRI
,19,NUEVO LEON,,,36,MELCHOR OCAMPO,,,REG_RP,PAN,1,MA. MARLEN LOPEZ RAMOS,2,,PAN
,19,NUEVO LEON,,,36,MELCHOR OCAMPO,,,REG_RP,MC,1,KARLA GALVAN LOPEZ,2,,MC
,19,NUEVO LEON,,,37,MIER Y NORIEGA,,,REG_RP,PVEM,1,HORTENCIA SANCHEZ MOLINA,2,,PVEM
,19,NUEVO LEON,,,37,MIER Y NORIEGA,,,REG_RP,MORENA,1,JUANA GARCIA SALAZAR,2,,MORENA
,19,NUEVO LEON,,,38,MINA,,,REG_RP,PAN,1,ALICIA GUADALUPE JIMENEZ TREVIÑO,2,,PAN
,19,NUEVO LEON,,,38,MINA,,,REG_RP,PVEM,1,MA. DEL CARMEN GARCIA HERNANDEZ,2,,PVEM
,19,NUEVO LEON,,,39,MONTEMORELOS,,,REG_RP,MORENA,1,JUAN PABLO ALCOCER RODRIGUEZ,1,,MORENA
,19,NUEVO LEON,,,39,MONTEMORELOS,,,REG_RP,MC,1,MARGARITA SABAIS HERRERA,2,,MC
,19,NUEVO LEON,,,39,MONTEMORELOS,,,REG_RP,PAN,1,SANDRA PATRICIA GALLARDO BENAVIDES,2,,PAN
,19,NUEVO LEON,,,40,MONTERREY,,,REG_RP,PRI,1,BERTHA ALICIA GARZA ELIZONDO,2,,PRI
,19,NUEVO LEON,,,40,MONTERREY,,,REG_RP,PRI,1,LUIS CARLOS TREVIÑO BERCHELMANN,1,,PRI
,19,NUEVO LEON,,,40,MONTERREY,,,REG_RP,PRI,1,LILIANA TIJERINA CANTU,2,,PRI
,19,NUEVO LEON,,,40,MONTERREY,,,REG_RP,PRI,1,ALEJANDRA GARCIA ORTIZ,2,,PRI
,19,NUEVO LEON,,,40,MONTERREY,,,REG_RP,PRI,1,CARLOS BARONA MORALES,1,,PRI
,19,NUEVO LEON,,,40,MONTERREY,,,REG_RP,PAN,1,JORGE ADRIAN AYALA CANTU,1,,PAN
,19,NUEVO LEON,,,40,MONTERREY,,,REG_RP,PAN,1,TANIA ELIZABETH PARTIDA HERNANDEZ,2,,PAN
,19,NUEVO LEON,,,40,MONTERREY,,,REG_RP,PAN,1,LUIS IXTOC HINOJOSA GANDARA,1,,PAN
,19,NUEVO LEON,,,40,MONTERREY,,,REG_RP,MORENA,1,ERIKA MONCAYO SANTACRUZ,2,,MORENA
,19,NUEVO LEON,,,40,MONTERREY,,,REG_RP,MORENA,1,ALEJANDRA MACHORRO FUENTES,2,,MORENA
,19,NUEVO LEON,,,41,PARAS,,,REG_RP,PRI,1,ALDO VILLARREAL MORADO,1,,PRI
,19,NUEVO LEON,,,41,PARAS,,,REG_RP,PRI,1,DENNISE MARQUEZ OLIVEIRA,2,,PRI
,19,NUEVO LEON,,,42,PESQUERIA,,,REG_RP,PRI,1,KARLA ALEJANDRA AYALA GARCIA,2,,PRI
,19,NUEVO LEON,,,42,PESQUERIA,,,REG_RP,MC,1,MARCELA ELIZABETH ROJAS MORON,2,,MC
,19,NUEVO LEON,,,42,PESQUERIA,,,REG_RP,MORENA,1,FRANCISCO GARCIA HERRERA,1,,MORENA
,19,NUEVO LEON,,,43,LOS RAMONES,,,REG_RP,PAN,1,DOLORES CANTU SUAREZ,2,,PAN
,19,NUEVO LEON,,,43,LOS RAMONES,,,REG_RP,PRI,1,ARACELI GONZALEZ GARZA,2,,PRI
,19,NUEVO LEON,,,44,RAYONES,,,REG_RP,PRI,1,FRANCISCO JAVIER OYERVIDES SILVA,1,,PRI
,19,NUEVO LEON,,,44,RAYONES,,,REG_RP,MORENA,1,YESSICA ESMERALDA MEDINA NAÑEZ,2,,MORENA
,19,NUEVO LEON,,,45,SABINAS HIDALGO,,,REG_RP,PAN,1,ALICIA DEL CARMEN COBOS GONZALEZ,2,,PAN
,19,NUEVO LEON,,,45,SABINAS HIDALGO,,,REG_RP,PVEM,1,BENITO TREVIÑO MATA,1,,PVEM
,19,NUEVO LEON,,,45,SABINAS HIDALGO,,,REG_RP,PRI,1,BELEN GONZALEZ JASSO,2,,PRI
,19,NUEVO LEON,,,46,SALINAS VICTORIA,,,REG_RP,PAN,1,GILBERTO MARCOS TREVIÑO GUERRA,1,,PAN
,19,NUEVO LEON,,,46,SALINAS VICTORIA,,,REG_RP,PRI,1,ELDA MARGARITA ESCAMILLA GUERRA,2,,PRI
,19,NUEVO LEON,,,46,SALINAS VICTORIA,,,REG_RP,MORENA,1,JESSICA LIZBETH GONGORA RAMIREZ,2,,MORENA
,19,NUEVO LEON,,,47,SAN NICOLAS DE LOS GARZA,,,REG_RP,MC,1,DEREK GERARDO RUIZ SIERRA,1,,MC
,19,NUEVO LEON,,,47,SAN NICOLAS DE LOS GARZA,,,REG_RP,MC,1,MAYRA ALEJANDRA MORALES MARISCAL,2,,MC
,19,NUEVO LEON,,,47,SAN NICOLAS DE LOS GARZA,,,REG_RP,MORENA,1,RICARDO ALEJANDRO OROZCO VILLARREAL,1,,MORENA
,19,NUEVO LEON,,,47,SAN NICOLAS DE LOS GARZA,,,REG_RP,MORENA,1,CYNTHIA JANETH MUÑOZ ZAMARRON,2,,MORENA
,19,NUEVO LEON,,,47,SAN NICOLAS DE LOS GARZA,,,REG_RP,PRI,1,CLAUDIA ROCIO CARRANZA BURNES,2,,PRI
,19,NUEVO LEON,,,48,SANTA CATARINA,,,REG_RP,PRI,1,MAYRA LETICIA HERNANDEZ COLUNGA,2,,PRI
,19,NUEVO LEON,,,48,SANTA CATARINA,,,REG_RP,MC,1,PEDRO PABLO PERALES CAMPOS,1,,MC
,19,NUEVO LEON,,,48,SANTA CATARINA,,,REG_RP,MC,1,MARIANA GALLEGOS SANDOVAL,2,,MC
,19,NUEVO LEON,,,48,SANTA CATARINA,,,REG_RP,MORENA,1,ROBERTO CRUZ ESPINOZA ZAVALA,1,,MORENA
,19,NUEVO LEON,,,49,SANTIAGO,,,REG_RP,PAN,1,IRASEMA GONZALEZ MARTINEZ,2,,PAN
,19,NUEVO LEON,,,49,SANTIAGO,,,REG_RP,MORENA,1,OLGA LETICIA GUERRA RODRIGUEZ,2,,MORENA
,19,NUEVO LEON,,,49,SANTIAGO,,,REG_RP,CAND_IND19,1,MARIA ALBINA GONZALEZ CABALLERO,2,,CAND_IND19
,19,NUEVO LEON,,,50,VALLECILLO,,,REG_RP,PRI,1,JESUS GARZA MONTELONGO,1,,PRI
,19,NUEVO LEON,,,50,VALLECILLO,,,REG_RP,PRI,1,MARIA GUADALUPE GARZA GARZA,2,,PRI
,19,NUEVO LEON,,,51,VILLALDAMA,,,REG_RP,PVEM,1,MARYAN UGARTE GARCIA,2,,PVEM
,19,NUEVO LEON,,,51,VILLALDAMA,,,REG_RP,PAN,1,JOSE FRANCISCO ESPARZA ESCALANTE,1,,PAN
