﻿ID_ESTADO,NOMBRE_ESTADO,ID_MUNICIPIO,MUNICIPIO,SECCIONES,CASILLAS,PAN,PRI,PRD,PVEM,PT,MC,MORENA,PES,RSP,FXM,NAEM,PAN_PRI_PRD,PAN_PRI,PT_MORENA_NAEM,PT_MORENA,PT_MORENA_NAEM_CC,CAND_IND1,CAND_IND2,CAND_IND3,CAND_IND4,CAND_IND5,CAND_IND6,CAND_IND7,CAND_IND8,CAND_IND9,CAND_IND10,CAND_IND11,CAND_IND12,CAND_IND13,CAND_IND14,CAND_IND15,NUM_VOTOS_VALIDOS,NUM_VOTOS_CAN_NREG,NUM_VOTOS_NULOS,TOTAL_VOTOS,LISTA_NOMINAL,RUTA_ACTA
15,MEXICO,1,ACAMBAY DE RUIZ CASTAÑEDA,32,92,8750,9866,118,916,,182,,3540,0,1324,,,,5514,,,,,,,,,,,,,,,,,,30210,2,748,30960,48380,http://www.ieem.org.mx/proceso2021/actasmun/ACM2021_M001.pdf
15,MEXICO,2,ACOLMAN,33,134,12723,13516,390,2045,,560,,639,1232,586,,,,18002,,,,,,,,,,,,,,,,,,49693,28,915,50636,87279,http://www.ieem.org.mx/proceso2021/actasmun/ACM2021_M002.pdf
15,MEXICO,3,ACULCO,24,64,,,,5204,,433,,318,3195,274,,9219,,,,3306,,,,,,,,,,,,,,,,21949,55,604,22608,34643,http://www.ieem.org.mx/proceso2021/actasmun/ACM2021_M003.pdf
15,MEXICO,4,ALMOLOYA DE ALQUISIRAS,12,23,,,,159,,141,,0,57,47,,6528,,,,1067,,,,,,,,,,,,,,,,7999,141,352,8492,12193,http://www.ieem.org.mx/proceso2021/actasmun/ACM2021_M004.pdf
15,MEXICO,5,ALMOLOYA DE JUAREZ,56,193,5053,24217,2137,14098,,800,,1136,974,992,,,,17923,,,,,,,,,,,,,,,,,,67330,228,1903,69461,119160,http://www.ieem.org.mx/proceso2021/actasmun/ACM2021_M005.pdf
15,MEXICO,6,ALMOLOYA DEL RIO,5,14,,,,1539,,298,,222,168,492,,1351,,,,1082,,,,,,,,,,,,,,,,5152,769,174,6095,8866,http://www.ieem.org.mx/proceso2021/actasmun/ACM2021_M006.pdf
15,MEXICO,7,AMANALCO,10,33,,,,594,,3411,,1838,301,906,,3103,,3062,,,,,,,,,,,,,,,,,,13215,0,446,13661,18836,http://www.ieem.org.mx/proceso2021/actasmun/ACM2021_M007.pdf
15,MEXICO,8,AMATEPEC,27,46,,,,144,,0,,0,0,0,,9622,,,,3415,,,,,,,,,,,,,,,,13181,8,457,13646,20568,http://www.ieem.org.mx/proceso2021/actasmun/ACM2021_M008.pdf
15,MEXICO,9,AMECAMECA,26,73,3465,7996,484,3602,,2549,,1223,759,699,,,,6232,,,,,,,,,,,,,,,,,,27009,68,597,27674,43027,http://www.ieem.org.mx/proceso2021/actasmun/ACM2021_M009.pdf
15,MEXICO,10,APAXCO,14,38,1949,2238,268,2299,,88,,61,584,6429,,,,,,472,,,,,,,,,,,,,,,,14388,4,346,14738,22555,http://www.ieem.org.mx/proceso2021/actasmun/ACM2021_M010.pdf
15,MEXICO,11,ATENCO,14,71,589,6129,2319,589,,1660,,223,85,1276,,,,8064,,,4005,,,,,,,,,,,,,,,24939,12,492,25443,47691,http://www.ieem.org.mx/proceso2021/actasmun/ACM2021_M011.pdf
15,MEXICO,12,ATIZAPAN,4,14,871,1940,349,66,,24,,539,709,150,,,,888,,,,,,,,,,,,,,,,,,5536,3,228,5767,8944,http://www.ieem.org.mx/proceso2021/actasmun/ACM2021_M012.pdf
15,MEXICO,13,ATIZAPAN DE ZARAGOZA,168,635,,,,7387,,5678,,2616,1640,3783,,116527,,72737,,,,,,,,,,,,,,,,,,210368,232,4468,215068,411231,http://www.ieem.org.mx/proceso2021/actasmun/ACM2021_M013.pdf
15,MEXICO,14,ATLACOMULCO,39,128,,,,3728,,1804,,739,513,7445,,15591,,13616,,,,2064,,,,,,,,,,,,,,45500,21,956,46477,79186,http://www.ieem.org.mx/proceso2021/actasmun/ACM2021_M014.pdf
15,MEXICO,15,ATLAUTLA,13,38,,,3954,123,,536,,392,3110,146,,,2951,,1525,,,,,,,,,,,,,,,,,12737,15,214,12966,22341,http://www.ieem.org.mx/proceso2022/actamun/ACM2022_M015.pdf
15,MEXICO,16,AXAPUSCO,20,35,2968,5357,485,197,1631,760,1250,66,183,854,126,,,,,,,,,,,,,,,,,,,,,13877,4,303,14184,19039,http://www.ieem.org.mx/proceso2021/actasmun/ACM2021_M016.pdf
15,MEXICO,17,AYAPANGO,5,11,127,786,1975,319,,88,,0,17,25,,,,1227,,,,,,,,,,,,,,,,,,4564,1,95,4660,6197,http://www.ieem.org.mx/proceso2021/actasmun/ACM2021_M017.pdf
15,MEXICO,18,CALIMAYA,16,65,,,,1535,,341,,172,421,259,,11749,,9017,,,,,,1880,,,,,,,,,,,,25374,12,613,25999,41658,http://www.ieem.org.mx/proceso2021/actasmun/ACM2021_M018.pdf
15,MEXICO,19,CAPULHUAC,12,42,1527,3713,2543,466,,70,,204,394,1572,,,,,,2372,,,,,,,,,,,,,,,,12861,14,278,13153,26898,http://www.ieem.org.mx/proceso2021/actasmun/ACM2021_M019.pdf
15,MEXICO,20,COACALCO DE BERRIOZABAL,106,354,,,,9749,,6461,,2463,5738,3649,,44471,,43869,,,,,,,,,,,,,,,,,,116400,211,2695,119306,227735,http://www.ieem.org.mx/proceso2021/actasmun/ACM2021_M020.pdf
15,MEXICO,21,COATEPEC HARINAS,19,52,,,,138,,124,,0,902,450,,8825,,5992,,,,,,,,,,,,,,,,,,16431,10,546,16987,28298,http://www.ieem.org.mx/proceso2021/actasmun/ACM2021_M021.pdf
15,MEXICO,22,COCOTITLAN,6,19,,,,480,,2699,,295,925,1264,,1186,,,,1354,,,,,,,,,,,,,,,,8203,1,173,8377,11946,http://www.ieem.org.mx/proceso2021/actasmun/ACM2021_M022.pdf
15,MEXICO,23,COYOTEPEC,12,58,,,,581,,1982,,983,3089,682,,5178,,6030,,,,,,,,,,,,,,,,,,18525,507,515,19547,38670,http://www.ieem.org.mx/proceso2021/actasmun/ACM2021_M023.pdf
15,MEXICO,24,CUAUTITLAN,34,151,,,,3345,,1023,,2667,480,559,,19083,,16274,,,,,,,7348,1326,,,,,,,,,,52105,35,1056,53196,98801,http://www.ieem.org.mx/proceso2021/actasmun/ACM2021_M024.pdf
15,MEXICO,25,CUAUTITLAN IZCALLI,259,687,,,,12157,,10422,,3140,2706,3899,,108192,,85652,,,,,,,,,,,,,,,,,,226168,231,5128,231527,418650,http://www.ieem.org.mx/proceso2021/actasmun/ACM2021_M025.pdf
15,MEXICO,26,CHALCO,71,381,,,,7322,,3751,,1252,1241,1360,,40033,,59867,,,,,,,,,,,,,,,,,,114826,74,3249,118149,260731,http://www.ieem.org.mx/proceso2021/actasmun/ACM2021_M026.pdf
15,MEXICO,27,CHAPA DE MOTA,14,41,,,,1224,,445,,92,1217,74,,8331,,,,4356,,,,,,,,,,,,,,,,15739,7,387,16133,22275,http://www.ieem.org.mx/proceso2021/actasmun/ACM2021_M027.pdf
15,MEXICO,28,CHAPULTEPEC,2,12,,,,1441,,165,,17,0,123,,1909,,,,1581,,,,,,,,,,,,,,,,5236,2,87,5325,8461,http://www.ieem.org.mx/proceso2021/actasmun/ACM2021_M028.pdf
15,MEXICO,29,CHIAUTLA,12,37,665,4033,57,246,2199,125,3943,134,0,1122,140,,,,,,,,,,,,,,,,,,,,,12664,1456,285,14405,22357,http://www.ieem.org.mx/proceso2021/actasmun/ACM2021_M029.pdf
15,MEXICO,30,CHICOLOAPAN,70,223,1923,25157,2555,2544,,1053,,1576,691,3748,,,,29614,,,,,,,,,,,,,,,,,,68861,71,1897,70829,137954,http://www.ieem.org.mx/proceso2021/actasmun/ACM2021_M030.pdf
15,MEXICO,31,CHICONCUAC,8,32,929,1286,1215,83,,185,,2293,2244,401,,,,3507,,,,,,,,,,,,,,,,,,12143,2,182,12327,20711,http://www.ieem.org.mx/proceso2021/actasmun/ACM2021_M031.pdf
15,MEXICO,32,CHIMALHUACAN,162,721,4258,86052,2458,2929,,2991,,1936,1067,1962,,,,103824,,,,,,,,,,,,,,,,,,207472,313,5164,212949,481294,http://www.ieem.org.mx/proceso2021/actasmun/ACM2021_M032.pdf
15,MEXICO,33,DONATO GUERRA,16,41,,,,1132,,78,,101,111,58,,10387,,4845,,,,,,,,,,,,,,,,,,16712,3,757,17472,25463,http://www.ieem.org.mx/proceso2021/actasmun/ACM2021_M033.pdf
15,MEXICO,34,ECATEPEC DE MORELOS,745,2084,44808,171928,26269,15296,,15607,,7515,5538,9681,,,,286286,,,,,,,,,,,,,,,,,,582928,1132,17084,601144,1265220,http://www.ieem.org.mx/proceso2021/actasmun/ACM2021_M034.pdf
15,MEXICO,35,ECATZINGO,4,13,751,2082,201,1227,,215,,17,313,358,,,,,,478,,,,,,,,,,,,,,,,5642,0,92,5734,7391,http://www.ieem.org.mx/proceso2021/actasmun/ACM2021_M035.pdf
15,MEXICO,36,HUEHUETOCA,64,171,,,,11100,,525,,585,299,8122,,14460,,10719,,,,,,,,,,,,,,,,,,45810,269,1033,47112,103945,http://www.ieem.org.mx/proceso2021/actasmun/ACM2021_M036.pdf
15,MEXICO,37,HUEYPOXTLA,16,50,356,6375,1732,2139,,98,,82,0,5362,,,,4247,,,,,,,,,,,,,,,,,,20391,6,599,20996,32256,http://www.ieem.org.mx/proceso2021/actasmun/ACM2021_M037.pdf
15,MEXICO,38,HUIXQUILUCAN,76,313,69648,24310,2171,1652,,1454,,652,627,1219,,,,27469,,,,,,,,,,,,,,,,,,129202,68,2432,131702,202852,http://www.ieem.org.mx/proceso2021/actasmun/ACM2021_M038.pdf
15,MEXICO,39,ISIDRO FABELA,5,13,792,1469,429,1115,,1101,,272,393,28,,,,366,,,,,,,,,,,,,,,,,,5965,2,119,6086,8386,http://www.ieem.org.mx/proceso2021/actasmun/ACM2021_M039.pdf
15,MEXICO,40,IXTAPALUCA,226,600,6795,65120,2441,3814,,5107,,1638,1266,7598,,,,76635,,,,,,,,,,,,,,,,,,170414,159,4707,175280,364119,http://www.ieem.org.mx/proceso2021/actasmun/ACM2021_M040.pdf
15,MEXICO,41,IXTAPAN DE LA SAL,19,48,,,,2583,,1317,,306,904,443,,5346,,5614,,,,,,,,,,,,,,,,,,16513,9,468,16990,28128,http://www.ieem.org.mx/proceso2021/actasmun/ACM2021_M041.pdf
15,MEXICO,42,IXTAPAN DEL ORO,5,9,,,,14,,0,,0,42,9,,2177,,,,2234,,,,,,,,,,,,,,,,4476,6,107,4589,5266,http://www.ieem.org.mx/proceso2021/actasmun/ACM2021_M042.pdf
15,MEXICO,43,IXTLAHUACA,50,177,,,,3190,,8577,,556,1228,1213,,28610,,24114,,,,,,,,,2082,,,,,,,,,69570,16,1648,71234,113943,http://www.ieem.org.mx/proceso2021/actasmun/ACM2021_M043.pdf
15,MEXICO,44,XALATLACO,7,31,1502,1791,26,1121,1155,192,1799,0,1367,935,960,,,,,,,,,,,,,,,,,,,,,10848,4,247,11099,19077,http://www.ieem.org.mx/proceso2021/actasmun/ACM2021_M044.pdf
15,MEXICO,45,JALTENCO,14,35,,,,429,824,428,3781,330,2062,452,682,2896,,,,,,,,,,,,,,,,,,,,11884,9,299,12192,20262,http://www.ieem.org.mx/proceso2021/actasmun/ACM2021_M045.pdf
15,MEXICO,46,JILOTEPEC,44,121,,,,9435,,486,,542,1158,1051,,16799,,15213,,,,,,,,,,,,,,,,,,44684,16,872,45572,69452,http://www.ieem.org.mx/proceso2021/actasmun/ACM2021_M046.pdf
15,MEXICO,47,JILOTZINGO,10,26,3895,3951,346,309,,105,,942,0,275,,,,,,761,,,,,,,,,,,,,,,,10584,2,246,10832,15761,http://www.ieem.org.mx/proceso2021/actasmun/ACM2021_M047.pdf
15,MEXICO,48,JIQUIPILCO,30,92,,,,502,,8129,,7260,987,299,,13537,,4286,,,,,,,,,,,,,,,,,,35000,15,939,35954,54702,http://www.ieem.org.mx/proceso2021/actasmun/ACM2021_M048.pdf
15,MEXICO,49,JOCOTITLAN,29,88,7390,13819,134,753,,332,,1208,477,318,,,,9229,,,,,,,,,,,,,,,,,,33660,13,725,34398,50327,http://www.ieem.org.mx/proceso2021/actasmun/ACM2021_M049.pdf
15,MEXICO,50,JOQUICINGO,5,17,,,,2451,,1921,,0,0,194,,1883,,,,1012,,,,,,,,,,,,,,,,7461,1,154,7616,10504,http://www.ieem.org.mx/proceso2021/actasmun/ACM2021_M050.pdf
15,MEXICO,51,JUCHITEPEC,8,31,1783,3073,804,2720,,2207,,0,136,45,,,,1298,,,,,,,,,,,,,,,,,,12066,8,297,12371,18457,http://www.ieem.org.mx/proceso2021/actasmun/ACM2021_M051.pdf
15,MEXICO,52,LERMA,49,177,11828,30288,492,1175,,687,,560,730,583,,,,20644,,,,,,,,,,,,,,,,,,66987,31,1444,68462,113543,http://www.ieem.org.mx/proceso2021/actasmun/ACM2021_M052.pdf
15,MEXICO,53,MALINALCO,16,37,,,,5239,,0,,1509,937,246,,3391,,1752,,,,,,,,,,,,,,,,,,13074,438,507,14019,20223,http://www.ieem.org.mx/proceso2021/actasmun/ACM2021_M053.pdf
15,MEXICO,54,MELCHOR OCAMPO,16,64,,,,3072,,4388,,2146,589,2801,,5440,,5813,,,,,,,,,,,,,,,,,,24249,16,408,24673,42087,http://www.ieem.org.mx/proceso2021/actasmun/ACM2021_M054.pdf
15,MEXICO,55,METEPEC,86,287,,,,2584,,6770,,1569,3528,1684,,68077,,29382,,,,,,,,,,3267,,,,,,,,116861,186,2419,119466,187414,http://www.ieem.org.mx/proceso2021/actasmun/ACM2021_M055.pdf
15,MEXICO,56,MEXICALTZINGO,4,15,,,,277,,448,,888,1072,376,,1465,,,,1030,,,,,,,,,,,,,,,,5556,114,127,5797,9703,http://www.ieem.org.mx/proceso2021/actasmun/ACM2021_M056.pdf
15,MEXICO,57,MORELOS,18,41,,,,1118,,6426,,291,145,280,,6711,,1244,,,,,,,,,,,,,,,,,,16215,4,486,16705,23724,http://www.ieem.org.mx/proceso2021/actasmun/ACM2021_M057.pdf
15,MEXICO,58,NAUCALPAN DE JUAREZ,453,1176,,,,7207,,19603,,8259,3898,6283,,177911,,118057,,,,,,,,,,,,,,,,,,341218,305,8987,350510,698549,http://www.ieem.org.mx/proceso2021/actasmun/ACM2021_M058.pdf
15,MEXICO,59,NEXTLALPAN,10,47,,,,227,350,1805,8023,1080,106,672,839,5016,,,,,,,,,,,,,,,,,,,,18118,7,484,18609,31281,http://www.ieem.org.mx/proceso2021/actasmun/ACM2021_M059.pdf
15,MEXICO,60,NEZAHUALCOYOTL,680,1513,,,,6169,,148678,,5191,2071,4234,,99817,,176708,,,,,,,,,,,,,,,,,,442868,364,10839,454071,871179,http://www.ieem.org.mx/proceso2021/actasmun/ACM2021_M060.pdf
15,MEXICO,61,NICOLAS ROMERO,101,446,24475,46279,1736,3773,,4538,,2743,5581,2954,,,,59050,,,,,,,,,,,,,,,,,,151129,137,3865,155131,297556,http://www.ieem.org.mx/proceso2021/actasmun/ACM2021_M061.pdf
15,MEXICO,62,NOPALTEPEC,5,14,2606,1138,383,11,,12,,15,1548,11,,,,,,328,,,,,,,,,,,,,,,,6052,0,134,6186,8017,http://www.ieem.org.mx/proceso2021/actasmun/ACM2021_M062.pdf
15,MEXICO,63,OCOYOACAC,22,82,2969,7248,1304,8139,,884,,2022,374,2285,,,,5497,,,,,,,,,,,,,,,,,,30722,24,726,31472,51261,http://www.ieem.org.mx/proceso2021/actasmun/ACM2021_M063.pdf
15,MEXICO,64,OCUILAN,13,42,,,,1585,,541,,5481,69,38,,3287,,4748,,,,,,,,,,,,,,,,,,15749,1,413,16163,22116,http://www.ieem.org.mx/proceso2021/actasmun/ACM2021_M064.pdf
15,MEXICO,65,EL ORO,17,54,3724,5347,75,1395,,3634,,78,125,760,,,,,,2121,,,,,,,,,,,,,,,,17259,7,463,17729,27153,http://www.ieem.org.mx/proceso2021/actasmun/ACM2021_M065.pdf
15,MEXICO,66,OTUMBA,18,47,3891,7435,1428,3182,,48,,72,549,32,,,,1756,,,,,,,,,,,,,,,,,,18393,39,327,18759,27994,http://www.ieem.org.mx/proceso2021/actasmun/ACM2021_M066.pdf
15,MEXICO,67,OTZOLOAPAN,4,11,,,,18,,0,,0,12,1082,,1676,,180,,,,,,,,,,,,,,,,,,2968,0,127,3095,4171,http://www.ieem.org.mx/proceso2021/actasmun/ACM2021_M067.pdf
15,MEXICO,68,OTZOLOTEPEC,26,93,6153,8066,2686,453,,4391,,567,380,229,,,,9339,,,,,,,,,,,1743,,,,,,,34007,11,678,34696,59686,http://www.ieem.org.mx/proceso2021/actasmun/ACM2021_M068.pdf
15,MEXICO,69,OZUMBA,13,36,205,3853,731,443,,280,,2825,676,503,,,,4346,,,,,,,,,,,,,,,,,,13862,9,242,14113,21236,http://www.ieem.org.mx/proceso2021/actasmun/ACM2021_M069.pdf
15,MEXICO,70,PAPALOTLA,2,6,64,910,6,289,,0,,156,0,12,,,,1606,,,,,,,,,,,,,,,,,,3043,2,34,3079,4024,http://www.ieem.org.mx/proceso2021/actasmun/ACM2021_M070.pdf
15,MEXICO,71,LA PAZ,83,319,,,,4110,,1651,,1481,1112,8162,,48283,,24836,,,,,,,,,,,,7627,,,,,,97262,89,2832,100183,203926,http://www.ieem.org.mx/proceso2021/actasmun/ACM2021_M071.pdf
15,MEXICO,72,POLOTITLAN,10,22,,,,2425,,793,,0,129,28,,3462,,,,732,,,,,,,,,,,,,,,,7569,159,184,7912,11855,http://www.ieem.org.mx/proceso2021/actasmun/ACM2021_M072.pdf
15,MEXICO,73,RAYON,4,15,,,,9,,1530,,732,106,13,,2761,,,,1834,,,,,,,,,,,,,,,,6985,53,111,7149,9440,http://www.ieem.org.mx/proceso2021/actasmun/ACM2021_M073.pdf
15,MEXICO,74,SAN ANTONIO LA ISLA,4,27,,,,330,,409,,2622,35,770,,4362,,,,2551,,,,,,,,,,,413,,,,,11492,6,154,11652,18745,http://www.ieem.org.mx/proceso2021/actasmun/ACM2021_M074.pdf
15,MEXICO,75,SAN FELIPE DEL PROGRESO,47,156,,,,794,,18144,,355,536,211,,26067,,14155,,,,,,,,,,,,,,,,,,60262,13,1872,62147,95039,http://www.ieem.org.mx/proceso2021/actasmun/ACM2021_M075.pdf
15,MEXICO,76,SAN MARTIN DE LAS PIRAMIDES,14,33,3668,4641,877,694,,67,,1570,943,61,,,,,,1867,,,,,,,,,,,,,,,,14388,6,279,14673,21118,http://www.ieem.org.mx/proceso2021/actasmun/ACM2021_M076.pdf
15,MEXICO,77,SAN MATEO ATENCO,21,100,,,,1200,,8100,,1813,908,3785,,15676,,10092,,,,,,,,,,,,,,,,,,41574,35,746,42355,68280,http://www.ieem.org.mx/proceso2021/actasmun/ACM2021_M077.pdf
15,MEXICO,78,SAN SIMON DE GUERRERO,4,9,,,,10,,0,,902,38,99,,1752,,,,1250,,,,,,,,,,,,,,,,4051,0,111,4162,5261,http://www.ieem.org.mx/proceso2021/actasmun/ACM2021_M078.pdf
15,MEXICO,79,SANTO TOMAS,10,19,,,,52,,62,,0,51,9,,3071,,,,2335,,,,,,,,,,,,,,,,5580,0,166,5746,7536,http://www.ieem.org.mx/proceso2021/actasmun/ACM2021_M079.pdf
15,MEXICO,80,SOYANIQUILPAN DE JUAREZ,7,20,,,,3594,,6,,5,34,16,,4450,,,,321,,,,,,,,,,,,,,,,8426,0,143,8569,10851,http://www.ieem.org.mx/proceso2021/actasmun/ACM2021_M080.pdf
15,MEXICO,81,SULTEPEC,23,40,,,,8616,,0,,0,0,0,,3799,,,,820,,,,,,,,,,,,,,,,13235,4,485,13724,19826,http://www.ieem.org.mx/proceso2021/actasmun/ACM2021_M081.pdf
15,MEXICO,82,TECAMAC,188,549,37789,55392,1432,7664,,4253,,2070,807,2204,,,,81015,,,,,,,,,,,,,,,,,,192626,137,4186,196949,346325,http://www.ieem.org.mx/proceso2021/actasmun/ACM2021_M082.pdf
15,MEXICO,83,TEJUPILCO,44,107,,,,680,,0,,814,327,1492,,18230,,11401,,,,,,,,,,,,,,,,,,32944,7,1049,34000,59069,http://www.ieem.org.mx/proceso2021/actasmun/ACM2021_M083.pdf
15,MEXICO,84,TEMAMATLA,5,17,,,,1251,,1456,,591,1507,283,,957,,326,,,,,,,,,,,,,,376,,,,6747,0,150,6897,10799,http://www.ieem.org.mx/proceso2021/actasmun/ACM2021_M084.pdf
15,MEXICO,85,TEMASCALAPA,15,46,7112,5751,67,1044,,51,,71,346,71,,,,4624,,,,,,,,,,,,,,,,,,19137,4,347,19488,29908,http://www.ieem.org.mx/proceso2021/actasmun/ACM2021_M085.pdf
15,MEXICO,86,TEMASCALCINGO,35,90,,,,9324,,246,,559,456,1142,,11986,,11350,,,,,,,,,,,,,,,,,,35063,43,893,35999,50937,http://www.ieem.org.mx/proceso2021/actasmun/ACM2021_M086.pdf
15,MEXICO,87,TEMASCALTEPEC,23,47,,,,1148,,102,,86,420,587,,8132,,4935,,,,,,,,,,,,,,,,,,15410,2,473,15885,25412,http://www.ieem.org.mx/proceso2021/actasmun/ACM2021_M087.pdf
15,MEXICO,88,TEMOAYA,26,115,3653,10535,1203,1643,,4410,,1570,310,391,,,,13433,,,,,,,,,,,,,,,,,,37148,14,1060,38222,72314,http://www.ieem.org.mx/proceso2021/actasmun/ACM2021_M088.pdf
15,MEXICO,89,TENANCINGO,36,116,,,,6706,,1973,,3611,460,1943,,12163,,10442,,,,,,,,,,,,,,,,,,37298,14,1032,38344,73314,http://www.ieem.org.mx/proceso2021/actasmun/ACM2021_M089.pdf
15,MEXICO,90,TENANGO DEL AIRE,5,15,395,998,18,2465,,342,,99,866,222,,,,981,,,,,,,,,,,,,,,,,,6386,2,116,6504,8935,http://www.ieem.org.mx/proceso2021/actasmun/ACM2021_M090.pdf
15,MEXICO,91,TENANGO DEL VALLE,27,96,,,,2860,,2715,,634,0,922,,11345,,13007,,,,,,,,,,,,,,,,,,30447,51,968,31466,62584,http://www.ieem.org.mx/proceso2021/actasmun/ACM2021_M091.pdf
15,MEXICO,92,TEOLOYUCAN,25,103,,,,1461,,3041,,837,505,1579,,10788,,10069,,,,,,,,,,,,,,,,,,28280,5787,1017,35084,67061,http://www.ieem.org.mx/proceso2021/actasmun/ACM2021_M092.pdf
15,MEXICO,93,TEOTIHUACAN,23,75,4052,7661,229,265,,3125,,679,2074,391,,,,3073,,,,,,,,,,,,,,,1535,,,23084,167,573,23824,46841,http://www.ieem.org.mx/proceso2021/actasmun/ACM2021_M093.pdf
15,MEXICO,94,TEPETLAOXTOC,12,36,3550,4282,49,407,,72,,55,196,2117,,,,3706,,,,,,,,,,,,,,,,,,14434,8,234,14676,22614,http://www.ieem.org.mx/proceso2021/actasmun/ACM2021_M094.pdf
15,MEXICO,95,TEPETLIXPA,8,23,20,526,627,1535,,2191,,147,981,1993,,,,1337,,,,,,,,,,,,,,,,239,,9596,1,259,9856,14706,http://www.ieem.org.mx/proceso2021/actasmun/ACM2021_M095.pdf
15,MEXICO,96,TEPOTZOTLAN,26,95,,,,2510,,9675,,528,3881,520,,9443,,8660,,,,,,,,,,,,,,,,,,35217,49,753,36019,61533,http://www.ieem.org.mx/proceso2021/actasmun/ACM2021_M096.pdf
15,MEXICO,97,TEQUIXQUIAC,13,45,1374,4096,381,264,,2929,,61,0,4582,,,,2138,,,,,,,,,,,,,,,,,,15825,2109,570,18504,28646,http://www.ieem.org.mx/proceso2021/actasmun/ACM2021_M097.pdf
15,MEXICO,98,TEXCALTITLAN,8,24,,,,727,,0,,0,96,60,,4995,,,,3690,,,,,,,,,,,,,,,,9568,185,267,10020,13926,http://www.ieem.org.mx/proceso2021/actasmun/ACM2021_M098.pdf
15,MEXICO,99,TEXCALYACAC,2,6,5,1042,868,605,,0,,61,122,5,,,,624,,,,,,,,,,,,,,,,,,3332,1,93,3426,4376,http://www.ieem.org.mx/proceso2021/actasmun/ACM2021_M099.pdf
15,MEXICO,100,TEXCOCO,83,319,5084,19318,2364,27833,,1477,,1224,524,1752,,,,43163,,,,,,,,,,,,,,,,,,102739,168,2583,105490,206452,http://www.ieem.org.mx/proceso2021/actasmun/ACM2021_M100.pdf
15,MEXICO,101,TEZOYUCA,9,47,5752,3427,604,747,,378,,393,73,193,,,,5059,,,,,,,,,,,,,,,,,,16626,11,369,17006,32553,http://www.ieem.org.mx/proceso2021/actasmun/ACM2021_M101.pdf
15,MEXICO,102,TIANGUISTENCO,25,97,2506,11818,609,8416,,581,,161,237,878,,,,8742,,,,,,,,,,,,,,,,,1172,35120,21,689,35830,57554,http://www.ieem.org.mx/proceso2021/actasmun/ACM2021_M102.pdf
15,MEXICO,103,TIMILPAN,11,24,,,,512,,234,,0,323,368,,5664,,,,3427,,,,,,,,,,,,,,,,10528,2,227,10757,13507,http://www.ieem.org.mx/proceso2021/actasmun/ACM2021_M103.pdf
15,MEXICO,104,TLALMANALCO,21,65,267,3395,3439,3257,,6180,,868,773,429,,,,4086,,,,,,,,,,,,,,,,,,22694,9,520,23223,38126,http://www.ieem.org.mx/proceso2021/actasmun/ACM2021_M104.pdf
15,MEXICO,105,TLALNEPANTLA DE BAZ,380,951,,,,6918,,8398,,2927,2078,4462,,152067,,117921,,,,,,,,,,,,,,,,,,294771,240,7317,302328,564991,http://www.ieem.org.mx/proceso2021/actasmun/ACM2021_M105.pdf
15,MEXICO,106,TLATLAYA,32,57,,,,193,,0,,0,241,0,,11983,,,,5399,,,,,,,,,,,,,,,,17816,0,444,18260,25906,http://www.ieem.org.mx/proceso2021/actasmun/ACM2021_M106.pdf
15,MEXICO,107,TOLUCA,304,1064,,,,12914,,8775,,9303,5976,6714,,164539,,145478,,,,,,,,,,,,,,,,,,353699,380,8651,362730,675652,http://www.ieem.org.mx/proceso2021/actasmun/ACM2021_M107.pdf
15,MEXICO,108,TONATICO,9,21,,,,27,,33,,112,34,415,,3604,,2624,,,,,,,,,,,,,,,,,,6849,1,151,7001,10885,http://www.ieem.org.mx/proceso2021/actasmun/ACM2021_M108.pdf
15,MEXICO,109,TULTEPEC,30,183,,,,1131,,1127,,1025,3671,867,,22568,,30081,,,,,,,,,,,,,,,,,,60470,34,1397,61901,124337,http://www.ieem.org.mx/proceso2021/actasmun/ACM2021_M109.pdf
15,MEXICO,110,TULTITLAN,183,597,20259,49746,3761,8109,,9509,,2556,1315,3026,,,,81603,,,,,,,,,,,,,,,,,,179884,185,4669,184738,374255,http://www.ieem.org.mx/proceso2021/actasmun/ACM2021_M110.pdf
15,MEXICO,111,VALLE DE BRAVO,31,91,,,,3153,,818,,475,1390,388,,13896,,14316,,,,,,,,,,,,,,,,,,34436,17,724,35177,55148,http://www.ieem.org.mx/proceso2021/actasmun/ACM2021_M111.pdf
15,MEXICO,112,VILLA DE ALLENDE,22,61,,,,133,,0,,3498,315,88,,12526,,7791,,,,,,,,,,,,,,,,,,24351,0,720,25071,35807,http://www.ieem.org.mx/proceso2021/actasmun/ACM2021_M112.pdf
15,MEXICO,113,VILLA DEL CARBON,19,64,4861,9884,55,5134,,338,,114,931,1293,,,,2314,,,,,,,,,,,,,,,,,,24924,12,473,25409,35386,http://www.ieem.org.mx/proceso2021/actasmun/ACM2021_M113.pdf
15,MEXICO,114,VILLA GUERRERO,25,72,,,,7671,,7919,,88,340,176,,5140,,5126,,,,,,,,,,,,,,,,,,26460,18,671,27149,45006,http://www.ieem.org.mx/proceso2021/actasmun/ACM2021_M114.pdf
15,MEXICO,115,VILLA VICTORIA,48,125,,,,2347,,251,,320,361,235,,26539,,10528,,,,,,,,,,,,,,,,,,40581,12,1196,41789,70709,http://www.ieem.org.mx/proceso2021/actasmun/ACM2021_M115.pdf
15,MEXICO,116,XONACATLAN,14,67,3807,3397,2037,2279,,5583,,244,122,3754,,,,7154,,,,,,,,,,,,,,,,,,28377,9,623,29009,44763,http://www.ieem.org.mx/proceso2021/actasmun/ACM2021_M116.pdf
15,MEXICO,117,ZACAZONAPAN,2,7,,,,15,,0,,0,42,6,,2083,,656,,,,,,,,,,,,,,,,,,2802,1,80,2883,3882,http://www.ieem.org.mx/proceso2021/actasmun/ACM2021_M117.pdf
15,MEXICO,118,ZACUALPAN,15,25,,,,197,,85,,0,0,822,,3304,,,,2494,,,,,,,,,,,,,,,,6902,38,276,7216,10693,http://www.ieem.org.mx/proceso2021/actasmun/ACM2021_M118.pdf
15,MEXICO,119,ZINACANTEPEC,46,211,,,,11287,,1972,,1437,817,1289,,30636,,24989,,,,,,,,,,,,,,,,,,72427,50,2084,74561,140290,http://www.ieem.org.mx/proceso2021/actasmun/ACM2021_M119.pdf
15,MEXICO,120,ZUMPAHUACAN,11,23,,,,178,,1621,,758,805,1447,,2268,,1268,,,,,,,,,,,,,,,,,,8345,4,304,8653,12530,http://www.ieem.org.mx/proceso2021/actasmun/ACM2021_M120.pdf
15,MEXICO,121,ZUMPANGO,44,237,10728,13144,13648,1290,,1366,,960,1190,1613,,,,30100,,,,,,,,,,,,,,,,,,74039,75,1697,75811,160031,http://www.ieem.org.mx/proceso2021/actasmun/ACM2021_M121.pdf
15,MEXICO,122,VALLE DE CHALCO SOLIDARIDAD,114,416,,,,12727,,3844,,1498,1414,1457,,45695,,64043,,,,,,,,,,,,,,,,,,130678,99,3903,134680,271792,http://www.ieem.org.mx/proceso2021/actasmun/ACM2021_M122.pdf
15,MEXICO,123,LUVIANOS,27,48,,,,341,,0,,0,166,109,,8856,,,,2943,,,,,,,,,,,,,,,,12415,9,627,13051,22999,http://www.ieem.org.mx/proceso2021/actasmun/ACM2021_M123.pdf
15,MEXICO,124,SAN JOSE DEL RINCON,43,118,,,,10165,,215,,191,236,260,,19712,,5731,,,,,,,,,,,,,,,,,,36510,4,1248,37762,69764,http://www.ieem.org.mx/proceso2021/actasmun/ACM2021_M124.pdf
15,MEXICO,125,TONANITLA,3,14,,,,32,,893,,1678,1168,1064,,556,,,,693,,,,,,,,,,,,,,,,6084,8,127,6219,9319,http://www.ieem.org.mx/proceso2021/actasmun/ACM2021_M125.pdf
