﻿ID_ESTADO,NOMBRE_ESTADO,ID_MUNICIPIO,MUNICIPIO,SECCIONES,CASILLAS,PAN,PRI,PRD,PVEM,PT,MC,MORENA,PES,RSP,FXM,NAEM,CAND_IND1,CAND_IND2,CAND_IND3,CAND_IND4,CAND_IND5,CAND_IND6,CAND_IND7,CAND_IND8,CAND_IND9,CAND_IND10,CAND_IND11,CAND_IND12,CAND_IND13,CAND_IND14,CAND_IND15,NUM_VOTOS_VALIDOS,NUM_VOTOS_CAN_NREG,NUM_VOTOS_NULOS,TOTAL_VOTOS,LISTA_NOMINAL,RUTA_ACTA
15,MEXICO,1,ACAMBAY DE RUIZ CASTAÑEDA,32,92,8750,9866,118,916,208,182,4971,3540,,1324,335,,,,,,,,,,,,,,,,30210,2,748,30960,48380,http://www.ieem.org.mx/proceso2021/actasmun/ACM2021_M001.pdf
15,MEXICO,2,ACOLMAN,33,134,12723,13516,390,2045,624,560,17006,639,1232,586,372,,,,,,,,,,,,,,,,49693,28,915,50636,87279,http://www.ieem.org.mx/proceso2021/actasmun/ACM2021_M002.pdf
15,MEXICO,3,ACULCO,24,64,622,8354,243,5204,1091,433,1124,318,3195,274,1091,,,,,,,,,,,,,,,,21949,55,604,22608,34643,http://www.ieem.org.mx/proceso2021/actasmun/ACM2021_M003.pdf
15,MEXICO,4,ALMOLOYA DE ALQUISIRAS,12,23,224,6207,97,159,352,141,363,,57,47,352,,,,,,,,,,,,,,,,7999,141,352,8492,12193,http://www.ieem.org.mx/proceso2021/actasmun/ACM2021_M004.pdf
15,MEXICO,5,ALMOLOYA DE JUAREZ,56,193,5053,24217,2137,14098,2898,800,14119,1136,974,992,906,,,,,,,,,,,,,,,,67330,228,1903,69461,119160,http://www.ieem.org.mx/proceso2021/actasmun/ACM2021_M005.pdf
15,MEXICO,6,ALMOLOYA DEL RIO,5,14,71,889,391,1539,357,298,368,222,168,492,357,,,,,,,,,,,,,,,,5152,769,174,6095,8866,http://www.ieem.org.mx/proceso2021/actasmun/ACM2021_M006.pdf
15,MEXICO,7,AMANALCO,10,33,343,2458,302,594,241,3411,2702,1838,301,906,119,,,,,,,,,,,,,,,,13215,0,446,13661,18836,http://www.ieem.org.mx/proceso2021/actasmun/ACM2021_M007.pdf
15,MEXICO,8,AMATEPEC,27,46,233,7531,1858,144,1127,,1161,,,,1127,,,,,,,,,,,,,,,,13181,8,457,13646,20568,http://www.ieem.org.mx/proceso2021/actasmun/ACM2021_M008.pdf
15,MEXICO,9,AMECAMECA,26,73,3465,7996,484,3602,242,2549,5871,1223,759,699,119,,,,,,,,,,,,,,,,27009,68,597,27674,43027,http://www.ieem.org.mx/proceso2021/actasmun/ACM2021_M009.pdf
15,MEXICO,10,APAXCO,14,38,1949,2238,268,2299,156,88,160,61,584,6429,156,,,,,,,,,,,,,,,,14388,4,346,14738,22555,http://www.ieem.org.mx/proceso2021/actasmun/ACM2021_M010.pdf
15,MEXICO,11,ATENCO,14,71,589,6129,2319,589,230,1660,7521,223,85,1276,313,4005,,,,,,,,,,,,,,,24939,12,492,25443,47691,http://www.ieem.org.mx/proceso2021/actasmun/ACM2021_M011.pdf
15,MEXICO,12,ATIZAPAN,4,14,871,1940,349,66,105,24,755,539,709,150,28,,,,,,,,,,,,,,,,5536,3,228,5767,8944,http://www.ieem.org.mx/proceso2021/actasmun/ACM2021_M012.pdf
15,MEXICO,13,ATIZAPAN DE ZARAGOZA,168,635,82463,30451,3613,7387,3001,5678,67194,2616,1640,3783,2542,,,,,,,,,,,,,,,,210368,232,4468,215068,411231,http://www.ieem.org.mx/proceso2021/actasmun/ACM2021_M013.pdf
15,MEXICO,14,ATLACOMULCO,39,128,1607,13656,328,3728,1649,1804,11427,739,513,7445,540,,2064,,,,,,,,,,,,,,45500,21,956,46477,79186,http://www.ieem.org.mx/proceso2021/actasmun/ACM2021_M014.pdf
15,MEXICO,15,ATLAUTLA,13,38,110,2841,3954,123,166,536,1359,392,3110,146,,,,,,,,,,,,,,,,,12737,15,214,12966,22341,http://www.ieem.org.mx/proceso2022/actamun/ACM2022_M015.pdf
15,MEXICO,16,AXAPUSCO,20,35,2968,5357,485,197,1631,760,1250,66,183,854,126,,,,,,,,,,,,,,,,13877,4,303,14184,19039,http://www.ieem.org.mx/proceso2021/actasmun/ACM2021_M016.pdf
15,MEXICO,17,AYAPANGO,5,11,127,786,1975,319,66,88,1147,,17,25,14,,,,,,,,,,,,,,,,4564,1,95,4660,6197,http://www.ieem.org.mx/proceso2021/actasmun/ACM2021_M017.pdf
15,MEXICO,18,CALIMAYA,16,65,7900,3397,452,1535,1483,341,7104,172,421,259,430,,,,1880,,,,,,,,,,,,25374,12,613,25999,41658,http://www.ieem.org.mx/proceso2021/actasmun/ACM2021_M018.pdf
15,MEXICO,19,CAPULHUAC,12,42,1527,3713,2543,466,783,70,806,204,394,1572,783,,,,,,,,,,,,,,,,12861,14,278,13153,26898,http://www.ieem.org.mx/proceso2021/actasmun/ACM2021_M019.pdf
15,MEXICO,20,COACALCO DE BERRIOZABAL,106,354,10662,28896,4913,9749,1456,6461,41302,2463,5738,3649,1111,,,,,,,,,,,,,,,,116400,211,2695,119306,227735,http://www.ieem.org.mx/proceso2021/actasmun/ACM2021_M020.pdf
15,MEXICO,21,COATEPEC HARINAS,19,52,924,7662,239,138,4280,124,1558,,902,450,154,,,,,,,,,,,,,,,,16431,10,546,16987,28298,http://www.ieem.org.mx/proceso2021/actasmun/ACM2021_M021.pdf
15,MEXICO,22,COCOTITLAN,6,19,221,684,281,480,447,2699,460,295,925,1264,447,,,,,,,,,,,,,,,,8203,1,173,8377,11946,http://www.ieem.org.mx/proceso2021/actasmun/ACM2021_M022.pdf
15,MEXICO,23,COYOTEPEC,12,58,2820,2130,228,581,568,1982,5234,983,3089,682,228,,,,,,,,,,,,,,,,18525,507,515,19547,38670,http://www.ieem.org.mx/proceso2021/actasmun/ACM2021_M023.pdf
15,MEXICO,24,CUAUTITLAN,34,151,5393,13011,679,3345,765,1023,14652,2667,480,559,857,,,,,7348,1326,,,,,,,,,,52105,35,1056,53196,98801,http://www.ieem.org.mx/proceso2021/actasmun/ACM2021_M024.pdf
15,MEXICO,25,CUAUTITLAN IZCALLI,259,687,65204,39429,3559,12157,3040,10422,79939,3140,2706,3899,2673,,,,,,,,,,,,,,,,226168,231,5128,231527,418650,http://www.ieem.org.mx/proceso2021/actasmun/ACM2021_M025.pdf
15,MEXICO,26,CHALCO,71,381,5621,30702,3710,7322,2223,3751,56016,1252,1241,1360,1628,,,,,,,,,,,,,,,,114826,74,3249,118149,260731,http://www.ieem.org.mx/proceso2021/actasmun/ACM2021_M026.pdf
15,MEXICO,27,CHAPA DE MOTA,14,41,5338,2892,101,1224,1437,445,1482,92,1217,74,1437,,,,,,,,,,,,,,,,15739,7,387,16133,22275,http://www.ieem.org.mx/proceso2021/actasmun/ACM2021_M027.pdf
15,MEXICO,28,CHAPULTEPEC,2,12,240,1605,64,1441,522,165,537,17,,123,522,,,,,,,,,,,,,,,,5236,2,87,5325,8461,http://www.ieem.org.mx/proceso2021/actasmun/ACM2021_M028.pdf
15,MEXICO,29,CHIAUTLA,12,37,665,4033,57,246,2199,125,3943,134,,1122,140,,,,,,,,,,,,,,,,12664,1456,285,14405,22357,http://www.ieem.org.mx/proceso2021/actasmun/ACM2021_M029.pdf
15,MEXICO,30,CHICOLOAPAN,70,223,1923,25157,2555,2544,1056,1053,27684,1576,691,3748,874,,,,,,,,,,,,,,,,68861,71,1897,70829,137954,http://www.ieem.org.mx/proceso2021/actasmun/ACM2021_M030.pdf
15,MEXICO,31,CHICONCUAC,8,32,929,1286,1215,83,104,185,3323,2293,2244,401,80,,,,,,,,,,,,,,,,12143,2,182,12327,20711,http://www.ieem.org.mx/proceso2021/actasmun/ACM2021_M031.pdf
15,MEXICO,32,CHIMALHUACAN,162,721,4258,86052,2458,2929,2884,2991,97755,1936,1067,1962,3185,,,,,,,,,,,,,,,,207472,313,5164,212949,481294,http://www.ieem.org.mx/proceso2021/actasmun/ACM2021_M032.pdf
15,MEXICO,33,DONATO GUERRA,16,41,327,7159,2901,1132,855,78,3583,101,111,58,407,,,,,,,,,,,,,,,,16712,3,757,17472,25463,http://www.ieem.org.mx/proceso2021/actasmun/ACM2021_M033.pdf
15,MEXICO,34,ECATEPEC DE MORELOS,745,2084,44808,171928,26269,15296,9413,15607,265979,7515,5538,9681,10894,,,,,,,,,,,,,,,,582928,1132,17084,601144,1265220,http://www.ieem.org.mx/proceso2021/actasmun/ACM2021_M034.pdf
15,MEXICO,35,ECATZINGO,4,13,751,2082,201,1227,158,215,162,17,313,358,158,,,,,,,,,,,,,,,,5642,0,92,5734,7391,http://www.ieem.org.mx/proceso2021/actasmun/ACM2021_M035.pdf
15,MEXICO,36,HUEHUETOCA,64,171,10470,3460,530,11100,457,525,9420,585,299,8122,842,,,,,,,,,,,,,,,,45810,269,1033,47112,103945,http://www.ieem.org.mx/proceso2021/actasmun/ACM2021_M036.pdf
15,MEXICO,37,HUEYPOXTLA,16,50,356,6375,1732,2139,164,98,1926,82,,5362,2157,,,,,,,,,,,,,,,,20391,6,599,20996,32256,http://www.ieem.org.mx/proceso2021/actasmun/ACM2021_M037.pdf
15,MEXICO,38,HUIXQUILUCAN,76,313,69648,24310,2171,1652,1969,1454,24483,652,627,1219,1017,,,,,,,,,,,,,,,,129202,68,2432,131702,202852,http://www.ieem.org.mx/proceso2021/actasmun/ACM2021_M038.pdf
15,MEXICO,39,ISIDRO FABELA,5,13,792,1469,429,1115,17,1101,182,272,393,28,167,,,,,,,,,,,,,,,,5965,2,119,6086,8386,http://www.ieem.org.mx/proceso2021/actasmun/ACM2021_M039.pdf
15,MEXICO,40,IXTAPALUCA,226,600,6795,65120,2441,3814,2072,5107,72513,1638,1266,7598,2050,,,,,,,,,,,,,,,,170414,159,4707,175280,364119,http://www.ieem.org.mx/proceso2021/actasmun/ACM2021_M040.pdf
15,MEXICO,41,IXTAPAN DE LA SAL,19,48,1783,3247,316,2583,264,1317,5084,306,904,443,266,,,,,,,,,,,,,,,,16513,9,468,16990,28128,http://www.ieem.org.mx/proceso2021/actasmun/ACM2021_M041.pdf
15,MEXICO,42,IXTAPAN DEL ORO,5,9,474,1622,81,14,737,,760,,42,9,737,,,,,,,,,,,,,,,,4476,6,107,4589,5266,http://www.ieem.org.mx/proceso2021/actasmun/ACM2021_M042.pdf
15,MEXICO,43,IXTLAHUACA,50,177,1211,26825,574,3190,1350,8577,22222,556,1228,1213,542,,,,,,,2082,,,,,,,,,69570,16,1648,71234,113943,http://www.ieem.org.mx/proceso2021/actasmun/ACM2021_M043.pdf
15,MEXICO,44,XALATLACO,7,31,1502,1791,26,1121,1155,192,1799,,1367,935,960,,,,,,,,,,,,,,,,10848,4,247,11099,19077,http://www.ieem.org.mx/proceso2021/actasmun/ACM2021_M044.pdf
15,MEXICO,45,JALTENCO,14,35,1194,1584,118,429,824,428,3781,330,2062,452,682,,,,,,,,,,,,,,,,11884,9,299,12192,20262,http://www.ieem.org.mx/proceso2021/actasmun/ACM2021_M045.pdf
15,MEXICO,46,JILOTEPEC,44,121,1161,15235,403,9435,746,486,13729,542,1158,1051,738,,,,,,,,,,,,,,,,44684,16,872,45572,69452,http://www.ieem.org.mx/proceso2021/actasmun/ACM2021_M046.pdf
15,MEXICO,47,JILOTZINGO,10,26,3895,3951,346,309,251,105,259,942,,275,251,,,,,,,,,,,,,,,,10584,2,246,10832,15761,http://www.ieem.org.mx/proceso2021/actasmun/ACM2021_M047.pdf
15,MEXICO,48,JIQUIPILCO,30,92,501,12685,351,502,1207,8129,2875,7260,987,299,204,,,,,,,,,,,,,,,,35000,15,939,35954,54702,http://www.ieem.org.mx/proceso2021/actasmun/ACM2021_M048.pdf
15,MEXICO,49,JOCOTITLAN,29,88,7390,13819,134,753,290,332,8732,1208,477,318,207,,,,,,,,,,,,,,,,33660,13,725,34398,50327,http://www.ieem.org.mx/proceso2021/actasmun/ACM2021_M049.pdf
15,MEXICO,50,JOQUICINGO,5,17,54,1741,88,2451,334,1921,344,,,194,334,,,,,,,,,,,,,,,,7461,1,154,7616,10504,http://www.ieem.org.mx/proceso2021/actasmun/ACM2021_M050.pdf
15,MEXICO,51,JUCHITEPEC,8,31,1783,3073,804,2720,78,2207,1168,,136,45,52,,,,,,,,,,,,,,,,12066,8,297,12371,18457,http://www.ieem.org.mx/proceso2021/actasmun/ACM2021_M051.pdf
15,MEXICO,52,LERMA,49,177,11828,30288,492,1175,2883,687,17214,560,730,583,547,,,,,,,,,,,,,,,,66987,31,1444,68462,113543,http://www.ieem.org.mx/proceso2021/actasmun/ACM2021_M052.pdf
15,MEXICO,53,MALINALCO,16,37,281,1363,1747,5239,151,,1491,1509,937,246,110,,,,,,,,,,,,,,,,13074,438,507,14019,20223,http://www.ieem.org.mx/proceso2021/actasmun/ACM2021_M053.pdf
15,MEXICO,54,MELCHOR OCAMPO,16,64,4022,1261,157,3072,195,4388,5509,2146,589,2801,109,,,,,,,,,,,,,,,,24249,16,408,24673,42087,http://www.ieem.org.mx/proceso2021/actasmun/ACM2021_M054.pdf
15,MEXICO,55,METEPEC,86,287,30021,35828,2228,2584,3737,6770,24887,1569,3528,1684,758,,,,,,,,3267,,,,,,,,116861,186,2419,119466,187414,http://www.ieem.org.mx/proceso2021/actasmun/ACM2021_M055.pdf
15,MEXICO,56,MEXICALTZINGO,4,15,237,1126,102,277,340,448,350,888,1072,376,340,,,,,,,,,,,,,,,,5556,114,127,5797,9703,http://www.ieem.org.mx/proceso2021/actasmun/ACM2021_M056.pdf
15,MEXICO,57,MORELOS,18,41,897,5702,112,1118,126,6426,984,291,145,280,134,,,,,,,,,,,,,,,,16215,4,486,16705,23724,http://www.ieem.org.mx/proceso2021/actasmun/ACM2021_M057.pdf
15,MEXICO,58,NAUCALPAN DE JUAREZ,453,1176,109700,63138,5073,7207,6006,19603,108809,8259,3898,6283,3242,,,,,,,,,,,,,,,,341218,305,8987,350510,698549,http://www.ieem.org.mx/proceso2021/actasmun/ACM2021_M058.pdf
15,MEXICO,59,NEXTLALPAN,10,47,891,3801,324,227,350,1805,8023,1080,106,672,839,,,,,,,,,,,,,,,,18118,7,484,18609,31281,http://www.ieem.org.mx/proceso2021/actasmun/ACM2021_M059.pdf
15,MEXICO,60,NEZAHUALCOYOTL,680,1513,18770,56298,24749,6169,6062,148678,165882,5191,2071,4234,4764,,,,,,,,,,,,,,,,442868,364,10839,454071,871179,http://www.ieem.org.mx/proceso2021/actasmun/ACM2021_M060.pdf
15,MEXICO,61,NICOLAS ROMERO,101,446,24475,46279,1736,3773,1922,4538,55005,2743,5581,2954,2123,,,,,,,,,,,,,,,,151129,137,3865,155131,297556,http://www.ieem.org.mx/proceso2021/actasmun/ACM2021_M061.pdf
15,MEXICO,62,NOPALTEPEC,5,14,2606,1138,383,11,108,12,112,15,1548,11,108,,,,,,,,,,,,,,,,6052,0,134,6186,8017,http://www.ieem.org.mx/proceso2021/actasmun/ACM2021_M062.pdf
15,MEXICO,63,OCOYOACAC,22,82,2969,7248,1304,8139,247,884,5104,2022,374,2285,146,,,,,,,,,,,,,,,,30722,24,726,31472,51261,http://www.ieem.org.mx/proceso2021/actasmun/ACM2021_M063.pdf
15,MEXICO,64,OCUILAN,13,42,195,1606,1486,1585,1378,541,3236,5481,69,38,134,,,,,,,,,,,,,,,,15749,1,413,16163,22116,http://www.ieem.org.mx/proceso2021/actasmun/ACM2021_M064.pdf
15,MEXICO,65,EL ORO,17,54,3724,5347,75,1395,700,3634,721,78,125,760,700,,,,,,,,,,,,,,,,17259,7,463,17729,27153,http://www.ieem.org.mx/proceso2021/actasmun/ACM2021_M065.pdf
15,MEXICO,66,OTUMBA,18,47,3891,7435,1428,3182,81,48,1583,72,549,32,92,,,,,,,,,,,,,,,,18393,39,327,18759,27994,http://www.ieem.org.mx/proceso2021/actasmun/ACM2021_M066.pdf
15,MEXICO,67,OTZOLOAPAN,4,11,67,328,1281,18,20,,149,,12,1082,11,,,,,,,,,,,,,,,,2968,0,127,3095,4171,http://www.ieem.org.mx/proceso2021/actasmun/ACM2021_M067.pdf
15,MEXICO,68,OTZOLOTEPEC,26,93,6153,8066,2686,453,605,4391,8522,567,380,229,212,,,,,,,,,1743,,,,,,,34007,11,678,34696,59686,http://www.ieem.org.mx/proceso2021/actasmun/ACM2021_M068.pdf
15,MEXICO,69,OZUMBA,13,36,205,3853,731,443,230,280,4004,2825,676,503,112,,,,,,,,,,,,,,,,13862,9,242,14113,21236,http://www.ieem.org.mx/proceso2021/actasmun/ACM2021_M069.pdf
15,MEXICO,70,PAPALOTLA,2,6,64,910,6,289,36,,1556,156,,12,14,,,,,,,,,,,,,,,,3043,2,34,3079,4024,http://www.ieem.org.mx/proceso2021/actasmun/ACM2021_M070.pdf
15,MEXICO,71,LA PAZ,83,319,3524,41978,2781,4110,1251,1651,22734,1481,1112,8162,851,,,,,,,,,,7627,,,,,,97262,89,2832,100183,203926,http://www.ieem.org.mx/proceso2021/actasmun/ACM2021_M071.pdf
15,MEXICO,72,POLOTITLAN,10,22,234,3136,92,2425,242,793,248,,129,28,242,,,,,,,,,,,,,,,,7569,159,184,7912,11855,http://www.ieem.org.mx/proceso2021/actasmun/ACM2021_M072.pdf
15,MEXICO,73,RAYON,4,15,158,2482,121,9,605,1530,624,732,106,13,605,,,,,,,,,,,,,,,,6985,53,111,7149,9440,http://www.ieem.org.mx/proceso2021/actasmun/ACM2021_M073.pdf
15,MEXICO,74,SAN ANTONIO LA ISLA,4,27,737,3445,180,330,842,409,867,2622,35,770,842,,,,,,,,,,,413,,,,,11492,6,154,11652,18745,http://www.ieem.org.mx/proceso2021/actasmun/ACM2021_M074.pdf
15,MEXICO,75,SAN FELIPE DEL PROGRESO,47,156,1044,24306,717,794,709,18144,12678,355,536,211,768,,,,,,,,,,,,,,,,60262,13,1872,62147,95039,http://www.ieem.org.mx/proceso2021/actasmun/ACM2021_M075.pdf
15,MEXICO,76,SAN MARTIN DE LAS PIRAMIDES,14,33,3668,4641,877,694,616,67,635,1570,943,61,616,,,,,,,,,,,,,,,,14388,6,279,14673,21118,http://www.ieem.org.mx/proceso2021/actasmun/ACM2021_M076.pdf
15,MEXICO,77,SAN MATEO ATENCO,21,100,2928,12341,407,1200,437,8100,9428,1813,908,3785,227,,,,,,,,,,,,,,,,41574,35,746,42355,68280,http://www.ieem.org.mx/proceso2021/actasmun/ACM2021_M077.pdf
15,MEXICO,78,SAN SIMON DE GUERRERO,4,9,50,641,1061,10,412,,426,902,38,99,412,,,,,,,,,,,,,,,,4051,0,111,4162,5261,http://www.ieem.org.mx/proceso2021/actasmun/ACM2021_M078.pdf
15,MEXICO,79,SANTO TOMAS,10,19,352,1272,1447,52,771,62,793,,51,9,771,,,,,,,,,,,,,,,,5580,0,166,5746,7536,http://www.ieem.org.mx/proceso2021/actasmun/ACM2021_M079.pdf
15,MEXICO,80,SOYANIQUILPAN DE JUAREZ,7,20,3766,654,30,3594,106,6,109,5,34,16,106,,,,,,,,,,,,,,,,8426,0,143,8569,10851,http://www.ieem.org.mx/proceso2021/actasmun/ACM2021_M080.pdf
15,MEXICO,81,SULTEPEC,23,40,344,2335,1120,8616,271,,278,,,,271,,,,,,,,,,,,,,,,13235,4,485,13724,19826,http://www.ieem.org.mx/proceso2021/actasmun/ACM2021_M081.pdf
15,MEXICO,82,TECAMAC,188,549,37789,55392,1432,7664,2487,4253,76241,2070,807,2204,2287,,,,,,,,,,,,,,,,192626,137,4186,196949,346325,http://www.ieem.org.mx/proceso2021/actasmun/ACM2021_M082.pdf
15,MEXICO,83,TEJUPILCO,44,107,802,15973,1455,680,556,,10366,814,327,1492,479,,,,,,,,,,,,,,,,32944,7,1049,34000,59069,http://www.ieem.org.mx/proceso2021/actasmun/ACM2021_M083.pdf
15,MEXICO,84,TEMAMATLA,5,17,98,693,166,1251,17,1456,212,591,1507,283,97,,,,,,,,,,,,376,,,,6747,0,150,6897,10799,http://www.ieem.org.mx/proceso2021/actasmun/ACM2021_M084.pdf
15,MEXICO,85,TEMASCALAPA,15,46,7112,5751,67,1044,347,51,4118,71,346,71,159,,,,,,,,,,,,,,,,19137,4,347,19488,29908,http://www.ieem.org.mx/proceso2021/actasmun/ACM2021_M085.pdf
15,MEXICO,86,TEMASCALCINGO,35,90,518,10693,775,9324,301,246,10638,559,456,1142,411,,,,,,,,,,,,,,,,35063,43,893,35999,50937,http://www.ieem.org.mx/proceso2021/actasmun/ACM2021_M086.pdf
15,MEXICO,87,TEMASCALTEPEC,23,47,3753,4028,351,1148,160,102,4613,86,420,587,162,,,,,,,,,,,,,,,,15410,2,473,15885,25412,http://www.ieem.org.mx/proceso2021/actasmun/ACM2021_M087.pdf
15,MEXICO,88,TEMOAYA,26,115,3653,10535,1203,1643,1561,4410,11419,1570,310,391,453,,,,,,,,,,,,,,,,37148,14,1060,38222,72314,http://www.ieem.org.mx/proceso2021/actasmun/ACM2021_M088.pdf
15,MEXICO,89,TENANCINGO,36,116,1238,10470,455,6706,621,1973,9299,3611,460,1943,522,,,,,,,,,,,,,,,,37298,14,1032,38344,73314,http://www.ieem.org.mx/proceso2021/actasmun/ACM2021_M089.pdf
15,MEXICO,90,TENANGO DEL AIRE,5,15,395,998,18,2465,39,342,896,99,866,222,46,,,,,,,,,,,,,,,,6386,2,116,6504,8935,http://www.ieem.org.mx/proceso2021/actasmun/ACM2021_M090.pdf
15,MEXICO,91,TENANGO DEL VALLE,27,96,912,6069,4364,2860,5016,2715,7572,634,,922,419,,,,,,,,,,,,,,,,30447,51,968,31466,62584,http://www.ieem.org.mx/proceso2021/actasmun/ACM2021_M091.pdf
15,MEXICO,92,TEOLOYUCAN,25,103,6240,3865,683,1461,400,3041,9372,837,505,1579,297,,,,,,,,,,,,,,,,28280,5787,1017,35084,67061,http://www.ieem.org.mx/proceso2021/actasmun/ACM2021_M092.pdf
15,MEXICO,93,TEOTIHUACAN,23,75,4052,7661,229,265,269,3125,2669,679,2074,391,135,,,,,,,,,,,,,1535,,,23084,167,573,23824,46841,http://www.ieem.org.mx/proceso2021/actasmun/ACM2021_M093.pdf
15,MEXICO,94,TEPETLAOXTOC,12,36,3550,4282,49,407,139,72,3198,55,196,2117,369,,,,,,,,,,,,,,,,14434,8,234,14676,22614,http://www.ieem.org.mx/proceso2021/actasmun/ACM2021_M094.pdf
15,MEXICO,95,TEPETLIXPA,8,23,20,526,627,1535,46,2191,1243,147,981,1993,48,,,,,,,,,,,,,,239,,9596,1,259,9856,14706,http://www.ieem.org.mx/proceso2021/actasmun/ACM2021_M095.pdf
15,MEXICO,96,TEPOTZOTLAN,26,95,4328,4360,755,2510,297,9675,7796,528,3881,520,567,,,,,,,,,,,,,,,,35217,49,753,36019,61533,http://www.ieem.org.mx/proceso2021/actasmun/ACM2021_M096.pdf
15,MEXICO,97,TEQUIXQUIAC,13,45,1374,4096,381,264,99,2929,1890,61,,4582,149,,,,,,,,,,,,,,,,15825,2109,570,18504,28646,http://www.ieem.org.mx/proceso2021/actasmun/ACM2021_M097.pdf
15,MEXICO,98,TEXCALTITLAN,8,24,512,1502,2981,727,1218,,1254,,96,60,1218,,,,,,,,,,,,,,,,9568,185,267,10020,13926,http://www.ieem.org.mx/proceso2021/actasmun/ACM2021_M098.pdf
15,MEXICO,99,TEXCALYACAC,2,6,5,1042,868,605,61,,427,61,122,5,136,,,,,,,,,,,,,,,,3332,1,93,3426,4376,http://www.ieem.org.mx/proceso2021/actasmun/ACM2021_M099.pdf
15,MEXICO,100,TEXCOCO,83,319,5084,19318,2364,27833,995,1477,40633,1224,524,1752,1535,,,,,,,,,,,,,,,,102739,168,2583,105490,206452,http://www.ieem.org.mx/proceso2021/actasmun/ACM2021_M100.pdf
15,MEXICO,101,TEZOYUCA,9,47,5752,3427,604,747,160,378,4680,393,73,193,219,,,,,,,,,,,,,,,,16626,11,369,17006,32553,http://www.ieem.org.mx/proceso2021/actasmun/ACM2021_M101.pdf
15,MEXICO,102,TIANGUISTENCO,25,97,2506,11818,609,8416,1569,581,6742,161,237,878,431,,,,,,,,,,,,,,,1172,35120,21,689,35830,57554,http://www.ieem.org.mx/proceso2021/actasmun/ACM2021_M102.pdf
15,MEXICO,103,TIMILPAN,11,24,206,5334,124,512,1131,234,1165,,323,368,1131,,,,,,,,,,,,,,,,10528,2,227,10757,13507,http://www.ieem.org.mx/proceso2021/actasmun/ACM2021_M103.pdf
15,MEXICO,104,TLALMANALCO,21,65,267,3395,3439,3257,169,6180,3708,868,773,429,209,,,,,,,,,,,,,,,,22694,9,520,23223,38126,http://www.ieem.org.mx/proceso2021/actasmun/ACM2021_M104.pdf
15,MEXICO,105,TLALNEPANTLA DE BAZ,380,951,74818,72129,5120,6918,4387,8398,110689,2927,2078,4462,2845,,,,,,,,,,,,,,,,294771,240,7317,302328,564991,http://www.ieem.org.mx/proceso2021/actasmun/ACM2021_M105.pdf
15,MEXICO,106,TLATLAYA,32,57,187,4463,7333,193,1782,,1835,,241,,1782,,,,,,,,,,,,,,,,17816,0,444,18260,25906,http://www.ieem.org.mx/proceso2021/actasmun/ACM2021_M106.pdf
15,MEXICO,107,TOLUCA,304,1064,47874,111238,5427,12914,7482,8775,133506,9303,5976,6714,4490,,,,,,,,,,,,,,,,353699,380,8651,362730,675652,http://www.ieem.org.mx/proceso2021/actasmun/ACM2021_M107.pdf
15,MEXICO,108,TONATICO,9,21,365,2792,447,27,89,33,2464,112,34,415,71,,,,,,,,,,,,,,,,6849,1,151,7001,10885,http://www.ieem.org.mx/proceso2021/actasmun/ACM2021_M108.pdf
15,MEXICO,109,TULTEPEC,30,183,3578,6389,12601,1131,942,1127,28293,1025,3671,867,846,,,,,,,,,,,,,,,,60470,34,1397,61901,124337,http://www.ieem.org.mx/proceso2021/actasmun/ACM2021_M109.pdf
15,MEXICO,110,TULTITLAN,183,597,20259,49746,3761,8109,3065,9509,76602,2556,1315,3026,1936,,,,,,,,,,,,,,,,179884,185,4669,184738,374255,http://www.ieem.org.mx/proceso2021/actasmun/ACM2021_M110.pdf
15,MEXICO,111,VALLE DE BRAVO,31,91,1518,11946,432,3153,579,818,13126,475,1390,388,611,,,,,,,,,,,,,,,,34436,17,724,35177,55148,http://www.ieem.org.mx/proceso2021/actasmun/ACM2021_M111.pdf
15,MEXICO,112,VILLA DE ALLENDE,22,61,305,4304,7917,133,347,,7156,3498,315,88,288,,,,,,,,,,,,,,,,24351,0,720,25071,35807,http://www.ieem.org.mx/proceso2021/actasmun/ACM2021_M112.pdf
15,MEXICO,113,VILLA DEL CARBON,19,64,4861,9884,55,5134,1207,338,1025,114,931,1293,82,,,,,,,,,,,,,,,,24924,12,473,25409,35386,http://www.ieem.org.mx/proceso2021/actasmun/ACM2021_M113.pdf
15,MEXICO,114,VILLA GUERRERO,25,72,347,1893,2900,7671,355,7919,4463,88,340,176,308,,,,,,,,,,,,,,,,26460,18,671,27149,45006,http://www.ieem.org.mx/proceso2021/actasmun/ACM2021_M114.pdf
15,MEXICO,115,VILLA VICTORIA,48,125,1390,24116,1033,2347,532,251,9654,320,361,235,342,,,,,,,,,,,,,,,,40581,12,1196,41789,70709,http://www.ieem.org.mx/proceso2021/actasmun/ACM2021_M115.pdf
15,MEXICO,116,XONACATLAN,14,67,3807,3397,2037,2279,560,5583,6407,244,122,3754,187,,,,,,,,,,,,,,,,28377,9,623,29009,44763,http://www.ieem.org.mx/proceso2021/actasmun/ACM2021_M116.pdf
15,MEXICO,117,ZACAZONAPAN,2,7,86,829,1168,15,12,,637,,42,6,7,,,,,,,,,,,,,,,,2802,1,80,2883,3882,http://www.ieem.org.mx/proceso2021/actasmun/ACM2021_M117.pdf
15,MEXICO,118,ZACUALPAN,15,25,415,2714,175,197,823,85,848,,,822,823,,,,,,,,,,,,,,,,6902,38,276,7216,10693,http://www.ieem.org.mx/proceso2021/actasmun/ACM2021_M118.pdf
15,MEXICO,119,ZINACANTEPEC,46,211,6051,23770,815,11287,1714,1972,22025,1437,817,1289,1250,,,,,,,,,,,,,,,,72427,50,2084,74561,140290,http://www.ieem.org.mx/proceso2021/actasmun/ACM2021_M119.pdf
15,MEXICO,120,ZUMPAHUACAN,11,23,827,1331,110,178,317,1621,855,758,805,1447,96,,,,,,,,,,,,,,,,8345,4,304,8653,12530,http://www.ieem.org.mx/proceso2021/actasmun/ACM2021_M120.pdf
15,MEXICO,121,ZUMPANGO,44,237,10728,13144,13648,1290,1297,1366,27408,960,1190,1613,1395,,,,,,,,,,,,,,,,74039,75,1697,75811,160031,http://www.ieem.org.mx/proceso2021/actasmun/ACM2021_M121.pdf
15,MEXICO,122,VALLE DE CHALCO SOLIDARIDAD,114,416,2995,13254,29446,12727,2086,3844,60752,1498,1414,1457,1205,,,,,,,,,,,,,,,,130678,99,3903,134680,271792,http://www.ieem.org.mx/proceso2021/actasmun/ACM2021_M122.pdf
15,MEXICO,123,LUVIANOS,27,48,401,7841,614,341,971,,1001,,166,109,971,,,,,,,,,,,,,,,,12415,9,627,13051,22999,http://www.ieem.org.mx/proceso2021/actasmun/ACM2021_M123.pdf
15,MEXICO,124,SAN JOSE DEL RINCON,43,118,5447,13276,989,10165,288,215,4209,191,236,260,1234,,,,,,,,,,,,,,,,36510,4,1248,37762,69764,http://www.ieem.org.mx/proceso2021/actasmun/ACM2021_M124.pdf
15,MEXICO,125,TONANITLA,3,14,91,416,49,32,229,893,235,1678,1168,1064,229,,,,,,,,,,,,,,,,6084,8,127,6219,9319,http://www.ieem.org.mx/proceso2021/actasmun/ACM2021_M125.pdf
