﻿CIRCUNSCRIPCION,ID_ESTADO,NOMBRE_ESTADO,ID_DISTRITO,CABECERA_DISTRITAL,SECCIONES,CASILLAS,PAN,PRI,PRD,PT,PVEM,UDC,MC,NVA_ALIANZA,SI,PPC,PJ,PRC,PCP,MORENA,ES,PAN_UDC_PPC_ES,PAN_UDC_PPC,PAN_UDC_ES,PAN_PPC_ES,UDC_PPC_ES,PAN_UDC,PAN_PPC,PAN_ES,UDC_PPC,UDC_ES,PPC_ES,PRI_PVEM_NVA_ALIANZA_SI_PJ_PRC_PCP,PRI_PVEM_NVA_ALIANZA_SI_PJ_PRC,PRI_PVEM_NVA_ALIANZA_SI_PJ_PCP,PRI_PVEM_NVA_ALIANZA_SI_PRC_PCP,PRI_PVEM_NVA_ALIANZA_PJ_PRC_PCP,PRI_PVEM_SI_PJ_PRC_PCP,PRI_NVA_ALIANZA_SI_PJ_PRC_PCP,PVEM_NVA_ALIANZA_SI_PJ_PRC_PCP,PRI_PVEM_NVA_ALIANZA_SI_PJ,PRI_PVEM_NVA_ALIANZA_SI_PRC,PRI_PVEM_NVA_ALIANZA_SI_PCP,PRI_PVEM_NVA_ALIANZA_PJ_PRC,PRI_PVEM_NVA_ALIANZA_PJ_PCP,PRI_PVEM_NVA_ALIANZA_PRC_PCP,PRI_PVEM_SI_PJ_PRC,PRI_PVEM_SI_PJ_PCP,PRI_PVEM_SI_PRC_PCP,PRI_PVEM_PJ_PRC_PCP,PRI_NVA_ALIANZA_SI_PJ_PRC,PRI_NVA_ALIANZA_SI_PJ_PCP,PRI_NVA_ALIANZA_SI_PRC_PCP,PRI_NVA_ALIANZA_PJ_PRC_PCP,PRI_SI_PJ_PRC_PCP,PVEM_NVA_ALIANZA_SI_PJ_PRC,PVEM_NVA_ALIANZA_SI_PJ_PCP,PVEM_NVA_ALIANZA_SI_PRC_PCP,PVEM_NVA_ALIANZA_PJ_PRC_PCP,PVEM_SI_PJ_PRC_PCP,NVA_ALIANZA_SI_PJ_PRC_PCP,PRI_PVEM_NVA_ALIANZA_SI,PRI_PVEM_NVA_ALIANZA_PJ,PRI_PVEM_NVA_ALIANZA_PRC,PRI_PVEM_NVA_ALIANZA_PCP,PRI_PVEM_SI_PJ,PRI_PVEM_SI_PRC,PRI_PVEM_SI_PCP,PRI_PVEM_PJ_PRC,PRI_PVEM_PJ_PCP,PRI_PVEM_PRC_PCP,PRI_NVA_ALIANZA_SI_PJ,PRI_NVA_ALIANZA_SI_PRC,PRI_NVA_ALIANZA_SI_PCP,PRI_NVA_ALIANZA_PJ_PRC,PRI_NVA_ALIANZA_PJ_PCP,PRI_NVA_ALIANZA_PRC_PCP,PRI_SI_PJ_PRC,PRI_SI_PJ_PCP,PRI_SI_PRC_PCP,PRI_PJ_PRC_PCP,PVEM_NVA_ALIANZA_SI_PJ,PVEM_NVA_ALIANZA_SI_PRC,PVEM_NVA_ALIANZA_SI_PCP,PVEM_NVA_ALIANZA_PJ_PRC,PVEM_NVA_ALIANZA_PJ_PCP,PVEM_NVA_ALIANZA_PRC_PCP,PVEM_SI_PJ_PRC,PVEM_SI_PJ_PCP,PVEM_SI_PRC_PCP,PVEM_PJ_PRC_PCP,NVA_ALIANZA_SI_PJ_PRC,NVA_ALIANZA_SI_PJ_PCP,NVA_ALIANZA_SI_PRC_PCP,NVA_ALIANZA_PJ_PRC_PCP,SI_PJ_PRC_PCP,PRI_PVEM_NVA_ALIANZA,PRI_PVEM_SI,PRI_PVEM_PJ,PRI_PVEM_PRC,PRI_PVEM_PCP,PRI_NVA_ALIANZA_SI,PRI_NVA_ALIANZA_PJ,PRI_NVA_ALIANZA_PRC,PRI_NVA_ALIANZA_PCP,PRI_SI_PJ,PRI_SI_PRC,PRI_SI_PCP,PRI_PJ_PRC,PRI_PJ_PCP,PRI_PRC_PCP,PVEM_NVA_ALIANZA_SI,PVEM_NVA_ALIANZA_PJ,PVEM_NVA_ALIANZA_PRC,PVEM_NVA_ALIANZA_PCP,PVEM_SI_PJ,PVEM_SI_PRC,PVEM_SI_PCP,PVEM_PJ_PRC,PVEM_PJ_PCP,PVEM_PRC_PCP,NVA_ALIANZA_SI_PJ,NVA_ALIANZA_SI_PRC,NVA_ALIANZA_SI_PCP,NVA_ALIANZA_PJ_PRC,NVA_ALIANZA_PJ_PCP,NVA_ALIANZA_PRC_PCP,SI_PJ_PRC,SI_PJ_PCP,SI_PRC_PCP,PJ_PRC_PCP,PRI_PVEM,PRI_NVA_ALIANZA,PRI_SI,PRI_PJ,PRI_PRC,PRI_PCP,PVEM_NVA_ALIANZA,PVEM_SI,PVEM_PJ,PVEM_PRC,PVEM_PCP,NVA_ALIANZA_SI,NVA_ALIANZA_PJ,NVA_ALIANZA_PRC,NVA_ALIANZA_PCP,SI_PJ,SI_PRC,SI_PCP,PJ_PRC,PJ_PCP,PRC_PCP,CAND_IND8,CAND_IND9,CAND_IND10,CAND_IND11,CAND_IND12,CAND_IND13,CAND_IND14,CAND_IND15,CAND_IND16,CAND_IND18,CAND_IND19,NUM_VOTOS_CAN_NREG,NUM_VOTOS_VALIDOS,NUM_VOTOS_NULOS,TOTAL_VOTOS,LISTA_NOMINAL,PARTICIPACION
2,5,COAHUILA,1,ACUÑA,93,220,10785,21878,5391,1414,657,25517,0,504,437,206,2412,115,44,2440,520,102,49,32,5,2,629,9,9,6,7,1,21,1,0,0,2,0,1,0,1,0,0,1,0,2,0,0,0,0,0,0,2,0,0,0,0,0,0,0,0,1,1,2,0,0,1,0,0,0,0,1,0,0,0,0,0,1,1,0,0,0,0,0,0,0,0,0,0,0,0,0,0,0,0,0,2,4,3,2,0,0,0,2,0,0,1,0,0,1,1,0,0,0,0,0,0,0,0,0,2,0,0,0,0,1,0,0,0,0,0,38,14,10,23,3,1,1,0,1,0,1,0,0,1,0,7,0,0,1,1,3,,,,,,,,,,,,21,73334,1367,74722,137802,0.5422
2,5,COAHUILA,2,PIEDRAS NEGRAS,109,249,19253,29222,826,848,882,1695,449,690,179,156,267,91,82,3494,335,110,23,20,9,1,138,15,28,3,2,3,53,6,3,3,2,2,5,1,2,1,0,0,0,0,0,5,0,0,1,0,1,1,2,0,0,2,0,0,0,3,2,0,1,0,1,0,0,1,0,0,1,0,0,0,0,0,2,0,0,0,0,0,0,0,0,1,1,0,0,0,0,0,0,0,10,5,4,2,0,2,3,5,1,1,1,1,1,0,1,0,0,2,0,0,0,0,0,0,0,1,0,0,0,0,0,0,1,0,0,56,46,18,18,11,8,3,0,1,0,2,0,1,2,0,1,0,0,2,1,1,,,,,,,18698,,,,,33,77834,1224,79091,152068,0.5201
2,5,COAHUILA,3,SABINAS,118,239,24300,30542,265,849,377,12473,3184,701,148,354,225,74,150,4030,247,172,96,53,14,6,661,33,20,21,6,6,31,2,1,6,0,11,2,0,1,0,0,0,0,1,4,2,1,1,0,0,0,1,1,0,0,1,0,0,0,1,3,0,0,1,0,1,0,1,0,0,0,0,0,1,0,2,2,0,0,0,0,0,0,0,0,0,1,0,0,0,0,0,0,0,8,7,3,0,0,5,2,9,0,3,0,2,0,3,1,0,0,1,0,0,0,0,0,0,0,0,0,0,0,0,0,0,0,0,0,30,23,25,7,9,3,2,1,2,0,1,0,0,0,1,1,1,0,2,0,1,,,,,,,,,516,,,10,79755,1361,81126,140248,0.5784
2,5,COAHUILA,4,SAN PEDRO,136,234,18515,28739,1844,1987,546,3494,7328,2910,305,2245,809,218,226,4834,616,119,114,15,11,4,189,83,23,24,6,4,17,2,0,0,1,1,2,0,5,2,2,0,0,0,0,0,0,1,0,0,0,0,0,0,0,0,0,0,0,5,0,0,1,2,0,0,0,1,0,0,0,0,0,1,0,2,0,0,0,0,0,0,0,0,0,0,0,0,0,0,0,0,0,0,7,4,5,1,0,0,1,3,0,6,1,0,0,0,1,0,0,0,0,1,0,0,0,0,0,2,0,0,0,0,0,0,0,0,0,43,22,12,23,4,5,3,2,2,1,0,0,2,3,1,1,0,0,0,1,1,,,,,,,,,,,,20,75779,1791,77590,124584,0.6228
2,5,COAHUILA,5,MONCLOVA,124,247,27936,29527,2139,1672,1034,3488,406,1268,476,132,12,108,4,9351,449,71,24,20,8,2,173,16,24,6,3,1,10,0,1,0,2,0,0,0,0,1,0,0,0,0,0,1,0,0,0,1,1,0,0,0,0,0,0,0,0,0,0,0,0,0,0,0,0,0,1,1,0,0,0,0,0,0,0,0,0,0,0,0,0,0,0,0,0,0,0,0,0,0,0,0,4,1,0,1,0,2,0,0,0,1,0,0,1,0,0,0,0,0,0,0,0,0,0,0,0,0,0,0,0,0,0,0,0,0,0,12,4,7,2,0,2,0,0,0,0,0,1,0,0,0,0,0,0,0,0,0,,,,,,4785,,,,,,54,83192,1163,84409,146871,0.5747
2,5,COAHUILA,6,FRONTERA,105,234,23965,28347,4095,3524,1361,304,428,1159,544,131,482,91,8,8970,901,39,10,10,6,1,31,12,30,2,2,2,9,2,0,1,0,0,1,0,0,0,0,0,0,0,0,0,0,0,0,0,0,0,0,0,1,0,0,0,0,0,0,0,0,0,0,0,0,0,0,1,0,0,0,0,1,0,0,0,0,0,0,0,0,0,0,0,0,0,0,0,0,0,0,0,2,2,1,0,0,0,0,0,3,0,1,0,1,0,0,0,0,0,0,1,0,0,0,0,0,0,0,0,0,0,0,0,0,0,0,14,5,0,3,0,2,0,0,0,0,0,0,0,1,0,0,0,0,0,0,0,2685,188,1987,,,,,,,,,21,79367,1130,80518,143330,0.5618
2,5,COAHUILA,7,MATAMOROS,131,246,10731,35620,1868,645,1891,2675,105,1384,429,16612,7438,2417,402,5175,354,73,111,9,10,3,91,310,8,23,0,6,7,2,0,0,0,0,0,0,1,0,0,0,0,1,1,0,1,0,0,0,0,0,0,0,0,0,0,0,0,0,0,0,1,0,0,0,0,0,1,1,0,0,0,0,0,0,0,0,0,0,0,0,0,0,0,0,0,0,0,0,0,0,0,0,3,0,2,1,0,1,0,1,0,0,0,1,1,0,0,0,0,0,0,0,0,0,0,0,0,0,0,0,0,0,0,0,0,0,0,19,37,4,9,10,3,4,1,1,0,0,2,0,0,0,1,0,0,0,1,1,,,,5051,241,,,,,,,5,93801,1699,95505,144700,0.6600
2,5,COAHUILA,8,TORREON,37,169,29701,19539,2765,832,1445,165,377,758,927,309,396,319,98,6019,300,62,21,11,11,0,18,15,12,2,0,0,13,2,1,1,0,0,1,0,1,0,0,0,0,0,1,0,0,1,0,1,0,0,0,0,0,0,0,0,0,1,0,1,0,2,0,1,1,0,0,0,0,0,0,0,0,0,0,0,0,0,0,0,0,0,0,1,0,0,0,0,0,0,0,0,11,4,2,1,0,0,1,2,0,0,0,0,0,0,0,1,0,0,0,0,0,0,0,0,1,0,0,0,0,0,0,0,0,0,0,69,7,14,5,4,3,4,0,3,1,0,2,2,0,0,2,0,0,0,2,3,,,,,,,,,,,,21,64275,915,65211,116032,0.5620
2,5,COAHUILA,9,TORREON,154,242,38460,30749,1832,1025,1173,202,527,807,225,262,232,263,91,6492,386,151,54,20,16,0,37,19,27,3,1,0,46,2,5,5,1,2,3,2,0,2,0,0,0,0,1,0,0,0,0,0,1,0,0,0,0,0,0,1,0,3,0,1,1,0,0,0,0,0,0,0,1,1,0,1,0,1,0,0,0,0,0,0,0,0,0,0,0,0,0,0,0,0,0,0,11,1,4,1,4,4,1,5,1,0,0,0,2,0,0,0,0,0,0,0,0,0,0,0,0,0,0,0,0,0,0,0,0,0,0,78,18,7,5,6,2,3,0,0,1,0,0,0,1,0,1,0,1,0,0,0,,,,,,,,,,,,26,83291,1184,84501,139001,0.6079
2,5,COAHUILA,10,TORREON,134,221,32640,24209,1463,1124,1188,225,442,604,243,343,284,203,86,7034,329,115,28,8,13,0,26,16,22,1,2,0,39,2,0,5,1,1,0,0,0,1,1,1,0,0,0,1,1,2,0,1,0,0,0,0,0,0,0,0,0,1,0,0,0,0,0,0,0,0,1,0,0,1,0,0,0,0,0,0,0,0,0,0,0,0,0,0,0,0,0,0,0,0,0,0,8,3,2,3,0,0,0,2,1,0,1,0,1,0,0,0,0,0,0,1,0,0,0,0,0,0,0,0,0,0,0,0,0,1,0,80,18,5,5,9,1,6,1,1,1,0,0,0,0,0,0,0,0,0,0,0,,,,,,,,,,,,23,70857,1111,71991,123052,0.5850
2,5,COAHUILA,11,TORREON,37,181,32531,22280,1906,1030,1222,199,519,895,299,310,234,277,101,7918,383,104,34,10,10,1,29,16,19,1,2,0,24,0,0,4,0,1,0,0,0,1,0,1,0,1,1,0,0,0,0,0,0,0,0,0,0,0,0,0,0,5,2,1,0,1,0,1,0,0,0,0,0,0,0,0,1,0,0,1,0,0,0,0,0,0,0,0,0,0,0,0,0,0,0,0,13,2,2,2,1,1,0,7,0,1,1,0,0,0,2,0,0,0,0,0,0,0,1,0,0,0,0,0,0,0,0,0,0,0,0,92,3,6,3,7,2,1,1,1,0,0,0,0,0,0,0,1,0,0,1,1,,,,,,,,,,,,34,70527,1008,71569,128155,0.5585
2,5,COAHUILA,12,RAMOS ARIZPE,106,222,11188,22426,2425,864,6735,853,160,4024,974,176,838,78,7130,2832,323,45,6,5,7,1,28,7,23,2,2,1,4,2,0,0,3,0,0,0,0,0,0,0,0,1,1,1,1,0,0,0,0,0,1,1,0,0,0,0,0,2,2,0,0,0,0,0,0,0,2,0,0,0,0,0,0,0,1,0,0,0,0,0,0,0,0,0,0,0,0,0,0,0,0,0,3,2,1,0,1,2,0,3,0,2,2,0,0,1,1,1,0,0,0,1,0,0,0,0,0,0,0,0,0,0,0,0,0,0,0,33,16,8,27,7,14,5,0,1,0,0,1,0,0,0,1,2,1,0,0,1,,,,,,,,8175,,,,14,69487,1882,71383,126528,0.5642
2,5,COAHUILA,13,SALTILLO,91,222,22818,30885,815,1287,1303,234,268,912,399,139,1984,157,807,6704,778,71,7,10,4,1,30,9,23,3,1,1,26,2,2,3,3,2,2,1,2,1,0,0,1,1,0,1,1,0,0,1,0,1,0,0,0,0,0,0,0,2,3,1,0,3,0,0,0,1,0,1,1,0,1,0,0,1,0,0,0,0,0,0,0,0,2,0,1,0,0,0,1,0,0,0,10,4,5,0,0,2,1,6,0,1,0,0,1,2,0,1,0,0,0,0,0,0,0,2,0,0,0,0,1,0,0,0,0,0,0,59,29,12,53,8,6,4,2,1,1,1,0,4,0,1,4,0,1,3,1,2,,,,,,,,,,2196,1781,26,73923,1414,75363,138278,0.5450
2,5,COAHUILA,14,SALTILLO,76,227,32815,27207,756,952,1141,293,285,1159,308,167,1420,113,291,6425,663,89,18,8,10,1,23,10,25,1,0,0,37,2,2,3,3,6,0,0,2,1,3,0,1,2,0,1,1,1,1,0,0,0,0,0,0,0,0,0,0,3,1,2,0,1,0,1,0,0,1,0,1,0,0,1,2,0,0,0,0,0,0,0,0,0,1,0,0,0,0,0,0,2,0,0,10,7,2,1,3,1,1,7,0,1,2,0,0,0,0,0,0,0,0,0,0,1,0,0,0,0,0,1,0,0,0,0,0,0,0,46,19,8,31,3,3,4,0,1,1,1,0,2,0,1,1,1,0,0,0,1,,,,,,,    ,,,3596,2738,51,80756,1101,81908,148846,0.5503
2,5,COAHUILA,15,SALTILLO,88,228,22687,31576,856,1206,1575,219,269,1056,305,130,2670,133,369,6603,738,76,15,7,14,1,25,17,35,4,2,4,30,3,0,4,2,1,2,0,1,2,0,0,1,3,0,0,2,1,0,0,0,0,1,0,1,0,1,0,0,1,1,4,1,2,1,1,1,0,1,1,0,0,0,0,1,1,0,0,0,0,0,0,0,0,0,0,1,0,0,0,0,0,0,0,11,4,7,2,0,0,6,4,0,1,0,1,1,2,1,1,0,0,1,1,0,0,0,0,0,0,0,0,0,0,0,0,1,0,0,74,34,10,67,2,6,5,3,1,0,2,0,1,0,0,1,1,0,2,1,2,,,,,,,,,,2388,1914,45,75222,1425,76692,145248,0.5280
2,5,COAHUILA,16,SALTILLO,123,246,18898,36619,1049,1193,1602,255,266,1097,306,185,1515,204,1497,7327,1227,58,10,15,5,0,15,4,35,2,1,0,28,0,5,0,1,1,0,0,0,1,2,0,0,0,0,2,0,2,1,0,0,3,0,0,0,0,0,0,0,0,1,1,1,1,0,0,0,1,1,0,0,0,0,0,1,0,1,1,1,0,0,0,0,0,0,0,0,0,0,0,0,0,0,0,15,3,6,5,2,3,4,4,0,2,1,2,1,0,1,0,0,0,0,1,0,0,0,0,0,0,0,0,1,0,1,0,0,0,0,55,27,7,50,8,14,2,0,1,2,0,2,0,1,0,3,1,0,0,3,4,,,,,,,,,,2192,1475,23,77340,1715,79078,147383,0.5365
