﻿ID_ESTADO,NOMBRE_ESTADO,ID_MUNICIPIO,MUNICIPIO,SECCIONES,CASILLAS,PAN,PRI,PRD,PT,PVEM,UDC,MC,NVA_ALIANZA,SI,PPC,PJ,PRC,PCP,MORENA,ES,PAN_UDC_PPC_ES,PAN_UDC_PPC,PAN_UDC_ES,PAN_PPC_ES,UDC_PPC_ES,PAN_UDC,PAN_PPC,PAN_ES,UDC_PPC,UDC_ES,PPC_ES,PRI_PVEM_NVA_ALIANZA_SI_PJ_PRC_PCP,PRI_PVEM_NVA_ALIANZA_SI_PJ_PRC,PRI_PVEM_NVA_ALIANZA_SI_PJ_PCP,PRI_PVEM_NVA_ALIANZA_SI_PRC_PCP,PRI_PVEM_NVA_ALIANZA_PJ_PRC_PCP,PRI_PVEM_SI_PJ_PRC_PCP,PRI_NVA_ALIANZA_SI_PJ_PRC_PCP,PVEM_NVA_ALIANZA_SI_PJ_PRC_PCP,PRI_PVEM_NVA_ALIANZA_SI_PJ,PRI_PVEM_NVA_ALIANZA_SI_PRC,PRI_PVEM_NVA_ALIANZA_SI_PCP,PRI_PVEM_NVA_ALIANZA_PJ_PRC,PRI_PVEM_NVA_ALIANZA_PJ_PCP,PRI_PVEM_NVA_ALIANZA_PRC_PCP,PRI_PVEM_SI_PJ_PRC,PRI_PVEM_SI_PJ_PCP,PRI_PVEM_SI_PRC_PCP,PRI_PVEM_PJ_PRC_PCP,PRI_NVA_ALIANZA_SI_PJ_PRC,PRI_NVA_ALIANZA_SI_PJ_PCP,PRI_NVA_ALIANZA_SI_PRC_PCP,PRI_NVA_ALIANZA_PJ_PRC_PCP,PRI_SI_PJ_PRC_PCP,PVEM_NVA_ALIANZA_SI_PJ_PRC,PVEM_NVA_ALIANZA_SI_PJ_PCP,PVEM_NVA_ALIANZA_SI_PRC_PCP,PVEM_NVA_ALIANZA_PJ_PRC_PCP,PVEM_SI_PJ_PRC_PCP,NVA_ALIANZA_SI_PJ_PRC_PCP,PRI_PVEM_NVA_ALIANZA_SI,PRI_PVEM_NVA_ALIANZA_PJ,PRI_PVEM_NVA_ALIANZA_PRC,PRI_PVEM_NVA_ALIANZA_PCP,PRI_PVEM_SI_PJ,PRI_PVEM_SI_PRC,PRI_PVEM_SI_PCP,PRI_PVEM_PJ_PRC,PRI_PVEM_PJ_PCP,PRI_PVEM_PRC_PCP,PRI_NVA_ALIANZA_SI_PJ,PRI_NVA_ALIANZA_SI_PRC,PRI_NVA_ALIANZA_SI_PCP,PRI_NVA_ALIANZA_PJ_PRC,PRI_NVA_ALIANZA_PJ_PCP,PRI_NVA_ALIANZA_PRC_PCP,PRI_SI_PJ_PRC,PRI_SI_PJ_PCP,PRI_SI_PRC_PCP,PRI_PJ_PRC_PCP,PVEM_NVA_ALIANZA_SI_PJ,PVEM_NVA_ALIANZA_SI_PRC,PVEM_NVA_ALIANZA_SI_PCP,PVEM_NVA_ALIANZA_PJ_PRC,PVEM_NVA_ALIANZA_PJ_PCP,PVEM_NVA_ALIANZA_PRC_PCP,PVEM_SI_PJ_PRC,PVEM_SI_PJ_PCP,PVEM_SI_PRC_PCP,PVEM_PJ_PRC_PCP,NVA_ALIANZA_SI_PJ_PRC,NVA_ALIANZA_SI_PJ_PCP,NVA_ALIANZA_SI_PRC_PCP,NVA_ALIANZA_PJ_PRC_PCP,SI_PJ_PRC_PCP,PRI_PVEM_NVA_ALIANZA,PRI_PVEM_SI,PRI_PVEM_PJ,PRI_PVEM_PRC,PRI_PVEM_PCP,PRI_NVA_ALIANZA_SI,PRI_NVA_ALIANZA_PJ,PRI_NVA_ALIANZA_PRC,PRI_NVA_ALIANZA_PCP,PRI_SI_PJ,PRI_SI_PRC,PRI_SI_PCP,PRI_PJ_PRC,PRI_PJ_PCP,PRI_PRC_PCP,PVEM_NVA_ALIANZA_SI,PVEM_NVA_ALIANZA_PJ,PVEM_NVA_ALIANZA_PRC,PVEM_NVA_ALIANZA_PCP,PVEM_SI_PJ,PVEM_SI_PRC,PVEM_SI_PCP,PVEM_PJ_PRC,PVEM_PJ_PCP,PVEM_PRC_PCP,NVA_ALIANZA_SI_PJ,NVA_ALIANZA_SI_PRC,NVA_ALIANZA_SI_PCP,NVA_ALIANZA_PJ_PRC,NVA_ALIANZA_PJ_PCP,NVA_ALIANZA_PRC_PCP,SI_PJ_PRC,SI_PJ_PCP,SI_PRC_PCP,PJ_PRC_PCP,PRI_PVEM,PRI_NVA_ALIANZA,PRI_SI,PRI_PJ,PRI_PRC,PRI_PCP,PVEM_NVA_ALIANZA,PVEM_SI,PVEM_PJ,PVEM_PRC,PVEM_PCP,NVA_ALIANZA_SI,NVA_ALIANZA_PJ,NVA_ALIANZA_PRC,NVA_ALIANZA_PCP,SI_PJ,SI_PRC,SI_PCP,PJ_PRC,PJ_PCP,PRC_PCP,CAND_IND6,CAND_IND7,CAND_IND8,CAND_IND9,CAND_IND10,CAND_IND11,CAND_IND12,CAND_IND13,CAND_IND14,CAND_IND15,CAND_IND16,CAND_IND17,CAND_IND18,CAND_IND19,NUM_VOTOS_CAN_NREG,NUM_VOTOS_VALIDOS,NUM_VOTOS_NULOS,TOTAL_VOTOS,LISTA_NOMINAL,PARTICIPACION
5,COAHUILA,1,ABASOLO,2,2,281,433,0,0,1,0,0,0,0,1,1,1,1,23,37,0,0,0,0,0,0,0,0,0,0,0,0,0,0,0,0,0,0,0,0,0,0,0,0,0,0,0,0,0,0,0,0,0,0,0,0,0,0,0,0,0,0,0,0,0,0,0,0,0,0,0,0,0,0,0,0,0,0,0,0,0,0,0,0,0,0,0,0,0,0,0,0,0,0,0,0,0,0,0,0,0,0,0,0,0,0,0,0,0,0,0,0,0,0,0,0,0,0,0,0,0,0,0,0,0,0,0,0,0,0,0,0,0,0,0,0,0,0,0,0,0,0,0,0,0,0,0,0,0,0,0,,,,,,,,,,,,,,,0,779,11,790,1096,0.7208
5,COAHUILA,2,ACUÑA,64,173,7044,16088,3095,501,650,24686,0,416,192,187,1660,111,39,1915,435,81,30,26,4,1,506,4,5,4,6,1,21,0,0,0,2,0,1,0,1,0,0,0,0,1,0,0,0,0,0,0,2,0,0,0,0,0,0,0,0,1,0,1,0,0,0,0,0,0,0,1,0,0,0,0,0,1,1,0,0,0,0,0,0,0,0,0,0,0,0,0,0,0,0,0,2,4,3,2,0,0,0,2,0,0,1,0,0,1,1,0,0,0,0,0,0,0,0,0,2,0,0,0,0,1,0,0,0,0,0,35,14,9,21,2,1,1,0,1,0,1,0,0,1,0,7,0,0,1,1,3,,,,,,,,,,,,,,,15,57837,1009,58861,112033,0.5254
5,COAHUILA,3,ALLENDE,15,32,2197,3860,37,289,0,3259,0,567,16,39,0,0,0,206,19,26,13,7,1,2,138,5,2,4,3,0,0,0,0,0,0,0,0,0,0,0,0,0,0,0,0,0,0,0,0,0,0,0,0,0,0,0,0,0,0,0,0,0,0,0,0,0,0,0,0,0,0,0,0,0,0,0,0,0,0,0,0,0,0,0,0,0,0,0,0,0,0,0,0,0,0,0,0,0,0,0,0,0,0,0,0,0,0,0,0,0,0,0,0,0,0,0,0,0,0,0,0,0,0,0,0,0,0,0,0,0,0,0,0,0,0,0,0,0,0,0,0,0,0,0,0,0,0,0,0,0,,,,,,,,,,,,,,,0,10690,179,10869,19054,0.5704
5,COAHUILA,4,ARTEAGA,21,37,1437,6056,335,247,47,49,55,68,53,13,165,28,58,245,85,7,0,2,2,0,6,2,7,0,1,1,3,0,0,0,1,0,0,0,0,0,0,0,0,0,0,0,1,0,0,0,0,0,0,1,0,0,0,0,0,1,1,0,0,0,0,0,0,0,1,0,0,0,0,0,0,0,0,0,0,0,0,0,0,0,0,0,0,0,0,0,0,0,0,0,2,1,0,0,0,1,0,3,0,0,2,0,0,0,0,0,0,0,0,1,0,0,0,0,0,0,0,0,0,0,0,0,0,0,0,13,15,5,9,6,4,2,0,0,0,0,0,0,0,0,0,2,0,0,0,0,3066,,,,,,,,,,,,,,4,12110,361,12475,18604,0.6706
5,COAHUILA,5,CANDELA,3,4,561,647,0,0,1,16,0,11,0,1,1,0,0,2,23,0,1,1,1,0,9,0,1,0,0,0,1,0,0,0,0,0,0,0,0,0,0,0,0,0,0,0,0,0,0,1,0,0,0,0,0,0,0,0,0,0,0,0,0,0,0,0,0,0,0,1,0,0,0,0,0,0,0,0,0,0,0,0,0,0,0,0,0,0,0,0,0,0,0,0,0,0,0,1,0,0,0,0,0,0,0,0,0,0,0,0,0,0,0,0,0,0,0,0,0,0,0,0,0,0,0,0,0,0,0,1,1,0,0,0,0,0,0,0,0,0,1,0,0,0,0,0,0,0,0,0,,,,,,,,,,,,,,,0,1283,11,1294,1681,0.7698
5,COAHUILA,6,CASTAÑOS,23,40,1811,5257,3413,238,173,151,32,120,19,47,29,10,8,616,603,6,3,3,3,0,6,3,9,2,2,1,9,2,0,1,0,0,1,0,0,0,0,0,0,0,0,0,0,0,0,0,0,0,0,0,1,0,0,0,0,0,0,0,0,0,0,0,0,0,0,1,0,0,0,0,1,0,0,0,0,0,0,0,0,0,0,0,0,0,0,0,0,0,0,0,2,2,1,0,0,0,0,0,3,0,1,0,1,0,0,0,0,0,0,1,0,0,0,0,0,0,0,0,0,0,0,0,0,0,0,14,5,0,3,0,2,0,0,0,0,0,0,0,1,0,0,0,0,0,0,0,,,,,,,,,,,,,,,2,12617,202,12821,21467,0.5972
5,COAHUILA,7,CUATROCIENEGAS,14,23,1938,2750,291,103,20,23,686,31,11,14,12,3,7,126,12,3,2,1,0,0,8,1,3,0,0,0,1,0,0,0,0,0,0,0,0,0,0,0,0,0,0,0,0,0,0,0,0,0,0,0,0,0,0,0,0,0,0,0,0,0,0,0,0,0,0,0,0,0,0,0,0,0,0,0,0,0,0,0,0,0,0,0,0,0,0,0,0,0,0,0,1,0,0,0,0,0,0,1,0,1,0,0,0,0,0,0,0,0,0,0,0,0,0,0,0,0,0,0,0,0,0,0,0,0,0,8,3,0,1,0,1,0,0,0,0,0,0,0,0,0,0,0,0,0,0,0,,77,,,,,,,,,,,,,1,6139,91,6231,10008,0.6226
5,COAHUILA,8,ESCOBEDO,4,6,18,849,593,0,2,1,0,3,0,3,2,5,0,199,10,0,0,0,0,0,0,0,0,0,0,1,0,0,0,0,0,0,0,0,0,0,0,0,0,0,0,0,0,0,0,0,0,0,0,0,0,0,0,0,0,0,0,0,0,0,0,0,0,0,0,0,0,0,0,0,0,0,0,0,0,0,0,0,0,0,0,0,0,0,0,0,0,0,0,0,2,0,0,0,0,0,0,0,0,0,0,0,0,0,0,0,0,0,0,0,0,0,0,0,0,0,0,0,0,0,0,0,0,0,0,2,0,1,0,0,0,0,0,0,0,0,0,0,0,0,0,0,0,0,0,0,,,,,,,,,,,,,,,0,1691,27,1718,2479,0.6930
5,COAHUILA,9,FRANCISCO I.MADERO,42,76,4646,9202,452,140,1142,1376,102,396,265,552,6614,344,52,1865,147,20,23,4,1,0,53,19,6,3,0,0,0,0,0,0,0,0,0,0,0,0,0,0,0,0,0,0,0,0,0,0,0,0,0,0,0,0,0,0,0,0,0,0,0,0,0,0,0,0,0,0,0,0,0,0,0,0,0,0,0,0,0,0,0,0,0,0,0,0,0,0,0,0,0,0,0,0,0,0,0,0,0,0,0,0,0,0,0,0,0,0,0,0,0,0,0,0,0,0,0,0,0,0,0,0,0,0,0,0,0,0,0,0,0,0,0,0,0,0,0,0,0,0,0,0,0,0,0,0,0,0,,,,,,,,,,,,,,,4,27424,557,27985,43557,0.6425
5,COAHUILA,10,FRONTERA,41,95,9442,12446,422,2698,571,52,192,603,242,42,453,0,0,3229,131,8,3,4,0,0,8,4,8,0,0,0,0,0,0,0,0,0,0,0,0,0,0,0,0,0,0,0,0,0,0,0,0,0,0,0,0,0,0,0,0,0,0,0,0,0,0,0,0,0,0,0,0,0,0,0,0,0,0,0,0,0,0,0,0,0,0,0,0,0,0,0,0,0,0,0,0,0,0,0,0,0,0,0,0,0,0,0,0,0,0,0,0,0,0,0,0,0,0,0,0,0,0,0,0,0,0,0,0,0,0,0,0,0,0,0,0,0,0,0,0,0,0,0,0,0,0,0,0,0,0,0,,,183,188,1987,,,,,,,,,,13,32916,468,33397,60794,0.5493
5,COAHUILA,11,GRAL. CEPEDA,16,20,2546,2089,53,0,0,17,22,111,0,10,72,15,835,452,11,3,0,0,0,0,4,0,3,0,0,0,0,0,0,0,0,0,0,0,0,0,0,0,0,0,0,0,0,0,0,0,0,0,0,0,0,0,0,0,0,0,0,0,0,0,0,0,0,0,0,0,0,0,0,0,0,0,0,0,0,0,0,0,0,0,0,0,0,0,0,0,0,0,0,0,0,0,0,0,0,0,0,0,0,0,0,0,0,0,0,0,0,0,0,0,0,0,0,0,0,0,0,0,0,0,0,0,0,0,0,0,0,0,0,0,0,0,0,0,0,0,0,0,0,0,0,0,0,0,0,0,,,,,,,,,,,,,,,1,6243,162,6406,9565,0.6697
5,COAHUILA,12,GUERRERO,5,5,575,549,0,0,1,3,0,13,2,2,0,1,0,26,2,6,1,0,0,0,0,1,1,0,0,0,3,0,0,0,0,0,0,0,0,0,0,0,0,0,0,0,0,0,0,0,0,0,0,0,0,0,0,0,0,0,0,0,0,0,0,0,0,0,0,0,0,0,0,0,0,0,0,0,0,0,0,0,0,0,0,0,0,0,0,0,0,0,0,0,1,0,0,0,0,1,0,0,0,0,0,0,0,0,0,0,0,0,0,0,0,0,0,0,0,0,0,0,0,0,0,0,0,0,0,0,4,1,0,1,0,0,0,0,0,0,0,0,0,0,0,0,0,0,0,1,,,,,,,,,,,,,,,0,1195,19,1214,1797,0.6756
5,COAHUILA,13,HIDALGO,2,3,129,488,0,0,1,170,0,5,0,6,3,1,0,0,5,5,2,1,0,0,7,1,0,0,0,0,1,0,0,1,0,0,0,0,0,0,0,0,0,0,0,1,0,0,0,0,0,0,0,0,0,2,0,0,0,0,0,0,0,0,0,0,0,0,0,0,0,0,0,0,0,0,0,0,0,0,0,0,0,0,0,0,0,0,0,0,0,0,0,0,0,0,0,0,0,0,0,0,0,0,0,0,0,0,0,0,0,0,0,0,0,0,0,0,0,0,0,0,0,0,0,0,0,0,0,3,1,1,0,0,0,1,0,0,0,0,0,0,0,0,0,0,0,0,0,0,,,,,,,,,,,,,,,0,835,12,847,1160,0.7302
5,COAHUILA,14,JIMENEZ,10,15,638,1679,111,759,0,697,0,0,193,7,722,0,0,136,15,9,9,2,1,0,63,1,3,1,1,0,0,0,0,0,0,0,0,0,0,0,0,0,0,0,0,0,0,0,0,0,0,0,0,0,0,0,0,0,0,0,0,0,0,0,0,0,0,0,0,0,0,0,0,0,0,0,0,0,0,0,0,0,0,0,0,0,0,0,0,0,0,0,0,0,0,0,0,0,0,0,0,0,0,0,0,0,0,0,0,0,0,0,0,0,0,0,0,0,0,0,0,0,0,0,0,0,0,0,0,0,0,0,0,0,0,0,0,0,0,0,0,0,0,0,0,0,0,0,0,0,,,,,,,,,,,,,,,1,5047,149,5197,8318,0.6248
5,COAHUILA,15,JUAREZ,4,4,22,434,379,0,5,4,56,5,0,2,0,2,1,2,51,1,0,0,0,0,0,0,1,0,0,0,1,0,0,0,0,0,0,0,0,1,0,0,0,0,0,1,0,0,0,0,0,0,0,0,0,0,0,0,0,0,0,0,0,0,0,0,0,0,0,0,0,0,0,0,0,0,0,0,0,0,0,0,0,0,0,0,0,0,0,0,0,0,0,0,0,0,0,0,0,2,0,0,0,0,0,0,0,0,0,0,0,0,0,0,0,0,0,0,0,0,0,0,0,0,0,0,0,0,0,2,2,0,1,0,0,0,0,0,0,0,0,0,0,0,0,0,0,0,0,0,,,,,,,,,,,,,,,0,975,18,993,1433,0.6930
5,COAHUILA,16,LAMADRID,2,3,637,501,4,0,0,6,0,26,1,25,2,0,0,30,0,2,0,1,1,0,1,3,0,0,0,0,2,0,0,0,1,0,0,0,0,0,0,0,0,0,0,0,0,0,0,0,0,0,0,0,0,0,0,0,0,0,0,0,0,0,0,0,0,0,0,0,0,0,0,0,0,0,0,0,0,0,0,0,0,0,0,0,0,0,0,0,0,0,0,0,0,0,0,0,0,0,0,0,0,2,0,0,0,0,0,0,0,0,0,0,0,0,0,0,0,0,0,0,0,0,0,0,0,0,0,0,4,0,7,0,0,1,0,0,0,0,0,0,0,0,0,0,0,0,0,0,,,,,,,,,,,,,,,0,1257,18,1275,1631,0.7817
5,COAHUILA,17,MATAMOROS,62,134,4848,20475,638,503,664,1116,0,740,105,13778,382,1447,317,2921,192,43,69,5,6,3,34,239,2,16,0,6,7,2,0,0,0,0,0,0,1,0,0,0,0,1,1,0,1,0,0,0,0,0,0,0,0,0,0,0,0,0,0,0,1,0,0,0,0,0,1,1,0,0,0,0,0,0,0,0,0,0,0,0,0,0,0,0,0,0,0,0,0,0,0,0,3,0,2,1,0,1,0,1,0,0,0,1,1,0,0,0,0,0,0,0,0,0,0,0,0,0,0,0,0,0,0,0,0,0,0,19,36,4,9,10,3,4,1,1,0,0,2,0,0,0,1,0,0,0,1,1,,,,,,5051,241,,,,,,,,1,53959,906,54866,82229,0.6672
5,COAHUILA,18,MONCLOVA,124,282,36369,31592,695,1971,1637,289,554,1092,730,124,0,172,0,13356,454,59,11,12,7,1,34,13,29,1,0,1,0,0,0,0,0,0,0,0,0,0,0,0,0,0,0,0,0,0,0,0,0,0,0,0,0,0,0,0,0,0,0,0,0,0,0,0,0,0,0,0,0,0,0,0,0,0,0,0,0,0,0,0,0,0,0,0,0,0,0,0,0,0,0,0,0,0,0,0,0,0,0,0,0,0,0,0,0,0,0,0,0,0,0,0,0,0,0,0,0,0,0,0,0,0,0,0,0,0,0,0,0,0,0,0,0,0,0,0,0,0,0,0,0,0,0,0,0,0,0,0,,,,,,,,7287,,,,,,,58,96490,1257,97805,173863,0.5625
5,COAHUILA,19,MORELOS,6,12,1435,1710,557,154,7,65,0,14,2,2,7,4,5,118,51,4,3,2,0,1,31,1,1,0,0,0,0,1,0,0,0,0,0,0,0,0,0,1,0,1,0,0,0,0,0,0,0,0,0,0,0,0,0,0,0,0,1,1,0,0,1,0,0,0,0,0,0,0,0,0,0,0,0,0,0,0,0,0,0,0,0,0,0,0,0,0,0,0,0,0,0,0,0,0,0,0,0,0,0,0,0,0,0,0,0,0,0,0,0,0,0,0,0,0,0,0,0,0,0,0,0,0,0,0,0,3,0,1,2,1,0,0,0,0,0,0,0,0,0,0,0,0,0,0,0,0,,,,,,,,,,,,,,,2,4187,67,4256,6756,0.6300
5,COAHUILA,20,MUZQUIZ,48,91,5627,12839,164,554,137,4143,2948,330,52,190,113,40,99,2148,128,24,42,14,3,1,173,8,3,6,1,3,14,0,1,1,0,1,0,0,0,0,0,0,0,1,0,0,0,1,0,0,0,1,0,0,0,1,0,0,0,0,0,0,0,1,0,0,0,0,0,0,0,0,0,0,0,0,1,0,0,0,0,0,0,0,0,0,1,0,0,0,0,0,0,0,2,5,0,0,0,1,1,4,0,0,0,0,0,0,1,0,0,0,0,0,0,0,0,0,0,0,0,0,0,0,0,0,0,0,0,9,12,13,1,4,1,1,0,0,0,1,0,0,0,1,1,1,0,1,0,0,,,,,,,,,,,,,,,4,29874,646,30524,54044,0.5648
5,COAHUILA,21,NADADORES,8,12,973,1657,22,490,0,9,5,134,0,2,90,0,0,60,4,4,3,1,0,0,2,1,1,0,0,0,0,0,0,0,0,0,0,0,0,0,0,0,0,0,0,0,0,0,0,0,0,0,0,0,0,0,0,0,0,0,0,0,0,0,0,0,0,0,0,0,0,0,0,0,0,0,0,0,0,0,0,0,0,0,0,0,0,0,0,0,0,0,0,0,0,0,0,0,0,0,0,0,0,0,0,0,0,0,0,0,0,0,0,0,0,0,0,0,0,0,0,0,0,0,0,0,0,0,0,0,0,0,0,0,0,0,0,0,0,0,0,0,0,0,0,0,0,0,0,0,,,,,,,,,,,,,,,0,3458,149,3607,5292,0.6816
5,COAHUILA,22,NAVA,15,34,2534,5683,148,178,203,1154,127,108,31,32,34,12,27,758,41,11,15,5,1,0,91,3,2,1,0,0,20,0,1,2,0,0,1,0,1,1,0,0,0,0,0,1,0,0,1,0,0,1,0,0,0,0,0,0,0,2,1,0,0,0,0,0,0,0,0,0,0,0,0,0,0,0,1,0,0,0,0,0,0,0,0,1,0,0,0,0,0,0,0,0,1,0,1,1,0,0,1,2,0,0,0,0,0,0,0,0,0,1,0,0,0,0,0,0,0,0,0,0,0,0,0,0,0,0,0,8,9,2,3,0,4,0,0,0,0,0,0,0,0,0,0,0,0,0,0,0,,,,,,,,,,,,,,,2,11266,210,11478,20513,0.5595
5,COAHUILA,23,OCAMPO,13,19,559,1529,64,0,16,18,1739,45,11,9,16,11,2,228,5,3,0,0,1,0,1,0,0,1,0,0,0,1,0,0,0,0,0,0,3,0,0,0,0,0,0,0,0,0,0,0,0,0,0,0,0,0,0,0,0,1,0,0,0,0,0,0,0,0,0,0,0,0,0,0,0,0,0,0,0,0,0,0,0,0,0,0,0,0,0,0,0,0,0,0,0,1,1,0,0,0,0,0,0,0,0,0,0,0,0,0,0,0,0,0,0,0,0,0,0,0,0,0,0,0,0,0,0,0,0,2,0,4,1,0,0,0,0,0,0,0,0,0,0,0,0,0,0,0,0,0,,,,,,,,,,,,,,,0,4272,112,4384,7878,0.5565
5,COAHUILA,24,PARRAS,34,65,999,0,251,260,6225,703,83,3664,815,107,122,0,6037,424,48,23,4,1,2,1,15,4,3,2,0,0,0,0,0,0,0,0,0,0,0,0,0,0,0,0,0,0,0,0,0,0,0,0,0,0,0,0,0,0,0,0,0,0,0,0,0,0,0,0,0,0,0,0,0,0,0,0,0,0,0,0,0,0,0,0,0,0,0,0,0,0,0,0,0,0,0,0,0,0,0,0,0,0,0,0,0,0,0,0,0,0,0,0,0,0,0,0,0,0,0,0,0,0,0,0,0,0,0,0,0,0,0,0,0,0,0,0,0,0,0,0,0,0,0,0,0,0,0,0,0,0,,,,,,,,,,,,,,,1,19793,668,20462,35742,0.5725
5,COAHUILA,25,PIEDRAS NEGRAS,87,207,16015,22502,678,670,677,368,322,564,146,116,230,77,55,2710,287,88,5,14,8,1,40,10,25,2,2,3,29,6,2,0,2,2,4,1,1,0,0,0,0,0,0,3,0,0,0,0,1,0,2,0,0,0,0,0,0,1,1,0,1,0,1,0,0,1,0,0,1,0,0,0,0,0,1,0,0,0,0,0,0,0,0,0,1,0,0,0,0,0,0,0,8,5,3,1,0,1,2,3,1,1,1,1,1,0,1,0,0,1,0,0,0,0,0,0,0,1,0,0,0,0,0,0,1,0,0,45,32,14,15,10,4,2,0,1,0,2,0,1,2,0,1,0,0,2,1,0,,,,,,,,,18698,,,,,,31,64538,983,65552,128598,0.5097
5,COAHUILA,26,PROGRESO,6,6,126,1025,177,0,2,4,0,20,11,0,3,1,1,631,21,0,0,0,0,0,0,0,1,0,0,0,1,0,0,0,0,0,0,0,0,0,0,0,0,0,0,0,0,0,0,0,0,0,0,0,0,0,0,0,0,0,0,0,0,0,0,0,0,0,0,0,0,0,0,0,0,0,0,0,0,0,0,0,0,0,0,0,0,0,0,0,0,0,0,0,0,1,0,0,0,0,0,0,0,0,0,0,1,0,0,0,0,0,0,0,0,0,0,0,0,0,0,0,0,0,0,0,0,0,0,4,0,0,1,0,0,0,0,0,0,0,0,0,0,0,0,0,0,0,0,0,,,,,,,,,,,,,,,0,2031,30,2061,3017,0.6831
5,COAHUILA,27,RAMOS ARIZPE,35,100,6206,14281,1786,357,463,84,0,181,106,46,479,35,200,1711,179,12,2,2,3,0,3,1,10,0,1,0,1,2,0,0,2,0,0,0,0,0,0,0,0,1,1,1,0,0,0,0,0,0,1,0,0,0,0,0,0,1,1,0,0,0,0,0,0,0,1,0,0,0,0,0,0,0,1,0,0,0,0,0,0,0,0,0,0,0,0,0,0,0,0,0,1,1,1,0,1,1,0,0,0,2,0,0,0,1,1,1,0,0,0,0,0,0,0,0,0,0,0,0,0,0,0,0,0,0,0,20,1,3,18,1,10,3,0,1,0,0,1,0,0,0,1,0,1,0,0,1,,,,,,,,,,5109,,,,,8,31341,691,32040,62617,0.5117
5,COAHUILA,28,SABINAS,37,85,7064,10840,62,95,171,8192,0,257,53,115,68,23,36,782,86,115,44,32,7,4,458,20,8,13,5,3,12,2,0,5,0,9,2,0,0,0,0,0,0,0,2,1,1,0,0,0,0,0,1,0,0,0,0,0,0,1,2,0,0,0,0,0,0,1,0,0,0,0,0,1,0,1,1,0,0,0,0,0,0,0,0,0,0,0,0,0,0,0,0,0,4,2,2,0,0,4,1,4,0,3,0,2,0,3,0,0,0,1,0,0,0,0,0,0,0,0,0,0,0,0,0,0,0,0,0,15,8,10,3,4,1,1,0,1,0,0,0,0,0,0,0,0,0,1,0,1,,,,,,,,,,,516,,,,6,29182,441,29629,51028,0.5806
5,COAHUILA,29,SACRAMENTO,2,4,107,684,3,74,2,36,0,23,7,256,1,4,1,41,3,2,0,0,0,0,1,5,0,0,0,0,0,0,0,0,0,0,0,0,0,0,0,0,0,0,0,0,0,0,0,0,0,0,0,0,0,0,0,0,0,0,0,0,0,0,0,0,0,0,0,0,0,0,0,0,0,0,0,0,0,0,0,0,0,0,0,0,0,0,0,0,0,0,0,0,0,0,0,0,0,0,0,0,0,0,0,0,0,0,0,0,0,0,0,0,0,0,0,0,0,0,0,0,0,0,0,0,0,0,0,0,1,0,0,0,0,0,0,0,0,0,0,0,0,0,0,0,0,0,0,0,,,,,,,,,,,,291,,,0,1542,34,1576,1984,0.7944
5,COAHUILA,30,SALTILLO,378,923,97218,126287,3476,4638,5621,1001,1088,4224,1318,621,7589,607,2964,27059,3406,294,50,40,33,3,93,40,118,10,4,5,121,7,9,10,9,10,4,1,5,5,5,0,3,6,0,4,4,4,2,1,0,4,1,0,1,0,1,0,0,6,6,8,2,7,1,2,1,2,3,2,2,0,1,1,4,2,1,1,1,0,0,0,0,0,3,0,2,0,0,0,1,2,0,0,46,18,20,8,5,6,12,21,0,5,3,3,3,4,2,2,0,0,1,2,0,1,0,2,0,0,0,1,2,0,1,0,1,0,0,234,109,37,201,21,29,15,5,4,4,4,2,7,1,2,9,3,1,5,5,9,,,,,,,,,,,,,10372,7908,145,307241,5655,313041,579755,0.5400
5,COAHUILA,31,SAN BUENAVENTURA,17,31,2318,4638,96,299,0,34,0,2006,0,55,0,0,0,1584,78,7,2,2,1,1,3,0,3,0,1,0,0,0,0,0,0,0,0,0,0,0,0,0,0,0,0,0,0,0,0,0,0,0,0,0,0,0,0,0,0,0,0,0,0,0,0,0,0,0,0,0,0,0,0,0,0,0,0,0,0,0,0,0,0,0,0,0,0,0,0,0,0,0,0,0,0,0,0,0,0,0,0,0,0,0,0,0,0,0,0,0,0,0,0,0,0,0,0,0,0,0,0,0,0,0,0,0,0,0,0,0,0,0,0,0,0,0,0,0,0,0,0,0,0,0,0,0,0,0,0,0,,,,,,,,,,,,,,,3,11128,116,11247,18207,0.6177
5,COAHUILA,32,SAN JUAN DE SABINAS,33,63,11609,6863,39,200,69,138,236,114,43,49,44,11,15,1100,33,33,10,7,4,1,30,5,9,2,0,0,5,0,0,0,0,1,0,0,1,0,0,0,0,0,2,1,0,0,0,0,0,0,0,0,0,0,0,0,0,0,1,0,0,0,0,1,0,0,0,0,0,0,0,0,0,1,0,0,0,0,0,0,0,0,0,0,0,0,0,0,0,0,0,0,2,0,1,0,0,0,0,1,0,0,0,0,0,0,0,0,0,0,0,0,0,0,0,0,0,0,0,0,0,0,0,0,0,0,0,6,3,2,3,1,1,0,1,1,0,0,0,0,0,0,0,0,0,0,0,0,,,,,,,,,,,,,,,0,20699,274,20973,35176,0.5962
5,COAHUILA,33,SAN PEDRO,75,133,11670,16177,1364,1021,504,3345,4615,644,275,1400,688,196,215,2632,511,92,106,10,7,3,169,56,15,20,5,4,11,1,0,0,0,1,2,0,1,1,1,0,0,0,0,0,0,1,0,0,0,0,0,0,0,0,0,0,0,4,0,0,1,2,0,0,0,1,0,0,0,0,0,0,0,2,0,0,0,0,0,0,0,0,0,0,0,0,0,0,0,0,0,0,6,3,4,1,0,0,1,2,0,3,1,0,0,0,0,0,0,0,0,1,0,0,0,0,0,2,0,0,0,0,0,0,0,0,0,31,13,7,12,4,4,2,2,2,1,0,0,2,3,1,1,0,0,0,1,1,,,,,,,,,,,,,,,16,45884,1240,47140,75444,0.6248
5,COAHUILA,34,SIERRA MOJADA,5,9,313,803,0,0,4,23,283,1,0,484,0,4,1,133,3,6,1,0,1,0,4,17,1,3,0,0,3,0,0,0,0,0,0,0,1,1,1,0,0,0,0,0,0,0,0,0,0,0,0,0,0,0,0,0,0,0,0,0,0,0,0,0,0,0,0,0,0,0,0,1,0,0,0,0,0,0,0,0,0,0,0,0,0,0,0,0,0,0,0,0,0,0,0,0,0,0,0,0,0,0,0,0,0,0,1,0,0,0,0,0,0,0,0,0,0,0,0,0,0,0,0,0,0,0,0,2,1,1,2,0,0,0,0,0,0,0,0,0,0,0,0,0,0,0,0,0,,,,,,,,,,,,,,,0,2099,31,2130,4140,0.5145
5,COAHUILA,35,TORREON,367,819,133619,98218,7994,4013,5033,795,1868,3139,1698,1575,1148,1069,376,27493,1399,432,139,49,50,1,110,67,80,7,5,0,122,6,6,15,2,4,4,2,1,4,1,2,0,1,3,1,1,3,0,2,1,0,0,0,0,0,0,1,0,10,2,3,1,3,0,2,1,0,1,0,1,2,0,1,1,1,0,1,0,0,0,0,0,0,0,1,0,0,0,0,0,0,0,0,43,10,10,7,5,5,2,16,2,1,2,0,3,0,2,1,0,0,0,1,0,0,1,0,1,0,0,0,0,0,0,0,0,1,0,319,47,32,18,26,8,14,2,5,3,0,2,2,1,0,3,1,1,0,3,4,,,,,,,,,,,,,,,104,291194,4249,295547,509526,0.5800
5,COAHUILA,36,VIESCA,22,30,950,4502,750,0,80,179,0,173,55,1931,440,619,33,359,14,10,17,0,3,0,4,51,0,4,0,0,0,0,0,0,0,0,0,0,0,0,0,0,0,0,0,0,0,0,0,0,0,0,0,0,0,0,0,0,0,0,0,0,0,0,0,0,0,0,0,0,0,0,0,0,0,0,0,0,0,0,0,0,0,0,0,0,0,0,0,0,0,0,0,0,0,0,0,0,0,0,0,0,0,0,0,0,0,0,0,0,0,0,0,0,0,0,0,0,0,0,0,0,0,0,0,0,0,0,0,0,0,0,0,0,0,0,0,0,0,0,0,0,0,0,0,0,0,0,0,0,,,,,,,,,,,,,,,0,10174,205,10379,15628,0.6641
5,COAHUILA,37,VILLA UNION,7,10,1074,1331,518,0,3,16,0,6,2,4,5,8,1,57,1,10,3,3,2,0,9,3,3,1,0,0,7,0,1,0,2,0,0,0,0,0,0,0,0,0,0,0,0,0,0,0,1,0,0,0,0,0,0,0,0,0,0,0,0,0,0,0,0,0,1,0,0,0,0,0,0,0,0,0,0,0,0,0,0,0,0,0,0,0,0,0,0,0,0,0,2,0,0,0,0,0,0,0,0,1,0,0,0,0,0,0,0,0,0,0,0,0,0,0,0,0,0,0,0,0,0,0,0,0,0,3,1,6,0,0,2,0,0,0,0,0,0,0,0,0,0,0,0,0,0,0,,,,,,,,,,,,,,,2,3087,90,3179,5317,0.5979
5,COAHUILA,38,ZARAGOZA,13,20,1668,2401,1628,0,0,69,0,74,50,10,23,0,0,271,19,8,7,2,0,0,29,3,0,1,0,0,0,0,0,0,0,0,0,0,0,0,0,0,0,0,0,0,0,0,0,0,0,0,0,0,0,0,0,0,0,0,0,0,0,0,0,0,0,0,0,0,0,0,0,0,0,0,0,0,0,0,0,0,0,0,0,0,0,0,0,0,0,0,0,0,0,0,0,0,0,0,0,0,0,0,0,0,0,0,0,0,0,0,0,0,0,0,0,0,0,0,0,0,0,0,0,0,0,0,0,0,0,0,0,0,0,0,0,0,0,0,0,0,0,0,0,0,0,0,0,0,,,,,,,,,,,,,,,3,6263,142,6408,10695,0.5992
