ID_ESTADO,NOMBRE_ESTADO,ID_DISTRITO,CABECERA_DISTRITAL,SECCIONES,CASILLAS,PAN_PRD_MC,PRI,PT_PVEM_MORENA,NUM_VOTOS_VALIDOS,NUM_VOTOS_CAN_NREG,NUM_VOTOS_NULOS,TOTAL_VOTOS,LISTA_NOMINAL,RUTA_ACTA
21,PUEBLA,0,VOTO EN EL EXTRANJERO,0,0,464,65,1843,2372,9,17,2398,4269,
21,PUEBLA,1,HUAUCHINANGO DE DEGOLLADO,186,515,23087,17885,58513,99485,59,4699,104243,282618,
21,PUEBLA,2,CUAUTILULCO BARRIO,192,511,15758,41281,57630,114669,73,5765,120507,285615,
21,PUEBLA,3,TEZIUTLAN,179,495,19283,28248,46802,94333,32,4534,98899,290798,
21,PUEBLA,4,AJALPAN,176,481,21942,20067,62064,104073,28,4002,108103,277440,
21,PUEBLA,5,SAN MARTIN TEXMELUCAN DE LABASTIDA,150,478,23719,17421,31304,72444,56,2514,75014,302536,
21,PUEBLA,6,HEROICA PUEBLA DE ZARAGOZA,126,483,42210,12697,40182,95089,102,3454,98645,310423,
21,PUEBLA,7,TEPEACA,121,472,23012,17724,32081,72817,66,2342,75225,297403,
21,PUEBLA,8,CIUDAD SERDAN,181,479,18024,24147,45180,87351,28,3304,90683,277704,
21,PUEBLA,9,HEROICA PUEBLA DE ZARAGOZA,200,549,65451,11383,39571,116405,149,3797,120351,334069,
21,PUEBLA,10,CHOLULA DE RIVADAVIA,124,521,65312,10853,33765,109930,78,2647,112655,338611,
21,PUEBLA,11,HEROICA PUEBLA DE ZARAGOZA,147,494,42902,13713,36406,93021,135,3125,96281,316115,
21,PUEBLA,12,HEROICA PUEBLA DE ZARAGOZA,291,601,78512,14067,46396,138975,169,4291,143435,338194,
21,PUEBLA,13,ATLIXCO,215,549,29041,20579,54468,104088,78,3377,107543,317705,
21,PUEBLA,14,ACATLAN DE OSORIO,235,566,15913,22726,56412,95051,34,2399,97484,310728,
21,PUEBLA,15,TEHUACAN,129,477,23524,10508,44724,78756,41,2326,81123,304525,
