﻿CIRCUNSCRIPCION,ID_ESTADO,NOMBRE_ESTADO,ID_DISTRITO_LOCAL,CABECERA_DISTRITAL_LOCAL,ID_MUNICIPIO,MUNICIPIO,ID_DEMARCACION_LOCAL,DEMARCACION_LOCAL,TIPO_DE_ELECCION,NOMBRE_PARTICIPANTE,NUMERO_LISTA,CANDIDATO,SEXO_CANDIDATO,PARTIDO,RUTA_CONSTANCIA
,3,BAJA CALIFORNIA SUR,,,,,,,GOB,COA_MORENA_PT,1,VICTOR MANUEL CASTRO COSIO,1,MORENA,
,3,BAJA CALIFORNIA SUR,,LA PAZ,3,LA PAZ,,,PRES_MUN,COA_MORENA_PT,1,MILENA PAOLA QUIROGA ROMERO,2,MORENA,
,3,BAJA CALIFORNIA SUR,,LA PAZ,3,LA PAZ,,,SIND,COA_MORENA_PT,2,ROGELIO ALFONSO MARTINEZ MAYORAL,1,MORENA,
,3,BAJA CALIFORNIA SUR,,LA PAZ,3,LA PAZ,,,REG,COA_MORENA_PT,3,MA. TERESA RUIZ SOTO,2,MORENA,
,3,BAJA CALIFORNIA SUR,,LA PAZ,3,LA PAZ,,,REG,COA_MORENA_PT,4,NESTOR ALEJANDRO ARAIZA CASTELLON,1,PT,
,3,BAJA CALIFORNIA SUR,,LA PAZ,3,LA PAZ,,,REG,COA_MORENA_PT,5,PERLA IVETTE CARREON SOLIS ,2,PT,
,3,BAJA CALIFORNIA SUR,,LA PAZ,3,LA PAZ,,,REG,COA_MORENA_PT,6,ROGELIO RAMOS GOMEZ ,1,MORENA,
,3,BAJA CALIFORNIA SUR,,LA PAZ,3,LA PAZ,,,REG,COA_MORENA_PT,7,OSIRIS DEL CARMEN LARA RAMOS ,2,MORENA,
,3,BAJA CALIFORNIA SUR,,LA PAZ,3,LA PAZ,,,REG,COA_MORENA_PT,8,HOMERO MONTAÑO ANGULO,1,MORENA,
,3,BAJA CALIFORNIA SUR,,LA PAZ,3,LA PAZ,,,REG,COA_MORENA_PT,9,JUANA MEJIA CARMONA ,2,MORENA,
,3,BAJA CALIFORNIA SUR,,LA PAZ,3,LA PAZ,,,REG,COA_MORENA_PT,10,LUIS ENRIQUE LUCERO MEZA ,1,MORENA,
,3,BAJA CALIFORNIA SUR,,LA PAZ,3,LA PAZ,,,REG_RP,C_COMUN_PAN_PRI_PRD_PRS_PHBCS,11,ABIMAEL IBARRA ABUNDEZ,1,C_COMUN_PAN_PRI_PRD_PRS_PHBCS,
,3,BAJA CALIFORNIA SUR,,LA PAZ,3,LA PAZ,,,REG_RP,MC,13,JAZMIN ESTRELLA RUIZ COTA,2,MC,
,3,BAJA CALIFORNIA SUR,,LA PAZ,3,LA PAZ,,,REG_RP,PVEM,15,YADANE GARCIA CARRAZCO,2,PVEM,
,3,BAJA CALIFORNIA SUR,,LA PAZ,3,LA PAZ,,,REG_RP,C_COMUN_PAN_PRI_PRD_PRS_PHBCS,17,LUGARDA GUADALUPE LEON LUCERO,2,C_COMUN_PAN_PRI_PRD_PRS_PHBCS,
,3,BAJA CALIFORNIA SUR,,LA PAZ,3,LA PAZ,,,REG_RP,C_COMUN_PAN_PRI_PRD_PRS_PHBCS,19,ESTUARDO GONZALEZ RODRIGUEZ,1,C_COMUN_PAN_PRI_PRD_PRS_PHBCS,
,3,BAJA CALIFORNIA SUR,,SAN JOSE DEL CABO,4,LOS CABOS,,,PRES_MUN,COA_MORENA_PT,1,OSCAR LEGGS CASTRO ,1,PT,
,3,BAJA CALIFORNIA SUR,,SAN JOSE DEL CABO,4,LOS CABOS,,,SIND,COA_MORENA_PT,2,ALONDRA TORRES GARCIA,2,PT,
,3,BAJA CALIFORNIA SUR,,SAN JOSE DEL CABO,4,LOS CABOS,,,REG,COA_MORENA_PT,3,ROGELIO ALBERTO TORNERO CARRILLO,1,PT,
,3,BAJA CALIFORNIA SUR,,SAN JOSE DEL CABO,4,LOS CABOS,,,REG,COA_MORENA_PT,4,IRENE GALINDO ROMAN,2,MORENA,
,3,BAJA CALIFORNIA SUR,,SAN JOSE DEL CABO,4,LOS CABOS,,,REG,COA_MORENA_PT,5,RAYMUNDO ZAMORA CESEÑA,1,MORENA,
,3,BAJA CALIFORNIA SUR,,SAN JOSE DEL CABO,4,LOS CABOS,,,REG,COA_MORENA_PT,6,LUCIA SANCHEZ JUAREZ,2,MORENA,
,3,BAJA CALIFORNIA SUR,,SAN JOSE DEL CABO,4,LOS CABOS,,,REG,COA_MORENA_PT,7,CRISTOBAL OMAR ORBE VARGAS,1,MORENA,
,3,BAJA CALIFORNIA SUR,,SAN JOSE DEL CABO,4,LOS CABOS,,,REG,COA_MORENA_PT,8,GUILLERMINA DIAZ RODRIGUEZ,2,PT,
,3,BAJA CALIFORNIA SUR,,SAN JOSE DEL CABO,4,LOS CABOS,,,REG,COA_MORENA_PT,9,JOSE CATARINO FLORES CASTRO,1,PT,
,3,BAJA CALIFORNIA SUR,,SAN JOSE DEL CABO,4,LOS CABOS,,,REG_RP,C_COMUN_PAN_PRI_PRD_PRS_PHBCS,21,SARAHI RAMOS MURILLO,2,C_COMUN_PAN_PRI_PRD_PRS_PHBCS,
,3,BAJA CALIFORNIA SUR,,SAN JOSE DEL CABO,4,LOS CABOS,,,REG_RP,FXM,23,LINZE RODRIGUEZ GONZALEZ,1,FXM,
,3,BAJA CALIFORNIA SUR,,SAN JOSE DEL CABO,4,LOS CABOS,,,REG_RP,PANALBCS,25,ANDREA PATRICIA RAMIREZ HERNANDEZ,2,PANALBCS,
,3,BAJA CALIFORNIA SUR,,SAN JOSE DEL CABO,4,LOS CABOS,,,REG_RP,C_COMUN_PAN_PRI_PRD_PRS_PHBCS,27,ROBERTO JIMENEZ MORENO,1,C_COMUN_PAN_PRI_PRD_PRS_PHBCS,
,3,BAJA CALIFORNIA SUR,,CIUDAD CONSTITUCION,1,COMONDU,,,PRES_MUN,COA_MORENA_PT,1,ILIANA GUADALUPE TALAMANTES HIGUERA,2,MORENA,
,3,BAJA CALIFORNIA SUR,,CIUDAD CONSTITUCION,1,COMONDU,,,SIND,COA_MORENA_PT,2,ISIDRO TOYES AVILES,1,MORENA,
,3,BAJA CALIFORNIA SUR,,CIUDAD CONSTITUCION,1,COMONDU,,,REG,COA_MORENA_PT,3,LORENA ISELA BERBER HOLGUIN,2,MORENA,
,3,BAJA CALIFORNIA SUR,,CIUDAD CONSTITUCION,1,COMONDU,,,REG,COA_MORENA_PT,4,ROSENDO OZUNA CHAVEZ,1,PT,
,3,BAJA CALIFORNIA SUR,,CIUDAD CONSTITUCION,1,COMONDU,,,REG,COA_MORENA_PT,5,MA. CONCEPCION MAGAÑA MARTINEZ,2,PT,
,3,BAJA CALIFORNIA SUR,,CIUDAD CONSTITUCION,1,COMONDU,,,REG,COA_MORENA_PT,6,HONORIO ARVIZU COTA,1,MORENA,
,3,BAJA CALIFORNIA SUR,,CIUDAD CONSTITUCION,1,COMONDU,,,REG,COA_MORENA_PT,7,LOURDES GUADALUPE VAZQUEZ VELAZQUEZ,2,MORENA,
,3,BAJA CALIFORNIA SUR,,CIUDAD CONSTITUCION,1,COMONDU,,,REG,COA_MORENA_PT,8,RUBEN AGUSTIN ARCE CORDERO,1,MORENA,
,3,BAJA CALIFORNIA SUR,,CIUDAD CONSTITUCION,1,COMONDU,,,REG_RP,FXM,5,TOMAS LOPEZ RAMIREZ,1,FXM,
,3,BAJA CALIFORNIA SUR,,CIUDAD CONSTITUCION,1,COMONDU,,,REG_RP,C_COMUN_PAN_PRI_PRD_PRS_PHBCS,7,SONIA MURILLO MACIAS,2,C_COMUN_PAN_PRI_PRD_PRS_PHBCS,
,3,BAJA CALIFORNIA SUR,,CIUDAD CONSTITUCION,1,COMONDU,,,REG_RP,PVEM,9,RAUL MADRID PEÑA,1,PVEM,
,3,BAJA CALIFORNIA SUR,,LORETO,5,LORETO,,,PRES_MUN,C_COMUN_PAN_PRI_PRD_PRS_PHBCS,1,PAOLA MARGARITA COTA DAVIS,2,C_COMUN_PAN_PRI_PRD_PRS_PHBCS,
,3,BAJA CALIFORNIA SUR,,LORETO,5,LORETO,,,SIND,C_COMUN_PAN_PRI_PRD_PRS_PHBCS,2,RIGOBERTO GOMEZ GUTIERREZ,1,C_COMUN_PAN_PRI_PRD_PRS_PHBCS,
,3,BAJA CALIFORNIA SUR,,LORETO,5,LORETO,,,REG,C_COMUN_PAN_PRI_PRD_PRS_PHBCS,3,ANAI GUADALUPE ROMERO ARCE,2,C_COMUN_PAN_PRI_PRD_PRS_PHBCS,
,3,BAJA CALIFORNIA SUR,,LORETO,5,LORETO,,,REG,C_COMUN_PAN_PRI_PRD_PRS_PHBCS,4,DELFINA RIVAS ROMERO ,2,C_COMUN_PAN_PRI_PRD_PRS_PHBCS,
,3,BAJA CALIFORNIA SUR,,LORETO,5,LORETO,,,REG,C_COMUN_PAN_PRI_PRD_PRS_PHBCS,5,ROSALIA ROMERO AGUILAR,2,C_COMUN_PAN_PRI_PRD_PRS_PHBCS,
,3,BAJA CALIFORNIA SUR,,LORETO,5,LORETO,,,REG,C_COMUN_PAN_PRI_PRD_PRS_PHBCS,6,IVAN BAUTISTA SAENS,1,C_COMUN_PAN_PRI_PRD_PRS_PHBCS,
,3,BAJA CALIFORNIA SUR,,LORETO,5,LORETO,,,REG_RP,COA_MORENA_PT,1,FRANCISCO EFRAIN MEZA MAYORAL,1,MORENA,
,3,BAJA CALIFORNIA SUR,,LORETO,5,LORETO,,,REG_RP,MC,3,ANASTACIO TALAMANTES DAVIS,1,MC,
,3,BAJA CALIFORNIA SUR,,SANTA ROSALIA,2,MULEGE,,,PRES_MUN,C_COMUN_PAN_PRI_PRD_PRS_PHBCS,1,EDITH AGUILAR VILLAVICENCIO ,2,C_COMUN_PAN_PRI_PRD_PRS_PHBCS,
,3,BAJA CALIFORNIA SUR,,SANTA ROSALIA,2,MULEGE,,,SIND,C_COMUN_PAN_PRI_PRD_PRS_PHBCS,2,JOSE LINO FONTES MURILLO,1,C_COMUN_PAN_PRI_PRD_PRS_PHBCS,
,3,BAJA CALIFORNIA SUR,,SANTA ROSALIA,2,MULEGE,,,REG,C_COMUN_PAN_PRI_PRD_PRS_PHBCS,3,ESTHER HINOJOSA LOPEZ,2,C_COMUN_PAN_PRI_PRD_PRS_PHBCS,
,3,BAJA CALIFORNIA SUR,,SANTA ROSALIA,2,MULEGE,,,REG,C_COMUN_PAN_PRI_PRD_PRS_PHBCS,4,ISAI BAUTISTA BAUTISTA ,1,C_COMUN_PAN_PRI_PRD_PRS_PHBCS,
,3,BAJA CALIFORNIA SUR,,SANTA ROSALIA,2,MULEGE,,,REG,C_COMUN_PAN_PRI_PRD_PRS_PHBCS,5,EDITH ZUÑIGA ROSAS,2,C_COMUN_PAN_PRI_PRD_PRS_PHBCS,
,3,BAJA CALIFORNIA SUR,,SANTA ROSALIA,2,MULEGE,,,REG,C_COMUN_PAN_PRI_PRD_PRS_PHBCS,6,LUIS SANDEZ AGUILAR,1,C_COMUN_PAN_PRI_PRD_PRS_PHBCS,
,3,BAJA CALIFORNIA SUR,,SANTA ROSALIA,2,MULEGE,,,REG,C_COMUN_PAN_PRI_PRD_PRS_PHBCS,7,YAHAIRA LIZBETH CONTRERAS LOPEZ,2,C_COMUN_PAN_PRI_PRD_PRS_PHBCS,
,3,BAJA CALIFORNIA SUR,,SANTA ROSALIA,2,MULEGE,,,REG,C_COMUN_PAN_PRI_PRD_PRS_PHBCS,8,LEON ROBERTO LUJAN PRUITT,1,C_COMUN_PAN_PRI_PRD_PRS_PHBCS,
,3,BAJA CALIFORNIA SUR,,SANTA ROSALIA,2,MULEGE,,,REG_RP,COA_MORENA_PT,29,MARIA DE JESUS VENTURA FLORES,2,MORENA,
,3,BAJA CALIFORNIA SUR,,SANTA ROSALIA,2,MULEGE,,,REG_RP,PANALBCS,31,TOMAS CALDERON ARCIGA,1,PANALBCS,
,3,BAJA CALIFORNIA SUR,,SANTA ROSALIA,2,MULEGE,,,REG_RP,COA_MORENA_PT,33,MARIO PAUL AVILES COTA,1,PT,
,3,BAJA CALIFORNIA SUR,1,SAN JOSE DEL CABO,,,,,DIP_LOC_MR,C_COMUN_PAN_PRI_PRD_PRS_PHBCS,1,EDA MARIA PALACIOS MARQUEZ,2,PRS,
,3,BAJA CALIFORNIA SUR,2,LA PAZ,,,,,DIP_LOC_MR,COA_MORENA_PT,1,MARIA GUADALUPE MORENO HIGUERA,2,MORENA,
,3,BAJA CALIFORNIA SUR,3,LA PAZ,,,,,DIP_LOC_MR,COA_MORENA_PT,1,GUADALAUPE VAZQUEZ JACINTO,2,MORENA,
,3,BAJA CALIFORNIA SUR,4,LA PAZ,,,,,DIP_LOC_MR,COA_MORENA_PT,1,JOSE MARIA AVILES CASTRO,1,MORENA,
,3,BAJA CALIFORNIA SUR,5,LA PAZ,,,,,DIP_LOC_MR,C_COMUN_PAN_PRI_PRD_PRS_PHBCS,1,ARMANDO MARTINEZ VEGA,1,PRS,
,3,BAJA CALIFORNIA SUR,6,LA PAZ,,,,,DIP_LOC_MR,COA_MORENA_PT,1,EDUARDO VALENTIN VAN WORMER CASTRO,1,MORENA,
,3,BAJA CALIFORNIA SUR,7,SAN JOSE DEL CABO,,,,,DIP_LOC_MR,COA_MORENA_PT,1,LUIS ARMANDO DIAZ ,1,PT,
,3,BAJA CALIFORNIA SUR,8,CABO SAN LUCAS,,,,,DIP_LOC_MR,COA_MORENA_PT,1,EUFROCINA LOPEZ VELASCO,2,MORENA,
,3,BAJA CALIFORNIA SUR,9,CABO SAN LUCAS,,,,,DIP_LOC_MR,COA_MORENA_PT,1,GABRIELA MONTOYA TERRAZAS,2,PT,
,3,BAJA CALIFORNIA SUR,10,CIUDAD CONSTITUCION,,,,,DIP_LOC_MR,COA_MORENA_PT,1,FERNANDO HOYOS AGUILAR,1,PT,
,3,BAJA CALIFORNIA SUR,11,CIUDAD CONSTITUCION,,,,,DIP_LOC_MR,COA_MORENA_PT,1,ENRIQUE RIOS CRUZ,1,MORENA,
,3,BAJA CALIFORNIA SUR,12,SAN JOSE DEL CABO,,,,,DIP_LOC_MR,COA_MORENA_PT,1,CHRISTIAN AGUNDEZ GOMEZ,1,PT,
,3,BAJA CALIFORNIA SUR,13,LORETO,,,,,DIP_LOC_MR,C_COMUN_PAN_PRI_PRD_PRS_PHBCS,1,PAZ DEL ALMA OCHOA AMADOR,2,PRI,
,3,BAJA CALIFORNIA SUR,14,GUERRERO NEGRO,,,,,DIP_LOC_MR,COA_MORENA_PT,1,TERESITA DE JESUS VALENTIN VAZQUEZ,2,MORENA,
,3,BAJA CALIFORNIA SUR,15,LA PAZ,,,,,DIP_LOC_MR,C_COMUN_PAN_PRI_PRD_PRS_PHBCS,1,JOSE RIGOBERTO MARES AGUILAR,1,PHBCS,
,3,BAJA CALIFORNIA SUR,16,CABO SAN LUCAS,,,,,DIP_LOC_MR,COA_MORENA_PT,1,JUAN PEREZ CAYETANO,1,MORENA,
1,3,BAJA CALIFORNIA SUR,,,,,,,DIP_LOC_RP,PAN,1,BLANCA BELIA MANRIQUEZ ESPINOZA,2,PAN ,
1,3,BAJA CALIFORNIA SUR,,,,,,,DIP_LOC_RP,PRI,3,GABRIELA CISNEROS RUIZ,2,PRI,
1,3,BAJA CALIFORNIA SUR,,,,,,,DIP_LOC_RP,PRD,5,MARIA LUISA OJEDA GONZALEZ,2,PRD,
1,3,BAJA CALIFORNIA SUR,,,,,,,DIP_LOC_RP,MORENA,7,MARIA LUISA TREJO PIÑUELAS ,2,MORENA,
1,3,BAJA CALIFORNIA SUR,,,,,,,DIP_LOC_RP,FXM,9,LORENA MARBELLA GONZALEZ DIAZ,2,FXM,
