ID_ESTADO,NOMBRE_ESTADO,ID_DISTRITO_LOCAL,CABECERA_DISTRITAL_LOCAL,SECCIONES,CASILLAS,PAN,PRI,PRD,PT,PVEM,MC,MORENA,PES,RSP,FXM,CAND_IND13,CAND_IND14,NUM_VOTOS_VALIDOS,NUM_VOTOS_CAN_NREG,NUM_VOTOS_NULOS,TOTAL_VOTOS,LISTA_NOMINAL,RUTA_ACTA
16,MICHOACAN,1,LA PIEDAD,140,281,17860,10352,5638,3303,3303,7297,19915,2894,385,1447,0,0,72394,29,2358,74781,158503,https://www.iem.org.mx/peol_2021/actas/dipmr/LA_PIEDAD.pdf
16,MICHOACAN,2,PURUANDIRO,165,314,2689,11960,13532,3956,10022,4283,20889,6625,1147,3934,0,0,79037,39,4523,83599,168131,https://www.iem.org.mx/peol_2021/actas/dipmr/PURUANDIRO.pdf
16,MICHOACAN,3,MARAVATIO DE OCAMPO,98,245,5014,11110,14075,2287,10236,3301,18043,1357,1074,2247,0,0,68744,25,2953,71722,139390,https://www.iem.org.mx/peol_2021/actas/dipmr/MARAVATIO.pdf
16,MICHOACAN,4,JIQUILPAN DE JUAREZ,140,279,16100,11377,5094,3165,4107,8395,22143,2236,0,2606,0,0,75223,45,2573,77841,146965,https://www.iem.org.mx/peol_2021/actas/dipmr/JIQUILPAN.pdf
16,MICHOACAN,5,PARACHO DE VERDUZCO,97,222,3885,10898,9599,4419,4484,4111,25410,5542,1119,2915,0,0,72382,25,3312,75719,124194,https://www.iem.org.mx/peol_2021/actas/dipmr/PARACHO.pdf
16,MICHOACAN,6,ZAMORA DE HIDALGO,97,256,15639,9139,2390,5698,3494,3572,12700,1401,599,863,0,0,55495,43,1835,57373,151004,https://www.iem.org.mx/peol_2021/actas/dipmr/ZAMORA.pdf
16,MICHOACAN,7,ZACAPU,125,275,7257,10412,12927,3080,2586,7020,18806,2877,1422,2907,0,0,69294,39,3063,72396,163272,https://www.iem.org.mx/peol_2021/actas/dipmr/ZACAPU.pdf
16,MICHOACAN,8,TARIMBARO,113,278,6703,11729,9108,11939,9964,5443,13861,8592,840,5004,0,0,83183,80,3797,87060,159812,https://www.iem.org.mx/peol_2021/actas/dipmr/TARIMBARO.pdf
16,MICHOACAN,9,LOS REYES DE SALGADO,138,302,11845,9796,5050,2946,7853,6969,20874,2859,1194,4008,0,0,73394,31,3051,76476,160090,https://www.iem.org.mx/peol_2021/actas/dipmr/LOS_REYES.pdf
16,MICHOACAN,10,MORELIA,57,232,9583,10014,4233,1830,2371,1506,19159,877,2317,1031,0,0,52921,78,2645,55644,148277,https://www.iem.org.mx/peol_2021/actas/dipmr/MORELIA_10.pdf
16,MICHOACAN,11,MORELIA,95,263,21469,11382,5833,2265,4396,2148,20862,1284,1192,1130,0,0,71961,89,3175,75225,160932,https://www.iem.org.mx/peol_2021/actas/dipmr/MORELIA_11.pdf
16,MICHOACAN,12,CIUDAD HIDALGO,126,275,7067,9819,7682,11404,11559,5531,17960,1988,3060,1032,0,0,77102,37,3485,80624,155057,https://www.iem.org.mx/peol_2021/actas/dipmr/CIUDAD_HIDALGO.pdf
16,MICHOACAN,13,HEROICA ZITACUARO,89,224,6218,12934,8142,7236,5910,2367,17849,1745,4243,2344,0,0,68988,66,3660,72714,133936,https://www.iem.org.mx/peol_2021/actas/dipmr/ZITACUARO.pdf
16,MICHOACAN,14,URUAPAN DEL PROGRESO,86,215,8849,4354,10458,2187,2624,2035,22830,852,463,1760,0,0,56412,59,2354,58825,125708,https://www.iem.org.mx/peol_2021/actas/dipmr/URUAPAN_14.pdf
16,MICHOACAN,15,PATZCUARO,96,243,5917,12309,12489,3487,8398,4326,15842,2769,3486,3502,0,0,72525,34,4095,76654,146864,https://www.iem.org.mx/peol_2021/actas/dipmr/PATZCUARO.pdf
16,MICHOACAN,16,MORELIA,92,269,12677,11649,7250,2300,3982,2465,25425,1047,1046,1279,0,0,69120,103,3497,72720,162974,https://www.iem.org.mx/peol_2021/actas/dipmr/MORELIA_16.pdf
16,MICHOACAN,17,MORELIA,127,286,28096,12346,5485,2107,4906,1927,23496,923,2265,1412,0,0,82963,103,2947,86013,164000,https://www.iem.org.mx/peol_2021/actas/dipmr/MORELIA_17.pdf
16,MICHOACAN,18,HUETAMO DE NUÑEZ,178,281,2660,6964,21422,3635,12352,2026,29777,3337,658,0,0,0,82831,26,3862,86719,140654,https://www.iem.org.mx/peol_2021/actas/dipmr/HUETAMO.pdf
16,MICHOACAN,19,TACAMBARO DE CODALLOS,141,278,10690,15537,7111,10876,7091,1090,19670,5665,0,953,0,0,78683,79,4343,83105,151548,https://www.iem.org.mx/peol_2021/actas/dipmr/TACAMBARO.pdf
16,MICHOACAN,20,URUAPAN DEL PROGRESO,55,198,7952,3317,9527,3118,2010,1202,21251,1053,477,983,0,0,50890,52,2596,53538,125907,https://www.iem.org.mx/peol_2021/actas/dipmr/URUAPAN_20.pdf
16,MICHOACAN,21,COALCOMAN DE VAZQUEZ PALLARES,111,234,3119,7550,7641,1906,18279,2002,14419,1282,570,4032,0,0,60800,44,2557,63401,130680,https://www.iem.org.mx/peol_2021/actas/dipmr/COALCOMAN.pdf
16,MICHOACAN,22,NUEVA ITALIA DE RUIZ,124,255,2256,10246,6911,6937,1723,447,43525,1027,0,448,0,0,73520,14,2717,76251,132838,https://www.iem.org.mx/peol_2021/actas/dipmr/MUGICA.pdf
16,MICHOACAN,23,APATZINGAN DE LA CONSTITUCION,104,234,4788,10519,6933,3498,2827,1010,17075,757,2308,1730,1295,0,52740,63,2310,55113,129466,https://www.iem.org.mx/peol_2021/actas/dipmr/APATZINGAN.pdf
16,MICHOACAN,24,LAZARO CARDENAS,65,228,4191,5206,9972,2675,2500,1289,33687,749,1741,1436,0,805,64251,90,1665,66006,140241,https://www.iem.org.mx/peol_2021/actas/dipmr/LAZARO_CARDENAS.pdf