ID_ESTADO,NOMBRE_ESTADO,ID_DISTRITO_LOCAL,CABECERA_DISTRITAL_LOCAL,SECCIONES,CASILLAS,PAN,PRI,PRD,PT,PVEM,MC,MORENA,PANALZ,PAZ,MDZ,PP,FAM,PES,RSP,FXM,PAN_PRI_PRD,PT_PVEM_MORENA_PANALZ,CAND_IND1,NUM_VOTOS_VALIDOS,NUM_VOTOS_CAN_NREG,NUM_VOTOS_NULOS,TOTAL_VOTOS,LISTA_NOMINAL,RUTA_ACTA
32,ZACATECAS,1,ZACATECAS,62,141,,,,,,1607,,,642,217,260,607,5977,322,1673,12543,16560,,40408,54,1347,41809,78069,https://ieez.org.mx/PE2021/SesionComputo_2021/dis1.jpg
32,ZACATECAS,2,ZACATECAS,79,141,,,,,,1422,,,3225,539,235,298,3420,569,1733,13941,15590,,40972,26,1390,42388,74853,https://ieez.org.mx/PE2021/SesionComputo_2021/dis2.jpg
32,ZACATECAS,3,GUADALUPE,59,124,,,,3962,1555,1207,12498,1284,789,152,185,301,901,267,1650,11242,,,35993,29,1282,37304,70503,https://ieez.org.mx/PE2021/SesionComputo_2021/dis3.jpg
32,ZACATECAS,4,GUADALUPE,55,134,,,,2826,1639,1061,13488,3503,715,135,172,199,969,340,953,12151,,834,38985,72,1304,40361,75811,https://ieez.org.mx/PE2021/SesionComputo_2021/dis4.jpg
32,ZACATECAS,5,FRESNILLO,70,122,,,,2216,685,678,12147,1307,169,74,191,122,688,116,669,10022,,,29084,11,1054,30149,64585,https://ieez.org.mx/PE2021/SesionComputo_2021/dis5.jpg
32,ZACATECAS,6,FRESNILLO,80,130,,,,1839,878,1112,14091,560,293,56,174,170,1313,140,1411,12653,,,34690,11,1121,35822,68425,https://ieez.org.mx/PE2021/SesionComputo_2021/dis6.jpg
32,ZACATECAS,7,FRESNILLO,128,164,,,,,,509,,,307,112,219,84,764,127,313,16706,15983,,35124,8,1184,36316,68888,https://ieez.org.mx/PE2021/SesionComputo_2021/dis7.jpg
32,ZACATECAS,8,OJOCALIENTE,74,121,,,,,,744,,,3308,78,59,200,383,107,625,16131,15563,,37198,14,1345,38557,61207,https://ieez.org.mx/PE2021/SesionComputo_2021/dis8.jpg
32,ZACATECAS,9,LORETO,63,112,,,,8417,261,2067,9260,1893,80,75,2751,43,208,156,1735,7902,,,34848,67,1092,36007,59692,https://ieez.org.mx/PE2021/SesionComputo_2021/dis9.jpg
32,ZACATECAS,10,JEREZ DE GARCIA SALINAS,128,157,,,,,,870,,,759,87,353,185,743,148,1670,15161,13103,,33079,16,1227,34322,69516,https://ieez.org.mx/PE2021/SesionComputo_2021/dis10.jpg
32,ZACATECAS,11,VILLANUEVA,105,140,,,,,,805,,,1198,135,108,763,1205,189,1127,13422,20506,,39458,14,1180,40652,62837,https://ieez.org.mx/PE2021/SesionComputo_2021/dis11.jpg
32,ZACATECAS,12,VILLA DE COS,145,184,,,,5600,1782,1044,7250,12591,257,61,224,620,451,128,404,14804,,,45216,2,1292,46510,67283,https://ieez.org.mx/PE2021/SesionComputo_2021/dis12.jpg
32,ZACATECAS,13,JALPA,121,158,,,,,,4153,,,92,84,333,59,799,172,401,13667,14734,,34494,10,1374,35878,68682,https://ieez.org.mx/PE2021/SesionComputo_2021/dis13.jpg
32,ZACATECAS,14,TLALTENANGO DE SANCHEZ ROMAN,148,183,,,,,,322,,,421,74,24,119,707,92,124,19919,18310,,40112,23,1306,41441,69681,https://ieez.org.mx/PE2021/SesionComputo_2021/dis14.jpg
32,ZACATECAS,15,PINOS,119,149,371,18921,374,2432,459,223,16541,1266,91,88,87,36,444,209,507,,,,42049,2,1394,43445,64645,https://ieez.org.mx/PE2021/SesionComputo_2021/dis15.jpg
32,ZACATECAS,16,RIO GRANDE,89,130,,,,3860,4405,193,10148,1335,513,76,50,116,758,82,387,12308,,,34231,8,1219,35458,63194,https://ieez.org.mx/PE2021/SesionComputo_2021/dis16.jpg
32,ZACATECAS,17,SOMBRERETE,120,149,,,,1101,1300,301,8765,3804,1157,80,27,380,184,204,273,15762,,,33338,6,1093,34437,59855,https://ieez.org.mx/PE2021/SesionComputo_2021/dis17.jpg
32,ZACATECAS,18,JUAN ALDAMA,98,138,,,,3512,286,665,10323,613,110,54,1361,145,509,167,297,10866,,,28908,14,884,29806,63311,https://ieez.org.mx/PE2021/SesionComputo_2021/dis18.jpg
