ID_ESTADO,NOMBRE_ESTADO,ID_MUNICIPIO,MUNICIPIO,SECCIONES,CASILLAS,C_COMUN_PAN_PRI_PRD_PRS_PHBCS,PT,PVEM,MC,MORENA,BCSC,PANALBCS,PES,RSP,FXM,CAND_IND1,COA_MORENA_PT,NUM_VOTOS_VALIDOS,NUM_VOTOS_CAN_NREG,NUM_VOTOS_NULOS,TOTAL_VOTOS,LISTA_NOMINAL,RUTA_ACTA
3,BAJA CALIFORNIA SUR,4,LOS CABOS,134,395,34905,8371,3932,1817,34633,863,1612,979,1492,3478,621,3801,96504,77,2460,99041,234803,
3,BAJA CALIFORNIA SUR,3,LA PAZ,222,410,49807,5430,2903,2575,41389,848,964,1342,455,1201,1721,2621,111256,61,2724,114041,215389,
3,BAJA CALIFORNIA SUR,1,COMONDU,71,115,11454,2557,1135,771,11948,208,208,221,136,1884,113,1039,31674,6,1046,32726,56125,
3,BAJA CALIFORNIA SUR,2,MULEGE,44,89,9187,1324,337,145,9221,245,1565,164,119,69,88,296,22760,6,673,23439,42624,
3,BAJA CALIFORNIA SUR,5,LORETO,10,26,3743,552,73,495,2413,18,47,549,35,26,18,106,8075,0,204,8279,12707,
3,BAJA CALIFORNIA SUR,0,VOTO EN EL EXTRANJERO,0,2,38,1,1,5,27,0,1,1,0,2,0,7,83,0,1,84,0,
