ID_ESTADO,NOMBRE_ESTADO,ID_DISTRITO_LOCAL,CABECERA_DISTRITAL_LOCAL,SECCIONES,CASILLAS,C_COMUN_PAN_PRI_PRD_PRS_PHBCS,PT,PVEM,MC,MORENA,BCSC,PANALBCS,PES,RSP,FXM,CAND_IND1,COA_MORENA_PT,NUM_VOTOS_VALIDOS,NUM_VOTOS_CAN_NREG,NUM_VOTOS_NULOS,TOTAL_VOTOS,LISTA_NOMINAL,RUTA_ACTA
3,BAJA CALIFORNIA SUR,1,SAN JOSE DEL CABO,11,65,8075,1085,670,388,4885,125,278,210,242,582,107,494,17141,10,369,17520,42035,
3,BAJA CALIFORNIA SUR,2,LA PAZ,45,66,8239,938,587,399,6704,127,184,180,47,158,243,424,18230,11,523,18764,34522,
3,BAJA CALIFORNIA SUR,3,LA PAZ,39,65,8175,976,510,436,6978,158,142,193,79,216,296,490,18649,16,467,19132,32926,
3,BAJA CALIFORNIA SUR,4,LA PAZ,35,77,8086,877,458,562,7409,187,167,246,91,267,290,428,19068,6,392,19466,43808,
3,BAJA CALIFORNIA SUR,5,LA PAZ,37,71,9486,802,363,478,6835,120,166,237,72,230,317,408,19514,11,383,19908,36349,
3,BAJA CALIFORNIA SUR,6,LA PAZ,32,70,5567,896,628,266,6485,147,149,193,91,134,160,368,15084,6,593,15683,33926,
3,BAJA CALIFORNIA SUR,7,SAN JOSE DEL CABO,31,69,4668,1562,867,275,4877,113,346,208,61,545,96,624,14242,13,382,14637,37282,
3,BAJA CALIFORNIA SUR,8,CABO SAN LUCAS,22,65,5962,1033,568,347,6719,169,205,149,245,663,126,397,16583,15,380,16978,41079,
3,BAJA CALIFORNIA SUR,9,CABO SAN LUCAS,30,68,4090,1259,412,204,6001,128,208,112,676,724,85,533,14432,11,494,14937,37805,
3,BAJA CALIFORNIA SUR,10,CIUDAD CONSTITUCION,29,56,5171,1456,644,405,5737,88,94,74,54,1112,52,550,15437,3,572,16012,29038,
3,BAJA CALIFORNIA SUR,11,CIUDAD CONSTITUCION,42,59,6283,1101,491,366,6211,120,114,147,82,772,61,489,16237,3,474,16714,27087,
3,BAJA CALIFORNIA SUR,12,SAN JOSE DEL CABO,17,62,5552,2236,968,225,5254,178,396,129,62,409,83,1176,16668,14,425,17107,35676,
3,BAJA CALIFORNIA SUR,13,LORETO,31,65,8785,1225,190,556,6316,62,599,586,92,59,69,239,18778,1,497,19276,30160,
3,BAJA CALIFORNIA SUR,14,GUERRERO NEGRO,23,50,4145,651,220,84,5318,201,1013,127,62,36,37,163,12057,5,380,12442,25171,
3,BAJA CALIFORNIA SUR,15,LA PAZ,34,61,10254,941,357,434,6978,109,156,293,75,196,415,503,20711,11,366,21088,33858,
3,BAJA CALIFORNIA SUR,16,CABO SAN LUCAS,23,66,6558,1196,447,378,6897,150,179,171,206,555,124,577,17438,14,410,17862,40926,
3,BAJA CALIFORNIA SUR,0,VOTO EN EL EXTRANJERO,0,2,38,1,1,5,27,0,1,1,0,2,0,7,83,0,1,84,0,
