ID_ESTADO,NOMBRE_ESTADO,ID_DISTRITO_LOCAL,CABECERA_DISTRITAL_LOCAL,SECCIONES,CASILLAS,C_COMUN_PAN_PRI_PRD_PRS_PHBCS,PT,PVEM,MC,MORENA,BCSC,PANALBCS,PES,RSP,FXM,CAND_IND1,COA_MORENA_PT,NUM_VOTOS_VALIDOS,NUM_VOTOS_CAN_NREG,NUM_VOTOS_NULOS,TOTAL_VOTOS,LISTA_NOMINAL,RUTA_ACTA
3,BAJA CALIFORNIA SUR,1,SAN JOSE DEL CABO,11,65,8075,,670,388,,125,278,210,242,582,107,6464,17141,10,369,17520,42035,
3,BAJA CALIFORNIA SUR,2,LA PAZ,45,66,8239,,587,399,,127,184,180,47,158,243,8066,18230,11,523,18764,34522,
3,BAJA CALIFORNIA SUR,3,LA PAZ,39,65,8175,,510,436,,158,142,193,79,216,296,8444,18649,16,467,19132,32926,
3,BAJA CALIFORNIA SUR,4,LA PAZ,35,77,8086,,458,562,,187,167,246,91,267,290,8714,19068,6,392,19466,43808,
3,BAJA CALIFORNIA SUR,5,LA PAZ,37,71,9486,,363,478,,120,166,237,72,230,317,8045,19514,11,383,19908,36349,
3,BAJA CALIFORNIA SUR,6,LA PAZ,32,70,5567,,628,266,,147,149,193,91,134,160,7749,15084,6,593,15683,33926,
3,BAJA CALIFORNIA SUR,7,SAN JOSE DEL CABO,31,69,4668,,867,275,,113,346,208,61,545,96,7063,14242,13,382,14637,37282,
3,BAJA CALIFORNIA SUR,8,CABO SAN LUCAS,22,65,5962,,568,347,,169,205,149,245,663,126,8149,16583,15,380,16978,41079,
3,BAJA CALIFORNIA SUR,9,CABO SAN LUCAS,30,68,4090,,412,204,,128,208,112,676,724,85,7793,14432,11,494,14937,37805,
3,BAJA CALIFORNIA SUR,10,CIUDAD CONSTITUCION,29,56,5171,,644,405,,88,94,74,54,1112,52,7743,15437,3,572,16012,29038,
3,BAJA CALIFORNIA SUR,11,CIUDAD CONSTITUCION,42,59,6283,,491,366,,120,114,147,82,772,61,7801,16237,3,474,16714,27087,
3,BAJA CALIFORNIA SUR,12,SAN JOSE DEL CABO,17,62,5552,,968,225,,178,396,129,62,409,83,8666,16668,14,425,17107,35676,
3,BAJA CALIFORNIA SUR,13,LORETO,31,65,8785,,190,556,,62,599,586,92,59,69,7780,18778,1,497,19276,30160,
3,BAJA CALIFORNIA SUR,14,GUERRERO NEGRO,23,50,4145,,220,84,,201,1013,127,62,36,37,6132,12057,5,380,12442,25171,
3,BAJA CALIFORNIA SUR,15,LA PAZ,34,61,10254,,357,434,,109,156,293,75,196,415,8422,20711,11,366,21088,33858,
3,BAJA CALIFORNIA SUR,16,CABO SAN LUCAS,23,66,6558,,447,378,,150,179,171,206,555,124,8670,17438,14,410,17862,40926,
3,BAJA CALIFORNIA SUR,0,VOTO EN EL EXTRANJERO,0,2,38,1,1,5,27,0,1,1,0,2,0,7,83,0,1,84,0,
