CIRCUNSCRIPCION,ID_ESTADO,NOMBRE_ESTADO,ID_DISTRITO_LOCAL,CABECERA_DISTRITAL_LOCAL,ID_MUNICIPIO,MUNICIPIO,SECCION,CASILLAS,C_COMUN_PAN_PRI_PRD_PRS_PHBCS,PT,PVEM,MC,MORENA,BCSC,PANALBCS,PES,RSP,FXM,CAND_IND1,COA_MORENA_PT,NUM_VOTOS_VALIDOS,NUM_VOTOS_CAN_NREG,NUM_VOTOS_NULOS,TOTAL_VOTOS,LISTA_NOMINAL
,3,BAJA CALIFORNIA SUR,1,SAN JOSE DEL CABO,4,LOS CABOS,290,3,605,35,18,15,109,6,9,2,3,12,4,9,827,0,4,831,1614
,3,BAJA CALIFORNIA SUR,1,SAN JOSE DEL CABO,4,LOS CABOS,294,3,756,48,48,24,202,1,9,8,1,22,8,19,1146,1,13,1160,1934
,3,BAJA CALIFORNIA SUR,1,SAN JOSE DEL CABO,4,LOS CABOS,295,4,525,98,44,23,310,7,25,8,3,29,8,62,1142,0,16,1158,2786
,3,BAJA CALIFORNIA SUR,1,SAN JOSE DEL CABO,4,LOS CABOS,296,3,334,88,68,23,322,5,15,16,3,23,6,52,955,0,25,980,1946
,3,BAJA CALIFORNIA SUR,1,SAN JOSE DEL CABO,4,LOS CABOS,298,25,2808,414,323,184,1964,59,129,121,38,158,49,158,6405,2,156,6563,17835
,3,BAJA CALIFORNIA SUR,1,SAN JOSE DEL CABO,4,LOS CABOS,316,6,1661,46,37,54,273,8,13,13,17,30,9,15,2176,3,20,2199,4370
,3,BAJA CALIFORNIA SUR,1,SAN JOSE DEL CABO,4,LOS CABOS,334,2,28,34,4,0,75,2,2,4,1,3,0,21,174,0,8,182,281
,3,BAJA CALIFORNIA SUR,1,SAN JOSE DEL CABO,4,LOS CABOS,353,10,836,195,79,31,935,24,32,19,87,152,13,93,2496,1,80,2577,6531
,3,BAJA CALIFORNIA SUR,1,SAN JOSE DEL CABO,4,LOS CABOS,354,3,187,33,21,10,212,3,29,11,48,69,3,23,649,0,20,669,1581
,3,BAJA CALIFORNIA SUR,1,SAN JOSE DEL CABO,4,LOS CABOS,356,3,175,59,12,17,258,5,3,1,15,33,2,24,604,3,16,623,1573
,3,BAJA CALIFORNIA SUR,1,SAN JOSE DEL CABO,4,LOS CABOS,394,3,160,35,16,7,225,5,12,7,26,51,5,18,567,0,11,578,1584
,3,BAJA CALIFORNIA SUR,2,LA PAZ,3,LA PAZ,122,2,162,18,18,12,133,4,4,5,2,6,5,8,377,0,17,394,754
,3,BAJA CALIFORNIA SUR,2,LA PAZ,3,LA PAZ,123,2,242,17,13,10,180,6,6,9,3,7,4,12,509,0,11,520,875
,3,BAJA CALIFORNIA SUR,2,LA PAZ,3,LA PAZ,124,2,310,23,5,10,169,5,2,2,1,4,13,12,556,2,11,569,952
,3,BAJA CALIFORNIA SUR,2,LA PAZ,3,LA PAZ,125,1,195,14,4,3,100,2,3,3,0,6,2,0,332,0,2,334,549
,3,BAJA CALIFORNIA SUR,2,LA PAZ,3,LA PAZ,126,1,173,23,9,7,146,2,2,5,2,5,4,9,387,0,4,391,709
,3,BAJA CALIFORNIA SUR,2,LA PAZ,3,LA PAZ,127,1,135,20,19,4,169,5,4,4,2,5,2,8,377,0,2,379,741
,3,BAJA CALIFORNIA SUR,2,LA PAZ,3,LA PAZ,128,1,115,22,31,6,149,4,1,5,0,4,3,8,348,0,13,361,641
,3,BAJA CALIFORNIA SUR,2,LA PAZ,3,LA PAZ,129,2,170,29,42,10,187,4,2,4,0,3,3,13,467,0,28,495,986
,3,BAJA CALIFORNIA SUR,2,LA PAZ,3,LA PAZ,135,2,183,45,15,9,182,2,6,3,3,5,10,11,474,0,16,490,1018
,3,BAJA CALIFORNIA SUR,2,LA PAZ,3,LA PAZ,136,2,175,17,12,12,155,2,5,7,0,4,3,9,401,1,15,417,802
,3,BAJA CALIFORNIA SUR,2,LA PAZ,3,LA PAZ,137,2,234,21,7,19,177,2,9,2,0,0,6,17,494,0,11,505,790
,3,BAJA CALIFORNIA SUR,2,LA PAZ,3,LA PAZ,138,1,134,16,11,6,131,0,1,2,1,3,5,10,320,1,15,336,625
,3,BAJA CALIFORNIA SUR,2,LA PAZ,3,LA PAZ,139,1,88,24,9,4,145,1,3,2,1,1,1,9,288,1,9,298,542
,3,BAJA CALIFORNIA SUR,2,LA PAZ,3,LA PAZ,140,1,71,13,7,4,88,2,5,1,1,3,1,9,205,0,9,214,474
,3,BAJA CALIFORNIA SUR,2,LA PAZ,3,LA PAZ,141,2,116,19,23,12,157,4,7,7,0,2,5,8,360,0,16,376,785
,3,BAJA CALIFORNIA SUR,2,LA PAZ,3,LA PAZ,142,2,175,28,35,14,217,6,8,3,2,8,7,9,512,0,14,526,1060
,3,BAJA CALIFORNIA SUR,2,LA PAZ,3,LA PAZ,143,3,280,33,49,12,289,9,16,9,3,6,6,25,737,1,25,763,1961
,3,BAJA CALIFORNIA SUR,2,LA PAZ,3,LA PAZ,144,2,263,36,40,16,199,4,2,12,5,3,6,13,599,0,32,631,1464
,3,BAJA CALIFORNIA SUR,2,LA PAZ,3,LA PAZ,145,2,162,25,16,9,124,1,5,3,2,6,5,9,367,0,19,386,778
,3,BAJA CALIFORNIA SUR,2,LA PAZ,3,LA PAZ,146,1,115,16,16,2,109,1,3,4,0,3,6,21,296,0,4,300,579
,3,BAJA CALIFORNIA SUR,2,LA PAZ,3,LA PAZ,147,1,124,44,14,5,139,2,4,2,1,8,2,10,355,0,12,367,689
,3,BAJA CALIFORNIA SUR,2,LA PAZ,3,LA PAZ,148,1,126,16,3,4,88,3,3,1,1,1,4,6,256,0,16,272,517
,3,BAJA CALIFORNIA SUR,2,LA PAZ,3,LA PAZ,149,1,99,16,7,6,143,3,4,1,1,2,2,10,294,0,7,301,584
,3,BAJA CALIFORNIA SUR,2,LA PAZ,3,LA PAZ,150,1,70,26,15,6,105,3,2,3,0,3,2,21,256,0,12,268,507
,3,BAJA CALIFORNIA SUR,2,LA PAZ,3,LA PAZ,151,1,116,16,8,2,105,1,4,5,0,2,8,7,274,0,2,276,651
,3,BAJA CALIFORNIA SUR,2,LA PAZ,3,LA PAZ,159,1,164,12,2,3,93,3,2,1,0,2,5,4,291,0,4,295,526
,3,BAJA CALIFORNIA SUR,2,LA PAZ,3,LA PAZ,160,1,142,10,9,6,104,2,0,3,0,3,5,4,288,0,5,293,506
,3,BAJA CALIFORNIA SUR,2,LA PAZ,3,LA PAZ,161,1,222,12,6,11,114,2,2,1,2,1,9,2,384,0,8,392,677
,3,BAJA CALIFORNIA SUR,2,LA PAZ,3,LA PAZ,162,2,258,17,14,12,199,2,5,7,0,5,16,8,543,3,14,560,866
,3,BAJA CALIFORNIA SUR,2,LA PAZ,3,LA PAZ,163,1,228,8,10,5,121,5,7,5,0,6,10,8,413,0,7,420,681
,3,BAJA CALIFORNIA SUR,2,LA PAZ,3,LA PAZ,164,2,268,12,11,11,147,2,6,5,1,10,9,11,493,0,12,505,825
,3,BAJA CALIFORNIA SUR,2,LA PAZ,3,LA PAZ,165,2,292,21,13,13,160,1,8,7,0,5,7,7,534,0,19,553,877
,3,BAJA CALIFORNIA SUR,2,LA PAZ,3,LA PAZ,166,1,330,13,4,12,109,2,1,1,1,2,5,2,482,1,4,487,682
,3,BAJA CALIFORNIA SUR,2,LA PAZ,3,LA PAZ,167,2,299,41,6,9,204,0,2,1,3,2,8,16,591,0,26,617,1002
,3,BAJA CALIFORNIA SUR,2,LA PAZ,3,LA PAZ,168,2,261,23,4,11,222,5,2,6,1,4,15,8,562,0,7,569,985
,3,BAJA CALIFORNIA SUR,2,LA PAZ,3,LA PAZ,169,2,155,17,9,14,123,5,6,2,2,2,3,9,347,0,9,356,822
,3,BAJA CALIFORNIA SUR,2,LA PAZ,3,LA PAZ,170,1,139,24,7,6,119,2,1,5,1,0,3,12,319,0,10,329,498
,3,BAJA CALIFORNIA SUR,2,LA PAZ,3,LA PAZ,171,1,135,14,4,6,143,2,5,5,1,5,4,11,335,0,16,351,613
,3,BAJA CALIFORNIA SUR,2,LA PAZ,3,LA PAZ,172,1,177,20,10,9,123,0,2,2,1,0,1,8,353,0,6,359,646
,3,BAJA CALIFORNIA SUR,2,LA PAZ,3,LA PAZ,173,2,230,31,10,15,220,3,4,6,1,2,4,16,542,0,17,559,992
,3,BAJA CALIFORNIA SUR,2,LA PAZ,3,LA PAZ,174,2,227,21,7,20,209,3,3,3,1,4,9,11,518,0,12,530,954
,3,BAJA CALIFORNIA SUR,2,LA PAZ,3,LA PAZ,176,1,163,14,12,5,108,2,2,6,0,0,2,5,319,1,6,326,543
,3,BAJA CALIFORNIA SUR,2,LA PAZ,3,LA PAZ,177,1,137,21,9,10,127,4,5,2,1,1,0,0,317,0,7,324,573
,3,BAJA CALIFORNIA SUR,2,LA PAZ,3,LA PAZ,178,1,120,14,6,9,111,3,6,3,0,2,6,3,283,0,8,291,483
,3,BAJA CALIFORNIA SUR,2,LA PAZ,3,LA PAZ,188,1,259,16,6,8,162,1,4,5,0,2,7,5,475,0,4,479,738
,3,BAJA CALIFORNIA SUR,3,LA PAZ,3,LA PAZ,175,2,260,63,13,12,275,2,10,6,2,2,14,23,682,0,20,702,1273
,3,BAJA CALIFORNIA SUR,3,LA PAZ,3,LA PAZ,179,2,196,33,11,5,196,6,4,5,1,0,5,18,480,0,9,489,928
,3,BAJA CALIFORNIA SUR,3,LA PAZ,3,LA PAZ,180,2,153,22,20,9,180,2,2,6,5,1,5,12,417,0,21,438,893
,3,BAJA CALIFORNIA SUR,3,LA PAZ,3,LA PAZ,181,2,239,36,16,16,257,4,3,9,2,6,9,16,613,0,10,623,1242
,3,BAJA CALIFORNIA SUR,3,LA PAZ,3,LA PAZ,182,2,204,19,12,16,172,4,3,6,7,7,8,14,472,0,20,492,896
,3,BAJA CALIFORNIA SUR,3,LA PAZ,3,LA PAZ,183,1,164,17,7,5,164,4,6,11,1,11,1,10,401,0,9,410,719
,3,BAJA CALIFORNIA SUR,3,LA PAZ,3,LA PAZ,202,2,641,31,9,22,236,2,3,11,3,15,27,16,1016,0,13,1029,1493
,3,BAJA CALIFORNIA SUR,3,LA PAZ,3,LA PAZ,203,2,175,30,19,12,157,7,5,5,1,5,6,14,436,0,11,447,820
,3,BAJA CALIFORNIA SUR,3,LA PAZ,3,LA PAZ,204,2,178,27,10,16,186,6,4,3,1,4,9,17,461,0,12,473,864
,3,BAJA CALIFORNIA SUR,3,LA PAZ,3,LA PAZ,205,1,112,12,10,9,123,3,4,1,4,5,6,4,293,0,13,306,678
,3,BAJA CALIFORNIA SUR,3,LA PAZ,3,LA PAZ,206,5,504,86,36,28,524,17,16,9,5,17,10,27,1279,1,59,1339,2970
,3,BAJA CALIFORNIA SUR,3,LA PAZ,3,LA PAZ,232,2,243,27,15,18,199,4,4,4,5,6,8,13,546,0,7,553,872
,3,BAJA CALIFORNIA SUR,3,LA PAZ,3,LA PAZ,233,1,183,14,10,3,147,1,3,3,4,3,5,13,389,0,8,397,598
,3,BAJA CALIFORNIA SUR,3,LA PAZ,3,LA PAZ,234,2,259,31,16,12,182,3,3,2,2,7,6,17,540,0,7,547,806
,3,BAJA CALIFORNIA SUR,3,LA PAZ,3,LA PAZ,235,2,210,33,22,9,194,2,7,5,2,6,6,10,506,0,10,516,957
,3,BAJA CALIFORNIA SUR,3,LA PAZ,3,LA PAZ,236,1,103,13,18,9,102,5,1,8,1,3,4,6,273,0,10,283,421
,3,BAJA CALIFORNIA SUR,3,LA PAZ,3,LA PAZ,237,2,299,17,8,21,212,1,2,7,0,10,14,8,599,0,12,611,981
,3,BAJA CALIFORNIA SUR,3,LA PAZ,3,LA PAZ,238,2,253,24,15,3,163,3,3,3,0,1,7,9,484,0,9,493,789
,3,BAJA CALIFORNIA SUR,3,LA PAZ,3,LA PAZ,239,2,263,29,20,21,238,3,3,12,0,8,8,13,618,0,10,628,1060
,3,BAJA CALIFORNIA SUR,3,LA PAZ,3,LA PAZ,240,1,100,9,20,3,108,2,1,2,1,2,8,3,259,0,7,266,491
,3,BAJA CALIFORNIA SUR,3,LA PAZ,3,LA PAZ,241,1,124,9,10,12,113,7,2,1,3,2,3,4,290,0,10,300,585
,3,BAJA CALIFORNIA SUR,3,LA PAZ,3,LA PAZ,242,2,347,25,17,16,271,4,1,5,4,11,13,7,721,0,6,727,631
,3,BAJA CALIFORNIA SUR,3,LA PAZ,3,LA PAZ,243,1,189,12,9,3,117,1,2,5,3,5,6,12,364,0,6,370,613
,3,BAJA CALIFORNIA SUR,3,LA PAZ,3,LA PAZ,244,1,184,19,4,11,146,3,6,5,0,3,15,8,404,0,8,412,682
,3,BAJA CALIFORNIA SUR,3,LA PAZ,3,LA PAZ,245,1,186,9,8,11,114,4,5,3,1,3,2,6,352,0,7,359,565
,3,BAJA CALIFORNIA SUR,3,LA PAZ,3,LA PAZ,246,2,144,31,7,8,176,7,0,4,0,3,1,36,417,2,9,428,862
,3,BAJA CALIFORNIA SUR,3,LA PAZ,3,LA PAZ,247,2,146,36,9,7,164,4,3,3,2,7,4,15,400,1,14,415,861
,3,BAJA CALIFORNIA SUR,3,LA PAZ,3,LA PAZ,248,2,443,44,22,16,325,13,6,7,4,3,17,26,926,0,23,949,673
,3,BAJA CALIFORNIA SUR,3,LA PAZ,3,LA PAZ,249,2,251,18,8,11,202,2,1,3,0,5,15,18,534,0,12,546,811
,3,BAJA CALIFORNIA SUR,3,LA PAZ,3,LA PAZ,250,2,180,34,25,11,236,5,2,5,1,7,6,17,529,0,16,545,1040
,3,BAJA CALIFORNIA SUR,3,LA PAZ,3,LA PAZ,251,1,76,24,11,2,106,4,2,2,2,6,1,15,251,0,10,261,519
,3,BAJA CALIFORNIA SUR,3,LA PAZ,3,LA PAZ,441,1,130,16,11,8,120,4,0,4,1,6,1,10,311,0,8,319,558
,3,BAJA CALIFORNIA SUR,3,LA PAZ,3,LA PAZ,443,2,245,36,9,18,197,3,6,9,0,8,13,5,549,12,7,568,950
,3,BAJA CALIFORNIA SUR,3,LA PAZ,3,LA PAZ,444,1,131,16,4,9,108,3,3,1,0,4,5,7,291,0,8,299,602
,3,BAJA CALIFORNIA SUR,3,LA PAZ,3,LA PAZ,447,1,92,12,10,8,92,1,1,2,3,3,0,9,233,0,13,246,538
,3,BAJA CALIFORNIA SUR,3,LA PAZ,3,LA PAZ,448,1,98,7,7,2,73,4,5,3,2,3,2,5,211,0,5,216,440
,3,BAJA CALIFORNIA SUR,3,LA PAZ,3,LA PAZ,449,1,145,14,11,6,102,1,3,4,2,7,2,8,305,0,6,311,640
,3,BAJA CALIFORNIA SUR,3,LA PAZ,3,LA PAZ,450,1,116,12,9,6,121,2,1,4,2,2,4,9,288,0,9,297,637
,3,BAJA CALIFORNIA SUR,3,LA PAZ,3,LA PAZ,478,2,209,29,12,22,180,5,6,5,2,9,20,10,509,0,13,522,968
,3,BAJA CALIFORNIA SUR,4,LA PAZ,3,LA PAZ,456,1,44,9,5,6,65,1,0,0,0,2,2,5,139,0,6,145,318
,3,BAJA CALIFORNIA SUR,4,LA PAZ,3,LA PAZ,457,1,94,8,4,4,91,2,0,3,3,7,5,3,224,0,3,227,516
,3,BAJA CALIFORNIA SUR,4,LA PAZ,3,LA PAZ,460,2,190,29,11,13,172,4,3,8,1,8,5,15,459,0,6,465,766
,3,BAJA CALIFORNIA SUR,4,LA PAZ,3,LA PAZ,461,2,229,12,7,13,171,2,1,6,0,8,9,9,467,0,4,471,807
,3,BAJA CALIFORNIA SUR,4,LA PAZ,3,LA PAZ,463,1,145,15,6,23,134,2,6,4,0,3,4,5,347,0,8,355,659
,3,BAJA CALIFORNIA SUR,4,LA PAZ,3,LA PAZ,464,2,144,29,12,23,156,2,4,3,2,7,6,14,402,0,12,414,883
,3,BAJA CALIFORNIA SUR,4,LA PAZ,3,LA PAZ,466,2,143,19,12,14,155,0,3,9,7,5,10,5,382,0,8,390,874
,3,BAJA CALIFORNIA SUR,4,LA PAZ,3,LA PAZ,467,2,147,35,9,14,157,7,8,6,5,3,12,12,415,0,8,423,974
,3,BAJA CALIFORNIA SUR,4,LA PAZ,3,LA PAZ,468,2,140,12,14,25,150,6,7,6,1,6,3,7,377,0,4,381,899
,3,BAJA CALIFORNIA SUR,4,LA PAZ,3,LA PAZ,469,2,155,14,1,12,123,5,6,6,1,4,2,6,335,0,7,342,858
,3,BAJA CALIFORNIA SUR,4,LA PAZ,3,LA PAZ,470,3,359,33,22,12,311,11,2,9,3,13,9,16,800,0,17,817,2245
,3,BAJA CALIFORNIA SUR,4,LA PAZ,3,LA PAZ,471,1,107,20,9,8,146,3,4,10,1,6,2,4,320,0,7,327,741
,3,BAJA CALIFORNIA SUR,4,LA PAZ,3,LA PAZ,472,2,224,41,17,8,219,5,12,9,2,6,13,14,570,0,19,589,1498
,3,BAJA CALIFORNIA SUR,4,LA PAZ,3,LA PAZ,473,1,115,15,7,8,122,3,8,5,0,6,1,2,292,0,6,298,632
,3,BAJA CALIFORNIA SUR,4,LA PAZ,3,LA PAZ,474,1,101,13,3,10,95,2,2,3,1,3,0,5,238,0,4,242,674
,3,BAJA CALIFORNIA SUR,4,LA PAZ,3,LA PAZ,475,4,369,42,27,21,405,18,6,8,5,15,9,23,948,0,20,968,2825
,3,BAJA CALIFORNIA SUR,4,LA PAZ,3,LA PAZ,476,1,90,9,16,7,98,8,2,6,3,7,1,11,258,0,9,267,690
,3,BAJA CALIFORNIA SUR,4,LA PAZ,3,LA PAZ,477,2,110,21,16,12,133,10,2,2,3,2,4,10,325,0,8,333,826
,3,BAJA CALIFORNIA SUR,4,LA PAZ,3,LA PAZ,479,5,659,59,32,38,480,15,12,18,3,16,20,18,1370,1,15,1386,3364
,3,BAJA CALIFORNIA SUR,4,LA PAZ,3,LA PAZ,480,2,176,26,15,11,170,2,0,1,4,6,3,16,430,0,13,443,968
,3,BAJA CALIFORNIA SUR,4,LA PAZ,3,LA PAZ,481,2,162,26,16,9,142,1,2,6,3,6,5,14,392,0,7,399,938
,3,BAJA CALIFORNIA SUR,4,LA PAZ,3,LA PAZ,482,3,357,31,16,16,302,6,6,8,3,8,12,20,785,1,13,799,1526
,3,BAJA CALIFORNIA SUR,4,LA PAZ,3,LA PAZ,483,2,153,18,12,7,167,1,3,5,2,5,2,10,385,0,18,403,854
,3,BAJA CALIFORNIA SUR,4,LA PAZ,3,LA PAZ,484,4,382,41,18,32,359,10,7,15,1,11,14,21,911,0,23,934,2353
,3,BAJA CALIFORNIA SUR,4,LA PAZ,3,LA PAZ,485,2,299,32,10,22,222,6,5,4,4,7,15,23,649,1,17,667,1246
,3,BAJA CALIFORNIA SUR,4,LA PAZ,3,LA PAZ,486,2,216,26,16,23,167,3,4,11,3,5,11,10,495,1,17,513,967
,3,BAJA CALIFORNIA SUR,4,LA PAZ,3,LA PAZ,487,3,372,35,26,29,376,10,9,13,3,19,15,18,925,0,20,945,2006
,3,BAJA CALIFORNIA SUR,4,LA PAZ,3,LA PAZ,488,3,402,42,28,26,377,8,5,10,2,8,13,19,940,0,17,957,1893
,3,BAJA CALIFORNIA SUR,4,LA PAZ,3,LA PAZ,489,2,296,27,9,22,283,6,1,4,6,8,18,18,698,0,6,704,1154
,3,BAJA CALIFORNIA SUR,4,LA PAZ,3,LA PAZ,490,2,226,15,4,15,206,5,4,4,1,6,6,13,505,0,12,517,1103
,3,BAJA CALIFORNIA SUR,4,LA PAZ,3,LA PAZ,491,2,348,8,10,13,226,5,6,12,2,12,8,10,660,1,13,674,1227
,3,BAJA CALIFORNIA SUR,4,LA PAZ,3,LA PAZ,492,3,345,29,16,20,304,7,5,14,5,4,16,18,783,1,11,795,1855
,3,BAJA CALIFORNIA SUR,4,LA PAZ,3,LA PAZ,493,2,221,26,8,8,221,3,10,6,2,13,11,10,539,0,12,551,1237
,3,BAJA CALIFORNIA SUR,4,LA PAZ,3,LA PAZ,494,3,265,34,12,19,232,3,9,5,3,10,10,12,614,0,10,624,1648
,3,BAJA CALIFORNIA SUR,4,LA PAZ,3,LA PAZ,495,3,301,26,12,19,272,5,3,7,6,12,14,12,689,0,12,701,1784
,3,BAJA CALIFORNIA SUR,5,LA PAZ,3,LA PAZ,184,1,92,10,9,7,51,0,0,2,1,1,2,6,181,0,7,188,306
,3,BAJA CALIFORNIA SUR,5,LA PAZ,3,LA PAZ,185,1,178,15,3,8,167,3,1,3,2,1,3,8,392,2,5,399,667
,3,BAJA CALIFORNIA SUR,5,LA PAZ,3,LA PAZ,187,2,312,28,4,11,141,1,2,6,0,0,7,9,521,0,11,532,821
,3,BAJA CALIFORNIA SUR,5,LA PAZ,3,LA PAZ,207,1,143,23,4,8,121,2,0,6,1,3,1,10,322,0,10,332,651
,3,BAJA CALIFORNIA SUR,5,LA PAZ,3,LA PAZ,208,2,173,26,13,8,180,3,3,5,4,5,16,9,445,0,13,458,800
,3,BAJA CALIFORNIA SUR,5,LA PAZ,3,LA PAZ,209,3,723,26,20,26,305,4,3,10,3,9,13,10,1152,0,16,1168,1822
,3,BAJA CALIFORNIA SUR,5,LA PAZ,3,LA PAZ,210,6,1210,87,35,91,822,15,22,22,5,31,49,50,2439,3,25,2467,4111
,3,BAJA CALIFORNIA SUR,5,LA PAZ,3,LA PAZ,218,5,1002,44,23,37,450,6,4,19,2,19,31,15,1652,0,20,1672,2767
,3,BAJA CALIFORNIA SUR,5,LA PAZ,3,LA PAZ,256,4,631,42,28,26,419,5,12,8,4,16,14,18,1223,1,25,1249,2394
,3,BAJA CALIFORNIA SUR,5,LA PAZ,3,LA PAZ,257,2,187,30,11,7,235,3,6,7,1,11,11,14,523,3,16,542,1145
,3,BAJA CALIFORNIA SUR,5,LA PAZ,3,LA PAZ,258,1,78,7,10,2,74,0,3,2,1,0,1,5,183,0,3,186,381
,3,BAJA CALIFORNIA SUR,5,LA PAZ,3,LA PAZ,259,1,46,6,2,0,42,0,4,1,1,2,0,0,104,0,2,106,184
,3,BAJA CALIFORNIA SUR,5,LA PAZ,3,LA PAZ,260,1,41,5,7,1,47,2,0,0,0,0,0,0,103,0,5,108,218
,3,BAJA CALIFORNIA SUR,5,LA PAZ,3,LA PAZ,261,1,177,27,15,0,118,4,4,5,6,2,1,11,370,0,21,391,720
,3,BAJA CALIFORNIA SUR,5,LA PAZ,3,LA PAZ,262,1,53,17,1,4,39,2,3,1,1,0,4,10,135,0,6,141,216
,3,BAJA CALIFORNIA SUR,5,LA PAZ,3,LA PAZ,263,1,17,13,0,1,48,3,3,1,0,1,0,5,92,0,4,96,189
,3,BAJA CALIFORNIA SUR,5,LA PAZ,3,LA PAZ,264,1,33,6,0,1,15,2,3,4,1,0,0,0,65,0,6,71,188
,3,BAJA CALIFORNIA SUR,5,LA PAZ,3,LA PAZ,265,3,105,15,4,2,107,2,3,1,0,3,10,11,263,0,6,269,475
,3,BAJA CALIFORNIA SUR,5,LA PAZ,3,LA PAZ,266,2,80,14,16,2,139,3,3,6,4,1,1,3,272,0,16,288,517
,3,BAJA CALIFORNIA SUR,5,LA PAZ,3,LA PAZ,288,2,231,23,9,14,181,2,6,0,1,4,10,9,490,0,6,496,999
,3,BAJA CALIFORNIA SUR,5,LA PAZ,3,LA PAZ,289,3,374,35,16,23,393,9,15,8,4,18,11,28,934,0,24,958,2070
,3,BAJA CALIFORNIA SUR,5,LA PAZ,3,LA PAZ,348,1,111,11,0,5,105,0,3,1,0,3,8,7,254,0,7,261,503
,3,BAJA CALIFORNIA SUR,5,LA PAZ,3,LA PAZ,349,1,171,13,3,11,82,1,0,3,1,5,8,4,302,0,9,311,596
,3,BAJA CALIFORNIA SUR,5,LA PAZ,3,LA PAZ,350,1,106,13,7,11,95,1,2,7,0,2,4,10,258,0,5,263,433
,3,BAJA CALIFORNIA SUR,5,LA PAZ,3,LA PAZ,440,2,410,21,14,26,244,3,3,11,1,9,14,11,767,0,7,774,1300
,3,BAJA CALIFORNIA SUR,5,LA PAZ,3,LA PAZ,442,2,359,12,7,16,220,4,8,6,2,6,10,17,667,0,8,675,1068
,3,BAJA CALIFORNIA SUR,5,LA PAZ,3,LA PAZ,445,2,242,13,8,15,162,4,5,6,0,4,9,7,475,1,7,483,780
,3,BAJA CALIFORNIA SUR,5,LA PAZ,3,LA PAZ,446,4,595,51,20,30,414,5,13,22,8,13,8,24,1203,0,11,1214,2366
,3,BAJA CALIFORNIA SUR,5,LA PAZ,3,LA PAZ,451,2,138,28,10,9,154,3,5,10,1,9,8,10,385,0,11,396,892
,3,BAJA CALIFORNIA SUR,5,LA PAZ,3,LA PAZ,452,2,200,9,11,10,175,8,5,6,4,10,8,10,456,1,15,472,941
,3,BAJA CALIFORNIA SUR,5,LA PAZ,3,LA PAZ,453,1,129,17,9,6,117,0,0,3,1,3,6,4,295,0,12,307,647
,3,BAJA CALIFORNIA SUR,5,LA PAZ,3,LA PAZ,454,1,139,14,6,9,133,3,1,8,1,4,4,5,327,0,5,332,592
,3,BAJA CALIFORNIA SUR,5,LA PAZ,3,LA PAZ,455,1,145,14,7,8,118,2,2,5,2,3,6,7,319,0,7,326,663
,3,BAJA CALIFORNIA SUR,5,LA PAZ,3,LA PAZ,458,2,213,20,11,10,173,3,5,9,1,4,13,16,478,0,10,488,978
,3,BAJA CALIFORNIA SUR,5,LA PAZ,3,LA PAZ,459,2,138,29,5,3,166,4,5,8,3,7,10,10,388,0,4,392,844
,3,BAJA CALIFORNIA SUR,5,LA PAZ,3,LA PAZ,462,1,181,15,6,11,147,3,6,7,2,8,8,5,399,0,6,405,744
,3,BAJA CALIFORNIA SUR,5,LA PAZ,3,LA PAZ,465,2,323,23,9,19,236,5,3,8,3,13,8,30,680,0,12,692,1361
,3,BAJA CALIFORNIA SUR,6,LA PAZ,3,LA PAZ,121,2,302,19,10,14,205,4,3,8,4,4,6,16,595,0,10,605,1139
,3,BAJA CALIFORNIA SUR,6,LA PAZ,3,LA PAZ,130,1,55,7,11,6,50,4,3,0,0,2,2,7,147,0,15,162,404
,3,BAJA CALIFORNIA SUR,6,LA PAZ,3,LA PAZ,131,1,62,12,6,6,70,3,5,3,0,1,2,5,175,0,6,181,487
,3,BAJA CALIFORNIA SUR,6,LA PAZ,3,LA PAZ,132,1,48,11,8,8,66,3,1,5,1,1,3,1,156,0,5,161,364
,3,BAJA CALIFORNIA SUR,6,LA PAZ,3,LA PAZ,133,1,63,9,8,7,74,2,1,0,1,1,2,4,172,0,11,183,369
,3,BAJA CALIFORNIA SUR,6,LA PAZ,3,LA PAZ,134,1,71,12,2,1,74,2,0,1,0,1,1,5,170,0,7,177,300
,3,BAJA CALIFORNIA SUR,6,LA PAZ,3,LA PAZ,152,2,168,36,19,4,145,4,3,8,1,3,2,8,401,0,12,413,924
,3,BAJA CALIFORNIA SUR,6,LA PAZ,3,LA PAZ,153,3,300,33,30,12,290,4,8,11,4,13,6,23,734,1,34,769,1683
,3,BAJA CALIFORNIA SUR,6,LA PAZ,3,LA PAZ,154,2,196,34,35,14,253,7,6,6,6,8,11,10,586,0,18,604,1150
,3,BAJA CALIFORNIA SUR,6,LA PAZ,3,LA PAZ,155,2,223,29,13,11,193,4,3,8,5,9,6,20,524,0,13,537,1006
,3,BAJA CALIFORNIA SUR,6,LA PAZ,3,LA PAZ,156,7,610,102,102,40,638,8,18,24,5,16,17,44,1624,1,73,1698,4087
,3,BAJA CALIFORNIA SUR,6,LA PAZ,3,LA PAZ,157,2,156,35,30,9,168,4,9,8,3,10,6,10,448,1,16,465,925
,3,BAJA CALIFORNIA SUR,6,LA PAZ,3,LA PAZ,158,2,164,23,14,12,143,7,3,10,2,5,5,19,407,1,20,428,871
,3,BAJA CALIFORNIA SUR,6,LA PAZ,3,LA PAZ,254,1,66,5,8,4,52,3,0,4,5,1,2,2,152,0,7,159,341
,3,BAJA CALIFORNIA SUR,6,LA PAZ,3,LA PAZ,255,3,249,47,40,14,293,12,7,20,11,10,7,9,719,0,30,749,2024
,3,BAJA CALIFORNIA SUR,6,LA PAZ,3,LA PAZ,267,3,167,42,25,8,233,4,5,12,3,1,3,6,509,0,31,540,1074
,3,BAJA CALIFORNIA SUR,6,LA PAZ,3,LA PAZ,268,2,103,12,9,4,63,4,2,1,1,0,1,3,203,0,12,215,404
,3,BAJA CALIFORNIA SUR,6,LA PAZ,3,LA PAZ,269,2,156,43,23,11,258,5,8,7,3,4,10,4,532,0,29,561,1228
,3,BAJA CALIFORNIA SUR,6,LA PAZ,3,LA PAZ,270,4,417,67,34,16,665,18,9,6,9,8,4,38,1291,0,40,1331,2411
,3,BAJA CALIFORNIA SUR,6,LA PAZ,3,LA PAZ,271,2,133,15,5,7,153,0,2,2,4,1,3,8,333,0,24,357,616
,3,BAJA CALIFORNIA SUR,6,LA PAZ,3,LA PAZ,272,1,102,24,5,3,85,2,1,5,0,0,1,14,242,0,15,257,335
,3,BAJA CALIFORNIA SUR,6,LA PAZ,3,LA PAZ,273,1,53,11,5,2,54,0,2,2,0,0,0,0,129,0,6,135,225
,3,BAJA CALIFORNIA SUR,6,LA PAZ,3,LA PAZ,274,3,115,42,30,5,233,4,4,6,2,1,9,8,459,0,16,475,1350
,3,BAJA CALIFORNIA SUR,6,LA PAZ,3,LA PAZ,276,1,124,13,4,1,131,2,7,1,1,0,0,8,292,0,10,302,478
,3,BAJA CALIFORNIA SUR,6,LA PAZ,3,LA PAZ,277,1,61,15,12,3,119,5,0,3,1,3,0,9,231,0,13,244,454
,3,BAJA CALIFORNIA SUR,6,LA PAZ,3,LA PAZ,278,2,218,49,22,12,253,4,3,5,1,10,4,16,597,0,17,614,1444
,3,BAJA CALIFORNIA SUR,6,LA PAZ,3,LA PAZ,280,5,438,37,15,9,535,8,7,9,4,8,8,17,1095,0,32,1127,1788
,3,BAJA CALIFORNIA SUR,6,LA PAZ,3,LA PAZ,281,3,234,25,37,9,305,4,9,5,2,4,20,19,673,0,19,692,1579
,3,BAJA CALIFORNIA SUR,6,LA PAZ,3,LA PAZ,282,2,182,27,24,4,290,5,8,4,4,2,5,15,570,0,16,586,1436
,3,BAJA CALIFORNIA SUR,6,LA PAZ,3,LA PAZ,283,4,274,49,34,9,331,6,6,7,6,7,14,11,754,1,33,788,2704
,3,BAJA CALIFORNIA SUR,6,LA PAZ,3,LA PAZ,284,1,30,9,3,1,15,1,1,1,0,0,0,7,68,0,1,69,122
,3,BAJA CALIFORNIA SUR,6,LA PAZ,3,LA PAZ,287,2,27,2,5,0,48,4,5,1,2,0,0,2,96,1,2,99,204
,3,BAJA CALIFORNIA SUR,7,SAN JOSE DEL CABO,4,LOS CABOS,299,2,168,59,71,9,149,2,9,5,0,15,3,22,512,0,16,528,1116
,3,BAJA CALIFORNIA SUR,7,SAN JOSE DEL CABO,4,LOS CABOS,300,7,629,219,131,33,595,21,36,25,8,48,12,101,1858,0,43,1901,4523
,3,BAJA CALIFORNIA SUR,7,SAN JOSE DEL CABO,4,LOS CABOS,302,1,77,37,32,16,83,3,7,10,0,9,1,15,290,1,8,299,611
,3,BAJA CALIFORNIA SUR,7,SAN JOSE DEL CABO,4,LOS CABOS,412,8,556,169,82,24,549,7,34,31,12,81,15,78,1638,6,48,1692,5754
,3,BAJA CALIFORNIA SUR,7,SAN JOSE DEL CABO,4,LOS CABOS,413,2,111,39,16,15,163,5,19,4,9,25,0,11,417,1,13,431,1206
,3,BAJA CALIFORNIA SUR,7,SAN JOSE DEL CABO,4,LOS CABOS,414,2,138,37,38,8,171,2,19,10,1,22,3,13,462,0,15,477,1327
,3,BAJA CALIFORNIA SUR,7,SAN JOSE DEL CABO,4,LOS CABOS,415,2,130,41,25,10,108,5,8,3,0,11,2,20,363,0,9,372,933
,3,BAJA CALIFORNIA SUR,7,SAN JOSE DEL CABO,4,LOS CABOS,416,2,146,35,18,5,152,4,9,4,1,18,1,17,410,0,10,420,1063
,3,BAJA CALIFORNIA SUR,7,SAN JOSE DEL CABO,4,LOS CABOS,417,2,118,34,25,10,122,5,6,1,3,5,8,11,348,0,5,353,996
,3,BAJA CALIFORNIA SUR,7,SAN JOSE DEL CABO,4,LOS CABOS,418,2,131,49,24,8,126,3,18,3,1,12,6,18,399,1,11,411,871
,3,BAJA CALIFORNIA SUR,7,SAN JOSE DEL CABO,4,LOS CABOS,419,2,156,49,27,4,151,2,11,8,0,5,0,19,432,1,10,443,980
,3,BAJA CALIFORNIA SUR,7,SAN JOSE DEL CABO,4,LOS CABOS,420,2,137,46,20,7,158,3,13,4,0,19,5,8,420,0,10,430,1035
,3,BAJA CALIFORNIA SUR,7,SAN JOSE DEL CABO,4,LOS CABOS,421,2,79,40,7,10,127,4,4,2,3,13,3,5,297,0,15,312,792
,3,BAJA CALIFORNIA SUR,7,SAN JOSE DEL CABO,4,LOS CABOS,422,2,127,32,15,5,138,0,10,5,4,9,2,8,355,0,13,368,990
,3,BAJA CALIFORNIA SUR,7,SAN JOSE DEL CABO,4,LOS CABOS,423,2,90,38,15,7,119,6,10,6,0,26,1,15,333,0,15,348,1029
,3,BAJA CALIFORNIA SUR,7,SAN JOSE DEL CABO,4,LOS CABOS,424,2,98,46,21,10,93,2,7,11,1,14,5,9,317,0,14,331,829
,3,BAJA CALIFORNIA SUR,7,SAN JOSE DEL CABO,4,LOS CABOS,425,2,119,52,27,2,118,1,7,4,1,14,2,22,369,1,11,381,957
,3,BAJA CALIFORNIA SUR,7,SAN JOSE DEL CABO,4,LOS CABOS,426,2,148,23,21,8,123,2,14,3,0,17,2,1,362,0,10,372,799
,3,BAJA CALIFORNIA SUR,7,SAN JOSE DEL CABO,4,LOS CABOS,427,2,155,43,20,3,136,2,2,2,1,21,1,13,399,0,5,404,883
,3,BAJA CALIFORNIA SUR,7,SAN JOSE DEL CABO,4,LOS CABOS,428,2,98,49,15,8,128,4,10,2,2,15,2,13,346,0,8,354,878
,3,BAJA CALIFORNIA SUR,7,SAN JOSE DEL CABO,4,LOS CABOS,429,2,110,63,36,10,127,3,10,3,0,8,1,25,396,0,12,408,1024
,3,BAJA CALIFORNIA SUR,7,SAN JOSE DEL CABO,4,LOS CABOS,430,2,132,55,20,7,127,6,6,6,3,19,2,33,416,0,12,428,887
,3,BAJA CALIFORNIA SUR,7,SAN JOSE DEL CABO,4,LOS CABOS,431,2,135,45,19,5,160,3,3,7,1,27,3,36,444,0,7,451,979
,3,BAJA CALIFORNIA SUR,7,SAN JOSE DEL CABO,4,LOS CABOS,432,2,143,41,25,6,154,1,15,7,2,8,1,18,421,0,13,434,1126
,3,BAJA CALIFORNIA SUR,7,SAN JOSE DEL CABO,4,LOS CABOS,433,2,82,38,11,5,123,4,12,3,0,15,2,18,313,0,5,318,939
,3,BAJA CALIFORNIA SUR,7,SAN JOSE DEL CABO,4,LOS CABOS,434,2,121,51,29,8,136,1,10,13,3,11,3,21,407,2,6,415,1017
,3,BAJA CALIFORNIA SUR,7,SAN JOSE DEL CABO,4,LOS CABOS,435,2,142,40,14,7,141,7,15,12,0,17,1,19,415,0,8,423,988
,3,BAJA CALIFORNIA SUR,7,SAN JOSE DEL CABO,4,LOS CABOS,436,2,128,24,23,9,144,1,11,6,2,17,2,9,376,0,11,387,833
,3,BAJA CALIFORNIA SUR,7,SAN JOSE DEL CABO,4,LOS CABOS,437,1,76,20,14,5,92,0,3,3,2,10,3,5,233,0,5,238,603
,3,BAJA CALIFORNIA SUR,7,SAN JOSE DEL CABO,4,LOS CABOS,438,1,115,21,20,6,92,2,5,1,0,7,4,8,281,0,5,286,718
,3,BAJA CALIFORNIA SUR,7,SAN JOSE DEL CABO,4,LOS CABOS,439,1,73,27,6,5,72,2,3,4,1,7,0,13,213,0,9,222,596
,3,BAJA CALIFORNIA SUR,8,CABO SAN LUCAS,4,LOS CABOS,332,12,1629,180,96,81,1357,29,44,38,28,142,22,68,3714,2,73,3789,8939
,3,BAJA CALIFORNIA SUR,8,CABO SAN LUCAS,4,LOS CABOS,335,1,66,17,5,4,113,4,3,5,5,10,2,14,248,0,3,251,502
,3,BAJA CALIFORNIA SUR,8,CABO SAN LUCAS,4,LOS CABOS,336,1,76,10,3,4,104,1,3,3,1,4,0,3,212,0,6,218,434
,3,BAJA CALIFORNIA SUR,8,CABO SAN LUCAS,4,LOS CABOS,351,1,105,26,8,8,146,1,2,1,2,10,5,7,321,0,5,326,615
,3,BAJA CALIFORNIA SUR,8,CABO SAN LUCAS,4,LOS CABOS,352,2,324,35,11,14,184,11,7,0,8,22,9,7,632,2,16,650,1272
,3,BAJA CALIFORNIA SUR,8,CABO SAN LUCAS,4,LOS CABOS,357,1,47,16,4,2,95,1,4,1,4,4,2,0,180,0,3,183,504
,3,BAJA CALIFORNIA SUR,8,CABO SAN LUCAS,4,LOS CABOS,358,3,220,46,28,16,358,7,10,7,19,38,7,7,763,1,17,781,2138
,3,BAJA CALIFORNIA SUR,8,CABO SAN LUCAS,4,LOS CABOS,359,4,302,59,53,10,419,7,12,10,22,44,11,17,966,5,25,996,2540
,3,BAJA CALIFORNIA SUR,8,CABO SAN LUCAS,4,LOS CABOS,360,2,141,28,43,6,220,1,9,5,13,21,4,11,502,1,16,519,1360
,3,BAJA CALIFORNIA SUR,8,CABO SAN LUCAS,4,LOS CABOS,361,6,710,88,33,44,648,19,22,11,20,60,23,36,1714,1,36,1751,4054
,3,BAJA CALIFORNIA SUR,8,CABO SAN LUCAS,4,LOS CABOS,362,6,406,92,106,21,621,22,18,14,31,69,9,37,1446,2,37,1485,3952
,3,BAJA CALIFORNIA SUR,8,CABO SAN LUCAS,4,LOS CABOS,363,3,177,65,26,9,275,5,11,3,33,36,5,27,672,0,21,693,1934
,3,BAJA CALIFORNIA SUR,8,CABO SAN LUCAS,4,LOS CABOS,364,1,56,9,7,3,51,1,0,0,3,8,0,3,141,0,4,145,362
,3,BAJA CALIFORNIA SUR,8,CABO SAN LUCAS,4,LOS CABOS,403,2,148,20,8,5,122,4,3,1,5,7,0,4,327,1,5,333,752
,3,BAJA CALIFORNIA SUR,8,CABO SAN LUCAS,4,LOS CABOS,404,2,106,48,21,19,207,6,7,4,4,24,3,23,472,0,20,492,1406
,3,BAJA CALIFORNIA SUR,8,CABO SAN LUCAS,4,LOS CABOS,405,3,243,60,16,13,372,6,9,12,10,24,5,18,788,0,14,802,1916
,3,BAJA CALIFORNIA SUR,8,CABO SAN LUCAS,4,LOS CABOS,406,2,132,60,17,10,244,8,6,2,5,23,2,29,538,0,8,546,1354
,3,BAJA CALIFORNIA SUR,8,CABO SAN LUCAS,4,LOS CABOS,407,3,181,61,25,10,274,1,4,0,10,39,3,20,628,0,20,648,1622
,3,BAJA CALIFORNIA SUR,8,CABO SAN LUCAS,4,LOS CABOS,408,2,145,24,12,13,171,12,8,2,3,21,3,18,432,0,15,447,1066
,3,BAJA CALIFORNIA SUR,8,CABO SAN LUCAS,4,LOS CABOS,409,2,95,8,5,11,160,4,6,7,3,7,3,9,318,0,16,334,845
,3,BAJA CALIFORNIA SUR,8,CABO SAN LUCAS,4,LOS CABOS,410,2,124,33,14,17,201,4,5,2,3,14,1,23,441,0,8,449,1215
,3,BAJA CALIFORNIA SUR,8,CABO SAN LUCAS,4,LOS CABOS,411,4,529,48,27,27,377,15,12,21,13,36,7,16,1128,0,12,1140,2297
,3,BAJA CALIFORNIA SUR,9,CABO SAN LUCAS,4,LOS CABOS,355,2,182,46,10,7,178,3,8,2,29,35,2,20,522,1,13,536,1301
,3,BAJA CALIFORNIA SUR,9,CABO SAN LUCAS,4,LOS CABOS,365,2,121,59,11,12,186,3,5,4,9,20,3,16,449,0,12,461,1278
,3,BAJA CALIFORNIA SUR,9,CABO SAN LUCAS,4,LOS CABOS,366,2,166,47,10,5,266,6,7,2,17,28,8,21,583,0,9,592,1411
,3,BAJA CALIFORNIA SUR,9,CABO SAN LUCAS,4,LOS CABOS,367,2,153,39,6,4,203,4,1,1,12,27,0,21,471,1,11,483,1102
,3,BAJA CALIFORNIA SUR,9,CABO SAN LUCAS,4,LOS CABOS,368,2,125,30,10,1,138,1,2,2,50,28,1,14,402,0,17,419,988
,3,BAJA CALIFORNIA SUR,9,CABO SAN LUCAS,4,LOS CABOS,369,2,123,54,21,7,187,2,8,8,54,34,1,13,512,1,22,535,1340
,3,BAJA CALIFORNIA SUR,9,CABO SAN LUCAS,4,LOS CABOS,370,2,115,30,10,4,185,8,2,5,32,19,5,19,434,1,17,452,1050
,3,BAJA CALIFORNIA SUR,9,CABO SAN LUCAS,4,LOS CABOS,371,2,75,26,7,3,152,2,1,5,15,20,0,11,317,0,10,327,753
,3,BAJA CALIFORNIA SUR,9,CABO SAN LUCAS,4,LOS CABOS,372,2,164,46,17,5,248,5,9,2,12,32,1,16,557,0,13,570,1460
,3,BAJA CALIFORNIA SUR,9,CABO SAN LUCAS,4,LOS CABOS,373,3,137,43,16,8,266,3,6,8,32,26,3,27,575,0,14,589,1507
,3,BAJA CALIFORNIA SUR,9,CABO SAN LUCAS,4,LOS CABOS,374,4,241,60,18,6,307,4,14,3,20,37,5,36,751,0,22,773,1556
,3,BAJA CALIFORNIA SUR,9,CABO SAN LUCAS,4,LOS CABOS,375,5,278,99,26,23,376,11,19,5,44,42,8,39,970,3,46,1019,3025
,3,BAJA CALIFORNIA SUR,9,CABO SAN LUCAS,4,LOS CABOS,376,2,117,46,16,6,149,3,6,4,16,27,2,12,404,0,10,414,1077
,3,BAJA CALIFORNIA SUR,9,CABO SAN LUCAS,4,LOS CABOS,377,4,258,62,32,12,360,6,22,6,70,59,6,30,923,1,26,950,2535
,3,BAJA CALIFORNIA SUR,9,CABO SAN LUCAS,4,LOS CABOS,378,2,117,22,17,5,149,4,2,5,14,17,3,12,367,0,28,395,982
,3,BAJA CALIFORNIA SUR,9,CABO SAN LUCAS,4,LOS CABOS,379,1,67,18,8,1,78,4,3,0,10,10,0,5,204,0,11,215,514
,3,BAJA CALIFORNIA SUR,9,CABO SAN LUCAS,4,LOS CABOS,380,5,329,74,33,15,446,10,25,5,33,57,4,25,1056,2,31,1089,3170
,3,BAJA CALIFORNIA SUR,9,CABO SAN LUCAS,4,LOS CABOS,381,2,100,37,8,3,189,3,5,3,18,19,2,8,395,0,14,409,920
,3,BAJA CALIFORNIA SUR,9,CABO SAN LUCAS,4,LOS CABOS,382,2,110,36,7,5,194,2,6,1,36,17,3,21,438,0,16,454,1170
,3,BAJA CALIFORNIA SUR,9,CABO SAN LUCAS,4,LOS CABOS,383,2,165,45,13,11,220,6,6,6,25,23,4,17,541,0,16,557,1424
,3,BAJA CALIFORNIA SUR,9,CABO SAN LUCAS,4,LOS CABOS,384,2,112,44,12,7,187,3,8,4,28,16,1,16,438,0,21,459,1132
,3,BAJA CALIFORNIA SUR,9,CABO SAN LUCAS,4,LOS CABOS,385,2,79,32,18,7,154,4,8,0,14,16,0,19,351,0,19,370,859
,3,BAJA CALIFORNIA SUR,9,CABO SAN LUCAS,4,LOS CABOS,386,2,136,56,22,12,197,4,10,5,9,29,4,18,502,0,21,523,1277
,3,BAJA CALIFORNIA SUR,9,CABO SAN LUCAS,4,LOS CABOS,387,2,100,28,10,1,183,3,4,4,9,11,1,21,375,0,9,384,1020
,3,BAJA CALIFORNIA SUR,9,CABO SAN LUCAS,4,LOS CABOS,388,2,119,32,14,5,184,5,7,3,9,21,3,6,408,1,15,424,1107
,3,BAJA CALIFORNIA SUR,9,CABO SAN LUCAS,4,LOS CABOS,389,2,98,30,16,8,158,5,0,4,9,17,2,8,355,0,12,367,952
,3,BAJA CALIFORNIA SUR,9,CABO SAN LUCAS,4,LOS CABOS,390,2,101,41,6,9,191,3,7,3,18,12,2,19,412,0,12,424,1037
,3,BAJA CALIFORNIA SUR,9,CABO SAN LUCAS,4,LOS CABOS,391,1,67,18,4,7,89,5,1,1,12,8,4,11,227,0,4,231,554
,3,BAJA CALIFORNIA SUR,9,CABO SAN LUCAS,4,LOS CABOS,392,1,52,17,2,2,85,1,2,10,11,5,4,12,203,0,13,216,528
,3,BAJA CALIFORNIA SUR,9,CABO SAN LUCAS,4,LOS CABOS,393,2,83,42,12,3,96,5,4,1,9,12,3,20,290,0,10,300,776
,3,BAJA CALIFORNIA SUR,10,CIUDAD CONSTITUCION,1,COMONDU,11,1,85,12,3,3,106,0,2,1,3,12,0,12,239,0,9,248,422
,3,BAJA CALIFORNIA SUR,10,CIUDAD CONSTITUCION,1,COMONDU,12,1,90,17,9,2,63,1,2,0,0,6,1,7,198,0,3,201,342
,3,BAJA CALIFORNIA SUR,10,CIUDAD CONSTITUCION,1,COMONDU,13,2,239,54,16,11,232,3,7,0,1,28,2,17,610,0,6,616,1106
,3,BAJA CALIFORNIA SUR,10,CIUDAD CONSTITUCION,1,COMONDU,14,2,276,47,24,9,218,7,3,1,1,25,4,30,645,0,18,663,1228
,3,BAJA CALIFORNIA SUR,10,CIUDAD CONSTITUCION,1,COMONDU,15,1,146,35,19,3,130,1,1,1,0,20,2,13,371,0,10,381,604
,3,BAJA CALIFORNIA SUR,10,CIUDAD CONSTITUCION,1,COMONDU,16,2,250,65,16,9,236,0,2,3,0,41,4,13,639,0,8,647,995
,3,BAJA CALIFORNIA SUR,10,CIUDAD CONSTITUCION,1,COMONDU,17,1,111,34,5,7,123,2,2,3,0,12,2,9,310,0,5,315,449
,3,BAJA CALIFORNIA SUR,10,CIUDAD CONSTITUCION,1,COMONDU,20,2,167,75,21,10,248,3,3,1,4,63,2,25,622,1,20,643,1268
,3,BAJA CALIFORNIA SUR,10,CIUDAD CONSTITUCION,1,COMONDU,21,2,210,69,14,10,203,3,3,3,1,42,1,22,581,0,23,604,1091
,3,BAJA CALIFORNIA SUR,10,CIUDAD CONSTITUCION,1,COMONDU,22,3,390,126,38,18,351,6,2,5,4,73,7,26,1046,0,37,1083,2095
,3,BAJA CALIFORNIA SUR,10,CIUDAD CONSTITUCION,1,COMONDU,23,2,187,41,12,12,217,3,3,0,1,34,1,3,514,0,21,535,866
,3,BAJA CALIFORNIA SUR,10,CIUDAD CONSTITUCION,1,COMONDU,24,1,127,26,13,5,145,2,2,2,1,24,1,20,368,0,11,379,685
,3,BAJA CALIFORNIA SUR,10,CIUDAD CONSTITUCION,1,COMONDU,25,2,167,41,10,19,181,1,4,6,3,21,1,21,475,1,17,493,918
,3,BAJA CALIFORNIA SUR,10,CIUDAD CONSTITUCION,1,COMONDU,26,2,197,53,20,9,177,1,3,1,3,22,0,20,506,1,14,521,933
,3,BAJA CALIFORNIA SUR,10,CIUDAD CONSTITUCION,1,COMONDU,27,2,175,50,14,12,168,6,1,5,2,31,3,21,488,0,21,509,916
,3,BAJA CALIFORNIA SUR,10,CIUDAD CONSTITUCION,1,COMONDU,28,5,519,146,48,48,516,11,15,4,5,145,4,52,1513,0,57,1570,3299
,3,BAJA CALIFORNIA SUR,10,CIUDAD CONSTITUCION,1,COMONDU,29,3,274,83,31,15,301,5,3,8,5,45,6,36,812,0,27,839,1565
,3,BAJA CALIFORNIA SUR,10,CIUDAD CONSTITUCION,1,COMONDU,30,3,293,85,52,12,300,7,6,10,0,88,2,32,887,0,36,923,1867
,3,BAJA CALIFORNIA SUR,10,CIUDAD CONSTITUCION,1,COMONDU,31,2,203,43,19,11,217,4,0,4,7,37,2,15,562,0,31,593,999
,3,BAJA CALIFORNIA SUR,10,CIUDAD CONSTITUCION,1,COMONDU,32,2,237,44,29,14,268,3,3,6,1,45,2,12,664,0,19,683,1150
,3,BAJA CALIFORNIA SUR,10,CIUDAD CONSTITUCION,1,COMONDU,33,1,48,29,7,1,93,0,3,1,2,35,0,16,235,0,12,247,364
,3,BAJA CALIFORNIA SUR,10,CIUDAD CONSTITUCION,1,COMONDU,34,1,94,77,10,2,194,1,1,2,2,75,1,32,491,0,37,528,737
,3,BAJA CALIFORNIA SUR,10,CIUDAD CONSTITUCION,1,COMONDU,35,1,51,3,15,1,23,1,2,0,1,5,0,0,102,0,5,107,150
,3,BAJA CALIFORNIA SUR,10,CIUDAD CONSTITUCION,1,COMONDU,36,2,66,39,3,4,60,5,6,1,1,23,0,10,218,0,20,238,427
,3,BAJA CALIFORNIA SUR,10,CIUDAD CONSTITUCION,1,COMONDU,39,1,36,32,10,1,34,1,5,0,1,8,0,9,137,0,7,144,203
,3,BAJA CALIFORNIA SUR,10,CIUDAD CONSTITUCION,1,COMONDU,59,2,142,28,38,47,178,3,2,1,2,26,1,19,487,0,26,513,1029
,3,BAJA CALIFORNIA SUR,10,CIUDAD CONSTITUCION,1,COMONDU,60,2,95,25,30,25,215,1,2,1,0,30,1,7,432,0,23,455,769
,3,BAJA CALIFORNIA SUR,10,CIUDAD CONSTITUCION,1,COMONDU,61,4,256,71,114,83,525,7,6,4,3,87,2,51,1209,0,44,1253,2425
,3,BAJA CALIFORNIA SUR,10,CIUDAD CONSTITUCION,1,COMONDU,62,1,40,6,4,2,15,0,0,0,0,9,0,0,76,0,5,81,136
,3,BAJA CALIFORNIA SUR,11,CIUDAD CONSTITUCION,1,COMONDU,1,2,220,41,13,4,175,5,1,4,2,15,2,16,498,0,9,507,770
,3,BAJA CALIFORNIA SUR,11,CIUDAD CONSTITUCION,1,COMONDU,2,1,93,23,8,10,115,0,1,2,2,11,1,20,286,0,4,290,491
,3,BAJA CALIFORNIA SUR,11,CIUDAD CONSTITUCION,1,COMONDU,3,3,435,86,27,18,412,2,4,4,3,41,2,38,1072,0,11,1083,1668
,3,BAJA CALIFORNIA SUR,11,CIUDAD CONSTITUCION,1,COMONDU,4,1,206,25,7,13,169,2,2,1,0,14,1,21,461,0,8,469,711
,3,BAJA CALIFORNIA SUR,11,CIUDAD CONSTITUCION,1,COMONDU,5,2,228,30,17,9,218,1,2,6,3,28,3,21,566,0,9,575,935
,3,BAJA CALIFORNIA SUR,11,CIUDAD CONSTITUCION,1,COMONDU,6,1,155,22,9,7,152,3,0,1,1,20,1,10,381,0,5,386,745
,3,BAJA CALIFORNIA SUR,11,CIUDAD CONSTITUCION,1,COMONDU,7,2,336,50,22,13,246,0,2,3,4,32,0,18,726,1,9,736,1195
,3,BAJA CALIFORNIA SUR,11,CIUDAD CONSTITUCION,1,COMONDU,8,2,339,68,25,13,312,4,2,3,3,27,7,28,831,0,22,853,480
,3,BAJA CALIFORNIA SUR,11,CIUDAD CONSTITUCION,1,COMONDU,9,1,104,12,5,2,94,0,1,3,0,13,0,7,241,0,9,250,437
,3,BAJA CALIFORNIA SUR,11,CIUDAD CONSTITUCION,1,COMONDU,10,2,192,18,11,12,196,1,2,1,2,15,4,12,466,0,12,478,796
,3,BAJA CALIFORNIA SUR,11,CIUDAD CONSTITUCION,1,COMONDU,18,2,263,52,31,8,311,1,5,4,1,39,2,28,745,0,13,758,1199
,3,BAJA CALIFORNIA SUR,11,CIUDAD CONSTITUCION,1,COMONDU,19,2,163,35,19,12,185,2,2,1,2,42,0,13,476,0,30,506,900
,3,BAJA CALIFORNIA SUR,11,CIUDAD CONSTITUCION,1,COMONDU,37,1,71,7,10,3,66,4,3,0,0,12,0,0,176,0,11,187,263
,3,BAJA CALIFORNIA SUR,11,CIUDAD CONSTITUCION,1,COMONDU,38,1,51,12,22,3,86,1,4,3,2,19,0,4,207,0,8,215,314
,3,BAJA CALIFORNIA SUR,11,CIUDAD CONSTITUCION,1,COMONDU,40,1,121,20,5,22,140,3,5,11,2,22,2,9,362,0,15,377,698
,3,BAJA CALIFORNIA SUR,11,CIUDAD CONSTITUCION,1,COMONDU,41,2,128,37,12,27,177,1,2,5,5,20,2,15,431,0,17,448,1026
,3,BAJA CALIFORNIA SUR,11,CIUDAD CONSTITUCION,1,COMONDU,42,2,175,40,17,27,191,6,2,4,3,24,0,15,504,1,25,530,1185
,3,BAJA CALIFORNIA SUR,11,CIUDAD CONSTITUCION,1,COMONDU,43,1,122,17,8,20,146,4,7,3,5,11,1,13,357,0,12,369,732
,3,BAJA CALIFORNIA SUR,11,CIUDAD CONSTITUCION,1,COMONDU,44,2,187,27,16,19,194,0,5,6,1,9,3,12,479,0,11,490,775
,3,BAJA CALIFORNIA SUR,11,CIUDAD CONSTITUCION,1,COMONDU,45,2,186,28,6,18,151,2,2,1,4,12,0,14,424,0,12,436,792
,3,BAJA CALIFORNIA SUR,11,CIUDAD CONSTITUCION,1,COMONDU,46,1,94,41,8,10,157,4,4,7,0,17,1,12,355,0,9,364,679
,3,BAJA CALIFORNIA SUR,11,CIUDAD CONSTITUCION,1,COMONDU,47,2,169,25,14,27,216,3,3,9,5,19,1,8,499,0,15,514,973
,3,BAJA CALIFORNIA SUR,11,CIUDAD CONSTITUCION,1,COMONDU,48,2,297,18,43,12,193,6,12,11,0,25,1,7,625,0,26,651,1177
,3,BAJA CALIFORNIA SUR,11,CIUDAD CONSTITUCION,1,COMONDU,49,1,45,4,1,1,16,1,2,1,2,6,0,0,79,0,6,85,158
,3,BAJA CALIFORNIA SUR,11,CIUDAD CONSTITUCION,1,COMONDU,50,1,34,13,5,0,46,2,0,0,1,5,1,2,109,0,4,113,180
,3,BAJA CALIFORNIA SUR,11,CIUDAD CONSTITUCION,1,COMONDU,51,1,50,9,4,0,59,0,0,0,1,2,0,19,144,0,5,149,282
,3,BAJA CALIFORNIA SUR,11,CIUDAD CONSTITUCION,1,COMONDU,52,1,83,18,7,4,69,2,4,4,1,19,1,0,212,0,4,216,428
,3,BAJA CALIFORNIA SUR,11,CIUDAD CONSTITUCION,1,COMONDU,53,1,50,12,5,2,88,5,0,3,0,8,1,3,177,0,3,180,266
,3,BAJA CALIFORNIA SUR,11,CIUDAD CONSTITUCION,1,COMONDU,54,3,177,61,35,13,194,7,6,5,1,38,3,8,548,0,16,564,1016
,3,BAJA CALIFORNIA SUR,11,CIUDAD CONSTITUCION,1,COMONDU,55,1,107,15,6,0,101,5,4,3,4,10,0,9,264,0,6,270,399
,3,BAJA CALIFORNIA SUR,11,CIUDAD CONSTITUCION,1,COMONDU,56,1,148,31,4,5,125,0,5,1,4,19,0,25,367,0,6,373,591
,3,BAJA CALIFORNIA SUR,11,CIUDAD CONSTITUCION,1,COMONDU,57,1,172,52,6,4,151,3,2,2,0,31,1,17,441,1,17,459,685
,3,BAJA CALIFORNIA SUR,11,CIUDAD CONSTITUCION,1,COMONDU,58,1,140,21,6,3,149,1,5,2,2,24,0,9,362,0,5,367,522
,3,BAJA CALIFORNIA SUR,11,CIUDAD CONSTITUCION,1,COMONDU,66,1,21,0,1,2,15,1,0,4,0,9,0,0,53,0,2,55,85
,3,BAJA CALIFORNIA SUR,11,CIUDAD CONSTITUCION,1,COMONDU,67,1,206,17,7,5,135,3,4,3,5,28,3,0,416,0,13,429,589
,3,BAJA CALIFORNIA SUR,11,CIUDAD CONSTITUCION,1,COMONDU,68,1,150,15,4,1,101,1,3,0,1,8,3,6,293,0,23,316,460
,3,BAJA CALIFORNIA SUR,11,CIUDAD CONSTITUCION,1,COMONDU,69,1,93,7,12,2,136,5,3,3,4,36,7,8,316,0,18,334,619
,3,BAJA CALIFORNIA SUR,11,CIUDAD CONSTITUCION,1,COMONDU,70,1,114,15,4,8,163,7,0,1,2,8,2,0,324,0,13,337,458
,3,BAJA CALIFORNIA SUR,11,CIUDAD CONSTITUCION,1,COMONDU,71,1,30,12,2,0,20,4,0,2,0,6,0,0,76,0,5,81,127
,3,BAJA CALIFORNIA SUR,11,CIUDAD CONSTITUCION,1,COMONDU,72,1,133,24,10,2,124,6,1,2,0,14,4,6,326,0,7,333,441
,3,BAJA CALIFORNIA SUR,11,CIUDAD CONSTITUCION,1,COMONDU,73,1,153,32,6,4,178,7,1,18,3,12,0,19,433,0,15,448,664
,3,BAJA CALIFORNIA SUR,11,CIUDAD CONSTITUCION,1,COMONDU,74,1,42,9,11,1,39,5,1,0,1,2,1,17,129,0,4,133,176
,3,BAJA CALIFORNIA SUR,12,SAN JOSE DEL CABO,4,LOS CABOS,291,4,545,122,60,20,439,11,22,23,7,24,5,53,1331,3,28,1362,2079
,3,BAJA CALIFORNIA SUR,12,SAN JOSE DEL CABO,4,LOS CABOS,292,1,174,23,13,5,88,4,3,2,0,7,6,22,347,0,9,356,698
,3,BAJA CALIFORNIA SUR,12,SAN JOSE DEL CABO,4,LOS CABOS,293,2,216,60,20,7,160,8,11,2,2,12,6,25,529,0,15,544,1110
,3,BAJA CALIFORNIA SUR,12,SAN JOSE DEL CABO,4,LOS CABOS,297,2,163,51,25,3,136,2,5,4,0,12,3,29,433,0,9,442,845
,3,BAJA CALIFORNIA SUR,12,SAN JOSE DEL CABO,4,LOS CABOS,303,1,62,19,15,2,90,2,12,4,0,1,0,10,217,7,0,224,468
,3,BAJA CALIFORNIA SUR,12,SAN JOSE DEL CABO,4,LOS CABOS,304,4,374,102,29,4,260,6,30,0,4,7,1,192,1009,0,23,1032,1942
,3,BAJA CALIFORNIA SUR,12,SAN JOSE DEL CABO,4,LOS CABOS,305,2,203,79,42,5,174,2,38,2,3,8,5,37,598,0,17,615,961
,3,BAJA CALIFORNIA SUR,12,SAN JOSE DEL CABO,4,LOS CABOS,306,2,311,183,44,7,277,5,25,3,4,10,5,59,933,1,19,953,1441
,3,BAJA CALIFORNIA SUR,12,SAN JOSE DEL CABO,4,LOS CABOS,307,2,60,34,12,6,46,5,8,1,1,4,0,9,186,0,1,187,273
,3,BAJA CALIFORNIA SUR,12,SAN JOSE DEL CABO,4,LOS CABOS,308,4,414,188,111,7,289,8,40,4,3,51,0,100,1215,0,45,1260,1881
,3,BAJA CALIFORNIA SUR,12,SAN JOSE DEL CABO,4,LOS CABOS,309,2,93,79,38,3,103,4,4,2,1,5,0,43,375,0,11,386,520
,3,BAJA CALIFORNIA SUR,12,SAN JOSE DEL CABO,4,LOS CABOS,310,5,360,250,74,18,416,8,13,11,3,36,5,107,1301,0,33,1334,3080
,3,BAJA CALIFORNIA SUR,12,SAN JOSE DEL CABO,4,LOS CABOS,311,2,88,73,31,1,124,3,21,3,2,7,2,29,384,0,13,397,684
,3,BAJA CALIFORNIA SUR,12,SAN JOSE DEL CABO,4,LOS CABOS,312,13,1187,512,211,61,1228,37,72,29,14,110,29,246,3736,2,101,3839,9147
,3,BAJA CALIFORNIA SUR,12,SAN JOSE DEL CABO,4,LOS CABOS,313,3,305,102,55,14,262,10,17,8,2,17,6,43,841,1,19,861,1613
,3,BAJA CALIFORNIA SUR,12,SAN JOSE DEL CABO,4,LOS CABOS,314,12,898,316,163,56,1033,57,71,30,16,92,10,155,2897,0,72,2969,8384
,3,BAJA CALIFORNIA SUR,12,SAN JOSE DEL CABO,4,LOS CABOS,315,1,99,43,25,6,129,6,4,1,0,6,0,17,336,0,10,346,550
,3,BAJA CALIFORNIA SUR,13,LORETO,2,MULEGE,75,2,312,40,5,5,219,3,30,1,4,0,2,8,629,0,9,638,1012
,3,BAJA CALIFORNIA SUR,13,LORETO,2,MULEGE,76,3,480,63,12,9,351,1,47,6,14,2,1,16,1002,0,19,1021,1651
,3,BAJA CALIFORNIA SUR,13,LORETO,2,MULEGE,77,3,448,59,3,2,325,2,36,3,2,2,3,4,889,0,15,904,845
,3,BAJA CALIFORNIA SUR,13,LORETO,2,MULEGE,78,2,420,42,4,2,184,1,54,4,5,1,2,5,724,0,14,738,1143
,3,BAJA CALIFORNIA SUR,13,LORETO,2,MULEGE,79,1,187,25,1,2,141,0,11,1,2,1,0,9,380,1,10,391,658
,3,BAJA CALIFORNIA SUR,13,LORETO,2,MULEGE,80,2,265,50,6,4,262,2,34,2,1,0,3,14,643,0,11,654,1114
,3,BAJA CALIFORNIA SUR,13,LORETO,2,MULEGE,81,1,132,19,2,2,102,3,23,0,4,1,1,3,292,0,4,296,494
,3,BAJA CALIFORNIA SUR,13,LORETO,2,MULEGE,82,2,360,46,2,2,170,0,25,3,2,2,1,7,620,0,10,630,973
,3,BAJA CALIFORNIA SUR,13,LORETO,2,MULEGE,83,5,1040,107,16,7,612,3,98,1,6,6,4,15,1915,0,32,1947,2984
,3,BAJA CALIFORNIA SUR,13,LORETO,2,MULEGE,84,1,24,3,2,0,55,1,11,0,0,0,0,3,99,0,1,100,206
,3,BAJA CALIFORNIA SUR,13,LORETO,2,MULEGE,85,3,343,41,6,5,266,6,32,3,0,4,2,2,710,0,18,728,1361
,3,BAJA CALIFORNIA SUR,13,LORETO,2,MULEGE,86,1,35,2,3,0,23,1,16,1,1,0,0,0,82,0,4,86,128
,3,BAJA CALIFORNIA SUR,13,LORETO,2,MULEGE,87,1,66,7,2,0,36,1,9,0,0,2,0,0,123,0,13,136,244
,3,BAJA CALIFORNIA SUR,13,LORETO,2,MULEGE,88,2,149,34,5,6,228,3,26,2,3,2,5,11,474,0,30,504,913
,3,BAJA CALIFORNIA SUR,13,LORETO,2,MULEGE,89,2,184,43,16,3,218,1,12,0,3,3,10,7,500,0,27,527,920
,3,BAJA CALIFORNIA SUR,13,LORETO,2,MULEGE,90,1,150,22,4,3,151,1,13,4,2,2,1,10,363,0,19,382,629
,3,BAJA CALIFORNIA SUR,13,LORETO,2,MULEGE,91,1,118,21,8,2,168,8,12,2,2,0,6,11,358,0,13,371,608
,3,BAJA CALIFORNIA SUR,13,LORETO,2,MULEGE,111,1,79,9,3,0,74,1,17,2,1,1,2,1,190,0,5,195,308
,3,BAJA CALIFORNIA SUR,13,LORETO,2,MULEGE,117,2,99,12,3,0,105,4,23,2,1,1,6,5,261,0,19,280,479
,3,BAJA CALIFORNIA SUR,13,LORETO,2,MULEGE,118,2,87,21,8,0,108,1,14,0,2,2,0,0,243,0,8,251,426
,3,BAJA CALIFORNIA SUR,13,LORETO,2,MULEGE,119,1,64,7,6,7,105,1,9,0,2,1,2,2,206,0,12,218,357
,3,BAJA CALIFORNIA SUR,13,LORETO,5,LORETO,338,3,381,55,7,24,272,2,5,82,0,4,3,8,843,0,24,867,1388
,3,BAJA CALIFORNIA SUR,13,LORETO,5,LORETO,339,7,1258,170,28,202,801,3,11,181,12,10,4,23,2703,0,66,2769,5154
,3,BAJA CALIFORNIA SUR,13,LORETO,5,LORETO,340,2,359,29,3,41,177,1,1,54,2,1,3,4,675,0,19,694,993
,3,BAJA CALIFORNIA SUR,13,LORETO,5,LORETO,341,2,279,21,3,21,182,2,5,39,2,4,2,14,574,0,8,582,808
,3,BAJA CALIFORNIA SUR,13,LORETO,5,LORETO,342,3,422,66,10,35,291,2,7,46,5,2,4,15,905,0,13,918,862
,3,BAJA CALIFORNIA SUR,13,LORETO,5,LORETO,343,1,236,28,2,22,163,1,1,29,0,1,0,6,489,0,1,490,749
,3,BAJA CALIFORNIA SUR,13,LORETO,5,LORETO,344,3,434,100,8,79,310,4,3,77,5,3,2,21,1046,0,22,1068,1543
,3,BAJA CALIFORNIA SUR,13,LORETO,5,LORETO,345,2,145,19,4,28,42,1,7,14,2,0,0,2,264,0,19,283,358
,3,BAJA CALIFORNIA SUR,13,LORETO,5,LORETO,346,2,154,45,5,26,132,2,4,22,6,0,0,8,404,0,17,421,570
,3,BAJA CALIFORNIA SUR,13,LORETO,5,LORETO,347,1,75,19,3,17,43,0,3,5,1,1,0,5,172,0,15,187,282
,3,BAJA CALIFORNIA SUR,14,GUERRERO NEGRO,2,MULEGE,92,1,61,12,2,0,83,6,10,1,2,0,0,0,177,0,1,178,305
,3,BAJA CALIFORNIA SUR,14,GUERRERO NEGRO,2,MULEGE,93,1,101,8,1,3,103,3,14,0,0,0,0,3,236,0,5,241,437
,3,BAJA CALIFORNIA SUR,14,GUERRERO NEGRO,2,MULEGE,94,5,492,75,20,11,659,58,85,16,6,3,1,23,1449,2,50,1501,3375
,3,BAJA CALIFORNIA SUR,14,GUERRERO NEGRO,2,MULEGE,95,2,108,23,8,1,173,14,20,6,0,2,0,2,357,2,12,371,826
,3,BAJA CALIFORNIA SUR,14,GUERRERO NEGRO,2,MULEGE,96,2,147,27,11,6,254,12,28,5,3,5,7,12,517,0,9,526,1128
,3,BAJA CALIFORNIA SUR,14,GUERRERO NEGRO,2,MULEGE,97,3,298,33,18,9,412,27,30,11,2,2,6,18,866,0,20,886,1098
,3,BAJA CALIFORNIA SUR,14,GUERRERO NEGRO,2,MULEGE,98,3,313,38,20,12,448,17,52,14,2,3,3,2,924,0,19,943,1968
,3,BAJA CALIFORNIA SUR,14,GUERRERO NEGRO,2,MULEGE,99,1,134,8,1,0,55,1,52,1,0,1,0,0,253,0,11,264,374
,3,BAJA CALIFORNIA SUR,14,GUERRERO NEGRO,2,MULEGE,101,1,31,8,1,1,37,2,13,1,0,0,0,4,98,0,5,103,139
,3,BAJA CALIFORNIA SUR,14,GUERRERO NEGRO,2,MULEGE,102,2,85,20,2,2,66,0,37,5,2,0,0,7,226,1,12,239,754
,3,BAJA CALIFORNIA SUR,14,GUERRERO NEGRO,2,MULEGE,103,1,181,26,7,2,162,3,31,1,0,2,0,2,417,0,15,432,728
,3,BAJA CALIFORNIA SUR,14,GUERRERO NEGRO,2,MULEGE,104,13,930,200,78,18,1437,27,373,36,27,6,14,50,3196,0,155,3351,8042
,3,BAJA CALIFORNIA SUR,14,GUERRERO NEGRO,2,MULEGE,105,1,11,5,0,1,51,1,17,1,0,0,0,1,88,0,1,89,154
,3,BAJA CALIFORNIA SUR,14,GUERRERO NEGRO,2,MULEGE,107,1,50,9,2,2,92,5,21,1,0,1,1,3,187,0,3,190,398
,3,BAJA CALIFORNIA SUR,14,GUERRERO NEGRO,2,MULEGE,108,2,180,26,7,5,232,4,41,5,1,0,1,5,507,0,9,516,979
,3,BAJA CALIFORNIA SUR,14,GUERRERO NEGRO,2,MULEGE,109,1,90,17,4,2,127,5,28,3,0,1,1,1,279,0,5,284,541
,3,BAJA CALIFORNIA SUR,14,GUERRERO NEGRO,2,MULEGE,110,2,51,14,1,0,72,2,15,1,1,0,0,0,157,0,7,164,238
,3,BAJA CALIFORNIA SUR,14,GUERRERO NEGRO,2,MULEGE,112,1,136,6,6,1,116,1,21,6,0,0,0,4,297,0,6,303,519
,3,BAJA CALIFORNIA SUR,14,GUERRERO NEGRO,2,MULEGE,113,1,65,11,5,1,78,0,17,6,2,0,0,4,189,0,9,198,360
,3,BAJA CALIFORNIA SUR,14,GUERRERO NEGRO,2,MULEGE,114,2,179,25,9,3,175,6,25,1,5,2,0,5,435,0,4,439,786
,3,BAJA CALIFORNIA SUR,14,GUERRERO NEGRO,2,MULEGE,115,1,25,6,1,0,41,1,14,0,3,1,0,1,93,0,3,96,159
,3,BAJA CALIFORNIA SUR,14,GUERRERO NEGRO,2,MULEGE,116,2,258,36,7,2,304,2,56,1,6,2,2,16,692,0,13,705,1172
,3,BAJA CALIFORNIA SUR,14,GUERRERO NEGRO,2,MULEGE,120,1,219,18,9,2,141,4,13,5,0,5,1,0,417,0,6,423,691
,3,BAJA CALIFORNIA SUR,15,LA PAZ,3,LA PAZ,186,2,318,15,8,12,156,5,3,6,1,1,20,8,553,0,10,563,858
,3,BAJA CALIFORNIA SUR,15,LA PAZ,3,LA PAZ,189,2,385,21,16,11,176,3,6,9,0,6,16,15,664,0,5,669,1048
,3,BAJA CALIFORNIA SUR,15,LA PAZ,3,LA PAZ,190,2,343,30,10,15,233,6,1,13,3,4,29,8,695,1,9,705,1159
,3,BAJA CALIFORNIA SUR,15,LA PAZ,3,LA PAZ,191,2,288,20,15,14,220,0,2,4,0,4,17,6,590,0,10,600,951
,3,BAJA CALIFORNIA SUR,15,LA PAZ,3,LA PAZ,192,1,229,23,9,11,155,5,3,5,3,3,15,8,469,2,7,478,735
,3,BAJA CALIFORNIA SUR,15,LA PAZ,3,LA PAZ,193,2,359,26,11,14,206,2,6,4,2,3,10,4,647,0,8,655,936
,3,BAJA CALIFORNIA SUR,15,LA PAZ,3,LA PAZ,194,1,181,8,5,8,103,1,0,5,1,3,5,9,329,0,6,335,550
,3,BAJA CALIFORNIA SUR,15,LA PAZ,3,LA PAZ,195,1,205,19,6,8,116,2,3,3,1,1,3,2,369,2,14,385,632
,3,BAJA CALIFORNIA SUR,15,LA PAZ,3,LA PAZ,196,2,233,29,14,10,178,1,10,15,4,5,2,19,520,0,12,532,911
,3,BAJA CALIFORNIA SUR,15,LA PAZ,3,LA PAZ,197,3,610,44,26,25,346,6,6,23,3,13,20,20,1142,1,24,1167,1791
,3,BAJA CALIFORNIA SUR,15,LA PAZ,3,LA PAZ,198,1,204,17,6,9,126,1,7,9,0,5,3,9,396,0,13,409,704
,3,BAJA CALIFORNIA SUR,15,LA PAZ,3,LA PAZ,199,1,178,19,5,6,100,2,2,10,3,1,3,2,331,0,11,342,545
,3,BAJA CALIFORNIA SUR,15,LA PAZ,3,LA PAZ,200,1,145,25,10,5,146,2,5,11,0,5,5,16,375,0,6,381,656
,3,BAJA CALIFORNIA SUR,15,LA PAZ,3,LA PAZ,201,1,139,13,4,6,76,4,4,5,0,1,4,8,264,0,10,274,451
,3,BAJA CALIFORNIA SUR,15,LA PAZ,3,LA PAZ,211,2,314,34,12,19,318,3,9,6,3,4,5,26,753,0,9,762,1196
,3,BAJA CALIFORNIA SUR,15,LA PAZ,3,LA PAZ,212,2,378,19,7,14,177,2,2,8,1,6,10,6,630,0,5,635,972
,3,BAJA CALIFORNIA SUR,15,LA PAZ,3,LA PAZ,213,2,302,41,7,13,268,6,2,17,4,2,31,14,707,0,20,727,1259
,3,BAJA CALIFORNIA SUR,15,LA PAZ,3,LA PAZ,214,2,276,18,7,7,203,3,4,7,2,3,13,15,558,0,12,570,942
,3,BAJA CALIFORNIA SUR,15,LA PAZ,3,LA PAZ,215,2,200,23,7,12,184,2,6,7,0,6,11,17,475,0,6,481,768
,3,BAJA CALIFORNIA SUR,15,LA PAZ,3,LA PAZ,216,1,155,10,0,5,91,0,4,0,0,0,5,12,282,0,8,290,508
,3,BAJA CALIFORNIA SUR,15,LA PAZ,3,LA PAZ,217,6,1144,129,35,63,761,5,28,28,15,36,48,68,2360,0,38,2398,4088
,3,BAJA CALIFORNIA SUR,15,LA PAZ,3,LA PAZ,219,2,330,27,17,16,229,15,6,12,5,4,15,15,691,1,12,704,1121
,3,BAJA CALIFORNIA SUR,15,LA PAZ,3,LA PAZ,220,2,282,35,12,18,250,3,6,14,3,5,10,18,656,0,11,667,1059
,3,BAJA CALIFORNIA SUR,15,LA PAZ,3,LA PAZ,221,2,246,23,8,9,175,2,8,5,2,3,9,15,505,0,7,512,850
,3,BAJA CALIFORNIA SUR,15,LA PAZ,3,LA PAZ,222,2,378,19,5,8,201,7,1,1,1,6,11,15,653,2,10,665,927
,3,BAJA CALIFORNIA SUR,15,LA PAZ,3,LA PAZ,223,2,312,30,3,11,246,3,7,4,3,7,16,18,660,0,11,671,1106
,3,BAJA CALIFORNIA SUR,15,LA PAZ,3,LA PAZ,224,1,213,16,3,7,113,2,1,1,1,5,5,8,375,0,6,381,593
,3,BAJA CALIFORNIA SUR,15,LA PAZ,3,LA PAZ,225,1,175,14,4,7,128,2,1,4,1,5,4,6,351,0,4,355,545
,3,BAJA CALIFORNIA SUR,15,LA PAZ,3,LA PAZ,226,2,380,37,16,23,227,5,1,13,1,10,14,13,740,1,7,748,1126
,3,BAJA CALIFORNIA SUR,15,LA PAZ,3,LA PAZ,227,2,312,37,25,15,307,4,5,11,4,9,13,33,775,0,15,790,1320
,3,BAJA CALIFORNIA SUR,15,LA PAZ,3,LA PAZ,228,3,473,61,16,16,346,3,1,17,5,15,26,34,1013,0,13,1026,1646
,3,BAJA CALIFORNIA SUR,15,LA PAZ,3,LA PAZ,229,1,207,23,10,6,157,0,3,7,0,2,3,16,434,0,6,440,682
,3,BAJA CALIFORNIA SUR,15,LA PAZ,3,LA PAZ,230,1,201,18,11,5,137,2,1,6,1,6,9,14,411,1,12,424,666
,3,BAJA CALIFORNIA SUR,15,LA PAZ,3,LA PAZ,231,1,159,18,7,6,123,0,2,3,2,7,5,6,338,0,9,347,557
,3,BAJA CALIFORNIA SUR,16,CABO SAN LUCAS,4,LOS CABOS,317,4,279,52,20,21,308,7,5,2,15,22,8,28,767,2,15,784,2306
,3,BAJA CALIFORNIA SUR,16,CABO SAN LUCAS,4,LOS CABOS,318,3,371,69,15,17,312,8,7,0,9,11,5,27,851,0,19,870,1326
,3,BAJA CALIFORNIA SUR,16,CABO SAN LUCAS,4,LOS CABOS,319,1,144,21,7,11,87,1,0,1,3,12,2,4,293,0,5,298,626
,3,BAJA CALIFORNIA SUR,16,CABO SAN LUCAS,4,LOS CABOS,320,3,351,67,19,37,363,4,17,6,8,25,7,22,926,2,14,942,2213
,3,BAJA CALIFORNIA SUR,16,CABO SAN LUCAS,4,LOS CABOS,321,3,216,50,27,12,305,4,6,5,15,15,1,28,684,2,18,704,1772
,3,BAJA CALIFORNIA SUR,16,CABO SAN LUCAS,4,LOS CABOS,322,3,215,47,17,16,360,7,2,7,14,20,3,34,742,0,23,765,1819
,3,BAJA CALIFORNIA SUR,16,CABO SAN LUCAS,4,LOS CABOS,323,2,190,59,15,9,220,3,4,7,7,17,8,30,569,0,19,588,1343
,3,BAJA CALIFORNIA SUR,16,CABO SAN LUCAS,4,LOS CABOS,324,3,225,56,27,13,307,7,6,11,2,25,2,36,717,0,19,736,2057
,3,BAJA CALIFORNIA SUR,16,CABO SAN LUCAS,4,LOS CABOS,325,3,314,65,17,18,320,9,7,12,10,37,3,27,839,0,25,864,2179
,3,BAJA CALIFORNIA SUR,16,CABO SAN LUCAS,4,LOS CABOS,326,2,136,42,7,7,231,3,6,5,3,17,4,22,483,0,11,494,1217
,3,BAJA CALIFORNIA SUR,16,CABO SAN LUCAS,4,LOS CABOS,327,3,226,70,24,12,295,6,13,8,15,21,1,31,722,0,31,753,1786
,3,BAJA CALIFORNIA SUR,16,CABO SAN LUCAS,4,LOS CABOS,328,4,287,93,22,22,476,10,9,15,7,28,6,66,1041,2,26,1069,2344
,3,BAJA CALIFORNIA SUR,16,CABO SAN LUCAS,4,LOS CABOS,329,2,137,38,21,6,200,6,2,8,3,11,2,27,461,0,11,472,1225
,3,BAJA CALIFORNIA SUR,16,CABO SAN LUCAS,4,LOS CABOS,331,4,635,123,35,26,536,11,6,13,8,56,9,28,1486,2,26,1514,2955
,3,BAJA CALIFORNIA SUR,16,CABO SAN LUCAS,4,LOS CABOS,333,5,531,83,29,33,545,22,26,11,15,44,17,41,1397,1,32,1430,3732
,3,BAJA CALIFORNIA SUR,16,CABO SAN LUCAS,4,LOS CABOS,395,3,314,35,24,19,253,10,14,16,6,36,7,18,752,0,12,764,1521
,3,BAJA CALIFORNIA SUR,16,CABO SAN LUCAS,4,LOS CABOS,396,2,299,22,10,17,194,4,6,6,3,32,3,7,603,1,10,614,1401
,3,BAJA CALIFORNIA SUR,16,CABO SAN LUCAS,4,LOS CABOS,397,4,408,62,32,16,469,2,18,13,22,34,8,37,1121,1,33,1155,2948
,3,BAJA CALIFORNIA SUR,16,CABO SAN LUCAS,4,LOS CABOS,398,3,309,40,20,16,268,10,7,3,9,24,5,21,732,0,12,744,1841
,3,BAJA CALIFORNIA SUR,16,CABO SAN LUCAS,4,LOS CABOS,399,2,202,21,12,13,164,8,2,5,3,19,3,10,462,0,10,472,1101
,3,BAJA CALIFORNIA SUR,16,CABO SAN LUCAS,4,LOS CABOS,400,3,232,42,23,11,292,1,7,7,12,13,6,21,667,0,27,694,810
,3,BAJA CALIFORNIA SUR,16,CABO SAN LUCAS,4,LOS CABOS,401,1,131,12,11,9,106,2,3,2,5,7,4,5,297,0,3,300,643
,3,BAJA CALIFORNIA SUR,16,CABO SAN LUCAS,4,LOS CABOS,402,3,406,27,13,17,286,5,6,8,12,29,10,7,826,1,9,836,1761
,3,BAJA CALIFORNIA SUR,0,VOTO EN EL EXTRANJERO,0,VOTO EN EL EXTRANJERO,0,2,38,1,1,5,27,0,1,1,0,2,0,7,83,0,1,84,0
