CIRCUNSCRIPCION,ID_ESTADO,NOMBRE_ESTADO,ID_DISTRITO_LOCAL,CABECERA_DISTRITAL_LOCAL,ID_MUNICIPIO,MUNICIPIO,ID_DEMARCACION_LOCAL,DEMARCACION_LOCAL,TIPO_DE_ELECCION,NOMBRE_PARTICIPANTE,NUMERO_LISTA,CANDIDATO,SEXO_CANDIDATO,RUTA_CONSTANCIA
,9,CIUDAD DE MEXICO,1,GUSTAVO A. MADERO,,,,,DIP_LOC_MR,PT_MORENA,1,ALBERTO MARTINEZ URINCHO,1,CD01/ACU-15/2021
,9,CIUDAD DE MEXICO,2,GUSTAVO A. MADERO,,,,,DIP_LOC_MR,PAN_ PRI_ PRD,1,DIEGO ORLANDO GARRIDO LOPEZ ,1,CD02/ACU-14/2021
,9,CIUDAD DE MEXICO,3,AZCAPOTZALCO,,,,,DIP_LOC_MR,PT_MORENA,1,NANCY MARLENE NUNEZ RESENDIZ ,2,CD03/ACU-15/2021
,9,CIUDAD DE MEXICO,4,GUSTAVO A. MADERO,,,,,DIP_LOC_MR,PT_MORENA,1,NAZARIO NORBERTO SANCHEZ,1,CD04/ACU-15/2021
,9,CIUDAD DE MEXICO,5,AZCAPOTZALCO,,,,,DIP_LOC_MR,PVEM_PT_MORENA,1,JESUS SESMA SUAREZ,1,CD05/ACU-15/2021
,9,CIUDAD DE MEXICO,6,GUSTAVO A. MADERO,,,,,DIP_LOC_MR,PAN_PRI_PRD,1,JORGE GAVINO AMBRIZ,1,CD06/ACU-17/2021
,9,CIUDAD DE MEXICO,7,MILPA ALTA,,,,,DIP_LOC_MR,PT_MORENA,1,JOSE OCTAVIO RIVERO VILLASENOR,1,CD07/ACU-14/2021
,9,CIUDAD DE MEXICO,8,TLAHUAC,,,,,DIP_LOC_MR,PT_MORENA,1,ADRIANA MARIA GUADALUPE ESPINOSA DE LOS MONTEROS GARCIA ,2,CD08/ACU-15/2021
,9,CIUDAD DE MEXICO,9,CUAUHTEMOC,,,,,DIP_LOC_MR,PAN_PRI_PRD,1,ESTHER SILVIA SANCHEZ BARRIOS,2,CD09/ACU-18/2021
,9,CIUDAD DE MEXICO,10,VENUSTIANO CARRANZA,,,,,DIP_LOC_MR,PT_MORENA,1,MARIA GUADALUPE MORALES RUBIO ,2,CD10/ACU-14/2021
,9,CIUDAD DE MEXICO,11,IZTACALCO,,,,,DIP_LOC_MR,PT_MORENA,1,MARIA DE LOURDES PAZ REYES ,2,CD11/ACU-15/2021
,9,CIUDAD DE MEXICO,12,CUAUHTEMOC,,,,,DIP_LOC_MR,PAN_PRI_PRD,1,MAXTA IRAIS GONZALEZ CARRILLO ,2,CD12/ACU-18-2021
,9,CIUDAD DE MEXICO,13,MIGUEL HIDALGO,,,,,DIP_LOC_MR,PAN,1,AMERICA ALEJANDRA RANGEL LORENZANA ,2,CD13/ACU-18/2021
,9,CIUDAD DE MEXICO,14,TLALPAN,,,,,DIP_LOC_MR,PT_MORENA,1,CARLOS HERNANDEZ MIRON,1,CD14/ACU-14/2021
,9,CIUDAD DE MEXICO,15,IZTACALCO,,,,,DIP_LOC_MR,PT_MORENA,1,MARCELA FUENTE CASTILLO ,2,CD15/ACU-15/2021
,9,CIUDAD DE MEXICO,16,TLALPAN,,,,,DIP_LOC_MR,PAN_PRI_PRD,1,DANIELA GICELA ALVAREZ CAMACHO,2,CD16/ACU-15/2021
,9,CIUDAD DE MEXICO,17,BENITO JUAREZ,,,,,DIP_LOC_MR,PAN,1,CHRISTIAN DAMIAN VON ROEHRICH DE LA ISLA,1,CD17/ACU-15/2021
,9,CIUDAD DE MEXICO,18,ALVARO OBREGON,,,,,DIP_LOC_MR,PAN_PRI_PRD,1,POLIMNIA ROMAN SIERRA BARCENAS,2,CD18/ACU-15/2021
,9,CIUDAD DE MEXICO,19,XOCHIMILCO,,,,,DIP_LOC_MR,PT_MORENA,1,MARIA GUADALUPE CHAVEZ CONTRERAS,2,CD19/ACU-15/2021
,9,CIUDAD DE MEXICO,20,CUAJIMALPA DE MORELOS,,,,,DIP_LOC_MR,PRI_PRD,1,MARIA DE LOURDES GONZALEZ HERNANDEZ,2,CD20/ACU-15/2021
,9,CIUDAD DE MEXICO,21,IZTAPALAPA,,,,,DIP_LOC_MR,PT_MORENA,1,INDALI PARDILLO CADENA ,2,CD21/ACU-16/2021
,9,CIUDAD DE MEXICO,22,IZTAPALAPA,,,,,DIP_LOC_MR,PT_MORENA,1,ESPERANZA VILLALOBOS PEREZ,2,CD22/ACU-17/2021
,9,CIUDAD DE MEXICO,23,ALVARO OBREGON,,,,,DIP_LOC_MR,PAN,1,CLAUDIA MONTES DE OCA DEL OLMO,2,CD23/ACU-16/2021
,9,CIUDAD DE MEXICO,24,IZTAPALAPA,,,,,DIP_LOC_MR,PAN_PRI_PRD,1,GABRIELA QUIROGA ANGUIANO,2,CD24/ACU-15/2021
,9,CIUDAD DE MEXICO,25,XOCHIMILCO,,,,,DIP_LOC_MR,PT_MORENA,1,CIRCE CAMACHO BASTIDA,2,CD24/ACU-14/2021
,9,CIUDAD DE MEXICO,26,COYOACAN,,,,,DIP_LOC_MR,PAN,1,HECTOR BARRERA MARMOLEJO,1,CD26/ACU-14/2021
,9,CIUDAD DE MEXICO,27,IZTAPALAPA,,,,,DIP_LOC_MR,PT_MORENA,1,MARISELA ZUNIGA CERON,2,CD27/ACU-15/2021
,9,CIUDAD DE MEXICO,28,IZTAPALAPA,,,,,DIP_LOC_MR,PT_MORENA,1,MARTHA SOLEDAD AVILA VENTURA,2,CD28/ACU-14/2021
,9,CIUDAD DE MEXICO,29,IZTAPALAPA,,,,,DIP_LOC_MR,PT_MORENA,1,MIGUEL ANGEL MACEDO ESCARTIN,1,CD29/ACU-14/2021
,9,CIUDAD DE MEXICO,30,COYOACAN,,,,,DIP_LOC_MR,PAN,1,RICARDO RUBIO TORRES ,1,CD30/ACU-15/2021
,9,CIUDAD DE MEXICO,31,IZTAPALAPA,,,,,DIP_LOC_MR,PT_MORENA,1,MIRIAM VALERIA CRUZ FLORES,2,CD31/ACU-14/2021
,9,CIUDAD DE MEXICO,32,COYOACAN,,,,,DIP_LOC_MR,PT_MORENA,1,GERARDO VILLANUEVA ALBARRAN,1,CD32/ACU-16/2021
,9,CIUDAD DE MEXICO,33,LA MAGDALENA CONTRERAS,,,,,DIP_LOC_MR,PAN_PRI_PRD,1,ERNESTO ALARCON JIMENEZ,1,CD33/ACU-15/2021
,9,CIUDAD DE MEXICO,,,,,,,DIP_LOC_RP,PAN,A PRIMA,RAUL DE JESUS TORRES GUERRERO,1,https://www.iecm.mx/www/taip/cg/acu/2021/IECM-ACU-CG-323-2021.pdf
,9,CIUDAD DE MEXICO,,,,,,,DIP_LOC_RP,PAN,1A,LUISA ADRIANA GUTIERREZ URENA,2,https://www.iecm.mx/www/taip/cg/acu/2021/IECM-ACU-CG-324-2021.pdf
,9,CIUDAD DE MEXICO,,,,,,,DIP_LOC_RP,PAN,1B,MARIA GABRIELA SALIDO MAGOS,2,https://www.iecm.mx/www/taip/cg/acu/2021/IECM-ACU-CG-324-2021.pdf
,9,CIUDAD DE MEXICO,,,,,,,DIP_LOC_RP,PAN,2A,FEDERICO DORING CASAR,1,https://www.iecm.mx/www/taip/cg/acu/2021/IECM-ACU-CG-324-2021.pdf
,9,CIUDAD DE MEXICO,,,,,,,DIP_LOC_RP,PAN,2B,LUIS ALBERTO CHAVEZ GARCIA,1,https://www.iecm.mx/www/taip/cg/acu/2021/IECM-ACU-CG-324-2021.pdf
,9,CIUDAD DE MEXICO,,,,,,,DIP_LOC_RP,PAN,3A,ANA JOCELYN VILLAGRAN VILLASANA,2,https://www.iecm.mx/www/taip/cg/acu/2021/IECM-ACU-CG-324-2021.pdf
,9,CIUDAD DE MEXICO,,,,,,,DIP_LOC_RP,PAN,3B,ANDREA EVELYNE VICENTENO BARRIENTOS,2,https://www.iecm.mx/www/taip/cg/acu/2021/IECM-ACU-CG-324-2021.pdf
,9,CIUDAD DE MEXICO,,,,,,,DIP_LOC_RP,PAN,4A,ANIBAL ALEXANDRO CANEZ MORALES,2,https://www.iecm.mx/www/taip/cg/acu/2021/IECM-ACU-CG-324-2021.pdf
,9,CIUDAD DE MEXICO,,,,,,,DIP_LOC_RP,PAN,4B,JOSE GONZALO ESPINA MIRANDA,1,https://www.iecm.mx/www/taip/cg/acu/2021/IECM-ACU-CG-324-2021.pdf
,9,CIUDAD DE MEXICO,,,,,,,DIP_LOC_RP,PAN,7A,FRIDA JIMENA GUILLEN ORTIZ,2,https://www.iecm.mx/www/taip/cg/acu/2021/IECM-ACU-CG-324-2021.pdf
,9,CIUDAD DE MEXICO,,,,,,,DIP_LOC_RP,PRI,1A,CARLOS JOAQUIN FERNANDEZ TINOCO,1,https://www.iecm.mx/www/taip/cg/acu/2021/IECM-ACU-CG-324-2021.pdf
,9,CIUDAD DE MEXICO,,,,,,,DIP_LOC_RP,PRI,1B,MONICA FERNANDEZ CESAR,2,https://www.iecm.mx/www/taip/cg/acu/2021/IECM-ACU-CG-324-2021.pdf
,9,CIUDAD DE MEXICO,,,,,,,DIP_LOC_RP,PRI,2A,TANIA NANETTE LARIOS PEREZ,2,https://www.iecm.mx/www/taip/cg/acu/2021/IECM-ACU-CG-324-2021.pdf
,9,CIUDAD DE MEXICO,,,,,,,DIP_LOC_RP,PRI,2B,JHONATAN COLMENARES RENTERIA,1,https://www.iecm.mx/www/taip/cg/acu/2021/IECM-ACU-CG-324-2021.pdf
,9,CIUDAD DE MEXICO,,,,,,,DIP_LOC_RP,PRI,3A,FAUSTO MANUEL ZAMORANO ESPARZA,1,https://www.iecm.mx/www/taip/cg/acu/2021/IECM-ACU-CG-324-2021.pdf
,9,CIUDAD DE MEXICO,,,,,,,DIP_LOC_RP,PRD,1A,VICTOR HUGO LOBO ROMAN,1,https://www.iecm.mx/www/taip/cg/acu/2021/IECM-ACU-CG-324-2021.pdf
,9,CIUDAD DE MEXICO,,,,,,,DIP_LOC_RP,PRD,1B,RICARDO JANECARLO LOZANO REYNOSO,1,https://www.iecm.mx/www/taip/cg/acu/2021/IECM-ACU-CG-324-2021.pdf
,9,CIUDAD DE MEXICO,,,,,,,DIP_LOC_RP,PVEM,1B,ELIZABETH MATEOS HERNANDEZ,2,https://www.te.gob.mx/Informacion_juridiccional/sesion_publica/ejecutoria/sentencias/SUP-REC-1423-2021.pdf
,9,CIUDAD DE MEXICO,,,,,,,DIP_LOC_RP,MC,1A,ROYFID TORRES GONZALEZ,1,https://www.iecm.mx/www/taip/cg/acu/2021/IECM-ACU-CG-324-2021.pdf
,9,CIUDAD DE MEXICO,,,,,,,DIP_LOC_RP,MORENA,1A,JOSE DE JESUS MARTIN DEL CAMPO CASTANEDA,1,https://www.iecm.mx/www/taip/cg/acu/2021/IECM-ACU-CG-324-2021.pdf
,9,CIUDAD DE MEXICO,,,,,,,DIP_LOC_RP,MORENA,1B,YURIRI AYALA ZUNIGA,2,https://www.iecm.mx/www/taip/cg/acu/2021/IECM-ACU-CG-324-2021.pdf
,9,CIUDAD DE MEXICO,,,,,,,DIP_LOC_RP,MORENA,2A,LETICIA ESTRADA HERNANDEZ,2,https://www.iecm.mx/www/taip/cg/acu/2021/IECM-ACU-CG-324-2021.pdf
,9,CIUDAD DE MEXICO,,,,,,,DIP_LOC_RP,MORENA,2B,MARCO ANTONIO TEMISTOCLES VILLANUEVA RAMOS,1,https://www.iecm.mx/www/taip/cg/acu/2021/IECM-ACU-CG-324-2021.pdf
,9,CIUDAD DE MEXICO,,,,,,,DIP_LOC_RP,MORENA,3A,HECTOR DIAZ POLANCO,1,https://www.iecm.mx/www/taip/cg/acu/2021/IECM-ACU-CG-324-2021.pdf
,9,CIUDAD DE MEXICO,,,,,,,DIP_LOC_RP,MORENA,3B,VALENTINA VALIA BATRES GUADARRAMA,2,https://www.iecm.mx/www/taip/cg/acu/2021/IECM-ACU-CG-324-2021.pdf
,9,CIUDAD DE MEXICO,,,,,,,DIP_LOC_RP,MORENA,4A,ANA FRANCIS LOPEZ BAYGHEN PATINO,2,https://www.iecm.mx/www/taip/cg/acu/2021/IECM-ACU-CG-324-2021.pdf
,9,CIUDAD DE MEXICO,,,,,,,DIP_LOC_RP,MORENA,4B,JOSE FERNANDO MERCADO GUAIDA,1,https://www.iecm.mx/www/taip/cg/acu/2021/IECM-ACU-CG-324-2021.pdf
,9,CIUDAD DE MEXICO,,,,,,,DIP_LOC_RP,MORENA,5A,JOSE MARTIN PADILLA SANCHEZ,1,https://www.iecm.mx/www/taip/cg/acu/2021/IECM-ACU-CG-324-2021.pdf
,9,CIUDAD DE MEXICO,,,,,,,DIP_LOC_RP,MORENA,5B,XOCHITL BRAVO ESPINOSA,2,https://www.iecm.mx/www/taip/cg/acu/2021/IECM-ACU-CG-324-2021.pdf
,9,CIUDAD DE MEXICO,,,,,,,DIP_LOC_RP,MORENA,6A,ALEJANDRA MENDEZ VICUNA,2,https://www.iecm.mx/www/taip/cg/acu/2021/IECM-ACU-CG-324-2021.pdf
,9,CIUDAD DE MEXICO,,,,,,,DIP_LOC_RP,MORENA,6B,CARLOS CERVANTES GODOY,1,https://www.iecm.mx/www/taip/cg/acu/2021/IECM-ACU-CG-324-2021.pdf
,9,CIUDAD DE MEXICO,,,,,,,DIP_LOC_RP,MORENA,7A,CHRISTIAN MOCTEZUMA GONZALEZ,1,https://www.iecm.mx/www/taip/cg/acu/2021/IECM-ACU-CG-324-2021.pdf
,9,CIUDAD DE MEXICO,,,,,,,DIP_LOC_RP,MORENA,7B,ISABELA ROSALES HERRERA,2,https://www.iecm.mx/www/taip/cg/acu/2021/IECM-ACU-CG-324-2021.pdf
,9,CIUDAD DE MEXICO,,,2,AZCAPOTZALCO,,,AYUN_ALC,PAN_ PRI_ PRD,1,MARGARITA SALDANA HERNANDEZ ,2,CD03/ACU-16/2021
,9,CIUDAD DE MEXICO,,,2,AZCAPOTZALCO,,,CONC,PAN_ PRI_ PRD,1,MAURICIO MARTIN SANCHEZ ALBA,1,CD03/ACU-16/2021
,9,CIUDAD DE MEXICO,,,2,AZCAPOTZALCO,,,CONC,PAN_ PRI_ PRD,2,MARIBEL JAZMIN ZUNIGA HERNANDEZ,2,CD03/ACU-16/2021
,9,CIUDAD DE MEXICO,,,2,AZCAPOTZALCO,,,CONC,PAN_ PRI_ PRD,3,RAFAEL MONROY ANGEL,1,CD03/ACU-16/2021
,9,CIUDAD DE MEXICO,,,2,AZCAPOTZALCO,,,CONC,PAN_ PRI_ PRD,4,AIDA ELENA BELTRAN SANCHEZ,2,CD03/ACU-16/2021
,9,CIUDAD DE MEXICO,,,2,AZCAPOTZALCO,,,CONC,PAN_ PRI_ PRD,5,ANGEL FERNANDO CUELLAR PALAFOX,1,CD03/ACU-16/2021
,9,CIUDAD DE MEXICO,,,2,AZCAPOTZALCO,,,CONC,PAN_ PRI_ PRD,6,ROSALIA MARTHA ELVIRA LOPEZ HERRERA,2,CD03/ACU-16/2021
,9,CIUDAD DE MEXICO,,,2,AZCAPOTZALCO,,,CONC_RP,MORENA,1,MARIANA SALAZAR CAMACHO,2,CD03/ACU-17/2021
,9,CIUDAD DE MEXICO,,,2,AZCAPOTZALCO,,,CONC_RP,MORENA,2,CESAR ALBERTO OLIVARES TLACOMULCO,1,CD03/ACU-17/2021
,9,CIUDAD DE MEXICO,,,2,AZCAPOTZALCO,,,CONC_RP,MORENA,3,ROSA MARIA AZUCENA NAVAES HERNANDEZ,2,CD03/ACU-17/2021
,9,CIUDAD DE MEXICO,,,2,AZCAPOTZALCO,,,CONC_RP,FXM,1,CARLOS BONAVIDES ZAMUDIO,1,CD03/ACU-17/2021
,9,CIUDAD DE MEXICO,,,3,COYOACAN,,,AYUN_ALC,PAN_PRI_PRD,1,JOSE GIOVANI GUTIERREZ AGUILAR ,1,CD26/ACU-16/2021
,9,CIUDAD DE MEXICO,,,3,COYOACAN,,,CONC,PAN_PRI_PRD,1,ROSA MARIA RAMIREZ MEZA,2,CD26/ACU-16/2021
,9,CIUDAD DE MEXICO,,,3,COYOACAN,,,CONC,PAN_PRI_PRD,2,ANTONIO ALCANTARA ARAUZ,1,CD26/ACU-16/2021
,9,CIUDAD DE MEXICO,,,3,COYOACAN,,,CONC,PAN_PRI_PRD,3,FABIOLA DEL CARMEN OVANDO LUNA,2,CD26/ACU-16/2021
,9,CIUDAD DE MEXICO,,,3,COYOACAN,,,CONC,PAN_PRI_PRD,4,ALBERTO ALVAREZ PALAFOX,1,CD26/ACU-16/2021
,9,CIUDAD DE MEXICO,,,3,COYOACAN,,,CONC,PAN_PRI_PRD,5,ARANTZA SANCHEZ CUE,2,CD26/ACU-16/2021
,9,CIUDAD DE MEXICO,,,3,COYOACAN,,,CONC,PAN_PRI_PRD,6,PABLO ORTIZ JIMENEZ,1,CD26/ACU-16/2021
,9,CIUDAD DE MEXICO,,,3,COYOACAN,,,CONC_RP,MORENA,1,DIANA LAURA GUTIERREZ CASTANON,2,CD26/ACU-15/2021
,9,CIUDAD DE MEXICO,,,3,COYOACAN,,,CONC_RP,MORENA,2,EDUARDO OLVERA MACIAS,1,CD26/ACU-15/2021
,9,CIUDAD DE MEXICO,,,3,COYOACAN,,,CONC_RP,MORENA,3,ZOIA ELIETH FERNANDEZ MEJIA,2,CD26/ACU-15/2021
,9,CIUDAD DE MEXICO,,,3,COYOACAN,,,CONC_RP,MORENA,4,PAULO EMILIO GARCIA GONZALEZ,1,CD26/ACU-15/2021
,9,CIUDAD DE MEXICO,,,4,CUAJIMALPA DE MORELOS,,,AYUN_ALC,PAN_PRI_PRD,1,ADRIAN RUBALCAVA SUAREZ,1,CD20/ACU-16/2021
,9,CIUDAD DE MEXICO,,,4,CUAJIMALPA DE MORELOS,,,CONC,PAN_PRI_PRD,1,CLAUDIA SUSANA PEREZ ROMERO,2,CD20/ACU-16/2021
,9,CIUDAD DE MEXICO,,,4,CUAJIMALPA DE MORELOS,,,CONC,PAN_PRI_PRD,2,MIGUEL ANGEL HERNANDEZ MARTINEZ,1,CD20/ACU-16/2021
,9,CIUDAD DE MEXICO,,,4,CUAJIMALPA DE MORELOS,,,CONC,PAN_PRI_PRD,3,MARIA DEL CARMEN RODRIGUEZ XX,2,CD20/ACU-16/2021
,9,CIUDAD DE MEXICO,,,4,CUAJIMALPA DE MORELOS,,,CONC,PAN_PRI_PRD,4,OMAR ALEJANDRO GARCIA LORIA,1,CD20/ACU-16/2021
,9,CIUDAD DE MEXICO,,,4,CUAJIMALPA DE MORELOS,,,CONC,PAN_PRI_PRD,5,CLEMENTINA FACUNDO REYES,2,CD20/ACU-16/2021
,9,CIUDAD DE MEXICO,,,4,CUAJIMALPA DE MORELOS,,,CONC,PAN_PRI_PRD,6,ELIOT ISAI FLORES MARTINEZ,1,CD20/ACU-16/2021
,9,CIUDAD DE MEXICO,,,4,CUAJIMALPA DE MORELOS,,,CONC_RP,MORENA,1,YATZIRI MONTES RUIZ,2,CD20/ACU-17/2021
,9,CIUDAD DE MEXICO,,,4,CUAJIMALPA DE MORELOS,,,CONC_RP,MORENA,2,MIGUEL GONZALEZ PERALTA,1,CD20/ACU-17/2021
,9,CIUDAD DE MEXICO,,,4,CUAJIMALPA DE MORELOS,,,CONC_RP,MORENA,3,KAREN JOANA BELTRAN GARCIA,2,CD20/ACU-17/2021
,9,CIUDAD DE MEXICO,,,4,CUAJIMALPA DE MORELOS,,,CONC_RP,MORENA,4,ENRIQUE GARCIA PARRA,1,CD20/ACU-17/2021
,9,CIUDAD DE MEXICO,,,5,GUSTAVO A. MADERO,,,AYUN_ALC,PT_MORENA,1,FRANCISCO CHIGUIL FIGUEROA ,1,CD02/ACU-15/2021
,9,CIUDAD DE MEXICO,,,5,GUSTAVO A. MADERO,,,CONC,PT_MORENA,1,LORENA GABRIELA GOMEZ LANZAGORTA,2,CD02/ACU-15/2021
,9,CIUDAD DE MEXICO,,,5,GUSTAVO A. MADERO,,,CONC,PT_MORENA,2,MARTIN HERNANDEZ ALLENDE,1,CD02/ACU-15/2021
,9,CIUDAD DE MEXICO,,,5,GUSTAVO A. MADERO,,,CONC,PT_MORENA,3,MAYRA LETICIA RAMOS CAJICA,2,CD02/ACU-15/2021
,9,CIUDAD DE MEXICO,,,5,GUSTAVO A. MADERO,,,CONC,PT_MORENA,4,DAVID ALEJANDRO LOPEZ MORAN,1,CD02/ACU-15/2021
,9,CIUDAD DE MEXICO,,,5,GUSTAVO A. MADERO,,,CONC,PT_MORENA,5,MARIANA ETHEL MOORE ARIAS,2,CD02/ACU-15/2021
,9,CIUDAD DE MEXICO,,,5,GUSTAVO A. MADERO,,,CONC,PT_MORENA,6,ARMANDO CEDILLO SOLLANO,1,CD02/ACU-15/2021
,9,CIUDAD DE MEXICO,,,5,GUSTAVO A. MADERO,,,CONC_RP,PAN,1,JESUS ADRIAN ALFARO REYES,1,CD02/ACU-16/2021
,9,CIUDAD DE MEXICO,,,5,GUSTAVO A. MADERO,,,CONC_RP,PRI,1,ALAN CRISTIAN VARGAS SANCHEZ,1,CD02/ACU-16/2021
,9,CIUDAD DE MEXICO,,,5,GUSTAVO A. MADERO,,,CONC_RP,PRD,1,MARIA ELENA FLORES SANCHEZ,2,CD02/ACU-16/2021
,9,CIUDAD DE MEXICO,,,5,GUSTAVO A. MADERO,,,CONC_RP,PAN,2,JAQUELINE CUATETA VEGA,2,CD02/ACU-16/2021
,9,CIUDAD DE MEXICO,,,6,IZTACALCO,,,AYUN_ALC,PT_MORENA,1,RAUL ARMANDO QUINTERO MARTINEZ,1,CD15/ACU-17/2021
,9,CIUDAD DE MEXICO,,,6,IZTACALCO,,,CONC,PT_MORENA,1,MARIBEL ROLDAN JIMENEZ,2,CD15/ACU-17/2021
,9,CIUDAD DE MEXICO,,,6,IZTACALCO,,,CONC,PT_MORENA,2,JOSE ANTONIO ALEMAN GARCIA,1,CD15/ACU-17/2021
,9,CIUDAD DE MEXICO,,,6,IZTACALCO,,,CONC,PT_MORENA,3,MARTHA ARACELI MOCTEZUMA SANTANA,2,CD15/ACU-17/2021
,9,CIUDAD DE MEXICO,,,6,IZTACALCO,,,CONC,PT_MORENA,4,LUIS DAVID RICARDO BARBA RUBIO,1,CD15/ACU-17/2021
,9,CIUDAD DE MEXICO,,,6,IZTACALCO,,,CONC,PT_MORENA,5,ESBEIDY ANAHI BOLANOS ZAMUDIO,2,CD15/ACU-17/2021
,9,CIUDAD DE MEXICO,,,6,IZTACALCO,,,CONC,PT_MORENA,6,JAIME ORTIZ ALVAREZ,1,CD15/ACU-17/2021
,9,CIUDAD DE MEXICO,,,6,IZTACALCO,,,CONC_RP,PAN,1,KARLA JOCELYN MATA SALAS,2,CD15/ACU-16/2021
,9,CIUDAD DE MEXICO,,,6,IZTACALCO,,,CONC_RP,PAN,2,JORGE EMILIO TRUJANO BRAVO,1,CD15/ACU-16/2021
,9,CIUDAD DE MEXICO,,,6,IZTACALCO,,,CONC_RP,PRI,1,JORGE ISRAEL HERNANDEZ FLORES,1,CD15/ACU-16/2021
,9,CIUDAD DE MEXICO,,,6,IZTACALCO,,,CONC_RP,PVEM,1,JOVITA CHAVEZ GUDINO,2,CD15/ACU-16/2021
,9,CIUDAD DE MEXICO,,,7,IZTAPALAPA,,,AYUN_ALC,PT_MORENA,1,CLARA MARINA BRUGADA MOLINA,2,CD24/ACU-17/2021
,9,CIUDAD DE MEXICO,,,7,IZTAPALAPA,,,CONC,PT_MORENA,1,ANGEL SANCHEZ CORTES,1,CD24/ACU-17/2021
,9,CIUDAD DE MEXICO,,,7,IZTAPALAPA,,,CONC,PT_MORENA,2,TERESA ORTEGA RICO,2,CD24/ACU-17/2021
,9,CIUDAD DE MEXICO,,,7,IZTAPALAPA,,,CONC,PT_MORENA,3,OSMAR MARTINEZ CHAVARRIA,1,CD24/ACU-17/2021
,9,CIUDAD DE MEXICO,,,7,IZTAPALAPA,,,CONC,PT_MORENA,4,JANET MORALES SANCHEZ,2,CD24/ACU-17/2021
,9,CIUDAD DE MEXICO,,,7,IZTAPALAPA,,,CONC,PT_MORENA,5,ORLANDO RAFAEL REYES GOMEZ,1,CD24/ACU-17/2021
,9,CIUDAD DE MEXICO,,,7,IZTAPALAPA,,,CONC,PT_MORENA,6,YOLANDA CRUZ PEREZ,2,CD24/ACU-17/2021
,9,CIUDAD DE MEXICO,,,7,IZTAPALAPA,,,CONC_RP,PAN,1,GUILLERMO MORA LOYO,1,CD24/ACU-17/2021
,9,CIUDAD DE MEXICO,,,7,IZTAPALAPA,,,CONC_RP,PAN,2,OLIVIA GARZA DE LOS SANTOS,2,CD24/ACU-17/2021
,9,CIUDAD DE MEXICO,,,7,IZTAPALAPA,,,CONC_RP,PRI,1,ERICK FERNANDO ALVAREZ MARTINEZ,1,CD24/ACU-17/2021
,9,CIUDAD DE MEXICO,,,7,IZTAPALAPA,,,CONC_RP,PRD,1,GLORIA SILVA RAMIREZ,2,CD24/ACU-17/2021
,9,CIUDAD DE MEXICO,,,8,LA MAGDALENA CONTRERAS,,,AYUN_ALC,PAN_PRI_PRD,1,LUIS GERARDO QUIJANO MORALES,1,CD33/ACU-16/2021
,9,CIUDAD DE MEXICO,,,8,LA MAGDALENA CONTRERAS,,,CONC,PAN_PRI_PRD,1,XOCHITL QUETZALLI AVILA INFANTE,2,CD33/ACU-16/2021
,9,CIUDAD DE MEXICO,,,8,LA MAGDALENA CONTRERAS,,,CONC,PAN_PRI_PRD,2,ALVARO VILLAVICENCIO PENA,1,CD33/ACU-16/2021
,9,CIUDAD DE MEXICO,,,8,LA MAGDALENA CONTRERAS,,,CONC,PAN_PRI_PRD,3,MARIA ANTONIA AGUILAR HERNANDEZ,2,CD33/ACU-16/2021
,9,CIUDAD DE MEXICO,,,8,LA MAGDALENA CONTRERAS,,,CONC,PAN_PRI_PRD,4,PEDRO ALBERTO CABRERA CASTILLO,1,CD33/ACU-16/2021
,9,CIUDAD DE MEXICO,,,8,LA MAGDALENA CONTRERAS,,,CONC,PAN_PRI_PRD,5,TANESSI ROSALES ROJO,2,CD33/ACU-16/2021
,9,CIUDAD DE MEXICO,,,8,LA MAGDALENA CONTRERAS,,,CONC,PAN_PRI_PRD,6,ADRIAN BELMONT PALACIOS,1,CD33/ACU-16/2021
,9,CIUDAD DE MEXICO,,,8,LA MAGDALENA CONTRERAS,,,CONC_RP,MORENA,1,FERNANDO JOSE NICHOLSON LEOS,1,CD/33/ACU-15/2021
,9,CIUDAD DE MEXICO,,,8,LA MAGDALENA CONTRERAS,,,CONC_RP,MORENA,2,BLANCA LIZETH ROSAS GALINDO,2,CD/33/ACU-15/2021
,9,CIUDAD DE MEXICO,,,8,LA MAGDALENA CONTRERAS,,,CONC_RP,MORENA,3,ERICK AUGUSTO VARGAS NORIA,1,CD/33/ACU-15/2021
,9,CIUDAD DE MEXICO,,,8,LA MAGDALENA CONTRERAS,,,CONC_RP,MORENA,4,ANA YANETH COSS GONZALEZ,2,CD/33/ACU-15/2021
,9,CIUDAD DE MEXICO,,,9,MILPA ALTA,,,AYUN_ALC,PT_MORENA,1,JUDITH VANEGAS TAPIA  ,2,CD07/ACU-15/2021
,9,CIUDAD DE MEXICO,,,9,MILPA ALTA,,,CONC,PT_MORENA,1,VICENTE CABELLO OSORIO,1,CD07/ACU-15/2021
,9,CIUDAD DE MEXICO,,,9,MILPA ALTA,,,CONC,PT_MORENA,2,VERONICA JAZMIN LINARES BURGOS,2,CD07/ACU-15/2021
,9,CIUDAD DE MEXICO,,,9,MILPA ALTA,,,CONC,PT_MORENA,3,BENJAMIN JIMENEZ MELO,1,CD07/ACU-15/2021
,9,CIUDAD DE MEXICO,,,9,MILPA ALTA,,,CONC,PT_MORENA,4,HELEN MACIAS LOBATO,2,CD07/ACU-15/2021
,9,CIUDAD DE MEXICO,,,9,MILPA ALTA,,,CONC,PT_MORENA,5,HEBER ALAN LEON FLORES,1,CD07/ACU-15/2021
,9,CIUDAD DE MEXICO,,,9,MILPA ALTA,,,CONC,PT_MORENA,6,MARIA TERESA CAMPUZANO MENDOZA,2,CD07/ACU-15/2021
,9,CIUDAD DE MEXICO,,,9,MILPA ALTA,,,CONC_RP,PRI,1,BARBARA YANINA KARINA GARCIA CORDOVA,2,CD07/ACU-16/2021
,9,CIUDAD DE MEXICO,,,9,MILPA ALTA,,,CONC_RP,PRI,2,ANGEL DEL CARMEN GUTIERREZ RODRIGUEZ,1,CD07/ACU-16/2021
,9,CIUDAD DE MEXICO,,,9,MILPA ALTA,,,CONC_RP,PRI,3,DIANA OLIVOS GARCIA,2,CD07/ACU-16/2021
,9,CIUDAD DE MEXICO,,,9,MILPA ALTA,,,CONC_RP,FXM,1,GUADALUPE ANAHI PEREZ RUIZ,2,CD07/ACU-16/2021
,9,CIUDAD DE MEXICO,,,10,ALVARO OBREGON,,,AYUN_ALC,PAN_PRI_PRD,1,LIA LIMON GARCIA,2,CD18/ACU-16/2021
,9,CIUDAD DE MEXICO,,,10,ALVARO OBREGON,,,CONC,PAN_PRI_PRD,1,LUIS ARMANDO BAEZ MOLINA,1,CD18/ACU-16/2021
,9,CIUDAD DE MEXICO,,,10,ALVARO OBREGON,,,CONC,PAN_PRI_PRD,2,LIZZETTE SALGADO VIRAMONTESA,2,CD18/ACU-16/2021
,9,CIUDAD DE MEXICO,,,10,ALVARO OBREGON,,,CONC,PAN_PRI_PRD,3,OSCAR ROMERO MENDOZA ESTRADA,1,CD18/ACU-16/2021
,9,CIUDAD DE MEXICO,,,10,ALVARO OBREGON,,,CONC,PAN_PRI_PRD,4,SANDRA JENNY RAMIREZ ELIZALDE,2,CD18/ACU-16/2021
,9,CIUDAD DE MEXICO,,,10,ALVARO OBREGON,,,CONC,PAN_PRI_PRD,5,GUILLERMO RUIZ TOME,1,CD18/ACU-16/2021
,9,CIUDAD DE MEXICO,,,10,ALVARO OBREGON,,,CONC,PAN_PRI_PRD,6,LILIANA GUADALUPE MONTANO GONZALEZ,2,CD18/ACU-16/2021
,9,CIUDAD DE MEXICO,,,10,ALVARO OBREGON,,,CONC_RP,MORENA,1,RUTH ELIZABETH PARRA GARCIA,2,CD18/ACU-17/2021
,9,CIUDAD DE MEXICO,,,10,ALVARO OBREGON,,,CONC_RP,MORENA,2,SERGIO SANDOVAL BARRIOS,1,CD18/ACU-17/2021
,9,CIUDAD DE MEXICO,,,10,ALVARO OBREGON,,,CONC_RP,MORENA,3,ILEANA JIMENEZ NARANJO,2,CD18/ACU-17/2021
,9,CIUDAD DE MEXICO,,,10,ALVARO OBREGON,,,CONC_RP,MORENA,4,ANGEL AUGUSTO TAMARIZ SANCHEZ,1,CD18/ACU-17/2021
,9,CIUDAD DE MEXICO,,,11,TLAHUAC,,,AYUN_ALC,PT_MORENA,1,ARACELI BERENICE HERNANDEZ CALDERON ,2,CD08/ACU-16/2021
,9,CIUDAD DE MEXICO,,,11,TLAHUAC,,,CONC,PT_MORENA,1,JOSE JAIME PALACIOS CASTANEDA,1,CD08/ACU-16/2021
,9,CIUDAD DE MEXICO,,,11,TLAHUAC,,,CONC,PT_MORENA,2,ANA LAURA CHAVARO FRANCISCO,2,CD08/ACU-16/2021
,9,CIUDAD DE MEXICO,,,11,TLAHUAC,,,CONC,PT_MORENA,3,MAURICIO ARTURO MOLOTLA CHAVARRIA,1,CD08/ACU-16/2021
,9,CIUDAD DE MEXICO,,,11,TLAHUAC,,,CONC,PT_MORENA,4,BLANCA OLGA CHAVEZ LUNA,2,CD08/ACU-16/2021
,9,CIUDAD DE MEXICO,,,11,TLAHUAC,,,CONC,PT_MORENA,5,DIEGO NICOLAS ANSELMO SALAZAR,1,CD08/ACU-16/2021
,9,CIUDAD DE MEXICO,,,11,TLAHUAC,,,CONC,PT_MORENA,6,KARINA ALCALA LOERA,2,CD08/ACU-16/2021
,9,CIUDAD DE MEXICO,,,11,TLAHUAC,,,CONC_RP,PAN,1,MARCO ANTONIO RAMIREZ VASQUEZ,1,CD08/ACU-17/2021
,9,CIUDAD DE MEXICO,,,11,TLAHUAC,,,CONC_RP,PRI,1,CLAUDIA ELENA RAMOS LOPEZ,2,CD08/ACU-17/2021
,9,CIUDAD DE MEXICO,,,11,TLAHUAC,,,CONC_RP,PRI,2,RICHARD ULISES SOLORZANO JIMENEZ,1,CD08/ACU-17/2021
,9,CIUDAD DE MEXICO,,,11,TLAHUAC,,,CONC_RP,PRD,1,AZUCENA FLORES PENA,2,CD08/ACU-17/2021
,9,CIUDAD DE MEXICO,,,12,TLALPAN,,,AYUN_ALC,PAN_PRI_PRD,1,ALFA ELIANA GONZALEZ MAGALLANES,2,CD16/ACU-16/2021
,9,CIUDAD DE MEXICO,,,12,TLALPAN,,,CONC,PAN_PRI_PRD,1,JORGE GARCIA RODRIGUEZ,1,CD16/ACU-16/2021
,9,CIUDAD DE MEXICO,,,12,TLALPAN,,,CONC,PAN_PRI_PRD,2,FERNANDA PATRICIA RUANO FONSECA,2,CD16/ACU-16/2021
,9,CIUDAD DE MEXICO,,,12,TLALPAN,,,CONC,PAN_PRI_PRD,3,EDSON ALBERTO VAZQUEZ RUIZ,1,CD16/ACU-16/2021
,9,CIUDAD DE MEXICO,,,12,TLALPAN,,,CONC,PAN_PRI_PRD,4,ILIANA DANAE CALDERON DE LUIS,2,CD16/ACU-16/2021
,9,CIUDAD DE MEXICO,,,12,TLALPAN,,,CONC,PAN_PRI_PRD,5,OSCAR VALENCIA VILLA,1,CD16/ACU-16/2021
,9,CIUDAD DE MEXICO,,,12,TLALPAN,,,CONC,PAN_PRI_PRD,6,MARA ALEJANDRA VERA JUAREZ,2,CD16/ACU-16/2021
,9,CIUDAD DE MEXICO,,,12,TLALPAN,,,CONC_RP,MORENA,1,DANIEL HERNANDEZ PULIDO,1,CD16/ACU-17/2021
,9,CIUDAD DE MEXICO,,,12,TLALPAN,,,CONC_RP,MORENA,2,MA. EVA ASCENCIO TEODORO,2,CD16/ACU-17/2021
,9,CIUDAD DE MEXICO,,,12,TLALPAN,,,CONC_RP,MORENA,3,DAN AKE DE LA LUZ,1,CD16/ACU-17/2021
,9,CIUDAD DE MEXICO,,,12,TLALPAN,,,CONC_RP,MC,1,KARLA IVET HERNANDEZ CHAVEZ,2,CD16/ACU-17/2021
,9,CIUDAD DE MEXICO,,,13,XOCHIMILCO,,,AYUN_ALC,PT_MORENA,1,JOSE CARLOS ACOSTA RUIZ,1,CD25/ACU-15/2021
,9,CIUDAD DE MEXICO,,,13,XOCHIMILCO,,,CONC,PT_MORENA,1,MARIA DE LOS ANGELES PELAGIO FLORES,2,CD25/ACU-15/2021
,9,CIUDAD DE MEXICO,,,13,XOCHIMILCO,,,CONC,PT_MORENA,2,JORGE NUNEZ BECERRIL,1,CD25/ACU-15/2021
,9,CIUDAD DE MEXICO,,,13,XOCHIMILCO,,,CONC,PT_MORENA,3,ATENAS GALLARDO GALICIA,2,CD25/ACU-15/2021
,9,CIUDAD DE MEXICO,,,13,XOCHIMILCO,,,CONC,PT_MORENA,4,HEROS JESUS RODRIGUEZ SANCHEZ,1,CD25/ACU-15/2021
,9,CIUDAD DE MEXICO,,,13,XOCHIMILCO,,,CONC,PT_MORENA,5,ANGELICA MAURIES OLVERA,2,CD25/ACU-15/2021
,9,CIUDAD DE MEXICO,,,13,XOCHIMILCO,,,CONC,PT_MORENA,6,AURELIO DE GYVES MONTES,1,CD25/ACU-15/2021
,9,CIUDAD DE MEXICO,,,13,XOCHIMILCO,,,CONC_RP,PAN,1,SARA FERNANDA SORIANO HERNANDEZ,2,CD25/ACU-16/2021
,9,CIUDAD DE MEXICO,,,13,XOCHIMILCO,,,CONC_RP,PAN,2,OMAR ALEJANDRO HERNANDEZ CARMONA,1,CD25/ACU-16/2021
,9,CIUDAD DE MEXICO,,,13,XOCHIMILCO,,,CONC_RP,PRI,1,JANY ROBLES ORTIZ,2,CD25/ACU-16/2021
,9,CIUDAD DE MEXICO,,,13,XOCHIMILCO,,,CONC_RP,MC,1,KARINA AYALA DIAZ,2,CD25/ACU-16/2021
,9,CIUDAD DE MEXICO,,,14,BENITO JUAREZ,,,AYUN_ALC,PAN,1,SANTIAGO TABOADA CORTINA,1,CD17/ACU-17/2021
,9,CIUDAD DE MEXICO,,,14,BENITO JUAREZ,,,CONC,PAN,1,ALEJANDRA VIVANCO MENDOZA,2,CD17/ACU-17/2021
,9,CIUDAD DE MEXICO,,,14,BENITO JUAREZ,,,CONC,PAN,2,XAVIER FERNANDO REVILLA BARRAGAN,1,CD17/ACU-17/2021
,9,CIUDAD DE MEXICO,,,14,BENITO JUAREZ,,,CONC,PAN,3,MARIA ALEJANDRA REYES SHIELDS,2,CD17/ACU-17/2021
,9,CIUDAD DE MEXICO,,,14,BENITO JUAREZ,,,CONC,PAN,4,ROMAN CASTRO ESQUIVEL,1,CD17/ACU-17/2021
,9,CIUDAD DE MEXICO,,,14,BENITO JUAREZ,,,CONC,PAN,5,KARINA MAGANA GUILLEN,2,CD17/ACU-17/2021
,9,CIUDAD DE MEXICO,,,14,BENITO JUAREZ,,,CONC,PAN,6,CRIS NORMAN MARTINEZ ARCHUNDIA,1,CD17/ACU-17/2021
,9,CIUDAD DE MEXICO,,,14,BENITO JUAREZ,,,CONC_RP,MORENA ,1,ENRIQUE LOPEZ TAMAYO HUELGAS,1,CD17/ACU-16/2021
,9,CIUDAD DE MEXICO,,,14,BENITO JUAREZ,,,CONC_RP,MORENA ,2,PATRICIA ALFARO MORENO,2,CD17/ACU-16/2021
,9,CIUDAD DE MEXICO,,,14,BENITO JUAREZ,,,CONC_RP,MORENA ,3,ANTONIO DIONISIO ALCANTARA,1,CD17/ACU-16/2021
,9,CIUDAD DE MEXICO,,,14,BENITO JUAREZ,,,CONC_RP,PRI ,1,ODET MARIANA RIVERA PINEDA,2,CD17/ACU-16/2021
,9,CIUDAD DE MEXICO,,,15,CUAUHTEMOC,,,AYUN_ALC,PAN_PRI_PRD,1,SANDRA XANTALL CUEVAS NIEVES,2,CD09/ACU-19/2021
,9,CIUDAD DE MEXICO,,,15,CUAUHTEMOC,,,CONC,PAN_PRI_PRD,1,YASSER AMAURY BAUTISTA OCHOA,1,CD09/ACU-19/2021
,9,CIUDAD DE MEXICO,,,15,CUAUHTEMOC,,,CONC,PAN_PRI_PRD,2,DIANA PEREZ PEREZ,2,CD09/ACU-19/2021
,9,CIUDAD DE MEXICO,,,15,CUAUHTEMOC,,,CONC,PAN_PRI_PRD,3,OSCAR ABEL FUENTES ROCHA,1,CD09/ACU-19/2021
,9,CIUDAD DE MEXICO,,,15,CUAUHTEMOC,,,CONC,PAN_PRI_PRD,4,RITA SANCHEZ OCHOA,2,CD09/ACU-19/2021
,9,CIUDAD DE MEXICO,,,15,CUAUHTEMOC,,,CONC,PAN_PRI_PRD,5,JEAN LEONET JIMENEZ HERNANDEZ,1,CD09/ACU-19/2021
,9,CIUDAD DE MEXICO,,,15,CUAUHTEMOC,,,CONC,PAN_PRI_PRD,6,GRISEL LOPEZ PEREZNEGRON,2,CD09/ACU-19/2021
,9,CIUDAD DE MEXICO,,,15,CUAUHTEMOC,,,CONC_RP,MORENA,1,SAMUEL PAZ CABRERA,1,CD09/ACU-20/2021
,9,CIUDAD DE MEXICO,,,15,CUAUHTEMOC,,,CONC_RP,MORENA,2,IRMA LUZ DE LA CRUZ VAZQUEZ,2,CD09/ACU-20/2021
,9,CIUDAD DE MEXICO,,,15,CUAUHTEMOC,,,CONC_RP,MORENA,3,SAUL ARTURO DOROTEO NERI,1,CD09/ACU-20/2021
,9,CIUDAD DE MEXICO,,,15,CUAUHTEMOC,,,CONC_RP,MORENA,4,ALVA ORDAZ FERNANDEZ,2,CD09/ACU-20/2021
,9,CIUDAD DE MEXICO,,,16,MIGUEL HIDALGO,,,AYUN_ALC,PAN_PRI_PRD,1,MAURICIO TABE ECHARTEA,1,CD13/ACU-20/2021
,9,CIUDAD DE MEXICO,,,16,MIGUEL HIDALGO,,,CONC,PAN_PRI_PRD,1,DAIREN PIZANA ROMERO,2,CD13/ACU-20/2021
,9,CIUDAD DE MEXICO,,,16,MIGUEL HIDALGO,,,CONC,PAN_PRI_PRD,2,MIGUEL ANGEL ERRASTI ARANGO,1,CD13/ACU-20/2021
,9,CIUDAD DE MEXICO,,,16,MIGUEL HIDALGO,,,CONC,PAN_PRI_PRD,3,MAYELI REINA RUIZ ORDUNEZ,2,CD13/ACU-20/2021
,9,CIUDAD DE MEXICO,,,16,MIGUEL HIDALGO,,,CONC,PAN_PRI_PRD,4,ALBERTO BURGOA MALDONADO,1,CD13/ACU-20/2021
,9,CIUDAD DE MEXICO,,,16,MIGUEL HIDALGO,,,CONC,PAN_PRI_PRD,5,ALTAGRACIA MENDEZ GURRERO,2,CD13/ACU-20/2021
,9,CIUDAD DE MEXICO,,,16,MIGUEL HIDALGO,,,CONC,PAN_PRI_PRD,6,OSCAR LUIS MUNGUIA FRANCO,1,CD13/ACU-20/2021
,9,CIUDAD DE MEXICO,,,16,MIGUEL HIDALGO,,,CONC_RP,MORENA,1,AMERICA MIRANDA RESENDIZ,2,CD13/ACU-19/2021
,9,CIUDAD DE MEXICO,,,16,MIGUEL HIDALGO,,,CONC_RP,MORENA,2,DIEGO RAMIREZ CRUZ,1,CD13/ACU-19/2021
,9,CIUDAD DE MEXICO,,,16,MIGUEL HIDALGO,,,CONC_RP,MORENA,3,BEATRIZ HERNANDEZ ESTRADA,2,CD13/ACU-19/2021
,9,CIUDAD DE MEXICO,,,16,MIGUEL HIDALGO,,,CONC_RP,MORENA,4,ROLANDO CORTES MACEDO,1,CD13/ACU-19/2021
,9,CIUDAD DE MEXICO,,,17,VENUSTIANO CARRANZA,,,AYUN_ALC,PT_MORENA,1,EVELYN PARRA ALVAREZ,2,CD10/ACU-16/2021
,9,CIUDAD DE MEXICO,,,17,VENUSTIANO CARRANZA,,,CONC,PT_MORENA,1,VICTOR MANUEL OTERO CARDENAS,1,CD10/ACU-16/2021
,9,CIUDAD DE MEXICO,,,17,VENUSTIANO CARRANZA,,,CONC,PT_MORENA,2,MA DE LOURDES TORRE GUTIERREZ,2,CD10/ACU-16/2021
,9,CIUDAD DE MEXICO,,,17,VENUSTIANO CARRANZA,,,CONC,PT_MORENA,3,OSCAR FRANCISCO CORONADO PASTRANA,1,CD10/ACU-16/2021
,9,CIUDAD DE MEXICO,,,17,VENUSTIANO CARRANZA,,,CONC,PT_MORENA,4,SARA VEGA CARRILLO,2,CD10/ACU-16/2021
,9,CIUDAD DE MEXICO,,,17,VENUSTIANO CARRANZA,,,CONC,PT_MORENA,5,ALEXIS MANUEL PIMENTEL ACEVEDO,1,CD10/ACU-16/2021
,9,CIUDAD DE MEXICO,,,17,VENUSTIANO CARRANZA,,,CONC,PT_MORENA,6,EVA ALIN GONZALEZ HERNANDEZ,2,CD10/ACU-16/2021
,9,CIUDAD DE MEXICO,,,17,VENUSTIANO CARRANZA,,,CONC_RP,PAN,1,HUGO ENRIQUE CABALLERO RODRIGUEZ,1,CD10/ACU-15/2021
,9,CIUDAD DE MEXICO,,,17,VENUSTIANO CARRANZA,,,CONC_RP,PAN,2,ZANDIBEL DIAZ REBOLLAR,2,CD10/ACU-15/2021
,9,CIUDAD DE MEXICO,,,17,VENUSTIANO CARRANZA,,,CONC_RP,PRI,1,ARMANDO BARAJAS RUIZ,1,CD10/ACU-15/2021
,9,CIUDAD DE MEXICO,,,17,VENUSTIANO CARRANZA,,,CONC_RP,PRD,1,MA DEL ROSARIO MARTINEZ CRUZ,2,CD10/ACU-15/2021
