﻿ID_ESTADO,NOMBRE_ESTADO,ID_DISTRITO_LOCAL,CABECERA_DISTRITAL_LOCAL,SECCIONES,CASILLAS,PAN,PRI,PRD,PVEM,PT,MC,MORENA,PES,RSP,FXM,CAND_IND1,CAND_IND2,CAND_IND3,NUM_VOTOS_VALIDOS,NUM_VOTOS_CAN_NREG,NUM_VOTOS_NULOS,TOTAL_VOTOS,LISTA_NOMINAL,RUTA_ACTA
28,TAMAULIPAS,1,NUEVO LAREDO,81,207,16998,4232,375,1699,1037,1982,25045,797,599,1059,,,,53823,28,1348,55199,126360,https://www.ietam.org.mx/Portal/documentos/PE2021/Resultados/Actas/ActCompRP_CDE01_NuevoLaredo.pdf
28,TAMAULIPAS,2,NUEVO LAREDO,115,234,28424,6388,358,1449,729,1048,22564,545,461,729,,,,62695,33,1139,63867,129538,https://www.ietam.org.mx/Portal/documentos/PE2021/Resultados/Actas/ActCompRP_CDE02_NuevoLaredo.pdf
28,TAMAULIPAS,3,NUEVO LAREDO,70,208,23217,8144,518,2907,1916,753,18310,2687,186,1644,,,,60282,24,1473,61779,122816,https://www.ietam.org.mx/Portal/documentos/PE2021/Resultados/Actas/ActCompRP_CDE03_NuevoLaredo.pdf
28,TAMAULIPAS,4,REYNOSA,86,209,19273,3638,459,1383,1230,2167,21623,2252,259,745,,,,53029,23,1299,54351,124531,https://www.ietam.org.mx/Portal/documentos/PE2021/Resultados/Actas/ActCompRP_CDE04_Reynosa.pdf
28,TAMAULIPAS,5,REYNOSA,110,227,18609,2639,452,1713,1212,2281,24833,2617,887,709,,,,55952,34,1301,57287,128647,https://www.ietam.org.mx/Portal/documentos/PE2021/Resultados/Actas/ActCompRP_CDE05_Reynosa.pdf
28,TAMAULIPAS,6,REYNOSA,100,228,18988,3660,1037,1839,1380,2609,22566,2053,632,273,,,,55037,22,1564,56623,128274,https://www.ietam.org.mx/Portal/documentos/PE2021/Resultados/Actas/ActCompRP_CDE06_Reynosa.pdf
28,TAMAULIPAS,7,REYNOSA,87,221,16965,1827,610,1232,1367,1668,25002,2074,629,642,,,,52016,18,1263,53297,128809,https://www.ietam.org.mx/Portal/documentos/PE2021/Resultados/Actas/ActCompRP_CDE07_Reynosa.pdf
28,TAMAULIPAS,8,RIO BRAVO,98,236,18532,5842,764,1744,3470,2191,23477,2051,868,734,,,,59673,20,1542,61235,136521,https://www.ietam.org.mx/Portal/documentos/PE2021/Resultados/Actas/ActCompRP_CDE08_RioBravo.pdf
28,TAMAULIPAS,9,VALLE HERMOSO,81,193,16629,8398,503,1217,1180,895,21727,838,271,637,,,,52295,19,1330,53644,109186,https://www.ietam.org.mx/Portal/documentos/PE2021/Resultados/Actas/ActCompRP_CDE09_ValleHermoso.pdf
28,TAMAULIPAS,10,H. MATAMOROS,56,192,13233,5342,514,825,1122,1147,31544,750,364,512,,,,55353,42,1019,56414,121160,https://www.ietam.org.mx/Portal/documentos/PE2021/Resultados/Actas/ActCompRP_CDE10_Matamoros.pdf
28,TAMAULIPAS,11,H. MATAMOROS,35,173,12038,3353,383,1087,973,1101,27547,832,369,500,703,,,48183,100,1175,49458,112892,https://www.ietam.org.mx/Portal/documentos/PE2021/Resultados/Actas/ActCompRP_CDE11_Matamoros.pdf
28,TAMAULIPAS,12,H. MATAMOROS,107,220,16088,6339,327,1078,835,1238,28770,694,389,614,,,,56372,31,1060,57463,122245,https://www.ietam.org.mx/Portal/documentos/PE2021/Resultados/Actas/ActCompRP_CDE12_Matamoros.pdf
28,TAMAULIPAS,13,SAN FERNANDO,159,259,38964,16208,528,1514,3898,2792,15370,660,487,222,,,,80643,28,1851,82522,118287,https://www.ietam.org.mx/Portal/documentos/PE2021/Resultados/Actas/ActCompRP_CDE13_SanFernando.pdf
28,TAMAULIPAS,14,CIUDAD VICTORIA,82,212,25522,12978,919,2920,1523,3822,26286,1162,878,241,,974,,76251,57,1531,77839,125635,https://www.ietam.org.mx/Portal/documentos/PE2021/Resultados/Actas/ActCompRP_CDE14_Victoria.pdf
28,TAMAULIPAS,15,CIUDAD VICTORIA,67,212,22205,7787,923,1783,1476,7060,25532,1452,737,799,,,881,69754,44,1554,71352,128366,https://www.ietam.org.mx/Portal/documentos/PE2021/Resultados/Actas/ActCompRP_CDE15_Victoria.pdf
28,TAMAULIPAS,16,XICOTENCATL,150,286,43990,12631,717,3568,8889,1947,15232,1356,1503,827,,,,90660,86,4727,95473,130764,https://www.ietam.org.mx/Portal/documentos/PE2021/Resultados/Actas/ActCompRP_CDE16_Xicotencatl.pdf
28,TAMAULIPAS,17,CIUDAD MANTE,123,230,23467,11731,623,4359,1376,1811,24949,1565,364,426,,,,70671,34,1751,72456,118900,https://www.ietam.org.mx/Portal/documentos/PE2021/Resultados/Actas/ActCompRP_CDE17_ElMante.pdf
28,TAMAULIPAS,18,ALTAMIRA,76,220,25985,3951,1438,1670,1467,5816,29715,2145,657,545,,,,73389,5,1809,75203,128765,https://www.ietam.org.mx/Portal/documentos/PE2021/Resultados/Actas/ActCompRP_CDE18_Altamira.pdf
28,TAMAULIPAS,19,MIRAMAR,42,175,20102,1988,2623,683,979,1508,27112,1665,804,548,,,,58012,46,1255,59313,115024,https://www.ietam.org.mx/Portal/documentos/PE2021/Resultados/Actas/ActCompRP_CDE19_Miramar.pdf
28,TAMAULIPAS,20,CIUDAD MADERO,94,222,28937,2624,849,1554,1068,2017,32682,2108,775,834,,,,73448,88,1220,74756,127616,https://www.ietam.org.mx/Portal/documentos/PE2021/Resultados/Actas/ActCompRP_CDE20_CiudadMadero.pdf
28,TAMAULIPAS,21,TAMPICO,69,200,30957,1895,400,694,994,1755,28252,1232,941,458,,,,67578,43,1164,68785,121419,https://www.ietam.org.mx/Portal/documentos/PE2021/Resultados/Actas/ActCompRP_CDE21_Tampico.pdf
28,TAMAULIPAS,22,TAMPICO,123,244,38822,1942,523,777,1139,2168,28237,828,974,454,,,,75864,32,1150,77046,130185,https://www.ietam.org.mx/Portal/documentos/PE2021/Resultados/Actas/ActCompRP_CDE22_Tampico.pdf
