﻿ID_ENTIDAD,ID_MUNICIPIO_LOCAL,PARTIDO_CI,CANDIDATURA_PROPIETARIA,CANDIDATURA_SUPLENTE
30,037,PAN,AMADA SANTIAGO CERVANTES,MARTHA LETICIA FLORENTINO RAMOS
30,037,PRI,ANGEL DE JESUS DEL ANGEL OLIVARES,ANA KAREN DEL ANGEL HERNANDEZ
30,037,PVEM,Candidata o candidato del PVEM,Candidato del PVEM
30,037,PT,RENE GAMALIEL MARTINEZ ALEJANDRE,MARÍA DEL ROSARIO MARTÍNEZ ALEJANDRE
30,037,MC,ARACELI HERNANDEZ CERVANTES,LILIA RIVERA BAUTISTA
30,037,MOR,Candidata o candidato de MORENA,Candidato o candidata de MORENA
30,037,C_PVEM_MOR,BLANCA OLGA BAUTISTA DE LA CRUZ,KARINA CONCEPCION SARMIENTO BALTAZAR
30,057,PAN,ALONDRA ARGUELLES ARGUELLES,PILAR GRANDE ARGUELLES
30,057,PRI,BRENDA EDITH ARGUELLES VAZQUEZ,DANNA VALERIA OVANDO ARGUELLES
30,057,PVEM,Candidata o candidato del PVEM,Candidato del PVEM
30,057,PT,BERENICE SANCHEZ AZUARA,MARIA ELENA ARGUELLES SANCHEZ
30,057,MC,JILLY EDSON ARGUELLES MARTINEZ,HECTOR DE LA CRUZ SANCHEZ
30,057,MOR,Candidata o candidato de MORENA,Candidato o candidata de MORENA
30,057,C_PVEM_MOR,HILDA ESTEBAN FLORES,LUCRESIA LEON AZUARA
30,058,PAN,ANDRES FLORES SANCHEZ,GUSTAVO FLORES MARTINEZ
30,058,PRI,MONICA HERNANDEZ HERNANDEZ,JUANA MONICA HERNANDEZ PEREZ
30,058,PVEM,MARIA LUISA BAUTISTA HERNANDEZ,YAIRA SANCHEZ BAUTISTA
30,058,PT,MARIA ANGELICA HERNANDEZ DE LA CRUZ,MARGARITA DE LA CRUZ ESPINOSA
30,058,MC,FILIBERTO VEGA CORONEL,ANAHI MATEOS FLORES
30,058,MOR,ELDA GUADALUPE HERNANDEZ CRUZ,PERLA LIZETH GONZALEZ TORRES
30,065,PAN,JUAN CARLOS SANTIAGO RAMIREZ,BARDOMIANO TRINIDAD MORALES
30,065,PRI,JOSE LUIS PONCE ZALETA,JOSE JUAN FERNANDO DEL ANGEL
30,065,PVEM,Candidata o candidato del PVEM,Candidato del PVEM
30,065,PT,MARIA DEL ROSARIO TRINIDAD BADILLO,MARCELA GARCIA AUDELO
30,065,MC,ONELIA CRISTOBAL DEL ANGEL,BEIRA ALONSO DE LA CRUZ
30,065,MOR,Candidata o candidato de MORENA,Candidato o candidata de MORENA
30,065,C_PVEM_MOR,PAOLA PONCE TRINIDAD,ESPERANZA DOMINGUEZ VAZQUEZ
30,080,PAN,OBED MELGOZA MATIAS,FELICIANO ESTEBAN HERNANDEZ
30,080,PRI,NORMA GONZALEZ MELGOZA,MARIA SOLEDAD TEPETATE HERNANDEZ
30,080,PVEM,Candidata o candidato del PVEM,Candidato del PVEM
30,080,PT,FRANCISCO JAVIER MARTINEZ REYES,VERONICO SANTIAGO DEL ANGEL
30,080,MC,MARIA EUSEBIA DOMINGUEZ PEREZ,ESTHER MORALES CRUZ
30,080,MOR,Candidata o candidato de MORENA,Candidato o candidata de MORENA
30,080,C_PVEM_MOR,ORALIA GONZALEZ CRUZ,ANA MARIA GABRIEL ENRIQUEZ
30,122,PAN,FLORYCEL RAMOS DEL ANGEL,ESTELA HERNANDEZ SOSA
30,122,PRI,JORGE LUIS DEL ANGEL DELGADO,MANUEL JUAREZ DEL ANGEL
30,122,PVEM,Candidata o candidato del PVEM,Candidato del PVEM
30,122,PT,ANA SOFIA NUÑEZ ZALETA,DULCE MILAGROS DELGADO GONZALEZ
30,122,MC,DULCE YURIDIA OCHOA DEL ANGEL,ANGELA NAVA SANTIAGO
30,122,MOR,Candidata o candidato de MORENA,Candidato o candidata de MORENA
30,122,C_PVEM_MOR,ROSALINO ZALETA MAURY,CUAUHTEMOC CESAR OSTOS DEL ANGEL
30,124,PAN,BENILDE HERNANDEZ GOMEZ,ELVIRA CRUZ DEL ANGEL
30,124,PRI,LUZ ELENA REYES DE LOERA,ANA DELIA PONCE ARGUELLES
30,124,PVEM,Candidata o candidato del PVEM,Candidato del PVEM
30,124,PT,OCTAVIA ORTEGA ARTEAGA,CARLA GUADALUPE ROMERO MENDOZA
30,124,MC,ROBERTO MARIO LEAL GOMEZ,JOSE GABRIEL MENDEZ GUZMAN
30,124,MOR,Candidata o candidato de MORENA,Candidato o candidata de MORENA
30,124,C_PVEM_MOR,MAYRA ANEL DELGADO CASTILLO,CRISTINA ANGELICA PEREZ GAMAS
30,130,PAN,GRISELDA HERNANDEZ HERNANDEZ,OLIVIA NAVA HERNANDEZ
30,130,PRI,GRECIA YASARI AGUSTIN SAGAHON,LAURA YADIRA AGUSTIN SAGAHON
30,130,PVEM,Candidata o candidato del PVEM,Candidato del PVEM
30,130,PT,MARGARITA DEL ANGEL VERA,NORA ALICIA ARTEAGA ARGUELLES
30,130,MC,DENISSE SANCHEZ ARGUELLES,ANA GISELLE SALDIVAR MARTINEZ
30,130,MOR,Candidata o candidato de MORENA,Candidato o candidata de MORENA
30,130,C_PVEM_MOR,ELVIA INES SANCHEZ CRUZ,GABRIELA ARGUELLES LOPEZ
30,133,PAN,MARTIN ALFONSO GARCIA PEREZ,JESUS CERVANTES HERNANDEZ 
30,133,PRI,JOSE HUGO SOSA MARTINEZ ,BRANDON ALEXANDER MORALES GONZALEZ 
30,133,PVEM,Candidata o candidato del PVEM,Candidato del PVEM
30,133,PT,BEATRIZ URIBE HERNANDEZ,VIANEY ROCIO MALDONADO GARCIA
30,133,MC,STEVEN MAYA OCHOA,LUIS FRANCISCO MARTINEZ ZUÑIGA
30,133,MOR,Candidata o candidato de MORENA,Candidato o candidata de MORENA
30,133,C_PVEM_MOR,MARIA DE LOS ANGELES HERNANDEZ RODRIGUEZ,EMILY LOPEZ MARTINEZ
30,151,PAN,JOSSELIN ITZEL MOTTE CARDENAS,VERONICA BARRAGAN SANTIAGO
30,151,PRI,YETZENY VIANEY MONTIEL BURGOS,CONSUELO CENOBIO BARRIOS
30,151,PVEM,Candidata o candidato del PVEM,Candidato del PVEM
30,151,PT,ARACELY REYES MAR,MARTHA PEREZ FLORES
30,151,MC,BRENDA YARETH BLANCO REYNO,ELVIA FERNANDEZ PERALTA
30,151,MOR,Candidata o candidato de MORENA,Candidato o candidata de MORENA
30,151,C_PVEM_MOR,BOLIVIA PATRICIO DEL ANGEL,ROSA NAYELI DE LA CRUZ FRANCISCO
30,153,PAN,EDUARDO BARRIOS MELLADO,JOSE ALBERTO SIERRA PEREZ
30,153,PRI,YAZMIN DOMINGUEZ COBOS,BETZAIDA GOMEZ HERNANDEZ
30,153,PVEM,ADRIAN DOMINGUEZ RANGEL,CLAUDIO EDER GONZALEZ ROMAN
30,153,PT,GEMIMA ZUÑIGA USCANGA,GUADALUPE ARMENDARIZ GOMEZ
30,153,MC,MICAELA ISABEL GOLDARACENA MARTINEZ,ENEDELIA AMAYA MALDONADO
30,153,MOR,VIRGINIA DEL ANGEL GARRIDO,NORMA ALICIA CALLES TORRES
30,155,PAN,ELSA VERONICA ALVAREZ DEL CASTILLO RENDON,ITZAYANA MATUS CLEMENTE
30,155,PRI,MARIA ELENA LUGO SANCHEZ,SOCORRO FLORES CASTRO
30,155,PVEM,Candidata o candidato del PVEM,Candidato del PVEM
30,155,PT,CLAUDIA ICELA MELO PEREZ,DOLORES HERNANDEZ DEL ANGEL
30,155,MC,VALENTINA CRUZ FLORES,ANA ELENA FLORES MARTINEZ
30,155,MOR,Candidata o candidato de MORENA,Candidato o candidata de MORENA
30,155,C_PVEM_MOR,MARIA GUADALUPE SANTOS CENOBIO,ROBERTA MARTINEZ INOCENCIO
30,156,PAN,JOAQUIN ROSENDO GUZMAN AVILES,MIGUEL MORALES SABINO
30,156,PRI,JAZMIN PIMENTEL AMAYA,JENNIFER RIVERA CORDOVA
30,156,PVEM,Candidata o candidato del PVEM,Candidato del PVEM
30,156,PT,PERLA JAZMIN CRUZ HERNANDEZ,ERIKA ABIGAIL MARTIR GAMEZ
30,156,MC,JAIME PASCUAL HERNANDEZ TORAL,FELIX SANTIAGO REYES
30,156,MOR,Candidata o candidato de MORENA,Candidato o candidata de MORENA
30,156,C_PVEM_MOR,ROBERTO FRANCISCO SAN ROMAN SOLANA,MARIO DEL ANGEL CARDENAS
30,160,PAN,BONIFACIO ZUMAYA MALERVA,PEDRO EMILIO HERNANDEZ MAR
30,160,PRI,GABRIEL AGUIRRE PONCE,JORGE LUIS RIVERA UGARTE
30,160,PVEM,MIRIAM CRUZ GONZALEZ,ANA CORTES PEREZ
30,160,PT,MARTIN MERAZ ARGUELLES,GUSTAVO BARQUIN AGUILAR
30,160,MC,JESUS EVARISTO ADAN GARCIA,ABED HERNANDEZ DIAZ
30,160,MOR,LUCERO DEL ANGEL LEZAMA,ARACELI DEL ANGEL TORRES
30,160,CAND_IND_1,LAZARO YASSER GARCIA TOLENTINO,NECLETO HERNANDEZ DIAZ
30,207,PAN,GUSTAVO ADOLFO GARCIA SANCHEZ,LUIS MANUEL GOLDARACENA CONTRERAS
30,207,PRI,ROLANDO LEMUS HERNANDEZ,MARCO ANTONIO VAZQUEZ RODRIGUEZ
30,207,PVEM,Candidata o candidato del PVEM,Candidato del PVEM
30,207,PT,JUANA MARIA MARTINEZ GUERRERO,EUGENIA MASCORRO ROCHA
30,207,MC,DELFINO ONORATO REYES,RAMON RAZZO TORRES
30,207,MOR,Candidata o candidato de MORENA,Candidato o candidata de MORENA
30,207,C_PVEM_MOR,FELIPE DE JESUS ORTEGA MASCORRO,DELFINA CAYETANO MENDEZ
30,008,PAN,RAUL MONROY HERNANDEZ,SERGIO ALFREDO JUNCAL FAISAL
30,008,PRI,JUAN JAVIER PEREZ ROLDAN,CHRISTIAN JOSE PASCUAL ALONSO
30,008,PVEM,Candidata o candidato del PVEM,Candidato del PVEM
30,008,PT,DAGOBERTO HERNANDEZ MARTINEZ,JOSE LUIS ARREGOITIA HERNANDEZ
30,008,MC,ADRIANA GASSOS RAMIREZ,DULCE MARIA RAMIREZ PATIÑO 
30,008,MOR,Candidata o candidato de MORENA,Candidato o candidata de MORENA
30,008,C_PVEM_MOR,JOSE ROBERTO ARENAS MARTINEZ,RANULFO HERNANDEZ CRUZ
30,015,PAN,JORGE ARTURO GUEVARA BORREGO,ANGEL ALBERTO ACOSTA ISLAVA
30,015,PRI,RAFAEL SORIA PRIANTI,RAFAEL MARTINEZ GONZALEZ
30,015,PVEM,Candidata o candidato del PVEM,Candidato del PVEM
30,015,PT,HUMBERTO ANCELIN CRUZ,JOSE FRANCISCO HERNANDEZ SANCHEZ
30,015,MC,JOSEFINA ESCOBAR GARCIA,LETICIA YANETH MAYA DEL ANGEL
30,015,MOR,Candidata o candidato de MORENA,Candidato o candidata de MORENA
30,015,C_PVEM_MOR,JUAN ALBERTO RAMIREZ ALARCON,JORGE LUIS GAMEZ MAR
30,028,PAN,FLOCELO RAMIREZ VARGAS,HERLING OCTAVIO ARRIOLA VARGAS
30,028,PRI,JOSE LUIS PEREZ ESCOBAR,EFRAIN HERNANDEZ HERNANDEZ
30,028,PVEM,EDVINO HERNANDEZ HERNANDEZ,VIRIDIANA HERNANDEZ HERNANDEZ
30,028,PT,OMAR TORRES FUENTES,VLADIMIR HERNANDEZ HERNANDEZ
30,028,MC,LUIS MARTINEZ ALVARADO,ENEDINO TORRES HERNANDEZ
30,028,MOR,AGUSTIN HERNANDEZ ESCOBAR,DEYANIRA SERNA MIRANDA
30,033,PAN,OBED MENDEZ FERNANDEZ,LUIS ADALBERTO URRUTIA HERNANDEZ
30,033,PRI,NAZARIO GALLARDO CASADOS,FILOGONEO MARTINEZ MORALES
30,033,PVEM,Candidata o candidato del PVEM,Candidato del PVEM
30,033,PT,ZOILA CARIDAD GARCIA CRISTOBAL,MARTHA GUADALUPE CABALLERO SERRANO
30,033,MC,MANUEL TELLEZ GOMEZ,HERIBERTO URRUTIA LOPEZ
30,033,MOR,Candidata o candidato de MORENA,Candidato o candidata de MORENA
30,033,C_PVEM_MOR,HAITI LAGOS MARTINEZ,LAURA ELENA REYNA ALAMILLA
30,036,PAN,CARLOS GUILLERMO RAMIREZ RUIZ,JOSE PABLO MICHEL MONTERO
30,036,PRI,EVA ALEJANDRA SANCHEZ AVENDAÑO,MELISSA ESPINOZA MAYA
30,036,PVEM,AMERICA MARTINEZ SIERRA,MA TERESA ZAMORA CASTILLO
30,036,PT,RODOLFO PRIANTI VIRGEN,FRANCISCO JAVIER REYES CACERES
30,036,MC,PERLA SUGEY MACARIO MONITA,ANA LAURA VEGA CRUZ
30,036,MOR,FERNANDO HERNANDEZ SPINOSO,JOSE REYES CACERES
30,060,PAN,ADRIAN CRUZ FLORES,ALBA GARCIA CRUZ
30,060,PRI,NOE TORRES MARTINEZ,ANGEL SOLIS OSORIO
30,060,PVEM,ARISTEA FERNANDEZ DE LA CRUZ,MARGARITA LEOVIGILDO REYES
30,060,PT,MARIA GUADALUPE ARGUELLES LOZANO,HERMELINDA NOGALES MARTINEZ
30,060,MC,EFRAIN OVIEDO ACEVES,ERIKA LISSBET ROMERO COPCA
30,060,MOR,MARTHA MARTINEZ MARTINEZ,FATIMA FLORES MARTINEZ
30,062,PAN,JUAN CARLOS MENDEZ ESTRELLA,JUAN ALBERTO PERALTA JUAREZ
30,062,PRI,MARIA DE JESUS MARTINEZ JUAREZ,JUANA SANTIAGO REYES
30,062,PVEM,Candidata o candidato del PVEM,Candidato del PVEM
30,062,PT,BALTAZAR AVENDAÑO DELGADO,ANSELMO MENDOZA ROMAN
30,062,MC,MARIA DEL CARMEN CRUZ LIBREROS,REYNA DE LA CRUZ GUZMAN
30,062,MOR,Candidata o candidato de MORENA,Candidato o candidata de MORENA
30,062,C_PVEM_MOR,ABEL MENDOZA RAMIREZ,AMBROSIO FRANCISCO MENDOZA
30,074,PAN,BLANCA ESTELA DELGADO MENDOZA,MARIELA MARTINEZ SUSANO
30,074,PRI,MARIVEL BADILLO MAYORGA,Postulación Cancelada
30,074,PVEM,MARINA MARTINEZ LOPEZ,VANESSA JARDINEZ JUAREZ
30,074,PT,JUAN ENRIQUE LEMUS SALAZAR,ALFREDO MALDONADO LICONA
30,074,MC,DIMAS VAZQUEZ RODRIGUEZ,HABOT JAIR MANJARREZ SAN JUAN
30,074,MOR,ARACELI MONROY RAZO,DIANA PATRICIA GUTIERREZ BADILLO
30,078,PAN,DELIA RAMIREZ ORTIZ,MARIA OLGA HERNANDEZ HERNANDEZ
30,078,PRI,CAROLINA RAMIREZ HERNANDEZ,MARIA BELEN SERNA RIVERA
30,078,PVEM,YURIDIA INES SANTIAGO GOPAR,ARLETTE MARTINEZ RAMIREZ
30,078,PT,RAUL MENDOZA MARTINEZ,JOSE LUIS VITE TAPIA
30,078,MC,ADA SAIRET MENESES SANCHEZ,FELICIANA TADEO CORTES
30,078,MOR,MARISELA ROMAN RAMIREZ,YESSICA RAMIREZ HERNANDEZ
30,082,PAN,TOMAS FUENTES MARQUEZ,FRANCISCO CALDERON ROJAS
30,082,PRI,OYUKI SANCHEZ ROMERO,VIRGINIA AVILA CRUZ
30,082,PVEM,Candidata o candidato del PVEM,Candidato del PVEM
30,082,PT,GREGORIO SAN JUAN VELAZCO,MARCIANO TOLENTINO VELAZCO
30,082,MC,IVAN VLADIMIR GOMEZ MARTINEZ,ANTONIO CUERVO COLUNGA
30,082,MOR,Candidata o candidato de MORENA,Candidato o candidata de MORENA
30,082,C_PVEM_MOR,HECTOR NORBERTO AGUIRRE IBARROLA,APOLINAR CABRERA TOLENTINO
30,154,PAN,ELSY GUADALUPE ZARATE GOMEZ,BASILIA PEREZ REYES
30,154,PRI,ELI DETH ANTONIO VELAZQUEZ,DULCE MIREYA NORBERTO OLMOS
30,154,PVEM,YURIDSID YUSELMI HERNANDEZ HERNANDEZ,MICAELA GARCIA AZUARA
30,154,PT,DEYANIRA JIMENEZ HERNANDEZ,MINERVA ACOSTA DE LA CRUZ
30,154,MC,VICTOR VICTORIANO VIDAURRI,JESUS ALFONSO ZAMORA VELAZQUEZ
30,154,MOR,AYLIN CELSO AMADO,CLAUDIA ANEL CRUZ BARRIOS
30,166,PAN,OLGA ISELA GERARDO MORALES,YURIANA YAZMIN HERNANDEZ DE LA CRUZ
30,166,PRI,MARIANA RODRIGUEZ ZUBIRIA,NORMA EDITH VAZQUEZ DEL ANGEL
30,166,PVEM,Candidata o candidato del PVEM,Candidato del PVEM
30,166,PT,GRACIELA PULIDO MARTINEZ,ESTHER ROMAN PONCE
30,166,MC,LETICIA MIGUEL GALVAN,HEIDI ZELENE MENDIOLA HERNANDEZ
30,166,MOR,Candidata o candidato de MORENA,Candidato o candidata de MORENA
30,166,C_PVEM_MOR,YANET GONZALEZ DE LA CRUZ,BEATRIZ RAFAELA MARTINEZ JIMENEZ
30,169,PAN,FIDEL ALONSO MAURICIO,CAROLINO ALEJANDRO GRANADA
30,169,PVEM,Candidata o candidato del PVEM,Candidato del PVEM
30,169,PT,DULCEIDI NAVA HERNANDEZ,DIANA IBETH NAVA HERNANDEZ
30,169,MC,OSCAR MERIDA CASTRO,LORENZO TEODORO MANUEL
30,169,MOR,Candidata o candidato de MORENA,Candidato o candidata de MORENA
30,169,C_PVEM_MOR,FRANCISCO ESCAMILLA DE LA CRUZ,LAURI FRANCISCO MATEO
30,179,PAN,OSCAR HERRERA PEREZ,MARGARITO CUEVAS MACARIO
30,179,PRI,JOSE ROBERTO MARIN ANGELES,MANUEL GOMEZ VILLEGAS
30,179,PVEM,Candidata o candidato del PVEM,Candidato del PVEM
30,179,PT,MAYRA ROSARIO CASTAÑEDA BAZAN,SANDRA FIGUEROA ASIAIN
30,179,MC,KARLA LOPEZ PEREZ,ROSALIA BAZAN SOSA
30,179,MOR,Candidata o candidato de MORENA,Candidato o candidata de MORENA
30,179,C_PVEM_MOR,YESSENIA TREJO MARTINEZ,ROSSY OFELIA LARA REYNA
30,198,PAN,SONIA CARVAJAL HERNANDEZ,SARA VERONICA RAMOS CASTAÑEDA
30,198,PRI,ANDRES MALDONADO YAÑEZ,ALBERTO GARCIA MORALES
30,198,PVEM,Candidata o candidato del PVEM,Candidato del PVEM
30,198,PT,ROLANDO SANCHEZ PELCASTRE,TAURINO SOTO PELCASTRE
30,198,MC,ALICIA MONTER ESCORCIA,YADIRA SANCHEZ PELCASTRE
30,198,MOR,Candidata o candidato de MORENA,Candidato o candidata de MORENA
30,198,C_PVEM_MOR,CRISTOBAL SOTO CABRERA,WILLEBALDO HERNANDEZ MARQUEZ
30,202,PAN,JOSUE GONZALO SUSANO HERNANDEZ,CIRILO CRUZ MORALES
30,202,PRI,ADELA ERNESTO SANCHEZ,LIBIA SEBASTIAN DE LA CRUZ
30,202,PVEM,Candidata o candidato del PVEM,Candidato del PVEM
30,202,PT,ARTURO GUZMAN DE LA CRUZ,ANGELA DE LA CRUZ JOSEFA
30,202,MC,AYLIN RAMIREZ BENITEZ,JANA YERALDIN RAMIREZ BENITEZ
30,202,MOR,Candidata o candidato de MORENA,Candidato o candidata de MORENA
30,202,C_PVEM_MOR,JOSE MIGUEL JIMENEZ HERNANDEZ,MALCO RIOS REYNA
30,003,PAN,ANDRES BARUCH MALDONADO,DANIEL ALVAREZ SAENZ
30,003,PRI,JUAN RODRIGUEZ ARROYO,IVAN RODRIGUEZ CANO
30,003,PVEM,Candidata o candidato del PVEM,Candidato del PVEM
30,003,PT,MARCO ANTONIO MARTINEZ AMADOR,HUMBERTO REYES AGUILAR
30,003,MC,CUITLAHUAC CONDADO ESCAMILLA,ANUAR GONZALEZ BARRADAS
30,003,MOR,Candidata o candidato de MORENA,Candidato o candidata de MORENA
30,003,CAND_IND_1,NEYRA LOYO REYES,ESTRELLA ISLAS MORTERA
30,003,C_PVEM_MOR,RAUL DAVID SALOMON GARCIA,MARTIN MARTINEZ GOMEZ
30,050,PAN,LUCERO YADIRA ROSAINZ GURRION ,ARACELI TAMEZ FUENTES
30,050,PRI,CIRILO VAZQUEZ PARISSI,ELVIS ALBERTO CABRERA SILVA
30,050,PVEM,Candidata o candidato del PVEM,Candidato del PVEM
30,050,PT,ROSA ISELA SANTIAGO GOMEZ,CONSUELO SALINAS MATEOS
30,050,MC,JULIO CESAR GONZALEZ FERNANDEZ,FLORIBERTO TORRES SANTIAGO
30,050,MOR,Candidata o candidato de MORENA,Candidato o candidata de MORENA
30,050,C_PVEM_MOR,ELENA MONTALVO LUNA,OLGA LIDIA RAMIREZ VALDES
30,061,PAN,JESUS FRANCISCO HERNANDEZ LOPEZ,FRANCISCO HERNANDEZ ALEMAN
30,061,PRI,SANTIAGO CORTES PADUA,IRVIN OMAR PEREZ RAMOS
30,061,PVEM,Candidata o candidato del PVEM,Candidato del PVEM
30,061,PT,SARA TORRES SOLER,TOMASA HERNANDEZ JARA
30,061,MC,CELINA ANANLLELI PEREZ BASULTO,ZULMA DEL CARMEN HERNANDEZ FERNANDEZ
30,061,MOR,Candidata o candidato de MORENA,Candidato o candidata de MORENA
30,061,C_PVEM_MOR,JESUS FERNANDEZ CESPEDES,MIGUEL MARTINEZ LUNA
30,079,PAN,JORGE CARLOS LAGOS SAUCEDO,EFREN BALDERAS BALDERAS
30,079,PVEM,JOSE MARIA RAMON AGUIRRE,HECTOR MORALES COLI
30,079,PT,GABRIEL ENRIQUEZ PEREZ,HERMINIO HERNANDEZ BAUTISTA
30,079,MC,RAMON MARTINEZ TRESS,GILBERTO CARDENAS CERVERA
30,079,MOR,JANIX LILIANA CASTRO MUÑOZ,YASMIN GEORGINA RODRIGUEZ MILAN
30,095,PAN,CARLOS MURGUIA TINOCO,ISRAEL ELVIRA BARRADAS
30,095,PRI,VICTOR DE JESUS REYES NAJERA,IRAN CAMPOS QUINTO
30,095,PVEM,Candidata o candidato del PVEM,Candidato del PVEM
30,095,PT,ADAUTO MARURE PARRA,JOSE DOMINGUEZ MIRANDA
30,095,MC,DOMINGA XOCHILT TRESS RODRIGUEZ,MARTINA PORTILLA RODRIGUEZ
30,095,MOR,Candidata o candidato de MORENA,Candidato o candidata de MORENA
30,095,C_PVEM_MOR,IRINEO MAULEON ELVIRA,ANACLETO MONTERO HUESCA
30,131,PAN,MARIEL SANCHEZ PEREZ,JOVITA CASTAÑEDA RIVERA
30,131,PRI,EVELIA ANGELINO MALDONADO,MARIA ESTHER CORDOBA ANDRADE
30,131,PVEM,Candidata o candidato del PVEM,Candidato del PVEM
30,131,PT,FLOR YELITZA MARTINEZ ZAMORANO,SONIA ORTIZ LUCAS
30,131,MC,CECILIA ALVAREZ UBIETA,LETICIA SOLIS SANTOS
30,131,MOR,Candidata o candidato de MORENA,Candidato o candidata de MORENA
30,131,C_PVEM_MOR,RAMIRO MARTINEZ AMEZCUA,NAHUM NOEL MARTINEZ AMEZCUA
30,212,PAN,REYNA LORENZO CRUZ,ANGELA CARRERA DE DIOS
30,212,PRI,MARIA DE LA LUZ RAMIREZ ARMAS,LUCERO GUADALUPE GALLO RIVERA
30,212,PVEM,Candidata o candidato del PVEM,Candidato del PVEM
30,212,PT,IGNACIO PABLO SANCHEZ,JOSE PACHECO MANUEL
30,212,MC,BEATRIZ RODRIGUEZ REVILLA,MIREYA ESTEBAN MARCIAL
30,212,MOR,Candidata o candidato de MORENA,Candidato o candidata de MORENA
30,212,C_PVEM_MOR,BARTOLO AVENDAÑO BORROMEO,CIRILO AUSENCIO PABLO
30,143,PAN,DANIELA ALEJANDRA TADEO GOMEZ,SANDRA GISELL SANTIAGO LAZARO
30,143,PRI,JUAN PABLO VALDES MARTINEZ,LUIS GUADALUPE PALACIOS GARCIA
30,143,PVEM,Candidata o candidato del PVEM,Candidato del PVEM
30,143,PT,ROSENDA HERRERA DOMINGUEZ,NOEMI TADEO DOMINGUEZ
30,143,MC,GALILEA SANCHEZ GUILLEN,CLARA CASTRO FRANCISCO
30,143,MOR,Candidata o candidato de MORENA,Candidato o candidata de MORENA
30,143,C_PVEM_MOR,ELOISA ZETINA GOMEZ,GUILLERMINA GOMEZ SANCHEZ
30,145,PAN,JAVIER SULVARAN AGUIRRE,RAMON DE JESUS ZAMUDIO ORTIZ
30,145,PRI,MARIA CLARA ESTHER PATRICIO PEREZ,CELERINA ISIDORO RUPERTO
30,145,PVEM,Candidata o candidato del PVEM,Candidato del PVEM
30,145,PT,JOSE MANUEL MUÑOZ MURRIETA,JESUS ANTONIO ACEVEDO FLORES
30,145,MC,YAZMIN MONTALVO FELIPE,MARIA GONZALEZ ROMAN
30,145,MOR,Candidata o candidato de MORENA,Candidato o candidata de MORENA
30,145,C_PVEM_MOR,MIRNA ADRIANA RUFINO MARTINEZ,ROSA MARTINEZ LUCIANO
30,146,PAN,MARIA DEL ROSARIO ESCOBEDO FONSECA,FRANCISCA RODRIGUEZ MARTINEZ
30,146,PRI,MARIA DE LOURDES GOMEZ JIMENEZ,EDITH ZENET CULEBRO GARDUZA
30,146,PVEM,Candidata o candidato del PVEM,Candidato del PVEM
30,146,PT,MARIBEL GARCIA MARTINEZ,MARIA DEL PILAR GARCIA AVENDAÑO
30,146,MC,CRISTOBAL SINFOROSO ROSAS,ANA KAREN SINFOROSO FONSECA
30,146,MOR,Candidata o candidato de MORENA,Candidato o candidata de MORENA
30,146,C_PVEM_MOR,DENI BERENICE LINO ANTONIO,CLAUDIA IVETH MACIAS LOPEZ
30,199,PAN,GABINO FRANCISCO MARTINEZ,HIGINIO CRUZ MARTINEZ
30,199,PRI,MAYAHUEL ALOR MUÑOZ,OLIVIA IGNACIO HERNANDEZ
30,199,PVEM,Candidata o candidato del PVEM,Candidato del PVEM
30,199,PT,JUAN PEREZ GOMEZ,BEATRIZ MARTINEZ FRANCISCO
30,199,MC,EDITH CRUZ FRANCISCO,MARGARITA IGNACIO BAUTISTA
30,199,MOR,Candidata o candidato de MORENA,Candidato o candidata de MORENA
30,199,CAND_IND_1,MIGUEL ANGEL GRAJALES MATEO,NELLY NOEHLI MARTINEZ CRUZ
30,199,C_PVEM_MOR,CATALINA HERNANDEZ MISS,KARINA IVETT LOPEZ HERNANDEZ
30,029,PAN,MARIA JOSEFINA GAMBOA TORALES,MARIA EUGENIA SENTIES SANTOS
30,029,PRI,ERNESTO VIVAS ENRIQUEZ,JORGE GABRIEL LOPEZ GARCIA
30,029,PVEM,Candidata o candidato del PVEM,Candidato del PVEM
30,029,PT,ENRIQUE MARIANO MOLINA RAMIREZ,RICARDO INGRAM REYES
30,029,MC,RAUL ZARRABAL FERAT,SERGIO GUADALUPE LAVALLE GARCES
30,029,MOR,Candidata o candidato de MORENA,Candidato o candidata de MORENA
30,029,C_PVEM_MOR,BERTHA ROSALIA AHUED MALPICA,GLORIA ADRIANA HUESCA BALBUENA
30,192,PAN,INDIRA DE JESUS ROSALES SAN ROMAN,DENISSE BALDERAS ACOSTA
30,192,PRI,LUZ CAROLINA GUDIÑO CORRO,MARIA GUADALUPE LOPEZ GOMEZ PEÑA
30,192,PVEM,Candidata o candidato del PVEM,Candidato del PVEM
30,192,PT,MARIO ALBERTO WONG ROBLEDO,WILBER MOTA MONTOYA
30,192,MC,BELEM PALMEROS EXSOME,ALICIA LOPEZ LOPEZ
30,192,MOR,Candidata o candidato de MORENA,Candidato o candidata de MORENA
30,192,C_PVEM_MOR,ROSA HERNANDEZ ESPEJO,GLORIA AMALIA MADERA RUIZ
30,132,PAN,LEONARDO AMADOR RODRIGUEZ,RICARDO LEON MONDRAGON
30,132,PRI,JUAN MANUEL ALONSO RIVERA,LEONCIO BALDERAS HERNANDEZ
30,132,PVEM,Candidata o candidato del PVEM,Candidato del PVEM
30,132,PT,CELSO ROGELIO QUIROZ PULIDO,MARIA ISABEL GUTIERREZ MELENDEZ
30,132,MC,EMILIO OLVERA ANDRADE,DAVID CRESCENCIO RIVAS VAZQUEZ
30,132,MOR,Candidata o candidato de MORENA,Candidato o candidata de MORENA
30,132,C_PVEM_MOR,JANETH ADANELY RODRIGUEZ RODRIGUEZ,STEPAHNY PAOLA MAR SEGURA
30,152,PAN,ROSAURA CRUZ MENDEZ,BENITA MIRAMON DOMINGUEZ
30,152,PRI,JORGE JAVIER AHUMADA ABRAHAM,REYNA RAMOS MAR
30,152,PVEM,CITLALI MEDELLIN CAREAGA,MARIA DEL PILAR GUZMAN MEDELLIN
30,152,PT,JORGE ANTONIO LARA CRUZ,ISMAEL BLANCO FIGON
30,152,MC,AGUSTIN REYES MENDOZA,HUGO ROGELIO HERNANDEZ ISLAS
30,152,MOR,CINDY GABRIELA CRUZ NOLASCO,LETICIA GALLARDO MONTERRUBIO
30,174,PAN,AMADO GUERRERO LOPEZ,OSCAR JOSE DE LEIJA GONZALEZ
30,174,PRI,JOCELYN GUADALUPE GARCIA PLASCENCIA,ZURIZADAI JIMENEZ CASIANO
30,174,PVEM,Candidata o candidato del PVEM,Candidato del PVEM
30,174,PT,ERIK PEREZ ALVAREZ,GERARDO SAN JUAN DEL ANGEL
30,174,MC,RAUL HERNANDEZ GALLARDO,LIBRADA CRISTOBAL CRUZ
30,174,MOR,Candidata o candidato de MORENA,Candidato o candidata de MORENA
30,174,CAND_IND_1,JAVIER CARO ROSAS,MISAEL CASTRO CRUZ
30,174,C_PVEM_MOR,MIRTA IDALIA GARCIA GARCIA,CELSA ELENA CLEMENTE ESPINOSA
30,188,PAN,JUAN RAMON GANEM VARGAS,ROBERTO DESCHAMPS RUIZ 
30,188,PRI,ANA ALICIA PEREZ DIAZ,ERENDIRA MARTINEZ CRUZ
30,188,PVEM,ALBERTO SILVA RAMOS,RAUL ALEJANDRO COBOS SALAS
30,188,PT,MIGUEL ANGEL ELIZALDE MARTINEZ,TOMAS CRISTOBAL CRUZ
30,188,MC,JUAN FRANCISCO CRUZ LORENCEZ,VICTOR MANUEL CHAVEZ MARTINEZ
30,188,MOR,DANIEL CORTINA MARTINEZ,ALEJANDRO ALARCON GONZALEZ
30,035,PAN,ELEUTERIA SAN MARTIN MORENO,MAYRA SAN JUAN SIMBRON
30,035,PRI,ESPERANZA HERNANDEZ PEREZ,DIANA ISABEL ZUÑIGA JIMENEZ
30,035,PVEM,Candidata o candidato del PVEM,Candidato del PVEM
30,035,PT,JOEL VICENCIO ELIAS,CACIANO TOVAR TOVAR
30,035,MC,HUMBERTO OLVERA TORRES,JUAN HUMBERTO OLVERA TOVAR
30,035,MOR,Candidata o candidato de MORENA,Candidato o candidata de MORENA
30,035,C_PVEM_MOR,JOAQUIN GUTIERREZ GOMEZ,BARDOMIANO RAMIREZ GONZALEZ
30,039,PAN,ADRIANA MARQUEZ PEREA,DOLORES HERNANDEZ FRANCISCO
30,039,PRI,ISAAC GARCIA ALVAREZ,JOAQUIN SANTIAGO ANTONIO
30,039,PVEM,JOSUE ROBERTO FRANCISCO SANTIAGO,SEVERO SANTIAGO FRANCISCO
30,039,PT,REYNA HERNANDEZ SANTIAGO,MARISOL HERNANDEZ GARCIA
30,039,MC,CONCEPCION ALDANA MENDOZA,MARTINA ALVARADO GOMEZ
30,039,MOR,MAGNOLIA SALAS HERRERO,MANUELA CRUZ LOPEZ
30,042,PAN,ARACELY GARCIA VALENCIA,YOLANDA SANTIAGO HERNANDEZ
30,042,PRI,ELIZABETH VARGAS GRANT,IRMA YOLANDA ROLDAN PERALES
30,042,PVEM,Candidata o candidato del PVEM,Candidato del PVEM
30,042,PT,LORENA LOPEZ VELAZQUEZ,ELIZABETH ELISANDRA GARCIA JIMENEZ
30,042,MC,LUIS ALFONSO FALLA BONILLA,EVELIA FRANCO PEREZ
30,042,MOR,Candidata o candidato de MORENA,Candidato o candidata de MORENA
30,042,C_PVEM_MOR,JORGE ADRIAN ALANIS MONTERRUBIO,OTILIA CABRERA RAGA
30,052,PAN,LAURO BECERRA GARCIA,JOAQUIN VICENTE GALINDO
30,052,PRI,AURORA ROSAS GONZALEZ,CARMEN GARCIA JUAREZ
30,052,PVEM,Candidata o candidato del PVEM,Candidato del PVEM
30,052,PT,ROSALIA MORENO BAUTISTA,ILSE DEL CARMEN LUNA GARCIA
30,052,MC,KARLA MARIA GALEOTE VARGAS,GRISELDA GAONA GONZALEZ
30,052,MOR,Candidata o candidato de MORENA,Candidato o candidata de MORENA
30,052,C_PVEM_MOR,RAMON VALENCIA PEREZ,MATEO MENDEZ SERAFIN
30,053,PAN,BIANCA LIZBETH GONZALEZ IBARRA,ANA MARIA SANTOS GASPAR
30,053,PRI,FRANCISCA ROMERO CORTES,MICAELA ANTONIO CABRERA
30,053,PVEM,Candidata o candidato del PVEM,Candidato del PVEM
30,053,PT,ELEUTERIA GARRIDO SALAZAR,CONCEPCION ALVAREZ PEREZ
30,053,MC,BERTA JIMENEZ GOMEZ,BLANCA ROSA CASTILLO LEON
30,053,MOR,Candidata o candidato de MORENA,Candidato o candidata de MORENA
30,053,C_PVEM_MOR,YAMURI EMMANUEL PALACIO ALDANA,MARTIN FILIBERTO NAVA DEL ANGEL
30,066,PAN,JOSUE SANCHEZ SALAZAR,CRESCENCIO GONZALEZ VAZQUEZ
30,066,PRI,MANUEL MONTE ESPINOZA,MARIA GUEVARA CRUZ
30,066,PVEM,CORNELIA JUAN GARCIA,JUANA GARCIA OLMOS
30,066,PT,EDGAR ESPINOZA SALAZAR,ERIK URIEL MORGADO SALAZAR
30,066,MC,URSULA ESPINOZA PEREZ,JOSEFA HERNANDEZ GARCIA
30,066,MOR,IRMA LIZETTE VEGA LOPEZ,MARIA MERCEDES PEREZ GARCIA
30,066,CAND_IND_1,VICENTE GALINDO HERNANDEZ,MAGDALENO ESPINOZA PEREZ
30,068,PAN,CARMEN M MEDINA BAUTISTA,MARIANA CRUZ GARCIA
30,068,PRI,JOSE GUADALUPE GARCIA PEREZ,JOSE HERUVIEL REYES JIMENEZ
30,068,PVEM,VIRIDIANA PEREZ PATIÑO,LIDIA LIBRADO HERNANDEZ
30,068,PT,LEON HUMBERTO PEREZ CANDANEDO,VERONICA MENDOZA HERNANDEZ
30,068,MC,ELBA PEREZ HERNANDEZ,FLAVIA PEREZ TELLEZ
30,068,MOR,IRMA NICOLAS SANTES,LIDIA JIMENEZ GOMEZ
30,069,PAN,MIGUEL VENTURA CORTES,ABEL SANTIAGO JERONIMO
30,069,PRI,JUAN GARCIA LOPEZ,MIGUEL LOPEZ FRANCISCO
30,069,PT,ROSA GOMEZ FRANCISCO,JOSEFA CORTEZ VAZQUEZ
30,069,MC,MANUEL JERONIMO GARCIA,FRANCO FRANCISCO CRUZ
30,069,MOR,MARIA DEL ROSARIO LAUREANO CORTES,BRENDA JANET CRUZ GONZALEZ
30,071,PAN,CARLOS RAUL SILVA VEGA,HECTOR RODRIGUEZ HERNANDEZ
30,071,PRI,JACQUELINE SUSANN ASENCIO PACHECO,ROSA ELENA CHENA PERDOMO
30,071,PVEM,VICTOR MANUEL CERDA PEREZ,IVAN BASTIAN TINOCO
30,071,PT,SOSTENES AURELIO GUTIERREZ PASTRANA,MAGDALENA GOMEZ GARCIA
30,071,MC,SILVIANA RODRIGUEZ MARTINEZ,NATIVIDAD ROUSSEL NUÑEZ
30,071,MOR,Candidata o candidato de MORENA,Candidato o candidata de MORENA
30,071,C_PVEM_MOR,VICTOR MANUEL CERDA PEREZ,IVAN BASTIAN TINOCO
30,104,PAN,JOSEFINA ESPINOZA LEON,JOSEFA SANTIAGO MARCOS
30,104,PRI,ALFREDO JIMENEZ VAZQUEZ,MIGUEL SALAZAR ANTONIO
30,104,PVEM,JOSE MANUEL MARCOS JUAREZ,ANGEL SANTIAGO LUIS
30,104,PT,MAYRA LUIS JIMENEZ,LEONOR CABAÑES ESPINOZA
30,104,MC,MAXIMO VAZQUEZ TIRZO,IGNACIO SANTIAGO FABIAN
30,104,MOR,MIGUEL VAZQUEZ ANTONIO,ALFONSO SOTERO OLMOS
30,125,PAN,IMELDA CAMACHO LARRAGA,INGRID ARISBETH GUTIERREZ CRUZ
30,125,PRI,CRISPIN CARREON GARCIA,ESTEBAN ARMANDO ALVAREZ REYES
30,125,PVEM,Candidata o candidato del PVEM,Candidato del PVEM
30,125,PT,BONIFACIO CASTILLO CRUZ,PEDRO VIADANA GONZALEZ
30,125,MC,MARIANO ROMERO GONZALEZ,HILARION ABAD GARCIA CRUZ
30,125,MOR,Candidata o candidato de MORENA,Candidato o candidata de MORENA
30,125,C_PVEM_MOR,GONZALO FLORES CASTELLANOS,LORENZO CARLOS COLLADO CABRERA
30,158,PAN,JUAN ANGEL ESPEJO MALDONADO,MARIA OBDULIA RAGA MIRANDA
30,158,PRI,MARIA ANEL POIZOT IRISSON,ALONDRA SANCHEZ DIAZ
30,158,PVEM,WENCESLAO SANTIAGO CASTRO,GLORIA ISABEL ORDOÑEZ HERNANDEZ
30,158,PT,ANSELMO RAMOS CAPITAINE,EUGENIO POIZOT IRISSON
30,158,MC,MONICA TEJEDA HERNANDEZ,AMERICA KAORI CORONADO BORJA
30,158,MOR,PERLA EUFEMIA ROMERO RODRIGUEZ,LUISA RAGAZZO CRUZ
30,203,PAN,JOSE DE JESUS CAMPO ANTONIO,NAPOLEON OCTAVIO ALVAREZ HERNANDEZ
30,203,PRI,ALEJANDRA DE LUNA GAONA,MARTINA SALVADOR PEREZ
30,203,PVEM,Candidata o candidato del PVEM,Candidato del PVEM
30,203,PT,VEANEYD PERALTA GARCIA,CARMEN ARACELI VICENTE JUAREZ
30,203,MC,ALMA DELIA ARANDA GRANDE,RUT ESMERALDA SANTIAGO OLVERA
30,203,MOR,Candidata o candidato de MORENA,Candidato o candidata de MORENA
30,203,C_PVEM_MOR,TAGGASSY GARCIA LOBATO,ROSIO CARCAMO HERNANDEZ
30,011,PAN,CERUL JIMENEZ MADRID,ORLANDO DONAE GONZALEZ QUEZADAS
30,011,PRI,LUIS GUILLERMO GUEVARA SARABIA,JOSE MANUEL CAMARILLO JUAREZ
30,011,PVEM,Candidata o candidato del PVEM,Candidato del PVEM
30,011,PT,DEYANIRA DOMINGUEZ MENDEZ,PATRICIA TRUJILLO TENORIO
30,011,MC,IVONNE TRUJILLO ORTIZ,YOLOTZIN HERRERA PAZOS
30,011,MOR,Candidata o candidato de MORENA,Candidato o candidata de MORENA
30,011,C_PVEM_MOR,JUAN PABLO BECERRA HERNANDEZ,AUSENCIO MARTINEZ DEL MORAL
30,024,PAN,ARACELY RAMOS CARO,BLANCA FLOR CASTELLANOS CRUZ
30,024,PRI,JOSE HOMERO DOMINGUEZ LANDA,FIDENCIO MONFIL FERNANDEZ
30,024,PVEM,Candidata o candidato del PVEM,Candidato del PVEM
30,024,PT,FEDRA ARIADNA HERNANDEZ GARCIA,ANA KAREN DOROTEO SANTILLAN
30,024,MC,GRECIA ANDREA RODRIGUEZ ALARCON,ANA DENI MORA SESEÑA
30,024,MOR,Candidata o candidato de MORENA,Candidato o candidata de MORENA
30,024,C_PVEM_MOR,JESUS ARTURO MENDEZ HERRERA,RAUL VILLA MENDEZ
30,088,PAN,ERIK REYES AROS,ALAN MEDORIO TINOCO
30,088,PRI,LUZ MARIA DEL CARMEN CONDE TELLEZ,NANCY RODRIGUEZ HERNANDEZ
30,088,PVEM,ROBERTO PERDOMO BALTAZAR,SALVADOR CONDE GONZALEZ
30,088,PT,MIGUEL VICENTE CUELLAR CONTRERAS,MODESTO GREGORIO RAMIREZ
30,088,MC,CLAUDIO ABURTO LUIS,JAIME GREGORIO MONTALVO
30,088,MOR,CONCEPCION BANDALA MARTINEZ,NADIA BRISANIA HILARIO RODRIGUEZ
30,103,PAN,TERESA HERRERA MARTINEZ,ARIANA JAZMIN ORDUÑA PATRICIO
30,103,PRI,MARIO MANZANILLA COBOS,MOISES LARA MORALES
30,103,PVEM,Candidata o candidato del PVEM,Candidato del PVEM
30,103,PT,ROLANDO RAMIREZ SANCHEZ,JUAN ARMANDO SOTO CAMACHO
30,103,MC,ANGEL ABEL BELLI RAMIREZ,GUILLERMO DE LA ROSA ORTIZ
30,103,MOR,Candidata o candidato de MORENA,Candidato o candidata de MORENA
30,103,C_PVEM_MOR,MODESTO VELAZQUEZ TORAL,JORGE MORA GRAJALES
30,211,PAN,LORENA FERNANDEZ ALVAREZ,LAURA JUAREZ SALAZAR
30,211,PRI,ABIGAIL MENDEZ GUERRERO,ANA MARIA POSADAS RODRIGUEZ
30,211,PVEM,Candidata o candidato del PVEM,Candidato del PVEM
30,211,PT,HECTOR JAVIER LAGUNES MARIN,ARTURO ORTEGA HERNANDEZ
30,211,MC,CARMEN CONTRERAS LAURANCHET,GUADALUPE HERNANDEZ ROMERO
30,211,MOR,Candidata o candidato de MORENA,Candidato o candidata de MORENA
30,211,C_PVEM_MOR,GIL ARMANDO MENDEZ GRAPPIN,JOSE LUIS SALAZAR ALVARADO
30,110,PAN,OTHON HERNANDEZ CANDANEDO,SALOMON DEL ANGEL Y ALVARADO
30,110,PRI,FELICIANO SANTAMARIA FERNANDEZ,VICTOR MELGAREJO ORDUÑA
30,110,PVEM,Candidata o candidato del PVEM,Candidato del PVEM
30,110,PT,ARACELY GUADALUPE PEREZ ROA,ARACELY ROA MENDOZA
30,110,MC,RENE OMAR JAEN DOMINGUEZ,MARCELINO JAEN DOMINGUEZ
30,110,MOR,Candidata o candidato de MORENA,Candidato o candidata de MORENA
30,110,C_PVEM_MOR,LIZBETH BOLAÑOS TAPIA,GLAFIRA MARQUEZ MENDEZ
30,115,PAN,JOSE HERNESTO OCHOA GONZALEZ,ARMANDO MERUELOS TORAL
30,115,PRI,ORLANDO SANCHEZ TEJEDA,ELIAS MARQUEZ JORGE
30,115,PVEM,Candidata o candidato del PVEM,Candidato del PVEM
30,115,PT,CLAUDIA SILVA FOUCHET,MARIA IRENE MARIN CRUZ
30,115,MC,FELIPE NICOLAS CAPITAINE RIVERA,JUAN ZAMORA CELIS
30,115,MOR,Candidata o candidato de MORENA,Candidato o candidata de MORENA
30,115,C_PVEM_MOR,MARCIA RODIZ ,GUILLERMO DOMINGUEZ BARRERA
30,162,PAN,BRITNY CRYSTAL HERNANDEZ SANCHEZ,REBECA HERNANDEZ AGUILAR
30,162,PRI,BLANCA ESTELA GARCIA CARRETO,ANGELICA HERNANDEZ ROSAS
30,162,PVEM,FERNANDO SANCHEZ HERNANDEZ,FORTINO HERNANDEZ SANCHEZ
30,162,PT,AURORA HERNANDEZ HERNANDEZ,MICHEAS HERNANDEZ SANTIAGO
30,162,MC,MARGARITA HERNANDEZ HERNANDEZ,INES BAUTISTA HERNANDEZ
30,162,MOR,ELIAZER GARCIA HERNANDEZ,HORACIO HIPOLITO HERNANDEZ HERNANDEZ
30,182,PAN,MIGUEL ANGEL CERVANTES CORDOBA,ISAAC HERRERA MANCILLA
30,182,PRI,CELSO RODRIGUEZ RAMOS,VICTOR MANUEL TORIBIO HERNANDEZ
30,182,PVEM,Candidata o candidato del PVEM,Candidato del PVEM
30,182,PT,HEBER ARRIAGA ANDRADE,AMEYALLI ARRIAGA ANDRADE
30,182,MC,NOE GUZMAN MUÑOZ,PEDRO MENDEZ MORENO
30,182,MOR,Candidata o candidato de MORENA,Candidato o candidata de MORENA
30,182,C_PVEM_MOR,VICTOR JUAN APOLINAR BARRIOS,GERMAN PAZOS RODRIGUEZ
30,002,PAN,MARTA LETICIA AGUILAR ORTEGA,ANDREA SALAS AGUILAR
30,002,PRI,ROSA GARCIA ALARCON,LAURA EDITH BAUTISTA GOMEZ
30,002,PVEM,NAHUM ROGELIO HERNANDEZ GRAJALES,LUIS GERARDO SALAS RENDON
30,002,PT,NORMA VIRGINIA ORTEGA ORTEGA,MARIA ANTONIA HERNANDEZ ORTEGA
30,002,MC,MARIA DE LOS ANGELES MENDOZA GARCIA,LIZBETH ALEJANDRA VIVEROS PEREZ
30,002,MOR,NAHUM ROGELIO HERNANDEZ GRAJALES,LUIS GERARDO SALAS RENDON
30,002,C_PVEM_MOR,NAHUM ROGELIO HERNANDEZ GRAJALES,LUIS GERARDO SALAS RENDON
30,004,PAN,ELY MARIANA SANCHEZ HERNANDEZ,JOHANA TORAL LOPEZ
30,004,PRI,JUAN CALLEJAS ORTIZ,FILIBERTO BARRADAS ORTIZ
30,004,PVEM,Candidata o candidato del PVEM,Candidato del PVEM
30,004,PT,FRANCISCO EGUIA PARRA,ADALID TIRADO VASQUEZ
30,004,MC,JUAN LUIS BARRADAS RONZON,SANTIAGO BARRADAS SANCHEZ
30,004,MOR,Candidata o candidato de MORENA,Candidato o candidata de MORENA
30,004,C_PVEM_MOR,JOSE EDUARDO UTRERA CARRETO,VICENTE LARA MORGADO
30,010,PAN,ERIK IVAN AGUILAR LOPEZ,HECTOR EDUARDO MORALES MONTERO
30,010,PRI,MONSERRAT ITHANDEWY SANCHEZ DAVILA,STEPHANIE EDITH SANCHEZ DAVILA
30,010,PVEM,Candidata o candidato del PVEM,Candidato del PVEM
30,010,PT,CONSTANTINO AGUILAR AGUILAR,CIRINA HERNANDEZ DOMINGUEZ
30,010,MC,MARIA ELENA CORDOVA MOLINA,MARIA ANGELICA ANGHUEVEN AMOX
30,010,MOR,Candidata o candidato de MORENA,Candidato o candidata de MORENA
30,010,C_PVEM_MOR,ROQUE CASTILLO CASTILLO,BERTIN AGUILAR VIVEROS
30,017,PAN,TITA CASTRO ROSADO,YRASEMA RIVERA PEREZ
30,017,PRI,FLORENTINO VALERDI EVANGELISTA,ANGEL ICTALI FERNANDEZ LOPEZ
30,017,PVEM,Candidata o candidato del PVEM,Candidato del PVEM
30,017,PT,LOANA NORAIDY MOSCOSO TREVIÑO,LAURA GISELA DOMINGUEZ RODRIGUEZ
30,017,MC,VENANCIO CARLOS REYES BRETON,GILBERTO QUINTERO ESCOBAR
30,017,MOR,Candidata o candidato de MORENA,Candidato o candidata de MORENA
30,017,C_PVEM_MOR,EFRAIN REBOLLEDO RODRIGUEZ,GUILLERMO SANCHEZ ONTIVEROS
30,018,PAN,NERY AGUILAR SANTAMARIA,YAMILET CARDEÑA LOPEZ
30,018,PRI,RODRIGO VALDEZ CASAS,FELIX ALBERTO LOPEZ GONZALEZ
30,018,PVEM,Candidata o candidato del PVEM,Candidato del PVEM
30,018,PT,MIDORI YOANA CARDEÑA SANTAMARIA,BENITA CABRERA VALDEZ
30,018,MC,EFRAIN GONZALEZ FLORES,NELLY MONSERRAT GONZALEZ DOMINGUEZ
30,018,MOR,Candidata o candidato de MORENA,Candidato o candidata de MORENA
30,018,C_PVEM_MOR,ELVIRA GARCIA MARTINEZ,LIZBETH CASTILLO GARCIA
30,025,PAN,GUADALUPE LENDECHY SANCHEZ,SILVERIA GALVAN SANTAMARIA
30,025,PRI,DANIEL DOMINGUEZ LOPEZ,JAVIER AGUILAR CALTE
30,025,PVEM,Candidata o candidato del PVEM,Candidato del PVEM
30,025,PT,FLOR ISELA ROSALES GARCIA,JAZMIN GARCIA FERNANDEZ
30,025,MC,ROCIO LEON ORTEGA,ISABEL ROSALES TORRES
30,025,MOR,Candidata o candidato de MORENA,Candidato o candidata de MORENA
30,025,C_PVEM_MOR,MARIA DE JESUS CABALLERO LOPEZ,OBDULIA CABALLERO CARRERA
30,044,PAN,DANIELA ZARATE LOZANO,ANGELICA MARIA HERNANDEZ AGUILAR
30,044,PRI,RAYMUNDO SILVA ZAMUDIO,SANDRA CATALINA MASEGOSA PALOMINO
30,044,PVEM,MARIO ANTONIO CHAMA DIAZ,GAUDENCIO ZAPATA HERNANDEZ
30,044,PT,FRANCISCO GONZALEZ VILLA,GUILLERMO MOLINA LANDA
30,044,MC,RENATO VIVEROS SALAZAR,RENATO VIVEROS SALAZAR
30,044,MOR,JACOBO MASEGOSA LLANAS,ERIC BENITO AGUILERA DELGADO
30,059,PAN,RENE MARTINEZ GONZALEZ,REY HERNANDEZ MARTINEZ
30,059,PRI,ISABEL TRUJILLO CASTILLO,MARIA DE JESUS TRUJILLO CALDERON
30,059,PVEM,NAZARIO EMMANUEL PEREA MORALES,NAZARIO PEREA AGUILAR
30,059,PT,DONATO HERNANDEZ ABURTO,MIGUEL MARTINEZ ORTEGA
30,059,MC,JUAN FLORES MOTA,FILIBERTO HERNANDEZ MATEOS
30,059,MOR,HENRY LANDA MORALES,ELADIO COLORADO GARCIA
30,067,PAN,CARLOS ERNESTO HERNANDEZ HERNANDEZ,ROLANDO EUGENIO ANDRADE ZAMUDIO
30,067,PRI,ROCIO ZARATE VALENCIA,HILDA SALAZAR JIMENEZ
30,067,PVEM,Candidata o candidato del PVEM,Candidato del PVEM
30,067,PT,LUCERO MARIN CAMACHO,BLANCA ESTELA ACOSTA CONTRERAS
30,067,MC,MARIBEL CARMONA RODRIGUEZ,MIREYA JIMENEZ VIVEROS
30,067,MOR,Candidata o candidato de MORENA,Candidato o candidata de MORENA
30,067,C_PVEM_MOR,DANIEL ANTONIO BAIZABAL GONZALEZ,ISIDRO VAZQUEZ PEREZ
30,090,PAN,ELCY MARIA SANCHEZ FUENTES,ESTELA LOBATO ANELL
30,090,PRI,CLEMENTINA JAEN JIMENEZ,ANGELICA GONZALEZ JAEN
30,090,PVEM,Candidata o candidato del PVEM,Candidato del PVEM
30,090,PT,IRMA DIAZ VELA,ANA DEINY CONTRERAS CID
30,090,MC,ROBERTO IXTLA CAMPUZANO,CINTHIA JANET MARQUEZ FUENTES
30,090,MOR,Candidata o candidato de MORENA,Candidato o candidata de MORENA
30,090,C_PVEM_MOR,MANUEL COLORADO SILVA,JOEL HERNANDEZ CONTRERAS
30,096,PAN,JUAN MARTIN GONZALEZ GUMECINDO,ABEL DE JESUS GARCIA GONZALEZ
30,096,PRI,ALFONSO ARMENTA POZOS,YOLANDA HERNANDEZ SALAZAR
30,096,PVEM,Candidata o candidato del PVEM,Candidato del PVEM
30,096,PT,EVELIA REYES HERNANDEZ,SUHGEY PALOMA AGUIRRE HERNANDEZ
30,096,MC,HEBER QUIROZ MARTINEZ,MAURO TOMAS MONTANO HERNANDEZ
30,096,MOR,Candidata o candidato de MORENA,Candidato o candidata de MORENA
30,096,C_PVEM_MOR,MARIA ESPINOZA MEYER,SARA ARMENTA CARCAMO
30,097,PAN,ANA MARIA ESTRELLA RAMIREZ,DAYCY DELFINA HERNANDEZ MOLINA
30,097,PRI,PEDRO DOMINGUEZ GARCIA,ROGELIO DOMINGUEZ RAMIREZ
30,097,PVEM,Candidata o candidato del PVEM,Candidato del PVEM
30,097,PT,DAMIAN HERNANDEZ RAMIREZ,PROTACIO DOMINGUEZ APARICIO
30,097,MC,ANA LUISA CABRERA MARTINEZ,MARLENE DEL VALLE ORTIZ
30,097,MOR,Candidata o candidato de MORENA,Candidato o candidata de MORENA
30,097,C_PVEM_MOR,KARINA FERNANDEZ VALENCIA,ARACELY ARCOS DOMINGUEZ
30,107,PAN,SILVIA SANCHEZ HERNANDEZ,SILVIA JETSABETH MENDEZ SANCHEZ
30,107,PRI,ADELFO SOLANO GARCIA,ALAN JOSEPH SOLANO GARCIA
30,107,PVEM,Candidata o candidato del PVEM,Candidato del PVEM
30,107,PT,CLARA LERINA RODRIGUEZ ORTEGA,EDITH RENDON GARCIA
30,107,MC,JAVIER BARCENA VILLA,URSULINO GARCIA ROSENDO
30,107,MOR,Candidata o candidato de MORENA,Candidato o candidata de MORENA
30,107,C_PVEM_MOR,LAURA MOLINA DOMINGUEZ,NOHEMI HERNANDEZ GARCIA
30,113,PAN,JOSE NARCISO REYES AGUILAR,EDGAR ORTIZ GARCIA
30,113,PRI,MIRIAM LORENA CORDOBA DIAZ ,YESENIA QUETZALLI BECERRA GUERRERO
30,113,PVEM,Candidata o candidato del PVEM,Candidato del PVEM
30,113,PT,JOSE LUIS BARRADAS PEREZ,ANAHI DOMINGUEZ BONILLA
30,113,MC,XOCHITL GUADALUPE JIMENEZ ZAVALETA,AGUEDA ARELLANO GRAJALES
30,113,MOR,Candidata o candidato de MORENA,Candidato o candidata de MORENA
30,113,C_PVEM_MOR,SUSANA LILI MARQUEZ PINEDA,ARELI MARTINEZ RODRIGUEZ
30,127,PAN,JOSE BLANCAS BARRAN,LUIS ALBERTO SUAREZ CRUZ
30,127,PRI,INGRID YARELI HUERTA RUBIO,ROSA MARIA VARELA DOMINGUEZ
30,127,PVEM,Candidata o candidato del PVEM,Candidato del PVEM
30,127,PT,JOSIEL ACOSTA MORENO,JUAN VICTOR RAMIREZ MORALES
30,127,MC,URIEL PERALTA BARRIOS,SAUL MORALES VELAZQUEZ
30,127,MOR,Candidata o candidato de MORENA,Candidato o candidata de MORENA
30,127,C_PVEM_MOR,ANAHI HERNANDEZ HERNANDEZ,LEONOR MORALES BARREDA
30,134,PAN,MERCEDES AGUILAR CERDA,WENDY SOSA MURRIETA
30,134,PRI,LEONEL SEGUNDO GRAJALES LAGUNES,CARLOS LARA REBOLLEDO
30,134,PVEM,Candidata o candidato del PVEM,Candidato del PVEM
30,134,PT,AZALEA BLANCO FLORES,FELICITAS MARTINEZ ALEMAN
30,134,MC,BIBIANA SANCHEZ BAEZ,YAMILET ACOSTA CORTES
30,134,MOR,Candidata o candidato de MORENA,Candidato o candidata de MORENA
30,134,C_PVEM_MOR,MARITZA ITZEL GUTIERREZ LEON,ANELY GUADALUPE IÑIGUEZ ROJAS
30,161,PAN,LEONOR LOPEZ REYES,VICTORINA LOPEZ REYES
30,161,PRI,UGOLINA COSQUILLA FERNANDEZ ,Postulación Cancelada
30,161,PVEM,CARLOS SANCHEZ REYES,APOLINAR SANCHEZ OLGUIN
30,161,PT,GRISELDA BALDO RINCON,ELIZABETH MENDOZA CHAM
30,161,MC,REYNA ELOX BERISTAIN,BALBINA VAZQUEZ MORALES
30,161,MOR,SILVIA ITZEL REYES SANCHEZ,CANDELARIA MEJIA RIVADENEYRA
30,165,PAN,YARELI YAMILET RIVERA ALFARO,ANGELICA MARIA CADENA SALAS
30,165,PRI,JULIO CESAR SANGABRIEL DIAZ,CLAUDIA AIDEE GONZALEZ ARELLANO
30,165,PVEM,Candidata o candidato del PVEM,Candidato del PVEM
30,165,PT,VALENTE AGUILAR HINOJOSA,RUBEN GONZALEZ SANCHEZ
30,165,MC,GUADALUPE MONTERO ALARCON,JOSUANNI GUADALUPE AGUILAR MONTERO
30,165,MOR,Candidata o candidato de MORENA,Candidato o candidata de MORENA
30,165,C_PVEM_MOR,NELLY CANO MARTINEZ,JENNIFER HERNANDEZ MENESES
30,186,PAN,CATALINA RODRIGUEZ ALVAREZ,LAURA GARCIA GARCIA
30,186,PRI,MARTHA SERRANO FLORES,ADRIANA ITZEL JIMENEZ ACOSTA
30,186,PVEM,CIRINA APODACA QUIÑONES,BALVINA APODACA DORANTES
30,186,PT,EDUARDO PEREA HERNANDEZ,EDGAR MARTINEZ APODACA
30,186,MC,SERVANDO HERNANDEZ AGUILERA,ROSA SANCHEZ SALAS
30,186,MOR,VALENTINA YARAILETH APODACA DIAZ,ANA MARIA DIAZ AROCHE
30,187,PAN,MAYRA PAREDES MORALES,ARISBEL LOPEZ PAREDES
30,187,PRI,MARIO MIRON CASTRO,LIBRADO FERNANDEZ OCHOA
30,187,PVEM,Candidata o candidato del PVEM,Candidato del PVEM
30,187,PT,UBALDO ODILON PEREZ VALLEJO,SERGIO GARCIA VALDIVIA
30,187,MC,GLORIA BERISTAIN BENITEZ,JANET LOPEZ PAREDES
30,187,MOR,Candidata o candidato de MORENA,Candidato o candidata de MORENA
30,187,C_PVEM_MOR,ALFREDO LOPEZ MORENO,HUGO ANTONIO VELAZQUEZ GUTIERREZ
30,190,PAN,HIRAM ROSADO PLATAS,JUAN PERDOMO LOPEZ
30,190,PRI,JENNY LEZAMA OLGUIN,AIDEE YASMIN LEZAMA RIVERO
30,190,PVEM,Candidata o candidato del PVEM,Candidato del PVEM
30,190,PT,MITZHY PAHOLA MORALES ALARCON,KATIA MENDEZ NUÑEZ
30,190,MC,BERTIN BRAVO MONTERO,PEDRO DE JESUS ROSADO GUZMAN
30,190,MOR,Candidata o candidato de MORENA,Candidato o candidata de MORENA
30,190,C_PVEM_MOR,NORBERTO GRAJALES CRIOLLO,JUAN GERARDO MORALES LANDA
30,191,PAN,ONEIMA REYES CRUZ,XOCHITL HERNANDEZ VASQUEZ
30,191,PRI,LIZETT MARLENNE ESPIDIO GARCIA,ILIANA ABIGAIL GOMEZ CARMONA
30,191,PVEM,Candidata o candidato del PVEM,Candidato del PVEM
30,191,PT,FELIPE MATA BARRADAS,BENITO DIAZ TORRES
30,191,MC,MELISA LORMENDEZ AGUILAR,ADELA ORTIZ TIRADO
30,191,MOR,Candidata o candidato de MORENA,Candidato o candidata de MORENA
30,191,C_PVEM_MOR,MANUEL RAFAEL MORALES RODRIGUEZ,TEOFILO MARTINEZ CHACON
30,197,PAN,DULCE AMELIA ALBERTO CASTILLO,YOLANDA JOAQUIN FERNANDO
30,197,PRI,ADRIANA LOYO MASIAS,OLIVERIA GARCIA DIAZ
30,197,PVEM,Candidata o candidato del PVEM,Candidato del PVEM
30,197,PT,ROLANDO JIMENEZ PEREZ,FAUSTO CELIS GOMEZ
30,197,MC,NAIN JULIO GARCIA,BLADIMIR LANDA MARTINEZ
30,197,MOR,Candidata o candidato de MORENA,Candidato o candidata de MORENA
30,197,C_PVEM_MOR,MARIA DE LA LUZ AGUILAR Y PALMEROS,ELIZABETH SOLANO MUÑOZ
30,001,PAN,ABIGAIL APODACA ZAVALETA,VITA TATIANA ELIZABETH ZARAGOZA RODRIGUEZ
30,001,PRI,OCTAVIO JOSSUE HERNANDEZ NUÑEZ,ARTURO ALARCON CARMONA
30,001,PVEM,AMPARO HERNANDEZ FALFAN,VERONICA PEREZ ALARCON
30,001,PT,MARIA GUADALUPE SALDAÑA CORDOBA,SILVIA REYES HERNANDEZ
30,001,MC,MARIA CLAUDIA NAVA SANTOS ,ISIDORA SALDAÑA MORALES
30,001,MOR,RUBEN DARIO MOLINA QUIÑONEZ ,ABEL CARMONA GUZMAN
30,026,PAN,JAZMIN ANGELINA PRADO PEÑA,ERIKA ARACELY CABALLERO RUIZ
30,026,PRI,FILEBERTO MORALES ROSAS,LUIS ALBERTO MORALES PEREZ
30,026,PVEM,Candidata o candidato del PVEM,Candidato del PVEM
30,026,PT,EMILIO JIMAREZ BONILLA,FRANCISCO ALVARADO HERNANDEZ
30,026,MC,GRETTEL ALICIA HERNANDEZ RUIZ,ALMA DELIA VALERIO MORALES 
30,026,MOR,Candidata o candidato de MORENA,Candidato o candidata de MORENA
30,026,C_PVEM_MOR,CLAUDIA LILIANA CASTILLO PIMENTEL,MARIA TEODORA HERNANDEZ FLORES
30,027,PAN,ARNULFO RODRIGUEZ GONZALEZ,JOSE ANTONIO SANGABRIEL FERNANDEZ
30,027,PRI,ANAID GONZALEZ ARRONIZ,NORMA ZORILLA VAZQUEZ
30,027,PVEM,Candidata o candidato del PVEM,Candidato del PVEM
30,027,PT,MARIBEL PALACIOS FLORES,NORMA ANGELICA BARRADAS AVILA
30,027,MC,IDHEANNA LETICIA GOMEZ ORTIZ,MARIA ISABEL FERNANDEZ SALDAÑA
30,027,MOR,Candidata o candidato de MORENA,Candidato o candidata de MORENA
30,027,CAND_IND_1,RICHARD RIVERA GARRIDO,ENRIQUE MOLINA GIL
30,027,C_PVEM_MOR,GUADALUPE MAGALY MARQUEZ AGUILAR,DULCE MARIA LUNA 
30,038,PAN,JUAN SOLANO LANDA,ALFREDO SOLANO FERNANDEZ
30,038,PRI,ANA EVA FERNANDEZ VELASCO,OLGA LIDIA CARMONA FERNANDEZ
30,038,PVEM,JACINTO CELERINO URREA HERNANDEZ,TOMAS ALFREDO RODRIGUEZ FLORES
30,038,PT,REBECA ALBA DOMINGUEZ,JUANA ISABEL GARCIA ACOSTA
30,038,MC,NADIA ESTEPHANYA ZAVALETA AGUILAR,KARLA ITZEL CURIEL SANCHEZ
30,038,MOR,JOSE MANUEL CANO PORTILLA,JOSE BENIGNO SANGABRIEL CORTINA
30,040,PAN,BENEDICTO FERNANDEZ MOTA,MARIA ALICIA CORTES LARA
30,040,PRI,FRANZ LESTER SERVIN LOPEZ,JORGE ENRIQUE BAIZABAL VALENCIA
30,040,PVEM,Candidata o candidato del PVEM,Candidato del PVEM
30,040,PT,ADALID GUERRERO HERRERA,MARIANA MURRIETA GUZMAN
30,040,MC,EDSON TEJADA CORONA,ALFREDO LIBREROS ROMERO
30,040,MOR,Candidata o candidato de MORENA,Candidato o candidata de MORENA
30,040,C_PVEM_MOR,JORGE IGNACIO LUNA HERNANDEZ,RIGOBERTO JOSE AMEZCUA MORA
30,048,PAN,DIEGO ISRAEL AGUILAR VASQUEZ,IVAN GONZALO LOPEZ ORTIZ
30,048,PRI,PABLO MARTINEZ ORTIZ,ISMAEL FERNANDEZ SANCHEZ
30,048,PVEM,Candidata o candidato del PVEM,Candidato del PVEM
30,048,PT,ANTONIO HUERTA GONZALEZ,CRISTIAN PRADO MELCHOR
30,048,MC,VERONICA MORALES NAVARRO,MARIA CATALINA MUÑOZ MUÑOZ
30,048,MOR,Candidata o candidato de MORENA,Candidato o candidata de MORENA
30,048,C_PVEM_MOR,TERESITA DE JESUS ORTIZ GALVAN,MERY YESSICA MORALES MARTINEZ
30,081,PAN,ANAYELY MATLA MARTINEZ,GUILLERMINA SOL ROQUE
30,081,PRI,JOSE LUIS VARGAS GONZALEZ,MERCEDARIO CONTRERAS PIMENTEL
30,081,PVEM,Candidata o candidato del PVEM,Candidato del PVEM
30,081,PT,MARICELA HIGUERA CONTRERAS,ANGELICA MARIA CONTRERAS MADERO
30,081,MC,ADOLFO CHIMAL EVA,ALEJANDRO MENDOZA MENDOZA
30,081,MOR,Candidata o candidato de MORENA,Candidato o candidata de MORENA
30,081,C_PVEM_MOR,EVERARDO SOTO MATLA,HERON MATLA ELOX
30,094,PAN,ESAU HEZETH CASTELAN ENRIQUEZ,MARIA DE LOS ANGELES ZARATE 
30,094,PRI,MARIA DE LOURDES LARA LOPEZ,ANA PATRICIA SANCHEZ DOMINGO
30,094,PVEM,Candidata o candidato del PVEM,Candidato del PVEM
30,094,PT,NALLELY SALDAÑA LANDA,IRIS DE LOS SANTOS MORALES
30,094,MC,JOSE ROBERTO MARCELO CORTES,FRANCISCO JUAREZ VIVIEROS
30,094,MOR,Candidata o candidato de MORENA,Candidato o candidata de MORENA
30,094,C_PVEM_MOR,FRANCISCO MARIANO CLEMENTE SALVADOR,MARINO ESTEBAN MORENO DIAZ
30,108,PAN,MARIA ISABEL CONTRERAS GONZALEZ,ANA GRACIELA OCHOA MARCIAL
30,108,PRI,RAFAEL SOTO MARIN,JOSE LUIS CONDADO SOTO
30,108,PVEM,EVA GUTIERREZ GONZALEZ,ADRIANA HERNANDEZ MONFIL
30,108,PT,GRISELDA DIAZ DIAZ,NELLY SOTO SOTO
30,108,MC,SANDRA HIDALGO IBARRA,JANET MAYELIN ALARCON GUTIERREZ
30,108,MOR,CELSO ZENDEJAS ZENDEJAS,LUIS HIDALGO RODRIGUEZ
30,129,PAN,IRMA YESENIA MATA RODRIGUEZ,CITLALLY GARCIA MONTES
30,129,PRI,VINICIO ASCENCIO FERNANDEZ,MIGUEL ANGEL MARTINEZ DIONISIO
30,129,PVEM,Candidata o candidato del PVEM,Candidato del PVEM
30,129,PT,MAGDALENA DURAN ORTEGA,MARLENE REYES ARMENTA
30,129,MC,JULIAN LANDA APARICIO,ALICIA HERRERA QUIROZ
30,129,MOR,Candidata o candidato de MORENA,Candidato o candidata de MORENA
30,129,C_PVEM_MOR,JORGE VALENTE BONILLA MERINO,CARLOS AGUILAR MARTINEZ
30,136,PAN,JUAN CARLOS CARMONA HERNANDEZ,DAVID DE JESUS MARTINEZ ALARCON
30,136,PRI,LEONEL LIBREROS MENDOZA,CESAR MORALES DURAN
30,136,PVEM,Candidata o candidato del PVEM,Candidato del PVEM
30,136,PT,JOSE ANTONIO ORTIZ ALBA,DANIEL CARMONA ALBA
30,136,MC,DIANA HERNANDEZ CARMONA,MARIA TERESA MUÑOZ MELENDEZ
30,136,MOR,Candidata o candidato de MORENA,Candidato o candidata de MORENA
30,136,C_PVEM_MOR,JUAN HERNANDEZ RODRIGUEZ,JUAN RAMON JIMENEZ CORTES
30,137,PAN,LUIS HERNANDEZ ARROYO,MANUEL FLORES OROPEZA
30,137,PRI,JUAN FERNANDO RODRIGUEZ HERNANDEZ,OSCAR RAUL LOPEZ ORTIZ
30,137,PVEM,DAMASO LANDA SANCHEZ,ANGEL MANUEL MARIN ZAVALETA
30,137,PT,EVANGELINA HERNANDEZ MARIN,ANGELA DE MERISI TRUJILLO LANDA
30,137,MC,RAYNUNDO ABURTO MARTINEZ,ARNULFO ZAVALETA MARIN
30,137,MOR,RAFAEL MARIN DE LA LUZ,APOLINAR GOMEZ CEBALLOS
30,137,CAND_IND_1,FERNANDO CRUZ LARA,GERSON JAIR DIAZ HERNANDEZ
30,157,PAN,ROSA ITZEL HERNANDEZ MARTINEZ,GISELA SOTO LANDA
30,157,PRI,MARIA LOPEZ DIAZ,WENDY CITLALIC PEREZ VAZQUEZ
30,157,PVEM,Candidata o candidato del PVEM,Candidato del PVEM
30,157,PT,MOISES CRUZ ORTIZ,SILVESTRE CRUZ VAZQUEZ
30,157,MC,MARIA ANGELICA VAZQUEZ CASAS,MARCELA GARCIA LOZA
30,157,MOR,Candidata o candidato de MORENA,Candidato o candidata de MORENA
30,157,C_PVEM_MOR,ALEJANDRA GUZMAN CORDOVA,MARTHA ELENA GONZALEZ MARTINEZ
30,163,PAN,ROCIO ZAVALETA MARTINEZ,YADIRA CABRERA CABRERA
30,163,PRI,MARIA ANGELICA MORA GONZALEZ,TRINIDAD MORA CID
30,163,PVEM,Candidata o candidato del PVEM,Candidato del PVEM
30,163,PT,DANIELA VILLEGAS OLMOS,MARIA MIRNA XOTLAN SANCHEZ
30,163,MC,ANGEL LUIS GOMEZ DIAZ,JOAQUIN MENDEZ GARCIA
30,163,MOR,Candidata o candidato de MORENA,Candidato o candidata de MORENA
30,163,C_PVEM_MOR,MARA YAMILETH CHAMA VILLA,ELIZABETH ALVARADO CORTES
30,176,PAN,DIEGO MICHEL HERNANDEZ GARCIA,ELISEO CLEMENTE JUAN
30,176,PRI,JAIME HERNANDEZ HERNANDEZ,JOSE ALBERTO CASTILLO OLIVO
30,176,PVEM,DAVID VELASCO HERNANDEZ,SERGIO SANTIAGO PEREZ
30,176,PT,CLEOTILDE JUAN ANTONIO,MARIA DEL RUBI GARCIA VELASCO
30,176,MC,ISABEL OLIVO SALAZAR,ARACELY CANDANEDO GARCIA
30,176,MOR,ABEL HERNANDEZ HERNANDEZ,RICARDO CRISTEN HERNANDEZ HERNANDEZ
30,181,PAN,XOCHITL GARCIA GOMEZ,EDITH FERNANDEZ MENDEZ
30,181,PRI,ARIANNA GUADALUPE ANGELES AGUIRRE,MARIA DEL ROSARIO AGUIRRE ITURRALDE
30,181,PVEM,Candidata o candidato del PVEM,Candidato del PVEM
30,181,PT,MARCELINA HERNANDEZ GARCIA,MARCELA HERNANDEZ DURAN
30,181,MC,ANETTE XIMENA LUGO GARCIA,MARIELA ALVARADO ORTEGA
30,181,MOR,Candidata o candidato de MORENA,Candidato o candidata de MORENA
30,181,C_PVEM_MOR,MARIA EMILIA NIETO MIRANDA,ITZEL ALEXANDRA RODRIGUEZ VARGAS
30,193,PAN,RAUL RAMON CONTRERAS,RIGOBERTO VAZQUEZ ROQUE
30,193,PRI,MARIA ISABEL GARCIA MIRANDA,MARIA LIDIA PORTILLA CORTES
30,193,PVEM,Candidata o candidato del PVEM,Candidato del PVEM
30,193,PT,MERCEDES CANDIDA HERNANDEZ CRUZADO,ROSAISELA CONTRERAS CONTRERAS
30,193,MC,RAFAEL ROMERO SANCHEZ,RAFAEL LEANDRO FIGUEROA GARCIA
30,193,MOR,Candidata o candidato de MORENA,Candidato o candidata de MORENA
30,193,C_PVEM_MOR,DULCE MARIA FLORES ROSAS,PATRICIA SANCHEZ GONZALEZ
30,194,PAN,MARIA VERONICA VAZQUEZ TEPETLA,ELIZABETH VAZQUEZ TEPETLA
30,194,PRI,CLAUDIA RODRIGUEZ COSTEÑO,ALEJANDRA YARUMI VALENCIA ALARCON
30,194,PVEM,Candidata o candidato del PVEM,Candidato del PVEM
30,194,PT,ESTEBAN TEPO MAPEL,EDUARDO OLIVARES TOTOMOL
30,194,MC,CAROLINA GALVAN GALVAN,NORA CONTRERAS APARICIO
30,194,MOR,Candidata o candidato de MORENA,Candidato o candidata de MORENA
30,194,C_PVEM_MOR,EDUARDO POZOS PEREZ,ANGEL RAFAEL SOTO MERINO
30,089,PAN,MARIBEL RAMIREZ TOPETE,EULALIA GONZALEZ LOPEZ
30,089,PRI,SILVIO LAGOS GALINDO,FRANCISCO DE JESUS MARTINEZ MARQUEZ
30,089,PVEM,Candidata o candidato del PVEM,Candidato del PVEM
30,089,PT,YOLANDA DEL ROSARIO HERNANDEZ ABURTO,ANGELICA VELAZQUEZ VILLEGAS
30,089,MC,ROMAN MORENO HERNANDEZ,FRANCISCO LUIS SARDIÑA SALGADO
30,089,MOR,Candidata o candidato de MORENA,Candidato o candidata de MORENA
30,089,C_PVEM_MOR,DANIELA GUADALUPE GRIEGO CEBALLOS,MIRNA ALICIA BENITEZ JUAREZ
30,041,PAN,MOISES ZARCO LACUNZA,JESUS MANUEL TOTO CASTILLA
30,041,PRI,CARLOS MANUEL VASCONCELOS GUEVARA,JUAN PABLO SOSA GONZALEZ
30,041,PVEM,Candidata o candidato del PVEM,Candidato del PVEM
30,041,PT,SAYLOUNG AQUINO GONZALEZ,JORGE MORENO LOZA
30,041,MC,CHRISTOPHER ALAN SANTOS CASTILLO,ARCADIO MEJIA MARTINEZ
30,041,MOR,Candidata o candidato de MORENA,Candidato o candidata de MORENA
30,041,C_PVEM_MOR,PEDRO MIGUEL ROSALDO GARCIA,MIGUEL ESPINOZA VILLEGAS
30,084,PAN,RENATO LUIS LUIS,LAZARO GAVILLA DOMINGUEZ
30,084,PRI,LOURDES CRUZ YEPEZ,MARICELA ESPINOZA JACOBO
30,084,PVEM,Candidata o candidato del PVEM,Candidato del PVEM
30,084,PT,MARIA TERESA SANCHEZ DORANTES,GRISELDA JAZMIN SANTIAGO SANTIAGO
30,084,MC,RAUL GONZALEZ MARTINEZ,JULIANA RUIZ MARTINEZ
30,084,MOR,Candidata o candidato de MORENA,Candidato o candidata de MORENA
30,084,C_PVEM_MOR,ENRIQUE AREVALO GUILLEN,BENJAMIN ALVARADO LOPEZ
30,112,PAN,ABEL CRUZ LUIS,JOSE ARNABAR MORALES
30,112,PRI,TERESA ESTRADA MARTINEZ,CLAUDIA VASQUEZ MONTALVO
30,112,PVEM,Candidata o candidato del PVEM,Candidato del PVEM
30,112,PT,COSME MONROY ,MAXIMINO GARCIA SANTIAGO
30,112,MC,ROSA AURORA NOVEROLA CALDERON,MARIA DEL CARMEN CRUZ URBINO
30,112,MOR,Candidata o candidato de MORENA,Candidato o candidata de MORENA
30,112,C_PVEM_MOR,ELEAZAR ALCANTARA MARTINEZ,NICANOR MARTINEZ ARIAS
30,205,PAN,JULIO ALBERTO CRUZ PANG,JOSE ROMERO RUEDA
30,205,PRI,JOSE ALFREDO GODOY NAHON,WILBERT SURIANO BARRERA
30,205,PVEM,Candidata o candidato del PVEM,Candidato del PVEM
30,205,PT,MAURO IRVING GOMEZ ALARCON,ERNESTINA REYES RETA
30,205,MC,ELVIS VENTURA JUAREZ,JOSE LUIS PEREZ SALINAS
30,205,MOR,Candidata o candidato de MORENA,Candidato o candidata de MORENA
30,205,C_PVEM_MOR,ADAIR VERDUZCO RASGADO,RAUL BELLO HERNANDEZ
30,206,PAN,ALICIA LARA GOMEZ,FRANCISCA POSADA CUEVAS
30,206,PRI,CRISTAL DEL CARMEN ANOTA SANCHEZ,LUZ MARIA BALCAZAR JIMENEZ
30,206,PVEM,Candidata o candidato del PVEM,Candidato del PVEM
30,206,PT,AGUSTIN GONZALEZ CORDOVA,FIDENCIO JIMENEZ LOPEZ
30,206,MC,PEDRO FARID TANNOS CHACON,CARLOS MARTINEZ HERNANDEZ
30,206,MOR,Candidata o candidato de MORENA,Candidato o candidata de MORENA
30,206,C_PVEM_MOR,ANGEL DE JESUS DELGADO RAMIREZ,ALEX ROMAN ESPINOZA
30,007,PAN,ALEJANDRO AMIEVA OLMOS,EDUARDO AMECA RIVERA
30,007,PRI,MARIA DEL ROCIO OLMOS ANDRADE,LEONOR CASTAÑEDA CORTES
30,007,PVEM,Candidata o candidato del PVEM,Candidato del PVEM
30,007,PT,JAZMIN MEZA GALINDO,GRACIELA HERNANDEZ JACOME
30,007,MC,MARIA JOSEFA MENES ORTEGA,GUADALUPE GARCIA NAVARRETE
30,007,MOR,Candidata o candidato de MORENA,Candidato o candidata de MORENA
30,007,C_PVEM_MOR,SUSANA GUADALUPE AMECA PARISSI,CRISTINA FRANCISCO OLIVARES
30,022,PAN,JUAN CARLOS ROJAS CASTRO,ROMAN XICOTENCATL PEREZ SANCHEZ
30,022,PRI,JESUS ANTONIO ALVAREZ PEÑA,JORGE URIEL VIÑAS LOPEZ
30,022,PVEM,Candidata o candidato del PVEM,Candidato del PVEM
30,022,PT,CRISTIAN MANUEL PEREZ MARTINEZ,FLAVIO MORENO INFANTE
30,022,MC,EDUARDO ARMAS BALBUENA,DIANA RODRIGUEZ PRADO
30,022,MOR,Candidata o candidato de MORENA,Candidato o candidata de MORENA
30,022,C_PVEM_MOR,RENE RUEDA ATALA,JOSE EVERARDO CABALLERO ROSAS
30,032,PAN,RAQUEL MALPICA FLORES,MARIA MAYTE HERNANDEZ BLANCO
30,032,PRI,TERESA ITZEL JACOME MORA,MARIA DEL CARMEN DEL PILAR ROSALES
30,032,PVEM,JESUS CHACON GUTIERREZ,VICTOR ALFONSO HERNANDEZ BLANCO
30,032,PT,JUDITH ALCANTARA SANCHEZ,YESICA VALDIVIA GARCIA
30,032,MC,BRICIA MORENO DEL VALLE,OLIVIA GONZALEZ CONTRERAS
30,032,MOR,SANDRA ESTELA BERNABE PEÑA,MAYRA ELIZABETH PAVON RAMIREZ
30,045,PAN,NORA JESSICA LAGUNES JAUREGUI,MARIANA RIVERA YEPEZ
30,045,PRI,DIONISIA ESPEJO HERNANDEZ,EVELYN LARISA CORTES LOPEZ
30,045,PVEM,Candidata o candidato del PVEM,Candidato del PVEM
30,045,PT,LUZ ORTENCIA FERNANDEZ MARTINEZ,IMELDA HERNANDEZ SANCHEZ
30,045,MC,OTON COLORADO CABRERA,NEMESIA RUTH LEON FERNANDEZ
30,045,MOR,Candidata o candidato de MORENA,Candidato o candidata de MORENA
30,045,C_PVEM_MOR,MARIA DEL CARMEN CANTON CRODA,GUADALUPE CANTON CRODA
30,051,PAN,JORGE MEZA BARBOSA,OCTAVIO RODRIGUEZ MONTERO
30,051,PRI,MARIA DE LOURDES VALLADARES RODRIGUEZ,MARIA LUISA VAZQUEZ PINEDA
30,051,PVEM,Candidata o candidato del PVEM,Candidato del PVEM
30,051,PT,ESPERANZA SERRANO LARA,YOSELINH GONZALEZ GONZALEZ
30,051,MC,LUISA GRACIELA MORALES PULIDO,MERIBETH JIMENA CRUZ FERNANDEZ
30,051,MOR,Candidata o candidato de MORENA,Candidato o candidata de MORENA
30,051,C_PVEM_MOR,MARTIN FLORES SOTO,GERARDO PEÑA CRISANTO
30,073,PAN,ALBERTO URCINO MENDEZ GALVEZ,JORGE CARMELO PEREZ SANFILIPPO
30,073,PRI,MARIA ISABEL PITOL PAEZ,SUSANA CHICUELLAR HERNANDEZ
30,073,PVEM,Candidata o candidato del PVEM,Candidato del PVEM
30,073,PT,APOLONIA ZAMORA CHACON,GUISELA HERNANDEZ CUACUA
30,073,MC,REMIGIO SAMPIERI OCHOA,VALENTIN ERNESTO ENRIQUE BERINSTAIN JACOME
30,073,MOR,Candidata o candidato de MORENA,Candidato o candidata de MORENA
30,073,C_PVEM_MOR,ALEJANDRO PORRAS MARIN,MARIBEL CABAL CORTES
30,083,PAN,VIRIDIANA BRETON FEITO,ABIGAIL ANDRADE AGUILERA
30,083,PRI,RUBEN DARIO ROSAS MERINO,MISAEL MAGIN GONZALEZ
30,083,PVEM,Candidata o candidato del PVEM,Candidato del PVEM
30,083,PT,AGUSTIN ANDRES HERRERA ALVAREZ,MARTIN FUENTES GONZALEZ
30,083,MC,CRISANTO VALIENTE MIRAMON,FEDERICO LUNA TORRES
30,083,MOR,Candidata o candidato de MORENA,Candidato o candidata de MORENA
30,083,C_PVEM_MOR,ELSA RAMOS VELAZQUEZ,GRISELDA GONZALEZ NIEVES
30,092,PAN,MARIA GUADALUPE MORALES CASTRO,GUADALUPE LAYNA FERNANDEZ
30,092,PRI,DULCE MARIA GUTIERREZ COBOS,MARIA LETICIA ESPINOZA FERNANDEZ
30,092,PVEM,FRANCISCO MARTINEZ PEREZ,LEONARDO BELTRAN CRISANTOS
30,092,PT,EMMA RAMIREZ GUZMAN,MARIA AZUCENA PEREZ TRONCO
30,092,MC,ADRIANA ALEJANDRA GUZMAN MARIN,JESSICA HERNANDEZ GOMEZ
30,092,MOR,REYNALDO FERNANDEZ ORTIZ,SERGIO BELTRAN GONZALEZ
30,101,PAN,ELSA RIVERA CASAS,NORMA LUZ LOZADA MOSCOSO
30,101,PRI,RICARDO CAZARIN HUESCA,JORGE BERANZA HERNANDEZ
30,101,PVEM,Candidata o candidato del PVEM,Candidato del PVEM
30,101,PT,YULIANA NEVA QUIRAZCO,ROSA ICELA TORQUEMADA PULIDO
30,101,MC,HEYRA GUADALUPE OCHOA GOMEZ,MARIA DEL PILAR PALACIOS ARPIDEZ
30,101,MOR,Candidata o candidato de MORENA,Candidato o candidata de MORENA
30,101,C_PVEM_MOR,ANA PATRICIA ROBLES PULIDO,ELVIRA GONZALEZ RIVERA
30,106,PAN,GUSTAVO ALMARAZ PEREZ,FRANCISCO CRISTO BADA
30,106,PRI,MARICRUZ VALENCIA RAMIREZ,BRIANDA MONSERRAT RAMIREZ MATEOS
30,106,PVEM,Candidata o candidato del PVEM,Candidato del PVEM
30,106,PT,JOSE MAGDALENO ROSALES TORRES,ANGEL OMAR CAMACHO PEREZ
30,106,MC,GUILLERMO HERRADA JIMENEZ,JOSE ANTONIO SOBERANO BARRERA
30,106,MOR,Candidata o candidato de MORENA,Candidato o candidata de MORENA
30,106,C_PVEM_MOR,SAMUEL ACOSTA MARTINEZ,IVAN ACOSTA RIVERA
30,126,PAN,ANA LUCIA ROMERO CASTRO,MARIANA MENDOZA ROA
30,126,PRI,GERARDO EMILIO RUIZ CASTRO,ARNULFO EVARISTO MUÑOZ GALLEGOS
30,126,PVEM,Candidata o candidato del PVEM,Candidato del PVEM
30,126,PT,CARLOS RAMON MENDOZA REYES,CARLOS EMILIO ROSILES CORIA
30,126,MC,SERGIO ANGEL VELAZQUEZ RIVERA,JORGE LUIS ROA BORBOLLA
30,126,MOR,Candidata o candidato de MORENA,Candidato o candidata de MORENA
30,126,C_PVEM_MOR,SIBONEY MORALES GARCIA,PAOLA OCHOA TLAPANCO
30,147,PAN,MICHELLE GUADALUPE GONZALEZ PICIE,MARIA JESSICA LIZBETH PICIE AGUILAR
30,147,PRI,MARIA ELOISA CRUZ HERNANDEZ,ROSA MARTINEZ CRUZ
30,147,PVEM,Candidata o candidato del PVEM,Candidato del PVEM
30,147,PT,ALFREDO GONZALEZ PALESTINO,DAVID GONZALEZ CRUZ
30,147,MC,PATRICIA MARTINEZ HERNANDEZ,FATIMA HERNANDEZ ESPEJO
30,147,MOR,Candidata o candidato de MORENA,Candidato o candidata de MORENA
30,147,C_PVEM_MOR,CRISPINA ZUCCOLOTTO GONZALEZ,SUSANA MORALES MARTINEZ
30,149,PAN,MONICA GUADALUPE FERNANDEZ HERNANDEZ,MARCELA SANTOS MORALES
30,149,PRI,MARIA DEL PILAR VALENCIA MARTINEZ,KARLA ALEJANDRA PEÑALOZA RODRIGUEZ
30,149,PVEM,Candidata o candidato del PVEM,Candidato del PVEM
30,149,PT,MAGDALENA HERNANDEZ HERNANDEZ,MARILU RIVERA DELGADO
30,149,MC,MARTHA UTRERA ORTEGA,MARTHA XIMENA RODRIGUEZ UTRERA
30,149,MOR,Candidata o candidato de MORENA,Candidato o candidata de MORENA
30,149,C_PVEM_MOR,ELSA CRUZ MENDEZ IBARRA,EMILIA JACOME MUÑOZ
30,164,PAN,ERIKA JAUREGUI HERNANDEZ,RUTH NALLELI CANO MORENO
30,164,PVEM,Candidata o candidato del PVEM,Candidato del PVEM
30,164,PT,EVA AMECA CASTILLO,CLAUDIA DOMINGUEZ GONZALEZ
30,164,MC,BLANCA ESTELA SAMPIERI FERNANDEZ,SOLEDAD IRAIS FLORES MENDEZ
30,164,MOR,Candidata o candidato de MORENA,Candidato o candidata de MORENA
30,164,C_PVEM_MOR,ANA KAREN ZANATTA SARMIENTO,CIRIA CERVANTES TAPIA
30,178,PAN,ANSBERTO MARINO ESPINOZA MURILLO,FRANCISCO MURILLO SEDAS
30,178,PRI,ALEJANDRA LOPEZ GONZALEZ,LILIA XACA NEBLINA
30,178,PVEM,Candidata o candidato del PVEM,Candidato del PVEM
30,178,PT,ENRIQUETA RINCON PEREZ,CONCEPCION RUIZ ORTEGA
30,178,MC,MARIANA GARCIA SEDAS,GUDELIA CUIXTLA LEON
30,178,MOR,Candidata o candidato de MORENA,Candidato o candidata de MORENA
30,178,C_PVEM_MOR,ELVIA CRISTINA HERNANDEZ MATLA,MARIA FELIX MURILLO LOPEZ
30,200,PAN,ALMA ROSA SALDAÑA GONZALEZ,ANA VICTORIA PEÑA LOPEZ
30,200,PRI,CARLOS CRODA OCHOA,LUIS ARMANDO DEMENEGHI SAMPIERI
30,200,PVEM,Candidata o candidato del PVEM,Candidato del PVEM
30,200,PT,SANDRA LUZ VELA PERALTA,REBECA CUMPLIDO CABRERA
30,200,MC,ADRIANA VICTORIA SANCHEZ LIMON,BEATRIS GARCIA PALACIOS
30,200,MOR,Candidata o candidato de MORENA,Candidato o candidata de MORENA
30,200,C_PVEM_MOR,MIRIAM GUADALUPE LOPEZ CID,VIRGINIA DEMENEGHI GONZALEZ
30,063,PAN,BARBARA FRANCISCA TAH LAGUNAS,GUILLERMINA ZAPATA SANCHEZ
30,063,PRI,DAMARIS BALCAZAR DIAZ,KASSANDRA TERESA MEDINA SANCHEZ
30,063,PVEM,Candidata o candidato del PVEM,Candidato del PVEM
30,063,PT,LUZ DEL CARMEN BAUTISTA LOPEZ,TOMASA IRACEMA VAZQUEZ NOTARIO
30,063,MC,JESUS URIBE ESQUIVEL,MARIA JOSE URIBE ECHEVERRIA
30,063,MOR,Candidata o candidato de MORENA,Candidato o candidata de MORENA
30,063,C_PVEM_MOR,OSCAR REYES GUZMAN,HUMBERTO RIVERA MAGAÑA
30,072,PAN,JOSE MANUEL VALDES GUTIERREZ,JOSE MANUEL VALDES VALENZUELA
30,072,PRI,YURI MINERVA CARBALLO REYES,VILMA RAMIREZ NORBERTO
30,072,PVEM,LUZ MARIA GUADALUPE DOMINGUEZ GUEREÑA,ELIA HERNANDEZ TORRES
30,072,PT,CARLOS VALLADARES AGUSTIN,SANTIAGO OLIVER SOLIS
30,072,MC,MARTIN GUZMAN ISAIAS,OMAR HUESCA MANCILLA
30,072,MOR,FLORICELA ANTONIO SANCHEZ,ELVIRA SAN JUAN SANCHEZ
30,209,PAN,MARIA DOLORES MENDEZ CASTRO,ROSA VEGA ESPITIA
30,209,PRI,ALBERTO LOPEZ GARCIA,IGNACIO SARMIENTO BARRIOS
30,209,PVEM,Candidata o candidato del PVEM,Candidato del PVEM
30,209,PT,TERESA PABLO HEREDIA,MACEDONIA CASTRO BOLAÑOS
30,209,MC,MARTIN ALBERTO AGUILAR CUELLAR,CORNELIO FELICIANO PARRA
30,209,MOR,Candidata o candidato de MORENA,Candidato o candidata de MORENA
30,209,C_PVEM_MOR,ELSA MARIA MORENO COBO,MARIA TERESA ROSAS GARCIA
30,091,PAN,ADRIAN ALBERTO REYES FELIPE,JORGE HUMBERTO HEREDIA CRUZ
30,091,PRI,MAYRA GARCIA REYES,ALEJANDRA MARTINEZ TORRES
30,091,PVEM,Candidata o candidato del PVEM,Candidato del PVEM
30,091,PT,ERIK BENITO PEREZ MISTEGA,SERGIO CUESTA MARTINEZ
30,091,MC,GILDARDO MALDONADO GUZMAN,RAMON ARANO BRAVO
30,091,MOR,Candidata o candidato de MORENA,Candidato o candidata de MORENA
30,091,C_PVEM_MOR,MILDRED MARLENE MAY DE LA CRUZ,RUTH RAFAELA RIOS PIMENTEL
30,093,PAN,RANFERI PLATA RODRIGUEZ,CESAR TONATIUK REYNADA ROVIRA
30,093,PRI,MANUELA DE JESUS RODRIGUEZ CHABLE,DELIA ARCE FRANCO
30,093,PVEM,Candidata o candidato del PVEM,Candidato del PVEM
30,093,PT,HECTOR JOSE SANCHEZ RODRIGUEZ,OMAR RIVERA FARARONI
30,093,MC,RAISA GUADALUPE ITURBE ALVAREZ,CARLOTA ALVAREZ MENDOZA
30,093,MOR,Candidata o candidato de MORENA,Candidato o candidata de MORENA
30,093,C_PVEM_MOR,MARIA DEL ROSARIO DOMINGUEZ RETAMA,ISAMAR GOMEZ URBINA
30,109,PAN,JULIO ENRIQUE ALOR CRUZ,LUIS GUILLERMO RODRIGUEZ DONATO
30,109,PRI,ALBERTO SANCHEZ LOPEZ,JUDITH BEATRIZ TENORIO RIOS
30,109,PVEM,Candidata o candidato del PVEM,Candidato del PVEM
30,109,PT,DANIEL DOMINGUEZ MORALES,ALBINO TELLEZ HERNANDEZ
30,109,MC,CARLOS CRUZ OROZCO,JORGE LUIS TORRES MARCOS
30,109,MOR,Candidata o candidato de MORENA,Candidato o candidata de MORENA
30,109,C_PVEM_MOR,GUILLERMO REYES ESPRONCEDA,JOSE ALFREDO CARMONA CAPETILLO
30,117,PAN,JESUS MANUEL GARDUZA SALCEDO,BENITO LEON GONZALEZ
30,117,PRI,SURI SADAI FLORES ROSAS,CLARA ELENA DELGADO DE AQUINO
30,117,PVEM,Candidata o candidato del PVEM,Candidato del PVEM
30,117,PT,JOAQUIN PENAGOS MILLAN,MAGDALENO NUÑEZ CRUZ
30,117,MC,MARIA DE JESUS MOJICA MIER,MAYRA MOJICA MIER
30,117,MOR,Candidata o candidato de MORENA,Candidato o candidata de MORENA
30,117,C_PVEM_MOR,MARIA DE LA CRUZ ALEMAN JIMENEZ,DEMETRIA DE LA O ARCINIEGA
30,121,PAN,HELADIO LOPEZ PEREZ,JOAN YAAD CRUZ LOPEZ
30,121,PRI,MAIDALI ROGEL GRAJALES,REBECA REYES MARTINEZ
30,121,PVEM,Candidata o candidato del PVEM,Candidato del PVEM
30,121,PT,RODRIGO PEREZ LURIA,ESTEBAN FRANCISCO CRUZ
30,121,MC,NOE GOMEZ PEREZ,JUVENTINO LURIA PEREZ
30,121,MOR,Candidata o candidato de MORENA,Candidato o candidata de MORENA
30,121,CAND_IND_1,AMADOR PEREZ MARTINEZ,JUAN DANIEL PEREZ MARTINEZ
30,121,C_PVEM_MOR,ABEL ULISES PEREZ PEREZ,MIGUEL ANGEL ANTONIO MORALES
30,171,PAN,BARTOLO LOPEZ DE LA CRUZ,MARGARITA SANCHEZ CASTILLO
30,171,PRI,BERNARDO HERNANDEZ USCANGA,JULIAN GONZALEZ VALENCIA
30,171,PVEM,Candidata o candidato del PVEM,Candidato del PVEM
30,171,PT,JULISSA MILLAN DIAZ,MARIA DE LOS ANGELES FONSECA REYES
30,171,MC,MYRNA ANZALMETTI GUTIERREZ,EIRA ROMERO ANZALMETTI
30,171,MOR,Candidata o candidato de MORENA,Candidato o candidata de MORENA
30,171,C_PVEM_MOR,GLADIOLA AMBROCIO GABRIEL ,GUADALUPE MONTERO LOPEZ
30,009,PAN,ALEJANDRO ALFONSO CAMARILLO,QUIRINO MARTINEZ ROSAS
30,009,PRI,MARIA BERNARDA REYES ABREGO,ANABEL MORALES GOMEZ
30,009,PT,VERONICA ABREGO RODRIGUEZ,MAURA MENDEZ ROSAS
30,009,MC,MA DE LOS ANGELES GARCIA HERNANDEZ,NORMA RAYON GONZALEZ
30,009,MOR,GUSTAVO ESCUDERO SAAVEDRA,LEONEL SANCHEZ MONTIEL
30,023,PAN,GILBERTO GASTON VASQUEZ DE LA TRINIDAD,ISMAEL ANTONIO GARCIA
30,023,PRI,ARELI LANDA ORTEGA,VIRIDIANA JIMENEZ MORALES
30,023,PVEM,Candidata o candidato del PVEM,Candidato del PVEM
30,023,PT,MARIA MARGARITA DURAN ALCANTARA,FLOR ELIZABETH ROMERO BASILIO
30,023,MC,ISRAEL RAYMUNDO SOLANO JIMENEZ,LINO ABIMAEL NARANJO SOLANO
30,023,MOR,Candidata o candidato de MORENA,Candidato o candidata de MORENA
30,023,C_PVEM_MOR,EVODIA JOVITA LORENZO MORALES,EVELINA JIMENEZ PEREZ
30,030,PAN,ABRAHAM FRIAS BAYONA,MARCOS BELLO ALVARADO
30,030,PRI,MARTINA LUNA MIRANDA,CLAUDIA GARCIA SANCHEZ
30,030,PVEM,Candidata o candidato del PVEM,Candidato del PVEM
30,030,PT,CAROLINA GARCIA GARCIA,PATRICIA FRIAS QUIAHUA
30,030,MC,ISRAEL SANDOVAL FRIAS,NICANOR LOPEZ GARCIA
30,030,MOR,Candidata o candidato de MORENA,Candidato o candidata de MORENA
30,030,C_PVEM_MOR,MANUEL HERNANDEZ FRIAS,HUGO BAYONA REYES
30,049,PAN,LUZ DEL CARMEN HERNANDEZ CASTRO,MA DEL CARMEN ZAMUDIO BUSTAMANTE
30,049,PRI,IGNACIO GUTIERREZ HEREDIA,MARCO ANTONIO LOYO VALENZUELA
30,049,PVEM,Candidata o candidato del PVEM,Candidato del PVEM
30,049,PT,ALFREDO VALERIO JAEN,PRIMITIVO NESTOR OLMOS VILLA
30,049,MC,JOSE BENJAMIN ARMANDO REYES MUÑOZ,ANGEL BAROJAS SAAVEDRA
30,049,MOR,Candidata o candidato de MORENA,Candidato o candidata de MORENA
30,049,C_PVEM_MOR,SERAFIN GONZALEZ SAAVEDRA,ANAHI OLGUIN BALDERAS
30,064,PAN,MARIA ISABEL FIGUEROA LUNA,ERIKA BEATRIZ CASTAÑEDA HERRERA
30,064,PRI,ROCIO MARGARITA MEDINA CANDELARIA ,Postulación Cancelada
30,064,PVEM,Candidata o candidato del PVEM,Candidato del PVEM
30,064,PT,PANFILO MARCELINO ROJAS TREJO,THALIA ESCAMILLA SOLIS
30,064,MC,YADIRA PRADO ORTEGA,SUGEI PRADO MORALES
30,064,MOR,Candidata o candidato de MORENA,Candidato o candidata de MORENA
30,064,C_PVEM_MOR,MARIA DEL CARMEN ROSALIA ROSAS JUAREZ,MARIA DE LOS ANGELES PIMENTEL PEÑA
30,076,PAN,FRANCISCO HABACUC CORDERO REYES,MARTIN MARTINEZ FLORES
30,076,PRI,BRAULIO AGUILAR SANTANA,JUAN FRANCISCO LOPEZ CUETO
30,076,PVEM,Candidata o candidato del PVEM,Candidato del PVEM
30,076,PT,ROSA MARIA FIGUEIRAS PEREZ,GRACIELA ANTONIO MENDEZ
30,076,MC,HECTOR OMAR URBANO DAVILA,ALVARO RODRIGUEZ BAUTISTA
30,076,MOR,Candidata o candidato de MORENA,Candidato o candidata de MORENA
30,076,C_PVEM_MOR,ABRAHAM VASQUEZ MORALES,RICARDO LINARES TEODORO
30,085,PAN,FRANCISCO ZAVALA CRUZ,MARIA GRACIELA CHACON HERNANDEZ
30,085,PRI,MARISOL CALDERON PEREZ,ARIS ROMAN ANGEL
30,085,PVEM,FERNANDO OCHOA OCHOA,JOSE LUIS MEDRANO GALAN
30,085,PT,JOSE MANUEL GONZALEZ NICOLAS,LEOBARDO GONZALEZ PEREZ
30,085,MC,SANTA EDIBET PEREZ VILLEGAS,CLAUDIA NICOLAS DE LA LLAVE
30,085,MOR,SALVADOR MONTALVO GONZALES,LEVI SALVADOR MONTALVO PEREZ
30,102,PAN,MAGALI ISLAS ROMERO,ROSARIO SANCHEZ VAZQUEZ
30,102,PRI,URIEL GUADALUPE HERNANDEZ,JESSICA BIBIANA RAMIREZ LAZARO
30,102,PVEM,Candidata o candidato del PVEM,Candidato del PVEM
30,102,PT,BALDOMERO MONTIEL ESTEVES,LUIS ANGEL MONTIEL DURAN
30,102,MC,ANALLELY QUIROZ CORRO,EMILYTH VIVEROS CASTILLO
30,102,MOR,Candidata o candidato de MORENA,Candidato o candidata de MORENA
30,102,C_PVEM_MOR,RAMIRO PAEZ MUÑOZ,ARACELI VASQUEZ MUÑOZ
30,119,PAN,WILLIAM CHARBEL KURI CEJA,JOSE MARTIN ARROYO ROSAS
30,119,PRI,HUGO CHAHIN KURI,DAVID ENRIQUE DOMINGUEZ FERRAEZ
30,119,PVEM,Candidata o candidato del PVEM,Candidato del PVEM
30,119,PT,EVELIN RUBI SANCHEZ AMECA,GUEDANY FIGUEIRAS AYALA
30,119,MC,LETTY HERNANDEZ MIRANDA,GUADALUPE MARIA DAVID KURI
30,119,MOR,Candidata o candidato de MORENA,Candidato o candidata de MORENA
30,119,C_PVEM_MOR,IGOR FIDEL ROJI LOPEZ,MARCO ANTONIO RODRIGUEZ ACOSTA
30,128,PAN,MIGUEL ANGEL BAUTISTA GARCIA,MARTIN BAUTISTA GARCIA
30,128,PRI,ESTRELLA VALENTINA ROMAN SANCHEZ,KARLA GUZMAN LUNA
30,128,PVEM,Candidata o candidato del PVEM,Candidato del PVEM
30,128,PT,DIEGO GONZALO SANCHEZ MENCIAS,SOFIA BEATRIZ SANCHEZ MOTA
30,128,MC,JOEL JAVIER VAZQUEZ LUCAS,JOEL VAZQUEZ CASTRO
30,128,MOR,Candidata o candidato de MORENA,Candidato o candidata de MORENA
30,128,C_PVEM_MOR,MARIA LETICIA MAURO GALLARDO,FLORENTINA ISABEL LUNA BARILLAS
30,139,PAN,JOSE ANTONIO MAY GONZALEZ,SERGIO RODRIGUEZ DIAZ
30,139,PRI,JUAN ENRIQUE HERNANDEZ CANTERO,RAUL ARTURO SANCHEZ DURAN
30,139,PVEM,Candidata o candidato del PVEM,Candidato del PVEM
30,139,PT,PETRA OLGA RUIZ LUNA,MARIA GAMEZ CID
30,139,MC,DAVID VELASQUEZ RUANO,AUGUSTO RAFAEL VELAZQUEZ CID
30,139,MOR,Candidata o candidato de MORENA,Candidato o candidata de MORENA
30,139,C_PVEM_MOR,JOSE GOMEZ DEYTA,CARLOS YAHIR AVILA BARTHEL
30,185,PAN,NICOLAS PRADO MORALES,ROSALVA MORALES TRUJILLO
30,185,PRI,ALMA BELEM VALDES MARIN,JEZABEL PEREZ HERNANDEZ 
30,185,PVEM,Candidata o candidato del PVEM,Candidato del PVEM
30,185,PT,EDGAR OSVALDO MORALES MONTUFAR,ELEUTERIO MORALES CARDENAS
30,185,MC,MARCO ANTONIO HERNANDEZ BAÑUELOS,ORLANDO LOPEZ MARIA
30,185,MOR,Candidata o candidato de MORENA,Candidato o candidata de MORENA
30,185,C_PVEM_MOR,ADRIANA PRADO HERNANDEZ,VERONICA HUERTA ZAVALETA
30,014,PAN,EDUARDO ROJAS CAMACHO,RANULFO TRUJILLO QUIÑONES
30,014,PRI,CELIA TERESA LAGUNES AHUMADA,INGRID MONSERRAT CRUZ ROJAS
30,014,PVEM,Candidata o candidato del PVEM,Candidato del PVEM
30,014,PT,DANIELA ALFARO CANSECO,ANA GABRIEL BERISTAIN VASQUEZ
30,014,MC,JOSE IVAN MONTERO VARGAS,JOSE LUIS REYES TEJEDA
30,014,MOR,Candidata o candidato de MORENA,Candidato o candidata de MORENA
30,014,C_PVEM_MOR,CONCEPCION GUILLERMINA MENDEZ LOPEZ,REYNA TEJEDA MONTUFA
30,046,PAN,ARMANDO AIZA DEBERNARDI,EDGAR FLORES CERVANTES
30,046,PRI,ENRIQUE RUSTRIAN VILLANUEVA,ROGER JESUS GARCIA MORA
30,046,PVEM,Candidata o candidato del PVEM,Candidato del PVEM
30,046,PT,PAOLA GRISSEL CASTELLANOS ELVIRA,SANTA GUADALUPE FLORES SALGADO
30,046,MC,SAMANTHA VICENTTINI LUNA,ALVA NIDIA PAEZ JIMENEZ
30,046,MOR,Candidata o candidato de MORENA,Candidato o candidata de MORENA
30,046,C_PVEM_MOR,MANUEL ALONSO CEREZO,GUSTAVO FRANCISCO RINCON HABIB
30,055,PAN,ABUNDIO MORA ANDRADE,GILBERTO MORALES HERNANDEZ
30,055,PRI,HORACIO LARA CARDENAS,Postulación Cancelada
30,055,PVEM,Candidata o candidato del PVEM,Candidato del PVEM
30,055,PT,SANTIAGO GREGORIO MORALES RENDON,HECTOR MORALES FLORES
30,055,MC,MONICA JANET RODRIGUEZ GARCIA,LETICIA MELO ESPINOZA
30,055,MOR,Candidata o candidato de MORENA,Candidato o candidata de MORENA
30,055,C_PVEM_MOR,ANGELICA PEÑA MARTINEZ,DULCE MARIA GUADALUPE FUENTES TRUJILLO
30,070,PAN,ELSA MARGARITA CARAMON MORALES,LORENA LEYVA MARTINEZ
30,070,PRI,ANA PAOLA MUÑOZ RAMIREZ,XOCHITL GAIL AMADOR MENCIAS
30,070,PVEM,Candidata o candidato del PVEM,Candidato del PVEM
30,070,PT,MONICA HERNANDEZ LUNA,CLAUDIA ALTAMIRA CALATAYUD
30,070,MC,ALFONSO EFRAIN MARIN DELFIN,ARMANDO ZEPEDA JIMENEZ
30,070,MOR,Candidata o candidato de MORENA,Candidato o candidata de MORENA
30,070,C_PVEM_MOR,EDUARDO ALONSO GARCIA VIVEROS,OSWALDO CAMPOS SANCHEZ
30,087,PAN,LORENA APALE DIAZ ,OFELIA SABDIEL GUTIERREZ OLVERA
30,087,PRI,ALVARO CERON FLORES,ODON CASTAÑEDA CASTRO
30,087,PVEM,Candidata o candidato del PVEM,Candidato del PVEM
30,087,PT,GUADALUPE GROTH CORTES,AIDA DE LA LUZ CORTES
30,087,MC,ARTURO MALDONADO RODRIGUEZ,JOSE IRVING SARMIENTO GARATE
30,087,MOR,Candidata o candidato de MORENA,Candidato o candidata de MORENA
30,087,C_PVEM_MOR,JOSE LUIS CORTES GUTIERREZ,JOSAFAT HECTOR TRUJILLO BAEZ
30,196,PAN,YESENIA FLORES DE LA CRUZ,EVELIA REYES MENDOZA
30,196,PRI,RAFAEL AGUILAR MARTINEZ,Postulación Cancelada
30,196,PVEM,JOHANNA ESMIT LOZANO NEVAREZ,MARIA DEL CARMEN FLORES FLORES
30,196,PT,JESSICA FLOR LUNA AGUILERA,AGRIPINA OROPEZA RAMIREZ 
30,196,MC,PATRICIA RODRIGUEZ MEDRANO,NORBERTA MEDRANO MONTERROSAS
30,196,MOR,DANIEL ROSAS LUNA,CARLOS CRIVELLI LARA
30,005,PAN,MAYRA LIZETH PRIETO LEON,VERONICA LEON CLARA
30,005,PRI,DANIA DOLORES DELGADO,JOSELINE ROSAS LINALDI
30,005,PVEM,Candidata o candidato del PVEM,Candidato del PVEM
30,005,PT,OGARITA GUZMAN MUÑOZ,CINTHYA SOSA SANCHEZ
30,005,MC,LEIDY DEL CARMEN ARENAS GARCIA,ALEJANDRA CRUZ DOMINGUEZ
30,005,MOR,Candidata o candidato de MORENA,Candidato o candidata de MORENA
30,005,C_PVEM_MOR,FILIBERTO SANCHEZ MARTINEZ,SILVIO GARCIA VERGARA
30,012,PAN,OCTAVIO JAIME RUIZ BARROSO,MELESIO USCANGA SILVA
30,012,PRI,NATALIA MARIA GONZALEZ VILLARREAL,TAYGETE MONTIEL FIGUEROA
30,012,PVEM,ALBERTO ANGEL COBOS MARQUEZ,ROBERTO LUIS GARCIA VIVES
30,012,PT,JUAN CARLOS OROPEZA ROSAS,JORGE CORNELIO GARCIA VIVES
30,012,MC,BOGAR RUIZ ROSAS,BRANDO RUIZ TERRAZAS
30,012,MOR,HIPOLITO DESCHAMPS ESPINO BARROS,OMAR MARTINEZ MORA
30,013,PAN,FELICITAS GALO GOMEZ,ALMA ROCIO JACOME LAGUNES
30,013,PRI,INGRID CAMACHO HERRERA,LISSY HERRERA ZARRABAL
30,013,PVEM,Candidata o candidato del PVEM,Candidato del PVEM
30,013,PT,ISABEL CONDADO PESTAÑA,ROSA ISELA UTRERA VERGARA
30,013,MC,FERNANDO ESTEBAN PABLO CAMACHO,JOSE MIGUEL CORRO AGUIRRE
30,013,MOR,Candidata o candidato de MORENA,Candidato o candidata de MORENA
30,013,C_PVEM_MOR,HORACIO AGUIRRE GALO,JORGE GUILLERMO HERNANDEZ RIVEROLL
30,047,PAN,ANGELA IÑIGUEZ ALFONSO,ELIA ALFONSO ROSAS
30,047,PRI,OLGA HERNANDEZ QUEVEDO,ALICIA PEREZ CRUZ
30,047,PVEM,Candidata o candidato del PVEM,Candidato del PVEM
30,047,PT,HOMERO ARRONIZ ZORRILLA,SAMUEL BALDERAS CALVO
30,047,MC,ROLANDO CASTRO ZAMUDIO,JORGE ORTIZ CORTES
30,047,MOR,Candidata o candidato de MORENA,Candidato o candidata de MORENA
30,047,C_PVEM_MOR,JORGE ALBERTO VILLEGAS CAZARES,DIEGO AGUIRRE PEÑA
30,208,PAN,VERONICA AGUIRRE LILI,MARIA DE GUADALUPE MACARIO OCHOA
30,208,PRI,ARACELI HERNANDEZ RAMOS,Postulación Cancelada
30,208,PVEM,Candidata o candidato del PVEM,Candidato del PVEM
30,208,PT,MARIA IGNACIA FERNANDEZ RIVERA,MARIA OFELIA GAMBOA LUNA
30,208,MC,ANGEL FEDERICO ALVAREZ MEDINA,VICENTE CONTRERAS GERARDO
30,208,MOR,Candidata o candidato de MORENA,Candidato o candidata de MORENA
30,208,C_PVEM_MOR,FRANCISCO JAVIER MOLINA ARRIOJA,JOSE ERASMO ZAMUDIO AGUILAR
30,056,PAN,ZOILA TORRES LOYO,DANIELA ITZEL ANGELES PEÑA
30,056,PRI,RAMIRO PEREZ GARCIA,CELSO JIMENEZ CASTRO
30,056,PVEM,Candidata o candidato del PVEM,Candidato del PVEM
30,056,PT,AKCIEL JAMIR TORRECILLA TORRECILLA,LINO TORRECILLA MONZALVE
30,056,MC,MARLENE ESPINOZA URBANO,PETRA HERNANDEZ HERNANDEZ
30,056,MOR,Candidata o candidato de MORENA,Candidato o candidata de MORENA
30,056,C_PVEM_MOR,VIANEY TEJERA CASTRO,LILIA FLORIANO HERNANDEZ
30,077,PAN,LEANIS PATRICIA YEPEZ MARTINEZ,LUCIA CRUZ HERNANDEZ
30,077,PRI,MARTHA PATRICIA USCANGA LOPEZ,MARIA VICTORIA MUÑOZ MUÑOZ
30,077,PVEM,Candidata o candidato del PVEM,Candidato del PVEM
30,077,PT,ALMA DELIS MORA USCANGA,ANA MARIA TRUJILLO SANCHEZ
30,077,MC,AURA PATRICIA USCANGA USCANGA,MIROSLAVA VERGARA PARRA
30,077,MOR,Candidata o candidato de MORENA,Candidato o candidata de MORENA
30,077,C_PVEM_MOR,MARIA DE LA LUZ SANTIAGO PONCE,GEMALI ROMERO RAMOS
30,086,PAN,CELIA FABIAN GARCIA,ALEJANDRA CORRO MARTINEZ
30,086,PRI,MA DEL PILAR MULATO SANTIAGO,Postulación Cancelada
30,086,PVEM,GUADALUPE SERRANO ANAYA,VACILIA LEON ARANO
30,086,PT,VERONICA CASTILLO ZAMESA,VIRGINIA PACHECO ANDRADE
30,086,MC,ROBERTO ALMENDRA LEON,CRISANTO HERNANDEZ MORENO
30,086,MOR,ALFREDO COPTO CUEVAS,FELIPE HERRERA MORAN
30,098,PAN,EDUARDO GARCIA DELGADO,ALTAGRACIA ZAMORANO SAINZ
30,098,PRI,JOSE GABRIEL CRUZ JIMENEZ,Postulación Cancelada
30,098,PVEM,Candidata o candidato del PVEM,Candidato del PVEM
30,098,PT,FLOR MARIA DE JESUS SOSA ZAMUDIO,MIRIAM CARDENAS MORA
30,098,MC,RUBI RODRIGUEZ ALONZO,SANDRA ELIZABETH BLANCO VARGAS
30,098,MOR,Candidata o candidato de MORENA,Candidato o candidata de MORENA
30,098,C_PVEM_MOR,BEATRIZ SILES HERNANDEZ,CARMELA AGUILAR QUIÑONES
30,120,PAN,VICTOR MUÑOZ RODRIGUEZ,OSCAR RAFAEL AGUIRRE CONTRERAS
30,120,PRI,JORGE GUERRERO GARCIA,FRANCISCO GUERRERO GARCIA
30,120,PVEM,Candidata o candidato del PVEM,Candidato del PVEM
30,120,PT,MARCOS PABLO FENTANES MANZANILLA,JORGE LUIS MENESES RODRIGUEZ
30,120,MC,VICTOR MANUEL PORRAGAS MORTERA,BRUNO DIAZ CARVAJAL
30,120,MOR,Candidata o candidato de MORENA,Candidato o candidata de MORENA
30,120,C_PVEM_MOR,MARIA DEL MILAGRO CACERES HERNANDEZ,MARTHA PATRICIA SARMIENTO CISNEROS
30,140,PAN,HARIM HERNANDEZ GOMEZ,ANUAR FERNANDO VALERIO LIMON
30,140,PRI,YURISANN MOJICA VICENTE,NORMA LUZ MULATO VERGARA
30,140,PVEM,Candidata o candidato del PVEM,Candidato del PVEM
30,140,PT,GENARO HERNANDEZ LIRA,JUAN AGUILERA ROMERO
30,140,MC,MICHELL RODRIGUEZ HERRERA,PETRONILA HERRERA RODRIGUEZ
30,140,MOR,Candidata o candidato de MORENA,Candidato o candidata de MORENA
30,140,C_PVEM_MOR,ELVIS LAUREANI ROMAN,DOMINGO LEYVA MERLIN
30,168,PAN,JUDITH AGUILAR CASTRO,VIANEY TADEO ESPINOSA
30,168,PRI,PEDRO JOSE ARRIOJA PEREZ,JORGE LUIS VAZQUEZ MUNDO
30,168,PVEM,Candidata o candidato del PVEM,Candidato del PVEM
30,168,PT,SERVANDO AMADOR CAVANZO,POMPEYO VAZQUEZ MEZA
30,168,MC,YESSICA LOPEZ ENRRIQUEZ,KATIA GRISELL LOPEZ VALVERDE
30,168,MOR,Candidata o candidato de MORENA,Candidato o candidata de MORENA
30,168,CAND_IND_1,SERGIO HERNANDEZ TADEO,HECTOR BRAVO AZAMAR
30,168,C_PVEM_MOR,JOSE ANTONIO BELLO RAMIREZ,JORGE ALVAREZ MENDOZA
30,173,PAN,REYNALDO AGUIRRE SOLIS,RAFAEL MONTIEL MARTINEZ
30,173,PRI,OLIVIA ESTELA VALERA ORTEGA,MIRNA LIBERTAD AGUIRRE ROMERO
30,173,PVEM,Candidata o candidato del PVEM,Candidato del PVEM
30,173,PT,JORGE FRANCISCO SISNIEGA LOPEZ,JESUS HUMBERTO HERNANDEZ TAPIA
30,173,MC,JUAN JOSE RUIZ HERNANDEZ,MARIA DE LA LUZ HERNANDEZ GONZALEZ
30,173,MOR,Candidata o candidato de MORENA,Candidato o candidata de MORENA
30,173,C_PVEM_MOR,EDWING EDUARDO GONZALEZ FERNANDEZ,JULIO CESAR PANTOJA MORA
30,175,PAN,ALFREDO JIMENEZ ORDAZ,ROSALINO MORA TAGAL
30,175,PRI,FELINA BALMORI ZARRABAL,LEADY AURORA AMADOR ZARRABAL
30,175,PVEM,Candidata o candidato del PVEM,Candidato del PVEM
30,175,PT,GERTRUDIS DOMINGUEZ VARGAS,AZUCENA NIETO DIAZ
30,175,MC,EVELYN DEL REFUGIO CASTRO LOPEZ,CLEMENCIA SALGADO GONZALEZ
30,175,MOR,Candidata o candidato de MORENA,Candidato o candidata de MORENA
30,175,C_PVEM_MOR,OMAR DURAN VILLASECA,RAFAEL MARTINEZ VALERIO
30,177,PAN,JUAN LUNA ALVAREZ,HIPOLITO MENDIOLA URBANO
30,177,PRI,FRANCISCO DE JESUS GUTIERREZ HERNANDEZ,IRMA JOAQUINA CASTILLO MUÑOZ
30,177,PVEM,Candidata o candidato del PVEM,Candidato del PVEM
30,177,PT,CANDELARIA DEL CARMEN FIERRO POIXTAN,VICTORIANA GAMBOA AQUINO
30,177,MC,RAFAEL DOMINGUEZ VERGARA,MARTIN HERNANDEZ ROMERO
30,177,MOR,Candidata o candidato de MORENA,Candidato o candidata de MORENA
30,177,C_PVEM_MOR,CHRISTIAN ROMERO PEREZ,XAVIER FONSECA IÑIGUEZ
30,180,PAN,ANTONIO MORA MOLINA,HORTENCIO LARA SANCHEZ
30,180,PRI,MARINA MORALES CORDOBA,Postulación Cancelada
30,180,PVEM,Candidata o candidato del PVEM,Candidato del PVEM
30,180,PT,GUSTAVO ADOLFO MORA BAIZABAL,RAMON VARGAS NORIEGA
30,180,MC,JUANA SERNA REYES,CARMEN LARA ROSALES
30,180,MOR,Candidata o candidato de MORENA,Candidato o candidata de MORENA
30,180,C_PVEM_MOR,BERTHA ADRIANA LAGUNES SANCHEZ,JUDITH RIVERA CERVANTES
30,189,PAN,DANIELA CASTRO ALCALA,DIANA VIANEY REYES SENA
30,189,PRI,AMADO RENDON CHAZARO,ANSELMA GUADALUPE REYES HUERTA
30,189,PVEM,Candidata o candidato del PVEM,Candidato del PVEM
30,189,PT,ROSA YADIRA PEREA SANTOS,ALEYDIS BELTRAN TORRECILLA
30,189,MC,IRMA MENDOZA PRECIADO,DEYTA FLORES REYES
30,189,MOR,Candidata o candidato de MORENA,Candidato o candidata de MORENA
30,189,C_PVEM_MOR,BERTHA REYES SOLANO,REYNA BERENICE RENDON ESTRADA
30,204,PAN,XOCHITL GARCIA MELCHOR,ADELA LEON ESPINOSA
30,204,PRI,JULIAN PEREDA VALOR,LEONEL RAMON USLAS
30,204,PVEM,JOSE MATEO ORTIZ RAMIREZ,FELIPE SANCHEZ ANZUREZ
30,204,PT,JULIO CESAR TRONCO FELIPE,ALEJANDRO LARA MARTINEZ
30,204,MC,MARIA DE JESUS CASTRO LOPEZ,NORMA FARIAS CASTILLO
30,204,MOR,JOSE JUAN GALLEGOS CARCAMO,ALEJANDRO DE JESUS HIGAREDA OLIVARES
30,006,PAN,IGNACIO DE JESUS LIMON,MARISOL VAZQUEZ PALACIOS
30,006,PRI,JUAN CARLOS RODRIGUEZ GONZALEZ,MARIELA DE LOS SANTOS DOLORES
30,006,PVEM,ALBERTO LAZCANO HERNANDEZ,CHRISTIAN ABRAHAM SANCHEZ LAZCANO
30,006,PT,DANIEL GONZALEZ AMARO,OMAR GONZALEZ AMARO
30,006,MC,BRISSA BETZAHIDA LOBATO RODRIGUEZ,GABRIELA MARTINEZ VILLA
30,006,MOR,IRENEO ROMERO CARRILLO,JUAN ROMERO ROSAS
30,006,CAND_IND_1,MARCO ANTONIO LEZAMA LEZAMA,ALEJANDRO HERNANDEZ PORFIRIO
30,019,PAN,JUAN ISRAEL MERINO GARCIA,EDUARDO ALONSO RAMIREZ
30,019,PRI,FRANCISCA OLIVIA PEREZ MAGDALENO,MAYRA MAGDALENO DE LA LUZ
30,019,PVEM,MARIA PETRA ALONSO VAZQUEZ,LUCERO RAMIREZ ALONSO
30,019,PT,ARMANDO ALONSO ROSAS,EDUARDO GARCIA TLAQUEÑO
30,019,MC,ELIGIO SALAZAR MAGDALENO,ROSA GARCIA GERVACIO
30,019,MOR,GENOVEVA GARCIA PEREZ,BRENDA ALONSO GARCIA
30,020,PAN,JANNET SITLALI ITEHUA JIMENEZ,MIREYA ITEHUA JIMENEZ
30,020,PRI,PERFECTO ITEHUA CUAGQUEHUA,HILARIO SALAS TZOMPAXTLE
30,020,PVEM,Candidata o candidato del PVEM,Candidato del PVEM
30,020,PT,MARIA TERESA ACAHUA ITEHUA,MARGARITA ACAHUA ACAHUA
30,020,MC,DEOLIVIA QUIAHUA ITEHUA,ALONDRA ITEHUA ITEHUA
30,020,MOR,Candidata o candidato de MORENA,Candidato o candidata de MORENA
30,020,C_PVEM_MOR,DIANA LAURA TZOMPAXTLE TECPILE,PATRICIA TECPILE ACAHUA
30,021,PAN,LETICIA COLOHUA IXMATLAHUA,FAUSTINA JUAREZ XITLAMA
30,021,PRI,CLAUDIO ROSALES VAZQUEZ,GERARDO ROSALES VAZQUEZ
30,021,PT,SIMEON COCOTLE JUAREZ,MIGUEL COCOTLE JUAREZ
30,021,MC,MARCELINO TLAXCALA TLAXCALA,TORIBIO TLAXCALA TLAXCALA
30,021,MOR,ARIANNA CITLALI VITE CUEVAS,ANERI IXMATLAHUA XICALHUA
30,031,PAN,ISRAEL ORTEGA BERISTAIN,ISRAEL IBARRA PEREA
30,031,PRI,RICARDO VILLA LOPEZ,MARIA ROSALIA HERNANDEZ MARQUEZ
30,031,PVEM,Candidata o candidato del PVEM,Candidato del PVEM
30,031,PT,GUSTAVO SANCHEZ ORTIZ,LUIS KAFIR PALMA RAMIREZ
30,031,MC,BENIGNO JULIAN RAMOS HERNANDEZ,SAMUEL ALVARADO HERNANDEZ
30,031,MOR,Candidata o candidato de MORENA,Candidato o candidata de MORENA
30,031,C_PVEM_MOR,OSCAR ROMERO AQUINO,ERMILO ROSAS RAMIREZ
30,043,PAN,MARIA SARA ISABEL COTLAME COCOTLE,CECILIA MARTINEZ NAMIGTLE
30,043,PRI,BALTAZAR LEOCADIO GARCIA CORONA,LETICIA GARCIA PEREZ
30,043,PVEM,Candidata o candidato del PVEM,Candidato del PVEM
30,043,PT,AGUSTINA CANCINO GARCIA,SOFIA VAZQUEZ CASTILLO
30,043,MC,GEREMIAS NEREO APALE TEHUINTLE,NIEVES MELQUIADES COTLAME TEPIXTLE
30,043,MOR,Candidata o candidato de MORENA,Candidato o candidata de MORENA
30,043,C_PVEM_MOR,SANTA ANALILIA GARCIA GALLARDO,RUTH JUAREZ JIMENEZ
30,054,PAN,CANDELARIA FIDELA LOPEZ CARDENAS,MARIA ARCELIA CRUZ RODRIGUEZ
30,054,PRI,FRANCISCO JAVIER LOPEZ AGUILAR,NOE MENDOZA MARTINEZ
30,054,PVEM,Candidata o candidato del PVEM,Candidato del PVEM
30,054,PT,ANA GABRIELA CUEVAS GALVEZ,ROSELIA MARTINEZ CASTAÑO
30,054,MC,ZAYRA PERALTA CASAS,MARICELA HERNANDEZ MONTIEL
30,054,MOR,Candidata o candidato de MORENA,Candidato o candidata de MORENA
30,054,C_PVEM_MOR,FERNANDO HERNANDEZ MARTINEZ,AARON MONTIEL PULIDO
30,099,PAN,FERMINA MIXTECO OLTEHUA,MARGARITA MIXTECO ZEPAHUA
30,099,PRI,ISIDORO COLOHUA TEQUIHUATLE,BONIFACIA TLECUILE ZEPAHUA
30,099,PVEM,Candidata o candidato del PVEM,Candidato del PVEM
30,099,PT,FORTUNATA ZEPAHUA TEQUIHUATLE,DAMARIS MARTINEZ IXMATLAHUA
30,099,MC,JUDITH ZEPAHUA TLECUILE,JUANA TLECUILE TLECUILE
30,099,MOR,Candidata o candidato de MORENA,Candidato o candidata de MORENA
30,099,C_PVEM_MOR,OLGA ZEPAHUA TLECUILE,JOCABED TEQUIHUATLE MIXTECO
30,100,PAN,VIRIDIANA CERONIO BARREDA,MARIA ARACELI FABIAN SANCHEZ
30,100,PRI,AMALIA ROSA MARIA ROSAS CERONIO,MARIA VICTORIA ROSAS CANCINO
30,100,PVEM,GABRIELA TELLO EVARISTO,FLORIBEL BELTRAN CALVARIO
30,100,PT,JULIO CESAR RODRIGUEZ PEREZ,VICTOR RODRIGUEZ MARTINEZ
30,100,MC,NESTOR TORAL PEREZ,SAUL HUERTA DOMINGUEZ
30,100,MOR,ILEANA SARAI MERINO MACHORRO,ETHEL JOANNA ZAMORA MARCIAL
30,111,PAN,PAULINA TETLACTLE TEPOLE,MARIA FLAVIA MAYAHUA ATLAHUA
30,111,PRI,CELIA GARCIA RODRIGUEZ,SIRIA GARCIA RODRIGUEZ
30,111,PVEM,Candidata o candidato del PVEM,Candidato del PVEM
30,111,PT,CRISPIN HERNANDEZ SANCHEZ,RAUL HERNANDEZ SANCHEZ
30,111,MC,ANTELMA GALVEZ QUECHULPA,MARIA DEL PILAR TLEHUACTLE CANO
30,111,MOR,Candidata o candidato de MORENA,Candidato o candidata de MORENA
30,111,C_PVEM_MOR,NORMA CHONCOA GARCIA,CECILIA TEMOXTLE DE LA CRUZ
30,114,PAN,KARLA NANCY ABAD SOSA,RAQUEL MIREYA DIONICIO TEXCAHUA
30,114,PRI,FRANCISCO FLORENTINO TEPEPA MIRANDA,CARLOS GAUDENCIO FLORES ROJAS
30,114,PVEM,Candidata o candidato del PVEM,Candidato del PVEM
30,114,PT,ESMERALDA SOLIS PEREZ,ANGELA DIAZ LOPEZ
30,114,MC,PAOLA CORDOBA DAMIAN,GERALDINE DIONISIO RODRIGUEZ
30,114,MOR,Candidata o candidato de MORENA,Candidato o candidata de MORENA
30,114,C_PVEM_MOR,BARBARA LIZBETH FLORES TEPEPA,ROSARIO DAMIAN APALE
30,116,PAN,RICARDO MORA CABALLERO,ERIK MIGUEL MARIN GARZA
30,116,PRI,PATRICIA RODRIGUEZ ROMERO,BLANCA IRIS IBAÑEZ RIVAS
30,116,PVEM,Candidata o candidato del PVEM,Candidato del PVEM
30,116,PT,LIBNI ZURIEL DE LA CRUZ CRUZ,GILBERTO PEREZ LOPEZ
30,116,MC,ALMA ROSA DE ROSAS GINES,PERLA ISABEL CAMPILLO LOPEZ
30,116,MOR,Candidata o candidato de MORENA,Candidato o candidata de MORENA
30,116,C_PVEM_MOR,GUILLERMO MEJIA PERALTA,ALVARO SANCHEZ PEÑA
30,118,PAN,DIONISIO HERRERA TORRES,GASPAR MARTINEZ MARTINEZ
30,118,PRI,JOSE MANUEL MONTALVO GOMEZ,FRANCISCO JAVIER CALDERON FERNANDEZ
30,118,PVEM,Candidata o candidato del PVEM,Candidato del PVEM
30,118,PT,MARIA DOLORES RENDON HEREDIA,JULIA MARTINEZ MARIANO
30,118,MC,LEHIDY GRACIELA JUAREZ XOCHICALE,SILVIA MONSERRAT RODELA RAMIREZ
30,118,MOR,Candidata o candidato de MORENA,Candidato o candidata de MORENA
30,118,C_PVEM_MOR,MAYRA SANCHEZ JIMENEZ,ANA MARIA LOPEZ PONCE
30,135,PAN,FELIPE CRUZ ROSAS,JOSE FAUSTO REYES NOLASCO
30,135,PRI,MIGUEL ANGEL SANCHEZ ARCADIO,MIGUEL ANGEL ENRIQUEZ HERNANDEZ
30,135,PVEM,Candidata o candidato del PVEM,Candidato del PVEM
30,135,PT,ANSELMO GARCIA PEREZ,GABRIELA JUANA NARCIZO
30,135,MC,GENARO CARRASCO ROJAS,JOSE ROBERTO LIMON REYES
30,135,MOR,Candidata o candidato de MORENA,Candidato o candidata de MORENA
30,135,C_PVEM_MOR,MARIBEL HERNANDEZ ROJAS,SARAI VALLEJO ALEJANDRO
30,138,PAN,JERONIMA AJACTLE AJACTLE,ABILIA DOMINGUEZ HERNANDEZ
30,138,PRI,LUCAS EDUARDO AJACTLE CUEYACTLE,ANTONINO COLOHUA GARCIA
30,138,PVEM,Candidata o candidato del PVEM,Candidato del PVEM
30,138,PT,ELPIDIO PEREZ ANASTACIO,EDGAR ELEAZAR ROSALES PEREZ
30,138,MC,IRENE AJACTLE XOCHICALE,ELIBERTA ATLAHUA ATLAHUA
30,138,MOR,Candidata o candidato de MORENA,Candidato o candidata de MORENA
30,138,C_PVEM_MOR,MARIA BERNARDINA TEQUILIQUIHUA AJACTLE,RAQUEL ROMERO FLORES
30,141,PAN,SORROCO RAMOS DOMINGUEZ,YOLANDA VAZQUEZ PEREZ
30,141,PRI,OBDULIA PEREZ LASTRE,GUILLERMINA TEXCAHUA CALIHUA
30,141,PVEM,Candidata o candidato del PVEM,Candidato del PVEM
30,141,PT,BASILIA IXMATLAHUA COLOHUA,VIRIDIANA JACINTO ANTONIO
30,141,MC,DOMINGO CERESO CRUZ,BERNARDO MORALES MARTINEZ
30,141,MOR,Candidata o candidato de MORENA,Candidato o candidata de MORENA
30,141,C_PVEM_MOR,CANDELARIA JIMENEZ ANTONIO,MARIA ANGELICA CASTILLO MARQUEZ
30,148,PAN,INES GALLEGOS FLORES,MARIA SUSANA CELESTINO DE LA CRUZ
30,148,PRI,ROMEO ROSALES CRISOSTOMO,OSEAS ANTONIO GONZALEZ
30,148,PVEM,Candidata o candidato del PVEM,Candidato del PVEM
30,148,PT,ROSA ESMERALDA MARCELINO SUAREZ,MARIA ROSA MARCELINO SUAREZ
30,148,MC,ROBERTO ANTONIO HERNANDEZ,BENJAMIN PASCUAL LOPEZ
30,148,MOR,Candidata o candidato de MORENA,Candidato o candidata de MORENA
30,148,C_PVEM_MOR,FLAVIO PEREZ ZEFERINO,JAVIER MARTINEZ HERNANDEZ
30,159,PAN,JUAN QUIAHUA PANZO,GERARDO CALIHUA CONTRERAS
30,159,PRI,AVELINA CALIHUA TEMOXTLE,ADELA QUIAHUA CHIPAHUA
30,159,PT,EMMA PANZO CALIHUA,MARIA EUGENIA TEHUINTLE PANZO
30,159,MC,REINA TEMOXTLE PANZO,SILVANA PANZO MACUIXTLE
30,159,MOR,FLORENTINA TECPILE MACUIXTLE,ANADID GARCIA SALAS
30,167,PAN,ADELAIDA COLOHUA CARBAJAL,CARMEN PORRAS ACATECATL
30,167,PVEM,Candidata o candidato del PVEM,Candidato del PVEM
30,167,PT,JAVIER MISSAEL GARCIA ZEPAHUA,IRMA LETICIA ZEPAHUA VALENCIA
30,167,MC,JESUS URIEL SANTIAGO ZEPAHUA,EMMANUEL IVAN SANTIAGO ZEPAHUA
30,167,MOR,Candidata o candidato de MORENA,Candidato o candidata de MORENA
30,167,C_PVEM_MOR,ALEJANDRA ZEPAHUA HERNANDEZ,ROSA LAURA TEZOCO TEHUINTLE
30,170,PAN,EMETERIA GALVEZ ZACARIAS,ELSA ITEHUA JUAREZ
30,170,PRI,GERVACIO HERNANDEZ MELLADO,EUTIQUIO TEHUACATL CHONCOA
30,170,PVEM,Candidata o candidato del PVEM,Candidato del PVEM
30,170,PT,LUIS ALONSO DOMINGUEZ PEREZ,CELIA CHONCOA HERNANDEZ
30,170,MC,MIGUEL JUAN CUAQUEHUA QUECHULPA,MAURILIO MENDEZ IXTACUA
30,170,MOR,Candidata o candidato de MORENA,Candidato o candidata de MORENA
30,170,C_PVEM_MOR,ISAAC LEODEGARIO MARTINEZ TEPOLE,ARTURO TZANAHUA CHONCOA
30,172,PAN,MARIA FELIX MERLO REYES,MARIBEL VALENCIA MENDOZA
30,172,PRI,NORMA MARIA ABID ALVAREZ,AIDE SAAVEDRA DOLORES
30,172,PVEM,IRAZEMA TEMOXTLE PEREZ,TERESA DE JESUS HERRERA ESTEVEZ
30,172,PT,GRACIELA SANDOVAL CANO,ARIADNA ROMERO CISNEROS
30,172,MC,CASANDRA JUAREZ ANASTACIO,ANAHI HERNANDEZ MENDEZ
30,172,MOR,OMAR PAZ MORAN,CARLOS MONTALVO RAMOS
30,183,PAN,ANGELICA VALERIA GARCIA CERVANTES ,LUCIA CERVANTES SANCHES 
30,183,PRI,ALFREDO TENTZOHUA HERNANDEZ,VICTORIA GARCIA ROMERO
30,183,PVEM,Candidata o candidato del PVEM,Candidato del PVEM
30,183,PT,LUIS SANCHEZ SALAS,MARINO SANCHEZ SANCHEZ
30,183,MC,SILVIA CERVANTES SANCHEZ,MARIA DEL SOCORRO ROMERO MONTALVO
30,183,MOR,Candidata o candidato de MORENA,Candidato o candidata de MORENA
30,183,CAND_IND_1,SERENO SALAS TENTZOHUA,FELIX SALAS TEHUACATL
30,183,C_PVEM_MOR,GAUDENCIA HERNANDEZ ROMERO,OFELIA TENTZOHUA SANCHEZ
30,184,PAN,LEONOR MARTINEZ HERNANDEZ,FRANCISCA ASPIRI FLORES
30,184,PRI,ANASTACIA ROJAS VASQUEZ,CLARA ANTONIO SANCHEZ
30,184,PVEM,Candidata o candidato del PVEM,Candidato del PVEM
30,184,PT,GERMAIN TIBURCIO AGUAS,FORTINO ADRIAN CRUZ
30,184,MC,REYNA SOFIA DEL VALLE LOPEZ,MARIA MERCEDES SALAZAR MORALES
30,184,MOR,Candidata o candidato de MORENA,Candidato o candidata de MORENA
30,184,C_PVEM_MOR,BEATRIZ URBANO LASTRE,MARTHA LUCIANO JERONIMO
30,195,PAN,UBALDO MUÑOZ CASTILLO,JAVIER PEREZ CASTILLO
30,195,PRI,SOTERO PEREZ GARCIA,JUAN CLEMENTE ROSALES
30,195,PVEM,Candidata o candidato del PVEM,Candidato del PVEM
30,195,PT,JOSE CASTILLO ROMERO,JOSE ISABEL OSORIO HERNANDEZ
30,195,MC,JUANA CLEMENTE PEREZ,CRISPINA CLEMENTE PEREZ
30,195,MOR,Candidata o candidato de MORENA,Candidato o candidata de MORENA
30,195,C_PVEM_MOR,MIGUELINA DIAZ ROSALES,ANGELICA VAZQUEZ HERNANDEZ
30,201,PAN,SONIA ORTEGA GUERRA,VANESSA TETZOYOTL RAMOS
30,201,PRI,ADAN SANDOKAN HERNANDEZ VALLEJO,PAULO CESAR MENDEZ RUIZ
30,201,PVEM,JESSICA VIVIANA VICTORIA ATLAHUA,MARIA DE LA PAZ ALAVID CRISANTOS
30,201,PT,HERMINIO METZHUA SANMIGUEL,JERONIMO ISMAEL VAZQUEZ JUAREZ
30,201,MC,IGNACIO RAMIREZ FLORES,SERAFIN PUERTOS RODRIGUEZ
30,201,MOR,LIDIA IRMA MEZHUA CAMPOS,DOLORES HERNANDEZ CANO
30,201,CAND_IND_1,JUAN CARLOS MEZHUA CAMPOS,JOSE ALFONSO CAMPOS MARTINEZ
30,016,PAN,ROSARIO VALERIO HERNANDEZ,CATALINA VERGARA GARCIA
30,016,PRI,HILDA GONZALEZ CANELA,EVA GIL HERVIS
30,016,PVEM,Candidata o candidato del PVEM,Candidato del PVEM
30,016,PT,FLORIAN GARCIA REYES,JORGE LUIS AQUINO AZAMAR
30,016,MC,ROY DIAZ SANCHEZ,HECTOR ISRAEL PARDO RAMOS
30,016,MOR,Candidata o candidato de MORENA,Candidato o candidata de MORENA
30,016,CAND_IND_1,ARTURO HERVIZ REYES,ELVIS ARTURO HERVIZ PEREZ
30,016,C_PVEM_MOR,SAMANTHA SANCHEZ DEL HOYO,RAFAELA AGUIRRE MARIA
30,034,PAN,GUADALUPE BUCIO MARIN,ROCIO DEL CARMEN GALLARDO ORTIZ
30,034,PRI,RUBI RODRIGUEZ REYES,LUZ ADRIANA RAMIREZ MARTINEZ
30,034,PVEM,Candidata o candidato del PVEM,Candidato del PVEM
30,034,PT,CARLOS SERRANO SANCHEZ,ABEL TEXNA XOLO
30,034,MC,NORBERTO EDUARDO TOSCANO,RAFAEL HERNANDEZ BRIZUELA
30,034,MOR,Candidata o candidato de MORENA,Candidato o candidata de MORENA
30,034,C_PVEM_MOR,JULIO CESAR ORTEGA SERRANO,IGNACIO BERNAL
30,075,PAN,FAUSTINA LUNA GARCIA,EMILIA DEL CARMEN ROMAN FARIAS
30,075,PRI,LEONARDO VAZQUEZ CHAVEZ,DARWIN TADEO VASQUEZ ROMAN
30,075,PVEM,Candidata o candidato del PVEM,Candidato del PVEM
30,075,PT,AMELIA MARTINEZ HERNANDEZ,BERTHA SANCHEZ CAYETANO
30,075,MC,ADRIANA CORTES RAMIREZ,MAGALI CHONTAL REYES
30,075,MOR,Candidata o candidato de MORENA,Candidato o candidata de MORENA
30,075,C_PVEM_MOR,ARMANDO RAMON CALDELAS RIOS,MIGUEL CAZARIN FIGUEROA
30,105,PAN,EPITACIO ALFONSO HERNANDEZ,EMILIO BAUTISTA ARMAS
30,105,PRI,JULISSA BAUTISTA HERNANDEZ,IVETTE BAUTISTA REYES
30,105,PVEM,Candidata o candidato del PVEM,Candidato del PVEM
30,105,PT,RICARDO HERNANDEZ CASTILLO,HERMENEGILDO PEREZ HERNANDEZ
30,105,MC,TOMAS GONZALEZ HERNANDEZ,CALIXTO CRUZ GONZALEZ
30,105,MOR,Candidata o candidato de MORENA,Candidato o candidata de MORENA
30,105,C_PVEM_MOR,CRISOFORO ALFONSO CRUZ,MARBELLA HERNANDEZ RAMIREZ
30,210,PAN,ROSAURA HERNANDEZ GOMEZ,CELIA MARTINEZ CRUZ
30,210,PRI,HUMBERTO LOPEZ SANCHEZ,TEOBALDO BAUTISTA MARTINEZ
30,210,PVEM,Candidata o candidato del PVEM,Candidato del PVEM
30,210,PT,VLADIMIR GONZALEZ MARTINEZ,JAVIER RAMIREZ LOPEZ
30,210,MC,CATARINO RAMIREZ GONZALEZ,GENARO BAUTISTA REVILLA
30,210,MOR,Candidata o candidato de MORENA,Candidato o candidata de MORENA
30,210,C_PVEM_MOR,ROLANDO BAUTISTA RAMIREZ,GLADYS CASTILLO MARTINEZ
30,123,PAN,EDGARDO ANTONIO HERNANDEZ,MANUEL HERNANDEZ FLORES
30,123,PRI,DORIAN ARLENNE MARTINEZ HUERVO,SENORINA MARTINEZ CRUZ
30,123,PVEM,Candidata o candidato del PVEM,Candidato del PVEM
30,123,PT,JOSE LUIS GONZALEZ HERNANDEZ,ALBERTO HERNANDEZ MORALES
30,123,MC,CELIA VARGAS MARTINEZ,CIRILA HERNANDEZ MARTINEZ
30,123,MOR,Candidata o candidato de MORENA,Candidato o candidata de MORENA
30,123,C_PVEM_MOR,ELPIDIO LORENZO CONCEPCION,CIRO SOLIS MARTINEZ
30,142,PAN,OSCAR BENITO PAXTIAN POLITO,JOSE ANGEL ALCALA VILLA
30,142,PRI,ROBERTO VIRGEN RIVEROLL,MARICARMEN PERAZA TURRENT
30,142,PVEM,Candidata o candidato del PVEM,Candidato del PVEM
30,142,PT,ARCELIA ARCE ARENAS,ICELA PANAMA VALERIO
30,142,MC,ALEJANDRO TOM LINARES,ARTURO RAFAEL GONZALEZ RODRIGUEZ
30,142,MOR,Candidata o candidato de MORENA,Candidato o candidata de MORENA
30,142,C_PVEM_MOR,RAFAEL GUSTAVO FARARONI MAGAÑA,GUILLERMO FELIX RAMIREZ RODRIGUEZ
30,144,PAN,SOLEDAD OCELOT SOSME,ARACELI VICTORIO MEAVES
30,144,PRI,EMMANUEL CHAGALA PIO,JOSE ALBERTO OCELOT ARANA
30,144,PVEM,Candidata o candidato del PVEM,Candidato del PVEM
30,144,PT,ELI JESSER MENDOZA ISIDORO,JUAN ENRIQUE SEDAS ARANA
30,144,MC,CLAUDIA GUADALUPE ACOMPA ISLAS,ARACELY ISABEL DIAZ ROMERO
30,144,MOR,Candidata o candidato de MORENA,Candidato o candidata de MORENA
30,144,CAND_IND_1,LEONEL CANCINO COPETE,MANUEL RICARDO ROBLES DE LA MAZA
30,144,CAND_IND_2,YAZMIN DE LOS ANGELES COPETE ZAPOT,MARTHA ALEJANDRA CASTELLANOS DIAZ
30,144,C_PVEM_MOR,NOE DOMINGUEZ CADENA,ALEJANDRO LARA MARQUEZ
30,150,PAN,OSCAR RAMIREZ HERNANDEZ,DAVID DOMINGUEZ DOMINGUEZ
30,150,PRI,PEDRO RAMIREZ JIMENEZ,LEODEGARIO RAMIREZ MANUEL
30,150,PVEM,XOCHILT DEL CARMEN PASCUAL SAGRERO,MINERVA MARQUEZ PASCUAL
30,150,PT,VICTOR ADOLFO CARMONA MULATO,DANIEL HERNANDEZ PACHECO
30,150,MC,SOSIMO LOPEZ RAMIREZ,NEREO RAMIREZ GARCIA
30,150,MOR,NELSON FRANCISCO GUZMAN PASCUAL,CRISPIN GONZALEZ SANTIAGO
