ID_ESTADO,NOMBRE_ESTADO,ID_MUNICIPIO,MUNICIPIO,SECCIONES,CASILLAS,PAN,PRI,PRD,PT,PVEM,MC,MORENA,PES,RSP,FXM,PBC,PAN_PRI_PRD,PAN_PRI,PAN_PRD,PRI_PRD,PT_PVEM_MORENA,PT_PVEM,PT_MORENA,PVEM_MORENA,NUM_VOTOS_VALIDOS,NUM_VOTOS_CAN_NREG,NUM_VOTOS_NULOS,TOTAL_VOTOS,LISTA_NOMINAL,RUTA_ACTA
2,BAJA CALIFORNIA,1,ENSENADA,244,700,6754,3821,1404,6249,1827,2025,55652,30449,1649,3959,1477,220,69,15,16,740,170,726,162,117384,138,3327,120849,414808,
2,BAJA CALIFORNIA,2,MEXICALI,580,1398,31434,8697,1749,3962,3987,9193,137834,91884,3531,3172,6769,1022,392,154,62,1167,156,899,588,306652,395,7993,315040,818537,
2,BAJA CALIFORNIA,3,TECATE,46,145,2926,2426,544,1110,1417,2023,28079,18877,777,1191,700,129,52,9,9,196,48,152,93,60758,53,2122,62933,88071,
2,BAJA CALIFORNIA,4,TIJUANA,1116,2566,39459,13275,4603,8922,7247,9479,239899,183594,3871,4461,11006,1310,350,103,68,1805,233,1458,664,531807,317,11495,543619,1493699,
2,BAJA CALIFORNIA,5,PLAYAS DE ROSARITO,27,158,5692,2056,690,2101,1711,1827,31951,21743,1251,2000,1092,230,54,21,2,422,36,258,114,73251,103,1919,75273,104062,
