﻿CIRCUNSCRIPCION,ID_ESTADO,NOMBRE_ESTADO,ID_DISTRITO_LOCAL,CABECERA_DISTRITAL_LOCAL,ID_MUNICIPIO,MUNICIPIO,ID_DEMARCACION_LOCAL,DEMARCACION_LOCAL,TIPO_DE_ELECCION,NOMBRE_PARTICIPANTE,NUMERO_LISTA,CANDIDATO,SEXO_CANDIDATO,RUTA_CONSTANCIA,GRUPO_PARLAMENTARIO
,10,DURANGO,1,VICTORIA DE DURANGO,,,,,DIP_LOC_MR,C_PAN_PRI_PRD,1,ALEJANDRO MOJICA NARVAEZ,1,,PAN
,10,DURANGO,2,VICTORIA DE DURANGO,,,,,DIP_LOC_MR,C_PAN_PRI_PRD,1,RICARDO FIDEL PACHECO RODRIGUEZ,1,,PRI
,10,DURANGO,3,VICTORIA DE DURANGO,,,,,DIP_LOC_MR,C_PAN_PRI_PRD,1,FRANCISCO LONDRES BOTELLO CASTRO,1,,PRD
,10,DURANGO,4,VICTORIA DE DURANGO,,,,,DIP_LOC_MR,C_PAN_PRI_PRD,1,GABRIELA HERNANDEZ LOPEZ,2,,PRI
,10,DURANGO,5,VICTORIA DE DURANGO,,,,,DIP_LOC_MR,C_PAN_PRI_PRD,1,SILVIA PATRICIA JIMENEZ DELGADO,2,,PAN
,10,DURANGO,6,PUEBLO NUEVO,,,,,DIP_LOC_MR,C_PAN_PRI_PRD,1,JOSE RICARDO LOPEZ PESCADOR,1,,PRI
,10,DURANGO,7,SANTIAGO PAPASQUIARO,,,,,DIP_LOC_MR,C_PAN_PRI_PRD,1,JOEL CORRAL ALCANTAR,1,,PAN
,10,DURANGO,8,EL ORO,,,,,DIP_LOC_MR,C_PAN_PRI_PRD,1,GERARDO GALAVIZ MARTINEZ,1,,PAN
,10,DURANGO,9,MAPIMI,,,,,DIP_LOC_MR,C_PT_MORENA,1,MARIO ALFONSO DELGADO MENDOZA,1,,PT
,10,DURANGO,10,GOMEZ PALACIO,,,,,DIP_LOC_MR,C_PT_MORENA,1,ALEJANDRA DEL VALLE RAMIREZ,2,,MORENA
,10,DURANGO,11,GOMEZ PALACIO,,,,,DIP_LOC_MR,C_PT_MORENA,1,OFELIA RENTERIA DELGADILLO,2,,MORENA
,10,DURANGO,12,GOMEZ PALACIO,,,,,DIP_LOC_MR,C_PT_MORENA,1,EDUARDO GARCIA REYES,1,,MORENA
,10,DURANGO,13,LERDO,,,,,DIP_LOC_MR,C_PAN_PRI_PRD,1,SUSY CAROLINA TORRECILLAS SALAZAR,2,,PRI
,10,DURANGO,14,CUENCAME,,,,,DIP_LOC_MR,C_PAN_PRI_PRD,1,DAVID RAMOS ZEPEDA,1,,PRD
,10,DURANGO,15,NOMBRE DE DIOS,,,,,DIP_LOC_MR,C_PAN_PRI_PRD,1,SANDRA LUZ REYES RODRIGUEZ,2,,PRI
,10,DURANGO,,,,,,,DIP_LOC_RP,PAN,1,VERONICA PEREZ HERRERA,2,,PAN
,10,DURANGO,,,,,,,DIP_LOC_RP,PAN,1,FERNANDO ROCHA AMARO,1,,PAN
,10,DURANGO,,,,,,,DIP_LOC_RP,PRI,1,ALICIA GUADALUPE GAMBOA MARTINEZ,2,,PRI
,10,DURANGO,,,,,,,DIP_LOC_RP,PRI,2,LUIS ENRIQUE BENITEZ OJEDA,1,,PRI
,10,DURANGO,,,,,,,DIP_LOC_RP,PRI,3,SUGHEY ADRIANA TORRES RODRIGUEZ,2,,PRI
,10,DURANGO,,,,,,,DIP_LOC_RP,PVEM,1,MA DE LOS ANGELES ROJAS RIVERA,2,,PVEM
,10,DURANGO,,,,,,,DIP_LOC_RP,MORENA,1,SANDRA LILIA AMAYA ROSALES,2,,MORENA
,10,DURANGO,,,,,,,DIP_LOC_RP,MORENA,2,CHRISTIAN ALAN JEAN ESPARZA,1,,MORENA
,10,DURANGO,,,,,,,DIP_LOC_RP,MORENA,3,MARISOL CARRILLO QUIROGA,2,,MORENA
,10,DURANGO,,,,,,,DIP_LOC_RP,MORENA,4,BERNABE AGUILAR CARRILLO,1,,MORENA
