﻿ID_ESTADO,NOMBRE_ESTADO,ID_DISTRITO_LOCAL,CABECERA_DISTRITAL_LOCAL,SECCIONES,CASILLAS,PAN,PRI,PRD,PVEM,PT,MC,MORENA,PES,RSP,FXM,CAND_IND1,CAND_IND2,CAND_IND3,NUM_VOTOS_VALIDOS,NUM_VOTOS_CAN_NREG,NUM_VOTOS_NULOS,TOTAL_VOTOS,LISTA_NOMINAL,RUTA_ACTA
28,TAMAULIPAS,1,NUEVO LAREDO,81,206,19491,4201,370,1680,1113,1971,26773,789,592,1049,,,,58029,28,1328,59385,126360,https://www.ietam.org.mx/Portal/documentos/PE2021/Resultados/Actas/ActCompMR_CDE01_Nuevo Laredo.pdf
28,TAMAULIPAS,2,NUEVO LAREDO,115,233,30834,6370,590,1449,1990,1048,26039,545,461,729,,,,70055,33,2529,72617,129538,https://www.ietam.org.mx/Portal/documentos/PE2021/Resultados/Actas/ActCompMR_CDE02_Nuevo Laredo.pdf
28,TAMAULIPAS,3,NUEVO LAREDO,70,206,23154,8129,517,3108,2094,753,18425,2686,186,1644,,,,60696,23,1664,62383,122816,https://www.ietam.org.mx/Portal/documentos/PE2021/Resultados/Actas/ActCompMR_CDE03_Nuevo Laredo.pdf
28,TAMAULIPAS,4,REYNOSA,86,208,19151,3604,456,1367,1466,2160,21668,2235,257,738,,,,53102,23,1288,54413,124531,https://www.ietam.org.mx/Portal/documentos/PE2021/Resultados/Actas/ActCompMR_CDE04_Reynosa.pdf
28,TAMAULIPAS,5,REYNOSA,110,226,18433,2605,445,1696,1356,2258,24762,2601,883,704,,,,55743,32,1291,57066,128647,https://www.ietam.org.mx/Portal/documentos/PE2021/Resultados/Actas/ActCompMR_CDE05_Reynosa.pdf
28,TAMAULIPAS,6,REYNOSA,100,226,22133,3616,1035,2052,2670,2811,25139,2263,626,269,,,,62614,22,4915,67551,128274,https://www.ietam.org.mx/Portal/documentos/PE2021/Resultados/Actas/ActCompMR_CDE06_Reynosa.pdf
28,TAMAULIPAS,7,REYNOSA,87,220,16946,1827,610,1231,1504,1667,26413,2074,627,642,,,,53541,18,1476,55035,128809,https://www.ietam.org.mx/Portal/documentos/PE2021/Resultados/Actas/ActCompMR_CDE07_Reynosa.pdf
28,TAMAULIPAS,8,RIO BRAVO,98,235,18353,5813,759,1736,3573,2182,23366,2043,865,733,,,,59423,20,1536,60979,136521,https://www.ietam.org.mx/Portal/documentos/PE2021/Resultados/Actas/ActCompMR_CDE08_Rio Bravo.pdf
28,TAMAULIPAS,9,VALLE HERMOSO,81,192,16555,8368,502,1213,1265,894,21726,834,271,630,,,,52258,19,1320,53597,109186,https://www.ietam.org.mx/Portal/documentos/PE2021/Resultados/Actas/ActCompMR_CDE09_Valle Hermoso.pdf
28,TAMAULIPAS,10,H. MATAMOROS,56,191,13055,5485,509,817,1226,1132,34002,1124,384,697,,,,58431,42,1948,60421,121160,https://www.ietam.org.mx/Portal/documentos/PE2021/Resultados/Actas/ActCompMR_CDE10_Matamoros.pdf
28,TAMAULIPAS,11,H. MATAMOROS,35,172,12184,3341,383,1083,1067,1100,28460,832,369,499,703,,,50021,99,1343,51463,112892,https://www.ietam.org.mx/Portal/documentos/PE2021/Resultados/Actas/ActCompMR_CDE11_Matamoros.pdf
28,TAMAULIPAS,12,H. MATAMOROS,107,219,16018,6323,324,1075,936,1233,28753,691,385,611,,,,56349,31,5411,61791,122245,https://www.ietam.org.mx/Portal/documentos/PE2021/Resultados/Actas/ActCompMR_CDE12_Matamoros.pdf
28,TAMAULIPAS,13,SAN FERNANDO,159,258,40442,16699,528,1505,4267,2783,15679,658,484,222,,,,83267,28,3136,86431,118287,https://www.ietam.org.mx/Portal/documentos/PE2021/Resultados/Actas/ActCompMR_CDE13_San Fernando.pdf
28,TAMAULIPAS,14,CIUDAD VICTORIA,82,211,25297,12922,912,2905,1645,3798,26094,1154,875,238,974,,,76814,57,1505,78376,125635,https://www.ietam.org.mx/Portal/documentos/PE2021/Resultados/Actas/ActCompMR_CDE14_Victoria.pdf
28,TAMAULIPAS,15,CIUDAD VICTORIA,67,211,22226,8381,918,1761,1832,7042,25533,1449,733,791,881,,,71547,44,3434,75025,128366,https://www.ietam.org.mx/Portal/documentos/PE2021/Resultados/Actas/ActCompMR_CDE15_Victoria.pdf
28,TAMAULIPAS,16,XICOTENCATL,150,283,46791,12536,714,3550,10115,1934,15676,1345,1481,1106,,,,95248,84,24152,119484,130764,https://www.ietam.org.mx/Portal/documentos/PE2021/Resultados/Actas/ActCompMR_CDE16_Xicotencatl.pdf
28,TAMAULIPAS,17,CIUDAD MANTE,123,227,30070,11675,1291,5013,2790,1797,29988,1559,364,419,,,,84966,34,10554,95554,118900,https://www.ietam.org.mx/Portal/documentos/PE2021/Resultados/Actas/ActCompMR_CDE17_El Mante.pdf
28,TAMAULIPAS,18,ALTAMIRA,76,218,26507,3937,1433,1662,1636,5806,29698,2351,655,545,,,,74230,5,1797,76032,128765,https://www.ietam.org.mx/Portal/documentos/PE2021/Resultados/Actas/ActCompMR_CDE18_Altamira.pdf
28,TAMAULIPAS,19,MIRAMAR,42,174,20079,1987,2623,683,1125,1507,27237,1675,804,547,,,,58267,46,1255,59568,115024,https://www.ietam.org.mx/Portal/documentos/PE2021/Resultados/Actas/ActCompMR_CDE19_Miramar.pdf
28,TAMAULIPAS,20,CIUDAD MADERO,94,220,28841,2615,849,1547,1285,2011,32784,2099,772,832,,,,73635,88,1214,74937,127616,https://www.ietam.org.mx/Portal/documentos/PE2021/Resultados/Actas/ActCompMR_CDE20_Ciudad Madero.pdf
28,TAMAULIPAS,21,TAMPICO,69,198,30788,1874,398,692,1205,1747,28337,1228,397,457,,,,67123,43,1161,68327,121419,https://www.ietam.org.mx/Portal/documentos/PE2021/Resultados/Actas/ActCompMR_CDE21_Tampico.pdf
28,TAMAULIPAS,22,TAMPICO,123,242,38668,1927,517,772,1322,2143,28217,818,973,453,,,,75810,32,1143,76985,130185,https://www.ietam.org.mx/Portal/documentos/PE2021/Resultados/Actas/ActCompMR_CDE22_Tampico.pdf
