﻿ID_ESTADO,NOMBRE_ESTADO,ID_DISTRITO_LOCAL,CABECERA_DISTRITAL_LOCAL,SECCIONES,CASILLAS,PAN,PRI,PRD,PVEM,PT,MC,NA,MORENA,ES,CAND_IND1,CAND_IND2,CAND_IND3,CAND_IND4,CAND_IND5,CAND_IND6,CAND_IND7,CAND_IND8,NUM_VOTOS_VALIDOS,NUM_VOTOS_CAN_NREG,NUM_VOTOS_NULOS,TOTAL_VOTOS,LISTA_NOMINAL,RUTA_ACTA
8,CHIHUAHUA,1,NUEVO CASAS GRANDES,187,263,16261,9597,7660,1518,3075,2759,2096,13046,1286,,,,,,,,3726,61024,97,4182,65303,123833,http://www.ieechihuahua.org.mx/public/sistema/archivos/repositorio_actas/ACD2018_01.pdf
8,CHIHUAHUA,2,JUAREZ,69,178,4273,6073,598,2025,2261,1131,2500,15459,1516,7730,,,,,,,,43566,45,2057,45668,106457,http://www.ieechihuahua.org.mx/public/sistema/archivos/repositorio_actas/ACD2018_02.pdf
8,CHIHUAHUA,3,JUAREZ,151,218,7048,9238,1197,2625,2418,1728,1607,18111,2518,,,,,,,,,46490,117,3182,49789,117722,http://www.ieechihuahua.org.mx/public/sistema/archivos/repositorio_actas/ACD2018_03.pdf
8,CHIHUAHUA,4,JUAREZ,221,272,13375,8462,753,3239,1753,1302,1639,17716,1467,,11693,,,,,,,61399,128,2756,64283,132223,http://www.ieechihuahua.org.mx/public/sistema/archivos/repositorio_actas/ACD2018_04.pdf
8,CHIHUAHUA,5,JUAREZ,88,222,23051,7245,628,3022,1647,1808,1974,22028,1707,,,11853,,,,,,74963,58,2158,77179,131585,http://www.ieechihuahua.org.mx/public/sistema/archivos/repositorio_actas/JIN-235_2018.pdf
8,CHIHUAHUA,6,JUAREZ,153,236,10095,8687,878,4141,4275,1950,2323,22358,2815,,,,,,,,,57522,159,3659,61340,124694,http://www.ieechihuahua.org.mx/public/sistema/archivos/repositorio_actas/ACD2018_06.pdf
8,CHIHUAHUA,7,JUAREZ,121,222,7676,6093,777,2604,2379,1501,2055,21932,1906,,,,12231,,,,,59154,52,2432,61638,120765,http://www.ieechihuahua.org.mx/public/sistema/archivos/repositorio_actas/ACD2018_07.pdf
8,CHIHUAHUA,8,JUAREZ,107,211,5643,5834,680,2475,2106,1288,1872,22104,1963,,,,,8296,,,,52261,88,2183,54532,119779,http://www.ieechihuahua.org.mx/public/sistema/archivos/repositorio_actas/ACD2018_08.pdf
8,CHIHUAHUA,9,JUAREZ,85,194,5462,4319,645,2670,1870,1240,1310,19664,1520,,,,,,14030,,,52730,41,1810,54581,106886,http://www.ieechihuahua.org.mx/public/sistema/archivos/repositorio_actas/ACD2018_09.pdf
8,CHIHUAHUA,10,JUAREZ,180,239,4138,4192,663,2413,2125,1279,1027,18947,1721,,,,,,,5663,,42168,49,1620,43837,109204,http://www.ieechihuahua.org.mx/public/sistema/archivos/repositorio_actas/ACD2018_10.pdf
8,CHIHUAHUA,11,MEOQUI,156,266,21819,18064,4622,3633,1530,1975,4095,13892,1284,,,,,,,,,70914,28,4474,75416,135714,http://www.ieechihuahua.org.mx/public/sistema/archivos/repositorio_actas/ACD2018_11.pdf
8,CHIHUAHUA,12,CHIHUAHUA,97,230,24217,7709,1097,4360,2327,1753,2211,21082,2248,,,,,,,,,67004,69,2532,69605,127307,http://www.ieechihuahua.org.mx/public/sistema/archivos/repositorio_actas/ACD2018_12.pdf
8,CHIHUAHUA,13,GUERRERO,244,314,14438,19315,1489,840,1847,5952,4375,15656,1196,,,,,,,,,65108,24,5395,70527,117860,http://www.ieechihuahua.org.mx/public/sistema/archivos/repositorio_actas/ACD2018_13.pdf
8,CHIHUAHUA,14,CUAUHTEMOC,120,245,19170,8597,882,2243,2576,1233,1493,23760,1997,,,,,,,,,61951,23,2791,64765,134486,http://www.ieechihuahua.org.mx/public/sistema/archivos/repositorio_actas/ACD2018_14.pdf
8,CHIHUAHUA,15,CHIHUAHUA,131,251,50574,13702,871,3003,1654,1967,2559,18465,2077,,,,,,,,,94872,91,3216,98179,142731,http://www.ieechihuahua.org.mx/public/sistema/archivos/repositorio_actas/ACD2018_15.pdf
8,CHIHUAHUA,16,CHIHUAHUA,178,275,38465,12832,876,3208,2317,2120,2092,19288,2145,,,,,,,,,83343,84,3615,87042,142138,http://www.ieechihuahua.org.mx/public/sistema/archivos/repositorio_actas/ACD2018_16.pdf
8,CHIHUAHUA,17,CHIHUAHUA,126,236,27494,9683,1926,3038,2554,1626,3907,19552,2086,,,,,,,,,71866,83,2872,74821,132896,http://www.ieechihuahua.org.mx/public/sistema/archivos/repositorio_actas/ACD2018_17.pdf
8,CHIHUAHUA,18,CHIHUAHUA,115,251,24728,11888,1168,2791,2626,1506,1915,17562,2015,,,,,,,,,66199,42,3379,69620,134109,http://www.ieechihuahua.org.mx/public/sistema/archivos/repositorio_actas/ACD2018_18.pdf
8,CHIHUAHUA,19,DELICIAS,125,232,22749,14504,1980,1768,3347,1292,2479,18762,1738,,,,,,,,,68619,34,2731,71384,126443,http://www.ieechihuahua.org.mx/public/sistema/archivos/repositorio_actas/JIN-222_2018.pdf
8,CHIHUAHUA,20,CAMARGO,147,224,24722,17386,1316,1269,2296,1086,6424,9645,593,,,,,,,,,64737,6,2926,67669,111178,http://www.ieechihuahua.org.mx/public/sistema/archivos/repositorio_actas/ACD2018_20.pdf
8,CHIHUAHUA,21,HIDALGO DEL PARRAL,202,286,23194,20074,3811,4255,1417,6216,4761,12358,1388,,,,,,,,,77474,66,4631,82171,132189,http://www.ieechihuahua.org.mx/public/sistema/archivos/repositorio_actas/ACD2018_21.pdf
8,CHIHUAHUA,22,GUACHOCHI,139,232,17686,25108,607,2581,957,896,2391,9405,454,,,,,,,,,60085,8,7386,67479,113061,http://www.ieechihuahua.org.mx/public/sistema/archivos/repositorio_actas/ACD2018_22.pdf
