﻿ID_ESTADO,NOMBRE_ESTADO,ID_DISTRITO_LOCAL,CABECERA_DISTRITAL_LOCAL,SECCIONES,CASILLAS,PAN,PRI,PRD,PVEM,PT,MC,NA,MORENA,ES,PAN_MC,PT_MORENA_ES,CAND_IND1,CAND_IND2,CAND_IND3,CAND_IND4,CAND_IND5,CAND_IND6,CAND_IND7,CAND_IND8,NUM_VOTOS_VALIDOS,NUM_VOTOS_CAN_NREG,NUM_VOTOS_NULOS,TOTAL_VOTOS,LISTA_NOMINAL,RUTA_ACTA
8,CHIHUAHUA,1,NUEVO CASAS GRANDES,187,263,,9597,7660,1518,,,2096,,,19020,17407,,,,,,,,3726,61024,97,4182,65303,123833,http://www.ieechihuahua.org.mx/public/sistema/archivos/repositorio_actas/ACD2018_01.pdf
8,CHIHUAHUA,2,JUAREZ,69,178,,6073,598,2025,,,2500,,,5404,19236,7730,,,,,,,,43566,45,2057,45668,106457,http://www.ieechihuahua.org.mx/public/sistema/archivos/repositorio_actas/ACD2018_02.pdf
8,CHIHUAHUA,3,JUAREZ,151,218,,9238,1197,2625,,,1607,,,8776,23047,,,,,,,,,46490,117,3182,49789,117722,http://www.ieechihuahua.org.mx/public/sistema/archivos/repositorio_actas/ACD2018_03.pdf
8,CHIHUAHUA,4,JUAREZ,221,272,,8462,753,3239,,,1639,,,14677,20936,,11693,,,,,,,61399,128,2756,64283,132223,http://www.ieechihuahua.org.mx/public/sistema/archivos/repositorio_actas/ACD2018_04.pdf
8,CHIHUAHUA,5,JUAREZ,88,222,,7245,628,3022,,,1974,,,24859,25382,,,11853,,,,,,74963,58,2158,77179,131585,http://www.ieechihuahua.org.mx/public/sistema/archivos/repositorio_actas/JIN-235_2018.pdf
8,CHIHUAHUA,6,JUAREZ,153,236,,8687,878,4141,,,2323,,,12045,29448,,,,,,,,,57522,159,3659,61340,124694,http://www.ieechihuahua.org.mx/public/sistema/archivos/repositorio_actas/ACD2018_06.pdf
8,CHIHUAHUA,7,JUAREZ,121,222,,6093,777,2604,,,2055,,,9177,26217,,,,12231,,,,,59154,52,2432,61638,120765,http://www.ieechihuahua.org.mx/public/sistema/archivos/repositorio_actas/ACD2018_07.pdf
8,CHIHUAHUA,8,JUAREZ,107,211,,5834,680,2475,,,1872,,,6931,26173,,,,,8296,,,,52261,88,2183,54532,119779,http://www.ieechihuahua.org.mx/public/sistema/archivos/repositorio_actas/ACD2018_08.pdf
8,CHIHUAHUA,9,JUAREZ,85,194,,4319,645,2670,,,1310,,,6702,23054,,,,,,14030,,,52730,41,1810,54581,106886,http://www.ieechihuahua.org.mx/public/sistema/archivos/repositorio_actas/ACD2018_09.pdf
8,CHIHUAHUA,10,JUAREZ,180,239,,4192,663,2413,,,1027,,,5417,22793,,,,,,,5663,,42168,49,1620,43837,109204,http://www.ieechihuahua.org.mx/public/sistema/archivos/repositorio_actas/ACD2018_10.pdf
8,CHIHUAHUA,11,MEOQUI,156,266,,18064,4622,3633,1530,,4095,13892,1284,23794,,,,,,,,,,70914,28,4474,75416,135714,http://www.ieechihuahua.org.mx/public/sistema/archivos/repositorio_actas/ACD2018_11.pdf
8,CHIHUAHUA,12,CHIHUAHUA,97,230,,7709,1097,4360,,,2211,,,25970,25657,,,,,,,,,67004,69,2532,69605,127307,http://www.ieechihuahua.org.mx/public/sistema/archivos/repositorio_actas/ACD2018_12.pdf
8,CHIHUAHUA,13,GUERRERO,244,314,,19315,1489,840,,,4375,,,20390,18699,,,,,,,,,65108,24,5395,70527,117860,http://www.ieechihuahua.org.mx/public/sistema/archivos/repositorio_actas/ACD2018_13.pdf
8,CHIHUAHUA,14,CUAUHTEMOC,120,245,,8597,882,2243,,,1493,,,20403,28333,,,,,,,,,61951,23,2791,64765,134486,http://www.ieechihuahua.org.mx/public/sistema/archivos/repositorio_actas/ACD2018_14.pdf
8,CHIHUAHUA,15,CHIHUAHUA,131,251,,13702,871,3003,,,2559,,,52541,22196,,,,,,,,,94872,91,3216,98179,142731,http://www.ieechihuahua.org.mx/public/sistema/archivos/repositorio_actas/ACD2018_15.pdf
8,CHIHUAHUA,16,CHIHUAHUA,178,275,38465,12832,876,3208,,2120,2092,,,,23750,,,,,,,,,83343,84,3615,87042,142138,http://www.ieechihuahua.org.mx/public/sistema/archivos/repositorio_actas/ACD2018_16.pdf
8,CHIHUAHUA,17,CHIHUAHUA,126,236,,9683,1926,3038,,,3907,,,29120,24192,,,,,,,,,71866,83,2872,74821,132896,http://www.ieechihuahua.org.mx/public/sistema/archivos/repositorio_actas/ACD2018_17.pdf
8,CHIHUAHUA,18,CHIHUAHUA,115,251,,11888,1168,2791,,,1915,,,26234,22203,,,,,,,,,66199,42,3379,69620,134109,http://www.ieechihuahua.org.mx/public/sistema/archivos/repositorio_actas/ACD2018_18.pdf
8,CHIHUAHUA,19,DELICIAS,125,232,,14504,1980,1768,,,2479,,,24041,23847,,,,,,,,,68619,34,2731,71384,126443,http://www.ieechihuahua.org.mx/public/sistema/archivos/repositorio_actas/JIN-222_2018.pdf
8,CHIHUAHUA,20,CAMARGO,147,224,,17386,1316,1269,,,6424,,,25808,12534,,,,,,,,,64737,6,2926,67669,111178,http://www.ieechihuahua.org.mx/public/sistema/archivos/repositorio_actas/ACD2018_20.pdf
8,CHIHUAHUA,21,HIDALGO DEL PARRAL,202,286,,20074,3811,4255,,,4761,,,29410,15163,,,,,,,,,77474,66,4631,82171,132189,http://www.ieechihuahua.org.mx/public/sistema/archivos/repositorio_actas/ACD2018_21.pdf
8,CHIHUAHUA,22,GUACHOCHI,139,232,,25108,607,2581,957,,2391,9405,454,18582,,,,,,,,,,60085,8,7386,67479,113061,http://www.ieechihuahua.org.mx/public/sistema/archivos/repositorio_actas/ACD2018_22.pdf
