ID_ESTADO,NOMBRE_ESTADO,ID_DISTRITO_LOCAL,CABECERA_DISTRITAL_LOCAL,SECCIONES,CASILLAS,PAN,PRI,PRD,PT,PVEM,MC,NA,MORENA,ES,NUM_VOTOS_VALIDOS,NUM_VOTOS_CAN_NREG,NUM_VOTOS_NULOS,TOTAL_VOTOS,LISTA_NOMINAL,RUTA_ACTA
1,AGUASCALIENTES,4,SAN FRANCISCO DE LOS ROMO,1,1,36,25,2,0,13,3,3,40,2,124,0,7,131,,
1,AGUASCALIENTES,5,AGUASCALIENTES,1,1,6,0,0,0,0,0,0,4,1,11,0,0,11,,
1,AGUASCALIENTES,6,AGUASCALIENTES,2,2,56,39,5,11,12,4,5,76,3,211,1,16,228,,
1,AGUASCALIENTES,8,CALVILLO,2,2,110,50,4,16,9,9,27,84,4,313,0,21,334,,
1,AGUASCALIENTES,9,AGUASCALIENTES,1,1,24,5,2,4,1,4,0,22,0,62,0,0,62,,
1,AGUASCALIENTES,15,AGUASCALIENTES,1,1,12,5,0,0,4,1,5,31,2,60,1,2,63,,
1,AGUASCALIENTES,17,AGUASCALIENTES,1,2,26,10,4,0,1,1,5,23,0,70,1,7,78,,
