ID_ESTADO,NOMBRE_ESTADO,ID_MUNICIPIO,MUNICIPIO,SECCIONES,CASILLAS,PAN,PRI,PRD,PT,PVEM,MC,NA,MORENA,ES,NUM_VOTOS_VALIDOS,NUM_VOTOS_CAN_NREG,NUM_VOTOS_NULOS,TOTAL_VOTOS,LISTA_NOMINAL,RUTA_ACTA
1,AGUASCALIENTES,001,AGUASCALIENTES,6,7,124,59,11,15,18,10,15,156,6,414,3,25,442,,
1,AGUASCALIENTES,003,CALVILLO,1,1,78,31,3,13,9,5,24,62,1,226,0,18,244,,
1,AGUASCALIENTES,008,SAN JOSE DE GRACIA,1,1,32,19,1,3,0,4,3,22,3,87,0,3,90,,
1,AGUASCALIENTES,010,SAN FRANCISCO DE LOS ROMO,1,1,36,25,2,0,13,3,3,40,2,124,0,7,131,,
