﻿ID_ESTADO,NOMBRE_ESTADO,ID_DISTRITO_LOCAL,CABECERA_DISTRITAL_LOCAL,SECCIONES,CASILLAS,PAN,PRI,PRD,PVEM,PT,MC,MORENA,PES,RSP,FXM,NACH,PAN_PRD,PT_MORENA_NACH,NUM_VOTOS_VALIDOS,NUM_VOTOS_CAN_NREG,NUM_VOTOS_NULOS,TOTAL_VOTOS,LISTA_NOMINAL,RUTA_ACTA
8,CHIHUAHUA,1,NUEVO CASAS GRANDES,184,268,,6267,,1862,,5917,,1842,,2010,,22244,17404,57546,15,2783,60344,127010,https://ieechihuahua.org.mx/sistema/archivos/repositorio_actas/2021_mpal_y_dtal/ACD-DIPMR-D01_NUEVO CASAS GRANDES.pdf
8,CHIHUAHUA,2,JUAREZ,69,186,5320,2482,260,816,846,2206,17365,977,259,954,508,,,31993,20,1314,33327,113068,https://ieechihuahua.org.mx/sistema/archivos/repositorio_actas/2021_mpal_y_dtal/ACD-DIPMR-D02_JUAREZ.pdf
8,CHIHUAHUA,3,JUAREZ,151,220,6877,2717,299,1252,633,2954,18684,1222,,908,,,,35546,83,1763,37392,120745,https://ieechihuahua.org.mx/sistema/archivos/repositorio_actas/2021_mpal_y_dtal/ACD-DIPMR-D03_JUAREZ.pdf
8,CHIHUAHUA,4,JUAREZ,221,273,17858,5547,400,1173,696,3206,21579,841,684,604,630,,,53218,80,1850,55148,133780,https://ieechihuahua.org.mx/sistema/archivos/repositorio_actas/2021_mpal_y_dtal/ACD-DIPMR-D04_JUAREZ.pdf
8,CHIHUAHUA,5,JUAREZ,88,237,32268,5054,377,1723,771,4911,21483,1039,557,794,1134,,,70111,96,1551,71758,141442,https://ieechihuahua.org.mx/sistema/archivos/repositorio_actas/2021_mpal_y_dtal/ACD-DIPMR-D05_JUAREZ.pdf
8,CHIHUAHUA,6,JUAREZ,153,237,10823,3988,314,1483,,3470,,1034,382,731,,,25892,48117,56,1744,49917,127517,https://ieechihuahua.org.mx/sistema/archivos/repositorio_actas/2021_mpal_y_dtal/ACD-DIPMR-D06_JUAREZ.pdf
8,CHIHUAHUA,7,JUAREZ,121,231,9955,3492,393,1450,1067,3932,24608,1156,,831,1322,,,48206,46,1772,50024,126627,https://ieechihuahua.org.mx/sistema/archivos/repositorio_actas/2021_mpal_y_dtal/ACD-DIPMR-D07_JUAREZ.pdf
8,CHIHUAHUA,8,JUAREZ,107,228,,2493,,2314,686,2730,22940,1343,,741,,6887,,40134,26,1346,41506,129651,https://ieechihuahua.org.mx/sistema/archivos/repositorio_actas/2021_mpal_y_dtal/ACD-DIPMR-D08_JUAREZ.pdf
8,CHIHUAHUA,9,JUAREZ,85,204,,2880,,1182,1140,3542,23748,1035,357,736,637,7464,,42721,47,1442,44210,115798,https://ieechihuahua.org.mx/sistema/archivos/repositorio_actas/2021_mpal_y_dtal/ACD-DIPMR-D09_JUAREZ.pdf
8,CHIHUAHUA,10,JUAREZ,181,269,,1813,,1217,594,2010,21710,616,335,348,421,4757,,33821,58,1048,34927,135891,https://ieechihuahua.org.mx/sistema/archivos/repositorio_actas/2021_mpal_y_dtal/ACD-DIPMR-D10_JUAREZ.pdf
8,CHIHUAHUA,11,MEOQUI,157,277,,16600,,3948,1422,5791,12144,1694,700,,2256,22830,,67385,28,2717,70130,144699,https://ieechihuahua.org.mx/sistema/archivos/repositorio_actas/2021_mpal_y_dtal/ACD-DIPMR-D11_MEOQUI.pdf
8,CHIHUAHUA,12,CHIHUAHUA,115,254,28513,3099,,1590,,4966,,1378,472,460,,,19111,59589,17,1431,61037,139960,https://ieechihuahua.org.mx/sistema/archivos/repositorio_actas/2021_mpal_y_dtal/ACD-DIPMR-D12_CHIHUAHUA.pdf
8,CHIHUAHUA,13,GUERRERO,239,310,,16220,,1232,,9622,,380,488,325,,21528,13558,63353,8,3679,67040,118402,https://ieechihuahua.org.mx/sistema/archivos/repositorio_actas/2021_mpal_y_dtal/ACD-DIPMR-D13_GUERRERO.pdf
8,CHIHUAHUA,14,CUAUHTEMOC,120,258,20259,12230,757,1590,,1647,,1546,0,326,,,14084,52439,16,2204,54659,142504,https://ieechihuahua.org.mx/sistema/archivos/repositorio_actas/2021_mpal_y_dtal/ACD-DIPMR-D14_CUAUHTEMOC.pdf
8,CHIHUAHUA,15,CHIHUAHUA,131,268,65074,5845,600,1697,,3964,,1052,,618,,,17007,95857,41,1318,97216,151197,https://ieechihuahua.org.mx/sistema/archivos/repositorio_actas/2021_mpal_y_dtal/ACD-DIPMR-D15_CHIHUAHUA.pdf
8,CHIHUAHUA,16,CHIHUAHUA,178,279,41371,5363,683,1451,,4680,,996,360,607,,,19307,74818,28,1713,76559,142812,https://ieechihuahua.org.mx/sistema/archivos/repositorio_actas/2021_mpal_y_dtal/ACD-DIPMR-D16_CHIHUAHUA.pdf
8,CHIHUAHUA,17,CHIHUAHUA,134,251,,4075,,2167,,4640,,983,496,622,,32929,19972,65884,47,1578,67509,144161,https://ieechihuahua.org.mx/sistema/archivos/repositorio_actas/2021_mpal_y_dtal/ACD-DIPMR-D17_CHIHUAHUA.pdf
8,CHIHUAHUA,18,CHIHUAHUA,120,251,27908,4546,399,1633,,3792,,1288,249,443,,,19025,59283,19,1705,61007,138560,https://ieechihuahua.org.mx/sistema/archivos/repositorio_actas/2021_mpal_y_dtal/ACD-DIPMR-D18_CHIHUAHUA.pdf
8,CHIHUAHUA,19,DELICIAS,127,241,,9007,,2197,2802,6414,11829,3945,,360,1021,26287,,63862,13,1836,65711,132737,https://ieechihuahua.org.mx/sistema/archivos/repositorio_actas/2021_mpal_y_dtal/ACD-DIPMR-D19_DELICIAS.pdf
8,CHIHUAHUA,20,CAMARGO,146,225,,7952,,466,1664,9262,5951,793,,285,4885,26095,,57353,3,1776,59132,114327,https://ieechihuahua.org.mx/sistema/archivos/repositorio_actas/2021_mpal_y_dtal/ACD-DIPMR-D20_CAMARGO.pdf
8,CHIHUAHUA,21,HIDALGO DEL PARRAL,202,297,,19388,,2596,,18583,,6743,,1132,,16260,11745,76447,14,2884,79345,136247,https://ieechihuahua.org.mx/sistema/archivos/repositorio_actas/2021_mpal_y_dtal/ACD-DIPMR-D21_HIDALGO DEL PARRAL.pdf
8,CHIHUAHUA,22,GUACHOCHI,139,236,13074,26530,,684,,3592,,569,736,,,,14852,60037,40,5376,68395,117241,https://ieechihuahua.org.mx/sistema/archivos/repositorio_actas/2021_mpal_y_dtal/ACD-DIPMR-D22_GUACHOCHI.pdf
