﻿ID_ESTADO,NOMBRE_ESTADO,ID_DISTRITO_LOCAL,CABECERA_DISTRITAL_LOCAL,SECCIONES,CASILLAS,PAN,PRI,PRD,PVEM,PT,MC,MORENA,PES,RSP,FXM,NACH,NUM_VOTOS_VALIDOS,NUM_VOTOS_CAN_NREG,NUM_VOTOS_NULOS,TOTAL_VOTOS,LISTA_NOMINAL,RUTA_ACTA
8,CHIHUAHUA,1,NUEVO CASAS GRANDES,184,268,19818,6267,2426,1862,1401,5917,15062,1842,,2010,941,57546,15,2783,60344,127010,https://ieechihuahua.org.mx/sistema/archivos/repositorio_actas/2021_mpal_y_dtal/ACD-DIPMR-D01_NUEVO CASAS GRANDES.pdf
8,CHIHUAHUA,2,JUAREZ,69,186,5320,2482,260,816,846,2206,17365,977,259,954,508,31993,20,1314,33327,113068,https://ieechihuahua.org.mx/sistema/archivos/repositorio_actas/2021_mpal_y_dtal/ACD-DIPMR-D02_JUAREZ.pdf
8,CHIHUAHUA,3,JUAREZ,151,220,6877,2717,299,1252,633,2954,18684,1222,,908,,35546,83,1763,37392,120745,https://ieechihuahua.org.mx/sistema/archivos/repositorio_actas/2021_mpal_y_dtal/ACD-DIPMR-D03_JUAREZ.pdf
8,CHIHUAHUA,4,JUAREZ,221,273,17858,5547,400,1173,696,3206,21579,841,684,604,630,53218,80,1850,55148,133780,https://ieechihuahua.org.mx/sistema/archivos/repositorio_actas/2021_mpal_y_dtal/ACD-DIPMR-D04_JUAREZ.pdf
8,CHIHUAHUA,5,JUAREZ,88,237,32268,5054,377,1723,771,4911,21483,1039,557,794,1134,70111,96,1551,71758,141442,https://ieechihuahua.org.mx/sistema/archivos/repositorio_actas/2021_mpal_y_dtal/ACD-DIPMR-D05_JUAREZ.pdf
8,CHIHUAHUA,6,JUAREZ,153,237,10823,3988,314,1483,1925,3470,23268,1034,382,731,699,48117,56,1744,49917,127517,https://ieechihuahua.org.mx/sistema/archivos/repositorio_actas/2021_mpal_y_dtal/ACD-DIPMR-D06_JUAREZ.pdf
8,CHIHUAHUA,7,JUAREZ,121,231,9955,3492,393,1450,1067,3932,24608,1156,,831,1322,48206,46,1772,50024,126627,https://ieechihuahua.org.mx/sistema/archivos/repositorio_actas/2021_mpal_y_dtal/ACD-DIPMR-D07_JUAREZ.pdf
8,CHIHUAHUA,8,JUAREZ,107,228,6580,2493,307,2314,686,2730,22940,1343,,741,,40134,26,1346,41506,129651,https://ieechihuahua.org.mx/sistema/archivos/repositorio_actas/2021_mpal_y_dtal/ACD-DIPMR-D08_JUAREZ.pdf
8,CHIHUAHUA,9,JUAREZ,85,204,7217,2880,247,1182,1140,3542,23748,1035,357,736,637,42721,47,1442,44210,115798,https://ieechihuahua.org.mx/sistema/archivos/repositorio_actas/2021_mpal_y_dtal/ACD-DIPMR-D09_JUAREZ.pdf
8,CHIHUAHUA,10,JUAREZ,181,269,4493,1813,264,1217,594,2010,21710,616,335,348,421,33821,58,1048,34927,135891,https://ieechihuahua.org.mx/sistema/archivos/repositorio_actas/2021_mpal_y_dtal/ACD-DIPMR-D10_JUAREZ.pdf
8,CHIHUAHUA,11,MEOQUI,157,277,21964,16600,866,3948,1422,5791,12144,1694,700,,2256,67385,28,2717,70130,144699,https://ieechihuahua.org.mx/sistema/archivos/repositorio_actas/2021_mpal_y_dtal/ACD-DIPMR-D11_MEOQUI.pdf
8,CHIHUAHUA,12,CHIHUAHUA,115,254,28513,3099,,1590,958,4966,17237,1378,472,460,916,59589,17,1431,61037,139960,https://ieechihuahua.org.mx/sistema/archivos/repositorio_actas/2021_mpal_y_dtal/ACD-DIPMR-D12_CHIHUAHUA.pdf
8,CHIHUAHUA,13,GUERRERO,239,310,20216,16220,1312,1232,687,9622,11946,380,488,325,925,63353,8,3679,67040,118402,https://ieechihuahua.org.mx/sistema/archivos/repositorio_actas/2021_mpal_y_dtal/ACD-DIPMR-D13_GUERRERO.pdf
8,CHIHUAHUA,14,CUAUHTEMOC,120,258,20259,12230,757,1590,698,1647,12550,1546,0,326,836,52439,16,2204,54659,142504,https://ieechihuahua.org.mx/sistema/archivos/repositorio_actas/2021_mpal_y_dtal/ACD-DIPMR-D14_CUAUHTEMOC.pdf
8,CHIHUAHUA,15,CHIHUAHUA,131,268,65074,5845,600,1697,652,3964,15344,1052,,618,1011,95857,41,1318,97216,151197,https://ieechihuahua.org.mx/sistema/archivos/repositorio_actas/2021_mpal_y_dtal/ACD-DIPMR-D15_CHIHUAHUA.pdf
8,CHIHUAHUA,16,CHIHUAHUA,178,279,41371,5363,683,1451,902,4680,17618,996,360,607,787,74818,28,1713,76559,142812,https://ieechihuahua.org.mx/sistema/archivos/repositorio_actas/2021_mpal_y_dtal/ACD-DIPMR-D16_CHIHUAHUA.pdf
8,CHIHUAHUA,17,CHIHUAHUA,134,251,32472,4075,457,2167,1237,4640,17728,983,496,622,1007,65884,47,1578,67509,144161,https://ieechihuahua.org.mx/sistema/archivos/repositorio_actas/2021_mpal_y_dtal/ACD-DIPMR-D17_CHIHUAHUA.pdf
8,CHIHUAHUA,18,CHIHUAHUA,120,251,27908,4546,399,1633,1111,3792,16963,1288,249,443,951,59283,19,1705,61007,138560,https://ieechihuahua.org.mx/sistema/archivos/repositorio_actas/2021_mpal_y_dtal/ACD-DIPMR-D18_CHIHUAHUA.pdf
8,CHIHUAHUA,19,DELICIAS,127,241,25771,9007,516,2197,2802,6414,11829,3945,,360,1021,63862,13,1836,65711,132737,https://ieechihuahua.org.mx/sistema/archivos/repositorio_actas/2021_mpal_y_dtal/ACD-DIPMR-D19_DELICIAS.pdf
8,CHIHUAHUA,20,CAMARGO,146,225,23462,7952,2633,466,1664,9262,5951,793,,285,4885,57353,3,1776,59132,114327,https://ieechihuahua.org.mx/sistema/archivos/repositorio_actas/2021_mpal_y_dtal/ACD-DIPMR-D20_CAMARGO.pdf
8,CHIHUAHUA,21,HIDALGO DEL PARRAL,202,297,14850,19388,1410,2596,876,18583,9473,6743,,1132,1396,76447,14,2884,79345,136247,https://ieechihuahua.org.mx/sistema/archivos/repositorio_actas/2021_mpal_y_dtal/ACD-DIPMR-D21_HIDALGO DEL PARRAL.pdf
8,CHIHUAHUA,22,GUACHOCHI,139,236,13074,26530,,684,906,3592,12895,569,736,,1051,60037,40,5376,65463,117241,https://ieechihuahua.org.mx/sistema/archivos/repositorio_actas/2021_mpal_y_dtal/ACD-DIPMR-D22_GUACHOCHI.pdf
