ID_ESTADO,NOMBRE_ESTADO,ID_DISTRITO,CABECERA_DISTRITAL,SECCIONES,CASILLAS,PAN_PRD_MC_CAND,PRI_PVEM_NA_CAND,PT_MORENA_ES_CAND,CAND_IND2,NUM_VOTOS_CAN_NREG,NUM_VOTOS_NULOS,TOTAL_VOTOS,LISTA_NOMINAL,TRIBUNAL,JUICIO,OBSERVACIONES,RUTA_ACTA
1,AGUASCALIENTES,0,VOTO EN EL EXTRANJERO,,,289,45,463,26,5,9,837,1687,,,,
1,AGUASCALIENTES,1,JESUS MARIA,148,488,54741,37637,71430,9284,97,5569,178758,306488,,,,JE2018_01_01_PRE_23908.pdf
1,AGUASCALIENTES,2,AGUASCALIENTES,192,524,44786,30741,77693,14499,99,4763,172581,304756,,,,JE2018_01_02_PRE_29234.pdf
1,AGUASCALIENTES,3,AGUASCALIENTES,260,586,79172,35216,72942,16490,190,4920,208930,332204,,,,JE2018_01_03_PRE_3357.pdf
2,BAJA CALIFORNIA,0,VOTO EN EL EXTRANJERO,,,414,80,946,37,5,28,1510,2630,,,,
2,BAJA CALIFORNIA,1,MEXICALI,224,563,38688,14782,107795,11352,74,3826,176517,334181,,,,JE2018_02_01_PRE_1571.pdf
2,BAJA CALIFORNIA,2,MEXICALI,278,596,43592,19476,100561,14055,283,3507,181474,336298,,,,JE2018_02_02_PRE_2582.pdf
2,BAJA CALIFORNIA,3,ENSENADA,216,575,34116,16880,115940,13058,171,4087,184252,330058,,,,JE2018_02_03_PRE_3364.pdf
2,BAJA CALIFORNIA,4,TIJUANA,316,623,21447,10138,135085,8955,57,3110,178792,344424,,,,JE2018_02_04_PRE_21384.pdf
2,BAJA CALIFORNIA,5,TIJUANA,222,594,43712,16184,114834,12217,269,3243,190459,355396,,,,JE2018_02_05_PRE_30515.pdf
2,BAJA CALIFORNIA,6,TIJUANA,283,603,35831,17159,110924,10929,110,3845,178798,338791,,,,JE2018_02_06_PRE_11525.pdf
2,BAJA CALIFORNIA,7,MEXICALI,159,557,31093,16361,106830,10181,117,3580,168162,344373,,,,JE2018_02_07_PRE_12584.pdf
2,BAJA CALIFORNIA,8,TIJUANA,249,590,26610,13165,126024,9039,166,3454,178458,348046,,,,JE2018_02_08_PRE_13292.pdf
3,BAJA CALIFORNIA SUR,0,VOTO EN EL EXTRANJERO,,,38,8,96,1,0,3,146,220,,,,
3,BAJA CALIFORNIA SUR,1,LA PAZ,316,551,32763,19673,107094,10413,156,4209,174308,277795,,,,JE2018_03_01_PRE_9093.pdf
3,BAJA CALIFORNIA SUR,2,SAN JOSE DEL CABO,167,427,23993,8521,86652,6352,79,2644,128241,238351,,TEPJF08111.pdf,"La Tabla de Resultados a nivel Distrital presenta una diferencia de 193 votos nulos respecto de la Tabla a nivel Casilla debido a que en el Acta de Cómputo Distrital no se sumaron los votos de Margarita Zavala a los Votos Nulos_ de acuerdo con el SUP-RAP-0151-2018 ""los votos emitidos a favor de una candidatura independiente con registro cancelado no son sufragios nulos, pero comparten los efectos jurídicos de la votación recibida para candidatos no registrados. Por tanto, el voto que se marque en el recuadro para Margarita Ester Zavala Gómez del Campo se contará como nulo"".",JE2018_03_02_PRE_11781.pdf
4,CAMPECHE,0,VOTO EN EL EXTRANJERO,,,31,14,163,1,0,2,211,351,,,,
4,CAMPECHE,1,SAN FRANCISCO DE CAMPECHE,258,591,29897,57314,138634,6312,113,5784,238054,321907,,,,JE2018_04_01_PRE_18850.pdf
4,CAMPECHE,2,CIUDAD DEL CARMEN,267,564,24489,39256,136465,4881,33,6158,211282,320149,,,,JE2018_04_02_PRE_16385.pdf
5,COAHUILA,0,VOTO EN EL EXTRANJERO,,,524,68,748,34,5,26,1405,3148,,,,
5,COAHUILA,1,PIEDRAS NEGRAS,229,550,43019,43184,86837,9297,89,3918,186344,316626,,,,JE2018_05_01_PRE_14142.pdf
5,COAHUILA,2,SAN PEDRO,284,566,37111,54433,91344,6252,43,4249,193432,299448,,,,JE2018_05_02_PRE_26090.pdf
5,COAHUILA,3,MONCLOVA,251,549,44734,45257,94835,11002,118,3549,199495,313766,,,,JE2018_05_03_PRE_26121.pdf
5,COAHUILA,4,SALTILLO,180,520,52728,55136,74325,14945,36,3491,200661,316909,,,,JE2018_05_04_PRE_33172.pdf
5,COAHUILA,5,TORREON,275,540,57583,50641,88204,10404,50,2873,209755,302651,,,,JE2018_05_05_PRE_23019.pdf
5,COAHUILA,6,TORREON,176,477,33621,50708,92990,7543,46,2868,187776,290378,,,,JE2018_05_06_PRE_33204.pdf
5,COAHUILA,7,SALTILLO,268,559,38270,58852,80079,11574,50,4123,192948,314320,,,,JE2018_05_07_PRE_39727.pdf
6,COLIMA,0,VOTO EN EL EXTRANJERO,,,95,30,442,12,0,5,584,1168,,,,
6,COLIMA,1,COLIMA,204,504,35472,33902,100449,9696,154,4253,183926,277346,,,,JE2018_06_01_PRE_44391.pdf
6,COLIMA,2,MANZANILLO,166,446,20861,28072,96425,6045,46,5150,156599,253374,,,,JE2018_06_02_PRE_44098.pdf
7,CHIAPAS,0,VOTO EN EL EXTRANJERO,,,69,23,705,8,1,31,837,2534,,,,
7,CHIAPAS,1,PALENQUE,123,437,11643,44088,107208,2652,24,15601,181216,247047,,,,JE2018_07_01_PRE_42111.pdf
7,CHIAPAS,2,BOCHIL,135,460,18668,65793,82410,1296,44,12658,180869,246405,,,,JE2018_07_02_PRE_31407.pdf
7,CHIAPAS,3,OCOSINGO,104,440,9228,55182,81617,1564,94,10282,157967,235285,,,,JE2018_07_03_PRE_5460.pdf
7,CHIAPAS,4,PICHUCALCO,174,486,15713,39835,121560,2611,34,10584,190337,258864,,,,JE2018_07_04_PRE_25865.pdf
7,CHIAPAS,5,SAN CRISTOBAL DE LAS CASAS,132,488,14231,51987,119654,3666,46,9503,199087,276588,,,,JE2018_07_05_PRE_31696.pdf
7,CHIAPAS,6,TUXTLA GUTIERREZ,120,495,20012,26078,146111,4178,29,8060,204468,308774,,,,JE2018_07_06_PRE_21718.pdf
7,CHIAPAS,7,TONALA,189,510,13594,32082,126192,3032,38,8847,183785,277171,,,,JE2018_07_07_PRE_15679.pdf
7,CHIAPAS,8,COMITAN DE DOMINGUEZ,171,505,12948,53455,121911,3699,45,13798,205856,301902,,,,JE2018_07_08_PRE_42968.pdf
7,CHIAPAS,9,TUXTLA GUTIERREZ,201,525,14249,15242,156131,5953,71,3846,195492,313545,,,,JE2018_07_09_PRE_31757.pdf
7,CHIAPAS,10,VILLAFLORES,176,487,11269,46997,118215,2716,36,11973,191206,279402,,,,JE2018_07_10_PRE_22956.pdf
7,CHIAPAS,11,LAS MARGARITAS,117,439,24475,59277,63226,1233,12,13451,161674,230721,,,,JE2018_07_11_PRE_23648.pdf
7,CHIAPAS,12,TAPACHULA,208,523,15590,26755,137773,4836,45,6917,191916,293222,,,,JE2018_07_12_PRE_39542.pdf
7,CHIAPAS,13,HUEHUETAN,195,508,16428,46069,102986,2163,61,13233,180940,272255,,,,JE2018_07_13_PRE_37074.pdf
8,CHIHUAHUA,0,VOTO EN EL EXTRANJERO,,,970,153,1557,78,9,20,2787,5036,,,,
8,CHIHUAHUA,1,JUAREZ,290,550,22299,15998,88878,14768,168,4706,146817,294799,,,,JE2018_08_01_PRE_34231.pdf
8,CHIHUAHUA,2,JUAREZ,379,578,28842,21581,74651,12129,540,5473,143216,286909,,,,JE2018_08_02_PRE_35624.pdf
8,CHIHUAHUA,3,JUAREZ,319,525,21994,22107,67048,9810,225,5646,126830,288764,,,,JE2018_08_03_PRE_7796.pdf
8,CHIHUAHUA,4,JUAREZ,371,612,52102,24654,79823,19044,191,4795,180609,331502,,TEPJF08111.pdf,"La Tabla de Resultados a nivel Distrital presenta una diferencia de 117 votos nulos respecto de la Tabla a nivel Casilla debido a que en el Acta de Cómputo Distrital no se sumaron los votos de Margarita Zavala a los Votos Nulos, de acuerdo con el SUP-RAP-0151-2018 ""los votos emitidos a favor de una candidatura independiente con registro cancelado no son sufragios nulos, pero comparten los efectos jurídicos de la votación recibida para candidatos no registrados. Por tanto, el voto que se marque en el recuadro para Margarita Ester Zavala Gómez del Campo se contará como nulo"".",JE2018_08_04_PRE_21385.pdf
8,CHIHUAHUA,5,DELICIAS,341,603,53422,33729,78349,14375,85,5636,185596,322473,,,,JE2018_08_05_PRE_33825.pdf
8,CHIHUAHUA,6,CHIHUAHUA,347,643,96943,25960,66972,22234,172,3786,216067,347451,,,,JE2018_08_06_PRE_2528.pdf
8,CHIHUAHUA,7,CUAUHTEMOC,445,655,41804,28531,72305,6293,142,6778,155853,289173,,,,JE2018_08_07_PRE_33787.pdf
8,CHIHUAHUA,8,CHIHUAHUA,300,600,63962,23445,69224,21526,86,4478,182721,331730,,,,JE2018_08_08_PRE_5239.pdf
8,CHIHUAHUA,9,HIDALGO DEL PARRAL,350,531,43581,44567,44845,11985,99,9015,154092,250459,,,,JE2018_08_09_PRE_22506.pdf
9,CIUDAD DE MÉXICO,0,VOTO EN EL EXTRANJERO,,,9161,1560,11989,267,94,771,23842,28616,,,,
9,CIUDAD DE MÉXICO,1,GUSTAVO A. MADERO,223,526,38064,20100,139578,8553,72,4842,211209,310869,,,,JE2018_09_01_PRE_35871.pdf
9,CIUDAD DE MÉXICO,2,GUSTAVO A. MADERO,340,675,64881,33810,143708,12237,218,5429,260283,367043,,,,JE2018_09_02_PRE_29498.pdf
9,CIUDAD DE MÉXICO,3,AZCAPOTZALCO,347,689,63898,33335,158209,13232,252,5480,274406,378726,,,,JE2018_09_03_PRE_3293.pdf
9,CIUDAD DE MÉXICO,4,IZTAPALAPA,171,463,38234,16987,126663,7580,128,4468,194060,280449,,,,JE2018_09_04_PRE_25520.pdf
9,CIUDAD DE MÉXICO,5,TLALPAN,167,446,46395,25119,106584,7948,167,3857,190070,269909,,,,JE2018_09_05_PRE_40020.pdf
9,CIUDAD DE MÉXICO,6,LA MAGDALENA CONTRERAS,247,555,58386,32918,121925,7284,179,4671,225363,315711,,,,JE2018_09_06_PRE_28769.pdf
9,CIUDAD DE MÉXICO,7,GUSTAVO A. MADERO,295,636,53454,31487,160316,11560,384,5251,262452,367201,,,,JE2018_09_07_PRE_40944.pdf
9,CIUDAD DE MÉXICO,8,CUAUHTEMOC,226,481,37656,27984,108585,9140,182,4364,187911,278649,,,,JE2018_09_08_PRE_26253.pdf
9,CIUDAD DE MÉXICO,9,TLAHUAC,145,474,28290,20756,133678,9671,142,4212,196749,294302,,,,JE2018_09_09_PRE_26728.pdf
9,CIUDAD DE MÉXICO,10,MIGUEL HIDALGO,257,555,76120,32330,104464,9473,232,4002,226621,319499,,,,JE2018_09_10_PRE_38065.pdf
9,CIUDAD DE MÉXICO,11,VENUSTIANO CARRANZA,254,529,53351,27649,122357,10212,161,4510,218240,306332,,,,JE2018_09_11_PRE_40338.pdf
9,CIUDAD DE MÉXICO,12,CUAUHTEMOC,245,520,48356,30328,109686,9056,277,3905,201608,298033,,,,JE2018_09_12_PRE_24447.pdf
9,CIUDAD DE MÉXICO,13,IZTACALCO,299,627,60715,28422,151231,10132,215,5745,256460,357004,,,,JE2018_09_13_PRE_37817.pdf
9,CIUDAD DE MÉXICO,14,TLALPAN,187,459,39274,22175,118615,7213,201,3950,191428,269751,,,,JE2018_09_14_PRE_6360.pdf
9,CIUDAD DE MÉXICO,15,BENITO JUAREZ,254,617,104812,43778,110302,9561,422,4014,272889,367723,,TEPJF08111.pdf,La Tabla de Resultados a nivel Distrital presenta diferencias respecto de la Tabla de Resultados a nivel casilla porque en el Acta de Cómputo Distrital no se consideraron las Actas de Escrutinio que habían sido clasificadas con Votos Reservados.,JE2018_09_15_PRE_41113.pdf
9,CIUDAD DE MÉXICO,16,ALVARO OBREGON,250,559,59010,26589,131866,9522,173,5320,232480,326967,,,,JE2018_09_16_PRE_2479.pdf
9,CIUDAD DE MÉXICO,17,CUAJIMALPA DE MORELOS,170,515,66517,31237,117631,8174,120,4948,228627,320805,,,,JE2018_09_17_PRE_34261.pdf
9,CIUDAD DE MÉXICO,18,IZTAPALAPA,261,561,55997,25591,135987,10241,143,5157,233116,321491,,,,JE2018_09_18_PRE_38678.pdf
9,CIUDAD DE MÉXICO,19,IZTAPALAPA,226,513,43359,21537,135695,8733,151,4807,214282,299307,,TEPJF08111.pdf,"La Tabla de Resultados a nivel Distrital presenta diferencias respecto de la Tabla de Resultados a nivel casilla porque en el Acta de Cómputo Distrital no se consideraron las Actas de Escrutinio que habían sido clasificadas con Votos Reservados_al mismo tiempo_los votos de Margarita Zavala no se sumaron a los votos nulos. De acuerdo con el SUP-RAP-0151-2018 ""los votos emitidos a favor de una candidatura independiente con registro cancelado no son sufragios nulos, pero comparten los efectos jurídicos de la votación recibida para candidatos no registrados. Por tanto, el voto que se marque en el recuadro para Margarita Ester Zavala Gómez del Campo se contará como nulo"".",JE2018_09_19_PRE_40328.pdf
9,CIUDAD DE MÉXICO,20,IZTAPALAPA,199,473,40520,19786,125256,7897,110,4994,198563,286303,,,,JE2018_09_20_PRE_41114.pdf
9,CIUDAD DE MÉXICO,21,XOCHIMILCO,130,483,28347,21755,142169,9698,117,4723,206809,314624,,,,JE2018_09_21_PRE_1780.pdf
9,CIUDAD DE MÉXICO,22,IZTAPALAPA,146,443,38094,13545,125977,6165,61,5195,189037,282855,,,,JE2018_09_22_PRE_1779.pdf
9,CIUDAD DE MÉXICO,23,COYOACAN,247,602,70345,29841,148019,9245,294,5325,263069,358453,,,,JE2018_09_23_PRE_9720.pdf
9,CIUDAD DE MÉXICO,24,COYOACAN,241,575,69350,33442,127895,10462,298,4545,245992,336250,,,,JE2018_09_24_PRE_11991.pdf
10,DURANGO,0,VOTO EN EL EXTRANJERO,,,443,104,1367,70,2,23,2009,4783,,,,
10,DURANGO,1,VICTORIA DE DURANGO,385,657,44518,41964,71926,10097,72,4875,173452,315480,,,,JE2018_10_01_PRE_29340.pdf
10,DURANGO,2,GOMEZ PALACIO,351,630,41242,32483,99822,9345,58,3869,186819,322807,,,,JE2018_10_02_PRE_21089.pdf
10,DURANGO,3,GUADALUPE VICTORIA,387,638,45725,39246,83128,7338,39,4878,180354,311975,,,,JE2018_10_03_PRE_22826.pdf
10,DURANGO,4,VICTORIA DE DURANGO,231,554,56019,27494,84586,19159,44,3779,191081,329417,,,,JE2018_10_04_PRE_19476.pdf
11,GUANAJUATO,0,VOTO EN EL EXTRANJERO,,,1239,209,3146,156,11,63,4824,11532,,,,
11,GUANAJUATO,1,SAN LUIS DE LA PAZ,189,463,50840,31504,43855,13286,69,6691,146245,263698,,,,JE2018_11_01_PRE_35404.pdf
11,GUANAJUATO,2,SAN MIGUEL DE ALLENDE,215,512,55783,21364,52794,15136,82,6209,151368,299491,,,,JE2018_11_02_PRE_30988.pdf
11,GUANAJUATO,3,LEON,151,456,95910,19941,33070,13659,149,3494,166223,281185,,,,JE2018_11_03_PRE_6526.pdf
11,GUANAJUATO,4,GUANAJUATO,210,470,48656,32321,38025,12152,86,4937,136177,263508,,,,JE2018_11_04_PRE_17787.pdf
11,GUANAJUATO,5,LEON,205,483,80838,21440,34008,13944,49,3844,154123,286821,,,,JE2018_11_05_PRE_4937.pdf
11,GUANAJUATO,6,LEON,243,478,77921,21393,34561,12798,151,3384,150208,280288,,,,JE2018_11_06_PRE_31746.pdf
11,GUANAJUATO,7,SAN FRANCISCO DEL RINCON,240,529,62758,34450,38956,12556,59,4911,153690,300057,,,,JE2018_11_07_PRE_25882.pdf
11,GUANAJUATO,8,SALAMANCA,218,537,58569,22189,74131,19989,134,5182,180194,318874,,,,JE2018_11_08_PRE_32337.pdf
11,GUANAJUATO,9,IRAPUATO,148,453,53382,23192,43109,12761,97,3544,136085,280355,,,,JE2018_11_09_PRE_21304.pdf
11,GUANAJUATO,10,URIANGATO,267,568,64592,29769,59281,17215,211,5759,176827,321373,,,,JE2018_11_10_PRE_11390.pdf
11,GUANAJUATO,11,LEON,124,419,71564,20846,33396,12667,127,3000,141600,266144,,,,JE2018_11_11_PRE_34259.pdf
11,GUANAJUATO,12,CELAYA,216,540,64136,18989,58225,23806,190,3957,169303,317526,,,,JE2018_11_12_PRE_36339.pdf
11,GUANAJUATO,13,VALLE DE SANTIAGO,243,548,54028,33398,57763,13119,112,5763,164183,306715,,,,JE2018_11_13_PRE_38128.pdf
11,GUANAJUATO,14,ACAMBARO,289,557,51939,29936,54795,13177,107,6419,156373,304179,,,,JE2018_11_14_PRE_15967.pdf
11,GUANAJUATO,15,IRAPUATO,179,450,47978,20751,48107,16793,225,3730,137584,269317,,,,JE2018_11_15_PRE_23357.pdf
12,GUERRERO,0,VOTO EN EL EXTRANJERO,,,272,101,3898,38,2,34,4345,9379,,,,
12,GUERRERO,1,CD. ALTAMIRANO,490,646,24721,29955,103373,1610,21,7023,166703,262304,,,,JE2018_12_01_PRE_39604.pdf
12,GUERRERO,2,IGUALA,309,559,28560,35859,109573,5860,118,6262,186232,290940,,,,JE2018_12_02_PRE_19334.pdf
12,GUERRERO,3,ZIHUATANEJO,385,652,21517,34886,133784,2665,20,8259,201131,315688,,,,JE2018_12_03_PRE_7124.pdf
12,GUERRERO,4,ACAPULCO,222,534,16643,23962,133592,4758,50,4150,183155,301653,,,,JE2018_12_04_PRE_21375.pdf
12,GUERRERO,5,TLAPA,263,525,19782,34739,114242,1332,22,10199,180316,261512,,TEPJF08111.pdf,"La Tabla de Resultados a nivel Distrital presenta una diferencia de 3 votos nulos respecto de la Tabla a nivel Casilla debido a que en el Acta de Cómputo Distrital no se sumaron los votos de Margarita Zavala a los Votos Nulos, de acuerdo con el SUP-RAP-0151-2018 ""los votos emitidos a favor de una candidatura independiente con registro cancelado no son sufragios nulos, pero comparten los efectos jurídicos de la votación recibida para candidatos no registrados. Por tanto, el voto que se marque en el recuadro para Margarita Ester Zavala Gómez del Campo se contará como nulo"".",JE2018_12_05_PRE_38206.pdf
12,GUERRERO,6,CHILAPA,323,570,51569,36858,81146,1219,21,11370,182183,271322,,,,JE2018_12_06_PRE_19147.pdf
12,GUERRERO,7,CHILPANCINGO,199,476,13592,29954,117734,3289,61,4592,169222,268406,,,,JE2018_12_07_PRE_40297.pdf
12,GUERRERO,8,AYUTLA DE LOS LIBRES,316,521,23079,31395,110632,945,12,9164,175227,253789,,,,JE2018_12_08_PRE_19632.pdf
12,GUERRERO,9,ACAPULCO,159,467,18103,28090,110189,2815,35,5389,164621,281298,,,,JE2018_12_09_PRE_44271.pdf
13,HIDALGO,0,VOTO EN EL EXTRANJERO,,,210,58,1881,26,1,21,2197,4174,,,,
13,HIDALGO,1,HUEJUTLA DE REYES,290,535,22676,47125,113755,1995,39,10389,195979,277579,,,,JE2018_13_01_PRE_27216.pdf
13,HIDALGO,2,IXMIQUILPAN,371,599,26772,34660,121002,5808,47,5479,193768,296184,,,,JE2018_13_02_PRE_38800.pdf
13,HIDALGO,3,ACTOPAN,295,563,21845,37855,124976,7675,35,4849,197235,299353,,,,JE2018_13_03_PRE_36962.pdf
13,HIDALGO,4,TULANCINGO DE BRAVO,190,505,23418,32226,105849,8773,69,5561,175896,294332,,,,JE2018_13_04_PRE_42300.pdf
13,HIDALGO,5,TULA DE ALLENDE,213,535,29624,34100,131867,10093,58,4396,210138,318381,,,,JE2018_13_05_PRE_35992.pdf
13,HIDALGO,6,PACHUCA DE SOTO,185,561,36922,38528,134375,13884,130,3874,227713,346629,,,,JE2018_13_06_PRE_36067.pdf
13,HIDALGO,7,TEPEAPULCO,214,489,26561,32996,117158,11376,75,3820,191986,286023,,,,JE2018_13_07_PRE_11777.pdf
14,JALISCO,0,VOTO EN EL EXTRANJERO,,,2525,418,4827,198,40,133,8141,16453,,,,
14,JALISCO,1,TEQUILA,218,487,54453,31927,72704,9020,96,5603,173803,269226,,,,JE2018_14_01_PRE_249.pdf
14,JALISCO,2,LAGOS DE MORENO,178,452,72433,26556,39080,12829,93,4720,155711,258838,,,,JE2018_14_02_PRE_31773.pdf
14,JALISCO,3,TEPATITLAN DE MORELOS,217,556,91265,30779,38119,19970,195,6845,187173,328995,,,,JE2018_14_03_PRE_8295.pdf
14,JALISCO,4,ZAPOPAN,119,449,52458,24535,69380,12529,225,4319,163446,288644,,,,JE2018_14_04_PRE_22928.pdf
14,JALISCO,5,PUERTO VALLARTA,148,474,37184,18881,89451,6968,119,5070,157673,282715,,,,JE2018_14_05_PRE_31591.pdf
14,JALISCO,6,ZAPOPAN,165,503,66669,22267,71302,14718,223,4056,179235,317604,,,,JE2018_14_06_PRE_7605.pdf
14,JALISCO,7,TONALA,68,379,35659,20347,65519,11650,113,3668,136956,253691,,,,JE2018_14_07_PRE_9109.pdf
14,JALISCO,8,GUADALAJARA,333,606,91232,28521,79775,14837,269,4531,219165,326903,,,,JE2018_14_08_PRE_18845.pdf
14,JALISCO,9,GUADALAJARA,193,501,47763,24765,84178,14170,137,5500,176513,304686,,,,JE2018_14_09_PRE_6282.pdf
14,JALISCO,10,ZAPOPAN,109,455,92444,19279,56849,11312,217,3345,183446,294222,,,,JE2018_14_10_PRE_8352.pdf
14,JALISCO,11,GUADALAJARA,230,536,54906,27453,87987,16245,176,5100,191867,312174,,,,JE2018_14_11_PRE_23762.pdf
14,JALISCO,12,SANTA CRUZ DE LAS FLORES,129,518,62319,14262,84283,12630,139,4180,177813,331697,,,,JE2018_14_12_PRE_4524.pdf
14,JALISCO,13,TLAQUEPAQUE,138,450,65383,20894,66709,12275,187,4049,169497,284222,,TEPJF08111.pdf,Hay diferencias en los resultados de la Tabla a nivel Distrital respecto a la Tabla a nivel Casilla porque en el Acta de Cómputo Distrital no se consideraron los Votos Reservados.,JE2018_14_13_PRE_16343.pdf
14,JALISCO,14,GUADALAJARA,226,539,67097,24119,87980,15420,189,5798,200603,315005,,,,JE2018_14_14_PRE_40402.pdf
14,JALISCO,15,LA BARCA,199,528,50111,32079,78973,11833,65,6094,179155,311602,,,,JE2018_14_15_PRE_20440.pdf
14,JALISCO,16,TLAQUEPAQUE,115,459,43636,25199,76729,13120,114,4536,163334,297100,,,,JE2018_14_16_PRE_529.pdf
14,JALISCO,17,JOCOTEPEC,171,443,46506,31501,69544,9073,80,4846,161550,260155,,,,JE2018_14_17_PRE_4920.pdf
14,JALISCO,18,AUTLAN DE NAVARRO,246,517,52161,31841,81116,6858,51,6632,178659,285551,,,,JE2018_14_18_PRE_41976.pdf
14,JALISCO,19,CIUDAD GUZMAN,254,535,47918,31199,92161,10974,114,6395,188761,297454,,,,JE2018_14_19_PRE_18162.pdf
14,JALISCO,20,TONALA,89,421,45038,22290,64504,10268,111,4703,146914,276475,,,,JE2018_14_20_PRE_28029.pdf
15,MÉXICO,0,VOTO EN EL EXTRANJERO,,,1695,302,3481,72,14,40,5604,9999,,,,
15,MÉXICO,1,JILOTEPEC DE ANDRES MOLINA ENRIQUEZ,212,553,47686,62509,99272,7906,275,7229,224877,300993,,,,JE2018_15_01_PRE_22657.pdf
15,MÉXICO,2,SANTA MARIA TULTEPEC,105,418,31326,27319,111565,10293,73,3678,184254,274287,,,,JE2018_15_02_PRE_33316.pdf
15,MÉXICO,3,ATLACOMULCO DE FABELA,163,527,35170,52605,112933,10496,132,6380,217716,306320,,,,JE2018_15_03_PRE_16325.pdf
15,MÉXICO,4,NICOLAS ROMERO,105,443,35920,34205,108935,9182,127,4011,192380,292336,,,,JE2018_15_04_PRE_25511.pdf
15,MÉXICO,5,TEOTIHUACAN DE ARISTA,146,444,30461,40659,112459,9063,128,3984,196754,272235,,,,JE2018_15_05_PRE_32410.pdf
15,MÉXICO,6,COACALCO DE BERRIOZABAL,158,460,36058,28498,114613,11272,100,3490,194031,284874,,,,JE2018_15_06_PRE_21175.pdf
15,MÉXICO,7,CUAUTITLAN IZCALLI,197,498,50306,30716,118116,13272,122,3660,216192,301207,,,,JE2018_15_07_PRE_18697.pdf
15,MÉXICO,8,TULTITLAN DE MARIANO ESCOBEDO,125,399,28089,25890,98104,8799,116,3517,164515,247313,,,,JE2018_15_08_PRE_4180.pdf
15,MÉXICO,9,SAN FELIPE DEL PROGRESO,168,479,40377,69609,71076,3637,87,7398,192184,275992,,TEPJF08111.pdf,"La Tabla de Resultados a nivel Distrital presenta una diferencia de 55 votos nulos respecto de la Tabla a nivel Casilla debido a que en el Acta de Cómputo Distrital no se sumaron los votos de Margarita Zavala a los Votos Nulos, de acuerdo con el SUP-RAP-0151-2018 |""los votos emitidos a favor de una candidatura independiente con registro cancelado no son sufragios nulos, pero comparten los efectos jurídicos de la votación recibida para candidatos no registrados. Por tanto, el voto que se marque en el recuadro para Margarita Ester Zavala Gómez del Campo se contará como nulo"".",JE2018_15_09_PRE_6695.pdf
15,MÉXICO,10,ECATEPEC DE MORELOS,131,419,26212,28765,100893,8799,66,3362,168097,261716,,,,JE2018_15_10_PRE_9885.pdf
15,MÉXICO,11,ECATEPEC DE MORELOS,137,445,29029,32532,107710,9224,75,4121,182691,279818,,,,JE2018_15_11_PRE_505.pdf
15,MÉXICO,12,IXTAPALUCA,160,431,20242,35704,102488,7938,258,3704,170334,259083,,TEPJF08111.pdf,"La Tabla de Resultados a nivel Distrital presenta una diferencia de 77 votos nulos respecto de la Tabla a nivel Casilla debido a que en el Acta de Cómputo Distrital no se sumaron los votos de Margarita Zavala a los Votos Nulos, de acuerdo con el SUP-RAP-0151-2018 ""los votos emitidos a favor de una candidatura independiente con registro cancelado no son sufragios nulos, pero comparten los efectos jurídicos de la votación recibida para candidatos no registrados. Por tanto, el voto que se marque en el recuadro para Margarita Ester Zavala Gómez del Campo se contará como nulo"".",JE2018_15_12_PRE_35452.pdf
15,MÉXICO,13,ECATEPEC DE MORELOS,186,450,28034,32695,105936,9667,118,3710,180160,267296,,,,JE2018_15_13_PRE_8673.pdf
15,MÉXICO,14,CIUDAD ADOLFO LOPEZ MATEOS,169,484,59198,31764,102478,10451,108,3729,207728,299633,,,,JE2018_15_14_PRE_6274.pdf
15,MÉXICO,15,CIUDAD ADOLFO LOPEZ MATEOS,121,465,57034,30671,98630,9536,126,4110,200107,298643,,,,JE2018_15_15_PRE_12630.pdf
15,MÉXICO,16,ECATEPEC DE MORELOS,152,463,26828,33799,109053,8282,140,4175,182277,287922,,,,JE2018_15_16_PRE_23679.pdf
15,MÉXICO,17,ECATEPEC DE MORELOS,176,429,23696,30908,101673,8500,95,3480,168352,252315,,,,JE2018_15_17_PRE_9585.pdf
15,MÉXICO,18,HUIXQUILUCAN DE DEGOLLADO,125,468,69206,41151,96490,8640,122,4713,220322,302044,,,,JE2018_15_18_PRE_5112.pdf
15,MÉXICO,19,TLALNEPANTLA DE BAZ,239,553,51231,39953,113331,11526,140,4039,220220,316670,,TEPJF08111.pdf,"La Tabla de Resultados a nivel Distrital presenta una diferencia de 29 votos nulos respecto de la Tabla a nivel Casilla debido a que en el Acta de Cómputo Distrital no se sumaron los votos de Margarita Zavala a los Votos Nulos, de acuerdo con el SUP-RAP-0151-2018 ""los votos emitidos a favor de una candidatura independiente con registro cancelado no son sufragios nulos, pero comparten los efectos jurídicos de la votación recibida para candidatos no registrados. Por tanto, el voto que se marque en el recuadro para Margarita Ester Zavala Gómez del Campo se contará como nulo"".",JE2018_15_19_PRE_34640.pdf
15,MÉXICO,20,CD. NEZAHUALCOYOTL,214,480,36214,28528,111590,8726,126,3799,188983,278996,,,,JE2018_15_20_PRE_4758.pdf
15,MÉXICO,21,AMECAMECA DE JUAREZ,169,423,23375,34584,107461,7942,72,3909,177343,255898,,,,JE2018_15_21_PRE_1872.pdf
15,MÉXICO,22,NAUCALPAN DE JUAREZ,218,584,81827,39458,101260,9827,205,4271,236848,349805,,,,JE2018_15_22_PRE_40515.pdf
15,MÉXICO,23,LERMA DE VILLADA,136,472,35806,43419,117292,11062,114,4818,212511,291886,,,,JE2018_15_23_PRE_29339.pdf
15,MÉXICO,24,NAUCALPAN DE JUAREZ,236,575,46898,35236,110381,10601,137,4593,207846,336672,,,,JE2018_15_24_PRE_38603.pdf
15,MÉXICO,25,CHIMALHUACAN,91,382,17685,37371,89599,5821,57,3549,154082,251806,,,,JE2018_15_25_PRE_3434.pdf
15,MÉXICO,26,TOLUCA DE LERDO,140,481,50428,45030,108216,13476,67,4962,222179,310407,,,,JE2018_15_26_PRE_15539.pdf
15,MÉXICO,27,METEPEC,133,487,58466,46790,111496,12966,103,4076,233897,315076,,,,JE2018_15_27_PRE_11847.pdf
15,MÉXICO,28,ZUMPANGO DE OCAMPO,138,488,33048,35999,113462,10771,169,4682,198131,314021,,,,JE2018_15_28_PRE_4112.pdf
15,MÉXICO,29,CD. NEZAHUALCOYOTL,244,523,35591,30430,117661,8940,140,4377,197139,296172,,,,JE2018_15_29_PRE_16547.pdf
15,MÉXICO,30,CHIMALHUACAN,110,405,18263,39042,91190,7067,66,3414,159042,263181,,,,JE2018_15_30_PRE_18792.pdf
15,MÉXICO,31,CD. NEZAHUALCOYOTL,222,508,34417,29102,112058,8202,107,4380,188266,290097,,,,JE2018_15_31_PRE_20714.pdf
15,MÉXICO,32,VALLE DE CHALCO SOLIDARIDAD,114,404,28436,20527,106986,6524,129,4179,166781,262331,,,,JE2018_15_32_PRE_2532.pdf
15,MÉXICO,33,CHALCO DE DIAZ COVARRUBIAS,82,389,24460,25784,104576,7838,49,3610,166317,260453,,,,JE2018_15_33_PRE_19399.pdf
15,MÉXICO,34,TOLUCA DE LERDO,163,527,58178,44696,113922,15516,108,3806,236226,327921,,,,JE2018_15_34_PRE_2892.pdf
15,MÉXICO,35,TENANCINGO DE DEGOLLADO,171,480,39003,40421,103842,8615,59,6102,198042,284511,,,,JE2018_15_35_PRE_18582.pdf
15,MÉXICO,36,TEJUPILCO DE HIDALGO,274,580,47367,61583,100053,3906,24,6956,219889,296442,,,,JE2018_15_36_PRE_1270.pdf
15,MÉXICO,37,CUAUTITLAN,103,435,34510,30889,117129,11036,155,3837,197556,287130,,,,JE2018_15_37_PRE_8655.pdf
15,MÉXICO,38,TEXCOCO DE MORA,110,447,23903,36267,118342,9984,95,3732,192323,287754,,,,JE2018_15_38_PRE_2386.pdf
15,MÉXICO,39,LOS REYES ACAQUILPAN,113,409,19320,37318,98695,6786,75,3757,165951,260012,,,,JE2018_15_39_PRE_6082.pdf
15,MÉXICO,40,SAN MIGUEL ZINACANTEPEC,128,487,43994,45254,105105,10007,70,6388,210818,308188,,,,JE2018_15_40_PRE_11191.pdf
15,MÉXICO,41,OJO DE AGUA,157,504,30837,50680,123715,11516,104,4182,221034,322728,,,,JE2018_15_41_PRE_1957.pdf
16,MICHOACÁN,0,VOTO EN EL EXTRANJERO,,,770,206,4229,116,12,82,5415,14242,,,,
16,MICHOACÁN,1,LAZARO CARDENAS,189,474,19490,26122,110327,3382,22,5977,165320,265614,,,,JE2018_16_01_PRE_31010.pdf
16,MICHOACÁN,2,PURUANDIRO,278,569,45492,40086,78646,9719,102,8276,182321,312570,,,,JE2018_16_02_PRE_23801.pdf
16,MICHOACÁN,3,HEROICA ZITACUARO,277,505,42100,30634,87781,7223,103,9074,176915,272763,,,,JE2018_16_03_PRE_26416.pdf
16,MICHOACÁN,4,JIQUILPAN DE JUAREZ,278,561,50776,29953,73181,9399,56,7376,170741,294299,,,,JE2018_16_04_PRE_10734.pdf
16,MICHOACÁN,5,ZAMORA DE HIDALGO,236,526,42354,25276,76342,11410,137,5535,161054,297644,,,,JE2018_16_05_PRE_9680.pdf
16,MICHOACÁN,6,CIUDAD HIDALGO,224,501,37881,32207,76259,11126,93,8842,166408,280855,,,,JE2018_16_06_PRE_3806.pdf
16,MICHOACÁN,7,ZACAPU,220,476,32706,30464,76760,8798,96,7284,156108,268631,,,,JE2018_16_07_PRE_31433.pdf
16,MICHOACÁN,8,MORELIA,129,468,27070,22505,86010,16699,133,6482,158899,291676,,,,JE2018_16_08_PRE_9606.pdf
16,MICHOACÁN,9,URUAPAN DEL PROGRESO,142,402,31388,12313,69989,11211,72,4919,129892,239846,,,,JE2018_16_09_PRE_32376.pdf
16,MICHOACÁN,10,MORELIA,222,531,48695,27772,87396,19906,143,6149,190061,309830,,,,JE2018_16_10_PRE_9445.pdf
16,MICHOACÁN,11,PATZCUARO,236,508,39345,32077,85137,8073,66,9894,174592,287236,,,,JE2018_16_11_PRE_20651.pdf
16,MICHOACÁN,12,APATZINGAN DE LA CONSTITUCION,219,456,25738,26239,79097,5407,62,6686,143229,251974,,,,JE2018_16_12_PRE_30118.pdf
17,MORELOS,0,VOTO EN EL EXTRANJERO,,,322,55,1431,32,6,8,1854,3487,,,,
17,MORELOS,1,CUERNAVACA,203,516,44937,21741,116719,16245,206,4777,204625,305520,,,,JE2018_17_01_PRE_6066.pdf
17,MORELOS,2,JIUTEPEC,116,446,28082,21735,116450,13249,82,5292,184890,283166,,,,JE2018_17_02_PRE_32433.pdf
17,MORELOS,3,CUAUTLA,196,488,20527,17363,135523,10169,47,5571,189200,287821,,,,JE2018_17_03_PRE_31143.pdf
17,MORELOS,4,JOJUTLA,211,508,23659,20757,133842,9627,64,5561,193510,292132,,,,JE2018_17_04_PRE_199.pdf
17,MORELOS,5,YAUTEPEC,181,463,25026,17855,134724,10761,105,5640,194111,270726,,,,JE2018_17_05_PRE_29009.pdf
18,NAYARIT,0,VOTO EN EL EXTRANJERO,,,136,46,775,13,2,11,983,2087,,,,
18,NAYARIT,1,SANTIAGO IXCUINTLA,398,576,23762,28338,90154,1517,27,4332,148130,256770,,,,JE2018_18_01_PRE_17228.pdf
18,NAYARIT,2,TEPIC,298,562,25632,19475,126090,5654,78,3598,180527,302091,,,,JE2018_18_02_PRE_23069.pdf
18,NAYARIT,3,COMPOSTELA,256,530,30288,18588,98797,3198,76,4089,155036,287950,,,,JE2018_18_03_PRE_43912.pdf
19,NUEVO LEÓN,0,VOTO EN EL EXTRANJERO,,,2521,180,1160,234,8,17,4120,6175,,,,
19,NUEVO LEÓN,1,SANTA CATARINA,149,507,88334,16695,50834,28982,127,3653,188625,316603,,,,JE2018_19_01_PRE_39026.pdf
19,NUEVO LEÓN,2,APODACA,224,555,46667,22250,71135,36273,138,3284,179747,326742,,,,JE2018_19_02_PRE_35618.pdf
19,NUEVO LEÓN,3,GRAL. ESCOBEDO,124,460,36858,19909,55315,26272,62,2899,141315,292781,,,,JE2018_19_03_PRE_9405.pdf
19,NUEVO LEÓN,4,SAN NICOLAS DE LOS GARZA,239,616,91390,20345,69268,38108,200,4041,223352,365377,,,,JE2018_19_04_PRE_40602.pdf
19,NUEVO LEÓN,5,MONTERREY,111,391,23560,22244,50579,19851,39,3445,119718,253844,,,,JE2018_19_05_PRE_2459.pdf
19,NUEVO LEÓN,6,MONTERREY,270,605,98432,28620,62676,29243,390,4149,223510,355425,,,,JE2018_19_06_PRE_42958.pdf
19,NUEVO LEÓN,7,GARCIA,266,636,44419,25565,75653,36068,101,5066,186872,369113,,,,JE2018_19_07_PRE_18611.pdf
19,NUEVO LEÓN,8,GUADALUPE,166,491,42183,23144,62994,31051,127,3274,162773,299696,,,,JE2018_19_08_PRE_1963.pdf
19,NUEVO LEÓN,9,LINARES,329,614,50653,53299,57980,32029,158,7723,201842,327919,,,,JE2018_19_09_PRE_1470.pdf
19,NUEVO LEÓN,10,MONTERREY,330,605,86648,27496,53740,23400,142,3966,195392,329254,,,,JE2018_19_10_PRE_44388.pdf
19,NUEVO LEÓN,11,GUADALUPE,204,548,62590,26450,63494,30341,177,3924,186976,330958,,TEPJF08111.pdf,Hay diferencias en los resultados de la Tabla a nivel Distrital respecto a la Tabla a nivel Casilla porque en el Acta de Cómputo Distrital no se consideraron los Votos Reservados.,JE2018_19_11_PRE_FinDervRec_11_22411.pdf
19,NUEVO LEÓN,12,BENITO JUAREZ,213,557,27447,28136,70391,26959,260,3835,157028,332826,,,,JE2018_19_12_PRE_34065.pdf
20,OAXACA,0,VOTO EN EL EXTRANJERO,,,196,73,3876,30,3,22,4200,8696,,,,
20,OAXACA,1,SAN JUAN BAUTISTA TUXTEPEC,223,509,26776,39994,124420,3810,17,6771,201788,272575,,,,JE2018_20_01_PRE_8442.pdf
20,OAXACA,2,TEOTITLAN DE FLORES MAGON,263,537,23285,46721,114887,2971,60,7789,195713,271339,,,,JE2018_20_02_PRE_2207.pdf
20,OAXACA,3,HEROICA CIUDAD DE HUAJUAPAN DE LEON,260,565,24217,28055,124134,5615,72,5620,187713,287380,,,,JE2018_20_03_PRE_1715.pdf
20,OAXACA,4,TLACOLULA DE MATAMOROS,284,585,19669,28375,125101,4960,57,6280,184442,309294,,,,JE2018_20_04_PRE_9788.pdf
20,OAXACA,5,SALINA CRUZ,223,509,13181,25410,133818,2330,43,5602,180384,269697,,,,JE2018_20_05_PRE_14403.pdf
20,OAXACA,6,HEROICA CIUDAD DE TLAXIACO,313,566,19970,27651,113114,2102,45,8420,171302,274610,,,,JE2018_20_06_PRE_10316.pdf
20,OAXACA,7,CIUDAD IXTEPEC,254,555,19505,42909,135109,2779,35,5429,205766,285218,,,,JE2018_20_07_PRE_9455.pdf
20,OAXACA,8,OAXACA DE JUAREZ,184,531,26554,27488,143397,10241,62,3673,211415,312825,,,,JE2018_20_08_PRE_16177.pdf
20,OAXACA,9,PUERTO ESCONDIDO,193,492,21140,42502,114087,1387,29,6819,185964,271574,,,,JE2018_20_09_PRE_8566.pdf
20,OAXACA,10,MIAHUATLAN DE PORFIRIO DIAZ,247,566,27193,32930,128619,2795,125,9108,200770,306787,,,,JE2018_20_10_PRE_15869.pdf
21,PUEBLA,0,VOTO EN EL EXTRANJERO,,,692,155,5043,74,7,44,6015,10811,,,,
21,PUEBLA,1,HUAUCHINANGO DE DEGOLLADO,186,509,55062,41368,99381,4758,55,9699,210323,279935,,,,JE2018_21_01_PRE_3678.pdf
21,PUEBLA,2,CUAUTILULCO BARRIO,192,506,55888,60564,83091,4297,85,10471,214396,281834,,,,JE2018_21_02_PRE_11687.pdf
21,PUEBLA,3,TEZIUTLAN,179,484,40970,43448,104029,7219,56,9134,204856,286126,,,,JE2018_21_03_PRE_21285.pdf
21,PUEBLA,4,AJALPAN,176,477,42518,35529,116877,3098,44,9300,207366,270988,,,,JE2018_21_04_PRE_929.pdf
21,PUEBLA,5,SAN MARTIN TEXMELUCAN DE LABASTIDA,150,471,28853,26949,120525,9753,82,6222,192384,295720,,,,JE2018_21_05_PRE_41755.pdf
21,PUEBLA,6,HEROICA PUEBLA DE ZARAGOZA,126,477,30365,20384,123651,9395,109,4252,188156,305467,,,,JE2018_21_06_PRE_18037.pdf
21,PUEBLA,7,TEPEACA,121,458,35721,26805,123323,6434,52,6622,198957,289617,,,,JE2018_21_07_PRE_10709.pdf
21,PUEBLA,8,CIUDAD SERDAN,181,470,48302,43128,94754,6282,156,8908,201530,272123,,,,JE2018_21_08_PRE_16180.pdf
21,PUEBLA,9,HEROICA PUEBLA DE ZARAGOZA,200,548,45761,19333,124212,10779,199,3928,204212,330112,,,,JE2018_21_09_PRE_44287.pdf
21,PUEBLA,10,CHOLULA DE RIVADAVIA,124,505,50369,20974,134082,11304,141,4808,221678,328497,,,,JE2018_21_10_PRE_4341.pdf
21,PUEBLA,11,HEROICA PUEBLA DE ZARAGOZA,147,479,33090,22261,117032,9532,82,4327,186324,307513,,,,JE2018_21_11_PRE_32232.pdf
21,PUEBLA,12,HEROICA PUEBLA DE ZARAGOZA,291,597,50856,23628,126291,12339,152,4267,217533,336747,,,,JE2018_21_12_PRE_5188.pdf
21,PUEBLA,13,ATLIXCO,215,541,39664,39402,115409,5903,86,7337,207801,310833,,,,JE2018_21_13_PRE_44277.pdf
21,PUEBLA,14,ACATLAN DE OSORIO,235,559,33873,43168,130813,4121,163,8549,220687,307143,,,,JE2018_21_14_PRE_29006.pdf
21,PUEBLA,15,TEHUACAN,129,466,26413,23641,136083,8173,40,6219,200569,297925,,,,JE2018_21_15_PRE_15217.pdf
22,QUERÉTARO,0,VOTO EN EL EXTRANJERO,,,635,52,710,33,4,15,1449,2419,,,,
22,QUERÉTARO,1,CADEREYTA DE MONTES,168,461,51768,34975,67062,8469,107,7352,169733,252531,,,,JE2018_22_01_PRE_11217.pdf
22,QUERÉTARO,2,SAN JUAN DEL RIO,149,475,53207,26003,88538,15445,86,5336,188615,284047,,,,JE2018_22_02_PRE_4530.pdf
22,QUERÉTARO,3,SANTIAGO DE QUERETARO,186,589,68902,24620,99617,17579,215,5216,216149,363990,,,,JE2018_22_03_PRE_22794.pdf
22,QUERÉTARO,4,SANTIAGO DE QUERETARO,214,595,90436,29455,93739,17495,354,4890,236369,361257,,,,JE2018_22_04_PRE_42964.pdf
22,QUERÉTARO,5,EL PUEBLITO,143,528,82716,35822,74496,13884,89,6039,213046,321128,,,,JE2018_22_05_PRE_4109.pdf
23,QUINTANA ROO,0,VOTO EN EL EXTRANJERO,,,183,13,305,5,2,2,510,688,,,,
23,QUINTANA ROO,1,PLAYA DEL CARMEN,246,578,30019,22319,132536,7326,136,4264,196600,338233,,,,JE2018_23_01_PRE_42970.pdf
23,QUINTANA ROO,2,CHETUMAL,242,498,30283,26532,118466,6161,96,5696,187234,272867,,,,JE2018_23_02_PRE_35109.pdf
23,QUINTANA ROO,3,CANCUN,242,475,14334,11019,114465,6573,68,3347,149806,264634,,,,JE2018_23_03_PRE_20051.pdf
23,QUINTANA ROO,4,CANCUN,209,547,41212,16875,122662,9376,122,3259,193506,332932,,,,JE2018_23_04_PRE_24360.pdf
24,SAN LUIS POTOSÍ,0,VOTO EN EL EXTRANJERO,,,521,101,1513,51,3,22,2211,5148,,,,
24,SAN LUIS POTOSÍ,1,MATEHUALA,319,526,43121,50477,62080,9748,39,8032,173497,262221,,,,JE2018_24_01_PRE_18025.pdf
24,SAN LUIS POTOSÍ,2,SOLEDAD DE GRACIANO SANCHEZ,207,543,55292,36976,81166,16212,79,8012,197737,321336,,,,JE2018_24_02_PRE_10105.pdf
24,SAN LUIS POTOSÍ,3,RIOVERDE,366,564,40845,50703,60268,7559,65,7987,167427,263906,,,,JE2018_24_03_PRE_5428.pdf
24,SAN LUIS POTOSÍ,4,CIUDAD VALLES,236,445,29293,28490,85066,8530,71,6074,157524,238975,,,,JE2018_24_04_PRE_4810.pdf
24,SAN LUIS POTOSÍ,5,SAN LUIS POTOSI,197,517,71001,25620,70578,17139,258,4741,189337,311399,,,,JE2018_24_05_PRE_33899.pdf
24,SAN LUIS POTOSÍ,6,SAN LUIS POTOSI,175,505,47789,19908,84355,19975,147,5311,177485,304359,,,,JE2018_24_06_PRE_26652.pdf
24,SAN LUIS POTOSÍ,7,TAMAZUNCHALE,285,524,46901,47936,82520,3742,15,12260,193374,272130,,,,JE2018_24_07_PRE_34604.pdf
25,SINALOA,0,VOTO EN EL EXTRANJERO,,,259,63,832,20,4,3,1181,2941,,,,
25,SINALOA,1,MAZATLAN,455,614,23667,29581,105061,4068,69,4809,167255,293360,,,,JE2018_25_01_PRE_44351.pdf
25,SINALOA,2,LOS MOCHIS,453,669,25556,29728,135145,5001,75,4065,199570,321131,,,,JE2018_25_02_PRE_7203.pdf
25,SINALOA,3,GUAMUCHIL,767,872,25927,47534,120317,2503,68,6811,203160,321025,,,,JE2018_25_03_PRE_44719.pdf
25,SINALOA,4,GUASAVE,673,758,17744,43083,127780,2218,39,5455,196319,304001,,,,JE2018_25_04_PRE_20059.pdf
25,SINALOA,5,CULIACAN DE ROSALES,354,590,21779,23420,125904,6110,90,2964,180267,295854,,,,JE2018_25_05_PRE_15918.pdf
25,SINALOA,6,MAZATLAN,511,675,26828,34506,105433,4941,52,4577,176337,294027,,,,JE2018_25_06_PRE_10209.pdf
25,SINALOA,7,CULIACAN DE ROSALES,491,663,22196,26501,113529,4312,73,3600,170211,305860,,,,JE2018_25_07_PRE_44599.pdf
26,SONORA,0,VOTO EN EL EXTRANJERO,,,334,81,828,40,2,7,1292,2207,,,,
26,SONORA,1,SAN LUIS RIO COLORADO,176,496,23563,21867,77717,8362,93,3608,135210,288070,,,,JE2018_26_01_PRE_8285.pdf
26,SONORA,2,NOGALES,221,563,29083,26182,90584,11772,60,4428,162109,333881,,,,JE2018_26_02_PRE_4951.pdf
26,SONORA,3,HERMOSILLO,214,503,23405,23142,88582,12083,102,3231,150545,304062,,,,JE2018_26_03_PRE_38707.pdf
26,SONORA,4,GUAYMAS,277,547,25635,32147,95633,7399,25,4950,165789,291128,,,,JE2018_26_04_PRE_35479.pdf
26,SONORA,5,HERMOSILLO,201,501,30256,27203,84455,12109,89,2795,156907,295976,,,,JE2018_26_05_PRE_14625.pdf
26,SONORA,6,CD. OBREGON,219,552,16519,20070,116171,8876,103,3473,165212,320447,,,,JE2018_26_06_PRE_11289.pdf
26,SONORA,7,NAVOJOA,205,474,18478,30367,97836,3159,31,4732,154603,268124,,,,JE2018_26_07_PRE_22508.pdf
27,TABASCO,0,VOTO EN EL EXTRANJERO,,,64,20,577,0,0,3,664,1026,,,,
27,TABASCO,1,MACUSPANA,212,453,12341,18639,137066,970,38,5328,174382,244672,,,,JE2018_27_01_PRE_30722.pdf
27,TABASCO,2,HEROICA CARDENAS,219,540,24794,16969,159557,1144,102,6783,209349,300820,,,,JE2018_27_02_PRE_11567.pdf
27,TABASCO,3,COMALCALCO,156,413,19639,18685,128876,1190,25,4349,172764,240831,,,,JE2018_27_03_PRE_2503.pdf
27,TABASCO,4,VILLAHERMOSA,206,530,9304,13980,191285,2858,58,2848,220333,309831,,,,JE2018_27_04_PRE_7036.pdf
27,TABASCO,5,PARAISO,183,496,13212,18765,182053,1513,20,5512,221075,295256,,,,JE2018_27_05_PRE_29960.pdf
27,TABASCO,6,VILLAHERMOSA,153,480,11988,20480,162296,2074,36,5404,202278,296208,,,,JE2018_27_06_PRE_44150.pdf
28,TAMAULIPAS,0,VOTO EN EL EXTRANJERO,,,596,115,1221,79,12,17,2040,4289,,,,
28,TAMAULIPAS,1,NUEVO LAREDO,206,523,53113,24584,66762,17788,108,3332,165687,310391,,TEPJF08111.pdf,"La Tabla de Resultados a nivel Distrital presenta una diferencia de 409 votos nulos respecto de la Tabla a nivel Casilla debido a que en el Acta de Cómputo Distrital no se sumaron los votos de Margarita Zavala a los Votos Nulos, de acuerdo con el SUP-RAP-0151-2018 ""los votos emitidos a favor de una candidatura independiente con registro cancelado no son sufragios nulos, pero comparten los efectos jurídicos de la votación recibida para candidatos no registrados. Por tanto, el voto que se marque en el recuadro para Margarita Ester Zavala Gómez del Campo se contará como nulo"".",JE2018_28_01_PRE_18773.pdf
28,TAMAULIPAS,2,REYNOSA,242,499,45070,19578,85902,11635,34,3357,165576,280245,,,,JE2018_28_02_PRE_27468.pdf
28,TAMAULIPAS,3,RIO BRAVO,256,537,52214,30042,82838,8742,37,4373,178246,293905,,,,JE2018_28_03_PRE_28193.pdf
28,TAMAULIPAS,4,H. MATAMOROS,157,485,40228,25594,94763,9448,105,3438,173576,298768,,,,JE2018_28_04_PRE_11908.pdf
28,TAMAULIPAS,5,CIUDAD VICTORIA,219,530,63669,36767,84882,16389,95,4492,206294,299833,,,,JE2018_28_05_PRE_29902.pdf
28,TAMAULIPAS,6,CIUDAD MANTE,313,576,77398,38031,73738,7200,18,5807,202192,280872,,,,JE2018_28_06_PRE_14282.pdf
28,TAMAULIPAS,7,CIUDAD MADERO,149,460,45814,20695,99303,12942,41,3472,182267,284880,,,,JE2018_28_07_PRE_11049.pdf
28,TAMAULIPAS,8,TAMPICO,234,522,58014,20943,100931,17484,63,3333,200768,297197,,,,JE2018_28_08_PRE_3699.pdf
28,TAMAULIPAS,9,REYNOSA,219,496,39085,12037,95870,8539,18,3046,158595,282654,,,,JE2018_28_09_PRE_4053.pdf
29,TLAXCALA,0,VOTO EN EL EXTRANJERO,,,62,16,620,5,0,7,710,1256,,,,
29,TLAXCALA,1,APIZACO,235,515,26166,28905,124589,10013,151,5109,194933,300472,,,,JE2018_29_01_PRE_17626.pdf
29,TLAXCALA,2,TLAXCALA DE XICOHTENCATL,160,503,20939,24266,159724,8136,56,3657,216778,312644,,,,JE2018_29_02_PRE_44037.pdf
29,TLAXCALA,3,ZACATELCO,212,516,19562,21557,148194,7787,69,3832,201001,308900,,,,JE2018_29_03_PRE_17617.pdf
30,VERACRUZ,0,VOTO EN EL EXTRANJERO,,,535,104,3148,50,10,23,3870,7998,,,,
30,VERACRUZ,1,PANUCO,302,494,49561,23938,78640,4444,17,4268,160868,241139,,,,JE2018_30_01_PRE_35496.pdf
30,VERACRUZ,2,TANTOYUCA,256,485,66914,33737,69620,1882,13,5832,177998,246309,,,,JE2018_30_02_PRE_14190.pdf
30,VERACRUZ,3,TUXPAN DE RODRIGUEZ CANO,207,456,45914,22931,86651,5569,51,3924,165040,248900,,,,JE2018_30_03_PRE_17341.pdf
30,VERACRUZ,4,VERACRUZ,182,537,63876,13930,94094,13551,125,3339,188915,321098,,,,JE2018_30_04_PRE_13031.pdf
30,VERACRUZ,5,POZA RICA DE HIDALGO,188,438,35646,16386,102417,7404,51,3672,165576,250521,,,,JE2018_30_05_PRE_42764.pdf
30,VERACRUZ,6,PAPANTLA DE OLARTE,266,541,58267,28522,94096,3806,90,4754,189535,286127,,,,JE2018_30_06_PRE_16626.pdf
30,VERACRUZ,7,MARTINEZ DE LA TORRE,240,549,46344,25536,100798,4690,99,5385,182852,283027,,,,JE2018_30_07_PRE_38150.pdf
30,VERACRUZ,8,XALAPA,278,585,66586,28666,104074,7060,52,5117,211555,315892,,,,JE2018_30_08_PRE_13218.pdf
30,VERACRUZ,9,COATEPEC,185,473,56074,27677,89170,7096,43,5168,185228,272503,,,,JE2018_30_09_PRE_29162.pdf
30,VERACRUZ,10,XALAPA,235,560,49299,22309,128662,15677,122,3981,220050,323195,,,,JE2018_30_10_PRE_20150.pdf
30,VERACRUZ,11,COATZACOALCOS,238,566,26357,17055,146399,5889,45,3665,199410,305208,,,,JE2018_30_11_PRE_37375.pdf
30,VERACRUZ,12,VERACRUZ,326,613,88296,20917,94482,12629,168,4339,220831,336028,,,,JE2018_30_12_PRE_12334.pdf
30,VERACRUZ,13,HUATUSCO,254,566,61471,27651,99776,5386,93,5736,200113,303513,,,,JE2018_30_13_PRE_38564.pdf
30,VERACRUZ,14,MINATITLAN,240,548,37327,18524,112939,3685,69,4883,177427,276057,,,,JE2018_30_14_PRE_26821.pdf
30,VERACRUZ,15,ORIZABA,228,521,49022,22540,110869,9264,73,5511,197279,292558,,,,JE2018_30_15_PRE_17194.pdf
30,VERACRUZ,16,CORDOBA,222,534,46053,24888,122331,9179,61,4571,207083,302994,,,,JE2018_30_16_PRE_8455.pdf
30,VERACRUZ,17,COSAMALOAPAN,251,537,53092,20657,98138,3602,37,5670,181196,287016,,,,JE2018_30_17_PRE_36853.pdf
30,VERACRUZ,18,ZONGOLICA,219,502,54023,28746,102354,4342,52,7603,197120,283145,,,,JE2018_30_18_PRE_43798.pdf
30,VERACRUZ,19,SAN ANDRES TUXTLA,255,549,59118,21743,95891,4180,17,7051,188000,303659,,,,JE2018_30_19_PRE_20496.pdf
30,VERACRUZ,20,COSOLEACAQUE,240,541,36824,24856,124660,3352,19,4793,194504,297029,,,,JE2018_30_20_PRE_26828.pdf
31,YUCATÁN,0,VOTO EN EL EXTRANJERO,,,198,45,425,9,3,4,684,1030,,,,
31,YUCATÁN,1,VALLADOLID,231,495,59837,78651,80260,3459,24,4479,226710,278151,,TEPJF08111.pdf,"La Tabla de Resultados a nivel Distrital presenta una diferencia de 68 votos nulos respecto de la Tabla a nivel Casilla debido a que en el Acta de Cómputo Distrital no se sumaron los votos de Margarita Zavala a los Votos Nulos, de acuerdo con el SUP-RAP-0151-2018 ""los votos emitidos a favor de una candidatura independiente con registro cancelado no son sufragios nulos, pero comparten los efectos jurídicos de la votación recibida para candidatos no registrados. Por tanto, el voto que se marque en el recuadro para Margarita Ester Zavala Gómez del Campo se contará como nulo"".",JE2018_31_01_PRE_35782.pdf
31,YUCATÁN,2,PROGRESO,204,496,58855,68009,82512,5919,31,5908,221234,293836,,,,JE2018_31_02_PRE_7414.pdf
31,YUCATÁN,3,MERIDA,240,585,55546,49249,108110,12745,104,5141,230895,341019,,,,JE2018_31_03_PRE_18412.pdf
31,YUCATÁN,4,MERIDA,230,584,81221,50753,100283,14065,122,4837,251281,338827,,,,JE2018_31_04_PRE_516.pdf
31,YUCATÁN,5,TICUL,211,506,64487,77348,83626,2914,49,5456,233880,292229,,,,JE2018_31_05_PRE_37712.pdf
32,ZACATECAS,0,VOTO EN EL EXTRANJERO,,,345,115,1461,53,2,17,1993,5046,,,,
32,ZACATECAS,1,FRESNILLO,390,578,35662,34974,89136,10035,91,5071,174969,277083,,,,JE2018_32_01_PRE_13344.pdf
32,ZACATECAS,2,JEREZ DE GARCIA SALINAS,610,749,53935,47396,78159,8682,36,7503,195711,307015,,,,JE2018_32_02_PRE_1165.pdf
32,ZACATECAS,3,ZACATECAS,422,627,33000,48005,99044,9455,87,6050,195641,291084,,,,JE2018_32_03_PRE_4633.pdf
32,ZACATECAS,4,GUADALUPE,335,555,33902,47182,98571,7995,83,5592,193325,287277,,,,JE2018_32_04_PRE_9860.pdf
