ID_ESTADO,NOMBRE_ESTADO,TERRITORIO,MUNICIPIOS,DISTRITOS,SECCIONES,CASILLAS,PAN_PRD_MC_CAND,PRI_PVEM_NA_CAND,PT_MORENA_ES_CAND,CAND_IND2,NUM_VOTOS_CAN_NREG,NUM_VOTOS_NULOS,TOTAL_VOTOS,LISTA_NOMINAL,RUTA_ACTA,OBSERVACIONES
1,AGUASCALIENTES,VOTO EN EL EXTRANJERO,,,,,289,45,463,26,5,9,837,1687,JE2018_01_PRE_35.pdf,
1,AGUASCALIENTES,VOTO EN TERRITORIO NACIONAL,11,3,600,1598,178699,103594,222065,40273,386,15252,560269,943448,,
2,BAJA CALIFORNIA,VOTO EN EL EXTRANJERO,,,,,414,80,946,37,5,28,1510,2630,JE2018_02_PRE_35.pdf,
2,BAJA CALIFORNIA,VOTO EN TERRITORIO NACIONAL,5,8,1947,4701,275089,124145,917993,89786,1247,28652,1436912,2731567,,
3,BAJA CALIFORNIA SUR,VOTO EN EL EXTRANJERO,,,,,38,8,96,1,0,3,146,220,JE2018_03_PRE_35.pdf,
3,BAJA CALIFORNIA SUR,VOTO EN TERRITORIO NACIONAL,5,2,483,978,56756,28194,193746,16765,235,6853,302549,516146,,
4,CAMPECHE,VOTO EN EL EXTRANJERO,,,,,31,14,163,1,0,2,211,351,JE2018_04_PRE_35.pdf,
4,CAMPECHE,VOTO EN TERRITORIO NACIONAL,11,2,525,1155,54386,96570,275099,11193,146,11942,449336,642056,,
5,COAHUILA,VOTO EN EL EXTRANJERO,,,,,524,68,748,34,5,26,1405,3148,JE2018_05_PRE_35.pdf,
5,COAHUILA,VOTO EN TERRITORIO NACIONAL,38,7,1663,3761,307066,358211,608614,71017,432,25071,1370411,2154098,,
6,COLIMA,VOTO EN EL EXTRANJERO,,,,,95,30,442,12,0,5,584,1168,JE2018_06_PRE_35.pdf,
6,COLIMA,VOTO EN TERRITORIO NACIONAL,10,2,370,950,56333,61974,196874,15741,200,9403,340525,530720,,
7,CHIAPAS,VOTO EN EL EXTRANJERO,,,,,69,23,705,8,1,31,837,2534,JE2018_07_PRE_35.pdf,
7,CHIAPAS,VOTO EN TERRITORIO NACIONAL,123,13,2045,6303,198048,562840,1484994,39599,579,138753,2424813,3541181,,
8,CHIHUAHUA,VOTO EN EL EXTRANJERO,,,,,970,153,1557,78,9,20,2787,5036,JE2018_08_PRE_35.pdf,
8,CHIHUAHUA,VOTO EN TERRITORIO NACIONAL,67,9,3142,5297,424949,240572,642095,132164,1708,50313,1491801,2743260,,
9,CIUDAD DE MÉXICO,VOTO EN EL EXTRANJERO,,,,,9161,1560,11989,267,94,771,23842,28616,JE2018_09_PRE_35.pdf,
9,CIUDAD DE MÉXICO,VOTO EN TERRITORIO NACIONAL,16,24,5527,12976,1283425,650501,3106396,222989,4699,113714,5381724,7628256,,
10,DURANGO,VOTO EN EL EXTRANJERO,,,,,443,104,1367,70,2,23,2009,4783,JE2018_10_PRE_35.pdf,
10,DURANGO,VOTO EN TERRITORIO NACIONAL,39,4,1354,2479,187504,141187,339462,45939,213,17401,731706,1279679,,
11,GUANAJUATO,VOTO EN EL EXTRANJERO,,,,,1239,209,3146,156,11,63,4824,11532,JE2018_11_PRE_35.pdf,
11,GUANAJUATO,VOTO EN TERRITORIO NACIONAL,46,15,3137,7463,938894,381483,704076,223058,1848,70824,2320183,4359531,,
12,GUERRERO,VOTO EN EL EXTRANJERO,,,,,272,101,3898,38,2,34,4345,9379,JE2018_12_PRE_35.pdf,
12,GUERRERO,VOTO EN TERRITORIO NACIONAL,81,9,2666,4950,217566,285698,1014265,24493,360,66408,1608790,2506912,,
13,HIDALGO,VOTO EN EL EXTRANJERO,,,,,210,58,1881,26,1,21,2197,4174,JE2018_13_PRE_35.pdf,
13,HIDALGO,VOTO EN TERRITORIO NACIONAL,84,7,1758,3787,187818,257490,848982,59604,453,38368,1392715,2118481,,
14,JALISCO,VOTO EN EL EXTRANJERO,,,,,2525,418,4827,198,40,133,8141,16453,JE2018_14_PRE_35.pdf,
14,JALISCO,VOTO EN TERRITORIO NACIONAL,125,20,3545,9808,1176635,508694,1456343,246699,2913,99990,3491274,5896959,,
15,MÉXICO,VOTO EN EL EXTRANJERO,,,,,1695,302,3481,72,14,40,5604,9999,JE2018_15_PRE_35.pdf,
15,MÉXICO,VOTO EN TERRITORIO NACIONAL,125,41,6441,19298,1548129,1548360,4369786,383612,4639,179869,8034395,11832184,,
16,MICHOACÁN,VOTO EN EL EXTRANJERO,,,,,770,206,4229,116,12,82,5415,14242,JE2018_16_PRE_35.pdf,
16,MICHOACÁN,VOTO EN TERRITORIO NACIONAL,113,12,2650,5977,443035,335648,986925,122353,1085,86494,1975540,3372938,,
17,MORELOS,VOTO EN EL EXTRANJERO,,,,,322,55,1431,32,6,8,1854,3487,JE2018_17_PRE_35.pdf,
17,MORELOS,VOTO EN TERRITORIO NACIONAL,33,5,907,2421,142231,99451,637258,60051,504,26841,966336,1439365,,
18,NAYARIT,VOTO EN EL EXTRANJERO,,,,,136,46,775,13,2,11,983,2087,JE2018_18_PRE_35.pdf,
18,NAYARIT,VOTO EN TERRITORIO NACIONAL,20,3,952,1668,79682,66401,315041,10369,181,12019,483693,846811,,
19,NUEVO LEÓN,VOTO EN EL EXTRANJERO,,,,,2521,180,1160,234,8,17,4120,6175,JE2018_19_PRE_35.pdf,
19,NUEVO LEÓN,VOTO EN TERRITORIO NACIONAL,51,12,2625,6585,699181,314153,744059,358577,1921,49259,2167150,3900538,,
20,OAXACA,VOTO EN EL EXTRANJERO,,,,,196,73,3876,30,3,22,4200,8696,JE2018_20_PRE_35.pdf,
20,OAXACA,VOTO EN TERRITORIO NACIONAL,570,10,2444,5415,221490,342035,1256686,38990,545,65511,1925257,2861299,,
21,PUEBLA,VOTO EN EL EXTRANJERO,,,,,692,155,5043,74,7,44,6015,10811,JE2018_21_PRE_35.pdf,
21,PUEBLA,VOTO EN TERRITORIO NACIONAL,217,15,2652,7547,617705,490582,1749553,113387,1502,104043,3076772,4500580,,
22,QUERÉTARO,VOTO EN EL EXTRANJERO,,,,,635,52,710,33,4,15,1449,2419,JE2018_22_PRE_35.pdf,
22,QUERÉTARO,VOTO EN TERRITORIO NACIONAL,18,5,860,2648,347029,150875,423452,72872,851,28833,1023912,1582953,,
23,QUINTANA ROO,VOTO EN EL EXTRANJERO,,,,,183,13,305,5,2,2,510,688,JE2018_23_PRE_35.pdf,
23,QUINTANA ROO,VOTO EN TERRITORIO NACIONAL,11,4,939,2098,115848,76745,488129,29436,422,16566,727146,1208666,,
24,SAN LUIS POTOSÍ,VOTO EN EL EXTRANJERO,,,,,521,101,1513,51,3,22,2211,5148,JE2018_24_PRE_35.pdf,
24,SAN LUIS POTOSÍ,VOTO EN TERRITORIO NACIONAL,58,7,1785,3624,334242,260110,526033,82905,674,52417,1256381,1974326,,
25,SINALOA,VOTO EN EL EXTRANJERO,,,,,259,63,832,20,4,3,1181,2941,JE2018_25_PRE_35.pdf,
25,SINALOA,VOTO EN TERRITORIO NACIONAL,18,7,3704,4841,163697,234353,833169,29153,466,32281,1293119,2135258,,
26,SONORA,VOTO EN EL EXTRANJERO,,,,,334,81,828,40,2,7,1292,2207,JE2018_26_PRE_35.pdf,
26,SONORA,VOTO EN TERRITORIO NACIONAL,72,7,1513,3636,166939,180978,650978,63760,503,27217,1090375,2101688,,
27,TABASCO,VOTO EN EL EXTRANJERO,,,,,64,20,577,0,0,3,664,1026,JE2018_27_PRE_35.pdf,
27,TABASCO,VOTO EN TERRITORIO NACIONAL,17,6,1129,2912,91278,107518,961133,9749,279,30224,1200181,1687618,,
28,TAMAULIPAS,VOTO EN EL EXTRANJERO,,,,,596,115,1221,79,12,17,2040,4289,JE2018_28_PRE_35.pdf,
28,TAMAULIPAS,VOTO EN TERRITORIO NACIONAL,43,9,1995,4628,474605,228271,784989,110167,519,34650,1633201,2628745,,
29,TLAXCALA,VOTO EN EL EXTRANJERO,,,,,62,16,620,5,0,7,710,1256,JE2018_29_PRE_35.pdf,
29,TLAXCALA,VOTO EN TERRITORIO NACIONAL,60,3,607,1534,66667,74728,432507,25936,276,12598,612712,922016,,
30,VERACRUZ,VOTO EN EL EXTRANJERO,,,,,535,104,3148,50,10,23,3870,7998,JE2018_30_PRE_35.pdf,
30,VERACRUZ,VOTO EN TERRITORIO NACIONAL,212,20,4812,10595,1050064,471209,2056061,132687,1297,99262,3810580,5775918,,
31,YUCATÁN,VOTO EN EL EXTRANJERO,,,,,198,45,425,9,3,4,684,1030,JE2018_31_PRE_35.pdf,
31,YUCATÁN,VOTO EN TERRITORIO NACIONAL,106,5,1116,2666,319946,324010,454791,39102,330,25821,1164000,1544062,,
32,ZACATECAS,VOTO EN EL EXTRANJERO,,,,,345,115,1461,53,2,17,1993,5046,JE2018_32_PRE_35.pdf,
32,ZACATECAS,VOTO EN TERRITORIO NACIONAL,58,4,1757,2509,156499,177557,364910,36167,297,24216,759646,1162459,,
