CIRCUNSCRIPCION,ID_ESTADO,NOMBRE_ESTADO,ID_DISTRITO_LOCAL,CABECERA_DISTRITAL_LOCAL,ID_MUNICIPIO,MUNICIPIO,SECCION,CASILLAS,PAN,PRI,PRD,MC,PVEM,MORENA,PT,QI,PES,RSP,FXM,PAN_QI,PRI_PVEM,PVEM_PT,NUM_VOTOS_VALIDOS,NUM_VOTOS_CAN_NREG,NUM_VOTOS_NULOS,TOTAL_VOTOS,LISTA_NOMINAL
,22,QUERETARO,8,SAN JUAN DEL RIO,1,AMEALCO DE BONFIL,1,2,229,282,9,17,28,115,3,2,9,4,8,,,,706,2,21,729,1070
,22,QUERETARO,8,SAN JUAN DEL RIO,1,AMEALCO DE BONFIL,2,2,188,241,2,15,30,100,8,3,3,1,4,,,,595,0,23,618,965
,22,QUERETARO,8,SAN JUAN DEL RIO,1,AMEALCO DE BONFIL,3,5,397,453,8,20,30,237,9,4,6,10,23,,,,1197,0,41,1238,1571
,22,QUERETARO,8,SAN JUAN DEL RIO,1,AMEALCO DE BONFIL,4,3,296,334,14,18,30,162,9,5,5,14,9,,,,896,0,43,939,1742
,22,QUERETARO,8,SAN JUAN DEL RIO,1,AMEALCO DE BONFIL,5,3,337,369,17,20,35,148,6,3,7,19,19,,,,980,1,34,1015,1636
,22,QUERETARO,8,SAN JUAN DEL RIO,1,AMEALCO DE BONFIL,6,2,212,166,2,28,6,48,2,0,0,0,5,,,,469,0,14,483,977
,22,QUERETARO,8,SAN JUAN DEL RIO,1,AMEALCO DE BONFIL,7,2,206,148,4,8,16,33,2,0,8,5,6,,,,436,0,14,450,804
,22,QUERETARO,8,SAN JUAN DEL RIO,1,AMEALCO DE BONFIL,8,2,308,265,2,15,14,73,1,1,1,3,5,,,,688,0,19,707,1313
,22,QUERETARO,8,SAN JUAN DEL RIO,1,AMEALCO DE BONFIL,9,4,492,277,0,27,9,44,2,1,1,4,6,,,,863,0,43,906,1957
,22,QUERETARO,8,SAN JUAN DEL RIO,1,AMEALCO DE BONFIL,10,2,232,287,2,7,13,64,2,1,7,2,3,,,,620,0,21,641,1184
,22,QUERETARO,8,SAN JUAN DEL RIO,1,AMEALCO DE BONFIL,11,3,324,311,8,9,25,177,8,6,7,4,33,,,,912,1,35,948,1575
,22,QUERETARO,8,SAN JUAN DEL RIO,1,AMEALCO DE BONFIL,12,2,123,206,8,1,11,179,1,3,2,5,5,,,,544,0,22,566,881
,22,QUERETARO,8,SAN JUAN DEL RIO,1,AMEALCO DE BONFIL,13,4,363,376,5,13,22,201,2,9,8,13,8,,,,1020,0,17,1037,1762
,22,QUERETARO,8,SAN JUAN DEL RIO,1,AMEALCO DE BONFIL,14,4,573,604,15,39,34,177,6,1,5,16,16,,,,1486,0,53,1539,2548
,22,QUERETARO,8,SAN JUAN DEL RIO,1,AMEALCO DE BONFIL,15,4,277,295,7,12,34,555,7,6,20,29,6,,,,1248,0,81,1329,2256
,22,QUERETARO,8,SAN JUAN DEL RIO,1,AMEALCO DE BONFIL,16,2,305,211,6,12,33,109,3,1,3,3,3,,,,689,0,20,709,1122
,22,QUERETARO,8,SAN JUAN DEL RIO,1,AMEALCO DE BONFIL,17,3,266,400,5,16,23,165,10,2,2,6,12,,,,907,0,28,935,1569
,22,QUERETARO,8,SAN JUAN DEL RIO,1,AMEALCO DE BONFIL,18,1,143,195,3,5,7,51,2,0,1,13,3,,,,423,0,23,446,730
,22,QUERETARO,8,SAN JUAN DEL RIO,1,AMEALCO DE BONFIL,20,2,229,144,3,10,12,102,6,0,6,6,3,,,,521,0,20,541,833
,22,QUERETARO,8,SAN JUAN DEL RIO,1,AMEALCO DE BONFIL,21,1,86,163,6,11,6,101,2,0,1,4,2,,,,382,0,18,400,651
,22,QUERETARO,8,SAN JUAN DEL RIO,1,AMEALCO DE BONFIL,22,4,280,223,8,22,28,565,16,5,11,10,21,,,,1189,0,45,1234,2100
,22,QUERETARO,8,SAN JUAN DEL RIO,1,AMEALCO DE BONFIL,23,3,478,453,6,28,17,250,5,6,3,20,7,,,,1273,1,31,1305,2078
,22,QUERETARO,8,SAN JUAN DEL RIO,1,AMEALCO DE BONFIL,24,4,533,467,0,13,15,401,6,3,4,24,7,,,,1473,0,71,1544,2300
,22,QUERETARO,8,SAN JUAN DEL RIO,1,AMEALCO DE BONFIL,25,3,346,310,7,39,19,188,7,0,7,11,11,,,,945,1,40,986,1500
,22,QUERETARO,8,SAN JUAN DEL RIO,1,AMEALCO DE BONFIL,26,3,391,343,1,8,5,142,6,3,5,5,8,,,,917,0,30,947,1475
,22,QUERETARO,8,SAN JUAN DEL RIO,1,AMEALCO DE BONFIL,27,2,346,168,5,4,6,171,3,1,6,8,16,,,,734,0,21,755,1138
,22,QUERETARO,8,SAN JUAN DEL RIO,1,AMEALCO DE BONFIL,28,2,214,214,5,7,6,69,4,2,8,28,3,,,,560,0,12,572,913
,22,QUERETARO,8,SAN JUAN DEL RIO,1,AMEALCO DE BONFIL,29,2,236,136,0,4,7,122,3,3,1,13,4,,,,529,0,35,564,939
,22,QUERETARO,8,SAN JUAN DEL RIO,1,AMEALCO DE BONFIL,30,3,406,287,3,6,9,126,1,1,7,7,17,,,,870,0,33,903,1289
,22,QUERETARO,8,SAN JUAN DEL RIO,1,AMEALCO DE BONFIL,31,2,191,130,4,4,6,93,2,4,2,7,2,,,,445,0,21,466,822
,22,QUERETARO,8,SAN JUAN DEL RIO,1,AMEALCO DE BONFIL,32,2,270,182,4,2,7,172,1,5,6,10,11,,,,670,0,38,708,1259
,22,QUERETARO,8,SAN JUAN DEL RIO,1,AMEALCO DE BONFIL,33,4,485,458,10,18,12,251,11,2,10,16,6,,,,1279,0,68,1347,2306
,22,QUERETARO,8,SAN JUAN DEL RIO,1,AMEALCO DE BONFIL,34,1,140,302,1,6,5,26,1,0,1,3,0,,,,485,0,14,499,676
,22,QUERETARO,15,JALPAN DE SERRA,2,ARROYO SECO,35,3,349,407,6,20,44,288,21,7,4,14,5,10,34,,1209,2,51,1262,1807
,22,QUERETARO,15,JALPAN DE SERRA,2,ARROYO SECO,36,2,186,134,1,2,6,125,1,2,5,0,0,5,10,,477,0,26,503,765
,22,QUERETARO,15,JALPAN DE SERRA,2,ARROYO SECO,37,1,49,43,0,3,1,77,0,1,0,0,0,0,1,,175,0,8,183,281
,22,QUERETARO,15,JALPAN DE SERRA,2,ARROYO SECO,38,1,57,36,1,1,1,23,0,1,0,1,1,1,3,,126,0,8,134,195
,22,QUERETARO,15,JALPAN DE SERRA,2,ARROYO SECO,39,3,470,281,11,38,24,422,8,12,7,14,11,4,16,,1318,1,56,1375,2204
,22,QUERETARO,15,JALPAN DE SERRA,2,ARROYO SECO,40,1,64,51,5,1,2,50,7,1,2,0,2,0,0,,185,0,6,191,261
,22,QUERETARO,15,JALPAN DE SERRA,2,ARROYO SECO,41,3,236,165,10,3,3,182,1,2,7,5,6,1,0,,621,0,18,639,997
,22,QUERETARO,15,JALPAN DE SERRA,2,ARROYO SECO,42,2,173,135,3,53,6,219,2,3,1,3,7,3,13,,621,0,22,643,1012
,22,QUERETARO,15,JALPAN DE SERRA,2,ARROYO SECO,43,2,303,139,2,3,5,112,2,2,1,6,4,5,13,,597,0,6,603,941
,22,QUERETARO,15,JALPAN DE SERRA,2,ARROYO SECO,44,1,127,90,0,1,0,43,0,0,2,1,0,0,4,,268,0,5,273,354
,22,QUERETARO,15,JALPAN DE SERRA,2,ARROYO SECO,45,4,648,303,6,14,18,640,9,6,4,5,4,3,9,,1669,0,59,1728,2605
,22,QUERETARO,14,CADEREYTA DE MONTES,3,CADEREYTA DE MONTES,46,5,519,403,8,20,171,460,,14,0,27,102,,,,1724,2,56,1782,3277
,22,QUERETARO,14,CADEREYTA DE MONTES,3,CADEREYTA DE MONTES,47,3,389,267,12,14,86,329,,8,0,17,92,,,,1214,0,37,1251,2234
,22,QUERETARO,14,CADEREYTA DE MONTES,3,CADEREYTA DE MONTES,48,5,543,675,7,17,101,391,,20,0,7,54,,,,1815,0,87,1902,2168
,22,QUERETARO,14,CADEREYTA DE MONTES,3,CADEREYTA DE MONTES,49,4,470,387,8,8,166,321,,8,0,12,54,,,,1434,2,39,1475,2476
,22,QUERETARO,14,CADEREYTA DE MONTES,3,CADEREYTA DE MONTES,51,2,159,86,5,3,54,108,,3,0,5,31,,,,454,0,17,471,824
,22,QUERETARO,14,CADEREYTA DE MONTES,3,CADEREYTA DE MONTES,52,3,106,45,8,2,23,205,,1,0,7,42,,,,439,0,21,460,1370
,22,QUERETARO,14,CADEREYTA DE MONTES,3,CADEREYTA DE MONTES,53,2,146,57,1,1,42,50,,0,0,0,10,,,,307,0,19,326,1031
,22,QUERETARO,14,CADEREYTA DE MONTES,3,CADEREYTA DE MONTES,54,2,176,145,4,4,47,54,,7,0,3,12,,,,452,0,27,479,898
,22,QUERETARO,14,CADEREYTA DE MONTES,3,CADEREYTA DE MONTES,55,2,318,195,2,5,40,174,,2,0,2,19,,,,757,0,11,768,1220
,22,QUERETARO,14,CADEREYTA DE MONTES,3,CADEREYTA DE MONTES,56,2,254,70,2,4,50,117,,1,0,6,7,,,,511,0,34,545,1095
,22,QUERETARO,14,CADEREYTA DE MONTES,3,CADEREYTA DE MONTES,57,1,235,27,3,2,18,86,,1,0,4,8,,,,384,0,20,404,750
,22,QUERETARO,14,CADEREYTA DE MONTES,3,CADEREYTA DE MONTES,58,2,240,115,5,9,56,120,,2,0,2,30,,,,579,0,36,615,1220
,22,QUERETARO,14,CADEREYTA DE MONTES,3,CADEREYTA DE MONTES,59,2,169,53,4,2,57,66,,13,0,4,23,,,,391,0,23,414,930
,22,QUERETARO,14,CADEREYTA DE MONTES,3,CADEREYTA DE MONTES,60,4,153,67,9,4,42,419,,4,0,12,37,,,,747,2,44,793,1726
,22,QUERETARO,14,CADEREYTA DE MONTES,3,CADEREYTA DE MONTES,61,3,433,305,7,14,102,232,,43,0,7,26,,,,1169,0,40,1209,2232
,22,QUERETARO,14,CADEREYTA DE MONTES,3,CADEREYTA DE MONTES,62,1,118,28,3,2,55,59,,2,0,1,8,,,,276,0,16,292,656
,22,QUERETARO,14,CADEREYTA DE MONTES,3,CADEREYTA DE MONTES,63,2,179,109,3,4,14,117,,3,0,4,23,,,,456,0,28,484,1241
,22,QUERETARO,14,CADEREYTA DE MONTES,3,CADEREYTA DE MONTES,64,2,182,104,0,3,31,108,,16,0,9,29,,,,482,0,18,500,1004
,22,QUERETARO,14,CADEREYTA DE MONTES,3,CADEREYTA DE MONTES,65,4,445,277,7,7,76,263,,4,0,13,57,,,,1149,0,42,1191,2169
,22,QUERETARO,14,CADEREYTA DE MONTES,3,CADEREYTA DE MONTES,66,6,636,477,17,16,200,297,,8,0,33,79,,,,1763,2,87,1852,3666
,22,QUERETARO,14,CADEREYTA DE MONTES,3,CADEREYTA DE MONTES,67,2,181,65,3,5,36,100,,1,0,4,27,,,,422,0,22,444,993
,22,QUERETARO,14,CADEREYTA DE MONTES,3,CADEREYTA DE MONTES,68,2,276,135,4,1,7,18,,2,0,1,19,,,,463,0,21,484,928
,22,QUERETARO,14,CADEREYTA DE MONTES,3,CADEREYTA DE MONTES,69,3,453,316,21,14,83,366,,8,0,9,49,,,,1319,0,25,1344,2238
,22,QUERETARO,14,CADEREYTA DE MONTES,3,CADEREYTA DE MONTES,70,5,289,211,27,8,133,297,,9,0,10,197,,,,1181,0,68,1249,3021
,22,QUERETARO,14,CADEREYTA DE MONTES,3,CADEREYTA DE MONTES,71,4,401,379,14,16,53,232,,4,0,11,37,,,,1147,0,37,1184,2250
,22,QUERETARO,14,CADEREYTA DE MONTES,3,CADEREYTA DE MONTES,72,3,385,204,7,12,106,242,,9,0,12,104,,,,1081,0,38,1119,2201
,22,QUERETARO,14,CADEREYTA DE MONTES,3,CADEREYTA DE MONTES,73,4,561,291,2,10,39,276,,4,0,6,42,,,,1231,0,34,1265,2389
,22,QUERETARO,14,CADEREYTA DE MONTES,3,CADEREYTA DE MONTES,74,2,241,197,2,3,14,102,,0,0,3,15,,,,577,0,17,594,1019
,22,QUERETARO,14,CADEREYTA DE MONTES,3,CADEREYTA DE MONTES,75,3,415,296,13,8,33,219,,6,0,10,39,,,,1039,0,53,1092,2147
,22,QUERETARO,11,TEQUISQUIAPAN,4,COLON,76,3,172,521,3,1,128,121,,26,7,18,36,7,,,1040,1,40,1081,1685
,22,QUERETARO,11,TEQUISQUIAPAN,4,COLON,77,3,214,504,6,6,99,268,,30,16,15,48,8,,,1214,1,30,1245,1896
,22,QUERETARO,11,TEQUISQUIAPAN,4,COLON,78,2,153,386,6,6,125,145,,19,9,9,35,3,,,896,0,32,928,1409
,22,QUERETARO,11,TEQUISQUIAPAN,4,COLON,79,6,440,896,9,16,245,387,,53,50,53,66,8,,,2223,2,77,2302,3868
,22,QUERETARO,11,TEQUISQUIAPAN,4,COLON,80,1,58,157,3,1,9,23,,3,2,1,3,0,,,260,1,18,279,493
,22,QUERETARO,11,TEQUISQUIAPAN,4,COLON,81,2,240,488,4,5,14,41,,22,11,1,1,15,,,842,0,42,884,1496
,22,QUERETARO,11,TEQUISQUIAPAN,4,COLON,82,2,213,378,4,2,27,142,,19,7,4,9,0,,,805,0,34,839,1229
,22,QUERETARO,11,TEQUISQUIAPAN,4,COLON,83,6,778,917,8,14,47,204,,45,45,35,31,19,,,2143,0,66,2209,3436
,22,QUERETARO,11,TEQUISQUIAPAN,4,COLON,84,3,191,380,3,5,21,116,,22,16,8,51,3,,,816,0,51,867,1554
,22,QUERETARO,11,TEQUISQUIAPAN,4,COLON,85,2,142,144,7,9,20,220,,54,20,8,11,4,,,639,0,21,660,1122
,22,QUERETARO,11,TEQUISQUIAPAN,4,COLON,86,3,203,358,0,4,24,127,,16,20,6,17,7,,,782,1,29,812,1534
,22,QUERETARO,11,TEQUISQUIAPAN,4,COLON,87,3,236,414,18,8,47,245,,27,38,24,51,5,,,1113,2,37,1152,2139
,22,QUERETARO,11,TEQUISQUIAPAN,4,COLON,88,4,309,526,19,15,50,257,,71,62,28,95,5,,,1437,0,55,1492,2680
,22,QUERETARO,11,TEQUISQUIAPAN,4,COLON,90,3,235,288,10,9,31,327,,69,12,10,17,2,,,1010,0,42,1052,1687
,22,QUERETARO,11,TEQUISQUIAPAN,4,COLON,91,3,265,362,9,10,39,224,,72,13,5,21,6,,,1026,1,45,1072,1714
,22,QUERETARO,11,TEQUISQUIAPAN,4,COLON,92,6,616,716,23,19,93,578,,120,67,33,110,23,,,2398,1,92,2491,4312
,22,QUERETARO,11,TEQUISQUIAPAN,4,COLON,94,5,519,368,20,17,52,246,,78,33,37,45,19,,,1434,0,79,1513,3104
,22,QUERETARO,11,TEQUISQUIAPAN,4,COLON,95,4,356,391,14,12,32,292,,42,24,15,66,4,,,1248,0,46,1294,2371
,22,QUERETARO,11,TEQUISQUIAPAN,4,COLON,96,5,417,435,7,19,40,494,,67,24,9,53,16,,,1581,0,47,1628,3079
,22,QUERETARO,6,SANTIAGO DE QUERETARO,5,CORREGIDORA,97,9,2229,346,41,65,102,431,28,28,25,85,43,,,1,3424,0,45,3469,6365
,22,QUERETARO,6,SANTIAGO DE QUERETARO,5,CORREGIDORA,98,6,1324,244,39,38,91,330,26,20,24,56,42,,,1,2235,1,55,2291,4205
,22,QUERETARO,6,SANTIAGO DE QUERETARO,5,CORREGIDORA,99,21,4738,814,60,181,193,1095,76,65,58,64,95,,,2,7441,1,115,7557,15438
,22,QUERETARO,7,EL PUEBLITO,5,CORREGIDORA,100,3,689,191,42,16,62,194,13,13,9,15,9,,,1,1254,2,27,1283,2117
,22,QUERETARO,6,SANTIAGO DE QUERETARO,5,CORREGIDORA,101,6,1295,276,33,49,78,335,24,28,20,29,42,,,3,2212,1,41,2254,4076
,22,QUERETARO,6,SANTIAGO DE QUERETARO,5,CORREGIDORA,102,3,371,188,16,21,48,167,29,9,19,26,23,,,0,917,1,30,948,1774
,22,QUERETARO,6,SANTIAGO DE QUERETARO,5,CORREGIDORA,103,7,1160,313,19,52,155,493,54,28,34,29,59,,,1,2397,4,49,2450,5217
,22,QUERETARO,7,EL PUEBLITO,5,CORREGIDORA,104,3,238,146,49,15,70,228,24,23,21,19,15,,,0,848,0,28,876,1858
,22,QUERETARO,6,SANTIAGO DE QUERETARO,5,CORREGIDORA,105,14,1005,497,63,89,254,813,160,50,53,59,91,,,4,3138,13,136,3287,10074
,22,QUERETARO,7,EL PUEBLITO,5,CORREGIDORA,106,3,259,141,25,9,97,248,32,42,13,14,18,,,0,898,0,34,932,2188
,22,QUERETARO,7,EL PUEBLITO,5,CORREGIDORA,107,3,276,113,32,8,84,242,21,23,11,11,20,,,0,841,1,30,872,2010
,22,QUERETARO,7,EL PUEBLITO,5,CORREGIDORA,108,4,325,127,36,17,99,260,17,30,13,22,19,,,0,965,1,48,1014,2382
,22,QUERETARO,7,EL PUEBLITO,5,CORREGIDORA,109,3,313,82,20,7,104,243,19,35,22,12,16,,,1,874,1,36,911,2138
,22,QUERETARO,6,SANTIAGO DE QUERETARO,5,CORREGIDORA,110,5,754,221,26,46,70,338,21,24,14,11,24,,,0,1549,3,40,1592,3044
,22,QUERETARO,6,SANTIAGO DE QUERETARO,5,CORREGIDORA,111,4,492,176,11,29,70,301,26,18,16,13,21,,,0,1173,0,44,1217,2665
,22,QUERETARO,7,EL PUEBLITO,5,CORREGIDORA,113,17,5140,628,96,68,236,980,65,72,54,77,60,,,1,7477,5,130,7612,9690
,22,QUERETARO,6,SANTIAGO DE QUERETARO,5,CORREGIDORA,114,11,1532,393,43,86,117,819,67,50,137,26,53,,,3,3326,3,82,3411,7563
,22,QUERETARO,7,EL PUEBLITO,5,CORREGIDORA,115,13,2901,613,57,42,234,767,68,64,26,51,54,,,0,4877,9,99,4985,9488
,22,QUERETARO,6,SANTIAGO DE QUERETARO,5,CORREGIDORA,116,8,474,336,27,41,116,477,72,19,48,28,40,,,3,1681,1,59,1741,4383
,22,QUERETARO,7,EL PUEBLITO,5,CORREGIDORA,117,7,2637,240,52,29,111,305,29,26,17,21,40,,,1,3508,2,50,3560,5190
,22,QUERETARO,7,EL PUEBLITO,5,CORREGIDORA,118,4,468,211,28,10,75,127,10,7,13,6,13,,,0,968,1,43,1012,2836
,22,QUERETARO,7,EL PUEBLITO,5,CORREGIDORA,119,3,294,189,20,9,57,106,8,23,5,12,12,,,0,735,0,37,772,1577
,22,QUERETARO,7,EL PUEBLITO,5,CORREGIDORA,120,6,691,175,22,16,91,321,27,10,23,25,21,,,0,1422,1,44,1467,3125
,22,QUERETARO,7,EL PUEBLITO,5,CORREGIDORA,121,5,680,163,23,39,128,219,29,8,25,24,18,,,1,1357,0,60,1417,3515
,22,QUERETARO,14,CADEREYTA DE MONTES,6,EZEQUIEL MONTES,122,3,607,160,18,11,58,236,,17,0,10,17,,,,1134,1,43,1178,2083
,22,QUERETARO,14,CADEREYTA DE MONTES,6,EZEQUIEL MONTES,123,3,420,157,14,19,31,308,,22,0,2,18,,,,991,0,41,1032,1659
,22,QUERETARO,14,CADEREYTA DE MONTES,6,EZEQUIEL MONTES,124,3,446,200,18,22,73,400,,20,0,14,38,,,,1231,3,33,1267,2209
,22,QUERETARO,14,CADEREYTA DE MONTES,6,EZEQUIEL MONTES,125,2,362,144,9,11,37,221,,12,0,6,19,,,,821,0,25,846,1280
,22,QUERETARO,14,CADEREYTA DE MONTES,6,EZEQUIEL MONTES,126,2,322,97,2,18,44,129,,14,0,15,16,,,,657,4,23,684,1225
,22,QUERETARO,14,CADEREYTA DE MONTES,6,EZEQUIEL MONTES,127,5,960,327,19,22,89,475,,27,0,14,27,,,,1960,0,56,2016,3419
,22,QUERETARO,14,CADEREYTA DE MONTES,6,EZEQUIEL MONTES,128,6,1114,406,18,39,95,540,,47,0,28,51,,,,2338,1,88,2427,4143
,22,QUERETARO,14,CADEREYTA DE MONTES,6,EZEQUIEL MONTES,129,2,513,134,9,7,30,91,,7,0,15,8,,,,814,0,26,840,1275
,22,QUERETARO,14,CADEREYTA DE MONTES,6,EZEQUIEL MONTES,130,5,1022,247,20,19,55,164,,26,0,29,24,,,,1606,0,65,1671,2079
,22,QUERETARO,14,CADEREYTA DE MONTES,6,EZEQUIEL MONTES,131,3,814,170,8,5,35,67,,9,0,7,7,,,,1122,0,38,1160,1900
,22,QUERETARO,14,CADEREYTA DE MONTES,6,EZEQUIEL MONTES,132,3,529,79,7,24,67,161,,17,0,7,21,,,,912,0,27,939,1456
,22,QUERETARO,14,CADEREYTA DE MONTES,6,EZEQUIEL MONTES,133,4,629,203,36,38,182,254,,49,0,31,50,,,,1472,1,99,1572,2567
,22,QUERETARO,14,CADEREYTA DE MONTES,6,EZEQUIEL MONTES,134,3,415,141,17,25,153,230,,34,0,18,29,,,,1062,0,64,1126,1538
,22,QUERETARO,14,CADEREYTA DE MONTES,6,EZEQUIEL MONTES,135,3,452,189,20,23,131,173,,21,0,24,36,,,,1069,1,57,1127,1589
,22,QUERETARO,14,CADEREYTA DE MONTES,6,EZEQUIEL MONTES,136,3,408,159,47,27,152,251,,42,0,24,45,,,,1155,0,55,1210,1697
,22,QUERETARO,14,CADEREYTA DE MONTES,6,EZEQUIEL MONTES,137,3,537,178,13,15,91,124,,32,0,15,17,,,,1022,0,30,1052,1505
,22,QUERETARO,14,CADEREYTA DE MONTES,6,EZEQUIEL MONTES,138,2,258,60,4,10,14,48,,6,0,5,5,,,,410,0,19,429,611
,22,QUERETARO,7,EL PUEBLITO,7,HUIMILPAN,139,6,380,357,21,29,181,195,9,19,47,79,20,,,0,1337,1,91,1429,2533
,22,QUERETARO,7,EL PUEBLITO,7,HUIMILPAN,140,3,249,231,4,16,82,68,3,3,14,36,9,,,0,715,0,60,775,1577
,22,QUERETARO,7,EL PUEBLITO,7,HUIMILPAN,141,5,485,156,28,9,297,175,11,14,39,68,181,,,52,1515,0,50,1565,2558
,22,QUERETARO,7,EL PUEBLITO,7,HUIMILPAN,142,2,229,114,20,4,132,52,6,6,12,69,43,,,0,687,0,33,720,1324
,22,QUERETARO,7,EL PUEBLITO,7,HUIMILPAN,143,3,325,151,24,8,234,61,6,3,9,40,13,,,0,874,0,30,904,2073
,22,QUERETARO,7,EL PUEBLITO,7,HUIMILPAN,144,6,1139,277,82,18,312,184,18,17,16,58,31,,,35,2187,2,64,2253,3908
,22,QUERETARO,7,EL PUEBLITO,7,HUIMILPAN,145,4,334,195,45,24,232,92,5,13,16,28,57,,,2,1043,1,73,1117,2407
,22,QUERETARO,7,EL PUEBLITO,7,HUIMILPAN,146,2,223,82,13,7,94,43,7,4,11,37,13,,,0,534,0,40,574,1148
,22,QUERETARO,7,EL PUEBLITO,7,HUIMILPAN,147,5,595,326,32,20,373,98,8,11,14,95,20,,,1,1593,12,75,1680,3249
,22,QUERETARO,7,EL PUEBLITO,7,HUIMILPAN,148,3,146,206,27,3,130,45,8,2,23,24,7,,,0,621,1,29,651,1553
,22,QUERETARO,7,EL PUEBLITO,7,HUIMILPAN,149,3,239,102,14,8,162,55,1,1,4,46,15,,,0,647,0,35,682,1582
,22,QUERETARO,7,EL PUEBLITO,7,HUIMILPAN,150,4,251,210,18,10,127,39,2,2,23,33,14,,,0,729,0,54,783,2161
,22,QUERETARO,7,EL PUEBLITO,7,HUIMILPAN,151,3,175,155,13,7,101,38,3,7,30,31,6,,,1,567,0,58,625,1388
,22,QUERETARO,7,EL PUEBLITO,7,HUIMILPAN,152,4,309,275,12,9,291,114,11,10,41,33,8,,,1,1114,0,70,1184,2647
,22,QUERETARO,15,JALPAN DE SERRA,8,JALPAN DE SERRA,153,6,789,397,7,19,51,679,88,29,2,14,24,13,26,,2138,1,86,2225,3821
,22,QUERETARO,15,JALPAN DE SERRA,8,JALPAN DE SERRA,154,6,788,294,10,15,37,470,44,36,10,16,25,12,7,,1764,0,76,1840,2469
,22,QUERETARO,15,JALPAN DE SERRA,8,JALPAN DE SERRA,155,5,705,235,5,14,34,517,55,32,8,10,21,15,13,,1664,2,78,1744,3020
,22,QUERETARO,15,JALPAN DE SERRA,8,JALPAN DE SERRA,156,3,588,252,9,9,25,336,30,27,2,15,9,5,5,,1312,2,49,1363,2199
,22,QUERETARO,15,JALPAN DE SERRA,8,JALPAN DE SERRA,157,3,273,170,6,16,13,119,7,11,8,15,6,7,12,,663,0,75,738,1244
,22,QUERETARO,15,JALPAN DE SERRA,8,JALPAN DE SERRA,158,4,165,172,5,6,23,163,2,4,6,10,8,0,13,,577,0,45,622,1176
,22,QUERETARO,15,JALPAN DE SERRA,8,JALPAN DE SERRA,159,1,46,67,1,1,8,58,2,5,2,3,3,1,3,,200,0,17,217,447
,22,QUERETARO,15,JALPAN DE SERRA,8,JALPAN DE SERRA,160,2,137,137,5,9,13,72,6,5,2,5,3,2,2,,398,0,17,415,671
,22,QUERETARO,15,JALPAN DE SERRA,8,JALPAN DE SERRA,161,3,321,166,3,4,18,297,13,25,7,8,6,15,11,,894,0,56,950,1689
,22,QUERETARO,15,JALPAN DE SERRA,8,JALPAN DE SERRA,162,2,96,56,2,1,7,37,57,3,2,0,1,1,9,,272,0,16,288,518
,22,QUERETARO,15,JALPAN DE SERRA,8,JALPAN DE SERRA,163,2,129,74,1,6,7,53,25,10,2,4,7,1,1,,320,0,35,355,730
,22,QUERETARO,15,JALPAN DE SERRA,8,JALPAN DE SERRA,164,2,188,79,6,3,12,103,8,9,5,7,9,6,5,,440,1,54,495,1004
,22,QUERETARO,15,JALPAN DE SERRA,8,JALPAN DE SERRA,165,2,138,36,6,4,7,131,7,11,2,5,5,0,0,,352,1,41,394,651
,22,QUERETARO,15,JALPAN DE SERRA,8,JALPAN DE SERRA,166,1,102,31,3,2,6,124,58,6,3,6,2,5,1,,349,0,25,374,670
,22,QUERETARO,15,JALPAN DE SERRA,8,JALPAN DE SERRA,167,3,304,199,4,6,19,182,10,20,5,15,13,9,13,,799,0,69,868,1586
,22,QUERETARO,15,JALPAN DE SERRA,9,LANDA DE MATAMOROS,168,4,691,436,4,3,19,289,44,8,4,3,12,2,5,,1520,0,53,1573,2479
,22,QUERETARO,15,JALPAN DE SERRA,9,LANDA DE MATAMOROS,169,2,198,144,2,1,3,127,2,4,3,5,2,2,0,,493,0,26,519,1023
,22,QUERETARO,15,JALPAN DE SERRA,9,LANDA DE MATAMOROS,170,2,222,201,6,4,6,126,5,16,5,1,0,3,0,,595,1,39,635,1056
,22,QUERETARO,15,JALPAN DE SERRA,9,LANDA DE MATAMOROS,171,3,385,215,5,4,17,256,10,9,6,3,15,2,0,,927,0,52,979,1572
,22,QUERETARO,15,JALPAN DE SERRA,9,LANDA DE MATAMOROS,172,2,288,134,1,5,5,100,10,1,4,3,3,2,1,,557,0,28,585,1057
,22,QUERETARO,15,JALPAN DE SERRA,9,LANDA DE MATAMOROS,173,2,227,188,0,1,4,89,2,23,5,4,2,0,0,,545,0,16,561,807
,22,QUERETARO,15,JALPAN DE SERRA,9,LANDA DE MATAMOROS,174,3,349,335,3,6,20,186,39,16,2,6,13,4,4,,983,0,53,1036,1735
,22,QUERETARO,15,JALPAN DE SERRA,9,LANDA DE MATAMOROS,175,2,323,221,3,4,10,82,7,8,6,0,2,0,0,,666,0,24,690,1133
,22,QUERETARO,15,JALPAN DE SERRA,9,LANDA DE MATAMOROS,176,4,564,496,1,4,11,104,9,5,0,5,7,0,1,,1207,0,52,1259,1763
,22,QUERETARO,15,JALPAN DE SERRA,9,LANDA DE MATAMOROS,177,2,133,237,7,1,2,45,2,1,3,2,8,1,1,,443,0,21,464,696
,22,QUERETARO,15,JALPAN DE SERRA,9,LANDA DE MATAMOROS,178,1,98,81,3,1,4,69,0,4,3,2,0,0,0,,265,0,16,281,485
,22,QUERETARO,15,JALPAN DE SERRA,9,LANDA DE MATAMOROS,179,1,144,137,3,0,0,27,1,2,1,2,2,0,0,,319,0,14,333,500
,22,QUERETARO,15,JALPAN DE SERRA,9,LANDA DE MATAMOROS,180,3,440,260,3,4,14,259,9,6,6,9,7,0,2,,1019,0,41,1060,1612
,22,QUERETARO,15,JALPAN DE SERRA,9,LANDA DE MATAMOROS,181,1,168,70,1,5,4,49,3,1,0,1,3,0,0,,305,0,11,316,520
,22,QUERETARO,12,LA CAÑADA,10,EL MARQUES,182,5,688,234,25,27,33,552,146,11,44,93,56,,,,1909,2,50,1961,3048
,22,QUERETARO,12,LA CAÑADA,10,EL MARQUES,183,4,697,128,23,10,29,412,169,13,70,79,64,,,,1694,1,55,1750,2679
,22,QUERETARO,12,LA CAÑADA,10,EL MARQUES,184,5,1003,192,12,16,36,499,80,11,21,37,50,,,,1957,1,63,2021,3184
,22,QUERETARO,12,LA CAÑADA,10,EL MARQUES,185,3,590,139,9,19,18,343,114,14,29,39,52,,,,1366,5,44,1415,2150
,22,QUERETARO,12,LA CAÑADA,10,EL MARQUES,186,2,318,72,2,0,9,82,2,0,9,4,3,,,,501,0,11,512,883
,22,QUERETARO,12,LA CAÑADA,10,EL MARQUES,187,2,422,134,5,6,11,113,6,2,9,6,4,,,,718,0,20,738,1071
,22,QUERETARO,12,LA CAÑADA,10,EL MARQUES,188,6,1185,228,27,11,36,394,17,5,15,14,21,,,,1953,0,77,2030,3423
,22,QUERETARO,12,LA CAÑADA,10,EL MARQUES,189,4,834,450,17,11,19,407,17,4,21,8,18,,,,1806,0,66,1872,2925
,22,QUERETARO,12,LA CAÑADA,10,EL MARQUES,190,6,958,466,20,16,37,416,21,4,26,28,20,,,,2012,14,95,2121,3205
,22,QUERETARO,12,LA CAÑADA,10,EL MARQUES,191,5,1135,206,13,17,23,563,23,10,44,20,19,,,,2073,1,76,2150,3557
,22,QUERETARO,12,LA CAÑADA,10,EL MARQUES,192,5,1042,268,18,17,22,306,84,14,15,8,6,,,,1800,0,53,1853,3153
,22,QUERETARO,12,LA CAÑADA,10,EL MARQUES,193,3,455,182,19,11,12,263,17,2,19,11,7,,,,998,0,29,1027,1763
,22,QUERETARO,12,LA CAÑADA,10,EL MARQUES,194,3,387,208,10,5,25,253,11,4,7,15,9,,,,934,0,46,980,1627
,22,QUERETARO,12,LA CAÑADA,10,EL MARQUES,195,26,5777,909,113,114,143,2330,83,66,58,68,56,,,,9717,8,174,9899,18886
,22,QUERETARO,12,LA CAÑADA,10,EL MARQUES,196,6,928,780,39,15,27,461,20,12,81,19,20,,,,2402,0,104,2506,3792
,22,QUERETARO,12,LA CAÑADA,10,EL MARQUES,197,3,553,274,28,14,15,263,11,5,18,9,31,,,,1221,0,29,1250,1978
,22,QUERETARO,12,LA CAÑADA,10,EL MARQUES,198,5,907,289,39,8,31,547,11,9,24,13,50,,,,1928,0,56,1984,3073
,22,QUERETARO,12,LA CAÑADA,10,EL MARQUES,199,4,841,253,12,14,24,307,37,15,7,17,94,,,,1621,1,56,1678,2766
,22,QUERETARO,12,LA CAÑADA,10,EL MARQUES,200,6,855,342,26,19,45,480,45,19,17,16,102,,,,1966,2,69,2037,3823
,22,QUERETARO,12,LA CAÑADA,10,EL MARQUES,202,17,1190,487,52,57,158,1547,87,29,41,73,74,,,,3795,2,109,3906,12700
,22,QUERETARO,12,LA CAÑADA,10,EL MARQUES,203,13,1792,487,61,62,99,1255,88,35,45,59,82,,,,4065,4,83,4152,9018
,22,QUERETARO,12,LA CAÑADA,10,EL MARQUES,204,14,1367,479,56,53,88,1069,42,30,32,38,49,,,,3303,10,314,3627,9077
,22,QUERETARO,12,LA CAÑADA,10,EL MARQUES,205,18,2657,427,60,86,161,1601,79,31,40,37,86,,,,5265,2,138,5405,13292
,22,QUERETARO,12,LA CAÑADA,10,EL MARQUES,206,5,666,219,17,17,46,508,24,22,18,17,12,,,,1566,0,36,1602,1968
,22,QUERETARO,12,LA CAÑADA,10,EL MARQUES,207,4,553,266,14,12,37,522,25,30,22,13,18,,,,1512,0,34,1546,2824
,22,QUERETARO,12,LA CAÑADA,10,EL MARQUES,208,5,552,499,12,11,37,466,24,10,27,16,24,,,,1678,0,47,1725,2880
,22,QUERETARO,12,LA CAÑADA,10,EL MARQUES,209,3,483,316,12,8,23,316,9,4,2,10,14,,,,1197,0,34,1231,1990
,22,QUERETARO,10,PEDRO ESCOBEDO,11,PEDRO ESCOBEDO,210,3,472,162,15,30,9,211,9,15,15,25,38,,,,1001,1,53,1055,2023
,22,QUERETARO,10,PEDRO ESCOBEDO,11,PEDRO ESCOBEDO,211,2,325,217,11,11,15,150,6,6,13,24,28,,,,806,0,25,831,1419
,22,QUERETARO,10,PEDRO ESCOBEDO,11,PEDRO ESCOBEDO,212,7,885,326,34,46,40,468,16,27,25,79,67,,,,2013,0,56,2069,3570
,22,QUERETARO,10,PEDRO ESCOBEDO,11,PEDRO ESCOBEDO,213,3,437,259,10,12,11,218,8,8,15,31,22,,,,1031,0,45,1076,1827
,22,QUERETARO,10,PEDRO ESCOBEDO,11,PEDRO ESCOBEDO,214,5,570,229,23,39,25,432,10,7,20,55,65,,,,1475,1,49,1525,3089
,22,QUERETARO,10,PEDRO ESCOBEDO,11,PEDRO ESCOBEDO,215,3,583,203,15,25,11,142,6,8,21,22,50,,,,1086,0,25,1111,1981
,22,QUERETARO,10,PEDRO ESCOBEDO,11,PEDRO ESCOBEDO,216,4,454,260,20,25,35,446,7,9,23,46,127,,,,1452,2,53,1507,2626
,22,QUERETARO,10,PEDRO ESCOBEDO,11,PEDRO ESCOBEDO,217,3,395,157,15,25,22,313,10,11,31,44,61,,,,1084,0,27,1111,2208
,22,QUERETARO,10,PEDRO ESCOBEDO,11,PEDRO ESCOBEDO,218,3,392,121,16,14,18,166,9,5,12,19,18,,,,790,1,23,814,1538
,22,QUERETARO,10,PEDRO ESCOBEDO,11,PEDRO ESCOBEDO,219,3,460,335,10,23,11,220,18,5,13,22,101,,,,1218,0,23,1241,1780
,22,QUERETARO,10,PEDRO ESCOBEDO,11,PEDRO ESCOBEDO,220,3,313,96,13,15,24,343,16,11,23,37,28,,,,919,0,37,956,1919
,22,QUERETARO,10,PEDRO ESCOBEDO,11,PEDRO ESCOBEDO,221,4,407,96,15,16,26,333,6,5,15,48,32,,,,999,6,31,1036,2279
,22,QUERETARO,10,PEDRO ESCOBEDO,11,PEDRO ESCOBEDO,222,5,627,276,22,30,76,370,10,9,39,30,73,,,,1562,1,40,1603,3057
,22,QUERETARO,10,PEDRO ESCOBEDO,11,PEDRO ESCOBEDO,223,3,573,130,26,17,26,271,8,13,35,59,44,,,,1202,1,42,1245,2168
,22,QUERETARO,10,PEDRO ESCOBEDO,11,PEDRO ESCOBEDO,224,4,752,68,18,14,15,346,6,3,6,258,27,,,,1513,0,33,1546,2263
,22,QUERETARO,10,PEDRO ESCOBEDO,11,PEDRO ESCOBEDO,225,3,592,76,16,12,9,178,8,6,9,106,42,,,,1054,0,35,1089,1707
,22,QUERETARO,10,PEDRO ESCOBEDO,11,PEDRO ESCOBEDO,226,4,418,228,38,32,32,231,8,16,51,32,59,,,,1145,0,45,1190,2567
,22,QUERETARO,10,PEDRO ESCOBEDO,11,PEDRO ESCOBEDO,227,4,335,216,36,30,20,257,10,9,35,33,141,,,,1122,0,41,1163,2558
,22,QUERETARO,10,PEDRO ESCOBEDO,11,PEDRO ESCOBEDO,228,4,323,211,37,34,23,218,5,9,17,38,131,,,,1046,0,16,1062,2935
,22,QUERETARO,10,PEDRO ESCOBEDO,11,PEDRO ESCOBEDO,229,2,228,61,38,10,10,95,11,3,19,17,56,,,,548,1,32,581,1340
,22,QUERETARO,10,PEDRO ESCOBEDO,11,PEDRO ESCOBEDO,230,7,1166,369,36,37,37,311,19,26,31,90,77,,,,2199,1,81,2281,4206
,22,QUERETARO,10,PEDRO ESCOBEDO,11,PEDRO ESCOBEDO,231,5,440,257,32,31,54,303,8,18,32,44,120,,,,1339,1,70,1410,2847
,22,QUERETARO,10,PEDRO ESCOBEDO,11,PEDRO ESCOBEDO,232,1,96,66,6,9,6,57,3,3,9,2,30,,,,287,0,13,300,654
,22,QUERETARO,10,PEDRO ESCOBEDO,11,PEDRO ESCOBEDO,233,4,847,130,36,26,29,321,16,5,15,85,42,,,,1552,0,35,1587,2842
,22,QUERETARO,15,JALPAN DE SERRA,12,PEÑAMILLER,234,3,899,37,3,5,253,125,4,3,2,3,2,5,2,,1343,1,46,1390,1760
,22,QUERETARO,15,JALPAN DE SERRA,12,PEÑAMILLER,235,1,121,13,0,2,146,27,1,0,1,0,0,1,4,,316,0,14,330,404
,22,QUERETARO,15,JALPAN DE SERRA,12,PEÑAMILLER,236,2,105,7,0,2,56,13,0,0,0,0,0,0,0,,183,0,12,195,305
,22,QUERETARO,15,JALPAN DE SERRA,12,PEÑAMILLER,237,4,767,93,0,2,542,72,0,2,9,1,2,5,4,,1499,0,70,1569,2258
,22,QUERETARO,15,JALPAN DE SERRA,12,PEÑAMILLER,238,1,160,8,2,1,76,61,3,0,0,2,0,0,0,,313,0,18,331,524
,22,QUERETARO,15,JALPAN DE SERRA,12,PEÑAMILLER,239,1,137,11,0,3,115,7,0,3,4,1,0,0,3,,284,0,7,291,460
,22,QUERETARO,15,JALPAN DE SERRA,12,PEÑAMILLER,240,3,501,42,1,3,265,76,0,6,11,6,1,2,9,,923,0,19,942,1229
,22,QUERETARO,15,JALPAN DE SERRA,12,PEÑAMILLER,241,3,410,26,3,1,276,30,2,1,4,0,3,6,3,,765,0,25,790,1167
,22,QUERETARO,15,JALPAN DE SERRA,12,PEÑAMILLER,242,3,311,16,0,3,106,59,1,4,10,3,6,3,2,,524,0,26,550,969
,22,QUERETARO,15,JALPAN DE SERRA,12,PEÑAMILLER,243,1,288,14,0,5,118,73,0,4,0,0,1,1,0,,504,0,14,518,671
,22,QUERETARO,15,JALPAN DE SERRA,12,PEÑAMILLER,244,1,271,16,2,2,157,73,1,2,1,3,0,0,0,,528,0,19,547,714
,22,QUERETARO,15,JALPAN DE SERRA,12,PEÑAMILLER,245,4,744,132,6,12,816,251,4,10,14,6,3,3,12,,2013,0,57,2070,2689
,22,QUERETARO,15,JALPAN DE SERRA,12,PEÑAMILLER,246,1,42,5,1,0,25,12,0,0,0,0,0,0,0,,85,0,3,88,107
,22,QUERETARO,15,JALPAN DE SERRA,12,PEÑAMILLER,247,3,730,39,1,2,452,113,4,2,4,5,5,1,2,,1360,1,34,1395,1750
,22,QUERETARO,15,JALPAN DE SERRA,13,PINAL DE AMOLES,248,4,796,411,10,12,14,117,19,30,7,11,16,4,1,,1448,0,53,1501,1964
,22,QUERETARO,15,JALPAN DE SERRA,13,PINAL DE AMOLES,249,2,351,207,4,3,10,65,2,20,3,4,3,2,1,,675,0,29,704,942
,22,QUERETARO,15,JALPAN DE SERRA,13,PINAL DE AMOLES,250,3,425,158,157,4,8,52,6,3,4,9,16,5,5,,852,0,51,903,1547
,22,QUERETARO,15,JALPAN DE SERRA,13,PINAL DE AMOLES,251,3,566,392,6,0,6,22,1,12,2,7,19,7,5,,1045,0,29,1074,1571
,22,QUERETARO,15,JALPAN DE SERRA,13,PINAL DE AMOLES,252,1,256,108,20,0,2,15,3,3,0,0,16,1,2,,426,0,18,444,735
,22,QUERETARO,15,JALPAN DE SERRA,13,PINAL DE AMOLES,253,4,735,337,80,1,21,117,19,40,7,4,20,8,15,,1404,0,68,1472,2471
,22,QUERETARO,15,JALPAN DE SERRA,13,PINAL DE AMOLES,254,3,415,160,74,2,12,36,5,2,2,0,26,7,7,,748,0,26,774,1318
,22,QUERETARO,15,JALPAN DE SERRA,13,PINAL DE AMOLES,255,1,84,66,4,1,5,15,2,0,0,1,1,0,0,,179,0,13,192,351
,22,QUERETARO,15,JALPAN DE SERRA,13,PINAL DE AMOLES,256,3,236,214,3,1,13,40,6,12,4,0,21,2,4,,556,1,28,585,892
,22,QUERETARO,15,JALPAN DE SERRA,13,PINAL DE AMOLES,257,1,169,73,2,1,4,22,8,10,4,0,1,0,4,,298,0,16,314,434
,22,QUERETARO,15,JALPAN DE SERRA,13,PINAL DE AMOLES,258,2,453,184,8,2,5,37,4,16,2,5,3,3,6,,728,0,30,758,1172
,22,QUERETARO,15,JALPAN DE SERRA,13,PINAL DE AMOLES,259,2,308,164,5,3,7,30,8,9,4,3,4,1,0,,546,1,25,572,1013
,22,QUERETARO,15,JALPAN DE SERRA,13,PINAL DE AMOLES,260,3,351,140,33,6,12,84,7,26,5,2,6,1,3,,676,0,45,721,1332
,22,QUERETARO,15,JALPAN DE SERRA,13,PINAL DE AMOLES,261,3,318,197,63,4,11,53,10,31,8,2,1,10,1,,709,0,67,776,1499
,22,QUERETARO,15,JALPAN DE SERRA,13,PINAL DE AMOLES,262,2,411,322,3,19,12,35,17,22,3,4,6,1,4,,859,0,54,913,1452
,22,QUERETARO,15,JALPAN DE SERRA,13,PINAL DE AMOLES,263,2,172,73,4,0,4,5,13,8,2,2,3,0,0,,286,0,14,300,476
,22,QUERETARO,15,JALPAN DE SERRA,13,PINAL DE AMOLES,264,1,215,106,2,2,5,34,10,22,5,1,2,1,0,,405,0,26,431,640
,22,QUERETARO,15,JALPAN DE SERRA,13,PINAL DE AMOLES,265,2,90,48,0,0,6,3,2,5,0,0,0,36,46,,236,0,3,239,292
,22,QUERETARO,13,SANTA ROSA JAUREGUI,14,QUERETARO,266,6,630,190,12,20,27,317,,9,19,12,19,,,,1255,4,31,1290,3960
,22,QUERETARO,13,SANTA ROSA JAUREGUI,14,QUERETARO,267,4,994,141,16,24,22,234,,3,4,13,15,,,,1466,0,18,1484,2969
,22,QUERETARO,13,SANTA ROSA JAUREGUI,14,QUERETARO,268,4,1435,117,14,12,6,150,,13,1,4,2,,,,1754,2,19,1775,2505
,22,QUERETARO,3,SANTIAGO DE QUERETARO,14,QUERETARO,269,3,1476,50,10,27,7,116,7,8,2,2,12,3,,,1720,1,7,1728,2234
,22,QUERETARO,3,SANTIAGO DE QUERETARO,14,QUERETARO,270,16,1213,209,58,73,57,1356,27,33,11,34,124,20,,,3215,3,106,3324,11418
,22,QUERETARO,3,SANTIAGO DE QUERETARO,14,QUERETARO,272,5,417,63,14,27,31,526,15,12,5,13,83,8,,,1214,1,37,1252,3433
,22,QUERETARO,3,SANTIAGO DE QUERETARO,14,QUERETARO,274,3,280,66,16,25,16,362,10,14,9,13,53,5,,,869,2,35,906,1910
,22,QUERETARO,4,SANTIAGO DE QUERETARO,14,QUERETARO,275,3,314,105,6,17,27,333,6,11,20,12,8,,,,859,0,40,899,2020
,22,QUERETARO,1,SANTIAGO DE QUERETARO,14,QUERETARO,277,9,1380,269,38,74,52,1005,18,37,28,53,32,,,,2986,2,95,3083,6470
,22,QUERETARO,1,SANTIAGO DE QUERETARO,14,QUERETARO,278,25,3615,643,62,180,82,2138,45,55,75,76,71,,,,7042,4,157,7203,17331
,22,QUERETARO,3,SANTIAGO DE QUERETARO,14,QUERETARO,279,2,232,61,13,22,10,160,9,8,3,15,36,4,,,573,1,16,590,968
,22,QUERETARO,3,SANTIAGO DE QUERETARO,14,QUERETARO,280,2,323,72,16,19,4,215,4,7,4,5,72,3,,,744,0,16,760,1398
,22,QUERETARO,3,SANTIAGO DE QUERETARO,14,QUERETARO,281,3,530,89,17,41,23,284,8,16,8,11,91,4,,,1122,1,31,1154,2214
,22,QUERETARO,3,SANTIAGO DE QUERETARO,14,QUERETARO,282,10,1431,227,65,139,80,1106,22,38,23,35,122,16,,,3304,2,77,3383,7000
,22,QUERETARO,3,SANTIAGO DE QUERETARO,14,QUERETARO,283,2,283,47,11,22,8,203,8,7,3,3,43,3,,,641,1,14,656,1127
,22,QUERETARO,3,SANTIAGO DE QUERETARO,14,QUERETARO,284,2,296,55,20,24,11,164,4,4,3,5,25,4,,,615,0,21,636,1029
,22,QUERETARO,4,SANTIAGO DE QUERETARO,14,QUERETARO,285,3,203,125,6,11,25,256,4,4,9,10,4,,,,657,0,28,685,1701
,22,QUERETARO,4,SANTIAGO DE QUERETARO,14,QUERETARO,286,5,311,189,9,14,32,440,12,11,15,15,8,,,,1056,0,38,1094,3453
,22,QUERETARO,1,SANTIAGO DE QUERETARO,14,QUERETARO,287,3,254,66,8,13,21,315,11,5,10,24,8,,,,735,1,12,748,1510
,22,QUERETARO,1,SANTIAGO DE QUERETARO,14,QUERETARO,288,5,581,138,13,29,30,544,17,10,22,17,23,,,,1424,0,41,1465,3031
,22,QUERETARO,3,SANTIAGO DE QUERETARO,14,QUERETARO,289,2,196,38,8,12,7,168,4,14,2,4,33,2,,,488,1,17,506,948
,22,QUERETARO,3,SANTIAGO DE QUERETARO,14,QUERETARO,290,2,199,48,11,17,4,195,6,2,2,4,29,1,,,518,0,14,532,1008
,22,QUERETARO,3,SANTIAGO DE QUERETARO,14,QUERETARO,291,3,401,96,9,42,13,366,11,12,2,15,57,2,,,1026,0,28,1054,1885
,22,QUERETARO,3,SANTIAGO DE QUERETARO,14,QUERETARO,292,2,246,44,17,25,5,227,10,7,3,6,30,5,,,625,0,25,650,1202
,22,QUERETARO,3,SANTIAGO DE QUERETARO,14,QUERETARO,294,2,211,42,11,32,10,164,7,2,2,3,14,3,,,501,0,16,517,975
,22,QUERETARO,4,SANTIAGO DE QUERETARO,14,QUERETARO,295,5,376,174,16,24,63,454,9,13,34,16,14,,,,1193,0,51,1244,3518
,22,QUERETARO,1,SANTIAGO DE QUERETARO,14,QUERETARO,296,2,224,62,8,10,12,271,3,8,7,12,8,,,,625,2,12,639,1485
,22,QUERETARO,3,SANTIAGO DE QUERETARO,14,QUERETARO,297,2,337,57,22,27,15,253,12,7,1,3,25,3,,,762,1,16,779,1418
,22,QUERETARO,3,SANTIAGO DE QUERETARO,14,QUERETARO,298,2,278,37,15,17,16,209,7,9,4,2,27,2,,,623,0,31,654,1119
,22,QUERETARO,3,SANTIAGO DE QUERETARO,14,QUERETARO,299,2,271,32,17,16,9,217,5,11,4,1,30,3,,,616,0,22,638,1124
,22,QUERETARO,3,SANTIAGO DE QUERETARO,14,QUERETARO,300,6,686,100,28,57,10,556,10,31,11,7,76,6,,,1578,1,47,1626,3961
,22,QUERETARO,3,SANTIAGO DE QUERETARO,14,QUERETARO,301,2,317,46,9,28,11,214,11,8,2,4,25,6,,,681,1,24,706,1268
,22,QUERETARO,3,SANTIAGO DE QUERETARO,14,QUERETARO,302,3,412,61,28,22,11,280,7,14,4,9,30,6,,,884,0,23,907,1515
,22,QUERETARO,1,SANTIAGO DE QUERETARO,14,QUERETARO,303,8,1159,237,33,71,51,807,27,28,22,47,32,,,,2514,6,71,2591,5449
,22,QUERETARO,4,SANTIAGO DE QUERETARO,14,QUERETARO,304,4,318,133,13,12,39,443,8,28,13,20,11,,,,1038,0,26,1064,2723
,22,QUERETARO,1,SANTIAGO DE QUERETARO,14,QUERETARO,305,7,928,230,25,59,27,683,10,25,31,20,22,,,,2060,1,54,2115,4509
,22,QUERETARO,2,SANTIAGO DE QUERETARO,14,QUERETARO,306,2,276,45,4,12,20,182,4,8,5,5,13,1,,,575,3,12,590,1021
,22,QUERETARO,2,SANTIAGO DE QUERETARO,14,QUERETARO,307,2,236,37,8,8,9,161,7,11,10,1,12,2,,,502,0,10,512,1024
,22,QUERETARO,3,SANTIAGO DE QUERETARO,14,QUERETARO,308,7,1052,153,25,91,38,721,22,31,12,20,93,12,,,2270,3,70,2343,5003
,22,QUERETARO,2,SANTIAGO DE QUERETARO,14,QUERETARO,309,2,270,37,8,18,31,172,5,5,15,7,9,1,,,578,0,16,594,1127
,22,QUERETARO,2,SANTIAGO DE QUERETARO,14,QUERETARO,310,2,282,49,14,18,23,202,2,7,6,1,9,5,,,618,1,21,640,1216
,22,QUERETARO,2,SANTIAGO DE QUERETARO,14,QUERETARO,311,2,180,30,4,18,20,115,3,5,7,3,7,1,,,393,0,8,401,945
,22,QUERETARO,2,SANTIAGO DE QUERETARO,14,QUERETARO,312,2,218,45,6,17,30,195,8,11,6,6,21,5,,,568,0,19,587,1204
,22,QUERETARO,4,SANTIAGO DE QUERETARO,14,QUERETARO,313,4,1345,87,12,24,14,220,3,22,10,4,4,,,,1745,2,38,1785,2667
,22,QUERETARO,2,SANTIAGO DE QUERETARO,14,QUERETARO,314,2,261,40,6,21,30,186,4,9,12,6,9,3,,,587,0,11,598,1131
,22,QUERETARO,2,SANTIAGO DE QUERETARO,14,QUERETARO,315,2,261,42,8,16,31,193,4,6,10,5,6,2,,,584,2,25,611,1137
,22,QUERETARO,2,SANTIAGO DE QUERETARO,14,QUERETARO,316,4,444,93,26,60,46,371,15,16,27,11,25,6,,,1140,0,40,1180,2524
,22,QUERETARO,2,SANTIAGO DE QUERETARO,14,QUERETARO,317,2,235,43,9,14,17,153,7,12,9,4,17,0,,,520,0,10,530,1006
,22,QUERETARO,1,SANTIAGO DE QUERETARO,14,QUERETARO,318,7,1082,211,27,45,47,699,17,19,22,29,27,,,,2225,3,50,2278,4913
,22,QUERETARO,1,SANTIAGO DE QUERETARO,14,QUERETARO,319,7,975,233,24,57,33,714,18,27,20,29,13,,,,2143,1,56,2200,4551
,22,QUERETARO,1,SANTIAGO DE QUERETARO,14,QUERETARO,320,4,620,127,21,26,10,348,17,8,13,16,13,,,,1219,1,38,1258,2486
,22,QUERETARO,2,SANTIAGO DE QUERETARO,14,QUERETARO,321,3,412,73,9,26,27,221,3,13,12,13,7,0,,,816,0,17,833,1636
,22,QUERETARO,2,SANTIAGO DE QUERETARO,14,QUERETARO,322,2,219,44,18,13,24,174,7,5,7,10,7,0,,,528,1,13,542,1024
,22,QUERETARO,2,SANTIAGO DE QUERETARO,14,QUERETARO,323,14,1731,341,54,117,240,1134,39,39,109,40,46,17,,,3907,3,89,3999,9758
,22,QUERETARO,2,SANTIAGO DE QUERETARO,14,QUERETARO,324,2,233,38,4,7,19,153,4,6,9,4,8,0,,,485,0,8,493,910
,22,QUERETARO,2,SANTIAGO DE QUERETARO,14,QUERETARO,325,2,243,47,13,18,13,167,3,4,7,4,9,1,,,529,0,21,550,927
,22,QUERETARO,1,SANTIAGO DE QUERETARO,14,QUERETARO,326,4,384,130,6,15,21,291,10,13,19,13,9,,,,911,0,23,934,2302
,22,QUERETARO,1,SANTIAGO DE QUERETARO,14,QUERETARO,327,5,822,167,29,74,14,502,13,18,22,16,17,,,,1694,2,19,1715,3467
,22,QUERETARO,1,SANTIAGO DE QUERETARO,14,QUERETARO,328,5,756,145,19,40,28,441,14,12,19,15,10,,,,1499,0,34,1533,3144
,22,QUERETARO,2,SANTIAGO DE QUERETARO,14,QUERETARO,329,4,432,89,12,28,104,367,5,17,22,13,18,6,,,1113,0,37,1150,2326
,22,QUERETARO,2,SANTIAGO DE QUERETARO,14,QUERETARO,330,2,239,83,9,18,26,209,5,8,12,6,15,2,,,632,0,24,656,1346
,22,QUERETARO,2,SANTIAGO DE QUERETARO,14,QUERETARO,331,4,390,107,7,37,54,444,11,16,10,14,14,0,,,1104,0,27,1131,2650
,22,QUERETARO,1,SANTIAGO DE QUERETARO,14,QUERETARO,332,3,270,86,8,17,13,262,7,5,7,5,2,,,,682,0,22,704,1659
,22,QUERETARO,4,SANTIAGO DE QUERETARO,14,QUERETARO,333,3,866,45,5,14,7,117,5,17,4,1,2,,,,1083,0,15,1098,1515
,22,QUERETARO,4,SANTIAGO DE QUERETARO,14,QUERETARO,334,3,838,63,11,7,13,133,9,12,4,5,2,,,,1097,0,9,1106,1663
,22,QUERETARO,4,SANTIAGO DE QUERETARO,14,QUERETARO,335,2,209,57,8,8,17,174,4,10,11,7,2,,,,507,2,12,521,1264
,22,QUERETARO,4,SANTIAGO DE QUERETARO,14,QUERETARO,336,3,307,85,3,18,20,273,6,10,15,29,6,,,,772,0,30,802,2036
,22,QUERETARO,4,SANTIAGO DE QUERETARO,14,QUERETARO,337,2,530,61,1,11,19,188,3,3,12,3,6,,,,837,3,18,858,1488
,22,QUERETARO,1,SANTIAGO DE QUERETARO,14,QUERETARO,338,4,1168,197,12,30,11,317,6,14,9,13,10,,,,1787,2,29,1818,2955
,22,QUERETARO,2,SANTIAGO DE QUERETARO,14,QUERETARO,339,2,256,42,6,11,24,153,1,6,10,4,1,1,,,515,0,21,536,1005
,22,QUERETARO,2,SANTIAGO DE QUERETARO,14,QUERETARO,340,4,340,132,13,35,50,438,13,13,18,13,22,84,,,1171,3,36,1210,2600
,22,QUERETARO,2,SANTIAGO DE QUERETARO,14,QUERETARO,341,2,249,75,5,17,34,220,5,5,17,11,10,1,,,649,1,13,663,1297
,22,QUERETARO,2,SANTIAGO DE QUERETARO,14,QUERETARO,342,2,207,36,4,20,26,138,4,7,4,6,7,6,,,465,0,13,478,867
,22,QUERETARO,2,SANTIAGO DE QUERETARO,14,QUERETARO,343,5,912,210,20,34,70,460,15,26,26,30,28,8,,,1839,1,45,1885,3403
,22,QUERETARO,2,SANTIAGO DE QUERETARO,14,QUERETARO,344,7,867,217,21,57,147,656,16,27,55,28,23,18,,,2132,1,64,2197,4554
,22,QUERETARO,2,SANTIAGO DE QUERETARO,14,QUERETARO,345,4,320,123,16,24,40,374,12,16,37,16,25,7,,,1010,0,34,1044,2423
,22,QUERETARO,2,SANTIAGO DE QUERETARO,14,QUERETARO,346,3,312,106,9,35,38,320,7,17,16,12,10,5,,,887,0,26,913,1938
,22,QUERETARO,1,SANTIAGO DE QUERETARO,14,QUERETARO,347,2,406,77,6,24,16,190,2,5,3,7,3,,,,739,1,26,766,1417
,22,QUERETARO,1,SANTIAGO DE QUERETARO,14,QUERETARO,348,2,311,73,12,21,6,226,10,6,8,9,5,,,,687,3,29,719,1218
,22,QUERETARO,1,SANTIAGO DE QUERETARO,14,QUERETARO,349,3,634,106,9,20,8,225,8,7,9,9,7,,,,1042,1,23,1066,1809
,22,QUERETARO,1,SANTIAGO DE QUERETARO,14,QUERETARO,350,2,233,55,7,13,11,190,4,2,4,4,7,,,,530,0,22,552,1134
,22,QUERETARO,4,SANTIAGO DE QUERETARO,14,QUERETARO,351,2,634,50,7,6,7,77,1,7,5,1,2,,,,797,0,9,806,1036
,22,QUERETARO,4,SANTIAGO DE QUERETARO,14,QUERETARO,352,2,568,57,6,11,4,97,10,3,4,9,3,,,,772,0,13,785,1366
,22,QUERETARO,4,SANTIAGO DE QUERETARO,14,QUERETARO,353,9,3568,178,33,49,44,531,16,44,15,13,11,,,,4502,3,44,4549,6544
,22,QUERETARO,1,SANTIAGO DE QUERETARO,14,QUERETARO,354,2,241,58,4,11,8,187,5,4,5,6,5,,,,534,3,11,548,1094
,22,QUERETARO,2,SANTIAGO DE QUERETARO,14,QUERETARO,355,2,240,83,11,15,35,263,4,5,10,8,8,0,,,682,0,12,694,1393
,22,QUERETARO,2,SANTIAGO DE QUERETARO,14,QUERETARO,356,3,438,84,8,23,45,287,5,16,27,8,22,8,,,971,2,39,1012,1948
,22,QUERETARO,2,SANTIAGO DE QUERETARO,14,QUERETARO,357,3,565,103,17,33,42,280,11,10,27,7,14,5,,,1114,3,29,1146,2246
,22,QUERETARO,2,SANTIAGO DE QUERETARO,14,QUERETARO,358,2,283,39,10,11,24,101,5,5,7,6,4,2,,,497,0,12,509,798
,22,QUERETARO,2,SANTIAGO DE QUERETARO,14,QUERETARO,359,5,974,151,20,38,71,470,20,20,26,18,25,7,,,1840,0,36,1876,3287
,22,QUERETARO,2,SANTIAGO DE QUERETARO,14,QUERETARO,360,3,323,114,11,27,47,305,9,7,26,7,16,3,,,895,2,25,922,1875
,22,QUERETARO,1,SANTIAGO DE QUERETARO,14,QUERETARO,361,2,214,35,7,21,10,176,2,1,9,5,10,,,,490,1,14,505,991
,22,QUERETARO,1,SANTIAGO DE QUERETARO,14,QUERETARO,362,2,209,47,16,6,8,167,10,7,10,6,5,,,,491,0,17,508,1035
,22,QUERETARO,1,SANTIAGO DE QUERETARO,14,QUERETARO,363,2,207,71,5,22,9,185,5,2,7,5,7,,,,525,0,11,536,1227
,22,QUERETARO,4,SANTIAGO DE QUERETARO,14,QUERETARO,364,3,795,88,4,11,16,182,8,9,7,2,8,,,,1130,0,13,1143,1663
,22,QUERETARO,1,SANTIAGO DE QUERETARO,14,QUERETARO,365,2,173,36,5,7,7,147,4,5,6,3,3,,,,396,0,12,408,918
,22,QUERETARO,1,SANTIAGO DE QUERETARO,14,QUERETARO,366,1,129,38,3,9,8,98,2,4,6,4,1,,,,302,1,15,318,606
,22,QUERETARO,1,SANTIAGO DE QUERETARO,14,QUERETARO,367,1,160,34,5,3,4,100,2,6,5,4,4,,,,327,0,11,338,644
,22,QUERETARO,1,SANTIAGO DE QUERETARO,14,QUERETARO,368,2,288,54,10,11,13,230,3,10,7,7,6,,,,639,0,15,654,1202
,22,QUERETARO,1,SANTIAGO DE QUERETARO,14,QUERETARO,369,2,424,64,2,25,8,124,1,7,4,5,2,,,,666,1,17,684,958
,22,QUERETARO,1,SANTIAGO DE QUERETARO,14,QUERETARO,370,2,281,45,3,13,9,119,4,2,2,1,2,,,,481,0,14,495,836
,22,QUERETARO,1,SANTIAGO DE QUERETARO,14,QUERETARO,371,2,199,56,4,29,6,178,4,1,3,8,4,,,,492,0,13,505,911
,22,QUERETARO,4,SANTIAGO DE QUERETARO,14,QUERETARO,372,3,501,126,16,21,32,340,9,11,27,8,8,,,,1099,1,26,1126,1974
,22,QUERETARO,4,SANTIAGO DE QUERETARO,14,QUERETARO,373,3,341,97,9,19,31,330,6,16,25,8,9,,,,891,1,31,923,1959
,22,QUERETARO,4,SANTIAGO DE QUERETARO,14,QUERETARO,374,2,534,37,4,11,11,119,5,12,4,5,2,,,,744,1,13,758,1071
,22,QUERETARO,4,SANTIAGO DE QUERETARO,14,QUERETARO,375,2,564,72,14,11,12,157,5,11,7,6,9,,,,868,1,18,887,1378
,22,QUERETARO,4,SANTIAGO DE QUERETARO,14,QUERETARO,376,2,257,54,6,17,23,188,16,7,10,6,6,,,,590,1,20,611,1280
,22,QUERETARO,4,SANTIAGO DE QUERETARO,14,QUERETARO,377,2,261,54,10,14,23,185,14,10,11,4,4,,,,590,1,23,614,1188
,22,QUERETARO,1,SANTIAGO DE QUERETARO,14,QUERETARO,378,1,153,52,1,10,3,103,2,5,4,5,3,,,,341,0,7,348,654
,22,QUERETARO,1,SANTIAGO DE QUERETARO,14,QUERETARO,379,2,292,38,2,17,8,116,1,4,5,7,4,,,,494,0,18,512,814
,22,QUERETARO,1,SANTIAGO DE QUERETARO,14,QUERETARO,380,2,361,75,8,24,18,181,8,7,12,8,13,,,,715,0,21,736,1299
,22,QUERETARO,2,SANTIAGO DE QUERETARO,14,QUERETARO,381,5,839,149,18,48,66,547,13,21,27,18,25,4,,,1775,3,47,1825,3437
,22,QUERETARO,1,SANTIAGO DE QUERETARO,14,QUERETARO,382,2,458,101,8,22,16,200,7,6,4,9,5,,,,836,0,18,854,1296
,22,QUERETARO,1,SANTIAGO DE QUERETARO,14,QUERETARO,383,2,315,47,8,24,11,140,3,6,3,6,5,,,,568,1,19,588,844
,22,QUERETARO,1,SANTIAGO DE QUERETARO,14,QUERETARO,384,2,216,58,4,8,12,109,2,8,2,4,5,,,,428,1,11,440,769
,22,QUERETARO,4,SANTIAGO DE QUERETARO,14,QUERETARO,385,1,173,28,6,7,10,137,5,5,5,5,10,,,,391,1,9,401,711
,22,QUERETARO,5,SANTIAGO DE QUERETARO,14,QUERETARO,386,2,215,81,18,25,28,294,8,9,39,13,5,,,,735,0,22,757,1442
,22,QUERETARO,4,SANTIAGO DE QUERETARO,14,QUERETARO,387,2,289,62,7,22,17,251,2,7,27,9,4,,,,697,2,17,716,1238
,22,QUERETARO,4,SANTIAGO DE QUERETARO,14,QUERETARO,388,2,340,74,8,11,16,228,7,10,9,0,5,,,,708,0,3,711,1226
,22,QUERETARO,4,SANTIAGO DE QUERETARO,14,QUERETARO,389,2,546,48,5,5,11,97,7,8,5,1,5,,,,738,2,13,753,1180
,22,QUERETARO,4,SANTIAGO DE QUERETARO,14,QUERETARO,390,1,201,31,2,9,5,88,3,6,4,3,10,,,,362,0,11,373,626
,22,QUERETARO,1,SANTIAGO DE QUERETARO,14,QUERETARO,391,1,156,46,3,7,6,79,3,9,8,6,1,,,,324,0,13,337,558
,22,QUERETARO,1,SANTIAGO DE QUERETARO,14,QUERETARO,392,2,353,78,6,12,15,120,3,13,4,6,8,,,,618,0,22,640,1014
,22,QUERETARO,1,SANTIAGO DE QUERETARO,14,QUERETARO,393,3,567,101,11,16,24,215,7,10,12,9,12,,,,984,1,17,1002,1649
,22,QUERETARO,1,SANTIAGO DE QUERETARO,14,QUERETARO,394,2,272,111,6,9,9,204,8,12,5,8,6,,,,650,0,18,668,1313
,22,QUERETARO,2,SANTIAGO DE QUERETARO,14,QUERETARO,395,3,287,79,5,23,39,291,8,9,21,22,7,5,,,796,0,21,817,1864
,22,QUERETARO,2,SANTIAGO DE QUERETARO,14,QUERETARO,396,2,137,45,9,10,13,207,4,8,18,5,11,0,,,467,0,20,487,1194
,22,QUERETARO,2,SANTIAGO DE QUERETARO,14,QUERETARO,397,3,318,91,8,13,32,247,5,9,7,9,6,2,,,747,0,21,768,1775
,22,QUERETARO,1,SANTIAGO DE QUERETARO,14,QUERETARO,398,1,128,66,3,8,4,85,8,3,6,8,4,,,,323,0,7,330,611
,22,QUERETARO,4,SANTIAGO DE QUERETARO,14,QUERETARO,399,2,312,66,4,14,11,120,3,10,6,1,1,,,,548,0,18,566,1018
,22,QUERETARO,4,SANTIAGO DE QUERETARO,14,QUERETARO,400,1,180,52,4,14,9,92,2,2,5,2,1,,,,363,1,9,373,653
,22,QUERETARO,4,SANTIAGO DE QUERETARO,14,QUERETARO,401,2,359,54,6,9,8,111,2,6,6,2,2,,,,565,1,16,582,883
,22,QUERETARO,4,SANTIAGO DE QUERETARO,14,QUERETARO,402,2,497,53,9,7,9,101,5,7,8,0,1,,,,697,2,12,711,962
,22,QUERETARO,4,SANTIAGO DE QUERETARO,14,QUERETARO,403,2,560,52,1,6,10,97,6,8,4,2,2,,,,748,0,14,762,1063
,22,QUERETARO,5,SANTIAGO DE QUERETARO,14,QUERETARO,404,12,4430,200,59,102,58,676,19,36,27,14,18,,,,5639,5,40,5684,8964
,22,QUERETARO,5,SANTIAGO DE QUERETARO,14,QUERETARO,405,2,497,32,11,14,15,80,1,9,3,1,4,,,,667,0,7,674,892
,22,QUERETARO,5,SANTIAGO DE QUERETARO,14,QUERETARO,406,1,190,19,8,7,16,98,5,1,2,2,3,,,,351,0,8,359,618
,22,QUERETARO,4,SANTIAGO DE QUERETARO,14,QUERETARO,407,2,410,67,6,6,18,163,4,11,17,6,5,,,,713,1,27,741,1189
,22,QUERETARO,5,SANTIAGO DE QUERETARO,14,QUERETARO,408,2,230,48,8,14,43,223,4,9,8,4,7,,,,598,1,14,613,1222
,22,QUERETARO,5,SANTIAGO DE QUERETARO,14,QUERETARO,409,1,130,21,2,5,4,48,2,3,2,2,0,,,,219,0,9,228,379
,22,QUERETARO,4,SANTIAGO DE QUERETARO,14,QUERETARO,410,2,413,39,4,16,8,95,7,1,9,0,9,,,,601,0,8,609,1019
,22,QUERETARO,1,SANTIAGO DE QUERETARO,14,QUERETARO,411,1,193,28,3,6,12,65,1,3,3,2,2,,,,318,1,6,325,494
,22,QUERETARO,1,SANTIAGO DE QUERETARO,14,QUERETARO,412,1,194,59,3,12,9,61,3,0,3,1,4,,,,349,0,9,358,606
,22,QUERETARO,1,SANTIAGO DE QUERETARO,14,QUERETARO,413,2,246,49,5,13,9,106,5,1,5,4,4,,,,447,1,9,457,792
,22,QUERETARO,1,SANTIAGO DE QUERETARO,14,QUERETARO,414,2,193,77,5,17,8,111,4,3,4,4,4,,,,430,0,8,438,751
,22,QUERETARO,1,SANTIAGO DE QUERETARO,14,QUERETARO,415,2,286,82,5,14,8,104,5,4,4,1,6,,,,519,1,11,531,860
,22,QUERETARO,2,SANTIAGO DE QUERETARO,14,QUERETARO,416,4,326,174,15,18,58,378,12,6,20,10,8,1,,,1026,1,20,1047,2869
,22,QUERETARO,1,SANTIAGO DE QUERETARO,14,QUERETARO,417,2,282,55,3,9,13,108,7,5,3,7,3,,,,495,0,7,502,790
,22,QUERETARO,1,SANTIAGO DE QUERETARO,14,QUERETARO,418,2,275,61,6,20,4,116,5,5,7,2,7,,,,508,1,16,525,937
,22,QUERETARO,1,SANTIAGO DE QUERETARO,14,QUERETARO,419,1,190,27,3,5,5,70,3,6,7,2,4,,,,322,0,9,331,614
,22,QUERETARO,5,SANTIAGO DE QUERETARO,14,QUERETARO,420,2,630,40,12,19,10,69,4,3,1,2,1,,,,791,0,7,798,1086
,22,QUERETARO,5,SANTIAGO DE QUERETARO,14,QUERETARO,421,2,217,44,12,22,42,184,3,8,8,3,1,,,,544,0,17,561,1046
,22,QUERETARO,5,SANTIAGO DE QUERETARO,14,QUERETARO,422,2,220,45,7,20,12,160,4,5,3,6,4,,,,486,1,15,502,951
,22,QUERETARO,5,SANTIAGO DE QUERETARO,14,QUERETARO,423,1,178,44,7,22,10,92,7,2,6,9,2,,,,379,0,8,387,698
,22,QUERETARO,5,SANTIAGO DE QUERETARO,14,QUERETARO,424,2,230,40,4,7,15,95,3,7,6,4,0,,,,411,1,12,424,765
,22,QUERETARO,5,SANTIAGO DE QUERETARO,14,QUERETARO,425,2,393,24,6,14,3,129,1,1,7,6,5,,,,589,1,20,610,1009
,22,QUERETARO,1,SANTIAGO DE QUERETARO,14,QUERETARO,426,2,356,65,8,12,9,165,10,6,4,6,14,,,,655,1,16,672,1229
,22,QUERETARO,6,SANTIAGO DE QUERETARO,14,QUERETARO,427,6,1445,285,20,57,56,351,11,35,24,10,31,,,0,2325,4,30,2359,3867
,22,QUERETARO,6,SANTIAGO DE QUERETARO,14,QUERETARO,428,2,304,89,3,16,16,119,10,4,7,3,11,,,0,582,1,16,599,1005
,22,QUERETARO,1,SANTIAGO DE QUERETARO,14,QUERETARO,429,2,244,82,8,14,5,144,5,7,5,3,7,,,,524,1,16,541,908
,22,QUERETARO,1,SANTIAGO DE QUERETARO,14,QUERETARO,430,2,334,99,4,11,16,179,4,11,2,4,4,,,,668,1,20,689,1140
,22,QUERETARO,5,SANTIAGO DE QUERETARO,14,QUERETARO,431,2,172,27,2,13,13,115,5,8,11,4,0,,,,370,0,16,386,799
,22,QUERETARO,5,SANTIAGO DE QUERETARO,14,QUERETARO,432,1,194,34,12,8,16,109,2,4,3,5,5,,,,392,1,9,402,735
,22,QUERETARO,5,SANTIAGO DE QUERETARO,14,QUERETARO,433,1,151,24,15,12,24,123,3,3,2,2,1,,,,360,0,12,372,728
,22,QUERETARO,5,SANTIAGO DE QUERETARO,14,QUERETARO,434,2,252,43,5,15,16,119,9,7,5,11,3,,,,485,1,13,499,1027
,22,QUERETARO,6,SANTIAGO DE QUERETARO,14,QUERETARO,435,10,2047,492,32,97,103,646,38,51,25,16,56,,,2,3605,1,75,3681,6936
,22,QUERETARO,6,SANTIAGO DE QUERETARO,14,QUERETARO,436,2,270,74,6,8,10,103,4,12,2,2,9,,,0,500,2,18,520,877
,22,QUERETARO,6,SANTIAGO DE QUERETARO,14,QUERETARO,437,2,387,113,12,13,19,164,5,9,8,4,14,,,0,748,1,27,776,1469
,22,QUERETARO,5,SANTIAGO DE QUERETARO,14,QUERETARO,438,2,236,37,12,9,11,92,2,6,5,5,5,,,,420,0,13,433,796
,22,QUERETARO,5,SANTIAGO DE QUERETARO,14,QUERETARO,439,2,414,72,17,20,11,122,1,4,2,6,7,,,,676,1,8,685,1145
,22,QUERETARO,5,SANTIAGO DE QUERETARO,14,QUERETARO,440,2,578,32,7,20,14,172,2,7,11,3,5,,,,851,0,9,860,1315
,22,QUERETARO,5,SANTIAGO DE QUERETARO,14,QUERETARO,441,2,639,52,13,25,18,174,8,12,9,7,3,,,,960,0,10,970,1343
,22,QUERETARO,5,SANTIAGO DE QUERETARO,14,QUERETARO,442,2,478,60,9,13,20,178,5,11,14,5,6,,,,799,0,15,814,1273
,22,QUERETARO,5,SANTIAGO DE QUERETARO,14,QUERETARO,443,2,367,67,11,24,35,188,5,7,8,10,6,,,,728,1,19,748,1238
,22,QUERETARO,5,SANTIAGO DE QUERETARO,14,QUERETARO,444,2,321,134,13,21,24,244,3,11,12,5,3,,,,791,1,17,809,1308
,22,QUERETARO,5,SANTIAGO DE QUERETARO,14,QUERETARO,445,3,551,113,11,28,25,203,11,18,11,10,11,,,,992,1,24,1017,1515
,22,QUERETARO,5,SANTIAGO DE QUERETARO,14,QUERETARO,446,2,574,54,20,20,14,142,4,13,39,5,4,,,,889,1,26,916,1438
,22,QUERETARO,6,SANTIAGO DE QUERETARO,14,QUERETARO,447,2,226,78,5,20,18,141,11,14,8,1,14,,,1,537,0,26,563,1075
,22,QUERETARO,6,SANTIAGO DE QUERETARO,14,QUERETARO,448,2,426,95,6,44,29,137,4,1,4,7,4,,,0,757,1,14,772,1356
,22,QUERETARO,6,SANTIAGO DE QUERETARO,14,QUERETARO,449,2,336,77,3,20,13,97,3,12,5,8,13,,,0,587,0,16,603,976
,22,QUERETARO,6,SANTIAGO DE QUERETARO,14,QUERETARO,450,2,443,97,5,21,18,141,2,7,5,6,26,,,0,771,0,17,788,1183
,22,QUERETARO,6,SANTIAGO DE QUERETARO,14,QUERETARO,451,2,371,61,5,9,10,60,4,6,1,1,4,,,0,532,0,11,543,835
,22,QUERETARO,6,SANTIAGO DE QUERETARO,14,QUERETARO,452,2,302,129,7,12,26,133,8,8,11,6,8,,,1,651,0,10,661,1298
,22,QUERETARO,5,SANTIAGO DE QUERETARO,14,QUERETARO,453,2,436,15,8,16,5,84,2,6,7,3,2,,,,584,1,11,596,889
,22,QUERETARO,5,SANTIAGO DE QUERETARO,14,QUERETARO,454,2,533,34,11,11,9,70,1,7,7,6,3,,,,692,1,8,701,1080
,22,QUERETARO,5,SANTIAGO DE QUERETARO,14,QUERETARO,455,2,384,68,13,26,30,231,10,14,5,7,9,,,,797,0,27,824,1384
,22,QUERETARO,5,SANTIAGO DE QUERETARO,14,QUERETARO,456,2,534,40,12,6,20,138,7,7,5,3,5,,,,777,0,18,795,1200
,22,QUERETARO,5,SANTIAGO DE QUERETARO,14,QUERETARO,457,2,541,53,9,10,12,159,6,5,8,9,4,,,,816,0,20,836,1205
,22,QUERETARO,5,SANTIAGO DE QUERETARO,14,QUERETARO,458,2,376,100,18,15,18,231,4,7,9,9,7,,,,794,1,23,818,1411
,22,QUERETARO,5,SANTIAGO DE QUERETARO,14,QUERETARO,459,2,370,54,10,17,15,110,4,8,16,4,5,,,,613,0,18,631,908
,22,QUERETARO,6,SANTIAGO DE QUERETARO,14,QUERETARO,460,2,561,69,2,24,7,81,3,3,6,2,9,,,0,767,0,13,780,1123
,22,QUERETARO,6,SANTIAGO DE QUERETARO,14,QUERETARO,461,2,258,75,4,19,22,137,6,9,7,2,9,,,0,548,1,11,560,1156
,22,QUERETARO,6,SANTIAGO DE QUERETARO,14,QUERETARO,462,2,214,81,5,5,12,118,6,6,3,3,11,,,0,464,0,22,486,1065
,22,QUERETARO,5,SANTIAGO DE QUERETARO,14,QUERETARO,463,2,624,41,12,19,18,185,4,13,5,6,0,,,,927,0,10,937,1441
,22,QUERETARO,5,SANTIAGO DE QUERETARO,14,QUERETARO,464,2,371,56,19,10,17,153,1,15,9,10,6,,,,667,0,15,682,1141
,22,QUERETARO,5,SANTIAGO DE QUERETARO,14,QUERETARO,465,2,261,62,11,15,22,220,8,8,9,8,8,,,,632,0,30,662,1213
,22,QUERETARO,5,SANTIAGO DE QUERETARO,14,QUERETARO,466,9,1160,127,46,49,57,386,11,50,27,22,17,,,,1952,1,44,1997,2067
,22,QUERETARO,5,SANTIAGO DE QUERETARO,14,QUERETARO,467,2,320,65,14,10,13,139,5,11,5,7,6,,,,595,0,14,609,1110
,22,QUERETARO,6,SANTIAGO DE QUERETARO,14,QUERETARO,468,2,600,80,5,10,19,97,2,5,4,3,3,,,0,828,5,14,847,1343
,22,QUERETARO,6,SANTIAGO DE QUERETARO,14,QUERETARO,469,2,394,62,8,7,17,76,1,6,5,6,8,,,2,592,0,11,603,919
,22,QUERETARO,6,SANTIAGO DE QUERETARO,14,QUERETARO,470,2,407,96,29,18,15,118,5,9,4,4,8,,,0,713,0,20,733,1132
,22,QUERETARO,6,SANTIAGO DE QUERETARO,14,QUERETARO,471,2,145,69,3,15,16,122,7,6,11,12,8,,,0,414,0,24,438,997
,22,QUERETARO,5,SANTIAGO DE QUERETARO,14,QUERETARO,472,2,278,60,12,14,26,156,2,7,9,7,2,,,,573,3,25,601,1285
,22,QUERETARO,5,SANTIAGO DE QUERETARO,14,QUERETARO,473,2,268,34,8,14,19,155,6,6,4,5,10,,,,529,3,15,547,1022
,22,QUERETARO,5,SANTIAGO DE QUERETARO,14,QUERETARO,474,2,442,41,9,21,22,152,5,12,4,5,2,,,,715,1,18,734,1123
,22,QUERETARO,5,SANTIAGO DE QUERETARO,14,QUERETARO,475,8,2001,223,63,94,68,814,16,32,33,32,13,,,,3389,1,71,3461,5998
,22,QUERETARO,5,SANTIAGO DE QUERETARO,14,QUERETARO,476,2,398,56,12,12,20,181,2,8,13,13,4,,,,719,0,19,738,1118
,22,QUERETARO,5,SANTIAGO DE QUERETARO,14,QUERETARO,477,3,243,51,15,21,33,227,1,8,10,6,9,,,,624,1,25,650,1524
,22,QUERETARO,5,SANTIAGO DE QUERETARO,14,QUERETARO,478,2,188,67,11,15,22,156,2,6,6,15,1,,,,489,1,22,512,1117
,22,QUERETARO,6,SANTIAGO DE QUERETARO,14,QUERETARO,479,2,207,118,11,7,40,171,8,5,10,6,8,,,0,591,0,25,616,1354
,22,QUERETARO,6,SANTIAGO DE QUERETARO,14,QUERETARO,480,3,231,88,9,20,24,186,10,7,8,9,14,,,0,606,5,17,628,1503
,22,QUERETARO,6,SANTIAGO DE QUERETARO,14,QUERETARO,481,4,786,178,15,46,42,316,12,24,9,11,18,,,1,1458,0,21,1479,2416
,22,QUERETARO,6,SANTIAGO DE QUERETARO,14,QUERETARO,482,2,408,86,9,19,15,119,8,8,4,5,8,,,0,689,0,20,709,1098
,22,QUERETARO,6,SANTIAGO DE QUERETARO,14,QUERETARO,483,6,1781,300,24,75,58,388,32,36,14,16,21,,,1,2746,0,51,2797,4364
,22,QUERETARO,6,SANTIAGO DE QUERETARO,14,QUERETARO,484,2,543,70,1,9,10,106,3,6,1,8,9,,,0,766,0,14,780,1133
,22,QUERETARO,6,SANTIAGO DE QUERETARO,14,QUERETARO,485,1,455,56,6,6,9,29,4,0,1,1,0,,,0,567,1,3,571,737
,22,QUERETARO,6,SANTIAGO DE QUERETARO,14,QUERETARO,486,3,247,121,11,21,48,188,16,14,16,1,15,,,3,701,0,32,733,1564
,22,QUERETARO,6,SANTIAGO DE QUERETARO,14,QUERETARO,487,2,230,135,3,21,27,166,12,9,9,8,8,,,1,629,1,31,661,1471
,22,QUERETARO,5,SANTIAGO DE QUERETARO,14,QUERETARO,488,3,330,67,27,32,34,325,3,12,19,7,7,,,,863,0,28,891,2044
,22,QUERETARO,5,SANTIAGO DE QUERETARO,14,QUERETARO,489,2,175,56,13,19,27,191,2,3,9,5,2,,,,502,1,24,527,1259
,22,QUERETARO,5,SANTIAGO DE QUERETARO,14,QUERETARO,490,2,232,57,4,22,16,221,6,8,24,1,6,,,,597,0,17,614,1221
,22,QUERETARO,5,SANTIAGO DE QUERETARO,14,QUERETARO,491,16,4703,268,92,118,79,806,31,28,48,27,23,,,,6223,2,79,6304,8399
,22,QUERETARO,5,SANTIAGO DE QUERETARO,14,QUERETARO,492,4,512,91,29,39,45,434,13,21,10,17,12,,,,1223,2,36,1261,2634
,22,QUERETARO,5,SANTIAGO DE QUERETARO,14,QUERETARO,493,2,256,58,9,31,15,238,9,7,14,12,6,,,,655,1,13,669,1408
,22,QUERETARO,5,SANTIAGO DE QUERETARO,14,QUERETARO,494,3,240,74,22,17,19,233,7,7,8,28,4,,,,659,2,15,676,1570
,22,QUERETARO,5,SANTIAGO DE QUERETARO,14,QUERETARO,495,6,619,133,81,54,75,641,22,26,37,36,13,,,,1737,2,62,1801,4160
,22,QUERETARO,5,SANTIAGO DE QUERETARO,14,QUERETARO,496,3,275,63,16,18,26,228,6,9,9,13,5,,,,668,0,22,690,1649
,22,QUERETARO,5,SANTIAGO DE QUERETARO,14,QUERETARO,497,3,250,78,18,23,29,208,7,3,2,7,4,,,,629,2,23,654,1502
,22,QUERETARO,6,SANTIAGO DE QUERETARO,14,QUERETARO,498,2,214,114,6,11,21,190,11,13,8,13,13,,,0,614,0,28,642,1489
,22,QUERETARO,6,SANTIAGO DE QUERETARO,14,QUERETARO,499,2,201,71,4,15,44,167,15,5,7,11,6,,,4,550,0,22,572,1291
,22,QUERETARO,6,SANTIAGO DE QUERETARO,14,QUERETARO,500,3,255,154,5,18,50,201,15,10,17,6,17,,,0,748,0,23,771,1820
,22,QUERETARO,6,SANTIAGO DE QUERETARO,14,QUERETARO,501,3,265,89,6,19,35,206,10,4,9,8,4,,,1,656,0,26,682,1640
,22,QUERETARO,6,SANTIAGO DE QUERETARO,14,QUERETARO,502,2,554,48,1,14,29,62,2,3,5,16,5,,,0,739,5,15,759,1477
,22,QUERETARO,6,SANTIAGO DE QUERETARO,14,QUERETARO,503,3,223,110,9,13,37,139,11,12,18,14,9,,,1,596,0,36,632,1676
,22,QUERETARO,6,SANTIAGO DE QUERETARO,14,QUERETARO,504,3,272,107,11,11,35,189,15,6,12,4,8,,,1,671,0,21,692,1659
,22,QUERETARO,5,SANTIAGO DE QUERETARO,14,QUERETARO,505,3,276,65,19,9,27,217,8,7,8,8,6,,,,650,0,23,673,1544
,22,QUERETARO,5,SANTIAGO DE QUERETARO,14,QUERETARO,506,2,319,59,14,36,25,227,6,8,13,18,6,,,,731,0,18,749,1424
,22,QUERETARO,5,SANTIAGO DE QUERETARO,14,QUERETARO,507,3,288,89,13,22,29,282,12,12,14,11,5,,,,777,0,21,798,1524
,22,QUERETARO,5,SANTIAGO DE QUERETARO,14,QUERETARO,508,3,476,76,17,26,40,331,11,18,17,8,3,,,,1023,1,39,1063,2125
,22,QUERETARO,5,SANTIAGO DE QUERETARO,14,QUERETARO,509,2,314,69,33,19,26,231,5,12,6,7,4,,,,726,0,23,749,1489
,22,QUERETARO,5,SANTIAGO DE QUERETARO,14,QUERETARO,510,4,381,97,45,25,40,336,6,13,17,19,11,,,,990,4,53,1047,2296
,22,QUERETARO,6,SANTIAGO DE QUERETARO,14,QUERETARO,511,3,277,118,9,27,63,247,11,6,13,5,18,,,3,797,0,33,830,2224
,22,QUERETARO,6,SANTIAGO DE QUERETARO,14,QUERETARO,512,3,225,109,7,18,19,178,10,8,13,3,17,,,1,608,1,31,640,1708
,22,QUERETARO,5,SANTIAGO DE QUERETARO,14,QUERETARO,513,11,1399,211,101,103,109,1042,30,42,40,37,32,,,,3146,4,99,3249,7883
,22,QUERETARO,5,SANTIAGO DE QUERETARO,14,QUERETARO,514,7,921,153,52,61,68,673,20,25,36,19,21,,,,2049,8,63,2120,4816
,22,QUERETARO,5,SANTIAGO DE QUERETARO,14,QUERETARO,515,6,1091,148,56,57,66,533,11,19,18,16,9,,,,2024,2,42,2068,3795
,22,QUERETARO,13,SANTA ROSA JAUREGUI,14,QUERETARO,516,3,162,229,9,7,8,105,,0,10,2,6,,,,538,0,18,556,2152
,22,QUERETARO,13,SANTA ROSA JAUREGUI,14,QUERETARO,518,5,464,286,18,18,23,353,,8,32,15,24,,,,1241,0,41,1282,3398
,22,QUERETARO,13,SANTA ROSA JAUREGUI,14,QUERETARO,519,4,300,248,9,10,58,144,,2,7,2,21,,,,801,0,50,851,2646
,22,QUERETARO,13,SANTA ROSA JAUREGUI,14,QUERETARO,520,3,227,173,15,24,19,142,,1,9,11,23,,,,644,0,39,683,1584
,22,QUERETARO,13,SANTA ROSA JAUREGUI,14,QUERETARO,521,3,197,147,8,5,12,63,,0,4,4,16,,,,456,0,8,464,1198
,22,QUERETARO,13,SANTA ROSA JAUREGUI,14,QUERETARO,522,10,743,438,19,43,60,700,1,8,23,30,35,,,,2100,18,63,2181,3817
,22,QUERETARO,13,SANTA ROSA JAUREGUI,14,QUERETARO,523,3,210,204,10,11,14,162,,2,4,11,35,,,,663,1,47,711,1588
,22,QUERETARO,13,SANTA ROSA JAUREGUI,14,QUERETARO,524,4,315,165,9,20,31,223,,4,8,14,81,,,,870,0,51,921,2270
,22,QUERETARO,13,SANTA ROSA JAUREGUI,14,QUERETARO,525,3,237,154,7,26,30,427,,8,8,17,28,,,,942,0,35,977,2199
,22,QUERETARO,13,SANTA ROSA JAUREGUI,14,QUERETARO,526,3,243,166,11,14,23,278,,5,14,22,33,,,,809,1,19,829,2163
,22,QUERETARO,13,SANTA ROSA JAUREGUI,14,QUERETARO,527,8,731,481,9,26,35,217,,1,22,21,189,,,,1732,0,91,1823,5285
,22,QUERETARO,13,SANTA ROSA JAUREGUI,14,QUERETARO,528,3,322,130,11,19,9,259,,3,10,4,8,,,,775,0,13,788,1686
,22,QUERETARO,13,SANTA ROSA JAUREGUI,14,QUERETARO,529,13,913,705,53,81,91,945,,17,19,25,79,,,,2928,0,103,3031,9063
,22,QUERETARO,13,SANTA ROSA JAUREGUI,14,QUERETARO,530,3,255,76,2,6,17,47,,0,3,16,58,,,,480,0,33,513,1484
,22,QUERETARO,13,SANTA ROSA JAUREGUI,14,QUERETARO,531,4,323,197,10,40,33,302,,7,17,13,22,,,,964,1,27,992,2604
,22,QUERETARO,13,SANTA ROSA JAUREGUI,14,QUERETARO,532,3,288,138,16,35,21,225,,4,6,13,27,,,,773,0,17,790,2115
,22,QUERETARO,13,SANTA ROSA JAUREGUI,14,QUERETARO,533,3,213,171,10,33,19,239,,3,12,10,16,,,,726,0,32,758,1907
,22,QUERETARO,13,SANTA ROSA JAUREGUI,14,QUERETARO,534,3,304,169,11,50,23,247,,7,6,9,19,,,,845,0,25,870,1840
,22,QUERETARO,13,SANTA ROSA JAUREGUI,14,QUERETARO,535,2,157,109,11,25,10,139,,1,0,3,12,,,,467,0,17,484,1033
,22,QUERETARO,13,SANTA ROSA JAUREGUI,14,QUERETARO,536,4,284,237,12,34,31,338,,4,12,9,30,,,,991,2,31,1024,2824
,22,QUERETARO,13,SANTA ROSA JAUREGUI,14,QUERETARO,537,4,254,180,8,33,28,289,,6,5,14,34,,,,851,2,38,891,2516
,22,QUERETARO,13,SANTA ROSA JAUREGUI,14,QUERETARO,538,7,711,261,14,59,31,320,,11,8,19,36,,,,1470,2,47,1519,1938
,22,QUERETARO,13,SANTA ROSA JAUREGUI,14,QUERETARO,539,6,593,231,61,32,46,170,,0,12,27,19,,,,1191,0,49,1240,4473
,22,QUERETARO,13,SANTA ROSA JAUREGUI,14,QUERETARO,540,4,617,258,4,13,20,163,,5,7,36,28,,,,1151,0,40,1191,2818
,22,QUERETARO,13,SANTA ROSA JAUREGUI,14,QUERETARO,542,3,350,133,11,19,31,323,,5,10,13,11,,,,906,0,21,927,1908
,22,QUERETARO,13,SANTA ROSA JAUREGUI,14,QUERETARO,543,3,231,282,8,2,16,38,,0,4,19,0,,,,600,0,26,626,1697
,22,QUERETARO,13,SANTA ROSA JAUREGUI,14,QUERETARO,544,4,251,285,9,17,26,357,,1,3,46,19,,,,1014,0,29,1043,2318
,22,QUERETARO,13,SANTA ROSA JAUREGUI,14,QUERETARO,545,12,678,334,36,22,59,807,,11,13,31,27,,,,2018,3,40,2061,7657
,22,QUERETARO,13,SANTA ROSA JAUREGUI,14,QUERETARO,546,4,338,281,18,20,49,350,,4,6,27,21,,,,1114,0,40,1154,2729
,22,QUERETARO,13,SANTA ROSA JAUREGUI,14,QUERETARO,547,4,277,245,20,12,31,263,,2,8,39,33,,,,930,1,23,954,2479
,22,QUERETARO,13,SANTA ROSA JAUREGUI,14,QUERETARO,548,7,1310,287,24,29,72,589,,19,11,39,42,,,,2422,2,54,2478,3576
,22,QUERETARO,13,SANTA ROSA JAUREGUI,14,QUERETARO,549,7,574,423,32,27,33,594,,6,15,29,43,,,,1776,1,37,1814,4725
,22,QUERETARO,4,SANTIAGO DE QUERETARO,14,QUERETARO,550,10,3256,199,14,71,38,591,18,49,16,8,10,,,,4270,3,56,4329,6732
,22,QUERETARO,2,SANTIAGO DE QUERETARO,14,QUERETARO,552,9,977,308,35,56,108,808,14,30,32,23,21,7,,,2419,2,72,2493,6253
,22,QUERETARO,2,SANTIAGO DE QUERETARO,14,QUERETARO,553,23,4164,617,67,199,281,1755,42,65,105,59,84,38,,,7476,9,127,7612,16458
,22,QUERETARO,5,SANTIAGO DE QUERETARO,14,QUERETARO,554,1,89,15,4,10,7,67,0,2,4,4,3,,,,205,0,7,212,564
,22,QUERETARO,12,LA CAÑADA,10,EL MARQUES,555,2,399,93,15,7,18,181,13,4,5,6,17,,,,758,0,22,780,1353
,22,QUERETARO,15,JALPAN DE SERRA,15,SAN JOAQUIN,556,2,252,58,7,8,206,108,4,7,1,6,1,9,1,,668,0,37,705,1058
,22,QUERETARO,15,JALPAN DE SERRA,15,SAN JOAQUIN,557,4,631,134,5,11,482,291,15,17,7,4,8,3,6,,1614,0,98,1712,2701
,22,QUERETARO,15,JALPAN DE SERRA,15,SAN JOAQUIN,558,3,358,24,2,1,216,30,1,6,1,7,0,0,0,,646,0,71,717,1407
,22,QUERETARO,15,JALPAN DE SERRA,15,SAN JOAQUIN,559,1,75,16,0,0,107,15,1,2,1,3,3,0,6,,229,0,6,235,400
,22,QUERETARO,15,JALPAN DE SERRA,15,SAN JOAQUIN,560,3,222,37,4,0,167,83,3,4,4,3,1,1,1,,530,0,15,545,986
,22,QUERETARO,15,JALPAN DE SERRA,15,SAN JOAQUIN,561,2,51,17,2,1,49,31,0,0,1,1,2,0,0,,155,0,8,163,272
,22,QUERETARO,15,JALPAN DE SERRA,15,SAN JOAQUIN,562,1,104,10,1,1,63,11,0,1,0,0,0,0,0,,191,0,8,199,270
,22,QUERETARO,10,PEDRO ESCOBEDO,16,SAN JUAN DEL RIO,563,3,166,181,105,25,25,354,12,13,21,12,13,,,,927,0,29,956,1903
,22,QUERETARO,10,PEDRO ESCOBEDO,16,SAN JUAN DEL RIO,564,5,335,246,25,53,24,481,13,22,31,16,15,,,,1261,0,29,1290,3144
,22,QUERETARO,10,PEDRO ESCOBEDO,16,SAN JUAN DEL RIO,565,14,1756,496,80,157,87,1172,37,60,99,38,50,,,,4032,1,117,4150,10271
,22,QUERETARO,9,SAN JUAN DEL RIO,16,SAN JUAN DEL RIO,567,5,799,246,16,19,37,419,24,25,16,20,24,,,,1645,3,49,1697,2084
,22,QUERETARO,8,SAN JUAN DEL RIO,16,SAN JUAN DEL RIO,568,4,509,139,8,47,30,292,18,18,20,28,13,,,,1122,2,41,1165,2411
,22,QUERETARO,8,SAN JUAN DEL RIO,16,SAN JUAN DEL RIO,569,2,236,46,14,20,13,164,9,16,2,13,14,,,,547,1,23,571,987
,22,QUERETARO,8,SAN JUAN DEL RIO,16,SAN JUAN DEL RIO,570,3,590,126,7,32,23,281,6,13,13,14,10,,,,1115,0,35,1150,2210
,22,QUERETARO,8,SAN JUAN DEL RIO,16,SAN JUAN DEL RIO,571,4,739,245,19,38,33,378,19,16,6,25,26,,,,1544,3,33,1580,2768
,22,QUERETARO,8,SAN JUAN DEL RIO,16,SAN JUAN DEL RIO,572,2,359,139,11,22,11,154,6,7,4,4,6,,,,723,0,16,739,1175
,22,QUERETARO,8,SAN JUAN DEL RIO,16,SAN JUAN DEL RIO,573,2,377,130,8,17,12,145,6,8,2,7,10,,,,722,2,17,741,1188
,22,QUERETARO,9,SAN JUAN DEL RIO,16,SAN JUAN DEL RIO,574,3,396,119,16,18,23,271,13,14,6,8,17,,,,901,1,22,924,1853
,22,QUERETARO,9,SAN JUAN DEL RIO,16,SAN JUAN DEL RIO,575,2,192,80,7,13,17,174,4,4,6,8,7,,,,512,0,17,529,1192
,22,QUERETARO,9,SAN JUAN DEL RIO,16,SAN JUAN DEL RIO,576,2,286,121,5,20,20,207,8,13,5,7,5,,,,697,1,21,719,1399
,22,QUERETARO,8,SAN JUAN DEL RIO,16,SAN JUAN DEL RIO,577,2,253,120,8,10,8,153,8,11,2,13,10,,,,596,1,19,616,1025
,22,QUERETARO,8,SAN JUAN DEL RIO,16,SAN JUAN DEL RIO,578,2,173,94,5,24,7,101,10,4,6,4,11,,,,439,1,12,452,800
,22,QUERETARO,8,SAN JUAN DEL RIO,16,SAN JUAN DEL RIO,579,2,286,129,7,21,11,118,8,11,4,14,15,,,,624,0,17,641,1017
,22,QUERETARO,8,SAN JUAN DEL RIO,16,SAN JUAN DEL RIO,580,2,358,182,7,15,15,192,8,4,2,10,11,,,,804,3,26,833,1344
,22,QUERETARO,8,SAN JUAN DEL RIO,16,SAN JUAN DEL RIO,581,2,159,82,3,15,9,117,7,3,4,6,10,,,,415,0,14,429,754
,22,QUERETARO,9,SAN JUAN DEL RIO,16,SAN JUAN DEL RIO,582,2,153,93,6,11,18,163,7,6,4,3,10,,,,474,0,14,488,914
,22,QUERETARO,9,SAN JUAN DEL RIO,16,SAN JUAN DEL RIO,583,3,333,71,22,18,25,309,12,4,7,3,34,,,,838,4,26,868,1776
,22,QUERETARO,9,SAN JUAN DEL RIO,16,SAN JUAN DEL RIO,584,7,848,281,33,69,68,864,17,27,60,26,57,,,,2350,2,65,2417,4872
,22,QUERETARO,9,SAN JUAN DEL RIO,16,SAN JUAN DEL RIO,585,9,867,263,39,60,107,979,33,39,36,25,68,,,,2516,3,88,2607,6620
,22,QUERETARO,9,SAN JUAN DEL RIO,16,SAN JUAN DEL RIO,586,11,1252,265,43,77,92,1209,46,35,41,29,76,,,,3165,4,85,3254,8108
,22,QUERETARO,9,SAN JUAN DEL RIO,16,SAN JUAN DEL RIO,587,2,152,119,5,7,14,170,3,7,3,3,11,,,,494,2,22,518,1138
,22,QUERETARO,9,SAN JUAN DEL RIO,16,SAN JUAN DEL RIO,588,2,189,76,3,17,10,152,6,4,12,5,2,,,,476,3,12,491,858
,22,QUERETARO,9,SAN JUAN DEL RIO,16,SAN JUAN DEL RIO,589,2,261,80,7,18,16,175,6,14,8,8,11,,,,604,0,20,624,1162
,22,QUERETARO,8,SAN JUAN DEL RIO,16,SAN JUAN DEL RIO,590,2,323,114,5,13,20,201,13,7,9,9,14,,,,728,1,22,751,1349
,22,QUERETARO,8,SAN JUAN DEL RIO,16,SAN JUAN DEL RIO,591,2,414,173,10,16,12,168,9,8,2,12,14,,,,838,13,20,871,1362
,22,QUERETARO,8,SAN JUAN DEL RIO,16,SAN JUAN DEL RIO,592,2,219,67,12,15,18,144,12,12,1,7,11,,,,518,0,13,531,1019
,22,QUERETARO,8,SAN JUAN DEL RIO,16,SAN JUAN DEL RIO,593,2,149,80,8,5,13,174,5,15,6,4,4,,,,463,0,23,486,1022
,22,QUERETARO,8,SAN JUAN DEL RIO,16,SAN JUAN DEL RIO,594,2,156,83,4,18,15,177,7,19,11,7,7,,,,504,0,17,521,1071
,22,QUERETARO,9,SAN JUAN DEL RIO,16,SAN JUAN DEL RIO,595,7,848,262,28,47,76,723,27,29,32,28,48,,,,2148,5,68,2221,4894
,22,QUERETARO,9,SAN JUAN DEL RIO,16,SAN JUAN DEL RIO,596,2,140,60,5,14,8,126,7,0,17,10,6,,,,393,0,15,408,879
,22,QUERETARO,9,SAN JUAN DEL RIO,16,SAN JUAN DEL RIO,597,2,208,39,4,4,8,137,4,6,5,5,7,,,,427,1,14,442,783
,22,QUERETARO,9,SAN JUAN DEL RIO,16,SAN JUAN DEL RIO,598,2,255,62,10,10,22,204,6,11,21,3,19,,,,623,1,18,642,1224
,22,QUERETARO,9,SAN JUAN DEL RIO,16,SAN JUAN DEL RIO,599,9,913,253,25,61,114,919,35,18,54,23,67,,,,2482,0,76,2558,6165
,22,QUERETARO,9,SAN JUAN DEL RIO,16,SAN JUAN DEL RIO,600,3,329,124,17,26,52,388,10,10,17,11,12,,,,996,1,25,1022,2137
,22,QUERETARO,9,SAN JUAN DEL RIO,16,SAN JUAN DEL RIO,601,2,184,81,6,14,15,157,6,2,10,4,18,,,,497,0,17,514,913
,22,QUERETARO,8,SAN JUAN DEL RIO,16,SAN JUAN DEL RIO,602,2,183,136,1,20,8,141,2,11,4,7,8,,,,521,0,15,536,1064
,22,QUERETARO,8,SAN JUAN DEL RIO,16,SAN JUAN DEL RIO,603,2,152,127,4,9,13,125,5,7,3,8,8,,,,461,2,16,479,1069
,22,QUERETARO,8,SAN JUAN DEL RIO,16,SAN JUAN DEL RIO,604,2,255,146,3,15,5,147,4,7,0,9,12,,,,603,2,10,615,1011
,22,QUERETARO,8,SAN JUAN DEL RIO,16,SAN JUAN DEL RIO,605,4,409,183,15,19,194,301,18,13,11,19,14,,,,1196,2,36,1234,2698
,22,QUERETARO,8,SAN JUAN DEL RIO,16,SAN JUAN DEL RIO,606,7,588,245,21,39,34,359,9,26,11,14,21,,,,1367,1,53,1421,1718
,22,QUERETARO,8,SAN JUAN DEL RIO,16,SAN JUAN DEL RIO,607,5,470,208,12,21,54,359,11,33,9,18,16,,,,1211,1,43,1255,3010
,22,QUERETARO,10,PEDRO ESCOBEDO,16,SAN JUAN DEL RIO,608,4,854,155,9,8,11,278,11,4,46,16,20,,,,1412,0,36,1448,2849
,22,QUERETARO,10,PEDRO ESCOBEDO,16,SAN JUAN DEL RIO,609,3,624,135,7,16,17,179,11,2,40,12,19,,,,1062,0,37,1099,2083
,22,QUERETARO,10,PEDRO ESCOBEDO,16,SAN JUAN DEL RIO,610,2,289,96,9,14,8,224,7,8,20,8,11,,,,694,0,14,708,1372
,22,QUERETARO,10,PEDRO ESCOBEDO,16,SAN JUAN DEL RIO,611,4,505,272,14,29,21,279,6,8,25,9,17,,,,1185,1,53,1239,2754
,22,QUERETARO,10,PEDRO ESCOBEDO,16,SAN JUAN DEL RIO,612,4,419,137,12,24,18,334,11,8,32,10,8,,,,1013,0,35,1048,2539
,22,QUERETARO,10,PEDRO ESCOBEDO,16,SAN JUAN DEL RIO,613,4,369,134,23,19,39,356,5,14,84,15,8,,,,1066,0,28,1094,2765
,22,QUERETARO,10,PEDRO ESCOBEDO,16,SAN JUAN DEL RIO,614,8,599,247,23,47,36,710,11,14,28,17,24,,,,1756,0,58,1814,4685
,22,QUERETARO,9,SAN JUAN DEL RIO,16,SAN JUAN DEL RIO,615,4,609,140,10,7,17,144,4,6,7,3,9,,,,956,0,41,997,2978
,22,QUERETARO,10,PEDRO ESCOBEDO,16,SAN JUAN DEL RIO,616,5,870,200,13,42,19,376,9,8,19,7,24,,,,1587,1,40,1628,2716
,22,QUERETARO,10,PEDRO ESCOBEDO,16,SAN JUAN DEL RIO,618,3,285,84,12,27,9,277,5,7,24,15,10,,,,755,0,22,777,1769
,22,QUERETARO,8,SAN JUAN DEL RIO,16,SAN JUAN DEL RIO,619,5,642,114,22,33,38,447,13,31,28,25,21,,,,1414,1,61,1476,3566
,22,QUERETARO,10,PEDRO ESCOBEDO,16,SAN JUAN DEL RIO,620,5,660,146,7,23,20,204,4,2,29,31,20,,,,1146,1,41,1188,3105
,22,QUERETARO,10,PEDRO ESCOBEDO,16,SAN JUAN DEL RIO,621,3,528,107,4,6,14,40,3,0,1,5,3,,,,711,0,19,730,1576
,22,QUERETARO,10,PEDRO ESCOBEDO,16,SAN JUAN DEL RIO,622,4,623,88,8,25,21,206,11,4,22,13,22,,,,1043,0,39,1082,2594
,22,QUERETARO,9,SAN JUAN DEL RIO,16,SAN JUAN DEL RIO,624,10,955,364,31,64,86,863,32,35,56,24,49,,,,2559,4,92,2655,6218
,22,QUERETARO,8,SAN JUAN DEL RIO,16,SAN JUAN DEL RIO,625,3,300,82,4,13,21,124,4,3,5,9,10,,,,575,0,16,591,1738
,22,QUERETARO,8,SAN JUAN DEL RIO,16,SAN JUAN DEL RIO,626,3,393,119,9,14,36,188,3,3,10,25,27,,,,827,0,23,850,1793
,22,QUERETARO,9,SAN JUAN DEL RIO,16,SAN JUAN DEL RIO,627,16,1308,292,23,50,123,1352,35,40,42,31,67,,,,3363,2,98,3463,11504
,22,QUERETARO,9,SAN JUAN DEL RIO,16,SAN JUAN DEL RIO,628,1,184,29,0,1,5,30,2,0,1,0,1,,,,253,0,7,260,725
,22,QUERETARO,10,PEDRO ESCOBEDO,16,SAN JUAN DEL RIO,629,3,180,278,13,17,14,83,10,7,45,7,14,,,,668,0,37,705,1981
,22,QUERETARO,8,SAN JUAN DEL RIO,16,SAN JUAN DEL RIO,630,6,417,111,12,6,35,169,8,5,12,4,10,,,,789,0,42,831,1801
,22,QUERETARO,8,SAN JUAN DEL RIO,16,SAN JUAN DEL RIO,631,2,365,106,8,12,24,105,8,2,2,13,5,,,,650,0,21,671,1379
,22,QUERETARO,9,SAN JUAN DEL RIO,16,SAN JUAN DEL RIO,632,8,673,258,19,33,122,583,46,16,33,16,24,,,,1823,1,56,1880,4604
,22,QUERETARO,9,SAN JUAN DEL RIO,16,SAN JUAN DEL RIO,633,3,165,105,2,11,243,152,4,3,10,7,12,,,,714,0,21,735,1797
,22,QUERETARO,9,SAN JUAN DEL RIO,16,SAN JUAN DEL RIO,634,3,223,150,9,10,310,197,7,6,10,2,10,,,,934,0,36,970,2208
,22,QUERETARO,8,SAN JUAN DEL RIO,16,SAN JUAN DEL RIO,635,4,572,335,30,22,41,107,6,10,8,9,15,,,,1155,0,42,1197,2224
,22,QUERETARO,8,SAN JUAN DEL RIO,16,SAN JUAN DEL RIO,636,2,318,145,7,11,23,107,3,3,35,14,12,,,,678,0,33,711,1422
,22,QUERETARO,9,SAN JUAN DEL RIO,16,SAN JUAN DEL RIO,637,3,438,137,3,16,80,202,6,2,26,5,8,,,,923,0,29,952,2073
,22,QUERETARO,9,SAN JUAN DEL RIO,16,SAN JUAN DEL RIO,638,3,264,162,3,7,148,187,7,10,14,10,15,,,,827,0,9,836,1837
,22,QUERETARO,8,SAN JUAN DEL RIO,16,SAN JUAN DEL RIO,639,5,661,288,9,17,42,224,7,4,8,7,11,,,,1278,1,43,1322,2709
,22,QUERETARO,9,SAN JUAN DEL RIO,16,SAN JUAN DEL RIO,640,4,719,136,8,13,30,315,8,3,16,6,3,,,,1257,0,37,1294,2829
,22,QUERETARO,9,SAN JUAN DEL RIO,16,SAN JUAN DEL RIO,641,4,457,286,5,8,67,213,6,7,8,16,19,,,,1092,1,35,1128,2351
,22,QUERETARO,9,SAN JUAN DEL RIO,16,SAN JUAN DEL RIO,642,4,586,174,2,12,53,284,4,6,12,7,16,,,,1156,0,26,1182,2861
,22,QUERETARO,8,SAN JUAN DEL RIO,16,SAN JUAN DEL RIO,643,3,195,255,6,6,16,115,2,2,2,7,3,,,,609,0,25,634,1212
,22,QUERETARO,11,TEQUISQUIAPAN,17,TEQUISQUIAPAN,644,1,385,53,5,6,11,34,,4,6,7,9,1,,,521,0,10,531,699
,22,QUERETARO,11,TEQUISQUIAPAN,17,TEQUISQUIAPAN,645,3,341,174,18,27,22,245,,30,59,116,16,1,,,1049,1,42,1092,1776
,22,QUERETARO,11,TEQUISQUIAPAN,17,TEQUISQUIAPAN,646,3,300,209,48,55,50,359,,42,114,90,28,1,,,1296,3,52,1351,2078
,22,QUERETARO,11,TEQUISQUIAPAN,17,TEQUISQUIAPAN,647,4,345,295,48,71,19,445,,43,57,130,16,1,,,1470,2,54,1526,2431
,22,QUERETARO,11,TEQUISQUIAPAN,17,TEQUISQUIAPAN,648,4,309,334,20,38,23,395,,35,185,309,21,0,,,1669,0,70,1739,2902
,22,QUERETARO,11,TEQUISQUIAPAN,17,TEQUISQUIAPAN,649,2,181,170,10,27,18,133,,21,68,118,9,0,,,755,0,34,789,1247
,22,QUERETARO,11,TEQUISQUIAPAN,17,TEQUISQUIAPAN,650,2,192,190,11,37,13,168,,33,60,143,7,0,,,854,0,42,896,1436
,22,QUERETARO,11,TEQUISQUIAPAN,17,TEQUISQUIAPAN,651,2,196,147,15,20,15,166,,22,56,78,17,2,,,734,1,27,762,1202
,22,QUERETARO,11,TEQUISQUIAPAN,17,TEQUISQUIAPAN,652,1,115,35,4,11,7,43,,5,10,28,5,2,,,265,0,11,276,419
,22,QUERETARO,11,TEQUISQUIAPAN,17,TEQUISQUIAPAN,653,3,278,152,31,36,20,259,,25,38,98,12,1,,,950,18,22,990,1587
,22,QUERETARO,11,TEQUISQUIAPAN,17,TEQUISQUIAPAN,654,2,218,114,20,35,19,257,,21,44,130,15,0,,,873,3,28,904,1428
,22,QUERETARO,11,TEQUISQUIAPAN,17,TEQUISQUIAPAN,655,1,125,88,5,17,6,102,,10,16,48,11,0,,,428,0,13,441,715
,22,QUERETARO,11,TEQUISQUIAPAN,17,TEQUISQUIAPAN,656,5,771,265,23,42,42,416,,66,118,215,38,3,,,1999,2,67,2068,2221
,22,QUERETARO,11,TEQUISQUIAPAN,17,TEQUISQUIAPAN,657,2,253,116,18,29,15,300,,24,54,59,18,0,,,886,2,28,916,1479
,22,QUERETARO,11,TEQUISQUIAPAN,17,TEQUISQUIAPAN,658,3,291,178,25,43,28,407,,40,91,114,25,0,,,1242,1,51,1294,2105
,22,QUERETARO,11,TEQUISQUIAPAN,17,TEQUISQUIAPAN,659,6,412,248,66,46,51,801,,53,150,159,30,2,,,2018,2,78,2098,3585
,22,QUERETARO,11,TEQUISQUIAPAN,17,TEQUISQUIAPAN,660,3,298,337,38,18,43,268,,27,57,157,11,0,,,1254,0,67,1321,2205
,22,QUERETARO,11,TEQUISQUIAPAN,17,TEQUISQUIAPAN,661,3,270,199,57,11,30,245,,15,33,88,27,1,,,976,6,25,1007,1767
,22,QUERETARO,11,TEQUISQUIAPAN,17,TEQUISQUIAPAN,662,2,202,177,26,33,14,132,,17,19,105,12,1,,,738,0,34,772,1194
,22,QUERETARO,11,TEQUISQUIAPAN,17,TEQUISQUIAPAN,663,2,170,98,16,10,16,142,,11,118,85,7,0,,,673,0,45,718,1049
,22,QUERETARO,11,TEQUISQUIAPAN,17,TEQUISQUIAPAN,664,2,294,47,11,3,8,92,,9,14,13,10,1,,,502,0,17,519,781
,22,QUERETARO,11,TEQUISQUIAPAN,17,TEQUISQUIAPAN,665,4,564,219,41,23,31,307,,45,71,88,36,0,,,1425,2,73,1500,2344
,22,QUERETARO,11,TEQUISQUIAPAN,17,TEQUISQUIAPAN,666,5,400,372,29,36,29,357,,44,40,165,17,0,,,1489,1,68,1558,2759
,22,QUERETARO,11,TEQUISQUIAPAN,17,TEQUISQUIAPAN,667,4,344,694,36,9,20,285,,32,35,87,41,1,,,1584,0,56,1640,2644
,22,QUERETARO,11,TEQUISQUIAPAN,17,TEQUISQUIAPAN,668,4,414,254,53,19,30,429,,49,58,112,20,1,,,1439,0,73,1512,2647
,22,QUERETARO,11,TEQUISQUIAPAN,17,TEQUISQUIAPAN,669,3,202,128,40,34,34,302,,35,64,123,56,1,,,1019,0,50,1069,1636
,22,QUERETARO,11,TEQUISQUIAPAN,17,TEQUISQUIAPAN,670,3,336,158,45,20,32,242,,40,41,77,15,0,,,1006,0,41,1047,1587
,22,QUERETARO,11,TEQUISQUIAPAN,17,TEQUISQUIAPAN,671,4,247,123,112,19,36,552,,27,47,125,17,0,,,1305,2,39,1346,2333
,22,QUERETARO,11,TEQUISQUIAPAN,17,TEQUISQUIAPAN,672,4,379,251,64,29,33,310,,50,63,130,37,0,,,1346,2,45,1393,2527
,22,QUERETARO,11,TEQUISQUIAPAN,17,TEQUISQUIAPAN,673,4,409,203,65,39,45,379,,61,75,121,26,0,,,1423,0,58,1481,2736
,22,QUERETARO,14,CADEREYTA DE MONTES,18,TOLIMAN,674,3,357,115,22,24,73,442,,9,0,46,17,,,,1105,0,37,1142,1597
,22,QUERETARO,14,CADEREYTA DE MONTES,18,TOLIMAN,675,3,426,115,13,31,51,510,,9,0,92,19,,,,1266,0,49,1315,1750
,22,QUERETARO,14,CADEREYTA DE MONTES,18,TOLIMAN,676,2,53,35,3,7,8,55,,0,0,16,9,,,,186,0,9,195,275
,22,QUERETARO,14,CADEREYTA DE MONTES,18,TOLIMAN,677,4,308,111,29,37,31,262,,5,0,311,45,,,,1139,0,94,1233,1807
,22,QUERETARO,14,CADEREYTA DE MONTES,18,TOLIMAN,678,2,159,81,16,7,29,263,,1,0,32,49,,,,637,0,26,663,877
,22,QUERETARO,14,CADEREYTA DE MONTES,18,TOLIMAN,679,4,343,159,27,78,64,521,,24,0,476,46,,,,1738,3,121,1862,2658
,22,QUERETARO,14,CADEREYTA DE MONTES,18,TOLIMAN,680,2,268,83,13,18,42,312,,6,0,55,27,,,,824,1,21,846,1132
,22,QUERETARO,14,CADEREYTA DE MONTES,18,TOLIMAN,681,2,283,77,10,23,44,263,,6,0,45,10,,,,761,0,23,784,1065
,22,QUERETARO,14,CADEREYTA DE MONTES,18,TOLIMAN,682,4,495,221,26,29,78,577,,15,0,82,74,,,,1597,0,50,1647,2348
,22,QUERETARO,14,CADEREYTA DE MONTES,18,TOLIMAN,683,3,376,89,14,51,61,501,,10,0,78,73,,,,1253,2,44,1299,1779
,22,QUERETARO,14,CADEREYTA DE MONTES,18,TOLIMAN,684,5,622,124,28,335,101,586,,17,0,74,25,,,,1912,1,85,1998,3039
,22,QUERETARO,14,CADEREYTA DE MONTES,18,TOLIMAN,685,1,28,9,2,5,1,10,,1,0,1,2,,,,59,0,1,60,76
,22,QUERETARO,14,CADEREYTA DE MONTES,18,TOLIMAN,686,2,191,107,14,20,27,157,,3,0,42,33,,,,594,0,28,622,952
,22,QUERETARO,14,CADEREYTA DE MONTES,18,TOLIMAN,687,3,692,194,27,54,53,273,,15,0,121,36,,,,1465,3,51,1519,2161
,22,QUERETARO,6,SANTIAGO DE QUERETARO,5,CORREGIDORA,688,6,1695,243,20,45,38,307,31,40,12,11,21,,,0,2463,1,48,2512,3785
,22,QUERETARO,7,EL PUEBLITO,5,CORREGIDORA,689,1,72,31,1,1,5,57,5,2,4,3,0,,,0,181,0,11,192,537
,22,QUERETARO,7,EL PUEBLITO,5,CORREGIDORA,690,2,147,29,6,4,24,131,21,6,8,3,4,,,0,383,0,14,397,955
,22,QUERETARO,6,SANTIAGO DE QUERETARO,14,QUERETARO,691,1,118,39,3,3,8,75,5,5,5,1,7,,,1,270,1,12,283,745
,22,QUERETARO,6,SANTIAGO DE QUERETARO,14,QUERETARO,692,2,157,59,8,4,17,107,10,4,3,15,4,,,0,388,0,18,406,826
,22,QUERETARO,5,SANTIAGO DE QUERETARO,14,QUERETARO,693,2,167,31,43,8,12,151,5,4,4,9,5,,,,439,2,18,459,977
,22,QUERETARO,7,EL PUEBLITO,5,CORREGIDORA,694,2,190,70,8,7,40,183,14,9,14,17,9,,,0,561,1,8,570,1429
,22,QUERETARO,7,EL PUEBLITO,5,CORREGIDORA,695,4,312,105,16,13,77,255,66,27,25,15,23,,,0,934,0,40,974,2666
,22,QUERETARO,13,SANTA ROSA JAUREGUI,14,QUERETARO,696,2,145,140,4,5,7,184,,2,7,3,9,,,,506,1,13,520,1260
,22,QUERETARO,4,SANTIAGO DE QUERETARO,14,QUERETARO,697,2,191,63,4,16,15,192,1,15,13,12,2,,,,524,1,19,544,1199
,22,QUERETARO,1,SANTIAGO DE QUERETARO,14,QUERETARO,698,2,342,43,4,11,8,220,3,8,10,4,4,,,,657,0,24,681,1332
,22,QUERETARO,1,SANTIAGO DE QUERETARO,14,QUERETARO,699,2,225,57,9,14,9,253,6,3,9,13,7,,,,605,0,12,617,1443
,22,QUERETARO,1,SANTIAGO DE QUERETARO,14,QUERETARO,700,2,278,53,7,12,18,205,2,7,11,9,4,,,,606,0,17,623,1256
,22,QUERETARO,1,SANTIAGO DE QUERETARO,14,QUERETARO,701,2,181,62,8,10,17,232,14,5,7,12,8,,,,556,1,19,576,1278
,22,QUERETARO,1,SANTIAGO DE QUERETARO,14,QUERETARO,702,2,327,56,14,15,6,216,3,6,8,13,6,,,,670,1,9,680,1295
,22,QUERETARO,1,SANTIAGO DE QUERETARO,14,QUERETARO,703,2,282,62,9,8,16,221,8,3,8,9,8,,,,634,1,19,654,1315
,22,QUERETARO,4,SANTIAGO DE QUERETARO,14,QUERETARO,704,2,242,54,6,19,17,174,9,15,7,5,5,,,,553,1,15,569,1154
,22,QUERETARO,4,SANTIAGO DE QUERETARO,14,QUERETARO,705,2,207,59,6,20,21,205,6,4,12,5,8,,,,553,7,18,578,1185
,22,QUERETARO,4,SANTIAGO DE QUERETARO,14,QUERETARO,706,2,207,58,2,20,17,154,3,12,12,19,12,,,,516,2,20,538,1105
,22,QUERETARO,4,SANTIAGO DE QUERETARO,14,QUERETARO,707,2,143,55,1,6,17,170,4,6,20,10,8,,,,440,3,21,464,1119
,22,QUERETARO,4,SANTIAGO DE QUERETARO,14,QUERETARO,708,2,90,50,6,14,12,166,7,5,9,18,3,,,,380,0,25,405,959
,22,QUERETARO,4,SANTIAGO DE QUERETARO,14,QUERETARO,709,2,127,64,3,9,13,173,2,3,6,11,5,,,,416,2,10,428,1000
,22,QUERETARO,4,SANTIAGO DE QUERETARO,14,QUERETARO,710,2,152,83,1,9,11,180,2,3,11,3,10,,,,465,0,22,487,1234
,22,QUERETARO,4,SANTIAGO DE QUERETARO,14,QUERETARO,711,2,231,55,4,18,17,207,11,12,17,8,4,,,,584,1,16,601,1200
,22,QUERETARO,4,SANTIAGO DE QUERETARO,14,QUERETARO,712,2,239,78,4,10,6,237,3,16,4,7,10,,,,614,0,35,649,1247
,22,QUERETARO,4,SANTIAGO DE QUERETARO,14,QUERETARO,713,2,342,29,4,20,9,160,5,9,3,2,5,,,,588,0,20,608,1158
,22,QUERETARO,4,SANTIAGO DE QUERETARO,14,QUERETARO,714,2,288,62,7,21,13,201,8,13,9,6,6,,,,634,1,12,647,1190
,22,QUERETARO,4,SANTIAGO DE QUERETARO,14,QUERETARO,715,3,425,88,7,26,31,212,12,145,14,4,10,,,,974,1,36,1011,1931
,22,QUERETARO,4,SANTIAGO DE QUERETARO,14,QUERETARO,716,2,339,42,15,27,16,198,6,11,8,6,3,,,,671,0,21,692,1317
,22,QUERETARO,4,SANTIAGO DE QUERETARO,14,QUERETARO,717,2,229,42,2,23,21,234,7,11,9,13,3,,,,594,0,10,604,1199
,22,QUERETARO,4,SANTIAGO DE QUERETARO,14,QUERETARO,718,3,200,80,4,15,18,249,3,22,19,2,9,,,,621,0,30,651,1617
,22,QUERETARO,4,SANTIAGO DE QUERETARO,14,QUERETARO,719,2,282,60,6,29,17,293,8,15,11,6,10,,,,737,0,17,754,1379
,22,QUERETARO,4,SANTIAGO DE QUERETARO,14,QUERETARO,720,2,161,38,3,12,15,200,3,10,6,7,1,,,,456,0,14,470,852
,22,QUERETARO,4,SANTIAGO DE QUERETARO,14,QUERETARO,721,2,127,24,2,8,14,174,3,6,6,1,1,,,,366,0,15,381,792
,22,QUERETARO,4,SANTIAGO DE QUERETARO,14,QUERETARO,722,3,371,63,8,24,20,275,3,20,8,6,8,,,,806,2,26,834,1733
,22,QUERETARO,4,SANTIAGO DE QUERETARO,14,QUERETARO,723,3,418,82,11,27,21,364,6,18,22,9,13,,,,991,5,25,1021,2036
,22,QUERETARO,4,SANTIAGO DE QUERETARO,14,QUERETARO,724,2,169,56,4,18,12,190,8,13,15,4,5,,,,494,0,18,512,1094
,22,QUERETARO,4,SANTIAGO DE QUERETARO,14,QUERETARO,725,4,592,79,7,22,28,384,21,31,14,27,9,,,,1214,2,27,1243,2599
,22,QUERETARO,4,SANTIAGO DE QUERETARO,14,QUERETARO,726,2,72,44,2,12,12,236,8,7,4,8,4,,,,409,0,16,425,1068
,22,QUERETARO,4,SANTIAGO DE QUERETARO,14,QUERETARO,727,5,641,100,9,29,31,364,12,19,20,13,13,,,,1251,4,27,1282,3126
,22,QUERETARO,4,SANTIAGO DE QUERETARO,14,QUERETARO,728,2,235,44,9,17,26,169,9,14,9,5,7,,,,544,2,12,558,1086
,22,QUERETARO,4,SANTIAGO DE QUERETARO,14,QUERETARO,729,2,177,53,12,19,19,216,2,7,5,7,5,,,,522,0,20,542,1103
,22,QUERETARO,1,SANTIAGO DE QUERETARO,14,QUERETARO,730,1,110,27,7,9,1,127,2,2,9,10,6,,,,310,0,10,320,529
,22,QUERETARO,1,SANTIAGO DE QUERETARO,14,QUERETARO,731,2,237,43,9,13,8,171,5,4,8,2,3,,,,503,0,11,514,934
,22,QUERETARO,1,SANTIAGO DE QUERETARO,14,QUERETARO,732,3,378,83,11,21,9,224,2,8,15,13,10,,,,774,0,17,791,1518
,22,QUERETARO,1,SANTIAGO DE QUERETARO,14,QUERETARO,733,3,269,69,4,10,10,282,5,7,9,11,5,,,,681,0,18,699,1685
,22,QUERETARO,3,SANTIAGO DE QUERETARO,14,QUERETARO,734,1,137,13,5,7,6,96,4,4,2,2,12,2,,,290,0,10,300,550
,22,QUERETARO,3,SANTIAGO DE QUERETARO,14,QUERETARO,735,1,163,19,7,5,6,106,4,2,0,1,7,3,,,323,0,13,336,578
,22,QUERETARO,3,SANTIAGO DE QUERETARO,14,QUERETARO,736,2,178,37,8,11,10,171,5,5,6,3,16,4,,,454,0,13,467,1044
,22,QUERETARO,3,SANTIAGO DE QUERETARO,14,QUERETARO,737,2,178,38,4,18,16,154,2,5,2,0,17,2,,,436,0,6,442,1000
,22,QUERETARO,3,SANTIAGO DE QUERETARO,14,QUERETARO,738,2,197,39,6,17,9,129,6,12,2,4,18,4,,,443,1,10,454,1009
,22,QUERETARO,3,SANTIAGO DE QUERETARO,14,QUERETARO,739,2,180,42,8,21,13,192,5,3,5,4,18,0,,,491,0,20,511,1170
,22,QUERETARO,3,SANTIAGO DE QUERETARO,14,QUERETARO,740,2,182,48,10,22,9,188,5,8,4,5,18,0,,,499,1,18,518,1235
,22,QUERETARO,3,SANTIAGO DE QUERETARO,14,QUERETARO,741,2,186,58,8,27,8,183,10,5,1,5,18,3,,,512,0,14,526,1229
,22,QUERETARO,3,SANTIAGO DE QUERETARO,14,QUERETARO,742,2,224,43,8,22,4,180,0,5,3,3,11,2,,,505,0,11,516,1147
,22,QUERETARO,3,SANTIAGO DE QUERETARO,14,QUERETARO,743,2,302,38,17,16,4,207,4,7,3,7,22,2,,,629,2,19,650,1431
,22,QUERETARO,3,SANTIAGO DE QUERETARO,14,QUERETARO,744,2,219,41,6,13,17,193,6,6,7,2,7,1,,,518,0,8,526,1134
,22,QUERETARO,3,SANTIAGO DE QUERETARO,14,QUERETARO,745,2,208,30,9,16,7,225,3,12,6,3,26,0,,,545,0,19,564,1118
,22,QUERETARO,3,SANTIAGO DE QUERETARO,14,QUERETARO,746,1,54,4,2,4,7,46,3,3,0,0,7,1,,,131,0,3,134,356
,22,QUERETARO,3,SANTIAGO DE QUERETARO,14,QUERETARO,747,2,241,45,13,10,10,217,4,9,4,6,10,2,,,571,0,19,590,1296
,22,QUERETARO,3,SANTIAGO DE QUERETARO,14,QUERETARO,748,1,88,8,3,1,6,82,0,2,0,6,9,1,,,206,1,6,213,465
,22,QUERETARO,3,SANTIAGO DE QUERETARO,14,QUERETARO,749,1,111,20,4,6,3,106,3,4,1,2,7,2,,,269,1,8,278,670
,22,QUERETARO,3,SANTIAGO DE QUERETARO,14,QUERETARO,750,2,223,35,4,14,14,193,3,18,2,7,24,6,,,543,1,14,558,1111
,22,QUERETARO,3,SANTIAGO DE QUERETARO,14,QUERETARO,751,3,494,58,12,50,18,352,5,16,8,6,43,7,,,1069,3,23,1095,2126
,22,QUERETARO,3,SANTIAGO DE QUERETARO,14,QUERETARO,752,2,319,46,9,14,15,202,7,6,2,3,21,5,,,649,1,11,661,1425
,22,QUERETARO,3,SANTIAGO DE QUERETARO,14,QUERETARO,753,7,1015,98,16,66,28,710,16,37,11,18,76,4,,,2095,0,56,2151,5220
,22,QUERETARO,13,SANTA ROSA JAUREGUI,14,QUERETARO,754,17,2091,528,54,69,141,1520,,28,27,56,66,,,,4580,7,94,4681,12608
,22,QUERETARO,3,SANTIAGO DE QUERETARO,14,QUERETARO,755,2,277,40,10,33,15,227,4,10,6,6,23,1,,,652,0,24,676,1377
,22,QUERETARO,3,SANTIAGO DE QUERETARO,14,QUERETARO,756,2,229,36,7,39,5,175,2,3,3,5,28,4,,,536,1,18,555,1185
,22,QUERETARO,3,SANTIAGO DE QUERETARO,14,QUERETARO,757,1,104,20,5,20,4,96,2,0,2,2,10,5,,,270,0,11,281,663
,22,QUERETARO,2,SANTIAGO DE QUERETARO,14,QUERETARO,758,3,169,41,6,13,18,191,4,6,12,9,6,5,,,480,0,19,499,1581
,22,QUERETARO,13,SANTA ROSA JAUREGUI,14,QUERETARO,759,4,406,123,18,21,31,307,,7,8,21,22,,,,964,0,22,986,2532
,22,QUERETARO,12,LA CAÑADA,10,EL MARQUES,760,2,191,152,9,4,13,165,5,1,10,2,13,,,,565,0,21,586,1029
,22,QUERETARO,12,LA CAÑADA,10,EL MARQUES,761,11,3432,266,59,86,60,788,30,18,24,17,29,,,,4809,4,64,4877,7955
,22,QUERETARO,12,LA CAÑADA,10,EL MARQUES,762,3,447,127,7,12,13,229,13,8,2,11,9,,,,878,2,21,901,1857
,22,QUERETARO,12,LA CAÑADA,10,EL MARQUES,763,3,466,170,8,10,10,185,6,2,5,9,5,,,,876,0,36,912,1826
,22,QUERETARO,6,SANTIAGO DE QUERETARO,5,CORREGIDORA,764,2,234,78,7,20,18,116,18,12,14,2,16,,,0,535,0,17,552,1194
,22,QUERETARO,7,EL PUEBLITO,5,CORREGIDORA,765,2,420,55,6,12,34,116,9,7,7,10,10,,,0,686,0,18,704,1089
,22,QUERETARO,7,EL PUEBLITO,5,CORREGIDORA,766,2,337,48,4,8,26,103,6,16,15,7,7,,,1,578,0,6,584,953
,22,QUERETARO,7,EL PUEBLITO,5,CORREGIDORA,767,2,417,62,6,4,47,145,11,7,11,8,7,,,0,725,0,18,743,1129
,22,QUERETARO,7,EL PUEBLITO,5,CORREGIDORA,768,1,262,28,1,3,19,79,2,9,4,8,4,,,0,419,0,14,433,646
,22,QUERETARO,7,EL PUEBLITO,5,CORREGIDORA,769,2,205,28,9,4,32,118,10,11,4,4,3,,,0,428,0,7,435,813
,22,QUERETARO,7,EL PUEBLITO,5,CORREGIDORA,770,3,465,69,9,5,40,160,14,23,8,9,6,,,0,808,4,22,834,1556
,22,QUERETARO,7,EL PUEBLITO,5,CORREGIDORA,771,1,278,40,7,6,14,70,5,10,0,5,4,,,0,439,2,10,451,629
,22,QUERETARO,7,EL PUEBLITO,5,CORREGIDORA,772,2,444,68,9,10,46,167,15,12,6,8,5,,,0,790,1,9,800,1300
,22,QUERETARO,7,EL PUEBLITO,5,CORREGIDORA,773,1,163,25,5,2,15,72,22,6,6,3,2,,,0,321,1,7,329,701
,22,QUERETARO,7,EL PUEBLITO,5,CORREGIDORA,774,1,316,36,5,10,12,65,3,8,1,7,1,,,0,464,1,11,476,718
,22,QUERETARO,7,EL PUEBLITO,5,CORREGIDORA,775,2,446,70,7,4,24,114,7,8,7,8,5,,,1,701,2,10,713,1086
,22,QUERETARO,7,EL PUEBLITO,5,CORREGIDORA,776,2,372,66,12,6,45,104,5,8,3,6,16,,,0,643,0,9,652,1029
,22,QUERETARO,7,EL PUEBLITO,5,CORREGIDORA,777,2,362,57,9,5,31,96,7,9,4,2,3,,,0,585,1,17,603,946
,22,QUERETARO,7,EL PUEBLITO,5,CORREGIDORA,778,2,427,68,8,7,29,125,3,16,6,10,12,,,0,711,1,9,721,1174
,22,QUERETARO,7,EL PUEBLITO,5,CORREGIDORA,779,2,322,47,8,2,24,129,6,5,9,10,6,,,0,568,1,16,585,979
,22,QUERETARO,7,EL PUEBLITO,5,CORREGIDORA,780,1,179,33,2,3,15,63,3,6,1,3,4,,,0,312,1,4,317,492
,22,QUERETARO,7,EL PUEBLITO,5,CORREGIDORA,781,1,165,20,1,3,14,43,3,4,4,0,3,,,0,260,0,1,261,426
,22,QUERETARO,7,EL PUEBLITO,5,CORREGIDORA,782,2,401,59,5,7,36,99,6,9,4,9,3,,,0,638,0,14,652,1018
,22,QUERETARO,7,EL PUEBLITO,5,CORREGIDORA,783,1,310,33,8,3,22,72,10,6,3,5,5,,,1,478,0,12,490,732
,22,QUERETARO,7,EL PUEBLITO,5,CORREGIDORA,784,3,476,72,9,9,51,191,16,14,7,12,12,,,0,869,0,28,897,1551
,22,QUERETARO,7,EL PUEBLITO,5,CORREGIDORA,785,3,526,75,18,10,58,199,13,19,9,17,11,,,0,955,0,30,985,1583
,22,QUERETARO,7,EL PUEBLITO,5,CORREGIDORA,786,2,431,50,9,9,27,84,6,4,6,4,1,,,1,632,0,23,655,1023
,22,QUERETARO,7,EL PUEBLITO,5,CORREGIDORA,787,1,232,20,9,4,8,27,3,3,1,1,2,,,0,310,0,3,313,426
,22,QUERETARO,7,EL PUEBLITO,5,CORREGIDORA,788,3,380,85,12,8,50,206,20,9,8,10,18,,,0,806,1,18,825,2198
,22,QUERETARO,7,EL PUEBLITO,5,CORREGIDORA,789,2,536,59,13,10,23,127,7,4,5,11,9,,,0,804,0,12,816,1344
,22,QUERETARO,7,EL PUEBLITO,5,CORREGIDORA,790,2,356,41,4,12,13,88,4,8,6,7,3,,,1,543,0,13,556,852
,22,QUERETARO,7,EL PUEBLITO,5,CORREGIDORA,791,2,409,73,14,7,45,170,6,11,4,10,6,,,0,755,0,14,769,1307
,22,QUERETARO,7,EL PUEBLITO,5,CORREGIDORA,792,2,475,38,11,12,32,105,5,12,5,12,3,,,0,710,0,14,724,1148
,22,QUERETARO,7,EL PUEBLITO,5,CORREGIDORA,793,2,514,70,12,4,36,175,6,13,10,7,8,,,0,855,3,15,873,1346
,22,QUERETARO,7,EL PUEBLITO,5,CORREGIDORA,794,1,273,22,4,3,27,73,6,6,5,5,3,,,0,427,1,9,437,705
,22,QUERETARO,7,EL PUEBLITO,5,CORREGIDORA,795,2,407,47,10,6,29,160,4,8,5,7,7,,,0,690,1,17,708,1231
,22,QUERETARO,7,EL PUEBLITO,5,CORREGIDORA,796,1,210,40,4,2,14,51,0,8,3,3,0,,,0,335,0,7,342,501
,22,QUERETARO,9,SAN JUAN DEL RIO,16,SAN JUAN DEL RIO,797,2,171,52,3,13,12,138,15,5,3,5,11,,,,428,0,17,445,801
,22,QUERETARO,9,SAN JUAN DEL RIO,16,SAN JUAN DEL RIO,798,2,223,70,10,18,14,213,6,14,3,6,11,,,,588,2,14,604,1181
,22,QUERETARO,9,SAN JUAN DEL RIO,16,SAN JUAN DEL RIO,799,2,224,103,9,10,23,170,5,12,19,8,13,,,,596,0,17,613,1335
,22,QUERETARO,9,SAN JUAN DEL RIO,16,SAN JUAN DEL RIO,800,1,163,18,2,1,11,93,7,4,5,1,3,,,,308,1,10,319,599
,22,QUERETARO,9,SAN JUAN DEL RIO,16,SAN JUAN DEL RIO,801,2,182,49,8,10,14,182,6,11,6,5,7,,,,480,1,15,496,1077
,22,QUERETARO,9,SAN JUAN DEL RIO,16,SAN JUAN DEL RIO,802,3,242,103,9,13,18,237,6,14,10,8,19,,,,679,1,21,701,1519
,22,QUERETARO,9,SAN JUAN DEL RIO,16,SAN JUAN DEL RIO,803,2,128,53,3,10,8,143,7,7,5,7,6,,,,377,1,17,395,824
,22,QUERETARO,9,SAN JUAN DEL RIO,16,SAN JUAN DEL RIO,804,3,348,90,10,18,17,292,12,8,6,4,15,,,,820,1,21,842,1674
,22,QUERETARO,9,SAN JUAN DEL RIO,16,SAN JUAN DEL RIO,805,2,138,59,5,9,15,163,4,11,2,3,12,,,,421,2,8,431,931
,22,QUERETARO,9,SAN JUAN DEL RIO,16,SAN JUAN DEL RIO,806,2,184,56,9,8,15,167,4,2,6,5,15,,,,471,1,15,487,812
,22,QUERETARO,9,SAN JUAN DEL RIO,16,SAN JUAN DEL RIO,807,2,209,60,5,7,15,179,6,3,13,2,10,,,,509,1,9,519,1059
,22,QUERETARO,9,SAN JUAN DEL RIO,16,SAN JUAN DEL RIO,808,2,298,90,7,14,17,239,4,10,9,4,11,,,,703,0,10,713,1398
,22,QUERETARO,9,SAN JUAN DEL RIO,16,SAN JUAN DEL RIO,809,2,244,67,9,13,21,197,17,8,7,5,9,,,,597,2,20,619,1379
,22,QUERETARO,9,SAN JUAN DEL RIO,16,SAN JUAN DEL RIO,810,2,299,68,5,10,17,227,8,8,2,5,12,,,,661,0,9,670,1324
,22,QUERETARO,9,SAN JUAN DEL RIO,16,SAN JUAN DEL RIO,811,2,178,42,7,19,11,153,4,6,2,4,8,,,,434,0,18,452,754
,22,QUERETARO,9,SAN JUAN DEL RIO,16,SAN JUAN DEL RIO,812,1,149,44,5,11,7,107,3,2,0,1,6,,,,335,2,11,348,612
,22,QUERETARO,9,SAN JUAN DEL RIO,16,SAN JUAN DEL RIO,813,2,190,71,7,7,14,126,5,6,8,1,10,,,,445,0,7,452,787
,22,QUERETARO,9,SAN JUAN DEL RIO,16,SAN JUAN DEL RIO,814,2,206,53,12,17,12,176,7,11,11,5,12,,,,522,0,15,537,1125
,22,QUERETARO,9,SAN JUAN DEL RIO,16,SAN JUAN DEL RIO,815,2,137,40,5,9,21,129,8,3,6,2,16,,,,376,0,10,386,770
,22,QUERETARO,9,SAN JUAN DEL RIO,16,SAN JUAN DEL RIO,816,2,255,41,3,12,13,172,4,5,1,5,13,,,,524,0,11,535,910
,22,QUERETARO,9,SAN JUAN DEL RIO,16,SAN JUAN DEL RIO,817,2,154,60,4,13,8,154,7,5,5,3,11,,,,424,1,14,439,815
,22,QUERETARO,9,SAN JUAN DEL RIO,16,SAN JUAN DEL RIO,818,2,200,61,7,20,14,179,9,7,12,6,9,,,,524,1,25,550,1004
,22,QUERETARO,2,SANTIAGO DE QUERETARO,14,QUERETARO,819,2,208,49,3,11,12,145,3,2,2,2,6,0,,,443,0,10,453,840
,22,QUERETARO,2,SANTIAGO DE QUERETARO,14,QUERETARO,820,2,240,34,5,10,23,178,3,5,6,4,5,0,,,513,0,9,522,1028
,22,QUERETARO,2,SANTIAGO DE QUERETARO,14,QUERETARO,821,1,145,18,3,10,11,110,0,5,9,3,3,0,,,317,0,10,327,680
,22,QUERETARO,3,SANTIAGO DE QUERETARO,14,QUERETARO,822,2,315,35,7,27,9,182,5,9,3,3,21,1,,,617,0,6,623,1114
,22,QUERETARO,3,SANTIAGO DE QUERETARO,14,QUERETARO,823,1,154,11,3,8,4,85,2,5,1,2,8,0,,,283,0,8,291,585
,22,QUERETARO,3,SANTIAGO DE QUERETARO,14,QUERETARO,824,1,72,6,0,4,2,73,1,3,0,1,4,1,,,167,1,3,171,434
,22,QUERETARO,2,SANTIAGO DE QUERETARO,14,QUERETARO,825,2,168,31,2,13,22,147,2,1,8,4,8,0,,,406,0,3,409,1052
,22,QUERETARO,3,SANTIAGO DE QUERETARO,14,QUERETARO,826,1,144,15,3,15,2,103,4,7,2,2,19,1,,,317,0,4,321,735
,22,QUERETARO,2,SANTIAGO DE QUERETARO,14,QUERETARO,827,2,114,27,3,4,10,126,1,2,14,4,4,1,,,310,0,15,325,914
,22,QUERETARO,3,SANTIAGO DE QUERETARO,14,QUERETARO,828,1,113,17,4,12,6,86,0,5,0,1,16,1,,,261,0,10,271,499
,22,QUERETARO,2,SANTIAGO DE QUERETARO,14,QUERETARO,829,2,113,27,7,7,12,100,1,4,8,1,5,0,,,285,0,3,288,818
,22,QUERETARO,2,SANTIAGO DE QUERETARO,14,QUERETARO,830,2,131,21,3,8,12,186,2,7,2,6,8,3,,,389,1,13,403,1014
,22,QUERETARO,3,SANTIAGO DE QUERETARO,14,QUERETARO,831,1,166,15,6,14,5,76,1,4,0,1,11,3,,,302,1,3,306,588
,22,QUERETARO,3,SANTIAGO DE QUERETARO,14,QUERETARO,832,1,145,22,4,22,5,116,4,1,3,3,20,0,,,345,1,7,353,748
,22,QUERETARO,3,SANTIAGO DE QUERETARO,14,QUERETARO,833,2,193,39,4,20,5,147,5,15,3,1,10,3,,,445,0,21,466,812
,22,QUERETARO,3,SANTIAGO DE QUERETARO,14,QUERETARO,834,1,163,10,6,13,5,108,1,0,0,2,22,0,,,330,0,8,338,733
,22,QUERETARO,2,SANTIAGO DE QUERETARO,14,QUERETARO,835,1,184,41,4,4,11,93,1,2,6,2,6,0,,,354,0,12,366,652
,22,QUERETARO,2,SANTIAGO DE QUERETARO,14,QUERETARO,836,2,157,30,6,14,18,163,4,5,8,5,7,1,,,418,1,8,427,906
,22,QUERETARO,3,SANTIAGO DE QUERETARO,14,QUERETARO,837,2,184,39,10,13,7,113,0,7,1,5,17,0,,,396,0,7,403,826
,22,QUERETARO,2,SANTIAGO DE QUERETARO,14,QUERETARO,838,2,140,25,6,7,16,111,1,3,3,3,5,5,,,325,0,6,331,864
,22,QUERETARO,3,SANTIAGO DE QUERETARO,14,QUERETARO,839,1,155,23,6,15,1,103,2,2,1,1,14,0,,,323,0,5,328,677
,22,QUERETARO,2,SANTIAGO DE QUERETARO,14,QUERETARO,840,2,105,41,3,11,11,98,3,3,9,7,7,2,,,300,0,9,309,1030
,22,QUERETARO,2,SANTIAGO DE QUERETARO,14,QUERETARO,841,1,74,11,2,3,6,77,1,2,3,3,1,0,,,183,0,7,190,517
,22,QUERETARO,2,SANTIAGO DE QUERETARO,14,QUERETARO,842,2,104,59,3,6,8,123,0,1,9,11,7,2,,,333,0,19,352,823
,22,QUERETARO,2,SANTIAGO DE QUERETARO,14,QUERETARO,843,2,98,20,8,8,10,98,3,3,4,2,2,4,,,260,0,6,266,800
,22,QUERETARO,2,SANTIAGO DE QUERETARO,14,QUERETARO,844,1,75,32,2,3,9,107,5,2,5,1,2,1,,,244,0,7,251,687
,22,QUERETARO,2,SANTIAGO DE QUERETARO,14,QUERETARO,845,1,93,32,2,11,10,91,4,5,4,2,4,6,,,264,0,9,273,651
,22,QUERETARO,2,SANTIAGO DE QUERETARO,14,QUERETARO,846,3,419,47,9,23,31,232,13,9,9,11,8,3,,,814,2,10,826,2247
,22,QUERETARO,2,SANTIAGO DE QUERETARO,14,QUERETARO,847,1,119,24,4,3,7,66,0,1,3,5,4,1,,,237,0,8,245,637
,22,QUERETARO,2,SANTIAGO DE QUERETARO,14,QUERETARO,848,1,63,20,5,6,9,80,3,2,2,3,3,1,,,197,1,6,204,553
,22,QUERETARO,2,SANTIAGO DE QUERETARO,14,QUERETARO,849,1,104,29,0,8,13,88,1,5,3,4,2,2,,,259,0,10,269,690
,22,QUERETARO,2,SANTIAGO DE QUERETARO,14,QUERETARO,850,2,106,15,6,1,13,76,0,0,6,2,5,4,,,234,0,7,241,754
,22,QUERETARO,2,SANTIAGO DE QUERETARO,14,QUERETARO,851,2,111,23,6,5,3,99,1,6,7,4,6,4,,,275,0,13,288,793
,22,QUERETARO,2,SANTIAGO DE QUERETARO,14,QUERETARO,852,1,107,22,3,12,7,76,5,1,6,2,3,0,,,244,1,7,252,651
,22,QUERETARO,2,SANTIAGO DE QUERETARO,14,QUERETARO,853,1,149,19,4,4,14,67,3,2,2,6,3,3,,,276,0,11,287,702
,22,QUERETARO,2,SANTIAGO DE QUERETARO,14,QUERETARO,854,2,271,28,3,14,23,157,4,8,9,12,8,4,,,541,1,13,555,1296
,22,QUERETARO,2,SANTIAGO DE QUERETARO,14,QUERETARO,855,2,204,34,7,18,17,140,2,4,10,5,6,0,,,447,0,15,462,1103
,22,QUERETARO,3,SANTIAGO DE QUERETARO,14,QUERETARO,856,3,293,53,4,18,15,242,4,11,4,16,42,3,,,705,1,10,716,1651
,22,QUERETARO,3,SANTIAGO DE QUERETARO,14,QUERETARO,857,4,391,37,10,39,22,344,7,10,2,14,39,6,,,921,2,18,941,2256
,22,QUERETARO,3,SANTIAGO DE QUERETARO,14,QUERETARO,858,2,241,23,5,19,5,197,10,7,4,1,30,7,,,549,0,19,568,1379
,22,QUERETARO,3,SANTIAGO DE QUERETARO,14,QUERETARO,859,3,349,41,14,27,14,297,6,9,4,8,18,3,,,790,1,17,808,2097
,22,QUERETARO,3,SANTIAGO DE QUERETARO,14,QUERETARO,860,3,301,42,3,18,17,280,6,12,0,2,25,7,,,713,1,23,737,2002
,22,QUERETARO,3,SANTIAGO DE QUERETARO,14,QUERETARO,861,3,261,41,8,22,9,243,7,6,3,5,18,1,,,624,0,21,645,1612
,22,QUERETARO,3,SANTIAGO DE QUERETARO,14,QUERETARO,862,4,377,70,12,28,14,353,18,10,7,10,43,5,,,947,3,28,978,2520
,22,QUERETARO,3,SANTIAGO DE QUERETARO,14,QUERETARO,863,2,154,52,11,14,11,161,7,5,6,10,26,1,,,458,0,18,476,1164
,22,QUERETARO,3,SANTIAGO DE QUERETARO,14,QUERETARO,864,3,368,65,21,37,19,312,8,12,10,10,53,8,,,923,0,31,954,2179
,22,QUERETARO,3,SANTIAGO DE QUERETARO,14,QUERETARO,865,3,212,48,13,17,10,256,10,8,9,9,43,3,,,638,0,27,665,1592
,22,QUERETARO,3,SANTIAGO DE QUERETARO,14,QUERETARO,866,4,293,44,11,32,20,370,8,6,5,4,42,6,,,841,0,26,867,2362
,22,QUERETARO,4,SANTIAGO DE QUERETARO,14,QUERETARO,867,3,181,54,5,9,13,157,4,7,14,4,6,,,,454,0,9,463,1605
,22,QUERETARO,4,SANTIAGO DE QUERETARO,14,QUERETARO,868,4,466,165,6,17,20,304,6,10,9,5,10,,,,1018,0,27,1045,2325
,22,QUERETARO,4,SANTIAGO DE QUERETARO,14,QUERETARO,869,3,907,40,6,22,11,160,7,14,2,0,7,,,,1176,0,11,1187,1773
,22,QUERETARO,4,SANTIAGO DE QUERETARO,14,QUERETARO,870,3,947,43,9,25,16,134,12,16,2,1,4,,,,1209,1,11,1221,1759
,22,QUERETARO,4,SANTIAGO DE QUERETARO,14,QUERETARO,871,3,209,82,4,10,21,229,4,6,11,8,7,,,,591,2,17,610,2049
,22,QUERETARO,4,SANTIAGO DE QUERETARO,14,QUERETARO,872,2,185,63,5,4,13,139,3,3,13,11,5,,,,444,1,14,459,1495
,22,QUERETARO,4,SANTIAGO DE QUERETARO,14,QUERETARO,873,5,352,105,6,36,39,386,10,7,22,12,4,,,,979,2,37,1018,3149
,22,QUERETARO,4,SANTIAGO DE QUERETARO,14,QUERETARO,874,1,89,24,0,15,9,111,0,0,7,1,3,,,,259,0,7,266,686
,22,QUERETARO,4,SANTIAGO DE QUERETARO,14,QUERETARO,875,2,184,71,3,11,15,170,10,0,10,2,4,,,,480,0,16,496,1438
,22,QUERETARO,4,SANTIAGO DE QUERETARO,14,QUERETARO,876,3,233,71,2,16,16,221,5,6,13,8,10,,,,601,0,17,618,1534
,22,QUERETARO,4,SANTIAGO DE QUERETARO,14,QUERETARO,877,4,231,111,2,22,18,248,7,12,14,15,5,,,,685,0,25,710,2255
,22,QUERETARO,4,SANTIAGO DE QUERETARO,14,QUERETARO,878,2,158,70,9,15,8,179,5,3,9,5,4,,,,465,0,5,470,1479
,22,QUERETARO,13,SANTA ROSA JAUREGUI,14,QUERETARO,879,3,900,112,9,14,11,135,,7,5,8,3,,,,1204,0,10,1214,1877
,22,QUERETARO,13,SANTA ROSA JAUREGUI,14,QUERETARO,880,2,488,56,2,5,5,46,,2,1,1,1,,,,607,0,9,616,825
,22,QUERETARO,13,SANTA ROSA JAUREGUI,14,QUERETARO,881,2,779,74,8,13,9,94,,3,0,1,5,,,,986,0,11,997,1454
,22,QUERETARO,13,SANTA ROSA JAUREGUI,14,QUERETARO,882,2,644,91,7,10,11,105,,4,2,4,19,,,,897,1,14,912,1471
,22,QUERETARO,13,SANTA ROSA JAUREGUI,14,QUERETARO,883,2,749,69,11,10,5,50,,2,2,0,3,,,,901,0,14,915,1378
,22,QUERETARO,13,SANTA ROSA JAUREGUI,14,QUERETARO,884,3,937,80,11,6,9,91,,1,1,1,5,,,,1142,3,4,1149,1548
,22,QUERETARO,13,SANTA ROSA JAUREGUI,14,QUERETARO,885,3,630,100,3,14,7,117,,4,0,5,7,,,,887,0,7,894,1532
,22,QUERETARO,13,SANTA ROSA JAUREGUI,14,QUERETARO,886,2,791,78,7,7,3,64,,2,0,0,7,,,,959,0,8,967,1343
,22,QUERETARO,13,SANTA ROSA JAUREGUI,14,QUERETARO,887,4,1442,118,7,8,14,140,,6,1,4,5,,,,1745,0,12,1757,2270
,22,QUERETARO,13,SANTA ROSA JAUREGUI,14,QUERETARO,888,2,790,67,5,8,6,58,,0,0,3,5,,,,942,0,5,947,1308
,22,QUERETARO,13,SANTA ROSA JAUREGUI,14,QUERETARO,889,4,1451,96,5,15,14,115,,7,1,5,7,,,,1716,1,11,1728,2333
,22,QUERETARO,13,SANTA ROSA JAUREGUI,14,QUERETARO,890,5,1655,143,14,12,14,147,,14,1,5,13,,,,2018,1,14,2033,3064
,22,QUERETARO,13,SANTA ROSA JAUREGUI,14,QUERETARO,891,2,778,91,6,7,6,80,,13,2,1,4,,,,988,0,7,995,1445
,22,QUERETARO,14,CADEREYTA DE MONTES,3,CADEREYTA DE MONTES,892,5,555,455,5,14,109,358,,7,0,16,65,,,,1584,2,46,1632,3025
,22,QUERETARO,14,CADEREYTA DE MONTES,3,CADEREYTA DE MONTES,893,1,124,69,5,1,55,74,,0,0,3,11,,,,342,0,14,356,611
,22,QUERETARO,11,TEQUISQUIAPAN,4,COLON,894,3,296,251,8,15,29,178,,43,28,36,31,7,,,922,0,40,962,2082
,22,QUERETARO,11,TEQUISQUIAPAN,4,COLON,895,2,234,183,4,7,30,113,,33,27,19,14,1,,,665,0,26,691,1286
,22,QUERETARO,11,TEQUISQUIAPAN,4,COLON,896,4,344,425,7,11,21,341,,41,17,31,174,6,,,1418,0,66,1484,2442
,22,QUERETARO,11,TEQUISQUIAPAN,4,COLON,897,2,156,124,4,8,17,196,,16,10,10,46,2,,,589,0,27,616,945
,22,QUERETARO,10,PEDRO ESCOBEDO,16,SAN JUAN DEL RIO,898,3,339,238,19,29,23,303,17,13,40,23,11,,,,1055,0,38,1093,2244
,22,QUERETARO,10,PEDRO ESCOBEDO,16,SAN JUAN DEL RIO,899,2,164,55,10,9,17,187,6,3,65,7,3,,,,526,0,13,539,1181
,22,QUERETARO,8,SAN JUAN DEL RIO,16,SAN JUAN DEL RIO,900,4,442,142,15,30,30,349,11,9,18,26,11,,,,1083,2,34,1119,2297
,22,QUERETARO,8,SAN JUAN DEL RIO,16,SAN JUAN DEL RIO,901,2,228,79,3,12,18,145,7,5,28,5,9,,,,539,0,24,563,1104
,22,QUERETARO,13,SANTA ROSA JAUREGUI,14,QUERETARO,902,3,486,153,9,9,21,120,,0,10,15,17,,,,840,0,40,880,2216
,22,QUERETARO,13,SANTA ROSA JAUREGUI,14,QUERETARO,903,2,225,92,9,22,12,104,,2,18,5,19,,,,508,0,13,521,984
,22,QUERETARO,8,SAN JUAN DEL RIO,1,AMEALCO DE BONFIL,904,2,142,91,6,6,10,329,6,0,6,11,34,,,,641,0,22,663,1002
,22,QUERETARO,8,SAN JUAN DEL RIO,1,AMEALCO DE BONFIL,905,5,448,301,18,31,26,858,15,4,11,9,22,,,,1743,0,58,1801,3175
,22,QUERETARO,12,LA CAÑADA,10,EL MARQUES,906,3,603,393,6,44,17,206,13,4,6,8,19,,,,1319,2,30,1351,2065
,22,QUERETARO,12,LA CAÑADA,10,EL MARQUES,907,3,472,141,26,24,29,358,47,5,10,8,16,,,,1136,0,20,1156,1917
