CIRCUNSCRIPCION,ID_ESTADO,NOMBRE_ESTADO,ID_DISTRITO,CABECERA_DISTRITAL,ID_MUNICIPIO,MUNICIPIO,SECCION,CASILLAS,PAN,PRI,PRD,PVEM,PT,MC,NVA_ALIANZA,MORENA,PH,ES,PRI_PVEM_NVA_ALIANZA,NUM_VOTOS_CAN_NREG,NUM_VOTOS_VALIDOS,NUM_VOTOS_NULOS,TOTAL_VOTOS,LISTA_NOMINAL
5,6,COLIMA,1,NO ESTABLECIDO ACUERDO 27/2014,1,COLIMA,1,7,1002,964,60,172,39,605,190,120,48,31,0,0,3231,102,3333,4810
5,6,COLIMA,1,NO ESTABLECIDO ACUERDO 27/2015,1,COLIMA,2,2,177,165,11,41,10,83,30,16,7,8,0,0,548,15,563,784
5,6,COLIMA,2,NO ESTABLECIDO ACUERDO 27/2016,1,COLIMA,3,3,368,0,35,97,34,68,282,21,19,16,0,0,940,54,994,1587
5,6,COLIMA,2,NO ESTABLECIDO ACUERDO 27/2017,1,COLIMA,4,1,172,0,9,44,5,30,150,25,8,7,0,1,450,18,469,679
5,6,COLIMA,2,NO ESTABLECIDO ACUERDO 27/2018,1,COLIMA,5,1,136,0,8,53,7,29,106,6,7,5,0,0,357,10,367,547
5,6,COLIMA,1,NO ESTABLECIDO ACUERDO 27/2019,1,COLIMA,6,3,367,348,19,62,9,208,43,40,8,7,0,3,1111,50,1164,1714
5,6,COLIMA,2,NO ESTABLECIDO ACUERDO 27/2020,1,COLIMA,7,2,165,0,17,37,27,25,177,17,5,8,0,0,478,20,498,790
5,6,COLIMA,2,NO ESTABLECIDO ACUERDO 27/2021,1,COLIMA,8,2,258,0,23,48,15,54,296,27,6,10,0,1,737,29,767,1100
5,6,COLIMA,2,NO ESTABLECIDO ACUERDO 27/2022,1,COLIMA,9,2,214,0,14,61,20,52,209,24,8,9,0,0,611,37,648,893
5,6,COLIMA,2,NO ESTABLECIDO ACUERDO 27/2023,1,COLIMA,10,2,247,0,14,84,19,50,225,10,16,14,0,1,679,28,708,1168
5,6,COLIMA,2,NO ESTABLECIDO ACUERDO 27/2024,1,COLIMA,11,1,139,0,12,29,7,44,109,17,6,3,0,0,366,21,387,584
5,6,COLIMA,1,NO ESTABLECIDO ACUERDO 27/2025,1,COLIMA,12,2,163,137,14,35,7,108,36,13,3,8,0,0,524,24,548,794
5,6,COLIMA,1,NO ESTABLECIDO ACUERDO 27/2026,1,COLIMA,13,2,288,284,27,62,14,183,73,35,10,9,0,1,985,30,1016,1424
5,6,COLIMA,2,NO ESTABLECIDO ACUERDO 27/2027,1,COLIMA,14,2,235,0,16,36,17,39,176,14,16,8,0,1,557,27,585,906
5,6,COLIMA,2,NO ESTABLECIDO ACUERDO 27/2028,1,COLIMA,15,1,127,0,8,27,5,18,106,11,7,5,0,0,314,9,323,493
5,6,COLIMA,2,NO ESTABLECIDO ACUERDO 27/2029,1,COLIMA,16,1,149,0,14,20,17,46,139,10,5,14,0,0,414,13,427,635
5,6,COLIMA,2,NO ESTABLECIDO ACUERDO 27/2030,1,COLIMA,17,1,181,0,12,42,14,23,119,6,7,4,0,2,408,24,434,686
5,6,COLIMA,2,NO ESTABLECIDO ACUERDO 27/2031,1,COLIMA,18,2,221,0,14,66,15,43,197,22,10,5,0,2,593,31,626,895
5,6,COLIMA,2,NO ESTABLECIDO ACUERDO 27/2032,1,COLIMA,19,2,223,0,32,63,15,57,258,15,7,6,0,3,676,31,710,950
5,6,COLIMA,2,NO ESTABLECIDO ACUERDO 27/2033,1,COLIMA,20,2,229,0,13,55,17,68,255,16,2,9,0,0,664,26,690,987
5,6,COLIMA,2,NO ESTABLECIDO ACUERDO 27/2034,1,COLIMA,21,2,297,0,15,56,15,91,207,28,9,12,0,0,730,34,764,1072
5,6,COLIMA,1,NO ESTABLECIDO ACUERDO 27/2035,1,COLIMA,22,2,166,140,12,40,16,67,13,11,1,2,0,0,468,11,479,829
5,6,COLIMA,1,NO ESTABLECIDO ACUERDO 27/2036,1,COLIMA,23,3,436,309,16,90,41,87,36,26,13,17,0,1,1071,57,1129,2020
5,6,COLIMA,1,NO ESTABLECIDO ACUERDO 27/2037,1,COLIMA,24,6,868,529,38,213,138,215,75,61,20,22,0,3,2179,80,2262,4001
5,6,COLIMA,2,NO ESTABLECIDO ACUERDO 27/2038,1,COLIMA,25,2,250,0,23,71,19,63,161,13,18,9,0,0,627,25,652,1062
5,6,COLIMA,2,NO ESTABLECIDO ACUERDO 27/2039,1,COLIMA,26,2,228,0,10,59,20,43,167,12,8,2,0,0,549,32,581,902
5,6,COLIMA,2,NO ESTABLECIDO ACUERDO 27/2040,1,COLIMA,27,2,185,0,11,36,12,50,180,20,10,7,0,0,511,14,525,768
5,6,COLIMA,2,NO ESTABLECIDO ACUERDO 27/2041,1,COLIMA,28,2,126,0,6,19,13,33,135,27,4,5,0,1,368,19,388,512
5,6,COLIMA,2,NO ESTABLECIDO ACUERDO 27/2042,1,COLIMA,29,1,165,0,10,46,14,32,177,15,3,6,0,0,468,25,493,695
5,6,COLIMA,2,NO ESTABLECIDO ACUERDO 27/2043,1,COLIMA,30,1,126,0,7,20,6,19,88,3,3,4,0,0,276,7,283,469
5,6,COLIMA,2,NO ESTABLECIDO ACUERDO 27/2044,1,COLIMA,31,2,240,0,32,53,16,26,212,19,11,5,0,0,614,29,643,974
5,6,COLIMA,2,NO ESTABLECIDO ACUERDO 27/2045,1,COLIMA,32,2,265,0,16,72,19,46,225,21,10,11,0,0,685,31,716,1221
5,6,COLIMA,2,NO ESTABLECIDO ACUERDO 27/2046,1,COLIMA,33,2,341,0,32,63,21,60,367,28,19,13,0,0,944,23,967,1354
5,6,COLIMA,2,NO ESTABLECIDO ACUERDO 27/2047,1,COLIMA,34,2,249,0,19,80,17,72,293,30,23,6,0,1,789,26,816,1130
5,6,COLIMA,2,NO ESTABLECIDO ACUERDO 27/2048,1,COLIMA,35,2,313,0,29,58,28,46,211,20,21,7,0,1,733,45,779,1288
5,6,COLIMA,1,NO ESTABLECIDO ACUERDO 27/2049,1,COLIMA,36,2,313,177,20,40,17,64,37,23,14,5,0,0,710,32,742,1364
5,6,COLIMA,1,NO ESTABLECIDO ACUERDO 27/2050,1,COLIMA,37,3,476,338,27,72,38,101,35,37,14,9,0,0,1147,48,1195,2142
5,6,COLIMA,2,NO ESTABLECIDO ACUERDO 27/2051,1,COLIMA,38,2,207,0,10,45,12,37,137,13,7,10,0,0,478,36,514,887
5,6,COLIMA,2,NO ESTABLECIDO ACUERDO 27/2052,1,COLIMA,39,1,118,0,11,20,12,23,107,6,3,4,0,0,304,13,317,514
5,6,COLIMA,2,NO ESTABLECIDO ACUERDO 27/2053,1,COLIMA,40,1,115,0,11,31,15,31,101,9,3,2,0,0,318,21,339,585
5,6,COLIMA,2,NO ESTABLECIDO ACUERDO 27/2054,1,COLIMA,41,1,88,0,5,13,7,26,122,20,1,5,0,0,287,10,297,446
5,6,COLIMA,2,NO ESTABLECIDO ACUERDO 27/2055,1,COLIMA,42,1,124,0,14,32,4,24,107,12,2,5,0,0,324,10,334,564
5,6,COLIMA,2,NO ESTABLECIDO ACUERDO 27/2056,1,COLIMA,43,2,235,0,13,76,12,32,212,12,15,8,0,0,615,31,646,1070
5,6,COLIMA,2,NO ESTABLECIDO ACUERDO 27/2057,1,COLIMA,44,1,137,0,7,14,5,10,81,6,3,4,0,0,267,14,281,496
5,6,COLIMA,2,NO ESTABLECIDO ACUERDO 27/2058,1,COLIMA,45,3,488,0,20,68,35,77,279,14,6,13,0,1,1000,50,1051,1613
5,6,COLIMA,2,NO ESTABLECIDO ACUERDO 27/2059,1,COLIMA,46,2,227,0,15,59,7,43,176,16,15,13,0,1,571,22,594,894
5,6,COLIMA,2,NO ESTABLECIDO ACUERDO 27/2060,1,COLIMA,47,2,289,0,25,74,22,85,276,22,9,18,0,1,820,28,849,1212
5,6,COLIMA,2,NO ESTABLECIDO ACUERDO 27/2061,1,COLIMA,48,2,227,0,24,77,23,61,221,26,17,18,0,0,694,40,734,1081
5,6,COLIMA,5,NO ESTABLECIDO ACUERDO 27/2062,1,COLIMA,49,1,43,68,4,7,9,26,11,10,1,4,3,0,186,7,193,322
5,6,COLIMA,3,NO ESTABLECIDO ACUERDO 27/2063,1,COLIMA,50,2,179,131,16,53,10,35,34,12,13,0,0,1,483,17,501,828
5,6,COLIMA,2,NO ESTABLECIDO ACUERDO 27/2064,1,COLIMA,51,2,215,0,15,37,13,29,139,9,10,6,0,0,473,27,500,804
5,6,COLIMA,2,NO ESTABLECIDO ACUERDO 27/2065,1,COLIMA,52,3,636,0,19,52,16,40,270,12,10,3,0,0,1058,52,1110,1644
5,6,COLIMA,2,NO ESTABLECIDO ACUERDO 27/2066,1,COLIMA,53,2,377,0,27,67,29,56,203,16,10,10,0,0,795,34,829,1365
5,6,COLIMA,5,NO ESTABLECIDO ACUERDO 27/2067,1,COLIMA,54,3,341,402,41,68,55,119,49,41,23,22,8,0,1169,55,1224,1912
5,6,COLIMA,5,NO ESTABLECIDO ACUERDO 27/2068,1,COLIMA,55,2,182,224,28,35,34,55,19,30,4,11,7,0,629,15,644,1119
5,6,COLIMA,5,NO ESTABLECIDO ACUERDO 27/2069,1,COLIMA,56,1,75,77,13,14,12,38,7,11,11,2,8,0,268,18,286,441
5,6,COLIMA,3,NO ESTABLECIDO ACUERDO 27/2070,1,COLIMA,57,2,151,122,12,28,8,39,21,7,14,0,0,0,402,11,413,763
5,6,COLIMA,2,NO ESTABLECIDO ACUERDO 27/2071,1,COLIMA,58,2,261,0,8,60,11,36,213,6,7,10,0,0,612,28,640,1041
5,6,COLIMA,2,NO ESTABLECIDO ACUERDO 27/2072,1,COLIMA,59,2,285,0,16,69,27,22,141,23,15,3,0,0,601,45,646,1158
5,6,COLIMA,1,NO ESTABLECIDO ACUERDO 27/2073,1,COLIMA,60,11,1514,1002,75,267,96,272,110,100,75,35,0,0,3546,106,3652,6905
5,6,COLIMA,3,NO ESTABLECIDO ACUERDO 27/2074,1,COLIMA,61,3,360,274,26,95,40,72,26,30,16,0,0,0,939,41,980,1900
5,6,COLIMA,3,NO ESTABLECIDO ACUERDO 27/2075,1,COLIMA,62,11,1735,924,88,557,128,187,91,73,69,0,0,1,3852,183,4036,7736
5,6,COLIMA,5,NO ESTABLECIDO ACUERDO 27/2076,1,COLIMA,63,2,210,214,32,35,25,86,25,18,10,9,12,0,676,20,696,1151
5,6,COLIMA,5,NO ESTABLECIDO ACUERDO 27/2077,1,COLIMA,64,2,283,218,18,24,33,104,32,26,7,11,6,1,762,20,783,1270
5,6,COLIMA,5,NO ESTABLECIDO ACUERDO 27/2078,1,COLIMA,65,4,393,285,35,41,54,97,24,40,23,27,9,1,1028,37,1066,1883
5,6,COLIMA,5,NO ESTABLECIDO ACUERDO 27/2079,1,COLIMA,66,2,203,245,14,23,38,60,21,24,7,7,8,0,650,26,676,1146
5,6,COLIMA,5,NO ESTABLECIDO ACUERDO 27/2080,1,COLIMA,67,2,201,237,23,26,24,59,41,15,9,6,6,0,647,15,662,1011
5,6,COLIMA,3,NO ESTABLECIDO ACUERDO 27/2081,1,COLIMA,68,2,305,207,32,57,25,110,40,25,23,0,0,1,824,33,858,1410
5,6,COLIMA,3,NO ESTABLECIDO ACUERDO 27/2082,1,COLIMA,69,5,804,328,36,162,51,118,43,47,35,0,0,0,1624,64,1688,3205
5,6,COLIMA,3,NO ESTABLECIDO ACUERDO 27/2083,1,COLIMA,70,2,279,197,15,57,9,84,27,21,25,0,0,1,714,45,760,1125
5,6,COLIMA,3,NO ESTABLECIDO ACUERDO 27/2084,1,COLIMA,71,2,236,141,18,47,13,36,18,23,5,0,0,0,537,12,549,1013
5,6,COLIMA,3,NO ESTABLECIDO ACUERDO 27/2085,1,COLIMA,72,2,179,126,15,24,10,24,17,13,11,0,0,0,419,13,432,828
5,6,COLIMA,5,NO ESTABLECIDO ACUERDO 27/2086,1,COLIMA,73,5,689,509,51,61,91,135,56,57,25,24,5,0,1703,32,1735,3002
5,6,COLIMA,5,NO ESTABLECIDO ACUERDO 27/2087,1,COLIMA,74,3,330,285,48,59,52,103,26,26,10,17,7,1,963,40,1004,1794
5,6,COLIMA,5,NO ESTABLECIDO ACUERDO 27/2088,1,COLIMA,75,2,249,180,22,31,43,52,21,6,12,9,3,1,628,17,646,1278
5,6,COLIMA,5,NO ESTABLECIDO ACUERDO 27/2089,1,COLIMA,76,2,261,266,19,38,44,50,23,12,6,5,7,2,731,22,755,1420
5,6,COLIMA,1,NO ESTABLECIDO ACUERDO 27/2090,1,COLIMA,77,2,249,190,23,35,11,61,30,23,8,0,0,0,630,15,645,964
5,6,COLIMA,1,NO ESTABLECIDO ACUERDO 27/2091,1,COLIMA,78,1,36,31,4,5,1,7,6,6,1,0,0,0,97,4,101,132
5,6,COLIMA,1,NO ESTABLECIDO ACUERDO 27/2092,1,COLIMA,79,3,278,371,28,84,24,90,74,18,5,8,0,0,980,26,1006,1544
5,6,COLIMA,1,NO ESTABLECIDO ACUERDO 27/2093,1,COLIMA,80,1,135,146,10,31,14,48,23,14,5,3,0,1,429,17,447,699
5,6,COLIMA,5,NO ESTABLECIDO ACUERDO 27/2094,1,COLIMA,81,3,399,475,23,42,64,78,25,22,9,16,6,3,1159,35,1197,2103
5,6,COLIMA,3,NO ESTABLECIDO ACUERDO 27/2095,1,COLIMA,82,4,473,345,48,125,80,73,18,15,14,0,0,1,1191,75,1267,2178
5,6,COLIMA,3,NO ESTABLECIDO ACUERDO 27/2096,1,COLIMA,83,3,107,139,6,34,7,23,10,5,1,0,0,0,332,14,346,536
5,6,COLIMA,3,NO ESTABLECIDO ACUERDO 27/2097,1,COLIMA,84,3,294,443,11,84,6,76,24,10,3,0,0,0,951,39,990,1335
5,6,COLIMA,3,NO ESTABLECIDO ACUERDO 27/2098,1,COLIMA,85,5,210,277,6,147,4,14,14,2,3,0,0,1,677,46,724,1054
5,6,COLIMA,3,NO ESTABLECIDO ACUERDO 27/2099,1,COLIMA,86,1,190,68,10,14,3,3,19,3,3,0,0,0,313,18,331,539
5,6,COLIMA,3,NO ESTABLECIDO ACUERDO 27/2100,1,COLIMA,87,3,292,198,9,33,8,7,15,2,2,0,0,1,566,25,592,878
5,6,COLIMA,3,NO ESTABLECIDO ACUERDO 27/2101,1,COLIMA,88,2,94,156,3,88,0,4,72,2,3,0,0,0,422,26,448,932
5,6,COLIMA,3,NO ESTABLECIDO ACUERDO 27/2102,1,COLIMA,89,2,91,149,4,68,4,2,65,6,2,0,0,0,391,18,409,803
5,6,COLIMA,3,NO ESTABLECIDO ACUERDO 27/2103,1,COLIMA,90,2,78,193,5,54,4,3,10,1,2,0,0,0,350,22,372,512
5,6,COLIMA,3,NO ESTABLECIDO ACUERDO 27/2104,1,COLIMA,91,2,151,173,3,41,1,5,3,0,2,0,0,0,379,13,392,572
5,6,COLIMA,4,NO ESTABLECIDO ACUERDO 27/2105,2,COMALA,92,3,602,581,37,20,21,40,90,11,4,15,0,1,1421,32,1454,2041
5,6,COLIMA,4,NO ESTABLECIDO ACUERDO 27/2106,2,COMALA,93,3,380,440,17,17,26,25,35,12,4,11,0,0,967,25,992,1378
5,6,COLIMA,4,NO ESTABLECIDO ACUERDO 27/2107,2,COMALA,94,2,372,434,24,11,36,31,32,8,3,19,0,0,970,23,993,1484
5,6,COLIMA,4,NO ESTABLECIDO ACUERDO 27/2108,2,COMALA,95,3,474,492,20,23,23,40,45,11,10,8,0,0,1146,25,1171,1715
5,6,COLIMA,4,NO ESTABLECIDO ACUERDO 27/2109,2,COMALA,96,3,346,412,8,9,26,37,25,18,6,7,0,0,894,32,926,1270
5,6,COLIMA,4,NO ESTABLECIDO ACUERDO 27/2110,2,COMALA,97,1,101,57,3,4,4,1,4,3,0,3,0,0,180,11,191,255
5,6,COLIMA,4,NO ESTABLECIDO ACUERDO 27/2111,2,COMALA,98,1,33,34,2,0,2,0,0,0,0,0,0,0,71,2,73,100
5,6,COLIMA,4,NO ESTABLECIDO ACUERDO 27/2112,2,COMALA,99,2,153,248,11,1,7,0,3,1,1,2,0,0,427,8,435,603
5,6,COLIMA,4,NO ESTABLECIDO ACUERDO 27/2113,2,COMALA,100,3,425,482,19,17,37,11,15,5,5,15,0,0,1031,31,1062,1507
5,6,COLIMA,4,NO ESTABLECIDO ACUERDO 27/2114,2,COMALA,101,4,587,570,17,4,8,7,8,25,5,0,0,0,1231,29,1260,1572
5,6,COLIMA,4,NO ESTABLECIDO ACUERDO 27/2115,2,COMALA,102,1,139,196,16,4,14,6,8,0,1,6,0,0,390,15,405,609
5,6,COLIMA,4,NO ESTABLECIDO ACUERDO 27/2116,2,COMALA,103,3,478,620,21,25,46,21,20,15,3,11,0,0,1260,38,1298,1667
5,6,COLIMA,4,NO ESTABLECIDO ACUERDO 27/2117,2,COMALA,104,3,530,562,52,17,33,8,25,16,5,16,0,0,1264,20,1284,1749
5,6,COLIMA,5,NO ESTABLECIDO ACUERDO 27/2118,3,COQUIMATLAN,105,4,520,603,13,14,49,69,8,19,23,6,7,0,1331,38,1369,2076
5,6,COLIMA,5,NO ESTABLECIDO ACUERDO 27/2119,3,COQUIMATLAN,106,3,599,486,6,4,57,28,5,1,10,2,5,1,1203,24,1228,1807
5,6,COLIMA,5,NO ESTABLECIDO ACUERDO 27/2120,3,COQUIMATLAN,107,3,546,442,8,2,27,25,5,6,5,2,8,1,1076,23,1100,1563
5,6,COLIMA,5,NO ESTABLECIDO ACUERDO 27/2121,3,COQUIMATLAN,108,2,443,357,4,2,15,43,7,3,9,2,5,0,890,17,907,1324
5,6,COLIMA,5,NO ESTABLECIDO ACUERDO 27/2122,3,COQUIMATLAN,109,2,299,315,4,2,12,16,11,0,3,2,6,1,670,13,684,912
5,6,COLIMA,5,NO ESTABLECIDO ACUERDO 27/2123,3,COQUIMATLAN,110,2,328,291,6,5,14,36,5,5,3,3,3,0,699,19,718,1039
5,6,COLIMA,5,NO ESTABLECIDO ACUERDO 27/2124,3,COQUIMATLAN,111,3,596,748,18,8,30,51,7,6,11,5,17,0,1497,20,1517,2153
5,6,COLIMA,5,NO ESTABLECIDO ACUERDO 27/2125,3,COQUIMATLAN,112,2,65,146,1,3,5,21,0,2,0,1,4,0,248,7,255,330
5,6,COLIMA,5,NO ESTABLECIDO ACUERDO 27/2126,3,COQUIMATLAN,113,1,106,140,3,7,6,5,1,1,3,0,0,0,272,12,284,391
5,6,COLIMA,5,NO ESTABLECIDO ACUERDO 27/2127,3,COQUIMATLAN,114,1,68,86,1,0,4,3,1,3,0,0,0,0,166,2,168,223
5,6,COLIMA,5,NO ESTABLECIDO ACUERDO 27/2128,3,COQUIMATLAN,115,1,48,123,3,4,2,5,1,2,2,1,1,0,192,5,197,292
5,6,COLIMA,5,NO ESTABLECIDO ACUERDO 27/2129,3,COQUIMATLAN,116,3,382,368,3,2,8,35,5,1,5,11,11,0,831,25,856,1381
5,6,COLIMA,5,NO ESTABLECIDO ACUERDO 27/2130,3,COQUIMATLAN,117,2,236,250,1,2,4,18,0,2,2,0,7,0,522,14,536,834
5,6,COLIMA,5,NO ESTABLECIDO ACUERDO 27/2131,3,COQUIMATLAN,118,2,126,219,1,2,8,19,2,1,4,3,5,0,390,10,400,612
5,6,COLIMA,5,NO ESTABLECIDO ACUERDO 27/2132,3,COQUIMATLAN,119,2,92,173,3,5,22,22,2,0,11,1,1,0,332,7,339,508
5,6,COLIMA,6,NO ESTABLECIDO ACUERDO 27/2133,4,CUAUHTEMOC,120,3,330,649,110,9,23,19,19,10,13,0,13,0,1195,40,1235,1938
5,6,COLIMA,6,NO ESTABLECIDO ACUERDO 27/2134,4,CUAUHTEMOC,121,2,247,335,42,4,17,16,10,7,8,0,3,0,689,22,711,1075
5,6,COLIMA,6,NO ESTABLECIDO ACUERDO 27/2135,4,CUAUHTEMOC,122,2,195,326,55,4,15,23,13,5,3,0,6,0,645,21,666,1024
5,6,COLIMA,6,NO ESTABLECIDO ACUERDO 27/2136,4,CUAUHTEMOC,123,2,301,426,70,2,20,22,13,18,6,0,15,0,893,31,924,1394
5,6,COLIMA,6,NO ESTABLECIDO ACUERDO 27/2137,4,CUAUHTEMOC,124,3,295,545,75,10,23,17,22,8,5,0,7,0,1007,18,1025,1570
5,6,COLIMA,6,NO ESTABLECIDO ACUERDO 27/2138,4,CUAUHTEMOC,125,3,383,322,52,6,12,12,10,14,14,0,2,1,827,21,849,1308
5,6,COLIMA,6,NO ESTABLECIDO ACUERDO 27/2139,4,CUAUHTEMOC,126,3,463,346,80,7,11,21,6,22,14,0,10,0,980,12,992,1587
5,6,COLIMA,6,NO ESTABLECIDO ACUERDO 27/2140,4,CUAUHTEMOC,127,2,347,255,53,9,15,16,7,15,9,0,2,0,728,7,735,1109
5,6,COLIMA,6,NO ESTABLECIDO ACUERDO 27/2141,4,CUAUHTEMOC,128,2,260,200,40,6,11,6,1,7,5,0,2,0,538,12,550,832
5,6,COLIMA,6,NO ESTABLECIDO ACUERDO 27/2142,4,CUAUHTEMOC,129,2,293,251,44,3,11,10,3,13,11,0,4,0,643,10,653,940
5,6,COLIMA,6,NO ESTABLECIDO ACUERDO 27/2143,4,CUAUHTEMOC,130,2,257,280,56,5,10,20,8,17,7,0,4,0,664,19,683,1015
5,6,COLIMA,6,NO ESTABLECIDO ACUERDO 27/2144,4,CUAUHTEMOC,131,3,344,313,41,11,10,16,9,12,18,0,6,0,780,20,800,1228
5,6,COLIMA,6,NO ESTABLECIDO ACUERDO 27/2145,4,CUAUHTEMOC,132,3,313,497,181,10,10,11,6,7,17,0,8,0,1060,29,1089,1542
5,6,COLIMA,6,NO ESTABLECIDO ACUERDO 27/2146,4,CUAUHTEMOC,133,2,232,258,32,3,7,0,1,3,0,0,4,0,540,17,557,794
5,6,COLIMA,6,NO ESTABLECIDO ACUERDO 27/2147,4,CUAUHTEMOC,134,3,324,487,44,10,21,20,14,33,12,0,12,0,977,28,1005,1612
5,6,COLIMA,6,NO ESTABLECIDO ACUERDO 27/2148,4,CUAUHTEMOC,135,3,408,360,52,11,12,17,8,18,6,0,11,0,903,26,929,1456
5,6,COLIMA,6,NO ESTABLECIDO ACUERDO 27/2149,4,CUAUHTEMOC,136,1,175,107,19,8,3,2,0,0,2,0,8,0,324,9,333,467
5,6,COLIMA,6,NO ESTABLECIDO ACUERDO 27/2150,4,CUAUHTEMOC,137,2,238,258,106,5,25,5,2,11,2,0,4,0,656,16,672,985
5,6,COLIMA,7,NO ESTABLECIDO ACUERDO 27/2151,5,VILLA DE ALVAREZ,138,9,1203,700,119,69,409,186,94,79,55,34,31,5,2979,102,3086,5679
5,6,COLIMA,7,NO ESTABLECIDO ACUERDO 27/2152,5,VILLA DE ALVAREZ,139,12,1770,1017,196,108,450,484,216,187,124,63,36,4,4651,128,4783,8202
5,6,COLIMA,4,NO ESTABLECIDO ACUERDO 27/2153,5,VILLA DE ALVAREZ,140,6,766,805,56,88,90,163,91,59,41,40,0,2,2199,96,2297,3847
5,6,COLIMA,4,NO ESTABLECIDO ACUERDO 27/2154,5,VILLA DE ALVAREZ,141,2,243,257,14,36,23,76,31,31,13,4,0,1,728,23,752,1120
5,6,COLIMA,7,NO ESTABLECIDO ACUERDO 27/2155,5,VILLA DE ALVAREZ,142,2,178,147,21,7,44,46,14,14,8,3,12,1,494,14,509,859
5,6,COLIMA,7,NO ESTABLECIDO ACUERDO 27/2156,5,VILLA DE ALVAREZ,143,2,282,176,32,17,63,48,33,24,25,11,7,0,718,16,734,1236
5,6,COLIMA,7,NO ESTABLECIDO ACUERDO 27/2157,5,VILLA DE ALVAREZ,144,3,399,286,43,22,116,127,45,43,22,14,8,1,1125,42,1168,1836
5,6,COLIMA,6,NO ESTABLECIDO ACUERDO 27/2158,5,VILLA DE ALVAREZ,145,13,1654,1605,198,133,223,629,258,216,150,0,30,6,5096,185,5287,8442
5,6,COLIMA,4,NO ESTABLECIDO ACUERDO 27/2159,5,VILLA DE ALVAREZ,146,5,692,550,56,65,74,142,59,60,40,25,0,1,1763,54,1818,3506
5,6,COLIMA,7,NO ESTABLECIDO ACUERDO 27/2160,5,VILLA DE ALVAREZ,147,3,514,329,43,20,75,104,49,49,29,10,14,1,1236,35,1272,2155
5,6,COLIMA,7,NO ESTABLECIDO ACUERDO 27/2161,5,VILLA DE ALVAREZ,148,3,431,344,30,9,42,128,30,13,19,7,13,0,1066,29,1095,1579
5,6,COLIMA,7,NO ESTABLECIDO ACUERDO 27/2162,5,VILLA DE ALVAREZ,149,2,349,255,36,16,67,53,49,28,19,6,8,0,886,25,911,1469
5,6,COLIMA,7,NO ESTABLECIDO ACUERDO 27/2163,5,VILLA DE ALVAREZ,150,2,302,192,27,19,57,37,20,7,13,7,10,0,691,28,719,1168
5,6,COLIMA,7,NO ESTABLECIDO ACUERDO 27/2164,5,VILLA DE ALVAREZ,151,2,227,164,15,8,24,37,19,12,4,11,10,1,531,20,552,911
5,6,COLIMA,4,NO ESTABLECIDO ACUERDO 27/2165,5,VILLA DE ALVAREZ,152,5,796,606,52,91,75,139,62,67,29,30,0,0,1947,64,2011,3735
5,6,COLIMA,7,NO ESTABLECIDO ACUERDO 27/2166,5,VILLA DE ALVAREZ,153,2,293,196,15,15,46,31,16,20,18,7,6,1,663,28,692,1183
5,6,COLIMA,7,NO ESTABLECIDO ACUERDO 27/2167,5,VILLA DE ALVAREZ,154,2,246,138,28,8,30,32,12,6,13,7,5,0,525,21,546,1024
5,6,COLIMA,7,NO ESTABLECIDO ACUERDO 27/2168,5,VILLA DE ALVAREZ,155,2,405,239,19,13,32,40,22,12,12,8,8,0,810,16,826,1366
5,6,COLIMA,7,NO ESTABLECIDO ACUERDO 27/2169,5,VILLA DE ALVAREZ,156,2,200,149,17,5,19,20,6,14,7,5,11,1,453,11,465,809
5,6,COLIMA,7,NO ESTABLECIDO ACUERDO 27/2170,5,VILLA DE ALVAREZ,157,2,239,162,10,14,61,47,14,27,17,9,12,0,612,17,629,996
5,6,COLIMA,7,NO ESTABLECIDO ACUERDO 27/2171,5,VILLA DE ALVAREZ,158,1,177,83,17,5,28,42,8,10,15,3,0,0,388,14,402,701
5,6,COLIMA,7,NO ESTABLECIDO ACUERDO 27/2172,5,VILLA DE ALVAREZ,159,3,416,385,37,17,82,76,32,39,43,12,19,0,1158,47,1205,2050
5,6,COLIMA,8,NO ESTABLECIDO ACUERDO 27/2173,5,VILLA DE ALVAREZ,160,4,472,528,31,38,40,156,44,39,21,17,16,1,1402,35,1438,2530
5,6,COLIMA,8,NO ESTABLECIDO ACUERDO 27/2174,5,VILLA DE ALVAREZ,161,5,795,712,40,40,47,267,110,73,29,27,18,2,2158,52,2212,3707
5,6,COLIMA,8,NO ESTABLECIDO ACUERDO 27/2175,5,VILLA DE ALVAREZ,162,3,364,303,29,22,19,131,27,29,24,12,7,1,967,21,989,1797
5,6,COLIMA,8,NO ESTABLECIDO ACUERDO 27/2177,5,VILLA DE ALVAREZ,164,3,346,349,19,28,25,141,23,22,11,14,7,3,985,29,1017,1711
5,6,COLIMA,8,NO ESTABLECIDO ACUERDO 27/2178,5,VILLA DE ALVAREZ,165,2,327,242,19,15,24,114,21,17,10,8,8,2,805,15,822,1296
5,6,COLIMA,6,NO ESTABLECIDO ACUERDO 27/2179,5,VILLA DE ALVAREZ,166,2,60,82,27,9,11,6,5,8,2,0,1,0,211,10,221,335
5,6,COLIMA,4,NO ESTABLECIDO ACUERDO 27/2180,5,VILLA DE ALVAREZ,167,3,136,247,4,16,6,5,3,2,1,1,0,1,421,26,448,626
5,6,COLIMA,4,NO ESTABLECIDO ACUERDO 27/2181,5,VILLA DE ALVAREZ,168,1,145,128,3,3,7,7,5,3,1,4,0,0,306,11,317,516
5,6,COLIMA,6,NO ESTABLECIDO ACUERDO 27/2182,5,VILLA DE ALVAREZ,169,1,70,81,15,4,3,7,3,2,5,0,3,0,193,5,198,300
5,6,COLIMA,9,NO ESTABLECIDO ACUERDO 27/2183,6,ARMERIA,170,3,146,412,115,305,31,17,0,21,13,3,0,0,1063,28,1091,1738
5,6,COLIMA,9,NO ESTABLECIDO ACUERDO 27/2184,6,ARMERIA,171,3,183,274,137,271,20,10,0,37,9,12,0,0,953,31,984,1517
5,6,COLIMA,9,NO ESTABLECIDO ACUERDO 27/2185,6,ARMERIA,172,2,51,156,42,191,21,5,0,15,5,3,0,0,489,21,510,803
5,6,COLIMA,9,NO ESTABLECIDO ACUERDO 27/2186,6,ARMERIA,173,2,76,267,71,202,20,5,0,9,8,5,0,1,663,22,686,1129
5,6,COLIMA,9,NO ESTABLECIDO ACUERDO 27/2187,6,ARMERIA,174,2,85,182,77,151,16,5,0,8,65,5,0,0,594,30,624,940
5,6,COLIMA,9,NO ESTABLECIDO ACUERDO 27/2188,6,ARMERIA,175,1,56,134,27,95,6,7,0,5,8,0,0,0,338,7,345,553
5,6,COLIMA,9,NO ESTABLECIDO ACUERDO 27/2189,6,ARMERIA,176,2,76,223,53,205,17,6,0,7,6,3,0,0,596,19,615,1004
5,6,COLIMA,9,NO ESTABLECIDO ACUERDO 27/2190,6,ARMERIA,177,2,92,219,108,254,16,12,0,20,27,3,0,0,751,27,778,1278
5,6,COLIMA,9,NO ESTABLECIDO ACUERDO 27/2191,6,ARMERIA,178,2,126,239,67,218,20,9,0,18,99,1,0,0,797,24,821,1223
5,6,COLIMA,9,NO ESTABLECIDO ACUERDO 27/2192,6,ARMERIA,179,2,76,170,49,154,17,8,0,32,37,2,0,0,545,26,571,865
5,6,COLIMA,9,NO ESTABLECIDO ACUERDO 27/2193,6,ARMERIA,180,2,65,218,32,140,9,5,0,23,6,1,0,0,499,12,511,760
5,6,COLIMA,9,NO ESTABLECIDO ACUERDO 27/2194,6,ARMERIA,181,2,170,196,33,134,6,2,0,11,11,1,0,0,564,33,597,1090
5,6,COLIMA,9,NO ESTABLECIDO ACUERDO 27/2195,6,ARMERIA,182,2,136,215,47,144,10,11,0,7,18,0,0,0,588,30,618,1179
5,6,COLIMA,9,NO ESTABLECIDO ACUERDO 27/2196,6,ARMERIA,183,2,185,214,44,105,6,3,0,2,12,1,0,0,572,25,597,895
5,6,COLIMA,9,NO ESTABLECIDO ACUERDO 27/2197,6,ARMERIA,184,1,97,90,14,39,5,6,0,6,10,1,0,0,268,15,283,431
5,6,COLIMA,9,NO ESTABLECIDO ACUERDO 27/2198,6,ARMERIA,185,2,177,118,107,70,2,10,0,6,10,0,0,0,500,37,537,917
5,6,COLIMA,9,NO ESTABLECIDO ACUERDO 27/2199,6,ARMERIA,186,2,240,160,60,125,15,12,0,20,19,0,0,0,651,46,697,1172
5,6,COLIMA,9,NO ESTABLECIDO ACUERDO 27/2200,6,ARMERIA,187,2,175,197,28,89,11,10,0,10,8,3,0,0,531,23,554,1083
5,6,COLIMA,9,NO ESTABLECIDO ACUERDO 27/2201,6,ARMERIA,188,3,273,298,89,149,13,13,0,12,14,2,0,0,863,44,907,1564
5,6,COLIMA,9,NO ESTABLECIDO ACUERDO 27/2202,6,ARMERIA,189,1,30,71,21,57,1,5,0,7,5,1,0,0,198,16,214,284
5,6,COLIMA,9,NO ESTABLECIDO ACUERDO 27/2203,6,ARMERIA,190,1,48,105,46,66,1,18,0,11,10,0,0,0,305,14,319,451
5,6,COLIMA,3,NO ESTABLECIDO ACUERDO 27/2204,7,IXTLAHUACAN,191,2,185,403,12,335,23,5,11,3,3,0,0,0,980,21,1001,1210
5,6,COLIMA,3,NO ESTABLECIDO ACUERDO 27/2205,7,IXTLAHUACAN,192,2,154,426,21,278,24,5,18,1,3,0,0,0,930,44,974,1202
5,6,COLIMA,3,NO ESTABLECIDO ACUERDO 27/2206,7,IXTLAHUACAN,193,2,22,105,4,81,4,1,2,1,0,0,0,0,220,7,227,290
5,6,COLIMA,3,NO ESTABLECIDO ACUERDO 27/2207,7,IXTLAHUACAN,194,1,46,156,3,64,2,0,1,4,3,0,0,0,279,4,283,313
5,6,COLIMA,3,NO ESTABLECIDO ACUERDO 27/2208,7,IXTLAHUACAN,195,1,47,111,7,156,2,4,5,0,0,0,0,0,332,22,354,571
5,6,COLIMA,3,NO ESTABLECIDO ACUERDO 27/2209,7,IXTLAHUACAN,196,1,49,94,4,80,5,2,1,1,1,0,0,0,237,11,248,340
5,6,COLIMA,3,NO ESTABLECIDO ACUERDO 27/2210,7,IXTLAHUACAN,197,1,25,84,5,43,1,1,1,0,2,0,0,0,162,5,167,248
5,6,COLIMA,3,NO ESTABLECIDO ACUERDO 27/2212,7,IXTLAHUACAN,199,2,61,316,20,111,1,0,4,6,17,0,0,0,536,20,556,701
5,6,COLIMA,13,NO ESTABLECIDO ACUERDO 27/2213,8,MANZANILLO,200,1,150,97,8,43,5,18,1,10,7,1,3,0,343,6,349,619
5,6,COLIMA,13,NO ESTABLECIDO ACUERDO 27/2214,8,MANZANILLO,201,1,27,35,1,5,2,3,1,4,2,1,1,0,82,1,83,129
5,6,COLIMA,13,NO ESTABLECIDO ACUERDO 27/2215,8,MANZANILLO,202,4,623,380,20,79,32,40,32,24,18,23,30,1,1301,32,1334,2479
5,6,COLIMA,13,NO ESTABLECIDO ACUERDO 27/2216,8,MANZANILLO,203,2,219,162,6,14,6,20,8,18,12,10,6,0,481,12,493,1009
5,6,COLIMA,13,NO ESTABLECIDO ACUERDO 27/2217,8,MANZANILLO,204,3,339,239,9,28,32,25,13,25,26,11,13,0,760,22,782,1530
5,6,COLIMA,13,NO ESTABLECIDO ACUERDO 27/2218,8,MANZANILLO,205,2,214,173,4,16,5,8,4,7,14,10,8,0,463,16,479,919
5,6,COLIMA,13,NO ESTABLECIDO ACUERDO 27/2219,8,MANZANILLO,206,3,536,223,12,35,16,25,13,17,20,18,7,1,922,23,946,1715
5,6,COLIMA,13,NO ESTABLECIDO ACUERDO 27/2220,8,MANZANILLO,207,1,147,122,5,5,3,23,6,9,6,6,3,0,335,5,340,564
5,6,COLIMA,13,NO ESTABLECIDO ACUERDO 27/2221,8,MANZANILLO,208,2,243,121,8,17,5,48,7,13,10,13,1,0,486,20,506,888
5,6,COLIMA,13,NO ESTABLECIDO ACUERDO 27/2222,8,MANZANILLO,209,2,269,273,10,23,9,22,9,7,3,11,9,0,645,26,671,1226
5,6,COLIMA,13,NO ESTABLECIDO ACUERDO 27/2223,8,MANZANILLO,210,2,290,190,11,18,7,19,3,14,12,19,24,0,607,21,628,1258
5,6,COLIMA,13,NO ESTABLECIDO ACUERDO 27/2224,8,MANZANILLO,211,3,444,297,5,27,16,12,7,21,18,26,11,1,884,35,920,1924
5,6,COLIMA,13,NO ESTABLECIDO ACUERDO 27/2225,8,MANZANILLO,212,1,183,82,5,8,3,27,6,12,3,17,3,0,349,10,359,590
5,6,COLIMA,13,NO ESTABLECIDO ACUERDO 27/2226,8,MANZANILLO,213,2,379,234,8,14,14,26,7,17,13,7,16,0,735,20,755,1178
5,6,COLIMA,13,NO ESTABLECIDO ACUERDO 27/2227,8,MANZANILLO,214,2,315,179,5,36,18,17,5,15,18,23,3,4,634,11,649,1141
5,6,COLIMA,13,NO ESTABLECIDO ACUERDO 27/2228,8,MANZANILLO,215,3,485,286,14,25,18,29,4,24,12,19,13,0,929,23,952,1747
5,6,COLIMA,13,NO ESTABLECIDO ACUERDO 27/2229,8,MANZANILLO,216,3,415,338,15,37,22,29,4,18,23,39,15,0,955,40,995,2108
5,6,COLIMA,13,NO ESTABLECIDO ACUERDO 27/2230,8,MANZANILLO,217,2,340,215,4,22,13,16,3,20,7,8,12,1,660,13,674,1018
5,6,COLIMA,13,NO ESTABLECIDO ACUERDO 27/2231,8,MANZANILLO,218,1,158,129,3,17,5,16,5,13,4,14,8,1,372,13,386,635
5,6,COLIMA,13,NO ESTABLECIDO ACUERDO 27/2232,8,MANZANILLO,219,2,338,233,7,43,12,28,16,24,2,17,11,0,731,25,756,1170
5,6,COLIMA,13,NO ESTABLECIDO ACUERDO 27/2233,8,MANZANILLO,220,1,159,126,10,11,8,13,9,19,6,21,4,0,386,11,397,581
5,6,COLIMA,13,NO ESTABLECIDO ACUERDO 27/2234,8,MANZANILLO,221,2,315,227,8,29,8,15,7,8,8,10,6,1,641,17,659,1040
5,6,COLIMA,14,NO ESTABLECIDO ACUERDO 27/2235,8,MANZANILLO,222,2,224,105,2,23,7,3,6,1,0,1,0,0,372,12,384,522
5,6,COLIMA,14,NO ESTABLECIDO ACUERDO 27/2236,8,MANZANILLO,223,2,304,138,5,22,3,2,12,3,4,0,0,0,493,25,518,734
5,6,COLIMA,14,NO ESTABLECIDO ACUERDO 27/2237,8,MANZANILLO,224,1,141,54,1,3,2,0,9,2,0,0,0,0,212,19,231,359
5,6,COLIMA,14,NO ESTABLECIDO ACUERDO 27/2238,8,MANZANILLO,225,2,312,153,4,8,13,3,70,4,16,1,0,0,584,36,620,1036
5,6,COLIMA,14,NO ESTABLECIDO ACUERDO 27/2239,8,MANZANILLO,226,3,411,181,6,35,4,12,42,7,17,2,0,0,717,19,736,1094
5,6,COLIMA,14,NO ESTABLECIDO ACUERDO 27/2240,8,MANZANILLO,227,2,309,144,11,7,9,12,12,5,1,1,0,0,511,15,526,841
5,6,COLIMA,11,NO ESTABLECIDO ACUERDO 27/2241,8,MANZANILLO,228,5,609,497,4,12,15,49,20,20,6,26,13,0,1271,27,1298,1932
5,6,COLIMA,11,NO ESTABLECIDO ACUERDO 27/2242,8,MANZANILLO,229,1,86,27,1,1,1,23,1,4,0,1,1,0,146,0,146,225
5,6,COLIMA,11,NO ESTABLECIDO ACUERDO 27/2243,8,MANZANILLO,230,4,720,415,19,24,30,42,10,35,9,37,8,1,1349,31,1381,2367
5,6,COLIMA,14,NO ESTABLECIDO ACUERDO 27/2244,8,MANZANILLO,231,2,141,100,1,3,0,5,25,1,3,3,0,0,282,7,289,413
5,6,COLIMA,14,NO ESTABLECIDO ACUERDO 27/2245,8,MANZANILLO,232,2,295,251,4,17,7,12,12,8,2,16,0,0,624,19,643,1017
5,6,COLIMA,14,NO ESTABLECIDO ACUERDO 27/2246,8,MANZANILLO,233,3,553,365,7,35,20,18,9,36,11,21,0,0,1075,36,1111,1745
5,6,COLIMA,11,NO ESTABLECIDO ACUERDO 27/2247,8,MANZANILLO,234,3,605,431,23,28,50,44,6,15,19,22,9,0,1252,36,1288,2000
5,6,COLIMA,11,NO ESTABLECIDO ACUERDO 27/2248,8,MANZANILLO,235,2,305,184,17,14,38,21,8,26,8,20,4,0,645,14,659,1204
5,6,COLIMA,11,NO ESTABLECIDO ACUERDO 27/2249,8,MANZANILLO,236,11,1764,1026,48,131,211,91,35,109,63,102,34,0,3614,99,3713,7519
5,6,COLIMA,11,NO ESTABLECIDO ACUERDO 27/2250,8,MANZANILLO,237,3,453,339,21,36,59,21,11,48,17,23,19,0,1047,33,1080,2128
5,6,COLIMA,14,NO ESTABLECIDO ACUERDO 27/2251,8,MANZANILLO,238,18,2833,1416,88,442,331,309,80,171,107,231,0,2,6008,166,6176,12028
5,6,COLIMA,11,NO ESTABLECIDO ACUERDO 27/2252,8,MANZANILLO,239,2,232,125,3,13,30,22,7,15,5,30,0,2,482,16,500,914
5,6,COLIMA,11,NO ESTABLECIDO ACUERDO 27/2253,8,MANZANILLO,240,2,300,240,11,23,38,31,9,56,8,10,10,1,736,14,751,1436
5,6,COLIMA,14,NO ESTABLECIDO ACUERDO 27/2254,8,MANZANILLO,241,2,179,133,10,41,16,25,7,12,4,4,0,0,431,24,455,756
5,6,COLIMA,11,NO ESTABLECIDO ACUERDO 27/2255,8,MANZANILLO,242,1,133,92,4,7,5,24,1,17,7,19,2,0,311,5,316,582
5,6,COLIMA,11,NO ESTABLECIDO ACUERDO 27/2256,8,MANZANILLO,243,3,409,326,19,28,29,39,7,21,13,32,15,0,938,27,965,1780
5,6,COLIMA,14,NO ESTABLECIDO ACUERDO 27/2257,8,MANZANILLO,244,8,1370,634,49,262,114,127,34,94,32,86,0,1,2802,99,2902,5639
5,6,COLIMA,14,NO ESTABLECIDO ACUERDO 27/2258,8,MANZANILLO,245,3,519,257,13,78,23,49,11,20,13,32,0,1,1015,46,1062,1987
5,6,COLIMA,11,NO ESTABLECIDO ACUERDO 27/2259,8,MANZANILLO,246,3,694,277,23,21,25,43,20,28,21,45,5,0,1202,32,1234,2214
5,6,COLIMA,11,NO ESTABLECIDO ACUERDO 27/2260,8,MANZANILLO,247,1,35,15,1,4,2,8,1,3,0,4,0,0,73,1,74,189
5,6,COLIMA,11,NO ESTABLECIDO ACUERDO 27/2261,8,MANZANILLO,248,15,2127,1232,106,185,142,378,101,170,81,258,28,6,4808,96,4910,9049
5,6,COLIMA,12,NO ESTABLECIDO ACUERDO 27/2262,8,MANZANILLO,249,1,167,125,4,8,9,13,6,6,9,14,3,0,364,8,372,641
5,6,COLIMA,12,NO ESTABLECIDO ACUERDO 27/2263,8,MANZANILLO,250,17,2752,1888,189,135,136,387,141,158,145,234,64,1,6229,127,6357,10823
5,6,COLIMA,12,NO ESTABLECIDO ACUERDO 27/2264,8,MANZANILLO,251,5,915,710,52,42,35,106,51,44,34,50,19,0,2058,48,2106,3616
5,6,COLIMA,12,NO ESTABLECIDO ACUERDO 27/2265,8,MANZANILLO,252,3,329,322,28,25,10,37,13,10,21,24,7,0,826,25,851,1503
5,6,COLIMA,12,NO ESTABLECIDO ACUERDO 27/2266,8,MANZANILLO,253,2,338,228,11,8,16,34,9,7,41,24,4,0,720,20,740,1366
5,6,COLIMA,12,NO ESTABLECIDO ACUERDO 27/2267,8,MANZANILLO,254,1,134,100,5,7,4,9,4,9,16,15,4,0,307,12,319,587
5,6,COLIMA,12,NO ESTABLECIDO ACUERDO 27/2268,8,MANZANILLO,255,1,104,43,2,6,5,8,1,4,4,12,0,2,189,6,197,365
5,6,COLIMA,12,NO ESTABLECIDO ACUERDO 27/2269,8,MANZANILLO,256,2,218,99,5,14,5,14,3,16,12,15,2,2,403,20,425,869
5,6,COLIMA,12,NO ESTABLECIDO ACUERDO 27/2270,8,MANZANILLO,257,2,288,165,15,12,13,31,10,14,4,14,5,0,571,12,583,1081
5,6,COLIMA,12,NO ESTABLECIDO ACUERDO 27/2271,8,MANZANILLO,258,5,886,547,33,29,41,83,5,36,24,33,19,0,1736,48,1784,3265
5,6,COLIMA,13,NO ESTABLECIDO ACUERDO 27/2272,8,MANZANILLO,259,3,416,297,10,29,17,20,6,25,7,21,10,0,858,23,881,1595
5,6,COLIMA,13,NO ESTABLECIDO ACUERDO 27/2273,8,MANZANILLO,260,4,688,382,26,55,78,29,19,24,14,50,14,1,1379,46,1426,2628
5,6,COLIMA,12,NO ESTABLECIDO ACUERDO 27/2274,8,MANZANILLO,261,3,439,299,20,23,21,19,8,24,7,22,12,0,894,21,915,1646
5,6,COLIMA,12,NO ESTABLECIDO ACUERDO 27/2275,8,MANZANILLO,262,2,344,278,9,19,21,20,8,23,11,42,7,0,782,12,794,1366
5,6,COLIMA,12,NO ESTABLECIDO ACUERDO 27/2276,8,MANZANILLO,263,2,247,193,16,13,13,11,10,5,6,24,3,0,541,6,547,1089
5,6,COLIMA,12,NO ESTABLECIDO ACUERDO 27/2277,8,MANZANILLO,264,3,460,291,22,19,11,18,5,11,8,14,10,0,869,23,892,1676
5,6,COLIMA,12,NO ESTABLECIDO ACUERDO 27/2278,8,MANZANILLO,265,1,183,102,9,10,10,14,4,2,1,7,4,0,346,5,351,499
5,6,COLIMA,12,NO ESTABLECIDO ACUERDO 27/2279,8,MANZANILLO,266,1,161,151,11,5,25,10,7,4,1,1,3,0,379,7,386,659
5,6,COLIMA,12,NO ESTABLECIDO ACUERDO 27/2280,8,MANZANILLO,267,3,482,445,30,9,19,15,5,4,11,2,8,0,1030,22,1052,1733
5,6,COLIMA,13,NO ESTABLECIDO ACUERDO 27/2281,8,MANZANILLO,268,1,208,89,12,5,19,18,8,21,12,22,1,0,415,12,427,689
5,6,COLIMA,13,NO ESTABLECIDO ACUERDO 27/2282,8,MANZANILLO,269,3,654,330,8,11,10,14,4,16,13,25,14,0,1099,22,1121,1742
5,6,COLIMA,14,NO ESTABLECIDO ACUERDO 27/2283,9,MINATITLAN,270,2,357,362,1,267,7,12,11,5,4,12,0,0,1037,37,1074,1379
5,6,COLIMA,14,NO ESTABLECIDO ACUERDO 27/2284,9,MINATITLAN,271,2,350,457,2,288,3,16,7,3,1,14,0,0,1141,37,1178,1445
5,6,COLIMA,14,NO ESTABLECIDO ACUERDO 27/2285,9,MINATITLAN,272,2,316,283,1,270,5,21,6,2,7,10,0,0,921,21,942,1157
5,6,COLIMA,14,NO ESTABLECIDO ACUERDO 27/2286,9,MINATITLAN,273,2,92,250,1,212,6,7,19,0,0,2,0,0,590,20,610,741
5,6,COLIMA,14,NO ESTABLECIDO ACUERDO 27/2287,9,MINATITLAN,274,3,67,159,0,66,1,5,2,2,1,1,0,0,305,6,311,405
5,6,COLIMA,14,NO ESTABLECIDO ACUERDO 27/2288,9,MINATITLAN,275,2,180,227,3,184,2,23,9,1,1,2,0,0,633,9,642,805
5,6,COLIMA,14,NO ESTABLECIDO ACUERDO 27/2289,9,MINATITLAN,276,2,264,216,0,165,3,8,19,0,0,3,0,0,678,9,687,839
5,6,COLIMA,10,NO ESTABLECIDO ACUERDO 27/2290,10,TECOMAN,277,4,707,501,19,14,58,78,13,42,20,14,33,0,1499,50,1549,2990
5,6,COLIMA,10,NO ESTABLECIDO ACUERDO 27/2291,10,TECOMAN,278,2,271,226,12,5,16,38,13,9,8,9,5,0,612,9,621,1151
5,6,COLIMA,10,NO ESTABLECIDO ACUERDO 27/2292,10,TECOMAN,279,1,153,84,3,4,22,20,2,13,3,2,1,0,307,8,315,595
5,6,COLIMA,15,NO ESTABLECIDO ACUERDO 27/2293,10,TECOMAN,280,10,1616,1161,156,64,121,193,26,92,47,34,61,2,3571,71,3644,6933
5,6,COLIMA,10,NO ESTABLECIDO ACUERDO 27/2294,10,TECOMAN,281,2,303,126,12,4,29,44,2,30,46,5,3,0,604,13,617,1003
5,6,COLIMA,10,NO ESTABLECIDO ACUERDO 27/2295,10,TECOMAN,282,3,570,392,11,15,36,72,7,40,26,12,12,0,1193,32,1225,2169
5,6,COLIMA,10,NO ESTABLECIDO ACUERDO 27/2296,10,TECOMAN,283,4,818,431,25,6,33,112,13,50,16,19,15,1,1538,23,1562,2932
5,6,COLIMA,15,NO ESTABLECIDO ACUERDO 27/2297,10,TECOMAN,284,2,141,148,14,7,18,39,2,8,8,3,3,0,391,18,409,762
5,6,COLIMA,10,NO ESTABLECIDO ACUERDO 27/2298,10,TECOMAN,285,1,172,121,6,5,21,18,1,7,4,3,6,0,364,8,372,714
5,6,COLIMA,10,NO ESTABLECIDO ACUERDO 27/2299,10,TECOMAN,286,2,270,184,8,11,39,56,8,37,8,7,9,0,637,4,641,1100
5,6,COLIMA,10,NO ESTABLECIDO ACUERDO 27/2300,10,TECOMAN,287,1,142,124,8,2,9,21,6,4,4,0,3,0,323,10,333,552
5,6,COLIMA,10,NO ESTABLECIDO ACUERDO 27/2301,10,TECOMAN,288,1,147,128,2,3,11,24,6,5,11,1,9,0,347,9,356,570
5,6,COLIMA,10,NO ESTABLECIDO ACUERDO 27/2302,10,TECOMAN,289,2,286,195,7,7,24,52,1,10,8,6,5,0,601,15,616,1021
5,6,COLIMA,10,NO ESTABLECIDO ACUERDO 27/2303,10,TECOMAN,290,5,766,554,37,28,66,149,19,80,20,33,19,0,1771,43,1814,3123
5,6,COLIMA,15,NO ESTABLECIDO ACUERDO 27/2304,10,TECOMAN,291,5,811,576,52,28,36,55,23,51,16,26,32,0,1706,71,1777,3549
5,6,COLIMA,15,NO ESTABLECIDO ACUERDO 27/2305,10,TECOMAN,292,2,283,169,24,7,13,43,10,16,8,6,11,0,590,14,604,1074
5,6,COLIMA,15,NO ESTABLECIDO ACUERDO 27/2306,10,TECOMAN,293,2,161,149,15,7,10,38,2,23,4,4,6,0,419,8,427,776
5,6,COLIMA,15,NO ESTABLECIDO ACUERDO 27/2307,10,TECOMAN,294,1,128,100,6,3,7,64,4,13,4,2,4,0,335,5,340,504
5,6,COLIMA,16,NO ESTABLECIDO ACUERDO 27/2308,10,TECOMAN,295,1,179,191,2,1,10,39,4,9,7,4,6,1,452,11,464,738
5,6,COLIMA,16,NO ESTABLECIDO ACUERDO 27/2309,10,TECOMAN,296,2,150,194,10,12,16,29,1,5,11,2,6,0,436,16,452,785
5,6,COLIMA,10,NO ESTABLECIDO ACUERDO 27/2310,10,TECOMAN,297,3,432,314,20,8,45,60,11,36,14,8,4,1,952,26,979,1749
5,6,COLIMA,9,NO ESTABLECIDO ACUERDO 27/2311,10,TECOMAN,298,2,347,216,16,24,17,48,0,17,4,7,0,0,696,32,728,1266
5,6,COLIMA,15,NO ESTABLECIDO ACUERDO 27/2312,10,TECOMAN,299,2,290,202,16,6,13,53,4,16,7,3,7,0,617,21,638,1042
5,6,COLIMA,15,NO ESTABLECIDO ACUERDO 27/2313,10,TECOMAN,300,1,124,148,4,9,5,102,1,9,2,3,7,0,414,12,426,666
5,6,COLIMA,16,NO ESTABLECIDO ACUERDO 27/2314,10,TECOMAN,301,2,176,229,5,7,11,40,5,8,8,4,16,1,509,8,518,826
5,6,COLIMA,16,NO ESTABLECIDO ACUERDO 27/2315,10,TECOMAN,302,2,334,415,9,15,9,40,8,7,4,5,6,0,852,14,866,1475
5,6,COLIMA,15,NO ESTABLECIDO ACUERDO 27/2316,10,TECOMAN,303,2,213,156,25,6,11,41,7,10,16,10,7,0,502,11,513,903
5,6,COLIMA,15,NO ESTABLECIDO ACUERDO 27/2317,10,TECOMAN,304,2,248,195,22,6,11,29,9,30,4,2,2,0,558,13,571,988
5,6,COLIMA,15,NO ESTABLECIDO ACUERDO 27/2318,10,TECOMAN,305,2,258,261,9,10,17,45,2,45,3,2,16,1,668,22,691,1171
5,6,COLIMA,15,NO ESTABLECIDO ACUERDO 27/2319,10,TECOMAN,306,1,125,137,9,9,4,82,5,33,3,2,4,0,413,4,417,674
5,6,COLIMA,16,NO ESTABLECIDO ACUERDO 27/2320,10,TECOMAN,307,2,146,218,9,3,7,52,10,8,5,1,7,0,466,9,475,813
5,6,COLIMA,15,NO ESTABLECIDO ACUERDO 27/2321,10,TECOMAN,308,2,278,194,22,12,25,34,8,27,10,5,10,0,625,15,640,1163
5,6,COLIMA,15,NO ESTABLECIDO ACUERDO 27/2322,10,TECOMAN,309,1,152,182,10,3,6,53,6,25,7,4,7,0,455,6,461,725
5,6,COLIMA,16,NO ESTABLECIDO ACUERDO 27/2323,10,TECOMAN,310,2,246,260,5,7,9,20,8,6,10,4,4,0,579,9,588,965
5,6,COLIMA,16,NO ESTABLECIDO ACUERDO 27/2324,10,TECOMAN,311,3,464,466,16,10,15,52,10,18,17,4,17,0,1089,20,1109,2007
5,6,COLIMA,15,NO ESTABLECIDO ACUERDO 27/2325,10,TECOMAN,312,5,800,563,76,20,51,70,18,60,14,11,16,1,1699,46,1746,3310
5,6,COLIMA,16,NO ESTABLECIDO ACUERDO 27/2326,10,TECOMAN,313,2,261,201,8,9,12,19,8,7,3,1,7,0,536,10,546,958
5,6,COLIMA,16,NO ESTABLECIDO ACUERDO 27/2327,10,TECOMAN,314,2,289,300,7,8,21,37,9,11,10,4,10,0,706,15,721,1269
5,6,COLIMA,16,NO ESTABLECIDO ACUERDO 27/2328,10,TECOMAN,315,4,574,538,18,15,30,111,15,35,29,14,15,1,1394,17,1412,2325
5,6,COLIMA,16,NO ESTABLECIDO ACUERDO 27/2329,10,TECOMAN,316,5,760,672,42,16,36,47,11,31,24,10,23,0,1672,38,1710,3273
5,6,COLIMA,10,NO ESTABLECIDO ACUERDO 27/2330,10,TECOMAN,317,2,266,211,3,4,5,14,5,46,1,1,7,0,563,12,575,905
5,6,COLIMA,10,NO ESTABLECIDO ACUERDO 27/2331,10,TECOMAN,318,2,197,199,4,7,6,4,8,87,7,1,11,0,531,17,548,954
5,6,COLIMA,10,NO ESTABLECIDO ACUERDO 27/2332,10,TECOMAN,319,2,223,258,2,7,7,11,3,72,8,2,3,0,596,30,626,1029
5,6,COLIMA,10,NO ESTABLECIDO ACUERDO 27/2333,10,TECOMAN,320,2,236,225,3,4,5,5,0,14,5,2,8,0,507,13,520,813
5,6,COLIMA,10,NO ESTABLECIDO ACUERDO 27/2334,10,TECOMAN,321,3,421,331,12,9,15,25,4,50,8,1,15,0,891,25,916,1515
5,6,COLIMA,9,NO ESTABLECIDO ACUERDO 27/2335,10,TECOMAN,322,1,110,92,11,28,2,14,0,7,1,2,0,1,267,8,276,500
5,6,COLIMA,9,NO ESTABLECIDO ACUERDO 27/2336,10,TECOMAN,323,2,168,151,11,29,8,7,0,11,3,0,0,0,388,17,405,760
5,6,COLIMA,9,NO ESTABLECIDO ACUERDO 27/2337,10,TECOMAN,324,2,256,266,48,37,7,11,0,22,8,4,0,0,659,45,704,1263
5,6,COLIMA,10,NO ESTABLECIDO ACUERDO 27/2338,10,TECOMAN,325,1,152,130,7,4,10,14,2,9,6,3,8,0,345,6,351,600
5,6,COLIMA,9,NO ESTABLECIDO ACUERDO 27/2339,10,TECOMAN,326,2,199,188,4,21,8,19,0,7,6,1,0,0,453,7,460,816
5,6,COLIMA,16,NO ESTABLECIDO ACUERDO 27/2340,10,TECOMAN,327,1,131,81,1,1,2,2,0,2,0,0,0,0,220,3,223,316
5,6,COLIMA,15,NO ESTABLECIDO ACUERDO 27/2341,10,TECOMAN,328,1,285,136,8,3,8,8,0,13,6,4,4,0,475,5,480,711
5,6,COLIMA,16,NO ESTABLECIDO ACUERDO 27/2342,10,TECOMAN,329,3,569,460,14,8,27,19,4,19,7,4,15,0,1146,22,1168,2041
5,6,COLIMA,16,NO ESTABLECIDO ACUERDO 27/2343,10,TECOMAN,330,1,50,46,3,1,1,1,0,0,0,0,0,0,102,2,104,157
5,6,COLIMA,16,NO ESTABLECIDO ACUERDO 27/2344,10,TECOMAN,331,1,39,80,0,0,3,2,1,1,0,0,3,0,129,6,135,188
5,6,COLIMA,16,NO ESTABLECIDO ACUERDO 27/2345,10,TECOMAN,332,1,83,95,2,1,8,3,3,6,1,0,4,0,206,4,210,314
5,6,COLIMA,16,NO ESTABLECIDO ACUERDO 27/2346,10,TECOMAN,333,1,60,103,1,0,1,2,0,0,3,1,6,0,177,4,181,257
5,6,COLIMA,16,NO ESTABLECIDO ACUERDO 27/2347,10,TECOMAN,334,3,355,468,12,7,15,12,12,5,10,4,19,0,919,26,945,1911
5,6,COLIMA,16,NO ESTABLECIDO ACUERDO 27/2348,10,TECOMAN,335,3,321,384,13,9,14,11,4,5,2,0,13,0,776,22,798,1623
5,6,COLIMA,16,NO ESTABLECIDO ACUERDO 27/2349,10,TECOMAN,336,3,282,385,9,6,11,9,8,14,10,2,13,0,749,21,770,1561
5,6,COLIMA,4,NO ESTABLECIDO ACUERDO 27/2350,5,VILLA DE ALVAREZ,337,2,214,123,11,16,18,26,11,13,9,5,0,1,446,10,457,940
5,6,COLIMA,4,NO ESTABLECIDO ACUERDO 27/2351,5,VILLA DE ALVAREZ,338,2,155,131,13,19,20,31,15,12,8,4,0,0,408,9,417,856
5,6,COLIMA,4,NO ESTABLECIDO ACUERDO 27/2352,5,VILLA DE ALVAREZ,339,1,78,61,4,0,8,11,2,3,2,2,0,0,171,7,178,350
5,6,COLIMA,4,NO ESTABLECIDO ACUERDO 27/2353,5,VILLA DE ALVAREZ,340,1,97,70,3,7,8,16,6,9,3,4,0,0,223,7,230,407
5,6,COLIMA,4,NO ESTABLECIDO ACUERDO 27/2354,5,VILLA DE ALVAREZ,341,1,71,42,2,2,7,13,3,2,3,3,0,0,148,1,149,279
5,6,COLIMA,8,NO ESTABLECIDO ACUERDO 27/2355,5,VILLA DE ALVAREZ,342,1,80,64,14,9,5,24,4,11,10,4,3,1,228,6,235,374
5,6,COLIMA,8,NO ESTABLECIDO ACUERDO 27/2356,5,VILLA DE ALVAREZ,343,1,142,159,10,6,4,71,23,17,9,8,3,0,452,11,463,706
5,6,COLIMA,8,NO ESTABLECIDO ACUERDO 27/2357,5,VILLA DE ALVAREZ,344,2,182,182,9,7,14,53,9,18,10,6,7,0,497,10,507,850
5,6,COLIMA,8,NO ESTABLECIDO ACUERDO 27/2358,5,VILLA DE ALVAREZ,345,1,156,162,9,8,6,79,10,15,6,3,3,0,457,3,460,743
5,6,COLIMA,8,NO ESTABLECIDO ACUERDO 27/2359,5,VILLA DE ALVAREZ,346,1,101,89,9,2,6,42,7,1,6,1,4,0,268,7,275,421
5,6,COLIMA,8,NO ESTABLECIDO ACUERDO 27/2360,5,VILLA DE ALVAREZ,347,1,206,106,15,7,8,48,19,14,4,4,3,0,434,14,448,662
5,6,COLIMA,8,NO ESTABLECIDO ACUERDO 27/2361,5,VILLA DE ALVAREZ,348,2,168,138,6,10,11,79,22,11,12,4,8,0,469,10,479,764
5,6,COLIMA,8,NO ESTABLECIDO ACUERDO 27/2362,5,VILLA DE ALVAREZ,349,2,232,182,12,8,13,68,20,18,10,2,2,0,567,13,580,893
5,6,COLIMA,8,NO ESTABLECIDO ACUERDO 27/2363,5,VILLA DE ALVAREZ,350,1,185,139,11,7,8,54,7,13,12,8,2,0,446,8,454,701
5,6,COLIMA,8,NO ESTABLECIDO ACUERDO 27/2364,5,VILLA DE ALVAREZ,351,1,95,83,10,11,15,43,8,7,7,3,1,0,283,11,294,452
5,6,COLIMA,8,NO ESTABLECIDO ACUERDO 27/2365,5,VILLA DE ALVAREZ,352,1,82,90,9,3,4,40,13,12,8,5,1,0,267,4,271,435
5,6,COLIMA,8,NO ESTABLECIDO ACUERDO 27/2366,5,VILLA DE ALVAREZ,353,1,80,64,5,5,5,28,6,4,11,2,3,0,213,4,217,395
5,6,COLIMA,8,NO ESTABLECIDO ACUERDO 27/2367,5,VILLA DE ALVAREZ,354,1,177,136,11,3,3,62,8,12,12,6,1,0,431,11,442,698
5,6,COLIMA,8,NO ESTABLECIDO ACUERDO 27/2368,5,VILLA DE ALVAREZ,355,2,186,193,23,10,8,68,14,12,6,9,4,1,533,13,547,898
5,6,COLIMA,8,NO ESTABLECIDO ACUERDO 27/2369,5,VILLA DE ALVAREZ,356,2,168,183,6,18,12,56,13,8,4,7,3,0,478,7,485,790
5,6,COLIMA,8,NO ESTABLECIDO ACUERDO 27/2370,5,VILLA DE ALVAREZ,357,1,125,136,13,9,13,53,8,13,12,7,1,0,390,6,396,646
5,6,COLIMA,8,NO ESTABLECIDO ACUERDO 27/2371,5,VILLA DE ALVAREZ,358,1,136,120,7,8,2,54,16,12,7,7,4,0,373,4,377,614
5,6,COLIMA,8,NO ESTABLECIDO ACUERDO 27/2372,5,VILLA DE ALVAREZ,359,1,151,139,6,4,3,34,13,6,5,9,3,0,373,9,382,630
5,6,COLIMA,8,NO ESTABLECIDO ACUERDO 27/2373,5,VILLA DE ALVAREZ,360,1,110,128,11,9,13,41,12,3,8,7,3,0,345,9,354,555
5,6,COLIMA,8,NO ESTABLECIDO ACUERDO 27/2374,5,VILLA DE ALVAREZ,361,1,120,109,10,3,12,59,14,8,21,1,3,1,360,2,363,639
5,6,COLIMA,8,NO ESTABLECIDO ACUERDO 27/2375,5,VILLA DE ALVAREZ,362,2,140,148,5,11,10,65,4,9,7,6,1,0,406,12,418,901
5,6,COLIMA,8,NO ESTABLECIDO ACUERDO 27/2376,5,VILLA DE ALVAREZ,363,2,204,165,13,5,16,62,16,13,6,4,1,1,505,12,518,976
5,6,COLIMA,8,NO ESTABLECIDO ACUERDO 27/2377,5,VILLA DE ALVAREZ,364,1,121,111,4,6,7,42,11,13,2,10,3,0,330,5,335,574
5,6,COLIMA,8,NO ESTABLECIDO ACUERDO 27/2378,5,VILLA DE ALVAREZ,365,1,82,76,4,5,2,29,7,7,1,3,3,0,219,3,222,380
5,6,COLIMA,8,NO ESTABLECIDO ACUERDO 27/2379,5,VILLA DE ALVAREZ,366,1,74,82,5,3,6,28,5,10,5,2,1,0,221,5,226,460
5,6,COLIMA,8,NO ESTABLECIDO ACUERDO 27/2380,5,VILLA DE ALVAREZ,367,1,61,85,10,4,3,15,3,7,5,3,1,0,197,2,199,403
5,6,COLIMA,8,NO ESTABLECIDO ACUERDO 27/2381,5,VILLA DE ALVAREZ,368,1,108,97,5,3,7,31,11,13,8,4,1,1,288,11,300,487
5,6,COLIMA,8,NO ESTABLECIDO ACUERDO 27/2382,5,VILLA DE ALVAREZ,369,2,174,190,12,10,11,52,15,18,3,8,5,0,498,15,513,888
5,6,COLIMA,8,NO ESTABLECIDO ACUERDO 27/2383,5,VILLA DE ALVAREZ,370,2,166,286,17,19,12,56,15,14,18,6,4,1,613,11,625,1096
5,6,COLIMA,8,NO ESTABLECIDO ACUERDO 27/2384,5,VILLA DE ALVAREZ,371,1,120,122,6,8,11,46,10,13,8,10,2,0,356,8,364,578
5,6,COLIMA,8,NO ESTABLECIDO ACUERDO 27/2385,5,VILLA DE ALVAREZ,372,1,46,56,4,3,8,36,10,12,4,1,2,0,182,3,185,301