﻿ID_ESTADO,NOMBRE_ESTADO,ID_DISTRITO_LOCAL,CABECERA_DISTRITAL_LOCAL,SECCIONES,CASILLAS,PAN,PRI,PRD,PVEM,PT,MC,MORENA,PES,RSP,FXM,NAEM,NUM_VOTOS_VALIDOS,NUM_VOTOS_CAN_NREG,NUM_VOTOS_NULOS,TOTAL_VOTOS,LISTA_NOMINAL,RUTA_ACTA
15,MEXICO,1,CHALCO DE DIAZ COVARRUBIAS,82,417,6322,31960,6188,7479,2653,6757,59075,2082,2503,2271,2214,129504,80,4138,133722,283476,http://www.ieem.org.mx/proceso2021/actasdispp/distrital/mr/ADMR2021_D01.pdf
15,MEXICO,2,TOLUCA DE LERDO,106,404,18389,41012,1942,4002,2572,3765,51028,3146,1508,2506,1732,131602,185,3368,135155,258207,http://www.ieem.org.mx/proceso2021/actasdispp/distrital/mr/ADMR2021_D02.pdf
15,MEXICO,3,CHIMALHUACAN,91,399,3121,43903,1672,2049,1628,2027,57073,1205,730,1500,2399,117307,326,2828,120461,264210,http://www.ieem.org.mx/proceso2021/actasdispp/distrital/mr/ADMR2021_D03.pdf
15,MEXICO,4,LERMA DE VILLADA,121,449,16151,59718,3692,14843,4130,2252,51814,2517,2747,4528,3104,165496,165,4740,170401,281653,http://www.ieem.org.mx/proceso2021/actasdispp/distrital/mr/ADMR2021_D04.pdf
15,MEXICO,5,CHICOLOAPAN DE JUAREZ,110,439,3978,51227,3166,3481,2002,2136,52620,2637,1319,3704,1902,128172,93,3579,131844,285096,http://www.ieem.org.mx/proceso2021/actasdispp/distrital/mr/ADMR2021_D05.pdf
15,MEXICO,6,ECATEPEC DE MORELOS,106,355,7012,24631,9881,2311,1361,2173,45862,1282,879,1840,1462,98694,170,2881,101745,226079,http://www.ieem.org.mx/proceso2021/actasdispp/distrital/mr/ADMR2021_D06.pdf
15,MEXICO,7,TENANCINGO DE DEGOLLADO,137,452,12038,42026,7401,16443,17488,10116,18019,12861,3011,5983,17488,162874,158,5428,168460,279980,http://www.ieem.org.mx/proceso2021/actasdispp/distrital/mr/ADMR2021_D07.pdf
15,MEXICO,8,ECATEPEC DE MORELOS,150,396,12937,31980,3971,4005,1690,3292,51830,1579,1118,2174,2294,116870,180,3520,120570,234501,http://www.ieem.org.mx/proceso2021/actasdispp/distrital/mr/ADMR2021_D08.pdf
15,MEXICO,9,TEJUPILCO DE HIDALGO,252,539,6176,61612,14848,15678,5863,7291,48691,2109,3034,2952,2875,171129,54,5571,176754,283571,http://www.ieem.org.mx/proceso2021/actasdispp/distrital/mr/ADMR2021_D09.pdf
15,MEXICO,10,VALLE DE BRAVO,183,477,8877,67072,16133,8719,3845,4376,51647,4796,2846,3321,2677,174309,29,5060,179398,271417,http://www.ieem.org.mx/proceso2021/actasdispp/distrital/mr/ADMR2021_D10.pdf
15,MEXICO,11,TULTITLAN DE MARIANO ESCOBEDO,125,412,15380,33986,2194,6834,2236,3487,54227,1823,1102,2506,1313,125088,101,3372,128561,257848,http://www.ieem.org.mx/proceso2021/actasdispp/distrital/mr/ADMR2021_D11.pdf
15,MEXICO,12,TEOLOYUCAN,113,435,20186,19369,2346,8652,17165,14894,17686,4600,7075,5083,17165,134221,786,4049,139056,281360,http://www.ieem.org.mx/proceso2021/actasdispp/distrital/mr/ADMR2021_D12.pdf
15,MEXICO,13,ATLACOMULCO DE FABELA,163,478,12572,62923,2431,18889,2549,4993,47421,3369,1954,6926,4189,168216,70,4588,172874,277367,http://www.ieem.org.mx/proceso2021/actasdispp/distrital/mr/ADMR2021_D13.pdf
15,MEXICO,14,JILOTEPEC DE ANDRES MOLINA ENRIQUEZ,179,489,21870,63090,1552,27408,14424,7143,14860,4963,5569,4645,14424,179948,52,4736,184736,270073,http://www.ieem.org.mx/proceso2021/actasdispp/distrital/mr/ADMR2021_D14.pdf
15,MEXICO,15,IXTLAHUACA DE RAYON,127,425,3519,63070,1926,7721,15055,29875,15511,6381,3097,2573,15055,163783,63,5004,168850,263684,http://www.ieem.org.mx/proceso2021/actasdispp/distrital/mr/ADMR2021_D15.pdf
15,MEXICO,16,CIUDAD ADOLFO LOPEZ MATEOS,108,413,40085,19643,2190,4963,3354,3886,46492,1924,1344,3425,2670,129976,109,3272,133357,270746,http://www.ieem.org.mx/proceso2021/actasdispp/distrital/mr/ADMR2021_D16.pdf
15,MEXICO,17,HUIXQUILUCAN DE DEGOLLADO,105,419,70611,45420,4096,4739,11874,5460,12235,2217,1140,4034,11874,173700,78,3879,177657,271762,http://www.ieem.org.mx/proceso2021/actasdispp/distrital/mr/ADMR2021_D17.pdf
15,MEXICO,18,TLALNEPANTLA DE BAZ,215,497,56948,37265,2754,4122,1816,5896,52600,1599,1071,2930,1538,168539,162,3444,172145,289579,http://www.ieem.org.mx/proceso2021/actasdispp/distrital/mr/ADMR2021_D18.pdf
15,MEXICO,19,SANTA MARIA TULTEPEC,87,425,13629,27606,14106,6978,2368,6416,54549,4212,3797,3153,2294,139108,161,3890,143159,282606,http://www.ieem.org.mx/proceso2021/actasdispp/distrital/mr/ADMR2021_D19.pdf
15,MEXICO,20,ZUMPANGO DE OCAMPO,151,541,26516,36642,9742,14037,19893,4322,20495,2359,2200,14916,19893,171015,335,5272,176622,347433,http://www.ieem.org.mx/proceso2021/actasdispp/distrital/mr/ADMR2021_D20.pdf
15,MEXICO,21,ECATEPEC DE MORELOS,137,410,7700,32384,9030,3251,1574,2793,48111,1340,1440,1859,2211,111693,136,3256,115085,252831,http://www.ieem.org.mx/proceso2021/actasdispp/distrital/mr/ADMR2021_D21.pdf
15,MEXICO,22,ECATEPEC DE MORELOS,159,392,8018,33415,3027,2777,1461,3857,47170,1296,875,1355,1741,104992,150,3021,108163,229159,http://www.ieem.org.mx/proceso2021/actasdispp/distrital/mr/ADMR2021_D22.pdf
15,MEXICO,23,TEXCOCO DE MORA,114,469,13111,37264,7531,21491,2005,3739,58521,3602,2115,3979,2595,155953,142,4493,160588,307407,http://www.ieem.org.mx/proceso2021/actasdispp/distrital/mr/ADMR2021_D23.pdf
15,MEXICO,24,CD. NEZAHUALCOYOTL,214,483,13283,24043,7953,2948,2068,31553,58077,1509,799,1829,1391,145453,145,3917,149515,283370,http://www.ieem.org.mx/proceso2021/actasdispp/distrital/mr/ADMR2021_D24.pdf
15,MEXICO,25,CD. NEZAHUALCOYOTL,244,524,8146,24257,11205,2521,2442,37578,60512,2456,1031,2277,2201,154626,143,3987,158756,297266,http://www.ieem.org.mx/proceso2021/actasdispp/distrital/mr/ADMR2021_D25.pdf
15,MEXICO,26,CUAUTITLAN IZCALLI,172,451,29929,30519,2016,5290,2008,5248,54603,2041,1369,2516,1780,137319,143,3341,140803,268803,http://www.ieem.org.mx/proceso2021/actasdispp/distrital/mr/ADMR2021_D26.pdf
15,MEXICO,27,VALLE DE CHALCO SOLIDARIDAD,114,416,4092,16262,24420,11452,2487,3693,62221,1662,1602,1615,1525,131031,100,4080,135211,271792,http://www.ieem.org.mx/proceso2021/actasdispp/distrital/mr/ADMR2021_D27.pdf
15,MEXICO,28,AMECAMECA DE JUAREZ,170,457,7241,41287,8654,17610,1913,11456,51950,4659,4229,7225,2105,158329,86,4460,162875,272942,http://www.ieem.org.mx/proceso2021/actasdispp/distrital/mr/ADMR2021_D28.pdf
15,MEXICO,29,NAUCALPAN DE JUAREZ,186,486,88804,26777,2994,5175,11529,5258,11877,2053,1372,2451,11529,169819,201,3166,173186,285801,http://www.ieem.org.mx/proceso2021/actasdispp/distrital/mr/ADMR2021_D29.pdf
15,MEXICO,30,NAUCALPAN DE JUAREZ,188,457,25818,25317,1859,3048,1974,6428,43241,4344,1235,2317,1697,117278,126,3354,120758,269717,http://www.ieem.org.mx/proceso2021/actasdispp/distrital/mr/ADMR2021_D30.pdf
15,MEXICO,31,LOS REYES ACAQUILPAN,114,425,4858,53956,3341,4079,2078,2884,44212,2281,1482,6758,1497,127426,136,3835,131397,273868,http://www.ieem.org.mx/proceso2021/actasdispp/distrital/mr/ADMR2021_D31.pdf
15,MEXICO,32,NAUCALPAN DE JUAREZ,139,455,28805,29755,2071,3315,2687,7249,47147,2577,2164,2240,1423,129433,131,3914,133478,283516,http://www.ieem.org.mx/proceso2021/actasdispp/distrital/mr/ADMR2021_D32.pdf
15,MEXICO,33,TECAMAC DE FELIPE VILLANUEVA,188,549,31580,57117,1911,7691,2855,5262,76692,3235,969,2553,2944,192809,170,4090,197069,346325,http://www.ieem.org.mx/proceso2021/actasdispp/distrital/mr/ADMR2021_D33.pdf
15,MEXICO,34,TOLUCA DE LERDO,152,458,27017,50875,2448,5820,2696,4132,52760,4062,2221,3167,1887,157085,155,3829,161069,284119,http://www.ieem.org.mx/proceso2021/actasdispp/distrital/mr/ADMR2021_D34.pdf
15,MEXICO,35,METEPEC,113,414,32171,51292,3141,7062,15643,13739,16118,3619,4889,5473,15643,168790,183,4012,172985,273858,http://www.ieem.org.mx/proceso2021/actasdispp/distrital/mr/ADMR2021_D35.pdf
15,MEXICO,36,SAN MIGUEL ZINACANTEPEC,91,409,17881,46759,3168,10997,15980,4447,16464,3132,2705,3312,15980,140825,96,4187,145108,270744,http://www.ieem.org.mx/proceso2021/actasdispp/distrital/mr/ADMR2021_D36.pdf
15,MEXICO,37,TLALNEPANTLA DE BAZ,113,401,10858,31848,2916,2242,2977,2486,51746,1779,832,1774,1917,111375,102,3381,114858,260941,http://www.ieem.org.mx/proceso2021/actasdispp/distrital/mr/ADMR2021_D37.pdf
15,MEXICO,38,COACALCO DE BERRIOZABAL,134,429,15370,30304,11642,8505,1842,7371,51901,3332,4670,4828,1845,141610,272,3937,145819,273527,http://www.ieem.org.mx/proceso2021/actasdispp/distrital/mr/ADMR2021_D38.pdf
15,MEXICO,39,ACOLMAN DE NEZAHUALCOYOTL,154,463,36713,56140,2745,6700,4272,3636,54676,3368,5556,3825,2223,179854,207,4260,184321,289191,http://www.ieem.org.mx/proceso2021/actasdispp/distrital/mr/ADMR2021_D39.pdf
15,MEXICO,40,IXTAPALUCA,159,448,7013,43165,1879,3318,1625,4665,55224,1634,1172,5516,1759,126970,123,3859,130952,271593,http://www.ieem.org.mx/proceso2021/actasdispp/distrital/mr/ADMR2021_D40.pdf
15,MEXICO,41,CD. NEZAHUALCOYOTL,222,506,6205,21821,8419,2775,2412,34338,59769,2002,858,2014,2234,142847,110,4094,147051,290543,http://www.ieem.org.mx/proceso2021/actasdispp/distrital/mr/ADMR2021_D41.pdf
15,MEXICO,42,ECATEPEC DE MORELOS,159,376,10243,30616,5647,2404,1799,2730,46744,1593,812,1674,2042,106304,142,3439,109885,217194,http://www.ieem.org.mx/proceso2021/actasdispp/distrital/mr/ADMR2021_D42.pdf
15,MEXICO,43,CUAUTITLAN IZCALLI,173,444,35221,26901,2162,11110,2444,6236,53792,1997,2007,2544,1801,146215,156,3231,149602,269774,http://www.ieem.org.mx/proceso2021/actasdispp/distrital/mr/ADMR2021_D43.pdf
15,MEXICO,44,NICOLAS ROMERO,101,446,22989,49839,2177,3988,2684,4190,52363,2664,5324,3867,3222,153307,146,3910,157363,297556,http://www.ieem.org.mx/proceso2021/actasdispp/distrital/mr/ADMR2021_D44.pdf
15,MEXICO,45,ALMOLOYA DE JUAREZ,109,405,13290,44226,6485,15928,14350,7778,14785,4197,2110,2471,14350,139970,255,4551,144776,254032,http://www.ieem.org.mx/proceso2021/actasdispp/distrital/mr/ADMR2021_D45.pdf
