﻿ID_ESTADO,NOMBRE_ESTADO,ID_DISTRITO_LOCAL,CABECERA_DISTRITAL_LOCAL,SECCIONES,CASILLAS,PAN,PRI,PRD,PVEM,PT,MC,MORENA,PES,RSP,FXM,NAEM,PAN_PRI_PRD,PT_MORENA_NAEM,PT_MORENA_NAEM_CM,NUM_VOTOS_VALIDOS,NUM_VOTOS_CAN_NREG,NUM_VOTOS_NULOS,TOTAL_VOTOS,LISTA_NOMINAL,RUTA_ACTA
15,MEXICO,1,CHALCO DE DIAZ COVARRUBIAS,82,417,,,,7479,,6757,,2082,2503,2271,,44470,63942,,129504,80,4138,133722,283476,http://www.ieem.org.mx/proceso2021/actasdiscand/distrital/mr/ADMR2021_D01.pdf
15,MEXICO,2,TOLUCA DE LERDO,106,404,,,,4002,,3765,,3146,1508,2506,,61343,55332,,131602,185,3368,135155,258207,http://www.ieem.org.mx/proceso2021/actasdiscand/distrital/mr/ADMR2021_D02.pdf
15,MEXICO,3,CHIMALHUACAN,91,399,3121,43903,1672,2049,,2027,,1205,730,1500,,,61100,,117307,326,2828,120461,264210,http://www.ieem.org.mx/proceso2021/actasdiscand/distrital/mr/ADMR2021_D03.pdf
15,MEXICO,4,LERMA DE VILLADA,121,449,16151,59718,3692,14843,4130,2252,51814,2517,2747,4528,3104,,,,165496,165,4740,170401,281653,http://www.ieem.org.mx/proceso2021/actasdiscand/distrital/mr/ADMR2021_D04.pdf
15,MEXICO,5,CHICOLOAPAN DE JUAREZ,110,439,3978,51227,3166,3481,,2136,,2637,1319,3704,,,56524,,128172,93,3579,131844,285096,http://www.ieem.org.mx/proceso2021/actasdiscand/distrital/mr/ADMR2021_D05.pdf
15,MEXICO,6,ECATEPEC DE MORELOS,106,355,7012,24631,9881,2311,,2173,,1282,879,1840,,,48685,,98694,170,2881,101745,226079,http://www.ieem.org.mx/proceso2021/actasdiscand/distrital/mr/ADMR2021_D06.pdf
15,MEXICO,7,TENANCINGO DE DEGOLLADO,137,452,,,,16443,,10116,,12861,3011,5983,,61465,,52995,162874,158,5428,168460,279980,http://www.ieem.org.mx/proceso2021/actasdiscand/distrital/mr/ADMR2021_D07.pdf
15,MEXICO,8,ECATEPEC DE MORELOS,150,396,12937,31980,3971,4005,,3292,,1579,1118,2174,,,55814,,116870,180,3520,120570,234501,http://www.ieem.org.mx/proceso2021/actasdiscand/distrital/mr/ADMR2021_D08.pdf
15,MEXICO,9,TEJUPILCO DE HIDALGO,252,539,,,,15678,,7291,,2109,3034,2952,,82636,57429,,171129,54,5571,176754,283571,http://www.ieem.org.mx/proceso2021/actasdiscand/distrital/mr/ADMR2021_D09.pdf
15,MEXICO,10,VALLE DE BRAVO,183,477,,,,8719,,4376,,4796,2846,3321,,92082,58169,,174309,29,5060,179398,271417,http://www.ieem.org.mx/proceso2021/actasdiscand/distrital/mr/ADMR2021_D10.pdf
15,MEXICO,11,TULTITLAN DE MARIANO ESCOBEDO,125,412,15380,33986,2194,6834,,3487,,1823,1102,2506,,,57776,,125088,101,3372,128561,257848,http://www.ieem.org.mx/proceso2021/actasdiscand/distrital/mr/ADMR2021_D11.pdf
15,MEXICO,12,TEOLOYUCAN,113,435,,,,8652,,14894,,4600,7075,5083,,41901,,52016,134221,786,4049,139056,281360,http://www.ieem.org.mx/proceso2021/actasdiscand/distrital/mr/ADMR2021_D12.pdf
15,MEXICO,13,ATLACOMULCO DE FABELA,163,478,,,,18889,,4993,,3369,1954,6926,,77926,54159,,168216,70,4588,172874,277367,http://www.ieem.org.mx/proceso2021/actasdiscand/distrital/mr/ADMR2021_D13.pdf
15,MEXICO,14,JILOTEPEC DE ANDRES MOLINA ENRIQUEZ,179,489,,,,27408,,7143,,4963,5569,4645,,86512,,43708,179948,52,4736,184736,270073,http://www.ieem.org.mx/proceso2021/actasdiscand/distrital/mr/ADMR2021_D14.pdf
15,MEXICO,15,IXTLAHUACA DE RAYON,127,425,,,,7721,,29875,,6381,3097,2573,,68515,,45621,163783,63,5004,168850,263684,http://www.ieem.org.mx/proceso2021/actasdiscand/distrital/mr/ADMR2021_D15.pdf
15,MEXICO,16,CIUDAD ADOLFO LOPEZ MATEOS,108,413,,,,4963,,3886,,1924,1344,3425,,61918,52516,,129976,109,3272,133357,270746,http://www.ieem.org.mx/proceso2021/actasdiscand/distrital/mr/ADMR2021_D16.pdf
15,MEXICO,17,HUIXQUILUCAN DE DEGOLLADO,105,419,70611,45420,4096,4739,,5460,,2217,1140,4034,,,,35983,173700,78,3879,177657,271762,http://www.ieem.org.mx/proceso2021/actasdiscand/distrital/mr/ADMR2021_D17.pdf
15,MEXICO,18,TLALNEPANTLA DE BAZ,215,497,,,,4122,,5896,,1599,1071,2930,,96967,55954,,168539,162,3444,172145,289579,http://www.ieem.org.mx/proceso2021/actasdiscand/distrital/mr/ADMR2021_D18.pdf
15,MEXICO,19,SANTA MARIA TULTEPEC,87,425,,,,6978,,6416,,4212,3797,3153,,55341,59211,,139108,161,3890,143159,282606,http://www.ieem.org.mx/proceso2021/actasdiscand/distrital/mr/ADMR2021_D19.pdf
15,MEXICO,20,ZUMPANGO DE OCAMPO,151,541,26516,36642,9742,14037,,4322,,2359,2200,14916,,,,60281,171015,335,5272,176622,347433,http://www.ieem.org.mx/proceso2021/actasdiscand/distrital/mr/ADMR2021_D20.pdf
15,MEXICO,21,ECATEPEC DE MORELOS,137,410,7700,32384,9030,3251,,2793,,1340,1440,1859,,,51896,,111693,136,3256,115085,252831,http://www.ieem.org.mx/proceso2021/actasdiscand/distrital/mr/ADMR2021_D21.pdf
15,MEXICO,22,ECATEPEC DE MORELOS,159,392,8018,33415,3027,2777,,3857,,1296,875,1355,,,50372,,104992,150,3021,108163,229159,http://www.ieem.org.mx/proceso2021/actasdiscand/distrital/mr/ADMR2021_D22.pdf
15,MEXICO,23,TEXCOCO DE MORA,114,469,13111,37264,7531,21491,,3739,,3602,2115,3979,,,63121,,155953,142,4493,160588,307407,http://www.ieem.org.mx/proceso2021/actasdiscand/distrital/mr/ADMR2021_D23.pdf
15,MEXICO,24,CD. NEZAHUALCOYOTL,214,483,,,,2948,,31553,,1509,799,1829,,45279,61536,,145453,145,3917,149515,283370,http://www.ieem.org.mx/proceso2021/actasdiscand/distrital/mr/ADMR2021_D24.pdf
15,MEXICO,25,CD. NEZAHUALCOYOTL,244,524,,,,2521,,37578,,2456,1031,2277,,43608,65155,,154626,143,3987,158756,297266,http://www.ieem.org.mx/proceso2021/actasdiscand/distrital/mr/ADMR2021_D25.pdf
15,MEXICO,26,CUAUTITLAN IZCALLI,172,451,,,,5290,,5248,,2041,1369,2516,,62464,58391,,137319,143,3341,140803,268803,http://www.ieem.org.mx/proceso2021/actasdiscand/distrital/mr/ADMR2021_D26.pdf
15,MEXICO,27,VALLE DE CHALCO SOLIDARIDAD,114,416,,,,11452,,3693,,1662,1602,1615,,44774,66233,,131031,100,4080,135211,271792,http://www.ieem.org.mx/proceso2021/actasdiscand/distrital/mr/ADMR2021_D27.pdf
15,MEXICO,28,AMECAMECA DE JUAREZ,170,457,7241,41287,8654,17610,,11456,,4659,4229,7225,,,55968,,158329,86,4460,162875,272942,http://www.ieem.org.mx/proceso2021/actasdiscand/distrital/mr/ADMR2021_D28.pdf
15,MEXICO,29,NAUCALPAN DE JUAREZ,186,486,,,,5175,,5258,,2053,1372,2451,,118575,,34935,169819,201,3166,173186,285801,http://www.ieem.org.mx/proceso2021/actasdiscand/distrital/mr/ADMR2021_D29.pdf
15,MEXICO,30,NAUCALPAN DE JUAREZ,188,457,,,,3048,,6428,,4344,1235,2317,,52994,46912,,117278,126,3354,120758,269717,http://www.ieem.org.mx/proceso2021/actasdiscand/distrital/mr/ADMR2021_D30.pdf
15,MEXICO,31,LOS REYES ACAQUILPAN,114,425,,,,4079,,2884,,2281,1482,6758,,62155,47787,,127426,136,3835,131397,273868,http://www.ieem.org.mx/proceso2021/actasdiscand/distrital/mr/ADMR2021_D31.pdf
15,MEXICO,32,NAUCALPAN DE JUAREZ,139,455,,,,3315,,7249,,2577,2164,2240,,60631,51257,,129433,131,3914,133478,283516,http://www.ieem.org.mx/proceso2021/actasdiscand/distrital/mr/ADMR2021_D32.pdf
15,MEXICO,33,TECAMAC DE FELIPE VILLANUEVA,188,549,,,,7691,,5262,,3235,969,2553,,90608,82491,,192809,170,4090,197069,346325,http://www.ieem.org.mx/proceso2021/actasdiscand/distrital/mr/ADMR2021_D33.pdf
15,MEXICO,34,TOLUCA DE LERDO,152,458,,,,5820,,4132,,4062,2221,3167,,80340,57343,,157085,155,3829,161069,284119,http://www.ieem.org.mx/proceso2021/actasdiscand/distrital/mr/ADMR2021_D34.pdf
15,MEXICO,35,METEPEC,113,414,,,,7062,,13739,,3619,4889,5473,,86604,,47404,168790,183,4012,172985,273858,http://www.ieem.org.mx/proceso2021/actasdiscand/distrital/mr/ADMR2021_D35.pdf
15,MEXICO,36,SAN MIGUEL ZINACANTEPEC,91,409,,,,10997,,4447,,3132,2705,3312,,67808,,48424,140825,96,4187,145108,270744,http://www.ieem.org.mx/proceso2021/actasdiscand/distrital/mr/ADMR2021_D36.pdf
15,MEXICO,37,TLALNEPANTLA DE BAZ,113,401,,,,2242,,2486,,1779,832,1774,,45622,56640,,111375,102,3381,114858,260941,http://www.ieem.org.mx/proceso2021/actasdiscand/distrital/mr/ADMR2021_D37.pdf
15,MEXICO,38,COACALCO DE BERRIOZABAL,134,429,,,,8505,,7371,,3332,4670,4828,,57316,55588,,141610,272,3937,145819,273527,http://www.ieem.org.mx/proceso2021/actasdiscand/distrital/mr/ADMR2021_D38.pdf
15,MEXICO,39,ACOLMAN DE NEZAHUALCOYOTL,154,463,36713,56140,2745,6700,,3636,,3368,5556,3825,,,61171,,179854,207,4260,184321,289191,http://www.ieem.org.mx/proceso2021/actasdiscand/distrital/mr/ADMR2021_D39.pdf
15,MEXICO,40,IXTAPALUCA,159,448,7013,43165,1879,3318,,4665,,1634,1172,5516,,,58608,,126970,123,3859,130952,271593,http://www.ieem.org.mx/proceso2021/actasdiscand/distrital/mr/ADMR2021_D40.pdf
15,MEXICO,41,CD. NEZAHUALCOYOTL,222,506,,,,2775,,34338,,2002,858,2014,,36445,64415,,142847,110,4094,147051,290543,http://www.ieem.org.mx/proceso2021/actasdiscand/distrital/mr/ADMR2021_D41.pdf
15,MEXICO,42,ECATEPEC DE MORELOS,159,376,10243,30616,5647,2404,,2730,,1593,812,1674,,,50585,,106304,142,3439,109885,217194,http://www.ieem.org.mx/proceso2021/actasdiscand/distrital/mr/ADMR2021_D42.pdf
15,MEXICO,43,CUAUTITLAN IZCALLI,173,444,,,,11110,,6236,,1997,2007,2544,,64284,58037,,146215,156,3231,149602,269774,http://www.ieem.org.mx/proceso2021/actasdiscand/distrital/mr/ADMR2021_D43.pdf
15,MEXICO,44,NICOLAS ROMERO,101,446,22989,49839,2177,3988,,4190,,2664,5324,3867,,,58269,,153307,146,3910,157363,297556,http://www.ieem.org.mx/proceso2021/actasdiscand/distrital/mr/ADMR2021_D44.pdf
15,MEXICO,45,ALMOLOYA DE JUAREZ,109,405,13290,44226,6485,15928,,7778,,4197,2110,2471,,,,43485,139970,255,4551,144776,254032,http://www.ieem.org.mx/proceso2021/actasdiscand/distrital/mr/ADMR2021_D45.pdf
