﻿ID_ESTADO,NOMBRE_ESTADO,ID_MUNICIPIO,MUNICIPIO,SECCIONES,CASILLAS,PAN,PRI,PRD,PT,PVEM,UDC,NVA_ALIANZA,SI,PPC,PJ,PRC,PCP,MORENA,ES,PAN_UDC_PPC_ES,PAN_UDC_PPC,PAN_UDC_ES,PAN_PPC_ES,UDC_PPC_ES,PAN_UDC,PAN_PPC,PAN_ES,UDC_PPC,UDC_ES,PPC_ES,PRI_PVEM_NVA_ALIANZA_SI_PJ_PRC_PCP,PRI_PVEM_NVA_ALIANZA_SI_PJ_PRC,PRI_PVEM_NVA_ALIANZA_SI_PJ_PCP,PRI_PVEM_NVA_ALIANZA_SI_PRC_PCP,PRI_PVEM_NVA_ALIANZA_PJ_PRC_PCP,PRI_PVEM_SI_PJ_PRC_PCP,PRI_NVA_ALIANZA_SI_PJ_PRC_PCP,PVEM_NVA_ALIANZA_SI_PJ_PRC_PCP,PRI_PVEM_NVA_ALIANZA_SI_PJ,PRI_PVEM_NVA_ALIANZA_SI_PRC,PRI_PVEM_NVA_ALIANZA_SI_PCP,PRI_PVEM_NVA_ALIANZA_PJ_PRC,PRI_PVEM_NVA_ALIANZA_PJ_PCP,PRI_PVEM_NVA_ALIANZA_PRC_PCP,PRI_PVEM_SI_PJ_PRC,PRI_PVEM_SI_PJ_PCP,PRI_PVEM_SI_PRC_PCP,PRI_PVEM_PJ_PRC_PCP,PRI_NVA_ALIANZA_SI_PJ_PRC,PRI_NVA_ALIANZA_SI_PJ_PCP,PRI_NVA_ALIANZA_SI_PRC_PCP,PRI_NVA_ALIANZA_PJ_PRC_PCP,PRI_SI_PJ_PRC_PCP,PVEM_NVA_ALIANZA_SI_PJ_PRC,PVEM_NVA_ALIANZA_SI_PJ_PCP,PVEM_NVA_ALIANZA_SI_PRC_PCP,PVEM_NVA_ALIANZA_PJ_PRC_PCP,PVEM_SI_PJ_PRC_PCP,NVA_ALIANZA_SI_PJ_PRC_PCP,PRI_PVEM_NVA_ALIANZA_SI,PRI_PVEM_NVA_ALIANZA_PJ,PRI_PVEM_NVA_ALIANZA_PRC,PRI_PVEM_NVA_ALIANZA_PCP,PRI_PVEM_SI_PJ,PRI_PVEM_SI_PRC,PRI_PVEM_SI_PCP,PRI_PVEM_PJ_PRC,PRI_PVEM_PJ_PCP,PRI_PVEM_PRC_PCP,PRI_NVA_ALIANZA_SI_PJ,PRI_NVA_ALIANZA_SI_PRC,PRI_NVA_ALIANZA_SI_PCP,PRI_NVA_ALIANZA_PJ_PRC,PRI_NVA_ALIANZA_PJ_PCP,PRI_NVA_ALIANZA_PRC_PCP,PRI_SI_PJ_PRC,PRI_SI_PJ_PCP,PRI_SI_PRC_PCP,PRI_PJ_PRC_PCP,PVEM_NVA_ALIANZA_SI_PJ,PVEM_NVA_ALIANZA_SI_PRC,PVEM_NVA_ALIANZA_SI_PCP,PVEM_NVA_ALIANZA_PJ_PRC,PVEM_NVA_ALIANZA_PJ_PCP,PVEM_NVA_ALIANZA_PRC_PCP,PVEM_SI_PJ_PRC,PVEM_SI_PJ_PCP,PVEM_SI_PRC_PCP,PVEM_PJ_PRC_PCP,NVA_ALIANZA_SI_PJ_PRC,NVA_ALIANZA_SI_PJ_PCP,NVA_ALIANZA_SI_PRC_PCP,NVA_ALIANZA_PJ_PRC_PCP,SI_PJ_PRC_PCP,PRI_PVEM_NVA_ALIANZA,PRI_PVEM_SI,PRI_PVEM_PJ,PRI_PVEM_PRC,PRI_PVEM_PCP,PRI_NVA_ALIANZA_SI,PRI_NVA_ALIANZA_PJ,PRI_NVA_ALIANZA_PRC,PRI_NVA_ALIANZA_PCP,PRI_SI_PJ,PRI_SI_PRC,PRI_SI_PCP,PRI_PJ_PRC,PRI_PJ_PCP,PRI_PRC_PCP,PVEM_NVA_ALIANZA_SI,PVEM_NVA_ALIANZA_PJ,PVEM_NVA_ALIANZA_PRC,PVEM_NVA_ALIANZA_PCP,PVEM_SI_PJ,PVEM_SI_PRC,PVEM_SI_PCP,PVEM_PJ_PRC,PVEM_PJ_PCP,PVEM_PRC_PCP,NVA_ALIANZA_SI_PJ,NVA_ALIANZA_SI_PRC,NVA_ALIANZA_SI_PCP,NVA_ALIANZA_PJ_PRC,NVA_ALIANZA_PJ_PCP,NVA_ALIANZA_PRC_PCP,SI_PJ_PRC,SI_PJ_PCP,SI_PRC_PCP,PJ_PRC_PCP,PRI_PVEM,PRI_NVA_ALIANZA,PRI_SI,PRI_PJ,PRI_PRC,PRI_PCP,PVEM_NVA_ALIANZA,PVEM_SI,PVEM_PJ,PVEM_PRC,PVEM_PCP,NVA_ALIANZA_SI,NVA_ALIANZA_PJ,NVA_ALIANZA_PRC,NVA_ALIANZA_PCP,SI_PJ,SI_PRC,SI_PCP,PJ_PRC,PJ_PCP,PRC_PCP,CAND_IND1,CAND_IND2,NUM_VOTOS_CAN_NREG,NUM_VOTOS_VALIDOS,NUM_VOTOS_NULOS,TOTAL_VOTOS,LISTA_NOMINAL,PARTICIPACION
5,COAHUILA,0,EXTRANJERO,0,1,63,13,2,2,0,0,1,1,0,0,0,1,26,1,0,0,0,0,0,0,0,0,0,0,0,0,0,0,0,0,0,0,0,0,0,0,0,0,0,0,0,0,0,0,0,0,0,0,0,0,0,0,0,0,0,0,0,0,0,0,0,0,0,0,0,0,0,0,0,0,0,0,0,0,0,0,0,0,0,0,0,0,0,0,0,0,0,0,0,0,0,0,0,0,0,0,0,0,0,0,0,0,0,0,0,0,0,0,0,0,0,0,0,0,0,0,0,0,0,0,0,0,0,0,0,0,0,0,0,0,0,0,0,0,0,0,0,0,0,0,0,0,0,0,0,18,1,0,129,1,130,0,0
5,COAHUILA,1,ABASOLO,2,2,295,406,0,2,2,0,1,1,0,6,1,1,45,3,0,0,0,0,0,0,0,1,0,0,0,0,0,0,0,0,0,0,0,0,0,0,0,0,0,0,0,0,0,0,0,0,0,0,0,0,0,0,0,0,0,0,0,0,0,0,0,0,0,0,0,0,0,0,0,0,0,0,0,0,0,0,0,0,0,0,0,0,0,0,0,0,0,0,0,0,0,0,0,0,0,0,0,0,0,0,0,0,0,0,0,0,0,0,0,0,0,0,0,0,0,0,0,0,0,0,0,0,0,0,0,0,0,2,0,0,0,0,0,0,0,0,0,0,0,0,0,0,0,0,0,5,1,0,772,11,783,1096,0.7144
5,COAHUILA,2,ACUÑA,64,173,9509,16205,2306,478,498,19899,316,153,74,1501,133,33,2674,314,71,19,27,4,2,529,6,3,10,5,1,10,1,1,0,4,0,0,1,0,0,0,0,0,0,0,1,0,0,0,0,0,0,0,0,0,0,0,0,0,1,0,0,0,0,0,0,0,0,1,0,0,0,0,0,0,0,0,0,0,1,0,0,0,0,0,0,0,0,0,0,0,0,0,0,1,2,2,1,0,1,2,1,0,2,0,1,0,0,0,0,0,1,0,0,0,0,1,0,0,0,0,0,0,0,0,0,0,0,0,28,7,6,16,3,3,5,0,2,1,0,1,1,0,1,2,1,0,0,1,0,3659,109,30,58652,1021,59703,112033,0.5329
5,COAHUILA,3,ALLENDE,15,32,2997,3550,80,132,28,2009,205,12,12,15,15,14,694,12,18,6,8,0,0,95,0,0,4,1,2,1,0,0,0,0,0,0,0,0,0,0,0,0,0,0,0,0,0,0,0,0,0,0,0,0,0,0,0,0,0,0,0,0,0,0,0,0,0,0,0,0,0,0,0,0,0,0,0,0,0,0,0,0,0,0,0,0,0,0,0,0,0,0,0,0,0,0,1,0,0,0,0,0,1,1,0,1,0,0,0,0,0,0,0,0,0,0,0,0,0,0,0,0,0,0,0,0,0,0,6,3,2,0,1,1,2,1,0,0,0,1,0,0,0,0,0,0,0,0,0,555,12,0,10498,190,10688,19054,0.5609
5,COAHUILA,4,ARTEAGA,21,37,2841,6096,209,209,61,109,67,66,23,395,29,73,720,97,8,0,3,0,0,9,4,6,0,1,0,2,0,0,0,0,1,0,0,1,1,0,1,0,1,0,0,0,1,0,0,0,0,0,0,0,0,0,0,0,0,0,0,0,0,0,0,0,0,0,0,0,0,0,0,0,0,2,0,0,0,0,0,0,0,0,0,0,0,0,0,0,0,0,0,3,0,0,1,0,0,1,0,0,1,0,1,0,0,0,0,0,0,0,0,0,0,0,0,0,0,0,0,0,0,0,0,0,0,0,11,7,3,13,3,2,0,0,1,0,0,0,1,0,0,2,0,0,0,1,1,707,161,11,11956,497,12464,18604,0.6700
5,COAHUILA,5,CANDELA,3,4,559,597,0,0,3,5,17,0,2,5,0,0,26,14,0,1,2,0,0,4,0,2,0,0,0,1,0,0,0,0,0,0,0,0,0,0,0,0,0,0,0,0,0,0,0,0,0,0,0,0,0,0,0,0,0,0,0,0,0,0,0,0,0,0,0,0,0,0,0,0,0,0,0,0,0,0,0,0,0,0,0,0,0,0,0,0,0,0,0,0,0,0,0,0,0,0,0,0,0,0,1,0,0,0,0,0,0,0,0,0,0,0,0,0,0,0,0,0,0,0,0,0,0,0,1,0,0,0,0,0,0,0,0,0,0,0,0,0,0,0,0,0,0,0,0,35,2,0,1277,21,1298,1681,0.7722
5,COAHUILA,6,CASTAÑOS,23,40,2904,4639,1348,146,183,55,77,16,20,30,10,5,1350,244,7,0,2,2,0,6,1,21,0,1,0,3,1,0,1,0,0,0,0,0,1,0,1,0,0,0,0,0,0,0,0,0,0,0,0,0,0,0,0,0,0,0,0,0,0,0,0,0,0,0,0,0,0,0,0,0,0,1,0,0,0,0,0,0,0,0,0,0,0,0,0,0,0,0,0,1,0,0,0,0,0,0,0,1,0,0,0,0,0,0,0,0,0,0,0,0,0,0,0,0,0,0,0,0,0,0,0,0,0,0,14,3,1,2,2,2,0,0,0,0,0,0,0,0,0,0,0,0,0,0,0,1146,36,0,12283,234,12517,21467,0.5831
5,COAHUILA,7,CUATROCIENEGAS,14,23,2013,2361,261,83,17,37,28,7,15,20,7,4,255,9,4,4,0,0,0,8,2,1,1,0,0,1,0,0,0,0,0,0,0,0,0,0,0,0,0,0,1,0,0,0,0,0,0,0,0,0,0,0,0,0,0,0,0,0,0,0,0,0,0,0,0,0,0,0,0,0,0,1,0,0,0,0,0,0,0,0,0,0,0,0,0,0,0,0,0,1,1,0,0,0,0,0,0,0,0,1,0,0,0,0,0,0,0,0,0,0,0,0,0,0,0,0,0,0,0,0,0,0,0,0,3,3,0,1,0,1,0,0,0,0,0,0,0,0,0,0,0,0,0,0,0,933,13,0,6097,136,6233,10008,0.6228
5,COAHUILA,8,ESCOBEDO,4,6,297,796,243,15,4,2,4,2,4,4,3,0,212,11,3,0,0,0,0,0,0,0,0,0,0,0,0,0,0,0,0,0,0,0,0,0,0,0,0,0,0,0,0,0,0,0,0,0,0,0,0,0,0,0,0,0,0,0,0,0,0,0,0,0,0,0,0,0,0,0,0,0,0,0,0,0,0,0,0,0,0,0,0,0,0,0,0,0,0,0,0,0,0,0,0,0,0,0,0,0,0,0,0,0,0,0,0,0,0,0,0,0,0,0,0,0,0,0,0,0,0,0,0,0,1,0,0,1,0,0,0,0,0,0,0,0,0,0,0,0,0,0,0,0,0,74,1,0,1677,42,1719,2479,0.6934
5,COAHUILA,9,FRANCISCO I.MADERO,42,76,7201,8804,447,254,871,758,281,128,437,2010,272,23,2625,75,26,18,4,3,0,57,8,3,1,1,0,5,0,0,0,0,1,1,0,0,0,0,0,0,0,0,0,0,0,1,0,0,0,0,0,0,0,0,0,0,0,0,1,0,0,0,0,0,1,0,0,0,0,0,0,0,0,0,0,0,0,0,0,0,0,0,0,0,0,0,0,0,0,0,0,3,0,1,1,0,0,0,1,0,0,0,0,0,0,0,0,0,0,0,0,1,0,1,0,0,0,0,0,0,0,0,0,0,0,0,16,4,4,16,3,1,4,0,2,0,0,0,5,0,0,2,0,0,1,0,0,3255,51,0,27689,529,28218,43557,0.6478
5,COAHUILA,10,FRONTERA,41,95,9005,11148,309,1217,259,35,278,94,28,262,24,34,5112,85,11,2,1,1,1,7,4,4,0,0,0,2,0,0,3,0,0,0,0,0,0,0,0,0,0,0,0,1,0,0,0,0,0,0,0,0,0,0,0,0,0,1,0,1,0,0,0,0,1,0,0,0,0,0,0,1,0,0,0,0,0,0,0,0,0,0,0,0,0,0,0,0,0,0,0,1,2,0,0,0,0,0,0,0,2,0,0,0,0,0,0,0,0,0,0,0,0,0,0,0,0,0,0,0,0,0,0,0,0,0,13,5,6,2,1,3,0,1,0,0,0,0,1,1,0,0,0,2,0,0,0,3195,168,6,31334,437,31777,60794,0.5227
5,COAHUILA,11,GRAL. CEPEDA,16,20,2561,2235,47,31,15,19,51,2,6,66,11,583,524,8,3,0,1,0,0,5,0,0,0,0,0,0,0,0,1,0,0,0,0,0,0,0,0,0,0,0,0,0,0,0,0,0,0,0,0,0,0,0,0,0,0,0,0,0,0,0,0,0,0,0,0,0,0,0,0,0,0,0,0,0,0,0,0,0,0,0,0,0,0,0,0,0,0,0,0,0,1,4,2,0,0,0,0,0,0,0,0,0,0,0,0,0,0,0,0,0,0,0,0,0,0,0,0,0,0,0,0,0,0,0,0,1,1,3,0,4,0,0,2,0,1,0,0,1,0,0,0,0,1,0,1,74,5,7,6270,136,6413,9565,0.6705
5,COAHUILA,12,GUERRERO,5,5,521,508,3,1,2,2,8,1,4,2,0,0,35,0,2,0,0,1,0,0,0,1,0,0,0,1,0,0,0,0,0,0,0,0,0,0,0,0,0,0,0,0,0,0,0,0,0,0,0,0,0,0,0,0,0,0,0,0,0,0,0,0,0,0,0,0,0,0,0,0,0,0,0,0,0,0,0,0,0,0,0,0,0,0,0,0,0,0,0,2,0,0,0,0,0,0,0,0,0,0,0,0,0,0,0,0,0,0,0,0,0,0,0,0,0,0,0,0,0,0,0,0,0,0,0,1,1,1,1,0,0,0,0,0,0,0,0,0,0,0,0,0,0,0,0,94,0,0,1192,31,1223,1797,0.6806
5,COAHUILA,13,HIDALGO,2,3,157,491,2,2,2,114,10,1,0,3,1,0,9,2,3,0,2,0,0,7,0,1,0,0,0,2,0,0,0,0,0,0,0,0,0,0,0,0,0,0,0,0,0,0,0,0,0,0,0,0,0,0,0,0,0,0,0,0,0,0,0,0,0,0,0,0,0,0,0,0,0,0,0,0,0,0,0,0,0,0,0,0,0,0,0,0,0,0,0,0,0,0,0,0,0,1,0,0,0,0,0,0,0,0,0,0,0,0,0,0,0,0,0,0,0,0,0,0,0,0,0,0,0,0,4,1,0,0,0,1,0,0,0,0,0,0,0,0,0,0,0,0,0,0,0,28,0,0,844,6,850,1160,0.7328
5,COAHUILA,14,JIMENEZ,10,15,980,1787,100,412,17,683,12,78,12,522,11,6,209,10,4,4,0,0,0,51,1,1,0,1,0,0,0,0,0,0,0,0,0,0,0,0,0,0,0,0,0,0,0,0,0,0,0,1,0,0,0,0,0,0,0,0,0,0,0,0,0,0,0,0,0,0,0,0,0,0,0,1,0,0,0,0,0,0,0,0,0,0,0,0,0,0,0,0,0,0,0,0,0,0,0,0,0,0,0,0,0,0,0,0,1,0,0,0,0,0,0,0,0,0,0,0,0,0,0,0,0,0,0,0,0,1,3,6,0,0,0,0,0,0,0,0,0,0,0,1,0,0,0,0,0,116,4,1,5035,170,5206,8318,0.6259
5,COAHUILA,15,JUAREZ,4,4,287,421,128,3,0,13,6,17,2,0,2,0,15,44,0,1,0,0,0,1,0,1,0,0,0,0,0,0,0,0,0,0,0,0,1,0,0,0,0,0,0,0,0,0,0,0,0,0,0,0,0,0,0,0,0,0,0,0,0,0,0,0,0,0,0,0,0,0,0,0,0,0,0,0,0,0,0,0,0,0,0,0,0,0,0,0,0,0,0,0,2,0,0,0,0,0,0,0,0,0,0,0,0,0,0,0,0,0,0,0,0,0,0,0,0,0,0,0,0,0,0,0,0,0,1,1,1,1,0,0,0,0,0,0,0,1,0,0,0,0,0,0,0,0,0,26,1,0,976,18,994,1433,0.6936
5,COAHUILA,16,LAMADRID,2,3,567,460,1,3,1,1,16,2,14,11,0,0,69,0,0,0,0,1,0,0,1,0,0,0,0,2,0,0,0,0,0,0,0,0,0,0,0,0,0,0,0,0,0,0,0,0,0,0,0,0,0,0,0,0,0,0,0,0,0,0,0,0,0,0,0,0,0,0,0,0,0,0,0,0,0,0,0,0,0,0,0,0,0,0,0,0,0,0,0,0,0,0,0,0,0,0,0,0,1,0,0,0,0,0,0,0,0,0,0,0,0,0,0,0,0,0,0,0,0,0,0,0,0,0,0,1,0,6,0,0,1,0,0,0,0,0,0,0,0,0,0,0,0,0,0,96,1,0,1255,19,1274,1631,0.7811
5,COAHUILA,17,MATAMOROS,62,134,8514,20111,533,688,598,729,704,97,11438,361,1278,283,5406,151,38,57,4,7,3,27,204,1,25,0,1,3,0,1,0,0,1,0,0,0,0,0,0,0,1,0,0,0,0,1,0,0,0,0,0,0,0,0,0,0,0,1,1,0,0,0,0,0,0,0,0,0,1,0,0,1,0,1,0,0,0,0,0,0,0,0,0,0,0,0,0,0,0,0,0,5,0,1,1,0,0,0,1,0,0,0,1,0,0,2,0,0,0,0,0,0,0,0,0,0,0,0,0,0,0,0,0,0,0,0,16,19,4,4,11,3,2,0,0,0,0,2,0,0,1,1,0,1,0,0,1,2035,203,3,53584,902,54489,82229,0.6626
5,COAHUILA,18,MONCLOVA,124,282,32153,27756,795,1053,606,217,670,279,77,262,101,42,17068,277,61,7,10,5,0,27,15,17,1,0,1,11,1,0,1,0,0,0,0,0,0,0,0,0,1,0,0,0,0,0,0,1,1,0,0,0,0,0,0,0,1,0,0,0,0,0,0,0,0,0,0,0,0,0,0,0,0,4,1,1,0,0,0,0,0,0,0,0,0,0,0,0,0,0,0,3,1,1,2,0,2,0,0,0,1,0,0,1,0,0,0,0,0,0,0,0,0,0,0,0,0,0,0,0,0,0,0,0,0,0,24,2,5,11,2,2,0,0,0,0,0,2,1,1,0,2,0,0,0,0,0,9986,747,23,92319,1173,93515,173863,0.5379
5,COAHUILA,19,MORELOS,6,12,1643,1395,224,71,9,84,12,1,1,24,6,0,354,34,6,1,4,0,0,39,1,1,1,0,0,0,0,1,1,0,0,0,0,0,0,0,0,0,0,0,0,0,0,0,0,0,0,0,0,0,0,0,0,0,0,0,1,0,0,0,0,0,0,0,0,0,0,0,0,0,0,0,0,0,0,0,0,0,0,0,0,0,0,0,0,0,0,0,0,0,0,0,0,0,0,0,0,0,0,0,0,0,0,0,0,0,0,0,0,0,0,0,0,0,0,0,0,0,0,0,0,0,0,0,1,0,1,0,1,0,0,0,0,0,0,0,0,0,0,0,0,0,0,0,0,261,3,2,4181,70,4253,6756,0.6295
5,COAHUILA,20,MUZQUIZ,48,91,7631,12111,147,347,114,2667,273,49,156,100,58,64,3404,89,31,42,9,4,0,188,6,0,5,2,0,13,0,0,1,0,1,0,0,0,2,0,0,0,0,0,0,1,0,0,0,0,0,0,0,0,0,0,0,0,2,0,1,0,0,0,0,0,0,0,0,0,0,0,0,1,0,1,0,0,0,0,0,0,0,0,0,0,0,0,0,0,0,0,0,3,0,1,1,0,3,0,0,0,4,0,1,0,0,0,0,0,0,0,0,0,0,0,0,0,0,0,0,0,0,0,0,0,0,0,21,5,16,5,3,2,2,2,0,0,1,0,0,0,1,2,0,0,0,0,0,1741,96,38,29430,645,30113,54044,0.5572
5,COAHUILA,21,NADADORES,8,12,1179,1558,19,162,8,16,66,17,3,63,6,2,213,29,3,3,0,0,0,5,0,0,0,0,0,1,0,0,0,0,0,0,0,0,0,0,0,0,0,0,0,0,0,0,0,0,0,0,0,0,0,0,0,0,0,0,0,0,0,0,0,0,0,0,0,0,0,0,0,0,0,0,0,0,0,0,0,0,0,0,0,0,0,0,0,0,0,0,0,2,0,0,0,0,0,0,0,0,0,0,0,0,0,0,0,0,0,0,0,0,0,0,0,0,0,0,0,0,0,0,0,0,0,0,2,0,0,1,0,0,0,0,0,0,0,0,0,0,0,0,0,0,0,0,0,114,2,0,3474,48,3522,5292,0.6655
5,COAHUILA,22,NAVA,15,34,3273,3962,128,118,74,612,72,19,11,18,15,6,1164,27,14,8,5,2,0,92,6,2,1,1,0,4,0,0,1,1,0,0,0,0,0,0,0,0,0,0,0,0,0,0,0,0,0,0,0,0,0,0,0,0,0,0,0,0,0,0,0,0,0,0,0,0,0,0,0,0,0,0,0,0,0,0,0,0,0,0,0,0,0,0,0,0,0,0,0,3,0,0,0,0,1,0,0,0,0,0,0,0,0,0,0,0,0,0,0,0,0,0,0,0,0,0,0,0,0,0,0,0,0,0,9,6,1,5,0,1,0,0,0,0,0,0,0,0,0,0,0,0,0,0,0,1574,30,0,11266,218,11484,20513,0.5598
5,COAHUILA,23,OCAMPO,13,19,965,1575,59,22,20,53,66,22,10,23,9,3,1269,6,2,0,0,0,0,1,1,1,0,0,0,0,0,0,0,0,0,0,0,0,0,0,0,0,0,0,0,0,0,0,0,0,0,0,0,0,0,0,0,0,0,0,0,0,0,0,0,0,0,0,0,0,0,0,0,0,0,0,0,0,0,0,0,0,0,0,0,0,0,0,0,0,0,0,0,0,0,0,0,0,0,0,0,0,0,0,0,0,1,0,0,0,0,0,0,0,0,0,0,0,0,0,0,0,0,0,0,0,0,0,0,0,1,6,0,0,0,0,0,0,0,0,0,0,0,0,0,0,0,0,0,149,7,1,4271,124,4396,7878,0.5580
5,COAHUILA,24,PARRAS,34,65,4205,5524,248,296,1669,391,1657,254,120,215,86,1456,1226,82,21,14,8,3,1,26,1,3,1,0,0,2,2,1,0,0,0,0,0,0,0,0,0,0,0,0,1,0,0,0,0,0,0,0,0,0,0,0,0,0,0,1,1,1,1,0,0,0,0,0,0,0,0,0,0,0,0,0,0,0,0,0,0,0,0,0,0,0,0,0,0,0,0,0,0,17,2,1,1,1,2,14,0,1,1,0,2,1,1,1,6,3,0,2,0,0,0,0,2,0,1,0,0,0,1,1,0,0,0,0,155,83,4,6,0,20,22,2,0,1,3,1,15,1,2,1,1,1,0,1,2,1680,63,5,19642,514,20161,35742,0.5641
5,COAHUILA,25,PIEDRAS NEGRAS,87,207,20410,18159,695,807,718,479,573,209,159,322,100,70,5116,253,61,12,14,9,2,30,9,4,3,1,3,10,0,3,3,2,1,3,0,0,0,0,0,1,0,0,0,0,3,0,0,0,0,1,0,0,0,0,0,0,0,0,0,0,0,0,0,0,0,1,0,0,0,0,0,1,1,1,0,0,0,0,0,0,0,0,0,0,0,0,0,0,0,0,0,6,1,0,0,1,1,1,1,1,3,0,0,0,2,0,0,0,0,0,0,0,0,0,0,1,0,0,0,0,0,0,1,0,0,0,50,19,9,11,8,3,3,2,0,0,1,1,1,1,1,0,0,0,1,0,0,13725,592,99,62696,1435,64230,128598,0.4995
5,COAHUILA,26,PROGRESO,6,6,224,1051,58,8,1,10,11,11,3,7,3,3,510,17,0,0,0,0,0,0,0,0,0,0,0,0,0,0,0,0,0,0,0,0,0,0,0,0,0,0,0,0,0,0,0,0,0,0,0,0,0,0,0,0,0,0,0,0,0,0,0,0,0,0,0,0,0,0,0,0,0,0,0,0,0,0,0,0,0,0,0,0,0,0,0,0,0,0,0,0,0,0,0,0,2,0,0,0,0,0,0,0,0,0,0,0,0,0,0,0,0,0,0,0,0,0,0,0,0,0,0,0,0,0,1,0,0,1,0,0,0,0,0,0,0,0,0,0,0,0,0,0,0,0,0,33,5,0,1959,33,1992,3017,0.6603
5,COAHUILA,27,RAMOS ARIZPE,35,100,8460,12679,974,335,411,104,147,114,58,448,30,222,3472,241,12,4,3,1,0,11,7,8,0,0,0,2,0,1,0,1,0,0,0,1,0,1,0,0,0,0,0,0,0,0,0,0,0,0,0,0,0,0,0,0,0,1,1,0,0,0,0,1,0,0,0,0,0,0,0,0,0,0,1,0,0,0,0,0,0,0,0,0,0,0,0,0,0,0,0,3,0,0,1,0,0,0,0,0,3,0,1,0,1,1,0,0,0,0,0,0,0,0,0,0,0,0,0,0,0,0,0,0,0,0,17,7,6,14,4,11,2,1,1,0,1,0,1,0,0,1,0,1,0,0,0,2107,284,7,30219,688,30914,62617,0.4937
5,COAHUILA,28,SABINAS,37,85,9022,10198,96,114,147,4312,263,63,43,73,25,10,2290,37,56,46,21,2,2,368,15,10,6,1,0,12,0,1,0,2,1,0,1,0,0,0,0,0,1,0,1,0,0,1,1,1,0,0,0,0,0,0,0,0,1,0,1,0,0,0,0,0,0,0,0,0,0,0,0,0,0,1,0,0,0,0,0,0,0,0,0,0,0,0,0,0,0,0,0,5,0,1,3,0,1,1,0,2,1,0,4,0,0,0,0,0,0,0,0,0,0,0,0,0,0,0,0,0,0,0,0,0,0,0,18,8,7,1,3,1,0,1,0,0,0,2,1,0,0,0,1,0,0,0,0,2105,63,27,29474,461,29962,51028,0.5872
5,COAHUILA,29,SACRAMENTO,2,4,380,685,4,37,1,37,23,14,135,13,3,1,81,3,1,0,1,0,0,2,1,0,0,0,0,0,0,0,0,0,0,0,0,0,0,0,0,0,0,0,0,0,0,0,0,0,0,0,0,0,0,0,0,0,0,0,0,0,0,0,0,0,0,0,0,0,0,0,0,0,0,0,0,0,0,0,0,0,0,0,0,0,0,0,0,0,0,0,0,0,0,0,0,0,0,0,0,0,0,0,0,0,0,0,0,0,0,0,0,0,0,0,0,0,0,0,0,0,0,0,0,0,0,0,0,0,0,0,0,0,1,0,0,0,0,0,0,0,0,0,0,0,0,0,0,127,4,0,1554,25,1579,1984,0.7959
5,COAHUILA,30,SALTILLO,378,923,95184,109326,4876,3748,3463,875,2976,680,411,6318,470,2363,46693,2406,348,49,47,33,4,117,63,102,7,1,3,120,6,7,8,6,2,2,0,5,4,3,5,2,5,1,2,2,2,3,5,5,1,2,1,0,1,0,0,2,3,6,3,0,0,1,2,5,1,1,1,0,0,0,1,5,2,15,0,2,0,0,0,0,0,0,0,1,0,0,0,1,0,0,0,33,8,28,11,8,7,6,7,1,17,2,6,7,8,3,0,0,2,0,0,1,0,0,0,1,0,0,0,0,0,0,0,0,0,0,200,63,51,247,26,44,18,2,13,3,4,7,9,1,3,10,1,0,0,3,13,22359,4667,185,308715,5839,314739,579755,0.5429
5,COAHUILA,31,SAN BUENAVENTURA,17,31,3127,3807,67,178,24,26,465,14,41,44,13,8,1824,58,5,1,0,2,0,7,2,4,0,0,0,0,0,0,0,0,0,0,0,0,0,0,0,0,0,0,0,0,0,0,0,0,1,0,0,0,0,0,0,0,0,0,0,0,0,0,0,0,0,0,0,0,0,0,0,0,0,1,0,0,0,0,0,0,0,0,0,0,0,0,0,0,0,0,0,1,0,0,0,0,0,0,0,0,0,0,1,0,0,0,0,0,0,0,0,0,0,0,0,0,0,0,0,0,0,0,0,0,0,0,3,3,4,4,0,0,2,0,0,1,0,0,0,1,0,1,0,0,0,0,0,915,30,1,10685,120,10806,18207,0.5935
5,COAHUILA,32,SAN JUAN DE SABINAS,33,63,8488,6860,62,92,70,114,116,24,31,65,16,9,3518,16,32,10,3,4,0,35,8,7,0,0,0,7,0,0,0,0,0,0,0,0,0,0,0,0,0,0,0,0,1,0,0,0,0,0,0,0,0,0,0,0,0,0,0,0,0,0,0,1,0,1,0,0,0,1,0,0,0,0,0,0,0,0,0,0,0,0,0,0,0,0,0,0,0,0,0,5,0,0,0,0,1,0,1,0,1,0,0,0,0,0,0,0,0,0,0,0,0,0,0,0,0,1,0,0,0,0,0,0,0,0,5,2,5,3,2,2,0,0,0,0,0,1,0,0,1,0,0,0,0,0,0,1318,44,1,20983,292,21276,35176,0.6048
5,COAHUILA,33,SAN PEDRO,75,133,10826,14877,729,439,338,2473,429,115,750,447,134,160,2957,161,75,123,19,9,1,150,49,8,20,5,0,7,0,1,2,3,0,0,0,1,0,0,0,1,2,0,0,0,0,0,0,0,0,0,0,0,0,0,0,0,1,0,0,0,0,0,0,1,0,0,0,0,1,0,0,1,1,0,0,1,1,0,0,0,0,0,0,0,0,0,0,0,0,0,0,3,0,2,2,0,0,1,0,1,1,0,1,1,0,0,0,0,0,0,0,0,0,0,0,0,0,0,0,0,0,0,0,0,0,0,31,13,16,17,2,2,0,3,2,1,0,3,1,0,1,2,1,0,0,1,2,11202,84,3,46714,1115,47832,75444,0.6340
5,COAHUILA,34,SIERRA MOJADA,5,9,347,875,10,14,20,19,13,2,372,3,7,4,211,2,1,2,0,0,0,0,7,0,0,0,0,3,0,0,1,0,0,0,0,0,0,0,0,0,1,0,0,1,0,0,0,0,0,0,0,0,0,0,0,0,0,0,0,0,0,0,0,0,0,0,0,0,0,0,0,0,0,0,0,0,0,0,0,0,0,0,0,0,0,0,0,0,0,0,0,0,0,0,0,0,0,0,0,0,1,0,0,0,0,1,0,0,0,0,0,0,0,0,0,0,0,0,0,0,0,0,0,0,0,0,1,0,0,4,2,1,0,0,0,0,0,0,0,0,0,0,0,0,0,0,0,134,3,0,2062,67,2129,4140,0.5143
5,COAHUILA,35,TORREON,367,819,116137,94710,4348,7213,3711,464,2282,1225,1067,708,816,353,36253,458,442,73,66,36,3,105,90,49,4,2,1,137,12,7,17,5,8,2,2,2,2,3,4,0,2,4,5,3,2,0,1,2,0,2,0,0,0,0,0,0,7,0,7,0,2,8,0,3,1,4,1,1,0,0,0,1,3,7,0,1,0,0,0,0,0,0,0,0,0,0,1,0,0,1,0,40,15,7,13,7,9,1,2,0,4,4,8,1,1,5,0,0,1,0,1,0,0,0,0,0,0,0,0,0,0,1,0,1,0,1,306,43,54,33,14,10,13,1,3,0,2,6,0,1,0,1,0,1,2,2,3,16001,1988,87,289492,4181,293760,509526,0.5765
5,COAHUILA,36,VIESCA,22,30,1472,4463,362,57,52,182,111,25,1488,353,466,38,525,13,6,17,2,2,0,6,49,0,1,0,0,0,0,0,0,0,0,0,0,0,0,0,0,0,0,0,0,0,0,0,0,0,0,0,0,0,0,0,0,0,0,0,0,0,0,0,0,0,0,0,0,0,0,0,0,0,0,0,0,0,0,0,0,0,0,0,0,0,0,0,0,0,0,0,0,0,1,2,0,0,0,0,0,0,0,0,0,1,0,0,0,0,0,0,0,0,0,0,0,0,0,0,0,0,0,0,0,0,0,0,2,5,3,7,1,0,0,0,0,0,0,0,0,0,0,0,0,0,0,0,0,390,7,0,10109,232,10341,15628,0.6617
5,COAHUILA,37,VILLA UNION,7,10,988,1051,156,13,6,29,9,3,3,8,7,2,179,1,5,0,2,0,0,4,0,0,0,0,0,3,2,1,0,0,0,0,0,0,0,0,0,0,0,0,0,0,0,0,0,0,0,0,0,0,0,0,0,0,0,0,0,0,0,0,0,0,0,0,0,0,0,0,0,0,0,0,0,0,0,0,0,0,0,0,0,0,0,0,0,0,0,0,0,1,0,0,1,0,0,0,0,0,0,0,0,0,0,0,0,0,0,0,0,0,0,0,0,0,0,0,0,0,0,0,0,0,0,0,4,1,2,2,0,1,0,0,0,0,0,0,0,0,0,0,0,0,0,0,0,567,6,1,3057,116,3174,5317,0.5970
5,COAHUILA,38,ZARAGOZA,13,20,2392,1873,738,31,11,68,46,18,7,52,11,3,265,9,6,7,1,0,0,27,0,3,0,0,0,1,0,0,0,0,0,0,0,0,1,0,0,0,0,0,0,0,0,0,0,0,0,0,0,0,0,0,0,0,0,0,0,0,0,0,0,0,0,0,0,0,0,0,0,0,0,0,0,0,0,0,0,0,0,0,0,0,0,0,0,0,0,0,0,0,0,0,0,0,0,0,0,0,0,0,0,0,0,0,0,0,0,0,0,0,0,0,0,0,0,0,0,0,0,0,0,0,0,0,3,0,2,1,2,0,0,0,0,0,0,0,0,0,0,0,0,0,0,0,1,641,10,1,6230,180,6411,10695,0.5994
,,,,,,,,,,,,,,,,,,,,,,,,,,,,,,,,,,,,,,,,,,,,,,,,,,,,,,,,,,,,,,,,,,,,,,,,,,,,,,,,,,,,,,,,,,,,,,,,,,,,,,,,,,,,,,,,,,,,,,,,,,,,,,,,,,,,,,,,,,,,,,,,,,,,,,,,,,,,,,
