﻿ID_ESTADO,NOMBRE_ESTADO,ID_DISTRITO,CABECERA_DISTRITAL,SECCIONES,CASILLAS,PAN,PRI,PRD,PT,PVEM,UDC,NVA_ALIANZA,SI,PPC,PJ,PRC,PCP,MORENA,ES,PAN_UDC_PPC_ES,PAN_UDC_PPC,PAN_UDC_ES,PAN_PPC_ES,UDC_PPC_ES,PAN_UDC,PAN_PPC,PAN_ES,UDC_PPC,UDC_ES,PPC_ES,PRI_PVEM_NVA_ALIANZA_SI_PJ_PRC_PCP,PRI_PVEM_NVA_ALIANZA_SI_PJ_PRC,PRI_PVEM_NVA_ALIANZA_SI_PJ_PCP,PRI_PVEM_NVA_ALIANZA_SI_PRC_PCP,PRI_PVEM_NVA_ALIANZA_PJ_PRC_PCP,PRI_PVEM_SI_PJ_PRC_PCP,PRI_NVA_ALIANZA_SI_PJ_PRC_PCP,PVEM_NVA_ALIANZA_SI_PJ_PRC_PCP,PRI_PVEM_NVA_ALIANZA_SI_PJ,PRI_PVEM_NVA_ALIANZA_SI_PRC,PRI_PVEM_NVA_ALIANZA_SI_PCP,PRI_PVEM_NVA_ALIANZA_PJ_PRC,PRI_PVEM_NVA_ALIANZA_PJ_PCP,PRI_PVEM_NVA_ALIANZA_PRC_PCP,PRI_PVEM_SI_PJ_PRC,PRI_PVEM_SI_PJ_PCP,PRI_PVEM_SI_PRC_PCP,PRI_PVEM_PJ_PRC_PCP,PRI_NVA_ALIANZA_SI_PJ_PRC,PRI_NVA_ALIANZA_SI_PJ_PCP,PRI_NVA_ALIANZA_SI_PRC_PCP,PRI_NVA_ALIANZA_PJ_PRC_PCP,PRI_SI_PJ_PRC_PCP,PVEM_NVA_ALIANZA_SI_PJ_PRC,PVEM_NVA_ALIANZA_SI_PJ_PCP,PVEM_NVA_ALIANZA_SI_PRC_PCP,PVEM_NVA_ALIANZA_PJ_PRC_PCP,PVEM_SI_PJ_PRC_PCP,NVA_ALIANZA_SI_PJ_PRC_PCP,PRI_PVEM_NVA_ALIANZA_SI,PRI_PVEM_NVA_ALIANZA_PJ,PRI_PVEM_NVA_ALIANZA_PRC,PRI_PVEM_NVA_ALIANZA_PCP,PRI_PVEM_SI_PJ,PRI_PVEM_SI_PRC,PRI_PVEM_SI_PCP,PRI_PVEM_PJ_PRC,PRI_PVEM_PJ_PCP,PRI_PVEM_PRC_PCP,PRI_NVA_ALIANZA_SI_PJ,PRI_NVA_ALIANZA_SI_PRC,PRI_NVA_ALIANZA_SI_PCP,PRI_NVA_ALIANZA_PJ_PRC,PRI_NVA_ALIANZA_PJ_PCP,PRI_NVA_ALIANZA_PRC_PCP,PRI_SI_PJ_PRC,PRI_SI_PJ_PCP,PRI_SI_PRC_PCP,PRI_PJ_PRC_PCP,PVEM_NVA_ALIANZA_SI_PJ,PVEM_NVA_ALIANZA_SI_PRC,PVEM_NVA_ALIANZA_SI_PCP,PVEM_NVA_ALIANZA_PJ_PRC,PVEM_NVA_ALIANZA_PJ_PCP,PVEM_NVA_ALIANZA_PRC_PCP,PVEM_SI_PJ_PRC,PVEM_SI_PJ_PCP,PVEM_SI_PRC_PCP,PVEM_PJ_PRC_PCP,NVA_ALIANZA_SI_PJ_PRC,NVA_ALIANZA_SI_PJ_PCP,NVA_ALIANZA_SI_PRC_PCP,NVA_ALIANZA_PJ_PRC_PCP,SI_PJ_PRC_PCP,PRI_PVEM_NVA_ALIANZA,PRI_PVEM_SI,PRI_PVEM_PJ,PRI_PVEM_PRC,PRI_PVEM_PCP,PRI_NVA_ALIANZA_SI,PRI_NVA_ALIANZA_PJ,PRI_NVA_ALIANZA_PRC,PRI_NVA_ALIANZA_PCP,PRI_SI_PJ,PRI_SI_PRC,PRI_SI_PCP,PRI_PJ_PRC,PRI_PJ_PCP,PRI_PRC_PCP,PVEM_NVA_ALIANZA_SI,PVEM_NVA_ALIANZA_PJ,PVEM_NVA_ALIANZA_PRC,PVEM_NVA_ALIANZA_PCP,PVEM_SI_PJ,PVEM_SI_PRC,PVEM_SI_PCP,PVEM_PJ_PRC,PVEM_PJ_PCP,PVEM_PRC_PCP,NVA_ALIANZA_SI_PJ,NVA_ALIANZA_SI_PRC,NVA_ALIANZA_SI_PCP,NVA_ALIANZA_PJ_PRC,NVA_ALIANZA_PJ_PCP,NVA_ALIANZA_PRC_PCP,SI_PJ_PRC,SI_PJ_PCP,SI_PRC_PCP,PJ_PRC_PCP,PRI_PVEM,PRI_NVA_ALIANZA,PRI_SI,PRI_PJ,PRI_PRC,PRI_PCP,PVEM_NVA_ALIANZA,PVEM_SI,PVEM_PJ,PVEM_PRC,PVEM_PCP,NVA_ALIANZA_SI,NVA_ALIANZA_PJ,NVA_ALIANZA_PRC,NVA_ALIANZA_PCP,SI_PJ,SI_PRC,SI_PCP,PJ_PRC,PJ_PCP,PRC_PCP,CAND_IND1,CAND_IND2,NUM_VOTOS_CAN_NREG,NUM_VOTOS_VALIDOS,NUM_VOTOS_NULOS,TOTAL_VOTOS,LISTA_NOMINAL,PARTICIPACION
5,COAHUILA,0,EXTRANJERO,0,1,63,13,2,2,0,0,1,1,0,0,0,1,26,1,0,0,0,0,0,0,0,0,0,0,0,0,0,0,0,0,0,0,0,0,0,0,0,0,0,0,0,0,0,0,0,0,0,0,0,0,0,0,0,0,0,0,0,0,0,0,0,0,0,0,0,0,0,0,0,0,0,0,0,0,0,0,0,0,0,0,0,0,0,0,0,0,0,0,0,0,0,0,0,0,0,0,0,0,0,0,0,0,0,0,0,0,0,0,0,0,0,0,0,0,0,0,0,0,0,0,0,0,0,0,0,0,0,0,0,0,0,0,0,0,0,0,0,0,0,0,0,0,0,0,0,18,1,0,129,1,130,0,
5,COAHUILA,1,ACUÑA,93,220,14524,21260,3368,992,535,20734,386,250,94,2099,161,42,3502,367,87,31,32,4,2,646,8,8,11,6,1,11,1,2,1,4,0,0,1,0,1,0,0,0,0,0,1,0,0,0,0,0,0,1,0,0,0,0,0,0,1,0,1,0,0,0,0,0,0,1,0,0,0,0,0,0,0,1,0,0,1,0,0,0,0,0,0,0,0,0,0,0,0,0,0,1,2,2,1,0,1,2,1,0,2,0,1,0,0,0,1,0,1,0,0,0,0,1,0,0,0,0,0,0,0,0,0,0,0,0,32,8,12,23,6,3,5,0,2,1,0,1,1,0,1,3,1,0,0,1,1,4677,126,34,74098,1441,75573,137802,0.5484
5,COAHUILA,2,PIEDRAS NEGRAS,109,249,24361,23120,828,928,796,1207,663,230,174,345,116,76,6324,282,80,20,21,12,2,129,15,8,4,2,3,17,0,3,4,3,1,3,0,0,0,0,0,1,0,0,0,0,3,0,0,0,0,1,0,0,0,0,0,0,0,0,0,0,0,0,0,0,0,1,0,0,0,0,0,1,1,1,0,0,0,0,0,0,0,0,0,0,0,0,0,0,0,0,0,11,1,0,0,1,2,2,1,1,3,0,0,0,2,0,0,0,0,0,0,0,0,0,0,1,0,0,0,0,0,0,1,0,0,0,63,27,11,17,9,5,3,2,0,0,1,1,1,1,1,0,0,0,1,0,0,15421,622,99,75998,1690,77787,152068,0.5115
5,COAHUILA,3,SABINAS,118,239,25141,29169,305,553,331,7093,652,136,230,238,99,83,9212,142,119,98,33,10,2,591,29,17,11,3,0,32,0,1,1,2,2,0,1,0,2,0,0,0,1,0,1,1,1,1,1,1,0,0,0,0,0,0,0,0,3,0,2,0,0,0,0,1,0,1,0,0,0,1,0,1,0,2,0,0,0,0,0,0,0,0,0,0,0,0,0,0,0,0,0,13,0,2,4,0,5,1,1,2,6,0,5,0,0,0,0,0,0,0,0,0,0,0,0,0,0,1,0,0,0,0,0,0,0,0,44,15,28,9,8,5,2,3,0,0,1,3,1,0,2,2,1,0,0,0,0,5164,203,66,79887,1398,81351,140248,0.5801
5,COAHUILA,4,SAN PEDRO,136,234,19404,26198,1150,938,429,2662,1106,193,1340,624,179,182,6879,268,91,133,20,12,1,173,63,14,21,5,0,14,0,1,3,3,0,0,0,1,0,0,0,1,3,0,1,1,0,0,0,0,1,0,0,0,0,0,0,0,1,0,0,0,0,0,0,1,0,0,0,0,1,0,0,1,1,2,0,1,1,0,0,0,0,0,0,0,0,0,0,0,0,0,0,7,1,2,2,0,0,1,0,1,3,1,2,1,1,1,0,0,0,0,0,0,0,0,0,0,0,0,0,0,0,0,0,0,0,0,40,20,21,39,4,4,4,3,2,2,0,3,1,1,1,3,1,0,0,1,2,13670,144,5,76112,1654,77771,124584,0.6242
5,COAHUILA,5,MONCLOVA,124,247,27396,26430,1171,864,420,2218,697,222,81,186,100,50,12248,278,61,12,20,4,0,122,8,20,5,1,2,13,3,1,1,0,0,0,0,0,1,0,0,0,1,0,0,0,0,0,0,0,1,0,0,0,0,0,0,0,1,0,0,0,0,0,0,0,0,0,0,0,0,0,0,0,0,2,1,0,0,0,0,0,0,0,0,0,0,0,0,0,0,0,0,3,3,1,2,0,4,0,0,0,2,1,1,1,0,0,0,0,0,0,0,0,0,0,0,0,0,0,0,0,0,0,0,0,0,0,31,5,9,13,3,4,2,1,0,0,0,4,0,1,0,2,0,0,0,0,0,8119,510,20,81363,1192,82575,146871,0.5622
5,COAHUILA,6,FRONTERA,105,234,22313,24985,1946,1725,672,157,581,213,70,413,66,51,12963,430,44,5,5,4,1,22,12,26,0,1,1,8,1,0,4,0,0,0,0,0,1,0,1,0,0,0,0,1,0,0,0,1,0,0,0,0,0,0,0,0,0,1,0,1,0,0,0,0,1,0,0,0,0,0,0,1,0,3,0,1,0,0,0,0,0,0,0,0,0,0,0,0,0,0,0,3,2,0,2,0,0,0,0,1,2,0,0,1,0,0,0,0,0,0,0,0,0,0,0,0,0,0,0,0,0,0,0,0,0,0,34,10,8,9,3,5,0,1,0,0,0,0,2,1,0,0,0,2,0,0,0,7503,469,10,74789,1083,75882,143330,0.5294
5,COAHUILA,7,MATAMOROS,126,240,17187,33378,1342,999,1521,1669,1096,250,13363,2724,2016,344,8556,239,70,92,10,12,3,90,261,4,27,1,1,8,0,1,0,0,2,1,0,0,0,0,0,0,1,0,0,0,0,2,0,0,0,0,0,0,0,0,0,0,0,1,2,0,0,0,0,0,1,0,0,0,1,0,0,1,0,1,0,0,0,0,0,0,0,0,0,0,0,0,0,0,0,0,0,8,1,4,2,0,0,0,2,0,0,0,1,1,0,2,0,0,0,0,0,1,0,1,0,0,0,0,0,0,0,0,0,0,0,0,34,28,11,27,15,4,6,0,2,0,0,2,5,0,1,3,0,1,1,0,1,5680,261,3,91382,1663,93048,141414,0.6580
5,COAHUILA,8,TORREON,42,175,26408,20171,1443,1559,1105,113,595,784,485,265,266,109,7996,96,79,15,12,8,2,16,19,11,1,0,1,19,1,1,4,1,2,0,1,0,1,2,0,0,0,2,2,2,0,0,0,0,0,0,0,0,0,0,0,0,2,0,2,0,0,1,0,0,0,0,0,1,0,0,0,0,0,0,0,0,0,0,0,0,0,0,0,0,0,0,0,0,0,1,0,6,5,1,1,1,1,0,0,0,0,2,1,0,0,0,0,0,0,0,0,0,0,0,0,0,0,0,0,0,0,0,0,1,0,0,85,12,23,6,2,2,1,1,2,0,1,2,0,0,0,0,0,0,1,0,0,3540,441,8,65742,941,66691,119318,0.5589
5,COAHUILA,9,TORREON,154,242,33312,30040,1012,1823,839,121,567,110,168,145,188,48,8905,97,144,31,24,13,0,30,24,14,1,1,0,44,6,2,6,1,2,1,1,0,0,1,1,0,1,2,0,0,2,0,1,1,0,1,0,0,0,0,0,0,1,0,3,0,0,2,0,2,0,2,1,0,0,0,0,1,2,4,0,0,0,0,0,0,0,0,0,0,0,0,1,0,0,0,0,12,5,3,0,2,5,0,1,0,1,1,5,0,1,3,0,0,1,0,0,0,0,0,0,0,0,0,0,0,0,0,0,0,0,1,73,7,12,12,4,3,5,0,1,0,0,2,0,0,0,1,0,0,0,1,1,4768,482,47,83162,1149,84358,139001,0.6069
5,COAHUILA,10,TORREON,134,221,28336,22902,846,1885,879,106,461,148,201,162,142,143,8909,106,114,13,19,6,1,36,23,14,1,1,0,39,2,4,3,2,2,1,0,2,0,0,1,0,0,0,3,0,0,0,0,1,0,1,0,0,0,0,0,0,1,0,2,0,0,4,0,1,0,1,0,0,0,0,0,0,1,1,0,1,0,0,0,0,0,0,0,0,0,0,0,0,0,0,0,11,3,2,6,1,1,0,1,0,2,1,2,1,0,1,0,0,0,0,0,0,0,0,0,0,0,0,0,0,0,1,0,0,0,0,73,13,9,12,3,3,4,0,0,0,1,2,0,0,0,0,0,0,1,0,0,3612,445,14,69738,1072,70824,123052,0.5756
5,COAHUILA,11,TORREON,37,181,28081,21597,1047,1946,888,124,659,183,213,136,220,53,10443,159,105,14,11,9,0,23,24,10,1,0,0,35,3,0,4,1,2,0,0,0,1,0,2,0,1,0,0,1,0,0,0,0,0,0,0,0,0,0,0,0,3,0,0,0,2,1,0,0,1,1,0,0,0,0,0,0,0,2,0,0,0,0,0,0,0,0,0,0,0,0,0,0,0,0,0,11,2,1,6,3,2,1,0,0,1,0,0,0,0,1,0,0,0,0,1,0,0,0,0,0,0,0,0,0,0,0,0,0,0,0,75,11,10,3,5,2,3,0,0,0,0,0,0,1,0,0,0,1,0,1,2,4081,620,18,70850,1019,71887,128155,0.5609
5,COAHUILA,12,RAMOS ARIZPE,106,222,18067,26534,1478,871,2156,623,1922,436,207,1124,156,2334,5942,428,44,18,15,4,1,51,12,17,1,1,0,6,2,2,1,1,1,0,0,2,1,1,1,0,1,0,1,0,1,0,0,0,0,0,0,0,0,0,0,0,0,2,2,1,1,0,0,1,0,0,0,0,0,0,0,0,0,2,1,0,0,0,0,0,0,0,0,0,0,0,0,0,0,0,0,23,3,5,5,1,2,15,0,1,5,0,4,1,2,2,6,3,0,2,0,0,0,0,2,0,1,0,0,0,1,1,0,0,0,0,183,98,14,36,7,37,24,3,4,1,5,1,17,2,2,4,1,2,1,2,4,4568,513,30,68087,1835,69952,126528,0.5529
5,COAHUILA,13,SALTILLO,91,222,22112,26056,1203,923,792,166,587,207,102,1616,98,611,11226,511,62,14,13,7,0,32,11,16,3,0,0,21,3,3,1,0,0,1,0,3,0,2,3,0,1,0,1,1,0,0,1,0,1,0,0,0,0,0,0,1,1,1,0,0,0,1,1,0,0,0,1,0,0,0,0,2,0,8,0,1,0,0,0,0,0,0,0,0,0,0,0,0,0,0,0,9,0,4,1,0,3,0,1,0,2,0,0,2,0,0,0,0,1,0,0,0,0,0,0,1,0,0,0,0,0,0,0,0,0,0,47,16,19,51,4,3,8,1,3,2,2,2,4,0,2,3,0,0,0,0,2,4508,1136,62,72264,1489,73815,138278,0.5338
5,COAHUILA,14,SALTILLO,76,227,31879,22002,1090,803,603,332,843,143,107,1209,99,201,11801,377,91,12,13,8,3,32,18,16,2,0,1,25,3,3,2,2,1,0,0,1,3,0,1,0,1,0,0,0,2,1,0,0,0,0,0,0,0,0,0,0,0,2,1,0,0,0,0,0,0,0,0,0,0,0,0,0,0,2,0,0,0,0,0,0,0,0,0,0,0,0,0,0,0,0,0,6,2,6,3,3,0,1,3,0,1,1,0,2,0,0,0,0,0,0,0,0,0,0,0,0,0,0,0,0,0,0,0,0,0,0,35,14,7,44,8,2,3,0,1,0,0,2,1,0,0,2,1,0,0,1,3,8565,1296,32,81748,1155,82935,148846,0.5572
5,COAHUILA,15,SALTILLO,88,228,22225,28767,1179,969,1021,158,770,154,75,2309,116,279,11829,534,87,14,11,10,0,30,23,37,2,0,2,40,0,1,1,2,0,1,0,1,0,0,1,0,0,1,1,0,0,1,1,3,0,2,0,0,0,0,0,1,1,1,1,0,0,0,1,3,1,1,0,0,0,0,0,1,1,5,0,0,0,0,0,0,0,0,0,0,0,0,0,0,0,0,0,7,4,13,3,1,3,2,2,1,13,0,4,2,3,3,0,0,0,0,0,1,0,0,0,0,0,0,0,0,0,0,0,0,0,0,65,19,16,82,9,11,3,1,7,0,0,1,2,0,1,1,0,0,0,2,2,5321,1050,61,77329,1464,78854,145248,0.5429
5,COAHUILA,16,SALTILLO,123,246,18968,32501,1404,1053,1047,219,776,176,127,1184,157,1272,11837,984,108,9,10,8,1,23,11,33,0,1,0,34,0,0,4,2,1,0,0,0,1,1,0,2,3,0,0,1,0,1,3,2,0,0,1,0,1,0,0,0,1,2,1,0,0,0,0,2,0,0,0,0,0,0,1,2,1,0,0,1,0,0,0,0,0,0,0,1,0,0,0,1,0,0,0,11,2,5,4,4,1,3,1,0,1,1,2,1,5,0,0,0,1,0,0,0,0,0,0,0,0,0,0,0,0,0,0,0,0,0,53,14,9,70,5,28,4,0,2,1,2,2,2,1,0,4,0,0,0,0,6,3965,1185,30,77374,1731,79135,147383,0.5369
