ID_ESTADO,NOMBRE_ESTADO,ID_MUNICIPIO,MUNICIPIO,SECCIONES,CASILLAS,ACTAS_CASILLA_MEC,PAN_PRI_PRD,MORENA_PT_PVEM,PVEM,PT,MC,MORENA,CAND_IND1,NUM_VOTOS_VALIDOS,NUM_VOTOS_CAN_NREG,NUM_VOTOS_NULOS,TOTAL_VOTOS,LISTA_NOMINAL,RUTA_ACTA
9,CIUDAD DE MEXICO,2,AZCAPOTZALCO,347,699,699,102061,144156,0,0,25876,0,0,272093,322,5231,277646,384044,
9,CIUDAD DE MEXICO,3,COYOACAN,403,977,977,202096,177546,0,0,29776,0,0,409418,592,8558,418568,572022,
9,CIUDAD DE MEXICO,4,CUAJIMALPA DE MORELOS,79,293,293,64099,57985,0,0,11904,0,0,133988,249,3012,137249,188127,
9,CIUDAD DE MEXICO,5,GUSTAVO A. MADERO,866,1864,1864,239654,406217,0,0,67143,0,0,713014,987,19441,733442,1056400,
9,CIUDAD DE MEXICO,6,IZTACALCO,299,640,640,95831,125584,0,0,16225,0,10417,248057,601,5134,253792,364049,
9,CIUDAD DE MEXICO,7,IZTAPALAPA,1011,2583,2583,269140,648489,0,0,65895,0,0,983524,1014,26286,1010824,1526203,
9,CIUDAD DE MEXICO,8,LA MAGDALENA CONTRERAS,149,360,360,66445,70766,0,0,10251,0,0,147462,191,3557,151210,212554,
9,CIUDAD DE MEXICO,9,MILPA ALTA,45,184,184,29186,36676,0,0,10072,0,0,75934,72,3049,79055,119675,
9,CIUDAD DE MEXICO,10,ALVARO OBREGON,445,1063,1063,195556,209159,0,0,25587,0,0,430302,517,9250,440069,621059,
9,CIUDAD DE MEXICO,11,VOTO ANTICIPADO,152,506,506,60871,,11817,8218,16862,96318,0,194086,259,11113,205458,318695,
9,CIUDAD DE MEXICO,12,TLALPAN,359,966,966,157633,214700,0,0,24340,0,0,396673,384,9045,406102,578802,
9,CIUDAD DE MEXICO,13,XOCHIMILCO,177,585,585,97283,120514,0,0,18053,0,0,235850,275,6387,242512,368019,
9,CIUDAD DE MEXICO,14,BENITO JUAREZ,254,646,646,203831,72516,0,0,13957,0,0,290304,386,3982,294672,384065,
9,CIUDAD DE MEXICO,15,CUAUHTEMOC,389,861,861,156436,145014,0,0,26857,0,0,328307,697,8745,337749,493555,
9,CIUDAD DE MEXICO,16,MIGUEL HIDALGO,257,562,562,130365,93359,0,0,12700,0,0,236424,277,3763,240464,329179,
9,CIUDAD DE MEXICO,17,VENUSTIANO CARRANZA,336,702,702,101041,152622,0,0,21734,0,0,275397,280,6517,282194,404601,
