CIRCUNSCRIPCION,ID_ESTADO,NOMBRE_ESTADO,ID_DISTRITO,CABECERA_DISTRITAL,ID_MUNICIPIO,MUNICIPIO,SECCION,CASILLAS,PAN,PRI,PRD,PT,PVEM,NVA_ALIANZA,MORENA,ES,PRI_PT_PVEM_NVA_ALIANZA,PRI_PT_PVEM,PRI_PT_NVA_ALIANZA,PRI_PVEM_NVA_ALIANZA,PT_PVEM_NVA_ALIANZA,PRI_PT,PRI_PVEM,PRI_NVA_ALIANZA,PT_PVEM,PT_NVA_ALIANZA,PVEM_NVA_ALIANZA,CAND_IND1,NUM_VOTOS_CAN_NREG,NUM_VOTOS_VALIDOS,NUM_VOTOS_NULOS,TOTAL_VOTOS,LISTA_NOMINAL
,1,AGUASCALIENTES,1,RINCON DE ROMOS,4,COSIO,387,4,947,511,16,12,221,35,55,59,0,0,0,0,0,0,3,1,0,0,0,28,2,1542,39,1929,2841
,1,AGUASCALIENTES,1,RINCON DE ROMOS,4,COSIO,388,3,603,428,26,12,120,27,22,40,0,0,3,0,0,1,9,1,1,0,0,23,0,1316,38,1354,1877
,1,AGUASCALIENTES,1,RINCON DE ROMOS,4,COSIO,389,3,362,232,5,16,158,28,30,66,0,0,2,0,0,1,0,0,0,0,0,31,0,576,22,953,1712
,1,AGUASCALIENTES,1,RINCON DE ROMOS,4,COSIO,390,3,497,284,14,11,,20,28,55,1,1,0,0,0,2,4,2,0,0,0,23,16,942,25,983,2180
,1,AGUASCALIENTES,1,RINCON DE ROMOS,4,COSIO,391,4,640,451,26,20,112,57,28,48,0,0,2,0,1,0,4,1,0,0,0,55,0,1092,23,1468,2285
,1,AGUASCALIENTES,1,RINCON DE ROMOS,7,RINCON DE ROMOS,431,2,267,134,11,7,19,21,10,10,0,0,0,0,0,0,0,0,0,0,0,7,0,486,7,493,797
,1,AGUASCALIENTES,1,RINCON DE ROMOS,7,RINCON DE ROMOS,432,3,433,316,22,11,25,48,31,12,1,0,1,4,0,1,0,6,0,1,9,2,0,923,43,966,2097
,1,AGUASCALIENTES,1,RINCON DE ROMOS,7,RINCON DE ROMOS,433,2,211,144,10,9,8,28,17,7,1,0,2,1,0,1,0,3,0,0,0,9,0,225,6,457,792
,1,AGUASCALIENTES,1,RINCON DE ROMOS,7,RINCON DE ROMOS,434,2,239,159,10,3,9,42,16,4,1,1,1,2,0,0,0,2,0,0,1,14,0,504,6,510,752
,1,AGUASCALIENTES,1,RINCON DE ROMOS,7,RINCON DE ROMOS,435,2,300,196,15,4,8,31,13,9,0,1,0,1,0,0,0,1,0,0,0,9,0,588,9,597,883
,1,AGUASCALIENTES,1,RINCON DE ROMOS,7,RINCON DE ROMOS,436,5,833,586,34,19,54,155,33,31,4,0,6,3,0,3,3,2,0,0,1,27,7,1794,42,1843,3739
,1,AGUASCALIENTES,1,RINCON DE ROMOS,7,RINCON DE ROMOS,437,3,456,271,28,9,19,84,34,20,1,0,2,0,0,3,1,10,0,0,0,8,0,612,20,966,1983
,1,AGUASCALIENTES,1,RINCON DE ROMOS,7,RINCON DE ROMOS,438,1,184,185,8,2,6,51,5,5,3,0,3,0,0,1,0,3,1,0,1,6,0,464,14,478,705
,1,AGUASCALIENTES,1,RINCON DE ROMOS,7,RINCON DE ROMOS,439,3,487,230,27,17,32,80,20,20,3,0,0,2,0,1,1,1,0,0,0,15,0,694,9,945,1755
,1,AGUASCALIENTES,1,RINCON DE ROMOS,7,RINCON DE ROMOS,440,8,1474,835,57,26,85,303,64,40,7,0,7,3,0,5,4,12,6,0,8,30,1,2560,78,3045,5957
,1,AGUASCALIENTES,1,RINCON DE ROMOS,7,RINCON DE ROMOS,441,2,256,222,11,7,11,75,7,8,0,0,1,0,0,0,2,5,0,0,0,15,0,620,23,643,991
,1,AGUASCALIENTES,1,RINCON DE ROMOS,7,RINCON DE ROMOS,442,3,308,203,8,19,20,106,15,12,3,0,3,7,0,1,2,6,0,0,0,16,2,729,45,776,1909
,1,AGUASCALIENTES,1,RINCON DE ROMOS,7,RINCON DE ROMOS,443,3,533,289,23,12,17,58,20,21,1,0,4,12,0,0,0,2,1,0,1,4,0,998,31,1029,1798
,1,AGUASCALIENTES,1,RINCON DE ROMOS,7,RINCON DE ROMOS,444,2,291,96,0,6,6,54,6,3,0,0,0,0,0,0,0,0,0,0,0,5,0,259,9,476,851
,1,AGUASCALIENTES,1,RINCON DE ROMOS,7,RINCON DE ROMOS,445,3,641,285,6,14,44,60,18,12,3,1,2,1,1,0,4,0,0,0,8,12,0,1112,21,1133,1889
,1,AGUASCALIENTES,1,RINCON DE ROMOS,7,RINCON DE ROMOS,446,2,356,277,11,7,25,41,6,,2,0,1,0,1,0,1,2,0,0,2,13,0,745,19,764,1399
,1,AGUASCALIENTES,1,RINCON DE ROMOS,7,RINCON DE ROMOS,447,3,517,165,27,15,27,159,29,16,0,1,1,2,0,0,0,1,0,0,3,8,0,702,13,984,2157
,1,AGUASCALIENTES,1,RINCON DE ROMOS,7,RINCON DE ROMOS,448,2,290,122,7,13,16,39,8,12,1,0,2,2,1,1,2,0,0,0,0,7,0,523,11,534,1071
,1,AGUASCALIENTES,1,RINCON DE ROMOS,7,RINCON DE ROMOS,449,3,355,248,26,35,74,52,14,12,3,3,4,0,6,1,2,3,0,0,1,20,3,859,33,895,2083
,1,AGUASCALIENTES,1,RINCON DE ROMOS,7,RINCON DE ROMOS,450,2,225,233,10,17,24,30,12,9,1,1,1,0,0,2,2,1,0,0,3,3,0,574,9,583,1145
,1,AGUASCALIENTES,1,RINCON DE ROMOS,7,RINCON DE ROMOS,451,1,157,105,8,24,4,9,10,6,4,0,0,0,0,0,0,0,0,0,0,2,0,329,10,339,639
,1,AGUASCALIENTES,2,EL LLANO,2,ASIENTOS,338,3,407,262,14,7,7,216,29,17,0,0,4,1,0,0,0,7,0,0,1,32,0,1004,24,1028,1692
,1,AGUASCALIENTES,2,EL LLANO,2,ASIENTOS,339,3,467,234,5,10,12,200,12,13,5,0,3,1,0,1,0,15,0,0,3,21,0,1002,18,1020,1547
,1,AGUASCALIENTES,2,EL LLANO,2,ASIENTOS,340,3,322,406,5,7,19,241,16,51,0,0,1,2,0,2,1,4,0,0,1,19,0,1097,17,1114,1603
,1,AGUASCALIENTES,2,EL LLANO,2,ASIENTOS,341,3,575,294,12,11,12,287,32,37,2,0,4,0,0,1,0,7,0,0,2,15,0,1291,31,1322,1847
,1,AGUASCALIENTES,2,EL LLANO,2,ASIENTOS,342,2,321,272,7,4,21,383,12,7,0,1,1,0,0,1,2,12,0,0,2,9,0,1055,29,1084,1468
,1,AGUASCALIENTES,2,EL LLANO,2,ASIENTOS,343,4,620,520,21,9,35,657,34,7,16,0,2,4,0,1,1,18,0,1,1,20,0,1967,38,2005,2785
,1,AGUASCALIENTES,2,EL LLANO,2,ASIENTOS,344,4,457,484,14,20,25,457,23,19,3,1,7,4,0,1,1,19,0,2,3,21,2,1561,42,1605,2394
,1,AGUASCALIENTES,2,EL LLANO,2,ASIENTOS,345,3,297,392,20,11,27,439,24,19,0,0,1,3,0,1,0,5,5,0,1,7,0,1252,30,1282,2118
,1,AGUASCALIENTES,2,EL LLANO,2,ASIENTOS,346,3,337,310,8,4,11,392,18,11,2,0,2,1,0,0,0,15,0,0,2,18,1,1131,35,1167,1755
,1,AGUASCALIENTES,2,EL LLANO,2,ASIENTOS,347,4,593,322,7,4,20,697,17,4,10,0,7,7,0,1,1,30,0,0,1,16,0,1737,36,1773,2380
,1,AGUASCALIENTES,2,EL LLANO,2,ASIENTOS,348,3,362,219,52,7,4,276,11,18,3,0,1,0,0,0,0,11,0,2,12,20,0,998,25,1023,1557
,1,AGUASCALIENTES,2,EL LLANO,2,ASIENTOS,349,4,531,341,42,8,16,303,22,16,2,0,0,2,1,4,0,7,0,0,2,23,0,1320,27,1347,2265
,1,AGUASCALIENTES,2,EL LLANO,2,ASIENTOS,350,4,530,337,26,7,24,389,23,9,3,0,3,3,0,3,2,14,1,0,1,23,0,1398,48,1446,2428
,1,AGUASCALIENTES,2,EL LLANO,2,ASIENTOS,351,2,235,245,10,3,24,283,30,5,2,0,1,2,0,1,0,13,0,1,0,5,1,860,27,888,1363
,1,AGUASCALIENTES,2,EL LLANO,2,ASIENTOS,352,3,421,352,40,8,36,342,12,11,5,0,1,2,0,0,0,9,0,2,0,13,0,1254,29,1283,2237
,1,AGUASCALIENTES,2,EL LLANO,2,ASIENTOS,353,2,241,285,9,7,14,383,5,12,3,0,4,3,0,0,2,17,0,0,1,16,0,1002,20,1022,1393
,1,AGUASCALIENTES,2,EL LLANO,2,ASIENTOS,354,2,242,238,4,5,41,277,27,12,1,0,4,3,0,1,2,12,0,0,0,33,0,902,2,904,1359
,1,AGUASCALIENTES,2,EL LLANO,11,EL LLANO,479,4,650,334,137,309,30,41,24,16,0,0,4,0,0,11,1,1,1,0,0,18,0,1577,43,1620,2282
,1,AGUASCALIENTES,2,EL LLANO,11,EL LLANO,480,3,534,332,117,235,8,28,20,4,2,0,0,2,0,14,0,2,0,1,0,27,0,1326,43,1369,1951
,1,AGUASCALIENTES,2,EL LLANO,11,EL LLANO,481,2,204,204,219,171,11,23,11,7,1,2,2,0,0,3,0,0,0,0,1,18,0,877,31,908,1257
,1,AGUASCALIENTES,2,EL LLANO,11,EL LLANO,482,4,377,482,355,404,15,29,14,4,3,0,8,1,0,19,1,1,0,0,0,22,0,1735,54,1789,2387
,1,AGUASCALIENTES,2,EL LLANO,11,EL LLANO,483,2,191,171,90,134,27,6,9,1,0,0,0,0,0,1,2,0,1,0,0,11,0,644,25,669,871
,1,AGUASCALIENTES,2,EL LLANO,11,EL LLANO,484,2,175,160,58,65,34,9,4,3,0,0,0,0,0,4,2,0,0,1,0,14,0,529,27,556,829
,1,AGUASCALIENTES,2,EL LLANO,11,EL LLANO,485,4,358,444,123,301,119,58,40,5,4,1,2,1,0,13,1,0,0,4,0,50,0,1524,39,1563,2423
,1,AGUASCALIENTES,2,EL LLANO,11,EL LLANO,486,4,439,340,129,258,153,22,13,6,1,0,3,0,0,6,2,1,1,1,0,10,1,1385,42,1428,2108
,1,AGUASCALIENTES,3,PABELLON DE ARTEAGA,6,PABELLON DE ARTEAGA,415,7,1006,813,492,35,52,257,83,60,3,0,5,1,0,0,0,6,1,0,0,58,2,2872,69,2943,4691
,1,AGUASCALIENTES,3,PABELLON DE ARTEAGA,6,PABELLON DE ARTEAGA,416,2,209,245,137,13,12,86,19,25,0,0,0,1,0,0,4,3,0,0,0,20,0,774,23,797,1172
,1,AGUASCALIENTES,3,PABELLON DE ARTEAGA,6,PABELLON DE ARTEAGA,417,2,355,236,121,14,14,79,27,16,0,0,2,2,0,1,1,3,0,0,0,7,1,878,10,889,1310
,1,AGUASCALIENTES,3,PABELLON DE ARTEAGA,6,PABELLON DE ARTEAGA,418,2,209,191,127,14,11,93,8,25,1,0,0,0,0,0,0,2,0,0,0,20,0,701,33,734,1098
,1,AGUASCALIENTES,3,PABELLON DE ARTEAGA,6,PABELLON DE ARTEAGA,419,3,344,316,178,19,13,71,47,11,1,0,2,1,0,0,0,5,0,0,0,16,1,1024,28,1053,1523
,1,AGUASCALIENTES,3,PABELLON DE ARTEAGA,6,PABELLON DE ARTEAGA,420,2,209,210,140,10,18,88,13,7,1,2,0,0,0,1,1,0,0,0,0,9,0,709,21,730,1060
,1,AGUASCALIENTES,3,PABELLON DE ARTEAGA,6,PABELLON DE ARTEAGA,421,7,756,769,691,81,73,309,69,62,1,1,5,2,0,3,1,7,0,1,1,38,13,2870,74,2957,4802
,1,AGUASCALIENTES,3,PABELLON DE ARTEAGA,6,PABELLON DE ARTEAGA,422,2,245,141,118,8,11,42,10,6,1,0,4,1,0,1,1,1,0,1,1,22,1,614,25,640,943
,1,AGUASCALIENTES,3,PABELLON DE ARTEAGA,6,PABELLON DE ARTEAGA,423,2,209,172,212,10,14,81,19,10,0,0,1,3,0,0,1,4,0,0,0,22,2,758,40,800,1303
,1,AGUASCALIENTES,3,PABELLON DE ARTEAGA,6,PABELLON DE ARTEAGA,424,4,636,445,286,22,36,196,45,19,0,0,3,0,0,1,1,7,0,0,1,40,1,1738,41,1780,2652
,1,AGUASCALIENTES,3,PABELLON DE ARTEAGA,6,PABELLON DE ARTEAGA,425,2,148,160,98,13,20,52,5,5,0,1,0,2,0,0,1,1,0,0,0,14,1,520,18,539,794
,1,AGUASCALIENTES,3,PABELLON DE ARTEAGA,6,PABELLON DE ARTEAGA,426,2,206,217,156,25,15,27,5,2,2,0,2,0,0,1,3,3,0,0,0,5,0,669,33,702,1092
,1,AGUASCALIENTES,3,PABELLON DE ARTEAGA,6,PABELLON DE ARTEAGA,427,2,188,137,168,20,17,60,10,0,0,0,0,0,0,0,0,2,0,0,1,12,0,615,27,642,963
,1,AGUASCALIENTES,3,PABELLON DE ARTEAGA,6,PABELLON DE ARTEAGA,428,4,437,295,160,32,21,139,18,21,0,0,1,0,0,1,2,6,0,0,0,13,0,1146,29,1175,2275
,1,AGUASCALIENTES,3,PABELLON DE ARTEAGA,6,PABELLON DE ARTEAGA,429,3,497,315,263,83,19,202,10,5,1,0,3,0,0,0,1,3,0,0,1,15,0,1418,48,1466,2121
,1,AGUASCALIENTES,3,PABELLON DE ARTEAGA,6,PABELLON DE ARTEAGA,430,2,342,191,113,30,20,116,6,18,1,1,0,1,0,0,4,4,0,0,1,9,0,857,34,891,1271
,1,AGUASCALIENTES,3,PABELLON DE ARTEAGA,9,TEPEZALA,460,2,493,144,21,15,263,67,2,1,1,1,0,1,0,0,5,0,0,0,1,6,0,1021,31,1052,1493
,1,AGUASCALIENTES,3,PABELLON DE ARTEAGA,9,TEPEZALA,461,3,581,195,34,8,321,161,7,4,0,0,3,1,1,0,5,2,1,0,0,18,1,1342,30,1373,1733
,1,AGUASCALIENTES,3,PABELLON DE ARTEAGA,9,TEPEZALA,462,3,478,110,15,76,405,74,5,7,0,2,0,0,0,0,12,1,1,1,1,12,0,1200,33,1233,1679
,1,AGUASCALIENTES,3,PABELLON DE ARTEAGA,9,TEPEZALA,463,2,339,54,26,24,336,79,1,2,0,0,0,0,0,1,2,1,0,1,2,6,1,874,26,901,1470
,1,AGUASCALIENTES,3,PABELLON DE ARTEAGA,9,TEPEZALA,464,3,582,176,18,52,264,157,13,3,0,1,0,0,0,2,6,1,2,0,0,10,0,1287,20,1307,1656
,1,AGUASCALIENTES,3,PABELLON DE ARTEAGA,9,TEPEZALA,465,1,260,45,4,45,106,33,1,1,1,0,0,0,0,0,1,0,0,0,2,2,0,501,2,503,570
,1,AGUASCALIENTES,3,PABELLON DE ARTEAGA,9,TEPEZALA,466,1,194,45,6,6,218,135,2,1,0,0,0,0,0,0,1,0,0,0,0,2,0,610,14,624,689
,1,AGUASCALIENTES,3,PABELLON DE ARTEAGA,9,TEPEZALA,467,3,337,204,27,19,350,336,27,1,0,0,2,0,0,2,4,9,1,1,1,12,0,1333,36,1369,1917
,1,AGUASCALIENTES,3,PABELLON DE ARTEAGA,9,TEPEZALA,468,1,148,77,7,6,183,70,4,1,0,1,2,0,0,0,1,2,0,0,1,7,0,510,6,516,726
,1,AGUASCALIENTES,3,PABELLON DE ARTEAGA,9,TEPEZALA,469,4,687,176,34,4,456,220,59,14,0,0,0,1,1,1,4,4,1,0,0,46,0,1708,33,1741,2509
,1,AGUASCALIENTES,3,PABELLON DE ARTEAGA,6,PABELLON DE ARTEAGA,488,1,48,42,12,2,1,17,1,1,0,0,0,0,0,0,0,0,0,0,0,4,0,128,10,138,179
,1,AGUASCALIENTES,4,SAN FRANCISCO DE LOS ROMO,5,JESUS MARIA,400,2,210,221,22,6,43,17,7,9,0,0,0,0,0,0,1,1,0,0,0,16,1,553,12,566,1437
,1,AGUASCALIENTES,4,SAN FRANCISCO DE LOS ROMO,5,JESUS MARIA,401,5,531,552,98,17,45,31,38,25,0,0,0,1,0,2,0,1,1,0,0,29,1,1371,22,1394,3122
,1,AGUASCALIENTES,4,SAN FRANCISCO DE LOS ROMO,5,JESUS MARIA,402,2,203,225,39,9,31,8,11,7,0,0,0,1,1,0,8,1,0,0,0,9,0,553,6,559,1089
,1,AGUASCALIENTES,4,SAN FRANCISCO DE LOS ROMO,5,JESUS MARIA,403,6,811,599,162,16,39,39,71,24,0,2,0,2,0,1,7,1,0,0,0,77,0,1851,47,1898,4042
,1,AGUASCALIENTES,4,SAN FRANCISCO DE LOS ROMO,10,SAN FRANCISCO DE LOS ROMO,404,2,131,187,13,5,52,21,7,5,0,0,0,0,0,0,0,0,0,0,0,21,0,442,11,453,772
,1,AGUASCALIENTES,4,SAN FRANCISCO DE LOS ROMO,5,JESUS MARIA,405,11,1545,1207,169,39,102,120,184,49,3,3,0,2,0,1,4,2,0,0,1,160,9,3591,84,3684,7518
,1,AGUASCALIENTES,4,SAN FRANCISCO DE LOS ROMO,5,JESUS MARIA,413,8,1720,933,117,21,27,53,100,54,0,1,2,0,0,1,2,1,0,0,0,163,11,3195,51,3257,5968
,1,AGUASCALIENTES,4,SAN FRANCISCO DE LOS ROMO,10,SAN FRANCISCO DE LOS ROMO,470,2,424,257,31,2,10,21,21,16,1,0,0,0,0,0,0,4,0,0,1,14,0,802,18,820,1314
,1,AGUASCALIENTES,4,SAN FRANCISCO DE LOS ROMO,10,SAN FRANCISCO DE LOS ROMO,471,3,377,426,30,9,17,41,23,13,0,0,1,0,0,1,1,2,0,0,0,8,0,949,34,983,1610
,1,AGUASCALIENTES,4,SAN FRANCISCO DE LOS ROMO,10,SAN FRANCISCO DE LOS ROMO,472,2,411,324,25,7,2,28,17,12,0,0,1,0,0,3,1,1,0,0,0,16,1,848,24,873,1433
,1,AGUASCALIENTES,4,SAN FRANCISCO DE LOS ROMO,10,SAN FRANCISCO DE LOS ROMO,473,10,1640,1465,152,39,67,233,108,77,2,0,0,1,0,1,6,4,0,0,3,96,15,3894,108,4017,7260
,1,AGUASCALIENTES,4,SAN FRANCISCO DE LOS ROMO,10,SAN FRANCISCO DE LOS ROMO,474,2,299,315,22,7,7,74,18,5,0,0,1,1,0,0,0,0,0,0,0,9,4,758,10,772,1277
,1,AGUASCALIENTES,4,SAN FRANCISCO DE LOS ROMO,10,SAN FRANCISCO DE LOS ROMO,475,2,331,422,12,2,22,24,11,9,0,0,0,1,0,1,0,0,0,0,0,12,0,847,11,858,1421
,1,AGUASCALIENTES,4,SAN FRANCISCO DE LOS ROMO,10,SAN FRANCISCO DE LOS ROMO,476,6,578,770,32,35,35,75,35,84,0,0,0,1,0,1,3,4,0,0,0,35,0,1688,31,1719,3793
,1,AGUASCALIENTES,4,SAN FRANCISCO DE LOS ROMO,10,SAN FRANCISCO DE LOS ROMO,477,5,523,696,53,10,200,54,61,34,0,1,0,1,1,0,4,3,0,0,8,35,0,1684,42,1726,3502
,1,AGUASCALIENTES,4,SAN FRANCISCO DE LOS ROMO,10,SAN FRANCISCO DE LOS ROMO,478,9,796,1008,131,19,108,202,95,43,0,0,3,2,0,6,5,1,0,0,4,76,14,2499,56,2569,6075
,1,AGUASCALIENTES,5,AGUASCALIENTES,1,AGUASCALIENTES,594,2,163,184,33,2,6,6,20,8,1,1,0,0,1,1,1,0,0,0,0,21,1,448,9,458,1483
,1,AGUASCALIENTES,5,AGUASCALIENTES,1,AGUASCALIENTES,595,2,241,171,23,0,5,5,44,13,1,0,0,0,0,0,0,0,0,0,0,28,2,531,17,550,1207
,1,AGUASCALIENTES,5,AGUASCALIENTES,1,AGUASCALIENTES,596,2,207,199,39,1,2,6,23,6,1,0,0,1,1,0,1,0,0,0,0,27,0,514,12,526,1227
,1,AGUASCALIENTES,5,AGUASCALIENTES,1,AGUASCALIENTES,598,3,277,322,44,8,11,2,33,11,3,0,1,1,1,0,1,2,0,0,0,24,2,741,16,759,1551
,1,AGUASCALIENTES,5,AGUASCALIENTES,1,AGUASCALIENTES,599,2,227,157,25,4,4,5,17,7,0,0,0,0,0,0,0,0,0,0,0,24,0,470,9,479,894
,1,AGUASCALIENTES,5,AGUASCALIENTES,1,AGUASCALIENTES,600,2,178,152,23,3,6,12,14,7,0,0,0,0,0,0,0,0,0,0,0,19,2,414,7,423,818
,1,AGUASCALIENTES,5,AGUASCALIENTES,1,AGUASCALIENTES,601,3,202,269,95,6,17,3,16,21,0,1,0,1,0,0,0,0,0,0,0,13,0,644,9,653,1693
,1,AGUASCALIENTES,5,AGUASCALIENTES,1,AGUASCALIENTES,603,2,131,197,42,0,3,2,15,5,1,0,2,1,0,0,1,0,0,0,0,23,0,423,12,435,1312
,1,AGUASCALIENTES,5,AGUASCALIENTES,1,AGUASCALIENTES,605,1,163,115,17,2,2,3,20,5,0,0,0,0,0,0,1,0,0,0,0,14,0,342,13,355,687
,1,AGUASCALIENTES,5,AGUASCALIENTES,1,AGUASCALIENTES,606,2,200,211,24,0,7,3,23,14,1,0,0,0,0,1,0,0,0,0,0,19,1,503,17,521,1088
,1,AGUASCALIENTES,5,AGUASCALIENTES,1,AGUASCALIENTES,607,1,132,108,16,4,3,7,18,7,1,0,1,0,0,1,0,0,1,0,0,25,0,324,8,332,677
,1,AGUASCALIENTES,5,AGUASCALIENTES,1,AGUASCALIENTES,80,8,1298,915,137,32,26,32,109,49,9,0,0,1,0,2,2,1,0,0,1,129,1,2743,77,2821,5995
,1,AGUASCALIENTES,5,AGUASCALIENTES,1,AGUASCALIENTES,82,14,2312,1413,253,21,42,48,216,68,8,0,3,2,0,1,3,1,0,0,0,200,3,4591,100,4694,9765
,1,AGUASCALIENTES,5,AGUASCALIENTES,1,AGUASCALIENTES,86,15,1790,1607,222,53,54,63,184,75,14,1,2,2,0,1,2,1,0,0,1,182,9,4254,107,4370,10671
,1,AGUASCALIENTES,5,AGUASCALIENTES,1,AGUASCALIENTES,87,3,439,302,67,12,10,23,49,12,2,1,0,1,0,0,2,0,1,0,0,43,2,964,41,1007,1951
,1,AGUASCALIENTES,5,AGUASCALIENTES,1,AGUASCALIENTES,88,2,296,205,26,5,6,7,15,12,0,0,0,0,0,0,0,0,0,0,0,21,0,593,20,613,1212
,1,AGUASCALIENTES,5,AGUASCALIENTES,1,AGUASCALIENTES,89,2,195,229,19,4,10,18,14,10,1,0,1,0,0,0,1,1,0,0,0,14,1,517,14,532,1044
,1,AGUASCALIENTES,5,AGUASCALIENTES,1,AGUASCALIENTES,90,4,794,474,80,26,17,14,59,25,2,0,1,1,0,1,1,0,0,0,0,68,3,1563,32,1598,2980
,1,AGUASCALIENTES,6,AGUASCALIENTES,1,AGUASCALIENTES,1,3,758,428,16,3,9,6,18,15,1,0,0,0,0,0,1,0,0,0,0,54,4,1309,19,1332,2027
,1,AGUASCALIENTES,6,AGUASCALIENTES,1,AGUASCALIENTES,10,2,422,194,25,2,8,15,20,6,1,0,0,0,0,0,1,0,0,0,0,21,0,715,11,726,1188
,1,AGUASCALIENTES,6,AGUASCALIENTES,1,AGUASCALIENTES,11,2,369,190,30,4,9,4,26,10,5,0,1,2,0,0,3,2,2,0,0,10,0,667,22,689,1261
,1,AGUASCALIENTES,6,AGUASCALIENTES,1,AGUASCALIENTES,12,2,289,158,24,1,1,9,11,7,2,0,0,1,0,0,0,0,0,0,1,24,1,528,5,534,857
,1,AGUASCALIENTES,6,AGUASCALIENTES,1,AGUASCALIENTES,13,2,242,156,34,4,2,6,34,6,0,0,0,2,0,0,0,1,0,0,0,13,1,500,8,509,819
,1,AGUASCALIENTES,6,AGUASCALIENTES,1,AGUASCALIENTES,14,2,287,135,27,5,8,10,22,3,1,0,0,2,0,0,0,0,0,0,0,20,0,520,12,532,940
,1,AGUASCALIENTES,6,AGUASCALIENTES,1,AGUASCALIENTES,15,2,258,130,23,5,10,12,13,7,0,0,0,1,0,0,0,2,0,0,0,13,0,474,13,487,1020
,1,AGUASCALIENTES,6,AGUASCALIENTES,1,AGUASCALIENTES,16,2,224,110,8,3,3,3,6,3,2,0,0,2,0,0,0,0,0,0,0,9,0,373,12,385,844
,1,AGUASCALIENTES,6,AGUASCALIENTES,1,AGUASCALIENTES,17,2,328,126,16,4,6,14,12,4,1,0,0,3,1,0,1,2,0,0,0,7,0,525,15,540,1078
,1,AGUASCALIENTES,6,AGUASCALIENTES,1,AGUASCALIENTES,18,2,328,152,18,1,4,8,10,16,3,0,0,0,0,0,0,0,0,0,0,23,0,563,10,573,1082
,1,AGUASCALIENTES,6,AGUASCALIENTES,1,AGUASCALIENTES,2,2,235,208,7,5,7,8,12,4,0,0,2,1,0,0,1,1,0,0,0,7,0,498,14,512,933
,1,AGUASCALIENTES,6,AGUASCALIENTES,1,AGUASCALIENTES,3,3,600,226,31,1,9,12,37,7,0,0,0,0,1,0,0,0,0,0,0,21,2,945,22,969,1613
,1,AGUASCALIENTES,6,AGUASCALIENTES,1,AGUASCALIENTES,320,6,964,774,39,7,25,20,38,17,7,0,0,2,0,2,7,3,0,0,0,64,4,1969,50,2023,3925
,1,AGUASCALIENTES,6,AGUASCALIENTES,1,AGUASCALIENTES,4,2,381,241,36,7,5,20,48,9,2,0,0,1,0,1,0,0,0,0,0,30,1,781,18,800,1363
,1,AGUASCALIENTES,6,AGUASCALIENTES,1,AGUASCALIENTES,41,6,1140,568,49,10,18,27,37,30,4,1,0,1,0,2,1,0,0,0,0,48,9,1936,29,1974,3756
,1,AGUASCALIENTES,6,AGUASCALIENTES,1,AGUASCALIENTES,42,2,209,208,16,5,15,10,19,13,0,0,0,2,0,0,0,0,0,0,0,10,0,507,8,515,1086
,1,AGUASCALIENTES,6,AGUASCALIENTES,1,AGUASCALIENTES,43,4,720,354,65,8,11,10,43,18,3,0,1,0,0,0,1,0,0,0,0,97,3,1334,38,1375,1839
,1,AGUASCALIENTES,6,AGUASCALIENTES,1,AGUASCALIENTES,44,6,1629,719,77,8,12,17,71,22,1,0,0,0,0,0,1,1,0,0,0,111,2,2669,48,2719,4372
,1,AGUASCALIENTES,6,AGUASCALIENTES,1,AGUASCALIENTES,45,3,635,332,21,1,4,1,27,9,0,0,1,0,0,1,0,0,0,0,0,25,1,1057,375,1433,1670
,1,AGUASCALIENTES,6,AGUASCALIENTES,1,AGUASCALIENTES,46,3,760,314,25,4,6,7,25,9,2,0,0,0,0,0,0,0,0,1,0,37,3,1190,18,1211,1940
,1,AGUASCALIENTES,6,AGUASCALIENTES,1,AGUASCALIENTES,47,5,1448,544,47,7,8,16,42,14,1,0,0,0,0,0,0,0,0,0,0,58,3,2185,28,2216,3505
,1,AGUASCALIENTES,6,AGUASCALIENTES,1,AGUASCALIENTES,48,3,649,261,18,3,10,11,28,8,2,0,0,0,0,0,0,0,0,0,0,32,0,1022,20,1042,1808
,1,AGUASCALIENTES,6,AGUASCALIENTES,1,AGUASCALIENTES,49,2,428,187,28,2,10,6,21,8,0,0,0,0,0,0,1,0,0,0,0,22,0,713,21,734,1469
,1,AGUASCALIENTES,6,AGUASCALIENTES,1,AGUASCALIENTES,5,2,275,137,21,0,4,6,15,5,0,0,0,0,0,0,0,1,0,0,0,18,2,482,9,493,815
,1,AGUASCALIENTES,6,AGUASCALIENTES,1,AGUASCALIENTES,50,3,455,194,37,3,5,11,31,10,0,1,1,2,1,0,0,0,0,0,0,34,2,785,16,803,1542
,1,AGUASCALIENTES,6,AGUASCALIENTES,1,AGUASCALIENTES,51,2,331,218,23,0,4,11,23,12,0,1,0,0,0,0,0,0,0,0,0,28,1,651,13,665,1141
,1,AGUASCALIENTES,6,AGUASCALIENTES,1,AGUASCALIENTES,52,2,382,171,28,4,4,12,20,12,1,0,0,1,0,0,0,0,0,0,0,28,0,663,19,682,1163
,1,AGUASCALIENTES,6,AGUASCALIENTES,1,AGUASCALIENTES,53,3,581,221,33,3,3,9,42,11,1,2,0,0,0,0,1,2,0,0,1,26,2,936,17,955,1542
,1,AGUASCALIENTES,6,AGUASCALIENTES,1,AGUASCALIENTES,54,2,276,132,12,8,2,12,13,11,0,0,3,0,0,0,3,4,0,0,0,9,1,485,15,501,1086
,1,AGUASCALIENTES,6,AGUASCALIENTES,1,AGUASCALIENTES,55,2,328,144,26,1,1,12,41,6,1,1,2,0,0,0,2,1,0,0,0,10,0,576,18,594,1069
,1,AGUASCALIENTES,6,AGUASCALIENTES,1,AGUASCALIENTES,56,2,308,129,19,1,3,5,12,3,2,0,0,0,0,0,1,1,0,0,1,18,0,503,11,514,954
,1,AGUASCALIENTES,6,AGUASCALIENTES,1,AGUASCALIENTES,6,1,212,101,14,0,5,8,20,9,1,0,0,0,0,1,0,0,0,0,0,14,0,385,14,399,711
,1,AGUASCALIENTES,6,AGUASCALIENTES,1,AGUASCALIENTES,7,2,271,150,24,0,3,10,12,3,0,0,0,1,0,0,1,0,0,0,0,17,0,492,9,501,814
,1,AGUASCALIENTES,6,AGUASCALIENTES,1,AGUASCALIENTES,8,2,416,229,16,11,0,10,16,3,3,0,1,1,0,0,0,0,0,0,0,15,1,721,16,738,1145
,1,AGUASCALIENTES,6,AGUASCALIENTES,1,AGUASCALIENTES,9,2,476,205,31,1,13,14,43,4,1,0,0,0,0,0,0,0,0,0,0,24,0,812,10,822,1244
,1,AGUASCALIENTES,6,AGUASCALIENTES,1,AGUASCALIENTES,91,2,237,173,16,5,9,12,15,8,1,0,0,0,0,0,0,0,0,0,0,14,1,490,12,503,905
,1,AGUASCALIENTES,6,AGUASCALIENTES,1,AGUASCALIENTES,92,2,219,117,22,5,4,5,15,3,0,1,0,0,0,0,0,0,0,0,0,12,0,403,11,414,855
,1,AGUASCALIENTES,7,JESUS MARIA,5,JESUS MARIA,392,8,1048,1031,88,40,62,70,86,29,8,0,2,4,0,0,5,4,0,0,0,70,4,2546,54,2605,5429
,1,AGUASCALIENTES,7,JESUS MARIA,5,JESUS MARIA,393,4,610,463,47,4,12,25,45,22,1,0,2,0,0,0,0,2,0,0,0,51,0,1284,31,1315,2711
,1,AGUASCALIENTES,7,JESUS MARIA,5,JESUS MARIA,394,7,953,955,56,20,51,46,53,18,2,1,1,4,0,2,8,2,0,0,0,65,1,2238,49,2287,4594
,1,AGUASCALIENTES,7,JESUS MARIA,5,JESUS MARIA,395,3,356,454,16,7,11,10,11,3,6,0,0,1,0,0,1,2,0,0,0,17,0,895,20,915,1589
,1,AGUASCALIENTES,7,JESUS MARIA,5,JESUS MARIA,396,6,1134,748,71,12,25,36,73,32,6,1,2,1,2,1,2,3,0,0,0,70,3,2219,47,2269,4323
,1,AGUASCALIENTES,7,JESUS MARIA,5,JESUS MARIA,397,12,1785,1703,151,27,60,102,117,62,4,1,7,5,1,1,4,3,0,0,0,108,10,4141,79,4230,8929
,1,AGUASCALIENTES,7,JESUS MARIA,5,JESUS MARIA,398,2,220,334,14,7,3,13,10,6,1,0,0,0,0,0,1,2,0,0,0,24,0,635,11,646,1236
,1,AGUASCALIENTES,7,JESUS MARIA,5,JESUS MARIA,399,2,239,360,15,11,11,13,4,9,0,0,0,1,0,1,3,1,0,0,0,17,1,685,24,710,1423
,1,AGUASCALIENTES,7,JESUS MARIA,5,JESUS MARIA,406,4,574,482,60,15,21,32,35,16,1,0,0,0,0,0,0,2,1,0,5,36,3,1280,25,1308,2877
,1,AGUASCALIENTES,7,JESUS MARIA,5,JESUS MARIA,407,3,176,221,5,39,20,14,3,49,0,0,1,2,0,0,1,1,0,0,0,14,0,546,11,557,958
,1,AGUASCALIENTES,7,JESUS MARIA,5,JESUS MARIA,408,1,66,126,0,5,1,4,1,1,0,0,1,0,0,0,0,0,0,0,0,3,0,208,3,211,353
,1,AGUASCALIENTES,7,JESUS MARIA,5,JESUS MARIA,409,2,349,174,8,14,4,3,2,5,0,0,0,0,0,0,1,0,0,0,0,9,0,569,10,579,947
,1,AGUASCALIENTES,7,JESUS MARIA,5,JESUS MARIA,410,4,556,494,25,31,14,45,23,18,3,0,1,0,0,0,1,4,0,0,1,30,0,1246,15,1261,2403
,1,AGUASCALIENTES,7,JESUS MARIA,5,JESUS MARIA,411,8,1203,1031,98,33,24,44,84,48,7,2,1,1,1,4,2,3,0,0,1,64,6,2651,58,2715,5687
,1,AGUASCALIENTES,7,JESUS MARIA,5,JESUS MARIA,412,5,762,564,42,7,20,13,35,18,4,0,1,2,0,3,8,2,2,0,0,30,10,1514,34,1557,3302
,1,AGUASCALIENTES,7,JESUS MARIA,5,JESUS MARIA,414,4,659,476,23,8,17,14,19,13,6,0,0,1,0,1,4,0,2,1,1,40,0,1285,39,1324,2432
,1,AGUASCALIENTES,8,CALVILLO,3,CALVILLO,355,2,445,258,27,7,7,16,17,12,3,1,1,1,0,3,2,2,0,0,0,9,0,811,12,823,1410
,1,AGUASCALIENTES,8,CALVILLO,3,CALVILLO,356,4,644,552,51,20,18,17,22,10,3,1,2,1,3,3,1,1,0,0,0,21,12,1370,25,1407,2555
,1,AGUASCALIENTES,8,CALVILLO,3,CALVILLO,357,3,487,265,37,13,12,11,13,6,1,0,0,1,0,1,0,1,0,0,0,21,0,869,18,887,1545
,1,AGUASCALIENTES,8,CALVILLO,3,CALVILLO,358,5,859,590,64,29,34,53,21,27,0,1,1,3,0,3,1,1,0,0,0,23,0,1710,62,1772,3294
,1,AGUASCALIENTES,8,CALVILLO,3,CALVILLO,359,2,278,183,9,10,12,9,11,16,1,0,1,0,0,3,0,0,0,0,0,11,0,544,14,558,1048
,1,AGUASCALIENTES,8,CALVILLO,3,CALVILLO,360,2,233,156,15,2,3,7,8,8,0,0,0,0,0,5,1,0,0,0,0,6,0,444,4,448,765
,1,AGUASCALIENTES,8,CALVILLO,3,CALVILLO,361,3,511,338,41,12,6,14,18,11,0,0,1,0,0,1,1,0,0,0,1,24,0,979,17,996,1784
,1,AGUASCALIENTES,8,CALVILLO,3,CALVILLO,362,3,663,348,46,9,27,25,19,18,0,1,0,1,0,1,1,0,0,0,0,22,0,1181,41,1222,2137
,1,AGUASCALIENTES,8,CALVILLO,3,CALVILLO,363,3,536,391,54,19,34,19,9,13,2,4,3,0,0,4,2,1,0,0,2,10,0,1103,29,1132,1872
,1,AGUASCALIENTES,8,CALVILLO,3,CALVILLO,364,1,150,90,23,8,7,3,4,1,0,0,0,0,0,4,0,2,0,0,0,2,0,294,7,301,638
,1,AGUASCALIENTES,8,CALVILLO,3,CALVILLO,365,1,116,41,2,1,4,8,3,0,0,1,1,0,0,0,0,0,0,0,0,3,0,180,7,187,363
,1,AGUASCALIENTES,8,CALVILLO,3,CALVILLO,366,1,177,108,7,1,5,12,2,2,0,0,0,0,0,0,0,0,0,0,0,4,0,318,16,334,645
,1,AGUASCALIENTES,8,CALVILLO,3,CALVILLO,367,3,470,409,48,16,16,21,21,8,3,0,2,3,0,1,0,1,0,0,0,12,0,1031,28,1059,1700
,1,AGUASCALIENTES,8,CALVILLO,3,CALVILLO,369,1,128,50,17,9,9,7,5,1,0,0,0,0,0,0,1,0,0,0,0,2,0,229,4,233,427
,1,AGUASCALIENTES,8,CALVILLO,3,CALVILLO,370,2,324,177,59,38,43,8,20,9,0,0,2,0,0,2,2,0,0,0,1,9,3,694,12,709,1330
,1,AGUASCALIENTES,8,CALVILLO,3,CALVILLO,371,2,282,104,22,4,15,16,12,5,1,1,0,0,0,0,0,0,0,0,0,10,0,472,19,491,1022
,1,AGUASCALIENTES,8,CALVILLO,3,CALVILLO,372,2,301,138,24,10,12,5,14,8,0,1,0,0,0,1,0,0,0,0,0,13,0,527,9,536,1032
,1,AGUASCALIENTES,8,CALVILLO,3,CALVILLO,373,2,338,245,26,31,20,13,9,6,0,0,1,0,0,2,1,1,1,0,0,6,0,700,16,716,1207
,1,AGUASCALIENTES,8,CALVILLO,3,CALVILLO,374,2,265,193,31,19,24,15,12,6,1,1,0,1,0,2,4,0,0,0,0,9,1,583,17,601,1065
,1,AGUASCALIENTES,8,CALVILLO,3,CALVILLO,375,3,469,237,37,30,27,27,22,11,1,0,1,0,0,3,0,1,0,0,0,9,1,875,32,908,1836
,1,AGUASCALIENTES,8,CALVILLO,3,CALVILLO,376,3,473,267,46,26,24,26,24,15,1,0,4,0,0,2,2,3,0,0,0,9,3,922,47,972,2025
,1,AGUASCALIENTES,8,CALVILLO,3,CALVILLO,377,2,354,220,41,8,13,11,17,8,1,1,3,0,0,1,1,1,0,0,0,12,1,692,28,721,1460
,1,AGUASCALIENTES,8,CALVILLO,3,CALVILLO,378,1,103,39,5,11,9,13,1,2,0,0,0,1,0,0,0,0,0,0,0,2,0,186,8,194,353
,1,AGUASCALIENTES,8,CALVILLO,3,CALVILLO,379,2,505,132,15,15,16,13,12,6,1,2,1,0,0,2,0,1,0,0,0,8,0,729,21,750,1468
,1,AGUASCALIENTES,8,CALVILLO,3,CALVILLO,380,3,555,151,49,48,79,24,17,19,0,1,1,0,0,2,0,1,0,0,0,20,1,967,33,1001,1858
,1,AGUASCALIENTES,8,CALVILLO,3,CALVILLO,381,2,279,244,23,6,14,8,6,2,0,0,0,1,0,3,0,0,0,0,0,4,0,590,14,604,1008
,1,AGUASCALIENTES,8,CALVILLO,3,CALVILLO,382,3,522,215,97,9,16,20,8,2,0,0,0,0,0,0,0,1,0,0,0,2,0,892,26,918,1704
,1,AGUASCALIENTES,8,CALVILLO,3,CALVILLO,383,4,599,315,188,21,15,38,25,11,4,0,1,1,0,3,0,2,0,1,0,17,0,1241,29,1270,2361
,1,AGUASCALIENTES,8,CALVILLO,3,CALVILLO,384,2,282,289,67,35,8,9,5,9,4,0,0,0,0,1,0,0,0,0,0,7,1,716,23,740,1189
,1,AGUASCALIENTES,8,CALVILLO,3,CALVILLO,385,2,486,189,38,9,10,9,5,4,3,1,2,1,0,2,0,0,0,0,0,7,0,766,20,786,1446
,1,AGUASCALIENTES,8,CALVILLO,3,CALVILLO,386,2,409,158,174,11,12,13,4,3,0,0,0,0,0,0,0,0,0,0,0,4,0,788,29,817,1454
,1,AGUASCALIENTES,8,CALVILLO,8,SAN JOSE DE GRACIA,452,2,485,225,46,57,19,52,31,8,0,0,0,0,0,1,0,1,0,0,1,21,0,947,11,958,1245
,1,AGUASCALIENTES,8,CALVILLO,8,SAN JOSE DE GRACIA,453,2,464,258,42,56,25,68,50,6,1,0,0,0,0,0,0,0,0,0,0,32,0,1002,17,1019,1328
,1,AGUASCALIENTES,8,CALVILLO,8,SAN JOSE DE GRACIA,454,2,481,308,36,61,7,56,41,7,0,0,1,0,0,0,0,1,0,0,0,30,0,1029,25,1054,1381
,1,AGUASCALIENTES,8,CALVILLO,8,SAN JOSE DE GRACIA,455,1,102,78,6,26,4,14,4,3,0,0,0,0,0,2,0,0,0,0,0,6,0,245,2,247,311
,1,AGUASCALIENTES,8,CALVILLO,8,SAN JOSE DE GRACIA,456,1,94,112,3,5,4,7,20,3,0,0,2,0,0,1,0,0,0,0,0,5,0,256,14,270,358
,1,AGUASCALIENTES,8,CALVILLO,8,SAN JOSE DE GRACIA,457,2,291,151,47,21,11,42,20,1,1,0,0,0,0,1,0,0,0,0,0,6,1,592,2,595,770
,1,AGUASCALIENTES,8,CALVILLO,8,SAN JOSE DE GRACIA,458,2,367,275,48,23,3,26,33,2,0,0,2,0,0,2,0,0,0,0,0,9,0,790,14,804,1121
,1,AGUASCALIENTES,9,AGUASCALIENTES,1,AGUASCALIENTES,246,2,173,150,35,1,6,11,11,8,3,1,0,0,0,0,0,1,0,0,0,15,0,415,16,431,984
,1,AGUASCALIENTES,9,AGUASCALIENTES,1,AGUASCALIENTES,247,2,164,145,23,9,11,8,14,7,0,2,0,0,0,0,0,0,0,0,0,13,0,396,13,409,914
,1,AGUASCALIENTES,9,AGUASCALIENTES,1,AGUASCALIENTES,248,2,100,151,30,3,9,7,14,9,1,0,0,0,0,0,0,0,0,0,0,7,0,331,13,344,801
,1,AGUASCALIENTES,9,AGUASCALIENTES,1,AGUASCALIENTES,249,2,213,169,44,4,15,11,13,7,0,1,1,1,0,0,2,0,0,0,0,7,0,488,9,497,1225
,1,AGUASCALIENTES,9,AGUASCALIENTES,1,AGUASCALIENTES,250,2,175,143,21,11,11,3,9,8,1,0,0,1,0,0,1,0,0,0,0,7,1,391,11,403,911
,1,AGUASCALIENTES,9,AGUASCALIENTES,1,AGUASCALIENTES,251,2,173,169,28,16,13,7,15,8,0,0,0,3,0,0,1,1,0,0,0,6,0,440,15,455,1041
,1,AGUASCALIENTES,9,AGUASCALIENTES,1,AGUASCALIENTES,252,2,152,113,31,17,11,8,18,6,2,0,2,2,0,0,2,0,0,0,3,4,3,371,9,383,1033
,1,AGUASCALIENTES,9,AGUASCALIENTES,1,AGUASCALIENTES,253,2,195,134,10,4,2,5,14,7,1,0,0,0,0,0,1,0,0,0,0,3,0,376,8,384,915
,1,AGUASCALIENTES,9,AGUASCALIENTES,1,AGUASCALIENTES,254,2,140,141,17,4,7,5,8,8,1,0,0,0,0,1,0,0,0,0,0,6,2,338,5,345,880
,1,AGUASCALIENTES,9,AGUASCALIENTES,1,AGUASCALIENTES,255,2,130,139,28,3,22,6,5,9,0,0,0,1,0,0,3,0,0,0,0,14,2,360,12,374,806
,1,AGUASCALIENTES,9,AGUASCALIENTES,1,AGUASCALIENTES,256,2,207,155,14,2,5,9,18,6,1,1,2,3,0,1,2,0,0,0,1,9,3,436,9,448,1017
,1,AGUASCALIENTES,9,AGUASCALIENTES,1,AGUASCALIENTES,257,5,633,498,95,6,14,28,56,37,2,0,2,1,0,0,0,1,0,0,0,54,1,1427,47,1475,3403
,1,AGUASCALIENTES,9,AGUASCALIENTES,1,AGUASCALIENTES,258,2,238,211,25,5,7,4,18,5,1,1,0,0,0,0,0,0,0,0,0,24,3,539,12,554,1248
,1,AGUASCALIENTES,9,AGUASCALIENTES,1,AGUASCALIENTES,261,2,183,140,26,6,2,4,19,18,1,0,0,0,0,0,0,0,1,0,0,13,0,413,9,422,991
,1,AGUASCALIENTES,9,AGUASCALIENTES,1,AGUASCALIENTES,262,1,126,103,14,5,2,3,11,4,1,0,0,0,0,1,0,0,0,0,0,9,0,279,8,287,610
,1,AGUASCALIENTES,9,AGUASCALIENTES,1,AGUASCALIENTES,263,2,184,111,14,1,1,1,11,10,0,0,0,0,0,0,0,0,0,0,0,12,1,345,9,355,790
,1,AGUASCALIENTES,9,AGUASCALIENTES,1,AGUASCALIENTES,264,2,204,106,36,4,4,1,22,14,0,0,0,1,0,1,1,0,0,0,0,22,2,416,17,435,947
,1,AGUASCALIENTES,9,AGUASCALIENTES,1,AGUASCALIENTES,265,2,152,133,26,4,5,5,15,9,0,0,1,0,0,1,0,0,0,0,0,9,1,360,6,367,826
,1,AGUASCALIENTES,9,AGUASCALIENTES,1,AGUASCALIENTES,266,1,147,135,17,0,7,1,14,0,1,1,1,0,0,1,0,0,0,0,0,22,0,347,10,357,708
,1,AGUASCALIENTES,9,AGUASCALIENTES,1,AGUASCALIENTES,267,2,212,211,36,3,12,8,30,14,0,0,0,0,0,1,0,0,0,0,0,19,4,546,31,581,1284
,1,AGUASCALIENTES,9,AGUASCALIENTES,1,AGUASCALIENTES,268,1,123,137,20,0,6,0,15,6,1,0,0,1,0,0,0,0,0,0,0,0,7,309,6,322,658
,1,AGUASCALIENTES,9,AGUASCALIENTES,1,AGUASCALIENTES,269,2,168,178,23,3,3,6,9,6,0,0,0,0,0,0,1,0,0,0,0,11,0,408,16,424,833
,1,AGUASCALIENTES,9,AGUASCALIENTES,1,AGUASCALIENTES,270,9,1443,895,183,13,24,44,119,95,7,2,1,0,0,0,5,0,0,0,0,126,15,2957,74,3046,6728
,1,AGUASCALIENTES,9,AGUASCALIENTES,1,AGUASCALIENTES,310,2,315,175,34,0,4,12,16,3,6,0,0,0,0,0,0,0,0,0,0,20,1,585,17,603,1119
,1,AGUASCALIENTES,9,AGUASCALIENTES,1,AGUASCALIENTES,311,2,251,213,28,2,3,16,18,7,2,0,2,2,0,0,1,0,0,0,0,9,7,554,15,576,1068
,1,AGUASCALIENTES,9,AGUASCALIENTES,1,AGUASCALIENTES,312,2,271,254,46,0,5,12,21,18,2,0,1,2,0,0,1,4,0,0,0,23,0,660,20,680,1203
,1,AGUASCALIENTES,9,AGUASCALIENTES,1,AGUASCALIENTES,313,2,197,211,79,5,11,13,19,13,0,1,1,0,0,0,2,1,0,0,0,14,1,567,16,584,1282
,1,AGUASCALIENTES,9,AGUASCALIENTES,1,AGUASCALIENTES,314,2,223,199,23,10,12,15,12,9,1,0,0,1,0,0,2,1,0,0,0,9,0,517,13,530,1155
,1,AGUASCALIENTES,9,AGUASCALIENTES,1,AGUASCALIENTES,326,6,1069,549,109,10,20,32,128,49,2,0,1,2,0,1,0,0,0,0,0,87,12,2059,53,2124,3941
,1,AGUASCALIENTES,9,AGUASCALIENTES,1,AGUASCALIENTES,329,2,151,262,1,6,11,3,5,3,0,0,0,0,0,1,0,1,0,0,0,6,0,450,17,467,962
,1,AGUASCALIENTES,9,AGUASCALIENTES,1,AGUASCALIENTES,330,4,652,392,33,14,9,14,14,7,2,0,3,0,0,2,3,1,0,0,0,45,0,1191,43,1234,2427
,1,AGUASCALIENTES,9,AGUASCALIENTES,1,AGUASCALIENTES,331,4,438,474,61,12,16,7,35,15,1,1,2,2,0,2,3,1,1,0,0,39,0,1110,43,1153,2746
,1,AGUASCALIENTES,9,AGUASCALIENTES,1,AGUASCALIENTES,333,3,362,366,27,7,8,21,31,7,2,1,2,1,1,2,2,1,0,0,0,15,0,856,34,890,2043
,1,AGUASCALIENTES,9,AGUASCALIENTES,1,AGUASCALIENTES,334,3,345,392,15,11,13,8,28,6,5,4,0,3,0,0,3,0,0,0,1,12,0,846,19,865,1768
,1,AGUASCALIENTES,9,AGUASCALIENTES,1,AGUASCALIENTES,335,1,163,111,9,1,3,6,10,4,1,0,0,2,0,1,2,1,0,0,0,2,0,316,12,328,695
,1,AGUASCALIENTES,9,AGUASCALIENTES,1,AGUASCALIENTES,336,2,162,258,41,7,7,8,15,3,3,0,2,2,0,0,0,0,0,0,0,8,0,516,17,533,1155
,1,AGUASCALIENTES,9,AGUASCALIENTES,1,AGUASCALIENTES,337,2,246,257,20,3,19,16,15,3,3,0,1,2,0,1,2,3,0,0,0,9,0,600,18,618,1177
,1,AGUASCALIENTES,10,AGUASCALIENTES,1,AGUASCALIENTES,19,2,287,195,14,5,3,17,25,6,2,0,3,0,0,1,0,2,0,0,0,18,1,578,14,593,1036
,1,AGUASCALIENTES,10,AGUASCALIENTES,1,AGUASCALIENTES,20,2,350,185,27,1,6,12,19,6,3,0,0,0,0,0,0,0,0,0,0,23,0,632,10,642,1124
,1,AGUASCALIENTES,10,AGUASCALIENTES,1,AGUASCALIENTES,21,2,334,162,24,3,7,16,19,2,2,0,1,0,0,1,0,1,0,0,0,16,0,588,17,605,1252
,1,AGUASCALIENTES,10,AGUASCALIENTES,1,AGUASCALIENTES,22,1,177,132,12,0,0,0,4,2,0,0,0,0,0,0,0,0,0,0,0,7,0,334,7,341,744
,1,AGUASCALIENTES,10,AGUASCALIENTES,1,AGUASCALIENTES,23,2,321,122,12,3,9,10,24,6,0,0,1,1,0,0,0,2,0,0,0,17,3,528,14,545,996
,1,AGUASCALIENTES,10,AGUASCALIENTES,1,AGUASCALIENTES,24,1,144,112,15,4,2,4,8,5,0,0,0,0,0,0,0,0,0,0,0,7,0,301,8,309,612
,1,AGUASCALIENTES,10,AGUASCALIENTES,1,AGUASCALIENTES,25,2,282,94,17,3,5,5,15,3,1,0,0,0,0,0,0,3,0,0,0,7,0,435,12,447,886
,1,AGUASCALIENTES,10,AGUASCALIENTES,1,AGUASCALIENTES,26,2,383,160,18,4,7,8,22,5,3,0,0,1,0,0,0,1,0,0,1,8,0,621,7,628,1146
,1,AGUASCALIENTES,10,AGUASCALIENTES,1,AGUASCALIENTES,27,1,174,85,8,2,0,4,13,4,0,0,0,1,0,0,1,1,0,0,0,10,1,303,9,313,530
,1,AGUASCALIENTES,10,AGUASCALIENTES,1,AGUASCALIENTES,271,2,182,143,20,3,12,11,9,4,3,1,1,2,0,0,3,0,0,0,0,6,1,400,12,413,867
,1,AGUASCALIENTES,10,AGUASCALIENTES,1,AGUASCALIENTES,272,2,188,111,19,1,7,16,12,3,0,0,0,1,0,2,0,0,0,0,1,12,0,373,11,384,773
,1,AGUASCALIENTES,10,AGUASCALIENTES,1,AGUASCALIENTES,273,2,166,148,10,4,3,4,20,10,0,0,0,0,0,0,0,0,0,0,0,0,0,365,10,375,760
,1,AGUASCALIENTES,10,AGUASCALIENTES,1,AGUASCALIENTES,279,1,252,121,6,0,5,2,11,5,0,0,0,0,0,0,0,0,0,0,0,17,1,419,9,429,627
,1,AGUASCALIENTES,10,AGUASCALIENTES,1,AGUASCALIENTES,280,1,220,109,8,2,1,0,12,4,0,0,0,0,0,0,0,1,0,0,0,13,0,370,9,379,604
,1,AGUASCALIENTES,10,AGUASCALIENTES,1,AGUASCALIENTES,281,1,221,154,29,3,3,8,10,4,1,0,0,0,0,0,0,0,0,0,0,8,0,441,14,455,679
,1,AGUASCALIENTES,10,AGUASCALIENTES,1,AGUASCALIENTES,282,2,219,145,15,1,6,10,16,13,0,0,1,1,0,0,0,1,0,0,0,16,0,444,12,456,861
,1,AGUASCALIENTES,10,AGUASCALIENTES,1,AGUASCALIENTES,283,1,280,124,13,1,1,1,8,6,0,0,0,0,0,0,1,1,0,0,0,11,0,447,4,451,645
,1,AGUASCALIENTES,10,AGUASCALIENTES,1,AGUASCALIENTES,284,2,273,218,25,3,6,14,19,10,2,0,0,0,0,0,0,1,0,0,0,9,0,580,14,594,1107
,1,AGUASCALIENTES,10,AGUASCALIENTES,1,AGUASCALIENTES,293,2,196,171,26,1,8,7,12,7,3,0,1,4,1,0,0,1,0,0,0,7,1,445,14,460,881
,1,AGUASCALIENTES,10,AGUASCALIENTES,1,AGUASCALIENTES,30,1,134,96,9,2,1,12,6,6,2,0,0,1,0,0,0,1,0,0,0,12,0,282,15,297,619
,1,AGUASCALIENTES,10,AGUASCALIENTES,1,AGUASCALIENTES,300,2,205,160,25,3,6,19,17,7,0,0,0,2,0,0,0,1,0,0,0,19,2,464,10,476,979
,1,AGUASCALIENTES,10,AGUASCALIENTES,1,AGUASCALIENTES,301,6,1100,591,134,9,7,40,104,37,2,0,2,0,0,1,0,2,0,0,0,97,3,2126,48,2177,3859
,1,AGUASCALIENTES,10,AGUASCALIENTES,1,AGUASCALIENTES,302,3,363,171,38,9,8,19,44,18,1,0,2,1,0,0,0,3,0,0,0,23,2,700,20,722,1653
,1,AGUASCALIENTES,10,AGUASCALIENTES,1,AGUASCALIENTES,303,2,359,181,33,5,12,22,23,7,1,0,0,0,0,0,0,2,0,0,0,39,3,684,29,716,1409
,1,AGUASCALIENTES,10,AGUASCALIENTES,1,AGUASCALIENTES,304,2,269,169,41,6,3,20,13,2,1,1,2,1,0,0,3,1,0,0,0,7,1,539,18,558,1183
,1,AGUASCALIENTES,10,AGUASCALIENTES,1,AGUASCALIENTES,305,2,259,169,28,20,20,23,18,11,2,0,0,0,0,0,1,2,0,0,0,16,1,569,18,588,1126
,1,AGUASCALIENTES,10,AGUASCALIENTES,1,AGUASCALIENTES,306,2,278,178,19,3,3,6,20,10,0,0,0,0,0,0,1,1,0,0,0,24,8,543,6,557,1101
,1,AGUASCALIENTES,10,AGUASCALIENTES,1,AGUASCALIENTES,307,2,288,210,33,0,3,11,27,4,2,0,0,0,0,0,0,2,0,0,0,29,1,609,18,628,1218
,1,AGUASCALIENTES,10,AGUASCALIENTES,1,AGUASCALIENTES,308,2,249,126,27,1,4,17,27,7,0,0,2,2,0,0,0,0,0,0,0,31,0,493,13,506,940
,1,AGUASCALIENTES,10,AGUASCALIENTES,1,AGUASCALIENTES,309,2,300,173,27,3,6,12,31,8,1,0,1,1,0,0,0,0,0,0,1,23,0,587,9,596,1091
,1,AGUASCALIENTES,10,AGUASCALIENTES,1,AGUASCALIENTES,31,2,249,130,17,6,6,37,15,8,1,0,1,1,0,0,0,3,0,0,0,13,0,487,11,498,940
,1,AGUASCALIENTES,10,AGUASCALIENTES,1,AGUASCALIENTES,32,2,248,194,19,3,6,5,15,9,7,7,8,1,0,0,0,0,0,0,0,7,0,529,11,540,1161
,1,AGUASCALIENTES,10,AGUASCALIENTES,1,AGUASCALIENTES,321,2,345,290,21,2,7,24,5,5,0,0,0,1,0,0,1,3,0,0,0,11,0,715,18,733,1288
,1,AGUASCALIENTES,10,AGUASCALIENTES,1,AGUASCALIENTES,322,9,1585,757,135,12,90,112,88,52,7,1,1,4,0,0,0,5,0,1,1,100,4,2951,83,3038,6051
,1,AGUASCALIENTES,10,AGUASCALIENTES,1,AGUASCALIENTES,327,6,1202,721,82,22,17,36,42,13,2,3,3,4,0,1,1,4,0,0,0,57,2,2210,42,2254,3977
,1,AGUASCALIENTES,10,AGUASCALIENTES,1,AGUASCALIENTES,328,2,339,247,20,2,4,17,14,10,2,1,2,2,0,0,0,3,0,0,0,24,1,687,18,706,1375
,1,AGUASCALIENTES,10,AGUASCALIENTES,1,AGUASCALIENTES,33,2,213,122,13,1,4,15,10,4,2,0,1,0,0,1,0,2,0,0,0,7,3,395,12,410,822
,1,AGUASCALIENTES,10,AGUASCALIENTES,1,AGUASCALIENTES,34,2,235,72,10,0,3,7,12,2,0,0,1,3,0,0,0,1,0,0,0,9,4,355,7,366,812
,1,AGUASCALIENTES,10,AGUASCALIENTES,1,AGUASCALIENTES,35,3,614,295,51,8,11,28,25,9,1,0,1,1,0,0,0,2,0,0,0,49,1,1095,16,1112,2062
,1,AGUASCALIENTES,10,AGUASCALIENTES,1,AGUASCALIENTES,36,2,280,170,17,1,1,18,15,6,1,0,1,1,0,0,0,2,0,0,1,18,0,532,14,546,885
,1,AGUASCALIENTES,10,AGUASCALIENTES,1,AGUASCALIENTES,37,2,386,171,26,2,3,6,26,7,0,0,0,1,0,1,0,0,0,0,0,22,5,651,15,671,1159
,1,AGUASCALIENTES,10,AGUASCALIENTES,1,AGUASCALIENTES,38,2,427,215,39,3,8,14,16,4,3,1,0,1,0,0,0,0,0,0,0,24,1,755,20,776,1351
,1,AGUASCALIENTES,10,AGUASCALIENTES,1,AGUASCALIENTES,39,2,214,128,13,4,6,17,15,9,0,0,2,0,0,0,2,1,0,0,0,6,10,417,14,441,835
,1,AGUASCALIENTES,11,AGUASCALIENTES,1,AGUASCALIENTES,104,1,110,109,16,2,2,14,10,2,0,0,0,0,0,0,0,0,0,0,0,0,5,265,10,280,521
,1,AGUASCALIENTES,11,AGUASCALIENTES,1,AGUASCALIENTES,105,1,136,128,19,3,1,22,13,2,0,0,2,3,0,0,1,1,0,0,0,7,0,338,12,350,595
,1,AGUASCALIENTES,11,AGUASCALIENTES,1,AGUASCALIENTES,106,2,297,157,30,1,4,29,24,7,1,1,0,2,0,0,0,0,0,0,0,13,0,566,19,585,1176
,1,AGUASCALIENTES,11,AGUASCALIENTES,1,AGUASCALIENTES,107,2,275,157,27,2,11,15,14,3,2,0,0,1,0,0,3,2,0,0,0,12,0,524,10,534,1096
,1,AGUASCALIENTES,11,AGUASCALIENTES,1,AGUASCALIENTES,108,2,209,145,19,5,12,34,19,4,2,0,2,2,0,0,0,2,0,0,0,9,0,464,17,481,962
,1,AGUASCALIENTES,11,AGUASCALIENTES,1,AGUASCALIENTES,109,2,266,209,22,6,6,25,29,4,0,0,1,5,0,1,1,1,0,0,0,14,1,590,10,601,1151
,1,AGUASCALIENTES,11,AGUASCALIENTES,1,AGUASCALIENTES,110,1,100,88,9,3,5,8,12,4,0,0,0,0,0,0,1,1,0,0,0,5,0,236,6,242,462
,1,AGUASCALIENTES,11,AGUASCALIENTES,1,AGUASCALIENTES,111,2,213,185,28,7,3,17,27,7,3,0,1,1,0,0,0,3,0,0,0,3,1,498,13,512,1002
,1,AGUASCALIENTES,11,AGUASCALIENTES,1,AGUASCALIENTES,112,2,314,174,31,0,5,3,28,15,5,0,0,0,0,0,0,0,0,0,0,26,0,601,11,612,1176
,1,AGUASCALIENTES,11,AGUASCALIENTES,1,AGUASCALIENTES,120,2,174,128,17,6,3,4,14,14,2,0,3,1,0,0,0,3,0,0,0,11,0,380,14,394,755
,1,AGUASCALIENTES,11,AGUASCALIENTES,1,AGUASCALIENTES,121,1,172,116,17,0,2,2,12,4,0,0,0,0,0,0,0,0,0,0,0,10,1,335,5,341,595
,1,AGUASCALIENTES,11,AGUASCALIENTES,1,AGUASCALIENTES,123,1,147,85,23,1,10,9,25,2,0,0,0,0,0,0,0,0,0,0,0,12,0,314,11,325,650
,1,AGUASCALIENTES,11,AGUASCALIENTES,1,AGUASCALIENTES,124,1,163,73,9,1,2,2,5,6,0,0,0,0,0,0,0,0,0,0,0,11,3,272,4,279,493
,1,AGUASCALIENTES,11,AGUASCALIENTES,1,AGUASCALIENTES,141,2,235,179,28,2,2,22,21,6,3,0,0,1,0,1,0,0,0,0,1,3,0,504,4,508,982
,1,AGUASCALIENTES,11,AGUASCALIENTES,1,AGUASCALIENTES,142,2,240,169,21,1,2,19,14,7,1,0,0,1,0,0,0,1,0,0,0,13,0,489,12,501,803
,1,AGUASCALIENTES,11,AGUASCALIENTES,1,AGUASCALIENTES,180,1,112,125,13,3,1,4,6,8,0,0,0,0,0,0,0,0,0,0,0,6,0,278,8,286,503
,1,AGUASCALIENTES,11,AGUASCALIENTES,1,AGUASCALIENTES,181,1,170,124,15,0,3,9,15,5,1,0,2,1,0,1,1,1,0,0,0,5,1,353,7,361,628
,1,AGUASCALIENTES,11,AGUASCALIENTES,1,AGUASCALIENTES,182,1,172,108,11,1,9,3,11,3,0,0,0,0,0,0,0,0,0,0,0,6,0,324,9,333,581
,1,AGUASCALIENTES,11,AGUASCALIENTES,1,AGUASCALIENTES,183,1,92,78,11,4,3,3,16,8,1,0,0,0,0,1,0,0,0,0,0,3,0,220,4,224,406
,1,AGUASCALIENTES,11,AGUASCALIENTES,1,AGUASCALIENTES,184,2,225,160,11,1,11,3,13,6,2,0,1,0,0,0,1,1,0,0,0,5,1,440,6,447,829
,1,AGUASCALIENTES,11,AGUASCALIENTES,1,AGUASCALIENTES,185,1,61,85,8,0,1,5,12,0,1,0,1,0,0,0,1,1,0,0,0,0,6,176,10,192,362
,1,AGUASCALIENTES,11,AGUASCALIENTES,1,AGUASCALIENTES,186,1,80,59,6,6,4,8,14,2,2,1,0,0,0,0,0,1,0,0,0,3,0,186,5,191,393
,1,AGUASCALIENTES,11,AGUASCALIENTES,1,AGUASCALIENTES,187,1,163,87,12,5,5,9,11,4,1,0,0,1,0,0,2,0,0,0,0,7,0,307,9,316,653
,1,AGUASCALIENTES,11,AGUASCALIENTES,1,AGUASCALIENTES,188,2,287,235,30,4,6,12,18,9,3,0,0,1,0,0,1,2,0,0,0,22,2,630,15,647,1142
,1,AGUASCALIENTES,11,AGUASCALIENTES,1,AGUASCALIENTES,189,2,310,215,47,5,6,10,17,7,2,0,1,1,0,0,0,2,2,0,0,15,3,640,6,649,1085
,1,AGUASCALIENTES,11,AGUASCALIENTES,1,AGUASCALIENTES,190,3,428,245,57,2,7,17,40,8,2,1,0,1,0,1,1,0,0,0,0,31,2,841,20,863,1522
,1,AGUASCALIENTES,11,AGUASCALIENTES,1,AGUASCALIENTES,191,1,106,111,17,2,4,8,11,4,0,0,0,0,0,0,1,1,0,0,1,9,0,275,10,285,569
,1,AGUASCALIENTES,11,AGUASCALIENTES,1,AGUASCALIENTES,192,2,216,172,9,5,11,55,12,3,0,0,1,1,0,0,0,4,0,0,0,11,2,500,12,514,969
,1,AGUASCALIENTES,11,AGUASCALIENTES,1,AGUASCALIENTES,193,2,177,202,23,3,2,13,19,2,1,0,1,0,0,0,1,1,0,0,0,8,0,453,9,462,874
,1,AGUASCALIENTES,11,AGUASCALIENTES,1,AGUASCALIENTES,194,3,436,312,45,2,17,34,32,9,3,0,1,2,0,1,2,2,0,0,1,21,4,920,22,946,1796
,1,AGUASCALIENTES,11,AGUASCALIENTES,1,AGUASCALIENTES,195,2,327,162,28,1,6,4,13,2,1,0,0,0,0,0,0,1,0,0,0,13,2,558,11,571,1009
,1,AGUASCALIENTES,11,AGUASCALIENTES,1,AGUASCALIENTES,196,1,226,94,17,2,6,7,19,3,0,0,0,1,0,0,0,0,0,0,0,10,0,385,11,396,689
,1,AGUASCALIENTES,11,AGUASCALIENTES,1,AGUASCALIENTES,197,2,300,125,28,0,4,2,14,7,1,0,0,0,0,0,0,0,0,0,0,4,1,485,5,491,800
,1,AGUASCALIENTES,11,AGUASCALIENTES,1,AGUASCALIENTES,200,2,319,157,23,3,9,2,20,4,0,0,0,0,0,0,3,0,0,0,0,20,1,560,13,574,989
,1,AGUASCALIENTES,11,AGUASCALIENTES,1,AGUASCALIENTES,201,2,285,196,27,0,3,2,13,2,1,0,1,1,0,0,1,0,0,0,0,12,0,544,7,551,885
,1,AGUASCALIENTES,11,AGUASCALIENTES,1,AGUASCALIENTES,202,2,169,80,16,4,9,16,13,6,1,0,0,0,0,0,1,1,0,0,0,8,0,324,14,338,786
,1,AGUASCALIENTES,11,AGUASCALIENTES,1,AGUASCALIENTES,203,1,135,137,21,3,5,6,21,4,0,0,0,0,0,0,0,0,0,0,0,6,0,338,11,349,698
,1,AGUASCALIENTES,11,AGUASCALIENTES,1,AGUASCALIENTES,204,2,230,231,12,3,6,67,13,9,3,0,2,1,0,0,3,3,0,0,0,12,1,595,9,605,1058
,1,AGUASCALIENTES,11,AGUASCALIENTES,1,AGUASCALIENTES,205,2,193,218,22,4,13,19,16,7,3,6,0,0,0,1,0,0,0,0,0,11,0,513,13,526,946
,1,AGUASCALIENTES,11,AGUASCALIENTES,1,AGUASCALIENTES,206,1,80,94,17,0,6,19,10,7,2,0,0,0,0,0,0,0,0,0,0,9,0,244,11,255,502
,1,AGUASCALIENTES,11,AGUASCALIENTES,1,AGUASCALIENTES,207,2,242,183,16,16,7,23,14,5,0,1,0,0,0,0,0,0,0,0,0,10,1,517,15,533,1060
,1,AGUASCALIENTES,11,AGUASCALIENTES,1,AGUASCALIENTES,208,2,442,263,29,5,9,3,28,7,3,0,0,1,0,0,0,0,0,0,0,39,2,829,19,850,1336
,1,AGUASCALIENTES,11,AGUASCALIENTES,1,AGUASCALIENTES,209,2,404,226,15,2,6,6,21,7,4,0,0,0,0,0,0,0,1,0,0,33,0,725,9,734,1078
,1,AGUASCALIENTES,11,AGUASCALIENTES,1,AGUASCALIENTES,210,2,411,240,19,0,8,4,30,5,1,0,1,0,0,0,1,0,0,0,0,46,0,766,10,776,1235
,1,AGUASCALIENTES,11,AGUASCALIENTES,1,AGUASCALIENTES,211,1,149,103,13,1,6,4,10,5,0,4,0,0,0,0,0,0,0,0,0,1,2,296,8,306,595
,1,AGUASCALIENTES,11,AGUASCALIENTES,1,AGUASCALIENTES,212,1,152,103,16,4,2,8,18,8,0,0,0,0,0,1,1,0,0,0,0,0,17,313,19,349,683
,1,AGUASCALIENTES,11,AGUASCALIENTES,1,AGUASCALIENTES,213,1,169,98,20,1,9,6,5,9,0,0,0,0,0,0,0,0,0,0,0,23,0,340,11,351,699
,1,AGUASCALIENTES,11,AGUASCALIENTES,1,AGUASCALIENTES,28,1,77,79,7,2,2,2,7,3,2,0,1,0,0,0,0,1,0,0,1,7,2,191,8,201,397
,1,AGUASCALIENTES,11,AGUASCALIENTES,1,AGUASCALIENTES,29,2,165,155,18,7,7,8,8,3,0,0,1,3,0,0,3,1,0,0,1,12,0,392,16,408,871
,1,AGUASCALIENTES,11,AGUASCALIENTES,1,AGUASCALIENTES,57,2,259,148,15,7,4,4,14,4,2,1,0,0,0,0,0,0,0,0,0,10,0,468,7,475,856
,1,AGUASCALIENTES,11,AGUASCALIENTES,1,AGUASCALIENTES,58,1,169,107,8,0,4,14,15,6,1,0,0,0,0,0,1,2,0,0,0,6,0,333,9,342,640
,1,AGUASCALIENTES,11,AGUASCALIENTES,1,AGUASCALIENTES,59,1,219,86,19,0,2,2,12,1,1,0,0,1,0,0,0,1,0,0,0,11,0,355,8,363,680
,1,AGUASCALIENTES,11,AGUASCALIENTES,1,AGUASCALIENTES,60,2,233,141,27,3,7,25,29,7,0,0,2,1,0,0,0,4,0,0,0,11,0,490,21,511,1027
,1,AGUASCALIENTES,11,AGUASCALIENTES,1,AGUASCALIENTES,61,2,202,111,18,2,2,13,22,5,0,1,0,0,0,1,0,3,0,0,0,11,0,391,11,402,770
,1,AGUASCALIENTES,11,AGUASCALIENTES,1,AGUASCALIENTES,62,1,155,105,20,0,4,2,9,2,0,0,0,1,0,0,1,0,0,0,1,13,0,313,9,322,631
,1,AGUASCALIENTES,11,AGUASCALIENTES,1,AGUASCALIENTES,63,1,159,79,8,2,5,22,9,2,1,0,0,0,0,0,0,0,0,0,0,12,0,299,11,310,633
,1,AGUASCALIENTES,11,AGUASCALIENTES,1,AGUASCALIENTES,64,2,257,134,13,2,9,3,2,6,2,1,0,0,0,0,1,0,0,0,0,7,0,437,17,454,799
,1,AGUASCALIENTES,11,AGUASCALIENTES,1,AGUASCALIENTES,65,1,188,86,14,1,3,5,18,3,0,0,0,0,0,0,0,0,0,0,0,15,0,333,10,343,581
,1,AGUASCALIENTES,11,AGUASCALIENTES,1,AGUASCALIENTES,66,2,222,134,28,1,5,12,21,12,2,0,0,1,0,0,0,0,0,0,0,5,0,443,9,452,795
,1,AGUASCALIENTES,11,AGUASCALIENTES,1,AGUASCALIENTES,67,1,210,81,9,1,1,4,11,7,0,0,0,0,0,0,2,0,0,0,0,5,0,331,1,332,525
,1,AGUASCALIENTES,11,AGUASCALIENTES,1,AGUASCALIENTES,68,1,195,111,16,2,5,10,19,5,0,0,0,0,0,0,0,1,0,0,0,20,0,384,17,401,668
,1,AGUASCALIENTES,11,AGUASCALIENTES,1,AGUASCALIENTES,69,2,222,122,27,3,14,22,19,2,0,0,0,1,0,0,0,0,0,1,6,0,0,439,13,452,827
,1,AGUASCALIENTES,11,AGUASCALIENTES,1,AGUASCALIENTES,70,1,159,113,8,6,6,18,26,2,4,0,0,0,0,0,0,0,0,0,0,9,0,351,14,365,608
,1,AGUASCALIENTES,11,AGUASCALIENTES,1,AGUASCALIENTES,71,2,307,179,20,1,5,11,25,4,4,0,1,1,0,0,0,2,0,0,0,22,1,582,10,593,1028
,1,AGUASCALIENTES,11,AGUASCALIENTES,1,AGUASCALIENTES,72,1,158,83,8,3,2,4,3,12,3,0,0,0,0,0,0,0,0,0,0,16,0,292,9,301,528
,1,AGUASCALIENTES,11,AGUASCALIENTES,1,AGUASCALIENTES,73,2,232,130,17,1,4,5,13,3,2,0,1,1,0,0,0,0,0,0,0,20,1,429,6,436,778
,1,AGUASCALIENTES,11,AGUASCALIENTES,1,AGUASCALIENTES,74,1,190,66,11,0,1,5,16,0,0,0,0,0,0,0,0,0,0,0,1,14,1,304,4,309,565
,1,AGUASCALIENTES,11,AGUASCALIENTES,1,AGUASCALIENTES,75,1,185,94,15,1,6,4,12,0,0,0,0,0,0,0,0,0,0,0,0,8,1,325,6,332,623
,1,AGUASCALIENTES,11,AGUASCALIENTES,1,AGUASCALIENTES,76,1,148,95,22,2,1,1,10,2,0,0,0,0,0,0,0,0,0,0,0,16,0,297,5,302,489
,1,AGUASCALIENTES,11,AGUASCALIENTES,1,AGUASCALIENTES,77,1,141,124,23,1,23,17,15,0,3,0,0,0,0,0,0,0,0,0,0,9,0,356,0,356,583
,1,AGUASCALIENTES,11,AGUASCALIENTES,1,AGUASCALIENTES,78,2,217,127,18,2,7,14,17,4,0,0,2,1,0,0,0,2,0,0,0,10,0,421,11,432,795
,1,AGUASCALIENTES,11,AGUASCALIENTES,1,AGUASCALIENTES,79,2,207,139,20,2,4,3,17,3,3,0,0,0,0,0,2,0,0,0,0,18,0,418,14,432,815
,1,AGUASCALIENTES,12,AGUASCALIENTES,1,AGUASCALIENTES,316,4,462,622,31,8,19,45,48,15,3,1,0,6,0,1,3,5,0,0,0,30,0,1299,31,1330,2439
,1,AGUASCALIENTES,12,AGUASCALIENTES,1,AGUASCALIENTES,317,4,616,559,22,18,23,49,16,24,5,2,0,1,1,0,1,2,0,0,0,22,0,1361,33,1394,2447
,1,AGUASCALIENTES,12,AGUASCALIENTES,1,AGUASCALIENTES,318,21,1687,2114,419,58,85,56,164,103,7,2,6,4,1,3,5,1,0,0,1,153,3,4869,128,5000,14486
,1,AGUASCALIENTES,12,AGUASCALIENTES,1,AGUASCALIENTES,493,2,160,265,26,5,4,10,13,7,1,0,0,3,0,0,0,2,0,0,1,2,1,499,15,515,1143
,1,AGUASCALIENTES,12,AGUASCALIENTES,1,AGUASCALIENTES,494,1,119,124,13,3,2,2,14,7,0,0,0,0,0,1,0,0,0,0,0,12,0,297,10,307,734
,1,AGUASCALIENTES,12,AGUASCALIENTES,1,AGUASCALIENTES,495,2,151,144,15,1,6,4,17,11,1,0,1,0,0,1,0,0,0,0,0,7,0,359,10,369,951
,1,AGUASCALIENTES,12,AGUASCALIENTES,1,AGUASCALIENTES,496,3,206,252,37,6,7,8,44,9,1,0,0,1,0,0,1,0,0,0,0,19,0,591,22,613,1567
,1,AGUASCALIENTES,12,AGUASCALIENTES,1,AGUASCALIENTES,497,1,107,119,16,0,4,7,7,8,1,0,0,0,0,0,0,0,0,0,0,13,0,282,7,289,608
,1,AGUASCALIENTES,12,AGUASCALIENTES,1,AGUASCALIENTES,574,2,101,232,9,17,1,31,9,5,1,0,0,0,0,0,0,0,0,0,0,3,0,409,10,419,938
,1,AGUASCALIENTES,12,AGUASCALIENTES,1,AGUASCALIENTES,575,2,171,240,19,20,11,9,3,6,1,1,0,0,0,0,0,0,0,0,4,3,0,488,11,499,1162
,1,AGUASCALIENTES,12,AGUASCALIENTES,1,AGUASCALIENTES,597,2,107,195,35,4,5,5,21,6,0,1,0,0,0,0,1,0,0,0,0,23,4,403,8,415,1132
,1,AGUASCALIENTES,12,AGUASCALIENTES,1,AGUASCALIENTES,602,2,166,223,38,9,7,6,16,11,3,0,1,1,0,0,1,1,1,0,0,14,0,498,4,502,1491
,1,AGUASCALIENTES,12,AGUASCALIENTES,1,AGUASCALIENTES,604,2,114,117,25,0,4,0,6,4,0,0,2,0,0,0,2,0,0,0,0,21,0,295,3,298,919
,1,AGUASCALIENTES,12,AGUASCALIENTES,1,AGUASCALIENTES,83,12,1151,1247,173,30,31,38,82,69,2,2,2,5,0,1,4,1,0,0,1,57,3,2896,65,2964,8968
,1,AGUASCALIENTES,12,AGUASCALIENTES,1,AGUASCALIENTES,84,3,275,453,64,13,20,6,27,13,1,0,0,1,0,0,3,1,0,0,0,18,2,895,28,925,2213
,1,AGUASCALIENTES,12,AGUASCALIENTES,1,AGUASCALIENTES,85,5,548,561,72,12,26,20,39,25,2,2,0,1,0,4,7,0,0,0,0,39,4,1358,35,1397,3679
,1,AGUASCALIENTES,13,AGUASCALIENTES,1,AGUASCALIENTES,100,2,187,207,13,4,6,5,10,9,0,0,0,0,0,0,0,1,0,0,0,17,0,459,13,472,1112
,1,AGUASCALIENTES,13,AGUASCALIENTES,1,AGUASCALIENTES,101,3,288,254,45,4,11,12,35,11,2,0,0,0,0,0,0,0,0,0,0,26,2,688,23,713,1537
,1,AGUASCALIENTES,13,AGUASCALIENTES,1,AGUASCALIENTES,102,2,179,191,18,5,16,10,14,10,2,0,0,1,0,0,1,0,0,0,0,21,0,468,13,481,969
,1,AGUASCALIENTES,13,AGUASCALIENTES,1,AGUASCALIENTES,103,2,168,158,22,1,5,6,14,3,8,0,0,0,0,0,1,1,0,0,0,9,0,396,14,410,779
,1,AGUASCALIENTES,13,AGUASCALIENTES,1,AGUASCALIENTES,113,2,306,157,33,3,10,18,40,17,0,0,1,0,0,0,0,0,1,0,0,28,1,614,9,624,1036
,1,AGUASCALIENTES,13,AGUASCALIENTES,1,AGUASCALIENTES,114,2,227,168,24,0,7,8,18,14,0,1,0,2,0,0,0,1,0,0,0,17,2,487,14,503,895
,1,AGUASCALIENTES,13,AGUASCALIENTES,1,AGUASCALIENTES,115,2,253,231,31,3,12,6,18,6,4,0,1,1,0,3,2,0,0,0,0,24,0,595,10,605,1176
,1,AGUASCALIENTES,13,AGUASCALIENTES,1,AGUASCALIENTES,116,12,1530,1402,214,19,37,99,181,72,4,2,5,5,0,3,7,2,0,0,0,141,7,3723,100,3830,8788
,1,AGUASCALIENTES,13,AGUASCALIENTES,1,AGUASCALIENTES,117,3,274,330,36,6,6,17,23,15,2,0,1,1,0,0,1,0,0,0,0,30,1,742,23,766,1615
,1,AGUASCALIENTES,13,AGUASCALIENTES,1,AGUASCALIENTES,118,9,1148,1101,170,10,34,38,155,63,4,1,0,1,0,0,2,1,0,0,0,95,5,2823,76,2904,6224
,1,AGUASCALIENTES,13,AGUASCALIENTES,1,AGUASCALIENTES,119,6,1135,639,127,11,20,41,116,27,3,1,0,0,0,0,1,0,4,1,1,102,6,2229,52,2287,3959
,1,AGUASCALIENTES,13,AGUASCALIENTES,1,AGUASCALIENTES,122,2,296,176,18,3,3,11,26,3,0,1,0,1,0,1,1,0,0,0,0,10,2,550,7,559,1057
,1,AGUASCALIENTES,13,AGUASCALIENTES,1,AGUASCALIENTES,489,2,125,164,6,1,9,7,6,4,0,0,1,0,0,0,2,0,0,0,0,8,0,333,6,339,793
,1,AGUASCALIENTES,13,AGUASCALIENTES,1,AGUASCALIENTES,490,1,124,163,12,3,5,4,15,2,0,0,1,0,0,0,2,0,0,0,0,9,1,340,6,347,720
,1,AGUASCALIENTES,13,AGUASCALIENTES,1,AGUASCALIENTES,491,2,117,135,13,3,8,9,12,5,0,1,0,1,0,0,3,0,0,0,1,6,0,314,12,326,774
,1,AGUASCALIENTES,13,AGUASCALIENTES,1,AGUASCALIENTES,492,2,120,160,20,9,5,7,12,8,1,0,2,0,2,0,0,1,0,0,0,6,2,353,10,365,911
,1,AGUASCALIENTES,13,AGUASCALIENTES,1,AGUASCALIENTES,498,2,146,157,16,7,9,6,17,4,1,0,0,0,0,0,0,0,0,0,0,10,1,373,8,382,892
,1,AGUASCALIENTES,13,AGUASCALIENTES,1,AGUASCALIENTES,499,2,139,146,8,7,7,7,17,7,0,0,0,0,0,0,0,0,0,0,0,5,1,343,12,356,906
,1,AGUASCALIENTES,13,AGUASCALIENTES,1,AGUASCALIENTES,500,2,148,176,26,1,5,8,12,13,1,0,1,2,0,1,1,0,0,0,0,8,1,403,18,422,830
,1,AGUASCALIENTES,13,AGUASCALIENTES,1,AGUASCALIENTES,501,2,204,124,48,8,10,2,16,6,0,0,0,0,0,0,4,0,0,0,0,6,0,428,10,438,992
,1,AGUASCALIENTES,13,AGUASCALIENTES,1,AGUASCALIENTES,502,2,157,143,27,10,12,1,10,11,0,0,0,0,0,0,0,0,0,0,0,7,0,378,15,393,828
,1,AGUASCALIENTES,13,AGUASCALIENTES,1,AGUASCALIENTES,503,1,125,101,11,0,6,3,8,7,0,0,7,1,0,0,1,0,0,0,0,10,1,280,6,287,633
,1,AGUASCALIENTES,13,AGUASCALIENTES,1,AGUASCALIENTES,504,2,162,138,43,1,7,0,11,8,0,0,1,1,0,0,0,0,0,0,1,17,0,390,4,394,920
,1,AGUASCALIENTES,13,AGUASCALIENTES,1,AGUASCALIENTES,505,2,129,164,30,6,4,4,15,7,0,0,0,0,0,0,0,1,0,0,0,16,0,376,14,390,793
,1,AGUASCALIENTES,13,AGUASCALIENTES,1,AGUASCALIENTES,506,2,137,164,28,2,8,4,15,6,0,2,0,0,0,0,0,0,0,0,0,13,0,379,11,390,801
,1,AGUASCALIENTES,13,AGUASCALIENTES,1,AGUASCALIENTES,507,2,171,155,21,4,5,3,10,3,3,0,0,0,0,0,0,0,0,0,0,16,1,391,13,405,808
,1,AGUASCALIENTES,13,AGUASCALIENTES,1,AGUASCALIENTES,511,2,143,126,28,4,9,7,13,5,0,0,2,0,0,1,0,0,0,0,0,15,0,353,11,364,769
,1,AGUASCALIENTES,13,AGUASCALIENTES,1,AGUASCALIENTES,93,2,211,144,18,1,10,1,21,6,4,0,0,0,0,1,1,0,0,0,0,8,0,426,15,441,788
,1,AGUASCALIENTES,13,AGUASCALIENTES,1,AGUASCALIENTES,94,1,140,111,12,2,5,7,8,5,0,0,0,0,0,1,1,0,0,0,0,4,0,296,9,305,627
,1,AGUASCALIENTES,13,AGUASCALIENTES,1,AGUASCALIENTES,95,2,217,174,17,2,6,7,11,8,1,0,1,2,0,0,2,0,0,0,0,17,3,465,19,487,964
,1,AGUASCALIENTES,13,AGUASCALIENTES,1,AGUASCALIENTES,96,3,503,319,52,4,9,19,50,21,0,1,1,1,0,0,0,0,0,0,0,30,5,1010,27,1042,2202
,1,AGUASCALIENTES,13,AGUASCALIENTES,1,AGUASCALIENTES,97,2,196,193,23,6,9,1,10,8,1,1,4,0,0,0,1,0,0,0,0,8,1,461,14,476,934
,1,AGUASCALIENTES,13,AGUASCALIENTES,1,AGUASCALIENTES,99,3,306,300,35,5,11,12,28,18,0,0,0,1,0,0,2,0,0,0,0,20,0,738,21,759,1812
,1,AGUASCALIENTES,14,AGUASCALIENTES,1,AGUASCALIENTES,125,2,265,208,17,6,7,4,26,7,1,1,0,1,0,1,0,2,0,0,0,22,1,568,21,590,1038
,1,AGUASCALIENTES,14,AGUASCALIENTES,1,AGUASCALIENTES,138,2,299,242,36,1,8,13,30,9,0,0,0,0,0,0,0,1,0,0,0,27,4,666,22,692,1329
,1,AGUASCALIENTES,14,AGUASCALIENTES,1,AGUASCALIENTES,139,2,172,165,18,4,7,7,17,3,2,0,1,0,0,0,1,0,0,0,0,12,0,409,15,424,884
,1,AGUASCALIENTES,14,AGUASCALIENTES,1,AGUASCALIENTES,140,2,231,214,25,3,5,6,17,16,3,1,0,0,0,0,0,0,0,0,0,16,0,537,6,543,869
,1,AGUASCALIENTES,14,AGUASCALIENTES,1,AGUASCALIENTES,143,2,188,171,23,5,6,7,19,7,1,0,0,0,0,1,0,2,0,0,1,12,0,443,15,458,854
,1,AGUASCALIENTES,14,AGUASCALIENTES,1,AGUASCALIENTES,144,2,189,196,26,3,9,4,15,0,2,0,0,2,0,0,1,0,0,0,0,18,0,465,13,478,884
,1,AGUASCALIENTES,14,AGUASCALIENTES,1,AGUASCALIENTES,145,1,187,154,15,3,3,7,31,5,0,0,0,0,0,2,0,0,0,0,0,20,0,427,9,436,698
,1,AGUASCALIENTES,14,AGUASCALIENTES,1,AGUASCALIENTES,146,2,240,201,21,7,14,10,20,11,1,0,0,1,0,1,1,0,0,0,0,23,1,551,10,562,1124
,1,AGUASCALIENTES,14,AGUASCALIENTES,1,AGUASCALIENTES,147,2,169,231,25,8,8,8,16,6,1,2,1,0,0,1,0,2,0,0,0,16,0,494,18,512,1060
,1,AGUASCALIENTES,14,AGUASCALIENTES,1,AGUASCALIENTES,148,2,304,207,31,12,8,9,17,8,3,1,0,0,0,0,3,0,0,0,0,20,0,623,22,645,1420
,1,AGUASCALIENTES,14,AGUASCALIENTES,1,AGUASCALIENTES,149,5,936,660,116,12,17,55,125,24,4,0,0,1,0,1,0,0,0,0,0,81,5,2032,55,2092,3710
,1,AGUASCALIENTES,14,AGUASCALIENTES,1,AGUASCALIENTES,156,17,2603,2083,315,35,53,75,245,94,9,0,1,2,0,5,5,3,0,1,1,184,10,5714,129,5853,12060
,1,AGUASCALIENTES,14,AGUASCALIENTES,1,AGUASCALIENTES,157,2,134,174,56,1,5,4,10,4,0,0,0,0,0,1,0,0,0,0,0,5,0,394,16,410,951
,1,AGUASCALIENTES,14,AGUASCALIENTES,1,AGUASCALIENTES,158,1,61,66,9,5,1,1,10,6,1,0,0,0,0,0,0,1,0,0,0,9,0,170,0,170,355
,1,AGUASCALIENTES,14,AGUASCALIENTES,1,AGUASCALIENTES,159,1,179,163,16,1,5,10,17,6,2,2,0,0,0,0,0,0,0,0,0,16,1,417,11,429,656
,1,AGUASCALIENTES,14,AGUASCALIENTES,1,AGUASCALIENTES,160,2,227,191,18,3,5,11,28,5,1,0,0,0,0,0,2,0,0,0,0,27,0,518,13,531,954
,1,AGUASCALIENTES,14,AGUASCALIENTES,1,AGUASCALIENTES,164,9,1657,979,208,19,27,65,175,59,9,1,3,0,0,1,4,1,0,1,0,152,13,3361,77,3451,6363
,1,AGUASCALIENTES,14,AGUASCALIENTES,1,AGUASCALIENTES,165,2,321,191,30,4,9,10,37,15,0,0,0,0,0,0,0,0,0,0,0,33,0,650,18,668,1399
,1,AGUASCALIENTES,14,AGUASCALIENTES,1,AGUASCALIENTES,167,1,187,94,14,6,2,4,32,8,1,0,0,0,0,0,1,0,0,0,0,22,1,371,9,381,735
,1,AGUASCALIENTES,14,AGUASCALIENTES,1,AGUASCALIENTES,168,4,603,470,82,18,6,26,93,45,1,0,1,1,0,0,1,1,0,0,0,60,2,1408,50,1460,2753
,1,AGUASCALIENTES,14,AGUASCALIENTES,1,AGUASCALIENTES,169,3,405,330,58,12,17,11,47,15,3,0,1,0,0,1,1,0,0,0,0,41,1,942,16,959,2060
,1,AGUASCALIENTES,14,AGUASCALIENTES,1,AGUASCALIENTES,170,4,483,404,72,9,19,19,47,19,7,0,1,0,0,0,0,0,0,0,1,48,1,1129,42,1172,2532
,1,AGUASCALIENTES,14,AGUASCALIENTES,1,AGUASCALIENTES,514,1,180,93,20,0,3,4,12,7,1,0,0,0,0,0,0,0,0,0,0,12,0,332,9,341,644
,1,AGUASCALIENTES,14,AGUASCALIENTES,1,AGUASCALIENTES,515,2,180,127,15,5,6,5,18,13,1,0,0,0,0,0,0,0,0,0,0,15,0,385,15,400,825
,1,AGUASCALIENTES,14,AGUASCALIENTES,1,AGUASCALIENTES,517,1,156,124,37,2,3,5,27,7,0,0,0,1,0,0,0,2,0,0,0,13,1,377,6,384,741
,1,AGUASCALIENTES,14,AGUASCALIENTES,1,AGUASCALIENTES,518,1,149,148,14,6,3,5,16,8,1,0,0,2,0,0,0,0,0,0,0,12,1,364,21,386,701
,1,AGUASCALIENTES,14,AGUASCALIENTES,1,AGUASCALIENTES,519,1,116,102,17,4,4,4,25,4,0,0,0,0,0,0,0,0,0,0,0,9,0,285,14,299,583
,1,AGUASCALIENTES,14,AGUASCALIENTES,1,AGUASCALIENTES,520,2,143,128,20,1,6,10,22,9,0,0,0,0,0,0,0,0,0,0,0,10,0,349,8,357,779
,1,AGUASCALIENTES,14,AGUASCALIENTES,1,AGUASCALIENTES,521,1,168,90,16,4,1,2,27,3,0,0,0,0,0,0,0,0,0,0,0,13,2,324,9,335,720
,1,AGUASCALIENTES,14,AGUASCALIENTES,1,AGUASCALIENTES,526,2,174,137,20,5,3,10,21,6,1,0,0,0,0,0,1,0,0,0,0,5,1,383,5,389,779
,1,AGUASCALIENTES,14,AGUASCALIENTES,1,AGUASCALIENTES,527,2,210,233,22,3,7,7,20,9,1,0,0,0,0,0,1,0,0,0,0,12,0,525,13,538,777
,1,AGUASCALIENTES,14,AGUASCALIENTES,1,AGUASCALIENTES,528,1,138,122,13,4,3,4,15,16,0,0,0,1,0,0,0,0,0,0,0,11,0,327,15,342,681
,1,AGUASCALIENTES,15,AGUASCALIENTES,1,AGUASCALIENTES,126,4,582,573,67,19,14,56,55,21,1,0,3,4,0,1,2,0,1,0,0,57,2,1456,28,1486,1893
,1,AGUASCALIENTES,15,AGUASCALIENTES,1,AGUASCALIENTES,127,2,254,262,43,1,9,10,53,9,0,0,1,1,0,0,0,1,0,0,0,17,1,661,21,683,1298
,1,AGUASCALIENTES,15,AGUASCALIENTES,1,AGUASCALIENTES,128,2,161,173,36,3,6,5,55,7,1,0,0,3,0,0,1,1,0,0,0,18,1,470,14,485,874
,1,AGUASCALIENTES,15,AGUASCALIENTES,1,AGUASCALIENTES,129,2,159,202,44,2,7,14,64,13,4,0,2,1,0,0,3,0,0,0,0,25,0,540,11,551,943
,1,AGUASCALIENTES,15,AGUASCALIENTES,1,AGUASCALIENTES,130,2,249,273,50,8,7,11,41,15,3,0,1,0,0,0,0,1,1,0,0,29,0,689,25,714,1415
,1,AGUASCALIENTES,15,AGUASCALIENTES,1,AGUASCALIENTES,131,2,217,182,31,7,4,11,40,18,1,0,0,1,1,0,0,0,0,0,0,15,1,528,22,551,1014
,1,AGUASCALIENTES,15,AGUASCALIENTES,1,AGUASCALIENTES,132,2,194,171,42,8,1,5,17,5,2,0,1,2,0,1,0,3,0,0,0,25,0,477,18,495,988
,1,AGUASCALIENTES,15,AGUASCALIENTES,1,AGUASCALIENTES,133,2,236,224,46,3,7,11,32,7,0,1,0,0,0,0,0,0,0,0,0,19,2,586,16,604,1147
,1,AGUASCALIENTES,15,AGUASCALIENTES,1,AGUASCALIENTES,134,2,146,171,27,3,2,15,30,9,4,0,0,0,0,0,0,1,0,0,0,21,2,429,9,440,825
,1,AGUASCALIENTES,15,AGUASCALIENTES,1,AGUASCALIENTES,135,2,269,231,48,7,5,23,21,14,1,0,0,1,0,0,1,0,0,0,0,14,1,635,22,658,1237
,1,AGUASCALIENTES,15,AGUASCALIENTES,1,AGUASCALIENTES,136,3,398,274,62,8,7,32,28,8,1,0,0,2,0,0,0,0,0,0,0,22,1,572,21,864,1762
,1,AGUASCALIENTES,15,AGUASCALIENTES,1,AGUASCALIENTES,137,1,62,79,9,1,2,4,11,8,0,0,0,0,0,0,1,0,0,0,0,3,0,180,8,188,439
,1,AGUASCALIENTES,15,AGUASCALIENTES,1,AGUASCALIENTES,150,2,150,162,20,5,6,18,53,16,4,0,1,1,0,0,0,0,0,0,0,16,0,452,24,476,852
,1,AGUASCALIENTES,15,AGUASCALIENTES,1,AGUASCALIENTES,151,1,133,118,16,0,1,11,16,7,0,1,0,0,0,1,0,0,0,0,0,17,0,321,12,333,686
,1,AGUASCALIENTES,15,AGUASCALIENTES,1,AGUASCALIENTES,152,4,358,327,52,6,11,18,52,21,5,0,3,1,0,1,0,1,0,0,0,19,7,875,30,912,2803
,1,AGUASCALIENTES,15,AGUASCALIENTES,1,AGUASCALIENTES,153,2,234,173,33,6,3,19,39,19,1,0,0,0,0,0,0,0,0,0,0,37,0,564,29,593,961
,1,AGUASCALIENTES,15,AGUASCALIENTES,1,AGUASCALIENTES,154,3,281,227,48,8,10,6,22,5,3,0,1,3,7,0,1,0,0,0,0,20,0,642,25,667,1592
,1,AGUASCALIENTES,15,AGUASCALIENTES,1,AGUASCALIENTES,155,14,1497,1658,248,28,37,71,145,118,25,3,8,7,1,3,1,4,1,0,1,97,20,3953,94,4067,10134
,1,AGUASCALIENTES,15,AGUASCALIENTES,1,AGUASCALIENTES,516,2,105,102,11,3,9,8,17,3,0,0,0,0,0,0,1,1,0,0,0,11,1,271,9,281,809
,1,AGUASCALIENTES,15,AGUASCALIENTES,1,AGUASCALIENTES,522,2,140,124,44,1,2,19,9,3,0,1,2,0,0,0,2,0,0,0,0,4,0,351,3,354,859
,1,AGUASCALIENTES,15,AGUASCALIENTES,1,AGUASCALIENTES,523,2,119,179,15,5,7,8,20,8,1,0,0,0,0,0,1,0,0,0,0,20,0,383,17,400,839
,1,AGUASCALIENTES,15,AGUASCALIENTES,1,AGUASCALIENTES,524,2,126,179,19,3,5,8,15,8,0,0,0,3,0,0,2,0,0,0,0,10,2,378,13,393,957
,1,AGUASCALIENTES,15,AGUASCALIENTES,1,AGUASCALIENTES,525,2,175,110,32,3,8,4,19,3,2,0,0,0,0,0,2,0,0,0,0,8,1,366,13,380,895
,1,AGUASCALIENTES,15,AGUASCALIENTES,1,AGUASCALIENTES,529,2,133,150,27,1,6,15,14,5,1,0,0,0,0,0,2,0,0,0,0,16,0,370,11,381,880
,1,AGUASCALIENTES,15,AGUASCALIENTES,1,AGUASCALIENTES,530,3,260,194,49,3,18,28,19,15,2,0,0,0,0,1,0,0,0,0,0,6,0,595,7,602,1654
,1,AGUASCALIENTES,15,AGUASCALIENTES,1,AGUASCALIENTES,531,2,140,144,30,3,9,7,18,13,0,0,0,0,0,0,0,0,0,0,0,27,2,391,17,410,878
,1,AGUASCALIENTES,15,AGUASCALIENTES,1,AGUASCALIENTES,532,2,135,136,26,10,12,12,19,10,0,1,0,0,0,0,0,1,0,0,0,10,0,372,13,385,889
,1,AGUASCALIENTES,15,AGUASCALIENTES,1,AGUASCALIENTES,533,2,128,117,27,1,10,8,9,11,1,2,0,0,0,1,0,1,0,0,0,7,8,323,5,336,832
,1,AGUASCALIENTES,15,AGUASCALIENTES,1,AGUASCALIENTES,558,1,156,129,18,0,1,10,21,14,0,2,0,0,0,0,0,0,0,0,0,17,0,368,8,376,737
,1,AGUASCALIENTES,15,AGUASCALIENTES,1,AGUASCALIENTES,559,1,162,107,25,1,2,7,26,9,0,0,0,0,0,0,0,0,0,0,0,17,1,356,5,362,674
,1,AGUASCALIENTES,15,AGUASCALIENTES,1,AGUASCALIENTES,561,1,70,72,14,1,0,3,6,4,0,0,0,0,0,0,0,0,0,0,0,5,2,175,2,179,352
,1,AGUASCALIENTES,15,AGUASCALIENTES,1,AGUASCALIENTES,562,2,116,136,34,5,9,12,7,4,2,0,0,0,0,0,1,1,0,0,0,5,4,332,8,344,852
,1,AGUASCALIENTES,15,AGUASCALIENTES,1,AGUASCALIENTES,563,2,145,166,39,2,4,8,14,6,2,1,0,1,0,0,1,2,0,0,0,8,0,399,10,409,890
,1,AGUASCALIENTES,15,AGUASCALIENTES,1,AGUASCALIENTES,564,2,137,137,22,1,6,13,7,6,1,0,1,5,0,0,0,0,0,0,0,9,3,345,13,361,842
,1,AGUASCALIENTES,15,AGUASCALIENTES,1,AGUASCALIENTES,565,1,79,101,54,2,4,7,17,6,2,1,0,0,0,0,0,2,0,0,0,8,0,283,18,301,705
,1,AGUASCALIENTES,15,AGUASCALIENTES,1,AGUASCALIENTES,566,1,109,124,15,2,5,5,10,4,0,0,0,0,0,0,0,0,0,0,0,0,0,274,20,294,750
,1,AGUASCALIENTES,15,AGUASCALIENTES,1,AGUASCALIENTES,567,2,102,156,21,11,5,11,21,9,1,0,1,3,1,0,1,1,0,0,1,14,0,359,13,372,854
,1,AGUASCALIENTES,15,AGUASCALIENTES,1,AGUASCALIENTES,568,1,84,135,12,6,3,19,8,14,0,0,1,2,0,0,0,0,0,0,0,13,1,297,15,313,653
,1,AGUASCALIENTES,15,AGUASCALIENTES,1,AGUASCALIENTES,569,1,114,137,18,12,8,17,14,10,3,0,0,2,0,0,1,0,0,0,0,8,1,344,6,351,749
,1,AGUASCALIENTES,15,AGUASCALIENTES,1,AGUASCALIENTES,570,1,87,66,14,8,6,11,11,2,1,1,1,0,0,1,0,1,0,0,0,9,1,219,7,227,598
,1,AGUASCALIENTES,15,AGUASCALIENTES,1,AGUASCALIENTES,571,1,68,113,14,6,5,0,20,0,0,0,0,0,0,0,0,0,0,0,0,7,0,233,7,240,595
,1,AGUASCALIENTES,16,AGUASCALIENTES,1,AGUASCALIENTES,508,2,122,129,21,5,13,7,16,11,0,0,2,0,0,1,0,1,0,0,0,11,1,339,7,347,788
,1,AGUASCALIENTES,16,AGUASCALIENTES,1,AGUASCALIENTES,509,3,305,235,36,16,10,15,18,24,1,0,2,0,0,0,2,0,0,0,1,9,0,674,24,698,1628
,1,AGUASCALIENTES,16,AGUASCALIENTES,1,AGUASCALIENTES,510,1,131,116,13,1,19,5,7,7,0,0,0,1,0,0,1,2,0,0,0,16,0,319,6,325,729
,1,AGUASCALIENTES,16,AGUASCALIENTES,1,AGUASCALIENTES,512,1,89,76,6,2,5,3,4,2,0,0,0,1,0,0,0,0,0,0,0,2,1,190,12,203,536
,1,AGUASCALIENTES,16,AGUASCALIENTES,1,AGUASCALIENTES,513,1,68,72,27,2,4,0,8,3,0,0,0,0,0,0,2,1,0,0,0,12,1,199,11,211,460
,1,AGUASCALIENTES,16,AGUASCALIENTES,1,AGUASCALIENTES,548,2,120,155,21,3,9,10,9,16,0,0,0,0,0,0,1,1,0,0,0,4,1,349,9,359,806
,1,AGUASCALIENTES,16,AGUASCALIENTES,1,AGUASCALIENTES,549,3,300,226,40,8,10,32,49,18,0,0,1,2,0,0,0,3,0,0,0,36,1,725,23,749,1645
,1,AGUASCALIENTES,16,AGUASCALIENTES,1,AGUASCALIENTES,550,1,125,134,29,1,2,13,20,9,0,0,0,0,0,0,0,1,0,0,0,14,1,348,8,357,663
,1,AGUASCALIENTES,16,AGUASCALIENTES,1,AGUASCALIENTES,551,1,147,138,17,6,6,8,7,6,0,0,0,0,0,1,0,0,0,0,0,11,2,347,4,353,695
,1,AGUASCALIENTES,16,AGUASCALIENTES,1,AGUASCALIENTES,552,1,111,103,17,2,5,8,17,14,1,0,0,1,0,0,0,1,0,0,0,18,0,298,11,309,612
,1,AGUASCALIENTES,16,AGUASCALIENTES,1,AGUASCALIENTES,553,2,170,119,21,2,8,8,9,3,0,1,0,0,0,0,0,0,0,0,0,15,1,356,6,363,770
,1,AGUASCALIENTES,16,AGUASCALIENTES,1,AGUASCALIENTES,554,2,125,191,14,5,5,6,22,12,0,0,0,0,0,0,0,3,0,0,0,16,1,399,6,406,778
,1,AGUASCALIENTES,16,AGUASCALIENTES,1,AGUASCALIENTES,555,4,466,550,72,14,17,32,82,15,0,0,1,0,0,0,0,0,0,0,0,62,5,1311,30,1346,2991
,1,AGUASCALIENTES,16,AGUASCALIENTES,1,AGUASCALIENTES,556,1,92,128,15,4,4,6,23,11,0,0,0,1,0,0,0,2,0,0,0,21,0,307,5,312,693
,1,AGUASCALIENTES,16,AGUASCALIENTES,1,AGUASCALIENTES,557,1,119,133,25,3,4,11,12,10,1,0,1,0,0,0,0,1,0,0,0,22,0,342,3,345,698
,1,AGUASCALIENTES,16,AGUASCALIENTES,1,AGUASCALIENTES,560,2,140,173,34,2,4,7,21,12,0,0,0,0,0,0,0,0,0,0,0,17,1,410,9,420,931
,1,AGUASCALIENTES,16,AGUASCALIENTES,1,AGUASCALIENTES,572,8,879,818,157,23,27,42,140,56,11,1,4,1,0,1,2,2,1,0,0,100,2,2265,49,2316,5398
,1,AGUASCALIENTES,16,AGUASCALIENTES,1,AGUASCALIENTES,573,2,173,212,11,20,7,9,16,10,1,0,0,1,0,1,1,0,0,0,0,2,2,464,14,480,980
,1,AGUASCALIENTES,16,AGUASCALIENTES,1,AGUASCALIENTES,576,2,156,227,7,5,5,4,12,7,0,0,1,3,0,1,1,2,0,0,0,3,0,434,9,443,848
,1,AGUASCALIENTES,16,AGUASCALIENTES,1,AGUASCALIENTES,577,2,163,208,20,4,11,10,8,3,1,0,2,0,0,0,3,0,0,1,0,4,0,438,22,460,919
,1,AGUASCALIENTES,16,AGUASCALIENTES,1,AGUASCALIENTES,578,1,132,146,19,4,1,7,16,12,0,0,0,0,0,0,0,0,0,0,0,7,1,344,9,354,747
,1,AGUASCALIENTES,16,AGUASCALIENTES,1,AGUASCALIENTES,579,1,84,123,25,0,5,5,10,5,0,0,0,0,0,0,0,0,0,0,0,4,1,261,0,262,661
,1,AGUASCALIENTES,16,AGUASCALIENTES,1,AGUASCALIENTES,580,2,122,135,19,3,10,30,16,7,0,0,1,1,0,0,0,0,0,0,0,10,0,354,9,363,791
,1,AGUASCALIENTES,16,AGUASCALIENTES,1,AGUASCALIENTES,581,2,149,119,13,10,6,19,8,9,0,0,0,0,0,0,0,2,0,0,0,6,1,341,8,350,766
,1,AGUASCALIENTES,16,AGUASCALIENTES,1,AGUASCALIENTES,582,2,113,152,8,5,3,20,17,11,0,0,0,1,0,0,0,1,0,0,0,3,4,334,6,344,843
,1,AGUASCALIENTES,16,AGUASCALIENTES,1,AGUASCALIENTES,583,2,143,124,26,6,14,11,6,9,0,0,0,0,0,0,2,0,0,0,0,6,0,347,5,352,835
,1,AGUASCALIENTES,16,AGUASCALIENTES,1,AGUASCALIENTES,584,2,135,121,21,5,6,11,18,10,0,0,0,0,0,0,0,1,0,0,0,13,0,341,6,347,769
,1,AGUASCALIENTES,16,AGUASCALIENTES,1,AGUASCALIENTES,585,2,118,118,27,4,5,17,8,13,0,0,0,3,0,0,2,0,0,0,0,8,2,323,9,334,778
,1,AGUASCALIENTES,16,AGUASCALIENTES,1,AGUASCALIENTES,586,2,180,99,21,2,4,11,7,14,0,0,0,1,0,0,1,1,0,0,0,8,0,349,12,361,816
,1,AGUASCALIENTES,16,AGUASCALIENTES,1,AGUASCALIENTES,587,2,200,144,11,1,6,6,20,15,0,0,2,1,0,0,0,0,0,0,0,9,0,415,12,427,942
,1,AGUASCALIENTES,16,AGUASCALIENTES,1,AGUASCALIENTES,588,2,184,121,32,5,2,7,13,8,0,0,0,1,0,0,0,1,0,0,0,14,0,388,17,405,968
,1,AGUASCALIENTES,16,AGUASCALIENTES,1,AGUASCALIENTES,589,9,899,821,138,29,29,65,79,35,4,0,3,4,0,3,3,3,0,0,0,34,7,2149,72,2228,6745
,1,AGUASCALIENTES,16,AGUASCALIENTES,1,AGUASCALIENTES,590,1,154,103,19,1,4,5,19,9,0,0,0,0,0,0,0,2,0,0,0,21,1,337,4,342,713
,1,AGUASCALIENTES,16,AGUASCALIENTES,1,AGUASCALIENTES,591,1,83,116,5,3,4,1,13,5,0,0,0,0,0,0,1,1,0,0,0,8,0,240,2,242,546
,1,AGUASCALIENTES,16,AGUASCALIENTES,1,AGUASCALIENTES,592,1,100,122,22,3,1,10,6,9,0,0,0,1,0,0,0,0,0,0,1,7,1,282,7,290,569
,1,AGUASCALIENTES,16,AGUASCALIENTES,1,AGUASCALIENTES,593,1,67,112,7,1,0,2,4,5,0,0,0,0,0,1,1,2,0,0,0,11,0,213,7,220,460
,1,AGUASCALIENTES,17,AGUASCALIENTES,1,AGUASCALIENTES,171,1,170,97,16,0,2,6,8,6,0,0,1,0,0,0,0,0,0,0,0,11,1,317,10,328,637
,1,AGUASCALIENTES,17,AGUASCALIENTES,1,AGUASCALIENTES,172,1,172,146,20,0,1,7,9,3,0,0,0,1,0,0,0,0,0,0,0,12,0,371,8,379,707
,1,AGUASCALIENTES,17,AGUASCALIENTES,1,AGUASCALIENTES,173,1,134,83,8,0,0,2,10,2,0,0,0,1,0,0,0,0,0,0,0,13,1,253,5,259,503
,1,AGUASCALIENTES,17,AGUASCALIENTES,1,AGUASCALIENTES,174,2,286,170,17,0,6,5,12,4,0,0,0,0,0,0,1,0,0,0,0,18,0,519,12,531,1001
,1,AGUASCALIENTES,17,AGUASCALIENTES,1,AGUASCALIENTES,175,2,309,141,14,3,4,4,5,3,0,0,2,0,0,0,1,0,0,0,0,16,5,502,5,512,831
,1,AGUASCALIENTES,17,AGUASCALIENTES,1,AGUASCALIENTES,176,1,166,67,9,1,0,2,8,2,0,0,0,0,0,0,0,0,0,0,0,6,0,261,6,267,442
,1,AGUASCALIENTES,17,AGUASCALIENTES,1,AGUASCALIENTES,177,1,212,89,21,1,4,3,13,1,0,0,0,0,0,0,0,0,0,0,0,0,0,344,8,352,730
,1,AGUASCALIENTES,17,AGUASCALIENTES,1,AGUASCALIENTES,178,1,165,132,21,0,2,5,24,3,1,0,0,0,0,0,0,1,0,0,0,11,2,365,15,382,696
,1,AGUASCALIENTES,17,AGUASCALIENTES,1,AGUASCALIENTES,179,2,222,126,19,3,5,2,20,7,1,1,0,0,0,1,0,0,0,0,0,17,4,424,11,439,873
,1,AGUASCALIENTES,17,AGUASCALIENTES,1,AGUASCALIENTES,198,1,128,122,18,0,1,0,8,2,4,0,0,0,0,0,0,0,0,0,15,0,0,298,6,304,617
,1,AGUASCALIENTES,17,AGUASCALIENTES,1,AGUASCALIENTES,199,1,141,124,22,1,2,0,11,3,0,0,0,0,0,2,0,3,0,0,0,7,5,316,7,328,603
,1,AGUASCALIENTES,17,AGUASCALIENTES,1,AGUASCALIENTES,214,2,366,186,31,0,6,4,3,6,5,0,0,0,0,0,0,0,0,0,0,25,4,632,10,646,983
,1,AGUASCALIENTES,17,AGUASCALIENTES,1,AGUASCALIENTES,215,2,453,185,26,1,3,9,20,9,1,0,0,0,0,0,0,1,0,0,0,29,1,737,9,747,1147
,1,AGUASCALIENTES,17,AGUASCALIENTES,1,AGUASCALIENTES,216,2,291,138,25,0,0,2,22,5,0,0,0,0,0,0,0,0,0,0,0,24,1,507,6,514,858
,1,AGUASCALIENTES,17,AGUASCALIENTES,1,AGUASCALIENTES,217,2,291,189,16,6,3,7,12,4,1,0,0,0,0,0,2,0,0,0,0,9,2,540,12,554,954
,1,AGUASCALIENTES,17,AGUASCALIENTES,1,AGUASCALIENTES,218,5,863,453,63,13,19,7,70,18,2,0,0,2,0,1,2,1,0,0,0,52,2,1566,39,1607,1536
,1,AGUASCALIENTES,17,AGUASCALIENTES,1,AGUASCALIENTES,219,1,245,127,29,1,5,6,7,5,0,0,0,0,0,0,0,0,0,0,0,15,1,440,6,447,749
,1,AGUASCALIENTES,17,AGUASCALIENTES,1,AGUASCALIENTES,220,2,426,185,36,0,4,16,9,9,1,0,0,0,0,0,0,0,0,0,0,22,2,708,17,727,1219
,1,AGUASCALIENTES,17,AGUASCALIENTES,1,AGUASCALIENTES,221,2,336,170,32,2,5,10,33,5,0,0,2,1,0,0,0,0,0,0,0,24,1,620,13,634,975
,1,AGUASCALIENTES,17,AGUASCALIENTES,1,AGUASCALIENTES,222,2,466,200,42,4,6,1,20,12,1,0,0,0,0,0,0,1,0,0,0,34,1,787,19,807,1379
,1,AGUASCALIENTES,17,AGUASCALIENTES,1,AGUASCALIENTES,223,1,202,116,12,4,3,6,6,7,0,0,0,0,0,0,0,0,0,0,0,8,0,364,8,372,717
,1,AGUASCALIENTES,17,AGUASCALIENTES,1,AGUASCALIENTES,224,2,336,195,30,4,2,6,28,9,1,0,0,0,0,0,0,0,0,0,0,28,0,639,13,652,1097
,1,AGUASCALIENTES,17,AGUASCALIENTES,1,AGUASCALIENTES,225,2,335,182,29,2,3,4,26,12,1,0,0,1,0,0,0,0,0,0,0,20,1,615,13,629,1003
,1,AGUASCALIENTES,17,AGUASCALIENTES,1,AGUASCALIENTES,226,2,308,143,32,2,8,3,11,9,0,0,0,0,0,0,1,0,0,0,0,16,1,533,13,547,918
,1,AGUASCALIENTES,17,AGUASCALIENTES,1,AGUASCALIENTES,227,1,126,129,15,3,2,6,10,1,0,0,0,1,0,0,0,0,0,0,0,7,0,300,9,309,748
,1,AGUASCALIENTES,17,AGUASCALIENTES,1,AGUASCALIENTES,228,2,155,123,29,5,5,3,19,6,0,0,1,0,0,0,0,0,0,0,0,22,1,368,7,376,788
,1,AGUASCALIENTES,17,AGUASCALIENTES,1,AGUASCALIENTES,229,2,204,135,27,3,1,7,32,5,2,0,0,0,0,0,2,1,0,0,0,20,1,439,11,451,768
,1,AGUASCALIENTES,17,AGUASCALIENTES,1,AGUASCALIENTES,230,2,426,209,35,6,5,11,30,7,0,0,0,0,0,0,0,0,0,0,0,26,2,755,13,770,1275
,1,AGUASCALIENTES,17,AGUASCALIENTES,1,AGUASCALIENTES,231,2,404,208,44,0,7,8,23,15,1,0,0,1,1,2,1,0,0,0,0,25,2,740,14,756,1385
,1,AGUASCALIENTES,17,AGUASCALIENTES,1,AGUASCALIENTES,232,2,184,99,17,5,6,11,23,10,0,0,1,1,0,0,1,1,0,0,0,11,0,370,11,381,763
,1,AGUASCALIENTES,17,AGUASCALIENTES,1,AGUASCALIENTES,233,2,183,118,26,5,8,4,16,9,1,0,1,0,0,1,0,1,0,0,1,13,0,387,13,400,925
,1,AGUASCALIENTES,17,AGUASCALIENTES,1,AGUASCALIENTES,234,2,158,78,13,3,5,6,9,4,4,0,0,3,0,0,0,0,0,0,0,8,1,291,9,301,792
,1,AGUASCALIENTES,17,AGUASCALIENTES,1,AGUASCALIENTES,235,1,138,88,13,1,0,2,9,3,0,0,0,0,0,0,0,0,0,0,0,5,0,259,5,264,650
,1,AGUASCALIENTES,17,AGUASCALIENTES,1,AGUASCALIENTES,236,2,230,165,44,6,3,7,29,15,2,0,0,0,0,4,1,0,0,0,0,12,0,518,19,537,1198
,1,AGUASCALIENTES,17,AGUASCALIENTES,1,AGUASCALIENTES,237,2,145,122,18,3,4,3,12,6,0,0,0,0,0,0,1,0,0,0,0,8,1,322,15,338,813
,1,AGUASCALIENTES,17,AGUASCALIENTES,1,AGUASCALIENTES,238,2,161,123,20,2,3,4,19,12,0,0,0,0,0,0,0,0,0,0,0,11,0,355,14,369,802
,1,AGUASCALIENTES,17,AGUASCALIENTES,1,AGUASCALIENTES,239,2,120,112,19,5,6,4,23,9,0,0,0,0,0,0,0,1,0,0,0,3,0,302,13,315,828
,1,AGUASCALIENTES,17,AGUASCALIENTES,1,AGUASCALIENTES,240,1,99,133,18,2,3,3,14,5,1,0,0,1,0,0,2,1,0,0,0,9,0,291,11,302,696
,1,AGUASCALIENTES,17,AGUASCALIENTES,1,AGUASCALIENTES,241,1,126,135,13,8,1,2,8,3,1,0,1,0,0,1,0,0,0,0,0,17,0,316,11,327,624
,1,AGUASCALIENTES,17,AGUASCALIENTES,1,AGUASCALIENTES,242,1,117,109,6,2,2,4,18,6,0,0,0,1,0,0,0,0,0,0,1,14,0,280,5,285,604
,1,AGUASCALIENTES,17,AGUASCALIENTES,1,AGUASCALIENTES,243,2,258,169,24,10,10,7,20,18,1,1,1,0,0,2,0,0,0,0,0,19,1,540,8,549,1252
,1,AGUASCALIENTES,17,AGUASCALIENTES,1,AGUASCALIENTES,244,2,178,175,21,6,8,8,21,10,1,0,0,0,1,0,0,0,0,0,0,12,1,441,10,452,1126
,1,AGUASCALIENTES,17,AGUASCALIENTES,1,AGUASCALIENTES,245,2,181,122,30,2,8,3,15,7,0,0,1,1,0,0,0,0,0,0,0,6,0,376,15,391,884
,1,AGUASCALIENTES,17,AGUASCALIENTES,1,AGUASCALIENTES,274,2,232,131,14,0,2,6,11,1,0,0,1,0,0,0,1,0,0,0,0,13,1,412,11,424,766
,1,AGUASCALIENTES,17,AGUASCALIENTES,1,AGUASCALIENTES,275,2,262,158,27,1,5,11,15,5,2,0,0,3,0,0,0,0,0,0,0,13,1,502,13,516,906
,1,AGUASCALIENTES,17,AGUASCALIENTES,1,AGUASCALIENTES,276,2,318,140,11,1,5,8,26,2,2,0,1,0,0,1,0,0,0,0,0,11,0,526,13,539,929
,1,AGUASCALIENTES,17,AGUASCALIENTES,1,AGUASCALIENTES,277,2,241,179,13,1,1,0,4,6,2,1,1,0,0,0,2,0,0,0,0,14,0,465,16,481,790
,1,AGUASCALIENTES,17,AGUASCALIENTES,1,AGUASCALIENTES,278,1,278,140,14,2,2,4,4,7,1,0,0,0,0,0,0,0,0,0,0,15,0,467,5,472,747
,1,AGUASCALIENTES,17,AGUASCALIENTES,1,AGUASCALIENTES,285,1,214,91,21,1,4,5,13,2,1,0,0,0,0,0,0,0,0,0,0,11,0,363,3,366,628
,1,AGUASCALIENTES,17,AGUASCALIENTES,1,AGUASCALIENTES,286,2,175,145,25,3,2,9,11,7,0,0,1,0,0,0,0,0,0,0,0,18,0,396,11,407,584
,1,AGUASCALIENTES,17,AGUASCALIENTES,1,AGUASCALIENTES,287,1,135,110,8,2,0,2,9,4,0,0,0,0,0,0,0,0,0,0,0,11,0,281,4,285,581
,1,AGUASCALIENTES,17,AGUASCALIENTES,1,AGUASCALIENTES,288,2,243,115,31,2,3,3,6,2,0,0,0,0,0,0,2,0,0,0,0,11,0,418,10,428,784
,1,AGUASCALIENTES,17,AGUASCALIENTES,1,AGUASCALIENTES,289,1,188,107,37,3,6,2,11,6,0,0,0,1,0,0,1,0,0,0,0,9,0,371,10,381,719
,1,AGUASCALIENTES,17,AGUASCALIENTES,1,AGUASCALIENTES,290,1,165,109,23,4,1,4,10,3,2,0,1,1,0,0,1,0,0,0,0,10,2,334,5,341,663
,1,AGUASCALIENTES,17,AGUASCALIENTES,1,AGUASCALIENTES,291,2,343,156,30,1,7,8,21,9,0,0,0,0,1,0,2,0,0,0,0,17,3,595,18,616,1185
,1,AGUASCALIENTES,17,AGUASCALIENTES,1,AGUASCALIENTES,292,2,224,155,24,1,6,4,9,10,0,0,0,1,0,0,2,1,1,0,0,19,1,457,15,473,1018
,1,AGUASCALIENTES,17,AGUASCALIENTES,1,AGUASCALIENTES,294,2,290,84,23,2,4,3,13,5,0,0,0,0,0,0,2,0,0,0,0,16,2,442,18,462,949
,1,AGUASCALIENTES,17,AGUASCALIENTES,1,AGUASCALIENTES,295,2,307,167,31,2,5,4,10,6,1,0,0,1,0,0,0,2,0,0,0,13,1,549,20,570,1125
,1,AGUASCALIENTES,17,AGUASCALIENTES,1,AGUASCALIENTES,296,2,246,154,21,1,8,10,20,8,1,0,1,0,0,1,0,0,1,0,0,15,1,487,24,512,1014
,1,AGUASCALIENTES,17,AGUASCALIENTES,1,AGUASCALIENTES,297,2,220,121,21,1,2,4,19,6,1,0,0,0,0,0,0,0,0,0,0,20,0,415,11,426,815
,1,AGUASCALIENTES,17,AGUASCALIENTES,1,AGUASCALIENTES,298,2,327,155,33,5,3,5,13,7,0,0,0,0,0,1,0,1,0,0,0,20,0,570,11,581,1163
,1,AGUASCALIENTES,17,AGUASCALIENTES,1,AGUASCALIENTES,299,2,292,153,34,2,7,5,23,14,1,0,1,0,0,0,0,0,0,0,0,12,0,544,18,562,1147
,1,AGUASCALIENTES,17,AGUASCALIENTES,1,AGUASCALIENTES,40,2,410,182,35,1,8,12,15,7,2,0,0,0,0,0,0,0,0,0,0,18,1,690,3,694,1283
,1,AGUASCALIENTES,18,AGUASCALIENTES,1,AGUASCALIENTES,161,8,1379,937,120,14,23,34,136,41,4,0,1,1,0,1,2,0,0,0,0,111,2,2804,58,2864,5255
,1,AGUASCALIENTES,18,AGUASCALIENTES,1,AGUASCALIENTES,162,2,201,112,11,8,11,5,28,6,1,1,0,0,0,0,2,0,0,0,0,13,0,399,16,415,921
,1,AGUASCALIENTES,18,AGUASCALIENTES,1,AGUASCALIENTES,163,1,140,94,11,17,8,5,12,4,0,1,1,0,0,0,1,0,0,0,0,11,0,305,8,313,693
,1,AGUASCALIENTES,18,AGUASCALIENTES,1,AGUASCALIENTES,259,1,98,61,7,6,3,6,3,9,2,0,0,0,0,0,0,0,1,0,0,11,1,207,4,212,454
,1,AGUASCALIENTES,18,AGUASCALIENTES,1,AGUASCALIENTES,260,3,438,283,43,8,8,10,42,14,0,0,0,2,0,1,2,2,0,0,0,39,2,892,22,916,1915
,1,AGUASCALIENTES,18,AGUASCALIENTES,1,AGUASCALIENTES,315,5,832,911,31,11,21,12,33,17,8,1,5,1,0,7,3,5,0,0,0,52,0,1950,59,2009,3518
,1,AGUASCALIENTES,18,AGUASCALIENTES,1,AGUASCALIENTES,323,8,740,775,66,27,43,24,58,26,4,2,2,1,0,5,2,7,0,0,0,86,2,1868,49,1919,4395
,1,AGUASCALIENTES,18,AGUASCALIENTES,1,AGUASCALIENTES,324,3,578,270,25,14,15,7,11,3,0,0,0,0,0,1,0,0,0,1,0,12,0,937,35,972,1893
,1,AGUASCALIENTES,18,AGUASCALIENTES,1,AGUASCALIENTES,325,20,2601,2142,337,81,68,120,303,108,16,4,7,8,2,9,7,8,1,1,2,280,18,6105,140,6263,14386
,1,AGUASCALIENTES,18,AGUASCALIENTES,1,AGUASCALIENTES,332,4,454,383,35,11,16,10,46,10,0,2,1,0,1,3,4,0,0,0,1,20,0,997,35,1032,2311
,1,AGUASCALIENTES,18,AGUASCALIENTES,1,AGUASCALIENTES,534,2,165,153,21,28,11,3,16,6,0,0,0,2,0,1,0,1,0,0,0,19,1,426,12,439,908
,1,AGUASCALIENTES,18,AGUASCALIENTES,1,AGUASCALIENTES,535,2,189,118,35,3,6,6,10,9,0,0,1,0,0,2,0,0,0,0,0,8,1,387,11,399,941
,1,AGUASCALIENTES,18,AGUASCALIENTES,1,AGUASCALIENTES,536,2,185,163,54,6,7,4,18,11,0,0,0,0,0,0,2,1,0,0,0,19,0,470,14,484,1097
,1,AGUASCALIENTES,18,AGUASCALIENTES,1,AGUASCALIENTES,537,2,114,146,23,8,7,9,11,4,0,1,0,1,0,2,0,1,0,0,0,14,0,341,14,355,888
,1,AGUASCALIENTES,18,AGUASCALIENTES,1,AGUASCALIENTES,538,1,115,136,17,0,5,3,23,6,3,0,0,0,0,0,0,0,0,0,0,18,0,326,15,341,674
,1,AGUASCALIENTES,18,AGUASCALIENTES,1,AGUASCALIENTES,539,1,109,104,10,4,14,6,19,11,2,0,0,1,0,0,0,0,0,0,0,7,1,287,2,290,714
,1,AGUASCALIENTES,18,AGUASCALIENTES,1,AGUASCALIENTES,540,2,104,153,12,8,5,9,9,4,0,0,0,0,0,0,1,1,0,0,0,7,0,313,10,323,849
,1,AGUASCALIENTES,18,AGUASCALIENTES,1,AGUASCALIENTES,541,1,101,135,14,0,1,3,7,8,0,1,0,2,0,0,0,2,0,0,0,7,1,281,3,285,687
,1,AGUASCALIENTES,18,AGUASCALIENTES,1,AGUASCALIENTES,542,2,111,167,18,2,9,5,18,15,0,0,1,1,0,0,1,0,0,0,1,9,0,358,7,365,860
,1,AGUASCALIENTES,18,AGUASCALIENTES,1,AGUASCALIENTES,543,2,141,146,20,6,5,3,11,10,2,1,0,2,0,0,0,0,0,0,1,17,0,365,9,374,856
,1,AGUASCALIENTES,18,AGUASCALIENTES,1,AGUASCALIENTES,544,2,126,147,20,13,5,4,17,7,2,0,0,0,0,1,2,1,0,0,0,7,0,352,6,358,857
,1,AGUASCALIENTES,18,AGUASCALIENTES,1,AGUASCALIENTES,545,2,160,190,12,3,4,9,7,4,5,2,1,2,0,2,0,0,0,0,0,9,1,410,12,423,920
,1,AGUASCALIENTES,18,AGUASCALIENTES,1,AGUASCALIENTES,546,2,173,200,29,6,12,1,24,13,1,0,0,1,0,0,1,0,1,0,0,15,0,477,20,497,1116
,1,AGUASCALIENTES,18,AGUASCALIENTES,1,AGUASCALIENTES,547,2,179,193,29,3,8,7,13,10,1,0,1,1,0,1,0,2,0,0,0,15,0,463,15,478,1009
