﻿CIRCUNSCRIPCION,ID_ESTADO,NOMBRE_ESTADO,ID_DISTRITO_LOCAL,CABECERA_DISTRITAL_LOCAL,ID_MUNICIPIO,MUNICIPIO,ID_DEMARCACION_LOCAL,DEMARCACION_LOCAL,TIPO_DE_ELECCION,NOMBRE_PARTICIPANTE,NUMERO_LISTA,CANDIDATO,SEXO_CANDIDATO,RUTA_CONSTANCIA,PARTIDO
1,8,CHIHUAHUA,,,,,,,GOB,PAN_PRD,1,MARIA EUGENIA CAMPOS GALVAN,2,,PAN
1,8,CHIHUAHUA,1,NUEVO CASAS GRANDES,,,,,DIP_LOC_MR,PAN_PRD,1,YESENIA GUADALUPE REYES CALZADIAS,2,,PRD
1,8,CHIHUAHUA,2,JUAREZ,,,,,DIP_LOC_MR,MORENA,1,LETICIA ORTEGA MAYNEZ,2,,MORENA
1,8,CHIHUAHUA,3,JUAREZ,,,,,DIP_LOC_MR,MORENA,1,OSCAR DANIEL AVITIA ARELLANES,1,,MORENA
1,8,CHIHUAHUA,4,JUAREZ,,,,,DIP_LOC_MR,MORENA,1,ROSANA DIAZ REYES,2,,MORENA
1,8,CHIHUAHUA,5,JUAREZ,,,,,DIP_LOC_MR,PAN,1,MARISELA TERRAZAS MUÑOZ,2,,PAN
1,8,CHIHUAHUA,6,JUAREZ,,,,,DIP_LOC_MR,PT_MORENA_NACH,1,AMELIA DEYANIRA OZAETA DIAZ,2,,PT
1,8,CHIHUAHUA,7,JUAREZ,,,,,DIP_LOC_MR,MORENA,1,GUSTAVO DE LA ROSA HICKERSON,1,,MORENA
1,8,CHIHUAHUA,8,JUAREZ,,,,,DIP_LOC_MR,MORENA,1,EDIN CUAUHTEMOC ESTRADA SOTELO,1,,MORENA
1,8,CHIHUAHUA,9,JUAREZ,,,,,DIP_LOC_MR,MORENA,1,MAGDALENA RENTERIA PEREZ,2,,MORENA
1,8,CHIHUAHUA,10,JUAREZ,,,,,DIP_LOC_MR,MORENA,1,MARIA ANTONIETA PEREZ REYES,2,,MORENA
1,8,CHIHUAHUA,11,MEOQUI,,,,,DIP_LOC_MR,PAN_PRD,1,ISMAEL PEREZ PAVIA,1,,PAN
1,8,CHIHUAHUA,12,CHIHUAHUA,,,,,DIP_LOC_MR,PAN,1,GEORGINA ALEJANDRA BUJANDA RIOS,2,,PAN
1,8,CHIHUAHUA,13,GUERRERO,,,,,DIP_LOC_MR,PAN_PRD,1,ROCIO GUADALUPE SARMIENTO RUFINO,2,,PAN
1,8,CHIHUAHUA,14,CUAUHTEMOC,,,,,DIP_LOC_MR,PAN,1,SAUL MIRELES CORRAL,1,,PAN
1,8,CHIHUAHUA,15,CHIHUAHUA,,,,,DIP_LOC_MR,PAN,1,JOSE ALFREDO CHAVEZ MADRID,1,,PAN
1,8,CHIHUAHUA,16,CHIHUAHUA,,,,,DIP_LOC_MR,PAN,1,MARIO HUMBERTO VAZQUEZ ROBLES,1,,PAN
1,8,CHIHUAHUA,17,CHIHUAHUA,,,,,DIP_LOC_MR,PAN_PRD,1,CARLOS ALFREDO OLSON SAN VICENTE,1,,PAN
1,8,CHIHUAHUA,18,CHIHUAHUA,,,,,DIP_LOC_MR,PAN,1,CARLA YAMILETH RIVAS MARTINEZ,2,,PAN
1,8,CHIHUAHUA,19,DELICIAS,,,,,DIP_LOC_MR,PAN_PRD,1,ROBERTO MARCELINO CARREON HUITRON,1,,PAN
1,8,CHIHUAHUA,20,CAMARGO,,,,,DIP_LOC_MR,PAN_PRD,1,LUIS ALBERTO AGUILAR LOZOYA,1,,PAN
1,8,CHIHUAHUA,21,HIDALGO DEL PARRAL,,,,,DIP_LOC_MR,PRI,1,EDGAR JOSE PIÑON DOMINGUEZ,1,,PRI
1,8,CHIHUAHUA,22,GUACHOCHI,,,,,DIP_LOC_MR,PRI,1,NOEL CHAVEZ VELAZQUEZ,1,,PRI
1,8,CHIHUAHUA,18,CHIHUAHUA,,,,,DIP_LOC_RP,PAN,1,ROSA ISELA MARTÍNEZ DÍAZ ,2,,PAN
1,8,CHIHUAHUA,18,CHIHUAHUA,,,,,DIP_LOC_RP,PAN,2,GABRIEL ÁNGEL GARCÍA CANTÚ ,1,,PAN
1,8,CHIHUAHUA,18,CHIHUAHUA,,,,,DIP_LOC_RP,PAN,3,DIANA IVETTE PEREDA GUTIÉRREZ ,2,,PAN
1,8,CHIHUAHUA,18,CHIHUAHUA,,,,,DIP_LOC_RP,PRI,1,OMAR BAZÁN FLORES ,1,,PRI
1,8,CHIHUAHUA,18,CHIHUAHUA,,,,,DIP_LOC_RP,PRI,2,IVON SALAZAR MORALES ,2,,PRI
1,8,CHIHUAHUA,18,CHIHUAHUA,,,,,DIP_LOC_RP,PRI,3,ANA GEORGINA ZAPATA LUCERO ,2,,PRI
1,8,CHIHUAHUA,18,CHIHUAHUA,,,,,DIP_LOC_RP,MC,1,FRANCISCO ADRIÁN SÁNCHEZ VILLEGAS ,1,,MC
1,8,CHIHUAHUA,18,CHIHUAHUA,,,,,DIP_LOC_RP,MC,2,ILSE AMÉRICA GARCÍA SOTO ,2,,MC
1,8,CHIHUAHUA,18,CHIHUAHUA,,,,,DIP_LOC_RP,MORENA,1,DAVID ÓSCAR CASTREJÓN RIVAS ,1,,MORENA
1,8,CHIHUAHUA,18,CHIHUAHUA,,,,,DIP_LOC_RP,MORENA,2,ANA LUISA ROJAS CARRASCO ,2,,MORENA
1,8,CHIHUAHUA,18,CHIHUAHUA,,,,,DIP_LOC_RP,MORENA,3,ADRIANA TERRAZAS PORRAS ,2,,MORENA
1,8,CHIHUAHUA,,,1,AHUMADA,,,PRES_MUN,PVEM,1,FABIAN FOURZAN TRUJILLO,1,,PVEM
1,8,CHIHUAHUA,,,1,AHUMADA,,,REG,PVEM,1,ALMA VERONICA RODRIGUEZ CARRILLO,2,,PVEM
1,8,CHIHUAHUA,,,1,AHUMADA,,,REG,PVEM,2,JAIME ALEJANDRO CALDERON LEDEZMA,1,,PVEM
1,8,CHIHUAHUA,,,1,AHUMADA,,,REG,PVEM,3,GUADALUPE RUIZ AVITIA,2,,PVEM
1,8,CHIHUAHUA,,,1,AHUMADA,,,REG,PVEM,4,JAVIER ESTRADA MIRELES,1,,PVEM
1,8,CHIHUAHUA,,,1,AHUMADA,,,REG,PVEM,5,ESMERALDA JUDITH DORANTES RUIZ,2,,PVEM
1,8,CHIHUAHUA,,,1,AHUMADA,,,REG,PVEM,6,GILBERTO GUTIERREZ VALDEZ,1,,PVEM
1,8,CHIHUAHUA,,,1,AHUMADA,,,REG,PVEM,7,MARIA DE LA LUZ FLORES CONTRERAS,2,,PVEM
1,8,CHIHUAHUA,,,1,AHUMADA,,,REG_RP,PAN,1,MARIA DEL PILAR HERRERA MERAZ,2,,PAN
1,8,CHIHUAHUA,,,1,AHUMADA,,,REG_RP,PRI,1,JESUS EMILIO MARRUFO CALDERON,1,,PRI
1,8,CHIHUAHUA,,,1,AHUMADA,,,REG_RP,PRI,2,SILVIA GUADALUPE NEVAREZ HERNANDEZ,2,,PRI
1,8,CHIHUAHUA,,,1,AHUMADA,,,REG_RP,PRI,3,ALFONSO MIRANDA CORONA,1,,PRI
1,8,CHIHUAHUA,,,1,AHUMADA,,,REG_RP,MORENA_PT_NACH,1,ANDRES NAJERA DURAN,1,,PT
1,8,CHIHUAHUA,,,2,ALDAMA,,,PRES_MUN,MORENA_PT_NACH,1,MIGUEL RUBIO CASTILLO,1,,NACH
1,8,CHIHUAHUA,,,2,ALDAMA,,,REG,MORENA_PT_NACH,1,NORMA ALICIA BUSTILLOS PEREZ,2,,NACH
1,8,CHIHUAHUA,,,2,ALDAMA,,,REG,MORENA_PT_NACH,2,BERNARDO RIOS TORRES,1,,NACH
1,8,CHIHUAHUA,,,2,ALDAMA,,,REG,MORENA_PT_NACH,3,MA. DEL CARMEN FRANCO CANO,2,,PT
1,8,CHIHUAHUA,,,2,ALDAMA,,,REG,MORENA_PT_NACH,4,VICTOR CHAVEZ PORRAS,1,,NACH
1,8,CHIHUAHUA,,,2,ALDAMA,,,REG,MORENA_PT_NACH,5,FRANCISCA FRANCO BEJAR,2,,PT
1,8,CHIHUAHUA,,,2,ALDAMA,,,REG,MORENA_PT_NACH,6,JOSUE GILBERTO NIETO BALLESTEROS,1,,NACH
1,8,CHIHUAHUA,,,2,ALDAMA,,,REG,MORENA_PT_NACH,7,PERLA PATRICIA DAVILA RUBIO,2,,NACH
1,8,CHIHUAHUA,,,2,ALDAMA,,,REG_RP,PAN_PRD,1,SANDRA JUDITH GALINDO SINECIO,2,,PAN
1,8,CHIHUAHUA,,,2,ALDAMA,,,REG_RP,PAN_PRD,2,EBER EDEL CONTRERAS ARMENDARIZ,1,,PAN
1,8,CHIHUAHUA,,,2,ALDAMA,,,REG_RP,PRI,1,LUIS RAUL ESQUIVEL ESCARCEGA,1,,PRI
1,8,CHIHUAHUA,,,2,ALDAMA,,,REG_RP,MC,1,MARIA ARMINEE CHAVEZ CASTILLO,2,,MC
1,8,CHIHUAHUA,,,2,ALDAMA,,,REG_RP,PES,1,LUZ ESTELA ALARCON MARQUEZ,2,,PES
1,8,CHIHUAHUA,,,3,ALLENDE,,,PRES_MUN,PRI,1,JESUS HORACIO SOTO ARMENDARIZ,1,,PRI
1,8,CHIHUAHUA,,,3,ALLENDE,,,REG,PRI,1,MARIA DEL ROSARIO GONZALEZ NUÑEZ,2,,PRI
1,8,CHIHUAHUA,,,3,ALLENDE,,,REG,PRI,2,ANTONIO ARMENDARIZ REYES,1,,PRI
1,8,CHIHUAHUA,,,3,ALLENDE,,,REG,PRI,3,CONCEPCION RODRIGUEZ RIOS,2,,PRI
1,8,CHIHUAHUA,,,3,ALLENDE,,,REG,PRI,4,JOSE ALFREDO CORONADO,1,,PRI
1,8,CHIHUAHUA,,,3,ALLENDE,,,REG,PRI,5,DORELICE YAMILETH CISNEROS ARROYO,2,,PRI
1,8,CHIHUAHUA,,,3,ALLENDE,,,REG_RP,PAN_PRD,1,SERGIO DE SANTIAGO OLVERA,1,,PAN
1,8,CHIHUAHUA,,,3,ALLENDE,,,REG_RP,PT,1,SANDRA HERNANDEZ ROSTRO,2,,PT
1,8,CHIHUAHUA,,,3,ALLENDE,,,REG_RP,MC,1,CARMEN YANETH HERNANDEZ ENRIQUEZ,2,,MC
1,8,CHIHUAHUA,,,4,AQUILES SERDAN,,,PRES_MUN,PRI,1,TERESA ERIVES BACA,2,,PRI
1,8,CHIHUAHUA,,,4,AQUILES SERDAN,,,REG,PRI,1,JESUS MANUEL RODRIGUEZ GARCIA,1,,PRI
1,8,CHIHUAHUA,,,4,AQUILES SERDAN,,,REG,PRI,2,PAOLA SOLEDAD MARQUEZ SILVA,2,,PRI
1,8,CHIHUAHUA,,,4,AQUILES SERDAN,,,REG,PRI,3,EDUARDO TRINIDAD HERNANDEZ,1,,PRI
1,8,CHIHUAHUA,,,4,AQUILES SERDAN,,,REG,PRI,4,MARINA HERNANDEZ ORTIZ,2,,PRI
1,8,CHIHUAHUA,,,4,AQUILES SERDAN,,,REG,PRI,5,LUIS ARMANDO DELGADILLO MORALES,1,,PRI
1,8,CHIHUAHUA,,,4,AQUILES SERDAN,,,REG_RP,PAN_PRD,1,IRMA VALLES PACHECO,2,,PAN
1,8,CHIHUAHUA,,,4,AQUILES SERDAN,,,REG_RP,MORENA_PT_NACH,1,JOSE ANTONIO VARGAS CORTES,1,,NACH
1,8,CHIHUAHUA,,,4,AQUILES SERDAN,,,REG_RP,RSP,1,ADRIANA FIGUEROA VILLA,2,,RSP
1,8,CHIHUAHUA,,,5,ASCENSION,,,PRES_MUN,PRD,1,IVONNE DE LA HOYA VENZOR,2,,PRD
1,8,CHIHUAHUA,,,5,ASCENSION,,,REG,PRD,1,JESUS ENRIQUE POLANCO LOYA,1,,PRD
1,8,CHIHUAHUA,,,5,ASCENSION,,,REG,PRD,2,ROMELIA AMPARO ORNELAS LIRA,2,,PRD
1,8,CHIHUAHUA,,,5,ASCENSION,,,REG,PRD,3,MAURILIO RAMIREZ GUTIERREZ,1,,PRD
1,8,CHIHUAHUA,,,5,ASCENSION,,,REG,PRD,4,GLORIA ALICIA AGUILAR BANDA,2,,PRD
1,8,CHIHUAHUA,,,5,ASCENSION,,,REG,PRD,5,ALEJANDRO AMAYA TORRES,1,,PRD
1,8,CHIHUAHUA,,,5,ASCENSION,,,REG,PRD,6,MIREYA AZUCENA VALDIVIEZO IBARRA,2,,PRD
1,8,CHIHUAHUA,,,5,ASCENSION,,,REG,PRD,7,JOSE ANGEL ORTEGA MARTINEZ,1,,PRD
1,8,CHIHUAHUA,,,5,ASCENSION,,,REG_RP,PAN,1,MARIA LOURDES PRIETO CASTILLO,2,,PAN
1,8,CHIHUAHUA,,,5,ASCENSION,,,REG_RP,PAN,2,YOLANDA MENDOZA ARMENDARIZ,2,,PAN
1,8,CHIHUAHUA,,,5,ASCENSION,,,REG_RP,PRI,1,GILBERTO FLORES BARRERA,1,,PRI
1,8,CHIHUAHUA,,,5,ASCENSION,,,REG_RP,MC,1,FRANCISCA ALEJANDRA TORRES ORTIZ,2,,MC
1,8,CHIHUAHUA,,,5,ASCENSION,,,REG_RP,MORENA_PT_NACH,1,EDUARDO CHAVEZ GUTIERREZ,2,,MORENA
1,8,CHIHUAHUA,,,6,BACHINIVA,,,PRES_MUN,PAN,1,VIVIANA ALTAMIRANO CARDENAS,2,,PAN
1,8,CHIHUAHUA,,,6,BACHINIVA,,,REG,PAN,1,JORGE ABEL MURILLO MENDOZA,1,,PAN
1,8,CHIHUAHUA,,,6,BACHINIVA,,,REG,PAN,2,MARIA IRASEMA RIVERA OROZCO,2,,PAN
1,8,CHIHUAHUA,,,6,BACHINIVA,,,REG,PAN,3,PEDRO JOSE TORRES OCHOA,1,,PAN
1,8,CHIHUAHUA,,,6,BACHINIVA,,,REG,PAN,4,JACQUELINE VARELA CHAVEZ,2,,PAN
1,8,CHIHUAHUA,,,6,BACHINIVA,,,REG,PAN,5,SERGIO IVAN MORALES ALMEIDA,1,,PAN
1,8,CHIHUAHUA,,,6,BACHINIVA,,,REG_RP,MORENA,1,LUCIA TREVIZO OCHOA,2,,MORENA
1,8,CHIHUAHUA,,,6,BACHINIVA,,,REG_RP,PRI,1,JAIME ENRIQUEZ VASQUEZ,1,,PRI
1,8,CHIHUAHUA,,,6,BACHINIVA,,,REG_RP,MC,1,ISAMAR ORTIZ RIOS,2,,MC
1,8,CHIHUAHUA,,,7,BALLEZA,,,PRES_MUN,PRI,1,JESUS AUGUSTO MEDINA AGUIRRE,1,,PRI
1,8,CHIHUAHUA,,,7,BALLEZA,,,REG,PRI,1,ROSA SILVA VILLALOBOS,2,,PRI
1,8,CHIHUAHUA,,,7,BALLEZA,,,REG,PRI,2,PEDRO JERONIMO PORTILLO JAVALERA,1,,PRI
1,8,CHIHUAHUA,,,7,BALLEZA,,,REG,PRI,3,ELSA PATRICIA LAZCANO RODRIGUEZ,2,,PRI
1,8,CHIHUAHUA,,,7,BALLEZA,,,REG,PRI,4,FRANCISCO CRUZ ONTIVERO,1,,PRI
1,8,CHIHUAHUA,,,7,BALLEZA,,,REG,PRI,5,OLIVIA SUBIAS HOLGUIN,2,,PRI
1,8,CHIHUAHUA,,,7,BALLEZA,,,REG,PRI,6,RAFAEL EDUARDO JAVALERA CORRAL,1,,PRI
1,8,CHIHUAHUA,,,7,BALLEZA,,,REG,PRI,7,ERIKA CONCEPCION VILLALOBOS LOYA,2,,PRI
1,8,CHIHUAHUA,,,7,BALLEZA,,,REG_RP,PAN,1,LUIS VARELA SALINAS,1,,PAN
1,8,CHIHUAHUA,,,7,BALLEZA,,,REG_RP,PAN,2,YOMALY OCHOA HOLGUIN,2,,PAN
1,8,CHIHUAHUA,,,7,BALLEZA,,,REG_RP,MORENA_PT_NACH,1,EDITH BELEM ARZABALA SERRANO,2,,MORENA
1,8,CHIHUAHUA,,,7,BALLEZA,,,REG_RP,MORENA_PT_NACH,2,BENJAMIN SANCHEZ PORTILLO,1,,NACH
1,8,CHIHUAHUA,,,7,BALLEZA,,,REG_RP,MC,1,CAROLINA BUSTILLOS BUSTILLOS,2,,MC
1,8,CHIHUAHUA,,,8,BATOPILAS DE MANUEL GOMEZ MORIN,,,PRES_MUN,PRI,1,EDUARDO AARON RUELAS FERNANDEZ,1,,PRI
1,8,CHIHUAHUA,,,8,BATOPILAS DE MANUEL GOMEZ MORIN,,,REG,PRI,1,ROSA VALDEZ MORENO,2,,PRI
1,8,CHIHUAHUA,,,8,BATOPILAS DE MANUEL GOMEZ MORIN,,,REG,PRI,2,JOSE ANTONIO SALINAS CHAVEZ,1,,PRI
1,8,CHIHUAHUA,,,8,BATOPILAS DE MANUEL GOMEZ MORIN,,,REG,PRI,3,PATRICIA CARRILLO NARARACHI,2,,PRI
1,8,CHIHUAHUA,,,8,BATOPILAS DE MANUEL GOMEZ MORIN,,,REG,PRI,4,ANGELICA ISABEL CARDENAS TORRES,2,,PRI
1,8,CHIHUAHUA,,,8,BATOPILAS DE MANUEL GOMEZ MORIN,,,REG,PRI,5,PORFIRIO MENDEZ ENRIQUEZ,1,,PRI
1,8,CHIHUAHUA,,,8,BATOPILAS DE MANUEL GOMEZ MORIN,,,REG_RP,PAN_PRD,1,SOFIA MARTINEZ RAMOS,2,,PAN
1,8,CHIHUAHUA,,,8,BATOPILAS DE MANUEL GOMEZ MORIN,,,REG_RP,MORENA,1,MARIA SENAIDA MESA PORTILLO,2,,MORENA
1,8,CHIHUAHUA,,,8,BATOPILAS DE MANUEL GOMEZ MORIN,,,REG_RP,PES,1,LIRIO NAVA FIGUEROA,2,,PES
1,8,CHIHUAHUA,,,9,BOCOYNA,,,PRES_MUN,PAN,1,MACARIO BALDIVAR HERMOSILLO POMPA,1,,PAN
1,8,CHIHUAHUA,,,9,BOCOYNA,,,REG,PAN,1,YARED ITZABEL PEREZ MORALES,2,,PAN
1,8,CHIHUAHUA,,,9,BOCOYNA,,,REG,PAN,2,FRANCISCO ALAN DOMINGUEZ CRUZ,1,,PAN
1,8,CHIHUAHUA,,,9,BOCOYNA,,,REG,PAN,3,EVANGELINA PARRA ZAMARRON,2,,PAN
1,8,CHIHUAHUA,,,9,BOCOYNA,,,REG,PAN,4,CARLOS QUEZADA LOZANO,1,,PAN
1,8,CHIHUAHUA,,,9,BOCOYNA,,,REG,PAN,5,MARIA ELENA VILLALOBOS MONTES,2,,PAN
1,8,CHIHUAHUA,,,9,BOCOYNA,,,REG,PAN,6,LUIS CARLOS GONZALEZ FIERRO,1,,PAN
1,8,CHIHUAHUA,,,9,BOCOYNA,,,REG,PAN,7,LUZ ANGELICA MARQUEZ TORRES,2,,PAN
1,8,CHIHUAHUA,,,9,BOCOYNA,,,REG_RP,MC,1,MARIA CAROLINA ZAFIRO NEVAREZ,2,,MC
1,8,CHIHUAHUA,,,9,BOCOYNA,,,REG_RP,MC,2,MANUEL PARRA NUÑEZ,1,,MC
1,8,CHIHUAHUA,,,9,BOCOYNA,,,REG_RP,PRI,1,MIREYA MENDOZA FRIAS,2,,PRI
1,8,CHIHUAHUA,,,9,BOCOYNA,,,REG_RP,PRI,2,JULIO CESAR DOMINGUEZ SOTO,1,,PRI
1,8,CHIHUAHUA,,,9,BOCOYNA,,,REG_RP,MORENA_PT_NACH,1,MARTHA IRENE PRADO MENDOZA,2,,MORENA
1,8,CHIHUAHUA,,,10,BUENAVENTURA,,,PRES_MUN,PRI,1,ROGELIO PACHECO FLORES,1,,PRI
1,8,CHIHUAHUA,,,10,BUENAVENTURA,,,REG,PRI,1,IVON VEGA MARQUEZ,2,,PRI
1,8,CHIHUAHUA,,,10,BUENAVENTURA,,,REG,PRI,2,MANUEL OLIVAS ESCOBEDO,1,,PRI
1,8,CHIHUAHUA,,,10,BUENAVENTURA,,,REG,PRI,3,ERIKA YURIANA NEVAREZ BELTRAN,2,,PRI
1,8,CHIHUAHUA,,,10,BUENAVENTURA,,,REG,PRI,4,SALVADOR DELGADILLO MENDOZA,1,,PRI
1,8,CHIHUAHUA,,,10,BUENAVENTURA,,,REG,PRI,5,ALEJANDRA GINER ALBA,2,,PRI
1,8,CHIHUAHUA,,,10,BUENAVENTURA,,,REG,PRI,6,JOSE LUIS VALDEZ SOLIS,1,,PRI
1,8,CHIHUAHUA,,,10,BUENAVENTURA,,,REG,PRI,7,SILVIA LORENZA SOLIS LEYVA,2,,PRI
1,8,CHIHUAHUA,,,10,BUENAVENTURA,,,REG_RP,PAN_PRD,1,KENNY OSVALDO ESPINOZA ACOSTA,1,,PAN
1,8,CHIHUAHUA,,,10,BUENAVENTURA,,,REG_RP,PAN_PRD,2,DAENA GONZALEZ ENRIQUEZ,2,,PAN
1,8,CHIHUAHUA,,,10,BUENAVENTURA,,,REG_RP,PAN_PRD,3,RAFAEL SANCHEZ GONZALEZ,1,,PAN
1,8,CHIHUAHUA,,,10,BUENAVENTURA,,,REG_RP,MORENA_PT_NACH,1,OMAR ALONSO REYES RUEDA,1,,MORENA
1,8,CHIHUAHUA,,,10,BUENAVENTURA,,,REG_RP,MORENA_PT_NACH,2,GUADALUPE HERNANDEZ NUÑEZ,2,,PT
1,8,CHIHUAHUA,,,11,CAMARGO,,,PRES_MUN,PAN,1,JORGE ALEJANDRO ALDANA AGUILAR,1,,PAN
1,8,CHIHUAHUA,,,11,CAMARGO,,,REG,PAN,1,IDALIA LOPEZ LOYA,2,,PAN
1,8,CHIHUAHUA,,,11,CAMARGO,,,REG,PAN,2,ERNESTO IVAN VILLA FERNANDEZ,1,,PAN
1,8,CHIHUAHUA,,,11,CAMARGO,,,REG,PAN,3,JUDITH ANABEL NUÑEZ NUÑEZ,2,,PAN
1,8,CHIHUAHUA,,,11,CAMARGO,,,REG,PAN,4,JOSE JULIO HUERTA HERRERA,1,,PAN
1,8,CHIHUAHUA,,,11,CAMARGO,,,REG,PAN,5,GUADALUPE LICON GARCIA,2,,PAN
1,8,CHIHUAHUA,,,11,CAMARGO,,,REG,PAN,6,JOSE LUIS URIBE BLANCO,1,,PAN
1,8,CHIHUAHUA,,,11,CAMARGO,,,REG,PAN,7,ELIZABETH ELVIRA LUJAN MORENO,2,,PAN
1,8,CHIHUAHUA,,,11,CAMARGO,,,REG,PAN,8,HUMBERTO SILVA MOLINA,1,,PAN
1,8,CHIHUAHUA,,,11,CAMARGO,,,REG,PAN,9,MARIA CLAUDINA ARRAZOLA MORALES,2,,PAN
1,8,CHIHUAHUA,,,11,CAMARGO,,,REG_RP,MC,1,KAREN DENISSE GONZALEZ SAENZ,2,,MC
1,8,CHIHUAHUA,,,11,CAMARGO,,,REG_RP,MC,2,HUMBERTO RENE FLORES DELGADO,1,,MC
1,8,CHIHUAHUA,,,11,CAMARGO,,,REG_RP,MC,3,MARIA LOURDES MUÑOZ MUÑOZ,2,,MC
1,8,CHIHUAHUA,,,11,CAMARGO,,,REG_RP,MC,4,EUSEBIO PINO GONZALEZ,1,,MC
1,8,CHIHUAHUA,,,11,CAMARGO,,,REG_RP,MC,5,ITXEL VIRIDIANA QUINTERO JIMENEZ,2,,MC
1,8,CHIHUAHUA,,,11,CAMARGO,,,REG_RP,PRI,1,JUAN JOSE MORIEL ENRIQUEZ,1,,PRI
1,8,CHIHUAHUA,,,11,CAMARGO,,,REG_RP,MORENA_PT_NACH,1,MARIA TERESA CARRILLO CARRILLO,2,,NACH
1,8,CHIHUAHUA,,,12,CARICHI,,,PRES_MUN,PRI,1,IVAN ALEJANDRO GUTIERREZ VILLARREAL,1,,PRI
1,8,CHIHUAHUA,,,12,CARICHI,,,REG,PRI,1,LAURA PATRICIA VARELA CARO,2,,PRI
1,8,CHIHUAHUA,,,12,CARICHI,,,REG,PRI,2,ALFREDO ARAGONEZ CHAVIRA,1,,PRI
1,8,CHIHUAHUA,,,12,CARICHI,,,REG,PRI,3,BEATRIZ MADRID MONTAÑEZ,2,,PRI
1,8,CHIHUAHUA,,,12,CARICHI,,,REG,PRI,4,CHALIO GONZALEZ CHAVEZ,1,,PRI
1,8,CHIHUAHUA,,,12,CARICHI,,,REG,PRI,5,ROSA MERAZ MENDEZ,2,,PRI
1,8,CHIHUAHUA,,,12,CARICHI,,,REG_RP,PAN,1,FRANKI TORRES RASCON,1,,PAN
1,8,CHIHUAHUA,,,12,CARICHI,,,REG_RP,PAN,2,MARICELA BORJA ARMENDARIZ,2,,PAN
1,8,CHIHUAHUA,,,12,CARICHI,,,REG_RP,MORENA,1,MANUEL RAUL CHAVEZ QUÑONEZ,1,,MORENA
1,8,CHIHUAHUA,,,13,CASAS GRANDES,,,PRES_MUN,PRI,1,ROBERTO LUCERO GALAZ,1,,PRI
1,8,CHIHUAHUA,,,13,CASAS GRANDES,,,REG,PRI,1,GUADALUPE LIZBETH JAQUEZ CHAVEZ,2,,PRI
1,8,CHIHUAHUA,,,13,CASAS GRANDES,,,REG,PRI,2,JUAN OLEG FLORES VARELA,1,,PRI
1,8,CHIHUAHUA,,,13,CASAS GRANDES,,,REG,PRI,3,LUCERO MARTINEZ PINTO,2,,PRI
1,8,CHIHUAHUA,,,13,CASAS GRANDES,,,REG,PRI,4,ALEJANDRO LOPEZ CHAPARRO,1,,PRI
1,8,CHIHUAHUA,,,13,CASAS GRANDES,,,REG,PRI,5,RAMONA REALIVAZQUEZ SANDOVAL,2,,PRI
1,8,CHIHUAHUA,,,13,CASAS GRANDES,,,REG_RP,MORENA_PT_NACH,1,ZULEMA GALAZ CASTILLO,2,,PT
1,8,CHIHUAHUA,,,13,CASAS GRANDES,,,REG_RP,PAN,1,LUZ ALMA GURROLA PEREZ,2,,PAN
1,8,CHIHUAHUA,,,13,CASAS GRANDES,,,REG_RP,MC,1,GLORIA PEREZ MORALES,2,,MC
1,8,CHIHUAHUA,,,14,CORONADO,,,PRES_MUN,PAN,1,LEO LOPEZ MUÑOZ,1,,PAN
1,8,CHIHUAHUA,,,14,CORONADO,,,REG,PAN,1,SARA VALLES CORTEZ,2,,PAN
1,8,CHIHUAHUA,,,14,CORONADO,,,REG,PAN,2,LUIS MANUEL MINJAREZ CHAIREZ,1,,PAN
1,8,CHIHUAHUA,,,14,CORONADO,,,REG,PAN,3,MARIA ANGELICA FLORES HOLGUIN,2,,PAN
1,8,CHIHUAHUA,,,14,CORONADO,,,REG,PAN,4,JOAQUIN ALVARADO VARGAS,1,,PAN
1,8,CHIHUAHUA,,,14,CORONADO,,,REG,PAN,5,JOSEFA MORA CENICEROS,2,,PAN
1,8,CHIHUAHUA,,,14,CORONADO,,,REG_RP,PRI,1,SOCORRO DELIA ARRIETA SANCHEZ,2,,PRI
1,8,CHIHUAHUA,,,14,CORONADO,,,REG_RP,PRI,2,FRANCISCO JAVIER ROACHO OCHOA,1,,PRI
1,8,CHIHUAHUA,,,14,CORONADO,,,REG_RP,MORENA,1,GRISELDA MORA CORTEZ,2,,MORENA
1,8,CHIHUAHUA,,,15,COYAME DEL SOTOL,,,PRES_MUN,PRI,1,ILSE GISSEL TORRES CORONADO,2,,PRI
1,8,CHIHUAHUA,,,15,COYAME DEL SOTOL,,,REG,PRI,1,ARTURO CARRASCO MARTINEZ,1,,PRI
1,8,CHIHUAHUA,,,15,COYAME DEL SOTOL,,,REG,PRI,2,LUZ ALEJANDRA MARTINEZ CHAIREZ,2,,PRI
1,8,CHIHUAHUA,,,15,COYAME DEL SOTOL,,,REG,PRI,3,FRANCISCO GONZALEZ GARAY,1,,PRI
1,8,CHIHUAHUA,,,15,COYAME DEL SOTOL,,,REG,PRI,4,ALBA ROSA RICO BAILON,2,,PRI
1,8,CHIHUAHUA,,,15,COYAME DEL SOTOL,,,REG,PRI,5,DANIEL TORRES RAMIREZ,1,,PRI
1,8,CHIHUAHUA,,,15,COYAME DEL SOTOL,,,REG_RP,PES,1,CRUZ SUSANA MARTINEZ VASQUEZ,2,,PES
1,8,CHIHUAHUA,,,15,COYAME DEL SOTOL,,,REG_RP,PAN,1,FLAVIO ARMANDO RAMIREZ LEVARIO,1,,PAN
1,8,CHIHUAHUA,,,15,COYAME DEL SOTOL,,,REG_RP,MORENA,1,MAIDILY CERVANTES FRANCO,2,,MORENA
1,8,CHIHUAHUA,,,16,LA CRUZ,,,PRES_MUN,NACH,1,SERGIO LUIS OLVERA GALLEGOS,1,,NACH
1,8,CHIHUAHUA,,,16,LA CRUZ,,,REG,NACH,1,JANETH URANGA VAZQUEZ,2,,NACH
1,8,CHIHUAHUA,,,16,LA CRUZ,,,REG,NACH,2,JOSE ARMANDO RIVERA MARQUEZ,1,,NACH
1,8,CHIHUAHUA,,,16,LA CRUZ,,,REG,NACH,3,MARIA DEL CARMEN MARQUEZ RAMIREZ,2,,NACH
1,8,CHIHUAHUA,,,16,LA CRUZ,,,REG,NACH,4,JOSE MARTIN DIAZ ABREGO,1,,NACH
1,8,CHIHUAHUA,,,16,LA CRUZ,,,REG,NACH,5,MA. BERENICE MORALES CORRALES,2,,NACH
1,8,CHIHUAHUA,,,16,LA CRUZ,,,REG_RP,PAN,1,ALEJANDRA SALCIDO DOMINGUEZ,2,,PAN
1,8,CHIHUAHUA,,,16,LA CRUZ,,,REG_RP,PAN,2,BERNARDO LECHUGA RUEDA,1,,PAN
1,8,CHIHUAHUA,,,16,LA CRUZ,,,REG_RP,PRI,1,PERLA GUADALUPE TELLEZ PEREYRA,2,,PRI
1,8,CHIHUAHUA,,,17,CUAUHTEMOC,,,PRES_MUN,PAN,1,ELIAS HUMBERTO PEREZ MENDOZA,1,,PAN
1,8,CHIHUAHUA,,,17,CUAUHTEMOC,,,REG,PAN,1,LETICIA IVONNE ORDOÑEZ AGUILAR,2,,PAN
1,8,CHIHUAHUA,,,17,CUAUHTEMOC,,,REG,PAN,2,DAVID HUMBERTO GUTIERREZ,1,,PAN
1,8,CHIHUAHUA,,,17,CUAUHTEMOC,,,REG,PAN,3,LAURA GABRIELA ISLAS BAEZA,2,,PAN
1,8,CHIHUAHUA,,,17,CUAUHTEMOC,,,REG,PAN,4,TOMAS OMAR MENDOZA MURILLO,1,,PAN
1,8,CHIHUAHUA,,,17,CUAUHTEMOC,,,REG,PAN,5,CARMEN SILVIA GARCIA,2,,PAN
1,8,CHIHUAHUA,,,17,CUAUHTEMOC,,,REG,PAN,6,IGNACIO MALAXECHEVARRIA GONZALEZ,1,,PAN
1,8,CHIHUAHUA,,,17,CUAUHTEMOC,,,REG,PAN,7,MORAIMA RUELAS DELGADO,2,,PAN
1,8,CHIHUAHUA,,,17,CUAUHTEMOC,,,REG,PAN,8,HECTOR MANUEL HERNANDEZ BORUNDA,1,,PAN
1,8,CHIHUAHUA,,,17,CUAUHTEMOC,,,REG,PAN,9,GUADALUPE ROSA ESCOBAR CRUZ,2,,PAN
1,8,CHIHUAHUA,,,17,CUAUHTEMOC,,,REG_RP,PRI,1,LOURDES MENDOZA RODRIGUEZ,2,,PRI
1,8,CHIHUAHUA,,,17,CUAUHTEMOC,,,REG_RP,PRI,2,OMAR RICARDO MORALES IGLESIAS,1,,PRI
1,8,CHIHUAHUA,,,17,CUAUHTEMOC,,,REG_RP,PRI,3,MARISOL ARREDONDO CERECERES,2,,PRI
1,8,CHIHUAHUA,,,17,CUAUHTEMOC,,,REG_RP,MORENA_PT_NACH,1,JAVIER CUEVAS LIRA,1,,MORENA
1,8,CHIHUAHUA,,,17,CUAUHTEMOC,,,REG_RP,MORENA_PT_NACH,2,SAYRA NATALIA CEPEDA CHAVEZ,2,,PT
1,8,CHIHUAHUA,,,17,CUAUHTEMOC,,,REG_RP,MORENA_PT_NACH,3,JESUS SALVADOR AVILES LOPEZ,1,,NACH
1,8,CHIHUAHUA,,,17,CUAUHTEMOC,,,REG_RP,MORENA_PT_NACH,4,LUZ JAZMIN VEGA CRUZ,2,,MORENA
1,8,CHIHUAHUA,,,18,CUSIHUIRIACHI,,,PRES_MUN,PAN,1,CAYETANO ORDOÑEZ RODRIGUEZ,1,,PAN
1,8,CHIHUAHUA,,,18,CUSIHUIRIACHI,,,REG,PAN,1,SILVIA LORENA ROJO PEÑA,2,,PAN
1,8,CHIHUAHUA,,,18,CUSIHUIRIACHI,,,REG,PAN,2,CARLOS RENE MACIAS CARAVEO,1,,PAN
1,8,CHIHUAHUA,,,18,CUSIHUIRIACHI,,,REG,PAN,3,YOANA ALEJANDRA GAMEZ VELETA,2,,PAN
1,8,CHIHUAHUA,,,18,CUSIHUIRIACHI,,,REG,PAN,4,ARNOLDO MENDOZA MENDOZA,1,,PAN
1,8,CHIHUAHUA,,,18,CUSIHUIRIACHI,,,REG,PAN,5,ROSALIA DURAN CHAVEZ,2,,PAN
1,8,CHIHUAHUA,,,18,CUSIHUIRIACHI,,,REG_RP,PRI,1,RAQUEL MENDEZ GONZALEZ,2,,PRI
1,8,CHIHUAHUA,,,18,CUSIHUIRIACHI,,,REG_RP,PRI,2,MANUEL TORRES MARTINEZ,1,,PRI
1,8,CHIHUAHUA,,,18,CUSIHUIRIACHI,,,REG_RP,MORENA_PT_NACH,1,DIVA ELIA ROJO MENDOZA,2,,PT
1,8,CHIHUAHUA,,,19,CHIHUAHUA,,,PRES_MUN,PAN_PRD,1,MARCO ANTONIO BONILLA MENDOZA,1,,PAN
1,8,CHIHUAHUA,,,19,CHIHUAHUA,,,REG,PAN_PRD,1,JOCELINE VEGA VARGAS,2,,PAN
1,8,CHIHUAHUA,,,19,CHIHUAHUA,,,REG,PAN_PRD,2,FRANCISCO JAVIER TURATI MUÑOZ,1,,PAN
1,8,CHIHUAHUA,,,19,CHIHUAHUA,,,REG,PAN_PRD,3,DIANA AZUCENA ACOSTA LOPEZ,2,,PRD
1,8,CHIHUAHUA,,,19,CHIHUAHUA,,,REG,PAN_PRD,4,ERNESTO IBARRA SARMIENTO,1,,PAN
1,8,CHIHUAHUA,,,19,CHIHUAHUA,,,REG,PAN_PRD,5,RAQUEL BRAVO OSUNA,2,,PAN
1,8,CHIHUAHUA,,,19,CHIHUAHUA,,,REG,PAN_PRD,6,ISSAC DIAZ GURROLA,1,,PAN
1,8,CHIHUAHUA,,,19,CHIHUAHUA,,,REG,PAN_PRD,7,BLANCA PATRICIA ULATE BERNAL,2,,PAN
1,8,CHIHUAHUA,,,19,CHIHUAHUA,,,REG,PAN_PRD,8,JUAN PABLO CAMPOS LOPEZ,1,,PAN
1,8,CHIHUAHUA,,,19,CHIHUAHUA,,,REG,PAN_PRD,9,MARIA GUADALUPE BORRUEL BAQUERA,2,,PAN
1,8,CHIHUAHUA,,,19,CHIHUAHUA,,,REG,PAN_PRD,10,FELIX ARTURO MARTINEZ ADRIANO,1,,PAN
1,8,CHIHUAHUA,,,19,CHIHUAHUA,,,REG,PAN_PRD,11,GRACIELA ROJAS CARRILLO,2,,PAN
1,8,CHIHUAHUA,,,19,CHIHUAHUA,,,REG_RP,PRI,1,ANA LILIA OROZCO ORTIZ,2,,PRI
1,8,CHIHUAHUA,,,19,CHIHUAHUA,,,REG_RP,MC,1,MONCERRAT ELVIRA VILLARREAL TORRES,2,,MC
1,8,CHIHUAHUA,,,19,CHIHUAHUA,,,REG_RP,MORENA_PT_NACH,1,EVA AMERICA MAYAGOITIA PADILLA,2,,MORENA
1,8,CHIHUAHUA,,,19,CHIHUAHUA,,,REG_RP,MORENA_PT_NACH,2,JOSE ALFREDO NAVARRETE PAZ,1,,NACH
1,8,CHIHUAHUA,,,19,CHIHUAHUA,,,REG_RP,MORENA_PT_NACH,3,NADIA HANOI AGUILAR GIL,2,,PT
1,8,CHIHUAHUA,,,19,CHIHUAHUA,,,REG_RP,MORENA_PT_NACH,4,ALEJANDRO MORAN QUINTANA,1,,MORENA
1,8,CHIHUAHUA,,,19,CHIHUAHUA,,,REG_RP,MORENA_PT_NACH,5,INDRA MANZO RASCON,2,,NACH
1,8,CHIHUAHUA,,,19,CHIHUAHUA,,,REG_RP,MORENA_PT_NACH,6,ELIEL ALFREDO GARCIA RAMOS,1,,MORENA
1,8,CHIHUAHUA,,,19,CHIHUAHUA,,,REG_RP,MORENA_PT_NACH,7,ISHTAR IBARRA BARRAZA,2,,MORENA
1,8,CHIHUAHUA,,,20,CHINIPAS,,,PRES_MUN,PRI,1,SALOME RAMOS SALMON,1,,PRI
1,8,CHIHUAHUA,,,20,CHINIPAS,,,REG,PRI,1,EMA ANGELICA CORRAL TEJAQUE,2,,PRI
1,8,CHIHUAHUA,,,20,CHINIPAS,,,REG,PRI,2,JESUS ALEJANDRO SCHULTZ PORTILLO,1,,PRI
1,8,CHIHUAHUA,,,20,CHINIPAS,,,REG,PRI,3,RAMONA CAMPOY VALENZUELA,2,,PRI
1,8,CHIHUAHUA,,,20,CHINIPAS,,,REG,PRI,4,SALOME RASCON GONZALEZ,1,,PRI
1,8,CHIHUAHUA,,,20,CHINIPAS,,,REG,PRI,5,VICTORIA MARTINEZ MIRANDA,2,,PRI
1,8,CHIHUAHUA,,,20,CHINIPAS,,,REG_RP,MORENA,1,NEYRA HERMELINDA MEDINA GARCIA,2,,MORENA
1,8,CHIHUAHUA,,,20,CHINIPAS,,,REG_RP,MORENA,2,EVERARDO SERVIN ENRIQUEZ,1,,MORENA
1,8,CHIHUAHUA,,,20,CHINIPAS,,,REG_RP,MC,1,JORGE LUIS GARCIA ALANIS,1,,MC
1,8,CHIHUAHUA,,,21,DELICIAS,,,PRES_MUN,PAN_PRD,1,JESUS ALBERTO VALENCIANO GARCIA,1,,PAN
1,8,CHIHUAHUA,,,21,DELICIAS,,,REG,PAN_PRD,1,ANA CECILIA GONZALEZ ZUCCOLOTTO,2,,PAN
1,8,CHIHUAHUA,,,21,DELICIAS,,,REG,PAN_PRD,2,MARIO ALBERTO MATA LICON,1,,PAN
1,8,CHIHUAHUA,,,21,DELICIAS,,,REG,PAN_PRD,3,SILVIA YOLANDA ROMAN SAENZ,2,,PAN
1,8,CHIHUAHUA,,,21,DELICIAS,,,REG,PAN_PRD,4,LUIS DAVID GALLEGOS CARRASCO,1,,PAN
1,8,CHIHUAHUA,,,21,DELICIAS,,,REG,PAN_PRD,5,NORMA ACEVES OLIVAS,2,,PRD
1,8,CHIHUAHUA,,,21,DELICIAS,,,REG,PAN_PRD,6,JESUS ALFONSO RODRIGUEZ PORRAS,1,,PRD
1,8,CHIHUAHUA,,,21,DELICIAS,,,REG,PAN_PRD,7,MARIA DE LOURDES GONZALEZ LOZANO,2,,PAN
1,8,CHIHUAHUA,,,21,DELICIAS,,,REG,PAN_PRD,8,MARCOS ULISES DOMINGUEZ MORENO,1,,PAN
1,8,CHIHUAHUA,,,21,DELICIAS,,,REG,PAN_PRD,9,HORTENSIA JAQUEZ JARAMILLO,2,,PAN
1,8,CHIHUAHUA,,,21,DELICIAS,,,REG_RP,MORENA_PT_NACH,1,ANA LILIA LEYVA HOLGUIN,2,,PT
1,8,CHIHUAHUA,,,21,DELICIAS,,,REG_RP,MORENA_PT_NACH,2,RAFAEL DEHERAS DOMINGUEZ,1,,MORENA
1,8,CHIHUAHUA,,,21,DELICIAS,,,REG_RP,MORENA_PT_NACH,3,FEDRA GONZALEZ HOLGUIN,2,,NACH
1,8,CHIHUAHUA,,,21,DELICIAS,,,REG_RP,PRI,1,ANA GABRIELA FRANCO DIAZ,2,,PRI
1,8,CHIHUAHUA,,,21,DELICIAS,,,REG_RP,PRI,2,JOSE CARREON RAMOS,1,,PRI
1,8,CHIHUAHUA,,,21,DELICIAS,,,REG_RP,MC,1,PATRICIA EDITH ARMENDARIZ GONZALEZ,2,,MC
1,8,CHIHUAHUA,,,21,DELICIAS,,,REG_RP,PVEM,1,ROCIO ROSALIA BELTRAN DEL RIO TORRES,2,,PVEM
1,8,CHIHUAHUA,,,22,DR. BELISARIO DOMINGUEZ,,,PRES_MUN,MC,1,FELIZARDO GALLEGOS LOYA,1,,MC
1,8,CHIHUAHUA,,,22,DR. BELISARIO DOMINGUEZ,,,REG,MC,1,GUADALUPE TORRES VENZOR,2,,MC
1,8,CHIHUAHUA,,,22,DR. BELISARIO DOMINGUEZ,,,REG,MC,2,OSCAR EDUARDO CHACON JAQUEZ,1,,MC
1,8,CHIHUAHUA,,,22,DR. BELISARIO DOMINGUEZ,,,REG,MC,3,GUADALUPE OLIVAS GUTIERREZ,2,,MC
1,8,CHIHUAHUA,,,22,DR. BELISARIO DOMINGUEZ,,,REG,MC,4,REYESEL CARRASCO RODRIGUEZ,1,,MC
1,8,CHIHUAHUA,,,22,DR. BELISARIO DOMINGUEZ,,,REG,MC,5,HERMINIA GONZALEZ NAVA,2,,MC
1,8,CHIHUAHUA,,,22,DR. BELISARIO DOMINGUEZ,,,REG_RP,PRI,1,MARTHA ELENA QUEZADA ANCHONDO,2,,PRI
1,8,CHIHUAHUA,,,22,DR. BELISARIO DOMINGUEZ,,,REG_RP,PRD,1,AZUCENA RIVOTA CEPEDA,2,,PRD
1,8,CHIHUAHUA,,,22,DR. BELISARIO DOMINGUEZ,,,REG_RP,PAN,1,RAUL EDUARDO BORUNDA PAQUOT,1,,PAN
1,8,CHIHUAHUA,,,23,GALEANA,,,PRES_MUN,PAN,1,AMMON DAYER LEBARON TRACY,1,,PAN
1,8,CHIHUAHUA,,,23,GALEANA,,,REG,PAN,1,ZONIA NUÑEZ CARDENAS,2,,PAN
1,8,CHIHUAHUA,,,23,GALEANA,,,REG,PAN,2,RUBEN AARON CARBAJAL PALACIO,1,,PAN
1,8,CHIHUAHUA,,,23,GALEANA,,,REG,PAN,3,NELIDA ACOSTA LOPEZ,2,,PAN
1,8,CHIHUAHUA,,,23,GALEANA,,,REG,PAN,4,FRANCISCO PEREZ CADENA,1,,PAN
1,8,CHIHUAHUA,,,23,GALEANA,,,REG,PAN,5,REYNA MARIA MACARIO DOMINGUEZ,2,,PAN
1,8,CHIHUAHUA,,,23,GALEANA,,,REG_RP,PVEM,1,VANESA CARRASCO ARREOLA,2,,PVEM
1,8,CHIHUAHUA,,,23,GALEANA,,,REG_RP,PES,1,CARMEN CRYSTAL ESCUDERO LOZANO,2,,PES
1,8,CHIHUAHUA,,,23,GALEANA,,,REG_RP,MORENA_PT_NACH,1,EDUARDO SALAICES FLORES,1,,MORENA
1,8,CHIHUAHUA,,,24,SANTA ISABEL,,,PRES_MUN,PRI,1,FERNANDO JACQUEZ,1,,PRI
1,8,CHIHUAHUA,,,24,SANTA ISABEL,,,REG,PRI,1,MARIA LIZETH PALACIOS ALTAMIRANO,2,,PRI
1,8,CHIHUAHUA,,,24,SANTA ISABEL,,,REG,PRI,2,BERNARDO SILVINO SOTO ARBALLO,1,,PRI
1,8,CHIHUAHUA,,,24,SANTA ISABEL,,,REG,PRI,3,ANA VERONICA SOTO HERNANDEZ,2,,PRI
1,8,CHIHUAHUA,,,24,SANTA ISABEL,,,REG,PRI,4,EDGAR ALEJANDRO GUIJARRO ARZAGA,1,,PRI
1,8,CHIHUAHUA,,,24,SANTA ISABEL,,,REG,PRI,5,JANETH MENDOZA MOJICA,2,,PRI
1,8,CHIHUAHUA,,,24,SANTA ISABEL,,,REG_RP,PAN,1,PETRA LIMAS BRAVO,2,,PAN
1,8,CHIHUAHUA,,,24,SANTA ISABEL,,,REG_RP,PAN,2,LUIS CARLOS MEZA FLORES,1,,PAN
1,8,CHIHUAHUA,,,24,SANTA ISABEL,,,REG_RP,MORENA,1,JESUS VILLA SANDOVAL,1,,MORENA
1,8,CHIHUAHUA,,,25,GOMEZ FARIAS,,,PRES_MUN,PRI,1,MARIA DE LOS ANGELES MORENO RASCON,2,,PRI
1,8,CHIHUAHUA,,,25,GOMEZ FARIAS,,,REG,PRI,1,CALEB ARTURO SOLANO MONTES,1,,PRI
1,8,CHIHUAHUA,,,25,GOMEZ FARIAS,,,REG,PRI,2,KENIA LIZBETH RIOS MADRID,2,,PRI
1,8,CHIHUAHUA,,,25,GOMEZ FARIAS,,,REG,PRI,3,LUIS CARLOS TENA VAZQUEZ,1,,PRI
1,8,CHIHUAHUA,,,25,GOMEZ FARIAS,,,REG,PRI,4,ELSA CECILIA VEGA VEGA,2,,PRI
1,8,CHIHUAHUA,,,25,GOMEZ FARIAS,,,REG,PRI,5,JUAN CARLOS BAYLON ORTIZ,1,,PRI
1,8,CHIHUAHUA,,,25,GOMEZ FARIAS,,,REG_RP,PES,1,NULBIA GABRIELA HERNANDEZ SAENZ,2,,PES
1,8,CHIHUAHUA,,,25,GOMEZ FARIAS,,,REG_RP,MC,1,NORMA ISABEL DOMINGUEZ ZUBIA,2,,MC
1,8,CHIHUAHUA,,,25,GOMEZ FARIAS,,,REG_RP,MORENA_PT_NACH,1,SAUL DOMINGUEZ ESPINO,1,,NACH
1,8,CHIHUAHUA,,,26,GRAN MORELOS,,,PRES_MUN,PVEM,1,GILBERTO GUTIERREZ MONTES,1,,PVEM
1,8,CHIHUAHUA,,,26,GRAN MORELOS,,,REG,PVEM,1,BERENICE JUDITH NUÑEZ PORTILLO,2,,PVEM
1,8,CHIHUAHUA,,,26,GRAN MORELOS,,,REG,PVEM,2,ERASMO VAZQUEZ CARRILLO,1,,PVEM
1,8,CHIHUAHUA,,,26,GRAN MORELOS,,,REG,PVEM,3,SOCORRO RODRIGUEZ GARCIA,2,,PVEM
1,8,CHIHUAHUA,,,26,GRAN MORELOS,,,REG,PVEM,4,FAUSTINO MENDOZA MENDOZA,1,,PVEM
1,8,CHIHUAHUA,,,26,GRAN MORELOS,,,REG,PVEM,5,TOMASA NUÑEZ BORUNDA,2,,PVEM
1,8,CHIHUAHUA,,,26,GRAN MORELOS,,,REG_RP,PRI,1,PALMA ESTHER FERNANDEZ PARADA,2,,PRI
1,8,CHIHUAHUA,,,26,GRAN MORELOS,,,REG_RP,PAN,1,CARLOS MANUEL JAQUEZ AYALA,1,,PAN
1,8,CHIHUAHUA,,,26,GRAN MORELOS,,,REG_RP,MORENA,1,ISABEL LOYA ROMERO,2,,MORENA
1,8,CHIHUAHUA,,,27,GUACHOCHI,,,PRES_MUN,PRI,1,JOSE MIGUEL YAÑEZ RONQUILLO,1,,PRI
1,8,CHIHUAHUA,,,27,GUACHOCHI,,,REG,PRI,1,KENDY ANALI CEBALLOS MOLINA,2,,PRI
1,8,CHIHUAHUA,,,27,GUACHOCHI,,,REG,PRI,2,CESAR ARMANDO MARTINEZ BUSTILLOS,1,,PRI
1,8,CHIHUAHUA,,,27,GUACHOCHI,,,REG,PRI,3,CYNTIA ESTELA SANDOVAL BUSTILLOS,2,,PRI
1,8,CHIHUAHUA,,,27,GUACHOCHI,,,REG,PRI,4,JESUS PAUL LOYA RECALACHE,1,,PRI
1,8,CHIHUAHUA,,,27,GUACHOCHI,,,REG,PRI,5,MARGARITA GONZALEZ GONZALEZ,2,,PRI
1,8,CHIHUAHUA,,,27,GUACHOCHI,,,REG,PRI,6,FELIX GASTELUM MOLINA,1,,PRI
1,8,CHIHUAHUA,,,27,GUACHOCHI,,,REG,PRI,7,MAYRA BUSTILLOS ESPINO,2,,PRI
1,8,CHIHUAHUA,,,27,GUACHOCHI,,,REG_RP,MORENA_PT_NACH,1,BERTA ALICIA CRUZ GUTIERREZ,2,,MORENA
1,8,CHIHUAHUA,,,27,GUACHOCHI,,,REG_RP,MORENA_PT_NACH,2,PASCUAL CEBALLOS FONTEZ,1,,MORENA
1,8,CHIHUAHUA,,,27,GUACHOCHI,,,REG_RP,MORENA_PT_NACH,3,FLORENCIA ARMENDARIZ CARRILLO,2,,PT
1,8,CHIHUAHUA,,,27,GUACHOCHI,,,REG_RP,PAN_PRD,1,OLGA LOERA BUSTILLOS,2,,PAN
1,8,CHIHUAHUA,,,27,GUACHOCHI,,,REG_RP,PAN_PRD,2,JAVIER EDUARDO MORENO GUTIERREZ,1,,PAN
1,8,CHIHUAHUA,,,28,GUADALUPE,,,PRES_MUN,PVEM,1,FAUSTO GONZALEZ PEREZ,1,,PVEM
1,8,CHIHUAHUA,,,28,GUADALUPE,,,REG,PVEM,1,CAROLINA OLIVO VEGA,2,,PVEM
1,8,CHIHUAHUA,,,28,GUADALUPE,,,REG,PVEM,2,TEODORO REYES VICENTE,1,,PVEM
1,8,CHIHUAHUA,,,28,GUADALUPE,,,REG,PVEM,3,KARLA ROCIO RAMIREZ REYES,2,,PVEM
1,8,CHIHUAHUA,,,28,GUADALUPE,,,REG,PVEM,4,ROSALIO PEÑA FLACO,1,,PVEM
1,8,CHIHUAHUA,,,28,GUADALUPE,,,REG,PVEM,5,ADILENE ORTIZ ESPINOZA,2,,PVEM
1,8,CHIHUAHUA,,,28,GUADALUPE,,,REG_RP,PAN,1,ADRIANA ALVAREZ VELARDE,2,,PAN
1,8,CHIHUAHUA,,,28,GUADALUPE,,,REG_RP,PRI,1,MARIO EDUARDO HERRERA PRIETO,1,,PRI
1,8,CHIHUAHUA,,,28,GUADALUPE,,,REG_RP,MC,1,AIDE GOMEZ TARANGO,2,,MC
1,8,CHIHUAHUA,,,29,GUADALUPE Y CALVO,,,PRES_MUN,PRI,1,JULIO CESAR CHAVEZ PONCE,1,,PRI
1,8,CHIHUAHUA,,,29,GUADALUPE Y CALVO,,,REG,PRI,1,ANARITA LOERA TORRES,2,,PRI
1,8,CHIHUAHUA,,,29,GUADALUPE Y CALVO,,,REG,PRI,2,ARTURO MORALES OLIVAS,1,,PRI
1,8,CHIHUAHUA,,,29,GUADALUPE Y CALVO,,,REG,PRI,3,PERLA ADELINA GONZALEZ MOLINA,2,,PRI
1,8,CHIHUAHUA,,,29,GUADALUPE Y CALVO,,,REG,PRI,4,MARIO CHAVEZ LACHICA,1,,PRI
1,8,CHIHUAHUA,,,29,GUADALUPE Y CALVO,,,REG,PRI,5,MARIA LUCIANA MEZA ESPINOZA,2,,PRI
1,8,CHIHUAHUA,,,29,GUADALUPE Y CALVO,,,REG,PRI,6,JOSE FELIX CHAVEZ MONTOYA,1,,PRI
1,8,CHIHUAHUA,,,29,GUADALUPE Y CALVO,,,REG,PRI,7,EDENY RIOS HERRERA,2,,PRI
1,8,CHIHUAHUA,,,29,GUADALUPE Y CALVO,,,REG_RP,PAN,1,EVA GUADALUPE OLIVAREZ ALVARADO,2,,PAN
1,8,CHIHUAHUA,,,29,GUADALUPE Y CALVO,,,REG_RP,PAN,2,MALAQUIAS ORPINEDA RODRIGUEZ,1,,PAN
1,8,CHIHUAHUA,,,29,GUADALUPE Y CALVO,,,REG_RP,PAN,3,GLORIA DANIELA HERRERA AMARILLAS,2,,PAN
1,8,CHIHUAHUA,,,29,GUADALUPE Y CALVO,,,REG_RP,MORENA,1,MAYRELA JANETH LOERA URTUZUASTEGUI,2,,MORENA
1,8,CHIHUAHUA,,,29,GUADALUPE Y CALVO,,,REG_RP,MORENA,2,ALBINA HERRERA QUIÑONES,2,,MORENA
1,8,CHIHUAHUA,,,30,GUAZAPARES,,,PRES_MUN,PAN,1,JOEL GUILLERMO BUSTILLOS RAMIREZ,1,,PAN
1,8,CHIHUAHUA,,,30,GUAZAPARES,,,REG,PAN,1,RAMONA SALMERON COTA,2,,PAN
1,8,CHIHUAHUA,,,30,GUAZAPARES,,,REG,PAN,2,JOSE ROSARIO CRUZ VALDEZ,1,,PAN
1,8,CHIHUAHUA,,,30,GUAZAPARES,,,REG,PAN,3,ISELA GUADALUPE CRUZ REYES,2,,PAN
1,8,CHIHUAHUA,,,30,GUAZAPARES,,,REG,PAN,4,NOE PEREZ GONZALEZ,1,,PAN
1,8,CHIHUAHUA,,,30,GUAZAPARES,,,REG,PAN,5,FELICITAS LUGO REYES,2,,PAN
1,8,CHIHUAHUA,,,30,GUAZAPARES,,,REG_RP,MORENA,1,TOMAS ENRIQUE PARRA ZAPATA,1,,MORENA
1,8,CHIHUAHUA,,,30,GUAZAPARES,,,REG_RP,MORENA,2,FIDELINA MURILLO MANRRIQUEZ,2,,MORENA
1,8,CHIHUAHUA,,,30,GUAZAPARES,,,REG_RP,MC,1,EDEN GAMALIEL MARQUEZ AGUIAR,1,,MC
1,8,CHIHUAHUA,,,31,GUERRERO,,,PRES_MUN,MORENA_PT_NACH,1,CARLOS COMADURAN AMAYA,1,,MORENA
1,8,CHIHUAHUA,,,31,GUERRERO,,,REG,MORENA_PT_NACH,1,PERLA CRISTINA PEÑA GARCIA,2,,MORENA
1,8,CHIHUAHUA,,,31,GUERRERO,,,REG,MORENA_PT_NACH,2,EVER PAUL ARMENTA MOLINA,1,,PT
1,8,CHIHUAHUA,,,31,GUERRERO,,,REG,MORENA_PT_NACH,4,HECTOR LARA FLORES,1,,MORENA
1,8,CHIHUAHUA,,,31,GUERRERO,,,REG,MORENA_PT_NACH,5,ROSA HILDA CARRERA MARTINEZ,2,,MORENA
1,8,CHIHUAHUA,,,31,GUERRERO,,,REG,MORENA_PT_NACH,6,JESUS ALFREDO MALDONADO JUAREZ,1,,MORENA
1,8,CHIHUAHUA,,,31,GUERRERO,,,REG,MORENA_PT_NACH,7,LILIANA PORTILLO ECHAVARRIA,2,,MORENA
1,8,CHIHUAHUA,,,31,GUERRERO,,,REG,MORENA_PT_NACH,8,JESUS ANTONIO CARDENAS DOMINGUEZ,1,,MORENA
1,8,CHIHUAHUA,,,31,GUERRERO,,,REG,MORENA_PT_NACH,9,NIDIA RUBI ACOSTA GONZALEZ,2,,MORENA
1,8,CHIHUAHUA,,,31,GUERRERO,,,REG_RP,PRI,1,MARCELINA GOMEZ HERRERA,2,,PRI
1,8,CHIHUAHUA,,,31,GUERRERO,,,REG_RP,PRI,2,DORA ISELA DURAN MARTINEZ,2,,PRI
1,8,CHIHUAHUA,,,31,GUERRERO,,,REG_RP,PRI,3,JAIME SILVA MANRIQUEZ,1,,PRI
1,8,CHIHUAHUA,,,31,GUERRERO,,,REG_RP,PAN,1,MARTHA GUADALUPE MORENO SALDAÑA,2,,PAN
1,8,CHIHUAHUA,,,31,GUERRERO,,,REG_RP,PAN,2,RENATO ERIVES LOYA,1,,PAN
1,8,CHIHUAHUA,,,31,GUERRERO,,,REG_RP,MC,1,BLANCA NORA ANTILLON RIOS,2,,MC
1,8,CHIHUAHUA,,,31,GUERRERO,,,REG_RP,MC,2,JESUS MENDEZ VILLALOBOS,1,,MC
1,8,CHIHUAHUA,,,31,GUERRERO,,,REG_RP,FXM,1,JENIFFER DE LA O CORONADO,2,,FXM
1,8,CHIHUAHUA,,,32,HIDALGO DEL PARRAL,,,PRES_MUN,MC,1,CESAR ALBERTO PEÑA VALLES,1,,MC
1,8,CHIHUAHUA,,,32,HIDALGO DEL PARRAL,,,REG,MC,1,LORENA LILIANA VALDEZ CORDOBA,2,,MC
1,8,CHIHUAHUA,,,32,HIDALGO DEL PARRAL,,,REG,MC,2,JUAN EFREN RODRIGUEZ BELTRAN,1,,MC
1,8,CHIHUAHUA,,,32,HIDALGO DEL PARRAL,,,REG,MC,3,TANIA IBARRA VILLALOBOS,2,,MC
1,8,CHIHUAHUA,,,32,HIDALGO DEL PARRAL,,,REG,MC,4,OSCAR DUARTE JURADO,1,,MC
1,8,CHIHUAHUA,,,32,HIDALGO DEL PARRAL,,,REG,MC,5,BEATRIZ EUGENIA YAÑEZ RAMIREZ,2,,MC
1,8,CHIHUAHUA,,,32,HIDALGO DEL PARRAL,,,REG,MC,6,CESAR VICENTE GUTIERREZ MORA,1,,MC
1,8,CHIHUAHUA,,,32,HIDALGO DEL PARRAL,,,REG,MC,7,LAURA CECILIA ARVIZO GARCIA,2,,MC
1,8,CHIHUAHUA,,,32,HIDALGO DEL PARRAL,,,REG,MC,8,JULIO CESAR CHAVEZ HERNANDEZ,1,,MC
1,8,CHIHUAHUA,,,32,HIDALGO DEL PARRAL,,,REG,MC,9,AURELIA REYES RUBI,2,,MC
1,8,CHIHUAHUA,,,32,HIDALGO DEL PARRAL,,,REG_RP,PRI,1,CRISTINA ANGELICA MOLINA SOTO,2,,PRI
1,8,CHIHUAHUA,,,32,HIDALGO DEL PARRAL,,,REG_RP,PRI,2,JOSE ANGEL RIVERA RIVERA,1,,PRI
1,8,CHIHUAHUA,,,32,HIDALGO DEL PARRAL,,,REG_RP,PRI,3,DALILA CLICERIA VILLALOBOS VILLALOBOS,2,,PRI
1,8,CHIHUAHUA,,,32,HIDALGO DEL PARRAL,,,REG_RP,PES,1,IRMA ALEJANDRA PEREZ MOLINA,2,,PES
1,8,CHIHUAHUA,,,32,HIDALGO DEL PARRAL,,,REG_RP,PES,2,JUAN DE DIOS LOYA LAZCANO,1,,PES
1,8,CHIHUAHUA,,,32,HIDALGO DEL PARRAL,,,REG_RP,PAN,1,MARIA DEL REFUGIO OCHOA PRIETO,2,,PAN
1,8,CHIHUAHUA,,,32,HIDALGO DEL PARRAL,,,REG_RP,MORENA_PT_NACH,1,CINTHIA ALEJANDRA CHAVEZ ORTIZ,2,,MORENA
1,8,CHIHUAHUA,,,33,HUEJOTITAN,,,PRES_MUN,PRI,1,FLORA RUIZ CORRAL,2,,PRI
1,8,CHIHUAHUA,,,33,HUEJOTITAN,,,REG,PRI,1,LUIS ALONSO CHAVEZ VILLALOBOS,1,,PRI
1,8,CHIHUAHUA,,,33,HUEJOTITAN,,,REG,PRI,2,ANGELICA MENDEZ MORA,2,,PRI
1,8,CHIHUAHUA,,,33,HUEJOTITAN,,,REG,PRI,3,ROSARIO CARBAJAL RUIZ,1,,PRI
1,8,CHIHUAHUA,,,33,HUEJOTITAN,,,REG,PRI,4,IRENE JURADO AROSTEGUI,2,,PRI
1,8,CHIHUAHUA,,,33,HUEJOTITAN,,,REG,PRI,5,JULIO CESAR CHAVIRA BACA,1,,PRI
1,8,CHIHUAHUA,,,33,HUEJOTITAN,,,REG_RP,PAN,1,CARMELA RIVERA OCHOA,2,,PAN
1,8,CHIHUAHUA,,,33,HUEJOTITAN,,,REG_RP,PAN,2,JAVIER GARCIA FRANCO,1,,PAN
1,8,CHIHUAHUA,,,33,HUEJOTITAN,,,REG_RP,PAN,3,LUCINA CHAVEZ YAÑEZ,2,,PAN
1,8,CHIHUAHUA,,,34,IGNACIO ZARAGOZA,,,PRES_MUN,MC,1,LAURO OROZCO GOMEZ,1,,MC
1,8,CHIHUAHUA,,,34,IGNACIO ZARAGOZA,,,REG,MC,1,CARMEN MARIA FAVELA CHAVEZ,2,,MC
1,8,CHIHUAHUA,,,34,IGNACIO ZARAGOZA,,,REG,MC,2,JOSE RAMON RIOS MAGALLANES,1,,MC
1,8,CHIHUAHUA,,,34,IGNACIO ZARAGOZA,,,REG,MC,3,MAGALY GAYTAN BENCOMO,2,,MC
1,8,CHIHUAHUA,,,34,IGNACIO ZARAGOZA,,,REG,MC,4,SOCORRO LEON MORALES,1,,MC
1,8,CHIHUAHUA,,,34,IGNACIO ZARAGOZA,,,REG,MC,5,GUADALUPE MARQUEZ ARANA,2,,MC
1,8,CHIHUAHUA,,,34,IGNACIO ZARAGOZA,,,REG,MC,6,SAMUEL TREJO HERMOSILLO,1,,MC
1,8,CHIHUAHUA,,,34,IGNACIO ZARAGOZA,,,REG,MC,7,RAMONA LOZOYA CASTILLO,2,,MC
1,8,CHIHUAHUA,,,34,IGNACIO ZARAGOZA,,,REG_RP,FXM,1,PERLA ESMERALDA MARQUEZ PEREA,2,,FXM
1,8,CHIHUAHUA,,,34,IGNACIO ZARAGOZA,,,REG_RP,PAN,1,BAUDELIO VAZQUEZ HERNANDEZ,1,,PAN
1,8,CHIHUAHUA,,,34,IGNACIO ZARAGOZA,,,REG_RP,PT_MORENA_NACH,1,PABLO DE LA CRUZ VALDEZ,1,,MORENA
1,8,CHIHUAHUA,,,34,IGNACIO ZARAGOZA,,,REG_RP,PRD,1,KARINA ESTRADA RANGEL,2,,PRD
1,8,CHIHUAHUA,,,34,IGNACIO ZARAGOZA,,,REG_RP,PVEM,1,ELVIRA AZUCENA CARRASCO VEGA,2,,PVEM
1,8,CHIHUAHUA,,,35,JANOS,,,PRES_MUN,PAN,1,JOEL LOYA MARQUEZ,1,,PAN
1,8,CHIHUAHUA,,,35,JANOS,,,REG,PAN,1,DORA LUZ OCHOA GRAJEDA,2,,PAN
1,8,CHIHUAHUA,,,35,JANOS,,,REG,PAN,2,OSVALDO MARQUEZ ACOSTA,1,,PAN
1,8,CHIHUAHUA,,,35,JANOS,,,REG,PAN,3,DULCE IRENE PAEZ CHAVEZ,2,,PAN
1,8,CHIHUAHUA,,,35,JANOS,,,REG,PAN,4,ROSA EMA ANCHONDO MADRID,2,,PAN
1,8,CHIHUAHUA,,,35,JANOS,,,REG,PAN,5,VICTOR MANUEL ALVAREZ RONQUILLO,1,,PAN
1,8,CHIHUAHUA,,,35,JANOS,,,REG_RP,PRI,1,SONIA PINEDA MARTINEZ,2,,PRI
1,8,CHIHUAHUA,,,35,JANOS,,,REG_RP,FXM,1,MANUELA BERSABE TARIN DE ANDA,2,,FXM
1,8,CHIHUAHUA,,,35,JANOS,,,REG_RP,PES,1,YOLANDA ARZOLA GOMEZ,2,,PES
1,8,CHIHUAHUA,,,36,JIMENEZ,,,PRES_MUN,MORENA_PT_NACH,1,MARCOS CHAVEZ TORRES,1,,NACH
1,8,CHIHUAHUA,,,36,JIMENEZ,,,REG,MORENA_PT_NACH,1,JOHANA LUCIA CALZADIA MAURILIO,2,,NACH
1,8,CHIHUAHUA,,,36,JIMENEZ,,,REG,MORENA_PT_NACH,2,GUILLERMO YAÑEZ ESPINOZA,1,,NACH
1,8,CHIHUAHUA,,,36,JIMENEZ,,,REG,MORENA_PT_NACH,3,EUSTOLIA RAMIREZ MIRAMONTES,2,,PT
1,8,CHIHUAHUA,,,36,JIMENEZ,,,REG,MORENA_PT_NACH,4,FRANCISCO JAVIER RODRIGUEZ GARCIA,1,,NACH
1,8,CHIHUAHUA,,,36,JIMENEZ,,,REG,MORENA_PT_NACH,5,MARIA DEL SOCORRO CHAVEZ SALAS,2,,NACH
1,8,CHIHUAHUA,,,36,JIMENEZ,,,REG,MORENA_PT_NACH,6,JUAN MANUEL RODRIGUEZ BRETADO,1,,NACH
1,8,CHIHUAHUA,,,36,JIMENEZ,,,REG,MORENA_PT_NACH,7,LUZ DEL CARMEN REZA BUHAYA,2,,NACH
1,8,CHIHUAHUA,,,36,JIMENEZ,,,REG,MORENA_PT_NACH,8,PORFIRIO RAMIREZ MAGDALENO,1,,NACH
1,8,CHIHUAHUA,,,36,JIMENEZ,,,REG,MORENA_PT_NACH,9,ALMA BERENICE HERRERA HERNANDEZ,2,,NACH
1,8,CHIHUAHUA,,,36,JIMENEZ,,,REG_RP,PAN,1,NALLELY PATRICIA ACOSTA HOLGUIN,2,,PAN
1,8,CHIHUAHUA,,,36,JIMENEZ,,,REG_RP,PAN,2,FERNANDO ALONSO PIZAÑA MUÑOZ,1,,PAN
1,8,CHIHUAHUA,,,36,JIMENEZ,,,REG_RP,PAN,3,CINDY ARELY VAZQUEZ GAMEZ,2,,PAN
1,8,CHIHUAHUA,,,36,JIMENEZ,,,REG_RP,MC,1,YAIR JAVIER BACA MONTOYA,1,,MC
1,8,CHIHUAHUA,,,36,JIMENEZ,,,REG_RP,MC,2,DANIELA IVETTE LIMAS CANO,2,,MC
1,8,CHIHUAHUA,,,36,JIMENEZ,,,REG_RP,PRI,1,MARIA DE JESUS NERI AGUIRRE,2,,PRI
1,8,CHIHUAHUA,,,36,JIMENEZ,,,REG_RP,CAND_IND2,1,MARIA DE LA LUZ RIOS SILVA,2,,CAND_IND2
1,8,CHIHUAHUA,,,37,JUAREZ,,,PRES_MUN,MORENA_PT_NACH,1,CRUZ PEREZ CUELLAR,1,,MORENA
1,8,CHIHUAHUA,,,37,JUAREZ,,,REG,MORENA_PT_NACH,1,MA. DOLORES ADAME ALVARADO,1,,MORENA
1,8,CHIHUAHUA,,,37,JUAREZ,,,REG,MORENA_PT_NACH,2,HECTOR HUGO AVITIA ARELLANES,1,,PT
1,8,CHIHUAHUA,,,37,JUAREZ,,,REG,MORENA_PT_NACH,3,VANESSA MORA DE LA O,2,,NACH
1,8,CHIHUAHUA,,,37,JUAREZ,,,REG,MORENA_PT_NACH,4,ANTONIO DOMINGUEZ ALDERETE,1,,MORENA
1,8,CHIHUAHUA,,,37,JUAREZ,,,REG,MORENA_PT_NACH,5,YOLANDA CECILIA REYES CASTRO,2,,PT
1,8,CHIHUAHUA,,,37,JUAREZ,,,REG,MORENA_PT_NACH,6,JORGE MARCIAL BUENO QUIROZ,1,,NACH
1,8,CHIHUAHUA,,,37,JUAREZ,,,REG,MORENA_PT_NACH,7,ANA CARMEN ESTRADA GARCIA,2,,MORENA
1,8,CHIHUAHUA,,,37,JUAREZ,,,REG,MORENA_PT_NACH,8,PEDRO ALBERTO MATUS PEÑA,1,,PT
1,8,CHIHUAHUA,,,37,JUAREZ,,,REG,MORENA_PT_NACH,9,KARLA MICHAEEL ESCALANTE RAMIREZ,2,,NACH
1,8,CHIHUAHUA,,,37,JUAREZ,,,REG,MORENA_PT_NACH,10,MAYRA KARINA CASTILLO TAPIA,2,,MORENA
1,8,CHIHUAHUA,,,37,JUAREZ,,,REG,MORENA_PT_NACH,11,MARTHA PATRICIA MENDOZA RODRIGUEZ,2,,MORENA
1,8,CHIHUAHUA,,,37,JUAREZ,,,REG_RP,PAN_PRD,1,AMPARO BEL TRAN CEBALLOS,2,,PAN
1,8,CHIHUAHUA,,,37,JUAREZ,,,REG_RP,PAN_PRD,2,JOOB QUINTIN FLORES SILVA,1,,PAN
1,8,CHIHUAHUA,,,37,JUAREZ,,,REG_RP,PAN_PRD,3,AUSTRIA ELIZABETH GALINDO RODRIGUEZ,2,,PAN
1,8,CHIHUAHUA,,,37,JUAREZ,,,REG_RP,PAN_PRD,4,ENRIQUE TORRES VALADEZ,1,,PAN
1,8,CHIHUAHUA,,,37,JUAREZ,,,REG_RP,PAN_PRD,5,ALMA EDITH ARREDONDO SALINAS,2,,PAN
1,8,CHIHUAHUA,,,37,JUAREZ,,,REG_RP,PAN_PRD,6,VICTOR MANUEL TALAMANTES VAZQUEZ,1,,PAN
1,8,CHIHUAHUA,,,37,JUAREZ,,,REG_RP,PRI,1,JORGE ALBERTO GUTIERREZ CASAS,1,,PRI
1,8,CHIHUAHUA,,,37,JUAREZ,,,REG_RP,PRI,2,MIREYA PORRAS ARMENDARIZ,2,,PRI
1,8,CHIHUAHUA,,,37,JUAREZ,,,REG_RP,MC,1,TANIA MALDONADO GARDUNO,2,,MC
1,8,CHIHUAHUA,,,38,JULIMES,,,PRES_MUN,PRI,1,JOSE MONCAYO PORRAS,1,,PRI
1,8,CHIHUAHUA,,,38,JULIMES,,,REG,PRI,1,KAREN JIMENEZ ESPARZA,2,,PRI
1,8,CHIHUAHUA,,,38,JULIMES,,,REG,PRI,2,SERGIO ALBERTO JIMENEZ ROCHA,1,,PRI
1,8,CHIHUAHUA,,,38,JULIMES,,,REG,PRI,3,VERONICA MARIBEL ARAIZA AGUIRRE,2,,PRI
1,8,CHIHUAHUA,,,38,JULIMES,,,REG,PRI,4,LUZ EDGAR TINAJERO PORRAS,1,,PRI
1,8,CHIHUAHUA,,,38,JULIMES,,,REG,PRI,5,AMELIA RUIZ CASTILLO,2,,PRI
1,8,CHIHUAHUA,,,38,JULIMES,,,REG_RP,PAN,1,GERONIMO VALDEZ CAMPOS,1,,PAN
1,8,CHIHUAHUA,,,38,JULIMES,,,REG_RP,PAN,2,SOCORRO JAQUEZ NUÑEZ,2,,PAN
1,8,CHIHUAHUA,,,38,JULIMES,,,REG_RP,MORENA,1,ROSA EMA FRANCO SAENZ,2,,MORENA
1,8,CHIHUAHUA,,,39,LOPEZ,,,PRES_MUN,MC,1,HEBERTO CABALLERO ROMAN,1,,MC
1,8,CHIHUAHUA,,,39,LOPEZ,,,REG,MC,1,ADRIANA LUJAN NAÑEZ,2,,MC
1,8,CHIHUAHUA,,,39,LOPEZ,,,REG,MC,2,JOSE OSCAR FIGUEROA RODRIGUEZ,1,,MC
1,8,CHIHUAHUA,,,39,LOPEZ,,,REG,MC,3,NIDIA ESTELA MARIN HINOJOS,2,,MC
1,8,CHIHUAHUA,,,39,LOPEZ,,,REG,MC,4,JUAN LUIS QUIROZ AVILA,1,,MC
1,8,CHIHUAHUA,,,39,LOPEZ,,,REG,MC,5,ESTEFANIA TALAMANTES RIOS,2,,MC
1,8,CHIHUAHUA,,,39,LOPEZ,,,REG_RP,PRI,1,CYNTHIA JOSE MELENDEZ GARCIA,2,,PRI
1,8,CHIHUAHUA,,,39,LOPEZ,,,REG_RP,MORENA_PT_NACH,1,JESUS MANUEL ONTIVEROS GUZMAN,1,,PT
1,8,CHIHUAHUA,,,39,LOPEZ,,,REG_RP,PAN_PRD,1,JOSE LUIS RODRIGUEZ FLORES,1,,PAN
1,8,CHIHUAHUA,,,40,MADERA,,,PRES_MUN,PAN_PRD,1,MARCELINO PRIETO CARREON,1,,PAN
1,8,CHIHUAHUA,,,40,MADERA,,,REG,PAN_PRD,1,ROSARIO DOMINGUEZ HOLGUIN,2,,PAN
1,8,CHIHUAHUA,,,40,MADERA,,,REG,PAN_PRD,2,SERGIO PEREZ BANDA,1,,PAN
1,8,CHIHUAHUA,,,40,MADERA,,,REG,PAN_PRD,3,ROSA ANGELICA ADAME ORTEGA,2,,PAN
1,8,CHIHUAHUA,,,40,MADERA,,,REG,PAN_PRD,4,MANUEL ELIAS ACOSTA OROZCO,1,,PAN
1,8,CHIHUAHUA,,,40,MADERA,,,REG,PAN_PRD,5,ERIKA DOMINGUEZ MORALES,2,,PRD
1,8,CHIHUAHUA,,,40,MADERA,,,REG,PAN_PRD,6,ROMUALDO VILLAR HERNANDEZ,1,,PAN
1,8,CHIHUAHUA,,,40,MADERA,,,REG,PAN_PRD,7,MARIA ELENA ANTILLON MADRID,2,,PAN
1,8,CHIHUAHUA,,,40,MADERA,,,REG,PAN_PRD,8,CANDELARIO QUINTANA VILLAR,1,,PAN
1,8,CHIHUAHUA,,,40,MADERA,,,REG,PAN_PRD,9,YUDITH VIRIDIANA OROZCO VALDEZ,2,,PAN
1,8,CHIHUAHUA,,,40,MADERA,,,REG_RP,MORENA_PT_NACH,1,JESUS MILENA MURILLO MARTINEZ,1,,NACH
1,8,CHIHUAHUA,,,40,MADERA,,,REG_RP,MORENA_PT_NACH,2,ERIK CELIS FLORES,1,,MORENA
1,8,CHIHUAHUA,,,40,MADERA,,,REG_RP,MORENA_PT_NACH,3,GABRIELA LILIANA GONZALEZ RODRIGUEZ,2,,PT
1,8,CHIHUAHUA,,,40,MADERA,,,REG_RP,MORENA_PT_NACH,4,BERNARDO GUEVARA DOZAL,1,,NACH
1,8,CHIHUAHUA,,,40,MADERA,,,REG_RP,MORENA_PT_NACH,5,CARMEN NALLELY PEREZ ORTIZ,2,,MORENA
1,8,CHIHUAHUA,,,40,MADERA,,,REG_RP,PRI,1,FRANCISCA GAYTAN PLATEROS,2,,PRI
1,8,CHIHUAHUA,,,40,MADERA,,,REG_RP,RSP,1,THALIA TOQUINTO DOMINGUEZ,2,,RSP
1,8,CHIHUAHUA,,,41,MAGUARICHI,,,PRES_MUN,PRI,1,PEDRO IGNACIO QUEZADA ENRIQUEZ,1,,PRI
1,8,CHIHUAHUA,,,41,MAGUARICHI,,,REG,PRI,1,ALEJANDRA NUÑEZ CASTILLO,2,,PRI
1,8,CHIHUAHUA,,,41,MAGUARICHI,,,REG,PRI,2,JUAN CRUZ MANRIQUEZ,1,,PRI
1,8,CHIHUAHUA,,,41,MAGUARICHI,,,REG,PRI,3,BERTHA ALICIA SINALOA FRIAS,2,,PRI
1,8,CHIHUAHUA,,,41,MAGUARICHI,,,REG,PRI,4,JACOB BANDA CASTILLO,1,,PRI
1,8,CHIHUAHUA,,,41,MAGUARICHI,,,REG,PRI,5,MIRNA TAPIA MILLAN,2,,PRI
1,8,CHIHUAHUA,,,41,MAGUARICHI,,,REG_RP,MC,1,ADILIA BANDA GIRON,2,,MC
1,8,CHIHUAHUA,,,41,MAGUARICHI,,,REG_RP,PAN,1,OMAR ENRIQUE MORAN ACOSTA,1,,PAN
1,8,CHIHUAHUA,,,41,MAGUARICHI,,,REG_RP,PRD,1,ELOISA DELIA RASCON NUÑEZ,2,,PRD
1,8,CHIHUAHUA,,,42,MANUEL BENAVIDES,,,PRES_MUN,PRD,1,FERNANDO GARCIA VILLANUEVA,1,,PRD
1,8,CHIHUAHUA,,,42,MANUEL BENAVIDES,,,REG,PRD,1,SEIDY LUJAN LEYVA,2,,PRD
1,8,CHIHUAHUA,,,42,MANUEL BENAVIDES,,,REG,PRD,2,ROGELIO ARMENDARIZ GRANADOS,1,,PRD
1,8,CHIHUAHUA,,,42,MANUEL BENAVIDES,,,REG,PRD,3,ELSA ARACELY MONTOYA LUJAN,2,,PRD
1,8,CHIHUAHUA,,,42,MANUEL BENAVIDES,,,REG,PRD,4,HECTOR MARIO ARMENDARIZ VILLA,1,,PRD
1,8,CHIHUAHUA,,,42,MANUEL BENAVIDES,,,REG,PRD,5,FLOR SOCORRO VILLA PALMA,2,,PRD
1,8,CHIHUAHUA,,,42,MANUEL BENAVIDES,,,REG_RP,PT_MORENA_NACH,1,JUANA VILLA GALINDO,2,,PT
1,8,CHIHUAHUA,,,42,MANUEL BENAVIDES,,,REG_RP,PT_MORENA_NACH,2,NATALIO HERNANDEZ HERNANDEZ,1,,PT
1,8,CHIHUAHUA,,,42,MANUEL BENAVIDES,,,REG_RP,PVEM,1,SONIA PALMA VILLA,2,,PVEM
1,8,CHIHUAHUA,,,43,MATACHI,,,PRES_MUN,PRI,1,LORENA VAZQUEZ PEÑALOZA,2,,PRI
1,8,CHIHUAHUA,,,43,MATACHI,,,REG,PRI,1,HECTOR MANUEL BENCOMO MARQUEZ,1,,PRI
1,8,CHIHUAHUA,,,43,MATACHI,,,REG,PRI,2,LIZETH HERMINIA QUEZADA ERIVES,2,,PRI
1,8,CHIHUAHUA,,,43,MATACHI,,,REG,PRI,3,ALEJANDRO ROMERO CORDOVA,1,,PRI
1,8,CHIHUAHUA,,,43,MATACHI,,,REG,PRI,4,LETICIA MIRELLA VARELA SANDOVAL,2,,PRI
1,8,CHIHUAHUA,,,43,MATACHI,,,REG,PRI,5,CRUZ GUSTAVO BLANCO GOMEZ,1,,PRI
1,8,CHIHUAHUA,,,43,MATACHI,,,REG_RP,NACH,1,LUIS DAVID PEREZ QUINTANA,1,,NACH
1,8,CHIHUAHUA,,,43,MATACHI,,,REG_RP,MORENA,1,LUIS DOMINGUEZ ENRIQUEZ,1,,MORENA
1,8,CHIHUAHUA,,,43,MATACHI,,,REG_RP,PAN,1,SILVIA GUADALUPE JURADO ARVIZO,2,,PAN
1,8,CHIHUAHUA,,,44,MATAMOROS,,,PRES_MUN,PAN,1,JESUS ENRIQUE PEÑA VAZQUEZ,1,,PAN
1,8,CHIHUAHUA,,,44,MATAMOROS,,,REG,PAN,1,ISABEL CRISTINA ARMENDARIZ PARRA,2,,PAN
1,8,CHIHUAHUA,,,44,MATAMOROS,,,REG,PAN,2,SILVANO OCON VILLEGAS,1,,PAN
1,8,CHIHUAHUA,,,44,MATAMOROS,,,REG,PAN,3,ROCIO HERRERA HERRERA,2,,PAN
1,8,CHIHUAHUA,,,44,MATAMOROS,,,REG,PAN,4,ARMANDO VALLES GUTIERREZ,1,,PAN
1,8,CHIHUAHUA,,,44,MATAMOROS,,,REG,PAN,5,MARIA DEL REFUGIO CHAVEZ SAENZ,2,,PAN
1,8,CHIHUAHUA,,,44,MATAMOROS,,,REG_RP,PRI,1,ANDRES GUZMAN RUIZ,1,,PRI
1,8,CHIHUAHUA,,,44,MATAMOROS,,,REG_RP,PRI,2,CRISTINA GUADALUPE PORTILLO RIVAS,2,,PRI
1,8,CHIHUAHUA,,,44,MATAMOROS,,,REG_RP,MC,1,BONIFACIO RIVAS ARMENDARIZ,1,,MC
1,8,CHIHUAHUA,,,45,MEOQUI,,,PRES_MUN,PAN_PRD,1,MIRIAM SOTO ORNELAS,2,,PAN
1,8,CHIHUAHUA,,,45,MEOQUI,,,REG,PAN_PRD,1,MIGUEL ANTONIO GOMEZ HERMOSILLO,1,,PAN
1,8,CHIHUAHUA,,,45,MEOQUI,,,REG,PAN_PRD,2,MARIA MAGDALENA ARAMBULA TREJO,2,,PAN
1,8,CHIHUAHUA,,,45,MEOQUI,,,REG,PAN_PRD,3,EDY TALAMANTES FRANCO,1,,PAN
1,8,CHIHUAHUA,,,45,MEOQUI,,,REG,PAN_PRD,4,ZUYLEM VIANEY PEREZ PAVIA,2,,PAN
1,8,CHIHUAHUA,,,45,MEOQUI,,,REG,PAN_PRD,5,JORGE ARMANDO VELAZQUEZ QUIROZ,1,,PRD
1,8,CHIHUAHUA,,,45,MEOQUI,,,REG,PAN_PRD,6,ANA VICTORIA SOTO ALVIDREZ,2,,PAN
1,8,CHIHUAHUA,,,45,MEOQUI,,,REG,PAN_PRD,7,FRANCISCO ALEJANDRO OBREGON MALDONADO,1,,PAN
1,8,CHIHUAHUA,,,45,MEOQUI,,,REG,PAN_PRD,8,MONICA DE JESUS GONZALEZ FIERRO,2,,PAN
1,8,CHIHUAHUA,,,45,MEOQUI,,,REG,PAN_PRD,9,MARIO NAJERA RIVERA,1,,PAN
1,8,CHIHUAHUA,,,45,MEOQUI,,,REG_RP,MC,1,ELIZABETH TERRAZAS MELERO,2,,MC
1,8,CHIHUAHUA,,,45,MEOQUI,,,REG_RP,MC,2,JOSE EDUARDO LUJAN PRIETO,1,,MC
1,8,CHIHUAHUA,,,45,MEOQUI,,,REG_RP,MC,3,ANA MARIA BAÑUELOS BARCO,2,,MC
1,8,CHIHUAHUA,,,45,MEOQUI,,,REG_RP,CAND_IND3,1,MARIA CRESCENCIA ORTEGA FLORES,2,,CAND_IND3
1,8,CHIHUAHUA,,,45,MEOQUI,,,REG_RP,MORENA_PT_NACH,1,SERGIO GARCIA MATA,1,,PT
1,8,CHIHUAHUA,,,45,MEOQUI,,,REG_RP,PRI,1,OSCAR OMAR HINOJOS FIERRO,1,,PRI
1,8,CHIHUAHUA,,,45,MEOQUI,,,REG_RP,PES,1,ALMA YESSICA MARTINEZ MORALES,2,,PES
1,8,CHIHUAHUA,,,46,MORELOS,,,PRES_MUN,MORENA,1,JOSE DE LORETO JAVALERA BOJORQUEZ,1,,MORENA
1,8,CHIHUAHUA,,,46,MORELOS,,,REG,MORENA,1,ODELVA BUSTILLOS CRUZ,2,,MORENA
1,8,CHIHUAHUA,,,46,MORELOS,,,REG,MORENA,2,MARIO GIDIEL ORTIZ VALENZUELA,1,,MORENA
1,8,CHIHUAHUA,,,46,MORELOS,,,REG,MORENA,3,LESLIE JADELIN CHAVEZ MONTOYA,2,,MORENA
1,8,CHIHUAHUA,,,46,MORELOS,,,REG,MORENA,4,FEDERICO CASTRO CHAPARRO,1,,MORENA
1,8,CHIHUAHUA,,,46,MORELOS,,,REG,MORENA,5,MARISELA SAENZ FONTES,2,,MORENA
1,8,CHIHUAHUA,,,47,MORIS,,,PRES_MUN,PRI,1,PERLA GACELA LOPEZ PEREZ,2,,PRI
1,8,CHIHUAHUA,,,47,MORIS,,,REG,PRI,1,EDGAR RAMOS ACUÑA,1,,PRI
1,8,CHIHUAHUA,,,47,MORIS,,,REG,PRI,2,INES ACUÑA MEDINA,2,,PRI
1,8,CHIHUAHUA,,,47,MORIS,,,REG,PRI,3,FRANCISCO RANDOLFO RODRIGUEZ SERVIN,1,,PRI
1,8,CHIHUAHUA,,,47,MORIS,,,REG,PRI,4,CLAYDE LETICIA MERAZ VARGAS,2,,PRI
1,8,CHIHUAHUA,,,47,MORIS,,,REG,PRI,5,OCTAVIO CARRASCO TORRES,1,,PRI
1,8,CHIHUAHUA,,,47,MORIS,,,REG_RP,PAN,1,MIRTA ARISMENDI BOURNES,2,,PAN
1,8,CHIHUAHUA,,,47,MORIS,,,REG_RP,PAN,2,ANGEL REYES FLORES,1,,PAN
1,8,CHIHUAHUA,,,47,MORIS,,,REG_RP,MORENA,1,MARCOS ULISES PEREZ MARTINEZ,1,,MORENA
1,8,CHIHUAHUA,,,48,NAMIQUIPA,,,PRES_MUN,PRI,1,OSCAR BARRAZA ROBLEDO,1,,PRI
1,8,CHIHUAHUA,,,48,NAMIQUIPA,,,REG,PRI,1,MARTHA ELVIA BACA MORALES,2,,PRI
1,8,CHIHUAHUA,,,48,NAMIQUIPA,,,REG,PRI,2,GREGORIO ANCHONDO RIOS,1,,PRI
1,8,CHIHUAHUA,,,48,NAMIQUIPA,,,REG,PRI,3,GUILLERMINA ACOSTA MARQUEZ,2,,PRI
1,8,CHIHUAHUA,,,48,NAMIQUIPA,,,REG,PRI,4,LUIS DONALDO RIVERA VARELA,1,,PRI
1,8,CHIHUAHUA,,,48,NAMIQUIPA,,,REG,PRI,5,SABINA MADRID MENDOZA,2,,PRI
1,8,CHIHUAHUA,,,48,NAMIQUIPA,,,REG,PRI,6,SALVADOR OMAR MARQUEZ OLIVAS,1,,PRI
1,8,CHIHUAHUA,,,48,NAMIQUIPA,,,REG,PRI,7,ANA ISABEL PEREZ GOMEZ,2,,PRI
1,8,CHIHUAHUA,,,48,NAMIQUIPA,,,REG,PRI,8,LUCIO ALBERTO CHAVEZ ENRIQUEZ,1,,PRI
1,8,CHIHUAHUA,,,48,NAMIQUIPA,,,REG,PRI,9,NANCY CHUMACERO MARQUEZ,2,,PRI
1,8,CHIHUAHUA,,,48,NAMIQUIPA,,,REG_RP,PAN,1,MARTHA TERESA CARRASCO TENA,2,,PAN
1,8,CHIHUAHUA,,,48,NAMIQUIPA,,,REG_RP,PAN,2,FERNANDO LOYA VELEZ,1,,PAN
1,8,CHIHUAHUA,,,48,NAMIQUIPA,,,REG_RP,CAND_IND4,1,ANABEL LOYA ANTILLON,2,,CAND_IND4
1,8,CHIHUAHUA,,,48,NAMIQUIPA,,,REG_RP,CAND_IND4,2,IVAN RUBEN RIVERA MENDOZA,1,,CAND_IND4
1,8,CHIHUAHUA,,,48,NAMIQUIPA,,,REG_RP,MORENA_PT_NACH,1,CESAR IVAN DUARTE MARQUEZ,1,,MORENA
1,8,CHIHUAHUA,,,48,NAMIQUIPA,,,REG_RP,MC,1,VICTOR ABRAHAM MADRID,1,,MC
1,8,CHIHUAHUA,,,48,NAMIQUIPA,,,REG_RP,PRD,1,DIANA ELSA NEVAREZ NEVAREZ,2,,PRD
1,8,CHIHUAHUA,,,49,NONOAVA,,,PRES_MUN,MORENA,1,ARTURO SALINAS VILLALOBOS,1,,MORENA
1,8,CHIHUAHUA,,,49,NONOAVA,,,REG,MORENA,1,GABRIELA LECHUGA LUJAN,2,,MORENA
1,8,CHIHUAHUA,,,49,NONOAVA,,,REG,MORENA,2,EULALIO PARRA OLIVAS,1,,MORENA
1,8,CHIHUAHUA,,,49,NONOAVA,,,REG,MORENA,3,ESMERALDA GONZALEZ LARREA,2,,MORENA
1,8,CHIHUAHUA,,,49,NONOAVA,,,REG,MORENA,4,DIMAS CARMONA OLIVAS,1,,MORENA
1,8,CHIHUAHUA,,,49,NONOAVA,,,REG,MORENA,5,LUCIA LARREA LARREA,2,,MORENA
1,8,CHIHUAHUA,,,49,NONOAVA,,,REG_RP,PAN,1,AGRIPINA LOZANO HERNANDEZ,2,,PAN
1,8,CHIHUAHUA,,,49,NONOAVA,,,REG_RP,PAN,2,BRUNO MOLINA LARREA,1,,PAN
1,8,CHIHUAHUA,,,49,NONOAVA,,,REG_RP,PRI,1,EVA SAENZ GUANESPEN,2,,PRI
1,8,CHIHUAHUA,,,50,NUEVO CASAS GRANDES,,,PRES_MUN,MORENA_PT_NACH,1,CYNTHIA MARINA CEBALLOS DELGADO,2,,PT
1,8,CHIHUAHUA,,,50,NUEVO CASAS GRANDES,,,REG,MORENA_PT_NACH,1,JESUS JOSE CORONADO MAGALLANES,1,,PT
1,8,CHIHUAHUA,,,50,NUEVO CASAS GRANDES,,,REG,MORENA_PT_NACH,2,BRIANDA YANETH ESCARCEGA ESCONTRIAS,2,,PT
1,8,CHIHUAHUA,,,50,NUEVO CASAS GRANDES,,,REG,MORENA_PT_NACH,3,JUAN CRISOSTOMO DURAN ARRIETA,1,,MORENA
1,8,CHIHUAHUA,,,50,NUEVO CASAS GRANDES,,,REG,MORENA_PT_NACH,4,YENSY GUADALUPE CHAFINO CABRAL,2,,PT
1,8,CHIHUAHUA,,,50,NUEVO CASAS GRANDES,,,REG,MORENA_PT_NACH,5,LUIS JAVIER HERNANDEZ OLIVAS,1,,MORENA
1,8,CHIHUAHUA,,,50,NUEVO CASAS GRANDES,,,REG,MORENA_PT_NACH,6,CINTHIA RUBIO TABAREZ,2,,PT
1,8,CHIHUAHUA,,,50,NUEVO CASAS GRANDES,,,REG,MORENA_PT_NACH,7,RENE ARROYOS VILLALOBOS,1,,MORENA
1,8,CHIHUAHUA,,,50,NUEVO CASAS GRANDES,,,REG,MORENA_PT_NACH,8,ANTONIA ONTIVEROS MORALES,2,,MORENA
1,8,CHIHUAHUA,,,50,NUEVO CASAS GRANDES,,,REG,MORENA_PT_NACH,9,CESAR JESUS SANTIESTEBAN SANDOVAL,1,,MORENA
1,8,CHIHUAHUA,,,50,NUEVO CASAS GRANDES,,,REG,PAN_PRD,1,KARINA ZUBIATE SILVAS,2,,PRD
1,8,CHIHUAHUA,,,50,NUEVO CASAS GRANDES,,,REG,PAN_PRD,2,GABRIEL OROZCO CAZARES,1,,PAN
1,8,CHIHUAHUA,,,50,NUEVO CASAS GRANDES,,,REG,PAN_PRD,3,SILVIA GUADALUPE OROZCO ESTRADA,2,,PRD
1,8,CHIHUAHUA,,,50,NUEVO CASAS GRANDES,,,REG,MC,1,JULISSA OROZCO GRIEGO,2,,MC
1,8,CHIHUAHUA,,,50,NUEVO CASAS GRANDES,,,REG,PRI,1,BENJAMIN VARGAS CASTILLO,1,,PRI
1,8,CHIHUAHUA,,,50,NUEVO CASAS GRANDES,,,REG,PVEM,1,LIVIA YARISDY CRUZ RAMIREZ,2,,PVEM
1,8,CHIHUAHUA,,,50,NUEVO CASAS GRANDES,,,REG,PES,1,PEDRO BARBA MARTINEAU,1,,PES
1,8,CHIHUAHUA,,,51,OCAMPO,,,PRES_MUN,MORENA,1,JOSE LUIS LOZANO ESCANDON,1,,MORENA
1,8,CHIHUAHUA,,,51,OCAMPO,,,REG,MORENA,1,VANESSA HERLINDA LEDEZMA CHAVEZ,2,,MORENA
1,8,CHIHUAHUA,,,51,OCAMPO,,,REG,MORENA,2,OSCAR RAMIREZ BALDERRAMA,1,,MORENA
1,8,CHIHUAHUA,,,51,OCAMPO,,,REG,MORENA,3,AMALIA RODRIGUEZ PAREDES,2,,MORENA
1,8,CHIHUAHUA,,,51,OCAMPO,,,REG,MORENA,4,CESAR ALBERTO MARQUEZ LUNA,1,,MORENA
1,8,CHIHUAHUA,,,51,OCAMPO,,,REG,MORENA,5,BERTHA ELENA RAMOS,2,,MORENA
1,8,CHIHUAHUA,,,51,OCAMPO,,,REG_RP,PAN,1,FRANCISCO SÁENZ MORAN,1,,PAN
1,8,CHIHUAHUA,,,51,OCAMPO,,,REG_RP,PRI,1,JESÚS JAVIER PAREDES PONCE,1,,PRI
1,8,CHIHUAHUA,,,51,OCAMPO,,,REG_RP,PVEM,1,ANAHÍ VALDIVIEZO MONTES,2,,PVEM
1,8,CHIHUAHUA,,,52,OJINAGA,,,PRES_MUN,PRI,1,ANDRES RAMOS DE ANDA,1,,PRI
1,8,CHIHUAHUA,,,52,OJINAGA,,,REG,PRI,1,LETICIA CRISTINA ESCUDERO ORTIZ,2,,PRI
1,8,CHIHUAHUA,,,52,OJINAGA,,,REG,PRI,2,DANIEL ALBERTO ELIAS TREVIZO,1,,PRI
1,8,CHIHUAHUA,,,52,OJINAGA,,,REG,PRI,3,KARINA PRIETO MUÑOZ,2,,PRI
1,8,CHIHUAHUA,,,52,OJINAGA,,,REG,PRI,4,JOSE FRANCISCO PEREZ ARMENDARIZ,1,,PRI
1,8,CHIHUAHUA,,,52,OJINAGA,,,REG,PRI,5,PERLA EUNICE MACHUCA URQUIDI,2,,PRI
1,8,CHIHUAHUA,,,52,OJINAGA,,,REG,PRI,6,GILBERTO MATA LOPEZ,1,,PRI
1,8,CHIHUAHUA,,,52,OJINAGA,,,REG,PRI,7,MARIA DE LOS ANGELES MUÑOZ,2,,PRI
1,8,CHIHUAHUA,,,52,OJINAGA,,,REG,PRI,8,ELAM LOPEZ OLIVAS,1,,PRI
1,8,CHIHUAHUA,,,52,OJINAGA,,,REG,PRI,9,FLOR VANESSA PIÑA ARRAS,2,,PRI
1,8,CHIHUAHUA,,,52,OJINAGA,,,REG_RP,PAN,1,LIZETH GABALDÓN RAMÍREZ,2,,PAN
1,8,CHIHUAHUA,,,52,OJINAGA,,,REG_RP,PAN,2,JOSÉ ALFREDO HERNÁNDEZ GARCÍA,1,,PAN
1,8,CHIHUAHUA,,,52,OJINAGA,,,REG_RP,PAN,3,LOURDES GRACIA ORTEGA PANDO,2,,PAN
1,8,CHIHUAHUA,,,52,OJINAGA,,,REG_RP,PAN,4,VICENTE HERNÁNDEZ SERRANO,1,,PAN
1,8,CHIHUAHUA,,,52,OJINAGA,,,REG_RP,PAN,5,MARIANA LIBRADA GARCÍA SÁNCHEZ,2,,PAN
1,8,CHIHUAHUA,,,52,OJINAGA,,,REG_RP,MORENA_PT_NACH,1,DIANA CRISTINA VENEGAS,2,,NACH
1,8,CHIHUAHUA,,,52,OJINAGA,,,REG_RP,MORENA_PT_NACH,2,GREGORIO CALDERÓN MARTÍNEZ,1,,MORENA
1,8,CHIHUAHUA,,,53,PRAXEDIS G. GUERRERO,,,PRES_MUN,MORENA,1,SELESTINO ESTRADA VILLANUEVA,1,,MORENA
1,8,CHIHUAHUA,,,53,PRAXEDIS G. GUERRERO,,,REG,MORENA,1,JANETT VIVIANA MENDOZA CHAVARRIA,2,,MORENA
1,8,CHIHUAHUA,,,53,PRAXEDIS G. GUERRERO,,,REG,MORENA,2,FLORENTINO LUNA PEREZ,1,,MORENA
1,8,CHIHUAHUA,,,53,PRAXEDIS G. GUERRERO,,,REG,MORENA,3,ANA BEATRIZ GONZALEZ BARRAZA,2,,MORENA
1,8,CHIHUAHUA,,,53,PRAXEDIS G. GUERRERO,,,REG,MORENA,4,JORGE LUIS TORRES MALDONADO,1,,MORENA
1,8,CHIHUAHUA,,,53,PRAXEDIS G. GUERRERO,,,REG,MORENA,5,PERLA GUADALUPE SIGALA MACIAS,2,,MORENA
1,8,CHIHUAHUA,,,53,PRAXEDIS G. GUERRERO,,,REG_RP,PAN,1,MARIO ALBERTO HERRERA DE LA CRUZ,1,,PAN
1,8,CHIHUAHUA,,,53,PRAXEDIS G. GUERRERO,,,REG_RP,PRI,1,HÉCTOR NOE MORALES OTERO,1,,PRI
1,8,CHIHUAHUA,,,53,PRAXEDIS G. GUERRERO,,,REG_RP,MC,1,BEATRIZ MÁRQUEZ HOLGUÍN,2,,MC
1,8,CHIHUAHUA,,,54,RIVA PALACIO,,,PRES_MUN,PAN,1,SALVADOR CHACON RIVERA,1,,PAN
1,8,CHIHUAHUA,,,54,RIVA PALACIO,,,REG,PAN,1,MARIA GUADALUPE MONZALVO GONZALEZ,2,,PAN
1,8,CHIHUAHUA,,,54,RIVA PALACIO,,,REG,PAN,2,DANIEL VILLEZCAS LOPEZ,1,,PAN
1,8,CHIHUAHUA,,,54,RIVA PALACIO,,,REG,PAN,3,YOALI AVILA SALINAS,2,,PAN
1,8,CHIHUAHUA,,,54,RIVA PALACIO,,,REG,PAN,4,LUIS CARLOS LOYA BUSTAMANTE,1,,PAN
1,8,CHIHUAHUA,,,54,RIVA PALACIO,,,REG,PAN,5,IRMA NAJERA REGALADO,2,,PAN
1,8,CHIHUAHUA,,,54,RIVA PALACIO,,,REG,PAN,6,EVER OBED LOYA ESTRADA,1,,PAN
1,8,CHIHUAHUA,,,54,RIVA PALACIO,,,REG,PAN,7,CHRISTIAN RODRIGUEZ GARCIA,2,,PAN
1,8,CHIHUAHUA,,,54,RIVA PALACIO,,,REG_RP,PRI,1,NANCY SOCORRO IGLESIAS REGALADO,2,,PRI
1,8,CHIHUAHUA,,,54,RIVA PALACIO,,,REG_RP,PRI,2,RUBÉN ALONSO MEJÍA MATA,1,,PRI
1,8,CHIHUAHUA,,,54,RIVA PALACIO,,,REG_RP,PRI,3,MARÍA CARBAJAL SOLÍS,2,,PRI
1,8,CHIHUAHUA,,,54,RIVA PALACIO,,,REG_RP,PRI,4,RAMIRO PEREGRINO LÓPEZ,1,,PRI
1,8,CHIHUAHUA,,,54,RIVA PALACIO,,,REG_RP,MORENA,1,JAIME EDUARDO MIRELES TERÁN,1,,MORENA
1,8,CHIHUAHUA,,,55,ROSALES,,,PRES_MUN,PAN_PRD,1,MARCIAL ROMUALDO MARQUEZ GUTIERREZ,1,,PAN
1,8,CHIHUAHUA,,,55,ROSALES,,,REG,PAN_PRD,1,CATALINA FIERRO NATIVIDAD,2,,PAN
1,8,CHIHUAHUA,,,55,ROSALES,,,REG,PAN_PRD,2,JUAN LUIS ONTIVEROS CAZALES,1,,PAN
1,8,CHIHUAHUA,,,55,ROSALES,,,REG,PAN_PRD,3,ALMA ROSA GONZALEZ VARGAS,2,,PAN
1,8,CHIHUAHUA,,,55,ROSALES,,,REG,PAN_PRD,4,JOSE LUIS ONTIVEROS MEZA,1,,PAN
1,8,CHIHUAHUA,,,55,ROSALES,,,REG,PAN_PRD,5,OLGA LIDIA AMAYA BOLIVAR,2,,PAN
1,8,CHIHUAHUA,,,55,ROSALES,,,REG,PAN_PRD,6,JESUS IRAN ORTIZ CARDENAS,1,,PAN
1,8,CHIHUAHUA,,,55,ROSALES,,,REG,PAN_PRD,7,MAYRA LIZETH RAMIREZ CARDENAS,2,,PAN
1,8,CHIHUAHUA,,,55,ROSALES,,,REG_RP,PT,1,JOHANA RIVERA RODRÍGUEZ,2,,PT
1,8,CHIHUAHUA,,,55,ROSALES,,,REG_RP,PT,2,DALIA GUADALUPE ARÉVALO LOZANO,2,,PT
1,8,CHIHUAHUA,,,55,ROSALES,,,REG_RP,PRI,1,JOSÉ DOMÍNGUEZ RIVERA,1,,PRI
1,8,CHIHUAHUA,,,55,ROSALES,,,REG_RP,MC,1,GABRIELA YANETT ARELLANO SAUCEDO,2,,MC
1,8,CHIHUAHUA,,,55,ROSALES,,,REG_RP,MORENA,1,RAÚL ENRIQUE ZAPATA REYES,1,,MORENA
1,8,CHIHUAHUA,,,56,ROSARIO,,,PRES_MUN,PRI,1,ARON ALFONSO SAENZ EGUADE,1,,PRI
1,8,CHIHUAHUA,,,56,ROSARIO,,,REG,PRI,1,CARLA YADIRA TARIN CARTA,2,,PRI
1,8,CHIHUAHUA,,,56,ROSARIO,,,REG,PRI,2,ALVAR TERRAZAS TARIN,1,,PRI
1,8,CHIHUAHUA,,,56,ROSARIO,,,REG,PRI,3,ROCIO GOMEZ PRIETO,2,,PRI
1,8,CHIHUAHUA,,,56,ROSARIO,,,REG,PRI,4,OMAR RAMIREZ OLIVAS,1,,PRI
1,8,CHIHUAHUA,,,56,ROSARIO,,,REG,PRI,5,ALONDRA GARCIA BACA,2,,PRI
1,8,CHIHUAHUA,,,56,ROSARIO,,,REG_RP,PRD,1,SONIA ARGELIA ACOSTA CHÁVEZ,2,,PRD
1,8,CHIHUAHUA,,,56,ROSARIO,,,REG_RP,PRD,2,JESÚS EMILIO BACA LABRADO,1,,PRD
1,8,CHIHUAHUA,,,56,ROSARIO,,,REG_RP,PRD,3,CAROLINA BARRENO CRUZ,2,,PRD
1,8,CHIHUAHUA,,,57,SAN FRANCISCO DE BORJA,,,PRES_MUN,PRI,1,VICENTE ANSELMO NEVAREZ VILLALBA,1,,PRI
1,8,CHIHUAHUA,,,57,SAN FRANCISCO DE BORJA,,,REG,PRI,1,ESTHER FLORES MARIÑELARENA,2,,PRI
1,8,CHIHUAHUA,,,57,SAN FRANCISCO DE BORJA,,,REG,PRI,2,BERNARDO RODRIGUEZ AGUIRRE,1,,PRI
1,8,CHIHUAHUA,,,57,SAN FRANCISCO DE BORJA,,,REG,PRI,3,VILMA ARACELY PARRA GONZALEZ,2,,PRI
1,8,CHIHUAHUA,,,57,SAN FRANCISCO DE BORJA,,,REG,PRI,4,ANDRES SAENZ OLIVAS,1,,PRI
1,8,CHIHUAHUA,,,57,SAN FRANCISCO DE BORJA,,,REG,PRI,5,ALEJANDRA IBARBO GONZALEZ,2,,PRI
1,8,CHIHUAHUA,,,57,SAN FRANCISCO DE BORJA,,,REG_RP,PAN,1,MOISÉS OLIVAS CARO,1,,PAN
1,8,CHIHUAHUA,,,57,SAN FRANCISCO DE BORJA,,,REG_RP,PAN,2,YESSICA SOTO GONZÁLEZ,2,,PAN
1,8,CHIHUAHUA,,,57,SAN FRANCISCO DE BORJA,,,REG_RP,MORENA,1,BRENDA ANAHÍ LUCERO PARRA,2,,MORENA
1,8,CHIHUAHUA,,,58,SAN FRANCISCO DE CONCHOS,,,PRES_MUN,PRI,1,JAIME RAMIREZ CARRASCO,1,,PRI
1,8,CHIHUAHUA,,,58,SAN FRANCISCO DE CONCHOS,,,REG,PRI,1,MARIBEL VAZQUEZ CARRASCO,2,,PRI
1,8,CHIHUAHUA,,,58,SAN FRANCISCO DE CONCHOS,,,REG,PRI,2,JORGE ALONSO CASAS VALLES,1,,PRI
1,8,CHIHUAHUA,,,58,SAN FRANCISCO DE CONCHOS,,,REG,PRI,3,ROSAURA HIDALGO HERNANDEZ,2,,PRI
1,8,CHIHUAHUA,,,58,SAN FRANCISCO DE CONCHOS,,,REG,PRI,4,LUIS ENRIQUE FIERRO TALAMANTES,1,,PRI
1,8,CHIHUAHUA,,,58,SAN FRANCISCO DE CONCHOS,,,REG,PRI,5,MAYELA SOSA MARTINEZ,2,,PRI
1,8,CHIHUAHUA,,,58,SAN FRANCISCO DE CONCHOS,,,REG_RP,MC,1,DORA ELIA ESPINOZA PÉREZ,2,,MC
1,8,CHIHUAHUA,,,58,SAN FRANCISCO DE CONCHOS,,,REG_RP,MC,2,BLANCA ESTELA GARCÍA FIERRO,2,,MC
1,8,CHIHUAHUA,,,58,SAN FRANCISCO DE CONCHOS,,,REG_RP,MORENA,1,HUGO ENRIQUEZ LOZANO,1,,MORENA
1,8,CHIHUAHUA,,,59,SAN FRANCISCO DEL ORO,,,PRES_MUN,PT,1,ARTURO HUERTA LUEVANO,1,,PT
1,8,CHIHUAHUA,,,59,SAN FRANCISCO DEL ORO,,,REG,PT,1,MARIZA HOLGUIN LOPEZ,2,,PT
1,8,CHIHUAHUA,,,59,SAN FRANCISCO DEL ORO,,,REG,PT,2,JUAN GERARDO ROJAS SALCEDO,1,,PT
1,8,CHIHUAHUA,,,59,SAN FRANCISCO DEL ORO,,,REG,PT,3,FLOR ARACELI GARCIA GRANADOS,2,,PT
1,8,CHIHUAHUA,,,59,SAN FRANCISCO DEL ORO,,,REG,PT,4,JESUS FRANCISCO WONG COLMENERO,1,,PT
1,8,CHIHUAHUA,,,59,SAN FRANCISCO DEL ORO,,,REG,PT,5,KATIA JAEL TREJO RODRIGUEZ,2,,PT
1,8,CHIHUAHUA,,,59,SAN FRANCISCO DEL ORO,,,REG,PT,6,JOEL LUNA HERRERA,1,,PT
1,8,CHIHUAHUA,,,59,SAN FRANCISCO DEL ORO,,,REG,PT,7,BERENICE MORALES SOTO,2,,PT
1,8,CHIHUAHUA,,,59,SAN FRANCISCO DEL ORO,,,REG_RP,PVEM,1,IVETH GUADALUPE AGUIRRE CORREA,2,,PVEM
1,8,CHIHUAHUA,,,59,SAN FRANCISCO DEL ORO,,,REG_RP,PRI,1,JULIO CÉSAR QUINTANA MÉNDEZ,1,,PRI
1,8,CHIHUAHUA,,,59,SAN FRANCISCO DEL ORO,,,REG_RP,MC,1,NAYELI GUTIÉRREZ RODRÍGUEZ,2,,MC
1,8,CHIHUAHUA,,,59,SAN FRANCISCO DEL ORO,,,REG_RP,MORENA,1,MARIBEL GANDARILLA RODRÍGUEZ,2,,MORENA
1,8,CHIHUAHUA,,,59,SAN FRANCISCO DEL ORO,,,REG_RP,PES,1,KARIME CARO BUSTILLOS,2,,PES
1,8,CHIHUAHUA,,,60,SANTA BARBARA,,,PRES_MUN,PRI,1,JOSE ANTONIO BILBAO MARTINEZ,1,,PRI
1,8,CHIHUAHUA,,,60,SANTA BARBARA,,,REG,PRI,1,BLANCA ESTELA CASILLAS OLIVAS,2,,PRI
1,8,CHIHUAHUA,,,60,SANTA BARBARA,,,REG,PRI,2,VICTOR MANUEL ANTUNA ARMENDARIZ,1,,PRI
1,8,CHIHUAHUA,,,60,SANTA BARBARA,,,REG,PRI,3,NELLY AMAIRANY NAVARRETE CARO,2,,PRI
1,8,CHIHUAHUA,,,60,SANTA BARBARA,,,REG,PRI,4,CRISOSTOMO CHAVIRA MONTES,1,,PRI
1,8,CHIHUAHUA,,,60,SANTA BARBARA,,,REG,PRI,5,JULIA ROSA CORRAL CHAVEZ,2,,PRI
1,8,CHIHUAHUA,,,60,SANTA BARBARA,,,REG,PRI,6,HECTOR EDUARDO FAVELA DELGADO,1,,PRI
1,8,CHIHUAHUA,,,60,SANTA BARBARA,,,REG,PRI,7,ROSA ISELA RIVERA MADRIGAL,2,,PRI
1,8,CHIHUAHUA,,,60,SANTA BARBARA,,,REG_RP,MC,1,MARÍA EUGENIA LOYA SANDOVAL,2,,MC
1,8,CHIHUAHUA,,,60,SANTA BARBARA,,,REG_RP,FXM,1,CRUZ EMILIA TORRES GARCÍA,2,,FXM
1,8,CHIHUAHUA,,,60,SANTA BARBARA,,,REG_RP,PAN_PRD,1,MANUEL HÉCTOR MENDOZA,1,,PAN
1,8,CHIHUAHUA,,,60,SANTA BARBARA,,,REG_RP,PES,1,DIANA LAURA NORIEGA JIMÉNEZ,2,,PES
1,8,CHIHUAHUA,,,60,SANTA BARBARA,,,REG_RP,PT_MORENA_NACH,1,NANCY GALLARDO AMAYA,2,,MORENA
1,8,CHIHUAHUA,,,61,SATEVO,,,PRES_MUN,PAN,1,NORMA MUÑOZ ANCHONDO,2,,PAN
1,8,CHIHUAHUA,,,61,SATEVO,,,REG,PAN,1,ANGEL LERMA MONTOYA,1,,PAN
1,8,CHIHUAHUA,,,61,SATEVO,,,REG,PAN,2,BLANCA ESTELA SIFUENTES SANTILLANES,2,,PAN
1,8,CHIHUAHUA,,,61,SATEVO,,,REG,PAN,3,LUIS RAUDEL QUEZADA LARES,1,,PAN
1,8,CHIHUAHUA,,,61,SATEVO,,,REG,PAN,4,SOCORRO EDITH CHAVEZ SALCIDO,2,,PAN
1,8,CHIHUAHUA,,,61,SATEVO,,,REG,PAN,5,JAVIER HERNANDEZ MENDOZA,1,,PAN
1,8,CHIHUAHUA,,,61,SATEVO,,,REG_RP,MORENA,1,ELIZABETH GAMEROS TARANGO,2,,MORENA
1,8,CHIHUAHUA,,,61,SATEVO,,,REG_RP,MC,1,MARCOS MANUEL RUÍZ ALVÍDREZ,1,,MC
1,8,CHIHUAHUA,,,61,SATEVO,,,REG_RP,PRI,1,MANUELA SONIA CASTAÑEDA BARRIO,2,,PRI
1,8,CHIHUAHUA,,,62,SAUCILLO,,,PRES_MUN,PAN,1,MANUELA AIDE LOPEZ DE ANDA,2,,PAN
1,8,CHIHUAHUA,,,62,SAUCILLO,,,REG,PAN,1,LUIS HUMBERTO URANGA GONZALEZ,1,,PAN
1,8,CHIHUAHUA,,,62,SAUCILLO,,,REG,PAN,2,MARIVEL SALCIDO ALVAREZ,2,,PAN
1,8,CHIHUAHUA,,,62,SAUCILLO,,,REG,PAN,3,ENRIQUE TERRAZAS MARQUEZ,1,,PAN
1,8,CHIHUAHUA,,,62,SAUCILLO,,,REG,PAN,4,ALMA DELIA MONTAÑEZ PEÑA,2,,PAN
1,8,CHIHUAHUA,,,62,SAUCILLO,,,REG,PAN,5,JOSE MARIA VALDEZ ALVARADO,1,,PAN
1,8,CHIHUAHUA,,,62,SAUCILLO,,,REG,PAN,6,ROSA MARIA MARTA DELGADO,2,,PAN
1,8,CHIHUAHUA,,,62,SAUCILLO,,,REG,PAN,7,REYES JIMENEZ SERAFIN,1,,PAN
1,8,CHIHUAHUA,,,62,SAUCILLO,,,REG,PAN,8,SOCORRO ELISA GUERRERO RENTERIA,2,,PAN
1,8,CHIHUAHUA,,,62,SAUCILLO,,,REG,PAN,9,JESUS DE LA ROSA,1,,PAN
1,8,CHIHUAHUA,,,62,SAUCILLO,,,REG_RP,PRD,1,MARÍA GUADALUPE MENDOZA SÁNCHEZ,2,,PRD
1,8,CHIHUAHUA,,,62,SAUCILLO,,,REG_RP,PRD,2,LUIS RAÚL HERRERA MARES,1,,PRD
1,8,CHIHUAHUA,,,62,SAUCILLO,,,REG_RP,PT_MORENA_NACH,1,NORMA ALICIA GONZÁLEZ CHÁVEZ,2,,NACH
1,8,CHIHUAHUA,,,62,SAUCILLO,,,REG_RP,PT_MORENA_NACH,2,CLAUDIA MARÍA LICÓN HERNÁNDEZ,2,,PT
1,8,CHIHUAHUA,,,62,SAUCILLO,,,REG_RP,PRI,1,ÁLVARO NEGRETE SIERRA,1,,PRI
1,8,CHIHUAHUA,,,62,SAUCILLO,,,REG_RP,PES,1,SILVIA GRISELDA DURÁN GUERRERO,2,,PES
1,8,CHIHUAHUA,,,62,SAUCILLO,,,REG_RP,MC,1,JOSÉ FEDERICO DELGADO MARES,1,,MC
1,8,CHIHUAHUA,,,63,TEMOSACHIC,,,PRES_MUN,PRD,1,RAMON HUMBERTO VARELA GODINA,1,,PRD
1,8,CHIHUAHUA,,,63,TEMOSACHIC,,,REG,PRD,1,BLANCA ESTELA MUÑOZ MUÑOZ,2,,PRD
1,8,CHIHUAHUA,,,63,TEMOSACHIC,,,REG,PRD,2,MANUEL RENOVA MONTES,1,,PRD
1,8,CHIHUAHUA,,,63,TEMOSACHIC,,,REG,PRD,3,NIDIA AMERICA CORDOVA CANO,2,,PRD
1,8,CHIHUAHUA,,,63,TEMOSACHIC,,,REG,PRD,4,CANDELARIO OLIVAS GARDEA,1,,PRD
1,8,CHIHUAHUA,,,63,TEMOSACHIC,,,REG,PRD,5,CLAUDIA LEONOR RUIZ CORDOVA,2,,PRD
1,8,CHIHUAHUA,,,63,TEMOSACHIC,,,REG_RP,MORENA,1,ZAYRA RAQUEL TORRES RASCÓN,2,,MORENA
1,8,CHIHUAHUA,,,63,TEMOSACHIC,,,REG_RP,RSP,1,MANUEL DAVID PÉREZ FUENTES,1,,RSP
1,8,CHIHUAHUA,,,63,TEMOSACHIC,,,REG_RP,PAN,1,JOSÉ ANTONIO VÉLEZ MONTES,1,,PAN
1,8,CHIHUAHUA,,,64,EL TULE,,,PRES_MUN,PAN,1,JAVIER RODRIGUEZ CHAVEZ,1,,PAN
1,8,CHIHUAHUA,,,64,EL TULE,,,REG,PAN,1,ERMELINDA CHAVEZ DIAZ,2,,PAN
1,8,CHIHUAHUA,,,64,EL TULE,,,REG,PAN,2,ADAN CHAVEZ GUTIERREZ,1,,PAN
1,8,CHIHUAHUA,,,64,EL TULE,,,REG,PAN,3,NUBIA GUADALUPE LOZOYA CHAVEZ,2,,PAN
1,8,CHIHUAHUA,,,64,EL TULE,,,REG,PAN,4,MARIO YAÑEZ CORRAL,1,,PAN
1,8,CHIHUAHUA,,,64,EL TULE,,,REG,PAN,5,MA. DE LA LUZ RODRIGUEZ SALCIDO,2,,PAN
1,8,CHIHUAHUA,,,64,EL TULE,,,REG_RP,PRI,1,CARLOS EFRAÍN SÁNCHEZ PALMA,1,,PRI
1,8,CHIHUAHUA,,,64,EL TULE,,,REG_RP,PRI,2,CELIA LOYA YÁÑEZ,2,,PRI
1,8,CHIHUAHUA,,,64,EL TULE,,,REG_RP,MORENA,1,CARLOS LIBRADO SÁNCHEZ SOSA,1,,MORENA
1,8,CHIHUAHUA,,,65,URIQUE,,,PRES_MUN,MC,1,DANIEL AARON SILVA FIGUEROA,1,,MC
1,8,CHIHUAHUA,,,65,URIQUE,,,REG,MC,1,CELIA RENTERIA MOLINA,2,,MC
1,8,CHIHUAHUA,,,65,URIQUE,,,REG,MC,2,SEBERIANO ACOSTA RAMOS,1,,MC
1,8,CHIHUAHUA,,,65,URIQUE,,,REG,MC,3,NITZA NOHEMI LOZANIA RODRIGUEZ,2,,MC
1,8,CHIHUAHUA,,,65,URIQUE,,,REG,MC,4,FRANCISCO JAVIER CARDENAS LUNA,1,,MC
1,8,CHIHUAHUA,,,65,URIQUE,,,REG,MC,5,MARIA RUELAS PORTILLO,2,,MC
1,8,CHIHUAHUA,,,65,URIQUE,,,REG,MC,6,ERIK FELIPE QUINTANA ACOSTA,1,,MC
1,8,CHIHUAHUA,,,65,URIQUE,,,REG,MC,7,MARIA DEL CARMEN CABADA CASTILLO,2,,MC
1,8,CHIHUAHUA,,,65,URIQUE,,,REG_RP,PAN,1,MA. DE JESÚS SALMERÓN CORRALES,2,,PAN
1,8,CHIHUAHUA,,,65,URIQUE,,,REG_RP,PAN,2,LORENZO MORENO PAJARITO,1,,PAN
1,8,CHIHUAHUA,,,65,URIQUE,,,REG_RP,MORENA,1,AURORA CONTRERAS FLORES,2,,MORENA
1,8,CHIHUAHUA,,,65,URIQUE,,,REG_RP,MORENA,2,FRANCISCA MANCINAS REYES,2,,MORENA
1,8,CHIHUAHUA,,,65,URIQUE,,,REG_RP,PRI,1,DAMIÁN ACOSTA VILLEGAS,1,,PRI
1,8,CHIHUAHUA,,,66,URUACHI,,,PRES_MUN,PRI,1,MARCELO RASCON FELIX,1,,PRI
1,8,CHIHUAHUA,,,66,URUACHI,,,REG,PRI,1,ANA LUISA VAZQUEZ HERNANDEZ,2,,PRI
1,8,CHIHUAHUA,,,66,URUACHI,,,REG,PRI,2,JOSE EVER BANDA CAMPOS,1,,PRI
1,8,CHIHUAHUA,,,66,URUACHI,,,REG,PRI,3,EDITH GUADALUPE NORIEGA GARCIA,2,,PRI
1,8,CHIHUAHUA,,,66,URUACHI,,,REG,PRI,4,BARTOLO MORENO GIRON,1,,PRI
1,8,CHIHUAHUA,,,66,URUACHI,,,REG,PRI,5,MARGARITA CONTRERAS VALENZUELA,2,,PRI
1,8,CHIHUAHUA,,,66,URUACHI,,,REG_RP,PAN,1,JESÚS MANUEL SANTA CRUZ BANDA,1,,PAN
1,8,CHIHUAHUA,,,66,URUACHI,,,REG_RP,MC,1,MARISELA SANDOVAL CRUZ,2,,MC
1,8,CHIHUAHUA,,,66,URUACHI,,,REG_RP,MORENA,1,BLAS JESÚS BUSTILLOS MÁRQUEZ,1,,MORENA
1,8,CHIHUAHUA,,,67,VALLE DE ZARAGOZA,,,PRES_MUN,PRI,1,MISAEL HOMERO MARQUEZ MORALES,1,,PRI
1,8,CHIHUAHUA,,,67,VALLE DE ZARAGOZA,,,REG,PRI,1,ALEJANDRA BARRENO FLORES,2,,PRI
1,8,CHIHUAHUA,,,67,VALLE DE ZARAGOZA,,,REG,PRI,2,CRISTIAN URIEL BARRAZA MORALES,1,,PRI
1,8,CHIHUAHUA,,,67,VALLE DE ZARAGOZA,,,REG,PRI,3,MARISOL MORALES QUINTANA,2,,PRI
1,8,CHIHUAHUA,,,67,VALLE DE ZARAGOZA,,,REG,PRI,4,SAMUEL SALCIDO PONCE,1,,PRI
1,8,CHIHUAHUA,,,67,VALLE DE ZARAGOZA,,,REG,PRI,5,CLAUDIA GRADO CARMONA,2,,PRI
1,8,CHIHUAHUA,,,67,VALLE DE ZARAGOZA,,,REG_RP,MC,1,ALONDRA VERENICE SOTELO SEPÚLVEDA,2,,MC
1,8,CHIHUAHUA,,,67,VALLE DE ZARAGOZA,,,REG_RP,PVEM,1,OFELIA RODRÍGUEZ FAUDOA,2,,PVEM
1,8,CHIHUAHUA,,,67,VALLE DE ZARAGOZA,,,REG_RP,PAN_PRD,1,LUIS SEPÚLVEDA BARRAZA,1,,PRD
1,8,CHIHUAHUA,,,1,AHUMADA,,,SIND,PVEM,1,ROCIO VIRIDIANA BERNAL CANO,2,,PVEM
1,8,CHIHUAHUA,,,2,ALDAMA,,,SIND,PAN_PRD,1,GERARDO ISIDRO ROSALES MENDOZA,1,,PAN
1,8,CHIHUAHUA,,,3,ALLENDE,,,SIND,PRI,1,ROSAURA FIERRO MARTINEZ,2,,PRI
1,8,CHIHUAHUA,,,4,AQUILES SERDAN,,,SIND,PRI,1,JOSE GUSTAVO PAYAN ROMERO,1,,PRI
1,8,CHIHUAHUA,,,5,ASCENSION,,,SIND,PRD,1,ANTONIO BARAJAS MANCINAS,1,,PRD
1,8,CHIHUAHUA,,,6,BACHINIVA,,,SIND,PAN,1,CARLOS FRANCISCO GARCIA MARTINEZ,1,,PAN
1,8,CHIHUAHUA,,,7,BALLEZA,,,SIND,PRI,1,IMELDA IRENE BELTRAN AMAYA,2,,PRI
1,8,CHIHUAHUA,,,8,BATOPILAS DE MANUEL GOMEZ MORIN,,,SIND,PRI,1,JESUS MANUEL FLORES GILL,1,,PRI
1,8,CHIHUAHUA,,,9,BOCOYNA,,,SIND,MC,1,ISAAC GONZALEZ BUSTILLOS,1,,MC
1,8,CHIHUAHUA,,,10,BUENAVENTURA,,,SIND,PRI,1,MARIA DEL CARMEN CARRASCO PEREZ,2,,PRI
1,8,CHIHUAHUA,,,11,CAMARGO,,,SIND,PRI,1,PEDRO ACOSTA GUEVARA,1,,PRI
1,8,CHIHUAHUA,,,12,CARICHI,,,SIND,PRI,1,MARIA GUADALUPE TERAN RASCON,2,,PRI
1,8,CHIHUAHUA,,,13,CASAS GRANDES,,,SIND,PRI,1,RAYMUNDO BEJARANO ZUBIATE,1,,PRI
1,8,CHIHUAHUA,,,14,CORONADO,,,SIND,PAN,1,JOSE ANTONIO ROACHO ARRIETA,1,,PAN
1,8,CHIHUAHUA,,,15,COYAME DEL SOTOL,,,SIND,PRI,1,JOSE VICENTE TOVAR JUAREZ,1,,PRI
1,8,CHIHUAHUA,,,16,LA CRUZ,,,SIND,PAN,1,JAQUELINE BLANCO GONZALEZ,2,,PAN
1,8,CHIHUAHUA,,,17,CUAUHTEMOC,,,SIND,PAN,1,VERONICA MAYELA ESCALANTE ROMERO,2,,PAN
1,8,CHIHUAHUA,,,18,CUSIHUIRIACHI,,,SIND,PAN_PRD,1,FIDENCIO ESTRADA PINELA,1,,PAN
1,8,CHIHUAHUA,,,19,CHIHUAHUA,,,SIND,PAN_PRD,1,OLIVIA FRANCO BARRAGAN,2,,PAN
1,8,CHIHUAHUA,,,20,CHINIPAS,,,SIND,PRI,1,HORTENCIA LOPEZ AYON,2,,PRI
1,8,CHIHUAHUA,,,21,DELICIAS,,,SIND,PAN_PRD,1,GABRIELA PEÑA ORTA,2,,PAN
1,8,CHIHUAHUA,,,22,DR. BELISARIO DOMINGUEZ,,,SIND,MC,1,COSME HERNANDEZ TREVIZO,1,,MC
1,8,CHIHUAHUA,,,23,GALEANA,,,SIND,PAN,1,DALILA ANGELICA GUTIERREZ CASTILLO,2,,PAN
1,8,CHIHUAHUA,,,24,SANTA ISABEL,,,SIND,PRI,1,MARGARITA ORTIZ LOPEZ,2,,PRI
1,8,CHIHUAHUA,,,25,GOMEZ FARIAS,,,SIND,PES,1,MARCO ANTONIO ESPINOZA FIERRO,1,,PES
1,8,CHIHUAHUA,,,26,GRAN MORELOS,,,SIND,PVEM,1,JUAN MANUEL PEREZ AGUILAR,1,,PVEM
1,8,CHIHUAHUA,,,27,GUACHOCHI,,,SIND,PRI,1,DAYRA ROCIO GONZALEZ MORENO,2,,PRI
1,8,CHIHUAHUA,,,28,GUADALUPE,,,SIND,PVEM,1,REYNALDA GARCIA SOLIS,2,,PVEM
1,8,CHIHUAHUA,,,29,GUADALUPE Y CALVO,,,SIND,PRI,1,ESTEBAN IVAN RUBIO JAVALERA,1,,PRI
1,8,CHIHUAHUA,,,30,GUAZAPARES,,,SIND,PAN,1,BEATRIZ RAMOS ORDUÑO,2,,PAN
1,8,CHIHUAHUA,,,31,GUERRERO,,,SIND,MORENA_PT_NACH,1,GUADALUPE JUDITH OROZCO GARCIA,2,,MORENA
1,8,CHIHUAHUA,,,32,HIDALGO DEL PARRAL,,,SIND,MC,1,ALMA YESENIA PORTILLO LERMA,2,,MC
1,8,CHIHUAHUA,,,33,HUEJOTITAN,,,SIND,PRI,1,JOSE LUIS GUTIERREZ MUÑIZ,1,,PRI
1,8,CHIHUAHUA,,,34,IGNACIO ZARAGOZA,,,SIND,MC,1,LAURA EDITH ESCOBAR QUINTANA,2,,MC
1,8,CHIHUAHUA,,,35,JANOS,,,SIND,PAN,1,MARIA CRUZ DELGADO CALDERON,2,,PAN
1,8,CHIHUAHUA,,,36,JIMENEZ,,,SIND,MORENA_PT_NACH,1,NORMA JOSEFINA MARQUEZ TARANGO,2,,NACH
1,8,CHIHUAHUA,,,37,JUAREZ,,,SIND,MORENA_PT_NACH,1,MARIA ESTHER MEJIA CRUZ,2,,MORENA
1,8,CHIHUAHUA,,,38,JULIMES,,,SIND,PRI,1,MIRIAM GUADALUPE ARANDA PORRAS,2,,PRI
1,8,CHIHUAHUA,,,39,LOPEZ,,,SIND,MC,1,ALICIA VAZQUEZ HERNANDEZ,2,,MC
1,8,CHIHUAHUA,,,40,MADERA,,,SIND,PAN_PRD,1,ELSA SOCORRO CAMPOS TORRES,2,,PAN
1,8,CHIHUAHUA,,,41,MAGUARICHI,,,SIND,PRI,1,REBECA JAMILETH PARRA BANDA,2,,PRI
1,8,CHIHUAHUA,,,42,MANUEL BENAVIDES,,,SIND,MORENA_PT_NACH,1,FELIPE GUADALUPE CARRILLO RODRIGUEZ,1,,PT
1,8,CHIHUAHUA,,,43,MATACHI,,,SIND,PRI,1,CLAUDIA RUTH FONG TREVIZO,2,,PRI
1,8,CHIHUAHUA,,,44,MATAMOROS,,,SIND,PAN,1,MARIA DEL SOCORRO MEZA HEREDIA,2,,PAN
1,8,CHIHUAHUA,,,45,MEOQUI,,,SIND,PAN_PRD,1,JUAN PABLO LEGARRETA CARRASCO,1,,PAN
1,8,CHIHUAHUA,,,46,MORELOS,,,SIND,MORENA,1,JESENIA LORETO PEREZ GOMEZ,2,,MORENA
1,8,CHIHUAHUA,,,47,MORIS,,,SIND,PRI,1,RUBIT BELTRAN AMADO,2,,PRI
1,8,CHIHUAHUA,,,48,NAMIQUIPA,,,SIND,PRI,1,DULCE GISELL ORTEGA MARQUEZ,2,,PRI
1,8,CHIHUAHUA,,,49,NONOAVA,,,SIND,MORENA,1,BLANCA ESTELA CARMONA JAQUEZ,2,,MORENA
1,8,CHIHUAHUA,,,50,NUEVO CASAS GRANDES,,,SIND,MORENA_PT_NACH,1,VENUS YADIRA OLMOS HERNANDEZ,2,,MORENA
1,8,CHIHUAHUA,,,51,OCAMPO,,,SIND,PRI,1,SANDRA GRISELLE RODRIGUEZ GALVAN,2,,PRI
1,8,CHIHUAHUA,,,52,OJINAGA,,,SIND,PRI,1,JOSE USMAR LARA HERNANDEZ,1,,PRI
1,8,CHIHUAHUA,,,53,PRAXEDIS G. GUERRERO,,,SIND,MORENA,1,CLAUDIA SILVIA ALVARADO CARDONA,2,,MORENA
1,8,CHIHUAHUA,,,54,RIVA PALACIO,,,SIND,PAN_PRD,1,BLANCA LORENA TERRAZAS VENEGAS,2,,PAN
1,8,CHIHUAHUA,,,55,ROSALES,,,SIND,PAN,1,JESUS CHAVEZ MACIAS,1,,PAN
1,8,CHIHUAHUA,,,56,ROSARIO,,,SIND,PRI,1,BRENDA ALICIA QUINTANA BACA,2,,PRI
1,8,CHIHUAHUA,,,57,SAN FRANCISCO DE BORJA,,,SIND,PRI,1,NORMA MENDOZA QUEZADA,2,,PRI
1,8,CHIHUAHUA,,,58,SAN FRANCISCO DE CONCHOS,,,SIND,PRI,1,RAMIRO SAENZ RODRIGUEZ,1,,PRI
1,8,CHIHUAHUA,,,59,SAN FRANCISCO DEL ORO,,,SIND,PRI,1,JORGE SALCIDO SAENZ,1,,PRI
1,8,CHIHUAHUA,,,60,SANTA BARBARA,,,SIND,PRI,1,JOSE ANTONIO ANAYA URBINA,1,,PRI
1,8,CHIHUAHUA,,,61,SATEVO,,,SIND,PAN,1,ESTEBAN MENDOZA CHACON,1,,PAN
1,8,CHIHUAHUA,,,62,SAUCILLO,,,SIND,PAN,1,RODOLFO GARDEA PALMA,1,,PAN
1,8,CHIHUAHUA,,,63,TEMOSACHIC,,,SIND,MORENA,1,IRIS ADRIANA PROVENCIO MONTES,2,,MORENA
1,8,CHIHUAHUA,,,64,EL TULE,,,SIND,PAN,1,MARISELA CHAPARRO GONZALEZ,2,,PAN
1,8,CHIHUAHUA,,,65,URIQUE,,,SIND,MC,1,JOSE LUIS HERRERA RENTERIA,1,,MC
1,8,CHIHUAHUA,,,66,URUACHI,,,SIND,PRI,1,RAFAELA ZAMARRON RASCON,2,,PRI
1,8,CHIHUAHUA,,,67,VALLE DE ZARAGOZA,,,SIND,PRI,1,SOLEDAD TARANGO SAENZ,2,,PRI
