CIRCUNSCRIPCION,ID_ESTADO,NOMBRE_ESTADO,ID_DISTRITO,CABECERA_DISTRITAL,ID_MUNICIPIO,MUNICIPIO,SECCION,CASILLA,PAN,PRI,PRD,PT,PVEM,MC,NVA_ALIANZA,MORENA,ES,PAN_PRD_PT,PAN_PRD,PAN_PT,PRD_PT,PRI_PVEM_NVA_ALIANZA,PRI_PVEM,PRI_NVA_ALIANZA,PVEM_NVA_ALIANZA,CAND_IND19,CAND_IND23,CAND_IND25,NUM_VOTOS_CAN_NREG,NUM_VOTOS_VALIDOS,NUM_VOTOS_NULOS,TOTAL_VOTOS,LISTA_NOMINAL,ESTATUS_ACTA,TEPJF,OBSERVACIONES,RUTA_ACTA
2,32,ZACATECAS,2,ZACATECAS,58,ZACATECAS,1772,B,27,87,8,6,9,19,1,,17,0,0,0,1,1,0,0,0,4,4,3,1,188,4,192,647,ACTA CASILLA,,LOS REGISTROS DE LA VOTACIÓN CORRESPONDEN A LA ELECCIÓN EXTRAORDINARIA CELEBRADA EL 4 DE DICIEMBRE DE 2017,
2,32,ZACATECAS,2,ZACATECAS,58,ZACATECAS,1773,B,19,69,12,7,15,16,2,,8,0,0,0,1,0,0,0,0,8,1,6,1,165,6,171,544,ACTA CASILLA,,LOS REGISTROS DE LA VOTACIÓN CORRESPONDEN A LA ELECCIÓN EXTRAORDINARIA CELEBRADA EL 4 DE DICIEMBRE DE 2017,
2,32,ZACATECAS,2,ZACATECAS,58,ZACATECAS,1773,C01,30,65,14,12,16,18,6,,10,0,1,0,0,0,0,0,0,3,4,9,1,189,4,193,543,ACTA CASILLA,,LOS REGISTROS DE LA VOTACIÓN CORRESPONDEN A LA ELECCIÓN EXTRAORDINARIA CELEBRADA EL 4 DE DICIEMBRE DE 2017,
2,32,ZACATECAS,2,ZACATECAS,58,ZACATECAS,1774,B,22,53,8,13,7,30,5,,6,1,0,0,0,1,0,0,0,1,12,6,0,165,8,173,567,GRUPO DE RECUENTO,,LOS REGISTROS DE LA VOTACIÓN CORRESPONDEN A LA ELECCIÓN EXTRAORDINARIA CELEBRADA EL 4 DE DICIEMBRE DE 2017,
2,32,ZACATECAS,2,ZACATECAS,58,ZACATECAS,1774,C01,13,55,8,18,3,21,1,,7,0,0,0,1,0,1,0,0,1,8,8,0,145,12,157,566,ACTA CASILLA,,LOS REGISTROS DE LA VOTACIÓN CORRESPONDEN A LA ELECCIÓN EXTRAORDINARIA CELEBRADA EL 4 DE DICIEMBRE DE 2017,
2,32,ZACATECAS,2,ZACATECAS,58,ZACATECAS,1775,B,21,62,7,3,2,9,3,,5,2,1,0,0,0,1,0,0,4,3,13,0,136,5,141,421,ACTA CASILLA,,LOS REGISTROS DE LA VOTACIÓN CORRESPONDEN A LA ELECCIÓN EXTRAORDINARIA CELEBRADA EL 4 DE DICIEMBRE DE 2017,
2,32,ZACATECAS,2,ZACATECAS,58,ZACATECAS,1775,C01,22,38,15,14,3,11,1,,1,0,3,0,0,0,2,0,0,1,1,14,0,126,7,133,420,ACTA CASILLA,,LOS REGISTROS DE LA VOTACIÓN CORRESPONDEN A LA ELECCIÓN EXTRAORDINARIA CELEBRADA EL 4 DE DICIEMBRE DE 2017,
2,32,ZACATECAS,2,ZACATECAS,58,ZACATECAS,1776,B,27,84,16,12,8,25,6,,8,2,0,0,0,1,1,0,0,6,6,10,0,212,6,218,597,ACTA CASILLA,,LOS REGISTROS DE LA VOTACIÓN CORRESPONDEN A LA ELECCIÓN EXTRAORDINARIA CELEBRADA EL 4 DE DICIEMBRE DE 2017,
2,32,ZACATECAS,2,ZACATECAS,58,ZACATECAS,1777,B,46,58,8,14,9,31,4,,1,0,1,1,0,1,0,0,0,1,7,18,2,202,4,206,561,GRUPO DE RECUENTO,,LOS REGISTROS DE LA VOTACIÓN CORRESPONDEN A LA ELECCIÓN EXTRAORDINARIA CELEBRADA EL 4 DE DICIEMBRE DE 2017,
2,32,ZACATECAS,2,ZACATECAS,58,ZACATECAS,1778,B,16,34,6,11,2,25,5,,4,0,0,0,1,0,0,0,0,2,5,8,0,119,3,122,468,ACTA CASILLA,,LOS REGISTROS DE LA VOTACIÓN CORRESPONDEN A LA ELECCIÓN EXTRAORDINARIA CELEBRADA EL 4 DE DICIEMBRE DE 2017,
2,32,ZACATECAS,2,ZACATECAS,58,ZACATECAS,1778,C01,23,50,15,8,1,29,2,,3,0,0,0,0,0,0,0,0,1,1,11,0,144,7,151,468,ACTA CASILLA,,LOS REGISTROS DE LA VOTACIÓN CORRESPONDEN A LA ELECCIÓN EXTRAORDINARIA CELEBRADA EL 4 DE DICIEMBRE DE 2017,
2,32,ZACATECAS,2,ZACATECAS,58,ZACATECAS,1779,B,28,47,7,3,6,21,1,,4,1,0,0,0,0,1,0,0,1,3,9,0,132,3,135,387,ACTA CASILLA,,LOS REGISTROS DE LA VOTACIÓN CORRESPONDEN A LA ELECCIÓN EXTRAORDINARIA CELEBRADA EL 4 DE DICIEMBRE DE 2017,
2,32,ZACATECAS,2,ZACATECAS,58,ZACATECAS,1779,C01,19,26,9,4,2,15,2,,1,1,0,0,0,0,0,0,0,3,2,2,2,88,1,89,387,ACTA CASILLA,,LOS REGISTROS DE LA VOTACIÓN CORRESPONDEN A LA ELECCIÓN EXTRAORDINARIA CELEBRADA EL 4 DE DICIEMBRE DE 2017,
2,32,ZACATECAS,2,ZACATECAS,58,ZACATECAS,1780,B,33,83,9,14,6,24,4,,3,2,0,0,0,2,0,0,0,3,3,14,0,200,7,207,621,ACTA CASILLA,,LOS REGISTROS DE LA VOTACIÓN CORRESPONDEN A LA ELECCIÓN EXTRAORDINARIA CELEBRADA EL 4 DE DICIEMBRE DE 2017,
2,32,ZACATECAS,2,ZACATECAS,58,ZACATECAS,1781,B,24,41,13,7,13,19,3,,7,2,0,0,0,2,0,0,0,5,3,10,0,149,9,158,498,ACTA CASILLA,,LOS REGISTROS DE LA VOTACIÓN CORRESPONDEN A LA ELECCIÓN EXTRAORDINARIA CELEBRADA EL 4 DE DICIEMBRE DE 2017,
2,32,ZACATECAS,2,ZACATECAS,58,ZACATECAS,1782,B,37,59,7,41,5,15,8,,4,1,0,0,0,0,2,0,0,2,7,13,0,201,3,204,561,ACTA CASILLA,,LOS REGISTROS DE LA VOTACIÓN CORRESPONDEN A LA ELECCIÓN EXTRAORDINARIA CELEBRADA EL 4 DE DICIEMBRE DE 2017,
2,32,ZACATECAS,2,ZACATECAS,58,ZACATECAS,1783,B,22,89,13,18,4,28,7,,5,1,3,1,0,0,1,0,0,3,4,13,0,212,6,218,558,ACTA CASILLA,,LOS REGISTROS DE LA VOTACIÓN CORRESPONDEN A LA ELECCIÓN EXTRAORDINARIA CELEBRADA EL 4 DE DICIEMBRE DE 2017,
2,32,ZACATECAS,2,ZACATECAS,58,ZACATECAS,1784,B,21,47,14,14,6,18,5,,2,2,0,0,0,0,2,0,0,4,4,17,2,158,9,167,597,GRUPO DE RECUENTO,,LOS REGISTROS DE LA VOTACIÓN CORRESPONDEN A LA ELECCIÓN EXTRAORDINARIA CELEBRADA EL 4 DE DICIEMBRE DE 2017,
2,32,ZACATECAS,2,ZACATECAS,58,ZACATECAS,1785,B,34,98,12,11,37,21,7,,5,4,2,0,0,3,2,0,0,5,7,10,1,259,16,275,726,GRUPO DE RECUENTO,,LOS REGISTROS DE LA VOTACIÓN CORRESPONDEN A LA ELECCIÓN EXTRAORDINARIA CELEBRADA EL 4 DE DICIEMBRE DE 2017,
2,32,ZACATECAS,2,ZACATECAS,58,ZACATECAS,1786,B,20,57,9,4,9,18,0,,1,0,0,0,0,0,0,0,0,2,7,17,1,145,4,149,363,GRUPO DE RECUENTO,,LOS REGISTROS DE LA VOTACIÓN CORRESPONDEN A LA ELECCIÓN EXTRAORDINARIA CELEBRADA EL 4 DE DICIEMBRE DE 2017,
2,32,ZACATECAS,2,ZACATECAS,58,ZACATECAS,1787,B,27,36,2,19,6,12,1,,3,0,0,0,1,0,0,1,0,0,1,14,0,123,2,125,370,ACTA CASILLA,,LOS REGISTROS DE LA VOTACIÓN CORRESPONDEN A LA ELECCIÓN EXTRAORDINARIA CELEBRADA EL 4 DE DICIEMBRE DE 2017,
2,32,ZACATECAS,2,ZACATECAS,58,ZACATECAS,1788,B,32,63,3,33,7,24,4,,3,2,0,0,0,1,1,0,0,2,7,15,0,197,7,204,609,GRUPO DE RECUENTO,,LOS REGISTROS DE LA VOTACIÓN CORRESPONDEN A LA ELECCIÓN EXTRAORDINARIA CELEBRADA EL 4 DE DICIEMBRE DE 2017,
2,32,ZACATECAS,2,ZACATECAS,58,ZACATECAS,1789,B,23,75,12,22,7,14,5,,8,5,0,0,0,0,2,0,0,3,24,1,0,201,5,206,631,ACTA CASILLA,,LOS REGISTROS DE LA VOTACIÓN CORRESPONDEN A LA ELECCIÓN EXTRAORDINARIA CELEBRADA EL 4 DE DICIEMBRE DE 2017,
2,32,ZACATECAS,2,ZACATECAS,58,ZACATECAS,1789,C01,19,87,12,21,6,11,2,,2,3,0,0,0,0,2,0,0,1,30,4,0,200,9,209,631,ACTA CASILLA,,LOS REGISTROS DE LA VOTACIÓN CORRESPONDEN A LA ELECCIÓN EXTRAORDINARIA CELEBRADA EL 4 DE DICIEMBRE DE 2017,
2,32,ZACATECAS,2,ZACATECAS,58,ZACATECAS,1790,B,18,43,4,18,4,23,2,,3,1,1,0,0,1,0,0,0,2,8,8,0,136,3,139,409,ACTA CASILLA,,LOS REGISTROS DE LA VOTACIÓN CORRESPONDEN A LA ELECCIÓN EXTRAORDINARIA CELEBRADA EL 4 DE DICIEMBRE DE 2017,
2,32,ZACATECAS,2,ZACATECAS,58,ZACATECAS,1790,C01,11,36,5,17,5,18,3,,4,1,0,0,0,1,0,0,0,3,12,3,0,119,5,124,409,ACTA CASILLA,,LOS REGISTROS DE LA VOTACIÓN CORRESPONDEN A LA ELECCIÓN EXTRAORDINARIA CELEBRADA EL 4 DE DICIEMBRE DE 2017,
2,32,ZACATECAS,1,ZACATECAS,58,ZACATECAS,1791,B,20,72,14,32,7,15,4,,4,1,0,0,2,2,0,0,0,3,8,9,0,193,10,203,682,ACTA CASILLA,,LOS REGISTROS DE LA VOTACIÓN CORRESPONDEN A LA ELECCIÓN EXTRAORDINARIA CELEBRADA EL 4 DE DICIEMBRE DE 2017,
2,32,ZACATECAS,1,ZACATECAS,58,ZACATECAS,1791,C01,21,84,2,33,8,25,2,,5,3,0,1,0,0,0,0,0,3,7,14,0,208,10,218,682,ACTA CASILLA,,LOS REGISTROS DE LA VOTACIÓN CORRESPONDEN A LA ELECCIÓN EXTRAORDINARIA CELEBRADA EL 4 DE DICIEMBRE DE 2017,
2,32,ZACATECAS,1,ZACATECAS,58,ZACATECAS,1791,C02,22,56,6,35,6,17,9,,10,1,1,0,3,2,2,0,0,4,16,19,1,210,8,218,682,GRUPO DE RECUENTO,,LOS REGISTROS DE LA VOTACIÓN CORRESPONDEN A LA ELECCIÓN EXTRAORDINARIA CELEBRADA EL 4 DE DICIEMBRE DE 2017,
2,32,ZACATECAS,1,ZACATECAS,58,ZACATECAS,1792,B,21,55,1,11,5,9,2,,3,1,1,0,0,1,0,0,0,6,6,6,0,128,6,134,514,ACTA CASILLA,,LOS REGISTROS DE LA VOTACIÓN CORRESPONDEN A LA ELECCIÓN EXTRAORDINARIA CELEBRADA EL 4 DE DICIEMBRE DE 2017,
2,32,ZACATECAS,1,ZACATECAS,58,ZACATECAS,1792,C01,26,52,5,22,4,9,1,,1,1,0,0,1,1,0,0,0,1,10,3,0,137,4,141,513,GRUPO DE RECUENTO,,LOS REGISTROS DE LA VOTACIÓN CORRESPONDEN A LA ELECCIÓN EXTRAORDINARIA CELEBRADA EL 4 DE DICIEMBRE DE 2017,
2,32,ZACATECAS,1,ZACATECAS,58,ZACATECAS,1793,B,21,47,3,8,9,18,1,,3,1,0,0,0,0,0,0,0,2,17,6,0,136,5,141,407,ACTA CASILLA,,LOS REGISTROS DE LA VOTACIÓN CORRESPONDEN A LA ELECCIÓN EXTRAORDINARIA CELEBRADA EL 4 DE DICIEMBRE DE 2017,
2,32,ZACATECAS,1,ZACATECAS,58,ZACATECAS,1793,C01,23,35,9,9,2,12,3,,8,0,0,0,0,0,0,0,0,1,17,6,0,125,3,128,406,GRUPO DE RECUENTO,,LOS REGISTROS DE LA VOTACIÓN CORRESPONDEN A LA ELECCIÓN EXTRAORDINARIA CELEBRADA EL 4 DE DICIEMBRE DE 2017,
2,32,ZACATECAS,1,ZACATECAS,58,ZACATECAS,1794,B,38,54,7,8,7,24,2,,6,0,0,0,0,0,2,0,0,3,2,18,3,174,5,179,493,ACTA CASILLA,,LOS REGISTROS DE LA VOTACIÓN CORRESPONDEN A LA ELECCIÓN EXTRAORDINARIA CELEBRADA EL 4 DE DICIEMBRE DE 2017,
2,32,ZACATECAS,2,ZACATECAS,58,ZACATECAS,1795,B,24,45,3,21,6,25,6,,3,0,0,0,0,0,0,0,0,0,2,20,0,155,3,158,448,ACTA CASILLA,,LOS REGISTROS DE LA VOTACIÓN CORRESPONDEN A LA ELECCIÓN EXTRAORDINARIA CELEBRADA EL 4 DE DICIEMBRE DE 2017,
2,32,ZACATECAS,1,ZACATECAS,58,ZACATECAS,1796,B,27,41,5,4,4,20,2,,1,2,0,0,0,0,2,1,0,2,0,12,0,123,0,123,346,ACTA CASILLA,,LOS REGISTROS DE LA VOTACIÓN CORRESPONDEN A LA ELECCIÓN EXTRAORDINARIA CELEBRADA EL 4 DE DICIEMBRE DE 2017,
2,32,ZACATECAS,2,ZACATECAS,58,ZACATECAS,1797,S01,15,51,1,2,3,3,1,,1,0,0,0,0,0,0,0,0,1,3,9,1,91,3,94,,ACTA CASILLA,,LOS REGISTROS DE LA VOTACIÓN CORRESPONDEN A LA ELECCIÓN EXTRAORDINARIA CELEBRADA EL 4 DE DICIEMBRE DE 2017,
2,32,ZACATECAS,2,ZACATECAS,58,ZACATECAS,1797,B,24,72,2,5,0,9,2,,2,2,1,1,0,2,1,0,0,0,2,7,0,132,4,136,423,ACTA CASILLA,,LOS REGISTROS DE LA VOTACIÓN CORRESPONDEN A LA ELECCIÓN EXTRAORDINARIA CELEBRADA EL 4 DE DICIEMBRE DE 2017,
2,32,ZACATECAS,2,ZACATECAS,58,ZACATECAS,1798,B,38,65,8,13,12,16,8,,7,0,0,1,0,1,2,1,0,9,3,27,0,211,8,219,599,ACTA CASILLA,,LOS REGISTROS DE LA VOTACIÓN CORRESPONDEN A LA ELECCIÓN EXTRAORDINARIA CELEBRADA EL 4 DE DICIEMBRE DE 2017,
2,32,ZACATECAS,2,ZACATECAS,58,ZACATECAS,1799,B,47,78,6,13,15,16,3,,1,0,0,0,0,0,0,0,1,0,4,9,0,193,10,203,573,ACTA CASILLA,,LOS REGISTROS DE LA VOTACIÓN CORRESPONDEN A LA ELECCIÓN EXTRAORDINARIA CELEBRADA EL 4 DE DICIEMBRE DE 2017,
2,32,ZACATECAS,2,ZACATECAS,58,ZACATECAS,1800,B,19,47,9,1,4,23,2,,2,0,0,0,1,1,2,0,0,2,3,13,0,129,3,132,410,ACTA CASILLA,,LOS REGISTROS DE LA VOTACIÓN CORRESPONDEN A LA ELECCIÓN EXTRAORDINARIA CELEBRADA EL 4 DE DICIEMBRE DE 2017,
2,32,ZACATECAS,2,ZACATECAS,58,ZACATECAS,1800,C01,32,42,7,6,4,11,1,,1,0,1,0,0,0,2,0,0,1,1,8,2,119,7,126,410,GRUPO DE RECUENTO,,LOS REGISTROS DE LA VOTACIÓN CORRESPONDEN A LA ELECCIÓN EXTRAORDINARIA CELEBRADA EL 4 DE DICIEMBRE DE 2017,
2,32,ZACATECAS,2,ZACATECAS,58,ZACATECAS,1801,B,31,48,12,5,13,15,1,,0,0,0,0,0,0,2,1,0,0,5,9,0,142,3,145,667,ACTA CASILLA,,LOS REGISTROS DE LA VOTACIÓN CORRESPONDEN A LA ELECCIÓN EXTRAORDINARIA CELEBRADA EL 4 DE DICIEMBRE DE 2017,
2,32,ZACATECAS,2,ZACATECAS,58,ZACATECAS,1801,C01,29,29,18,10,9,35,3,,3,4,0,0,0,0,1,0,0,6,7,0,0,154,9,163,667,GRUPO DE RECUENTO,,LOS REGISTROS DE LA VOTACIÓN CORRESPONDEN A LA ELECCIÓN EXTRAORDINARIA CELEBRADA EL 4 DE DICIEMBRE DE 2017,
2,32,ZACATECAS,2,ZACATECAS,58,ZACATECAS,1801,C02,31,58,12,5,11,30,3,,5,0,2,0,1,0,0,0,0,5,0,15,0,178,5,183,667,ACTA CASILLA,,LOS REGISTROS DE LA VOTACIÓN CORRESPONDEN A LA ELECCIÓN EXTRAORDINARIA CELEBRADA EL 4 DE DICIEMBRE DE 2017,
2,32,ZACATECAS,2,ZACATECAS,58,ZACATECAS,1802,B,28,45,11,10,6,20,5,,7,1,0,0,1,3,2,0,0,1,6,20,0,166,6,172,534,ACTA CASILLA,,LOS REGISTROS DE LA VOTACIÓN CORRESPONDEN A LA ELECCIÓN EXTRAORDINARIA CELEBRADA EL 4 DE DICIEMBRE DE 2017,
2,32,ZACATECAS,2,ZACATECAS,58,ZACATECAS,1803,B,29,81,7,12,12,26,9,,6,3,0,0,1,1,4,0,0,3,10,16,0,220,6,226,739,ACTA CASILLA,,LOS REGISTROS DE LA VOTACIÓN CORRESPONDEN A LA ELECCIÓN EXTRAORDINARIA CELEBRADA EL 4 DE DICIEMBRE DE 2017,
2,32,ZACATECAS,2,ZACATECAS,58,ZACATECAS,1804,B,33,100,10,18,14,28,2,,3,1,0,0,0,2,0,0,0,0,6,14,0,231,6,237,746,ACTA CASILLA,,LOS REGISTROS DE LA VOTACIÓN CORRESPONDEN A LA ELECCIÓN EXTRAORDINARIA CELEBRADA EL 4 DE DICIEMBRE DE 2017,
2,32,ZACATECAS,2,ZACATECAS,58,ZACATECAS,1805,B,22,37,5,13,8,15,2,,6,2,1,0,0,0,1,0,0,0,4,6,1,123,6,129,569,GRUPO DE RECUENTO,,LOS REGISTROS DE LA VOTACIÓN CORRESPONDEN A LA ELECCIÓN EXTRAORDINARIA CELEBRADA EL 4 DE DICIEMBRE DE 2017,
2,32,ZACATECAS,1,ZACATECAS,58,ZACATECAS,1806,B,16,48,4,8,4,21,6,,6,0,0,0,0,1,0,0,0,3,1,8,0,126,7,133,386,ACTA CASILLA,,LOS REGISTROS DE LA VOTACIÓN CORRESPONDEN A LA ELECCIÓN EXTRAORDINARIA CELEBRADA EL 4 DE DICIEMBRE DE 2017,
2,32,ZACATECAS,1,ZACATECAS,58,ZACATECAS,1806,C01,15,58,8,3,10,18,1,,2,0,1,0,0,0,4,1,1,2,5,6,0,135,5,140,385,ACTA CASILLA,,LOS REGISTROS DE LA VOTACIÓN CORRESPONDEN A LA ELECCIÓN EXTRAORDINARIA CELEBRADA EL 4 DE DICIEMBRE DE 2017,
2,32,ZACATECAS,2,ZACATECAS,58,ZACATECAS,1807,B,38,42,11,3,5,22,5,,1,1,0,0,1,2,1,0,0,1,7,19,0,159,9,168,616,GRUPO DE RECUENTO,,LOS REGISTROS DE LA VOTACIÓN CORRESPONDEN A LA ELECCIÓN EXTRAORDINARIA CELEBRADA EL 4 DE DICIEMBRE DE 2017,
2,32,ZACATECAS,2,ZACATECAS,58,ZACATECAS,1807,C01,41,41,8,6,1,24,2,,2,5,1,0,0,0,2,0,0,4,11,20,1,169,4,173,616,ACTA CASILLA,,LOS REGISTROS DE LA VOTACIÓN CORRESPONDEN A LA ELECCIÓN EXTRAORDINARIA CELEBRADA EL 4 DE DICIEMBRE DE 2017,
2,32,ZACATECAS,2,ZACATECAS,58,ZACATECAS,1808,B,39,40,2,3,2,25,2,,4,0,0,0,0,0,0,0,0,0,4,15,1,137,2,139,441,GRUPO DE RECUENTO,,LOS REGISTROS DE LA VOTACIÓN CORRESPONDEN A LA ELECCIÓN EXTRAORDINARIA CELEBRADA EL 4 DE DICIEMBRE DE 2017,
2,32,ZACATECAS,2,ZACATECAS,58,ZACATECAS,1809,B,38,44,9,4,1,25,11,,3,1,0,1,0,0,0,0,0,1,7,14,0,159,6,165,460,GRUPO DE RECUENTO,,LOS REGISTROS DE LA VOTACIÓN CORRESPONDEN A LA ELECCIÓN EXTRAORDINARIA CELEBRADA EL 4 DE DICIEMBRE DE 2017,
2,32,ZACATECAS,2,ZACATECAS,58,ZACATECAS,1809,C01,38,52,7,6,1,24,2,,4,0,1,0,0,0,0,1,0,0,3,11,0,150,7,157,460,GRUPO DE RECUENTO,,LOS REGISTROS DE LA VOTACIÓN CORRESPONDEN A LA ELECCIÓN EXTRAORDINARIA CELEBRADA EL 4 DE DICIEMBRE DE 2017,
2,32,ZACATECAS,2,ZACATECAS,58,ZACATECAS,1810,B,43,27,5,5,1,14,1,,0,1,1,0,0,0,1,0,0,1,3,12,0,115,2,117,392,ACTA CASILLA,,LOS REGISTROS DE LA VOTACIÓN CORRESPONDEN A LA ELECCIÓN EXTRAORDINARIA CELEBRADA EL 4 DE DICIEMBRE DE 2017,
2,32,ZACATECAS,2,ZACATECAS,58,ZACATECAS,1810,C01,42,47,6,0,0,13,3,,1,0,0,0,0,0,0,0,0,4,3,5,2,126,4,130,392,GRUPO DE RECUENTO,,LOS REGISTROS DE LA VOTACIÓN CORRESPONDEN A LA ELECCIÓN EXTRAORDINARIA CELEBRADA EL 4 DE DICIEMBRE DE 2017,
2,32,ZACATECAS,2,ZACATECAS,58,ZACATECAS,1811,B,36,41,11,13,5,31,4,,2,1,0,1,0,1,0,0,0,4,5,12,2,169,5,174,543,ACTA CASILLA,,LOS REGISTROS DE LA VOTACIÓN CORRESPONDEN A LA ELECCIÓN EXTRAORDINARIA CELEBRADA EL 4 DE DICIEMBRE DE 2017,
2,32,ZACATECAS,2,ZACATECAS,58,ZACATECAS,1812,B,25,41,2,8,6,37,1,,0,3,1,0,1,1,1,0,0,1,8,15,2,153,4,157,555,ACTA CASILLA,,LOS REGISTROS DE LA VOTACIÓN CORRESPONDEN A LA ELECCIÓN EXTRAORDINARIA CELEBRADA EL 4 DE DICIEMBRE DE 2017,
2,32,ZACATECAS,2,ZACATECAS,58,ZACATECAS,1813,B,42,46,8,4,0,22,2,,2,4,0,0,0,1,0,0,0,4,3,22,0,160,10,170,561,GRUPO DE RECUENTO,,LOS REGISTROS DE LA VOTACIÓN CORRESPONDEN A LA ELECCIÓN EXTRAORDINARIA CELEBRADA EL 4 DE DICIEMBRE DE 2017,
2,32,ZACATECAS,2,ZACATECAS,58,ZACATECAS,1814,B,9,16,0,2,0,11,1,,0,0,0,0,0,0,0,0,0,1,5,9,0,54,1,55,214,ACTA CASILLA,,LOS REGISTROS DE LA VOTACIÓN CORRESPONDEN A LA ELECCIÓN EXTRAORDINARIA CELEBRADA EL 4 DE DICIEMBRE DE 2017,
2,32,ZACATECAS,1,ZACATECAS,58,ZACATECAS,1815,S01,10,98,5,9,3,8,3,,9,0,0,0,0,1,0,0,0,4,8,5,0,163,3,166,,ACTA CASILLA,,LOS REGISTROS DE LA VOTACIÓN CORRESPONDEN A LA ELECCIÓN EXTRAORDINARIA CELEBRADA EL 4 DE DICIEMBRE DE 2017,
2,32,ZACATECAS,1,ZACATECAS,58,ZACATECAS,1815,B,21,41,1,4,1,11,4,,3,0,0,0,0,0,1,0,0,1,11,8,0,107,11,118,383,ACTA CASILLA,,LOS REGISTROS DE LA VOTACIÓN CORRESPONDEN A LA ELECCIÓN EXTRAORDINARIA CELEBRADA EL 4 DE DICIEMBRE DE 2017,
2,32,ZACATECAS,1,ZACATECAS,58,ZACATECAS,1816,B,43,32,3,2,5,17,1,,5,1,2,0,0,0,1,0,0,0,3,6,0,121,0,121,311,ACTA CASILLA,,LOS REGISTROS DE LA VOTACIÓN CORRESPONDEN A LA ELECCIÓN EXTRAORDINARIA CELEBRADA EL 4 DE DICIEMBRE DE 2017,
2,32,ZACATECAS,1,ZACATECAS,58,ZACATECAS,1817,B,57,29,6,6,15,17,5,,10,3,1,0,1,2,1,1,0,1,6,12,0,173,6,179,518,ACTA CASILLA,,LOS REGISTROS DE LA VOTACIÓN CORRESPONDEN A LA ELECCIÓN EXTRAORDINARIA CELEBRADA EL 4 DE DICIEMBRE DE 2017,
2,32,ZACATECAS,1,ZACATECAS,58,ZACATECAS,1818,B,64,57,3,8,2,12,3,,4,2,0,0,0,0,0,0,0,2,4,16,0,177,0,177,460,ACTA CASILLA,,LOS REGISTROS DE LA VOTACIÓN CORRESPONDEN A LA ELECCIÓN EXTRAORDINARIA CELEBRADA EL 4 DE DICIEMBRE DE 2017,
2,32,ZACATECAS,1,ZACATECAS,58,ZACATECAS,1818,C01,48,54,5,4,7,15,2,,5,5,0,0,1,1,0,0,0,2,8,7,0,164,4,168,460,GRUPO DE RECUENTO,,LOS REGISTROS DE LA VOTACIÓN CORRESPONDEN A LA ELECCIÓN EXTRAORDINARIA CELEBRADA EL 4 DE DICIEMBRE DE 2017,
2,32,ZACATECAS,1,ZACATECAS,58,ZACATECAS,1819,B,27,37,9,6,0,16,4,,10,0,0,0,0,0,1,0,0,3,9,7,0,129,5,134,543,ACTA CASILLA,,LOS REGISTROS DE LA VOTACIÓN CORRESPONDEN A LA ELECCIÓN EXTRAORDINARIA CELEBRADA EL 4 DE DICIEMBRE DE 2017,
2,32,ZACATECAS,1,ZACATECAS,58,ZACATECAS,1819,C01,17,47,9,17,3,19,3,,2,2,0,0,0,2,0,0,0,0,1,10,0,132,9,141,542,ACTA CASILLA,,LOS REGISTROS DE LA VOTACIÓN CORRESPONDEN A LA ELECCIÓN EXTRAORDINARIA CELEBRADA EL 4 DE DICIEMBRE DE 2017,
2,32,ZACATECAS,1,ZACATECAS,58,ZACATECAS,1820,B,28,45,5,11,5,24,1,,10,1,0,1,0,1,1,1,0,2,6,7,0,149,5,154,643,ACTA CASILLA,,LOS REGISTROS DE LA VOTACIÓN CORRESPONDEN A LA ELECCIÓN EXTRAORDINARIA CELEBRADA EL 4 DE DICIEMBRE DE 2017,
2,32,ZACATECAS,1,ZACATECAS,58,ZACATECAS,1820,C01,14,73,11,11,3,14,3,,7,2,0,0,0,1,0,0,0,1,4,7,0,151,6,157,643,ACTA CASILLA,,LOS REGISTROS DE LA VOTACIÓN CORRESPONDEN A LA ELECCIÓN EXTRAORDINARIA CELEBRADA EL 4 DE DICIEMBRE DE 2017,
2,32,ZACATECAS,1,ZACATECAS,58,ZACATECAS,1820,C02,17,69,7,9,3,14,5,,9,1,0,0,0,0,0,0,0,2,7,5,0,148,5,153,643,ACTA CASILLA,,LOS REGISTROS DE LA VOTACIÓN CORRESPONDEN A LA ELECCIÓN EXTRAORDINARIA CELEBRADA EL 4 DE DICIEMBRE DE 2017,
2,32,ZACATECAS,1,ZACATECAS,58,ZACATECAS,1820,C03,20,46,12,12,2,22,1,,10,0,1,0,0,1,1,0,0,2,4,12,0,146,6,152,643,ACTA CASILLA,,LOS REGISTROS DE LA VOTACIÓN CORRESPONDEN A LA ELECCIÓN EXTRAORDINARIA CELEBRADA EL 4 DE DICIEMBRE DE 2017,
2,32,ZACATECAS,1,ZACATECAS,58,ZACATECAS,1820,C04,9,56,23,6,7,29,3,,6,0,2,1,0,0,0,0,0,4,10,7,0,163,5,168,642,ACTA CASILLA,,LOS REGISTROS DE LA VOTACIÓN CORRESPONDEN A LA ELECCIÓN EXTRAORDINARIA CELEBRADA EL 4 DE DICIEMBRE DE 2017,
2,32,ZACATECAS,1,ZACATECAS,58,ZACATECAS,1820,C05,18,58,8,9,4,19,1,,6,1,1,0,0,0,0,0,0,5,5,8,1,144,1,145,642,ACTA CASILLA,,LOS REGISTROS DE LA VOTACIÓN CORRESPONDEN A LA ELECCIÓN EXTRAORDINARIA CELEBRADA EL 4 DE DICIEMBRE DE 2017,
2,32,ZACATECAS,1,ZACATECAS,58,ZACATECAS,1821,B,17,48,7,11,16,15,1,,6,0,0,0,0,0,0,0,0,4,3,8,0,136,7,143,524,ACTA CASILLA,,LOS REGISTROS DE LA VOTACIÓN CORRESPONDEN A LA ELECCIÓN EXTRAORDINARIA CELEBRADA EL 4 DE DICIEMBRE DE 2017,
2,32,ZACATECAS,1,ZACATECAS,58,ZACATECAS,1821,C01,20,54,2,7,13,13,1,,3,1,1,0,2,1,0,0,0,2,5,7,1,133,2,135,523,ACTA CASILLA,,LOS REGISTROS DE LA VOTACIÓN CORRESPONDEN A LA ELECCIÓN EXTRAORDINARIA CELEBRADA EL 4 DE DICIEMBRE DE 2017,
2,32,ZACATECAS,1,ZACATECAS,58,ZACATECAS,1822,B,17,58,8,2,7,15,0,,2,1,0,0,0,0,0,1,0,1,11,6,0,129,4,133,461,ACTA CASILLA,,LOS REGISTROS DE LA VOTACIÓN CORRESPONDEN A LA ELECCIÓN EXTRAORDINARIA CELEBRADA EL 4 DE DICIEMBRE DE 2017,
2,32,ZACATECAS,1,ZACATECAS,58,ZACATECAS,1822,C01,21,57,6,2,4,16,2,,3,2,0,0,0,1,0,1,0,2,6,4,0,127,3,130,460,ACTA CASILLA,,LOS REGISTROS DE LA VOTACIÓN CORRESPONDEN A LA ELECCIÓN EXTRAORDINARIA CELEBRADA EL 4 DE DICIEMBRE DE 2017,
2,32,ZACATECAS,1,ZACATECAS,58,ZACATECAS,1823,B,16,49,8,3,5,16,4,,4,1,3,0,0,1,1,1,0,3,3,10,0,128,6,134,484,ACTA CASILLA,,LOS REGISTROS DE LA VOTACIÓN CORRESPONDEN A LA ELECCIÓN EXTRAORDINARIA CELEBRADA EL 4 DE DICIEMBRE DE 2017,
2,32,ZACATECAS,1,ZACATECAS,58,ZACATECAS,1823,C01,20,45,5,7,7,23,2,,5,1,0,0,1,0,0,0,0,1,3,4,0,124,2,126,484,ACTA CASILLA,,LOS REGISTROS DE LA VOTACIÓN CORRESPONDEN A LA ELECCIÓN EXTRAORDINARIA CELEBRADA EL 4 DE DICIEMBRE DE 2017,
2,32,ZACATECAS,1,ZACATECAS,58,ZACATECAS,1824,B,15,34,13,14,3,11,1,,4,0,0,0,0,0,0,0,0,0,3,6,1,105,1,106,416,ACTA CASILLA,,LOS REGISTROS DE LA VOTACIÓN CORRESPONDEN A LA ELECCIÓN EXTRAORDINARIA CELEBRADA EL 4 DE DICIEMBRE DE 2017,
2,32,ZACATECAS,1,ZACATECAS,58,ZACATECAS,1824,C01,28,38,14,7,4,9,4,,8,0,0,0,0,0,1,0,0,4,7,6,0,130,2,132,416,ACTA CASILLA,,LOS REGISTROS DE LA VOTACIÓN CORRESPONDEN A LA ELECCIÓN EXTRAORDINARIA CELEBRADA EL 4 DE DICIEMBRE DE 2017,
2,32,ZACATECAS,1,ZACATECAS,58,ZACATECAS,1825,B,13,35,4,11,4,10,3,,9,5,0,0,0,1,0,1,0,1,2,9,1,109,7,116,440,ACTA CASILLA,,LOS REGISTROS DE LA VOTACIÓN CORRESPONDEN A LA ELECCIÓN EXTRAORDINARIA CELEBRADA EL 4 DE DICIEMBRE DE 2017,
2,32,ZACATECAS,1,ZACATECAS,58,ZACATECAS,1825,C01,22,41,11,4,3,12,3,,4,1,0,0,0,1,1,0,0,1,2,4,2,112,6,118,440,ACTA CASILLA,,LOS REGISTROS DE LA VOTACIÓN CORRESPONDEN A LA ELECCIÓN EXTRAORDINARIA CELEBRADA EL 4 DE DICIEMBRE DE 2017,
2,32,ZACATECAS,1,ZACATECAS,58,ZACATECAS,1826,B,45,92,13,1,12,30,0,,3,0,0,1,0,0,2,0,0,3,6,8,0,216,9,225,710,ACTA CASILLA,,LOS REGISTROS DE LA VOTACIÓN CORRESPONDEN A LA ELECCIÓN EXTRAORDINARIA CELEBRADA EL 4 DE DICIEMBRE DE 2017,
2,32,ZACATECAS,1,ZACATECAS,58,ZACATECAS,1827,B,46,70,4,2,8,33,2,,4,2,0,0,0,0,1,0,0,6,6,11,0,195,4,199,609,ACTA CASILLA,,LOS REGISTROS DE LA VOTACIÓN CORRESPONDEN A LA ELECCIÓN EXTRAORDINARIA CELEBRADA EL 4 DE DICIEMBRE DE 2017,
2,32,ZACATECAS,1,ZACATECAS,58,ZACATECAS,1828,B,31,41,8,4,5,41,5,,4,2,1,0,0,0,2,0,0,5,8,9,3,169,8,177,602,GRUPO DE RECUENTO,,LOS REGISTROS DE LA VOTACIÓN CORRESPONDEN A LA ELECCIÓN EXTRAORDINARIA CELEBRADA EL 4 DE DICIEMBRE DE 2017,
2,32,ZACATECAS,1,ZACATECAS,58,ZACATECAS,1829,B,17,49,6,1,0,20,2,,3,1,2,1,0,1,0,0,0,3,10,6,1,123,5,128,465,ACTA CASILLA,,LOS REGISTROS DE LA VOTACIÓN CORRESPONDEN A LA ELECCIÓN EXTRAORDINARIA CELEBRADA EL 4 DE DICIEMBRE DE 2017,
2,32,ZACATECAS,1,ZACATECAS,58,ZACATECAS,1830,B,19,42,7,4,3,28,7,,9,1,1,0,0,1,0,0,0,1,8,10,1,142,5,147,607,ACTA CASILLA,,LOS REGISTROS DE LA VOTACIÓN CORRESPONDEN A LA ELECCIÓN EXTRAORDINARIA CELEBRADA EL 4 DE DICIEMBRE DE 2017,
2,32,ZACATECAS,1,ZACATECAS,58,ZACATECAS,1831,B,55,61,3,3,4,22,3,,3,0,1,1,1,0,0,0,0,0,4,17,0,178,9,187,654,GRUPO DE RECUENTO,,LOS REGISTROS DE LA VOTACIÓN CORRESPONDEN A LA ELECCIÓN EXTRAORDINARIA CELEBRADA EL 4 DE DICIEMBRE DE 2017,
2,32,ZACATECAS,1,ZACATECAS,58,ZACATECAS,1831,C01,38,68,5,5,10,23,1,,4,1,0,0,0,0,1,0,0,2,6,14,0,178,7,185,654,ACTA CASILLA,,LOS REGISTROS DE LA VOTACIÓN CORRESPONDEN A LA ELECCIÓN EXTRAORDINARIA CELEBRADA EL 4 DE DICIEMBRE DE 2017,
2,32,ZACATECAS,1,ZACATECAS,58,ZACATECAS,1831,C02,52,39,9,4,1,33,1,,2,1,0,0,1,0,1,0,0,1,3,15,2,165,5,170,654,ACTA CASILLA,,LOS REGISTROS DE LA VOTACIÓN CORRESPONDEN A LA ELECCIÓN EXTRAORDINARIA CELEBRADA EL 4 DE DICIEMBRE DE 2017,
2,32,ZACATECAS,1,ZACATECAS,58,ZACATECAS,1831,C03,41,68,4,1,6,17,1,,7,0,0,0,0,0,0,0,0,2,7,6,0,160,6,166,653,ACTA CASILLA,,LOS REGISTROS DE LA VOTACIÓN CORRESPONDEN A LA ELECCIÓN EXTRAORDINARIA CELEBRADA EL 4 DE DICIEMBRE DE 2017,
2,32,ZACATECAS,1,ZACATECAS,58,ZACATECAS,1832,C01,22,83,9,5,9,31,2,,4,3,0,0,1,2,0,0,0,8,2,8,0,189,7,196,606,ACTA CASILLA,,LOS REGISTROS DE LA VOTACIÓN CORRESPONDEN A LA ELECCIÓN EXTRAORDINARIA CELEBRADA EL 4 DE DICIEMBRE DE 2017,
2,32,ZACATECAS,1,ZACATECAS,58,ZACATECAS,1832,B,39,64,10,9,16,18,1,,3,0,1,0,0,2,0,1,0,4,5,0,1,174,9,183,606,ACTA CASILLA,,LOS REGISTROS DE LA VOTACIÓN CORRESPONDEN A LA ELECCIÓN EXTRAORDINARIA CELEBRADA EL 4 DE DICIEMBRE DE 2017,
2,32,ZACATECAS,1,ZACATECAS,58,ZACATECAS,1833,C01,14,46,3,5,6,18,2,,3,2,1,1,0,0,1,0,0,1,1,3,0,107,10,117,382,ACTA CASILLA,,LOS REGISTROS DE LA VOTACIÓN CORRESPONDEN A LA ELECCIÓN EXTRAORDINARIA CELEBRADA EL 4 DE DICIEMBRE DE 2017,
2,32,ZACATECAS,1,ZACATECAS,58,ZACATECAS,1833,B,10,54,6,7,2,19,0,,3,0,1,0,0,0,0,0,0,4,0,2,0,108,7,115,383,ACTA CASILLA,,LOS REGISTROS DE LA VOTACIÓN CORRESPONDEN A LA ELECCIÓN EXTRAORDINARIA CELEBRADA EL 4 DE DICIEMBRE DE 2017,
2,32,ZACATECAS,1,ZACATECAS,58,ZACATECAS,1834,C01,19,65,8,6,28,14,2,,3,0,1,0,0,1,1,1,0,4,7,6,0,166,7,173,574,ACTA CASILLA,,LOS REGISTROS DE LA VOTACIÓN CORRESPONDEN A LA ELECCIÓN EXTRAORDINARIA CELEBRADA EL 4 DE DICIEMBRE DE 2017,
2,32,ZACATECAS,1,ZACATECAS,58,ZACATECAS,1834,B,24,48,16,12,16,20,1,,5,2,0,0,0,0,1,0,1,1,6,19,0,172,5,177,574,ACTA CASILLA,,LOS REGISTROS DE LA VOTACIÓN CORRESPONDEN A LA ELECCIÓN EXTRAORDINARIA CELEBRADA EL 4 DE DICIEMBRE DE 2017,
2,32,ZACATECAS,1,ZACATECAS,58,ZACATECAS,1835,B,27,61,12,8,12,29,5,,6,0,0,0,0,2,1,1,0,3,6,12,0,185,9,194,581,ACTA CASILLA,,LOS REGISTROS DE LA VOTACIÓN CORRESPONDEN A LA ELECCIÓN EXTRAORDINARIA CELEBRADA EL 4 DE DICIEMBRE DE 2017,
2,32,ZACATECAS,1,ZACATECAS,58,ZACATECAS,1836,B,37,85,10,8,17,17,11,,1,0,1,0,0,1,1,0,0,3,20,14,1,227,10,237,685,ACTA CASILLA,,LOS REGISTROS DE LA VOTACIÓN CORRESPONDEN A LA ELECCIÓN EXTRAORDINARIA CELEBRADA EL 4 DE DICIEMBRE DE 2017,
2,32,ZACATECAS,1,ZACATECAS,58,ZACATECAS,1837,B,31,59,10,8,30,25,5,,3,2,1,1,0,2,1,0,0,2,10,10,0,200,2,202,566,ACTA CASILLA,,LOS REGISTROS DE LA VOTACIÓN CORRESPONDEN A LA ELECCIÓN EXTRAORDINARIA CELEBRADA EL 4 DE DICIEMBRE DE 2017,
2,32,ZACATECAS,1,ZACATECAS,58,ZACATECAS,1838,B,32,49,7,5,2,17,11,,3,0,1,0,0,0,0,0,0,4,5,10,0,146,2,148,599,ACTA CASILLA,,LOS REGISTROS DE LA VOTACIÓN CORRESPONDEN A LA ELECCIÓN EXTRAORDINARIA CELEBRADA EL 4 DE DICIEMBRE DE 2017,
2,32,ZACATECAS,1,ZACATECAS,58,ZACATECAS,1839,B,42,71,12,6,5,25,0,,2,3,1,0,1,2,0,0,0,5,10,14,0,199,4,203,575,ACTA CASILLA,,LOS REGISTROS DE LA VOTACIÓN CORRESPONDEN A LA ELECCIÓN EXTRAORDINARIA CELEBRADA EL 4 DE DICIEMBRE DE 2017,
2,32,ZACATECAS,1,ZACATECAS,58,ZACATECAS,1840,C01,17,34,6,6,4,21,2,,10,0,0,0,0,0,0,0,0,1,3,5,4,113,0,113,377,ACTA CASILLA,,LOS REGISTROS DE LA VOTACIÓN CORRESPONDEN A LA ELECCIÓN EXTRAORDINARIA CELEBRADA EL 4 DE DICIEMBRE DE 2017,
2,32,ZACATECAS,1,ZACATECAS,58,ZACATECAS,1840,B,10,24,3,3,0,13,3,,3,2,2,0,0,0,1,0,0,3,2,8,1,78,3,81,377,ACTA CASILLA,,LOS REGISTROS DE LA VOTACIÓN CORRESPONDEN A LA ELECCIÓN EXTRAORDINARIA CELEBRADA EL 4 DE DICIEMBRE DE 2017,
2,32,ZACATECAS,1,ZACATECAS,58,ZACATECAS,1841,C01,13,51,11,9,8,11,1,,2,1,0,0,0,0,1,0,0,4,7,5,0,124,5,129,406,ACTA CASILLA,,LOS REGISTROS DE LA VOTACIÓN CORRESPONDEN A LA ELECCIÓN EXTRAORDINARIA CELEBRADA EL 4 DE DICIEMBRE DE 2017,
2,32,ZACATECAS,1,ZACATECAS,58,ZACATECAS,1841,B,14,46,11,8,4,14,2,,5,1,0,0,0,1,0,0,1,5,7,9,0,128,7,135,407,ACTA CASILLA,,LOS REGISTROS DE LA VOTACIÓN CORRESPONDEN A LA ELECCIÓN EXTRAORDINARIA CELEBRADA EL 4 DE DICIEMBRE DE 2017,
2,32,ZACATECAS,1,ZACATECAS,58,ZACATECAS,1842,C01,18,49,9,10,6,12,1,,2,1,1,0,0,1,0,1,0,2,5,6,0,124,7,131,395,ACTA CASILLA,,LOS REGISTROS DE LA VOTACIÓN CORRESPONDEN A LA ELECCIÓN EXTRAORDINARIA CELEBRADA EL 4 DE DICIEMBRE DE 2017,
2,32,ZACATECAS,1,ZACATECAS,58,ZACATECAS,1842,B,14,46,10,8,6,11,2,,2,1,0,0,2,0,0,0,0,3,4,5,0,114,4,118,396,ACTA CASILLA,,LOS REGISTROS DE LA VOTACIÓN CORRESPONDEN A LA ELECCIÓN EXTRAORDINARIA CELEBRADA EL 4 DE DICIEMBRE DE 2017,
2,32,ZACATECAS,1,ZACATECAS,58,ZACATECAS,1843,C01,15,38,7,15,5,19,2,,3,2,0,0,0,0,0,0,0,2,0,7,0,115,4,119,430,ACTA CASILLA,,LOS REGISTROS DE LA VOTACIÓN CORRESPONDEN A LA ELECCIÓN EXTRAORDINARIA CELEBRADA EL 4 DE DICIEMBRE DE 2017,
2,32,ZACATECAS,1,ZACATECAS,58,ZACATECAS,1843,B,18,49,5,18,5,14,1,,5,2,0,0,0,0,0,0,0,2,2,0,1,122,0,122,431,ACTA CASILLA,,LOS REGISTROS DE LA VOTACIÓN CORRESPONDEN A LA ELECCIÓN EXTRAORDINARIA CELEBRADA EL 4 DE DICIEMBRE DE 2017,
2,32,ZACATECAS,1,ZACATECAS,58,ZACATECAS,1844,C01,17,46,11,5,2,24,2,,2,2,1,0,0,0,0,0,0,7,6,8,0,133,4,137,497,ACTA CASILLA,,LOS REGISTROS DE LA VOTACIÓN CORRESPONDEN A LA ELECCIÓN EXTRAORDINARIA CELEBRADA EL 4 DE DICIEMBRE DE 2017,
2,32,ZACATECAS,1,ZACATECAS,58,ZACATECAS,1844,B,22,49,8,4,5,17,1,,4,2,1,0,1,0,1,0,1,3,1,6,2,128,4,132,497,ACTA CASILLA,,LOS REGISTROS DE LA VOTACIÓN CORRESPONDEN A LA ELECCIÓN EXTRAORDINARIA CELEBRADA EL 4 DE DICIEMBRE DE 2017,
2,32,ZACATECAS,1,ZACATECAS,58,ZACATECAS,1845,C01,16,60,10,6,1,11,4,,3,0,0,0,0,0,0,0,0,0,7,1,0,119,6,125,389,ACTA CASILLA,,LOS REGISTROS DE LA VOTACIÓN CORRESPONDEN A LA ELECCIÓN EXTRAORDINARIA CELEBRADA EL 4 DE DICIEMBRE DE 2017,
2,32,ZACATECAS,1,ZACATECAS,58,ZACATECAS,1845,B,13,49,7,1,2,13,3,,2,0,0,0,0,1,0,0,0,1,3,8,0,103,5,108,390,ACTA CASILLA,,LOS REGISTROS DE LA VOTACIÓN CORRESPONDEN A LA ELECCIÓN EXTRAORDINARIA CELEBRADA EL 4 DE DICIEMBRE DE 2017,
2,32,ZACATECAS,1,ZACATECAS,58,ZACATECAS,1846,B,38,69,24,5,6,21,2,,12,5,2,0,0,1,0,0,0,2,2,22,1,212,7,219,724,GRUPO DE RECUENTO,,LOS REGISTROS DE LA VOTACIÓN CORRESPONDEN A LA ELECCIÓN EXTRAORDINARIA CELEBRADA EL 4 DE DICIEMBRE DE 2017,
2,32,ZACATECAS,1,ZACATECAS,58,ZACATECAS,1847,C01,17,54,8,9,5,11,3,,9,1,0,0,0,0,0,0,0,3,4,6,0,130,7,137,519,ACTA CASILLA,,LOS REGISTROS DE LA VOTACIÓN CORRESPONDEN A LA ELECCIÓN EXTRAORDINARIA CELEBRADA EL 4 DE DICIEMBRE DE 2017,
2,32,ZACATECAS,1,ZACATECAS,58,ZACATECAS,1847,B,23,57,6,15,4,9,5,,10,2,1,0,0,2,0,0,0,4,3,16,1,158,11,169,520,GRUPO DE RECUENTO,,LOS REGISTROS DE LA VOTACIÓN CORRESPONDEN A LA ELECCIÓN EXTRAORDINARIA CELEBRADA EL 4 DE DICIEMBRE DE 2017,
2,32,ZACATECAS,1,ZACATECAS,58,ZACATECAS,1847,C02,27,42,7,6,5,22,7,,5,3,0,0,0,0,0,0,0,1,2,2,0,129,4,133,519,ACTA CASILLA,,LOS REGISTROS DE LA VOTACIÓN CORRESPONDEN A LA ELECCIÓN EXTRAORDINARIA CELEBRADA EL 4 DE DICIEMBRE DE 2017,
2,32,ZACATECAS,1,ZACATECAS,58,ZACATECAS,1848,C01,19,37,6,15,8,13,2,,3,1,0,0,0,1,0,0,0,2,5,12,0,124,3,127,433,ACTA CASILLA,,LOS REGISTROS DE LA VOTACIÓN CORRESPONDEN A LA ELECCIÓN EXTRAORDINARIA CELEBRADA EL 4 DE DICIEMBRE DE 2017,
2,32,ZACATECAS,1,ZACATECAS,58,ZACATECAS,1848,B,16,37,8,12,4,18,5,,6,1,0,0,0,0,0,0,0,2,3,12,0,124,4,128,434,ACTA CASILLA,,LOS REGISTROS DE LA VOTACIÓN CORRESPONDEN A LA ELECCIÓN EXTRAORDINARIA CELEBRADA EL 4 DE DICIEMBRE DE 2017,
2,32,ZACATECAS,1,ZACATECAS,58,ZACATECAS,1849,C01,12,35,12,5,5,16,1,,5,0,1,0,1,0,1,0,0,2,1,7,0,104,7,111,498,ACTA CASILLA,,LOS REGISTROS DE LA VOTACIÓN CORRESPONDEN A LA ELECCIÓN EXTRAORDINARIA CELEBRADA EL 4 DE DICIEMBRE DE 2017,
2,32,ZACATECAS,1,ZACATECAS,58,ZACATECAS,1849,B,20,45,9,4,6,21,2,,1,2,0,0,0,0,2,0,0,3,7,4,0,126,4,130,499,ACTA CASILLA,,LOS REGISTROS DE LA VOTACIÓN CORRESPONDEN A LA ELECCIÓN EXTRAORDINARIA CELEBRADA EL 4 DE DICIEMBRE DE 2017,
2,32,ZACATECAS,1,ZACATECAS,58,ZACATECAS,1850,B,35,60,10,10,8,21,3,,10,1,1,0,0,0,1,0,0,2,5,12,0,179,4,183,563,ACTA CASILLA,,LOS REGISTROS DE LA VOTACIÓN CORRESPONDEN A LA ELECCIÓN EXTRAORDINARIA CELEBRADA EL 4 DE DICIEMBRE DE 2017,
2,32,ZACATECAS,1,ZACATECAS,58,ZACATECAS,1851,B,28,72,9,8,5,28,2,,9,0,0,0,1,0,0,0,0,4,7,12,0,185,4,189,594,ACTA CASILLA,,LOS REGISTROS DE LA VOTACIÓN CORRESPONDEN A LA ELECCIÓN EXTRAORDINARIA CELEBRADA EL 4 DE DICIEMBRE DE 2017,
2,32,ZACATECAS,1,ZACATECAS,58,ZACATECAS,1852,B,34,96,19,18,6,28,3,,4,2,0,0,0,0,4,1,0,0,7,12,1,235,7,242,728,ACTA CASILLA,,LOS REGISTROS DE LA VOTACIÓN CORRESPONDEN A LA ELECCIÓN EXTRAORDINARIA CELEBRADA EL 4 DE DICIEMBRE DE 2017,
2,32,ZACATECAS,1,ZACATECAS,58,ZACATECAS,1853,C01,10,39,6,4,1,29,3,,2,1,0,0,1,1,0,0,0,0,3,12,1,113,3,116,407,ACTA CASILLA,,LOS REGISTROS DE LA VOTACIÓN CORRESPONDEN A LA ELECCIÓN EXTRAORDINARIA CELEBRADA EL 4 DE DICIEMBRE DE 2017,
2,32,ZACATECAS,1,ZACATECAS,58,ZACATECAS,1853,B,18,31,4,7,6,19,3,,5,1,2,0,0,0,0,0,0,3,2,6,0,107,2,109,408,ACTA CASILLA,,LOS REGISTROS DE LA VOTACIÓN CORRESPONDEN A LA ELECCIÓN EXTRAORDINARIA CELEBRADA EL 4 DE DICIEMBRE DE 2017,
2,32,ZACATECAS,1,ZACATECAS,58,ZACATECAS,1854,B,27,42,15,10,7,16,5,,4,0,0,0,0,0,1,0,0,1,6,10,0,144,6,150,697,GRUPO DE RECUENTO,,LOS REGISTROS DE LA VOTACIÓN CORRESPONDEN A LA ELECCIÓN EXTRAORDINARIA CELEBRADA EL 4 DE DICIEMBRE DE 2017,
2,32,ZACATECAS,1,ZACATECAS,58,ZACATECAS,1855,B,17,55,11,12,13,25,1,,9,0,0,0,0,1,1,0,0,4,5,9,0,163,6,169,730,ACTA CASILLA,,LOS REGISTROS DE LA VOTACIÓN CORRESPONDEN A LA ELECCIÓN EXTRAORDINARIA CELEBRADA EL 4 DE DICIEMBRE DE 2017,
2,32,ZACATECAS,1,ZACATECAS,58,ZACATECAS,1856,C01,25,38,4,5,23,18,2,,3,3,0,0,0,0,0,1,0,4,1,3,0,130,2,132,452,GRUPO DE RECUENTO,,LOS REGISTROS DE LA VOTACIÓN CORRESPONDEN A LA ELECCIÓN EXTRAORDINARIA CELEBRADA EL 4 DE DICIEMBRE DE 2017,
2,32,ZACATECAS,1,ZACATECAS,58,ZACATECAS,1856,B,21,39,5,2,21,18,2,,5,2,0,1,0,1,2,0,0,0,4,5,3,131,8,139,453,ACTA CASILLA,,LOS REGISTROS DE LA VOTACIÓN CORRESPONDEN A LA ELECCIÓN EXTRAORDINARIA CELEBRADA EL 4 DE DICIEMBRE DE 2017,
2,32,ZACATECAS,1,ZACATECAS,58,ZACATECAS,1857,C01,22,54,1,7,25,20,2,,4,1,0,0,0,0,0,0,0,2,9,1,0,148,4,152,436,ACTA CASILLA,,LOS REGISTROS DE LA VOTACIÓN CORRESPONDEN A LA ELECCIÓN EXTRAORDINARIA CELEBRADA EL 4 DE DICIEMBRE DE 2017,
2,32,ZACATECAS,1,ZACATECAS,58,ZACATECAS,1857,B,19,35,5,4,14,17,4,,3,1,0,0,0,1,0,1,0,3,2,4,0,113,10,123,437,ACTA CASILLA,,LOS REGISTROS DE LA VOTACIÓN CORRESPONDEN A LA ELECCIÓN EXTRAORDINARIA CELEBRADA EL 4 DE DICIEMBRE DE 2017,
2,32,ZACATECAS,1,ZACATECAS,58,ZACATECAS,1858,C01,28,43,11,6,7,13,1,,4,0,0,0,0,0,0,0,0,3,4,4,0,124,4,128,479,ACTA CASILLA,,LOS REGISTROS DE LA VOTACIÓN CORRESPONDEN A LA ELECCIÓN EXTRAORDINARIA CELEBRADA EL 4 DE DICIEMBRE DE 2017,
2,32,ZACATECAS,1,ZACATECAS,58,ZACATECAS,1858,B,22,62,7,3,9,14,1,,3,0,0,0,0,1,0,0,0,0,3,0,0,125,7,132,479,ACTA CASILLA,,LOS REGISTROS DE LA VOTACIÓN CORRESPONDEN A LA ELECCIÓN EXTRAORDINARIA CELEBRADA EL 4 DE DICIEMBRE DE 2017,
2,32,ZACATECAS,1,ZACATECAS,58,ZACATECAS,1859,C01,34,57,13,13,23,26,1,,7,3,0,0,1,0,1,0,0,2,4,7,0,192,6,198,641,ACTA CASILLA,,LOS REGISTROS DE LA VOTACIÓN CORRESPONDEN A LA ELECCIÓN EXTRAORDINARIA CELEBRADA EL 4 DE DICIEMBRE DE 2017,
2,32,ZACATECAS,1,ZACATECAS,58,ZACATECAS,1859,B,33,67,8,8,19,26,3,,1,1,0,0,0,0,0,0,0,3,3,8,0,180,3,183,642,ACTA CASILLA,,LOS REGISTROS DE LA VOTACIÓN CORRESPONDEN A LA ELECCIÓN EXTRAORDINARIA CELEBRADA EL 4 DE DICIEMBRE DE 2017,
2,32,ZACATECAS,1,ZACATECAS,58,ZACATECAS,1859,C02,19,69,4,6,16,26,1,,2,1,1,0,0,0,0,0,0,3,8,8,0,164,6,170,641,ACTA CASILLA,,LOS REGISTROS DE LA VOTACIÓN CORRESPONDEN A LA ELECCIÓN EXTRAORDINARIA CELEBRADA EL 4 DE DICIEMBRE DE 2017,
2,32,ZACATECAS,1,ZACATECAS,58,ZACATECAS,1859,C03,12,53,13,11,23,24,2,,6,0,0,0,0,1,2,0,0,1,5,6,1,160,3,163,641,ACTA CASILLA,,LOS REGISTROS DE LA VOTACIÓN CORRESPONDEN A LA ELECCIÓN EXTRAORDINARIA CELEBRADA EL 4 DE DICIEMBRE DE 2017,
2,32,ZACATECAS,1,ZACATECAS,58,ZACATECAS,1859,C04,21,70,3,8,34,21,5,,5,0,2,0,0,0,0,0,0,0,6,3,2,180,4,184,641,ACTA CASILLA,,LOS REGISTROS DE LA VOTACIÓN CORRESPONDEN A LA ELECCIÓN EXTRAORDINARIA CELEBRADA EL 4 DE DICIEMBRE DE 2017,
2,32,ZACATECAS,1,ZACATECAS,58,ZACATECAS,1860,C01,18,53,10,10,6,24,2,,3,3,1,0,0,0,1,0,0,1,9,7,1,149,2,151,535,ACTA CASILLA,,LOS REGISTROS DE LA VOTACIÓN CORRESPONDEN A LA ELECCIÓN EXTRAORDINARIA CELEBRADA EL 4 DE DICIEMBRE DE 2017,
2,32,ZACATECAS,1,ZACATECAS,58,ZACATECAS,1860,B,27,55,9,10,10,16,1,,1,4,1,0,0,1,1,0,0,0,5,7,0,148,5,153,536,ACTA CASILLA,,LOS REGISTROS DE LA VOTACIÓN CORRESPONDEN A LA ELECCIÓN EXTRAORDINARIA CELEBRADA EL 4 DE DICIEMBRE DE 2017,
2,32,ZACATECAS,1,ZACATECAS,58,ZACATECAS,1860,C02,16,43,9,8,11,24,2,,2,2,0,1,0,0,0,0,1,1,3,7,1,131,3,134,535,ACTA CASILLA,,LOS REGISTROS DE LA VOTACIÓN CORRESPONDEN A LA ELECCIÓN EXTRAORDINARIA CELEBRADA EL 4 DE DICIEMBRE DE 2017,
2,32,ZACATECAS,1,ZACATECAS,58,ZACATECAS,1861,B,26,62,5,15,5,19,2,,2,0,0,0,0,2,2,0,0,0,4,4,1,149,11,160,633,ACTA CASILLA,,LOS REGISTROS DE LA VOTACIÓN CORRESPONDEN A LA ELECCIÓN EXTRAORDINARIA CELEBRADA EL 4 DE DICIEMBRE DE 2017,
2,32,ZACATECAS,1,ZACATECAS,58,ZACATECAS,1862,C01,41,57,12,10,3,27,8,,2,7,0,0,0,1,0,0,0,4,5,33,1,211,6,217,733,GRUPO DE RECUENTO,,LOS REGISTROS DE LA VOTACIÓN CORRESPONDEN A LA ELECCIÓN EXTRAORDINARIA CELEBRADA EL 4 DE DICIEMBRE DE 2017,
2,32,ZACATECAS,1,ZACATECAS,58,ZACATECAS,1862,B,37,49,7,8,5,35,2,,7,4,1,0,0,1,0,1,0,2,4,27,1,191,6,197,734,GRUPO DE RECUENTO,,LOS REGISTROS DE LA VOTACIÓN CORRESPONDEN A LA ELECCIÓN EXTRAORDINARIA CELEBRADA EL 4 DE DICIEMBRE DE 2017,
2,32,ZACATECAS,1,ZACATECAS,58,ZACATECAS,1863,C01,27,48,5,3,5,14,0,,9,2,2,0,0,0,1,0,0,4,14,4,0,138,3,141,414,ACTA CASILLA,,LOS REGISTROS DE LA VOTACIÓN CORRESPONDEN A LA ELECCIÓN EXTRAORDINARIA CELEBRADA EL 4 DE DICIEMBRE DE 2017,
2,32,ZACATECAS,1,ZACATECAS,58,ZACATECAS,1863,B,22,40,11,4,3,13,4,,2,2,0,0,1,1,0,0,0,4,7,6,0,120,1,121,414,ACTA CASILLA,,LOS REGISTROS DE LA VOTACIÓN CORRESPONDEN A LA ELECCIÓN EXTRAORDINARIA CELEBRADA EL 4 DE DICIEMBRE DE 2017,
2,32,ZACATECAS,1,ZACATECAS,58,ZACATECAS,1864,C01,14,49,9,9,6,18,5,,6,2,0,0,0,0,0,0,0,6,5,4,0,133,5,138,413,ACTA CASILLA,,LOS REGISTROS DE LA VOTACIÓN CORRESPONDEN A LA ELECCIÓN EXTRAORDINARIA CELEBRADA EL 4 DE DICIEMBRE DE 2017,
2,32,ZACATECAS,1,ZACATECAS,58,ZACATECAS,1864,B,14,49,7,5,4,15,1,,9,1,1,0,0,0,1,0,0,3,6,3,1,120,4,124,414,ACTA CASILLA,,LOS REGISTROS DE LA VOTACIÓN CORRESPONDEN A LA ELECCIÓN EXTRAORDINARIA CELEBRADA EL 4 DE DICIEMBRE DE 2017,
2,32,ZACATECAS,1,ZACATECAS,58,ZACATECAS,1865,B,18,54,12,16,11,31,4,,11,2,0,0,0,0,0,0,0,0,4,11,0,174,4,178,607,ACTA CASILLA,,LOS REGISTROS DE LA VOTACIÓN CORRESPONDEN A LA ELECCIÓN EXTRAORDINARIA CELEBRADA EL 4 DE DICIEMBRE DE 2017,
2,32,ZACATECAS,1,ZACATECAS,58,ZACATECAS,1866,B,19,56,7,10,18,12,3,,10,2,2,1,0,0,1,1,0,3,3,1,0,149,9,158,577,GRUPO DE RECUENTO,,LOS REGISTROS DE LA VOTACIÓN CORRESPONDEN A LA ELECCIÓN EXTRAORDINARIA CELEBRADA EL 4 DE DICIEMBRE DE 2017,
2,32,ZACATECAS,1,ZACATECAS,58,ZACATECAS,1867,B,11,39,9,6,2,24,4,,3,0,0,0,0,0,0,0,0,1,1,4,0,104,6,110,378,ACTA CASILLA,,LOS REGISTROS DE LA VOTACIÓN CORRESPONDEN A LA ELECCIÓN EXTRAORDINARIA CELEBRADA EL 4 DE DICIEMBRE DE 2017,
2,32,ZACATECAS,1,ZACATECAS,58,ZACATECAS,1868,C01,14,76,13,8,10,23,5,,10,3,1,0,0,0,0,0,0,1,5,6,1,176,4,180,650,GRUPO DE RECUENTO,,LOS REGISTROS DE LA VOTACIÓN CORRESPONDEN A LA ELECCIÓN EXTRAORDINARIA CELEBRADA EL 4 DE DICIEMBRE DE 2017,
2,32,ZACATECAS,1,ZACATECAS,58,ZACATECAS,1868,B,15,103,15,7,8,26,3,,7,0,0,0,0,0,2,0,0,1,2,0,0,189,4,193,651,ACTA CASILLA,,LOS REGISTROS DE LA VOTACIÓN CORRESPONDEN A LA ELECCIÓN EXTRAORDINARIA CELEBRADA EL 4 DE DICIEMBRE DE 2017,
2,32,ZACATECAS,1,ZACATECAS,58,ZACATECAS,1869,C01,14,71,8,26,5,34,3,,6,0,0,0,0,0,0,1,0,0,13,2,0,183,4,187,724,ACTA CASILLA,,LOS REGISTROS DE LA VOTACIÓN CORRESPONDEN A LA ELECCIÓN EXTRAORDINARIA CELEBRADA EL 4 DE DICIEMBRE DE 2017,
2,32,ZACATECAS,1,ZACATECAS,58,ZACATECAS,1869,B,20,80,14,14,4,28,1,,8,1,2,0,0,0,1,1,0,6,4,7,0,191,3,194,724,ACTA CASILLA,,LOS REGISTROS DE LA VOTACIÓN CORRESPONDEN A LA ELECCIÓN EXTRAORDINARIA CELEBRADA EL 4 DE DICIEMBRE DE 2017,
2,32,ZACATECAS,1,ZACATECAS,58,ZACATECAS,1869,E01,17,76,15,15,6,20,3,,8,0,0,0,0,1,0,0,0,6,4,7,0,178,12,190,673,ACTA CASILLA,,LOS REGISTROS DE LA VOTACIÓN CORRESPONDEN A LA ELECCIÓN EXTRAORDINARIA CELEBRADA EL 4 DE DICIEMBRE DE 2017,
2,32,ZACATECAS,1,ZACATECAS,58,ZACATECAS,1869,E01C01,23,56,12,17,5,29,5,,2,2,1,0,0,0,1,0,0,0,5,3,0,161,9,170,673,ACTA CASILLA,,LOS REGISTROS DE LA VOTACIÓN CORRESPONDEN A LA ELECCIÓN EXTRAORDINARIA CELEBRADA EL 4 DE DICIEMBRE DE 2017,
2,32,ZACATECAS,1,ZACATECAS,58,ZACATECAS,1869,E01C02,11,78,9,27,10,26,6,,3,0,0,0,1,0,1,1,0,0,10,6,1,190,9,199,673,ACTA CASILLA,,LOS REGISTROS DE LA VOTACIÓN CORRESPONDEN A LA ELECCIÓN EXTRAORDINARIA CELEBRADA EL 4 DE DICIEMBRE DE 2017,
2,32,ZACATECAS,1,ZACATECAS,58,ZACATECAS,1869,E01C03,26,93,13,22,6,21,5,,5,0,0,0,0,0,2,0,0,3,3,1,0,200,8,208,673,ACTA CASILLA,,LOS REGISTROS DE LA VOTACIÓN CORRESPONDEN A LA ELECCIÓN EXTRAORDINARIA CELEBRADA EL 4 DE DICIEMBRE DE 2017,
2,32,ZACATECAS,1,ZACATECAS,58,ZACATECAS,1869,E01C04,20,71,10,25,10,24,4,,10,1,0,0,0,0,1,0,0,2,4,4,0,186,8,194,672,ACTA CASILLA,,LOS REGISTROS DE LA VOTACIÓN CORRESPONDEN A LA ELECCIÓN EXTRAORDINARIA CELEBRADA EL 4 DE DICIEMBRE DE 2017,
2,32,ZACATECAS,1,ZACATECAS,58,ZACATECAS,1869,E01C05,23,88,5,15,6,22,3,,6,3,1,1,0,0,2,0,0,4,6,9,0,194,12,206,672,ACTA CASILLA,,LOS REGISTROS DE LA VOTACIÓN CORRESPONDEN A LA ELECCIÓN EXTRAORDINARIA CELEBRADA EL 4 DE DICIEMBRE DE 2017,
2,32,ZACATECAS,1,ZACATECAS,58,ZACATECAS,1869,C02,22,99,15,9,4,20,4,,8,1,0,0,1,0,0,0,0,7,5,8,0,203,5,208,724,ACTA CASILLA,,LOS REGISTROS DE LA VOTACIÓN CORRESPONDEN A LA ELECCIÓN EXTRAORDINARIA CELEBRADA EL 4 DE DICIEMBRE DE 2017,
2,32,ZACATECAS,1,ZACATECAS,58,ZACATECAS,1869,C03,19,79,11,17,1,18,6,,8,6,1,0,0,0,2,1,0,4,3,9,0,185,15,200,724,ACTA CASILLA,,LOS REGISTROS DE LA VOTACIÓN CORRESPONDEN A LA ELECCIÓN EXTRAORDINARIA CELEBRADA EL 4 DE DICIEMBRE DE 2017,
2,32,ZACATECAS,1,ZACATECAS,58,ZACATECAS,1869,C04,18,78,10,13,7,31,3,,9,3,0,0,0,1,2,0,0,2,3,3,2,185,11,196,724,ACTA CASILLA,,LOS REGISTROS DE LA VOTACIÓN CORRESPONDEN A LA ELECCIÓN EXTRAORDINARIA CELEBRADA EL 4 DE DICIEMBRE DE 2017,
2,32,ZACATECAS,1,ZACATECAS,58,ZACATECAS,1869,C05,21,78,10,17,5,21,0,,11,0,3,0,0,0,1,0,2,8,6,6,1,190,15,205,724,ACTA CASILLA,,LOS REGISTROS DE LA VOTACIÓN CORRESPONDEN A LA ELECCIÓN EXTRAORDINARIA CELEBRADA EL 4 DE DICIEMBRE DE 2017,
2,32,ZACATECAS,1,ZACATECAS,58,ZACATECAS,1869,C06,32,74,14,8,7,23,4,,6,3,0,0,0,1,1,0,0,5,3,2,2,185,10,195,723,ACTA CASILLA,,LOS REGISTROS DE LA VOTACIÓN CORRESPONDEN A LA ELECCIÓN EXTRAORDINARIA CELEBRADA EL 4 DE DICIEMBRE DE 2017,
2,32,ZACATECAS,1,ZACATECAS,58,ZACATECAS,1870,C01,53,59,15,5,5,27,5,,6,1,1,0,0,2,0,0,0,3,5,14,1,202,8,210,708,GRUPO DE RECUENTO,,LOS REGISTROS DE LA VOTACIÓN CORRESPONDEN A LA ELECCIÓN EXTRAORDINARIA CELEBRADA EL 4 DE DICIEMBRE DE 2017,
2,32,ZACATECAS,1,ZACATECAS,58,ZACATECAS,1870,E01C05,42,59,7,9,4,39,3,,6,3,1,0,0,0,0,0,0,1,7,17,1,199,4,203,720,ACTA CASILLA,,LOS REGISTROS DE LA VOTACIÓN CORRESPONDEN A LA ELECCIÓN EXTRAORDINARIA CELEBRADA EL 4 DE DICIEMBRE DE 2017,
2,32,ZACATECAS,1,ZACATECAS,58,ZACATECAS,1870,B,43,61,5,6,4,28,3,,4,0,0,0,0,0,0,0,0,3,1,19,1,178,6,184,708,GRUPO DE RECUENTO,,LOS REGISTROS DE LA VOTACIÓN CORRESPONDEN A LA ELECCIÓN EXTRAORDINARIA CELEBRADA EL 4 DE DICIEMBRE DE 2017,
2,32,ZACATECAS,1,ZACATECAS,58,ZACATECAS,1870,E01,35,57,11,8,8,24,3,,7,0,3,0,0,0,1,0,0,6,7,14,2,186,7,193,721,ACTA CASILLA,,LOS REGISTROS DE LA VOTACIÓN CORRESPONDEN A LA ELECCIÓN EXTRAORDINARIA CELEBRADA EL 4 DE DICIEMBRE DE 2017,
2,32,ZACATECAS,1,ZACATECAS,58,ZACATECAS,1870,E01C01,44,56,11,10,2,24,5,,2,1,0,0,1,1,1,0,0,5,6,18,0,187,5,192,721,ACTA CASILLA,,LOS REGISTROS DE LA VOTACIÓN CORRESPONDEN A LA ELECCIÓN EXTRAORDINARIA CELEBRADA EL 4 DE DICIEMBRE DE 2017,
2,32,ZACATECAS,1,ZACATECAS,58,ZACATECAS,1870,E01C02,40,38,7,11,6,21,3,,4,1,0,0,0,0,0,0,0,4,6,9,0,150,3,153,721,ACTA CASILLA,,LOS REGISTROS DE LA VOTACIÓN CORRESPONDEN A LA ELECCIÓN EXTRAORDINARIA CELEBRADA EL 4 DE DICIEMBRE DE 2017,
2,32,ZACATECAS,1,ZACATECAS,58,ZACATECAS,1870,E01C03,37,55,7,15,5,26,2,,6,2,0,0,0,1,0,0,0,3,5,12,0,176,4,180,721,ACTA CASILLA,,LOS REGISTROS DE LA VOTACIÓN CORRESPONDEN A LA ELECCIÓN EXTRAORDINARIA CELEBRADA EL 4 DE DICIEMBRE DE 2017,
2,32,ZACATECAS,1,ZACATECAS,58,ZACATECAS,1870,E01C04,44,62,7,7,6,24,4,,5,2,0,0,0,1,1,0,0,2,12,6,3,186,3,189,721,ACTA CASILLA,,LOS REGISTROS DE LA VOTACIÓN CORRESPONDEN A LA ELECCIÓN EXTRAORDINARIA CELEBRADA EL 4 DE DICIEMBRE DE 2017,
2,32,ZACATECAS,1,ZACATECAS,58,ZACATECAS,1870,C02,53,38,14,7,6,25,4,,3,1,0,0,0,2,0,0,0,4,2,13,0,172,7,179,708,ACTA CASILLA,,LOS REGISTROS DE LA VOTACIÓN CORRESPONDEN A LA ELECCIÓN EXTRAORDINARIA CELEBRADA EL 4 DE DICIEMBRE DE 2017,
2,32,ZACATECAS,2,ZACATECAS,58,ZACATECAS,1871,B,26,82,8,13,1,5,39,,2,1,1,1,3,1,2,1,0,0,3,4,0,193,6,199,377,ACTA CASILLA,,LOS REGISTROS DE LA VOTACIÓN CORRESPONDEN A LA ELECCIÓN EXTRAORDINARIA CELEBRADA EL 4 DE DICIEMBRE DE 2017,
2,32,ZACATECAS,2,ZACATECAS,58,ZACATECAS,1872,B,37,122,22,11,10,6,9,,8,2,1,1,1,2,2,1,0,2,2,13,0,252,16,268,512,ACTA CASILLA,,LOS REGISTROS DE LA VOTACIÓN CORRESPONDEN A LA ELECCIÓN EXTRAORDINARIA CELEBRADA EL 4 DE DICIEMBRE DE 2017,
2,32,ZACATECAS,2,ZACATECAS,58,ZACATECAS,1873,B,22,149,9,10,8,12,4,,4,0,2,0,1,1,4,0,0,1,12,1,1,241,2,243,620,ACTA CASILLA,,LOS REGISTROS DE LA VOTACIÓN CORRESPONDEN A LA ELECCIÓN EXTRAORDINARIA CELEBRADA EL 4 DE DICIEMBRE DE 2017,
2,32,ZACATECAS,2,ZACATECAS,58,ZACATECAS,1874,C01,20,71,6,26,21,13,6,,7,2,0,1,0,0,0,0,0,2,7,1,0,183,8,191,600,GRUPO DE RECUENTO,,LOS REGISTROS DE LA VOTACIÓN CORRESPONDEN A LA ELECCIÓN EXTRAORDINARIA CELEBRADA EL 4 DE DICIEMBRE DE 2017,
2,32,ZACATECAS,2,ZACATECAS,58,ZACATECAS,1874,B,27,76,3,11,13,9,7,,2,0,0,0,0,0,2,0,0,3,7,4,0,164,11,175,600,ACTA CASILLA,,LOS REGISTROS DE LA VOTACIÓN CORRESPONDEN A LA ELECCIÓN EXTRAORDINARIA CELEBRADA EL 4 DE DICIEMBRE DE 2017,
2,32,ZACATECAS,2,ZACATECAS,58,ZACATECAS,1874,C02,21,82,21,19,8,11,7,,4,2,0,0,1,0,1,0,0,2,11,3,0,193,4,197,600,ACTA CASILLA,,LOS REGISTROS DE LA VOTACIÓN CORRESPONDEN A LA ELECCIÓN EXTRAORDINARIA CELEBRADA EL 4 DE DICIEMBRE DE 2017,
2,32,ZACATECAS,2,ZACATECAS,58,ZACATECAS,1875,C01,32,97,11,17,9,26,3,,3,2,0,0,0,1,1,0,0,6,8,0,0,216,7,223,632,ACTA CASILLA,,LOS REGISTROS DE LA VOTACIÓN CORRESPONDEN A LA ELECCIÓN EXTRAORDINARIA CELEBRADA EL 4 DE DICIEMBRE DE 2017,
2,32,ZACATECAS,2,ZACATECAS,58,ZACATECAS,1875,B,16,91,8,16,9,19,2,,3,1,0,0,0,1,2,0,0,1,4,3,0,176,9,185,632,ACTA CASILLA,,LOS REGISTROS DE LA VOTACIÓN CORRESPONDEN A LA ELECCIÓN EXTRAORDINARIA CELEBRADA EL 4 DE DICIEMBRE DE 2017,
2,32,ZACATECAS,2,ZACATECAS,58,ZACATECAS,1876,B,36,104,6,9,10,4,2,,3,1,1,0,1,0,3,1,0,6,5,1,0,193,12,205,347,ACTA CASILLA,,LOS REGISTROS DE LA VOTACIÓN CORRESPONDEN A LA ELECCIÓN EXTRAORDINARIA CELEBRADA EL 4 DE DICIEMBRE DE 2017,
2,32,ZACATECAS,2,ZACATECAS,58,ZACATECAS,1877,C01,27,90,19,10,37,11,3,,4,0,1,0,0,1,1,0,0,4,1,1,0,210,6,216,415,ACTA CASILLA,,LOS REGISTROS DE LA VOTACIÓN CORRESPONDEN A LA ELECCIÓN EXTRAORDINARIA CELEBRADA EL 4 DE DICIEMBRE DE 2017,
2,32,ZACATECAS,2,ZACATECAS,58,ZACATECAS,1877,B,26,82,18,10,34,7,2,,2,2,1,0,0,0,0,0,0,1,3,0,0,188,7,195,416,ACTA CASILLA,,LOS REGISTROS DE LA VOTACIÓN CORRESPONDEN A LA ELECCIÓN EXTRAORDINARIA CELEBRADA EL 4 DE DICIEMBRE DE 2017,
2,32,ZACATECAS,2,ZACATECAS,58,ZACATECAS,1878,B,21,158,14,13,32,6,2,,0,1,1,0,0,1,3,0,0,4,0,0,0,256,17,273,462,ACTA CASILLA,,LOS REGISTROS DE LA VOTACIÓN CORRESPONDEN A LA ELECCIÓN EXTRAORDINARIA CELEBRADA EL 4 DE DICIEMBRE DE 2017,
2,32,ZACATECAS,2,ZACATECAS,58,ZACATECAS,1879,B,8,137,6,13,3,3,4,,2,0,0,0,0,0,0,0,0,0,3,0,0,179,3,182,418,ACTA CASILLA,,LOS REGISTROS DE LA VOTACIÓN CORRESPONDEN A LA ELECCIÓN EXTRAORDINARIA CELEBRADA EL 4 DE DICIEMBRE DE 2017,
2,32,ZACATECAS,2,ZACATECAS,58,ZACATECAS,1880,B,20,121,14,13,54,52,7,,14,1,1,0,0,0,0,1,1,2,18,0,0,319,13,332,616,ACTA CASILLA,,LOS REGISTROS DE LA VOTACIÓN CORRESPONDEN A LA ELECCIÓN EXTRAORDINARIA CELEBRADA EL 4 DE DICIEMBRE DE 2017,
2,32,ZACATECAS,2,ZACATECAS,58,ZACATECAS,1881,B,18,76,8,13,9,4,1,,2,0,0,0,1,0,0,0,0,0,2,1,0,135,3,138,226,ACTA CASILLA,,LOS REGISTROS DE LA VOTACIÓN CORRESPONDEN A LA ELECCIÓN EXTRAORDINARIA CELEBRADA EL 4 DE DICIEMBRE DE 2017,
2,32,ZACATECAS,2,ZACATECAS,58,ZACATECAS,1882,B,16,60,6,1,6,5,3,,0,0,0,0,0,0,0,0,0,1,2,0,0,100,3,103,169,ACTA CASILLA,,LOS REGISTROS DE LA VOTACIÓN CORRESPONDEN A LA ELECCIÓN EXTRAORDINARIA CELEBRADA EL 4 DE DICIEMBRE DE 2017,
