﻿CIRCUNSCRIPCION,ID_ESTADO,NOMBRE_ESTADO,ID_DISTRITO_LOCAL,CABECERA_DISTRITAL_LOCAL,ID_MUNICIPIO,MUNICIPIO,ID_DEMARCACION_LOCAL,DEMARCACION_LOCAL,TIPO_DE_ELECCION,NOMBRE_PARTICIPANTE,NUMERO_LISTA,CANDIDATO,SEXO_CANDIDATO,RUTA_CONSTANCIA,PARTIDO
,29,TLAXCALA,,,,,,,GOB,MORENA-PT-PVEM-NATLAXCALA-PESTLAXCALA,,LORENA CUELLAR CISMEROS,2,,MORENA
,29,TLAXCALA,1,SAN ANTONIO CALPULALPAN,,,,,DIP_LOC_MR,PRD,,EVER ALEJANDRO CAMPECH AVELAR,1,,PRD
,29,TLAXCALA,2,TLAXCO DE MORELOS,,,,,DIP_LOC_MR,PAN-PRI-PRD-PAC-PS,,DIANA TORREJON RODRIGUEZ,2,,PRD
,29,TLAXCALA,3,SAN COSME XALOSTOC,,,,,DIP_LOC_MR,MORENA-PT-PVEM-NATLAXCALA-PESTLAXCALA,,JACIEL GONZALEZ HERRERA,1,,PVEM
,29,TLAXCALA,4,APIZACO,,,,,DIP_LOC_MR,MORENA-PT-PVEM-NATLAXCALA-PESTLAXCALA,,MONICA SANCHEZ ANGULO,2,,PEST
,29,TLAXCALA,5,SAN DIONICIO YAUHQUEMEHCAN,,,,,DIP_LOC_MR,MORENA-PT-PVEM-NATLAXCALA-PESTLAXCALA,,VICENTE MORALES PEREZ,1,,MORENA
,29,TLAXCALA,6,IXTACUIXTLA DE MARIANO MATAMOROS,,,,,DIP_LOC_MR,MORENA-PT-PVEM-NATLAXCALA-PESTLAXCALA,,LENIN CALVA PEREZ,1,,PANALT
,29,TLAXCALA,7,TLAXCALA DE XICOHTENCATL,,,,,DIP_LOC_MR,MORENA-PT-PVEM-NATLAXCALA-PESTLAXCALA,,GABRIELA ESPERANZA BRITO JIMENEZ,2,,PT
,29,TLAXCALA,8,SAN BERNARDINO CONTLA,,,,,DIP_LOC_MR,MORENA,,LUPITA CUAMATZI AGUAYO,2,,MORENA
,29,TLAXCALA,9,SANTA ANA CHIAUTEMPAN,,,,,DIP_LOC_MR,MORENA-PT-PVEM-NATLAXCALA-PESTLAXCALA,,MARIBEL LEON CRUZ,2,,PVEM
,29,TLAXCALA,10,HUAMANTLA,,,,,DIP_LOC_MR,MORENA-PT-PVEM-NATLAXCALA-PESTLAXCALA,,MIGUEL ANGEL CABALLERO YONCA,1,,MORENA
,29,TLAXCALA,11,HUAMANTLA,,,,,DIP_LOC_MR,MORENA-PT-PVEM-NATLAXCALA-PESTLAXCALA,,LETICIA MARTINEZ CERON,2,,PT
,29,TLAXCALA,12,SAN LUIS TEOLOCHOLCO,,,,,DIP_LOC_MR,MORENA,,BRENDA CECILIA VILLANTES RODRIGUEZ,2,,MORENA
,29,TLAXCALA,13,ZACATELCO,,,,,DIP_LOC_MR,PANALT,,BLADIMIR ZAINOS FLORES,1, ,PANALT
,29,TLAXCALA,14,SANTA MARIA NATIVITAS,,,,,DIP_LOC_MR,PT,,MIGUEL ANGEL COVARRUBIAS CERVANTES,1,,PT
,29,TLAXCALA,15,VICENTE GUERRERO,,,,,DIP_LOC_MR,MORENA-PT-PVEM-NATLAXCALA-PESTLAXCALA,,MARIA GUILLERMINA LOAIZA CORTERO,2,,MORENA
1,29,TLAXCALA,,,,,,,DIP_LOC_RP,PAN ,1,JOSE GILBERTO TEMOLTZIN MARTINEZ,1,,PAN 
1,29,TLAXCALA,,,,,,,DIP_LOC_RP,PRI,1,FABRICIO MENA RODRIGUEZ,1,,PRI
1,29,TLAXCALA,,,,,,,DIP_LOC_RP,PRD,2,BLANCA AGUILA LIMA,2,,PRD
1,29,TLAXCALA,,,,,,,DIP_LOC_RP,PRD,1,JUAN MANUEL CAMBRON SORIA,1,,PRD
1,29,TLAXCALA,,,,,,,DIP_LOC_RP,PT,1,LORENA RUIZ GARCIA,2,,PT
1,29,TLAXCALA,,,,,,,DIP_LOC_RP,PAC,1,LAURA ALEJANDRA RAMIREZ ORTIZ,2,,PAC
1,29,TLAXCALA,,,,,,,DIP_LOC_RP,MORENA,1,RUBEN  TERAN AGUILA,1,,MORENA
1,29,TLAXCALA,,,,,,,DIP_LOC_RP,MORENA,2,MARCELA  GONZALEZ CASTILLO,2,,MORENA
1,29,TLAXCALA,,,,,,,DIP_LOC_RP,MORENA,3,JORGE CABALLERO ROMAN,1,,MORENA
1,29,TLAXCALA,,,,,,,DIP_LOC_RP,FXM,1,REYNA FLOR BAEZ LOZANO,2,,FXM
 ,29,TLAXCALA,,,1,AMAXAC DE GUERRERO,,,AYUN,MORENA,,NANCY CORTES VAZQUEZ,2,,MORENA
,29,TLAXCALA,,,1,AMAXAC DE GUERRERO,,,SIND,MORENA,,EDWIN ULISES PEREZ VILLEGAS,1,,MORENA
,29,TLAXCALA,,,1,AMAXAC DE GUERRERO,,,REG,PRI,,SANTOS HERNANDEZ HERNANDEZ,1,,PRI
,29,TLAXCALA,,,1,AMAXAC DE GUERRERO,,,REG,PT,,NEFERTARI PEREZ PEREZ,2,,PT
,29,TLAXCALA,,,1,AMAXAC DE GUERRERO,,,REG,PAC,,LUIS JAVIER HERNANDEZ GRANDE,1,,PAC
,29,TLAXCALA,,,1,AMAXAC DE GUERRERO,,,REG,FXM,,GREGORIO HERNANDEZ PEREZ,1,,FXM
,29,TLAXCALA,,,1,AMAXAC DE GUERRERO,,,REG,CI,,LAURA MISHELL PEREZ HERNANDEZ,2,,CI
,29,TLAXCALA,,,1,AMAXAC DE GUERRERO,,,REG,RSP,,XIMENA NAVA ORTEGA,2,,RSP
,29,TLAXCALA,,,2,APETATITLAN DE ANTONIO CARVAJAL,,,AYUN,PAN,,ANGELO GUTIERREZ HERNANDEZ,1,,PAN
,29,TLAXCALA,,,2,APETATITLAN DE ANTONIO CARVAJAL,,,SIND,PAN,,MA. GLORIA RAMÃREZ RAMOS ,2,,PAN
,29,TLAXCALA,,,2,APETATITLAN DE ANTONIO CARVAJAL,,,REG,PAN,,ERICK ALEJANDRO GUTIERREZ MORALES,1,,PAN
,29,TLAXCALA,,,2,APETATITLAN DE ANTONIO CARVAJAL,,,REG,MORENA,,TRINIDAD RAMIREZ MENDEZ,1,,MORENA
,29,TLAXCALA,,,2,APETATITLAN DE ANTONIO CARVAJAL,,,REG,PS,,CARLOS GUTIERREZ FLORES,1,,PS
,29,TLAXCALA,,,2,APETATITLAN DE ANTONIO CARVAJAL,,,REG,MC,,KATHERINE IDALID SANTOS RAMIREZ,2,,MC
,29,TLAXCALA,,,2,APETATITLAN DE ANTONIO CARVAJAL,,,REG,PISSI,,ELOINA CABRERA CONTRERAS,2,,PISSI
,29,TLAXCALA,,,2,APETATITLAN DE ANTONIO CARVAJAL,,,REG,FXM,,MARGARITA HERNANDEZ  CABRERA,2,,FXM
,29,TLAXCALA,,,3,APIZACO,,,AYUN,PAN,,PABLO BADILLO SANCHEZ,1,,PAN
,29,TLAXCALA,,,3,APIZACO,,,SIND,PAN,,MARIA LUISA MARINA AGUILAR LOPEZ,2,,PAN
,29,TLAXCALA,,,3,APIZACO,,,REG,MORENA,,DAVID MONTER RIOS,1,,MORENA
,29,TLAXCALA,,,3,APIZACO,,,REG,PT,,JOSE PEDRO MENDEZ RIOS,1,,PT
,29,TLAXCALA,,,3,APIZACO,,,REG,PRD,,IVAN GABRIEL MENDEZ RAMIREZ,1,,PRD
,29,TLAXCALA,,,3,APIZACO,,,REG,PRI,,LORENZO EMILIO SANCHEZ RIVERA,1,,PRI
,29,TLAXCALA,,,3,APIZACO,,,REG,RSP,,JESSICA RODRIGUEZ LOPEZ,2,,RSP
,29,TLAXCALA,,,3,APIZACO,,,REG,PES,,SANTA MARTINEZ HERNANDEZ,2,,PES
,29,TLAXCALA,,,3,APIZACO,,,REG,PEST,,GISELA NAVA PALACIOS,2,,PEST
,29,TLAXCALA,,,4,ATLANGATEPEC,,,AYUN,PRI,,ALFREDO PONCE HERNANDEZ,1,,PRI
,29,TLAXCALA,,,4,ATLANGATEPEC,,,SIND,PRI,,LORENA CARRASCO GARCIA,2,,PRI
,29,TLAXCALA,,,4,ATLANGATEPEC,,,REG,PAN,,JOSE SOFONIAS CARMONA MONTIEL,1,,PAN
,29,TLAXCALA,,,4,ATLANGATEPEC,,,REG,PANALT,,JOAQUIN SANLUIS FARFAN,1,,PANALT
,29,TLAXCALA,,,4,ATLANGATEPEC,,,REG,PS,,LILIANA BARRERA MEJIA,2,,PS
,29,TLAXCALA,,,4,ATLANGATEPEC,,,REG,PVEM,,JAIME JIMENEZ CASTRO,1,,PVEM
,29,TLAXCALA,,,4,ATLANGATEPEC,,,REG,PAC,,TERESA PELCASTRE LOPEZ,2,,PAC
,29,TLAXCALA,,,5,ATLTZAYANCA,,,AYUN,PRI,,GUSTAVO PARADA MATAMOROS,1,,PRI
,29,TLAXCALA,,,5,ATLTZAYANCA,,,SIND,PRI,,LORENA LOAIZA PEREZ,2,,PRI
,29,TLAXCALA,,,5,ATLTZAYANCA,,,REG,PRI,,PABLO PARADA DIAZ ,1,,PRI
,29,TLAXCALA,,,5,ATLTZAYANCA,,,REG,PVEM,,AUDBERTO MUNGUIA AGUAYO,1,,PVEM
,29,TLAXCALA,,,5,ATLTZAYANCA,,,REG,PAN,,PEDRO RODRIGUEZ LIRA,1,,PAN
,29,TLAXCALA,,,5,ATLTZAYANCA,,,REG,MORENA,,DANIELA RODRIGUEZ MORALES,2,,MORENA
,29,TLAXCALA,,,5,ATLTZAYANCA,,,REG,PVEM,,ALEXANDRA CERON MONTIEL,2,,PVEM
,29,TLAXCALA,,,5,ATLTZAYANCA,,,REG,PRD,,MONTSERRAT AGUAYO LUCAS,2,,PRD
,29,TLAXCALA,,,6,CALPULALPAN,,,AYUN,PAC,,EDGAR PEÑA NAJERA,1,,PAC
,29,TLAXCALA,,,6,CALPULALPAN,,,SIND,PAC,,OLIVIA ROBLES MARTINEZ,2,,PAC
,29,TLAXCALA,,,6,CALPULALPAN,,,REG,PAC,,ERIK GARCIA HERNANDEZ,1,,PAC
,29,TLAXCALA,,,6,CALPULALPAN,,,REG,MORENA,,JOSE ALEJANDRO GARCIA MOYA,1,,MORENA
,29,TLAXCALA,,,6,CALPULALPAN,,,REG,PRI,,MANUEL FELIX MACIAS ,1,,PRI
,29,TLAXCALA,,,6,CALPULALPAN,,,REG,PRD,,JUAN MAURICIO HERNANDEZ CABRERA,1,,PRD
,29,TLAXCALA,,,6,CALPULALPAN,,,REG,PAN,,BRENDA VALDEZ ISLAS,2,,PAN
,29,TLAXCALA,,,6,CALPULALPAN,,,REG,FSM,,YANET RODRIGUEZ LARA,2,,FXM
,29,TLAXCALA,,,6,CALPULALPAN,,,REG,PS,,MARIA ANGELINA LOPEZ ROLDAN,2,,PS
,29,TLAXCALA,,,7,EL CARMEN TEQUEXQUITLA,,,AYUN,PAC,,MA ARACELI MARTINEZ CORTES,2,,PAC
,29,TLAXCALA,,,7,EL CARMEN TEQUEXQUITLA,,,SIND,PAC,,ALEJANDRO BONILLA RAMÃREZ,1,,PAC
,29,TLAXCALA,,,7,EL CARMEN TEQUEXQUITLA,,,REG,PAC,,ADRIANA HERNANDEZ BRAVO,2,,PAC
,29,TLAXCALA,,,7,EL CARMEN TEQUEXQUITLA,,,REG,RSP,,ARNULFO TORRES HERNANDEZ,1,,RSP
,29,TLAXCALA,,,7,EL CARMEN TEQUEXQUITLA,,,REG,MORENA,,DAVID SARMIENTO VALADEZ,1,,MORENA
,29,TLAXCALA,,,7,EL CARMEN TEQUEXQUITLA,,,REG,PAN,,CRESCENCIO HERNANDEZ RAMIREZ,1,,PAN
,29,TLAXCALA,,,7,EL CARMEN TEQUEXQUITLA,,,REG,PRD,,ITZIGUERI CASTILLO HERNANDEZ,2,,PRD
,29,TLAXCALA,,,7,EL CARMEN TEQUEXQUITLA,,,REG,RSP,,GUADALUPE HERNANDEZ PALACIOS,2,,RSP
,29,TLAXCALA,,,8,CUAPIAXTLA,,,AYUN,PRI,,ANTONIO ROMERO RODRIGUEZ,1,,PRI
,29,TLAXCALA,,,8,CUAPIAXTLA,,,SIND,PRI,,ADRIANA AGUILAR CERVANTES,2,,PRI
,29,TLAXCALA,,,8,CUAPIAXTLA,,,REG,PRI,,LUIS HERNANDEZ PIOQUINTO,1,,PRI
,29,TLAXCALA,,,8,CUAPIAXTLA,,,REG,PT,,ROBERTO PIÃ‘A ORTEGA,1,,PT
,29,TLAXCALA,,,8,CUAPIAXTLA,,,REG,MORENA,,PAOLA MUÃ‘OZ LOPEZ,2,,MORENA
,29,TLAXCALA,,,8,CUAPIAXTLA,,,REG,FXM,,ERICK RAMIREZ VAZQUEZ,1,,FXM
,29,TLAXCALA,,,8,CUAPIAXTLA,,,REG,PRD,,LAURA RAMIREZ CORTES,2,,PRD
,29,TLAXCALA,,,8,CUAPIAXTLA,,,REG,RSP,,MARIA LILIANA HERNANDEZ LOPEZ,2,,RSP
,29,TLAXCALA,,,9,CUAXOMULCO,,,AYUN,PAN,,MIGUEL ANGEL NERIA CARREÑO,1,,PAN
,29,TLAXCALA,,,9,CUAXOMULCO,,,SIND,PAN,,TANIA CERVANTES DIAZ,2,,PAN
,29,TLAXCALA,,,9,CUAXOMULCO,,,REG,CI,,OCTAVIO MONTIEL PEREZ,1,,CI
,29,TLAXCALA,,,9,CUAXOMULCO,,,REG,FXM,,VICTOR PÃ‰REZ SANCHEZ,1,,FXM
,29,TLAXCALA,,,9,CUAXOMULCO,,,REG,CI,,SOL FATIMA JIMENEZ CERVANTES,2,,CI
,29,TLAXCALA,,,9,CUAXOMULCO,,,REG,MORENA,,EVA MARIA SANTOS HERNANDEZ,2,,MORENA
,29,TLAXCALA,,,9,CUAXOMULCO,,,REG,PISSI,,JOSE LUIS MONTIEL MONTIEL,1,,PISSI
,29,TLAXCALA,,,10,CHIAUTEMPAN,,,AYUN,MORENA,,GUSTAVO JIMENEZ ROMERO,1,,MORENA
,29,TLAXCALA,,,10,CHIAUTEMPAN,,,SIND,MORENA,,MARIA ESTELA HERNANDEZ GRANDE,2,,MORENA
,29,TLAXCALA,,,10,CHIAUTEMPAN,,,REG,MORENA,,FRANCISCO ARENAS FLORES,1,,MORENA
,29,TLAXCALA,,,10,CHIAUTEMPAN,,,REG,PRD,,ANGEL ALEJANDRO GONZALEZ ARMAS,1,,PRD
,29,TLAXCALA,,,10,CHIAUTEMPAN,,,REG,PT,,EUSEVIO VALENTINO VAZQUEZ GARCIA,1,,PT
,29,TLAXCALA,,,10,CHIAUTEMPAN,,,REG,PVEM,,ADRIAN GUTIERREZ DECASA,1,,PVEM
,29,TLAXCALA,,,10,CHIAUTEMPAN,,,REG,PRI,,ARELY TOLTECA BARBOSA ,2,,PRI
,29,TLAXCALA,,,10,CHIAUTEMPAN,,,REG,PAN,,VERONICA BENITEZ FLORES,2,,PAN
,29,TLAXCALA,,,10,CHIAUTEMPAN,,,REG,CI,,DULCE IRIS LIMA CORONA,2,,CI
,29,TLAXCALA,,,11,MUÃ‘OZ DE DOMINGO ARENAS,,,AYUN,PEST,,HECTOR PRISCO HERNANDEZ,1,,PEST
,29,TLAXCALA,,,11,MUÃ‘OZ DE DOMINGO ARENAS,,,SIND,PEST,,JENNY CRISTAL QUITANILLA REYES,2,,PEST
,29,TLAXCALA,,,11,MUÑOZ DE DOMINGO ARENAS,,,REG,PEST,,JOSE ALFREDO SUAREZ CORONA,1,,PEST
,29,TLAXCALA,,,11,MUÑOZ DE DOMINGO ARENAS,,,REG,PISSI,,PROSPERO SANCHEZ GUEVARA,1,,PISSI
,29,TLAXCALA,,,11,MUÑOZ DE DOMINGO ARENAS,,,REG,PES,,PEDRO GONZALEZ BARRIOS,1,,PES
,29,TLAXCALA,,,11,MUÑOZ DE DOMINGO ARENAS,,,REG,MORENA,,MA. FELIX CARMEN LOPEZ ELIZALDE,2,,MORENA
,29,TLAXCALA,,,11,MUÑOZ DE DOMINGO ARENAS,,,REG,PAN,,ELIZABETH RODRIGUEZ PEREZ,2,,PAN
,29,TLAXCALA,,,12,ESPAÃ‘ITA,,,AYUN,PRI,,JOSE LUIS GONZALEZ GUARNEROS,1,,PRI
,29,TLAXCALA,,,12,ESPAÃ‘ITA,,,SIND,PRI,,MARLEN LEAL HERNANDEZ,2,,PRI
,29,TLAXCALA,,,12,ESPAÑITA,,,REG,PRI,,MARCO ANTONIO IBAÑEZ CARBAJAL,1,,PRI
,29,TLAXCALA,,,12,ESPAÑITA,,,REG,PAN,,JOSE JUSTINO CARBAJAL HERNANDEZ,1,,PAN
,29,TLAXCALA,,,12,ESPAÑITA,,,REG,PAN,,DANIELA FERNANDEZ HERNANDEZ,2,,PAN
,29,TLAXCALA,,,12,ESPAÑITA,,,REG,PT,,ADRIANA CORONA SANCHEZ,2,,PT
,29,TLAXCALA,,,12,ESPAÑITA,,,REG,PAN,,ALFONSO MENDEZ AVILA,1,,PAN
,29,TLAXCALA,,,13,HUAMANTLA,,,AYUN,PVEM,,JUAN SALVADOR SANTOS CEDILLO,1,,PVEM
,29,TLAXCALA,,,13,HUAMANTLA,,,SIND,PVEM,,MA.EVA VALENCIA VALENCIA,2,,PVEM
,29,TLAXCALA,,,13,HUAMANTLA,,,REG,PVEM,,ALEJANDRO LOPEZ CORTES,1,,PVEM
,29,TLAXCALA,,,13,HUAMANTLA,,,REG,PAN,,BERNARDO LOPEZ JUAREZ,1,,PAN
,29,TLAXCALA,,,13,HUAMANTLA,,,REG,PAN,,LUZ MARIA CALVA PIMENTEL,2,,PAN
,29,TLAXCALA,,,13,HUAMANTLA,,,REG,MORENA,,LUIS ALAN BAEZ MEDRANO,1,,MORENA
,29,TLAXCALA,,,13,HUAMANTLA,,,REG,MORENA,,MARIA GUADALUPE LOZADA DIAZ,2,,MORENA
,29,TLAXCALA,,,13,HUAMANTLA,,,REG,PRD,,OSCAR RAFAEL PALAFOX FLORES,1,,PRD
,29,TLAXCALA,,,13,HUAMANTLA,,,REG,PEST,,MARICARMEN FERNANDEZ RAMIREZ,2,,PEST
,29,TLAXCALA,,,14,HUEYOTLIPAN,,,AYUN,RSP,,LUIS ANGEL ROLDAN CARRILLO,1,,RSP
,29,TLAXCALA,,,14,HUEYOTLIPAN,,,SIND,RSP,,ELIA SOSA SÃNCHEZ,2,,RSP
,29,TLAXCALA,,,14,HUEYOTLIPAN,,,REG,RSP,,FERNANDO HERNANDEZ ROBLES ,1,,RSP
,29,TLAXCALA,,,14,HUEYOTLIPAN,,,REG,PRI,,EUGENIO RODRIGUEZ PEREZ,1,,PRI
,29,TLAXCALA,,,14,HUEYOTLIPAN,,,REG,MORENA,,RICARDO CERON SANTIAGO,1,,MORENA
,29,TLAXCALA,,,14,HUEYOTLIPAN,,,REG,PAN,,DULCE JIMENA MORENO PEREZ,2,,PAN
,29,TLAXCALA,,,14,HUEYOTLIPAN,,,REG,PRI,,LORENA ROMERO CARRILLO,2,,PRI
,29,TLAXCALA,,,14,HUEYOTLIPAN,,,REG,MORENA,,ALEXANDRA SUSANO LOPEZ,2,,MORENA
,29,TLAXCALA,,,15,IXTACUIXTLA DE MARIANO MATAMOROS,,,AYUN,MORENA,,JESUS ROLANDO PEREZ SAAVEDRA,1,,MORENA
,29,TLAXCALA,,,15,IXTACUIXTLA DE MARIANO MATAMOROS,,,SIND,MORENA,,ANA ALICIA ROMERO MARTINEZ,2,,MORENA
,29,TLAXCALA,,,15,IXTACUIXTLA DE MARIANO MATAMOROS,,,REG,MORENA,,GERMAN MORALES PULIDO,1,,MORENA
,29,TLAXCALA,,,15,IXTACUIXTLA DE MARIANO MATAMOROS,,,REG,MORENA,,FABIOLA REYES DIAZ,2,,MORENA
,29,TLAXCALA,,,15,IXTACUIXTLA DE MARIANO MATAMOROS,,,REG,PRI,,RAFAEL ZAMBRANO PEREZ,1,,PRI
,29,TLAXCALA,,,15,IXTACUIXTLA DE MARIANO MATAMOROS,,,REG,RSP,,MARCIAL GRESS ROLDAN,1,,RSP
,29,TLAXCALA,,,15,IXTACUIXTLA DE MARIANO MATAMOROS,,,REG,PAC,,JOSE MANUEL ZAMORA DELGADILLO,1,,PAC
,29,TLAXCALA,,,15,IXTACUIXTLA DE MARIANO MATAMOROS,,,REG,PAN,,ELIZABETH RAMIREZ JUAREZ,2,,PAN
,29,TLAXCALA,,,15,IXTACUIXTLA DE MARIANO MATAMOROS,,,REG,PRD,,RAFAELA HERNANDEZ CORDOVA,2,,PRD
,29,TLAXCALA,,,16,IXTENCO,,,AYUN,PS,,RENATO SANCHEZ ROJAS,1,,PS
,29,TLAXCALA,,,16,IXTENCO,,,SIND,PS,,BRENDA AGUILAR HERNANDEZ,2,,PS
,29,TLAXCALA,,,16,IXTENCO,,,REG,PANALT,,OSCAR MARTINEZ CARPINTEYRO,1,,PANALT
,29,TLAXCALA,,,16,IXTENCO,,,REG,PEST,,MIRIAM ALINE LAZO CABALLERO,2,,PEST
,29,TLAXCALA,,,16,IXTENCO,,,REG,pt,,ANA KAREN CABRERA GALINDO,2,,pt
,29,TLAXCALA,,,16,IXTENCO,,,REG,MORENA,,LORELY ITZEL SOLIS APARICIO,2,,MORENA
,29,TLAXCALA,,,16,IXTENCO,,,REG,MC,,OMAR CISNEROS QUIROZ,1,,MC
,29,TLAXCALA,,,17,MAZATECOCHCO DE JOSE MARIA MORELOS,,,AYUN,PRI,,LEANDRA XICOHTENCATL MUÑOZ,2,,PRI
,29,TLAXCALA,,,17,MAZATECOCHCO DE JOSE MARIA MORELOS,,,SIND,PRI,,JOSE LUIS MENA MENA,1,,PRI
,29,TLAXCALA,,,17,MAZATECOCHCO DE JOSE MARIA MORELOS,,,REG,PRD,,ANTONIO XILOTL MENA,1,,PRD
,29,TLAXCALA,,,17,MAZATECOCHCO DE JOSE MARIA MORELOS,,,REG,CI,,POLICARPO SANCHEZ CORTES,1,,CI
,29,TLAXCALA,,,17,MAZATECOCHCO DE JOSE MARIA MORELOS,,,REG,PEST,,MAXILIMILIANO SANCHEZ BERRUECOS,1,,PEST
,29,TLAXCALA,,,17,MAZATECOCHCO DE JOSE MARIA MORELOS,,,REG,MORENA,,JENNYFER CORTES CORTES,2,,MORENA
,29,TLAXCALA,,,17,MAZATECOCHCO DE JOSE MARIA MORELOS,,,REG,PVEM,,ADRIANA  SAUCEDO SANCHEZ,2,,PVEM
,29,TLAXCALA,,,17,MAZATECOCHCO DE JOSE MARIA MORELOS,,,REG,PRD,,IVONNE MENA APANGO,2,,PRD
,29,TLAXCALA,,,18,CONTLA DE JUAN CUAMATZI,,,AYUN,MORENA,,EDDY ROLDAN XOLOCOTZI,1,,MORENA
,29,TLAXCALA,,,18,CONTLA DE JUAN CUAMATZI,,,SIND,MORENA,,LETICIA FLORES SARMIENTO,2,,MORENA
,29,TLAXCALA,,,18,CONTLA DE JUAN CUAMATZI,,,REG,MORENA,,GILBERTO FLORES MALDONADO,1,,MORENA
,29,TLAXCALA,,,18,CONTLA DE JUAN CUAMATZI,,,REG,PANALT,,ARNULFO AYOMETZI SASTRE,1,,PANALT
,29,TLAXCALA,,,18,CONTLA DE JUAN CUAMATZI,,,REG,PAN,,LEONARDO NETZAHUAL MALFABON,1,,PAN
,29,TLAXCALA,,,18,CONTLA DE JUAN CUAMATZI,,,REG,PT,,JACOBO CUATECONTZI RODRIGUEZ,1,,PT
,29,TLAXCALA,,,18,CONTLA DE JUAN CUAMATZI,,,REG,PRI,,MARIA FERNANDA CRUZ CRUZ,2,,PRI
,29,TLAXCALA,,,18,CONTLA DE JUAN CUAMATZI,,,REG,PEST,,ARACELI LOPANTZI FLORES,2,,PEST
,29,TLAXCALA,,,18,CONTLA DE JUAN CUAMATZI,,,REG,PANALT,,MIRIAM DE LA FUENTE  DE LA FUENTE,2,,PANALT
,29,TLAXCALA,,,19,TEPETITLA DE LARDIZABAL,,,AYUN,MORENA,,ALAN ALVARADO ISLAS,1,,MORENA
,29,TLAXCALA,,,19,TEPETITLA DE LARDIZABAL,,,SIND,MORENA,,YURITZI RAMIREZ RAMOS,2,,MORENA
,29,TLAXCALA,,,19,TEPETITLA DE LARDIZABAL,,,REG,PT,,EDUARDO CASTAÑEDA CERON,1,,PT
,29,TLAXCALA,,,19,TEPETITLA DE LARDIZABAL,,,REG,MC,,EDILBERTO MORALES FLORES,1,,MC
,29,TLAXCALA,,,19,TEPETITLA DE LARDIZABAL,,,REG,PAN,,JOSE CARLOS CANO FLORES,1,,PAN
,29,TLAXCALA,,,19,TEPETITLA DE LARDIZABAL,,,REG,PT,,ANDREA GONZALEZ ALVAREZ,2,,PT
,29,TLAXCALA,,,19,TEPETITLA DE LARDIZABAL,,,REG,PRD,,MAIDA MIRIAM JUAREZ VARILLA,2,,PRD
,29,TLAXCALA,,,19,TEPETITLA DE LARDIZABAL,,,REG,PEST,,GREGORIO CANO RAMIREZ,1,,PEST
,29,TLAXCALA,,,20,SANCTORUM DE LAZARO CARDENAS,,,AYUN,MORENA,,VERENICE GARCIA ZALDIVAR,2,,MORENA
,29,TLAXCALA,,,20,SANCTORUM DE LAZARO CARDENAS,,,SIND,MORENA,,JOSE ANGEL ZAVALA LUNA ,1,,MORENA
,29,TLAXCALA,,,20,SANCTORUM DE LAZARO CARDENAS,,,REG,PRI,,EFRAIN PINTO COVA,1,,PRI
,29,TLAXCALA,,,20,SANCTORUM DE LAZARO CARDENAS,,,REG,PAN,,NARCISO GARCIA ZAVALA,1,,PAN
,29,TLAXCALA,,,20,SANCTORUM DE LAZARO CARDENAS,,,REG,PS,,MARIBEL ESPINOZA PEÑA,2,,PS
,29,TLAXCALA,,,20,SANCTORUM DE LAZARO CARDENAS,,,REG,RSP,,LILIANA MIREYA PASTEN VARGAS,2,,RSP
,29,TLAXCALA,,,20,SANCTORUM DE LAZARO CARDENAS,,,REG,PT,,GULMARO TORRES AVILES,1,,PT
,29,TLAXCALA,,,21,NANACAMILPA DE MARIANO ARISTA,,,AYUN,MORENA,,OSWALDO MANUEL ROMANO VALDES,1,,MORENA
,29,TLAXCALA,,,21,NANACAMILPA DE MARIANO ARISTA,,,SIND,MORENA,,WENDI CRUZ HERNANDEZ,2,,MORENA
,29,TLAXCALA,,,21,NANACAMILPA DE MARIANO ARISTA,,,REG,PT,,JOSE MANUEL ROLDAN BENITEZ,1,,PT
,29,TLAXCALA,,,21,NANACAMILPA DE MARIANO ARISTA,,,REG,PRD,,CARLOS RAFAEL FRANCO BAZAN,1,,PRD
,29,TLAXCALA,,,21,NANACAMILPA DE MARIANO ARISTA,,,REG,PS,,HUGO ENRIQUE ZAMUDIO MUNGUIA,1,,PS
,29,TLAXCALA,,,21,NANACAMILPA DE MARIANO ARISTA,,,REG,PAC,,BERENICE ANGELINO FERNANDEZ,2,,PAC
,29,TLAXCALA,,,21,NANACAMILPA DE MARIANO ARISTA,,,REG,PRI,,ISANELY CONTRERAS LARA,2,,PRI
,29,TLAXCALA,,,21,NANACAMILPA DE MARIANO ARISTA,,,REG,PT,,MARIA GUADALUPE CORTES GARCIA,2,,PT
,29,TLAXCALA,,,22,ACUAMANALA DE MIGUEL HIDALGO,,,AYUN,RSP,,FERNANDO LUNA MARTINEZ,1,,RSP
,29,TLAXCALA,,,22,ACUAMANALA DE MIGUEL HIDALGO,,,SIND,RSP,,MARIA DE LOS ANGELES CUATEPITZI PEREZ,2,,RSP
,29,TLAXCALA,,,22,ACUAMANALA DE MIGUEL HIDALGO,,,REG,PS,,PAUL PICHON FABIAN,1,,PS
,29,TLAXCALA,,,22,ACUAMANALA DE MIGUEL HIDALGO,,,REG,PANALT,,MARCELINO AGUILA AGUILA,1,,PANALT
,29,TLAXCALA,,,22,ACUAMANALA DE MIGUEL HIDALGO,,,REG,MORENA,,ROBERTO LUNA PICHON,1,,MORENA
,29,TLAXCALA,,,22,ACUAMANALA DE MIGUEL HIDALGO,,,REG,PRI,,CELSO MELENDEZ LUNA,1,,PRI
,29,TLAXCALA,,,22,ACUAMANALA DE MIGUEL HIDALGO,,,REG,PS,,LETICIA AGUILA OCAÑA,2,,PS
,29,TLAXCALA,,,23,NATIVITAS,,,AYUN,PT,,CARLOS GARCIA SAMPEDRO ,1,,PT
,29,TLAXCALA,,,23,NATIVITAS,,,SIND,PT,,TERESITA COVARRUBIAS MARTINEZ,2,,PT
,29,TLAXCALA,,,23,NATIVITAS,,,REG,MC,,J. ROSARIO CABRERA SANCHEZ,1,,MC
,29,TLAXCALA,,,23,NATIVITAS,,,REG,PAC,,EDUARDO MURIAS JUAREZ,1,,PAC
,29,TLAXCALA,,,23,NATIVITAS,,,REG,MORENA,,OSCAR BERNAL GARCIA,1,,MORENA
,29,TLAXCALA,,,23,NATIVITAS,,,REG,PVEM,,ANALINE LARA VAZQUEZ,2,,PVEM
,29,TLAXCALA,,,23,NATIVITAS,,,REG,PS,,YANELLY SILVA PEREZ,2,,PS
,29,TLAXCALA,,,23,NATIVITAS,,,REG,PAN,,HELEEN JIMENEZ RAMIREZ,2,,PAN
,29,TLAXCALA,,,24,PANOTLA,,,AYUN,MORENA,,FELICITAS VAZQUEZ ISLAS,2,,MORENA
,29,TLAXCALA,,,24,PANOTLA,,,SIND,MORENA,,SERGIO LIMA HERNANDEZ,1,,MORENA
,29,TLAXCALA,,,24,PANOTLA,,,REG,PT,,VENTURA OSORNO VALENCIA,1,,PT
,29,TLAXCALA,,,24,PANOTLA,,,REG,PRI,,NELSON CALVA REYES,1,,PRI
,29,TLAXCALA,,,24,PANOTLA,,,REG,PANALT,,PABLO MONTALES MAZA,1,,PANALT
,29,TLAXCALA,,,24,PANOTLA,,,REG,PEST,,NOEMY PEREZ RODRIGUEZ ,2,,PEST
,29,TLAXCALA,,,24,PANOTLA,,,REG,PEST,,DIANA PALAFOX TOLAMATL ,2,,PEST
,29,TLAXCALA,,,24,PANOTLA,,,REG,FXM,,YOSBELIA RAMIREZ VAZQUEZ,2,,FXM
,29,TLAXCALA,,,24,PANOTLA,,,REG,PISSI,,LIZETH GUADALUPE MARTINEZ RIVERA,2,,PISSI
,29,TLAXCALA,,,25,SAN PABLO DEL MONTE,,,AYUN,PANALT,,RAUL TOMAS JUAREZ CONTRERAS,1,,PANALT
,29,TLAXCALA,,,25,SAN PABLO DEL MONTE,,,SIND,PANALT,,VANIA DENISE OTERO TEPECH,2,,PANALT
,29,TLAXCALA,,,25,SAN PABLO DEL MONTE,,,REG,PRI,,JOSE SERGIO MENDOZA CANO,1,,PRI
,29,TLAXCALA,,,25,SAN PABLO DEL MONTE,,,REG,MORENA,,OMAR ZAHUANTITLA GALINDO,1,,MORENA
,29,TLAXCALA,,,25,SAN PABLO DEL MONTE,,,REG,MC,,GERARDO NARCISO COYOTL PEREZ,1,,MC
,29,TLAXCALA,,,25,SAN PABLO DEL MONTE,,,REG,PT,,FREDY HILARIO TEPAL ,1,,PT
,29,TLAXCALA,,,25,SAN PABLO DEL MONTE,,,REG,PRI,,MONTSERRAT PEREZ TIZAMITL,2,,PRI
,29,TLAXCALA,,,25,SAN PABLO DEL MONTE,,,REG,PRD,,LAURA CAPILLA PIEDRAS,2,,PRD
,29,TLAXCALA,,,25,SAN PABLO DEL MONTE,,,REG,PVEM,,TANIA CANO OCOTERO,2,,PVEM
,29,TLAXCALA,,,26,SANTA CRUZ TLAXCALA,,,AYUN,MORENA,,DAVID MARTINEZ DEL RAZO,1,,MORENA
,29,TLAXCALA,,,26,SANTA CRUZ TLAXCALA,,,SIND,MORENA,,ARACELI  JUAREZ  HERNANDEZ,2,,MORENA
,29,TLAXCALA,,,26,SANTA CRUZ TLAXCALA,,,REG,PAC,,ELEAZAR MILACATL SANCHEZ,1,,PAC
,29,TLAXCALA,,,26,SANTA CRUZ TLAXCALA,,,REG,PS,,GONZALO MEDINA ALTAMIRANO,1,,PS
,29,TLAXCALA,,,26,SANTA CRUZ TLAXCALA,,,REG,PAN,,DIANA LAURA JUAREZ DE LOS ANGELES,2,,PAN
,29,TLAXCALA,,,26,SANTA CRUZ TLAXCALA,,,REG,MC,,ANTONIO COCOLETZI MUÑOZ,1,,MC
,29,TLAXCALA,,,26,SANTA CRUZ TLAXCALA,,,REG,PVEM,,MARINA AGUILAR GALINDO,2,,PVEM
,29,TLAXCALA,,,26,SANTA CRUZ TLAXCALA,,,REG,RSP,,LEONCIO BAUTISTA BAUTISTA,2,,RSP
,29,TLAXCALA,,,27,TENANCINGO,,,AYUN,MORENA,,MICAELA GUZMAN GUZMAN,2,,MORENA
,29,TLAXCALA,,,27,TENANCINGO,,,SIND,MORENA,,PEDRO ROJAS GUZMAN,1,,MORENA
,29,TLAXCALA,,,27,TENANCINGO,,,REG,MORENA,,GABRIELA ROJAS PEREZ,2,,MORENA
,29,TLAXCALA,,,27,TENANCINGO,,,REG,PRI,,VALERY GUZMAN LIRA,2,,PRI
,29,TLAXCALA,,,27,TENANCINGO,,,REG,PAN,,EDMUNDO PEREZ ROMERO,1,,PAN
,29,TLAXCALA,,,27,TENANCINGO,,,REG,PRI,,J. NOE CORONA GARCIA,1,,PRI
,29,TLAXCALA,,,27,TENANCINGO,,,REG,RSP,,JOSE DANIEL BASILILO GONZALEZ,1,,RSP
,29,TLAXCALA,,,27,TENANCINGO,,,REG,FXM,,JAQUELINE MENDEZ GONZALEZ,2,,FXM
,29,TLAXCALA,,,28,TEOLOCHOLCO,,,AYUN,MORENA,,RODRIGO CUAHUTLE SALAZAR,1,,MORENA
,29,TLAXCALA,,,28,TEOLOCHOLCO,,,SIND,MORENA,,AMADA ESPINOZA FLORES,2,,MORENA
,29,TLAXCALA,,,28,TEOLOCHOLCO,,,REG,MORENA,,BERTIN PICAZO ARENAS,1,,MORENA
,29,TLAXCALA,,,28,TEOLOCHOLCO,,,REG,PVEM,,ADOLFO JUAREZ TEXIS,1,,PVEM
,29,TLAXCALA,,,28,TEOLOCHOLCO,,,REG,PAC,,MARISOL TECUAPACHO AGUILA,2,,PAC
,29,TLAXCALA,,,28,TEOLOCHOLCO,,,REG,PRD,,TERESA FLORES PEREZ,2,,PRD
,29,TLAXCALA,,,28,TEOLOCHOLCO,,,REG,PT,,ULISES HERNANDEZ RUIZ,1,,PT
,29,TLAXCALA,,,28,TEOLOCHOLCO,,,REG,PT,,CARIDAD ATONAL TZOMPANTZI,2,,PT
,29,TLAXCALA,,,29,TEPEYANCO,,,AYUN,PT,,GAUDENCIO MORALES MORALES,1,,PT
,29,TLAXCALA,,,29,TEPEYANCO,,,SIND,PT,,LILIANA IXTLAPALE GUERRA,2,,PT
,29,TLAXCALA,,,29,TEPEYANCO,,,REG,PANALT,,MELITON TERAN FLORES,1,,PANALT
,29,TLAXCALA,,,29,TEPEYANCO,,,REG,PS,,JORGE PEREZ CARREÃ‘O,1,,PS
,29,TLAXCALA,,,29,TEPEYANCO,,,REG,PRI,,LAURA MENESES FLORES,2,,PRI
,29,TLAXCALA,,,29,TEPEYANCO,,,REG,PAC,,FERNANDO PEREZ DIAZ,1,,PAC
,29,TLAXCALA,,,29,TEPEYANCO,,,REG,MORENA,,ARENDY DELGADO LUMBRERAS ,2,,MORENA
,29,TLAXCALA,,,29,TEPEYANCO,,,REG,PRD,,MARIA DEL CARMEN DIAZ ROJAS,2,,PRD
,29,TLAXCALA,,,30,TERRENANTE,,,AYUN,PS,,EDGARDO ISAAC OLIVARES CRUZ,1,,PS
,29,TLAXCALA,,,30,TERRENANTE,,,SIND,PS,,LAURA MENESES PETRICIOLE,2,,PS
,29,TLAXCALA,,,30,TERRENANTE,,,REG,PS,,PAULINO SANCHEZ BALDERAS,1,,PS
,29,TLAXCALA,,,30,TERRENANTE,,,REG,PS,,GUADALUPE JIMENEZ RODRIGUEZ,2,,PS
,29,TLAXCALA,,,30,TERRENANTE,,,REG,PAC,,JOSE CONCEPCION MORALES IZALDE ,1,,PAC
,29,TLAXCALA,,,30,TERRENANTE,,,REG,PRI,,ROSA ISELA PALAFOX GUILLEN,2,,PRI
,29,TLAXCALA,,,30,TERRENANTE,,,REG,MORENA,,MARIA JOSE CRUZ CARMONA,2,,MORENA
,29,TLAXCALA,,,30,TERRENANTE,,,REG,PAC,,ANA LAURA LOPEZ MONTES,2,,PAC
,29,TLAXCALA,,,31,TETLA DE LA SOLIDARIDAD,,,AYUN,PS,,ANDRES RAMIREZ GALICIA,1,,PS
,29,TLAXCALA,,,31,TETLA DE LA SOLIDARIDAD,,,SIND,PS,,MARIA JUANA VARGAS CARRASCO,2,,PS
,29,TLAXCALA,,,31,TETLA DE LA SOLIDARIDAD,,,REG,PS,,IVAN HUGO RODRIGUEZ HUERTA,1,,PS
,29,TLAXCALA,,,31,TETLA DE LA SOLIDARIDAD,,,REG,MORENA,,GIOVANI MONTIEL LOPEZ,1,,MORENA
,29,TLAXCALA,,,31,TETLA DE LA SOLIDARIDAD,,,REG,PT,,OSCAR CAIN MONTIEL TELLEZ,1,,PT
,29,TLAXCALA,,,31,TETLA DE LA SOLIDARIDAD,,,REG,CI,,FRANCISCO GUADALUPE MOLINA MORALES,1,,CI
,29,TLAXCALA,,,31,TETLA DE LA SOLIDARIDAD,,,REG,MORENA,,JAZMIN PAOLA FLORES HERNANDEZ,2,,MORENA
,29,TLAXCALA,,,31,TETLA DE LA SOLIDARIDAD,,,REG,PRI,,DIANA ALEYDI RODRIGUEZ PALESTINA,2,,PRI
,29,TLAXCALA,,,31,TETLA DE LA SOLIDARIDAD,,,REG,PEST,,ANA MARIA GARCIA PALAFOX,2,,PEST
,29,TLAXCALA,,,32,TETLATLAHUCA,,,AYUN,PAC,,JUAN PABLO ANGULO HERNANDEZ,1,,PAC
,29,TLAXCALA,,,32,TETLATLAHUCA,,,SIND,PAC,,BENITA GARCIA GONZALEZ ,2,,PAC
,29,TLAXCALA,,,32,TETLATLAHUCA,,,REG,PVEM,,ALEJANDRO MENA LINARES,1,,PVEM
,29,TLAXCALA,,,32,TETLATLAHUCA,,,REG,PT,,GABRIEL HERNADEZ GARCIA ,1,,PT
,29,TLAXCALA,,,32,TETLATLAHUCA,,,REG,PES,,LAURO HERNANDEZ PÃ‰REZ,1,,PES
,29,TLAXCALA,,,32,TETLATLAHUCA,,,REG,PVEM,,ADRIANA ARENAS GUTIERREZ,2,,PVEM
,29,TLAXCALA,,,32,TETLATLAHUCA,,,REG,PT,,MARLEM CORONA AGUILA,2,,PT
,29,TLAXCALA,,,32,TETLATLAHUCA,,,REG,PES ,,ERIKA ZARATE PÃ‰REZ,2,,PES 
,29,TLAXCALA,,,33,TLAXCALA,,,AYUN,MORENA,,JORGE ALFREDO CORICHI FRAGOSO,1,,MORENA
,29,TLAXCALA,,,33,TLAXCALA,,,SIND,MORENA,,ROSALBA SALAS JARAMILLO,2,,MORENA
,29,TLAXCALA,,,33,TLAXCALA,,,REG,MORENA,,RAYMUNDO VAZQUEZ CONCHAS,1,,MORENA
,29,TLAXCALA,,,33,TLAXCALA,,,REG,MORENA,,ADRIANA DEL CARMEN HERNANDEZ ARMAS,2,,MORENA
,29,TLAXCALA,,,33,TLAXCALA,,,REG,PAN,,MIRZA ESTEFANIA AMARAL SANCHEZ,2,,PAN
,29,TLAXCALA,,,33,TLAXCALA,,,REG,PAC,,JUAN PADILLA SANCHEZ,1,,PAC
,29,TLAXCALA,,,33,TLAXCALA,,,REG,PRI,,CAROLINA CARRASCO BUSTILLOS,2,,PRI
,29,TLAXCALA,,,33,TLAXCALA,,,REG,CI,,ZAHIRA ORANDA TORRES ESCOBAR,2,,CI
,29,TLAXCALA,,,33,TLAXCALA,,,REG,PAN,,ERIK ENRIQUE GARCIA GONZALEZ,1,,PAN
,29,TLAXCALA,,,34,TLAXCO,,,AYUN,PRD,,ARMANDO FLORES LOPEZ,1,,PRD
,29,TLAXCALA,,,34,TLAXCO,,,SIND,PRD,,FABIOLA JUAREZ RIOS,2,,PRD
,29,TLAXCALA,,,34,TLAXCO,,,REG,PRD,,JOSE ANTONIO AVILA ARMENTA,1,,PRD
,29,TLAXCALA,,,34,TLAXCO,,,REG,PAN,,MARIANO HERNANDEZ GARCIA,1,,PAN
,29,TLAXCALA,,,34,TLAXCO,,,REG,PAN,,KAREN LIZBETH ORTIZ ORTIZ,2,,PAN
,29,TLAXCALA,,,34,TLAXCO,,,REG,MORENA,,CECILIA GUDELIA HERNANDEZ MARQUEZ,2,,MORENA
,29,TLAXCALA,,,34,TLAXCO,,,REG,PRI,,GERMAN RODRIGUEZ RODRIGUEZ,1,,PRI
,29,TLAXCALA,,,34,TLAXCO,,,REG,PAC,,ALVARO RAMIREZ LUNA,1,,PAC
,29,TLAXCALA,,,34,TLAXCO,,,REG,RSP,,MONICA MELISA ALVA RIOS,2,,RSP
,29,TLAXCALA,,,35,TOCATLAN,,,AYUN,PRI,,QUIRINO TORRES HERNANDEZ,1,,PRI
,29,TLAXCALA,,,35,TOCATLAN,,,SIND,PRI,,NATHALY VAZQUEZ MARQUEZ,2,,PRI
,29,TLAXCALA,,,35,TOCATLAN,,,REG,CI,,VIANEY AVENDAÃ‘O MARIN,2,,CI
,29,TLAXCALA,,,35,TOCATLAN,,,REG,PT,,CARLOS ALBERTO HERNANDEZ HERNANDEZ,1,,PT
,29,TLAXCALA,,,35,TOCATLAN,,,REG,FXM,,MARGARITO PARRA MUÃ‘OZ,1,,FXM
,29,TLAXCALA,,,35,TOCATLAN,,,REG,PVEM,,VERONICA SANCHEZ AVENDAÃ‘O,2,,PVEM
,29,TLAXCALA,,,35,TOCATLAN,,,REG,CI,,PEDRO AVENDAÃ‘O MARTINEZ,1,,CI
,29,TLAXCALA,,,36,TOTOLAC,,,AYUN,PRI,,RAVELO ZEMPOALTECA ENRIQUEZ,1,,PRI
,29,TLAXCALA,,,36,TOTOLAC,,,SIND,PRI ,,ANITA PEREZ ZEMPOALTECA,2,,PRI 
,29,TLAXCALA,,,36,TOTOLAC,,,REG,MORENA,,ARMANDO ZITLALPOPOCATL HACHA,1,,MORENA
,29,TLAXCALA,,,36,TOTOLAC,,,REG,PES,,JOSE RAFAEL CUECUECHA AGUILA,1,,PES
,29,TLAXCALA,,,36,TOTOLAC,,,REG,PT,,MARIA PAULINA FLORES ESPINDOLA,2,,PT
,29,TLAXCALA,,,36,TOTOLAC,,,REG,FXM,,FEDERICO TORRES CUATEPOTZO,1,,FXM
,29,TLAXCALA,,,36,TOTOLAC,,,REG,PEST,,MA. GUADALUPE  PEREZ FLORES,2,,PEST
,29,TLAXCALA,,,36,TOTOLAC,,,REG,RSP,,CELESTE MONSERRAT MORALES BARRIOS,2,,RSP
,29,TLAXCALA,,,37,ZITLALTEPEC DE TRINIDAD SANCHEZ SANTOS,,,AYUN,PRI,,JUAN CARLOS RODRIGUEZ CONTRERAS,1,,PRI
,29,TLAXCALA,,,37,ZITLALTEPEC DE TRINIDAD SANCHEZ SANTOS,,,SIND,PRI,,MARIA ELENA ORTEGA HUERTA,2,,PRI
,29,TLAXCALA,,,37,ZITLALTEPEC DE TRINIDAD SANCHEZ SANTOS,,,REG,PRI,,JOSE MARGARITO MENDOZA ZUÃ‘IGA,1,,PRI
,29,TLAXCALA,,,37,ZITLALTEPEC DE TRINIDAD SANCHEZ SANTOS,,,REG,MC,,CATALINO GONZALEZ GARCIA,1,,MC
,29,TLAXCALA,,,37,ZITLALTEPEC DE TRINIDAD SANCHEZ SANTOS,,,REG,PANALT,,ANDRES TORRES MORALES,1,,PANALT
,29,TLAXCALA,,,37,ZITLALTEPEC DE TRINIDAD SANCHEZ SANTOS,,,REG,MORENA,,TEOFILA CIRENIA PALAFOX CARMONA,2,,MORENA
,29,TLAXCALA,,,37,ZITLALTEPEC DE TRINIDAD SANCHEZ SANTOS,,,REG,PS,,ISABEL JIMENEZ DECENA,2,,PS
,29,TLAXCALA,,,38,TZOMPANTEPEC,,,AYUN,PRI,,MANUEL RAMOS MONTIEL,1,,PRI
,29,TLAXCALA,,,38,TZOMPANTEPEC,,,SIND,PRI,,ARACELI MONTIEL PEREZ,2,,PRI
,29,TLAXCALA,,,38,TZOMPANTEPEC,,,REG,MORENA,,MARTIN CALVA ESQUIVEL,1,,MORENA
,29,TLAXCALA,,,38,TZOMPANTEPEC,,,REG,PAN,,LUZ NALLELY FERNANDEZ MORALES,2,,PAN
,29,TLAXCALA,,,38,TZOMPANTEPEC,,,REG,PRD,,MANUEL CORONA PEREZ,1,,PRD
,29,TLAXCALA,,,38,TZOMPANTEPEC,,,REG,MORENA,,SELENE GUADALUPE MORENO VAZQUEZ,2,,MORENA
,29,TLAXCALA,,,38,TZOMPANTEPEC,,,REG,PAN,,CARLOS IGNACIO STANKIEWICZ DAVILA,1,,PAN
,29,TLAXCALA,,,38,TZOMPANTEPEC,,,REG,MC,,MARIA ANTONIA TORRES MARQUEZ,2,,MC
,29,TLAXCALA,,,39,XALOZTOC,,,AYUN,PT,,JOSE RAFAEL COCA VAZQUEZ,1,,PT
,29,TLAXCALA,,,39,XALOZTOC,,,SIND,PT,,MARIELA  GARCIA  SANCHEZ,2,,PT
,29,TLAXCALA,,,39,XALOZTOC,,,REG,PAN,,JUAN SANCHEZ SANCHEZ,1,,PAN
,29,TLAXCALA,,,39,XALOZTOC,,,REG,MC,,LEONCIO FERNANDEZ MUÃ‘OZ,1,,MC
,29,TLAXCALA,,,39,XALOZTOC,,,REG,PVEM,,CAMILO MUÃ‘OZ TANECO,1,,PVEM
,29,TLAXCALA,,,39,XALOZTOC,,,REG,CI,,LIZBETH PEREZ VAZQUEZ,2,,CI
,29,TLAXCALA,,,39,XALOZTOC,,,REG,PRI,,ESPERANZA FERNANDEZ FERNANDEZ,2,,PRI
,29,TLAXCALA,,,39,XALOZTOC,,,REG,MORENA,,MARIBEL RIAÃ‘O AVENDAÃ‘O,2,,MORENA
,29,TLAXCALA,,,40,XALTOCAN,,,AYUN,RSP,,JOSE LUIS HERNANDEZ VAZQUEZ,1,,RSP
,29,TLAXCALA,,,40,XALTOCAN,,,SIND,RSP,,ARACELI PEREZ LOZANO,2,,RSP
,29,TLAXCALA,,,40,XALTOCAN,,,REG,RSP,,CESAR VAZQUEZ LOZANO,1,,RSP
,29,TLAXCALA,,,40,XALTOCAN,,,REG,PAN,,CYNTHIA PAREDES LEON,2,,PAN
,29,TLAXCALA,,,40,XALTOCAN,,,REG,MORENA,,PILAR MORALES SUAREZ,2,,MORENA
,29,TLAXCALA,,,40,XALTOCAN,,,REG,PVEM,,JOSE GUADALUPE LOPEZ GONZALEZ,1,,PVEM
,29,TLAXCALA,,,40,XALTOCAN,,,REG,PRD,,REYNA LOZANO SOLIS,2,,PRD
,29,TLAXCALA,,,40,XALTOCAN,,,REG,PRI,,MA IRENE GUADALUPE SERRANO RUIZ,2,,PRI
,29,TLAXCALA,,,41,PAPALOTLA DE XICOHTENCATL,,,AYUN,PT,,JUAN OCTAVIO ROJAS CRUZ,1,,PT
,29,TLAXCALA,,,41,PAPALOTLA DE XICOHTENCATL,,,SIND,PT,,ANAID CORONA CALDERON,2,,PT
,29,TLAXCALA,,,41,PAPALOTLA DE XICOHTENCATL,,,REG,PRI,,OSWALDO MUÃ‘OZ HERNANDEZ,1,,PRI
,29,TLAXCALA,,,41,PAPALOTLA DE XICOHTENCATL,,,REG,MORENA,,ARMANDO LIMA ZEMPOALTECATL,1,,MORENA
,29,TLAXCALA,,,41,PAPALOTLA DE XICOHTENCATL,,,REG,RSP,,JUAN CARLOS LIMA SANCHEZ,1,,RSP
,29,TLAXCALA,,,41,PAPALOTLA DE XICOHTENCATL,,,REG,PES,,JOSE LUIS CORONA SANCHEZ,1,,PES
,29,TLAXCALA,,,41,PAPALOTLA DE XICOHTENCATL,,,REG,PVEM,,ADRIANA LOPEZ MARTINEZ,2,,PVEM
,29,TLAXCALA,,,41,PAPALOTLA DE XICOHTENCATL,,,REG,PRI,,MARIA DEL MAR CORONA AMARO,2,,PRI
,29,TLAXCALA,,,41,PAPALOTLA DE XICOHTENCATL,,,REG,PRD,,MA. DEL ROCIO BERRUECOS PEREZ ,2,,PRD
,29,TLAXCALA,,,42,XICOHTZINCO,,,AYUN,PRD,,LUIS ANGEL BARROSO RAMIREZ,1,,PRD
,29,TLAXCALA,,,42,XICOHTZINCO,,,SIND,PRD,,AIDA SILVIA XOCHICALE PEREZ,2,,PRD
,29,TLAXCALA,,,42,XICOHTZINCO,,,REG,MORENA,,ROSA ARENAS SALDAÃ‘A,2,,MORENA
,29,TLAXCALA,,,42,XICOHTZINCO,,,REG,PANALT,,JULIO CESAR GARCIA PEREZ ,1,,PANALT
,29,TLAXCALA,,,42,XICOHTZINCO,,,REG,MC,,RAYMUNDO GARCIA MENDOZA,1,,MC
,29,TLAXCALA,,,42,XICOHTZINCO,,,REG,PT,,KARLA ROCIO AMADOR ROJAS,2,,PT
,29,TLAXCALA,,,42,XICOHTZINCO,,,REG,RSP,,CLEOTILDE JARAMILLO RAMIREZ,2,,RSP
,29,TLAXCALA,,,42,XICOHTZINCO,,,REG,MORENA,,PEDRO HERNANDEZ PEREZ,1,,MORENA
,29,TLAXCALA,,,43,YAUHQUEMEHCAN,,,AYUN,MORENA,,MARIA ANITA CHAMORRO BALDILLO,2,,MORENA
,29,TLAXCALA,,,43,YAUHQUEMEHCAN,,,SIND,MORENA,,JUAN FREDY HERNANDEZ GARCIA,1,,MORENA
,29,TLAXCALA,,,43,YAUHQUEMEHCAN,,,REG,PAC,,NESTOR OMAR PAREDES SALINAS,1,,PAC
,29,TLAXCALA,,,43,YAUHQUEMEHCAN,,,REG,PAN,,EDGAR GRANDE PALMA,1,,PAN
,29,TLAXCALA,,,43,YAUHQUEMEHCAN,,,REG,PRI,,SANDRA MIRELVA SANCHEZ SANCHEZ,2,,PRI
,29,TLAXCALA,,,43,YAUHQUEMEHCAN,,,REG,PAC,,SARAI CARMONA SERRANO,2,,PAC
,29,TLAXCALA,,,43,YAUHQUEMEHCAN,,,REG,RSP,,JUAN MARTIN MANRIQUE GARCIA,1,,RSP
,29,TLAXCALA,,,43,YAUHQUEMEHCAN,,,REG,PES,,JORGE SANCHEZ PAREDES,1,,PES
,29,TLAXCALA,,,43,YAUHQUEMEHCAN,,,REG,FXM,,MARIELA VAZQUEZ MOLINA,2,,FXM
,29,TLAXCALA,,,44,ZACATELCO,,,AYUN,PANALT,,HILDEBERTO PEREZ ALVAREZ,1,,PANALT
,29,TLAXCALA,,,44,ZACATELCO,,,SIND,PANALT,,SANDRA GUTIERREZ PEREZ,2,,PANALT
,29,TLAXCALA,,,44,ZACATELCO,,,REG,MORENA,,JAVIER HERNANDEZ  ALVARADO,1,,MORENA
,29,TLAXCALA,,,44,ZACATELCO,,,REG,PRI,,RICARDO ROMAN CEDILLO,1,,PRI
,29,TLAXCALA,,,44,ZACATELCO,,,REG,PT,,ANTONIO PORTILLO DIAZ,1,,PT
,29,TLAXCALA,,,44,ZACATELCO,,,REG,PRD,,CARLOS GARZON MENESES,1,,PRD
,29,TLAXCALA,,,44,ZACATELCO,,,REG,PAN,,VIRIDIANA PEÃ‘AFLOR CORTES,2,,PAN
,29,TLAXCALA,,,44,ZACATELCO,,,REG,RSP,,BRICEIDA MUÃ‘OZ GARCIA,2,,RSP
,29,TLAXCALA,,,44,ZACATELCO,,,REG,PS,,PATRICIA DIAZ DOMINGUEZ,2,,PS
,29,TLAXCALA,,,45,SANTA APOLONIA TEACALCO,,,AYUN,MORENA,,OSCAR PORTILLO RAMIREZ,1,,MORENA
,29,TLAXCALA,,,45,SANTA APOLONIA TEACALCO,,,SIND,MORENA,,NATIVIDAD PORTILLO SOLIS,2,,MORENA
,29,TLAXCALA,,,45,SANTA APOLONIA TEACALCO,,,REG,PES,,MARIO NUÃ‘EZ SAMPEDRO,1,,PES
,29,TLAXCALA,,,45,SANTA APOLONIA TEACALCO,,,REG,PT,,LEONEL LOPEZ LARA,1,,PT
,29,TLAXCALA,,,45,SANTA APOLONIA TEACALCO,,,REG,PANALT,,MAURO PORTILLO RAMIREZ,1,,PANALT
,29,TLAXCALA,,,45,SANTA APOLONIA TEACALCO,,,REG,PS,,ADELY CERVANTES PISCIL,2,,PS
,29,TLAXCALA,,,45,SANTA APOLONIA TEACALCO,,,REG,PES,,DULCE MARIA PORTILLO SAMPEDRO,2,,PES
,29,TLAXCALA,,,46,SANTA CRUZ QUILEHTLA,,,AYUN,PAC,,LEONARDO FLORES GRANDE,1,,PAC
,29,TLAXCALA,,,46,SANTA CRUZ QUILEHTLA,,,SIND,PAC,,MA. MICAELINA PÃ‰REZ FLORES,2,,PAC
,29,TLAXCALA,,,46,SANTA CRUZ QUILEHTLA,,,REG,MORENA,,CLARA PEREZ PEREZ,2,,MORENA
,29,TLAXCALA,,,46,SANTA CRUZ QUILEHTLA,,,REG,PVEM,,HUMBERTO IBAÃ‘EZ PEREZ,1,,PVEM
,29,TLAXCALA,,,46,SANTA CRUZ QUILEHTLA,,,REG,MC,,AURELIO PEREZ TLAMINTZI,1,,MC
,29,TLAXCALA,,,46,SANTA CRUZ QUILEHTLA,,,REG,PT,,VICTOR PICHON SANCHEZ,1,,PT
,29,TLAXCALA,,,46,SANTA CRUZ QUILEHTLA,,,REG,PRD,,MIRELLA ROJAS LARA,2,,PRD
,29,TLAXCALA,,,47,SAN JUAN HUACTZINCO,,,AYUN,RSP,,JOSUE GUZMAN ZAMORA,1,,RSP
,29,TLAXCALA,,,47,SAN JUAN HUACTZINCO,,,SIND,RSP,,MIRIAM MENESES GARCIA,2,,RSP
,29,TLAXCALA,,,47,SAN JUAN HUACTZINCO,,,REG,PES,,FRANCISCO BERSAIN PEREZ VALENCIA,1,,PES
,29,TLAXCALA,,,47,SAN JUAN HUACTZINCO,,,REG,PRI,,VICTOR MANUEL PEREZ DE LA ROSA,1,,PRI
,29,TLAXCALA,,,47,SAN JUAN HUACTZINCO,,,REG,FXM,,GERMAN ARMANDO PEREZ ROBLES,1,,FXM
,29,TLAXCALA,,,47,SAN JUAN HUACTZINCO,,,REG,MORENA,,MA. GUADALUPE SUAREZ SANCHEZ,2,,MORENA
,29,TLAXCALA,,,47,SAN JUAN HUACTZINCO,,,REG,PEST,,LIZETH GUZMAN GUZMAN,2,,PEST
,29,TLAXCALA,,,48,SANTA CATARINA AYOMETLA,,,AYUN,MC,,MARIBEL MEZA GUZMAN,2,,MC
,29,TLAXCALA,,,48,SANTA CATARINA AYONETLA,,,SIND,MC,,JAVIER MORALES MADRID,1,,MC
,29,TLAXCALA,,,48,SANTA CATARINA AYONETLA,,,REG,PT,,FLORENCIO MEZA MEZA,1,,PT
,29,TLAXCALA,,,48,SANTA CATARINA AYONETLA,,,REG,PEST,,ENRIQUE BARBOSA CANALES,1,,PEST
,29,TLAXCALA,,,48,SANTA CATARINA AYONETLA,,,REG,PANALT,,MIGUEL MEZA CORTES,1,,PANALT
,29,TLAXCALA,,,48,SANTA CATARINA AYONETLA,,,REG,PAC,,CECILIA MORALES MEZA,2,,PAC
,29,TLAXCALA,,,48,SANTA CATARINA AYONETLA,,,REG,RSP,,LIZETH MEZA SAUCEDO,2,,RSP
,29,TLAXCALA,,,49,SANTA ISABEL XILOXOXTLA,,,AYUN,PT,,FRANCISCO ZACAPA RUGERIO,1,,PT
,29,TLAXCALA,,,49,SANTA ISABEL XILOXOXTLA,,,SIND,PT,,ARACELI ANGULO MUÃ‘OZ,2,,PT
,29,TLAXCALA,,,49,SANTA ISABEL XILOXOXTLA,,,REG,PRI,,MARGARITA SERRANO SANCHEZ,2,,PRI
,29,TLAXCALA,,,49,SANTA ISABEL XILOXOXTLA,,,REG,PS,,LEONOR CABRERA PEREZ,2,,PS
,29,TLAXCALA,,,49,SANTA ISABEL XILOXOXTLA,,,REG,MORENA,,SUSANA TENOCELOTL TEOYOTL,2,,MORENA
,29,TLAXCALA,,,49,SANTA ISABEL XILOXOXTLA,,,REG,MC,,RUFINA PEREZ SERRANO,2,,MC
,29,TLAXCALA,,,49,SANTA ISABEL XILOXOXTLA,,,REG,PAN,,GALDINO JUAN MUÃ‘OZ LOPEZ,1,,PAN
,29,TLAXCALA,,,50,SAN JOSE TEACALCO,,,AYUN,CI,,HILARIO PADILLA LONGINO,1,,CI
,29,TLAXCALA,,,50,SAN JOSE TEACALCO,,,SIND,CI,,FLORA CERVANTES PEREZ,2,,CI
,29,TLAXCALA,,,50,SAN JOSE TEACALCO,,,REG,PAC,,JOSE DAVID MENDIETA PADILLA,1,,PAC
,29,TLAXCALA,,,50,SAN JOSE TEACALCO,,,REG,PRI,,ANANI CUAXILOTL GUARNEROS,2,,PRI
,29,TLAXCALA,,,50,SAN JOSE TEACALCO,,,REG,CI,,DAYVI AGUILAR NAVA,1,,CI
,29,TLAXCALA,,,50,SAN JOSE TEACALCO,,,REG,PISSI,,CRUZ SANLUIS CERVANTES,1,,PISSI
,29,TLAXCALA,,,50,SAN JOSE TEACALCO,,,REG,MC,,BRENDA CERVANTES SANLUIS,2,,MC
,29,TLAXCALA,,,51,SAN FRANCISCO TETLANOHCAN,,,AYUN,PANALT,,FRANCISCO RODRIGUEZ MENDIETA ,1,,PANALT
,29,TLAXCALA,,,51,SAN FRANCISCO TETLANOHCAN,,,SIND,PANALT,,LETICIA RODRIGUEZ ROJAS ,2,,PANALT
,29,TLAXCALA,,,51,SAN FRANCISCO TETLANOHCAN,,,REG,PT,,MARIA ISABEL  CUAPIO RODRIGUEZ,2,,PT
,29,TLAXCALA,,,51,SAN FRANCISCO TETLANOHCAN,,,REG,PAC,,MIGUEL ANGEL MENDOZA CUAPIO ,1,,PAC
,29,TLAXCALA,,,51,SAN FRANCISCO TETLANOHCAN,,,REG,MORENA,,JOSE RUGERIO MENDIETA,1,,MORENA
,29,TLAXCALA,,,51,SAN FRANCISCO TETLANOHCAN,,,REG,PVEM,,MIGUEL ANGEL RODRIGUEZ MENDIETA,1,,PVEM
,29,TLAXCALA,,,51,SAN FRANCISCO TETLANOHCAN,,,REG,PISSI,,ABIGAIL RODRIGUEZ CORONA,2,,PISSI
,29,TLAXCALA,,,51,SAN FRANCISCO TETLANOHCAN,,,REG,FXM,,MARIA FATIMA RODRIGUEZ ZAMORA,2,,FXM
,29,TLAXCALA,,,52,LA MAGDALENA TLALTELULCO,,,AYUN,PVEM,,MARCO ANTONIO PLUMA MELENDEZ,1,,PVEM
,29,TLAXCALA,,,52,LA MAGDALENA TLALTELULCO,,,SIND,PVEM,,BRENDA AHUATZI LOPEZ,2,,PVEM
,29,TLAXCALA,,,52,LA MAGDALENA TLALTELULCO,,,REG,FXM,,CELIA PLUMA MELENDEZ,2,,FXM
,29,TLAXCALA,,,52,LA MAGDALENA TLALTELULCO,,,REG,PT,,MARIA DEL PILAR MORALES MUÃ‘OZ,2,,PT
,29,TLAXCALA,,,52,LA MAGDALENA TLALTELULCO,,,REG,PRI,,EZEQUIEL CONCEPCION MENDIETA GEORGE,1,,PRI
,29,TLAXCALA,,,52,LA MAGDALENA TLALTELULCO,,,REG,PS,,FELIPE MELENDEZ PLUMA,1,,PS
,29,TLAXCALA,,,52,LA MAGDALENA TLALTELULCO,,,REG,MORENA,,GLADIS PLUMA RUGERIO,2,,MORENA
,29,TLAXCALA,,,52,LA MAGDALENA TLALTELULCO,,,REG,PANALT,,OSCAR PLUMA SANDOVAL,1,,PANALT
,29,TLAXCALA,,,53,SAN DAMIAN TEXOLOC,,,AYUN,PT,,ARTURO COVARRUBIAS CERVANTES,1,,PT
,29,TLAXCALA,,,53,SAN DAMIAN TEXOLOC,,,SIND,PT,,AIXA AISLINN JIMENEZ TAVERA,2,,PT
,29,TLAXCALA,,,53,SAN DAMIAN TEXOLOC,,,REG,PT,,OMAR GONZALEZ RIVERA,1,,PT
,29,TLAXCALA,,,53,SAN DAMIAN TEXOLOC,,,REG,MORENA,,CARLOS OSORNO VAZQUEZ,1,,MORENA
,29,TLAXCALA,,,53,SAN DAMIAN TEXOLOC,,,REG,PAC,,MISAEL GONZALEZ PEREZ ,1,,PAC
,29,TLAXCALA,,,53,SAN DAMIAN TEXOLOC,,,REG,MORENA,,MARICARMEN GONZALEZ HERNANDEZ,2,,MORENA
,29,TLAXCALA,,,53,SAN DAMIAN TEXOLOC,,,REG,PAC,,MARIA ISABEL FLORES JUAREZ,2,,PAC
,29,TLAXCALA,,,54,EMILIANO ZAPATA,,,AYUN,PRI,,EDGAR MACIAS MORENO,1,,PRI
,29,TLAXCALA,,,54,EMILIANO ZAPATA,,,SIND,PRI,,NIDIA IVON RAZO MONTIEL,2,,PRI
,29,TLAXCALA,,,54,EMILIANO ZAPATA,,,REG,PRI,,BERNABE LEON CABALLERO,1,,PRI
,29,TLAXCALA,,,54,EMILIANO ZAPATA,,,REG,PRI,,ANA LIZETH LOPEZ CARMONA,2,,PRI
,29,TLAXCALA,,,54,EMILIANO ZAPATA,,,REG,FXM,,ALFREDO LEAL GONZALEZ,1,,FXM
,29,TLAXCALA,,,54,EMILIANO ZAPATA,,,REG,MORENA,,MISAEL MARQUEZ LIMA,1,,MORENA
,29,TLAXCALA,,,54,EMILIANO ZAPATA,,,REG,CI,,ORTENCIA MACIAS DEL RAZO,2,,CI
,29,TLAXCALA,,,55,LAZARO CARDENAS,,,AYUN,PES,,AGRIPINO RIVERA MARTINEZ,1,,PES
,29,TLAXCALA,,,55,LAZARO CARDENAS,,,SIND,PES,,CHARBEL CERVANTES CARMONA,2,,PES
,29,TLAXCALA,,,55,LAZARO CARDENAS,,,REG,PES,,ESTEBAN RODRIGUEZ CABRERA,1,,PES
,29,TLAXCALA,,,55,LAZARO CARDENAS,,,REG,PANALT,,SERGIO CERVANTES BALDERAS,1,,PANALT
,29,TLAXCALA,,,55,LAZARO CARDENAS,,,REG,PT,,LUCILA CABALLERO  MUNGUIA,2,,PT
,29,TLAXCALA,,,55,LAZARO CARDENAS,,,REG,CI,,MARCELINO SOSA SÃNCHEZ,1,,CI
,29,TLAXCALA,,,55,LAZARO CARDENAS,,,REG,FXM,,DANIELA GONZALEZ HERNANDEZ,2,,FXM
,29,TLAXCALA,,,56,SAN JERONIMO ZACUALPAN,,,AYUN,MC,,ISIDRO NOHPAL GARCIA,1,,MC
,29,TLAXCALA,,,56,SAN JERONIMO ZACUALPAN,,,SIND,MC,,SHAELA MENESES CHACARRIA,2,,MC
,29,TLAXCALA,,,56,SAN JERONIMO ZACUALPAN,,,REG,MC,,JEFRY HERNANDEZ PALMA,1,,MC
,29,TLAXCALA,,,56,SAN JERONIMO ZACUALPAN,,,REG,PT,,GABRIELA AVILA OCTZI,2,,PT
,29,TLAXCALA,,,56,SAN JERONIMO ZACUALPAN,,,REG,PT,,ELOY LEON PAIZ,1,,PT
,29,TLAXCALA,,,56,SAN JERONIMO ZACUALPAN,,,REG,PEST,,MICHEL PEREZ PEREZ,1,,PEST
,29,TLAXCALA,,,56,SAN JERONIMO ZACUALPAN,,,REG,PT,,MAGNOLIA MENES MONTALEGRE,2,,PT
,29,TLAXCALA,,,57,SAN LUCAS TECOPILCO,,,AYUN,PEST,,ABIRAN MISAEL BAEZ PEREZ,1,,PEST
,29,TLAXCALA,,,57,SAN LUCAS TECOPILCO,,,SIND,PEST,,VERONICA MENDOZA GARCIA,2,,PEST
,29,TLAXCALA,,,57,SAN LUCAS TECOPILCO,,,REG,PEST,,MIGUEL ANGEL REYES MEDINA,1,,PEST
,29,TLAXCALA,,,57,SAN LUCAS TECOPILCO,,,REG,PS,,JOSE MANUEL GALICIA MARTINEZ,1,,PS
,29,TLAXCALA,,,57,SAN LUCAS TECOPILCO,,,REG,PT,,GERMAN JIMENEZ CRUZ,1,,PT
,29,TLAXCALA,,,57,SAN LUCAS TECOPILCO,,,REG,PRI,,ANA ROSA AGUILAR GUTIERREZ,2,,PRI
,29,TLAXCALA,,,57,SAN LUCAS TECOPILCO,,,REG,PS,,ESTEFANY PEREZ MORALES,2,,PS
,29,TLAXCALA,,,58,SANTA ANA NOPALUCAN,,,AYUN,PT,,PEDRO PEREZ VASQUEZ,1,,PT
,29,TLAXCALA,,,58,SANTA ANA NOPALUCAN,,,SIND,PT,,MARIA EDITH MUÃ‘OZ MARTINEZ,2,,PT
,29,TLAXCALA,,,58,SANTA ANA NOPALUCAN,,,REG,PT,,FRANCISCO LICONA FLORES,1,,PT
,29,TLAXCALA,,,58,SANTA ANA NOPALUCAN,,,REG,PRD,,ANDRES TEPEPA RIVAS,1,,PRD
,29,TLAXCALA,,,58,SANTA ANA NOPALUCAN,,,REG,PRD,,NALLELY ROLDAN PEREZ,2,,PRD
,29,TLAXCALA,,,58,SANTA ANA NOPALUCAN,,,REG,MORENA,,MA. DE JESUS MOLINA MENDOZA,2,,MORENA
,29,TLAXCALA,,,58,SANTA ANA NOPALUCAN,,,REG,PRD,,ZEFERINO MORENO POPOCA,1,,PRD
,29,TLAXCALA,,,59,SAN LORENZO AXOCOMANITLA,,,AYUN,PRD,,ORACIO TUXPAN SANCHEZ,1,,PRD
,29,TLAXCALA,,,59,SAN LORENZO AXOCOMANITLA,,,SIND,PRD,,CONSUELO CERVANTES NAVA,2,,PRD
,29,TLAXCALA,,,59,SAN LORENZO AXOCOMANITLA,,,REG,PRD,,JHONNY MENDIETA ROBLES,1,,PRD
,29,TLAXCALA,,,59,SAN LORENZO AXOCOMANITLA,,,REG,MORENA,,LEIDY VALERIA PEREZ TUXPAN,2,,MORENA
,29,TLAXCALA,,,59,SAN LORENZO AXOCOMANITLA,,,REG,PT,,ERIKA FLORES SORIANO,2,,PT
,29,TLAXCALA,,,59,SAN LORENZO AXOCOMANITLA,,,REG,PT,,BENJAMIN CASTILLO CORRALEJO,1,,PT
,29,TLAXCALA,,,59,SAN LORENZO AXOCOMANITLA,,,REG,PISSI,,NAYELI JUAREZ RAMIREZ,2,,PISSI
,29,TLAXCALA,,,60,BENITO JUAREZ,,,AYUN,PRD,,LAURA YAMILI FLORES LOZANO,2,,PRD
,29,TLAXCALA,,,60,BENITO JUAREZ,,,SIND,PRD,,ARMANDO ROSALES GARCIA,1,,PRD
,29,TLAXCALA,,,60,BENITO JUAREZ,,,REG,PRD,,OLIVIA ROMERO HERNANDEZ,2,,PRD
,29,TLAXCALA,,,60,BENITO JUAREZ,,,REG,PRD,,ABRAHAM CORTES SANCHEZ,1,,PRD
,29,TLAXCALA,,,60,BENITO JUAREZ,,,REG,PRI,,PABLO FERNANDEZ GARCIA,1,,PRI
,29,TLAXCALA,,,60,BENITO JUAREZ,,,REG,PRI,,ELIZABETH HERNANDEZ HERNANDEZ ,2,,PRI
,29,TLAXCALA,,,60,BENITO JUAREZ,,,REG,MORENA,,LEONILA LOPEZ ALVAREZ ,2,,MORENA
,29,TLAXCALA,,,1,AMAXAC DE GUERRERO,1,SAN DAMIAN TLACOCALPAN,PRE_COM,MORENA,,MELCHIDED JUAREZ CORONA,2,,MORENA
,29,TLAXCALA,,,2,APETATITLAN DE ANTONIO CARVAJAL,2,TLATEMPA,PRE_COM,MORENA,,LAURA HERNANDEZ RUGERIO,2,,MORENA
,29,TLAXCALA,,,2,APETATITLAN DE ANTONIO CARVAJAL,3,SAN MATIAS TEPETOMATITLAN,PRE_COM,PAN,,MATIAS TIZAPANTZI LEZAMA,1,,PAN
,29,TLAXCALA,,,2,APETATITLAN DE ANTONIO CARVAJAL,4, BELEN ATZITZIMITITLAN,PRE_COM,PAN,,MARGARITA LOPEZ ARMAS,2,,PAN
,29,TLAXCALA,,,2,APETATITLAN DE ANTONIO CARVAJAL,5, BARRIO DE TECOLOTLA,PRE_COM,PRI,,ADALBERTO GARCIA RODRIGUEZ,1,,PRI
,29,TLAXCALA,,,3,APIZACO,6, COLONIA CERRITO DE GUADALUPE,PRE_COM,PANALT,,ERNESTO ORDOÃ‘EZ PAPALOTZI,1,,PANALT
,29,TLAXCALA,,,3,APIZACO,7,SAN LUIS APIZAQUITO,PRE_COM,CI,,JOSE DANIEL HERNANDEZ LOPEZ,1,,CI
,29,TLAXCALA,,,3,APIZACO,8,COLONIA JOSE MARIA MORELOS,PRE_COM,PRD,,LEONEL SOSA CONCHA,1,,PRD
,29,TLAXCALA,,,3,APIZACO,9,GUADALUPE TEXCALAC,PRE_COM,PAN,,VIRGINIA MUÃ‘OZ HERNANDEZ,2,,PAN
,29,TLAXCALA,,,3,APIZACO,10, SANTA MARIA TEXCALAC,PRE_COM,MORENA,,JESUS SERVANDO CERVANTES HUERTA,1,,MORENA
,29,TLAXCALA,,,3,APIZACO,11, SANTA ANITA HUILOAC,PRE_COM,MORENA,,OSCAR LOPEZ ,1,,MORENA
,29,TLAXCALA,, ,3,APIZACO,12, COLONIA SAN ISIDRO APIZAQUITO,PRE_COM,PAN,,MARCO ANTONIO AGUILAR PIEDRAS ,1,,PAN
,29,TLAXCALA,,,4,ATLANGATEPEC,13, SANTA CLARA OZUMBA,PRE_COM,PRI,,EMILIO FLORES MONTIEL ,1,,PRI
,29,TLAXCALA,,,4,ATLANGATEPEC,14, SANTIAGO VILLALTA,PRE_COM,PRI,,JOSE OCTAVIANO PANTOJA HERNANDEZ ,1,,PRI
,29,TLAXCALA,,,4,ATLANGATEPEC,15,COLONIA AGRICOLA SAN LUIS,PRE_COM,PANALT,,DARIO ORTIZ ARROYO,1,,PANALT
,29,TLAXCALA,,,4,ATLANGATEPEC,16,ZUMPANGO,PRE_COM,PVEM,,JACINTO GUARNEROS LOPEZ ,1,,PVEM
,29,TLAXCALA,,,4,ATLANGATEPEC,17, BENITO JUAREZ TEZOYO,PRE_COM,PANALT,,CLAUDIA FRAGOSO HERNANDEZ,2,,PANALT
,29,TLAXCALA,,,4,ATLANGATEPEC,18,COLONIA LA TRASQUILA,PRE_COM,PRD,,MIGUEL ANGEL VAZQUEZ FLORES,1,,PRD
,29,TLAXCALA,,,4,ATLANGATEPEC,19,SAN PEDRO ECACTEPEC,PRE_COM,PAN,,EDUARDO CALDERON HUERTA,1,,PAN
,29,TLAXCALA,,,4,ATLANGATEPEC,20,COLONIA VILLA DE LAS FLORES,PRE_COM,PANALT,,JOSE GUADALUPE CARMONA FRANCO,1,,PANALT
,29,TLAXCALA,,,5,ATLTZAYANCA,21,BARRIO DE GUADALUPE,PRE_COM,PAN,,JOSE LUIS GOMEZ HERNANDEZ,1,,PAN
,29,TLAXCALA,,,5,ATLTZAYANCA,22,BARRIO DE LA CONCEPCION,PRE_COM,PRI,,JOSE TIMOTEO PAREDES RIOS,1,,PRI
,29,TLAXCALA,,,5,ATLTZAYANCA,23,BARRIO DE SANTIAGO,PRE_COM,RSP,,ANTONIO POZOS HUERTA,1,,RSP
,29,TLAXCALA,,,5,ATLTZAYANCA,24,LA GARITA,PRE_COM,PT,,SALVADOR PEÃ‘A ARRIAGA,1,,PT
,29,TLAXCALA,,,5,ATLTZAYANCA,25,SAN JOSE BUENAVISTA,PRE_COM,PT,,GUILLERMO RODRIGUEZ BRIONES,1,,PT
,29,TLAXCALA,,,5,ATLTZAYANCA,26,LAZARO CARDENAS,PRE_COM,PT,,EDUARDO HERNANDEZ POZOS ,1,,PT
,29,TLAXCALA,,,5,ATLTZAYANCA,27,SAN ANTONIO TECOPILCO,PRE_COM,MORENA,,RAUL MORENO MUNGUIA,1,,MORENA
,29,TLAXCALA,,,5,ATLTZAYANCA,28,SAN JUAN OCOTITLA,PRE_COM,RSP,,FRANCISCO LEAL PALAFOX,1,,RSP
,29,TLAXCALA,,,5,ATLTZAYANCA,29,SAN JOSE PILANCON,PRE_COM,PT,,GILBERTO CERVANTES LORANCA,1,,PT
,29,TLAXCALA,,,5,ATLTZAYANCA,30,XALTITLA,PRE_COM,PRD,,MARGARITO ORDAZ PARADA,1,,PRD
,29,TLAXCALA,,,5,ATLTZAYANCA,31,MESA REDONDA,PRE_COM,PRI,,SABINO PALAFOX HERNANDEZ,1,,PRI
,29,TLAXCALA,,,5,ATLTZAYANCA,32,CONCEPCION HIDALGO,PRE_COM,PVEM,,MISAELA TORRES CERVANTES,2,,PVEM
,29,TLAXCALA,,,5,ATLTZAYANCA,33,FELIPE CARRILLO PUERTO,PRE_COM,PVEM,,MARCO GALAVIZ SANCHEZ,1,,PVEM
,29,TLAXCALA,,,5,ATLTZAYANCA,34,NEXNOPALA,PRE_COM,PT,,JOSE VICTOR PEREZ HERNANDEZ,1,,PT
,29,TLAXCALA,,,5,ATLTZAYANCA,35,RANCHERIA POCITOS,PRE_COM,MORENA,,PABLO GARCIA CERON ,1,,MORENA
,29,TLAXCALA,,,5,ATLTZAYANCA,36,SANTA MARIA LAS CUEVAS,PRE_COM,PVEM,,SILBESTRE LUNA ALARCON ,1,,PVEM
,29,TLAXCALA,,,5,ATLTZAYANCA,37,NAZARETH,PRE_COM,MC,,PASCUAL SANCHEZ SANCHEZ,1,,MC
,29,TLAXCALA,,,5,ATLTZAYANCA,38,SANTA CRUZ POCITOS,PRE_COM,PRI,,JOSE CATARINO LUNA AGUAYO,1,,PRI
,29,TLAXCALA,,,5,ATLTZAYANCA,39,LOMAS DE JUNGUITO,PRE_COM,PRI,,JOSE GUILLERMO PEREZ SANCHEZ,1,,PRI
,29,TLAXCALA,,,5,ATLTZAYANCA,40,BARRIO DE SAN ANTONIO,PRE_COM,PAN,,HUGO ENRIQUE LUNA ROMERO,1,,PAN
,29,TLAXCALA,,,6,CALPULALPAN,41,COLONIA ALFONSO ESPEJEL,PRE_COM,MORENA,,IVETH IVONNE GARCIA BASTIDA,2,,MORENA
,29,TLAXCALA,,,6,CALPULALPAN,42,COLONIA EL MIRADOR,PRE_COM,PRI,,RUBEN ANTONIO HERRERA LOPEZ,1,,PRI
,29,TLAXCALA,,,6,CALPULALPAN,43,COLONIA FRANCISCO SARABIA,PRE_COM,PRI,,RAFAEL GARCIA CAPULEÃ‘O,1,,PRI
,29,TLAXCALA,,,6,CALPULALPAN,44,SAN MATEO ACTIPAN,PRE_COM,PRI,, JOSE FELIX VALDEZ LABASTIDA,1,,PRI
,29,TLAXCALA,,,6,CALPULALPAN,45,SAN CRISTOBAL ZACACALCO,PRE_COM,PS,,MARIA JOSE ARCELIA MONTALVO GONZALEZ,2,,PS
,29,TLAXCALA,,,7,EL CARMEN TEQUEXQUITLA,46,BARRIO DE GUADALUPE,PRE_COM,MORENA,,ANDRES HERNANDEZ ROSALES,1,,MORENA
,29,TLAXCALA,,,7,EL CARMEN TEQUEXQUITLA,47,COLONIA MAZATEPEC,PRE_COM,PAC,,JOSE MARQUEZ VEGA,1,,PAC
,29,TLAXCALA,,,7,EL CARMEN TEQUEXQUITLA,48,COLONIA LA SOLEDAD,PRE_COM,PS,,ROMAN GARCIA LOPEZ ,1,,PS
,29,TLAXCALA,,,7,EL CARMEN TEQUEXQUITLA,49,VICENTE GUERERO,PRE_COM,PT,,FELIPE VALENCIA REYES,1,,PT
,29,TLAXCALA,,,8,CUAPIAXTLA,50,COLONIA IGNACIO ALLENDE,PRE_COM,PRI,,MARGARITO SANCHEZ LOAYZA,1,,PRI
,29,TLAXCALA,,,8,CUAPIAXTLA,51,SANTA BEATRIZ LA NUEVA,PRE_COM,FXM,,ARIEL VALENCIA VALENTIN,1,,FXM
,29,TLAXCALA,,,8,CUAPIAXTLA,52,COLONIA LOMA BONITA,PRE_COM,PANALT,,EFRAIN PÃ‰REZ HERNANDEZ,1,,PANALT
,29,TLAXCALA,,,8,CUAPIAXTLA,53,COLONIA MANUEL AVILA CCAMACHO,PRE_COM,PRD,,JUAN HERNANDEZ DIAZ,1,,PRD
,29,TLAXCALA,,,8,CUAPIAXTLA,54,SAN FRANCISCO CUAEXCONTZI,PRE_COM,PT,,FELIPE VALENCIA ROSARIO,1,,PT
,29,TLAXCALA,,,8,CUAPIAXTLA,55,COLONIA PLAN DE AYALA,PRE_COM,PRI,,ADRIAN LOPEZ DE AGUSTIN,1,,PRI
,29,TLAXCALA,,,8,CUAPIAXTLA,56,COLONIA JOSE MARIA MORELOS,PRE_COM,FXM,,JUAN MENDEZ VALADEZ,1,,FXM
,29,TLAXCALA,,,9,CUAXOMULCO,57,2DA SECCION CUAXOMULCO (TECUICUILCO),PRE_COM,PAN,,ANGEL CERON PACHECO,1,,PAN
,29,TLAXCALA,,,9,CUAXOMULCO,58,1A SECCION CUAXOMULCO (BARRIO DE ATENCO),PRE_COM,PAN,,PABLO MENDOZA HERNANDEZ,1,,PAN
,29,TLAXCALA,,,9,CUAXOMULCO,59,SAN MIGUEL BUENAVISTA,PRE_COM,PRI,,CLEMENTINA CORONA PEREZ,2,,PRI
,29,TLAXCALA,,,9,CUAXOMULCO,60, ZACAMOLPA,PRE_COM,"IMPACTO SOCIAL ""SI""",,JOSE ABUNDIO CASTILLO LUNA,1,,PISSI
,29,TLAXCALA,,,9,CUAXOMULCO,61,SAN LORENZO XALTELULCO,PRE_COM,PES,,DAVID MONTIEL RODRIGUEZ,1,,PES
,29,TLAXCALA,,,10,CHIAUTEMPAN,62,COLONIA CHALMA,PRE_COM,MORENA,,SOYLO ANTONIO BAEZ TOQUIANTZI,1,,MORENA
,29,TLAXCALA,,,10,CHIAUTEMPAN,63,SANTA CRUZ GUADALUPE,PRE_COM,MORENA,,NICOLAS AUSTREBERTO AHUATZI RODRIGUEZ,1,,MORENA
,29,TLAXCALA,,,10,CHIAUTEMPAN,64,COLONIA REFORMA,PRE_COM,MORENA,,SANDRA NAVA MARTINEZ,2,,MORENA
,29,TLAXCALA,,,10,CHIAUTEMPAN,65,COLONIA INDUSTRIAL,PRE_COM,MORENA,,DORIS ASTRIT LOPEZ CERVANTES,2,,MORENA
,29,TLAXCALA,,,10,CHIAUTEMPAN,66,COLONIA EL ALTO,PRE_COM,MORENA,,ROBERTO GARCIA SASTRE,1,,MORENA
,29,TLAXCALA,,,10,CHIAUTEMPAN,67,BARRIO DE TEXCACOAC,PRE_COM,MC,,JONHATAN PEREZ MONTIEL,1,,MC
,29,TLAXCALA,,,10,CHIAUTEMPAN,68,BARRIO DE XAXALA,PRE_COM,MORENA,,MARIA CRISTINA PEREZ PEREZ,2,,MORENA
,29,TLAXCALA,,,11,MUÃ‘OZ DE DOMINGO ARENAS,69,SAN JOSE CUAMATZINGO,PRE_COM,PES,,JAVIER ZAPATA PASTEN,1,,PES
,29,TLAXCALA,,,11,MUÃ‘OZ DE DOMINGO ARENAS,70,GUADALUPE CUAHTEMOC,PRE_COM,"IMPACTO SOCIAL ""SI""",,NICOLAS SANCHEZ PEREZ,1,,PISSI
,29,TLAXCALA,,,11,MUÃ‘OZ DE DOMINGO ARENAS,71,COLONIA SAN ISIDRO CHIPILO,PRE_COM,PRI,,JORGE COLIN DELGADO,1,,PRI
,29,TLAXCALA,,,13,HUAMANTLA,72,COLONIA EMILIANO ZAPATA,PRE_COM,MORENA,,DULCE MARIA ROMERO GONZALEZ,2,,MORENA
,29,TLAXCALA,,,13,HUAMANTLA,73,BARRIO DE SAN SEBASTÃAN,PRE_COM,PAN,,ANGEL SANCHEZ DEGANTE,1,,PAN
,29,TLAXCALA,,,13,HUAMANTLA,74,BARRIO DE SANTA ANITA,PRE_COM,MORENA,,JOSE PASCUAL GONZALEZ CARRILLO,1,,MORENA
,29,TLAXCALA,,,13,HUAMANTLA,75,BARRIO DE SAN FRANCISCO YANCUITLALPAN,PRE_COM,MORENA,,MA. MICAELA BÃEZ GOMEZ,2,,MORENA
,29,TLAXCALA,,,13,HUAMANTLA,76,RANCHERIA DE LA CRUZ,PRE_COM,PAC,,CRISTIAN ALAN HERNANDEZ GODINEZ,1,,PAC
,29,TLAXCALA,,,13,HUAMANTLA,77,SANTA MARIA YANCUITLALPAN,PRE_COM,PRD,,JUAN JOSE HERRERA AGUILAR,1,,PRD
,29,TLAXCALA,,,13,HUAMANTLA,78,BARRIO DE SAN LUCAS,PRE_COM,PVEM,,ERASMO CAMPOS GONZÃLEZ,1,,PVEM
,29,TLAXCALA,,,13,HUAMANTLA,79,BARRIO DE LA PRECIOSA,PRE_COM,PEST,,JOSE FAUSTO NICANOR SALDAÃ‘A,1,,PEST
,29,TLAXCALA,,,13,HUAMANTLA,80,BARRIO DE SAN ANTONIO,PRE_COM,PVEM,,ENRIQUE CONTRERAS TABALES,1,,PVEM
,29,TLAXCALA,,,13,HUAMANTLA,81,BARRIO DE SAN JOSE ,PRE_COM,MORENA,,MARTIN GARCIA CABALLERO,1,,MORENA
,29,TLAXCALA,,,13,HUAMANTLA,82,COLONIA MARIANO MATAMOROS,PRE_COM,PRD,,JOSE SILVESTRE REYES HERNANDEZ MORALES,1,,PRD
,29,TLAXCALA,,,13,HUAMANTLA,83,HERMENEGILDO GALEANA,PRE_COM,FXM,,GUADALUPE VAZQUEZ HERNANDEZ,1,,FXM
,29,TLAXCALA,,,13,HUAMANTLA,84,RANCHERIA DE TORRES,PRE_COM,PVEM,,FILEMON GARCIA CERON,1,,PVEM
,29,TLAXCALA,,,13,HUAMANTLA,85,FRANCISCO I. MADERO LA MESA,PRE_COM,MORENA,,J ISABEL ORTEGA LOPEZ,1,,MORENA
,29,TLAXCALA,,,13,HUAMANTLA,86,COLONIA FRANCISCO VILLA TECOAC,PRE_COM,MORENA,,BENITA ROQUE PALAFOX,2,,MORENA
,29,TLAXCALA,,,13,HUAMANTLA,87,EL CARMEN XALPATALAHUAYA,PRE_COM,PRI,,EDUARDO TEOFILO MARTINEZ CUEVAS,1,,PRI
,29,TLAXCALA,,,13,HUAMANTLA,88,BENITO JUAREZ,PRE_COM,MORENA,,JESUS BAEZ VELAZQUEZ ,1,,MORENA
,29,TLAXCALA,,,13,HUAMANTLA,89,FCO. I MADERO TECOPILCO EL VALLE,PRE_COM,PVEM,,FILIBERTO SEBASTIAN PALAFOX,1,,PVEM
,29,TLAXCALA,,,13,HUAMANTLA,90,SAN JOSE XICOHTENCATL,PRE_COM,FXM,,ALBERTO SANCHEZ MORENO,1,,FXM
,29,TLAXCALA,,,13,HUAMANTLA,91,COL. ACASILLADOS SAN MARTIN NOTARIO,PRE_COM,PVEM,,MARIBEL MUÃ‘OZ GONZALEZ,2,,PVEM
,29,TLAXCALA,,,13,HUAMANTLA,92,LAZARO CARDENAS,PRE_COM,PVEM,,MARIO CORONA BAUTISTA,1,,PVEM
,29,TLAXCALA,,,13,HUAMANTLA,93,COLONIA CHAPULTEPEC,PRE_COM,PRI,,KATHIA ROJAS LOPEZ,2,,PRI
,29,TLAXCALA,,,13,HUAMANTLA,94,COLONIA SAN FRANCISCO TECOAC,PRE_COM,PRI,,MARTIN DE ANDRES GUTIERREZ,1,,PRI
,29,TLAXCALA,,,13,HUAMANTLA,95,NUEVO BARRIO GENERAL FRANCISCO VILLA,PRE_COM,PAN,,TERESA GOMEZ MONTES,2,,PAN
,29,TLAXCALA,,,13,HUAMANTLA,96,COLONIA CUAHTEMOC,PRE_COM,PVEM,,JOEL DE GREGORIO FEBRONIO,1,,PVEM
,29,TLAXCALA,,,13,HUAMANTLA,97,COLONIA JOSE MARIA MORELOS,PRE_COM,PVEM,,RIGOBERTO VAZQUEZ HERNANDEZ,1,,PVEM
,29,TLAXCALA,,,13,HUAMANTLA,98,N.C.P JOSE MARIA MORELOS,PRE_COM,PVEM,,ISIDORO RAMIREZ TREJO,1,,PVEM
,29,TLAXCALA,,,13,HUAMANTLA,99,IGNACIO ZARAGOZA,PRE_COM,MORENA,,JOSE FLOR FLORENTINO SOLANO RAMIREZ,1,,MORENA
,29,TLAXCALA,,,13,HUAMANTLA,100,RANCHERIA ALTAMIRA DE GUADALUPE,PRE_COM,PT,,FIDEL BARRAGAN PAREDES,1,,PT
,29,TLAXCALA,,,13,HUAMANTLA,101,RANCHERIA LOS PILARES,PRE_COM,MORENA,,JOEL VICENTE LOPEZ MENDEZ,1,,MORENA
,29,TLAXCALA,,,13,HUAMANTLA,102,RANCHERIA DE JESUS,PRE_COM,PS,,JOSE CRUZ PEREZ FLORES,1,,PS
,29,TLAXCALA,,,14,HUEYOTLIPAN,103,IGNACIO ZARAGOZA,PRE_COM,MORENA,,ALEJANDRO ARROYO CANUTO,1,,MORENA
,29,TLAXCALA,,,14,HUEYOTLIPAN,104,ADOLFO LOPEZ MATEOS,PRE_COM,RSP,,REFUGIO GONZALEZ OLVERA,1,,RSP
,29,TLAXCALA,,,14,HUEYOTLIPAN,105,SAN LORENZO TECHALOTE,PRE_COM,RSP,,TERESA YAZMIN MEJIA PEREZ,2,,RSP
,29,TLAXCALA,,,14,HUEYOTLIPAN,106,SANTIAGO TLALPAN,PRE_COM,RSP,,LUIS ANGEL CISNEROS BEDOLLA,1,,RSP
,29,TLAXCALA,,,14,HUEYOTLIPAN,107,SAN SIMEON XIPETZINGO,PRE_COM,RSP,,OSCAR ARMANDO OLVERA HERNANDEZ,1,,RSP
,29,TLAXCALA,,,14,HUEYOTLIPAN,108,SAN MANUEL TLALPAN,PRE_COM,RSP,,LUISA DOMINGUEZ CORTES,2,,RSP
,29,TLAXCALA,,,14,HUEYOTLIPAN,109,SANTA MARIA IXCOTLA,PRE_COM,PAN,,SILVESTRE CANDIA RODRIGUEZ,1,,PAN
,29,TLAXCALA,,,15,IXTACUIXTLA DE MARIANO MATAMOROS,110,SAN FELIPE IXTACUIXTLA,PRE_COM,MORENA,,ARTURO MARQUEZ VARELA,1,,MORENA
,29,TLAXCALA,,,15,IXTACUIXTLA DE MARIANO MATAMOROS,111,RANCHERIA LA SOLEDAD,PRE_COM,PRI,,ANGELIN ABEL GARCIA SANCHEZ,1,,PRI
,29,TLAXCALA,,,15,IXTACUIXTLA DE MARIANO MATAMOROS,112,SAN ANTONIO ATOTONILCO,PRE_COM,MORENA,,JOSE VIDAL CASTAÃ‘EDA GARCIA,1,,MORENA
,29,TLAXCALA,,,15,IXTACUIXTLA DE MARIANO MATAMOROS,113,SAN MIGUEL LA PRESA,PRE_COM,MORENA,,GONZALO PULIDO GALILNDO,1,,MORENA
,29,TLAXCALA,,,15,IXTACUIXTLA DE MARIANO MATAMOROS,114,LA TRINIDAD TENEXYECAC,PRE_COM,PRD,,ROSA MARIA SANTANA  SALGADO ,2,,PRD
,29,TLAXCALA,,,15,IXTACUIXTLA DE MARIANO MATAMOROS,115,SAN ANTONIO TECOAC,PRE_COM,PES,,MARCIAL VAZQUEZ PEREZ,1,,PES
,29,TLAXCALA,,,15,IXTACUIXTLA DE MARIANO MATAMOROS,116,SAN ANTONIO TIZOSTOC,PRE_COM,PES,,JACOBO RODRIGUEZ DE LA ROSA,1,,PES
,29,TLAXCALA,,,15,IXTACUIXTLA DE MARIANO MATAMOROS,117,SANTA CRUZ EL PORVENIR,PRE_COM,PANALT,,RAYMUNDO BRIONES HERNANDEZ,1,,PANALT
,29,TLAXCALA,,,15,IXTACUIXTLA DE MARIANO MATAMOROS,118,ESPIRITU SANTO,PRE_COM,MORENA,,RICARDO GARCIA RIOS,1,,MORENA
,29,TLAXCALA,,,15,IXTACUIXTLA DE MARIANO MATAMOROS,119,SAN GABRIEL POPOCATLA,PRE_COM,MORENA,,NEFTALI RODRIGUEZ MUÃ‘OZ,1,,MORENA
,29,TLAXCALA,,,15,IXTACUIXTLA DE MARIANO MATAMOROS,120,SAN DIEGO XOCOYUCAN,PRE_COM,PT,,LUIS MANUEL ARRIOJA ANGOA,1,,PT
,29,TLAXCALA,,,15,IXTACUIXTLA DE MARIANO MATAMOROS,121,SANTA INES TECUEXCOMAC,PRE_COM,PVEM,,HERMINIO LOPEZ SOSA,1,,PVEM
,29,TLAXCALA,,,17,MAZATECOCHCO DE JOSE MARIA MORELOS,122,CUARTA SECCION,PRE_COM,CI,,ANGEL PEREZ CALVARIO,1,,CI
,29,TLAXCALA,,,17,MAZATECOCHCO DE JOSE MARIA MORELOS,123,TERCERA SECCION,PRE_COM,PRI,,OSWALDO SAUCEDO SUAREZ,1,,PRI
,29,TLAXCALA,,,17,MAZATECOCHCO DE JOSE MARIA MORELOS,124,SEGUNDA SECCION,PRE_COM,PAN,,ALFONSO CORTES SAUCEDO,1,,PAN
,29,TLAXCALA,,,17,MAZATECOCHCO DE JOSE MARIA MORELOS,125,PRIMERA SECCION,PRE_COM,PRI,,CELERINO CORTES PEREZ,1,,PRI
,29,TLAXCALA,,,18,CONTLA DE JUAN CUAMATZI,126,SECCION 1A SAN BERNARDINO,PRE_COM,MORENA,,HIGINIA XOLOCOTZI ROMANO,2,,MORENA
,29,TLAXCALA,,,18,CONTLA DE JUAN CUAMATZI,127,SECCION 6A TLACATECPA,PRE_COM,MORENA,,IVAN NETZAHUALCOYOTL XOLOCOTZI,1,,MORENA
,29,TLAXCALA,,,18,CONTLA DE JUAN CUAMATZI,128,SECCION SEPTIMA,PRE_COM,MORENA,,CESAR GEOVANNI XOCHITIOTZI HERNANDEZ,1,,MORENA
,29,TLAXCALA,,,18,CONTLA DE JUAN CUAMATZI,129,SECCION SEGUNDA,PRE_COM,PT,,GONZALO ACOLTZI XELHUANTZI,1,,PT
,29,TLAXCALA,,,18,CONTLA DE JUAN CUAMATZI,130,SECCION 9A COLHUACA,PRE_COM,PAC,,ELIAS TEOMITZI MENDOZA,1,,PAC
,29,TLAXCALA,,,18,CONTLA DE JUAN CUAMATZI,131,SECCION 3A SAN MIGUEL XALTIPAN,PRE_COM,PANALT,,JAVIER DE LA CRUZ NAVA,1,,PANALT
,29,TLAXCALA,,,18,CONTLA DE JUAN CUAMATZI,132,SECCION 8A STA. MARIA AQUIAHUAC,PRE_COM,PRD,,JOSUE VELAZQUEZ BAUTISTA,1,,PRD
,29,TLAXCALA,,,19,TEPETITLA DE LARDIZABAL,133,VILLALTA,PRE_COM,PAC,,OCTAVIO PEÑA PEREZ,1,,PAC
,29,TLAXCALA,,,19,TEPETITLA DE LARDIZABAL,134,SAN MATEO AYECAC,PRE_COM,PT,,HUGO RAMIREZ PEREZ,1,,PT
,29,TLAXCALA,,,19,TEPETITLA DE LARDIZABAL,135,GUADALUPE VICTORIA,PRE_COM,MORENA,,AARON FLORES GONZALES,1,,MORENA
,29,TLAXCALA,,,20,SANCTORUM DE LAZARO CARDENAS,136,LA PROVIDENCIA,PRE_COM,PRI,,SANDRA CONTRERAS PELAEZ,2,,PRI
,29,TLAXCALA,,,20,SANCTORUM DE LAZARO CARDENAS,137,FRANCISCO VILLA,PRE_COM,MORENA,,FRANCO LUCIO MENDOZA,1,,MORENA
,29,TLAXCALA,,,21,NANACAMILPA DE MARIANO ARISTA,138,FRANCISCO I MADERO,PRE_COM,PANALT,,FERNANDO GARCIA CARRILLO,1,,PANALT
,29,TLAXCALA,,,21,NANACAMILPA DE MARIANO ARISTA,139,TEPUENTE,PRE_COM,MORENA,,AURELIO LARA HERNANDEZ,1,,MORENA
,29,TLAXCALA,,,21,NANACAMILPA DE MARIANO ARISTA,140,SAN FELIPE HIDALGO,PRE_COM,PRD,,JOSE BERNARDINO JUAREZ MOGOLLAN,1,,PRD
,29,TLAXCALA,,,22,ACUAMANALA DE MIGUEL HIDALGO,141,SECCION 1A ACUAMANALA,PRE_COM,PS,,LEONEL CUATLAPANTZI CUATEPITZI,1,,PS
,29,TLAXCALA,,,22,ACUAMANALA DE MIGUEL HIDALGO,142,SECCION 3A CHIMALPA,PRE_COM,PES,,ANTONIO JUAREZ ARENAS,1,,PES
,29,TLAXCALA,,,22,ACUAMANALA DE MIGUEL HIDALGO,143,SECCION 2A GUADALUPE HIDALGO,PRE_COM,PS,,JUAN MIGUEL ROSAS HERNANDEZ ,1,,PS
,29,TLAXCALA,,,22,ACUAMANALA DE MIGUEL HIDALGO,144,SECCION 4A OLEXTLA DE JUAREZ,PRE_COM,PANALT,,BLAS RAMIREZ FLORES,1,,PANALT
,29,TLAXCALA,,,23,NATIVITAS,145,SAN JOSE ATOYATENCO,PRE_COM,PANALT,,GENARO OCAÃ‘A QUIROZ,1,,PANALT
,29,TLAXCALA,,,23,NATIVITAS,146,SAN RAFAEL TENANYECAC,PRE_COM,IMPACTO SOCIAL SI,,DELFINO CORONA URIARTE,1,,PISSI
,29,TLAXCALA,,,23,NATIVITAS,147,SAN MMIGUEL XOCHITECATITLA,PRE_COM,PVEM,,IGNACIO QUIROZ PAREDES,1,,PVEM
,29,TLAXCALA,,,23,NATIVITAS,148,SANTIAGO MICHAC,PRE_COM,PT,,HEDER VAZQUEZ DIAZ,1,,PT
,29,TLAXCALA,,,23,NATIVITAS,149,SAN MIGUEL ANALCO,PRE_COM,MC,,JAVIER LIMA PEREZ,1,,MC
,29,TLAXCALA,,,24,PANOTLA,150,COLONIA EMILIANO ZAPATA,PRE_COM,MC,,SERAFIN ZEMPOALTECA PALOMINO,1,,MC
,29,TLAXCALA,,,24,PANOTLA,151,SAN TADEO HUILOAPAN,PRE_COM,PT,,SANTIAGO TORRES PEREZ ,1,,PT
,29,TLAXCALA,,,24,PANOTLA,152,SANTA CATARINA APATLAHCO,PRE_COM,PT,,ALEJANDRO DURAN MONTIEL ,1,,PT
,29,TLAXCALA,,,24,PANOTLA,153,SAN FRANCISCO TEMEZONTLA,PRE_COM,PANALT,,TERESO VAZQUEZ PLUMA ,1,,PANALT
,29,TLAXCALA,,,24,PANOTLA,154,SAN AMBROSIO TEXANTLA,PRE_COM,PS,,ANGEL POPOCATL AMADOR ,1,,PS
,29,TLAXCALA,,,24,PANOTLA,155,JESUS ACATITLA,PRE_COM,PEST,,CRISTHIAN ROLDAN SANCHEZ ,1,,PEST
,29,TLAXCALA,,,24,PANOTLA,156,SANTA CRUZ TECHACHALCO,PRE_COM,MORENA,,DOMINGO FLORES ORTEGA ,1,,MORENA
,29,TLAXCALA,,,24,PANOTLA,157,SAN JORGE TEZOQUIPAN,PRE_COM,PANALT,,EDGAR PEREZ PEREZ,1,,PANALT
,29,TLAXCALA,,,25,SAN PABLO DEL MONTE,158,BARRIO DE SAN COSME,PRE_COM,PEST,,ALEJANDRO MARTINEZ SANCHEZ,1,,PEST
,29,TLAXCALA,,,25,SAN PABLO DEL MONTE,159,BARRIO DE SANTIAGO,PRE_COM,PRI,,PATRICIO POZO TRINIDAD,1,,PRI
,29,TLAXCALA,,,25,SAN PABLO DEL MONTE,160,BARRIO DE CRISTO,PRE_COM,MORENA,,JOSE ALFONSO COYOTL ROJAS,1,,MORENA
,29,TLAXCALA,,,25,SAN PABLO DEL MONTE,161,BARRIO DE SAN NICOLAS,PRE_COM,PRI,,ADRIAN ROMERO ROJAS,1,,PRI
,29,TLAXCALA,,,25,SAN PABLO DEL MONTE,162,BARRIO DE LA SANTISIMA,PRE_COM,MORENA,,LAURA JUAREZ CONTRERAS,2,,MORENA
,29,TLAXCALA,,,25,SAN PABLO DEL MONTE,163,BARRIO DE SAN MIGUEL,PRE_COM,PAN,,JAVIER ATLATENCO POTRERO,1,,PAN
,29,TLAXCALA,,,25,SAN PABLO DEL MONTE,164,BARRIO DE JESUS,PRE_COM,PRI,,CHRISTIAN MORALES SANCHEZ ,2,,PRI
,29,TLAXCALA,,,25,SAN PABLO DEL MONTE,165,BARRIO DE SAN SEBASTIAN,PRE_COM,PT,,ELADIO ALCANTARILLA TECHALOTZI,1,,PT
,29,TLAXCALA,,,25,SAN PABLO DEL MONTE,166,BARRIO DE SAN BARTOLOME,PRE_COM,PRI,,LUIS JUAREZ MENDEZ,1,,PRI
,29,TLAXCALA,,,25,SAN PABLO DEL MONTE,167,BARRIO DE SAN PEDRO,PRE_COM,PT,,PASCUAL CARMEN ROMERO TEPAL,1,,PT
,29,TLAXCALA,,,25,SAN PABLO DEL MONTE,168,BARRIO DE TLALTEPANGO,PRE_COM,PRI,,RODOLFO GALINDO AMARO,1,,PRI
,29,TLAXCALA,,,25,SAN PABLO DEL MONTE,169,BARRIO DE SAN ISIDRO BUENSUCESO,PRE_COM,PRD,,CIRILO FUENTES PEREZ,1,,PRD
,29,TLAXCALA,,,26,SANTA CRUZ TLAXCALA,170,SAN MIGUEL CONTLA,PRE_COM,PVEM,,ESMERALDA RAMOS MORENO,2,,PVEM
,29,TLAXCALA,,,26,SANTA CRUZ TLAXCALA,171,SAN LUCAS TLACOCHCALCO,PRE_COM,PRI,,IVAN XOCHITIOTZI GARCÃA,1,,PRI
,29,TLAXCALA,,,26,SANTA CRUZ TLAXCALA,172,JESUS HUIZNAHUAC,PRE_COM,PS,,JUAN TETLALMATZI VASQUEZ,1,,PS
,29,TLAXCALA,,,26,SANTA CRUZ TLAXCALA,173,GUADALUPE TLACHCO,PRE_COM,MORENA,,AGUSTIN COCOLETZI CONDE,1,,MORENA
,29,TLAXCALA,,,28,TEOLOCHOLCO,174,SECCION 1A TECAHUALOYA,PRE_COM,MORENA,,EMILIO MENDIETA AGUILA,1,,MORENA
,29,TLAXCALA,,,28,TEOLOCHOLCO,175,SECCION 2A TEOLOCHOLCO,PRE_COM,MORENA,,LLANED AGUILA HERNANDEZ,2,,MORENA
,29,TLAXCALA,,,28,TEOLOCHOLCO,176,SECCION 3A BARRIO DE CONTLA,PRE_COM,PRI,,FELIPE GUTIERREZ TEXIS,1,,PRI
,29,TLAXCALA,,,28,TEOLOCHOLCO,177,ACXOTLA DEL MONTE,PRE_COM,MORENA,,MIGUEL TEXIS TEXIS,1,,MORENA
,29,TLAXCALA,,,28,TEOLOCHOLCO,178,SECCION 5A ACTIPAC,PRE_COM,MORENA,,IRENE HERNANDEZ FLORES,2,,MORENA
,29,TLAXCALA,,,28,TEOLOCHOLCO,179,SECCION 6A CUAUHTLA,PRE_COM,MORENA,,RAYMUNDO CARMONA TZOMPANTZI,1,,MORENA
,29,TLAXCALA,,,28,TEOLOCHOLCO,180,CUAXINCA,PRE_COM,PRI,,ELIZABETH HERNANDEZ MORALES,2,,PRI
,29,TLAXCALA,,,28,TEOLOCHOLCO,181,EL CARMENN AZTAMA,PRE_COM,MORENA,,MARINO PAREDES JUAREZ,1,,MORENA
,29,TLAXCALA,,,29,TEPEYANCO,182,SANTIAGO TLACOCHCALCO,PRE_COM,RSP,,APOLINAR SANCHEZ TLAPAPAL,1,,RSP
,29,TLAXCALA,,,29,TEPEYANCO,183,LA AURORA,PRE_COM,PT,,AZAEL XOCHIHUA ANGULO,1,,PT
,29,TLAXCALA,,,29,TEPEYANCO,184,SAN COSME ATLAMAXAC,PRE_COM,MORENA,,GABRIELA GARRIDO PEREZ,2,,MORENA
,29,TLAXCALA,,,29,TEPEYANCO,185,SAN PEDRO XACALTZINGO,PRE_COM,PANALT,,MARIA YENNI MORALES DIAZ,2,,PANALT
,29,TLAXCALA,,,30,TERRENANTE,186,CHIPILO,PRE_COM,PVEM,,ISMAEL HERNANDEZ CARBALLO,1,,PVEM
,29,TLAXCALA,,,30,TERRENANTE,187,VILLAREAL,PRE_COM,PRI,,LEONOR MORENO CARMONA,2,,PRI
,29,TLAXCALA,,,30,TERRENANTE,188,TOLUCA DE GUADALUPE,PRE_COM,PS,,YURIDIA GARCIA GARCIA,2,,PS
,29,TLAXCALA,,,30,TERRENANTE,189,COLONIA EL CAPULIN,PRE_COM,PT,,ELIA DE GANTE DE GANTE,2,,PT
,29,TLAXCALA,,,30,TERRENANTE,190,COLONIA GUADALUPE VICTORIA,PRE_COM,PT,,EUSTACIO BRIONES LOPEZ ,1,,PT
,29,TLAXCALA,,,30,TERRENANTE,191,NICOLAS BRAVO,PRE_COM,PS,,GONZALO MONTES LOAIZA,1,,PS
,29,TLAXCALA,,,31,TETLA DE LA SOLIDARIDAD,192,COLONIA AGRICOLA DE DOLORES,PRE_COM,PRI,,RAUL DURAN HERNANDEZ,1,,PRI
,29,TLAXCALA,,,31,TETLA DE LA SOLIDARIDAD,193,SECCION 4A CHIAUTZINGO,PRE_COM,PRI,,GUILLERMO CORTES FONSECA,1,,PRI
,29,TLAXCALA,,,31,TETLA DE LA SOLIDARIDAD,194,SECCION 1A ACTIPAN INFONAVIT,PRE_COM,PS,,MARIO ALBERTO CALVA MUÃ‘OZ,1,,PS
,29,TLAXCALA,,,31,TETLA DE LA SOLIDARIDAD,195,SECCION 2A TEOTLALPAN,PRE_COM,MORENA,,ERIK ARGENIS HERNANDEZ MORENO ,1,,MORENA
,29,TLAXCALA,,,31,TETLA DE LA SOLIDARIDAD,196,SECCION 3A OCOTITLA,PRE_COM,CI,,JONATHAN CERVANTES MUNGUIA,1,,CI
,29,TLAXCALA,,,31,TETLA DE LA SOLIDARIDAD,197,SANTA MARIA CAPULAC,PRE_COM,PS,,MARTIN MUÃ‘OZ LUNA,1,,PS
,29,TLAXCALA,,,31,TETLA DE LA SOLIDARIDAD,198,SANTA FE LA TROJE,PRE_COM,PS,,GONZALO RODOLFO GRANILLO GARCIA,1,,PS
,29,TLAXCALA,,,31,TETLA DE LA SOLIDARIDAD,199,COLONIA PLAN DE AYALA,PRE_COM,PS,,BONIFACIO HERNANDEZ CASTRO ,1,,PS
,29,TLAXCALA,,,31,TETLA DE LA SOLIDARIDAD,200,JOSE MARIA MORELOS Y PAVON,PRE_COM,PS,,JOSEFINA ARENAS FERNANDEZ,2,,PS
,29,TLAXCALA,,,31,TETLA DE LA SOLIDARIDAD,201,SAN FRANCISCO ATEXCATZINGO,PRE_COM,MORENA,,JAIRO LOPEZ HERNANDEZ ,1,,MORENA
,29,TLAXCALA,,,31,TETLA DE LA SOLIDARIDAD,202,SAN BARTOLOME MATLALOHCAN,PRE_COM,CI,,MIGUEL ANGEL HERNANDEZ GARCIA,1,,CI
,29,TLAXCALA,,,31,TETLA DE LA SOLIDARIDAD,203,SAN ISIDRO PIEDRAS NEGRAS,PRE_COM,PT,,ALEJANDRO RAMIREZ FLORES,1,,PT
,29,TLAXCALA,,,32,TETLATLAHUCA,204,SAN BARTOLOME TENANGO,PRE_COM,PAC,,JOSE BRAULIO MORALES PEREZ,1,,PAC
,29,TLAXCALA,,,32,TETLATLAHUCA,205,SANTA CRUZ AQUIAHUAC,PRE_COM,PES,,DICKSON GONZALEZ ROMERO,1,,PES
,29,TLAXCALA,,,32,TETLATLAHUCA,206,SANTA ISABEL TETLATLAHUCA,PRE_COM,PT,,DELROY HERNANDEZ HERNANDEZ,1,,PT
,29,TLAXCALA,,,32,TETLATLAHUCA,207,SAN ANDRES CUAMILPA,PRE_COM,PT,,FREDI ROMERO GUTIERREZ,1,,PT
,29,TLAXCALA,,,33,TLAXCALA,208,SAN ESTEBAN TIZATLAN,PRE_COM,PRI,,CARLOS AVILA FLORES,1,,PRI
,29,TLAXCALA,,,33,TLAXCALA,209,SANTA MARIA IXTULCO,PRE_COM,PAN,,HUMBERTO MONTES NAVA ,1,,PAN
,29,TLAXCALA,,,33,TLAXCALA,210,SAN BUENAVENTURA ATEMPAN,PRE_COM,PS,,ALFONSO SANCHEZ MORALES,1,,PS
,29,TLAXCALA,,,33,TLAXCALA,211,OCOTLAN,PRE_COM,MORENA,,JOSE ADAN SANCHEZ MENDIETA,1,,MORENA
,29,TLAXCALA,,,33,TLAXCALA,212,SAN HIPOLITO CHIMALPA,PRE_COM,MORENA,,RODOLFO JUAREZ CORONA,1,,MORENA
,29,TLAXCALA,,,33,TLAXCALA,213,SAN GABRIEL CUAUHTLA,PRE_COM,MORENA,,CLAUDIA LOPEZ OJEDA,2,,MORENA
,29,TLAXCALA,,,33,TLAXCALA,214,LA TRINIDAD TEPEHITEC,PRE_COM,PRI,,OCTAVIO SANCHEZ ARELLANO,1,,PRI
,29,TLAXCALA,,,33,TLAXCALA,215,SANTA MARIA ACUITLAPILCO,PRE_COM,MORENA,,MARCO ANTONIO CARRILLO GONZALEZ,1,,MORENA
,29,TLAXCALA,,,33,TLAXCALA,216,SAN LUCAS CUAHTELULPAN,PRE_COM,PRI,,RAUL PEREZ CORONA,1,,PRI
,29,TLAXCALA,,,34,TLAXCO,217,6A. SECCION,PRE_COM,PRD,,EDUARDO ISAAC SANCHEZ FLORES,1,,PRD
,29,TLAXCALA,,,34,TLAXCO,218,EL SABINAL,PRE_COM,PRD,,SUSANA SANCHEZ SANCHEZ,2,,PRD
,29,TLAXCALA,,,34,TLAXCO,219,COL. ITURBIDE,PRE_COM,PRD,,ISAURO SANCHEZ SALINAS,1,,PRD
,29,TLAXCALA,,,34,TLAXCO,220,5A SECCION BARRIO CHICO,PRE_COM,PANALT,,FRANCISCO BELLO MENDIETA,1,,PANALT
,29,TLAXCALA,,,34,TLAXCO,221,COLONIA TEPATLAXCO,PRE_COM,PRD,,ALFONSO HERNANDEZ GARCIA,1,,PRD
,29,TLAXCALA,,,34,TLAXCO,222,COL. POSTAL Y VISTA HERMOSA,PRE_COM,PRD,,ARMANDO MATAMOROS HERNANDEZ,1,,PRD
,29,TLAXCALA,,,34,TLAXCO,223,COLONIA EJIDAL,PRE_COM,PRD,,JUAN BARRERA LOPEZ,1,,PRD
,29,TLAXCALA,,,34,TLAXCO,224,COLONIA SAN JUAN,PRE_COM,PRD,,GUADALUPE VIANEY MARTINEZ ARROYO,2,,PRD
,29,TLAXCALA,,,34,TLAXCO,225,ACOPINALCO DEL PEÃ‘ON,PRE_COM,PRI,,FRANCISCO HERNANDEZ DIAZ,1,,PRI
,29,TLAXCALA,,,34,TLAXCO,226,ELROSARIO,PRE_COM,PRI,,ERNESTO LOZADA RODRIGUEZ,1,,PRI
,29,TLAXCALA,,,34,TLAXCO,227,UNION EJIDAL TIERRA Y LIBERTAD,PRE_COM,PAN,,MARGARITA PINEDA ORTEGA,2,,PAN
,29,TLAXCALA,,,34,TLAXCO,228,MARIANO MATAMOROS,PRE_COM,PRI,,MARIA CRISTINA BOTELLO LOPEZ,2,,PRI
,29,TLAXCALA,,,34,TLAXCO,229,ASERRADERO CASA BLANCA,PRE_COM,PAN,,MICHELLE SALAZAR GARCIA,2,,PAN
,29,TLAXCALA,,,34,TLAXCO,230,LAGUNILLAS,PRE_COM,PS,,MARIA GUADALUPE RAMIREZ AVELAR,2,,PS
,29,TLAXCALA,,,34,TLAXCO,231,LA CIENEGA,PRE_COM,PAN,,ISIDRO GARCIA LIRA,1,,PAN
,29,TLAXCALA,,,34,TLAXCO,232,ATOTONILCO,PRE_COM,PRD,,LORENZO RODRIGUEZ SANCHEZ,1,,PRD
,29,TLAXCALA,,,34,TLAXCO,233,SAN PEDRO LA CUEVA,PRE_COM,PRD,,MIGUEL ANGEL HERNANDEZ MUNGUIA,1,,PRD
,29,TLAXCALA,,,34,TLAXCO,234,SAN ANTONIO HUEXOTITLA,PRE_COM,PRI,,LUIS CARMONA HERNANDEZ,1,,PRI
,29,TLAXCALA,,,34,TLAXCO,235,SAN JOSE TEPEYAHUALCO,PRE_COM,PAC,,JAIME SALOMON CURIEL MARTINEZ,1,,PAC
,29,TLAXCALA,,,34,TLAXCO,236,SAN LORENZO SOLTEOPEC,PRE_COM,MORENA,,MARIA GUADALUPE PELCASTRE MENDEZ,2,,MORENA
,29,TLAXCALA,,,34,TLAXCO,237,LA PALMA,PRE_COM,PAN,,TOMAS ORTEGA PORTILLO ,1,,PAN
,29,TLAXCALA,,,34,TLAXCO,238,LA ROSA,PRE_COM,PRD,,MARIA MAGDALENA RODRIGUEZ LOPEZ,2,,PRD
,29,TLAXCALA,,,34,TLAXCO,239,RANCHERIA LAS MESAS,PRE_COM,CI,,LEONARDO MUÑOZ GONZALEZ,1,,CI
,29,TLAXCALA,,,34,TLAXCO,240,COL. MAXIMO ROJAS XALOSTOC,PRE_COM,PAC,,JOSE MANUEL ADOLFO VAZQUEZ HERNANDEZ,1,,PAC
,29,TLAXCALA,,,34,TLAXCO,241,LA MAGDALENA SOLTEPEC,PRE_COM,PRI,,GERARDO ZAMORA ZAMORA,1,,PRI
,29,TLAXCALA,,,34,TLAXCO,242,COL. JOSE MA. MORELOS BUENAVISTA,PRE_COM,PS,,JOSE MANUEL RONQUILLO  SALGADO,1,,PS
,29,TLAXCALA,,,34,TLAXCO,243,SANTA MARIA ZOTOLUCA,PRE_COM,PT,,JOSE MATEO GUTIERREZ GUTIERREZ,1,,PT
,29,TLAXCALA,,,34,TLAXCO,244,CAPILLA DE TEPEYAHUALCO,PRE_COM,PRD,,LUIS MORENO GARCIA,1,,PRD
,29,TLAXCALA,,,34,TLAXCO,245,RANCHERIA OJO DE AGUA,PRE_COM,MORENA,,VICTOR LECUONA VILLALBA,1,,MORENA
,29,TLAXCALA,,,35,TOCATLAN,246,SANTACRUZ VENUSTIANO CARRANZA,PRE_COM,RSP,,MIGUEL ANGEL RODRIGUEZ BARBOSA,1,,RSP
,29,TLAXCALA,,,36,TOTOLAC,247,LOS REYES QUIAHUIXTLAN,PRE_COM,MORENA,,MARTHA POPOCATL POPOCATL,2,,MORENA
,29,TLAXCALA,,,36,TOTOLAC,248,LA CANDELARIA TEOTLALPAN,PRE_COM,PT,,JOSE LUIS HERNANDEZ MARTINEZ,1,,PT
,29,TLAXCALA,,,36,TOTOLAC,249,SAN FRANCISCO OCOTELULCO,PRE_COM,PVEM,,RAMON JUAREZ SANDOVAL,1,,PVEM
,29,TLAXCALA,,,36,TOTOLAC,250,ACXOTLA DEL RIO,PRE_COM,PT,,ARMANDO AGUILAR LEON,1,,PT
,29,TLAXCALA,,,36,TOTOLAC,251,SAN MIGUEL TLAMAHUCO,PRE_COM,MORENA,,OSCAR HERNANDEZ VERDUGO,1,,MORENA
,29,TLAXCALA,,,36,TOTOLAC,252,SAN JUAN TOTOLAC,PRE_COM,PAN,,JONATHAN SANCHEZ JUAREZ,1,,PAN
,29,TLAXCALA,,,36,TOTOLAC,253,BARRIO DE ZARAGOZA,PRE_COM,PRD,,JOSUE CANO LIMA,1,,PRD
,29,TLAXCALA,,,37,ZILTLALTEPEC DE TRINIDAD SANCHEZ SANTOS,254,SAN JUAN BAUTISTA MIER,PRE_COM,PEST,,ENRIQUE JAVIER SANCHEZ,1,,PEST
,29,TLAXCALA,,,37,ZILTLALTEPEC DE TRINIDAD SANCHEZ SANTOS,255,COLONIA FRANCISCO JAVIER MINA,PRE_COM,PT,,GERMAN DIAZ SANCHEZ,1,,PT
,29,TLAXCALA,,,38,TZOMPANTEPEC,256,SAN ANDRES AHUASHUASTEPEC,PRE_COM,MORENA,,OMAR CORTES MACIAS,1,,MORENA
,29,TLAXCALA,,,38,TZOMPANTEPEC,257,SAN SALVADOR TZOMPANTEPEC,PRE_COM,PRD,,CELIA MONTIEL SERRANO,2,,PRD
,29,TLAXCALA,,,38,TZOMPANTEPEC,258,SAN JUAN QUETZALCOALPAN,PRE_COM,MORENA,,BERNARDO MONTIEL CARRASCO,1,,MORENA
,29,TLAXCALA,,,38,TZOMPANTEPEC,259,XALTIANQUISCO SECCION 3A,PRE_COM,PAC,,FELIPE BADILLO DELGADILLO,1,,PAC
,29,TLAXCALA,,,38,TZOMPANTEPEC,260,SAN MATEO INOPHIL,PRE_COM,PRI,,ANGEL DE JESUS RODRIGUEZ AGUIRRE,1,,PRI
,29,TLAXCALA,,,39,XALOZTOC,261,GUADALUPE TEXMOLAC,PRE_COM,MORENA,,ROMY SANCHEZ SANCHEZ,2,,MORENA
,29,TLAXCALA,,,39,XALOZTOC,262,COLONIA SANTA MARTHA SECCION TERCERA,PRE_COM,MC,,RENE FLORES SANCHEZ,1,,MC
,29,TLAXCALA,,,39,XALOZTOC,263,SAN COSME XALOSTOC HUIZNAHUAC 1A SECCION,PRE_COM,PAN,,GUILLERMO PEREZ LOPEZ,1,,PAN
,29,TLAXCALA,,,39,XALOZTOC,264,SAN COSME XALOZTOC 2A SECCION,PRE_COM,PES,,ISRAEL SANCHEZ FERNANDEZ,1,,PES
,29,TLAXCALA,,,39,XALOZTOC,265,SAN PEDRO TLACOTEPEC,PRE_COM,IMPACTO SOCIAL SI,,JESUS SANCHEZ HERNANDEZ,1,,PISSI
,29,TLAXCALA,,,39,XALOZTOC,266,COLONIA VENUSTIANO CARRANZA,PRE_COM,PT,,ELEAZAR ALONSO SANCHEZ GARCIA,1,,PT
,29,TLAXCALA,,,39,XALOZTOC,267,COLONIA VELASCO,PRE_COM,PRI,,LUCIA HERNANDEZ HERNANDEZ,2,,PRI
,29,TLAXCALA,,,39,XALOZTOC,268,COLONIA JOSE LOPEZ PORTILLO,PRE_COM,PRD,,MARÃA DE LOS ANGELES SANCHEZ MORALES,2,,PRD
,29,TLAXCALA,,,39,XALOZTOC,269,SANTA CRUZ ZACATZONTETLA,PRE_COM,PT,,ANDREA MUÃ‘OZ MONTIEL,2,,PT
,29,TLAXCALA,,,40,XALTOCAN,270,TOPILCO DE JUAREZ,PRE_COM,PES,,ODILON ORTIZ JUAREZ ,1,,PES
,29,TLAXCALA,,,40,XALTOCAN,271,SAN JOSE TEXOPA,PRE_COM,PRI,,MA DE LOS ANGELES PEREZ GARCIA,2,,PRI
,29,TLAXCALA,,,40,XALTOCAN,272,LAS MESAS,PRE_COM,PAC,,JULIO VELAZCO CARRANZA,1,,PAC
,29,TLAXCALA,,,40,XALTOCAN,273,SANTA BARBARA ACUIZCUIZTEPEC,PRE_COM,PRI,,EFREN VAZQUEZ FUENTES,1,,PRI
,29,TLAXCALA,,,40,XALTOCAN,274,CUATLA,PRE_COM,RSP,,ALFONSO SUAREZ CARMONA,1,,RSP
,29,TLAXCALA,,,40,XALTOCAN,275,LA ASCENCION HUIZCOLOTEPEC,PRE_COM,RSP,,JOSE CARLOS ROMAN LOZADA,1,,RSP
,29,TLAXCALA,,,41,PAPALOTLA DE XICOHTENCATL,276,SAN BUENAVENTURA,PRE_COM,PEST,,JORGE ALBERTO PEREZ TORRES,1,,PEST
,29,TLAXCALA,,,41,PAPALOTLA DE XICOHTENCATL,277,PANZACOLA,PRE_COM,MORENA,,GERARDO ROJAS HERNANDEZ,1,,MORENA
,29,TLAXCALA,,,41,PAPALOTLA DE XICOHTENCATL,278,SAN MARCOS CONTLA,PRE_COM,PES,,RAYMUNDO LOPEZ ROMERO,1,,PES
,29,TLAXCALA,,,43,YAUHQUEMEHCAN,279,SAN FRANCISCO TLACUILOHCAN,PRE_COM,PRI,,JAVIER MORALES HERNANDEZ,1,,PRI
,29,TLAXCALA,,,43,YAUHQUEMEHCAN,280,SAN LORENZO TLACUALOYAN,PRE_COM,RSP,,JORGE CERVANTES MEDEL,1,,RSP
,29,TLAXCALA,,,43,YAUHQUEMEHCAN,281,OCOTOXCO,PRE_COM,MORENA,,YANET HERNANDEZ GARCIA,2,,MORENA
,29,TLAXCALA,,,43,YAUHQUEMEHCAN,282,SANTA MARIA ATLIHUETZIA,PRE_COM,PAN,,JOSE RICARDO SANCHEZ MUÃ‘OZ,1,,PAN
,29,TLAXCALA,,,43,YAUHQUEMEHCAN,283,SAN JOSE TETEL,PRE_COM,MORENA,,JOSE MARCELINO GABINO LOPEZ SANCHEZ,1,,MORENA
,29,TLAXCALA,,,43,YAUHQUEMEHCAN,284,SANTA URSULA ZIMATEPEC,PRE_COM,RSP,,IGNACIO HERNANDEZ HERNANDEZ,1,,RSP
,29,TLAXCALA,,,43,YAUHQUEMEHCAN,285,SAN BENITO XALTOCAN,PRE_COM,MORENA,,MA DE JESUS VANESSA ESCOBEDO ROMERO,2,,MORENA
,29,TLAXCALA,,,43,YAUHQUEMEHCAN,286,BARRIO DE HUACALTZINGO,PRE_COM,PAC,,ALEJANDRO MARTINEZ SANCHEZ,1,,PAC
,29,TLAXCALA,,,44,ZACATELCO,287,1A SECCION TLATLACOLA,PRE_COM,MORENA,,ALEJANDRO FLORES VARGAS,1,,MORENA
,29,TLAXCALA,,,44,ZACATELCO,288,2A SECCION,PRE_COM,MORENA,,VICTOR VAZQUEZ VARGAS,1,,MORENA
,29,TLAXCALA,,,44,ZACATELCO,289,BARRIO DE EXQUITLA,PRE_COM,PRI,,GREGORIO NAJERA RAMIREZ,1,,PRI
,29,TLAXCALA,,,44,ZACATELCO,290,3A SECCION BARRIO DE XOCHICALCO,PRE_COM,PANALT,,FAUSTINO CAMARILLO SANTANA,1,,PANALT
,29,TLAXCALA,,,44,ZACATELCO,291,4A SECCION BARRIO DE MANANTIALES,PRE_COM,PANALT,,ALEJANDRO CISNEROS HERNANDEZ,1,,PANALT
,29,TLAXCALA,,,44,ZACATELCO,292,5A SECCION BARRIO DE XITOTOTLA,PRE_COM,PANALT,,HECTOR GUITERREZ PEREZ,1,,PANALT
,29,TLAXCALA,,,44,ZACATELCO,293,3A SECCION DE BARRIO DE GUARDIA,PRE_COM,PANALT,,JESUS LUNA CUCHILLO,1,,PANALT
,29,TLAXCALA,,,46,SANTA CRUZ QUILEHTLA,294,SANTA CRUZ QULIEHTLA,PRE_COM,MC,,MA. DE LOS SANTOS FLORES PEREZ,2,,MC
,29,TLAXCALA,,,46,SANTA CRUZ QUILEHTLA,295,SANTIAGO AYOMETITLA,PRE_COM,PT,,JOSE NICOLAS PICHON LOPEZ,1,,PT
,29,TLAXCALA,,,48,SANTA CATARINA AYONETLA,296,BARRIO DE TLAXCALTECATLA,PRE_COM,PRD,,JARRIN JUAREZ MORALES,1,,PRD
,29,TLAXCALA,,,48,SANTA CATARINA AYONETLA,297,COLONIA ESTOCAPA,PRE_COM,PANALT,,VICTOR MORALES ZEMPOALTECA,1,,PANALT
,29,TLAXCALA,,,48,SANTA CATARINA AYONETLA,298,BARRIO DE TLAPAYATLA,PRE_COM,PRD,,MADELINE ORTIZ ,2,,PRD
,29,TLAXCALA,,,54,EMILIANO ZAPATA,299,COLONIA GUSTAVO DIAZ ORDAZ,PRE_COM,PRI,,ESTEBAN MUNGUIA LOPEZ,1,,PRI
