CIRCUNSCRIPCION,ID_ESTADO,NOMBRE_ESTADO,ID_DISTRITO_LOCAL,CABECERA_DISTRITAL_LOCAL,ID_MUNICIPIO,MUNICIPIO,SECCION,CASILLAS,PAN,PRI,PRD,MC,PVEM,MORENA,PT,QI,PES,RSP,FXM,PAN_QI,NUM_VOTOS_VALIDOS,NUM_VOTOS_CAN_NREG,NUM_VOTOS_NULOS,TOTAL_VOTOS,LISTA_NOMINAL
,22,QUERETARO,0,VOTO EN EL EXTRANJERO,0,VOTO EN EL EXTRANJERO,0,2,402,21,2,13,4,143,2,11,0,3,2,21,624,8,6,638,992
,22,QUERETARO,8,SAN JUAN DEL RIO,1,AMEALCO DE BONFIL,1,2,358,186,2,15,16,129,4,3,2,4,1,0,720,0,9,729,1070
,22,QUERETARO,8,SAN JUAN DEL RIO,1,AMEALCO DE BONFIL,2,2,296,159,1,8,19,108,3,0,0,1,4,0,599,0,20,619,965
,22,QUERETARO,8,SAN JUAN DEL RIO,1,AMEALCO DE BONFIL,3,4,518,358,3,17,25,253,6,2,5,11,17,3,1218,0,20,1238,1571
,22,QUERETARO,8,SAN JUAN DEL RIO,1,AMEALCO DE BONFIL,4,3,408,247,5,17,30,179,2,11,1,2,4,1,907,0,31,938,1742
,22,QUERETARO,8,SAN JUAN DEL RIO,1,AMEALCO DE BONFIL,5,3,433,291,10,13,21,174,6,4,5,16,13,1,987,1,26,1014,1636
,22,QUERETARO,8,SAN JUAN DEL RIO,1,AMEALCO DE BONFIL,6,2,219,160,4,17,7,51,1,1,0,2,4,0,466,0,17,483,977
,22,QUERETARO,8,SAN JUAN DEL RIO,1,AMEALCO DE BONFIL,7,2,196,152,5,4,13,44,1,2,7,6,4,1,435,0,15,450,804
,22,QUERETARO,8,SAN JUAN DEL RIO,1,AMEALCO DE BONFIL,8,2,319,253,2,6,13,83,2,3,2,2,3,0,688,0,21,709,1313
,22,QUERETARO,8,SAN JUAN DEL RIO,1,AMEALCO DE BONFIL,9,4,490,273,0,26,8,49,3,2,2,2,7,1,863,0,43,906,1957
,22,QUERETARO,8,SAN JUAN DEL RIO,1,AMEALCO DE BONFIL,10,2,252,267,1,10,16,64,2,0,7,2,4,1,626,0,16,642,1184
,22,QUERETARO,8,SAN JUAN DEL RIO,1,AMEALCO DE BONFIL,11,3,386,274,6,10,21,186,4,6,8,3,9,3,916,1,32,949,1575
,22,QUERETARO,8,SAN JUAN DEL RIO,1,AMEALCO DE BONFIL,12,2,157,209,1,2,9,157,1,1,2,4,2,2,547,0,20,567,881
,22,QUERETARO,8,SAN JUAN DEL RIO,1,AMEALCO DE BONFIL,13,4,418,338,4,10,16,196,3,4,9,8,5,3,1014,0,31,1045,1762
,22,QUERETARO,8,SAN JUAN DEL RIO,1,AMEALCO DE BONFIL,14,4,649,558,5,23,28,191,4,2,8,6,18,6,1498,0,39,1537,2548
,22,QUERETARO,8,SAN JUAN DEL RIO,1,AMEALCO DE BONFIL,15,4,311,293,4,10,26,573,8,1,15,21,7,5,1274,0,56,1330,2256
,22,QUERETARO,8,SAN JUAN DEL RIO,1,AMEALCO DE BONFIL,16,2,362,171,3,3,16,119,4,2,2,4,2,0,688,0,20,708,1122
,22,QUERETARO,8,SAN JUAN DEL RIO,1,AMEALCO DE BONFIL,17,3,394,360,4,5,8,177,5,1,1,6,5,2,968,0,20,988,1569
,22,QUERETARO,8,SAN JUAN DEL RIO,1,AMEALCO DE BONFIL,18,1,169,172,4,7,7,57,1,3,0,8,3,5,436,0,10,446,730
,22,QUERETARO,8,SAN JUAN DEL RIO,1,AMEALCO DE BONFIL,20,2,247,119,1,10,10,105,6,3,5,6,1,1,514,0,19,533,833
,22,QUERETARO,8,SAN JUAN DEL RIO,1,AMEALCO DE BONFIL,21,1,110,140,3,6,7,111,1,0,1,1,1,0,381,0,20,401,651
,22,QUERETARO,8,SAN JUAN DEL RIO,1,AMEALCO DE BONFIL,22,4,310,236,12,17,19,552,9,5,10,8,7,4,1189,0,45,1234,2100
,22,QUERETARO,8,SAN JUAN DEL RIO,1,AMEALCO DE BONFIL,23,3,506,413,4,20,21,293,4,3,0,7,6,2,1279,1,27,1307,2078
,22,QUERETARO,8,SAN JUAN DEL RIO,1,AMEALCO DE BONFIL,24,4,629,461,1,12,10,392,4,1,4,24,4,5,1547,0,61,1608,2300
,22,QUERETARO,8,SAN JUAN DEL RIO,1,AMEALCO DE BONFIL,25,3,372,284,6,30,7,230,7,1,8,8,3,2,958,0,30,988,1500
,22,QUERETARO,8,SAN JUAN DEL RIO,1,AMEALCO DE BONFIL,26,3,381,341,4,4,4,159,1,2,8,3,7,0,914,0,32,946,1475
,22,QUERETARO,8,SAN JUAN DEL RIO,1,AMEALCO DE BONFIL,27,2,349,153,2,4,5,195,2,2,6,4,13,0,735,0,18,753,1138
,22,QUERETARO,8,SAN JUAN DEL RIO,1,AMEALCO DE BONFIL,28,2,240,191,5,8,7,80,3,0,7,19,2,1,563,0,5,568,913
,22,QUERETARO,8,SAN JUAN DEL RIO,1,AMEALCO DE BONFIL,29,2,233,119,0,4,8,139,3,5,1,14,1,1,528,0,36,564,939
,22,QUERETARO,8,SAN JUAN DEL RIO,1,AMEALCO DE BONFIL,30,3,433,235,1,5,11,159,4,1,6,9,11,0,875,0,30,905,1289
,22,QUERETARO,8,SAN JUAN DEL RIO,1,AMEALCO DE BONFIL,31,2,192,106,3,0,3,122,0,3,0,6,3,3,441,0,25,466,822
,22,QUERETARO,8,SAN JUAN DEL RIO,1,AMEALCO DE BONFIL,32,2,276,167,5,10,3,184,1,4,5,9,4,3,671,0,37,708,1259
,22,QUERETARO,8,SAN JUAN DEL RIO,1,AMEALCO DE BONFIL,33,4,524,342,16,15,12,294,8,5,5,9,3,4,1237,0,61,1298,2306
,22,QUERETARO,8,SAN JUAN DEL RIO,1,AMEALCO DE BONFIL,34,1,152,283,1,0,4,41,2,0,2,1,0,0,486,0,11,497,676
,22,QUERETARO,15,JALPAN DE SERRA,2,ARROYO SECO,35,3,576,250,7,10,17,292,9,15,0,5,4,11,1196,1,65,1262,1807
,22,QUERETARO,15,JALPAN DE SERRA,2,ARROYO SECO,36,2,205,117,2,4,3,126,1,2,4,1,0,7,472,0,31,503,765
,22,QUERETARO,15,JALPAN DE SERRA,2,ARROYO SECO,37,1,65,29,0,1,1,74,1,3,0,0,0,1,175,0,8,183,281
,22,QUERETARO,15,JALPAN DE SERRA,2,ARROYO SECO,38,1,65,32,1,1,1,16,0,0,0,2,1,3,122,0,10,132,195
,22,QUERETARO,15,JALPAN DE SERRA,2,ARROYO SECO,39,3,615,217,13,6,10,401,2,9,6,12,10,6,1307,4,64,1375,2204
,22,QUERETARO,15,JALPAN DE SERRA,2,ARROYO SECO,40,1,92,35,1,0,4,42,0,0,1,0,4,0,179,3,6,188,261
,22,QUERETARO,15,JALPAN DE SERRA,2,ARROYO SECO,41,3,276,132,10,1,6,165,1,2,7,6,7,1,614,0,25,639,997
,22,QUERETARO,15,JALPAN DE SERRA,2,ARROYO SECO,42,2,268,106,2,6,5,205,0,8,2,3,1,6,612,1,30,643,1012
,22,QUERETARO,15,JALPAN DE SERRA,2,ARROYO SECO,43,2,349,112,3,1,2,104,1,3,1,3,3,4,586,0,35,621,941
,22,QUERETARO,15,JALPAN DE SERRA,2,ARROYO SECO,44,1,151,72,1,0,0,38,0,1,1,0,0,2,266,0,7,273,354
,22,QUERETARO,15,JALPAN DE SERRA,2,ARROYO SECO,45,4,841,210,4,5,13,536,7,9,6,5,6,14,1656,0,72,1728,2605
,22,QUERETARO,14,CADEREYTA DE MONTES,3,CADEREYTA DE MONTES,46,5,748,232,2,23,71,550,5,9,9,11,57,7,1724,1,57,1782,3277
,22,QUERETARO,14,CADEREYTA DE MONTES,3,CADEREYTA DE MONTES,47,3,634,109,2,19,53,307,6,17,5,11,60,4,1227,0,27,1254,2234
,22,QUERETARO,14,CADEREYTA DE MONTES,3,CADEREYTA DE MONTES,48,4,1002,218,9,23,52,430,4,38,99,11,32,1,1919,0,43,1962,2168
,22,QUERETARO,14,CADEREYTA DE MONTES,3,CADEREYTA DE MONTES,49,4,763,174,8,19,52,360,6,11,3,10,32,2,1440,0,31,1471,2476
,22,QUERETARO,14,CADEREYTA DE MONTES,3,CADEREYTA DE MONTES,51,2,249,39,1,8,22,122,2,2,0,5,14,4,468,0,8,476,824
,22,QUERETARO,14,CADEREYTA DE MONTES,3,CADEREYTA DE MONTES,52,3,120,43,1,2,23,197,0,2,7,5,40,0,440,0,14,454,1370
,22,QUERETARO,14,CADEREYTA DE MONTES,3,CADEREYTA DE MONTES,53,2,162,63,2,1,27,38,2,4,0,2,9,90,400,0,17,417,1031
,22,QUERETARO,14,CADEREYTA DE MONTES,3,CADEREYTA DE MONTES,54,2,212,139,2,1,33,46,0,5,2,2,11,110,563,0,22,585,898
,22,QUERETARO,14,CADEREYTA DE MONTES,3,CADEREYTA DE MONTES,55,2,382,169,1,4,15,176,0,1,0,1,9,0,758,0,11,769,1220
,22,QUERETARO,14,CADEREYTA DE MONTES,3,CADEREYTA DE MONTES,56,2,259,66,4,5,33,124,0,0,1,5,8,1,506,0,39,545,1095
,22,QUERETARO,14,CADEREYTA DE MONTES,3,CADEREYTA DE MONTES,57,1,256,24,0,0,17,72,2,1,1,1,7,0,381,0,22,403,750
,22,QUERETARO,14,CADEREYTA DE MONTES,3,CADEREYTA DE MONTES,58,2,276,112,5,12,35,114,0,1,2,7,22,0,586,0,35,621,1220
,22,QUERETARO,14,CADEREYTA DE MONTES,3,CADEREYTA DE MONTES,59,2,204,43,4,2,36,70,2,3,2,6,15,2,389,0,25,414,930
,22,QUERETARO,14,CADEREYTA DE MONTES,3,CADEREYTA DE MONTES,60,4,193,61,10,6,23,393,4,9,10,16,26,0,751,1,41,793,1726
,22,QUERETARO,14,CADEREYTA DE MONTES,3,CADEREYTA DE MONTES,61,3,572,225,9,16,71,231,1,17,7,6,17,3,1175,1,35,1211,2232
,22,QUERETARO,14,CADEREYTA DE MONTES,3,CADEREYTA DE MONTES,62,1,154,27,3,1,37,45,2,2,2,1,3,1,278,0,14,292,656
,22,QUERETARO,14,CADEREYTA DE MONTES,3,CADEREYTA DE MONTES,63,2,206,94,2,3,15,114,0,2,4,4,14,0,458,0,26,484,1241
,22,QUERETARO,14,CADEREYTA DE MONTES,3,CADEREYTA DE MONTES,64,2,229,87,1,5,23,106,0,3,0,6,23,0,483,0,17,500,1004
,22,QUERETARO,14,CADEREYTA DE MONTES,3,CADEREYTA DE MONTES,65,4,556,239,2,12,46,234,6,8,6,8,26,1,1144,1,35,1180,2169
,22,QUERETARO,14,CADEREYTA DE MONTES,3,CADEREYTA DE MONTES,66,6,906,322,14,27,115,346,5,15,11,19,52,2,1834,0,81,1915,3666
,22,QUERETARO,14,CADEREYTA DE MONTES,3,CADEREYTA DE MONTES,67,2,242,40,1,3,18,99,2,2,1,1,15,0,424,0,22,446,993
,22,QUERETARO,14,CADEREYTA DE MONTES,3,CADEREYTA DE MONTES,68,2,288,132,2,1,5,14,0,1,0,1,17,0,461,0,19,480,928
,22,QUERETARO,14,CADEREYTA DE MONTES,3,CADEREYTA DE MONTES,69,3,594,203,8,14,52,370,8,5,4,11,36,7,1312,0,33,1345,2238
,22,QUERETARO,14,CADEREYTA DE MONTES,3,CADEREYTA DE MONTES,70,5,449,141,14,12,68,351,4,15,6,12,147,5,1224,0,66,1290,3021
,22,QUERETARO,14,CADEREYTA DE MONTES,3,CADEREYTA DE MONTES,71,4,548,282,10,17,42,210,7,4,3,8,24,1,1156,0,28,1184,2250
,22,QUERETARO,14,CADEREYTA DE MONTES,3,CADEREYTA DE MONTES,72,3,507,148,4,20,76,242,4,7,8,5,61,2,1084,1,34,1119,2201
,22,QUERETARO,14,CADEREYTA DE MONTES,3,CADEREYTA DE MONTES,73,4,583,247,0,12,26,304,4,5,2,9,39,7,1238,0,33,1271,2389
,22,QUERETARO,14,CADEREYTA DE MONTES,3,CADEREYTA DE MONTES,74,2,306,164,1,2,5,81,4,3,4,1,10,1,582,0,12,594,1019
,22,QUERETARO,14,CADEREYTA DE MONTES,3,CADEREYTA DE MONTES,75,3,462,272,11,10,23,201,8,8,15,7,28,2,1047,1,45,1093,2147
,22,QUERETARO,11,TEQUISQUIAPAN,4,COLON,76,3,479,250,5,16,38,154,3,33,5,10,46,24,1063,0,20,1083,1685
,22,QUERETARO,11,TEQUISQUIAPAN,4,COLON,77,3,506,257,2,15,26,283,3,44,5,11,54,13,1219,1,25,1245,1896
,22,QUERETARO,11,TEQUISQUIAPAN,4,COLON,78,2,454,165,3,10,26,171,2,21,16,8,26,219,1121,0,25,1146,1409
,22,QUERETARO,11,TEQUISQUIAPAN,4,COLON,79,6,964,536,7,37,75,427,5,77,20,18,61,11,2238,3,60,2301,3868
,22,QUERETARO,11,TEQUISQUIAPAN,4,COLON,80,1,102,103,2,5,5,29,0,7,1,2,4,109,369,0,18,387,493
,22,QUERETARO,11,TEQUISQUIAPAN,4,COLON,81,2,461,287,1,1,9,30,5,31,1,1,2,25,854,0,34,888,1496
,22,QUERETARO,11,TEQUISQUIAPAN,4,COLON,82,2,355,311,4,14,9,80,1,17,5,6,6,9,817,0,20,837,1229
,22,QUERETARO,11,TEQUISQUIAPAN,4,COLON,83,6,1144,693,8,9,32,159,1,45,21,4,22,27,2165,0,59,2224,3436
,22,QUERETARO,11,TEQUISQUIAPAN,4,COLON,84,3,366,271,2,6,10,76,3,21,8,7,47,10,827,1,37,865,1554
,22,QUERETARO,11,TEQUISQUIAPAN,4,COLON,85,2,217,79,2,9,17,226,1,50,7,9,11,7,635,0,25,660,1122
,22,QUERETARO,11,TEQUISQUIAPAN,4,COLON,86,3,360,243,0,6,16,107,4,19,10,3,14,2,784,1,27,812,1534
,22,QUERETARO,11,TEQUISQUIAPAN,4,COLON,87,3,455,242,10,17,30,285,3,28,14,9,40,0,1133,0,19,1152,2139
,22,QUERETARO,11,TEQUISQUIAPAN,4,COLON,88,4,594,289,11,18,34,299,5,68,13,8,66,22,1427,0,47,1474,2680
,22,QUERETARO,11,TEQUISQUIAPAN,4,COLON,90,3,412,253,4,9,22,197,2,108,9,8,16,12,1052,0,26,1078,1687
,22,QUERETARO,11,TEQUISQUIAPAN,4,COLON,91,3,394,281,5,15,37,159,2,87,8,6,19,11,1024,1,46,1071,1714
,22,QUERETARO,11,TEQUISQUIAPAN,4,COLON,92,6,848,484,23,58,59,637,13,113,18,32,84,38,2407,1,76,2484,4312
,22,QUERETARO,11,TEQUISQUIAPAN,4,COLON,94,5,705,283,9,20,40,193,2,66,15,28,42,43,1446,0,59,1505,3104
,22,QUERETARO,11,TEQUISQUIAPAN,4,COLON,95,4,484,297,5,12,20,302,8,33,10,7,64,121,1363,0,23,1386,2371
,22,QUERETARO,11,TEQUISQUIAPAN,4,COLON,96,5,454,350,5,17,38,593,9,45,12,9,41,19,1592,0,37,1629,3079
,22,QUERETARO,6,SANTIAGO DE QUERETARO,5,CORREGIDORA,97,9,2612,172,29,53,75,523,8,11,10,37,10,6,3546,0,30,3576,6365
,22,QUERETARO,6,SANTIAGO DE QUERETARO,5,CORREGIDORA,98,6,1608,118,12,27,47,417,13,13,14,17,17,9,2312,0,42,2354,4205
,22,QUERETARO,6,SANTIAGO DE QUERETARO,5,CORREGIDORA,99,21,5580,362,41,98,105,1300,38,30,25,39,38,37,7693,5,69,7767,15438
,22,QUERETARO,7,EL PUEBLITO,5,CORREGIDORA,100,3,881,84,8,20,21,215,5,10,0,11,5,13,1273,2,12,1287,2117
,22,QUERETARO,6,SANTIAGO DE QUERETARO,5,CORREGIDORA,101,6,1588,145,13,33,46,410,5,9,7,14,9,12,2291,2,21,2314,4076
,22,QUERETARO,6,SANTIAGO DE QUERETARO,5,CORREGIDORA,102,3,509,109,8,25,33,245,16,4,11,19,7,4,990,1,17,1008,1774
,22,QUERETARO,6,SANTIAGO DE QUERETARO,5,CORREGIDORA,103,7,1518,187,16,39,89,607,15,15,12,17,26,17,2558,2,40,2600,5217
,22,QUERETARO,7,EL PUEBLITO,5,CORREGIDORA,104,3,365,72,7,20,41,304,9,8,9,13,9,1,858,1,23,882,1858
,22,QUERETARO,6,SANTIAGO DE QUERETARO,5,CORREGIDORA,105,14,1457,528,41,63,171,1062,81,25,31,27,42,111,3639,1,101,3741,10074
,22,QUERETARO,7,EL PUEBLITO,5,CORREGIDORA,106,3,339,91,8,26,58,315,12,27,8,7,9,8,908,0,24,932,2188
,22,QUERETARO,7,EL PUEBLITO,5,CORREGIDORA,107,3,392,100,10,12,34,267,11,9,3,4,12,3,857,0,17,874,2010
,22,QUERETARO,7,EL PUEBLITO,5,CORREGIDORA,108,4,458,83,13,20,57,284,5,16,5,11,21,4,977,1,35,1013,2382
,22,QUERETARO,7,EL PUEBLITO,5,CORREGIDORA,109,3,390,40,4,22,69,281,10,15,13,7,12,11,874,1,34,909,2138
,22,QUERETARO,6,SANTIAGO DE QUERETARO,5,CORREGIDORA,110,5,958,115,19,37,37,419,15,9,7,6,13,8,1643,1,26,1670,3044
,22,QUERETARO,6,SANTIAGO DE QUERETARO,5,CORREGIDORA,111,4,673,107,9,29,35,354,15,10,8,8,6,5,1259,0,31,1290,2665
,22,QUERETARO,7,EL PUEBLITO,5,CORREGIDORA,113,15,5593,263,28,74,68,935,15,37,15,20,28,16,7092,6,56,7154,9690
,22,QUERETARO,6,SANTIAGO DE QUERETARO,5,CORREGIDORA,114,11,1973,234,33,61,84,936,38,26,67,29,21,31,3533,2,58,3593,7563
,22,QUERETARO,7,EL PUEBLITO,5,CORREGIDORA,115,13,3330,413,24,59,96,831,37,33,13,25,28,16,4905,10,78,4993,9488
,22,QUERETARO,6,SANTIAGO DE QUERETARO,5,CORREGIDORA,116,8,666,264,20,46,103,576,33,15,27,25,25,7,1807,2,74,1883,4383
,22,QUERETARO,7,EL PUEBLITO,5,CORREGIDORA,117,7,2889,113,18,47,41,325,17,14,9,12,25,14,3524,2,36,3562,5190
,22,QUERETARO,7,EL PUEBLITO,5,CORREGIDORA,118,4,479,211,9,18,48,171,8,4,7,8,11,4,978,1,35,1014,2836
,22,QUERETARO,7,EL PUEBLITO,5,CORREGIDORA,119,3,349,190,5,15,18,124,3,12,4,12,10,1,743,0,28,771,1577
,22,QUERETARO,7,EL PUEBLITO,5,CORREGIDORA,120,6,506,246,19,33,87,443,21,7,23,23,14,3,1425,1,45,1471,3125
,22,QUERETARO,7,EL PUEBLITO,5,CORREGIDORA,121,5,664,176,12,40,83,294,13,22,14,23,12,12,1365,1,50,1416,3515
,22,QUERETARO,14,CADEREYTA DE MONTES,6,EZEQUIEL MONTES,122,3,731,122,4,11,20,180,9,22,3,6,5,20,1133,1,35,1169,2083
,22,QUERETARO,14,CADEREYTA DE MONTES,6,EZEQUIEL MONTES,123,3,569,134,4,14,11,202,12,22,6,11,5,16,1006,0,26,1032,1659
,22,QUERETARO,14,CADEREYTA DE MONTES,6,EZEQUIEL MONTES,124,3,688,157,8,21,22,268,7,17,12,10,15,10,1235,0,29,1264,2209
,22,QUERETARO,14,CADEREYTA DE MONTES,6,EZEQUIEL MONTES,125,2,516,104,2,15,14,138,3,13,7,6,6,12,836,0,14,850,1280
,22,QUERETARO,14,CADEREYTA DE MONTES,6,EZEQUIEL MONTES,126,2,388,83,2,12,13,117,3,5,3,16,5,4,651,6,27,684,1225
,22,QUERETARO,14,CADEREYTA DE MONTES,6,EZEQUIEL MONTES,127,5,1257,211,12,37,27,352,13,29,11,15,11,21,1996,0,34,2030,3419
,22,QUERETARO,14,CADEREYTA DE MONTES,6,EZEQUIEL MONTES,128,6,1591,255,9,29,54,378,17,29,24,11,21,12,2430,1,71,2502,4143
,22,QUERETARO,14,CADEREYTA DE MONTES,6,EZEQUIEL MONTES,129,2,596,71,3,2,9,114,2,5,1,3,1,8,815,0,21,836,1275
,22,QUERETARO,14,CADEREYTA DE MONTES,6,EZEQUIEL MONTES,130,4,1191,181,9,13,24,137,8,22,7,20,2,20,1634,0,43,1677,2079
,22,QUERETARO,14,CADEREYTA DE MONTES,6,EZEQUIEL MONTES,131,3,888,126,1,6,5,56,7,19,1,5,2,11,1127,0,31,1158,1900
,22,QUERETARO,14,CADEREYTA DE MONTES,6,EZEQUIEL MONTES,132,3,602,66,5,24,18,134,6,22,4,4,5,10,900,0,16,916,1456
,22,QUERETARO,14,CADEREYTA DE MONTES,6,EZEQUIEL MONTES,133,4,827,145,9,29,54,310,15,32,16,15,11,9,1472,2,76,1550,2567
,22,QUERETARO,14,CADEREYTA DE MONTES,6,EZEQUIEL MONTES,134,3,619,101,8,26,37,220,9,29,7,9,6,11,1082,0,46,1128,1538
,22,QUERETARO,14,CADEREYTA DE MONTES,6,EZEQUIEL MONTES,135,3,568,156,6,31,43,199,6,41,10,11,9,19,1099,0,37,1136,1589
,22,QUERETARO,14,CADEREYTA DE MONTES,6,EZEQUIEL MONTES,136,3,569,127,19,31,39,293,6,24,11,24,12,8,1163,0,46,1209,1697
,22,QUERETARO,14,CADEREYTA DE MONTES,6,EZEQUIEL MONTES,137,3,661,151,6,10,21,124,7,20,10,6,10,6,1032,0,30,1062,1505
,22,QUERETARO,14,CADEREYTA DE MONTES,6,EZEQUIEL MONTES,138,2,293,49,1,8,4,33,0,5,4,6,5,10,418,1,10,429,611
,22,QUERETARO,7,EL PUEBLITO,7,HUIMILPAN,139,5,542,320,10,27,137,202,8,19,23,46,18,1,1353,2,73,1428,2533
,22,QUERETARO,7,EL PUEBLITO,7,HUIMILPAN,140,3,317,204,1,24,66,85,1,10,2,19,5,3,737,0,38,775,1577
,22,QUERETARO,7,EL PUEBLITO,7,HUIMILPAN,141,5,643,169,19,16,202,207,0,73,21,43,68,277,1738,0,51,1789,2558
,22,QUERETARO,7,EL PUEBLITO,7,HUIMILPAN,142,2,346,126,14,6,76,67,0,10,4,31,13,5,698,0,23,721,1324
,22,QUERETARO,7,EL PUEBLITO,7,HUIMILPAN,143,3,448,150,16,4,121,79,2,7,8,22,4,2,863,0,40,903,2073
,22,QUERETARO,7,EL PUEBLITO,7,HUIMILPAN,144,6,1367,236,55,33,191,198,5,25,10,40,15,280,2455,1,43,2499,3908
,22,QUERETARO,7,EL PUEBLITO,7,HUIMILPAN,145,4,478,166,30,23,171,117,4,11,8,23,20,4,1055,0,62,1117,2407
,22,QUERETARO,7,EL PUEBLITO,7,HUIMILPAN,146,2,338,70,4,11,54,43,2,0,3,17,3,2,547,0,27,574,1148
,22,QUERETARO,7,EL PUEBLITO,7,HUIMILPAN,147,5,829,293,19,22,216,125,8,9,10,36,6,9,1582,0,71,1653,3249
,22,QUERETARO,7,EL PUEBLITO,7,HUIMILPAN,148,3,244,171,29,6,82,54,1,11,9,15,6,1,629,1,26,656,1553
,22,QUERETARO,7,EL PUEBLITO,7,HUIMILPAN,149,3,305,108,9,8,104,65,3,13,3,20,11,1,650,0,32,682,1582
,22,QUERETARO,7,EL PUEBLITO,7,HUIMILPAN,150,4,324,183,11,13,100,42,5,8,20,20,8,1,735,0,45,780,2161
,22,QUERETARO,7,EL PUEBLITO,7,HUIMILPAN,151,3,226,141,13,11,80,33,2,8,22,23,8,1,568,0,57,625,1388
,22,QUERETARO,7,EL PUEBLITO,7,HUIMILPAN,152,4,488,239,7,14,170,151,2,27,6,10,12,2,1128,0,55,1183,2647
,22,QUERETARO,15,JALPAN DE SERRA,8,JALPAN DE SERRA,153,6,1073,228,4,27,12,722,13,30,3,13,16,15,2156,2,65,2223,3821
,22,QUERETARO,15,JALPAN DE SERRA,8,JALPAN DE SERRA,154,5,981,168,9,20,11,512,3,34,7,7,22,11,1785,0,55,1840,2469
,22,QUERETARO,15,JALPAN DE SERRA,8,JALPAN DE SERRA,155,5,853,163,6,29,15,515,15,37,8,7,18,10,1676,1,70,1747,3020
,22,QUERETARO,15,JALPAN DE SERRA,8,JALPAN DE SERRA,156,3,764,140,4,18,8,336,7,24,3,3,7,11,1325,0,35,1360,2199
,22,QUERETARO,15,JALPAN DE SERRA,8,JALPAN DE SERRA,157,3,326,156,2,5,5,126,4,12,4,10,12,2,664,0,75,739,1244
,22,QUERETARO,15,JALPAN DE SERRA,8,JALPAN DE SERRA,158,4,206,158,4,5,17,148,4,6,5,6,5,2,566,0,57,623,1176
,22,QUERETARO,15,JALPAN DE SERRA,8,JALPAN DE SERRA,159,1,74,52,0,0,2,59,1,5,1,2,4,3,203,0,13,216,447
,22,QUERETARO,15,JALPAN DE SERRA,8,JALPAN DE SERRA,160,2,151,122,1,5,4,97,3,7,0,4,4,1,399,0,16,415,671
,22,QUERETARO,15,JALPAN DE SERRA,8,JALPAN DE SERRA,161,3,416,117,1,6,9,264,1,34,6,4,8,15,881,0,68,949,1689
,22,QUERETARO,15,JALPAN DE SERRA,8,JALPAN DE SERRA,162,2,128,63,2,2,6,61,3,2,1,0,3,3,274,0,14,288,518
,22,QUERETARO,15,JALPAN DE SERRA,8,JALPAN DE SERRA,163,2,167,63,2,4,0,60,0,11,2,3,9,0,321,0,26,347,730
,22,QUERETARO,15,JALPAN DE SERRA,8,JALPAN DE SERRA,164,2,142,58,2,6,6,100,1,10,1,1,7,127,461,0,56,517,1004
,22,QUERETARO,15,JALPAN DE SERRA,8,JALPAN DE SERRA,165,2,176,34,3,7,4,101,4,15,1,0,6,1,352,0,40,392,651
,22,QUERETARO,15,JALPAN DE SERRA,8,JALPAN DE SERRA,166,1,153,25,3,5,3,127,7,4,2,3,8,7,347,0,27,374,670
,22,QUERETARO,15,JALPAN DE SERRA,8,JALPAN DE SERRA,167,3,362,187,7,11,11,160,3,30,4,9,13,5,802,0,66,868,1586
,22,QUERETARO,15,JALPAN DE SERRA,9,LANDA DE MATAMOROS,168,4,781,363,6,5,8,326,2,8,7,2,8,6,1522,1,52,1575,2479
,22,QUERETARO,15,JALPAN DE SERRA,9,LANDA DE MATAMOROS,169,2,224,136,2,1,4,110,1,2,4,6,0,6,496,0,23,519,1023
,22,QUERETARO,15,JALPAN DE SERRA,9,LANDA DE MATAMOROS,170,2,280,160,4,5,1,117,2,21,5,1,1,5,602,2,32,636,1056
,22,QUERETARO,15,JALPAN DE SERRA,9,LANDA DE MATAMOROS,171,3,474,175,2,2,9,232,4,10,8,5,5,2,928,0,51,979,1572
,22,QUERETARO,15,JALPAN DE SERRA,9,LANDA DE MATAMOROS,172,2,321,109,2,5,2,101,0,5,5,2,2,2,556,0,29,585,1057
,22,QUERETARO,15,JALPAN DE SERRA,9,LANDA DE MATAMOROS,173,2,248,178,0,0,1,81,0,20,5,2,0,9,544,0,17,561,807
,22,QUERETARO,15,JALPAN DE SERRA,9,LANDA DE MATAMOROS,174,3,432,275,2,10,13,211,3,18,3,9,9,5,990,0,46,1036,1735
,22,QUERETARO,15,JALPAN DE SERRA,9,LANDA DE MATAMOROS,175,2,385,185,4,2,6,79,2,5,3,2,0,0,673,0,17,690,1133
,22,QUERETARO,15,JALPAN DE SERRA,9,LANDA DE MATAMOROS,176,4,632,438,4,5,7,112,4,2,0,2,3,0,1209,0,50,1259,1763
,22,QUERETARO,15,JALPAN DE SERRA,9,LANDA DE MATAMOROS,177,2,142,224,7,1,3,40,4,0,2,0,5,2,430,0,35,465,696
,22,QUERETARO,15,JALPAN DE SERRA,9,LANDA DE MATAMOROS,178,1,124,71,2,3,0,54,1,2,0,2,1,0,260,0,20,280,485
,22,QUERETARO,15,JALPAN DE SERRA,9,LANDA DE MATAMOROS,179,1,160,124,0,0,2,27,0,5,0,1,1,0,320,0,13,333,500
,22,QUERETARO,15,JALPAN DE SERRA,9,LANDA DE MATAMOROS,180,3,484,229,4,8,13,254,3,5,8,12,8,0,1028,1,31,1060,1612
,22,QUERETARO,15,JALPAN DE SERRA,9,LANDA DE MATAMOROS,181,1,203,54,2,3,1,42,2,3,0,0,0,0,310,0,7,317,520
,22,QUERETARO,12,LA CAÑADA,10,EL MARQUES,182,5,871,292,9,13,38,552,48,9,15,52,37,1,1937,1,24,1962,3048
,22,QUERETARO,12,LA CAÑADA,10,EL MARQUES,183,4,813,172,8,19,34,523,43,5,19,59,23,4,1722,2,26,1750,2679
,22,QUERETARO,12,LA CAÑADA,10,EL MARQUES,184,5,1138,199,3,22,29,494,24,8,8,33,27,6,1991,0,27,2018,3184
,22,QUERETARO,12,LA CAÑADA,10,EL MARQUES,185,3,699,172,0,7,24,351,54,9,10,28,31,2,1387,0,28,1415,2150
,22,QUERETARO,12,LA CAÑADA,10,EL MARQUES,186,2,358,80,3,0,3,45,1,1,5,4,5,0,505,0,7,512,883
,22,QUERETARO,12,LA CAÑADA,10,EL MARQUES,187,2,442,164,2,2,7,87,6,5,2,1,3,2,723,1,14,738,1071
,22,QUERETARO,12,LA CAÑADA,10,EL MARQUES,188,6,1281,313,11,11,22,284,8,9,9,7,14,2,1971,0,60,2031,3423
,22,QUERETARO,12,LA CAÑADA,10,EL MARQUES,189,4,842,565,12,12,17,321,11,4,14,9,7,3,1817,0,55,1872,2925
,22,QUERETARO,12,LA CAÑADA,10,EL MARQUES,190,6,1018,558,11,10,30,359,6,3,13,10,18,130,2166,0,57,2223,3205
,22,QUERETARO,12,LA CAÑADA,10,EL MARQUES,191,5,1182,284,7,16,27,505,10,12,18,15,6,4,2086,0,60,2146,3557
,22,QUERETARO,12,LA CAÑADA,10,EL MARQUES,192,5,1132,305,10,9,32,302,9,7,10,2,5,1,1824,0,36,1860,3153
,22,QUERETARO,12,LA CAÑADA,10,EL MARQUES,193,3,457,240,13,15,7,222,7,9,15,10,3,2,1000,2,23,1025,1763
,22,QUERETARO,12,LA CAÑADA,10,EL MARQUES,194,3,451,267,1,8,12,186,3,2,7,9,6,0,952,0,38,990,1627
,22,QUERETARO,12,LA CAÑADA,10,EL MARQUES,195,26,6193,1107,44,108,145,1945,39,52,24,49,36,24,9766,1,152,9919,18886
,22,QUERETARO,12,LA CAÑADA,10,EL MARQUES,196,6,950,903,14,18,27,427,7,17,30,17,7,181,2598,0,92,2690,3792
,22,QUERETARO,12,LA CAÑADA,10,EL MARQUES,197,3,581,304,20,13,10,265,4,7,13,4,7,1,1229,0,23,1252,1978
,22,QUERETARO,12,LA CAÑADA,10,EL MARQUES,198,5,961,348,27,9,28,507,4,8,15,12,12,5,1936,0,46,1982,3073
,22,QUERETARO,12,LA CAÑADA,10,EL MARQUES,199,4,850,330,8,15,20,332,13,5,5,11,43,8,1640,0,32,1672,2766
,22,QUERETARO,12,LA CAÑADA,10,EL MARQUES,200,6,947,434,14,12,44,453,19,17,11,12,20,2,1985,1,51,2037,3823
,22,QUERETARO,12,LA CAÑADA,10,EL MARQUES,202,17,1496,586,28,54,94,1382,26,22,22,64,52,1,3827,2,76,3905,12700
,22,QUERETARO,12,LA CAÑADA,10,EL MARQUES,203,13,2040,565,24,71,83,1123,29,22,20,29,49,13,4068,0,70,4138,9018
,22,QUERETARO,12,LA CAÑADA,10,EL MARQUES,204,14,1581,555,11,43,65,959,17,18,24,13,33,209,3528,5,46,3579,9077
,22,QUERETARO,12,LA CAÑADA,10,EL MARQUES,205,18,3024,517,25,83,130,1383,40,23,28,18,53,3,5327,0,84,5411,13292
,22,QUERETARO,12,LA CAÑADA,10,EL MARQUES,206,4,700,243,6,16,28,414,5,10,10,9,8,5,1454,0,20,1474,1968
,22,QUERETARO,12,LA CAÑADA,10,EL MARQUES,207,4,670,300,5,21,17,453,9,4,17,11,8,161,1676,0,31,1707,2824
,22,QUERETARO,12,LA CAÑADA,10,EL MARQUES,208,5,693,494,5,17,23,411,4,7,15,3,18,1,1691,0,34,1725,2880
,22,QUERETARO,12,LA CAÑADA,10,EL MARQUES,209,3,524,348,2,20,12,284,1,6,3,3,13,2,1218,0,17,1235,1990
,22,QUERETARO,10,PEDRO ESCOBEDO,11,PEDRO ESCOBEDO,210,3,563,156,6,38,12,269,2,6,1,13,19,3,1088,1,25,1114,2023
,22,QUERETARO,10,PEDRO ESCOBEDO,11,PEDRO ESCOBEDO,211,2,438,95,3,25,18,208,2,10,5,7,14,0,825,0,7,832,1419
,22,QUERETARO,10,PEDRO ESCOBEDO,11,PEDRO ESCOBEDO,212,6,1012,220,16,52,56,555,9,49,8,35,35,0,2047,0,30,2077,3570
,22,QUERETARO,10,PEDRO ESCOBEDO,11,PEDRO ESCOBEDO,213,3,547,152,6,26,8,276,1,7,4,11,14,3,1055,0,18,1073,1827
,22,QUERETARO,10,PEDRO ESCOBEDO,11,PEDRO ESCOBEDO,214,5,660,172,9,45,32,484,6,14,8,25,43,0,1498,1,22,1521,3089
,22,QUERETARO,10,PEDRO ESCOBEDO,11,PEDRO ESCOBEDO,215,3,635,111,8,24,15,220,4,11,9,13,40,2,1092,1,23,1116,1981
,22,QUERETARO,10,PEDRO ESCOBEDO,11,PEDRO ESCOBEDO,216,4,573,108,10,23,32,401,3,8,9,11,86,2,1266,2,38,1306,2626
,22,QUERETARO,10,PEDRO ESCOBEDO,11,PEDRO ESCOBEDO,217,3,445,134,13,17,33,337,8,7,15,28,45,3,1085,0,19,1104,2208
,22,QUERETARO,10,PEDRO ESCOBEDO,11,PEDRO ESCOBEDO,218,3,423,90,6,21,14,212,5,5,5,8,16,3,808,1,17,826,1538
,22,QUERETARO,10,PEDRO ESCOBEDO,11,PEDRO ESCOBEDO,219,3,534,160,4,32,19,297,5,6,5,13,52,3,1130,0,15,1145,1780
,22,QUERETARO,10,PEDRO ESCOBEDO,11,PEDRO ESCOBEDO,220,3,352,61,13,25,35,393,11,2,6,20,11,0,929,0,27,956,1919
,22,QUERETARO,10,PEDRO ESCOBEDO,11,PEDRO ESCOBEDO,221,4,441,73,11,17,34,369,2,4,5,20,22,6,1004,0,29,1033,2279
,22,QUERETARO,10,PEDRO ESCOBEDO,11,PEDRO ESCOBEDO,222,5,742,236,8,23,66,412,5,8,16,15,33,1,1565,0,24,1589,3057
,22,QUERETARO,10,PEDRO ESCOBEDO,11,PEDRO ESCOBEDO,223,3,640,101,11,32,28,302,7,16,18,31,28,1,1215,0,25,1240,2168
,22,QUERETARO,10,PEDRO ESCOBEDO,11,PEDRO ESCOBEDO,224,4,945,61,6,10,23,426,10,10,0,17,17,4,1529,0,22,1551,2263
,22,QUERETARO,10,PEDRO ESCOBEDO,11,PEDRO ESCOBEDO,225,3,688,57,10,15,10,250,4,4,3,4,27,0,1072,0,14,1086,1707
,22,QUERETARO,10,PEDRO ESCOBEDO,11,PEDRO ESCOBEDO,226,4,545,198,19,24,38,257,4,4,16,20,28,0,1153,0,37,1190,2567
,22,QUERETARO,10,PEDRO ESCOBEDO,11,PEDRO ESCOBEDO,227,4,415,213,16,30,22,320,5,4,22,25,54,0,1126,0,35,1161,2558
,22,QUERETARO,10,PEDRO ESCOBEDO,11,PEDRO ESCOBEDO,228,4,403,191,21,33,29,287,5,10,8,18,51,3,1059,0,26,1085,2935
,22,QUERETARO,10,PEDRO ESCOBEDO,11,PEDRO ESCOBEDO,229,2,254,60,27,18,15,109,3,2,14,9,44,5,560,1,24,585,1340
,22,QUERETARO,10,PEDRO ESCOBEDO,11,PEDRO ESCOBEDO,230,7,1204,314,13,52,48,393,7,28,20,48,41,20,2188,0,75,2263,4206
,22,QUERETARO,10,PEDRO ESCOBEDO,11,PEDRO ESCOBEDO,231,5,540,201,9,42,56,342,6,5,22,21,101,8,1353,1,58,1412,2847
,22,QUERETARO,10,PEDRO ESCOBEDO,11,PEDRO ESCOBEDO,232,1,114,53,2,12,9,65,5,2,5,2,23,0,292,0,8,300,654
,22,QUERETARO,10,PEDRO ESCOBEDO,11,PEDRO ESCOBEDO,233,4,964,94,8,19,23,387,12,6,6,8,28,4,1559,0,18,1577,2842
,22,QUERETARO,15,JALPAN DE SERRA,12,PEÑAMILLER,234,3,962,32,4,19,148,171,3,6,1,3,0,5,1354,0,36,1390,1760
,22,QUERETARO,15,JALPAN DE SERRA,12,PEÑAMILLER,235,1,167,17,0,0,83,39,1,3,0,0,1,2,313,0,15,328,404
,22,QUERETARO,15,JALPAN DE SERRA,12,PEÑAMILLER,236,2,119,6,0,0,42,18,1,0,0,0,0,2,188,2,7,197,305
,22,QUERETARO,15,JALPAN DE SERRA,12,PEÑAMILLER,237,4,903,65,0,4,378,120,0,7,12,1,1,3,1494,0,69,1563,2258
,22,QUERETARO,15,JALPAN DE SERRA,12,PEÑAMILLER,238,1,179,5,2,2,56,74,0,0,0,1,0,0,319,0,12,331,524
,22,QUERETARO,15,JALPAN DE SERRA,12,PEÑAMILLER,239,1,152,7,0,2,94,13,0,4,3,0,0,1,276,0,15,291,460
,22,QUERETARO,15,JALPAN DE SERRA,12,PEÑAMILLER,240,3,553,34,0,1,157,136,0,13,6,8,0,5,913,0,30,943,1229
,22,QUERETARO,15,JALPAN DE SERRA,12,PEÑAMILLER,241,3,448,19,2,2,226,50,2,4,2,1,0,13,769,0,24,793,1167
,22,QUERETARO,15,JALPAN DE SERRA,12,PEÑAMILLER,242,3,315,12,1,4,85,135,0,12,8,1,0,2,575,0,25,600,969
,22,QUERETARO,15,JALPAN DE SERRA,12,PEÑAMILLER,243,1,325,7,0,4,75,89,1,6,1,2,0,0,510,0,8,518,671
,22,QUERETARO,15,JALPAN DE SERRA,12,PEÑAMILLER,244,1,304,13,1,0,104,92,7,2,1,12,0,2,538,0,15,553,714
,22,QUERETARO,15,JALPAN DE SERRA,12,PEÑAMILLER,245,4,940,167,5,18,452,371,0,22,6,5,3,9,1998,1,56,2055,2689
,22,QUERETARO,15,JALPAN DE SERRA,12,PEÑAMILLER,246,1,42,3,0,2,20,17,0,0,0,0,0,0,84,0,4,88,107
,22,QUERETARO,15,JALPAN DE SERRA,12,PEÑAMILLER,247,3,841,40,1,3,291,171,3,1,2,8,0,8,1369,0,26,1395,1750
,22,QUERETARO,15,JALPAN DE SERRA,13,PINAL DE AMOLES,248,4,968,278,3,15,11,127,14,36,3,2,11,3,1471,0,40,1511,1964
,22,QUERETARO,15,JALPAN DE SERRA,13,PINAL DE AMOLES,249,2,419,140,5,1,2,87,0,13,2,0,3,7,679,0,25,704,942
,22,QUERETARO,15,JALPAN DE SERRA,13,PINAL DE AMOLES,250,3,494,131,135,3,6,37,1,6,4,1,27,4,849,0,54,903,1547
,22,QUERETARO,15,JALPAN DE SERRA,13,PINAL DE AMOLES,251,3,638,317,4,2,2,31,2,7,1,3,12,12,1031,0,44,1075,1571
,22,QUERETARO,15,JALPAN DE SERRA,13,PINAL DE AMOLES,252,1,269,97,18,0,0,21,1,2,0,0,19,0,427,0,17,444,735
,22,QUERETARO,15,JALPAN DE SERRA,13,PINAL DE AMOLES,253,4,887,213,74,8,17,181,3,38,2,4,19,16,1462,0,67,1529,2471
,22,QUERETARO,15,JALPAN DE SERRA,13,PINAL DE AMOLES,254,3,469,118,63,7,4,35,2,5,1,0,28,8,740,0,34,774,1318
,22,QUERETARO,15,JALPAN DE SERRA,13,PINAL DE AMOLES,255,1,105,42,2,0,5,23,0,4,0,1,2,0,184,0,8,192,351
,22,QUERETARO,15,JALPAN DE SERRA,13,PINAL DE AMOLES,256,3,292,169,2,1,2,45,3,4,2,0,28,2,550,0,40,590,892
,22,QUERETARO,15,JALPAN DE SERRA,13,PINAL DE AMOLES,257,1,198,62,2,2,1,24,4,8,0,2,0,2,305,0,9,314,434
,22,QUERETARO,15,JALPAN DE SERRA,13,PINAL DE AMOLES,258,2,493,145,4,0,1,38,0,14,1,0,1,8,705,0,32,737,1172
,22,QUERETARO,15,JALPAN DE SERRA,13,PINAL DE AMOLES,259,2,352,130,5,2,3,31,7,8,2,5,1,4,550,0,24,574,1013
,22,QUERETARO,15,JALPAN DE SERRA,13,PINAL DE AMOLES,260,3,425,102,26,5,6,83,1,19,5,1,5,4,682,0,40,722,1332
,22,QUERETARO,15,JALPAN DE SERRA,13,PINAL DE AMOLES,261,3,403,162,55,4,9,69,7,22,7,2,3,8,751,0,55,806,1499
,22,QUERETARO,15,JALPAN DE SERRA,13,PINAL DE AMOLES,262,2,514,256,2,14,5,45,9,22,5,3,2,7,884,0,54,938,1452
,22,QUERETARO,15,JALPAN DE SERRA,13,PINAL DE AMOLES,263,2,213,54,3,1,1,6,5,5,2,0,2,1,293,0,8,301,476
,22,QUERETARO,15,JALPAN DE SERRA,13,PINAL DE AMOLES,264,1,247,73,2,1,4,42,5,20,6,3,1,4,408,0,22,430,640
,22,QUERETARO,15,JALPAN DE SERRA,13,PINAL DE AMOLES,265,2,109,29,0,0,6,4,1,4,0,0,0,53,206,0,2,208,292
,22,QUERETARO,13,SANTA ROSA JAUREGUI,14,QUERETARO,266,6,696,147,7,19,15,387,2,6,12,13,4,6,1314,1,34,1349,3960
,22,QUERETARO,13,SANTA ROSA JAUREGUI,14,QUERETARO,267,4,1077,85,4,20,13,244,7,6,2,7,4,5,1474,1,14,1489,2969
,22,QUERETARO,13,SANTA ROSA JAUREGUI,14,QUERETARO,268,4,1536,50,12,13,5,144,3,12,1,2,3,4,1785,0,11,1796,2505
,22,QUERETARO,3,SANTIAGO DE QUERETARO,14,QUERETARO,269,3,1505,38,13,14,8,115,3,7,2,4,10,2,1721,0,7,1728,2234
,22,QUERETARO,3,SANTIAGO DE QUERETARO,14,QUERETARO,270,16,1236,274,25,58,81,1445,23,21,15,29,32,27,3266,2,90,3358,11418
,22,QUERETARO,3,SANTIAGO DE QUERETARO,14,QUERETARO,272,5,465,93,4,18,32,561,4,5,3,10,26,3,1224,1,32,1257,3433
,22,QUERETARO,3,SANTIAGO DE QUERETARO,14,QUERETARO,274,3,329,77,16,9,20,388,3,8,4,10,11,4,879,6,27,912,1910
,22,QUERETARO,4,SANTIAGO DE QUERETARO,14,QUERETARO,275,3,341,144,5,14,11,317,3,7,8,8,6,0,864,1,32,897,2020
,22,QUERETARO,1,SANTIAGO DE QUERETARO,14,QUERETARO,277,9,1480,333,19,75,56,846,13,23,13,26,19,14,2917,3,65,2985,6470
,22,QUERETARO,1,SANTIAGO DE QUERETARO,14,QUERETARO,278,25,3857,712,40,150,96,2039,47,50,29,49,57,25,7151,3,117,7271,17331
,22,QUERETARO,3,SANTIAGO DE QUERETARO,14,QUERETARO,279,2,280,50,4,19,22,174,4,5,1,14,3,5,581,0,10,591,968
,22,QUERETARO,3,SANTIAGO DE QUERETARO,14,QUERETARO,280,2,386,64,8,10,7,226,6,4,4,2,23,7,747,0,17,764,1398
,22,QUERETARO,3,SANTIAGO DE QUERETARO,14,QUERETARO,281,3,606,103,13,20,22,291,8,6,1,19,28,6,1123,2,36,1161,2214
,22,QUERETARO,3,SANTIAGO DE QUERETARO,14,QUERETARO,282,10,1584,291,20,100,91,1113,16,19,15,28,31,20,3328,3,63,3394,7000
,22,QUERETARO,3,SANTIAGO DE QUERETARO,14,QUERETARO,283,2,333,52,3,14,14,201,3,2,2,4,12,4,644,0,12,656,1127
,22,QUERETARO,3,SANTIAGO DE QUERETARO,14,QUERETARO,284,2,347,52,7,14,17,157,4,7,2,8,5,6,626,0,13,639,1029
,22,QUERETARO,4,SANTIAGO DE QUERETARO,14,QUERETARO,285,3,237,162,1,10,15,231,2,4,6,7,4,0,679,0,19,698,1701
,22,QUERETARO,4,SANTIAGO DE QUERETARO,14,QUERETARO,286,5,354,247,6,17,11,399,8,4,7,11,5,4,1073,0,29,1102,3453
,22,QUERETARO,1,SANTIAGO DE QUERETARO,14,QUERETARO,287,3,277,88,5,15,20,307,6,3,4,7,5,1,738,0,15,753,1510
,22,QUERETARO,1,SANTIAGO DE QUERETARO,14,QUERETARO,288,5,643,165,9,23,22,529,11,10,5,10,11,2,1440,1,30,1471,3031
,22,QUERETARO,3,SANTIAGO DE QUERETARO,14,QUERETARO,289,2,222,48,2,2,5,172,0,4,1,7,9,6,478,0,15,493,948
,22,QUERETARO,3,SANTIAGO DE QUERETARO,14,QUERETARO,290,2,226,49,3,14,8,202,2,0,0,4,6,11,525,1,13,539,1008
,22,QUERETARO,3,SANTIAGO DE QUERETARO,14,QUERETARO,291,3,473,99,3,26,20,373,4,2,4,14,16,6,1040,6,15,1061,1885
,22,QUERETARO,3,SANTIAGO DE QUERETARO,14,QUERETARO,292,2,293,51,5,10,7,236,5,4,2,5,8,5,631,0,19,650,1202
,22,QUERETARO,3,SANTIAGO DE QUERETARO,14,QUERETARO,294,2,230,49,3,16,8,168,6,6,5,5,4,3,503,0,13,516,975
,22,QUERETARO,4,SANTIAGO DE QUERETARO,14,QUERETARO,295,5,429,201,13,20,39,448,8,6,9,19,6,9,1207,0,35,1242,3518
,22,QUERETARO,1,SANTIAGO DE QUERETARO,14,QUERETARO,296,2,231,68,5,19,13,268,3,2,3,11,4,3,630,2,14,646,1485
,22,QUERETARO,3,SANTIAGO DE QUERETARO,14,QUERETARO,297,2,351,62,14,25,18,257,7,6,1,4,16,4,765,0,16,781,1418
,22,QUERETARO,3,SANTIAGO DE QUERETARO,14,QUERETARO,298,2,317,34,3,7,17,221,1,7,5,4,3,8,627,0,30,657,1119
,22,QUERETARO,3,SANTIAGO DE QUERETARO,14,QUERETARO,299,2,307,44,7,17,6,205,4,7,2,2,13,2,616,0,22,638,1124
,22,QUERETARO,3,SANTIAGO DE QUERETARO,14,QUERETARO,300,6,710,240,11,25,23,611,7,14,5,11,24,18,1699,2,30,1731,3961
,22,QUERETARO,3,SANTIAGO DE QUERETARO,14,QUERETARO,301,2,337,62,3,17,16,218,7,6,1,3,4,14,688,0,18,706,1268
,22,QUERETARO,3,SANTIAGO DE QUERETARO,14,QUERETARO,302,3,455,77,12,16,15,267,6,5,4,10,15,7,889,1,17,907,1515
,22,QUERETARO,1,SANTIAGO DE QUERETARO,14,QUERETARO,303,8,1300,250,14,53,48,793,14,13,17,23,18,11,2554,5,48,2607,5449
,22,QUERETARO,4,SANTIAGO DE QUERETARO,14,QUERETARO,304,4,369,169,8,18,30,399,13,5,6,7,6,7,1037,1,30,1068,2723
,22,QUERETARO,1,SANTIAGO DE QUERETARO,14,QUERETARO,305,7,981,256,17,53,41,644,14,10,12,11,17,6,2062,3,53,2118,4509
,22,QUERETARO,2,SANTIAGO DE QUERETARO,14,QUERETARO,306,2,297,55,2,12,8,191,4,5,4,6,10,2,596,3,14,613,1021
,22,QUERETARO,2,SANTIAGO DE QUERETARO,14,QUERETARO,307,2,279,30,4,6,6,171,2,7,1,2,10,2,520,0,8,528,1024
,22,QUERETARO,3,SANTIAGO DE QUERETARO,14,QUERETARO,308,7,1146,194,12,53,47,751,10,14,12,17,15,12,2283,4,46,2333,5003
,22,QUERETARO,2,SANTIAGO DE QUERETARO,14,QUERETARO,309,2,268,63,4,13,16,192,7,6,6,6,2,1,584,0,12,596,1127
,22,QUERETARO,2,SANTIAGO DE QUERETARO,14,QUERETARO,310,2,304,47,9,16,7,214,3,4,4,1,4,7,620,1,17,638,1216
,22,QUERETARO,2,SANTIAGO DE QUERETARO,14,QUERETARO,311,2,195,39,1,8,11,118,3,3,1,5,4,4,392,0,11,403,945
,22,QUERETARO,2,SANTIAGO DE QUERETARO,14,QUERETARO,312,2,251,45,7,10,15,213,6,2,3,3,10,3,568,0,18,586,1204
,22,QUERETARO,4,SANTIAGO DE QUERETARO,14,QUERETARO,313,4,1416,75,7,20,18,199,1,4,6,10,7,6,1769,4,20,1793,2667
,22,QUERETARO,2,SANTIAGO DE QUERETARO,14,QUERETARO,314,2,304,46,2,11,16,142,2,5,6,4,5,2,545,0,11,556,1131
,22,QUERETARO,2,SANTIAGO DE QUERETARO,14,QUERETARO,315,2,292,40,4,11,20,203,2,1,5,4,4,7,593,1,18,612,1137
,22,QUERETARO,2,SANTIAGO DE QUERETARO,14,QUERETARO,316,4,512,95,10,22,34,415,11,10,9,9,14,6,1147,1,30,1178,2524
,22,QUERETARO,2,SANTIAGO DE QUERETARO,14,QUERETARO,317,2,258,40,2,19,6,181,1,7,6,4,3,0,527,0,6,533,1006
,22,QUERETARO,1,SANTIAGO DE QUERETARO,14,QUERETARO,318,7,1172,231,10,50,53,650,16,9,7,23,17,11,2249,0,39,2288,4913
,22,QUERETARO,1,SANTIAGO DE QUERETARO,14,QUERETARO,319,7,1097,205,17,40,34,692,9,8,11,18,17,4,2152,6,41,2199,4551
,22,QUERETARO,1,SANTIAGO DE QUERETARO,14,QUERETARO,320,4,691,120,9,29,17,333,4,4,4,11,3,4,1229,1,32,1262,2486
,22,QUERETARO,2,SANTIAGO DE QUERETARO,14,QUERETARO,321,3,450,73,3,19,15,241,3,6,5,7,1,2,825,0,11,836,1636
,22,QUERETARO,2,SANTIAGO DE QUERETARO,14,QUERETARO,322,2,244,37,7,14,11,196,2,6,5,8,2,0,532,0,11,543,1024
,22,QUERETARO,2,SANTIAGO DE QUERETARO,14,QUERETARO,323,14,2005,370,22,87,89,1236,25,30,47,35,18,12,3976,0,71,4047,9758
,22,QUERETARO,2,SANTIAGO DE QUERETARO,14,QUERETARO,324,2,275,34,2,8,8,145,1,1,4,1,7,0,486,0,10,496,910
,22,QUERETARO,2,SANTIAGO DE QUERETARO,14,QUERETARO,325,2,284,43,7,13,1,169,1,1,3,3,5,1,531,0,18,549,927
,22,QUERETARO,1,SANTIAGO DE QUERETARO,14,QUERETARO,326,4,368,152,7,19,22,282,7,8,10,9,8,5,897,0,23,920,2302
,22,QUERETARO,1,SANTIAGO DE QUERETARO,14,QUERETARO,327,5,963,132,15,36,21,482,9,11,13,11,9,5,1707,7,20,1734,3467
,22,QUERETARO,1,SANTIAGO DE QUERETARO,14,QUERETARO,328,5,796,157,7,36,34,429,12,9,9,11,10,3,1513,1,30,1544,3144
,22,QUERETARO,2,SANTIAGO DE QUERETARO,14,QUERETARO,329,4,507,84,7,32,38,398,6,7,2,17,12,9,1119,1,27,1147,2326
,22,QUERETARO,2,SANTIAGO DE QUERETARO,14,QUERETARO,330,2,287,73,2,21,12,221,0,9,3,5,9,0,642,1,10,653,1346
,22,QUERETARO,2,SANTIAGO DE QUERETARO,14,QUERETARO,331,4,399,98,9,25,26,463,8,7,27,7,7,2,1078,0,20,1098,2650
,22,QUERETARO,1,SANTIAGO DE QUERETARO,14,QUERETARO,332,3,254,104,9,12,15,252,4,8,5,7,6,2,678,1,14,693,1659
,22,QUERETARO,4,SANTIAGO DE QUERETARO,14,QUERETARO,333,3,907,44,0,16,2,104,2,11,2,5,1,2,1096,0,8,1104,1515
,22,QUERETARO,4,SANTIAGO DE QUERETARO,14,QUERETARO,334,3,878,50,5,12,11,124,3,4,0,7,2,7,1103,0,8,1111,1663
,22,QUERETARO,4,SANTIAGO DE QUERETARO,14,QUERETARO,335,2,240,74,3,10,15,156,1,1,2,8,3,4,517,0,6,523,1264
,22,QUERETARO,4,SANTIAGO DE QUERETARO,14,QUERETARO,336,3,306,103,6,13,14,259,8,4,6,21,5,28,773,0,29,802,2036
,22,QUERETARO,4,SANTIAGO DE QUERETARO,14,QUERETARO,337,2,565,62,5,10,12,166,2,5,3,6,2,5,843,1,16,860,1488
,22,QUERETARO,1,SANTIAGO DE QUERETARO,14,QUERETARO,338,4,1293,115,4,24,15,293,5,10,3,13,5,11,1791,4,23,1818,2955
,22,QUERETARO,2,SANTIAGO DE QUERETARO,14,QUERETARO,339,2,283,40,3,10,7,161,0,6,5,4,0,3,522,1,13,536,1005
,22,QUERETARO,2,SANTIAGO DE QUERETARO,14,QUERETARO,340,4,409,103,6,30,34,464,8,2,7,10,9,7,1089,2,31,1122,2600
,22,QUERETARO,2,SANTIAGO DE QUERETARO,14,QUERETARO,341,2,292,79,4,8,9,232,3,2,6,10,4,2,651,0,11,662,1297
,22,QUERETARO,2,SANTIAGO DE QUERETARO,14,QUERETARO,342,2,248,33,3,6,9,147,4,3,1,4,3,7,468,0,10,478,867
,22,QUERETARO,2,SANTIAGO DE QUERETARO,14,QUERETARO,343,5,1041,200,14,39,22,489,7,15,5,9,10,12,1863,0,29,1892,3403
,22,QUERETARO,2,SANTIAGO DE QUERETARO,14,QUERETARO,344,7,994,231,18,42,48,715,14,18,9,25,7,15,2136,2,55,2193,4554
,22,QUERETARO,2,SANTIAGO DE QUERETARO,14,QUERETARO,345,4,391,123,11,22,22,399,7,8,12,15,6,8,1024,3,30,1057,2423
,22,QUERETARO,2,SANTIAGO DE QUERETARO,14,QUERETARO,346,3,351,121,7,15,13,351,2,4,6,12,5,10,897,10,6,913,1938
,22,QUERETARO,1,SANTIAGO DE QUERETARO,14,QUERETARO,347,2,441,66,6,13,16,182,1,4,1,4,4,13,751,0,17,768,1417
,22,QUERETARO,1,SANTIAGO DE QUERETARO,14,QUERETARO,348,2,355,78,4,10,10,214,11,4,5,9,2,0,702,1,20,723,1218
,22,QUERETARO,1,SANTIAGO DE QUERETARO,14,QUERETARO,349,3,705,65,6,18,7,209,6,8,11,7,3,2,1047,2,15,1064,1809
,22,QUERETARO,1,SANTIAGO DE QUERETARO,14,QUERETARO,350,2,259,59,3,9,12,185,3,1,2,4,0,0,537,0,17,554,1134
,22,QUERETARO,4,SANTIAGO DE QUERETARO,14,QUERETARO,351,2,679,33,1,2,6,66,0,7,1,4,2,0,801,0,6,807,1036
,22,QUERETARO,4,SANTIAGO DE QUERETARO,14,QUERETARO,352,2,581,76,1,10,3,86,7,1,1,2,3,1,772,2,10,784,1366
,22,QUERETARO,4,SANTIAGO DE QUERETARO,14,QUERETARO,353,9,3717,141,23,38,32,516,7,34,5,23,13,11,4560,6,34,4600,6544
,22,QUERETARO,1,SANTIAGO DE QUERETARO,14,QUERETARO,354,2,269,60,3,6,8,171,3,4,2,6,4,1,537,2,14,553,1094
,22,QUERETARO,2,SANTIAGO DE QUERETARO,14,QUERETARO,355,2,274,91,5,14,19,269,5,8,2,4,1,0,692,1,13,706,1393
,22,QUERETARO,2,SANTIAGO DE QUERETARO,14,QUERETARO,356,3,514,77,5,30,21,294,5,6,7,12,9,9,989,1,24,1014,1948
,22,QUERETARO,2,SANTIAGO DE QUERETARO,14,QUERETARO,357,3,644,78,11,25,20,293,4,8,12,7,3,7,1112,2,19,1133,2246
,22,QUERETARO,2,SANTIAGO DE QUERETARO,14,QUERETARO,358,2,324,27,3,10,8,111,1,3,4,7,2,4,504,0,9,513,798
,22,QUERETARO,2,SANTIAGO DE QUERETARO,14,QUERETARO,359,5,1105,125,9,28,34,489,8,11,8,21,10,9,1857,0,23,1880,3287
,22,QUERETARO,2,SANTIAGO DE QUERETARO,14,QUERETARO,360,3,388,114,4,14,28,325,10,6,2,4,5,4,904,1,17,922,1875
,22,QUERETARO,1,SANTIAGO DE QUERETARO,14,QUERETARO,361,2,220,51,7,14,7,162,4,5,3,11,6,2,492,2,14,508,991
,22,QUERETARO,1,SANTIAGO DE QUERETARO,14,QUERETARO,362,2,211,55,11,6,14,173,3,11,7,4,4,8,507,0,11,518,1035
,22,QUERETARO,1,SANTIAGO DE QUERETARO,14,QUERETARO,363,2,224,75,2,13,9,188,4,2,3,3,0,4,527,0,10,537,1227
,22,QUERETARO,4,SANTIAGO DE QUERETARO,14,QUERETARO,364,3,861,72,4,10,7,160,6,5,3,7,4,6,1145,0,10,1155,1663
,22,QUERETARO,1,SANTIAGO DE QUERETARO,14,QUERETARO,365,2,187,35,7,4,6,142,2,5,5,0,3,1,397,1,8,406,918
,22,QUERETARO,1,SANTIAGO DE QUERETARO,14,QUERETARO,366,1,135,46,3,5,6,98,5,0,2,5,0,5,310,0,8,318,606
,22,QUERETARO,1,SANTIAGO DE QUERETARO,14,QUERETARO,367,1,177,41,3,4,3,92,1,0,4,3,1,4,333,0,6,339,644
,22,QUERETARO,1,SANTIAGO DE QUERETARO,14,QUERETARO,368,2,301,53,9,12,14,226,4,3,4,5,6,9,646,1,8,655,1202
,22,QUERETARO,1,SANTIAGO DE QUERETARO,14,QUERETARO,369,2,443,49,3,7,11,137,1,4,1,5,2,3,666,0,17,683,958
,22,QUERETARO,1,SANTIAGO DE QUERETARO,14,QUERETARO,370,2,291,44,3,4,9,116,0,6,1,2,0,0,476,0,13,489,836
,22,QUERETARO,1,SANTIAGO DE QUERETARO,14,QUERETARO,371,2,221,59,2,9,8,179,1,3,2,8,2,2,496,0,9,505,911
,22,QUERETARO,4,SANTIAGO DE QUERETARO,14,QUERETARO,372,3,570,125,6,14,24,323,11,5,4,9,4,6,1101,1,21,1123,1974
,22,QUERETARO,4,SANTIAGO DE QUERETARO,14,QUERETARO,373,3,372,147,6,17,21,318,9,4,8,9,3,3,917,0,31,948,1959
,22,QUERETARO,4,SANTIAGO DE QUERETARO,14,QUERETARO,374,2,562,28,0,9,15,113,0,7,2,4,1,8,749,1,8,758,1071
,22,QUERETARO,4,SANTIAGO DE QUERETARO,14,QUERETARO,375,2,629,54,9,6,8,154,1,3,2,4,7,3,880,0,8,888,1378
,22,QUERETARO,4,SANTIAGO DE QUERETARO,14,QUERETARO,376,2,311,56,5,12,14,187,6,1,4,1,3,2,602,1,13,616,1280
,22,QUERETARO,4,SANTIAGO DE QUERETARO,14,QUERETARO,377,2,298,70,2,18,5,179,5,2,6,3,4,4,596,0,23,619,1188
,22,QUERETARO,1,SANTIAGO DE QUERETARO,14,QUERETARO,378,1,161,41,1,10,5,99,2,6,2,4,2,4,337,0,11,348,654
,22,QUERETARO,1,SANTIAGO DE QUERETARO,14,QUERETARO,379,2,282,57,1,7,6,127,3,6,2,1,3,5,500,0,12,512,814
,22,QUERETARO,1,SANTIAGO DE QUERETARO,14,QUERETARO,380,2,402,70,5,11,12,203,4,3,4,8,1,8,731,0,10,741,1299
,22,QUERETARO,2,SANTIAGO DE QUERETARO,14,QUERETARO,381,5,939,138,12,41,33,554,7,20,15,17,12,10,1798,4,26,1828,3437
,22,QUERETARO,1,SANTIAGO DE QUERETARO,14,QUERETARO,382,2,524,65,3,13,20,193,9,5,1,7,1,3,844,1,11,856,1296
,22,QUERETARO,1,SANTIAGO DE QUERETARO,14,QUERETARO,383,2,364,36,3,18,6,126,6,2,3,8,2,0,574,1,13,588,844
,22,QUERETARO,1,SANTIAGO DE QUERETARO,14,QUERETARO,384,2,268,32,1,2,9,105,6,3,1,3,1,2,433,1,7,441,769
,22,QUERETARO,4,SANTIAGO DE QUERETARO,14,QUERETARO,385,1,205,28,2,6,11,126,2,5,0,4,2,0,391,2,8,401,711
,22,QUERETARO,5,SANTIAGO DE QUERETARO,14,QUERETARO,386,2,291,83,5,14,17,295,7,4,9,10,9,3,747,0,17,764,1442
,22,QUERETARO,4,SANTIAGO DE QUERETARO,14,QUERETARO,387,2,356,63,4,12,8,260,2,1,7,8,4,0,725,1,10,736,1238
,22,QUERETARO,4,SANTIAGO DE QUERETARO,14,QUERETARO,388,2,385,56,4,10,20,214,5,4,5,4,1,0,708,0,8,716,1226
,22,QUERETARO,4,SANTIAGO DE QUERETARO,14,QUERETARO,389,2,583,37,2,3,7,96,4,6,1,0,1,2,742,2,10,754,1180
,22,QUERETARO,4,SANTIAGO DE QUERETARO,14,QUERETARO,390,1,233,21,0,10,8,75,2,0,1,9,6,4,369,0,4,373,626
,22,QUERETARO,1,SANTIAGO DE QUERETARO,14,QUERETARO,391,1,181,42,3,3,4,72,3,5,8,7,2,1,331,1,5,337,558
,22,QUERETARO,1,SANTIAGO DE QUERETARO,14,QUERETARO,392,2,392,63,5,6,9,118,5,11,1,5,5,1,621,1,18,640,1014
,22,QUERETARO,1,SANTIAGO DE QUERETARO,14,QUERETARO,393,3,646,59,8,15,11,228,5,4,7,4,3,7,997,0,8,1005,1649
,22,QUERETARO,1,SANTIAGO DE QUERETARO,14,QUERETARO,394,2,298,109,12,10,9,199,2,4,2,5,4,1,655,0,14,669,1313
,22,QUERETARO,2,SANTIAGO DE QUERETARO,14,QUERETARO,395,3,322,84,5,20,21,303,7,7,7,9,7,5,797,1,24,822,1864
,22,QUERETARO,2,SANTIAGO DE QUERETARO,14,QUERETARO,396,2,174,48,3,9,11,204,3,3,5,4,9,1,474,0,13,487,1194
,22,QUERETARO,2,SANTIAGO DE QUERETARO,14,QUERETARO,397,3,366,80,8,10,14,249,8,6,3,8,5,4,761,2,15,778,1775
,22,QUERETARO,1,SANTIAGO DE QUERETARO,14,QUERETARO,398,1,152,59,3,5,1,90,4,1,5,5,2,0,327,0,6,333,611
,22,QUERETARO,4,SANTIAGO DE QUERETARO,14,QUERETARO,399,2,362,49,2,9,11,112,2,6,4,3,4,2,566,0,7,573,1018
,22,QUERETARO,4,SANTIAGO DE QUERETARO,14,QUERETARO,400,1,212,26,2,8,7,102,4,2,3,0,0,3,369,1,4,374,653
,22,QUERETARO,4,SANTIAGO DE QUERETARO,14,QUERETARO,401,2,400,36,2,8,7,104,1,2,1,4,3,0,568,0,14,582,883
,22,QUERETARO,4,SANTIAGO DE QUERETARO,14,QUERETARO,402,2,529,38,0,6,7,105,2,0,2,2,0,8,699,3,7,709,962
,22,QUERETARO,4,SANTIAGO DE QUERETARO,14,QUERETARO,403,2,596,30,2,3,7,104,1,8,0,0,3,1,755,1,8,764,1063
,22,QUERETARO,5,SANTIAGO DE QUERETARO,14,QUERETARO,404,12,4666,202,18,59,41,597,8,28,6,10,9,3,5647,1,40,5688,8964
,22,QUERETARO,5,SANTIAGO DE QUERETARO,14,QUERETARO,405,2,547,22,2,5,9,73,0,5,0,2,3,2,670,0,5,675,892
,22,QUERETARO,5,SANTIAGO DE QUERETARO,14,QUERETARO,406,1,190,25,1,4,11,116,1,7,1,1,0,0,357,0,7,364,618
,22,QUERETARO,4,SANTIAGO DE QUERETARO,14,QUERETARO,407,2,459,50,1,7,13,166,2,5,3,10,5,3,724,1,17,742,1189
,22,QUERETARO,5,SANTIAGO DE QUERETARO,14,QUERETARO,408,2,290,58,2,11,19,195,5,5,1,4,10,2,602,2,10,614,1222
,22,QUERETARO,5,SANTIAGO DE QUERETARO,14,QUERETARO,409,1,137,23,0,2,3,49,1,3,0,0,2,0,220,1,7,228,379
,22,QUERETARO,4,SANTIAGO DE QUERETARO,14,QUERETARO,410,2,470,25,3,15,7,91,2,1,1,0,8,5,628,1,7,636,1019
,22,QUERETARO,1,SANTIAGO DE QUERETARO,14,QUERETARO,411,1,220,18,1,6,7,60,2,1,3,1,2,0,321,2,4,327,494
,22,QUERETARO,1,SANTIAGO DE QUERETARO,14,QUERETARO,412,1,225,38,1,9,3,60,5,2,1,3,4,0,351,0,8,359,606
,22,QUERETARO,1,SANTIAGO DE QUERETARO,14,QUERETARO,413,2,286,33,2,12,11,96,5,2,0,3,1,0,451,1,6,458,792
,22,QUERETARO,1,SANTIAGO DE QUERETARO,14,QUERETARO,414,2,239,47,1,9,9,118,4,1,0,4,3,3,438,0,5,443,751
,22,QUERETARO,1,SANTIAGO DE QUERETARO,14,QUERETARO,415,2,344,56,2,14,5,91,1,4,3,1,3,2,526,0,6,532,860
,22,QUERETARO,2,SANTIAGO DE QUERETARO,14,QUERETARO,416,4,387,163,12,24,26,393,7,4,7,5,2,1,1031,1,19,1051,2869
,22,QUERETARO,1,SANTIAGO DE QUERETARO,14,QUERETARO,417,2,327,36,2,7,8,111,5,4,1,0,0,0,501,0,6,507,790
,22,QUERETARO,1,SANTIAGO DE QUERETARO,14,QUERETARO,418,2,320,43,1,13,8,114,4,1,4,3,5,0,516,1,8,525,937
,22,QUERETARO,1,SANTIAGO DE QUERETARO,14,QUERETARO,419,1,210,20,2,2,7,70,3,5,2,3,1,2,327,0,5,332,614
,22,QUERETARO,5,SANTIAGO DE QUERETARO,14,QUERETARO,420,2,645,40,2,8,14,66,4,3,0,4,4,3,793,3,6,802,1086
,22,QUERETARO,5,SANTIAGO DE QUERETARO,14,QUERETARO,421,2,280,44,6,14,20,171,3,2,3,7,7,3,560,1,10,571,1046
,22,QUERETARO,5,SANTIAGO DE QUERETARO,14,QUERETARO,422,2,264,39,6,12,10,149,2,3,1,4,3,0,493,1,8,502,951
,22,QUERETARO,5,SANTIAGO DE QUERETARO,14,QUERETARO,423,1,222,32,4,10,3,94,2,3,5,1,3,1,380,0,7,387,698
,22,QUERETARO,5,SANTIAGO DE QUERETARO,14,QUERETARO,424,2,258,39,1,10,8,84,4,4,0,5,0,2,415,5,10,430,765
,22,QUERETARO,5,SANTIAGO DE QUERETARO,14,QUERETARO,425,2,417,31,0,11,5,122,2,3,2,2,3,3,601,1,9,611,1009
,22,QUERETARO,1,SANTIAGO DE QUERETARO,14,QUERETARO,426,2,425,37,9,11,8,137,9,4,1,5,6,6,658,2,18,678,1229
,22,QUERETARO,6,SANTIAGO DE QUERETARO,14,QUERETARO,427,6,1754,123,17,42,27,376,13,11,4,13,10,11,2401,4,25,2430,3867
,22,QUERETARO,6,SANTIAGO DE QUERETARO,14,QUERETARO,428,2,376,53,2,8,10,131,10,4,2,3,2,3,604,1,15,620,1005
,22,QUERETARO,1,SANTIAGO DE QUERETARO,14,QUERETARO,429,2,288,41,2,12,11,129,5,5,2,2,1,0,498,0,12,510,908
,22,QUERETARO,1,SANTIAGO DE QUERETARO,14,QUERETARO,430,2,432,39,2,13,9,161,8,8,2,7,2,2,685,1,17,703,1140
,22,QUERETARO,5,SANTIAGO DE QUERETARO,14,QUERETARO,431,2,207,25,2,8,7,125,4,3,1,5,4,2,393,0,5,398,799
,22,QUERETARO,5,SANTIAGO DE QUERETARO,14,QUERETARO,432,1,221,45,3,8,7,100,1,3,1,5,2,2,398,1,7,406,735
,22,QUERETARO,5,SANTIAGO DE QUERETARO,14,QUERETARO,433,1,177,30,8,7,15,120,4,4,0,1,2,0,368,0,6,374,728
,22,QUERETARO,5,SANTIAGO DE QUERETARO,14,QUERETARO,434,2,300,34,1,11,8,112,9,5,0,10,5,3,498,1,5,504,1027
,22,QUERETARO,6,SANTIAGO DE QUERETARO,14,QUERETARO,435,10,2497,293,34,65,48,748,12,28,16,25,18,7,3791,3,42,3836,6936
,22,QUERETARO,6,SANTIAGO DE QUERETARO,14,QUERETARO,436,2,314,34,6,9,9,117,3,3,2,1,8,8,514,2,11,527,877
,22,QUERETARO,6,SANTIAGO DE QUERETARO,14,QUERETARO,437,2,471,66,7,8,17,185,1,5,2,3,6,0,771,1,21,793,1469
,22,QUERETARO,5,SANTIAGO DE QUERETARO,14,QUERETARO,438,2,274,33,3,6,8,89,0,4,2,0,7,1,427,0,8,435,796
,22,QUERETARO,5,SANTIAGO DE QUERETARO,14,QUERETARO,439,2,489,36,6,10,11,113,5,6,0,3,6,1,686,0,14,700,1145
,22,QUERETARO,5,SANTIAGO DE QUERETARO,14,QUERETARO,440,2,624,22,2,11,13,161,1,3,3,6,2,5,853,0,9,862,1315
,22,QUERETARO,5,SANTIAGO DE QUERETARO,14,QUERETARO,441,2,685,51,4,9,12,175,4,7,0,7,7,0,961,0,12,973,1343
,22,QUERETARO,5,SANTIAGO DE QUERETARO,14,QUERETARO,442,2,545,59,5,10,7,166,5,1,2,2,4,3,809,1,7,817,1273
,22,QUERETARO,5,SANTIAGO DE QUERETARO,14,QUERETARO,443,2,432,73,1,11,18,170,1,8,2,10,2,5,733,1,13,747,1238
,22,QUERETARO,5,SANTIAGO DE QUERETARO,14,QUERETARO,444,2,420,77,9,21,16,232,2,2,3,4,3,8,797,0,12,809,1308
,22,QUERETARO,5,SANTIAGO DE QUERETARO,14,QUERETARO,445,3,639,65,1,24,17,200,9,9,3,6,13,6,992,4,21,1017,1515
,22,QUERETARO,5,SANTIAGO DE QUERETARO,14,QUERETARO,446,2,677,42,6,13,11,137,3,6,3,5,1,2,906,1,12,919,1438
,22,QUERETARO,6,SANTIAGO DE QUERETARO,14,QUERETARO,447,2,306,50,3,9,7,174,2,5,4,4,4,3,571,0,20,591,1075
,22,QUERETARO,6,SANTIAGO DE QUERETARO,14,QUERETARO,448,2,543,42,0,21,11,152,3,5,0,7,0,0,784,0,12,796,1356
,22,QUERETARO,6,SANTIAGO DE QUERETARO,14,QUERETARO,449,2,432,26,2,9,9,108,4,3,3,11,5,1,613,1,7,621,976
,22,QUERETARO,6,SANTIAGO DE QUERETARO,14,QUERETARO,450,2,546,53,1,11,17,157,0,5,2,5,6,2,805,0,10,815,1183
,22,QUERETARO,6,SANTIAGO DE QUERETARO,14,QUERETARO,451,2,421,25,1,2,6,80,1,4,0,1,3,7,551,0,7,558,835
,22,QUERETARO,6,SANTIAGO DE QUERETARO,14,QUERETARO,452,2,380,84,3,7,17,155,5,4,5,6,3,9,678,0,6,684,1298
,22,QUERETARO,5,SANTIAGO DE QUERETARO,14,QUERETARO,453,2,459,20,6,8,3,83,3,2,1,1,3,0,589,1,5,595,889
,22,QUERETARO,5,SANTIAGO DE QUERETARO,14,QUERETARO,454,2,572,29,3,6,4,75,0,3,0,1,3,1,697,2,8,707,1080
,22,QUERETARO,5,SANTIAGO DE QUERETARO,14,QUERETARO,455,2,439,78,5,13,17,231,2,5,1,7,2,219,1019,0,17,1036,1384
,22,QUERETARO,5,SANTIAGO DE QUERETARO,14,QUERETARO,456,2,585,34,0,13,20,129,4,5,1,3,4,4,802,0,11,813,1200
,22,QUERETARO,5,SANTIAGO DE QUERETARO,14,QUERETARO,457,2,589,47,2,8,12,146,3,4,3,5,4,3,826,0,69,895,1205
,22,QUERETARO,5,SANTIAGO DE QUERETARO,14,QUERETARO,458,2,458,69,6,10,7,220,1,5,3,6,8,5,798,0,24,822,1411
,22,QUERETARO,5,SANTIAGO DE QUERETARO,14,QUERETARO,459,2,431,35,5,10,4,108,2,6,1,5,4,3,614,2,15,631,908
,22,QUERETARO,6,SANTIAGO DE QUERETARO,14,QUERETARO,460,2,639,20,4,16,6,83,4,2,1,1,5,11,792,0,8,800,1123
,22,QUERETARO,6,SANTIAGO DE QUERETARO,14,QUERETARO,461,2,319,52,3,10,16,156,1,6,2,2,4,6,577,0,11,588,1156
,22,QUERETARO,6,SANTIAGO DE QUERETARO,14,QUERETARO,462,2,257,60,2,6,10,132,1,0,2,3,4,0,477,0,19,496,1065
,22,QUERETARO,5,SANTIAGO DE QUERETARO,14,QUERETARO,463,2,665,42,1,12,15,181,6,0,3,7,2,0,934,0,7,941,1441
,22,QUERETARO,5,SANTIAGO DE QUERETARO,14,QUERETARO,464,2,429,56,4,10,16,142,1,6,0,6,5,5,680,0,11,691,1141
,22,QUERETARO,5,SANTIAGO DE QUERETARO,14,QUERETARO,465,2,329,57,1,7,18,213,4,4,2,8,6,0,649,0,18,667,1213
,22,QUERETARO,5,SANTIAGO DE QUERETARO,14,QUERETARO,466,6,1305,132,12,30,33,378,4,48,6,19,16,328,2311,1,23,2335,2067
,22,QUERETARO,5,SANTIAGO DE QUERETARO,14,QUERETARO,467,2,375,61,1,8,9,127,4,2,3,2,5,4,601,0,11,612,1110
,22,QUERETARO,6,SANTIAGO DE QUERETARO,14,QUERETARO,468,2,680,24,0,10,8,118,4,4,2,3,4,6,863,1,7,871,1343
,22,QUERETARO,6,SANTIAGO DE QUERETARO,14,QUERETARO,469,2,469,25,4,7,3,89,2,3,1,4,2,4,613,0,7,620,919
,22,QUERETARO,6,SANTIAGO DE QUERETARO,14,QUERETARO,470,2,511,49,5,10,7,133,2,3,3,6,5,0,734,0,12,746,1132
,22,QUERETARO,6,SANTIAGO DE QUERETARO,14,QUERETARO,471,2,208,56,1,11,7,137,3,1,3,3,2,0,432,1,15,448,997
,22,QUERETARO,5,SANTIAGO DE QUERETARO,14,QUERETARO,472,2,325,65,3,9,15,146,4,3,4,5,1,1,581,1,22,604,1285
,22,QUERETARO,5,SANTIAGO DE QUERETARO,14,QUERETARO,473,2,282,43,4,7,16,154,2,3,2,6,4,285,808,0,13,821,1022
,22,QUERETARO,5,SANTIAGO DE QUERETARO,14,QUERETARO,474,2,495,35,0,12,23,136,3,4,4,3,2,8,725,2,12,739,1123
,22,QUERETARO,5,SANTIAGO DE QUERETARO,14,QUERETARO,475,8,2257,194,15,54,49,674,7,20,12,27,12,27,3348,3,46,3397,5998
,22,QUERETARO,5,SANTIAGO DE QUERETARO,14,QUERETARO,476,2,459,57,3,8,8,170,6,1,3,7,2,9,733,1,15,749,1118
,22,QUERETARO,5,SANTIAGO DE QUERETARO,14,QUERETARO,477,3,311,75,5,10,14,217,7,0,5,3,9,6,662,0,13,675,1524
,22,QUERETARO,5,SANTIAGO DE QUERETARO,14,QUERETARO,478,2,239,68,6,4,10,142,2,4,4,10,3,4,496,1,18,515,1117
,22,QUERETARO,6,SANTIAGO DE QUERETARO,14,QUERETARO,479,2,305,88,7,9,13,179,5,6,3,11,6,0,632,0,18,650,1354
,22,QUERETARO,6,SANTIAGO DE QUERETARO,14,QUERETARO,480,3,319,61,3,12,17,204,5,3,2,9,3,1,639,0,13,652,1503
,22,QUERETARO,6,SANTIAGO DE QUERETARO,14,QUERETARO,481,4,982,75,4,24,23,358,6,7,3,9,8,2,1501,0,17,1518,2416
,22,QUERETARO,6,SANTIAGO DE QUERETARO,14,QUERETARO,482,2,512,22,4,13,7,133,2,6,4,6,5,6,720,0,12,732,1098
,22,QUERETARO,6,SANTIAGO DE QUERETARO,14,QUERETARO,483,6,2091,129,10,51,42,451,18,17,7,12,10,6,2844,2,25,2871,4364
,22,QUERETARO,6,SANTIAGO DE QUERETARO,14,QUERETARO,484,2,616,33,2,5,8,111,1,0,1,1,4,2,784,0,15,799,1133
,22,QUERETARO,6,SANTIAGO DE QUERETARO,14,QUERETARO,485,1,502,20,2,4,1,43,1,0,0,3,0,2,578,1,1,580,737
,22,QUERETARO,6,SANTIAGO DE QUERETARO,14,QUERETARO,486,3,346,99,12,14,21,224,4,3,6,4,6,5,744,0,19,763,1564
,22,QUERETARO,6,SANTIAGO DE QUERETARO,14,QUERETARO,487,2,295,95,6,12,15,206,7,3,3,5,6,6,659,0,19,678,1471
,22,QUERETARO,5,SANTIAGO DE QUERETARO,14,QUERETARO,488,3,372,84,11,22,25,307,7,10,10,7,6,3,864,0,25,889,2044
,22,QUERETARO,5,SANTIAGO DE QUERETARO,14,QUERETARO,489,2,223,57,5,12,15,189,0,4,7,4,0,1,517,0,14,531,1259
,22,QUERETARO,5,SANTIAGO DE QUERETARO,14,QUERETARO,490,2,252,72,3,17,13,212,2,3,16,2,6,4,602,0,14,616,1221
,22,QUERETARO,5,SANTIAGO DE QUERETARO,14,QUERETARO,491,14,4978,232,15,87,46,742,31,39,5,21,31,31,6258,9,57,6324,8399
,22,QUERETARO,5,SANTIAGO DE QUERETARO,14,QUERETARO,492,4,591,126,5,27,29,409,14,2,2,14,6,2,1227,5,24,1256,2634
,22,QUERETARO,5,SANTIAGO DE QUERETARO,14,QUERETARO,493,2,302,69,3,18,8,236,6,0,10,14,3,6,675,0,11,686,1408
,22,QUERETARO,5,SANTIAGO DE QUERETARO,14,QUERETARO,494,3,277,82,8,15,25,218,4,11,5,15,4,1,665,1,14,680,1570
,22,QUERETARO,5,SANTIAGO DE QUERETARO,14,QUERETARO,495,6,753,178,31,44,46,626,11,9,13,23,7,15,1756,1,47,1804,4160
,22,QUERETARO,5,SANTIAGO DE QUERETARO,14,QUERETARO,496,3,325,77,6,13,17,214,2,8,4,11,2,1,680,0,12,692,1649
,22,QUERETARO,5,SANTIAGO DE QUERETARO,14,QUERETARO,497,3,293,85,6,8,14,206,8,4,3,5,1,4,637,0,17,654,1502
,22,QUERETARO,6,SANTIAGO DE QUERETARO,14,QUERETARO,498,2,307,81,7,12,14,195,4,6,1,9,2,1,639,0,30,669,1489
,22,QUERETARO,6,SANTIAGO DE QUERETARO,14,QUERETARO,499,2,265,61,3,11,14,198,5,11,2,5,6,3,584,0,15,599,1291
,22,QUERETARO,6,SANTIAGO DE QUERETARO,14,QUERETARO,500,3,360,122,2,14,19,243,3,2,6,7,6,0,784,1,13,798,1820
,22,QUERETARO,6,SANTIAGO DE QUERETARO,14,QUERETARO,501,3,321,71,7,8,7,249,7,9,3,10,3,0,695,0,22,717,1640
,22,QUERETARO,6,SANTIAGO DE QUERETARO,14,QUERETARO,502,2,596,27,0,13,13,61,2,7,4,17,4,6,750,1,13,764,1477
,22,QUERETARO,6,SANTIAGO DE QUERETARO,14,QUERETARO,503,3,313,80,5,12,23,227,2,5,5,10,2,3,687,0,33,720,1676
,22,QUERETARO,6,SANTIAGO DE QUERETARO,14,QUERETARO,504,3,374,77,7,13,15,202,4,4,5,8,4,5,718,0,19,737,1659
,22,QUERETARO,5,SANTIAGO DE QUERETARO,14,QUERETARO,505,3,327,69,6,7,12,207,3,10,4,5,2,5,657,0,19,676,1544
,22,QUERETARO,5,SANTIAGO DE QUERETARO,14,QUERETARO,506,2,376,63,6,24,16,216,7,2,2,14,5,4,735,0,14,749,1424
,22,QUERETARO,5,SANTIAGO DE QUERETARO,14,QUERETARO,507,3,352,80,6,15,13,286,3,7,6,10,6,4,788,0,13,801,1524
,22,QUERETARO,5,SANTIAGO DE QUERETARO,14,QUERETARO,508,3,564,85,5,19,30,301,6,5,6,3,5,6,1035,2,29,1066,2125
,22,QUERETARO,5,SANTIAGO DE QUERETARO,14,QUERETARO,509,2,379,80,12,21,15,215,5,3,4,5,3,3,745,0,12,757,1489
,22,QUERETARO,5,SANTIAGO DE QUERETARO,14,QUERETARO,510,4,467,111,19,18,32,316,6,6,5,12,8,8,1008,1,46,1055,2296
,22,QUERETARO,6,SANTIAGO DE QUERETARO,14,QUERETARO,511,3,380,84,6,12,32,295,3,2,5,7,8,8,842,0,33,875,2224
,22,QUERETARO,6,SANTIAGO DE QUERETARO,14,QUERETARO,512,3,289,89,5,13,18,180,8,11,4,5,5,6,633,1,20,654,1708
,22,QUERETARO,5,SANTIAGO DE QUERETARO,14,QUERETARO,513,11,1583,303,32,78,77,985,15,18,9,32,18,22,3172,3,78,3253,7883
,22,QUERETARO,5,SANTIAGO DE QUERETARO,14,QUERETARO,514,7,1051,185,16,48,29,651,20,11,8,17,12,150,2198,6,45,2249,4816
,22,QUERETARO,5,SANTIAGO DE QUERETARO,14,QUERETARO,515,6,1268,156,20,39,25,499,18,11,4,10,10,9,2069,0,27,2096,3795
,22,QUERETARO,13,SANTA ROSA JAUREGUI,14,QUERETARO,516,3,169,223,5,7,7,107,1,1,8,3,1,0,532,0,22,554,2152
,22,QUERETARO,13,SANTA ROSA JAUREGUI,14,QUERETARO,518,5,480,311,4,20,20,357,4,7,27,10,15,1,1256,0,42,1298,3398
,22,QUERETARO,13,SANTA ROSA JAUREGUI,14,QUERETARO,519,4,317,240,8,12,37,153,5,4,5,5,6,8,800,0,42,842,2646
,22,QUERETARO,13,SANTA ROSA JAUREGUI,14,QUERETARO,520,3,262,153,11,21,18,160,5,1,11,11,8,2,663,0,27,690,1584
,22,QUERETARO,13,SANTA ROSA JAUREGUI,14,QUERETARO,521,3,206,160,1,8,8,69,2,1,0,0,4,2,461,0,13,474,1198
,22,QUERETARO,13,SANTA ROSA JAUREGUI,14,QUERETARO,522,8,555,349,10,33,35,637,18,7,22,14,8,6,1694,3,46,1743,3817
,22,QUERETARO,13,SANTA ROSA JAUREGUI,14,QUERETARO,523,3,252,178,6,8,12,177,1,10,7,6,15,2,674,0,38,712,1588
,22,QUERETARO,13,SANTA ROSA JAUREGUI,14,QUERETARO,524,4,361,145,7,14,23,251,5,10,9,12,37,64,938,0,47,985,2270
,22,QUERETARO,13,SANTA ROSA JAUREGUI,14,QUERETARO,525,3,327,104,6,10,24,432,8,14,6,23,4,3,961,1,25,987,2199
,22,QUERETARO,13,SANTA ROSA JAUREGUI,14,QUERETARO,526,3,271,149,2,20,17,310,6,2,12,19,7,2,817,0,22,839,2163
,22,QUERETARO,13,SANTA ROSA JAUREGUI,14,QUERETARO,527,8,928,392,9,23,43,254,9,14,21,11,48,4,1756,0,74,1830,5285
,22,QUERETARO,13,SANTA ROSA JAUREGUI,14,QUERETARO,528,3,366,103,7,8,4,254,6,6,6,5,6,0,771,0,19,790,1686
,22,QUERETARO,13,SANTA ROSA JAUREGUI,14,QUERETARO,529,13,1049,601,26,69,96,1010,21,21,17,24,26,99,3059,1,87,3147,9063
,22,QUERETARO,13,SANTA ROSA JAUREGUI,14,QUERETARO,530,3,332,56,3,1,15,52,2,3,2,11,4,2,483,7,34,524,1484
,22,QUERETARO,13,SANTA ROSA JAUREGUI,14,QUERETARO,531,4,418,119,4,15,24,339,6,5,7,23,9,3,972,0,28,1000,2604
,22,QUERETARO,13,SANTA ROSA JAUREGUI,14,QUERETARO,532,3,350,94,9,14,23,261,1,5,4,16,8,0,785,0,14,799,2115
,22,QUERETARO,13,SANTA ROSA JAUREGUI,14,QUERETARO,533,3,251,135,5,14,15,270,10,6,7,6,12,3,734,0,26,760,1907
,22,QUERETARO,13,SANTA ROSA JAUREGUI,14,QUERETARO,534,3,408,86,4,24,19,281,2,6,8,7,9,3,857,1,17,875,1840
,22,QUERETARO,13,SANTA ROSA JAUREGUI,14,QUERETARO,535,2,199,74,4,11,10,160,1,4,0,3,4,5,475,0,13,488,1033
,22,QUERETARO,13,SANTA ROSA JAUREGUI,14,QUERETARO,536,4,329,180,11,11,28,390,7,9,10,7,11,4,997,2,35,1034,2824
,22,QUERETARO,13,SANTA ROSA JAUREGUI,14,QUERETARO,537,4,285,151,8,16,24,315,4,10,4,22,16,10,865,1,28,894,2516
,22,QUERETARO,13,SANTA ROSA JAUREGUI,14,QUERETARO,538,5,704,159,9,22,22,301,7,36,2,18,13,16,1309,1,33,1343,1938
,22,QUERETARO,13,SANTA ROSA JAUREGUI,14,QUERETARO,539,6,715,171,19,24,38,197,2,7,8,20,4,4,1209,4,39,1252,4473
,22,QUERETARO,13,SANTA ROSA JAUREGUI,14,QUERETARO,540,4,714,188,4,11,12,168,2,5,8,17,14,19,1162,0,40,1202,2818
,22,QUERETARO,13,SANTA ROSA JAUREGUI,14,QUERETARO,542,3,420,75,4,13,22,353,5,2,5,4,5,1,909,1,20,930,1908
,22,QUERETARO,13,SANTA ROSA JAUREGUI,14,QUERETARO,543,3,266,242,5,4,17,42,8,4,3,5,0,2,598,0,28,626,1697
,22,QUERETARO,13,SANTA ROSA JAUREGUI,14,QUERETARO,544,4,307,244,9,13,25,380,7,9,8,32,4,4,1042,0,21,1063,2318
,22,QUERETARO,13,SANTA ROSA JAUREGUI,14,QUERETARO,545,12,792,285,12,40,41,806,4,22,12,17,12,10,2053,2,34,2089,7657
,22,QUERETARO,13,SANTA ROSA JAUREGUI,14,QUERETARO,546,4,419,227,9,17,39,387,1,7,5,9,5,7,1132,1,30,1163,2729
,22,QUERETARO,13,SANTA ROSA JAUREGUI,14,QUERETARO,547,4,366,221,4,17,28,278,5,5,7,10,7,1,949,0,13,962,2479
,22,QUERETARO,13,SANTA ROSA JAUREGUI,14,QUERETARO,548,6,1323,148,13,26,43,519,3,26,11,10,5,483,2610,0,37,2647,3576
,22,QUERETARO,13,SANTA ROSA JAUREGUI,14,QUERETARO,549,7,674,366,18,31,32,620,6,5,11,11,13,7,1794,1,30,1825,4725
,22,QUERETARO,4,SANTIAGO DE QUERETARO,14,QUERETARO,550,10,3386,233,7,46,36,567,12,13,5,8,6,7,4326,2,36,4364,6732
,22,QUERETARO,2,SANTIAGO DE QUERETARO,14,QUERETARO,552,9,1081,279,10,36,51,871,8,11,15,27,10,10,2409,2,56,2467,6253
,22,QUERETARO,2,SANTIAGO DE QUERETARO,14,QUERETARO,553,23,4553,649,44,133,119,1826,19,44,31,48,30,299,7795,10,99,7904,16458
,22,QUERETARO,5,SANTIAGO DE QUERETARO,14,QUERETARO,554,1,104,16,1,5,8,68,1,0,2,1,1,1,208,0,4,212,564
,22,QUERETARO,12,LA CAÑADA,10,EL MARQUES,555,2,423,96,11,9,19,171,6,3,3,3,16,0,760,0,20,780,1353
,22,QUERETARO,15,JALPAN DE SERRA,15,SAN JOAQUIN,556,2,384,31,4,13,94,137,0,10,0,6,4,1,684,0,22,706,1058
,22,QUERETARO,15,JALPAN DE SERRA,15,SAN JOAQUIN,557,4,874,89,1,15,268,332,3,21,4,5,10,6,1628,0,83,1711,2701
,22,QUERETARO,15,JALPAN DE SERRA,15,SAN JOAQUIN,558,3,398,17,0,3,181,43,0,7,4,6,1,4,664,0,52,716,1407
,22,QUERETARO,15,JALPAN DE SERRA,15,SAN JOAQUIN,559,1,96,13,0,1,87,18,1,3,1,2,3,1,226,0,11,237,400
,22,QUERETARO,15,JALPAN DE SERRA,15,SAN JOAQUIN,560,3,274,36,3,3,111,91,0,6,1,3,1,2,531,0,16,547,986
,22,QUERETARO,15,JALPAN DE SERRA,15,SAN JOAQUIN,561,2,72,15,2,2,22,36,0,0,0,2,0,0,151,0,12,163,272
,22,QUERETARO,15,JALPAN DE SERRA,15,SAN JOAQUIN,562,1,126,6,0,3,36,17,0,2,1,0,1,3,195,0,4,199,270
,22,QUERETARO,10,PEDRO ESCOBEDO,16,SAN JUAN DEL RIO,563,3,265,119,7,20,19,381,6,5,6,12,6,2,848,0,20,868,1903
,22,QUERETARO,10,PEDRO ESCOBEDO,16,SAN JUAN DEL RIO,564,5,509,135,7,29,33,515,4,6,17,15,11,1,1282,0,21,1303,3144
,22,QUERETARO,10,PEDRO ESCOBEDO,16,SAN JUAN DEL RIO,565,14,2088,363,20,98,67,1269,19,31,33,23,48,8,4067,1,72,4140,10271
,22,QUERETARO,9,SAN JUAN DEL RIO,16,SAN JUAN DEL RIO,567,4,983,143,6,23,27,420,8,31,10,8,14,9,1682,4,36,1722,2084
,22,QUERETARO,8,SAN JUAN DEL RIO,16,SAN JUAN DEL RIO,568,4,610,91,6,45,26,420,5,6,9,11,9,4,1242,2,28,1272,2411
,22,QUERETARO,8,SAN JUAN DEL RIO,16,SAN JUAN DEL RIO,569,2,272,32,6,14,8,187,4,8,3,10,5,4,553,2,18,573,987
,22,QUERETARO,8,SAN JUAN DEL RIO,16,SAN JUAN DEL RIO,570,3,665,92,5,20,21,297,3,5,7,10,12,1,1138,0,17,1155,2210
,22,QUERETARO,8,SAN JUAN DEL RIO,16,SAN JUAN DEL RIO,571,4,744,144,9,26,24,439,5,19,6,14,19,3,1452,9,20,1481,2768
,22,QUERETARO,8,SAN JUAN DEL RIO,16,SAN JUAN DEL RIO,572,2,434,78,4,16,10,167,1,8,2,2,3,1,726,1,8,735,1175
,22,QUERETARO,8,SAN JUAN DEL RIO,16,SAN JUAN DEL RIO,573,2,457,55,5,19,12,159,0,6,1,5,7,1,727,0,12,739,1188
,22,QUERETARO,9,SAN JUAN DEL RIO,16,SAN JUAN DEL RIO,574,3,482,75,6,23,20,276,2,6,2,9,11,0,912,0,17,929,1853
,22,QUERETARO,9,SAN JUAN DEL RIO,16,SAN JUAN DEL RIO,575,2,248,47,4,17,7,176,1,3,6,5,5,2,521,0,16,537,1192
,22,QUERETARO,9,SAN JUAN DEL RIO,16,SAN JUAN DEL RIO,576,2,345,68,5,27,10,224,2,3,3,7,3,1,698,1,11,710,1399
,22,QUERETARO,8,SAN JUAN DEL RIO,16,SAN JUAN DEL RIO,577,2,332,70,2,7,4,173,0,8,1,2,5,3,607,1,13,621,1025
,22,QUERETARO,8,SAN JUAN DEL RIO,16,SAN JUAN DEL RIO,578,2,251,49,4,11,4,106,6,7,5,0,13,0,456,0,8,464,800
,22,QUERETARO,8,SAN JUAN DEL RIO,16,SAN JUAN DEL RIO,579,2,371,65,4,19,10,127,2,12,4,5,10,191,820,2,10,832,1017
,22,QUERETARO,8,SAN JUAN DEL RIO,16,SAN JUAN DEL RIO,580,2,480,91,1,19,6,194,2,8,1,3,10,2,817,3,13,833,1344
,22,QUERETARO,8,SAN JUAN DEL RIO,16,SAN JUAN DEL RIO,581,2,212,45,1,9,11,73,1,3,3,7,7,1,373,2,4,379,754
,22,QUERETARO,9,SAN JUAN DEL RIO,16,SAN JUAN DEL RIO,582,2,209,54,1,11,11,167,2,5,3,5,6,2,476,1,11,488,914
,22,QUERETARO,9,SAN JUAN DEL RIO,16,SAN JUAN DEL RIO,583,3,406,62,5,19,16,312,7,8,2,3,14,0,854,1,13,868,1776
,22,QUERETARO,9,SAN JUAN DEL RIO,16,SAN JUAN DEL RIO,584,7,1107,179,18,55,50,867,7,20,19,13,35,3,2373,4,42,2419,4872
,22,QUERETARO,9,SAN JUAN DEL RIO,16,SAN JUAN DEL RIO,585,9,1031,175,17,87,83,1018,12,26,22,24,34,2,2531,3,58,2592,6620
,22,QUERETARO,9,SAN JUAN DEL RIO,16,SAN JUAN DEL RIO,586,11,1418,199,29,85,74,1230,19,21,23,23,48,8,3177,1,65,3243,8108
,22,QUERETARO,9,SAN JUAN DEL RIO,16,SAN JUAN DEL RIO,587,2,219,57,4,10,6,181,4,6,2,4,5,2,500,2,15,517,1138
,22,QUERETARO,9,SAN JUAN DEL RIO,16,SAN JUAN DEL RIO,588,2,242,53,0,9,6,158,6,4,7,1,5,0,491,1,6,498,858
,22,QUERETARO,9,SAN JUAN DEL RIO,16,SAN JUAN DEL RIO,589,2,313,51,1,23,11,177,4,8,6,6,9,1,610,1,12,623,1162
,22,QUERETARO,8,SAN JUAN DEL RIO,16,SAN JUAN DEL RIO,590,2,394,59,4,12,17,213,5,8,4,9,8,3,736,2,14,752,1349
,22,QUERETARO,8,SAN JUAN DEL RIO,16,SAN JUAN DEL RIO,591,2,532,85,6,9,6,179,0,9,2,10,10,2,850,0,11,861,1362
,22,QUERETARO,8,SAN JUAN DEL RIO,16,SAN JUAN DEL RIO,592,2,257,47,3,12,15,162,5,3,3,2,8,3,520,0,13,533,1019
,22,QUERETARO,8,SAN JUAN DEL RIO,16,SAN JUAN DEL RIO,593,2,189,51,5,10,16,180,4,8,2,5,0,3,473,0,15,488,1022
,22,QUERETARO,8,SAN JUAN DEL RIO,16,SAN JUAN DEL RIO,594,2,204,47,3,14,10,204,4,5,8,3,3,1,506,0,16,522,1071
,22,QUERETARO,9,SAN JUAN DEL RIO,16,SAN JUAN DEL RIO,595,7,1014,174,16,54,77,754,12,14,17,20,23,5,2180,1,42,2223,4894
,22,QUERETARO,9,SAN JUAN DEL RIO,16,SAN JUAN DEL RIO,596,2,179,36,3,7,4,130,4,6,2,6,4,5,386,1,21,408,879
,22,QUERETARO,9,SAN JUAN DEL RIO,16,SAN JUAN DEL RIO,597,2,228,36,0,5,6,140,2,2,3,1,3,1,427,1,14,442,783
,22,QUERETARO,9,SAN JUAN DEL RIO,16,SAN JUAN DEL RIO,598,2,293,49,4,11,25,222,3,1,7,2,14,0,631,0,12,643,1224
,22,QUERETARO,9,SAN JUAN DEL RIO,16,SAN JUAN DEL RIO,599,9,1080,209,14,63,72,928,13,18,15,22,40,9,2483,3,61,2547,6165
,22,QUERETARO,9,SAN JUAN DEL RIO,16,SAN JUAN DEL RIO,600,3,415,80,12,30,27,387,6,10,5,9,15,6,1002,1,20,1023,2137
,22,QUERETARO,9,SAN JUAN DEL RIO,16,SAN JUAN DEL RIO,601,2,229,56,8,10,12,170,2,4,4,2,7,1,505,0,10,515,913
,22,QUERETARO,8,SAN JUAN DEL RIO,16,SAN JUAN DEL RIO,602,2,268,52,4,10,16,156,0,0,4,2,6,6,524,2,11,537,1064
,22,QUERETARO,8,SAN JUAN DEL RIO,16,SAN JUAN DEL RIO,603,2,191,75,2,14,16,146,1,7,1,5,5,0,463,2,13,478,1069
,22,QUERETARO,8,SAN JUAN DEL RIO,16,SAN JUAN DEL RIO,604,2,320,90,2,9,5,162,2,3,2,2,12,3,612,1,6,619,1011
,22,QUERETARO,8,SAN JUAN DEL RIO,16,SAN JUAN DEL RIO,605,4,553,133,8,21,95,355,10,12,8,6,5,5,1211,2,23,1236,2698
,22,QUERETARO,8,SAN JUAN DEL RIO,16,SAN JUAN DEL RIO,606,5,736,164,11,31,21,396,4,6,6,17,13,4,1409,0,29,1438,1718
,22,QUERETARO,8,SAN JUAN DEL RIO,16,SAN JUAN DEL RIO,607,5,504,158,8,31,44,407,10,8,11,7,9,6,1203,1,40,1244,3010
,22,QUERETARO,10,PEDRO ESCOBEDO,16,SAN JUAN DEL RIO,608,4,879,143,5,6,16,302,5,4,31,8,15,1,1415,0,32,1447,2849
,22,QUERETARO,10,PEDRO ESCOBEDO,16,SAN JUAN DEL RIO,609,3,655,121,6,12,16,195,4,7,23,7,15,3,1064,0,34,1098,2083
,22,QUERETARO,10,PEDRO ESCOBEDO,16,SAN JUAN DEL RIO,610,2,322,79,7,9,12,225,3,1,7,11,10,1,687,0,16,703,1372
,22,QUERETARO,10,PEDRO ESCOBEDO,16,SAN JUAN DEL RIO,611,4,574,220,8,22,26,299,5,5,17,8,13,1,1198,0,38,1236,2754
,22,QUERETARO,10,PEDRO ESCOBEDO,16,SAN JUAN DEL RIO,612,4,475,102,7,14,22,353,3,5,10,5,7,5,1008,0,36,1044,2539
,22,QUERETARO,10,PEDRO ESCOBEDO,16,SAN JUAN DEL RIO,613,4,453,115,11,14,32,354,2,5,59,9,8,1,1063,0,22,1085,2765
,22,QUERETARO,10,PEDRO ESCOBEDO,16,SAN JUAN DEL RIO,614,8,731,194,14,28,32,710,7,11,15,13,17,3,1775,0,50,1825,4685
,22,QUERETARO,9,SAN JUAN DEL RIO,16,SAN JUAN DEL RIO,615,4,641,127,5,3,16,142,7,3,4,5,7,3,963,0,33,996,2978
,22,QUERETARO,10,PEDRO ESCOBEDO,16,SAN JUAN DEL RIO,616,5,1014,112,6,23,16,374,5,6,10,7,15,1,1589,0,42,1631,2716
,22,QUERETARO,10,PEDRO ESCOBEDO,16,SAN JUAN DEL RIO,618,3,295,82,8,21,15,300,5,8,13,10,9,1,767,1,20,788,1769
,22,QUERETARO,8,SAN JUAN DEL RIO,16,SAN JUAN DEL RIO,619,5,662,113,15,33,36,586,13,24,25,11,12,3,1533,1,44,1578,3566
,22,QUERETARO,10,PEDRO ESCOBEDO,16,SAN JUAN DEL RIO,620,5,671,151,7,26,22,223,3,4,24,24,19,1,1175,0,50,1225,3105
,22,QUERETARO,10,PEDRO ESCOBEDO,16,SAN JUAN DEL RIO,621,3,506,102,5,4,18,53,2,2,1,3,4,6,706,0,24,730,1576
,22,QUERETARO,10,PEDRO ESCOBEDO,16,SAN JUAN DEL RIO,622,4,602,93,11,23,23,243,6,1,14,5,22,3,1046,0,35,1081,2594
,22,QUERETARO,9,SAN JUAN DEL RIO,16,SAN JUAN DEL RIO,624,10,1077,322,19,72,58,900,16,19,25,16,37,5,2566,2,84,2652,6218
,22,QUERETARO,8,SAN JUAN DEL RIO,16,SAN JUAN DEL RIO,625,3,309,74,4,15,19,128,0,4,4,2,6,2,567,0,22,589,1738
,22,QUERETARO,8,SAN JUAN DEL RIO,16,SAN JUAN DEL RIO,626,3,437,98,8,16,26,198,3,2,4,11,19,2,824,0,21,845,1793
,22,QUERETARO,9,SAN JUAN DEL RIO,16,SAN JUAN DEL RIO,627,16,1454,237,19,53,88,1388,11,32,25,22,38,9,3376,0,82,3458,11504
,22,QUERETARO,9,SAN JUAN DEL RIO,16,SAN JUAN DEL RIO,628,1,201,25,1,1,3,24,1,0,1,1,1,0,259,0,2,261,725
,22,QUERETARO,10,PEDRO ESCOBEDO,16,SAN JUAN DEL RIO,629,3,262,247,9,10,10,80,8,5,34,3,14,6,688,1,36,725,1981
,22,QUERETARO,8,SAN JUAN DEL RIO,16,SAN JUAN DEL RIO,630,6,421,119,5,12,30,212,5,2,10,5,6,1,828,0,35,863,1801
,22,QUERETARO,8,SAN JUAN DEL RIO,16,SAN JUAN DEL RIO,631,2,341,133,6,14,24,120,3,3,6,5,2,2,659,0,20,679,1379
,22,QUERETARO,9,SAN JUAN DEL RIO,16,SAN JUAN DEL RIO,632,8,741,242,13,36,66,637,14,18,19,15,18,8,1827,2,54,1883,4604
,22,QUERETARO,9,SAN JUAN DEL RIO,16,SAN JUAN DEL RIO,633,3,232,136,1,15,80,207,3,7,8,7,11,2,709,0,26,735,1797
,22,QUERETARO,9,SAN JUAN DEL RIO,16,SAN JUAN DEL RIO,634,3,298,203,7,11,130,237,7,11,11,4,11,3,933,0,38,971,2208
,22,QUERETARO,8,SAN JUAN DEL RIO,16,SAN JUAN DEL RIO,635,4,571,318,20,23,35,141,3,6,13,7,16,3,1156,1,42,1199,2224
,22,QUERETARO,8,SAN JUAN DEL RIO,16,SAN JUAN DEL RIO,636,2,356,139,2,11,18,133,3,2,19,6,5,0,694,0,16,710,1422
,22,QUERETARO,9,SAN JUAN DEL RIO,16,SAN JUAN DEL RIO,637,3,491,129,1,18,41,221,3,2,12,8,5,1,932,0,21,953,2073
,22,QUERETARO,9,SAN JUAN DEL RIO,16,SAN JUAN DEL RIO,638,3,312,157,1,13,77,213,9,10,7,8,8,0,815,0,17,832,1837
,22,QUERETARO,8,SAN JUAN DEL RIO,16,SAN JUAN DEL RIO,639,5,579,331,10,17,38,265,7,8,14,5,7,6,1287,1,43,1331,2709
,22,QUERETARO,9,SAN JUAN DEL RIO,16,SAN JUAN DEL RIO,640,4,735,135,7,16,18,327,9,5,12,3,5,3,1275,1,28,1304,2829
,22,QUERETARO,9,SAN JUAN DEL RIO,16,SAN JUAN DEL RIO,641,4,475,300,3,9,35,223,5,4,5,16,17,5,1097,1,31,1129,2351
,22,QUERETARO,9,SAN JUAN DEL RIO,16,SAN JUAN DEL RIO,642,4,621,152,1,15,31,304,3,4,5,8,11,6,1161,0,21,1182,2861
,22,QUERETARO,8,SAN JUAN DEL RIO,16,SAN JUAN DEL RIO,643,3,185,256,6,6,14,134,3,3,2,2,3,3,617,0,15,632,1212
,22,QUERETARO,11,TEQUISQUIAPAN,17,TEQUISQUIAPAN,644,1,437,26,3,3,4,38,1,8,2,1,0,1,524,1,6,531,699
,22,QUERETARO,11,TEQUISQUIAPAN,17,TEQUISQUIAPAN,645,3,689,66,8,13,16,214,4,28,3,12,7,11,1071,1,22,1094,1776
,22,QUERETARO,11,TEQUISQUIAPAN,17,TEQUISQUIAPAN,646,3,705,143,40,30,35,272,5,49,9,24,11,240,1563,2,25,1590,2078
,22,QUERETARO,11,TEQUISQUIAPAN,17,TEQUISQUIAPAN,647,4,805,170,41,31,27,324,0,48,4,27,6,5,1488,2,34,1524,2431
,22,QUERETARO,11,TEQUISQUIAPAN,17,TEQUISQUIAPAN,648,4,822,207,22,28,27,442,3,52,7,59,8,16,1693,3,35,1731,2902
,22,QUERETARO,11,TEQUISQUIAPAN,17,TEQUISQUIAPAN,649,2,393,117,10,13,10,162,5,25,5,18,6,3,767,0,24,791,1247
,22,QUERETARO,11,TEQUISQUIAPAN,17,TEQUISQUIAPAN,650,2,452,128,6,29,12,201,1,23,4,15,1,4,876,0,20,896,1436
,22,QUERETARO,11,TEQUISQUIAPAN,17,TEQUISQUIAPAN,651,2,419,76,17,24,3,164,3,24,4,12,5,218,969,1,12,982,1202
,22,QUERETARO,11,TEQUISQUIAPAN,17,TEQUISQUIAPAN,652,1,186,16,6,5,1,50,0,6,0,1,0,1,272,0,4,276,419
,22,QUERETARO,11,TEQUISQUIAPAN,17,TEQUISQUIAPAN,653,3,539,89,29,22,17,210,6,26,10,4,4,3,959,0,31,990,1587
,22,QUERETARO,11,TEQUISQUIAPAN,17,TEQUISQUIAPAN,654,2,489,70,24,16,18,214,6,12,5,17,3,15,889,2,13,904,1428
,22,QUERETARO,11,TEQUISQUIAPAN,17,TEQUISQUIAPAN,655,1,224,58,2,9,9,99,2,13,2,8,3,0,429,0,14,443,715
,22,QUERETARO,11,TEQUISQUIAPAN,17,TEQUISQUIAPAN,656,4,995,167,12,30,33,382,8,37,5,24,9,13,1715,5,23,1743,2221
,22,QUERETARO,11,TEQUISQUIAPAN,17,TEQUISQUIAPAN,657,2,503,57,15,17,15,223,1,34,4,15,9,2,895,1,15,911,1479
,22,QUERETARO,11,TEQUISQUIAPAN,17,TEQUISQUIAPAN,658,3,708,96,24,22,25,290,3,47,5,28,8,8,1264,1,30,1295,2105
,22,QUERETARO,11,TEQUISQUIAPAN,17,TEQUISQUIAPAN,659,6,1045,149,39,39,23,605,6,75,17,42,16,3,2059,0,47,2106,3585
,22,QUERETARO,11,TEQUISQUIAPAN,17,TEQUISQUIAPAN,660,3,716,167,30,11,20,190,3,31,9,84,2,0,1263,0,40,1303,2205
,22,QUERETARO,11,TEQUISQUIAPAN,17,TEQUISQUIAPAN,661,3,583,104,56,13,20,87,3,48,4,35,27,2,982,0,25,1007,1767
,22,QUERETARO,11,TEQUISQUIAPAN,17,TEQUISQUIAPAN,662,2,398,80,30,12,20,128,5,20,10,30,9,2,744,1,39,784,1194
,22,QUERETARO,11,TEQUISQUIAPAN,17,TEQUISQUIAPAN,663,2,382,51,21,19,19,105,4,27,6,51,4,4,693,0,24,717,1049
,22,QUERETARO,11,TEQUISQUIAPAN,17,TEQUISQUIAPAN,664,2,375,16,7,2,4,49,1,13,1,4,4,3,479,1,8,488,781
,22,QUERETARO,11,TEQUISQUIAPAN,17,TEQUISQUIAPAN,665,4,971,94,31,21,14,237,7,31,6,33,11,1,1457,4,40,1501,2344
,22,QUERETARO,11,TEQUISQUIAPAN,17,TEQUISQUIAPAN,666,5,679,275,24,17,18,323,3,50,7,87,8,11,1502,12,50,1564,2759
,22,QUERETARO,11,TEQUISQUIAPAN,17,TEQUISQUIAPAN,667,4,693,487,27,10,23,271,9,17,9,33,19,4,1602,0,34,1636,2644
,22,QUERETARO,11,TEQUISQUIAPAN,17,TEQUISQUIAPAN,668,4,917,157,48,19,23,169,3,48,16,57,12,5,1474,1,43,1518,2647
,22,QUERETARO,11,TEQUISQUIAPAN,17,TEQUISQUIAPAN,669,3,576,98,30,30,18,161,3,50,2,36,26,8,1038,1,29,1068,1636
,22,QUERETARO,11,TEQUISQUIAPAN,17,TEQUISQUIAPAN,670,3,543,106,38,20,23,189,2,41,14,33,11,0,1020,0,24,1044,1587
,22,QUERETARO,11,TEQUISQUIAPAN,17,TEQUISQUIAPAN,671,4,645,89,107,15,30,301,3,41,10,57,9,10,1317,1,42,1360,2333
,22,QUERETARO,11,TEQUISQUIAPAN,17,TEQUISQUIAPAN,672,4,642,155,47,20,27,315,13,32,11,61,21,0,1344,1,46,1391,2527
,22,QUERETARO,11,TEQUISQUIAPAN,17,TEQUISQUIAPAN,673,4,641,145,46,17,19,454,4,31,18,64,11,139,1589,0,36,1625,2736
,22,QUERETARO,14,CADEREYTA DE MONTES,18,TOLIMAN,674,3,473,113,4,32,14,405,10,10,2,23,14,6,1106,3,23,1132,1597
,22,QUERETARO,14,CADEREYTA DE MONTES,18,TOLIMAN,675,3,495,103,12,27,27,473,37,12,12,54,17,9,1278,2,20,1300,1750
,22,QUERETARO,14,CADEREYTA DE MONTES,18,TOLIMAN,676,2,66,32,5,4,6,53,4,3,3,10,6,1,193,0,5,198,275
,22,QUERETARO,14,CADEREYTA DE MONTES,18,TOLIMAN,677,4,433,115,16,51,15,250,7,30,17,178,39,1,1152,0,84,1236,1807
,22,QUERETARO,14,CADEREYTA DE MONTES,18,TOLIMAN,678,2,228,74,6,19,11,215,11,13,4,18,40,1,640,0,23,663,877
,22,QUERETARO,14,CADEREYTA DE MONTES,18,TOLIMAN,679,4,621,146,9,84,25,503,27,32,38,275,26,3,1789,1,71,1861,2658
,22,QUERETARO,14,CADEREYTA DE MONTES,18,TOLIMAN,680,2,350,82,8,21,20,284,9,10,7,26,19,0,836,1,14,851,1132
,22,QUERETARO,14,CADEREYTA DE MONTES,18,TOLIMAN,681,2,364,55,2,28,24,259,9,6,2,22,8,3,782,0,12,794,1065
,22,QUERETARO,14,CADEREYTA DE MONTES,18,TOLIMAN,682,4,722,208,9,37,27,481,9,17,13,29,58,3,1613,0,36,1649,2348
,22,QUERETARO,14,CADEREYTA DE MONTES,18,TOLIMAN,683,3,498,83,9,45,24,466,17,32,3,35,63,3,1278,0,24,1302,1779
,22,QUERETARO,14,CADEREYTA DE MONTES,18,TOLIMAN,684,5,739,121,10,315,43,620,13,26,10,35,16,2,1950,0,60,2010,3039
,22,QUERETARO,14,CADEREYTA DE MONTES,18,TOLIMAN,685,1,40,6,0,4,0,7,1,0,0,0,1,0,59,0,0,59,76
,22,QUERETARO,14,CADEREYTA DE MONTES,18,TOLIMAN,686,2,252,126,7,10,16,129,4,16,4,20,12,2,598,0,26,624,952
,22,QUERETARO,14,CADEREYTA DE MONTES,18,TOLIMAN,687,3,846,140,6,46,33,278,13,31,10,56,19,5,1483,1,35,1519,2161
,22,QUERETARO,6,SANTIAGO DE QUERETARO,5,CORREGIDORA,688,6,1951,101,17,25,36,342,11,14,1,12,7,15,2532,1,30,2563,3785
,22,QUERETARO,7,EL PUEBLITO,5,CORREGIDORA,689,1,104,19,1,0,2,55,1,0,0,2,1,0,185,0,11,196,537
,22,QUERETARO,7,EL PUEBLITO,5,CORREGIDORA,690,2,188,37,2,8,13,125,5,0,2,2,3,0,385,0,12,397,955
,22,QUERETARO,6,SANTIAGO DE QUERETARO,14,QUERETARO,691,1,157,23,3,3,5,92,9,6,1,1,2,1,303,0,9,312,745
,22,QUERETARO,6,SANTIAGO DE QUERETARO,14,QUERETARO,692,2,208,37,4,6,13,111,5,3,2,8,3,1,401,0,16,417,826
,22,QUERETARO,5,SANTIAGO DE QUERETARO,14,QUERETARO,693,2,201,46,22,8,7,145,5,2,3,7,2,3,451,0,15,466,977
,22,QUERETARO,7,EL PUEBLITO,5,CORREGIDORA,694,2,250,47,2,18,14,200,2,5,2,12,4,3,559,1,10,570,1429
,22,QUERETARO,7,EL PUEBLITO,5,CORREGIDORA,695,4,435,94,13,18,30,273,31,11,14,7,10,8,944,0,31,975,2666
,22,QUERETARO,13,SANTA ROSA JAUREGUI,14,QUERETARO,696,2,171,114,5,7,8,198,2,2,3,0,2,86,598,1,12,611,1260
,22,QUERETARO,4,SANTIAGO DE QUERETARO,14,QUERETARO,697,2,218,77,4,13,11,191,0,2,3,10,3,0,532,0,13,545,1199
,22,QUERETARO,1,SANTIAGO DE QUERETARO,14,QUERETARO,698,2,349,61,2,14,6,219,3,2,6,4,1,0,667,0,17,684,1332
,22,QUERETARO,1,SANTIAGO DE QUERETARO,14,QUERETARO,699,2,235,70,6,14,12,242,2,1,7,6,4,8,607,0,12,619,1443
,22,QUERETARO,1,SANTIAGO DE QUERETARO,14,QUERETARO,700,2,286,52,3,29,18,195,2,2,5,11,6,2,611,0,14,625,1256
,22,QUERETARO,1,SANTIAGO DE QUERETARO,14,QUERETARO,701,2,204,67,5,8,17,223,6,5,3,14,5,3,560,0,18,578,1278
,22,QUERETARO,1,SANTIAGO DE QUERETARO,14,QUERETARO,702,2,368,56,9,14,19,176,0,6,5,12,2,4,671,0,9,680,1295
,22,QUERETARO,1,SANTIAGO DE QUERETARO,14,QUERETARO,703,2,292,74,8,14,14,213,5,4,6,9,5,1,645,0,12,657,1315
,22,QUERETARO,4,SANTIAGO DE QUERETARO,14,QUERETARO,704,2,285,68,3,14,13,178,7,2,3,5,1,1,580,0,9,589,1154
,22,QUERETARO,4,SANTIAGO DE QUERETARO,14,QUERETARO,705,2,261,61,6,10,14,184,8,2,6,4,3,3,562,0,15,577,1185
,22,QUERETARO,4,SANTIAGO DE QUERETARO,14,QUERETARO,706,2,244,74,2,18,10,153,3,6,2,8,8,1,529,0,17,546,1105
,22,QUERETARO,4,SANTIAGO DE QUERETARO,14,QUERETARO,707,2,174,61,0,5,11,164,4,3,1,5,7,4,439,2,23,464,1119
,22,QUERETARO,4,SANTIAGO DE QUERETARO,14,QUERETARO,708,2,107,72,3,11,9,158,4,2,6,8,4,2,386,0,21,407,959
,22,QUERETARO,4,SANTIAGO DE QUERETARO,14,QUERETARO,709,2,128,95,4,8,10,151,3,4,4,6,5,2,420,1,7,428,1000
,22,QUERETARO,4,SANTIAGO DE QUERETARO,14,QUERETARO,710,2,168,107,3,15,9,156,3,2,2,3,6,1,475,0,13,488,1234
,22,QUERETARO,4,SANTIAGO DE QUERETARO,14,QUERETARO,711,2,287,73,4,15,13,169,7,4,3,4,3,0,582,2,9,593,1200
,22,QUERETARO,4,SANTIAGO DE QUERETARO,14,QUERETARO,712,2,286,70,3,13,13,212,1,6,2,10,5,3,624,3,21,648,1247
,22,QUERETARO,4,SANTIAGO DE QUERETARO,14,QUERETARO,713,2,373,49,6,16,7,129,1,1,1,4,1,0,588,0,20,608,1158
,22,QUERETARO,4,SANTIAGO DE QUERETARO,14,QUERETARO,714,2,321,77,7,19,14,192,4,3,2,5,4,0,648,0,9,657,1190
,22,QUERETARO,4,SANTIAGO DE QUERETARO,14,QUERETARO,715,3,487,116,5,18,16,309,8,11,7,4,4,5,990,1,26,1017,1931
,22,QUERETARO,4,SANTIAGO DE QUERETARO,14,QUERETARO,716,2,368,48,9,25,11,188,5,6,6,8,6,2,682,1,13,696,1317
,22,QUERETARO,4,SANTIAGO DE QUERETARO,14,QUERETARO,717,2,263,58,2,19,14,221,3,2,4,12,3,1,602,0,6,608,1199
,22,QUERETARO,4,SANTIAGO DE QUERETARO,14,QUERETARO,718,3,254,82,4,21,15,225,3,6,7,4,9,7,637,0,20,657,1617
,22,QUERETARO,4,SANTIAGO DE QUERETARO,14,QUERETARO,719,2,316,84,5,20,15,270,6,10,3,4,4,4,741,0,15,756,1379
,22,QUERETARO,4,SANTIAGO DE QUERETARO,14,QUERETARO,720,2,194,43,1,7,13,188,3,1,5,3,0,1,459,0,11,470,852
,22,QUERETARO,4,SANTIAGO DE QUERETARO,14,QUERETARO,721,2,151,38,2,10,16,153,1,0,2,2,1,3,379,1,6,386,792
,22,QUERETARO,4,SANTIAGO DE QUERETARO,14,QUERETARO,722,3,405,65,4,29,22,266,4,4,8,10,10,5,832,1,20,853,1733
,22,QUERETARO,4,SANTIAGO DE QUERETARO,14,QUERETARO,723,3,486,118,4,24,20,317,2,6,11,7,8,4,1007,2,13,1022,2036
,22,QUERETARO,4,SANTIAGO DE QUERETARO,14,QUERETARO,724,2,211,74,2,6,16,177,3,7,3,2,3,0,504,0,11,515,1094
,22,QUERETARO,4,SANTIAGO DE QUERETARO,14,QUERETARO,725,4,668,99,3,27,33,346,6,11,3,16,8,7,1227,1,15,1243,2599
,22,QUERETARO,4,SANTIAGO DE QUERETARO,14,QUERETARO,726,2,98,52,3,5,13,227,5,2,4,4,2,0,415,0,9,424,1068
,22,QUERETARO,4,SANTIAGO DE QUERETARO,14,QUERETARO,727,5,717,129,4,16,22,334,9,6,9,15,11,6,1278,2,15,1295,3126
,22,QUERETARO,4,SANTIAGO DE QUERETARO,14,QUERETARO,728,2,264,64,8,13,14,169,1,1,6,6,1,7,554,1,9,564,1086
,22,QUERETARO,4,SANTIAGO DE QUERETARO,14,QUERETARO,729,2,246,60,5,13,13,211,3,2,1,4,3,6,567,0,11,578,1103
,22,QUERETARO,1,SANTIAGO DE QUERETARO,14,QUERETARO,730,1,118,36,6,5,4,124,3,3,5,3,4,0,311,0,9,320,529
,22,QUERETARO,1,SANTIAGO DE QUERETARO,14,QUERETARO,731,2,266,49,1,8,12,157,4,4,4,2,0,4,511,0,6,517,934
,22,QUERETARO,1,SANTIAGO DE QUERETARO,14,QUERETARO,732,3,393,99,5,22,13,223,1,2,3,9,10,3,783,0,15,798,1518
,22,QUERETARO,1,SANTIAGO DE QUERETARO,14,QUERETARO,733,3,256,94,1,10,8,266,5,7,4,15,2,1,669,1,10,680,1685
,22,QUERETARO,3,SANTIAGO DE QUERETARO,14,QUERETARO,734,1,145,22,2,15,6,86,2,3,4,2,4,3,294,0,6,300,550
,22,QUERETARO,3,SANTIAGO DE QUERETARO,14,QUERETARO,735,1,168,21,3,5,9,115,1,0,1,1,2,3,329,0,8,337,578
,22,QUERETARO,3,SANTIAGO DE QUERETARO,14,QUERETARO,736,2,186,45,2,7,9,182,5,4,3,7,3,7,460,0,8,468,1044
,22,QUERETARO,3,SANTIAGO DE QUERETARO,14,QUERETARO,737,2,194,35,1,8,21,156,3,4,3,3,2,7,437,0,5,442,1000
,22,QUERETARO,3,SANTIAGO DE QUERETARO,14,QUERETARO,738,2,225,46,7,7,8,135,1,4,3,5,4,1,446,1,8,455,1009
,22,QUERETARO,3,SANTIAGO DE QUERETARO,14,QUERETARO,739,2,197,56,3,6,12,204,2,1,3,5,6,0,495,1,18,514,1170
,22,QUERETARO,3,SANTIAGO DE QUERETARO,14,QUERETARO,740,2,198,63,7,10,12,198,1,2,4,5,0,4,504,1,11,516,1235
,22,QUERETARO,3,SANTIAGO DE QUERETARO,14,QUERETARO,741,2,213,60,0,18,12,184,11,2,0,6,6,3,515,0,13,528,1229
,22,QUERETARO,3,SANTIAGO DE QUERETARO,14,QUERETARO,742,2,236,46,5,20,6,180,1,4,3,0,3,3,507,1,9,517,1147
,22,QUERETARO,3,SANTIAGO DE QUERETARO,14,QUERETARO,743,2,326,43,4,5,7,227,4,5,2,6,7,3,639,1,14,654,1431
,22,QUERETARO,3,SANTIAGO DE QUERETARO,14,QUERETARO,744,2,249,40,0,9,10,200,1,2,1,1,2,3,518,1,8,527,1134
,22,QUERETARO,3,SANTIAGO DE QUERETARO,14,QUERETARO,745,2,239,49,4,9,10,227,4,3,5,2,3,2,557,0,14,571,1118
,22,QUERETARO,3,SANTIAGO DE QUERETARO,14,QUERETARO,746,1,55,16,1,4,5,50,2,0,0,1,1,0,135,0,3,138,356
,22,QUERETARO,3,SANTIAGO DE QUERETARO,14,QUERETARO,747,2,262,68,4,13,6,211,2,5,3,6,1,3,584,0,15,599,1296
,22,QUERETARO,3,SANTIAGO DE QUERETARO,14,QUERETARO,748,1,90,10,2,3,8,86,2,0,0,8,0,2,211,0,2,213,465
,22,QUERETARO,3,SANTIAGO DE QUERETARO,14,QUERETARO,749,1,119,26,1,6,8,101,2,2,0,2,1,2,270,2,4,276,670
,22,QUERETARO,3,SANTIAGO DE QUERETARO,14,QUERETARO,750,2,251,54,1,9,9,190,5,6,3,6,10,2,546,0,10,556,1111
,22,QUERETARO,3,SANTIAGO DE QUERETARO,14,QUERETARO,751,3,529,80,5,36,20,373,3,5,3,7,5,7,1073,3,19,1095,2126
,22,QUERETARO,3,SANTIAGO DE QUERETARO,14,QUERETARO,752,2,330,66,5,15,16,211,1,0,2,1,3,5,655,0,5,660,1425
,22,QUERETARO,3,SANTIAGO DE QUERETARO,14,QUERETARO,753,7,1095,120,8,41,40,742,9,21,5,12,21,10,2124,0,31,2155,5220
,22,QUERETARO,13,SANTA ROSA JAUREGUI,14,QUERETARO,754,17,2521,319,24,93,96,1481,22,34,25,24,26,19,4684,1,61,4746,12608
,22,QUERETARO,3,SANTIAGO DE QUERETARO,14,QUERETARO,755,2,308,53,2,18,19,237,5,1,3,8,4,6,664,2,12,678,1377
,22,QUERETARO,3,SANTIAGO DE QUERETARO,14,QUERETARO,756,2,252,49,3,17,8,187,3,3,5,3,8,3,541,1,13,555,1185
,22,QUERETARO,3,SANTIAGO DE QUERETARO,14,QUERETARO,757,1,118,31,1,6,6,97,2,5,2,0,4,0,272,0,9,281,663
,22,QUERETARO,2,SANTIAGO DE QUERETARO,14,QUERETARO,758,3,202,47,7,5,7,194,2,4,3,9,3,6,489,0,19,508,1581
,22,QUERETARO,13,SANTA ROSA JAUREGUI,14,QUERETARO,759,4,481,90,8,30,25,289,7,6,6,21,6,5,974,0,20,994,2532
,22,QUERETARO,12,LA CAÑADA,10,EL MARQUES,760,2,233,172,5,6,18,120,0,1,4,2,3,0,564,0,13,577,1029
,22,QUERETARO,12,LA CAÑADA,10,EL MARQUES,761,11,3726,232,14,57,58,654,10,21,5,16,20,27,4840,1,26,4867,7955
,22,QUERETARO,12,LA CAÑADA,10,EL MARQUES,762,3,489,130,6,13,10,201,5,3,4,7,5,5,878,2,21,901,1857
,22,QUERETARO,12,LA CAÑADA,10,EL MARQUES,763,3,523,150,3,7,11,165,4,3,1,8,2,2,879,0,25,904,1826
,22,QUERETARO,6,SANTIAGO DE QUERETARO,5,CORREGIDORA,764,2,301,54,3,19,16,145,8,4,7,4,5,4,570,0,13,583,1194
,22,QUERETARO,7,EL PUEBLITO,5,CORREGIDORA,765,2,492,37,2,17,8,123,7,6,1,4,1,4,702,0,9,711,1089
,22,QUERETARO,7,EL PUEBLITO,5,CORREGIDORA,766,2,416,30,2,9,14,95,1,4,5,2,1,0,579,1,6,586,953
,22,QUERETARO,7,EL PUEBLITO,5,CORREGIDORA,767,2,478,32,3,15,24,142,4,4,3,2,4,4,715,1,17,733,1129
,22,QUERETARO,7,EL PUEBLITO,5,CORREGIDORA,768,1,312,13,1,6,9,81,0,0,0,3,3,0,428,0,8,436,646
,22,QUERETARO,7,EL PUEBLITO,5,CORREGIDORA,769,2,261,18,3,6,12,118,6,2,1,2,3,0,432,0,3,435,813
,22,QUERETARO,7,EL PUEBLITO,5,CORREGIDORA,770,3,553,50,4,13,15,163,7,4,0,1,5,8,823,1,11,835,1556
,22,QUERETARO,7,EL PUEBLITO,5,CORREGIDORA,771,1,324,22,2,7,4,74,0,4,0,3,2,0,442,0,7,449,629
,22,QUERETARO,7,EL PUEBLITO,5,CORREGIDORA,772,2,547,29,7,16,11,165,5,5,0,6,1,0,792,0,8,800,1300
,22,QUERETARO,7,EL PUEBLITO,5,CORREGIDORA,773,1,183,19,2,5,11,83,8,2,1,5,2,1,322,0,7,329,701
,22,QUERETARO,7,EL PUEBLITO,5,CORREGIDORA,774,1,359,22,1,14,3,67,1,2,0,2,1,2,474,0,4,478,718
,22,QUERETARO,7,EL PUEBLITO,5,CORREGIDORA,775,2,524,29,5,11,5,112,4,5,0,5,4,2,706,2,6,714,1086
,22,QUERETARO,7,EL PUEBLITO,5,CORREGIDORA,776,2,426,44,5,19,10,115,6,6,3,5,11,0,650,1,5,656,1029
,22,QUERETARO,7,EL PUEBLITO,5,CORREGIDORA,777,2,425,30,5,6,19,91,7,2,3,1,4,1,594,1,10,605,946
,22,QUERETARO,7,EL PUEBLITO,5,CORREGIDORA,778,2,494,42,2,16,14,129,3,6,2,8,6,0,722,0,7,729,1174
,22,QUERETARO,7,EL PUEBLITO,5,CORREGIDORA,779,2,412,28,0,6,10,122,0,4,5,1,0,1,589,1,6,596,979
,22,QUERETARO,7,EL PUEBLITO,5,CORREGIDORA,780,1,219,16,2,5,9,60,1,0,1,2,0,0,315,1,3,319,492
,22,QUERETARO,7,EL PUEBLITO,5,CORREGIDORA,781,1,199,3,0,4,4,48,1,0,1,1,3,2,266,0,1,267,426
,22,QUERETARO,7,EL PUEBLITO,5,CORREGIDORA,782,2,478,38,1,7,10,98,5,4,2,2,4,0,649,0,11,660,1018
,22,QUERETARO,7,EL PUEBLITO,5,CORREGIDORA,783,1,353,28,5,3,6,79,2,1,2,5,1,1,486,0,6,492,732
,22,QUERETARO,7,EL PUEBLITO,5,CORREGIDORA,784,3,590,34,2,12,15,190,7,6,4,5,6,4,875,0,24,899,1551
,22,QUERETARO,7,EL PUEBLITO,5,CORREGIDORA,785,3,662,39,2,15,16,207,3,6,3,3,7,8,971,0,17,988,1583
,22,QUERETARO,7,EL PUEBLITO,5,CORREGIDORA,786,2,495,27,2,12,11,88,3,5,0,2,0,4,649,0,10,659,1023
,22,QUERETARO,7,EL PUEBLITO,5,CORREGIDORA,787,1,255,9,1,3,3,32,1,5,1,0,2,0,312,0,3,315,426
,22,QUERETARO,7,EL PUEBLITO,5,CORREGIDORA,788,3,461,65,5,16,21,216,4,7,4,4,9,0,812,4,10,826,2198
,22,QUERETARO,7,EL PUEBLITO,5,CORREGIDORA,789,2,596,36,6,18,12,123,0,2,0,8,1,4,806,0,12,818,1344
,22,QUERETARO,7,EL PUEBLITO,5,CORREGIDORA,790,2,397,31,2,13,6,94,1,3,1,3,2,1,554,1,3,558,852
,22,QUERETARO,7,EL PUEBLITO,5,CORREGIDORA,791,2,517,44,3,19,8,164,2,8,0,2,4,8,779,0,6,785,1307
,22,QUERETARO,7,EL PUEBLITO,5,CORREGIDORA,792,2,538,34,7,10,8,102,2,6,2,2,3,3,717,0,7,724,1148
,22,QUERETARO,7,EL PUEBLITO,5,CORREGIDORA,793,2,611,42,3,8,8,161,4,11,2,4,4,2,860,0,13,873,1346
,22,QUERETARO,7,EL PUEBLITO,5,CORREGIDORA,794,1,302,23,1,8,6,78,2,0,5,2,1,5,433,0,4,437,705
,22,QUERETARO,7,EL PUEBLITO,5,CORREGIDORA,795,2,474,21,4,11,12,156,4,4,2,6,4,2,700,1,8,709,1231
,22,QUERETARO,7,EL PUEBLITO,5,CORREGIDORA,796,1,255,16,1,1,5,52,3,3,0,1,1,1,339,0,3,342,501
,22,QUERETARO,9,SAN JUAN DEL RIO,16,SAN JUAN DEL RIO,797,2,213,35,1,17,13,135,6,1,2,4,7,1,435,1,9,445,801
,22,QUERETARO,9,SAN JUAN DEL RIO,16,SAN JUAN DEL RIO,798,2,281,83,5,18,19,200,1,9,10,7,4,0,637,0,15,652,1181
,22,QUERETARO,9,SAN JUAN DEL RIO,16,SAN JUAN DEL RIO,799,2,278,70,4,14,15,184,2,7,13,2,3,2,594,1,18,613,1335
,22,QUERETARO,9,SAN JUAN DEL RIO,16,SAN JUAN DEL RIO,800,1,162,13,2,8,10,94,5,3,2,3,3,1,306,2,11,319,599
,22,QUERETARO,9,SAN JUAN DEL RIO,16,SAN JUAN DEL RIO,801,2,200,32,6,14,12,190,3,3,5,8,4,2,479,2,17,498,1077
,22,QUERETARO,9,SAN JUAN DEL RIO,16,SAN JUAN DEL RIO,802,3,310,64,7,16,9,233,6,13,8,9,9,1,685,2,17,704,1519
,22,QUERETARO,9,SAN JUAN DEL RIO,16,SAN JUAN DEL RIO,803,2,162,35,2,10,9,149,1,3,3,4,2,4,384,0,11,395,824
,22,QUERETARO,9,SAN JUAN DEL RIO,16,SAN JUAN DEL RIO,804,3,398,62,5,19,13,292,6,6,2,7,12,3,825,1,16,842,1674
,22,QUERETARO,9,SAN JUAN DEL RIO,16,SAN JUAN DEL RIO,805,2,167,57,1,13,14,154,0,4,4,3,4,1,422,2,6,430,931
,22,QUERETARO,9,SAN JUAN DEL RIO,16,SAN JUAN DEL RIO,806,2,213,41,1,18,8,169,2,1,3,6,12,3,477,1,10,488,812
,22,QUERETARO,9,SAN JUAN DEL RIO,16,SAN JUAN DEL RIO,807,2,252,30,3,12,10,173,5,6,3,2,8,0,504,0,13,517,1059
,22,QUERETARO,9,SAN JUAN DEL RIO,16,SAN JUAN DEL RIO,808,2,352,71,1,14,12,230,4,4,4,3,8,1,704,0,9,713,1398
,22,QUERETARO,9,SAN JUAN DEL RIO,16,SAN JUAN DEL RIO,809,2,299,29,2,18,18,204,6,10,3,6,4,0,599,1,18,618,1379
,22,QUERETARO,9,SAN JUAN DEL RIO,16,SAN JUAN DEL RIO,810,2,327,37,2,14,11,248,2,2,3,6,7,1,660,1,12,673,1324
,22,QUERETARO,9,SAN JUAN DEL RIO,16,SAN JUAN DEL RIO,811,2,203,20,5,10,13,163,2,6,2,3,6,2,435,7,9,451,754
,22,QUERETARO,9,SAN JUAN DEL RIO,16,SAN JUAN DEL RIO,812,1,174,27,2,7,5,115,1,2,0,1,1,3,338,2,7,347,612
,22,QUERETARO,9,SAN JUAN DEL RIO,16,SAN JUAN DEL RIO,813,2,231,36,3,9,7,137,0,8,3,2,5,0,441,0,12,453,787
,22,QUERETARO,9,SAN JUAN DEL RIO,16,SAN JUAN DEL RIO,814,2,243,52,6,15,7,174,1,9,3,9,5,0,524,0,13,537,1125
,22,QUERETARO,9,SAN JUAN DEL RIO,16,SAN JUAN DEL RIO,815,2,162,29,3,8,16,140,4,1,2,2,7,3,377,2,10,389,770
,22,QUERETARO,9,SAN JUAN DEL RIO,16,SAN JUAN DEL RIO,816,2,270,33,2,13,11,179,1,3,1,4,9,1,527,0,8,535,910
,22,QUERETARO,9,SAN JUAN DEL RIO,16,SAN JUAN DEL RIO,817,2,195,34,2,11,6,161,5,8,1,2,3,2,430,0,9,439,815
,22,QUERETARO,9,SAN JUAN DEL RIO,16,SAN JUAN DEL RIO,818,2,243,40,3,14,13,194,8,0,2,8,6,4,535,0,15,550,1004
,22,QUERETARO,2,SANTIAGO DE QUERETARO,14,QUERETARO,819,2,231,37,2,3,8,151,4,4,2,5,2,1,450,0,4,454,840
,22,QUERETARO,2,SANTIAGO DE QUERETARO,14,QUERETARO,820,2,269,41,1,10,14,165,1,4,2,3,1,0,511,0,12,523,1028
,22,QUERETARO,2,SANTIAGO DE QUERETARO,14,QUERETARO,821,1,155,25,2,8,3,117,4,4,1,2,2,0,323,0,3,326,680
,22,QUERETARO,3,SANTIAGO DE QUERETARO,14,QUERETARO,822,2,348,45,7,9,15,174,5,2,4,6,3,2,620,0,3,623,1114
,22,QUERETARO,3,SANTIAGO DE QUERETARO,14,QUERETARO,823,1,164,16,0,4,4,85,5,1,1,3,1,2,286,0,6,292,585
,22,QUERETARO,3,SANTIAGO DE QUERETARO,14,QUERETARO,824,1,78,9,1,4,2,69,3,0,0,0,1,0,167,1,3,171,434
,22,QUERETARO,2,SANTIAGO DE QUERETARO,14,QUERETARO,825,2,190,34,1,9,7,147,1,4,3,3,4,3,406,0,3,409,1052
,22,QUERETARO,3,SANTIAGO DE QUERETARO,14,QUERETARO,826,1,154,24,3,5,10,109,4,1,2,3,0,2,317,0,3,320,735
,22,QUERETARO,2,SANTIAGO DE QUERETARO,14,QUERETARO,827,2,113,40,4,4,4,138,0,2,3,3,3,3,317,0,11,328,914
,22,QUERETARO,3,SANTIAGO DE QUERETARO,14,QUERETARO,828,1,130,23,2,9,5,80,0,3,0,3,4,3,262,0,10,272,499
,22,QUERETARO,2,SANTIAGO DE QUERETARO,14,QUERETARO,829,2,113,31,3,9,6,111,0,0,3,2,7,0,285,0,6,291,818
,22,QUERETARO,2,SANTIAGO DE QUERETARO,14,QUERETARO,830,2,144,27,2,2,8,204,1,3,0,2,1,77,471,0,8,479,1014
,22,QUERETARO,3,SANTIAGO DE QUERETARO,14,QUERETARO,831,1,169,24,2,7,8,84,2,3,2,0,3,1,305,1,1,307,588
,22,QUERETARO,3,SANTIAGO DE QUERETARO,14,QUERETARO,832,1,168,32,7,19,7,108,4,2,3,1,4,0,355,1,6,362,748
,22,QUERETARO,3,SANTIAGO DE QUERETARO,14,QUERETARO,833,2,202,41,4,17,9,152,9,6,4,3,1,4,452,1,15,468,812
,22,QUERETARO,3,SANTIAGO DE QUERETARO,14,QUERETARO,834,1,163,32,2,5,3,110,1,4,0,0,7,4,331,0,7,338,733
,22,QUERETARO,2,SANTIAGO DE QUERETARO,14,QUERETARO,835,1,184,38,3,2,9,108,4,3,0,1,5,0,357,0,9,366,652
,22,QUERETARO,2,SANTIAGO DE QUERETARO,14,QUERETARO,836,2,181,28,2,12,8,164,1,6,4,6,2,1,415,1,10,426,906
,22,QUERETARO,3,SANTIAGO DE QUERETARO,14,QUERETARO,837,2,211,42,4,7,4,115,0,2,3,1,9,0,398,1,3,402,826
,22,QUERETARO,2,SANTIAGO DE QUERETARO,14,QUERETARO,838,2,144,35,2,8,7,120,2,0,0,1,3,5,327,0,4,331,864
,22,QUERETARO,3,SANTIAGO DE QUERETARO,14,QUERETARO,839,1,172,24,6,13,10,90,2,1,1,1,5,0,325,0,3,328,677
,22,QUERETARO,2,SANTIAGO DE QUERETARO,14,QUERETARO,840,2,116,40,2,4,14,57,55,2,5,2,8,4,309,2,2,313,1030
,22,QUERETARO,2,SANTIAGO DE QUERETARO,14,QUERETARO,841,1,77,16,1,3,6,78,0,0,3,3,2,0,189,0,3,192,517
,22,QUERETARO,2,SANTIAGO DE QUERETARO,14,QUERETARO,842,2,118,55,1,7,5,128,2,1,2,10,4,4,337,0,15,352,823
,22,QUERETARO,2,SANTIAGO DE QUERETARO,14,QUERETARO,843,2,101,21,2,3,5,118,3,3,3,0,3,4,266,0,6,272,800
,22,QUERETARO,2,SANTIAGO DE QUERETARO,14,QUERETARO,844,1,70,42,1,6,5,109,5,2,2,0,2,2,246,0,7,253,687
,22,QUERETARO,2,SANTIAGO DE QUERETARO,14,QUERETARO,845,1,89,42,0,6,10,100,4,2,2,2,3,6,266,0,8,274,651
,22,QUERETARO,2,SANTIAGO DE QUERETARO,14,QUERETARO,846,3,424,60,3,17,20,253,4,9,3,5,3,14,815,0,4,819,2247
,22,QUERETARO,2,SANTIAGO DE QUERETARO,14,QUERETARO,847,1,118,31,4,5,5,71,0,1,2,4,2,1,244,0,3,247,637
,22,QUERETARO,2,SANTIAGO DE QUERETARO,14,QUERETARO,848,1,73,19,3,3,5,81,1,3,1,5,3,1,198,1,5,204,553
,22,QUERETARO,2,SANTIAGO DE QUERETARO,14,QUERETARO,849,1,110,38,0,3,8,92,2,3,3,2,1,0,262,0,7,269,690
,22,QUERETARO,2,SANTIAGO DE QUERETARO,14,QUERETARO,850,2,111,26,1,0,4,79,0,5,3,2,2,4,237,0,5,242,754
,22,QUERETARO,2,SANTIAGO DE QUERETARO,14,QUERETARO,851,2,127,23,0,6,4,100,1,3,4,7,3,2,280,0,11,291,793
,22,QUERETARO,2,SANTIAGO DE QUERETARO,14,QUERETARO,852,1,121,21,1,6,0,80,3,1,2,2,4,0,241,1,10,252,651
,22,QUERETARO,2,SANTIAGO DE QUERETARO,14,QUERETARO,853,1,151,26,1,2,3,80,2,4,0,4,1,5,279,0,11,290,702
,22,QUERETARO,2,SANTIAGO DE QUERETARO,14,QUERETARO,854,2,297,40,3,15,14,147,3,6,3,8,4,6,546,0,10,556,1296
,22,QUERETARO,2,SANTIAGO DE QUERETARO,14,QUERETARO,855,2,227,38,3,9,7,152,3,1,6,1,6,1,454,0,13,467,1103
,22,QUERETARO,3,SANTIAGO DE QUERETARO,14,QUERETARO,856,3,318,68,5,20,12,253,3,3,5,14,3,6,710,0,8,718,1651
,22,QUERETARO,3,SANTIAGO DE QUERETARO,14,QUERETARO,857,4,404,71,7,28,27,359,5,5,5,8,5,8,932,3,12,947,2256
,22,QUERETARO,3,SANTIAGO DE QUERETARO,14,QUERETARO,858,2,249,37,2,13,9,220,6,3,3,2,7,6,557,1,12,570,1379
,22,QUERETARO,3,SANTIAGO DE QUERETARO,14,QUERETARO,859,3,364,61,8,11,9,301,9,4,4,11,2,7,791,0,12,803,2097
,22,QUERETARO,3,SANTIAGO DE QUERETARO,14,QUERETARO,860,3,293,55,5,25,18,302,4,2,0,3,8,5,720,1,17,738,2002
,22,QUERETARO,3,SANTIAGO DE QUERETARO,14,QUERETARO,861,3,276,52,6,13,13,249,6,1,2,5,4,3,630,2,12,644,1612
,22,QUERETARO,3,SANTIAGO DE QUERETARO,14,QUERETARO,862,4,404,83,7,21,20,386,9,5,3,10,11,2,961,0,22,983,2520
,22,QUERETARO,3,SANTIAGO DE QUERETARO,14,QUERETARO,863,2,156,63,8,5,16,197,2,6,2,8,4,0,467,0,10,477,1164
,22,QUERETARO,3,SANTIAGO DE QUERETARO,14,QUERETARO,864,3,404,97,6,17,32,319,4,6,3,15,9,4,916,0,27,943,2179
,22,QUERETARO,3,SANTIAGO DE QUERETARO,14,QUERETARO,865,3,219,57,6,13,11,292,5,5,3,18,13,5,647,0,19,666,1592
,22,QUERETARO,3,SANTIAGO DE QUERETARO,14,QUERETARO,866,4,303,55,14,16,22,390,12,5,7,14,14,8,860,0,24,884,2362
,22,QUERETARO,4,SANTIAGO DE QUERETARO,14,QUERETARO,867,3,196,67,0,5,14,158,2,4,4,3,1,4,458,0,8,466,1605
,22,QUERETARO,4,SANTIAGO DE QUERETARO,14,QUERETARO,868,4,498,187,3,15,18,273,5,3,1,3,5,6,1017,0,16,1033,2325
,22,QUERETARO,4,SANTIAGO DE QUERETARO,14,QUERETARO,869,3,944,56,6,18,9,142,2,6,2,0,4,1,1190,0,10,1200,1773
,22,QUERETARO,4,SANTIAGO DE QUERETARO,14,QUERETARO,870,3,973,59,6,21,11,123,4,6,3,4,3,0,1213,2,10,1225,1759
,22,QUERETARO,4,SANTIAGO DE QUERETARO,14,QUERETARO,871,3,228,113,7,9,18,201,5,2,2,3,5,2,595,2,13,610,2049
,22,QUERETARO,4,SANTIAGO DE QUERETARO,14,QUERETARO,872,2,189,86,2,8,11,138,5,0,6,2,5,0,452,0,7,459,1495
,22,QUERETARO,4,SANTIAGO DE QUERETARO,14,QUERETARO,873,5,363,153,7,15,23,374,8,7,7,8,4,6,975,1,24,1000,3149
,22,QUERETARO,4,SANTIAGO DE QUERETARO,14,QUERETARO,874,1,103,26,1,7,5,115,1,0,0,3,1,0,262,0,5,267,686
,22,QUERETARO,4,SANTIAGO DE QUERETARO,14,QUERETARO,875,2,189,97,2,5,11,162,5,2,5,2,3,5,488,0,14,502,1438
,22,QUERETARO,4,SANTIAGO DE QUERETARO,14,QUERETARO,876,3,278,73,3,11,7,135,74,6,4,9,4,3,607,1,13,621,1534
,22,QUERETARO,4,SANTIAGO DE QUERETARO,14,QUERETARO,877,4,281,106,2,20,15,230,3,7,4,16,3,6,693,0,23,716,2255
,22,QUERETARO,4,SANTIAGO DE QUERETARO,14,QUERETARO,878,2,176,88,4,13,9,170,2,0,3,2,2,0,469,0,1,470,1479
,22,QUERETARO,13,SANTA ROSA JAUREGUI,14,QUERETARO,879,3,1020,33,5,27,2,129,2,1,0,5,4,6,1234,1,10,1245,1877
,22,QUERETARO,13,SANTA ROSA JAUREGUI,14,QUERETARO,880,2,537,16,4,5,2,49,0,2,0,0,0,0,615,0,7,622,825
,22,QUERETARO,13,SANTA ROSA JAUREGUI,14,QUERETARO,881,2,848,31,5,10,7,90,3,1,1,3,0,1,1000,1,9,1010,1454
,22,QUERETARO,13,SANTA ROSA JAUREGUI,14,QUERETARO,882,2,706,45,2,8,9,108,3,7,2,5,8,0,903,1,12,916,1471
,22,QUERETARO,13,SANTA ROSA JAUREGUI,14,QUERETARO,883,2,809,28,4,10,1,81,1,3,3,2,1,0,943,1,6,950,1378
,22,QUERETARO,13,SANTA ROSA JAUREGUI,14,QUERETARO,884,3,1009,29,4,14,3,90,3,1,0,0,0,4,1157,0,4,1161,1548
,22,QUERETARO,13,SANTA ROSA JAUREGUI,14,QUERETARO,885,3,707,36,4,15,4,121,2,3,0,2,2,1,897,2,5,904,1532
,22,QUERETARO,13,SANTA ROSA JAUREGUI,14,QUERETARO,886,2,860,22,2,10,2,60,3,3,0,0,2,4,968,0,3,971,1343
,22,QUERETARO,13,SANTA ROSA JAUREGUI,14,QUERETARO,887,4,1441,43,6,18,5,122,5,4,1,7,6,372,2030,0,8,2038,2270
,22,QUERETARO,13,SANTA ROSA JAUREGUI,14,QUERETARO,888,2,841,20,4,12,3,60,0,1,0,2,2,0,945,0,5,950,1308
,22,QUERETARO,13,SANTA ROSA JAUREGUI,14,QUERETARO,889,4,1525,37,8,19,6,117,5,7,3,0,1,4,1732,0,5,1737,2333
,22,QUERETARO,13,SANTA ROSA JAUREGUI,14,QUERETARO,890,5,1756,64,11,18,7,143,5,12,1,2,5,7,2031,1,8,2040,3064
,22,QUERETARO,13,SANTA ROSA JAUREGUI,14,QUERETARO,891,2,868,23,2,8,1,82,2,6,1,2,1,2,998,0,5,1003,1445
,22,QUERETARO,14,CADEREYTA DE MONTES,3,CADEREYTA DE MONTES,892,5,749,256,3,16,71,421,5,10,1,19,33,14,1598,0,41,1639,3025
,22,QUERETARO,14,CADEREYTA DE MONTES,3,CADEREYTA DE MONTES,893,1,187,37,1,3,37,73,1,5,0,1,4,2,351,0,5,356,611
,22,QUERETARO,11,TEQUISQUIAPAN,4,COLON,894,3,447,205,2,19,20,102,6,43,8,14,25,22,913,0,48,961,2082
,22,QUERETARO,11,TEQUISQUIAPAN,4,COLON,895,2,336,147,1,6,18,83,4,32,14,5,10,7,663,0,28,691,1286
,22,QUERETARO,11,TEQUISQUIAPAN,4,COLON,896,4,507,247,5,22,23,390,2,31,10,21,165,3,1426,0,55,1481,2442
,22,QUERETARO,11,TEQUISQUIAPAN,4,COLON,897,2,196,123,2,10,16,177,1,25,2,6,37,0,595,0,19,614,945
,22,QUERETARO,10,PEDRO ESCOBEDO,16,SAN JUAN DEL RIO,898,3,528,143,9,18,20,290,6,7,19,14,8,5,1067,0,26,1093,2244
,22,QUERETARO,10,PEDRO ESCOBEDO,16,SAN JUAN DEL RIO,899,2,218,47,2,11,24,201,1,4,31,2,4,0,545,0,10,555,1181
,22,QUERETARO,8,SAN JUAN DEL RIO,16,SAN JUAN DEL RIO,900,4,477,110,12,21,33,374,5,11,12,15,14,4,1088,1,30,1119,2297
,22,QUERETARO,8,SAN JUAN DEL RIO,16,SAN JUAN DEL RIO,901,2,242,68,3,15,19,149,4,9,21,1,8,2,541,2,21,564,1104
,22,QUERETARO,13,SANTA ROSA JAUREGUI,14,QUERETARO,902,3,501,144,8,11,20,135,2,5,4,12,8,3,853,0,29,882,2216
,22,QUERETARO,13,SANTA ROSA JAUREGUI,14,QUERETARO,903,2,266,88,3,14,10,105,1,1,12,2,4,1,507,0,18,525,984
,22,QUERETARO,8,SAN JUAN DEL RIO,1,AMEALCO DE BONFIL,904,2,190,96,4,5,10,298,3,3,4,10,5,6,634,0,29,663,1002
,22,QUERETARO,8,SAN JUAN DEL RIO,1,AMEALCO DE BONFIL,905,5,487,299,20,23,20,828,8,2,10,6,15,4,1722,0,64,1786,3175
,22,QUERETARO,12,LA CAÑADA,10,EL MARQUES,906,3,567,456,4,36,26,260,55,4,7,8,2,0,1425,0,27,1452,2065
,22,QUERETARO,12,LA CAÑADA,10,EL MARQUES,907,3,466,170,11,12,21,345,20,7,5,5,6,180,1248,0,25,1273,1917
