ID_ESTADO,NOMBRE_ESTADO,ID_DISTRITO_LOCAL,CABECERA_DISTRITAL_LOCAL,SECCIONES,CASILLAS,PAN,PRI,PRD,PVEM,PT,MC,MORENA,NUM_VOTOS_VALIDOS,NUM_VOTOS_CAN_NREG,NUM_VOTOS_NULOS,TOTAL_VOTOS,LISTA_NOMINAL,RUTA_ACTA
28,TAMAULIPAS,1,NUEVO LAREDO,81,203,13993,3980,313,477,299,858,8603,28523,43,1435,30001,121800,http://www.ietam.org.mx/portal/documentos/PE2019/AECD/Dto01_ActaRP.pdf
28,TAMAULIPAS,2,NUEVO LAREDO,115,235,16260,5074,193,455,311,707,9672,32672,20,1287,33979,129883,http://www.ietam.org.mx/portal/documentos/PE2019/AECD/Dto02_ActaRP.pdf
28,TAMAULIPAS,3,NUEVO LAREDO,71,205,19464,3845,253,408,341,812,9398,34521,57,1309,35887,119027,http://www.ietam.org.mx/portal/documentos/PE2019/AECD/Dto03_ActaRP.pdf
28,TAMAULIPAS,4,REYNOSA,86,201,17707,2452,591,368,361,638,8184,30301,37,1204,31542,118951,http://www.ietam.org.mx/portal/documentos/PE2019/AECD/Dto04_ActaRP.pdf
28,TAMAULIPAS,5,REYNOSA,110,213,14884,1784,560,453,397,799,10470,29347,46,1022,30415,120886,http://www.ietam.org.mx/portal/documentos/PE2019/AECD/Dto05_ActaRP.pdf
28,TAMAULIPAS,6,REYNOSA,100,228,16981,2825,1020,496,495,1536,9225,32578,35,1653,34266,128235,http://www.ietam.org.mx/portal/documentos/PE2019/AECD/Dto06_ActaRP.pdf
28,TAMAULIPAS,7,REYNOSA,87,216,15685,1385,750,596,736,1129,10317,30598,84,1259,31941,121661,http://www.ietam.org.mx/portal/documentos/PE2019/AECD/Dto07_ActaRP.pdf
28,TAMAULIPAS,8,RIO BRAVO,89,225,15339,4627,814,745,2004,1641,8884,34054,31,1557,35642,132489,http://www.ietam.org.mx/portal/documentos/PE2019/AECD/Dto08_ActaRP.pdf
28,TAMAULIPAS,9,VALLE HERMOSO,82,191,15162,6303,334,865,586,972,10377,34599,1519,1616,37734,106787,http://www.ietam.org.mx/portal/documentos/PE2019/AECD/Dto09_ActaRP.pdf
28,TAMAULIPAS,10,MATAMOROS,47,184,10102,5293,251,430,412,1411,9876,27775,4482,1477,33734,114444,http://www.ietam.org.mx/portal/documentos/PE2019/AECD/Dto10_ActaRP.pdf
28,TAMAULIPAS,11,MATAMOROS,35,168,9417,2864,218,509,400,1121,9689,24218,4448,1474,30140,109574,http://www.ietam.org.mx/portal/documentos/PE2019/AECD/Dto11_ActaRP.pdf
28,TAMAULIPAS,12,MATAMOROS,106,216,12563,3880,264,683,553,1793,12295,32031,3346,1587,36964,119963,http://www.ietam.org.mx/portal/documentos/PE2019/AECD/Dto12_ActaRP.pdf
28,TAMAULIPAS,13,SAN FERNANDO,160,260,33450,5257,699,493,822,1392,13964,56077,40,1789,57906,118194,http://www.ietam.org.mx/portal/documentos/PE2019/AECD/Dto13_ActaRP.pdf
28,TAMAULIPAS,14,VICTORIA,82,209,23953,10026,596,2008,682,3641,15183,56089,255,1845,58189,124068,http://www.ietam.org.mx/portal/documentos/PE2019/AECD/Dto14_ActaRP.pdf
28,TAMAULIPAS,15,VICTORIA,67,202,24817,5557,645,976,890,2524,14060,49469,104,1933,51506,124344,http://www.ietam.org.mx/portal/documentos/PE2019/AECD/Dto15_ActaRP.pdf
28,TAMAULIPAS,16,XICOTÉNCATL,150,274,37697,5206,819,395,661,1161,12577,58516,42,1585,60143,126650,http://www.ietam.org.mx/portal/documentos/PE2019/AECD/Dto16_ActaRP.pdf
28,TAMAULIPAS,17,EL MANTE,123,231,27551,4040,557,731,1073,1369,13102,48423,51,1587,50061,117665,http://www.ietam.org.mx/portal/documentos/PE2019/AECD/Dto17_ActaRP.pdf
28,TAMAULIPAS,18,ALTAMIRA,76,211,23590,4223,464,731,474,2607,11693,43782,48,1393,45223,123770,http://www.ietam.org.mx/portal/documentos/PE2019/AECD/Dto18_ActaRP.pdf
28,TAMAULIPAS,19,MIRAMAR,42,168,16352,1636,350,519,1824,644,10038,31363,36,1074,32473,110802,http://www.ietam.org.mx/portal/documentos/PE2019/AECD/Dto19_ActaRP.pdf
28,TAMAULIPAS,20,CIUDAD MADERO,94,221,15785,2970,910,1974,2694,1739,12576,38648,58,964,39670,126680,http://www.ietam.org.mx/portal/documentos/PE2019/AECD/Dto20_ActaRP.pdf
28,TAMAULIPAS,21,TAMPICO,69,195,21778,1711,459,803,529,926,11923,38129,48,1198,39375,119672,http://www.ietam.org.mx/portal/documentos/PE2019/AECD/Dto21_ActaRP.pdf
28,TAMAULIPAS,22,TAMPICO,123,238,24755,3556,390,644,565,1086,11985,42981,41,1139,44161,129456,http://www.ietam.org.mx/portal/documentos/PE2019/AECD/Dto22_ActaRP.pdf

