CIRCUNSCRIPCION,ID_ESTADO,NOMBRE_ESTADO,ID_DISTRITO_LOCAL,CABECERA_DISTRITAL_LOCAL,ID_MUNICIPIO,MUNICIPIO,SECCION,CASILLAS,PAN,PRI,PRD,PVEM,PT,MC,MORENA,PLA,PANALA,PES,RSP,FXM,PAN_PRD,PT_MORENA_PANALA,PT_MORENA,PT_PANALA,MORENA_PANALA,CAND_IND1,CAND_IND2,NUM_VOTOS_VALIDOS,NUM_VOTOS_CAN_NREG,NUM_VOTOS_NULOS,TOTAL_VOTOS,LISTA_NOMINAL
,1,AGUASCALIENTES,6,AGUASCALIENTES,1,AGUASCALIENTES,1,3,1580,49,6,2,1,43,61,5,0,0,0,31,0,1,1,0,0,,,1780,4,15,1799,2210
,1,AGUASCALIENTES,6,AGUASCALIENTES,1,AGUASCALIENTES,2,2,383,43,1,3,2,18,39,2,2,1,0,10,1,0,0,0,1,,,506,0,1,507,913
,1,AGUASCALIENTES,6,AGUASCALIENTES,1,AGUASCALIENTES,3,3,700,48,9,8,7,25,157,6,5,4,2,26,0,0,1,0,0,,,998,0,22,1020,1751
,1,AGUASCALIENTES,6,AGUASCALIENTES,1,AGUASCALIENTES,4,2,481,46,9,10,1,19,185,9,9,13,4,19,3,0,0,0,0,,,808,0,9,817,1420
,1,AGUASCALIENTES,6,AGUASCALIENTES,1,AGUASCALIENTES,5,2,318,31,6,9,2,11,87,4,3,1,0,19,2,0,0,0,0,,,493,1,8,502,789
,1,AGUASCALIENTES,6,AGUASCALIENTES,1,AGUASCALIENTES,6,1,261,33,4,3,1,3,86,5,5,3,0,15,0,0,0,0,0,,,419,0,4,423,688
,1,AGUASCALIENTES,6,AGUASCALIENTES,1,AGUASCALIENTES,7,2,315,33,5,5,2,12,84,5,2,1,1,5,2,0,0,0,0,,,472,0,6,478,775
,1,AGUASCALIENTES,6,AGUASCALIENTES,1,AGUASCALIENTES,8,2,488,52,6,9,3,20,132,10,7,3,1,22,1,1,0,0,0,,,755,0,15,770,1188
,1,AGUASCALIENTES,6,AGUASCALIENTES,1,AGUASCALIENTES,9,2,538,34,7,10,3,22,180,7,10,1,3,11,4,0,1,0,1,,,832,1,16,849,1278
,1,AGUASCALIENTES,6,AGUASCALIENTES,1,AGUASCALIENTES,10,2,499,47,4,5,2,19,119,10,2,6,3,24,2,1,0,0,2,,,745,0,7,752,1232
,1,AGUASCALIENTES,6,AGUASCALIENTES,1,AGUASCALIENTES,11,2,387,34,4,7,4,18,153,11,3,4,3,14,2,0,0,0,0,,,644,2,22,668,1262
,1,AGUASCALIENTES,6,AGUASCALIENTES,1,AGUASCALIENTES,12,2,334,37,6,8,4,25,106,8,5,1,1,16,2,0,0,0,1,,,554,0,10,564,820
,1,AGUASCALIENTES,6,AGUASCALIENTES,1,AGUASCALIENTES,13,2,307,30,8,6,4,10,107,8,2,1,2,13,0,0,1,0,0,,,499,1,7,507,795
,1,AGUASCALIENTES,6,AGUASCALIENTES,1,AGUASCALIENTES,14,2,391,34,3,8,6,9,101,5,2,2,1,12,4,0,0,0,0,,,578,0,12,590,931
,1,AGUASCALIENTES,6,AGUASCALIENTES,1,AGUASCALIENTES,15,2,276,24,4,9,8,16,88,4,3,1,1,12,0,0,0,0,0,,,446,0,13,459,989
,1,AGUASCALIENTES,6,AGUASCALIENTES,1,AGUASCALIENTES,16,2,195,26,3,6,5,14,84,6,1,1,2,12,0,0,0,0,0,,,355,2,14,371,864
,1,AGUASCALIENTES,6,AGUASCALIENTES,1,AGUASCALIENTES,17,2,300,21,2,11,5,20,113,8,2,2,1,14,1,0,1,0,1,,,502,0,19,521,1017
,1,AGUASCALIENTES,6,AGUASCALIENTES,1,AGUASCALIENTES,18,2,317,59,9,14,6,15,97,16,2,3,0,14,3,0,2,0,1,,,558,1,11,570,1042
,1,AGUASCALIENTES,10,AGUASCALIENTES,1,AGUASCALIENTES,19,2,381,36,2,4,6,11,101,9,1,2,0,17,1,0,0,0,0,,,571,0,6,577,1034
,1,AGUASCALIENTES,10,AGUASCALIENTES,1,AGUASCALIENTES,20,2,479,49,7,7,7,15,103,15,3,4,3,11,3,0,0,3,0,,,709,0,12,721,1099
,1,AGUASCALIENTES,10,AGUASCALIENTES,1,AGUASCALIENTES,21,2,279,43,6,13,4,12,145,18,3,5,2,15,1,0,0,0,0,,,546,0,17,563,1278
,1,AGUASCALIENTES,10,AGUASCALIENTES,1,AGUASCALIENTES,22,1,168,30,0,5,2,4,61,4,3,2,4,2,0,0,0,0,0,,,285,0,11,296,736
,1,AGUASCALIENTES,10,AGUASCALIENTES,1,AGUASCALIENTES,23,2,291,44,4,7,4,12,80,11,1,0,3,7,0,0,0,0,0,,,464,0,10,474,963
,1,AGUASCALIENTES,10,AGUASCALIENTES,1,AGUASCALIENTES,24,1,164,33,3,5,2,8,48,6,2,8,1,7,0,0,0,0,0,,,287,0,7,294,601
,1,AGUASCALIENTES,10,AGUASCALIENTES,1,AGUASCALIENTES,25,2,273,16,7,12,3,11,70,9,2,1,1,9,2,0,0,0,0,,,416,0,7,423,893
,1,AGUASCALIENTES,10,AGUASCALIENTES,1,AGUASCALIENTES,26,2,314,42,7,5,4,17,114,11,5,5,2,17,0,1,0,0,0,,,544,4,12,560,1099
,1,AGUASCALIENTES,10,AGUASCALIENTES,1,AGUASCALIENTES,27,1,217,17,2,1,1,2,58,3,5,1,1,4,0,0,0,0,0,,,312,0,7,319,545
,1,AGUASCALIENTES,11,AGUASCALIENTES,1,AGUASCALIENTES,28,1,124,14,1,0,0,5,46,8,0,0,1,3,0,0,0,0,0,,,202,1,10,213,387
,1,AGUASCALIENTES,11,AGUASCALIENTES,1,AGUASCALIENTES,29,2,164,36,5,8,5,18,104,9,3,0,0,10,0,0,2,0,0,,,364,0,16,380,834
,1,AGUASCALIENTES,10,AGUASCALIENTES,1,AGUASCALIENTES,30,1,153,25,2,6,8,5,47,3,1,3,1,8,0,0,0,0,0,,,262,1,7,270,604
,1,AGUASCALIENTES,10,AGUASCALIENTES,1,AGUASCALIENTES,31,2,263,27,2,5,5,18,102,6,5,7,4,9,1,0,0,0,0,,,454,0,14,468,972
,1,AGUASCALIENTES,10,AGUASCALIENTES,1,AGUASCALIENTES,32,2,207,42,1,5,7,14,162,5,2,3,0,13,0,0,2,0,0,,,463,0,13,476,1134
,1,AGUASCALIENTES,10,AGUASCALIENTES,1,AGUASCALIENTES,33,2,206,24,3,7,4,13,100,8,2,6,2,7,1,1,1,0,0,,,385,0,13,398,803
,1,AGUASCALIENTES,10,AGUASCALIENTES,1,AGUASCALIENTES,34,2,186,15,2,4,3,5,50,3,10,7,2,3,0,0,0,0,0,,,290,0,8,298,771
,1,AGUASCALIENTES,10,AGUASCALIENTES,1,AGUASCALIENTES,35,3,937,78,11,6,4,33,169,14,4,7,4,45,3,1,0,0,0,,,1316,115,23,1454,2177
,1,AGUASCALIENTES,10,AGUASCALIENTES,1,AGUASCALIENTES,36,2,341,28,4,7,7,18,86,12,1,1,2,17,2,1,0,0,0,,,527,1,6,534,874
,1,AGUASCALIENTES,10,AGUASCALIENTES,1,AGUASCALIENTES,37,2,420,44,5,3,4,12,94,7,1,1,0,16,3,0,0,0,0,,,610,0,17,627,1049
,1,AGUASCALIENTES,10,AGUASCALIENTES,1,AGUASCALIENTES,38,2,467,53,5,10,2,13,111,10,2,4,0,15,0,1,0,0,1,,,694,0,23,717,1351
,1,AGUASCALIENTES,10,AGUASCALIENTES,1,AGUASCALIENTES,39,2,238,32,5,11,2,9,82,11,3,3,2,8,1,0,0,0,0,,,407,1,10,418,803
,1,AGUASCALIENTES,17,AGUASCALIENTES,1,AGUASCALIENTES,40,2,391,49,8,6,7,19,123,14,2,4,1,12,3,2,2,0,0,,,643,0,18,661,1226
,1,AGUASCALIENTES,6,AGUASCALIENTES,1,AGUASCALIENTES,41,7,2210,122,11,15,14,65,245,22,5,9,6,34,6,1,5,0,0,,,2770,3,40,2813,4639
,1,AGUASCALIENTES,6,AGUASCALIENTES,1,AGUASCALIENTES,42,2,317,45,1,4,6,23,107,5,4,3,2,8,0,0,0,0,0,,,525,0,10,535,1192
,1,AGUASCALIENTES,6,AGUASCALIENTES,1,AGUASCALIENTES,43,3,782,47,7,10,7,36,140,12,4,11,1,26,6,0,0,0,0,,,1089,2,20,1111,1942
,1,AGUASCALIENTES,6,AGUASCALIENTES,1,AGUASCALIENTES,44,6,2508,119,14,7,3,76,220,8,2,5,1,49,5,0,2,0,0,,,3019,0,25,3044,4430
,1,AGUASCALIENTES,6,AGUASCALIENTES,1,AGUASCALIENTES,45,3,987,51,3,2,5,22,62,3,4,4,1,26,0,0,0,0,0,,,1170,0,15,1185,1613
,1,AGUASCALIENTES,6,AGUASCALIENTES,1,AGUASCALIENTES,46,3,1077,64,10,10,6,42,100,9,3,4,0,25,3,6,0,0,0,,,1359,0,15,1374,1959
,1,AGUASCALIENTES,6,AGUASCALIENTES,1,AGUASCALIENTES,47,5,2158,96,16,14,9,56,178,5,3,3,1,42,7,1,2,0,1,,,2592,3,20,2615,3591
,1,AGUASCALIENTES,6,AGUASCALIENTES,1,AGUASCALIENTES,48,3,871,66,12,8,5,56,104,9,0,1,12,17,1,0,1,0,0,,,1163,0,28,1191,1908
,1,AGUASCALIENTES,6,AGUASCALIENTES,1,AGUASCALIENTES,49,2,433,61,1,4,4,23,155,17,4,6,3,13,1,0,0,0,0,,,725,1,22,748,1487
,1,AGUASCALIENTES,6,AGUASCALIENTES,1,AGUASCALIENTES,50,3,533,42,9,17,15,22,185,12,6,8,1,16,8,0,2,0,0,,,876,0,18,894,1567
,1,AGUASCALIENTES,6,AGUASCALIENTES,1,AGUASCALIENTES,51,2,379,37,11,19,13,21,141,6,1,0,6,14,0,0,2,0,0,,,650,1,13,664,1136
,1,AGUASCALIENTES,6,AGUASCALIENTES,1,AGUASCALIENTES,52,2,499,34,7,4,2,21,126,8,4,3,3,23,0,0,0,0,0,,,734,1,13,748,1235
,1,AGUASCALIENTES,6,AGUASCALIENTES,1,AGUASCALIENTES,53,3,700,51,7,10,6,33,159,11,5,3,1,19,1,0,2,0,0,,,1008,3,20,1031,1590
,1,AGUASCALIENTES,6,AGUASCALIENTES,1,AGUASCALIENTES,54,2,261,29,3,5,0,15,113,13,0,3,3,10,0,0,0,0,0,,,455,0,0,455,1072
,1,AGUASCALIENTES,6,AGUASCALIENTES,1,AGUASCALIENTES,55,2,307,39,6,15,6,22,100,6,2,4,6,17,0,0,0,0,0,,,530,2,8,540,1048
,1,AGUASCALIENTES,6,AGUASCALIENTES,1,AGUASCALIENTES,56,2,340,30,11,8,2,9,79,5,3,3,2,23,2,0,0,0,1,,,518,0,7,525,931
,1,AGUASCALIENTES,11,AGUASCALIENTES,1,AGUASCALIENTES,57,2,272,30,4,5,1,76,115,12,4,42,0,7,1,0,0,0,0,,,569,0,13,582,847
,1,AGUASCALIENTES,11,AGUASCALIENTES,1,AGUASCALIENTES,58,1,174,19,0,5,3,9,83,6,4,1,1,3,0,1,1,0,0,,,310,0,6,316,602
,1,AGUASCALIENTES,11,AGUASCALIENTES,1,AGUASCALIENTES,59,1,251,14,3,1,3,10,77,3,3,1,0,21,1,0,0,0,0,,,388,1,3,392,679
,1,AGUASCALIENTES,11,AGUASCALIENTES,1,AGUASCALIENTES,60,2,250,32,3,9,5,15,111,11,6,4,3,17,1,0,4,0,0,,,471,0,11,482,1004
,1,AGUASCALIENTES,11,AGUASCALIENTES,1,AGUASCALIENTES,61,1,191,22,1,8,0,14,74,10,2,5,0,7,0,0,1,0,0,,,335,3,10,348,732
,1,AGUASCALIENTES,11,AGUASCALIENTES,1,AGUASCALIENTES,62,1,143,29,6,9,30,20,78,4,3,1,2,8,1,0,0,0,0,,,334,0,7,341,638
,1,AGUASCALIENTES,11,AGUASCALIENTES,1,AGUASCALIENTES,63,1,153,16,0,5,2,8,60,4,15,2,1,3,1,0,0,0,0,,,270,0,9,279,611
,1,AGUASCALIENTES,11,AGUASCALIENTES,1,AGUASCALIENTES,64,2,246,36,3,5,4,12,97,7,1,3,0,20,2,1,0,0,0,,,437,0,8,445,756
,1,AGUASCALIENTES,11,AGUASCALIENTES,1,AGUASCALIENTES,65,1,181,21,1,9,4,24,58,9,2,2,0,13,0,0,0,0,0,,,324,0,10,334,589
,1,AGUASCALIENTES,11,AGUASCALIENTES,1,AGUASCALIENTES,66,2,277,30,4,3,2,17,87,10,1,3,2,16,0,0,0,0,0,,,452,0,10,462,788
,1,AGUASCALIENTES,11,AGUASCALIENTES,1,AGUASCALIENTES,67,1,220,23,3,3,2,14,49,5,1,4,1,8,1,0,1,0,1,,,336,0,4,340,501
,1,AGUASCALIENTES,11,AGUASCALIENTES,1,AGUASCALIENTES,68,1,203,28,5,4,2,8,92,19,1,1,2,4,0,0,0,0,0,,,369,1,8,378,663
,1,AGUASCALIENTES,11,AGUASCALIENTES,1,AGUASCALIENTES,69,2,284,32,7,9,3,19,106,8,0,4,2,9,0,0,0,0,0,,,483,0,11,494,827
,1,AGUASCALIENTES,11,AGUASCALIENTES,1,AGUASCALIENTES,70,1,196,17,5,5,1,10,90,9,2,6,1,10,1,0,1,0,0,,,354,0,7,361,583
,1,AGUASCALIENTES,11,AGUASCALIENTES,1,AGUASCALIENTES,71,2,391,47,9,12,8,20,82,18,7,3,3,16,0,0,0,0,0,,,616,4,9,629,980
,1,AGUASCALIENTES,11,AGUASCALIENTES,1,AGUASCALIENTES,72,1,174,17,1,1,4,14,57,7,4,2,0,10,0,0,2,0,0,,,293,1,8,302,511
,1,AGUASCALIENTES,11,AGUASCALIENTES,1,AGUASCALIENTES,73,2,294,25,5,8,1,16,63,5,3,2,0,16,0,0,0,0,0,,,438,4,7,449,756
,1,AGUASCALIENTES,11,AGUASCALIENTES,1,AGUASCALIENTES,74,1,209,12,4,2,2,10,46,3,1,24,0,10,0,0,0,0,0,,,323,1,4,328,534
,1,AGUASCALIENTES,11,AGUASCALIENTES,1,AGUASCALIENTES,75,1,227,19,2,3,1,16,57,12,3,0,2,8,0,0,0,0,0,,,350,1,5,356,604
,1,AGUASCALIENTES,11,AGUASCALIENTES,1,AGUASCALIENTES,76,1,180,21,5,4,0,5,55,2,3,2,2,4,0,0,0,0,0,,,283,0,3,286,452
,1,AGUASCALIENTES,11,AGUASCALIENTES,1,AGUASCALIENTES,77,1,167,15,7,4,3,15,72,5,1,1,1,16,0,0,0,0,0,,,307,2,0,309,522
,1,AGUASCALIENTES,11,AGUASCALIENTES,1,AGUASCALIENTES,78,2,247,24,4,5,2,19,83,18,1,2,2,13,1,0,0,0,0,,,421,0,13,434,780
,1,AGUASCALIENTES,11,AGUASCALIENTES,1,AGUASCALIENTES,79,2,254,21,4,5,1,11,76,5,3,0,0,11,1,0,2,0,0,,,394,2,10,406,754
,1,AGUASCALIENTES,5,AGUASCALIENTES,1,AGUASCALIENTES,80,11,1875,181,38,48,25,127,820,100,19,36,15,70,6,2,2,0,0,,,3364,5,58,3427,7338
,1,AGUASCALIENTES,5,AGUASCALIENTES,1,AGUASCALIENTES,82,16,3341,287,71,83,51,189,1201,100,36,39,13,129,6,4,6,0,0,,,5556,9,102,5667,11237
,1,AGUASCALIENTES,12,AGUASCALIENTES,1,AGUASCALIENTES,83,21,1861,236,91,77,40,176,1027,77,30,43,43,136,24,2,8,0,2,,,3873,6,98,3977,14600
,1,AGUASCALIENTES,12,AGUASCALIENTES,1,AGUASCALIENTES,84,3,384,69,12,8,41,34,206,24,5,9,8,22,4,1,1,0,0,,,828,1,20,849,2172
,1,AGUASCALIENTES,12,AGUASCALIENTES,1,AGUASCALIENTES,85,6,579,143,39,32,35,57,382,38,9,15,10,41,2,1,2,0,0,,,1385,0,57,1442,4174
,1,AGUASCALIENTES,5,AGUASCALIENTES,1,AGUASCALIENTES,86,17,2228,263,79,77,74,233,1345,117,63,60,33,137,5,124,3,0,3,,,4844,4,140,4988,12457
,1,AGUASCALIENTES,5,AGUASCALIENTES,1,AGUASCALIENTES,87,3,558,58,11,12,8,44,263,10,15,10,4,34,1,0,1,0,0,,,1029,1,34,1064,2097
,1,AGUASCALIENTES,5,AGUASCALIENTES,1,AGUASCALIENTES,88,2,291,41,8,10,9,23,152,15,6,4,2,12,0,0,1,0,0,,,574,1,22,597,1247
,1,AGUASCALIENTES,5,AGUASCALIENTES,1,AGUASCALIENTES,89,2,242,31,6,4,3,29,135,7,3,2,0,14,0,0,0,0,0,,,476,0,11,487,1120
,1,AGUASCALIENTES,5,AGUASCALIENTES,1,AGUASCALIENTES,90,5,1019,94,20,24,19,110,301,25,7,6,16,30,3,0,3,0,0,,,1677,2,36,1715,3336
,1,AGUASCALIENTES,6,AGUASCALIENTES,1,AGUASCALIENTES,91,2,331,55,4,2,4,18,95,2,0,7,0,16,1,1,0,0,0,,,536,1,18,555,929
,1,AGUASCALIENTES,6,AGUASCALIENTES,1,AGUASCALIENTES,92,2,258,32,5,5,6,20,104,6,8,1,2,9,2,0,1,0,0,,,459,0,13,472,871
,1,AGUASCALIENTES,13,AGUASCALIENTES,1,AGUASCALIENTES,93,2,301,27,4,9,4,22,128,17,4,2,1,14,2,0,1,0,0,,,536,1,12,549,995
,1,AGUASCALIENTES,13,AGUASCALIENTES,1,AGUASCALIENTES,94,1,123,18,1,5,2,10,78,5,2,0,1,5,1,0,1,0,0,,,252,0,10,262,610
,1,AGUASCALIENTES,13,AGUASCALIENTES,1,AGUASCALIENTES,95,2,193,42,4,12,7,14,130,16,4,3,1,9,0,0,0,0,0,,,435,0,8,443,936
,1,AGUASCALIENTES,13,AGUASCALIENTES,1,AGUASCALIENTES,96,4,673,86,15,25,9,35,284,30,14,10,5,32,2,0,0,0,0,,,1220,5,31,1256,2510
,1,AGUASCALIENTES,13,AGUASCALIENTES,1,AGUASCALIENTES,97,2,125,35,5,6,7,13,145,8,3,3,2,4,0,0,0,0,0,,,356,1,15,372,944
,1,AGUASCALIENTES,13,AGUASCALIENTES,1,AGUASCALIENTES,99,3,336,57,6,12,13,28,189,14,3,12,11,14,1,1,0,1,0,,,698,2,22,722,1818
,1,AGUASCALIENTES,13,AGUASCALIENTES,1,AGUASCALIENTES,100,2,152,36,3,9,18,16,125,12,21,7,4,8,0,0,2,0,0,,,413,1,18,432,1052
,1,AGUASCALIENTES,13,AGUASCALIENTES,1,AGUASCALIENTES,101,3,387,50,8,12,11,39,195,20,2,3,2,16,1,0,1,0,0,,,747,1,23,771,1703
,1,AGUASCALIENTES,13,AGUASCALIENTES,1,AGUASCALIENTES,102,2,180,40,4,18,5,17,115,11,3,3,1,5,2,0,0,0,0,,,404,4,16,424,971
,1,AGUASCALIENTES,13,AGUASCALIENTES,1,AGUASCALIENTES,103,2,212,30,3,8,5,19,112,9,8,5,2,9,0,0,0,0,0,,,422,1,13,436,820
,1,AGUASCALIENTES,11,AGUASCALIENTES,1,AGUASCALIENTES,104,1,108,16,8,3,1,4,69,10,3,0,1,9,0,0,0,0,0,,,232,0,10,242,517
,1,AGUASCALIENTES,11,AGUASCALIENTES,1,AGUASCALIENTES,105,1,127,22,18,4,4,8,68,4,5,4,0,3,0,0,0,0,0,,,267,0,8,275,583
,1,AGUASCALIENTES,11,AGUASCALIENTES,1,AGUASCALIENTES,106,2,317,19,4,5,8,21,142,10,3,0,5,15,1,0,2,0,1,,,553,2,10,565,1157
,1,AGUASCALIENTES,11,AGUASCALIENTES,1,AGUASCALIENTES,107,2,290,34,7,18,5,19,130,14,3,4,1,15,1,0,0,0,0,,,541,0,8,549,1120
,1,AGUASCALIENTES,11,AGUASCALIENTES,1,AGUASCALIENTES,108,2,209,29,2,10,7,23,126,26,5,7,2,16,2,0,2,0,0,,,466,0,14,480,934
,1,AGUASCALIENTES,11,AGUASCALIENTES,1,AGUASCALIENTES,109,2,295,39,1,7,2,22,116,12,12,3,2,15,0,1,0,0,0,,,527,1,12,540,1072
,1,AGUASCALIENTES,11,AGUASCALIENTES,1,AGUASCALIENTES,110,2,253,25,7,7,7,6,104,13,1,4,5,27,0,0,0,0,0,,,459,1,8,468,460
,1,AGUASCALIENTES,11,AGUASCALIENTES,1,AGUASCALIENTES,111,2,175,46,12,9,3,14,166,10,3,4,1,12,0,2,0,1,2,,,460,0,18,478,990
,1,AGUASCALIENTES,11,AGUASCALIENTES,1,AGUASCALIENTES,112,2,362,27,10,11,3,19,162,9,4,4,1,20,0,0,0,0,0,,,632,1,7,640,1188
,1,AGUASCALIENTES,13,AGUASCALIENTES,1,AGUASCALIENTES,113,2,342,32,2,7,8,22,191,10,4,5,3,20,0,0,2,0,0,,,648,1,8,657,1061
,1,AGUASCALIENTES,13,AGUASCALIENTES,1,AGUASCALIENTES,114,2,252,28,4,5,3,23,132,12,1,4,0,13,3,0,0,0,0,,,480,0,15,495,887
,1,AGUASCALIENTES,13,AGUASCALIENTES,1,AGUASCALIENTES,115,2,312,54,7,12,5,15,148,12,4,5,3,10,0,0,1,0,0,,,588,2,15,605,1134
,1,AGUASCALIENTES,13,AGUASCALIENTES,1,AGUASCALIENTES,116,13,1768,269,41,60,42,236,1120,122,46,51,17,101,10,2,7,0,0,,,3892,3,105,4000,9386
,1,AGUASCALIENTES,13,AGUASCALIENTES,1,AGUASCALIENTES,117,3,328,41,6,26,8,22,210,19,5,12,3,17,0,0,1,0,1,,,699,1,19,719,1558
,1,AGUASCALIENTES,13,AGUASCALIENTES,1,AGUASCALIENTES,118,10,1390,176,30,51,35,124,758,90,24,35,16,81,7,2,7,0,0,,,2826,1,75,2902,6541
,1,AGUASCALIENTES,13,AGUASCALIENTES,1,AGUASCALIENTES,119,7,1541,141,26,40,15,89,629,60,11,19,6,66,4,0,5,0,0,,,2652,2,54,2708,4541
,1,AGUASCALIENTES,11,AGUASCALIENTES,1,AGUASCALIENTES,120,2,172,23,8,6,3,8,107,12,3,6,0,11,0,1,2,0,0,,,362,0,11,373,755
,1,AGUASCALIENTES,11,AGUASCALIENTES,1,AGUASCALIENTES,121,1,164,16,2,1,1,13,80,8,2,3,1,14,0,0,0,0,0,,,305,0,5,310,592
,1,AGUASCALIENTES,13,AGUASCALIENTES,1,AGUASCALIENTES,122,2,283,39,6,12,5,17,128,12,2,0,3,18,0,0,0,0,0,,,525,0,20,545,1064
,1,AGUASCALIENTES,11,AGUASCALIENTES,1,AGUASCALIENTES,123,1,158,25,1,6,4,11,99,4,1,3,0,9,0,0,0,0,0,,,321,1,2,324,663
,1,AGUASCALIENTES,11,AGUASCALIENTES,1,AGUASCALIENTES,124,1,25,19,1,2,1,9,66,2,1,1,0,6,0,0,0,0,0,,,133,0,9,142,488
,1,AGUASCALIENTES,14,AGUASCALIENTES,1,AGUASCALIENTES,125,2,322,39,8,11,6,16,159,13,6,4,3,16,0,0,1,0,0,,,604,1,16,621,1045
,1,AGUASCALIENTES,15,AGUASCALIENTES,1,AGUASCALIENTES,126,4,667,98,21,21,8,66,316,18,7,30,7,30,1,0,4,0,0,,,1294,2,34,1330,2085
,1,AGUASCALIENTES,15,AGUASCALIENTES,1,AGUASCALIENTES,127,2,299,50,9,9,4,37,252,8,11,14,3,13,0,0,3,0,0,,,712,0,19,731,1295
,1,AGUASCALIENTES,15,AGUASCALIENTES,1,AGUASCALIENTES,128,2,196,38,3,9,6,17,197,3,0,7,3,5,0,0,0,0,0,,,484,1,8,493,839
,1,AGUASCALIENTES,15,AGUASCALIENTES,1,AGUASCALIENTES,129,2,243,46,3,7,10,23,193,4,2,5,3,12,0,0,1,0,0,,,552,4,26,582,935
,1,AGUASCALIENTES,15,AGUASCALIENTES,1,AGUASCALIENTES,130,2,287,57,6,9,14,28,237,13,6,13,2,21,1,0,3,0,1,,,698,4,18,720,1421
,1,AGUASCALIENTES,15,AGUASCALIENTES,1,AGUASCALIENTES,131,2,213,37,9,11,9,21,169,3,3,6,2,16,0,0,1,0,0,,,500,2,9,511,953
,1,AGUASCALIENTES,15,AGUASCALIENTES,1,AGUASCALIENTES,132,2,240,43,2,7,6,20,153,11,4,5,0,10,1,3,2,0,0,,,507,1,12,520,951
,1,AGUASCALIENTES,15,AGUASCALIENTES,1,AGUASCALIENTES,133,2,284,36,11,7,7,26,164,22,3,4,1,11,0,0,1,0,1,,,578,4,19,601,1081
,1,AGUASCALIENTES,15,AGUASCALIENTES,1,AGUASCALIENTES,134,2,222,26,7,6,8,18,142,9,3,3,0,12,0,1,2,0,0,,,459,0,11,470,801
,1,AGUASCALIENTES,15,AGUASCALIENTES,1,AGUASCALIENTES,135,2,308,32,4,14,6,30,201,15,6,3,1,21,3,0,0,0,0,,,644,1,24,669,1254
,1,AGUASCALIENTES,15,AGUASCALIENTES,1,AGUASCALIENTES,136,3,361,84,9,22,5,28,236,11,8,10,7,30,1,0,1,0,0,,,813,0,22,835,1763
,1,AGUASCALIENTES,15,AGUASCALIENTES,1,AGUASCALIENTES,137,1,81,11,3,4,2,19,59,3,2,1,0,5,0,0,0,0,0,,,190,3,4,197,499
,1,AGUASCALIENTES,14,AGUASCALIENTES,1,AGUASCALIENTES,138,2,353,44,5,8,8,38,190,22,9,5,3,24,3,3,2,0,1,,,718,0,14,732,1442
,1,AGUASCALIENTES,14,AGUASCALIENTES,1,AGUASCALIENTES,139,2,162,32,2,4,15,16,93,7,1,4,2,16,0,0,1,0,2,,,357,0,11,368,828
,1,AGUASCALIENTES,14,AGUASCALIENTES,1,AGUASCALIENTES,140,2,271,46,8,8,7,20,121,5,3,3,1,22,3,0,0,0,0,,,518,0,11,529,895
,1,AGUASCALIENTES,11,AGUASCALIENTES,1,AGUASCALIENTES,141,2,252,24,3,5,26,15,134,8,15,2,1,8,11,0,2,0,0,,,506,0,16,522,993
,1,AGUASCALIENTES,11,AGUASCALIENTES,1,AGUASCALIENTES,142,2,237,30,6,12,5,17,138,8,1,1,4,12,1,0,1,0,2,,,475,3,13,491,789
,1,AGUASCALIENTES,14,AGUASCALIENTES,1,AGUASCALIENTES,143,2,232,31,5,3,0,22,125,6,8,2,1,20,1,0,1,0,1,,,458,0,16,474,854
,1,AGUASCALIENTES,14,AGUASCALIENTES,1,AGUASCALIENTES,144,2,242,41,3,8,11,14,108,7,6,5,3,14,1,0,0,0,0,,,463,1,14,478,908
,1,AGUASCALIENTES,14,AGUASCALIENTES,1,AGUASCALIENTES,145,1,211,21,4,3,7,15,117,6,4,6,0,10,0,0,0,0,0,,,404,0,15,419,731
,1,AGUASCALIENTES,14,AGUASCALIENTES,1,AGUASCALIENTES,146,2,241,52,3,7,3,21,125,21,2,1,2,9,1,0,0,0,0,,,488,0,9,497,1127
,1,AGUASCALIENTES,14,AGUASCALIENTES,1,AGUASCALIENTES,147,2,173,37,5,6,12,31,119,7,3,6,2,3,0,0,0,0,0,,,404,1,15,420,1009
,1,AGUASCALIENTES,14,AGUASCALIENTES,1,AGUASCALIENTES,148,2,244,35,2,9,11,31,203,19,4,4,2,16,2,0,1,0,0,,,583,0,14,597,1444
,1,AGUASCALIENTES,14,AGUASCALIENTES,1,AGUASCALIENTES,149,6,989,130,15,31,25,83,519,43,34,21,8,45,2,3,2,0,0,,,1950,1,55,2006,3873
,1,AGUASCALIENTES,15,AGUASCALIENTES,1,AGUASCALIENTES,150,2,230,24,7,5,6,24,166,12,6,7,2,9,0,2,1,0,0,,,501,3,16,520,896
,1,AGUASCALIENTES,15,AGUASCALIENTES,1,AGUASCALIENTES,151,1,139,27,12,6,1,17,83,11,9,6,3,3,1,0,0,0,0,,,318,1,8,327,747
,1,AGUASCALIENTES,15,AGUASCALIENTES,1,AGUASCALIENTES,152,4,584,78,35,22,17,52,318,24,21,19,8,30,0,0,0,0,0,,,1208,2,48,1258,2883
,1,AGUASCALIENTES,15,AGUASCALIENTES,1,AGUASCALIENTES,153,2,274,45,6,10,9,33,154,11,4,4,2,11,2,2,0,0,0,,,567,8,20,595,981
,1,AGUASCALIENTES,15,AGUASCALIENTES,1,AGUASCALIENTES,154,3,228,37,17,15,6,44,161,13,4,8,9,9,0,1,1,0,0,,,553,3,29,585,1582
,1,AGUASCALIENTES,15,AGUASCALIENTES,1,AGUASCALIENTES,155,16,1909,285,79,90,48,219,1267,79,33,48,29,101,132,0,17,0,3,,,4339,4,92,4435,11315
,1,AGUASCALIENTES,14,AGUASCALIENTES,1,AGUASCALIENTES,156,19,3332,367,68,91,82,454,1365,128,61,62,22,141,14,4,6,2,3,,,6202,9,140,6351,13075
,1,AGUASCALIENTES,14,AGUASCALIENTES,1,AGUASCALIENTES,157,2,178,34,0,6,4,14,113,7,5,2,2,8,1,0,0,0,0,,,374,0,11,385,913
,1,AGUASCALIENTES,14,AGUASCALIENTES,1,AGUASCALIENTES,158,1,122,19,1,1,2,8,45,2,1,1,0,6,0,0,0,0,0,,,208,0,3,211,424
,1,AGUASCALIENTES,14,AGUASCALIENTES,1,AGUASCALIENTES,159,1,212,29,3,5,2,20,73,13,2,1,2,19,0,0,0,0,0,,,381,1,7,389,641
,1,AGUASCALIENTES,14,AGUASCALIENTES,1,AGUASCALIENTES,160,2,296,37,5,6,5,18,144,12,9,6,6,10,0,3,0,0,0,,,557,1,12,570,999
,1,AGUASCALIENTES,18,AGUASCALIENTES,1,AGUASCALIENTES,161,9,2316,226,38,36,28,101,610,36,19,13,6,69,10,2,7,1,1,,,3519,6,53,3578,5915
,1,AGUASCALIENTES,18,AGUASCALIENTES,1,AGUASCALIENTES,162,2,160,29,3,12,6,21,134,8,2,8,8,7,1,0,0,0,0,,,399,0,16,415,871
,1,AGUASCALIENTES,18,AGUASCALIENTES,1,AGUASCALIENTES,163,1,139,12,7,5,1,16,91,8,1,0,3,7,0,0,0,0,0,,,290,0,14,304,702
,1,AGUASCALIENTES,14,AGUASCALIENTES,1,AGUASCALIENTES,164,9,2119,235,35,45,22,160,769,58,32,26,15,91,12,2,0,0,0,,,3621,4,67,3692,6665
,1,AGUASCALIENTES,14,AGUASCALIENTES,1,AGUASCALIENTES,165,2,353,15,9,10,4,47,200,13,6,3,1,21,0,0,0,0,0,,,682,0,19,701,1465
,1,AGUASCALIENTES,14,AGUASCALIENTES,1,AGUASCALIENTES,167,1,210,22,2,9,4,13,100,10,8,6,2,8,1,0,0,0,2,,,397,0,12,409,746
,1,AGUASCALIENTES,14,AGUASCALIENTES,1,AGUASCALIENTES,168,4,794,72,9,23,23,68,385,36,23,20,7,29,3,1,2,0,1,,,1496,3,41,1540,2876
,1,AGUASCALIENTES,14,AGUASCALIENTES,1,AGUASCALIENTES,169,3,437,56,8,16,4,68,256,25,7,15,6,41,2,1,3,0,2,,,947,0,17,964,2088
,1,AGUASCALIENTES,14,AGUASCALIENTES,1,AGUASCALIENTES,170,5,579,65,13,10,15,57,396,20,15,29,6,25,2,1,0,0,0,,,1233,3,39,1275,3003
,1,AGUASCALIENTES,17,AGUASCALIENTES,1,AGUASCALIENTES,171,1,215,21,1,3,3,6,56,4,0,5,1,5,0,0,1,0,0,,,321,1,7,329,596
,1,AGUASCALIENTES,17,AGUASCALIENTES,1,AGUASCALIENTES,172,1,277,39,8,1,1,14,41,5,0,3,0,17,0,1,0,0,0,,,407,1,11,419,735
,1,AGUASCALIENTES,17,AGUASCALIENTES,1,AGUASCALIENTES,173,1,190,11,2,4,2,10,49,4,1,2,0,18,0,0,0,0,0,,,293,0,5,298,520
,1,AGUASCALIENTES,17,AGUASCALIENTES,1,AGUASCALIENTES,174,2,375,31,6,9,5,13,71,12,5,5,0,17,1,0,0,0,1,,,551,0,10,561,982
,1,AGUASCALIENTES,17,AGUASCALIENTES,1,AGUASCALIENTES,175,2,333,34,2,11,3,15,62,2,4,1,1,12,0,0,0,0,0,,,480,1,7,488,816
,1,AGUASCALIENTES,17,AGUASCALIENTES,1,AGUASCALIENTES,176,1,163,22,0,1,0,4,31,1,1,2,1,12,0,0,0,0,0,,,238,0,0,238,375
,1,AGUASCALIENTES,17,AGUASCALIENTES,1,AGUASCALIENTES,177,1,321,21,8,4,2,21,55,3,1,3,0,11,1,0,0,0,1,,,452,1,7,460,693
,1,AGUASCALIENTES,17,AGUASCALIENTES,1,AGUASCALIENTES,178,1,231,21,5,0,5,8,77,7,1,11,0,19,0,0,0,0,0,,,385,1,3,389,688
,1,AGUASCALIENTES,17,AGUASCALIENTES,1,AGUASCALIENTES,179,2,297,22,8,8,3,17,95,4,2,6,1,8,0,0,1,0,0,,,472,1,8,481,846
,1,AGUASCALIENTES,11,AGUASCALIENTES,1,AGUASCALIENTES,180,1,165,21,5,6,4,9,59,6,0,4,0,17,1,0,2,0,0,,,299,0,8,307,523
,1,AGUASCALIENTES,11,AGUASCALIENTES,1,AGUASCALIENTES,181,1,210,23,3,4,3,11,79,11,2,1,0,5,1,0,0,0,0,,,353,0,9,362,635
,1,AGUASCALIENTES,11,AGUASCALIENTES,1,AGUASCALIENTES,182,1,198,24,4,5,2,15,87,4,0,1,1,14,0,0,0,0,0,,,355,1,6,362,593
,1,AGUASCALIENTES,11,AGUASCALIENTES,1,AGUASCALIENTES,183,1,120,16,0,3,2,4,46,7,1,3,1,9,0,0,0,0,0,,,212,0,8,220,412
,1,AGUASCALIENTES,11,AGUASCALIENTES,1,AGUASCALIENTES,184,2,256,25,2,9,4,8,87,4,0,2,1,12,0,0,0,0,0,,,410,1,10,421,790
,1,AGUASCALIENTES,11,AGUASCALIENTES,1,AGUASCALIENTES,185,1,83,13,1,5,1,12,37,1,0,3,0,6,3,0,1,0,0,,,166,0,12,178,315
,1,AGUASCALIENTES,11,AGUASCALIENTES,1,AGUASCALIENTES,186,1,98,18,2,2,3,9,40,0,0,5,1,11,0,0,0,0,0,,,189,0,7,196,368
,1,AGUASCALIENTES,11,AGUASCALIENTES,1,AGUASCALIENTES,187,1,168,18,1,4,1,9,75,5,0,2,0,14,0,0,0,0,0,,,297,0,4,301,613
,1,AGUASCALIENTES,11,AGUASCALIENTES,1,AGUASCALIENTES,188,2,292,37,14,6,10,20,163,17,4,1,0,25,1,0,0,0,0,,,590,1,9,600,1068
,1,AGUASCALIENTES,11,AGUASCALIENTES,1,AGUASCALIENTES,189,2,346,32,17,14,7,21,123,10,0,4,5,15,0,0,1,0,0,,,595,1,13,609,1091
,1,AGUASCALIENTES,11,AGUASCALIENTES,1,AGUASCALIENTES,190,3,512,57,11,19,5,20,135,12,4,3,2,25,1,1,4,0,1,,,812,0,7,819,1507
,1,AGUASCALIENTES,11,AGUASCALIENTES,1,AGUASCALIENTES,191,1,131,28,4,1,4,12,88,4,5,2,2,13,1,1,0,0,0,,,296,1,10,307,585
,1,AGUASCALIENTES,11,AGUASCALIENTES,1,AGUASCALIENTES,192,2,210,36,2,9,2,25,126,11,2,3,2,11,0,0,0,0,0,,,439,1,22,462,936
,1,AGUASCALIENTES,11,AGUASCALIENTES,1,AGUASCALIENTES,193,2,192,32,5,4,3,36,98,5,1,2,4,7,1,0,2,0,0,,,392,0,7,399,898
,1,AGUASCALIENTES,11,AGUASCALIENTES,1,AGUASCALIENTES,194,3,493,64,6,16,5,34,209,10,8,11,1,24,0,1,1,0,1,,,884,1,20,905,1751
,1,AGUASCALIENTES,11,AGUASCALIENTES,1,AGUASCALIENTES,195,2,354,36,6,8,13,23,93,3,3,8,1,13,1,0,3,0,0,,,565,1,14,580,1021
,1,AGUASCALIENTES,11,AGUASCALIENTES,1,AGUASCALIENTES,196,1,228,20,2,10,3,9,74,5,1,6,1,6,0,1,0,0,0,,,366,0,8,374,694
,1,AGUASCALIENTES,11,AGUASCALIENTES,1,AGUASCALIENTES,197,2,324,30,6,10,5,8,94,3,3,2,0,12,1,0,1,0,0,,,499,2,5,506,815
,1,AGUASCALIENTES,17,AGUASCALIENTES,1,AGUASCALIENTES,198,1,155,31,5,2,1,8,47,7,3,1,2,13,1,0,0,0,0,,,276,0,9,285,586
,1,AGUASCALIENTES,17,AGUASCALIENTES,1,AGUASCALIENTES,199,1,149,23,1,4,2,9,91,6,2,5,0,5,0,0,0,0,0,,,297,1,8,306,603
,1,AGUASCALIENTES,11,AGUASCALIENTES,1,AGUASCALIENTES,200,2,370,25,2,4,2,14,126,3,0,11,0,20,0,0,0,0,0,,,577,0,14,591,1002
,1,AGUASCALIENTES,11,AGUASCALIENTES,1,AGUASCALIENTES,201,2,337,53,10,7,2,15,105,6,1,5,0,13,0,0,1,0,0,,,555,0,9,564,894
,1,AGUASCALIENTES,11,AGUASCALIENTES,1,AGUASCALIENTES,202,2,190,14,5,8,4,13,73,6,1,2,2,14,0,1,0,0,0,,,333,0,13,346,777
,1,AGUASCALIENTES,11,AGUASCALIENTES,1,AGUASCALIENTES,203,1,135,31,3,10,2,16,100,5,1,4,0,7,1,0,1,0,0,,,316,0,14,330,680
,1,AGUASCALIENTES,11,AGUASCALIENTES,1,AGUASCALIENTES,204,2,245,33,5,9,2,31,127,17,3,4,0,8,1,0,3,0,0,,,488,0,12,500,1076
,1,AGUASCALIENTES,11,AGUASCALIENTES,1,AGUASCALIENTES,205,2,184,32,5,11,6,16,178,13,3,5,0,7,0,0,0,0,0,,,460,0,7,467,926
,1,AGUASCALIENTES,11,AGUASCALIENTES,1,AGUASCALIENTES,206,1,112,17,2,7,0,12,75,7,0,2,3,1,0,0,0,0,0,,,238,1,3,242,515
,1,AGUASCALIENTES,11,AGUASCALIENTES,1,AGUASCALIENTES,207,2,249,27,3,6,5,21,142,12,4,7,4,4,0,0,0,0,0,,,484,1,16,501,1031
,1,AGUASCALIENTES,11,AGUASCALIENTES,1,AGUASCALIENTES,208,2,631,53,10,6,1,26,89,5,17,1,2,33,1,0,1,0,0,,,876,2,8,886,1288
,1,AGUASCALIENTES,11,AGUASCALIENTES,1,AGUASCALIENTES,209,2,596,52,3,7,3,28,69,2,1,1,0,20,1,0,0,0,0,,,783,1,6,790,1056
,1,AGUASCALIENTES,11,AGUASCALIENTES,1,AGUASCALIENTES,210,2,612,38,5,3,2,19,69,4,1,0,0,11,2,0,0,0,0,,,766,0,8,774,1117
,1,AGUASCALIENTES,11,AGUASCALIENTES,1,AGUASCALIENTES,211,1,134,29,0,5,4,3,69,2,1,2,3,6,0,1,1,0,2,,,262,1,8,271,583
,1,AGUASCALIENTES,11,AGUASCALIENTES,1,AGUASCALIENTES,212,1,160,18,1,6,9,10,74,5,1,3,1,6,1,1,1,1,1,,,299,0,8,307,671
,1,AGUASCALIENTES,11,AGUASCALIENTES,1,AGUASCALIENTES,213,1,151,25,3,4,8,19,104,11,3,8,0,4,1,0,0,0,0,,,341,2,9,352,705
,1,AGUASCALIENTES,17,AGUASCALIENTES,1,AGUASCALIENTES,214,2,462,32,6,8,5,17,94,5,2,3,0,16,2,0,1,0,0,,,653,0,5,658,980
,1,AGUASCALIENTES,17,AGUASCALIENTES,1,AGUASCALIENTES,215,2,540,37,10,4,4,25,83,3,9,3,2,25,0,0,0,0,0,,,745,0,12,757,1112
,1,AGUASCALIENTES,17,AGUASCALIENTES,1,AGUASCALIENTES,216,2,403,24,0,12,6,10,76,9,4,3,2,5,2,0,0,0,0,,,556,0,5,561,872
,1,AGUASCALIENTES,17,AGUASCALIENTES,1,AGUASCALIENTES,217,2,408,34,2,2,4,13,76,9,4,2,2,16,2,0,0,0,0,,,574,0,4,578,936
,1,AGUASCALIENTES,17,AGUASCALIENTES,1,AGUASCALIENTES,218,5,848,68,14,18,10,39,269,23,6,6,5,44,4,0,4,0,0,,,1358,0,28,1386,1551
,1,AGUASCALIENTES,17,AGUASCALIENTES,1,AGUASCALIENTES,219,2,320,20,3,6,3,9,82,5,2,6,1,10,4,0,1,0,0,,,472,0,8,480,766
,1,AGUASCALIENTES,17,AGUASCALIENTES,1,AGUASCALIENTES,220,2,534,44,7,6,2,22,105,11,1,4,2,20,0,0,0,0,0,,,758,2,16,776,1270
,1,AGUASCALIENTES,17,AGUASCALIENTES,1,AGUASCALIENTES,221,2,480,33,5,3,4,18,93,5,4,1,0,15,0,0,0,0,0,,,661,0,12,673,959
,1,AGUASCALIENTES,17,AGUASCALIENTES,1,AGUASCALIENTES,222,2,615,43,10,5,10,26,140,12,1,3,4,26,1,0,0,0,0,,,896,2,13,911,1430
,1,AGUASCALIENTES,17,AGUASCALIENTES,1,AGUASCALIENTES,223,1,224,27,1,9,2,6,73,8,3,2,0,10,0,0,0,0,0,,,365,1,15,381,721
,1,AGUASCALIENTES,17,AGUASCALIENTES,1,AGUASCALIENTES,224,2,376,30,6,6,2,22,130,8,8,4,0,22,2,0,0,0,2,,,618,2,12,632,1102
,1,AGUASCALIENTES,17,AGUASCALIENTES,1,AGUASCALIENTES,225,2,389,43,4,4,3,13,143,9,3,3,2,8,1,0,0,0,1,,,626,0,17,643,965
,1,AGUASCALIENTES,17,AGUASCALIENTES,1,AGUASCALIENTES,226,2,428,42,4,7,7,11,73,4,4,0,1,19,1,0,1,0,0,,,602,4,7,613,904
,1,AGUASCALIENTES,17,AGUASCALIENTES,1,AGUASCALIENTES,227,2,155,15,4,8,6,14,98,9,2,3,3,5,0,0,0,0,0,,,322,1,9,332,786
,1,AGUASCALIENTES,17,AGUASCALIENTES,1,AGUASCALIENTES,228,2,173,19,4,6,10,11,106,12,6,3,4,10,1,0,2,0,0,,,367,1,18,386,772
,1,AGUASCALIENTES,17,AGUASCALIENTES,1,AGUASCALIENTES,229,2,231,26,3,11,2,17,108,9,4,4,3,4,0,0,0,0,0,,,422,1,10,433,762
,1,AGUASCALIENTES,17,AGUASCALIENTES,1,AGUASCALIENTES,230,2,446,47,8,7,5,21,189,11,7,4,1,15,2,0,1,0,0,,,764,1,17,782,1298
,1,AGUASCALIENTES,17,AGUASCALIENTES,1,AGUASCALIENTES,231,2,477,45,5,8,6,27,179,9,4,9,5,26,1,0,1,0,0,,,802,2,15,819,1456
,1,AGUASCALIENTES,17,AGUASCALIENTES,1,AGUASCALIENTES,232,2,178,26,8,2,6,15,106,8,1,6,0,15,0,0,2,0,0,,,373,0,9,382,771
,1,AGUASCALIENTES,17,AGUASCALIENTES,1,AGUASCALIENTES,233,2,137,22,9,7,10,25,87,4,3,12,2,6,0,0,1,0,0,,,325,0,17,342,927
,1,AGUASCALIENTES,17,AGUASCALIENTES,1,AGUASCALIENTES,234,2,119,19,6,8,2,7,110,6,4,9,5,6,2,0,0,0,0,,,303,0,7,310,782
,1,AGUASCALIENTES,17,AGUASCALIENTES,1,AGUASCALIENTES,235,1,92,16,3,0,6,10,95,6,2,5,2,5,0,0,1,0,1,,,244,0,15,259,618
,1,AGUASCALIENTES,17,AGUASCALIENTES,1,AGUASCALIENTES,236,2,212,27,4,8,5,23,162,14,2,9,3,13,0,0,0,0,0,,,482,0,13,495,1231
,1,AGUASCALIENTES,17,AGUASCALIENTES,1,AGUASCALIENTES,237,2,115,18,1,4,4,27,68,6,0,3,2,4,0,0,0,0,0,,,252,0,8,260,787
,1,AGUASCALIENTES,17,AGUASCALIENTES,1,AGUASCALIENTES,238,2,121,26,8,11,8,23,133,7,5,2,2,7,0,0,1,0,0,,,354,0,7,361,806
,1,AGUASCALIENTES,17,AGUASCALIENTES,1,AGUASCALIENTES,239,2,97,10,2,1,4,30,105,10,2,3,0,4,1,0,0,0,1,,,270,0,6,276,836
,1,AGUASCALIENTES,17,AGUASCALIENTES,1,AGUASCALIENTES,240,1,82,18,3,6,8,14,108,8,0,2,1,1,0,0,0,0,0,,,251,0,9,260,696
,1,AGUASCALIENTES,17,AGUASCALIENTES,1,AGUASCALIENTES,241,1,163,27,4,1,3,12,76,9,1,4,1,13,1,0,2,0,0,,,317,0,10,327,620
,1,AGUASCALIENTES,17,AGUASCALIENTES,1,AGUASCALIENTES,242,1,138,8,0,4,2,12,62,10,4,2,2,5,1,0,1,0,0,,,251,0,5,256,589
,1,AGUASCALIENTES,17,AGUASCALIENTES,1,AGUASCALIENTES,243,2,208,29,2,13,9,29,145,18,2,10,4,15,2,0,0,0,0,,,486,0,19,505,1206
,1,AGUASCALIENTES,17,AGUASCALIENTES,1,AGUASCALIENTES,244,2,171,29,5,6,6,30,115,16,8,7,1,11,0,0,0,0,0,,,405,0,10,415,1123
,1,AGUASCALIENTES,17,AGUASCALIENTES,1,AGUASCALIENTES,245,2,125,15,4,10,3,21,105,8,4,4,0,6,1,0,1,0,0,,,307,4,12,323,827
,1,AGUASCALIENTES,9,AGUASCALIENTES,1,AGUASCALIENTES,246,2,149,34,4,2,7,70,110,10,5,0,5,6,0,0,0,0,0,,,402,0,20,422,985
,1,AGUASCALIENTES,9,AGUASCALIENTES,1,AGUASCALIENTES,247,2,148,22,4,2,3,66,94,12,6,4,0,7,0,0,0,0,0,,,368,0,13,381,922
,1,AGUASCALIENTES,9,AGUASCALIENTES,1,AGUASCALIENTES,248,2,98,15,2,4,2,61,82,8,1,7,1,3,2,0,1,0,0,,,287,0,11,298,774
,1,AGUASCALIENTES,9,AGUASCALIENTES,1,AGUASCALIENTES,249,2,178,28,6,14,8,38,134,11,5,4,0,21,2,1,0,0,0,,,450,1,8,459,1320
,1,AGUASCALIENTES,9,AGUASCALIENTES,1,AGUASCALIENTES,250,2,134,27,6,8,3,31,91,7,4,5,2,16,1,0,1,0,0,,,336,0,7,343,862
,1,AGUASCALIENTES,9,AGUASCALIENTES,1,AGUASCALIENTES,251,2,121,27,5,6,7,28,118,9,2,2,4,61,0,0,0,0,0,,,390,0,17,407,1030
,1,AGUASCALIENTES,9,AGUASCALIENTES,1,AGUASCALIENTES,252,2,134,13,9,3,6,16,88,6,3,6,5,10,0,0,0,0,1,,,300,0,18,318,1014
,1,AGUASCALIENTES,9,AGUASCALIENTES,1,AGUASCALIENTES,253,2,154,14,2,2,4,9,77,8,3,2,2,17,0,0,0,0,0,,,294,0,5,299,894
,1,AGUASCALIENTES,9,AGUASCALIENTES,1,AGUASCALIENTES,254,2,116,13,1,4,5,15,48,7,5,3,5,12,0,0,1,0,0,,,235,1,13,249,845
,1,AGUASCALIENTES,9,AGUASCALIENTES,1,AGUASCALIENTES,255,2,117,20,5,8,6,34,74,7,3,4,2,8,2,0,0,0,0,,,290,1,9,300,814
,1,AGUASCALIENTES,9,AGUASCALIENTES,1,AGUASCALIENTES,256,2,178,27,10,6,3,47,87,9,4,8,2,6,2,0,0,0,0,,,389,0,10,399,1100
,1,AGUASCALIENTES,9,AGUASCALIENTES,1,AGUASCALIENTES,257,6,775,69,11,35,12,102,366,47,14,17,7,56,5,1,2,0,0,,,1519,1,66,1586,3827
,1,AGUASCALIENTES,9,AGUASCALIENTES,1,AGUASCALIENTES,258,2,254,26,3,8,4,45,143,23,2,4,1,8,0,2,0,0,0,,,523,0,14,537,1293
,1,AGUASCALIENTES,18,AGUASCALIENTES,1,AGUASCALIENTES,259,1,105,8,2,6,5,14,38,3,2,1,0,1,0,0,0,0,0,,,185,0,11,196,430
,1,AGUASCALIENTES,18,AGUASCALIENTES,1,AGUASCALIENTES,260,3,535,43,15,19,4,40,222,19,7,11,2,23,2,1,1,0,0,,,944,2,24,970,1992
,1,AGUASCALIENTES,9,AGUASCALIENTES,1,AGUASCALIENTES,261,2,199,17,3,10,6,57,109,21,5,7,0,12,0,0,0,0,0,,,446,1,12,459,959
,1,AGUASCALIENTES,9,AGUASCALIENTES,1,AGUASCALIENTES,262,1,125,15,3,6,3,33,55,14,1,4,1,3,1,0,0,1,0,,,265,0,8,273,592
,1,AGUASCALIENTES,9,AGUASCALIENTES,1,AGUASCALIENTES,263,1,151,10,0,7,3,27,79,18,1,3,2,11,1,0,0,0,0,,,313,0,9,322,745
,1,AGUASCALIENTES,9,AGUASCALIENTES,1,AGUASCALIENTES,264,2,187,24,5,8,7,28,92,35,0,3,1,7,0,0,2,0,0,,,399,0,10,409,898
,1,AGUASCALIENTES,9,AGUASCALIENTES,1,AGUASCALIENTES,265,2,151,17,0,13,2,43,81,17,2,6,3,5,0,0,0,0,0,,,340,0,14,354,809
,1,AGUASCALIENTES,9,AGUASCALIENTES,1,AGUASCALIENTES,266,1,161,14,0,6,6,26,104,11,7,4,1,6,0,0,0,0,0,,,346,0,11,357,710
,1,AGUASCALIENTES,9,AGUASCALIENTES,1,AGUASCALIENTES,267,2,228,30,10,12,2,43,165,20,5,5,0,11,0,1,0,0,0,,,532,12,5,549,1305
,1,AGUASCALIENTES,9,AGUASCALIENTES,1,AGUASCALIENTES,268,1,151,22,2,3,7,13,78,3,3,3,0,3,0,0,0,0,0,,,288,1,5,294,647
,1,AGUASCALIENTES,9,AGUASCALIENTES,1,AGUASCALIENTES,269,2,192,30,2,8,2,18,97,4,2,4,3,13,1,0,2,0,0,,,378,0,8,386,836
,1,AGUASCALIENTES,9,AGUASCALIENTES,1,AGUASCALIENTES,270,12,2117,204,37,64,22,167,878,103,24,57,8,124,6,3,2,0,0,,,3816,3,113,3932,8292
,1,AGUASCALIENTES,10,AGUASCALIENTES,1,AGUASCALIENTES,271,2,207,24,7,10,5,6,96,7,4,6,2,5,0,0,0,0,0,,,379,1,15,395,857
,1,AGUASCALIENTES,10,AGUASCALIENTES,1,AGUASCALIENTES,272,2,229,41,2,12,2,14,88,13,3,6,3,7,3,0,0,0,0,,,423,0,15,438,803
,1,AGUASCALIENTES,10,AGUASCALIENTES,1,AGUASCALIENTES,273,1,214,30,5,3,5,14,81,12,3,1,0,7,0,0,0,0,0,,,375,1,17,393,725
,1,AGUASCALIENTES,17,AGUASCALIENTES,1,AGUASCALIENTES,274,2,279,33,2,8,7,15,60,6,0,3,0,8,3,0,0,0,0,,,424,3,9,436,756
,1,AGUASCALIENTES,17,AGUASCALIENTES,1,AGUASCALIENTES,275,2,268,24,7,8,7,11,81,12,9,2,1,9,2,0,0,0,0,,,441,0,13,454,844
,1,AGUASCALIENTES,17,AGUASCALIENTES,1,AGUASCALIENTES,276,2,352,36,8,9,3,13,65,4,0,3,0,30,1,0,1,0,0,,,525,2,9,536,926
,1,AGUASCALIENTES,17,AGUASCALIENTES,1,AGUASCALIENTES,277,1,281,32,3,3,1,11,74,7,0,2,1,11,0,0,0,0,0,,,426,0,10,436,747
,1,AGUASCALIENTES,17,AGUASCALIENTES,1,AGUASCALIENTES,278,1,333,32,5,5,7,10,73,5,1,3,1,5,7,0,7,0,0,,,494,0,5,499,729
,1,AGUASCALIENTES,10,AGUASCALIENTES,1,AGUASCALIENTES,279,1,333,20,1,4,1,9,56,3,1,1,0,14,1,0,0,0,0,,,444,0,5,449,609
,1,AGUASCALIENTES,10,AGUASCALIENTES,1,AGUASCALIENTES,280,1,259,25,4,3,17,47,4,2,3,0,9,2,0,0,0,0,0,,,375,0,14,389,595
,1,AGUASCALIENTES,10,AGUASCALIENTES,1,AGUASCALIENTES,281,1,282,24,3,5,4,12,68,2,3,1,0,8,1,0,0,0,0,,,413,1,5,419,659
,1,AGUASCALIENTES,10,AGUASCALIENTES,1,AGUASCALIENTES,282,2,306,26,10,6,8,12,95,3,4,6,2,9,1,0,0,0,0,,,488,1,13,502,960
,1,AGUASCALIENTES,10,AGUASCALIENTES,1,AGUASCALIENTES,283,1,343,28,5,5,2,16,37,3,1,0,1,10,0,0,0,0,0,,,451,0,6,457,630
,1,AGUASCALIENTES,10,AGUASCALIENTES,1,AGUASCALIENTES,284,2,239,34,2,11,6,19,149,10,3,7,3,20,0,1,0,0,0,,,504,1,26,531,1075
,1,AGUASCALIENTES,17,AGUASCALIENTES,1,AGUASCALIENTES,285,1,212,20,4,4,4,9,80,10,1,2,0,1,0,0,0,0,0,,,347,0,5,352,621
,1,AGUASCALIENTES,17,AGUASCALIENTES,1,AGUASCALIENTES,286,1,184,22,3,4,4,7,53,3,3,3,0,12,0,0,0,0,0,,,298,0,5,303,537
,1,AGUASCALIENTES,17,AGUASCALIENTES,1,AGUASCALIENTES,287,1,145,16,2,2,2,9,65,4,5,1,1,1,0,0,0,0,0,,,253,0,6,259,571
,1,AGUASCALIENTES,17,AGUASCALIENTES,1,AGUASCALIENTES,288,2,229,26,8,6,7,13,75,11,3,2,1,20,0,0,1,0,0,,,402,0,12,414,790
,1,AGUASCALIENTES,17,AGUASCALIENTES,1,AGUASCALIENTES,289,1,219,22,12,7,5,12,62,9,0,1,2,10,0,0,0,0,0,,,361,0,9,370,730
,1,AGUASCALIENTES,17,AGUASCALIENTES,1,AGUASCALIENTES,290,1,218,19,5,2,7,8,66,2,3,1,3,8,1,0,0,0,0,,,343,0,5,348,673
,1,AGUASCALIENTES,17,AGUASCALIENTES,1,AGUASCALIENTES,291,2,347,44,3,11,8,22,136,10,3,7,2,30,0,1,0,0,0,,,624,1,15,640,1234
,1,AGUASCALIENTES,17,AGUASCALIENTES,1,AGUASCALIENTES,292,2,208,25,7,7,3,34,100,12,5,1,1,16,0,0,1,0,0,,,420,0,16,436,1001
,1,AGUASCALIENTES,10,AGUASCALIENTES,1,AGUASCALIENTES,293,2,259,31,4,6,1,19,135,7,7,8,1,7,0,0,0,0,0,,,485,0,15,500,910
,1,AGUASCALIENTES,17,AGUASCALIENTES,1,AGUASCALIENTES,294,2,231,35,4,6,13,18,95,16,1,4,1,16,0,1,0,0,1,,,442,3,14,459,1004
,1,AGUASCALIENTES,17,AGUASCALIENTES,1,AGUASCALIENTES,295,2,281,39,2,7,7,18,125,6,4,5,2,16,1,0,2,0,0,,,515,2,14,531,1105
,1,AGUASCALIENTES,17,AGUASCALIENTES,1,AGUASCALIENTES,296,2,254,33,6,15,8,13,127,8,4,11,1,23,4,0,0,0,0,,,507,0,18,525,988
,1,AGUASCALIENTES,17,AGUASCALIENTES,1,AGUASCALIENTES,297,2,214,30,11,5,8,23,67,6,4,3,0,7,1,0,1,0,0,,,380,0,11,391,841
,1,AGUASCALIENTES,17,AGUASCALIENTES,1,AGUASCALIENTES,298,2,296,26,5,7,1,23,155,13,3,3,4,16,0,0,0,0,0,,,552,0,18,570,1208
,1,AGUASCALIENTES,17,AGUASCALIENTES,1,AGUASCALIENTES,299,2,247,34,7,11,4,12,127,12,3,5,4,25,0,0,0,0,0,,,491,0,17,508,1168
,1,AGUASCALIENTES,10,AGUASCALIENTES,1,AGUASCALIENTES,300,2,244,34,5,9,14,18,152,14,4,4,0,10,1,0,0,0,0,,,509,2,16,527,970
,1,AGUASCALIENTES,10,AGUASCALIENTES,1,AGUASCALIENTES,301,7,2065,188,38,38,18,85,555,23,12,10,5,101,1,0,4,0,0,,,3143,5,52,3200,5074
,1,AGUASCALIENTES,10,AGUASCALIENTES,1,AGUASCALIENTES,302,3,573,50,7,10,13,23,201,7,8,6,1,38,1,0,3,0,0,,,941,0,27,968,1918
,1,AGUASCALIENTES,10,AGUASCALIENTES,1,AGUASCALIENTES,303,3,607,65,7,20,5,47,192,19,8,10,6,37,2,0,2,0,0,,,1027,0,29,1056,1888
,1,AGUASCALIENTES,10,AGUASCALIENTES,1,AGUASCALIENTES,304,2,251,27,4,3,6,23,155,7,6,1,1,17,1,0,0,0,0,,,502,0,12,514,1186
,1,AGUASCALIENTES,10,AGUASCALIENTES,1,AGUASCALIENTES,305,2,199,32,3,12,6,14,138,14,7,4,4,11,1,0,1,0,0,,,446,0,19,465,1107
,1,AGUASCALIENTES,10,AGUASCALIENTES,1,AGUASCALIENTES,306,2,203,44,6,8,6,9,169,8,3,1,2,16,0,1,2,0,0,,,478,0,10,488,1038
,1,AGUASCALIENTES,10,AGUASCALIENTES,1,AGUASCALIENTES,307,2,311,28,8,13,7,26,158,15,6,1,4,30,2,1,1,0,0,,,611,0,22,633,1216
,1,AGUASCALIENTES,10,AGUASCALIENTES,1,AGUASCALIENTES,308,2,235,35,5,7,7,44,103,11,9,4,7,18,0,0,0,0,0,,,485,1,2,488,926
,1,AGUASCALIENTES,10,AGUASCALIENTES,1,AGUASCALIENTES,309,2,305,29,2,4,6,29,118,3,3,1,1,14,3,0,0,0,0,,,518,0,19,537,1014
,1,AGUASCALIENTES,9,AGUASCALIENTES,1,AGUASCALIENTES,310,2,299,29,8,5,2,33,109,16,6,6,2,41,1,0,0,0,0,,,557,1,17,575,1068
,1,AGUASCALIENTES,9,AGUASCALIENTES,1,AGUASCALIENTES,311,2,263,52,6,4,2,25,167,11,11,2,1,21,3,0,1,0,0,,,569,1,10,580,1084
,1,AGUASCALIENTES,9,AGUASCALIENTES,1,AGUASCALIENTES,312,2,279,49,7,10,4,37,145,24,12,7,1,20,2,0,0,0,0,,,597,1,16,614,1146
,1,AGUASCALIENTES,9,AGUASCALIENTES,1,AGUASCALIENTES,313,2,244,36,18,9,8,52,149,26,8,3,0,12,0,0,0,0,0,,,565,0,13,578,1269
,1,AGUASCALIENTES,9,AGUASCALIENTES,1,AGUASCALIENTES,314,2,246,24,3,8,6,36,114,6,5,0,0,12,133,57,0,0,0,,,650,1,15,666,1127
,1,AGUASCALIENTES,18,AGUASCALIENTES,1,AGUASCALIENTES,315,6,914,114,9,32,19,69,279,21,13,44,6,26,0,0,1,0,0,,,1547,1,79,1627,3946
,1,AGUASCALIENTES,12,AGUASCALIENTES,1,AGUASCALIENTES,316,4,552,118,21,13,12,21,429,21,12,22,5,18,3,2,3,0,1,,,1253,0,36,1289,2799
,1,AGUASCALIENTES,12,AGUASCALIENTES,1,AGUASCALIENTES,317,4,600,101,16,39,23,22,380,14,13,10,6,13,3,2,0,0,1,,,1243,0,23,1266,2649
,1,AGUASCALIENTES,6,AGUASCALIENTES,1,AGUASCALIENTES,320,7,2075,161,21,24,21,110,328,19,16,9,4,38,2,1,0,0,0,,,2829,1,32,2862,5242
,1,AGUASCALIENTES,10,AGUASCALIENTES,1,AGUASCALIENTES,321,3,623,45,9,8,7,42,87,3,6,14,1,10,4,0,0,0,0,,,859,0,20,879,1681
,1,AGUASCALIENTES,10,AGUASCALIENTES,1,AGUASCALIENTES,322,14,2798,259,60,60,46,130,951,64,30,27,23,85,25,1,3,0,0,,,4562,9,99,4670,9246
,1,AGUASCALIENTES,18,AGUASCALIENTES,1,AGUASCALIENTES,323,10,1064,145,27,37,19,105,534,43,10,35,7,46,1,0,3,0,0,,,2076,6,51,2133,5943
,1,AGUASCALIENTES,18,AGUASCALIENTES,1,AGUASCALIENTES,324,3,354,42,3,12,11,67,121,18,8,7,2,15,0,0,0,0,0,,,660,0,27,687,1953
,1,AGUASCALIENTES,9,AGUASCALIENTES,1,AGUASCALIENTES,326,11,2702,236,36,44,25,146,704,53,21,15,12,80,11,2,3,0,0,,,4090,8,50,4148,7555
,1,AGUASCALIENTES,10,AGUASCALIENTES,1,AGUASCALIENTES,327,8,2293,172,19,30,31,72,362,27,14,17,4,44,6,1,1,1,1,,,3095,2,45,3142,5297
,1,AGUASCALIENTES,10,AGUASCALIENTES,1,AGUASCALIENTES,328,3,420,49,3,11,28,39,98,12,7,9,4,8,1,0,0,0,0,,,689,0,22,711,1569
,1,AGUASCALIENTES,9,AGUASCALIENTES,1,AGUASCALIENTES,329,2,183,52,2,3,7,13,149,6,8,1,3,5,0,1,2,0,0,,,435,0,14,449,1033
,1,AGUASCALIENTES,9,AGUASCALIENTES,1,AGUASCALIENTES,330,4,457,100,2,20,13,83,138,12,9,11,17,25,1,0,1,0,0,,,889,0,29,918,2657
,1,AGUASCALIENTES,9,AGUASCALIENTES,1,AGUASCALIENTES,331,7,1030,131,10,37,14,67,347,33,8,9,5,35,2,1,1,0,0,,,1730,0,48,1778,4021
,1,AGUASCALIENTES,18,AGUASCALIENTES,1,AGUASCALIENTES,332,4,262,54,4,16,7,14,210,7,2,8,4,7,1,0,1,0,0,,,597,0,14,611,2547
,1,AGUASCALIENTES,9,AGUASCALIENTES,1,AGUASCALIENTES,333,4,416,102,9,22,10,44,355,13,8,12,8,17,2,3,2,0,3,,,1026,0,26,1052,2234
,1,AGUASCALIENTES,9,AGUASCALIENTES,1,AGUASCALIENTES,334,3,344,55,2,12,11,39,236,9,2,7,4,7,0,0,0,0,0,,,728,0,15,743,1973
,1,AGUASCALIENTES,9,AGUASCALIENTES,1,AGUASCALIENTES,335,1,153,21,2,3,4,9,64,2,5,5,4,14,0,0,1,0,0,,,287,0,16,303,747
,1,AGUASCALIENTES,9,AGUASCALIENTES,1,AGUASCALIENTES,336,2,186,59,4,8,9,29,152,17,2,24,6,21,2,0,1,0,1,,,521,0,28,549,1229
,1,AGUASCALIENTES,9,AGUASCALIENTES,1,AGUASCALIENTES,337,2,177,78,4,11,3,13,131,5,9,3,2,12,2,0,0,0,0,,,450,0,21,471,1293
,1,AGUASCALIENTES,2,PALO ALTO,2,ASIENTOS,338,3,611,21,0,30,17,6,472,9,6,1,5,8,1,,,,,,,1187,0,22,1209,1833
,1,AGUASCALIENTES,2,PALO ALTO,2,ASIENTOS,339,3,606,16,1,38,11,9,390,8,6,1,6,13,4,,,,,,,1109,0,16,1125,1745
,1,AGUASCALIENTES,2,PALO ALTO,2,ASIENTOS,340,3,443,20,1,22,19,46,561,6,23,4,4,21,0,,,,,,,1170,0,22,1192,1847
,1,AGUASCALIENTES,2,PALO ALTO,2,ASIENTOS,341,3,529,15,8,11,37,99,742,1,14,3,13,47,0,,,,,,,1519,0,27,1546,2137
,1,AGUASCALIENTES,2,PALO ALTO,2,ASIENTOS,342,3,450,7,2,5,11,23,647,6,10,5,22,10,1,,,,,,,1199,0,19,1218,1615
,1,AGUASCALIENTES,2,PALO ALTO,2,ASIENTOS,343,5,654,29,15,39,53,13,1290,9,25,10,22,17,3,,,,,,,2179,0,49,2228,3214
,1,AGUASCALIENTES,2,PALO ALTO,2,ASIENTOS,344,4,666,55,23,12,42,20,934,7,41,15,25,8,4,,,,,,,1852,0,46,1898,2692
,1,AGUASCALIENTES,2,PALO ALTO,2,ASIENTOS,345,4,360,155,76,15,25,14,595,4,10,21,17,9,4,,,,,,,1305,0,27,1332,2300
,1,AGUASCALIENTES,2,PALO ALTO,2,ASIENTOS,346,3,330,41,14,10,16,14,676,8,18,24,61,8,1,,,,,,,1221,0,22,1243,1915
,1,AGUASCALIENTES,2,PALO ALTO,2,ASIENTOS,347,4,512,17,27,17,29,15,1130,6,29,19,42,14,1,,,,,,,1858,0,50,1908,2736
,1,AGUASCALIENTES,2,PALO ALTO,2,ASIENTOS,348,3,240,21,40,3,27,5,738,1,27,10,31,27,7,,,,,,,1177,0,17,1194,1827
,1,AGUASCALIENTES,2,PALO ALTO,2,ASIENTOS,349,4,464,20,44,7,59,17,915,2,41,5,42,11,1,,,,,,,1628,0,31,1659,2622
,1,AGUASCALIENTES,2,PALO ALTO,2,ASIENTOS,350,4,406,45,36,15,20,13,799,3,28,38,19,31,3,,,,,,,1456,0,43,1499,2678
,1,AGUASCALIENTES,2,PALO ALTO,2,ASIENTOS,351,3,211,27,138,8,25,6,555,1,16,4,10,9,9,,,,,,,1019,0,26,1045,1502
,1,AGUASCALIENTES,2,PALO ALTO,2,ASIENTOS,352,4,433,66,16,8,60,7,816,4,19,10,17,18,1,,,,,,,1475,0,29,1504,2468
,1,AGUASCALIENTES,2,PALO ALTO,2,ASIENTOS,353,3,222,29,20,2,28,9,790,1,16,6,9,10,2,,,,,,,1144,1,22,1167,1630
,1,AGUASCALIENTES,2,PALO ALTO,2,ASIENTOS,354,2,194,57,4,10,35,19,536,3,7,7,12,12,1,,,,,,,897,0,8,905,1460
,1,AGUASCALIENTES,8,CALVILLO,3,CALVILLO,355,3,423,67,9,13,3,10,117,129,20,4,1,86,2,,,,,,,884,0,19,903,1655
,1,AGUASCALIENTES,8,CALVILLO,3,CALVILLO,356,4,646,67,12,21,13,23,226,340,43,2,8,70,5,,,,,,,1476,0,40,1516,2829
,1,AGUASCALIENTES,8,CALVILLO,3,CALVILLO,357,3,415,93,8,17,11,9,112,144,20,6,2,90,0,,,,,,,927,0,19,946,1803
,1,AGUASCALIENTES,8,CALVILLO,3,CALVILLO,358,5,770,93,22,35,33,49,288,244,35,8,5,165,2,,,,,,,1749,0,67,1816,3635
,1,AGUASCALIENTES,8,CALVILLO,3,CALVILLO,359,2,231,30,7,10,6,12,72,96,10,1,0,56,1,,,,,,,532,1,13,546,1109
,1,AGUASCALIENTES,8,CALVILLO,3,CALVILLO,360,2,150,36,5,13,3,14,54,69,45,3,0,42,2,,,,,,,436,0,13,449,825
,1,AGUASCALIENTES,8,CALVILLO,3,CALVILLO,361,3,419,69,6,37,10,24,173,192,28,3,1,59,1,,,,,,,1022,1,23,1046,1891
,1,AGUASCALIENTES,8,CALVILLO,3,CALVILLO,362,5,615,97,19,32,8,26,229,191,32,4,11,107,1,,,,,,,1372,24,41,1437,2374
,1,AGUASCALIENTES,8,CALVILLO,3,CALVILLO,363,3,493,86,12,44,9,21,145,183,18,8,6,101,0,,,,,,,1126,0,26,1152,2031
,1,AGUASCALIENTES,8,CALVILLO,3,CALVILLO,364,1,163,25,2,3,8,7,23,50,9,2,1,1,0,,,,,,,294,0,4,298,646
,1,AGUASCALIENTES,8,CALVILLO,3,CALVILLO,365,1,78,15,5,10,4,2,39,19,4,2,0,4,0,,,,,,,182,0,4,186,364
,1,AGUASCALIENTES,8,CALVILLO,3,CALVILLO,366,1,151,17,3,9,4,7,55,34,5,5,6,13,0,,,,,,,309,0,13,322,690
,1,AGUASCALIENTES,8,CALVILLO,3,CALVILLO,367,3,405,63,11,10,11,32,211,91,19,4,7,92,1,,,,,,,957,0,30,987,1796
,1,AGUASCALIENTES,8,CALVILLO,3,CALVILLO,369,1,79,8,3,6,5,6,46,36,5,1,6,7,0,,,,,,,208,0,6,214,446
,1,AGUASCALIENTES,8,CALVILLO,3,CALVILLO,370,2,272,28,10,16,7,18,165,103,21,10,6,17,2,,,,,,,675,0,30,705,1395
,1,AGUASCALIENTES,8,CALVILLO,3,CALVILLO,371,2,243,28,3,17,7,21,92,42,12,7,2,34,2,,,,,,,510,0,12,522,1130
,1,AGUASCALIENTES,8,CALVILLO,3,CALVILLO,372,2,264,17,6,7,0,12,88,75,25,4,7,20,5,,,,,,,530,0,23,553,1138
,1,AGUASCALIENTES,8,CALVILLO,3,CALVILLO,373,3,356,65,9,18,5,19,109,220,12,4,2,49,3,,,,,,,871,0,27,898,1570
,1,AGUASCALIENTES,8,CALVILLO,3,CALVILLO,374,2,205,44,6,18,5,23,140,63,34,6,4,20,0,,,,,,,568,1,20,589,1105
,1,AGUASCALIENTES,8,CALVILLO,3,CALVILLO,375,3,358,69,11,31,13,30,220,96,26,13,8,50,2,,,,,,,927,2,41,970,2017
,1,AGUASCALIENTES,8,CALVILLO,3,CALVILLO,376,3,382,48,9,57,17,33,199,102,16,13,6,69,0,,,,,,,951,0,43,994,2201
,1,AGUASCALIENTES,8,CALVILLO,3,CALVILLO,377,3,270,67,6,29,6,16,189,72,15,8,3,41,1,,,,,,,723,0,29,752,1582
,1,AGUASCALIENTES,8,CALVILLO,3,CALVILLO,378,1,71,18,1,14,5,9,40,10,7,4,4,21,1,,,,,,,205,0,9,214,406
,1,AGUASCALIENTES,8,CALVILLO,3,CALVILLO,379,3,347,35,4,7,7,10,169,53,23,7,3,43,1,,,,,,,709,0,29,738,1523
,1,AGUASCALIENTES,8,CALVILLO,3,CALVILLO,380,3,415,27,8,31,10,31,184,68,26,13,7,69,5,,,,,,,894,2,52,948,1971
,1,AGUASCALIENTES,8,CALVILLO,3,CALVILLO,381,2,219,26,8,12,5,27,111,84,13,4,3,32,0,,,,,,,544,0,16,560,1155
,1,AGUASCALIENTES,8,CALVILLO,3,CALVILLO,382,3,340,47,10,27,13,20,163,120,26,5,5,152,1,,,,,,,929,0,31,960,1865
,1,AGUASCALIENTES,8,CALVILLO,3,CALVILLO,383,4,511,46,61,33,18,34,232,130,37,7,6,117,4,,,,,,,1236,0,31,1267,2603
,1,AGUASCALIENTES,8,CALVILLO,3,CALVILLO,384,2,265,51,5,25,8,26,100,95,7,2,3,120,1,,,,,,,708,0,33,741,1414
,1,AGUASCALIENTES,8,CALVILLO,3,CALVILLO,385,3,297,38,4,9,15,27,125,46,8,7,3,201,1,,,,,,,781,0,41,822,1621
,1,AGUASCALIENTES,8,CALVILLO,3,CALVILLO,386,3,376,24,8,15,28,22,140,87,47,12,4,66,2,,,,,,,831,0,36,867,1576
,1,AGUASCALIENTES,1,RINCON DE ROMOS,4,COSIO,387,5,566,610,12,786,248,125,52,3,61,11,1,0,4,,,,,,,2479,0,62,2541,3230
,1,AGUASCALIENTES,1,RINCON DE ROMOS,4,COSIO,388,3,357,523,3,482,130,73,30,1,41,3,1,0,2,,,,,,,1646,0,39,1685,2204
,1,AGUASCALIENTES,1,RINCON DE ROMOS,4,COSIO,389,3,348,212,3,508,99,32,21,3,10,3,0,3,2,,,,,,,1244,0,26,1270,1817
,1,AGUASCALIENTES,1,RINCON DE ROMOS,4,COSIO,390,4,432,466,0,734,61,51,30,2,15,0,2,2,3,,,,,,,1798,0,53,1851,2389
,1,AGUASCALIENTES,1,RINCON DE ROMOS,4,COSIO,391,4,516,482,78,677,209,56,18,1,4,1,0,0,3,,,,,,,2045,0,43,2088,2572
,1,AGUASCALIENTES,7,JESUS MARIA,5,JESUS MARIA,392,10,1358,241,10,71,84,20,1078,27,43,116,27,101,4,9,11,1,1,,,3202,0,77,3279,6994
,1,AGUASCALIENTES,7,JESUS MARIA,5,JESUS MARIA,393,5,771,105,9,57,22,9,426,5,18,69,14,44,4,1,5,1,0,,,1560,1,31,1592,3220
,1,AGUASCALIENTES,7,JESUS MARIA,5,JESUS MARIA,394,8,946,235,29,59,75,15,846,13,24,100,16,126,4,8,10,0,0,,,2506,0,61,2567,5336
,1,AGUASCALIENTES,7,JESUS MARIA,5,JESUS MARIA,395,3,380,81,4,23,56,2,304,8,6,64,6,31,2,0,2,0,2,,,971,0,11,982,1572
,1,AGUASCALIENTES,7,JESUS MARIA,5,JESUS MARIA,396,8,1332,223,19,68,49,25,837,9,23,114,16,100,6,2,4,0,0,,,2827,4,45,2876,5378
,1,AGUASCALIENTES,7,JESUS MARIA,5,JESUS MARIA,397,14,1884,368,21,90,106,32,1508,33,38,154,19,147,14,8,14,2,5,,,4443,1,83,4527,9988
,1,AGUASCALIENTES,7,JESUS MARIA,5,JESUS MARIA,398,2,228,77,6,8,12,6,206,3,1,70,5,15,0,0,0,0,0,,,637,0,10,647,1259
,1,AGUASCALIENTES,7,JESUS MARIA,5,JESUS MARIA,399,3,263,70,6,12,17,3,267,7,7,73,8,25,0,2,1,0,1,,,762,0,22,784,1602
,1,AGUASCALIENTES,4,SAN FRANCISCO DE LOS ROMO,5,JESUS MARIA,400,3,271,113,7,16,12,12,213,6,7,47,6,13,0,0,4,0,0,,,727,0,16,743,1587
,1,AGUASCALIENTES,4,SAN FRANCISCO DE LOS ROMO,5,JESUS MARIA,401,5,620,105,4,62,22,18,495,18,19,59,18,17,1,1,1,0,0,,,1460,0,32,1492,3463
,1,AGUASCALIENTES,4,SAN FRANCISCO DE LOS ROMO,5,JESUS MARIA,402,2,198,43,3,18,10,7,188,4,8,7,12,9,0,0,2,0,0,,,509,0,17,526,1119
,1,AGUASCALIENTES,4,SAN FRANCISCO DE LOS ROMO,5,JESUS MARIA,403,7,1209,158,13,51,36,18,624,17,16,38,20,28,4,2,2,0,0,,,2236,2,40,2278,4573
,1,AGUASCALIENTES,4,SAN FRANCISCO DE LOS ROMO,10,SAN FRANCISCO DE LOS ROMO,404,2,129,210,5,6,4,8,111,16,29,4,1,2,1,2,0,0,1,,,529,0,13,542,829
,1,AGUASCALIENTES,4,SAN FRANCISCO DE LOS ROMO,5,JESUS MARIA,405,13,2523,339,56,77,68,65,1235,38,81,127,17,95,10,1,4,1,6,,,4743,10,82,4835,9163
,1,AGUASCALIENTES,7,JESUS MARIA,5,JESUS MARIA,406,6,713,93,85,34,36,22,427,12,24,116,11,97,5,4,3,0,4,,,1686,1,20,1707,3777
,1,AGUASCALIENTES,7,JESUS MARIA,5,JESUS MARIA,407,2,232,123,7,16,9,9,95,21,10,6,7,5,0,0,1,0,2,,,543,0,11,554,1095
,1,AGUASCALIENTES,7,JESUS MARIA,5,JESUS MARIA,408,1,98,45,1,1,2,0,27,5,2,1,0,8,0,1,1,0,0,,,192,0,4,196,363
,1,AGUASCALIENTES,7,JESUS MARIA,5,JESUS MARIA,409,2,349,65,5,23,7,2,85,7,3,7,1,2,0,0,1,0,0,,,557,2,14,573,1021
,1,AGUASCALIENTES,7,JESUS MARIA,5,JESUS MARIA,410,5,713,199,9,31,13,14,312,21,31,26,6,16,1,0,1,0,2,,,1395,4,42,1441,2706
,1,AGUASCALIENTES,7,JESUS MARIA,5,JESUS MARIA,411,11,2046,333,34,50,55,48,715,42,34,83,23,89,8,3,4,0,0,,,3567,0,67,3634,7471
,1,AGUASCALIENTES,7,JESUS MARIA,5,JESUS MARIA,412,5,854,185,13,26,30,21,400,15,8,66,17,47,0,2,0,1,1,,,1686,0,36,1722,3708
,1,AGUASCALIENTES,4,SAN FRANCISCO DE LOS ROMO,5,JESUS MARIA,413,14,4166,393,37,40,44,108,851,48,30,32,24,55,13,4,5,0,3,,,5853,0,67,5920,10062
,1,AGUASCALIENTES,7,JESUS MARIA,5,JESUS MARIA,414,4,981,162,15,13,29,12,338,14,11,38,9,32,5,0,1,1,1,,,1662,0,25,1687,2790
,1,AGUASCALIENTES,3,PABELLON DE ARTEAGA,6,PABELLON DE ARTEAGA,415,8,156,1369,795,43,264,30,293,7,16,35,51,16,19,4,8,0,3,,,3109,26,67,3202,5588
,1,AGUASCALIENTES,3,PABELLON DE ARTEAGA,6,PABELLON DE ARTEAGA,416,2,45,329,153,14,76,3,76,2,12,8,26,9,3,1,0,0,0,,,757,4,28,789,1334
,1,AGUASCALIENTES,3,PABELLON DE ARTEAGA,6,PABELLON DE ARTEAGA,417,2,43,351,202,23,76,2,92,2,11,12,16,2,4,4,2,0,0,,,842,11,16,869,1388
,1,AGUASCALIENTES,3,PABELLON DE ARTEAGA,6,PABELLON DE ARTEAGA,418,2,31,216,173,32,74,5,53,0,12,19,22,1,2,2,1,0,0,,,643,14,14,671,1159
,1,AGUASCALIENTES,3,PABELLON DE ARTEAGA,6,PABELLON DE ARTEAGA,419,3,57,374,245,17,64,6,79,3,5,2,10,5,8,3,4,0,0,,,882,25,20,927,1584
,1,AGUASCALIENTES,3,PABELLON DE ARTEAGA,6,PABELLON DE ARTEAGA,420,2,20,234,168,16,41,0,59,1,4,4,15,6,7,1,0,0,0,,,576,16,14,606,1015
,1,AGUASCALIENTES,3,PABELLON DE ARTEAGA,6,PABELLON DE ARTEAGA,421,8,101,939,796,101,275,18,272,8,20,48,58,15,13,5,6,1,1,,,2677,38,103,2818,5433
,1,AGUASCALIENTES,3,PABELLON DE ARTEAGA,6,PABELLON DE ARTEAGA,422,2,33,181,139,17,56,3,79,1,4,12,2,1,6,1,2,0,0,,,537,9,20,566,953
,1,AGUASCALIENTES,3,PABELLON DE ARTEAGA,6,PABELLON DE ARTEAGA,423,2,23,295,183,17,68,2,86,1,3,26,4,4,3,3,1,0,0,,,719,0,28,747,1323
,1,AGUASCALIENTES,3,PABELLON DE ARTEAGA,6,PABELLON DE ARTEAGA,424,5,78,833,476,32,90,9,217,8,9,19,58,17,16,5,8,1,0,,,1876,21,57,1954,3209
,1,AGUASCALIENTES,3,PABELLON DE ARTEAGA,6,PABELLON DE ARTEAGA,425,2,16,144,183,10,33,3,57,0,2,4,14,4,3,0,2,0,1,,,476,4,20,500,842
,1,AGUASCALIENTES,3,PABELLON DE ARTEAGA,6,PABELLON DE ARTEAGA,426,2,20,253,213,31,65,5,60,1,5,6,5,2,2,0,3,0,0,,,671,2,21,694,1207
,1,AGUASCALIENTES,3,PABELLON DE ARTEAGA,6,PABELLON DE ARTEAGA,427,2,40,94,134,12,118,6,135,3,5,28,10,6,2,1,0,0,0,,,594,18,19,631,1097
,1,AGUASCALIENTES,3,PABELLON DE ARTEAGA,6,PABELLON DE ARTEAGA,428,4,117,307,302,59,56,11,217,5,24,47,18,9,6,1,2,1,0,,,1182,46,57,1285,2628
,1,AGUASCALIENTES,3,PABELLON DE ARTEAGA,6,PABELLON DE ARTEAGA,429,4,22,495,435,20,342,5,98,2,5,8,6,2,5,6,4,2,0,,,1457,5,61,1523,2323
,1,AGUASCALIENTES,3,PABELLON DE ARTEAGA,6,PABELLON DE ARTEAGA,430,2,17,530,228,9,69,5,25,0,0,3,3,0,1,0,0,0,0,,,890,12,31,933,1401
,1,AGUASCALIENTES,1,RINCON DE ROMOS,7,RINCON DE ROMOS,431,2,107,18,3,40,68,106,38,6,43,9,2,19,1,4,0,1,1,79,,545,0,14,559,832
,1,AGUASCALIENTES,1,RINCON DE ROMOS,7,RINCON DE ROMOS,432,4,152,114,16,111,59,283,113,4,123,10,12,29,3,13,1,1,0,122,,1166,0,44,1210,2593
,1,AGUASCALIENTES,1,RINCON DE ROMOS,7,RINCON DE ROMOS,433,2,76,44,4,25,9,105,61,2,41,3,4,6,0,1,0,1,1,70,,453,2,7,462,856
,1,AGUASCALIENTES,1,RINCON DE ROMOS,7,RINCON DE ROMOS,434,2,94,33,3,56,13,65,50,11,72,5,3,5,2,0,0,0,0,97,,509,0,15,524,795
,1,AGUASCALIENTES,1,RINCON DE ROMOS,7,RINCON DE ROMOS,435,2,135,43,10,41,27,94,125,7,42,4,5,15,0,2,1,0,1,56,,608,1,25,634,889
,1,AGUASCALIENTES,1,RINCON DE ROMOS,7,RINCON DE ROMOS,436,7,391,129,44,144,56,503,284,15,233,32,39,40,4,11,6,6,3,353,,2293,5,79,2377,4617
,1,AGUASCALIENTES,1,RINCON DE ROMOS,7,RINCON DE ROMOS,437,4,178,65,10,100,29,321,136,20,113,13,18,16,1,6,1,1,1,200,,1229,4,42,1275,2445
,1,AGUASCALIENTES,1,RINCON DE ROMOS,7,RINCON DE ROMOS,438,1,70,10,7,44,8,89,53,7,67,0,0,4,1,0,0,2,1,75,,438,0,12,450,673
,1,AGUASCALIENTES,1,RINCON DE ROMOS,7,RINCON DE ROMOS,439,3,174,61,9,112,50,162,107,21,123,8,3,8,0,7,0,4,0,184,,1033,0,36,1069,1776
,1,AGUASCALIENTES,1,RINCON DE ROMOS,7,RINCON DE ROMOS,440,9,564,234,44,316,101,561,388,28,453,15,25,61,3,16,3,5,3,589,,3409,5,97,3511,6468
,1,AGUASCALIENTES,1,RINCON DE ROMOS,7,RINCON DE ROMOS,441,2,106,59,9,56,20,108,67,12,87,4,4,10,1,6,0,2,1,99,,651,2,18,671,1049
,1,AGUASCALIENTES,1,RINCON DE ROMOS,7,RINCON DE ROMOS,442,3,233,85,7,66,41,115,94,8,171,17,1,3,3,4,4,8,3,68,,931,6,68,1005,2148
,1,AGUASCALIENTES,1,RINCON DE ROMOS,7,RINCON DE ROMOS,443,3,246,38,7,103,13,206,101,22,129,5,6,83,0,0,0,0,0,83,,1042,0,39,1081,1927
,1,AGUASCALIENTES,1,RINCON DE ROMOS,7,RINCON DE ROMOS,444,2,106,56,1,14,10,78,72,5,33,3,0,52,0,3,0,1,0,15,,449,0,24,473,940
,1,AGUASCALIENTES,1,RINCON DE ROMOS,7,RINCON DE ROMOS,445,3,305,108,5,84,29,120,334,9,58,11,4,22,1,1,0,1,0,59,,1151,0,32,1183,2053
,1,AGUASCALIENTES,1,RINCON DE ROMOS,7,RINCON DE ROMOS,446,3,153,72,6,47,20,183,91,10,80,3,4,19,1,1,0,1,2,89,,782,1,29,812,1624
,1,AGUASCALIENTES,1,RINCON DE ROMOS,7,RINCON DE ROMOS,447,4,238,129,6,84,23,192,67,20,179,5,0,7,1,3,2,3,1,102,,1062,0,39,1101,2409
,1,AGUASCALIENTES,1,RINCON DE ROMOS,7,RINCON DE ROMOS,448,2,118,41,6,26,34,85,115,6,59,5,9,12,1,0,0,0,3,58,,578,0,19,597,1158
,1,AGUASCALIENTES,1,RINCON DE ROMOS,7,RINCON DE ROMOS,449,4,194,96,13,167,46,188,112,18,140,5,6,17,1,6,2,2,4,156,,1173,0,52,1225,2278
,1,AGUASCALIENTES,1,RINCON DE ROMOS,7,RINCON DE ROMOS,450,2,77,60,6,71,25,96,78,18,85,4,3,9,0,4,1,1,1,85,,624,0,28,652,1288
,1,AGUASCALIENTES,1,RINCON DE ROMOS,7,RINCON DE ROMOS,451,1,81,27,2,9,17,75,46,7,20,6,0,4,0,0,2,2,0,47,,345,0,21,366,713
,1,AGUASCALIENTES,8,CALVILLO,8,SAN JOSE DE GRACIA,452,2,220,103,13,17,15,10,170,0,2,0,11,231,1,,,,,,196,989,0,15,1004,1347
,1,AGUASCALIENTES,8,CALVILLO,8,SAN JOSE DE GRACIA,453,3,259,145,20,3,8,4,163,0,2,0,37,315,8,,,,,,235,1199,0,29,1228,1583
,1,AGUASCALIENTES,8,CALVILLO,8,SAN JOSE DE GRACIA,454,3,197,144,22,12,7,4,173,0,2,0,30,299,0,,,,,,183,1073,0,24,1097,1506
,1,AGUASCALIENTES,8,CALVILLO,8,SAN JOSE DE GRACIA,455,1,55,40,3,2,2,3,18,,2,,9,86,0,,,,,,38,258,0,4,262,347
,1,AGUASCALIENTES,8,CALVILLO,8,SAN JOSE DE GRACIA,456,1,77,38,16,7,2,2,36,,1,,4,86,1,,,,,,32,302,0,11,313,419
,1,AGUASCALIENTES,8,CALVILLO,8,SAN JOSE DE GRACIA,457,3,184,83,6,2,3,4,52,0,1,0,6,146,1,,,,,,175,663,0,5,668,850
,1,AGUASCALIENTES,8,CALVILLO,8,SAN JOSE DE GRACIA,458,2,144,96,26,1,3,4,156,0,3,0,12,249,4,,,,,,155,853,0,19,872,1257
,1,AGUASCALIENTES,3,PABELLON DE ARTEAGA,9,TEPEZALA,460,3,599,21,14,492,16,6,83,1,20,2,8,3,15,,,,,,,1280,1,18,1299,1749
,1,AGUASCALIENTES,3,PABELLON DE ARTEAGA,9,TEPEZALA,461,3,473,27,7,329,8,5,57,0,14,1,2,0,11,,,,,,,934,1,23,958,1934
,1,AGUASCALIENTES,3,PABELLON DE ARTEAGA,9,TEPEZALA,462,3,517,9,25,588,45,20,150,1,10,1,4,2,16,,,,,,,1388,0,22,1410,1835
,1,AGUASCALIENTES,3,PABELLON DE ARTEAGA,9,TEPEZALA,463,3,383,2,44,344,7,2,143,2,10,2,4,7,18,,,,,,,968,1,18,987,1528
,1,AGUASCALIENTES,3,PABELLON DE ARTEAGA,9,TEPEZALA,464,3,455,10,41,576,6,23,334,5,7,2,4,11,17,,,,,,,1491,0,29,1520,1896
,1,AGUASCALIENTES,3,PABELLON DE ARTEAGA,9,TEPEZALA,465,1,137,3,40,231,3,6,46,3,5,0,0,1,7,,,,,,,482,0,17,499,683
,1,AGUASCALIENTES,3,PABELLON DE ARTEAGA,9,TEPEZALA,466,2,243,6,9,339,4,10,15,25,1,0,0,0,0,,,,,,,652,0,9,661,804
,1,AGUASCALIENTES,3,PABELLON DE ARTEAGA,9,TEPEZALA,467,3,304,24,57,590,29,12,175,3,99,5,20,3,15,,,,,,,1336,0,36,1372,2188
,1,AGUASCALIENTES,3,PABELLON DE ARTEAGA,9,TEPEZALA,468,2,132,2,9,381,6,2,41,1,14,2,10,2,13,,,,,,,615,0,16,631,870
,1,AGUASCALIENTES,3,PABELLON DE ARTEAGA,9,TEPEZALA,469,4,680,16,80,680,6,61,291,6,23,2,11,5,22,,,,,,,1883,1,44,1928,2886
,1,AGUASCALIENTES,4,SAN FRANCISCO DE LOS ROMO,10,SAN FRANCISCO DE LOS ROMO,470,3,425,211,6,5,4,4,120,8,47,1,4,1,0,0,0,1,1,,,838,0,15,853,1332
,1,AGUASCALIENTES,4,SAN FRANCISCO DE LOS ROMO,10,SAN FRANCISCO DE LOS ROMO,471,3,387,297,3,13,5,4,122,11,79,4,4,4,1,0,0,0,6,,,940,0,34,974,1624
,1,AGUASCALIENTES,4,SAN FRANCISCO DE LOS ROMO,10,SAN FRANCISCO DE LOS ROMO,472,2,398,268,1,12,5,5,148,16,61,3,3,5,3,1,0,1,2,,,932,0,15,947,1430
,1,AGUASCALIENTES,4,SAN FRANCISCO DE LOS ROMO,10,SAN FRANCISCO DE LOS ROMO,473,12,1843,1517,25,94,23,20,719,89,329,22,27,11,15,4,2,2,10,,,4752,2,122,4876,8935
,1,AGUASCALIENTES,4,SAN FRANCISCO DE LOS ROMO,10,SAN FRANCISCO DE LOS ROMO,474,2,207,300,1,16,8,6,92,25,38,9,4,1,4,1,0,1,2,,,715,0,22,737,1305
,1,AGUASCALIENTES,4,SAN FRANCISCO DE LOS ROMO,10,SAN FRANCISCO DE LOS ROMO,475,3,315,453,2,6,19,4,75,14,18,4,9,0,0,1,0,0,0,,,920,0,17,937,1602
,1,AGUASCALIENTES,4,SAN FRANCISCO DE LOS ROMO,10,SAN FRANCISCO DE LOS ROMO,476,9,816,932,15,31,23,19,476,45,59,71,12,13,5,2,1,0,4,,,2524,0,68,2592,6083
,1,AGUASCALIENTES,4,SAN FRANCISCO DE LOS ROMO,10,SAN FRANCISCO DE LOS ROMO,477,7,532,959,20,21,24,31,330,55,65,11,12,15,1,1,0,0,2,,,2079,3,66,2148,4531
,1,AGUASCALIENTES,4,SAN FRANCISCO DE LOS ROMO,10,SAN FRANCISCO DE LOS ROMO,478,14,790,2209,45,64,38,61,857,45,56,30,23,37,7,2,4,0,5,,,4273,2,115,4390,10194
,1,AGUASCALIENTES,2,PALO ALTO,11,EL LLANO,479,4,186,29,28,3,535,16,45,0,19,3,24,881,13,6,13,8,0,,,1809,0,52,1861,2703
,1,AGUASCALIENTES,2,PALO ALTO,11,EL LLANO,480,3,229,21,11,3,434,8,25,3,19,5,21,680,16,9,4,1,0,,,1489,0,29,1518,2155
,1,AGUASCALIENTES,2,PALO ALTO,11,EL LLANO,481,2,278,14,42,3,257,5,57,0,7,20,34,222,9,2,3,0,0,,,953,6,34,993,1439
,1,AGUASCALIENTES,2,PALO ALTO,11,EL LLANO,482,4,162,22,127,5,624,6,36,1,21,6,17,869,19,16,11,11,0,,,1953,0,49,2002,2654
,1,AGUASCALIENTES,2,PALO ALTO,11,EL LLANO,483,2,196,11,72,3,272,2,60,3,2,5,1,93,4,4,6,0,0,,,734,0,29,763,994
,1,AGUASCALIENTES,2,PALO ALTO,11,EL LLANO,484,2,226,20,46,4,128,5,40,4,4,2,9,146,15,1,0,0,0,,,650,0,15,665,927
,1,AGUASCALIENTES,2,PALO ALTO,11,EL LLANO,485,4,346,28,84,5,620,9,81,3,49,6,14,436,32,14,12,2,0,,,1741,0,58,1799,2667
,1,AGUASCALIENTES,2,PALO ALTO,11,EL LLANO,486,4,407,30,106,22,308,7,118,1,12,2,15,387,24,4,10,6,0,,,1459,0,52,1511,2423
,1,AGUASCALIENTES,3,PABELLON DE ARTEAGA,6,PABELLON DE ARTEAGA,488,1,5,79,32,1,7,2,9,0,0,1,0,1,0,0,0,0,0,,,137,0,6,143,206
,1,AGUASCALIENTES,13,AGUASCALIENTES,1,AGUASCALIENTES,489,2,118,23,4,6,5,21,77,12,0,8,1,5,0,0,0,0,0,,,280,0,9,289,804
,1,AGUASCALIENTES,13,AGUASCALIENTES,1,AGUASCALIENTES,490,1,100,23,1,7,2,12,102,10,2,2,0,5,1,0,1,0,1,,,269,0,9,278,710
,1,AGUASCALIENTES,13,AGUASCALIENTES,1,AGUASCALIENTES,491,2,106,22,3,5,1,21,75,0,0,3,0,8,0,0,0,0,0,,,244,1,14,259,794
,1,AGUASCALIENTES,13,AGUASCALIENTES,1,AGUASCALIENTES,492,2,113,25,5,6,4,16,64,5,0,9,2,4,1,1,1,0,0,,,256,0,9,265,911
,1,AGUASCALIENTES,12,AGUASCALIENTES,1,AGUASCALIENTES,493,2,203,69,12,14,10,28,120,12,4,8,2,12,0,0,3,0,0,,,497,0,22,519,1487
,1,AGUASCALIENTES,12,AGUASCALIENTES,1,AGUASCALIENTES,494,2,131,21,7,7,4,19,88,9,5,9,1,7,2,0,0,0,0,,,310,0,9,319,908
,1,AGUASCALIENTES,12,AGUASCALIENTES,1,AGUASCALIENTES,495,2,181,34,8,6,2,17,123,7,3,6,2,10,2,0,0,0,0,,,401,0,12,413,1193
,1,AGUASCALIENTES,12,AGUASCALIENTES,1,AGUASCALIENTES,496,3,320,43,7,6,7,34,251,16,17,8,3,28,0,0,4,0,0,,,744,0,12,756,1980
,1,AGUASCALIENTES,12,AGUASCALIENTES,1,AGUASCALIENTES,497,2,175,15,11,8,3,13,81,8,1,7,1,8,0,0,0,0,0,,,331,0,6,337,768
,1,AGUASCALIENTES,13,AGUASCALIENTES,1,AGUASCALIENTES,498,2,169,24,4,8,3,19,112,10,7,5,0,6,0,0,1,0,0,,,368,0,12,380,937
,1,AGUASCALIENTES,13,AGUASCALIENTES,1,AGUASCALIENTES,499,2,157,18,6,5,3,28,76,9,3,3,6,10,3,0,0,0,0,,,327,2,20,349,965
,1,AGUASCALIENTES,13,AGUASCALIENTES,1,AGUASCALIENTES,500,2,131,29,8,8,3,15,99,22,1,5,2,7,1,0,0,0,0,,,331,1,13,345,887
,1,AGUASCALIENTES,13,AGUASCALIENTES,1,AGUASCALIENTES,501,2,162,33,6,13,2,10,145,13,2,9,1,12,0,0,1,1,0,,,410,0,3,413,1036
,1,AGUASCALIENTES,13,AGUASCALIENTES,1,AGUASCALIENTES,502,2,173,26,5,7,2,26,92,6,1,3,3,3,0,0,0,0,0,,,347,164,18,529,866
,1,AGUASCALIENTES,13,AGUASCALIENTES,1,AGUASCALIENTES,503,1,179,23,2,11,2,9,89,7,3,3,1,13,0,0,0,0,0,,,342,0,13,355,715
,1,AGUASCALIENTES,13,AGUASCALIENTES,1,AGUASCALIENTES,504,2,175,26,8,9,4,27,101,8,2,6,1,14,4,0,0,0,1,,,386,1,21,408,941
,1,AGUASCALIENTES,13,AGUASCALIENTES,1,AGUASCALIENTES,505,2,164,24,1,12,6,16,115,14,3,8,2,9,1,1,2,0,0,,,378,0,15,393,863
,1,AGUASCALIENTES,13,AGUASCALIENTES,1,AGUASCALIENTES,506,2,157,28,5,5,4,29,101,12,5,12,1,9,0,1,0,0,0,,,369,1,10,380,857
,1,AGUASCALIENTES,13,AGUASCALIENTES,1,AGUASCALIENTES,507,2,183,26,5,11,1,20,75,17,1,7,0,13,0,0,0,0,0,,,359,0,8,367,856
,1,AGUASCALIENTES,16,AGUASCALIENTES,1,AGUASCALIENTES,508,2,128,43,51,6,9,19,108,10,1,2,4,7,0,0,1,0,0,,,389,1,6,396,948
,1,AGUASCALIENTES,16,AGUASCALIENTES,1,AGUASCALIENTES,509,3,211,41,93,8,6,61,201,14,6,20,5,12,2,1,0,0,0,,,681,0,35,716,1997
,1,AGUASCALIENTES,16,AGUASCALIENTES,1,AGUASCALIENTES,510,2,98,26,26,5,6,12,84,7,1,15,3,6,0,0,0,0,1,,,290,0,13,303,803
,1,AGUASCALIENTES,13,AGUASCALIENTES,1,AGUASCALIENTES,511,2,140,26,6,5,6,13,83,7,2,9,3,10,0,0,1,0,2,,,313,1,10,324,842
,1,AGUASCALIENTES,16,AGUASCALIENTES,1,AGUASCALIENTES,512,1,107,11,10,4,3,7,44,2,1,1,1,3,0,0,0,0,0,,,194,0,5,199,547
,1,AGUASCALIENTES,16,AGUASCALIENTES,1,AGUASCALIENTES,513,1,91,11,7,3,3,10,74,7,1,6,1,7,0,0,0,0,0,,,221,0,15,236,503
,1,AGUASCALIENTES,14,AGUASCALIENTES,1,AGUASCALIENTES,514,1,174,16,1,10,3,16,92,7,6,2,2,3,1,0,2,0,0,,,335,0,10,345,689
,1,AGUASCALIENTES,14,AGUASCALIENTES,1,AGUASCALIENTES,515,2,192,18,8,8,11,6,69,7,1,9,1,6,3,1,1,0,0,,,341,1,11,353,840
,1,AGUASCALIENTES,15,AGUASCALIENTES,1,AGUASCALIENTES,516,2,121,26,73,4,0,12,76,5,2,3,5,6,1,0,0,0,0,,,334,0,12,346,901
,1,AGUASCALIENTES,14,AGUASCALIENTES,1,AGUASCALIENTES,517,2,190,33,4,5,2,23,144,5,6,8,0,15,0,0,0,0,1,,,436,0,13,449,776
,1,AGUASCALIENTES,14,AGUASCALIENTES,1,AGUASCALIENTES,518,1,164,34,6,4,7,12,97,10,1,1,0,10,0,0,1,0,0,,,347,1,19,367,708
,1,AGUASCALIENTES,14,AGUASCALIENTES,1,AGUASCALIENTES,519,1,140,20,7,6,5,17,88,5,6,2,1,6,2,0,0,0,0,,,305,0,8,313,609
,1,AGUASCALIENTES,14,AGUASCALIENTES,1,AGUASCALIENTES,520,2,145,34,2,12,4,22,131,11,8,5,1,15,0,0,1,3,1,,,395,0,6,401,786
,1,AGUASCALIENTES,14,AGUASCALIENTES,1,AGUASCALIENTES,521,2,175,22,2,10,3,12,92,6,2,8,3,7,2,2,0,0,0,,,346,0,17,363,762
,1,AGUASCALIENTES,15,AGUASCALIENTES,1,AGUASCALIENTES,522,2,171,29,17,5,3,14,88,15,5,7,1,3,0,1,0,0,0,,,359,0,12,371,909
,1,AGUASCALIENTES,15,AGUASCALIENTES,1,AGUASCALIENTES,523,2,140,18,1,7,2,23,93,6,7,2,1,6,1,0,0,0,0,,,307,0,16,323,868
,1,AGUASCALIENTES,15,AGUASCALIENTES,1,AGUASCALIENTES,524,2,166,26,4,8,7,28,89,21,4,6,1,8,0,0,0,0,0,,,368,1,24,393,1003
,1,AGUASCALIENTES,15,AGUASCALIENTES,1,AGUASCALIENTES,525,2,133,17,20,4,4,21,117,4,0,9,4,2,0,1,0,0,0,,,336,6,0,342,952
,1,AGUASCALIENTES,14,AGUASCALIENTES,1,AGUASCALIENTES,526,2,190,26,7,6,5,17,124,10,4,6,3,8,0,0,1,0,1,,,408,1,8,417,847
,1,AGUASCALIENTES,14,AGUASCALIENTES,1,AGUASCALIENTES,527,2,200,25,6,8,8,32,109,8,3,4,1,11,0,5,0,0,0,,,420,0,11,431,847
,1,AGUASCALIENTES,14,AGUASCALIENTES,1,AGUASCALIENTES,528,2,159,20,3,5,4,22,96,7,8,4,1,7,0,0,0,0,1,,,337,4,16,357,938
,1,AGUASCALIENTES,15,AGUASCALIENTES,1,AGUASCALIENTES,529,2,132,37,14,10,6,15,123,13,2,9,2,4,0,0,1,0,0,,,368,1,11,380,893
,1,AGUASCALIENTES,15,AGUASCALIENTES,1,AGUASCALIENTES,530,3,385,40,24,14,12,45,235,20,6,13,3,10,1,2,1,0,0,,,811,0,29,840,2215
,1,AGUASCALIENTES,15,AGUASCALIENTES,1,AGUASCALIENTES,531,2,182,23,11,7,5,29,143,20,2,2,4,14,1,1,2,0,0,,,446,0,13,459,1002
,1,AGUASCALIENTES,15,AGUASCALIENTES,1,AGUASCALIENTES,532,2,145,21,8,6,6,13,128,14,3,8,4,9,0,0,0,0,0,,,365,0,9,374,1000
,1,AGUASCALIENTES,15,AGUASCALIENTES,1,AGUASCALIENTES,533,2,137,17,5,8,8,37,99,13,2,8,3,12,0,0,0,0,0,,,349,0,6,355,1034
,1,AGUASCALIENTES,18,AGUASCALIENTES,1,AGUASCALIENTES,534,2,136,21,4,7,11,25,121,7,1,10,4,15,0,0,0,0,0,,,362,0,8,370,1071
,1,AGUASCALIENTES,18,AGUASCALIENTES,1,AGUASCALIENTES,535,2,210,16,7,4,9,12,104,16,4,10,0,16,0,0,0,0,0,,,408,2,21,431,1089
,1,AGUASCALIENTES,18,AGUASCALIENTES,1,AGUASCALIENTES,536,2,191,33,19,11,6,21,155,4,5,6,1,10,2,0,0,0,0,,,464,0,29,493,1293
,1,AGUASCALIENTES,18,AGUASCALIENTES,1,AGUASCALIENTES,537,2,149,27,10,4,6,19,159,6,0,4,1,6,0,0,0,0,0,,,391,0,11,402,1098
,1,AGUASCALIENTES,18,AGUASCALIENTES,1,AGUASCALIENTES,538,1,133,22,1,6,1,24,128,9,4,1,1,6,0,1,1,0,0,,,338,0,4,342,722
,1,AGUASCALIENTES,18,AGUASCALIENTES,1,AGUASCALIENTES,539,2,133,23,1,7,5,17,79,15,2,5,0,5,0,1,2,0,0,,,295,2,14,311,861
,1,AGUASCALIENTES,18,AGUASCALIENTES,1,AGUASCALIENTES,540,2,141,24,5,4,7,19,128,4,0,5,3,9,0,1,0,0,0,,,350,0,4,354,914
,1,AGUASCALIENTES,18,AGUASCALIENTES,1,AGUASCALIENTES,541,2,139,16,7,11,4,12,103,3,4,4,0,15,0,1,1,0,1,,,321,0,6,327,823
,1,AGUASCALIENTES,18,AGUASCALIENTES,1,AGUASCALIENTES,542,2,142,29,5,9,9,24,101,9,5,11,1,10,1,0,1,0,0,,,357,0,9,366,958
,1,AGUASCALIENTES,18,AGUASCALIENTES,1,AGUASCALIENTES,543,2,98,26,7,6,5,13,123,12,1,5,2,9,1,0,1,1,1,,,311,0,16,327,981
,1,AGUASCALIENTES,18,AGUASCALIENTES,1,AGUASCALIENTES,544,2,153,22,6,9,8,18,105,7,2,6,2,0,1,1,0,0,0,,,340,0,10,350,976
,1,AGUASCALIENTES,18,AGUASCALIENTES,1,AGUASCALIENTES,545,2,186,20,7,12,5,22,120,10,1,5,1,6,3,0,0,0,0,,,398,0,7,405,1130
,1,AGUASCALIENTES,18,AGUASCALIENTES,1,AGUASCALIENTES,546,2,182,29,3,7,7,12,132,16,2,4,2,9,1,1,1,0,0,,,408,0,20,428,1273
,1,AGUASCALIENTES,18,AGUASCALIENTES,1,AGUASCALIENTES,547,2,192,35,9,15,10,30,146,10,6,12,2,19,0,0,0,0,0,,,486,0,19,505,1279
,1,AGUASCALIENTES,16,AGUASCALIENTES,1,AGUASCALIENTES,548,2,124,25,30,11,5,13,124,6,5,6,2,6,0,0,0,0,0,,,357,0,14,371,868
,1,AGUASCALIENTES,16,AGUASCALIENTES,1,AGUASCALIENTES,549,4,474,88,21,24,12,64,369,23,17,11,14,35,0,0,2,0,0,,,1154,7,32,1193,2494
,1,AGUASCALIENTES,16,AGUASCALIENTES,1,AGUASCALIENTES,550,1,161,22,12,11,3,20,122,12,5,4,2,6,0,1,0,0,0,,,381,0,12,393,736
,1,AGUASCALIENTES,16,AGUASCALIENTES,1,AGUASCALIENTES,551,2,178,25,9,10,5,20,136,9,1,5,4,10,2,0,0,0,0,,,414,3,16,433,863
,1,AGUASCALIENTES,16,AGUASCALIENTES,1,AGUASCALIENTES,552,1,138,22,9,7,4,22,109,14,4,5,4,4,0,0,0,0,0,,,342,0,13,355,733
,1,AGUASCALIENTES,16,AGUASCALIENTES,1,AGUASCALIENTES,553,2,234,30,5,13,3,18,100,6,2,4,3,8,1,0,1,0,0,,,428,2,14,444,857
,1,AGUASCALIENTES,16,AGUASCALIENTES,1,AGUASCALIENTES,554,2,188,27,5,11,4,27,137,12,1,5,1,17,0,0,1,0,0,,,436,0,14,450,846
,1,AGUASCALIENTES,16,AGUASCALIENTES,1,AGUASCALIENTES,555,9,1108,146,36,41,37,97,692,58,23,31,9,71,12,1,6,0,0,,,2368,7,60,2435,6138
,1,AGUASCALIENTES,16,AGUASCALIENTES,1,AGUASCALIENTES,556,2,158,26,31,11,9,24,105,20,7,5,5,10,0,0,0,0,0,,,411,1,11,423,854
,1,AGUASCALIENTES,16,AGUASCALIENTES,1,AGUASCALIENTES,557,2,201,28,7,5,1,17,104,13,1,11,1,13,0,0,3,0,0,,,405,1,14,420,853
,1,AGUASCALIENTES,15,AGUASCALIENTES,1,AGUASCALIENTES,558,2,203,39,9,12,3,27,122,6,2,0,6,8,0,1,0,0,0,,,438,0,18,456,861
,1,AGUASCALIENTES,15,AGUASCALIENTES,1,AGUASCALIENTES,559,2,208,31,7,11,3,15,109,4,1,5,2,11,2,0,1,0,0,,,410,1,13,424,778
,1,AGUASCALIENTES,16,AGUASCALIENTES,1,AGUASCALIENTES,560,2,203,31,15,4,3,27,173,11,3,14,5,10,1,0,0,0,0,,,500,1,23,524,1076
,1,AGUASCALIENTES,15,AGUASCALIENTES,1,AGUASCALIENTES,561,1,105,9,0,1,2,12,51,1,1,6,0,5,0,0,0,0,0,,,193,0,3,196,403
,1,AGUASCALIENTES,15,AGUASCALIENTES,1,AGUASCALIENTES,562,2,154,22,7,4,4,9,99,16,12,3,5,5,1,2,2,1,0,,,346,0,9,355,903
,1,AGUASCALIENTES,15,AGUASCALIENTES,1,AGUASCALIENTES,563,2,173,24,5,6,3,22,91,10,7,7,3,4,2,0,0,0,0,,,357,0,13,370,881
,1,AGUASCALIENTES,15,AGUASCALIENTES,1,AGUASCALIENTES,564,2,153,24,4,4,6,16,97,18,4,10,6,9,2,0,0,0,0,,,353,1,16,370,849
,1,AGUASCALIENTES,15,AGUASCALIENTES,1,AGUASCALIENTES,565,1,90,15,9,4,3,15,86,9,1,3,6,7,1,0,0,0,0,,,249,3,6,258,703
,1,AGUASCALIENTES,15,AGUASCALIENTES,1,AGUASCALIENTES,566,2,140,30,10,3,4,19,88,11,2,5,2,6,0,1,1,0,0,,,322,0,12,334,781
,1,AGUASCALIENTES,15,AGUASCALIENTES,1,AGUASCALIENTES,567,2,142,24,9,2,11,27,105,31,4,10,2,7,0,0,1,0,0,,,375,1,11,387,854
,1,AGUASCALIENTES,15,AGUASCALIENTES,1,AGUASCALIENTES,568,1,118,31,4,3,3,21,85,12,6,4,0,2,0,0,0,0,0,,,289,0,11,300,660
,1,AGUASCALIENTES,15,AGUASCALIENTES,1,AGUASCALIENTES,569,2,132,40,5,8,3,19,106,12,6,6,0,6,0,0,0,0,0,,,343,0,22,365,779
,1,AGUASCALIENTES,15,AGUASCALIENTES,1,AGUASCALIENTES,570,1,111,36,2,3,2,12,76,16,4,2,1,2,1,1,0,0,0,,,269,0,5,274,664
,1,AGUASCALIENTES,15,AGUASCALIENTES,1,AGUASCALIENTES,571,1,98,31,2,3,2,14,69,15,6,2,10,1,1,0,0,0,0,,,254,0,3,257,636
,1,AGUASCALIENTES,16,AGUASCALIENTES,1,AGUASCALIENTES,572,10,1209,196,50,46,33,134,948,74,25,36,15,70,11,5,5,0,1,,,2858,37,64,2959,7222
,1,AGUASCALIENTES,16,AGUASCALIENTES,1,AGUASCALIENTES,573,2,311,50,18,11,10,26,94,10,4,7,5,11,2,0,0,0,0,,,559,1,18,578,1348
,1,AGUASCALIENTES,12,AGUASCALIENTES,1,AGUASCALIENTES,574,2,182,41,2,9,9,9,94,15,3,3,1,5,0,0,0,0,0,,,373,0,13,386,1061
,1,AGUASCALIENTES,12,AGUASCALIENTES,1,AGUASCALIENTES,575,2,236,54,2,10,14,12,80,22,0,6,1,11,0,0,0,0,0,,,448,0,25,473,1351
,1,AGUASCALIENTES,16,AGUASCALIENTES,1,AGUASCALIENTES,576,2,169,53,18,6,7,19,75,0,3,2,2,3,0,0,0,0,0,,,357,0,10,367,924
,1,AGUASCALIENTES,16,AGUASCALIENTES,1,AGUASCALIENTES,577,2,187,32,39,22,14,14,135,7,1,1,2,4,0,0,0,0,0,,,458,0,11,469,1174
,1,AGUASCALIENTES,16,AGUASCALIENTES,1,AGUASCALIENTES,578,2,117,20,11,7,8,14,122,8,6,9,1,5,3,0,0,0,0,,,331,0,12,343,905
,1,AGUASCALIENTES,16,AGUASCALIENTES,1,AGUASCALIENTES,579,2,100,26,22,9,16,18,76,2,9,8,2,9,1,0,0,0,0,,,298,0,9,307,761
,1,AGUASCALIENTES,16,AGUASCALIENTES,1,AGUASCALIENTES,580,2,133,27,36,6,16,12,99,4,1,16,5,7,3,0,0,0,0,,,365,2,13,380,968
,1,AGUASCALIENTES,16,AGUASCALIENTES,1,AGUASCALIENTES,581,2,167,20,36,7,7,25,102,7,9,2,0,15,4,0,0,0,0,,,401,0,15,416,909
,1,AGUASCALIENTES,16,AGUASCALIENTES,1,AGUASCALIENTES,582,2,156,31,28,10,9,25,94,11,5,10,1,3,0,0,0,0,0,,,383,0,13,396,972
,1,AGUASCALIENTES,16,AGUASCALIENTES,1,AGUASCALIENTES,583,2,158,20,14,5,4,27,118,7,5,3,0,15,3,0,1,0,0,,,380,1,14,395,1007
,1,AGUASCALIENTES,16,AGUASCALIENTES,1,AGUASCALIENTES,584,2,128,16,14,4,12,17,83,12,9,0,1,9,4,0,0,0,0,,,309,0,14,323,888
,1,AGUASCALIENTES,16,AGUASCALIENTES,1,AGUASCALIENTES,585,2,132,19,47,3,26,38,70,12,2,2,2,6,1,0,0,0,0,,,360,0,18,378,956
,1,AGUASCALIENTES,16,AGUASCALIENTES,1,AGUASCALIENTES,586,2,185,10,20,4,3,18,108,3,5,8,3,17,1,0,0,0,0,,,385,1,9,395,1011
,1,AGUASCALIENTES,16,AGUASCALIENTES,1,AGUASCALIENTES,587,2,178,30,20,5,5,20,101,7,7,5,2,17,3,0,0,0,0,,,400,0,23,423,1097
,1,AGUASCALIENTES,16,AGUASCALIENTES,1,AGUASCALIENTES,588,2,179,23,13,6,14,12,110,19,0,8,3,13,1,0,0,0,0,,,401,1,9,411,1165
,1,AGUASCALIENTES,16,AGUASCALIENTES,1,AGUASCALIENTES,589,15,1409,203,151,43,71,155,932,60,27,48,19,80,10,7,6,0,3,,,3224,5,113,3342,10336
,1,AGUASCALIENTES,16,AGUASCALIENTES,1,AGUASCALIENTES,590,2,171,37,18,12,5,15,123,8,3,9,2,12,1,0,1,0,0,,,417,1,13,431,937
,1,AGUASCALIENTES,16,AGUASCALIENTES,1,AGUASCALIENTES,591,1,108,18,6,7,9,31,47,6,3,4,2,9,0,0,0,0,1,,,251,0,7,258,627
,1,AGUASCALIENTES,16,AGUASCALIENTES,1,AGUASCALIENTES,592,1,144,22,7,10,3,39,112,5,2,3,2,14,0,0,2,0,0,,,365,1,8,374,677
,1,AGUASCALIENTES,16,AGUASCALIENTES,1,AGUASCALIENTES,593,1,73,19,4,8,3,14,60,4,1,9,1,5,1,0,0,0,0,,,202,0,10,212,539
,1,AGUASCALIENTES,5,AGUASCALIENTES,1,AGUASCALIENTES,594,7,666,42,42,35,27,63,439,24,7,17,6,38,3,1,1,0,1,,,1412,1,43,1456,5248
,1,AGUASCALIENTES,5,AGUASCALIENTES,1,AGUASCALIENTES,595,3,489,53,6,6,12,36,185,7,2,6,4,16,3,0,1,0,0,,,826,0,24,850,1546
,1,AGUASCALIENTES,5,AGUASCALIENTES,1,AGUASCALIENTES,596,3,582,56,9,12,11,43,220,26,4,4,5,30,4,0,2,0,0,,,1008,2,19,1029,2236
,1,AGUASCALIENTES,12,AGUASCALIENTES,1,AGUASCALIENTES,597,2,199,26,14,12,1,21,178,8,1,5,2,8,3,0,1,0,0,,,479,1,10,490,1426
,1,AGUASCALIENTES,5,AGUASCALIENTES,1,AGUASCALIENTES,598,2,227,54,3,6,4,25,209,14,7,2,3,11,1,0,1,0,0,,,567,0,18,585,1488
,1,AGUASCALIENTES,5,AGUASCALIENTES,1,AGUASCALIENTES,599,2,298,28,3,13,7,22,145,5,3,3,3,7,2,0,0,0,0,,,539,1,12,552,999
,1,AGUASCALIENTES,5,AGUASCALIENTES,1,AGUASCALIENTES,600,2,242,23,4,6,4,18,117,10,4,5,3,9,3,0,1,0,0,,,449,2,11,462,917
,1,AGUASCALIENTES,5,AGUASCALIENTES,1,AGUASCALIENTES,601,3,348,48,20,7,17,26,214,19,5,8,4,18,1,0,0,0,0,,,735,1,15,751,2102
,1,AGUASCALIENTES,12,AGUASCALIENTES,1,AGUASCALIENTES,602,3,273,24,21,11,10,34,190,9,2,8,2,20,3,0,1,0,0,,,608,0,13,621,1826
,1,AGUASCALIENTES,5,AGUASCALIENTES,1,AGUASCALIENTES,603,2,199,24,16,12,15,26,162,11,3,3,0,8,0,0,1,0,0,,,480,2,8,490,1484
,1,AGUASCALIENTES,12,AGUASCALIENTES,1,AGUASCALIENTES,604,2,159,21,36,7,5,17,111,6,6,5,1,10,4,0,0,0,0,,,388,0,5,393,1140
,1,AGUASCALIENTES,5,AGUASCALIENTES,1,AGUASCALIENTES,605,2,242,32,4,3,7,19,95,15,7,0,5,16,2,0,0,0,0,,,447,1,12,460,795
,1,AGUASCALIENTES,5,AGUASCALIENTES,1,AGUASCALIENTES,606,2,273,32,1,13,7,22,122,18,4,6,3,18,0,0,0,0,0,,,519,0,11,530,1115
,1,AGUASCALIENTES,5,AGUASCALIENTES,1,AGUASCALIENTES,607,2,182,25,2,8,4,8,114,8,4,5,1,11,1,1,0,0,0,,,374,0,12,386,769
,1,AGUASCALIENTES,12,AGUASCALIENTES,1,AGUASCALIENTES,608,3,306,75,8,16,7,17,97,60,4,6,5,18,1,0,1,0,0,,,621,0,26,647,1415
,1,AGUASCALIENTES,12,AGUASCALIENTES,1,AGUASCALIENTES,609,3,191,21,22,9,3,32,174,9,3,3,1,16,0,0,0,0,0,,,484,0,12,496,2112
,1,AGUASCALIENTES,12,AGUASCALIENTES,1,AGUASCALIENTES,610,2,143,18,10,6,4,18,140,5,4,2,2,11,2,0,2,0,0,,,367,0,9,376,1496
,1,AGUASCALIENTES,12,AGUASCALIENTES,1,AGUASCALIENTES,611,3,257,31,23,11,6,32,147,18,6,15,2,10,4,1,2,0,0,,,565,0,18,583,1894
,1,AGUASCALIENTES,12,AGUASCALIENTES,1,AGUASCALIENTES,612,4,376,35,29,12,14,39,261,22,4,7,5,28,4,2,2,0,0,,,840,2,19,861,2716
,1,AGUASCALIENTES,12,AGUASCALIENTES,1,AGUASCALIENTES,613,4,310,35,37,13,5,39,271,22,6,11,1,16,3,1,4,0,0,,,774,1,30,805,2786
,1,AGUASCALIENTES,12,AGUASCALIENTES,1,AGUASCALIENTES,614,4,300,30,41,15,4,57,242,20,3,10,2,26,1,1,2,0,0,,,754,5,20,779,2561
,1,AGUASCALIENTES,12,AGUASCALIENTES,1,AGUASCALIENTES,615,2,141,16,35,3,7,19,80,8,2,3,0,11,2,0,0,0,0,,,327,0,6,333,1277
,1,AGUASCALIENTES,12,AGUASCALIENTES,1,AGUASCALIENTES,616,1,119,47,1,6,2,16,43,28,1,5,2,2,0,0,0,0,0,,,272,0,9,281,698
,1,AGUASCALIENTES,12,AGUASCALIENTES,1,AGUASCALIENTES,617,3,372,48,19,12,13,36,252,23,9,8,6,22,1,0,4,0,0,,,825,1,28,854,2207
,1,AGUASCALIENTES,18,AGUASCALIENTES,1,AGUASCALIENTES,618,3,589,93,14,12,12,55,301,21,15,6,1,22,2,1,2,0,0,,,1146,2,28,1176,1996
,1,AGUASCALIENTES,18,AGUASCALIENTES,1,AGUASCALIENTES,619,2,263,33,4,13,7,27,163,11,12,11,0,13,1,1,1,0,0,,,560,1,15,576,1188
,1,AGUASCALIENTES,18,AGUASCALIENTES,1,AGUASCALIENTES,620,3,413,65,11,24,15,50,256,23,8,13,7,10,4,0,1,0,0,,,900,1,26,927,2035
,1,AGUASCALIENTES,18,AGUASCALIENTES,1,AGUASCALIENTES,621,4,423,46,5,13,8,49,286,29,6,18,3,18,2,2,1,0,0,,,909,6,27,942,2773
,1,AGUASCALIENTES,18,AGUASCALIENTES,1,AGUASCALIENTES,622,3,609,65,7,12,3,36,173,18,6,5,1,22,3,2,0,0,0,,,962,2,23,987,1736
,1,AGUASCALIENTES,18,AGUASCALIENTES,1,AGUASCALIENTES,623,2,271,30,3,6,3,27,123,15,1,4,2,25,0,1,1,0,0,,,512,0,16,528,1240
,1,AGUASCALIENTES,18,AGUASCALIENTES,1,AGUASCALIENTES,624,3,573,69,13,14,6,34,272,26,7,8,7,16,2,1,2,0,0,,,1050,0,28,1078,2079
,1,AGUASCALIENTES,18,AGUASCALIENTES,1,AGUASCALIENTES,625,2,83,12,4,1,2,15,70,6,2,10,2,7,0,1,0,0,0,,,215,1,12,228,1031
,1,AGUASCALIENTES,18,AGUASCALIENTES,1,AGUASCALIENTES,626,4,248,44,6,7,9,47,208,4,5,21,0,11,1,1,1,0,0,,,613,0,19,632,2366
,1,AGUASCALIENTES,18,AGUASCALIENTES,1,AGUASCALIENTES,627,2,200,22,2,14,2,18,128,10,5,6,1,7,1,0,1,0,0,,,417,1,15,433,1210
,1,AGUASCALIENTES,18,AGUASCALIENTES,1,AGUASCALIENTES,628,2,60,3,0,2,1,4,34,3,1,1,1,0,0,0,1,0,0,,,111,0,6,117,845
,1,AGUASCALIENTES,18,AGUASCALIENTES,1,AGUASCALIENTES,629,2,375,27,2,3,10,11,100,4,3,5,1,1,0,0,0,0,0,,,542,0,12,554,1209
,1,AGUASCALIENTES,18,AGUASCALIENTES,1,AGUASCALIENTES,630,2,102,44,1,6,9,18,71,7,2,7,1,4,0,0,1,0,0,,,273,0,8,281,757
,1,AGUASCALIENTES,18,AGUASCALIENTES,1,AGUASCALIENTES,631,3,456,43,2,18,6,31,134,20,4,12,4,11,2,0,0,0,0,,,743,0,18,761,1690
