ID_ESTADO,NOMBRE_ESTADO,ID_MUNICIPIO,MUNICIPIO,SECCIONES,CASILLAS,PAN,PRI,PRD,PVEM,PT,MC,MORENA,PLA,PANALA,PES,RSP,FXM,CAND_IND1,CAND_IND2,NUM_VOTOS_VALIDOS,NUM_VOTOS_CAN_NREG,NUM_VOTOS_NULOS,TOTAL_VOTOS,LISTA_NOMINAL,RUTA_ACTA
1,AGUASCALIENTES,1,AGUASCALIENTES,474,1179,171988,20162,4964,4859,3802,13612,74193,6254,2570,3149,1322,7805,,,314680,737,7940,323357,682631,
1,AGUASCALIENTES,2,ASIENTOS,17,58,7353,641,486,252,514,335,12586,79,336,183,357,273,,,23395,1,476,23872,36221,
1,AGUASCALIENTES,3,CALVILLO,31,81,10252,1444,316,626,297,620,4256,3284,648,179,130,2014,,,24066,31,821,24918,48366,
1,AGUASCALIENTES,4,COSIO,5,19,2226,2293,103,3187,747,337,151,10,131,18,4,5,,,9212,0,223,9435,12212,
1,AGUASCALIENTES,5,JESUS MARIA,22,133,22176,3756,433,846,852,468,11546,373,477,1413,282,1102,,,43724,25,813,44562,88247,
1,AGUASCALIENTES,6,PABELLON DE ARTEAGA,17,53,874,7023,4907,454,1810,115,1945,44,153,282,318,100,,,18025,251,582,18858,32690,
1,AGUASCALIENTES,7,RINCON DE ROMOS,21,65,3810,1522,230,1716,759,3735,2587,256,2414,167,148,441,2686,,20471,26,740,21237,39531,
1,AGUASCALIENTES,8,SAN JOSE DE GRACIA,7,15,1144,649,113,44,40,31,768,,13,,109,1412,,1014,5337,0,107,5444,7309,
1,AGUASCALIENTES,9,TEPEZALA,10,27,3990,120,393,4550,130,147,1335,47,203,17,63,34,,,11029,4,232,11265,16373,
1,AGUASCALIENTES,10,SAN FRANCISCO DE LOS ROMO,10,57,5861,7356,141,268,162,162,3077,324,804,159,99,89,,,18502,7,487,18996,37865,
1,AGUASCALIENTES,11,EL LLANO,8,25,2096,175,582,48,3242,58,509,15,165,49,135,3714,,,10788,6,318,11112,15962,
