ID_ESTADO,NOMBRE_ESTADO,ID_MUNICIPIO,MUNICIPIO,SECCIONES,CASILLAS,PAN_PRD,PRI,PVEM,PT,PT_MORENA_PANALA,MC,MORENA,PLA,PANALA,PES,RSP,FXM,CAND_IND1,CAND_IND2,NUM_VOTOS_VALIDOS,NUM_VOTOS_CAN_NREG,NUM_VOTOS_NULOS,TOTAL_VOTOS,LISTA_NOMINAL,RUTA_ACTA
1,AGUASCALIENTES,1,AGUASCALIENTES,474,1179,176952,20162,4859,,80565,13612,,6254,,3149,1322,7805,,,314680,737,7940,323357,682631,
1,AGUASCALIENTES,2,ASIENTOS,17,58,7839,641,252,514,,335,12586,79,336,183,357,273,,,23395,1,476,23872,36221,
1,AGUASCALIENTES,3,CALVILLO,31,81,10568,1444,626,297,,620,4256,3284,648,179,130,2014,,,24066,31,821,24918,48366,
1,AGUASCALIENTES,4,COSIO,5,19,2329,2293,3187,747,,337,151,10,131,18,4,5,,,9212,0,223,9435,12212,
1,AGUASCALIENTES,5,JESUS MARIA,22,133,22609,3756,846,,12875,468,,373,,1413,282,1102,,,43724,25,813,44562,88247,
1,AGUASCALIENTES,6,PABELLON DE ARTEAGA,17,53,5781,7023,454,,3908,115,,44,,282,318,100,,,18025,251,582,18858,32690,
1,AGUASCALIENTES,7,RINCON DE ROMOS,21,65,4040,1522,1716,,5760,3735,,256,,167,148,441,2686,,20471,26,740,21237,39531,
1,AGUASCALIENTES,8,SAN JOSE DE GRACIA,7,15,1257,649,44,40,,31,768,,13,,109,1412,,1014,5337,0,107,5444,7309,
1,AGUASCALIENTES,9,TEPEZALA,10,27,4383,120,4550,130,,147,1335,47,203,17,63,34,,,11029,4,232,11265,16373,
1,AGUASCALIENTES,10,SAN FRANCISCO DE LOS ROMO,10,57,6002,7356,268,,4043,162,,324,,159,99,89,,,18502,7,487,18996,37865,
1,AGUASCALIENTES,11,EL LLANO,8,25,2678,175,48,,3916,58,,15,,49,135,3714,,,10788,6,318,11112,15962,
