﻿CIRCUNSCRIPCION,ID_ESTADO,NOMBRE_ESTADO,ID_DISTRITO,CABECERA_DISTRITAL,ID_MUNICIPIO,MUNICIPIO,SECCION,CASILLAS,PAN,PRI,PRD,PVEM,PT,NVA_ALIANZA,MORENA,ES,PAN_PRD,PRI_PVEM_NVA_ALIANZA,PRI_PVEM,PRI_NVA_ALIANZA,PVEM_NVA_ALIANZA,NUM_VOTOS_CAN_NREG,NUM_VOTOS_VALIDOS,NUM_VOTOS_NULOS,TOTAL_VOTOS,LISTA_NOMINAL
1,23,QUINTANA ROO,4,CANCÚN,1,BENITO JUÁREZ,1,10,656,690,308,612,32,39,505,226,118,18,96,2,0,4,3302,127,3433,7345
1,23,QUINTANA ROO,4,CANCÚN,1,BENITO JUÁREZ,4,3,283,232,68,138,12,5,112,71,56,21,7,4,0,1,1009,17,1027,2141
1,23,QUINTANA ROO,4,CANCÚN,1,BENITO JUÁREZ,5,6,464,325,118,265,38,11,323,77,76,6,16,0,0,3,1719,57,1779,3956
1,23,QUINTANA ROO,4,CANCÚN,1,BENITO JUÁREZ,6,2,87,58,21,79,4,6,51,11,18,4,2,0,0,3,341,8,352,873
1,23,QUINTANA ROO,4,CANCÚN,1,BENITO JUÁREZ,7,3,183,173,78,106,6,6,106,30,24,3,25,0,1,1,741,32,774,1606
1,23,QUINTANA ROO,4,CANCÚN,1,BENITO JUÁREZ,8,2,92,90,29,169,3,1,43,31,6,4,10,0,1,0,479,10,489,905
1,23,QUINTANA ROO,4,CANCÚN,1,BENITO JUÁREZ,9,2,65,83,25,105,4,5,54,13,6,3,19,0,0,0,382,14,396,810
1,23,QUINTANA ROO,4,CANCÚN,1,BENITO JUÁREZ,10,1,55,56,24,151,4,5,30,23,5,2,14,0,0,0,369,5,374,719
1,23,QUINTANA ROO,2,CANCÚN,1,BENITO JUÁREZ,13,3,201,288,104,138,39,8,182,76,27,9,15,0,0,2,1087,43,1132,2141
1,23,QUINTANA ROO,2,CANCÚN,1,BENITO JUÁREZ,14,5,383,295,124,125,37,17,344,104,51,8,23,1,0,4,1512,61,1577,3593
1,23,QUINTANA ROO,6,CANCÚN,1,BENITO JUÁREZ,15,4,317,238,99,144,12,10,250,106,52,12,13,0,1,2,1254,44,1300,2754
1,23,QUINTANA ROO,6,CANCÚN,1,BENITO JUÁREZ,16,11,956,622,312,386,50,32,658,202,115,23,55,1,1,4,3413,121,3538,7503
1,23,QUINTANA ROO,6,CANCÚN,1,BENITO JUÁREZ,18,3,152,145,57,242,6,11,100,42,24,18,40,0,0,0,837,35,872,1556
1,23,QUINTANA ROO,6,CANCÚN,1,BENITO JUÁREZ,19,3,189,142,55,211,8,8,121,55,28,15,23,0,0,0,855,22,877,1562
1,23,QUINTANA ROO,6,CANCÚN,1,BENITO JUÁREZ,20,2,172,106,33,104,5,11,99,46,18,3,16,1,0,1,614,22,637,1220
1,23,QUINTANA ROO,5,CANCÚN,1,BENITO JUÁREZ,21,2,154,119,34,59,10,3,82,16,16,3,12,0,0,1,508,16,525,1067
1,23,QUINTANA ROO,5,CANCÚN,1,BENITO JUÁREZ,22,2,136,87,38,74,8,4,84,23,17,6,11,1,0,0,489,8,497,1038
1,23,QUINTANA ROO,5,CANCÚN,1,BENITO JUÁREZ,23,2,104,66,31,74,3,1,86,19,12,7,0,0,0,0,403,12,415,811
1,23,QUINTANA ROO,5,CANCÚN,1,BENITO JUÁREZ,24,2,149,136,49,88,5,5,102,28,14,4,9,0,0,0,589,14,603,1128
1,23,QUINTANA ROO,5,CANCÚN,1,BENITO JUÁREZ,25,1,86,56,28,57,4,5,52,21,7,6,14,0,0,1,336,13,350,718
1,23,QUINTANA ROO,5,CANCÚN,1,BENITO JUÁREZ,26,1,80,82,21,83,7,2,64,22,12,3,6,0,0,0,382,8,390,714
1,23,QUINTANA ROO,5,CANCÚN,1,BENITO JUÁREZ,27,2,89,91,36,103,6,6,78,36,16,5,17,0,1,0,484,14,498,1024
1,23,QUINTANA ROO,5,CANCÚN,1,BENITO JUÁREZ,28,2,112,118,43,139,9,3,66,26,19,15,27,2,1,0,580,23,603,1200
1,23,QUINTANA ROO,4,CANCÚN,1,BENITO JUÁREZ,29,2,115,79,36,118,4,5,54,23,14,0,12,0,0,0,460,11,471,905
1,23,QUINTANA ROO,4,CANCÚN,1,BENITO JUÁREZ,30,1,66,55,25,112,1,0,38,10,13,4,4,0,0,1,328,8,337,644
1,23,QUINTANA ROO,4,CANCÚN,1,BENITO JUÁREZ,31,2,82,87,29,107,6,3,42,14,10,1,14,0,0,0,395,10,405,753
1,23,QUINTANA ROO,4,CANCÚN,1,BENITO JUÁREZ,32,2,88,68,23,211,8,4,61,14,10,3,13,0,0,0,503,13,516,1077
1,23,QUINTANA ROO,4,CANCÚN,1,BENITO JUÁREZ,33,1,40,69,22,84,2,3,35,15,8,1,12,0,0,0,291,17,308,670
1,23,QUINTANA ROO,4,CANCÚN,1,BENITO JUÁREZ,34,2,65,67,36,157,6,1,45,13,23,8,18,0,0,1,439,12,452,846
1,23,QUINTANA ROO,4,CANCÚN,1,BENITO JUÁREZ,35,2,80,81,37,117,6,3,61,24,16,10,14,0,0,0,449,5,454,973
1,23,QUINTANA ROO,4,CANCÚN,1,BENITO JUÁREZ,36,2,94,142,40,132,3,5,71,16,20,3,12,0,0,0,538,16,554,1150
1,23,QUINTANA ROO,4,CANCÚN,1,BENITO JUÁREZ,37,2,70,71,31,112,4,3,21,11,1,0,7,0,0,0,331,5,336,828
1,23,QUINTANA ROO,4,CANCÚN,1,BENITO JUÁREZ,38,2,78,65,35,92,4,7,55,16,11,3,11,0,0,0,377,18,395,884
1,23,QUINTANA ROO,4,CANCÚN,1,BENITO JUÁREZ,39,1,40,54,25,72,3,2,35,16,4,3,7,0,0,0,261,14,275,632
1,23,QUINTANA ROO,4,CANCÚN,1,BENITO JUÁREZ,40,2,68,82,41,140,4,5,52,18,8,4,17,0,1,0,440,12,452,1152
1,23,QUINTANA ROO,4,CANCÚN,1,BENITO JUÁREZ,41,1,42,42,16,62,2,0,31,15,6,1,6,2,1,1,226,4,231,628
1,23,QUINTANA ROO,4,CANCÚN,1,BENITO JUÁREZ,42,1,73,50,27,78,3,1,58,18,14,7,14,0,0,0,343,13,356,708
1,23,QUINTANA ROO,5,CANCÚN,1,BENITO JUÁREZ,43,2,122,91,34,54,1,4,67,26,19,3,21,1,0,0,443,16,459,860
1,23,QUINTANA ROO,5,CANCÚN,1,BENITO JUÁREZ,44,2,121,103,42,97,6,7,80,35,14,7,20,1,2,0,535,18,553,1260
1,23,QUINTANA ROO,5,CANCÚN,1,BENITO JUÁREZ,45,2,167,169,57,112,9,3,121,19,21,4,10,2,0,0,694,23,717,1344
1,23,QUINTANA ROO,6,CANCÚN,1,BENITO JUÁREZ,46,3,147,156,36,261,14,7,104,39,27,13,52,0,1,0,857,37,894,1510
1,23,QUINTANA ROO,6,CANCÚN,1,BENITO JUÁREZ,47,2,143,150,55,131,7,8,111,46,8,9,0,0,0,0,668,41,709,1362
1,23,QUINTANA ROO,2,CANCÚN,1,BENITO JUÁREZ,48,2,156,150,53,86,13,10,145,49,18,3,13,0,1,0,697,24,721,1480
1,23,QUINTANA ROO,2,CANCÚN,1,BENITO JUÁREZ,49,3,143,141,49,122,13,12,184,34,19,7,13,1,0,0,738,38,776,1525
1,23,QUINTANA ROO,2,CANCÚN,1,BENITO JUÁREZ,50,3,246,174,87,160,19,21,295,71,23,4,25,0,0,0,1125,46,1171,2144
1,23,QUINTANA ROO,2,CANCÚN,1,BENITO JUÁREZ,51,2,177,147,54,92,10,8,105,48,8,4,13,0,0,1,666,27,694,1226
1,23,QUINTANA ROO,6,CANCÚN,1,BENITO JUÁREZ,52,2,149,104,71,170,10,11,113,68,17,5,18,0,0,0,736,29,765,1414
1,23,QUINTANA ROO,6,CANCÚN,1,BENITO JUÁREZ,53,4,281,262,116,229,24,17,223,96,36,3,27,0,0,0,1314,41,1355,2650
1,23,QUINTANA ROO,6,CANCÚN,1,BENITO JUÁREZ,54,4,349,215,109,120,19,16,233,77,37,4,31,0,0,1,1210,41,1252,2579
1,23,QUINTANA ROO,6,CANCÚN,1,BENITO JUÁREZ,55,2,139,141,28,175,9,7,99,22,24,8,49,0,0,0,701,18,719,1271
1,23,QUINTANA ROO,6,CANCÚN,1,BENITO JUÁREZ,56,2,129,96,35,176,5,4,67,26,18,1,27,0,0,0,584,17,601,1072
1,23,QUINTANA ROO,5,CANCÚN,1,BENITO JUÁREZ,57,3,247,169,53,61,11,6,101,37,27,2,17,0,1,3,732,22,757,1556
1,23,QUINTANA ROO,5,CANCÚN,1,BENITO JUÁREZ,58,1,139,56,23,40,2,5,77,19,10,2,5,0,0,1,378,9,388,714
1,23,QUINTANA ROO,5,CANCÚN,1,BENITO JUÁREZ,59,2,165,85,32,40,12,5,117,26,20,1,6,0,0,0,509,17,526,1144
1,23,QUINTANA ROO,5,CANCÚN,1,BENITO JUÁREZ,60,3,171,150,83,112,10,8,141,40,24,6,15,0,0,1,760,13,774,1577
1,23,QUINTANA ROO,5,CANCÚN,1,BENITO JUÁREZ,61,2,147,78,49,96,9,1,89,25,29,4,17,0,0,0,544,18,562,974
1,23,QUINTANA ROO,5,CANCÚN,1,BENITO JUÁREZ,62,2,127,90,47,74,7,7,96,31,14,14,7,1,1,0,516,15,531,1012
1,23,QUINTANA ROO,5,CANCÚN,1,BENITO JUÁREZ,63,2,99,76,18,82,7,3,53,20,12,3,6,1,0,0,380,15,395,821
1,23,QUINTANA ROO,5,CANCÚN,1,BENITO JUÁREZ,64,2,92,87,32,96,7,9,75,18,20,0,18,0,0,0,454,15,469,929
1,23,QUINTANA ROO,5,CANCÚN,1,BENITO JUÁREZ,65,2,80,71,39,96,7,2,56,44,22,2,13,1,2,7,435,17,459,1092
1,23,QUINTANA ROO,5,CANCÚN,1,BENITO JUÁREZ,66,1,54,50,27,77,3,7,43,17,11,7,4,0,0,0,300,14,314,737
1,23,QUINTANA ROO,5,CANCÚN,1,BENITO JUÁREZ,67,2,56,55,20,62,1,1,37,17,7,2,5,0,0,0,263,16,279,759
1,23,QUINTANA ROO,5,CANCÚN,1,BENITO JUÁREZ,68,2,62,74,19,76,5,9,51,13,14,5,7,0,0,0,335,10,345,936
1,23,QUINTANA ROO,5,CANCÚN,1,BENITO JUÁREZ,69,1,49,38,18,60,2,2,34,17,6,3,3,0,1,0,233,15,248,578
1,23,QUINTANA ROO,2,CANCÚN,1,BENITO JUÁREZ,70,2,141,119,62,177,2,4,75,32,14,2,23,0,0,1,651,15,667,1064
1,23,QUINTANA ROO,6,CANCÚN,1,BENITO JUÁREZ,71,2,190,147,56,109,8,11,125,43,36,22,10,0,0,2,757,28,787,1437
1,23,QUINTANA ROO,6,CANCÚN,1,BENITO JUÁREZ,72,3,240,243,85,254,21,15,150,55,29,5,37,0,1,0,1135,39,1174,2218
1,23,QUINTANA ROO,6,CANCÚN,1,BENITO JUÁREZ,73,3,234,239,58,236,10,5,156,53,27,7,27,1,2,2,1055,45,1102,2172
1,23,QUINTANA ROO,6,CANCÚN,1,BENITO JUÁREZ,74,3,224,164,69,202,11,9,124,25,42,4,26,0,0,0,900,34,934,1584
1,23,QUINTANA ROO,6,CANCÚN,1,BENITO JUÁREZ,75,2,130,102,23,185,8,6,83,14,11,10,37,0,1,0,610,18,628,1087
1,23,QUINTANA ROO,5,CANCÚN,1,BENITO JUÁREZ,76,3,360,174,53,120,18,6,155,38,32,4,14,0,1,2,975,37,1014,1866
1,23,QUINTANA ROO,5,CANCÚN,1,BENITO JUÁREZ,77,2,169,56,17,34,7,1,91,16,24,0,7,0,0,0,422,11,433,977
1,23,QUINTANA ROO,5,CANCÚN,1,BENITO JUÁREZ,78,2,130,82,27,149,7,9,85,25,14,2,13,0,0,0,543,15,558,1113
1,23,QUINTANA ROO,5,CANCÚN,1,BENITO JUÁREZ,79,2,115,79,53,60,6,3,81,29,22,8,4,0,1,0,461,27,488,1109
1,23,QUINTANA ROO,5,CANCÚN,1,BENITO JUÁREZ,80,2,100,61,30,101,5,4,53,16,16,2,9,0,0,0,397,12,409,828
1,23,QUINTANA ROO,5,CANCÚN,1,BENITO JUÁREZ,81,2,89,84,30,95,5,7,54,17,20,0,8,0,0,0,409,13,422,909
1,23,QUINTANA ROO,5,CANCÚN,1,BENITO JUÁREZ,82,1,82,58,30,80,2,1,52,14,17,1,15,0,0,0,352,21,373,746
1,23,QUINTANA ROO,5,CANCÚN,1,BENITO JUÁREZ,83,2,100,87,29,90,5,4,65,16,16,2,9,0,0,0,423,18,441,1103
1,23,QUINTANA ROO,5,CANCÚN,1,BENITO JUÁREZ,84,2,59,89,29,84,8,4,51,10,16,4,19,0,0,0,373,14,387,1254
1,23,QUINTANA ROO,1,KANTUNILKIN,1,BENITO JUÁREZ,85,2,67,95,17,94,4,3,44,13,10,1,6,1,0,2,355,14,371,928
1,23,QUINTANA ROO,1,KANTUNILKIN,1,BENITO JUÁREZ,86,2,91,84,28,105,5,7,56,9,17,9,14,1,0,0,426,12,438,1025
1,23,QUINTANA ROO,1,KANTUNILKIN,1,BENITO JUÁREZ,87,1,52,53,13,99,3,2,41,12,11,2,16,0,0,0,304,6,310,742
1,23,QUINTANA ROO,1,KANTUNILKIN,1,BENITO JUÁREZ,88,1,43,37,16,127,2,1,32,10,7,0,11,0,0,0,286,9,295,654
1,23,QUINTANA ROO,1,KANTUNILKIN,1,BENITO JUÁREZ,89,1,74,36,12,87,1,1,31,12,11,0,12,0,0,0,277,9,286,572
1,23,QUINTANA ROO,1,KANTUNILKIN,1,BENITO JUÁREZ,90,2,152,92,33,137,9,2,93,19,19,1,9,0,0,0,566,19,585,1192
1,23,QUINTANA ROO,1,KANTUNILKIN,1,BENITO JUÁREZ,91,2,138,105,40,126,9,4,98,25,26,3,14,0,0,3,588,24,615,1274
1,23,QUINTANA ROO,1,KANTUNILKIN,1,BENITO JUÁREZ,92,3,279,164,50,140,6,8,90,25,36,10,25,0,0,0,833,25,858,1240
1,23,QUINTANA ROO,1,KANTUNILKIN,1,BENITO JUÁREZ,93,3,263,144,34,142,5,7,89,24,9,6,6,0,0,3,729,18,750,1678
1,23,QUINTANA ROO,1,KANTUNILKIN,1,BENITO JUÁREZ,94,2,149,124,37,175,6,5,95,26,11,3,26,0,0,3,657,18,678,1284
1,23,QUINTANA ROO,1,KANTUNILKIN,1,BENITO JUÁREZ,95,1,52,59,18,123,3,1,22,11,8,0,9,0,0,0,306,6,312,632
1,23,QUINTANA ROO,1,KANTUNILKIN,1,BENITO JUÁREZ,96,2,62,43,18,108,1,16,24,12,5,4,2,0,0,0,295,4,299,833
1,23,QUINTANA ROO,1,KANTUNILKIN,1,BENITO JUÁREZ,97,1,48,32,9,89,2,1,18,6,6,1,8,0,0,0,220,7,227,700
1,23,QUINTANA ROO,5,CANCÚN,1,BENITO JUÁREZ,98,2,104,63,38,57,5,5,55,24,16,0,7,1,0,0,375,19,394,797
1,23,QUINTANA ROO,5,CANCÚN,1,BENITO JUÁREZ,99,1,50,64,22,50,0,2,34,20,10,0,5,0,0,0,257,9,266,603
1,23,QUINTANA ROO,5,CANCÚN,1,BENITO JUÁREZ,100,2,110,65,30,51,5,4,56,15,16,2,10,0,0,3,364,9,376,849
1,23,QUINTANA ROO,6,CANCÚN,1,BENITO JUÁREZ,101,1,82,60,29,71,3,4,46,13,9,6,22,0,1,0,346,15,361,732
1,23,QUINTANA ROO,6,CANCÚN,1,BENITO JUÁREZ,102,3,336,142,72,69,11,7,134,30,25,4,15,1,0,0,846,32,878,1790
1,23,QUINTANA ROO,6,CANCÚN,1,BENITO JUÁREZ,103,1,115,48,18,14,2,4,29,10,7,0,1,0,0,4,248,5,257,457
1,23,QUINTANA ROO,6,CANCÚN,1,BENITO JUÁREZ,104,2,249,128,32,54,7,8,100,22,36,8,13,0,0,1,657,14,672,1169
1,23,QUINTANA ROO,5,CANCÚN,1,BENITO JUÁREZ,105,2,268,99,49,61,7,7,97,19,41,3,5,0,0,3,656,28,687,1162
1,23,QUINTANA ROO,5,CANCÚN,1,BENITO JUÁREZ,106,2,175,84,32,32,2,2,66,16,23,2,4,0,0,0,438,21,459,854
1,23,QUINTANA ROO,5,CANCÚN,1,BENITO JUÁREZ,107,2,138,141,41,72,8,8,115,27,23,6,27,0,0,0,606,23,629,1219
1,23,QUINTANA ROO,5,CANCÚN,1,BENITO JUÁREZ,108,2,114,82,29,133,8,5,69,20,13,2,22,0,0,0,497,17,514,992
1,23,QUINTANA ROO,5,CANCÚN,1,BENITO JUÁREZ,109,2,148,102,36,123,9,4,102,17,19,9,17,0,0,1,586,20,607,1165
1,23,QUINTANA ROO,5,CANCÚN,1,BENITO JUÁREZ,110,2,120,69,29,63,3,4,55,17,26,1,8,0,0,0,395,11,406,926
1,23,QUINTANA ROO,5,CANCÚN,1,BENITO JUÁREZ,111,1,53,52,13,63,1,2,30,10,15,0,2,0,0,2,241,7,250,504
1,23,QUINTANA ROO,5,CANCÚN,1,BENITO JUÁREZ,112,1,43,49,15,60,2,2,36,8,7,0,10,0,0,0,232,5,237,571
1,23,QUINTANA ROO,5,CANCÚN,1,BENITO JUÁREZ,113,2,68,57,19,46,3,3,31,7,12,2,10,1,1,1,260,17,278,981
1,23,QUINTANA ROO,1,KANTUNILKIN,1,BENITO JUÁREZ,114,2,56,42,17,55,5,3,27,7,3,2,4,0,0,116,221,5,342,763
1,23,QUINTANA ROO,1,KANTUNILKIN,1,BENITO JUÁREZ,115,2,45,64,8,132,5,1,32,12,4,8,7,0,0,2,318,11,331,995
1,23,QUINTANA ROO,1,KANTUNILKIN,1,BENITO JUÁREZ,116,2,140,87,25,75,3,5,58,12,23,5,7,0,1,0,441,9,450,995
1,23,QUINTANA ROO,1,KANTUNILKIN,1,BENITO JUÁREZ,117,2,130,142,33,149,9,4,54,25,17,6,18,0,0,0,587,22,609,1190
1,23,QUINTANA ROO,5,CANCÚN,1,BENITO JUÁREZ,118,1,55,45,17,53,2,1,24,6,12,1,8,0,0,0,224,7,231,532
1,23,QUINTANA ROO,1,KANTUNILKIN,1,BENITO JUÁREZ,119,1,129,28,10,4,3,0,23,7,13,0,1,0,0,0,218,3,221,542
1,23,QUINTANA ROO,5,CANCÚN,1,BENITO JUÁREZ,120,2,108,62,22,39,7,3,59,12,9,1,1,1,0,2,324,8,334,804
1,23,QUINTANA ROO,5,CANCÚN,1,BENITO JUÁREZ,121,1,101,47,14,18,8,2,42,16,6,0,3,0,0,1,257,15,273,728
1,23,QUINTANA ROO,5,CANCÚN,1,BENITO JUÁREZ,122,1,140,54,18,26,5,3,66,11,19,5,5,0,0,0,352,7,359,694
1,23,QUINTANA ROO,5,CANCÚN,1,BENITO JUÁREZ,123,1,183,42,20,14,1,4,29,15,31,5,3,0,0,1,347,16,364,729
1,23,QUINTANA ROO,5,CANCÚN,1,BENITO JUÁREZ,124,2,181,45,23,21,8,6,68,19,10,3,3,0,0,3,387,14,404,891
1,23,QUINTANA ROO,5,CANCÚN,1,BENITO JUÁREZ,125,2,197,48,27,27,8,4,70,19,16,3,3,0,0,2,422,14,438,883
1,23,QUINTANA ROO,5,CANCÚN,1,BENITO JUÁREZ,126,7,1159,412,141,153,39,22,334,100,71,3,26,1,0,4,2461,77,2542,5241
1,23,QUINTANA ROO,6,CANCÚN,1,BENITO JUÁREZ,127,3,325,205,96,153,16,16,172,50,50,12,30,0,2,0,1127,30,1157,2233
1,23,QUINTANA ROO,5,CANCÚN,1,BENITO JUÁREZ,128,3,344,116,57,36,13,4,95,21,32,2,4,0,0,2,724,21,747,1553
1,23,QUINTANA ROO,5,CANCÚN,1,BENITO JUÁREZ,129,1,97,19,5,1,2,3,34,6,9,0,2,0,0,0,178,10,188,433
1,23,QUINTANA ROO,5,CANCÚN,1,BENITO JUÁREZ,130,1,134,38,7,7,2,1,31,10,0,0,0,0,0,0,230,11,241,566
1,23,QUINTANA ROO,5,CANCÚN,1,BENITO JUÁREZ,131,2,140,73,28,43,2,3,38,17,26,1,10,0,0,0,381,6,387,819
1,23,QUINTANA ROO,5,CANCÚN,1,BENITO JUÁREZ,132,1,118,72,21,39,6,13,45,11,19,3,5,0,0,1,352,13,366,700
1,23,QUINTANA ROO,5,CANCÚN,1,BENITO JUÁREZ,133,2,194,76,24,31,3,3,53,18,18,0,6,0,0,1,426,11,438,920
1,23,QUINTANA ROO,5,CANCÚN,1,BENITO JUÁREZ,134,2,93,50,22,58,3,3,59,5,13,1,11,0,1,0,319,6,325,835
1,23,QUINTANA ROO,5,CANCÚN,1,BENITO JUÁREZ,135,2,96,42,19,36,5,6,40,7,13,0,7,0,1,1,272,10,283,762
1,23,QUINTANA ROO,1,KANTUNILKIN,1,BENITO JUÁREZ,136,2,378,220,49,34,10,2,80,9,69,8,18,0,0,2,877,15,894,507
1,23,QUINTANA ROO,1,KANTUNILKIN,1,BENITO JUÁREZ,137,2,421,181,44,30,8,7,98,18,62,6,7,0,0,0,882,17,899,632
1,23,QUINTANA ROO,5,CANCÚN,1,BENITO JUÁREZ,138,1,129,36,13,43,3,2,37,9,16,1,4,0,0,0,293,9,302,639
1,23,QUINTANA ROO,5,CANCÚN,1,BENITO JUÁREZ,139,1,147,67,25,10,2,2,46,12,18,2,4,0,0,1,335,10,346,748
1,23,QUINTANA ROO,5,CANCÚN,1,BENITO JUÁREZ,140,1,156,33,5,18,5,2,43,9,6,0,1,0,0,0,278,3,281,601
1,23,QUINTANA ROO,5,CANCÚN,1,BENITO JUÁREZ,141,1,103,24,12,17,2,1,37,13,8,0,0,0,0,0,217,12,229,649
1,23,QUINTANA ROO,5,CANCÚN,1,BENITO JUÁREZ,142,1,146,44,20,24,1,2,60,11,25,0,5,1,0,0,339,11,350,729
1,23,QUINTANA ROO,5,CANCÚN,1,BENITO JUÁREZ,143,1,104,40,15,21,5,2,40,13,17,6,4,0,0,0,267,14,281,703
1,23,QUINTANA ROO,8,CANCÚN,1,BENITO JUÁREZ,144,2,151,40,11,9,4,2,34,13,16,1,2,0,0,0,283,9,292,800
1,23,QUINTANA ROO,8,CANCÚN,1,BENITO JUÁREZ,145,1,160,35,13,11,4,0,25,9,18,0,2,0,0,3,277,7,287,669
1,23,QUINTANA ROO,8,CANCÚN,1,BENITO JUÁREZ,146,8,1499,264,97,38,28,10,168,86,100,6,13,0,0,4,2309,63,2376,5278
1,23,QUINTANA ROO,8,CANCÚN,1,BENITO JUÁREZ,147,10,1669,410,176,155,43,23,442,148,118,8,14,1,0,6,3207,113,3326,7409
1,23,QUINTANA ROO,8,CANCÚN,1,BENITO JUÁREZ,148,2,167,105,24,121,7,6,92,32,24,3,20,0,0,2,601,16,619,1210
1,23,QUINTANA ROO,8,CANCÚN,1,BENITO JUÁREZ,149,3,248,132,54,128,10,12,158,43,32,5,9,0,0,1,831,23,855,2019
1,23,QUINTANA ROO,7,CANCÚN,1,BENITO JUÁREZ,151,7,821,329,148,168,32,27,357,118,75,12,24,1,1,3,2113,80,2196,4684
1,23,QUINTANA ROO,7,CANCÚN,1,BENITO JUÁREZ,152,3,202,134,52,109,9,7,119,65,30,12,7,0,1,1,747,11,759,1515
1,23,QUINTANA ROO,7,CANCÚN,1,BENITO JUÁREZ,153,2,163,151,70,115,18,7,120,32,35,9,24,0,0,1,744,29,774,1445
1,23,QUINTANA ROO,7,CANCÚN,1,BENITO JUÁREZ,155,2,141,107,51,106,3,5,60,50,22,6,22,0,1,1,574,26,601,1221
1,23,QUINTANA ROO,8,CANCÚN,1,BENITO JUÁREZ,156,2,153,80,41,127,6,6,109,28,21,3,12,0,0,2,586,23,611,1362
1,23,QUINTANA ROO,8,CANCÚN,1,BENITO JUÁREZ,157,2,149,95,34,126,8,6,116,19,11,1,14,0,0,2,579,23,604,1258
1,23,QUINTANA ROO,8,CANCÚN,1,BENITO JUÁREZ,158,2,154,108,24,155,8,8,78,48,17,3,14,0,0,0,617,13,630,1166
1,23,QUINTANA ROO,8,CANCÚN,1,BENITO JUÁREZ,159,2,151,128,27,169,12,4,82,36,21,3,13,0,0,0,646,24,670,1301
1,23,QUINTANA ROO,8,CANCÚN,1,BENITO JUÁREZ,161,4,721,151,39,33,13,3,119,55,53,8,2,0,0,1,1197,19,1217,2849
1,23,QUINTANA ROO,8,CANCÚN,1,BENITO JUÁREZ,162,1,101,27,4,2,2,1,20,5,13,0,0,1,0,0,176,3,179,491
1,23,QUINTANA ROO,8,CANCÚN,1,BENITO JUÁREZ,163,3,218,169,58,265,13,7,151,52,28,9,15,0,0,2,985,39,1026,2177
1,23,QUINTANA ROO,7,CANCÚN,1,BENITO JUÁREZ,164,7,773,412,139,210,44,33,372,150,86,5,28,1,0,7,2253,72,2332,4838
1,23,QUINTANA ROO,7,CANCÚN,1,BENITO JUÁREZ,165,2,130,112,45,90,7,6,79,19,22,5,16,0,0,0,531,12,543,1046
1,23,QUINTANA ROO,7,CANCÚN,1,BENITO JUÁREZ,166,5,489,348,138,162,18,14,254,79,75,13,44,0,0,1,1634,46,1681,3232
1,23,QUINTANA ROO,8,CANCÚN,1,BENITO JUÁREZ,167,2,153,118,45,206,5,11,88,31,17,4,15,0,0,1,693,28,722,1440
1,23,QUINTANA ROO,7,CANCÚN,1,BENITO JUÁREZ,168,13,1863,688,294,251,55,52,721,157,200,23,54,0,2,10,4360,136,4506,9294
1,23,QUINTANA ROO,1,KANTUNILKIN,1,BENITO JUÁREZ,169,2,414,88,25,23,1,1,19,13,45,1,5,0,0,0,635,8,643,1468
1,23,QUINTANA ROO,1,KANTUNILKIN,1,BENITO JUÁREZ,170,4,495,107,34,37,7,4,39,20,63,8,7,2,0,1,823,16,840,2552
1,23,QUINTANA ROO,8,CANCÚN,1,BENITO JUÁREZ,172,2,87,101,19,131,2,2,47,2,13,13,38,0,0,1,455,18,474,988
1,23,QUINTANA ROO,8,CANCÚN,1,BENITO JUÁREZ,173,5,261,322,120,512,18,9,108,39,42,4,59,6,2,3,1502,37,1542,3155
1,23,QUINTANA ROO,8,CANCÚN,1,BENITO JUÁREZ,174,4,328,264,70,365,13,11,128,46,57,16,32,0,0,0,1330,44,1374,2757
1,23,QUINTANA ROO,8,CANCÚN,1,BENITO JUÁREZ,175,12,1578,635,238,1013,30,24,360,124,131,19,78,1,6,4,4237,87,4328,8984
1,23,QUINTANA ROO,1,KANTUNILKIN,11,PUERTO MORELOS,177,4,407,633,184,194,84,37,177,25,70,17,34,1,1,2,1864,103,1969,2835
1,23,QUINTANA ROO,1,KANTUNILKIN,11,PUERTO MORELOS,178,3,316,340,99,90,85,13,112,24,45,10,22,0,2,3,1158,45,1206,1740
1,23,QUINTANA ROO,1,KANTUNILKIN,11,PUERTO MORELOS,179,12,1432,929,310,855,74,40,834,100,263,30,47,0,3,6,4917,169,5092,8635
1,23,QUINTANA ROO,6,CANCÚN,1,BENITO JUÁREZ,181,7,599,379,175,296,28,17,373,155,72,20,27,4,0,1,2145,61,2207,4913
1,23,QUINTANA ROO,11,COZUMEL,2,COZUMEL,182,3,549,366,18,59,3,3,31,9,44,9,16,0,0,1,1107,21,1129,2047
1,23,QUINTANA ROO,11,COZUMEL,2,COZUMEL,183,3,568,434,22,11,2,4,36,12,67,7,11,0,0,0,1174,25,1199,2087
1,23,QUINTANA ROO,11,COZUMEL,2,COZUMEL,184,3,652,359,24,30,4,15,36,12,47,6,10,0,0,0,1195,22,1217,1903
1,23,QUINTANA ROO,11,COZUMEL,2,COZUMEL,185,3,684,535,36,27,4,2,49,8,61,7,22,0,0,2,1435,29,1466,2234
1,23,QUINTANA ROO,11,COZUMEL,2,COZUMEL,186,2,326,258,7,12,4,6,17,6,37,4,13,0,0,0,690,17,707,970
1,23,QUINTANA ROO,11,COZUMEL,2,COZUMEL,187,3,638,338,20,26,1,11,37,4,65,15,11,0,0,1,1166,29,1196,1767
1,23,QUINTANA ROO,11,COZUMEL,2,COZUMEL,188,3,653,392,22,16,4,6,21,9,49,6,12,0,0,0,1190,18,1208,1870
1,23,QUINTANA ROO,11,COZUMEL,2,COZUMEL,189,3,636,410,24,20,6,3,37,6,76,9,14,0,0,0,1241,25,1266,1895
1,23,QUINTANA ROO,11,COZUMEL,2,COZUMEL,190,3,520,324,18,25,5,0,35,12,46,4,5,0,1,0,995,19,1014,1639
1,23,QUINTANA ROO,11,COZUMEL,2,COZUMEL,191,2,358,234,13,3,2,1,26,9,46,0,2,1,0,0,695,12,707,1244
1,23,QUINTANA ROO,11,COZUMEL,2,COZUMEL,192,4,622,425,44,12,3,12,73,15,47,6,8,0,0,0,1267,19,1286,1577
1,23,QUINTANA ROO,11,COZUMEL,2,COZUMEL,193,3,516,332,20,25,2,4,36,6,61,7,6,0,0,1,1015,17,1033,1705
1,23,QUINTANA ROO,11,COZUMEL,2,COZUMEL,194,3,528,244,26,12,3,3,44,7,66,4,4,0,0,0,941,20,961,1566
1,23,QUINTANA ROO,11,COZUMEL,2,COZUMEL,195,13,3271,1863,125,104,19,30,200,46,275,28,40,0,0,3,6001,100,6104,9324
1,23,QUINTANA ROO,11,COZUMEL,2,COZUMEL,196,9,2226,1267,76,71,13,15,116,24,181,20,29,0,1,3,4039,66,4108,6524
1,23,QUINTANA ROO,11,COZUMEL,2,COZUMEL,197,3,652,364,27,21,3,2,33,4,56,1,2,2,0,0,1167,17,1184,2063
1,23,QUINTANA ROO,11,COZUMEL,2,COZUMEL,198,4,674,424,27,28,13,4,50,7,63,9,9,0,0,0,1308,28,1336,2399
1,23,QUINTANA ROO,11,COZUMEL,2,COZUMEL,199,4,861,449,53,21,4,8,66,7,71,10,9,0,0,1,1559,19,1579,2724
1,23,QUINTANA ROO,11,COZUMEL,2,COZUMEL,200,5,1109,560,51,41,5,10,72,9,73,7,7,0,0,1,1944,46,1991,3412
1,23,QUINTANA ROO,11,COZUMEL,2,COZUMEL,201,4,739,582,27,24,5,2,40,2,62,10,16,0,0,1,1509,29,1539,2275
1,23,QUINTANA ROO,11,COZUMEL,2,COZUMEL,202,4,800,520,35,45,10,4,30,9,70,12,24,0,0,0,1559,32,1591,2337
1,23,QUINTANA ROO,11,COZUMEL,2,COZUMEL,203,14,3364,1940,157,86,23,38,192,47,323,30,38,1,1,0,6240,101,6341,10310
1,23,QUINTANA ROO,9,TULUM,8,SOLIDARIDAD,206,16,1295,1175,403,107,32,41,676,73,296,33,39,5,0,2,4175,116,4293,10648
1,23,QUINTANA ROO,9,TULUM,9,TULUM,208,5,439,389,312,25,19,18,271,32,116,7,10,0,0,1,1638,64,1703,3172
1,23,QUINTANA ROO,9,TULUM,9,TULUM,210,5,264,606,474,65,46,20,183,11,146,24,30,1,1,0,1871,45,1916,2699
1,23,QUINTANA ROO,9,TULUM,9,TULUM,211,5,112,566,519,63,20,16,22,1,208,7,17,0,1,0,1552,43,1595,1809
1,23,QUINTANA ROO,9,TULUM,9,TULUM,214,1,73,49,18,1,0,3,16,1,11,3,2,1,0,0,178,11,189,350
1,23,QUINTANA ROO,12,FELIPE CARRILLO PUERTO,3,FELIPE CARRILLO PUERTO,215,3,348,521,255,8,11,7,104,15,115,10,11,2,0,0,1407,40,1447,2164
1,23,QUINTANA ROO,12,FELIPE CARRILLO PUERTO,3,FELIPE CARRILLO PUERTO,216,2,170,241,109,5,10,6,53,5,40,4,3,0,0,0,646,19,665,1003
1,23,QUINTANA ROO,12,FELIPE CARRILLO PUERTO,3,FELIPE CARRILLO PUERTO,217,3,262,428,223,9,11,17,55,13,82,12,9,2,0,0,1123,37,1160,1826
1,23,QUINTANA ROO,12,FELIPE CARRILLO PUERTO,3,FELIPE CARRILLO PUERTO,218,2,201,284,146,3,3,4,61,5,100,9,4,0,0,0,820,20,840,1267
1,23,QUINTANA ROO,12,FELIPE CARRILLO PUERTO,3,FELIPE CARRILLO PUERTO,219,2,204,319,118,8,3,10,70,3,55,5,3,2,1,0,801,14,815,1225
1,23,QUINTANA ROO,12,FELIPE CARRILLO PUERTO,3,FELIPE CARRILLO PUERTO,220,2,163,261,121,5,7,11,77,4,62,3,6,0,0,0,720,9,729,1005
1,23,QUINTANA ROO,12,FELIPE CARRILLO PUERTO,3,FELIPE CARRILLO PUERTO,221,3,358,311,165,3,8,4,86,11,139,11,5,1,0,0,1102,20,1122,854
1,23,QUINTANA ROO,12,FELIPE CARRILLO PUERTO,3,FELIPE CARRILLO PUERTO,222,3,294,337,166,8,5,4,71,12,114,10,8,3,0,0,1032,22,1054,1507
1,23,QUINTANA ROO,12,FELIPE CARRILLO PUERTO,3,FELIPE CARRILLO PUERTO,223,3,332,472,211,37,13,11,106,8,106,12,9,3,0,1,1320,56,1377,2160
1,23,QUINTANA ROO,12,FELIPE CARRILLO PUERTO,3,FELIPE CARRILLO PUERTO,224,2,199,323,168,12,6,13,40,6,78,9,10,1,0,14,865,15,894,1304
1,23,QUINTANA ROO,12,FELIPE CARRILLO PUERTO,3,FELIPE CARRILLO PUERTO,225,2,237,379,146,10,4,4,83,3,93,12,19,0,1,0,991,29,1020,1484
1,23,QUINTANA ROO,12,FELIPE CARRILLO PUERTO,3,FELIPE CARRILLO PUERTO,226,3,257,551,197,13,7,16,100,12,117,25,8,1,1,0,1305,34,1339,1922
1,23,QUINTANA ROO,12,FELIPE CARRILLO PUERTO,3,FELIPE CARRILLO PUERTO,227,3,141,468,215,19,14,14,123,29,61,15,21,1,0,0,1121,49,1170,1693
1,23,QUINTANA ROO,12,FELIPE CARRILLO PUERTO,3,FELIPE CARRILLO PUERTO,228,2,137,481,145,6,14,7,124,16,46,8,4,0,0,0,988,30,1018,1408
1,23,QUINTANA ROO,12,FELIPE CARRILLO PUERTO,3,FELIPE CARRILLO PUERTO,229,3,142,253,169,9,15,6,57,35,206,5,19,1,0,0,917,59,976,1629
1,23,QUINTANA ROO,12,FELIPE CARRILLO PUERTO,3,FELIPE CARRILLO PUERTO,230,3,175,507,295,13,5,8,33,26,74,12,8,0,0,0,1156,64,1220,1634
1,23,QUINTANA ROO,12,FELIPE CARRILLO PUERTO,3,FELIPE CARRILLO PUERTO,231,3,85,200,321,18,15,10,94,38,64,21,0,0,0,0,866,57,923,1486
1,23,QUINTANA ROO,12,FELIPE CARRILLO PUERTO,3,FELIPE CARRILLO PUERTO,232,3,162,311,261,17,19,16,41,83,64,4,1,0,0,0,979,48,1027,1432
1,23,QUINTANA ROO,12,FELIPE CARRILLO PUERTO,3,FELIPE CARRILLO PUERTO,233,2,161,268,229,13,4,7,17,31,11,3,4,0,1,0,749,37,786,986
1,23,QUINTANA ROO,12,FELIPE CARRILLO PUERTO,3,FELIPE CARRILLO PUERTO,234,5,248,716,525,24,11,13,28,21,103,11,16,1,0,0,1717,61,1778,2374
1,23,QUINTANA ROO,12,FELIPE CARRILLO PUERTO,3,FELIPE CARRILLO PUERTO,235,2,150,471,212,9,5,7,15,18,48,4,14,2,0,0,955,42,997,1500
1,23,QUINTANA ROO,12,FELIPE CARRILLO PUERTO,3,FELIPE CARRILLO PUERTO,237,2,139,359,213,17,4,7,14,14,61,6,8,1,0,0,843,26,869,1081
1,23,QUINTANA ROO,12,FELIPE CARRILLO PUERTO,3,FELIPE CARRILLO PUERTO,238,3,158,346,319,27,14,18,44,47,60,13,6,0,0,0,1052,54,1106,1422
1,23,QUINTANA ROO,12,FELIPE CARRILLO PUERTO,3,FELIPE CARRILLO PUERTO,239,2,157,472,180,10,6,18,99,25,33,4,77,1,0,0,1082,39,1121,1394
1,23,QUINTANA ROO,12,FELIPE CARRILLO PUERTO,3,FELIPE CARRILLO PUERTO,240,2,57,203,185,12,2,37,13,12,34,11,2,0,0,8,568,32,608,788
1,23,QUINTANA ROO,12,FELIPE CARRILLO PUERTO,3,FELIPE CARRILLO PUERTO,241,3,215,414,190,19,12,12,106,18,134,12,18,0,0,0,1150,72,1222,1752
1,23,QUINTANA ROO,12,FELIPE CARRILLO PUERTO,3,FELIPE CARRILLO PUERTO,242,2,139,298,125,15,0,20,80,21,76,3,8,0,1,0,786,49,835,1213
1,23,QUINTANA ROO,12,FELIPE CARRILLO PUERTO,3,FELIPE CARRILLO PUERTO,243,1,23,127,82,3,1,4,26,6,8,3,0,0,0,0,283,13,296,388
1,23,QUINTANA ROO,12,FELIPE CARRILLO PUERTO,3,FELIPE CARRILLO PUERTO,244,3,79,374,255,48,12,13,6,21,40,21,20,0,0,0,889,63,952,1243
1,23,QUINTANA ROO,12,FELIPE CARRILLO PUERTO,3,FELIPE CARRILLO PUERTO,245,1,53,194,81,14,8,5,19,16,16,5,9,1,1,0,422,18,440,661
1,23,QUINTANA ROO,12,FELIPE CARRILLO PUERTO,3,FELIPE CARRILLO PUERTO,247,4,211,499,385,26,12,13,70,32,63,14,9,0,0,0,1334,68,1402,2008
1,23,QUINTANA ROO,12,FELIPE CARRILLO PUERTO,3,FELIPE CARRILLO PUERTO,248,1,38,116,48,1,4,6,28,5,17,6,2,0,0,0,271,13,284,418
1,23,QUINTANA ROO,12,FELIPE CARRILLO PUERTO,3,FELIPE CARRILLO PUERTO,249,3,130,452,241,10,12,10,38,24,140,13,13,1,1,0,1085,86,1171,1754
1,23,QUINTANA ROO,12,FELIPE CARRILLO PUERTO,3,FELIPE CARRILLO PUERTO,250,2,91,263,226,9,4,14,24,29,45,10,11,0,0,0,726,48,774,980
1,23,QUINTANA ROO,12,FELIPE CARRILLO PUERTO,3,FELIPE CARRILLO PUERTO,251,3,216,375,269,7,5,22,67,79,53,14,7,3,1,0,1118,45,1163,1735
1,23,QUINTANA ROO,1,KANTUNILKIN,4,ISLA MUJERES,252,2,239,278,6,12,5,5,26,6,22,5,2,1,0,0,607,11,618,965
1,23,QUINTANA ROO,1,KANTUNILKIN,4,ISLA MUJERES,253,3,286,304,23,19,5,8,62,9,31,4,10,0,0,0,761,19,780,827
1,23,QUINTANA ROO,1,KANTUNILKIN,4,ISLA MUJERES,254,1,173,215,8,13,3,3,26,1,13,4,12,1,0,0,472,6,478,726
1,23,QUINTANA ROO,1,KANTUNILKIN,4,ISLA MUJERES,255,3,532,475,14,36,4,16,105,9,35,10,10,1,0,1,1247,19,1267,1893
1,23,QUINTANA ROO,1,KANTUNILKIN,4,ISLA MUJERES,256,2,255,308,7,24,4,10,53,9,20,0,3,3,0,0,696,8,704,1189
1,23,QUINTANA ROO,1,KANTUNILKIN,4,ISLA MUJERES,257,2,403,360,11,19,2,5,49,5,29,8,16,0,0,0,907,13,920,1365
1,23,QUINTANA ROO,1,KANTUNILKIN,4,ISLA MUJERES,258,5,1016,905,44,50,12,18,148,14,83,11,15,2,0,1,2318,43,2362,3485
1,23,QUINTANA ROO,1,KANTUNILKIN,4,ISLA MUJERES,259,2,355,310,15,20,11,3,67,7,26,3,4,0,0,0,821,8,829,1279
1,23,QUINTANA ROO,1,KANTUNILKIN,4,ISLA MUJERES,260,1,46,57,3,7,4,0,11,3,3,0,2,0,0,0,136,3,139,224
1,23,QUINTANA ROO,1,KANTUNILKIN,4,ISLA MUJERES,261,7,971,937,100,113,37,16,189,74,133,26,52,2,0,0,2650,70,2720,4968
1,23,QUINTANA ROO,13,BACALAR,5,JOSÉ MARÍA MORELOS,262,4,357,657,447,111,7,16,38,78,62,14,15,0,1,0,1803,49,1852,2270
1,23,QUINTANA ROO,12,FELIPE CARRILLO PUERTO,5,JOSÉ MARÍA MORELOS,263,4,509,669,397,56,3,13,54,89,73,7,13,2,0,1,1885,32,1918,2020
1,23,QUINTANA ROO,13,BACALAR,5,JOSÉ MARÍA MORELOS,264,3,302,505,308,46,5,10,18,100,52,7,9,0,0,11,1362,23,1396,1810
1,23,QUINTANA ROO,12,FELIPE CARRILLO PUERTO,5,JOSÉ MARÍA MORELOS,265,4,417,637,391,91,7,16,33,106,70,7,10,7,0,2,1792,48,1842,2344
1,23,QUINTANA ROO,12,FELIPE CARRILLO PUERTO,5,JOSÉ MARÍA MORELOS,266,1,127,289,106,1,1,2,4,1,18,11,2,2,0,0,564,15,579,691
1,23,QUINTANA ROO,12,FELIPE CARRILLO PUERTO,5,JOSÉ MARÍA MORELOS,267,1,69,238,155,28,1,6,6,5,22,2,5,0,0,0,537,7,544,675
1,23,QUINTANA ROO,12,FELIPE CARRILLO PUERTO,5,JOSÉ MARÍA MORELOS,268,3,280,797,377,32,8,24,36,43,41,14,8,2,1,0,1663,81,1744,2200
1,23,QUINTANA ROO,12,FELIPE CARRILLO PUERTO,5,JOSÉ MARÍA MORELOS,269,2,102,241,136,30,4,19,9,22,11,3,5,0,0,0,582,35,617,773
1,23,QUINTANA ROO,13,BACALAR,5,JOSÉ MARÍA MORELOS,270,2,125,139,82,19,4,5,37,33,233,190,3,0,0,2,870,31,903,1197
1,23,QUINTANA ROO,13,BACALAR,5,JOSÉ MARÍA MORELOS,271,2,201,273,121,45,3,7,28,25,17,0,10,0,1,0,731,33,764,1003
1,23,QUINTANA ROO,12,FELIPE CARRILLO PUERTO,5,JOSÉ MARÍA MORELOS,272,1,108,188,71,31,3,5,5,30,13,7,0,0,0,0,461,14,475,589
1,23,QUINTANA ROO,13,BACALAR,5,JOSÉ MARÍA MORELOS,273,3,282,356,187,93,2,27,16,63,38,6,23,1,3,1,1097,30,1128,1376
1,23,QUINTANA ROO,13,BACALAR,5,JOSÉ MARÍA MORELOS,274,2,210,365,245,46,3,20,8,13,52,5,10,1,0,0,978,27,1005,1189
1,23,QUINTANA ROO,13,BACALAR,5,JOSÉ MARÍA MORELOS,275,3,285,314,113,37,8,6,15,59,12,8,5,1,3,0,866,36,902,1167
1,23,QUINTANA ROO,13,BACALAR,5,JOSÉ MARÍA MORELOS,276,2,231,343,89,39,5,12,4,63,23,2,3,1,0,0,815,53,868,1084
1,23,QUINTANA ROO,12,FELIPE CARRILLO PUERTO,5,JOSÉ MARÍA MORELOS,277,1,107,154,78,2,5,4,3,24,11,0,0,2,0,0,390,15,405,472
1,23,QUINTANA ROO,13,BACALAR,5,JOSÉ MARÍA MORELOS,278,1,166,193,96,11,8,16,7,49,11,0,0,3,2,0,562,26,588,721
1,23,QUINTANA ROO,13,BACALAR,5,JOSÉ MARÍA MORELOS,279,1,79,268,41,12,8,9,4,11,4,5,6,1,0,0,448,26,474,583
1,23,QUINTANA ROO,13,BACALAR,5,JOSÉ MARÍA MORELOS,280,1,95,194,53,10,5,10,5,22,6,0,4,0,0,0,404,11,415,549
1,23,QUINTANA ROO,13,BACALAR,5,JOSÉ MARÍA MORELOS,281,1,59,49,37,1,2,8,4,17,2,0,0,0,0,0,179,11,190,215
1,23,QUINTANA ROO,13,BACALAR,5,JOSÉ MARÍA MORELOS,282,1,233,150,71,4,3,12,7,34,11,1,1,0,0,0,527,34,561,663
1,23,QUINTANA ROO,13,BACALAR,5,JOSÉ MARÍA MORELOS,283,1,167,158,66,14,5,7,13,41,7,1,1,0,0,0,480,45,525,621
1,23,QUINTANA ROO,1,KANTUNILKIN,6,LÁZARO CÁRDENAS,284,3,375,562,53,31,9,35,31,51,23,17,8,1,0,0,1196,18,1214,1527
1,23,QUINTANA ROO,1,KANTUNILKIN,6,LÁZARO CÁRDENAS,285,2,310,531,57,23,5,29,35,18,26,20,16,0,0,0,1070,19,1089,1391
1,23,QUINTANA ROO,1,KANTUNILKIN,6,LÁZARO CÁRDENAS,286,4,635,896,107,70,9,45,54,53,41,21,19,1,0,0,1951,49,2000,2600
1,23,QUINTANA ROO,1,KANTUNILKIN,6,LÁZARO CÁRDENAS,287,3,495,376,37,10,3,52,38,16,26,18,6,0,1,0,1078,24,1102,1577
1,23,QUINTANA ROO,1,KANTUNILKIN,6,LÁZARO CÁRDENAS,288,3,577,452,105,4,28,62,79,75,23,5,5,7,1,0,1423,44,1467,1896
1,23,QUINTANA ROO,1,KANTUNILKIN,6,LÁZARO CÁRDENAS,289,2,236,183,93,6,22,5,19,3,19,1,6,0,0,0,593,10,603,757
1,23,QUINTANA ROO,1,KANTUNILKIN,6,LÁZARO CÁRDENAS,290,3,549,460,45,16,15,16,57,27,35,16,9,1,0,0,1246,36,1282,1706
1,23,QUINTANA ROO,1,KANTUNILKIN,6,LÁZARO CÁRDENAS,291,2,372,292,21,12,2,7,4,23,18,9,10,1,0,0,771,11,782,932
1,23,QUINTANA ROO,1,KANTUNILKIN,6,LÁZARO CÁRDENAS,292,3,338,286,153,51,11,32,35,45,31,8,13,3,1,0,1007,39,1046,1341
1,23,QUINTANA ROO,1,KANTUNILKIN,6,LÁZARO CÁRDENAS,293,3,571,330,33,11,18,12,84,56,23,7,3,0,0,0,1148,32,1180,1649
1,23,QUINTANA ROO,1,KANTUNILKIN,6,LÁZARO CÁRDENAS,294,2,217,261,17,10,44,4,25,9,14,4,5,2,2,9,614,26,649,830
1,23,QUINTANA ROO,1,KANTUNILKIN,6,LÁZARO CÁRDENAS,295,2,230,235,68,23,6,6,36,7,23,7,12,8,0,0,661,28,689,877
1,23,QUINTANA ROO,1,KANTUNILKIN,6,LÁZARO CÁRDENAS,296,3,388,230,67,19,27,23,37,57,19,9,2,2,1,0,881,29,910,1128
1,23,QUINTANA ROO,1,KANTUNILKIN,6,LÁZARO CÁRDENAS,297,1,188,187,4,10,0,2,15,3,16,4,4,0,0,0,433,15,448,509
1,23,QUINTANA ROO,14,CHETUMAL,7,OTHÓN P. BLANCO,298,2,393,114,32,2,9,1,49,2,51,4,4,1,0,0,662,12,674,1098
1,23,QUINTANA ROO,14,CHETUMAL,7,OTHÓN P. BLANCO,299,2,389,164,29,4,8,4,42,8,67,2,4,0,0,0,721,31,752,1173
1,23,QUINTANA ROO,15,CHETUMAL,7,OTHÓN P. BLANCO,300,4,848,399,56,22,16,17,127,60,144,8,2,0,0,6,1699,30,1735,2548
1,23,QUINTANA ROO,15,CHETUMAL,7,OTHÓN P. BLANCO,301,1,118,55,8,0,1,3,12,2,34,3,1,0,0,0,237,3,240,319
1,23,QUINTANA ROO,15,CHETUMAL,7,OTHÓN P. BLANCO,302,4,684,208,40,9,3,8,62,12,78,4,11,0,0,0,1119,21,1140,1669
1,23,QUINTANA ROO,14,CHETUMAL,7,OTHÓN P. BLANCO,303,2,417,154,35,10,8,4,48,7,52,0,4,0,0,0,739,19,758,1164
1,23,QUINTANA ROO,14,CHETUMAL,7,OTHÓN P. BLANCO,304,2,417,157,29,5,3,3,48,2,69,4,6,0,0,0,743,11,754,1160
1,23,QUINTANA ROO,14,CHETUMAL,7,OTHÓN P. BLANCO,305,2,436,155,44,6,7,7,65,6,63,2,1,0,0,0,792,11,803,1202
1,23,QUINTANA ROO,14,CHETUMAL,7,OTHÓN P. BLANCO,306,2,390,130,38,2,4,8,61,2,76,9,2,1,0,1,723,8,732,1031
1,23,QUINTANA ROO,14,CHETUMAL,7,OTHÓN P. BLANCO,307,8,1947,658,122,21,27,17,303,26,329,25,25,2,0,3,3502,86,3591,5948
1,23,QUINTANA ROO,15,CHETUMAL,7,OTHÓN P. BLANCO,308,2,446,122,26,6,1,3,47,4,48,4,3,0,0,0,710,14,724,1155
1,23,QUINTANA ROO,15,CHETUMAL,7,OTHÓN P. BLANCO,309,2,502,166,37,12,6,8,60,13,56,3,2,0,0,0,865,17,882,1439
1,23,QUINTANA ROO,15,CHETUMAL,7,OTHÓN P. BLANCO,310,2,384,159,13,6,4,5,60,8,32,2,3,0,0,0,676,18,694,1154
1,23,QUINTANA ROO,15,CHETUMAL,7,OTHÓN P. BLANCO,311,2,404,138,14,4,3,3,48,6,49,13,5,1,0,1,688,19,708,1125
1,23,QUINTANA ROO,15,CHETUMAL,7,OTHÓN P. BLANCO,312,2,347,136,15,6,3,4,56,5,25,2,0,1,1,1,601,19,621,1046
1,23,QUINTANA ROO,15,CHETUMAL,7,OTHÓN P. BLANCO,313,1,233,102,10,3,3,0,17,3,29,1,1,0,0,0,402,6,408,588
1,23,QUINTANA ROO,15,CHETUMAL,7,OTHÓN P. BLANCO,314,1,164,54,10,0,4,1,15,4,33,4,2,0,0,0,291,3,294,432
1,23,QUINTANA ROO,14,CHETUMAL,7,OTHÓN P. BLANCO,315,2,402,164,38,6,4,6,57,5,73,6,4,0,0,1,765,13,779,1082
1,23,QUINTANA ROO,14,CHETUMAL,7,OTHÓN P. BLANCO,317,3,591,196,43,5,3,12,107,7,121,3,5,1,0,0,1094,7,1101,1600
1,23,QUINTANA ROO,14,CHETUMAL,7,OTHÓN P. BLANCO,318,2,382,181,25,6,5,5,75,5,54,3,6,0,0,0,747,16,763,1112
1,23,QUINTANA ROO,14,CHETUMAL,7,OTHÓN P. BLANCO,319,2,463,172,28,1,3,3,53,7,68,8,1,0,0,0,807,11,818,1182
1,23,QUINTANA ROO,14,CHETUMAL,7,OTHÓN P. BLANCO,320,2,441,170,24,1,1,6,40,5,69,5,5,0,0,1,767,11,779,1119
1,23,QUINTANA ROO,14,CHETUMAL,7,OTHÓN P. BLANCO,321,2,289,112,14,2,5,4,32,8,29,5,3,0,0,0,503,11,514,777
1,23,QUINTANA ROO,14,CHETUMAL,7,OTHÓN P. BLANCO,322,2,446,186,45,2,7,11,79,10,53,3,0,0,0,0,842,15,857,1382
1,23,QUINTANA ROO,14,CHETUMAL,7,OTHÓN P. BLANCO,323,2,318,143,19,3,5,0,36,2,55,4,2,0,0,0,587,4,591,792
1,23,QUINTANA ROO,15,CHETUMAL,7,OTHÓN P. BLANCO,324,1,99,35,6,1,0,1,6,4,8,1,0,0,0,0,161,2,163,270
1,23,QUINTANA ROO,15,CHETUMAL,7,OTHÓN P. BLANCO,325,2,263,119,14,3,1,3,34,3,36,4,10,0,0,0,490,13,503,811
1,23,QUINTANA ROO,15,CHETUMAL,7,OTHÓN P. BLANCO,326,2,345,140,23,0,7,6,61,2,53,3,3,0,0,0,643,11,654,1001
1,23,QUINTANA ROO,15,CHETUMAL,7,OTHÓN P. BLANCO,327,1,218,115,12,1,3,0,23,6,26,2,3,0,0,0,409,10,419,663
1,23,QUINTANA ROO,15,CHETUMAL,7,OTHÓN P. BLANCO,328,2,319,96,20,3,5,5,28,7,60,1,6,0,0,0,550,7,557,845
1,23,QUINTANA ROO,14,CHETUMAL,7,OTHÓN P. BLANCO,329,2,277,121,21,1,3,2,32,7,56,4,0,1,0,0,525,15,540,832
1,23,QUINTANA ROO,14,CHETUMAL,7,OTHÓN P. BLANCO,330,2,409,203,31,3,6,2,33,13,57,4,5,0,0,1,766,15,782,1167
1,23,QUINTANA ROO,14,CHETUMAL,7,OTHÓN P. BLANCO,331,2,280,121,14,4,1,6,30,1,56,5,0,1,0,1,519,14,534,772
1,23,QUINTANA ROO,14,CHETUMAL,7,OTHÓN P. BLANCO,332,2,406,224,20,2,2,3,44,1,90,3,5,0,0,0,800,9,809,1076
1,23,QUINTANA ROO,14,CHETUMAL,7,OTHÓN P. BLANCO,333,2,435,187,30,7,4,2,64,3,107,12,3,1,0,1,855,8,864,1150
1,23,QUINTANA ROO,14,CHETUMAL,7,OTHÓN P. BLANCO,334,6,1659,588,141,16,15,18,229,24,256,17,19,2,0,4,2984,44,3032,2500
1,23,QUINTANA ROO,14,CHETUMAL,7,OTHÓN P. BLANCO,335,2,421,164,29,7,9,8,51,7,61,4,3,0,0,6,764,6,776,1170
1,23,QUINTANA ROO,14,CHETUMAL,7,OTHÓN P. BLANCO,336,1,231,74,17,3,1,2,32,7,50,0,1,0,0,1,418,9,428,664
1,23,QUINTANA ROO,14,CHETUMAL,7,OTHÓN P. BLANCO,337,3,719,314,36,5,20,13,77,19,121,7,3,1,0,0,1335,21,1356,2009
1,23,QUINTANA ROO,14,CHETUMAL,7,OTHÓN P. BLANCO,338,2,375,174,25,9,3,4,34,4,48,3,8,0,0,1,687,12,700,1018
1,23,QUINTANA ROO,14,CHETUMAL,7,OTHÓN P. BLANCO,339,2,364,134,20,4,11,5,23,4,61,0,6,0,0,0,632,16,648,923
1,23,QUINTANA ROO,14,CHETUMAL,7,OTHÓN P. BLANCO,340,1,186,71,20,0,1,1,15,2,33,0,1,2,1,0,333,2,335,428
1,23,QUINTANA ROO,14,CHETUMAL,7,OTHÓN P. BLANCO,341,1,222,106,13,3,0,1,19,2,44,10,4,0,0,0,424,8,432,646
1,23,QUINTANA ROO,14,CHETUMAL,7,OTHÓN P. BLANCO,342,2,460,174,28,5,3,11,51,5,92,4,2,3,0,1,838,20,859,1275
1,23,QUINTANA ROO,14,CHETUMAL,7,OTHÓN P. BLANCO,343,2,449,140,27,5,6,12,59,6,55,1,2,0,0,0,762,16,778,1080
1,23,QUINTANA ROO,14,CHETUMAL,7,OTHÓN P. BLANCO,344,2,442,167,23,2,4,6,51,3,66,3,3,0,0,0,770,20,790,1181
1,23,QUINTANA ROO,15,CHETUMAL,7,OTHÓN P. BLANCO,345,1,188,88,8,3,1,1,13,4,38,1,2,0,0,0,347,2,349,510
1,23,QUINTANA ROO,15,CHETUMAL,7,OTHÓN P. BLANCO,346,2,282,99,16,5,3,7,28,11,42,1,4,1,0,0,499,12,511,774
1,23,QUINTANA ROO,15,CHETUMAL,7,OTHÓN P. BLANCO,347,2,376,106,14,3,2,3,46,8,65,3,2,1,1,0,630,21,651,972
1,23,QUINTANA ROO,15,CHETUMAL,7,OTHÓN P. BLANCO,348,1,199,109,8,1,3,2,23,1,39,2,5,0,0,0,392,10,402,602
1,23,QUINTANA ROO,15,CHETUMAL,7,OTHÓN P. BLANCO,349,1,251,121,9,3,2,3,23,3,40,3,4,0,1,0,463,0,463,722
1,23,QUINTANA ROO,15,CHETUMAL,7,OTHÓN P. BLANCO,350,1,210,117,9,2,0,0,33,2,43,1,1,0,0,0,418,5,423,605
1,23,QUINTANA ROO,15,CHETUMAL,7,OTHÓN P. BLANCO,351,1,205,75,14,7,2,0,29,4,46,0,1,0,0,0,383,1,384,594
1,23,QUINTANA ROO,15,CHETUMAL,7,OTHÓN P. BLANCO,352,2,473,168,23,5,4,7,25,8,70,2,3,0,0,0,788,12,800,1129
1,23,QUINTANA ROO,15,CHETUMAL,7,OTHÓN P. BLANCO,353,2,283,90,16,4,0,2,32,1,56,1,3,0,0,0,488,11,499,787
1,23,QUINTANA ROO,15,CHETUMAL,7,OTHÓN P. BLANCO,354,2,297,105,13,3,0,3,28,4,51,1,4,1,0,0,510,8,518,761
1,23,QUINTANA ROO,15,CHETUMAL,7,OTHÓN P. BLANCO,355,1,185,90,24,0,3,1,37,1,25,1,2,0,0,0,369,7,376,579
1,23,QUINTANA ROO,15,CHETUMAL,7,OTHÓN P. BLANCO,356,1,193,149,15,1,7,3,27,7,51,2,1,0,1,0,457,9,466,639
1,23,QUINTANA ROO,14,CHETUMAL,7,OTHÓN P. BLANCO,357,2,366,173,32,3,4,2,51,2,72,4,5,1,0,0,715,14,729,1024
1,23,QUINTANA ROO,14,CHETUMAL,7,OTHÓN P. BLANCO,358,2,357,122,29,2,3,1,38,6,63,3,3,0,0,0,627,17,644,944
1,23,QUINTANA ROO,14,CHETUMAL,7,OTHÓN P. BLANCO,359,2,462,148,24,4,6,1,57,4,74,9,4,1,1,0,795,10,805,1106
1,23,QUINTANA ROO,14,CHETUMAL,7,OTHÓN P. BLANCO,360,1,243,78,15,2,0,10,37,1,50,3,3,0,0,0,442,7,449,672
1,23,QUINTANA ROO,14,CHETUMAL,7,OTHÓN P. BLANCO,361,2,440,141,26,8,4,1,41,3,67,4,2,1,0,0,738,11,749,1140
1,23,QUINTANA ROO,14,CHETUMAL,7,OTHÓN P. BLANCO,362,2,377,121,20,1,3,5,30,4,57,3,1,0,0,0,622,12,634,917
1,23,QUINTANA ROO,14,CHETUMAL,7,OTHÓN P. BLANCO,363,2,479,145,33,8,6,2,54,5,75,1,8,1,0,0,817,16,833,1264
1,23,QUINTANA ROO,14,CHETUMAL,7,OTHÓN P. BLANCO,364,2,295,149,21,3,0,1,34,2,57,4,2,0,0,0,568,5,573,768
1,23,QUINTANA ROO,14,CHETUMAL,7,OTHÓN P. BLANCO,365,2,446,149,24,3,3,7,59,3,70,4,9,1,0,0,778,12,790,1104
1,23,QUINTANA ROO,15,CHETUMAL,7,OTHÓN P. BLANCO,366,1,216,143,22,0,3,2,24,4,39,4,3,1,0,0,461,5,466,663
1,23,QUINTANA ROO,15,CHETUMAL,7,OTHÓN P. BLANCO,367,1,241,105,10,4,1,4,25,4,58,2,1,2,0,0,457,9,466,636
1,23,QUINTANA ROO,15,CHETUMAL,7,OTHÓN P. BLANCO,368,2,251,142,23,2,2,1,31,3,69,2,2,0,0,1,528,19,548,830
1,23,QUINTANA ROO,15,CHETUMAL,7,OTHÓN P. BLANCO,369,1,174,49,8,3,1,2,21,1,23,1,1,0,0,0,284,6,290,451
1,23,QUINTANA ROO,15,CHETUMAL,7,OTHÓN P. BLANCO,370,1,263,106,7,3,3,1,31,1,35,1,3,0,0,0,454,12,466,701
1,23,QUINTANA ROO,15,CHETUMAL,7,OTHÓN P. BLANCO,371,2,424,180,26,4,3,5,53,5,95,6,5,0,0,0,806,23,829,1278
1,23,QUINTANA ROO,15,CHETUMAL,7,OTHÓN P. BLANCO,372,1,138,52,6,0,1,0,15,2,18,0,0,0,0,0,232,1,233,384
1,23,QUINTANA ROO,15,CHETUMAL,7,OTHÓN P. BLANCO,374,1,211,102,18,2,1,1,24,4,39,1,3,0,0,0,406,8,414,651
1,23,QUINTANA ROO,15,CHETUMAL,7,OTHÓN P. BLANCO,375,2,320,154,31,3,6,4,57,8,51,3,1,0,0,0,638,13,651,982
1,23,QUINTANA ROO,14,CHETUMAL,7,OTHÓN P. BLANCO,377,2,465,274,29,8,1,2,35,5,84,6,5,0,0,0,914,6,920,1375
1,23,QUINTANA ROO,14,CHETUMAL,7,OTHÓN P. BLANCO,378,2,471,237,35,12,6,5,54,12,82,11,3,2,1,0,931,21,952,1383
1,23,QUINTANA ROO,15,CHETUMAL,7,OTHÓN P. BLANCO,379,1,212,98,17,1,2,1,34,3,24,1,1,0,0,0,394,5,399,646
1,23,QUINTANA ROO,15,CHETUMAL,7,OTHÓN P. BLANCO,380,1,279,115,13,2,1,0,24,3,55,2,4,1,0,0,499,5,504,725
1,23,QUINTANA ROO,15,CHETUMAL,7,OTHÓN P. BLANCO,381,1,156,58,8,0,0,3,18,0,40,1,1,0,0,0,285,5,290,422
1,23,QUINTANA ROO,15,CHETUMAL,7,OTHÓN P. BLANCO,382,1,243,106,18,9,1,4,28,3,44,4,5,1,0,0,466,10,476,745
1,23,QUINTANA ROO,15,CHETUMAL,7,OTHÓN P. BLANCO,383,1,184,102,8,1,3,1,16,1,52,5,3,0,0,0,376,3,379,566
1,23,QUINTANA ROO,13,BACALAR,10,BACALAR,384,2,158,186,117,5,28,32,36,6,34,7,4,1,0,0,614,25,639,969
1,23,QUINTANA ROO,13,BACALAR,10,BACALAR,385,3,207,231,112,5,66,19,47,4,40,17,9,5,0,0,762,44,806,1162
1,23,QUINTANA ROO,13,BACALAR,10,BACALAR,386,1,90,119,50,3,13,9,5,1,12,4,0,1,0,0,307,18,325,429
1,23,QUINTANA ROO,13,BACALAR,10,BACALAR,387,1,109,170,28,3,39,28,50,4,8,7,7,3,0,0,456,25,481,632
1,23,QUINTANA ROO,13,BACALAR,10,BACALAR,388,1,145,101,45,7,25,23,32,4,10,6,0,0,0,0,398,20,418,608
1,23,QUINTANA ROO,13,BACALAR,10,BACALAR,389,2,150,196,57,14,56,50,66,3,8,3,4,5,2,0,614,29,643,896
1,23,QUINTANA ROO,13,BACALAR,10,BACALAR,390,1,59,146,29,14,65,65,68,5,1,8,0,2,0,0,462,20,482,699
1,23,QUINTANA ROO,13,BACALAR,10,BACALAR,391,1,106,92,66,34,6,10,13,3,26,6,0,1,0,0,363,22,385,681
1,23,QUINTANA ROO,13,BACALAR,10,BACALAR,392,3,151,432,73,20,82,17,151,1,22,16,12,4,0,0,981,35,1016,1793
1,23,QUINTANA ROO,15,CHETUMAL,7,OTHÓN P. BLANCO,393,1,45,85,36,10,3,7,21,6,10,2,0,0,0,0,225,9,234,481
1,23,QUINTANA ROO,13,BACALAR,10,BACALAR,394,2,128,202,68,21,80,62,39,0,13,4,6,2,1,0,626,27,653,985
1,23,QUINTANA ROO,13,BACALAR,10,BACALAR,395,1,82,92,63,9,21,13,4,1,10,2,0,0,1,0,298,4,302,459
1,23,QUINTANA ROO,13,BACALAR,10,BACALAR,396,6,421,619,112,62,575,118,83,6,30,15,11,7,2,4,2061,117,2182,3481
1,23,QUINTANA ROO,13,BACALAR,10,BACALAR,397,1,93,152,32,16,36,29,17,1,6,6,0,1,0,0,389,25,414,609
1,23,QUINTANA ROO,13,BACALAR,10,BACALAR,398,1,61,119,100,4,27,12,10,2,13,12,4,2,1,0,367,22,389,505
1,23,QUINTANA ROO,13,BACALAR,10,BACALAR,399,1,18,39,31,5,13,3,6,2,0,0,0,0,0,0,117,0,117,189
1,23,QUINTANA ROO,13,BACALAR,10,BACALAR,400,1,68,119,115,20,13,6,2,2,15,5,3,0,0,0,368,24,392,586
1,23,QUINTANA ROO,13,BACALAR,10,BACALAR,401,1,36,118,57,0,102,1,12,3,0,0,1,1,0,0,331,11,342,528
1,23,QUINTANA ROO,13,BACALAR,10,BACALAR,402,2,61,80,67,2,64,14,13,4,107,135,3,1,0,0,551,24,575,797
1,23,QUINTANA ROO,13,BACALAR,10,BACALAR,403,4,123,304,224,11,112,54,91,10,26,12,12,4,0,0,983,58,1041,1483
1,23,QUINTANA ROO,13,BACALAR,10,BACALAR,404,2,113,197,215,8,42,13,15,0,15,5,3,3,0,0,629,30,659,979
1,23,QUINTANA ROO,13,BACALAR,10,BACALAR,405,4,444,450,227,27,133,102,179,16,84,18,0,3,1,1,1684,59,1744,2935
1,23,QUINTANA ROO,13,BACALAR,10,BACALAR,406,2,180,162,101,7,34,35,66,2,31,7,2,4,1,0,632,24,656,1009
1,23,QUINTANA ROO,13,BACALAR,10,BACALAR,407,2,225,275,119,14,53,66,130,8,37,17,4,3,0,0,951,38,989,1484
1,23,QUINTANA ROO,13,BACALAR,10,BACALAR,408,5,535,463,235,34,171,65,213,13,83,22,6,1,1,4,1842,61,1907,2301
1,23,QUINTANA ROO,13,BACALAR,10,BACALAR,409,2,169,135,87,4,29,71,66,4,31,2,0,2,0,0,600,8,608,1120
1,23,QUINTANA ROO,15,CHETUMAL,7,OTHÓN P. BLANCO,410,3,152,131,39,10,1,6,77,12,20,0,1,0,0,0,449,15,464,1229
1,23,QUINTANA ROO,15,CHETUMAL,7,OTHÓN P. BLANCO,411,1,231,128,51,10,2,4,32,2,37,3,2,0,0,0,502,10,512,719
1,23,QUINTANA ROO,15,CHETUMAL,7,OTHÓN P. BLANCO,412,2,251,134,32,7,7,8,36,6,29,0,8,0,0,1,518,19,538,800
1,23,QUINTANA ROO,14,CHETUMAL,7,OTHÓN P. BLANCO,413,3,513,264,40,41,44,5,60,8,73,0,7,1,0,0,1056,29,1085,1777
1,23,QUINTANA ROO,13,BACALAR,7,OTHÓN P. BLANCO,414,2,151,281,50,12,19,1,36,5,45,4,2,0,0,0,606,22,628,1033
1,23,QUINTANA ROO,13,BACALAR,7,OTHÓN P. BLANCO,415,3,264,389,99,25,20,12,180,8,52,16,11,2,2,1,1080,44,1125,1766
1,23,QUINTANA ROO,13,BACALAR,7,OTHÓN P. BLANCO,416,2,243,166,82,15,12,9,13,0,55,10,4,2,0,0,611,33,644,853
1,23,QUINTANA ROO,13,BACALAR,7,OTHÓN P. BLANCO,417,2,195,260,52,21,11,9,75,6,33,4,7,1,1,0,675,32,707,1172
1,23,QUINTANA ROO,13,BACALAR,7,OTHÓN P. BLANCO,418,2,261,332,73,8,14,5,70,1,100,12,6,1,0,0,883,25,908,1407
1,23,QUINTANA ROO,13,BACALAR,7,OTHÓN P. BLANCO,419,3,302,433,109,28,12,7,72,2,127,16,14,2,2,0,1126,39,1165,1760
1,23,QUINTANA ROO,13,BACALAR,7,OTHÓN P. BLANCO,420,3,304,434,84,25,33,15,58,3,54,12,9,1,3,0,1035,55,1090,1734
1,23,QUINTANA ROO,14,CHETUMAL,7,OTHÓN P. BLANCO,421,2,247,166,22,15,11,7,11,1,41,3,4,2,0,0,530,14,544,894
1,23,QUINTANA ROO,14,CHETUMAL,7,OTHÓN P. BLANCO,422,2,342,260,98,11,13,4,40,3,44,6,1,0,0,0,822,24,846,1368
1,23,QUINTANA ROO,14,CHETUMAL,7,OTHÓN P. BLANCO,423,4,422,357,129,16,19,5,58,11,79,4,7,0,1,0,1108,29,1137,1949
1,23,QUINTANA ROO,14,CHETUMAL,7,OTHÓN P. BLANCO,424,2,376,161,37,2,14,6,102,13,49,3,1,1,0,2,765,19,786,1333
1,23,QUINTANA ROO,14,CHETUMAL,7,OTHÓN P. BLANCO,425,3,382,227,61,21,9,10,143,3,59,4,5,1,0,1,925,27,953,1863
1,23,QUINTANA ROO,15,CHETUMAL,7,OTHÓN P. BLANCO,426,2,478,200,39,3,2,5,32,6,69,4,8,1,1,3,848,36,887,1322
1,23,QUINTANA ROO,15,CHETUMAL,7,OTHÓN P. BLANCO,427,2,477,257,39,12,6,11,53,5,61,1,7,1,0,0,930,18,948,1426
1,23,QUINTANA ROO,15,CHETUMAL,7,OTHÓN P. BLANCO,428,4,844,336,70,10,13,9,81,16,157,9,8,1,0,0,1554,59,1613,2715
1,23,QUINTANA ROO,14,CHETUMAL,7,OTHÓN P. BLANCO,429,4,557,538,173,16,19,8,40,6,66,19,6,1,0,0,1449,41,1490,2195
1,23,QUINTANA ROO,13,BACALAR,7,OTHÓN P. BLANCO,430,1,127,141,77,13,5,2,20,0,28,4,3,1,0,0,421,12,433,696
1,23,QUINTANA ROO,13,BACALAR,7,OTHÓN P. BLANCO,431,2,74,118,48,14,17,3,26,2,168,137,1,0,0,0,608,28,636,988
1,23,QUINTANA ROO,13,BACALAR,7,OTHÓN P. BLANCO,432,1,118,193,51,6,6,4,32,1,19,3,1,0,0,2,434,21,457,660
1,23,QUINTANA ROO,13,BACALAR,7,OTHÓN P. BLANCO,433,3,247,303,193,15,13,11,62,2,69,7,3,0,0,1,925,37,963,1512
1,23,QUINTANA ROO,13,BACALAR,7,OTHÓN P. BLANCO,434,1,16,24,6,10,0,2,3,0,4,0,0,0,0,0,65,1,66,123
1,23,QUINTANA ROO,13,BACALAR,7,OTHÓN P. BLANCO,435,1,79,139,54,4,5,4,42,1,27,3,4,0,0,0,362,8,370,641
1,23,QUINTANA ROO,13,BACALAR,7,OTHÓN P. BLANCO,436,2,84,197,68,3,8,4,78,3,27,9,2,0,2,0,485,12,497,863
1,23,QUINTANA ROO,13,BACALAR,7,OTHÓN P. BLANCO,437,2,234,266,106,8,6,16,111,5,48,9,5,1,0,0,815,25,840,1345
1,23,QUINTANA ROO,13,BACALAR,7,OTHÓN P. BLANCO,438,2,213,285,205,6,11,3,42,3,86,4,8,1,0,0,867,16,883,1341
1,23,QUINTANA ROO,13,BACALAR,7,OTHÓN P. BLANCO,439,3,239,301,259,7,12,5,69,3,100,8,8,1,0,0,1012,36,1048,1502
1,23,QUINTANA ROO,13,BACALAR,7,OTHÓN P. BLANCO,440,1,104,190,84,14,8,7,16,0,43,8,4,0,0,0,478,21,499,748
1,23,QUINTANA ROO,13,BACALAR,7,OTHÓN P. BLANCO,441,2,166,360,143,15,9,3,46,4,37,1,7,0,0,0,791,21,812,1226
1,23,QUINTANA ROO,13,BACALAR,7,OTHÓN P. BLANCO,442,1,47,69,17,1,3,0,5,1,14,1,1,0,1,0,160,3,163,227
1,23,QUINTANA ROO,13,BACALAR,7,OTHÓN P. BLANCO,443,1,99,181,31,15,14,6,9,0,11,1,4,0,0,0,371,8,379,573
1,23,QUINTANA ROO,13,BACALAR,7,OTHÓN P. BLANCO,444,1,63,126,18,5,0,2,5,0,12,4,2,0,0,0,237,5,242,470
1,23,QUINTANA ROO,13,BACALAR,7,OTHÓN P. BLANCO,445,1,43,82,13,11,1,4,5,0,7,0,2,0,0,0,168,3,171,223
1,23,QUINTANA ROO,13,BACALAR,7,OTHÓN P. BLANCO,446,2,127,258,38,12,6,14,41,3,3,1,0,0,0,0,503,9,512,822
1,23,QUINTANA ROO,13,BACALAR,7,OTHÓN P. BLANCO,447,1,19,77,5,2,1,0,1,0,0,3,1,0,0,0,109,1,110,262
1,23,QUINTANA ROO,14,CHETUMAL,7,OTHÓN P. BLANCO,448,2,264,172,19,5,11,7,10,2,58,3,2,0,0,0,553,9,562,915
1,23,QUINTANA ROO,13,BACALAR,7,OTHÓN P. BLANCO,450,1,9,45,2,6,0,2,1,0,0,0,0,0,0,0,65,1,66,241
1,23,QUINTANA ROO,4,CANCÚN,1,BENITO JUÁREZ,451,2,86,90,28,132,8,4,47,21,5,2,13,0,0,0,436,10,446,1247
1,23,QUINTANA ROO,4,CANCÚN,1,BENITO JUÁREZ,452,2,65,108,25,131,6,1,51,27,4,0,10,0,0,2,428,20,450,864
1,23,QUINTANA ROO,4,CANCÚN,1,BENITO JUÁREZ,453,2,50,172,38,190,8,2,54,16,18,0,24,0,0,0,572,6,578,926
1,23,QUINTANA ROO,4,CANCÚN,1,BENITO JUÁREZ,454,2,109,103,37,183,7,1,60,29,13,10,9,0,1,0,562,25,587,996
1,23,QUINTANA ROO,4,CANCÚN,1,BENITO JUÁREZ,455,2,68,87,27,69,4,5,61,21,7,2,4,0,0,0,355,14,369,767
1,23,QUINTANA ROO,4,CANCÚN,1,BENITO JUÁREZ,456,1,53,56,20,49,7,6,45,18,2,1,11,0,0,0,268,7,275,531
1,23,QUINTANA ROO,4,CANCÚN,1,BENITO JUÁREZ,457,1,80,74,25,103,8,1,48,29,10,3,10,2,0,0,393,16,409,727
1,23,QUINTANA ROO,4,CANCÚN,1,BENITO JUÁREZ,458,2,71,69,43,236,6,4,45,22,12,3,19,2,2,0,534,21,555,905
1,23,QUINTANA ROO,4,CANCÚN,1,BENITO JUÁREZ,459,1,47,65,10,99,3,5,62,21,4,1,10,0,0,0,327,13,340,703
1,23,QUINTANA ROO,4,CANCÚN,1,BENITO JUÁREZ,460,2,88,116,25,194,6,12,56,48,10,0,16,1,1,0,573,11,584,1051
1,23,QUINTANA ROO,4,CANCÚN,1,BENITO JUÁREZ,461,1,36,31,25,55,3,0,37,7,0,0,0,0,0,0,194,7,201,437
1,23,QUINTANA ROO,4,CANCÚN,1,BENITO JUÁREZ,462,1,50,54,22,53,5,1,35,15,6,0,7,0,1,0,249,12,261,508
1,23,QUINTANA ROO,4,CANCÚN,1,BENITO JUÁREZ,463,1,71,55,45,83,6,4,50,21,13,0,10,0,0,0,358,19,377,702
1,23,QUINTANA ROO,4,CANCÚN,1,BENITO JUÁREZ,464,1,41,43,11,80,3,1,26,16,13,2,9,0,0,0,245,7,252,506
1,23,QUINTANA ROO,4,CANCÚN,1,BENITO JUÁREZ,465,1,63,69,21,28,3,2,56,14,10,3,7,0,2,0,278,14,292,647
1,23,QUINTANA ROO,4,CANCÚN,1,BENITO JUÁREZ,466,1,65,71,32,53,4,5,34,16,9,2,8,1,2,0,302,9,311,643
1,23,QUINTANA ROO,4,CANCÚN,1,BENITO JUÁREZ,467,1,19,36,15,121,1,0,26,11,9,1,8,0,0,0,247,9,256,492
1,23,QUINTANA ROO,4,CANCÚN,1,BENITO JUÁREZ,468,1,54,46,11,56,2,3,34,9,10,0,0,7,0,0,232,7,239,515
1,23,QUINTANA ROO,4,CANCÚN,1,BENITO JUÁREZ,469,1,66,160,66,160,2,160,36,10,66,160,160,160,160,0,1366,4,1370,543
1,23,QUINTANA ROO,4,CANCÚN,1,BENITO JUÁREZ,470,1,58,69,23,69,6,6,31,11,5,3,8,0,0,0,289,6,295,584
1,23,QUINTANA ROO,4,CANCÚN,1,BENITO JUÁREZ,471,1,77,49,33,98,4,3,46,16,10,4,12,0,0,0,352,8,360,679
1,23,QUINTANA ROO,4,CANCÚN,1,BENITO JUÁREZ,472,2,106,118,44,113,9,2,64,20,6,2,10,2,0,0,496,12,508,1216
1,23,QUINTANA ROO,4,CANCÚN,1,BENITO JUÁREZ,473,2,63,44,38,160,5,0,53,21,8,1,17,1,1,0,412,15,427,896
1,23,QUINTANA ROO,4,CANCÚN,1,BENITO JUÁREZ,474,2,85,161,48,154,5,6,67,38,21,17,17,0,0,9,619,12,640,1131
1,23,QUINTANA ROO,4,CANCÚN,1,BENITO JUÁREZ,475,2,138,162,47,109,8,10,76,34,30,10,16,1,0,0,641,18,659,1241
1,23,QUINTANA ROO,4,CANCÚN,1,BENITO JUÁREZ,476,2,89,97,42,145,12,3,69,38,10,14,12,0,0,2,531,17,550,1020
1,23,QUINTANA ROO,4,CANCÚN,1,BENITO JUÁREZ,477,2,112,135,44,237,6,5,66,36,14,6,23,0,1,2,685,27,714,1238
1,23,QUINTANA ROO,4,CANCÚN,1,BENITO JUÁREZ,478,2,91,106,41,121,7,6,61,35,9,2,7,0,0,1,486,16,503,1015
1,23,QUINTANA ROO,4,CANCÚN,1,BENITO JUÁREZ,479,2,81,81,33,157,7,3,87,30,10,7,7,0,1,1,504,17,522,977
1,23,QUINTANA ROO,4,CANCÚN,1,BENITO JUÁREZ,480,2,85,93,39,162,9,6,52,36,5,6,7,0,0,1,500,14,515,1018
1,23,QUINTANA ROO,4,CANCÚN,1,BENITO JUÁREZ,481,2,152,150,48,116,5,4,106,39,18,5,14,1,1,0,659,17,676,1227
1,23,QUINTANA ROO,4,CANCÚN,1,BENITO JUÁREZ,482,1,40,70,33,73,5,5,50,43,7,7,0,0,0,0,333,10,343,701
1,23,QUINTANA ROO,4,CANCÚN,1,BENITO JUÁREZ,483,2,81,98,47,74,9,8,66,41,8,4,5,0,0,0,441,6,447,863
1,23,QUINTANA ROO,4,CANCÚN,1,BENITO JUÁREZ,484,2,125,108,35,110,9,8,69,29,15,5,24,1,0,0,538,25,563,1023
1,23,QUINTANA ROO,4,CANCÚN,1,BENITO JUÁREZ,485,2,102,174,31,95,8,1,77,30,9,4,13,0,1,1,545,13,559,995
1,23,QUINTANA ROO,4,CANCÚN,1,BENITO JUÁREZ,486,2,58,101,26,97,3,1,57,25,20,8,10,0,0,0,406,14,420,838
1,23,QUINTANA ROO,4,CANCÚN,1,BENITO JUÁREZ,487,2,65,65,32,145,2,2,54,32,14,17,0,0,0,0,428,2,430,821
1,23,QUINTANA ROO,4,CANCÚN,1,BENITO JUÁREZ,488,1,76,73,30,100,4,2,53,25,5,3,9,0,0,0,380,9,389,732
1,23,QUINTANA ROO,4,CANCÚN,1,BENITO JUÁREZ,489,1,72,54,35,123,1,7,39,15,11,5,6,0,0,0,368,7,375,698
1,23,QUINTANA ROO,4,CANCÚN,1,BENITO JUÁREZ,490,2,79,89,47,161,4,2,59,26,7,2,7,0,1,0,484,15,499,798
1,23,QUINTANA ROO,3,CANCÚN,1,BENITO JUÁREZ,491,17,1049,780,326,617,58,52,851,386,123,26,58,0,1,3,4327,134,4464,12569
1,23,QUINTANA ROO,3,CANCÚN,1,BENITO JUÁREZ,492,3,161,140,67,117,13,5,163,68,27,4,11,0,0,0,776,29,805,2039
1,23,QUINTANA ROO,3,CANCÚN,1,BENITO JUÁREZ,493,1,40,49,16,126,5,3,43,26,8,2,5,0,2,5,325,14,344,660
1,23,QUINTANA ROO,3,CANCÚN,1,BENITO JUÁREZ,494,1,43,41,18,80,3,4,33,14,4,2,7,0,0,0,249,13,262,519
1,23,QUINTANA ROO,3,CANCÚN,1,BENITO JUÁREZ,495,1,55,38,19,52,3,3,32,23,6,0,0,0,0,0,231,11,242,493
1,23,QUINTANA ROO,3,CANCÚN,1,BENITO JUÁREZ,496,1,32,30,29,75,2,2,25,12,11,1,3,0,1,1,223,8,232,419
1,23,QUINTANA ROO,3,CANCÚN,1,BENITO JUÁREZ,497,2,106,85,67,82,6,6,106,50,22,7,8,0,1,0,546,33,579,1322
1,23,QUINTANA ROO,3,CANCÚN,1,BENITO JUÁREZ,498,4,176,167,90,216,10,19,189,81,34,9,21,0,1,1,1013,26,1040,2461
1,23,QUINTANA ROO,3,CANCÚN,1,BENITO JUÁREZ,499,1,43,44,14,69,1,1,36,20,11,0,1,0,3,0,243,7,250,536
1,23,QUINTANA ROO,3,CANCÚN,1,BENITO JUÁREZ,500,2,70,74,35,121,4,3,58,45,14,2,6,1,0,0,433,12,445,971
1,23,QUINTANA ROO,3,CANCÚN,1,BENITO JUÁREZ,501,1,43,34,18,50,1,2,29,27,11,6,5,0,0,0,226,7,233,446
1,23,QUINTANA ROO,3,CANCÚN,1,BENITO JUÁREZ,502,2,71,79,33,128,0,4,41,34,7,2,2,0,0,0,401,11,412,962
1,23,QUINTANA ROO,3,CANCÚN,1,BENITO JUÁREZ,503,1,39,50,27,61,2,4,35,43,2,1,6,0,0,0,270,8,278,635
1,23,QUINTANA ROO,3,CANCÚN,1,BENITO JUÁREZ,504,2,59,78,29,71,5,6,68,40,12,6,4,0,0,0,378,14,392,791
1,23,QUINTANA ROO,3,CANCÚN,1,BENITO JUÁREZ,505,1,58,47,20,80,2,2,33,26,9,0,8,0,0,0,285,9,294,624
1,23,QUINTANA ROO,3,CANCÚN,1,BENITO JUÁREZ,506,1,50,56,41,41,1,4,58,26,5,2,2,0,0,1,286,6,293,620
1,23,QUINTANA ROO,3,CANCÚN,1,BENITO JUÁREZ,507,1,28,32,9,57,0,2,33,19,2,0,2,0,0,0,184,7,191,439
1,23,QUINTANA ROO,3,CANCÚN,1,BENITO JUÁREZ,508,1,64,51,22,68,3,4,42,28,3,2,7,0,0,0,294,6,300,617
1,23,QUINTANA ROO,3,CANCÚN,1,BENITO JUÁREZ,509,1,36,30,7,41,0,5,20,15,1,1,3,0,0,0,159,7,166,307
1,23,QUINTANA ROO,3,CANCÚN,1,BENITO JUÁREZ,510,2,114,142,51,102,14,11,74,65,20,5,19,0,0,1,617,21,639,1153
1,23,QUINTANA ROO,3,CANCÚN,1,BENITO JUÁREZ,511,2,71,53,38,86,3,7,61,65,9,0,6,0,0,0,399,12,411,963
1,23,QUINTANA ROO,3,CANCÚN,1,BENITO JUÁREZ,512,1,42,42,20,72,2,5,29,34,6,2,12,0,1,0,267,8,275,539
1,23,QUINTANA ROO,3,CANCÚN,1,BENITO JUÁREZ,513,1,34,29,10,73,3,2,21,23,5,0,5,0,0,0,205,7,212,426
1,23,QUINTANA ROO,3,CANCÚN,1,BENITO JUÁREZ,514,1,64,49,24,78,0,6,58,22,8,4,5,0,0,0,318,9,327,702
1,23,QUINTANA ROO,3,CANCÚN,1,BENITO JUÁREZ,515,1,48,44,14,46,3,4,36,18,9,0,3,0,0,0,225,9,234,549
1,23,QUINTANA ROO,3,CANCÚN,1,BENITO JUÁREZ,516,2,92,65,25,108,3,4,90,30,7,10,2,1,0,1,437,7,445,880
1,23,QUINTANA ROO,3,CANCÚN,1,BENITO JUÁREZ,517,1,37,29,12,51,6,1,29,21,1,1,10,0,0,0,198,6,204,411
1,23,QUINTANA ROO,3,CANCÚN,1,BENITO JUÁREZ,518,2,107,61,26,100,5,9,100,29,12,1,10,0,0,1,460,13,474,1006
1,23,QUINTANA ROO,3,CANCÚN,1,BENITO JUÁREZ,519,2,105,61,32,46,3,4,105,24,3,1,1,1,0,0,386,25,411,811
1,23,QUINTANA ROO,3,CANCÚN,1,BENITO JUÁREZ,520,2,101,75,42,102,7,9,86,44,14,1,1,0,0,1,482,16,499,1052
1,23,QUINTANA ROO,3,CANCÚN,1,BENITO JUÁREZ,521,2,84,67,22,142,9,2,75,40,16,3,6,0,0,0,466,19,485,1041
1,23,QUINTANA ROO,3,CANCÚN,1,BENITO JUÁREZ,522,3,152,137,65,235,12,6,113,83,39,2,21,5,2,0,872,36,908,1557
1,23,QUINTANA ROO,3,CANCÚN,1,BENITO JUÁREZ,523,1,58,31,21,35,3,3,37,22,7,6,0,0,0,0,223,7,230,439
1,23,QUINTANA ROO,3,CANCÚN,1,BENITO JUÁREZ,524,1,55,60,28,67,1,2,46,20,6,2,8,0,0,0,295,10,305,591
1,23,QUINTANA ROO,3,CANCÚN,1,BENITO JUÁREZ,525,2,101,117,56,103,10,11,100,49,17,1,20,0,0,0,585,16,601,1192
1,23,QUINTANA ROO,3,CANCÚN,1,BENITO JUÁREZ,526,2,78,101,35,89,3,9,60,27,10,15,11,0,0,0,438,10,448,810
1,23,QUINTANA ROO,3,CANCÚN,1,BENITO JUÁREZ,527,2,113,92,46,65,9,13,50,40,12,4,9,0,0,0,453,22,475,866
1,23,QUINTANA ROO,3,CANCÚN,1,BENITO JUÁREZ,528,2,94,90,37,57,5,9,66,36,13,1,3,1,0,0,412,13,425,951
1,23,QUINTANA ROO,3,CANCÚN,1,BENITO JUÁREZ,529,2,69,67,28,94,4,6,52,36,13,11,8,0,1,0,389,24,413,887
1,23,QUINTANA ROO,3,CANCÚN,1,BENITO JUÁREZ,530,2,101,77,40,100,5,8,74,25,13,2,8,0,0,0,453,22,475,971
1,23,QUINTANA ROO,3,CANCÚN,1,BENITO JUÁREZ,531,2,116,116,43,98,5,6,80,43,7,5,8,0,0,1,527,12,540,1033
1,23,QUINTANA ROO,3,CANCÚN,1,BENITO JUÁREZ,532,1,90,75,41,63,5,4,42,33,10,2,13,13,2,2,393,10,405,730
1,23,QUINTANA ROO,3,CANCÚN,1,BENITO JUÁREZ,533,2,147,82,39,86,9,9,100,29,6,3,10,0,2,1,522,12,535,953
1,23,QUINTANA ROO,3,CANCÚN,1,BENITO JUÁREZ,534,2,74,72,33,140,7,4,54,40,7,5,15,0,0,0,451,14,465,777
1,23,QUINTANA ROO,3,CANCÚN,1,BENITO JUÁREZ,535,2,108,54,25,83,2,5,74,27,19,1,7,0,0,0,405,9,414,823
1,23,QUINTANA ROO,3,CANCÚN,1,BENITO JUÁREZ,536,2,139,85,56,75,9,4,100,46,15,1,11,0,0,0,541,19,560,1237
1,23,QUINTANA ROO,3,CANCÚN,1,BENITO JUÁREZ,537,1,66,31,25,46,5,2,51,18,3,2,0,0,0,0,249,11,260,506
1,23,QUINTANA ROO,3,CANCÚN,1,BENITO JUÁREZ,538,2,86,59,34,48,5,4,84,12,18,0,4,0,0,0,354,5,359,782
1,23,QUINTANA ROO,3,CANCÚN,1,BENITO JUÁREZ,539,1,74,41,23,46,3,4,58,13,10,0,4,0,0,0,276,19,295,720
1,23,QUINTANA ROO,6,CANCÚN,1,BENITO JUÁREZ,540,1,41,43,20,110,3,2,30,16,8,1,12,0,0,0,286,8,294,528
1,23,QUINTANA ROO,6,CANCÚN,1,BENITO JUÁREZ,541,1,58,47,33,81,4,6,38,30,7,4,13,0,0,0,321,11,332,692
1,23,QUINTANA ROO,6,CANCÚN,1,BENITO JUÁREZ,542,2,52,54,29,81,4,5,69,53,13,2,8,0,1,4,371,15,390,786
1,23,QUINTANA ROO,3,CANCÚN,1,BENITO JUÁREZ,543,1,89,65,17,122,4,2,54,47,7,1,12,0,0,0,420,13,433,740
1,23,QUINTANA ROO,3,CANCÚN,1,BENITO JUÁREZ,544,2,73,72,20,115,9,6,56,37,13,2,8,1,0,0,412,17,429,868
1,23,QUINTANA ROO,3,CANCÚN,1,BENITO JUÁREZ,545,1,63,58,29,94,0,3,54,30,15,5,11,1,0,0,363,14,377,695
1,23,QUINTANA ROO,3,CANCÚN,1,BENITO JUÁREZ,546,2,85,54,38,116,7,16,80,29,10,10,6,1,0,0,452,9,461,825
1,23,QUINTANA ROO,3,CANCÚN,1,BENITO JUÁREZ,547,2,79,63,47,90,3,15,77,29,11,3,15,0,0,0,432,19,451,852
1,23,QUINTANA ROO,3,CANCÚN,1,BENITO JUÁREZ,548,2,115,99,46,153,6,10,79,52,19,2,18,0,0,1,599,18,618,1212
1,23,QUINTANA ROO,3,CANCÚN,1,BENITO JUÁREZ,549,1,85,42,26,113,8,6,49,27,16,10,2,0,0,0,384,10,394,727
1,23,QUINTANA ROO,3,CANCÚN,1,BENITO JUÁREZ,550,1,54,51,37,112,4,9,62,32,5,3,4,0,0,1,373,11,385,674
1,23,QUINTANA ROO,3,CANCÚN,1,BENITO JUÁREZ,551,2,82,66,46,143,8,7,67,42,11,6,15,0,0,1,493,13,507,949
1,23,QUINTANA ROO,3,CANCÚN,1,BENITO JUÁREZ,552,1,66,84,23,98,5,3,44,21,10,5,12,0,0,0,371,11,382,689
1,23,QUINTANA ROO,3,CANCÚN,1,BENITO JUÁREZ,553,2,86,66,24,111,5,11,75,48,5,4,12,0,0,0,447,21,468,832
1,23,QUINTANA ROO,6,CANCÚN,1,BENITO JUÁREZ,554,1,78,54,22,73,4,2,57,43,13,1,9,0,0,1,356,13,370,692
1,23,QUINTANA ROO,6,CANCÚN,1,BENITO JUÁREZ,555,1,42,44,19,84,2,4,35,15,8,5,7,0,0,0,265,3,268,524
1,23,QUINTANA ROO,6,CANCÚN,1,BENITO JUÁREZ,556,2,88,85,33,165,11,1,60,22,9,5,23,0,0,0,502,16,518,903
1,23,QUINTANA ROO,6,CANCÚN,1,BENITO JUÁREZ,557,1,50,62,31,65,1,8,41,31,13,1,12,0,0,0,315,12,327,635
1,23,QUINTANA ROO,6,CANCÚN,1,BENITO JUÁREZ,558,2,76,80,29,124,7,8,53,20,9,2,24,0,0,0,432,25,457,882
1,23,QUINTANA ROO,5,CANCÚN,1,BENITO JUÁREZ,559,2,90,101,42,103,7,5,62,24,19,6,12,1,0,1,472,14,487,1036
1,23,QUINTANA ROO,5,CANCÚN,1,BENITO JUÁREZ,560,1,66,50,38,108,5,2,37,19,9,1,6,0,0,0,341,20,361,674
1,23,QUINTANA ROO,5,CANCÚN,1,BENITO JUÁREZ,561,2,74,38,43,86,9,4,61,36,11,4,6,0,0,0,372,12,384,773
1,23,QUINTANA ROO,5,CANCÚN,1,BENITO JUÁREZ,562,2,67,79,35,87,4,4,65,30,5,2,15,1,1,0,395,10,405,788
1,23,QUINTANA ROO,5,CANCÚN,1,BENITO JUÁREZ,563,2,75,68,23,86,6,7,61,23,11,5,15,0,0,0,380,18,398,871
1,23,QUINTANA ROO,5,CANCÚN,1,BENITO JUÁREZ,564,2,68,85,45,82,8,4,66,27,10,8,17,0,0,2,420,15,437,906
1,23,QUINTANA ROO,5,CANCÚN,1,BENITO JUÁREZ,565,2,67,84,39,71,3,5,70,25,12,3,19,1,0,0,399,3,402,780
1,23,QUINTANA ROO,5,CANCÚN,1,BENITO JUÁREZ,566,2,85,91,26,90,3,3,59,21,11,3,4,0,0,0,396,12,408,760
1,23,QUINTANA ROO,5,CANCÚN,1,BENITO JUÁREZ,567,1,69,63,34,70,2,7,68,75,11,1,12,0,0,0,412,10,422,727
1,23,QUINTANA ROO,5,CANCÚN,1,BENITO JUÁREZ,568,2,72,102,42,72,7,7,77,36,13,0,8,1,0,2,437,18,457,936
1,23,QUINTANA ROO,5,CANCÚN,1,BENITO JUÁREZ,569,2,62,72,41,149,8,5,54,17,10,6,13,0,1,0,438,16,454,856
1,23,QUINTANA ROO,5,CANCÚN,1,BENITO JUÁREZ,570,2,36,50,33,28,3,3,77,22,68,91,0,0,0,0,411,5,416,892
1,23,QUINTANA ROO,5,CANCÚN,1,BENITO JUÁREZ,571,2,132,142,32,100,6,9,89,35,12,6,22,0,0,0,585,31,616,1249
1,23,QUINTANA ROO,6,CANCÚN,1,BENITO JUÁREZ,572,1,57,60,22,67,6,5,37,31,6,0,10,0,0,0,301,10,311,649
1,23,QUINTANA ROO,6,CANCÚN,1,BENITO JUÁREZ,573,2,82,74,22,141,8,1,66,17,11,7,14,0,0,0,443,16,459,849
1,23,QUINTANA ROO,6,CANCÚN,1,BENITO JUÁREZ,574,1,36,65,25,76,6,1,30,15,4,3,15,0,0,0,276,14,290,522
1,23,QUINTANA ROO,6,CANCÚN,1,BENITO JUÁREZ,575,2,75,99,16,111,0,6,62,20,10,13,19,0,0,1,431,16,448,868
1,23,QUINTANA ROO,6,CANCÚN,1,BENITO JUÁREZ,576,1,62,80,15,119,4,3,54,27,5,4,11,0,0,0,384,9,393,699
1,23,QUINTANA ROO,6,CANCÚN,1,BENITO JUÁREZ,577,1,78,48,25,125,2,2,45,12,2,2,19,0,0,0,360,16,376,677
1,23,QUINTANA ROO,2,CANCÚN,1,BENITO JUÁREZ,578,34,1557,1555,544,1146,256,114,1443,576,169,50,124,1,4,23,7539,216,7778,23766
1,23,QUINTANA ROO,2,CANCÚN,1,BENITO JUÁREZ,579,2,76,66,21,98,6,1,59,25,9,0,6,0,0,1,367,7,375,754
1,23,QUINTANA ROO,2,CANCÚN,1,BENITO JUÁREZ,580,1,31,32,16,86,8,6,39,10,4,2,8,0,0,0,242,9,251,537
1,23,QUINTANA ROO,2,CANCÚN,1,BENITO JUÁREZ,581,1,29,31,6,77,0,0,34,6,3,1,4,0,0,0,191,3,194,359
1,23,QUINTANA ROO,2,CANCÚN,1,BENITO JUÁREZ,582,1,26,44,13,79,7,2,34,9,4,1,5,0,0,0,224,5,229,406
1,23,QUINTANA ROO,2,CANCÚN,1,BENITO JUÁREZ,583,1,18,13,22,41,4,1,22,4,6,0,0,0,0,1,131,5,137,227
1,23,QUINTANA ROO,2,CANCÚN,1,BENITO JUÁREZ,584,1,15,18,1,43,0,0,10,4,5,0,2,0,0,0,98,0,98,157
1,23,QUINTANA ROO,7,CANCÚN,1,BENITO JUÁREZ,585,2,71,76,28,135,5,6,63,23,11,5,8,0,0,0,431,13,444,924
1,23,QUINTANA ROO,7,CANCÚN,1,BENITO JUÁREZ,586,1,27,19,10,57,3,0,17,5,3,3,4,0,0,0,148,1,149,269
1,23,QUINTANA ROO,7,CANCÚN,1,BENITO JUÁREZ,587,1,27,27,15,57,1,1,23,10,3,1,3,0,0,0,168,5,173,306
1,23,QUINTANA ROO,7,CANCÚN,1,BENITO JUÁREZ,588,1,10,24,6,40,2,2,17,7,5,1,1,1,0,0,116,1,117,237
1,23,QUINTANA ROO,7,CANCÚN,1,BENITO JUÁREZ,589,1,35,32,17,41,3,6,38,16,2,2,5,0,0,0,197,9,206,445
1,23,QUINTANA ROO,7,CANCÚN,1,BENITO JUÁREZ,590,1,29,23,15,55,0,1,24,16,5,2,3,0,0,0,173,3,176,359
1,23,QUINTANA ROO,7,CANCÚN,1,BENITO JUÁREZ,591,8,368,461,135,513,26,20,336,155,49,24,60,4,1,1,2152,69,2222,5280
1,23,QUINTANA ROO,7,CANCÚN,1,BENITO JUÁREZ,592,2,108,87,29,153,4,4,92,23,9,5,13,0,0,0,527,6,533,1101
1,23,QUINTANA ROO,7,CANCÚN,1,BENITO JUÁREZ,593,1,34,29,12,71,3,0,30,7,0,3,10,0,0,0,199,5,204,440
1,23,QUINTANA ROO,7,CANCÚN,1,BENITO JUÁREZ,594,1,71,41,22,80,4,0,56,17,16,3,3,0,0,1,313,11,325,652
1,23,QUINTANA ROO,2,CANCÚN,1,BENITO JUÁREZ,595,1,83,78,18,78,6,2,71,13,6,1,3,0,0,0,359,9,368,712
1,23,QUINTANA ROO,2,CANCÚN,1,BENITO JUÁREZ,596,1,69,50,15,62,3,1,58,11,5,1,5,0,0,0,280,4,284,563
1,23,QUINTANA ROO,7,CANCÚN,1,BENITO JUÁREZ,597,1,42,27,7,34,4,2,37,11,5,0,2,1,0,0,172,5,177,335
1,23,QUINTANA ROO,7,CANCÚN,1,BENITO JUÁREZ,598,2,107,98,22,121,8,9,50,18,15,2,8,0,1,0,459,5,464,792
1,23,QUINTANA ROO,2,CANCÚN,1,BENITO JUÁREZ,599,1,65,48,17,109,2,2,39,17,3,1,9,0,0,1,312,13,326,651
1,23,QUINTANA ROO,7,CANCÚN,1,BENITO JUÁREZ,600,1,15,25,7,33,3,0,12,2,2,0,3,0,0,0,102,2,104,238
1,23,QUINTANA ROO,2,CANCÚN,1,BENITO JUÁREZ,601,1,69,54,15,39,5,2,57,17,3,0,8,1,0,3,270,4,277,571
1,23,QUINTANA ROO,2,CANCÚN,1,BENITO JUÁREZ,602,1,68,39,11,22,6,2,37,16,7,2,1,0,0,1,211,9,221,437
1,23,QUINTANA ROO,7,CANCÚN,1,BENITO JUÁREZ,603,1,20,15,10,26,1,0,17,8,3,6,0,0,0,0,106,2,108,319
1,23,QUINTANA ROO,7,CANCÚN,1,BENITO JUÁREZ,604,2,98,79,50,55,10,3,54,30,13,4,14,0,1,0,411,13,424,768
1,23,QUINTANA ROO,7,CANCÚN,1,BENITO JUÁREZ,605,1,64,36,11,13,2,4,50,24,8,3,4,0,0,0,219,10,229,521
1,23,QUINTANA ROO,7,CANCÚN,1,BENITO JUÁREZ,606,1,99,61,23,30,12,5,54,15,6,0,6,0,0,1,311,19,331,654
1,23,QUINTANA ROO,7,CANCÚN,1,BENITO JUÁREZ,607,1,88,61,19,73,9,2,52,22,8,1,4,0,0,0,339,10,349,646
1,23,QUINTANA ROO,7,CANCÚN,1,BENITO JUÁREZ,608,1,85,41,12,59,4,5,52,14,10,1,0,0,1,0,284,13,297,544
1,23,QUINTANA ROO,7,CANCÚN,1,BENITO JUÁREZ,609,1,85,56,25,21,3,3,44,28,5,1,1,1,0,0,273,12,285,617
1,23,QUINTANA ROO,7,CANCÚN,1,BENITO JUÁREZ,610,1,101,28,3,30,2,1,62,17,9,0,2,0,0,0,255,8,263,515
1,23,QUINTANA ROO,7,CANCÚN,1,BENITO JUÁREZ,611,1,146,49,20,27,5,5,55,27,5,1,4,0,0,0,344,11,355,730
1,23,QUINTANA ROO,7,CANCÚN,1,BENITO JUÁREZ,612,2,126,48,33,38,7,5,69,14,9,1,7,0,0,1,357,9,367,779
1,23,QUINTANA ROO,7,CANCÚN,1,BENITO JUÁREZ,613,1,85,54,11,40,3,4,58,15,8,2,2,0,0,0,282,8,290,687
1,23,QUINTANA ROO,7,CANCÚN,1,BENITO JUÁREZ,614,1,125,98,21,15,4,4,51,27,4,0,2,2,0,0,353,9,362,586
1,23,QUINTANA ROO,7,CANCÚN,1,BENITO JUÁREZ,615,1,112,47,11,22,5,3,64,26,6,0,0,0,0,1,296,5,302,573
1,23,QUINTANA ROO,7,CANCÚN,1,BENITO JUÁREZ,616,1,138,49,27,41,10,1,79,20,9,2,4,0,0,0,380,7,387,740
1,23,QUINTANA ROO,7,CANCÚN,1,BENITO JUÁREZ,617,1,91,43,19,27,9,6,57,21,8,2,2,0,0,0,285,5,290,650
1,23,QUINTANA ROO,7,CANCÚN,1,BENITO JUÁREZ,618,1,43,37,16,82,1,0,19,9,13,5,15,0,0,0,240,8,248,444
1,23,QUINTANA ROO,7,CANCÚN,1,BENITO JUÁREZ,619,2,65,97,33,131,3,2,53,14,3,11,21,0,0,0,433,14,447,792
1,23,QUINTANA ROO,7,CANCÚN,1,BENITO JUÁREZ,620,2,72,81,28,109,4,4,35,9,15,7,14,0,0,0,378,11,389,868
1,23,QUINTANA ROO,7,CANCÚN,1,BENITO JUÁREZ,621,1,170,50,25,14,6,3,85,21,5,1,3,0,0,1,383,9,393,746
1,23,QUINTANA ROO,7,CANCÚN,1,BENITO JUÁREZ,622,1,169,44,19,22,3,4,65,18,12,0,1,0,0,0,357,8,365,680
1,23,QUINTANA ROO,7,CANCÚN,1,BENITO JUÁREZ,623,2,155,45,28,38,2,9,83,24,10,1,0,0,0,0,395,11,406,759
1,23,QUINTANA ROO,7,CANCÚN,1,BENITO JUÁREZ,624,1,69,16,9,16,3,2,47,13,8,2,2,0,0,1,187,6,194,377
1,23,QUINTANA ROO,7,CANCÚN,1,BENITO JUÁREZ,625,1,120,52,28,42,5,4,70,18,11,0,4,0,0,2,354,14,370,681
1,23,QUINTANA ROO,7,CANCÚN,1,BENITO JUÁREZ,626,10,1700,467,191,103,41,40,598,202,121,11,15,0,0,15,3489,94,3598,7433
1,23,QUINTANA ROO,7,CANCÚN,1,BENITO JUÁREZ,627,2,288,87,43,34,12,7,134,42,15,3,0,0,0,1,665,16,682,1362
1,23,QUINTANA ROO,7,CANCÚN,1,BENITO JUÁREZ,628,2,261,90,51,45,12,16,150,38,22,1,10,0,0,2,696,25,723,1478
1,23,QUINTANA ROO,7,CANCÚN,1,BENITO JUÁREZ,629,2,188,48,27,45,7,5,72,18,11,2,3,0,0,1,426,17,444,931
1,23,QUINTANA ROO,7,CANCÚN,1,BENITO JUÁREZ,630,1,26,23,12,112,1,1,25,9,4,6,7,0,0,0,226,11,237,430
1,23,QUINTANA ROO,7,CANCÚN,1,BENITO JUÁREZ,631,3,159,207,53,485,22,9,87,47,28,18,48,1,3,0,1167,46,1213,1923
1,23,QUINTANA ROO,7,CANCÚN,1,BENITO JUÁREZ,632,4,282,283,57,150,21,14,250,79,30,5,21,1,0,2,1193,26,1221,2883
1,23,QUINTANA ROO,7,CANCÚN,1,BENITO JUÁREZ,633,3,100,144,72,401,8,12,55,26,19,17,49,2,1,0,906,38,944,1568
1,23,QUINTANA ROO,1,KANTUNILKIN,1,BENITO JUÁREZ,634,1,37,63,31,201,4,5,24,18,13,1,15,0,0,0,412,0,412,692
1,23,QUINTANA ROO,1,KANTUNILKIN,1,BENITO JUÁREZ,635,1,41,66,17,203,3,2,18,5,7,4,23,0,0,0,389,13,402,688
1,23,QUINTANA ROO,1,KANTUNILKIN,1,BENITO JUÁREZ,636,1,28,66,11,149,5,2,35,10,7,6,21,0,0,0,340,16,356,678
1,23,QUINTANA ROO,1,KANTUNILKIN,1,BENITO JUÁREZ,637,1,12,27,8,100,0,1,10,5,3,0,11,0,0,0,177,7,184,323
1,23,QUINTANA ROO,8,CANCÚN,1,BENITO JUÁREZ,638,2,39,92,22,263,5,5,44,15,10,5,20,4,0,0,524,17,541,1009
1,23,QUINTANA ROO,8,CANCÚN,1,BENITO JUÁREZ,639,1,32,67,20,125,7,6,38,5,6,6,7,0,1,0,320,6,326,644
1,23,QUINTANA ROO,8,CANCÚN,1,BENITO JUÁREZ,640,2,54,96,39,224,5,5,55,19,10,10,46,0,0,0,563,19,582,1138
1,23,QUINTANA ROO,7,CANCÚN,1,BENITO JUÁREZ,641,1,26,87,9,128,6,3,18,17,9,10,23,0,0,0,336,10,346,569
1,23,QUINTANA ROO,8,CANCÚN,1,BENITO JUÁREZ,642,2,173,48,16,26,4,4,42,12,10,4,2,0,1,2,342,9,353,770
1,23,QUINTANA ROO,8,CANCÚN,1,BENITO JUÁREZ,643,1,95,59,20,72,3,3,41,10,11,2,5,0,1,0,322,13,335,700
1,23,QUINTANA ROO,8,CANCÚN,1,BENITO JUÁREZ,644,1,110,79,21,81,5,2,39,9,12,2,8,0,0,0,368,14,382,728
1,23,QUINTANA ROO,8,CANCÚN,1,BENITO JUÁREZ,645,1,95,60,14,86,4,4,50,17,10,3,5,0,0,2,348,13,363,736
1,23,QUINTANA ROO,8,CANCÚN,1,BENITO JUÁREZ,646,1,79,56,12,42,4,0,32,10,9,1,3,0,1,2,249,10,261,530
1,23,QUINTANA ROO,8,CANCÚN,1,BENITO JUÁREZ,647,2,205,57,33,13,2,3,58,22,9,3,1,0,0,0,406,6,412,833
1,23,QUINTANA ROO,8,CANCÚN,1,BENITO JUÁREZ,648,1,137,50,18,10,4,8,54,14,13,0,1,0,0,0,309,4,313,704
1,23,QUINTANA ROO,8,CANCÚN,1,BENITO JUÁREZ,649,2,190,29,27,22,5,8,70,30,22,2,3,0,0,0,408,15,423,883
1,23,QUINTANA ROO,8,CANCÚN,1,BENITO JUÁREZ,650,2,239,39,27,13,5,3,78,26,23,3,3,0,0,0,459,7,466,826
1,23,QUINTANA ROO,8,CANCÚN,1,BENITO JUÁREZ,651,1,101,26,10,8,3,1,23,2,10,0,0,0,0,0,184,6,190,396
1,23,QUINTANA ROO,8,CANCÚN,1,BENITO JUÁREZ,652,2,220,43,31,54,5,5,80,13,16,0,5,0,0,1,472,14,487,946
1,23,QUINTANA ROO,8,CANCÚN,1,BENITO JUÁREZ,653,2,287,75,40,27,8,11,118,29,20,1,2,1,0,1,619,20,640,1411
1,23,QUINTANA ROO,8,CANCÚN,1,BENITO JUÁREZ,654,1,150,41,24,45,5,4,68,19,16,1,3,0,0,0,376,12,388,717
1,23,QUINTANA ROO,8,CANCÚN,1,BENITO JUÁREZ,655,2,177,65,29,66,7,7,86,19,11,3,4,0,0,0,474,11,485,875
1,23,QUINTANA ROO,8,CANCÚN,1,BENITO JUÁREZ,656,1,111,28,15,39,5,10,61,6,10,0,3,0,0,0,288,5,293,484
1,23,QUINTANA ROO,8,CANCÚN,1,BENITO JUÁREZ,657,1,109,34,14,36,5,2,37,18,9,0,3,0,0,3,267,13,283,572
1,23,QUINTANA ROO,8,CANCÚN,1,BENITO JUÁREZ,658,2,268,65,24,25,6,5,88,42,16,0,1,0,0,1,540,15,556,1173
1,23,QUINTANA ROO,8,CANCÚN,1,BENITO JUÁREZ,659,1,140,36,14,21,1,6,34,32,14,5,0,0,0,0,303,17,320,671
1,23,QUINTANA ROO,8,CANCÚN,1,BENITO JUÁREZ,660,2,185,63,26,25,3,4,90,25,3,4,5,0,0,0,433,27,460,1037
1,23,QUINTANA ROO,8,CANCÚN,1,BENITO JUÁREZ,661,2,257,75,17,25,7,5,56,24,14,4,2,0,0,0,486,17,503,1073
1,23,QUINTANA ROO,8,CANCÚN,1,BENITO JUÁREZ,662,2,304,72,32,17,4,3,98,33,23,1,3,0,0,1,590,23,614,1226
1,23,QUINTANA ROO,8,CANCÚN,1,BENITO JUÁREZ,663,2,257,51,20,71,10,4,72,20,4,2,3,0,0,1,514,16,531,1018
1,23,QUINTANA ROO,8,CANCÚN,1,BENITO JUÁREZ,664,3,472,70,40,20,6,4,83,37,32,1,2,0,0,3,767,12,782,1556
1,23,QUINTANA ROO,8,CANCÚN,1,BENITO JUÁREZ,665,2,215,45,13,12,7,1,53,23,15,0,3,0,0,1,387,14,402,806
1,23,QUINTANA ROO,8,CANCÚN,1,BENITO JUÁREZ,666,1,112,18,14,5,3,2,21,11,13,1,0,0,0,1,200,5,206,421
1,23,QUINTANA ROO,8,CANCÚN,1,BENITO JUÁREZ,667,3,449,70,34,16,1,8,76,41,27,1,1,0,1,0,725,19,744,1557
1,23,QUINTANA ROO,10,PLAYA DEL CARMEN,8,SOLIDARIDAD,668,2,109,89,81,27,3,2,81,16,7,1,1,0,1,0,418,5,423,868
1,23,QUINTANA ROO,10,PLAYA DEL CARMEN,8,SOLIDARIDAD,669,2,113,130,84,6,4,6,96,11,27,12,5,0,0,0,494,8,502,1082
1,23,QUINTANA ROO,10,PLAYA DEL CARMEN,8,SOLIDARIDAD,670,1,76,78,36,9,2,1,75,9,14,3,2,0,0,0,305,2,307,578
1,23,QUINTANA ROO,10,PLAYA DEL CARMEN,8,SOLIDARIDAD,671,1,108,79,33,5,3,2,74,13,25,1,6,0,0,0,349,6,355,707
1,23,QUINTANA ROO,10,PLAYA DEL CARMEN,8,SOLIDARIDAD,672,2,143,104,69,5,5,4,78,11,34,0,0,0,0,0,453,11,464,1057
1,23,QUINTANA ROO,10,PLAYA DEL CARMEN,8,SOLIDARIDAD,673,2,179,67,20,1,5,3,65,23,17,0,1,0,0,0,381,20,401,1196
1,23,QUINTANA ROO,10,PLAYA DEL CARMEN,8,SOLIDARIDAD,674,3,387,125,53,8,9,4,108,28,24,3,0,0,0,1,749,15,765,1851
1,23,QUINTANA ROO,10,PLAYA DEL CARMEN,8,SOLIDARIDAD,675,3,234,152,65,9,10,7,161,42,28,2,4,0,0,0,714,14,728,1829
1,23,QUINTANA ROO,10,PLAYA DEL CARMEN,8,SOLIDARIDAD,676,2,98,101,55,5,3,1,91,7,14,2,6,0,0,0,383,7,390,889
1,23,QUINTANA ROO,10,PLAYA DEL CARMEN,8,SOLIDARIDAD,677,1,66,44,44,0,2,4,47,5,18,2,0,1,0,2,233,19,254,561
1,23,QUINTANA ROO,10,PLAYA DEL CARMEN,8,SOLIDARIDAD,678,2,111,96,39,9,3,3,87,21,20,0,2,0,0,1,391,7,399,865
1,23,QUINTANA ROO,10,PLAYA DEL CARMEN,8,SOLIDARIDAD,679,2,101,92,52,12,1,0,67,4,15,3,1,0,0,0,348,6,354,791
1,23,QUINTANA ROO,10,PLAYA DEL CARMEN,8,SOLIDARIDAD,680,5,393,337,169,29,12,18,304,35,72,10,6,3,0,0,1388,25,1413,3364
1,23,QUINTANA ROO,10,PLAYA DEL CARMEN,8,SOLIDARIDAD,681,5,612,382,163,13,14,31,347,57,78,8,13,1,0,2,1719,40,1761,3661
1,23,QUINTANA ROO,10,PLAYA DEL CARMEN,8,SOLIDARIDAD,682,2,145,241,72,15,4,3,66,5,25,1,3,0,0,0,580,32,612,1324
1,23,QUINTANA ROO,10,PLAYA DEL CARMEN,8,SOLIDARIDAD,683,2,147,187,84,11,4,4,80,11,52,9,3,0,0,0,592,29,621,1247
1,23,QUINTANA ROO,10,PLAYA DEL CARMEN,8,SOLIDARIDAD,684,1,69,109,34,11,1,2,39,5,16,6,4,0,0,0,296,8,304,607
1,23,QUINTANA ROO,10,PLAYA DEL CARMEN,8,SOLIDARIDAD,685,2,74,80,35,5,1,4,101,10,144,110,1,1,0,0,566,15,581,1389
1,23,QUINTANA ROO,10,PLAYA DEL CARMEN,8,SOLIDARIDAD,686,2,67,65,34,12,2,3,82,8,125,90,1,0,0,0,489,10,499,1218
1,23,QUINTANA ROO,10,PLAYA DEL CARMEN,8,SOLIDARIDAD,687,2,100,103,79,7,6,4,79,7,26,2,5,0,0,0,418,18,436,1074
1,23,QUINTANA ROO,10,PLAYA DEL CARMEN,8,SOLIDARIDAD,688,2,93,125,44,9,2,6,77,6,20,2,5,1,0,0,390,17,407,1026
1,23,QUINTANA ROO,10,PLAYA DEL CARMEN,8,SOLIDARIDAD,689,2,94,108,73,6,3,4,73,7,21,5,4,0,0,1,398,15,414,977
1,23,QUINTANA ROO,10,PLAYA DEL CARMEN,8,SOLIDARIDAD,690,1,70,48,29,4,7,0,44,6,14,0,1,0,0,0,223,13,236,548
1,23,QUINTANA ROO,10,PLAYA DEL CARMEN,8,SOLIDARIDAD,691,2,70,88,47,4,6,3,52,7,21,2,7,0,0,0,307,5,312,805
1,23,QUINTANA ROO,10,PLAYA DEL CARMEN,8,SOLIDARIDAD,692,2,88,97,61,10,4,10,75,6,26,1,2,0,0,0,380,12,392,1026
1,23,QUINTANA ROO,10,PLAYA DEL CARMEN,8,SOLIDARIDAD,693,2,85,93,55,9,4,4,66,4,21,5,3,0,0,1,349,8,358,1018
1,23,QUINTANA ROO,10,PLAYA DEL CARMEN,8,SOLIDARIDAD,694,5,474,342,113,7,19,16,267,56,80,7,3,0,0,12,1384,44,1440,3484
1,23,QUINTANA ROO,10,PLAYA DEL CARMEN,8,SOLIDARIDAD,695,2,156,134,86,7,2,2,121,16,27,2,4,3,0,0,560,15,575,1154
1,23,QUINTANA ROO,10,PLAYA DEL CARMEN,8,SOLIDARIDAD,696,2,133,104,57,7,5,9,95,10,22,8,2,4,0,0,456,10,466,999
1,23,QUINTANA ROO,10,PLAYA DEL CARMEN,8,SOLIDARIDAD,697,2,108,114,47,8,5,3,94,14,25,2,3,0,0,0,423,17,440,897
1,23,QUINTANA ROO,10,PLAYA DEL CARMEN,8,SOLIDARIDAD,698,2,147,164,62,2,6,8,113,12,35,5,0,0,0,0,554,3,557,1200
1,23,QUINTANA ROO,10,PLAYA DEL CARMEN,8,SOLIDARIDAD,699,1,87,61,45,3,1,1,55,3,28,0,1,0,0,0,285,7,292,508
1,23,QUINTANA ROO,10,PLAYA DEL CARMEN,8,SOLIDARIDAD,700,2,135,129,66,9,4,2,96,12,14,1,0,1,0,0,469,18,487,1028
1,23,QUINTANA ROO,10,PLAYA DEL CARMEN,8,SOLIDARIDAD,701,2,152,129,81,10,3,7,84,9,41,4,4,0,0,0,524,12,536,1148
1,23,QUINTANA ROO,10,PLAYA DEL CARMEN,8,SOLIDARIDAD,702,3,386,169,78,10,14,6,176,41,46,9,5,0,0,0,940,27,967,2247
1,23,QUINTANA ROO,10,PLAYA DEL CARMEN,8,SOLIDARIDAD,703,2,208,146,49,7,4,7,99,7,38,1,2,1,0,4,569,16,589,1235
1,23,QUINTANA ROO,10,PLAYA DEL CARMEN,8,SOLIDARIDAD,704,2,182,98,38,8,10,5,82,23,21,1,6,2,0,0,476,10,486,1105
1,23,QUINTANA ROO,10,PLAYA DEL CARMEN,8,SOLIDARIDAD,705,2,131,88,25,5,2,6,74,22,20,1,2,0,0,2,376,5,383,906
1,23,QUINTANA ROO,10,PLAYA DEL CARMEN,8,SOLIDARIDAD,706,1,108,60,35,0,3,3,38,8,15,4,0,0,0,1,274,4,279,615
1,23,QUINTANA ROO,10,PLAYA DEL CARMEN,8,SOLIDARIDAD,707,2,137,85,29,5,6,3,72,13,14,1,0,0,0,0,365,11,376,875
1,23,QUINTANA ROO,10,PLAYA DEL CARMEN,8,SOLIDARIDAD,708,2,192,88,43,9,8,4,88,18,20,3,4,0,0,0,477,12,489,1063
1,23,QUINTANA ROO,10,PLAYA DEL CARMEN,8,SOLIDARIDAD,709,3,359,186,74,5,10,6,145,48,57,3,5,0,0,0,898,18,916,2009
1,23,QUINTANA ROO,10,PLAYA DEL CARMEN,8,SOLIDARIDAD,710,2,110,115,44,9,5,4,67,4,29,3,5,1,0,0,396,14,410,1096
1,23,QUINTANA ROO,10,PLAYA DEL CARMEN,8,SOLIDARIDAD,711,2,91,115,59,9,5,6,83,12,22,11,3,0,0,0,416,0,416,1170
1,23,QUINTANA ROO,10,PLAYA DEL CARMEN,8,SOLIDARIDAD,712,1,65,56,52,2,2,2,45,13,18,1,4,0,0,0,260,2,262,642
1,23,QUINTANA ROO,10,PLAYA DEL CARMEN,8,SOLIDARIDAD,713,2,69,117,52,9,3,1,98,16,16,0,8,0,0,0,389,15,404,1111
1,23,QUINTANA ROO,10,PLAYA DEL CARMEN,8,SOLIDARIDAD,714,2,102,104,55,5,7,3,82,2,18,0,6,0,1,1,385,8,394,1064
1,23,QUINTANA ROO,10,PLAYA DEL CARMEN,8,SOLIDARIDAD,715,2,77,122,58,7,7,2,84,11,16,1,4,0,1,0,390,16,406,1200
1,23,QUINTANA ROO,10,PLAYA DEL CARMEN,8,SOLIDARIDAD,716,1,55,54,38,3,3,3,47,5,10,4,2,0,0,0,224,10,234,617
1,23,QUINTANA ROO,10,PLAYA DEL CARMEN,8,SOLIDARIDAD,717,2,99,94,50,9,8,2,95,6,23,0,5,0,0,1,391,14,406,1092
1,23,QUINTANA ROO,10,PLAYA DEL CARMEN,8,SOLIDARIDAD,718,3,127,145,91,10,15,5,134,11,33,4,5,0,0,1,580,14,595,1520
1,23,QUINTANA ROO,10,PLAYA DEL CARMEN,8,SOLIDARIDAD,719,2,104,127,59,9,5,7,73,13,22,3,6,0,1,0,429,16,445,1156
1,23,QUINTANA ROO,10,PLAYA DEL CARMEN,8,SOLIDARIDAD,720,2,131,171,87,13,5,3,111,13,44,4,8,0,2,2,592,18,612,1490
1,23,QUINTANA ROO,10,PLAYA DEL CARMEN,8,SOLIDARIDAD,721,2,91,105,56,15,5,5,77,7,32,4,5,0,0,2,402,16,420,1299
1,23,QUINTANA ROO,10,PLAYA DEL CARMEN,8,SOLIDARIDAD,722,2,104,145,65,11,5,3,98,6,33,3,5,0,0,0,478,17,495,1271
1,23,QUINTANA ROO,10,PLAYA DEL CARMEN,8,SOLIDARIDAD,723,1,48,57,24,1,1,3,35,4,9,2,0,0,0,0,184,6,190,447
1,23,QUINTANA ROO,10,PLAYA DEL CARMEN,8,SOLIDARIDAD,724,2,83,69,39,8,4,3,52,3,30,1,4,0,0,0,296,7,303,816
1,23,QUINTANA ROO,10,PLAYA DEL CARMEN,8,SOLIDARIDAD,725,2,131,108,84,9,11,3,80,9,40,3,10,0,0,3,488,24,515,1491
1,23,QUINTANA ROO,10,PLAYA DEL CARMEN,8,SOLIDARIDAD,726,2,119,98,54,10,4,1,80,6,36,1,11,0,1,0,421,19,440,1182
1,23,QUINTANA ROO,10,PLAYA DEL CARMEN,8,SOLIDARIDAD,727,2,97,120,47,10,5,2,76,8,19,6,6,0,0,1,396,20,417,1126
1,23,QUINTANA ROO,10,PLAYA DEL CARMEN,8,SOLIDARIDAD,728,1,55,38,22,4,0,1,31,6,8,1,0,0,0,0,166,4,170,482
1,23,QUINTANA ROO,10,PLAYA DEL CARMEN,8,SOLIDARIDAD,729,3,371,174,47,9,4,6,105,33,37,1,7,0,0,2,794,9,805,1687
1,23,QUINTANA ROO,10,PLAYA DEL CARMEN,8,SOLIDARIDAD,730,1,103,49,23,4,2,2,61,6,7,3,3,0,0,0,263,4,267,568
1,23,QUINTANA ROO,10,PLAYA DEL CARMEN,8,SOLIDARIDAD,731,1,105,91,37,5,5,3,56,10,16,2,3,0,0,0,333,8,341,685
1,23,QUINTANA ROO,10,PLAYA DEL CARMEN,8,SOLIDARIDAD,732,2,147,105,52,6,4,4,88,20,18,0,4,0,0,0,448,9,457,1022
1,23,QUINTANA ROO,9,TULUM,8,SOLIDARIDAD,733,2,152,116,62,11,3,3,102,18,28,1,2,3,1,2,502,10,514,1086
1,23,QUINTANA ROO,9,TULUM,8,SOLIDARIDAD,734,1,90,72,34,6,3,4,28,8,15,2,3,0,0,0,265,10,275,717
1,23,QUINTANA ROO,9,TULUM,8,SOLIDARIDAD,735,1,84,62,22,3,4,0,28,4,16,1,1,0,0,0,225,2,227,450
1,23,QUINTANA ROO,9,TULUM,8,SOLIDARIDAD,736,2,108,102,44,6,5,9,74,8,17,3,3,2,0,0,381,15,396,1050
1,23,QUINTANA ROO,10,PLAYA DEL CARMEN,8,SOLIDARIDAD,737,2,84,93,34,6,1,5,58,5,28,0,2,0,0,0,316,4,320,931
1,23,QUINTANA ROO,9,TULUM,8,SOLIDARIDAD,738,2,114,72,40,7,2,7,55,9,28,4,1,0,0,1,339,4,344,921
1,23,QUINTANA ROO,9,TULUM,8,SOLIDARIDAD,739,1,91,68,34,9,2,2,34,8,20,2,6,0,0,0,276,5,281,710
1,23,QUINTANA ROO,9,TULUM,8,SOLIDARIDAD,740,2,146,129,54,9,3,4,61,5,31,5,6,0,0,0,453,19,472,1169
1,23,QUINTANA ROO,9,TULUM,8,SOLIDARIDAD,741,2,64,109,30,2,5,1,39,6,25,1,5,0,0,0,287,5,292,829
1,23,QUINTANA ROO,9,TULUM,8,SOLIDARIDAD,742,1,58,57,32,7,0,2,43,3,13,2,4,1,0,0,222,5,227,525
1,23,QUINTANA ROO,9,TULUM,8,SOLIDARIDAD,743,1,48,48,20,2,1,2,35,4,7,1,1,1,0,1,170,3,174,428
1,23,QUINTANA ROO,9,TULUM,8,SOLIDARIDAD,744,1,80,77,58,10,2,4,21,4,30,0,4,1,0,0,291,6,297,670
1,23,QUINTANA ROO,9,TULUM,8,SOLIDARIDAD,745,1,89,92,47,7,1,3,42,3,38,0,0,0,0,0,322,17,339,698
1,23,QUINTANA ROO,9,TULUM,8,SOLIDARIDAD,746,2,120,89,58,13,4,4,89,1,35,0,5,0,0,0,418,10,428,936
1,23,QUINTANA ROO,9,TULUM,8,SOLIDARIDAD,747,1,65,64,17,8,1,1,39,2,9,3,6,1,0,0,216,4,220,504
1,23,QUINTANA ROO,9,TULUM,8,SOLIDARIDAD,748,1,98,88,39,14,2,4,63,4,24,0,5,2,0,0,343,9,352,723
1,23,QUINTANA ROO,9,TULUM,8,SOLIDARIDAD,749,1,39,58,13,4,1,2,21,3,8,5,2,0,0,0,156,2,158,344
1,23,QUINTANA ROO,9,TULUM,8,SOLIDARIDAD,750,1,55,52,17,1,0,2,33,4,12,3,6,0,0,0,185,5,190,514
1,23,QUINTANA ROO,9,TULUM,8,SOLIDARIDAD,751,1,34,35,18,4,0,0,42,2,15,0,2,0,0,0,152,5,157,380
1,23,QUINTANA ROO,9,TULUM,8,SOLIDARIDAD,752,1,85,53,27,9,3,2,32,3,18,0,6,0,0,0,238,14,252,583
1,23,QUINTANA ROO,9,TULUM,8,SOLIDARIDAD,753,1,96,99,52,17,4,2,60,6,22,2,3,2,0,1,365,10,376,697
1,23,QUINTANA ROO,9,TULUM,8,SOLIDARIDAD,754,1,36,44,19,5,1,4,12,3,13,4,3,0,0,0,144,2,146,323
1,23,QUINTANA ROO,9,TULUM,8,SOLIDARIDAD,755,1,44,44,14,6,1,1,30,4,5,0,0,0,0,1,149,3,153,319
1,23,QUINTANA ROO,9,TULUM,8,SOLIDARIDAD,756,1,53,57,26,5,2,3,29,2,9,2,4,0,0,1,192,6,199,592
1,23,QUINTANA ROO,9,TULUM,8,SOLIDARIDAD,757,1,55,58,30,7,3,3,53,2,7,2,5,0,0,2,225,7,234,712
1,23,QUINTANA ROO,9,TULUM,8,SOLIDARIDAD,758,1,30,27,15,2,2,2,27,3,16,0,1,0,0,0,125,1,126,496
1,23,QUINTANA ROO,9,TULUM,8,SOLIDARIDAD,759,1,100,41,18,7,1,2,42,5,13,2,2,1,0,2,234,2,238,604
1,23,QUINTANA ROO,9,TULUM,8,SOLIDARIDAD,760,1,70,39,16,4,1,0,38,2,6,4,2,0,0,0,182,7,189,561
1,23,QUINTANA ROO,9,TULUM,8,SOLIDARIDAD,761,1,63,60,8,6,1,2,32,1,6,3,5,0,0,0,187,8,195,626
1,23,QUINTANA ROO,9,TULUM,8,SOLIDARIDAD,762,2,72,58,21,10,3,4,41,4,13,1,3,0,0,1,230,6,237,940
1,23,QUINTANA ROO,9,TULUM,8,SOLIDARIDAD,763,2,326,199,84,11,2,12,160,31,55,6,8,0,0,2,894,13,909,461
1,23,QUINTANA ROO,9,TULUM,8,SOLIDARIDAD,764,2,138,51,12,1,2,2,29,9,14,2,1,0,0,2,261,4,267,754
1,23,QUINTANA ROO,9,TULUM,8,SOLIDARIDAD,765,2,180,41,21,10,1,2,45,17,9,0,1,0,0,0,327,10,337,1088
1,23,QUINTANA ROO,9,TULUM,8,SOLIDARIDAD,766,1,141,80,19,5,4,1,35,11,13,3,0,0,0,1,312,8,321,650
1,23,QUINTANA ROO,9,TULUM,8,SOLIDARIDAD,767,2,146,136,86,27,7,4,134,10,26,7,7,1,0,0,591,19,610,1385
1,23,QUINTANA ROO,9,TULUM,8,SOLIDARIDAD,768,5,217,310,134,50,9,15,298,25,57,4,7,0,0,0,1126,32,1158,3076
1,23,QUINTANA ROO,9,TULUM,8,SOLIDARIDAD,769,2,84,116,77,7,2,5,84,9,15,0,6,0,0,1,405,12,418,1123
1,23,QUINTANA ROO,9,TULUM,8,SOLIDARIDAD,770,2,76,104,82,9,1,8,94,4,42,5,6,0,0,0,431,13,444,839
1,23,QUINTANA ROO,9,TULUM,8,SOLIDARIDAD,771,2,88,164,91,20,3,7,76,10,25,2,4,0,1,0,491,18,509,1121
1,23,QUINTANA ROO,9,TULUM,8,SOLIDARIDAD,772,1,35,69,23,10,0,4,21,1,8,2,3,0,0,0,176,9,185,462
1,23,QUINTANA ROO,9,TULUM,8,SOLIDARIDAD,773,1,138,39,12,4,2,2,7,7,5,1,1,0,0,0,218,3,221,730
1,23,QUINTANA ROO,9,TULUM,8,SOLIDARIDAD,774,1,26,38,5,1,0,2,24,2,5,0,1,0,1,0,105,8,113,366
1,23,QUINTANA ROO,15,CHETUMAL,7,OTHÓN P. BLANCO,775,4,893,330,70,16,12,7,109,15,103,10,7,0,0,0,1572,29,1601,2497
1,23,QUINTANA ROO,15,CHETUMAL,7,OTHÓN P. BLANCO,776,1,166,53,15,1,2,0,14,0,14,1,2,0,0,0,268,4,272,453
1,23,QUINTANA ROO,15,CHETUMAL,7,OTHÓN P. BLANCO,777,1,265,82,13,4,3,2,24,2,28,3,3,0,0,0,429,5,434,693
1,23,QUINTANA ROO,15,CHETUMAL,7,OTHÓN P. BLANCO,778,1,167,84,9,3,5,2,13,3,15,1,2,0,0,0,304,3,307,516
1,23,QUINTANA ROO,15,CHETUMAL,7,OTHÓN P. BLANCO,779,1,159,80,12,2,1,3,25,3,8,0,1,0,0,0,294,3,297,494
1,23,QUINTANA ROO,15,CHETUMAL,7,OTHÓN P. BLANCO,780,1,191,73,7,4,2,2,30,5,41,1,0,1,0,0,357,4,361,591
1,23,QUINTANA ROO,15,CHETUMAL,7,OTHÓN P. BLANCO,781,1,262,75,22,1,3,12,38,7,31,1,1,0,0,0,453,10,463,732
1,23,QUINTANA ROO,15,CHETUMAL,7,OTHÓN P. BLANCO,782,1,216,83,19,5,0,0,28,3,19,1,1,0,0,0,375,2,377,611
1,23,QUINTANA ROO,15,CHETUMAL,7,OTHÓN P. BLANCO,783,2,372,146,6,2,1,3,49,8,37,3,0,0,0,0,627,7,634,941
1,23,QUINTANA ROO,15,CHETUMAL,7,OTHÓN P. BLANCO,784,1,219,80,20,1,3,3,27,7,30,0,2,0,0,0,392,4,396,680
1,23,QUINTANA ROO,14,CHETUMAL,7,OTHÓN P. BLANCO,785,1,265,111,10,2,5,1,43,5,54,5,0,0,0,0,501,8,509,730
1,23,QUINTANA ROO,14,CHETUMAL,7,OTHÓN P. BLANCO,786,2,262,99,15,4,2,4,31,6,21,3,2,1,0,0,450,10,460,767
1,23,QUINTANA ROO,15,CHETUMAL,7,OTHÓN P. BLANCO,787,2,313,115,27,2,7,11,38,1,38,2,3,1,0,0,558,18,576,887
1,23,QUINTANA ROO,15,CHETUMAL,7,OTHÓN P. BLANCO,788,1,178,91,17,1,5,0,20,1,27,3,3,0,0,1,346,5,352,582
1,23,QUINTANA ROO,15,CHETUMAL,7,OTHÓN P. BLANCO,789,1,232,78,13,0,5,0,37,2,22,2,4,1,0,0,396,14,410,666
1,23,QUINTANA ROO,15,CHETUMAL,7,OTHÓN P. BLANCO,790,2,287,121,25,3,1,3,24,2,50,0,0,0,0,2,516,12,530,844
1,23,QUINTANA ROO,15,CHETUMAL,7,OTHÓN P. BLANCO,791,1,228,85,18,1,2,1,33,3,26,4,1,0,0,0,402,5,407,591
1,23,QUINTANA ROO,15,CHETUMAL,7,OTHÓN P. BLANCO,792,2,353,121,25,5,1,2,50,4,35,6,3,1,0,0,606,12,618,949
1,23,QUINTANA ROO,15,CHETUMAL,7,OTHÓN P. BLANCO,793,2,364,161,29,8,4,3,56,7,60,4,5,0,0,0,701,17,718,1269
1,23,QUINTANA ROO,15,CHETUMAL,7,OTHÓN P. BLANCO,794,5,1110,416,62,10,9,4,168,16,126,8,13,0,0,0,1942,36,1978,3270
1,23,QUINTANA ROO,15,CHETUMAL,7,OTHÓN P. BLANCO,795,1,263,107,12,3,1,1,26,1,38,2,1,0,0,0,455,4,459,700
1,23,QUINTANA ROO,15,CHETUMAL,7,OTHÓN P. BLANCO,796,1,199,103,7,1,3,6,24,4,23,3,2,0,0,0,375,12,387,632
1,23,QUINTANA ROO,15,CHETUMAL,7,OTHÓN P. BLANCO,797,2,318,112,16,4,1,1,42,7,44,3,4,0,1,1,553,5,559,793
1,23,QUINTANA ROO,15,CHETUMAL,7,OTHÓN P. BLANCO,798,1,206,81,9,4,2,3,30,3,42,2,0,0,0,1,382,4,387,612
1,23,QUINTANA ROO,15,CHETUMAL,7,OTHÓN P. BLANCO,799,1,213,115,14,1,0,3,28,4,30,0,1,0,0,0,409,3,412,603
1,23,QUINTANA ROO,15,CHETUMAL,7,OTHÓN P. BLANCO,800,2,261,85,14,8,11,4,33,11,20,1,2,1,0,0,451,6,457,753
1,23,QUINTANA ROO,15,CHETUMAL,7,OTHÓN P. BLANCO,801,2,242,86,15,1,5,6,36,6,39,0,2,0,0,1,438,14,453,782
1,23,QUINTANA ROO,15,CHETUMAL,7,OTHÓN P. BLANCO,802,2,372,157,23,6,6,3,40,6,40,0,3,0,1,0,657,17,674,1131
1,23,QUINTANA ROO,15,CHETUMAL,7,OTHÓN P. BLANCO,803,1,151,50,8,1,2,4,23,2,21,0,1,0,0,0,263,2,265,462
1,23,QUINTANA ROO,15,CHETUMAL,7,OTHÓN P. BLANCO,804,2,383,147,34,2,4,5,66,4,53,2,5,0,0,0,705,15,720,1137
1,23,QUINTANA ROO,15,CHETUMAL,7,OTHÓN P. BLANCO,805,2,377,127,26,6,4,7,68,2,30,2,1,0,0,0,650,45,695,1110
1,23,QUINTANA ROO,15,CHETUMAL,7,OTHÓN P. BLANCO,806,2,272,66,30,7,3,0,34,4,40,0,1,1,0,2,458,8,468,766
1,23,QUINTANA ROO,14,CHETUMAL,7,OTHÓN P. BLANCO,807,2,333,128,23,3,1,2,48,1,47,1,2,1,0,0,590,17,607,963
1,23,QUINTANA ROO,14,CHETUMAL,7,OTHÓN P. BLANCO,808,1,245,87,17,2,5,3,31,5,22,0,2,0,0,0,419,12,431,661
1,23,QUINTANA ROO,14,CHETUMAL,7,OTHÓN P. BLANCO,809,1,239,83,18,5,7,6,32,1,28,2,4,0,0,2,425,7,434,740
1,23,QUINTANA ROO,14,CHETUMAL,7,OTHÓN P. BLANCO,810,1,141,43,9,0,2,1,11,3,24,1,0,0,0,0,235,3,238,329
1,23,QUINTANA ROO,2,CANCÚN,1,BENITO JUÁREZ,811,1,78,72,48,99,12,3,33,34,10,5,11,0,0,0,405,7,412,747
1,23,QUINTANA ROO,2,CANCÚN,1,BENITO JUÁREZ,812,2,68,67,36,147,8,4,74,38,11,2,11,0,3,0,469,15,484,975
1,23,QUINTANA ROO,2,CANCÚN,1,BENITO JUÁREZ,813,2,77,90,45,145,12,10,38,22,7,3,11,0,0,0,460,16,476,873
1,23,QUINTANA ROO,2,CANCÚN,1,BENITO JUÁREZ,814,2,130,65,24,36,7,2,102,29,13,0,5,0,0,7,413,15,435,984
1,23,QUINTANA ROO,2,CANCÚN,1,BENITO JUÁREZ,815,2,79,70,23,57,10,1,83,26,7,1,5,0,0,1,362,8,371,795
1,23,QUINTANA ROO,2,CANCÚN,1,BENITO JUÁREZ,816,2,90,76,20,77,12,6,73,28,4,0,3,0,0,0,389,14,403,916
1,23,QUINTANA ROO,2,CANCÚN,1,BENITO JUÁREZ,817,2,107,82,29,65,7,2,85,22,11,3,7,0,0,0,420,10,430,943
1,23,QUINTANA ROO,2,CANCÚN,1,BENITO JUÁREZ,818,2,71,82,26,112,14,9,65,29,4,3,9,0,0,1,424,14,439,1006
1,23,QUINTANA ROO,2,CANCÚN,1,BENITO JUÁREZ,819,1,88,61,25,43,3,2,73,28,8,3,4,0,0,0,338,8,346,720
1,23,QUINTANA ROO,2,CANCÚN,1,BENITO JUÁREZ,820,1,49,44,16,80,25,4,46,30,6,0,4,0,0,0,304,9,313,604
1,23,QUINTANA ROO,2,CANCÚN,1,BENITO JUÁREZ,821,1,36,30,6,69,7,4,52,9,5,5,2,0,0,1,225,7,233,506
1,23,QUINTANA ROO,2,CANCÚN,1,BENITO JUÁREZ,822,2,107,81,36,116,19,5,106,41,16,2,5,0,0,3,534,12,549,1366
1,23,QUINTANA ROO,2,CANCÚN,1,BENITO JUÁREZ,823,1,69,43,18,31,12,5,54,11,6,1,6,0,0,0,256,7,263,599
1,23,QUINTANA ROO,2,CANCÚN,1,BENITO JUÁREZ,824,1,63,64,22,47,13,1,47,19,5,0,4,0,0,0,285,7,292,583
1,23,QUINTANA ROO,2,CANCÚN,1,BENITO JUÁREZ,825,1,69,68,23,46,6,2,67,25,9,1,4,0,0,0,320,2,322,728
1,23,QUINTANA ROO,2,CANCÚN,1,BENITO JUÁREZ,826,7,205,336,96,352,35,12,201,91,20,8,32,0,8,1,1396,37,1434,4630
1,23,QUINTANA ROO,2,CANCÚN,1,BENITO JUÁREZ,827,1,55,38,22,28,5,2,61,16,7,0,3,0,0,1,237,10,248,505
1,23,QUINTANA ROO,2,CANCÚN,1,BENITO JUÁREZ,828,2,151,72,29,46,14,4,99,27,18,0,6,0,0,1,466,12,479,1042
1,23,QUINTANA ROO,2,CANCÚN,1,BENITO JUÁREZ,829,1,48,36,17,70,10,3,45,20,10,1,2,0,0,1,262,5,268,526
1,23,QUINTANA ROO,2,CANCÚN,1,BENITO JUÁREZ,830,2,98,81,22,21,9,5,73,24,12,3,6,0,0,2,354,10,366,894
1,23,QUINTANA ROO,2,CANCÚN,1,BENITO JUÁREZ,831,1,40,33,14,73,20,1,34,15,7,0,2,0,0,0,239,7,246,459
1,23,QUINTANA ROO,2,CANCÚN,1,BENITO JUÁREZ,832,1,116,52,30,44,4,8,73,9,14,4,5,0,0,4,359,9,372,720
1,23,QUINTANA ROO,2,CANCÚN,1,BENITO JUÁREZ,833,1,68,41,22,62,8,3,46,14,5,2,7,0,0,0,278,15,293,645
1,23,QUINTANA ROO,2,CANCÚN,1,BENITO JUÁREZ,834,1,55,70,22,57,5,1,69,7,5,3,6,0,0,1,300,10,311,592
1,23,QUINTANA ROO,2,CANCÚN,1,BENITO JUÁREZ,835,1,58,46,10,55,5,3,35,22,7,2,3,0,0,1,246,9,256,480
1,23,QUINTANA ROO,2,CANCÚN,1,BENITO JUÁREZ,836,1,102,44,20,46,3,4,55,18,7,1,4,0,0,0,304,3,307,624
1,23,QUINTANA ROO,2,CANCÚN,1,BENITO JUÁREZ,837,2,81,113,43,91,13,3,85,18,5,3,7,0,0,0,462,12,474,812
1,23,QUINTANA ROO,2,CANCÚN,1,BENITO JUÁREZ,838,1,42,49,18,35,9,2,37,7,0,0,0,0,0,0,199,8,207,375
1,23,QUINTANA ROO,2,CANCÚN,1,BENITO JUÁREZ,839,2,62,81,29,94,53,5,52,16,8,5,8,0,0,0,413,10,423,974
1,23,QUINTANA ROO,2,CANCÚN,1,BENITO JUÁREZ,840,1,46,71,18,87,7,1,56,26,4,5,7,0,0,0,328,5,333,587
1,23,QUINTANA ROO,2,CANCÚN,1,BENITO JUÁREZ,841,1,93,71,24,36,6,3,60,18,11,2,2,0,0,1,326,15,342,727
1,23,QUINTANA ROO,2,CANCÚN,1,BENITO JUÁREZ,842,2,107,72,30,106,9,5,72,21,9,4,14,0,0,0,449,11,460,849
1,23,QUINTANA ROO,2,CANCÚN,1,BENITO JUÁREZ,843,1,42,56,22,68,3,3,52,13,8,0,2,0,0,0,269,3,272,513
1,23,QUINTANA ROO,2,CANCÚN,1,BENITO JUÁREZ,844,1,79,79,23,71,5,4,57,11,7,0,7,0,0,0,343,14,357,607
1,23,QUINTANA ROO,2,CANCÚN,1,BENITO JUÁREZ,845,1,61,61,17,81,10,2,61,22,9,6,6,0,0,0,336,14,350,650
1,23,QUINTANA ROO,2,CANCÚN,1,BENITO JUÁREZ,846,2,44,75,20,95,4,5,39,53,7,3,4,1,1,1,351,14,366,963
1,23,QUINTANA ROO,2,CANCÚN,1,BENITO JUÁREZ,847,2,42,77,13,113,12,2,49,24,3,5,6,0,0,0,346,9,355,869
1,23,QUINTANA ROO,2,CANCÚN,1,BENITO JUÁREZ,848,2,55,60,21,96,7,1,55,27,5,0,4,0,0,0,331,10,341,915
1,23,QUINTANA ROO,2,CANCÚN,1,BENITO JUÁREZ,849,1,47,45,16,93,2,5,43,22,2,13,2,0,0,1,290,4,295,640
1,23,QUINTANA ROO,2,CANCÚN,1,BENITO JUÁREZ,850,1,54,35,14,86,7,3,39,20,8,0,6,0,0,0,272,5,277,568
1,23,QUINTANA ROO,2,CANCÚN,1,BENITO JUÁREZ,851,2,47,51,18,75,4,3,49,36,6,5,7,0,0,0,301,10,311,845
1,23,QUINTANA ROO,2,CANCÚN,1,BENITO JUÁREZ,852,1,49,26,14,60,3,2,52,9,4,4,0,0,1,0,224,3,227,629
1,23,QUINTANA ROO,2,CANCÚN,1,BENITO JUÁREZ,853,1,45,44,27,73,4,3,50,26,0,0,0,0,0,0,272,5,277,643
1,23,QUINTANA ROO,2,CANCÚN,1,BENITO JUÁREZ,854,2,144,56,30,55,14,5,72,23,15,1,4,0,0,1,419,11,431,1101
1,23,QUINTANA ROO,2,CANCÚN,1,BENITO JUÁREZ,855,2,109,38,30,74,2,4,58,26,10,5,3,0,0,0,359,8,367,873
1,23,QUINTANA ROO,2,CANCÚN,1,BENITO JUÁREZ,856,1,34,29,16,52,4,2,37,20,3,3,4,0,0,1,204,11,216,596
1,23,QUINTANA ROO,6,CANCÚN,1,BENITO JUÁREZ,857,2,145,81,38,63,5,8,110,19,15,1,3,1,0,2,489,12,503,1098
1,23,QUINTANA ROO,2,CANCÚN,1,BENITO JUÁREZ,858,1,29,26,18,72,4,1,40,17,3,0,4,0,0,0,214,2,216,544
1,23,QUINTANA ROO,6,CANCÚN,1,BENITO JUÁREZ,859,1,51,26,7,43,3,6,47,12,2,1,1,0,0,1,199,10,210,555
1,23,QUINTANA ROO,6,CANCÚN,1,BENITO JUÁREZ,860,2,62,61,26,46,9,1,65,20,9,3,1,0,1,0,304,9,313,792
1,23,QUINTANA ROO,6,CANCÚN,1,BENITO JUÁREZ,861,1,103,60,21,46,6,5,50,14,5,0,1,0,0,0,311,8,319,658
1,23,QUINTANA ROO,6,CANCÚN,1,BENITO JUÁREZ,862,2,111,82,28,50,12,6,111,25,9,0,7,0,0,2,441,14,457,1061
1,23,QUINTANA ROO,6,CANCÚN,1,BENITO JUÁREZ,863,2,98,95,26,109,5,2,33,55,21,7,2,6,0,0,459,9,468,1018
1,23,QUINTANA ROO,6,CANCÚN,1,BENITO JUÁREZ,864,1,41,35,11,26,3,3,45,18,2,0,1,0,0,0,185,8,193,480
1,23,QUINTANA ROO,6,CANCÚN,1,BENITO JUÁREZ,865,1,35,41,17,54,4,2,30,10,4,1,5,0,0,0,203,5,208,518
1,23,QUINTANA ROO,6,CANCÚN,1,BENITO JUÁREZ,866,2,98,96,24,71,9,5,73,29,16,1,13,0,0,2,435,20,457,1003
1,23,QUINTANA ROO,6,CANCÚN,1,BENITO JUÁREZ,867,2,83,81,38,53,4,4,55,24,10,1,7,0,0,0,360,12,372,864
1,23,QUINTANA ROO,6,CANCÚN,1,BENITO JUÁREZ,868,1,65,57,22,57,10,2,60,27,12,0,8,0,0,0,320,12,332,702
1,23,QUINTANA ROO,6,CANCÚN,1,BENITO JUÁREZ,869,1,77,43,17,22,2,2,55,6,14,1,3,0,0,0,242,5,247,577
1,23,QUINTANA ROO,6,CANCÚN,1,BENITO JUÁREZ,870,1,66,24,19,22,0,2,41,5,3,0,3,0,0,0,185,5,190,445
1,23,QUINTANA ROO,6,CANCÚN,1,BENITO JUÁREZ,871,1,60,51,9,50,3,2,33,9,3,1,5,0,0,0,226,4,230,442
1,23,QUINTANA ROO,6,CANCÚN,1,BENITO JUÁREZ,872,2,102,88,26,46,7,10,84,31,20,1,12,0,0,0,427,17,444,814
1,23,QUINTANA ROO,6,CANCÚN,1,BENITO JUÁREZ,873,1,68,49,17,63,1,3,27,13,11,1,6,0,0,0,259,5,264,529
1,23,QUINTANA ROO,9,TULUM,8,SOLIDARIDAD,874,7,511,347,158,22,16,22,403,58,74,3,6,2,0,0,1622,47,1669,4707
1,23,QUINTANA ROO,9,TULUM,8,SOLIDARIDAD,875,11,628,688,325,52,32,35,646,60,110,22,26,1,1,2,2626,73,2701,7901
1,23,QUINTANA ROO,9,TULUM,8,SOLIDARIDAD,876,5,272,368,153,23,11,11,341,41,54,10,12,1,0,0,1297,18,1315,3349
1,23,QUINTANA ROO,9,TULUM,8,SOLIDARIDAD,877,2,89,121,44,6,2,4,125,14,18,0,1,0,1,0,425,6,431,941
1,23,QUINTANA ROO,9,TULUM,8,SOLIDARIDAD,878,2,82,68,53,3,1,2,115,10,24,2,2,0,0,0,362,9,371,817
1,23,QUINTANA ROO,9,TULUM,8,SOLIDARIDAD,879,2,95,85,46,6,2,3,124,6,5,0,1,0,0,0,373,8,381,893
1,23,QUINTANA ROO,9,TULUM,8,SOLIDARIDAD,880,2,71,89,40,7,1,4,73,9,21,6,5,0,0,0,326,9,335,758
1,23,QUINTANA ROO,9,TULUM,8,SOLIDARIDAD,881,2,156,98,36,7,5,3,105,31,18,2,3,0,0,2,464,16,482,1393
1,23,QUINTANA ROO,9,TULUM,8,SOLIDARIDAD,882,2,80,80,38,13,1,1,61,4,23,2,7,0,1,0,311,7,318,759
1,23,QUINTANA ROO,9,TULUM,8,SOLIDARIDAD,883,2,106,90,45,6,4,8,97,16,17,2,0,0,0,1,391,2,394,972
1,23,QUINTANA ROO,9,TULUM,8,SOLIDARIDAD,884,2,86,75,37,2,3,4,73,7,10,3,7,0,0,0,307,7,314,808
1,23,QUINTANA ROO,9,TULUM,8,SOLIDARIDAD,885,1,88,60,16,7,5,10,49,6,10,2,0,0,0,0,253,4,257,671
1,23,QUINTANA ROO,9,TULUM,8,SOLIDARIDAD,886,1,108,65,27,17,1,5,61,7,16,2,2,0,0,0,311,5,316,683
1,23,QUINTANA ROO,9,TULUM,8,SOLIDARIDAD,887,1,76,49,24,14,4,2,41,6,10,0,0,0,0,0,226,4,230,556
1,23,QUINTANA ROO,9,TULUM,8,SOLIDARIDAD,888,2,157,95,42,3,5,7,92,21,17,6,2,1,0,0,448,16,464,1132
1,23,QUINTANA ROO,9,TULUM,8,SOLIDARIDAD,889,2,148,95,52,3,7,5,91,14,21,2,0,0,0,0,438,11,449,909
1,23,QUINTANA ROO,9,TULUM,8,SOLIDARIDAD,890,2,91,89,20,5,3,5,99,20,8,1,0,0,0,4,341,12,357,853
1,23,QUINTANA ROO,9,TULUM,8,SOLIDARIDAD,891,1,80,43,22,4,4,1,53,6,11,0,1,0,0,0,225,8,233,610
1,23,QUINTANA ROO,9,TULUM,8,SOLIDARIDAD,892,2,158,126,42,6,5,4,111,11,14,1,0,0,0,0,478,11,489,1269
1,23,QUINTANA ROO,9,TULUM,8,SOLIDARIDAD,893,1,60,59,33,6,1,5,60,3,12,4,3,0,0,0,246,5,251,664
1,23,QUINTANA ROO,9,TULUM,8,SOLIDARIDAD,894,1,65,50,32,8,3,2,30,1,14,2,3,0,0,0,210,2,212,413
1,23,QUINTANA ROO,9,TULUM,8,SOLIDARIDAD,895,1,49,42,11,3,3,2,33,4,8,2,3,0,1,0,161,6,167,448
1,23,QUINTANA ROO,9,TULUM,8,SOLIDARIDAD,896,1,70,52,22,2,3,0,42,1,13,4,2,0,0,0,211,10,221,563
1,23,QUINTANA ROO,9,TULUM,8,SOLIDARIDAD,897,1,71,60,28,2,3,0,36,6,14,0,4,0,0,0,224,2,226,597
1,23,QUINTANA ROO,9,TULUM,8,SOLIDARIDAD,898,1,55,36,16,4,1,3,20,4,7,4,0,0,0,0,150,6,156,478
1,23,QUINTANA ROO,9,TULUM,8,SOLIDARIDAD,899,1,68,41,25,4,1,5,32,1,11,0,2,0,0,0,190,2,192,441
1,23,QUINTANA ROO,10,PLAYA DEL CARMEN,8,SOLIDARIDAD,900,1,33,28,21,3,3,0,24,2,10,1,4,0,0,1,129,6,136,362
1,23,QUINTANA ROO,9,TULUM,8,SOLIDARIDAD,901,1,48,42,17,3,0,2,29,5,8,2,0,0,0,0,156,4,160,395
1,23,QUINTANA ROO,9,TULUM,8,SOLIDARIDAD,902,1,46,59,13,10,3,0,30,4,12,3,5,2,0,1,187,2,190,522
1,23,QUINTANA ROO,10,PLAYA DEL CARMEN,8,SOLIDARIDAD,903,1,63,62,19,2,4,1,30,4,7,3,0,0,0,0,195,4,199,508
1,23,QUINTANA ROO,9,TULUM,8,SOLIDARIDAD,904,1,56,47,9,3,0,0,24,4,9,2,0,0,0,0,154,5,159,438
1,23,QUINTANA ROO,10,PLAYA DEL CARMEN,8,SOLIDARIDAD,905,1,41,41,19,3,2,0,29,1,14,0,3,0,0,0,153,10,163,398
1,23,QUINTANA ROO,9,TULUM,8,SOLIDARIDAD,906,1,56,48,14,1,2,1,26,6,6,3,0,0,0,0,163,8,171,401
1,23,QUINTANA ROO,9,TULUM,8,SOLIDARIDAD,907,1,38,45,7,2,5,5,19,3,7,4,0,0,0,0,135,8,143,397
1,23,QUINTANA ROO,10,PLAYA DEL CARMEN,8,SOLIDARIDAD,908,1,53,55,10,4,4,2,30,4,14,3,0,0,0,0,179,3,182,542
1,23,QUINTANA ROO,9,TULUM,8,SOLIDARIDAD,909,1,54,53,18,2,1,2,29,3,10,2,3,0,0,0,177,10,187,489
1,23,QUINTANA ROO,9,TULUM,8,SOLIDARIDAD,910,1,60,45,13,0,0,1,31,6,2,0,1,0,0,1,159,2,162,482
1,23,QUINTANA ROO,10,PLAYA DEL CARMEN,8,SOLIDARIDAD,911,1,35,26,12,1,3,3,8,4,4,1,2,0,0,0,99,2,101,355
1,23,QUINTANA ROO,9,TULUM,8,SOLIDARIDAD,912,1,53,49,16,11,3,3,24,5,9,1,1,1,0,0,176,3,179,462
1,23,QUINTANA ROO,9,TULUM,8,SOLIDARIDAD,913,1,53,39,14,1,0,0,22,2,7,3,2,0,0,0,143,2,145,422
1,23,QUINTANA ROO,9,TULUM,8,SOLIDARIDAD,914,1,94,37,13,3,1,0,27,2,20,0,3,0,0,0,200,4,204,704
1,23,QUINTANA ROO,9,TULUM,8,SOLIDARIDAD,915,1,52,22,9,1,0,1,27,9,9,0,0,0,0,0,130,3,133,641
1,23,QUINTANA ROO,9,TULUM,8,SOLIDARIDAD,916,1,29,36,16,5,0,2,33,1,6,0,2,0,0,0,130,2,132,405
1,23,QUINTANA ROO,9,TULUM,8,SOLIDARIDAD,917,1,56,64,14,2,2,0,31,3,7,1,2,0,0,1,182,2,185,564
1,23,QUINTANA ROO,9,TULUM,8,SOLIDARIDAD,918,1,41,37,5,1,1,0,23,0,8,0,0,0,0,1,116,2,119,359
1,23,QUINTANA ROO,9,TULUM,8,SOLIDARIDAD,919,1,44,29,12,2,1,1,29,6,10,2,0,0,0,0,136,3,139,602
1,23,QUINTANA ROO,9,TULUM,8,SOLIDARIDAD,920,2,304,178,66,11,7,12,139,16,134,20,16,1,0,1,904,31,936,667
1,23,QUINTANA ROO,9,TULUM,8,SOLIDARIDAD,921,1,57,31,14,3,1,4,39,3,4,0,0,0,0,0,156,2,158,370
1,23,QUINTANA ROO,9,TULUM,8,SOLIDARIDAD,922,1,42,23,8,6,0,2,21,4,4,0,0,0,0,0,110,4,114,399
1,23,QUINTANA ROO,9,TULUM,9,TULUM,923,1,73,85,50,2,7,1,14,7,30,4,3,0,0,0,276,7,283,545
1,23,QUINTANA ROO,9,TULUM,9,TULUM,924,3,255,521,176,16,11,10,116,32,74,14,7,3,0,0,1235,28,1263,1920
1,23,QUINTANA ROO,9,TULUM,9,TULUM,925,1,64,61,31,4,1,3,25,10,117,3,3,0,0,0,322,7,329,516
1,23,QUINTANA ROO,9,TULUM,9,TULUM,926,1,59,133,56,12,7,3,35,3,26,3,4,0,0,1,341,14,356,562
1,23,QUINTANA ROO,9,TULUM,9,TULUM,927,1,54,38,27,1,2,1,27,7,13,0,1,0,0,0,171,7,178,359
1,23,QUINTANA ROO,9,TULUM,9,TULUM,928,1,41,126,56,4,3,6,20,6,24,0,11,0,1,0,298,7,305,508
1,23,QUINTANA ROO,9,TULUM,9,TULUM,929,1,97,115,56,2,2,4,16,5,26,2,2,0,0,0,327,3,330,562
1,23,QUINTANA ROO,9,TULUM,9,TULUM,930,1,50,98,35,7,5,1,15,5,13,7,2,1,0,0,239,9,248,352
1,23,QUINTANA ROO,9,TULUM,9,TULUM,931,1,61,117,39,4,3,1,15,2,23,3,2,1,0,1,271,5,277,418
1,23,QUINTANA ROO,9,TULUM,9,TULUM,932,1,38,90,35,0,1,1,24,2,19,4,3,0,0,0,217,0,217,354
1,23,QUINTANA ROO,9,TULUM,9,TULUM,933,1,51,84,28,2,0,1,19,6,17,3,4,1,0,0,216,3,219,394
1,23,QUINTANA ROO,9,TULUM,9,TULUM,934,1,47,87,55,5,2,2,18,12,24,1,6,0,0,0,259,5,264,439
1,23,QUINTANA ROO,9,TULUM,9,TULUM,935,1,40,95,20,0,2,1,13,4,12,5,1,0,0,0,193,4,197,369
1,23,QUINTANA ROO,9,TULUM,9,TULUM,936,1,46,144,43,7,4,5,43,4,23,4,6,2,0,0,331,8,339,499
1,23,QUINTANA ROO,9,TULUM,9,TULUM,937,1,49,107,41,4,0,3,19,7,17,5,8,0,0,0,260,4,264,395
1,23,QUINTANA ROO,9,TULUM,9,TULUM,938,1,30,100,22,2,1,2,22,6,14,1,0,0,0,0,200,3,203,364
1,23,QUINTANA ROO,9,TULUM,9,TULUM,939,1,43,83,19,1,5,2,12,2,15,4,1,0,0,0,187,6,193,303
1,23,QUINTANA ROO,9,TULUM,9,TULUM,940,1,37,102,29,4,0,0,18,7,21,3,2,1,0,0,224,9,233,367
1,23,QUINTANA ROO,9,TULUM,9,TULUM,941,1,27,66,22,7,1,0,13,1,14,2,3,0,0,0,156,5,161,268
1,23,QUINTANA ROO,9,TULUM,9,TULUM,942,1,28,80,27,7,0,2,11,1,10,2,0,0,0,0,168,3,171,303
1,23,QUINTANA ROO,9,TULUM,9,TULUM,943,1,48,70,45,5,2,3,24,8,16,2,2,0,0,1,225,5,231,433
1,23,QUINTANA ROO,9,TULUM,9,TULUM,944,1,33,82,27,5,0,1,10,5,11,2,1,0,0,0,177,5,182,310
1,23,QUINTANA ROO,9,TULUM,9,TULUM,945,1,40,74,25,5,2,2,10,2,12,1,3,0,0,1,176,6,183,308
1,23,QUINTANA ROO,9,TULUM,9,TULUM,946,1,59,63,32,7,1,1,20,6,25,2,4,0,0,0,220,2,222,370
1,23,QUINTANA ROO,9,TULUM,9,TULUM,947,1,37,66,26,5,1,0,13,6,17,3,3,2,0,0,179,7,186,376
1,23,QUINTANA ROO,9,TULUM,9,TULUM,948,1,59,92,44,0,2,0,30,4,21,4,3,1,0,0,260,0,260,502
1,23,QUINTANA ROO,9,TULUM,9,TULUM,949,2,231,220,101,12,7,3,87,11,73,6,8,0,0,0,759,12,771,416
1,23,QUINTANA ROO,9,TULUM,9,TULUM,950,1,38,92,22,0,3,2,20,6,17,6,5,0,0,0,211,1,212,368
1,23,QUINTANA ROO,9,TULUM,9,TULUM,951,1,39,101,41,5,1,1,23,8,21,3,4,3,0,0,250,2,252,431
1,23,QUINTANA ROO,9,TULUM,9,TULUM,952,1,46,120,39,6,2,2,21,5,10,1,5,1,0,0,258,7,265,442
1,23,QUINTANA ROO,9,TULUM,9,TULUM,953,1,49,66,28,4,2,1,14,3,11,0,3,1,0,0,182,3,185,349
1,23,QUINTANA ROO,9,TULUM,9,TULUM,954,1,32,92,23,6,3,2,23,10,12,0,3,0,0,0,206,10,216,356
1,23,QUINTANA ROO,9,TULUM,9,TULUM,955,1,41,96,57,5,3,0,20,2,17,6,2,0,0,0,249,8,257,430
1,23,QUINTANA ROO,9,TULUM,9,TULUM,956,1,45,87,46,5,1,5,19,5,26,9,1,0,0,0,249,9,258,415
1,23,QUINTANA ROO,9,TULUM,9,TULUM,957,1,32,125,43,6,1,1,20,7,7,1,2,0,0,0,245,3,248,438
1,23,QUINTANA ROO,9,TULUM,9,TULUM,958,1,38,120,34,6,3,0,20,8,18,2,3,0,0,0,252,13,265,453
1,23,QUINTANA ROO,9,TULUM,9,TULUM,959,1,75,161,77,13,4,6,53,2,27,1,5,0,0,0,424,15,439,678
1,23,QUINTANA ROO,8,CANCÚN,11,PUERTO MORELOS,5000,2,181,118,25,44,13,2,66,8,39,7,10,0,0,1,513,18,532,853
1,23,QUINTANA ROO,1,KANTUNILKIN,1,BENITO JUÁREZ,5001,3,203,231,41,65,9,7,104,37,36,8,22,0,2,0,765,32,797,1568
