CIRCUNSCRIPCION,ID_ESTADO,NOMBRE_ESTADO,ID_DISTRITO_LOCAL,CABECERA_DISTRITAL_LOCAL,ID_MUNICIPIO,MUNICIPIO,SECCION,CASILLAS,PAN,PRI,PRD,PT,PVEM,MC,MORENA,PES,RSP,FXM,PAN_PRI_PRD,PAN_PRI,PAN_PRD,PRI_PRD,CAND_IND1,NUM_VOTOS_VALIDOS,NUM_VOTOS_CAN_NREG,NUM_VOTOS_NULOS,TOTAL_VOTOS,LISTA_NOMINAL
,4,CAMPECHE,7,TENABO,1,CAMPECHE,1,1,16,84,1,1,8,155,162,6,0,1,2,0,1,0,0,437,0,5,442,557
,4,CAMPECHE,7,TENABO,1,CAMPECHE,2,1,24,78,7,1,2,212,99,0,5,4,7,0,0,0,0,439,0,8,447,655
,4,CAMPECHE,7,TENABO,1,CAMPECHE,3,1,9,114,0,3,7,202,129,4,0,1,5,2,0,0,0,476,0,9,485,661
,4,CAMPECHE,1,SAN FRANCISCO DE CAMPECHE,1,CAMPECHE,4,15,209,936,46,69,54,2737,1158,31,19,16,49,23,1,2,0,5350,0,130,5480,10723
,4,CAMPECHE,7,TENABO,1,CAMPECHE,5,2,28,153,6,6,8,337,189,4,6,4,5,2,0,0,0,748,0,14,762,1046
,4,CAMPECHE,7,TENABO,1,CAMPECHE,6,2,31,162,1,8,13,331,184,5,2,2,8,2,0,0,0,749,0,10,759,1031
,4,CAMPECHE,7,TENABO,1,CAMPECHE,7,2,26,144,1,11,13,342,170,6,6,1,5,2,0,0,0,727,0,14,741,978
,4,CAMPECHE,7,TENABO,1,CAMPECHE,8,2,33,105,1,8,8,248,138,1,1,7,1,2,0,0,0,553,0,8,561,762
,4,CAMPECHE,2,SAN FRANCISCO DE CAMPECHE,1,CAMPECHE,9,7,126,520,16,29,34,1401,808,17,13,5,31,12,0,0,0,3012,0,42,3054,4737
,4,CAMPECHE,1,SAN FRANCISCO DE CAMPECHE,1,CAMPECHE,10,2,22,103,7,7,5,248,182,7,6,3,5,3,0,0,0,598,0,14,612,1056
,4,CAMPECHE,7,TENABO,1,CAMPECHE,11,2,30,166,4,9,5,242,153,2,0,2,8,1,0,1,0,623,0,18,641,913
,4,CAMPECHE,7,TENABO,1,CAMPECHE,12,4,37,265,3,13,17,447,380,10,3,9,8,1,0,0,0,1193,3,20,1216,1529
,4,CAMPECHE,1,SAN FRANCISCO DE CAMPECHE,1,CAMPECHE,13,2,50,115,3,7,12,281,193,6,3,3,4,2,0,1,0,680,0,24,704,1250
,4,CAMPECHE,1,SAN FRANCISCO DE CAMPECHE,1,CAMPECHE,14,2,26,177,5,12,10,246,165,9,4,2,9,3,0,0,0,668,0,16,684,1088
,4,CAMPECHE,1,SAN FRANCISCO DE CAMPECHE,1,CAMPECHE,15,2,31,104,6,11,6,348,153,5,4,2,12,2,0,0,0,684,0,19,703,1152
,4,CAMPECHE,1,SAN FRANCISCO DE CAMPECHE,1,CAMPECHE,16,2,27,128,2,6,3,403,144,5,0,6,0,2,1,0,0,727,0,12,739,1198
,4,CAMPECHE,2,SAN FRANCISCO DE CAMPECHE,1,CAMPECHE,17,8,110,546,7,39,27,1483,810,13,9,7,22,4,0,0,0,3077,2,51,3130,5603
,4,CAMPECHE,2,SAN FRANCISCO DE CAMPECHE,1,CAMPECHE,18,1,31,61,1,2,3,177,111,0,1,2,11,3,0,0,0,403,0,13,416,646
,4,CAMPECHE,1,SAN FRANCISCO DE CAMPECHE,1,CAMPECHE,19,2,21,103,6,12,10,312,103,1,1,0,4,2,0,0,0,575,0,16,591,1102
,4,CAMPECHE,1,SAN FRANCISCO DE CAMPECHE,1,CAMPECHE,20,2,41,160,7,10,11,308,144,4,4,3,4,5,0,0,0,701,0,16,717,1146
,4,CAMPECHE,1,SAN FRANCISCO DE CAMPECHE,1,CAMPECHE,21,3,35,245,6,21,11,410,269,13,3,2,11,1,0,0,0,1027,0,26,1053,1637
,4,CAMPECHE,1,SAN FRANCISCO DE CAMPECHE,1,CAMPECHE,22,2,17,144,3,8,10,243,127,9,1,4,10,3,0,0,0,579,0,19,598,939
,4,CAMPECHE,1,SAN FRANCISCO DE CAMPECHE,1,CAMPECHE,23,2,33,124,6,11,6,226,154,10,3,3,7,1,0,1,0,585,0,19,604,931
,4,CAMPECHE,7,TENABO,1,CAMPECHE,24,2,36,158,5,9,16,277,230,4,3,2,5,2,0,0,0,747,0,18,765,1115
,4,CAMPECHE,7,TENABO,1,CAMPECHE,25,1,17,114,1,3,10,143,122,2,3,7,7,0,2,0,0,431,0,4,435,597
,4,CAMPECHE,7,TENABO,1,CAMPECHE,26,2,42,170,5,7,3,269,291,3,2,3,8,7,0,0,0,810,0,7,817,1094
,4,CAMPECHE,7,TENABO,1,CAMPECHE,27,2,37,211,7,11,9,248,244,6,5,3,12,2,0,0,0,795,0,8,803,1063
,4,CAMPECHE,5,SAN FRANCISCO DE CAMPECHE,1,CAMPECHE,28,1,17,97,2,1,5,119,153,1,1,1,1,0,0,0,0,398,0,5,403,586
,4,CAMPECHE,7,TENABO,1,CAMPECHE,29,2,29,133,2,8,5,174,259,5,1,4,6,0,0,1,0,627,0,8,635,849
,4,CAMPECHE,7,TENABO,1,CAMPECHE,30,2,27,156,6,7,12,179,205,7,2,3,3,1,0,0,0,608,0,3,611,767
,4,CAMPECHE,7,TENABO,1,CAMPECHE,31,1,14,111,0,7,6,164,163,3,1,3,0,1,1,0,0,474,0,7,481,722
,4,CAMPECHE,1,SAN FRANCISCO DE CAMPECHE,1,CAMPECHE,32,2,18,98,2,9,16,224,171,2,3,1,2,1,0,0,0,547,0,16,563,795
,4,CAMPECHE,1,SAN FRANCISCO DE CAMPECHE,1,CAMPECHE,33,2,40,134,4,14,11,250,144,9,3,2,3,5,0,0,0,619,0,16,635,954
,4,CAMPECHE,1,SAN FRANCISCO DE CAMPECHE,1,CAMPECHE,34,2,36,119,9,14,6,332,228,8,2,4,6,6,0,1,0,771,0,16,787,1336
,4,CAMPECHE,1,SAN FRANCISCO DE CAMPECHE,1,CAMPECHE,35,2,28,177,2,9,12,233,131,2,5,3,3,2,0,1,0,608,0,24,632,982
,4,CAMPECHE,1,SAN FRANCISCO DE CAMPECHE,1,CAMPECHE,36,2,40,160,5,13,3,319,146,9,4,3,9,2,0,0,0,713,1,15,729,1192
,4,CAMPECHE,1,SAN FRANCISCO DE CAMPECHE,1,CAMPECHE,37,2,21,120,4,6,6,269,97,4,2,0,3,1,4,0,0,537,0,2,539,922
,4,CAMPECHE,2,SAN FRANCISCO DE CAMPECHE,1,CAMPECHE,38,1,0,0,0,9,7,208,137,5,1,1,117,0,0,0,0,485,0,10,495,749
,4,CAMPECHE,2,SAN FRANCISCO DE CAMPECHE,1,CAMPECHE,39,3,51,239,3,20,7,490,307,8,4,3,17,8,0,0,0,1157,0,30,1187,2119
,4,CAMPECHE,1,SAN FRANCISCO DE CAMPECHE,1,CAMPECHE,40,1,19,77,2,7,1,179,162,2,1,4,3,1,0,0,0,458,1,12,471,749
,4,CAMPECHE,1,SAN FRANCISCO DE CAMPECHE,1,CAMPECHE,41,2,17,97,6,6,5,217,129,2,2,2,4,1,0,0,0,488,0,10,498,788
,4,CAMPECHE,3,SAN FRANCISCO DE CAMPECHE,1,CAMPECHE,42,2,29,168,13,10,12,276,219,4,4,0,5,1,0,0,0,741,0,13,754,1111
,4,CAMPECHE,3,SAN FRANCISCO DE CAMPECHE,1,CAMPECHE,43,2,37,148,4,5,22,255,199,1,7,5,12,2,3,0,0,700,0,12,712,982
,4,CAMPECHE,7,TENABO,1,CAMPECHE,44,2,26,114,4,9,5,215,201,1,2,1,0,0,0,0,0,578,0,3,581,819
,4,CAMPECHE,7,TENABO,1,CAMPECHE,45,2,26,100,3,9,9,177,172,2,4,1,5,1,0,0,0,509,0,12,521,769
,4,CAMPECHE,7,TENABO,1,CAMPECHE,46,2,28,124,1,11,7,242,256,5,0,3,6,0,0,0,0,683,0,14,697,1008
,4,CAMPECHE,7,TENABO,1,CAMPECHE,47,2,28,130,7,5,7,227,272,1,1,5,1,1,0,0,0,685,1,10,696,912
,4,CAMPECHE,7,TENABO,1,CAMPECHE,48,2,38,143,9,2,10,207,249,2,2,3,9,3,0,0,0,677,0,12,689,974
,4,CAMPECHE,4,SAN FRANCISCO DE CAMPECHE,1,CAMPECHE,49,2,50,145,7,4,13,249,304,3,4,8,6,1,0,0,0,794,0,16,810,1145
,4,CAMPECHE,5,SAN FRANCISCO DE CAMPECHE,1,CAMPECHE,50,1,18,120,7,4,8,137,140,0,6,1,4,2,0,0,0,447,0,5,452,643
,4,CAMPECHE,5,SAN FRANCISCO DE CAMPECHE,1,CAMPECHE,51,3,30,205,0,7,16,250,310,4,2,2,4,3,0,0,0,833,0,21,854,999
,4,CAMPECHE,5,SAN FRANCISCO DE CAMPECHE,1,CAMPECHE,52,1,30,140,2,8,6,117,165,3,0,1,5,1,0,0,0,478,0,6,484,675
,4,CAMPECHE,5,SAN FRANCISCO DE CAMPECHE,1,CAMPECHE,53,2,49,182,4,7,1,241,283,2,5,1,5,2,0,0,0,782,0,11,793,1035
,4,CAMPECHE,6,SAN FRANCISCO DE CAMPECHE,1,CAMPECHE,54,2,25,165,5,1,5,164,212,5,4,3,3,4,0,0,0,596,0,12,608,820
,4,CAMPECHE,5,SAN FRANCISCO DE CAMPECHE,1,CAMPECHE,55,2,41,181,3,22,11,286,366,6,3,4,12,3,0,0,0,938,0,8,946,1332
,4,CAMPECHE,4,SAN FRANCISCO DE CAMPECHE,1,CAMPECHE,56,2,21,111,2,14,13,226,219,8,3,4,6,1,0,0,0,628,2,11,641,927
,4,CAMPECHE,4,SAN FRANCISCO DE CAMPECHE,1,CAMPECHE,57,2,33,159,5,7,14,250,296,4,3,3,9,2,0,0,0,785,0,16,801,1103
,4,CAMPECHE,4,SAN FRANCISCO DE CAMPECHE,1,CAMPECHE,58,2,30,154,4,10,10,255,247,11,3,3,8,1,0,0,0,736,0,26,762,1126
,4,CAMPECHE,4,SAN FRANCISCO DE CAMPECHE,1,CAMPECHE,59,2,53,148,1,15,7,250,239,6,1,3,3,4,0,0,0,730,0,19,749,1106
,4,CAMPECHE,3,SAN FRANCISCO DE CAMPECHE,1,CAMPECHE,60,2,32,112,3,11,18,199,235,7,6,2,3,0,0,0,0,628,0,15,643,969
,4,CAMPECHE,3,SAN FRANCISCO DE CAMPECHE,1,CAMPECHE,61,2,42,131,5,13,4,196,213,3,2,1,1,0,0,1,0,612,0,7,619,883
,4,CAMPECHE,3,SAN FRANCISCO DE CAMPECHE,1,CAMPECHE,62,2,40,103,8,12,13,215,190,4,6,8,17,4,0,0,0,620,0,18,638,1037
,4,CAMPECHE,3,SAN FRANCISCO DE CAMPECHE,1,CAMPECHE,63,2,48,174,7,5,13,346,199,4,16,2,7,1,0,1,0,823,1,16,840,1342
,4,CAMPECHE,3,SAN FRANCISCO DE CAMPECHE,1,CAMPECHE,64,2,35,146,2,10,14,302,300,4,8,1,8,2,0,1,0,833,0,9,842,1186
,4,CAMPECHE,3,SAN FRANCISCO DE CAMPECHE,1,CAMPECHE,65,3,47,194,6,18,20,390,262,12,7,4,11,6,0,0,0,977,0,36,1013,1770
,4,CAMPECHE,3,SAN FRANCISCO DE CAMPECHE,1,CAMPECHE,66,2,15,79,3,5,4,124,119,1,5,5,1,0,0,0,0,361,0,10,371,1094
,4,CAMPECHE,3,SAN FRANCISCO DE CAMPECHE,1,CAMPECHE,67,2,35,159,2,9,21,273,233,6,4,1,5,1,0,1,0,750,0,20,770,1028
,4,CAMPECHE,4,SAN FRANCISCO DE CAMPECHE,1,CAMPECHE,68,2,34,189,2,13,9,282,216,3,2,2,10,9,0,0,0,771,0,18,789,1248
,4,CAMPECHE,4,SAN FRANCISCO DE CAMPECHE,1,CAMPECHE,69,2,42,175,2,9,5,269,186,3,2,2,7,4,0,0,0,706,1,15,722,1010
,4,CAMPECHE,4,SAN FRANCISCO DE CAMPECHE,1,CAMPECHE,70,2,43,199,3,11,9,281,310,3,4,2,5,1,0,0,0,871,1,11,883,1210
,4,CAMPECHE,5,SAN FRANCISCO DE CAMPECHE,1,CAMPECHE,71,2,39,165,3,12,8,198,236,3,3,3,8,5,0,0,0,683,0,25,708,995
,4,CAMPECHE,6,SAN FRANCISCO DE CAMPECHE,1,CAMPECHE,72,2,70,286,1,5,17,237,298,0,2,3,3,1,0,0,0,923,1,11,935,1270
,4,CAMPECHE,6,SAN FRANCISCO DE CAMPECHE,1,CAMPECHE,73,2,28,185,0,10,12,204,256,2,2,4,6,7,0,0,0,716,0,7,723,1153
,4,CAMPECHE,5,SAN FRANCISCO DE CAMPECHE,1,CAMPECHE,74,2,28,184,4,8,14,318,324,4,1,4,7,0,0,0,0,896,0,27,923,1278
,4,CAMPECHE,5,SAN FRANCISCO DE CAMPECHE,1,CAMPECHE,75,3,49,272,5,20,18,467,472,6,11,17,10,6,0,0,0,1353,0,20,1373,2089
,4,CAMPECHE,5,SAN FRANCISCO DE CAMPECHE,1,CAMPECHE,76,2,28,175,12,12,10,210,241,3,3,2,4,2,0,0,0,702,0,12,714,990
,4,CAMPECHE,4,SAN FRANCISCO DE CAMPECHE,1,CAMPECHE,77,2,34,126,2,2,8,251,262,5,2,1,5,2,0,0,0,700,0,15,715,952
,4,CAMPECHE,4,SAN FRANCISCO DE CAMPECHE,1,CAMPECHE,78,2,36,122,7,7,4,209,194,4,2,1,4,2,1,0,0,593,0,13,606,924
,4,CAMPECHE,3,SAN FRANCISCO DE CAMPECHE,1,CAMPECHE,79,11,217,575,18,25,48,1473,958,23,13,19,38,10,0,0,0,3417,0,58,3475,6989
,4,CAMPECHE,3,SAN FRANCISCO DE CAMPECHE,1,CAMPECHE,80,2,48,128,6,5,6,189,199,4,1,3,10,3,0,0,0,602,0,10,612,824
,4,CAMPECHE,2,SAN FRANCISCO DE CAMPECHE,1,CAMPECHE,81,19,239,1223,41,68,77,3021,1926,50,19,21,68,12,0,3,0,6768,3,109,6880,12842
,4,CAMPECHE,3,SAN FRANCISCO DE CAMPECHE,1,CAMPECHE,82,2,28,179,5,6,4,294,245,2,1,0,8,0,0,0,0,772,1,16,789,1214
,4,CAMPECHE,3,SAN FRANCISCO DE CAMPECHE,1,CAMPECHE,83,7,165,528,13,26,37,1060,809,20,15,8,40,10,0,2,0,2733,1,44,2778,5011
,4,CAMPECHE,4,SAN FRANCISCO DE CAMPECHE,1,CAMPECHE,84,2,11,162,8,8,4,229,159,2,1,0,9,2,0,0,0,595,0,14,609,926
,4,CAMPECHE,4,SAN FRANCISCO DE CAMPECHE,1,CAMPECHE,85,2,37,116,3,9,11,229,196,3,1,2,5,6,0,0,0,618,0,23,641,1124
,4,CAMPECHE,4,SAN FRANCISCO DE CAMPECHE,1,CAMPECHE,86,2,26,167,1,4,11,301,300,9,6,8,3,1,0,0,0,837,1,10,848,1072
,4,CAMPECHE,5,SAN FRANCISCO DE CAMPECHE,1,CAMPECHE,87,2,45,161,8,8,4,245,201,2,2,4,4,4,0,0,0,688,0,12,700,931
,4,CAMPECHE,6,SAN FRANCISCO DE CAMPECHE,1,CAMPECHE,88,1,29,156,4,7,11,116,132,1,1,1,4,0,0,0,0,462,0,7,469,630
,4,CAMPECHE,6,SAN FRANCISCO DE CAMPECHE,1,CAMPECHE,89,2,50,245,2,8,13,172,260,3,3,2,8,5,0,0,0,771,2,7,780,992
,4,CAMPECHE,5,SAN FRANCISCO DE CAMPECHE,1,CAMPECHE,90,3,38,168,6,10,16,434,395,7,10,6,104,3,0,0,0,1197,0,12,1209,1814
,4,CAMPECHE,5,SAN FRANCISCO DE CAMPECHE,1,CAMPECHE,91,3,33,215,7,20,15,370,345,10,3,8,11,3,0,0,0,1040,0,18,1058,1789
,4,CAMPECHE,4,SAN FRANCISCO DE CAMPECHE,1,CAMPECHE,92,3,55,322,6,4,11,287,317,4,2,4,5,1,0,0,0,1018,0,18,1036,1223
,4,CAMPECHE,4,SAN FRANCISCO DE CAMPECHE,1,CAMPECHE,93,2,51,233,1,5,8,224,345,1,1,4,8,1,0,0,0,882,0,5,887,1137
,4,CAMPECHE,4,SAN FRANCISCO DE CAMPECHE,1,CAMPECHE,94,2,59,168,6,8,10,307,314,4,3,0,2,4,0,1,0,886,1,14,901,1340
,4,CAMPECHE,4,SAN FRANCISCO DE CAMPECHE,1,CAMPECHE,95,3,45,146,12,20,11,375,253,5,6,3,3,0,0,1,0,880,1,21,902,1582
,4,CAMPECHE,4,SAN FRANCISCO DE CAMPECHE,1,CAMPECHE,96,2,26,160,14,9,5,297,192,4,1,6,8,3,1,0,0,726,0,26,752,1160
,4,CAMPECHE,4,SAN FRANCISCO DE CAMPECHE,1,CAMPECHE,97,2,24,125,10,13,3,300,141,8,3,4,4,4,1,0,0,640,0,24,664,1164
,4,CAMPECHE,4,SAN FRANCISCO DE CAMPECHE,1,CAMPECHE,98,2,24,163,3,5,7,206,199,6,7,2,9,2,1,1,0,635,0,12,647,852
,4,CAMPECHE,5,SAN FRANCISCO DE CAMPECHE,1,CAMPECHE,99,2,32,138,14,13,3,295,230,8,2,5,10,2,0,1,0,753,0,24,777,1269
,4,CAMPECHE,5,SAN FRANCISCO DE CAMPECHE,1,CAMPECHE,100,4,72,322,11,20,22,492,458,9,4,5,23,4,1,0,0,1443,0,26,1469,2346
,4,CAMPECHE,5,SAN FRANCISCO DE CAMPECHE,1,CAMPECHE,101,4,49,304,10,20,11,518,529,7,7,7,10,4,0,0,0,1476,0,21,1497,2509
,4,CAMPECHE,5,SAN FRANCISCO DE CAMPECHE,1,CAMPECHE,102,3,31,299,11,10,11,414,356,5,4,4,14,6,0,1,0,1166,0,32,1198,1741
,4,CAMPECHE,5,SAN FRANCISCO DE CAMPECHE,1,CAMPECHE,103,2,23,173,10,12,10,237,245,6,4,6,3,1,0,0,0,730,0,20,750,1206
,4,CAMPECHE,4,SAN FRANCISCO DE CAMPECHE,1,CAMPECHE,104,2,16,115,1,8,7,226,199,2,2,3,7,3,0,1,0,590,0,13,603,797
,4,CAMPECHE,4,SAN FRANCISCO DE CAMPECHE,1,CAMPECHE,105,10,136,583,25,52,56,1243,897,21,11,11,18,10,0,1,0,3064,0,78,3142,7139
,4,CAMPECHE,4,SAN FRANCISCO DE CAMPECHE,1,CAMPECHE,106,2,34,238,11,11,19,330,303,3,2,3,6,7,0,0,0,967,1,9,977,1320
,4,CAMPECHE,6,SAN FRANCISCO DE CAMPECHE,1,CAMPECHE,107,2,27,120,6,16,7,310,255,9,7,4,7,3,0,0,0,771,0,26,797,1332
,4,CAMPECHE,5,SAN FRANCISCO DE CAMPECHE,1,CAMPECHE,108,5,66,402,6,36,27,588,532,15,12,4,14,9,0,1,0,1712,1,34,1747,3248
,4,CAMPECHE,5,SAN FRANCISCO DE CAMPECHE,1,CAMPECHE,109,4,47,317,8,8,20,504,414,9,3,3,15,8,1,0,0,1357,0,40,1397,2516
,4,CAMPECHE,6,SAN FRANCISCO DE CAMPECHE,1,CAMPECHE,110,2,15,179,7,10,4,413,260,5,5,6,3,2,0,0,0,909,0,20,929,1367
,4,CAMPECHE,5,SAN FRANCISCO DE CAMPECHE,1,CAMPECHE,111,3,31,251,3,18,8,397,346,5,7,1,9,5,1,1,0,1083,0,32,1115,1996
,4,CAMPECHE,6,SAN FRANCISCO DE CAMPECHE,1,CAMPECHE,112,8,80,521,19,26,35,980,773,10,6,13,18,5,0,0,0,2486,1,52,2539,4505
,4,CAMPECHE,6,SAN FRANCISCO DE CAMPECHE,1,CAMPECHE,113,2,17,106,3,10,2,206,199,21,1,6,2,2,0,1,0,576,0,24,600,844
,4,CAMPECHE,6,SAN FRANCISCO DE CAMPECHE,1,CAMPECHE,114,2,15,143,6,7,6,283,292,8,7,13,0,1,0,0,0,781,0,23,804,1239
,4,CAMPECHE,6,SAN FRANCISCO DE CAMPECHE,1,CAMPECHE,115,2,13,111,4,6,4,214,175,3,3,0,3,0,0,1,0,537,0,11,548,914
,4,CAMPECHE,6,SAN FRANCISCO DE CAMPECHE,1,CAMPECHE,116,2,16,193,5,9,1,272,209,6,4,4,5,4,0,0,0,728,0,14,742,1138
,4,CAMPECHE,6,SAN FRANCISCO DE CAMPECHE,1,CAMPECHE,117,3,31,221,23,18,9,391,286,11,5,5,2,5,0,1,0,1008,0,25,1033,1676
,4,CAMPECHE,7,TENABO,1,CAMPECHE,118,2,26,167,3,4,8,203,191,1,5,2,3,9,1,0,0,623,0,24,647,971
,4,CAMPECHE,7,TENABO,1,CAMPECHE,119,1,26,58,1,0,1,88,62,0,95,0,2,2,0,0,0,335,0,9,344,413
,4,CAMPECHE,7,TENABO,1,CAMPECHE,120,2,22,145,4,8,0,227,157,3,53,1,5,1,0,0,0,626,0,19,645,858
,4,CAMPECHE,7,TENABO,1,CAMPECHE,121,2,25,215,3,8,9,172,175,2,19,3,12,5,0,0,0,648,0,22,670,930
,4,CAMPECHE,7,TENABO,1,CAMPECHE,122,3,40,301,4,8,8,426,253,5,4,5,7,1,0,1,0,1063,0,30,1093,1193
,4,CAMPECHE,7,TENABO,1,CAMPECHE,123,2,53,128,7,6,3,123,154,9,5,3,3,3,0,0,0,497,0,24,521,790
,4,CAMPECHE,2,SAN FRANCISCO DE CAMPECHE,1,CAMPECHE,124,7,126,585,10,27,15,1129,557,12,12,4,35,17,0,1,0,2530,0,53,2583,4711
,4,CAMPECHE,3,SAN FRANCISCO DE CAMPECHE,1,CAMPECHE,125,3,50,242,7,21,22,297,314,5,0,9,7,4,0,0,0,978,0,39,1017,1645
,4,CAMPECHE,3,SAN FRANCISCO DE CAMPECHE,1,CAMPECHE,126,3,69,248,11,23,50,370,383,13,5,4,5,6,1,0,0,1188,0,30,1218,2095
,4,CAMPECHE,6,SAN FRANCISCO DE CAMPECHE,1,CAMPECHE,127,2,32,161,5,16,9,212,247,11,4,2,2,4,1,1,0,707,0,15,722,1177
,4,CAMPECHE,2,SAN FRANCISCO DE CAMPECHE,1,CAMPECHE,128,1,6,74,0,5,0,62,34,1,1,1,0,0,0,0,0,184,0,5,189,233
,4,CAMPECHE,6,SAN FRANCISCO DE CAMPECHE,1,CAMPECHE,129,3,34,335,17,17,4,419,352,6,10,5,12,7,0,0,0,1218,0,26,1244,1573
,4,CAMPECHE,6,SAN FRANCISCO DE CAMPECHE,1,CAMPECHE,130,1,43,64,7,3,0,131,66,3,10,1,2,1,0,0,0,331,0,4,335,492
,4,CAMPECHE,6,SAN FRANCISCO DE CAMPECHE,1,CAMPECHE,131,1,22,78,11,2,2,115,53,1,0,0,6,2,0,0,0,292,0,5,297,277
,4,CAMPECHE,6,SAN FRANCISCO DE CAMPECHE,1,CAMPECHE,132,1,6,34,9,3,0,75,39,0,0,0,0,0,0,1,0,167,0,0,167,205
,4,CAMPECHE,6,SAN FRANCISCO DE CAMPECHE,1,CAMPECHE,133,1,19,119,2,4,4,192,83,4,4,2,0,0,0,1,0,434,0,13,447,538
,4,CAMPECHE,6,SAN FRANCISCO DE CAMPECHE,1,CAMPECHE,134,2,11,135,3,3,1,131,49,3,2,0,3,1,0,1,0,343,0,11,354,475
,4,CAMPECHE,6,SAN FRANCISCO DE CAMPECHE,1,CAMPECHE,135,2,28,228,5,11,5,368,104,1,2,0,1,1,0,0,0,754,0,4,758,895
,4,CAMPECHE,6,SAN FRANCISCO DE CAMPECHE,1,CAMPECHE,136,1,7,68,1,11,1,38,39,0,4,0,0,0,0,0,0,169,0,3,172,207
,4,CAMPECHE,6,SAN FRANCISCO DE CAMPECHE,1,CAMPECHE,137,1,3,68,5,4,2,63,32,2,0,1,2,1,0,0,0,183,0,7,190,268
,4,CAMPECHE,6,SAN FRANCISCO DE CAMPECHE,1,CAMPECHE,138,1,7,79,1,3,2,89,256,2,1,0,1,2,0,0,0,443,0,14,457,563
,4,CAMPECHE,6,SAN FRANCISCO DE CAMPECHE,1,CAMPECHE,139,4,45,452,16,16,19,744,365,15,7,4,8,7,0,2,0,1700,5,59,1764,2924
,4,CAMPECHE,6,SAN FRANCISCO DE CAMPECHE,1,CAMPECHE,140,2,14,94,2,10,6,248,112,5,2,3,5,2,0,0,0,503,1,14,518,916
,4,CAMPECHE,6,SAN FRANCISCO DE CAMPECHE,1,CAMPECHE,141,2,9,189,2,5,5,236,181,3,4,2,7,2,0,0,0,645,0,23,668,912
,4,CAMPECHE,6,SAN FRANCISCO DE CAMPECHE,1,CAMPECHE,142,4,69,505,25,46,13,495,569,13,10,1,14,10,0,2,0,1772,0,68,1840,2745
,4,CAMPECHE,6,SAN FRANCISCO DE CAMPECHE,1,CAMPECHE,143,1,13,63,0,8,1,91,103,0,0,1,3,0,0,0,0,283,0,6,289,382
,4,CAMPECHE,6,SAN FRANCISCO DE CAMPECHE,1,CAMPECHE,144,1,2,67,0,4,0,57,54,2,1,2,0,0,0,0,0,189,0,3,192,250
,4,CAMPECHE,6,SAN FRANCISCO DE CAMPECHE,1,CAMPECHE,145,2,18,146,7,7,6,98,202,8,8,1,2,2,0,0,0,505,0,21,526,845
,4,CAMPECHE,6,SAN FRANCISCO DE CAMPECHE,1,CAMPECHE,146,1,34,112,2,5,4,120,115,3,2,2,1,2,0,0,0,402,0,9,411,491
,4,CAMPECHE,17,CALKINI,2,CALKINI,147,3,19,308,11,11,11,436,327,8,40,109,5,1,0,1,0,1287,0,28,1315,1801
,4,CAMPECHE,17,CALKINI,2,CALKINI,148,2,9,245,13,10,10,273,166,10,3,53,7,1,1,0,0,801,0,21,822,1130
,4,CAMPECHE,17,CALKINI,2,CALKINI,149,2,21,214,10,12,21,281,207,3,16,73,4,2,0,0,0,864,0,11,875,1157
,4,CAMPECHE,17,CALKINI,2,CALKINI,150,2,3,185,5,7,4,205,169,3,17,40,6,1,0,0,0,645,0,5,650,794
,4,CAMPECHE,17,CALKINI,2,CALKINI,151,2,18,243,4,1,10,184,139,4,12,37,7,0,0,0,0,659,0,14,673,831
,4,CAMPECHE,17,CALKINI,2,CALKINI,152,2,18,244,12,3,21,189,216,6,33,57,7,0,1,1,0,808,0,17,825,1066
,4,CAMPECHE,17,CALKINI,2,CALKINI,153,2,15,164,9,15,7,266,205,3,8,40,6,0,0,1,0,739,0,12,751,1061
,4,CAMPECHE,17,CALKINI,2,CALKINI,154,3,8,362,10,12,47,331,355,5,21,199,14,0,0,0,0,1364,2,29,1395,1866
,4,CAMPECHE,17,CALKINI,2,CALKINI,155,2,8,287,6,7,21,255,274,12,27,90,7,0,0,1,0,995,0,12,1007,1428
,4,CAMPECHE,17,CALKINI,2,CALKINI,156,2,7,163,1,13,9,180,217,14,22,63,3,0,0,0,0,692,0,18,710,953
,4,CAMPECHE,19,HECELCHAKAN,2,CALKINI,157,2,17,288,2,5,12,231,39,0,9,8,15,3,0,0,0,629,0,13,642,760
,4,CAMPECHE,19,HECELCHAKAN,2,CALKINI,158,2,4,249,33,6,5,222,159,5,9,83,0,3,0,0,0,778,0,19,797,882
,4,CAMPECHE,17,CALKINI,2,CALKINI,159,2,28,167,12,3,3,141,183,3,4,15,7,1,1,1,0,569,0,11,580,823
,4,CAMPECHE,17,CALKINI,2,CALKINI,160,2,50,150,6,2,8,162,214,3,6,12,4,2,0,0,0,619,0,16,635,834
,4,CAMPECHE,17,CALKINI,2,CALKINI,161,2,28,148,5,1,14,166,172,1,4,12,3,3,0,0,0,557,1,18,576,813
,4,CAMPECHE,17,CALKINI,2,CALKINI,162,2,72,173,8,3,18,247,237,9,11,12,5,0,0,2,0,797,0,14,811,1042
,4,CAMPECHE,17,CALKINI,2,CALKINI,163,2,33,142,2,6,14,237,154,1,8,9,6,1,5,2,0,620,0,13,633,829
,4,CAMPECHE,17,CALKINI,2,CALKINI,164,2,27,171,6,4,11,170,216,5,4,15,6,4,1,4,0,644,0,16,660,894
,4,CAMPECHE,19,HECELCHAKAN,2,CALKINI,165,1,48,111,17,0,1,68,27,0,0,0,0,0,0,0,0,272,0,6,278,285
,4,CAMPECHE,19,HECELCHAKAN,2,CALKINI,166,3,13,558,2,17,32,702,318,7,11,25,16,4,0,0,0,1705,1,22,1728,2157
,4,CAMPECHE,19,HECELCHAKAN,2,CALKINI,167,2,15,304,1,16,22,381,266,2,9,10,4,1,0,0,0,1031,0,6,1037,1207
,4,CAMPECHE,19,HECELCHAKAN,2,CALKINI,168,2,7,354,3,2,16,523,178,4,10,12,12,0,1,0,0,1122,0,13,1135,1342
,4,CAMPECHE,17,CALKINI,2,CALKINI,169,3,2,479,4,6,55,266,400,7,9,41,4,2,0,0,0,1275,1,24,1300,1592
,4,CAMPECHE,19,HECELCHAKAN,2,CALKINI,170,2,5,426,2,0,5,307,111,7,4,9,3,0,0,0,0,879,0,13,892,994
,4,CAMPECHE,19,HECELCHAKAN,2,CALKINI,171,1,10,233,0,6,1,248,82,0,12,23,1,2,0,0,0,618,0,5,623,702
,4,CAMPECHE,17,CALKINI,2,CALKINI,172,2,47,302,7,12,6,257,258,3,11,57,1,1,0,1,0,963,0,28,991,1496
,4,CAMPECHE,19,HECELCHAKAN,2,CALKINI,178,1,9,65,19,11,3,69,68,5,1,7,0,1,0,2,0,260,0,9,269,326
,4,CAMPECHE,17,CALKINI,2,CALKINI,179,2,7,387,108,6,21,333,272,11,19,22,0,3,0,0,0,1189,0,27,1216,1487
,4,CAMPECHE,19,HECELCHAKAN,2,CALKINI,181,2,11,223,33,4,10,37,63,6,0,61,2,0,0,0,0,450,0,5,455,537
,4,CAMPECHE,19,HECELCHAKAN,2,CALKINI,182,1,31,48,2,1,0,66,10,0,0,8,1,0,0,0,0,167,0,1,168,180
,4,CAMPECHE,10,CIUDAD DEL CARMEN,3,CARMEN,183,8,136,631,14,40,19,204,1211,10,11,8,17,1,0,0,0,2302,0,49,2351,5590
,4,CAMPECHE,10,CIUDAD DEL CARMEN,3,CARMEN,184,7,105,603,10,35,33,182,1147,9,9,6,12,2,0,0,0,2153,1,41,2195,4962
,4,CAMPECHE,10,CIUDAD DEL CARMEN,3,CARMEN,185,5,26,380,4,26,8,113,774,8,9,13,4,3,0,0,0,1368,0,37,1405,3114
,4,CAMPECHE,10,CIUDAD DEL CARMEN,3,CARMEN,186,2,12,242,2,8,4,54,374,2,2,1,2,1,0,1,0,705,0,22,727,1436
,4,CAMPECHE,9,CIUDAD DEL CARMEN,3,CARMEN,187,3,21,222,5,14,9,79,454,4,7,3,5,3,0,0,0,826,0,28,854,1651
,4,CAMPECHE,9,CIUDAD DEL CARMEN,3,CARMEN,188,3,64,340,2,7,13,55,287,3,4,3,6,1,0,0,0,785,0,18,803,1996
,4,CAMPECHE,9,CIUDAD DEL CARMEN,3,CARMEN,189,2,25,201,2,13,16,92,460,3,3,1,4,1,0,0,0,821,0,27,848,1462
,4,CAMPECHE,9,CIUDAD DEL CARMEN,3,CARMEN,190,2,16,190,6,5,12,77,376,7,8,4,4,1,1,0,0,707,0,12,719,1400
,4,CAMPECHE,10,CIUDAD DEL CARMEN,3,CARMEN,191,3,20,261,6,14,8,116,556,3,4,7,7,1,0,1,0,1004,0,26,1030,2163
,4,CAMPECHE,10,CIUDAD DEL CARMEN,3,CARMEN,192,3,8,201,3,8,8,60,407,0,1,3,5,1,0,1,0,706,0,19,725,1596
,4,CAMPECHE,10,CIUDAD DEL CARMEN,3,CARMEN,193,1,8,95,2,9,4,25,171,3,2,1,0,1,0,0,0,321,0,8,329,612
,4,CAMPECHE,9,CIUDAD DEL CARMEN,3,CARMEN,194,2,19,196,0,4,5,55,410,5,1,8,3,2,0,1,0,709,0,16,725,1366
,4,CAMPECHE,9,CIUDAD DEL CARMEN,3,CARMEN,195,2,11,202,2,10,7,56,380,2,7,2,4,1,0,0,0,684,0,20,704,1311
,4,CAMPECHE,9,CIUDAD DEL CARMEN,3,CARMEN,196,2,10,203,2,6,9,50,405,4,10,4,2,1,0,0,0,706,0,26,732,1393
,4,CAMPECHE,9,CIUDAD DEL CARMEN,3,CARMEN,197,2,23,200,2,6,9,27,352,3,3,1,5,1,0,0,0,632,0,14,646,1198
,4,CAMPECHE,20,PALIZADA,3,CARMEN,199,3,15,194,1,10,7,59,281,1,0,3,4,0,0,0,0,575,0,12,587,1611
,4,CAMPECHE,20,PALIZADA,3,CARMEN,200,2,12,258,1,5,15,59,287,2,2,5,5,0,0,0,0,651,0,15,666,1171
,4,CAMPECHE,9,CIUDAD DEL CARMEN,3,CARMEN,201,2,6,198,6,5,4,52,220,3,4,4,0,3,0,0,0,505,0,11,516,918
,4,CAMPECHE,9,CIUDAD DEL CARMEN,3,CARMEN,202,3,25,361,6,12,15,65,430,5,2,2,4,2,0,0,0,929,0,24,953,1691
,4,CAMPECHE,9,CIUDAD DEL CARMEN,3,CARMEN,203,2,27,232,7,7,17,80,366,11,4,5,6,3,1,1,0,767,0,16,783,1492
,4,CAMPECHE,9,CIUDAD DEL CARMEN,3,CARMEN,204,1,13,95,4,4,4,46,224,0,3,0,3,0,0,0,0,396,0,0,396,709
,4,CAMPECHE,8,CIUDAD DEL CARMEN,3,CARMEN,205,7,59,645,17,34,20,192,1289,8,7,11,16,6,0,2,0,2306,0,77,2383,5033
,4,CAMPECHE,10,CIUDAD DEL CARMEN,3,CARMEN,206,5,59,508,8,16,20,131,863,4,4,12,14,1,0,5,0,1645,0,22,1667,3098
,4,CAMPECHE,9,CIUDAD DEL CARMEN,3,CARMEN,207,3,34,263,4,6,7,76,423,4,3,12,11,2,0,0,0,845,1,28,874,1687
,4,CAMPECHE,9,CIUDAD DEL CARMEN,3,CARMEN,208,3,38,237,3,11,10,78,469,9,1,9,2,1,0,1,0,869,0,10,879,1546
,4,CAMPECHE,9,CIUDAD DEL CARMEN,3,CARMEN,209,2,37,263,2,12,10,62,457,3,2,5,6,2,0,0,0,861,0,18,879,1458
,4,CAMPECHE,9,CIUDAD DEL CARMEN,3,CARMEN,210,3,27,331,3,6,18,87,396,6,9,6,5,0,0,0,0,894,0,16,910,1607
,4,CAMPECHE,20,PALIZADA,3,CARMEN,211,2,11,283,1,12,15,56,402,1,1,9,7,3,0,0,0,801,0,25,826,1478
,4,CAMPECHE,9,CIUDAD DEL CARMEN,3,CARMEN,212,2,14,172,3,7,4,26,213,1,1,4,7,1,0,0,0,453,0,14,467,777
,4,CAMPECHE,9,CIUDAD DEL CARMEN,3,CARMEN,213,2,20,141,2,12,10,35,275,7,0,4,7,1,0,1,0,515,0,1,516,896
,4,CAMPECHE,20,PALIZADA,3,CARMEN,214,2,19,264,2,11,4,57,305,1,2,4,13,1,1,0,0,684,0,11,695,1179
,4,CAMPECHE,20,PALIZADA,3,CARMEN,215,1,5,65,0,2,1,13,115,4,2,1,4,0,0,0,0,212,0,2,214,400
,4,CAMPECHE,20,PALIZADA,3,CARMEN,216,3,25,206,4,9,12,61,312,1,2,1,4,0,1,0,0,638,0,21,659,881
,4,CAMPECHE,9,CIUDAD DEL CARMEN,3,CARMEN,217,2,25,200,10,11,25,61,375,1,5,3,5,4,0,0,0,725,0,26,751,1266
,4,CAMPECHE,9,CIUDAD DEL CARMEN,3,CARMEN,218,3,43,192,1,11,21,50,347,4,3,1,5,1,0,0,0,679,0,16,695,1177
,4,CAMPECHE,9,CIUDAD DEL CARMEN,3,CARMEN,219,1,16,88,0,6,6,24,158,1,0,0,3,0,0,0,0,302,1,6,309,466
,4,CAMPECHE,8,CIUDAD DEL CARMEN,3,CARMEN,220,1,17,102,2,3,11,39,258,8,0,3,3,2,0,0,0,448,0,6,454,734
,4,CAMPECHE,20,PALIZADA,3,CARMEN,221,1,12,156,1,7,7,37,204,1,2,1,0,0,0,0,0,428,0,13,441,716
,4,CAMPECHE,20,PALIZADA,3,CARMEN,222,1,14,90,1,3,2,42,134,4,1,1,2,0,0,0,0,294,0,2,296,524
,4,CAMPECHE,20,PALIZADA,3,CARMEN,223,1,15,124,4,4,8,54,214,5,1,3,4,0,0,0,0,436,0,10,446,732
,4,CAMPECHE,20,PALIZADA,3,CARMEN,224,2,6,194,11,10,8,81,323,5,7,1,2,0,0,3,0,651,0,11,662,1227
,4,CAMPECHE,20,PALIZADA,3,CARMEN,225,2,16,219,3,6,7,70,337,3,2,7,3,0,0,0,0,673,0,18,691,1177
,4,CAMPECHE,9,CIUDAD DEL CARMEN,3,CARMEN,226,2,23,166,2,9,11,42,355,2,1,1,2,0,0,0,0,614,1,8,623,1149
,4,CAMPECHE,9,CIUDAD DEL CARMEN,3,CARMEN,227,2,13,190,6,13,7,72,404,5,2,5,3,2,0,1,0,723,0,18,741,1400
,4,CAMPECHE,9,CIUDAD DEL CARMEN,3,CARMEN,228,3,8,59,3,1,2,25,149,1,1,4,1,1,0,0,0,255,0,4,259,991
,4,CAMPECHE,11,CIUDAD DEL CARMEN,3,CARMEN,230,9,48,681,10,66,48,254,1402,7,15,9,13,5,0,0,0,2558,0,59,2617,6629
,4,CAMPECHE,10,CIUDAD DEL CARMEN,3,CARMEN,231,4,23,262,5,40,11,82,617,3,5,2,4,2,0,0,0,1056,0,22,1078,2307
,4,CAMPECHE,8,CIUDAD DEL CARMEN,3,CARMEN,232,3,41,268,5,10,13,85,549,4,2,7,7,4,0,0,0,995,0,25,1020,1962
,4,CAMPECHE,8,CIUDAD DEL CARMEN,3,CARMEN,233,3,21,313,2,15,20,95,566,13,6,3,9,1,0,1,0,1065,0,35,1100,1906
,4,CAMPECHE,8,CIUDAD DEL CARMEN,3,CARMEN,234,3,30,262,5,8,12,102,553,9,7,1,17,0,0,0,0,1006,0,28,1034,1947
,4,CAMPECHE,8,CIUDAD DEL CARMEN,3,CARMEN,235,2,31,161,7,15,10,27,420,8,4,5,1,3,0,0,0,692,1,10,703,1336
,4,CAMPECHE,8,CIUDAD DEL CARMEN,3,CARMEN,236,2,15,192,2,10,6,66,403,3,8,5,6,5,0,0,0,721,0,38,759,1488
,4,CAMPECHE,8,CIUDAD DEL CARMEN,3,CARMEN,237,2,9,99,1,6,4,38,144,2,0,0,3,2,0,0,0,308,0,6,314,1153
,4,CAMPECHE,20,PALIZADA,3,CARMEN,239,2,9,165,2,7,5,29,248,3,10,2,9,2,0,0,0,491,0,14,505,920
,4,CAMPECHE,8,CIUDAD DEL CARMEN,3,CARMEN,240,3,15,258,8,10,6,61,392,2,7,2,9,3,1,0,0,774,0,25,799,1636
,4,CAMPECHE,8,CIUDAD DEL CARMEN,3,CARMEN,241,3,21,222,2,13,10,61,351,6,9,1,5,1,0,1,0,703,1,30,734,1562
,4,CAMPECHE,8,CIUDAD DEL CARMEN,3,CARMEN,242,2,10,175,4,12,12,61,391,5,3,2,4,3,0,0,0,682,0,19,701,1475
,4,CAMPECHE,8,CIUDAD DEL CARMEN,3,CARMEN,243,4,29,296,12,10,13,101,616,8,10,3,3,2,0,2,0,1105,2,25,1132,2370
,4,CAMPECHE,11,CIUDAD DEL CARMEN,3,CARMEN,244,12,51,821,9,59,30,381,1852,15,21,16,104,4,1,0,0,3364,2,95,3461,8402
,4,CAMPECHE,8,CIUDAD DEL CARMEN,3,CARMEN,245,3,22,214,6,10,3,72,450,6,8,1,11,3,1,0,0,807,0,29,836,1609
,4,CAMPECHE,8,CIUDAD DEL CARMEN,3,CARMEN,246,2,23,224,5,11,11,60,346,2,4,4,5,4,2,1,0,702,0,26,728,1422
,4,CAMPECHE,8,CIUDAD DEL CARMEN,3,CARMEN,247,2,12,175,6,12,1,58,358,4,2,2,11,6,0,2,0,649,0,29,678,1434
,4,CAMPECHE,8,CIUDAD DEL CARMEN,3,CARMEN,248,2,9,202,4,16,7,40,344,6,3,2,8,8,0,0,0,649,1,23,673,1262
,4,CAMPECHE,8,CIUDAD DEL CARMEN,3,CARMEN,249,5,33,377,3,16,12,138,495,4,10,5,11,8,0,0,0,1112,0,49,1161,3257
,4,CAMPECHE,12,SABANCUY,3,CARMEN,250,3,22,411,6,26,5,379,417,11,16,8,15,11,1,1,0,1329,0,63,1392,2076
,4,CAMPECHE,12,SABANCUY,3,CARMEN,251,2,22,238,3,10,3,169,278,6,2,7,5,2,0,1,0,746,0,27,773,1065
,4,CAMPECHE,12,SABANCUY,3,CARMEN,252,2,14,270,0,14,3,163,258,4,4,1,6,1,0,0,0,738,0,32,770,1027
,4,CAMPECHE,12,SABANCUY,3,CARMEN,253,3,22,378,4,12,4,172,433,4,13,4,13,5,0,0,0,1064,0,48,1112,1729
,4,CAMPECHE,12,SABANCUY,3,CARMEN,254,1,0,159,1,2,6,27,307,3,4,6,6,2,0,0,0,523,0,17,540,683
,4,CAMPECHE,12,SABANCUY,3,CARMEN,255,1,5,129,0,2,8,76,226,6,5,2,0,0,0,0,0,459,0,10,469,591
,4,CAMPECHE,12,SABANCUY,3,CARMEN,256,4,12,345,9,13,10,114,668,13,16,3,15,4,1,0,0,1223,0,52,1275,2364
,4,CAMPECHE,12,SABANCUY,3,CARMEN,257,5,8,474,11,17,17,144,862,10,35,6,27,3,0,1,0,1615,0,34,1649,3253
,4,CAMPECHE,12,SABANCUY,3,CARMEN,258,2,6,266,0,8,2,216,340,13,12,5,2,11,0,0,0,881,0,19,900,1422
,4,CAMPECHE,12,SABANCUY,3,CARMEN,259,2,11,245,13,6,11,226,284,10,8,15,0,0,0,0,0,829,0,9,838,1384
,4,CAMPECHE,12,SABANCUY,3,CARMEN,260,2,7,104,12,6,0,80,207,5,3,12,7,2,0,0,0,445,0,8,453,755
,4,CAMPECHE,12,SABANCUY,3,CARMEN,261,2,4,198,7,2,4,153,375,12,21,14,8,0,0,0,0,798,0,26,824,1266
,4,CAMPECHE,12,SABANCUY,3,CARMEN,262,3,16,334,5,11,10,208,460,8,11,5,8,8,0,2,0,1086,0,34,1120,1590
,4,CAMPECHE,20,PALIZADA,3,CARMEN,263,2,11,268,25,34,8,80,268,2,6,0,12,3,0,3,0,720,0,18,738,1072
,4,CAMPECHE,20,PALIZADA,3,CARMEN,264,2,1,103,9,8,4,84,179,2,3,0,2,0,0,2,0,397,0,14,411,533
,4,CAMPECHE,20,PALIZADA,3,CARMEN,265,3,3,301,18,81,20,258,533,10,23,6,12,1,0,0,0,1266,0,42,1308,2237
,4,CAMPECHE,20,PALIZADA,3,CARMEN,266,3,3,300,13,74,17,215,509,6,10,1,3,2,4,0,0,1157,0,35,1192,1856
,4,CAMPECHE,20,PALIZADA,3,CARMEN,267,5,25,921,10,46,14,423,917,15,22,13,23,4,0,2,0,2435,0,65,2500,3599
,4,CAMPECHE,20,PALIZADA,3,CARMEN,268,3,10,418,3,27,42,257,720,10,4,1,8,3,0,0,0,1503,0,44,1547,2132
,4,CAMPECHE,20,PALIZADA,3,CARMEN,269,2,1,154,2,5,8,60,282,2,3,2,1,1,0,0,0,521,0,22,543,857
,4,CAMPECHE,12,SABANCUY,3,CARMEN,270,1,4,65,11,8,0,7,75,1,1,2,1,2,0,0,0,177,0,11,188,291
,4,CAMPECHE,12,SABANCUY,3,CARMEN,271,2,11,172,1,7,1,33,192,2,3,3,7,3,0,0,0,435,0,17,452,759
,4,CAMPECHE,12,SABANCUY,3,CARMEN,272,1,8,86,18,13,0,75,106,1,1,0,4,2,0,0,0,314,0,13,327,132
,4,CAMPECHE,12,SABANCUY,3,CARMEN,284,1,10,124,2,0,0,2,37,6,0,0,2,7,1,0,0,191,0,5,196,310
,4,CAMPECHE,12,SABANCUY,3,CARMEN,472,2,27,154,33,27,0,143,230,4,3,0,9,1,0,0,0,631,0,29,660,1062
,4,CAMPECHE,12,SABANCUY,3,CARMEN,473,2,11,184,49,71,2,79,243,4,3,2,4,0,0,0,0,652,1,30,683,982
,4,CAMPECHE,12,SABANCUY,3,CARMEN,474,1,18,110,4,14,0,6,54,1,3,0,0,0,0,0,0,210,0,5,215,291
,4,CAMPECHE,12,SABANCUY,3,CARMEN,478,2,35,228,16,21,8,111,300,3,4,3,7,7,0,0,0,743,0,24,767,1303
,4,CAMPECHE,12,SABANCUY,3,CARMEN,479,1,10,121,9,26,0,60,136,2,1,4,4,1,0,0,0,374,0,15,389,544
,4,CAMPECHE,12,SABANCUY,3,CARMEN,483,1,2,87,6,22,0,16,69,3,5,0,2,0,0,1,0,213,0,5,218,349
,4,CAMPECHE,12,SABANCUY,3,CARMEN,484,2,47,147,15,23,3,53,166,5,5,1,2,3,0,0,0,470,0,20,490,1458
,4,CAMPECHE,12,SABANCUY,3,CARMEN,486,3,12,337,7,5,5,174,318,14,12,6,12,6,0,0,0,908,0,35,943,1618
,4,CAMPECHE,12,SABANCUY,3,CARMEN,487,2,89,154,2,5,1,72,201,4,9,1,9,4,1,0,0,552,0,27,579,831
,4,CAMPECHE,12,SABANCUY,3,CARMEN,488,1,59,40,3,2,0,54,118,7,1,2,3,4,0,0,0,293,0,9,302,473
,4,CAMPECHE,12,SABANCUY,3,CARMEN,491,3,66,282,4,14,8,99,504,5,5,5,8,1,1,1,0,1003,0,12,1015,1732
,4,CAMPECHE,12,SABANCUY,3,CARMEN,492,3,70,207,3,6,15,97,434,1,4,7,5,0,0,0,0,849,0,10,859,1741
,4,CAMPECHE,10,CIUDAD DEL CARMEN,3,CARMEN,493,2,24,141,0,13,14,49,288,2,1,6,3,3,0,0,0,544,0,10,554,856
,4,CAMPECHE,10,CIUDAD DEL CARMEN,3,CARMEN,494,1,33,95,0,4,11,48,216,5,1,1,0,0,0,0,0,414,0,3,417,695
,4,CAMPECHE,10,CIUDAD DEL CARMEN,3,CARMEN,495,1,10,105,0,5,9,22,163,1,2,0,4,0,0,0,0,321,0,5,326,569
,4,CAMPECHE,10,CIUDAD DEL CARMEN,3,CARMEN,496,1,2,76,1,16,4,33,149,2,4,2,1,0,0,0,0,290,0,8,298,563
,4,CAMPECHE,11,CIUDAD DEL CARMEN,3,CARMEN,497,1,16,96,0,6,7,21,141,1,0,2,1,1,0,0,0,292,0,5,297,462
,4,CAMPECHE,11,CIUDAD DEL CARMEN,3,CARMEN,498,1,7,115,1,7,6,46,210,1,3,0,4,2,0,0,0,402,0,7,409,733
,4,CAMPECHE,11,CIUDAD DEL CARMEN,3,CARMEN,499,1,20,109,2,1,4,31,156,1,1,2,2,0,0,0,0,329,0,4,333,508
,4,CAMPECHE,11,CIUDAD DEL CARMEN,3,CARMEN,500,1,37,88,1,2,8,27,157,1,3,1,2,0,0,0,0,327,0,2,329,533
,4,CAMPECHE,11,CIUDAD DEL CARMEN,3,CARMEN,501,1,11,56,1,3,8,24,143,2,0,1,2,2,0,0,0,253,0,5,258,439
,4,CAMPECHE,10,CIUDAD DEL CARMEN,3,CARMEN,502,2,16,129,2,5,14,47,295,4,3,3,6,2,0,0,0,526,1,7,534,957
,4,CAMPECHE,10,CIUDAD DEL CARMEN,3,CARMEN,503,1,28,140,2,8,10,38,212,4,0,4,4,1,0,0,0,451,1,4,456,716
,4,CAMPECHE,11,CIUDAD DEL CARMEN,3,CARMEN,504,3,75,247,10,7,21,80,513,1,9,7,4,1,0,0,0,975,0,16,991,1703
,4,CAMPECHE,11,CIUDAD DEL CARMEN,3,CARMEN,505,1,10,102,0,2,2,27,120,2,1,3,0,0,0,0,0,269,0,5,274,466
,4,CAMPECHE,10,CIUDAD DEL CARMEN,3,CARMEN,506,1,34,102,1,4,2,43,190,1,1,0,1,0,0,0,0,379,0,5,384,693
,4,CAMPECHE,11,CIUDAD DEL CARMEN,3,CARMEN,507,1,12,65,0,0,5,26,159,0,11,4,2,0,0,0,0,284,0,2,286,473
,4,CAMPECHE,11,CIUDAD DEL CARMEN,3,CARMEN,508,1,3,85,1,5,6,23,140,6,0,3,3,0,0,0,0,275,0,5,280,450
,4,CAMPECHE,11,CIUDAD DEL CARMEN,3,CARMEN,509,3,18,197,6,13,14,108,525,3,5,3,3,1,0,0,0,896,0,8,904,2108
,4,CAMPECHE,11,CIUDAD DEL CARMEN,3,CARMEN,510,1,9,72,1,6,9,31,170,2,2,2,6,1,0,0,0,311,0,6,317,566
,4,CAMPECHE,11,CIUDAD DEL CARMEN,3,CARMEN,511,2,11,74,2,5,7,52,245,3,7,3,3,0,0,0,0,412,0,8,420,920
,4,CAMPECHE,11,CIUDAD DEL CARMEN,3,CARMEN,512,1,9,80,5,4,5,29,112,1,2,1,3,0,0,0,0,251,0,2,253,445
,4,CAMPECHE,11,CIUDAD DEL CARMEN,3,CARMEN,513,1,5,64,2,4,0,26,127,1,6,1,0,1,0,0,0,237,0,2,239,529
,4,CAMPECHE,11,CIUDAD DEL CARMEN,3,CARMEN,514,1,3,61,0,3,6,25,145,3,0,0,2,0,0,0,0,248,1,4,253,493
,4,CAMPECHE,11,CIUDAD DEL CARMEN,3,CARMEN,515,2,4,77,1,5,3,51,210,5,4,4,1,0,0,0,0,365,0,6,371,812
,4,CAMPECHE,11,CIUDAD DEL CARMEN,3,CARMEN,516,1,4,45,1,1,2,30,147,1,4,2,3,0,0,0,0,240,0,6,246,539
,4,CAMPECHE,11,CIUDAD DEL CARMEN,3,CARMEN,517,2,10,129,1,2,3,64,281,2,5,1,0,0,0,0,0,498,0,10,508,1102
,4,CAMPECHE,11,CIUDAD DEL CARMEN,3,CARMEN,518,1,11,57,2,2,2,27,113,3,2,1,3,1,0,0,0,224,0,3,227,493
,4,CAMPECHE,11,CIUDAD DEL CARMEN,3,CARMEN,519,1,5,58,1,5,2,31,135,2,4,0,1,0,0,0,0,244,0,8,252,500
,4,CAMPECHE,11,CIUDAD DEL CARMEN,3,CARMEN,520,1,3,72,1,9,4,54,169,0,1,1,0,0,0,0,0,314,0,1,315,666
,4,CAMPECHE,11,CIUDAD DEL CARMEN,3,CARMEN,521,1,8,78,0,3,6,23,177,0,3,2,1,1,0,0,0,302,0,7,309,500
,4,CAMPECHE,11,CIUDAD DEL CARMEN,3,CARMEN,522,1,2,74,4,4,4,38,141,1,3,1,0,0,0,0,0,272,0,6,278,564
,4,CAMPECHE,11,CIUDAD DEL CARMEN,3,CARMEN,523,1,1,61,1,2,3,20,122,0,1,0,4,0,0,0,0,215,0,5,220,475
,4,CAMPECHE,11,CIUDAD DEL CARMEN,3,CARMEN,524,1,5,90,0,5,1,15,100,1,1,0,3,0,0,0,0,221,0,4,225,416
,4,CAMPECHE,11,CIUDAD DEL CARMEN,3,CARMEN,525,1,0,45,0,6,2,18,119,0,1,0,0,0,0,0,0,191,0,5,196,400
,4,CAMPECHE,11,CIUDAD DEL CARMEN,3,CARMEN,526,1,2,49,0,4,1,22,100,0,0,1,1,0,0,0,0,180,0,4,184,387
,4,CAMPECHE,11,CIUDAD DEL CARMEN,3,CARMEN,527,1,3,46,1,2,1,12,88,0,1,0,1,0,0,0,0,155,0,7,162,359
,4,CAMPECHE,15,CHAMPOTON,4,CHAMPOTON,303,2,10,167,6,29,3,100,210,2,3,2,13,3,0,0,0,548,0,15,563,797
,4,CAMPECHE,15,CHAMPOTON,4,CHAMPOTON,304,2,10,172,0,21,3,109,169,2,2,1,14,1,0,1,0,505,0,11,516,763
,4,CAMPECHE,15,CHAMPOTON,4,CHAMPOTON,305,2,5,194,2,17,10,161,246,1,3,0,12,2,0,1,0,654,0,26,680,1170
,4,CAMPECHE,15,CHAMPOTON,4,CHAMPOTON,306,3,16,227,14,54,6,247,303,0,10,0,11,2,0,1,0,891,0,32,923,1523
,4,CAMPECHE,15,CHAMPOTON,4,CHAMPOTON,307,2,3,199,2,27,25,133,187,0,2,1,6,1,0,0,0,586,0,16,602,842
,4,CAMPECHE,15,CHAMPOTON,4,CHAMPOTON,308,2,9,163,3,13,4,79,111,2,2,0,4,0,0,0,0,390,1,4,395,451
,4,CAMPECHE,15,CHAMPOTON,4,CHAMPOTON,309,1,13,154,1,17,3,43,162,0,2,2,9,5,0,0,0,411,0,12,423,630
,4,CAMPECHE,15,CHAMPOTON,4,CHAMPOTON,310,2,30,223,2,25,1,110,238,2,1,0,7,3,0,1,0,643,0,13,656,908
,4,CAMPECHE,15,CHAMPOTON,4,CHAMPOTON,311,1,4,190,4,33,0,80,161,2,2,5,8,0,0,0,0,489,0,8,497,692
,4,CAMPECHE,15,CHAMPOTON,4,CHAMPOTON,312,3,20,331,9,85,12,241,331,5,11,1,9,4,0,0,0,1059,0,36,1095,2109
,4,CAMPECHE,15,CHAMPOTON,4,CHAMPOTON,313,2,8,162,4,56,7,190,229,5,11,1,6,1,0,0,0,680,0,23,703,1398
,4,CAMPECHE,15,CHAMPOTON,4,CHAMPOTON,314,2,9,182,3,56,5,192,208,2,1,1,7,0,0,2,0,668,0,17,685,1093
,4,CAMPECHE,15,CHAMPOTON,4,CHAMPOTON,315,2,11,188,4,98,6,154,285,5,10,1,6,1,0,1,0,770,0,27,797,1376
,4,CAMPECHE,15,CHAMPOTON,4,CHAMPOTON,316,3,9,265,2,90,7,183,251,6,18,5,17,2,0,0,0,855,0,37,892,1650
,4,CAMPECHE,15,CHAMPOTON,4,CHAMPOTON,317,4,9,257,4,114,8,313,386,2,20,6,10,3,0,0,0,1132,0,46,1178,2257
,4,CAMPECHE,15,CHAMPOTON,4,CHAMPOTON,318,3,18,263,8,68,8,266,336,3,16,1,13,1,0,0,0,1001,0,17,1018,1676
,4,CAMPECHE,15,CHAMPOTON,4,CHAMPOTON,319,9,87,843,22,231,18,645,1002,13,25,1,42,13,0,3,0,2945,2,110,3057,6214
,4,CAMPECHE,16,SEYBAPLAYA,4,CHAMPOTON,329,2,7,245,4,25,3,143,170,12,18,1,10,0,0,0,0,638,0,32,670,892
,4,CAMPECHE,16,SEYBAPLAYA,4,CHAMPOTON,330,2,5,255,1,3,7,113,363,6,9,2,14,1,0,0,0,779,0,15,794,1080
,4,CAMPECHE,16,SEYBAPLAYA,4,CHAMPOTON,332,1,2,110,3,5,2,81,130,1,0,1,2,0,0,0,0,337,0,9,346,508
,4,CAMPECHE,16,SEYBAPLAYA,4,CHAMPOTON,333,2,6,255,6,37,8,181,241,8,6,5,7,1,0,2,0,763,0,25,788,1193
,4,CAMPECHE,16,SEYBAPLAYA,4,CHAMPOTON,334,4,6,251,5,15,4,117,342,12,17,2,3,0,1,0,0,775,0,18,793,1077
,4,CAMPECHE,16,SEYBAPLAYA,4,CHAMPOTON,335,2,0,135,1,13,8,97,235,7,3,1,9,4,0,0,0,513,1,8,522,765
,4,CAMPECHE,16,SEYBAPLAYA,4,CHAMPOTON,336,2,16,208,4,26,4,80,161,7,3,1,11,3,0,2,0,526,0,23,549,918
,4,CAMPECHE,16,SEYBAPLAYA,4,CHAMPOTON,337,2,2,185,3,13,0,73,272,9,7,6,4,2,0,0,0,576,0,16,592,865
,4,CAMPECHE,15,CHAMPOTON,4,CHAMPOTON,338,1,3,50,8,6,4,31,61,2,1,0,1,0,0,0,0,167,0,2,169,231
,4,CAMPECHE,16,SEYBAPLAYA,4,CHAMPOTON,339,1,5,172,1,11,2,47,170,1,3,1,10,0,0,0,0,423,0,13,436,635
,4,CAMPECHE,16,SEYBAPLAYA,4,CHAMPOTON,340,4,35,368,8,25,8,326,508,17,9,5,2,3,0,2,0,1316,0,43,1359,2214
,4,CAMPECHE,15,CHAMPOTON,4,CHAMPOTON,341,2,25,259,2,111,7,145,314,6,7,0,11,4,0,0,0,891,0,25,916,1342
,4,CAMPECHE,16,SEYBAPLAYA,4,CHAMPOTON,342,2,1,299,9,53,1,273,242,5,7,0,4,2,0,0,0,896,0,14,910,1211
,4,CAMPECHE,16,SEYBAPLAYA,4,CHAMPOTON,343,2,9,249,0,25,0,164,276,2,6,3,6,0,0,0,0,740,0,24,764,1079
,4,CAMPECHE,15,CHAMPOTON,4,CHAMPOTON,344,1,20,120,3,6,2,63,234,9,7,1,5,0,0,0,0,470,0,9,479,699
,4,CAMPECHE,15,CHAMPOTON,4,CHAMPOTON,345,2,31,109,8,11,6,110,205,5,6,3,2,4,0,1,0,501,0,13,514,910
,4,CAMPECHE,15,CHAMPOTON,4,CHAMPOTON,346,2,56,87,7,9,3,133,231,13,9,0,4,1,0,0,0,553,0,18,571,1034
,4,CAMPECHE,16,SEYBAPLAYA,4,CHAMPOTON,347,3,10,332,4,8,6,208,382,9,8,5,5,4,0,0,0,981,0,15,996,1438
,4,CAMPECHE,16,SEYBAPLAYA,4,CHAMPOTON,348,2,11,135,5,3,2,65,221,11,9,3,1,0,0,0,0,466,0,24,490,776
,4,CAMPECHE,15,CHAMPOTON,4,CHAMPOTON,349,2,151,166,6,5,2,109,344,11,4,2,11,2,0,1,0,814,0,20,834,1179
,4,CAMPECHE,15,CHAMPOTON,4,CHAMPOTON,350,3,55,337,13,6,3,149,467,14,20,5,9,0,0,0,0,1078,0,27,1105,1521
,4,CAMPECHE,15,CHAMPOTON,4,CHAMPOTON,351,1,33,105,1,5,0,123,106,2,2,1,1,6,0,0,0,385,0,8,393,515
,4,CAMPECHE,16,SEYBAPLAYA,4,CHAMPOTON,352,1,7,133,5,13,1,152,120,1,6,2,3,0,0,0,0,443,0,4,447,631
,4,CAMPECHE,15,CHAMPOTON,4,CHAMPOTON,353,1,15,121,3,1,0,59,84,2,4,0,1,0,0,0,0,290,0,6,296,396
,4,CAMPECHE,16,SEYBAPLAYA,4,CHAMPOTON,354,1,17,176,6,14,4,115,148,4,5,0,3,2,0,0,0,494,0,24,518,738
,4,CAMPECHE,15,CHAMPOTON,4,CHAMPOTON,355,1,11,92,6,0,3,28,81,1,3,0,0,1,0,0,0,226,0,3,229,272
,4,CAMPECHE,16,SEYBAPLAYA,4,CHAMPOTON,528,1,6,105,1,9,0,102,103,5,8,2,1,3,0,0,0,345,0,10,355,592
,4,CAMPECHE,16,SEYBAPLAYA,4,CHAMPOTON,529,2,3,101,1,11,3,128,234,10,13,2,3,0,0,0,0,509,0,24,533,870
,4,CAMPECHE,16,SEYBAPLAYA,4,CHAMPOTON,530,1,21,38,10,3,0,38,67,2,4,1,0,3,1,1,0,189,0,12,201,257
,4,CAMPECHE,16,SEYBAPLAYA,4,CHAMPOTON,538,5,63,514,17,205,8,324,488,15,20,4,13,6,2,4,0,1683,0,94,1777,3092
,4,CAMPECHE,16,SEYBAPLAYA,4,CHAMPOTON,539,2,9,258,1,6,2,108,478,1,2,2,15,0,0,0,0,882,0,16,898,1102
,4,CAMPECHE,19,HECELCHAKAN,5,HECELCHAKAN,363,3,26,467,4,320,11,369,98,6,3,43,7,3,0,0,28,1385,1,33,1419,2004
,4,CAMPECHE,19,HECELCHAKAN,5,HECELCHAKAN,364,3,17,462,3,354,15,390,149,10,5,45,11,2,0,0,46,1509,6,36,1551,2145
,4,CAMPECHE,19,HECELCHAKAN,5,HECELCHAKAN,365,2,6,197,0,248,1,155,63,5,8,20,5,0,0,0,16,724,0,20,744,956
,4,CAMPECHE,19,HECELCHAKAN,5,HECELCHAKAN,366,2,16,284,3,182,0,237,91,9,4,26,0,2,0,1,17,872,0,26,898,1214
,4,CAMPECHE,19,HECELCHAKAN,5,HECELCHAKAN,367,2,8,262,0,251,2,235,77,5,5,20,4,2,0,0,24,895,0,10,905,1245
,4,CAMPECHE,19,HECELCHAKAN,5,HECELCHAKAN,368,2,6,278,1,242,6,208,92,2,6,18,6,0,0,0,26,891,0,15,906,1199
,4,CAMPECHE,19,HECELCHAKAN,5,HECELCHAKAN,369,2,71,271,0,1,2,267,97,2,4,3,0,0,0,0,3,721,0,2,723,782
,4,CAMPECHE,19,HECELCHAKAN,5,HECELCHAKAN,370,2,3,544,2,94,1,407,94,4,2,1,3,0,0,0,9,1164,2,15,1181,1380
,4,CAMPECHE,19,HECELCHAKAN,5,HECELCHAKAN,371,2,5,314,5,44,0,352,20,1,3,4,1,1,0,4,69,823,0,14,837,947
,4,CAMPECHE,19,HECELCHAKAN,5,HECELCHAKAN,372,2,44,520,1,55,0,555,55,26,2,13,2,0,0,1,7,1281,0,26,1307,1483
,4,CAMPECHE,19,HECELCHAKAN,5,HECELCHAKAN,373,2,31,274,0,152,2,289,133,3,1,4,1,0,0,1,8,899,0,9,908,1004
,4,CAMPECHE,19,HECELCHAKAN,5,HECELCHAKAN,374,1,18,84,1,10,3,121,29,0,4,6,0,1,0,0,3,280,1,7,288,354
,4,CAMPECHE,19,HECELCHAKAN,5,HECELCHAKAN,375,3,117,217,1,134,1,467,153,24,3,16,4,1,1,0,20,1159,0,39,1198,1593
,4,CAMPECHE,19,HECELCHAKAN,5,HECELCHAKAN,376,3,52,180,10,149,1,399,205,58,17,23,2,3,0,0,26,1125,0,29,1154,1534
,4,CAMPECHE,19,HECELCHAKAN,5,HECELCHAKAN,377,2,41,170,3,124,0,309,147,25,8,12,5,1,0,0,9,854,0,20,874,1153
,4,CAMPECHE,19,HECELCHAKAN,5,HECELCHAKAN,378,2,51,187,3,114,6,417,140,27,32,14,1,1,0,0,11,1004,0,26,1030,1460
,4,CAMPECHE,19,HECELCHAKAN,5,HECELCHAKAN,379,2,70,212,3,88,5,381,116,20,32,13,1,2,0,0,13,956,0,22,978,1325
,4,CAMPECHE,19,HECELCHAKAN,5,HECELCHAKAN,380,3,2,248,1,11,0,289,19,12,0,3,1,0,0,0,13,599,0,0,599,1587
,4,CAMPECHE,18,HOPELCHEN,6,HOPELCHEN,381,3,20,527,11,173,6,263,195,1,5,1,7,4,0,0,0,1213,0,21,1234,1888
,4,CAMPECHE,18,HOPELCHEN,6,HOPELCHEN,382,5,34,722,16,118,3,339,323,3,5,2,16,2,0,0,0,1583,0,33,1616,3179
,4,CAMPECHE,18,HOPELCHEN,6,HOPELCHEN,383,2,21,376,10,99,10,127,120,0,1,0,9,2,0,0,0,775,0,17,792,1015
,4,CAMPECHE,18,HOPELCHEN,6,HOPELCHEN,384,2,15,345,8,101,3,161,123,3,0,2,11,4,1,0,0,777,0,18,795,990
,4,CAMPECHE,18,HOPELCHEN,6,HOPELCHEN,385,1,0,157,5,2,0,171,16,0,0,1,0,0,0,0,0,352,0,0,352,369
,4,CAMPECHE,18,HOPELCHEN,6,HOPELCHEN,386,1,2,104,1,1,2,106,44,2,0,0,0,0,0,0,0,262,0,1,263,414
,4,CAMPECHE,18,HOPELCHEN,6,HOPELCHEN,387,1,6,152,7,1,1,74,44,4,0,0,1,0,0,0,0,290,0,1,291,304
,4,CAMPECHE,18,HOPELCHEN,6,HOPELCHEN,388,4,21,529,60,67,7,622,403,8,19,3,10,4,1,1,0,1755,0,30,1785,2337
,4,CAMPECHE,18,HOPELCHEN,6,HOPELCHEN,389,2,14,276,12,14,5,288,164,2,5,2,2,1,0,0,0,785,0,11,796,1148
,4,CAMPECHE,18,HOPELCHEN,6,HOPELCHEN,390,1,4,133,0,2,0,22,160,0,2,1,0,0,0,0,0,324,0,3,327,357
,4,CAMPECHE,18,HOPELCHEN,6,HOPELCHEN,391,1,11,95,7,13,1,36,103,7,0,2,0,0,0,0,0,275,0,5,280,341
,4,CAMPECHE,18,HOPELCHEN,6,HOPELCHEN,392,1,0,80,1,1,0,12,87,0,2,0,3,1,0,0,0,187,0,2,189,193
,4,CAMPECHE,18,HOPELCHEN,6,HOPELCHEN,393,1,2,35,0,0,0,23,58,6,2,0,0,1,0,0,0,127,0,1,128,157
,4,CAMPECHE,18,HOPELCHEN,6,HOPELCHEN,394,2,10,269,10,16,0,213,131,0,5,3,2,0,0,1,0,660,0,7,667,768
,4,CAMPECHE,18,HOPELCHEN,6,HOPELCHEN,395,2,6,352,0,22,4,209,170,6,7,1,0,0,0,0,0,777,0,3,780,912
,4,CAMPECHE,18,HOPELCHEN,6,HOPELCHEN,396,1,0,169,0,9,1,179,68,2,2,1,5,0,0,0,0,436,0,5,441,523
,4,CAMPECHE,18,HOPELCHEN,6,HOPELCHEN,397,1,5,179,6,16,2,76,167,0,8,3,3,0,0,1,0,466,0,16,482,648
,4,CAMPECHE,18,HOPELCHEN,6,HOPELCHEN,398,2,2,225,5,40,1,101,223,3,16,7,3,4,3,0,0,633,0,20,653,802
,4,CAMPECHE,18,HOPELCHEN,6,HOPELCHEN,399,1,6,128,2,57,2,115,100,4,1,0,2,0,0,1,0,418,0,4,422,493
,4,CAMPECHE,18,HOPELCHEN,6,HOPELCHEN,400,2,43,535,4,14,4,232,260,11,6,2,14,2,0,0,0,1127,0,12,1139,1292
,4,CAMPECHE,18,HOPELCHEN,6,HOPELCHEN,401,2,72,486,2,19,0,155,345,3,5,1,8,1,0,0,0,1097,0,22,1119,1268
,4,CAMPECHE,18,HOPELCHEN,6,HOPELCHEN,402,1,0,88,3,0,0,20,71,0,0,0,0,0,0,0,0,182,0,1,183,749
,4,CAMPECHE,18,HOPELCHEN,6,HOPELCHEN,403,2,22,246,0,14,2,163,320,2,15,3,0,0,0,0,0,787,0,28,815,1376
,4,CAMPECHE,18,HOPELCHEN,6,HOPELCHEN,404,2,7,263,0,24,5,93,225,4,4,2,2,1,0,0,0,630,0,7,637,824
,4,CAMPECHE,18,HOPELCHEN,6,HOPELCHEN,405,1,0,53,0,9,1,44,35,0,0,0,0,0,0,0,0,142,0,3,145,744
,4,CAMPECHE,18,HOPELCHEN,6,HOPELCHEN,406,1,2,97,6,5,1,135,66,3,1,1,0,0,0,0,0,317,0,5,322,602
,4,CAMPECHE,18,HOPELCHEN,6,HOPELCHEN,407,2,29,213,1,3,3,151,275,3,10,2,0,0,0,0,0,690,0,6,696,824
,4,CAMPECHE,18,HOPELCHEN,6,HOPELCHEN,408,1,3,226,0,24,1,27,159,1,2,0,0,0,0,0,0,443,0,2,445,510
,4,CAMPECHE,18,HOPELCHEN,6,HOPELCHEN,409,2,29,231,24,9,3,279,166,1,8,0,0,1,0,1,0,752,0,11,763,893
,4,CAMPECHE,18,HOPELCHEN,6,HOPELCHEN,410,3,93,434,18,31,2,377,310,1,16,0,0,0,0,0,0,1282,0,5,1287,1568
,4,CAMPECHE,18,HOPELCHEN,6,HOPELCHEN,411,2,19,283,7,8,6,238,145,1,17,0,2,4,0,1,0,731,0,29,760,867
,4,CAMPECHE,18,HOPELCHEN,6,HOPELCHEN,412,1,3,116,0,2,1,101,102,0,3,0,0,0,0,0,0,328,0,9,337,356
,4,CAMPECHE,20,PALIZADA,7,PALIZADA,428,2,8,571,3,176,0,78,225,0,7,1,9,2,0,4,0,1084,0,15,1099,1378
,4,CAMPECHE,20,PALIZADA,7,PALIZADA,429,3,18,616,20,338,1,128,428,3,5,5,14,2,0,4,0,1582,0,36,1618,2117
,4,CAMPECHE,20,PALIZADA,7,PALIZADA,430,1,0,78,1,84,0,100,61,0,0,1,2,1,0,0,0,328,0,8,336,399
,4,CAMPECHE,20,PALIZADA,7,PALIZADA,431,1,1,200,10,119,0,103,131,2,3,0,0,1,0,0,0,570,0,6,576,732
,4,CAMPECHE,20,PALIZADA,7,PALIZADA,432,1,5,147,8,72,0,60,88,0,2,0,1,0,0,1,0,384,0,5,389,443
,4,CAMPECHE,20,PALIZADA,7,PALIZADA,433,1,1,134,3,108,0,121,124,3,4,0,7,1,0,0,0,506,0,12,518,624
,4,CAMPECHE,20,PALIZADA,7,PALIZADA,434,1,0,79,1,21,0,9,55,0,0,0,1,0,0,0,0,166,0,3,169,200
,4,CAMPECHE,20,PALIZADA,7,PALIZADA,435,1,2,155,10,126,1,53,105,2,1,1,2,0,0,0,0,458,0,4,462,591
,4,CAMPECHE,20,PALIZADA,7,PALIZADA,436,1,1,26,0,19,0,15,26,1,1,0,1,4,0,0,0,94,0,4,98,105
,4,CAMPECHE,20,PALIZADA,7,PALIZADA,439,2,1,320,1,18,0,12,318,2,3,0,3,0,1,0,0,679,0,4,683,791
,4,CAMPECHE,7,TENABO,8,TENABO,440,3,204,248,8,3,29,74,428,11,187,34,28,5,1,1,0,1261,0,17,1278,1616
,4,CAMPECHE,7,TENABO,8,TENABO,441,3,228,250,6,6,18,53,552,31,191,12,23,15,0,1,0,1386,0,30,1416,1740
,4,CAMPECHE,7,TENABO,8,TENABO,442,3,174,276,16,2,19,78,482,56,97,18,37,11,1,0,0,1267,1,35,1303,1725
,4,CAMPECHE,7,TENABO,8,TENABO,443,3,156,280,2,3,10,106,481,14,130,34,24,12,0,0,0,1252,0,26,1278,1705
,4,CAMPECHE,7,TENABO,8,TENABO,444,1,42,66,0,0,0,3,44,0,15,3,3,1,0,0,0,177,0,3,180,186
,4,CAMPECHE,7,TENABO,8,TENABO,445,2,61,272,6,4,11,96,243,9,71,24,8,7,0,0,0,812,0,17,829,998
,4,CAMPECHE,7,TENABO,8,TENABO,446,1,5,30,0,1,0,11,22,0,10,4,7,2,0,0,0,92,0,1,93,116
,4,CAMPECHE,7,TENABO,8,TENABO,447,1,27,139,0,0,22,28,143,1,23,1,2,5,0,0,0,391,0,6,397,427
,4,CAMPECHE,21,XPUJIL,9,ESCARCEGA,356,3,46,212,111,17,32,347,444,15,9,6,10,1,0,5,0,1255,0,38,1293,2116
,4,CAMPECHE,21,XPUJIL,9,ESCARCEGA,357,1,23,123,42,6,7,41,169,2,7,4,4,1,0,2,0,431,0,13,444,665
,4,CAMPECHE,21,XPUJIL,9,ESCARCEGA,358,1,12,42,6,1,8,77,67,11,0,1,0,0,0,2,0,227,0,9,236,343
,4,CAMPECHE,21,XPUJIL,9,ESCARCEGA,361,2,30,117,83,10,23,264,286,12,11,3,7,2,0,0,0,848,0,36,884,1482
,4,CAMPECHE,13,ESCARCEGA,9,ESCARCEGA,448,5,149,260,8,18,28,685,489,15,15,8,17,14,0,1,0,1707,0,63,1770,3180
,4,CAMPECHE,13,ESCARCEGA,9,ESCARCEGA,449,2,77,131,5,5,37,270,211,3,4,1,14,5,0,0,0,763,0,29,792,1431
,4,CAMPECHE,13,ESCARCEGA,9,ESCARCEGA,450,2,113,159,1,5,14,226,229,11,8,0,7,4,0,0,0,777,0,18,795,1345
,4,CAMPECHE,13,ESCARCEGA,9,ESCARCEGA,451,3,80,193,7,21,26,317,286,20,15,4,12,10,1,0,0,992,0,44,1036,1845
,4,CAMPECHE,13,ESCARCEGA,9,ESCARCEGA,452,1,31,67,0,3,5,119,123,2,3,2,5,7,0,0,0,367,0,9,376,591
,4,CAMPECHE,13,ESCARCEGA,9,ESCARCEGA,453,2,44,74,3,6,5,206,148,3,6,1,14,1,0,0,0,511,0,14,525,828
,4,CAMPECHE,13,ESCARCEGA,9,ESCARCEGA,454,3,105,218,9,18,25,431,336,6,10,6,9,10,0,0,0,1183,0,36,1219,2113
,4,CAMPECHE,13,ESCARCEGA,9,ESCARCEGA,455,3,62,155,11,7,15,265,220,5,1,4,9,5,1,1,0,761,0,26,787,1551
,4,CAMPECHE,13,ESCARCEGA,9,ESCARCEGA,456,2,31,78,4,4,9,208,137,6,1,1,3,3,0,0,0,485,0,16,501,891
,4,CAMPECHE,13,ESCARCEGA,9,ESCARCEGA,457,1,30,88,3,5,11,228,104,4,0,2,9,1,0,0,0,485,0,26,511,733
,4,CAMPECHE,13,ESCARCEGA,9,ESCARCEGA,458,2,46,124,5,7,7,210,157,3,4,2,5,2,0,0,0,572,0,20,592,947
,4,CAMPECHE,13,ESCARCEGA,9,ESCARCEGA,459,1,58,72,7,2,8,161,104,3,3,4,6,3,0,0,0,431,0,10,441,739
,4,CAMPECHE,13,ESCARCEGA,9,ESCARCEGA,460,2,1,13,0,4,8,180,112,3,5,1,112,0,0,0,0,439,0,6,445,634
,4,CAMPECHE,13,ESCARCEGA,9,ESCARCEGA,461,2,45,108,17,9,14,253,204,10,17,5,10,6,3,1,0,702,1,36,739,1239
,4,CAMPECHE,13,ESCARCEGA,9,ESCARCEGA,462,2,33,88,4,7,12,219,163,5,10,5,9,2,0,1,0,558,0,26,584,1087
,4,CAMPECHE,13,ESCARCEGA,9,ESCARCEGA,463,2,81,158,5,11,13,265,196,3,9,1,8,6,1,0,0,757,0,15,772,1230
,4,CAMPECHE,13,ESCARCEGA,9,ESCARCEGA,464,3,58,201,8,29,13,361,276,13,7,1,14,8,2,0,0,991,0,43,1034,1996
,4,CAMPECHE,13,ESCARCEGA,9,ESCARCEGA,465,1,20,55,3,0,2,86,73,1,1,0,2,1,0,0,0,244,0,4,248,355
,4,CAMPECHE,13,ESCARCEGA,9,ESCARCEGA,466,2,53,62,8,3,6,115,55,5,4,0,4,0,1,0,0,316,0,11,327,502
,4,CAMPECHE,21,XPUJIL,9,ESCARCEGA,467,1,22,78,1,6,3,113,145,6,10,3,1,3,0,0,0,391,0,19,410,619
,4,CAMPECHE,21,XPUJIL,9,ESCARCEGA,468,3,74,287,9,21,20,370,343,20,13,5,7,0,0,0,0,1169,0,34,1203,2154
,4,CAMPECHE,21,XPUJIL,9,ESCARCEGA,469,2,18,124,10,11,4,142,120,6,2,4,5,0,0,1,0,447,0,22,469,728
,4,CAMPECHE,21,XPUJIL,9,ESCARCEGA,470,2,34,212,6,9,19,205,193,6,2,8,1,2,0,0,0,697,0,19,716,1216
,4,CAMPECHE,13,ESCARCEGA,9,ESCARCEGA,471,2,60,102,5,22,8,289,246,8,13,1,4,2,2,1,0,763,0,33,796,1322
,4,CAMPECHE,13,ESCARCEGA,9,ESCARCEGA,475,2,47,73,12,12,10,270,141,9,3,2,6,1,0,1,0,587,0,17,604,980
,4,CAMPECHE,13,ESCARCEGA,9,ESCARCEGA,476,2,48,62,5,8,15,180,127,5,4,1,6,2,0,1,0,464,0,9,473,828
,4,CAMPECHE,13,ESCARCEGA,9,ESCARCEGA,477,2,88,106,8,22,21,287,131,13,1,0,11,9,0,1,0,698,0,29,727,1194
,4,CAMPECHE,13,ESCARCEGA,9,ESCARCEGA,480,2,83,109,4,8,27,183,165,3,6,1,4,4,0,0,0,597,0,19,616,921
,4,CAMPECHE,13,ESCARCEGA,9,ESCARCEGA,481,2,35,113,9,5,47,206,250,6,4,0,8,1,0,0,0,684,0,27,711,1215
,4,CAMPECHE,13,ESCARCEGA,9,ESCARCEGA,482,1,3,88,3,5,44,136,113,2,4,0,1,1,0,0,0,400,0,29,429,683
,4,CAMPECHE,13,ESCARCEGA,9,ESCARCEGA,485,2,41,51,3,13,44,174,144,6,5,0,1,0,0,0,0,482,0,16,498,756
,4,CAMPECHE,13,ESCARCEGA,9,ESCARCEGA,489,3,104,161,3,11,15,470,254,3,8,28,8,2,1,0,0,1068,0,39,1107,2108
,4,CAMPECHE,14,CANDELARIA,10,CANDELARIA,274,2,290,132,4,6,3,30,245,4,3,0,4,8,1,0,0,730,0,23,753,1097
,4,CAMPECHE,14,CANDELARIA,10,CANDELARIA,275,2,87,47,2,3,3,30,165,7,3,1,0,1,0,1,0,350,0,9,359,562
,4,CAMPECHE,14,CANDELARIA,10,CANDELARIA,276,1,82,44,1,1,3,3,93,1,2,0,0,8,0,1,0,239,0,1,240,378
,4,CAMPECHE,14,CANDELARIA,10,CANDELARIA,277,3,358,237,3,2,8,57,416,11,16,3,8,11,1,0,0,1131,0,27,1158,1752
,4,CAMPECHE,14,CANDELARIA,10,CANDELARIA,279,3,418,105,5,9,12,68,496,5,6,3,9,25,1,0,0,1162,0,38,1200,2149
,4,CAMPECHE,14,CANDELARIA,10,CANDELARIA,280,3,386,73,2,7,11,34,348,5,3,0,13,4,0,0,0,886,0,28,914,1674
,4,CAMPECHE,14,CANDELARIA,10,CANDELARIA,281,2,305,71,3,8,11,40,282,4,4,3,8,8,0,0,0,747,2,26,775,1341
,4,CAMPECHE,14,CANDELARIA,10,CANDELARIA,282,2,257,67,5,7,0,33,217,7,2,3,12,10,2,0,0,622,0,33,655,1125
,4,CAMPECHE,14,CANDELARIA,10,CANDELARIA,283,3,447,149,4,4,4,58,422,12,5,2,8,13,0,0,0,1128,0,30,1158,2116
,4,CAMPECHE,14,CANDELARIA,10,CANDELARIA,285,2,204,66,4,3,2,16,184,4,5,3,3,4,0,0,0,498,0,23,521,830
,4,CAMPECHE,14,CANDELARIA,10,CANDELARIA,286,1,69,12,0,0,0,4,67,2,3,0,0,4,0,0,0,161,0,5,166,303
,4,CAMPECHE,14,CANDELARIA,10,CANDELARIA,287,1,70,42,2,0,0,7,62,6,4,0,4,4,0,0,0,201,0,7,208,307
,4,CAMPECHE,14,CANDELARIA,10,CANDELARIA,288,1,91,26,1,3,1,21,59,2,3,15,0,6,0,0,0,228,0,8,236,416
,4,CAMPECHE,14,CANDELARIA,10,CANDELARIA,289,2,183,94,2,5,2,58,112,63,2,0,1,6,0,0,0,528,0,12,540,751
,4,CAMPECHE,14,CANDELARIA,10,CANDELARIA,290,1,21,16,0,6,0,7,21,0,0,3,1,3,0,0,0,78,0,2,80,136
,4,CAMPECHE,14,CANDELARIA,10,CANDELARIA,291,2,241,63,0,3,7,29,250,13,10,6,1,6,0,0,0,629,0,20,649,1137
,4,CAMPECHE,14,CANDELARIA,10,CANDELARIA,292,1,137,35,2,2,2,17,182,6,3,1,3,0,0,0,0,390,0,17,407,605
,4,CAMPECHE,14,CANDELARIA,10,CANDELARIA,293,2,160,111,1,8,5,48,262,5,6,1,6,6,1,0,0,620,1,27,648,1009
,4,CAMPECHE,14,CANDELARIA,10,CANDELARIA,294,1,15,15,0,1,0,31,20,1,0,0,2,2,0,0,0,87,0,3,90,174
,4,CAMPECHE,14,CANDELARIA,10,CANDELARIA,295,3,340,128,8,9,6,106,480,17,10,6,5,4,0,0,0,1119,0,36,1155,1836
,4,CAMPECHE,14,CANDELARIA,10,CANDELARIA,296,1,109,89,1,4,8,57,156,1,3,14,1,4,0,0,0,447,0,23,470,750
,4,CAMPECHE,14,CANDELARIA,10,CANDELARIA,297,2,141,101,5,3,4,115,165,1,5,4,2,0,0,0,0,546,0,19,565,788
,4,CAMPECHE,14,CANDELARIA,10,CANDELARIA,298,2,181,70,4,7,11,102,218,9,2,2,2,2,0,0,0,610,0,11,621,950
,4,CAMPECHE,14,CANDELARIA,10,CANDELARIA,299,2,203,100,7,8,10,64,273,2,6,4,0,3,0,0,0,680,0,33,713,1102
,4,CAMPECHE,14,CANDELARIA,10,CANDELARIA,300,1,39,49,1,4,4,51,105,5,1,7,0,4,0,0,0,270,0,11,281,457
,4,CAMPECHE,14,CANDELARIA,10,CANDELARIA,301,3,323,165,11,8,16,56,452,18,17,7,17,6,1,0,0,1097,0,41,1138,1801
,4,CAMPECHE,14,CANDELARIA,10,CANDELARIA,302,1,31,27,1,1,7,42,75,2,0,1,2,1,0,0,0,190,0,11,201,304
,4,CAMPECHE,14,CANDELARIA,10,CANDELARIA,490,2,17,68,0,1,0,22,115,0,1,1,2,1,0,0,0,228,0,12,240,316
,4,CAMPECHE,14,CANDELARIA,10,CANDELARIA,531,2,153,65,4,10,0,26,215,11,6,0,2,5,0,0,0,497,0,18,515,828
,4,CAMPECHE,14,CANDELARIA,10,CANDELARIA,532,2,207,104,8,15,2,31,404,5,14,0,12,13,0,1,0,816,0,19,835,1296
,4,CAMPECHE,14,CANDELARIA,10,CANDELARIA,533,3,228,66,3,7,5,61,378,13,3,4,3,13,0,0,0,784,0,45,829,1487
,4,CAMPECHE,14,CANDELARIA,10,CANDELARIA,534,1,37,57,0,4,2,26,72,4,3,1,1,3,0,0,0,210,0,7,217,372
,4,CAMPECHE,14,CANDELARIA,10,CANDELARIA,535,1,55,79,0,9,2,24,85,5,0,0,4,4,0,0,0,267,0,10,277,398
,4,CAMPECHE,14,CANDELARIA,10,CANDELARIA,536,3,313,123,1,7,7,81,498,26,38,7,14,12,0,0,0,1127,0,46,1173,2121
,4,CAMPECHE,14,CANDELARIA,10,CANDELARIA,537,1,86,46,1,0,3,42,145,0,4,0,2,3,0,1,0,333,0,10,343,633
,4,CAMPECHE,21,XPUJIL,11,CALAKMUL,359,2,5,163,9,25,5,105,375,12,18,1,4,1,1,1,0,725,0,19,744,980
,4,CAMPECHE,21,XPUJIL,11,CALAKMUL,360,2,12,193,2,5,2,137,406,12,9,7,6,1,0,0,0,792,0,32,824,1412
,4,CAMPECHE,21,XPUJIL,11,CALAKMUL,362,2,9,158,5,15,10,95,321,8,13,5,3,2,0,0,0,644,0,39,683,983
,4,CAMPECHE,21,XPUJIL,11,CALAKMUL,413,1,1,44,0,1,0,36,40,0,3,1,0,0,0,0,0,126,0,0,126,146
,4,CAMPECHE,21,XPUJIL,11,CALAKMUL,414,1,1,40,1,11,0,14,115,10,5,0,0,1,0,0,0,198,0,4,202,279
,4,CAMPECHE,21,XPUJIL,11,CALAKMUL,415,4,20,402,15,57,5,126,650,25,36,6,8,4,0,2,0,1356,0,40,1396,1821
,4,CAMPECHE,21,XPUJIL,11,CALAKMUL,416,1,5,42,1,21,0,4,71,4,14,1,1,1,0,0,0,165,0,7,172,215
,4,CAMPECHE,21,XPUJIL,11,CALAKMUL,417,7,64,843,11,67,13,271,1429,46,57,10,28,6,0,1,0,2846,3,48,2897,4500
,4,CAMPECHE,21,XPUJIL,11,CALAKMUL,418,1,14,16,0,9,0,3,48,0,5,1,0,0,0,0,0,96,0,2,98,149
,4,CAMPECHE,21,XPUJIL,11,CALAKMUL,419,1,4,67,3,36,1,12,101,14,10,0,3,0,0,0,0,251,0,7,258,385
,4,CAMPECHE,21,XPUJIL,11,CALAKMUL,420,1,1,58,10,7,0,7,91,22,4,0,0,0,0,0,0,200,0,11,211,272
,4,CAMPECHE,21,XPUJIL,11,CALAKMUL,421,3,12,322,4,23,5,103,739,39,20,5,10,4,0,1,0,1287,0,46,1333,1833
,4,CAMPECHE,21,XPUJIL,11,CALAKMUL,422,2,2,144,15,39,6,29,306,9,15,6,4,1,0,0,0,576,0,23,599,935
,4,CAMPECHE,21,XPUJIL,11,CALAKMUL,423,1,1,76,2,6,0,10,118,3,3,2,0,2,0,0,0,223,0,2,225,250
,4,CAMPECHE,21,XPUJIL,11,CALAKMUL,424,1,2,111,0,9,0,14,127,9,12,0,0,2,0,0,0,286,0,7,293,415
,4,CAMPECHE,21,XPUJIL,11,CALAKMUL,425,2,4,217,5,49,1,82,423,12,16,6,8,1,0,1,0,825,0,23,848,1204
,4,CAMPECHE,21,XPUJIL,11,CALAKMUL,426,4,11,379,5,192,7,176,778,36,25,12,10,3,0,0,0,1634,0,56,1690,2306
,4,CAMPECHE,21,XPUJIL,11,CALAKMUL,427,3,7,314,7,77,0,77,581,16,15,6,10,2,0,1,0,1113,0,36,1149,1637
,4,CAMPECHE,17,CALKINI,12,DZITBALCHE,173,3,20,358,14,208,14,195,526,8,32,4,1,1,1,0,0,1382,0,17,1399,1932
,4,CAMPECHE,17,CALKINI,12,DZITBALCHE,174,2,4,270,9,137,7,114,390,3,22,5,7,1,0,0,0,969,0,11,980,1293
,4,CAMPECHE,17,CALKINI,12,DZITBALCHE,175,3,12,409,6,270,17,348,553,2,28,8,3,0,0,1,0,1657,0,27,1684,2130
,4,CAMPECHE,17,CALKINI,12,DZITBALCHE,176,3,20,399,13,201,17,268,475,12,29,33,8,1,0,2,0,1478,0,46,1524,2195
,4,CAMPECHE,17,CALKINI,12,DZITBALCHE,177,3,13,378,27,197,17,233,444,2,21,38,7,2,1,0,0,1380,0,36,1416,1856
,4,CAMPECHE,17,CALKINI,12,DZITBALCHE,180,3,14,669,5,61,8,213,709,17,31,39,9,2,0,0,0,1777,0,19,1796,2066
,4,CAMPECHE,16,SEYBAPLAYA,13,SEYBAPLAYA,320,3,18,357,8,10,71,334,476,10,10,0,7,0,0,0,0,1301,0,36,1337,1761
,4,CAMPECHE,16,SEYBAPLAYA,13,SEYBAPLAYA,321,2,8,199,2,6,48,132,219,1,3,1,4,0,0,1,0,624,0,13,637,791
,4,CAMPECHE,16,SEYBAPLAYA,13,SEYBAPLAYA,322,2,11,282,2,3,37,152,321,4,12,0,7,3,0,0,0,834,0,20,854,1179
,4,CAMPECHE,16,SEYBAPLAYA,13,SEYBAPLAYA,323,2,8,288,1,3,41,133,274,4,4,2,13,0,0,0,0,771,0,21,792,1025
,4,CAMPECHE,16,SEYBAPLAYA,13,SEYBAPLAYA,324,2,7,230,4,4,45,179,342,3,6,1,10,1,0,0,0,832,2,14,848,1151
,4,CAMPECHE,16,SEYBAPLAYA,13,SEYBAPLAYA,325,3,22,358,7,11,61,214,408,6,14,1,12,2,0,1,0,1117,1,31,1149,1526
,4,CAMPECHE,16,SEYBAPLAYA,13,SEYBAPLAYA,326,2,1,175,4,5,48,115,241,5,6,3,6,1,0,1,0,611,0,12,623,809
,4,CAMPECHE,16,SEYBAPLAYA,13,SEYBAPLAYA,327,3,8,552,3,96,65,194,371,6,11,1,25,1,0,0,0,1333,1,25,1359,1767
,4,CAMPECHE,16,SEYBAPLAYA,13,SEYBAPLAYA,328,3,2,320,4,163,23,220,302,1,5,1,15,2,0,1,0,1059,0,31,1090,1538
,4,CAMPECHE,16,SEYBAPLAYA,13,SEYBAPLAYA,332,1,0,0,0,0,0,0,0,0,0,0,0,0,0,0,0,0,0,0,0,4
,4,CAMPECHE,16,SEYBAPLAYA,13,SEYBAPLAYA,333,2,0,4,0,0,0,1,2,0,0,0,0,0,0,0,0,7,0,1,8,18
