﻿ID_ESTADO,NOMBRE_ESTADO,ID_MUNICIPIO,MUNICIPIO,SECCIONES,CASILLAS,PAN,PRI,PRD,PT,PVEM,MC,MORENA,PES,RSP,FXM,CAND_IND1,NUM_VOTOS_VALIDOS,NUM_VOTOS_CAN_NREG,NUM_VOTOS_NULOS,TOTAL_VOTOS,LISTA_NOMINAL,RUTA_ACTA
4,CAMPECHE,1,CAMPECHE,146,373,6359,28846,1368,1672,1594,50089,38684,859,746,521,0,130738,33,2810,133581,212325,https://www.ieec.org.mx/Documentacion/elecciones/2021/COMPUTO/ACOMP_CAMPECHE.pdf
4,CAMPECHE,2,CALKINI,30,60,665,7471,418,202,418,7433,5702,147,340,1202,0,23998,5,446,24449,31269,https://www.ieec.org.mx/Documentacion/elecciones/2021/COMPUTO/ACOMP_CALKINI.pdf
4,CAMPECHE,3,CARMEN,135,308,3139,28133,956,1657,1151,10734,47030,564,662,473,0,94499,15,2492,97006,182975,https://www.ieec.org.mx/Documentacion/elecciones/2021/COMPUTO/ACOMP_CARMEN.pdf
4,CAMPECHE,4,CHAMPOTON,48,105,1082,10332,376,1717,229,7131,12293,262,365,89,0,33876,4,1044,34924,55581,https://www.ieec.org.mx/Documentacion/elecciones/2021/COMPUTO/ACOMP_CHAMPOTON.pdf
4,CAMPECHE,5,HECELCHAKAN,18,40,612,5203,62,2573,56,5847,1778,239,139,284,348,17141,10,349,17500,23365,https://www.ieec.org.mx/Documentacion/elecciones/2021/COMPUTO/ACOMP_HECELCHAKAN.pdf
4,CAMPECHE,6,HOPELCHEN,32,56,553,8177,264,914,77,5152,5178,81,167,40,0,20603,0,338,20941,28711,https://www.ieec.org.mx/Documentacion/elecciones/2021/COMPUTO/ACOMP_HOPELCHEN.pdf
4,CAMPECHE,7,PALIZADA,10,14,55,2351,75,1081,2,679,1561,13,26,8,0,5851,0,97,5948,7380,https://www.ieec.org.mx/Documentacion/elecciones/2021/COMPUTO/ACOMP_PALIZADA.pdf
4,CAMPECHE,8,TENABO,8,17,971,1635,84,19,109,449,2395,122,724,130,0,6638,1,135,6774,8513,https://www.ieec.org.mx/Documentacion/elecciones/2021/COMPUTO/ACOMP_TENABO.pdf
4,CAMPECHE,9,ESCARCEGA,36,74,2067,4552,560,351,605,8559,6961,254,225,115,0,24249,1,860,25110,42567,https://www.ieec.org.mx/Documentacion/elecciones/2021/COMPUTO/ACOMP_ESCARCEGA.pdf
4,CAMPECHE,10,CANDELARIA,35,65,6444,2897,151,175,161,1497,7739,277,193,102,0,19636,3,691,20330,33301,https://www.ieec.org.mx/Documentacion/elecciones/2021/COMPUTO/ACOMP_CANDELARIA.pdf
4,CAMPECHE,11,CALAKMUL,18,39,222,3642,129,649,55,1301,6719,277,280,69,0,13343,3,402,13748,19722,https://www.ieec.org.mx/Documentacion/elecciones/2021/COMPUTO/ACOMP_CALAKMUL.pdf
4,CAMPECHE,12,DZITBALCHE,6,17,98,2502,87,1074,80,1371,3097,44,163,127,0,8643,0,156,8799,11472,https://www.ieec.org.mx/Documentacion/elecciones/2021/COMPUTO/ACOMP_DZITBALCHE.pdf
4,CAMPECHE,13,SEYBAPLAYA,11,25,123,2805,70,301,439,1674,2956,40,71,10,0,8489,4,204,8697,11569,https://www.ieec.org.mx/Documentacion/elecciones/2021/COMPUTO/ACOMP_SEYBAPLAYA.pdf
