ID_ESTADO,NOMBRE_ESTADO,ID_DISTRITO_LOCAL,CABECERA_DISTRITAL_LOCAL,ID_MUNICIPIO,MUNICIPIO,SECCIONES,CASILLAS,ACTAS_CASILLA_MEC,PAN,PRI,PRD,PVEM,PT,MC,MORENA,CAND_IND1,PAN_PRI_PRD,PAN_PRI,PAN_PRD,PRI_PRD,MORENA_PT_PVEM,NUM_VOTOS_VALIDOS,NUM_VOTOS_CAN_NREG,NUM_VOTOS_NULOS,TOTAL_VOTOS,LISTA_NOMINAL
9,CIUDAD DE MEXICO,5, AZCAPOTZALCO,2,AZCAPOTZALCO,347,697,697,70531,18824,5535,0,0,25875,0,0,5902,977,205,78,144141,272068,322,5230,277620,384017
9,CIUDAD DE MEXICO,5,VOTO ANTICIPADO,2,VOTO ANTICIPADO,0,2,2,5,4,0,0,0,1,0,0,0,0,0,0,15,25,0,1,26,27
9,CIUDAD DE MEXICO,26, COYOACAN,3,COYOACAN,403,974,974,138425,29964,21005,0,0,29774,0,0,10415,1469,640,165,177535,409392,592,8555,418539,571990
9,CIUDAD DE MEXICO,30,VOTO ANTICIPADO,3,VOTO ANTICIPADO,0,3,3,3,5,5,0,0,2,0,0,0,0,0,0,11,26,0,3,29,32
9,CIUDAD DE MEXICO,20, CUAJIMALPA DE MORELOS,4,CUAJIMALPA DE MORELOS,79,293,293,48898,9848,2008,0,0,11904,0,0,2669,522,108,46,57985,133988,249,3012,137249,188127
9,CIUDAD DE MEXICO,2, GUSTAVO A. MADERO,5,GUSTAVO A. MADERO,866,1856,1856,140804,57142,23598,0,0,67070,0,0,14854,2286,495,348,405989,712586,986,19422,732994,1055903
9,CIUDAD DE MEXICO,2,VOTO ANTICIPADO,5,VOTO ANTICIPADO,0,7,7,13,6,3,0,0,4,0,0,0,0,0,0,35,61,0,4,65,74
9,CIUDAD DE MEXICO,1,VOTO PERSONAS EN PRISION PREVENTIVA,5,VOTO PERSONAS EN PRISION PREVENTIVA,0,1,1,36,48,7,0,0,69,0,0,14,0,0,0,193,367,1,15,383,423
9,CIUDAD DE MEXICO,15, IZTACALCO,6,IZTACALCO,299,638,638,62831,18942,6392,0,0,16223,0,10417,6418,898,233,110,125571,248035,601,5133,253769,364025
9,CIUDAD DE MEXICO,11,VOTO ANTICIPADO,6,VOTO ANTICIPADO,0,2,2,3,2,2,0,0,2,0,0,0,0,0,0,13,22,0,1,23,24
9,CIUDAD DE MEXICO,24, IZTAPALAPA,7,IZTAPALAPA,1011,2568,2568,140745,61769,45171,0,0,65729,0,0,17191,2435,943,525,647931,982439,1008,26102,1009549,1524905
9,CIUDAD DE MEXICO,21,VOTO ANTICIPADO,7,VOTO ANTICIPADO,0,12,12,10,4,5,0,0,1,0,0,0,1,0,0,34,55,2,15,72,76
9,CIUDAD DE MEXICO,29,VOTO PERSONAS EN PRISION PREVENTIVA,7,VOTO PERSONAS EN PRISION PREVENTIVA,0,3,3,104,173,39,0,0,165,0,0,21,3,1,0,524,1030,4,169,1203,1222
9,CIUDAD DE MEXICO,33, LA MAGDALENA CONTRERAS,8,LA MAGDALENA CONTRERAS,149,359,359,28612,29638,3597,0,0,10250,0,0,3689,703,92,114,70761,147456,191,3557,151204,212544
9,CIUDAD DE MEXICO,33,VOTO ANTICIPADO,8,VOTO ANTICIPADO,0,1,1,0,0,0,0,0,1,0,0,0,0,0,0,5,6,0,0,6,10
9,CIUDAD DE MEXICO,7, MILPA ALTA,9,MILPA ALTA,45,183,183,8904,15912,2033,0,0,10072,0,0,1771,389,80,97,36674,75932,72,3049,79053,119673
9,CIUDAD DE MEXICO,7,VOTO ANTICIPADO,9,VOTO ANTICIPADO,0,1,1,0,0,0,0,0,0,0,0,0,0,0,0,2,2,0,0,2,2
9,CIUDAD DE MEXICO,20, CUAJIMALPA DE MORELOS,10,ALVARO OBREGON,445,1056,1056,142561,27886,11229,0,0,25586,0,0,11430,1722,524,175,209128,430241,517,9240,439998,620969
9,CIUDAD DE MEXICO,23,VOTO ANTICIPADO,10,VOTO ANTICIPADO,0,7,7,20,6,2,0,0,1,0,0,1,0,0,0,31,61,0,10,71,74
9,CIUDAD DE MEXICO,7, MILPA ALTA,11,TLAHUAC,152,504,504,32195,17467,6263,11816,8217,16862,96311,0,3917,734,157,138,0,194077,259,11113,205449,318686
9,CIUDAD DE MEXICO,8,VOTO ANTICIPADO,11,VOTO ANTICIPADO,0,2,2,0,0,0,1,1,0,7,0,0,0,0,0,0,9,0,0,9,9
9,CIUDAD DE MEXICO,19, XOCHIMILCO,12,TLALPAN,359,960,960,111238,24979,10162,0,0,24337,0,0,9151,1471,451,152,214691,396632,384,9031,406047,578733
9,CIUDAD DE MEXICO,16,VOTO ANTICIPADO,12,VOTO ANTICIPADO,0,5,5,19,4,2,0,0,2,0,0,0,0,0,1,6,34,0,3,37,50
9,CIUDAD DE MEXICO,19,VOTO PERSONAS EN PRISION PREVENTIVA,12,VOTO PERSONAS EN PRISION PREVENTIVA,0,1,1,1,0,2,0,0,1,0,0,0,0,0,0,3,7,0,11,18,19
9,CIUDAD DE MEXICO,19,VOTO ANTICIPADO,13,VOTO ANTICIPADO,0,3,3,3,1,0,0,0,1,0,0,1,0,0,0,5,11,0,0,11,4
9,CIUDAD DE MEXICO,25,VOTO PERSONAS EN PRISION PREVENTIVA,13,VOTO PERSONAS EN PRISION PREVENTIVA,0,1,1,40,47,15,0,0,33,0,0,2,0,0,0,162,299,0,14,313,346
9,CIUDAD DE MEXICO,25, XOCHIMILCO,13,XOCHIMILCO,177,581,581,62397,19280,7847,0,0,18019,0,0,6283,942,316,109,120347,235540,275,6373,242188,367669
9,CIUDAD DE MEXICO,18, ALVARO OBREGON,14,BENITO JUAREZ,254,644,644,175501,14170,4304,0,0,13953,0,0,8265,1244,264,55,72507,290263,386,3981,294630,384036
9,CIUDAD DE MEXICO,18,VOTO ANTICIPADO,14,VOTO ANTICIPADO,0,2,2,25,2,0,0,0,4,0,0,0,1,0,0,9,41,0,1,42,45
9,CIUDAD DE MEXICO,12, CUAUHTEMOC,15,CUAUHTEMOC,389,858,858,90866,43260,9489,0,0,26860,0,0,10544,1751,328,196,145131,328425,715,8682,337822,493515
9,CIUDAD DE MEXICO,9,VOTO ANTICIPADO,15,VOTO ANTICIPADO,0,3,3,6,6,1,0,0,1,0,0,2,0,0,0,22,38,0,0,38,40
9,CIUDAD DE MEXICO,13, MIGUEL HIDALGO,16,MIGUEL HIDALGO,257,560,560,104178,14841,4064,0,0,12700,0,0,6002,978,218,72,93347,236400,277,3763,240440,329153
9,CIUDAD DE MEXICO,13,VOTO ANTICIPADO,16,VOTO ANTICIPADO,0,2,2,7,4,0,0,0,0,0,0,1,0,0,0,12,24,0,0,24,26
9,CIUDAD DE MEXICO,10, VENUSTIANO CARRANZA,17,VENUSTIANO CARRANZA,336,700,700,58740,25189,9051,0,0,21733,0,0,6584,1006,291,170,152609,275373,280,6516,282169,404568
9,CIUDAD DE MEXICO,10,VOTO ANTICIPADO,17,VOTO ANTICIPADO,0,2,2,4,3,2,0,0,1,0,0,1,0,0,0,13,24,0,1,25,33
