﻿ID_ESTADO,NOMBRE_ESTADO,ID_MUNICIPIO,MUNICIPIO,SECCIONES,CASILLAS,PAN,PRI,PRD,PVEM,PT,MC,MORENA,PES,RSP,FXM,NACH,PAN_PRD,PT_MORENA_NACH,CAND_IND1,CAND_IND2,CAND_IND3,CAND_IND4,CAND_IND5,NUM_VOTOS_VALIDOS,NUM_VOTOS_CAN_NREG,NUM_VOTOS_NULOS,TOTAL_VOTOS,LISTA_NOMINAL,RUTA_ACTA
8,CHIHUAHUA,1,AHUMADA,15,24,525,1259,,3175,,43,,13,,,,,662,,,,,,5677,1,189,5867,9922,https://ieechihuahua.org.mx/sistema/archivos/repositorio_actas/2021_mpal_y_dtal/ACM-AYU_001 AHUMADA.pdf
8,CHIHUAHUA,2,ALDAMA,20,39,,528,,120,,2568,,392,,,,3337,3801,,,,,,10746,2,257,11005,21401,https://ieechihuahua.org.mx/sistema/archivos/repositorio_actas/2021_mpal_y_dtal/ACM-AYU_002 ALDAMA.pdf
8,CHIHUAHUA,3,ALLENDE,15,18,,2557,,38,442,732,83,79,,,,1225,,,,,,,5156,0,141,5297,7459,https://ieechihuahua.org.mx/sistema/archivos/repositorio_actas/2021_mpal_y_dtal/ACM-AYU_003 ALLENDE.pdf
8,CHIHUAHUA,4,AQUILES SERDAN,3,21,,2906,,97,,256,,224,518,12,,955,880,,,,,,5848,16,201,6065,13607,https://ieechihuahua.org.mx/sistema/archivos/repositorio_actas/2021_mpal_y_dtal/ACM-AYU_004 AQUILES SERDAN.pdf
8,CHIHUAHUA,5,ASCENSION,20,32,1910,953,2241,,,970,,,,,,,1451,,,,,,7525,1,267,7793,18655,https://ieechihuahua.org.mx/sistema/archivos/repositorio_actas/2021_mpal_y_dtal/ACM-AYU_005 ASCENSION.pdf
8,CHIHUAHUA,6,BACHINIVA,17,17,1900,221,7,100,,300,1077,,,,,,,,,,,,3605,2,94,3701,5786,https://ieechihuahua.org.mx/sistema/archivos/repositorio_actas/2021_mpal_y_dtal/ACM-AYU_006 BACHINIVA.pdf
8,CHIHUAHUA,7,BALLEZA,14,25,800,6231,,,,232,,,,,,,582,,,,,,7845,2,472,8319,13631,https://ieechihuahua.org.mx/sistema/archivos/repositorio_actas/2021_mpal_y_dtal/ACM-AYU_007 BALLEZA.pdf
8,CHIHUAHUA,8,BATOPILAS DE MANUEL GOMEZ MORIN,11,17,,3000,,,,,456,140,,,,414,,,,,,,4010,2,482,4494,8145,https://ieechihuahua.org.mx/sistema/archivos/repositorio_actas/2021_mpal_y_dtal/ACM-AYU_008 BATOPILAS DE MANUEL GOMEZ MORIN.pdf
8,CHIHUAHUA,9,BOCOYNA,22,42,4684,2881,,47,,4209,,27,,68,,,439,,,,,,12355,0,749,13104,21351,https://ieechihuahua.org.mx/sistema/archivos/repositorio_actas/2021_mpal_y_dtal/ACM-AYU_009 BOCOYNA.pdf
8,CHIHUAHUA,10,BUENAVENTURA,26,39,,4471,,66,,52,,,,,,3074,1456,,,,,,9119,3,364,9486,19342,https://ieechihuahua.org.mx/sistema/archivos/repositorio_actas/2021_mpal_y_dtal/ACM-AYU_010 BUENAVENTURA.pdf
8,CHIHUAHUA,11,CAMARGO,40,76,11442,1514,227,93,,5292,,,,,,,1323,,,,,,19891,3,429,20323,39565,https://ieechihuahua.org.mx/sistema/archivos/repositorio_actas/2021_mpal_y_dtal/ACM-AYU_011 CAMARGO.pdf
8,CHIHUAHUA,12,CARICHI,16,19,2101,2531,,,,,183,,,,,,,,,,,,4815,0,247,5062,7720,https://ieechihuahua.org.mx/sistema/archivos/repositorio_actas/2021_mpal_y_dtal/ACM-AYU_012 CARICHI.pdf
8,CHIHUAHUA,13,CASAS GRANDES,12,23,926,2070,,360,,886,,114,,,,,1294,,,,,,5650,0,194,5844,10997,https://ieechihuahua.org.mx/sistema/archivos/repositorio_actas/2021_mpal_y_dtal/ACM-AYU_013 CASAS GRANDES.pdf
8,CHIHUAHUA,14,CORONADO,6,7,1048,505,,,,3,51,,,,,,,,,,,,1607,0,26,1633,1979,https://ieechihuahua.org.mx/sistema/archivos/repositorio_actas/2021_mpal_y_dtal/ACM-AYU_014 CORONADO.pdf
8,CHIHUAHUA,15,COYAME DEL SOTOL,3,4,451,616,,,,,70,505,,,,,,,,,,,1642,0,18,1660,2299,https://ieechihuahua.org.mx/sistema/archivos/repositorio_actas/2021_mpal_y_dtal/ACM-AYU_015 COYAME DEL SOTOL.pdf
8,CHIHUAHUA,16,LA CRUZ,5,8,822,752,4,,,10,13,,,,890,,,,,,,,2491,1,69,2561,3639,https://ieechihuahua.org.mx/sistema/archivos/repositorio_actas/2021_mpal_y_dtal/ACM-AYU_016 LA CRUZ.pdf
8,CHIHUAHUA,17,CUAUHTEMOC,111,242,24029,12151,860,886,,966,,1044,,,,,13390,,,,,,53326,9,1600,54935,134895,https://ieechihuahua.org.mx/sistema/archivos/repositorio_actas/2021_mpal_y_dtal/ACM-AYU_017 CUAUHTEMOC.pdf
8,CHIHUAHUA,18,CUSIHUIRIACHI,13,14,1607,1270,,,,,,,,,,,181,,,,,,3058,0,66,3124,5336,https://ieechihuahua.org.mx/sistema/archivos/repositorio_actas/2021_mpal_y_dtal/ACM-AYU_018 CUSIHUIRIACHI.pdf
8,CHIHUAHUA,19,CHIHUAHUA,678,1303,,15541,,6942,,19807,,3587,1243,2245,,199274,107245,,,,,,355884,116,6489,362489,716690,https://ieechihuahua.org.mx/sistema/archivos/repositorio_actas/2021_mpal_y_dtal/ACM-AYU_019 CHIHUAHUA.pdf
8,CHIHUAHUA,20,CHINIPAS,8,16,,1726,,,,126,1391,,,,,,,,,,,,3243,0,150,3393,4906,https://ieechihuahua.org.mx/sistema/archivos/repositorio_actas/2021_mpal_y_dtal/ACM-AYU_020 CHINIPAS.pdf
8,CHIHUAHUA,21,DELICIAS,111,215,,7100,,2859,,5983,,1071,282,,,27848,10442,,,,,,55585,19,1451,57055,118887,https://ieechihuahua.org.mx/sistema/archivos/repositorio_actas/2021_mpal_y_dtal/ACM-AYU_021 DELICIAS.pdf
8,CHIHUAHUA,22,DR. BELISARIO DOMINGUEZ,8,8,120,405,400,87,,577,,,,,,,105,,,,,,1694,0,66,1760,3064,https://ieechihuahua.org.mx/sistema/archivos/repositorio_actas/2021_mpal_y_dtal/ACM-AYU_022 DR BELISARIO DOMINGUEZ.pdf
8,CHIHUAHUA,23,GALEANA,3,9,1237,,,823,,48,,415,,,,,226,,,,,,2749,0,75,2824,4885,https://ieechihuahua.org.mx/sistema/archivos/repositorio_actas/2021_mpal_y_dtal/ACM-AYU_023 GALEANA.pdf
8,CHIHUAHUA,24,SANTA ISABEL,7,9,1211,1376,,,,30,94,,0,25,,,,,,,,,2736,1,65,2802,4323,https://ieechihuahua.org.mx/sistema/archivos/repositorio_actas/2021_mpal_y_dtal/ACM-AYU_024 SANTA ISABEL.pdf
8,CHIHUAHUA,25,GOMEZ FARIAS,15,17,,1215,,126,,647,,881,,,,195,341,,,,,,3405,0,215,3620,7036,https://ieechihuahua.org.mx/sistema/archivos/repositorio_actas/2021_mpal_y_dtal/ACM-AYU_025 GOMEZ FARIAS.pdf
8,CHIHUAHUA,26,GRAN MORELOS,13,13,468,578,,743,,16,47,,,,,,,,,,,,1852,0,73,1925,3189,https://ieechihuahua.org.mx/sistema/archivos/repositorio_actas/2021_mpal_y_dtal/ACM-AYU_026 GRAN MORELOS.pdf
8,CHIHUAHUA,27,GUACHOCHI,43,73,,7492,,263,,192,,197,289,159,,3007,6796,,,,,,18395,11,1916,20322,36612,https://ieechihuahua.org.mx/sistema/archivos/repositorio_actas/2021_mpal_y_dtal/ACM-AYU_027 GUACHOCHI.pdf
8,CHIHUAHUA,28,GUADALUPE,8,11,779,588,,877,,237,,,,18,,,147,,,,,,2646,0,82,2728,4611,https://ieechihuahua.org.mx/sistema/archivos/repositorio_actas/2021_mpal_y_dtal/ACM-AYU_028 GUADALUPE.pdf
8,CHIHUAHUA,29,GUADALUPE Y CALVO,31,62,4712,10372,,,,149,,,,,,,2667,,,,,,17900,2,1113,19015,31764,https://ieechihuahua.org.mx/sistema/archivos/repositorio_actas/2021_mpal_y_dtal/ACM-AYU_029 GUADALUPE Y CALVO.pdf
8,CHIHUAHUA,30,GUAZAPARES,13,17,2884,,,,,148,1115,,,,,,,,,,,,4147,3,214,4364,6884,https://ieechihuahua.org.mx/sistema/archivos/repositorio_actas/2021_mpal_y_dtal/ACM-AYU_030 GUAZAPARES.pdf
8,CHIHUAHUA,31,GUERRERO,67,82,3084,3720,,163,,2703,,,,359,,,4316,,,,,,14345,1,600,14946,30391,https://ieechihuahua.org.mx/sistema/archivos/repositorio_actas/2021_mpal_y_dtal/ACM-AYU_031 GUERRERO.pdf
8,CHIHUAHUA,32,HIDALGO DEL PARRAL,87,166,6137,12180,234,275,,15023,,7550,,160,,,5292,,,,,,46851,4,1303,48158,88756,https://ieechihuahua.org.mx/sistema/archivos/repositorio_actas/2021_mpal_y_dtal/ACM-AYU_032 HIDALGO DEL PARRAL.pdf
8,CHIHUAHUA,33,HUEJOTITAN,2,3,446,782,,,,1,10,,,,,,,,,,,,1239,0,16,1255,1572,https://ieechihuahua.org.mx/sistema/archivos/repositorio_actas/2021_mpal_y_dtal/ACM-AYU_033 HUEJOTITAN.pdf
8,CHIHUAHUA,34,IGNACIO ZARAGOZA,13,15,335,,142,99,,1343,,,,876,,,242,,,,,,3037,0,95,3132,5536,https://ieechihuahua.org.mx/sistema/archivos/repositorio_actas/2021_mpal_y_dtal/ACM-AYU_034 IGNACIO ZARAGOZA.pdf
8,CHIHUAHUA,35,JANOS,11,17,1588,1006,6,,,,,326,165,557,,,272,,,,,,3920,10,153,4083,8150,https://ieechihuahua.org.mx/sistema/archivos/repositorio_actas/2021_mpal_y_dtal/ACM-AYU_035 JANOS.pdf
8,CHIHUAHUA,36,JIMENEZ,36,56,2866,1792,89,,,1895,,138,,71,,,7873,231,508,,,,15463,10,349,15822,30396,https://ieechihuahua.org.mx/sistema/archivos/repositorio_actas/2021_mpal_y_dtal/ACM-AYU_036 JIMENEZ.pdf
8,CHIHUAHUA,37,JUAREZ,1176,2085,,39241,,8277,,29013,,7969,3399,4371,,119569,211958,,,,,,423797,425,11336,435558,1144519,https://ieechihuahua.org.mx/sistema/archivos/repositorio_actas/2021_mpal_y_dtal/ACM-AYU_037 JUAREZ.pdf
8,CHIHUAHUA,38,JULIMES,6,9,974,1426,,6,,7,382,20,,,,,,,,,,,2815,0,68,2883,4877,https://ieechihuahua.org.mx/sistema/archivos/repositorio_actas/2021_mpal_y_dtal/ACM-AYU_038 JULIMES.pdf
8,CHIHUAHUA,39,LOPEZ,6,8,,832,,,,950,,,,,,297,421,,,,,,2500,0,49,2549,3535,https://ieechihuahua.org.mx/sistema/archivos/repositorio_actas/2021_mpal_y_dtal/ACM-AYU_039 LOPEZ.pdf
8,CHIHUAHUA,40,MADERA,46,59,,548,,,,99,,,1111,,,4882,3235,,,,,,9875,2,339,10216,21100,https://ieechihuahua.org.mx/sistema/archivos/repositorio_actas/2021_mpal_y_dtal/ACM-AYU_040 MADERA.pdf
8,CHIHUAHUA,41,MAGUARICHI,4,4,43,547,18,,,263,13,,,,,,,,,,,,884,0,44,928,1244,https://ieechihuahua.org.mx/sistema/archivos/repositorio_actas/2021_mpal_y_dtal/ACM-AYU_041 MAGUARICHI.pdf
8,CHIHUAHUA,42,MANUEL BENAVIDES,5,5,13,14,587,268,,1,,,,,,,573,,,,,,1456,0,72,1528,2134,https://ieechihuahua.org.mx/sistema/archivos/repositorio_actas/2021_mpal_y_dtal/ACM-AYU_042 MANUEL BENAVIDES.pdf
8,CHIHUAHUA,43,MATACHI,7,8,187,587,4,,15,12,266,20,,,464,,,,,,,,1555,0,56,1611,2609,https://ieechihuahua.org.mx/sistema/archivos/repositorio_actas/2021_mpal_y_dtal/ACM-AYU_043 MATACHI.pdf
8,CHIHUAHUA,44,MATAMOROS,8,11,1311,1138,,7,,237,32,,,,,,,,,,,,2725,13,87,2825,4047,https://ieechihuahua.org.mx/sistema/archivos/repositorio_actas/2021_mpal_y_dtal/ACM-AYU_044 MATAMOROS.pdf
8,CHIHUAHUA,45,MEOQUI,35,66,,710,,,,3808,,438,242,,,6548,1859,,,2236,,,15841,11,449,16301,36319,https://ieechihuahua.org.mx/sistema/archivos/repositorio_actas/2021_mpal_y_dtal/ACM-AYU_045 MEOQUI.pdf
8,CHIHUAHUA,46,MORELOS,8,12,,,,,,,1826,,,,,,,,,,,,1826,603,780,3209,5592,https://ieechihuahua.org.mx/sistema/archivos/repositorio_actas/2021_mpal_y_dtal/ACM-AYU_046 MORELOS.pdf
8,CHIHUAHUA,47,MORIS,8,11,854,1108,,,,,350,,,,,,,,,,,,2312,0,66,2378,3756,https://ieechihuahua.org.mx/sistema/archivos/repositorio_actas/2021_mpal_y_dtal/ACM-AYU_047 MORIS.pdf
8,CHIHUAHUA,48,NAMIQUIPA,44,53,1657,3987,189,76,,205,,,,,,,1043,,,,1190,,8347,0,372,8719,19810,https://ieechihuahua.org.mx/sistema/archivos/repositorio_actas/2021_mpal_y_dtal/ACM-AYU_048 NAMIQUIPA.pdf
8,CHIHUAHUA,49,NONOAVA,4,7,856,674,,,,,951,,,,,,,,,,,,2481,0,30,2511,2891,https://ieechihuahua.org.mx/sistema/archivos/repositorio_actas/2021_mpal_y_dtal/ACM-AYU_049 NONOAVA.pdf
8,CHIHUAHUA,50,NUEVO CASAS GRANDES,64,96,,1891,,866,,3868,,554,46,437,,6982,7011,,,,,377,22032,12,671,22715,50651,https://ieechihuahua.org.mx/sistema/archivos/repositorio_actas/2021_mpal_y_dtal/ACM-AYU_050 NUEVO CASAS GRANDES.pdf
8,CHIHUAHUA,51,OCAMPO,13,16,422,1572,56,214,,93,1792,,,,,,,,,,,,4149,0,137,4286,6209,https://ieechihuahua.org.mx/sistema/archivos/repositorio_actas/2021_mpal_y_dtal/ACM-AYU_051 OCAMPO.pdf
8,CHIHUAHUA,52,OJINAGA,27,48,4508,5250,,50,,32,,,,,,,1579,,,,,,11419,1,267,11687,24640,https://ieechihuahua.org.mx/sistema/archivos/repositorio_actas/2021_mpal_y_dtal/ACM-AYU_052 OJINAGA.pdf
8,CHIHUAHUA,53,PRAXEDIS G. GUERRERO,9,11,509,838,,39,,260,1158,,,,,,,,,,,,2804,1,87,2892,5547,https://ieechihuahua.org.mx/sistema/archivos/repositorio_actas/2021_mpal_y_dtal/ACM-AYU_053 PRAXEDIS G. GUERRERO.pdf
8,CHIHUAHUA,54,RIVA PALACIO,9,16,1974,1159,,,5,,76,,,13,,,,,,,,,3227,1,57,3285,7609,https://ieechihuahua.org.mx/sistema/archivos/repositorio_actas/2021_mpal_y_dtal/ACM-AYU_054 RIVA PALACIO.pdf
8,CHIHUAHUA,55,ROSALES,16,26,,1192,,,2187,1021,262,119,,,,2967,,,,,,,7748,1,192,7941,13850,https://ieechihuahua.org.mx/sistema/archivos/repositorio_actas/2021_mpal_y_dtal/ACM-AYU_055 ROSALES.pdf
8,CHIHUAHUA,56,ROSARIO,4,5,12,1165,533,,,0,3,,,,,,,,,,,,1713,0,50,1763,2157,https://ieechihuahua.org.mx/sistema/archivos/repositorio_actas/2021_mpal_y_dtal/ACM-AYU_056 ROSARIO.pdf
8,CHIHUAHUA,57,SAN FRANCISCO DE BORJA,7,8,746,789,,,12,,122,,,,,,,,,,,,1669,0,35,1704,2360,https://ieechihuahua.org.mx/sistema/archivos/repositorio_actas/2021_mpal_y_dtal/ACM-AYU_057 SAN FRANCISCO DE BORJA.pdf
8,CHIHUAHUA,58,SAN FRANCISCO DE CONCHOS,6,6,,1111,,,,626,56,,,,,,,,,,,,1793,0,44,1837,2622,https://ieechihuahua.org.mx/sistema/archivos/repositorio_actas/2021_mpal_y_dtal/ACM-AYU_058 SAN FRANCISCO DE CONCHOS.pdf
8,CHIHUAHUA,59,SAN FRANCISCO DEL ORO,11,12,,374,,690,849,360,324,201,,51,,144,,,,,,,2993,1,96,3090,4289,https://ieechihuahua.org.mx/sistema/archivos/repositorio_actas/2021_mpal_y_dtal/ACM-AYU_059 SAN FRANCISCO DEL ORO.pdf
8,CHIHUAHUA,60,SANTA BARBARA,20,22,,2150,,56,,1288,,257,,1228,,532,215,,,,,,5726,1,152,5879,8797,https://ieechihuahua.org.mx/sistema/archivos/repositorio_actas/2021_mpal_y_dtal/ACM-AYU_060 SANTA BARBARA.pdf
8,CHIHUAHUA,61,SATEVO,13,13,1378,93,,,,103,968,,,,,,,,,,,,2542,0,73,2615,4051,https://ieechihuahua.org.mx/sistema/archivos/repositorio_actas/2021_mpal_y_dtal/ACM-AYU_061 SATEVO.pdf
8,CHIHUAHUA,62,SAUCILLO,32,46,4501,993,3497,91,,354,,394,,73,,,2854,,,,,,12757,2,312,13071,25132,https://ieechihuahua.org.mx/sistema/archivos/repositorio_actas/2021_mpal_y_dtal/ACM-AYU_062 SAUCILLO.pdf
8,CHIHUAHUA,63,TEMOSACHIC,12,15,424,139,998,,,,861,,489,,,,,,,,,,2911,0,154,3065,5198,https://ieechihuahua.org.mx/sistema/archivos/repositorio_actas/2021_mpal_y_dtal/ACM-AYU_063 TEMOSACHIC.pdf
8,CHIHUAHUA,64,EL TULE,6,6,1078,127,,,,4,77,,,,,,,,,,,,1286,0,44,1330,2311,https://ieechihuahua.org.mx/sistema/archivos/repositorio_actas/2021_mpal_y_dtal/ACM-AYU_064 EL TULE .pdf
8,CHIHUAHUA,65,URIQUE,16,28,2468,302,,,,3013,2123,,,,,,,,,,,,7906,0,391,8297,13777,https://ieechihuahua.org.mx/sistema/archivos/repositorio_actas/2021_mpal_y_dtal/ACM-AYU_065 URIQUE.pdf
8,CHIHUAHUA,66,URUACHI,11,15,1057,1298,,,,613,241,,,,,,,,,,,,3209,1,173,3383,4922,https://ieechihuahua.org.mx/sistema/archivos/repositorio_actas/2021_mpal_y_dtal/ACM-AYU_066 URUACHI.pdf
8,CHIHUAHUA,67,VALLE DE ZARAGOZA,12,14,,882,,445,,811,67,,,,,373,,,,,,,2578,0,81,2659,4440,https://ieechihuahua.org.mx/sistema/archivos/repositorio_actas/2021_mpal_y_dtal/ACM-AYU_067 VALLE DE ZARAGOZA.pdf
