﻿ID_ESTADO,NOMBRE_ESTADO,ID_MUNICIPIO,MUNICIPIO,SECCIONES,CASILLAS,PAN,PRI,PRD,PVEM,PT,MC,MORENA,PES,RSP,FXM,NACH,PAN_PRD,PT_MORENA_NACH,PT_MORENA,PT_NACH,MORENA_NACH,CAND_IND1,CAND_IND2,CAND_IND3,CAND_IND4,CAND_IND5,NUM_VOTOS_VALIDOS,NUM_VOTOS_CAN_NREG,NUM_VOTOS_NULOS,TOTAL_VOTOS,LISTA_NOMINAL,RUTA_ACTA
8,CHIHUAHUA,1,AHUMADA,15,24,525,1259,,3175,109,43,504,13,,,30,,7,10,0,2,,,,,,5677,1,189,5867,9922,https://ieechihuahua.org.mx/sistema/archivos/repositorio_actas/2021_mpal_y_dtal/ACM-AYU_001 AHUMADA.pdf
8,CHIHUAHUA,2,ALDAMA,20,39,3257,528,56,120,191,2568,1113,392,,,2348,24,44,10,10,85,,,,,,10746,2,257,11005,21401,https://ieechihuahua.org.mx/sistema/archivos/repositorio_actas/2021_mpal_y_dtal/ACM-AYU_002 ALDAMA.pdf
8,CHIHUAHUA,3,ALLENDE,15,18,1192,2557,26,38,442,732,83,79,,,,7,,,,,,,,,,5156,0,141,5297,7459,https://ieechihuahua.org.mx/sistema/archivos/repositorio_actas/2021_mpal_y_dtal/ACM-AYU_003 ALLENDE.pdf
8,CHIHUAHUA,4,AQUILES SERDAN,3,21,928,2906,22,97,23,256,815,224,518,12,29,5,6,5,1,1,,,,,,5848,16,201,6065,13607,https://ieechihuahua.org.mx/sistema/archivos/repositorio_actas/2021_mpal_y_dtal/ACM-AYU_004 AQUILES SERDAN.pdf
8,CHIHUAHUA,5,ASCENSION,20,32,1910,953,2241,,72,970,1336,,,,32,,4,5,0,2,,,,,,7525,1,267,7793,18655,https://ieechihuahua.org.mx/sistema/archivos/repositorio_actas/2021_mpal_y_dtal/ACM-AYU_005 ASCENSION.pdf
8,CHIHUAHUA,6,BACHINIVA,17,17,1900,221,7,100,,300,1077,,,,,,,,,,,,,,,3605,2,94,3701,5786,https://ieechihuahua.org.mx/sistema/archivos/repositorio_actas/2021_mpal_y_dtal/ACM-AYU_006 BACHINIVA.pdf
8,CHIHUAHUA,7,BALLEZA,14,25,800,6231,,,53,232,490,,,,33,,4,2,0,0,,,,,,7845,2,472,8319,13631,https://ieechihuahua.org.mx/sistema/archivos/repositorio_actas/2021_mpal_y_dtal/ACM-AYU_007 BALLEZA.pdf
8,CHIHUAHUA,8,BATOPILAS DE MANUEL GOMEZ MORIN,11,17,327,3000,76,,,,456,140,,,,11,,,,,,,,,,4010,2,482,4494,8145,https://ieechihuahua.org.mx/sistema/archivos/repositorio_actas/2021_mpal_y_dtal/ACM-AYU_008 BATOPILAS DE MANUEL GOMEZ MORIN.pdf
8,CHIHUAHUA,9,BOCOYNA,22,42,4684,2881,,47,36,4209,319,27,,68,76,,3,2,1,2,,,,,,12355,0,749,13104,21351,https://ieechihuahua.org.mx/sistema/archivos/repositorio_actas/2021_mpal_y_dtal/ACM-AYU_009 BOCOYNA.pdf
8,CHIHUAHUA,10,BUENAVENTURA,26,39,2903,4471,58,66,60,52,1345,,,,38,113,2,3,4,4,,,,,,9119,3,364,9486,19342,https://ieechihuahua.org.mx/sistema/archivos/repositorio_actas/2021_mpal_y_dtal/ACM-AYU_010 BUENAVENTURA.pdf
8,CHIHUAHUA,11,CAMARGO,40,76,11442,1514,227,93,104,5292,891,,,,319,,3,2,1,3,,,,,,19891,3,429,20323,39565,https://ieechihuahua.org.mx/sistema/archivos/repositorio_actas/2021_mpal_y_dtal/ACM-AYU_011 CAMARGO.pdf
8,CHIHUAHUA,12,CARICHI,16,19,2101,2531,,,,,183,,,,,,,,,,,,,,,4815,0,247,5062,7720,https://ieechihuahua.org.mx/sistema/archivos/repositorio_actas/2021_mpal_y_dtal/ACM-AYU_012 CARICHI.pdf
8,CHIHUAHUA,13,CASAS GRANDES,12,23,926,2070,,360,117,886,1093,114,,,23,,36,22,1,2,,,,,,5650,0,194,5844,10997,https://ieechihuahua.org.mx/sistema/archivos/repositorio_actas/2021_mpal_y_dtal/ACM-AYU_013 CASAS GRANDES.pdf
8,CHIHUAHUA,14,CORONADO,6,7,1048,505,,,,3,51,,,,,,,,,,,,,,,1607,0,26,1633,1979,https://ieechihuahua.org.mx/sistema/archivos/repositorio_actas/2021_mpal_y_dtal/ACM-AYU_014 CORONADO.pdf
8,CHIHUAHUA,15,COYAME DEL SOTOL,3,4,451,616,,,,,70,505,,,,,,,,,,,,,,1642,0,18,1660,2299,https://ieechihuahua.org.mx/sistema/archivos/repositorio_actas/2021_mpal_y_dtal/ACM-AYU_015 COYAME DEL SOTOL.pdf
8,CHIHUAHUA,16,LA CRUZ,5,8,822,752,4,,,10,13,,,,890,,,,,,,,,,,2491,1,69,2561,3639,https://ieechihuahua.org.mx/sistema/archivos/repositorio_actas/2021_mpal_y_dtal/ACM-AYU_016 LA CRUZ.pdf
8,CHIHUAHUA,17,CUAUHTEMOC,111,242,24029,12151,860,886,818,966,11608,1044,,,719,,74,93,19,59,,,,,,53326,9,1600,54935,134895,https://ieechihuahua.org.mx/sistema/archivos/repositorio_actas/2021_mpal_y_dtal/ACM-AYU_017 CUAUHTEMOC.pdf
8,CHIHUAHUA,18,CUSIHUIRIACHI,13,14,1607,1270,,,114,,54,,,,6,,4,3,0,0,,,,,,3058,0,66,3124,5336,https://ieechihuahua.org.mx/sistema/archivos/repositorio_actas/2021_mpal_y_dtal/ACM-AYU_018 CUSIHUIRIACHI.pdf
8,CHIHUAHUA,19,CHIHUAHUA,678,1303,196840,15541,1872,6942,6665,19807,93972,3587,1243,2245,5065,562,497,752,59,235,,,,,,355884,116,6489,362489,716690,https://ieechihuahua.org.mx/sistema/archivos/repositorio_actas/2021_mpal_y_dtal/ACM-AYU_019 CHIHUAHUA.pdf
8,CHIHUAHUA,20,CHINIPAS,8,16,,1726,,,,126,1391,,,,,,,,,,,,,,,3243,0,150,3393,4906,https://ieechihuahua.org.mx/sistema/archivos/repositorio_actas/2021_mpal_y_dtal/ACM-AYU_020 CHINIPAS.pdf
8,CHIHUAHUA,21,DELICIAS,111,215,27289,7100,399,2859,1750,5983,8047,1071,282,,470,160,25,135,4,11,,,,,,55585,19,1451,57055,118887,https://ieechihuahua.org.mx/sistema/archivos/repositorio_actas/2021_mpal_y_dtal/ACM-AYU_021 DELICIAS.pdf
8,CHIHUAHUA,22,DR. BELISARIO DOMINGUEZ,8,8,120,405,400,87,11,577,36,,,,51,,2,0,0,5,,,,,,1694,0,66,1760,3064,https://ieechihuahua.org.mx/sistema/archivos/repositorio_actas/2021_mpal_y_dtal/ACM-AYU_022 DR BELISARIO DOMINGUEZ.pdf
8,CHIHUAHUA,23,GALEANA,3,9,1237,,,823,27,48,185,415,,,5,,5,2,0,2,,,,,,2749,0,75,2824,4885,https://ieechihuahua.org.mx/sistema/archivos/repositorio_actas/2021_mpal_y_dtal/ACM-AYU_023 GALEANA.pdf
8,CHIHUAHUA,24,SANTA ISABEL,7,9,1211,1376,,,,30,94,,0,25,,,,,,,,,,,,2736,1,65,2802,4323,https://ieechihuahua.org.mx/sistema/archivos/repositorio_actas/2021_mpal_y_dtal/ACM-AYU_024 SANTA ISABEL.pdf
8,CHIHUAHUA,25,GOMEZ FARIAS,15,17,182,1215,13,126,36,647,233,881,,,53,0,8,6,3,2,,,,,,3405,0,215,3620,7036,https://ieechihuahua.org.mx/sistema/archivos/repositorio_actas/2021_mpal_y_dtal/ACM-AYU_025 GOMEZ FARIAS.pdf
8,CHIHUAHUA,26,GRAN MORELOS,13,13,468,578,,743,,16,47,,,,,,,,,,,,,,,1852,0,73,1925,3189,https://ieechihuahua.org.mx/sistema/archivos/repositorio_actas/2021_mpal_y_dtal/ACM-AYU_026 GRAN MORELOS.pdf
8,CHIHUAHUA,27,GUACHOCHI,43,73,2949,7492,49,263,321,192,5962,197,289,159,327,9,40,51,21,74,,,,,,18395,11,1916,20322,36612,https://ieechihuahua.org.mx/sistema/archivos/repositorio_actas/2021_mpal_y_dtal/ACM-AYU_027 GUACHOCHI.pdf
8,CHIHUAHUA,28,GUADALUPE,8,11,779,588,,877,40,237,102,,,18,0,,2,2,0,1,,,,,,2646,0,82,2728,4611,https://ieechihuahua.org.mx/sistema/archivos/repositorio_actas/2021_mpal_y_dtal/ACM-AYU_028 GUADALUPE.pdf
8,CHIHUAHUA,29,GUADALUPE Y CALVO,31,62,4712,10372,,,327,149,2122,,,,188,,11,4,3,12,,,,,,17900,2,1113,19015,31764,https://ieechihuahua.org.mx/sistema/archivos/repositorio_actas/2021_mpal_y_dtal/ACM-AYU_029 GUADALUPE Y CALVO.pdf
8,CHIHUAHUA,30,GUAZAPARES,13,17,2884,,,,,148,1115,,,,,,,,,,,,,,,4147,3,214,4364,6884,https://ieechihuahua.org.mx/sistema/archivos/repositorio_actas/2021_mpal_y_dtal/ACM-AYU_030 GUAZAPARES.pdf
8,CHIHUAHUA,31,GUERRERO,67,82,3084,3720,,163,312,2703,3802,,,359,142,,9,33,14,4,,,,,,14345,1,600,14946,30391,https://ieechihuahua.org.mx/sistema/archivos/repositorio_actas/2021_mpal_y_dtal/ACM-AYU_031 GUERRERO.pdf
8,CHIHUAHUA,32,HIDALGO DEL PARRAL,87,166,6137,12180,234,275,341,15023,4358,7550,,160,369,,68,76,9,71,,,,,,46851,4,1303,48158,88756,https://ieechihuahua.org.mx/sistema/archivos/repositorio_actas/2021_mpal_y_dtal/ACM-AYU_032 HIDALGO DEL PARRAL.pdf
8,CHIHUAHUA,33,HUEJOTITAN,2,3,446,782,,,,1,10,,,,,,,,,,,,,,,1239,0,16,1255,1572,https://ieechihuahua.org.mx/sistema/archivos/repositorio_actas/2021_mpal_y_dtal/ACM-AYU_033 HUEJOTITAN.pdf
8,CHIHUAHUA,34,IGNACIO ZARAGOZA,13,15,335,,142,99,21,1343,211,,,876,6,,0,3,0,1,,,,,,3037,0,95,3132,5536,https://ieechihuahua.org.mx/sistema/archivos/repositorio_actas/2021_mpal_y_dtal/ACM-AYU_034 IGNACIO ZARAGOZA.pdf
8,CHIHUAHUA,35,JANOS,11,17,1588,1006,6,,17,,245,326,165,557,8,,2,0,0,0,,,,,,3920,10,153,4083,8150,https://ieechihuahua.org.mx/sistema/archivos/repositorio_actas/2021_mpal_y_dtal/ACM-AYU_035 JANOS.pdf
8,CHIHUAHUA,36,JIMENEZ,36,56,2866,1792,89,,319,1895,1172,138,,71,6242,,34,10,22,74,231,508,,,,15463,10,349,15822,30396,https://ieechihuahua.org.mx/sistema/archivos/repositorio_actas/2021_mpal_y_dtal/ACM-AYU_036 JIMENEZ.pdf
8,CHIHUAHUA,37,JUAREZ,1176,2085,115731,39241,3187,8277,8455,29013,195640,7969,3399,4371,4990,651,656,1704,106,407,,,,,,423797,425,11336,435558,1144519,https://ieechihuahua.org.mx/sistema/archivos/repositorio_actas/2021_mpal_y_dtal/ACM-AYU_037 JUAREZ.pdf
8,CHIHUAHUA,38,JULIMES,6,9,974,1426,,6,,7,382,20,,,,,,,,,,,,,,2815,0,68,2883,4877,https://ieechihuahua.org.mx/sistema/archivos/repositorio_actas/2021_mpal_y_dtal/ACM-AYU_038 JULIMES.pdf
8,CHIHUAHUA,39,LOPEZ,6,8,290,832,7,,320,950,76,,,,9,0,4,11,1,0,,,,,,2500,0,49,2549,3535,https://ieechihuahua.org.mx/sistema/archivos/repositorio_actas/2021_mpal_y_dtal/ACM-AYU_039 LOPEZ.pdf
8,CHIHUAHUA,40,MADERA,46,59,4789,548,69,,124,99,2826,,1111,,206,24,34,9,7,29,,,,,,9875,2,339,10216,21100,https://ieechihuahua.org.mx/sistema/archivos/repositorio_actas/2021_mpal_y_dtal/ACM-AYU_040 MADERA.pdf
8,CHIHUAHUA,41,MAGUARICHI,4,4,43,547,18,,,263,13,,,,,,,,,,,,,,,884,0,44,928,1244,https://ieechihuahua.org.mx/sistema/archivos/repositorio_actas/2021_mpal_y_dtal/ACM-AYU_041 MAGUARICHI.pdf
8,CHIHUAHUA,42,MANUEL BENAVIDES,5,5,13,14,587,268,560,1,5,,,,0,,1,5,2,0,,,,,,1456,0,72,1528,2134,https://ieechihuahua.org.mx/sistema/archivos/repositorio_actas/2021_mpal_y_dtal/ACM-AYU_042 MANUEL BENAVIDES.pdf
8,CHIHUAHUA,43,MATACHI,7,8,187,587,4,,15,12,266,20,,,464,,,,,,,,,,,1555,0,56,1611,2609,https://ieechihuahua.org.mx/sistema/archivos/repositorio_actas/2021_mpal_y_dtal/ACM-AYU_043 MATACHI.pdf
8,CHIHUAHUA,44,MATAMOROS,8,11,1311,1138,,7,,237,32,,,,,,,,,,,,,,,2725,13,87,2825,4047,https://ieechihuahua.org.mx/sistema/archivos/repositorio_actas/2021_mpal_y_dtal/ACM-AYU_044 MATAMOROS.pdf
8,CHIHUAHUA,45,MEOQUI,35,66,6437,710,86,,207,3808,1493,438,242,,136,25,1,20,0,2,,,2236,,,15841,11,449,16301,36319,https://ieechihuahua.org.mx/sistema/archivos/repositorio_actas/2021_mpal_y_dtal/ACM-AYU_045 MEOQUI.pdf
8,CHIHUAHUA,46,MORELOS,8,12,,,,,,,1826,,,,,,,,,,,,,,,1826,603,780,3209,5592,https://ieechihuahua.org.mx/sistema/archivos/repositorio_actas/2021_mpal_y_dtal/ACM-AYU_046 MORELOS.pdf
8,CHIHUAHUA,47,MORIS,8,11,854,1108,,,,,350,,,,,,,,,,,,,,,2312,0,66,2378,3756,https://ieechihuahua.org.mx/sistema/archivos/repositorio_actas/2021_mpal_y_dtal/ACM-AYU_047 MORIS.pdf
8,CHIHUAHUA,48,NAMIQUIPA,44,53,1657,3987,189,76,74,205,844,,,,103,,9,7,3,3,,,,1190,,8347,0,372,8719,19810,https://ieechihuahua.org.mx/sistema/archivos/repositorio_actas/2021_mpal_y_dtal/ACM-AYU_048 NAMIQUIPA.pdf
8,CHIHUAHUA,49,NONOAVA,4,7,856,674,,,,,951,,,,,,,,,,,,,,,2481,0,30,2511,2891,https://ieechihuahua.org.mx/sistema/archivos/repositorio_actas/2021_mpal_y_dtal/ACM-AYU_049 NONOAVA.pdf
8,CHIHUAHUA,50,NUEVO CASAS GRANDES,64,96,6283,1891,539,866,838,3868,5670,554,46,437,258,160,75,132,11,27,,,,,377,22032,12,671,22715,50651,https://ieechihuahua.org.mx/sistema/archivos/repositorio_actas/2021_mpal_y_dtal/ACM-AYU_050 NUEVO CASAS GRANDES.pdf
8,CHIHUAHUA,51,OCAMPO,13,16,422,1572,56,214,,93,1792,,,,,,,,,,,,,,,4149,0,137,4286,6209,https://ieechihuahua.org.mx/sistema/archivos/repositorio_actas/2021_mpal_y_dtal/ACM-AYU_051 OCAMPO.pdf
8,CHIHUAHUA,52,OJINAGA,27,48,4508,5250,,50,88,32,1250,,,,223,,10,0,2,6,,,,,,11419,1,267,11687,24640,https://ieechihuahua.org.mx/sistema/archivos/repositorio_actas/2021_mpal_y_dtal/ACM-AYU_052 OJINAGA.pdf
8,CHIHUAHUA,53,PRAXEDIS G. GUERRERO,9,11,509,838,,39,,260,1158,,,,,,,,,,,,,,,2804,1,87,2892,5547,https://ieechihuahua.org.mx/sistema/archivos/repositorio_actas/2021_mpal_y_dtal/ACM-AYU_053 PRAXEDIS G. GUERRERO.pdf
8,CHIHUAHUA,54,RIVA PALACIO,9,16,1974,1159,,,5,,76,,,13,,,,,,,,,,,,3227,1,57,3285,7609,https://ieechihuahua.org.mx/sistema/archivos/repositorio_actas/2021_mpal_y_dtal/ACM-AYU_054 RIVA PALACIO.pdf
8,CHIHUAHUA,55,ROSALES,16,26,2921,1192,39,,2187,1021,262,119,,,,7,,,,,,,,,,7748,1,192,7941,13850,https://ieechihuahua.org.mx/sistema/archivos/repositorio_actas/2021_mpal_y_dtal/ACM-AYU_055 ROSALES.pdf
8,CHIHUAHUA,56,ROSARIO,4,5,12,1165,533,,,0,3,,,,,,,,,,,,,,,1713,0,50,1763,2157,https://ieechihuahua.org.mx/sistema/archivos/repositorio_actas/2021_mpal_y_dtal/ACM-AYU_056 ROSARIO.pdf
8,CHIHUAHUA,57,SAN FRANCISCO DE BORJA,7,8,746,789,,,12,,122,,,,,,,,,,,,,,,1669,0,35,1704,2360,https://ieechihuahua.org.mx/sistema/archivos/repositorio_actas/2021_mpal_y_dtal/ACM-AYU_057 SAN FRANCISCO DE BORJA.pdf
8,CHIHUAHUA,58,SAN FRANCISCO DE CONCHOS,6,6,,1111,,,,626,56,,,,,,,,,,,,,,,1793,0,44,1837,2622,https://ieechihuahua.org.mx/sistema/archivos/repositorio_actas/2021_mpal_y_dtal/ACM-AYU_058 SAN FRANCISCO DE CONCHOS.pdf
8,CHIHUAHUA,59,SAN FRANCISCO DEL ORO,11,12,119,374,11,690,849,360,324,201,,51,,14,,,,,,,,,,2993,1,96,3090,4289,https://ieechihuahua.org.mx/sistema/archivos/repositorio_actas/2021_mpal_y_dtal/ACM-AYU_059 SAN FRANCISCO DEL ORO.pdf
8,CHIHUAHUA,60,SANTA BARBARA,20,22,522,2150,9,56,46,1288,147,257,,1228,20,1,1,1,0,0,,,,,,5726,1,152,5879,8797,https://ieechihuahua.org.mx/sistema/archivos/repositorio_actas/2021_mpal_y_dtal/ACM-AYU_060 SANTA BARBARA.pdf
8,CHIHUAHUA,61,SATEVO,13,13,1378,93,,,,103,968,,,,,,,,,,,,,,,2542,0,73,2615,4051,https://ieechihuahua.org.mx/sistema/archivos/repositorio_actas/2021_mpal_y_dtal/ACM-AYU_061 SATEVO.pdf
8,CHIHUAHUA,62,SAUCILLO,32,46,4501,993,3497,91,163,354,1622,394,,73,817,,86,44,36,86,,,,,,12757,2,312,13071,25132,https://ieechihuahua.org.mx/sistema/archivos/repositorio_actas/2021_mpal_y_dtal/ACM-AYU_062 SAUCILLO.pdf
8,CHIHUAHUA,63,TEMOSACHIC,12,15,424,139,998,,,,861,,489,,,,,,,,,,,,,2911,0,154,3065,5198,https://ieechihuahua.org.mx/sistema/archivos/repositorio_actas/2021_mpal_y_dtal/ACM-AYU_063 TEMOSACHIC.pdf
8,CHIHUAHUA,64,EL TULE,6,6,1078,127,,,,4,77,,,,,,,,,,,,,,,1286,0,44,1330,2311,https://ieechihuahua.org.mx/sistema/archivos/repositorio_actas/2021_mpal_y_dtal/ACM-AYU_064 EL TULE .pdf
8,CHIHUAHUA,65,URIQUE,16,28,2468,302,,,,3013,2123,,,,,,,,,,,,,,,7906,0,391,8297,13777,https://ieechihuahua.org.mx/sistema/archivos/repositorio_actas/2021_mpal_y_dtal/ACM-AYU_065 URIQUE.pdf
8,CHIHUAHUA,66,URUACHI,11,15,1057,1298,,,,613,241,,,,,,,,,,,,,,,3209,1,173,3383,4922,https://ieechihuahua.org.mx/sistema/archivos/repositorio_actas/2021_mpal_y_dtal/ACM-AYU_066 URUACHI.pdf
8,CHIHUAHUA,67,VALLE DE ZARAGOZA,12,14,71,882,265,445,,811,67,,,,,37,,,,,,,,,,2578,0,81,2659,4440,https://ieechihuahua.org.mx/sistema/archivos/repositorio_actas/2021_mpal_y_dtal/ACM-AYU_067 VALLE DE ZARAGOZA.pdf
