CIRCUNSCRIPCION,ID_ESTADO,NOMBRE_ESTADO,ID_DISTRITO_LOCAL,CABECERA_DISTRITAL_LOCAL,ID_MUNICIPIO,MUNICIPIO,ID_DEMARCACION_LOCAL,DEMARCACION_LOCAL,TIPO_DE_ELECCION,NOMBRE_PARTICIPANTE,NUMERO_LISTA,CANDIDATO,SEXO_CANDIDATO,RUTA_CONSTANCIA,PARTIDO
,17,MORELOS,1,CUERNAVACA,,,,,DIP_LOC_MR,PAN_PSD,1,ANDREA VALENTINA GORDILLO VEGA,2,,PSD
,17,MORELOS,2,CUERNAVACA,,,,,DIP_LOC_MR,PAN_PSD,1,ANGEL ADAME JIMENEZ,1,,PAN
,17,MORELOS,3,TEPOZTLAN,,,,,DIP_LOC_MR,MORENA_PANALM_PESM,1,ALEJANDRO MARTINEZ BERMUDEZ,1,,MORENA
,17,MORELOS,4,YECAPIXTLA,,,,,DIP_LOC_MR,PAN,1,FRANCISCO ERIK SANCHEZ ZAVALA,1,,PAN
,17,MORELOS,5,TEMIXCO,,,,,DIP_LOC_MR,MORENA,1,MACRINA VALLEJO BELLO,2,,MORENA
,17,MORELOS,6,JIUTEPEC,,,,,DIP_LOC_MR,MORENA,1,ARIADNA BARRERA VAZQUEZ,2,,MORENA
,17,MORELOS,7,CUAUTLA,,,,,DIP_LOC_MR,MORENA_PANALM_PESM,1,MARIA PAOLA CRUZ TORRES,2,,MORENA
,17,MORELOS,8,XOCHITEPEC,,,,,DIP_LOC_MR,PRI_PRD,1,ALBERTO SANCHEZ ORTEGA,1,,PRI
,17,MORELOS,9,PUENTE DE IXTLA,,,,,DIP_LOC_MR,MC,1,LUZ DARY QUEVEDO MALDONADO ,2,,MC
,17,MORELOS,10,AYALA,,,,,DIP_LOC_MR,MORENA_PANALM_PESM,1,VERONICA ANRUBIO KEMPIS,2,,PANALM
,17,MORELOS,11,JOJUTLA,,,,,DIP_LOC_MR,MORENA,1,ARTURO PEREZ FLORES,1,,MORENA
,17,MORELOS,12,YAUTEPEC,,,,,DIP_LOC_MR,PANALM,1,AGUSTIN ALONSO GUTIIRREZ,1,,PANALM
,17,MORELOS,,,,,,,DIP_LOC_RP,MORENA,1,EDI MARGARITA SORIANO BARRERA ,2,http://impepac.mx/wp-content/uploads/2014/11/InfOficial/Acuerdos/2021/08%20Ago/A-511-S-O-30-08-21_20210831124835.pdf,MORENA
,17,MORELOS,,,,,,,DIP_LOC_RP,PAN,2,OSCAR ARMANDO CANO MONDRAGON ,1,http://impepac.mx/wp-content/uploads/2014/11/InfOficial/Acuerdos/2021/08%20Ago/A-511-S-O-30-08-21_20210831124835.pdf,PAN
,17,MORELOS,,,,,,,DIP_LOC_RP,MC,3,JULIO CESAR SOLIS SERRANO,1,http://impepac.mx/wp-content/uploads/2014/11/InfOficial/Acuerdos/2021/08%20Ago/A-511-S-O-30-08-21_20210831124835.pdf,MC
,17,MORELOS,,,,,,,DIP_LOC_RP,PRI,4,ELIASIB POLANCO SALDIVAR ,1,http://impepac.mx/wp-content/uploads/2014/11/InfOficial/Acuerdos/2021/08%20Ago/A-511-S-O-30-08-21_20210831124835.pdf,PRI
,17,MORELOS,,,,,,,DIP_LOC_RP,PT,5,TANIA VALENTINA RODRIGUEZ RUIZ,2,http://impepac.mx/wp-content/uploads/2014/11/InfOficial/Acuerdos/2021/08%20Ago/A-511-S-O-30-08-21_20210831124835.pdf,PT
,17,MORELOS,,,,,,,DIP_LOC_RP,MP,6,JUAN JOSÉ YAÑEZ VAZQUEZ,1,http://impepac.mx/wp-content/uploads/2014/11/InfOficial/Acuerdos/2021/08%20Ago/A-511-S-O-30-08-21_20210831124835.pdf,MP
,17,MORELOS,,,,,,,DIP_LOC_RP,RSP,7,ERIKA HERNANDEZ GORDILLO,2,http://impepac.mx/wp-content/uploads/2014/11/InfOficial/Acuerdos/2021/08%20Ago/A-511-S-O-30-08-21_20210831124835.pdf,RSP
,17,MORELOS,,,,,,,DIP_LOC_RP,PESM,8,MIRNA ZAVALA ZUïÑIGA,2,http://impepac.mx/wp-content/uploads/2014/11/InfOficial/Acuerdos/2021/08%20Ago/A-511-S-O-30-08-21_20210831124835.pdf,PESM
,17,MORELOS,,,1,AMACUZAC,,,PRES_MUN,MP,1,JESUS ITURBE ARANDA,1,,MP
,17,MORELOS,,,1,AMACUZAC,,,SIND,MP,1,RUBI VILLA VALLE,2,,MP
,17,MORELOS,,,1,AMACUZAC,,,REG_RP,PESM,1,URIEL LANDA HERNANDEZ,1,,PESM
,17,MORELOS,,,1,AMACUZAC,,,REG_RP,MC,2,LORENZO SORIANO SOSA,1,,MC
,17,MORELOS,,,1,AMACUZAC,,,REG_RP,PT,3,MARTHA PATRICIA JAIME VILLA,2,,PT
,17,MORELOS,,,2,ATLATLAHUCAN,,,PRES_MUN,PAN,1,ALMA DELIA REYES LINARES,2,,PAN
,17,MORELOS,,,2,ATLATLAHUCAN,,,SIND,PAN,1,RAMIRO FRANCO RAMIREZ,1,,PAN
,17,MORELOS,,,2,ATLATLAHUCAN,,,REG_RP,CAND_IND1,1,CELIA SANCHEZ GARCIA,2,,CAND_IND1
,17,MORELOS,,,2,ATLATLAHUCAN,,,REG_RP,PHM,2,HUMBERTO PALACIOS GONZALEZ,1,,PHM
,17,MORELOS,,,2,ATLATLAHUCAN,,,REG_RP,PES,3,GLORIA CANTU PANTALEON,2,,PES
,17,MORELOS,,,3,AXOCHIAPAN,,,PRES_MUN,MORENA,1,FELIX SANCHEZ ESPINOZA,1,,MORENA
,17,MORELOS,,,3,AXOCHIAPAN,,,SIND,MORENA,1,MAGDALENA HERNANDEZ ANALCO,2,,MORENA
,17,MORELOS,,,3,AXOCHIAPAN,,,REG_RP,MC,1,JOSE GUADALUPE BENITEZ PLIEGO,1,,MC
,17,MORELOS,,,3,AXOCHIAPAN,,,REG_RP,RPM,2,EUFEMIO PLIEGO GARCIA,1,,RPM
,17,MORELOS,,,3,AXOCHIAPAN,,,REG_RP,PSD,3,ELIANA MOLINA PEREZ,2,,PSD
,17,MORELOS,,,3,AXOCHIAPAN,,,REG_RP,PVEM,4,ROXANA GALVAN MEDINA,2,,PVEM
,17,MORELOS,,,3,AXOCHIAPAN,,,REG_RP,RSP,5,EVELIN SANCHEZ PALACIOS,2,,RSP
,17,MORELOS,,,4,AYALA,,,PRES_MUN,PAN,1,ISAAC PIMENTEL MEJIA,1,,PAN
,17,MORELOS,,,4,AYALA,,,SIND,PAN,1,MARIA DE LOURDES LOPEZ TOVAR,2,,PAN
,17,MORELOS,,,4,AYALA,,,REG_RP,PAN,1,VÍCTOR MANUEL MACHUCA PONCE,1,,PAN
,17,MORELOS,,,4,AYALA,,,REG_RP,PAN,2,LUCIA SANDRE AGUILAR,2,,PAN
,17,MORELOS,,,4,AYALA,,,REG_RP,MORENA,3,MARBEL YUVANNI ROJAS MALDONADO,2,,MORENA
,17,MORELOS,,,4,AYALA,,,REG_RP,MORENA,4,DANIEL ALCAZAR CARRILLO,1,,MORENA
,17,MORELOS,,,4,AYALA,,,REG_RP,MORENA,5,GENOVEVA CARRILLO ROSAS,2,,MORENA
,17,MORELOS,,,4,AYALA,,,REG_RP,MORENA,6,CELINA BURGOS ESPINOZA,2,,MORENA
,17,MORELOS,,,4,AYALA,,,REG_RP,PHM,7,ANASTACIO RAMIREZ MODESTO,1,,PHM
,17,MORELOS,,,5,COATLAN DEL RIO,,,PRES_MUN,CAND_IND2,1,CELSO NIETO ESTRADA,1,,CAND_IND2
,17,MORELOS,,,5,COATLAN DEL RIO,,,SIND,CAND_IND2,1,ILSE PALOMA FIGUEROA FLORES,2,,CAND_IND2
,17,MORELOS,,,5,COATLAN DEL RIO,,,REG_RP,MP,1,JEHU SAAVEDRA SANCHEZ,1,,MP
,17,MORELOS,,,5,COATLAN DEL RIO,,,REG_RP,PODEMOS,2,MARCELINO RODRIGUEZ GUEVARA,1,,PODEMOS
,17,MORELOS,,,5,COATLAN DEL RIO,,,REG_RP,PSD,3,KENDRA CUEVAS GONZALEZ,2,,PSD
,17,MORELOS,,,6,CUAUTLA,,,PRES_MUN,MORENA,1,RODRIGO LUIS ARREDONDO LOPEZ,1,,MORENA
,17,MORELOS,,,6,CUAUTLA,,,SIND,MORENA,1,NORBERTA CEBALLOS NERI,2,,MORENA
,17,MORELOS,,,6,CUAUTLA,,,REG_RP,MORENA,1,BRAULIO OLIVAR HERNANDEZ,1,,MORENA
,17,MORELOS,,,6,CUAUTLA,,,REG_RP,MORENA,2,CARMEN GENIS SANCHEZ,2,,MORENA
,17,MORELOS,,,6,CUAUTLA,,,REG_RP,MC,3,RAFAEL ROSALES CORONA,1,,MC
,17,MORELOS,,,6,CUAUTLA,,,REG_RP,PAN,4,ALFREDO GIOVANNI LEZAMA BARRERA,1,,PAN
,17,MORELOS,,,6,CUAUTLA,,,REG_RP,PSD,5,CHRISTIAN RUEDA ROSAS,1,,PSD
,17,MORELOS,,,6,CUAUTLA,,,REG_RP,PES,6,MIGUEL ANGEL BARRANCO GARCIA,1,,PES
,17,MORELOS,,,6,CUAUTLA,,,REG_RP,PRI,7,MICAELA TEPECHA RODRIGUEZ,2,,PRI
,17,MORELOS,,,6,CUAUTLA,,,REG_RP,MC,8,YULIANA TRUJILLO CHAVEZ,2,,MC
,17,MORELOS,,,6,CUAUTLA,,,REG_RP,MP,9,XOCHILT TEPOZTLAN PALACIOS,2,,MP
,17,MORELOS,,,7,CUERNAVACA,,,PRES_MUN,PAN_PSD,1,JOSE LUIS URIOSTEGUI SALGADO,1,,PAN
,17,MORELOS,,,7,CUERNAVACA,,,SIND,PAN_PSD,1,CATALINA VERONICA ATENCO PEREZ,2,,PAN
,17,MORELOS,,,7,CUERNAVACA,,,REG_RP,PAN,1,VICTOR ADRIAN MARTINEZ TERRAZAS,1,,PAN
,17,MORELOS,,,7,CUERNAVACA,,,REG_RP,PAN,2,PAZ HERNANDEZ PARDO,2,,PAN
,17,MORELOS,,,7,CUERNAVACA,,,REG_RP,PAN,3,JESUS RAUL FERNANDO CARRILLO ALVARADO,1,,PAN
,17,MORELOS,,,7,CUERNAVACA,,,REG_RP,MORENA,4,DEBENDRENATH SALAZAR SOLORIO,1,,MORENA
,17,MORELOS,,,7,CUERNAVACA,,,REG_RP,MORENA,5,PATRICIA LUCIA TORRES ROSALES,2,,MORENA
,17,MORELOS,,,7,CUERNAVACA,,,REG_RP,FXM,6,VICTOR HUGO MANSO RODRIGUEZ,1,,FXM
,17,MORELOS,,,7,CUERNAVACA,,,REG_RP,PRI,7,CHRISTIAN MISHELL PEREZ JAIMES,1,,PRI
,17,MORELOS,,,7,CUERNAVACA,,,REG_RP,MAS,8,MARIA WENDY SALINAS RUIZ,2,,MAS
,17,MORELOS,,,7,CUERNAVACA,,,REG_RP,MORENA,9,JESUS TLACAELEL ROSALES PUEBLA,1,,MORENA
,17,MORELOS,,,7,CUERNAVACA,,,REG_RP,PSD,10,MIRNA MIREYA DELGADO ROMERO,2,,PSD
,17,MORELOS,,,7,CUERNAVACA,,,REG_RP,PT,11,JAZMIN LUCERO CUENCA NORIA,2,,PT
,17,MORELOS,,,8,EMILIANO ZAPATA,,,PRES_MUN,PAN_PHM,1,SERGIO GUILLERMO ALBA ESQUIVEL,1,,PAN
,17,MORELOS,,,8,EMILIANO ZAPATA,,,SIND,PAN_PHM,1,ABRIL BERENICE MEDINA RABADAN,2,,PAN
,17,MORELOS,,,8,EMILIANO ZAPATA,,,REG_RP,RSP,1,J. SANTOS TAVAREZ GARCIA,1,,RSP
,17,MORELOS,,,8,EMILIANO ZAPATA,,,REG_RP,MAS,2,ANTONIO DIAZ ALARCON,1,,MAS
,17,MORELOS,,,8,EMILIANO ZAPATA,,,REG_RP,MORENA,3,MIGUEL ANGEL LARA HERNANDEZ,1,,MORENA
,17,MORELOS,,,8,EMILIANO ZAPATA,,,REG_RP,PVEM,4,ISRAEL HERNANDEZ BELTRAN,1,,PVEM
,17,MORELOS,,,8,EMILIANO ZAPATA,,,REG_RP,PT,5,MARIA ISABEL DIAZ MARTINEZ,2,,PT
,17,MORELOS,,,8,EMILIANO ZAPATA,,,REG_RP,PANALM,6,MARIA JOSEFINA HERNANDEZ ZARZA,2,,PANALM
,17,MORELOS,,,8,EMILIANO ZAPATA,,,REG_RP,RSP,7,GRICELL HERNANDEZ VAZQUEZ,2,,RSP
,17,MORELOS,,,9,HUITZILAC,,,PRES_MUN,PRI_PRD,1,RAFAEL VARGAS MUÑOZ,1,,PRI
,17,MORELOS,,,9,HUITZILAC,,,SIND,PRI_PRD,1,ARACELI GONZALEZ MAYA,2,,PRD
,17,MORELOS,,,9,HUITZILAC,,,REG_RP,PVEM,1,ENRIQUE MORENO GONZALEZ,1,,PVEM
,17,MORELOS,,,9,HUITZILAC,,,REG_RP,PANALM,2,VICTOR HUGO ROJAS CUETO,1,,PANALM
,17,MORELOS,,,9,HUITZILAC,,,REG_RP,MAS,3,GLORIA HERNANDEZ CASTILLO,2,,MAS
,17,MORELOS,,,10,JANTETELCO,,,PRES_MUN,RSP,1,ANGEL AUGUSTO DOMINGUEZ SANCHEZ,1,,RSP
,17,MORELOS,,,10,JANTETELCO,,,SIND,RSP,1,EPIGMENIA BONILLA BONILLA,2,,RSP
,17,MORELOS,,,10,JANTETELCO,,,REG_RP,RSP,1,IVAN ALEJANDRO TADEO FLORES,1,,RSP
,17,MORELOS,,,10,JANTETELCO,,,REG_RP,BC,2,GUSTAVO PATIÑO PAVON,1,,BC
,17,MORELOS,,,10,JANTETELCO,,,REG_RP,PHM,3,PILARCITO AGUILAR TADEO,2,,PHM
,17,MORELOS,,,11,JIUTEPEC,,,PRES_MUN,MORENA,1,RAFAEL REYES REYES,1,,MORENA
,17,MORELOS,,,11,JIUTEPEC,,,SIND,MORENA,1,CIRA HORTENCIA VEGA VELAZQUEZ,2,,MORENA
,17,MORELOS,,,11,JIUTEPEC,,,REG_RP,MORENA,1,DANIEL REYES UBALDO,1,,MORENA
,17,MORELOS,,,11,JIUTEPEC,,,REG_RP,MORENA,2,ASENET ALBAVERA AVILA,2,,MORENA
,17,MORELOS,,,11,JIUTEPEC,,,REG_RP,MORENA,3,JORGE ERIK ALQUICIRA CEDILLO,1,,MORENA
,17,MORELOS,,,11,JIUTEPEC,,,REG_RP,RSP,4,ADRIAN GARCIA ZAMANO,1,,RSP
,17,MORELOS,,,11,JIUTEPEC,,,REG_RP,PAN,5,RAUL MARTINEZ ORTIZ,1,,PAN
,17,MORELOS,,,11,JIUTEPEC,,,REG_RP,PRD,6,ERIK RAUL MAYA ORTIZ,1,,PRD
,17,MORELOS,,,11,JIUTEPEC,,,REG_RP,MC,7,PATRICIA LIZETE RAMIREZ ALVAREZ,2,,MC
,17,MORELOS,,,11,JIUTEPEC,,,REG_RP,PRI,8,NATALIA SOLIS CORTEZ,2,,PRI
,17,MORELOS,,,11,JIUTEPEC,,,REG_RP,FXM,9,MARIA ESTHER BARRERA JIMENEZ,2,,FXM
,17,MORELOS,,,12,JOJUTLA,,,PRES_MUN,MORENA,1,JUAN ANGEL FLORES BUSTAMANTE,1,,MORENA
,17,MORELOS,,,12,JOJUTLA,,,SIND,MORENA,1,AMADA MARTINEZ MORAN,2,,MORENA
,17,MORELOS,,,12,JOJUTLA,,,REG_RP,MORENA,1,SIMRI BRAYAN GRIMALDO TOVAR,1,,MORENA
,17,MORELOS,,,12,JOJUTLA,,,REG_RP,MORENA,2,MIRSA BERENICE SUAREZ MALDONADO,2,,MORENA
,17,MORELOS,,,12,JOJUTLA,,,REG_RP,PESM,3,ALBERTO SALGADO PEREZ,1,,PESM
,17,MORELOS,,,12,JOJUTLA,,,REG_RP,PESM,4,PATRICIA LUNA DOMINGUEZ,2,,PESM
,17,MORELOS,,,12,JOJUTLA,,,REG_RP,MAS,5,REYES BRUNO OLIVEROS,1,,MAS
,17,MORELOS,,,13,JONACATEPEC,,,PRES_MUN,PES,1,BRENDA GUERRA VALAGUEZ,2,,PES
,17,MORELOS,,,13,JONACATEPEC,,,SIND,PES,1,FEDERICO PERALTA VITAL,1,,PES
,17,MORELOS,,,13,JONACATEPEC,,,REG_RP,PT,1,JUAN ROBERTO TORRES MONTIEL,1,,PT
,17,MORELOS,,,13,JONACATEPEC,,,REG_RP,MP,2,ELIZABETH OLIVAR BALDERAS,2,,MP
,17,MORELOS,,,13,JONACATEPEC,,,REG_RP,PVEM,3,JUANA ROMERO ANDRES,2,,PVEM
,17,MORELOS,,,14,MAZATEPEC,,,PRES_MUN,MC,1,JORGE TOLEDO BUSTAMANTE,1,,MC
,17,MORELOS,,,14,MAZATEPEC,,,SIND,MC,1,CLAUDIA JANET OCAMPO ELVIRA,2,,MC
,17,MORELOS,,,14,MAZATEPEC,,,REG_RP,PRI,1,MAXIMINA TRINIDAD PEREZ CORIA,2,,PRI
,17,MORELOS,,,14,MAZATEPEC,,,REG_RP,FUTURO,2,MARLON EDWIN ROSAS CARIÑO,1,,FUTURO
,17,MORELOS,,,14,MAZATEPEC,,,REG_RP,PRI,3,MA. MAGDALENA MONTES DE OCA SANCHEZ,2,,PRI
,17,MORELOS,,,15,MIACATLAN,,,PRES_MUN,PRI_PRD,1,FRANCISCO LEON Y VELEZ ARRIAGA,1,,PRD
,17,MORELOS,,,15,MIACATLAN,,,SIND,PRI_PRD,1,NORMA NAYELI ARIAS HERNANDEZ,2,,PRI
,17,MORELOS,,,15,MIACATLAN,,,REG_RP,PRI,1,NOE GOMEZ GOMEZ,1,,PRI
,17,MORELOS,,,15,MIACATLAN,,,REG_RP,RSP,2,GABRIELA MARTINEZ CAMPOS,2,,RSP
,17,MORELOS,,,15,MIACATLAN,,,REG_RP,PESM,3,LUIS ALBERTO LONGARES GARCIA,1,,PESM
,17,MORELOS,,,16,OCUITUCO,,,PRES_MUN,PAN,1,JUAN JESUS ANZURES GARCIA,1,,PAN
,17,MORELOS,,,16,OCUITUCO,,,SIND,PAN,1,ROSA LILIA CALA BARRANCO,2,,PAN
,17,MORELOS,,,16,OCUITUCO,,,REG_RP,PHM,1,ARTURO PEREZ MARTINEZ,1,,PHM
,17,MORELOS,,,16,OCUITUCO,,,REG_RP,PESM,2,ERIKA KARINA CAZAREZ MALDONADO,2,,PESM
,17,MORELOS,,,16,OCUITUCO,,,REG_RP,PT,3,OLGA LIDIA GARCIA PARRA,2,,PT
,17,MORELOS,,,17,PUENTE DE IXTLA,,,PRES_MUN,MORENA,1,CLAUDIA MAZARI TORRES,2,,MORENA
,17,MORELOS,,,17,PUENTE DE IXTLA,,,SIND,MORENA,1,HORACIO JIMENEZ MELGAR,1,,MORENA
,17,MORELOS,,,17,PUENTE DE IXTLA,,,REG_RP,MC,1,CRISTOBAL ACEVEDO AGUIRRE,1,,MC
,17,MORELOS,,,17,PUENTE DE IXTLA,,,REG_RP,PRD,2,NICEFORO FLORES GONZALEZ,1,,PRD
,17,MORELOS,,,17,PUENTE DE IXTLA,,,REG_RP,MP,3,MAURILIO GONZALEZ ALMAZAN,1,,MP
,17,MORELOS,,,17,PUENTE DE IXTLA,,,REG_RP,PT,4,ENEYDA JUDITH ORBE ABARCA,2,,PT
,17,MORELOS,,,17,PUENTE DE IXTLA,,,REG_RP,PRI,5,ALICIA GONZALEZ PICHARDO,2,,PRI
,17,MORELOS,,,18,TEMIXCO,,,PRES_MUN,MORENA_PANALM_PESM,1,JUANA OCAMPO DOMINGUEZ,2,,MORENA
,17,MORELOS,,,18,TEMIXCO,,,SIND,MORENA_PANALM_PESM,1,ANDRES DUQUE TINOCO,1,,MORENA
,17,MORELOS,,,18,TEMIXCO,,,REG_RP,PT,1,JOSEFINA MARTINEZ IBARRA,2,,PT
,17,MORELOS,,,18,TEMIXCO,,,REG_RP,PT,2,RODOLFO TORREJÓN CASTAÑEDA,1,,PT
,17,MORELOS,,,18,TEMIXCO,,,REG_RP,MORENA,3,PATRICIA TOLEDO NAVARRO,2,,MORENA
,17,MORELOS,,,18,TEMIXCO,,,REG_RP,PAN,4,EDGAR GUILLERMO ORTIZ POPOCA,1,,PAN
,17,MORELOS,,,18,TEMIXCO,,,REG_RP,MC,5,ALEXIS GARCIA PEÑA,1,,MC
,17,MORELOS,,,18,TEMIXCO,,,REG_RP,MORENA,6,ALEJANDRO FLORES SANCHEZ,1,,MORENA
,17,MORELOS,,,18,TEMIXCO,,,REG_RP,PT,7,VERONICA JERONIMO MORAN,2,,PT
,17,MORELOS,,,19,TEPALCINGO,,,PRES_MUN,PESM,1,JESUS JUAN ROGEL SOTELO,1,,PESM
,17,MORELOS,,,19,TEPALCINGO,,,SIND,PESM,1,BLANCA ISABEL PLIEGO ZUÑIGA,2,,PESM
,17,MORELOS,,,19,TEPALCINGO,,,REG_RP,FXM,1,JURGEN IVAN QUEVEDO GARDUÑO,1,,FXM
,17,MORELOS,,,19,TEPALCINGO,,,REG_RP,PT,2,JULIO LOPEZ VAZQUEZ,1,,PT
,17,MORELOS,,,19,TEPALCINGO,,,REG_RP,MORENA,3,LILIAN OSORIO AHUAXTLA,2,,MORENA
,17,MORELOS,,,20,TEPOZTLAN,,,PRES_MUN,MC,1,DAVID DEMESA BARRAGAN,1,,MC
,17,MORELOS,,,20,TEPOZTLAN,,,SIND,MC,1,MINERVA ROBLES CEDILLO,2,,MC
,17,MORELOS,,,20,TEPOZTLAN,,,REG_RP,MC,1,ANDRES ERIVAN SANCHEZ LARA,1,,MC
,17,MORELOS,,,20,TEPOZTLAN,,,REG_RP,PT,2,NAZARIO CASTAÑEDA MORALES,1,,PT
,17,MORELOS,,,20,TEPOZTLAN,,,REG_RP,MORENA,3,J. EXALTACION DUARTE SALMERON,1,,MORENA
,17,MORELOS,,,20,TEPOZTLAN,,,REG_RP,PT,4,VELIA CLEMENCIA ORTIZ ROJAS,2,,PT
,17,MORELOS,,,20,TEPOZTLAN,,,REG_RP,PSD,5,MA. DEL PILAR NARVARTE MORALES,2,,PSD
,17,MORELOS,,,21,TETECALA,,,PRES_MUN,MORENA_PANALM_PESM,1,ROSBELIA BENITEZ BELLO,2,,MORENA
,17,MORELOS,,,21,TETECALA,,,SIND,MORENA_PANALM_PESM,1,MANUEL MARCELINO RAMÍREZ,1,,MORENA
,17,MORELOS,,,21,TETECALA,,,REG_RP,MC,1,MITHAIL ALQUISIRA LUNA,2,,MC
,17,MORELOS,,,21,TETECALA,,,REG_RP,PT,2,MANUEL LOPEZ ESPINOZA,1,,PT
,17,MORELOS,,,21,TETECALA,,,REG_RP,PRD,3,YUCARI GUADALUPE REYES GUTIERREZ,2,,PRD
,17,MORELOS,,,22,TETELA DEL VOLCAN,,,PRES_MUN,MORENA_PANALM_PESM,1,LUIS ANTONIO MARTINEZ ALVAREZ,1,,MORENA
,17,MORELOS,,,22,TETELA DEL VOLCAN,,,SIND,MORENA_PANALM_PESM,1,ELENA LOPEZ FLORES,2,,MORENA
,17,MORELOS,,,22,TETELA DEL VOLCAN,,,REG_RP,MC,1,LOT CORTES LOPEZ,1,,MC
,17,MORELOS,,,22,TETELA DEL VOLCAN,,,REG_RP,PES,2,FLORENCIO SANCHEZ GARCIA,1,,PES
,17,MORELOS,,,22,TETELA DEL VOLCAN,,,REG_RP,RSP,3,ALONDRA PEREZ REYES,2,,RSP
,17,MORELOS,,,23,TLALNEPANTLA,,,PRES_MUN,RSP,1,ANGEL ESTRADA RUBIO,1,,RSP
,17,MORELOS,,,23,TLALNEPANTLA,,,SIND,RSP,1,GUISELA MERCADO CHAVEZ,2,,RSP
,17,MORELOS,,,23,TLALNEPANTLA,,,REG_RP,MAS,1,OSCAR RAMIREZ PRIMO,1,,MAS
,17,MORELOS,,,23,TLALNEPANTLA,,,REG_RP,PSD,2,ARMANDO LASCANO GRANDA,1,,PSD
,17,MORELOS,,,23,TLALNEPANTLA,,,REG_RP,MAS,3,ELPIDIA TORRES RAMIREZ,2,,MAS
,17,MORELOS,,,24,TLALTIZAPAN DE ZAPATA,,,PRES_MUN,MORENA,1,GABRIEL MORENO BRUNO,1,,MORENA
,17,MORELOS,,,24,TLALTIZAPAN DE ZAPATA,,,SIND,MORENA,1,DIANA PATRICIA FIGUEROA NUÑEZ,2,,MORENA
,17,MORELOS,,,24,TLALTIZAPAN DE ZAPATA,,,REG_RP,MORENA,1,TOMAS APARICIO COBREROS,1,,MORENA
,17,MORELOS,,,24,TLALTIZAPAN DE ZAPATA,,,REG_RP,PESM,2,ESTEBAN RABADAN MIRANDA,1,,PESM
,17,MORELOS,,,24,TLALTIZAPAN DE ZAPATA,,,REG_RP,PRI_PRD,3,JORGE HERNANDEZ JAIMES,1,,PRI
,17,MORELOS,,,24,TLALTIZAPAN DE ZAPATA,,,REG_RP,PT,4,LETICIA ALCOCER VAZQUEZ,2,,PT
,17,MORELOS,,,24,TLALTIZAPAN DE ZAPATA,,,REG_RP,PESM,5,RAFAELA MALDONADO MORALES,2,,PESM
,17,MORELOS,,,25,TLAQUILTENANGO,,,PRES_MUN,MORENA,1,CARLOS FRANCO RUIZ,1,,MORENA
,17,MORELOS,,,25,TLAQUILTENANGO,,,SIND,MORENA,1,NOHEMI GARCIA GAYTAN,2,,MORENA
,17,MORELOS,,,25,TLAQUILTENANGO,,,REG_RP,MORENA,1,JESUS MELENDEZ CERVANTES,1,,MORENA
,17,MORELOS,,,25,TLAQUILTENANGO,,,REG_RP,RSP,2,JUAN MARTINEZ SANCHEZ,1,,RSP
,17,MORELOS,,,25,TLAQUILTENANGO,,,REG_RP,PAN,3,DANIEL ODILON VERA SANCHEZ,1,,PAN
,17,MORELOS,,,25,TLAQUILTENANGO,,,REG_RP,PRI,4,GABRIELA FRANCISCO GARCIA,2,,PRI
,17,MORELOS,,,25,TLAQUILTENANGO,,,REG_RP,MAS,5,EMILIO JAVIER CABRERA QUINTERO,1,,MAS
,17,MORELOS,,,26,TLAYACAPAN,,,PRES_MUN,PAS,1,EDUARDO CAMPOS ALLENDE,1,,MAS
,17,MORELOS,,,26,TLAYACAPAN,,,SIND,PAS,1,ANGELES YAZMIN SANTAMARIA POLANCO,2,,MAS
,17,MORELOS,,,26,TLAYACAPAN,,,REG_RP,CAND_IND3,1,ALFONSO DE LA ROSA CAMPOS,1,,CAND_IND3
,17,MORELOS,,,26,TLAYACAPAN,,,REG_RP,MP,2,MIGUEL ANGEL CHILLOPA MORALES,1,,MP
,17,MORELOS,,,26,TLAYACAPAN,,,REG_RP,MORENA,3,JESSICA SALDAÑA ROSALES,2,,MORENA
,17,MORELOS,,,27,TOTOLAPAN,,,PRES_MUN,PANALM,1,SERGIO OMAR LIVERA CHAVARRIA,1,,PANALM
,17,MORELOS,,,27,TOTOLAPAN,,,SIND,PANALM,1,LORENA TENCO ALVAREZ,2,,PANALM
,17,MORELOS,,,27,TOTOLAPAN,,,REG_RP,MC,1,ROBERTO LIMA ZAMORA,1,,MC
,17,MORELOS,,,27,TOTOLAPAN,,,REG_RP,RPM,2,RAUL GALVAN HERNANDEZ,1,,RPM
,17,MORELOS,,,27,TOTOLAPAN,,,REG_RP,MORENA,3,LIZETH LEONOR CAMPOS ELIZALDE,2,,MORENA
,17,MORELOS,,,28,XOCHITEPEC,,,PRES_MUN,PRI,1,ROBERTO GONZALO FLORES ZUÑIGA,1,,PRI
,17,MORELOS,,,28,XOCHITEPEC,,,SIND,PRI,1,ARACELI RIOS FIERROS,2,,PRI
,17,MORELOS,,,28,XOCHITEPEC,,,REG_RP,MORENA,1,RAMÓN OCAMPO OCAMPO,1,,MORENA
,17,MORELOS,,,28,XOCHITEPEC,,,REG_RP,MAS,2,JOSE CARLOS MONTAÑO HERNANDEZ,1,,MAS
,17,MORELOS,,,28,XOCHITEPEC,,,REG_RP,PT,3,IVAN GONZALEZ VELAZQUEZ,1,,PT
,17,MORELOS,,,28,XOCHITEPEC,,,REG_RP,MORENA,4,CRISTINA SALAZAR FLORES,2,,MORENA
,17,MORELOS,,,28,XOCHITEPEC,,,REG_RP,MAS,5,YESSICA MINERVA BATALLA VARGAS,2,,MAS
,17,MORELOS,,,29,YAUTEPEC,,,PRES_MUN,MORENA_PANALM_PESM,1,AGUSTIN CORNELIO ALONSO MENDOZA,1,,PANALM
,17,MORELOS,,,29,YAUTEPEC,,,SIND,MORENA_PANALM_PESM,1,NAYELY OMARELY ABARCA FLORES,2,,PANALM
,17,MORELOS,,,29,YAUTEPEC,,,REG_RP,PANALM,1,SERGIO VENCES AVILES,1,,PANALM
,17,MORELOS,,,29,YAUTEPEC,,,REG_RP,RSP,2,BRENDA IBETH GARCIA BARBOSO,2,,RSP
,17,MORELOS,,,29,YAUTEPEC,,,REG_RP,FXM,3,JUAN ALFREDO ARISTA REYNOSA,1,,FXM
,17,MORELOS,,,29,YAUTEPEC,,,REG_RP,MORENA,4,OSCAR VIDAL VERGARA,1,,MORENA
,17,MORELOS,,,29,YAUTEPEC,,,REG_RP,RPM,5,NORMA LINARES VILLALBA,2,,RPM
,17,MORELOS,,,29,YAUTEPEC,,,REG_RP,PESM,6,ALMA DELIA RAMIREZ RABAGO,2,,PESM
,17,MORELOS,,,29,YAUTEPEC,,,REG_RP,RSP,7,LUIS ADRIAN BERNAL MOLINA,1,,RSP
,17,MORELOS,,,30,YECAPIXTLA,,,PRES_MUN,PAN,1,HELADIO RAFAEL SANCHEZ ZAVALA,1,,PAN
,17,MORELOS,,,30,YECAPIXTLA,,,SIND,PAN,1,KARINA LIZBETH LOPEZ ROBLES,2,,PAN
,17,MORELOS,,,30,YECAPIXTLA,,,REG_RP,PAN,1,RUBEN GALLARDO JUAREZ,1,,PAN
,17,MORELOS,,,30,YECAPIXTLA,,,REG_RP,PT,2,SILVESTRE ARZA YAÑEZ,1,,PT
,17,MORELOS,,,30,YECAPIXTLA,,,REG_RP,MORENA,3,PATRICIO JAIME TORRES JUAREZ,1,,MORENA
,17,MORELOS,,,30,YECAPIXTLA,,,REG_RP,PRI,4,ALEJANDRA HERNANDEZ PEREZ,2,,PRI
,17,MORELOS,,,30,YECAPIXTLA,,,REG_RP,RSP,5,ESTEFANIA TORRES YAÑEZ,2,,RSP
,17,MORELOS,,,31,ZACATEPEC,,,PRES_MUN,PESM,1,JOSE LUIS MAYA TORRES,1,,PESM
,17,MORELOS,,,31,ZACATEPEC,,,SIND,PESM,1,MARIA ELENA CASTAÑEDA NERIA,2,,PESM
,17,MORELOS,,,31,ZACATEPEC,,,REG_RP,MORENA,1,IRMA RAMIREZ PEREZ,2,,MORENA
,17,MORELOS,,,31,ZACATEPEC,,,REG_RP,PT,2,WILLIAMS ALMAZAN RIOS,1,,PT
,17,MORELOS,,,31,ZACATEPEC,,,REG_RP,PANALM,3,MARGARITA BORJA DE LA SANCHA,2,,PANALM
,17,MORELOS,,,31,ZACATEPEC,,,REG_RP,PRI,4,RUBEN NAVARRO TOLEDO,1,,PRI
,17,MORELOS,,,31,ZACATEPEC,,,REG_RP,MC,5,CHRISTIAN RAMIREZ ANTUNEZ,1,,MC
,17,MORELOS,,,32,ZACUALPAN DE AMILPAS,,,PRES_MUN,PES,1,DANIEL FERNANDO DOMINGUEZ OCAMPO,1,,PES
,17,MORELOS,,,32,ZACUALPAN DE AMILPAS,,,SIND,PES,1,LUCERO SANDOVAL RIVERA,2,,PES
,17,MORELOS,,,32,ZACUALPAN DE AMILPAS,,,REG_RP,PT,1,JOEL BARRANCO FLORES,1,,PT
,17,MORELOS,,,32,ZACUALPAN DE AMILPAS,,,REG_RP,MAS,2,PILAR VELAZQUEZ TAPIA,2,,MAS
,17,MORELOS,,,32,ZACUALPAN DE AMILPAS,,,REG_RP,RSP,3,IRMA FLORES BARRETO,2,,RSP
,17,MORELOS,,,33,TEMOAC,,,PRES_MUN,PES,1,EMIGDIO EPIFANIO CAPISTRAN VELAZQUEZ,1,,PES
,17,MORELOS,,,33,TEMOAC,,,SIND,PES,1,BERTHA MANZANAREZ GIL,2,,PES
,17,MORELOS,,,33,TEMOAC,,,REG_RP,PRI,1,SANTIAGO ALBERTO BARRETO ARAGON,1,,PRI
,17,MORELOS,,,33,TEMOAC,,,REG_RP,FXM,2,JUAN CARLOS MANZANARES CASTAÑEDA,1,,FXM
,17,MORELOS,,,33,TEMOAC,,,REG_RP,RSP,3,SUSANA BARANDA VILLAFAN,2,,RSP
