﻿CIRCUNSCRIPCION,ID_ESTADO,NOMBRE_ESTADO,ID_DISTRITO_LOCAL,CABECERA_DISTRITAL_LOCAL,ID_MUNICIPIO,MUNICIPIO,ID_DEMARCACION_LOCAL,DEMARCACION_LOCAL,TIPO_DE_ELECCION,NOMBRE_PARTICIPANTE,NUMERO_LISTA,CANDIDATO,SEXO_CANDIDATO,RUTA_CONSTANCIA,PARTIDO
,31,YUCATAN,1,MERIDA,,,,,DIP_LOC_MR,PAN_NAY,1,JESUS EFREN PEREZ BALLOTE,1,,PAN
,31,YUCATAN,2,MERIDA,,,,,DIP_LOC_MR,PAN,1,ABRIL FERREYRO ROSADO,2,,PAN
,31,YUCATAN,3,MERIDA,,,,,DIP_LOC_MR,PAN_NAY,1,KAREM FARIDE ACHACH RAMIREZ,2,,PAN
,31,YUCATAN,4,MERIDA,,,,,DIP_LOC_MR,PAN_NAY,1,VICTOR HUGO LOZANO POVEDA,1,,PAN
,31,YUCATAN,5,MERIDA,,,,,DIP_LOC_MR,PAN,1,KARLA VANESSA SALAZAR GONZALEZ,2,,PAN
,31,YUCATAN,6,KANASIN,,,,,DIP_LOC_MR,PAN,1,MANUELA DE JESUS COCOM BOLIO,2,,PAN
,31,YUCATAN,7,MERIDA,,,,,DIP_LOC_MR,PAN_NAY,1,DAFNE CELINA LOPEZ OSORIO,2,,PAN
,31,YUCATAN,8,UMAN,,,,,DIP_LOC_MR,MORENA,1,JAZMIN YANELI VILLANUEVA MOO,2,,MORENA
,31,YUCATAN,9,PROGRESO,,,,,DIP_LOC_MR,PAN_NAY,1,ERIK JOSE RIHANI GONZALEZ,1,,PAN
,31,YUCATAN,10,TIZIMIN,,,,,DIP_LOC_MR,PAN_PRD_NAY,1,ESTEBAN ABRAHAM MACARI,1,,PAN
,31,YUCATAN,11,VALLADOLID,,,,,DIP_LOC_MR,PAN_NAY,1,LUIS RENE FERNANDEZ VIDAL,1,,NAY
,31,YUCATAN,12,TEKAX,,,,,DIP_LOC_MR,PAN_PRD,1,RAUL ANTONIO ROMERO CHEL,1,,PRD
,31,YUCATAN,13,TICUL,,,,,DIP_LOC_MR,PAN_NAY,1,CARMEN GUADALUPE GONZALEZ MARTIN,2,,PAN
,31,YUCATAN,14,TECOH,,,,,DIP_LOC_MR,PAN_NAY,1,MELBA ROSANA GAMBOA AVILA,2,,PAN
,31,YUCATAN,15,IZAMAL,,,,,DIP_LOC_MR,PAN_NAY,1,INGRID DEL PILAR SANTOS DIAZ,2,,PAN
,31,YUCATAN,,,,,,,DIP_LOC_RP,PRI,1,KARLA REYNA FRANCO BLANCO,2,,PRI
,31,YUCATAN,,,,,,,DIP_LOC_RP,PRI,2,GASPAR ARMANDO QUINTAL PARRA,1,,PRI
,31,YUCATAN,,,,,,,DIP_LOC_RP,PRI,3,FABIOLA LOEZA NOVELO,2,,PRI
,31,YUCATAN,,,,,,,DIP_LOC_RP,PRD,1,EDUARDO SOBRINO SIERRA,1,,PRD
,31,YUCATAN,,,,,,,DIP_LOC_RP,PVEM,1,HARRY GERARDO RODRIGUEZ BOTELLO FIERRO,1,,PVEM
,31,YUCATAN,,,,,,,DIP_LOC_RP,MC,1,VIDA ARAVARI GOMEZ HERRERA,2,,MC
,31,YUCATAN,,,,,,,DIP_LOC_RP,MORENA,1,ALEJANDRA DE LOS ANGELES NOVELO SEGURA,2,,MORENA
,31,YUCATAN,,,,,,,DIP_LOC_RP,MORENA,2,RAFAEL ALEJANDRO ECHAZARRETA TORRES,1,,MORENA
,31,YUCATAN,,,,,,,DIP_LOC_RP,MORENA,3,RUBI ARGELIA BE CHAN,2,,MORENA
,31,YUCATAN,,,,,,,DIP_LOC_RP,NAY,1,JOSE CRESCENCIO GUTIERREZ GONZALEZ,1,,NAY
,31,YUCATAN,,,1,ABALA,,,PRES_MUN,PRI,,MARIA LORENZA AYALA LOPEZ,2,,PRI
,31,YUCATAN,,,1,ABALA,,,SIND,PRI,,SANTOS DIEGO BALAM COUOH,1,,PRI
,31,YUCATAN,,,1,ABALA,,,REG_MR,PRI,,MARIA JUDITH DEL SOCORRO AGUAYO FUENTES,2,,PRI
,31,YUCATAN,,,1,ABALA,,,REG_MR,PRI,,CARLA THAILY EUAN EUAN,2,,PRI
,31,YUCATAN,,,1,ABALA,,,REG_MR,PRI,,ANA GABRIEL BORBOLLA LOPEZ,2,,PRI
,31,YUCATAN,,,1,ABALA,,,REG_RP,PAN_NAY,,MARIA ANTONIA EUAN CAUICH,2,,PAN
,31,YUCATAN,,,1,ABALA,,,REG_RP,PAN_NAY,,ARMANDO VALENTIN CASTILLO DOMINGUEZ,1,,PAN
,31,YUCATAN,,,1,ABALA,,,REG_RP,PRI,,FERNANDO LOPEZ LOPEZ,1,,PRI
,31,YUCATAN,,,2,ACANCEH,,,PRES_MUN,NAY,,MARIO CRUZ HERRERA,1,,NAY
,31,YUCATAN,,,2,ACANCEH,,,SIND,NAY,,FAINE MERCEDES TUN UC,2,,NAY
,31,YUCATAN,,,2,ACANCEH,,,REG_MR,NAY,,JOSE INOCENCIO RICALDE UICAB,1,,NAY
,31,YUCATAN,,,2,ACANCEH,,,REG_MR,NAY,,PAULINA PUC SANTOS,2,,NAY
,31,YUCATAN,,,2,ACANCEH,,,REG_MR,NAY,,ALEXANDRO DE JESUS DIAZ AKE,1,,NAY
,31,YUCATAN,,,2,ACANCEH,,,REG_MR,NAY,,NORMA ESTELA TOLOZA PECH,2,,NAY
,31,YUCATAN,,,2,ACANCEH,,,REG_MR,NAY,,JOSE DE LA CRUZ JIMENEZ UICAB,1,,NAY
,31,YUCATAN,,,2,ACANCEH,,,REG_RP,MC,,ELSY EDIDTH CAB POOT,2,,MC
,31,YUCATAN,,,2,ACANCEH,,,REG_RP,PAN_PRD,,YARALI GUADALUPE VARGUEZ AKE,2,,PRD
,31,YUCATAN,,,2,ACANCEH,,,REG_RP,PVEM,,KARINA GABRIELA ESTRELLA PECH,2,,PVEM
,31,YUCATAN,,,2,ACANCEH,,,REG_RP,NAY,,MAGALI GUADALUPE ESTRELLA GOMEZ,2,,NAY
,31,YUCATAN,,,3,AKIL,,,PRES_MUN,PT,,IGINIA ADALBERTA ZAPATA CHI,2,,PT
,31,YUCATAN,,,3,AKIL,,,SIND,PT,,ANGEL GABRIEL NAH MONTALVO,1,,PT
,31,YUCATAN,,,3,AKIL,,,REG_MR,PT,,VILMA NAVARRETE PERAZA,2,,PT
,31,YUCATAN,,,3,AKIL,,,REG_MR,PT,,RAUL ANGEL UCAN CAB,1,,PT
,31,YUCATAN,,,3,AKIL,,,REG_MR,PT,,LEYDI MARLENE CAB UCAN,2,,PT
,31,YUCATAN,,,3,AKIL,,,REG_MR,PT,,ANTONIO CHAN NIC,1,,PT
,31,YUCATAN,,,3,AKIL,,,REG_MR,PT,,GEISI POOT GONGORA,2,,PT
,31,YUCATAN,,,3,AKIL,,,REG_RP,PRI,,GUADALUPE VARGUEZ COLLI,2,,PRI
,31,YUCATAN,,,3,AKIL,,,REG_RP,PRI,,WILFREDO CAB POOT,1,,PRI
,31,YUCATAN,,,3,AKIL,,,REG_RP,PRI,,CANDY COUOH XOOL,2,,PRI
,31,YUCATAN,,,3,AKIL,,,REG_RP,PT,,ALBERT JESUS UCAN CAMARA,1,,PT
,31,YUCATAN,,,4,BACA,,,PRES_MUN,PVEM,,FREDDY MIGUEL BASTO BASTO,1,,PVEM
,31,YUCATAN,,,4,BACA,,,SIND,PVEM,,AMISADAI ALONZO POOT,2,,PVEM
,31,YUCATAN,,,4,BACA,,,REG_MR,PVEM,,GUILBERT JESUS CANCHE CEBALLOS,1,,PVEM
,31,YUCATAN,,,4,BACA,,,REG_MR,PVEM,,MARIA VALENTINA CANTO VILLAJUANA,2,,PVEM
,31,YUCATAN,,,4,BACA,,,REG_MR,PVEM,,JORGE AMILCAR CAN DZIB,1,,PVEM
,31,YUCATAN,,,4,BACA,,,REG_RP,PAN_NAY,,YULISA MISHEL BASTO POOT,2,,PAN
,31,YUCATAN,,,4,BACA,,,REG_RP,PRI_PRD,,JOSE FELIPE DE JESUS TUN UC,1,,PRI
,31,YUCATAN,,,4,BACA,,,REG_RP,PAN_NAY,,RUBI ESTEFANIA CHIM PISTE,2,,PAN
,31,YUCATAN,,,5,BOKOBA,,,PRES_MUN,PRI_PRD,,RUBY ALEJANDRINA SOSA PEREZ,2,,PRI
,31,YUCATAN,,,5,BOKOBA,,,SIND,PRI_PRD,,HUGO ENRIQUE HUCHIN HUCHIN,1,,PRI
,31,YUCATAN,,,5,BOKOBA,,,REG_MR,PRI_PRD,,NERI MARIANA CANCHE BACAB,2,,PRI
,31,YUCATAN,,,5,BOKOBA,,,REG_RP,PAN_NAY,,JOHNNY MARTIN HUCHIN UITZ,1,,PAN
,31,YUCATAN,,,5,BOKOBA,,,REG_RP,PAN_NAY,,VIANEY ALEJANDRA CIME HUCHIN,2,,PAN
,31,YUCATAN,,,6,BUCTZOTZ,,,PRES_MUN,PAN_NAY,,VICTOR MANUEL CAMPOS BAEZA,1,,PAN
,31,YUCATAN,,,6,BUCTZOTZ,,,SIND,PAN_NAY,,TERESA GUADALUPE SOLIS CHAN,2,,PAN
,31,YUCATAN,,,6,BUCTZOTZ,,,REG_MR,PAN_NAY,,GAZPAR PINEDA DORANTES,1,,PAN
,31,YUCATAN,,,6,BUCTZOTZ,,,REG_MR,PAN_NAY,,VIANDA ISELA TUN CHAN,2,,PAN
,31,YUCATAN,,,6,BUCTZOTZ,,,REG_MR,PAN_NAY,,ROBERT MAGDALENO ZAVALA CARDENAS,1,,PAN
,31,YUCATAN,,,6,BUCTZOTZ,,,REG_RP,PRI_PRD,,JOAQUIN CHABLE MARTIN,1,,PRI
,31,YUCATAN,,,6,BUCTZOTZ,,,REG_RP,PRI_PRD,,ELSY MARIA LIZAMA MUÑOZ,2,,PRI
,31,YUCATAN,,,6,BUCTZOTZ,,,REG_RP,PAN_NAY,,ILEANA ASUNCION ARGAEZ CEPEDA,2,,NAY
,31,YUCATAN,,,7,CACALCHEN,,,PRES_MUN,PRI_PRD,,ABIGAIL DE GUADALUPE PEREZ VAZQUEZ,2,,PRI
,31,YUCATAN,,,7,CACALCHEN,,,SIND,PRI_PRD,,MANUEL DE JESUS OROZCO AKE,1,,PRI
,31,YUCATAN,,,7,CACALCHEN,,,REG_MR,PRI_PRD,,CARMEN LOPEZ XOOL,2,,PRI
,31,YUCATAN,,,7,CACALCHEN,,,REG_MR,PRI_PRD,,GASPAR CHI MADERA,1,,PRI
,31,YUCATAN,,,7,CACALCHEN,,,REG_MR,PRI_PRD,,LISBETH ZORAIDA SANTOS CHE,2,,PRI
,31,YUCATAN,,,7,CACALCHEN,,,REG_RP,PAN_NAY,,JOSE MARCIAL BALAM CHAN,1,,PAN
,31,YUCATAN,,,7,CACALCHEN,,,REG_RP,MC,,SOFIA IMELDA NAH AKE,2,,MC
,31,YUCATAN,,,7,CACALCHEN,,,REG_RP,PRI_PRD,,SERGIO MEZETA AKE,1,,PRI
,31,YUCATAN,,,8,CALOTMUL,,,PRES_MUN,PRI,,LUIS FERNELY POLANCO TUN,1,,PRI
,31,YUCATAN,,,8,CALOTMUL,,,SIND,PRI,,NIDIA PATRICIA KU EUAN,2,,PRI
,31,YUCATAN,,,8,CALOTMUL,,,REG_MR,PRI,,CANDELARIO MENESES GONZALEZ,1,,PRI
,31,YUCATAN,,,8,CALOTMUL,,,REG_RP,PAN_NAY,,FIDELIA CHE TEC,2,,NAY
,31,YUCATAN,,,8,CALOTMUL,,,REG_RP,PAN_NAY,,JOSE MARIA MANZANERO TUN,1,,NAY
,31,YUCATAN,,,9,CANSAHCAB,,,PRES_MUN,PAN,,PAULINO EK CHAN,1,,PAN
,31,YUCATAN,,,9,CANSAHCAB,,,SIND,PAN,,LIGIA MARIA VEGA HERRERA,2,,PAN
,31,YUCATAN,,,9,CANSAHCAB,,,REG_MR,PAN,,PASCUAL LAMBERTO RUIZ LIZAMA,1,,PAN
,31,YUCATAN,,,9,CANSAHCAB,,,REG_RP,PRD,,ROMUALDA DZIB BRITO,2,,PRD
,31,YUCATAN,,,9,CANSAHCAB,,,REG_RP,PRI,,ROCIO DEL ALBA BOLIO TAMAYO,2,,PRI
,31,YUCATAN,,,10,CANTAMAYEC,,,PRES_MUN,PRI,,WILIAN RAFAEL BERMON CONRRADO,1,,PRI
,31,YUCATAN,,,10,CANTAMAYEC,,,SIND,PRI,,CARMEN EK CAN,2,,PRI
,31,YUCATAN,,,10,CANTAMAYEC,,,REG_MR,PRI,,ERIK MOISES CETINA CHAN,1,,PRI
,31,YUCATAN,,,10,CANTAMAYEC,,,REG_RP,PRD,,MARIA ELURDES DOMINGUEZ COLLI,2,,PRD
,31,YUCATAN,,,10,CANTAMAYEC,,,REG_RP,PAN_NAY,,JOSE RAUL BERMON TUZ,1,,NAY
,31,YUCATAN,,,11,CELESTUN,,,PRES_MUN,PAN_NAY,,JOSE ASUNCION RAMIREZ PERERA,1,,PAN
,31,YUCATAN,,,11,CELESTUN,,,SIND,PAN_NAY,,ANA DEL PILAR CRUZ MAZARIEGO,2,,PAN
,31,YUCATAN,,,11,CELESTUN,,,REG_MR,PAN_NAY,,JORGE ENRIQUE UH CHAY,1,,PAN
,31,YUCATAN,,,11,CELESTUN,,,REG_MR,PAN_NAY,,ANA ELENA RODRIGUEZ PISTE,2,,PAN
,31,YUCATAN,,,11,CELESTUN,,,REG_MR,PAN_NAY,,FERNANDO FRANCISCO COUOH MENDEZ,1,,PAN
,31,YUCATAN,,,11,CELESTUN,,,REG_RP,PVEM,,RAYMUNDO NAVARRO SOTO,1,,PVEM
,31,YUCATAN,,,11,CELESTUN,,,REG_RP,PRI,,SAYDY NOEMI CHAY PINZON,2,,PRI
,31,YUCATAN,,,11,CELESTUN,,,REG_RP,PRD,,ISABEL DEL CARMEN MONTAÑO AGUILAR,2,,PRD
,31,YUCATAN,,,12,CENOTILLO,,,PRES_MUN,PAN,,ANGEL HERMENEGILDO CARDOZ FERNANDEZ,1,,PAN
,31,YUCATAN,,,12,CENOTILLO,,,SIND,PAN,,ALEJANDRA DEL ROSARIO BURGOS CONTRERAS,2,,PAN
,31,YUCATAN,,,12,CENOTILLO,,,REG_MR,PAN,,PEDRO DAMIAN FUENTES NOH,1,,PAN
,31,YUCATAN,,,12,CENOTILLO,,,REG_RP,PRI,,RUBEN YAM POOL,1,,PRI
,31,YUCATAN,,,12,CENOTILLO,,,REG_RP,PAN,,VANESSA XOOC MATOS,2,,PAN
,31,YUCATAN,,,13,CONKAL,,,PRES_MUN,PRI_PRD,,HISELLE DEL CARMEN DIAZ DEL CASTILLO CANCHE,2,,PRI
,31,YUCATAN,,,13,CONKAL,,,SIND,PRI_PRD,,FRANCISCO EVIA GAMBOA,1,,PRI
,31,YUCATAN,,,13,CONKAL,,,REG_MR,PRI_PRD,,MARIA ELENA CEBALLOS GONZALEZ,2,,PRI
,31,YUCATAN,,,13,CONKAL,,,REG_MR,PRI_PRD,,JOSE ENRIQUE SALAZAR CATZIN,1,,PRI
,31,YUCATAN,,,13,CONKAL,,,REG_MR,PRI_PRD,,ALHELI POOL AGUILAR,2,,PRI
,31,YUCATAN,,,13,CONKAL,,,REG_MR,PRI_PRD,,JOSE GUADALUPE AGUILAR CRUZ,1,,PRI
,31,YUCATAN,,,13,CONKAL,,,REG_MR,PRI_PRD,,MIRNA DEL SOCORRO POOL CANCHE,2,,PRI
,31,YUCATAN,,,13,CONKAL,,,REG_RP,PAN,,ROSA ISELA SALAZAR ANGULO,2,,PAN
,31,YUCATAN,,,13,CONKAL,,,REG_RP,MORENA,,FLOR ALEJANDRINA VILLANUEVA ROMERO,2,,MORENA
,31,YUCATAN,,,13,CONKAL,,,REG_RP,PAN,,MIGUEL ANGEL AGUILAR AGUILAR,1,,PAN
,31,YUCATAN,,,13,CONKAL,,,REG_RP,PRI_PRD,,MOISES EDUARDO ESCOBEDO VARGUEZ,1,,PRD
,31,YUCATAN,,,14,CUNCUNUL,,,PRES_MUN,PRI,,TILA ROSADO CHALAS,2,,PRI
,31,YUCATAN,,,14,CUNCUNUL,,,SIND,PRI,,JOSE LUIS TEH CHI,1,,PRI
,31,YUCATAN,,,14,CUNCUNUL,,,REG_MR,PRI,,NAYVI ALHELI SALAZAR TAMAYO,2,,PRI
,31,YUCATAN,,,14,CUNCUNUL,,,REG_RP,PAN_NAY,,JOSE GERMAN POOT CEN,1,,PAN
,31,YUCATAN,,,14,CUNCUNUL,,,REG_RP,PRI,,RICARDO DE JESUS CASTRO SALAZAR,1,,PRI
,31,YUCATAN,,,15,CUZAMA,,,PRES_MUN,PAN,,VICTOR MANUEL SOBERANIS VILLANUEVA,1,,PAN
,31,YUCATAN,,,15,CUZAMA,,,SIND,PAN,,ROSA NATIVIDAD BE MAY,2,,PAN
,31,YUCATAN,,,15,CUZAMA,,,REG_MR,PAN,,FRANCISCO JAVIER CAUICH BRACAMONTES,1,,PAN
,31,YUCATAN,,,15,CUZAMA,,,REG_MR,PAN,,MARTINA BE CAAMAL,2,,PAN
,31,YUCATAN,,,15,CUZAMA,,,REG_MR,PAN,,MARCOS SANCHEZ CHAN,1,,PAN
,31,YUCATAN,,,15,CUZAMA,,,REG_RP,MORENA,,LORENA PATRICIA CETZAL CHALE,2,,MORENA
,31,YUCATAN,,,15,CUZAMA,,,REG_RP,PRI_PRD_NAY,,JOSE ELOY KU CHAN,1,,PRD
,31,YUCATAN,,,15,CUZAMA,,,REG_RP,MORENA,,MAXIMILIANA CHI PERAZA,2,,MORENA
,31,YUCATAN,,,16,CHACSINKIN,,,PRES_MUN,PRI,,ROGER HUMBERTO SANCHEZ ANGULO,1,,PRI
,31,YUCATAN,,,16,CHACSINKIN,,,SIND,PRI,,YASUMY GRISSEL KU CANCHE,2,,PRI
,31,YUCATAN,,,16,CHACSINKIN,,,REG_MR,PRI,,GILMER KU CHUC,1,,PRI
,31,YUCATAN,,,16,CHACSINKIN,,,REG_RP,MORENA,,GEIDI MARICRUZ CHABLE CANCHE,2,,MORENA
,31,YUCATAN,,,16,CHACSINKIN,,,REG_RP,MORENA,,WILIAM DE JESUS MUKUL ALCOCER,1,,MORENA
,31,YUCATAN,,,17,CHANKOM,,,PRES_MUN,PRI,,CONCEPCION TAMAY NOH,2,,PRI
,31,YUCATAN,,,17,CHANKOM,,,SIND,PRI,,EFRAIN CIME POOT,1,,PRI
,31,YUCATAN,,,17,CHANKOM,,,REG_MR,PRI,,ALMA ROSA BALAM CEN,2,,PRI
,31,YUCATAN,,,17,CHANKOM,,,REG_RP,PAN,,LIZBETH YAMILI TAMAYO CHIM,2,,PAN
,31,YUCATAN,,,17,CHANKOM,,,REG_RP,PAN,,MANUEL OLIVETTE CIME UICAB,1,,PAN
,31,YUCATAN,,,18,CHAPAB,,,PRES_MUN,PRI,,LIZBET CONCEPCION RIVERO ZAPATA,2,,PRI
,31,YUCATAN,,,18,CHAPAB,,,SIND,PRI,,ELIAS GASPAR UICAB PACHECO,1,,PRI
,31,YUCATAN,,,18,CHAPAB,,,REG_MR,PRI,,ALVA ROCIO SALAZAR NOH,2,,PRI
,31,YUCATAN,,,18,CHAPAB,,,REG_RP,MC,,ABIEL ELIEZER EK EK,1,,MC
,31,YUCATAN,,,18,CHAPAB,,,REG_RP,PAN_NAY,,JOSE LUIS UICAB PACHECO,1,,NAY
,31,YUCATAN,,,19,CHEMAX,,,PRES_MUN,PAN,,LUCIO BALAM HERRERA,1,,PAN
,31,YUCATAN,,,19,CHEMAX,,,SIND,PAN,,KAREN ANGELICA SABIDO QUETZAL,2,,PAN
,31,YUCATAN,,,19,CHEMAX,,,REG_MR,PAN,,ELISEO BALAM BALAM,1,,PAN
,31,YUCATAN,,,19,CHEMAX,,,REG_MR,PAN,,SILVESTRA CHOC CANTO,2,,PAN
,31,YUCATAN,,,19,CHEMAX,,,REG_MR,PAN,,LORENZO HOIL EK,1,,PAN
,31,YUCATAN,,,19,CHEMAX,,,REG_MR,PAN,,MANUELA DE JESUS HAU XIU,2,,PAN
,31,YUCATAN,,,19,CHEMAX,,,REG_MR,PAN,,MAXIMILIANO BALAM OXTE,1,,PAN
,31,YUCATAN,,,19,CHEMAX,,,REG_RP,PRI,,MARIA LOURDES ITZA CHAN,2,,PRI
,31,YUCATAN,,,19,CHEMAX,,,REG_RP,MORENA,,ROSALIA POOL PAAT,2,,MORENA
,31,YUCATAN,,,19,CHEMAX,,,REG_RP,PRI,,JOSE VITALIANO MAHLA BALAM,1,,PRI
,31,YUCATAN,,,19,CHEMAX,,,REG_RP,PAN,,MERCY UC CHIMAL,2,,PAN
,31,YUCATAN,,,20,CHICXULUB PUEBLO,,,PRES_MUN,PAN_NAY,,AMILCAR ABRICEL REYES MARIN,1,,PAN
,31,YUCATAN,,,20,CHICXULUB PUEBLO,,,SIND,PAN_NAY,,MERCEDES DEL CARMEN MATU CHALE,2,,PAN
,31,YUCATAN,,,20,CHICXULUB PUEBLO,,,REG_MR,PAN_NAY,,ORLANDO ANTONIO SALAZAR BARRERA,1,,PAN
,31,YUCATAN,,,20,CHICXULUB PUEBLO,,,REG_RP,PRI,,JESUS DE LA CRUZ AGUILAR KU,1,,PRI
,31,YUCATAN,,,20,CHICXULUB PUEBLO,,,REG_RP,MORENA,,LUCY AURORA CHAN SOSA,2,,MORENA
,31,YUCATAN,,,21,CHICHIMILA,,,PRES_MUN,PRI,,FRANCISCO MEDINA MARTIN,1,,PRI
,31,YUCATAN,,,21,CHICHIMILA,,,SIND,PRI,,ARELI ABIGAIL EK TUN,2,,PRI
,31,YUCATAN,,,21,CHICHIMILA,,,REG_MR,PRI,,IRMA ROSA CIAU TUZ,2,,PRI
,31,YUCATAN,,,21,CHICHIMILA,,,REG_MR,PRI,,MIRNA BEATRIZ PUC JIMENEZ,2,,PRI
,31,YUCATAN,,,21,CHICHIMILA,,,REG_MR,PRI,,MIGUEL ANGEL UITZIL TUN,1,,PRI
,31,YUCATAN,,,21,CHICHIMILA,,,REG_RP,PAN,,EUDALDO TUN BALAM,1,,PAN
,31,YUCATAN,,,21,CHICHIMILA,,,REG_RP,PVEM,,MARIA ANGELINA POOL NAHUAT,2,,PVEM
,31,YUCATAN,,,21,CHICHIMILA,,,REG_RP,PAN,,JUANITA CAHUM DZIB,2,,PAN
,31,YUCATAN,,,22,CHIKINDZONOT,,,PRES_MUN,PRI,,ISIDRO KAUIL CHAN,1,,PRI
,31,YUCATAN,,,22,CHIKINDZONOT,,,SIND,PRI,,MARIA DOMINGA CAHUM PAT,2,,PRI
,31,YUCATAN,,,22,CHIKINDZONOT,,,REG_MR,PRI,,ORLANDO POOT KAUIL,1,,PRI
,31,YUCATAN,,,22,CHIKINDZONOT,,,REG_RP,MORENA,,MARIA ROSALINA MOO PAT,2,,MORENA
,31,YUCATAN,,,22,CHIKINDZONOT,,,REG_RP,PRI,,ROSA ISELA KOYOC MOO,2,,PRI
,31,YUCATAN,,,23,CHOCHOLA,,,PRES_MUN,PRI,,ERWIN OBET MARTIN ALCOCER,1,,PRI
,31,YUCATAN,,,23,CHOCHOLA,,,SIND,PRI,,MARIA AZUCENA MAY PECH,2,,PRI
,31,YUCATAN,,,23,CHOCHOLA,,,REG_MR,PRI,,ROSA DE LIMA UICAB COCOM,2,,PRI
,31,YUCATAN,,,23,CHOCHOLA,,,REG_RP,MC,,JUAN MARTIN SANCHEZ LOPEZ,1,,MC
,31,YUCATAN,,,23,CHOCHOLA,,,REG_RP,MORENA,,LUIS PASCUAL QUINTAL TUN,1,,MORENA
,31,YUCATAN,,,24,CHUMAYEL,,,PRES_MUN,MORENA,,CLEMENTE JULIAN CANO CHAN,1,,MORENA
,31,YUCATAN,,,24,CHUMAYEL,,,SIND,MORENA,,GUADALUPE DEL ROSARIO CHAY PUCH,2,,MORENA
,31,YUCATAN,,,24,CHUMAYEL,,,REG_MR,MORENA,,JOSE ALEXIS PERAZA CRUZ,1,,MORENA
,31,YUCATAN,,,24,CHUMAYEL,,,REG_RP,PRI,,GABRIELA VICTORIA BRICEÑO ITZA,2,,PRI
,31,YUCATAN,,,24,CHUMAYEL,,,REG_RP,PRI,,ALFREDO EK ITZA,1,,PRI
,31,YUCATAN,,,25,DZAN,,,PRES_MUN,PRI,,JOSE ANTONIO PEREZ CABRERA,1,,PRI
,31,YUCATAN,,,25,DZAN,,,SIND,PRI,,MANUELA DE JESUS CASTILLO INTERIAN,2,,PRI
,31,YUCATAN,,,25,DZAN,,,REG_MR,PRI,,HENRY ISAI UC TZUC,1,,PRI
,31,YUCATAN,,,25,DZAN,,,REG_MR,PRI,,MARIA IRENE SANDOVAL KU,2,,PRI
,31,YUCATAN,,,25,DZAN,,,REG_MR,PRI,,ARWIN ABDIEL UC ORTIZ,1,,PRI
,31,YUCATAN,,,25,DZAN,,,REG_RP,PAN_NAY,,ROSA CRISTINA CHABLE KU,2,,PAN
,31,YUCATAN,,,25,DZAN,,,REG_RP,PAN_NAY,,JOSE LIBERATO JIMENEZ BAEZA,1,,PAN
,31,YUCATAN,,,25,DZAN,,,REG_RP,PAN_NAY,,MARIA LINA FLORES HERNANDEZ,2,,PAN
,31,YUCATAN,,,26,DZEMUL,,,PRES_MUN,MC,,JOSE WILBERTO FLOTA AKE,1,,MC
,31,YUCATAN,,,26,DZEMUL,,,SIND,MC,,RITA ARACELLY AKE CHUC,2,,MC
,31,YUCATAN,,,26,DZEMUL,,,REG_MR,MC,,JOSE ANTONIO ORTEGA CANTO,1,,MC
,31,YUCATAN,,,26,DZEMUL,,,REG_RP,PAN,,JOSE FRANCISCO GOMEZ CHALE,1,,PAN
,31,YUCATAN,,,26,DZEMUL,,,REG_RP,PAN,,MARIA CONCEPCION CATZIN UCH,2,,PAN
,31,YUCATAN,,,27,DZIDZANTUN,,,PRES_MUN,PRI,,ISMAEL AGUILAR PUC,1,,PRI
,31,YUCATAN,,,27,DZIDZANTUN,,,SIND,PRI,,ROMY ALEJANDRINA RODRIGUEZ UICAB,2,,PRI
,31,YUCATAN,,,27,DZIDZANTUN,,,REG_MR,PRI,,LUIS FERNANDO CANTO FLORES,1,,PRI
,31,YUCATAN,,,27,DZIDZANTUN,,,REG_MR,PRI,,VALERIA GOROCICA TORRES,2,,PRI
,31,YUCATAN,,,27,DZIDZANTUN,,,REG_MR,PRI,,JORGE MANRIQUE TABASCO,1,,PRI
,31,YUCATAN,,,27,DZIDZANTUN,,,REG_RP,PAN_NAY,,DEIFI ARLENE MAY SABIDO,2,,PAN
,31,YUCATAN,,,27,DZIDZANTUN,,,REG_RP,PAN_NAY,,JOSE RACIEL ESCAMILLA PEREIRA,1,,PAN
,31,YUCATAN,,,27,DZIDZANTUN,,,REG_RP,PAN_NAY,,MARGARITA ISABEL GUERRERO JIMENEZ,2,,PAN
,31,YUCATAN,,,28,DZILAM DE BRAVO,,,PRES_MUN,PRI,,DANIEL ARMANDO HERRERA RIVERA,1,,PRI
,31,YUCATAN,,,28,DZILAM DE BRAVO,,,SIND,PRI,,CRISTINA DEL CARMEN ANGULO GONZALEZ,2,,PRI
,31,YUCATAN,,,28,DZILAM DE BRAVO,,,REG_MR,PRI,,JOSE GERONIMO MEDINA TREJO,1,,PRI
,31,YUCATAN,,,28,DZILAM DE BRAVO,,,REG_RP,PAN_NAY,,GIMMY LEONEL CUPUL TREJO,1,,PAN
,31,YUCATAN,,,28,DZILAM DE BRAVO,,,REG_RP,PAN_NAY,,FRANCINE GUADALUPE CANCHE SANTANA,2,,PAN
,31,YUCATAN,,,29,DZILAM GONZALEZ,,,PRES_MUN,PRI,,CHRISTIAN ISMAEL CARRILLO BAEZA,1,,PRI
,31,YUCATAN,,,29,DZILAM GONZALEZ,,,SIND,PRI,,MARGELI RAYMUNDA VELAZQUEZ CAAMAL,2,,PRI
,31,YUCATAN,,,29,DZILAM GONZALEZ,,,REG_MR,PRI,,JORGE ALEJANDRO AZCORRA POOL,1,,PRI
,31,YUCATAN,,,29,DZILAM GONZALEZ,,,REG_MR,PRI,,MARTA MARIA TAMAYO GUTIERREZ,2,,PRI
,31,YUCATAN,,,29,DZILAM GONZALEZ,,,REG_MR,PRI,,ALDRIN EMIR CASTILLO CASTILLO,1,,PRI
,31,YUCATAN,,,29,DZILAM GONZALEZ,,,REG_RP,FXM,,LUIGUI GABRIEL CRUZ SANCHEZ,1,,FXM
,31,YUCATAN,,,29,DZILAM GONZALEZ,,,REG_RP,PAN_NAY,,DURBIN DOLORES ESCALANTE CIME,2,,PAN
,31,YUCATAN,,,29,DZILAM GONZALEZ,,,REG_RP,FXM,,LILIANA MARLENY TAMAYO PERAZA,2,,FXM
,31,YUCATAN,,,30,DZITAS,,,PRES_MUN,PAN_NAY,,JUAN FRANCISCO PEREZ KOH,1,,PAN
,31,YUCATAN,,,30,DZITAS,,,SIND,PAN_NAY,,FRANCISCA DEL PILAR AVILA LOPEZ,2,,PAN
,31,YUCATAN,,,30,DZITAS,,,REG_MR,PAN_NAY,,WILFRIDO CESAR CASTRO MAY,1,,PAN
,31,YUCATAN,,,30,DZITAS,,,REG_RP,PRI,,ERMILO MAY VARGAS,2,,PRI
,31,YUCATAN,,,30,DZITAS,,,REG_RP,PRI,,MARIA GUADALUPE PADILLA MOO,1,,PRI
,31,YUCATAN,,,31,DZONCAUICH,,,PRES_MUN,PRI,,GLORIA MAGALY RAZ COHUO,2,,PRI
,31,YUCATAN,,,31,DZONCAUICH,,,SIND,PRI,,FRANCISCO JAVIER CAB CANUL,1,,PRI
,31,YUCATAN,,,31,DZONCAUICH,,,REG_MR,PRI,,ERIKA ISABEL CHABLE PAT,2,,PRI
,31,YUCATAN,,,31,DZONCAUICH,,,REG_RP,PAN_NAY,,JOSE MARIA CANCHE CANUL,1,,PAN
,31,YUCATAN,,,31,DZONCAUICH,,,REG_RP,PAN_NAY,,VIRIDIANA HUCHIN BASTO,2,,PAN
,31,YUCATAN,,,32,ESPITA,,,PRES_MUN,PAN_PRD_NAY,,MARTHA EUGENIA MENA ALCOCER,2,,PAN
,31,YUCATAN,,,32,ESPITA,,,SIND,PAN_PRD_NAY,,JOSE MANUEL RIVERO BATES,1,,PAN
,31,YUCATAN,,,32,ESPITA,,,REG_MR,PAN_PRD_NAY,,KARINA ADELEMY CUPUL XULUC,2,,PAN
,31,YUCATAN,,,32,ESPITA,,,REG_MR,PAN_PRD_NAY,,PEDRO TOMAS CHIMAL KUK,1,,PAN
,31,YUCATAN,,,32,ESPITA,,,REG_MR,PAN_PRD_NAY,,MARIA CELAIDA PECH POOL,2,,PAN
,31,YUCATAN,,,32,ESPITA,,,REG_MR,PAN_PRD_NAY,,JOSE JUSTINO OY COCOM,1,,PAN
,31,YUCATAN,,,32,ESPITA,,,REG_MR,PAN_PRD_NAY,,BERNARDA MARLENE YAM CANCHE,2,,PAN
,31,YUCATAN,,,32,ESPITA,,,REG_RP,PRI,,MARIA LUISA POOL CAUICH,2,,PRI
,31,YUCATAN,,,32,ESPITA,,,REG_RP,PRI,,WILBERTH MOISES MOO KUK,1,,PRI
,31,YUCATAN,,,32,ESPITA,,,REG_RP,PRI,,MARIA MARCIALA OJEDA KUYOC,2,,PRI
,31,YUCATAN,,,32,ESPITA,,,REG_RP,PAN_PRD_NAY,,JOSE ANTONIO PETUL PAT,1,,PAN
,31,YUCATAN,,,33,HALACHO,,,PRES_MUN,NAY,,RODOLFO ABELARDO CASTILLO HUCHIM,1,,NAY
,31,YUCATAN,,,33,HALACHO,,,SIND,NAY,,CINDY GUADALUPE CHIM MUT,2,,NAY
,31,YUCATAN,,,33,HALACHO,,,REG_MR,NAY,,DAGOBERTO CAAMAL CAN,1,,NAY
,31,YUCATAN,,,33,HALACHO,,,REG_MR,NAY,,PATRICIA ISABEL KEB PECH,2,,NAY
,31,YUCATAN,,,33,HALACHO,,,REG_MR,NAY,,CLEMENTE ALBERTO COLLI CAUICH,1,,NAY
,31,YUCATAN,,,33,HALACHO,,,REG_MR,NAY,,LAURA ZULEMY HERRERA POOL,2,,NAY
,31,YUCATAN,,,33,HALACHO,,,REG_MR,NAY,,CASIMIRO CANUL MIS,1,,NAY
,31,YUCATAN,,,33,HALACHO,,,REG_RP,PAN,, CLELIA PAMELA TUCUCH ARGAEZ,2,,PAN
,31,YUCATAN,,,33,HALACHO,,,REG_RP,PRI,,MARIA JUSTINA MUT CABRERA,2,,PRI
,31,YUCATAN,,,33,HALACHO,,,REG_RP,FXM,,ILIANA ROSALIA COLLI HUCHIM,2,,FXM
,31,YUCATAN,,,33,HALACHO,,,REG_RP,PAN,,ROGER ALBERTO CENTENO CANUL,1,,PAN
,31,YUCATAN,,,34,HOCABA,,,PRES_MUN,PRI,,EDUARDO ENRIQUE EUAN FRANCO,1,,PRI
,31,YUCATAN,,,34,HOCABA,,,SIND,PRI,,MAHEALENY LUCIA DZUL YAH,2,,PRI
,31,YUCATAN,,,34,HOCABA,,,REG_MR,PRI,,ANGEL DE JESUS PAT MARTIN,1,,PRI
,31,YUCATAN,,,34,HOCABA,,,REG_MR,PRI,,DEYRA GUADALUPE TUYUB BALAM,2,,PRI
,31,YUCATAN,,,34,HOCABA,,,REG_MR,PRI,,PABLO DANIEL PEREZ UUH,1,,PRI
,31,YUCATAN,,,34,HOCABA,,,REG_RP,MORENA,,YENI MARILU MATU DZUL,2,,MORENA
,31,YUCATAN,,,34,HOCABA,,,REG_RP,NAY,,DALI MARIA DEL ROCIO MEX CERVANTES,2,,NAY
,31,YUCATAN,,,34,HOCABA,,,REG_RP,MORENA,,JOSE CRISTINO ECHEVERRIA HERRERA,1,,MORENA
,31,YUCATAN,,,35,HOCTUN,,,PRES_MUN,PRD,,HERBERTH ISMAEL OJEDA SARABIA,1,,PRD
,31,YUCATAN,,,35,HOCTUN,,,SIND,PRD,,MARIA DEL ROSARIO BARRERA YEH,2,,PRD
,31,YUCATAN,,,35,HOCTUN,,,REG_MR,PRD,,JOSE JULIAN IUIT EK,1,,PRD
,31,YUCATAN,,,35,HOCTUN,,,REG_MR,PRD,,GLADIS GUADALUPE PECH GIL,2,,PRD
,31,YUCATAN,,,35,HOCTUN,,,REG_MR,PRD,,RODOLFO ISAIAS MAY COBA,1,,PRD
,31,YUCATAN,,,35,HOCTUN,,,REG_RP,MC,,LETICIA CONCEPCION SOBERANIS CHUC,2,,MC
,31,YUCATAN,,,35,HOCTUN,,,REG_RP,MORENA,,BERTHA BEATRIZ COB LOPEZ,2,,MORENA
,31,YUCATAN,,,35,HOCTUN,,,REG_RP,MORENA,,MIGUEL TORRES SARABIA,1,,MORENA
,31,YUCATAN,,,36,HOMUN,,,PRES_MUN,PRI_PRD,,SANDRA MARISOL GONGORA SALAS,2,,PRI
,31,YUCATAN,,,36,HOMUN,,,SIND,PRI_PRD,,JUAN LIMBER CHIM DZIB,1,,PRI
,31,YUCATAN,,,36,HOMUN,,,REG_MR,PRI_PRD,,MINELIA RAQUEL CASTILLO OCAMPO,2,,PRI
,31,YUCATAN,,,36,HOMUN,,,REG_MR,PRI_PRD,,EMILIO DE JESUS CAMAS HAU,1,,PRI
,31,YUCATAN,,,36,HOMUN,,,REG_MR,PRI_PRD,,GLORIA ISABEL CHIM CETZAL,2,,PRI
,31,YUCATAN,,,36,HOMUN,,,REG_RP,PAN,,MARIA ESTELA CHAN CHI,2,,PAN
,31,YUCATAN,,,36,HOMUN,,,REG_RP,PVEM,,ESTEBAN ANTONIO CETZAL KU,1,,PVEM
,31,YUCATAN,,,36,HOMUN,,,REG_RP,NAY,,RICARDA BACAB CHI,2,,NAY
,31,YUCATAN,,,37,HUHI,,,PRES_MUN,PAN,,ROGER MARCEL BENITEZ ESPINOLA,1,,PAN
,31,YUCATAN,,,37,HUHI,,,SIND,PAN,,NORMA VIRGILIA KUK PUERTO,2,,PAN
,31,YUCATAN,,,37,HUHI,,,REG_MR,PAN,,FRANCISCO LUCIANO CHEL PERAZA,1,,PAN
,31,YUCATAN,,,37,HUHI,,,REG_MR,PAN,,MARIA CRISTINA MAAS CHAN,2,,PAN
,31,YUCATAN,,,37,HUHI,,,REG_MR,PAN,,CHISTOPHER ANTONIO HUCHIM PECH,1,,PAN
,31,YUCATAN,,,37,HUHI,,,REG_RP,PES,,MARIA ELENA PECH UCAN,2,,PES
,31,YUCATAN,,,37,HUHI,,,REG_RP,MC,,FAUSTINA CHI SANTOS,2,,MC
,31,YUCATAN,,,37,HUHI,,,REG_RP,PES,,JUAN DE DIOS DZIB ACOSTA,1,,PES
,31,YUCATAN,,,38,HUNUCMA,,,PRES_MUN,MORENA,,EDNA MARISA FRANCO CEBALLOS,2,,MORENA
,31,YUCATAN,,,38,HUNUCMA,,,SIND,MORENA,,JOSE ARTURO DE LA ROSA COOL FRIAS,1,,MORENA
,31,YUCATAN,,,38,HUNUCMA,,,REG_MR,MORENA,,MARIA INES PECH CHUC,2,,MORENA
,31,YUCATAN,,,38,HUNUCMA,,,REG_MR,MORENA,,JUAN DE LA CRUZ KOYOC CANUL,1,,MORENA
,31,YUCATAN,,,38,HUNUCMA,,,REG_MR,MORENA,,RITA CANDELARIA UICAB GIO,2,,MORENA
,31,YUCATAN,,,38,HUNUCMA,,,REG_MR,MORENA,,CARLOS RAFAEL CANUL CANUL,1,,MORENA
,31,YUCATAN,,,38,HUNUCMA,,,REG_MR,MORENA,,BEATRIZ UC BORGES,2,,MORENA
,31,YUCATAN,,,38,HUNUCMA,,,REG_RP,PAN_PRD_NAY,,VICTOR MANUEL CANUL CHUC,1,,PAN
,31,YUCATAN,,,38,HUNUCMA,,,REG_RP,PRI,,GARY JESUS QUINTAL CASTILLA,1,,PRI
,31,YUCATAN,,,38,HUNUCMA,,,REG_RP,PAN_PRD_NAY,,MARIA ANAHI RODRIGUEZ MEDRANO,2,,PAN
,31,YUCATAN,,,38,HUNUCMA,,,REG_RP,MORENA,,ARIEL HUMBERTO YAM CONCHA,1,,MORENA
,31,YUCATAN,,,39,IXIL,,,PRES_MUN,PAN_NAY,,SANDRA RAQUEL PECH CHI,2,,PAN
,31,YUCATAN,,,39,IXIL,,,SIND,PAN_NAY,,LUIS MANUEL CORDOVA TINAL,1,,PAN
,31,YUCATAN,,,39,IXIL,,,REG_MR,PAN_NAY,,LEYDI MARIA TAMAYO PECH,2,,PAN
,31,YUCATAN,,,39,IXIL,,,REG_RP,PRI,,IRVIN DE JESUS GONZALEZ CORDOVA,1,,PRI
,31,YUCATAN,,,39,IXIL,,,REG_RP,PRI,,ROCIO GUADALUPE MAY TEC,2,,PRI
,31,YUCATAN,,,40,IZAMAL,,,PRES_MUN,PRI,,WARNEL MAY ESCOBAR,1,,PRI
,31,YUCATAN,,,40,IZAMAL,,,SIND,PRI,,ARELY ABIGAIL PECH ARJONA,2,,PRI
,31,YUCATAN,,,40,IZAMAL,,,REG_MR,PRI,,MARIO ALBERTO AZCORRA ROSADO,1,,PRI
,31,YUCATAN,,,40,IZAMAL,,,REG_MR,PRI,,OLDA AICELA BAAS OJEDA,2,,PRI
,31,YUCATAN,,,40,IZAMAL,,,REG_MR,PRI,,JESUS ALBERTO EUAN ARAUJO,1,,PRI
,31,YUCATAN,,,40,IZAMAL,,,REG_MR,PRI,,DAYANA DOLORES CONCEPCION EK ARAUJO,2,,PRI
,31,YUCATAN,,,40,IZAMAL,,,REG_MR,PRI,,JUAN RICARDO CANCHE CIME,1,,PRI
,31,YUCATAN,,,40,IZAMAL,,,REG_RP,PAN_NAY,,ANDREA NAYLU SANCHEZ GRANADOS,2,,PAN
,31,YUCATAN,,,40,IZAMAL,,,REG_RP,MORENA,,ERIK MANUEL LUGO MORALES,1,,MORENA
,31,YUCATAN,,,40,IZAMAL,,,REG_RP,PAN_NAY,,MIGUEL ANGEL RUIZ CANUL,1,,PAN
,31,YUCATAN,,,40,IZAMAL,,,REG_RP,PAN_NAY,,ROSA MARIA INTERIAN CAUICH,2,,PAN
,31,YUCATAN,,,41,KANASIN,,,PRES_MUN,PAN,,EDWIN JOSE BOJORQUEZ RAMIREZ,1,,PAN
,31,YUCATAN,,,41,KANASIN,,,SIND,PAN,,CLAUDIA JUANA GAMBOA SOLIS,2,,PAN
,31,YUCATAN,,,41,KANASIN,,,REG_MR,PAN,,HILARIO DE JESUS UICAB CAN,1,,PAN
,31,YUCATAN,,,41,KANASIN,,,REG_MR,PAN,,SUSY REJON CERVANTES,2,,PAN
,31,YUCATAN,,,41,KANASIN,,,REG_MR,PAN,,JORGE ADRIAN ITZA MEX,1,,PAN
,31,YUCATAN,,,41,KANASIN,,,REG_MR,PAN,,JAQUELINE ALEJANDRA UICAB RODRIGUEZ,2,,PAN
,31,YUCATAN,,,41,KANASIN,,,REG_MR,PAN,,EDGAR ESCAMILLA PECH,1,,PAN
,31,YUCATAN,,,41,KANASIN,,,REG_RP,PRI,,MARIA CECILIA MARRUFO CARRILLO,2,,PRI
,31,YUCATAN,,,41,KANASIN,,,REG_RP,MORENA,,NORMA ALEJANDRINA MARTINEZ GIL,2,,MORENA
,31,YUCATAN,,,41,KANASIN,,,REG_RP,PRI,,XAVIER OCTAVIO VARELA CRUZ,1,,PRI
,31,YUCATAN,,,41,KANASIN,,,REG_RP,MORENA,,AARON DE JESUS SOLIS HERRERA,1,,MORENA
,31,YUCATAN,,,42,KANTUNIL,,,PRES_MUN,PAN_PRD,,LORENA PATRICIA GAMBOA MAY,2,,PAN
,31,YUCATAN,,,42,KANTUNIL,,,SIND,PAN_PRD,,GEOVANNY RAFAEL RUIZ ARANDA,1,,PAN
,31,YUCATAN,,,42,KANTUNIL,,,REG_MR,PAN_PRD,,MARIA ASUNCION COCOM PECH,2,,PAN
,31,YUCATAN,,,42,KANTUNIL,,,REG_MR,PAN_PRD,,EDGAR JOSUE SOSA AKE,1,,PAN
,31,YUCATAN,,,42,KANTUNIL,,,REG_MR,PAN_PRD,,TERECITA DE JESUS SARABIA MIRANDA,2,,PAN
,31,YUCATAN,,,42,KANTUNIL,,,REG_RP,NAY,,LISSETH RUIZ MIRANDA,2,,NAY
,31,YUCATAN,,,42,KANTUNIL,,,REG_RP,FXM,,NALLELY DE JESUS SOSA GAMBOA,2,,FXM
,31,YUCATAN,,,42,KANTUNIL,,,REG_RP,PRI,,RAMOS MARTIN RUIZ NAVARRO,1,,PRI
,31,YUCATAN,,,43,KAUA,,,PRES_MUN,MORENA,,CRECENCIO NOH CEN,1,,MORENA
,31,YUCATAN,,,43,KAUA,,,SIND,MORENA,,EUNICE MIS TUZ,2,,MORENA
,31,YUCATAN,,,43,KAUA,,,REG_MR,MORENA,,WILFRIDO AY CEN,1,,MORENA
,31,YUCATAN,,,43,KAUA,,,REG_RP,PAN_NAY,,NALLELI GUADALUPE POOT COCOM,2,,PAN
,31,YUCATAN,,,43,KAUA,,,REG_RP,PRI,,JOSE EDUARDO PECH BATUM,1,,PRI
,31,YUCATAN,,,44,KINCHIL,,,PRES_MUN,PAN_NAY,,CARLOS VALENTIN PECH DZIB,1,,PAN
,31,YUCATAN,,,44,KINCHIL,,,SIND,PAN_NAY,,NOEMI AGUAYO TUZ,2,,PAN
,31,YUCATAN,,,44,KINCHIL,,,REG_MR,PAN_NAY,,LUIS ADRIAN ROSADO QUINTAL,1,,PAN
,31,YUCATAN,,,44,KINCHIL,,,REG_MR,PAN_NAY,,ADY NERVA PECH Y POOT,2,,PAN
,31,YUCATAN,,,44,KINCHIL,,,REG_MR,PAN_NAY,,JOSÉ EDUARDO DE LA CRUZ CHUIL UC,1,,PAN
,31,YUCATAN,,,44,KINCHIL,,,REG_RP,PRI,,REINA ESMERALDA BALAM DZUL,2,,PRI
,31,YUCATAN,,,44,KINCHIL,,,REG_RP,PRD,,MAGDA REMEDIOS DE LA CARIDAD ESTEVEZ RODRIGUEZ,2,,PRD
,31,YUCATAN,,,44,KINCHIL,,,REG_RP,PRI,,JORGE JACINTO CANUL TZUC,1,,PRI
,31,YUCATAN,,,45,KOPOMA,,,PRES_MUN,PRI,,HECTOR MANUEL YAH MOO,1,,PRI
,31,YUCATAN,,,45,KOPOMA,,,SIND,PRI,,NANCY GABRIELA DZUL BARBOZA,2,,PRI
,31,YUCATAN,,,45,KOPOMA,,,REG_MR,PRI,,MIGUEL ANGEL MENA COUOH,1,,PRI
,31,YUCATAN,,,45,KOPOMA,,,REG_RP,MORENA,,SANTOS VENTURA CHAN CAAMAL,1,,MORENA
,31,YUCATAN,,,45,KOPOMA,,,REG_RP,NAY,,REVEKA DIAMANTINA ISABEL DZUL UC,2,,NAY
,31,YUCATAN,,,46,MAMA,,,PRES_MUN,PRI_PRD,,MARIA INES PACHECO POOT,2,,PRI
,31,YUCATAN,,,46,MAMA,,,SIND,PRI_PRD,,LAURO GERMAN CANCHE MARIN,1,,PRI
,31,YUCATAN,,,46,MAMA,,,REG_MR,PRI_PRD,,FATIMA DEL ROSARIO ARCE RAVELL,2,,PRI
,31,YUCATAN,,,46,MAMA,,,REG_RP,PAN_NAY,,GUILLERMO MANUEL GONZALEZ XIU,1,,PAN
,31,YUCATAN,,,46,MAMA,,,REG_RP,MORENA,,LILIA MARIA HERNANDEZ HERNANDEZ,2,,MORENA
,31,YUCATAN,,,47,MANI,,,PRES_MUN,PAN,,FREDI EVARISTO INTERIAN BOJORQUEZ,1,,PAN
,31,YUCATAN,,,47,MANI,,,SIND,PAN,,JESSICA DANIELA JIMENEZ HAU,2,,PAN
,31,YUCATAN,,,47,MANI,,,REG_MR,PAN,,VICTOR EMANUEL POOT YAH,1,,PAN
,31,YUCATAN,,,47,MANI,,,REG_MR,PAN,,ROSA FRANCISCA BE CAMPOS,2,,PAN
,31,YUCATAN,,,47,MANI,,,REG_MR,PAN,,MANUEL JESUS PEREZ YAH,1,,PAN
,31,YUCATAN,,,47,MANI,,,REG_RP,NAY,,GORETY SAMAIRY INTERIAN GONGORA,2,,NAY
,31,YUCATAN,,,47,MANI,,,REG_RP,NAY,,EDIER ELEAZAR PERAZA TUZ,1,,NAY
,31,YUCATAN,,,47,MANI,,,REG_RP,PAN,,FLORINDA NOEMI BALAM TZAB,2,,PAN
,31,YUCATAN,,,48,MAXCANU,,,PRES_MUN,PRI,,CAMILO DELELYS MAY CAUICH,1,,PRI
,31,YUCATAN,,,48,MAXCANU,,,SIND,PRI,,DANIELA BRICEYDA CIH CANTO,2,,PRI
,31,YUCATAN,,,48,MAXCANU,,,REG_MR,PRI,,LUIS MANUEL SALAZAR CHIAN,1,,PRI
,31,YUCATAN,,,48,MAXCANU,,,REG_MR,PRI,,MANUELA DE JESUS DZUL MATOS,2,,PRI
,31,YUCATAN,,,48,MAXCANU,,,REG_MR,PRI,,JORGE ALFONSO CATZIM ZI,1,,PRI
,31,YUCATAN,,,48,MAXCANU,,,REG_MR,PRI,,ANA CAROLINA CAUICH KEB,2,,PRI
,31,YUCATAN,,,48,MAXCANU,,,REG_MR,PRI,,RAUL EDUARDO KU PECH,1,,PRI
,31,YUCATAN,,,48,MAXCANU,,,REG_RP,MORENA,,LIDSAY OSIRIS GUTIERREZ PERERA,2,,MORENA
,31,YUCATAN,,,48,MAXCANU,,,REG_RP,PAN_NAY,,ANA MARIA CANUL KEB,2,,NAY
,31,YUCATAN,,,48,MAXCANU,,,REG_RP,MORENA,,PEDRO ALBERTO RODRIGUEZ CHAN,1,,MORENA
,31,YUCATAN,,,48,MAXCANU,,,REG_RP,PAN_NAY,,VICENTE UC CAUICH,1,,PAN
,31,YUCATAN,,,49,MAYAPAN,,,PRES_MUN,PAN_NAY,,VICTOR MANUEL POOL CEN,1,,PAN
,31,YUCATAN,,,49,MAYAPAN,,,SIND,PAN_NAY,,KAREM YUKEINA PERAZA PACHECO,2,,PAN
,31,YUCATAN,,,49,MAYAPAN,,,REG_MR,PAN_NAY,,FIDENCIO CHAN UC,1,,PAN
,31,YUCATAN,,,49,MAYAPAN,,,REG_RP,PRI,,NEIMA NIDELFIA PERAZA CHAN,2,,PRI
,31,YUCATAN,,,49,MAYAPAN,,,REG_RP,PRI,,MARIO ISAIAS TUN GONZALEZ,1,,PRI
,31,YUCATAN,,,50,MERIDA,,,PRES_MUN,PAN,,RENAN ALBERTO BARRERA CONCHA,1,,PAN
,31,YUCATAN,,,50,MERIDA,,,SIND,PAN,,DIANA MERCEDES CANTO MORENO,2,,PAN
,31,YUCATAN,,,50,MERIDA,,,REG_MR,PAN,,ALEJANDRO IVAN RUZ CASTRO,1,,PAN
,31,YUCATAN,,,50,MERIDA,,,REG_MR,PAN,,HILDA PAULINA PENICHE RODRIGUEZ,2,,PAN
,31,YUCATAN,,,50,MERIDA,,,REG_MR,PAN,,ALVARO CETINA PUERTO,1,,PAN
,31,YUCATAN,,,50,MERIDA,,,REG_MR,PAN,,MARIA GABRIELA BAQUEIRO VALENCIA,2,,PAN
,31,YUCATAN,,,50,MERIDA,,,REG_MR,PAN,,RAFAEL RODRIGUEZ MENDEZ,1,,PAN
,31,YUCATAN,,,50,MERIDA,,,REG_MR,PAN,,CELIA MARÍA RIVAS RODRIGUEZ,2,,PAN
,31,YUCATAN,,,50,MERIDA,,,REG_MR,PAN,,RAUL FERNANDO ESCALANTE AGUILAR,1,,PAN
,31,YUCATAN,,,50,MERIDA,,,REG_MR,PAN,,MARIANA GABER FERNANDEZ MONTILLA,2,,PAN
,31,YUCATAN,,,50,MERIDA,,,REG_MR,PAN,,RICARDO ELIGIO DE JESÚS ASCENCIO MALDONADO,1,,PAN
,31,YUCATAN,,,50,MERIDA,,,REG_RP,PRI_PRD,,MARIA FERNANDA VIVAS SIERRA,2,,PRI
,31,YUCATAN,,,50,MERIDA,,,REG_RP,MORENA,,JOSE ORLANDO PEREZ MOGUEL,1,,MORENA
,31,YUCATAN,,,50,MERIDA,,,REG_RP,MC,,GLORIA KARENY VALLE RICALDE,2,,MC
,31,YUCATAN,,,50,MERIDA,,,REG_RP,PRI_PRD,,GABRIEL BARRAGAN CASARES,1,,PRI
,31,YUCATAN,,,50,MERIDA,,,REG_RP,MORENA,,ELISA JOHANNA ZUÑIGA ARELLANO,2,,MORENA
,31,YUCATAN,,,50,MERIDA,,,REG_RP,PRI_PRD,,ANA GABRIELA AGUILAR RUIZ,2,,PRI
,31,YUCATAN,,,50,MERIDA,,,REG_RP,MORENA,,FERNANDO JOSE ALCOCER AVILA,1,,MORENA
,31,YUCATAN,,,50,MERIDA,,,REG_RP,PRI_PRD,,OSCAR EDUARDO MEDINA CRUZ,1,,PRI
,31,YUCATAN,,,51,MOCOCHA,,,PRES_MUN,PRI,,PABLO ALEJANDRO CUTZ DOMINGUEZ,1,,PRI
,31,YUCATAN,,,51,MOCOCHA,,,SIND,PRI,,MARIA PAULINA CHAN YAM,2,,PRI
,31,YUCATAN,,,51,MOCOCHA,,,REG_MR,PRI,,VICTOR ELOIR SUNZA CAUICH,1,,PRI
,31,YUCATAN,,,51,MOCOCHA,,,REG_RP,PAN_NAY,,DIEGO ANTONIO CAUICH BORGES,1,,NAY
,31,YUCATAN,,,51,MOCOCHA,,,REG_RP,PAN_NAY,,MARIA LISVETH MURIEL PUC PISTE,2,,NAY
,31,YUCATAN,,,52,MOTUL,,,PRES_MUN,PRI,,ROGER RAFAEL AGUILAR ARROYO,1,,PRI
,31,YUCATAN,,,52,MOTUL,,,SIND,PRI,,OLGA DINORAH ABRAHAM MARTINEZ,2,,PRI
,31,YUCATAN,,,52,MOTUL,,,REG_MR,PRI,,LUIS ALONSO DE JESUS MALDONADO CASANOVA,1,,PRI
,31,YUCATAN,,,52,MOTUL,,,REG_MR,PRI,,ADRIANA ANDREA CAN CELIS,2,,PRI
,31,YUCATAN,,,52,MOTUL,,,REG_MR,PRI,,JOSE RAYMUNDO MAY CHIM,1,,PRI
,31,YUCATAN,,,52,MOTUL,,,REG_MR,PRI,,SHEILA BELEM CUEVAS TAMAYO,2,,PRI
,31,YUCATAN,,,52,MOTUL,,,REG_MR,PRI,,JOSE CARLOS ORTEGA JIMENEZ,1,,PRI
,31,YUCATAN,,,52,MOTUL,,,REG_RP,MORENA,,ANA MARIANA POOL CEN,2,,MORENA
,31,YUCATAN,,,52,MOTUL,,,REG_RP,PVEM,,LEANDER DE JESUS PALMA CAAMAL,2,,PAN
,31,YUCATAN,,,52,MOTUL,,,REG_RP,PAN_NAY,,MIGUELINA ARCANGEL SANCHEZ TZAB,1,,PVEM
,31,YUCATAN,,,52,MOTUL,,,REG_RP,MORENA,,GASPAR COLLI Y ESTRELLA,1,,MORENA
,31,YUCATAN,,,53,MUNA,,,PRES_MUN,PAN_NAY,,MARIA ELOISA CASTRO CONTRERAS,2,,PAN
,31,YUCATAN,,,53,MUNA,,,SIND,PAN_NAY,,JAZMIN GUADALUPE DOMINGUEZ CASANOVA,2,,PAN
,31,YUCATAN,,,53,MUNA,,,REG_MR,PAN_NAY,,JORGE ENRIQUE TUN HO,1,,PAN
,31,YUCATAN,,,53,MUNA,,,REG_MR,PAN_NAY,,MARIA PIEDAD DE JESUS VARGUEZ IHUIT,2,,PAN
,31,YUCATAN,,,53,MUNA,,,REG_MR,PAN_NAY,,EDWIN JOSUE CARRILLO CHACON,1,,PAN
,31,YUCATAN,,,53,MUNA,,,REG_MR,PAN_NAY,,MARIA ISABEL HERRERA KU,2,,PAN
,31,YUCATAN,,,53,MUNA,,,REG_MR,PAN_NAY,,CESAR IGNACIO TUN CHAN,1,,PAN
,31,YUCATAN,,,53,MUNA,,,REG_RP,MORENA,,SILVIA LETICIA CASANOVA CASTILLO ,2,,MORENA
,31,YUCATAN,,,53,MUNA,,,REG_RP,PRI,,ANDRES GUADALUPE LOPEZ GONZALEZ,1,,PRI
,31,YUCATAN,,,53,MUNA,,,REG_RP,MC,,ALFREDO BAAS CAUICH,1,,MC
,31,YUCATAN,,,53,MUNA,,,REG_RP,MORENA,,LUIS FERNANDO CHAN NAVARRETE,1,,MORENA
,31,YUCATAN,,,54,MUXUPIP,,,PRES_MUN,PAN,,MARIA YNES CHIM AKE,2,,PAN
,31,YUCATAN,,,54,MUXUPIP,,,SIND,PAN,,MIGUEL LLANCARLO MENDEZ UH,1,,PAN
,31,YUCATAN,,,54,MUXUPIP,,,REG_MR,PAN,,AMANDA NAYELI PERAZA ABAN,2,,PAN
,31,YUCATAN,,,54,MUXUPIP,,,REG_RP,MORENA,,CARLOS ALBERTO CHALE MAY,1,,MORENA
,31,YUCATAN,,,54,MUXUPIP,,,REG_RP,PVEM,,CELSO DOMINGUEZ CHIM,1,,PVEM
,31,YUCATAN,,,55,OPICHEN,,,PRES_MUN,MORENA,,SANDI EMANUEL CALAN ORDOÑEZ,1,,MORENA
,31,YUCATAN,,,55,OPICHEN,,,SIND,MORENA,,MARIA PATRICIA POLANCO MOO,2,,MORENA
,31,YUCATAN,,,55,OPICHEN,,,REG_MR,MORENA,,CARLOS ORLANDO RAMOS MENA,1,,MORENA
,31,YUCATAN,,,55,OPICHEN,,,REG_MR,MORENA,,MARIA ELVIRA CHIN MUGARTE,2,,MORENA
,31,YUCATAN,,,55,OPICHEN,,,REG_MR,MORENA,,ARICEO CHIN CAAMAL,1,,MORENA
,31,YUCATAN,,,55,OPICHEN,,,REG_RP,PAN_NAY,,MARIA LUISANA HUCHIN POOL,2,,PAN
,31,YUCATAN,,,55,OPICHEN,,,REG_RP,PAN_NAY,,VICTOR ORLANDO CHE CHAN,1,,PAN
,31,YUCATAN,,,55,OPICHEN,,,REG_RP,PAN_NAY,,ZELENY DEL ROSARIO CANUL CHAN,2,,PAN
,31,YUCATAN,,,56,OXKUTZCAB,,,PRES_MUN,PRI_NAY,,JUAN JOSE MARTIN FRAGOSO,1,,PRI
,31,YUCATAN,,,56,OXKUTZCAB,,,SIND,PRI_NAY,,JESSICA BEATRIZ VAZQUEZ PEREZ,2,,PRI
,31,YUCATAN,,,56,OXKUTZCAB,,,REG_MR,PRI_NAY,,WILBERTH ANTONIO CACH YAH,1,,PRI
,31,YUCATAN,,,56,OXKUTZCAB,,,REG_MR,PRI_NAY,,MARGARITA DEL ROSARIO MURILLO PERALTA,2,,PRI
,31,YUCATAN,,,56,OXKUTZCAB,,,REG_MR,PRI_NAY,,ALAN EMMANUEL TORRES VELA,1,,PRI
,31,YUCATAN,,,56,OXKUTZCAB,,,REG_MR,PRI_NAY,,MARIA ISABEL PEREZ CAMPOS,2,,PRI
,31,YUCATAN,,,56,OXKUTZCAB,,,REG_MR,PRI_NAY,,ANGEL RICARDO SOSA CHAN,1,,PRI
,31,YUCATAN,,,56,OXKUTZCAB,,,REG_RP,PRD,,KELLY PATRICIA PEREZ PACHECO,2,,PRD
,31,YUCATAN,,,56,OXKUTZCAB,,,REG_RP,PRD,,JOSE FERNANDO LUGO CARRILLO,1,,PRD
,31,YUCATAN,,,56,OXKUTZCAB,,,REG_RP,PRD,,CINTHIA ARACELY MIS MARTINEZ,2,,PRD
,31,YUCATAN,,,56,OXKUTZCAB,,,REG_RP,PRI_NAY,,ANA VANESSA PACHECO CORDOVA,2,,PRI
,31,YUCATAN,,,57,PANABA,,,PRES_MUN,PAN_PRD_NAY,,OMAR ADIEL MENA NARVAEZ,1,,PAN
,31,YUCATAN,,,57,PANABA,,,SIND,PAN_PRD_NAY,,SILVIA LEONOR MALDONADO ARANDA,2,,PAN
,31,YUCATAN,,,57,PANABA,,,REG_MR,PAN_PRD_NAY,,PABLO ISAEL CHAN CANUL,1,,PAN
,31,YUCATAN,,,57,PANABA,,,REG_MR,PAN_PRD_NAY,,REINA BEATRIZ PUC POOL,2,,PAN
,31,YUCATAN,,,57,PANABA,,,REG_MR,PAN_PRD_NAY,,FERNANDO EUTIMIO VALDEZ DUARTE,1,,PAN
,31,YUCATAN,,,57,PANABA,,,REG_RP,PRI,,ISIDRO MANUEL DUARTE ARANDA,1,,PRI
,31,YUCATAN,,,57,PANABA,,,REG_RP,PRI,,SUNI ARELY CANCHE GOMEZ,2,,PRI
,31,YUCATAN,,,57,PANABA,,,REG_RP,PRI,,GILMA DEL SOCORRO VALDEZ MARTINEZ,2,,PRI
,31,YUCATAN,,,58,PETO,,,PRES_MUN,PVEM,,RENAN GABRIEL JIMENEZ TAH,1,,PVEM
,31,YUCATAN,,,58,PETO,,,SIND,PVEM,,MARIA DEL ROSARIO PERERA SUASTE,2,,PVEM
,31,YUCATAN,,,58,PETO,,,REG_MR,PVEM,,RAUL RUBEN BUENFIL GOROCICA,1,,PVEM
,31,YUCATAN,,,58,PETO,,,REG_MR,PVEM,,ROSENDA GRICELI ESQUIVEL AC,2,,PVEM
,31,YUCATAN,,,58,PETO,,,REG_MR,PVEM,,ALFREDO BARNET GONGORA,1,,PVEM
,31,YUCATAN,,,58,PETO,,,REG_MR,PVEM,,MIRIAM ARACELY CAB CAMPOS,2,,PVEM
,31,YUCATAN,,,58,PETO,,,REG_MR,PVEM,,ROMULO ALEXANDER FLOTA MUÑOZ,1,,PVEM
,31,YUCATAN,,,58,PETO,,,REG_RP,PRI,,LEILANY MARISOL PACHECO DURAN,2,,PRI
,31,YUCATAN,,,58,PETO,,,REG_RP,PAN_PRD_NAY,,COSME GAMALIEL YAM CAAMAL,1,,PAN
,31,YUCATAN,,,58,PETO,,,REG_RP,MORENA,,BRENDA REYES HERNANDEZ,2,,MORENA
,31,YUCATAN,,,58,PETO,,,REG_RP,PRI,,JAVIER ANTONIO UCAN GARCIA,1,,PRI
,31,YUCATAN,,,59,PROGRESO,,,PRES_MUN,PAN,,JULIAN ZACARIAS CURI,1,,PAN
,31,YUCATAN,,,59,PROGRESO,,,SIND,PAN,,PATRICIA GUADALUPE ROSADO GONZALEZ,2,,PAN
,31,YUCATAN,,,59,PROGRESO,,,REG_MR,PAN,,ROGER ANTONIO GOMEZ ORTEGON,1,,PAN
,31,YUCATAN,,,59,PROGRESO,,,REG_MR,PAN,,IVONNE CLAUDETTE GAMBOA RASSAM,2,,PAN
,31,YUCATAN,,,59,PROGRESO,,,REG_MR,PAN,,KARIM ALBERTO DIB LOPEZ,1,,PAN
,31,YUCATAN,,,59,PROGRESO,,,REG_MR,PAN,,DULCE MARIA SOBERANIS GAMBOA,2,,PAN
,31,YUCATAN,,,59,PROGRESO,,,REG_MR,PAN,,HERBERT SANTIAGO PECH BAQUEDANO,1,,PAN
,31,YUCATAN,,,59,PROGRESO,,,REG_RP,PRI,,JUDITH ALHELI HERNANDEZ RIVERO,2,,PRI
,31,YUCATAN,,,59,PROGRESO,,,REG_RP,MORENA,,MARIO DE JESUS CANTO BRICEÑO,1,,MORENA
,31,YUCATAN,,,59,PROGRESO,,,REG_RP,PES,,LUZ MARIA LOPEZ POLANCO,2,,PES
,31,YUCATAN,,,59,PROGRESO,,,REG_RP,PRI,,LUCY LORENA POLANCO AGUILAR,2,,PRI
,31,YUCATAN,,,60,QUINTANA ROO,,,PRES_MUN,PAN_NAY,,MARIA MINELIA DE JESUS UICAB CEL,2,,PAN
,31,YUCATAN,,,60,QUINTANA ROO,,,SIND,PAN_NAY,,JULIO ARMANDO ABAN CANCHE,1,,PAN
,31,YUCATAN,,,60,QUINTANA ROO,,,REG_MR,PAN_NAY,,ANTONIA MAY CHAN,2,,PAN
,31,YUCATAN,,,60,QUINTANA ROO,,,REG_RP,MC,,SANTOS CRESENCIA KU DZUL,2,,MC
,31,YUCATAN,,,60,QUINTANA ROO,,,REG_RP,PRI,,LORENZO KU CHAN,1,,PRI
,31,YUCATAN,,,61,RIO LAGARTOS,,,PRES_MUN,PRI,,FLORICELY DEL CARMEN ALCOCER MARFIL,2,,PRI
,31,YUCATAN,,,61,RIO LAGARTOS,,,SIND,PRI,,JESUS SANTIAGO CELIS TEC,1,,PRI
,31,YUCATAN,,,61,RIO LAGARTOS,,,REG_MR,PRI,,LEONIDES ESTELA KUK XOOL,2,,PRI
,31,YUCATAN,,,61,RIO LAGARTOS,,,REG_RP,PAN_PRD_NAY,,OSCAR RENE ALCOCER MARFIL,1,,PRD
,31,YUCATAN,,,61,RIO LAGARTOS,,,REG_RP,MORENA,,GENNY MARGARITA MORENO VEGA,2,,MORENA
,31,YUCATAN,,,62,SACALUM,,,PRES_MUN,PT,,LUIS CARLOS NAJERA VAZQUEZ,1,,PT
,31,YUCATAN,,,62,SACALUM,,,SIND,PT,,ANSUNCION VAZQUEZ POOT,2,,PT
,31,YUCATAN,,,62,SACALUM,,,REG_MR,PT,,GEOVANI MANUEL SANTAMARIA UICAB,1,,PT
,31,YUCATAN,,,62,SACALUM,,,REG_RP,MC,,MARIA DE JESUS DZUL MUKUL,2,,MC
,31,YUCATAN,,,62,SACALUM,,,REG_RP,PAN_NAY,,FERNANDO JAVIER SANTOS LOEZA,1,,NAY
,31,YUCATAN,,,63,SAMAHIL,,,PRES_MUN,PVEM,,SAMUEL MAYEN POOT,1,,PVEM
,31,YUCATAN,,,63,SAMAHIL,,,SIND,PVEM,,LIZBETH ANTONIA TUN CANUL,2,,PVEM
,31,YUCATAN,,,63,SAMAHIL,,,REG_MR,PVEM,,MANUEL JESUS ZUÑIGA CIAU,1,,PVEM
,31,YUCATAN,,,63,SAMAHIL,,,REG_MR,PVEM,,YAZMIN ISARI GARCIA FLORES,2,,PVEM
,31,YUCATAN,,,63,SAMAHIL,,,REG_MR,PVEM,,JESUS ENRIQUE MOO CHACON,1,,PVEM
,31,YUCATAN,,,63,SAMAHIL,,,REG_RP,PRI,,DAFNE DANELY MAY PACHECO,2,,PRI
,31,YUCATAN,,,63,SAMAHIL,,,REG_RP,PAN_PRD_NAY,,OSCAR RAFAEL HERRERA PERERA,1,,PAN
,31,YUCATAN,,,63,SAMAHIL,,,REG_RP,PRI,,PATRICIA GUADALUPE DORANTES BLEIS,2,,PRI
,31,YUCATAN,,,64,SANAHCAT,,,PRES_MUN,PAN_NAY,,ALMA ERNESTINA MANZANERO POLANCO,2,,PAN
,31,YUCATAN,,,64,SANAHCAT,,,SIND,PAN_NAY,,LUCIANO GONZALEZ COUOH,1,,PAN
,31,YUCATAN,,,64,SANAHCAT,,,REG_MR,PAN_NAY,,NEYLA ILIANA CAAMAL EK,2,,PAN
,31,YUCATAN,,,64,SANAHCAT,,,REG_RP,PRI,,MANUEL DE JESUS ECHEVERRIA DZUL,1,,PRI
,31,YUCATAN,,,64,SANAHCAT,,,REG_RP,PRI,,ZULLY KARINA UUH DZUL,2,,PRI
,31,YUCATAN,,,65,SAN FELIPE,,,PRES_MUN,PRI,,FELIPE ANTONIO MARRUFO LOPEZ,1,,PRI
,31,YUCATAN,,,65,SAN FELIPE,,,SIND,PRI,,REINA ALTAGRACIA ESCAMILLA CAMELO,2,,PRI
,31,YUCATAN,,,65,SAN FELIPE,,,REG_MR,PRI,,SERGIO ANTONIO ACEVEDO BRICEÑO,1,,PRI
,31,YUCATAN,,,65,SAN FELIPE,,,REG_RP,MORENA ,,YOLANDA DEL ROCIO PUC MARRUFO ,2,,MORENA 
,31,YUCATAN,,,65,SAN FELIPE,,,REG_RP,PRI,,SELENA DEL CARMEN AVILES ACEVEDO,2,,PRI
,31,YUCATAN,,,66,SANTA ELENA,,,PRES_MUN,PAN_PRD_NAY,,GALDINO POOT MORENO,1,,PAN
,31,YUCATAN,,,66,SANTA ELENA,,,SIND,PAN_PRD_NAY,,MARIA LILIANA MUL MAY,2,,PAN
,31,YUCATAN,,,66,SANTA ELENA,,,REG_MR,PAN_PRD_NAY,,CARLOS FRANCISCO KAUIL DZIB,1,,PAN
,31,YUCATAN,,,66,SANTA ELENA,,,REG_RP,PRI,,LETICIA DEL SOCORRO MAY BALAM ,2,,PRI
,31,YUCATAN,,,66,SANTA ELENA,,,REG_RP,PRI,,JHONNY ALFONSO UC KOYOC ,1,,PRI
,31,YUCATAN,,,67,SEYE,,,PRES_MUN,PRD,,DIANA ISABEL DZUL LEO,2,,PRD
,31,YUCATAN,,,67,SEYE,,,SIND,PRD,,DANIEL CAUICH POLANCO,1,,PRD
,31,YUCATAN,,,67,SEYE,,,REG_MR,PRD,,MARIA GUADALUPE SULU PECH,2,,PRD
,31,YUCATAN,,,67,SEYE,,,REG_MR,PRD,,ARSENIO HUCHIM CARRILLO,1,,PRD
,31,YUCATAN,,,67,SEYE,,,REG_MR,PRD,,ANGELICA OLIVIA MADERA HUCHIM,2,,PRD
,31,YUCATAN,,,67,SEYE,,,REG_RP,PAN,,JOSE DE LA LUZ MANZANERO CHAY,1,,PAN
,31,YUCATAN,,,67,SEYE,,,REG_RP,PES,,GILBERTO CHAN CUA,1,,PES
,31,YUCATAN,,,67,SEYE,,,REG_RP,MORENA,,CINTHIA YAQUELINE TEC MIAM,2,,MORENA
,31,YUCATAN,,,68,SINANCHE,,,PRES_MUN,PAN_NAY,,FELIPA NERY MENA AGUILAR,2,,PAN
,31,YUCATAN,,,68,SINANCHE,,,SIND,PAN_NAY,,ALBERTO ASUNCION YHUIT FLORES,1,,PAN
,31,YUCATAN,,,68,SINANCHE,,,REG_MR,PAN_NAY,,MERCEDES LUCELY GURUBEL MEDRANO,2,,PAN
,31,YUCATAN,,,68,SINANCHE,,,REG_RP,PRI,,REYES MELECIO LARA CELIS,1,,PRI
,31,YUCATAN,,,68,SINANCHE,,,REG_RP,MORENA,,JAVIER ALFONSO PALMA AYALA,1,,MORENA
,31,YUCATAN,,,69,SOTUTA,,,PRES_MUN,PVEM,,GERARDO JACOBO CUXIN ALFARO,1,,PVEM
,31,YUCATAN,,,69,SOTUTA,,,SIND,PVEM,,LIGIA ARACELY MARTINEZ CHAN,2,,PVEM
,31,YUCATAN,,,69,SOTUTA,,,REG_MR,PVEM,,JORGE ANTONIO NAVARRO VALLADARES,1,,PVEM
,31,YUCATAN,,,69,SOTUTA,,,REG_MR,PVEM,,NEYDI LUCELY SANTIAGO XEQUE,2,,PVEM
,31,YUCATAN,,,69,SOTUTA,,,REG_MR,PVEM,,ANGEL JESUS BEH CHAC,1,,PVEM
,31,YUCATAN,,,69,SOTUTA,,,REG_RP,PRI,,ABRAHAM ISRAEL MEX MOO,1,,PRI
,31,YUCATAN,,,69,SOTUTA,,,REG_RP,PVEM,,MARCELA GONZALEZ POOL,2,,PVEM
,31,YUCATAN,,,69,SOTUTA,,,REG_RP,PVEM,,MARIA NATIVIDAD COX KUK,2,,PVEM
,31,YUCATAN,,,70,SUCILA,,,PRES_MUN,PAN_PRD_NAY,,GABRIELA DE JESUS POOL CAMELO,2,,PAN
,31,YUCATAN,,,70,SUCILA,,,SIND,PAN_PRD_NAY,,EDGAR RENE LORIA NOVELO,1,,PAN
,31,YUCATAN,,,70,SUCILA,,,REG_MR,PAN_PRD_NAY,,JUANITA DEL ROSARIO PENICHE OSORIO,2,,PAN
,31,YUCATAN,,,70,SUCILA,,,REG_RP,PRI,,ANTONIO DE JESUS PUC PECH,1,,PRI
,31,YUCATAN,,,70,SUCILA,,,REG_RP,MORENA,,FAUSTINA PUC ZAMA,2,,MORENA
,31,YUCATAN,,,71,SUDZAL,,,PRES_MUN,PRI,,ALEJANDRO DUARTE CAAMAL,1,,PRI
,31,YUCATAN,,,71,SUDZAL,,,SIND,PRI,,DEYSI TRUJEQUE ORDOÑEZ,2,,PRI
,31,YUCATAN,,,71,SUDZAL,,,REG_MR,PRI,,GILDARDO VALENCIA ACOSTA,1,,PRI
,31,YUCATAN,,,71,SUDZAL,,,REG_RP,PAN_NAY,,JOSE RAMON LEAL BRICEÑO,1,,PAN
,31,YUCATAN,,,71,SUDZAL,,,REG_RP,PAN_NAY,,CINDY MAYELIS UC YAM,2,,PAN
,31,YUCATAN,,,72,SUMA,,,PRES_MUN,PRI,,JOSE DE LA CRUZ PACHECO BAZAN,1,,PRI
,31,YUCATAN,,,72,SUMA,,,SIND,PRI,,DILMA EUNICE MORALES GONZALES,2,,PRI
,31,YUCATAN,,,72,SUMA,,,REG_MR,PRI,,VICTOR ABUNDIO POOL CUTZ,1,,PRI
,31,YUCATAN,,,72,SUMA,,,REG_RP,NAY,,MARIANA DIANET PEREZ SANTOS,2,,NAY
,31,YUCATAN,,,72,SUMA,,,REG_RP,NAY,,PABLO FEDERICO BALAM CIME,1,,NAY
,31,YUCATAN,,,73,TAHDZIU,,,PRES_MUN,PRI_NAY,,MARIA TERESA DE JESUS YERVEZ VERA,2,,PRI
,31,YUCATAN,,,73,TAHDZIU,,,SIND,PRI_NAY,,FAUSTINO MONTEJO VERA,1,,PRI
,31,YUCATAN,,,73,TAHDZIU,,,REG_MR,PRI_NAY,,MARIA JESUS EK AVILEZ,2,,PRI
,31,YUCATAN,,,73,TAHDZIU,,,REG_MR,PRI_NAY,,JOSE BERNARDINO VERA MONTEJO,1,,PRI
,31,YUCATAN,,,73,TAHDZIU,,,REG_MR,PRI_NAY,,NELSY ANGELICA CHUC EK,2,,PRI
,31,YUCATAN,,,73,TAHDZIU,,,REG_RP,PAN_PRD ,,LUPITA JIMENEZ DIAZ,2,,PAN
,31,YUCATAN,,,73,TAHDZIU,,,REG_RP,PAN_PRD ,,DAVID LEONARDO HERNANDEZ JIMENEZ,1,,PAN
,31,YUCATAN,,,73,TAHDZIU,,,REG_RP,PAN_PRD ,,LEYDI MELINA CAAMAL MUKUL,2,,PAN
,31,YUCATAN,,,74,TAHMEK,,,PRES_MUN,PAN_NAY,,NEYDA MARIA HEREDIA LEAL,2,,PAN
,31,YUCATAN,,,74,TAHMEK,,,SIND,PAN_NAY,,ALEXIS MIGUEL ANGEL MARIN OJEDA,1,,PAN
,31,YUCATAN,,,74,TAHMEK,,,REG_MR,PAN_NAY,,MINELIA DEL ROSARIO SABIDO IUIT,2,,PAN
,31,YUCATAN,,,74,TAHMEK,,,REG_RP,PRD,,LAURA MARINA LEAL PUERTO,2,,PRD
,31,YUCATAN,,,74,TAHMEK,,,REG_RP,MORENA,,JUAN CARLOS GOMEZ TUN,1,,MORENA
,31,YUCATAN,,,75,TEABO,,,PRES_MUN,PAN_NAY,,AIDA MARIA DE JESUS FERNANDEZ GONGORA,2,,PAN
,31,YUCATAN,,,75,TEABO,,,SIND,PAN_NAY,,JOSE CESAR AYORA CARRILLO,1,,PAN
,31,YUCATAN,,,75,TEABO,,,REG_MR,PAN_NAY,,RITA MARIA DOMINGUEZ MOO,2,,PAN
,31,YUCATAN,,,75,TEABO,,,REG_MR,PAN_NAY,,DIEGO ALBERTO CHAN MIS,1,,PAN
,31,YUCATAN,,,75,TEABO,,,REG_MR,PAN_NAY,,LOURDES INOCENCIA GONGORA VERA,2,,PAN
,31,YUCATAN,,,75,TEABO,,,REG_RP,PRI,,MARIA CLARA HAU CEN,2,,PRI
,31,YUCATAN,,,75,TEABO,,,REG_RP,PRI,,HERMENEGILDO YAH MAY,1,,PRI
,31,YUCATAN,,,75,TEABO,,,REG_RP,PRI,,ADDY YOLANDA MAY TOLOSA,2,,PRI
,31,YUCATAN,,,76,TECOH,,,PRES_MUN,PRI,,JOEL ISAAC ACHACH DIAZ,1,,PRI
,31,YUCATAN,,,76,TECOH,,,SIND,PRI,,ROSALIA GUADALUPE SOLIS MAY,2,,PRI
,31,YUCATAN,,,76,TECOH,,,REG_MR,PRI,,CESAR DAVID BALAM POLANCO,1,,PRI
,31,YUCATAN,,,76,TECOH,,,REG_MR,PRI,,MAYRA YARELLI MANZANERO LOEZA,2,,PRI
,31,YUCATAN,,,76,TECOH,,,REG_MR,PRI,,WILBERT ANTONIO TUN PECH,1,,PRI
,31,YUCATAN,,,76,TECOH,,,REG_MR,PRI,,ELSA CANDELARIA ESTRELLA HOIL,2,,PRI
,31,YUCATAN,,,76,TECOH,,,REG_MR,PRI,,DREYVER ALEJANDRO CETZ XOOL,1,,PRI
,31,YUCATAN,,,76,TECOH,,,REG_RP,PAN_NAY,,SEVERA MARGARITA NABTE POOL,2,,PAN
,31,YUCATAN,,,76,TECOH,,,REG_RP,PVEM,,YENSI NAVID LOEZA CAAMAL,2,,PVEM
,31,YUCATAN,,,76,TECOH,,,REG_RP,PAN_NAY,,MARIO PECH LOEZA,1,,PAN
,31,YUCATAN,,,76,TECOH,,,REG_RP,PVEM,,JUAN JOSE MUÑOZ MEDINA,1,,PVEM
,31,YUCATAN,,,77,TEKAL DE VENEGAS,,,PRES_MUN,PAN_NAY,,JOSE ANTONIO ARAGON UICAB,1,,PAN
,31,YUCATAN,,,77,TEKAL DE VENEGAS,,,SIND,PAN_NAY,,NAURA EUNICE CEH CAAMAL,2,,PAN
,31,YUCATAN,,,77,TEKAL DE VENEGAS,,,REG_MR,PAN_NAY,,ISMAEL CHAN CHIM,1,,PAN
,31,YUCATAN,,,77,TEKAL DE VENEGAS,,,REG_RP,PVEM,,TERESA DE JESUS BOBADILLA KU,2,,PVEM
,31,YUCATAN,,,77,TEKAL DE VENEGAS,,,REG_RP,PAN_NAY,,MARIA DEL RUBI CASTILLO UICAB,2,,PAN
,31,YUCATAN,,,78,TEKANTO,,,PRES_MUN,PAN_NAY,,MARBIN ERBEY CARRILLO SOSA,1,,PAN
,31,YUCATAN,,,78,TEKANTO,,,SIND,PAN_NAY,,MARIA CAROLINA MAY MUT,2,,PAN
,31,YUCATAN,,,78,TEKANTO,,,REG_MR,PAN_NAY,,JOSE GALVAN VAZQUEZ,1,,PAN
,31,YUCATAN,,,78,TEKANTO,,,REG_RP,PRI,,SAUL ALBERTO MAY CANCHE,1,,PRI
,31,YUCATAN,,,78,TEKANTO,,,REG_RP,MORENA,,PETRONA MARGARITA YAMA CHAN,2,,MORENA
,31,YUCATAN,,,79,TEKAX ,,,PRES_MUN,PAN_PRD,,DIEGO JOSE AVILA ROMERO,1,,PAN
,31,YUCATAN,,,79,TEKAX ,,,SIND,PAN_PRD,,MARIANA GUADALUPE NAVARRETE SEGOVIA,2,,PAN
,31,YUCATAN,,,79,TEKAX ,,,REG_MR,PAN_PRD,,AROLDO CHAN CONTRERAS,1,,PAN
,31,YUCATAN,,,79,TEKAX ,,,REG_MR,PAN_PRD,,FLORA MARGARITA PERAZA CAMPOS,2,,PAN
,31,YUCATAN,,,79,TEKAX ,,,REG_MR,PAN_PRD,,ORLANDO GONGORA CAB,1,,PAN
,31,YUCATAN,,,79,TEKAX ,,,REG_MR,PAN_PRD,,MIRNA LEONOR ANCONA SALAZAR,2,,PAN
,31,YUCATAN,,,79,TEKAX ,,,REG_MR,PAN_PRD,,JOSE REMIGIO PERAZA HERNANDEZ,1,,PAN
,31,YUCATAN,,,79,TEKAX ,,,REG_RP,PRI_NAY,,FABIOLA AIMEE CERON MENDOZA,2,,PRI
,31,YUCATAN,,,79,TEKAX ,,,REG_RP,PRI_NAY,,MIGUEL ANGEL ESCALANTE CONTRERAS,1,,PRI
,31,YUCATAN,,,79,TEKAX ,,,REG_RP,PAN_PRD,,BIANCA RUBI TUN CAMPOS,2,,PAN
,31,YUCATAN,,,79,TEKAX ,,,REG_RP,PAN_PRD,,JUAN GABRIEL UCAN LOPEZ,1,,PAN
,31,YUCATAN,,,80,TEKIT,,,PRES_MUN,MORENA,,FELIPE DE JESUS MEDINA COLI,1,,MORENA
,31,YUCATAN,,,80,TEKIT,,,SIND,MORENA,,AIDA NOEMI ALONZO GUERRERO,2,,MORENA
,31,YUCATAN,,,80,TEKIT,,,REG_MR,MORENA,,JORGE VILLANIEVA PINZON,1,,MORENA
,31,YUCATAN,,,80,TEKIT,,,REG_MR,MORENA,,MARIA PAULA CHE COLLI,2,,MORENA
,31,YUCATAN,,,80,TEKIT,,,REG_MR,MORENA,,JOSE ALFREDO MUKUL CASTILLO,1,,MORENA
,31,YUCATAN,,,80,TEKIT,,,REG_MR,MORENA,,MARIA DEL ROSARIO PACHECO CANCHE,2,,MORENA
,31,YUCATAN,,,80,TEKIT,,,REG_MR,MORENA,,BRAYAN MOISES ALONZO CETINA,1,,MORENA
,31,YUCATAN,,,80,TEKIT,,,REG_RP,PAN,,GALDINA EK CHIM,2,,PAN
,31,YUCATAN,,,80,TEKIT,,,REG_RP,PAN,,GERONIMO CETINA NOVELO,1,,PAN
,31,YUCATAN,,,80,TEKIT,,,REG_RP,PAN,,MARIA EUGENIA CHIM DZUL,2,,PAN
,31,YUCATAN,,,80,TEKIT,,,REG_RP,PAN,,EDUARDO PUGA TOLOSA,1,,PAN
,31,YUCATAN,,,81,TEKOM,,,PRES_MUN,PRI,,GLORIA ARACELLY COCOM CAN,2,,PRI
,31,YUCATAN,,,81,TEKOM,,,SIND,PRI,,CARLOS ARMANDO KUMUL POOT,1,,PRI
,31,YUCATAN,,,81,TEKOM,,,REG_MR,PRI,,SANDRA MARGARITA CANUL CHAY,2,,PRI
,31,YUCATAN,,,81,TEKOM,,,REG_RP,PAN_NAY,,PASCUAL MUKUL PAT,1,,PAN
,31,YUCATAN,,,81,TEKOM,,,REG_RP,PAN_NAY,,MARIA DEL SOCORRO PECH POOT,2,,PAN
,31,YUCATAN,,,82,TELCHAC PUEBLO,,,PRES_MUN,PRI,,JUAN JACOBO LOPEZ ALVAREZ,1,,PRI
,31,YUCATAN,,,82,TELCHAC PUEBLO,,,SIND,PRI,,LETICIA DEL ROSARIO AGUILAR PECH,2,,PRI
,31,YUCATAN,,,82,TELCHAC PUEBLO,,,REG_MR,PRI,,JESUS ARGENIS GUERRERO PERAZA,1,,PRI
,31,YUCATAN,,,82,TELCHAC PUEBLO,,,REG_RP,PRI,,CLAUDIA IVONNE INURRETA YNURRETA,2,,PRI
,31,YUCATAN,,,82,TELCHAC PUEBLO,,,REG_RP,PRI,,MARIA EUGENIA PECH PINTO,2,,PRI
,31,YUCATAN,,,83,TELCHAC PUERTO,,,PRES_MUN,PRI,,JUAN ALFREDO MARRUFO DIAZ,1,,PRI
,31,YUCATAN,,,83,TELCHAC PUERTO,,,SIND,PRI,,MIRLEY ABIGAIL TEP EK,2,,PRI
,31,YUCATAN,,,83,TELCHAC PUERTO,,,REG_MR,PRI,,BAYRO ORLANDO SOLIS GARCIA,1,,PRI
,31,YUCATAN,,,83,TELCHAC PUERTO,,,REG_RP,PAN,,DIONICIO DEL CARMEN LARA GARCIA,1,,PAN
,31,YUCATAN,,,83,TELCHAC PUERTO,,,REG_RP,PRI,,PAOLA SUSANA PEÑA CANUL,2,,PRI
,31,YUCATAN,,,84,TEMAX,,,PRES_MUN,PAN,,ANGEL ANTONIO GONZALEZ ESCALANTE,1,,PAN
,31,YUCATAN,,,84,TEMAX,,,SIND,PAN,,LUCIA DEL CARMEN OSORIO CANUL,2,,PAN
,31,YUCATAN,,,84,TEMAX,,,REG_MR,PAN,,JOSE JESUS QUIÑONES POOL,1,,PAN
,31,YUCATAN,,,84,TEMAX,,,REG_MR,PAN,,RAFAELA VELAZQUEZ TAMAY,2,,PAN
,31,YUCATAN,,,84,TEMAX,,,REG_MR,PAN,,JOSE AZUNCION CASTILLO CANUL,1,,PAN
,31,YUCATAN,,,84,TEMAX,,,REG_RP,MORENA,,LOURDES DE JESUS ITZA NAHUAT,2,,MORENA
,31,YUCATAN,,,84,TEMAX,,,REG_RP,PAN,,DORALUI CONCEPCION RAZ GAMBOA,2,,PAN
,31,YUCATAN,,,84,TEMAX,,,REG_RP,PAN,,RENE GONZALO DZIB MUKUL,1,,PAN
,31,YUCATAN,,,85,TEMOZON,,,PRES_MUN,MORENA,,CARLOS MANUEL KUYOC CASTILLO,1,,MORENA
,31,YUCATAN,,,85,TEMOZON,,,SIND,MORENA,,TEISI ROSALBA CASTILLO FERNANDEZ,2,,MORENA
,31,YUCATAN,,,85,TEMOZON,,,REG_MR,MORENA,,TIRSO ISRAEL MENA NOVELO,1,,MORENA
,31,YUCATAN,,,85,TEMOZON,,,REG_MR,MORENA,,LEIDY ROSALBA AGUILAR MENA,2,,MORENA
,31,YUCATAN,,,85,TEMOZON,,,REG_MR,MORENA,,JOSE MARTIN POOT CIAU,1,,MORENA
,31,YUCATAN,,,85,TEMOZON,,,REG_MR,MORENA,,MARELI POOT DZAHE,2,,MORENA
,31,YUCATAN,,,85,TEMOZON,,,REG_MR,MORENA,,JONNY SANTIAGO KAUIL MAY,1,,MORENA
,31,YUCATAN,,,85,TEMOZON,,,REG_RP,NAY,,LEIDY MARBELLA PINO HEREDIA,2,,NAY
,31,YUCATAN,,,85,TEMOZON,,,REG_RP,NAY,,GERARDO ALONSO AGUILAR DIAZ,1,,NAY
,31,YUCATAN,,,85,TEMOZON,,,REG_RP,NAY,,LORENA MAY CANCHE,2,,NAY
,31,YUCATAN,,,85,TEMOZON,,,REG_RP,MORENA,,WENDY PATRICIA CAUICH CIAU,2,,MORENA
,31,YUCATAN,,,86,TEPAKAN,,,PRES_MUN,PRD,,WEYLER AARON CORAL MANRIQUE,1,,PRD
,31,YUCATAN,,,86,TEPAKAN,,,SIND,PRD,,AGUSTINA CHABLE PUC,2,,PRD
,31,YUCATAN,,,86,TEPAKAN,,,REG_MR,PRD,,DAVID JOSUE BALAM TAMAYO,1,,PRD
,31,YUCATAN,,,86,TEPAKAN,,,REG_RP,MC,,MARIA ROSA MEDINA CHI,2,,MC
,31,YUCATAN,,,86,TEPAKAN,,,REG_RP,PVEM,,BLANCA DIEZI CORREA CIME,2,,PVEM
,31,YUCATAN,,,87,TETIZ,,,PRES_MUN,PRI,,MELESIO CANCHE RUIZ,1,,PRI
,31,YUCATAN,,,87,TETIZ,,,SIND,PRI,,NANCY BEATRIZ CUYTUN CANCHE,2,,PRI
,31,YUCATAN,,,87,TETIZ,,,REG_MR,PRI,,PEDRO KOYOC TINAL,1,,PRI
,31,YUCATAN,,,87,TETIZ,,,REG_MR,PRI,,LAURA MARIA KEB CANCHE,2,,PRI
,31,YUCATAN,,,87,TETIZ,,,REG_MR,PRI,,GILMER ANGEL PUC POOT,1,,PRI
,31,YUCATAN,,,87,TETIZ,,,REG_RP,PT,,LAURA BEATRIZ VARGUEZ CANCHE,2,,PT
,31,YUCATAN,,,87,TETIZ,,,REG_RP,PAN,,MARIELA ASUNCION POOT PUC,2,,PAN
,31,YUCATAN,,,87,TETIZ,,,REG_RP,PT,,JOSE GABIREL BALAM BALAM,1,,PT
,31,YUCATAN,,,88,TEYA,,,PRES_MUN,PAN,,JOSE BERNARDO RODRIGUEZ ARCEO,1,,PAN
,31,YUCATAN,,,88,TEYA,,,SIND,PAN,,MARIA REYES CHI BRITO,2,,PAN
,31,YUCATAN,,,88,TEYA,,,REG_MR,PAN,,PEDRO BRITO DZIB,1,,PAN
,31,YUCATAN,,,88,TEYA,,,REG_RP,PRI,,LANNY MAURICIA ARCEO DZIB,2,,PRI
,31,YUCATAN,,,88,TEYA,,,REG_RP,PRI,,HEBERT JOANI ISRAEL PADILLA MATU,1,,PRI
,31,YUCATAN,,,89,TICUL,,,PRES_MUN,PAN_NAY,,RAFAEL GERARDO MONTALVO MATA,1,,PAN
,31,YUCATAN,,,89,TICUL,,,SIND,PAN_NAY,,MARISA DEL CARMEN CARRILLO SEGURA,2,,PAN
,31,YUCATAN,,,89,TICUL,,,REG_MR,PAN_NAY,,RANGEL AGUSTIN PEREZ JIMENEZ,1,,PAN
,31,YUCATAN,,,89,TICUL,,,REG_MR,PAN_NAY,,LORENA ASUNCION CHAN ESPINOSA,2,,PAN
,31,YUCATAN,,,89,TICUL,,,REG_MR,PAN_NAY,,OSCAR LEONEL GONZALEZ PEREZ,1,,PAN
,31,YUCATAN,,,89,TICUL,,,REG_MR,PAN_NAY,,ALEJANDRA MONSERRAT SOBERANIS HERRERA,2,,PAN
,31,YUCATAN,,,89,TICUL,,,REG_MR,PAN_NAY,,ANGEL GUADALUPE MAY MENDEZ,1,,PAN
,31,YUCATAN,,,89,TICUL,,,REG_RP,PRI,,BLANCA ROSA LIZARRAGA JIMENEZ,2,,PRI
,31,YUCATAN,,,89,TICUL,,,REG_RP,PAN_NAY,,YADIRA GUADALUPE CHAN CASTRO,2,,PAN
,31,YUCATAN,,,89,TICUL,,,REG_RP,PAN_NAY,,MARCO ANTONIO AZARCOYA CARRILLO,1,,PAN
,31,YUCATAN,,,89,TICUL,,,REG_RP,PAN_NAY,,MARGARITA CAAMAL POOT,2,,PAN
,31,YUCATAN,,,90,TIMUCUY,,,PRES_MUN,PRI,,MARSI ROSANA CEH TEH,2,,PRI
,31,YUCATAN,,,90,TIMUCUY,,,SIND,PRI,,ROBERTA TUN PECH,2,,PRI
,31,YUCATAN,,,90,TIMUCUY,,,REG_MR,PRI,,MARIA APOLONIA TUN CHI,2,,PRI
,31,YUCATAN,,,90,TIMUCUY,,,REG_MR,PRI,,JOSE FREDI CAUICH CANCHE,1,,PRI
,31,YUCATAN,,,90,TIMUCUY,,,REG_MR,PRI,,GLENDI YGNACIA UCAN SULUB,2,,PRI
,31,YUCATAN,,,90,TIMUCUY,,,REG_RP,PAN_NAY,,MANUEL ANTONIO CANCHE POOL,1,,PAN
,31,YUCATAN,,,90,TIMUCUY,,,REG_RP,MC,,MARTHA EUGENIA MUKUL CANCHE,2,,MC
,31,YUCATAN,,,90,TIMUCUY,,,REG_RP,PAN_NAY,,MINELVA UCAN CHAN,2,,PAN
,31,YUCATAN,,,91,TINUM,,,PRES_MUN,PAN,,ALICIA AURORA GONGORA MEJIA,2,,PAN
,31,YUCATAN,,,91,TINUM,,,SIND,PAN,,RICARDO ROBERTO ZAPATA UCAN,1,,PAN
,31,YUCATAN,,,91,TINUM,,,REG_MR,PAN,,LISA AMAIRANI HAU POOT,2,,PAN
,31,YUCATAN,,,91,TINUM,,,REG_MR,PAN,,CORNELIO PECH YAM,1,,PAN
,31,YUCATAN,,,91,TINUM,,,REG_MR,PAN,,MARIA DEL ROSARIO UC TUYUB,2,,PAN
,31,YUCATAN,,,91,TINUM,,,REG_MR,PAN,,EDWARD DE JESUS DZIB MOO,1,,PAN
,31,YUCATAN,,,91,TINUM,,,REG_MR,PAN,,MARTHA PATRICIA MAY CEME,2,,PAN
,31,YUCATAN,,,91,TINUM,,,REG_RP,PRI_PRD_NAY,,JUAN DE LA CRUZ TEC MEX,1,,PRI
,31,YUCATAN,,,91,TINUM,,,REG_RP,MORENA,,CARLOS GALDINO NAHUAT MEX,1,,MORENA
,31,YUCATAN,,,91,TINUM,,,REG_RP,PRI_PRD_NAY,,ELADIA POOT POOT,2,,PRI
,31,YUCATAN,,,91,TINUM,,,REG_RP,PRI_PRD_NAY,,SERGIO ORLANDO CIME PADILLA,1,,PRI
,31,YUCATAN,,,92,TIXCACALCUPUL,,,PRES_MUN,PRI,,RAMON NONATO TUN CHAN,1,,PRI
,31,YUCATAN,,,92,TIXCACALCUPUL,,,SIND,PRI,,NICOLASA TUN CAN,2,,PRI
,31,YUCATAN,,,92,TIXCACALCUPUL,,,REG_MR,PRI,,MARGARITO MOO MOO,1,,PRI
,31,YUCATAN,,,92,TIXCACALCUPUL,,,REG_MR,PRI,,ROSENDA CHAN OY,2,,PRI
,31,YUCATAN,,,92,TIXCACALCUPUL,,,REG_MR,PRI,,ESTEBAN HOIL COCOM,1,,PRI
,31,YUCATAN,,,92,TIXCACALCUPUL,,,REG_RP,PAN_NAY,,ADELA CIAU CHE,2,,PAN
,31,YUCATAN,,,92,TIXCACALCUPUL,,,REG_RP,PAN_NAY,,MIGUEL ANGEL CANUL CHE,1,,PAN
,31,YUCATAN,,,92,TIXCACALCUPUL,,,REG_RP,PAN_NAY,,MARIA FELIPA NERI CHAY EK,2,,PAN
,31,YUCATAN,,,93,TIXKOKOB,,,PRES_MUN,NAY,,FABIAN ANDRES DE JESUS RIVERA FRIAS,1,,NAY
,31,YUCATAN,,,93,TIXKOKOB,,,SIND,NAY,,LETICIA GUADALUPE PECH CONCHA,2,,NAY
,31,YUCATAN,,,93,TIXKOKOB,,,REG_MR,NAY,,MELCHOR BENIGNO SILVEIRA MALAVER,1,,NAY
,31,YUCATAN,,,93,TIXKOKOB,,,REG_MR,NAY,,ELMY RAQUEL TUYUB CASTILLO,2,,NAY
,31,YUCATAN,,,93,TIXKOKOB,,,REG_MR,NAY,,CESAR FAUSTINO DZIB MENDOZA,1,,NAY
,31,YUCATAN,,,93,TIXKOKOB,,,REG_MR,NAY,,ZOILA DEL SOCORRO XIJUN HAU,2,,NAY
,31,YUCATAN,,,93,TIXKOKOB,,,REG_MR,NAY,,ABRAHAM JESUS ANCONA MAY,1,,NAY
,31,YUCATAN,,,93,TIXKOKOB,,,REG_RP,PRI,,GENNY ISELA ANCONA LARA,2,,PRI
,31,YUCATAN,,,93,TIXKOKOB,,,REG_RP,MORENA,,MARIA ISABEL DEL CARMEN RUIZ CONCHA,2,,MORENA
,31,YUCATAN,,,93,TIXKOKOB,,,REG_RP,PVEM,,ESTHER GUADALUPE MAY JUAREZ,2,,PVEM
,31,YUCATAN,,,93,TIXKOKOB,,,REG_RP,PRI,,JORGE CHAN CRUZ,1,,PRI
,31,YUCATAN,,,94,TIXMEHUAC,,,PRES_MUN,PRI,,ANGELICA PANTI CERVERA,2,,PRI
,31,YUCATAN,,,94,TIXMEHUAC,,,SIND,PRI,,CESAR COLLI TILAN,1,,PRI
,31,YUCATAN,,,94,TIXMEHUAC,,,REG_MR,PRI,,ROCIO LUCELI GUZMAN CANUL,2,,PRI
,31,YUCATAN,,,94,TIXMEHUAC,,,REG_RP,PRD,,MARIA MAGDALENA CEL CEL,2,,PRD
,31,YUCATAN,,,94,TIXMEHUAC,,,REG_RP,NAY,,ISELA JUANITA CAUICH LOPEZ,2,,NAY
,31,YUCATAN,,,95,TIXPEUAL,,,PRES_MUN,MORENA,,VICTOR RENE LARA CAUICH,1,,MORENA
,31,YUCATAN,,,95,TIXPEUAL,,,SIND,MORENA,,YSABEL CRISTINA CORDOVA AKE,2,,MORENA
,31,YUCATAN,,,95,TIXPEUAL,,,REG_MR,MORENA,,LUIS GERMAN ROSADO PIÑA,1,,MORENA
,31,YUCATAN,,,95,TIXPEUAL,,,REG_MR,MORENA,,ZOILA GUADALUPE MEX MEDINA,2,,MORENA
,31,YUCATAN,,,95,TIXPEUAL,,,REG_MR,MORENA,,JOSE ARIEL NOH LARA,1,,MORENA
,31,YUCATAN,,,95,TIXPEUAL,,,REG_RP,PAN,,ROSALBA CAROLINA EB PUC,2,,PAN
,31,YUCATAN,,,95,TIXPEUAL,,,REG_RP,PRI,,LUZMY MARIELY GASCA LARA,2,,PRI
,31,YUCATAN,,,95,TIXPEUAL,,,REG_RP,PRD,,MARIA MAGDALENA PIÑA BASTARRACHEA,2,,PRD
,31,YUCATAN,,,96,TIZIMIN ,,,PRES_MUN,PAN_NAY,,PEDRO FRANCISCO COUOH SUASTE,1,,PAN
,31,YUCATAN,,,96,TIZIMIN ,,,SIND,PAN_NAY,,SAIDY AMIRA MATOS MATOS,2,,PAN
,31,YUCATAN,,,96,TIZIMIN ,,,REG_MR,PAN_NAY,,ABELOMAR JAVIER PORTILLO VERGARA,1,,PAN
,31,YUCATAN,,,96,TIZIMIN ,,,REG_MR,PAN_NAY,,PALOMA ISABEL PEREZ FLORES,2,,PAN
,31,YUCATAN,,,96,TIZIMIN ,,,REG_MR,PAN_NAY,,JOSE ALEJANDRO MEZO GASTELUM,1,,PAN
,31,YUCATAN,,,96,TIZIMIN ,,,REG_MR,PAN_NAY,,ANTONIA GUADALUPE MARRUFO DIAZ,2,,PAN
,31,YUCATAN,,,96,TIZIMIN ,,,REG_MR,PAN_NAY,,JOSE DANIEL UITZIL BALAM,1,,PAN
,31,YUCATAN,,,96,TIZIMIN ,,,REG_RP,PRI,,NERY MARGARITA PEREZ ALAMILLA,2,,PRI
,31,YUCATAN,,,96,TIZIMIN ,,,REG_RP,MORENA,,JALIL JOSE METRI MEDINA,1,,MORENA
,31,YUCATAN,,,96,TIZIMIN ,,,REG_RP,PRI,,CARLOS ADRIAN QUIROZ OSORIO,1,,PRI
,31,YUCATAN,,,96,TIZIMIN ,,,REG_RP,PRI,,KATHIA ISABEL CASTILLO VILLAFANIA,2,,PRI
,31,YUCATAN,,,97,TUNKAS,,,PRES_MUN,PAN_NAY,,JORGE RICARDO KUH MENDEZ,1,,PAN
,31,YUCATAN,,,97,TUNKAS,,,SIND,PAN_NAY,,DELTA MAYNE BARROSO CASTILLO,2,,PAN
,31,YUCATAN,,,97,TUNKAS,,,REG_MR,PAN_NAY,,CARLOS JAVIER GUERRERO VENTURA,1,,PAN
,31,YUCATAN,,,97,TUNKAS,,,REG_RP,MC,,MARIA JUANITA LARA AKE,2,,MC
,31,YUCATAN,,,97,TUNKAS,,,REG_RP,MORENA,,TOMASA UC CIAU,2,,MORENA
,31,YUCATAN,,,98,TZUCACAB,,,PRES_MUN,PT,,FREDDY ALEJANDRO CARRILLO BLANCO,1,,PT
,31,YUCATAN,,,98,TZUCACAB,,,SIND,PT,,MIRIAM GUADALUPE CEH JIMENEZ,2,,PT
,31,YUCATAN,,,98,TZUCACAB,,,REG_MR,PT,,ELIU MISAEL KU PUCH,1,,PT
,31,YUCATAN,,,98,TZUCACAB,,,REG_MR,PT,,NAYELY BEATRIZ ALDANA AVILA,2,,PT
,31,YUCATAN,,,98,TZUCACAB,,,REG_MR,PT,,KEVIN FRANCISCO CANCHE CEL,1,,PT
,31,YUCATAN,,,98,TZUCACAB,,,REG_MR,PT,,LORENA BEATRIZ MARQUEZ DIAZ,2,,PT
,31,YUCATAN,,,98,TZUCACAB,,,REG_MR,PT,,JORGE ACEVEDO POOT,1,,PT
,31,YUCATAN,,,98,TZUCACAB,,,REG_RP,PRI,,MARIA CONCEPCION GONGORA TZAB,2,,PRI
,31,YUCATAN,,,98,TZUCACAB,,,REG_RP,PAN_NAY,,PEDRO TAH CANUL,1,,PAN
,31,YUCATAN,,,98,TZUCACAB,,,REG_RP,PRD,,JENNIFFER BRIGITTE ROJAS CAAMAL,2,,PRD
,31,YUCATAN,,,98,TZUCACAB,,,REG_RP,FXM,,MARIA CORALI OJEDA BARRERA,2,,FXM
,31,YUCATAN,,,99,UAYMA,,,PRES_MUN,PRI_PRD,,YAMILI IVONY CUPUL VAZQUEZ,2,,PRI
,31,YUCATAN,,,99,UAYMA,,,SIND,PRI_PRD,,ANGEL GUADALUPE TAX TZUC,1,,PRI
,31,YUCATAN,,,99,UAYMA,,,REG_MR,PRI_PRD,,MARIA HILARIA CUPUL TUZ,2,,PRI
,31,YUCATAN,,,99,UAYMA,,,REG_RP,MORENA,,GILDA ROSALINDA CASTILLO TUZ,2,,MORENA
,31,YUCATAN,,,99,UAYMA,,,REG_RP,MORENA,,DAVID MIS PECH,1,,MORENA
,31,YUCATAN,,,100,UCU,,,PRES_MUN,PAN_NAY,,GASPAR ARIEL PINTO OJEDA,1,,PAN
,31,YUCATAN,,,100,UCU,,,SIND,PAN_NAY,,VICENTA PECH CABRERA,2,,PAN
,31,YUCATAN,,,100,UCU,,,REG_MR,PAN_NAY,,JOSE RICARDO LUNA CAN,1,,PAN
,31,YUCATAN,,,100,UCU,,,REG_MR,PVEM,,BARBARA ESMERALDA UICAB CABRERA,2,,PVEM
,31,YUCATAN,,,100,UCU,,,REG_MR,PVEM,,WILLIAM OMAR PIÑA PIÑA,1,,PVEM
,31,YUCATAN,,,101,UMAN,,,PRES_MUN,PAN_PRD_NAY,,GASPAR VENTURA CISNEROS POLANCO,1,,PAN
,31,YUCATAN,,,101,UMAN,,,SIND,PAN_PRD_NAY,,BELLA MARGARITA POOT CHAB,2,,PAN
,31,YUCATAN,,,101,UMAN,,,REG_RP,PAN_PRD_NAY,,ARMANDO DE JESUS QUINTAL ROSADO,1,,PAN
,31,YUCATAN,,,101,UMAN,,,REG_RP,PAN_PRD_NAY,,DALIA GABRIELA EUAN CIAU,2,,PAN
,31,YUCATAN,,,101,UMAN,,,REG_RP,PAN_PRD_NAY,,HERMINIO MENA EUAN,1,,PAN
,31,YUCATAN,,,101,UMAN,,,REG_RP,PAN_PRD_NAY,,ALMA PATRICIA PECH CANCHE,2,,PAN
,31,YUCATAN,,,101,UMAN,,,REG_MR,PAN_PRD_NAY,,JUAN ADONAY POOT UITZ,1,,PAN
,31,YUCATAN,,,101,UMAN,,,REG_MR,MORENA,,FRANCISCO ALEXIS UC ESTRELLA,1,,MORENA
,31,YUCATAN,,,101,UMAN,,,REG_MR,PRI,,GENY VALERIA UC CASTILLO,2,,PRI
,31,YUCATAN,,,101,UMAN,,,REG_MR,MC,,YAJAIRA SEYANSE MANZANERO MENDOZA,2,,MC
,31,YUCATAN,,,101,UMAN,,,REG_MR,MORENA,,FRANCIA PALOMA MONTERO QUINTAL,2,,MORENA
,31,YUCATAN,,,102,VALLADOLID,,,PRES_MUN,PAN_NAY,,ALFREDO FERNANDEZ ARCEO,1,,PAN
,31,YUCATAN,,,102,VALLADOLID,,,SIND,PAN_NAY,,MARIA AIDA POOT CHAN,2,,PAN
,31,YUCATAN,,,102,VALLADOLID,,,REG_RP,PAN_NAY,,MANUEL JESUS LORIA SANTOYO,1,,PAN
,31,YUCATAN,,,102,VALLADOLID,,,REG_RP,PAN_NAY,,ELDA FELICITAS SANSORES GARCIA,2,,PAN
,31,YUCATAN,,,102,VALLADOLID,,,REG_RP,PAN_NAY,,ANGEL DANIEL DIAZ AGUILAR,1,,PAN
,31,YUCATAN,,,102,VALLADOLID,,,REG_RP,PAN_NAY,,GABRIELA CANDELARIA AGUILAR CORONADO,2,,PAN
,31,YUCATAN,,,102,VALLADOLID,,,REG_MR,PAN_NAY,,JORGE HERBERT TAMAYO HERNANDEZ,1,,PAN
,31,YUCATAN,,,102,VALLADOLID,,,REG_MR,MORENA,,YOLANDA GUADALUPE TORRES BAUTISTA,2,,MORENA
,31,YUCATAN,,,102,VALLADOLID,,,REG_MR,PRI,,INGRID PATRICIA ALVAREZ ORDOÑEZ,2,,PRI
,31,YUCATAN,,,102,VALLADOLID,,,REG_RP,MORENA,,ANTONIO NUÑEZ CHI,1,,MORENA
,31,YUCATAN,,,102,VALLADOLID,,,REG_RP,PRI,,ROBERTO OSORIO RODRIGUEZ,1,,PRI
,31,YUCATAN,,,103,XOCCHEL,,,PRES_MUN,PAN_NAY,,LOURDES MARIA TAH MAAS,2,,PAN
,31,YUCATAN,,,103,XOCCHEL,,,SIND,PAN_NAY,,GEOVANNY FERNANDO IUIT TAH,1,,PAN
,31,YUCATAN,,,103,XOCCHEL,,,REG_MR,PAN_NAY,,GUADALUPE ANALI REJON PUC,2,,PAN
,31,YUCATAN,,,103,XOCCHEL,,,REG_RP,PRD,,MAXIMO ANTONIO DZUL EUAN,1,,PRD
,31,YUCATAN,,,103,XOCCHEL,,,REG_RP,PRD,,REGINA NATIVIDAD COUOH COUOH,2,,PRD
,31,YUCATAN,,,104,YAXCABA,,,PRES_MUN,PAN_NAY,,GENRI ALBERTO PACAB HERRERA,1,,PAN
,31,YUCATAN,,,104,YAXCABA,,,SIND,PAN_NAY,,REINA FRANCISCA DORANTES MENDEZ,2,,PAN
,31,YUCATAN,,,104,YAXCABA,,,REG_MR,PAN_NAY,,MANUEL ROLANDO DE JESUS MOO GAMBOA,1,,PAN
,31,YUCATAN,,,104,YAXCABA,,,REG_MR,PAN_NAY,,GLORI LEYDI DIAZ COX,2,,PAN
,31,YUCATAN,,,104,YAXCABA,,,REG_MR,PAN_NAY,,JOSE ISRAEL PECH DIAZ,1,,PAN
,31,YUCATAN,,,104,YAXCABA,,,REG_MR,PAN_NAY,,FRANCISCA CAAMAL COX,2,,PAN
,31,YUCATAN,,,104,YAXCABA,,,REG_MR,PAN_NAY,,ALFONSO UN UC,1,,PAN
,31,YUCATAN,,,104,YAXCABA,,,REG_RP,PRI,,WENDY DEL SOCORRO CHAN PAT,2,,PRI
,31,YUCATAN,,,104,YAXCABA,,,REG_RP,PRI,,WILMER JOSUE SANSORES CASTILLO,1,,PRI
,31,YUCATAN,,,104,YAXCABA,,,REG_RP,PRI,,NAYROBI NIKTE HA QUINTAL EUAN,2,,PRI
,31,YUCATAN,,,104,YAXCABA,,,REG_RP,PRI,,YASSIR VILLANUEVA CASTRO,1,,PRI
,31,YUCATAN,,,105,YAXKUKUL,,,PRES_MUN,NAY,,WILIAM JESUS GOROCICA FALCON,1,,NAY
,31,YUCATAN,,,105,YAXKUKUL,,,SIND,NAY,,GLORIA RAFAELA GARCIA CHUC,2,,NAY
,31,YUCATAN,,,105,YAXKUKUL,,,REG_MR,NAY,,CARLOS JESUS UC PECH,1,,NAY
,31,YUCATAN,,,105,YAXKUKUL,,,REG_RP,PVEM,,GLENDY ANABEL CHE CASANOVA,2,,PVEM
,31,YUCATAN,,,105,YAXKUKUL,,,REG_RP,PES,,MARIA MIGUELINA CHUC AGUILAR,2,,PES
,31,YUCATAN,,,106,YOBAIN,,,PRES_MUN,PES,,JESUS ALBERTO COOL AKE,1,,PES
,31,YUCATAN,,,106,YOBAIN,,,SIND,PES,,JULIA ISELA MUÑOZ ORDOÑEZ,2,,PES
,31,YUCATAN,,,106,YOBAIN,,,REG_MR,PES,,SANTOS RICARDO CAB EUAN,1,,PES
,31,YUCATAN,,,106,YOBAIN,,,REG_RP,MORENA,,LESLY ESTEFANIA GUERRERO CAMPOS,2,,MORENA
,31,YUCATAN,,,106,YOBAIN,,,REG_RP,NAY,,CLARITA ARACELY CAB MAY,2,,NAY