﻿ID_ESTADO,NOMBRE_ESTADO,ID_DISTRITO_LOCAL,CABECERA_DISTRITAL_LOCAL,SECCIONES,CASILLAS,PAN,PRI,PRD,PVEM,PT,MC,MORENA,PES,RSP,FXM,CAND_IND1,NUM_VOTOS_VALIDOS,NUM_VOTOS_CAN_NREG,NUM_VOTOS_NULOS,TOTAL_VOTOS,LISTA_NOMINAL,RUTA_ACTA
27,TABASCO,1,TENOSIQUE,88,170,1015,8224,1827,7983,643,581,30152,3192,767,1380,,55764,8,1399,57171,87650,http://iepct.mx/computos/2021/DIP/1/ACTA_COMPUTO_RP.pdf
27,TABASCO,2,HEROICA CARDENAS,50,128,397,736,6314,2917,754,865,21226,897,325,164,,34595,813,848,36256,76660,http://iepct.mx/computos/2021/DIP/2/ACTA_COMPUTO_RP.pdf
27,TABASCO,3,RANCHERIA MELCHOR OCAMPO,51,132,157,948,8257,892,401,254,21958,685,702,563,,34660,590,1102,36352,74147,http://iepct.mx/computos/2021/DIP/3/TET-JDC-116/2021-II.pdf
27,TABASCO,4,RANCHERIA RIO SECO Y MONTAÑA 2DA. SECCION,51,141,144,609,11884,1458,762,225,22671,1876,713,727,,41069,81,1179,42329,78683,http://iepct.mx/computos/2021/DIP/4/TET-JDC-116/2021-II.pdf
27,TABASCO,5,FRONTERA,64,141,620,3682,1665,3242,738,6577,16025,3933,1427,4673,1481,44063,7,1655,45725,76635,http://iepct.mx/computos/2021/DIP/5/ACTA_COMPUTO_RP.pdf
27,TABASCO,6,VILLAHERMOSA,58,142,1389,7109,2082,1225,679,918,23855,431,423,378,,38489,34,1180,39703,81591,http://iepct.mx/computos/2021/DIP/6/ACTA_COMPUTO_RP.pdf
27,TABASCO,7,VILLAHERMOSA,30,124,713,3665,1421,635,735,1020,23578,803,735,468,,33773,12,1263,35048,78502,http://iepct.mx/computos/2021/DIP/7/ACTA_COMPUTO_RP.pdf
27,TABASCO,8,VILLAHERMOSA,51,137,1538,5615,2475,889,506,646,22689,662,479,405,,35904,31,1190,37125,81901,http://iepct.mx/computos/2021/DIP/8/ACTA_COMPUTO_RP.pdf
27,TABASCO,9,VILLAHERMOSA,43,131,1090,6200,1345,1159,365,820,22123,813,446,620,,34981,33,1156,36170,78906,http://iepct.mx/computos/2021/DIP/9/ACTA_COMPUTO_RP.pdf
27,TABASCO,10,MACULTEPEC VILLA,40,137,473,5349,1096,723,926,739,26382,498,419,360,,36965,19,1008,37992,85849,http://iepct.mx/computos/2021/DIP/10/ACTA_COMPUTO_RP.pdf
27,TABASCO,11,TACOTALPA,64,146,243,2387,2682,6615,465,11021,19981,985,589,513,,45481,5,1661,47147,76586,http://iepct.mx/computos/2021/DIP/11/ACTA_COMPUTO_RP.pdf
27,TABASCO,12,VILLAHERMOSA,53,141,787,6444,1313,956,480,748,22766,610,1221,420,,35745,36,1285,37066,83798,http://iepct.mx/computos/2021/DIP/12/ACTA_COMPUTO_RP.pdf
27,TABASCO,13,COMALCALCO,64,169,391,3251,20666,957,403,579,30990,691,755,413,,59096,15,1062,60173,99137,http://iepct.mx/computos/2021/DIP/13/TET-JDC-116/2021-II.pdf
27,TABASCO,14,CUNDUACAN,48,129,791,1496,4548,737,1134,3795,20402,2866,747,965,,37481,36,1772,39289,76757,http://iepct.mx/computos/2021/DIP/14/ACTA_COMPUTO_RP.pdf
27,TABASCO,15,EMILIANO ZAPATA,68,150,460,1068,6060,9331,376,481,28883,1338,1484,228,,49709,12,1290,51011,78281,http://iepct.mx/computos/2021/DIP/15/ACTA_COMPUTO_RP.pdf
27,TABASCO,16,HUIMANGUILLO,67,156,236,1359,17800,2468,1548,620,21716,687,1728,385,,48547,31,1562,50140,82220,http://iepct.mx/computos/2021/DIP/16/ACTA_COMPUTO_RP.pdf
27,TABASCO,17,JALPA DE MENDEZ,54,162,410,3967,10559,2634,7670,1392,26580,830,666,505,,55213,24,1966,57203,96573,http://iepct.mx/computos/2021/DIP/17/ACTA_COMPUTO_RP.pdf
27,TABASCO,18,MACUSPANA,47,128,562,1148,4292,4664,648,1423,16292,1692,917,465,,32103,93,1046,33242,76614,http://iepct.mx/computos/2021/DIP/18/ACTA_COMPUTO_RP.pdf
27,TABASCO,19,NACAJUCA,48,159,653,1532,747,12383,1688,1164,23257,1002,10253,783,,53462,30,2032,55524,99246,http://iepct.mx/computos/2021/DIP/19/ACTA_COMPUTO_RP.pdf
27,TABASCO,20,PARAISO,63,167,389,3445,17793,1370,503,835,25885,641,612,7513,,58986,7,1351,60344,97736,http://iepct.mx/computos/2021/DIP/20/ACTA_COMPUTO_RP.pdf
27,TABASCO,21,VILLA PLAYAS DEL ROSARIO (SUBTENIENTE GARCIA),41,140,303,6887,2290,900,762,688,21399,599,698,2312,,36838,22,1239,38099,85272,http://iepct.mx/computos/2021/DIP/21/ACTA_COMPUTO_RP.pdf
