﻿CIRCUNSCRIPCION,ID_ESTADO,NOMBRE_ESTADO,ID_DISTRITO_LOCAL,CABECERA_DISTRITAL_LOCAL,ID_MUNICIPIO,MUNICIPIO,ID_DEMARCACION_LOCAL,DEMARCACION_LOCAL,TIPO_DE_ELECCION,NOMBRE_PARTICIPANTE,NUMERO_LISTA,CANDIDATO,SEXO_CANDIDATO,RUTA_CONSTANCIA
,31,YUCATAN,1,MERIDA,,,,,DIP_LOC_MR,PAN,1,JESUS EFREN PEREZ BALLOTE,1,
,31,YUCATAN,2,MERIDA,,,,,DIP_LOC_MR,PAN,1,ABRIL FERREYRO ROSADO,2,
,31,YUCATAN,3,MERIDA,,,,,DIP_LOC_MR,PAN,1,KAREM FARIDE ACHACH RAMIREZ,2,
,31,YUCATAN,4,MERIDA,,,,,DIP_LOC_MR,PAN,1,VICTOR HUGO LOZANO POVEDA,1,
,31,YUCATAN,5,MERIDA,,,,,DIP_LOC_MR,PAN,1,KARLA VANESSA SALAZAR GONZALEZ,2,
,31,YUCATAN,6,KANASIN,,,,,DIP_LOC_MR,PAN,1,MANUELA DE JESUS COCOM BOLIO,2,
,31,YUCATAN,7,MERIDA,,,,,DIP_LOC_MR,PAN,1,DAFNE CELINA LOPEZ OSORIO,2,
,31,YUCATAN,8,UMAN,,,,,DIP_LOC_MR,MORENA,1,JAZMIN YANELI VILLANUEVA MOO,2,
,31,YUCATAN,9,PROGRESO,,,,,DIP_LOC_MR,PAN,1,ERIK JOSE RIHANI GONZALEZ,1,
,31,YUCATAN,10,TIZIMIN,,,,,DIP_LOC_MR,PAN,1,ESTEBAN ABRAHAM MACARI,1,
,31,YUCATAN,11,VALLADOLID,,,,,DIP_LOC_MR,NAY,1,LUIS RENE FERNANDEZ VIDAL,1,
,31,YUCATAN,12,TEKAX,,,,,DIP_LOC_MR,PRD,1,RAUL ANTONIO ROMERO CHEL,1,
,31,YUCATAN,13,TICUL,,,,,DIP_LOC_MR,PAN,1,CARMEN GUADALUPE GONZALEZ MARTIN,2,
,31,YUCATAN,14,TECOH,,,,,DIP_LOC_MR,PAN,1,MELBA ROSANA GAMBOA AVILA,2,
,31,YUCATAN,15,IZAMAL,,,,,DIP_LOC_MR,PAN,1,INGRID DEL PILAR SANTOS DIAZ,2,
,31,YUCATAN,,,,,,,DIP_LOC_RP,PRI,1,KARLA REYNA FRANCO BLANCO,2,
,31,YUCATAN,,,,,,,DIP_LOC_RP,PRI,2,GASPAR ARMANDO QUINTAL PARRA,1,
,31,YUCATAN,,,,,,,DIP_LOC_RP,PRI,3,FABIOLA LOEZA NOVELO,2,
,31,YUCATAN,,,,,,,DIP_LOC_RP,PRD,1,EDUARDO SOBRINO SIERRA,1,
,31,YUCATAN,,,,,,,DIP_LOC_RP,PVEM,1,HARRY GERARDO RODRIGUEZ BOTELLO FIERRO,1,
,31,YUCATAN,,,,,,,DIP_LOC_RP,MC,1,VIDA ARAVARI GOMEZ HERRERA,2,
,31,YUCATAN,,,,,,,DIP_LOC_RP,MORENA,1,ALEJANDRA DE LOS ANGELES NOVELO SEGURA,2,
,31,YUCATAN,,,,,,,DIP_LOC_RP,MORENA,2,RAFAEL ALEJANDRO ECHAZARRETA TORRES,1,
,31,YUCATAN,,,,,,,DIP_LOC_RP,MORENA,3,RUBI ARGELIA BE CHAN,2,
,31,YUCATAN,,,,,,,DIP_LOC_RP,NAY,1,JOSE CRESCENCIO GUTIERREZ GONZALEZ,1,
,31,YUCATAN,,,,ABALA,,,PRES_MUN,PRI,,MARIA LORENZA AYALA LOPEZ,2,
,31,YUCATAN,,,,ABALA,,,SIND,PRI,,SANTOS DIEGO BALAM COUOH,1,
,31,YUCATAN,,,,ABALA,,,REG,PRI,,MARIA JUDITH DEL SOCORRO AGUAYO FUENTES,2,
,31,YUCATAN,,,,ABALA,,,REG,PRI,,CARLA THAILY EUAN EUAN,2,
,31,YUCATAN,,,,ABALA,,,REG,PRI,,ANA GABRIEL BORBOLLA LOPEZ,2,
,31,YUCATAN,,,,ABALA,,,REG_RP,PAN,,MARIA ANTONIA EUAN CAUICH,2,
,31,YUCATAN,,,,ABALA,,,REG_RP,PAN,,ARMANDO VALENTIN CASTILLO DOMINGUEZ,1,
,31,YUCATAN,,,,ABALA,,,REG_RP,PRI,,FERNANDO LOPEZ LOPEZ,1,
,31,YUCATAN,,,,ACANCEH,,,PRES_MUN,NAY,,MARIO CRUZ HERRERA,1,
,31,YUCATAN,,,,ACANCEH,,,SIND,NAY,,FAINE MERCEDES TUN UC,2,
,31,YUCATAN,,,,ACANCEH,,,REG,NAY,,JOSE INOCENCIO RICALDE UICAB,1,
,31,YUCATAN,,,,ACANCEH,,,REG,NAY,,PAULINA PUC SANTOS,2,
,31,YUCATAN,,,,ACANCEH,,,REG,NAY,,ALEXANDRO DE JESUS DIAZ AKE,1,
,31,YUCATAN,,,,ACANCEH,,,REG,NAY,,NORMA ESTELA TOLOZA PECH,2,
,31,YUCATAN,,,,ACANCEH,,,REG,NAY,,JOSE DE LA CRUZ JIMENEZ UICAB,1,
,31,YUCATAN,,,,ACANCEH,,,REG_RP,MC,,ELSY EDIDTH CAB POOT,2,
,31,YUCATAN,,,,ACANCEH,,,REG_RP,PRD,,YARALI GUADALUPE VARGUEZ AKE,2,
,31,YUCATAN,,,,ACANCEH,,,REG_RP,PVEM,,KARINA GABRIELA ESTRELLA PECH,2,
,31,YUCATAN,,,,ACANCEH,,,REG_RP,NAY,,MAGALI GUADALUPE ESTRELLA GOMEZ,2,
,31,YUCATAN,,,,AKIL,,,PRES_MUN,PT,,IGINIA ADALBERTA ZAPATA CHI,2,
,31,YUCATAN,,,,AKIL,,,SIND,PT,,ANGEL GABRIEL NAH MONTALVO,1,
,31,YUCATAN,,,,AKIL,,,REG,PT,,VILMA NAVARRETE PERAZA,2,
,31,YUCATAN,,,,AKIL,,,REG,PT,,RAUL ANGEL UCAN CAB,1,
,31,YUCATAN,,,,AKIL,,,REG,PT,,LEYDI MARLENE CAB UCAN,2,
,31,YUCATAN,,,,AKIL,,,REG,PT,,ANTONIO CHAN NIC,1,
,31,YUCATAN,,,,AKIL,,,REG,PT,,GEISI POOT GONGORA,2,
,31,YUCATAN,,,,AKIL,,,REG_RP,PRI,,GUADALUPE VARGUEZ COLLI,2,
,31,YUCATAN,,,,AKIL,,,REG_RP,PRI,,WILFREDO CAB POOT,1,
,31,YUCATAN,,,,AKIL,,,REG_RP,PRI,,CANDY COUOH XOOL,2,
,31,YUCATAN,,,,AKIL,,,REG_RP,PT,,ALBERT JESUS UCAN CAMARA,1,
,31,YUCATAN,,,,BACA,,,PRES_MUN,PVEM,,FREDDY MIGUEL BASTO BASTO,1,
,31,YUCATAN,,,,BACA,,,SIND,PVEM,,AMISADAI ALONZO POOT,2,
,31,YUCATAN,,,,BACA,,,REG,PVEM,,GUILBERT JESUS CANCHE CEBALLOS,1,
,31,YUCATAN,,,,BACA,,,REG,PVEM,,MARIA VALENTINA CANTO VILLAJUANA,2,
,31,YUCATAN,,,,BACA,,,REG,PVEM,,JORGE AMILCAR CAN DZIB,1,
,31,YUCATAN,,,,BACA,,,REG_RP,PAN,,YULISA MISHEL BASTO POOT,2,
,31,YUCATAN,,,,BACA,,,REG_RP,PRI,,JOSE FELIPE DE JESUS TUN UC,1,
,31,YUCATAN,,,,BACA,,,REG_RP,PAN,,RUBI ESTEFANIA CHIM PISTE,2,
,31,YUCATAN,,,,BOKOBA,,,PRES_MUN,PRI,,RUBY ALEJANDRINA SOSA PEREZ,2,
,31,YUCATAN,,,,BOKOBA,,,SIND,PRI,,HUGO ENRIQUE HUCHIN HUCHIN,1,
,31,YUCATAN,,,,BOKOBA,,,REG,PRI,,NERI MARIANA CANCHE BACAB,2,
,31,YUCATAN,,,,BOKOBA,,,REG_RP,PAN,,JOHNNY MARTIN HUCHIN UITZ,1,
,31,YUCATAN,,,,BOKOBA,,,REG_RP,PAN,,VIANEY ALEJANDRA CIME HUCHIN,2,
,31,YUCATAN,,,,BUCTZOTZ,,,PRES_MUN,PAN,,VICTOR MANUEL CAMPOS BAEZA,1,
,31,YUCATAN,,,,BUCTZOTZ,,,SIND,PAN,,TERESA GUADALUPE SOLIS CHAN,2,
,31,YUCATAN,,,,BUCTZOTZ,,,REG,PAN,,GAZPAR PINEDA DORANTES,1,
,31,YUCATAN,,,,BUCTZOTZ,,,REG,PAN,,VIANDA ISELA TUN CHAN,2,
,31,YUCATAN,,,,BUCTZOTZ,,,REG,PAN,,ROBERT MAGDALENO ZAVALA CARDENAS,1,
,31,YUCATAN,,,,BUCTZOTZ,,,REG_RP,PRI,,JOAQUIN CHABLE MARTIN,1,
,31,YUCATAN,,,,BUCTZOTZ,,,REG_RP,PRI,,ELSY MARIA LIZAMA MUÑOZ,2,
,31,YUCATAN,,,,BUCTZOTZ,,,REG_RP,NAY,,ILEANA ASUNCION ARGAEZ CEPEDA,2,
,31,YUCATAN,,,,CACALCHEN,,,PRES_MUN,PRI,,ABIGAIL DE GUADALUPE PEREZ VAZQUEZ,2,
,31,YUCATAN,,,,CACALCHEN,,,SIND,PRI,,MANUEL DE JESUS OROZCO AKE,1,
,31,YUCATAN,,,,CACALCHEN,,,REG,PRI,,CARMEN LOPEZ XOOL,2,
,31,YUCATAN,,,,CACALCHEN,,,REG,PRI,,GASPAR CHI MADERA,1,
,31,YUCATAN,,,,CACALCHEN,,,REG,PRI,,LISBETH ZORAIDA SANTOS CHE,2,
,31,YUCATAN,,,,CACALCHEN,,,REG_RP,PAN,,JOSE MARCIAL BALAM CHAN,1,
,31,YUCATAN,,,,CACALCHEN,,,REG_RP,MC,,SOFIA IMELDA NAH AKE,2,
,31,YUCATAN,,,,CACALCHEN,,,REG_RP,PRI,,SERGIO MEZETA AKE,1,
,31,YUCATAN,,,,CALOTMUL,,,PRES_MUN,PRI,,LUIS FERNELY POLANCO TUN,1,
,31,YUCATAN,,,,CALOTMUL,,,SIND,PRI,,NIDIA PATRICIA KU EUAN,2,
,31,YUCATAN,,,,CALOTMUL,,,REG,PRI,,CANDELARIO MENESES GONZALEZ,1,
,31,YUCATAN,,,,CALOTMUL,,,REG_RP,NAY,,FIDELIA CHE TEC,2,
,31,YUCATAN,,,,CALOTMUL,,,REG_RP,NAY,,JOSE MARIA MANZANERO TUN,1,
,31,YUCATAN,,,,CANSAHCAB,,,PRES_MUN,PAN,,PAULINO EK CHAN,1,
,31,YUCATAN,,,,CANSAHCAB,,,SIND,PAN,,LIGIA MARIA VEGA HERRERA,2,
,31,YUCATAN,,,,CANSAHCAB,,,REG,PAN,,PASCUAL LAMBERTO RUIZ LIZAMA,1,
,31,YUCATAN,,,,CANSAHCAB,,,REG_RP,PRD,,ROMUALDA DZIB BRITO,2,
,31,YUCATAN,,,,CANSAHCAB,,,REG_RP,PRI,,ROCIO DEL ALBA BOLIO TAMAYO,2,
,31,YUCATAN,,,,CANTAMAYEC,,,PRES_MUN,PRI,,WILIAN RAFAEL BERMON CONRRADO,1,
,31,YUCATAN,,,,CANTAMAYEC,,,SIND,PRI,,CARMEN EK CAN,2,
,31,YUCATAN,,,,CANTAMAYEC,,,REG,PRI,,ERIK MOISES CETINA CHAN,1,
,31,YUCATAN,,,,CANTAMAYEC,,,REG_RP,PRD,,MARIA ELURDES DOMINGUEZ COLLI,2,
,31,YUCATAN,,,,CANTAMAYEC,,,REG_RP,NAY,,JOSE RAUL BERMON TUZ,1,
,31,YUCATAN,,,,CELESTUN,,,PRES_MUN,PAN,,JOSE ASUNCION RAMIREZ PERERA,1,
,31,YUCATAN,,,,CELESTUN,,,SIND,PAN,,ANA DEL PILAR CRUZ MAZARIEGO,2,
,31,YUCATAN,,,,CELESTUN,,,REG,PAN,,JORGE ENRIQUE UH CHAY,1,
,31,YUCATAN,,,,CELESTUN,,,REG,PAN,,ANA ELENA RODRIGUEZ PISTE,2,
,31,YUCATAN,,,,CELESTUN,,,REG,PAN,,FERNANDO FRANCISCO COUOH MENDEZ,1,
,31,YUCATAN,,,,CELESTUN,,,REG_RP,PVEM,,RAYMUNDO NAVARRO SOTO,1,
,31,YUCATAN,,,,CELESTUN,,,REG_RP,PRI,,SAYDY NOEMI CHAY PINZON,2,
,31,YUCATAN,,,,CELESTUN,,,REG_RP,PRD,,ISABEL DEL CARMEN MONTAÑO AGUILAR,2,
,31,YUCATAN,,,,CENOTILLO,,,PRES_MUN,PAN,,ANGEL HERMENEGILDO CARDOZ FERNANDEZ,1,
,31,YUCATAN,,,,CENOTILLO,,,SIND,PAN,,ALEJANDRA DEL ROSARIO BURGOS CONTRERAS,2,
,31,YUCATAN,,,,CENOTILLO,,,REG,PAN,,PEDRO DAMIAN FUENTES NOH,1,
,31,YUCATAN,,,,CENOTILLO,,,REG_RP,PRI,,RUBEN YAM POOL,1,
,31,YUCATAN,,,,CENOTILLO,,,REG_RP,PAN,,VANESSA XOOC MATOS,2,
,31,YUCATAN,,,,CHACSINKIN,,,PRES_MUN,PRI,,ROGER HUMBERTO SANCHEZ ANGULO,1,
,31,YUCATAN,,,,CHACSINKIN,,,SIND,PRI,,YASUMY GRISSEL KU CANCHE,2,
,31,YUCATAN,,,,CHACSINKIN,,,REG,PRI,,GILMER KU CHUC,1,
,31,YUCATAN,,,,CHACSINKIN,,,REG_RP,MORENA,,GEIDI MARICRUZ CHABLE CANCHE,2,
,31,YUCATAN,,,,CHACSINKIN,,,REG_RP,MORENA,,WILIAM DE JESUS MUKUL ALCOCER,1,
,31,YUCATAN,,,,CHANKOM,,,PRES_MUN,PRI,,CONCEPCION TAMAY NOH,2,
,31,YUCATAN,,,,CHANKOM,,,SIND,PRI,,EFRAIN CIME POOT,1,
,31,YUCATAN,,,,CHANKOM,,,REG,PRI,,ALMA ROSA BALAM CEN,2,
,31,YUCATAN,,,,CHANKOM,,,REG_RP,PAN,,LIZBETH YAMILI TAMAYO CHIM,2,
,31,YUCATAN,,,,CHANKOM,,,REG_RP,PAN,,MANUEL OLIVETTE CIME UICAB,1,
,31,YUCATAN,,,,CHAPAB,,,PRES_MUN,PRI,,LIZBET CONCEPCION RIVERO ZAPATA,2,
,31,YUCATAN,,,,CHAPAB,,,SIND,PRI,,ELIAS GASPAR UICAB PACHECO,1,
,31,YUCATAN,,,,CHAPAB,,,REG,PRI,,ALVA ROCIO SALAZAR NOH,2,
,31,YUCATAN,,,,CHAPAB,,,REG_RP,MC,,ABIEL ELIEZER EK EK,1,
,31,YUCATAN,,,,CHAPAB,,,REG_RP,NAY,,JOSE LUIS UICAB PACHECO,1,
,31,YUCATAN,,,,CHEMAX,,,PRES_MUN,PAN,,LUCIO BALAM HERRERA,1,
,31,YUCATAN,,,,CHEMAX,,,SIND,PAN,,KAREN ANGELICA SABIDO QUETZAL,2,
,31,YUCATAN,,,,CHEMAX,,,REG,PAN,,ELISEO BALAM BALAM,1,
,31,YUCATAN,,,,CHEMAX,,,REG,PAN,,SILVESTRA CHOC CANTO,2,
,31,YUCATAN,,,,CHEMAX,,,REG,PAN,,LORENZO HOIL EK,1,
,31,YUCATAN,,,,CHEMAX,,,REG,PAN,,MANUELA DE JESUS HAU XIU,2,
,31,YUCATAN,,,,CHEMAX,,,REG,PAN,,MAXIMILIANO BALAM OXTE,1,
,31,YUCATAN,,,,CHEMAX,,,REG_RP,PRI,,MARIA LOURDES ITZA CHAN,2,
,31,YUCATAN,,,,CHEMAX,,,REG_RP,MORENA,,ROSALIA POOL PAAT,2,
,31,YUCATAN,,,,CHEMAX,,,REG_RP,PRI,,JOSE VITALIANO MAHLA BALAM,1,
,31,YUCATAN,,,,CHEMAX,,,REG_RP,PAN,,MERCY UC CHIMAL,2,
,31,YUCATAN,,,,CHICHIMILA,,,PRES_MUN,PRI,,FRANCISCO MEDINA MARTIN,1,
,31,YUCATAN,,,,CHICHIMILA,,,SIND,PRI,,ARELI ABIGAIL EK TUN,2,
,31,YUCATAN,,,,CHICHIMILA,,,REG,PRI,,IRMA ROSA CIAU TUZ,2,
,31,YUCATAN,,,,CHICHIMILA,,,REG,PRI,,MIRNA BEATRIZ PUC JIMENEZ,2,
,31,YUCATAN,,,,CHICHIMILA,,,REG,PRI,,MIGUEL ANGEL UITZIL TUN,1,
,31,YUCATAN,,,,CHICHIMILA,,,REG_RP,PAN,,EUDALDO TUN BALAM,1,
,31,YUCATAN,,,,CHICHIMILA,,,REG_RP,PVEM,,MARIA ANGELINA POOL NAHUAT,2,
,31,YUCATAN,,,,CHICHIMILA,,,REG_RP,PAN,,JUANITA CAHUM DZIB,2,
,31,YUCATAN,,,,CHICXULUB PUEBLO,,,PRES_MUN,PAN,,AMILCAR ABRICEL REYES MARIN,1,
,31,YUCATAN,,,,CHICXULUB PUEBLO,,,SIND,PAN,,MERCEDES DEL CARMEN MATU CHALE,2,
,31,YUCATAN,,,,CHICXULUB PUEBLO,,,REG,PAN,,ORLANDO ANTONIO SALAZAR BARRERA,1,
,31,YUCATAN,,,,CHICXULUB PUEBLO,,,REG_RP,PRI,,JESUS DE LA CRUZ AGUILAR KU,1,
,31,YUCATAN,,,,CHICXULUB PUEBLO,,,REG_RP,MORENA,,LUCY AURORA CHAN SOSA,2,
,31,YUCATAN,,,,CHIKINDZONOT,,,PRES_MUN,PRI,,ISIDRO KAUIL CHAN,1,
,31,YUCATAN,,,,CHIKINDZONOT,,,SIND,PRI,,MARIA DOMINGA CAHUM PAT,2,
,31,YUCATAN,,,,CHIKINDZONOT,,,REG,PRI,,ORLANDO POOT KAUIL,1,
,31,YUCATAN,,,,CHIKINDZONOT,,,REG_RP,MORENA,,MARIA ROSALINA MOO PAT,2,
,31,YUCATAN,,,,CHIKINDZONOT,,,REG_RP,PRI,,ROSA ISELA KOYOC MOO,2,
,31,YUCATAN,,,,CHOCHOLA,,,PRES_MUN,PRI,,ERWIN OBET MARTIN ALCOCER,1,
,31,YUCATAN,,,,CHOCHOLA,,,SIND,PRI,,MARIA AZUCENA MAY PECH,2,
,31,YUCATAN,,,,CHOCHOLA,,,REG,PRI,,ROSA DE LIMA UICAB COCOM,2,
,31,YUCATAN,,,,CHOCHOLA,,,REG_RP,MC,,JUAN MARTIN SANCHEZ LOPEZ,1,
,31,YUCATAN,,,,CHOCHOLA,,,REG_RP,MORENA,,LUIS PASCUAL QUINTAL TUN,1,
,31,YUCATAN,,,,CHUMAYEL,,,PRES_MUN,MORENA,,CLEMENTE JULIAN CANO CHAN,1,
,31,YUCATAN,,,,CHUMAYEL,,,SIND,MORENA,,GUADALUPE DEL ROSARIO CHAY PUCH,2,
,31,YUCATAN,,,,CHUMAYEL,,,REG,MORENA,,JOSE ALEXIS PERAZA CRUZ,1,
,31,YUCATAN,,,,CHUMAYEL,,,REG_RP,PRI,,GABRIELA VICTORIA BRICEÑO ITZA,2,
,31,YUCATAN,,,,CHUMAYEL,,,REG_RP,PRI,,ALFREDO EK ITZA,1,
,31,YUCATAN,,,,CONKAL,,,PRES_MUN,PRI,,HISELLE DEL CARMEN DIAZ DEL CASTILLO CANCHE,2,
,31,YUCATAN,,,,CONKAL,,,SIND,PRI,,FRANCISCO EVIA GAMBOA,1,
,31,YUCATAN,,,,CONKAL,,,REG,PRI,,MARIA ELENA CEBALLOS GONZALEZ,2,
,31,YUCATAN,,,,CONKAL,,,REG,PRI,,JOSE ENRIQUE SALAZAR CATZIN,1,
,31,YUCATAN,,,,CONKAL,,,REG,PRI,,ALHELI POOL AGUILAR,2,
,31,YUCATAN,,,,CONKAL,,,REG,PRI,,JOSE GUADALUPE AGUILAR CRUZ,1,
,31,YUCATAN,,,,CONKAL,,,REG,PRI,,MIRNA DEL SOCORRO POOL CANCHE,2,
,31,YUCATAN,,,,CONKAL,,,REG_RP,PAN,,ROSA ISELA SALAZAR ANGULO,2,
,31,YUCATAN,,,,CONKAL,,,REG_RP,MORENA,,FLOR ALEJANDRINA VILLANUEVA ROMERO,2,
,31,YUCATAN,,,,CONKAL,,,REG_RP,PAN,,MIGUEL ANGEL AGUILAR AGUILAR,1,
,31,YUCATAN,,,,CONKAL,,,REG_RP,PRD,,MOISES EDUARDO ESCOBEDO VARGUEZ,1,
,31,YUCATAN,,,,CUNCUNUL,,,PRES_MUN,PRI,,TILA ROSADO CHALAS,2,
,31,YUCATAN,,,,CUNCUNUL,,,SIND,PRI,,JOSE LUIS TEH CHI,1,
,31,YUCATAN,,,,CUNCUNUL,,,REG,PRI,,NAYVI ALHELI SALAZAR TAMAYO,2,
,31,YUCATAN,,,,CUNCUNUL,,,REG_RP,PAN,,JOSE GERMAN POOT CEN,1,
,31,YUCATAN,,,,CUNCUNUL,,,REG_RP,PRI,,RICARDO DE JESUS CASTRO SALAZAR,1,
,31,YUCATAN,,,,CUZAMA,,,PRES_MUN,PAN,,VICTOR MANUEL SOBERANIS VILLANUEVA,1,
,31,YUCATAN,,,,CUZAMA,,,SIND,PAN,,ROSA NATIVIDAD BE MAY,2,
,31,YUCATAN,,,,CUZAMA,,,REG,PAN,,FRANCISCO JAVIER CAUICH BRACAMONTES,1,
,31,YUCATAN,,,,CUZAMA,,,REG,PAN,,MARTINA BE CAAMAL,2,
,31,YUCATAN,,,,CUZAMA,,,REG,PAN,,MARCOS SANCHEZ CHAN,1,
,31,YUCATAN,,,,CUZAMA,,,REG_RP,MORENA,,LORENA PATRICIA CETZAL CHALE,2,
,31,YUCATAN,,,,CUZAMA,,,REG_RP,PRD,,JOSE ELOY KU CHAN,1,
,31,YUCATAN,,,,CUZAMA,,,REG_RP,MORENA,,MAXIMILIANA CHI PERAZA,2,
,31,YUCATAN,,,,DZAN,,,PRES_MUN,PRI,,JOSE ANTONIO PEREZ CABRERA,1,
,31,YUCATAN,,,,DZAN,,,SIND,PRI,,MANUELA DE JESUS CASTILLO INTERIAN,2,
,31,YUCATAN,,,,DZAN,,,REG,PRI,,HENRY ISAI UC TZUC,1,
,31,YUCATAN,,,,DZAN,,,REG,PRI,,MARIA IRENE SANDOVAL KU,2,
,31,YUCATAN,,,,DZAN,,,REG,PRI,,ARWIN ABDIEL UC ORTIZ,1,
,31,YUCATAN,,,,DZAN,,,REG_RP,PAN,,ROSA CRISTINA CHABLE KU,2,
,31,YUCATAN,,,,DZAN,,,REG_RP,PAN,,JOSE LIBERATO JIMENEZ BAEZA,1,
,31,YUCATAN,,,,DZAN,,,REG_RP,PAN,,MARIA LINA FLORES HERNANDEZ,2,
,31,YUCATAN,,,,DZEMUL,,,PRES_MUN,MC,,JOSE WILBERTO FLOTA AKE,1,
,31,YUCATAN,,,,DZEMUL,,,SIND,MC,,RITA ARACELLY AKE CHUC,2,
,31,YUCATAN,,,,DZEMUL,,,REG,MC,,JOSE ANTONIO ORTEGA CANTO,1,
,31,YUCATAN,,,,DZEMUL,,,REG_RP,PAN,,JOSE FRANCISCO GOMEZ CHALE,1,
,31,YUCATAN,,,,DZEMUL,,,REG_RP,PAN,,MARIA CONCEPCION CATZIN UCH,2,
,31,YUCATAN,,,,DZIDZANTUN,,,PRES_MUN,PRI,,ISMAEL AGUILAR PUC,1,
,31,YUCATAN,,,,DZIDZANTUN,,,SIND,PRI,,ROMY ALEJANDRINA RODRIGUEZ UICAB,2,
,31,YUCATAN,,,,DZIDZANTUN,,,REG,PRI,,LUIS FERNANDO CANTO FLORES,1,
,31,YUCATAN,,,,DZIDZANTUN,,,REG,PRI,,VALERIA GOROCICA TORRES,2,
,31,YUCATAN,,,,DZIDZANTUN,,,REG,PRI,,JORGE MANRIQUE TABASCO,1,
,31,YUCATAN,,,,DZIDZANTUN,,,REG_RP,PAN,,DEIFI ARLENE MAY SABIDO,2,
,31,YUCATAN,,,,DZIDZANTUN,,,REG_RP,PAN,,JOSE RACIEL ESCAMILLA PEREIRA,1,
,31,YUCATAN,,,,DZIDZANTUN,,,REG_RP,PAN,,MARGARITA ISABEL GUERRERO JIMENEZ,2,
,31,YUCATAN,,,,DZILAM DE BRAVO,,,PRES_MUN,PRI,,DANIEL ARMANDO HERRERA RIVERA,1,
,31,YUCATAN,,,,DZILAM DE BRAVO,,,SIND,PRI,,CRISTINA DEL CARMEN ANGULO GONZALEZ,2,
,31,YUCATAN,,,,DZILAM DE BRAVO,,,REG,PRI,,JOSE GERONIMO MEDINA TREJO,1,
,31,YUCATAN,,,,DZILAM DE BRAVO,,,REG_RP,PAN,,GIMMY LEONEL CUPUL TREJO,1,
,31,YUCATAN,,,,DZILAM DE BRAVO,,,REG_RP,PAN,,FRANCINE GUADALUPE CANCHE SANTANA,2,
,31,YUCATAN,,,,DZILAM GONZALEZ,,,PRES_MUN,PRI,,CHRISTIAN ISMAEL CARRILLO BAEZA,1,
,31,YUCATAN,,,,DZILAM GONZALEZ,,,SIND,PRI,,MARGELI RAYMUNDA VELAZQUEZ CAAMAL,2,
,31,YUCATAN,,,,DZILAM GONZALEZ,,,REG,PRI,,JORGE ALEJANDRO AZCORRA POOL,1,
,31,YUCATAN,,,,DZILAM GONZALEZ,,,REG,PRI,,MARTA MARIA TAMAYO GUTIERREZ,2,
,31,YUCATAN,,,,DZILAM GONZALEZ,,,REG,PRI,,ALDRIN EMIR CASTILLO CASTILLO,1,
,31,YUCATAN,,,,DZILAM GONZALEZ,,,REG_RP,FXM,,LUIGUI GABRIEL CRUZ SANCHEZ,1,
,31,YUCATAN,,,,DZILAM GONZALEZ,,,REG_RP,PAN,,DURBIN DOLORES ESCALANTE CIME,2,
,31,YUCATAN,,,,DZILAM GONZALEZ,,,REG_RP,FXM,,LILIANA MARLENY TAMAYO PERAZA,2,
,31,YUCATAN,,,,DZITAS,,,PRES_MUN,PAN,,JUAN FRANCISCO PEREZ KOH,1,
,31,YUCATAN,,,,DZITAS,,,SIND,PAN,,FRANCISCA DEL PILAR AVILA LOPEZ,2,
,31,YUCATAN,,,,DZITAS,,,REG,PAN,,WILFRIDO CESAR CASTRO MAY,1,
,31,YUCATAN,,,,DZITAS,,,REG_RP,PRI,,ERMILO MAY VARGAS,2,
,31,YUCATAN,,,,DZITAS,,,REG_RP,PRI,,MARIA GUADALUPE PADILLA MOO,1,
,31,YUCATAN,,,,DZONCAUICH,,,PRES_MUN,PRI,,GLORIA MAGALY RAZ COHUO,2,
,31,YUCATAN,,,,DZONCAUICH,,,SIND,PRI,,FRANCISCO JAVIER CAB CANUL,1,
,31,YUCATAN,,,,DZONCAUICH,,,REG,PRI,,ERIKA ISABEL CHABLE PAT,2,
,31,YUCATAN,,,,DZONCAUICH,,,REG_RP,PAN,,JOSE MARIA CANCHE CANUL,1,
,31,YUCATAN,,,,DZONCAUICH,,,REG_RP,PAN,,VIRIDIANA HUCHIN BASTO,2,
,31,YUCATAN,,,,ESPITA,,,PRES_MUN,PAN,,MARTHA EUGENIA MENA ALCOCER,2,
,31,YUCATAN,,,,ESPITA,,,SIND,PAN,,JOSE MANUEL RIVERO BATES,1,
,31,YUCATAN,,,,ESPITA,,,REG,PAN,,KARINA ADELEMY CUPUL XULUC,2,
,31,YUCATAN,,,,ESPITA,,,REG,PAN,,PEDRO TOMAS CHIMAL KUK,1,
,31,YUCATAN,,,,ESPITA,,,REG,PAN,,MARIA CELAIDA PECH POOL,2,
,31,YUCATAN,,,,ESPITA,,,REG,PAN,,JOSE JUSTINO OY COCOM,1,
,31,YUCATAN,,,,ESPITA,,,REG,PAN,,BERNARDA MARLENE YAM CANCHE,2,
,31,YUCATAN,,,,ESPITA,,,REG_RP,PRI,,MARIA LUISA POOL CAUICH,2,
,31,YUCATAN,,,,ESPITA,,,REG_RP,PRI,,WILBERTH MOISES MOO KUK,1,
,31,YUCATAN,,,,ESPITA,,,REG_RP,PRI,,MARIA MARCIALA OJEDA KUYOC,2,
,31,YUCATAN,,,,ESPITA,,,REG_RP,PAN,,JOSE ANTONIO PETUL PAT,1,
,31,YUCATAN,,,,HALACHO,,,PRES_MUN,NAY,,RODOLFO ABELARDO CASTILLO HUCHIM,1,
,31,YUCATAN,,,,HALACHO,,,SIND,NAY,,CINDY GUADALUPE CHIM MUT,2,
,31,YUCATAN,,,,HALACHO,,,REG,NAY,,DAGOBERTO CAAMAL CAN,1,
,31,YUCATAN,,,,HALACHO,,,REG,NAY,,PATRICIA ISABEL KEB PECH,2,
,31,YUCATAN,,,,HALACHO,,,REG,NAY,,CLEMENTE ALBERTO COLLI CAUICH,1,
,31,YUCATAN,,,,HALACHO,,,REG,NAY,,LAURA ZULEMY HERRERA POOL,2,
,31,YUCATAN,,,,HALACHO,,,REG,NAY,,CASIMIRO CANUL MIS,1,
,31,YUCATAN,,,,HALACHO,,,REG_RP,PAN,, CLELIA PAMELA TUCUCH ARGAEZ,2,
,31,YUCATAN,,,,HALACHO,,,REG_RP,PRI,,MARIA JUSTINA MUT CABRERA,2,
,31,YUCATAN,,,,HALACHO,,,REG_RP,FXM,,ILIANA ROSALIA COLLI HUCHIM,2,
,31,YUCATAN,,,,HALACHO,,,REG_RP,PAN,,ROGER ALBERTO CENTENO CANUL,1,
,31,YUCATAN,,,,HOCABA,,,PRES_MUN,PRI,,EDUARDO ENRIQUE EUAN FRANCO,1,
,31,YUCATAN,,,,HOCABA,,,SIND,PRI,,MAHEALENY LUCIA DZUL YAH,2,
,31,YUCATAN,,,,HOCABA,,,REG,PRI,,ANGEL DE JESUS PAT MARTIN,1,
,31,YUCATAN,,,,HOCABA,,,REG,PRI,,DEYRA GUADALUPE TUYUB BALAM,2,
,31,YUCATAN,,,,HOCABA,,,REG,PRI,,PABLO DANIEL PEREZ UUH,1,
,31,YUCATAN,,,,HOCABA,,,REG_RP,MORENA,,YENI MARILU MATU DZUL,2,
,31,YUCATAN,,,,HOCABA,,,REG_RP,NAY,,DALI MARIA DEL ROCIO MEX CERVANTES,2,
,31,YUCATAN,,,,HOCABA,,,REG_RP,MORENA,,JOSE CRISTINO ECHEVERRIA HERRERA,1,
,31,YUCATAN,,,,HOCTUN,,,PRES_MUN,PRD,,HERBERTH ISMAEL OJEDA SARABIA,1,
,31,YUCATAN,,,,HOCTUN,,,SIND,PRD,,MARIA DEL ROSARIO BARRERA YEH,2,
,31,YUCATAN,,,,HOCTUN,,,REG,PRD,,JOSE JULIAN IUIT EK,1,
,31,YUCATAN,,,,HOCTUN,,,REG,PRD,,GLADIS GUADALUPE PECH GIL,2,
,31,YUCATAN,,,,HOCTUN,,,REG,PRD,,RODOLFO ISAIAS MAY COBA,1,
,31,YUCATAN,,,,HOCTUN,,,REG_RP,MC,,LETICIA CONCEPCION SOBERANIS CHUC,2,
,31,YUCATAN,,,,HOCTUN,,,REG_RP,MORENA,,BERTHA BEATRIZ COB LOPEZ,2,
,31,YUCATAN,,,,HOCTUN,,,REG_RP,MORENA,,MIGUEL TORRES SARABIA,1,
,31,YUCATAN,,,,HOMUN,,,PRES_MUN,PRI,,SANDRA MARISOL GONGORA SALAS,2,
,31,YUCATAN,,,,HOMUN,,,SIND,PRI,,JUAN LIMBER CHIM DZIB,1,
,31,YUCATAN,,,,HOMUN,,,REG,PRI,,MINELIA RAQUEL CASTILLO OCAMPO,2,
,31,YUCATAN,,,,HOMUN,,,REG,PRI,,EMILIO DE JESUS CAMAS HAU,1,
,31,YUCATAN,,,,HOMUN,,,REG,PRI,,GLORIA ISABEL CHIM CETZAL,2,
,31,YUCATAN,,,,HOMUN,,,REG_RP,PAN,,MARIA ESTELA CHAN CHI,2,
,31,YUCATAN,,,,HOMUN,,,REG_RP,PVEM,,ESTEBAN ANTONIO CETZAL KU,1,
,31,YUCATAN,,,,HOMUN,,,REG_RP,NAY,,RICARDA BACAB CHI,2,
,31,YUCATAN,,,,HUHI,,,PRES_MUN,PAN,,ROGER MARCEL BENITEZ ESPINOLA,1,
,31,YUCATAN,,,,HUHI,,,SIND,PAN,,NORMA VIRGILIA KUK PUERTO,2,
,31,YUCATAN,,,,HUHI,,,REG,PAN,,FRANCISCO LUCIANO CHEL PERAZA,1,
,31,YUCATAN,,,,HUHI,,,REG,PAN,,MARIA CRISTINA MAAS CHAN,2,
,31,YUCATAN,,,,HUHI,,,REG,PAN,,CHISTOPHER ANTONIO HUCHIM PECH,1,
,31,YUCATAN,,,,HUHI,,,REG_RP,PES,,MARIA ELENA PECH UCAN,2,
,31,YUCATAN,,,,HUHI,,,REG_RP,MC,,FAUSTINA CHI SANTOS,2,
,31,YUCATAN,,,,HUHI,,,REG_RP,PES,,JUAN DE DIOS DZIB ACOSTA,1,
,31,YUCATAN,,,,HUNUCMA,,,PRES_MUN,MORENA,,EDNA MARISA FRANCO CEBALLOS,2,
,31,YUCATAN,,,,HUNUCMA,,,SIND,MORENA,,JOSE ARTURO DE LA ROSA COOL FRIAS,1,
,31,YUCATAN,,,,HUNUCMA,,,REG,MORENA,,MARIA INES PECH CHUC,2,
,31,YUCATAN,,,,HUNUCMA,,,REG,MORENA,,JUAN DE LA CRUZ KOYOC CANUL,1,
,31,YUCATAN,,,,HUNUCMA,,,REG,MORENA,,RITA CANDELARIA UICAB GIO,2,
,31,YUCATAN,,,,HUNUCMA,,,REG,MORENA,,CARLOS RAFAEL CANUL CANUL,1,
,31,YUCATAN,,,,HUNUCMA,,,REG,MORENA,,BEATRIZ UC BORGES,2,
,31,YUCATAN,,,,HUNUCMA,,,REG_RP,PAN,,VICTOR MANUEL CANUL CHUC,1,
,31,YUCATAN,,,,HUNUCMA,,,REG_RP,PRI,,GARY JESUS QUINTAL CASTILLA,1,
,31,YUCATAN,,,,HUNUCMA,,,REG_RP,PAN,,MARIA ANAHI RODRIGUEZ MEDRANO,2,
,31,YUCATAN,,,,HUNUCMA,,,REG_RP,MORENA,,ARIEL HUMBERTO YAM CONCHA,1,
,31,YUCATAN,,,,IXIL,,,PRES_MUN,PAN,,SANDRA RAQUEL PECH CHI,2,
,31,YUCATAN,,,,IXIL,,,SIND,PAN,,LUIS MANUEL CORDOVA TINAL,1,
,31,YUCATAN,,,,IXIL,,,REG,PAN,,LEYDI MARIA TAMAYO PECH,2,
,31,YUCATAN,,,,IXIL,,,REG_RP,PRI,,IRVIN DE JESUS GONZALEZ CORDOVA,1,
,31,YUCATAN,,,,IXIL,,,REG_RP,PRI,,ROCIO GUADALUPE MAY TEC,2,
,31,YUCATAN,,,,IZAMAL,,,PRES_MUN,PRI,,WARNEL MAY ESCOBAR,1,
,31,YUCATAN,,,,IZAMAL,,,SIND,PRI,,ARELY ABIGAIL PECH ARJONA,2,
,31,YUCATAN,,,,IZAMAL,,,REG,PRI,,MARIO ALBERTO AZCORRA ROSADO,1,
,31,YUCATAN,,,,IZAMAL,,,REG,PRI,,OLDA AICELA BAAS OJEDA,2,
,31,YUCATAN,,,,IZAMAL,,,REG,PRI,,JESUS ALBERTO EUAN ARAUJO,1,
,31,YUCATAN,,,,IZAMAL,,,REG,PRI,,DAYANA DOLORES CONCEPCION EK ARAUJO,2,
,31,YUCATAN,,,,IZAMAL,,,REG,PRI,,JUAN RICARDO CANCHE CIME,1,
,31,YUCATAN,,,,IZAMAL,,,REG_RP,PAN,,ANDREA NAYLU SANCHEZ GRANADOS,2,
,31,YUCATAN,,,,IZAMAL,,,REG_RP,MORENA,,ERIK MANUEL LUGO MORALES,1,
,31,YUCATAN,,,,IZAMAL,,,REG_RP,PAN,,MIGUEL ANGEL RUIZ CANUL,1,
,31,YUCATAN,,,,IZAMAL,,,REG_RP,PAN,,ROSA MARIA INTERIAN CAUICH,2,
,31,YUCATAN,,,,KANASIN,,,PRES_MUN,PAN,,EDWIN JOSE BOJORQUEZ RAMIREZ,1,
,31,YUCATAN,,,,KANASIN,,,SIND,PAN,,CLAUDIA JUANA GAMBOA SOLIS,2,
,31,YUCATAN,,,,KANASIN,,,REG,PAN,,HILARIO DE JESUS UICAB CAN,1,
,31,YUCATAN,,,,KANASIN,,,REG,PAN,,SUSY REJON CERVANTES,2,
,31,YUCATAN,,,,KANASIN,,,REG,PAN,,JORGE ADRIAN ITZA MEX,1,
,31,YUCATAN,,,,KANASIN,,,REG,PAN,,JAQUELINE ALEJANDRA UICAB RODRIGUEZ,2,
,31,YUCATAN,,,,KANASIN,,,REG,PAN,,EDGAR ESCAMILLA PECH,1,
,31,YUCATAN,,,,KANASIN,,,REG_RP,PRI,,MARIA CECILIA MARRUFO CARRILLO,2,
,31,YUCATAN,,,,KANASIN,,,REG_RP,MORENA,,NORMA ALEJANDRINA MARTINEZ GIL,2,
,31,YUCATAN,,,,KANASIN,,,REG_RP,PRI,,XAVIER OCTAVIO VARELA CRUZ,1,
,31,YUCATAN,,,,KANASIN,,,REG_RP,MORENA,,AARON DE JESUS SOLIS HERRERA,1,
,31,YUCATAN,,,,KANTUNIL,,,PRES_MUN,PAN,,LORENA PATRICIA GAMBOA MAY,2,
,31,YUCATAN,,,,KANTUNIL,,,SIND,PAN,,GEOVANNY RAFAEL RUIZ ARANDA,1,
,31,YUCATAN,,,,KANTUNIL,,,REG,PAN,,MARIA ASUNCION COCOM PECH,2,
,31,YUCATAN,,,,KANTUNIL,,,REG,PAN,,EDGAR JOSUE SOSA AKE,1,
,31,YUCATAN,,,,KANTUNIL,,,REG,PAN,,TERECITA DE JESUS SARABIA MIRANDA,2,
,31,YUCATAN,,,,KANTUNIL,,,REG_RP,NAY,,LISSETH RUIZ MIRANDA,2,
,31,YUCATAN,,,,KANTUNIL,,,REG_RP,FXM,,NALLELY DE JESUS SOSA GAMBOA,2,
,31,YUCATAN,,,,KANTUNIL,,,REG_RP,PRI,,RAMOS MARTIN RUIZ NAVARRO,1,
,31,YUCATAN,,,,KAUA,,,PRES_MUN,MORENA,,CRECENCIO NOH CEN,1,
,31,YUCATAN,,,,KAUA,,,SIND,MORENA,,EUNICE MIS TUZ,2,
,31,YUCATAN,,,,KAUA,,,REG,MORENA,,WILFRIDO AY CEN,1,
,31,YUCATAN,,,,KAUA,,,REG_RP,PAN,,NALLELI GUADALUPE POOT COCOM,2,
,31,YUCATAN,,,,KAUA,,,REG_RP,PRI,,JOSE EDUARDO PECH BATUM,1,
,31,YUCATAN,,,,KINCHIL,,,PRES_MUN,PAN,,CARLOS VALENTIN PECH DZIB,1,
,31,YUCATAN,,,,KINCHIL,,,SIND,PAN,,NOEMI AGUAYO TUZ,2,
,31,YUCATAN,,,,KINCHIL,,,REG,PAN,,LUIS ADRIAN ROSADO QUINTAL,1,
,31,YUCATAN,,,,KINCHIL,,,REG,PAN,,ADY NERVA PECH Y POOT,2,
,31,YUCATAN,,,,KINCHIL,,,REG,PAN,,JOSÉ EDUARDO DE LA CRUZ CHUIL UC,1,
,31,YUCATAN,,,,KINCHIL,,,REG_RP,PRI,,REINA ESMERALDA BALAM DZUL,2,
,31,YUCATAN,,,,KINCHIL,,,REG_RP,PRD,,MAGDA REMEDIOS DE LA CARIDAD ESTEVEZ RODRIGUEZ,2,
,31,YUCATAN,,,,KINCHIL,,,REG_RP,PRI,,JORGE JACINTO CANUL TZUC,1,
,31,YUCATAN,,,,KOPOMA,,,PRES_MUN,PRI,,HECTOR MANUEL YAH MOO,1,
,31,YUCATAN,,,,KOPOMA,,,SIND,PRI,,NANCY GABRIELA DZUL BARBOZA,2,
,31,YUCATAN,,,,KOPOMA,,,REG,PRI,,MIGUEL ANGEL MENA COUOH,1,
,31,YUCATAN,,,,KOPOMA,,,REG_RP,MORENA,,SANTOS VENTURA CHAN CAAMAL,1,
,31,YUCATAN,,,,KOPOMA,,,REG_RP,NAY,,REVEKA DIAMANTINA ISABEL DZUL UC,2,
,31,YUCATAN,,,,MAMA,,,PRES_MUN,PRI,,MARIA INES PACHECO POOT,2,
,31,YUCATAN,,,,MAMA,,,SIND,PRI,,LAURO GERMAN CANCHE MARIN,1,
,31,YUCATAN,,,,MAMA,,,REG,PRI,,FATIMA DEL ROSARIO ARCE RAVELL,2,
,31,YUCATAN,,,,MAMA,,,REG_RP,PAN,,GUILLERMO MANUEL GONZALEZ XIU,1,
,31,YUCATAN,,,,MAMA,,,REG_RP,MORENA,,LILIA MARIA HERNANDEZ HERNANDEZ,2,
,31,YUCATAN,,,,MANI,,,PRES_MUN,PAN,,FREDI EVARISTO INTERIAN BOJORQUEZ,1,
,31,YUCATAN,,,,MANI,,,SIND,PAN,,JESSICA DANIELA JIMENEZ HAU,2,
,31,YUCATAN,,,,MANI,,,REG,PAN,,VICTOR EMANUEL POOT YAH,1,
,31,YUCATAN,,,,MANI,,,REG,PAN,,ROSA FRANCISCA BE CAMPOS,2,
,31,YUCATAN,,,,MANI,,,REG,PAN,,MANUEL JESUS PEREZ YAH,1,
,31,YUCATAN,,,,MANI,,,REG_RP,NAY,,GORETY SAMAIRY INTERIAN GONGORA,2,
,31,YUCATAN,,,,MANI,,,REG_RP,NAY,,EDIER ELEAZAR PERAZA TUZ,1,
,31,YUCATAN,,,,MANI,,,REG_RP,PAN,,FLORINDA NOEMI BALAM TZAB,2,
,31,YUCATAN,,,,MAXCANU,,,PRES_MUN,PRI,,CAMILO DELELYS MAY CAUICH,1,
,31,YUCATAN,,,,MAXCANU,,,SIND,PRI,,DANIELA BRICEYDA CIH CANTO,2,
,31,YUCATAN,,,,MAXCANU,,,REG,PRI,,LUIS MANUEL SALAZAR CHIAN,1,
,31,YUCATAN,,,,MAXCANU,,,REG,PRI,,MANUELA DE JESUS DZUL MATOS,2,
,31,YUCATAN,,,,MAXCANU,,,REG,PRI,,JORGE ALFONSO CATZIM ZI,1,
,31,YUCATAN,,,,MAXCANU,,,REG,PRI,,ANA CAROLINA CAUICH KEB,2,
,31,YUCATAN,,,,MAXCANU,,,REG,PRI,,RAUL EDUARDO KU PECH,1,
,31,YUCATAN,,,,MAXCANU,,,REG_RP,MORENA,,LIDSAY OSIRIS GUTIERREZ PERERA,2,
,31,YUCATAN,,,,MAXCANU,,,REG_RP,NAY,,ANA MARIA CANUL KEB,2,
,31,YUCATAN,,,,MAXCANU,,,REG_RP,MORENA,,PEDRO ALBERTO RODRIGUEZ CHAN,1,
,31,YUCATAN,,,,MAXCANU,,,REG_RP,PAN,,VICENTE UC CAUICH,1,
,31,YUCATAN,,,,MAYAPAN,,,PRES_MUN,PAN,,VICTOR MANUEL POOL CEN,1,
,31,YUCATAN,,,,MAYAPAN,,,SIND,PAN,,KAREM YUKEINA PERAZA PACHECO,2,
,31,YUCATAN,,,,MAYAPAN,,,REG,PAN,,FIDENCIO CHAN UC,1,
,31,YUCATAN,,,,MAYAPAN,,,REG_RP,PRI,,NEIMA NIDELFIA PERAZA CHAN,2,
,31,YUCATAN,,,,MAYAPAN,,,REG_RP,PRI,,MARIO ISAIAS TUN GONZALEZ,1,
,31,YUCATAN,,,,MERIDA,,,PRES_MUN,PAN,,RENAN ALBERTO BARRERA CONCHA,1,
,31,YUCATAN,,,,MERIDA,,,SIND,PAN,,DIANA MERCEDES CANTO MORENO,2,
,31,YUCATAN,,,,MERIDA,,,REG,PAN,,ALEJANDRO IVAN RUZ CASTRO,1,
,31,YUCATAN,,,,MERIDA,,,REG,PAN,,HILDA PAULINA PENICHE RODRIGUEZ,2,
,31,YUCATAN,,,,MERIDA,,,REG,PAN,,ALVARO CETINA PUERTO,1,
,31,YUCATAN,,,,MERIDA,,,REG,PAN,,MARIA GABRIELA BAQUEIRO VALENCIA,2,
,31,YUCATAN,,,,MERIDA,,,REG,PAN,,RAFAEL RODRIGUEZ MENDEZ,1,
,31,YUCATAN,,,,MERIDA,,,REG,PAN,,CELIA MARÍA RIVAS RODRIGUEZ,2,
,31,YUCATAN,,,,MERIDA,,,REG,PAN,,RAUL FERNANDO ESCALANTE AGUILAR,1,
,31,YUCATAN,,,,MERIDA,,,REG,PAN,,MARIANA GABER FERNANDEZ MONTILLA,2,
,31,YUCATAN,,,,MERIDA,,,REG,PAN,,RICARDO ELIGIO DE JESÚS ASCENCIO MALDONADO,1,
,31,YUCATAN,,,,MERIDA,,,REG_RP,PRI,,MARIA FERNANDA VIVAS SIERRA,2,
,31,YUCATAN,,,,MERIDA,,,REG_RP,MORENA,,JOSE ORLANDO PEREZ MOGUEL,1,
,31,YUCATAN,,,,MERIDA,,,REG_RP,MC,,GLORIA KARENY VALLE RICALDE,2,
,31,YUCATAN,,,,MERIDA,,,REG_RP,PRI,,GABRIEL BARRAGAN CASARES,1,
,31,YUCATAN,,,,MERIDA,,,REG_RP,MORENA,,ELISA JOHANNA ZUÑIGA ARELLANO,2,
,31,YUCATAN,,,,MERIDA,,,REG_RP,PRI,,ANA GABRIELA AGUILAR RUIZ,2,
,31,YUCATAN,,,,MERIDA,,,REG_RP,MORENA,,FERNANDO JOSE ALCOCER AVILA,1,
,31,YUCATAN,,,,MERIDA,,,REG_RP,PRI,,OSCAR EDUARDO MEDINA CRUZ,1,
,31,YUCATAN,,,,MOCOCHA,,,PRES_MUN,PRI,,PABLO ALEJANDRO CUTZ DOMINGUEZ,1,
,31,YUCATAN,,,,MOCOCHA,,,SIND,PRI,,MARIA PAULINA CHAN YAM,2,
,31,YUCATAN,,,,MOCOCHA,,,REG,PRI,,VICTOR ELOIR SUNZA CAUICH,1,
,31,YUCATAN,,,,MOCOCHA,,,REG_RP,NAY,,DIEGO ANTONIO CAUICH BORGES,1,
,31,YUCATAN,,,,MOCOCHA,,,REG_RP,NAY,,MARIA LISVETH MURIEL PUC PISTE,2,
,31,YUCATAN,,,,MOTUL,,,PRES_MUN,PRI,,ROGER RAFAEL AGUILAR ARROYO,1,
,31,YUCATAN,,,,MOTUL,,,SIND,PRI,,OLGA DINORAH ABRAHAM MARTINEZ,2,
,31,YUCATAN,,,,MOTUL,,,REG,PRI,,LUIS ALONSO DE JESUS MALDONADO CASANOVA,1,
,31,YUCATAN,,,,MOTUL,,,REG,PRI,,ADRIANA ANDREA CAN CELIS,2,
,31,YUCATAN,,,,MOTUL,,,REG,PRI,,JOSE RAYMUNDO MAY CHIM,1,
,31,YUCATAN,,,,MOTUL,,,REG,PRI,,SHEILA BELEM CUEVAS TAMAYO,2,
,31,YUCATAN,,,,MOTUL,,,REG,PRI,,JOSE CARLOS ORTEGA JIMENEZ,1,
,31,YUCATAN,,,,MOTUL,,,REG_RP,MORENA,,ANA MARIANA POOL CEN,2,
,31,YUCATAN,,,,MOTUL,,,REG_RP,PAN,,LEANDER DE JESUS PALMA CAAMAL,2,
,31,YUCATAN,,,,MOTUL,,,REG_RP,PVEM,,MIGUELINA ARCANGEL SANCHEZ TZAB,1,
,31,YUCATAN,,,,MOTUL,,,REG_RP,MORENA,,GASPAR COLLI Y ESTRELLA,1,
,31,YUCATAN,,,,MUNA,,,PRES_MUN,PAN,,MARIA ELOISA CASTRO CONTRERAS,2,
,31,YUCATAN,,,,MUNA,,,SIND,PAN,,JAZMIN GUADALUPE DOMINGUEZ CASANOVA,2,
,31,YUCATAN,,,,MUNA,,,REG,PAN,,JORGE ENRIQUE TUN HO,1,
,31,YUCATAN,,,,MUNA,,,REG,PAN,,MARIA PIEDAD DE JESUS VARGUEZ IHUIT,2,
,31,YUCATAN,,,,MUNA,,,REG,PAN,,EDWIN JOSUE CARRILLO CHACON,1,
,31,YUCATAN,,,,MUNA,,,REG,PAN,,MARIA ISABEL HERRERA KU,2,
,31,YUCATAN,,,,MUNA,,,REG,PAN,,CESAR IGNACIO TUN CHAN,1,
,31,YUCATAN,,,,MUNA,,,REG_RP,MORENA,,SILVIA LETICIA CASANOVA CASTILLO ,2,
,31,YUCATAN,,,,MUNA,,,REG_RP,PRI,,ANDRES GUADALUPE LOPEZ GONZALEZ,1,
,31,YUCATAN,,,,MUNA,,,REG_RP,MC,,ALFREDO BAAS CAUICH,1,
,31,YUCATAN,,,,MUNA,,,REG_RP,MORENA,,LUIS FERNANDO CHAN NAVARRETE,1,
,31,YUCATAN,,,,MUXUPIP,,,PRES_MUN,PAN,,MARIA YNES CHIM AKE,2,
,31,YUCATAN,,,,MUXUPIP,,,SIND,PAN,,MIGUEL LLANCARLO MENDEZ UH,1,
,31,YUCATAN,,,,MUXUPIP,,,REG,PAN,,AMANDA NAYELI PERAZA ABAN,2,
,31,YUCATAN,,,,MUXUPIP,,,REG_RP,MORENA,,CARLOS ALBERTO CHALE MAY,1,
,31,YUCATAN,,,,MUXUPIP,,,REG_RP,PVEM,,CELSO DOMINGUEZ CHIM,1,
,31,YUCATAN,,,,OPICHEN,,,PRES_MUN,MORENA,,SANDI EMANUEL CALAN ORDOÑEZ,1,
,31,YUCATAN,,,,OPICHEN,,,SIND,MORENA,,MARIA PATRICIA POLANCO MOO,2,
,31,YUCATAN,,,,OPICHEN,,,REG,MORENA,,CARLOS ORLANDO RAMOS MENA,1,
,31,YUCATAN,,,,OPICHEN,,,REG,MORENA,,MARIA ELVIRA CHIN MUGARTE,2,
,31,YUCATAN,,,,OPICHEN,,,REG,MORENA,,ARICEO CHIN CAAMAL,1,
,31,YUCATAN,,,,OPICHEN,,,REG_RP,PAN,,MARIA LUISANA HUCHIN POOL,2,
,31,YUCATAN,,,,OPICHEN,,,REG_RP,PAN,,VICTOR ORLANDO CHE CHAN,1,
,31,YUCATAN,,,,OPICHEN,,,REG_RP,PAN,,ZELENY DEL ROSARIO CANUL CHAN,2,
,31,YUCATAN,,,,OXKUTZCAB,,,PRES_MUN,PRI,,JUAN JOSE MARTIN FRAGOSO,1,
,31,YUCATAN,,,,OXKUTZCAB,,,SIND,PRI,,JESSICA BEATRIZ VAZQUEZ PEREZ,2,
,31,YUCATAN,,,,OXKUTZCAB,,,REG,PRI,,WILBERTH ANTONIO CACH YAH,1,
,31,YUCATAN,,,,OXKUTZCAB,,,REG,PRI,,MARGARITA DEL ROSARIO MURILLO PERALTA,2,
,31,YUCATAN,,,,OXKUTZCAB,,,REG,PRI,,ALAN EMMANUEL TORRES VELA,1,
,31,YUCATAN,,,,OXKUTZCAB,,,REG,PRI,,MARIA ISABEL PEREZ CAMPOS,2,
,31,YUCATAN,,,,OXKUTZCAB,,,REG,PRI,,ANGEL RICARDO SOSA CHAN,1,
,31,YUCATAN,,,,OXKUTZCAB,,,REG_RP,PRD,,KELLY PATRICIA PEREZ PACHECO,2,
,31,YUCATAN,,,,OXKUTZCAB,,,REG_RP,PRD,,JOSE FERNANDO LUGO CARRILLO,1,
,31,YUCATAN,,,,OXKUTZCAB,,,REG_RP,PRD,,CINTHIA ARACELY MIS MARTINEZ,2,
,31,YUCATAN,,,,OXKUTZCAB,,,REG_RP,PRI,,ANA VANESSA PACHECO CORDOVA,2,
,31,YUCATAN,,,,PANABA,,,PRES_MUN,PAN,,OMAR ADIEL MENA NARVAEZ,1,
,31,YUCATAN,,,,PANABA,,,SIND,PAN,,SILVIA LEONOR MALDONADO ARANDA,2,
,31,YUCATAN,,,,PANABA,,,REG,PAN,,PABLO ISAEL CHAN CANUL,1,
,31,YUCATAN,,,,PANABA,,,REG,PAN,,REINA BEATRIZ PUC POOL,2,
,31,YUCATAN,,,,PANABA,,,REG,PAN,,FERNANDO EUTIMIO VALDEZ DUARTE,1,
,31,YUCATAN,,,,PANABA,,,REG_RP,PRI,,ISIDRO MANUEL DUARTE ARANDA,1,
,31,YUCATAN,,,,PANABA,,,REG_RP,PRI,,SUNI ARELY CANCHE GOMEZ,2,
,31,YUCATAN,,,,PANABA,,,REG_RP,PRI,,GILMA DEL SOCORRO VALDEZ MARTINEZ,2,
,31,YUCATAN,,,,PETO,,,PRES_MUN,PVEM,,RENAN GABRIEL JIMENEZ TAH,1,
,31,YUCATAN,,,,PETO,,,SIND,PVEM,,MARIA DEL ROSARIO PERERA SUASTE,2,
,31,YUCATAN,,,,PETO,,,REG,PVEM,,RAUL RUBEN BUENFIL GOROCICA,1,
,31,YUCATAN,,,,PETO,,,REG,PVEM,,ROSENDA GRICELI ESQUIVEL AC,2,
,31,YUCATAN,,,,PETO,,,REG,PVEM,,ALFREDO BARNET GONGORA,1,
,31,YUCATAN,,,,PETO,,,REG,PVEM,,MIRIAM ARACELY CAB CAMPOS,2,
,31,YUCATAN,,,,PETO,,,REG,PVEM,,ROMULO ALEXANDER FLOTA MUÑOZ,1,
,31,YUCATAN,,,,PETO,,,REG_RP,PRI,,LEILANY MARISOL PACHECO DURAN,2,
,31,YUCATAN,,,,PETO,,,REG_RP,PAN,,COSME GAMALIEL YAM CAAMAL,1,
,31,YUCATAN,,,,PETO,,,REG_RP,MORENA,,BRENDA REYES HERNANDEZ,2,
,31,YUCATAN,,,,PETO,,,REG_RP,PRI,,JAVIER ANTONIO UCAN GARCIA,1,
,31,YUCATAN,,,,PROGRESO,,,PRES_MUN,PAN,,JULIAN ZACARIAS CURI,1,
,31,YUCATAN,,,,PROGRESO,,,SIND,PAN,,PATRICIA GUADALUPE ROSADO GONZALEZ,2,
,31,YUCATAN,,,,PROGRESO,,,REG,PAN,,ROGER ANTONIO GOMEZ ORTEGON,1,
,31,YUCATAN,,,,PROGRESO,,,REG,PAN,,IVONNE CLAUDETTE GAMBOA RASSAM,2,
,31,YUCATAN,,,,PROGRESO,,,REG,PAN,,KARIM ALBERTO DIB LOPEZ,1,
,31,YUCATAN,,,,PROGRESO,,,REG,PAN,,DULCE MARIA SOBERANIS GAMBOA,2,
,31,YUCATAN,,,,PROGRESO,,,REG,PAN,,HERBERT SANTIAGO PECH BAQUEDANO,1,
,31,YUCATAN,,,,PROGRESO,,,REG_RP,PRI,,JUDITH ALHELI HERNANDEZ RIVERO,2,
,31,YUCATAN,,,,PROGRESO,,,REG_RP,MORENA,,MARIO DE JESUS CANTO BRICEÑO,1,
,31,YUCATAN,,,,PROGRESO,,,REG_RP,PES,,LUZ MARIA LOPEZ POLANCO,2,
,31,YUCATAN,,,,PROGRESO,,,REG_RP,PRI,,LUCY LORENA POLANCO AGUILAR,2,
,31,YUCATAN,,,,QUINTANA ROO,,,PRES_MUN,PAN,,MARIA MINELIA DE JESUS UICAB CEL,2,
,31,YUCATAN,,,,QUINTANA ROO,,,SIND,PAN,,JULIO ARMANDO ABAN CANCHE,1,
,31,YUCATAN,,,,QUINTANA ROO,,,REG,PAN,,ANTONIA MAY CHAN,2,
,31,YUCATAN,,,,QUINTANA ROO,,,REG_RP,MC,,SANTOS CRESENCIA KU DZUL,2,
,31,YUCATAN,,,,QUINTANA ROO,,,REG_RP,PRI,,LORENZO KU CHAN,1,
,31,YUCATAN,,,,RIO LAGARTOS,,,PRES_MUN,PRI,,FLORICELY DEL CARMEN ALCOCER MARFIL,2,
,31,YUCATAN,,,,RIO LAGARTOS,,,SIND,PRI,,JESUS SANTIAGO CELIS TEC,1,
,31,YUCATAN,,,,RIO LAGARTOS,,,REG,PRI,,LEONIDES ESTELA KUK XOOL,2,
,31,YUCATAN,,,,RIO LAGARTOS,,,REG_RP,PRD,,OSCAR RENE ALCOCER MARFIL,1,
,31,YUCATAN,,,,RIO LAGARTOS,,,REG_RP,MORENA,,GENNY MARGARITA MORENO VEGA,2,
,31,YUCATAN,,,,SACALUM,,,PRES_MUN,PT,,LUIS CARLOS NAJERA VAZQUEZ,1,
,31,YUCATAN,,,,SACALUM,,,SIND,PT,,ANSUNCION VAZQUEZ POOT,2,
,31,YUCATAN,,,,SACALUM,,,REG,PT,,GEOVANI MANUEL SANTAMARIA UICAB,1,
,31,YUCATAN,,,,SACALUM,,,REG_RP,MC,,MARIA DE JESUS DZUL MUKUL,2,
,31,YUCATAN,,,,SACALUM,,,REG_RP,NAY,,FERNANDO JAVIER SANTOS LOEZA,1,
,31,YUCATAN,,,,SAMAHIL,,,PRES_MUN,PVEM,,SAMUEL MAYEN POOT,1,
,31,YUCATAN,,,,SAMAHIL,,,SIND,PVEM,,LIZBETH ANTONIA TUN CANUL,2,
,31,YUCATAN,,,,SAMAHIL,,,REG,PVEM,,MANUEL JESUS ZUÑIGA CIAU,1,
,31,YUCATAN,,,,SAMAHIL,,,REG,PVEM,,YAZMIN ISARI GARCIA FLORES,2,
,31,YUCATAN,,,,SAMAHIL,,,REG,PVEM,,JESUS ENRIQUE MOO CHACON,1,
,31,YUCATAN,,,,SAMAHIL,,,REG_RP,PRI,,DAFNE DANELY MAY PACHECO,2,
,31,YUCATAN,,,,SAMAHIL,,,REG_RP,PAN,,OSCAR RAFAEL HERRERA PERERA,1,
,31,YUCATAN,,,,SAMAHIL,,,REG_RP,PRI,,PATRICIA GUADALUPE DORANTES BLEIS,2,
,31,YUCATAN,,,,SAN FELIPE,,,PRES_MUN,PRI,,FELIPE ANTONIO MARRUFO LOPEZ,1,
,31,YUCATAN,,,,SAN FELIPE,,,SIND,PRI,,REINA ALTAGRACIA ESCAMILLA CAMELO,2,
,31,YUCATAN,,,,SAN FELIPE,,,REG,PRI,,SERGIO ANTONIO ACEVEDO BRICEÑO,1,
,31,YUCATAN,,,,SAN FELIPE,,,REG_RP,MORENA ,,YOLANDA DEL ROCIO PUC MARRUFO ,2,
,31,YUCATAN,,,,SAN FELIPE,,,REG_RP,PRI,,SELENA DEL CARMEN AVILES ACEVEDO,2,
,31,YUCATAN,,,,SANAHCAT,,,PRES_MUN,PAN,,ALMA ERNESTINA MANZANERO POLANCO,2,
,31,YUCATAN,,,,SANAHCAT,,,SIND,PAN,,LUCIANO GONZALEZ COUOH,1,
,31,YUCATAN,,,,SANAHCAT,,,REG,PAN,,NEYLA ILIANA CAAMAL EK,2,
,31,YUCATAN,,,,SANAHCAT,,,REG_RP,PRI,,MANUEL DE JESUS ECHEVERRIA DZUL,1,
,31,YUCATAN,,,,SANAHCAT,,,REG_RP,PRI,,ZULLY KARINA UUH DZUL,2,
,31,YUCATAN,,,,SANTA ELENA,,,PRES_MUN,PAN,,GALDINO POOT MORENO,1,
,31,YUCATAN,,,,SANTA ELENA,,,SIND,PAN,,MARIA LILIANA MUL MAY,2,
,31,YUCATAN,,,,SANTA ELENA,,,REG,PAN,,CARLOS FRANCISCO KAUIL DZIB,1,
,31,YUCATAN,,,,SANTA ELENA,,,REG_RP,PRI,,LETICIA DEL SOCORRO MAY BALAM ,2,
,31,YUCATAN,,,,SANTA ELENA,,,REG_RP,PRI,,JHONNY ALFONSO UC KOYOC ,1,
,31,YUCATAN,,,,SEYE,,,PRES_MUN,PRD,,DIANA ISABEL DZUL LEO,2,
,31,YUCATAN,,,,SEYE,,,SIND,PRD,,DANIEL CAUICH POLANCO,1,
,31,YUCATAN,,,,SEYE,,,REG,PRD,,MARIA GUADALUPE SULU PECH,2,
,31,YUCATAN,,,,SEYE,,,REG,PRD,,ARSENIO HUCHIM CARRILLO,1,
,31,YUCATAN,,,,SEYE,,,REG,PRD,,ANGELICA OLIVIA MADERA HUCHIM,2,
,31,YUCATAN,,,,SEYE,,,REG_RP,PAN,,JOSE DE LA LUZ MANZANERO CHAY,1,
,31,YUCATAN,,,,SEYE,,,REG_RP,PES,,GILBERTO CHAN CUA,1,
,31,YUCATAN,,,,SEYE,,,REG_RP,MORENA,,CINTHIA YAQUELINE TEC MIAM,2,
,31,YUCATAN,,,,SINANCHE,,,PRES_MUN,PAN,,FELIPA NERY MENA AGUILAR,2,
,31,YUCATAN,,,,SINANCHE,,,SIND,PAN,,ALBERTO ASUNCION YHUIT FLORES,1,
,31,YUCATAN,,,,SINANCHE,,,REG,PAN,,MERCEDES LUCELY GURUBEL MEDRANO,2,
,31,YUCATAN,,,,SINANCHE,,,REG_RP,PRI,,REYES MELECIO LARA CELIS,1,
,31,YUCATAN,,,,SINANCHE,,,REG_RP,MORENA,,JAVIER ALFONSO PALMA AYALA,1,
,31,YUCATAN,,,,SOTUTA,,,PRES_MUN,PVEM,,GERARDO JACOBO CUXIN ALFARO,1,
,31,YUCATAN,,,,SOTUTA,,,SIND,PVEM,,LIGIA ARACELY MARTINEZ CHAN,2,
,31,YUCATAN,,,,SOTUTA,,,REG,PVEM,,JORGE ANTONIO NAVARRO VALLADARES,1,
,31,YUCATAN,,,,SOTUTA,,,REG,PVEM,,NEYDI LUCELY SANTIAGO XEQUE,2,
,31,YUCATAN,,,,SOTUTA,,,REG,PVEM,,ANGEL JESUS BEH CHAC,1,
,31,YUCATAN,,,,SOTUTA,,,REG_RP,PRI,,ABRAHAM ISRAEL MEX MOO,1,
,31,YUCATAN,,,,SOTUTA,,,REG_RP,PVEM,,MARCELA GONZALEZ POOL,2,
,31,YUCATAN,,,,SOTUTA,,,REG_RP,PVEM,,MARIA NATIVIDAD COX KUK,2,
,31,YUCATAN,,,,SUCILA,,,PRES_MUN,PAN,,GABRIELA DE JESUS POOL CAMELO,2,
,31,YUCATAN,,,,SUCILA,,,SIND,PAN,,EDGAR RENE LORIA NOVELO,1,
,31,YUCATAN,,,,SUCILA,,,REG,PAN,,JUANITA DEL ROSARIO PENICHE OSORIO,2,
,31,YUCATAN,,,,SUCILA,,,REG_RP,PRI,,ANTONIO DE JESUS PUC PECH,1,
,31,YUCATAN,,,,SUCILA,,,REG_RP,MORENA,,FAUSTINA PUC ZAMA,2,
,31,YUCATAN,,,,SUDZAL,,,PRES_MUN,PRI,,ALEJANDRO DUARTE CAAMAL,1,
,31,YUCATAN,,,,SUDZAL,,,SIND,PRI,,DEYSI TRUJEQUE ORDOÑEZ,2,
,31,YUCATAN,,,,SUDZAL,,,REG,PRI,,GILDARDO VALENCIA ACOSTA,1,
,31,YUCATAN,,,,SUDZAL,,,REG_RP,PAN,,JOSE RAMON LEAL BRICEÑO,1,
,31,YUCATAN,,,,SUDZAL,,,REG_RP,PAN,,CINDY MAYELIS UC YAM,2,
,31,YUCATAN,,,,SUMA,,,PRES_MUN,PRI,,JOSE DE LA CRUZ PACHECO BAZAN,1,
,31,YUCATAN,,,,SUMA,,,SIND,PRI,,DILMA EUNICE MORALES GONZALES,2,
,31,YUCATAN,,,,SUMA,,,REG,PRI,,VICTOR ABUNDIO POOL CUTZ,1,
,31,YUCATAN,,,,SUMA,,,REG_RP,NAY,,MARIANA DIANET PEREZ SANTOS,2,
,31,YUCATAN,,,,SUMA,,,REG_RP,NAY,,PABLO FEDERICO BALAM CIME,1,
,31,YUCATAN,,,,TAHDZIU,,,PRES_MUN,PRI,,MARIA TERESA DE JESUS YERVEZ VERA,2,
,31,YUCATAN,,,,TAHDZIU,,,SIND,PRI,,FAUSTINO MONTEJO VERA,1,
,31,YUCATAN,,,,TAHDZIU,,,REG,PRI,,MARIA JESUS EK AVILEZ,2,
,31,YUCATAN,,,,TAHDZIU,,,REG,PRI,,JOSE BERNARDINO VERA MONTEJO,1,
,31,YUCATAN,,,,TAHDZIU,,,REG,PRI,,NELSY ANGELICA CHUC EK,2,
,31,YUCATAN,,,,TAHDZIU,,,REG_RP,PAN,,LUPITA JIMENEZ DIAZ,2,
,31,YUCATAN,,,,TAHDZIU,,,REG_RP,PAN,,DAVID LEONARDO HERNANDEZ JIMENEZ,1,
,31,YUCATAN,,,,TAHDZIU,,,REG_RP,PAN,,LEYDI MELINA CAAMAL MUKUL,2,
,31,YUCATAN,,,,TAHMEK,,,PRES_MUN,PAN,,NEYDA MARIA HEREDIA LEAL,2,
,31,YUCATAN,,,,TAHMEK,,,SIND,PAN,,ALEXIS MIGUEL ANGEL MARIN OJEDA,1,
,31,YUCATAN,,,,TAHMEK,,,REG,PAN,,MINELIA DEL ROSARIO SABIDO IUIT,2,
,31,YUCATAN,,,,TAHMEK,,,REG_RP,PRD,,LAURA MARINA LEAL PUERTO,2,
,31,YUCATAN,,,,TAHMEK,,,REG_RP,MORENA,,JUAN CARLOS GOMEZ TUN,1,
,31,YUCATAN,,,,TEABO,,,PRES_MUN,PAN,,AIDA MARIA DE JESUS FERNANDEZ GONGORA,2,
,31,YUCATAN,,,,TEABO,,,SIND,PAN,,JOSE CESAR AYORA CARRILLO,1,
,31,YUCATAN,,,,TEABO,,,REG,PAN,,RITA MARIA DOMINGUEZ MOO,2,
,31,YUCATAN,,,,TEABO,,,REG,PAN,,DIEGO ALBERTO CHAN MIS,1,
,31,YUCATAN,,,,TEABO,,,REG,PAN,,LOURDES INOCENCIA GONGORA VERA,2,
,31,YUCATAN,,,,TEABO,,,REG_RP,PRI,,MARIA CLARA HAU CEN,2,
,31,YUCATAN,,,,TEABO,,,REG_RP,PRI,,HERMENEGILDO YAH MAY,1,
,31,YUCATAN,,,,TEABO,,,REG_RP,PRI,,ADDY YOLANDA MAY TOLOSA,2,
,31,YUCATAN,,,,TECOH,,,PRES_MUN,PRI,,JOEL ISAAC ACHACH DIAZ,1,
,31,YUCATAN,,,,TECOH,,,SIND,PRI,,ROSALIA GUADALUPE SOLIS MAY,2,
,31,YUCATAN,,,,TECOH,,,REG,PRI,,CESAR DAVID BALAM POLANCO,1,
,31,YUCATAN,,,,TECOH,,,REG,PRI,,MAYRA YARELLI MANZANERO LOEZA,2,
,31,YUCATAN,,,,TECOH,,,REG,PRI,,WILBERT ANTONIO TUN PECH,1,
,31,YUCATAN,,,,TECOH,,,REG,PRI,,ELSA CANDELARIA ESTRELLA HOIL,2,
,31,YUCATAN,,,,TECOH,,,REG,PRI,,DREYVER ALEJANDRO CETZ XOOL,1,
,31,YUCATAN,,,,TECOH,,,REG_RP,PAN,,SEVERA MARGARITA NABTE POOL,2,
,31,YUCATAN,,,,TECOH,,,REG_RP,PVEM,,YENSI NAVID LOEZA CAAMAL,2,
,31,YUCATAN,,,,TECOH,,,REG_RP,PAN,,MARIO PECH LOEZA,1,
,31,YUCATAN,,,,TECOH,,,REG_RP,PVEM,,JUAN JOSE MUÑOZ MEDINA,1,
,31,YUCATAN,,,,TEKAL DE VENEGAS,,,PRES_MUN,PAN,,JOSE ANTONIO ARAGON UICAB,1,
,31,YUCATAN,,,,TEKAL DE VENEGAS,,,SIND,PAN,,NAURA EUNICE CEH CAAMAL,2,
,31,YUCATAN,,,,TEKAL DE VENEGAS,,,REG,PAN,,ISMAEL CHAN CHIM,1,
,31,YUCATAN,,,,TEKAL DE VENEGAS,,,REG_RP,PVEM,,TERESA DE JESUS BOBADILLA KU,2,
,31,YUCATAN,,,,TEKAL DE VENEGAS,,,REG_RP,PAN,,MARIA DEL RUBI CASTILLO UICAB,2,
,31,YUCATAN,,,,TEKANTO,,,PRES_MUN,PAN,,MARBIN ERBEY CARRILLO SOSA,1,
,31,YUCATAN,,,,TEKANTO,,,SIND,PAN,,MARIA CAROLINA MAY MUT,2,
,31,YUCATAN,,,,TEKANTO,,,REG,PAN,,JOSE GALVAN VAZQUEZ,1,
,31,YUCATAN,,,,TEKANTO,,,REG_RP,PRI,,SAUL ALBERTO MAY CANCHE,1,
,31,YUCATAN,,,,TEKANTO,,,REG_RP,MORENA,,PETRONA MARGARITA YAMA CHAN,2,
,31,YUCATAN,,,,TEKAX ,,,PRES_MUN,PAN,,DIEGO JOSE AVILA ROMERO,1,
,31,YUCATAN,,,,TEKAX ,,,SIND,PAN,,MARIANA GUADALUPE NAVARRETE SEGOVIA,2,
,31,YUCATAN,,,,TEKAX ,,,REG,PAN,,AROLDO CHAN CONTRERAS,1,
,31,YUCATAN,,,,TEKAX ,,,REG,PAN,,FLORA MARGARITA PERAZA CAMPOS,2,
,31,YUCATAN,,,,TEKAX ,,,REG,PAN,,ORLANDO GONGORA CAB,1,
,31,YUCATAN,,,,TEKAX ,,,REG,PAN,,MIRNA LEONOR ANCONA SALAZAR,2,
,31,YUCATAN,,,,TEKAX ,,,REG,PAN,,JOSE REMIGIO PERAZA HERNANDEZ,1,
,31,YUCATAN,,,,TEKAX ,,,REG_RP,PRI,,FABIOLA AIMEE CERON MENDOZA,2,
,31,YUCATAN,,,,TEKAX ,,,REG_RP,PRI,,MIGUEL ANGEL ESCALANTE CONTRERAS,1,
,31,YUCATAN,,,,TEKAX ,,,REG_RP,PAN,,BIANCA RUBI TUN CAMPOS,2,
,31,YUCATAN,,,,TEKAX ,,,REG_RP,PAN,,JUAN GABRIEL UCAN LOPEZ,1,
,31,YUCATAN,,,,TEKIT,,,PRES_MUN,MORENA,,FELIPE DE JESUS MEDINA COLI,1,
,31,YUCATAN,,,,TEKIT,,,SIND,MORENA,,AIDA NOEMI ALONZO GUERRERO,2,
,31,YUCATAN,,,,TEKIT,,,REG,MORENA,,JORGE VILLANIEVA PINZON,1,
,31,YUCATAN,,,,TEKIT,,,REG,MORENA,,MARIA PAULA CHE COLLI,2,
,31,YUCATAN,,,,TEKIT,,,REG,MORENA,,JOSE ALFREDO MUKUL CASTILLO,1,
,31,YUCATAN,,,,TEKIT,,,REG,MORENA,,MARIA DEL ROSARIO PACHECO CANCHE,2,
,31,YUCATAN,,,,TEKIT,,,REG,MORENA,,BRAYAN MOISES ALONZO CETINA,1,
,31,YUCATAN,,,,TEKIT,,,REG_RP,PAN,,GALDINA EK CHIM,2,
,31,YUCATAN,,,,TEKIT,,,REG_RP,PAN,,GERONIMO CETINA NOVELO,1,
,31,YUCATAN,,,,TEKIT,,,REG_RP,PAN,,MARIA EUGENIA CHIM DZUL,2,
,31,YUCATAN,,,,TEKIT,,,REG_RP,PAN,,EDUARDO PUGA TOLOSA,1,
,31,YUCATAN,,,,TEKOM,,,PRES_MUN,PRI,,GLORIA ARACELLY COCOM CAN,2,
,31,YUCATAN,,,,TEKOM,,,SIND,PRI,,CARLOS ARMANDO KUMUL POOT,1,
,31,YUCATAN,,,,TEKOM,,,REG,PRI,,SANDRA MARGARITA CANUL CHAY,2,
,31,YUCATAN,,,,TEKOM,,,REG_RP,PAN,,PASCUAL MUKUL PAT,1,
,31,YUCATAN,,,,TEKOM,,,REG_RP,PAN,,MARIA DEL SOCORRO PECH POOT,2,
,31,YUCATAN,,,,TELCHAC PUEBLO,,,PRES_MUN,PRI,,JUAN JACOBO LOPEZ ALVAREZ,1,
,31,YUCATAN,,,,TELCHAC PUEBLO,,,SIND,PRI,,LETICIA DEL ROSARIO AGUILAR PECH,2,
,31,YUCATAN,,,,TELCHAC PUEBLO,,,REG,PRI,,JESUS ARGENIS GUERRERO PERAZA,1,
,31,YUCATAN,,,,TELCHAC PUEBLO,,,REG_RP,PRI,,CLAUDIA IVONNE INURRETA YNURRETA,2,
,31,YUCATAN,,,,TELCHAC PUEBLO,,,REG_RP,PRI,,MARIA EUGENIA PECH PINTO,2,
,31,YUCATAN,,,,TELCHAC PUERTO,,,PRES_MUN,PRI,,JUAN ALFREDO MARRUFO DIAZ,1,
,31,YUCATAN,,,,TELCHAC PUERTO,,,SIND,PRI,,MIRLEY ABIGAIL TEP EK,2,
,31,YUCATAN,,,,TELCHAC PUERTO,,,REG,PRI,,BAYRO ORLANDO SOLIS GARCIA,1,
,31,YUCATAN,,,,TELCHAC PUERTO,,,REG_RP,PAN,,DIONICIO DEL CARMEN LARA GARCIA,1,
,31,YUCATAN,,,,TELCHAC PUERTO,,,REG_RP,PRI,,PAOLA SUSANA PEÑA CANUL,2,
,31,YUCATAN,,,,TEMAX,,,PRES_MUN,PAN,,ANGEL ANTONIO GONZALEZ ESCALANTE,1,
,31,YUCATAN,,,,TEMAX,,,SIND,PAN,,LUCIA DEL CARMEN OSORIO CANUL,2,
,31,YUCATAN,,,,TEMAX,,,REG,PAN,,JOSE JESUS QUIÑONES POOL,1,
,31,YUCATAN,,,,TEMAX,,,REG,PAN,,RAFAELA VELAZQUEZ TAMAY,2,
,31,YUCATAN,,,,TEMAX,,,REG,PAN,,JOSE AZUNCION CASTILLO CANUL,1,
,31,YUCATAN,,,,TEMAX,,,REG_RP,MORENA,,LOURDES DE JESUS ITZA NAHUAT,2,
,31,YUCATAN,,,,TEMAX,,,REG_RP,PAN,,DORALUI CONCEPCION RAZ GAMBOA,2,
,31,YUCATAN,,,,TEMAX,,,REG_RP,PAN,,RENE GONZALO DZIB MUKUL,1,
,31,YUCATAN,,,,TEMOZON,,,PRES_MUN,MORENA,,CARLOS MANUEL KUYOC CASTILLO,1,
,31,YUCATAN,,,,TEMOZON,,,SIND,MORENA,,TEISI ROSALBA CASTILLO FERNANDEZ,2,
,31,YUCATAN,,,,TEMOZON,,,REG,MORENA,,TIRSO ISRAEL MENA NOVELO,1,
,31,YUCATAN,,,,TEMOZON,,,REG,MORENA,,LEIDY ROSALBA AGUILAR MENA,2,
,31,YUCATAN,,,,TEMOZON,,,REG,MORENA,,JOSE MARTIN POOT CIAU,1,
,31,YUCATAN,,,,TEMOZON,,,REG,MORENA,,MARELI POOT DZAHE,2,
,31,YUCATAN,,,,TEMOZON,,,REG,MORENA,,JONNY SANTIAGO KAUIL MAY,1,
,31,YUCATAN,,,,TEMOZON,,,REG_RP,NAY,,LEIDY MARBELLA PINO HEREDIA,2,
,31,YUCATAN,,,,TEMOZON,,,REG_RP,NAY,,GERARDO ALONSO AGUILAR DIAZ,1,
,31,YUCATAN,,,,TEMOZON,,,REG_RP,NAY,,LORENA MAY CANCHE,2,
,31,YUCATAN,,,,TEMOZON,,,REG_RP,MORENA,,WENDY PATRICIA CAUICH CIAU,2,
,31,YUCATAN,,,,TEPAKAN,,,PRES_MUN,PRD,,WEYLER AARON CORAL MANRIQUE,1,
,31,YUCATAN,,,,TEPAKAN,,,SIND,PRD,,AGUSTINA CHABLE PUC,2,
,31,YUCATAN,,,,TEPAKAN,,,REG,PRD,,DAVID JOSUE BALAM TAMAYO,1,
,31,YUCATAN,,,,TEPAKAN,,,REG_RP,MC,,MARIA ROSA MEDINA CHI,2,
,31,YUCATAN,,,,TEPAKAN,,,REG_RP,PVEM,,BLANCA DIEZI CORREA CIME,2,
,31,YUCATAN,,,,TETIZ,,,PRES_MUN,PRI,,MELESIO CANCHE RUIZ,1,
,31,YUCATAN,,,,TETIZ,,,SIND,PRI,,NANCY BEATRIZ CUYTUN CANCHE,2,
,31,YUCATAN,,,,TETIZ,,,REG,PRI,,PEDRO KOYOC TINAL,1,
,31,YUCATAN,,,,TETIZ,,,REG,PRI,,LAURA MARIA KEB CANCHE,2,
,31,YUCATAN,,,,TETIZ,,,REG,PRI,,GILMER ANGEL PUC POOT,1,
,31,YUCATAN,,,,TETIZ,,,REG_RP,PT,,LAURA BEATRIZ VARGUEZ CANCHE,2,
,31,YUCATAN,,,,TETIZ,,,REG_RP,PAN,,MARIELA ASUNCION POOT PUC,2,
,31,YUCATAN,,,,TETIZ,,,REG_RP,PT,,JOSE GABIREL BALAM BALAM,1,
,31,YUCATAN,,,,TEYA,,,PRES_MUN,PAN,,JOSE BERNARDO RODRIGUEZ ARCEO,1,
,31,YUCATAN,,,,TEYA,,,SIND,PAN,,MARIA REYES CHI BRITO,2,
,31,YUCATAN,,,,TEYA,,,REG,PAN,,PEDRO BRITO DZIB,1,
,31,YUCATAN,,,,TEYA,,,REG_RP,PRI,,LANNY MAURICIA ARCEO DZIB,2,
,31,YUCATAN,,,,TEYA,,,REG_RP,PRI,,HEBERT JOANI ISRAEL PADILLA MATU,1,
,31,YUCATAN,,,,TICUL,,,PRES_MUN,PAN,,RAFAEL GERARDO MONTALVO MATA,1,
,31,YUCATAN,,,,TICUL,,,SIND,PAN,,MARISA DEL CARMEN CARRILLO SEGURA,2,
,31,YUCATAN,,,,TICUL,,,REG,PAN,,RANGEL AGUSTIN PEREZ JIMENEZ,1,
,31,YUCATAN,,,,TICUL,,,REG,PAN,,LORENA ASUNCION CHAN ESPINOSA,2,
,31,YUCATAN,,,,TICUL,,,REG,PAN,,OSCAR LEONEL GONZALEZ PEREZ,1,
,31,YUCATAN,,,,TICUL,,,REG,PAN,,ALEJANDRA MONSERRAT SOBERANIS HERRERA,2,
,31,YUCATAN,,,,TICUL,,,REG,PAN,,ANGEL GUADALUPE MAY MENDEZ,1,
,31,YUCATAN,,,,TICUL,,,REG_RP,PRI,,BLANCA ROSA LIZARRAGA JIMENEZ,2,
,31,YUCATAN,,,,TICUL,,,REG_RP,PAN,,YADIRA GUADALUPE CHAN CASTRO,2,
,31,YUCATAN,,,,TICUL,,,REG_RP,PAN,,MARCO ANTONIO AZARCOYA CARRILLO,1,
,31,YUCATAN,,,,TICUL,,,REG_RP,PAN,,MARGARITA CAAMAL POOT,2,
,31,YUCATAN,,,,TIMUCUY,,,PRES_MUN,PRI,,MARSI ROSANA CEH TEH,2,
,31,YUCATAN,,,,TIMUCUY,,,SIND,PRI,,ROBERTA TUN PECH,2,
,31,YUCATAN,,,,TIMUCUY,,,REG,PRI,,MARIA APOLONIA TUN CHI,2,
,31,YUCATAN,,,,TIMUCUY,,,REG,PRI,,JOSE FREDI CAUICH CANCHE,1,
,31,YUCATAN,,,,TIMUCUY,,,REG,PRI,,GLENDI YGNACIA UCAN SULUB,2,
,31,YUCATAN,,,,TIMUCUY,,,REG_RP,PAN,,MANUEL ANTONIO CANCHE POOL,1,
,31,YUCATAN,,,,TIMUCUY,,,REG_RP,MC,,MARTHA EUGENIA MUKUL CANCHE,2,
,31,YUCATAN,,,,TIMUCUY,,,REG_RP,PAN,,MINELVA UCAN CHAN,2,
,31,YUCATAN,,,,TINUM,,,PRES_MUN,PAN,,ALICIA AURORA GONGORA MEJIA,2,
,31,YUCATAN,,,,TINUM,,,SIND,PAN,,RICARDO ROBERTO ZAPATA UCAN,1,
,31,YUCATAN,,,,TINUM,,,REG,PAN,,LISA AMAIRANI HAU POOT,2,
,31,YUCATAN,,,,TINUM,,,REG,PAN,,CORNELIO PECH YAM,1,
,31,YUCATAN,,,,TINUM,,,REG,PAN,,MARIA DEL ROSARIO UC TUYUB,2,
,31,YUCATAN,,,,TINUM,,,REG,PAN,,EDWARD DE JESUS DZIB MOO,1,
,31,YUCATAN,,,,TINUM,,,REG,PAN,,MARTHA PATRICIA MAY CEME,2,
,31,YUCATAN,,,,TINUM,,,REG_RP,PRI,,JUAN DE LA CRUZ TEC MEX,1,
,31,YUCATAN,,,,TINUM,,,REG_RP,MORENA,,CARLOS GALDINO NAHUAT MEX,1,
,31,YUCATAN,,,,TINUM,,,REG_RP,PRI,,ELADIA POOT POOT,2,
,31,YUCATAN,,,,TINUM,,,REG_RP,PRI,,SERGIO ORLANDO CIME PADILLA,1,
,31,YUCATAN,,,,TIXCACALCUPUL,,,PRES_MUN,PRI,,RAMON NONATO TUN CHAN,1,
,31,YUCATAN,,,,TIXCACALCUPUL,,,SIND,PRI,,NICOLASA TUN CAN,2,
,31,YUCATAN,,,,TIXCACALCUPUL,,,REG,PRI,,MARGARITO MOO MOO,1,
,31,YUCATAN,,,,TIXCACALCUPUL,,,REG,PRI,,ROSENDA CHAN OY,2,
,31,YUCATAN,,,,TIXCACALCUPUL,,,REG,PRI,,ESTEBAN HOIL COCOM,1,
,31,YUCATAN,,,,TIXCACALCUPUL,,,REG_RP,PAN,,ADELA CIAU CHE,2,
,31,YUCATAN,,,,TIXCACALCUPUL,,,REG_RP,PAN,,MIGUEL ANGEL CANUL CHE,1,
,31,YUCATAN,,,,TIXCACALCUPUL,,,REG_RP,PAN,,MARIA FELIPA NERI CHAY EK,2,
,31,YUCATAN,,,,TIXKOKOB,,,PRES_MUN,NAY,,FABIAN ANDRES DE JESUS RIVERA FRIAS,1,
,31,YUCATAN,,,,TIXKOKOB,,,SIND,NAY,,LETICIA GUADALUPE PECH CONCHA,2,
,31,YUCATAN,,,,TIXKOKOB,,,REG,NAY,,MELCHOR BENIGNO SILVEIRA MALAVER,1,
,31,YUCATAN,,,,TIXKOKOB,,,REG,NAY,,ELMY RAQUEL TUYUB CASTILLO,2,
,31,YUCATAN,,,,TIXKOKOB,,,REG,NAY,,CESAR FAUSTINO DZIB MENDOZA,1,
,31,YUCATAN,,,,TIXKOKOB,,,REG,NAY,,ZOILA DEL SOCORRO XIJUN HAU,2,
,31,YUCATAN,,,,TIXKOKOB,,,REG,NAY,,ABRAHAM JESUS ANCONA MAY,1,
,31,YUCATAN,,,,TIXKOKOB,,,REG_RP,PRI,,GENNY ISELA ANCONA LARA,2,
,31,YUCATAN,,,,TIXKOKOB,,,REG_RP,MORENA,,MARIA ISABEL DEL CARMEN RUIZ CONCHA,2,
,31,YUCATAN,,,,TIXKOKOB,,,REG_RP,PVEM,,ESTHER GUADALUPE MAY JUAREZ,2,
,31,YUCATAN,,,,TIXKOKOB,,,REG_RP,PRI,,JORGE CHAN CRUZ,1,
,31,YUCATAN,,,,TIXMEHUAC,,,PRES_MUN,PRI,,ANGELICA PANTI CERVERA,2,
,31,YUCATAN,,,,TIXMEHUAC,,,SIND,PRI,,CESAR COLLI TILAN,1,
,31,YUCATAN,,,,TIXMEHUAC,,,REG,PRI,,ROCIO LUCELI GUZMAN CANUL,2,
,31,YUCATAN,,,,TIXMEHUAC,,,REG_RP,PRD,,MARIA MAGDALENA CEL CEL,2,
,31,YUCATAN,,,,TIXMEHUAC,,,REG_RP,NAY,,ISELA JUANITA CAUICH LOPEZ,2,
,31,YUCATAN,,,,TIXPEUAL,,,PRES_MUN,MORENA,,VICTOR RENE LARA CAUICH,1,
,31,YUCATAN,,,,TIXPEUAL,,,SIND,MORENA,,YSABEL CRISTINA CORDOVA AKE,2,
,31,YUCATAN,,,,TIXPEUAL,,,REG,MORENA,,LUIS GERMAN ROSADO PIÑA,1,
,31,YUCATAN,,,,TIXPEUAL,,,REG,MORENA,,ZOILA GUADALUPE MEX MEDINA,2,
,31,YUCATAN,,,,TIXPEUAL,,,REG,MORENA,,JOSE ARIEL NOH LARA,1,
,31,YUCATAN,,,,TIXPEUAL,,,REG_RP,PAN,,ROSALBA CAROLINA EB PUC,2,
,31,YUCATAN,,,,TIXPEUAL,,,REG_RP,PRI,,LUZMY MARIELY GASCA LARA,2,
,31,YUCATAN,,,,TIXPEUAL,,,REG_RP,PRD,,MARIA MAGDALENA PIÑA BASTARRACHEA,2,
,31,YUCATAN,,,,TIZIMIN ,,,PRES_MUN,PAN,,PEDRO FRANCISCO COUOH SUASTE,1,
,31,YUCATAN,,,,TIZIMIN ,,,SIND,PAN,,SAIDY AMIRA MATOS MATOS,2,
,31,YUCATAN,,,,TIZIMIN ,,,REG,PAN,,ABELOMAR JAVIER PORTILLO VERGARA,1,
,31,YUCATAN,,,,TIZIMIN ,,,REG,PAN,,PALOMA ISABEL PEREZ FLORES,2,
,31,YUCATAN,,,,TIZIMIN ,,,REG,PAN,,JOSE ALEJANDRO MEZO GASTELUM,1,
,31,YUCATAN,,,,TIZIMIN ,,,REG,PAN,,ANTONIA GUADALUPE MARRUFO DIAZ,2,
,31,YUCATAN,,,,TIZIMIN ,,,REG,PAN,,JOSE DANIEL UITZIL BALAM,1,
,31,YUCATAN,,,,TIZIMIN ,,,REG_RP,PRI,,NERY MARGARITA PEREZ ALAMILLA,2,
,31,YUCATAN,,,,TIZIMIN ,,,REG_RP,MORENA,,JALIL JOSE METRI MEDINA,1,
,31,YUCATAN,,,,TIZIMIN ,,,REG_RP,PRI,,CARLOS ADRIAN QUIROZ OSORIO,1,
,31,YUCATAN,,,,TIZIMIN ,,,REG_RP,PRI,,KATHIA ISABEL CASTILLO VILLAFANIA,2,
,31,YUCATAN,,,,TUNKAS,,,PRES_MUN,PAN,,JORGE RICARDO KUH MENDEZ,1,
,31,YUCATAN,,,,TUNKAS,,,SIND,PAN,,DELTA MAYNE BARROSO CASTILLO,2,
,31,YUCATAN,,,,TUNKAS,,,REG,PAN,,CARLOS JAVIER GUERRERO VENTURA,1,
,31,YUCATAN,,,,TUNKAS,,,REG_RP,MC,,MARIA JUANITA LARA AKE,2,
,31,YUCATAN,,,,TUNKAS,,,REG_RP,MORENA,,TOMASA UC CIAU,2,
,31,YUCATAN,,,,TZUCACAB,,,PRES_MUN,PT,,FREDDY ALEJANDRO CARRILLO BLANCO,1,
,31,YUCATAN,,,,TZUCACAB,,,SIND,PT,,MIRIAM GUADALUPE CEH JIMENEZ,2,
,31,YUCATAN,,,,TZUCACAB,,,REG,PT,,ELIU MISAEL KU PUCH,1,
,31,YUCATAN,,,,TZUCACAB,,,REG,PT,,NAYELY BEATRIZ ALDANA AVILA,2,
,31,YUCATAN,,,,TZUCACAB,,,REG,PT,,KEVIN FRANCISCO CANCHE CEL,1,
,31,YUCATAN,,,,TZUCACAB,,,REG,PT,,LORENA BEATRIZ MARQUEZ DIAZ,2,
,31,YUCATAN,,,,TZUCACAB,,,REG,PT,,JORGE ACEVEDO POOT,1,
,31,YUCATAN,,,,TZUCACAB,,,REG_RP,PRI,,MARIA CONCEPCION GONGORA TZAB,2,
,31,YUCATAN,,,,TZUCACAB,,,REG_RP,PAN,,PEDRO TAH CANUL,1,
,31,YUCATAN,,,,TZUCACAB,,,REG_RP,PRD,,JENNIFFER BRIGITTE ROJAS CAAMAL,2,
,31,YUCATAN,,,,TZUCACAB,,,REG_RP,FXM,,MARIA CORALI OJEDA BARRERA,2,
,31,YUCATAN,,,,UAYMA,,,PRES_MUN,NO APLICA,,NO APLICA,,
,31,YUCATAN,,,,UAYMA,,,SIND,NO APLICA,,NO APLICA,,
,31,YUCATAN,,,,UAYMA,,,REG,NO APLICA,,NO APLICA,,
,31,YUCATAN,,,,UAYMA,,,REG_RP,NO APLICA,,NO APLICA,,
,31,YUCATAN,,,,UAYMA,,,REG_RP,NO APLICA,,NO APLICA,,
,31,YUCATAN,,,,UCU,,,PRES_MUN,PAN,,GASPAR ARIEL PINTO OJEDA,1,
,31,YUCATAN,,,,UCU,,,SIND,PAN,,VICENTA PECH CABRERA,2,
,31,YUCATAN,,,,UCU,,,REG,PAN,,JOSE RICARDO LUNA CAN,1,
,31,YUCATAN,,,,UCU,,,REG,PVEM,,BARBARA ESMERALDA UICAB CABRERA,2,
,31,YUCATAN,,,,UCU,,,REG,PVEM,,WILLIAM OMAR PIÑA PIÑA,1,
,31,YUCATAN,,,,UMAN,,,PRES_MUN,PAN,,GASPAR VENTURA CISNEROS POLANCO,1,
,31,YUCATAN,,,,UMAN,,,SIND,PAN,,BELLA MARGARITA POOT CHAB,2,
,31,YUCATAN,,,,UMAN,,,REG_RP,PAN,,ARMANDO DE JESUS QUINTAL ROSADO,1,
,31,YUCATAN,,,,UMAN,,,REG_RP,PAN,,DALIA GABRIELA EUAN CIAU,2,
,31,YUCATAN,,,,UMAN,,,REG_RP,PAN,,HERMINIO MENA EUAN,1,
,31,YUCATAN,,,,UMAN,,,REG_RP,PAN,,ALMA PATRICIA PECH CANCHE,2,
,31,YUCATAN,,,,UMAN,,,REG,PAN,,JUAN ADONAY POOT UITZ,1,
,31,YUCATAN,,,,UMAN,,,REG,MORENA,,FRANCISCO ALEXIS UC ESTRELLA,1,
,31,YUCATAN,,,,UMAN,,,REG,PRI,,GENY VALERIA UC CASTILLO,2,
,31,YUCATAN,,,,UMAN,,,REG,MC,,YAJAIRA SEYANSE MANZANERO MENDOZA,2,
,31,YUCATAN,,,,UMAN,,,REG,MORENA,,FRANCIA PALOMA MONTERO QUINTAL,2,
,31,YUCATAN,,,,VALLADOLID,,,PRES_MUN,PAN,,ALFREDO FERNANDEZ ARCEO,1,
,31,YUCATAN,,,,VALLADOLID,,,SIND,PAN,,MARIA AIDA POOT CHAN,2,
,31,YUCATAN,,,,VALLADOLID,,,REG_RP,PAN,,MANUEL JESUS LORIA SANTOYO,1,
,31,YUCATAN,,,,VALLADOLID,,,REG_RP,PAN,,ELDA FELICITAS SANSORES GARCIA,2,
,31,YUCATAN,,,,VALLADOLID,,,REG_RP,PAN,,ANGEL DANIEL DIAZ AGUILAR,1,
,31,YUCATAN,,,,VALLADOLID,,,REG_RP,PAN,,GABRIELA CANDELARIA AGUILAR CORONADO,2,
,31,YUCATAN,,,,VALLADOLID,,,REG,PAN,,JORGE HERBERT TAMAYO HERNANDEZ,1,
,31,YUCATAN,,,,VALLADOLID,,,REG,MORENA,,YOLANDA GUADALUPE TORRES BAUTISTA,2,
,31,YUCATAN,,,,VALLADOLID,,,REG,PRI,,INGRID PATRICIA ALVAREZ ORDOÑEZ,2,
,31,YUCATAN,,,,VALLADOLID,,,REG_RP,MORENA,,ANTONIO NUÑEZ CHI,1,
,31,YUCATAN,,,,VALLADOLID,,,REG_RP,PRI,,ROBERTO OSORIO RODRIGUEZ,1,
,31,YUCATAN,,,,XOCCHEL,,,PRES_MUN,PAN,,LOURDES MARIA TAH MAAS,2,
,31,YUCATAN,,,,XOCCHEL,,,SIND,PAN,,GEOVANNY FERNANDO IUIT TAH,1,
,31,YUCATAN,,,,XOCCHEL,,,REG,PAN,,GUADALUPE ANALI REJON PUC,2,
,31,YUCATAN,,,,XOCCHEL,,,REG_RP,PRD,,MAXIMO ANTONIO DZUL EUAN,1,
,31,YUCATAN,,,,XOCCHEL,,,REG_RP,PRD,,REGINA NATIVIDAD COUOH COUOH,2,
,31,YUCATAN,,,,YAXCABA,,,PRES_MUN,PAN,,GENRI ALBERTO PACAB HERRERA,1,
,31,YUCATAN,,,,YAXCABA,,,SIND,PAN,,REINA FRANCISCA DORANTES MENDEZ,2,
,31,YUCATAN,,,,YAXCABA,,,REG,PAN,,MANUEL ROLANDO DE JESUS MOO GAMBOA,1,
,31,YUCATAN,,,,YAXCABA,,,REG,PAN,,GLORI LEYDI DIAZ COX,2,
,31,YUCATAN,,,,YAXCABA,,,REG,PAN,,JOSE ISRAEL PECH DIAZ,1,
,31,YUCATAN,,,,YAXCABA,,,REG,PAN,,FRANCISCA CAAMAL COX,2,
,31,YUCATAN,,,,YAXCABA,,,REG,PAN,,ALFONSO UN UC,1,
,31,YUCATAN,,,,YAXCABA,,,REG_RP,PRI,,WENDY DEL SOCORRO CHAN PAT,2,
,31,YUCATAN,,,,YAXCABA,,,REG_RP,PRI,,WILMER JOSUE SANSORES CASTILLO,1,
,31,YUCATAN,,,,YAXCABA,,,REG_RP,PRI,,NAYROBI NIKTE HA QUINTAL EUAN,2,
,31,YUCATAN,,,,YAXCABA,,,REG_RP,PRI,,YASSIR VILLANUEVA CASTRO,1,
,31,YUCATAN,,,,YAXKUKUL,,,PRES_MUN,NAY,,WILIAM JESUS GOROCICA FALCON,1,
,31,YUCATAN,,,,YAXKUKUL,,,SIND,NAY,,GLORIA RAFAELA GARCIA CHUC,2,
,31,YUCATAN,,,,YAXKUKUL,,,REG,NAY,,CARLOS JESUS UC PECH,1,
,31,YUCATAN,,,,YAXKUKUL,,,REG_RP,PVEM,,GLENDY ANABEL CHE CASANOVA,2,
,31,YUCATAN,,,,YAXKUKUL,,,REG_RP,PES,,MARIA MIGUELINA CHUC AGUILAR,2,
,31,YUCATAN,,,,YOBAIN,,,PRES_MUN,PES,,JESUS ALBERTO COOL AKE,1,
,31,YUCATAN,,,,YOBAIN,,,SIND,PES,,JULIA ISELA MUÑOZ ORDOÑEZ,2,
,31,YUCATAN,,,,YOBAIN,,,REG,PES,,SANTOS RICARDO CAB EUAN,1,
,31,YUCATAN,,,,YOBAIN,,,REG_RP,MORENA,,LESLY ESTEFANIA GUERRERO CAMPOS,2,
,31,YUCATAN,,,,YOBAIN,,,REG_RP,NAY,,CLARITA ARACELY CAB MAY,2,
