﻿CIRCUNSCRIPCION,ID_ESTADO,NOMBRE_ESTADO,ID_DISTRITO_LOCAL,CABECERA_DISTRITAL_LOCAL,ID_MUNICIPIO,MUNICIPIO,ID_DEMARCACION_LOCAL,DEMARCACION_LOCAL,TIPO_DE_ELECCION,NOMBRE_PARTICIPANTE,NUMERO_LISTA,CANDIDATO,SEXO_CANDIDATO,RUTA_CONSTANCIA,PARTIDO
,7,CHIAPAS,,,1,Acacoyagua,,,AYUN,PVEM,1,ISMAEL DIAZ BRAVO,1,,PVEM
,7,CHIAPAS,,,1,Acacoyagua,,,SIND,PVEM,2,JUANITA YOLANDA CRUZ RAMIREZ,2,,PVEM
,7,CHIAPAS,,,1,Acacoyagua,,,REG,PVEM,3,LIBRADO GONZALEZ PEREZ,1,,PVEM
,7,CHIAPAS,,,1,Acacoyagua,,,REG,PVEM,4,JOSEFA REYES ANTONIO,2,,PVEM
,7,CHIAPAS,,,1,Acacoyagua,,,REG,PVEM,5,ISAAC CRUZ MORALES,1,,PVEM
,7,CHIAPAS,,,1,Acacoyagua,,,REG,PVEM,6,RUBI ANTONIO NIÑO,2,,PVEM
,7,CHIAPAS,,,1,Acacoyagua,,,REG,PVEM,7,KIOSHI IBARIAS KAETSU,1,,PVEM
,7,CHIAPAS,,,1,Acacoyagua,,,REG,PVEM,8,MARIA ALMA ANTONIO HERNANDEZ,2,,PVEM
,7,CHIAPAS,,,1,Acacoyagua,,,REG,PVEM,9,JOSE ESTEBAN CRUZ GIRON,1,,PVEM
,7,CHIAPAS,,,1,Acacoyagua,,,REG,PVEM,10,MARIA ANTONIA RAMIREZ ANTONIO,2,,PVEM
,7,CHIAPAS,,,2,Acala,,,AYUN,PCHU,1,RODRIGO TRINIDAD ROSALES FRANCO,1,,PCHU
,7,CHIAPAS,,,2,Acala,,,SIND,PCHU,2,ARELI ESPERANZA GUTIERREZ LOPEZ,2,,PCHU
,7,CHIAPAS,,,2,Acala,,,REG,PCHU,3,PABLO MATAMBU NANGA,1,,PCHU
,7,CHIAPAS,,,2,Acala,,,REG,PCHU,4,MARIA GUADALUPE CAMERAS PEREZ,2,,PCHU
,7,CHIAPAS,,,2,Acala,,,REG,PCHU,5,CONSTANCIO GUMETA ESPINOZA,1,,PCHU
,7,CHIAPAS,,,2,Acala,,,REG,PCHU,6,BLANCA ESTHELA VELASCO CORZO,2,,PCHU
,7,CHIAPAS,,,2,Acala,,,REG,PCHU,7,MIGUEL ANGEL MORENO GONZALEZ,1,,PCHU
,7,CHIAPAS,,,2,Acala,,,REG,PCHU,8,MARIA ISABEL RUIZ PEREZ,2,,PCHU
,7,CHIAPAS,,,2,Acala,,,REG,PCHU,9,ARMANDO GOMEZ TORREZ,1,,PCHU
,7,CHIAPAS,,,2,Acala,,,REG,PCHU,10,MARGARITA RUIZ GARCIA,2,,PCHU
,7,CHIAPAS,,,3,Acapetahua,,,AYUN,PVEM,1,GERARDO SANCHEZ ROJAS,1,,PVEM
,7,CHIAPAS,,,3,Acapetahua,,,SIND,PVEM,2,MARIA DEL CARMEN PATRICIA PALACIOS MORALES,2,,PVEM
,7,CHIAPAS,,,3,Acapetahua,,,REG,PVEM,3,JOSE DARINEL RAMIREZ MORALES,1,,PVEM
,7,CHIAPAS,,,3,Acapetahua,,,REG,PVEM,4,FLORIDALBA MENDEZ CORONEL,2,,PVEM
,7,CHIAPAS,,,3,Acapetahua,,,REG,PVEM,5,GABRIEL CABALLERO MARTINEZ,1,,PVEM
,7,CHIAPAS,,,3,Acapetahua,,,REG,PVEM,6,OLGA LIDIA CRUZ ANTONIO,2,,PVEM
,7,CHIAPAS,,,3,Acapetahua,,,REG,PVEM,7,CARLOS ALBERTO CRUZ ESPINOSA,1,,PVEM
,7,CHIAPAS,,,3,Acapetahua,,,REG,PVEM,8,BELLA ELIZABETH ESPINOZA MENDEZ,2,,PVEM
,7,CHIAPAS,,,3,Acapetahua,,,REG,PVEM,9,ARNOLDO RAMIREZ MALDONADO,1,,PVEM
,7,CHIAPAS,,,3,Acapetahua,,,REG,PVEM,10,GUADALUPE CRUZ FLORES,2,,PVEM
,7,CHIAPAS,,,4,Altamirano,,,AYUN,PVEM,1,GABRIELA ROQUE TIPACAMU,2,,PVEM
,7,CHIAPAS,,,4,Altamirano,,,SIND,PVEM,2,GUILLERMO VAZQUEZ LOPEZ,1,,PVEM
,7,CHIAPAS,,,4,Altamirano,,,REG,PVEM,3,VERONICA LOPEZ PEREZ,2,,PVEM
,7,CHIAPAS,,,4,Altamirano,,,REG,PVEM,4,JULIO LOPEZ MORALES,1,,PVEM
,7,CHIAPAS,,,4,Altamirano,,,REG,PVEM,5,SILVIA YAÑEZ MORENO,2,,PVEM
,7,CHIAPAS,,,4,Altamirano,,,REG,PVEM,6,ROMEO LOPEZ GOMEZ,1,,PVEM
,7,CHIAPAS,,,4,Altamirano,,,REG,PVEM,7,YESSICA MAGALI MORENO HERNANDEZ,2,,PVEM
,7,CHIAPAS,,,4,Altamirano,,,REG,PVEM,8,AMILCAR HERNANDEZ JIMENEZ,1,,PVEM
,7,CHIAPAS,,,4,Altamirano,,,REG,PVEM,9,REGINA PEREZ JIMENEZ,2,,PVEM
,7,CHIAPAS,,,4,Altamirano,,,REG,PVEM,10,BRAULIO IGNACIO FLORES GOMEZ,1,,PVEM
,7,CHIAPAS,,,5,Amatán,,,AYUN,PVEM,1,JOSE GUADALUPE LOMASTO TORRES,1,,PVEM
,7,CHIAPAS,,,5,Amatán,,,SIND,PVEM,2,ELIA MUÑOZ LOPEZ,2,,PVEM
,7,CHIAPAS,,,5,Amatán,,,REG,PVEM,3,PEDRO JIMENEZ CASTELLANOS,1,,PVEM
,7,CHIAPAS,,,5,Amatán,,,REG,PVEM,4,GUADALUPE PENAGOS LOPEZ,2,,PVEM
,7,CHIAPAS,,,5,Amatán,,,REG,PVEM,5,CARLOS MARIO DOMINGUEZ VELAZQUEZ,1,,PVEM
,7,CHIAPAS,,,5,Amatán,,,REG,PVEM,6,MAGDALENA ARIAS CRUZ,2,,PVEM
,7,CHIAPAS,,,5,Amatán,,,REG,PVEM,7,EZEQUIEL RUIZ GOMEZ,1,,PVEM
,7,CHIAPAS,,,5,Amatán,,,REG,PVEM,8,LEYDI JIMENEZ LOPEZ,2,,PVEM
,7,CHIAPAS,,,5,Amatán,,,REG,PVEM,9,RODIMIR DE LA CRUZ ESCOBAR,1,,PVEM
,7,CHIAPAS,,,5,Amatán,,,REG,PVEM,10,MA DOLORES LOPEZ CASTELLANOS,2,,PVEM
,7,CHIAPAS,,,6,Amatenango de la Frontera,,,AYUN,PVEM,1,ERNESTO TEODOMIRO OSORIO ESCOBAR,1,,PVEM
,7,CHIAPAS,,,6,Amatenango de la Frontera,,,SIND,PVEM,2,MARIANA GUADALUPE HERNANDEZ GUTIERREZ,2,,PVEM
,7,CHIAPAS,,,6,Amatenango de la Frontera,,,REG,PVEM,3,ANDRES ABENAMAR JUAREZ RODRIGUEZ,1,,PVEM
,7,CHIAPAS,,,6,Amatenango de la Frontera,,,REG,PVEM,4,ANY LUCINDA PEREZ LOPEZ,2,,PVEM
,7,CHIAPAS,,,6,Amatenango de la Frontera,,,REG,PVEM,5,MAXIMILIANO MONTEJO JIMENEZ,1,,PVEM
,7,CHIAPAS,,,6,Amatenango de la Frontera,,,REG,PVEM,6,GERONIMA GABRIEL DIAZ,2,,PVEM
,7,CHIAPAS,,,6,Amatenango de la Frontera,,,REG,PVEM,7,NOE SILVESTRE FELIPE,1,,PVEM
,7,CHIAPAS,,,6,Amatenango de la Frontera,,,REG,PVEM,8,MERILAYDI ASUNCION SILVESTRE FELIPE,2,,PVEM
,7,CHIAPAS,,,6,Amatenango de la Frontera,,,REG,PVEM,9,ANGEL POLIS JACOB RAMIREZ,1,,PVEM
,7,CHIAPAS,,,6,Amatenango de la Frontera,,,REG,PVEM,10,ELIA MORALES DIAS,2,,PVEM
,7,CHIAPAS,,,7,Amatenango del Valle,,,AYUN,PRI,1,ANDREA DIAZ MARTINEZ,2,,PRI
,7,CHIAPAS,,,7,Amatenango del Valle,,,SIND,PRI,2,CARLOS BAUTISTA GOMEZ,1,,PRI
,7,CHIAPAS,,,7,Amatenango del Valle,,,REG,PRI,3,CARMELA GOMEZ GOMEZ,2,,PRI
,7,CHIAPAS,,,7,Amatenango del Valle,,,REG,PRI,4,GABRIEL LOPEZ GOMEZ,1,,PRI
,7,CHIAPAS,,,7,Amatenango del Valle,,,REG,PRI,5,RUFINA GOMEZ VAZQUEZ,2,,PRI
,7,CHIAPAS,,,7,Amatenango del Valle,,,REG,PRI,6,DOMINGO LOPEZ LOPEZ,1,,PRI
,7,CHIAPAS,,,7,Amatenango del Valle,,,REG,PRI,7,VICTORIA LOPEZ BAUTISTA,2,,PRI
,7,CHIAPAS,,,7,Amatenango del Valle,,,REG,PRI,8,JUAN ALVAREZ PEREZ,1,,PRI
,7,CHIAPAS,,,8,Ángel Albino Corzo,,,AYUN,PCHU,1,LAZARO ESCALANTE LOPEZ,1,,PCHU
,7,CHIAPAS,,,8,Ángel Albino Corzo,,,SIND,PCHU,2,MARIA XOCHIL MORENO SANTIZO,2,,PCHU
,7,CHIAPAS,,,8,Ángel Albino Corzo,,,REG,PCHU,3,LIMBER MAXSAU ESCOBAR CAMAS,1,,PCHU
,7,CHIAPAS,,,8,Ángel Albino Corzo,,,REG,PCHU,4,OCTAVI RAMIREZ REYES,2,,PCHU
,7,CHIAPAS,,,8,Ángel Albino Corzo,,,REG,PCHU,5,ELEACIN TORRES SOLORZANO,1,,PCHU
,7,CHIAPAS,,,8,Ángel Albino Corzo,,,REG,PCHU,6,CIRIA ROBLERO MAZARIEGOS,2,,PCHU
,7,CHIAPAS,,,8,Ángel Albino Corzo,,,REG,PCHU,7,PEDRO SANCHEZ PEREZ,1,,PCHU
,7,CHIAPAS,,,8,Ángel Albino Corzo,,,REG,PCHU,8,CECILIA NIÑO LOPEZ,2,,PCHU
,7,CHIAPAS,,,8,Ángel Albino Corzo,,,REG,PCHU,9,HUGO JIMENEZ ROBLERO,1,,PCHU
,7,CHIAPAS,,,8,Ángel Albino Corzo,,,REG,PCHU,10,PAULA MATIAS ARRIAGA,2,,PCHU
,7,CHIAPAS,,,9,Arriaga,,,AYUN,MORENA,1,YOLANDA ALONSO DE LOS SANTOS,2,,MORENA
,7,CHIAPAS,,,9,Arriaga,,,SIND,MORENA,2,ADAN AGUILAR DE LOS SANTOS,1,,MORENA
,7,CHIAPAS,,,9,Arriaga,,,REG,MORENA,3,MARIA DE LOURDES FLORES GUTIERREZ,2,,MORENA
,7,CHIAPAS,,,9,Arriaga,,,REG,MORENA,4,BALBINO CASTILLEJOS TOLEDO,1,,MORENA
,7,CHIAPAS,,,9,Arriaga,,,REG,MORENA,5,SUNACHY CRUZ FAGOAGA,2,,MORENA
,7,CHIAPAS,,,9,Arriaga,,,REG,MORENA,6,DAVID MUÑIZ GUTU,1,,MORENA
,7,CHIAPAS,,,9,Arriaga,,,REG,MORENA,7,ADRIANA NAVARRO CASO,2,,MORENA
,7,CHIAPAS,,,9,Arriaga,,,REG,MORENA,8,HECTOR GABRIEL RODRIGUEZ SOLIS,1,,MORENA
,7,CHIAPAS,,,9,Arriaga,,,REG,MORENA,9,VERONICA FUSTER SALASAR,2,,MORENA
,7,CHIAPAS,,,9,Arriaga,,,REG,MORENA,10,OSCAR MARTINEZ AGUILAR,1,,MORENA
,7,CHIAPAS,,,10,Bejucal de Ocampo,,,AYUN,PES,1,ONECIMO ESAU SANTIZO ROBLERO,1,,PES
,7,CHIAPAS,,,10,Bejucal de Ocampo,,,SIND,PES,2,YANELI MORALES MORALES,2,,PES
,7,CHIAPAS,,,10,Bejucal de Ocampo,,,REG,PES,3,ABENAIAS HERNANDEZ MORALES,1,,PES
,7,CHIAPAS,,,10,Bejucal de Ocampo,,,REG,PES,4,ESMERALDA GONZALEZ DE LEON,2,,PES
,7,CHIAPAS,,,10,Bejucal de Ocampo,,,REG,PES,5,MILTON YOVANY ZUNUN LOPEZ,1,,PES
,7,CHIAPAS,,,10,Bejucal de Ocampo,,,REG,PES,6,ONEIDA NERI HERNANDES ROBLERO,2,,PES
,7,CHIAPAS,,,10,Bejucal de Ocampo,,,REG,PES,7,DOMITILO MORALES ORTIZ,1,,PES
,7,CHIAPAS,,,10,Bejucal de Ocampo,,,REG,PES,8,ADELVIRA ZUNUN MORALES,2,,PES
,7,CHIAPAS,,,11,Bella Vista,,,AYUN,PT,1,FABIO LOPEZ ROBLERO,1,,PT
,7,CHIAPAS,,,11,Bella Vista,,,SIND,PT,2,KELY ANABEL PEREZ VELAZQUEZ,2,,PT
,7,CHIAPAS,,,11,Bella Vista,,,REG,PT,3,ADONAI ISAAC VELAZQUEZ HERNANDEZ,1,,PT
,7,CHIAPAS,,,11,Bella Vista,,,REG,PT,4,VERONICA CARLOTA VELAZQUEZ SANTIZO,2,,PT
,7,CHIAPAS,,,11,Bella Vista,,,REG,PT,5,TEODULFO ROMAN LOPEZ ROBLERO,1,,PT
,7,CHIAPAS,,,11,Bella Vista,,,REG,PT,6,GUADALUPE VAZQUEZ RODRIGUEZ,2,,PT
,7,CHIAPAS,,,11,Bella Vista,,,REG,PT,7,MARIOBEL PEREZ MARROQUIN,1,,PT
,7,CHIAPAS,,,11,Bella Vista,,,REG,PT,8,SUSY GADIELA ZUNUN HERNANDEZ,2,,PT
,7,CHIAPAS,,,11,Bella Vista,,,REG,PT,9,NOEL CECILIO GUTIERREZ MENDEZ,1,,PT
,7,CHIAPAS,,,11,Bella Vista,,,REG,PT,10,ARELI SOCORRO RAMIREZ DIAZ,2,,PT
,7,CHIAPAS,,,12,Berriozábal,,,AYUN,MORENA,1,JORGE ARTURO ACERO GOMEZ,1,,MORENA
,7,CHIAPAS,,,12,Berriozábal,,,SIND,MORENA,2,SHEYLA DAYANARA DIAZ ACERO,2,,MORENA
,7,CHIAPAS,,,12,Berriozábal,,,REG,MORENA,3,FAUSTO DARIO DE LA CRUZ CASTAÑON,1,,MORENA
,7,CHIAPAS,,,12,Berriozábal,,,REG,MORENA,4,BLANCA ALICIA AGUILAR SANCHEZ,2,,MORENA
,7,CHIAPAS,,,12,Berriozábal,,,REG,MORENA,5,DIEGO BALCAZAR AQUINO,1,,MORENA
,7,CHIAPAS,,,12,Berriozábal,,,REG,MORENA,6,MARIA SOLEDAD SARMIENTO IVAÑEZ,2,,MORENA
,7,CHIAPAS,,,12,Berriozábal,,,REG,MORENA,7,ADELO GUTIERREZ HERNANDEZ,1,,MORENA
,7,CHIAPAS,,,12,Berriozábal,,,REG,MORENA,8,ADRIANA MENDOZA CHACON,2,,MORENA
,7,CHIAPAS,,,12,Berriozábal,,,REG,MORENA,9,TRINIDAD MARTINEZ OVANDO,1,,MORENA
,7,CHIAPAS,,,12,Berriozábal,,,REG,MORENA,10,MARIA IRENE GUTIERREZ DE LA CRUZ,2,,MORENA
,7,CHIAPAS,,,13,Bochil,,,AYUN,PAN_PRI_PRD,1,SERGIO LUIS ZENTENO MENESES,1,,PAN_PRI_PRD
,7,CHIAPAS,,,13,Bochil,,,SIND,PAN_PRI_PRD,2,OLGA LIDIA PEREZ HERNANDEZ,2,,PAN_PRI_PRD
,7,CHIAPAS,,,13,Bochil,,,REG,PAN_PRI_PRD,3,RAFAEL NUÑEZ DIAZ,1,,PAN_PRI_PRD
,7,CHIAPAS,,,13,Bochil,,,REG,PAN_PRI_PRD,4,MARIA FLOR DIAZ DIAZ,2,,PAN_PRI_PRD
,7,CHIAPAS,,,13,Bochil,,,REG,PAN_PRI_PRD,5,LEOPOLDO LOPEZ DIAZ,1,,PAN_PRI_PRD
,7,CHIAPAS,,,13,Bochil,,,REG,PAN_PRI_PRD,6,ILIANA GUADALUPE ZENTENO ZENTENO,2,,PAN_PRI_PRD
,7,CHIAPAS,,,13,Bochil,,,REG,PAN_PRI_PRD,7,VICTOR MANUEL ADONAY LOPEZ MARROQUIN,1,,PAN_PRI_PRD
,7,CHIAPAS,,,13,Bochil,,,REG,PAN_PRI_PRD,8,ELIZABETH MAGDALENA SANTIAGO HERNANDEZ,2,,PAN_PRI_PRD
,7,CHIAPAS,,,13,Bochil,,,REG,PAN_PRI_PRD,9,JONATAN HERNANDEZ RAMIREZ,1,,PAN_PRI_PRD
,7,CHIAPAS,,,13,Bochil,,,REG,PAN_PRI_PRD,10,MARY CRUZ RAMONA PEREZ AGUILAR,2,,PAN_PRI_PRD
,7,CHIAPAS,,,14,El Bosque,,,AYUN,PMCH,1,HUMBERTO LOPEZ PEREZ,1,,PMCH
,7,CHIAPAS,,,14,El Bosque,,,SIND,PMCH,2,NERLI LILIANA GONZALEZ PEREZ,2,,PMCH
,7,CHIAPAS,,,14,El Bosque,,,REG,PMCH,3,MOISES GREGORIO DIAZ HERNANDEZ,1,,PMCH
,7,CHIAPAS,,,14,El Bosque,,,REG,PMCH,4,OTILIA GOMEZ RUIZ,2,,PMCH
,7,CHIAPAS,,,14,El Bosque,,,REG,PMCH,5,ARTEMIO HERNANDEZ HERNANDEZ,1,,PMCH
,7,CHIAPAS,,,14,El Bosque,,,REG,PMCH,6,ANDREA RUIZ BAUTISTA,2,,PMCH
,7,CHIAPAS,,,14,El Bosque,,,REG,PMCH,7,ITURIEL DIAZ BONIFAZ,1,,PMCH
,7,CHIAPAS,,,14,El Bosque,,,REG,PMCH,8,ELENA GUADALUPE SALAZAR RODRIGUEZ,2,,PMCH
,7,CHIAPAS,,,14,El Bosque,,,REG,PMCH,9,MARIANO DIAZ SANCHEZ,1,,PMCH
,7,CHIAPAS,,,14,El Bosque,,,REG,PMCH,10,MARIA GUADALUPE RUIZ RUIZ,2,,PMCH
,7,CHIAPAS,,,15,Cacahoatán,,,AYUN,PT,1,RAFAEL INCHONG JUAN,1,,PT
,7,CHIAPAS,,,15,Cacahoatán,,,SIND,PT,2,DANITZA SAYURI GONZALEZ TOVAR,2,,PT
,7,CHIAPAS,,,15,Cacahoatán,,,REG,PT,3,ANAN ALEXSANI LOPEZ SANDOVAL,1,,PT
,7,CHIAPAS,,,15,Cacahoatán,,,REG,PT,4,XOCHILT NOLASCO ROBLERO,2,,PT
,7,CHIAPAS,,,15,Cacahoatán,,,REG,PT,5,RAFAEL PINDARO ARRIOLA JIMENEZ,1,,PT
,7,CHIAPAS,,,15,Cacahoatán,,,REG,PT,6,JENY SAMELY PEREZ DIAZ,2,,PT
,7,CHIAPAS,,,15,Cacahoatán,,,REG,PT,7,CESAR MANUEL ZAMORA BALDIZON,1,,PT
,7,CHIAPAS,,,15,Cacahoatán,,,REG,PT,8,HIRMA MIGELINA SERRANO RAMOS,2,,PT
,7,CHIAPAS,,,15,Cacahoatán,,,REG,PT,9,JOSE ANDRES PEREZ VERDUGO,1,,PT
,7,CHIAPAS,,,15,Cacahoatán,,,REG,PT,10,YASMINA MORENO LOPEZ,2,,PT
,7,CHIAPAS,,,16,Catazajá,,,AYUN,MORENA,1,MARIA FERNANDA DORANTES NUÑEZ,2,,MORENA
,7,CHIAPAS,,,16,Catazajá,,,SIND,MORENA,2,MANUEL LASTRA LEZAMA,1,,MORENA
,7,CHIAPAS,,,16,Catazajá,,,REG,MORENA,3,ROSITA DEL CARMEN MORALES CAÑAS,2,,MORENA
,7,CHIAPAS,,,16,Catazajá,,,REG,MORENA,4,LUIS ALFONSO VAZQUEZ LASTRA,1,,MORENA
,7,CHIAPAS,,,16,Catazajá,,,REG,MORENA,5,GLORIA DEL CARMEN LOPEZ MAGAÑA,2,,MORENA
,7,CHIAPAS,,,16,Catazajá,,,REG,MORENA,6,TOMAS SANDOVAL GARCIA,1,,MORENA
,7,CHIAPAS,,,16,Catazajá,,,REG,MORENA,7,BLANCA FLOR PEREZ ZENTENO,2,,MORENA
,7,CHIAPAS,,,16,Catazajá,,,REG,MORENA,8,CELSO DAMAS SONDA,1,,MORENA
,7,CHIAPAS,,,16,Catazajá,,,REG,MORENA,9,SHIRLEY ABIGAIL CHABLE INURRETA,2,,MORENA
,7,CHIAPAS,,,16,Catazajá,,,REG,MORENA,10,REINALDO ARCOS GUSMAN,1,,MORENA
,7,CHIAPAS,,,17,Cintalapa,,,AYUN,MORENA,1,ERNESTO CRUZ DIAZ,1,,MORENA
,7,CHIAPAS,,,17,Cintalapa,,,SIND,MORENA,2,ANAYELI REYES CLEMENTE,2,,MORENA
,7,CHIAPAS,,,17,Cintalapa,,,REG,MORENA,3,MANUEL HERMILO NUÑEZ NIÑO,1,,MORENA
,7,CHIAPAS,,,17,Cintalapa,,,REG,MORENA,4,MARIA CANDELARIA OVANDO MATUZ,2,,MORENA
,7,CHIAPAS,,,17,Cintalapa,,,REG,MORENA,5,ANTONIO ARELLANO CRUZ,1,,MORENA
,7,CHIAPAS,,,17,Cintalapa,,,REG,MORENA,6,PATRICIA GONZALEZ MARTINEZ,2,,MORENA
,7,CHIAPAS,,,17,Cintalapa,,,REG,MORENA,7,LUIS ISAI CASTILLO BORRAZ,1,,MORENA
,7,CHIAPAS,,,17,Cintalapa,,,REG,MORENA,8,DANIELA DEL CARMEN FACUNDO NUÑEZ,2,,MORENA
,7,CHIAPAS,,,17,Cintalapa,,,REG,MORENA,9,CARLOS MANUEL GOMEZ MOGUEL,1,,MORENA
,7,CHIAPAS,,,17,Cintalapa,,,REG,MORENA,10,SILVIA MORALES LAZARO,2,,MORENA
,7,CHIAPAS,,,18,Coapilla,,,AYUN,PRD,1,LENIN PEREZ MORALES,1,,PRD
,7,CHIAPAS,,,18,Coapilla,,,SIND,PRD,2,ODALYS BERENICE SANCHEZ PEREZ,2,,PRD
,7,CHIAPAS,,,18,Coapilla,,,REG,PRD,3,ADIN ESTRADA SANCHEZ,1,,PRD
,7,CHIAPAS,,,18,Coapilla,,,REG,PRD,4,FLOR DE LUZ PEREZ SANCHEZ,2,,PRD
,7,CHIAPAS,,,18,Coapilla,,,REG,PRD,5,ELIU TREJO HERNANDEZ,1,,PRD
,7,CHIAPAS,,,18,Coapilla,,,REG,PRD,6,MIREYA ANAHI ARREOLA CRUZ,2,,PRD
,7,CHIAPAS,,,18,Coapilla,,,REG,PRD,7,JUAN LOPEZ PEREZ,1,,PRD
,7,CHIAPAS,,,18,Coapilla,,,REG,PRD,8,ELIZABETH DEL CARMEN GONZALEZ VAQUERIZO,2,,PRD
,7,CHIAPAS,,,19,Comitán de Domínguez,,,AYUN,PAN_PRI_PRD,1,MARIO ANTONIO GUILLEN DOMINGUEZ,1,,PAN_PRI_PRD
,7,CHIAPAS,,,19,Comitán de Domínguez,,,SIND,PAN_PRI_PRD,2,GABRIELA DURAN FLORES,2,,PAN_PRI_PRD
,7,CHIAPAS,,,19,Comitán de Domínguez,,,REG,PAN_PRI_PRD,3,JUAN BERNARDO SANTIAGO CRUZ,1,,PAN_PRI_PRD
,7,CHIAPAS,,,19,Comitán de Domínguez,,,REG,PAN_PRI_PRD,4,MONICA GUADALUPE LOPEZ PULIDO,2,,PAN_PRI_PRD
,7,CHIAPAS,,,19,Comitán de Domínguez,,,REG,PAN_PRI_PRD,5,JULIO CESAR FLORES BORRAZ,1,,PAN_PRI_PRD
,7,CHIAPAS,,,19,Comitán de Domínguez,,,REG,PAN_PRI_PRD,6,VIRIDIANA MONTIEL LOPEZ,2,,PAN_PRI_PRD
,7,CHIAPAS,,,19,Comitán de Domínguez,,,REG,PAN_PRI_PRD,7,RUBEN ESCANDON GARCIA,1,,PAN_PRI_PRD
,7,CHIAPAS,,,19,Comitán de Domínguez,,,REG,PAN_PRI_PRD,8,LOURDES GUADALUPE MORALES GORDILLO,2,,PAN_PRI_PRD
,7,CHIAPAS,,,19,Comitán de Domínguez,,,REG,PAN_PRI_PRD,9,MARIA ELENA JIMENEZ GUILLEN,2,,PAN_PRI_PRD
,7,CHIAPAS,,,19,Comitán de Domínguez,,,REG,PAN_PRI_PRD,10,MELISSA MIRANDA TOVAR,2,,PAN_PRI_PRD
,7,CHIAPAS,,,19,Comitán de Domínguez,,,REG,PAN_PRI_PRD,11,ADRIAN GONZALEZ DUARTE,1,,PAN_PRI_PRD
,7,CHIAPAS,,,19,Comitán de Domínguez,,,REG,PAN_PRI_PRD,12,KARYME DANIELA TORRES ALBORES,2,,PAN_PRI_PRD
,7,CHIAPAS,,,20,La Concordia,,,AYUN,PES,1,MIGUEL ANGEL CORDOVA OCHOA,1,,PES
,7,CHIAPAS,,,20,La Concordia,,,SIND,PES,2,IRMA CAMILO ROMAN,2,,PES
,7,CHIAPAS,,,20,La Concordia,,,REG,PES,3,AMADO GUILLEN REYES,1,,PES
,7,CHIAPAS,,,20,La Concordia,,,REG,PES,4,CANDELARIA LARA ESPINOSA,2,,PES
,7,CHIAPAS,,,20,La Concordia,,,REG,PES,5,JAIME RODRIGUEZ RAIMUNDO,1,,PES
,7,CHIAPAS,,,20,La Concordia,,,REG,PES,6,ANTONIA OCAMPO GARCIA,2,,PES
,7,CHIAPAS,,,20,La Concordia,,,REG,PES,7,RAMIRO CACERES RUIZ,1,,PES
,7,CHIAPAS,,,20,La Concordia,,,REG,PES,8,PETRA CRUZ CULEBRO,2,,PES
,7,CHIAPAS,,,20,La Concordia,,,REG,PES,9,EDIN ESPINO BAUTISTA,1,,PES
,7,CHIAPAS,,,20,La Concordia,,,REG,PES,10,PETRA ALEGRIA RAMIREZ,2,,PES
,7,CHIAPAS,,,21,Copainalá,,,AYUN,PAN_PRI_PRD,1,JAVIER ELIECER VAZQUEZ CASTILLEJOS,1,,PAN_PRI_PRD
,7,CHIAPAS,,,21,Copainalá,,,SIND,PAN_PRI_PRD,2,OLGA LIDIA PEREZ JUAREZ,2,,PAN_PRI_PRD
,7,CHIAPAS,,,21,Copainalá,,,REG,PAN_PRI_PRD,3,BELEN DE JESUS SANCHEZ SANCHEZ,2,,PAN_PRI_PRD
,7,CHIAPAS,,,21,Copainalá,,,REG,PAN_PRI_PRD,4,MARIA ESPERANZA ESTEBAN GARCIA,2,,PAN_PRI_PRD
,7,CHIAPAS,,,21,Copainalá,,,REG,PAN_PRI_PRD,5,JOSE HUGO SANCHEZ SANCHEZ,1,,PAN_PRI_PRD
,7,CHIAPAS,,,21,Copainalá,,,REG,PAN_PRI_PRD,6,PAOLA MONTSERRAT GUTIERREZ AGUILAR,2,,PAN_PRI_PRD
,7,CHIAPAS,,,21,Copainalá,,,REG,PAN_PRI_PRD,7,JOSE ROGACIANO GUZMAN GONZALEZ,1,,PAN_PRI_PRD
,7,CHIAPAS,,,21,Copainalá,,,REG,PAN_PRI_PRD,8,ROSBITA LIZBETH VAZQUEZ GARCIA,2,,PAN_PRI_PRD
,7,CHIAPAS,,,21,Copainalá,,,REG,PAN_PRI_PRD,9,JOSE FRANCISCO RAMIREZ MAZA,1,,PAN_PRI_PRD
,7,CHIAPAS,,,21,Copainalá,,,REG,PAN_PRI_PRD,10,ALONDRA HAYASHI MARTINEZ RAMIREZ,2,,PAN_PRI_PRD
,7,CHIAPAS,,,22,Chalchihuitán,,,AYUN,MORENA,1,GERONIMO LUNA SANCHEZ,1,,MORENA
,7,CHIAPAS,,,22,Chalchihuitán,,,SIND,MORENA,2,ERNESTINA GOMEZ GOMEZ,2,,MORENA
,7,CHIAPAS,,,22,Chalchihuitán,,,REG,MORENA,3,MARIO PEREZ SANCHEZ,1,,MORENA
,7,CHIAPAS,,,22,Chalchihuitán,,,REG,MORENA,4,FELINA GOMEZ AGUILAR,2,,MORENA
,7,CHIAPAS,,,22,Chalchihuitán,,,REG,MORENA,5,VICTOR PEREZ DIAZ,1,,MORENA
,7,CHIAPAS,,,22,Chalchihuitán,,,REG,MORENA,6,AMAIRENY DEL CARMEN LOPEZ GUZMAN,2,,MORENA
,7,CHIAPAS,,,22,Chalchihuitán,,,REG,MORENA,7,ARMANDO PEREZ PEREZ,1,,MORENA
,7,CHIAPAS,,,22,Chalchihuitán,,,REG,MORENA,8,CATARINA DIAZ NUÑEZ,2,,MORENA
,7,CHIAPAS,,,22,Chalchihuitán,,,REG,MORENA,9,EVANGELINO PEREZ DIAZ,1,,MORENA
,7,CHIAPAS,,,22,Chalchihuitán,,,REG,MORENA,10,CATARINA PEREZ DIAZ,2,,MORENA
,7,CHIAPAS,,,23,Chamula,,,AYUN,PRI,1,JUAN COLLAZO DIAZ,1,,PRI
,7,CHIAPAS,,,23,Chamula,,,SIND,PRI,2,JUANA VICTORIA HERNANDEZ HERNANDEZ,2,,PRI
,7,CHIAPAS,,,23,Chamula,,,REG,PRI,3,NICOLAS GOMEZ PEREZ,1,,PRI
,7,CHIAPAS,,,23,Chamula,,,REG,PRI,4,ANDREA LOPEZ HEREDIA,2,,PRI
,7,CHIAPAS,,,23,Chamula,,,REG,PRI,5,LORENZO HERNANDEZ LUNEZ,1,,PRI
,7,CHIAPAS,,,23,Chamula,,,REG,PRI,6,CARMEN GUADALUPE JIMENEZ SANTIZ,2,,PRI
,7,CHIAPAS,,,23,Chamula,,,REG,PRI,7,MANUEL SHILON CHABCHAB,1,,PRI
,7,CHIAPAS,,,23,Chamula,,,REG,PRI,8,MARIA MENDEZ GOMEZ,2,,PRI
,7,CHIAPAS,,,23,Chamula,,,REG,PRI,9,SALVADOR LOPEZ GOMEZ,1,,PRI
,7,CHIAPAS,,,23,Chamula,,,REG,PRI,10,ANDREA LOPEZ JIMENEZ,2,,PRI
,7,CHIAPAS,,,24,Chanal,,,AYUN,PMCH,1,ROBERTO PEREZ RODRIGUEZ,1,,PMCH
,7,CHIAPAS,,,24,Chanal,,,SIND,PMCH,2,ROSA GOMEZ LOPEZ,2,,PMCH
,7,CHIAPAS,,,24,Chanal,,,REG,PMCH,3,ROSENDO VELASCO MENDEZ,1,,PMCH
,7,CHIAPAS,,,24,Chanal,,,REG,PMCH,4,ANGELINA MENDEZ VELASCO,2,,PMCH
,7,CHIAPAS,,,24,Chanal,,,REG,PMCH,5,ROSENDO HERNANDEZ GOMEZ,1,,PMCH
,7,CHIAPAS,,,24,Chanal,,,REG,PMCH,6,ADELIA GOMEZ HERNANDEZ,2,,PMCH
,7,CHIAPAS,,,24,Chanal,,,REG,PMCH,7,JUAN LOPEZ VELASCO,1,,PMCH
,7,CHIAPAS,,,24,Chanal,,,REG,PMCH,8,JUANA GOMEZ VELASCO,2,,PMCH
,7,CHIAPAS,,,25,Chapultenango,,,AYUN,PAN_PRI_PRD,1,RUBELIO MONDRAGON AGUILAR,1,,PAN_PRI_PRD
,7,CHIAPAS,,,25,Chapultenango,,,SIND,PAN_PRI_PRD,2,ZENAIDA GUZMAN SAENZ,2,,PAN_PRI_PRD
,7,CHIAPAS,,,25,Chapultenango,,,REG,PAN_PRI_PRD,3,JUAN MONDRAGON GOMEZ,1,,PAN_PRI_PRD
,7,CHIAPAS,,,25,Chapultenango,,,REG,PAN_PRI_PRD,4,AMELIA CORDERO DIAZ,2,,PAN_PRI_PRD
,7,CHIAPAS,,,25,Chapultenango,,,REG,PAN_PRI_PRD,5,JAIME GOMEZ GONZALEZ,1,,PAN_PRI_PRD
,7,CHIAPAS,,,25,Chapultenango,,,REG,PAN_PRI_PRD,6,ROXANA DOMINGUEZ BARBERY,2,,PAN_PRI_PRD
,7,CHIAPAS,,,25,Chapultenango,,,REG,PAN_PRI_PRD,7,ROGELIO GOMEZ DOMINGUEZ,1,,PAN_PRI_PRD
,7,CHIAPAS,,,25,Chapultenango,,,REG,PAN_PRI_PRD,8,MARIA MARBELLA DOMINGUEZ DOMINGUEZ,2,,PAN_PRI_PRD
,7,CHIAPAS,,,26,Chenalhó,,,AYUN,PVEM,1,ABRAHAM CRUZ GOMEZ,1,,PVEM
,7,CHIAPAS,,,26,Chenalhó,,,SIND,PVEM,2,SILVIA LETICIA ARIAS MENDEZ,2,,PVEM
,7,CHIAPAS,,,26,Chenalhó,,,REG,PVEM,3,MIGUEL ARIAS ARIAS,1,,PVEM
,7,CHIAPAS,,,26,Chenalhó,,,REG,PVEM,4,ROSA GOMEZ RUIZ,2,,PVEM
,7,CHIAPAS,,,26,Chenalhó,,,REG,PVEM,5,JOSE MANUEL PEREZ HERNANDEZ,1,,PVEM
,7,CHIAPAS,,,26,Chenalhó,,,REG,PVEM,6,ARACELI RODRIGUEZ VAZQUEZ,2,,PVEM
,7,CHIAPAS,,,26,Chenalhó,,,REG,PVEM,7,MOISES PEREZ SANTIZ,1,,PVEM
,7,CHIAPAS,,,26,Chenalhó,,,REG,PVEM,8,MARIA PEREZ SANTIZ,2,,PVEM
,7,CHIAPAS,,,26,Chenalhó,,,REG,PVEM,9,VICENTE JIMENEZ GUTIERREZ,1,,PVEM
,7,CHIAPAS,,,26,Chenalhó,,,REG,PVEM,10,MARGARITA PEREZ PEREZ,2,,PVEM
,7,CHIAPAS,,,27,Chiapa de Corzo,,,AYUN,PVEM,1,LEONARDO CUESTA RAMOS,1,,PVEM
,7,CHIAPAS,,,27,Chiapa de Corzo,,,SIND,PVEM,2,BLANCA ADRIANA ORANTES MOLINA,2,,PVEM
,7,CHIAPAS,,,27,Chiapa de Corzo,,,REG,PVEM,3,RUBIEL ANTONIO GAMBOA MUNZA,1,,PVEM
,7,CHIAPAS,,,27,Chiapa de Corzo,,,REG,PVEM,4,SOFIA MONICA MOLINA SANTIAGO,2,,PVEM
,7,CHIAPAS,,,27,Chiapa de Corzo,,,REG,PVEM,5,RODRIGO ALEGRIA NANGUSE,1,,PVEM
,7,CHIAPAS,,,27,Chiapa de Corzo,,,REG,PVEM,6,ALEJANDRA NURICUMBO SANCHEZ,2,,PVEM
,7,CHIAPAS,,,27,Chiapa de Corzo,,,REG,PVEM,7,PEDRO MACIAS PEREZ,1,,PVEM
,7,CHIAPAS,,,27,Chiapa de Corzo,,,REG,PVEM,8,MARIA FERNANDA DOMINGUEZ RUIZ,2,,PVEM
,7,CHIAPAS,,,27,Chiapa de Corzo,,,REG,PVEM,9,ROSEL GONZALEZ MONTOYA,1,,PVEM
,7,CHIAPAS,,,27,Chiapa de Corzo,,,REG,PVEM,10,GUADALUPE DEL CARMEN VALENCIA ORANTES,2,,PVEM
,7,CHIAPAS,,,27,Chiapa de Corzo,,,REG,PVEM,11,ANGEL ALONSO GOMEZ FLORES,1,,PVEM
,7,CHIAPAS,,,27,Chiapa de Corzo,,,REG,PVEM,12,NORMA ALICIA SALAZAR RIVERA,2,,PVEM
,7,CHIAPAS,,,28,Chiapilla,,,AYUN,PT,1,VALDEMAR FLORES LOPEZ,1,,PT
,7,CHIAPAS,,,28,Chiapilla,,,SIND,PT,2,MARIA REYNERIA MADRID TORRES,2,,PT
,7,CHIAPAS,,,28,Chiapilla,,,REG,PT,3,WALTER EDUARDO HERNANDEZ HERNANDEZ,1,,PT
,7,CHIAPAS,,,28,Chiapilla,,,REG,PT,4,ODILIA GUTIERREZ AGUILAR,2,,PT
,7,CHIAPAS,,,28,Chiapilla,,,REG,PT,5,JORGE DE LA CRUZ GOMEZ,1,,PT
,7,CHIAPAS,,,28,Chiapilla,,,REG,PT,6,IZAMARI CHACON MAZARIEGOS,2,,PT
,7,CHIAPAS,,,28,Chiapilla,,,REG,PT,7,PEDRO VAZQUEZ HERNANDEZ,1,,PT
,7,CHIAPAS,,,28,Chiapilla,,,REG,PT,8,MARIA DEL CARMEN VAZQUEZ TIPUSIMO,2,,PT
,7,CHIAPAS,,,29,Chicoasén,,,AYUN,PMCH,1,BERSAIN GUTIERREZ GONZALEZ,1,,PMCH
,7,CHIAPAS,,,29,Chicoasén,,,SIND,PMCH,2,CLARA JIMENEZ MUÑOZ,2,,PMCH
,7,CHIAPAS,,,29,Chicoasén,,,REG,PMCH,3,FERNANDO GUTIERREZ GARCIA,1,,PMCH
,7,CHIAPAS,,,29,Chicoasén,,,REG,PMCH,4,LIZETH GUADALUPE ESPINOSA HERRERA,2,,PMCH
,7,CHIAPAS,,,29,Chicoasén,,,REG,PMCH,5,ADIEL MADRID RAMIREZ,1,,PMCH
,7,CHIAPAS,,,29,Chicoasén,,,REG,PMCH,6,MARIA ELENA LOPEZ LOPEZ,2,,PMCH
,7,CHIAPAS,,,29,Chicoasén,,,REG,PMCH,7,ROSARIO OCTAVIO CORDOVA HERRERA,1,,PMCH
,7,CHIAPAS,,,29,Chicoasén,,,REG,PMCH,8,DELFINA HERRERA VAZQUEZ,2,,PMCH
,7,CHIAPAS,,,30,Chicomuselo,,,AYUN,PT,1,JORGE MARTIN SEPULVEDA MORALES,1,,PT
,7,CHIAPAS,,,30,Chicomuselo,,,SIND,PT,2,BLANCA PATRICIA LOPEZ MAGDALENO,2,,PT
,7,CHIAPAS,,,30,Chicomuselo,,,REG,PT,3,EPIFANIO GONZALEZ CARBAJAL,1,,PT
,7,CHIAPAS,,,30,Chicomuselo,,,REG,PT,4,DINA MONSERRAT VERA VERA,2,,PT
,7,CHIAPAS,,,30,Chicomuselo,,,REG,PT,5,OSCAR DOMINGUEZ AVILA,1,,PT
,7,CHIAPAS,,,30,Chicomuselo,,,REG,PT,6,PERLA VANESSA FLORES ROBLERO,2,,PT
,7,CHIAPAS,,,30,Chicomuselo,,,REG,PT,7,WILIAM ROBLERO ROBLERO,1,,PT
,7,CHIAPAS,,,30,Chicomuselo,,,REG,PT,8,MARGARITA ELIZABETH PEREZ ESCOBAR,2,,PT
,7,CHIAPAS,,,30,Chicomuselo,,,REG,PT,9,REYNALDO RIOS VERA,1,,PT
,7,CHIAPAS,,,30,Chicomuselo,,,REG,PT,10,MARICRUZ VILLATORO HERNANDEZ,2,,PT
,7,CHIAPAS,,,31,Chilón,,,AYUN,MORENA,1,CARLOS ILDELFONSO JIMENEZ TRUJILLO,1,,MORENA
,7,CHIAPAS,,,31,Chilón,,,SIND,MORENA,2,AMERICA DEL PILAR GUTIERREZ HERNANDEZ,2,,MORENA
,7,CHIAPAS,,,31,Chilón,,,REG,MORENA,3,JUAN ESPINOSA HERNANDEZ,1,,MORENA
,7,CHIAPAS,,,31,Chilón,,,REG,MORENA,4,FABIOLA JIMENEZ LOPEZ,2,,MORENA
,7,CHIAPAS,,,31,Chilón,,,REG,MORENA,5,EFRAIN DEMEZA JIMENEZ,1,,MORENA
,7,CHIAPAS,,,31,Chilón,,,REG,MORENA,6,ZOILA HERNANDEZ GOMEZ,2,,MORENA
,7,CHIAPAS,,,31,Chilón,,,REG,MORENA,7,ANTONIO GOMEZ MAZARIEGOS,1,,MORENA
,7,CHIAPAS,,,31,Chilón,,,REG,MORENA,8,REINA NICOLASA PEREZ PEREZ,2,,MORENA
,7,CHIAPAS,,,31,Chilón,,,REG,MORENA,9,ALEJANDRO MORENO GOMEZ,1,,MORENA
,7,CHIAPAS,,,31,Chilón,,,REG,MORENA,10,LEILANI VIVIANA MONTOYA RAMOS,2,,MORENA
,7,CHIAPAS,,,31,Chilón,,,REG,MORENA,11,MIGUEL GUTIERREZ MENDEZ,1,,MORENA
,7,CHIAPAS,,,31,Chilón,,,REG,MORENA,12,PASCUALA DIAZ GUZMAN,2,,MORENA
,7,CHIAPAS,,,32,Escuintla,,,AYUN,PVEM,1,ANGEL MENDEZ CARBAJAL,1,,PVEM
,7,CHIAPAS,,,32,Escuintla,,,SIND,PVEM,2,ARLETTE DANIELA ROJAS KOMUKAI,2,,PVEM
,7,CHIAPAS,,,32,Escuintla,,,REG,PVEM,3,JEREMIAS MORALES MEJIA,1,,PVEM
,7,CHIAPAS,,,32,Escuintla,,,REG,PVEM,4,VENUSTIANA PEREZ NUÑEZ,2,,PVEM
,7,CHIAPAS,,,32,Escuintla,,,REG,PVEM,5,RAMIRO ROJAS JOO,1,,PVEM
,7,CHIAPAS,,,32,Escuintla,,,REG,PVEM,6,SONIA MARINA DIAZ DIAZ,2,,PVEM
,7,CHIAPAS,,,32,Escuintla,,,REG,PVEM,7,JOSE MIGUEL ANGEL SOSA ROJAS,1,,PVEM
,7,CHIAPAS,,,32,Escuintla,,,REG,PVEM,8,JUANA SARAI ROBLES LARA,2,,PVEM
,7,CHIAPAS,,,32,Escuintla,,,REG,PVEM,9,MANUEL ACEVEDO MEJIA,1,,PVEM
,7,CHIAPAS,,,32,Escuintla,,,REG,PVEM,10,GUADALUPE GIRON MORENO,2,,PVEM
,7,CHIAPAS,,,33,Francisco León,,,AYUN,PVEM,1,ENEDINA NAÑEZ GALLEGOS,2,,PVEM
,7,CHIAPAS,,,33,Francisco León,,,SIND,PVEM,2,ELIAS HERNANDEZ CRUZ,1,,PVEM
,7,CHIAPAS,,,33,Francisco León,,,REG,PVEM,3,MARIA DOMINGA ALTUNAR JUAREZ,2,,PVEM
,7,CHIAPAS,,,33,Francisco León,,,REG,PVEM,4,CIRINO ALTUNAR MATEO,1,,PVEM
,7,CHIAPAS,,,33,Francisco León,,,REG,PVEM,5,MARIA DEL CARMEN CRUZ JIMENEZ,2,,PVEM
,7,CHIAPAS,,,33,Francisco León,,,REG,PVEM,6,FELIX SANCHEZ MATEO,1,,PVEM
,7,CHIAPAS,,,33,Francisco León,,,REG,PVEM,7,MARIBEL GARCIA PABLO,2,,PVEM
,7,CHIAPAS,,,33,Francisco León,,,REG,PVEM,8,FELIPE NERI MORALES MORALES,1,,PVEM
,7,CHIAPAS,,,35,Frontera Hidalgo,,,AYUN,PVEM,1,JUANA ELIZABETH DE LA CRUZ MAZARIEGOS,2,,PVEM
,7,CHIAPAS,,,35,Frontera Hidalgo,,,SIND,PVEM,2,JOSE DOMINGO ESCOBAR SANDOVAL,1,,PVEM
,7,CHIAPAS,,,35,Frontera Hidalgo,,,REG,PVEM,3,YULISSA MORENO DE LEON,2,,PVEM
,7,CHIAPAS,,,35,Frontera Hidalgo,,,REG,PVEM,4,CARLOS IBARRA HERRERA,1,,PVEM
,7,CHIAPAS,,,35,Frontera Hidalgo,,,REG,PVEM,5,ARACELI LOPEZ MORALES,2,,PVEM
,7,CHIAPAS,,,35,Frontera Hidalgo,,,REG,PVEM,6,HOSVALDO LOPEZ GARCIA,1,,PVEM
,7,CHIAPAS,,,35,Frontera Hidalgo,,,REG,PVEM,7,ROCIO PALOMEQUE LOPEZ,2,,PVEM
,7,CHIAPAS,,,35,Frontera Hidalgo,,,REG,PVEM,8,SERGIO VAZQUEZ ESCOBAR,1,,PVEM
,7,CHIAPAS,,,36,La Grandeza,,,AYUN,PT,1,JORGE LUIS GONZALEZ VAZQUEZ,1,,PT
,7,CHIAPAS,,,36,La Grandeza,,,SIND,PT,2,LIDIA REYES ROBLERO,2,,PT
,7,CHIAPAS,,,36,La Grandeza,,,REG,PT,3,ENEDINO GOMEZ RAMOS,1,,PT
,7,CHIAPAS,,,36,La Grandeza,,,REG,PT,4,YAQUELIN PEREZ LOPEZ,2,,PT
,7,CHIAPAS,,,36,La Grandeza,,,REG,PT,5,RENE ENRIQUE RAMIREZ VELAZQUEZ,1,,PT
,7,CHIAPAS,,,36,La Grandeza,,,REG,PT,6,MELIZA VAZQUEZ PEREZ,2,,PT
,7,CHIAPAS,,,36,La Grandeza,,,REG,PT,7,AUSENCIO SALAS PEREZ,1,,PT
,7,CHIAPAS,,,36,La Grandeza,,,REG,PT,8,MIRZA ELIZABETH DIAZ MEJIA,2,,PT
,7,CHIAPAS,,,37,Huehuetán,,,AYUN,PVEM,1,JOSE MANUEL ANGEL VILLALOBOS,1,,PVEM
,7,CHIAPAS,,,37,Huehuetán,,,SIND,PVEM,2,NADIA KARLENE ALVARADO LOPEZ,2,,PVEM
,7,CHIAPAS,,,37,Huehuetán,,,REG,PVEM,3,AUDENCIO VAZQUEZ MORALES,1,,PVEM
,7,CHIAPAS,,,37,Huehuetán,,,REG,PVEM,4,JUANA GUZMAN PEREZ,2,,PVEM
,7,CHIAPAS,,,37,Huehuetán,,,REG,PVEM,5,UBER IMANOOL GOMEZ LUCAS,1,,PVEM
,7,CHIAPAS,,,37,Huehuetán,,,REG,PVEM,6,BEATRIZ ANCHEYTA REYES,2,,PVEM
,7,CHIAPAS,,,37,Huehuetán,,,REG,PVEM,7,MAYNOR ISAIAS GONZALEZ VELAZQUEZ,1,,PVEM
,7,CHIAPAS,,,37,Huehuetán,,,REG,PVEM,8,MARIA ELENA HILERIO PEREZ,2,,PVEM
,7,CHIAPAS,,,37,Huehuetán,,,REG,PVEM,9,SAMUEL ROSARIO AGUSTIN,1,,PVEM
,7,CHIAPAS,,,37,Huehuetán,,,REG,PVEM,10,YURIDIA GOMEZ ALVARADO,2,,PVEM
,7,CHIAPAS,,,38,Huitiupán,,,AYUN,MORENA,1,CARLOS MARIO MONTEJO URBINA,1,,MORENA
,7,CHIAPAS,,,38,Huitiupán,,,SIND,MORENA,2,HORANDA GOMEZ DIAZ,2,,MORENA
,7,CHIAPAS,,,38,Huitiupán,,,REG,MORENA,3,EMANUEL DE JESUS HERNANDEZ DOMINGUEZ,1,,MORENA
,7,CHIAPAS,,,38,Huitiupán,,,REG,MORENA,4,GUDELIA VAZQUEZ JUAREZ,2,,MORENA
,7,CHIAPAS,,,38,Huitiupán,,,REG,MORENA,5,DOMINGO SANCHEZ HERNANDEZ,1,,MORENA
,7,CHIAPAS,,,38,Huitiupán,,,REG,MORENA,6,SAHIRA PEREZ MENDOZA,2,,MORENA
,7,CHIAPAS,,,38,Huitiupán,,,REG,MORENA,7,REMIGIO VAZQUEZ RUIZ,1,,MORENA
,7,CHIAPAS,,,38,Huitiupán,,,REG,MORENA,8,REYNA DEL ROSARIO PEREZ GOMEZ,2,,MORENA
,7,CHIAPAS,,,38,Huitiupán,,,REG,MORENA,9,CALLETANO PEREZ SANCHEZ,1,,MORENA
,7,CHIAPAS,,,38,Huitiupán,,,REG,MORENA,10,ANAHI MONSERRAT PEREZ DIAZ,2,,MORENA
,7,CHIAPAS,,,39,Huixtán,,,AYUN,PT,1,IGNACIO ALVAREZ PEREZ,1,,PT
,7,CHIAPAS,,,39,Huixtán,,,SIND,PT,2,CECILIA LUCIA MARTINEZ ALVAREZ,2,,PT
,7,CHIAPAS,,,39,Huixtán,,,REG,PT,3,MIGUEL ANGEL TON MARTINEZ,1,,PT
,7,CHIAPAS,,,39,Huixtán,,,REG,PT,4,FLORINDA TON GOMEZ,2,,PT
,7,CHIAPAS,,,39,Huixtán,,,REG,PT,5,ROSENDO MENDEZ VELASCO,1,,PT
,7,CHIAPAS,,,39,Huixtán,,,REG,PT,6,ANAYELI GOMEZ TON,2,,PT
,7,CHIAPAS,,,39,Huixtán,,,REG,PT,7,MANUEL MORALES GOMEZ,1,,PT
,7,CHIAPAS,,,39,Huixtán,,,REG,PT,8,NICOLASA HERNANDEZ GOMEZ,2,,PT
,7,CHIAPAS,,,39,Huixtán,,,REG,PT,9,MARIO LOPEZ HERNANDEZ,1,,PT
,7,CHIAPAS,,,39,Huixtán,,,REG,PT,10,YOLANDA LOPEZ GOMEZ,2,,PT
,7,CHIAPAS,,,40,Huixtla,,,AYUN,PVEM,1,CARLOS EDUARDO SALAZAR GAM,1,,PVEM
,7,CHIAPAS,,,40,Huixtla,,,SIND,PVEM,2,TERESA DE JESUS LEON ROMO,2,,PVEM
,7,CHIAPAS,,,40,Huixtla,,,REG,PVEM,3,BENJAMIN GRAJALES PAREDES,1,,PVEM
,7,CHIAPAS,,,40,Huixtla,,,REG,PVEM,4,ROSA MARIA RAYMUNDO MATUS,2,,PVEM
,7,CHIAPAS,,,40,Huixtla,,,REG,PVEM,5,MARCOS MARTINEZ BECERRA,1,,PVEM
,7,CHIAPAS,,,40,Huixtla,,,REG,PVEM,6,CLAUDIA IVONNE RODRIGUEZ BECERRA,2,,PVEM
,7,CHIAPAS,,,40,Huixtla,,,REG,PVEM,7,RAMON AYALA PALOMEQUE,1,,PVEM
,7,CHIAPAS,,,40,Huixtla,,,REG,PVEM,8,LAURA PATRICIA BALBUENA DOMINGUEZ,2,,PVEM
,7,CHIAPAS,,,40,Huixtla,,,REG,PVEM,9,GILBERTO HERNANDEZ GRAMAJO,1,,PVEM
,7,CHIAPAS,,,40,Huixtla,,,REG,PVEM,10,AMADA ROSARIO ROJAS,2,,PVEM
,7,CHIAPAS,,,41,La Independencia,,,AYUN,MORENA,1,IVAN DE JESUS LOPEZ LOPEZ,1,,MORENA
,7,CHIAPAS,,,41,La Independencia,,,SIND,MORENA,2,SANDRA GUADALUPE LOPEZ VAZQUEZ,2,,MORENA
,7,CHIAPAS,,,41,La Independencia,,,REG,MORENA,3,JOSE FREDI ALFARO GARCIA,1,,MORENA
,7,CHIAPAS,,,41,La Independencia,,,REG,MORENA,4,YENI GABRIELA GARCIA LOPEZ,2,,MORENA
,7,CHIAPAS,,,41,La Independencia,,,REG,MORENA,5,TRINIDAD LOPEZ HERNANDEZ,1,,MORENA
,7,CHIAPAS,,,41,La Independencia,,,REG,MORENA,6,ARACELI SAUCEDO MUÑOZ,2,,MORENA
,7,CHIAPAS,,,41,La Independencia,,,REG,MORENA,7,SALOMON ROMERO LOPEZ,1,,MORENA
,7,CHIAPAS,,,41,La Independencia,,,REG,MORENA,8,MARY DENNY CRUZ JIMENEZ,2,,MORENA
,7,CHIAPAS,,,41,La Independencia,,,REG,MORENA,9,CESAR ANTONIO PEREZ VELASCO,1,,MORENA
,7,CHIAPAS,,,41,La Independencia,,,REG,MORENA,10,ANA KARINA GUTIERREZ RODRIGUEZ,2,,MORENA
,7,CHIAPAS,,,42,Ixhuatán,,,AYUN,MORENA,1,HORACIO DOMINGUEZ CASTELLANOS,1,,MORENA
,7,CHIAPAS,,,42,Ixhuatán,,,SIND,MORENA,2,ROSA MARIA SANCHEZ MONTEJO,2,,MORENA
,7,CHIAPAS,,,42,Ixhuatán,,,REG,MORENA,3,JAVIER DIAZ GOMEZ,1,,MORENA
,7,CHIAPAS,,,42,Ixhuatán,,,REG,MORENA,4,ANA HERNANDEZ RAMIREZ,2,,MORENA
,7,CHIAPAS,,,42,Ixhuatán,,,REG,MORENA,5,NEYSER URIEL MANCILLA GARCIA,1,,MORENA
,7,CHIAPAS,,,42,Ixhuatán,,,REG,MORENA,6,MARIA ISABEL SANCHEZ GARCIA,2,,MORENA
,7,CHIAPAS,,,42,Ixhuatán,,,REG,MORENA,7,VICTOR VILLAREAL ALVAREZ,1,,MORENA
,7,CHIAPAS,,,42,Ixhuatán,,,REG,MORENA,8,MARIA ESTHER HERNANDEZ DIAZ,2,,MORENA
,7,CHIAPAS,,,43,Ixtacomitán,,,AYUN,PVEM,1,LORENZO REYES CALDERON,1,,PVEM
,7,CHIAPAS,,,43,Ixtacomitán,,,SIND,PVEM,2,CONSUELO NIETO QUINTERO,2,,PVEM
,7,CHIAPAS,,,43,Ixtacomitán,,,REG,PVEM,3,LAZARO GOMEZ SURIAN,1,,PVEM
,7,CHIAPAS,,,43,Ixtacomitán,,,REG,PVEM,4,ROSA VIANEY ROSALES SANCHEZ,2,,PVEM
,7,CHIAPAS,,,43,Ixtacomitán,,,REG,PVEM,5,EZEQUIEL SANCHEZ HERNANDEZ,1,,PVEM
,7,CHIAPAS,,,43,Ixtacomitán,,,REG,PVEM,6,LUZ DEL ALBA DIAZ CASTRO,2,,PVEM
,7,CHIAPAS,,,43,Ixtacomitán,,,REG,PVEM,7,EFRAIN DOMINGUEZ DOMINGUEZ,1,,PVEM
,7,CHIAPAS,,,43,Ixtacomitán,,,REG,PVEM,8,INGRID YESSENIA PEREZ REYES,2,,PVEM
,7,CHIAPAS,,,44,Ixtapa,,,AYUN,PVEM,1,ARMANDO NAYBETH BAUTISTA ORANTES,1,,PVEM
,7,CHIAPAS,,,44,Ixtapa,,,SIND,PVEM,2,ADA LUZ DE LOS SANTOS HERNANDEZ,2,,PVEM
,7,CHIAPAS,,,44,Ixtapa,,,REG,PVEM,3,DIEGO ARMANDO AGUILAR CRUZ,1,,PVEM
,7,CHIAPAS,,,44,Ixtapa,,,REG,PVEM,4,NORMA CARLOTA SANCHEZ RODRIGUEZ,2,,PVEM
,7,CHIAPAS,,,44,Ixtapa,,,REG,PVEM,5,HERNAN OSVALDO ZENTENO CALVO,1,,PVEM
,7,CHIAPAS,,,44,Ixtapa,,,REG,PVEM,6,ANA CRISTINA HERNANDEZ GONZALEZ,2,,PVEM
,7,CHIAPAS,,,44,Ixtapa,,,REG,PVEM,7,MARIO LOPEZ PEREZ,1,,PVEM
,7,CHIAPAS,,,44,Ixtapa,,,REG,PVEM,8,ESPERANZA ENTZIN DIAZ,2,,PVEM
,7,CHIAPAS,,,44,Ixtapa,,,REG,PVEM,9,FREDY RODRIGUEZ NUCAMENDI,1,,PVEM
,7,CHIAPAS,,,44,Ixtapa,,,REG,PVEM,10,ROSARIO ANGELA CRUZ FABIAN,2,,PVEM
,7,CHIAPAS,,,45,Ixtapangajoya,,,AYUN,PT,1,MARCELINO ATILA CASTELLANOS SANCHEZ,1,,PT
,7,CHIAPAS,,,45,Ixtapangajoya,,,SIND,PT,2,ESTHER ALVAREZ ALVARADO,2,,PT
,7,CHIAPAS,,,45,Ixtapangajoya,,,REG,PT,3,RAFAEL DIAZ DIAZ,1,,PT
,7,CHIAPAS,,,45,Ixtapangajoya,,,REG,PT,4,JUANA JULIAN GOMEZ,2,,PT
,7,CHIAPAS,,,45,Ixtapangajoya,,,REG,PT,5,SANTIAGO HERNANDES ALVARES,1,,PT
,7,CHIAPAS,,,45,Ixtapangajoya,,,REG,PT,6,ELIA HERNANDEZ PEREZ,2,,PT
,7,CHIAPAS,,,45,Ixtapangajoya,,,REG,PT,7,ALEJANDRO SALAZAR GOMEZ,1,,PT
,7,CHIAPAS,,,45,Ixtapangajoya,,,REG,PT,8,NELVA GONZALEZ BERMUDEZ,2,,PT
,7,CHIAPAS,,,46,Jiquipilas,,,AYUN,PVEM,1,CESAR HUGO LAZARO RODRIGUEZ,1,,PVEM
,7,CHIAPAS,,,46,Jiquipilas,,,SIND,PVEM,2,ALEJANDRA SANCHEZ CERDA,2,,PVEM
,7,CHIAPAS,,,46,Jiquipilas,,,REG,PVEM,3,JUAN ANTONIO FARRERA VELAZQUEZ,1,,PVEM
,7,CHIAPAS,,,46,Jiquipilas,,,REG,PVEM,4,MARIA DE LOURDES OCAÑA TOLEDO,2,,PVEM
,7,CHIAPAS,,,46,Jiquipilas,,,REG,PVEM,5,GERARDO PADILLA CERDA,1,,PVEM
,7,CHIAPAS,,,46,Jiquipilas,,,REG,PVEM,6,DULCE ANGELICA AVENDAÑO CAMACHO,2,,PVEM
,7,CHIAPAS,,,46,Jiquipilas,,,REG,PVEM,7,PORFIRIO GIL GONZALEZ,1,,PVEM
,7,CHIAPAS,,,46,Jiquipilas,,,REG,PVEM,8,DIANA LAURA CHANDOMI OCAÑA,2,,PVEM
,7,CHIAPAS,,,46,Jiquipilas,,,REG,PVEM,9,JUAN OEL FLORES CAMACHO,1,,PVEM
,7,CHIAPAS,,,46,Jiquipilas,,,REG,PVEM,10,MARIA YULMA VERA CRUZ,2,,PVEM
,7,CHIAPAS,,,47,Jitotol,,,AYUN,PCHU,1,JUAN LEYVER MENDEZ VAQUERIZO,1,,PCHU
,7,CHIAPAS,,,47,Jitotol,,,SIND,PCHU,2,MARTHA DELIA MENDEZ BALCAZAR,2,,PCHU
,7,CHIAPAS,,,47,Jitotol,,,REG,PCHU,3,GUADALUPE DIAZ PEREZ,1,,PCHU
,7,CHIAPAS,,,47,Jitotol,,,REG,PCHU,4,NAYELI BERENICE LOPEZ PEREZ,2,,PCHU
,7,CHIAPAS,,,47,Jitotol,,,REG,PCHU,5,ANDREZ HERNANDEZ DIAS,1,,PCHU
,7,CHIAPAS,,,47,Jitotol,,,REG,PCHU,6,ROMELIA RODAS ROJAS,2,,PCHU
,7,CHIAPAS,,,47,Jitotol,,,REG,PCHU,7,CONRADO ROJAS ROJAS,1,,PCHU
,7,CHIAPAS,,,47,Jitotol,,,REG,PCHU,8,LUCIA ROJAS SANCHEZ,2,,PCHU
,7,CHIAPAS,,,47,Jitotol,,,REG,PCHU,9,CARMEN NUÑEZ DIAZ,1,,PCHU
,7,CHIAPAS,,,47,Jitotol,,,REG,PCHU,10,ARMINDA HERNANDEZ RUIZ,2,,PCHU
,7,CHIAPAS,,,48,Juárez,,,AYUN,PVEM,1,OSCAR SERRA CANTORAL,1,,PVEM
,7,CHIAPAS,,,48,Juárez,,,SIND,PVEM,2,YOLANDA ELENA DEL AGUILA CANO,2,,PVEM
,7,CHIAPAS,,,48,Juárez,,,REG,PVEM,3,RAFAEL LARA VIDAL,1,,PVEM
,7,CHIAPAS,,,48,Juárez,,,REG,PVEM,4,KARLA HEREDIA CORTES,2,,PVEM
,7,CHIAPAS,,,48,Juárez,,,REG,PVEM,5,JOSE DEL CARMEN MORALES LOPEZ,1,,PVEM
,7,CHIAPAS,,,48,Juárez,,,REG,PVEM,6,PAOLA ROMERO GUICHARD,2,,PVEM
,7,CHIAPAS,,,48,Juárez,,,REG,PVEM,7,EFRAIN MALPICA SILVA,1,,PVEM
,7,CHIAPAS,,,48,Juárez,,,REG,PVEM,8,KARLA MILLISSEN VILLAMIL MAZA,2,,PVEM
,7,CHIAPAS,,,48,Juárez,,,REG,PVEM,9,ADSALON AREVALO MORALES,1,,PVEM
,7,CHIAPAS,,,48,Juárez,,,REG,PVEM,10,FATIMA LIZBETH MARGALLI ROJAS,2,,PVEM
,7,CHIAPAS,,,49,Larráinzar,,,AYUN,PRI,1,IGNACIO LOPEZ GOMEZ,1,,PRI
,7,CHIAPAS,,,49,Larráinzar,,,SIND,PRI,2,MAGDALENA RUIZ PEREZ,2,,PRI
,7,CHIAPAS,,,49,Larráinzar,,,REG,PRI,3,VICENTE RUIZ SANTIZ,1,,PRI
,7,CHIAPAS,,,49,Larráinzar,,,REG,PRI,4,MARIA LUISA GOMEZ HERNANDEZ,2,,PRI
,7,CHIAPAS,,,49,Larráinzar,,,REG,PRI,5,DIEGO HERNANDEZ HERNANDEZ,1,,PRI
,7,CHIAPAS,,,49,Larráinzar,,,REG,PRI,6,GABRIELA DIAZ LOPEZ,2,,PRI
,7,CHIAPAS,,,49,Larráinzar,,,REG,PRI,7,ANDRES HERNANDEZ RUIZ,1,,PRI
,7,CHIAPAS,,,49,Larráinzar,,,REG,PRI,8,SERAFINA DIAZ HERNANDEZ,2,,PRI
,7,CHIAPAS,,,49,Larráinzar,,,REG,PRI,9,NICOLAS HERNANDEZ DIAZ,1,,PRI
,7,CHIAPAS,,,49,Larráinzar,,,REG,PRI,10,ELODIA DIAZ HERNANDEZ,2,,PRI
,7,CHIAPAS,,,50,La Libertad,,,AYUN,CAND_IND8,1,PORFIRIO CORREA LOPEZ,1,,CAND_IND8
,7,CHIAPAS,,,50,La Libertad,,,SIND,CAND_IND8,2,YANET DEL ROSARIO VASQUEZ CABRERA,2,,CAND_IND8
,7,CHIAPAS,,,50,La Libertad,,,REG,CAND_IND8,3,LAZARO AURELIO LOPEZ MENDOZA,1,,CAND_IND8
,7,CHIAPAS,,,50,La Libertad,,,REG,CAND_IND8,4,DIANA RUBI LIZCANO GUZMAN,2,,CAND_IND8
,7,CHIAPAS,,,50,La Libertad,,,REG,CAND_IND8,5,MIGUEL ANGEL LANDERO JIMENEZ,1,,CAND_IND8
,7,CHIAPAS,,,50,La Libertad,,,REG,CAND_IND8,6,MARINA DEL CARMEN GUZMAN HERNANDEZ,2,,CAND_IND8
,7,CHIAPAS,,,50,La Libertad,,,REG,CAND_IND8,7,ATILANO DEL CARMEN SANCHEZ AGUILAR,1,,CAND_IND8
,7,CHIAPAS,,,50,La Libertad,,,REG,CAND_IND8,8,MARICELA LARA LOPEZ,2,,CAND_IND8
,7,CHIAPAS,,,51,Mapastepec,,,AYUN,MORENA,1,ELMER NICOLAS NORIEGA ZAVALA,1,,MORENA
,7,CHIAPAS,,,51,Mapastepec,,,SIND,MORENA,2,EURIDICE VAZQUEZ ROBLERO,2,,MORENA
,7,CHIAPAS,,,51,Mapastepec,,,REG,MORENA,3,JORGE VELAZQUEZ SAMAYOA,1,,MORENA
,7,CHIAPAS,,,51,Mapastepec,,,REG,MORENA,4,VANESSA ITZEL VALVERDE VELAZQUEZ,2,,MORENA
,7,CHIAPAS,,,51,Mapastepec,,,REG,MORENA,5,EVELIO PEREZ ROSALES,1,,MORENA
,7,CHIAPAS,,,51,Mapastepec,,,REG,MORENA,6,ESPERANZA MARTINEZ JIMENEZ,2,,MORENA
,7,CHIAPAS,,,51,Mapastepec,,,REG,MORENA,7,RODOLFO GONZALES MAZARIEGOS,1,,MORENA
,7,CHIAPAS,,,51,Mapastepec,,,REG,MORENA,8,PETRA DE LOS SANTOS GOMEZ,2,,MORENA
,7,CHIAPAS,,,51,Mapastepec,,,REG,MORENA,9,JOAQUIN ANDRADE RODRIGUEZ,1,,MORENA
,7,CHIAPAS,,,51,Mapastepec,,,REG,MORENA,10,ADELINA MARTINEZ HERNANDEZ,2,,MORENA
,7,CHIAPAS,,,52,Las Margaritas,,,AYUN,PES,1,BLADIMIR HERNANDEZ ALVAREZ,1,,PES
,7,CHIAPAS,,,52,Las Margaritas,,,SIND,PES,2,REYNA ISABEL SALAZAR DE LEON,2,,PES
,7,CHIAPAS,,,52,Las Margaritas,,,REG,PES,3,MARCO OBDULIO HERNANDEZ VAZQUEZ,1,,PES
,7,CHIAPAS,,,52,Las Margaritas,,,REG,PES,4,JUANA MAGDALENA HERNANDEZ LOPEZ,2,,PES
,7,CHIAPAS,,,52,Las Margaritas,,,REG,PES,5,GUILLERMO RUIZ AGUILAR,1,,PES
,7,CHIAPAS,,,52,Las Margaritas,,,REG,PES,6,DIANA LAURA MENDEZ HERNANDEZ,2,,PES
,7,CHIAPAS,,,52,Las Margaritas,,,REG,PES,7,OSCAR DOMINGO SANTIZ PEREZ,1,,PES
,7,CHIAPAS,,,52,Las Margaritas,,,REG,PES,8,SEYDI GABRIELA VELASCO ALVAREZ,2,,PES
,7,CHIAPAS,,,52,Las Margaritas,,,REG,PES,9,JUAN ARVEY ALVAREZ ESPINOSA,1,,PES
,7,CHIAPAS,,,52,Las Margaritas,,,REG,PES,10,DORA VAZQUEZ AGUILAR,2,,PES
,7,CHIAPAS,,,52,Las Margaritas,,,REG,PES,11,AARON GARCIA GARCIA,1,,PES
,7,CHIAPAS,,,52,Las Margaritas,,,REG,PES,12,CONSUELO KARINA GOMEZ CRUZ,2,,PES
,7,CHIAPAS,,,53,Mazapa de Madero,,,AYUN,PCHU,1,WILDER ALBERTO JACOB GUZMAN,1,,PCHU
,7,CHIAPAS,,,53,Mazapa de Madero,,,SIND,PCHU,2,LORENA GONZALEZ MUÑOZ,2,,PCHU
,7,CHIAPAS,,,53,Mazapa de Madero,,,REG,PCHU,3,ELIASAR VELAZQUEZ SALAS,1,,PCHU
,7,CHIAPAS,,,53,Mazapa de Madero,,,REG,PCHU,4,BENI MARIVI PEREZ MORALES,2,,PCHU
,7,CHIAPAS,,,53,Mazapa de Madero,,,REG,PCHU,5,MARCELINO LOPEZ PEREZ,1,,PCHU
,7,CHIAPAS,,,53,Mazapa de Madero,,,REG,PCHU,6,OLGA LETICIA GONZALEZ PEREZ,2,,PCHU
,7,CHIAPAS,,,53,Mazapa de Madero,,,REG,PCHU,7,ALVARO DE JESUS LIY MEJIA,1,,PCHU
,7,CHIAPAS,,,53,Mazapa de Madero,,,REG,PCHU,8,VEISSI ANEYDI LOPEZ GOMEZ,2,,PCHU
,7,CHIAPAS,,,54,Mazatán,,,AYUN,PT,1,PEDRO DE LA CRUZ VILLALOBOS,1,,PT
,7,CHIAPAS,,,54,Mazatán,,,SIND,PT,2,OLGA LIDIA LOPEZ DE LA CRUZ,2,,PT
,7,CHIAPAS,,,54,Mazatán,,,REG,PT,3,XAVIER ENRIQUE CIGARROA RAMIREZ,1,,PT
,7,CHIAPAS,,,54,Mazatán,,,REG,PT,4,OLGA PALACIOS MADRID,2,,PT
,7,CHIAPAS,,,54,Mazatán,,,REG,PT,5,JORGE LUIS SANTOS GONZALEZ,1,,PT
,7,CHIAPAS,,,54,Mazatán,,,REG,PT,6,MARIA JOSE RODRIGUEZ PEREZ,2,,PT
,7,CHIAPAS,,,54,Mazatán,,,REG,PT,7,CARLOS EDUARDO ESCOBAR LOPEZ,1,,PT
,7,CHIAPAS,,,54,Mazatán,,,REG,PT,8,ANA MAYRETH SOLAR FLORES,2,,PT
,7,CHIAPAS,,,54,Mazatán,,,REG,PT,9,BENITO PALOMEQUE RAMOS,1,,PT
,7,CHIAPAS,,,54,Mazatán,,,REG,PT,10,MARITZA PALOMEQUE DE LA CRUZ,2,,PT
,7,CHIAPAS,,,55,Metapa,,,AYUN,CAND_IND6,1,LEOBARDO LOPEZ MORALES,1,,CAND_IND6
,7,CHIAPAS,,,55,Metapa,,,SIND,CAND_IND6,2,JUANA NOEMI ARRIAGA RAMIREZ,2,,CAND_IND6
,7,CHIAPAS,,,55,Metapa,,,REG,CAND_IND6,3,RAMON ESCOBAR CARDENAS,1,,CAND_IND6
,7,CHIAPAS,,,55,Metapa,,,REG,CAND_IND6,4,ARELI MERIDA GALLARDO,2,,CAND_IND6
,7,CHIAPAS,,,55,Metapa,,,REG,CAND_IND6,5,HUGO MEJIA MONCADA,1,,CAND_IND6
,7,CHIAPAS,,,55,Metapa,,,REG,CAND_IND6,6,MARIA ELVIRA CARDENAS GAMBOA,2,,CAND_IND6
,7,CHIAPAS,,,55,Metapa,,,REG,CAND_IND6,7,MARIO ALONSO LOPEZ HERNANDEZ,1,,CAND_IND6
,7,CHIAPAS,,,55,Metapa,,,REG,CAND_IND6,8,ADRIANA QUINTANA SOLIS,2,,CAND_IND6
,7,CHIAPAS,,,56,Mitontic,,,AYUN,FXM,1,MARUCA MENDEZ MENDEZ,2,,FXM
,7,CHIAPAS,,,56,Mitontic,,,SIND,FXM,2,ABELARDO VELASCO ORDOÑEZ,1,,FXM
,7,CHIAPAS,,,56,Mitontic,,,REG,FXM,3,ANA CLAUDIA VAZQUEZ HERNANDEZ,2,,FXM
,7,CHIAPAS,,,56,Mitontic,,,REG,FXM,4,MARIANO ORDOÑEZ HERNANDEZ,1,,FXM
,7,CHIAPAS,,,56,Mitontic,,,REG,FXM,5,HILDA ORDOÑEZ LOPEZ,2,,FXM
,7,CHIAPAS,,,56,Mitontic,,,REG,FXM,6,AGUSTIN RODRIGUEZ JIMENEZ,1,,FXM
,7,CHIAPAS,,,56,Mitontic,,,REG,FXM,7,MARCELINA RODRIGUEZ SANTIZ,2,,FXM
,7,CHIAPAS,,,56,Mitontic,,,REG,FXM,8,VICENTE VELASCO VELAZQUEZ,1,,FXM
,7,CHIAPAS,,,57,Motozintla,,,AYUN,PVEM,1,ALFONSO MEZA PIVARAL,1,,PVEM
,7,CHIAPAS,,,57,Motozintla,,,SIND,PVEM,2,CLARA ROSA RODRIGUEZ PEREZ,2,,PVEM
,7,CHIAPAS,,,57,Motozintla,,,REG,PVEM,3,JOSE MARIA VELAZQUEZ MORALES,1,,PVEM
,7,CHIAPAS,,,57,Motozintla,,,REG,PVEM,4,AMELIA GUADALUPE VILLATORO ESCOBAR,2,,PVEM
,7,CHIAPAS,,,57,Motozintla,,,REG,PVEM,5,CIRILO LOPEZ VELAZQUEZ,1,,PVEM
,7,CHIAPAS,,,57,Motozintla,,,REG,PVEM,6,GEMIMA MARISOL ROBLERO VELAZQUEZ,2,,PVEM
,7,CHIAPAS,,,57,Motozintla,,,REG,PVEM,7,ABDIAS VELAZQUEZ ROBLERO,1,,PVEM
,7,CHIAPAS,,,57,Motozintla,,,REG,PVEM,8,FAUSTA GARCIA REYNOSO,2,,PVEM
,7,CHIAPAS,,,57,Motozintla,,,REG,PVEM,9,RUBEN DARIO GOMEZ ORTIZ,1,,PVEM
,7,CHIAPAS,,,57,Motozintla,,,REG,PVEM,10,RUTH NAYELI LOPEZ ROBLERO,2,,PVEM
,7,CHIAPAS,,,58,Nicolás Ruíz,,,AYUN,MORENA,1,FELIPE ALEJANDRO MENDEZ RODRIGUEZ,1,,MORENA
,7,CHIAPAS,,,58,Nicolás Ruíz,,,SIND,MORENA,2,FRANCISCA JUAREZ LOPEZ,2,,MORENA
,7,CHIAPAS,,,58,Nicolás Ruíz,,,REG,MORENA,3,HERIBERTO GOMEZ HERNANDEZ,1,,MORENA
,7,CHIAPAS,,,58,Nicolás Ruíz,,,REG,MORENA,4,MATILDE LOPEZ MENDEZ,2,,MORENA
,7,CHIAPAS,,,58,Nicolás Ruíz,,,REG,MORENA,5,JOSE LUIS JUAREZ RAMIREZ,1,,MORENA
,7,CHIAPAS,,,58,Nicolás Ruíz,,,REG,MORENA,6,BACILIA HERNANDEZ LOPEZ,2,,MORENA
,7,CHIAPAS,,,58,Nicolás Ruíz,,,REG,MORENA,7,CARMELINO ZUÑIGA MENDEZ,1,,MORENA
,7,CHIAPAS,,,58,Nicolás Ruíz,,,REG,MORENA,8,ADRIANA ELIZABETH LOPEZ JUAREZ,2,,MORENA
,7,CHIAPAS,,,59,Ocosingo,,,AYUN,PVEM,1,GILBERTO RODRIGUEZ DE LOS SANTOS,1,,PVEM
,7,CHIAPAS,,,59,Ocosingo,,,SIND,PVEM,2,MARIA DE JESUS CRUZ UTRILLA,2,,PVEM
,7,CHIAPAS,,,59,Ocosingo,,,REG,PVEM,3,JOSE PEREZ GOMEZ,1,,PVEM
,7,CHIAPAS,,,59,Ocosingo,,,REG,PVEM,4,LUISA PEREZ JIMENEZ,2,,PVEM
,7,CHIAPAS,,,59,Ocosingo,,,REG,PVEM,5,ISRAEL RUIZ DIAZ,1,,PVEM
,7,CHIAPAS,,,59,Ocosingo,,,REG,PVEM,6,MARIANA JIMENEZ GARCIA,2,,PVEM
,7,CHIAPAS,,,59,Ocosingo,,,REG,PVEM,7,ALONSO PEREZ SANCHEZ,1,,PVEM
,7,CHIAPAS,,,59,Ocosingo,,,REG,PVEM,8,CLAUDIA ITZEL NAJERA SELVAS,2,,PVEM
,7,CHIAPAS,,,59,Ocosingo,,,REG,PVEM,9,AMADEO FIGUEROA CRUZ,1,,PVEM
,7,CHIAPAS,,,59,Ocosingo,,,REG,PVEM,10,MARIA CONCEPCION RODRIGUEZ PEREZ,2,,PVEM
,7,CHIAPAS,,,59,Ocosingo,,,REG,PVEM,11,JUAN CARLOS NAVARRO MOLINA,1,,PVEM
,7,CHIAPAS,,,59,Ocosingo,,,REG,PVEM,12,LETICIA SANTIZ LOPEZ,2,,PVEM
,7,CHIAPAS,,,60,Ocotepec,,,AYUN,PT,1,MARCOS RAMIREZ VALLE,1,,PT
,7,CHIAPAS,,,60,Ocotepec,,,SIND,PT,2,ANITA CRUZ ALFONZO,2,,PT
,7,CHIAPAS,,,60,Ocotepec,,,REG,PT,3,ABISAI NUÑEZ VALENCIA,1,,PT
,7,CHIAPAS,,,60,Ocotepec,,,REG,PT,4,MARIA SILVIA CRUZ MORALES,2,,PT
,7,CHIAPAS,,,60,Ocotepec,,,REG,PT,5,TIMOTEO CRUZ VALENCIA,1,,PT
,7,CHIAPAS,,,60,Ocotepec,,,REG,PT,6,LIDIA VILLARREAL CRUZ,2,,PT
,7,CHIAPAS,,,60,Ocotepec,,,REG,PT,7,EFREN VAZQUEZ GARCIA,1,,PT
,7,CHIAPAS,,,60,Ocotepec,,,REG,PT,8,EMELIA VALENCIA CRUZ,2,,PT
,7,CHIAPAS,,,61,Ocozocoautla de Espinosa,,,AYUN,MORENA,1,JAVIER ALEJANDRO MAZA CRUZ,1,,MORENA
,7,CHIAPAS,,,61,Ocozocoautla de Espinosa,,,SIND,MORENA,2,NANCY PAOLA MANDUJANO CHANDOMI,2,,MORENA
,7,CHIAPAS,,,61,Ocozocoautla de Espinosa,,,REG,MORENA,3,JAUREZ NANDAYAPA OVALLE,1,,MORENA
,7,CHIAPAS,,,61,Ocozocoautla de Espinosa,,,REG,MORENA,4,MARIA DEL CARMEN PEREZ DE LOS SANTOS,2,,MORENA
,7,CHIAPAS,,,61,Ocozocoautla de Espinosa,,,REG,MORENA,5,GUSTAVO RODRIGUEZ MENDEZ,1,,MORENA
,7,CHIAPAS,,,61,Ocozocoautla de Espinosa,,,REG,MORENA,6,JUVENTINA MAZA OVANDO,2,,MORENA
,7,CHIAPAS,,,61,Ocozocoautla de Espinosa,,,REG,MORENA,7,MARIO IVAN HERNANDEZ ALVAREZ,1,,MORENA
,7,CHIAPAS,,,61,Ocozocoautla de Espinosa,,,REG,MORENA,8,NIDIA ALEJANDRA DE LOS SANTOS SARMIENTO,2,,MORENA
,7,CHIAPAS,,,61,Ocozocoautla de Espinosa,,,REG,MORENA,9,ROBERTO PEDRO TOLEDO VAZQUEZ,1,,MORENA
,7,CHIAPAS,,,61,Ocozocoautla de Espinosa,,,REG,MORENA,10,ROSINA PEREZ MONTES,2,,MORENA
,7,CHIAPAS,,,62,Ostuacán,,,AYUN,PAN_PRI_PRD,1,FELIPE HERNANDEZ VAZQUEZ,1,,PAN_PRI_PRD
,7,CHIAPAS,,,62,Ostuacán,,,SIND,PAN_PRI_PRD,2,YARELI FABIOLA JIMENEZ CRUZ,2,,PAN_PRI_PRD
,7,CHIAPAS,,,62,Ostuacán,,,REG,PAN_PRI_PRD,3,MARCO ANTONIO LOPEZ PABLO,1,,PAN_PRI_PRD
,7,CHIAPAS,,,62,Ostuacán,,,REG,PAN_PRI_PRD,4,NANCY DEL CARMEN HERNANDEZ DE LA FUENTE,2,,PAN_PRI_PRD
,7,CHIAPAS,,,62,Ostuacán,,,REG,PAN_PRI_PRD,5,JUAN MANUEL LUJANO HERRERA,1,,PAN_PRI_PRD
,7,CHIAPAS,,,62,Ostuacán,,,REG,PAN_PRI_PRD,6,LIDIA LARA JIMENEZ,2,,PAN_PRI_PRD
,7,CHIAPAS,,,62,Ostuacán,,,REG,PAN_PRI_PRD,7,VALENTE PEREZ SALA,1,,PAN_PRI_PRD
,7,CHIAPAS,,,62,Ostuacán,,,REG,PAN_PRI_PRD,8,ROSA ARREVILLAGA ALEGRIA,2,,PAN_PRI_PRD
,7,CHIAPAS,,,62,Ostuacán,,,REG,PAN_PRI_PRD,9,NATIVIDAD RAMIREZ HERRERA,1,,PAN_PRI_PRD
,7,CHIAPAS,,,62,Ostuacán,,,REG,PAN_PRI_PRD,10,ADELA PEREZ HERNANDEZ,2,,PAN_PRI_PRD
,7,CHIAPAS,,,63,Osumacinta,,,AYUN,PCHU,1,DANIEL GONZALEZ ALEGRIA,1,,PCHU
,7,CHIAPAS,,,63,Osumacinta,,,SIND,PCHU,2,MARIA CARMELITA PEREZ SANCHEZ,2,,PCHU
,7,CHIAPAS,,,63,Osumacinta,,,REG,PCHU,3,WERCLAIN HERNANDEZ PEREZ,1,,PCHU
,7,CHIAPAS,,,63,Osumacinta,,,REG,PCHU,4,INES PEREZ PEREZ,2,,PCHU
,7,CHIAPAS,,,63,Osumacinta,,,REG,PCHU,5,CARMEN PEREZ PEREZ,1,,PCHU
,7,CHIAPAS,,,63,Osumacinta,,,REG,PCHU,6,ROSA CIELO MORALES DE LA CRUZ,2,,PCHU
,7,CHIAPAS,,,63,Osumacinta,,,REG,PCHU,7,MARIO GOMEZ DIAZ,1,,PCHU
,7,CHIAPAS,,,63,Osumacinta,,,REG,PCHU,8,MARICARMEN PEREZ PEREZ,2,,PCHU
,7,CHIAPAS,,,65,Palenque,,,AYUN,PVEM,1,JORGE CABRERA AGUILAR,1,,PVEM
,7,CHIAPAS,,,65,Palenque,,,SIND,PVEM,2,GUADALUPE CORTES JIMENEZ,2,,PVEM
,7,CHIAPAS,,,65,Palenque,,,REG,PVEM,3,REYNOL VAZQUEZ GARCIA,1,,PVEM
,7,CHIAPAS,,,65,Palenque,,,REG,PVEM,4,LILIANA SANCHEZ VAZQUEZ,2,,PVEM
,7,CHIAPAS,,,65,Palenque,,,REG,PVEM,5,JULIO CESAR ZAMUDIO ALEJO,1,,PVEM
,7,CHIAPAS,,,65,Palenque,,,REG,PVEM,6,ABIGAIL MENDOZA BALLINAS,2,,PVEM
,7,CHIAPAS,,,65,Palenque,,,REG,PVEM,7,NICANOR GUTIERREZ MENDEZ,1,,PVEM
,7,CHIAPAS,,,65,Palenque,,,REG,PVEM,8,JENY BEATRIZ PEÑATE JIMENEZ,2,,PVEM
,7,CHIAPAS,,,65,Palenque,,,REG,PVEM,9,VICTOR MAUEL DEHARA MENDEZ,1,,PVEM
,7,CHIAPAS,,,65,Palenque,,,REG,PVEM,10,VALERIA ELIZABETH LOPEZ MAGAÑA,2,,PVEM
,7,CHIAPAS,,,65,Palenque,,,REG,PVEM,11,RUBECINDO AVENDAÑO VAZQUEZ,1,,PVEM
,7,CHIAPAS,,,65,Palenque,,,REG,PVEM,12,ERIKA ISABEL VAZQUEZ VAZQUEZ,2,,PVEM
,7,CHIAPAS,,,66,Pantelhó,,,AYUN,PRD,1,RAQUEL TRUJILLO MORALES,1,,PRD
,7,CHIAPAS,,,66,Pantelhó,,,SIND,PRD,2,MARIA ISABEL TORRES MORALES,2,,PRD
,7,CHIAPAS,,,66,Pantelhó,,,REG,PRD,3,PABLO CRUZ HERNANDEZ,1,,PRD
,7,CHIAPAS,,,66,Pantelhó,,,REG,PRD,4,MICAELA LOPEZ MEZA,2,,PRD
,7,CHIAPAS,,,66,Pantelhó,,,REG,PRD,5,JUAN CRUZ JUAREZ,1,,PRD
,7,CHIAPAS,,,66,Pantelhó,,,REG,PRD,6,MARIA PEREZ MENDEZ,2,,PRD
,7,CHIAPAS,,,66,Pantelhó,,,REG,PRD,7,DIEGO GOMEZ PEREZ,1,,PRD
,7,CHIAPAS,,,66,Pantelhó,,,REG,PRD,8,ELIZABETH GOMEZ CRUZ,2,,PRD
,7,CHIAPAS,,,66,Pantelhó,,,REG,PRD,9,GILBERTO PEREZ HERNANDEZ,1,,PRD
,7,CHIAPAS,,,66,Pantelhó,,,REG,PRD,10,LUCIA GIRON JIMENEZ,2,,PRD
,7,CHIAPAS,,,67,Pantepec,,,AYUN,PAN_PRI_PRD,1,ENRIQUE HERNANDEZ VAZQUEZ,1,,PAN_PRI_PRD
,7,CHIAPAS,,,67,Pantepec,,,SIND,PAN_PRI_PRD,2,LOURDES CASTELLANOS CRUZ,2,,PAN_PRI_PRD
,7,CHIAPAS,,,67,Pantepec,,,REG,PAN_PRI_PRD,3,JOSE TRINIDAD FLORES HERNANDEZ,1,,PAN_PRI_PRD
,7,CHIAPAS,,,67,Pantepec,,,REG,PAN_PRI_PRD,4,EULOGIA HERNANDEZ HERNANDEZ,2,,PAN_PRI_PRD
,7,CHIAPAS,,,67,Pantepec,,,REG,PAN_PRI_PRD,5,BRYAM HERNANDEZ REYES,1,,PAN_PRI_PRD
,7,CHIAPAS,,,67,Pantepec,,,REG,PAN_PRI_PRD,6,MIRIAM VAZQUEZ VILLARREAL,2,,PAN_PRI_PRD
,7,CHIAPAS,,,67,Pantepec,,,REG,PAN_PRI_PRD,7,JULIO CESAR BALCAZAR JUAREZ,1,,PAN_PRI_PRD
,7,CHIAPAS,,,67,Pantepec,,,REG,PAN_PRI_PRD,8,AURORA DE LA CRUZ SANCHEZ,2,,PAN_PRI_PRD
,7,CHIAPAS,,,68,Pichucalco,,,AYUN,MORENA,1,ANDRES CARBALLO CORDOVA,1,,MORENA
,7,CHIAPAS,,,68,Pichucalco,,,SIND,MORENA,2,ADDY SERRA ALVAREZ,2,,MORENA
,7,CHIAPAS,,,68,Pichucalco,,,REG,MORENA,3,GUTEMBER BERMUDEZ RAMOS,1,,MORENA
,7,CHIAPAS,,,68,Pichucalco,,,REG,MORENA,4,SUHEY DAYANA HERNANDEZ VERA,2,,MORENA
,7,CHIAPAS,,,68,Pichucalco,,,REG,MORENA,5,RAUL RAMIREZ CANTORAL,1,,MORENA
,7,CHIAPAS,,,68,Pichucalco,,,REG,MORENA,6,FARIDI JOSEFINA CRUZ SANTELIZ,2,,MORENA
,7,CHIAPAS,,,68,Pichucalco,,,REG,MORENA,7,JOSE LUIS GOMEZ ALVAREZ,1,,MORENA
,7,CHIAPAS,,,68,Pichucalco,,,REG,MORENA,8,LAURA HIGIA LUNA LOPEZ,2,,MORENA
,7,CHIAPAS,,,68,Pichucalco,,,REG,MORENA,9,SEVERINO HERNANDEZ PEREZ,1,,MORENA
,7,CHIAPAS,,,68,Pichucalco,,,REG,MORENA,10,OLIVIA BRISEÑO ESCUDERO,2,,MORENA
,7,CHIAPAS,,,69,Pijijiapan,,,AYUN,MORENA,1,CARLOS ALBERTO ALBORES LIMA,1,,MORENA
,7,CHIAPAS,,,69,Pijijiapan,,,SIND,MORENA,2,GABRIELA LARA ORTIZ,2,,MORENA
,7,CHIAPAS,,,69,Pijijiapan,,,REG,MORENA,3,ISAAC CORTES GARCIA,1,,MORENA
,7,CHIAPAS,,,69,Pijijiapan,,,REG,MORENA,4,RUTH PATRICIA PAVIAN VONDUBEN,2,,MORENA
,7,CHIAPAS,,,69,Pijijiapan,,,REG,MORENA,5,MANUEL LOPEZ AGUILAR,1,,MORENA
,7,CHIAPAS,,,69,Pijijiapan,,,REG,MORENA,6,VERONICA MARTINEZ BALLINAS,2,,MORENA
,7,CHIAPAS,,,69,Pijijiapan,,,REG,MORENA,7,JUAN MANUEL JIMENEZ ABUD,1,,MORENA
,7,CHIAPAS,,,69,Pijijiapan,,,REG,MORENA,8,MAYRA MEDINA TIRADO,2,,MORENA
,7,CHIAPAS,,,69,Pijijiapan,,,REG,MORENA,9,JUAN CARLOS GOMEZ MEJIA,1,,MORENA
,7,CHIAPAS,,,69,Pijijiapan,,,REG,MORENA,10,CLAUDIA GEORGINA VEGA CHIRINO,2,,MORENA
,7,CHIAPAS,,,70,El Porvenir,,,AYUN,PVEM,1,JOEL RAMIREZ SARGENTO,1,,PVEM
,7,CHIAPAS,,,70,El Porvenir,,,SIND,PVEM,2,GABRIELA MEJIA VAZQUEZ,2,,PVEM
,7,CHIAPAS,,,70,El Porvenir,,,REG,PVEM,3,FORTINO MIGUEL GARCIA PEREZ,1,,PVEM
,7,CHIAPAS,,,70,El Porvenir,,,REG,PVEM,4,AURI MIRMA ESCALANTE HERNANDEZ,2,,PVEM
,7,CHIAPAS,,,70,El Porvenir,,,REG,PVEM,5,LUIS MIGUEL LOPEZ VELAZQUEZ,1,,PVEM
,7,CHIAPAS,,,70,El Porvenir,,,REG,PVEM,6,JOSEFINA PEREZ VELAZQUEZ,2,,PVEM
,7,CHIAPAS,,,70,El Porvenir,,,REG,PVEM,7,ALESIO MATIAS BARTOLOME,1,,PVEM
,7,CHIAPAS,,,70,El Porvenir,,,REG,PVEM,8,MARTINA MARCOLINA RODRIGUEZ SANTELIZ,2,,PVEM
,7,CHIAPAS,,,71,Pueblo Nuevo Solistahuacán,,,AYUN,PRD,1,ALEJANDRO SANCHEZ GARCIA,1,,PRD
,7,CHIAPAS,,,71,Pueblo Nuevo Solistahuacán,,,SIND,PRD,2,VICENTA OLIVA MIJANGOS,2,,PRD
,7,CHIAPAS,,,71,Pueblo Nuevo Solistahuacán,,,REG,PRD,3,DIONISIO HERNANDEZ HERNANDEZ,1,,PRD
,7,CHIAPAS,,,71,Pueblo Nuevo Solistahuacán,,,REG,PRD,4,ANDREA DIAZ LOPEZ,2,,PRD
,7,CHIAPAS,,,71,Pueblo Nuevo Solistahuacán,,,REG,PRD,5,DIONICIO LOPEZ DIAZ,1,,PRD
,7,CHIAPAS,,,71,Pueblo Nuevo Solistahuacán,,,REG,PRD,6,MARILU GIRON HERNANDEZ,2,,PRD
,7,CHIAPAS,,,71,Pueblo Nuevo Solistahuacán,,,REG,PRD,7,EMILIANO DIAZ VELASCO,1,,PRD
,7,CHIAPAS,,,71,Pueblo Nuevo Solistahuacán,,,REG,PRD,8,SANDRA PEREZ CASTELLANOS,2,,PRD
,7,CHIAPAS,,,71,Pueblo Nuevo Solistahuacán,,,REG,PRD,9,NELSON GUTIERREZ PEREZ,1,,PRD
,7,CHIAPAS,,,71,Pueblo Nuevo Solistahuacán,,,REG,PRD,10,ROSALIA DIAZ MONTEJO,2,,PRD
,7,CHIAPAS,,,72,Rayón,,,AYUN,PMCH,1,GUADALUPE GONZALEZ TREJO,1,,PMCH
,7,CHIAPAS,,,72,Rayón,,,SIND,PMCH,2,MARTHA IDALI HERNANDEZ ORANTES,2,,PMCH
,7,CHIAPAS,,,72,Rayón,,,REG,PMCH,3,MIGUEL SANCHEZ DIAZ,1,,PMCH
,7,CHIAPAS,,,72,Rayón,,,REG,PMCH,4,LUCRECIA ZEBADUA JOSE,2,,PMCH
,7,CHIAPAS,,,72,Rayón,,,REG,PMCH,5,EDIBERTO GOMEZ SUAREZ,1,,PMCH
,7,CHIAPAS,,,72,Rayón,,,REG,PMCH,6,EVA DIAZ DIAZ,2,,PMCH
,7,CHIAPAS,,,72,Rayón,,,REG,PMCH,7,LUIS FERNANDO LOPEZ GUTIERREZ,1,,PMCH
,7,CHIAPAS,,,72,Rayón,,,REG,PMCH,8,EVARISTA LOPEZ GOMEZ,2,,PMCH
,7,CHIAPAS,,,73,Reforma,,,AYUN,MORENA,1,YESENIA JUDITH MARTINEZ DANTORI,2,,MORENA
,7,CHIAPAS,,,73,Reforma,,,SIND,MORENA,2,ALDO GOMEZ JIMENEZ,1,,MORENA
,7,CHIAPAS,,,73,Reforma,,,REG,MORENA,3,GLORIA PROT GUZMAN,2,,MORENA
,7,CHIAPAS,,,73,Reforma,,,REG,MORENA,4,ROSENDO ARZAT HERRERA,1,,MORENA
,7,CHIAPAS,,,73,Reforma,,,REG,MORENA,5,ISABEL CRISTINA ALAMILLA REYES,2,,MORENA
,7,CHIAPAS,,,73,Reforma,,,REG,MORENA,6,LUIS ARTURO EMETERIO RUIZ,1,,MORENA
,7,CHIAPAS,,,73,Reforma,,,REG,MORENA,7,GUADALUPE MENDEZ HERNANDEZ,2,,MORENA
,7,CHIAPAS,,,73,Reforma,,,REG,MORENA,8,GIOVANNI ASCENCIO PEREZ,1,,MORENA
,7,CHIAPAS,,,73,Reforma,,,REG,MORENA,9,JULIETA AVALOS ZETINA,2,,MORENA
,7,CHIAPAS,,,73,Reforma,,,REG,MORENA,10,GILBERTO GOMEZ CRUZ,1,,MORENA
,7,CHIAPAS,,,74,Las Rosas,,,AYUN,PAN_PRI_PRD,1,JESUS ANTONIO ORANTES NORIEGA,1,,PAN_PRI_PRD
,7,CHIAPAS,,,74,Las Rosas,,,SIND,PAN_PRI_PRD,2,MARIA VICTORIA TAMAYO VAZQUEZ,2,,PAN_PRI_PRD
,7,CHIAPAS,,,74,Las Rosas,,,REG,PAN_PRI_PRD,3,JERSON EZEQUIEL MONTOYA PEREZ,1,,PAN_PRI_PRD
,7,CHIAPAS,,,74,Las Rosas,,,REG,PAN_PRI_PRD,4,PAULINA MARIEL PADILLA ALBORES,2,,PAN_PRI_PRD
,7,CHIAPAS,,,74,Las Rosas,,,REG,PAN_PRI_PRD,5,JESUS CARALAMPIO HERNANDEZ VILLATORO,1,,PAN_PRI_PRD
,7,CHIAPAS,,,74,Las Rosas,,,REG,PAN_PRI_PRD,6,DAMARIN RUBI LOPEZ MORALES,2,,PAN_PRI_PRD
,7,CHIAPAS,,,74,Las Rosas,,,REG,PAN_PRI_PRD,7,HUGO ROLANDO ESPINOSA GARCIA,1,,PAN_PRI_PRD
,7,CHIAPAS,,,74,Las Rosas,,,REG,PAN_PRI_PRD,8,PIEDAD CABRERA ORTIZ,2,,PAN_PRI_PRD
,7,CHIAPAS,,,74,Las Rosas,,,REG,PAN_PRI_PRD,9,LUIS OCTAVIO MENDEZ RUIZ,1,,PAN_PRI_PRD
,7,CHIAPAS,,,74,Las Rosas,,,REG,PAN_PRI_PRD,10,OLGA MENDEZ HERNANDEZ,2,,PAN_PRI_PRD
,7,CHIAPAS,,,75,Sabanilla,,,AYUN,MORENA,1,JOSE DARWIN GONZALEZ CABELLO,1,,MORENA
,7,CHIAPAS,,,75,Sabanilla,,,SIND,MORENA,2,CANDELARIA GOMEZ MARTINEZ,2,,MORENA
,7,CHIAPAS,,,75,Sabanilla,,,REG,MORENA,3,ISRAEL CRUZ GOMEZ,1,,MORENA
,7,CHIAPAS,,,75,Sabanilla,,,REG,MORENA,4,IRMA VAZQUEZ MARTINEZ,2,,MORENA
,7,CHIAPAS,,,75,Sabanilla,,,REG,MORENA,5,JORGE SANCHEZ GOMEZ,1,,MORENA
,7,CHIAPAS,,,75,Sabanilla,,,REG,MORENA,6,KAREN KARINA PEREZ CABALLERO,2,,MORENA
,7,CHIAPAS,,,75,Sabanilla,,,REG,MORENA,7,ISRAEL JUAREZ MENDEZ,1,,MORENA
,7,CHIAPAS,,,75,Sabanilla,,,REG,MORENA,8,MATILDE GUTIERREZ ALVAREZ,2,,MORENA
,7,CHIAPAS,,,75,Sabanilla,,,REG,MORENA,9,JOSE NEFTALI PEREZ CRUZ,1,,MORENA
,7,CHIAPAS,,,75,Sabanilla,,,REG,MORENA,10,CARMEN PEREZ CRUZ,2,,MORENA
,7,CHIAPAS,,,76,Salto de Agua,,,AYUN,PMCH,1,ROMAN MENA DE LA CRUZ,1,,PMCH
,7,CHIAPAS,,,76,Salto de Agua,,,SIND,PMCH,2,DORA MARIA JIMENEZ GOMEZ,2,,PMCH
,7,CHIAPAS,,,76,Salto de Agua,,,REG,PMCH,3,CARLOS LOPEZ MARTINEZ,1,,PMCH
,7,CHIAPAS,,,76,Salto de Agua,,,REG,PMCH,4,DULCE MARIA ARCOS ESPINOZA,2,,PMCH
,7,CHIAPAS,,,76,Salto de Agua,,,REG,PMCH,5,DOMINGO LOPEZ MONTEJO,1,,PMCH
,7,CHIAPAS,,,76,Salto de Agua,,,REG,PMCH,6,MARIA VICTORIA DIAZ MENDEZ,2,,PMCH
,7,CHIAPAS,,,76,Salto de Agua,,,REG,PMCH,7,JUAN ALVARO LOPEZ,1,,PMCH
,7,CHIAPAS,,,76,Salto de Agua,,,REG,PMCH,8,FABIANA MENDEZ GOMEZ,2,,PMCH
,7,CHIAPAS,,,76,Salto de Agua,,,REG,PMCH,9,GABRIEL MENDEZ ARCOS,1,,PMCH
,7,CHIAPAS,,,76,Salto de Agua,,,REG,PMCH,10,MARIA CRUZ GOMEZ,2,,PMCH
,7,CHIAPAS,,,77,San Cristóbal de las Casas,,,AYUN,PVEM,1,MARIANO ALBERTO DIAZ OCHOA,1,,PVEM
,7,CHIAPAS,,,77,San Cristóbal de las Casas,,,SIND,PVEM,2,VICTORIA RUIZ OLVERA,2,,PVEM
,7,CHIAPAS,,,77,San Cristóbal de las Casas,,,REG,PVEM,3,AGUSTIN FRANCO VILLANUEVA,1,,PVEM
,7,CHIAPAS,,,77,San Cristóbal de las Casas,,,REG,PVEM,4,CYNTHIA RICCI DIAZ,2,,PVEM
,7,CHIAPAS,,,77,San Cristóbal de las Casas,,,REG,PVEM,5,JULIO CESAR BERMUDEZ MAZARIEGOS,1,,PVEM
,7,CHIAPAS,,,77,San Cristóbal de las Casas,,,REG,PVEM,6,KAREN ANAHI BALLINAS HERNANDEZ,2,,PVEM
,7,CHIAPAS,,,77,San Cristóbal de las Casas,,,REG,PVEM,7,HUMBERTO CANCINO RANGEL,1,,PVEM
,7,CHIAPAS,,,77,San Cristóbal de las Casas,,,REG,PVEM,8,SILVIA ESTHER ARGUELLO GARCIA,2,,PVEM
,7,CHIAPAS,,,77,San Cristóbal de las Casas,,,REG,PVEM,9,JAVIER TREJO GOMEZ,1,,PVEM
,7,CHIAPAS,,,77,San Cristóbal de las Casas,,,REG,PVEM,10,BELLA ROSA GUILLEN ALFONZO,2,,PVEM
,7,CHIAPAS,,,77,San Cristóbal de las Casas,,,REG,PVEM,11,GERARDO RAFAEL TRUJILLO ARELLANO,1,,PVEM
,7,CHIAPAS,,,77,San Cristóbal de las Casas,,,REG,PVEM,12,GEORGINA ISABEL TREJO RAMIREZ,2,,PVEM
,7,CHIAPAS,,,78,San Fernando,,,AYUN,PVEM,1,JUAN ANTONIO CASTILLEJOS CASTELLANOS,1,,PVEM
,7,CHIAPAS,,,78,San Fernando,,,SIND,PVEM,2,MARIA DEIFILIA CASTILLEJOS ESCOBAR,2,,PVEM
,7,CHIAPAS,,,78,San Fernando,,,REG,PVEM,3,SAUL GARCIA CASTELLANOS,1,,PVEM
,7,CHIAPAS,,,78,San Fernando,,,REG,PVEM,4,MARTHA ZOMA GUTIERREZ,2,,PVEM
,7,CHIAPAS,,,78,San Fernando,,,REG,PVEM,5,JORGE IVAN GUTIERREZ ANZA,1,,PVEM
,7,CHIAPAS,,,78,San Fernando,,,REG,PVEM,6,ADRIANA GUTIERREZ AVENDAÑO,2,,PVEM
,7,CHIAPAS,,,78,San Fernando,,,REG,PVEM,7,CARLOS IRAN MORALES HERNANDEZ,1,,PVEM
,7,CHIAPAS,,,78,San Fernando,,,REG,PVEM,8,CELIA HERNANDEZ PEREZ,2,,PVEM
,7,CHIAPAS,,,78,San Fernando,,,REG,PVEM,9,JOSE FELIPE LOPEZ VALENCIA,1,,PVEM
,7,CHIAPAS,,,78,San Fernando,,,REG,PVEM,10,LIDIA VIZA GONZALEZ,2,,PVEM
,7,CHIAPAS,,,79,San Juan Cancuc,,,AYUN,PRI,1,MANUEL AGUILAR LOPEZ,1,,PRI
,7,CHIAPAS,,,79,San Juan Cancuc,,,SIND,PRI,2,ROSA VELASCO ORDOÑEZ,2,,PRI
,7,CHIAPAS,,,79,San Juan Cancuc,,,REG,PRI,3,MANUEL GOMEZ HERNANDEZ,1,,PRI
,7,CHIAPAS,,,79,San Juan Cancuc,,,REG,PRI,4,ROSA CRUZ SANTIZ,2,,PRI
,7,CHIAPAS,,,79,San Juan Cancuc,,,REG,PRI,5,GASPAR PEREZ SANTIZ,1,,PRI
,7,CHIAPAS,,,79,San Juan Cancuc,,,REG,PRI,6,ANITA MARTINEZ SANTIZ,2,,PRI
,7,CHIAPAS,,,79,San Juan Cancuc,,,REG,PRI,7,ANTONIO CASTELLANOS GOMEZ,1,,PRI
,7,CHIAPAS,,,79,San Juan Cancuc,,,REG,PRI,8,MARIA MENDEZ HERNANDEZ,2,,PRI
,7,CHIAPAS,,,79,San Juan Cancuc,,,REG,PRI,9,LORENZO MARTINEZ GARCIA,1,,PRI
,7,CHIAPAS,,,79,San Juan Cancuc,,,REG,PRI,10,LUCIA SANTIZ CASTELLANO,2,,PRI
,7,CHIAPAS,,,80,San Lucas,,,AYUN,PVEM,1,NOE ALEJANDRO SUAREZ,1,,PVEM
,7,CHIAPAS,,,80,San Lucas,,,SIND,PVEM,2,FLOR DELMIRA LOPEZ MENDEZ,2,,PVEM
,7,CHIAPAS,,,80,San Lucas,,,REG,PVEM,3,ROLANDO JOVITO DIAZ SANTIAGO,1,,PVEM
,7,CHIAPAS,,,80,San Lucas,,,REG,PVEM,4,YULISA VICENTA GUTIERREZ LOPEZ,2,,PVEM
,7,CHIAPAS,,,80,San Lucas,,,REG,PVEM,5,HIPOLITO DE JESUS PEREZ MENDEZ,1,,PVEM
,7,CHIAPAS,,,80,San Lucas,,,REG,PVEM,6,EUGENIA JUDITH PEREZ HERNANDEZ,2,,PVEM
,7,CHIAPAS,,,80,San Lucas,,,REG,PVEM,7,UVINER LOPEZ VARGAS,1,,PVEM
,7,CHIAPAS,,,80,San Lucas,,,REG,PVEM,8,FANNY HERMELINDA VARGAS BALLINAS,2,,PVEM
,7,CHIAPAS,,,82,Simojovel,,,AYUN,PVEM,1,GILBERTO MARTINEZ ANDRADE,1,,PVEM
,7,CHIAPAS,,,82,Simojovel,,,SIND,PVEM,2,NATIVIDAD SANCHEZ SANCHEZ,2,,PVEM
,7,CHIAPAS,,,82,Simojovel,,,REG,PVEM,3,RAMIRO RUIZ GONZALEZ,1,,PVEM
,7,CHIAPAS,,,82,Simojovel,,,REG,PVEM,4,CLARA PEREZ PEREZ,2,,PVEM
,7,CHIAPAS,,,82,Simojovel,,,REG,PVEM,5,ALFONSO LOPEZ DIAZ,1,,PVEM
,7,CHIAPAS,,,82,Simojovel,,,REG,PVEM,6,MARICELA LOPEZ GUTIERREZ,2,,PVEM
,7,CHIAPAS,,,82,Simojovel,,,REG,PVEM,7,DAVID SANCHEZ GOMEZ,1,,PVEM
,7,CHIAPAS,,,82,Simojovel,,,REG,PVEM,8,MARIA HERNANDEZ MONTEJO,2,,PVEM
,7,CHIAPAS,,,82,Simojovel,,,REG,PVEM,9,LEONEL GOMEZ HERNANDEZ,1,,PVEM
,7,CHIAPAS,,,82,Simojovel,,,REG,PVEM,10,JENNIFER JAZMIN SANCHEZ DIAZ,2,,PVEM
,7,CHIAPAS,,,83,Sitalá,,,AYUN,MORENA,1,ABELARDO PEREZ NUÑEZ,1,,MORENA
,7,CHIAPAS,,,83,Sitalá,,,SIND,MORENA,2,ELVIA LORENA CRUZ GOMEZ,2,,MORENA
,7,CHIAPAS,,,83,Sitalá,,,REG,MORENA,3,RAFAEL HERNANDEZ GUTIERREZ,1,,MORENA
,7,CHIAPAS,,,83,Sitalá,,,REG,MORENA,4,ISABEL LOPEZ DEARA,2,,MORENA
,7,CHIAPAS,,,83,Sitalá,,,REG,MORENA,5,SEBASTIAN SANCHEZ CRUZ,1,,MORENA
,7,CHIAPAS,,,83,Sitalá,,,REG,MORENA,6,JUANA DEARA GUTIERREZ,2,,MORENA
,7,CHIAPAS,,,83,Sitalá,,,REG,MORENA,7,PEDRO HERNANDEZ LOPEZ,1,,MORENA
,7,CHIAPAS,,,83,Sitalá,,,REG,MORENA,8,MANUELA ENCINO NUÑEZ,2,,MORENA
,7,CHIAPAS,,,84,Socoltenango,,,AYUN,PT,1,JUAN CARLOS MORALES HERNANDEZ,1,,PT
,7,CHIAPAS,,,84,Socoltenango,,,SIND,PT,2,BLANCA ESTHELA COUTIÑO CRUZ,2,,PT
,7,CHIAPAS,,,84,Socoltenango,,,REG,PT,3,AGUSTIN DIAZ PEREZ,1,,PT
,7,CHIAPAS,,,84,Socoltenango,,,REG,PT,4,GUADALUPE VIDAL CORONEL,2,,PT
,7,CHIAPAS,,,84,Socoltenango,,,REG,PT,5,LUIS FERNANDO NORIEGA GUILLEN,1,,PT
,7,CHIAPAS,,,84,Socoltenango,,,REG,PT,6,MARIA ELENA NAJERA RODRIGUEZ,2,,PT
,7,CHIAPAS,,,84,Socoltenango,,,REG,PT,7,JAVIER RODRIGUEZ MUÑOZ,1,,PT
,7,CHIAPAS,,,84,Socoltenango,,,REG,PT,8,MARIA ANTONIETA NAJERA NORIEGA,2,,PT
,7,CHIAPAS,,,84,Socoltenango,,,REG,PT,9,DEOPOLDO GUSTAVO RODRIGUEZ CORONEL,1,,PT
,7,CHIAPAS,,,84,Socoltenango,,,REG,PT,10,RUBISELA HERNANDEZ VELASCO,2,,PT
,7,CHIAPAS,,,85,Solosuchiapa,,,AYUN,PCHU,1,FERNANDO APARICIO TREJO,1,,PCHU
,7,CHIAPAS,,,85,Solosuchiapa,,,SIND,PCHU,2,ANA CAREN LOPEZ HERNANDEZ,2,,PCHU
,7,CHIAPAS,,,85,Solosuchiapa,,,REG,PCHU,3,MAURICIO ALVAREZ HERNANDEZ,1,,PCHU
,7,CHIAPAS,,,85,Solosuchiapa,,,REG,PCHU,4,ISIS ETHEL MOLLINEDO SALVATIERRA,2,,PCHU
,7,CHIAPAS,,,85,Solosuchiapa,,,REG,PCHU,5,JAIRO MENDOZA CANTORAL,1,,PCHU
,7,CHIAPAS,,,85,Solosuchiapa,,,REG,PCHU,6,ANA CRISTINA VILLANUEVA ALVAREZ,2,,PCHU
,7,CHIAPAS,,,85,Solosuchiapa,,,REG,PCHU,7,JAIME ALVAREZ LOPEZ,1,,PCHU
,7,CHIAPAS,,,85,Solosuchiapa,,,REG,PCHU,8,CARMEN VAZQUEZ MAZARIEGOS,2,,PCHU
,7,CHIAPAS,,,86,Soyaló,,,AYUN,PRI,1,FREDY ESPINOZA HERNANDEZ,1,,PRI
,7,CHIAPAS,,,86,Soyaló,,,SIND,PRI,2,MILEYDI CASTELLANOS MORENO,2,,PRI
,7,CHIAPAS,,,86,Soyaló,,,REG,PRI,3,ABESALIO SANCHEZ SANCHEZ,1,,PRI
,7,CHIAPAS,,,86,Soyaló,,,REG,PRI,4,FRANCISCA DIAZ RUIZ,2,,PRI
,7,CHIAPAS,,,86,Soyaló,,,REG,PRI,5,ALEJANDRO DIAZ BAUTISTA,1,,PRI
,7,CHIAPAS,,,86,Soyaló,,,REG,PRI,6,LIGIA MAYVETH MADRIGAL HERNANDEZ,2,,PRI
,7,CHIAPAS,,,86,Soyaló,,,REG,PRI,7,LUIS ALEJANDRO ZENTENO PEREZ,1,,PRI
,7,CHIAPAS,,,86,Soyaló,,,REG,PRI,8,CRISTINA DE JESUS HERNANDEZ PEREZ,2,,PRI
,7,CHIAPAS,,,87,Suchiapa,,,AYUN,PCHU,1,ALEXIS NUCAMENDI GOMEZ,1,,PCHU
,7,CHIAPAS,,,87,Suchiapa,,,SIND,PCHU,2,OFELIA YADIRA ABARCA VAZQUEZ,2,,PCHU
,7,CHIAPAS,,,87,Suchiapa,,,REG,PCHU,3,JOSE MANUEL SERRANO ALTAMIRANO,1,,PCHU
,7,CHIAPAS,,,87,Suchiapa,,,REG,PCHU,4,BEATRIZ GOMEZ CASTILLO,2,,PCHU
,7,CHIAPAS,,,87,Suchiapa,,,REG,PCHU,5,HUMBERTO OLIVA PEREZ,1,,PCHU
,7,CHIAPAS,,,87,Suchiapa,,,REG,PCHU,6,MONTSERRAT ALELY TOALA GRAJALES,2,,PCHU
,7,CHIAPAS,,,87,Suchiapa,,,REG,PCHU,7,ROSSEL NURIASMU JOSE,1,,PCHU
,7,CHIAPAS,,,87,Suchiapa,,,REG,PCHU,8,YENI ELCI NUCAMENDI HERNANDEZ,2,,PCHU
,7,CHIAPAS,,,87,Suchiapa,,,REG,PCHU,9,MANUEL OCTAVIO SANTIAGO LOPEZ,1,,PCHU
,7,CHIAPAS,,,87,Suchiapa,,,REG,PCHU,10,YUANA FUENTES SIMUTA,2,,PCHU
,7,CHIAPAS,,,88,Suchiate,,,AYUN,MORENA,1,SONIA ELOINA HERNANDEZ AGUILAR,2,,MORENA
,7,CHIAPAS,,,88,Suchiate,,,SIND,MORENA,2,JOSUE CIFUENTES CALDERON,1,,MORENA
,7,CHIAPAS,,,88,Suchiate,,,REG,MORENA,3,SULMIDEYSI CARDENAS TIRADO,2,,MORENA
,7,CHIAPAS,,,88,Suchiate,,,REG,MORENA,4,ELMER DE JESUS VAZQUEZ GALLARDO,1,,MORENA
,7,CHIAPAS,,,88,Suchiate,,,REG,MORENA,5,MARIA GUADALUPE VELAZQUEZ HERNANDEZ,2,,MORENA
,7,CHIAPAS,,,88,Suchiate,,,REG,MORENA,6,ROGELIO GAMBOA ORTIZ,1,,MORENA
,7,CHIAPAS,,,88,Suchiate,,,REG,MORENA,7,KARLA JOVITA MORALES VICENTE,2,,MORENA
,7,CHIAPAS,,,88,Suchiate,,,REG,MORENA,8,MAURO VAZQUEZ CHAVEZ,1,,MORENA
,7,CHIAPAS,,,88,Suchiate,,,REG,MORENA,9,EDELMIRA DE LA CRUZ ALDANA,2,,MORENA
,7,CHIAPAS,,,88,Suchiate,,,REG,MORENA,10,ROBIN ANTONIO GIRON LOPEZ,1,,MORENA
,7,CHIAPAS,,,89,Sunuapa,,,AYUN,PES,1,EDIC FRANCISCO CASTELLANOS RUEDA,1,,PES
,7,CHIAPAS,,,89,Sunuapa,,,SIND,PES,2,ANTONIA MARTINEZ CANTORAL,2,,PES
,7,CHIAPAS,,,89,Sunuapa,,,REG,PES,3,EUCLIDES LUJANO PEREZ,1,,PES
,7,CHIAPAS,,,89,Sunuapa,,,REG,PES,4,JEINY DEL CARMEN LOPEZ LUJANO,2,,PES
,7,CHIAPAS,,,89,Sunuapa,,,REG,PES,5,HEBERTO GONZALEZ RAMIREZ,1,,PES
,7,CHIAPAS,,,89,Sunuapa,,,REG,PES,6,JUANA LUJANO LUJANO,2,,PES
,7,CHIAPAS,,,89,Sunuapa,,,REG,PES,7,RUBISEL JIMENEZ CHACON,1,,PES
,7,CHIAPAS,,,89,Sunuapa,,,REG,PES,8,SIMONA CAMAS PEREZ,2,,PES
,7,CHIAPAS,,,90,Tapachula,,,AYUN,MORENA,1,ROSA IRENE URBINA CASTAÑEDA,2,,MORENA
,7,CHIAPAS,,,90,Tapachula,,,SIND,MORENA,2,SANTIAGO AZAEL ANCHEITA CALDERON,1,,MORENA
,7,CHIAPAS,,,90,Tapachula,,,REG,MORENA,3,PANFILA GLADIOLA SOTO SOTO,2,,MORENA
,7,CHIAPAS,,,90,Tapachula,,,REG,MORENA,4,CARLOS ENRIQUE VENTURA MIRON,1,,MORENA
,7,CHIAPAS,,,90,Tapachula,,,REG,MORENA,5,LORENA LOPEZ SOLIS,2,,MORENA
,7,CHIAPAS,,,90,Tapachula,,,REG,MORENA,6,ALEXIS GABRIEL MARTINEZ CARBAJAL,1,,MORENA
,7,CHIAPAS,,,90,Tapachula,,,REG,MORENA,7,ADRIANA CRISTINA LOPEZ VAZQUEZ,2,,MORENA
,7,CHIAPAS,,,90,Tapachula,,,REG,MORENA,8,ERIK HINTZE MORENO,1,,MORENA
,7,CHIAPAS,,,90,Tapachula,,,REG,MORENA,9,BLANCA IRIS PARADA TOLEDO,2,,MORENA
,7,CHIAPAS,,,90,Tapachula,,,REG,MORENA,10,GERMAN EDUARDO VERA RODAS,1,,MORENA
,7,CHIAPAS,,,90,Tapachula,,,REG,MORENA,11,IMELDA LIZZETTE LOPEZ HERNANDEZ,2,,MORENA
,7,CHIAPAS,,,90,Tapachula,,,REG,MORENA,12,ARTURO VILLAZANA AGUADO,1,,MORENA
,7,CHIAPAS,,,91,Tapalapa,,,AYUN,PRD,1,HIPOLITA URQUIN GARCIA,2,,PRD
,7,CHIAPAS,,,91,Tapalapa,,,SIND,PRD,2,GERARDO HERNANDEZ GOMEZ,1,,PRD
,7,CHIAPAS,,,91,Tapalapa,,,REG,PRD,3,MIRTA DIAZ MORALES,2,,PRD
,7,CHIAPAS,,,91,Tapalapa,,,REG,PRD,4,ORACIO DIAZ SANCHEZ,1,,PRD
,7,CHIAPAS,,,91,Tapalapa,,,REG,PRD,5,ROSALINDA GARCIA VAZQUEZ,2,,PRD
,7,CHIAPAS,,,91,Tapalapa,,,REG,PRD,6,JOSE LUIS GONZALEZ HERNANDEZ,1,,PRD
,7,CHIAPAS,,,91,Tapalapa,,,REG,PRD,7,OLGA GONZALEZ MORALES,2,,PRD
,7,CHIAPAS,,,91,Tapalapa,,,REG,PRD,8,ELIAS GOMEZ RODRIGUEZ,1,,PRD
,7,CHIAPAS,,,92,Tapilula,,,AYUN,PAN_PRI_PRD,1,ROSEMBERG DIAZ SANCHEZ,1,,PAN_PRI_PRD
,7,CHIAPAS,,,92,Tapilula,,,SIND,PAN_PRI_PRD,2,EPIFANIA HERNANDEZ TORRES,2,,PAN_PRI_PRD
,7,CHIAPAS,,,92,Tapilula,,,REG,PAN_PRI_PRD,3,RAMIRO MORALES MORALES,1,,PAN_PRI_PRD
,7,CHIAPAS,,,92,Tapilula,,,REG,PAN_PRI_PRD,4,CONCEPCION VAZQUEZ JOSE,2,,PAN_PRI_PRD
,7,CHIAPAS,,,92,Tapilula,,,REG,PAN_PRI_PRD,5,CAMILO ADRIAN HERNANDEZ ALEGRIA,1,,PAN_PRI_PRD
,7,CHIAPAS,,,92,Tapilula,,,REG,PAN_PRI_PRD,6,MINERVA HERNANDEZ LOPEZ,2,,PAN_PRI_PRD
,7,CHIAPAS,,,92,Tapilula,,,REG,PAN_PRI_PRD,7,HUGO FELIPE ZENTENO RUIZ,1,,PAN_PRI_PRD
,7,CHIAPAS,,,92,Tapilula,,,REG,PAN_PRI_PRD,8,FLOR DEL CARMEN TREJO HERNANDEZ,2,,PAN_PRI_PRD
,7,CHIAPAS,,,93,Tecpatán,,,AYUN,PAN_PRI_PRD,1,JORGE GUZMAN LOPEZ,1,,PAN_PRI_PRD
,7,CHIAPAS,,,93,Tecpatán,,,SIND,PAN_PRI_PRD,2,NORA ESPERANZA GONZALEZ CASTILLEJOS,2,,PAN_PRI_PRD
,7,CHIAPAS,,,93,Tecpatán,,,REG,PAN_PRI_PRD,3,WATKIN JIMENEZ JIMENEZ,1,,PAN_PRI_PRD
,7,CHIAPAS,,,93,Tecpatán,,,REG,PAN_PRI_PRD,4,YESENIA GUADALUPE REYES VALENCIA,2,,PAN_PRI_PRD
,7,CHIAPAS,,,93,Tecpatán,,,REG,PAN_PRI_PRD,5,OMAR ALVAREZ ALVAREZ,1,,PAN_PRI_PRD
,7,CHIAPAS,,,93,Tecpatán,,,REG,PAN_PRI_PRD,6,ALEXA IRASENIA RAMIREZ PABLO,2,,PAN_PRI_PRD
,7,CHIAPAS,,,93,Tecpatán,,,REG,PAN_PRI_PRD,7,ABIGAIL AGUILAR MORALES,1,,PAN_PRI_PRD
,7,CHIAPAS,,,93,Tecpatán,,,REG,PAN_PRI_PRD,8,MARGARITA HERRERA JIMENEZ,2,,PAN_PRI_PRD
,7,CHIAPAS,,,93,Tecpatán,,,REG,PAN_PRI_PRD,9,ENOC ESTRADA LOPEZ,1,,PAN_PRI_PRD
,7,CHIAPAS,,,93,Tecpatán,,,REG,PAN_PRI_PRD,10,MARTHA GRACIELA MUÑOZ ALCARAZ,2,,PAN_PRI_PRD
,7,CHIAPAS,,,94,Tenejapa,,,AYUN,PMCH,1,ALONSO JIMENEZ GUZMAN,1,,PMCH
,7,CHIAPAS,,,94,Tenejapa,,,SIND,PMCH,2,MARIA GIRON LOPEZ,2,,PMCH
,7,CHIAPAS,,,94,Tenejapa,,,REG,PMCH,3,JUAN GIRON LUNA,1,,PMCH
,7,CHIAPAS,,,94,Tenejapa,,,REG,PMCH,4,GUADALUPE JIMENEZ GOMEZ,2,,PMCH
,7,CHIAPAS,,,94,Tenejapa,,,REG,PMCH,5,MARCOS MENDEZ LOPEZ,1,,PMCH
,7,CHIAPAS,,,94,Tenejapa,,,REG,PMCH,6,SEBASTIANA GUZMAN GIRON,2,,PMCH
,7,CHIAPAS,,,94,Tenejapa,,,REG,PMCH,7,SEBASTIAN GOMEZ JIMENEZ,1,,PMCH
,7,CHIAPAS,,,94,Tenejapa,,,REG,PMCH,8,MARIA INTZIN MENDEZ,2,,PMCH
,7,CHIAPAS,,,94,Tenejapa,,,REG,PMCH,9,MIGUEL JIMENEZ GIRON,1,,PMCH
,7,CHIAPAS,,,94,Tenejapa,,,REG,PMCH,9,ANTONIA MEZA GOMEZ,2,,PMCH
,7,CHIAPAS,,,95,Teopisca,,,AYUN,PVEM,1,RUBEN DE JESUS VALDEZ DIAZ,1,,PVEM
,7,CHIAPAS,,,95,Teopisca,,,SIND,PVEM,2,JOSEFA MARIA SANCHEZ PEREZ,2,,PVEM
,7,CHIAPAS,,,95,Teopisca,,,REG,PVEM,3,JUAN JOSE DIAZ BASSOUL,1,,PVEM
,7,CHIAPAS,,,95,Teopisca,,,REG,PVEM,4,CITLALY BERENICE HERNANDEZ AGUILAR,2,,PVEM
,7,CHIAPAS,,,95,Teopisca,,,REG,PVEM,5,OSCAR BENJAMIN LOPEZ LUNEZ,1,,PVEM
,7,CHIAPAS,,,95,Teopisca,,,REG,PVEM,6,FLOR JASMIN DELGADO MONTERROSA,2,,PVEM
,7,CHIAPAS,,,95,Teopisca,,,REG,PVEM,7,ANDRES OCTAVIO CAÑAVERAL HERNANDEZ,1,,PVEM
,7,CHIAPAS,,,95,Teopisca,,,REG,PVEM,8,GLADYS DE JESUS TORRES GARCIA,2,,PVEM
,7,CHIAPAS,,,95,Teopisca,,,REG,PVEM,9,ERNESTO BERMUDEZ GONZALEZ,1,,PVEM
,7,CHIAPAS,,,95,Teopisca,,,REG,PVEM,10,MIRIAM AURORA ZUÑIGA BALLINAS,2,,PVEM
,7,CHIAPAS,,,96,Tila,,,AYUN,PVEM,1,LIMBER GREGORIO GUTIERREZ GOMEZ,1,,PVEM
,7,CHIAPAS,,,96,Tila,,,SIND,PVEM,2,MARJELA DE ALMIRA PEREZ GOMEZ,2,,PVEM
,7,CHIAPAS,,,96,Tila,,,REG,PVEM,3,MATEO LOPEZ RAMIREZ,1,,PVEM
,7,CHIAPAS,,,96,Tila,,,REG,PVEM,4,ELODIA MONTERROSA VAZQUEZ,2,,PVEM
,7,CHIAPAS,,,96,Tila,,,REG,PVEM,5,MIGUEL PEREZ JIMENEZ,1,,PVEM
,7,CHIAPAS,,,96,Tila,,,REG,PVEM,6,DEYLI GUTIERREZ VAZQUEZ,2,,PVEM
,7,CHIAPAS,,,96,Tila,,,REG,PVEM,7,MARCOS DIAZ VAZQUEZ,1,,PVEM
,7,CHIAPAS,,,96,Tila,,,REG,PVEM,8,GLADYS MAGALY PEREZ MENDEZ,2,,PVEM
,7,CHIAPAS,,,96,Tila,,,REG,PVEM,9,PASCUAL MARTINEZ MARTINEZ,1,,PVEM
,7,CHIAPAS,,,96,Tila,,,REG,PVEM,10,VIRGINIA DIAZ VAZQUEZ,2,,PVEM
,7,CHIAPAS,,,97,Tonalá,,,AYUN,MORENA,1,NATIVIDAD DE LOS SANTOS MIRANDA,1,,MORENA
,7,CHIAPAS,,,97,Tonalá,,,SIND,MORENA,2,IRMA RUTH DE LOS SANTOS DE LUCIO,2,,MORENA
,7,CHIAPAS,,,97,Tonalá,,,REG,MORENA,3,MANUEL DE JESUS ALEGRIA VAZQUEZ,1,,MORENA
,7,CHIAPAS,,,97,Tonalá,,,REG,MORENA,4,MARIA EUGENIA SANCHO NATAREN,2,,MORENA
,7,CHIAPAS,,,97,Tonalá,,,REG,MORENA,5,ANTONIO MARROQUIN GONZALEZ,1,,MORENA
,7,CHIAPAS,,,97,Tonalá,,,REG,MORENA,6,ROSA ELVIA TOLEDO DE LUCIO,2,,MORENA
,7,CHIAPAS,,,97,Tonalá,,,REG,MORENA,7,MARIN HERNANDEZ OROZCO,1,,MORENA
,7,CHIAPAS,,,97,Tonalá,,,REG,MORENA,8,ROSALINDA QUEVEDO SANDOVAL,2,,MORENA
,7,CHIAPAS,,,97,Tonalá,,,REG,MORENA,9,ROBERTO MARROQUIN TOLEDO,1,,MORENA
,7,CHIAPAS,,,97,Tonalá,,,REG,MORENA,10,ROSA VAZQUEZ GUTIERREZ,2,,MORENA
,7,CHIAPAS,,,98,Totolapa,,,AYUN,PRD,1,EULALIA LOPEZ GUITIERREZ,2,,PRD
,7,CHIAPAS,,,98,Totolapa,,,SIND,PRD,2,JESUS GARCIA HERNANDEZ,1,,PRD
,7,CHIAPAS,,,98,Totolapa,,,REG,PRD,3,MARTHA RODRIGUEZ PEREZ,2,,PRD
,7,CHIAPAS,,,98,Totolapa,,,REG,PRD,4,GUADALUPE LOPEZ GUTIERREZ,1,,PRD
,7,CHIAPAS,,,98,Totolapa,,,REG,PRD,5,MARIA MARICELA JIMENEZ SANCHEZ,2,,PRD
,7,CHIAPAS,,,98,Totolapa,,,REG,PRD,6,ABRAHAM NUÑEZ DE LA CRUZ,1,,PRD
,7,CHIAPAS,,,98,Totolapa,,,REG,PRD,7,ALEJANDRA GUADALUPE JIMENEZ HERNANDEZ,2,,PRD
,7,CHIAPAS,,,98,Totolapa,,,REG,PRD,8,JOSE DE JESUS DE LA CRUZ RAMIREZ,1,,PRD
,7,CHIAPAS,,,99,La Trinitaria,,,AYUN,MORENA,1,ERVIN LEONEL PEREZ ALFARO,1,,MORENA
,7,CHIAPAS,,,99,La Trinitaria,,,SIND,MORENA,2,MARA DEL ROCIO CALVO ALBORES,2,,MORENA
,7,CHIAPAS,,,99,La Trinitaria,,,REG,MORENA,3,SERGIO MARTIN VILLAR GOMEZ,1,,MORENA
,7,CHIAPAS,,,99,La Trinitaria,,,REG,MORENA,4,CITLALY ANALLELY MAZARIEGOS ALFARO,2,,MORENA
,7,CHIAPAS,,,99,La Trinitaria,,,REG,MORENA,5,JULIO CESAR MORALES RAMIREZ,1,,MORENA
,7,CHIAPAS,,,99,La Trinitaria,,,REG,MORENA,6,MARIA CANDELARIA MORENO GORDILLO,2,,MORENA
,7,CHIAPAS,,,99,La Trinitaria,,,REG,MORENA,7,JESUS ANTONIO LOPEZ LOPEZ,1,,MORENA
,7,CHIAPAS,,,99,La Trinitaria,,,REG,MORENA,8,SARA HERNANDEZ AGUILAR,2,,MORENA
,7,CHIAPAS,,,99,La Trinitaria,,,REG,MORENA,9,ROQUE TOMAS TOMAS,1,,MORENA
,7,CHIAPAS,,,99,La Trinitaria,,,REG,MORENA,10,ROSA JANETH HERNANDEZ GARCIA,2,,MORENA
,7,CHIAPAS,,,100,Tumbalá,,,AYUN,PVEM,1,HEIDY MAYRA VAZQUEZ ARCOS,2,,PVEM
,7,CHIAPAS,,,100,Tumbalá,,,SIND,PVEM,2,AGUSTIN LOPEZ PEÑATE,1,,PVEM
,7,CHIAPAS,,,100,Tumbalá,,,REG,PVEM,3,MARISOL ARCOS VAZQUEZ,2,,PVEM
,7,CHIAPAS,,,100,Tumbalá,,,REG,PVEM,4,DIEGO DIAZ SANCHEZ,1,,PVEM
,7,CHIAPAS,,,100,Tumbalá,,,REG,PVEM,5,LORENA AVENDAÑO MONTEJO,2,,PVEM
,7,CHIAPAS,,,100,Tumbalá,,,REG,PVEM,6,SEBASTIAN DIAZ VELASCO,1,,PVEM
,7,CHIAPAS,,,100,Tumbalá,,,REG,PVEM,7,BARBARA ALVARO MENESES,2,,PVEM
,7,CHIAPAS,,,100,Tumbalá,,,REG,PVEM,8,JOSE VELASCO SANCHEZ,1,,PVEM
,7,CHIAPAS,,,100,Tumbalá,,,REG,PVEM,9,ZENAIDA VAZQUEZ CASTELLANOS,2,,PVEM
,7,CHIAPAS,,,100,Tumbalá,,,REG,PVEM,10,MARIO ALVARO JIMENEZ,1,,PVEM
,7,CHIAPAS,,,101,Tuxtla Chico,,,AYUN,PAN_PRI_PRD,1,JULIO ENRIQUE GAMBOA ALTUZAR,1,,PAN_PRI_PRD
,7,CHIAPAS,,,101,Tuxtla Chico,,,SIND,PAN_PRI_PRD,2,REYNA IRASEMA CHAVEZ ESPINOZA,2,,PAN_PRI_PRD
,7,CHIAPAS,,,101,Tuxtla Chico,,,REG,PAN_PRI_PRD,3,LUPERCIO MENDEZ TINO,1,,PAN_PRI_PRD
,7,CHIAPAS,,,101,Tuxtla Chico,,,REG,PAN_PRI_PRD,4,ADALI HERRERA MENDEZ,2,,PAN_PRI_PRD
,7,CHIAPAS,,,101,Tuxtla Chico,,,REG,PAN_PRI_PRD,5,JORGE IVAN ESPINOZA CARREON,1,,PAN_PRI_PRD
,7,CHIAPAS,,,101,Tuxtla Chico,,,REG,PAN_PRI_PRD,6,CONCEPCION ARREVILLAGA GUZMAN,2,,PAN_PRI_PRD
,7,CHIAPAS,,,101,Tuxtla Chico,,,REG,PAN_PRI_PRD,7,ELMER RAMIREZ GARCIA,1,,PAN_PRI_PRD
,7,CHIAPAS,,,101,Tuxtla Chico,,,REG,PAN_PRI_PRD,8,SANDRA LUZ BECERRA FRANCO,2,,PAN_PRI_PRD
,7,CHIAPAS,,,101,Tuxtla Chico,,,REG,PAN_PRI_PRD,9,JORGE ALONSO RECINOS ARREVILLAGA,1,,PAN_PRI_PRD
,7,CHIAPAS,,,101,Tuxtla Chico,,,REG,PAN_PRI_PRD,10,ADELA ESPERANZA DE LEON ARREAGA,2,,PAN_PRI_PRD
,7,CHIAPAS,,,102,Tuxtla Gutiérrez,,,AYUN,MORENA,1,CARLOS ORSOE MORALES VAZQUEZ,1,,MORENA
,7,CHIAPAS,,,102,Tuxtla Gutiérrez,,,SIND,MORENA,2,MARIA DE LOS ANGELES SUAREZ DOMINGUEZ,2,,MORENA
,7,CHIAPAS,,,102,Tuxtla Gutiérrez,,,REG,MORENA,3,JOSE RANULFO ESQUINCA KOBEH,1,,MORENA
,7,CHIAPAS,,,102,Tuxtla Gutiérrez,,,REG,MORENA,4,MARCELA CASTILLO ATRISTAIN,2,,MORENA
,7,CHIAPAS,,,102,Tuxtla Gutiérrez,,,REG,MORENA,5,WILLIAM ALEXIS VELAZQUEZ CRUZ,1,,MORENA
,7,CHIAPAS,,,102,Tuxtla Gutiérrez,,,REG,MORENA,6,JARY VANESSA PEÑA QUAN,2,,MORENA
,7,CHIAPAS,,,102,Tuxtla Gutiérrez,,,REG,MORENA,7,RAMON SALVATORE COSTANZO CEBALLOS,1,,MORENA
,7,CHIAPAS,,,102,Tuxtla Gutiérrez,,,REG,MORENA,8,KAREM LEVIT MAGARIÑO PARDO,2,,MORENA
,7,CHIAPAS,,,102,Tuxtla Gutiérrez,,,REG,MORENA,9,MIGUEL ANGEL ZARATE IZQUIERDO,1,,MORENA
,7,CHIAPAS,,,102,Tuxtla Gutiérrez,,,REG,MORENA,10,CLARA ESTELA FLORES CALVO,2,,MORENA
,7,CHIAPAS,,,102,Tuxtla Gutiérrez,,,REG,MORENA,11,ISAAC CABRERA GUERRERO,1,,MORENA
,7,CHIAPAS,,,102,Tuxtla Gutiérrez,,,REG,MORENA,12,DIANA LIZBETH JIMENEZ HERNANDEZ,2,,MORENA
,7,CHIAPAS,,,103,Tuzantán,,,AYUN,PT,1,BANY OVED GUZMAN RAMOS,1,,PT
,7,CHIAPAS,,,103,Tuzantán,,,SIND,PT,2,YUVIHILDA TOVILLA LOPEZ,2,,PT
,7,CHIAPAS,,,103,Tuzantán,,,REG,PT,3,DAVID TRUJILLO GOMEZ,1,,PT
,7,CHIAPAS,,,103,Tuzantán,,,REG,PT,4,ANDREA JAMILETH BORRALLES HERNANDEZ,2,,PT
,7,CHIAPAS,,,103,Tuzantán,,,REG,PT,5,PAULINO MORENO ESPINOZA,1,,PT
,7,CHIAPAS,,,103,Tuzantán,,,REG,PT,6,ISAURA MARROQUIN MALDONADO,2,,PT
,7,CHIAPAS,,,103,Tuzantán,,,REG,PT,7,FELIPE SALAS GOMEZ,1,,PT
,7,CHIAPAS,,,103,Tuzantán,,,REG,PT,8,MONICA LOPEZ DE LEON,2,,PT
,7,CHIAPAS,,,103,Tuzantán,,,REG,PT,9,EDGARDO ORDOÑEZ DE LEON,1,,PT
,7,CHIAPAS,,,103,Tuzantán,,,REG,PT,10,AZUCENA FABIOLA MEJIA DE LEON,2,,PT
,7,CHIAPAS,,,104,Tzimol,,,AYUN,PVEM,1,JOSE JOEL ALTUZAR JIMENEZ,1,,PVEM
,7,CHIAPAS,,,104,Tzimol,,,SIND,PVEM,2,TERESA DE JESUS GORDILLO RODRIGUEZ,2,,PVEM
,7,CHIAPAS,,,104,Tzimol,,,REG,PVEM,3,JOSE ALFREDO MALDONADO DOMINGUEZ,1,,PVEM
,7,CHIAPAS,,,104,Tzimol,,,REG,PVEM,4,MARIA ANTONIETA GORDILLO RUIZ,2,,PVEM
,7,CHIAPAS,,,104,Tzimol,,,REG,PVEM,5,JOSE MIGUEL LOPEZ CAMACHO,1,,PVEM
,7,CHIAPAS,,,104,Tzimol,,,REG,PVEM,6,LETICIA GUADALUPE FUENTES GORDILLO,2,,PVEM
,7,CHIAPAS,,,104,Tzimol,,,REG,PVEM,7,NOE MARTIN GORDILLO PINTO,1,,PVEM
,7,CHIAPAS,,,104,Tzimol,,,REG,PVEM,8,CRUZ DEL ROSARIO LOPEZ LOPEZ,2,,PVEM
,7,CHIAPAS,,,104,Tzimol,,,REG,PVEM,9,ENOCH MIGUEL PEREZ LOPEZ,1,,PVEM
,7,CHIAPAS,,,104,Tzimol,,,REG,PVEM,10,ANA SILVIA LOPEZ MORA,2,,PVEM
,7,CHIAPAS,,,105,Unión Juárez,,,AYUN,MORENA,1,ISAIAS VERDUGO ROBLERO,1,,MORENA
,7,CHIAPAS,,,105,Unión Juárez,,,SIND,MORENA,2,LUDI ROBLERO PEREZ,2,,MORENA
,7,CHIAPAS,,,105,Unión Juárez,,,REG,MORENA,3,RIGOBERTO CANDIDO DE LEON VELAZQUEZ,1,,MORENA
,7,CHIAPAS,,,105,Unión Juárez,,,REG,MORENA,4,ISABEL REINA MORALES MACARIO,2,,MORENA
,7,CHIAPAS,,,105,Unión Juárez,,,REG,MORENA,5,KOBY BRAYAM LOPEZ PEREZ,1,,MORENA
,7,CHIAPAS,,,105,Unión Juárez,,,REG,MORENA,6,ALONDRA NOEMI PEREZ GUZMAN,2,,MORENA
,7,CHIAPAS,,,105,Unión Juárez,,,REG,MORENA,7,JOSE LUIS RAMIREZ MORALES,1,,MORENA
,7,CHIAPAS,,,105,Unión Juárez,,,REG,MORENA,8,BIANCA VANESSA LOPEZ ROBLERO,2,,MORENA
,7,CHIAPAS,,,105,Unión Juárez,,,REG,MORENA,9,DIDIER JOVANY MORALES PEREZ,1,,MORENA
,7,CHIAPAS,,,105,Unión Juárez,,,REG,MORENA,10,BRENDA ROSARIO DIAZ LOPEZ,2,,MORENA
,7,CHIAPAS,,,107,Villacomaltitlán,,,AYUN,PVEM,1,MANUEL DE JESUS CRUZ COUTIÑO,1,,PVEM
,7,CHIAPAS,,,107,Villacomaltitlán,,,SIND,PVEM,2,CARLOTA MOGUEL MARTINEZ,2,,PVEM
,7,CHIAPAS,,,107,Villacomaltitlán,,,REG,PVEM,3,GABRIEL MATIAS GUTIERREZ,1,,PVEM
,7,CHIAPAS,,,107,Villacomaltitlán,,,REG,PVEM,4,VERONICA ZELADA CASTILLO,2,,PVEM
,7,CHIAPAS,,,107,Villacomaltitlán,,,REG,PVEM,5,RODOLFO REYES CHACON,1,,PVEM
,7,CHIAPAS,,,107,Villacomaltitlán,,,REG,PVEM,6,JOCELYNE MONSERRAT HERNANDEZ CHAVEZ,2,,PVEM
,7,CHIAPAS,,,107,Villacomaltitlán,,,REG,PVEM,7,REY ENRIQUE REYES HIRAYAMA,1,,PVEM
,7,CHIAPAS,,,107,Villacomaltitlán,,,REG,PVEM,8,ITANDEHUI NAVARRO MARTINEZ,2,,PVEM
,7,CHIAPAS,,,107,Villacomaltitlán,,,REG,PVEM,9,AGUSTIN ROBLERO DIAZ,1,,PVEM
,7,CHIAPAS,,,107,Villacomaltitlán,,,REG,PVEM,10,EDITH MEJIA MENDEZ,2,,PVEM
,7,CHIAPAS,,,108,Villa Corzo,,,AYUN,PVEM,1,ROBERTONY OROZCO AGUILAR,1,,PVEM
,7,CHIAPAS,,,108,Villa Corzo,,,SIND,PVEM,2,ROSARIO GUADALUPE PEREZ ESPINOSA,2,,PVEM
,7,CHIAPAS,,,108,Villa Corzo,,,REG,PVEM,3,JORGE LUIS MADARIAGA MORALES,1,,PVEM
,7,CHIAPAS,,,108,Villa Corzo,,,REG,PVEM,4,ELSA RUIZ AYANEY,2,,PVEM
,7,CHIAPAS,,,108,Villa Corzo,,,REG,PVEM,5,EDIER RALDA FARRERA,1,,PVEM
,7,CHIAPAS,,,108,Villa Corzo,,,REG,PVEM,6,AIMARA ITZMUCANE RAMIREZ FERNANDEZ,2,,PVEM
,7,CHIAPAS,,,108,Villa Corzo,,,REG,PVEM,7,JOSE MARGAY COUTIÑO LOPEZ,1,,PVEM
,7,CHIAPAS,,,108,Villa Corzo,,,REG,PVEM,8,DORY JOSEFA BELTRAN SANDOVAL,2,,PVEM
,7,CHIAPAS,,,108,Villa Corzo,,,REG,PVEM,9,RICARDO DIAZ GRAJALES,1,,PVEM
,7,CHIAPAS,,,108,Villa Corzo,,,REG,PVEM,10,MIRNA ABARCA PERIANZA,2,,PVEM
,7,CHIAPAS,,,109,Villaflores,,,AYUN,PVEM,1,MARIANO GUADALUPE ROSALES ZUART,1,,PVEM
,7,CHIAPAS,,,109,Villaflores,,,SIND,PVEM,2,IRMA RUTH MOLINA SALAS,2,,PVEM
,7,CHIAPAS,,,109,Villaflores,,,REG,PVEM,3,CARLOS MARIO MARTINEZ DEL SOLAR,1,,PVEM
,7,CHIAPAS,,,109,Villaflores,,,REG,PVEM,4,LISETH PEREZ AGUILAR,2,,PVEM
,7,CHIAPAS,,,109,Villaflores,,,REG,PVEM,5,ROGER DE COSS CONDE,1,,PVEM
,7,CHIAPAS,,,109,Villaflores,,,REG,PVEM,6,AMPARO MARTINEZ LARA,2,,PVEM
,7,CHIAPAS,,,109,Villaflores,,,REG,PVEM,7,ERNESTO CHACON AVENDAÑO,1,,PVEM
,7,CHIAPAS,,,109,Villaflores,,,REG,PVEM,8,CAROLINA GUADALUPE ROJAS MONTERO,2,,PVEM
,7,CHIAPAS,,,109,Villaflores,,,REG,PVEM,9,LUIS ERNESTO GOMEZ ALFARO,1,,PVEM
,7,CHIAPAS,,,109,Villaflores,,,REG,PVEM,10,LARISSA ARGUELLO RODRIGUEZ,2,,PVEM
,7,CHIAPAS,,,109,Villaflores,,,REG,PVEM,11,ANGEL DE JESUS FLORES CHAVEZ,1,,PVEM
,7,CHIAPAS,,,109,Villaflores,,,REG,PVEM,12,MADABY RODRIGUEZ COUTIÑO,2,,PVEM
,7,CHIAPAS,,,110,Yajalón,,,AYUN,PVEM,1,JUAN MANUEL UTRILLA CONSTANTINO,1,,PVEM
,7,CHIAPAS,,,110,Yajalón,,,SIND,PVEM,2,CLAUDIA BEATRIZ CONSTANTINO SANTIAGO,2,,PVEM
,7,CHIAPAS,,,110,Yajalón,,,REG,PVEM,3,JORGE LUIS HERNANDEZ VAZQUEZ,1,,PVEM
,7,CHIAPAS,,,110,Yajalón,,,REG,PVEM,4,GLORIA DE JESUS ASTUDILLO MARTINEZ,2,,PVEM
,7,CHIAPAS,,,110,Yajalón,,,REG,PVEM,5,JORGE LUIS GOMEZ LOPEZ,1,,PVEM
,7,CHIAPAS,,,110,Yajalón,,,REG,PVEM,6,ALEJANDRA ELIZABETH CONSTANTINO ZAVALETA,2,,PVEM
,7,CHIAPAS,,,110,Yajalón,,,REG,PVEM,7,JUAN ARCOS VELASQUEZ,1,,PVEM
,7,CHIAPAS,,,110,Yajalón,,,REG,PVEM,8,ROSSANA YESSENIA MARTINEZ SPECTER,2,,PVEM
,7,CHIAPAS,,,110,Yajalón,,,REG,PVEM,9,OSCAR DE JESUS GONZALEZ LOPEZ,1,,PVEM
,7,CHIAPAS,,,110,Yajalón,,,REG,PVEM,10,GEORGINA IRANSUE LOPEZ GONZALEZ,2,,PVEM
,7,CHIAPAS,,,111,Zinacantán,,,AYUN,PRI,1,MARIANO FRANCISCO SANCHEZ HERNANDEZ,1,,PRI
,7,CHIAPAS,,,111,Zinacantán,,,SIND,PRI,2,PETRONA VAZQUEZ PEREZ,2,,PRI
,7,CHIAPAS,,,111,Zinacantán,,,REG,PRI,3,JUAN RUIZ HERNANDEZ,1,,PRI
,7,CHIAPAS,,,111,Zinacantán,,,REG,PRI,4,BLANCA NELDA ROBLERO VELASQUEZ,2,,PRI
,7,CHIAPAS,,,111,Zinacantán,,,REG,PRI,5,ANDRES ABELINO HERNANDEZ HERNANDEZ,1,,PRI
,7,CHIAPAS,,,111,Zinacantán,,,REG,PRI,6,JULIA PEREZ VAZQUEZ,2,,PRI
,7,CHIAPAS,,,111,Zinacantán,,,REG,PRI,7,JUAN HERNANDEZ PEREZ,1,,PRI
,7,CHIAPAS,,,111,Zinacantán,,,REG,PRI,8,JUANA HERNANDEZ JIMENEZ,2,,PRI
,7,CHIAPAS,,,111,Zinacantán,,,REG,PRI,9,SEBASTIAN GOMEZ GOMEZ,1,,PRI
,7,CHIAPAS,,,111,Zinacantán,,,REG,PRI,10,MARIA PEREZ GONZALEZ,2,,PRI
,7,CHIAPAS,,,112,Aldama,,,AYUN,PVEM,1,ANGELINA DIAZ MENDEZ,2,,PVEM
,7,CHIAPAS,,,112,Aldama,,,SIND,PVEM,2,GILBERTO LOPEZ LUNEZ,1,,PVEM
,7,CHIAPAS,,,112,Aldama,,,REG,PVEM,3,AUDELIA HERNANDEZ HERNANDEZ,2,,PVEM
,7,CHIAPAS,,,112,Aldama,,,REG,PVEM,4,ALONSO PEREZ SANTIZ,1,,PVEM
,7,CHIAPAS,,,112,Aldama,,,REG,PVEM,5,MARIA HERNANDEZ JIMENEZ,2,,PVEM
,7,CHIAPAS,,,112,Aldama,,,REG,PVEM,6,LORENZO LUNEZ JIMENEZ,1,,PVEM
,7,CHIAPAS,,,112,Aldama,,,REG,PVEM,7,MARTA SANTIZ JIMENEZ,2,,PVEM
,7,CHIAPAS,,,112,Aldama,,,REG,PVEM,8,MELCHOR SANTIZ JIMENEZ,1,,PVEM
,7,CHIAPAS,,,113,Benemérito de las Américas,,,AYUN,PT,1,ISAIAS TOMAS SORIANO RAMOS,1,,PT
,7,CHIAPAS,,,113,Benemérito de las Américas,,,SIND,PT,2,SELINA MENDEZ NOYOLA,2,,PT
,7,CHIAPAS,,,113,Benemérito de las Américas,,,REG,PT,3,CARLOS MARIO RAMOS MIJANGOS,1,,PT
,7,CHIAPAS,,,113,Benemérito de las Américas,,,REG,PT,4,MARIA ESTRADA RIVERA,2,,PT
,7,CHIAPAS,,,113,Benemérito de las Américas,,,REG,PT,5,ISACC VAZQUEZ HERNANDEZ,1,,PT
,7,CHIAPAS,,,113,Benemérito de las Américas,,,REG,PT,6,YESICA HERNANDEZ CRUZ,2,,PT
,7,CHIAPAS,,,113,Benemérito de las Américas,,,REG,PT,7,ABEL PEREZ PEREZ,1,,PT
,7,CHIAPAS,,,113,Benemérito de las Américas,,,REG,PT,8,DENISSE HERNANDEZ CARREGGIO,2,,PT
,7,CHIAPAS,,,113,Benemérito de las Américas,,,REG,PT,9,NOEL CRUZ VELASCO,1,,PT
,7,CHIAPAS,,,113,Benemérito de las Américas,,,REG,PT,10,MARIANA GUZMAN MENDEZ,2,,PT
,7,CHIAPAS,,,114,Maravilla Tenejapa,,,AYUN,PCHU,1,ZOEL LOPEZ GUTIERREZ,1,,PCHU
,7,CHIAPAS,,,114,Maravilla Tenejapa,,,SIND,PCHU,2,CARMEN HERNANDEZ CANO,2,,PCHU
,7,CHIAPAS,,,114,Maravilla Tenejapa,,,REG,PCHU,3,FERNANDO ESTEBAN PEREZ,1,,PCHU
,7,CHIAPAS,,,114,Maravilla Tenejapa,,,REG,PCHU,4,CAMELIA SOLIS SOLORZANO,2,,PCHU
,7,CHIAPAS,,,114,Maravilla Tenejapa,,,REG,PCHU,5,FLORIBERTO ROSAEL VELAZQUEZ PEREZ,1,,PCHU
,7,CHIAPAS,,,114,Maravilla Tenejapa,,,REG,PCHU,6,DALILA GIRON LOPEZ,2,,PCHU
,7,CHIAPAS,,,114,Maravilla Tenejapa,,,REG,PCHU,7,JOEL GONZALEZ VAZQUEZ,1,,PCHU
,7,CHIAPAS,,,114,Maravilla Tenejapa,,,REG,PCHU,8,FABIOLA LOPEZ PEREZ,2,,PCHU
,7,CHIAPAS,,,115,Marqués de Comillas,,,AYUN,PT,1,MANUEL JUSTO GOMEZ BELTRAN,1,,PT
,7,CHIAPAS,,,115,Marqués de Comillas,,,SIND,PT,2,JULIA GOMEZ MENDEZ,2,,PT
,7,CHIAPAS,,,115,Marqués de Comillas,,,REG,PT,3,ANTONIO MARTINEZ PEREZ,1,,PT
,7,CHIAPAS,,,115,Marqués de Comillas,,,REG,PT,4,MARISSA JIMENEZ GONZALEZ,2,,PT
,7,CHIAPAS,,,115,Marqués de Comillas,,,REG,PT,5,ALVARO HERNANDEZ AVENDAÑO,1,,PT
,7,CHIAPAS,,,115,Marqués de Comillas,,,REG,PT,6,MARIELA ALVARO LOPEZ,2,,PT
,7,CHIAPAS,,,115,Marqués de Comillas,,,REG,PT,7,ALFREDO CRUZ ALVARO,1,,PT
,7,CHIAPAS,,,115,Marqués de Comillas,,,REG,PT,8,LUZ CLARITA TREVIÑO GOMEZ,2,,PT
,7,CHIAPAS,,,116,Montecristo de Guerrero,,,AYUN,MORENA,1,CONSUELO YOLANDA ALVARADO GORDILLO,2,,MORENA
,7,CHIAPAS,,,116,Montecristo de Guerrero,,,SIND,MORENA,2,TRANCITO RODRIGUEZ ROBLERO,1,,MORENA
,7,CHIAPAS,,,116,Montecristo de Guerrero,,,REG,MORENA,3,CARLA ANALI MORALES PEREZ,2,,MORENA
,7,CHIAPAS,,,116,Montecristo de Guerrero,,,REG,MORENA,4,MAGIN FLORES DIAZ,1,,MORENA
,7,CHIAPAS,,,116,Montecristo de Guerrero,,,REG,MORENA,5,MARIA VICTORIA ROBLERO VALENCIA,2,,MORENA
,7,CHIAPAS,,,116,Montecristo de Guerrero,,,REG,MORENA,6,OSWALD RONEY LOPEZ SANCHEZ,1,,MORENA
,7,CHIAPAS,,,116,Montecristo de Guerrero,,,REG,MORENA,7,PETRA MORALES GALVEZ,2,,MORENA
,7,CHIAPAS,,,116,Montecristo de Guerrero,,,REG,MORENA,8,ELESVAN GORDILLO RAMIREZ,1,,MORENA
,7,CHIAPAS,,,117,San Andrés Duraznal,,,AYUN,PMCH,1,CLEMENTE GOMEZ GOMEZ,1,,PMCH
,7,CHIAPAS,,,117,San Andrés Duraznal,,,SIND,PMCH,2,MAGDALI RUIZ GONZALEZ,2,,PMCH
,7,CHIAPAS,,,117,San Andrés Duraznal,,,REG,PMCH,3,BENITO HERNANDEZ RUIZ,1,,PMCH
,7,CHIAPAS,,,117,San Andrés Duraznal,,,REG,PMCH,4,DOMITILA LOPEZ DIAZ,2,,PMCH
,7,CHIAPAS,,,117,San Andrés Duraznal,,,REG,PMCH,5,SOTERO MENDEZ MORENO,1,,PMCH
,7,CHIAPAS,,,117,San Andrés Duraznal,,,REG,PMCH,6,MARIA DIAZ LOPEZ,2,,PMCH
,7,CHIAPAS,,,117,San Andrés Duraznal,,,REG,PMCH,7,ISABEL LOPEZ PEREZ,1,,PMCH
,7,CHIAPAS,,,117,San Andrés Duraznal,,,REG,PMCH,10,MARIA TERATOL LOPEZ,2,,PMCH
,7,CHIAPAS,,,118,Santiago el Pinar,,,AYUN,PVEM,1,ROSA DIAZ MENDEZ,2,,PVEM
,7,CHIAPAS,,,118,Santiago el Pinar,,,SIND,PVEM,2,FELICIANO LOPEZ GOMEZ,1,,PVEM
,7,CHIAPAS,,,118,Santiago el Pinar,,,REG,PVEM,3,JUANA LOPEZ DIAZ,2,,PVEM
,7,CHIAPAS,,,118,Santiago el Pinar,,,REG,PVEM,4,AGUSTIN LOPEZ PEREZ,1,,PVEM
,7,CHIAPAS,,,118,Santiago el Pinar,,,REG,PVEM,5,CATARINA GOMEZ GOMEZ,2,,PVEM
,7,CHIAPAS,,,118,Santiago el Pinar,,,REG,PVEM,6,BARTOLO GOMEZ DE LA CRUZ,1,,PVEM
,7,CHIAPAS,,,118,Santiago el Pinar,,,REG,PVEM,7,ANDREA SANTIZ SANTIZ,2,,PVEM
,7,CHIAPAS,,,118,Santiago el Pinar,,,REG,PVEM,8,ISIDRO LOPEZ GOMEZ,1,,PVEM
,7,CHIAPAS,,,119,Capitán Luis Angel Vidal,,,AYUN,MORENA,1,MONICA SOFIA CORDOVA ROBLERO,2,,MORENA
,7,CHIAPAS,,,119,Capitán Luis Angel Vidal,,,SIND,MORENA,2,HERNAN FIGUEROA PEREZ,1,,MORENA
,7,CHIAPAS,,,119,Capitán Luis Angel Vidal,,,REG,MORENA,3,BEATRIZ ROBLERO GERONIMO,2,,MORENA
,7,CHIAPAS,,,119,Capitán Luis Angel Vidal,,,REG,MORENA,4,LUCAS MORALES CRUZ,1,,MORENA
,7,CHIAPAS,,,119,Capitán Luis Angel Vidal,,,REG,MORENA,5,NASHELLI CORAZON GONZALEZ LOPEZ,2,,MORENA
,7,CHIAPAS,,,119,Capitán Luis Angel Vidal,,,REG,MORENA,6,LAUREANO BARRIOS ROBLERO,1,,MORENA
,7,CHIAPAS,,,119,Capitán Luis Angel Vidal,,,REG,MORENA,7,ONEIDA ELIZETH PEREZ SALAS,2,,MORENA
,7,CHIAPAS,,,119,Capitán Luis Angel Vidal,,,REG,MORENA,8,HERMINIO ROBLERO VAZQUEZ,1,,MORENA
,7,CHIAPAS,,,120,Rincón Chamula San Pedro,,,AYUN,PCHU,1,PEDRO BAUTISTA AGUILAR,1,,PCHU
,7,CHIAPAS,,,120,Rincón Chamula San Pedro,,,SIND,PCHU,2,VIRGINIA LOPEZ LOPEZ,2,,PCHU
,7,CHIAPAS,,,120,Rincón Chamula San Pedro,,,REG,PCHU,3,HUGO GOMEZ DIAZ,1,,PCHU
,7,CHIAPAS,,,120,Rincón Chamula San Pedro,,,REG,PCHU,4,MARIA LUISA BAUTISTA BAUTISTA,2,,PCHU
,7,CHIAPAS,,,120,Rincón Chamula San Pedro,,,REG,PCHU,5,GUILLERMO AGUILAR HERNANDEZ,1,,PCHU
,7,CHIAPAS,,,120,Rincón Chamula San Pedro,,,REG,PCHU,6,MANUELA SANCHEZ LOPEZ,2,,PCHU
,7,CHIAPAS,,,120,Rincón Chamula San Pedro,,,REG,PCHU,7,JUAN RUIZ ROJAS,1,,PCHU
,7,CHIAPAS,,,120,Rincón Chamula San Pedro,,,REG,PCHU,8,MANUELA SANCHEZ GOMEZ,2,,PCHU
,7,CHIAPAS,,,123,Mezcalapa,,,AYUN,RSP,1,JOSE TILO ALCUDIA HERNANDEZ,1,,RSP
,7,CHIAPAS,,,123,Mezcalapa,,,SIND,RSP,2,DEYSY DEL CARMEN RINCON DIAZ,2,,RSP
,7,CHIAPAS,,,123,Mezcalapa,,,REG,RSP,3,MARCELO CALDERON SOTELO,1,,RSP
,7,CHIAPAS,,,123,Mezcalapa,,,REG,RSP,4,ELVIRA DEL CARMEN BONILLA LONGINES,2,,RSP
,7,CHIAPAS,,,123,Mezcalapa,,,REG,RSP,5,JUAN VICENTE PALACIOS,1,,RSP
,7,CHIAPAS,,,123,Mezcalapa,,,REG,RSP,6,PATRICIA HERNANDEZ SANCHEZ,2,,RSP
,7,CHIAPAS,,,123,Mezcalapa,,,REG,RSP,7,HAROLDO VAZQUEZ CRUZ,1,,RSP
,7,CHIAPAS,,,123,Mezcalapa,,,REG,RSP,8,YAMILEE DONAJI SANCHEZ RAMIREZ,2,,RSP
,7,CHIAPAS,,,123,Mezcalapa,,,REG,RSP,9,FIDEL ADRIAN HERNANDEZ VAZQUEZ,1,,RSP
,7,CHIAPAS,,,123,Mezcalapa,,,REG,RSP,10,ABIGAIL BARRAGAN GOMEZ,2,,RSP
,7,CHIAPAS,1,TUXTLA GUTIÉRREZ,,,,,DIP_LOC_MR,PT_PVEM_PCHU_MORENA_PMCH,1,FELIPE DE JESUS GRANDA PASTRANA,1,,PT_PVEM_PCHU_MORENA_PMCH
,7,CHIAPAS,1,TUXTLA GUTIÉRREZ,,,,,DIP_LOC_MR,PT_PVEM_PCHU_MORENA_PMCH,2,ALBERTO CUNDAPI NUÑEZ,1,,PT_PVEM_PCHU_MORENA_PMCH
,7,CHIAPAS,2,TUXTLA GUTIÉRREZ,,,,,DIP_LOC_MR,PT_PVEM_PCHU_MORENA_PMCH,1,FLOR DE MARIA ESPONDA TORRES,2,,PT_PVEM_PCHU_MORENA_PMCH
,7,CHIAPAS,2,TUXTLA GUTIÉRREZ,,,,,DIP_LOC_MR,PT_PVEM_PCHU_MORENA_PMCH,2,YONALLI HERNANDEZ AVILA,2,,PT_PVEM_PCHU_MORENA_PMCH
,7,CHIAPAS,3,CHIAPA DE CORZO,,,,,DIP_LOC_MR,PT_PVEM_PCHU_MORENA_PMCH,1,MARTHA VERONICA ALCAZAR CORDERO,2,,PT_PVEM_PCHU_MORENA_PMCH
,7,CHIAPAS,3,CHIAPA DE CORZO,,,,,DIP_LOC_MR,PT_PVEM_PCHU_MORENA_PMCH,2,ROSAURA ELIZABETH HERRERA AVENDAÑO,2,,PT_PVEM_PCHU_MORENA_PMCH
,7,CHIAPAS,4,YAJALÓN,,,,,DIP_LOC_MR,PT_PVEM_PCHU_MORENA_PMCH,1,JORGE MANUEL PULIDO LOPEZ,1,,PT_PVEM_PCHU_MORENA_PMCH
,7,CHIAPAS,4,YAJALÓN,,,,,DIP_LOC_MR,PT_PVEM_PCHU_MORENA_PMCH,2,SERGIO DAVID MOLINA GOMEZ,1,,PT_PVEM_PCHU_MORENA_PMCH
,7,CHIAPAS,5,SAN CRISTÓBAL DE LAS CASAS,,,,,DIP_LOC_MR,MORENA,1,FABIOLA RICCI DIESTEL,2,,MORENA
,7,CHIAPAS,5,SAN CRISTÓBAL DE LAS CASAS,,,,,DIP_LOC_MR,MORENA,2,OTILA CANDELARIA ALBORES ORANTES,2,,MORENA
,7,CHIAPAS,6,COMITÁN DE DOMÍNGUEZ,,,,,DIP_LOC_MR,PT_PVEM_PCHU_MORENA_PMCH,1,MARIA ROSELIA JIMENEZ PEREZ,2,,PT_PVEM_PCHU_MORENA_PMCH
,7,CHIAPAS,6,COMITÁN DE DOMÍNGUEZ,,,,,DIP_LOC_MR,PT_PVEM_PCHU_MORENA_PMCH,2,ANDREA YAZMIN MORALES MORALES,2,,PT_PVEM_PCHU_MORENA_PMCH
,7,CHIAPAS,7,OCOSINGO,,,,,DIP_LOC_MR,PT_PVEM_PCHU_MORENA_PMCH,1,MARIA DE LOS ANGELES TREJO HUERTA,2,,PT_PVEM_PCHU_MORENA_PMCH
,7,CHIAPAS,7,OCOSINGO,,,,,DIP_LOC_MR,PT_PVEM_PCHU_MORENA_PMCH,2,FLOR CATALINA CANCINO NAJERA,2,,PT_PVEM_PCHU_MORENA_PMCH
,7,CHIAPAS,8,SIMOJOVEL,,,,,DIP_LOC_MR,PT_PVEM_PCHU_MORENA_PMCH,1,MARTHA GUADALUPE MARTINEZ RUIZ,2,,PT_PVEM_PCHU_MORENA_PMCH
,7,CHIAPAS,8,SIMOJOVEL,,,,,DIP_LOC_MR,PT_PVEM_PCHU_MORENA_PMCH,2,OLGA MABEL LOPEZ PEREZ,2,,PT_PVEM_PCHU_MORENA_PMCH
,7,CHIAPAS,9,PALENQUE,,,,,DIP_LOC_MR,PT_PVEM_PCHU_MORENA_PMCH,1,CARLOS MORELOS RODRIGUEZ,1,,PT_PVEM_PCHU_MORENA_PMCH
,7,CHIAPAS,9,PALENQUE,,,,,DIP_LOC_MR,PT_PVEM_PCHU_MORENA_PMCH,2,ANDRES MISAEL CHAN LOPEZ,1,,PT_PVEM_PCHU_MORENA_PMCH
,7,CHIAPAS,10,FRONTERA COMLAPA,,,,,DIP_LOC_MR,PT_PVEM_PCHU_MORENA_PMCH,1,JOSE ANTONIO AGUILAR MEZA,1,,PT_PVEM_PCHU_MORENA_PMCH
,7,CHIAPAS,10,FRONTERA COMLAPA,,,,,DIP_LOC_MR,PT_PVEM_PCHU_MORENA_PMCH,2,LUIS ALBERTO VALDEZ DIAZ,1,,PT_PVEM_PCHU_MORENA_PMCH
,7,CHIAPAS,11,BOCHIL,,,,,DIP_LOC_MR,PT_PVEM_PCHU_MORENA_PMCH,1,KARINA MARGARITA DEL RIO ZENTENO,2,,PT_PVEM_PCHU_MORENA_PMCH
,7,CHIAPAS,11,BOCHIL,,,,,DIP_LOC_MR,PT_PVEM_PCHU_MORENA_PMCH,2,ERIKA ASUNCION MUÑOZ NUÑEZ,2,,PT_PVEM_PCHU_MORENA_PMCH
,7,CHIAPAS,12,PICHUCALCO,,,,,DIP_LOC_MR,PT_PVEM_PCHU_MORENA_PMCH,1,AGUSTIN RUIZ MENDOZA,1,,PT_PVEM_PCHU_MORENA_PMCH
,7,CHIAPAS,12,PICHUCALCO,,,,,DIP_LOC_MR,PT_PVEM_PCHU_MORENA_PMCH,2,RODOLFO MARTINEZ MORALES,1,,PT_PVEM_PCHU_MORENA_PMCH
,7,CHIAPAS,13,TUXTLA GUTIÉRREZ,,,,,DIP_LOC_MR,PT_PVEM_PCHU_MORENA_PMCH,1,PAOLA VILLAMONTE PEREZ,2,,PT_PVEM_PCHU_MORENA_PMCH
,7,CHIAPAS,13,TUXTLA GUTIÉRREZ,,,,,DIP_LOC_MR,PT_PVEM_PCHU_MORENA_PMCH,2,MARIA DE LA LUZ COUTIÑO PEÑA,2,,PT_PVEM_PCHU_MORENA_PMCH
,7,CHIAPAS,14,CINTALAPA,,,,,DIP_LOC_MR,PT_PVEM_PCHU_MORENA_PMCH,1,ZOILY LINALOE ESPERANZA NANGO MOLINA,2,,PT_PVEM_PCHU_MORENA_PMCH
,7,CHIAPAS,14,CINTALAPA,,,,,DIP_LOC_MR,PT_PVEM_PCHU_MORENA_PMCH,2,MARIA GUADALUPE TOLEDO COUTIÑO,2,,PT_PVEM_PCHU_MORENA_PMCH
,7,CHIAPAS,15,VILLAFLORES,,,,,DIP_LOC_MR,PT_PVEM_PCHU_MORENA_PMCH,1,MARIA REYES DIEGO GOMEZ,2,,PT_PVEM_PCHU_MORENA_PMCH
,7,CHIAPAS,15,VILLAFLORES,,,,,DIP_LOC_MR,PT_PVEM_PCHU_MORENA_PMCH,2,ALONDRA GETZEMANI NUCAMENDI RUIZ,2,,PT_PVEM_PCHU_MORENA_PMCH
,7,CHIAPAS,16,HUIXTLA,,,,,DIP_LOC_MR,MORENA,1,ISIDRO OVANDO MEDINA,1,,MORENA
,7,CHIAPAS,16,HUIXTLA,,,,,DIP_LOC_MR,MORENA,2,HILARIO ROJAS DE LA CRUZ,1,,MORENA
,7,CHIAPAS,17,MOTOZINTLA,,,,,DIP_LOC_MR,PT_PVEM_PCHU_MORENA_PMCH,1,JORGE LUIS VILLATORO OSORIO,1,,PT_PVEM_PCHU_MORENA_PMCH
,7,CHIAPAS,17,MOTOZINTLA,,,,,DIP_LOC_MR,PT_PVEM_PCHU_MORENA_PMCH,2,KIMBERLI MARISOL SANTIZO ESCALANTE,2,,PT_PVEM_PCHU_MORENA_PMCH
,7,CHIAPAS,18,MAPASTEPEC,,,,,DIP_LOC_MR,PT_PVEM_PCHU_MORENA_PMCH,1,FARIDE ABUD GARCIA,2,,PT_PVEM_PCHU_MORENA_PMCH
,7,CHIAPAS,18,MAPASTEPEC,,,,,DIP_LOC_MR,PT_PVEM_PCHU_MORENA_PMCH,2,LINDA BEATRIZ CORZO MARTINEZ,2,,PT_PVEM_PCHU_MORENA_PMCH
,7,CHIAPAS,19,TAPACHULA,,,,,DIP_LOC_MR,PT_PVEM_PCHU_MORENA_PMCH,1,AARON YAMIL MELGAR BRAVO,1,,PT_PVEM_PCHU_MORENA_PMCH
,7,CHIAPAS,19,TAPACHULA,,,,,DIP_LOC_MR,PT_PVEM_PCHU_MORENA_PMCH,2,EFREN ESPINOSA GORDILLO,1,,PT_PVEM_PCHU_MORENA_PMCH
,7,CHIAPAS,20,LAS MARGARITAS,,,,,DIP_LOC_MR,PT_PVEM_PCHU_MORENA_PMCH,1,CECILIA LOPEZ SANCHEZ,2,,PT_PVEM_PCHU_MORENA_PMCH
,7,CHIAPAS,20,LAS MARGARITAS,,,,,DIP_LOC_MR,PT_PVEM_PCHU_MORENA_PMCH,2,OLGA LIDIA LOPEZ SANCHEZ,2,,PT_PVEM_PCHU_MORENA_PMCH
,7,CHIAPAS,21,TENEJAPA,,,,,DIP_LOC_MR,PT_PVEM_PCHU_MORENA_PMCH,1,FLORALMA GOMEZ SANTIZ,2,,PT_PVEM_PCHU_MORENA_PMCH
,7,CHIAPAS,21,TENEJAPA,,,,,DIP_LOC_MR,PT_PVEM_PCHU_MORENA_PMCH,2,LUZ MARIA SANCHEZ MORALES,2,,PT_PVEM_PCHU_MORENA_PMCH
,7,CHIAPAS,22,CHAMULA,,,,,DIP_LOC_MR,PT_PVEM_PCHU_MORENA_PMCH,1,CUAUHTEMOC MANUEL HERNANDEZ GOMEZ,1,,PT_PVEM_PCHU_MORENA_PMCH
,7,CHIAPAS,22,CHAMULA,,,,,DIP_LOC_MR,PT_PVEM_PCHU_MORENA_PMCH,2,CIRILO FELICIANO HERNANDEZ HERNANDEZ,1,,PT_PVEM_PCHU_MORENA_PMCH
,7,CHIAPAS,23,VILLA CORZO,,,,,DIP_LOC_MR,PT_PVEM_PCHU_MORENA_PMCH,1,MARIO HUMBERTO VAZQUEZ LOPEZ,1,,PT_PVEM_PCHU_MORENA_PMCH
,7,CHIAPAS,23,VILLA CORZO,,,,,DIP_LOC_MR,PT_PVEM_PCHU_MORENA_PMCH,2,JOSE GUADALUPE FERNANDEZ ALTAMIRANO,1,,PT_PVEM_PCHU_MORENA_PMCH
,7,CHIAPAS,24,CACAHOATÁN,,,,,DIP_LOC_MR,PT_PVEM_PCHU_MORENA_PMCH,1,YOLANDA DEL ROSARIO CORREA GONZALEZ,2,,PT_PVEM_PCHU_MORENA_PMCH
,7,CHIAPAS,24,CACAHOATÁN,,,,,DIP_LOC_MR,PT_PVEM_PCHU_MORENA_PMCH,2,MARGARITA CONCEPCION ARENAS IBARIAS,2,,PT_PVEM_PCHU_MORENA_PMCH
,7,CHIAPAS,,,,,,,DIP_LOC_RP,MORENA,1,ALEJANDRA STEFANY MARTINEZ COUTIÑO,2,,MORENA
,7,CHIAPAS,,,,,,,DIP_LOC_RP,MORENA,2,BERTHY ROBLERO PEREZ,2,,MORENA
,7,CHIAPAS,,,,,,,DIP_LOC_RP,MORENA,1,RAUL EDUARDO BONIFAZ MOEDANO,1,,MORENA
,7,CHIAPAS,,,,,,,DIP_LOC_RP,MORENA,2,JAVIER ALEJANDRO LOPEZ MENDEZ,1,,MORENA
,7,CHIAPAS,,,,,,,DIP_LOC_RP,MORENA,1,PETRONA DE LA CRUZ CRUZ,2,,MORENA
,7,CHIAPAS,,,,,,,DIP_LOC_RP,MORENA,2,YESENIA GUADALUPE DE LA CRUZ GONZALEZ,2,,MORENA
,7,CHIAPAS,,,,,,,DIP_LOC_RP,MORENA,1,MARCELO TOLEDO CRUZ,1,,MORENA
,7,CHIAPAS,,,,,,,DIP_LOC_RP,MORENA,2,DANIEL CASTILLO DE LA CRUZ,1,,MORENA
,7,CHIAPAS,,,,,,,DIP_LOC_RP,PMCH,1,ELIZABETH ESCOBEDO MORALES,2,,PMCH
,7,CHIAPAS,,,,,,,DIP_LOC_RP,PMCH,2,CLAUDIA GARAY TRUJILLO,2,,PMCH
,7,CHIAPAS,,,,,,,DIP_LOC_RP,PAN,1,LETICIA ALBORES RUIZ,2,,PAN
,7,CHIAPAS,,,,,,,DIP_LOC_RP,PAN,2,MARIA GUADALUPE KOBEH SOLIS,2,,PAN
,7,CHIAPAS,,,,,,,DIP_LOC_RP,PCHU,1,CAROLINA ZUARTH RAMOS,2,,PCHU
,7,CHIAPAS,,,,,,,DIP_LOC_RP,PCHU,2,KARLA GUADALUPE TOVAR FLORES,2,,PCHU
,7,CHIAPAS,,,,,,,DIP_LOC_RP,PES,1,CITLALY ISABEL DE LEON VILLARD,2,,PES
,7,CHIAPAS,,,,,,,DIP_LOC_RP,PES,2,JESSICA GUADALUPE DE LEON VILLARD,2,,PES
,7,CHIAPAS,,,,,,,DIP_LOC_RP,PRI,1,LETICIA MENDEZ INTZIN,2,,PRI
,7,CHIAPAS,,,,,,,DIP_LOC_RP,PRI,2,MERCEDES ADRIANA GOMEZ VILLAREAL,2,,PRI
,7,CHIAPAS,,,,,,,DIP_LOC_RP,PRI,1,RUBEN ANTONIO ZUARTH ESQUINCA,1,,PRI
,7,CHIAPAS,,,,,,,DIP_LOC_RP,PRI,2,FEDERICO DE JESUS RUIZ GAMBORINO,1,,PRI
,7,CHIAPAS,,,,,,,DIP_LOC_RP,PT,1,SONIA CATALINA ALVAREZ .,2,,PT
,7,CHIAPAS,,,,,,,DIP_LOC_RP,PT,2,MARGARITA SOLEDAD SERRANO RODAS,2,,PT
,7,CHIAPAS,,,,,,,DIP_LOC_RP,PT,1,CARLOS MARIO ESTRADA URBINA,1,,PT
,7,CHIAPAS,,,,,,,DIP_LOC_RP,PT,2,LUIS DARINEL ALVARADO VILLATORO,1,,PT
,7,CHIAPAS,,,,,,,DIP_LOC_RP,PVEM,1,ROCIO GUADALUPE CERVANTES CANCINO,2,,PVEM
,7,CHIAPAS,,,,,,,DIP_LOC_RP,PVEM,1,ENRIQUE ZAMORA MORLET,1,,PVEM
,7,CHIAPAS,,,,,,,DIP_LOC_RP,PVEM,2,ALBERLI RAMOS HIDALGO,1,,PVEM
,7,CHIAPAS,,,,,,,DIP_LOC_RP,PVEM,1,MARIA LUIZA LOPEZ SANCHEZ,2,,PVEM
,7,CHIAPAS,,,,,,,DIP_LOC_RP,PVEM,2,SANDRA PATRICIA MOSHAN SANCHEZ,2,,PVEM
,7,CHIAPAS,,,,,,,DIP_LOC_RP,RSP,1,SANDRA CECILIA HERRERA DOMINGUEZ,2,,RSP
,7,CHIAPAS,,,,,,,DIP_LOC_RP,RSP,2,MARIA ASUNCION CHACON URBINA,2,,RSP
