CIRCUNSCRIPCION,ID_ESTADO,NOMBRE_ESTADO,ID_DISTRITO,CABECERA_DISTRITAL,ID_MUNICIPIO,MUNICIPIO,SECCION,CASILLAS,PAN,PRI,PRD,PVEM,PT,MC,NVA_ALIANZA,MORENA,PH,ES,PRI_PVEM_NVA_ALIANZA,NUM_VOTOS_CAN_NREG,NUM_VOTOS_VALIDOS,NUM_VOTOS_NULOS,TOTAL_VOTOS,LISTA_NOMINAL
5,6,COLIMA,1,NO ESTABLECIDO ACUERDO 27/2014,1,COLIMA,1,7,1092,962,62,639,37,359,0,55,57,11,0,0,3274,49,3323,4810
5,6,COLIMA,1,NO ESTABLECIDO ACUERDO 27/2014,1,COLIMA,2,2,181,165,2,120,3,59,0,8,10,2,0,0,550,11,561,784
5,6,COLIMA,2,NO ESTABLECIDO ACUERDO 27/2014,1,COLIMA,3,3,336,270,18,186,21,72,0,18,14,11,0,0,946,47,993,1587
5,6,COLIMA,2,NO ESTABLECIDO ACUERDO 27/2014,1,COLIMA,4,1,130,135,3,98,8,56,0,18,8,0,0,0,456,12,468,679
5,6,COLIMA,2,NO ESTABLECIDO ACUERDO 27/2014,1,COLIMA,5,1,130,98,6,82,8,33,0,5,6,4,0,0,372,5,377,547
5,6,COLIMA,1,NO ESTABLECIDO ACUERDO 27/2014,1,COLIMA,6,3,378,363,17,221,8,115,0,21,13,5,0,1,1141,20,1162,1714
5,6,COLIMA,2,NO ESTABLECIDO ACUERDO 27/2014,1,COLIMA,7,2,141,197,7,88,8,28,0,13,2,2,0,0,486,11,497,790
5,6,COLIMA,2,NO ESTABLECIDO ACUERDO 27/2014,1,COLIMA,8,2,188,265,15,153,10,70,0,23,13,6,0,0,743,19,762,1100
5,6,COLIMA,2,NO ESTABLECIDO ACUERDO 27/2014,1,COLIMA,9,2,170,175,7,141,6,107,0,9,7,7,0,0,629,19,648,893
5,6,COLIMA,2,NO ESTABLECIDO ACUERDO 27/2014,1,COLIMA,10,2,208,214,2,143,13,81,0,4,16,9,0,0,690,19,709,1168
5,6,COLIMA,2,NO ESTABLECIDO ACUERDO 27/2014,1,COLIMA,11,1,115,109,4,84,2,55,0,6,1,1,0,0,377,10,387,584
5,6,COLIMA,1,NO ESTABLECIDO ACUERDO 27/2014,1,COLIMA,12,2,155,144,9,126,7,64,0,13,11,1,0,0,530,14,544,794
5,6,COLIMA,1,NO ESTABLECIDO ACUERDO 27/2014,1,COLIMA,13,2,336,280,21,190,10,122,0,18,14,3,0,2,994,17,1013,1424
5,6,COLIMA,2,NO ESTABLECIDO ACUERDO 27/2014,1,COLIMA,14,2,180,164,23,116,11,36,0,13,10,4,0,2,557,25,584,906
5,6,COLIMA,2,NO ESTABLECIDO ACUERDO 27/2014,1,COLIMA,15,1,88,102,5,79,3,21,0,10,8,1,0,0,317,6,323,493
5,6,COLIMA,2,NO ESTABLECIDO ACUERDO 27/2014,1,COLIMA,16,1,104,136,8,93,7,60,0,7,2,5,0,0,422,5,427,635
5,6,COLIMA,2,NO ESTABLECIDO ACUERDO 27/2014,1,COLIMA,17,1,140,116,14,91,11,33,0,4,9,3,0,1,421,12,434,686
5,6,COLIMA,2,NO ESTABLECIDO ACUERDO 27/2014,1,COLIMA,18,2,193,197,14,118,7,48,0,11,7,5,0,1,600,24,625,895
5,6,COLIMA,2,NO ESTABLECIDO ACUERDO 27/2014,1,COLIMA,19,2,182,246,13,135,5,70,0,24,7,1,0,4,683,22,709,950
5,6,COLIMA,2,NO ESTABLECIDO ACUERDO 27/2014,1,COLIMA,20,2,196,220,9,153,7,68,0,9,3,3,0,0,668,16,684,987
5,6,COLIMA,2,NO ESTABLECIDO ACUERDO 27/2014,1,COLIMA,21,2,261,204,15,133,11,93,0,10,9,7,0,0,743,19,762,1072
5,6,COLIMA,1,NO ESTABLECIDO ACUERDO 27/2014,1,COLIMA,22,2,145,153,11,96,15,42,0,6,3,1,0,0,472,7,479,829
5,6,COLIMA,1,NO ESTABLECIDO ACUERDO 27/2014,1,COLIMA,23,3,442,309,14,157,34,82,0,17,12,13,0,1,1080,36,1117,2020
5,6,COLIMA,1,NO ESTABLECIDO ACUERDO 27/2014,1,COLIMA,24,6,815,550,45,431,115,160,0,41,21,13,0,0,2191,73,2264,4001
5,6,COLIMA,2,NO ESTABLECIDO ACUERDO 27/2014,1,COLIMA,25,2,200,196,13,122,10,60,0,8,17,5,0,0,631,21,652,1062
5,6,COLIMA,2,NO ESTABLECIDO ACUERDO 27/2014,1,COLIMA,26,2,165,195,11,99,16,55,0,8,9,3,0,0,561,18,579,902
5,6,COLIMA,2,NO ESTABLECIDO ACUERDO 27/2014,1,COLIMA,27,2,150,142,9,104,10,73,0,14,5,3,0,0,510,12,522,768
5,6,COLIMA,2,NO ESTABLECIDO ACUERDO 27/2014,1,COLIMA,28,2,137,138,7,97,9,45,0,15,5,2,0,1,455,7,463,512
5,6,COLIMA,2,NO ESTABLECIDO ACUERDO 27/2014,1,COLIMA,29,1,122,176,4,86,14,60,0,4,4,2,0,0,472,20,492,695
5,6,COLIMA,2,NO ESTABLECIDO ACUERDO 27/2014,1,COLIMA,30,1,85,98,4,45,1,36,0,2,4,2,0,0,277,5,282,469
5,6,COLIMA,2,NO ESTABLECIDO ACUERDO 27/2014,1,COLIMA,31,2,193,222,19,124,5,38,0,10,10,4,0,0,625,18,643,974
5,6,COLIMA,2,NO ESTABLECIDO ACUERDO 27/2014,1,COLIMA,32,2,167,255,14,151,16,44,0,10,19,4,0,0,680,36,716,1221
5,6,COLIMA,2,NO ESTABLECIDO ACUERDO 27/2014,1,COLIMA,33,2,267,341,21,189,12,74,0,29,17,0,0,0,950,15,965,1354
5,6,COLIMA,2,NO ESTABLECIDO ACUERDO 27/2014,1,COLIMA,34,2,165,285,11,205,7,82,0,26,11,3,0,1,795,17,813,1130
5,6,COLIMA,2,NO ESTABLECIDO ACUERDO 27/2014,1,COLIMA,35,2,288,213,15,141,18,43,0,23,7,5,0,0,753,26,779,1288
5,6,COLIMA,1,NO ESTABLECIDO ACUERDO 27/2014,1,COLIMA,36,2,298,222,12,87,17,53,0,12,9,4,0,0,714,24,738,1364
5,6,COLIMA,1,NO ESTABLECIDO ACUERDO 27/2014,1,COLIMA,37,3,438,364,30,165,33,77,0,24,19,9,0,0,1159,34,1193,2142
5,6,COLIMA,2,NO ESTABLECIDO ACUERDO 27/2014,1,COLIMA,38,2,149,138,6,114,10,41,0,9,9,7,0,0,483,26,509,887
5,6,COLIMA,2,NO ESTABLECIDO ACUERDO 27/2014,1,COLIMA,39,1,85,99,3,64,10,32,0,10,2,2,0,0,307,10,317,514
5,6,COLIMA,2,NO ESTABLECIDO ACUERDO 27/2014,1,COLIMA,40,1,90,127,6,55,8,31,0,6,4,1,0,0,328,11,339,585
5,6,COLIMA,2,NO ESTABLECIDO ACUERDO 27/2014,1,COLIMA,41,1,67,78,4,54,26,45,0,10,2,3,0,0,289,7,296,446
5,6,COLIMA,2,NO ESTABLECIDO ACUERDO 27/2014,1,COLIMA,42,1,76,141,4,59,4,26,0,7,4,4,0,0,325,9,334,564
5,6,COLIMA,2,NO ESTABLECIDO ACUERDO 27/2014,1,COLIMA,43,2,172,266,11,112,8,39,0,7,10,4,0,0,629,18,647,1070
5,6,COLIMA,2,NO ESTABLECIDO ACUERDO 27/2014,1,COLIMA,44,1,97,80,9,61,2,13,0,2,4,2,0,0,270,9,279,496
5,6,COLIMA,2,NO ESTABLECIDO ACUERDO 27/2014,1,COLIMA,45,3,309,288,19,237,39,78,0,12,19,4,0,0,1005,48,1053,1613
5,6,COLIMA,2,NO ESTABLECIDO ACUERDO 27/2014,1,COLIMA,46,2,185,195,8,123,4,41,0,9,3,7,0,0,575,19,594,894
5,6,COLIMA,2,NO ESTABLECIDO ACUERDO 27/2014,1,COLIMA,47,2,214,260,26,181,7,101,0,18,13,7,0,0,827,22,849,1212
5,6,COLIMA,2,NO ESTABLECIDO ACUERDO 27/2014,1,COLIMA,48,2,193,213,15,157,19,69,0,12,17,11,0,0,706,28,734,1081
5,6,COLIMA,5,NO ESTABLECIDO ACUERDO 27/2014,1,COLIMA,49,1,38,78,0,41,3,19,0,5,3,0,0,0,187,4,191,322
5,6,COLIMA,3,NO ESTABLECIDO ACUERDO 27/2014,1,COLIMA,50,2,167,166,14,96,4,18,0,9,4,3,0,1,481,14,496,828
5,6,COLIMA,2,NO ESTABLECIDO ACUERDO 27/2014,1,COLIMA,51,2,160,179,3,65,8,38,0,10,12,1,0,0,476,22,498,804
5,6,COLIMA,2,NO ESTABLECIDO ACUERDO 27/2014,1,COLIMA,52,3,350,330,21,272,15,53,0,8,18,7,0,0,1074,36,1110,1644
5,6,COLIMA,2,NO ESTABLECIDO ACUERDO 27/2014,1,COLIMA,53,2,274,262,18,165,12,46,0,17,6,2,0,0,802,26,828,1365
5,6,COLIMA,5,NO ESTABLECIDO ACUERDO 27/2014,1,COLIMA,54,3,349,404,17,249,23,87,0,27,22,9,0,1,1187,34,1222,1912
5,6,COLIMA,5,NO ESTABLECIDO ACUERDO 27/2014,1,COLIMA,55,2,179,214,16,130,11,37,0,21,5,8,0,0,621,24,645,1119
5,6,COLIMA,5,NO ESTABLECIDO ACUERDO 27/2014,1,COLIMA,56,1,75,86,3,58,7,37,0,3,2,2,0,1,273,10,284,441
5,6,COLIMA,3,NO ESTABLECIDO ACUERDO 27/2014,1,COLIMA,57,2,125,143,6,75,5,34,0,2,10,3,0,0,403,7,410,763
5,6,COLIMA,2,NO ESTABLECIDO ACUERDO 27/2014,1,COLIMA,58,2,187,234,11,118,10,38,0,7,6,4,0,0,615,23,638,1041
5,6,COLIMA,2,NO ESTABLECIDO ACUERDO 27/2014,1,COLIMA,59,2,233,153,20,126,19,14,0,18,10,7,0,0,600,42,642,1158
5,6,COLIMA,1,NO ESTABLECIDO ACUERDO 27/2014,1,COLIMA,60,11,1287,1172,109,569,104,210,0,68,74,25,0,0,3618,87,3705,6905
5,6,COLIMA,3,NO ESTABLECIDO ACUERDO 27/2014,1,COLIMA,61,3,312,321,18,146,34,69,0,22,7,9,0,0,938,41,979,1900
5,6,COLIMA,3,NO ESTABLECIDO ACUERDO 27/2014,1,COLIMA,62,11,1548,990,69,884,93,167,0,47,44,19,0,1,3861,170,4032,7736
5,6,COLIMA,5,NO ESTABLECIDO ACUERDO 27/2014,1,COLIMA,63,2,202,200,19,146,14,66,0,9,11,5,0,0,672,26,698,1151
5,6,COLIMA,5,NO ESTABLECIDO ACUERDO 27/2014,1,COLIMA,64,2,267,212,14,145,20,63,0,17,8,8,0,0,754,27,781,1270
5,6,COLIMA,5,NO ESTABLECIDO ACUERDO 27/2014,1,COLIMA,65,4,381,297,20,190,24,61,0,27,13,11,0,0,1024,33,1057,1883
5,6,COLIMA,5,NO ESTABLECIDO ACUERDO 27/2014,1,COLIMA,66,2,194,244,6,121,15,53,0,11,6,2,0,0,652,21,673,1146
5,6,COLIMA,5,NO ESTABLECIDO ACUERDO 27/2014,1,COLIMA,67,2,192,250,12,112,11,43,0,12,8,2,0,0,642,22,664,1011
5,6,COLIMA,3,NO ESTABLECIDO ACUERDO 27/2014,1,COLIMA,68,2,264,283,17,140,20,82,0,11,13,10,0,0,840,14,854,1410
5,6,COLIMA,3,NO ESTABLECIDO ACUERDO 27/2014,1,COLIMA,69,5,688,413,24,314,44,88,0,25,20,17,0,0,1633,53,1686,3205
5,6,COLIMA,3,NO ESTABLECIDO ACUERDO 27/2014,1,COLIMA,70,2,230,249,10,141,5,74,0,11,6,18,0,0,744,15,759,1125
5,6,COLIMA,3,NO ESTABLECIDO ACUERDO 27/2014,1,COLIMA,71,2,188,168,13,95,14,34,0,18,4,3,0,0,537,23,560,1013
5,6,COLIMA,3,NO ESTABLECIDO ACUERDO 27/2014,1,COLIMA,72,2,141,149,7,67,14,21,0,8,9,3,0,0,419,13,432,828
5,6,COLIMA,5,NO ESTABLECIDO ACUERDO 27/2014,1,COLIMA,73,5,673,520,24,245,50,120,0,33,23,16,0,0,1704,28,1732,3002
5,6,COLIMA,5,NO ESTABLECIDO ACUERDO 27/2014,1,COLIMA,74,3,312,276,28,200,27,73,0,15,14,8,0,0,953,48,1001,1794
5,6,COLIMA,5,NO ESTABLECIDO ACUERDO 27/2014,1,COLIMA,75,2,241,187,18,98,22,49,0,6,7,4,0,0,632,14,646,1278
5,6,COLIMA,5,NO ESTABLECIDO ACUERDO 27/2014,1,COLIMA,76,2,260,266,17,101,27,40,0,12,9,4,0,2,736,15,753,1420
5,6,COLIMA,1,NO ESTABLECIDO ACUERDO 27/2014,1,COLIMA,77,2,251,183,17,94,13,55,0,14,3,1,0,1,631,13,645,964
5,6,COLIMA,1,NO ESTABLECIDO ACUERDO 27/2014,1,COLIMA,78,1,34,39,2,13,1,5,0,5,0,0,0,0,99,2,101,132
5,6,COLIMA,1,NO ESTABLECIDO ACUERDO 27/2014,1,COLIMA,79,3,244,428,27,166,19,66,0,16,11,3,0,0,980,22,1002,1544
5,6,COLIMA,1,NO ESTABLECIDO ACUERDO 27/2014,1,COLIMA,80,1,134,145,17,70,15,45,0,9,1,2,0,0,438,8,446,699
5,6,COLIMA,5,NO ESTABLECIDO ACUERDO 27/2014,1,COLIMA,81,3,361,502,16,166,30,63,0,10,12,9,0,1,1169,33,1203,2103
5,6,COLIMA,3,NO ESTABLECIDO ACUERDO 27/2014,1,COLIMA,82,4,394,451,36,181,58,63,0,7,8,3,0,1,1201,64,1266,2178
5,6,COLIMA,3,NO ESTABLECIDO ACUERDO 27/2014,1,COLIMA,83,3,85,162,5,54,4,15,0,2,3,1,0,0,331,14,345,536
5,6,COLIMA,3,NO ESTABLECIDO ACUERDO 27/2014,1,COLIMA,84,3,264,510,12,128,14,24,0,4,3,0,0,0,959,30,989,1335
5,6,COLIMA,3,NO ESTABLECIDO ACUERDO 27/2014,1,COLIMA,85,5,166,313,7,173,4,11,0,2,3,1,0,0,680,42,722,1054
5,6,COLIMA,3,NO ESTABLECIDO ACUERDO 27/2014,1,COLIMA,86,1,149,104,14,25,4,6,0,2,8,0,0,0,312,19,331,539
5,6,COLIMA,3,NO ESTABLECIDO ACUERDO 27/2014,1,COLIMA,87,3,263,211,12,53,10,8,0,1,1,2,0,0,561,26,587,878
5,6,COLIMA,3,NO ESTABLECIDO ACUERDO 27/2014,1,COLIMA,88,2,94,196,4,122,0,3,0,2,1,0,0,0,422,24,446,932
5,6,COLIMA,3,NO ESTABLECIDO ACUERDO 27/2014,1,COLIMA,89,2,86,173,1,116,3,3,0,4,1,1,0,0,388,21,409,803
5,6,COLIMA,3,NO ESTABLECIDO ACUERDO 27/2014,1,COLIMA,90,2,59,201,1,77,7,0,0,0,2,1,0,0,348,21,369,512
5,6,COLIMA,3,NO ESTABLECIDO ACUERDO 27/2014,1,COLIMA,91,2,132,169,3,65,1,3,0,0,0,0,0,0,373,18,391,572
5,6,COLIMA,4,NO ESTABLECIDO ACUERDO 27/2014,2,COMALA,92,3,642,569,36,0,54,53,31,8,9,29,0,1,1431,21,1453,2041
5,6,COLIMA,4,NO ESTABLECIDO ACUERDO 27/2014,2,COMALA,93,3,383,409,34,0,36,37,34,10,3,19,0,0,965,27,992,1378
5,6,COLIMA,4,NO ESTABLECIDO ACUERDO 27/2014,2,COMALA,94,2,385,417,29,0,37,44,14,6,3,31,0,0,966,27,993,1484
5,6,COLIMA,4,NO ESTABLECIDO ACUERDO 27/2014,2,COMALA,95,3,458,506,25,0,25,57,41,8,13,8,0,1,1141,26,1168,1715
5,6,COLIMA,4,NO ESTABLECIDO ACUERDO 27/2014,2,COMALA,96,3,301,469,11,0,31,29,21,11,4,16,0,0,893,31,924,1270
5,6,COLIMA,4,NO ESTABLECIDO ACUERDO 27/2014,2,COMALA,97,1,104,63,1,0,6,0,2,2,0,2,0,0,180,11,191,255
5,6,COLIMA,4,NO ESTABLECIDO ACUERDO 27/2014,2,COMALA,98,1,32,37,2,0,2,0,0,0,0,0,0,0,73,0,73,100
5,6,COLIMA,4,NO ESTABLECIDO ACUERDO 27/2014,2,COMALA,99,2,153,247,15,0,8,0,1,0,0,1,0,0,425,7,432,603
5,6,COLIMA,4,NO ESTABLECIDO ACUERDO 27/2014,2,COMALA,100,3,416,483,26,0,61,12,8,2,4,18,0,0,1030,29,1059,1507
5,6,COLIMA,4,NO ESTABLECIDO ACUERDO 27/2014,2,COMALA,101,4,587,572,8,0,12,7,3,28,8,1,0,0,1226,28,1254,1572
5,6,COLIMA,4,NO ESTABLECIDO ACUERDO 27/2014,2,COMALA,102,1,121,211,12,0,30,2,8,0,2,4,0,0,390,15,405,609
5,6,COLIMA,4,NO ESTABLECIDO ACUERDO 27/2014,2,COMALA,103,3,449,605,78,0,72,15,8,11,5,20,0,0,1263,33,1296,1667
5,6,COLIMA,4,NO ESTABLECIDO ACUERDO 27/2014,2,COMALA,104,3,514,537,93,0,43,12,27,16,6,18,0,0,1266,18,1284,1749
5,6,COLIMA,5,NO ESTABLECIDO ACUERDO 27/2014,3,COQUIMATLAN,105,4,643,445,21,9,62,103,5,26,16,5,5,0,1340,26,1366,2076
5,6,COLIMA,5,NO ESTABLECIDO ACUERDO 27/2014,3,COQUIMATLAN,106,3,679,335,5,3,93,70,2,0,12,2,6,0,1207,20,1227,1807
5,6,COLIMA,5,NO ESTABLECIDO ACUERDO 27/2014,3,COQUIMATLAN,107,3,597,357,12,1,42,50,2,6,7,2,8,0,1084,16,1100,1563
5,6,COLIMA,5,NO ESTABLECIDO ACUERDO 27/2014,3,COQUIMATLAN,108,2,487,257,9,2,36,86,1,2,12,1,4,0,897,10,907,1324
5,6,COLIMA,5,NO ESTABLECIDO ACUERDO 27/2014,3,COQUIMATLAN,109,2,322,218,15,1,34,70,7,0,3,0,4,0,674,8,682,912
5,6,COLIMA,5,NO ESTABLECIDO ACUERDO 27/2014,3,COQUIMATLAN,110,2,366,206,8,5,17,83,5,3,4,1,3,0,701,17,718,1039
5,6,COLIMA,5,NO ESTABLECIDO ACUERDO 27/2014,3,COQUIMATLAN,111,3,709,573,17,1,65,99,2,6,7,3,14,0,1496,18,1514,2153
5,6,COLIMA,5,NO ESTABLECIDO ACUERDO 27/2014,3,COQUIMATLAN,112,2,61,112,2,0,12,54,1,1,0,2,3,0,248,6,254,330
5,6,COLIMA,5,NO ESTABLECIDO ACUERDO 27/2014,3,COQUIMATLAN,113,1,121,122,1,4,7,9,1,3,3,2,1,0,274,8,282,391
5,6,COLIMA,5,NO ESTABLECIDO ACUERDO 27/2014,3,COQUIMATLAN,114,1,69,81,1,0,6,8,0,1,0,0,0,0,166,2,168,223
5,6,COLIMA,5,NO ESTABLECIDO ACUERDO 27/2014,3,COQUIMATLAN,115,1,66,101,1,2,3,12,1,3,0,3,1,0,193,3,196,292
5,6,COLIMA,5,NO ESTABLECIDO ACUERDO 27/2014,3,COQUIMATLAN,116,3,392,311,3,3,9,79,1,3,6,16,11,0,834,19,853,1381
5,6,COLIMA,5,NO ESTABLECIDO ACUERDO 27/2014,3,COQUIMATLAN,117,2,233,234,1,1,4,33,0,3,1,2,10,0,522,14,536,834
5,6,COLIMA,5,NO ESTABLECIDO ACUERDO 27/2014,3,COQUIMATLAN,118,2,154,168,4,1,8,35,3,7,3,4,3,0,390,9,399,612
5,6,COLIMA,5,NO ESTABLECIDO ACUERDO 27/2014,3,COQUIMATLAN,119,2,93,166,3,5,26,24,0,0,10,2,1,0,330,9,339,508
5,6,COLIMA,6,NO ESTABLECIDO ACUERDO 27/2014,4,CUAUHTEMOC,120,3,609,388,132,6,20,19,6,4,9,0,8,0,1201,31,1232,1938
5,6,COLIMA,6,NO ESTABLECIDO ACUERDO 27/2014,4,CUAUHTEMOC,121,2,384,197,77,1,9,8,3,4,7,0,3,0,693,18,711,1075
5,6,COLIMA,6,NO ESTABLECIDO ACUERDO 27/2014,4,CUAUHTEMOC,122,2,332,191,81,0,15,13,6,3,3,0,1,0,645,21,666,1024
5,6,COLIMA,6,NO ESTABLECIDO ACUERDO 27/2014,4,CUAUHTEMOC,123,2,481,258,110,2,16,9,1,8,3,0,15,0,903,21,924,1394
5,6,COLIMA,6,NO ESTABLECIDO ACUERDO 27/2014,4,CUAUHTEMOC,124,3,489,363,87,3,16,24,9,6,4,0,8,0,1009,15,1024,1570
5,6,COLIMA,6,NO ESTABLECIDO ACUERDO 27/2014,4,CUAUHTEMOC,125,3,484,252,41,5,13,20,3,2,8,0,2,1,830,18,849,1308
5,6,COLIMA,6,NO ESTABLECIDO ACUERDO 27/2014,4,CUAUHTEMOC,126,3,559,270,83,2,14,30,5,3,6,0,4,0,976,15,991,1587
5,6,COLIMA,6,NO ESTABLECIDO ACUERDO 27/2014,4,CUAUHTEMOC,127,2,401,190,61,3,15,45,3,2,2,0,1,0,723,10,733,1109
5,6,COLIMA,6,NO ESTABLECIDO ACUERDO 27/2014,4,CUAUHTEMOC,128,2,317,153,30,1,11,14,2,2,3,0,0,0,533,16,549,832
5,6,COLIMA,6,NO ESTABLECIDO ACUERDO 27/2014,4,CUAUHTEMOC,129,2,383,170,42,4,17,15,1,1,6,0,4,0,643,9,652,940
5,6,COLIMA,6,NO ESTABLECIDO ACUERDO 27/2014,4,CUAUHTEMOC,130,2,333,215,55,4,10,27,2,4,6,0,5,0,661,21,682,1015
5,6,COLIMA,6,NO ESTABLECIDO ACUERDO 27/2014,4,CUAUHTEMOC,131,3,445,242,36,6,12,12,4,5,12,0,6,0,780,19,799,1228
5,6,COLIMA,6,NO ESTABLECIDO ACUERDO 27/2014,4,CUAUHTEMOC,132,3,535,386,90,5,6,12,4,2,13,0,8,0,1061,28,1089,1542
5,6,COLIMA,6,NO ESTABLECIDO ACUERDO 27/2014,4,CUAUHTEMOC,133,2,307,190,32,0,3,1,1,1,0,0,5,0,540,18,558,794
5,6,COLIMA,6,NO ESTABLECIDO ACUERDO 27/2014,4,CUAUHTEMOC,134,3,508,310,40,6,18,13,4,63,8,0,11,0,981,24,1005,1612
5,6,COLIMA,6,NO ESTABLECIDO ACUERDO 27/2014,4,CUAUHTEMOC,135,3,508,267,52,3,8,11,4,40,3,0,8,0,904,24,928,1456
5,6,COLIMA,6,NO ESTABLECIDO ACUERDO 27/2014,4,CUAUHTEMOC,136,1,222,72,14,1,5,1,3,1,1,0,6,0,326,7,333,467
5,6,COLIMA,6,NO ESTABLECIDO ACUERDO 27/2014,4,CUAUHTEMOC,137,2,329,205,94,2,14,5,1,2,1,0,4,0,657,15,672,985
5,6,COLIMA,7,NO ESTABLECIDO ACUERDO 27/2014,5,VILLA DE ALVAREZ,138,9,1397,859,65,55,223,167,60,69,23,36,23,5,2977,101,3083,5679
5,6,COLIMA,7,NO ESTABLECIDO ACUERDO 27/2014,5,VILLA DE ALVAREZ,139,12,2104,1347,115,67,193,419,137,165,39,54,29,3,4669,107,4779,8202
5,6,COLIMA,4,NO ESTABLECIDO ACUERDO 27/2014,5,VILLA DE ALVAREZ,140,6,1030,776,43,36,59,130,51,52,21,19,20,0,2237,57,2294,3847
5,6,COLIMA,4,NO ESTABLECIDO ACUERDO 27/2014,5,VILLA DE ALVAREZ,141,2,331,243,9,7,15,86,17,18,8,1,4,0,739,13,752,1120
5,6,COLIMA,7,NO ESTABLECIDO ACUERDO 27/2014,5,VILLA DE ALVAREZ,142,2,226,175,7,7,13,36,4,12,6,0,14,0,500,9,509,859
5,6,COLIMA,7,NO ESTABLECIDO ACUERDO 27/2014,5,VILLA DE ALVAREZ,143,2,325,233,7,11,23,46,19,27,8,11,12,0,722,12,734,1236
5,6,COLIMA,7,NO ESTABLECIDO ACUERDO 27/2014,5,VILLA DE ALVAREZ,144,3,477,356,27,19,53,98,34,37,20,4,8,1,1133,34,1168,1836
5,6,COLIMA,6,NO ESTABLECIDO ACUERDO 27/2014,5,VILLA DE ALVAREZ,145,13,2236,1648,105,82,173,473,161,135,65,52,31,1,5161,123,5285,8442
5,6,COLIMA,4,NO ESTABLECIDO ACUERDO 27/2014,5,VILLA DE ALVAREZ,146,5,923,534,38,23,33,109,27,52,21,14,7,1,1781,29,1811,3506
5,6,COLIMA,7,NO ESTABLECIDO ACUERDO 27/2014,5,VILLA DE ALVAREZ,147,3,593,390,21,10,30,81,34,43,13,13,10,2,1238,32,1272,2155
5,6,COLIMA,7,NO ESTABLECIDO ACUERDO 27/2014,5,VILLA DE ALVAREZ,148,3,435,483,15,8,11,57,21,16,9,6,10,0,1071,18,1089,1579
5,6,COLIMA,7,NO ESTABLECIDO ACUERDO 27/2014,5,VILLA DE ALVAREZ,149,2,426,295,22,10,20,45,28,20,6,4,13,0,889,20,909,1469
5,6,COLIMA,7,NO ESTABLECIDO ACUERDO 27/2014,5,VILLA DE ALVAREZ,150,2,374,204,11,17,21,32,9,10,3,7,10,0,698,19,717,1168
5,6,COLIMA,7,NO ESTABLECIDO ACUERDO 27/2014,5,VILLA DE ALVAREZ,151,2,238,225,5,6,5,18,11,12,4,8,8,0,540,12,552,911
5,6,COLIMA,4,NO ESTABLECIDO ACUERDO 27/2014,5,VILLA DE ALVAREZ,152,5,1029,584,36,28,43,112,34,41,20,15,17,0,1959,45,2004,3735
5,6,COLIMA,7,NO ESTABLECIDO ACUERDO 27/2014,5,VILLA DE ALVAREZ,153,2,333,223,11,13,22,31,7,18,5,4,7,0,674,18,692,1183
5,6,COLIMA,7,NO ESTABLECIDO ACUERDO 27/2014,5,VILLA DE ALVAREZ,154,2,256,163,15,7,13,36,7,9,2,12,9,0,529,17,546,1024
5,6,COLIMA,7,NO ESTABLECIDO ACUERDO 27/2014,5,VILLA DE ALVAREZ,155,2,321,382,5,16,11,29,12,10,4,6,14,0,810,16,826,1366
5,6,COLIMA,7,NO ESTABLECIDO ACUERDO 27/2014,5,VILLA DE ALVAREZ,156,2,199,177,9,2,9,15,6,12,7,5,9,2,450,12,464,809
5,6,COLIMA,7,NO ESTABLECIDO ACUERDO 27/2014,5,VILLA DE ALVAREZ,157,2,311,180,5,8,22,30,8,19,5,6,13,0,607,21,628,996
5,6,COLIMA,7,NO ESTABLECIDO ACUERDO 27/2014,5,VILLA DE ALVAREZ,158,1,202,95,12,4,22,31,2,7,3,5,0,2,383,17,402,701
5,6,COLIMA,7,NO ESTABLECIDO ACUERDO 27/2014,5,VILLA DE ALVAREZ,159,3,508,401,15,13,39,73,29,28,24,6,25,0,1161,46,1207,2050
5,6,COLIMA,8,NO ESTABLECIDO ACUERDO 27/2014,5,VILLA DE ALVAREZ,160,4,691,443,21,30,34,83,28,26,18,12,18,1,1404,33,1438,2530
5,6,COLIMA,8,NO ESTABLECIDO ACUERDO 27/2014,5,VILLA DE ALVAREZ,161,5,1052,697,31,26,40,164,74,52,25,14,11,0,2186,34,2220,3707
5,6,COLIMA,8,NO ESTABLECIDO ACUERDO 27/2014,5,VILLA DE ALVAREZ,162,3,470,313,21,11,12,74,20,17,19,11,6,0,974,15,989,1797
5,6,COLIMA,8,NO ESTABLECIDO ACUERDO 27/2014,5,VILLA DE ALVAREZ,164,3,489,327,13,23,19,59,15,19,4,14,8,2,990,22,1014,1711
5,6,COLIMA,8,NO ESTABLECIDO ACUERDO 27/2014,5,VILLA DE ALVAREZ,165,2,432,216,16,21,12,62,16,9,18,6,5,0,813,9,822,1296
5,6,COLIMA,6,NO ESTABLECIDO ACUERDO 27/2014,5,VILLA DE ALVAREZ,166,2,85,82,14,4,3,7,2,7,1,4,2,0,211,9,220,335
5,6,COLIMA,4,NO ESTABLECIDO ACUERDO 27/2014,5,VILLA DE ALVAREZ,167,3,178,219,4,4,5,3,4,3,0,1,7,0,428,18,446,626
5,6,COLIMA,4,NO ESTABLECIDO ACUERDO 27/2014,5,VILLA DE ALVAREZ,168,1,158,117,5,3,8,5,0,4,1,6,2,0,309,5,314,516
5,6,COLIMA,6,NO ESTABLECIDO ACUERDO 27/2014,5,VILLA DE ALVAREZ,169,1,93,81,5,0,0,4,2,1,2,2,2,0,192,6,198,300
5,6,COLIMA,9,NO ESTABLECIDO ACUERDO 27/2014,6,ARMERIA,170,3,155,282,185,363,15,17,0,8,39,3,0,0,1067,23,1090,1738
5,6,COLIMA,9,NO ESTABLECIDO ACUERDO 27/2014,6,ARMERIA,171,3,172,172,189,329,12,11,0,23,38,8,0,0,954,30,984,1517
5,6,COLIMA,9,NO ESTABLECIDO ACUERDO 27/2014,6,ARMERIA,172,2,54,105,80,192,25,2,0,10,19,1,0,0,488,21,509,803
5,6,COLIMA,9,NO ESTABLECIDO ACUERDO 27/2014,6,ARMERIA,173,2,87,207,97,217,10,11,0,7,24,4,0,1,664,21,686,1129
5,6,COLIMA,9,NO ESTABLECIDO ACUERDO 27/2014,6,ARMERIA,174,2,87,136,98,136,4,6,0,1,137,1,0,0,606,18,624,940
5,6,COLIMA,9,NO ESTABLECIDO ACUERDO 27/2014,6,ARMERIA,175,1,61,108,41,103,2,7,0,1,14,1,0,0,338,7,345,553
5,6,COLIMA,9,NO ESTABLECIDO ACUERDO 27/2014,6,ARMERIA,176,2,81,155,84,236,11,5,0,4,21,1,0,0,598,17,615,1004
5,6,COLIMA,9,NO ESTABLECIDO ACUERDO 27/2014,6,ARMERIA,177,2,96,166,123,264,11,10,0,21,60,2,0,0,753,25,778,1278
5,6,COLIMA,9,NO ESTABLECIDO ACUERDO 27/2014,6,ARMERIA,178,2,105,134,70,208,8,10,0,12,239,1,0,0,787,34,821,1223
5,6,COLIMA,9,NO ESTABLECIDO ACUERDO 27/2014,6,ARMERIA,179,2,63,107,62,176,5,9,0,20,96,0,0,0,538,32,570,865
5,6,COLIMA,9,NO ESTABLECIDO ACUERDO 27/2014,6,ARMERIA,180,2,70,151,41,182,4,5,0,6,36,0,0,0,495,14,509,760
5,6,COLIMA,9,NO ESTABLECIDO ACUERDO 27/2014,6,ARMERIA,181,2,147,184,23,183,5,1,0,4,17,0,0,0,564,33,597,1090
5,6,COLIMA,9,NO ESTABLECIDO ACUERDO 27/2014,6,ARMERIA,182,2,107,214,41,196,10,5,0,5,21,0,0,0,599,19,618,1179
5,6,COLIMA,9,NO ESTABLECIDO ACUERDO 27/2014,6,ARMERIA,183,2,163,180,40,168,5,1,0,2,12,1,0,0,572,26,598,895
5,6,COLIMA,9,NO ESTABLECIDO ACUERDO 27/2014,6,ARMERIA,184,1,92,85,24,40,3,6,0,6,14,1,0,0,271,12,283,431
5,6,COLIMA,9,NO ESTABLECIDO ACUERDO 27/2014,6,ARMERIA,185,2,156,100,126,97,1,5,0,4,10,1,0,0,500,37,537,917
5,6,COLIMA,9,NO ESTABLECIDO ACUERDO 27/2014,6,ARMERIA,186,2,214,118,82,172,12,7,0,13,39,1,0,0,658,40,698,1172
5,6,COLIMA,9,NO ESTABLECIDO ACUERDO 27/2014,6,ARMERIA,187,2,157,156,43,138,9,12,0,7,10,1,0,0,533,21,554,1083
5,6,COLIMA,9,NO ESTABLECIDO ACUERDO 27/2014,6,ARMERIA,188,3,249,265,81,223,7,3,0,4,31,1,0,0,864,43,907,1564
5,6,COLIMA,9,NO ESTABLECIDO ACUERDO 27/2014,6,ARMERIA,189,1,26,51,42,68,0,0,0,3,13,1,0,0,204,10,214,284
5,6,COLIMA,9,NO ESTABLECIDO ACUERDO 27/2014,6,ARMERIA,190,1,43,82,69,84,0,6,0,0,16,0,0,0,300,17,317,451
5,6,COLIMA,3,NO ESTABLECIDO ACUERDO 27/2014,7,IXTLAHUACAN,191,2,63,454,1,432,22,2,5,1,3,0,0,0,983,19,1002,1210
5,6,COLIMA,3,NO ESTABLECIDO ACUERDO 27/2014,7,IXTLAHUACAN,192,2,46,495,4,357,19,6,16,0,4,0,0,0,947,26,973,1202
5,6,COLIMA,3,NO ESTABLECIDO ACUERDO 27/2014,7,IXTLAHUACAN,193,2,9,107,1,99,1,0,2,1,0,0,0,0,220,7,227,290
5,6,COLIMA,3,NO ESTABLECIDO ACUERDO 27/2014,7,IXTLAHUACAN,194,1,23,170,1,81,1,0,0,4,0,0,0,0,280,3,283,313
5,6,COLIMA,3,NO ESTABLECIDO ACUERDO 27/2014,7,IXTLAHUACAN,195,1,13,116,4,189,2,4,7,0,1,0,0,0,336,17,353,571
5,6,COLIMA,3,NO ESTABLECIDO ACUERDO 27/2014,7,IXTLAHUACAN,196,1,23,98,1,97,3,3,0,0,6,0,0,0,231,16,247,340
5,6,COLIMA,3,NO ESTABLECIDO ACUERDO 27/2014,7,IXTLAHUACAN,197,1,11,79,2,64,2,0,0,0,5,0,0,0,163,4,167,248
5,6,COLIMA,3,NO ESTABLECIDO ACUERDO 27/2014,7,IXTLAHUACAN,199,2,30,295,23,162,1,1,5,0,24,0,0,0,541,15,556,701
5,6,COLIMA,13,NO ESTABLECIDO ACUERDO 27/2014,8,MANZANILLO,200,1,191,84,4,34,3,11,1,4,10,0,3,0,345,4,349,619
5,6,COLIMA,13,NO ESTABLECIDO ACUERDO 27/2014,8,MANZANILLO,201,1,41,28,1,2,1,2,1,2,2,0,2,0,82,1,83,129
5,6,COLIMA,13,NO ESTABLECIDO ACUERDO 27/2014,8,MANZANILLO,202,4,714,392,11,56,17,23,14,20,15,11,33,0,1306,28,1334,2479
5,6,COLIMA,13,NO ESTABLECIDO ACUERDO 27/2014,8,MANZANILLO,203,2,242,177,4,4,3,16,6,12,9,4,5,0,482,11,493,1009
5,6,COLIMA,13,NO ESTABLECIDO ACUERDO 27/2014,8,MANZANILLO,204,3,413,237,6,20,21,22,6,11,9,7,12,0,764,18,782,1530
5,6,COLIMA,13,NO ESTABLECIDO ACUERDO 27/2014,8,MANZANILLO,205,2,240,168,3,6,5,4,6,5,16,5,8,0,466,13,479,919
5,6,COLIMA,13,NO ESTABLECIDO ACUERDO 27/2014,8,MANZANILLO,206,3,605,195,9,26,11,13,9,9,28,12,6,1,923,22,946,1715
5,6,COLIMA,13,NO ESTABLECIDO ACUERDO 27/2014,8,MANZANILLO,207,1,170,111,6,2,1,21,4,11,6,2,5,0,339,1,340,564
5,6,COLIMA,13,NO ESTABLECIDO ACUERDO 27/2014,8,MANZANILLO,208,2,300,127,3,12,3,20,7,7,7,6,2,0,494,12,506,888
5,6,COLIMA,13,NO ESTABLECIDO ACUERDO 27/2014,8,MANZANILLO,209,2,332,248,10,12,2,12,6,2,6,7,12,0,649,22,671,1226
5,6,COLIMA,13,NO ESTABLECIDO ACUERDO 27/2014,8,MANZANILLO,210,2,338,187,6,13,4,7,1,5,13,9,25,0,608,20,628,1258
5,6,COLIMA,13,NO ESTABLECIDO ACUERDO 27/2014,8,MANZANILLO,211,3,499,289,6,9,14,9,5,16,13,17,10,1,887,32,920,1924
5,6,COLIMA,13,NO ESTABLECIDO ACUERDO 27/2014,8,MANZANILLO,212,1,224,77,4,3,1,11,5,5,2,15,4,0,351,8,359,590
5,6,COLIMA,13,NO ESTABLECIDO ACUERDO 27/2014,8,MANZANILLO,213,2,432,223,5,9,8,14,5,11,9,7,11,0,734,21,755,1178
5,6,COLIMA,13,NO ESTABLECIDO ACUERDO 27/2014,8,MANZANILLO,214,2,373,177,6,21,4,7,2,6,6,14,17,0,633,16,649,1141
5,6,COLIMA,13,NO ESTABLECIDO ACUERDO 27/2014,8,MANZANILLO,215,3,572,260,3,15,11,10,3,16,11,17,14,0,932,20,952,1747
5,6,COLIMA,13,NO ESTABLECIDO ACUERDO 27/2014,8,MANZANILLO,216,3,502,315,6,22,15,17,3,12,16,36,13,0,957,39,996,2108
5,6,COLIMA,13,NO ESTABLECIDO ACUERDO 27/2014,8,MANZANILLO,217,2,391,211,0,12,5,9,2,7,5,1,11,0,654,20,674,1018
5,6,COLIMA,13,NO ESTABLECIDO ACUERDO 27/2014,8,MANZANILLO,218,1,207,117,1,13,2,7,2,10,2,4,8,0,373,13,386,635
5,6,COLIMA,13,NO ESTABLECIDO ACUERDO 27/2014,8,MANZANILLO,219,2,482,170,5,13,9,18,1,20,4,7,7,0,736,20,756,1170
5,6,COLIMA,13,NO ESTABLECIDO ACUERDO 27/2014,8,MANZANILLO,220,1,210,115,5,5,4,11,6,9,6,16,2,0,389,8,397,581
5,6,COLIMA,13,NO ESTABLECIDO ACUERDO 27/2014,8,MANZANILLO,221,2,381,200,3,16,8,6,4,6,8,11,8,1,651,8,660,1040
5,6,COLIMA,14,NO ESTABLECIDO ACUERDO 27/2014,8,MANZANILLO,222,2,250,106,0,5,6,1,0,0,2,0,2,0,372,12,384,522
5,6,COLIMA,14,NO ESTABLECIDO ACUERDO 27/2014,8,MANZANILLO,223,2,331,142,6,7,2,4,2,2,1,0,6,0,503,14,517,734
5,6,COLIMA,14,NO ESTABLECIDO ACUERDO 27/2014,8,MANZANILLO,224,1,171,55,0,2,0,1,0,2,0,0,1,0,232,0,232,359
5,6,COLIMA,14,NO ESTABLECIDO ACUERDO 27/2014,8,MANZANILLO,225,2,386,164,3,5,11,4,10,4,3,2,7,0,599,21,620,1036
5,6,COLIMA,14,NO ESTABLECIDO ACUERDO 27/2014,8,MANZANILLO,226,3,468,167,4,24,8,14,3,6,1,3,4,0,702,33,735,1094
5,6,COLIMA,14,NO ESTABLECIDO ACUERDO 27/2014,8,MANZANILLO,227,2,328,152,7,8,5,6,1,2,1,1,5,0,516,10,526,841
5,6,COLIMA,11,NO ESTABLECIDO ACUERDO 27/2014,8,MANZANILLO,228,5,696,457,3,9,13,39,18,13,4,7,12,0,1271,26,1297,1932
5,6,COLIMA,11,NO ESTABLECIDO ACUERDO 27/2014,8,MANZANILLO,229,1,96,31,1,0,0,11,1,3,0,1,1,0,145,1,146,225
5,6,COLIMA,11,NO ESTABLECIDO ACUERDO 27/2014,8,MANZANILLO,230,4,804,412,11,10,22,29,11,24,4,17,8,0,1352,29,1381,2367
5,6,COLIMA,14,NO ESTABLECIDO ACUERDO 27/2014,8,MANZANILLO,231,2,182,95,2,2,1,0,3,1,2,0,0,0,288,1,289,413
5,6,COLIMA,14,NO ESTABLECIDO ACUERDO 27/2014,8,MANZANILLO,232,2,324,256,2,5,9,5,5,7,1,10,11,0,635,8,643,1017
5,6,COLIMA,14,NO ESTABLECIDO ACUERDO 27/2014,8,MANZANILLO,233,3,584,384,4,20,8,13,9,26,7,17,14,0,1086,24,1110,1745
5,6,COLIMA,11,NO ESTABLECIDO ACUERDO 27/2014,8,MANZANILLO,234,3,697,433,20,15,24,36,3,8,6,8,10,0,1260,28,1288,2000
5,6,COLIMA,11,NO ESTABLECIDO ACUERDO 27/2014,8,MANZANILLO,235,2,375,176,16,8,23,19,8,7,3,6,5,0,646,13,659,1204
5,6,COLIMA,11,NO ESTABLECIDO ACUERDO 27/2014,8,MANZANILLO,236,11,2165,905,39,99,154,73,20,64,28,44,36,0,3627,84,3711,7519
5,6,COLIMA,11,NO ESTABLECIDO ACUERDO 27/2014,8,MANZANILLO,237,3,561,309,17,28,47,21,3,33,6,8,17,0,1050,30,1080,2128
5,6,COLIMA,14,NO ESTABLECIDO ACUERDO 27/2014,8,MANZANILLO,238,18,3483,1506,58,184,253,222,40,113,60,119,43,1,6081,92,6174,12028
5,6,COLIMA,11,NO ESTABLECIDO ACUERDO 27/2014,8,MANZANILLO,239,2,282,133,1,8,13,23,5,11,4,6,1,0,487,14,501,914
5,6,COLIMA,11,NO ESTABLECIDO ACUERDO 27/2014,8,MANZANILLO,240,2,371,234,13,11,23,20,5,31,5,5,10,1,728,22,751,1436
5,6,COLIMA,14,NO ESTABLECIDO ACUERDO 27/2014,8,MANZANILLO,241,2,210,147,7,17,14,11,4,17,1,3,18,0,449,6,455,756
5,6,COLIMA,11,NO ESTABLECIDO ACUERDO 27/2014,8,MANZANILLO,242,1,155,90,1,5,1,46,0,9,1,4,2,0,314,2,316,582
5,6,COLIMA,11,NO ESTABLECIDO ACUERDO 27/2014,8,MANZANILLO,243,3,476,321,12,22,20,34,7,12,11,15,14,0,944,22,966,1780
5,6,COLIMA,14,NO ESTABLECIDO ACUERDO 27/2014,8,MANZANILLO,244,8,1733,683,24,100,71,84,17,77,25,43,30,0,2887,54,2941,5639
5,6,COLIMA,14,NO ESTABLECIDO ACUERDO 27/2014,8,MANZANILLO,245,3,611,278,9,37,19,36,1,11,6,12,18,0,1038,23,1061,1987
5,6,COLIMA,11,NO ESTABLECIDO ACUERDO 27/2014,8,MANZANILLO,246,3,745,312,14,17,15,34,18,19,13,14,8,0,1209,25,1234,2214
5,6,COLIMA,11,NO ESTABLECIDO ACUERDO 27/2014,8,MANZANILLO,247,1,45,13,1,3,1,8,0,1,2,0,0,0,74,0,74,189
5,6,COLIMA,11,NO ESTABLECIDO ACUERDO 27/2014,8,MANZANILLO,248,15,2881,1158,28,101,89,260,49,95,56,108,25,4,4850,74,4928,9049
5,6,COLIMA,12,NO ESTABLECIDO ACUERDO 27/2014,8,MANZANILLO,249,1,187,131,4,2,2,9,7,6,6,9,3,0,366,6,372,641
5,6,COLIMA,12,NO ESTABLECIDO ACUERDO 27/2014,8,MANZANILLO,250,17,3494,1868,58,90,90,214,84,103,84,127,61,1,6273,82,6356,10823
5,6,COLIMA,12,NO ESTABLECIDO ACUERDO 27/2014,8,MANZANILLO,251,5,1233,601,13,21,25,54,32,28,16,25,18,1,2066,40,2107,3616
5,6,COLIMA,12,NO ESTABLECIDO ACUERDO 27/2014,8,MANZANILLO,252,3,455,273,6,17,8,22,10,7,12,14,7,0,831,21,852,1503
5,6,COLIMA,12,NO ESTABLECIDO ACUERDO 27/2014,8,MANZANILLO,253,2,391,227,4,8,8,35,7,6,23,11,6,0,726,14,740,1366
5,6,COLIMA,12,NO ESTABLECIDO ACUERDO 27/2014,8,MANZANILLO,254,1,143,114,2,8,2,15,0,7,11,9,2,0,313,6,319,587
5,6,COLIMA,12,NO ESTABLECIDO ACUERDO 27/2014,8,MANZANILLO,255,1,129,40,0,3,1,7,0,3,3,4,0,1,190,6,197,365
5,6,COLIMA,12,NO ESTABLECIDO ACUERDO 27/2014,8,MANZANILLO,256,2,246,111,2,7,4,8,2,11,9,7,5,0,412,13,425,869
5,6,COLIMA,12,NO ESTABLECIDO ACUERDO 27/2014,8,MANZANILLO,257,2,334,170,5,9,6,19,8,7,5,12,4,0,579,4,583,1081
5,6,COLIMA,12,NO ESTABLECIDO ACUERDO 27/2014,8,MANZANILLO,258,5,1006,547,16,14,24,56,7,31,18,15,18,0,1752,32,1784,3265
5,6,COLIMA,13,NO ESTABLECIDO ACUERDO 27/2014,8,MANZANILLO,259,3,467,294,8,16,12,7,5,26,5,12,12,0,864,17,881,1595
5,6,COLIMA,13,NO ESTABLECIDO ACUERDO 27/2014,8,MANZANILLO,260,4,805,367,18,48,35,24,11,11,18,37,13,1,1387,38,1426,2628
5,6,COLIMA,12,NO ESTABLECIDO ACUERDO 27/2014,8,MANZANILLO,261,3,505,277,20,15,15,13,4,18,6,11,9,0,893,21,914,1646
5,6,COLIMA,12,NO ESTABLECIDO ACUERDO 27/2014,8,MANZANILLO,262,2,422,256,6,14,13,15,6,8,9,27,7,0,783,9,792,1366
5,6,COLIMA,12,NO ESTABLECIDO ACUERDO 27/2014,8,MANZANILLO,263,2,324,162,7,10,7,4,1,7,6,8,4,0,540,11,551,1089
5,6,COLIMA,12,NO ESTABLECIDO ACUERDO 27/2014,8,MANZANILLO,264,3,524,266,13,10,8,13,2,9,7,9,8,0,869,23,892,1676
5,6,COLIMA,12,NO ESTABLECIDO ACUERDO 27/2014,8,MANZANILLO,265,1,208,105,2,6,5,12,3,0,1,4,3,0,349,2,351,499
5,6,COLIMA,12,NO ESTABLECIDO ACUERDO 27/2014,8,MANZANILLO,266,1,174,141,9,6,41,4,1,2,0,1,3,0,382,6,388,659
5,6,COLIMA,12,NO ESTABLECIDO ACUERDO 27/2014,8,MANZANILLO,267,3,527,426,18,11,18,6,3,3,9,2,5,0,1028,25,1053,1733
5,6,COLIMA,13,NO ESTABLECIDO ACUERDO 27/2014,8,MANZANILLO,268,1,263,86,2,5,5,18,5,11,8,16,3,0,422,5,427,689
5,6,COLIMA,13,NO ESTABLECIDO ACUERDO 27/2014,8,MANZANILLO,269,3,706,316,7,5,10,7,3,12,9,11,15,0,1101,20,1121,1742
5,6,COLIMA,14,NO ESTABLECIDO ACUERDO 27/2014,9,MINATITLAN,270,2,147,380,0,467,7,25,0,4,0,14,0,0,1044,30,1074,1379
5,6,COLIMA,14,NO ESTABLECIDO ACUERDO 27/2014,9,MINATITLAN,271,2,142,460,0,489,8,38,0,4,0,12,0,0,1153,25,1178,1445
5,6,COLIMA,14,NO ESTABLECIDO ACUERDO 27/2014,9,MINATITLAN,272,2,159,258,0,454,6,32,0,2,0,9,0,0,920,21,941,1157
5,6,COLIMA,14,NO ESTABLECIDO ACUERDO 27/2014,9,MINATITLAN,273,2,35,260,0,284,2,6,0,0,0,3,0,0,590,20,610,741
5,6,COLIMA,14,NO ESTABLECIDO ACUERDO 27/2014,9,MINATITLAN,274,3,39,169,0,87,1,7,0,0,0,3,0,0,306,5,311,405
5,6,COLIMA,14,NO ESTABLECIDO ACUERDO 27/2014,9,MINATITLAN,275,2,88,218,0,301,2,21,0,2,0,0,0,0,632,9,641,805
5,6,COLIMA,14,NO ESTABLECIDO ACUERDO 27/2014,9,MINATITLAN,276,2,214,254,0,200,3,5,0,0,0,2,0,0,678,9,687,839
5,6,COLIMA,10,NO ESTABLECIDO ACUERDO 27/2014,10,TECOMAN,277,4,723,550,23,14,53,62,13,26,16,7,28,0,1515,40,1555,2990
5,6,COLIMA,10,NO ESTABLECIDO ACUERDO 27/2014,10,TECOMAN,278,2,272,246,6,8,12,30,12,10,8,3,7,0,614,7,621,1151
5,6,COLIMA,10,NO ESTABLECIDO ACUERDO 27/2014,10,TECOMAN,279,1,164,87,2,4,18,23,2,6,2,3,1,0,312,3,315,595
5,6,COLIMA,15,NO ESTABLECIDO ACUERDO 27/2014,10,TECOMAN,280,10,1821,1158,89,39,90,159,21,69,47,28,57,1,3578,67,3646,6933
5,6,COLIMA,10,NO ESTABLECIDO ACUERDO 27/2014,10,TECOMAN,281,2,280,154,12,2,11,73,2,32,29,2,6,0,603,13,616,1003
5,6,COLIMA,10,NO ESTABLECIDO ACUERDO 27/2014,10,TECOMAN,282,3,582,432,4,11,24,66,6,32,9,9,15,0,1190,36,1226,2169
5,6,COLIMA,10,NO ESTABLECIDO ACUERDO 27/2014,10,TECOMAN,283,4,815,459,14,7,37,107,7,50,14,17,15,1,1542,19,1562,2932
5,6,COLIMA,15,NO ESTABLECIDO ACUERDO 27/2014,10,TECOMAN,284,2,170,140,3,4,11,38,3,6,9,3,6,1,393,15,409,762
5,6,COLIMA,10,NO ESTABLECIDO ACUERDO 27/2014,10,TECOMAN,285,1,166,130,8,1,7,30,2,7,2,3,9,0,365,7,372,714
5,6,COLIMA,10,NO ESTABLECIDO ACUERDO 27/2014,10,TECOMAN,286,2,274,214,6,7,19,67,8,19,7,5,9,0,635,6,641,1100
5,6,COLIMA,10,NO ESTABLECIDO ACUERDO 27/2014,10,TECOMAN,287,1,120,143,5,2,3,41,0,6,2,0,3,0,325,7,332,552
5,6,COLIMA,10,NO ESTABLECIDO ACUERDO 27/2014,10,TECOMAN,288,1,136,143,2,2,2,39,7,0,8,1,8,0,348,8,356,570
5,6,COLIMA,10,NO ESTABLECIDO ACUERDO 27/2014,10,TECOMAN,289,2,295,196,4,5,21,52,1,10,4,6,13,0,607,9,616,1021
5,6,COLIMA,10,NO ESTABLECIDO ACUERDO 27/2014,10,TECOMAN,290,5,768,641,22,19,31,156,17,62,11,22,23,0,1772,38,1810,3123
5,6,COLIMA,15,NO ESTABLECIDO ACUERDO 27/2014,10,TECOMAN,291,5,909,573,21,18,35,59,20,37,13,22,28,0,1735,59,1794,3549
5,6,COLIMA,15,NO ESTABLECIDO ACUERDO 27/2014,10,TECOMAN,292,2,331,162,7,5,11,42,6,6,5,7,10,0,592,11,603,1074
5,6,COLIMA,15,NO ESTABLECIDO ACUERDO 27/2014,10,TECOMAN,293,2,202,140,4,2,7,38,3,12,2,4,7,0,421,6,427,776
5,6,COLIMA,15,NO ESTABLECIDO ACUERDO 27/2014,10,TECOMAN,294,1,148,91,2,1,6,66,3,13,2,1,5,0,338,4,342,504
5,6,COLIMA,16,NO ESTABLECIDO ACUERDO 27/2014,10,TECOMAN,295,1,200,162,1,0,5,63,1,8,6,3,4,1,453,10,464,738
5,6,COLIMA,16,NO ESTABLECIDO ACUERDO 27/2014,10,TECOMAN,296,2,168,183,10,6,16,38,0,1,2,5,7,0,436,16,452,785
5,6,COLIMA,10,NO ESTABLECIDO ACUERDO 27/2014,10,TECOMAN,297,3,434,351,17,6,28,72,11,30,10,5,9,1,973,23,997,1749
5,6,COLIMA,9,NO ESTABLECIDO ACUERDO 27/2014,10,TECOMAN,298,2,381,208,8,5,16,50,3,13,3,7,14,0,708,17,725,1266
5,6,COLIMA,15,NO ESTABLECIDO ACUERDO 27/2014,10,TECOMAN,299,2,336,192,7,4,8,38,4,7,5,3,9,1,613,22,636,1042
5,6,COLIMA,15,NO ESTABLECIDO ACUERDO 27/2014,10,TECOMAN,300,1,158,149,0,7,6,84,2,4,1,3,5,0,419,9,428,666
5,6,COLIMA,16,NO ESTABLECIDO ACUERDO 27/2014,10,TECOMAN,301,2,208,169,5,3,15,79,4,6,5,0,19,0,513,5,518,826
5,6,COLIMA,16,NO ESTABLECIDO ACUERDO 27/2014,10,TECOMAN,302,2,356,381,5,8,7,61,9,9,7,7,8,0,858,8,866,1475
5,6,COLIMA,15,NO ESTABLECIDO ACUERDO 27/2014,10,TECOMAN,303,2,243,162,13,3,11,36,9,7,11,8,5,0,508,5,513,903
5,6,COLIMA,15,NO ESTABLECIDO ACUERDO 27/2014,10,TECOMAN,304,2,288,200,14,3,11,23,5,15,1,0,3,0,563,10,573,988
5,6,COLIMA,15,NO ESTABLECIDO ACUERDO 27/2014,10,TECOMAN,305,2,318,253,5,8,18,33,1,14,2,1,16,1,669,20,690,1171
5,6,COLIMA,15,NO ESTABLECIDO ACUERDO 27/2014,10,TECOMAN,306,1,165,145,5,5,3,72,2,8,1,1,4,0,411,6,417,674
5,6,COLIMA,16,NO ESTABLECIDO ACUERDO 27/2014,10,TECOMAN,307,2,168,179,4,1,7,84,9,5,2,0,6,0,465,9,474,813
5,6,COLIMA,15,NO ESTABLECIDO ACUERDO 27/2014,10,TECOMAN,308,2,297,209,12,6,28,29,5,20,8,7,6,0,627,14,641,1163
5,6,COLIMA,15,NO ESTABLECIDO ACUERDO 27/2014,10,TECOMAN,309,1,182,193,3,5,7,43,4,9,2,3,6,0,457,4,461,725
5,6,COLIMA,16,NO ESTABLECIDO ACUERDO 27/2014,10,TECOMAN,310,2,247,237,7,6,17,36,6,7,5,2,6,0,576,12,588,965
5,6,COLIMA,16,NO ESTABLECIDO ACUERDO 27/2014,10,TECOMAN,311,3,491,432,10,7,20,69,5,16,10,4,13,1,1077,27,1105,2007
5,6,COLIMA,15,NO ESTABLECIDO ACUERDO 27/2014,10,TECOMAN,312,5,846,552,59,14,75,53,14,40,17,8,21,0,1699,48,1747,3310
5,6,COLIMA,16,NO ESTABLECIDO ACUERDO 27/2014,10,TECOMAN,313,2,276,174,7,7,17,26,8,8,4,4,6,0,537,9,546,958
5,6,COLIMA,16,NO ESTABLECIDO ACUERDO 27/2014,10,TECOMAN,314,2,295,269,9,7,37,61,5,11,2,2,10,1,708,11,720,1269
5,6,COLIMA,16,NO ESTABLECIDO ACUERDO 27/2014,10,TECOMAN,315,4,587,504,18,8,29,167,12,27,9,16,17,2,1394,16,1412,2325
5,6,COLIMA,16,NO ESTABLECIDO ACUERDO 27/2014,10,TECOMAN,316,5,763,621,73,16,40,66,8,32,25,8,19,0,1671,36,1707,3273
5,6,COLIMA,10,NO ESTABLECIDO ACUERDO 27/2014,10,TECOMAN,317,2,289,221,3,4,6,9,5,15,1,2,6,0,561,14,575,905
5,6,COLIMA,10,NO ESTABLECIDO ACUERDO 27/2014,10,TECOMAN,318,2,241,211,1,4,7,6,5,36,7,1,13,1,532,15,548,954
5,6,COLIMA,10,NO ESTABLECIDO ACUERDO 27/2014,10,TECOMAN,319,2,275,261,2,4,6,12,5,22,6,2,4,0,599,27,626,1029
5,6,COLIMA,10,NO ESTABLECIDO ACUERDO 27/2014,10,TECOMAN,320,2,232,222,3,2,4,5,1,24,4,1,9,0,507,13,520,813
5,6,COLIMA,10,NO ESTABLECIDO ACUERDO 27/2014,10,TECOMAN,321,3,455,337,9,11,12,18,3,25,6,3,13,0,892,24,916,1515
5,6,COLIMA,9,NO ESTABLECIDO ACUERDO 27/2014,10,TECOMAN,322,1,125,104,8,9,1,16,1,4,0,1,2,0,271,5,276,500
5,6,COLIMA,9,NO ESTABLECIDO ACUERDO 27/2014,10,TECOMAN,323,2,200,150,1,14,2,10,1,6,3,0,9,0,396,9,405,760
5,6,COLIMA,9,NO ESTABLECIDO ACUERDO 27/2014,10,TECOMAN,324,2,308,269,14,18,4,17,5,22,8,0,15,0,680,27,707,1263
5,6,COLIMA,10,NO ESTABLECIDO ACUERDO 27/2014,10,TECOMAN,325,1,144,145,3,8,7,8,0,10,7,3,9,0,344,7,351,600
5,6,COLIMA,9,NO ESTABLECIDO ACUERDO 27/2014,10,TECOMAN,326,2,215,180,2,14,13,12,6,4,6,3,1,0,456,4,460,816
5,6,COLIMA,16,NO ESTABLECIDO ACUERDO 27/2014,10,TECOMAN,327,1,141,69,1,1,1,1,0,1,1,0,1,0,217,6,223,316
5,6,COLIMA,15,NO ESTABLECIDO ACUERDO 27/2014,10,TECOMAN,328,1,302,135,6,1,8,9,1,8,3,1,4,0,478,2,480,711
5,6,COLIMA,16,NO ESTABLECIDO ACUERDO 27/2014,10,TECOMAN,329,3,594,456,12,3,28,18,5,8,4,4,16,0,1148,22,1170,2041
5,6,COLIMA,16,NO ESTABLECIDO ACUERDO 27/2014,10,TECOMAN,330,1,50,46,3,0,1,1,1,0,0,0,0,0,102,3,105,157
5,6,COLIMA,16,NO ESTABLECIDO ACUERDO 27/2014,10,TECOMAN,331,1,38,83,1,0,2,0,1,1,0,0,4,0,130,5,135,188
5,6,COLIMA,16,NO ESTABLECIDO ACUERDO 27/2014,10,TECOMAN,332,1,84,96,2,1,6,6,2,3,0,2,2,0,204,5,209,314
5,6,COLIMA,16,NO ESTABLECIDO ACUERDO 27/2014,10,TECOMAN,333,1,70,96,0,0,1,2,0,1,3,0,5,0,178,3,181,257
5,6,COLIMA,16,NO ESTABLECIDO ACUERDO 27/2014,10,TECOMAN,334,3,365,464,10,4,14,16,11,10,8,1,14,0,917,28,945,1911
5,6,COLIMA,16,NO ESTABLECIDO ACUERDO 27/2014,10,TECOMAN,335,3,338,381,14,9,7,7,4,7,1,0,10,0,778,19,797,1623
5,6,COLIMA,16,NO ESTABLECIDO ACUERDO 27/2014,10,TECOMAN,336,3,309,379,8,4,3,7,8,12,9,2,12,1,753,16,770,1561
5,6,COLIMA,4,NO ESTABLECIDO ACUERDO 27/2014,5,VILLA DE ALVAREZ,337,2,260,115,12,7,15,16,4,6,5,2,3,0,445,11,456,940
5,6,COLIMA,4,NO ESTABLECIDO ACUERDO 27/2014,5,VILLA DE ALVAREZ,338,2,212,123,12,5,12,29,6,6,5,3,2,0,415,2,417,856
5,6,COLIMA,4,NO ESTABLECIDO ACUERDO 27/2014,5,VILLA DE ALVAREZ,339,1,98,45,1,2,4,10,0,2,0,3,1,0,166,12,178,350
5,6,COLIMA,4,NO ESTABLECIDO ACUERDO 27/2014,5,VILLA DE ALVAREZ,340,1,126,65,2,1,7,8,1,10,1,2,3,0,226,4,230,407
5,6,COLIMA,4,NO ESTABLECIDO ACUERDO 27/2014,5,VILLA DE ALVAREZ,341,1,95,34,1,1,0,8,3,5,0,0,0,0,147,0,147,279
5,6,COLIMA,8,NO ESTABLECIDO ACUERDO 27/2014,5,VILLA DE ALVAREZ,342,1,120,59,2,4,8,14,2,8,4,3,3,0,227,6,233,374
5,6,COLIMA,8,NO ESTABLECIDO ACUERDO 27/2014,5,VILLA DE ALVAREZ,343,1,237,144,6,5,9,18,14,13,3,3,2,0,454,9,463,706
5,6,COLIMA,8,NO ESTABLECIDO ACUERDO 27/2014,5,VILLA DE ALVAREZ,344,2,229,189,6,4,13,19,7,15,7,2,7,0,498,9,507,850
5,6,COLIMA,8,NO ESTABLECIDO ACUERDO 27/2014,5,VILLA DE ALVAREZ,345,1,217,160,2,6,5,42,10,6,3,2,3,0,456,4,460,743
5,6,COLIMA,8,NO ESTABLECIDO ACUERDO 27/2014,5,VILLA DE ALVAREZ,346,1,130,89,9,1,4,24,6,2,3,0,3,0,271,4,275,421
5,6,COLIMA,8,NO ESTABLECIDO ACUERDO 27/2014,5,VILLA DE ALVAREZ,347,1,236,115,6,8,9,26,13,17,3,3,3,0,439,9,448,662
5,6,COLIMA,8,NO ESTABLECIDO ACUERDO 27/2014,5,VILLA DE ALVAREZ,348,2,225,134,9,8,6,42,17,10,3,7,7,0,468,8,476,764
5,6,COLIMA,8,NO ESTABLECIDO ACUERDO 27/2014,5,VILLA DE ALVAREZ,349,2,309,162,6,7,8,30,15,16,4,3,5,0,565,13,578,893
5,6,COLIMA,8,NO ESTABLECIDO ACUERDO 27/2014,5,VILLA DE ALVAREZ,350,1,238,131,14,2,9,26,7,8,6,3,1,0,445,9,454,701
5,6,COLIMA,8,NO ESTABLECIDO ACUERDO 27/2014,5,VILLA DE ALVAREZ,351,1,161,72,3,6,11,20,7,2,3,3,1,0,289,6,295,452
5,6,COLIMA,8,NO ESTABLECIDO ACUERDO 27/2014,5,VILLA DE ALVAREZ,352,1,128,82,9,2,4,22,7,9,4,1,0,0,268,3,271,435
5,6,COLIMA,8,NO ESTABLECIDO ACUERDO 27/2014,5,VILLA DE ALVAREZ,353,1,122,53,8,5,3,10,6,4,1,1,1,0,214,3,217,395
5,6,COLIMA,8,NO ESTABLECIDO ACUERDO 27/2014,5,VILLA DE ALVAREZ,354,1,231,127,5,1,4,34,9,9,5,4,0,0,429,12,441,698
5,6,COLIMA,8,NO ESTABLECIDO ACUERDO 27/2014,5,VILLA DE ALVAREZ,355,2,264,164,14,9,5,36,11,10,6,3,5,0,527,17,544,898
5,6,COLIMA,8,NO ESTABLECIDO ACUERDO 27/2014,5,VILLA DE ALVAREZ,356,2,227,164,13,13,13,20,11,5,4,5,4,0,479,5,484,790
5,6,COLIMA,8,NO ESTABLECIDO ACUERDO 27/2014,5,VILLA DE ALVAREZ,357,1,197,120,6,8,16,24,6,8,3,4,0,0,392,4,396,646
5,6,COLIMA,8,NO ESTABLECIDO ACUERDO 27/2014,5,VILLA DE ALVAREZ,358,1,207,98,5,4,3,28,7,9,5,4,3,0,373,4,377,614
5,6,COLIMA,8,NO ESTABLECIDO ACUERDO 27/2014,5,VILLA DE ALVAREZ,359,1,201,106,8,3,4,21,12,8,1,8,3,0,375,7,382,630
5,6,COLIMA,8,NO ESTABLECIDO ACUERDO 27/2014,5,VILLA DE ALVAREZ,360,1,185,104,6,6,5,14,17,2,6,1,3,0,349,5,354,555
5,6,COLIMA,8,NO ESTABLECIDO ACUERDO 27/2014,5,VILLA DE ALVAREZ,361,1,190,93,1,4,10,34,11,6,7,1,4,0,361,2,363,639
5,6,COLIMA,8,NO ESTABLECIDO ACUERDO 27/2014,5,VILLA DE ALVAREZ,362,2,208,126,3,8,16,33,4,3,3,2,1,0,407,10,417,901
5,6,COLIMA,8,NO ESTABLECIDO ACUERDO 27/2014,5,VILLA DE ALVAREZ,363,2,279,136,3,7,12,31,15,13,6,1,2,0,505,12,517,976
5,6,COLIMA,8,NO ESTABLECIDO ACUERDO 27/2014,5,VILLA DE ALVAREZ,364,1,156,103,2,4,6,27,9,9,4,6,3,0,329,4,333,574
5,6,COLIMA,8,NO ESTABLECIDO ACUERDO 27/2014,5,VILLA DE ALVAREZ,365,1,129,60,0,1,2,13,4,5,1,2,2,0,219,2,221,380
5,6,COLIMA,8,NO ESTABLECIDO ACUERDO 27/2014,5,VILLA DE ALVAREZ,366,1,102,74,6,1,5,15,3,9,2,2,2,0,221,4,225,460
5,6,COLIMA,8,NO ESTABLECIDO ACUERDO 27/2014,5,VILLA DE ALVAREZ,367,1,95,65,8,6,3,9,1,2,5,1,1,0,196,3,199,403
5,6,COLIMA,8,NO ESTABLECIDO ACUERDO 27/2014,5,VILLA DE ALVAREZ,368,1,125,99,1,5,8,20,9,13,5,4,1,0,290,10,300,487
5,6,COLIMA,8,NO ESTABLECIDO ACUERDO 27/2014,5,VILLA DE ALVAREZ,369,2,233,165,13,6,10,35,15,10,3,10,5,0,505,6,511,888
5,6,COLIMA,8,NO ESTABLECIDO ACUERDO 27/2014,5,VILLA DE ALVAREZ,370,2,292,204,12,14,14,47,10,7,9,5,1,0,615,9,624,1096
5,6,COLIMA,8,NO ESTABLECIDO ACUERDO 27/2014,5,VILLA DE ALVAREZ,371,1,185,105,7,4,5,24,10,10,2,4,1,0,357,7,364,578
5,6,COLIMA,8,NO ESTABLECIDO ACUERDO 27/2014,5,VILLA DE ALVAREZ,372,1,86,47,2,3,1,17,15,5,5,2,0,0,183,2,185,301