CIRCUNSCRIPCION,ID_ESTADO,NOMBRE_ESTADO,ID_DISTRITO_LOCAL,CABECERA_DISTRITAL_LOCAL,ID_MUNICIPIO,MUNICIPIO,ID_DEMARCACION_LOCAL,DEMARCACION_LOCAL,TIPO_DE_ELECCION,NOMBRE_PARTICIPANTE,NUMERO_LISTA,CANDIDATO,SEXO_CANDIDATO,RUTA_CONSTANCIA,PARTIDO
,25,SINALOA,,,1,AHOME,,,PRES_MUN,CC_PAS_MORENA,1,GERARDO OCTAVIO VARGAS LANDEROS,1,,CC_PAS_MORENA
,25,SINALOA,,,1,AHOME,,,REG,CC_PAS_MORENA,3,PEDRO  CEBALLOS RENDON,1,,CC_PAS_MORENA
,25,SINALOA,,,1,AHOME,,,REG,CC_PAS_MORENA,3,JUAN  ROMERO MORONES,1,,CC_PAS_MORENA
,25,SINALOA,,,1,AHOME,,,REG,CC_PAS_MORENA,4,JUDITH ELENA LUNA CASTRO,2,,CC_PAS_MORENA
,25,SINALOA,,,1,AHOME,,,REG,CC_PAS_MORENA,4,ROSA MARIA ARMENDARIZ GARCIA,2,,CC_PAS_MORENA
,25,SINALOA,,,1,AHOME,,,REG,CC_PAS_MORENA,5,ANTONIO MENENDEZ DE LLANO BERMUDEZ,1,,CC_PAS_MORENA
,25,SINALOA,,,1,AHOME,,,REG,CC_PAS_MORENA,5,JESUS ERNESTO TAPIA CASTRO,1,,CC_PAS_MORENA
,25,SINALOA,,,1,AHOME,,,REG,CC_PAS_MORENA,6,OFELIA  RODRIGUEZ MORALES,2,,CC_PAS_MORENA
,25,SINALOA,,,1,AHOME,,,REG,CC_PAS_MORENA,6,JULIA  PEREZ CARRIZOZA,2,,CC_PAS_MORENA
,25,SINALOA,,,1,AHOME,,,REG,CC_PAS_MORENA,7,CARLOS ROBERTO VALLE SARACHO,1,,CC_PAS_MORENA
,25,SINALOA,,,1,AHOME,,,REG,CC_PAS_MORENA,7,LUIS ALBERTO CASTRO RUBIO,1,,CC_PAS_MORENA
,25,SINALOA,,,1,AHOME,,,REG,CC_PAS_MORENA,8,MARYSOL  MORALES VALENZUELA,2,,CC_PAS_MORENA
,25,SINALOA,,,1,AHOME,,,REG,CC_PAS_MORENA,8,RAMONA ALICIA FELIX NAVARRO,2,,CC_PAS_MORENA
,25,SINALOA,,,1,AHOME,,,REG,CC_PAS_MORENA,9,JESUS RAMON SALMERON PEREZ,1,,CC_PAS_MORENA
,25,SINALOA,,,1,AHOME,,,REG,CC_PAS_MORENA,9,PAVEL IVAN PENA RODRIGUEZ,1,,CC_PAS_MORENA
,25,SINALOA,,,1,AHOME,,,SIND,CC_PAS_MORENA,2,CECILIA  HERNANDEZ FLORES,2,,CC_PAS_MORENA
,25,SINALOA,,,1,AHOME,,,SIND,CC_PAS_MORENA,2,PAULA SAMANTHA GUZMAN LEON,2,,CC_PAS_MORENA
,25,SINALOA,,,2,ANGOSTURA,,,PRES_MUN,MORENA,1,MIGUEL ANGEL ANGULO ACOSTA,1,,MORENA
,25,SINALOA,,,2,ANGOSTURA,,,REG,MORENA,3,OCTAVIO  CASTRO FLORES,1,,MORENA
,25,SINALOA,,,2,ANGOSTURA,,,REG,MORENA,3,JOSE RICARDO MASCARENO LOPEZ,1,,MORENA
,25,SINALOA,,,2,ANGOSTURA,,,REG,MORENA,4,MARIA FERNANDA GOMEZ LOPEZ,2,,MORENA
,25,SINALOA,,,2,ANGOSTURA,,,REG,MORENA,4,MARIA PAZ OBESO CASTRO,2,,MORENA
,25,SINALOA,,,2,ANGOSTURA,,,REG,MORENA,5,MARTIN  HERNANDEZ VARELA,1,,MORENA
,25,SINALOA,,,2,ANGOSTURA,,,REG,MORENA,5,BLADIMIR  CONTRERAS ANDRADE,1,,MORENA
,25,SINALOA,,,2,ANGOSTURA,,,SIND,MORENA,2,ADRIANA LIZBETH SANCHEZ ESPINOZA,2,,MORENA
,25,SINALOA,,,2,ANGOSTURA,,,SIND,MORENA,2,GLORIA  CONTRERAS ANDRADE,2,,MORENA
,25,SINALOA,,,3,BADIRAGUATO,,,PRES_MUN,CC_PAS_MORENA,1,JOSE PAZ LOPEZ ELENES,1,,CC_PAS_MORENA
,25,SINALOA,,,3,BADIRAGUATO,,,REG,CC_PAS_MORENA,3,YAJAIRA ESMERALDA RIOS LARA,2,,CC_PAS_MORENA
,25,SINALOA,,,3,BADIRAGUATO,,,REG,CC_PAS_MORENA,3,LUZ ANTONIA ELENES VALDEZ,2,,CC_PAS_MORENA
,25,SINALOA,,,3,BADIRAGUATO,,,REG,CC_PAS_MORENA,4,KIRIA SELENE GARCIA QUIROZ,2,,CC_PAS_MORENA
,25,SINALOA,,,3,BADIRAGUATO,,,REG,CC_PAS_MORENA,4,IRENE  VILLALBA MORALES,2,,CC_PAS_MORENA
,25,SINALOA,,,3,BADIRAGUATO,,,REG,CC_PAS_MORENA,5,LUIS ARMANDO CUEN IRIBE,1,,CC_PAS_MORENA
,25,SINALOA,,,3,BADIRAGUATO,,,REG,CC_PAS_MORENA,5,DAVID  QUIRINO FELIX,1,,CC_PAS_MORENA
,25,SINALOA,,,3,BADIRAGUATO,,,SIND,CC_PAS_MORENA,2,IREKA  JACOBO PAYAN,2,,CC_PAS_MORENA
,25,SINALOA,,,3,BADIRAGUATO,,,SIND,CC_PAS_MORENA,2,TANIA ENID LOPEZ PEREZ,2,,CC_PAS_MORENA
,25,SINALOA,,,7,CHOIX,,,PRES_MUN,CC_PAS_MORENA,1,AMALIA  GASTELUM BARRAZA,2,,CC_PAS_MORENA
,25,SINALOA,,,7,CHOIX,,,REG,CC_PAS_MORENA,3,JULIETA DE JESUS PADILLA REYES,2,,CC_PAS_MORENA
,25,SINALOA,,,7,CHOIX,,,REG,CC_PAS_MORENA,3,NOELIA ABIGAIL FIGUEROA GAXIOLA,2,,CC_PAS_MORENA
,25,SINALOA,,,7,CHOIX,,,REG,CC_PAS_MORENA,4,BRUNO RAMON PASOS VEGA,1,,CC_PAS_MORENA
,25,SINALOA,,,7,CHOIX,,,REG,CC_PAS_MORENA,4,ANIBAL  COURET ESPINOZA,1,,CC_PAS_MORENA
,25,SINALOA,,,7,CHOIX,,,REG,CC_PAS_MORENA,5,ADRIANA SUGEY ROMAN GAMEZ,2,,CC_PAS_MORENA
,25,SINALOA,,,7,CHOIX,,,REG,CC_PAS_MORENA,5,DOLORES  VAZQUEZ TORRES,2,,CC_PAS_MORENA
,25,SINALOA,,,7,CHOIX,,,SIND,CC_PAS_MORENA,2,JESUS YOJARI VEGA COTA,1,,CC_PAS_MORENA
,25,SINALOA,,,7,CHOIX,,,SIND,CC_PAS_MORENA,2,JESUS ERNESTO CERVANTES BUENO,2,,CC_PAS_MORENA
,25,SINALOA,,,4,CONCORDIA,,,PRES_MUN,CC_PAS_MORENA,1,RAUL  DIAZ BERNAL,1,,CC_PAS_MORENA
,25,SINALOA,,,4,CONCORDIA,,,REG,CC_PAS_MORENA,3,JESUS  MENDOZA TIZNADO,1,,CC_PAS_MORENA
,25,SINALOA,,,4,CONCORDIA,,,REG,CC_PAS_MORENA,3,JOSE EMANUEL ARIAS PALACIOS,1,,CC_PAS_MORENA
,25,SINALOA,,,4,CONCORDIA,,,REG,CC_PAS_MORENA,4,EYLEEN ABBYGAIL GARZON GONZALEZ,2,,CC_PAS_MORENA
,25,SINALOA,,,4,CONCORDIA,,,REG,CC_PAS_MORENA,4,MAXIMILIANA LIZETH OCHOA OSUNA,2,,CC_PAS_MORENA
,25,SINALOA,,,4,CONCORDIA,,,REG,CC_PAS_MORENA,5,NESTOR ALONSO CAMACHO ALVAREZ,1,,CC_PAS_MORENA
,25,SINALOA,,,4,CONCORDIA,,,REG,CC_PAS_MORENA,5,FRANCISCO  VIZCARRA PEREZ,1,,CC_PAS_MORENA
,25,SINALOA,,,4,CONCORDIA,,,SIND,CC_PAS_MORENA,2,CARMEN ALICIA PINA SANCHEZ,2,,CC_PAS_MORENA
,25,SINALOA,,,4,CONCORDIA,,,SIND,CC_PAS_MORENA,2,GUADALUPE  GONZALEZ ONTIVEROS,2,,CC_PAS_MORENA
,25,SINALOA,,,5,COSALA,,,PRES_MUN,CC_PAS_MORENA,1,CARLA URSULA CORRALES CORRALES,2,,CC_PAS_MORENA
,25,SINALOA,,,5,COSALA,,,REG,CC_PAS_MORENA,3,MARIA MARISELA GERMAN VEGA,2,,CC_PAS_MORENA
,25,SINALOA,,,5,COSALA,,,REG,CC_PAS_MORENA,3,MARISOL  GUTIERREZ MEZA,2,,CC_PAS_MORENA
,25,SINALOA,,,5,COSALA,,,REG,CC_PAS_MORENA,4,GERARDO  PADILLA RODRIGUEZ,1,,CC_PAS_MORENA
,25,SINALOA,,,5,COSALA,,,REG,CC_PAS_MORENA,4,HECTOR  SANCHEZ SANCHEZ,1,,CC_PAS_MORENA
,25,SINALOA,,,5,COSALA,,,REG,CC_PAS_MORENA,5,YOLANDA  RODRIGUEZ SANCHEZ,2,,CC_PAS_MORENA
,25,SINALOA,,,5,COSALA,,,REG,CC_PAS_MORENA,5,MARLEN AYDE CEBREROS GARCIA,2,,CC_PAS_MORENA
,25,SINALOA,,,5,COSALA,,,SIND,CC_PAS_MORENA,2,ALIONSO JAVIER BELTRAN MOLINA,1,,CC_PAS_MORENA
,25,SINALOA,,,5,COSALA,,,SIND,CC_PAS_MORENA,2,EFREN  GARCIA TRUJILLO,1,,CC_PAS_MORENA
,25,SINALOA,,,6,CULIACAN,,,PRES_MUN,MORENA,1,JESUS  ESTRADA FERREIRO,1,,MORENA
,25,SINALOA,,,6,CULIACAN,,,REG,MORENA,3,JESUS MIGUEL IBARRA ATONDO,1,,MORENA
,25,SINALOA,,,6,CULIACAN,,,REG,MORENA,3,JUAN LORENZO TRASLAVINA CARRILLO,1,,MORENA
,25,SINALOA,,,6,CULIACAN,,,REG,MORENA,4,NALLELY GUADALUPE PEREZ AMEZQUITA,2,,MORENA
,25,SINALOA,,,6,CULIACAN,,,REG,MORENA,4,KARINA ISABEL FRANCO MEZA,2,,MORENA
,25,SINALOA,,,6,CULIACAN,,,REG,MORENA,5,OSCAR MANUEL URIBE PADILLA,1,,MORENA
,25,SINALOA,,,6,CULIACAN,,,REG,MORENA,5,SANTIAGO  VENTURA CARDENAS,1,,MORENA
,25,SINALOA,,,6,CULIACAN,,,REG,MORENA,6,ARELY BERENICE RUIZ LOPEZ,2,,MORENA
,25,SINALOA,,,6,CULIACAN,,,REG,MORENA,6,ROSA EUNICE GUERRERO ZAZUETA,2,,MORENA
,25,SINALOA,,,6,CULIACAN,,,REG,MORENA,7,JOSE MARIA CASANOVA RODRIGUEZ,1,,MORENA
,25,SINALOA,,,6,CULIACAN,,,REG,MORENA,7,OSWALDO ARTURO LAGUNAS URIARTE,1,,MORENA
,25,SINALOA,,,6,CULIACAN,,,REG,MORENA,8,LUZ DEL CARMEN FELIX GARAY,2,,MORENA
,25,SINALOA,,,6,CULIACAN,,,REG,MORENA,8,ANTELMA  LOPEZ RAMIREZ,2,,MORENA
,25,SINALOA,,,6,CULIACAN,,,REG,MORENA,9,SANDINO  LOPEZ MONTES,1,,MORENA
,25,SINALOA,,,6,CULIACAN,,,REG,MORENA,9,RODRIGO  MENDOZA RODRIGUEZ,1,,MORENA
,25,SINALOA,,,6,CULIACAN,,,SIND,MORENA,2,MARIA DEL ROSARIO VALDEZ PAEZ,2,,MORENA
,25,SINALOA,,,6,CULIACAN,,,SIND,MORENA,2,SUSAN PATRICIA PUGA SANCHEZ,2,,MORENA
,25,SINALOA,,,10,EL FUERTE,,,PRES_MUN,MORENA,1,GILDARDO  LEYVA ORTEGA,1,,MORENA
,25,SINALOA,,,10,EL FUERTE,,,REG,MORENA,3,LUIS ADAN VALENZUELA GONZALEZ,1,,MORENA
,25,SINALOA,,,10,EL FUERTE,,,REG,MORENA,3,PEDRO ARTURO LAUREAN BACASEGUA,1,,MORENA
,25,SINALOA,,,10,EL FUERTE,,,REG,MORENA,4,VILMA JUDITH LOPEZ SARMIENTO,2,,MORENA
,25,SINALOA,,,10,EL FUERTE,,,REG,MORENA,4,CATALINA  VALENZUELA ALVAREZ,2,,MORENA
,25,SINALOA,,,10,EL FUERTE,,,REG,MORENA,5,JOSE MARIA FLORES SOTO,1,,MORENA
,25,SINALOA,,,10,EL FUERTE,,,REG,MORENA,5,MIGUEL  CECENA RUELAS,1,,MORENA
,25,SINALOA,,,10,EL FUERTE,,,REG,MORENA,6,SANDRA  HAM MENDIVIL,2,,MORENA
,25,SINALOA,,,10,EL FUERTE,,,REG,MORENA,6,JUANA  RODRIGUEZ PACHECO,2,,MORENA
,25,SINALOA,,,10,EL FUERTE,,,REG,MORENA,7,JOSE RAMON BUENO IBARRA,1,,MORENA
,25,SINALOA,,,10,EL FUERTE,,,REG,MORENA,7,MARCO VINICIO PINA GARCIA,1,,MORENA
,25,SINALOA,,,10,EL FUERTE,,,SIND,MORENA,2,MAYRA LILIAN OSORIO ARMENTA,2,,MORENA
,25,SINALOA,,,10,EL FUERTE,,,SIND,MORENA,2,YENDI ALEJANDRA RUIZ LOPEZ,2,,MORENA
,25,SINALOA,,,8,ELOTA,,,PRES_MUN,PT,1,ANA KAREN VAL MEDINA,2,,PT
,25,SINALOA,,,8,ELOTA,,,REG,PT,3,MARIA  CORONEL CHAIDEZ,2,,PT
,25,SINALOA,,,8,ELOTA,,,REG,PT,3,ROSITA DEYANIRA RIOS VAZQUEZ,2,,PT
,25,SINALOA,,,8,ELOTA,,,REG,PT,4,SIMON  SANDOVAL ROSAS,1,,PT
,25,SINALOA,,,8,ELOTA,,,REG,PT,4,VICTOR ALFONSO VIDAL MILLAN,1,,PT
,25,SINALOA,,,8,ELOTA,,,REG,PT,5,VANESSA  TORRES LOPEZ,2,,PT
,25,SINALOA,,,8,ELOTA,,,REG,PT,5,CINTIA JAZMIN BARRAZA FERRO,2,,PT
,25,SINALOA,,,8,ELOTA,,,SIND,PT,2,PEDRO ANTONIO MARTINEZ LOPEZ,1,,PT
,25,SINALOA,,,8,ELOTA,,,SIND,PT,2,ROGELIO  MEZA SAMANO,1,,PT
,25,SINALOA,,,9,ESCUINAPA,,,PRES_MUN,CC_PAS_MORENA,1,BLANCA ESTHELA GARCIA SANCHEZ,2,,CC_PAS_MORENA
,25,SINALOA,,,9,ESCUINAPA,,,REG,CC_PAS_MORENA,3,ROSA VANESSA CORONADO MALDONADO,2,,CC_PAS_MORENA
,25,SINALOA,,,9,ESCUINAPA,,,REG,CC_PAS_MORENA,3,XOCHITL PAOLA IBARRA CORONA,2,,CC_PAS_MORENA
,25,SINALOA,,,9,ESCUINAPA,,,REG,CC_PAS_MORENA,4,FRANCISCO  CORONA BETANCOURT,1,,CC_PAS_MORENA
,25,SINALOA,,,9,ESCUINAPA,,,REG,CC_PAS_MORENA,4,HUGO SANTIAGO LOC HERRERA,1,,CC_PAS_MORENA
,25,SINALOA,,,9,ESCUINAPA,,,REG,CC_PAS_MORENA,5,JAZHEEL ESTEFANIA ACOSTA ALEMAN,2,,CC_PAS_MORENA
,25,SINALOA,,,9,ESCUINAPA,,,REG,CC_PAS_MORENA,5,YLIANA  HERNANDEZ GARIBALDI,2,,CC_PAS_MORENA
,25,SINALOA,,,9,ESCUINAPA,,,REG,CC_PAS_MORENA,6,SANTIAGO  LORA OLIVA,1,,CC_PAS_MORENA
,25,SINALOA,,,9,ESCUINAPA,,,REG,CC_PAS_MORENA,6,ROSARIO MARTIN CARDENAS CASTRO,1,,CC_PAS_MORENA
,25,SINALOA,,,9,ESCUINAPA,,,REG,CC_PAS_MORENA,7,ROCIO GUADALUPE CASTILLO ZAMORA,2,,CC_PAS_MORENA
,25,SINALOA,,,9,ESCUINAPA,,,REG,CC_PAS_MORENA,7,MARIA CANDELARIA MARTINEZ RODRIGUEZ,2,,CC_PAS_MORENA
,25,SINALOA,,,9,ESCUINAPA,,,SIND,CC_PAS_MORENA,2,JOSE ANTONIO PRADO ZARATE,1,,CC_PAS_MORENA
,25,SINALOA,,,9,ESCUINAPA,,,SIND,CC_PAS_MORENA,2,JUAN DIONISIO AGUILAR RIVERA,1,,CC_PAS_MORENA
,25,SINALOA,,,11,GUASAVE,,,PRES_MUN,CC_PAS_MORENA,1,MARTIN DE JESUS AHUMADA QUINTERO,1,,CC_PAS_MORENA
,25,SINALOA,,,11,GUASAVE,,,REG,CC_PAS_MORENA,3,CUAUHTEMOC  ROMERO SANCHEZ,1,,CC_PAS_MORENA
,25,SINALOA,,,11,GUASAVE,,,REG,CC_PAS_MORENA,3,ARNOLDO  ESPINOZA CORRALES,1,,CC_PAS_MORENA
,25,SINALOA,,,11,GUASAVE,,,REG,CC_PAS_MORENA,4,MAURA  GUERRERO SANCHEZ,2,,CC_PAS_MORENA
,25,SINALOA,,,11,GUASAVE,,,REG,CC_PAS_MORENA,4,ESMERALDA  COTA CABRERA,2,,CC_PAS_MORENA
,25,SINALOA,,,11,GUASAVE,,,REG,CC_PAS_MORENA,5,JULIO IVAN VILLACANA TORRES,1,,CC_PAS_MORENA
,25,SINALOA,,,11,GUASAVE,,,REG,CC_PAS_MORENA,5,CARLOS MIGUEL MEZURA GODOY,1,,CC_PAS_MORENA
,25,SINALOA,,,11,GUASAVE,,,REG,CC_PAS_MORENA,6,ADRIANA  VALENZUELA BENITEZ,2,,CC_PAS_MORENA
,25,SINALOA,,,11,GUASAVE,,,REG,CC_PAS_MORENA,6,ANGELICA MARIA RABAGO ESPINOZA,2,,CC_PAS_MORENA
,25,SINALOA,,,11,GUASAVE,,,REG,CC_PAS_MORENA,7,JOSE LUIS QUEVEDO CASTRO,1,,CC_PAS_MORENA
,25,SINALOA,,,11,GUASAVE,,,REG,CC_PAS_MORENA,7,HUMBERTO  GALVEZ RODRIGUEZ,1,,CC_PAS_MORENA
,25,SINALOA,,,11,GUASAVE,,,REG,CC_PAS_MORENA,8,DULCE VALERIA DIAZ HUICHO,2,,CC_PAS_MORENA
,25,SINALOA,,,11,GUASAVE,,,REG,CC_PAS_MORENA,8,DELIA  LOPEZ LOPEZ,2,,CC_PAS_MORENA
,25,SINALOA,,,11,GUASAVE,,,REG,CC_PAS_MORENA,9,SERGIO ALONSO GARCIA MONTOYA,1,,CC_PAS_MORENA
,25,SINALOA,,,11,GUASAVE,,,REG,CC_PAS_MORENA,9,CESAR AARON YUNUE ANGULO DIMAS,1,,CC_PAS_MORENA
,25,SINALOA,,,11,GUASAVE,,,SIND,CC_PAS_MORENA,2,GEORGINA  BURCIAGA ARMENTA,2,,CC_PAS_MORENA
,25,SINALOA,,,11,GUASAVE,,,SIND,CC_PAS_MORENA,2,ELIEZER  LEAL LOPEZ,2,,CC_PAS_MORENA
,25,SINALOA,,,12,MAZATLAN,,,PRES_MUN,MORENA,1,LUIS GUILLERMO BENITEZ TORRES,1,,MORENA
,25,SINALOA,,,12,MAZATLAN,,,REG,MORENA,3,REYNALDO  GONZALEZ MEZA,1,,MORENA
,25,SINALOA,,,12,MAZATLAN,,,REG,MORENA,3,ROGELIO  BUELNA SANCHEZ,1,,MORENA
,25,SINALOA,,,12,MAZATLAN,,,REG,MORENA,4,AMERICA CYNTHIA CARRASCO VALENZUELA,2,,MORENA
,25,SINALOA,,,12,MAZATLAN,,,REG,MORENA,4,AIDE  TOSTADO RAMIREZ,2,,MORENA
,25,SINALOA,,,12,MAZATLAN,,,REG,MORENA,5,JESUS  OSUNA LAMARQUE,1,,MORENA
,25,SINALOA,,,12,MAZATLAN,,,REG,MORENA,5,EDUARDO  MARTINEZ LOPEZ,1,,MORENA
,25,SINALOA,,,12,MAZATLAN,,,REG,MORENA,6,FRANCISCA  OSUNA VELARDE,2,,MORENA
,25,SINALOA,,,12,MAZATLAN,,,REG,MORENA,6,ARACELY  VALENZUELA ACOSTA,2,,MORENA
,25,SINALOA,,,12,MAZATLAN,,,REG,MORENA,7,JESUS RAFAEL SANDOVAL GAXIOLA,1,,MORENA
,25,SINALOA,,,12,MAZATLAN,,,REG,MORENA,7,USAIN  HERNANDEZ COATZIN,1,,MORENA
,25,SINALOA,,,12,MAZATLAN,,,REG,MORENA,8,CLAUDIA  PENA CHICO,2,,MORENA
,25,SINALOA,,,12,MAZATLAN,,,REG,MORENA,8,CELESTE  MOSQUEDA SAAVEDRA,2,,MORENA
,25,SINALOA,,,12,MAZATLAN,,,REG,MORENA,9,ROBERTO  RODRIGUEZ LIZARRAGA,1,,MORENA
,25,SINALOA,,,12,MAZATLAN,,,REG,MORENA,9,JOSE FELIX MEJIA MARTINEZ,1,,MORENA
,25,SINALOA,,,12,MAZATLAN,,,SIND,MORENA,2,CLAUDIA MAGDALENA CARDENAS DIAZ,2,,MORENA
,25,SINALOA,,,12,MAZATLAN,,,SIND,MORENA,2,DIANA FABIOLA MARTINEZ TIRADO,2,,MORENA
,25,SINALOA,,,13,MOCORITO,,,PRES_MUN,CC_PAS_MORENA,1,MARIA  ELIZALDE RUELAS,2,,CC_PAS_MORENA
,25,SINALOA,,,13,MOCORITO,,,REG,CC_PAS_MORENA,3,YAQUELINE MABEL ARCE ARMENTA,2,,CC_PAS_MORENA
,25,SINALOA,,,13,MOCORITO,,,REG,CC_PAS_MORENA,3,MIREYA  ROCHIN BARRAZA,2,,CC_PAS_MORENA
,25,SINALOA,,,13,MOCORITO,,,REG,CC_PAS_MORENA,4,JOSE SILVANO HIGUERA MERAZ,1,,CC_PAS_MORENA
,25,SINALOA,,,13,MOCORITO,,,REG,CC_PAS_MORENA,4,JESUS MARTIN JUAREZ GUTIERREZ,1,,CC_PAS_MORENA
,25,SINALOA,,,13,MOCORITO,,,REG,CC_PAS_MORENA,5,EDITH BERENICE RODRIGUEZ LOPEZ,2,,CC_PAS_MORENA
,25,SINALOA,,,13,MOCORITO,,,REG,CC_PAS_MORENA,5,EMMA MARIA CUADRAS GALAVIZ,2,,CC_PAS_MORENA
,25,SINALOA,,,13,MOCORITO,,,REG,CC_PAS_MORENA,6,JOSE LUIS SANCHEZ FELIX,1,,CC_PAS_MORENA
,25,SINALOA,,,13,MOCORITO,,,REG,CC_PAS_MORENA,6,AURELIO  GONZALEZ ZAVALA,1,,CC_PAS_MORENA
,25,SINALOA,,,13,MOCORITO,,,REG,CC_PAS_MORENA,7,IRMA ARROYO RENTERIA,2,,CC_PAS_MORENA
,25,SINALOA,,,13,MOCORITO,,,REG,CC_PAS_MORENA,7,ANGELINA  FUENTES POZOS,2,,CC_PAS_MORENA
,25,SINALOA,,,13,MOCORITO,,,SIND,CC_PAS_MORENA,2,ENRIQUE  PARRA MELECIO,1,,CC_PAS_MORENA
,25,SINALOA,,,13,MOCORITO,,,SIND,CC_PAS_MORENA,2,JESUS MANUEL JIMENEZ GIL,1,,CC_PAS_MORENA
,25,SINALOA,,,18,NAVOLATO,,,PRES_MUN,CC_PAS_MORENA,1,MARGOTH  URREA PEREZ,2,,CC_PAS_MORENA
,25,SINALOA,,,18,NAVOLATO,,,REG,CC_PAS_MORENA,3,ALBA PATRICIA BARRAZA BELTRAN,2,,CC_PAS_MORENA
,25,SINALOA,,,18,NAVOLATO,,,REG,CC_PAS_MORENA,3,ROSAURA EDITH ACOSTA MEDINA,2,,CC_PAS_MORENA
,25,SINALOA,,,18,NAVOLATO,,,REG,CC_PAS_MORENA,4,LEONEL  AGUIRRE MEZA,1,,CC_PAS_MORENA
,25,SINALOA,,,18,NAVOLATO,,,REG,CC_PAS_MORENA,4,ALEJANDRINO  RODELO MEDINA,1,,CC_PAS_MORENA
,25,SINALOA,,,18,NAVOLATO,,,REG,CC_PAS_MORENA,5,MYRNA ROCIO VERASTICA MEDINA,2,,CC_PAS_MORENA
,25,SINALOA,,,18,NAVOLATO,,,REG,CC_PAS_MORENA,5,ALMA LETICIA CUEVAS CHAIDEZ,2,,CC_PAS_MORENA
,25,SINALOA,,,18,NAVOLATO,,,REG,CC_PAS_MORENA,6,FRANCISCO  CASTRO LOPEZ,1,,CC_PAS_MORENA
,25,SINALOA,,,18,NAVOLATO,,,REG,CC_PAS_MORENA,6,RAFAEL ALEXIS MORALES PARTIDA,1,,CC_PAS_MORENA
,25,SINALOA,,,18,NAVOLATO,,,REG,CC_PAS_MORENA,7,MARIA DEL CARMEN NORIEGA RAMOS,2,,CC_PAS_MORENA
,25,SINALOA,,,18,NAVOLATO,,,REG,CC_PAS_MORENA,7,TREICY  MORALES GASTELUM,2,,CC_PAS_MORENA
,25,SINALOA,,,18,NAVOLATO,,,SIND,CC_PAS_MORENA,2,CESAR ARMANDO VALENZUELA LUNA,1,,CC_PAS_MORENA
,25,SINALOA,,,18,NAVOLATO,,,SIND,CC_PAS_MORENA,2,MANUEL ALBERTO GASTELUM ROMO,1,,CC_PAS_MORENA
,25,SINALOA,,,14,ROSARIO,,,PRES_MUN,CC_PAS_MORENA,1,CLAUDIA LILIANA VALDEZ AGUILAR,2,,CC_PAS_MORENA
,25,SINALOA,,,14,ROSARIO,,,REG,CC_PAS_MORENA,3,ANNSHAIRA ERNESTINA AGUILAR GARCIA,2,,CC_PAS_MORENA
,25,SINALOA,,,14,ROSARIO,,,REG,CC_PAS_MORENA,3,KAREN GUADALUPE HERNANDEZ DIAZ,2,,CC_PAS_MORENA
,25,SINALOA,,,14,ROSARIO,,,REG,CC_PAS_MORENA,4,JOSE SANTOS BASTIDAS OSUNA,1,,CC_PAS_MORENA
,25,SINALOA,,,14,ROSARIO,,,REG,CC_PAS_MORENA,4,JESUS ARCADIO BARRON SANCHEZ,1,,CC_PAS_MORENA
,25,SINALOA,,,14,ROSARIO,,,REG,CC_PAS_MORENA,5,LUCERO ELIZABETH OVALLE LERMA,2,,CC_PAS_MORENA
,25,SINALOA,,,14,ROSARIO,,,REG,CC_PAS_MORENA,5,MARIA DEL MAR VALDEZ RAMIREZ,2,,CC_PAS_MORENA
,25,SINALOA,,,14,ROSARIO,,,REG,CC_PAS_MORENA,6,JESUS CRISTINA ARROYO RODRIGUEZ,2,,CC_PAS_MORENA
,25,SINALOA,,,14,ROSARIO,,,REG,CC_PAS_MORENA,6,MARIA DEL SOCORRO GUERRERO ZAMORA,2,,CC_PAS_MORENA
,25,SINALOA,,,14,ROSARIO,,,REG,CC_PAS_MORENA,7,JORGE  FIGUEROA POPOCA,1,,CC_PAS_MORENA
,25,SINALOA,,,14,ROSARIO,,,REG,CC_PAS_MORENA,7,JUAN  FERNANDEZ ORTEGA,1,,CC_PAS_MORENA
,25,SINALOA,,,14,ROSARIO,,,SIND,CC_PAS_MORENA,2,ARMANDO  RODRIGUEZ TIRADO,1,,CC_PAS_MORENA
,25,SINALOA,,,14,ROSARIO,,,SIND,CC_PAS_MORENA,2,MAURO  ZATARAIN LIZARRAGA,1,,CC_PAS_MORENA
,25,SINALOA,,,15,SALVADOR ALVARADO,,,PRES_MUN,CC_PAS_MORENA,1,ARMANDO  CAMACHO AGUILAR,1,,CC_PAS_MORENA
,25,SINALOA,,,15,SALVADOR ALVARADO,,,REG,CC_PAS_MORENA,3,GERMAN  AHUMADA JUAREZ,1,,CC_PAS_MORENA
,25,SINALOA,,,15,SALVADOR ALVARADO,,,REG,CC_PAS_MORENA,3,JULIO CESAR LOPEZ RAMOS,1,,CC_PAS_MORENA
,25,SINALOA,,,15,SALVADOR ALVARADO,,,REG,CC_PAS_MORENA,4,ILIANA KARINA MORAGA INZUNZA,2,,CC_PAS_MORENA
,25,SINALOA,,,15,SALVADOR ALVARADO,,,REG,CC_PAS_MORENA,4,INGRID ALICIA LOPEZ SAGASTE,2,,CC_PAS_MORENA
,25,SINALOA,,,15,SALVADOR ALVARADO,,,REG,CC_PAS_MORENA,5,UBALDO  MONTES RODRIGUEZ,1,,CC_PAS_MORENA
,25,SINALOA,,,15,SALVADOR ALVARADO,,,REG,CC_PAS_MORENA,5,SERGIO OMAR CAMACHO MASCARENO,1,,CC_PAS_MORENA
,25,SINALOA,,,15,SALVADOR ALVARADO,,,REG,CC_PAS_MORENA,6,ROSA ARMIDA ZAYAS BARRERAS,2,,CC_PAS_MORENA
,25,SINALOA,,,15,SALVADOR ALVARADO,,,REG,CC_PAS_MORENA,6,PAULINA  SAIZ AGUILAR,2,,CC_PAS_MORENA
,25,SINALOA,,,15,SALVADOR ALVARADO,,,REG,CC_PAS_MORENA,7,ROMEO GELINEC GALINDO INZUNZA,1,,CC_PAS_MORENA
,25,SINALOA,,,15,SALVADOR ALVARADO,,,REG,CC_PAS_MORENA,7,JOSE CARLOS HIGUERA ARCE,1,,CC_PAS_MORENA
,25,SINALOA,,,15,SALVADOR ALVARADO,,,SIND,CC_PAS_MORENA,2,MARTHA OLIVIA GONZALEZ MONTOYA,2,,CC_PAS_MORENA
,25,SINALOA,,,15,SALVADOR ALVARADO,,,SIND,CC_PAS_MORENA,2,CAROLINA  SANTIAGO OCHOA,2,,CC_PAS_MORENA
,25,SINALOA,,,16,SAN IGNACIO,,,PRES_MUN,PES,1,OCTAVIO  BASTIDAS MANJARREZ,1,,PES
,25,SINALOA,,,16,SAN IGNACIO,,,REG,PES,3,JERONIMO  AGUIRRE AGUIRRE,1,,PES
,25,SINALOA,,,16,SAN IGNACIO,,,REG,PES,3,GENARO JOSE OCIO NUNEZ,1,,PES
,25,SINALOA,,,16,SAN IGNACIO,,,REG,PES,4,MARIA CONCEPCION CRUZ ASTORGA,2,,PES
,25,SINALOA,,,16,SAN IGNACIO,,,REG,PES,4,MARIA ISABEL ESPERICUETA BONILLA,2,,PES
,25,SINALOA,,,16,SAN IGNACIO,,,REG,PES,5,JESUS REYNALDO RODRIGUEZ IBARRA,1,,PES
,25,SINALOA,,,16,SAN IGNACIO,,,REG,PES,5,ALFONSO  MELLADO SANDOVAL,1,,PES
,25,SINALOA,,,16,SAN IGNACIO,,,SIND,PES,2,MAGALY  MANJARREZ BASTIDAS,2,,PES
,25,SINALOA,,,16,SAN IGNACIO,,,SIND,PES,2,MARTHA EMILIA PADILLA PERAZA,2,,PES
,25,SINALOA,,,17,SINALOA,,,PRES_MUN,PRI,1,ROLANDO  XX MERCADO,1,,PRI
,25,SINALOA,,,17,SINALOA,,,REG,PRI,3,PEDRO  ALVAREZ LOPEZ,1,,PRI
,25,SINALOA,,,17,SINALOA,,,REG,PRI,3,JOSE CRUZ COTA MEZA,1,,PRI
,25,SINALOA,,,17,SINALOA,,,REG,PRI,4,BLANCA YESENIA BOJORQUEZ PEREZ,2,,PRI
,25,SINALOA,,,17,SINALOA,,,REG,PRI,4,JESUS OLIVIA ZAVALA ZAVALA,2,,PRI
,25,SINALOA,,,17,SINALOA,,,REG,PRI,5,LUIS FELIPE ESPINOZA CAZARES,1,,PRI
,25,SINALOA,,,17,SINALOA,,,REG,PRI,5,FREDY ENRIQUE OBESO MORENO,1,,PRI
,25,SINALOA,,,17,SINALOA,,,REG,PRI,6,RITA BERENICE VERDUZCO ACOSTA,2,,PRI
,25,SINALOA,,,17,SINALOA,,,REG,PRI,6,MARTINA  SALCEDO BAEZ,2,,PRI
,25,SINALOA,,,17,SINALOA,,,REG,PRI,7,JESUS EFREN LOPEZ LOPEZ,1,,PRI
,25,SINALOA,,,17,SINALOA,,,REG,PRI,7,RITO  QUINONEZ VALDEZ,1,,PRI
,25,SINALOA,,,17,SINALOA,,,SIND,PRI,2,MINERBA GUADALUPE FLORES GAMEZ,2,,PRI
,25,SINALOA,,,17,SINALOA,,,SIND,PRI,2,MARIA CATALINA BERREAZA PEREZ,2,,PRI
,25,SINALOA,,SINALOA,,,,,GOB,CC_PAS_MORENA,1,RUBEN  ROCHA MOYA,1,,CC_PAS_MORENA
,25,SINALOA,1,EL FUERTE,,,,,DIP_LOC_MR,CC_PAS_MORENA,1,MARTIN  VEGA ALVAREZ,1,,CC_PAS_MORENA
,25,SINALOA,1,EL FUERTE,,,,,DIP_LOC_MR,CC_PAS_MORENA,1,REGINA  YOCUPICIO VELAZQUEZ,2,,CC_PAS_MORENA
,25,SINALOA,2,LOS MOCHIS,,,,,DIP_LOC_MR,CC_PAS_MORENA,1,JUANA MINERVA VAZQUEZ GONZALEZ,2,,CC_PAS_MORENA
,25,SINALOA,2,LOS MOCHIS,,,,,DIP_LOC_MR,CC_PAS_MORENA,1,SILVIA  ORTIZ CASTRO,2,,CC_PAS_MORENA
,25,SINALOA,3,LOS MOCHIS,,,,,DIP_LOC_MR,CC_PAS_MORENA,1,CESAR ISMAEL GUERRERO ALARCON,1,,CC_PAS_MORENA
,25,SINALOA,3,LOS MOCHIS,,,,,DIP_LOC_MR,CC_PAS_MORENA,1,GUADALUPE ERNESTO GARCIA COTA,1,,CC_PAS_MORENA
,25,SINALOA,4,LOS MOCHIS,,,,,DIP_LOC_MR,CC_PAS_MORENA,1,ELIZABETH  CHIA GALAVIZ,2,,CC_PAS_MORENA
,25,SINALOA,4,LOS MOCHIS,,,,,DIP_LOC_MR,CC_PAS_MORENA,1,MONICA  ARMENTA ELENES,2,,CC_PAS_MORENA
,25,SINALOA,5,LOS MOCHIS,,,,,DIP_LOC_MR,CC_PAS_MORENA,1,CECILIA  COVARRUBIAS GONZALEZ,2,,CC_PAS_MORENA
,25,SINALOA,5,LOS MOCHIS,,,,,DIP_LOC_MR,CC_PAS_MORENA,1,ADILENE  CHAVARRIA ESPINOZA,2,,CC_PAS_MORENA
,25,SINALOA,6,SINALOA DE LEYVA,,,,,DIP_LOC_MR,CC_PAS_MORENA,1,FELICIANO  VALLE SANDOVAL,1,,CC_PAS_MORENA
,25,SINALOA,6,SINALOA DE LEYVA,,,,,DIP_LOC_MR,CC_PAS_MORENA,1,VICTOR EVELIO MUNOZ CARDENAS,1,,CC_PAS_MORENA
,25,SINALOA,7,GUASAVE,,,,,DIP_LOC_MR,CC_PAS_MORENA,1,ALBA VIRGEN MONTES ALVAREZ,2,,CC_PAS_MORENA
,25,SINALOA,7,GUASAVE,,,,,DIP_LOC_MR,CC_PAS_MORENA,1,AMALIA GEORGINA FLORES CAZARES,2,,CC_PAS_MORENA
,25,SINALOA,8,GUASAVE,,,,,DIP_LOC_MR,CC_PAS_MORENA,1,FELICITA  POMPA ROBLES,2,,CC_PAS_MORENA
,25,SINALOA,8,GUASAVE,,,,,DIP_LOC_MR,CC_PAS_MORENA,1,GRACIELA ROSMERY SANCHEZ SANCHEZ,2,,CC_PAS_MORENA
,25,SINALOA,9,GUAMUCHIL,,,,,DIP_LOC_MR,CC_PAS_MORENA,1,AMBROCIO  CHAVEZ CHAVEZ,1,,CC_PAS_MORENA
,25,SINALOA,9,GUAMUCHIL,,,,,DIP_LOC_MR,CC_PAS_MORENA,1,CESAR EUTIQUIO DOMINGUEZ SANDOVAL,1,,CC_PAS_MORENA
,25,SINALOA,10,MOCORITO,,,,,DIP_LOC_MR,CC_PAS_MORENA,1,LUZ VERONICA AVILES ROCHIN,2,,CC_PAS_MORENA
,25,SINALOA,10,MOCORITO,,,,,DIP_LOC_MR,CC_PAS_MORENA,1,TAMARA  GIL CHAIREZ,2,,CC_PAS_MORENA
,25,SINALOA,11,NAVOLATO,,,,,DIP_LOC_MR,CC_PAS_MORENA,1,MARCO CESAR ALMARAL RODRIGUEZ,1,,CC_PAS_MORENA
,25,SINALOA,11,NAVOLATO,,,,,DIP_LOC_MR,CC_PAS_MORENA,1,JORGE LINO CHU LOPEZ,1,,CC_PAS_MORENA
,25,SINALOA,12,CULIACAN DE ROSALES,,,,,DIP_LOC_MR,CC_PAS_MORENA,1,ALMENDRA ERNESTINA NEGRETE SANCHEZ,2,,CC_PAS_MORENA
,25,SINALOA,12,CULIACAN DE ROSALES,,,,,DIP_LOC_MR,CC_PAS_MORENA,1,NIO MASIEL SAINZ GARDUNO,1,,CC_PAS_MORENA
,25,SINALOA,13,CULIACAN DE ROSALES,,,,,DIP_LOC_MR,CC_PAS_MORENA,1,FELICIANO  CASTRO MELENDREZ,1,,CC_PAS_MORENA
,25,SINALOA,13,CULIACAN DE ROSALES,,,,,DIP_LOC_MR,CC_PAS_MORENA,1,JUAN DE DIOS GAMEZ MENDIVIL,1,,CC_PAS_MORENA
,25,SINALOA,14,CULIACAN DE ROSALES,,,,,DIP_LOC_MR,CC_PAS_MORENA,1,JESUS ALFONSO IBARRA RAMOS,1,,CC_PAS_MORENA
,25,SINALOA,14,CULIACAN DE ROSALES,,,,,DIP_LOC_MR,CC_PAS_MORENA,1,RUBEN  MIRANDA LOPEZ,1,,CC_PAS_MORENA
,25,SINALOA,15,CULIACAN DE ROSALES,,,,,DIP_LOC_MR,CC_PAS_MORENA,1,MARIA VICTORIA SANCHEZ PENA,2,,CC_PAS_MORENA
,25,SINALOA,15,CULIACAN DE ROSALES,,,,,DIP_LOC_MR,CC_PAS_MORENA,1,GLORIA VANESSA AVENDANO MEDINA,2,,CC_PAS_MORENA
,25,SINALOA,16,CULIACAN DE ROSALES,,,,,DIP_LOC_MR,CC_PAS_MORENA,1,MARCO ANTONIO ZAZUETA ZAZUETA,1,,CC_PAS_MORENA
,25,SINALOA,16,CULIACAN DE ROSALES,,,,,DIP_LOC_MR,CC_PAS_MORENA,1,OMAR ALEJANDRO LOPEZ CAMPOS,1,,CC_PAS_MORENA
,25,SINALOA,17,CULIACAN DE ROSALES,,,,,DIP_LOC_MR,CC_PAS_MORENA,1,GENE RENE BOJORQUEZ RUIZ,1,,CC_PAS_MORENA
,25,SINALOA,17,CULIACAN DE ROSALES,,,,,DIP_LOC_MR,CC_PAS_MORENA,1,ISABEL  SICAIROS VALDEZ,2,,CC_PAS_MORENA
,25,SINALOA,18,CULIACAN DE ROSALES,,,,,DIP_LOC_MR,CC_PAS_MORENA,1,SERAPIO  VARGAS RAMIREZ,1,,CC_PAS_MORENA
,25,SINALOA,18,CULIACAN DE ROSALES,,,,,DIP_LOC_MR,CC_PAS_MORENA,1,RODOLFO  VALENZUELA SANCHEZ,1,,CC_PAS_MORENA
,25,SINALOA,19,LA CRUZ,,,,,DIP_LOC_MR,CC_PAS_MORENA,1,VIRIDIANA  CAMACHO MILLAN,2,,CC_PAS_MORENA
,25,SINALOA,19,LA CRUZ,,,,,DIP_LOC_MR,CC_PAS_MORENA,1,LUZ MARIA TORRES NORIEGA,2,,CC_PAS_MORENA
,25,SINALOA,20,MAZATLAN,,,,,DIP_LOC_MR,CC_PAS_MORENA,1,ALMA ROSA GARZON AGUILAR,2,,CC_PAS_MORENA
,25,SINALOA,20,MAZATLAN,,,,,DIP_LOC_MR,CC_PAS_MORENA,1,IRMA CELIA ZATARAIN PAEZ,2,,CC_PAS_MORENA
,25,SINALOA,21,MAZATLAN,,,,,DIP_LOC_MR,CC_PAS_MORENA,1,MARIA DEL ROSARIO OSUNA GUTIERREZ,2,,CC_PAS_MORENA
,25,SINALOA,21,MAZATLAN,,,,,DIP_LOC_MR,CC_PAS_MORENA,1,NORMA ALICIA SOTO MONTOYA,2,,CC_PAS_MORENA
,25,SINALOA,22,MAZATLAN,,,,,DIP_LOC_MR,CC_PAS_MORENA,1,FLOR EMILIA GUERRA MENA,2,,CC_PAS_MORENA
,25,SINALOA,22,MAZATLAN,,,,,DIP_LOC_MR,CC_PAS_MORENA,1,RITA  FIERRO REYES,2,,CC_PAS_MORENA
,25,SINALOA,23,MAZATLAN,,,,,DIP_LOC_MR,CC_PAS_MORENA,1,JUAN CARLOS PATRON ROSALES,1,,CC_PAS_MORENA
,25,SINALOA,23,MAZATLAN,,,,,DIP_LOC_MR,CC_PAS_MORENA,1,ADALBERTO  VALLE PEREZ,1,,CC_PAS_MORENA
,25,SINALOA,24,EL ROSARIO,,,,,DIP_LOC_MR,CC_PAS_MORENA,1,ROSARIO GUADALUPE SARABIA SOTO,2,,CC_PAS_MORENA
,25,SINALOA,24,EL ROSARIO,,,,,DIP_LOC_MR,CC_PAS_MORENA,1,NANCY DALILA HERNANDEZ DOMINGUEZ,2,,CC_PAS_MORENA
1,25,SINALOA,,,1,AHOME,,,REG,PAN,1,MARIA DE LOS ANGELES HEREDIA ZAVALA,2,,PAN
1,25,SINALOA,,,1,AHOME,,,REG,PAN,1,ANABELLA GUADALUPE GAXIOLA CASTRO,2,,PAN
1,25,SINALOA,,,1,AHOME,,,REG,PRI,2,LAURA ELENA VALDEZ MORENO,2,,PRI
1,25,SINALOA,,,1,AHOME,,,REG,PRI,2,AARONA  LEYVA CERVANTES,2,,PRI
1,25,SINALOA,,,1,AHOME,,,REG,PT,3,JULIO CESAR VALDEZ MIGUEL,1,,PT
1,25,SINALOA,,,1,AHOME,,,REG,PT,3,RAUL  PAZOS MEDINA,1,,PT
1,25,SINALOA,,,1,AHOME,,,REG,MC,4,JOSE ANGEL CAMACHO ARMENTA,1,,MC
1,25,SINALOA,,,1,AHOME,,,REG,MC,4,JOSHUA HUMBERTO CHAVEZ ARMENTA,1,,MC
1,25,SINALOA,,,1,AHOME,,,REG,FXM,5,ANGELINA  VALENZUELA BENITES,2,,FXM
1,25,SINALOA,,,1,AHOME,,,REG,FXM,5,AURORA  SANCHEZ MEZA,2,,FXM
1,25,SINALOA,,,2,ANGOSTURA,,,REG,PAS,3,MAIRALI ANAHI RUELAS CAMACHO,2,,PAS
1,25,SINALOA,,,2,ANGOSTURA,,,REG,PAS,3,MARGARITA  GONZALEZ GUTIERREZ,2,,PAS
1,25,SINALOA,,,2,ANGOSTURA,,,REG,PRI,1,JORGE MARIO RIVERA CAMACHO,1,,PRI
1,25,SINALOA,,,2,ANGOSTURA,,,REG,PRI,1,GEYBER NOEL INZUNZA ORTIZ,1,,PRI
1,25,SINALOA,,,2,ANGOSTURA,,,REG,PRI,2,MIRIAM ROCIO CASTRO GARCIA,2,,PRI
1,25,SINALOA,,,2,ANGOSTURA,,,REG,PRI,2,JULIETA SELENE BENITEZ SANCHEZ,2,,PRI
1,25,SINALOA,,,3,BADIRAGUATO,,,REG,PRI,1,JETZAEL ALDAIR LARA SOTO,1,,PRI
1,25,SINALOA,,,3,BADIRAGUATO,,,REG,PRI,1,LUIS SANTIAGO BELTRAN FELIX,1,,PRI
1,25,SINALOA,,,3,BADIRAGUATO,,,REG,PRI,2,SANDY MARIZOL ROBLES OLIVAS,2,,PRI
1,25,SINALOA,,,3,BADIRAGUATO,,,REG,PRI,2,HEIDI ALIZETH PARRA LARA,2,,PRI
1,25,SINALOA,,,3,BADIRAGUATO,,,REG,PRI,3,JORGE FERNANDO ORTA CABRERA,1,,PRI
1,25,SINALOA,,,3,BADIRAGUATO,,,REG,PRI,3,DAVID ALONSO SANCHEZ LAZCANO,1,,PRI
1,25,SINALOA,,,7,CHOIX,,,REG,PAN,1,YONEIDA  GAMEZ VAZQUEZ,2,,PAN
1,25,SINALOA,,,7,CHOIX,,,REG,PAN,1,REYNA LILIANA BERRELLEZA RABAGO,2,,PAN
1,25,SINALOA,,,7,CHOIX,,,REG,PAN,2,GONZALO  MOROYOQUI VALENZUELA,1,,PAN
1,25,SINALOA,,,7,CHOIX,,,REG,PAN,2,MARIA IGNACIA COTA MORENO,2,,PAN
1,25,SINALOA,,,7,CHOIX,,,REG,PRD,3,ARLETHE PAOLA COTA TREVIZO,2,,PRD
1,25,SINALOA,,,7,CHOIX,,,REG,PRD,3,ANGELICA GUADALUPE PERAZA FLORES,2,,PRD
1,25,SINALOA,,,4,CONCORDIA,,,REG,PAN,1,FELICITAS  DIAZ MONROY,2,,PAN
1,25,SINALOA,,,4,CONCORDIA,,,REG,PAN,1,LUZ ADRIANA ZAMUDIO DIAZ,2,,PAN
1,25,SINALOA,,,4,CONCORDIA,,,REG,PRI,2,CESAR ARMANDO AROCHE TIRADO,1,,PRI
1,25,SINALOA,,,4,CONCORDIA,,,REG,PRI,2,JESUS  LOPEZ PAREDES,1,,PRI
1,25,SINALOA,,,4,CONCORDIA,,,REG,PRD,3,JACQUELINE  LANGARICA VELAZQUEZ,2,,PRD
1,25,SINALOA,,,4,CONCORDIA,,,REG,PRD,3,EVELYN CAROLINA LANGARICA VELAZQUEZ,2,,PRD
1,25,SINALOA,,,5,COSALA,,,REG,PRI,1,BRAYAN  HERMOSILLO ESCEVERRE,1,,PRI
1,25,SINALOA,,,5,COSALA,,,REG,PRI,1,JOSE ELEAZAR PEREZ CEBALLOS,1,,PRI
1,25,SINALOA,,,5,COSALA,,,REG,PRI,2,PERLA ANAHI MARTINEZ QUINTANA,2,,PRI
1,25,SINALOA,,,5,COSALA,,,REG,PRI,2,SELENE DE JESUS VALENZUELA ACOSTA,2,,PRI
1,25,SINALOA,,,5,COSALA,,,REG,PRI,3,JUAN QUINTIN ZAZUETA ORTIZ,1,,PRI
1,25,SINALOA,,,5,COSALA,,,REG,PRI,3,FRANCISCO JAVIER PACHECO IBARRA,1,,PRI
1,25,SINALOA,,,6,CULIACAN,,,REG,PAN,1,SADOL  OSARIO PORRAS,1,,PAN
1,25,SINALOA,,,6,CULIACAN,,,REG,PAN,1,JOSE HONORIO GARCIA LEON,1,,PAN
1,25,SINALOA,,,6,CULIACAN,,,REG,PRI,2,GRECIA MIRLETH AGUILAR GONZALEZ,2,,PRI
1,25,SINALOA,,,6,CULIACAN,,,REG,PRI,2,KARLA PATRICIA ZAZUETA RIVERA,2,,PRI
1,25,SINALOA,,,6,CULIACAN,,,REG,PRI,3,ELDA AMOR LOPEZ CARDENAS,2,,PRI
1,25,SINALOA,,,6,CULIACAN,,,REG,PRI,3,ARCELIA  GONZALEZ FISHER,2,,PRI
1,25,SINALOA,,,6,CULIACAN,,,REG,PRI,4,FLOR IGNACIA HERNANDEZ MARTINEZ,2,,PRI
1,25,SINALOA,,,6,CULIACAN,,,REG,PRI,4,NADIA MARGARITA RUIZ QUIROZ,2,,PRI
1,25,SINALOA,,,6,CULIACAN,,,REG,MC,5,OCTAVIO  LOPEZ VALENZUELA,1,,MC
1,25,SINALOA,,,6,CULIACAN,,,REG,MC,5,HENDRICH IVAN GARCIA RODRIGUEZ,1,,MC
1,25,SINALOA,,,10,EL FUERTE,,,REG,PRI,1,TERESA DE JESUS CHAPARRO VALDEZ,2,,PRI
1,25,SINALOA,,,10,EL FUERTE,,,REG,PRI,1,MERCEDES DOLORES ACUNA CHAVEZ,2,,PRI
1,25,SINALOA,,,10,EL FUERTE,,,REG,PVEM,2,MARIA FELIX VERA GAXIOLA,1,,PVEM
1,25,SINALOA,,,10,EL FUERTE,,,REG,PVEM,2,GABRIELA LIXBEC VAZQUEZ URIAS,2,,PVEM
1,25,SINALOA,,,10,EL FUERTE,,,REG,MC,3,CARLOS SARMIENTO CARABEO,1,,MC
1,25,SINALOA,,,10,EL FUERTE,,,REG,MC,3,CRUZ FRANCISCO JUAREZ HERNANDEZ,1,,MC
1,25,SINALOA,,,10,EL FUERTE,,,REG,JSLS,4,JAIRO SAMUEL LEYVA SOTO,1,,JSLS
1,25,SINALOA,,,10,EL FUERTE,,,REG,VLOB,4,VICTOR LEONARDO OSUNA BENITEZ,1,,VLOB
1,25,SINALOA,,,8,ELOTA,,,REG,PRI,1,SENDY YAMIRA RODRIGUEZ LOPEZ,2,,PRI
1,25,SINALOA,,,8,ELOTA,,,REG,PRI,1,MARIA ELENA RUELAS ARELLANO,2,,PRI
1,25,SINALOA,,,8,ELOTA,,,REG,PRI,2,SERGIO RICARDO PENA CARRASCO,1,,PRI
1,25,SINALOA,,,8,ELOTA,,,REG,PRI,2,GONZALO  MILLAN MARTINEZ,1,,PRI
1,25,SINALOA,,,8,ELOTA,,,REG,MORENA,3,MARIA RAFAELA BUSTAMANTE GONZALEZ,2,,MORENA
1,25,SINALOA,,,8,ELOTA,,,REG,MORENA,3,MARIA CONCEPCION GURROLA URIARTE,2,,MORENA
1,25,SINALOA,,,9,ESCUINAPA,,,REG,PAN,1,VICTORIA ITZEL ASTORGA GARCIA,2,,PAN
1,25,SINALOA,,,9,ESCUINAPA,,,REG,PAN,1,MARTHA ALICIA ROMERO ISORDIA,2,,PAN
1,25,SINALOA,,,9,ESCUINAPA,,,REG,PRI,2,DULCE VIRGINIA OSUNA CRESPO,2,,PRI
1,25,SINALOA,,,9,ESCUINAPA,,,REG,PRI,2,LINDA ROCIO REYES ENCISO,2,,PRI
1,25,SINALOA,,,9,ESCUINAPA,,,REG,PT,3,GABRIEL  ASTORGA CEJA,1,,PT
1,25,SINALOA,,,9,ESCUINAPA,,,REG,PT,3,DIOGENES  FRAGOZO AGUILAR,1,,PT
1,25,SINALOA,,,9,ESCUINAPA,,,REG,MC,4,ANA XIMENA MORENO SANCHEZ,2,,MC
1,25,SINALOA,,,9,ESCUINAPA,,,REG,MC,4,CINTHIA ANEL MORENO CABUTO,2,,MC
1,25,SINALOA,,,11,GUASAVE,,,REG,PAN,1,RAFAELA  SANCHEZ CASTRO,2,,PAN
1,25,SINALOA,,,11,GUASAVE,,,REG,PAN,1,CECILIA  ROBLEDO LEAL,2,,PAN
1,25,SINALOA,,,11,GUASAVE,,,REG,PRI,2,AGUEDA  VALENZUELA ANGULO,2,,PRI
1,25,SINALOA,,,11,GUASAVE,,,REG,PRI,2,JESSICA  OROZCO CASTRO,2,,PRI
1,25,SINALOA,,,11,GUASAVE,,,REG,PRI,3,LUIS ANTONIO LOPEZ QUINONES,1,,PRI
1,25,SINALOA,,,11,GUASAVE,,,REG,PRI,3,FELIPE DE JESUS LEON VELAZQUEZ,1,,PRI
1,25,SINALOA,,,11,GUASAVE,,,REG,PRI,4,MARTHA YUDITH SUBIA BARRAZA,2,,PRI
1,25,SINALOA,,,11,GUASAVE,,,REG,PRI,4,PERLA  GALLARDO LIMON,2,,PRI
1,25,SINALOA,,,11,GUASAVE,,,REG,PRI,5,LUIS FERNANDO VELAZQUEZ LOPEZ,1,,PRI
1,25,SINALOA,,,11,GUASAVE,,,REG,PRI,5,OMAR ARTURO VEGA ESPINOZA,1,,PRI
1,25,SINALOA,,,12,MAZATLAN,,,REG,PAN,1,MARTIN  PEREZ TORRES,1,,PAN
1,25,SINALOA,,,12,MAZATLAN,,,REG,PAN,1,ALFREDO  MARTINEZ NUNEZ,1,,PAN
1,25,SINALOA,,,12,MAZATLAN,,,REG,PRI,2,MARIA ESTHER JUAREZ NELSON,2,,PRI
1,25,SINALOA,,,12,MAZATLAN,,,REG,PRI,2,DIANA GUADALUPE BURGUENO MARTINEZ,2,,PRI
1,25,SINALOA,,,12,MAZATLAN,,,REG,PRI,3,ROCIO GEORGINA QUINTANA PUCHETA,2,,PRI
1,25,SINALOA,,,12,MAZATLAN,,,REG,PRI,3,KAREN LICETTE ALARCON PAZOS,2,,PRI
1,25,SINALOA,,,12,MAZATLAN,,,REG,MC,4,PAULINA SARAHI HEREDIA OSUNA,2,,MC
1,25,SINALOA,,,12,MAZATLAN,,,REG,MC,4,XIMENA  HEREDIA OSUNA,2,,MC
1,25,SINALOA,,,12,MAZATLAN,,,REG,FXM,5,BERNARDO EDUARDO ALCARAZ CONDE,1,,FXM
1,25,SINALOA,,,12,MAZATLAN,,,REG,FXM,5,IGNACIO  RUIZ ROSAS,1,,FXM
1,25,SINALOA,,,13,MOCORITO,,,REG,PRI,1,NADIA LIZBETH MEJIA LOPEZ,2,,PRI
1,25,SINALOA,,,13,MOCORITO,,,REG,PRI,1,YEILIN IMELDA SAIS JIMENEZ,2,,PRI
1,25,SINALOA,,,13,MOCORITO,,,REG,PRI,2,JUAN FERNANDO LEON GARCIA,1,,PRI
1,25,SINALOA,,,13,MOCORITO,,,REG,PRI,2,GUSTAVO ADOLFO ALCANTAR LOPEZ,1,,PRI
1,25,SINALOA,,,13,MOCORITO,,,REG,PRD,3,ABBY VENERANDA LOPEZ ESPINOZA,2,,PRD
1,25,SINALOA,,,13,MOCORITO,,,REG,PRD,3,JUANA FAVIOLA GASTELUM PEREZ,2,,PRD
1,25,SINALOA,,,13,MOCORITO,,,REG,MC,4,WALTER  PEREZ LOPEZ,1,,MC
1,25,SINALOA,,,13,MOCORITO,,,REG,MC,4,MIGUEL ALEJANDRO JIMENEZ LOPEZ,1,,MC
1,25,SINALOA,,,18,NAVOLATO,,,REG,PAN,1,OMAR  QUEVEDO BELTRAN,1,,PAN
1,25,SINALOA,,,18,NAVOLATO,,,REG,PAN,1,ALEJANDRO  MANCILLAS ATIENZO,1,,PAN
1,25,SINALOA,,,18,NAVOLATO,,,REG,PRI,2,IVETTE CELESTE VALENZUELA RAMIREZ,2,,PRI
1,25,SINALOA,,,18,NAVOLATO,,,REG,PRI,2,CLAUDIA LIZBETH FIGUEROA MORENO,2,,PRI
1,25,SINALOA,,,18,NAVOLATO,,,REG,PT,3,MAGDALENA  RAMIREZ ESQUEDA,2,,PT
1,25,SINALOA,,,18,NAVOLATO,,,REG,PT,3,DULCE CAROLINA LOYA CHAN,2,,PT
1,25,SINALOA,,,18,NAVOLATO,,,REG,MC,4,AARON HERNAN ALDANA CASTRO,1,,MC
1,25,SINALOA,,,18,NAVOLATO,,,REG,MC,4,GLADYS MARGERY GARCIA BOJORQUEZ,2,,MC
1,25,SINALOA,,,14,ROSARIO,,,REG,PAN,1,CELIDA  OVALLE OROZCO,2,,PAN
1,25,SINALOA,,,14,ROSARIO,,,REG,PAN,1,BIBIANA JUDITH CANO PEREZ,2,,PAN
1,25,SINALOA,,,14,ROSARIO,,,REG,PAN,2,ZULEMA  VELARDE GUERRA,2,,PAN
1,25,SINALOA,,,14,ROSARIO,,,REG,PAN,2,JUANA  VALERIO OSUNA,2,,PAN
1,25,SINALOA,,,14,ROSARIO,,,REG,PRI,3,JOSE MANUEL OSAKO OSUNA,1,,PRI
1,25,SINALOA,,,14,ROSARIO,,,REG,PRI,3,DANTE IGNACIO ESTRADA OSUNA,1,,PRI
1,25,SINALOA,,,14,ROSARIO,,,REG,FXM,4,VIRGILIO  SANCHEZ SARMIENTO,1,,FXM
1,25,SINALOA,,,14,ROSARIO,,,REG,FXM,4,JESUS IVAN LOPEZ QUEVEDO,1,,FXM
1,25,SINALOA,,,15,SALVADOR ALVARADO,,,REG,PAN,1,GILBERTO  LUGO SANCHEZ,1,,PAN
1,25,SINALOA,,,15,SALVADOR ALVARADO,,,REG,PAN,1,MARIA DEL ROSARIO LOPEZ CUADRAS,2,,PAN
1,25,SINALOA,,,15,SALVADOR ALVARADO,,,REG,PRI,2,MARCO ANTONIO LOPEZ GONZALEZ,1,,PRI
1,25,SINALOA,,,15,SALVADOR ALVARADO,,,REG,PRI,2,OCTAVIO  LOPEZ CAMPOS,1,,PRI
1,25,SINALOA,,,15,SALVADOR ALVARADO,,,REG,PRI,3,CARMEN MARIA LEON ANGULO,2,,PRI
1,25,SINALOA,,,15,SALVADOR ALVARADO,,,REG,PRI,3,CARMEN MARIA CARDENAS LEON,2,,PRI
1,25,SINALOA,,,15,SALVADOR ALVARADO,,,REG,PRI,4,LILIANA GUADALUPE LUCIO VEGA,2,,PRI
1,25,SINALOA,,,15,SALVADOR ALVARADO,,,REG,PRI,4,KARLA JULISSA SOTO GUZMAN,2,,PRI
1,25,SINALOA,,,16,SAN IGNACIO,,,REG,PRI,1,MARIA GUADALUPE MELLADO OSUNA,2,,PRI
1,25,SINALOA,,,16,SAN IGNACIO,,,REG,PRI,1,TANIA CONCEPCION LOYA SANCHEZ,2,,PRI
1,25,SINALOA,,,16,SAN IGNACIO,,,REG,PVEM,2,JESUS ALFONSO LAFARGA VEGA,1,,PVEM
1,25,SINALOA,,,16,SAN IGNACIO,,,REG,PVEM,2,ERIK  GARCIA CAMACHO,1,,PVEM
1,25,SINALOA,,,16,SAN IGNACIO,,,REG,MORENA,3,IRMA JOCELYN RODRIGUEZ BANUELOS,2,,MORENA
1,25,SINALOA,,,16,SAN IGNACIO,,,REG,MORENA,3,LILIA LORENA RIVERA ENRIQUEZ,2,,MORENA
1,25,SINALOA,,,17,SINALOA,,,REG,PT,1,GASTON  OSOBAMPO VELIZ,1,,PT
1,25,SINALOA,,,17,SINALOA,,,REG,PT,1,JOSUE VICENTE GARCIA ALGANDAR,1,,PT
1,25,SINALOA,,,17,SINALOA,,,REG,MC,2,JEHOVANEHA GUADALUPE LUGO ARAUJO,2,,MC
1,25,SINALOA,,,17,SINALOA,,,REG,MC,2,CARMEN ALICIA ASTORGA LOPEZ,2,,MC
1,25,SINALOA,,,17,SINALOA,,,REG,PAS,3,AGLAE MYLENE HIGUERA OSUNA,2,,PAS
1,25,SINALOA,,,17,SINALOA,,,REG,PAS,3,MARIA LAURA CRUZ MENDEZ,2,,PAS
1,25,SINALOA,,,17,SINALOA,,,REG,MORENA,4,MARIA TERESA VELAZQUEZ LOPEZ,2,,MORENA
1,25,SINALOA,,,17,SINALOA,,,REG,MORENA,4,BRENDA CELINA LOPEZ RIVERA,2,,MORENA
1,25,SINALOA,, ,,,,,DIP_LOC_RP,MC,11,CELIA JAUREGUI IBARRA,2,,MC
1,25,SINALOA,, ,,,,,DIP_LOC_RP,MC,11,MARIA GLENDA GARCIA BERNAL,2,,MC
1,25,SINALOA,,,,,,,DIP_LOC_RP,MORENA,12,MARIA AURELIA LEAL LOPEZ,2,,MORENA
1,25,SINALOA,,,,,,,DIP_LOC_RP,MORENA,12,ALMA ANGELICA CAMACHO MIRANDA,2,,MORENA
1,25,SINALOA,,,,,,,DIP_LOC_RP,MORENA,13,JOSE MANUEL LUQUE ROJAS,1,,MORENA
1,25,SINALOA,,,,,,,DIP_LOC_RP,MORENA,13,AGUSTIN ALBERTO URREA OSORIO,1,,MORENA
1,25,SINALOA,,,,,,,DIP_LOC_RP,MORENA,14,VERONICA GUADALUPE BATIZ ACOSTA,2,,MORENA
1,25,SINALOA,,,,,,,DIP_LOC_RP,MORENA,14,ALBA CECILIA SILVA FELIX,2,,MORENA
1,25,SINALOA,,,,,,,DIP_LOC_RP,MORENA,15,PEDRO ALONSO VILLEGAS LOBO,1,,MORENA
1,25,SINALOA,,,,,,,DIP_LOC_RP,MORENA,15,DANIEL ANTONIO CISNEROS CASTRO,1,,MORENA
1,25,SINALOA,,,,,,,DIP_LOC_RP,MORENA,16,NELA ROSIELY SANCHEZ SANCHEZ,2,,MORENA
1,25,SINALOA,,,,,,,DIP_LOC_RP,MORENA,16,MARIA FERNANDA MASCARENO MONTOYA,2,,MORENA
1,25,SINALOA,,,,,,,DIP_LOC_RP,PAN,1,GIOVANNA  MORACHIS PAPERINI,2,,PAN
1,25,SINALOA,,,,,,,DIP_LOC_RP,PAN,1,MAGALY ITZEL CHAZARO ZAMUDIO,2,,PAN
1,25,SINALOA,,,,,,,DIP_LOC_RP,PAN,2,ADOLFO  BELTRAN CORRALES,1,,PAN
1,25,SINALOA,,,,,,,DIP_LOC_RP,PAN,2,HUMBERTO ALFREDO NIETO PEREZ ARCE,1,,PAN
1,25,SINALOA,, ,,,,,DIP_LOC_RP,PRI,3,CONCEPCION  ZAZUETA CASTRO,2,,PRI
1,25,SINALOA,, ,,,,,DIP_LOC_RP,PRI,3,IRMA LETICIA TIRADO SANDOVAL,2,,PRI
1,25,SINALOA,, ,,,,,DIP_LOC_RP,PRI,4,RICARDO  MADRID PEREZ,1,,PRI
1,25,SINALOA,, ,,,,,DIP_LOC_RP,PRI,4,JESUS MARTIN VALDEZ ROBLES,1,,PRI
1,25,SINALOA,, ,,,,,DIP_LOC_RP,PRI,5,CINTHIA  VALENZUELA LANGARICA,2,,PRI
1,25,SINALOA,, ,,,,,DIP_LOC_RP,PRI,5,MARIA JOSE MENCHACA TISNADO,2,,PRI
1,25,SINALOA,, ,,,,,DIP_LOC_RP,PRI,6,SERGIO MARIO ARREDONDO SALAS,1,,PRI
1,25,SINALOA,, ,,,,,DIP_LOC_RP,PRI,6,ROBERTO  VALLE LEAL,1,,PRI
1,25,SINALOA,, ,,,,,DIP_LOC_RP,PRI,7,DEISY JUDITH AYALA VALENZUELA,2,,PRI
1,25,SINALOA,, ,,,,,DIP_LOC_RP,PRI,7,MARIA ENGRACIA AQUI BUITIMEA,2,,PRI
1,25,SINALOA,, ,,,,,DIP_LOC_RP,PRI,8,LUIS JAVIER DE LA ROCHA ZAZUETA,1,,PRI
1,25,SINALOA,, ,,,,,DIP_LOC_RP,PRI,8,CARLOS ALBERTO MEZA SOTO,1,,PRI
1,25,SINALOA,, ,,,,,DIP_LOC_RP,PRI,9,GLORIA HIMELDA FELIX NIEBLA,2,,PRI
1,25,SINALOA,, ,,,,,DIP_LOC_RP,PRI,9,ISELY  IRIZAR INZUNZA,2,,PRI
1,25,SINALOA,,,,,,,DIP_LOC_RP,PT,10,MARIA GUADALUPE CAZARES GALLEGOS,2,,PT
1,25,SINALOA,,,,,,,DIP_LOC_RP,PT,10,LAURA ELENA RUVALCABA OTAMENDI,2,,PT
,,,,,,,,,,,,,,,
,,,,,,,,,,,,,,,
,,,,,,,,,,,,,,,
,,,,,,,,,,,,,,,
,,,,,,,,,,,,,,,
,,,,,,,,,,,,,,,
,,,,,,,,,,,,,,,
,,,,,,,,,,,,,,,
,,,,,,,,,,,,,,,
,,,,,,,,,,,,,,,
,,,,,,,,,,,,,,,
,,,,,,,,,,,,,,,
,,,,,,,,,,,,,,,
,,,,,,,,,,,,,,,
,,,,,,,,,,,,,,,
,,,,,,,,,,,,,,,
,,,,,,,,,,,,,,,
,,,,,,,,,,,,,,,
,,,,,,,,,,,,,,,
,,,,,,,,,,,,,,,
,,,,,,,,,,,,,,,
,,,,,,,,,,,,,,,
,,,,,,,,,,,,,,,
,,,,,,,,,,,,,,,
,,,,,,,,,,,,,,,
,,,,,,,,,,,,,,,
,,,,,,,,,,,,,,,
,,,,,,,,,,,,,,,
,,,,,,,,,,,,,,,
,,,,,,,,,,,,,,,
,,,,,,,,,,,,,,,
,,,,,,,,,,,,,,,
,,,,,,,,,,,,,,,
,,,,,,,,,,,,,,,
,,,,,,,,,,,,,,,
,,,,,,,,,,,,,,,
,,,,,,,,,,,,,,,
,,,,,,,,,,,,,,,
,,,,,,,,,,,,,,,
,,,,,,,,,,,,,,,
,,,,,,,,,,,,,,,
,,,,,,,,,,,,,,,
,,,,,,,,,,,,,,,
,,,,,,,,,,,,,,,
,,,,,,,,,,,,,,,
,,,,,,,,,,,,,,,
,,,,,,,,,,,,,,,
,,,,,,,,,,,,,,,
,,,,,,,,,,,,,,,
,,,,,,,,,,,,,,,
,,,,,,,,,,,,,,,
,,,,,,,,,,,,,,,
,,,,,,,,,,,,,,,
,,,,,,,,,,,,,,,
,,,,,,,,,,,,,,,
,,,,,,,,,,,,,,,
,,,,,,,,,,,,,,,
,,,,,,,,,,,,,,,
,,,,,,,,,,,,,,,
,,,,,,,,,,,,,,,
,,,,,,,,,,,,,,,
,,,,,,,,,,,,,,,
,,,,,,,,,,,,,,,
,,,,,,,,,,,,,,,
,,,,,,,,,,,,,,,
,,,,,,,,,,,,,,,
,,,,,,,,,,,,,,,
,,,,,,,,,,,,,,,
,,,,,,,,,,,,,,,
,,,,,,,,,,,,,,,
,,,,,,,,,,,,,,,
,,,,,,,,,,,,,,,
,,,,,,,,,,,,,,,
,,,,,,,,,,,,,,,
,,,,,,,,,,,,,,,
,,,,,,,,,,,,,,,
,,,,,,,,,,,,,,,
,,,,,,,,,,,,,,,
,,,,,,,,,,,,,,,
,,,,,,,,,,,,,,,
,,,,,,,,,,,,,,,
,,,,,,,,,,,,,,,
,,,,,,,,,,,,,,,
,,,,,,,,,,,,,,,
,,,,,,,,,,,,,,,
,,,,,,,,,,,,,,,
,,,,,,,,,,,,,,,
,,,,,,,,,,,,,,,
,,,,,,,,,,,,,,,
,,,,,,,,,,,,,,,
,,,,,,,,,,,,,,,
,,,,,,,,,,,,,,,
,,,,,,,,,,,,,,,
,,,,,,,,,,,,,,,
,,,,,,,,,,,,,,,
,,,,,,,,,,,,,,,
,,,,,,,,,,,,,,,
,,,,,,,,,,,,,,,
,,,,,,,,,,,,,,,
,,,,,,,,,,,,,,,
,,,,,,,,,,,,,,,
,,,,,,,,,,,,,,,
,,,,,,,,,,,,,,,
,,,,,,,,,,,,,,,
,,,,,,,,,,,,,,,
,,,,,,,,,,,,,,,
,,,,,,,,,,,,,,,
,,,,,,,,,,,,,,,
,,,,,,,,,,,,,,,
,,,,,,,,,,,,,,,
,,,,,,,,,,,,,,,
,,,,,,,,,,,,,,,
,,,,,,,,,,,,,,,
,,,,,,,,,,,,,,,
,,,,,,,,,,,,,,,
,,,,,,,,,,,,,,,
,,,,,,,,,,,,,,,
,,,,,,,,,,,,,,,
,,,,,,,,,,,,,,,
,,,,,,,,,,,,,,,
,,,,,,,,,,,,,,,
,,,,,,,,,,,,,,,
,,,,,,,,,,,,,,,
,,,,,,,,,,,,,,,
,,,,,,,,,,,,,,,
,,,,,,,,,,,,,,,
,,,,,,,,,,,,,,,
,,,,,,,,,,,,,,,
,,,,,,,,,,,,,,,
,,,,,,,,,,,,,,,
,,,,,,,,,,,,,,,
,,,,,,,,,,,,,,,
,,,,,,,,,,,,,,,
,,,,,,,,,,,,,,,
,,,,,,,,,,,,,,,
,,,,,,,,,,,,,,,
,,,,,,,,,,,,,,,
,,,,,,,,,,,,,,,
,,,,,,,,,,,,,,,
,,,,,,,,,,,,,,,
,,,,,,,,,,,,,,,
,,,,,,,,,,,,,,,
,,,,,,,,,,,,,,,
,,,,,,,,,,,,,,,
,,,,,,,,,,,,,,,
,,,,,,,,,,,,,,,
,,,,,,,,,,,,,,,
,,,,,,,,,,,,,,,
,,,,,,,,,,,,,,,
,,,,,,,,,,,,,,,
,,,,,,,,,,,,,,,
,,,,,,,,,,,,,,,
,,,,,,,,,,,,,,,
,,,,,,,,,,,,,,,
,,,,,,,,,,,,,,,
,,,,,,,,,,,,,,,
,,,,,,,,,,,,,,,
,,,,,,,,,,,,,,,
,,,,,,,,,,,,,,,
,,,,,,,,,,,,,,,
,,,,,,,,,,,,,,,
,,,,,,,,,,,,,,,
,,,,,,,,,,,,,,,
,,,,,,,,,,,,,,,
,,,,,,,,,,,,,,,
,,,,,,,,,,,,,,,
,,,,,,,,,,,,,,,
,,,,,,,,,,,,,,,
,,,,,,,,,,,,,,,
,,,,,,,,,,,,,,,
,,,,,,,,,,,,,,,
,,,,,,,,,,,,,,,
,,,,,,,,,,,,,,,
,,,,,,,,,,,,,,,
,,,,,,,,,,,,,,,
,,,,,,,,,,,,,,,
,,,,,,,,,,,,,,,
,,,,,,,,,,,,,,,
,,,,,,,,,,,,,,,
,,,,,,,,,,,,,,,
,,,,,,,,,,,,,,,
,,,,,,,,,,,,,,,
,,,,,,,,,,,,,,,
,,,,,,,,,,,,,,,
,,,,,,,,,,,,,,,
,,,,,,,,,,,,,,,
,,,,,,,,,,,,,,,
,,,,,,,,,,,,,,,
,,,,,,,,,,,,,,,
,,,,,,,,,,,,,,,
,,,,,,,,,,,,,,,
,,,,,,,,,,,,,,,
,,,,,,,,,,,,,,,
,,,,,,,,,,,,,,,
,,,,,,,,,,,,,,,
,,,,,,,,,,,,,,,
,,,,,,,,,,,,,,,
,,,,,,,,,,,,,,,
,,,,,,,,,,,,,,,
,,,,,,,,,,,,,,,
,,,,,,,,,,,,,,,
,,,,,,,,,,,,,,,
,,,,,,,,,,,,,,,
,,,,,,,,,,,,,,,
,,,,,,,,,,,,,,,
,,,,,,,,,,,,,,,
,,,,,,,,,,,,,,,
,,,,,,,,,,,,,,,
,,,,,,,,,,,,,,,
,,,,,,,,,,,,,,,
,,,,,,,,,,,,,,,
,,,,,,,,,,,,,,,
,,,,,,,,,,,,,,,
,,,,,,,,,,,,,,,
,,,,,,,,,,,,,,,
,,,,,,,,,,,,,,,
,,,,,,,,,,,,,,,
,,,,,,,,,,,,,,,
,,,,,,,,,,,,,,,
,,,,,,,,,,,,,,,
,,,,,,,,,,,,,,,
,,,,,,,,,,,,,,,
,,,,,,,,,,,,,,,
,,,,,,,,,,,,,,,
,,,,,,,,,,,,,,,
,,,,,,,,,,,,,,,
,,,,,,,,,,,,,,,
,,,,,,,,,,,,,,,
,,,,,,,,,,,,,,,
,,,,,,,,,,,,,,,
,,,,,,,,,,,,,,,
,,,,,,,,,,,,,,,
,,,,,,,,,,,,,,,
,,,,,,,,,,,,,,,
,,,,,,,,,,,,,,,
,,,,,,,,,,,,,,,
,,,,,,,,,,,,,,,
,,,,,,,,,,,,,,,
,,,,,,,,,,,,,,,
,,,,,,,,,,,,,,,
,,,,,,,,,,,,,,,
,,,,,,,,,,,,,,,
,,,,,,,,,,,,,,,
,,,,,,,,,,,,,,,
,,,,,,,,,,,,,,,
,,,,,,,,,,,,,,,
,,,,,,,,,,,,,,,
,,,,,,,,,,,,,,,
,,,,,,,,,,,,,,,
,,,,,,,,,,,,,,,
,,,,,,,,,,,,,,,
,,,,,,,,,,,,,,,
,,,,,,,,,,,,,,,
,,,,,,,,,,,,,,,
,,,,,,,,,,,,,,,
,,,,,,,,,,,,,,,
,,,,,,,,,,,,,,,
,,,,,,,,,,,,,,,
,,,,,,,,,,,,,,,
,,,,,,,,,,,,,,,
,,,,,,,,,,,,,,,
,,,,,,,,,,,,,,,
,,,,,,,,,,,,,,,
,,,,,,,,,,,,,,,
,,,,,,,,,,,,,,,
,,,,,,,,,,,,,,,
,,,,,,,,,,,,,,,
,,,,,,,,,,,,,,,
,,,,,,,,,,,,,,,
,,,,,,,,,,,,,,,
,,,,,,,,,,,,,,,
,,,,,,,,,,,,,,,
,,,,,,,,,,,,,,,
,,,,,,,,,,,,,,,
,,,,,,,,,,,,,,,
,,,,,,,,,,,,,,,
,,,,,,,,,,,,,,,
,,,,,,,,,,,,,,,
,,,,,,,,,,,,,,,
,,,,,,,,,,,,,,,
,,,,,,,,,,,,,,,
,,,,,,,,,,,,,,,
,,,,,,,,,,,,,,,
,,,,,,,,,,,,,,,
,,,,,,,,,,,,,,,
,,,,,,,,,,,,,,,
,,,,,,,,,,,,,,,
,,,,,,,,,,,,,,,
,,,,,,,,,,,,,,,
,,,,,,,,,,,,,,,
,,,,,,,,,,,,,,,
,,,,,,,,,,,,,,,
,,,,,,,,,,,,,,,
,,,,,,,,,,,,,,,
,,,,,,,,,,,,,,,
,,,,,,,,,,,,,,,
,,,,,,,,,,,,,,,
,,,,,,,,,,,,,,,
,,,,,,,,,,,,,,,
,,,,,,,,,,,,,,,
,,,,,,,,,,,,,,,
,,,,,,,,,,,,,,,
,,,,,,,,,,,,,,,
,,,,,,,,,,,,,,,
,,,,,,,,,,,,,,,
,,,,,,,,,,,,,,,
,,,,,,,,,,,,,,,
,,,,,,,,,,,,,,,
,,,,,,,,,,,,,,,
,,,,,,,,,,,,,,,
,,,,,,,,,,,,,,,
,,,,,,,,,,,,,,,
,,,,,,,,,,,,,,,
,,,,,,,,,,,,,,,
,,,,,,,,,,,,,,,
,,,,,,,,,,,,,,,
,,,,,,,,,,,,,,,
,,,,,,,,,,,,,,,
,,,,,,,,,,,,,,,
,,,,,,,,,,,,,,,
,,,,,,,,,,,,,,,
,,,,,,,,,,,,,,,
,,,,,,,,,,,,,,,
,,,,,,,,,,,,,,,
,,,,,,,,,,,,,,,
,,,,,,,,,,,,,,,
,,,,,,,,,,,,,,,
,,,,,,,,,,,,,,,
,,,,,,,,,,,,,,,
,,,,,,,,,,,,,,,
,,,,,,,,,,,,,,,
,,,,,,,,,,,,,,,
,,,,,,,,,,,,,,,
,,,,,,,,,,,,,,,
,,,,,,,,,,,,,,,
,,,,,,,,,,,,,,,
,,,,,,,,,,,,,,,
