CIRCUNSCRIPCION,ID_ESTADO,NOMBRE_ESTADO,ID_DISTRITO_LOCAL,CABECERA_DISTRITAL_LOCAL,ID_MUNICIPIO,MUNICIPIO,ID_DEMARCACION_LOCAL,DEMARCACION_LOCAL,TIPO_DE_ELECCION,NOMBRE_PARTICIPANTE,NUMERO_LISTA,CANDIDATO,SEXO_CANDIDATO,RUTA_CONSTANCIA,PARTIDO
,22,QUERETARO,,,,,,,GOB,PAN_QI,1,MAURICIO KURI GONZALEZ,1,,PAN
,22,QUERETARO,1,SANTIAGO DE QUERETARO,,,,,DIP_LOC_MR,PAN,1,DULCE IMELDA VENTURA RENDON,2,,PAN
,22,QUERETARO,2,SANTIAGO DE QUERETARO,,,,,DIP_LOC_MR,PAN_QI,1,MANUEL POZO CABRERA,1,,QI
,22,QUERETARO,3,SANTIAGO DE QUERETARO,,,,,DIP_LOC_MR,PAN_QI,1,ENRIQUE ANTONIO CORREA SADA,1,,PAN
,22,QUERETARO,4,SANTIAGO DE QUERETARO,,,,,DIP_LOC_MR,PAN,1,ANA PAOLA LOPEZ BIRLAIN,2,,PAN
,22,QUERETARO,5,SANTIAGO DE QUERETARO,,,,,DIP_LOC_MR,PAN,1,LUIS GERARDO ANGELES HERRERA,1,,PAN
,22,QUERETARO,6,SANTIAGO DE QUERETARO,,,,,DIP_LOC_MR,PAN,1,MARICRUZ ARELLANO DORADO,2,,PAN
,22,QUERETARO,7,EL PUEBLITO,,,,,DIP_LOC_MR,PAN,1,LUIS ANTONIO ZAPATA GUERRERO,1,,PAN
,22,QUERETARO,8,SAN JUAN DEL RIO,,,,,DIP_LOC_MR,PAN,1,ROSENDO ANAYA AGUILAR,1,,PAN
,22,QUERETARO,9,SAN JUAN DEL RIO,,,,,DIP_LOC_MR,PAN,1,GERMAIN GARFIAS ALCANTARA,1,,PAN
,22,QUERETARO,10,PEDRO ESCOBEDO,,,,,DIP_LOC_MR,PAN,1,GUILLERMO VEGA GUERRERO,1,,QI
,22,QUERETARO,11,TEQUISQUIAPAN,,,,,DIP_LOC_MR,PAN_QI,1,MARTHA DANIELA SALGADO MARQUEZ,2,,PAN
,22,QUERETARO,12,LA CAÑADA,,,,,DIP_LOC_MR,PAN,1,ALEJANDRINA VERONICA GALICIA CASTAÑON,2,,PAN
,22,QUERETARO,13,SANTA ROSA JAUREGUI,,,,,DIP_LOC_MR,PAN,1,BEATRIZ GUADALUPE MARMOLEJO ROJAS,2,,PAN
,22,QUERETARO,14,CADEREYTA DE MONTES,,,,,DIP_LOC_MR,PAN,1,LETICIA RUBIO MONTES,2,,PAN
,22,QUERETARO,15,JALPAN DE SERRA,,,,,DIP_LOC_MR,PAN_QI,1,LIZ SELENE SALAZAR PEREZ,2,,QI
,22,QUERETARO,,,,,,,DIP_LOC_RP,PRI,1,JUAN GUEVARA MORENO,1,,PRI
,22,QUERETARO,,,,,22,QUERETARO,DIP_LOC_RP,PAN,1,MARIELA DEL ROSARIO MORAN OCAMPO,2,,PAN
,22,QUERETARO,,,,,22,QUERETARO,DIP_LOC_RP,PRI,1,GRACIELA  JUAREZ  MONTES,2,,PRI
,22,QUERETARO,,,,,22,QUERETARO,DIP_LOC_RP,PRI,1,PAUL  OSPITAL  CARRERA,1,,PRI
,22,QUERETARO,,,,,22,QUERETARO,DIP_LOC_RP,PVEM,1,RICARDO ASTUDILLO SUAREZ,1,,PVEM
,22,QUERETARO,,,,,22,QUERETARO,DIP_LOC_RP,MORENA,1,JUAN JOSE JIMENEZ YAÑEZ,1,,MORENA
,22,QUERETARO,,,,,22,QUERETARO,DIP_LOC_RP,MORENA,1,LAURA ANDREA TOVAR SAAVEDRA,2,,MORENA
,22,QUERETARO,,,,,22,QUERETARO,DIP_LOC_RP,MORENA,1,ARMANDO SINECIO LEYVA,1,,MORENA
,22,QUERETARO,,,,,22,QUERETARO,DIP_LOC_RP,MORENA,1,YASMIN ALBELLAN HERNANDEZ,2,,MORENA
,22,QUERETARO,,,,,22,QUERETARO,DIP_LOC_RP,MORENA,1,CHRISTIAN ORIHUELA GOMEZ,1,,MORENA
,22,QUERETARO,,,1,AMEALCO DE BONFIL,,,PRES_MUN,PRI,1,RENE  MEJIA  MONTOYA,1,,PRI
,22,QUERETARO,,,1,AMEALCO DE BONFIL,,,SIND,PRI,1,PAULINA VENTURA NICOLAS,2,,PRI
,22,QUERETARO,,,1,AMEALCO DE BONFIL,,,SIND,PRI,2,DAVID  MENDOZA  GONZALEZ,1,,PRI
,22,QUERETARO,,,1,AMEALCO DE BONFIL,,,REG_MR,PRI,1,IRAIS  HERNANDEZ  FUERTES,2,,PRI
,22,QUERETARO,,,1,AMEALCO DE BONFIL,,,REG_MR,PRI,2,MARA OBREGON  ALVAREZ,2,,PRI
,22,QUERETARO,,,1,AMEALCO DE BONFIL,,,REG_MR,PRI,3,ESTEBAN  MONTOYA  QUINTANA,1,,PRI
,22,QUERETARO,,,1,AMEALCO DE BONFIL,,,REG_MR,PRI,4,LUCIA PASCUAL GREGORIO,2,,PRI
,22,QUERETARO,,,1,AMEALCO DE BONFIL,,,REG_RP,PAN,1,URIEL ENRIQUE CAZARES SANCHEZ,1,,PAN
,22,QUERETARO,,,1,AMEALCO DE BONFIL,,,REG_RP,PAN,3,MA. DEL CARMEN GIL BERNABE,2,,PAN
,22,QUERETARO,,,1,AMEALCO DE BONFIL,,,REG_RP,MORENA,2,JOSEFINA MARTINEZ PASCUAL,2,,MORENA
,22,QUERETARO,,,2,ARROYO SECO,,,PRES_MUN,MORENA,1,OFELIA DEL CASTILLO GUILLEN,2,,MORENA
,22,QUERETARO,,,2,ARROYO SECO,,,SIND,MORENA,1,FABIAN OROZCO VAZQUEZ,1,,MORENA
,22,QUERETARO,,,2,ARROYO SECO,,,SIND,MORENA,2,MARIA DEL CARMEN OTERO VELAZQUEZ,2,,MORENA
,22,QUERETARO,,,2,ARROYO SECO,,,REG_MR,MORENA,1,JORGE IGNACIO ZEPEDA HERNANDEZ,1,,MORENA
,22,QUERETARO,,,2,ARROYO SECO,,,REG_MR,MORENA,2,MARISOL  MONTES  MEDELLIN,2,,MORENA
,22,QUERETARO,,,2,ARROYO SECO,,,REG_MR,MORENA,3,MARCELINO GARCIA  MEJIA,1,,MORENA
,22,QUERETARO,,,2,ARROYO SECO,,,REG_MR,MORENA,4,MARIA RUTH  PEREDO BALDERAS,2,,MORENA
,22,QUERETARO,,,2,ARROYO SECO,,,REG_RP,PAN,1,MA. FRANCISCA ESCAMILLA ZARATE,2,,PAN
,22,QUERETARO,,,2,ARROYO SECO,,,REG_RP,PAN,3,MARCO CESAR LOPEZ RAMOS,1,,PAN
,22,QUERETARO,,,2,ARROYO SECO,,,REG_RP,PRI,2,ILIANA GUADALUPE  MONTES RIOS,2,,PRI
,22,QUERETARO,,,3,CADEREYTA DE MONTES,,,PRES_MUN,PAN,1,MIGUEL MARTINEZ PEÑALOZA,1,,PAN
,22,QUERETARO,,,3,CADEREYTA DE MONTES,,,SIND,PAN,1,MA. CELINA ALEGRIA HERNANDEZ,2,,PAN
,22,QUERETARO,,,3,CADEREYTA DE MONTES,,,SIND,PAN,2,MARTHA BUSTAMANTE DIAZ,2,,PAN
,22,QUERETARO,,,3,CADEREYTA DE MONTES,,,REG_MR,PAN,1,ADAN CARBAJAL MENDOZA,1,,PAN
,22,QUERETARO,,,3,CADEREYTA DE MONTES,,,REG_MR,PAN,2,INDIRA HORNABLENDA OLVERA TREJO,2,,PAN
,22,QUERETARO,,,3,CADEREYTA DE MONTES,,,REG_MR,PAN,3,JOSE EULISES HERNANDEZ AMAYA,1,,PAN
,22,QUERETARO,,,3,CADEREYTA DE MONTES,,,REG_MR,PAN,4,OFELIA OLVERA CRUZ,2,,PAN
,22,QUERETARO,,,3,CADEREYTA DE MONTES,,,REG_MR,PAN,5,VICTOR JOEL SALINAS TREJO,1,,PAN
,22,QUERETARO,,,3,CADEREYTA DE MONTES,,,REG_RP,PRI,1,CARLOTA LEDESMA LEAL,2,,PRI
,22,QUERETARO,,,3,CADEREYTA DE MONTES,,,REG_RP,PVEM,4,AURORA CISNEROS CARDOSO,2,,PVEM
,22,QUERETARO,,,3,CADEREYTA DE MONTES,,,REG_RP,MORENA,2,MA. GUADALUPE ARELLANO LEON,2,,MORENA
,22,QUERETARO,,,3,CADEREYTA DE MONTES,,,REG_RP,FXM,3,BENJAMIN MARTINEZ MORAN,1,,FXM
,22,QUERETARO,,,4,COLÓN,,,PRES_MUN,PRI,1,MANUEL MONTES HERNANDEZ,1,,PRI
,22,QUERETARO,,,4,COLÓN,,,SIND,PRI,1,MARIA LETICIA ESPINOZA PEREZ,2,,PRI
,22,QUERETARO,,,4,COLÓN,,,SIND,PRI,2,RAMIRO PRADO BARCENAS,1,,PRI
,22,QUERETARO,,,4,COLÓN,,,REG_MR,PRI,1,MARICELA HURTADO MARTINEZ,2,,PRI
,22,QUERETARO,,,4,COLÓN,,,REG_MR,PRI,2,CECILIA CABRERA YAÑEZ,2,,PRI
,22,QUERETARO,,,4,COLÓN,,,REG_MR,PRI,3,MA. OLGA GUTIERREZ GUTIERREZ,2,,PRI
,22,QUERETARO,,,4,COLÓN,,,REG_MR,PRI,4,JORGE LUIS MORA SANCHEZ,1,,PRI
,22,QUERETARO,,,4,COLÓN,,,REG_RP,PAN,1,DANIEL LOPEZ CASTILLO,1,,PAN
,22,QUERETARO,,,4,COLÓN,,,REG_RP,FXM,3,LEIDY CINTHIA MEJIA DE LEON,2,,FXM
,22,QUERETARO,,,4,COLÓN,,,REG_RP,CAND_IND2,2,GASPAR RAMON TRUEBA MONCADA,1,,CAND_IND2
,22,QUERETARO,,,5,CORREGIDORA,,,PRES_MUN,PAN,1,ROBERTO SOSA PICHARDO,1,,PAN
,22,QUERETARO,,,5,CORREGIDORA,,,SIND,PAN,1,SANDRA RIVERA DELGADO,2,,PAN
,22,QUERETARO,,,5,CORREGIDORA,,,SIND,PAN,2,ALVARO UGALDE HERRERA,1,,PAN
,22,QUERETARO,,,5,CORREGIDORA,,,REG_MR,PAN,1,ALICIA HERNANDEZ CAMPOS,2,,PAN
,22,QUERETARO,,,5,CORREGIDORA,,,REG_MR,PAN,2,MARIA ESTHER GARCIA AGUILAR,2,,PAN
,22,QUERETARO,,,5,CORREGIDORA,,,REG_MR,PAN,3,GERMAN BORJA GARDUÑO,1,,PAN
,22,QUERETARO,,,5,CORREGIDORA,,,REG_MR,PAN,4,RUTH UGALDE VERGARA,2,,PAN
,22,QUERETARO,,,5,CORREGIDORA,,,REG_MR,PAN,5,CARLOS JIMENEZ RODRIGUEZ,1,,PAN
,22,QUERETARO,,,5,CORREGIDORA,,,REG_MR,PAN,6,GUADALUPE ALICIA CASTILLO CORTEZ,2,,PAN
,22,QUERETARO,,,5,CORREGIDORA,,,REG_RP,PRI,2,HECTOR RICARDO GONZALEZ FLORES,1,,PRI
,22,QUERETARO,,,5,CORREGIDORA,,,REG_RP,PVEM,4,MARIA GUADALUPE PESCADOR ANDRADE,2,,PVEM
,22,QUERETARO,,,5,CORREGIDORA,,,REG_RP,MORENA,1,DOMITILA LIRA ARREOLA,2,,MORENA
,22,QUERETARO,,,5,CORREGIDORA,,,REG_RP,MORENA,5,RODOLFO GOMEZ RAMIREZ,1,,MORENA
,22,QUERETARO,,,5,CORREGIDORA,,,REG_RP,PT,3,MARIA GABRIELA MORENO MAYORGA,2,,PT
,22,QUERETARO,,,6,EL MARQUÉS,,,PRES_MUN,PAN,1,ENRIQUE VEGA CARRILES,1,,PAN
,22,QUERETARO,,,6,EL MARQUÉS,,,SIND,PAN,1,CLAUDIA MARTINEZ GUEVARA,2,,PAN
,22,QUERETARO,,,6,EL MARQUÉS,,,SIND,PAN,2,RAMIRO RAMIREZ RAMIREZ,1,,PAN
,22,QUERETARO,,,6,EL MARQUÉS,,,REG_MR,PAN,1,ALMA ADRIANA GUZMAN RUIZ,2,,PAN
,22,QUERETARO,,,6,EL MARQUÉS,,,REG_MR,PAN,2,TEODOCIO ROBLES BECERRA,1,,PAN
,22,QUERETARO,,,6,EL MARQUÉS,,,REG_MR,PAN,3,AYDE ESPINOZA GONZALEZ,2,,PAN
,22,QUERETARO,,,6,EL MARQUÉS,,,REG_MR,PAN,4,JESUS RAMIREZ LOPEZ,1,,PAN
,22,QUERETARO,,,6,EL MARQUÉS,,,REG_MR,PAN,5,CINTYA NANCY UGALDE HERNANDEZ,2,,PAN
,22,QUERETARO,,,6,EL MARQUÉS,,,REG_MR,PAN,6,ELISA RENDON GUERRERO,2,,PAN
,22,QUERETARO,,,6,EL MARQUÉS,,,REG_RP,PRI,1,CRYSTIAN  VARGAS MOLINA,2,,PRI
,22,QUERETARO,,,6,EL MARQUÉS,,,REG_RP,PRI,4,ABRAHAM  MARTINEZ HERNANDEZ,1,,PRI
,22,QUERETARO,,,6,EL MARQUÉS,,,REG_RP,PRI,5,MARIA FELIPA CASTAÑON LOYOLA,2,,PRI
,22,QUERETARO,,,6,EL MARQUÉS,,,REG_RP,MORENA,2,AIDE  RAMIREZ LOPEZ,2,,MORENA
,22,QUERETARO,,,6,EL MARQUÉS,,,REG_RP,PT,3,MARIA DE LA LUZ PEREZ NARANJO,2,,PT
,22,QUERETARO,,,7,EZEQUIEL MONTES,,,PRES_MUN,PAN_PRD_QI,1,MAGDA GUADALUPE PEREZ MONTES,2,,PAN_PRD_QI
,22,QUERETARO,,,7,EZEQUIEL MONTES,,,SIND,PAN_PRD_QI,1,JULIAN FEREGRINO DORANTES,1,,PAN_PRD_QI
,22,QUERETARO,,,7,EZEQUIEL MONTES,,,SIND,PAN_PRD_QI,2,AGUSTINA MONTES HERNANDEZ,2,,PAN_PRD_QI
,22,QUERETARO,,,7,EZEQUIEL MONTES,,,REG_MR,PAN_PRD_QI,1,FIDEL RESENDIZ RESENDIZ,1,,PAN_PRD_QI
,22,QUERETARO,,,7,EZEQUIEL MONTES,,,REG_MR,PAN_PRD_QI,2,BRYANDA GUTIERREZ NIETO,2,,PAN_PRD_QI
,22,QUERETARO,,,7,EZEQUIEL MONTES,,,REG_MR,PAN_PRD_QI,3,VICTOR MANUEL JIMENEZ SANCHEZ,1,,PAN_PRD_QI
,22,QUERETARO,,,7,EZEQUIEL MONTES,,,REG_MR,PAN_PRD_QI,4,MARIANA VEGA HERNANDEZ,2,,PAN_PRD_QI
,22,QUERETARO,,,7,EZEQUIEL MONTES,,,REG_RP,PRI,2,LUZ MARIA QUINTANAR FEREGRINO,2,,PRI
,22,QUERETARO,,,7,EZEQUIEL MONTES,,,REG_RP,CAND_IND4,1,IVAN RESENDIZ RAMIREZ,1,,CAND_IND4
,22,QUERETARO,,,7,EZEQUIEL MONTES,,,REG_RP,CAND_IND4,3,GLORIA CASTILLO PALMA,2,,CAND_IND4
,22,QUERETARO,,,8,HUIMILPAN,,,PRES_MUN,PVEM,1,JUAN GUZMAN CABRERA,1,,PVEM
,22,QUERETARO,,,8,HUIMILPAN,,,SIND,PVEM,1,ANA PAOLA  SERVIN JARAMILLO,2,,PVEM
,22,QUERETARO,,,8,HUIMILPAN,,,SIND,PVEM,2,JOSE SALVADOR ARREOLA  HERNANDEZ,1,,PVEM
,22,QUERETARO,,,8,HUIMILPAN,,,REG_MR,PVEM,1,CAROLINA  FLORES CRUZ,2,,PVEM
,22,QUERETARO,,,8,HUIMILPAN,,,REG_MR,PVEM,2,LUIS MARIO GUTIERREZ GOMEZ,1,,PVEM
,22,QUERETARO,,,8,HUIMILPAN,,,REG_MR,PVEM,3,JANET LUJAN MARTINEZ,2,,PVEM
,22,QUERETARO,,,8,HUIMILPAN,,,REG_MR,PVEM,4,SAIRA ZENIDA MOLINA GUDIÑO,2,,PVEM
,22,QUERETARO,,,8,HUIMILPAN,,,REG_RP,PAN,1,VIVIANA IVETTE DE JESUS SALINAS,2,,PAN
,22,QUERETARO,,,8,HUIMILPAN,,,REG_RP,PRI,2,BLANCA DIANA MARTINEZ JURADO,2,,PRI
,22,QUERETARO,,,8,HUIMILPAN,,,REG_RP,RSP,3,RUBEN LUNA MIRANDA,1,,RSP
,22,QUERETARO,,,9,JALPAN DE SERRA,,,PRES_MUN,CAND_IND8,1,EFRAIN MUÑOZ COSME,1,,CAND_IND8
,22,QUERETARO,,,9,JALPAN DE SERRA,,,SIND,CAND_IND8,1,SUGEY DE JESUS MUÑOZ RUBIO,2,,CAND_IND8
,22,QUERETARO,,,9,JALPAN DE SERRA,,,SIND,CAND_IND8,2,GABRIEL JORDAN  FLORES PEDRAZA,1,,CAND_IND8
,22,QUERETARO,,,9,JALPAN DE SERRA,,,REG_MR,CAND_IND8,1,MARIA GUADALUPE COSINO SANDOVAL,2,,CAND_IND8
,22,QUERETARO,,,9,JALPAN DE SERRA,,,REG_MR,CAND_IND8,2,MARIANO DANIEL  ACOSTA  RESENDIZ,1,,CAND_IND8
,22,QUERETARO,,,9,JALPAN DE SERRA,,,REG_MR,CAND_IND8,3,ADRIANA PORTILLO RUBIO,2,,CAND_IND8
,22,QUERETARO,,,9,JALPAN DE SERRA,,,REG_MR,CAND_IND8,4,VALENTINA MARTINEZ  MONROY,2,,CAND_IND8
,22,QUERETARO,,,9,JALPAN DE SERRA,,,REG_RP,PAN,1,ANDRES FLORES SALAZAR,1,,PAN
,22,QUERETARO,,,9,JALPAN DE SERRA,,,REG_RP,PRI,2,KARINA CAREAGA PINEDA,2,,PRI
,22,QUERETARO,,,9,JALPAN DE SERRA,,,REG_RP,CAND_IND7,3,JUAN CHAVEZ HERNANDEZ,1,,CAND_IND7
,22,QUERETARO,,,10,LANDA DE MATAMOROS,,,PRES_MUN,PAN,1,MARINA PONCE CAMACHO,2,,PAN
,22,QUERETARO,,,10,LANDA DE MATAMOROS,,,SIND,PAN,1,OSCAR GONZALEZ CONTRERAS,1,,PAN
,22,QUERETARO,,,10,LANDA DE MATAMOROS,,,SIND,PAN,2,ANA BEATRIZ HERRERA COVARRUBIAS,2,,PAN
,22,QUERETARO,,,10,LANDA DE MATAMOROS,,,REG_MR,PAN,1,FRANCISCO GARAY NUÑEZ,1,,PAN
,22,QUERETARO,,,10,LANDA DE MATAMOROS,,,REG_MR,PAN,2,ELIZABETH SEGURA CAMPUZANO,2,,PAN
,22,QUERETARO,,,10,LANDA DE MATAMOROS,,,REG_MR,PAN,3,VICENTA GONZALEZ HERNANDEZ,2,,PAN
,22,QUERETARO,,,10,LANDA DE MATAMOROS,,,REG_MR,PAN,4,ROMEO MARQUEZ FONSECA,1,,PAN
,22,QUERETARO,,,10,LANDA DE MATAMOROS,,,REG_RP,PRI,1,MARIA IMELDA BOCANEGRA SANCHEZ,2,,PRI
,22,QUERETARO,,,10,LANDA DE MATAMOROS,,,REG_RP,PRI,3,MOISES ANDABLO MOLINERO,1,,PRI
,22,QUERETARO,,,10,LANDA DE MATAMOROS,,,REG_RP,MORENA,2,MARIA INES PEREZ CERVANTES,2,,MORENA
,22,QUERETARO,,,11,PEDRO ESCOBEDO,,,PRES_MUN,PAN,1,ISIDRO AMARILDO BARCENAS RESENDIZ,1,,PAN
,22,QUERETARO,,,11,PEDRO ESCOBEDO,,,SIND,PAN,1,MARIA JOVITA JUANA  NIEVES PIÑA,2,,PAN
,22,QUERETARO,,,11,PEDRO ESCOBEDO,,,SIND,PAN,2,ALFREDO PERRUSQUIA PERRUSQUIA,1,,PAN
,22,QUERETARO,,,11,PEDRO ESCOBEDO,,,REG_MR,PAN,1,MA. IRENE EVANGELISTA SANTIAGO,2,,PAN
,22,QUERETARO,,,11,PEDRO ESCOBEDO,,,REG_MR,PAN,2,VIOLETA NIETO DUEÑAS,2,,PAN
,22,QUERETARO,,,11,PEDRO ESCOBEDO,,,REG_MR,PAN,3,SALVADOR PIÑA HERNANDEZ,1,,PAN
,22,QUERETARO,,,11,PEDRO ESCOBEDO,,,REG_MR,PAN,4,YENIFER RIVERA MARTINEZ,2,,PAN
,22,QUERETARO,,,11,PEDRO ESCOBEDO,,,REG_RP,PRI,1,MARTIN FIGUEROA OLVERA,1,,PRI
,22,QUERETARO,,,11,PEDRO ESCOBEDO,,,REG_RP,MORENA,2,JUANA PATRICIA OJEDA GRIFALDO,2,,MORENA
,22,QUERETARO,,,11,PEDRO ESCOBEDO,,,REG_RP,FXM,3,NORMA LIZBETH SOTO SANDOVAL,2,,FXM
,22,QUERETARO,,,12,PEÑAMILLER,,,PRES_MUN,PAN,1,JUAN CARLOS LINARES AGUILAR,1,,PAN
,22,QUERETARO,,,12,PEÑAMILLER,,,SIND,PAN,1,ROCIO  BALDERAS MARTINEZ,2,,PAN
,22,QUERETARO,,,12,PEÑAMILLER,,,SIND,PAN,2,JUAN ALFONSO  MUNGUIA ALAMILLA,1,,PAN
,22,QUERETARO,,,12,PEÑAMILLER,,,REG_MR,PAN,1,VIRIDIANA CERVANTES VAZQUEZ,2,,PAN
,22,QUERETARO,,,12,PEÑAMILLER,,,REG_MR,PAN,2,ANA LUISA  GARCIA  GUERRERO ,2,,PAN
,22,QUERETARO,,,12,PEÑAMILLER,,,REG_MR,PAN,3,JOSE DE JESUS RESENDIZ AGUAS,1,,PAN
,22,QUERETARO,,,12,PEÑAMILLER,,,REG_MR,PAN,4,YUSELIM ARELI  GUDIÑO  CHAVEZ,2,,PAN
,22,QUERETARO,,,12,PEÑAMILLER,,,REG_RP,PVEM,1,ALAN ADHALID GARCIA RAMIREZ,1,,PVEM
,22,QUERETARO,,,12,PEÑAMILLER,,,REG_RP,PVEM,3,LORENZA RAMOS  TREJO,2,,PVEM
,22,QUERETARO,,,12,PEÑAMILLER,,,REG_RP,MORENA,2,MA. GUADALUPE  ALVARADO  GONZALEZ,2,,MORENA
,22,QUERETARO,,,13,PINAL DE AMOLES,,,PRES_MUN,PAN,1,MARIA GUADALUPE RAMIREZ PLAZA,2,,PAN
,22,QUERETARO,,,13,PINAL DE AMOLES,,,SIND,PAN,1,CIRILO LEAL PLAZA,1,,PAN
,22,QUERETARO,,,13,PINAL DE AMOLES,,,SIND,PAN,2,MA. CRUZ MARIN GODOY,2,,PAN
,22,QUERETARO,,,13,PINAL DE AMOLES,,,REG_MR,PAN,1,ISMAEL BALDERAS MENDOZA,1,,PAN
,22,QUERETARO,,,13,PINAL DE AMOLES,,,REG_MR,PAN,2,CECILIA RUBI HERRERA GUERRERO,2,,PAN
,22,QUERETARO,,,13,PINAL DE AMOLES,,,REG_MR,PAN,3,JUAN DANIEL SANCHEZ MORAN,1,,PAN
,22,QUERETARO,,,13,PINAL DE AMOLES,,,REG_MR,PAN,4,CAMILA GARCIA PACHECO,2,,PAN
,22,QUERETARO,,,13,PINAL DE AMOLES,,,REG_RP,PRI,1,ELVA OLIVIA OLVERA LEON,2,,PRI
,22,QUERETARO,,,13,PINAL DE AMOLES,,,REG_RP,PRD,3,MA. MAGDALENA RESENDIZ JIMENEZ,2,,PRD
,22,QUERETARO,,,13,PINAL DE AMOLES,,,REG_RP,QI,2,ALFREDO AGUILAR VELAZQUEZ,1,,QI
,22,QUERETARO,,,14,QUERETARO,,,PRES_MUN,PAN_QI,1,LUIS BERNARDO NAVA GUERRERO,1,,PAN_QI
,22,QUERETARO,,,14,QUERETARO,,,SIND,PAN_QI   ,1,JULIANA ROSARIO HERNANDEZ QUINTANAR,2,,PAN_QI   
,22,QUERETARO,,,14,QUERETARO,,,SIND,PAN_QI   ,2,CLAUDIO SINECIO FLORES,1,,PAN_QI   
,22,QUERETARO,,,14,QUERETARO,,,REG_MR,PAN_QI   ,1,TANIA PALACIOS KURI,2,,PAN_QI   
,22,QUERETARO,,,14,QUERETARO,,,REG_MR,PAN_QI   ,2,ADRIANA FUENTES CORTES,2,,PAN_QI   
,22,QUERETARO,,,14,QUERETARO,,,REG_MR,PAN_QI   ,3,ISAAC JIMENEZ HERRERA,1,,PAN_QI   
,22,QUERETARO,,,14,QUERETARO,,,REG_MR,PAN_QI   ,4,FATIMA YADIRA MONTES FRAIRE,2,,PAN_QI   
,22,QUERETARO,,,14,QUERETARO,,,REG_MR,PAN_QI   ,5,JOSE LUIS AGUILERA RICO,1,,PAN_QI   
,22,QUERETARO,,,14,QUERETARO,,,REG_MR,PAN_QI   ,6,MARIA CONCEPCION RESENDIZ RODRIGUEZ,2,,PAN_QI   
,22,QUERETARO,,,14,QUERETARO,,,REG_MR,PAN_QI   ,7,CARLOS HABACUC RUIZ UVALLE,1,,PAN_QI   
,22,QUERETARO,,,14,QUERETARO,,,REG_RP,PRI,2,MARIA ALEMAN MUÑOZ CASTILLO,2,,PRI
,22,QUERETARO,,,14,QUERETARO,,,REG_RP,PRI,5,MARCO ALVAREZ MALO LABASTIDA,1,,PRI
,22,QUERETARO,,,14,QUERETARO,,,REG_RP,MORENA,1,MARTHA FABIOLA LARRONDO MONTES,2,,MORENA
,22,QUERETARO,,,14,QUERETARO,,,REG_RP,MORENA,3,JOSE ARTURO GONZALEZ  CORDOBA,1,,MORENA
,22,QUERETARO,,,14,QUERETARO,,,REG_RP,MORENA,4,IVONNE OLASCOAGA CORREA,2,,MORENA
,22,QUERETARO,,,14,QUERETARO,,,REG_RP,MORENA,6,JOSE MANUEL  SANCHEZ  NIETO,1,,MORENA
,22,QUERETARO,,,15,SAN JOAQUÍN,,,PRES_MUN,PVEM,1,CARLOS MANUEL LEDESMA ROBLES,1,,PVEM
,22,QUERETARO,,,15,SAN JOAQUÍN,,,SIND,PVEM,1,ANA CELIA GARCIA RESENDIZ,2,,PVEM
,22,QUERETARO,,,15,SAN JOAQUÍN,,,SIND,PVEM,2,ORLANDO OCTAVIO LEDESMA CAMACHO,1,,PVEM
,22,QUERETARO,,,15,SAN JOAQUÍN,,,REG_MR,PVEM,1,AMELIA MARIA HERNANDEZ PEREZ,2,,PVEM
,22,QUERETARO,,,15,SAN JOAQUÍN,,,REG_MR,PVEM,2,ENRIQUE CRUZ GARCIA,1,,PVEM
,22,QUERETARO,,,15,SAN JOAQUÍN,,,REG_MR,PVEM,3,VIRGINIA GUERRERO MATA,2,,PVEM
,22,QUERETARO,,,15,SAN JOAQUÍN,,,REG_MR,PVEM,4,MARLEN MARTINEZ LEDESMA,2,,PVEM
,22,QUERETARO,,,15,SAN JOAQUÍN,,,REG_RP,MORENA,3,MARIA GUADALUPE LEDESMA SANCHEZ,2,,MORENA
,22,QUERETARO,,,15,SAN JOAQUÍN,,,REG_RP,CAND_IND10,2,J. ERNESTO CRUZ TAVERA,1,,CAND_IND10
,22,QUERETARO,,,15,SAN JOAQUÍN,,,REG_RP,PAN,1,MARIANA GARDUÑO ERREGUIN,2,,PAN
,22,QUERETARO,,,16,SAN JUAN DEL RÍO,,,PRES_MUN,PAN,1,ROBERTO CARLOS CABRERA VALENCIA,1,,PAN
,22,QUERETARO,,,16,SAN JUAN DEL RÍO,,,SIND,PAN,1,OLIVIA SANCHEZ VEGA,2,,PAN
,22,QUERETARO,,,16,SAN JUAN DEL RÍO,,,SIND,PAN,2,CARLOS FERNANDO RAFAEL ZAMORANO ESTRELLA,1,,PAN
,22,QUERETARO,,,16,SAN JUAN DEL RÍO,,,REG_MR,PAN,1,MARTHA PATRICIA LOPEZ LUNA,2,,PAN
,22,QUERETARO,,,16,SAN JUAN DEL RÍO,,,REG_MR,PAN,2,JOSE ANTONIO PEREZ CABRERA,1,,PAN
,22,QUERETARO,,,16,SAN JUAN DEL RÍO,,,REG_MR,PAN,3,SANDRA CAMACHO ROJO,2,,PAN
,22,QUERETARO,,,16,SAN JUAN DEL RÍO,,,REG_MR,PAN,4,LUZ VIRGINIA CORTES OSORNIO,2,,PAN
,22,QUERETARO,,,16,SAN JUAN DEL RÍO,,,REG_MR,PAN,5,JOSE LUIS CORNEJO OLIVARES,1,,PAN
,22,QUERETARO,,,16,SAN JUAN DEL RÍO,,,REG_MR,PAN,6,ALICIA YAÑEZ RUIZ,2,,PAN
,22,QUERETARO,,,16,SAN JUAN DEL RÍO,,,REG_RP,PRI,2,FABIOLA PEREZ VALENZUELA,2,,PRI
,22,QUERETARO,,,16,SAN JUAN DEL RÍO,,,REG_RP,MORENA,1,ROSA MARIA RIOS GARCIA,2,,MORENA
,22,QUERETARO,,,16,SAN JUAN DEL RÍO,,,REG_RP,MORENA,4,CRISPINA OSORNIO   VALENCIA ,2,,MORENA
,22,QUERETARO,,,16,SAN JUAN DEL RÍO,,,REG_RP,MORENA,5,VICENTE  ZAMORA  RIVERA ,1,,MORENA
,22,QUERETARO,,,16,SAN JUAN DEL RÍO,,,REG_RP,QI,3,ITZEL ABIGAIL GUERRERO SOTO,2,,QI
,22,QUERETARO,,,17,TEQUISQUIAPAN,,,PRES_MUN,CAND_IND11,1,JOSE ANTONIO MEJIA LIRA,1,,CAND_IND11
,22,QUERETARO,,,17,TEQUISQUIAPAN,,,SIND,CAND_IND11,1,AMALIA CARIDAD AGUILAR DOMINGUEZ,2,,CAND_IND11
,22,QUERETARO,,,17,TEQUISQUIAPAN,,,SIND,CAND_IND11,2,MARIO DORANTES NIETO,1,,CAND_IND11
,22,QUERETARO,,,17,TEQUISQUIAPAN,,,REG_MR,CAND_IND11,1,MARIA IVONNE CASTRO CHAVEZ,2,,CAND_IND11
,22,QUERETARO,,,17,TEQUISQUIAPAN,,,REG_MR,CAND_IND11,2,EDUARDO RUIZ ALVAREZ,1,,CAND_IND11
,22,QUERETARO,,,17,TEQUISQUIAPAN,,,REG_MR,CAND_IND11,3,NANCY ARBONA SALDAÑA,2,,CAND_IND11
,22,QUERETARO,,,17,TEQUISQUIAPAN,,,REG_MR,CAND_IND11,4,JUAN CARLOS FLORES RESENDIZ,1,,CAND_IND11
,22,QUERETARO,,,17,TEQUISQUIAPAN,,,REG_MR,CAND_IND11,5,SILVIA ARACELI PINEDA NIETO,2,,CAND_IND11
,22,QUERETARO,,,17,TEQUISQUIAPAN,,,REG_RP,PAN,2,MARIO AVILA ARREDONDO,1,,PAN
,22,QUERETARO,,,17,TEQUISQUIAPAN,,,REG_RP,PRI,1,MA. GUADALUPE MORALES FERRUSCA,2,,PRI
,22,QUERETARO,,,17,TEQUISQUIAPAN,,,REG_RP,PRD,4,VALENTINA JASSEN MORALES,2,,PRD
,22,QUERETARO,,,17,TEQUISQUIAPAN,,,REG_RP,MORENA,3,MONICA  HERNANDEZ AMADO,2,,MORENA
,22,QUERETARO,,,18,TOLIMÁN,,,PRES_MUN,PAN,1,MA. GUADALUPE  ALCANTARA DE SANTIAGO ,2,,PAN
,22,QUERETARO,,,18,TOLIMÁN,,,SIND,PAN,1,GUSTAVO ERREGUIN LENOYR,1,,PAN
,22,QUERETARO,,,18,TOLIMÁN,,,SIND,PAN,2,VIVIANA MARTINEZ GARCIA,2,,PAN
,22,QUERETARO,,,18,TOLIMÁN,,,REG_MR,PAN,1,MA. ESTELA  DE SANTIAGO RAMOS,2,,PAN
,22,QUERETARO,,,18,TOLIMÁN,,,REG_MR,PAN,2,RICARDO RAMOS MONTES,1,,PAN
,22,QUERETARO,,,18,TOLIMÁN,,,REG_MR,PAN,3,LETICIA LOPEZ GONZALEZ,2,,PAN
,22,QUERETARO,,,18,TOLIMÁN,,,REG_MR,PAN,4,FRANCISCO HERNANDEZ  MARTINEZ ,1,,PAN
,22,QUERETARO,,,18,TOLIMÁN,,,REG_RP,PRI,3,MIGUEL ANGEL HERRERA GUERRERO,1,,PRI
,22,QUERETARO,,,18,TOLIMÁN,,,REG_RP,MORENA,1,FERNANDO  RAMOS MONTES,1,,MORENA
,22,QUERETARO,,,18,TOLIMÁN,,,REG_RP,RSP,2,MARIA ISABEL HERNANDEZ IRINEO,2,,RSP
