CIRCUNSCRIPCION,ID_ESTADO,NOMBRE_ESTADO,ID_DISTRITO_LOCAL,CABECERA_DISTRITAL_LOCAL,ID_MUNICIPIO,MUNICIPIO,ID_DEMARCACION_LOCAL,DEMARCACION_LOCAL,TIPO_DE_ELECCION,NOMBRE_PARTICIPANTE,NUMERO_LISTA,CANDIDATO,SEXO_CANDIDATO,RUTA_CONSTANCIA,PARTIDO
1,18,NAYARIT,,,,,,,GOB,PT_PVEM_MORENA_NAN,1,MIGUEL ANGEL NAVARRO QUINTERO,1,,MORENA
1,18,NAYARIT,1,ACAPONETA,,,,,DIP_LOC_MR,PT_PVEM_MORENA_NAN,1,FRANCISCO PIÑA HERRERA,1,,MORENA
1,18,NAYARIT,2,TECUALA,,,,,DIP_LOC_MR,PT_PVEM_MORENA_NAN,1,RICARDO PARRA TIZNADO,1,,MORENA
1,18,NAYARIT,3,JESUS MARIA DEL NAYAR,,,,,DIP_LOC_MR,PT_PVEM_MORENA_NAN,1,NATALIA CARRILLO REZA,2,,MORENA
1,18,NAYARIT,4,TUXPAN,,,,,DIP_LOC_MR,PT_PVEM_MORENA_NAN,1,ANY MARILU PORRAS BAYLON,2,,MORENA
1,18,NAYARIT,5,SANTIAGO IXCUINTLA,,,,,DIP_LOC_MR,PT_PVEM_MORENA_NAN,1,SERGIO GONZALEZ GARCIA,1,,PVEM
1,18,NAYARIT,6,TEPIC,,,,,DIP_LOC_MR,PT_PVEM_MORENA_NAN,1,NADIA EDITH BERNAL JIMENEZ,2,,PT
1,18,NAYARIT,7,TEPIC,,,,,DIP_LOC_MR,PT_PVEM_MORENA_NAN,1,GEORGINA GUADALUPE LOPEZ ARIAS,2,,PVEM
1,18,NAYARIT,8,TEPIC,,,,,DIP_LOC_MR,PT_PVEM_MORENA_NAN,1,ARISTEO PRECIADO MAYORGA,1,,PT
1,18,NAYARIT,9,TEPIC,,,,,DIP_LOC_MR,PT_PVEM_MORENA_NAN,1,LUIS FERNANDO PARDO GONZALEZ,1,,NAN
1,18,NAYARIT,10,SAN BLAS,,,,,DIP_LOC_MR,PT_PVEM_MORENA_NAN,1,JUANA NATALY TIZCAREÑO LARA,2,,NAN
1,18,NAYARIT,11,TEPIC,,,,,DIP_LOC_MR,PT_PVEM_MORENA_NAN,1,LUIS ENRIQUE MIRAMONTES VAZQUEZ,1,,MORENA
1,18,NAYARIT,12,TEPIC,,,,,DIP_LOC_MR,PT_PVEM_MORENA_NAN,1,LAURA PAOLA MONTS RUIZ,2,,MORENA
1,18,NAYARIT,13,SANTA MARIA DEL ORO,,,,,DIP_LOC_MR,PT_PVEM_MORENA_NAN,1,RODRIGO POLANCO SOJO,1,,MORENA
1,18,NAYARIT,14,XALISCO,,,,,DIP_LOC_MR,MORENA,1,LOURDES JOSEFINA MERCADO SOTO,2,,MORENA
1,18,NAYARIT,15,COMPOSTELA,,,,,DIP_LOC_MR,PT_PVEM_MORENA_NAN,1,ALBA CRISTAL ESPINOZA PEÑA,2,,MORENA
1,18,NAYARIT,16,IXTLAN DEL RIO,,,,,DIP_LOC_MR,PT_PVEM_MORENA_NAN,1,TANIA MONTENEGRO IBARRA,2,,PT
1,18,NAYARIT,17,BUCERIAS,,,,,DIP_LOC_MR,PT_PVEM_MORENA_NAN,1,ALEJANDRO REGALADO CURIEL,1,,PVEM
1,18,NAYARIT,18,MEZCALES,,,,,DIP_LOC_MR,PT_PVEM_MORENA_NAN,1,HECTOR JAVIER SANTANA GARCIA,1,,MORENA
1,18,NAYARIT,,,,,,,DIP_LOC_RP,PAN,1,LAURA INES RANGEL HUERTA,2,,PAN
1,18,NAYARIT,,,,,,,DIP_LOC_RP,PAN,2,LUIS ALBERTO ZAMORA ROMERO,1,,PAN
1,18,NAYARIT,,,,,,,DIP_LOC_RP,PRI,1,SOFIA BAUTISTA ZAMBRANO,2,,PRI
1,18,NAYARIT,,,,,,,DIP_LOC_RP,PRD,1,SONIA NOHELIA IBARRA FRANQUEZ,2,,PRD
1,18,NAYARIT,,,,,,,DIP_LOC_RP,MC,1,JUANITA DEL CARMEN GONZALEZ CHAVEZ,2,,MC
1,18,NAYARIT,,,,,,,DIP_LOC_RP,MC,2,JOSE IGNACIO RIVAS PARRA,1,,MC
1,18,NAYARIT,,,,,,,DIP_LOC_RP,MC,3,SELENE LORENA CARDENAS PEDRAZA,2,,MC
1,18,NAYARIT,,,,,,,DIP_LOC_RP,MC,4,PABLO MONTOYA DE LA ROSA,1,,MC
1,18,NAYARIT,,,,,,,DIP_LOC_RP,MORENA,1,MARIA BELEN MUÑOZ BARAJAS,2,,MORENA
1,18,NAYARIT,,,,,,,DIP_LOC_RP,MORENA,2,MYRNA MARIA ENCINAS GARCIA,2,,MORENA
1,18,NAYARIT,,,,,,,DIP_LOC_RP,NAN,1,JESUS NOELIA RAMOS NUNGARAY,2,,NAN
1,18,NAYARIT,,,,,,,DIP_LOC_RP,RSP,1,LIDIA ELIZABETH ZAMORA ASCENCIO,2,,RSP
1,18,NAYARIT,,,1,ACAPONETA,,,PRES_MUN,PT_PVEM_MORENA_NAN,1,MANUEL RAMON SALCEDO OSUNA,1,,MORENA
1,18,NAYARIT,,,1,ACAPONETA,,,SIND,PT_PVEM_MORENA_NAN,2,MARIA ELENA ORNELAS DOMINGUEZ,2,,PVEM
1,18,NAYARIT,,,2,AHUACATLAN,,,PRES_MUN,PT_PVEM_MORENA_NAN,1,LUCRECIA DE JESUS ALDUENDA ECHEAGARAY,2,,MORENA
1,18,NAYARIT,,,2,AHUACATLAN,,,SIND,PT_PVEM_MORENA_NAN,2,J. SANTOS PONCE GARCIA,1,,MORENA
1,18,NAYARIT,,,3,AMATLAN DE CAÑAS,,,PRES_MUN,PT_PVEM_MORENA_NAN,1,JESUS RAFAEL SANDOVAL DIAZ,1,,PVEM
1,18,NAYARIT,,,3,AMATLAN DE CAÑAS,,,SIND,PT_PVEM_MORENA_NAN,2,MIRIAM AURORA VAZQUEZ GARCIA,2,,MORENA
1,18,NAYARIT,,,4,BAHIA DE BANDERAS,,,PRES_MUN,PT_PVEM_MORENA_NAN,1,MIRTHA ILIANA VILLALVAZO AMAYA,2,,MORENA
1,18,NAYARIT,,,4,BAHIA DE BANDERAS,,,SIND,PT_PVEM_MORENA_NAN,2,JULIO CESAR ROBLES LIMA,1,,PT
1,18,NAYARIT,,,5,COMPOSTELA,,,PRES_MUN,PT_PVEM_MORENA_NAN,1,ROMINA CHANG AGUILAR,2,,MORENA
1,18,NAYARIT,,,5,COMPOSTELA,,,SIND,PT_PVEM_MORENA_NAN,2,JESUS ALBERTO BAUTISTA ARIAS,1,,MORENA
1,18,NAYARIT,,,6,HUAJICORI,,,PRES_MUN,PT_PVEM_MORENA_NAN,1,VICENTE RANGEL CERVANTES,1,,MORENA
1,18,NAYARIT,,,6,HUAJICORI,,,SIND,PT_PVEM_MORENA_NAN,2,DIANA GEORGINA OSUNA DE LA CRUZ,2,,MORENA
1,18,NAYARIT,,,7,IXTLAN DEL RIO,,,PRES_MUN,PAN_PRI_PRD,1,ELSA NAYELI PARDO RIVERA,2,,PAN
1,18,NAYARIT,,,7,IXTLAN DEL RIO,,,SIND,PAN_PRI_PRD,2,DAVID HORACIO SALAS GARCIA,1,,PAN
1,18,NAYARIT,,,8,JALA,,,PRES_MUN,PT_PVEM_MORENA_NAN,1,ANTONIO CARRILLO RAMOS,1,,NAN
1,18,NAYARIT,,,8,JALA,,,SIND,PT_PVEM_MORENA_NAN,2,VANESSA ZUÑIGA RAFAEL,2,,NAN
1,18,NAYARIT,,,9,DEL NAYAR,,,PRES_MUN,PT,1,EUGENIO ALVAREZ GOMEZ,1,,PT
1,18,NAYARIT,,,9,DEL NAYAR,,,SIND,PT,2,MA. GLORIA PARADA MUÑOZ,2,,PT
1,18,NAYARIT,,,10,ROSAMORADA,,,PRES_MUN,PT_PVEM_MORENA_NAN,1,RITO ALFONSO GALVAN ZERMEÑO,1,,PT
1,18,NAYARIT,,,10,ROSAMORADA,,,SIND,PT_PVEM_MORENA_NAN,2,ROSA GARDENIA GONZALEZ NARANJO,2,,PT
1,18,NAYARIT,,,11,RUIZ,,,PRES_MUN,PT_PVEM_MORENA_NAN,1,OSCAR FLORES ESTRADA,1,,MORENA
1,18,NAYARIT,,,11,RUIZ,,,SIND,PT_PVEM_MORENA_NAN,2,SONIA SELENE RODRIGUEZ ELIAS,2,,MORENA
1,18,NAYARIT,,,12,SAN BLAS,,,PRES_MUN,PAN_PRI_PRD,1,JOSE ANTONIO BARAJAS LOPEZ,1,,PAN
1,18,NAYARIT,,,12,SAN BLAS,,,SIND,PAN_PRI_PRD,2,YENNI PALOMA HERNANDEZ TOVAR,2,,PRI
1,18,NAYARIT,,,13,SAN PEDRO LAGUNILLAS,,,PRES_MUN,PT_PVEM_MORENA_NAN,1,ISABEL CRISTINA CORONADO RODRIGUEZ,2,,MORENA
1,18,NAYARIT,,,13,SAN PEDRO LAGUNILLAS,,,SIND,PT_PVEM_MORENA_NAN,2,JOSE LUIS OCEGUEDA PEREZ,1,,NAN
1,18,NAYARIT,,,14,SANTA MARIA DEL ORO,,,PRES_MUN,PT_PVEM_MORENA_NAN,1,MARISA SOLANO TRUJILLO,2,,NAN
1,18,NAYARIT,,,14,SANTA MARIA DEL ORO,,,SIND,PT_PVEM_MORENA_NAN,2,BERNARDO MURO SANCHEZ,1,,NAN
1,18,NAYARIT,,,15,SANTIAGO IXCUINTLA,,,PRES_MUN,PT_PVEM_MORENA_NAN,1,EDUARDO LUGO LOPEZ,1,,MORENA
1,18,NAYARIT,,,15,SANTIAGO IXCUINTLA,,,SIND,PT_PVEM_MORENA_NAN,2,MARISOL CONTRERAS PEREZ,2,,MORENA
1,18,NAYARIT,,,16,TECUALA,,,PRES_MUN,PT_PVEM_MORENA_NAN,1,GABINO JIMENEZ HUERTA,1,,NAN
1,18,NAYARIT,,,16,TECUALA,,,SIND,PT_PVEM_MORENA_NAN,2,MARIA TERESA VALDEZ SOTOMAYOR,2,,MORENA
1,18,NAYARIT,,,17,TEPIC,,,PRES_MUN,PT_PVEM_MORENA_NAN,1,MARIA GERALDINE PONCE MENDEZ,2,,MORENA
1,18,NAYARIT,,,17,TEPIC,,,SIND,PT_PVEM_MORENA_NAN,2,JOSUE DANIEL MERCADO RAMIREZ,1,,MORENA
1,18,NAYARIT,,,18,TUXPAN,,,PRES_MUN,MC,1,JOSE LUIS TOVAR RUVALCABA,1,,MC
1,18,NAYARIT,,,18,TUXPAN,,,SIND,MC,2,DOLORES ADRIANA MEDINA AVALOS,2,,MC
1,18,NAYARIT,,,19,XALISCO,,,PRES_MUN,PT_PVEM_MORENA_NAN,1,HERIBERTO CASTAÑEDA ULLOA,1,,MORENA
1,18,NAYARIT,,,19,XALISCO,,,SIND,PT_PVEM_MORENA_NAN,2,PATRICIA YARED GOMEZ GAMEROS,2,,PT
1,18,NAYARIT,,,20,LA YESCA,,,PRES_MUN,PT_PVEM_MORENA_NAN,1,REYNA LUCIA DE HARO DE LA CRUZ,2,,MORENA
1,18,NAYARIT,,,20,LA YESCA,,,SIND,PT_PVEM_MORENA_NAN,2,ROSA ELENA REYES JIMENEZ,2,,MORENA
1,18,NAYARIT,,,1,ACAPONETA,1,ACAPONETA 01,REG,FXM,1,JOSE ADRIAN REYES GARCIA,1,,FXM
1,18,NAYARIT,,,1,ACAPONETA,2,ACAPONETA 02,REG,PT_PVEM_MORENA_NAN,1,ERENDIRA YEDID RENTERIA GURROLA,2,,NAN
1,18,NAYARIT,,,1,ACAPONETA,3,ACAPONETA 03,REG,PAN_PRI_PRD,1,GUILLERMO ANTONIO GUZMAN JIMENEZ,1,,PRI
1,18,NAYARIT,,,1,ACAPONETA,4,ACAPONETA 04,REG,PT_PVEM_MORENA_NAN,1,JOSE MARTIN PERALTA LOPEZ,1,,MORENA
1,18,NAYARIT,,,1,ACAPONETA,5,ACAPONETA 05,REG,PT_PVEM_MORENA_NAN,1,TAMARA BETHZALI GOMEZ CORTEZ,2,,NAN
1,18,NAYARIT,,,1,ACAPONETA,6,ACAPONETA 06,REG,MLN,1,ROBERTO GASPAR TIZNADO AVILES,1,,MLN
1,18,NAYARIT,,,1,ACAPONETA,7,ACAPONETA 07,REG,PT_PVEM_MORENA_NAN,1,DAVID ERNESTO SANTILLAN DURAN,1,,PVEM
1,18,NAYARIT,,,2,AHUACATLAN,1,AHUACATLAN 01,REG,MC,1,JUAN ANTONIO HERNANDEZ RAMIREZ,1,,MC
1,18,NAYARIT,,,2,AHUACATLAN,2,AHUACATLAN 02,REG,PAN_PRI_PRD,1,ROSA MARIA GUTIERREZ PEÑA,2,,PRI
1,18,NAYARIT,,,2,AHUACATLAN,3,AHUACATLAN 03,REG,PT_PVEM_MORENA_NAN,1,ANDRES ORTEGA MORA,1,,NAN
1,18,NAYARIT,,,2,AHUACATLAN,4,AHUACATLAN 04,REG,MC,1,FELIPE DE JESUS BENITEZ BARRAGAN,1,,MC
1,18,NAYARIT,,,2,AHUACATLAN,5,AHUACATLAN 05,REG,PAN_PRI_PRD,1,JORGE NISSAT TISNADO DOMINGUEZ,1,,PRI
1,18,NAYARIT,,,3,AMATLAN DE CAÑAS,1,AMATLAN DE CAÑAS 01,REG,PT_PVEM_MORENA_NAN,1,JORGE RAMON SOTO AGUILAR,1,,PVEM
1,18,NAYARIT,,,3,AMATLAN DE CAÑAS,2,AMATLAN DE CAÑAS 02,REG,PT_PVEM_MORENA_NAN,1,GABRIELA NOEMI PARRA AGUIAR,2,,MORENA
1,18,NAYARIT,,,3,AMATLAN DE CAÑAS,3,AMATLAN DE CAÑAS 03,REG,PAN_PRI_PRD,1,JOSE VALENTIN AGUIAR ROBLES,1,,PRD
1,18,NAYARIT,,,3,AMATLAN DE CAÑAS,4,AMATLAN DE CAÑAS 04,REG,FXM,1,HECTOR ARMANDO ALTAMIRANO GARCIA,1,,FXM
1,18,NAYARIT,,,3,AMATLAN DE CAÑAS,5,AMATLAN DE CAÑAS 05,REG,PAN_PRI_PRD,1,ERIKA VALENZUELA ARIZON,2,,PAN
1,18,NAYARIT,,,4,BAHIA DE BANDERAS,1,BAHIA DE BANDERAS 01,REG,PAN_PRI_PRD,1,MARIA EMIGDIA JIMENEZ CARRILLO,2,,PAN
1,18,NAYARIT,,,4,BAHIA DE BANDERAS,2,BAHIA DE BANDERAS 02,REG,PAN_PRI_PRD,1,NADIA ELIZABETH PANIAGUA ROBLES,2,,PAN
1,18,NAYARIT,,,4,BAHIA DE BANDERAS,3,BAHIA DE BANDERAS 03,REG,PT_PVEM_MORENA_NAN,1,RAFAEL ALEJANDRO CERVANTES ,1,,PVEM
1,18,NAYARIT,,,4,BAHIA DE BANDERAS,4,BAHIA DE BANDERAS 04,REG,PT_PVEM_MORENA_NAN,1,ERIKA ZULETH CRUZ FELIX,2,,PT
1,18,NAYARIT,,,4,BAHIA DE BANDERAS,5,BAHIA DE BANDERAS 05,REG,PT_PVEM_MORENA_NAN,1,LOURDES VICTORIA IBARRA CHIQUETE,2,,PVEM
1,18,NAYARIT,,,4,BAHIA DE BANDERAS,6,BAHIA DE BANDERAS 06,REG,PT_PVEM_MORENA_NAN,1,JOSE ANTONIO PLACITO ,1,,NAN
1,18,NAYARIT,,,4,BAHIA DE BANDERAS,7,BAHIA DE BANDERAS 07,REG,MLN,1,MARTIN AGUIRRE RAMIREZ,1,,MLN
1,18,NAYARIT,,,4,BAHIA DE BANDERAS,8,BAHIA DE BANDERAS 08,REG,PT_PVEM_MORENA_NAN,1,MA. DEL CARMEN LEON OLVERA,2,,MORENA
1,18,NAYARIT,,,4,BAHIA DE BANDERAS,9,BAHIA DE BANDERAS 09,REG,PT_PVEM_MORENA_NAN,1,ELDA MINJAREZ GARCIA,2,,MORENA
1,18,NAYARIT,,,5,COMPOSTELA,1,COMPOSTELA 01,REG,PT_PVEM_MORENA_NAN,1,ELOIZA GARCIA BENITEZ,2,,MORENA
1,18,NAYARIT,,,5,COMPOSTELA,2,COMPOSTELA 02,REG,PT_PVEM_MORENA_NAN,1,CYNTHIA NATHALY LOPEZ NAVARRO,2,,PVEM
1,18,NAYARIT,,,5,COMPOSTELA,3,COMPOSTELA 03,REG,PT_PVEM_MORENA_NAN,1,CARLOS ALBERTO VILLASEÑOR ROSALES,1,,MORENA
1,18,NAYARIT,,,5,COMPOSTELA,4,COMPOSTELA 04,REG,PT_PVEM_MORENA_NAN,1,HERIBERTO ULLOA LOPEZ,1,,PVEM
1,18,NAYARIT,,,5,COMPOSTELA,5,COMPOSTELA 05,REG,PT_PVEM_MORENA_NAN,1,ALDO MICHEL HERNANDEZ BOBADILLA,1,,PT
1,18,NAYARIT,,,5,COMPOSTELA,6,COMPOSTELA 06,REG,PT_PVEM_MORENA_NAN,1,ANDREA LOPEZ ALATORRE,2,,MORENA
1,18,NAYARIT,,,5,COMPOSTELA,7,COMPOSTELA 07,REG,PT_PVEM_MORENA_NAN,1,MA DE LOURDES NUÑEZ BLAS,2,,MORENA
1,18,NAYARIT,,,5,COMPOSTELA,8,COMPOSTELA 08,REG,PT_PVEM_MORENA_NAN,1,ERICA ISABEL LOPEZ ARMENTA,2,,PT
1,18,NAYARIT,,,5,COMPOSTELA,9,COMPOSTELA 09,REG,PT_PVEM_MORENA_NAN,1,LUZ ARIANA COVARRUBIAS SERRANO,2,,NAN
1,18,NAYARIT,,,9,DEL NAYAR,1,DEL NAYAR 01,REG,PAN_PRI_PRD,1,GAUDENCIO AGUILAR MOLINA,1,,PAN
1,18,NAYARIT,,,9,DEL NAYAR,2,DEL NAYAR 02,REG,PAN_PRI_PRD,1,NICOLASA DE LA CRUZ CARRILLO,2,,PRI
1,18,NAYARIT,,,9,DEL NAYAR,3,DEL NAYAR 03,REG,PT,1,PABLO GARAY DE LA TORRE,1,,PT
1,18,NAYARIT,,,9,DEL NAYAR,4,DEL NAYAR 04,REG,PAN_PRI_PRD,1,JUANITA SOLIS SOLIS,2,,PRD
1,18,NAYARIT,,,9,DEL NAYAR,5,DEL NAYAR 05,REG,PAN_PRI_PRD,1,JUAN SALAS DE LA CRUZ,1,,PAN
1,18,NAYARIT,,,9,DEL NAYAR,6,DEL NAYAR 06,REG,PT,1,UBALDO CARRILLO TEOFILO,1,,PT
1,18,NAYARIT,,,9,DEL NAYAR,7,DEL NAYAR 07,REG,MC,1,LUIS LOPEZ LOBATOS,1,,MC
1,18,NAYARIT,,,6,HUAJICORI,1,HUAJICORI 01,REG,PAN_PRI_PRD,1,IRENE DE LA PAZ LOPEZ,2,,PRD
1,18,NAYARIT,,,6,HUAJICORI,2,HUAJICORI 02,REG,MC,1,FLORENCIO CORTEZ OCHOA,1,,MC
1,18,NAYARIT,,,6,HUAJICORI,3,HUAJICORI 03,REG,PT_PVEM_MORENA_NAN,1,MARINO TORRES FRUCTOSO,1,,MORENA
1,18,NAYARIT,,,6,HUAJICORI,4,HUAJICORI 04,REG,PT_PVEM_MORENA_NAN,1,ROGACIANO CABADA VAZQUEZ,1,,MORENA
1,18,NAYARIT,,,6,HUAJICORI,5,HUAJICORI 05,REG,PT_PVEM_MORENA_NAN,1,JESUS SAMUEL DE LA CRUZ ALCALA,1,,MORENA
1,18,NAYARIT,,,7,IXTLAN DEL RIO,1,IXTLAN DEL RIO 01,REG,PAN_PRI_PRD,1,FRANCISCO VILLANUEVA HERNANDEZ,1,,PRI
1,18,NAYARIT,,,7,IXTLAN DEL RIO,2,IXTLAN DEL RIO 02,REG,PT_PVEM_MORENA_NAN,1,BLANCA AURORA BALBUENA VENTURA,2,,PT
1,18,NAYARIT,,,7,IXTLAN DEL RIO,3,IXTLAN DEL RIO 03,REG,PT_PVEM_MORENA_NAN,1,JUAN CARLOS SANCHEZ ASTORGA,1,,NAN
1,18,NAYARIT,,,7,IXTLAN DEL RIO,4,IXTLAN DEL RIO 04,REG,PT_PVEM_MORENA_NAN,1,MIGUEL ANGEL MEDINA BAÑUELOS,1,,PT
1,18,NAYARIT,,,7,IXTLAN DEL RIO,5,IXTLAN DEL RIO 05,REG,PAN_PRI_PRD,1,CRISTINA AZUCENA PARRA SANCHEZ,2,,PAN
1,18,NAYARIT,,,7,IXTLAN DEL RIO,6,IXTLAN DEL RIO 06,REG,PAN_PRI_PRD,1,FRUCTUOSO CARDENAS CAMACHO,1,,PAN
1,18,NAYARIT,,,7,IXTLAN DEL RIO,7,IXTLAN DEL RIO 07,REG,PAN_PRI_PRD,1,ESTEBAN RODRIGUEZ CANO,1,,PAN
1,18,NAYARIT,,,8,JALA,1,JALA 01,REG,MC,1,EDWIN FRANCISCO VENTURA LOPEZ,1,,MC
1,18,NAYARIT,,,8,JALA,2,JALA 02,REG,PT_PVEM_MORENA_NAN,1,DINORA ORTIZ ORTEGA,2,,MORENA
1,18,NAYARIT,,,8,JALA,3,JALA 03,REG,PT_PVEM_MORENA_NAN,1,GERARDO MONCADA FRANQUEZ,1,,PT
1,18,NAYARIT,,,8,JALA,4,JALA 04,REG,PT_PVEM_MORENA_NAN,1,LUCERO ELIZABETH SANTANA PEREZ,2,,PVEM
1,18,NAYARIT,,,8,JALA,5,JALA 05,REG,PT_PVEM_MORENA_NAN,1,CARLOS ULISES JACOBO SOLIS,1,,MORENA
1,18,NAYARIT,,,10,ROSAMORADA,1,ROSAMORADA 01,REG,MC,1,ALONDRA MONSERRAT RAMOS BARRON,2,,MC
1,18,NAYARIT,,,10,ROSAMORADA,2,ROSAMORADA 02,REG,PT_PVEM_MORENA_NAN,1,JOEL CONCEPCION GONZALEZ ZAVALA,1,,MORENA
1,18,NAYARIT,,,10,ROSAMORADA,3,ROSAMORADA 03,REG,PT_PVEM_MORENA_NAN,1,ANA BERTHA PARTIDA RAMIREZ,2,,MORENA
1,18,NAYARIT,,,10,ROSAMORADA,4,ROSAMORADA 04,REG,PT_PVEM_MORENA_NAN,1,KARLA SINAI PEÑA PARTIDA,2,,PVEM
1,18,NAYARIT,,,10,ROSAMORADA,5,ROSAMORADA 05,REG,MC,1,JESUS FRIAS HERNANDEZ,1,,MC
1,18,NAYARIT,,,10,ROSAMORADA,6,ROSAMORADA 06,REG,PT_PVEM_MORENA_NAN,1,VERONICA HARO FLORES,2,,NAN
1,18,NAYARIT,,,10,ROSAMORADA,7,ROSAMORADA 07,REG,PAN_PRI_PRD,1,OSCAR IBARRA DURAN,1,,PRI
1,18,NAYARIT,,,11,RUIZ,1,RUIZ 01,REG,PT_PVEM_MORENA_NAN,1,JUDITH SANCHEZ RODRIGUEZ,2,,MORENA
1,18,NAYARIT,,,11,RUIZ,2,RUIZ 02,REG,PT_PVEM_MORENA_NAN,1,DAMIANO LINCER VARGAS,1,,PVEM
1,18,NAYARIT,,,11,RUIZ,3,RUIZ 03,REG,PT_PVEM_MORENA_NAN,1,PERLA RAQUEL ABUD CISNEROS,2,,MORENA
1,18,NAYARIT,,,11,RUIZ,4,RUIZ 04,REG,MC,1,DANIEL ALFREDO DOMINGUEZ NODAL,1,,MC
1,18,NAYARIT,,,11,RUIZ,5,RUIZ 05,REG,PES,1,WALBERTO DE LOS SANTOS CASILLAS,1,,PES
1,18,NAYARIT,,,11,RUIZ,6,RUIZ 06,REG,MC,1,HECTOR EFRAIN VEGA CRUZ,1,,MC
1,18,NAYARIT,,,11,RUIZ,7,RUIZ 07,REG,RSP,1,JUAN JOSE GOMEZ TORRES,1,,RSP
1,18,NAYARIT,,,12,SAN BLAS,1,SAN BLAS 01,REG,PT_PVEM_MORENA_NAN,1,FRANCISCA SARAHY VALDEZ ROMERO,2,,MORENA
1,18,NAYARIT,,,12,SAN BLAS,2,SAN BLAS 02,REG,PT_PVEM_MORENA_NAN,1,ELOISA GUADALUPE LOPEZ HERNANDEZ,2,,PT
1,18,NAYARIT,,,12,SAN BLAS,3,SAN BLAS 03,REG,PT_PVEM_MORENA_NAN,1,RAMON ECHEVARRIA RIOS,1,,MORENA
1,18,NAYARIT,,,12,SAN BLAS,4,SAN BLAS 04,REG,PAN_PRI_PRD,1,JESUS GABRIELA RIOS ESTRADA,2,,PAN
1,18,NAYARIT,,,12,SAN BLAS,5,SAN BLAS 05,REG,MC,1,LUIS FERNANDO LOPEZ GONZALEZ,1,,MC
1,18,NAYARIT,,,12,SAN BLAS,6,SAN BLAS 06,REG,PT_PVEM_MORENA_NAN,1,MATEO GONZALEZ LEAL,1,,NAN
1,18,NAYARIT,,,12,SAN BLAS,7,SAN BLAS 07,REG,PT_PVEM_MORENA_NAN,1,ULISSES TONATIU GARCIA RAMOS,1,,PVEM
1,18,NAYARIT,,,13,SAN PEDRO LAGUNILLAS,1,SAN PEDRO LAGUNILLAS 01,REG,PT_PVEM_MORENA_NAN,1,CONCEPCION AZUCENA HERNANDEZ SAUCEDA,2,,MORENA
1,18,NAYARIT,,,13,SAN PEDRO LAGUNILLAS,2,SAN PEDRO LAGUNILLAS 02,REG,MC,1,ELEUTERIO BUENO SERAFIN,1,,MC
1,18,NAYARIT,,,13,SAN PEDRO LAGUNILLAS,3,SAN PEDRO LAGUNILLAS 03,REG,PT_PVEM_MORENA_NAN,1,FRANCISCO JAVIER LOPEZ HERNANDEZ,1,,MORENA
1,18,NAYARIT,,,13,SAN PEDRO LAGUNILLAS,4,SAN PEDRO LAGUNILLAS 04,REG,PT_PVEM_MORENA_NAN,1,MA. DE LOS ANGELES GUZMAN BETANCOURT,2,,PVEM
1,18,NAYARIT,,,13,SAN PEDRO LAGUNILLAS,5,SAN PEDRO LAGUNILLAS 05,REG,MC,1,EDGAR DAVID GARCIA SUAREZ,1,,MC
1,18,NAYARIT,,,14,SANTA MARIA DEL ORO,1,SANTA MARIA DEL ORO 01,REG,PAN_PRI_PRD,1,JOHANA INEZ CAMBERO VALDIVIA,2,,PRD
1,18,NAYARIT,,,14,SANTA MARIA DEL ORO,2,SANTA MARIA DEL ORO 02,REG,MC,1,HUMBERTO JOVANNY LUCERO VALENCIA,1,,MC
1,18,NAYARIT,,,14,SANTA MARIA DEL ORO,3,SANTA MARIA DEL ORO 03,REG,PAN_PRI_PRD,1,JUAN CARLOS INDA HERNANDEZ,1,,PRI
1,18,NAYARIT,,,14,SANTA MARIA DEL ORO,4,SANTA MARIA DEL ORO 04,REG,PT_PVEM_MORENA_NAN,1,ALEX EMANUEL HOLGUIN BALTIERRA,1,,MORENA
1,18,NAYARIT,,,14,SANTA MARIA DEL ORO,5,SANTA MARIA DEL ORO 05,REG,MLN,1,MA. CONCEPCION ULLOA PEREZ,2,,MLN
1,18,NAYARIT,,,14,SANTA MARIA DEL ORO,6,SANTA MARIA DEL ORO 06,REG,PAN_PRI_PRD,1,ANGEL MANUEL CONTRERAS VALENZUELA,1,,PRD
1,18,NAYARIT,,,14,SANTA MARIA DEL ORO,7,SANTA MARIA DEL ORO 07,REG,PT_PVEM_MORENA_NAN,1,DORIS GETSEMANI AVILA MARTINEZ,2,,MORENA
1,18,NAYARIT,,,15,SANTIAGO IXCUINTLA,1,SANTIAGO IXCUINTLA 01,REG,PT_PVEM_MORENA_NAN,1,MARCO ANTONIO SATARAIN VIERA,1,,NAN
1,18,NAYARIT,,,15,SANTIAGO IXCUINTLA,2,SANTIAGO IXCUINTLA 02,REG,PT_PVEM_MORENA_NAN,1,ALBERTO CEJA PEREZ,1,,MORENA
1,18,NAYARIT,,,15,SANTIAGO IXCUINTLA,3,SANTIAGO IXCUINTLA 03,REG,MC,1,ANDRES MISAEL BAÑUELOS VAZQUEZ,1,,MC
1,18,NAYARIT,,,15,SANTIAGO IXCUINTLA,4,SANTIAGO IXCUINTLA 04,REG,PAN_PRI_PRD,1,FRANCIS ALAN ALDANA GUTIERREZ,1,,PRD
1,18,NAYARIT,,,15,SANTIAGO IXCUINTLA,5,SANTIAGO IXCUINTLA 05,REG,MC,1,LUIS MIGUEL MEDINA TORRES,1,,MC
1,18,NAYARIT,,,15,SANTIAGO IXCUINTLA,6,SANTIAGO IXCUINTLA 06,REG,PT_PVEM_MORENA_NAN,1,ANA ARIZBE DELGADILLO PARRA,2,,MORENA
1,18,NAYARIT,,,15,SANTIAGO IXCUINTLA,7,SANTIAGO IXCUINTLA 07,REG,PT_PVEM_MORENA_NAN,1,BLANCA PATRICIA HINOJOSA PARRA,2,,PT
1,18,NAYARIT,,,15,SANTIAGO IXCUINTLA,8,SANTIAGO IXCUINTLA 08,REG,PT_PVEM_MORENA_NAN,1,JOSE TEOFILO CORONADO GAMBOA,1,,MORENA
1,18,NAYARIT,,,15,SANTIAGO IXCUINTLA,9,SANTIAGO IXCUINTLA 09,REG,PAN_PRI_PRD,1,THELMA CONCEPCION FERNANDEZ VILLARREAL,2,,PAN
1,18,NAYARIT,,,16,TECUALA,1,TECUALA 01,REG,PAN_PRI_PRD,1,DANIEL LOPEZ GARCIA,1,,PRD
1,18,NAYARIT,,,16,TECUALA,2,TECUALA 02,REG,PT_PVEM_MORENA_NAN,1,ERIKA PARTIDA JIMENEZ,2,,NAN
1,18,NAYARIT,,,16,TECUALA,3,TECUALA 03,REG,MC,1,ZULEMA GUADALUPE BUENO LOPEZ,2,,MC
1,18,NAYARIT,,,16,TECUALA,4,TECUALA 04,REG,PT_PVEM_MORENA_NAN,1,FRANCISCO JAVIER PATRON SALAS,1,,PT
1,18,NAYARIT,,,16,TECUALA,5,TECUALA 05,REG,FXM,1,PEDRO ALEJANDRO PARTIDA CORONADO,1,,FXM
1,18,NAYARIT,,,16,TECUALA,6,TECUALA 06,REG,PT_PVEM_MORENA_NAN,1,CRISTINA IBARRA ROBLES,2,,MORENA
1,18,NAYARIT,,,16,TECUALA,7,TECUALA 07,REG,PAN_PRI_PRD,1,JORGE EDUARDO CEDANO AMPARO,1,,PRI
1,18,NAYARIT,,,17,TEPIC,1,TEPIC 01,REG,PT_PVEM_MORENA_NAN,1,JAIME CERVANTES VALDEZ,1,,PT
1,18,NAYARIT,,,17,TEPIC,2,TEPIC 02,REG,PT_PVEM_MORENA_NAN,1,PERLA DEL CONSUELO LARIOS ORTEGA,2,,MORENA
1,18,NAYARIT,,,17,TEPIC,3,TEPIC 03,REG,PT_PVEM_MORENA_NAN,1,ITZIAR DEL CONSUELO RAMOS DIAZ,2,,MORENA
1,18,NAYARIT,,,17,TEPIC,4,TEPIC 04,REG,PT_PVEM_MORENA_NAN,1,ADRIANA ELIZABETH HARO OLIVEROS,2,,PT
1,18,NAYARIT,,,17,TEPIC,5,TEPIC 05,REG,PT_PVEM_MORENA_NAN,1,JUAN ANTONIO ZAMBRANO PARRA,1,,PVEM
1,18,NAYARIT,,,17,TEPIC,6,TEPIC 06,REG,PT_PVEM_MORENA_NAN,1,MARINA CITLALI RENTERIA SILLAS,2,,NAN
1,18,NAYARIT,,,17,TEPIC,7,TEPIC 07,REG,PT_PVEM_MORENA_NAN,1,VICTOR HUGO ALVARADO VILLA,1,,MORENA
1,18,NAYARIT,,,17,TEPIC,8,TEPIC 08,REG,PT_PVEM_MORENA_NAN,1,JOSE MARCO ANTONIO MARTINEZ PEREZ,1,,MORENA
1,18,NAYARIT,,,17,TEPIC,9,TEPIC 09,REG,PT_PVEM_MORENA_NAN,1,LUIS RICARDO SANCHEZ MARTIR,1,,NAN
1,18,NAYARIT,,,17,TEPIC,10,TEPIC 10,REG,PT_PVEM_MORENA_NAN,1,IVAN PETROVICH LOPEZ MUÑOZ,1,,PVEM
1,18,NAYARIT,,,17,TEPIC,11,TEPIC 11,REG,PT_PVEM_MORENA_NAN,1,YULIANA VAZQUEZ CEJA,2,,MORENA
1,18,NAYARIT,,,18,TUXPAN,1,TUXPAN 01,REG,MC,1,MARIA ENGRACIA NAVARRO ALCARAZ,2,,MC
1,18,NAYARIT,,,18,TUXPAN,2,TUXPAN 02,REG,MC,1,ANGELES ENRIQUE ORTIZ GONZALEZ,1,,MC
1,18,NAYARIT,,,18,TUXPAN,3,TUXPAN 03,REG,RSP,1,ALAIN CUAUHTEMOC MOLINA RAMOS,1,,RSP
1,18,NAYARIT,,,18,TUXPAN,4,TUXPAN 04,REG,PAN_PRI_PRD,1,RAFAEL GOMEZ VEGA,1,,PRI
1,18,NAYARIT,,,18,TUXPAN,5,TUXPAN 05,REG,PT_PVEM_MORENA_NAN,1,YOSIMAR PALOMARES BETANCOURT,1,,MORENA
1,18,NAYARIT,,,18,TUXPAN,6,TUXPAN 06,REG,MC,1,VICENTE PEREZ MEZA,1,,MC
1,18,NAYARIT,,,18,TUXPAN,7,TUXPAN 07,REG,PT_PVEM_MORENA_NAN,1,RANDY MISAEL LOPEZ ALVAREZ,1,,MORENA
1,18,NAYARIT,,,19,XALISCO,1,XALISCO 01,REG,PT_PVEM_MORENA_NAN,1,MARIA DEL SOCORRO CERVANTES GARCIA,2,,MORENA
1,18,NAYARIT,,,19,XALISCO,2,XALISCO 02,REG,PT_PVEM_MORENA_NAN,1,JUAN STEVEN MICHAEL CASILLAS HERNANDEZ,1,,PT
1,18,NAYARIT,,,19,XALISCO,3,XALISCO 03,REG,PT_PVEM_MORENA_NAN,1,LUZ SANCHEZ MENDEZ,2,,PVEM
1,18,NAYARIT,,,19,XALISCO,4,XALISCO 04,REG,PT_PVEM_MORENA_NAN,1,RUSLAN MAYORGA SUAREZ,1,,MORENA
1,18,NAYARIT,,,19,XALISCO,5,XALISCO 05,REG,PT_PVEM_MORENA_NAN,1,BLANCA LUCIA HERNANDEZ CASILLAS,2,,PVEM
1,18,NAYARIT,,,19,XALISCO,6,XALISCO 06,REG,PT_PVEM_MORENA_NAN,1,LEOPOLDO ISIORDIA AZPEITIA,1,,NAN
1,18,NAYARIT,,,19,XALISCO,7,XALISCO 07,REG,PT_PVEM_MORENA_NAN,1,ANGELICA PASOS SANDOVAL,2,,MORENA
1,18,NAYARIT,,,20,LA YESCA,1,LA YESCA 01,REG,,1,RAYMUNDO CORTEZ RODRIGUEZ,1,,VIVA
1,18,NAYARIT,,,20,LA YESCA,2,LA YESCA 02,REG,PT_PVEM_MORENA_NAN,1,DAENA ELIZABETH MORA REYES,2,,MORENA
1,18,NAYARIT,,,20,LA YESCA,3,LA YESCA 03,REG,PT_PVEM_MORENA_NAN,1,DEYANIRA MIRAMONTES FRAUSTO,2,,PVEM
1,18,NAYARIT,,,20,LA YESCA,4,LA YESCA 04,REG,PT_PVEM_MORENA_NAN,1,EMA GONZALEZ DE LA CRUZ,2,,MORENA
1,18,NAYARIT,,,20,LA YESCA,5,LA YESCA 05,REG,PT_PVEM_MORENA_NAN,1,PAOLA FABIANA MUÑOZ CARRILLO,2,,PT
1,18,NAYARIT,,,1,ACAPONETA,,,REG_RP,PRI,1,ALMA YESENIA GONZALEZ BLANCO,2,,PRI
1,18,NAYARIT,,,1,ACAPONETA,,,REG_RP,MC,1,BLANCA YESENIA ESPINOSA HERRERA,2,,MC
1,18,NAYARIT,,,1,ACAPONETA,,,REG_RP,MORENA,1,JOSEFA SEGOVIA FLORES,2,,MORENA
1,18,NAYARIT,,,2,AHUACATLAN,,,REG_RP,PAN,1,ERIKA EDITH LLAMAS JACOBO,2,,PAN
1,18,NAYARIT,,,2,AHUACATLAN,,,REG_RP,MC,1,CINTHIA MONSERRAT VILLALOBOS GOMEZ,2,,MC
1,18,NAYARIT,,,3,AMATLAN DE CAÑAS,,,REG_RP,PVEM,1,MILEIBI PEREIDA CASTRO,2,,PVEM
1,18,NAYARIT,,,3,AMATLAN DE CAÑAS,,,REG_RP,FXM,1,HELEHIDY YESSENIA RODRIGUEZ VELASQUEZ,2,,FXM
1,18,NAYARIT,,,4,BAHIA DE BANDERAS,,,REG_RP,PAN,1,IRMA PEÑA MARTINEZ,2,,PAN
1,18,NAYARIT,,,4,BAHIA DE BANDERAS,,,REG_RP,MC,1,MARIA DE LOURDES RUIZ NIEVES,2,,MC
1,18,NAYARIT,,,4,BAHIA DE BANDERAS,,,REG_RP,MORENA,1,ESTEFANIA LARA PRADO,2,,MORENA
1,18,NAYARIT,,,4,BAHIA DE BANDERAS,,,REG_RP,MLN,1,MARIA DEL CARMEN ARREOLA GUTIERREZ,2,,MLN
1,18,NAYARIT,,,5,COMPOSTELA,,,REG_RP,PAN,1,JESSICA MARITZA NUÑEZ SANCHEZ,2,,PAN
1,18,NAYARIT,,,5,COMPOSTELA,,,REG_RP,MC,1,DENISSE ALHELI AGUILAR CEJA,2,,MC
1,18,NAYARIT,,,5,COMPOSTELA,,,REG_RP,MORENA,1,LUCERO DE LOS ANGELES COVARRUBIAS,2,,MORENA
1,18,NAYARIT,,,5,COMPOSTELA,,,REG_RP,MORENA,2,JAVIER TREJO PEÑA,1,,MORENA
1,18,NAYARIT,,,6,HUAJICORI,,,REG_RP,MC,1,NORMA ALICIA PALOMARES CORTEZ,2,,MC
1,18,NAYARIT,,,6,HUAJICORI,,,REG_RP,MORENA,1,CECILIA VILLAVICENCIO MEDINA,2,,MORENA
1,18,NAYARIT,,,7,IXTLAN DEL RIO,,,REG_RP,PAN,1,MA. GUADALUPE ISABEL SOLEDA MENDEZ,2,,PAN
1,18,NAYARIT,,,7,IXTLAN DEL RIO,,,REG_RP,PT,1,LAURA ELENA LLAMAS AGUIAR,2,,PT
1,18,NAYARIT,,,7,IXTLAN DEL RIO,,,REG_RP,MC,1,HIMELDA ESPARZA VILLALOBOS,2,,MC
1,18,NAYARIT,,,8,JALA,,,REG_RP,MC,1,MARIA APOLINARIA AGUIRRE FRANQUEZ,2,,MC
1,18,NAYARIT,,,8,JALA,,,REG_RP,RSP,1,GRISELDA ORTIZ GOMEZ,2,,RSP
1,18,NAYARIT,,,9,DEL NAYAR,,,REG_RP,PRI,1,REBECA PEÑA CHAVEZ,2,,PRI
1,18,NAYARIT,,,9,DEL NAYAR,,,REG_RP,PT,1,AYDEE LIZBETH ALVAREZ FLORES,2,,PT
1,18,NAYARIT,,,9,DEL NAYAR,,,REG_RP,PVEM,1,MARIA DE JESUS DURON CANARE,2,,PVEM
1,18,NAYARIT,,,10,ROSAMORADA,,,REG_RP,PRI,1,ALICIA SILLAS FLORES,2,,PRI
1,18,NAYARIT,,,10,ROSAMORADA,,,REG_RP,MC,1,EDITH ERIKA CERVANTES GUTIERREZ,2,,MC
1,18,NAYARIT,,,10,ROSAMORADA,,,REG_RP,MORENA,1,CINDY ELIZABETH CHAVEZ SILVERIO,2,,MORENA
1,18,NAYARIT,,,11,RUIZ,,,REG_RP,MC,1,ARMIDA VEGA IBARRA,2,,MC
1,18,NAYARIT,,,11,RUIZ,,,REG_RP,MORENA,1,MARGARITA SILVESTRE LOPEZ,2,,MORENA
1,18,NAYARIT,,,11,RUIZ,,,REG_RP,PES,1,ZAIRA MAGDALENA GUTIERREZ ANGUIANO,2,,PES
1,18,NAYARIT,,,12,SAN BLAS,,,REG_RP,PAN,1,MA. DE JESUS LLAMAS GOMEZ,2,,PAN
1,18,NAYARIT,,,12,SAN BLAS,,,REG_RP,MC,1,EUFEMIA SOTELO RODRIGUEZ,2,,MC
1,18,NAYARIT,,,12,SAN BLAS,,,REG_RP,MORENA,1,ROSARIO LOPEZ AYON,2,,MORENA
1,18,NAYARIT,,,13,SAN PEDRO LAGUNILLAS,,,REG_RP,MC,1,MA GUADALUPE GONZALEZ TREVIÑO,2,,MC
1,18,NAYARIT,,,13,SAN PEDRO LAGUNILLAS,,,REG_RP,MORENA,1,ROSA PATRICIA GONZALEZ MONTES,2,,MORENA
1,18,NAYARIT,,,14,SANTA MARIA DEL ORO,,,REG_RP,PRI,1,MONICA OCHOA SOLANO,2,,PRI
1,18,NAYARIT,,,14,SANTA MARIA DEL ORO,,,REG_RP,MC,1,ERIKA FLORES BERNAL,2,,MC
1,18,NAYARIT,,,14,SANTA MARIA DEL ORO,,,REG_RP,MLN,1,FABIANA GONZALEZ CELESTINO,2,,MLN
1,18,NAYARIT,,,15,SANTIAGO IXCUINTLA,,,REG_RP,PRI,1,VERONICA ELIZABETH FUENTES CORDERO,2,,PRI
1,18,NAYARIT,,,15,SANTIAGO IXCUINTLA,,,REG_RP,PRD,1,ERIKA YAZMIN RAMIREZ DIAZ,2,,PRD
1,18,NAYARIT,,,15,SANTIAGO IXCUINTLA,,,REG_RP,MC,1,MONICA HIUZEL CORONADO ROSALES,2,,MC
1,18,NAYARIT,,,15,SANTIAGO IXCUINTLA,,,REG_RP,MORENA,1,XOCHITL DEL CARMEN MERCADO GUERRERO,2,,MORENA
1,18,NAYARIT,,,16,TECUALA,,,REG_RP,PRI,1,BLANCA PATRICIA PARRA GRAVE,2,,PRI
1,18,NAYARIT,,,16,TECUALA,,,REG_RP,MC,1,VERONICA ALONSO GARCIA,2,,MC
1,18,NAYARIT,,,16,TECUALA,,,REG_RP,FXM,1,ANA EVELYN PEREZ GOMEZ,2,,FXM
1,18,NAYARIT,,,17,TEPIC,,,REG_RP,PAN,1,ESTHER MOTA RODRIGUEZ,2,,PAN
1,18,NAYARIT,,,17,TEPIC,,,REG_RP,PRI,1,MAGALY RAMIREZ HERMOSILLO,2,,PRI
1,18,NAYARIT,,,17,TEPIC,,,REG_RP,MC,1,FRANCISCA HERRERA PANUCO,2,,MC
1,18,NAYARIT,,,17,TEPIC,,,REG_RP,MORENA,1,ANDREA CIBRIAN PEREZ,2,,MORENA
1,18,NAYARIT,,,17,TEPIC,,,REG_RP,MORENA,2,RIGOBERTO BELLO ANTONIO,1,,MORENA
1,18,NAYARIT,,,18,TUXPAN,,,REG_RP,MC,1,BRENDA LIZETH CASTREJON GARCIA,2,,MC
1,18,NAYARIT,,,18,TUXPAN,,,REG_RP,MORENA,1,GABINA CERVANTES PLATA,2,,MORENA
1,18,NAYARIT,,,18,TUXPAN,,,REG_RP,MLN,1,ANALIA HERNANDEZ GUZMAN,2,,MLN
1,18,NAYARIT,,,19,XALISCO,,,REG_RP,PAN,1,BLANCA ESTELA ALVAREZ LOPEZ,2,,PAN
1,18,NAYARIT,,,19,XALISCO,,,REG_RP,MC,1,HILDA ANALI HERMOSILLO MATIARENA,2,,MC
1,18,NAYARIT,,,19,XALISCO,,,REG_RP,MORENA,1,ISIDRA RUIZ CEJA,2,,MORENA
1,18,NAYARIT,,,20,LA YESCA,,,REG_RP,MORENA,1,FIDELA PEREYRA ZAMORA,2,,MORENA
1,18,NAYARIT,,,20,LA YESCA,,,REG_RP,VIVA,1,NAYEELI DAENA DE LA CRUZ ESCALANTE,2,,VIVA
