﻿ID_ESTADO,NOMBRE_ESTADO,ID_DISTRITO_LOCAL,CABECERA_DISTRITAL_LOCAL,SECCIONES,CASILLAS,PAN,PRI,PRD,PT,PVEM,MC,MORENA,PES,RSP,FXM,NUM_VOTOS_VALIDOS,NUM_VOTOS_CAN_NREG,NUM_VOTOS_NULOS,TOTAL_VOTOS,LISTA_NOMINAL,RUTA_ACTA
4,CAMPECHE,1,SAN FRANCISCO DE CAMPECHE,19,51,901,3542,203,422,280,6613,4362,188,119,100,16730,4,405,17139,29940,https://www.ieec.org.mx/Documentacion/elecciones/2021/COMPUTOTEEC-JIN-DIP-10-2021.pdf
4,CAMPECHE,2,SAN FRANCISCO DE CAMPECHE,8,47,544,4335,197,270,232,6570,4887,174,174,116,17499,12,468,17979,31640,https://www.ieec.org.mx/Documentacion/elecciones/2021/COMPUTOTEEC-JIN-DIP-10-2021.pdf
4,CAMPECHE,3,SAN FRANCISCO DE CAMPECHE,16,49,855,3771,208,254,1012,5301,5258,176,171,181,17187,3,463,17653,29180,https://www.ieec.org.mx/Documentacion/elecciones/2021/COMPUTOTEEC-JIN-DIP-10-2021.pdf
4,CAMPECHE,4,SAN FRANCISCO DE CAMPECHE,23,57,671,5547,233,260,442,7030,5627,190,117,118,20235,13,478,20726,31587,https://www.ieec.org.mx/Documentacion/elecciones/2021/COMPUTOTEEC-JIN-DIP-10-2021.pdf
4,CAMPECHE,5,SAN FRANCISCO DE CAMPECHE,21,55,674,5828,264,273,373,5266,7064,166,155,168,20231,17,460,20708,31987,https://www.ieec.org.mx/Documentacion/elecciones/2021/COMPUTOTEEC-JIN-DIP-10-2021.pdf
4,CAMPECHE,6,SAN FRANCISCO DE CAMPECHE,32,66,739,6665,320,386,374,6243,6957,256,230,129,22299,9,553,22861,34015,https://www.ieec.org.mx/Documentacion/elecciones/2021/COMPUTOTEEC-JIN-DIP-10-2021.pdf
4,CAMPECHE,7,TENABO,35,70,1208,6446,263,235,483,6699,7408,197,608,173,23720,21,566,24307,32489,https://www.ieec.org.mx/Documentacion/elecciones/2021/COMPUTOTEEC-JIN-DIP-10-2021.pdf
4,CAMPECHE,8,CIUDAD DEL CARMEN,17,49,1520,3387,149,175,294,1762,7544,154,260,73,15318,5,514,15837,31586,https://www.ieec.org.mx/Documentacion/elecciones/2021/COMPUTOTEEC-JIN-DIP-10-2021.pdf
4,CAMPECHE,9,CIUDAD DEL CARMEN,24,56,1023,4121,153,223,878,2166,8168,141,160,127,17160,10,452,17622,31007,https://www.ieec.org.mx/Documentacion/elecciones/2021/COMPUTOTEEC-JIN-DIP-10-2021.pdf
4,CAMPECHE,10,CIUDAD DEL CARMEN,16,47,724,3464,107,223,286,2164,6761,95,123,71,14018,11,325,14354,29927,https://www.ieec.org.mx/Documentacion/elecciones/2021/COMPUTOTEEC-JIN-DIP-10-2021.pdf
4,CAMPECHE,11,CIUDAD DEL CARMEN,30,56,544,3091,135,259,305,2601,7709,87,378,69,15178,6,385,15569,33072,https://www.ieec.org.mx/Documentacion/elecciones/2021/COMPUTOTEEC-JIN-DIP-10-2021.pdf
4,CAMPECHE,12,SABANCUY,29,60,967,5880,369,679,199,4144,7348,194,254,121,20155,4,658,20817,33081,https://www.ieec.org.mx/Documentacion/elecciones/2021/COMPUTOTEEC-JIN-DIP-10-2021.pdf
4,CAMPECHE,13,ESCARCEGA,28,60,1604,3966,352,496,591,6664,5868,119,253,69,19982,3,710,20695,33244,https://www.ieec.org.mx/Documentacion/elecciones/2021/COMPUTOTEEC-JIN-DIP-10-2021.pdf
4,CAMPECHE,14,CANDELARIA,35,65,4178,3992,137,333,265,1775,8297,264,207,111,19559,1,738,20298,33301,https://www.ieec.org.mx/Documentacion/elecciones/2021/COMPUTOTEEC-JIN-DIP-10-2021.pdf
4,CAMPECHE,15,CHAMPOTON,27,62,834,5472,245,657,176,4163,8021,132,204,81,19985,4,587,20576,33648,https://www.ieec.org.mx/Documentacion/elecciones/2021/COMPUTOTEEC-JIN-DIP-10-2021.pdf
4,CAMPECHE,16,SEYBAPLAYA,30,66,460,6718,206,688,321,4447,9208,190,452,73,22763,2,703,23468,33502,https://www.ieec.org.mx/Documentacion/elecciones/2021/COMPUTOTEEC-JIN-DIP-10-2021.pdf
4,CAMPECHE,17,CALKINI,25,58,530,6768,333,814,492,5245,8357,158,520,856,24073,13,526,24612,33369,https://www.ieec.org.mx/Documentacion/elecciones/2021/COMPUTOTEEC-JIN-DIP-10-2021.pdf
4,CAMPECHE,18,HOPELCHEN,32,56,555,7547,389,742,219,5498,5186,104,219,51,20510,0,394,20904,28711,https://www.ieec.org.mx/Documentacion/elecciones/2021/COMPUTOTEEC-JIN-DIP-10-2021.pdf
4,CAMPECHE,19,HECELCHAKAN,29,59,1023,6728,155,1093,526,6649,7402,469,314,405,24764,4,443,25211,32737,https://www.ieec.org.mx/Documentacion/elecciones/2021/COMPUTOTEEC-JIN-DIP-10-2021.pdf
4,CAMPECHE,20,PALIZADA,29,57,484,6771,268,707,602,3800,7722,106,154,105,20719,11,666,21396,31682,https://www.ieec.org.mx/Documentacion/elecciones/2021/COMPUTOTEEC-JIN-DIP-10-2021.pdf
4,CAMPECHE,21,XPUJIL,26,54,335,4720,355,537,165,2726,9089,302,389,96,18714,0,610,19324,29045,https://www.ieec.org.mx/Documentacion/elecciones/2021/COMPUTOTEEC-JIN-DIP-10-2021.pdf
