EDO_REGIDORES,,,,,,,,,,,,,,,,,,,,,,,,,,
06/12/2017 10:13 (UTC-7),,,,,,,,,,,,,,,,,,,,,,,,,,
CASILLAS_APROBADAS,COMPUTADAS,,,,,,,,,,,,,,,,,,,,,,,,,
6,6,,,,,,,,,,,,,,,,,,,,,,,,,
,,,,,,,,,,,,,,,,,,,,,,,,,,
ID_ESTADO,ESTADO,ID_MUNICIPIO,MUNICIPIO,ID_DEMARCACION,DEMARCACION,SECCION,ID_CASILLA,TIPO_CASILLA,EXT_CONTIGUA,TIPO_ACTA,PAN,PRI,PRD,PVEM,PRS,NUEVA_ALIANZA,MORENA,ES,C_PAN_PRD,C_PRI_PVEM,CAND_IND_1,NO_REGISTRADOS,NULOS,TOTAL_VOTOS,LISTA_NOMINAL,ESTATUS_ACTA
18,NAYARIT,12,SAN BLAS,1,SAN BLAS 01,347,1,B,0,2,47,30,30,53,5,2,42,1,9,4,40,0,5,268,509,Recuento parcial
18,NAYARIT,12,SAN BLAS,1,SAN BLAS 01,347,1,C,0,2,50,47,39,44,3,3,36,1,4,9,32,0,2,270,509,Cotejo
18,NAYARIT,12,SAN BLAS,1,SAN BLAS 01,347,2,C,0,2,31,24,34,41,2,7,59,1,11,5,39,0,2,256,509,Cotejo
18,NAYARIT,12,SAN BLAS,1,SAN BLAS 01,351,1,B,0,2,66,34,36,41,17,22,91,2,5,13,34,0,4,365,744,Cotejo
18,NAYARIT,12,SAN BLAS,1,SAN BLAS 01,352,1,B,0,2,34,43,26,66,15,18,90,3,5,11,20,0,6,337,734,Cotejo
18,NAYARIT,12,SAN BLAS,1,SAN BLAS 01,352,1,C,0,2,39,49,27,71,5,24,92,2,5,16,17,0,3,350,733,Cotejo
