ESTADO,MUNICIPIO,DEMARCACION,PARTIDO,CANDIDATO_PROPIETARIO,CANDIDATO_SUPLENTE
18,12,1,PRS,ERIKA DANITZA INOCENCE FREGOSO,ELSA LILIANA BARRERA MENDOZA
18,12,1,NUEVA_ALIANZA,ILIANA ROBERTA GARCIA GARCIA,ELVA CORONA CAZAREZ
18,12,1,MORENA,MA. DEL CARMEN CASTELLANOS CARDENAS,MYRNA MARIA ENCINAS GARCIA
18,12,1,ES,ROSA MARIA CARRILLO SOTO,BERTHA YOSHIRA GARCIA CHAVARIN
18,12,1,PAN_PRD,JORGE GUADALUPE LIMON AVALOS,PEDRO PABLO MARISCAL VILLEGAS
18,12,1,PRI_PVEM,SANTOS HUMBERTO VARGAS CORONEL,MISAEL ABISAI ALVAREZ LORENZANA
18,12,1,CAND_IND_1,JUAN ARISTEO JUAREZ RUIZ,FERNANDO PARTIDA AMPARO
