ID_ESTADO,NOMBRE_ESTADO,ID_MUNICIPIO,MUNICIPIO,SECCIONES,CASILLAS,PAN,PRI,PRD,PT,PVEM,MC,NA,MORENA,ES,VR,CAND_IND2,CAND_IND3,CAND_IND4,CAND_IND5,CAND_IND6,CAND_IND7,CAND_IND8,CAND_IND9,CAND_IND10,CAND_IND11,CAND_IND12,CAND_IND13,CAND_IND14,CAND_IND15,CAND_IND16,CAND_IND17,CAND_IND18,CAND_IND19,NUM_VOTOS_VALIDOS,NUM_VOTOS_CAN_NREG,NUM_VOTOS_NULOS,TOTAL_VOTOS,LISTA_NOMINAL,RUTA_ACTA
15,MEXICO,1,ACAMBAY DE RUIZ CASTAÑEDA,32,86,5660,9934,695,828,420,340,2472,8918,462,145,,,,,,,,,,,,,,,,,,,29874,7,1258,31139,45311,http://www.ieem.org.mx/proceso2018/actas/municipal/ACM2018_M001.pdf
15,MEXICO,2,ACOLMAN,26,125,3261,16065,4691,1724,2020,838,1400,22471,1308,1074,,,,,,,,,,,,,,,,,,,54852,34,1212,56098,81436,http://www.ieem.org.mx/proceso2018/actas/municipal/ACM2018_M002.pdf
15,MEXICO,3,ACULCO,23,59,4188,10841,1877,516,385,373,254,3558,486,446,,,,,,,,,,,,,,,,,,,22924,17,1026,23967,33305,http://www.ieem.org.mx/proceso2018/actas/municipal/ACM2018_M003.pdf
15,MEXICO,4,ALMOLOYA DE ALQUISIRAS,12,23,625,5312,82,128,23,45,60,2351,59,13,,,,,,,,,,,,,,,,,,,8698,2,275,8975,11863,http://www.ieem.org.mx/proceso2018/actas/municipal/ACM2018_M004.pdf
15,MEXICO,5,ALMOLOYA DE JUAREZ 1,56,181,9395,17794,3668,4451,1978,1421,3034,20589,1538,2079,,,,,,,,,,,,,,,,,,,65947,14,3655,69616,111693,http://www.ieem.org.mx/proceso2018/actas/municipal/ACM2018_M005_ALMOLOYADEJUAREZ_JI_14_2018.pdf
15,MEXICO,6,ALMOLOYA DEL RIO 2,5,13,854,1254,956,159,1296,70,207,1426,146,43,,,,,,,,,,,,,,,,,,,6411,30,202,6643,8464,http://www.ieem.org.mx/proceso2018/actas/municipal/ACM2018_M006.pdf
15,MEXICO,7,AMANALCO,10,29,170,3491,184,717,548,67,663,3856,267,2985,,,,,,,,,,,,,,,,,,,12948,4,439,13391,17591,http://www.ieem.org.mx/proceso2018/actas/municipal/ACM2018_M007.pdf
15,MEXICO,8,AMATEPEC,27,46,244,5073,6801,185,43,128,,2031,225,,,,,,,,,,,,,,,,,,,,14730,10,625,15365,20578,http://www.ieem.org.mx/proceso2018/actas/municipal/ACM2018_M008.pdf
15,MEXICO,9,AMECAMECA,26,68,576,5352,2669,396,8954,477,410,5427,388,3679,,,,,,,,,,,,,,,,,,,28328,12,801,29141,40264,http://www.ieem.org.mx/proceso2018/actas/municipal/ACM2018_M009.pdf
15,MEXICO,10,APAXCO,14,36,4688,2066,65,96,,3225,833,783,99,40,2945,,,,,,,,,,,,,,,,,,14840,3,361,15204,21514,http://www.ieem.org.mx/proceso2018/actas/municipal/ACM2018_M010.pdf
15,MEXICO,11,ATENCO,14,66,1099,6713,474,2056,314,252,1751,11227,841,254,,3670,,,,,,,,,,,,,,,,,28651,10,1219,29880,43672,http://www.ieem.org.mx/proceso2018/actas/municipal/ACM2018_M011.pdf
15,MEXICO,12,ATIZAPAN,3,13,557,994,204,539,1062,85,71,2011,76,318,,,,,,,,,,,,,,,,,,,5917,2,146,6065,8343,http://www.ieem.org.mx/proceso2018/actas/municipal/ACM2018_M012.pdf
15,MEXICO,13,ATIZAPAN DE ZARAGOZA 3,167,617,58861,34002,4582,6379,51627,3567,4667,76398,5247,6363,,,,,,,,,,,,,,,,,,,251693,180,6342,258215,396803,http://www.ieem.org.mx/proceso2018/actas/municipal/ACM2018_M013_ATIZAPANDEZARAGOZA_JI_116_2018.pdf
15,MEXICO,14,ATLACOMULCO,39,126,4826,15520,767,4186,1123,561,1055,20643,1374,433,,,,,,,,,,,,,,,,,,,50488,35,1543,52066,74401,http://www.ieem.org.mx/proceso2018/actas/municipal/ACM2018_M014.pdf
15,MEXICO,15,ATLAUTLA,13,34,2227,3828,262,112,60,277,592,1341,154,4800,,,863,,,,,,,,,,,,,,,,14516,1,522,15039,20936,http://www.ieem.org.mx/proceso2018/actas/municipal/ACM2018_M015.pdf
15,MEXICO,16,AXAPUSCO,20,33,1949,4827,138,3996,50,59,226,1919,129,35,,,,665,,,,,,,,,,,,,,,13993,2,336,14331,17874,http://www.ieem.org.mx/proceso2018/actas/municipal/ACM2018_M016.pdf
15,MEXICO,17,AYAPANGO,5,9,120,794,2533,35,37,146,22,490,14,18,,,,,,,,,,,,,,,,,,,4209,4,109,4322,5683,http://www.ieem.org.mx/proceso2018/actas/municipal/ACM2018_M017.pdf
15,MEXICO,18,CALIMAYA,16,60,7487,7036,483,889,1124,280,919,6008,283,1772,,,,,,,,,,,,,,,,,,,26281,7,702,26990,37607,http://www.ieem.org.mx/proceso2018/actas/municipal/ACM2018_M018.pdf
15,MEXICO,19,CAPULHUAC 4,12,40,540,2490,633,420,1699,91,5060,2747,122,914,,,,,,,,,,,,,,,,,,,14716,10,321,15047,25014,http://www.ieem.org.mx/proceso2018/actas/municipal/ACM2018_M019.pdf
15,MEXICO,20,COACALCO DE BERRIOZABAL,106,351,26546,24423,12325,3744,4525,2644,3298,64222,3462,5641,,,,,,,,,,,,,,,,,,,150830,102,3408,154340,223214,http://www.ieem.org.mx/proceso2018/actas/municipal/ACM2018_M020.pdf
15,MEXICO,21,COATEPEC HARINAS 5,19,50,2769,5357,175,5536,533,119,198,2983,183,169,,,,,,,,,,,,,,,,,,,18022,10,607,18639,26702,http://www.ieem.org.mx/proceso2018/actas/municipal/ACM2018_M021.pdf
15,MEXICO,22,COCOTITLAN 6,6,17,2050,1587,2319,59,475,1139,127,802,90,23,,,,,,,,,,,,,,,,,,,8671,6,177,8854,11388,http://www.ieem.org.mx/proceso2018/actas/municipal/ACM2018_M022.pdf
15,MEXICO,23,COYOTEPEC,11,54,5867,3510,385,686,2482,372,1667,6805,400,1026,,,,,,,,,,,,,,,,,,,23200,19,481,23700,36152,http://www.ieem.org.mx/proceso2018/actas/municipal/ACM2018_M023.pdf
15,MEXICO,24,CUAUTITLAN 7,27,123,6374,14418,1216,1279,732,658,4798,21274,1002,789,,,,,3576,,,,,,,,,,,,,,56116,20,1102,57238,81448,http://www.ieem.org.mx/proceso2018/actas/municipal/ACM2018_M024_CUAUTITLAN_JI_88_2018.pdf
15,MEXICO,25,CUAUTITLAN IZCALLI 8,258,674,84508,35029,5596,6390,11645,5590,7969,107930,6028,8689,,,,,,,,,,,,,,,,,,,279374,170,6374,285918,408508,http://www.ieem.org.mx/proceso2018/actas/municipal/ACM2018_M025.pdf
15,MEXICO,26,CHALCO 9,71,356,9756,30187,11315,5113,2974,6598,2226,68799,6290,2378,,,,,,,,,,,,,,,,,,,145636,98,4341,150075,239188,http://www.ieem.org.mx/proceso2018/actas/municipal/ACM2018_M026.pdf
15,MEXICO,27,CHAPA DE MOTA,14,39,6718,3481,157,122,174,335,4499,837,83,188,,,,,,,,,,,,,,,,,,,16594,1,627,17222,20760,http://www.ieem.org.mx/proceso2018/actas/municipal/ACM2018_M027.pdf
15,MEXICO,28,CHAPULTEPEC,2,12,628,2185,89,217,1075,62,187,526,37,737,,,,,,,,,,,,,,,,,,,5743,2,106,5851,7927,http://www.ieem.org.mx/proceso2018/actas/municipal/ACM2018_M028.pdf
15,MEXICO,29,CHIAUTLA,12,35,346,5861,143,101,577,163,263,8574,118,,,,,,,,,,,,,,,,,,,,16146,11,312,16469,21271,http://www.ieem.org.mx/proceso2018/actas/municipal/ACM2018_M029.pdf
15,MEXICO,30,CHICOLOAPAN,70,207,3266,23349,7053,2146,1832,948,1395,35021,1921,679,,,,,,1565,,,,,,,,,,,,,79175,162,2057,81394,129663,http://www.ieem.org.mx/proceso2018/actas/municipal/ACM2018_M030.pdf
15,MEXICO,31,CHICONCUAC,7,31,647,1525,270,321,688,1417,2118,3712,163,1075,,,,,,,2304,,,,,,,,,,,,14240,2,331,14573,19651,http://www.ieem.org.mx/proceso2018/actas/municipal/ACM2018_M031.pdf
15,MEXICO,32,CHIMALHUACAN 10,162,683,10867,114409,13306,7284,3234,2954,3814,98008,5518,2623,,,,,,,,,,,,,,,,,,,262027,142,7723,269892,451573,http://www.ieem.org.mx/proceso2018/actas/municipal/ACM2018_M032_CHIMALHUACAN_JI_3_2018.pdf
15,MEXICO,33,DONATO GUERRA,16,39,248,7396,7454,142,62,147,254,612,103,48,,,,,,,,,,,,,,,,,,,16466,0,825,17291,23599,http://www.ieem.org.mx/proceso2018/actas/municipal/ACM2018_M033.pdf
15,MEXICO,34,ECATEPEC DE MORELOS,745,2052,75315,163325,64053,25677,24683,13748,17056,372720,22226,11125,,,,,,,,,,,,,,,,,,,789928,561,23149,813638,1248615,http://www.ieem.org.mx/proceso2018/actas/municipal/ACM2018_M034.pdf
15,MEXICO,35,ECATZINGO,4,12,1620,1404,76,141,,84,92,1630,84,20,,,,,,,,,,,,,,,,,,,5151,3,128,5282,6830,http://www.ieem.org.mx/proceso2018/actas/municipal/ACM2018_M035.pdf
15,MEXICO,36,HUEHUETOCA,51,148,13142,8968,1240,823,7215,726,2846,9549,830,6599,,,,,,,,,,,,,,,,,,,51938,17,1376,53331,92773,http://www.ieem.org.mx/proceso2018/actas/municipal/ACM2018_M036.pdf
15,MEXICO,37,HUEYPOXTLA,16,49,1360,5705,2694,541,115,250,5606,4793,210,,,,,,,,,,,,,,,,,,,,21274,9,850,22133,30394,http://www.ieem.org.mx/proceso2018/actas/municipal/ACM2018_M037.pdf
15,MEXICO,38,HUIXQUILUCAN 11,76,289,68949,31879,3147,1753,2387,1756,1341,19540,1449,,,,,,,,,,,,,,,,,,,,132201,21,3046,135268,187671,http://www.ieem.org.mx/proceso2018/actas/municipal/ACM2018_M038_HUIXQUILUCAN_JI_66_2018.pdf
15,MEXICO,39,ISIDRO FABELA 12,5,13,90,2495,1211,56,327,49,957,298,21,355,,,,,,,,,,,,,,,,,,,5859,2,194,6055,8054,http://www.ieem.org.mx/proceso2018/actas/municipal/ACM2018_M039.pdf
15,MEXICO,40,IXTAPALUCA,226,573,11410,101340,10258,5070,2436,2865,2242,74553,3913,2926,,,,,,,,,,,,,,,,,,,217013,97,5823,222933,344842,http://www.ieem.org.mx/proceso2018/actas/municipal/ACM2018_M040.pdf
15,MEXICO,41,IXTAPAN DE LA SAL,19,47,6984,5109,606,535,245,318,275,2970,252,125,,,,,,,,,,,,,,,,,,,17419,11,607,18037,26407,http://www.ieem.org.mx/proceso2018/actas/municipal/ACM2018_M041.pdf
15,MEXICO,42,IXTAPAN DEL ORO 13,5,9,1199,1092,1157,10,100,5,35,181,5,25,,,,,,,,,,,,,,,,,,,3809,0,139,3948,5116,http://www.ieem.org.mx/proceso2018/actas/municipal/ACM2018_M042_IXTAPANDELORO_JI_98_2018.pdf
15,MEXICO,43,IXTLAHUACA,48,172,16552,12402,2187,10962,4812,5832,1117,16872,762,,,,,,,,,,,,,,,,,,,,71498,11,3693,75202,107519,http://www.ieem.org.mx/proceso2018/actas/municipal/ACM2018_M043.pdf
15,MEXICO,44,XALATLACO,7,30,1660,2647,92,496,4644,53,141,2134,94,91,,,,,,,,,,,,,,,,,,,12052,15,287,12354,18208,http://www.ieem.org.mx/proceso2018/actas/municipal/ACM2018_M044.pdf
15,MEXICO,45,JALTENCO 14,14,33,3515,2553,272,275,332,207,180,5841,203,426,,,,,,,,,,,,,,,,,,,13804,6,310,14120,19670,http://www.ieem.org.mx/proceso2018/actas/municipal/ACM2018_M045.pdf
15,MEXICO,46,JILOTEPEC,44,116,3532,9989,1248,1011,6162,406,11465,11821,674,257,,,,,,,,,,,,,,,,,,,46565,13,1483,48061,64903,http://www.ieem.org.mx/proceso2018/actas/municipal/ACM2018_M046.pdf
15,MEXICO,47,JILOTZINGO,10,25,2293,2330,441,113,2711,80,79,1339,72,1344,,,,,,,,,,,,,,,,,,,10802,2,336,11140,14896,http://www.ieem.org.mx/proceso2018/actas/municipal/ACM2018_M047.pdf
15,MEXICO,48,JIQUIPILCO,30,90,1291,13241,633,4794,2193,622,487,7050,706,3227,,,,,,,,,,,,,,,,,,,34244,13,1482,35739,51235,http://www.ieem.org.mx/proceso2018/actas/municipal/ACM2018_M048.pdf
15,MEXICO,49,JOCOTITLAN,29,86,11736,12985,636,759,194,422,437,6852,474,179,,,,,,,,,,,,,,,,,,,34674,5,1049,35728,47187,http://www.ieem.org.mx/proceso2018/actas/municipal/ACM2018_M049.pdf
15,MEXICO,50,JOQUICINGO,5,17,97,2058,54,261,1767,53,,3238,109,36,,,,,,,,,,,,,,,,,,,7673,1,190,7864,10087,http://www.ieem.org.mx/proceso2018/actas/municipal/ACM2018_M050.pdf
15,MEXICO,51,JUCHITEPEC,8,27,330,3303,124,361,78,915,134,7142,277,62,,,,,,,,,,,,,,,,,,,12726,3,332,13061,17550,http://www.ieem.org.mx/proceso2018/actas/municipal/ACM2018_M051.pdf
15,MEXICO,52,LERMA,48,169,18558,25825,2776,1413,3419,1062,648,21211,1154,728,,,,,,,,,,,,,,,,,,,76794,55,1730,78579,105497,http://www.ieem.org.mx/proceso2018/actas/municipal/ACM2018_M052.pdf
15,MEXICO,53,MALINALCO,16,36,1467,4474,5229,245,260,228,259,1451,79,206,,,,,,,,,,,,,,,,,,,13898,16,498,14412,19224,http://www.ieem.org.mx/proceso2018/actas/municipal/ACM2018_M053.pdf
15,MEXICO,54,MELCHOR OCAMPO,16,73,14478,4357,339,425,232,6376,314,5434,283,480,,,,,,,,,,,,,,,,,,,32718,9,825,33552,49097,http://www.ieem.org.mx/proceso2018/actas/municipal/ACM2018_M054.pdf
15,MEXICO,55,METEPEC,86,281,29177,35148,2150,7566,4397,1610,1982,44868,2244,2681,,,,,,,,,,,,,,,,,,,131823,78,2678,134579,180279,http://www.ieem.org.mx/proceso2018/actas/municipal/ACM2018_M055.pdf
15,MEXICO,56,MEXICALTZINGO 15,4,14,105,1408,36,305,248,268,1324,597,45,1433,,,,,,,,602,,,,,,,,,,,6371,2,114,6487,9479,http://www.ieem.org.mx/proceso2018/actas/municipal/ACM2018_M056.pdf
15,MEXICO,57,MORELOS,18,40,822,5944,289,170,216,7181,181,1085,120,35,,,,,,,,,,,,,,,,,,,16043,4,718,16765,21739,http://www.ieem.org.mx/proceso2018/actas/municipal/ACM2018_M057.pdf
15,MEXICO,58,NAUCALPAN DE JUAREZ 16,454,1159,138860,73029,10550,12173,10350,7206,6986,151369,10831,7000,,,,,,,,,,,,,,,,,,,428354,414,12626,441394,686477,http://www.ieem.org.mx/proceso2018/actas/municipal/ACM2018_M058_NAUCALPANDEJUAREZ_JI_92_2018.pdf
15,MEXICO,59,NEXTLALPAN,10,41,580,3545,327,362,750,265,843,7710,3623,544,,,,,,,,,,,,,,,,,,,18549,8,556,19113,26750,http://www.ieem.org.mx/proceso2018/actas/municipal/ACM2018_M059.pdf
15,MEXICO,60,NEZAHUALCOYOTL 17,680,1511,33416,76011,186773,12705,10891,8465,6800,193778,10050,4329,,,,,,,,,,,,,,,,,,,543218,358,13703,557271,865265,http://www.ieem.org.mx/proceso2018/actas/municipal/ACM2018_M060_NEZAHUALCOYOTL_JI_119_2018.pdf
15,MEXICO,61,NICOLAS ROMERO,100,430,47609,34442,5092,5430,5151,2738,4895,66306,3577,2384,,,,,,,,,2983,,,,,,,,,,180607,144,4773,185524,284282,http://www.ieem.org.mx/proceso2018/actas/municipal/ACM2018_M061.pdf
15,MEXICO,62,NOPALTEPEC,5,13,2274,1345,119,1060,863,124,,94,,146,,,,,,,,,,,,,,,,,,,6025,3,203,6231,7529,http://www.ieem.org.mx/proceso2018/actas/municipal/ACM2018_M062.pdf
15,MEXICO,63,OCOYOACAC,22,77,2941,9758,2111,778,2123,4439,,8836,614,2246,,,,,,,,,,,,,,,,,,,33846,40,842,34728,47899,http://www.ieem.org.mx/proceso2018/actas/municipal/ACM2018_M063.pdf
15,MEXICO,64,OCUILAN 18,13,38,1171,3944,4619,265,639,102,2289,2476,103,85,,,,,,,,,,,,,,,,,,,15693,2,600,16295,20827,http://www.ieem.org.mx/proceso2018/actas/municipal/ACM2018_M064.pdf
15,MEXICO,65,EL ORO,17,53,4146,4849,241,273,122,280,4518,2210,145,951,,,,,,,,,,,,,,,,,,,17735,16,660,18411,25978,http://www.ieem.org.mx/proceso2018/actas/municipal/ACM2018_M065.pdf
15,MEXICO,66,OTUMBA,18,46,5149,3766,1391,305,240,243,1630,3223,166,1105,,,,,,,,,,,,,,,,,,,17218,8,487,17713,26374,http://www.ieem.org.mx/proceso2018/actas/municipal/ACM2018_M066.pdf
15,MEXICO,67,OTZOLOAPAN,4,11,12,1655,24,1810,,2,,23,0,,,,,,,,,,,,,,,,,,,,3526,0,66,3592,4201,http://www.ieem.org.mx/proceso2018/actas/municipal/ACM2018_M067.pdf
15,MEXICO,68,OTZOLOTEPEC,24,87,2976,7176,1120,1214,1983,528,8901,11330,763,1809,,,,,,,,,,,,,,,,,,,37800,49,1100,38949,55239,http://www.ieem.org.mx/proceso2018/actas/municipal/ACM2018_M068.pdf
15,MEXICO,69,OZUMBA 19,13,34,241,3616,155,482,1278,90,2599,4817,241,483,,,,,,,,,,,,,,,,,,,14002,7,284,14293,19836,http://www.ieem.org.mx/proceso2018/actas/municipal/ACM2018_M069.pdf
15,MEXICO,70,PAPALOTLA,2,6,145,1050,9,64,192,29,,1162,40,420,,,,,,,,,,,,,,,,,,,3111,0,44,3155,3877,http://www.ieem.org.mx/proceso2018/actas/municipal/ACM2018_M070.pdf
15,MEXICO,71,LA PAZ,82,306,5896,33426,16246,3658,7814,1800,1896,44465,2888,1600,,,,,,,,,,,,,,,,,,,119689,63,4109,123861,193763,http://www.ieem.org.mx/proceso2018/actas/municipal/ACM2018_M071.pdf
15,MEXICO,72,POLOTITLAN 20,10,21,252,2668,56,53,3505,32,1188,505,35,11,,,,,,,,,,,,,,,,,,,8305,0,266,8571,11640,http://www.ieem.org.mx/proceso2018/actas/municipal/ACM2018_M072.pdf
15,MEXICO,73,RAYON 21,4,13,139,2432,103,1449,25,434,859,964,48,390,,,,,,,,,,,,,,,,,,,6843,8,152,7003,8778,http://www.ieem.org.mx/proceso2018/actas/municipal/ACM2018_M073.pdf
15,MEXICO,74,SAN ANTONIO LA ISLA,4,25,2059,3451,137,289,2751,85,337,2699,115,354,,,,,,,,,,,,,,,,,,,12277,3,239,12519,16927,http://www.ieem.org.mx/proceso2018/actas/municipal/ACM2018_M074.pdf
15,MEXICO,75,SAN FELIPE DEL PROGRESO,43,149,4297,22730,1195,2458,1208,804,902,22985,1009,450,,,,,,,,,,,,,,,,,,,58038,33,2845,60916,89327,http://www.ieem.org.mx/proceso2018/actas/municipal/ACM2018_M075.pdf
15,MEXICO,76,SAN MARTIN DE LAS PIRAMIDES,14,32,5789,4505,386,172,244,184,145,2455,258,252,,,,,,,,,,,,,,,,,,,14390,6,319,14715,19819,http://www.ieem.org.mx/proceso2018/actas/municipal/ACM2018_M076.pdf
15,MEXICO,77,SAN MATEO ATENCO 22,21,95,6595,16217,613,1004,1261,575,3370,14197,673,441,,,,,,,,,,,,,,,,,,,44946,27,1000,45973,62857,http://www.ieem.org.mx/proceso2018/actas/municipal/ACM2018_M077_SANMATEOATENCO_JI_111_2018.pdf
15,MEXICO,78,SAN SIMON DE GUERRERO,4,9,21,1528,2134,19,4,20,,358,23,,,,,,,,,,,,,,,,,,,,4107,0,79,4186,4938,http://www.ieem.org.mx/proceso2018/actas/municipal/ACM2018_M078.pdf
15,MEXICO,79,SANTO TOMAS,10,19,801,1951,1322,58,808,50,66,240,10,19,,,,,,,,,,,,,,,,,,,5325,1,192,5518,7024,http://www.ieem.org.mx/proceso2018/actas/municipal/ACM2018_M079.pdf
15,MEXICO,80,SOYANIQUILPAN DE JUAREZ,7,19,4359,661,45,124,20,34,2008,1154,60,22,,,,,,,,,,,,,,,,,,,8487,0,156,8643,10207,http://www.ieem.org.mx/proceso2018/actas/municipal/ACM2018_M080.pdf
15,MEXICO,81,SULTEPEC,23,40,2708,6536,867,167,85,197,,2355,126,50,,,,,,,,,,,,,,,,,,,13091,2,694,13787,19349,http://www.ieem.org.mx/proceso2018/actas/municipal/ACM2018_M081.pdf
15,MEXICO,82,TECAMAC,157,504,19624,64821,3858,9606,3131,2089,4542,95606,3529,2193,,,,,,,,,,2955,,,,,,,,,211954,370,8010,220334,322728,http://www.ieem.org.mx/proceso2018/actas/municipal/ACM2018_M082.pdf
15,MEXICO,83,TEJUPILCO,44,104,1341,11870,7294,1055,178,348,1012,12511,427,366,,,,,,,,,,,,,,,,,,,36402,24,1531,37957,55886,http://www.ieem.org.mx/proceso2018/actas/municipal/ACM2018_M083.pdf
15,MEXICO,84,TEMAMATLA,5,16,239,950,138,109,104,1365,2188,1135,124,286,,,,,,,,,,,,,,,,,,,6638,2,155,6795,9877,http://www.ieem.org.mx/proceso2018/actas/municipal/ACM2018_M084.pdf
15,MEXICO,85,TEMASCALAPA,15,45,8736,4332,348,510,66,260,118,5807,218,62,,,,,,,,,,,,,,,,,,,20457,6,493,20956,28256,http://www.ieem.org.mx/proceso2018/actas/municipal/ACM2018_M085.pdf
15,MEXICO,86,TEMASCALCINGO,34,88,897,7170,1116,499,10082,349,587,10261,1069,1545,,,,,,,,,,,,,,,,,,,33575,7,1591,35173,48037,http://www.ieem.org.mx/proceso2018/actas/municipal/ACM2018_M086.pdf
15,MEXICO,87,TEMASCALTEPEC,23,47,3816,4262,571,498,2595,156,139,5401,185,,,,,,,,,,,,,,,,,,,,17623,2,481,18106,23868,http://www.ieem.org.mx/proceso2018/actas/municipal/ACM2018_M087.pdf
15,MEXICO,88,TEMOAYA,26,109,5281,9085,1275,2850,4647,4326,796,12659,879,951,,,,,,,,,,,,,,,,,,,42749,11,1640,44400,66560,http://www.ieem.org.mx/proceso2018/actas/municipal/ACM2018_M088.pdf
15,MEXICO,89,TENANCINGO,36,113,5847,9111,810,1230,5069,591,1956,9241,602,4468,,,,,,,,,,,5285,,,,,,,,44210,44,1538,45792,69404,http://www.ieem.org.mx/proceso2018/actas/municipal/ACM2018_M089.pdf
15,MEXICO,90,TENANGO DEL AIRE,5,13,286,1283,47,166,2801,40,24,1528,199,19,,,,,,,,,,,,,,,,,,,6393,1,131,6525,8305,http://www.ieem.org.mx/proceso2018/actas/municipal/ACM2018_M090.pdf
15,MEXICO,91,TENANGO DEL VALLE,27,91,2050,5961,5562,6467,820,504,1012,14796,822,347,,,,,,,,,,,,,,,,,,,38341,41,1063,39445,59014,http://www.ieem.org.mx/proceso2018/actas/municipal/ACM2018_M091.pdf
15,MEXICO,92,TEOLOYUCAN,25,95,9956,7846,1496,801,1639,893,1203,16163,741,279,,,,,,,,,,,,,,,,,,,41017,16,934,41967,62655,http://www.ieem.org.mx/proceso2018/actas/municipal/ACM2018_M092.pdf
15,MEXICO,93,TEOTIHUACAN,23,73,1860,7796,5035,831,1091,318,621,8549,511,3074,,,,,,,,,,,,,,,,,,,29686,628,815,31129,44310,http://www.ieem.org.mx/proceso2018/actas/municipal/ACM2018_M093.pdf
15,MEXICO,94,TEPETLAOXTOC,11,36,909,4230,227,323,1202,153,822,4920,194,2335,,,,,,,,,,,,,,,,,,,15315,4,370,15689,21489,http://www.ieem.org.mx/proceso2018/actas/municipal/ACM2018_M094.pdf
15,MEXICO,95,TEPETLIXPA,8,21,144,1591,81,214,3796,205,118,3072,126,298,,,,,,,,,,,,,,,,,,,9645,1,339,9985,14030,http://www.ieem.org.mx/proceso2018/actas/municipal/ACM2018_M095.pdf
15,MEXICO,96,TEPOTZOTLAN,24,90,2860,6477,844,618,4113,11077,1971,9814,610,557,,,,,,,,,,,,,,,,,,,38941,26,905,39872,57778,http://www.ieem.org.mx/proceso2018/actas/municipal/ACM2018_M096.pdf
15,MEXICO,97,TEQUIXQUIAC,13,42,831,3267,278,216,143,3619,6701,4059,133,,,,,,,,,,,,,,,,,,,,19247,6,507,19760,26598,http://www.ieem.org.mx/proceso2018/actas/municipal/ACM2018_M097.pdf
15,MEXICO,98,TEXCALTITLAN,8,23,165,2092,3877,97,2324,45,176,897,44,18,,,,,,,,,,,,,,,,,,,9735,8,417,10160,12979,http://www.ieem.org.mx/proceso2018/actas/municipal/ACM2018_M098.pdf
15,MEXICO,99,TEXCALYACAC,2,6,18,761,362,19,694,6,538,196,292,327,,,,,,,,,,,,,,,,,,,3213,21,171,3405,4139,http://www.ieem.org.mx/proceso2018/actas/municipal/ACM2018_M099.pdf
15,MEXICO,100,TEXCOCO,80,306,5777,17111,4543,2495,22760,1711,2669,64093,2319,1904,,,,,,,,,,,,,,,,,,,125382,59,3473,128914,195151,http://www.ieem.org.mx/proceso2018/actas/municipal/ACM2018_M100.pdf
15,MEXICO,101,TEZOYUCA,9,44,4514,2450,1163,433,997,343,1502,6180,297,247,,,,,,,,,,,,,,,,,,,18126,5,466,18597,29280,http://www.ieem.org.mx/proceso2018/actas/municipal/ACM2018_M101.pdf
15,MEXICO,102,TIANGUISTENCO,24,86,3199,7178,590,1045,9897,274,636,10209,544,259,,,,,,,,,,,,3417,,,,,,,37248,13,997,38258,53495,http://www.ieem.org.mx/proceso2018/actas/municipal/ACM2018_M102.pdf
15,MEXICO,103,TIMILPAN,11,24,2582,4489,132,131,873,57,51,1949,75,50,,,,,,,,,,,,,,,,,,,10389,0,265,10654,12912,http://www.ieem.org.mx/proceso2018/actas/municipal/ACM2018_M103.pdf
15,MEXICO,104,TLALMANALCO,21,63,932,4188,956,458,659,5426,1323,6855,863,865,,,,,,,,,,,,,1996,,,,,,24521,27,681,25229,36705,http://www.ieem.org.mx/proceso2018/actas/municipal/ACM2018_M104.pdf
15,MEXICO,105,TLALNEPANTLA DE BAZ 23,380,952,81363,72785,8752,10272,8993,5470,5957,147650,8540,12611,,,,,,,,,,,,,,,,,,,362393,317,10349,373059,562003,http://www.ieem.org.mx/proceso2018/actas/municipal/ACM2018_M105_TLALNEPANTLADEBAZ_JI_65_2018.pdf
15,MEXICO,106,TLATLAYA,32,57,110,6209,11669,81,,58,211,1401,50,12,,,,,,,,,,,,,,,,,,,19801,0,460,20261,25981,http://www.ieem.org.mx/proceso2018/actas/municipal/ACM2018_M106.pdf
15,MEXICO,107,TOLUCA 24,304,1012,116578,89663,17198,18157,11601,9109,7107,151224,11179,13192,,,,,,,,,,,,,,,,,,,445008,370,12222,457600,641016,http://www.ieem.org.mx/proceso2018/actas/municipal/ACM2018_M107.pdf
15,MEXICO,108,TONATICO,9,20,2573,1970,381,117,,25,,2060,55,388,,,,,,,,,,,,,,,,,,,7569,2,164,7735,10474,http://www.ieem.org.mx/proceso2018/actas/municipal/ACM2018_M108.pdf
15,MEXICO,109,TULTEPEC,30,170,4409,13928,25380,1687,826,969,1050,26409,1158,1011,,,,,,,,,,,,,,,,,,,76827,35,1585,78447,116211,http://www.ieem.org.mx/proceso2018/actas/municipal/ACM2018_M109.pdf
15,MEXICO,110,TULTITLAN 25,183,581,23925,34494,23603,6479,6101,7123,18457,99728,5776,5384,,,,,,,,,,,,,,,,,,,231070,120,6632,237822,361888,http://www.ieem.org.mx/proceso2018/actas/municipal/ACM2018_M110.pdf
15,MEXICO,111,VALLE DE BRAVO 26,28,85,1869,10074,517,608,322,269,1799,8615,299,8829,,,,,,,,,,,,,,,,,,,33201,4,947,34152,50958,http://www.ieem.org.mx/proceso2018/actas/municipal/ACM2018_M111_VALLEDEBRAVO_JI_114_2018.pdf
15,MEXICO,112,VILLA DE ALLENDE,22,59,729,2803,11037,719,736,309,226,6881,258,,,,,,,,,,,,,,,,,,,,23698,10,1070,24778,33252,http://www.ieem.org.mx/proceso2018/actas/municipal/ACM2018_M112.pdf
15,MEXICO,113,VILLA DEL CARBON 27,19,61,5181,5641,282,423,5820,384,3070,1967,165,360,,,,,,,,,,,,,,,,,,,23293,1,861,24155,32179,http://www.ieem.org.mx/proceso2018/actas/municipal/ACM2018_M113_VILLADELCARBON_JI_126_2018.pdf
15,MEXICO,114,VILLA GUERRERO 28,25,70,1156,5154,4680,709,4850,249,2949,4294,299,2756,,,,,,,,,,,,,,,,,,,27096,28,954,28078,42422,http://www.ieem.org.mx/proceso2018/actas/municipal/ACM2018_M114_VILLAGUERRERO_JI_117_2018.pdf
15,MEXICO,115,VILLA VICTORIA,44,120,6494,26353,840,1096,1060,308,539,6743,408,1537,,,,,,,,,,,,,,,,,,,45378,19,1851,47248,65343,http://www.ieem.org.mx/proceso2018/actas/municipal/ACM2018_M115.pdf
15,MEXICO,116,XONACATLAN,14,63,292,5020,3843,4036,2481,6059,326,4482,296,619,,,,,,,,,,,,,,1075,1525,,,,30054,4,959,31017,41550,http://www.ieem.org.mx/proceso2018/actas/municipal/ACM2018_M116.pdf
15,MEXICO,117,ZACAZONAPAN,2,6,105,670,1215,15,,22,,920,4,,,,,,,,,,,,,,,,,,,,2951,1,67,3019,3545,http://www.ieem.org.mx/proceso2018/actas/municipal/ACM2018_M117.pdf
15,MEXICO,118,ZACUALPAN,15,25,112,1118,60,234,,93,3549,2076,80,47,,,,,,,,,,,,,,,,,,,7369,0,363,7732,10586,http://www.ieem.org.mx/proceso2018/actas/municipal/ACM2018_M118.pdf
15,MEXICO,119,ZINACANTEPEC 29,46,197,14921,27236,1716,4414,3137,1126,1901,25698,1460,1213,,,,,,,,,,,,,,,,3453,,,86275,50,2989,89314,129935,http://www.ieem.org.mx/proceso2018/actas/municipal/ACM2018_M119.pdf
15,MEXICO,120,ZUMPAHUACAN,11,23,2646,2090,268,1049,35,136,135,2125,100,35,,,,,,,,,,,,,,,,,,,8619,4,379,9002,11999,http://www.ieem.org.mx/proceso2018/actas/municipal/ACM2018_M120.pdf
15,MEXICO,121,ZUMPANGO,44,213,10696,16398,1691,2268,1260,976,12376,32682,1757,775,,,,,,,,,,,,,,,,,3347,,84226,134,2103,86463,142742,http://www.ieem.org.mx/proceso2018/actas/municipal/ACM2018_M121.pdf
15,MEXICO,122,VALLE DE CHALCO SOLIDARIDAD,114,404,6743,20994,29189,5576,6866,2824,2142,78103,4155,1893,,,,,,,,,,,,,,,,,,,158485,103,5254,163842,262331,http://www.ieem.org.mx/proceso2018/actas/municipal/ACM2018_M122.pdf
15,MEXICO,123,LUVIANOS,27,47,301,9874,3941,124,52,86,,647,46,11,,,,,,,,,,,,,,,,,,,15082,13,765,15860,21979,http://www.ieem.org.mx/proceso2018/actas/municipal/ACM2018_M123.pdf
15,MEXICO,124,SAN JOSE DEL RINCON 30,43,112,7762,10750,678,568,4352,631,9938,2045,281,452,,,,,,,,,,,,,,,,,,,37457,0,2504,39961,64471,http://www.ieem.org.mx/proceso2018/actas/municipal/ACM2018_M124.pdf
15,MEXICO,125,TONANITLA 31,3,12,1090,1370,124,138,474,155,273,1067,111,124,,,,,,,,,,,,,,,,,,968,5894,2,156,6052,8032,http://www.ieem.org.mx/proceso2018/actas/municipal/ACM2018_M125_TONANITLA_JRC_218_2018.pdf
