﻿ID_ESTADO,NOMBRE_ESTADO,ID_MUNICIPIO,MUNICIPIO,SECCIONES,CASILLAS,PAN,PRI,PRD,PVEM,PT,MC,MORENA,PES,RSP,FXM,NACH,CAND_IND6,NUM_VOTOS_VALIDOS,NUM_VOTOS_CAN_NREG,NUM_VOTOS_NULOS,TOTAL_VOTOS,LISTA_NOMINAL,RUTA_ACTA
8,CHIHUAHUA,1,AHUMADA,15,24,386,1284,,2606,299,32,975,,,,71,,5653,0,220,5873,9922,https://ieechihuahua.org.mx/sistema/archivos/repositorio_actas/2021_mpal_y_dtal/ACM-SIN_001 AHUMADA.pdf
8,CHIHUAHUA,2,ALDAMA,20,39,4496,588,137,140,147,1872,1135,257,,36,1770,,10578,2,330,10910,21401,https://ieechihuahua.org.mx/sistema/archivos/repositorio_actas/2021_mpal_y_dtal/ACM-SIN_002 ALDAMA.pdf
8,CHIHUAHUA,3,ALLENDE,15,18,1171,2057,42,,368,896,186,407,,,,,5127,0,162,5289,7459,https://ieechihuahua.org.mx/sistema/archivos/repositorio_actas/2021_mpal_y_dtal/ACM-SIN_003 ALLENDE.pdf
8,CHIHUAHUA,4,AQUILES SERDAN,3,21,1776,1966,44,117,31,269,955,190,440,19,45,,5852,1,223,6076,13607,https://ieechihuahua.org.mx/sistema/archivos/repositorio_actas/2021_mpal_y_dtal/ACM-SIN_004 AQUILES SERDAN.pdf
8,CHIHUAHUA,5,ASCENSION,20,32,1622,959,1879,,128,1202,1655,,,,60,,7505,1,288,7794,18655,https://ieechihuahua.org.mx/sistema/archivos/repositorio_actas/2021_mpal_y_dtal/ACM-SIN_005 ASCENSION.pdf
8,CHIHUAHUA,6,BACHINIVA,17,17,1782,352,,224,,334,868,,,,,,3560,1,142,3703,5786,https://ieechihuahua.org.mx/sistema/archivos/repositorio_actas/2021_mpal_y_dtal/ACM-SIN_006 BACHINIVA.pdf
8,CHIHUAHUA,7,BALLEZA,14,25,1101,5852,,,71,,695,,,,61,,7780,1,519,8300,13631,https://ieechihuahua.org.mx/sistema/archivos/repositorio_actas/2021_mpal_y_dtal/ACM-SIN_007 BALLEZA.pdf
8,CHIHUAHUA,8,BATOPILAS DE MANUEL GOMEZ MORIN,11,17,349,2947,86,,,,481,145,,,,,4008,4,495,4507,8145,https://ieechihuahua.org.mx/sistema/archivos/repositorio_actas/2021_mpal_y_dtal/ACM-SIN_008 BATOPILAS DE MANUEL GOMEZ MORIN.pdf
8,CHIHUAHUA,9,BOCOYNA,22,42,3208,2819,,,74,4098,684,,,1272,170,,12325,1,782,13108,21351,https://ieechihuahua.org.mx/sistema/archivos/repositorio_actas/2021_mpal_y_dtal/ACM-SIN_009 BOCOYNA.pdf
8,CHIHUAHUA,10,BUENAVENTURA,26,39,2984,3374,111,89,153,65,2101,61,,,89,,9027,0,362,9389,19342,https://ieechihuahua.org.mx/sistema/archivos/repositorio_actas/2021_mpal_y_dtal/ACM-SIN_010 BUENAVENTURA.pdf
8,CHIHUAHUA,11,CAMARGO,40,76,7334,8029,767,,136,2095,1308,,,,296,,19965,2,434,20401,39565,https://ieechihuahua.org.mx/sistema/archivos/repositorio_actas/2021_mpal_y_dtal/ACM-SIN_011 CAMARGO.pdf
8,CHIHUAHUA,12,CARICHI,16,19,2082,2509,,,,,206,,,,,,4797,0,270,5067,7720,https://ieechihuahua.org.mx/sistema/archivos/repositorio_actas/2021_mpal_y_dtal/ACM-SIN_012 CARICHI.pdf
8,CHIHUAHUA,13,CASAS GRANDES,12,23,847,1681,,305,195,1089,1182,260,,,47,,5606,2,237,5845,10997,https://ieechihuahua.org.mx/sistema/archivos/repositorio_actas/2021_mpal_y_dtal/ACM-SIN_013 CASAS GRANDES.pdf
8,CHIHUAHUA,14,CORONADO,6,7,928,529,,,,,150,,,,,,1607,0,26,1633,1979,https://ieechihuahua.org.mx/sistema/archivos/repositorio_actas/2021_mpal_y_dtal/ACM-SIN_014 CORONADO.pdf
8,CHIHUAHUA,15,COYAME DEL SOTOL,3,4,478,658,,,,,94,416,,,,,1646,0,14,1660,2299,https://ieechihuahua.org.mx/sistema/archivos/repositorio_actas/2021_mpal_y_dtal/ACM-SIN_015 COYAME DEL SOTOL.pdf
8,CHIHUAHUA,16,LA CRUZ,5,8,1045,588,7,,,,17,,,,837,,2494,1,66,2561,3639,https://ieechihuahua.org.mx/sistema/archivos/repositorio_actas/2021_mpal_y_dtal/ACM-SIN_016 LA CRUZ.pdf
8,CHIHUAHUA,17,CUAUHTEMOC,111,242,21203,10854,1322,,998,,14006,1644,314,573,1281,,52195,19,2406,54620,134895,https://ieechihuahua.org.mx/sistema/archivos/repositorio_actas/2021_mpal_y_dtal/ACM-SIN_017 CUAUHTEMOC.pdf
8,CHIHUAHUA,18,CUSIHUIRIACHI,13,14,1600,1224,18,,103,,96,,,,13,,3054,0,100,3154,5336,https://ieechihuahua.org.mx/sistema/archivos/repositorio_actas/2021_mpal_y_dtal/ACM-SIN_018 CUSIHUIRIACHI.pdf
8,CHIHUAHUA,19,CHIHUAHUA,678,1303,193762,29283,2680,9051,4761,21392,88790,5566,,,4863,,360148,165,12343,372656,716690,https://ieechihuahua.org.mx/sistema/archivos/repositorio_actas/2021_mpal_y_dtal/ACM-SIN_019 CHIHUAHUA.pdf
8,CHIHUAHUA,20,CHINIPAS,8,16,916,1319,,,,,943,,,,,,3178,2,204,3384,4906,https://ieechihuahua.org.mx/sistema/archivos/repositorio_actas/2021_mpal_y_dtal/ACM-SIN_020 CHINIPAS.pdf
8,CHIHUAHUA,21,DELICIAS,111,215,22583,6836,486,5793,1888,4580,10582,1561,,,1088,,55397,15,1368,56780,118887,https://ieechihuahua.org.mx/sistema/archivos/repositorio_actas/2021_mpal_y_dtal/ACM-SIN_021 DELICIAS.pdf
8,CHIHUAHUA,22,DR. BELISARIO DOMINGUEZ,8,8,308,358,347,,18,482,63,,,,77,,1653,0,108,1761,3064,https://ieechihuahua.org.mx/sistema/archivos/repositorio_actas/2021_mpal_y_dtal/ACM-SIN_022 DR BELISARIO DOMINGUEZ.pdf
8,CHIHUAHUA,23,GALEANA,3,9,1249,36,,471,81,23,447,410,,,20,,2737,0,81,2818,4885,https://ieechihuahua.org.mx/sistema/archivos/repositorio_actas/2021_mpal_y_dtal/ACM-SIN_023 GALEANA.pdf
8,CHIHUAHUA,24,SANTA ISABEL,7,9,1169,1355,,,,49,125,,11,29,,,2738,0,74,2812,4323,https://ieechihuahua.org.mx/sistema/archivos/repositorio_actas/2021_mpal_y_dtal/ACM-SIN_024 SANTA ISABEL.pdf
8,CHIHUAHUA,25,GOMEZ FARIAS,15,17,190,745,30,434,45,741,243,888,,,61,,3377,0,239,3616,7036,https://ieechihuahua.org.mx/sistema/archivos/repositorio_actas/2021_mpal_y_dtal/ACM-SIN_025 GOMEZ FARIAS.pdf
8,CHIHUAHUA,26,GRAN MORELOS,13,13,402,672,,673,,,86,,,,,,1833,0,91,1924,3189,https://ieechihuahua.org.mx/sistema/archivos/repositorio_actas/2021_mpal_y_dtal/ACM-SIN_026 GRAN MORELOS.pdf
8,CHIHUAHUA,27,GUACHOCHI,43,73,3252,7254,86,368,385,263,5496,,389,153,627,,18273,4,1961,20238,36612,https://ieechihuahua.org.mx/sistema/archivos/repositorio_actas/2021_mpal_y_dtal/ACM-SIN_027 GUACHOCHI.pdf
8,CHIHUAHUA,28,GUADALUPE,8,11,714,544,,791,137,199,243,,,14,6,,2648,1,81,2730,4611,https://ieechihuahua.org.mx/sistema/archivos/repositorio_actas/2021_mpal_y_dtal/ACM-SIN_028 GUADALUPE.pdf
8,CHIHUAHUA,29,GUADALUPE Y CALVO,31,62,4605,9976,,,389,,2625,,,,380,,17975,2,1000,18977,31764,https://ieechihuahua.org.mx/sistema/archivos/repositorio_actas/2021_mpal_y_dtal/ACM-SIN_029 GUADALUPE Y CALVO.pdf
8,CHIHUAHUA,30,GUAZAPARES,13,17,2081,1092,,,,,944,,,,,,4117,0,243,4360,6884,https://ieechihuahua.org.mx/sistema/archivos/repositorio_actas/2021_mpal_y_dtal/ACM-SIN_030 GUAZAPARES.pdf
8,CHIHUAHUA,31,GUERRERO,67,82,3239,3578,,228,308,2184,3958,,,500,192,,14187,1,777,14965,30391,https://ieechihuahua.org.mx/sistema/archivos/repositorio_actas/2021_mpal_y_dtal/ACM-SIN_031 GUERRERO.pdf
8,CHIHUAHUA,32,HIDALGO DEL PARRAL,87,166,6374,10120,487,781,655,14696,5684,6736,,,843,,46473,50,1635,46473,88756,https://ieechihuahua.org.mx/sistema/archivos/repositorio_actas/2021_mpal_y_dtal/ACM-SIN_032 HIDALGO DEL PARRAL.pdf
8,CHIHUAHUA,33,HUEJOTITAN,2,3,425,772,,,,,28,,,,,,1225,1,29,1255,1572,https://ieechihuahua.org.mx/sistema/archivos/repositorio_actas/2021_mpal_y_dtal/ACM-SIN_033 HUEJOTITAN.pdf
8,CHIHUAHUA,34,IGNACIO ZARAGOZA,13,15,248,40,,149,53,1089,716,,,621,61,,2977,0,155,3132,5536,https://ieechihuahua.org.mx/sistema/archivos/repositorio_actas/2021_mpal_y_dtal/ACM-SIN_034 IGNACIO ZARAGOZA.pdf
8,CHIHUAHUA,35,JANOS,11,17,1513,833,,,27,,322,468,178,590,19,,3950,6,128,4084,8150,https://ieechihuahua.org.mx/sistema/archivos/repositorio_actas/2021_mpal_y_dtal/ACM-SIN_035 JANOS.pdf
8,CHIHUAHUA,36,JIMENEZ,36,56,3593,2257,345,,296,2171,1754,302,,84,4518,,15320,7,462,15789,30396,https://ieechihuahua.org.mx/sistema/archivos/repositorio_actas/2021_mpal_y_dtal/ACM-SIN_036 JIMENEZ.pdf
8,CHIHUAHUA,37,JUAREZ,1176,2085,99919,32990,,12469,10449,31686,202524,9627,5044,7600,7957,,420265,290,13485,434040,1144519,https://ieechihuahua.org.mx/sistema/archivos/repositorio_actas/2021_mpal_y_dtal/ACM-SIN_037 JUAREZ.pdf
8,CHIHUAHUA,38,JULIMES,6,9,1036,1359,,,,,383,33,,,,,2811,0,70,2881,4877,https://ieechihuahua.org.mx/sistema/archivos/repositorio_actas/2021_mpal_y_dtal/ACM-SIN_038 JULIMES.pdf
8,CHIHUAHUA,39,LOPEZ,6,8,342,493,,,355,815,104,,,353,20,,2482,0,65,2547,3535,https://ieechihuahua.org.mx/sistema/archivos/repositorio_actas/2021_mpal_y_dtal/ACM-SIN_039 LOPEZ.pdf
8,CHIHUAHUA,40,MADERA,46,59,4396,504,102,,154,,2859,,1273,,536,,9824,2,376,10202,21100,https://ieechihuahua.org.mx/sistema/archivos/repositorio_actas/2021_mpal_y_dtal/ACM-SIN_040 MADERA.pdf
8,CHIHUAHUA,41,MAGUARICHI,4,4,82,517,,,,292,,,,,,,891,0,38,929,1244,https://ieechihuahua.org.mx/sistema/archivos/repositorio_actas/2021_mpal_y_dtal/ACM-SIN_041 MAGUARICHI.pdf
8,CHIHUAHUA,42,MANUEL BENAVIDES,5,5,30,16,457,253,672,,21,,,,6,,1455,0,74,1529,2134,https://ieechihuahua.org.mx/sistema/archivos/repositorio_actas/2021_mpal_y_dtal/ACM-SIN_042 MANUEL BENAVIDES.pdf
8,CHIHUAHUA,43,MATACHI,7,8,200,464,,,20,,404,44,,,404,,1536,2,73,1611,2609,https://ieechihuahua.org.mx/sistema/archivos/repositorio_actas/2021_mpal_y_dtal/ACM-SIN_043 MATACHI.pdf
8,CHIHUAHUA,44,MATAMOROS,8,11,993,857,,,,490,355,,,,,,2695,0,135,2830,4047,https://ieechihuahua.org.mx/sistema/archivos/repositorio_actas/2021_mpal_y_dtal/ACM-SIN_044 MATAMOROS.pdf
8,CHIHUAHUA,45,MEOQUI,35,66,6751,1439,135,488,427,3402,1837,683,332,,252,,15746,4,396,16146,36319,https://ieechihuahua.org.mx/sistema/archivos/repositorio_actas/2021_mpal_y_dtal/ACM-SIN_045 MEOQUI.pdf
8,CHIHUAHUA,46,MORELOS,8,12,,686,,,,,1846,,,,,,2532,79,600,3211,5592,https://ieechihuahua.org.mx/sistema/archivos/repositorio_actas/2021_mpal_y_dtal/ACM-SIN_046 MORELOS.pdf
8,CHIHUAHUA,47,MORIS,8,11,840,1047,,,,,416,,,,,,2303,0,70,2373,3756,https://ieechihuahua.org.mx/sistema/archivos/repositorio_actas/2021_mpal_y_dtal/ACM-SIN_047 MORIS.pdf
8,CHIHUAHUA,48,NAMIQUIPA,44,53,2002,3317,229,148,128,,1211,,,,112,1180,8327,2,390,8719,19810,https://ieechihuahua.org.mx/sistema/archivos/repositorio_actas/2021_mpal_y_dtal/ACM-SIN_048 NAMIQUIPA.pdf
8,CHIHUAHUA,49,NONOAVA,4,7,939,581,,,,,955,,,,,,2475,2,35,2512,2891,https://ieechihuahua.org.mx/sistema/archivos/repositorio_actas/2021_mpal_y_dtal/ACM-SIN_049 NONOAVA.pdf
8,CHIHUAHUA,50,NUEVO CASAS GRANDES,64,96,4333,2405,410,822,976,4401,6692,991,,501,438,,21969,5,792,22766,50651,https://ieechihuahua.org.mx/sistema/archivos/repositorio_actas/2021_mpal_y_dtal/ACM-SIN_050 NUEVO CASAS GRANDES.pdf
8,CHIHUAHUA,51,OCAMPO,13,16,692,1358,144,463,,186,1262,,,,,,4105,0,184,4289,6209,https://ieechihuahua.org.mx/sistema/archivos/repositorio_actas/2021_mpal_y_dtal/ACM-SIN_051 OCAMPO.pdf
8,CHIHUAHUA,52,OJINAGA,27,48,4645,4792,,,109,,1459,,,,308,,11313,2,307,11622,24640,https://ieechihuahua.org.mx/sistema/archivos/repositorio_actas/2021_mpal_y_dtal/ACM-SIN_052 OJINAGA.pdf
8,CHIHUAHUA,53,PRAXEDIS G. GUERRERO,9,11,556,774,,,,339,956,,,105,,,2730,0,121,2851,5547,https://ieechihuahua.org.mx/sistema/archivos/repositorio_actas/2021_mpal_y_dtal/ACM-SIN_053 PRAXEDIS G. GUERRERO.pdf
8,CHIHUAHUA,54,RIVA PALACIO,9,16,1865,1064,18,,,,272,,,,,,3219,1,64,3284,7609,https://ieechihuahua.org.mx/sistema/archivos/repositorio_actas/2021_mpal_y_dtal/ACM-SIN_054 RIVA PALACIO.pdf
8,CHIHUAHUA,55,ROSALES,16,26,2813,1312,,,2049,1002,398,187,,,,,7761,2,198,7961,13850,https://ieechihuahua.org.mx/sistema/archivos/repositorio_actas/2021_mpal_y_dtal/ACM-SIN_055 ROSALES.pdf
8,CHIHUAHUA,56,ROSARIO,4,5,28,1118,542,,,,31,,,,,,1719,0,46,1765,2157,https://ieechihuahua.org.mx/sistema/archivos/repositorio_actas/2021_mpal_y_dtal/ACM-SIN_056 ROSARIO.pdf
8,CHIHUAHUA,57,SAN FRANCISCO DE BORJA,7,8,659,717,,,,,267,,,,,,1643,0,60,1703,2360,https://ieechihuahua.org.mx/sistema/archivos/repositorio_actas/2021_mpal_y_dtal/ACM-SIN_057 SAN FRANCISCO DE BORJA.pdf
8,CHIHUAHUA,58,SAN FRANCISCO DE CONCHOS,6,6,1039,,,,,628,107,,,,,,1774,1,61,1836,2622,https://ieechihuahua.org.mx/sistema/archivos/repositorio_actas/2021_mpal_y_dtal/ACM-SIN_058 SAN FRANCISCO DE CONCHOS.pdf
8,CHIHUAHUA,59,SAN FRANCISCO DEL ORO,11,12,176,613,11,555,570,266,479,197,,118,,,2985,1,104,3090,4289,https://ieechihuahua.org.mx/sistema/archivos/repositorio_actas/2021_mpal_y_dtal/ACM-SIN_059 SAN FRANCISCO DEL ORO.pdf
8,CHIHUAHUA,60,SANTA BARBARA,20,22,503,2040,23,39,60,1363,349,317,,949,54,,5697,0,182,5879,8797,https://ieechihuahua.org.mx/sistema/archivos/repositorio_actas/2021_mpal_y_dtal/ACM-SIN_060 SANTA BARBARA.pdf
8,CHIHUAHUA,61,SATEVO,13,13,1466,122,,,,,927,,,,,,2515,8,88,2611,4051,https://ieechihuahua.org.mx/sistema/archivos/repositorio_actas/2021_mpal_y_dtal/ACM-SIN_061 SATEVO.pdf
8,CHIHUAHUA,62,SAUCILLO,32,46,4038,2013,2428,,308,511,1631,729,,150,963,,12771,1,366,13138,25132,https://ieechihuahua.org.mx/sistema/archivos/repositorio_actas/2021_mpal_y_dtal/ACM-SIN_062 SAUCILLO.pdf
8,CHIHUAHUA,63,TEMOSACHIC,12,15,617,443,887,,,,914,,,,,,2861,1,201,3063,5198,https://ieechihuahua.org.mx/sistema/archivos/repositorio_actas/2021_mpal_y_dtal/ACM-SIN_063 TEMOSACHIC.pdf
8,CHIHUAHUA,64,EL TULE,6,6,870,,,,,,378,,,,,,1248,0,62,1310,2311,https://ieechihuahua.org.mx/sistema/archivos/repositorio_actas/2021_mpal_y_dtal/ACM-SIN_064 EL TULE .pdf
8,CHIHUAHUA,65,URIQUE,16,28,2336,306,,,,3158,2088,,,,,,7888,0,409,8297,13777,https://ieechihuahua.org.mx/sistema/archivos/repositorio_actas/2021_mpal_y_dtal/ACM-SIN_065 URIQUE.pdf
8,CHIHUAHUA,66,URUACHI,11,15,883,1231,,,,738,356,,,,,,3208,1,174,3383,4922,https://ieechihuahua.org.mx/sistema/archivos/repositorio_actas/2021_mpal_y_dtal/ACM-SIN_066 URUACHI.pdf
8,CHIHUAHUA,67,VALLE DE ZARAGOZA,12,14,103,916,330,298,,795,105,,,,,,2547,0,109,2656,4440,https://ieechihuahua.org.mx/sistema/archivos/repositorio_actas/2021_mpal_y_dtal/ACM-SIN_067 VALLE DE ZARAGOZA.pdf
