"edon","edo","disn","cabecera","pan","pri","prd","pvem","pt","mc","panal","morena","pes","pan.prd.mc","pri.pvem.panal","pt.morena.pes","indep1","indep2","efec","lisnom"
1,"ags",1,"JESUS MARIA",53135,35351,6173,8383,6061,3315,7436,44521,3530,1183,0,1409,0,0,170497,306488
1,"ags",2,"AGUASCALIENTES",49027,31505,3592,7016,4948,4292,5715,50904,5175,886,0,1815,0,0,164875,304756
1,"ags",3,"AGUASCALIENTES",78530,37746,2673,8957,4949,4172,5406,48844,4746,1075,0,1645,0,0,198743,332204
2,"bc",1,"MEXICALI",38851,12581,2390,7063,6291,4460,4354,84899,5079,1069,0,4041,0,0,171078,334181
2,"bc",2,"MEXICALI",43336,19049,2296,6828,5829,5419,3266,80054,5152,1462,0,4065,0,0,176756,336298
2,"bc",3,"ENSENADA",32479,23027,4996,8955,11533,4764,7010,73784,3974,1136,0,4524,0,0,176182,330058
2,"bc",4,"TIJUANA",22381,9849,2468,4621,8664,4305,3438,108187,4874,700,0,4376,0,0,173863,344424
2,"bc",5,"TIJUANA",42819,17018,2550,6096,6889,4774,3390,91603,5123,1067,0,3699,0,0,185028,355396
2,"bc",6,"TIJUANA",33737,16979,2354,5981,6489,4424,3440,87083,5867,889,0,3934,0,0,171177,338791
2,"bc",7,"MEXICALI",29750,17943,2903,5202,8076,4484,3579,81012,5320,962,0,4097,0,0,163328,344373
2,"bc",8,"TIJUANA",22881,13754,2808,4914,8455,5081,3135,100416,6658,938,0,4541,0,0,173581,348046
3,"bcs",1,"LA PAZ",45643,18004,1891,5903,4539,3548,8879,69958,4080,885,0,3157,0,0,166487,277795
3,"bcs",2,"SAN JOSE DEL CABO",28875,6937,1887,7467,15755,2466,2338,51397,2092,604,0,2347,0,0,122165,238351
4,"cam",1,"SAN FRANCISCO DE CAMPECHE",36148,68578,5340,5659,9042,5107,5811,79876,6110,1348,4586,2566,0,0,230171,321907
4,"cam",2,"CIUDAD DEL CARMEN",28618,47809,4557,2976,7522,3649,3351,94417,2921,858,3899,3109,0,0,203686,320149
5,"coa",1,"PIEDRAS NEGRAS",53969,52786,7201,2858,4017,11841,2194,39960,1619,1522,1204,1130,0,0,180301,316626
5,"coa",2,"SAN PEDRO",37191,59889,3395,3834,5388,6360,2649,63033,2191,775,1074,1756,0,0,187535,299448
5,"coa",3,"MONCLOVA",51266,53256,4687,3235,5313,4397,2944,63909,2173,711,851,1004,0,0,193746,313766
5,"coa",4,"SALTILLO",54752,61654,2194,4785,4807,2947,3490,51910,3445,860,1647,1596,0,0,194087,316909
5,"coa",5,"TORREON",71319,53069,1687,3528,3372,2621,2341,60812,1942,1070,1567,1565,0,0,204893,302651
5,"coa",6,"TORREON",35974,57523,1677,3397,4255,2077,2504,71639,2170,507,1017,1629,0,0,184369,290378
5,"coa",7,"SALTILLO",36180,63475,2563,6350,5892,3264,3198,58219,3542,526,1754,1890,0,0,186853,314320
6,"col",1,"COLIMA",32026,41731,5197,4335,6282,14072,7973,56193,2510,1205,1787,2222,0,0,175533,277346
6,"col",2,"MANZANILLO",18513,23250,2068,12067,7819,4484,2703,66806,2919,675,2084,4172,0,0,147560,253374
7,"cps",1,"PALENQUE",4089,14469,3304,34261,10724,5652,4985,74835,4054,268,1145,3099,0,0,160885,247047
7,"cps",2,"BOCHIL",5786,39338,10043,35243,8421,4350,3654,48313,2816,153,649,1129,0,0,159895,246405
7,"cps",3,"OCOSINGO",2883,16095,1899,37973,6491,5469,8468,59640,2196,266,886,2029,0,0,144295,235285
7,"cps",4,"PICHUCALCO",9917,22621,3822,28946,7187,6016,4583,83187,3600,468,1146,2181,0,0,173674,258864
7,"cps",5,"SAN CRISTOBAL DE LAS CASAS",6424,43090,6135,17567,8288,4151,3102,87813,4084,372,674,3038,0,0,184738,276588
7,"cps",6,"TUXTLA GUTIERREZ",9784,15434,8513,18310,9539,9191,2926,104167,5083,540,812,4394,0,0,188693,308774
7,"cps",7,"TONALA",7882,21681,2861,28684,7604,4007,7566,81424,3822,287,1145,2437,0,0,169400,277171
7,"cps",8,"COMITAN DE DOMINGUEZ",4560,32385,4646,33921,10007,5899,7013,77323,3843,327,1208,3504,0,0,184636,301902
7,"cps",9,"TUXTLA GUTIERREZ",15302,10078,2222,5390,7973,4733,4506,121086,5805,785,878,5825,0,0,184583,313545
7,"cps",10,"VILLAFLORES",3572,26531,2161,41722,7182,3908,9863,69186,3307,212,2038,2319,3452,0,175453,279402
7,"cps",11,"LAS MARGARITAS",2116,22580,23485,43531,6136,2725,2318,36901,2275,309,743,1541,0,0,144660,230721
7,"cps",12,"TAPACHULA",12352,18608,2505,14763,7223,4341,2519,106152,4610,565,1104,4536,0,0,179278,293222
7,"cps",13,"HUEHUETAN",5917,29094,8470,21700,15487,4843,7029,60313,3393,530,1060,2329,0,0,160165,272255
8,"cua",1,"JUAREZ",16367,14696,1760,7009,5750,3699,3784,62645,4655,286,0,2128,16867,0,139646,294799
8,"cua",2,"JUAREZ",22415,20282,9526,7300,5626,5165,3301,43075,3004,971,0,2321,12568,0,135554,286909
8,"cua",3,"JUAREZ",13854,20789,1688,4749,5218,2835,3334,40442,3291,445,0,2073,21764,0,120482,288764
8,"cua",4,"JUAREZ",40976,26363,1710,8101,5680,3528,4572,54767,3987,670,0,2019,21867,0,174240,331502
8,"cua",5,"DELICIAS",58604,36089,4227,4920,6822,2911,10581,46366,3558,1050,0,1798,0,0,176926,322473
8,"cua",6,"CHIHUAHUA",95720,32374,2119,8192,4482,4056,5455,48860,4675,1574,0,1783,0,0,209290,347451
8,"cua",7,"CUAUHTEMOC",37501,32136,2598,4026,5217,6192,4199,47754,3078,1152,0,2085,0,0,145938,289173
8,"cua",8,"CHIHUAHUA",64026,29065,2551,7281,6677,4526,5508,47364,4703,1275,0,2245,0,0,175221,331730
8,"cua",9,"HIDALGO DEL PARRAL",36610,38471,3027,7075,2650,3191,3115,20662,1620,925,0,704,0,0,118050,250459
9,"df",1,"GUSTAVO A. MADERO",18811,13976,25133,8531,6004,4675,4089,107179,5650,2005,0,7045,0,0,203098,310869
9,"df",2,"GUSTAVO A. MADERO",42145,26487,24468,12119,5631,5256,7549,110633,6441,2397,0,5671,0,0,248797,367043
9,"df",3,"AZCAPOTZALCO",48407,24006,21382,11601,6960,7530,5195,121918,6606,3174,0,6186,0,0,262965,378726
9,"df",4,"IZTAPALAPA",17987,12299,25337,8520,7050,4590,2930,95460,5064,1711,0,5804,0,0,186752,280449
9,"df",5,"TLALPAN",37615,18118,10978,9963,5096,4485,3190,82039,4402,1921,0,4706,0,0,182513,269909
9,"df",6,"LA MAGDALENA CONTRERAS",46610,32281,13053,10424,5597,7744,3982,86980,4109,1922,0,4885,0,0,217587,315711
9,"df",7,"GUSTAVO A. MADERO",26859,22330,43038,10395,5752,6781,4211,116716,5806,3451,0,6419,0,0,251758,367201
9,"df",8,"CUAUHTEMOC",21530,21992,19447,9118,4488,4491,3887,82526,4925,1707,0,4787,0,0,178898,278649
9,"df",9,"TLAHUAC",16161,16751,14252,14618,6336,5314,5740,96683,5488,1884,0,5040,0,0,188267,294302
9,"df",10,"MIGUEL HIDALGO",69199,24275,7888,9466,5259,5610,3493,83268,4624,2050,0,4061,0,0,219193,319499
9,"df",11,"VENUSTIANO CARRANZA",25499,19474,40596,8118,5138,5025,3690,90640,4779,2450,0,4502,0,0,209911,306332
9,"df",12,"CUAUHTEMOC",38727,25073,8044,9641,5332,5191,4091,86592,4176,1495,0,4587,0,0,192949,298033
9,"df",13,"IZTACALCO",30689,21736,35717,10341,5978,5164,4985,118648,5575,2705,0,5564,0,0,247102,357004
9,"df",14,"TLALPAN",31035,16141,15510,8295,4652,5712,2690,88721,4077,2137,0,4491,0,0,183461,269751
9,"df",15,"BENITO JUAREZ",98734,33518,6848,11674,4253,5911,5271,87724,4562,2392,0,3178,0,0,264065,367723
9,"df",16,"ALVARO OBREGON",36834,20183,29462,10283,5820,5780,3655,97818,5062,2986,0,5419,0,0,223302,326967
9,"df",17,"CUAJIMALPA DE MORELOS",47233,38106,17729,8818,5307,5430,3327,80824,5137,2200,0,4832,0,0,218943,320805
9,"df",18,"IZTAPALAPA",30505,19088,32633,10540,6433,6131,3763,101353,5791,2508,0,5424,0,0,224169,321491
9,"df",19,"IZTAPALAPA",18809,15312,31036,8462,7842,5157,3411,102607,4889,2194,0,6830,0,0,206549,299307
9,"df",20,"IZTAPALAPA",14433,14368,32464,7310,6460,4998,3335,95702,4802,1802,0,5598,0,0,191272,286303
9,"df",21,"XOCHIMILCO",14908,20261,9735,11320,7717,11391,4660,101568,6679,1756,0,7134,0,0,197129,314624
9,"df",22,"IZTAPALAPA",10190,8791,36769,6337,6951,5446,2883,90885,4225,2092,0,6753,0,0,181322,282855
9,"df",23,"COYOACAN",42858,22002,37845,10307,6076,5441,4071,112634,4928,2560,0,5109,0,0,253831,358453
9,"df",24,"COYOACAN",48674,25327,24087,12234,5797,5339,5410,95318,6054,2505,0,4554,0,0,235299,336250
10,"dgo",1,"VICTORIA DE DURANGO",42549,45099,2121,9800,14210,4525,4098,39165,3149,1281,0,2819,0,0,168816,315480
10,"dgo",2,"GOMEZ PALACIO",44281,36451,2379,4498,7672,4444,3510,69991,3711,998,0,2894,0,0,180829,322807
10,"dgo",3,"GUADALUPE VICTORIA",39381,40508,5321,9138,11335,3175,3158,52010,4272,1309,0,2819,0,0,172426,311975
10,"dgo",4,"VICTORIA DE DURANGO",51857,39584,2083,8393,16319,7493,7155,40200,3166,1844,0,3366,0,0,181460,329417
11,"gua",1,"SAN LUIS DE LA PAZ",45112,29315,4583,12750,3495,5951,4953,26083,2845,632,0,737,0,0,136456,263698
11,"gua",2,"SAN MIGUEL DE ALLENDE",52149,15641,2438,11028,3824,5289,6731,38276,4186,940,0,1269,0,0,141771,299491
11,"gua",3,"LEON",91261,15541,1520,13306,2448,3612,3556,23759,2481,1181,0,842,0,0,159507,281185
11,"gua",4,"GUANAJUATO",54323,21814,3926,13177,2591,5543,5896,18865,1497,1091,0,727,0,0,129450,263508
11,"gua",5,"LEON",78920,17167,1645,12471,2812,3378,3350,22904,2334,1370,0,1008,0,0,147359,286821
11,"gua",6,"LEON",75120,16566,1816,12768,2712,3184,3432,24227,2268,1206,0,1008,0,0,144307,280288
11,"gua",7,"SAN FRANCISCO DEL RINCON",63001,35536,2004,12137,2627,2556,2558,23015,1258,752,0,812,0,0,146256,300057
11,"gua",8,"SALAMANCA",51969,20144,9426,11675,5171,3561,10162,52815,4195,1027,0,1568,0,0,171713,318874
11,"gua",9,"IRAPUATO",52313,22093,2078,9454,3332,2613,3009,30692,2368,910,0,1255,0,0,130117,280355
11,"gua",10,"URIANGATO",55912,27519,15084,17503,4066,3617,6196,33859,2388,1039,0,987,0,0,168170,321373
11,"gua",11,"LEON",69343,16280,1452,12243,2723,2967,3536,23281,2465,1160,0,979,0,0,136429,266144
11,"gua",12,"CELAYA",55090,17721,2203,10924,3985,3743,3828,41063,3415,852,0,1606,18442,0,162872,317526
11,"gua",13,"VALLE DE SANTIAGO",46932,30089,9060,12739,4131,5277,8602,34755,2167,711,0,1084,0,0,155547,306715
11,"gua",14,"ACAMBARO",40641,25043,6902,16404,3292,8185,3705,36265,2454,796,0,1326,0,0,145013,304179
11,"gua",15,"IRAPUATO",45721,23351,1794,7354,4312,2618,3369,35752,3456,849,0,1600,0,0,130176,269317
12,"gue",1,"CD. ALTAMIRANO",2983,38542,37684,2553,4463,9135,2520,57881,1045,711,793,1302,0,0,159612,262304
12,"gue",2,"IGUALA",21622,33088,14013,8901,9643,6410,7616,65864,3959,1158,1618,2106,0,0,175998,290940
12,"gue",3,"ZIHUATANEJO",3560,35377,26908,9276,5131,6645,3106,85492,5018,920,1747,2760,2778,0,188718,315688
12,"gue",4,"ACAPULCO",7606,23838,8949,2827,8430,7898,1528,97348,5128,978,1700,4804,4181,0,175215,301653
12,"gue",5,"TLAPA",3391,31750,12726,6401,29718,7857,1936,65163,2523,397,802,1705,2875,0,167244,261512
12,"gue",6,"CHILAPA",11213,33440,47650,5777,9263,7876,3034,43164,2924,1045,1020,1671,0,0,168077,271322
12,"gue",7,"CHILPANCINGO",4578,37481,13322,5263,11666,4081,3163,76548,2397,793,1893,3103,0,0,164288,268406
12,"gue",8,"AYUTLA DE LOS LIBRES",6874,22332,32106,21910,8979,5147,2205,60391,2112,935,2067,1737,0,0,166795,253789
12,"gue",9,"ACAPULCO",7246,27805,10773,5241,6848,4796,1811,77621,6245,801,2258,4084,0,0,155529,281298
13,"hgo",1,"HUEJUTLA DE REYES",13047,46280,7823,1938,6534,2619,9081,70473,22015,723,1381,0,0,0,181914,277579
13,"hgo",2,"IXMIQUILPAN",16458,31058,11996,2764,18732,2497,5901,85370,3065,1067,1110,0,4673,0,184691,296184
13,"hgo",3,"ACTOPAN",12123,40223,6227,4920,9127,2923,8233,98085,4576,581,1184,0,0,0,188202,299353
13,"hgo",4,"TULANCINGO DE BRAVO",14160,36215,5737,3834,9495,3153,6828,81872,4236,661,1157,0,0,0,167348,294332
13,"hgo",5,"TULA DE ALLENDE",22998,34934,4270,11134,6560,3622,6391,103426,4463,766,1462,0,0,0,200026,318381
13,"hgo",6,"PACHUCA DE SOTO",28693,40913,3460,5256,5780,3640,6991,111499,8094,1017,1784,0,0,0,217127,346629
13,"hgo",7,"TEPEAPULCO",20606,31321,2450,4230,5447,3190,15093,93187,5581,713,1364,0,0,0,183182,286023
14,"jal",1,"TEQUILA",27553,32179,2910,7924,7276,41078,6067,36678,1991,1180,0,1029,0,0,165865,269226
14,"jal",2,"LAGOS DE MORENO",48375,23821,1979,9504,1895,32424,4503,21271,1722,2165,0,557,0,0,148216,258838
14,"jal",3,"TEPATITLAN DE MORELOS",60848,32381,1696,10540,2553,36005,5819,21958,3275,1621,0,574,0,0,177270,328995
14,"jal",4,"ZAPOPAN",25716,25321,1667,7307,3686,37752,4439,45562,4139,717,0,1515,0,0,157821,288644
14,"jal",5,"PUERTO VALLARTA",8694,35412,2209,7243,3361,36104,2449,50725,2081,972,0,1463,0,0,150713,282715
14,"jal",6,"ZAPOPAN",34823,22014,1759,7271,3651,47106,3920,46285,4345,1000,0,1605,0,0,173779,317604
14,"jal",7,"TONALA",13387,20889,1292,6122,4293,35521,4218,39910,3762,731,0,1774,0,0,131899,253691
14,"jal",8,"GUADALAJARA",39844,23788,1598,5526,2934,35609,2965,42939,2362,1162,0,1363,52995,0,213085,326903
14,"jal",9,"GUADALAJARA",20096,24056,1961,7852,4502,45388,4751,53774,4219,1030,0,2006,0,0,169635,304686
14,"jal",10,"ZAPOPAN",40435,15510,1180,4473,2532,27883,2455,30525,2310,1094,0,1439,48613,0,178449,294222
14,"jal",11,"GUADALAJARA",24121,25375,2216,7677,4338,53960,4430,54094,4760,1354,0,2079,0,0,184404,312174
14,"jal",12,"SANTA CRUZ DE LAS FLORES",19588,12663,2117,6022,3370,65143,3062,51102,4127,1244,0,2022,0,0,170460,331697
14,"jal",13,"TLAQUEPAQUE",25832,18046,1311,4812,3096,31006,2038,36440,2522,1043,0,1657,37326,0,165129,284222
14,"jal",14,"GUADALAJARA",31030,21699,1913,8421,4579,56163,4986,54248,4929,1238,0,2023,0,0,191229,315005
14,"jal",15,"LA BARCA",24904,33182,3391,13193,4069,29826,8584,41659,9302,1653,0,1816,0,0,171579,311602
14,"jal",16,"TLAQUEPAQUE",19470,25774,1634,6786,3906,33252,3162,48831,3776,1003,0,2315,7767,0,157676,297100
14,"jal",17,"JOCOTEPEC",19336,30873,2676,14066,3187,37588,4790,37419,2306,1435,0,1020,0,0,154696,260155
14,"jal",18,"AUTLAN DE NAVARRO",25121,38499,6958,6548,3299,40818,5221,41196,1877,1747,0,940,0,0,172224,285551
14,"jal",19,"CIUDAD GUZMAN",18323,30219,7719,10797,4021,49314,7490,47286,3128,1792,0,1084,0,0,181173,297454
14,"jal",20,"TONALA",15866,22967,1674,7484,3295,44801,2833,36943,2442,1392,0,1432,0,0,141129,276475
15,"mex",1,"JILOTEPEC DE ANDRES MOLINA ENRIQUEZ",34555,56569,5949,16937,4454,7654,12474,68960,3784,1364,1336,2108,0,0,216144,300993
15,"mex",2,"SANTA MARIA TULTEPEC",17230,25271,19403,6103,4664,5009,5687,85765,4911,1330,803,3018,0,0,179194,274287
15,"mex",3,"ATLACOMULCO DE FABELA",30434,53216,4586,8407,13485,6527,5347,77005,4172,1887,1685,4129,0,0,210880,306320
15,"mex",4,"NICOLAS ROMERO",31330,34117,5367,6616,5522,3729,4741,85595,4094,1291,1105,3984,0,0,187491,292336
15,"mex",5,"TEOTIHUACAN DE ARISTA",23689,45032,6942,6822,7980,3482,3889,83456,3782,1001,837,2868,0,0,189780,272235
15,"mex",6,"COACALCO DE BERRIOZABAL",27172,27595,10323,6891,4642,3798,3946,92030,5322,1317,911,3503,0,0,187450,284874
15,"mex",7,"CUAUTITLAN IZCALLI",44914,26397,3932,8303,5067,5354,6820,94478,5378,1304,972,3513,0,0,206432,301207
15,"mex",8,"TULTITLAN DE MARIANO ESCOBEDO",19041,21961,9838,5302,3864,4527,8330,75819,3737,1033,987,3033,0,0,157472,247313
15,"mex",9,"SAN FELIPE DEL PROGRESO",21771,65789,15971,8087,4785,2919,7058,50053,2245,1112,1909,1889,0,0,183588,275992
15,"mex",10,"ECATEPEC DE MORELOS",17724,27676,8944,5928,4348,3478,3285,81659,4235,1078,1073,3959,0,0,163387,261716
15,"mex",11,"ECATEPEC DE MORELOS",18194,29016,11693,9663,4558,3251,3869,86864,4051,1037,1127,3847,0,0,177170,279818
15,"mex",12,"IXTAPALUCA",11360,50047,7666,4505,4487,3141,2561,72212,3197,609,1406,3164,0,0,164355,259083
15,"mex",13,"ECATEPEC DE MORELOS",19398,29207,7998,6310,4333,3265,7157,86293,4404,1030,1316,3845,0,0,174556,267296
15,"mex",14,"CIUDAD ADOLFO LOPEZ MATEOS",53345,27403,4444,9910,4276,4065,4370,83741,4597,1427,1051,3401,0,0,202030,299633
15,"mex",15,"CIUDAD ADOLFO LOPEZ MATEOS",50313,25113,4149,15521,4258,3878,4081,78256,4377,1227,1052,3320,0,0,195545,298643
15,"mex",16,"ECATEPEC DE MORELOS",18816,32658,7283,5741,6156,3330,3909,87009,3927,981,1444,4994,0,0,176248,287922
15,"mex",17,"ECATEPEC DE MORELOS",16196,29191,7407,5831,4243,3281,3422,83686,4137,860,907,3929,0,0,163090,252315
15,"mex",18,"HUIXQUILUCAN DE DEGOLLADO",61601,44105,8314,8796,5132,5546,5202,65222,3508,2104,1132,2460,0,0,213122,302044
15,"mex",19,"TLALNEPANTLA DE BAZ",46475,36706,5125,7728,4805,4440,4524,91147,4673,1283,1355,3765,0,0,212026,316670
15,"mex",20,"CD. NEZAHUALCOYOTL",16640,24754,32668,5518,4120,3218,3084,83491,3692,1627,827,3304,0,0,182943,278996
15,"mex",21,"AMECAMECA DE JUAREZ",12535,37991,7566,9017,4173,6432,4129,81845,4062,608,733,2425,0,0,171516,255898
15,"mex",22,"NAUCALPAN DE JUAREZ",75718,38367,4727,7396,4746,3794,3573,80438,4715,1780,1436,3609,0,0,230299,349805
15,"mex",23,"LERMA DE VILLADA",27014,43548,8947,17241,6062,4709,4610,84519,3827,1077,869,2813,0,0,205236,291886
15,"mex",24,"NAUCALPAN DE JUAREZ",44729,31420,5170,6666,5374,3726,4950,86746,5056,1397,1427,4395,0,0,201056,336672
15,"mex",25,"CHIMALHUACAN",8400,46135,8326,3723,3538,2461,2514,66046,2753,672,1354,3607,0,0,149529,251806
15,"mex",26,"TOLUCA DE LERDO",42469,45383,7550,6908,7182,4564,4121,82443,5552,1655,1816,3767,0,0,213410,310407
15,"mex",27,"METEPEC",48505,47228,4884,9800,13063,4810,6198,81726,3776,1210,973,2940,0,0,225113,315076
15,"mex",28,"ZUMPANGO DE OCAMPO",26962,38079,5495,7491,4334,6023,11094,82625,4183,1073,1063,2724,0,0,191146,314021
15,"mex",29,"CD. NEZAHUALCOYOTL",13052,25478,40659,5829,4113,3176,3803,85471,3389,1482,795,3260,0,0,190507,296172
15,"mex",30,"CHIMALHUACAN",8008,52256,7069,4133,3358,2212,2576,66793,3284,481,1434,3245,0,0,154849,263181
15,"mex",31,"CD. NEZAHUALCOYOTL",10644,24744,42392,5289,4060,3139,3112,80017,3217,1617,760,3390,0,0,182381,290097
15,"mex",32,"VALLE DE CHALCO SOLIDARIDAD",8420,20294,26431,6724,5001,4134,2732,77182,3477,1199,804,3699,0,0,160097,262331
15,"mex",33,"CHALCO DE DIAZ COVARRUBIAS",13229,26808,9245,4414,4646,8520,3428,78408,5745,957,885,4410,0,0,160695,260453
15,"mex",34,"TOLUCA DE LERDO",50884,42763,7744,8864,6286,4926,4230,92393,5386,1589,1369,3417,0,0,229851,327921
15,"mex",35,"TENANCINGO DE DEGOLLADO",28659,40311,12666,9220,13719,4565,4915,67523,3268,1219,733,2460,0,0,189258,284511
15,"mex",36,"TEJUPILCO DE HIDALGO",17954,66345,31164,6956,5696,2929,5512,70294,2061,1172,1035,1755,0,0,212873,296442
15,"mex",37,"CUAUTITLAN",27082,33764,4990,7644,4653,9555,5090,89196,4410,1117,823,2929,0,0,191253,287130
15,"mex",38,"TEXCOCO DE MORA",14102,31285,5442,14214,4507,3701,4928,99232,3756,652,1261,3308,0,0,186388,287754
15,"mex",39,"LOS REYES ACAQUILPAN",8763,46833,12535,6330,4802,2686,2541,67003,3220,709,1439,3565,0,0,160426,260012
15,"mex",40,"SAN MIGUEL ZINACANTEPEC",33178,42237,7038,9704,11439,6525,4743,76354,4906,1428,1352,3534,0,0,202438,308188
15,"mex",41,"OJO DE AGUA",23372,53440,4475,5127,6253,3413,4731,104126,5050,722,1221,3806,0,0,215736,322728
16,"mic",1,"LAZARO CARDENAS",5005,31599,22002,4847,10709,2740,2522,71893,1890,489,0,2151,0,0,155847,265614
16,"mic",2,"PURUANDIRO",13826,33549,35690,17521,15092,5095,6303,35270,4814,1582,0,2354,0,0,171096,312570
16,"mic",3,"HEROICA ZITACUARO",8844,25973,45097,11365,15028,2837,2704,45971,2883,1836,0,3382,0,0,165920,272763
16,"mic",4,"JIQUILPAN DE JUAREZ",40158,29905,15838,10858,4691,7119,4190,44589,1966,1633,0,1272,0,0,162219,294299
16,"mic",5,"ZAMORA DE HIDALGO",32302,26366,12305,9355,9227,9071,4225,44164,3068,1600,0,2299,0,0,153982,297644
16,"mic",6,"CIUDAD HIDALGO",17582,28877,22861,17162,10069,4521,5243,40290,4030,1749,0,2926,0,0,155310,280855
16,"mic",7,"ZACAPU",14346,26613,19272,18185,6781,6127,3429,43855,4148,1039,0,1413,0,0,145208,268631
16,"mic",8,"MORELIA",18190,23977,9154,14070,6812,6052,2971,54931,7600,752,0,2257,0,0,146766,291676
16,"mic",9,"URUAPAN DEL PROGRESO",15818,9369,24662,4986,6308,2107,1471,42106,1996,880,0,2015,12722,0,124440,239846
16,"mic",10,"MORELIA",32009,19760,8998,10853,6014,4151,3185,51199,6337,923,0,1843,31486,0,176758,309830
16,"mic",11,"PATZCUARO",17514,26721,34057,15944,8711,3734,6074,38975,4908,2053,0,2109,0,0,160800,287236
16,"mic",12,"APATZINGAN DE LA CONSTITUCION",13093,24032,19988,13080,7195,2704,3940,46780,1250,1237,0,1919,0,0,135218,251974
17,"mor",1,"CUERNAVACA",41394,12379,9358,8220,7860,7945,3576,73132,9050,0,569,4832,16662,0,194977,305520
17,"mor",2,"JIUTEPEC",18343,12919,22952,14688,7109,5637,6162,72684,8582,0,785,4469,0,0,174330,283166
17,"mor",3,"CUAUTLA",10867,24757,19340,9331,10336,12686,9073,68900,6437,0,1262,4585,0,0,177574,287821
17,"mor",4,"JOJUTLA",7341,17748,25905,5707,8815,4106,3862,62469,8053,0,495,3538,34941,0,182980,292132
17,"mor",5,"YAUTEPEC",12558,16602,26895,13251,10465,9775,14770,65742,6729,0,1085,3090,0,0,180962,270726
18,"nay",1,"SANTIAGO IXCUINTLA",18273,26708,8535,2496,7715,3505,4552,62228,3272,1022,0,3317,0,0,141623,256770
18,"nay",2,"TEPIC",24701,17641,7074,4017,9476,17378,4182,81222,3970,1361,0,4581,0,0,175603,302091
18,"nay",3,"COMPOSTELA",30989,18465,4395,2876,5964,5862,3252,70012,3051,1201,0,0,0,0,146067,287950
19,"nl",1,"SANTA CATARINA",85705,20018,1353,6770,4023,23845,7021,28102,3660,0,0,878,0,0,181375,316603
19,"nl",2,"APODACA",47327,37782,1369,8444,5816,19144,5497,42554,4144,0,0,1114,0,0,173191,326742
19,"nl",3,"GRAL. ESCOBEDO",31135,26263,1185,12258,7005,13571,3160,28856,1901,0,0,1071,6504,4000,136909,292781
19,"nl",4,"SAN NICOLAS DE LOS GARZA",92471,19436,1657,7750,6454,24966,4749,39674,3250,0,0,1252,16163,0,217822,365377
19,"nl",5,"MONTERREY",16572,34974,945,5625,17172,9607,1938,18981,1490,0,0,1365,6503,0,115172,253844
19,"nl",6,"MONTERREY",72113,31803,1893,10779,13651,45634,4296,32888,3523,0,0,1631,0,0,218211,355425
19,"nl",7,"GARCIA",38588,34736,3641,10584,9384,14160,6780,35698,3735,0,0,1242,21008,0,179556,369113
19,"nl",8,"GUADALUPE",33682,30212,1516,6379,6323,13836,4492,33486,4200,0,0,1175,20474,0,155775,299696
19,"nl",9,"LINARES",49694,60854,1249,6789,9034,9800,12040,25444,1867,0,0,1557,14889,0,193217,327919
19,"nl",10,"MONTERREY",67310,29688,1350,9152,5377,24817,4806,30159,2398,0,0,1119,10696,0,186872,329254
19,"nl",11,"GUADALUPE",58051,37647,2903,5792,5781,17308,5458,35730,3152,0,0,1488,15545,0,188855,330958
19,"nl",12,"BENITO JUAREZ",19004,32885,1735,15121,5541,12987,5125,36723,5197,0,0,1231,15694,0,151243,332826
20,"oax",1,"SAN JUAN BAUTISTA TUXTEPEC",19096,36679,8666,7848,8755,3468,16639,83122,5055,825,1637,3073,0,0,194863,272575
20,"oax",2,"TEOTITLAN DE FLORES MAGON",8262,42395,12925,4317,11722,4894,7829,84840,2582,578,1951,2728,0,0,185023,271339
20,"oax",3,"HEROICA CIUDAD DE HUAJUAPAN DE LEON",12525,28974,15056,6005,11843,3343,3318,88635,3318,764,1100,3240,0,0,178121,287380
20,"oax",4,"TLACOLULA DE MATAMOROS",13353,26861,7825,5864,14635,4044,3988,90280,3250,566,936,4317,0,0,175919,309294
20,"oax",5,"SALINA CRUZ",7552,27150,7683,4707,14551,3433,2610,98998,2525,390,960,3306,0,0,173865,269697
20,"oax",6,"HEROICA CIUDAD DE TLAXIACO",6213,24951,26688,4440,9213,2383,2898,73217,2437,662,803,2849,5218,0,161972,274610
20,"oax",7,"CIUDAD IXTEPEC",6814,46047,16565,9720,9651,5380,4957,88764,2628,417,1360,1900,0,0,194203,285218
20,"oax",8,"OAXACA DE JUAREZ",21549,28542,5132,5473,13959,4251,3109,109750,4538,896,1228,4512,0,0,202939,312825
20,"oax",9,"PUERTO ESCONDIDO",6391,43616,25267,3296,7954,2902,5124,78230,1571,686,1571,2486,0,0,179094,271574
20,"oax",10,"MIAHUATLAN DE PORFIRIO DIAZ",22689,31068,7246,5181,11542,5381,6710,87730,5554,890,1547,3622,0,0,189160,306787
21,"pue",1,"HUAUCHINANGO DE DEGOLLADO",53861,40553,8638,7551,5453,7469,3935,63504,2222,2231,0,2922,0,0,198339,279935
21,"pue",2,"CUAUTILULCO BARRIO",47367,61321,9241,5466,6761,11184,6291,47548,1990,1524,0,1885,0,0,200578,281834
21,"pue",3,"TEZIUTLAN",42451,43540,4974,9525,8008,5917,8322,61892,2910,1221,0,2628,0,0,191388,286126
21,"pue",4,"AJALPAN",34433,44190,9825,5537,7957,9323,3235,73625,2758,997,0,2829,0,0,194709,270988
21,"pue",5,"SAN MARTIN TEXMELUCAN DE LABASTIDA",28284,28437,4718,8986,11421,6918,7555,77847,3360,824,0,3622,0,0,181972,295720
21,"pue",6,"HEROICA PUEBLA DE ZARAGOZA",31498,26091,2496,7301,5926,3605,2832,90546,3383,1118,0,4490,0,0,179286,305467
21,"pue",7,"TEPEACA",37266,27498,4492,8925,8516,7540,3837,81940,3263,1359,0,4794,0,0,189430,289617
21,"pue",8,"CIUDAD SERDAN",40498,39843,5342,7788,7593,15540,13309,51483,2185,1724,0,2839,0,0,188144,272123
21,"pue",9,"HEROICA PUEBLA DE ZARAGOZA",54942,16011,2794,7761,5858,4215,2907,93194,3595,1418,0,3965,0,0,196660,330112
21,"pue",10,"CHOLULA DE RIVADAVIA",53707,19064,4616,10817,6731,5747,5730,94556,4805,1273,0,4316,0,0,211362,328497
21,"pue",11,"HEROICA PUEBLA DE ZARAGOZA",35598,21115,2672,6881,6717,4926,3352,87843,3405,1121,0,4969,0,0,178599,307513
21,"pue",12,"HEROICA PUEBLA DE ZARAGOZA",51698,24644,3833,9036,5684,4327,3508,96927,4064,1260,0,3858,0,0,208839,336747
21,"pue",13,"ATLIXCO",38968,38896,5531,10345,5843,7087,5178,77404,3398,1212,0,3298,0,0,197160,310833
21,"pue",14,"ACATLAN DE OSORIO",32467,47309,6262,6356,7677,8285,4917,86758,2726,1434,0,3554,0,0,207745,307143
21,"pue",15,"TEHUACAN",28791,29664,2528,12006,7939,2808,4483,95204,2572,672,0,3559,0,0,190226,297925
22,"que",1,"CADEREYTA DE MONTES",49632,38459,4426,6433,6068,4571,6256,35472,3535,1541,0,1466,0,0,157859,252531
22,"que",2,"SAN JUAN DEL RIO",46817,33458,2839,14500,4413,3287,4174,57670,4288,993,0,2986,0,0,175425,284047
22,"que",3,"SANTIAGO DE QUERETARO",58562,41084,3391,8338,5577,4521,3520,69000,5910,1359,0,3009,0,0,204271,363990
22,"que",4,"SANTIAGO DE QUERETARO",82925,32625,3443,10607,4689,5007,4109,67609,5605,1783,0,2645,0,0,221047,361257
22,"que",5,"EL PUEBLITO",77296,37170,7014,9214,5295,4165,4403,44981,4597,1490,0,2079,0,0,197704,321128
23,"qui",1,"PLAYA DEL CARMEN",28104,25680,5377,4288,10928,7124,2703,91200,5885,1815,1230,3385,0,0,187719,338233
23,"qui",2,"CHETUMAL",28765,25041,13194,2658,6304,5135,5295,77043,7625,2351,1314,3662,0,0,178387,272867
23,"qui",3,"CANCUN",11757,6897,2792,9493,5278,3781,2555,90297,6305,788,951,4001,0,0,144895,264634
23,"qui",4,"CANCUN",33406,13483,3551,9672,6780,4961,3076,96496,6377,1094,1045,3984,0,0,183925,332932
24,"san",1,"MATEHUALA",33933,43991,8558,17581,7263,9219,3788,30887,1824,1766,1605,1201,0,0,161616,262221
24,"san",2,"SOLEDAD DE GRACIANO SANCHEZ",18122,35428,58136,11010,5470,3719,4923,40046,3737,2299,1534,1437,0,0,185861,321336
24,"san",3,"RIOVERDE",40558,44432,9309,11417,8817,4514,3420,27897,1680,1824,2859,1352,0,0,158079,263906
24,"san",4,"CIUDAD VALLES",30033,28746,9532,6841,5267,4997,6838,48688,2934,1049,1382,1511,0,0,147818,238975
24,"san",5,"SAN LUIS POTOSI",63823,20777,18852,8055,4844,3796,4380,47750,3780,1201,713,1445,0,0,179416,311399
24,"san",6,"SAN LUIS POTOSI",41273,15378,21139,10089,5432,4072,5899,55144,4583,897,587,1690,0,0,166183,304359
24,"san",7,"TAMAZUNCHALE",42670,46405,13660,5897,7210,5771,8690,36636,2886,1767,2752,1880,0,0,176224,272130
25,"sin",1,"MAZATLAN",26848,39810,3401,3579,4058,4396,3229,71395,1922,945,1607,2435,0,0,163625,293360
25,"sin",2,"LOS MOCHIS",32028,34031,2751,2516,5823,3740,4169,93771,2681,1053,1798,3924,6158,0,194443,321131
25,"sin",3,"GUAMUCHIL",23880,54729,9432,3560,8151,8052,4151,73824,3413,1520,2231,3308,0,0,196251,321025
25,"sin",4,"GUASAVE",18050,54544,3548,2823,6222,5852,4546,85806,2599,647,2531,3662,0,0,190830,304001
25,"sin",5,"CULIACAN DE ROSALES",14899,33103,2136,3624,5556,4560,3521,87706,2599,629,1676,3431,11891,0,175331,295854
25,"sin",6,"MAZATLAN",24235,40433,2959,6776,5119,6496,3400,71898,2530,1029,1713,2762,0,0,169350,294027
25,"sin",7,"CULIACAN DE ROSALES",16040,36840,2525,3720,5828,4927,2941,82015,2974,671,1638,3446,0,0,163565,305860
26,"son",1,"SAN LUIS RIO COLORADO",23142,28620,2215,3101,4641,4837,2519,54102,2608,664,1192,2260,0,0,129901,288070
26,"son",2,"NOGALES",26986,36799,2699,2850,9572,9405,2673,58578,2244,925,2053,2106,0,0,156890,333881
26,"son",3,"HERMOSILLO",21698,32008,1814,3407,4184,9106,3017,62849,2618,751,1628,2125,0,0,145205,304062
26,"son",4,"GUAYMAS",21658,42832,4743,5669,5845,5440,4961,60386,1665,955,2740,2279,0,0,159173,291128
26,"son",5,"HERMOSILLO",22781,37041,1619,3646,4223,9465,2941,61285,2467,689,1722,1974,0,0,149853,295976
26,"son",6,"CD. OBREGON",7045,29176,1610,3044,4530,9033,2771,79142,1813,323,1399,2883,18256,0,161025,320447
26,"son",7,"NAVOJOA",21266,39021,3485,1882,4465,4271,2582,65019,1158,921,2287,2620,0,0,148977,268124
27,"tab",1,"MACUSPANA",3466,16657,12407,13512,2921,2795,3363,101618,6352,758,0,2273,1257,0,167379,244672
27,"tab",2,"HEROICA CARDENAS",1704,18951,36425,4736,3131,2375,1404,124854,1648,965,0,3118,1319,0,200630,300820
27,"tab",3,"COMALCALCO",2105,20329,28110,4373,2688,2264,1379,98955,1316,1564,0,2382,1517,0,166982,240831
27,"tab",4,"VILLAHERMOSA",4624,16598,6098,4908,3981,3863,3193,162293,2806,572,0,4328,0,0,213264,309831
27,"tab",5,"PARAISO",3512,19818,19244,11217,4244,3669,2177,142779,3802,780,0,2753,0,0,213995,295256
27,"tab",6,"VILLAHERMOSA",3097,20025,9545,12952,4296,5419,2857,129087,2715,766,0,3784,2389,0,196932,296208
28,"tam",1,"NUEVO LAREDO",53688,34764,1509,5359,3871,2789,3234,49839,2973,1002,0,1652,0,0,160680,310391
28,"tam",2,"REYNOSA",56502,22332,1512,4756,3585,2355,2093,57809,5330,1155,0,2087,0,0,159516,280245
28,"tam",3,"RIO BRAVO",56310,39578,2430,2828,5754,2964,3162,52557,4180,1096,0,1840,0,0,172699,293905
28,"tam",4,"H. MATAMOROS",55138,33559,2113,3143,4290,3361,2484,59792,1665,1276,0,1580,0,0,168401,298768
28,"tam",5,"CIUDAD VICTORIA",63897,55843,1837,5144,5767,7353,1932,50573,3419,1530,0,1702,0,0,198997,299833
28,"tam",6,"CIUDAD MANTE",85921,40511,4317,4634,3798,7360,4660,38593,2512,1695,0,1614,0,0,195615,280872
28,"tam",7,"CIUDAD MADERO",49540,31000,1969,4746,4798,2483,2403,69464,2927,1409,0,2588,2971,0,176298,284880
28,"tam",8,"TAMPICO",65489,30146,2431,5654,4030,3024,2266,68683,3343,1413,0,1930,4916,0,193325,297197
28,"tam",9,"REYNOSA",49842,13014,1958,3830,4921,3044,2265,70345,2279,1136,0,2153,0,0,154787,282654
29,"tla",1,"APIZACO",32255,33080,5496,5683,10049,5469,3256,78973,3944,1253,1277,3227,0,0,183962,300472
29,"tla",2,"TLAXCALA DE XICOHTENCATL",22691,31155,9248,4947,10144,6851,3791,106717,5188,1501,1595,4769,0,0,208597,312644
29,"tla",3,"ZACATELCO",15858,22599,7145,4381,13597,4601,6899,107190,4590,762,984,4255,0,0,192861,308900
30,"ver",1,"PANUCO",57356,21777,3609,5154,3254,3392,2279,50423,4700,1339,0,2010,0,0,155293,241139
30,"ver",2,"TANTOYUCA",56722,24793,14382,10495,4997,4460,2274,46848,1717,1756,0,1329,0,0,169773,246309
30,"ver",3,"TUXPAN DE RODRIGUEZ CANO",44694,26868,3120,8272,2843,2818,1997,63896,1462,1280,0,1632,0,0,158882,248900
30,"ver",4,"VERACRUZ",69281,11609,3031,8258,3093,3531,2480,74089,2537,2705,0,2065,0,0,182679,321098
30,"ver",5,"POZA RICA DE HIDALGO",22611,15064,35629,3352,2740,2713,2264,68118,1157,3094,0,2193,0,0,158935,250521
30,"ver",6,"PAPANTLA DE OLARTE",38257,26163,16269,10725,4819,9730,2854,66806,1837,1875,0,1912,0,0,181247,286127
30,"ver",7,"MARTINEZ DE LA TORRE",37342,22696,5831,7517,4484,8689,3479,79996,2175,1743,0,2058,0,0,176010,283027
30,"ver",8,"XALAPA",58443,28938,12684,7073,3905,4176,2694,78440,2351,2574,0,1983,0,0,203261,315892
30,"ver",9,"COATEPEC",51315,33365,11170,3173,3400,3848,1959,62701,2016,2418,0,1640,0,0,177005,272503
30,"ver",10,"XALAPA",44391,20241,4109,13068,4561,4499,4579,108703,3385,1447,0,2737,0,0,211720,323195
30,"ver",11,"COATZACOALCOS",31385,17122,4331,1999,2934,3127,3124,120251,2432,1630,0,4766,0,0,193101,305208
30,"ver",12,"VERACRUZ",92895,21237,2703,7266,3408,4109,2089,71422,2635,2873,0,1862,0,0,212499,336028
30,"ver",13,"HUATUSCO",60284,26004,5848,8527,3527,3593,4078,74559,1998,1866,0,1846,0,0,192130,303513
30,"ver",14,"MINATITLAN",35022,21548,6997,2677,4167,3187,1774,88696,1864,2510,0,3007,0,0,171449,276057
30,"ver",15,"ORIZABA",45410,20509,10322,9112,3951,5984,2889,83502,2791,2526,0,2652,0,0,189648,292558
30,"ver",16,"CORDOBA",42493,24589,4735,15677,3937,3980,4474,91991,3023,1490,0,2722,0,0,199111,302994
30,"ver",17,"COSAMALOAPAN",48637,22715,9330,2622,5362,3201,1973,72690,1555,1950,0,2569,0,0,172604,287016
30,"ver",18,"ZONGOLICA",38127,31627,13241,4851,6339,8181,3248,72920,2622,2467,0,2530,0,0,186153,283145
30,"ver",19,"SAN ANDRES TUXTLA",47086,14539,14980,9909,3712,3550,5581,72631,2017,2981,0,2290,0,0,179276,303659
30,"ver",20,"COSOLEACAQUE",29748,25665,8989,3059,4727,3528,3465,101726,2563,1600,0,3087,0,0,188157,297029
31,"yuc",1,"VALLADOLID",58486,84600,3115,7773,2180,4155,3321,51111,1671,706,988,1059,0,0,219165,278151
31,"yuc",2,"PROGRESO",59114,71324,6520,11924,2494,5598,6245,44202,2505,1008,1129,1295,0,0,213358,293836
31,"yuc",3,"MERIDA",71709,53480,2587,4191,4046,3636,2372,70818,3153,1850,1996,2729,0,0,222567,341019
31,"yuc",4,"MERIDA",97029,53222,2377,4121,4249,3816,2173,66565,3116,1836,1693,2074,0,0,242271,338827
31,"yuc",5,"TICUL",57981,77696,14462,9095,4201,5237,9199,44674,1057,1299,761,785,0,0,226447,292229
32,"zac",1,"FRESNILLO",22658,38809,7359,8819,11752,3205,4631,62405,3487,1232,774,2841,0,0,167972,277083
32,"zac",2,"JEREZ DE GARCIA SALINAS",38637,45363,13137,16644,12070,4790,4492,41867,4521,2056,882,1687,0,0,186146,307015
32,"zac",3,"ZACATECAS",18507,46500,6126,11558,15689,3549,13875,64058,2873,879,1105,2544,0,0,187263,291084
32,"zac",4,"GUADALUPE",13847,59218,11986,7381,13886,6387,4045,62490,2882,948,915,2319,0,0,186304,287277
