CIRCUNSCRIPCION,ID_ESTADO,NOMBRE_ESTADO,ID_DISTRITO,CABECERA_DISTRITAL,ID_MUNICIPIO,MUNICIPIO,SECCION,CASILLAS,PAN,PRI,PRD,PVEM,PT,MC,NVA_ALIANZA,MORENA,PH,ES,PRI_PVEM,NUM_VOTOS_CAN_NREG,NUM_VOTOS_VALIDOS,NUM_VOTOS_NULOS,TOTAL_VOTOS,LISTA_NOMINAL
3,4,CAMPECHE,2,SAN FRANCISCO DE CAMPECHE,1,CAMPECHE,1,1,137,153,5,6,9,7,20,43,3,20,1,,404,6,410,576
3,4,CAMPECHE,2,SAN FRANCISCO DE CAMPECHE,1,CAMPECHE,2,1,113,109,15,9,4,5,17,52,2,17,3,,346,8,354,648
3,4,CAMPECHE,2,SAN FRANCISCO DE CAMPECHE,1,CAMPECHE,3,1,154,169,14,12,5,6,9,33,11,19,3,,435,18,453,667
3,4,CAMPECHE,2,SAN FRANCISCO DE CAMPECHE,1,CAMPECHE,4,15,1474,1414,154,73,62,53,150,415,66,158,174,,4193,141,4334,9425
3,4,CAMPECHE,2,SAN FRANCISCO DE CAMPECHE,1,CAMPECHE,5,2,238,199,25,17,11,12,24,88,13,27,9,,663,23,686,1056
3,4,CAMPECHE,2,SAN FRANCISCO DE CAMPECHE,1,CAMPECHE,6,2,197,176,15,7,13,11,26,60,12,24,3,,544,18,562,961
3,4,CAMPECHE,1,SAN FRANCISCO DE CAMPECHE,1,CAMPECHE,7,2,199,229,27,11,5,10,38,48,3,28,3,,601,20,621,935
3,4,CAMPECHE,2,SAN FRANCISCO DE CAMPECHE,1,CAMPECHE,8,1,171,137,13,8,7,4,25,41,13,21,1,,441,9,450,737
3,4,CAMPECHE,2,SAN FRANCISCO DE CAMPECHE,1,CAMPECHE,9,6,801,750,83,49,54,29,104,271,70,112,15,,2338,57,2395,4280
3,4,CAMPECHE,1,SAN FRANCISCO DE CAMPECHE,1,CAMPECHE,10,2,164,164,30,10,8,11,16,50,6,22,9,,490,21,511,966
3,4,CAMPECHE,1,SAN FRANCISCO DE CAMPECHE,1,CAMPECHE,11,2,152,240,17,12,7,6,20,63,2,16,8,,543,28,571,908
3,4,CAMPECHE,1,SAN FRANCISCO DE CAMPECHE,1,CAMPECHE,12,2,252,366,31,25,12,9,30,107,16,31,9,,888,45,933,1455
3,4,CAMPECHE,1,SAN FRANCISCO DE CAMPECHE,1,CAMPECHE,13,2,264,179,26,7,10,4,31,61,8,18,7,,615,23,638,1156
3,4,CAMPECHE,1,SAN FRANCISCO DE CAMPECHE,1,CAMPECHE,14,2,157,186,22,11,14,7,15,61,7,12,10,,502,23,525,1008
3,4,CAMPECHE,2,SAN FRANCISCO DE CAMPECHE,1,CAMPECHE,15,2,249,207,24,5,9,10,19,66,10,25,7,,631,17,648,1140
3,4,CAMPECHE,2,SAN FRANCISCO DE CAMPECHE,1,CAMPECHE,16,2,220,191,24,11,7,7,47,50,6,23,14,,600,22,622,1098
3,4,CAMPECHE,7,TENABO,1,CAMPECHE,17,6,640,581,70,45,30,41,101,292,40,82,16,,1938,58,1996,4422
3,4,CAMPECHE,2,SAN FRANCISCO DE CAMPECHE,1,CAMPECHE,18,1,145,148,16,4,5,5,15,40,4,10,7,,399,10,409,636
3,4,CAMPECHE,2,SAN FRANCISCO DE CAMPECHE,1,CAMPECHE,19,2,229,168,19,13,12,6,19,45,7,11,8,,537,16,553,1050
3,4,CAMPECHE,2,SAN FRANCISCO DE CAMPECHE,1,CAMPECHE,20,2,199,259,18,13,9,3,7,41,7,20,14,,590,20,610,1084
3,4,CAMPECHE,1,SAN FRANCISCO DE CAMPECHE,1,CAMPECHE,21,2,185,326,45,10,18,15,35,85,8,24,7,,758,27,785,1442
3,4,CAMPECHE,1,SAN FRANCISCO DE CAMPECHE,1,CAMPECHE,22,2,114,243,15,4,8,9,29,82,12,16,5,,537,16,553,933
3,4,CAMPECHE,1,SAN FRANCISCO DE CAMPECHE,1,CAMPECHE,23,2,156,200,18,18,10,4,20,52,8,18,2,,506,23,529,848
3,4,CAMPECHE,1,SAN FRANCISCO DE CAMPECHE,1,CAMPECHE,24,2,193,263,22,14,4,5,31,80,9,14,2,,637,27,664,1071
3,4,CAMPECHE,1,SAN FRANCISCO DE CAMPECHE,1,CAMPECHE,25,1,99,165,20,7,1,10,13,33,3,22,2,,375,7,382,580
3,4,CAMPECHE,1,SAN FRANCISCO DE CAMPECHE,1,CAMPECHE,26,2,202,270,44,28,11,5,34,74,11,34,7,,720,24,744,1092
3,4,CAMPECHE,1,SAN FRANCISCO DE CAMPECHE,1,CAMPECHE,27,2,228,237,21,19,11,8,30,107,10,42,5,,718,20,738,1141
3,4,CAMPECHE,1,SAN FRANCISCO DE CAMPECHE,1,CAMPECHE,28,1,106,171,5,0,5,6,3,29,5,12,0,,342,6,348,570
3,4,CAMPECHE,1,SAN FRANCISCO DE CAMPECHE,1,CAMPECHE,29,2,158,204,27,11,5,6,20,88,5,26,11,,561,20,581,855
3,4,CAMPECHE,1,SAN FRANCISCO DE CAMPECHE,1,CAMPECHE,30,2,160,198,20,19,4,7,9,60,4,18,10,,509,21,530,760
3,4,CAMPECHE,1,SAN FRANCISCO DE CAMPECHE,1,CAMPECHE,31,1,130,175,13,12,6,4,14,47,3,28,12,,444,13,457,708
3,4,CAMPECHE,1,SAN FRANCISCO DE CAMPECHE,1,CAMPECHE,32,2,143,149,23,11,5,6,30,62,2,21,7,,459,23,482,774
3,4,CAMPECHE,1,SAN FRANCISCO DE CAMPECHE,1,CAMPECHE,33,2,122,181,23,11,18,7,20,57,5,15,2,,461,21,482,886
3,4,CAMPECHE,1,SAN FRANCISCO DE CAMPECHE,1,CAMPECHE,34,2,179,219,38,12,33,8,28,65,13,29,19,,643,26,669,1273
3,4,CAMPECHE,2,SAN FRANCISCO DE CAMPECHE,1,CAMPECHE,35,2,162,179,17,9,9,9,17,53,10,26,4,,495,20,515,921
3,4,CAMPECHE,2,SAN FRANCISCO DE CAMPECHE,1,CAMPECHE,36,2,231,219,27,10,11,5,17,51,12,15,8,,606,24,630,1153
3,4,CAMPECHE,2,SAN FRANCISCO DE CAMPECHE,1,CAMPECHE,37,2,169,164,25,6,7,4,17,46,5,18,3,,464,8,472,852
3,4,CAMPECHE,2,SAN FRANCISCO DE CAMPECHE,1,CAMPECHE,38,2,134,163,11,18,11,7,11,64,2,23,1,,445,14,459,754
3,4,CAMPECHE,3,SAN FRANCISCO DE CAMPECHE,1,CAMPECHE,39,3,325,363,66,17,27,19,44,103,16,54,15,,1049,45,1094,1986
3,4,CAMPECHE,3,SAN FRANCISCO DE CAMPECHE,1,CAMPECHE,40,2,100,149,35,12,8,5,10,36,8,32,7,,402,13,415,774
3,4,CAMPECHE,3,SAN FRANCISCO DE CAMPECHE,1,CAMPECHE,41,2,110,76,29,10,8,6,20,52,22,26,63,,422,17,439,780
3,4,CAMPECHE,3,SAN FRANCISCO DE CAMPECHE,1,CAMPECHE,42,2,193,186,54,19,16,8,28,103,8,37,13,,665,19,684,1114
3,4,CAMPECHE,1,SAN FRANCISCO DE CAMPECHE,1,CAMPECHE,43,2,182,234,44,17,16,5,22,75,9,16,1,,621,31,652,996
3,4,CAMPECHE,1,SAN FRANCISCO DE CAMPECHE,1,CAMPECHE,44,2,136,117,29,9,10,3,29,93,8,31,10,,475,18,493,815
3,4,CAMPECHE,1,SAN FRANCISCO DE CAMPECHE,1,CAMPECHE,45,1,118,140,22,6,8,10,18,79,7,14,5,,427,19,446,719
3,4,CAMPECHE,1,SAN FRANCISCO DE CAMPECHE,1,CAMPECHE,46,2,167,213,14,19,3,7,37,83,10,22,10,,585,24,609,996
3,4,CAMPECHE,1,SAN FRANCISCO DE CAMPECHE,1,CAMPECHE,47,2,192,217,28,9,3,10,45,89,19,7,10,,629,23,652,894
3,4,CAMPECHE,1,SAN FRANCISCO DE CAMPECHE,1,CAMPECHE,48,2,184,199,28,10,8,6,24,68,10,17,8,,562,13,575,975
3,4,CAMPECHE,1,SAN FRANCISCO DE CAMPECHE,1,CAMPECHE,49,2,179,246,16,17,6,12,29,88,11,24,9,,637,20,657,1100
3,4,CAMPECHE,1,SAN FRANCISCO DE CAMPECHE,1,CAMPECHE,50,1,121,160,16,14,6,9,11,57,8,13,2,,417,6,423,642
3,4,CAMPECHE,1,SAN FRANCISCO DE CAMPECHE,1,CAMPECHE,51,3,239,285,30,25,7,7,20,76,9,18,9,,725,28,753,1002
3,4,CAMPECHE,5,SAN FRANCISCO DE CAMPECHE,1,CAMPECHE,52,1,137,179,20,13,5,5,16,40,13,17,3,,448,15,463,696
3,4,CAMPECHE,5,SAN FRANCISCO DE CAMPECHE,1,CAMPECHE,53,2,227,291,26,19,9,20,31,61,12,19,9,,724,27,751,1102
3,4,CAMPECHE,5,SAN FRANCISCO DE CAMPECHE,1,CAMPECHE,54,2,168,232,9,17,7,8,25,60,6,24,4,,560,19,579,881
3,4,CAMPECHE,5,SAN FRANCISCO DE CAMPECHE,1,CAMPECHE,55,2,238,300,54,13,17,11,33,103,16,37,6,,828,33,861,1352
3,4,CAMPECHE,5,SAN FRANCISCO DE CAMPECHE,1,CAMPECHE,56,2,140,195,19,12,12,5,29,63,9,30,7,,521,9,530,857
3,4,CAMPECHE,4,SAN FRANCISCO DE CAMPECHE,1,CAMPECHE,57,2,189,197,22,13,8,13,18,94,8,25,6,,593,21,614,1013
3,4,CAMPECHE,4,SAN FRANCISCO DE CAMPECHE,1,CAMPECHE,58,2,206,205,17,14,11,10,27,100,10,18,19,,637,26,663,1081
3,4,CAMPECHE,4,SAN FRANCISCO DE CAMPECHE,1,CAMPECHE,59,2,193,201,24,18,15,9,19,93,11,23,11,,617,17,634,1008
3,4,CAMPECHE,3,SAN FRANCISCO DE CAMPECHE,1,CAMPECHE,60,2,137,157,33,8,16,7,25,110,7,31,5,,536,18,554,991
3,4,CAMPECHE,3,SAN FRANCISCO DE CAMPECHE,1,CAMPECHE,61,2,125,196,17,16,5,14,16,53,13,32,6,,493,31,524,934
3,4,CAMPECHE,3,SAN FRANCISCO DE CAMPECHE,1,CAMPECHE,62,2,141,212,25,15,19,3,14,62,9,20,7,,527,27,554,1055
3,4,CAMPECHE,3,SAN FRANCISCO DE CAMPECHE,1,CAMPECHE,63,2,210,243,33,19,30,10,32,73,16,35,3,,704,28,732,1349
3,4,CAMPECHE,3,SAN FRANCISCO DE CAMPECHE,1,CAMPECHE,64,2,179,225,14,15,10,6,35,97,21,38,5,,645,14,659,1154
3,4,CAMPECHE,3,SAN FRANCISCO DE CAMPECHE,1,CAMPECHE,65,3,240,328,47,16,28,10,33,73,66,46,11,,898,38,936,1700
3,4,CAMPECHE,3,SAN FRANCISCO DE CAMPECHE,1,CAMPECHE,66,2,140,233,29,17,12,9,28,76,13,43,10,,610,35,645,1058
3,4,CAMPECHE,3,SAN FRANCISCO DE CAMPECHE,1,CAMPECHE,67,2,169,194,25,4,17,8,29,61,17,40,2,,566,21,587,1020
3,4,CAMPECHE,4,SAN FRANCISCO DE CAMPECHE,1,CAMPECHE,68,2,140,237,41,19,7,7,43,79,14,19,29,,635,32,667,1178
3,4,CAMPECHE,4,SAN FRANCISCO DE CAMPECHE,1,CAMPECHE,69,2,138,111,27,7,4,3,24,62,13,16,16,,421,21,442,958
3,4,CAMPECHE,4,SAN FRANCISCO DE CAMPECHE,1,CAMPECHE,70,2,220,248,21,13,9,6,46,113,14,25,10,,725,13,738,1143
3,4,CAMPECHE,5,SAN FRANCISCO DE CAMPECHE,1,CAMPECHE,71,2,151,223,19,13,15,16,28,84,14,31,13,,607,28,635,1015
3,4,CAMPECHE,5,SAN FRANCISCO DE CAMPECHE,1,CAMPECHE,72,2,176,396,30,13,3,15,12,82,20,31,13,,791,20,811,1289
3,4,CAMPECHE,5,SAN FRANCISCO DE CAMPECHE,1,CAMPECHE,73,3,204,312,14,14,34,5,17,50,6,23,16,,695,29,724,1128
3,4,CAMPECHE,5,SAN FRANCISCO DE CAMPECHE,1,CAMPECHE,74,2,260,293,22,14,11,7,24,80,16,46,5,,778,37,815,1317
3,4,CAMPECHE,5,SAN FRANCISCO DE CAMPECHE,1,CAMPECHE,75,3,345,357,39,28,19,23,46,151,15,54,11,,1088,36,1124,1863
3,4,CAMPECHE,5,SAN FRANCISCO DE CAMPECHE,1,CAMPECHE,76,2,180,251,24,15,19,13,12,65,9,17,8,,613,25,638,992
3,4,CAMPECHE,4,SAN FRANCISCO DE CAMPECHE,1,CAMPECHE,77,2,161,225,21,13,12,7,27,81,25,30,7,,609,20,629,924
3,4,CAMPECHE,4,SAN FRANCISCO DE CAMPECHE,1,CAMPECHE,78,2,139,151,19,15,7,7,30,62,13,26,7,,476,19,495,907
3,4,CAMPECHE,3,SAN FRANCISCO DE CAMPECHE,1,CAMPECHE,79,10,779,966,123,57,79,41,163,322,50,132,38,,2750,99,2849,6092
3,4,CAMPECHE,3,SAN FRANCISCO DE CAMPECHE,1,CAMPECHE,80,2,152,198,22,12,4,9,12,64,20,29,3,,525,9,534,814
3,4,CAMPECHE,7,TENABO,1,CAMPECHE,81,16,1645,1648,208,90,113,96,269,758,121,229,142,,5319,142,5461,10971
3,4,CAMPECHE,3,SAN FRANCISCO DE CAMPECHE,1,CAMPECHE,82,2,207,246,32,10,18,15,28,45,12,27,5,,645,19,664,1235
3,4,CAMPECHE,3,SAN FRANCISCO DE CAMPECHE,1,CAMPECHE,83,7,681,792,106,39,49,28,107,267,49,101,28,,2247,66,2313,4602
3,4,CAMPECHE,4,SAN FRANCISCO DE CAMPECHE,1,CAMPECHE,84,2,88,179,17,16,9,7,40,45,17,14,39,,471,15,486,858
3,4,CAMPECHE,4,SAN FRANCISCO DE CAMPECHE,1,CAMPECHE,85,2,145,181,21,23,12,5,35,87,11,16,17,,553,24,577,1042
3,4,CAMPECHE,4,SAN FRANCISCO DE CAMPECHE,1,CAMPECHE,86,2,210,127,20,8,5,15,60,91,32,25,119,,712,25,737,1054
3,4,CAMPECHE,5,SAN FRANCISCO DE CAMPECHE,1,CAMPECHE,87,2,188,203,14,8,18,7,20,62,16,43,8,,587,18,605,916
3,4,CAMPECHE,5,SAN FRANCISCO DE CAMPECHE,1,CAMPECHE,88,1,110,225,19,14,3,2,15,18,0,14,4,,424,9,433,632
3,4,CAMPECHE,5,SAN FRANCISCO DE CAMPECHE,1,CAMPECHE,89,2,216,269,7,12,6,11,17,37,8,26,18,,627,18,645,977
3,4,CAMPECHE,5,SAN FRANCISCO DE CAMPECHE,1,CAMPECHE,90,3,301,351,31,14,36,13,28,148,21,33,13,,989,23,1012,1729
3,4,CAMPECHE,5,SAN FRANCISCO DE CAMPECHE,1,CAMPECHE,91,3,225,235,33,20,32,20,25,127,32,25,16,,790,34,824,1648
3,4,CAMPECHE,4,SAN FRANCISCO DE CAMPECHE,1,CAMPECHE,92,3,258,399,21,23,3,4,22,50,12,21,16,,829,21,850,1144
3,4,CAMPECHE,4,SAN FRANCISCO DE CAMPECHE,1,CAMPECHE,93,2,244,314,21,24,11,23,23,56,12,27,8,,763,20,783,1114
3,4,CAMPECHE,4,SAN FRANCISCO DE CAMPECHE,1,CAMPECHE,94,2,226,232,27,23,12,7,55,100,21,22,10,,735,30,765,1190
3,4,CAMPECHE,4,SAN FRANCISCO DE CAMPECHE,1,CAMPECHE,95,2,181,216,22,28,9,15,39,85,17,30,19,,661,29,690,1394
3,4,CAMPECHE,4,SAN FRANCISCO DE CAMPECHE,1,CAMPECHE,96,2,141,199,14,34,12,4,25,57,14,37,31,,568,27,595,1105
3,4,CAMPECHE,4,SAN FRANCISCO DE CAMPECHE,1,CAMPECHE,97,2,141,189,33,18,5,3,29,56,9,12,10,,505,31,536,1117
3,4,CAMPECHE,4,SAN FRANCISCO DE CAMPECHE,1,CAMPECHE,98,2,189,241,17,16,4,6,16,49,7,25,14,,584,13,597,881
3,4,CAMPECHE,5,SAN FRANCISCO DE CAMPECHE,1,CAMPECHE,99,2,159,210,21,9,18,7,34,79,23,26,11,,597,29,626,1202
3,4,CAMPECHE,5,SAN FRANCISCO DE CAMPECHE,1,CAMPECHE,100,3,365,426,21,16,37,5,42,111,18,46,14,,1101,32,1133,2136
3,4,CAMPECHE,6,SAN FRANCISCO DE CAMPECHE,1,CAMPECHE,101,4,413,397,46,31,30,19,53,121,40,61,12,,1223,40,1263,2288
3,4,CAMPECHE,6,SAN FRANCISCO DE CAMPECHE,1,CAMPECHE,102,3,268,195,29,9,20,9,25,120,21,47,122,,865,37,902,1611
3,4,CAMPECHE,6,SAN FRANCISCO DE CAMPECHE,1,CAMPECHE,103,2,152,204,27,9,20,6,28,71,16,43,11,,587,27,614,1125
3,4,CAMPECHE,4,SAN FRANCISCO DE CAMPECHE,1,CAMPECHE,104,2,130,169,21,12,7,17,13,76,10,32,8,,495,14,509,796
3,4,CAMPECHE,4,SAN FRANCISCO DE CAMPECHE,1,CAMPECHE,105,9,884,973,98,96,66,35,149,310,49,98,88,,2846,96,2942,6157
3,4,CAMPECHE,4,SAN FRANCISCO DE CAMPECHE,1,CAMPECHE,106,2,235,259,34,21,7,12,35,90,44,23,31,,791,32,823,1249
3,4,CAMPECHE,6,SAN FRANCISCO DE CAMPECHE,1,CAMPECHE,107,2,173,214,36,10,15,18,33,62,12,46,3,,622,29,651,1287
3,4,CAMPECHE,6,SAN FRANCISCO DE CAMPECHE,1,CAMPECHE,108,4,304,499,57,39,83,25,36,147,30,51,7,,1278,57,1335,2906
3,4,CAMPECHE,6,SAN FRANCISCO DE CAMPECHE,1,CAMPECHE,109,3,309,378,36,17,41,13,22,86,7,48,15,,972,30,1002,2057
3,4,CAMPECHE,5,SAN FRANCISCO DE CAMPECHE,1,CAMPECHE,110,2,165,225,11,16,13,16,130,63,10,28,7,,684,37,721,1209
3,4,CAMPECHE,6,SAN FRANCISCO DE CAMPECHE,1,CAMPECHE,111,3,210,343,25,20,41,10,30,83,17,32,17,,828,20,848,1690
3,4,CAMPECHE,6,SAN FRANCISCO DE CAMPECHE,1,CAMPECHE,112,5,412,538,63,39,37,19,60,195,43,68,15,,1489,48,1537,3313
3,4,CAMPECHE,5,SAN FRANCISCO DE CAMPECHE,1,CAMPECHE,113,2,189,173,19,11,12,8,30,49,4,16,2,,513,31,544,835
3,4,CAMPECHE,5,SAN FRANCISCO DE CAMPECHE,1,CAMPECHE,114,2,251,188,22,11,11,5,101,64,10,38,4,,705,32,737,1232
3,4,CAMPECHE,5,SAN FRANCISCO DE CAMPECHE,1,CAMPECHE,115,2,160,160,12,1,4,4,58,28,7,26,0,,460,11,471,847
3,4,CAMPECHE,5,SAN FRANCISCO DE CAMPECHE,1,CAMPECHE,116,2,189,224,15,18,10,4,41,27,5,18,8,,559,20,579,1071
3,4,CAMPECHE,5,SAN FRANCISCO DE CAMPECHE,1,CAMPECHE,117,3,245,285,30,19,20,5,82,63,12,34,5,,800,29,829,1515
3,4,CAMPECHE,7,TENABO,1,CAMPECHE,118,2,215,284,5,9,4,3,9,18,6,43,16,,612,26,638,859
3,4,CAMPECHE,7,TENABO,1,CAMPECHE,119,1,73,137,18,0,0,0,3,7,11,40,0,,289,12,301,362
3,4,CAMPECHE,7,TENABO,1,CAMPECHE,120,1,95,210,94,6,2,3,5,7,3,90,6,,521,33,554,735
3,4,CAMPECHE,7,TENABO,1,CAMPECHE,121,2,134,205,13,9,7,3,13,47,7,141,2,,581,36,617,831
3,4,CAMPECHE,7,TENABO,1,CAMPECHE,122,2,112,291,19,10,5,7,32,59,10,17,3,,565,20,585,930
3,4,CAMPECHE,7,TENABO,1,CAMPECHE,123,1,204,234,7,12,2,9,13,14,1,12,4,,512,21,533,715
3,4,CAMPECHE,7,TENABO,1,CAMPECHE,124,5,514,531,54,18,19,23,36,128,23,68,20,,1434,46,1480,2888
3,4,CAMPECHE,6,SAN FRANCISCO DE CAMPECHE,1,CAMPECHE,125,2,183,305,18,14,21,10,18,60,4,19,41,,693,25,718,1471
3,4,CAMPECHE,6,SAN FRANCISCO DE CAMPECHE,1,CAMPECHE,126,3,237,458,16,23,16,14,10,75,23,36,11,,919,33,952,1883
3,4,CAMPECHE,6,SAN FRANCISCO DE CAMPECHE,1,CAMPECHE,127,2,116,246,11,8,16,18,20,50,16,22,9,,532,30,562,1003
3,4,CAMPECHE,6,SAN FRANCISCO DE CAMPECHE,1,CAMPECHE,128,1,31,97,6,0,1,0,0,3,1,7,0,,146,7,153,219
3,4,CAMPECHE,7,TENABO,1,CAMPECHE,129,2,481,463,20,4,0,20,12,20,3,20,1,,1044,16,1060,1381
3,4,CAMPECHE,7,TENABO,1,CAMPECHE,130,1,95,106,2,4,3,2,12,26,8,1,3,,262,9,271,397
3,4,CAMPECHE,7,TENABO,1,CAMPECHE,131,1,95,79,1,1,1,0,5,6,1,9,0,,198,5,203,236
3,4,CAMPECHE,7,TENABO,1,CAMPECHE,132,1,40,65,4,0,1,1,7,18,0,12,0,,148,6,154,187
3,4,CAMPECHE,6,SAN FRANCISCO DE CAMPECHE,1,CAMPECHE,133,1,130,204,1,4,2,2,5,6,3,33,3,,393,10,403,475
3,4,CAMPECHE,6,SAN FRANCISCO DE CAMPECHE,1,CAMPECHE,134,2,49,201,9,1,2,0,5,9,1,7,3,,287,4,291,400
3,4,CAMPECHE,6,SAN FRANCISCO DE CAMPECHE,1,CAMPECHE,135,2,207,338,10,2,2,0,17,7,6,13,4,,606,22,628,797
3,4,CAMPECHE,6,SAN FRANCISCO DE CAMPECHE,1,CAMPECHE,136,1,56,70,2,1,1,0,5,6,0,4,1,,146,2,148,179
3,4,CAMPECHE,6,SAN FRANCISCO DE CAMPECHE,1,CAMPECHE,137,1,18,103,1,2,1,1,5,15,1,6,2,,155,4,159,224
3,4,CAMPECHE,6,SAN FRANCISCO DE CAMPECHE,1,CAMPECHE,138,1,137,168,2,5,1,0,6,2,4,16,11,,352,18,370,474
3,4,CAMPECHE,6,SAN FRANCISCO DE CAMPECHE,1,CAMPECHE,139,4,372,519,210,21,11,13,52,208,6,58,10,,1480,74,1554,2657
3,4,CAMPECHE,6,SAN FRANCISCO DE CAMPECHE,1,CAMPECHE,140,2,195,280,41,1,6,2,22,23,3,30,5,,608,21,629,896
3,4,CAMPECHE,6,SAN FRANCISCO DE CAMPECHE,1,CAMPECHE,141,2,214,280,22,5,2,2,31,24,0,17,8,,605,14,619,891
3,4,CAMPECHE,6,SAN FRANCISCO DE CAMPECHE,1,CAMPECHE,142,4,464,723,158,8,10,7,88,66,4,37,25,,1590,75,1665,2494
3,4,CAMPECHE,6,SAN FRANCISCO DE CAMPECHE,1,CAMPECHE,143,1,64,156,8,0,0,1,1,10,1,22,2,,265,6,271,323
3,4,CAMPECHE,6,SAN FRANCISCO DE CAMPECHE,1,CAMPECHE,144,1,42,67,4,1,3,1,13,19,1,6,1,,158,0,158,213
3,4,CAMPECHE,6,SAN FRANCISCO DE CAMPECHE,1,CAMPECHE,145,2,175,203,21,4,4,2,11,31,3,17,6,,477,13,490,794
3,4,CAMPECHE,6,SAN FRANCISCO DE CAMPECHE,1,CAMPECHE,146,1,61,165,22,1,1,4,3,114,2,5,0,,378,5,383,444
3,4,CAMPECHE,17,CALKINI,2,CALKINI,147,3,34,225,18,13,4,17,191,569,2,14,11,,1098,26,1124,1501
3,4,CAMPECHE,17,CALKINI,2,CALKINI,148,2,11,115,4,4,1,8,76,438,2,14,6,,679,15,694,1037
3,4,CAMPECHE,17,CALKINI,2,CALKINI,149,2,57,178,7,5,10,10,71,471,0,15,7,,831,21,852,1092
3,4,CAMPECHE,17,CALKINI,2,CALKINI,150,2,26,161,6,10,2,3,78,288,0,9,11,,594,13,607,767
3,4,CAMPECHE,17,CALKINI,2,CALKINI,151,3,48,141,8,10,3,4,75,337,0,6,4,,636,13,649,801
3,4,CAMPECHE,17,CALKINI,2,CALKINI,152,2,42,116,9,0,3,12,56,429,0,4,0,,671,20,691,1021
3,4,CAMPECHE,17,CALKINI,2,CALKINI,153,2,17,155,5,9,18,8,94,446,4,17,9,,782,16,798,993
3,4,CAMPECHE,17,CALKINI,2,CALKINI,154,3,49,226,9,10,9,17,175,630,1,11,7,,1144,24,1168,1605
3,4,CAMPECHE,17,CALKINI,2,CALKINI,155,2,25,169,6,11,3,5,93,639,0,4,8,,963,22,985,1282
3,4,CAMPECHE,17,CALKINI,2,CALKINI,156,2,16,104,3,3,3,8,78,359,0,0,6,,580,23,603,801
3,4,CAMPECHE,19,HECELCHAKAN,2,CALKINI,157,1,19,215,3,51,1,3,161,63,0,5,9,,530,13,543,658
3,4,CAMPECHE,19,HECELCHAKAN,2,CALKINI,158,2,35,298,13,66,7,7,53,118,4,28,12,,641,134,775,774
3,4,CAMPECHE,17,CALKINI,2,CALKINI,159,2,19,150,5,8,1,2,265,106,0,1,5,,562,9,571,784
3,4,CAMPECHE,17,CALKINI,2,CALKINI,160,2,34,128,2,4,0,1,325,107,0,1,11,,613,12,625,765
3,4,CAMPECHE,17,CALKINI,2,CALKINI,161,2,37,146,4,2,5,7,216,137,0,0,11,,565,20,585,792
3,4,CAMPECHE,17,CALKINI,2,CALKINI,162,2,36,157,8,1,1,1,265,157,0,5,7,,638,23,661,911
3,4,CAMPECHE,17,CALKINI,2,CALKINI,163,2,29,86,4,2,2,1,245,109,0,7,8,,493,22,515,771
3,4,CAMPECHE,17,CALKINI,2,CALKINI,164,2,27,211,4,0,7,4,209,146,0,2,12,,622,9,631,804
3,4,CAMPECHE,19,HECELCHAKAN,2,CALKINI,165,1,1,235,0,3,0,0,1,0,0,1,3,,244,8,252,257
3,4,CAMPECHE,19,HECELCHAKAN,2,CALKINI,166,3,55,661,15,9,3,13,150,676,6,3,14,,1605,28,1633,1948
3,4,CAMPECHE,19,HECELCHAKAN,2,CALKINI,167,2,29,370,9,9,1,10,93,373,0,2,10,,906,30,936,1120
3,4,CAMPECHE,19,HECELCHAKAN,2,CALKINI,168,2,34,476,3,13,1,8,77,338,0,6,5,,961,20,981,1205
3,4,CAMPECHE,17,CALKINI,2,CALKINI,169,2,32,344,13,20,2,3,86,566,0,9,33,,1108,26,1134,1468
3,4,CAMPECHE,19,HECELCHAKAN,2,CALKINI,170,2,53,148,24,235,2,17,40,214,3,11,7,,754,33,787,904
3,4,CAMPECHE,19,HECELCHAKAN,2,CALKINI,171,1,19,277,3,29,7,5,13,97,5,11,12,,478,23,501,623
3,4,CAMPECHE,17,CALKINI,2,CALKINI,172,2,60,260,18,20,12,14,74,354,5,3,3,,823,19,842,1284
3,4,CAMPECHE,17,CALKINI,2,CALKINI,173,3,39,342,19,7,15,11,265,533,6,5,12,,1254,33,1287,1745
3,4,CAMPECHE,17,CALKINI,2,CALKINI,174,2,35,231,11,2,8,10,120,410,0,0,13,,840,17,857,1139
3,4,CAMPECHE,17,CALKINI,2,CALKINI,175,3,86,386,21,11,11,18,236,602,2,2,22,,1397,41,1438,1900
3,4,CAMPECHE,17,CALKINI,2,CALKINI,176,3,64,402,15,7,10,10,229,576,0,6,22,,1341,66,1407,1915
3,4,CAMPECHE,17,CALKINI,2,CALKINI,177,3,51,304,10,11,14,16,246,553,0,4,20,,1229,34,1263,1674
3,4,CAMPECHE,19,HECELCHAKAN,2,CALKINI,178,1,29,89,3,6,3,4,26,70,0,2,4,,236,16,252,298
3,4,CAMPECHE,19,HECELCHAKAN,2,CALKINI,179,2,90,469,19,56,8,7,92,181,0,44,9,,975,70,1045,1272
3,4,CAMPECHE,17,CALKINI,2,CALKINI,180,3,80,684,14,19,17,15,50,571,0,5,12,,1467,74,1541,1845
3,4,CAMPECHE,19,HECELCHAKAN,2,CALKINI,181,2,6,297,2,1,0,1,3,28,0,5,237,,580,8,588,423
3,4,CAMPECHE,19,HECELCHAKAN,2,CALKINI,182,1,2,79,2,17,0,2,10,23,1,0,0,,136,4,140,157
3,4,CAMPECHE,11,CIUDAD DEL CARMEN,3,CARMEN,183,6,723,604,53,26,11,17,32,206,24,24,21,,1741,43,1784,4106
3,4,CAMPECHE,11,CIUDAD DEL CARMEN,3,CARMEN,184,6,856,609,46,25,11,27,23,245,40,36,111,,2029,44,2073,4343
3,4,CAMPECHE,10,CIUDAD DEL CARMEN,3,CARMEN,185,4,652,315,35,11,23,11,10,124,13,12,22,,1228,33,1261,2754
3,4,CAMPECHE,10,CIUDAD DEL CARMEN,3,CARMEN,186,2,315,108,15,6,12,5,15,92,5,10,1,,584,15,599,1392
3,4,CAMPECHE,9,CIUDAD DEL CARMEN,3,CARMEN,187,3,306,177,29,10,3,8,16,106,5,6,4,,670,17,687,1584
3,4,CAMPECHE,9,CIUDAD DEL CARMEN,3,CARMEN,188,3,451,292,18,9,7,6,7,143,11,11,11,,966,18,984,1944
3,4,CAMPECHE,9,CIUDAD DEL CARMEN,3,CARMEN,189,2,326,150,36,2,3,8,15,105,10,11,13,,679,16,695,1477
3,4,CAMPECHE,9,CIUDAD DEL CARMEN,3,CARMEN,190,2,310,134,22,8,7,3,8,116,5,3,2,,618,17,635,1420
3,4,CAMPECHE,10,CIUDAD DEL CARMEN,3,CARMEN,191,3,510,223,22,7,13,7,11,115,7,8,4,,927,26,953,2088
3,4,CAMPECHE,10,CIUDAD DEL CARMEN,3,CARMEN,192,3,333,196,10,6,7,2,6,69,2,9,82,,722,7,729,1557
3,4,CAMPECHE,10,CIUDAD DEL CARMEN,3,CARMEN,193,1,127,112,12,6,2,3,8,39,1,4,0,,314,7,321,592
3,4,CAMPECHE,9,CIUDAD DEL CARMEN,3,CARMEN,194,2,264,160,10,160,2,6,10,88,6,4,160,,870,6,876,1338
3,4,CAMPECHE,9,CIUDAD DEL CARMEN,3,CARMEN,195,2,250,148,30,10,6,4,7,76,3,6,10,,550,16,566,1292
3,4,CAMPECHE,9,CIUDAD DEL CARMEN,3,CARMEN,196,2,253,167,33,4,4,10,22,78,3,8,7,,589,20,609,1371
3,4,CAMPECHE,9,CIUDAD DEL CARMEN,3,CARMEN,197,2,259,179,19,7,2,5,6,101,9,10,7,,604,12,616,1439
3,4,CAMPECHE,9,CIUDAD DEL CARMEN,3,CARMEN,199,3,294,247,41,6,2,8,12,128,5,12,9,,764,27,791,1620
3,4,CAMPECHE,9,CIUDAD DEL CARMEN,3,CARMEN,200,2,255,156,15,10,5,6,10,70,3,9,7,,546,11,557,1079
3,4,CAMPECHE,9,CIUDAD DEL CARMEN,3,CARMEN,201,2,176,112,22,6,9,6,12,53,4,5,9,,414,15,429,874
3,4,CAMPECHE,9,CIUDAD DEL CARMEN,3,CARMEN,202,3,407,251,22,7,4,7,16,89,5,16,8,,832,62,894,1691
3,4,CAMPECHE,9,CIUDAD DEL CARMEN,3,CARMEN,203,2,361,199,22,2,10,5,11,61,11,5,0,,687,25,712,1489
3,4,CAMPECHE,10,CIUDAD DEL CARMEN,3,CARMEN,204,1,242,81,6,5,3,0,6,40,4,3,86,,476,12,488,742
3,4,CAMPECHE,10,CIUDAD DEL CARMEN,3,CARMEN,205,7,1121,505,52,16,55,16,78,249,21,34,17,,2164,55,2219,4663
3,4,CAMPECHE,10,CIUDAD DEL CARMEN,3,CARMEN,206,4,738,369,33,6,12,20,25,173,20,26,5,,1427,29,1456,2844
3,4,CAMPECHE,9,CIUDAD DEL CARMEN,3,CARMEN,207,3,379,186,22,8,3,10,14,104,3,4,8,,741,24,765,1580
3,4,CAMPECHE,9,CIUDAD DEL CARMEN,3,CARMEN,208,3,401,202,16,6,8,5,21,63,10,17,9,,758,15,773,1536
3,4,CAMPECHE,9,CIUDAD DEL CARMEN,3,CARMEN,209,2,399,244,25,6,7,5,17,82,4,4,1,,794,15,809,1418
3,4,CAMPECHE,9,CIUDAD DEL CARMEN,3,CARMEN,210,3,381,198,23,3,8,13,14,92,6,9,7,,754,16,770,1690
3,4,CAMPECHE,9,CIUDAD DEL CARMEN,3,CARMEN,211,2,356,182,24,8,5,10,12,105,9,17,2,,730,16,746,1490
3,4,CAMPECHE,9,CIUDAD DEL CARMEN,3,CARMEN,212,2,180,118,19,6,4,3,5,57,5,6,7,,410,13,423,766
3,4,CAMPECHE,9,CIUDAD DEL CARMEN,3,CARMEN,213,2,247,118,11,1,3,4,8,55,5,8,3,,463,8,471,910
3,4,CAMPECHE,9,CIUDAD DEL CARMEN,3,CARMEN,214,2,279,238,34,0,2,2,4,70,6,15,0,,650,10,660,1231
3,4,CAMPECHE,9,CIUDAD DEL CARMEN,3,CARMEN,215,1,112,55,7,0,0,2,2,27,4,3,0,,212,2,214,414
3,4,CAMPECHE,8,CIUDAD DEL CARMEN,3,CARMEN,216,3,290,178,18,3,6,4,16,90,7,7,2,,621,5,626,931
3,4,CAMPECHE,8,CIUDAD DEL CARMEN,3,CARMEN,217,2,333,156,24,2,8,5,10,73,6,15,3,,635,15,650,1256
3,4,CAMPECHE,8,CIUDAD DEL CARMEN,3,CARMEN,218,2,299,116,46,0,4,4,9,79,8,19,14,,598,20,618,1345
3,4,CAMPECHE,10,CIUDAD DEL CARMEN,3,CARMEN,219,1,171,42,3,1,0,1,2,35,4,7,1,,267,6,273,482
3,4,CAMPECHE,10,CIUDAD DEL CARMEN,3,CARMEN,220,1,171,120,5,0,3,4,2,41,5,9,0,,360,8,368,654
3,4,CAMPECHE,8,CIUDAD DEL CARMEN,3,CARMEN,221,1,185,117,8,1,6,6,6,35,7,10,3,,384,10,394,735
3,4,CAMPECHE,8,CIUDAD DEL CARMEN,3,CARMEN,222,1,123,81,12,2,3,4,2,40,4,3,0,,274,5,279,563
3,4,CAMPECHE,8,CIUDAD DEL CARMEN,3,CARMEN,223,2,190,134,10,7,7,4,3,44,10,3,4,,416,14,430,835
3,4,CAMPECHE,8,CIUDAD DEL CARMEN,3,CARMEN,224,2,303,188,33,11,8,1,12,70,14,14,7,,661,13,674,1288
3,4,CAMPECHE,8,CIUDAD DEL CARMEN,3,CARMEN,225,2,310,55,18,0,8,7,7,80,6,3,120,,614,14,628,1250
3,4,CAMPECHE,8,CIUDAD DEL CARMEN,3,CARMEN,226,2,230,140,24,7,10,4,4,76,11,7,8,,521,15,536,1188
3,4,CAMPECHE,8,CIUDAD DEL CARMEN,3,CARMEN,227,2,341,202,23,6,5,11,5,57,9,8,8,,675,17,692,1413
3,4,CAMPECHE,8,CIUDAD DEL CARMEN,3,CARMEN,228,2,212,117,16,6,3,7,9,58,2,10,8,,448,8,456,998
3,4,CAMPECHE,11,CIUDAD DEL CARMEN,3,CARMEN,230,9,1186,904,74,28,26,58,45,308,36,31,32,,2728,73,2801,6286
3,4,CAMPECHE,11,CIUDAD DEL CARMEN,3,CARMEN,231,3,433,231,29,8,11,8,17,105,13,9,17,,881,28,909,2056
3,4,CAMPECHE,10,CIUDAD DEL CARMEN,3,CARMEN,232,3,410,219,19,7,4,9,14,93,4,15,13,,807,26,833,1924
3,4,CAMPECHE,10,CIUDAD DEL CARMEN,3,CARMEN,233,3,426,258,25,10,8,9,14,107,8,10,5,,880,29,909,2004
3,4,CAMPECHE,10,CIUDAD DEL CARMEN,3,CARMEN,234,3,396,196,21,10,8,15,12,150,8,9,7,,832,18,850,1894
3,4,CAMPECHE,8,CIUDAD DEL CARMEN,3,CARMEN,235,2,332,127,19,4,9,6,13,56,9,6,5,,586,16,602,1309
3,4,CAMPECHE,8,CIUDAD DEL CARMEN,3,CARMEN,236,2,331,177,25,3,11,5,14,62,4,3,14,,649,37,686,1490
3,4,CAMPECHE,8,CIUDAD DEL CARMEN,3,CARMEN,237,2,313,204,19,4,11,1,7,43,2,3,3,,610,10,620,1156
3,4,CAMPECHE,8,CIUDAD DEL CARMEN,3,CARMEN,239,2,236,121,31,5,9,3,6,62,9,10,8,,500,10,510,954
3,4,CAMPECHE,8,CIUDAD DEL CARMEN,3,CARMEN,240,4,312,201,70,7,10,5,12,65,11,8,12,,713,23,736,1560
3,4,CAMPECHE,8,CIUDAD DEL CARMEN,3,CARMEN,241,4,324,159,30,10,7,11,10,62,7,13,11,,644,21,665,1522
3,4,CAMPECHE,8,CIUDAD DEL CARMEN,3,CARMEN,242,3,333,156,23,12,6,5,5,74,8,8,10,,640,18,658,1516
3,4,CAMPECHE,10,CIUDAD DEL CARMEN,3,CARMEN,243,4,493,273,35,7,10,9,7,101,6,9,19,,969,28,997,2260
3,4,CAMPECHE,11,CIUDAD DEL CARMEN,3,CARMEN,244,11,1232,854,115,44,34,29,52,325,43,30,56,,2814,61,2875,7615
3,4,CAMPECHE,8,CIUDAD DEL CARMEN,3,CARMEN,245,3,337,132,43,19,4,4,7,103,13,7,13,,682,15,697,1672
3,4,CAMPECHE,8,CIUDAD DEL CARMEN,3,CARMEN,246,2,290,132,28,7,11,9,10,86,6,7,7,,593,21,614,1448
3,4,CAMPECHE,8,CIUDAD DEL CARMEN,3,CARMEN,247,2,292,144,98,5,3,4,5,57,4,2,8,,622,12,634,1356
3,4,CAMPECHE,8,CIUDAD DEL CARMEN,3,CARMEN,248,2,234,139,95,2,8,4,7,54,6,4,1,,554,21,575,1306
3,4,CAMPECHE,8,CIUDAD DEL CARMEN,3,CARMEN,249,4,546,294,119,6,15,4,10,101,4,2,8,,1109,36,1145,2649
3,4,CAMPECHE,12,SABANCUY,3,CARMEN,250,3,760,416,6,3,3,7,1,19,0,0,20,,1235,36,1271,1827
3,4,CAMPECHE,12,SABANCUY,3,CARMEN,251,2,365,319,3,1,2,7,2,5,1,4,5,,714,19,733,1026
3,4,CAMPECHE,12,SABANCUY,3,CARMEN,252,2,409,304,3,4,2,5,5,3,2,1,3,,741,16,757,1014
3,4,CAMPECHE,12,SABANCUY,3,CARMEN,253,2,577,424,2,5,3,7,5,9,1,1,11,,1045,26,1071,1492
3,4,CAMPECHE,12,SABANCUY,3,CARMEN,254,1,185,157,3,0,3,0,3,28,0,0,0,,379,20,399,621
3,4,CAMPECHE,12,SABANCUY,3,CARMEN,255,1,167,183,3,2,1,1,1,12,0,0,6,,376,9,385,522
3,4,CAMPECHE,12,SABANCUY,3,CARMEN,256,3,471,476,15,11,4,1,6,50,5,5,20,,1064,29,1093,2127
3,4,CAMPECHE,12,SABANCUY,3,CARMEN,257,4,621,442,23,20,10,5,16,87,6,8,22,,1260,412,1672,2682
3,4,CAMPECHE,12,SABANCUY,3,CARMEN,258,2,414,428,3,5,0,5,7,24,1,0,9,,896,16,912,1408
3,4,CAMPECHE,12,SABANCUY,3,CARMEN,259,2,384,332,11,4,3,6,14,29,11,1,9,,804,26,830,1326
3,4,CAMPECHE,12,SABANCUY,3,CARMEN,260,1,214,163,10,0,3,1,0,20,1,0,0,,412,21,433,698
3,4,CAMPECHE,20,PALIZADA,3,CARMEN,261,2,370,327,6,4,1,0,1,9,2,0,16,,736,22,758,1132
3,4,CAMPECHE,20,PALIZADA,3,CARMEN,262,3,512,386,12,0,6,2,1,16,1,0,0,,936,24,960,1465
3,4,CAMPECHE,20,PALIZADA,3,CARMEN,263,2,221,304,11,11,6,1,0,44,4,1,65,,668,51,719,962
3,4,CAMPECHE,20,PALIZADA,3,CARMEN,264,2,154,149,3,18,1,1,0,18,2,0,17,,363,26,389,504
3,4,CAMPECHE,20,PALIZADA,3,CARMEN,265,3,539,525,17,39,3,3,12,90,7,5,49,,1289,38,1327,2042
3,4,CAMPECHE,20,PALIZADA,3,CARMEN,266,3,393,412,28,25,4,2,12,125,2,5,61,,1069,61,1130,1702
3,4,CAMPECHE,20,PALIZADA,3,CARMEN,267,5,748,792,44,22,16,6,36,269,9,4,49,,1995,88,2083,3043
3,4,CAMPECHE,20,PALIZADA,3,CARMEN,268,3,578,383,23,22,2,3,18,218,1,0,29,,1277,53,1330,1844
3,4,CAMPECHE,20,PALIZADA,3,CARMEN,269,1,202,126,9,1,4,2,5,30,1,1,14,,395,17,412,648
3,4,CAMPECHE,20,PALIZADA,3,CARMEN,270,1,58,85,0,2,0,1,0,24,0,0,2,,172,6,178,239
3,4,CAMPECHE,20,PALIZADA,3,CARMEN,271,2,86,184,6,25,1,1,3,14,1,0,0,,321,20,341,785
3,4,CAMPECHE,20,PALIZADA,3,CARMEN,272,1,20,39,1,0,0,0,0,1,0,0,0,,61,0,61,129
3,4,CAMPECHE,14,CANDELARIA,10,CANDELARIA,273,5,1211,628,14,3,7,24,5,11,5,1,28,,1937,66,2003,3035
3,4,CAMPECHE,14,CANDELARIA,10,CANDELARIA,274,2,465,228,3,2,0,0,1,15,1,1,8,,724,9,733,1017
3,4,CAMPECHE,14,CANDELARIA,10,CANDELARIA,275,1,263,150,0,1,0,1,1,2,0,2,1,,421,4,425,567
3,4,CAMPECHE,14,CANDELARIA,10,CANDELARIA,276,1,173,68,3,0,0,0,1,0,1,0,0,,246,3,249,359
3,4,CAMPECHE,14,CANDELARIA,10,CANDELARIA,277,3,666,379,0,2,1,4,1,1,1,0,12,,1067,18,1085,1511
3,4,CAMPECHE,14,CANDELARIA,10,CANDELARIA,278,5,1230,619,11,3,9,11,8,18,3,4,18,,1934,49,1983,3055
3,4,CAMPECHE,14,CANDELARIA,10,CANDELARIA,279,3,803,342,2,4,4,3,15,27,0,1,13,,1214,19,1233,1884
3,4,CAMPECHE,14,CANDELARIA,10,CANDELARIA,280,2,552,267,3,2,3,0,9,8,0,1,20,,865,16,881,1380
3,4,CAMPECHE,14,CANDELARIA,10,CANDELARIA,281,2,525,235,3,0,4,1,4,5,1,2,27,,807,10,817,1216
3,4,CAMPECHE,14,CANDELARIA,10,CANDELARIA,282,2,421,201,17,0,1,3,1,8,0,1,4,,657,17,674,994
3,4,CAMPECHE,14,CANDELARIA,10,CANDELARIA,283,3,670,399,0,0,3,9,5,8,0,1,12,,1107,16,1123,1701
3,4,CAMPECHE,20,PALIZADA,3,CARMEN,284,1,29,78,6,6,1,1,0,7,0,2,2,,132,9,141,282
3,4,CAMPECHE,14,CANDELARIA,10,CANDELARIA,285,2,344,188,2,1,0,0,2,0,1,0,4,,542,14,556,765
3,4,CAMPECHE,14,CANDELARIA,10,CANDELARIA,286,1,99,72,1,1,1,1,0,0,0,0,0,,175,3,178,314
3,4,CAMPECHE,14,CANDELARIA,10,CANDELARIA,287,1,125,69,0,0,0,10,0,2,0,1,0,,207,7,214,318
3,4,CAMPECHE,14,CANDELARIA,10,CANDELARIA,288,1,174,54,3,0,1,4,0,7,0,0,0,,243,3,246,448
3,4,CAMPECHE,14,CANDELARIA,10,CANDELARIA,289,2,249,199,0,1,0,2,1,0,0,0,13,,465,7,472,721
3,4,CAMPECHE,14,CANDELARIA,10,CANDELARIA,290,1,30,37,0,1,1,1,0,0,0,0,0,,70,0,70,116
3,4,CAMPECHE,14,CANDELARIA,10,CANDELARIA,291,2,480,173,8,1,2,3,4,3,1,0,0,,675,15,690,1116
3,4,CAMPECHE,14,CANDELARIA,10,CANDELARIA,292,1,242,146,2,0,0,1,0,6,0,0,3,,400,9,409,577
3,4,CAMPECHE,14,CANDELARIA,10,CANDELARIA,293,2,463,184,3,1,3,3,3,8,0,0,0,,668,15,683,955
3,4,CAMPECHE,14,CANDELARIA,10,CANDELARIA,294,1,68,38,0,0,0,0,0,3,0,0,0,,109,2,111,176
3,4,CAMPECHE,14,CANDELARIA,10,CANDELARIA,295,2,471,176,8,3,7,6,1,12,4,0,14,,702,20,722,1174
3,4,CAMPECHE,14,CANDELARIA,10,CANDELARIA,296,1,305,131,0,2,3,3,0,3,1,0,0,,448,4,452,664
3,4,CAMPECHE,14,CANDELARIA,10,CANDELARIA,297,1,300,169,1,4,5,7,1,1,0,0,5,,493,15,508,705
3,4,CAMPECHE,14,CANDELARIA,10,CANDELARIA,298,2,352,229,1,5,4,1,2,5,0,2,0,,601,9,610,913
3,4,CAMPECHE,14,CANDELARIA,10,CANDELARIA,299,2,446,218,3,0,2,1,1,25,0,1,8,,705,25,730,1039
3,4,CAMPECHE,14,CANDELARIA,10,CANDELARIA,300,1,157,94,1,1,8,6,2,14,0,2,1,,286,10,296,400
3,4,CAMPECHE,14,CANDELARIA,10,CANDELARIA,301,2,475,210,1,0,4,21,2,7,2,1,1,,724,28,752,1072
3,4,CAMPECHE,14,CANDELARIA,10,CANDELARIA,302,1,107,62,8,0,0,6,3,9,0,0,4,,199,5,204,286
3,4,CAMPECHE,15,CHAMPOTON,4,CHAMPOTON,303,2,133,213,27,5,5,66,2,43,2,0,8,,504,21,525,800
3,4,CAMPECHE,15,CHAMPOTON,4,CHAMPOTON,304,2,91,233,25,6,14,10,31,103,0,4,7,,524,18,542,818
3,4,CAMPECHE,15,CHAMPOTON,4,CHAMPOTON,305,2,138,268,39,14,14,21,12,122,3,9,15,,655,26,681,1127
3,4,CAMPECHE,15,CHAMPOTON,4,CHAMPOTON,306,2,191,398,62,17,11,24,27,105,2,9,12,,858,33,891,1405
3,4,CAMPECHE,15,CHAMPOTON,4,CHAMPOTON,307,2,101,244,55,9,11,18,40,100,4,10,16,,608,19,627,893
3,4,CAMPECHE,15,CHAMPOTON,4,CHAMPOTON,308,2,73,218,28,3,6,6,16,40,2,2,5,,399,7,406,424
3,4,CAMPECHE,15,CHAMPOTON,4,CHAMPOTON,309,1,69,215,11,2,11,9,24,64,0,3,9,,417,11,428,613
3,4,CAMPECHE,15,CHAMPOTON,4,CHAMPOTON,310,2,86,337,25,3,7,23,13,81,2,3,12,,592,9,601,843
3,4,CAMPECHE,15,CHAMPOTON,4,CHAMPOTON,311,1,74,223,27,3,16,8,21,80,1,1,6,,460,10,470,701
3,4,CAMPECHE,15,CHAMPOTON,4,CHAMPOTON,312,3,296,406,98,17,15,29,26,130,7,6,21,,1051,40,1091,1792
3,4,CAMPECHE,15,CHAMPOTON,4,CHAMPOTON,313,2,142,250,62,6,20,29,26,117,9,4,13,,678,28,706,1274
3,4,CAMPECHE,15,CHAMPOTON,4,CHAMPOTON,314,2,128,303,72,0,14,8,12,89,1,10,19,,656,19,675,1086
3,4,CAMPECHE,15,CHAMPOTON,4,CHAMPOTON,315,2,148,321,57,6,14,23,24,134,4,10,13,,754,24,778,1259
3,4,CAMPECHE,15,CHAMPOTON,4,CHAMPOTON,316,2,144,392,72,12,17,49,17,100,5,7,21,,836,39,875,1454
3,4,CAMPECHE,15,CHAMPOTON,4,CHAMPOTON,317,3,274,448,85,18,23,53,20,143,9,3,23,,1099,57,1156,1992
3,4,CAMPECHE,15,CHAMPOTON,4,CHAMPOTON,318,2,170,386,87,11,14,26,18,162,4,5,8,,891,34,925,1464
3,4,CAMPECHE,15,CHAMPOTON,4,CHAMPOTON,319,7,630,1001,216,23,71,113,46,338,17,14,33,,2502,101,2603,4500
3,4,CAMPECHE,16,SEYBAPLAYA,4,CHAMPOTON,320,3,156,364,234,4,40,26,34,156,7,38,11,,1070,37,1107,1599
3,4,CAMPECHE,16,SEYBAPLAYA,4,CHAMPOTON,321,2,58,219,53,2,29,18,26,134,3,6,2,,550,23,573,784
3,4,CAMPECHE,16,SEYBAPLAYA,4,CHAMPOTON,322,2,66,275,69,6,20,20,36,152,5,25,12,,686,30,716,1073
3,4,CAMPECHE,16,SEYBAPLAYA,4,CHAMPOTON,323,2,70,294,53,8,13,20,48,142,6,16,10,,680,31,711,1015
3,4,CAMPECHE,16,SEYBAPLAYA,4,CHAMPOTON,324,2,60,247,83,8,18,21,33,183,6,38,10,,707,33,740,1096
3,4,CAMPECHE,16,SEYBAPLAYA,4,CHAMPOTON,325,2,75,344,114,9,26,14,33,160,5,49,20,,849,49,898,1316
3,4,CAMPECHE,16,SEYBAPLAYA,4,CHAMPOTON,326,1,64,249,106,5,7,7,13,39,1,6,0,,497,24,521,729
3,4,CAMPECHE,16,SEYBAPLAYA,4,CHAMPOTON,327,3,214,557,47,19,6,54,81,190,3,4,26,,1201,38,1239,1576
3,4,CAMPECHE,16,SEYBAPLAYA,4,CHAMPOTON,328,2,155,372,48,8,6,27,67,193,2,7,18,,903,37,940,1290
3,4,CAMPECHE,16,SEYBAPLAYA,4,CHAMPOTON,329,2,64,358,46,11,2,9,17,17,0,0,23,,547,28,575,796
3,4,CAMPECHE,16,SEYBAPLAYA,4,CHAMPOTON,330,2,41,451,37,24,2,28,17,151,6,2,29,,788,22,810,1063
3,4,CAMPECHE,16,SEYBAPLAYA,4,CHAMPOTON,331,6,786,1040,150,25,18,33,27,234,7,11,67,,2398,71,2469,3797
3,4,CAMPECHE,16,SEYBAPLAYA,4,CHAMPOTON,332,1,32,138,17,4,3,11,18,61,5,4,6,,299,11,310,505
3,4,CAMPECHE,16,SEYBAPLAYA,4,CHAMPOTON,333,2,143,227,84,16,11,48,16,73,10,4,14,,646,32,678,1076
3,4,CAMPECHE,16,SEYBAPLAYA,4,CHAMPOTON,334,4,109,294,15,17,6,41,27,120,6,1,15,,651,23,674,971
3,4,CAMPECHE,16,SEYBAPLAYA,4,CHAMPOTON,335,1,151,108,28,8,4,73,5,36,2,0,2,,417,12,429,719
3,4,CAMPECHE,16,SEYBAPLAYA,4,CHAMPOTON,336,2,98,185,104,6,3,15,11,29,4,4,10,,469,41,510,879
3,4,CAMPECHE,16,SEYBAPLAYA,4,CHAMPOTON,337,2,43,261,34,5,2,3,3,106,3,1,6,,467,26,493,764
3,4,CAMPECHE,15,CHAMPOTON,4,CHAMPOTON,338,1,13,80,11,2,2,9,2,29,0,2,3,,153,5,158,222
3,4,CAMPECHE,16,SEYBAPLAYA,4,CHAMPOTON,339,1,160,129,15,0,3,0,5,11,1,2,0,,326,14,340,528
3,4,CAMPECHE,16,SEYBAPLAYA,4,CHAMPOTON,340,3,237,381,107,9,33,36,14,295,5,4,23,,1144,73,1217,2126
3,4,CAMPECHE,15,CHAMPOTON,4,CHAMPOTON,341,2,125,368,16,9,7,9,21,279,8,2,16,,860,32,892,1178
3,4,CAMPECHE,16,SEYBAPLAYA,4,CHAMPOTON,342,2,271,336,55,4,5,2,11,53,1,0,29,,767,36,803,1098
3,4,CAMPECHE,16,SEYBAPLAYA,4,CHAMPOTON,343,2,213,344,27,0,11,3,9,39,0,1,0,,647,17,664,940
3,4,CAMPECHE,15,CHAMPOTON,4,CHAMPOTON,344,1,108,220,29,3,6,11,6,56,0,0,10,,449,20,469,700
3,4,CAMPECHE,15,CHAMPOTON,4,CHAMPOTON,345,2,36,234,37,16,12,5,9,118,9,0,19,,495,26,521,840
3,4,CAMPECHE,15,CHAMPOTON,4,CHAMPOTON,346,2,77,309,31,11,3,3,7,115,9,1,22,,588,16,604,994
3,4,CAMPECHE,16,SEYBAPLAYA,4,CHAMPOTON,347,2,179,385,163,6,4,6,14,94,3,1,6,,861,44,905,1409
3,4,CAMPECHE,16,SEYBAPLAYA,4,CHAMPOTON,348,1,97,201,41,8,5,9,8,23,1,2,14,,409,30,439,690
3,4,CAMPECHE,15,CHAMPOTON,4,CHAMPOTON,349,2,172,342,84,12,15,3,0,38,8,1,20,,695,18,713,1062
3,4,CAMPECHE,15,CHAMPOTON,4,CHAMPOTON,350,2,404,395,24,12,4,2,8,14,1,1,32,,897,32,929,1293
3,4,CAMPECHE,15,CHAMPOTON,4,CHAMPOTON,351,1,177,142,15,3,2,4,2,5,0,1,1,,352,4,356,428
3,4,CAMPECHE,16,SEYBAPLAYA,4,CHAMPOTON,352,1,176,110,56,2,0,6,2,5,0,2,3,,362,9,371,582
3,4,CAMPECHE,16,SEYBAPLAYA,4,CHAMPOTON,353,1,119,82,17,2,5,3,3,12,0,0,3,,246,8,254,358
3,4,CAMPECHE,16,SEYBAPLAYA,4,CHAMPOTON,354,1,227,106,67,1,7,5,4,21,2,0,5,,445,17,462,663
3,4,CAMPECHE,16,SEYBAPLAYA,4,CHAMPOTON,355,1,51,97,9,9,3,2,2,10,1,1,5,,190,9,199,262
3,4,CAMPECHE,21,XPUJIL,9,ESCARCEGA,356,3,301,548,277,3,8,4,4,12,0,1,7,,1165,42,1207,1739
3,4,CAMPECHE,21,XPUJIL,9,ESCARCEGA,357,1,62,268,54,4,0,5,0,3,0,0,16,,412,16,428,611
3,4,CAMPECHE,21,XPUJIL,9,ESCARCEGA,358,1,59,107,42,3,1,3,0,9,0,1,2,,227,3,230,320
3,4,CAMPECHE,21,XPUJIL,11,CALAKMUL,359,2,281,325,16,3,1,3,24,7,0,1,18,,679,13,692,852
3,4,CAMPECHE,21,XPUJIL,11,CALAKMUL,360,2,415,305,27,2,1,3,26,14,0,1,12,,806,17,823,1172
3,4,CAMPECHE,21,XPUJIL,9,ESCARCEGA,361,2,186,409,99,8,2,4,9,3,2,1,38,,761,40,801,1365
3,4,CAMPECHE,21,XPUJIL,11,CALAKMUL,362,2,190,274,7,5,6,2,11,25,0,9,21,,550,20,570,826
3,4,CAMPECHE,19,HECELCHAKAN,5,HECELCHAKAN,363,3,581,303,33,28,0,2,57,42,1,341,45,,1433,40,1473,1835
3,4,CAMPECHE,19,HECELCHAKAN,5,HECELCHAKAN,364,3,395,357,23,19,2,3,60,42,5,502,29,,1437,43,1480,1891
3,4,CAMPECHE,19,HECELCHAKAN,5,HECELCHAKAN,365,2,140,231,25,14,2,2,27,34,2,167,14,,658,19,677,857
3,4,CAMPECHE,19,HECELCHAKAN,5,HECELCHAKAN,366,2,303,181,23,14,0,5,41,28,2,190,20,,807,34,841,1095
3,4,CAMPECHE,19,HECELCHAKAN,5,HECELCHAKAN,367,2,304,210,25,4,3,2,86,33,4,197,15,,883,24,907,1144
3,4,CAMPECHE,19,HECELCHAKAN,5,HECELCHAKAN,368,2,315,195,62,3,2,5,52,22,1,172,18,,847,26,873,1083
3,4,CAMPECHE,19,HECELCHAKAN,5,HECELCHAKAN,369,1,246,149,1,0,0,0,8,0,0,133,29,,566,6,572,625
3,4,CAMPECHE,19,HECELCHAKAN,5,HECELCHAKAN,370,2,407,118,6,7,0,1,5,16,6,498,6,,1070,28,1098,1249
3,4,CAMPECHE,19,HECELCHAKAN,5,HECELCHAKAN,371,2,359,132,4,3,1,1,13,1,5,212,14,,745,17,762,822
3,4,CAMPECHE,19,HECELCHAKAN,5,HECELCHAKAN,372,2,551,126,7,12,1,3,10,9,10,430,23,,1182,25,1207,1355
3,4,CAMPECHE,19,HECELCHAKAN,5,HECELCHAKAN,373,2,306,173,1,4,1,0,20,3,1,254,14,,777,22,799,882
3,4,CAMPECHE,19,HECELCHAKAN,5,HECELCHAKAN,374,1,119,68,1,2,0,1,2,2,1,67,5,,268,13,281,307
3,4,CAMPECHE,19,HECELCHAKAN,5,HECELCHAKAN,375,2,631,210,3,16,0,4,2,34,2,253,11,,1166,22,1188,1417
3,4,CAMPECHE,19,HECELCHAKAN,5,HECELCHAKAN,376,2,485,245,7,17,1,2,9,45,5,269,9,,1094,20,1114,1366
3,4,CAMPECHE,19,HECELCHAKAN,5,HECELCHAKAN,377,2,416,198,6,12,2,2,5,34,1,169,10,,855,23,878,1072
3,4,CAMPECHE,19,HECELCHAKAN,5,HECELCHAKAN,378,2,582,215,3,6,2,9,6,45,0,136,9,,1013,31,1044,1299
3,4,CAMPECHE,19,HECELCHAKAN,5,HECELCHAKAN,379,2,480,184,3,4,1,4,9,3,1,195,18,,902,24,926,1124
3,4,CAMPECHE,19,HECELCHAKAN,5,HECELCHAKAN,380,2,237,108,0,0,0,0,0,2,1,161,10,,519,6,525,1235
3,4,CAMPECHE,18,HOPELCHEN,6,HOPELCHEN,381,3,432,483,1,4,22,25,68,33,18,1,19,,1106,32,1138,1635
3,4,CAMPECHE,18,HOPELCHEN,6,HOPELCHEN,382,4,511,651,5,3,25,16,56,39,17,1,36,,1360,45,1405,2764
3,4,CAMPECHE,18,HOPELCHEN,6,HOPELCHEN,383,2,223,377,2,4,16,6,32,23,3,2,23,,711,13,724,953
3,4,CAMPECHE,18,HOPELCHEN,6,HOPELCHEN,384,2,206,352,0,4,20,7,32,18,11,1,25,,676,24,700,923
3,4,CAMPECHE,18,HOPELCHEN,6,HOPELCHEN,385,1,128,157,4,1,1,0,2,3,0,0,0,,296,1,297,313
3,4,CAMPECHE,18,HOPELCHEN,6,HOPELCHEN,386,1,119,113,0,0,1,0,0,0,0,0,1,,234,5,239,364
3,4,CAMPECHE,18,HOPELCHEN,6,HOPELCHEN,387,1,140,80,1,1,2,0,1,1,0,0,0,,226,2,228,239
3,4,CAMPECHE,18,HOPELCHEN,6,HOPELCHEN,388,3,673,599,38,5,7,10,35,167,13,2,29,,1578,41,1619,2186
3,4,CAMPECHE,18,HOPELCHEN,6,HOPELCHEN,389,2,330,307,2,0,3,3,2,45,2,3,0,,697,23,720,1033
3,4,CAMPECHE,18,HOPELCHEN,6,HOPELCHEN,390,1,140,81,0,0,3,1,1,1,1,0,7,,235,1,236,268
3,4,CAMPECHE,18,HOPELCHEN,6,HOPELCHEN,391,1,89,121,2,2,4,2,7,5,1,0,10,,243,3,246,349
3,4,CAMPECHE,18,HOPELCHEN,6,HOPELCHEN,392,1,59,88,0,0,0,0,0,1,0,0,3,,151,2,153,163
3,4,CAMPECHE,18,HOPELCHEN,6,HOPELCHEN,393,1,58,51,0,0,1,0,4,1,0,0,2,,117,1,118,138
3,4,CAMPECHE,18,HOPELCHEN,6,HOPELCHEN,394,1,271,299,1,1,2,1,9,34,1,0,2,,621,12,633,721
3,4,CAMPECHE,18,HOPELCHEN,6,HOPELCHEN,395,2,243,308,14,0,14,39,3,6,10,1,5,,643,15,658,780
3,4,CAMPECHE,18,HOPELCHEN,6,HOPELCHEN,396,1,165,220,1,0,2,3,0,0,1,0,0,,392,4,396,480
3,4,CAMPECHE,18,HOPELCHEN,6,HOPELCHEN,397,1,282,188,2,3,2,1,6,3,1,0,9,,497,10,507,616
3,4,CAMPECHE,18,HOPELCHEN,6,HOPELCHEN,398,1,285,246,6,12,2,0,2,7,4,1,4,,569,16,585,718
3,4,CAMPECHE,18,HOPELCHEN,6,HOPELCHEN,399,1,122,200,1,0,6,10,3,6,1,2,0,,351,12,363,463
3,4,CAMPECHE,18,HOPELCHEN,6,HOPELCHEN,400,2,489,475,1,0,3,0,7,8,2,0,14,,999,15,1014,1136
3,4,CAMPECHE,18,HOPELCHEN,6,HOPELCHEN,401,2,438,504,4,6,0,1,2,9,0,2,242,,1208,13,1221,1098
3,4,CAMPECHE,18,HOPELCHEN,6,HOPELCHEN,402,1,49,94,0,0,1,2,0,0,1,0,0,,147,7,154,688
3,4,CAMPECHE,18,HOPELCHEN,6,HOPELCHEN,403,2,301,314,1,1,45,15,55,7,2,1,8,,750,15,765,1227
3,4,CAMPECHE,18,HOPELCHEN,6,HOPELCHEN,404,2,234,245,3,3,17,5,24,10,0,0,11,,552,18,570,770
3,4,CAMPECHE,18,HOPELCHEN,6,HOPELCHEN,405,1,38,0,0,0,0,0,0,0,0,0,0,,38,0,38,607
3,4,CAMPECHE,18,HOPELCHEN,6,HOPELCHEN,406,1,144,118,8,0,7,0,11,3,0,1,0,,292,9,301,459
3,4,CAMPECHE,18,HOPELCHEN,6,HOPELCHEN,407,2,355,233,0,1,11,1,9,2,2,2,2,,618,11,629,779
3,4,CAMPECHE,18,HOPELCHEN,6,HOPELCHEN,408,1,123,221,1,0,3,1,2,3,0,0,0,,354,3,357,405
3,4,CAMPECHE,18,HOPELCHEN,6,HOPELCHEN,409,1,308,270,2,1,5,0,13,5,1,0,13,,618,10,628,724
3,4,CAMPECHE,18,HOPELCHEN,6,HOPELCHEN,410,2,644,504,4,2,4,3,35,6,7,0,5,,1214,15,1229,1328
3,4,CAMPECHE,18,HOPELCHEN,6,HOPELCHEN,411,1,91,67,1,0,0,2,2,0,0,0,0,,163,4,167,170
3,4,CAMPECHE,18,HOPELCHEN,6,HOPELCHEN,412,1,135,130,2,0,2,0,2,4,0,1,3,,279,3,282,302
3,4,CAMPECHE,21,XPUJIL,11,CALAKMUL,413,1,32,58,0,0,1,0,0,2,0,4,4,,101,6,107,120
3,4,CAMPECHE,18,HOPELCHEN,6,HOPELCHEN,413,1,124,95,0,0,1,0,0,1,0,0,0,,221,5,226,255
3,4,CAMPECHE,21,XPUJIL,6,HOPELCHEN,413,1,131,109,1,0,0,5,0,1,3,1,0,,251,0,251,267
3,4,CAMPECHE,21,XPUJIL,11,CALAKMUL,414,1,67,76,12,0,0,0,8,3,0,1,4,,171,10,181,232
3,4,CAMPECHE,21,XPUJIL,11,CALAKMUL,415,3,533,484,23,11,6,4,31,29,4,9,35,,1169,33,1202,1560
3,4,CAMPECHE,21,XPUJIL,11,CALAKMUL,416,1,45,44,7,0,4,2,5,1,0,10,17,,135,6,141,185
3,4,CAMPECHE,21,XPUJIL,11,CALAKMUL,417,7,1162,887,18,22,30,22,83,49,2,14,108,,2397,45,2442,3464
3,4,CAMPECHE,21,XPUJIL,11,CALAKMUL,418,1,40,37,4,0,0,1,0,0,0,0,2,,84,0,84,116
3,4,CAMPECHE,21,XPUJIL,11,CALAKMUL,419,1,75,112,2,1,2,10,3,5,0,0,7,,217,4,221,357
3,4,CAMPECHE,21,XPUJIL,11,CALAKMUL,420,1,65,57,73,0,0,2,5,3,0,0,13,,218,12,230,295
3,4,CAMPECHE,21,XPUJIL,11,CALAKMUL,421,3,630,388,18,6,10,8,5,20,0,0,52,,1137,31,1168,1648
3,4,CAMPECHE,21,XPUJIL,11,CALAKMUL,422,2,294,191,2,3,5,4,1,2,0,0,21,,523,9,532,825
3,4,CAMPECHE,21,XPUJIL,11,CALAKMUL,423,1,81,97,2,0,8,1,0,1,0,0,7,,197,3,200,237
3,4,CAMPECHE,21,XPUJIL,11,CALAKMUL,424,1,161,90,6,1,4,2,1,0,0,0,3,,268,5,273,379
3,4,CAMPECHE,21,XPUJIL,11,CALAKMUL,425,2,192,300,33,5,8,12,13,14,3,0,20,,600,32,632,968
3,4,CAMPECHE,21,XPUJIL,11,CALAKMUL,426,3,624,656,22,7,12,4,7,1,0,3,69,,1405,43,1448,1947
3,4,CAMPECHE,21,XPUJIL,11,CALAKMUL,427,3,540,480,18,4,11,4,13,22,0,1,31,,1124,50,1174,1597
3,4,CAMPECHE,20,PALIZADA,7,PALIZADA,428,2,496,455,5,4,0,0,15,1,0,0,51,,1027,18,1045,1314
3,4,CAMPECHE,20,PALIZADA,7,PALIZADA,429,3,773,568,2,7,0,0,5,1,0,0,39,,1395,33,1428,1900
3,4,CAMPECHE,20,PALIZADA,7,PALIZADA,430,1,211,124,1,0,0,0,1,0,0,0,0,,337,4,341,410
3,4,CAMPECHE,20,PALIZADA,7,PALIZADA,431,1,375,187,0,3,0,0,2,0,0,0,10,,577,6,583,703
3,4,CAMPECHE,20,PALIZADA,7,PALIZADA,432,1,204,114,1,4,0,0,3,0,0,0,8,,334,3,337,403
3,4,CAMPECHE,20,PALIZADA,7,PALIZADA,433,1,299,182,0,4,0,0,7,0,0,0,19,,511,6,517,584
3,4,CAMPECHE,20,PALIZADA,7,PALIZADA,434,1,83,66,0,1,0,0,1,0,0,0,3,,154,0,154,177
3,4,CAMPECHE,20,PALIZADA,7,PALIZADA,435,1,289,134,1,1,0,0,0,1,0,0,8,,434,8,442,601
3,4,CAMPECHE,20,PALIZADA,7,PALIZADA,436,1,51,36,0,0,0,0,0,1,0,0,5,,93,1,94,103
3,4,CAMPECHE,20,PALIZADA,7,PALIZADA,439,1,349,232,0,1,0,0,0,0,0,0,9,,591,1,592,696
3,4,CAMPECHE,7,TENABO,8,TENABO,440,2,579,471,2,16,0,1,20,15,1,2,49,,1156,2,1158,1393
3,4,CAMPECHE,7,TENABO,8,TENABO,441,3,547,630,2,5,1,0,28,20,0,6,66,,1305,13,1318,1514
3,4,CAMPECHE,7,TENABO,8,TENABO,442,3,589,575,4,3,2,1,13,8,1,4,67,,1267,14,1281,1526
3,4,CAMPECHE,7,TENABO,8,TENABO,443,2,515,625,3,8,0,0,15,18,0,10,87,,1281,24,1305,1597
3,4,CAMPECHE,7,TENABO,8,TENABO,444,1,76,60,1,0,0,0,2,0,0,0,7,,146,0,146,161
3,4,CAMPECHE,7,TENABO,8,TENABO,445,2,340,301,6,4,11,3,22,18,0,0,19,,724,25,749,886
3,4,CAMPECHE,7,TENABO,8,TENABO,447,1,183,158,0,0,0,0,9,3,0,1,0,,354,1,355,380
3,4,CAMPECHE,13,ESCARCEGA,9,ESCARCEGA,448,3,471,421,92,34,4,45,30,78,8,10,62,,1255,41,1296,2221
3,4,CAMPECHE,13,ESCARCEGA,9,ESCARCEGA,449,2,278,231,43,30,1,36,8,68,3,8,11,,717,24,741,1321
3,4,CAMPECHE,13,ESCARCEGA,9,ESCARCEGA,450,2,260,233,37,21,6,30,10,49,3,8,23,,680,34,714,1209
3,4,CAMPECHE,13,ESCARCEGA,9,ESCARCEGA,451,3,367,304,65,15,2,27,11,51,4,4,36,,886,40,926,1665
3,4,CAMPECHE,13,ESCARCEGA,9,ESCARCEGA,452,1,135,132,10,6,2,15,10,24,1,1,15,,351,12,363,600
3,4,CAMPECHE,13,ESCARCEGA,9,ESCARCEGA,453,2,172,176,19,13,2,21,17,25,11,8,11,,475,16,491,801
3,4,CAMPECHE,13,ESCARCEGA,9,ESCARCEGA,454,3,353,447,44,22,9,31,21,53,3,3,10,,996,31,1027,1869
3,4,CAMPECHE,13,ESCARCEGA,9,ESCARCEGA,455,2,307,256,34,14,23,12,15,29,1,2,5,,698,19,717,1423
3,4,CAMPECHE,13,ESCARCEGA,9,ESCARCEGA,456,2,128,203,16,9,5,30,14,15,2,10,7,,439,12,451,840
3,4,CAMPECHE,13,ESCARCEGA,9,ESCARCEGA,457,1,193,171,13,8,2,11,3,15,1,3,21,,441,10,451,688
3,4,CAMPECHE,13,ESCARCEGA,9,ESCARCEGA,458,2,224,204,10,10,1,10,11,18,2,5,21,,516,17,533,913
3,4,CAMPECHE,13,ESCARCEGA,9,ESCARCEGA,459,2,244,174,7,17,6,7,12,26,1,2,6,,502,13,515,798
3,4,CAMPECHE,13,ESCARCEGA,9,ESCARCEGA,460,2,173,174,7,17,2,12,13,20,1,10,10,,439,9,448,643
3,4,CAMPECHE,13,ESCARCEGA,9,ESCARCEGA,461,2,258,216,36,6,11,21,16,42,5,2,9,,622,18,640,998
3,4,CAMPECHE,13,ESCARCEGA,9,ESCARCEGA,462,2,205,206,13,18,1,1,20,42,2,1,15,,524,18,542,999
3,4,CAMPECHE,13,ESCARCEGA,9,ESCARCEGA,463,2,293,234,21,16,3,15,7,25,3,2,25,,644,15,659,1104
3,4,CAMPECHE,13,ESCARCEGA,9,ESCARCEGA,464,3,453,317,22,9,9,10,13,65,10,1,47,,956,38,994,1731
3,4,CAMPECHE,13,ESCARCEGA,9,ESCARCEGA,465,1,60,107,4,1,2,0,5,2,4,1,10,,196,8,204,281
3,4,CAMPECHE,13,ESCARCEGA,9,ESCARCEGA,466,2,107,93,8,3,4,5,6,13,0,0,11,,250,10,260,419
3,4,CAMPECHE,21,XPUJIL,9,ESCARCEGA,467,1,90,196,10,3,10,4,4,27,4,3,5,,356,20,376,575
3,4,CAMPECHE,21,XPUJIL,9,ESCARCEGA,468,3,402,385,43,23,8,11,9,93,4,3,17,,998,39,1037,1912
3,4,CAMPECHE,21,XPUJIL,9,ESCARCEGA,469,1,138,162,12,9,10,3,5,10,2,1,4,,356,22,378,601
3,4,CAMPECHE,21,XPUJIL,9,ESCARCEGA,470,2,315,178,7,2,10,14,3,22,0,0,16,,567,23,590,1032
3,4,CAMPECHE,13,ESCARCEGA,9,ESCARCEGA,471,2,365,253,16,2,9,8,6,23,2,1,4,,689,22,711,1122
3,4,CAMPECHE,20,PALIZADA,3,CARMEN,472,2,227,200,8,3,1,4,1,187,1,3,14,,649,31,680,942
3,4,CAMPECHE,20,PALIZADA,3,CARMEN,473,2,117,307,2,10,3,4,8,198,2,3,29,,683,18,701,945
3,4,CAMPECHE,20,PALIZADA,3,CARMEN,474,1,55,56,0,0,0,5,4,58,0,0,0,,178,3,181,231
3,4,CAMPECHE,13,ESCARCEGA,9,ESCARCEGA,475,2,140,137,77,39,4,32,11,20,0,1,34,,495,28,523,886
3,4,CAMPECHE,13,ESCARCEGA,9,ESCARCEGA,476,2,130,181,36,13,7,42,4,16,0,0,16,,445,18,463,773
3,4,CAMPECHE,13,ESCARCEGA,9,ESCARCEGA,477,2,136,190,51,16,14,90,5,12,5,1,26,,546,24,570,1023
3,4,CAMPECHE,20,PALIZADA,3,CARMEN,478,2,338,277,2,12,1,6,3,174,1,3,15,,832,16,848,1103
3,4,CAMPECHE,20,PALIZADA,3,CARMEN,479,1,248,132,0,1,0,4,1,20,1,0,2,,409,7,416,561
3,4,CAMPECHE,13,ESCARCEGA,9,ESCARCEGA,480,2,266,179,11,7,6,9,3,12,1,1,13,,508,9,517,784
3,4,CAMPECHE,13,ESCARCEGA,9,ESCARCEGA,481,2,304,223,14,3,5,4,3,24,2,0,4,,586,11,597,1077
3,4,CAMPECHE,13,ESCARCEGA,9,ESCARCEGA,482,1,169,116,2,5,8,48,4,14,1,0,14,,381,7,388,598
3,4,CAMPECHE,20,PALIZADA,3,CARMEN,483,1,95,83,0,5,1,0,4,29,1,0,11,,229,8,237,324
3,4,CAMPECHE,20,PALIZADA,3,CARMEN,484,2,281,270,1,6,10,7,5,94,3,2,23,,702,35,737,1168
3,4,CAMPECHE,13,ESCARCEGA,9,ESCARCEGA,485,1,206,132,8,5,5,4,2,8,1,0,8,,379,10,389,627
3,4,CAMPECHE,20,PALIZADA,3,CARMEN,486,2,271,227,17,144,5,1,5,13,4,2,188,,877,28,905,1494
3,4,CAMPECHE,20,PALIZADA,3,CARMEN,487,1,276,250,1,8,1,1,1,6,0,0,258,,802,7,809,727
3,4,CAMPECHE,20,PALIZADA,3,CARMEN,488,1,106,96,0,18,1,1,1,3,2,1,12,,241,8,249,411
3,4,CAMPECHE,13,ESCARCEGA,9,ESCARCEGA,489,3,296,345,55,16,8,20,14,59,9,9,18,,849,41,890,1880
3,4,CAMPECHE,14,CANDELARIA,10,CANDELARIA,490,1,116,95,0,0,0,3,0,1,0,0,0,,215,2,217,300
3,4,CAMPECHE,12,SABANCUY,3,CARMEN,491,2,190,106,22,7,2,4,4,77,14,13,2,,441,3,444,856
3,4,CAMPECHE,12,SABANCUY,3,CARMEN,492,2,129,82,8,6,1,5,4,59,5,4,1,,304,3,307,972
3,4,CAMPECHE,12,SABANCUY,3,CARMEN,493,1,162,79,11,0,3,3,0,67,2,3,0,,330,5,335,707
3,4,CAMPECHE,12,SABANCUY,3,CARMEN,494,1,133,55,5,2,3,3,7,37,7,6,0,,258,9,267,544
3,4,CAMPECHE,12,SABANCUY,3,CARMEN,495,1,138,52,9,2,2,7,4,19,3,3,3,,242,5,247,538
3,4,CAMPECHE,12,SABANCUY,3,CARMEN,496,1,96,67,14,3,2,1,7,28,1,1,0,,220,4,224,519
3,4,CAMPECHE,12,SABANCUY,3,CARMEN,497,1,98,51,6,1,2,4,2,33,3,2,3,,205,3,208,424
3,4,CAMPECHE,12,SABANCUY,3,CARMEN,498,1,141,97,12,0,3,5,6,47,2,3,6,,322,8,330,674
3,4,CAMPECHE,12,SABANCUY,3,CARMEN,499,1,112,47,5,1,1,3,4,43,3,6,1,,226,11,237,448
3,4,CAMPECHE,12,SABANCUY,3,CARMEN,500,1,100,45,12,0,0,3,5,32,3,6,0,,206,10,216,438
3,4,CAMPECHE,12,SABANCUY,3,CARMEN,501,1,90,60,4,5,0,1,2,35,4,2,6,,209,3,212,411
3,4,CAMPECHE,12,SABANCUY,3,CARMEN,502,1,90,69,9,2,1,4,6,37,5,6,0,,229,3,232,466
3,4,CAMPECHE,12,SABANCUY,3,CARMEN,503,1,128,56,16,6,2,7,3,46,6,5,0,,275,5,280,562
3,4,CAMPECHE,12,SABANCUY,3,CARMEN,504,1,159,70,7,7,4,4,7,40,7,7,0,,312,6,318,664
3,4,CAMPECHE,12,SABANCUY,3,CARMEN,505,1,91,40,1,0,3,5,5,34,0,0,0,,179,1,180,388
3,4,CAMPECHE,12,SABANCUY,3,CARMEN,506,1,127,54,9,3,2,2,5,39,1,5,0,,247,10,257,522
3,4,CAMPECHE,12,SABANCUY,3,CARMEN,507,1,109,47,8,3,1,3,1,24,2,2,0,,200,4,204,404
3,4,CAMPECHE,12,SABANCUY,3,CARMEN,508,1,83,62,5,0,0,1,4,33,3,5,3,,199,3,202,390
3,4,CAMPECHE,12,SABANCUY,3,CARMEN,509,2,140,58,5,4,7,4,5,48,7,6,3,,287,4,291,1203
3,4,CAMPECHE,12,SABANCUY,3,CARMEN,510,1,135,66,5,0,3,2,2,33,0,2,0,,248,3,251,528
3,4,CAMPECHE,12,SABANCUY,3,CARMEN,511,1,95,58,5,3,0,3,1,61,2,3,0,,231,1,232,621
3,4,CAMPECHE,12,SABANCUY,3,CARMEN,512,1,116,49,1,5,1,2,3,19,0,3,1,,200,1,201,449
3,4,CAMPECHE,12,SABANCUY,3,CARMEN,513,1,78,72,8,3,0,1,3,27,0,2,6,,200,5,205,553
3,4,CAMPECHE,12,SABANCUY,3,CARMEN,514,1,87,70,5,3,4,0,5,35,3,1,0,,213,1,214,503
3,4,CAMPECHE,12,SABANCUY,3,CARMEN,515,1,80,84,8,3,1,5,4,51,2,1,3,,242,6,248,675
3,4,CAMPECHE,12,SABANCUY,3,CARMEN,516,1,65,0,8,0,2,2,0,31,1,3,7,,119,6,125,543
3,4,CAMPECHE,12,SABANCUY,3,CARMEN,517,2,114,92,14,5,5,3,4,55,2,7,5,,306,7,313,935
3,4,CAMPECHE,12,SABANCUY,3,CARMEN,518,1,74,50,5,1,0,1,2,26,0,3,3,,165,4,169,439
3,4,CAMPECHE,12,SABANCUY,3,CARMEN,519,1,86,71,6,4,3,2,2,30,1,2,4,,211,5,216,495
3,4,CAMPECHE,12,SABANCUY,3,CARMEN,520,1,102,52,14,5,1,0,8,41,6,2,1,,232,4,236,660
3,4,CAMPECHE,12,SABANCUY,3,CARMEN,521,1,88,34,5,1,0,6,2,30,4,4,0,,174,2,176,432
3,4,CAMPECHE,12,SABANCUY,3,CARMEN,522,1,67,63,3,1,3,5,2,45,1,4,2,,196,3,199,510
3,4,CAMPECHE,12,SABANCUY,3,CARMEN,523,1,102,77,3,0,3,0,1,19,1,2,77,,285,0,285,501
3,4,CAMPECHE,12,SABANCUY,3,CARMEN,524,1,73,76,13,1,4,3,0,22,2,2,7,,203,5,208,451
3,4,CAMPECHE,12,SABANCUY,3,CARMEN,525,1,74,83,7,0,3,1,3,21,0,1,0,,193,6,199,419
3,4,CAMPECHE,12,SABANCUY,3,CARMEN,526,1,47,68,5,3,4,1,1,28,2,3,6,,168,3,171,367
3,4,CAMPECHE,12,SABANCUY,3,CARMEN,527,1,72,56,1,0,1,1,2,16,1,0,1,,151,2,153,340
3,4,CAMPECHE,16,SEYBAPLAYA,4,CHAMPOTON,528,1,147,90,2,4,1,3,4,3,1,0,2,,257,4,261,451
3,4,CAMPECHE,16,SEYBAPLAYA,4,CHAMPOTON,529,2,161,141,30,4,9,15,16,39,0,3,3,,421,24,445,784
3,4,CAMPECHE,16,SEYBAPLAYA,4,CHAMPOTON,530,1,77,84,6,0,0,3,0,1,0,0,3,,174,8,182,236