﻿CIRCUNSCRIPCION,ID_ESTADO,NOMBRE_ESTADO,ID_DISTRITO_LOCAL,CABECERA_DISTRITAL_LOCAL,ID_MUNICIPIO,MUNICIPIO,SECCION,CASILLAS,PAN,PRI,PRD,PT,PVEM,MC,MORENA,PES,RSP,FXM,PAN_PRI_PRD,PAN_PRI,PAN_PRD,PRI_PRD,NUM_VOTOS_VALIDOS,NUM_VOTOS_CAN_NREG,NUM_VOTOS_NULOS,TOTAL_VOTOS,LISTA_NOMINAL
,4,CAMPECHE,1,SAN FRANCISCO DE CAMPECHE,1,CAMPECHE,4,15,243,959,43,89,88,2343,1268,51,33,33,57,26,0,4,5237,0,126,5363,10723
,4,CAMPECHE,1,SAN FRANCISCO DE CAMPECHE,1,CAMPECHE,10,2,15,114,10,9,12,209,207,8,8,3,5,2,0,0,602,1,12,615,1056
,4,CAMPECHE,1,SAN FRANCISCO DE CAMPECHE,1,CAMPECHE,13,2,39,126,5,20,14,250,203,6,8,1,6,1,0,0,679,0,12,691,1250
,4,CAMPECHE,1,SAN FRANCISCO DE CAMPECHE,1,CAMPECHE,14,2,23,170,5,23,8,226,174,10,6,6,11,4,0,0,666,0,9,675,1088
,4,CAMPECHE,1,SAN FRANCISCO DE CAMPECHE,1,CAMPECHE,15,2,42,104,8,9,5,305,170,5,2,8,10,3,0,1,672,0,21,693,1152
,4,CAMPECHE,1,SAN FRANCISCO DE CAMPECHE,1,CAMPECHE,16,2,34,122,2,12,7,360,157,6,2,7,1,4,0,0,714,0,13,727,1198
,4,CAMPECHE,1,SAN FRANCISCO DE CAMPECHE,1,CAMPECHE,19,2,16,109,4,10,8,280,123,4,3,1,5,4,0,1,568,0,10,578,1102
,4,CAMPECHE,1,SAN FRANCISCO DE CAMPECHE,1,CAMPECHE,20,2,38,172,6,11,11,264,173,5,3,2,6,4,0,0,695,1,20,716,1146
,4,CAMPECHE,1,SAN FRANCISCO DE CAMPECHE,1,CAMPECHE,21,3,32,246,9,45,22,337,285,13,5,4,13,3,0,0,1014,0,21,1035,1637
,4,CAMPECHE,1,SAN FRANCISCO DE CAMPECHE,1,CAMPECHE,22,2,17,144,6,37,14,201,155,9,5,4,11,4,0,0,607,0,17,624,939
,4,CAMPECHE,1,SAN FRANCISCO DE CAMPECHE,1,CAMPECHE,23,2,40,130,5,29,13,175,164,10,8,1,5,2,1,1,584,0,18,602,931
,4,CAMPECHE,1,SAN FRANCISCO DE CAMPECHE,1,CAMPECHE,32,2,28,104,1,45,17,159,163,6,8,4,2,0,0,0,537,0,19,556,795
,4,CAMPECHE,1,SAN FRANCISCO DE CAMPECHE,1,CAMPECHE,33,2,38,147,6,27,12,199,160,11,7,2,5,4,0,0,618,0,15,633,954
,4,CAMPECHE,1,SAN FRANCISCO DE CAMPECHE,1,CAMPECHE,34,2,39,137,10,12,11,274,244,10,7,4,6,7,0,0,761,1,24,786,1336
,4,CAMPECHE,1,SAN FRANCISCO DE CAMPECHE,1,CAMPECHE,35,2,30,179,2,6,11,215,141,5,5,4,5,1,0,1,605,0,14,619,982
,4,CAMPECHE,1,SAN FRANCISCO DE CAMPECHE,1,CAMPECHE,36,2,62,165,8,9,6,265,157,14,2,6,11,4,0,0,709,0,25,734,1192
,4,CAMPECHE,1,SAN FRANCISCO DE CAMPECHE,1,CAMPECHE,37,2,28,137,2,9,9,224,103,7,1,1,5,4,0,0,530,0,3,533,922
,4,CAMPECHE,1,SAN FRANCISCO DE CAMPECHE,1,CAMPECHE,40,1,18,89,3,10,5,148,167,3,4,4,5,0,0,0,456,1,10,467,749
,4,CAMPECHE,1,SAN FRANCISCO DE CAMPECHE,1,CAMPECHE,41,2,22,87,7,10,7,179,148,5,2,5,3,1,0,0,476,0,16,492,788
,4,CAMPECHE,2,SAN FRANCISCO DE CAMPECHE,1,CAMPECHE,9,7,77,707,13,31,52,1161,806,31,17,20,47,2,2,0,2966,1,64,3031,4737
,4,CAMPECHE,2,SAN FRANCISCO DE CAMPECHE,1,CAMPECHE,17,8,77,689,22,58,44,1204,868,24,20,22,20,1,0,0,3049,2,69,3120,5603
,4,CAMPECHE,2,SAN FRANCISCO DE CAMPECHE,1,CAMPECHE,18,1,28,90,1,2,4,142,115,3,6,4,10,0,0,0,405,0,10,415,646
,4,CAMPECHE,2,SAN FRANCISCO DE CAMPECHE,1,CAMPECHE,38,1,11,118,3,8,8,166,148,7,4,4,6,1,0,0,484,0,11,495,749
,4,CAMPECHE,2,SAN FRANCISCO DE CAMPECHE,1,CAMPECHE,39,3,38,273,6,29,10,403,325,7,16,6,20,5,1,0,1139,0,33,1172,2119
,4,CAMPECHE,2,SAN FRANCISCO DE CAMPECHE,1,CAMPECHE,81,19,155,1515,56,100,95,2514,1975,83,92,46,68,8,0,3,6710,7,122,6839,12842
,4,CAMPECHE,2,SAN FRANCISCO DE CAMPECHE,1,CAMPECHE,124,7,68,777,22,32,19,920,620,18,18,14,34,18,1,3,2564,1,156,2721,4711
,4,CAMPECHE,2,SAN FRANCISCO DE CAMPECHE,1,CAMPECHE,128,1,3,76,1,10,0,60,30,1,1,0,0,0,0,0,182,1,3,186,233
,4,CAMPECHE,3,SAN FRANCISCO DE CAMPECHE,1,CAMPECHE,42,2,29,182,12,10,24,209,232,8,15,4,12,3,0,0,740,0,15,755,1111
,4,CAMPECHE,3,SAN FRANCISCO DE CAMPECHE,1,CAMPECHE,43,2,26,162,3,8,24,219,206,7,10,6,11,2,0,0,684,0,16,700,982
,4,CAMPECHE,3,SAN FRANCISCO DE CAMPECHE,1,CAMPECHE,60,2,21,110,1,11,125,124,212,7,7,2,3,0,0,0,623,0,13,636,969
,4,CAMPECHE,3,SAN FRANCISCO DE CAMPECHE,1,CAMPECHE,61,2,37,138,5,12,30,163,189,3,4,3,5,3,0,0,592,0,14,606,883
,4,CAMPECHE,3,SAN FRANCISCO DE CAMPECHE,1,CAMPECHE,62,2,27,117,7,8,24,186,197,5,21,7,21,2,0,0,622,0,16,638,1037
,4,CAMPECHE,3,SAN FRANCISCO DE CAMPECHE,1,CAMPECHE,63,2,18,194,9,9,30,299,198,9,21,10,8,3,0,0,808,0,21,829,1342
,4,CAMPECHE,3,SAN FRANCISCO DE CAMPECHE,1,CAMPECHE,64,2,29,172,4,12,27,258,275,9,9,11,7,2,0,1,816,0,13,829,1186
,4,CAMPECHE,3,SAN FRANCISCO DE CAMPECHE,1,CAMPECHE,65,3,37,214,11,22,22,351,272,11,8,14,12,6,0,0,980,0,34,1014,1770
,4,CAMPECHE,3,SAN FRANCISCO DE CAMPECHE,1,CAMPECHE,66,2,21,147,7,6,42,186,256,8,6,17,8,3,0,1,708,0,25,733,1094
,4,CAMPECHE,3,SAN FRANCISCO DE CAMPECHE,1,CAMPECHE,67,2,29,157,3,9,80,173,212,9,2,5,4,1,0,1,685,0,24,709,1028
,4,CAMPECHE,3,SAN FRANCISCO DE CAMPECHE,1,CAMPECHE,79,11,207,656,26,32,160,1380,1081,58,23,32,51,12,0,0,3718,0,105,3823,6989
,4,CAMPECHE,3,SAN FRANCISCO DE CAMPECHE,1,CAMPECHE,80,2,27,147,6,7,14,154,201,3,8,14,9,2,0,0,592,0,14,606,824
,4,CAMPECHE,3,SAN FRANCISCO DE CAMPECHE,1,CAMPECHE,82,2,22,201,4,3,28,234,238,4,6,5,6,0,0,0,751,1,29,781,1214
,4,CAMPECHE,3,SAN FRANCISCO DE CAMPECHE,1,CAMPECHE,83,7,145,586,21,29,89,890,815,17,26,32,42,10,0,0,2702,2,56,2760,5011
,4,CAMPECHE,3,SAN FRANCISCO DE CAMPECHE,1,CAMPECHE,125,3,35,232,6,38,105,225,308,6,2,11,8,5,0,0,981,0,35,1016,1645
,4,CAMPECHE,3,SAN FRANCISCO DE CAMPECHE,1,CAMPECHE,126,3,45,252,12,38,188,250,366,12,3,8,5,6,0,0,1185,0,33,1218,2095
,4,CAMPECHE,4,SAN FRANCISCO DE CAMPECHE,1,CAMPECHE,49,2,32,194,5,7,28,228,270,1,4,10,4,1,0,0,784,1,12,797,1145
,4,CAMPECHE,4,SAN FRANCISCO DE CAMPECHE,1,CAMPECHE,56,2,15,186,1,17,19,191,196,12,4,4,6,1,0,0,652,2,11,665,927
,4,CAMPECHE,4,SAN FRANCISCO DE CAMPECHE,1,CAMPECHE,57,2,21,215,4,6,23,217,261,10,1,9,6,1,0,0,774,1,20,795,1103
,4,CAMPECHE,4,SAN FRANCISCO DE CAMPECHE,1,CAMPECHE,58,2,19,176,7,7,21,236,221,7,5,5,11,2,0,1,718,0,29,747,1126
,4,CAMPECHE,4,SAN FRANCISCO DE CAMPECHE,1,CAMPECHE,59,2,29,182,0,14,18,224,232,8,2,4,7,1,0,1,722,1,22,745,1106
,4,CAMPECHE,4,SAN FRANCISCO DE CAMPECHE,1,CAMPECHE,68,2,12,226,4,23,13,237,218,9,2,2,13,6,0,0,765,0,17,782,1248
,4,CAMPECHE,4,SAN FRANCISCO DE CAMPECHE,1,CAMPECHE,69,2,19,216,6,13,15,249,159,7,4,4,8,5,0,0,705,0,14,719,1010
,4,CAMPECHE,4,SAN FRANCISCO DE CAMPECHE,1,CAMPECHE,70,2,35,261,6,8,15,270,248,13,8,4,4,2,0,1,875,0,8,883,1210
,4,CAMPECHE,4,SAN FRANCISCO DE CAMPECHE,1,CAMPECHE,77,2,13,169,7,5,10,239,225,6,3,2,4,2,0,0,685,0,24,709,952
,4,CAMPECHE,4,SAN FRANCISCO DE CAMPECHE,1,CAMPECHE,78,2,18,164,2,11,17,192,170,5,4,4,5,2,1,0,595,0,13,608,924
,4,CAMPECHE,4,SAN FRANCISCO DE CAMPECHE,1,CAMPECHE,84,2,6,188,7,7,7,215,150,3,3,0,10,4,0,0,600,1,11,612,926
,4,CAMPECHE,4,SAN FRANCISCO DE CAMPECHE,1,CAMPECHE,85,2,14,150,1,15,8,284,182,5,2,1,3,4,0,0,669,2,20,691,1124
,4,CAMPECHE,4,SAN FRANCISCO DE CAMPECHE,1,CAMPECHE,86,2,18,205,3,5,20,316,242,4,6,5,5,0,0,0,829,0,13,842,1072
,4,CAMPECHE,4,SAN FRANCISCO DE CAMPECHE,1,CAMPECHE,92,3,55,470,21,7,27,343,335,8,6,6,14,2,0,0,1294,1,31,1326,1223
,4,CAMPECHE,4,SAN FRANCISCO DE CAMPECHE,1,CAMPECHE,93,2,48,305,7,6,24,250,200,4,9,6,6,0,0,1,866,0,9,875,1137
,4,CAMPECHE,4,SAN FRANCISCO DE CAMPECHE,1,CAMPECHE,94,2,28,220,4,7,21,318,251,7,4,3,6,4,0,0,873,0,19,892,1340
,4,CAMPECHE,4,SAN FRANCISCO DE CAMPECHE,1,CAMPECHE,95,3,21,181,10,14,10,380,228,5,7,9,4,1,0,0,870,1,23,894,1582
,4,CAMPECHE,4,SAN FRANCISCO DE CAMPECHE,1,CAMPECHE,96,2,13,166,15,8,6,315,170,5,1,2,8,6,0,0,715,0,32,747,1160
,4,CAMPECHE,4,SAN FRANCISCO DE CAMPECHE,1,CAMPECHE,97,2,12,130,6,11,11,295,138,6,3,3,5,3,0,2,625,0,31,656,1164
,4,CAMPECHE,4,SAN FRANCISCO DE CAMPECHE,1,CAMPECHE,98,2,18,201,2,5,15,196,152,9,9,3,10,2,0,0,622,3,13,638,852
,4,CAMPECHE,4,SAN FRANCISCO DE CAMPECHE,1,CAMPECHE,104,2,11,139,0,6,15,215,169,10,5,6,6,3,0,0,585,0,15,600,797
,4,CAMPECHE,4,SAN FRANCISCO DE CAMPECHE,1,CAMPECHE,105,10,84,740,34,42,72,1204,780,34,19,19,25,11,0,4,3068,0,62,3130,7139
,4,CAMPECHE,4,SAN FRANCISCO DE CAMPECHE,1,CAMPECHE,106,2,26,280,13,12,16,301,254,6,6,4,6,5,0,1,930,0,16,946,1320
,4,CAMPECHE,5,SAN FRANCISCO DE CAMPECHE,1,CAMPECHE,28,1,23,146,4,0,8,69,124,4,4,4,4,1,0,0,391,3,4,398,586
,4,CAMPECHE,5,SAN FRANCISCO DE CAMPECHE,1,CAMPECHE,50,1,11,159,9,5,8,100,132,2,6,5,5,1,0,0,443,0,8,451,643
,4,CAMPECHE,5,SAN FRANCISCO DE CAMPECHE,1,CAMPECHE,51,3,21,278,4,8,21,152,217,7,8,6,6,5,0,0,733,0,16,749,999
,4,CAMPECHE,5,SAN FRANCISCO DE CAMPECHE,1,CAMPECHE,52,1,23,182,3,4,11,84,148,5,2,1,5,0,0,0,468,0,10,478,675
,4,CAMPECHE,5,SAN FRANCISCO DE CAMPECHE,1,CAMPECHE,53,2,19,253,9,4,13,141,302,3,6,7,9,1,0,0,767,0,19,786,1035
,4,CAMPECHE,5,SAN FRANCISCO DE CAMPECHE,1,CAMPECHE,55,2,23,233,10,14,17,218,359,9,7,10,13,2,0,1,916,0,17,933,1332
,4,CAMPECHE,5,SAN FRANCISCO DE CAMPECHE,1,CAMPECHE,71,2,15,215,5,9,18,148,241,1,2,9,8,3,0,0,674,0,22,696,995
,4,CAMPECHE,5,SAN FRANCISCO DE CAMPECHE,1,CAMPECHE,74,2,23,229,4,6,15,233,346,7,7,6,8,1,0,0,885,0,25,910,1278
,4,CAMPECHE,5,SAN FRANCISCO DE CAMPECHE,1,CAMPECHE,75,3,55,342,8,18,31,333,494,8,13,23,11,1,0,0,1337,4,19,1360,2089
,4,CAMPECHE,5,SAN FRANCISCO DE CAMPECHE,1,CAMPECHE,76,2,20,225,18,5,20,150,231,8,8,5,6,2,0,1,699,0,9,708,990
,4,CAMPECHE,5,SAN FRANCISCO DE CAMPECHE,1,CAMPECHE,87,2,33,222,11,9,7,177,198,4,5,6,8,3,0,1,684,0,14,698,931
,4,CAMPECHE,5,SAN FRANCISCO DE CAMPECHE,1,CAMPECHE,90,3,49,332,7,10,26,312,401,9,8,8,12,2,0,0,1176,0,20,1196,1814
,4,CAMPECHE,5,SAN FRANCISCO DE CAMPECHE,1,CAMPECHE,91,3,29,276,11,14,17,280,363,10,6,14,10,0,1,0,1031,1,20,1052,1789
,4,CAMPECHE,5,SAN FRANCISCO DE CAMPECHE,1,CAMPECHE,99,2,21,168,18,10,15,227,255,8,5,8,8,0,0,1,744,0,21,765,1269
,4,CAMPECHE,5,SAN FRANCISCO DE CAMPECHE,1,CAMPECHE,100,4,41,379,8,27,27,415,472,8,8,10,27,4,0,0,1426,0,34,1460,2346
,4,CAMPECHE,5,SAN FRANCISCO DE CAMPECHE,1,CAMPECHE,101,4,31,370,13,27,26,382,561,7,14,13,13,3,1,0,1461,2,24,1487,2509
,4,CAMPECHE,5,SAN FRANCISCO DE CAMPECHE,1,CAMPECHE,102,3,35,389,12,17,19,303,342,14,8,8,12,5,0,0,1164,0,25,1189,1741
,4,CAMPECHE,5,SAN FRANCISCO DE CAMPECHE,1,CAMPECHE,103,2,12,197,10,12,13,185,263,8,9,7,3,0,0,0,719,0,27,746,1206
,4,CAMPECHE,5,SAN FRANCISCO DE CAMPECHE,1,CAMPECHE,108,5,34,440,8,34,32,483,599,19,12,7,14,6,1,1,1690,1,35,1726,3248
,4,CAMPECHE,5,SAN FRANCISCO DE CAMPECHE,1,CAMPECHE,109,4,24,375,10,8,12,421,448,7,7,5,16,4,0,0,1337,1,38,1376,2516
,4,CAMPECHE,5,SAN FRANCISCO DE CAMPECHE,1,CAMPECHE,111,3,26,258,9,23,10,326,384,9,8,4,10,2,0,1,1070,5,37,1112,1996
,4,CAMPECHE,6,SAN FRANCISCO DE CAMPECHE,1,CAMPECHE,54,2,18,169,5,5,16,108,217,7,13,13,3,7,0,0,581,0,16,597,820
,4,CAMPECHE,6,SAN FRANCISCO DE CAMPECHE,1,CAMPECHE,72,2,55,376,2,8,28,173,253,8,9,3,3,0,0,0,918,0,11,929,1270
,4,CAMPECHE,6,SAN FRANCISCO DE CAMPECHE,1,CAMPECHE,73,2,32,235,2,13,20,155,204,4,8,6,15,3,0,0,697,0,12,709,1153
,4,CAMPECHE,6,SAN FRANCISCO DE CAMPECHE,1,CAMPECHE,88,1,31,206,7,4,15,84,95,1,1,2,6,0,0,0,452,0,12,464,630
,4,CAMPECHE,6,SAN FRANCISCO DE CAMPECHE,1,CAMPECHE,89,2,40,357,6,4,23,115,172,7,4,5,18,4,0,0,755,4,8,767,992
,4,CAMPECHE,6,SAN FRANCISCO DE CAMPECHE,1,CAMPECHE,107,2,23,150,5,25,11,225,300,8,8,6,3,0,0,0,764,2,7,773,1332
,4,CAMPECHE,6,SAN FRANCISCO DE CAMPECHE,1,CAMPECHE,110,2,15,192,9,15,7,242,303,16,9,2,3,2,0,0,815,0,18,833,1367
,4,CAMPECHE,6,SAN FRANCISCO DE CAMPECHE,1,CAMPECHE,112,8,66,611,22,48,47,729,778,23,21,36,19,5,0,0,2405,1,62,2468,4505
,4,CAMPECHE,6,SAN FRANCISCO DE CAMPECHE,1,CAMPECHE,113,2,7,117,5,14,3,171,217,27,4,2,1,0,0,1,569,0,22,591,844
,4,CAMPECHE,6,SAN FRANCISCO DE CAMPECHE,1,CAMPECHE,114,2,12,164,12,12,9,226,309,12,6,11,0,2,0,0,775,1,18,794,1239
,4,CAMPECHE,6,SAN FRANCISCO DE CAMPECHE,1,CAMPECHE,115,2,12,116,6,11,6,178,179,7,4,3,7,1,0,0,530,0,10,540,914
,4,CAMPECHE,6,SAN FRANCISCO DE CAMPECHE,1,CAMPECHE,116,2,14,216,3,10,3,226,220,10,4,2,6,7,0,0,721,0,19,740,1138
,4,CAMPECHE,6,SAN FRANCISCO DE CAMPECHE,1,CAMPECHE,117,3,14,242,33,17,17,316,338,20,3,1,2,3,0,3,1009,0,23,1032,1676
,4,CAMPECHE,6,SAN FRANCISCO DE CAMPECHE,1,CAMPECHE,127,2,24,178,3,23,17,160,266,9,6,1,4,3,1,1,696,0,19,715,1177
,4,CAMPECHE,6,SAN FRANCISCO DE CAMPECHE,1,CAMPECHE,129,3,30,364,22,13,15,335,394,7,19,4,10,11,1,1,1226,0,17,1243,1573
,4,CAMPECHE,6,SAN FRANCISCO DE CAMPECHE,1,CAMPECHE,130,1,32,76,10,3,1,90,57,6,51,0,2,0,0,0,328,0,7,335,492
,4,CAMPECHE,6,SAN FRANCISCO DE CAMPECHE,1,CAMPECHE,131,1,12,80,12,1,7,60,62,0,1,0,5,2,0,0,242,0,7,249,277
,4,CAMPECHE,6,SAN FRANCISCO DE CAMPECHE,1,CAMPECHE,132,1,7,42,9,12,1,50,41,0,3,0,1,0,0,1,167,0,1,168,205
,4,CAMPECHE,6,SAN FRANCISCO DE CAMPECHE,1,CAMPECHE,133,1,18,129,2,4,34,142,95,6,4,2,1,0,0,0,437,0,7,444,538
,4,CAMPECHE,6,SAN FRANCISCO DE CAMPECHE,1,CAMPECHE,134,2,3,150,2,1,2,110,60,4,3,0,5,1,0,1,342,0,7,349,475
,4,CAMPECHE,6,SAN FRANCISCO DE CAMPECHE,1,CAMPECHE,135,2,15,258,9,19,7,314,124,2,3,1,4,1,0,0,757,0,4,761,895
,4,CAMPECHE,6,SAN FRANCISCO DE CAMPECHE,1,CAMPECHE,136,1,2,70,1,15,2,34,41,1,3,0,0,0,0,0,169,0,3,172,207
,4,CAMPECHE,6,SAN FRANCISCO DE CAMPECHE,1,CAMPECHE,137,1,2,73,7,4,5,51,34,2,0,2,3,1,0,0,184,0,6,190,268
,4,CAMPECHE,6,SAN FRANCISCO DE CAMPECHE,1,CAMPECHE,138,1,1,95,0,10,9,60,252,6,3,2,1,2,0,0,441,0,15,456,563
,4,CAMPECHE,6,SAN FRANCISCO DE CAMPECHE,1,CAMPECHE,139,4,32,492,21,13,20,704,368,15,9,6,9,5,0,1,1695,0,67,1762,2924
,4,CAMPECHE,6,SAN FRANCISCO DE CAMPECHE,1,CAMPECHE,140,2,13,167,4,8,7,198,195,5,3,7,4,1,1,0,613,1,14,628,916
,4,CAMPECHE,6,SAN FRANCISCO DE CAMPECHE,1,CAMPECHE,141,2,11,212,2,4,2,202,202,6,3,1,0,1,0,0,646,0,22,668,912
,4,CAMPECHE,6,SAN FRANCISCO DE CAMPECHE,1,CAMPECHE,142,4,53,543,29,48,18,404,615,21,7,5,14,15,1,0,1773,0,71,1844,2745
,4,CAMPECHE,6,SAN FRANCISCO DE CAMPECHE,1,CAMPECHE,143,1,12,80,0,4,3,61,107,4,2,1,2,1,0,0,277,0,12,289,382
,4,CAMPECHE,6,SAN FRANCISCO DE CAMPECHE,1,CAMPECHE,144,1,1,69,1,3,2,52,55,1,1,1,0,0,0,0,186,0,3,189,250
,4,CAMPECHE,6,SAN FRANCISCO DE CAMPECHE,1,CAMPECHE,145,2,16,162,7,6,5,93,195,8,10,2,2,3,0,0,509,0,19,528,845
,4,CAMPECHE,6,SAN FRANCISCO DE CAMPECHE,1,CAMPECHE,146,1,17,119,4,4,9,110,134,3,2,2,1,0,0,0,405,0,4,409,491
,4,CAMPECHE,7,TENABO,1,CAMPECHE,1,1,7,125,3,6,5,141,133,4,3,4,3,0,1,0,435,0,5,440,557
,4,CAMPECHE,7,TENABO,1,CAMPECHE,2,1,13,94,8,1,3,208,95,2,6,1,6,0,0,0,437,0,8,445,655
,4,CAMPECHE,7,TENABO,1,CAMPECHE,3,1,10,112,1,3,5,209,116,6,1,1,7,1,0,0,472,0,7,479,661
,4,CAMPECHE,7,TENABO,1,CAMPECHE,5,2,18,187,3,2,18,317,167,9,7,3,8,2,0,0,741,0,15,756,1046
,4,CAMPECHE,7,TENABO,1,CAMPECHE,6,2,16,191,2,9,13,284,188,4,3,5,6,2,0,0,723,0,18,741,1031
,4,CAMPECHE,7,TENABO,1,CAMPECHE,7,2,12,158,4,13,18,326,176,5,4,3,1,2,0,0,722,0,13,735,978
,4,CAMPECHE,7,TENABO,1,CAMPECHE,8,2,19,121,0,6,9,247,133,4,5,4,3,1,0,0,552,0,9,561,762
,4,CAMPECHE,7,TENABO,1,CAMPECHE,11,2,16,193,3,14,8,212,149,5,3,1,5,1,0,0,610,0,16,626,913
,4,CAMPECHE,7,TENABO,1,CAMPECHE,12,4,25,254,11,11,19,340,353,11,4,8,11,3,0,0,1050,2,18,1070,1529
,4,CAMPECHE,7,TENABO,1,CAMPECHE,24,2,32,183,7,12,18,237,228,6,4,7,4,2,0,0,740,0,19,759,1115
,4,CAMPECHE,7,TENABO,1,CAMPECHE,25,1,11,128,1,4,7,116,136,2,2,3,7,1,0,0,418,1,6,425,597
,4,CAMPECHE,7,TENABO,1,CAMPECHE,26,2,34,227,5,6,12,204,276,9,7,4,9,5,0,0,798,2,8,808,1094
,4,CAMPECHE,7,TENABO,1,CAMPECHE,27,2,25,272,8,12,11,195,226,7,5,5,12,0,0,0,778,0,13,791,1063
,4,CAMPECHE,7,TENABO,1,CAMPECHE,29,2,23,168,5,10,6,160,224,8,4,4,6,0,0,0,618,0,9,627,849
,4,CAMPECHE,7,TENABO,1,CAMPECHE,30,2,18,198,7,5,18,155,171,7,1,6,7,1,0,1,595,0,17,612,767
,4,CAMPECHE,7,TENABO,1,CAMPECHE,31,1,13,140,0,5,8,144,143,4,0,7,11,0,0,0,475,12,0,487,722
,4,CAMPECHE,7,TENABO,1,CAMPECHE,44,2,17,117,5,9,7,171,222,5,2,10,1,1,0,0,567,0,4,571,819
,4,CAMPECHE,7,TENABO,1,CAMPECHE,45,2,12,129,4,7,9,132,183,0,3,7,5,0,0,0,491,0,17,508,769
,4,CAMPECHE,7,TENABO,1,CAMPECHE,46,2,22,154,3,13,10,197,256,6,1,5,7,1,0,0,675,0,17,692,1008
,4,CAMPECHE,7,TENABO,1,CAMPECHE,47,2,13,183,10,4,12,204,224,3,3,6,10,1,0,0,673,0,20,693,912
,4,CAMPECHE,7,TENABO,1,CAMPECHE,48,2,36,178,11,3,14,161,232,3,8,3,11,2,0,0,662,0,18,680,974
,4,CAMPECHE,7,TENABO,1,CAMPECHE,118,2,28,175,4,7,6,201,183,2,3,4,1,9,1,1,625,0,22,647,971
,4,CAMPECHE,7,TENABO,1,CAMPECHE,119,1,7,88,3,1,3,181,43,1,9,1,2,1,0,0,340,0,8,348,413
,4,CAMPECHE,7,TENABO,1,CAMPECHE,120,2,12,158,2,8,3,196,115,10,113,5,4,1,0,0,627,0,18,645,858
,4,CAMPECHE,7,TENABO,1,CAMPECHE,121,2,24,214,5,10,6,153,190,3,26,2,10,3,0,0,646,0,23,669,930
,4,CAMPECHE,7,TENABO,1,CAMPECHE,122,3,38,292,4,5,18,281,216,5,5,8,6,0,0,1,879,0,29,908,1193
,4,CAMPECHE,7,TENABO,1,CAMPECHE,123,2,42,125,4,3,7,148,149,9,3,2,6,3,0,0,501,0,17,518,790
,4,CAMPECHE,7,TENABO,8,TENABO,440,3,128,292,7,19,58,164,441,9,92,15,23,2,0,0,1250,1,28,1279,1616
,4,CAMPECHE,7,TENABO,8,TENABO,441,3,134,268,4,7,33,235,540,9,106,7,18,14,0,1,1376,1,39,1416,1740
,4,CAMPECHE,7,TENABO,8,TENABO,442,3,99,298,14,5,36,178,485,20,77,5,31,10,0,1,1259,1,48,1308,1725
,4,CAMPECHE,7,TENABO,8,TENABO,443,3,103,304,1,9,31,198,473,10,72,16,22,8,0,0,1247,1,32,1280,1705
,4,CAMPECHE,7,TENABO,8,TENABO,444,1,24,78,3,1,1,21,39,1,4,2,3,1,0,0,178,0,2,180,186
,4,CAMPECHE,7,TENABO,8,TENABO,445,2,26,270,5,2,26,198,247,3,11,3,9,2,0,0,802,0,27,829,998
,4,CAMPECHE,7,TENABO,8,TENABO,446,1,3,28,3,2,1,15,28,1,3,1,8,0,0,0,93,0,1,94,116
,4,CAMPECHE,7,TENABO,8,TENABO,447,1,6,127,1,0,21,75,149,0,6,1,2,4,0,0,392,0,5,397,427
,4,CAMPECHE,8,CIUDAD DEL CARMEN,3,CARMEN,205,7,175,485,21,24,34,241,1225,19,29,11,14,10,1,0,2289,1,75,2365,5033
,4,CAMPECHE,8,CIUDAD DEL CARMEN,3,CARMEN,220,1,29,76,3,5,0,37,229,7,24,6,5,1,0,0,422,0,9,431,734
,4,CAMPECHE,8,CIUDAD DEL CARMEN,3,CARMEN,232,3,121,200,6,10,30,102,476,9,13,3,4,4,0,1,979,0,32,1011,1962
,4,CAMPECHE,8,CIUDAD DEL CARMEN,3,CARMEN,233,3,56,234,6,11,40,142,517,15,26,7,7,0,0,0,1061,0,33,1094,1906
,4,CAMPECHE,8,CIUDAD DEL CARMEN,3,CARMEN,234,3,100,195,7,8,20,116,503,17,13,3,16,3,0,0,1001,0,21,1022,1947
,4,CAMPECHE,8,CIUDAD DEL CARMEN,3,CARMEN,235,2,91,109,3,6,20,42,380,8,11,1,2,5,0,0,678,0,17,695,1336
,4,CAMPECHE,8,CIUDAD DEL CARMEN,3,CARMEN,236,2,39,161,3,8,6,90,366,9,9,6,8,5,0,0,710,1,40,751,1488
,4,CAMPECHE,8,CIUDAD DEL CARMEN,3,CARMEN,237,2,235,124,4,8,11,104,282,7,11,1,2,5,0,0,794,0,21,815,1153
,4,CAMPECHE,8,CIUDAD DEL CARMEN,3,CARMEN,240,3,64,213,6,7,20,84,341,2,5,1,9,5,0,0,757,0,22,779,1636
,4,CAMPECHE,8,CIUDAD DEL CARMEN,3,CARMEN,241,3,44,176,2,2,11,77,353,9,8,6,3,2,1,1,695,0,30,725,1562
,4,CAMPECHE,8,CIUDAD DEL CARMEN,3,CARMEN,242,2,41,109,5,9,21,87,364,7,18,1,4,2,0,1,669,0,23,692,1475
,4,CAMPECHE,8,CIUDAD DEL CARMEN,3,CARMEN,243,4,76,224,10,8,22,121,596,7,23,5,8,1,0,2,1103,1,29,1133,2370
,4,CAMPECHE,8,CIUDAD DEL CARMEN,3,CARMEN,245,3,57,172,3,10,8,99,400,14,11,4,8,5,1,0,792,0,31,823,1609
,4,CAMPECHE,8,CIUDAD DEL CARMEN,3,CARMEN,246,2,68,168,4,13,19,68,334,3,6,6,7,3,0,0,699,0,23,722,1422
,4,CAMPECHE,8,CIUDAD DEL CARMEN,3,CARMEN,247,2,30,142,3,12,7,89,327,7,7,1,11,5,0,1,642,0,26,668,1434
,4,CAMPECHE,8,CIUDAD DEL CARMEN,3,CARMEN,248,2,52,136,4,17,10,75,318,7,9,2,10,9,0,0,649,2,24,675,1262
,4,CAMPECHE,8,CIUDAD DEL CARMEN,3,CARMEN,249,5,156,376,8,17,15,188,533,7,37,9,20,11,1,0,1378,0,58,1436,3257
,4,CAMPECHE,9,CIUDAD DEL CARMEN,3,CARMEN,187,3,35,162,8,8,39,121,421,2,8,6,4,5,1,0,820,1,31,852,1651
,4,CAMPECHE,9,CIUDAD DEL CARMEN,3,CARMEN,188,3,153,416,5,9,59,125,356,13,10,7,14,4,0,0,1171,1,16,1188,1996
,4,CAMPECHE,9,CIUDAD DEL CARMEN,3,CARMEN,189,2,40,147,3,6,62,109,426,3,6,5,7,1,0,0,815,2,32,849,1462
,4,CAMPECHE,9,CIUDAD DEL CARMEN,3,CARMEN,190,2,29,161,7,3,33,94,347,13,3,5,4,1,0,0,700,0,14,714,1400
,4,CAMPECHE,9,CIUDAD DEL CARMEN,3,CARMEN,194,2,29,151,1,8,20,84,375,4,5,18,5,3,0,0,703,0,19,722,1366
,4,CAMPECHE,9,CIUDAD DEL CARMEN,3,CARMEN,195,2,26,161,4,10,15,95,351,2,8,4,5,1,0,0,682,0,22,704,1311
,4,CAMPECHE,9,CIUDAD DEL CARMEN,3,CARMEN,196,2,20,146,3,9,36,80,364,5,30,7,0,0,0,0,700,0,31,731,1393
,4,CAMPECHE,9,CIUDAD DEL CARMEN,3,CARMEN,197,2,35,157,2,12,31,43,329,5,5,5,4,2,0,0,630,0,13,643,1198
,4,CAMPECHE,9,CIUDAD DEL CARMEN,3,CARMEN,201,2,20,168,4,5,25,98,287,6,6,4,4,2,1,1,631,0,20,651,918
,4,CAMPECHE,9,CIUDAD DEL CARMEN,3,CARMEN,202,3,39,295,5,13,54,85,412,5,8,3,2,4,0,0,925,0,24,949,1691
,4,CAMPECHE,9,CIUDAD DEL CARMEN,3,CARMEN,203,2,38,159,5,5,45,95,263,7,4,3,2,3,0,0,629,0,12,641,1492
,4,CAMPECHE,9,CIUDAD DEL CARMEN,3,CARMEN,204,1,30,67,5,3,23,63,190,0,2,3,1,2,0,1,390,0,15,405,709
,4,CAMPECHE,9,CIUDAD DEL CARMEN,3,CARMEN,207,3,53,217,4,8,18,122,384,10,6,10,8,4,0,0,844,2,27,873,1687
,4,CAMPECHE,9,CIUDAD DEL CARMEN,3,CARMEN,208,3,58,163,5,15,52,123,419,16,8,6,4,1,0,1,871,0,12,883,1546
,4,CAMPECHE,9,CIUDAD DEL CARMEN,3,CARMEN,209,2,49,197,4,9,65,86,415,4,10,1,8,1,0,1,850,1,21,872,1458
,4,CAMPECHE,9,CIUDAD DEL CARMEN,3,CARMEN,210,3,44,242,3,15,49,111,387,11,11,4,6,1,1,0,885,2,16,903,1607
,4,CAMPECHE,9,CIUDAD DEL CARMEN,3,CARMEN,212,2,20,124,2,4,25,45,207,3,5,2,5,3,1,0,446,0,18,464,777
,4,CAMPECHE,9,CIUDAD DEL CARMEN,3,CARMEN,213,2,38,101,1,9,45,51,235,7,2,5,8,3,0,0,505,0,12,517,896
,4,CAMPECHE,9,CIUDAD DEL CARMEN,3,CARMEN,217,2,34,158,11,6,50,91,357,3,5,5,4,2,0,0,726,0,20,746,1266
,4,CAMPECHE,9,CIUDAD DEL CARMEN,3,CARMEN,218,3,48,128,5,29,45,53,290,3,4,0,6,0,0,0,611,0,14,625,1177
,4,CAMPECHE,9,CIUDAD DEL CARMEN,3,CARMEN,219,1,35,65,2,3,22,24,142,3,0,1,2,0,0,0,299,1,5,305,466
,4,CAMPECHE,9,CIUDAD DEL CARMEN,3,CARMEN,226,2,32,133,3,12,18,68,328,2,1,10,3,2,0,1,613,0,10,623,1149
,4,CAMPECHE,9,CIUDAD DEL CARMEN,3,CARMEN,227,2,22,146,7,9,24,108,379,2,4,4,4,2,0,1,712,0,24,736,1400
,4,CAMPECHE,9,CIUDAD DEL CARMEN,3,CARMEN,228,3,23,108,9,10,19,75,305,5,7,6,4,1,0,0,572,0,12,584,991
,4,CAMPECHE,10,CIUDAD DEL CARMEN,3,CARMEN,183,8,150,564,12,37,49,322,1078,13,18,13,17,3,0,0,2276,2,58,2336,5590
,4,CAMPECHE,10,CIUDAD DEL CARMEN,3,CARMEN,184,7,126,510,13,41,47,357,1003,14,15,7,13,4,0,1,2151,0,34,2185,4962
,4,CAMPECHE,10,CIUDAD DEL CARMEN,3,CARMEN,185,5,36,363,6,22,12,170,704,9,20,10,3,2,0,0,1357,0,41,1398,3114
,4,CAMPECHE,10,CIUDAD DEL CARMEN,3,CARMEN,186,2,14,199,1,9,6,77,364,7,8,1,2,2,0,1,691,1,23,715,1436
,4,CAMPECHE,10,CIUDAD DEL CARMEN,3,CARMEN,191,3,27,222,7,8,12,166,512,7,6,3,5,2,0,1,978,1,31,1010,2163
,4,CAMPECHE,10,CIUDAD DEL CARMEN,3,CARMEN,192,3,16,171,3,7,12,97,368,2,3,3,7,1,0,1,691,1,15,707,1596
,4,CAMPECHE,10,CIUDAD DEL CARMEN,3,CARMEN,193,1,11,95,1,5,3,39,142,4,3,1,2,0,0,0,306,0,11,317,612
,4,CAMPECHE,10,CIUDAD DEL CARMEN,3,CARMEN,206,5,79,425,10,19,40,256,771,10,5,4,13,1,1,4,1638,0,30,1668,3098
,4,CAMPECHE,10,CIUDAD DEL CARMEN,3,CARMEN,231,4,35,244,7,21,13,140,559,5,9,2,4,4,0,1,1044,1,28,1073,2307
,4,CAMPECHE,10,CIUDAD DEL CARMEN,3,CARMEN,493,2,32,124,0,9,15,105,228,6,10,7,6,2,0,0,544,0,10,554,856
,4,CAMPECHE,10,CIUDAD DEL CARMEN,3,CARMEN,494,1,38,62,0,8,15,85,184,6,2,3,2,1,0,0,406,2,7,415,695
,4,CAMPECHE,10,CIUDAD DEL CARMEN,3,CARMEN,495,1,12,75,2,2,7,49,164,2,2,2,4,0,0,0,321,0,3,324,569
,4,CAMPECHE,10,CIUDAD DEL CARMEN,3,CARMEN,496,1,7,62,2,11,4,44,142,0,6,2,0,0,0,0,280,0,12,292,563
,4,CAMPECHE,10,CIUDAD DEL CARMEN,3,CARMEN,502,2,23,103,5,5,23,97,242,3,9,4,9,1,0,1,525,0,11,536,957
,4,CAMPECHE,10,CIUDAD DEL CARMEN,3,CARMEN,503,1,38,107,3,13,19,80,156,5,4,9,5,0,0,0,439,1,7,447,716
,4,CAMPECHE,10,CIUDAD DEL CARMEN,3,CARMEN,506,1,37,88,0,6,9,80,144,2,3,0,0,2,0,0,371,2,4,377,693
,4,CAMPECHE,11,CIUDAD DEL CARMEN,3,CARMEN,230,9,50,568,17,62,64,462,1481,17,64,11,11,3,0,0,2810,0,74,2884,6629
,4,CAMPECHE,11,CIUDAD DEL CARMEN,3,CARMEN,244,12,65,657,16,50,68,576,1701,18,47,15,89,5,0,2,3309,4,109,3422,8402
,4,CAMPECHE,11,CIUDAD DEL CARMEN,3,CARMEN,497,1,18,60,1,6,9,49,123,3,6,4,1,1,0,0,281,0,9,290,462
,4,CAMPECHE,11,CIUDAD DEL CARMEN,3,CARMEN,498,1,7,95,4,17,5,60,187,1,16,1,3,1,0,0,397,0,12,409,733
,4,CAMPECHE,11,CIUDAD DEL CARMEN,3,CARMEN,499,1,32,75,1,2,6,59,133,1,4,4,2,0,0,0,319,0,13,332,508
,4,CAMPECHE,11,CIUDAD DEL CARMEN,3,CARMEN,500,1,46,67,0,1,10,40,151,3,3,0,0,0,0,0,321,0,5,326,533
,4,CAMPECHE,11,CIUDAD DEL CARMEN,3,CARMEN,501,1,10,57,4,7,2,49,129,2,8,0,4,1,0,0,273,0,7,280,439
,4,CAMPECHE,11,CIUDAD DEL CARMEN,3,CARMEN,504,3,103,179,11,9,20,144,457,7,20,8,7,0,0,0,965,0,14,979,1703
,4,CAMPECHE,11,CIUDAD DEL CARMEN,3,CARMEN,505,1,9,81,0,0,6,42,103,1,17,2,2,1,0,0,264,0,8,272,466
,4,CAMPECHE,11,CIUDAD DEL CARMEN,3,CARMEN,507,1,8,42,1,2,2,26,120,2,69,2,2,0,0,0,276,0,4,280,473
,4,CAMPECHE,11,CIUDAD DEL CARMEN,3,CARMEN,508,1,6,61,0,7,6,41,124,7,7,2,5,0,0,0,266,0,7,273,450
,4,CAMPECHE,11,CIUDAD DEL CARMEN,3,CARMEN,509,3,23,143,1,13,22,158,495,3,15,4,3,1,0,0,881,1,9,891,2108
,4,CAMPECHE,11,CIUDAD DEL CARMEN,3,CARMEN,510,1,8,55,3,2,13,48,163,0,13,1,4,0,0,0,310,0,0,310,566
,4,CAMPECHE,11,CIUDAD DEL CARMEN,3,CARMEN,511,2,11,52,5,3,10,69,237,2,13,2,3,0,0,0,407,0,10,417,920
,4,CAMPECHE,11,CIUDAD DEL CARMEN,3,CARMEN,512,1,8,64,4,3,7,44,108,2,6,1,3,0,0,0,250,0,3,253,445
,4,CAMPECHE,11,CIUDAD DEL CARMEN,3,CARMEN,513,1,3,50,2,5,3,43,113,0,7,1,0,1,0,0,228,0,9,237,529
,4,CAMPECHE,11,CIUDAD DEL CARMEN,3,CARMEN,514,1,4,47,0,3,7,41,134,3,6,0,2,0,0,0,247,1,5,253,493
,4,CAMPECHE,11,CIUDAD DEL CARMEN,3,CARMEN,515,2,3,52,1,2,5,69,206,2,15,3,1,0,0,0,359,0,10,369,812
,4,CAMPECHE,11,CIUDAD DEL CARMEN,3,CARMEN,516,1,5,35,0,6,3,48,130,0,4,1,3,0,0,0,235,0,7,242,539
,4,CAMPECHE,11,CIUDAD DEL CARMEN,3,CARMEN,517,2,8,88,0,7,5,107,260,2,13,2,0,0,0,0,492,0,10,502,1102
,4,CAMPECHE,11,CIUDAD DEL CARMEN,3,CARMEN,518,1,9,34,0,6,2,49,110,4,2,1,1,3,0,0,221,0,6,227,493
,4,CAMPECHE,11,CIUDAD DEL CARMEN,3,CARMEN,519,1,5,46,2,5,5,50,121,2,5,0,0,0,0,0,241,0,11,252,500
,4,CAMPECHE,11,CIUDAD DEL CARMEN,3,CARMEN,520,1,8,43,2,10,6,67,167,1,3,0,1,0,0,0,308,0,6,314,666
,4,CAMPECHE,11,CIUDAD DEL CARMEN,3,CARMEN,521,1,11,63,0,5,3,49,159,1,6,3,2,0,0,0,302,0,6,308,500
,4,CAMPECHE,11,CIUDAD DEL CARMEN,3,CARMEN,522,1,4,67,3,4,6,53,123,1,3,0,0,0,0,0,264,0,10,274,564
,4,CAMPECHE,11,CIUDAD DEL CARMEN,3,CARMEN,523,1,4,53,1,4,1,33,109,0,1,0,2,1,0,0,209,0,5,214,475
,4,CAMPECHE,11,CIUDAD DEL CARMEN,3,CARMEN,524,1,8,75,2,1,3,26,98,1,1,0,2,0,0,1,218,0,5,223,416
,4,CAMPECHE,11,CIUDAD DEL CARMEN,3,CARMEN,525,1,1,37,0,7,2,29,113,0,1,0,0,1,0,0,191,0,5,196,400
,4,CAMPECHE,11,CIUDAD DEL CARMEN,3,CARMEN,526,1,4,38,0,5,3,46,78,0,2,1,1,0,0,0,178,0,3,181,387
,4,CAMPECHE,11,CIUDAD DEL CARMEN,3,CARMEN,527,1,3,43,2,5,1,24,76,1,1,0,0,0,0,0,156,0,3,159,359
,4,CAMPECHE,12,SABANCUY,3,CARMEN,250,3,28,430,1,43,5,433,330,10,15,3,17,10,0,1,1326,0,69,1395,2076
,4,CAMPECHE,12,SABANCUY,3,CARMEN,251,2,15,259,4,41,1,227,182,5,1,2,7,2,0,0,746,0,27,773,1065
,4,CAMPECHE,12,SABANCUY,3,CARMEN,252,2,15,275,3,55,2,214,160,6,5,1,8,1,0,1,746,0,24,770,1027
,4,CAMPECHE,12,SABANCUY,3,CARMEN,253,3,20,397,11,34,3,342,308,4,13,3,11,4,0,2,1152,0,41,1193,1729
,4,CAMPECHE,12,SABANCUY,3,CARMEN,254,1,1,163,0,4,4,41,291,4,4,7,7,1,0,0,527,0,15,542,683
,4,CAMPECHE,12,SABANCUY,3,CARMEN,255,1,4,114,0,8,8,121,188,7,6,4,0,0,0,0,460,0,12,472,591
,4,CAMPECHE,12,SABANCUY,3,CARMEN,256,4,9,299,11,14,44,154,630,10,23,6,16,4,0,2,1222,0,51,1273,2364
,4,CAMPECHE,12,SABANCUY,3,CARMEN,257,5,19,415,9,14,53,221,777,11,56,4,25,7,0,1,1612,0,48,1660,3253
,4,CAMPECHE,12,SABANCUY,3,CARMEN,258,2,13,248,0,11,1,235,328,14,13,5,5,11,0,0,884,0,17,901,1422
,4,CAMPECHE,12,SABANCUY,3,CARMEN,259,2,12,210,29,11,5,225,296,8,10,12,12,3,0,0,833,0,8,841,1384
,4,CAMPECHE,12,SABANCUY,3,CARMEN,260,2,10,115,12,6,1,88,172,5,3,19,6,4,0,0,441,0,11,452,755
,4,CAMPECHE,12,SABANCUY,3,CARMEN,261,2,6,194,7,4,3,159,362,13,22,15,10,1,0,1,797,0,29,826,1266
,4,CAMPECHE,12,SABANCUY,3,CARMEN,262,3,20,333,4,10,7,253,401,13,13,5,14,7,0,2,1082,0,37,1119,1590
,4,CAMPECHE,12,SABANCUY,3,CARMEN,270,1,8,57,7,8,2,20,69,1,1,2,1,1,0,0,177,0,10,187,291
,4,CAMPECHE,12,SABANCUY,3,CARMEN,271,2,18,164,1,7,0,39,179,2,5,5,8,5,0,0,433,0,19,452,759
,4,CAMPECHE,12,SABANCUY,3,CARMEN,272,1,2,32,0,0,0,7,29,0,0,0,0,0,0,0,70,0,0,70,132
,4,CAMPECHE,12,SABANCUY,3,CARMEN,284,1,12,119,1,1,0,4,40,6,0,1,2,5,0,0,191,0,5,196,310
,4,CAMPECHE,12,SABANCUY,3,CARMEN,472,2,26,150,28,34,3,150,218,6,3,0,8,3,0,0,629,0,31,660,1062
,4,CAMPECHE,12,SABANCUY,3,CARMEN,473,2,11,160,52,72,6,89,254,7,3,4,1,1,0,0,660,0,23,683,982
,4,CAMPECHE,12,SABANCUY,3,CARMEN,474,1,21,110,7,14,0,10,43,1,4,0,1,1,0,0,212,0,3,215,291
,4,CAMPECHE,12,SABANCUY,3,CARMEN,478,2,72,195,21,52,3,232,230,6,6,7,5,3,1,0,833,1,26,860,1303
,4,CAMPECHE,12,SABANCUY,3,CARMEN,479,1,11,119,8,28,0,72,127,1,1,2,5,1,0,0,375,0,14,389,544
,4,CAMPECHE,12,SABANCUY,3,CARMEN,483,1,4,73,4,24,0,21,76,3,3,1,2,1,0,1,213,0,6,219,349
,4,CAMPECHE,12,SABANCUY,3,CARMEN,484,2,97,297,51,63,7,153,256,5,6,1,4,7,0,0,947,0,39,986,1458
,4,CAMPECHE,12,SABANCUY,3,CARMEN,486,3,20,308,7,10,3,214,301,15,14,5,14,6,0,0,917,0,29,946,1618
,4,CAMPECHE,12,SABANCUY,3,CARMEN,487,2,137,107,6,68,1,75,135,5,9,1,5,6,1,0,556,0,23,579,831
,4,CAMPECHE,12,SABANCUY,3,CARMEN,488,1,74,37,1,7,1,58,94,4,2,2,3,6,1,0,290,0,12,302,473
,4,CAMPECHE,12,SABANCUY,3,CARMEN,491,3,86,214,4,22,19,146,463,10,10,2,7,1,1,0,985,2,19,1006,1732
,4,CAMPECHE,12,SABANCUY,3,CARMEN,492,3,73,156,3,14,17,141,409,12,3,2,8,1,0,0,839,1,10,850,1741
,4,CAMPECHE,13,ESCARCEGA,9,ESCARCEGA,448,5,105,289,6,53,37,610,536,11,21,3,17,18,0,1,1707,0,65,1772,3180
,4,CAMPECHE,13,ESCARCEGA,9,ESCARCEGA,449,2,58,140,4,16,41,236,233,4,3,4,15,5,0,0,759,0,33,792,1431
,4,CAMPECHE,13,ESCARCEGA,9,ESCARCEGA,450,2,81,192,2,16,17,218,223,6,8,6,5,5,0,0,779,0,17,796,1345
,4,CAMPECHE,13,ESCARCEGA,9,ESCARCEGA,451,3,55,226,8,41,29,270,310,7,18,3,11,12,1,1,992,0,45,1037,1845
,4,CAMPECHE,13,ESCARCEGA,9,ESCARCEGA,452,1,16,76,1,6,13,111,124,2,3,3,4,7,1,0,367,0,9,376,591
,4,CAMPECHE,13,ESCARCEGA,9,ESCARCEGA,453,2,26,83,5,32,11,174,155,1,9,1,7,2,0,0,506,0,16,522,828
,4,CAMPECHE,13,ESCARCEGA,9,ESCARCEGA,454,3,59,259,7,41,45,365,363,4,10,6,11,10,0,0,1180,1,35,1216,2113
,4,CAMPECHE,13,ESCARCEGA,9,ESCARCEGA,455,3,42,216,14,18,15,242,235,4,6,3,9,4,0,0,808,0,30,838,1551
,4,CAMPECHE,13,ESCARCEGA,9,ESCARCEGA,456,2,26,85,2,8,17,181,147,4,6,0,4,3,0,0,483,0,16,499,891
,4,CAMPECHE,13,ESCARCEGA,9,ESCARCEGA,457,1,13,116,3,5,15,181,132,3,3,4,10,3,0,0,488,0,23,511,733
,4,CAMPECHE,13,ESCARCEGA,9,ESCARCEGA,458,2,29,136,2,10,12,190,171,4,6,2,4,4,0,0,570,0,22,592,947
,4,CAMPECHE,13,ESCARCEGA,9,ESCARCEGA,459,1,25,91,5,14,7,145,118,2,5,4,5,6,0,0,427,1,13,441,739
,4,CAMPECHE,13,ESCARCEGA,9,ESCARCEGA,460,2,8,98,1,30,23,300,279,1,11,3,100,3,0,0,857,0,24,881,634
,4,CAMPECHE,13,ESCARCEGA,9,ESCARCEGA,461,2,28,133,15,14,20,236,216,5,21,5,7,7,1,1,709,1,29,739,1239
,4,CAMPECHE,13,ESCARCEGA,9,ESCARCEGA,462,2,21,93,2,5,24,211,171,3,12,3,11,0,0,0,556,0,27,583,1087
,4,CAMPECHE,13,ESCARCEGA,9,ESCARCEGA,463,2,66,186,7,9,15,252,192,4,12,2,7,4,0,0,756,0,16,772,1230
,4,CAMPECHE,13,ESCARCEGA,9,ESCARCEGA,464,3,51,235,7,26,17,340,275,10,9,4,12,3,0,0,989,0,45,1034,1996
,4,CAMPECHE,13,ESCARCEGA,9,ESCARCEGA,465,1,13,59,5,0,4,69,89,1,1,0,2,0,0,0,243,0,5,248,355
,4,CAMPECHE,13,ESCARCEGA,9,ESCARCEGA,466,2,45,68,3,11,6,106,67,3,1,1,1,1,1,1,315,0,10,325,502
,4,CAMPECHE,13,ESCARCEGA,9,ESCARCEGA,471,2,42,115,3,29,13,325,265,7,13,1,3,4,0,2,822,0,24,846,1322
,4,CAMPECHE,13,ESCARCEGA,9,ESCARCEGA,475,2,38,69,14,14,5,241,182,8,2,2,7,2,0,1,585,0,19,604,980
,4,CAMPECHE,13,ESCARCEGA,9,ESCARCEGA,476,2,48,65,6,12,15,148,150,3,5,0,5,1,0,0,458,0,15,473,828
,4,CAMPECHE,13,ESCARCEGA,9,ESCARCEGA,477,2,79,109,6,19,29,287,143,4,3,0,11,9,0,0,699,0,27,726,1194
,4,CAMPECHE,13,ESCARCEGA,9,ESCARCEGA,480,2,76,117,3,11,23,160,188,6,8,1,6,1,0,0,600,0,16,616,921
,4,CAMPECHE,13,ESCARCEGA,9,ESCARCEGA,481,2,30,112,7,9,34,215,162,4,4,1,7,0,0,1,586,0,25,611,1215
,4,CAMPECHE,13,ESCARCEGA,9,ESCARCEGA,482,1,1,93,4,4,33,127,137,3,3,0,1,1,0,0,407,0,25,432,683
,4,CAMPECHE,13,ESCARCEGA,9,ESCARCEGA,485,2,178,52,3,13,37,141,187,4,4,0,1,1,0,0,621,0,21,642,756
,4,CAMPECHE,13,ESCARCEGA,9,ESCARCEGA,489,3,87,191,5,23,30,421,259,1,43,4,4,4,0,0,1072,0,41,1113,2108
,4,CAMPECHE,14,CANDELARIA,10,CANDELARIA,274,2,192,190,3,5,4,39,276,4,4,0,3,8,1,0,729,0,24,753,1097
,4,CAMPECHE,14,CANDELARIA,10,CANDELARIA,275,2,68,64,1,10,2,20,172,6,2,1,1,2,0,0,349,0,10,359,562
,4,CAMPECHE,14,CANDELARIA,10,CANDELARIA,276,1,45,56,3,2,7,8,108,1,1,0,0,6,0,0,237,0,3,240,378
,4,CAMPECHE,14,CANDELARIA,10,CANDELARIA,277,3,229,302,1,9,9,69,457,13,21,5,10,14,1,0,1140,0,23,1163,1752
,4,CAMPECHE,14,CANDELARIA,10,CANDELARIA,279,3,277,189,3,15,32,83,513,10,8,4,8,22,0,0,1164,0,35,1199,2149
,4,CAMPECHE,14,CANDELARIA,10,CANDELARIA,280,3,228,141,5,11,38,54,371,10,5,3,12,6,0,0,884,0,31,915,1674
,4,CAMPECHE,14,CANDELARIA,10,CANDELARIA,281,2,156,133,4,12,29,57,313,10,7,5,7,10,0,1,744,0,31,775,1341
,4,CAMPECHE,14,CANDELARIA,10,CANDELARIA,282,2,169,103,7,10,8,43,240,13,3,3,5,8,0,0,612,0,35,647,1125
,4,CAMPECHE,14,CANDELARIA,10,CANDELARIA,283,3,276,232,6,10,17,76,474,12,4,2,6,8,1,0,1124,0,34,1158,2116
,4,CAMPECHE,14,CANDELARIA,10,CANDELARIA,285,2,143,85,4,7,4,24,200,5,7,6,4,6,0,0,495,0,26,521,830
,4,CAMPECHE,14,CANDELARIA,10,CANDELARIA,286,1,40,28,0,1,2,6,77,2,3,0,1,3,0,0,163,0,3,166,303
,4,CAMPECHE,14,CANDELARIA,10,CANDELARIA,287,1,29,56,0,0,2,16,78,9,4,0,4,2,0,0,200,0,9,209,307
,4,CAMPECHE,14,CANDELARIA,10,CANDELARIA,288,1,72,41,1,6,0,25,60,1,5,12,1,5,0,0,229,0,7,236,416
,4,CAMPECHE,14,CANDELARIA,10,CANDELARIA,289,2,128,136,2,14,5,55,117,3,1,0,1,4,0,0,466,0,15,481,751
,4,CAMPECHE,14,CANDELARIA,10,CANDELARIA,290,1,12,26,0,13,0,2,18,0,2,4,0,1,0,0,78,0,2,80,136
,4,CAMPECHE,14,CANDELARIA,10,CANDELARIA,291,2,191,87,0,4,2,40,256,18,9,7,1,8,0,0,623,0,26,649,1137
,4,CAMPECHE,14,CANDELARIA,10,CANDELARIA,292,1,87,64,0,11,3,24,184,7,6,0,3,4,0,0,393,0,14,407,605
,4,CAMPECHE,14,CANDELARIA,10,CANDELARIA,293,2,96,142,1,25,8,57,277,11,8,1,6,4,1,0,637,0,21,658,1009
,4,CAMPECHE,14,CANDELARIA,10,CANDELARIA,294,1,6,19,1,0,0,33,20,1,0,0,2,3,0,0,85,0,5,90,174
,4,CAMPECHE,14,CANDELARIA,10,CANDELARIA,295,3,252,184,9,10,13,123,498,18,6,3,4,3,0,0,1123,0,35,1158,1836
,4,CAMPECHE,14,CANDELARIA,10,CANDELARIA,296,1,46,103,2,8,5,75,181,2,2,14,1,4,0,0,443,0,27,470,750
,4,CAMPECHE,14,CANDELARIA,10,CANDELARIA,297,2,68,125,4,10,7,128,189,2,5,3,2,2,1,0,546,0,16,562,788
,4,CAMPECHE,14,CANDELARIA,10,CANDELARIA,298,2,88,92,2,20,16,118,237,13,2,3,1,3,0,0,595,0,30,625,950
,4,CAMPECHE,14,CANDELARIA,10,CANDELARIA,299,2,98,124,2,22,6,107,302,3,4,6,0,3,0,0,677,0,38,715,1102
,4,CAMPECHE,14,CANDELARIA,10,CANDELARIA,300,1,20,67,0,6,1,51,108,4,1,3,0,6,0,0,267,0,14,281,457
,4,CAMPECHE,14,CANDELARIA,10,CANDELARIA,301,3,222,235,8,11,12,70,473,19,16,5,3,18,3,1,1096,0,42,1138,1801
,4,CAMPECHE,14,CANDELARIA,10,CANDELARIA,302,1,19,34,0,14,8,41,68,4,0,0,2,1,0,0,191,0,10,201,304
,4,CAMPECHE,14,CANDELARIA,10,CANDELARIA,490,2,12,71,0,5,3,19,111,0,4,2,1,1,0,0,229,0,11,240,316
,4,CAMPECHE,14,CANDELARIA,10,CANDELARIA,531,2,134,86,5,11,2,22,213,8,6,4,5,6,0,0,502,0,17,519,828
,4,CAMPECHE,14,CANDELARIA,10,CANDELARIA,532,2,144,154,9,14,3,28,413,6,13,1,11,17,0,0,813,0,23,836,1296
,4,CAMPECHE,14,CANDELARIA,10,CANDELARIA,533,3,134,97,0,10,6,70,433,11,7,4,2,11,0,0,785,0,44,829,1487
,4,CAMPECHE,14,CANDELARIA,10,CANDELARIA,534,1,24,60,3,2,3,30,72,4,4,2,1,4,0,0,209,0,8,217,372
,4,CAMPECHE,14,CANDELARIA,10,CANDELARIA,535,1,35,95,0,6,1,23,94,5,0,0,4,5,0,0,268,0,9,277,398
,4,CAMPECHE,14,CANDELARIA,10,CANDELARIA,536,3,217,164,3,18,7,92,541,23,31,7,9,11,2,0,1125,1,44,1170,2121
,4,CAMPECHE,14,CANDELARIA,10,CANDELARIA,537,1,63,56,2,1,0,47,153,6,6,1,1,2,0,0,338,0,16,354,633
,4,CAMPECHE,15,CHAMPOTON,4,CHAMPOTON,303,2,13,154,6,11,4,109,232,1,3,2,12,3,0,0,550,0,13,563,797
,4,CAMPECHE,15,CHAMPOTON,4,CHAMPOTON,304,2,10,170,0,7,7,93,199,2,3,0,11,1,1,2,506,0,11,517,763
,4,CAMPECHE,15,CHAMPOTON,4,CHAMPOTON,305,2,4,182,2,17,10,143,276,3,6,1,13,2,0,1,660,0,20,680,1170
,4,CAMPECHE,15,CHAMPOTON,4,CHAMPOTON,306,3,16,225,14,30,11,214,355,1,10,5,12,3,0,0,896,0,28,924,1523
,4,CAMPECHE,15,CHAMPOTON,4,CHAMPOTON,307,2,7,196,4,12,16,130,213,0,1,1,10,1,0,0,591,0,13,604,842
,4,CAMPECHE,15,CHAMPOTON,4,CHAMPOTON,308,2,15,160,2,7,2,46,102,2,0,1,4,0,0,0,341,0,6,347,451
,4,CAMPECHE,15,CHAMPOTON,4,CHAMPOTON,309,1,15,146,1,11,6,52,159,3,6,0,4,5,0,0,408,0,14,422,630
,4,CAMPECHE,15,CHAMPOTON,4,CHAMPOTON,310,2,31,213,1,11,2,115,254,1,2,0,11,4,0,2,647,0,15,662,908
,4,CAMPECHE,15,CHAMPOTON,4,CHAMPOTON,311,1,3,173,4,15,0,116,153,1,1,5,9,1,0,0,481,0,6,487,692
,4,CAMPECHE,15,CHAMPOTON,4,CHAMPOTON,312,3,28,301,10,55,15,248,367,7,8,5,10,5,0,0,1059,0,36,1095,2109
,4,CAMPECHE,15,CHAMPOTON,4,CHAMPOTON,313,2,5,134,4,19,7,198,276,8,9,4,7,2,0,0,673,0,24,697,1398
,4,CAMPECHE,15,CHAMPOTON,4,CHAMPOTON,314,2,15,176,5,22,5,174,253,3,2,3,12,1,0,1,672,0,14,686,1093
,4,CAMPECHE,15,CHAMPOTON,4,CHAMPOTON,315,2,13,172,11,61,7,142,348,7,10,4,7,2,0,1,785,0,15,800,1376
,4,CAMPECHE,15,CHAMPOTON,4,CHAMPOTON,316,3,11,255,7,38,9,263,299,8,10,10,16,3,0,1,930,0,34,964,1650
,4,CAMPECHE,15,CHAMPOTON,4,CHAMPOTON,317,4,11,248,6,61,11,281,473,7,22,6,8,1,0,0,1135,0,42,1177,2257
,4,CAMPECHE,15,CHAMPOTON,4,CHAMPOTON,318,3,20,238,7,34,5,241,408,5,18,2,14,3,0,0,995,0,36,1031,1676
,4,CAMPECHE,15,CHAMPOTON,4,CHAMPOTON,319,9,98,789,20,126,27,576,1197,15,30,8,36,17,0,1,2940,2,111,3053,6214
,4,CAMPECHE,15,CHAMPOTON,4,CHAMPOTON,338,1,3,42,10,6,3,31,68,1,1,0,2,0,0,0,167,0,2,169,231
,4,CAMPECHE,15,CHAMPOTON,4,CHAMPOTON,341,2,29,269,6,52,7,131,369,5,8,1,11,3,0,0,891,0,26,917,1342
,4,CAMPECHE,15,CHAMPOTON,4,CHAMPOTON,344,1,16,109,3,12,1,63,246,10,7,1,4,0,0,0,472,0,7,479,699
,4,CAMPECHE,15,CHAMPOTON,4,CHAMPOTON,345,2,32,106,5,11,4,101,223,5,6,3,1,4,0,0,501,0,13,514,910
,4,CAMPECHE,15,CHAMPOTON,4,CHAMPOTON,346,2,61,84,7,7,3,110,254,11,8,1,4,0,0,0,550,0,21,571,1034
,4,CAMPECHE,15,CHAMPOTON,4,CHAMPOTON,349,2,141,146,9,9,3,116,368,10,4,2,5,1,0,1,815,0,20,835,1179
,4,CAMPECHE,15,CHAMPOTON,4,CHAMPOTON,350,3,58,323,11,6,2,139,489,12,19,11,7,1,0,0,1078,0,27,1105,1521
,4,CAMPECHE,15,CHAMPOTON,4,CHAMPOTON,351,1,35,92,1,4,1,129,114,2,2,1,0,5,0,0,386,0,7,393,515
,4,CAMPECHE,15,CHAMPOTON,4,CHAMPOTON,353,1,16,102,2,2,0,67,92,1,4,1,1,0,0,0,288,0,8,296,396
,4,CAMPECHE,15,CHAMPOTON,4,CHAMPOTON,355,1,6,84,4,1,1,22,102,1,2,2,0,0,0,1,226,0,4,230,272
,4,CAMPECHE,16,SEYBAPLAYA,4,CHAMPOTON,329,2,7,215,3,25,11,127,216,2,21,1,8,0,0,1,637,0,32,669,892
,4,CAMPECHE,16,SEYBAPLAYA,4,CHAMPOTON,330,2,4,225,0,5,10,95,393,5,15,2,8,0,0,0,762,0,27,789,1080
,4,CAMPECHE,16,SEYBAPLAYA,4,CHAMPOTON,332,1,6,108,3,13,2,60,141,2,1,1,2,1,0,0,340,0,7,347,512
,4,CAMPECHE,16,SEYBAPLAYA,4,CHAMPOTON,333,2,11,267,5,136,7,114,212,8,6,3,5,0,0,0,774,0,19,793,1211
,4,CAMPECHE,16,SEYBAPLAYA,4,CHAMPOTON,334,4,13,222,5,21,5,89,375,13,16,0,4,0,0,0,763,0,24,787,1077
,4,CAMPECHE,16,SEYBAPLAYA,4,CHAMPOTON,335,2,3,121,2,4,5,85,256,9,4,3,7,2,0,0,501,0,11,512,765
,4,CAMPECHE,16,SEYBAPLAYA,4,CHAMPOTON,336,2,12,207,4,17,7,76,273,7,3,3,5,0,0,0,614,0,25,639,918
,4,CAMPECHE,16,SEYBAPLAYA,4,CHAMPOTON,337,2,5,164,5,9,2,53,317,8,8,5,4,0,0,0,580,0,12,592,865
,4,CAMPECHE,16,SEYBAPLAYA,4,CHAMPOTON,339,1,6,198,2,8,2,31,162,1,4,0,8,1,0,0,423,0,12,435,635
,4,CAMPECHE,16,SEYBAPLAYA,4,CHAMPOTON,340,4,39,337,7,19,6,337,528,16,8,7,4,5,0,1,1314,2,41,1357,2214
,4,CAMPECHE,16,SEYBAPLAYA,4,CHAMPOTON,342,2,7,286,11,41,1,215,316,6,8,0,4,1,0,0,896,0,14,910,1211
,4,CAMPECHE,16,SEYBAPLAYA,4,CHAMPOTON,343,2,10,235,2,9,1,119,338,2,3,4,6,1,0,0,730,0,25,755,1079
,4,CAMPECHE,16,SEYBAPLAYA,4,CHAMPOTON,347,3,16,287,3,7,5,197,447,7,9,5,3,0,0,0,986,0,16,1002,1438
,4,CAMPECHE,16,SEYBAPLAYA,4,CHAMPOTON,348,2,13,126,4,4,2,50,241,12,8,4,0,0,0,0,464,0,23,487,776
,4,CAMPECHE,16,SEYBAPLAYA,4,CHAMPOTON,352,1,8,128,4,8,1,144,139,1,5,1,2,0,0,0,441,0,7,448,631
,4,CAMPECHE,16,SEYBAPLAYA,4,CHAMPOTON,354,1,19,165,9,11,4,110,161,3,4,1,2,5,0,0,494,0,22,516,738
,4,CAMPECHE,16,SEYBAPLAYA,4,CHAMPOTON,528,1,16,126,3,6,0,75,100,6,6,1,1,2,0,0,342,0,11,353,592
,4,CAMPECHE,16,SEYBAPLAYA,4,CHAMPOTON,529,2,5,87,2,10,2,121,253,10,13,2,3,0,0,1,509,0,24,533,870
,4,CAMPECHE,16,SEYBAPLAYA,4,CHAMPOTON,530,1,22,37,12,3,0,38,64,2,3,2,0,2,2,0,187,0,14,201,257
,4,CAMPECHE,16,SEYBAPLAYA,4,CHAMPOTON,538,5,64,507,18,172,13,320,517,13,23,2,13,5,2,1,1670,0,103,1773,3092
,4,CAMPECHE,16,SEYBAPLAYA,4,CHAMPOTON,539,2,6,221,1,3,3,116,506,2,6,5,14,1,0,0,884,0,16,900,1102
,4,CAMPECHE,16,SEYBAPLAYA,13,SEYBAPLAYA,320,3,8,285,8,4,32,348,512,13,82,3,6,0,0,0,1301,0,36,1337,1761
,4,CAMPECHE,16,SEYBAPLAYA,13,SEYBAPLAYA,321,2,8,165,1,5,15,152,245,0,15,0,9,0,0,1,616,0,7,623,791
,4,CAMPECHE,16,SEYBAPLAYA,13,SEYBAPLAYA,322,2,11,210,3,4,25,181,361,10,28,0,4,0,0,0,837,0,17,854,1179
,4,CAMPECHE,16,SEYBAPLAYA,13,SEYBAPLAYA,323,2,2,209,1,5,18,211,280,5,18,6,10,0,0,0,765,0,27,792,1025
,4,CAMPECHE,16,SEYBAPLAYA,13,SEYBAPLAYA,324,2,2,184,3,2,16,226,345,5,35,1,9,2,0,0,830,0,17,847,1151
,4,CAMPECHE,16,SEYBAPLAYA,13,SEYBAPLAYA,325,3,13,246,4,4,23,237,486,8,73,2,10,2,0,0,1108,0,37,1145,1526
,4,CAMPECHE,16,SEYBAPLAYA,13,SEYBAPLAYA,326,2,2,138,2,5,23,112,312,5,5,4,6,1,0,0,615,0,8,623,809
,4,CAMPECHE,16,SEYBAPLAYA,13,SEYBAPLAYA,327,3,23,566,3,46,48,209,372,5,18,2,27,4,0,0,1323,0,35,1358,1767
,4,CAMPECHE,16,SEYBAPLAYA,13,SEYBAPLAYA,328,3,11,357,4,82,32,199,340,4,4,3,17,3,0,1,1057,0,34,1091,1538
,4,CAMPECHE,17,CALKINI,2,CALKINI,147,3,19,272,11,15,23,342,410,8,92,85,2,1,0,1,1281,1,33,1315,1801
,4,CAMPECHE,17,CALKINI,2,CALKINI,148,2,13,221,10,5,4,242,229,6,13,48,8,0,0,1,800,0,24,824,1130
,4,CAMPECHE,17,CALKINI,2,CALKINI,149,2,18,187,7,12,26,226,298,2,25,55,2,1,0,1,860,0,15,875,1157
,4,CAMPECHE,17,CALKINI,2,CALKINI,150,2,1,131,2,5,19,200,211,2,32,32,5,1,0,0,641,1,8,650,794
,4,CAMPECHE,17,CALKINI,2,CALKINI,151,2,20,211,5,3,23,159,173,5,21,32,7,2,0,0,661,1,15,677,831
,4,CAMPECHE,17,CALKINI,2,CALKINI,152,2,22,198,9,3,20,182,248,6,47,52,8,1,0,1,797,1,27,825,1066
,4,CAMPECHE,17,CALKINI,2,CALKINI,153,2,13,140,6,16,10,232,269,3,17,53,2,0,0,1,762,3,21,786,1061
,4,CAMPECHE,17,CALKINI,2,CALKINI,154,3,11,316,11,14,39,314,433,5,28,179,14,2,2,1,1369,3,25,1397,1866
,4,CAMPECHE,17,CALKINI,2,CALKINI,155,2,10,245,8,12,16,220,360,7,30,71,7,0,0,1,987,1,17,1005,1428
,4,CAMPECHE,17,CALKINI,2,CALKINI,156,2,6,79,1,6,6,77,123,13,10,26,2,0,0,1,350,0,10,360,953
,4,CAMPECHE,17,CALKINI,2,CALKINI,159,2,29,136,9,7,5,108,246,7,3,11,6,1,0,2,570,0,12,582,823
,4,CAMPECHE,17,CALKINI,2,CALKINI,160,2,40,146,5,6,12,123,266,3,6,7,3,2,0,0,619,0,13,632,834
,4,CAMPECHE,17,CALKINI,2,CALKINI,161,2,29,131,5,4,20,144,206,0,7,7,3,0,0,1,557,1,18,576,813
,4,CAMPECHE,17,CALKINI,2,CALKINI,162,2,62,170,10,6,17,219,283,7,10,5,5,0,0,2,796,0,15,811,1042
,4,CAMPECHE,17,CALKINI,2,CALKINI,163,2,30,127,1,7,13,173,237,2,8,7,6,1,0,7,619,0,15,634,829
,4,CAMPECHE,17,CALKINI,2,CALKINI,164,2,23,166,2,7,14,145,253,8,6,5,5,4,1,6,645,0,15,660,894
,4,CAMPECHE,17,CALKINI,2,CALKINI,169,3,4,444,3,16,128,153,475,12,9,30,5,1,0,0,1280,1,23,1304,1592
,4,CAMPECHE,17,CALKINI,2,CALKINI,172,2,45,284,5,20,11,255,301,5,12,20,1,2,0,0,961,0,30,991,1496
,4,CAMPECHE,17,CALKINI,2,CALKINI,179,2,4,386,90,7,12,277,362,11,22,14,0,3,1,0,1189,0,30,1219,1487
,4,CAMPECHE,17,CALKINI,12,DZITBALCHE,173,3,15,354,13,127,17,246,543,10,27,8,5,1,0,1,1367,0,19,1386,1932
,4,CAMPECHE,17,CALKINI,12,DZITBALCHE,174,2,4,284,6,84,12,135,403,4,18,6,8,2,1,0,967,0,12,979,1293
,4,CAMPECHE,17,CALKINI,12,DZITBALCHE,175,3,12,449,10,177,20,370,571,3,19,12,6,1,0,1,1651,0,30,1681,2130
,4,CAMPECHE,17,CALKINI,12,DZITBALCHE,176,3,13,282,10,89,9,203,336,4,16,19,4,0,0,2,987,0,34,1021,2195
,4,CAMPECHE,17,CALKINI,12,DZITBALCHE,177,3,12,636,23,132,8,276,434,7,12,33,6,1,1,1,1582,0,35,1617,1856
,4,CAMPECHE,17,CALKINI,12,DZITBALCHE,180,3,15,698,10,34,8,224,687,18,30,39,10,2,0,0,1775,0,30,1805,2066
,4,CAMPECHE,18,HOPELCHEN,6,HOPELCHEN,381,3,22,503,8,145,6,327,177,1,6,4,8,2,0,0,1209,0,29,1238,1888
,4,CAMPECHE,18,HOPELCHEN,6,HOPELCHEN,382,5,44,543,152,98,3,395,309,3,10,1,14,2,0,1,1575,0,41,1616,3179
,4,CAMPECHE,18,HOPELCHEN,6,HOPELCHEN,383,2,25,350,8,66,12,175,121,0,1,4,9,1,0,0,772,0,19,791,1015
,4,CAMPECHE,18,HOPELCHEN,6,HOPELCHEN,384,2,13,327,9,74,5,210,120,2,1,4,10,2,0,0,777,0,18,795,990
,4,CAMPECHE,18,HOPELCHEN,6,HOPELCHEN,385,1,0,149,6,1,0,177,16,0,0,1,1,0,0,0,351,0,1,352,369
,4,CAMPECHE,18,HOPELCHEN,6,HOPELCHEN,386,1,1,91,0,1,3,118,42,2,2,0,0,0,0,1,261,0,0,261,414
,4,CAMPECHE,18,HOPELCHEN,6,HOPELCHEN,387,1,7,144,10,3,2,66,48,4,2,1,1,0,0,0,288,0,3,291,304
,4,CAMPECHE,18,HOPELCHEN,6,HOPELCHEN,388,4,18,488,50,70,97,560,437,6,22,3,11,3,0,0,1765,0,28,1793,2337
,4,CAMPECHE,18,HOPELCHEN,6,HOPELCHEN,389,2,12,246,5,22,50,276,159,2,11,1,0,1,0,0,785,0,0,785,1148
,4,CAMPECHE,18,HOPELCHEN,6,HOPELCHEN,390,1,4,128,0,1,2,31,154,0,1,0,1,1,0,0,323,0,4,327,357
,4,CAMPECHE,18,HOPELCHEN,6,HOPELCHEN,391,1,11,90,9,9,0,36,108,10,0,2,0,0,0,0,275,0,5,280,341
,4,CAMPECHE,18,HOPELCHEN,6,HOPELCHEN,392,1,2,79,1,0,0,23,76,0,2,0,3,1,0,0,187,0,2,189,193
,4,CAMPECHE,18,HOPELCHEN,6,HOPELCHEN,393,1,0,36,0,0,0,19,61,6,2,0,1,1,0,0,126,0,2,128,157
,4,CAMPECHE,18,HOPELCHEN,6,HOPELCHEN,394,2,9,248,9,18,1,243,123,1,5,4,3,0,0,0,664,0,5,669,768
,4,CAMPECHE,18,HOPELCHEN,6,HOPELCHEN,395,2,4,330,0,12,6,210,179,11,3,3,0,0,0,0,758,0,5,763,912
,4,CAMPECHE,18,HOPELCHEN,6,HOPELCHEN,396,1,0,152,5,9,1,178,81,0,4,2,3,0,0,0,435,0,6,441,523
,4,CAMPECHE,18,HOPELCHEN,6,HOPELCHEN,397,1,7,171,7,14,2,86,161,5,7,3,4,0,0,0,467,0,15,482,648
,4,CAMPECHE,18,HOPELCHEN,6,HOPELCHEN,398,2,10,200,8,36,2,123,217,10,14,3,9,2,0,0,634,0,19,653,802
,4,CAMPECHE,18,HOPELCHEN,6,HOPELCHEN,399,1,5,109,0,45,0,159,93,5,0,0,4,0,0,0,420,0,2,422,493
,4,CAMPECHE,18,HOPELCHEN,6,HOPELCHEN,400,2,39,535,5,12,9,245,248,9,5,2,14,3,0,0,1126,0,13,1139,1292
,4,CAMPECHE,18,HOPELCHEN,6,HOPELCHEN,401,2,76,479,2,17,0,168,331,7,5,1,9,1,0,0,1096,0,18,1114,1268
,4,CAMPECHE,18,HOPELCHEN,6,HOPELCHEN,402,1,0,90,3,0,0,19,71,0,0,0,0,0,0,0,183,0,0,183,749
,4,CAMPECHE,18,HOPELCHEN,6,HOPELCHEN,403,2,23,223,3,9,1,166,337,2,16,3,1,0,0,0,784,0,32,816,1376
,4,CAMPECHE,18,HOPELCHEN,6,HOPELCHEN,404,2,3,239,0,16,2,132,219,5,5,3,3,3,0,0,630,0,7,637,824
,4,CAMPECHE,18,HOPELCHEN,6,HOPELCHEN,405,1,0,53,0,9,2,42,35,0,0,0,0,0,0,0,141,0,2,143,744
,4,CAMPECHE,18,HOPELCHEN,6,HOPELCHEN,406,1,1,96,3,2,1,150,66,1,0,2,0,0,0,0,322,0,3,325,602
,4,CAMPECHE,18,HOPELCHEN,6,HOPELCHEN,407,2,29,208,2,2,1,149,274,4,14,3,0,0,0,0,686,0,10,696,824
,4,CAMPECHE,18,HOPELCHEN,6,HOPELCHEN,408,1,1,221,0,13,0,37,166,1,1,1,0,0,0,0,441,0,4,445,510
,4,CAMPECHE,18,HOPELCHEN,6,HOPELCHEN,409,2,30,223,16,5,4,263,200,4,11,0,0,0,0,0,756,0,7,763,893
,4,CAMPECHE,18,HOPELCHEN,6,HOPELCHEN,410,3,89,415,23,24,3,365,276,2,31,0,0,0,0,0,1228,0,13,1241,1568
,4,CAMPECHE,18,HOPELCHEN,6,HOPELCHEN,411,2,16,223,8,8,4,240,173,1,36,0,1,5,0,0,715,0,35,750,867
,4,CAMPECHE,18,HOPELCHEN,6,HOPELCHEN,412,1,4,105,0,1,0,110,108,0,2,0,0,0,0,0,330,0,46,376,356
,4,CAMPECHE,19,HECELCHAKAN,2,CALKINI,157,2,4,277,4,7,13,212,77,1,3,6,16,3,0,0,623,0,13,636,760
,4,CAMPECHE,19,HECELCHAKAN,2,CALKINI,158,2,10,233,23,6,10,174,270,10,4,31,0,1,1,0,773,0,24,797,882
,4,CAMPECHE,19,HECELCHAKAN,2,CALKINI,165,1,0,0,0,0,0,0,0,0,0,0,0,0,0,0,0,0,0,0,285
,4,CAMPECHE,19,HECELCHAKAN,2,CALKINI,166,3,14,546,2,13,19,575,505,3,9,11,15,2,0,0,1714,0,26,1740,2157
,4,CAMPECHE,19,HECELCHAKAN,2,CALKINI,167,2,13,258,1,15,25,286,398,5,7,8,3,1,0,0,1020,0,7,1027,1207
,4,CAMPECHE,19,HECELCHAKAN,2,CALKINI,168,2,9,327,3,2,14,424,292,7,7,3,14,1,0,0,1103,1,11,1115,1342
,4,CAMPECHE,19,HECELCHAKAN,2,CALKINI,170,2,8,405,2,2,3,260,185,4,4,4,2,0,0,0,879,0,14,893,994
,4,CAMPECHE,19,HECELCHAKAN,2,CALKINI,171,1,0,210,0,0,2,231,150,1,2,11,0,0,0,0,607,0,7,614,702
,4,CAMPECHE,19,HECELCHAKAN,2,CALKINI,178,1,10,61,18,6,3,49,103,4,2,3,0,0,0,0,259,0,10,269,326
,4,CAMPECHE,19,HECELCHAKAN,2,CALKINI,181,2,10,189,15,49,4,35,71,33,2,40,1,0,0,0,449,0,5,454,537
,4,CAMPECHE,19,HECELCHAKAN,2,CALKINI,182,1,23,49,3,1,4,65,19,0,1,1,1,0,0,0,167,0,1,168,180
,4,CAMPECHE,19,HECELCHAKAN,5,HECELCHAKAN,363,3,60,321,5,124,51,230,475,9,55,57,8,3,0,0,1398,0,28,1426,2004
,4,CAMPECHE,19,HECELCHAKAN,5,HECELCHAKAN,364,3,46,325,2,109,103,325,524,24,14,36,9,1,0,2,1520,0,31,1551,2145
,4,CAMPECHE,19,HECELCHAKAN,5,HECELCHAKAN,365,2,18,148,1,75,24,79,321,8,12,20,3,1,0,0,710,0,14,724,956
,4,CAMPECHE,19,HECELCHAKAN,5,HECELCHAKAN,366,2,78,219,1,46,25,138,320,11,11,27,0,2,0,0,878,1,19,898,1214
,4,CAMPECHE,19,HECELCHAKAN,5,HECELCHAKAN,367,2,51,195,1,81,50,155,320,6,10,16,3,4,0,1,893,0,19,912,1245
,4,CAMPECHE,19,HECELCHAKAN,5,HECELCHAKAN,368,2,12,181,1,61,51,122,434,2,4,16,5,0,0,0,889,0,19,908,1199
,4,CAMPECHE,19,HECELCHAKAN,5,HECELCHAKAN,369,2,82,250,0,2,6,246,115,2,16,3,0,0,0,0,722,0,2,724,782
,4,CAMPECHE,19,HECELCHAKAN,5,HECELCHAKAN,370,2,7,461,4,45,27,355,251,5,9,2,2,1,0,0,1169,0,17,1186,1380
,4,CAMPECHE,19,HECELCHAKAN,5,HECELCHAKAN,371,2,6,236,8,29,18,287,199,7,15,12,1,1,0,1,820,0,15,835,947
,4,CAMPECHE,19,HECELCHAKAN,5,HECELCHAKAN,372,2,60,390,5,32,7,442,197,137,8,9,3,0,0,0,1290,0,17,1307,1483
,4,CAMPECHE,19,HECELCHAKAN,5,HECELCHAKAN,373,2,49,242,0,67,20,242,251,16,5,3,1,0,1,0,897,1,10,908,1004
,4,CAMPECHE,19,HECELCHAKAN,5,HECELCHAKAN,374,1,21,63,2,11,10,100,56,3,5,6,0,0,0,0,277,1,9,287,354
,4,CAMPECHE,19,HECELCHAKAN,5,HECELCHAKAN,375,3,131,209,4,55,4,315,370,35,22,14,2,0,0,0,1161,0,35,1196,1593
,4,CAMPECHE,19,HECELCHAKAN,5,HECELCHAKAN,376,3,62,151,6,81,12,271,452,56,20,17,3,2,0,0,1133,0,24,1157,1534
,4,CAMPECHE,19,HECELCHAKAN,5,HECELCHAKAN,377,2,54,132,2,36,10,193,370,24,9,16,2,1,0,0,849,0,23,872,1153
,4,CAMPECHE,19,HECELCHAKAN,5,HECELCHAKAN,378,2,57,158,4,69,5,301,346,29,23,11,2,1,0,0,1006,0,25,1031,1460
,4,CAMPECHE,19,HECELCHAKAN,5,HECELCHAKAN,379,2,81,198,3,62,4,271,276,15,32,18,0,1,0,0,961,0,16,977,1325
,4,CAMPECHE,19,HECELCHAKAN,5,HECELCHAKAN,380,3,1,247,0,7,2,266,55,12,3,4,0,0,0,0,597,0,2,599,1587
,4,CAMPECHE,20,PALIZADA,3,CARMEN,199,3,41,227,2,8,29,128,410,1,9,3,9,2,0,0,869,0,15,884,1611
,4,CAMPECHE,20,PALIZADA,3,CARMEN,200,2,21,183,1,7,25,110,274,5,5,3,6,0,0,0,640,0,19,659,1171
,4,CAMPECHE,20,PALIZADA,3,CARMEN,211,2,19,232,5,9,26,104,323,5,1,11,6,2,0,0,743,0,80,823,1478
,4,CAMPECHE,20,PALIZADA,3,CARMEN,214,2,27,211,3,9,23,119,223,3,1,2,10,2,0,0,633,0,43,676,1179
,4,CAMPECHE,20,PALIZADA,3,CARMEN,215,1,7,53,1,4,8,24,92,5,2,2,4,0,0,0,202,0,5,207,400
,4,CAMPECHE,20,PALIZADA,3,CARMEN,216,3,23,187,3,16,37,148,399,1,3,3,4,2,0,0,826,0,28,854,881
,4,CAMPECHE,20,PALIZADA,3,CARMEN,221,1,18,122,2,5,18,56,195,5,5,3,1,0,0,1,431,0,11,442,716
,4,CAMPECHE,20,PALIZADA,3,CARMEN,222,1,14,82,2,2,9,47,97,3,5,2,2,0,0,0,265,0,23,288,524
,4,CAMPECHE,20,PALIZADA,3,CARMEN,223,1,23,100,9,1,20,66,197,6,2,1,5,0,0,0,430,0,10,440,732
,4,CAMPECHE,20,PALIZADA,3,CARMEN,224,2,26,198,7,7,21,161,286,5,17,3,2,0,0,0,733,0,42,775,1227
,4,CAMPECHE,20,PALIZADA,3,CARMEN,225,2,22,177,6,7,18,131,292,3,13,4,2,0,0,0,675,0,19,694,1177
,4,CAMPECHE,20,PALIZADA,3,CARMEN,239,2,14,118,6,6,19,70,224,3,9,3,7,2,0,1,482,0,14,496,920
,4,CAMPECHE,20,PALIZADA,3,CARMEN,263,2,15,294,36,28,9,77,233,2,1,2,11,3,0,3,714,0,23,737,1072
,4,CAMPECHE,20,PALIZADA,3,CARMEN,264,2,4,118,10,3,5,74,173,6,4,1,1,0,0,0,399,0,0,399,533
,4,CAMPECHE,20,PALIZADA,3,CARMEN,265,3,5,345,20,60,75,254,455,8,16,2,13,2,0,1,1256,0,51,1307,2237
,4,CAMPECHE,20,PALIZADA,3,CARMEN,266,3,12,335,16,46,99,207,405,8,13,1,9,1,0,0,1152,0,37,1189,1856
,4,CAMPECHE,20,PALIZADA,3,CARMEN,267,5,35,961,18,38,47,424,792,15,22,48,23,8,0,0,2431,0,69,2500,3599
,4,CAMPECHE,20,PALIZADA,3,CARMEN,268,3,19,470,15,38,79,363,492,4,4,2,7,1,0,0,1494,11,31,1536,2132
,4,CAMPECHE,20,PALIZADA,3,CARMEN,269,2,5,153,2,8,11,148,185,2,0,0,2,1,1,0,518,0,20,538,857
,4,CAMPECHE,20,PALIZADA,7,PALIZADA,428,2,15,512,4,46,6,155,320,1,3,1,10,0,1,2,1076,0,21,1097,1378
,4,CAMPECHE,20,PALIZADA,7,PALIZADA,429,3,25,564,15,120,7,280,525,5,5,5,18,2,0,4,1575,0,43,1618,2117
,4,CAMPECHE,20,PALIZADA,7,PALIZADA,430,1,1,70,1,52,0,127,67,0,2,0,2,1,0,0,323,0,13,336,399
,4,CAMPECHE,20,PALIZADA,7,PALIZADA,431,1,2,161,8,39,3,149,197,2,3,1,1,0,0,0,566,0,10,576,732
,4,CAMPECHE,20,PALIZADA,7,PALIZADA,432,1,5,143,2,41,1,76,112,0,2,0,0,1,0,0,383,0,6,389,443
,4,CAMPECHE,20,PALIZADA,7,PALIZADA,433,1,4,124,4,55,0,137,178,2,3,0,8,1,0,0,516,0,12,528,624
,4,CAMPECHE,20,PALIZADA,7,PALIZADA,434,1,0,82,0,3,4,14,63,0,0,0,1,0,0,0,167,0,2,169,200
,4,CAMPECHE,20,PALIZADA,7,PALIZADA,435,1,5,139,7,35,1,79,183,4,1,1,1,0,0,0,456,0,6,462,591
,4,CAMPECHE,20,PALIZADA,7,PALIZADA,436,1,3,23,0,7,2,18,34,1,1,0,0,0,0,0,89,0,5,94,105
,4,CAMPECHE,20,PALIZADA,7,PALIZADA,439,2,3,309,1,7,0,54,296,1,2,1,0,0,0,1,675,0,8,683,791
,4,CAMPECHE,21,XPUJIL,9,ESCARCEGA,356,3,22,226,102,10,21,256,558,12,13,6,12,0,2,4,1244,0,47,1291,2116
,4,CAMPECHE,21,XPUJIL,9,ESCARCEGA,357,1,8,132,33,3,5,40,198,3,5,1,4,0,0,2,434,0,10,444,665
,4,CAMPECHE,21,XPUJIL,9,ESCARCEGA,358,1,5,46,3,1,6,48,102,8,1,2,0,0,0,1,223,0,13,236,343
,4,CAMPECHE,21,XPUJIL,9,ESCARCEGA,361,2,19,119,60,5,18,135,464,13,7,1,8,1,3,0,853,0,33,886,1482
,4,CAMPECHE,21,XPUJIL,9,ESCARCEGA,467,1,7,83,0,7,2,72,186,5,12,5,3,0,0,0,382,0,20,402,619
,4,CAMPECHE,21,XPUJIL,9,ESCARCEGA,468,3,58,293,8,17,22,306,416,16,18,6,6,3,0,0,1169,0,34,1203,2154
,4,CAMPECHE,21,XPUJIL,9,ESCARCEGA,469,2,17,136,10,9,3,101,150,6,4,5,4,0,0,1,446,0,24,470,728
,4,CAMPECHE,21,XPUJIL,9,ESCARCEGA,470,2,32,227,6,9,13,169,220,5,6,12,3,1,0,0,703,0,17,720,1216
,4,CAMPECHE,21,XPUJIL,11,CALAKMUL,359,2,3,158,6,16,8,101,395,15,15,0,5,1,1,1,725,0,18,743,980
,4,CAMPECHE,21,XPUJIL,11,CALAKMUL,360,2,10,182,1,7,7,122,439,10,12,4,5,2,0,0,801,0,23,824,1412
,4,CAMPECHE,21,XPUJIL,11,CALAKMUL,362,2,4,155,2,12,15,111,317,9,6,3,4,2,0,1,641,0,39,680,983
,4,CAMPECHE,21,XPUJIL,11,CALAKMUL,413,1,1,44,0,1,1,34,41,0,3,1,0,0,0,0,126,0,0,126,146
,4,CAMPECHE,21,XPUJIL,11,CALAKMUL,414,1,1,44,0,8,0,15,117,7,5,0,0,0,0,0,197,0,4,201,279
,4,CAMPECHE,21,XPUJIL,11,CALAKMUL,415,4,12,421,14,37,3,154,627,19,45,5,4,4,0,1,1346,0,39,1385,1821
,4,CAMPECHE,21,XPUJIL,11,CALAKMUL,416,1,1,33,1,15,1,12,84,5,13,2,0,0,0,0,167,0,5,172,215
,4,CAMPECHE,21,XPUJIL,11,CALAKMUL,417,7,32,742,9,43,19,454,1357,39,103,6,25,9,0,1,2839,0,59,2898,4500
,4,CAMPECHE,21,XPUJIL,11,CALAKMUL,418,1,4,13,0,4,1,10,58,0,5,1,0,0,0,0,96,0,2,98,149
,4,CAMPECHE,21,XPUJIL,11,CALAKMUL,419,1,0,63,0,22,3,29,115,11,7,2,0,0,0,0,252,0,6,258,385
,4,CAMPECHE,21,XPUJIL,11,CALAKMUL,420,1,1,55,9,4,0,8,102,18,4,0,0,0,0,0,201,0,10,211,272
,4,CAMPECHE,21,XPUJIL,11,CALAKMUL,421,3,5,303,5,27,3,123,753,26,20,5,9,6,0,1,1286,0,48,1334,1833
,4,CAMPECHE,21,XPUJIL,11,CALAKMUL,422,2,5,134,14,40,7,31,316,8,16,6,3,0,0,0,580,0,19,599,935
,4,CAMPECHE,21,XPUJIL,11,CALAKMUL,423,1,0,73,3,4,0,12,114,5,3,1,2,1,0,0,218,0,6,224,250
,4,CAMPECHE,21,XPUJIL,11,CALAKMUL,424,1,1,99,0,7,2,22,145,4,5,0,0,0,0,0,285,0,9,294,415
,4,CAMPECHE,21,XPUJIL,11,CALAKMUL,425,2,6,203,6,34,2,82,439,13,17,5,9,3,0,1,820,0,28,848,1204
,4,CAMPECHE,21,XPUJIL,11,CALAKMUL,426,4,9,363,2,143,2,206,758,31,28,11,11,5,0,0,1569,0,58,1627,2306
,4,CAMPECHE,21,XPUJIL,11,CALAKMUL,427,3,8,303,9,52,1,73,618,14,16,6,11,0,0,0,1111,0,39,1150,1637
