"","edo","cabecera","disn","pan","pri","pps","prd","pfcrn","parm","uno.pdm","pt","pvem","nr","nul","tot","edon"
"1","AGUASCALIENTES","AGUASCALIENTES",1,87383,94372,1260,20272,5339,1156,1058,4916,4318,74,4738,224886,1
"517","AGUASCALIENTES","JESUS MARIA",2,31098,63922,653,8549,2563,621,450,1114,838,45,4286,114139,1
"801","BAJA CALIFORNIA","MEXICALI",1,32933,55614,848,5751,341,255,206,1382,1243,58,2432,101063,2
"866","BAJA CALIFORNIA","TIJUANA",2,29296,36658,369,4579,282,275,634,894,1130,19,2183,76319,2
"1251","BAJA CALIFORNIA","ENSENADA",3,48513,73073,763,14894,1926,475,344,2119,1411,546,3899,147963,2
"1642","BAJA CALIFORNIA","MEXICALI",4,65864,99122,1613,15202,978,749,271,3056,2087,108,5635,194685,2
"2123","BAJA CALIFORNIA","TIJUANA",5,35090,40035,262,5589,301,284,210,1665,1662,459,1881,87438,2
"2344","BAJA CALIFORNIA","TIJUANA",6,79011,96962,828,16367,828,781,579,4290,2998,207,4896,207747,2
"2899","BAJA CALIFORNIA SUR","LA PAZ",1,29545,55929,321,5058,486,460,375,2080,810,17,2007,97088,3
"3187","BAJA CALIFORNIA SUR","MULEGE",2,17706,24850,128,2540,259,128,95,518,236,10,1143,47613,3
"3356","CAMPECHE","CARMEN",1,11736,61768,634,23298,620,1278,308,1036,289,413,3770,105150,4
"3507","CAMPECHE","CAMPECHE",2,24488,61944,738,23696,902,5143,256,1668,850,65,4138,123888,4
"4028","COAHUILA","SALTILLO",1,46306,88984,1160,7500,4225,1186,1112,6523,2084,25,3198,162303,7
"4494","COAHUILA","TORREON",2,32873,40861,304,8372,2205,823,84,1740,850,99,1548,89759,7
"4721","COAHUILA","MONCLOVA",3,34627,35650,423,7330,486,433,68,1652,297,26,1475,82467,7
"5006","COAHUILA","PIEDRAS NEGRAS",4,24577,54798,506,9052,1633,3232,112,880,355,22,2874,98041,7
"5304","COAHUILA","FRONTERA",5,14071,35375,230,4970,1527,765,121,3318,314,53,1825,62569,7
"5589","COAHUILA","TORREON",6,43637,76832,587,29214,8008,1741,227,2533,1254,1218,4107,169358,7
"6059","COAHUILA","SAN PEDRO",7,17164,38444,369,16820,1447,1763,68,1650,494,25,2424,80668,7
"6341","COLIMA","COLIMA",1,30118,54610,389,11280,1906,964,1017,1314,1522,36,2549,105705,8
"6618","COLIMA","MANZANILLO",2,20820,53546,471,13486,2241,292,728,647,593,12,3108,95944,8
"6889","CHIAPAS","TUXTLA GUTIERREZ",1,43575,85550,1353,39885,3499,1658,475,6281,2442,116,7152,191986,5
"7408","CHIAPAS","SAN CRISTOBAL DE LAS CASAS",2,6332,56781,1051,35136,2572,667,165,1342,830,389,8523,113788,5
"7701","CHIAPAS","COMITAN DE DOMINGUEZ",3,7643,67712,785,38284,1049,890,234,1735,374,802,9775,129283,5
"8091","CHIAPAS","PICHUCALCO",4,13835,50141,713,21104,1370,603,241,1904,456,12,6567,96946,5
"8370","CHIAPAS","TAPACHULA",5,10661,46988,770,58214,1815,1638,204,2473,555,1029,7950,132297,5
"8717","CHIAPAS","PALENQUE",6,3070,54582,530,38617,3792,614,196,1556,291,28,8994,112270,5
"9058","CHIAPAS","HUIXTLA",7,5877,47113,945,32000,875,496,77,825,313,55,6478,95054,5
"9345","CHIAPAS","TONALA",8,17049,45571,800,27384,2010,607,216,1935,358,144,4675,100749,5
"9662","CHIAPAS","OCOCINGO",9,2280,51003,368,47810,2819,575,137,1988,240,1359,9247,117826,5
"10044","CHIHUAHUA","CHIHUAHUA",1,31986,68177,414,4200,810,234,193,4338,1053,32,2353,113790,6
"10126","CHIHUAHUA","HIDALGO DEL PARRAL",2,17119,55053,372,2845,374,530,560,1805,324,14,4088,83084,6
"10641","CHIHUAHUA","JUAREZ",3,19340,33090,195,3855,290,143,182,1105,328,39,2326,60893,6
"10806","CHIHUAHUA","JUAREZ",4,66999,100520,493,12914,988,664,302,8608,1455,445,4513,197901,6
"11312","CHIHUAHUA","GUERRERO",5,7984,41535,295,8389,386,360,74,680,108,14,3222,63047,6
"11629","CHIHUAHUA","CAMARGO",6,34529,71022,494,3817,322,875,120,2325,492,30,2451,116477,6
"11961","CHIHUAHUA","CHIHUAHUA",7,57335,105982,756,10709,8201,442,241,8567,1563,29,4248,198073,6
"12488","CHIHUAHUA","JUAREZ",8,37532,67879,433,7185,687,441,202,4524,623,57,4090,123653,6
"12814","CHIHUAHUA","CASAS GRANDES",9,18435,48127,272,6124,222,540,76,2428,204,3,2463,78894,6
"13079","CHIHUAHUA","CUAUTEMOC",10,16179,56682,336,3367,206,253,83,1232,339,4,3552,82233,6
"13405","DISTRITO FEDERAL","CUAUTEMOC",1,15851,15630,256,8654,528,222,164,2246,1818,22,1055,46446,9
"13421","DISTRITO FEDERAL","CUAUTEMOC",2,14272,22955,410,13066,425,338,270,2431,2036,533,1442,58178,9
"13460","DISTRITO FEDERAL","CUAUTEMOC",3,12977,25406,412,10537,653,332,337,2510,2090,506,1642,57402,9
"13769","DISTRITO FEDERAL","CUAUTEMOC",4,14030,26828,393,10678,1064,341,264,2250,1892,16,1683,59439,9
"13897","DISTRITO FEDERAL","CUAUTEMOC",5,9565,20492,264,10236,730,221,186,1729,1672,31,1487,46613,9
"14008","DISTRITO FEDERAL","CUAUTEMOC",6,12838,20528,414,8928,921,289,177,1984,1782,19,1480,49360,9
"14115","DISTRITO FEDERAL","BENITO JUAREZ",7,17007,20558,398,11402,526,232,201,1964,2315,28,1173,55804,9
"14241","DISTRITO FEDERAL","MIGUEL HIDALGO",8,23601,32229,353,10052,431,354,242,2366,2511,15,1612,73766,9
"14410","DISTRITO FEDERAL","AZCAPOTZALCO",9,16782,23015,379,10667,674,335,231,2241,2044,20,1279,57667,9
"14549","DISTRITO FEDERAL","GUSTAVO A. MADERO",10,53412,75759,1400,37810,3330,1160,883,8264,5233,531,5455,193237,9
"15007","DISTRITO FEDERAL","CUAUTEMOC",11,17541,24928,350,8932,465,324,221,2331,1802,11,1412,58317,9
"15147","DISTRITO FEDERAL","GUSTAVO A. MADERO",12,15109,24286,550,10986,985,317,312,2070,2001,48,1549,58213,9
"15283","DISTRITO FEDERAL","VENUSTIANO CARRANZA",13,14431,22132,362,10844,585,335,194,2718,1763,13,1452,54829,9
"15403","DISTRITO FEDERAL","IZTACALCO",14,19836,28048,550,15379,572,402,278,3302,2591,21,1601,72580,9
"15558","DISTRITO FEDERAL","IZTACALCO",15,29956,46940,789,22885,2815,737,588,4752,4223,35,3159,116879,9
"15820","DISTRITO FEDERAL","BENITO JUAREZ",16,21711,22241,303,17116,365,218,467,2199,1796,29,1158,67603,9
"15966","DISTRITO FEDERAL","BENITO JUAREZ",17,20133,29678,431,12127,704,322,248,3045,2203,480,1762,71133,9
"16131","DISTRITO FEDERAL","MIGUEL HIDALGO",18,13821,22796,369,11836,420,464,202,2058,1717,13,1363,55059,9
"16252","DISTRITO FEDERAL","AZCAPOTZALCO",19,21582,30095,570,14417,590,730,237,2462,2360,26,1762,74831,9
"16425","DISTRITO FEDERAL","GUSTAVO A. MADERO",20,28466,36447,593,16607,1391,500,438,3643,2632,23,2175,92915,9
"16640","DISTRITO FEDERAL","IZTACALCO",21,35149,53385,1065,27354,1302,701,616,5757,4728,48,3246,133351,9
"16951","DISTRITO FEDERAL","COYOACAN",22,47388,63497,1595,45202,2120,1262,659,6141,7260,588,4481,180193,9
"17351","DISTRITO FEDERAL","CUAJIMALPA DE MORELOS",23,48017,86332,1411,34286,2937,1156,1017,6947,5988,173,6111,194375,9
"17791","DISTRITO FEDERAL","TLALPAN",24,76285,112591,3255,82295,3361,1711,1523,9761,13329,535,8226,312872,9
"18530","DISTRITO FEDERAL","GUSTAVO A. MADERO",25,26474,44516,896,27348,2773,865,856,4660,3815,58,3338,115599,9
"18794","DISTRITO FEDERAL","IZTAPALAPA",26,50386,93330,1854,51399,1912,1487,1069,8451,7209,671,5877,223645,9
"19300","DISTRITO FEDERAL","COYOACAN",27,80444,95458,1627,53617,1746,1425,859,10539,10968,192,4342,261217,9
"19881","DISTRITO FEDERAL","AZCAPOTZALCO",28,38283,51056,1206,26452,1142,694,524,5546,4024,38,3164,132129,9
"20184","DISTRITO FEDERAL","AZCAPOTZALCO",29,19698,25628,647,11692,650,361,307,2573,2166,13,1489,65224,9
"20340","DISTRITO FEDERAL","GUSTAVO A. MADERO",30,17847,33036,471,15806,1802,406,291,2914,2235,890,1918,77616,9
"20515","DISTRITO FEDERAL","GUSTAVO A. MADERO",31,27207,40652,697,19771,1386,607,657,4211,4635,36,3228,103087,9
"20731","DISTRITO FEDERAL","MIGUEL HIDALGO",32,15064,23925,352,9595,374,213,155,1935,1843,27,1544,55027,9
"20852","DISTRITO FEDERAL","CUAUTEMOC",33,11869,15818,260,8528,339,264,180,1576,1501,26,1241,41602,9
"20955","DISTRITO FEDERAL","IZTACALCO",34,22352,38881,742,20141,1098,579,658,3894,4445,337,2561,95688,9
"21177","DISTRITO FEDERAL","BENITO JUAREZ",35,15434,25174,393,11997,534,378,237,2492,2127,28,1632,60426,9
"21307","DISTRITO FEDERAL","BENITO JUAREZ",36,31059,27412,433,14258,419,382,301,3616,2891,37,1571,82379,9
"21490","DISTRITO FEDERAL","IZTAPALAPA",37,25346,36465,656,18392,876,555,314,3983,3440,22,2093,92142,9
"21698","DISTRITO FEDERAL","MAGDALENA CONTRERAS",38,56677,83504,1610,37831,2931,1029,732,7903,6336,473,5717,204743,9
"22169","DISTRITO FEDERAL","BENITO JUAREZ",39,27735,27359,496,18179,619,375,296,2965,3082,28,1478,82612,9
"22341","DISTRITO FEDERAL","IZTAPALAPA",40,112795,203670,4426,116262,6832,3678,1793,18299,14419,1316,17928,501418,9
"23626","DURANGO","DURANGO",1,45128,52113,432,3956,285,265,169,20447,860,12,3234,126901,10
"23940","DURANGO","GOMEZ PALACIOS",2,29395,46621,1012,21695,1745,1097,169,4563,758,231,2675,109961,10
"24249","DURANGO","CANATLAN",3,10020,36877,325,1774,106,240,55,5125,124,25,1571,56242,10
"24545","DURANGO","GUADALUPE VICTORIA",4,10432,39095,284,4434,141,227,55,6876,195,377,2005,64121,10
"24793","DURANGO","DURANGO",5,17646,48335,318,4365,339,383,131,18059,466,513,3428,93983,10
"25129","DURANGO","LERDO",6,15209,38653,724,9515,484,211,94,4256,250,11,2008,71415,10
"25423","GUANAJUATO","GUANAJUATO",1,32379,68225,599,11667,942,924,1317,1386,1270,61,4320,123090,11
"25541","GUANAJUATO","LEON",2,66071,79439,515,2973,565,680,1642,1918,1453,35,4448,159739,11
"26099","GUANAJUATO","LEON",3,49506,58617,374,3127,513,635,1273,1383,1117,68,2990,119603,11
"26357","GUANAJUATO","IRAPUATO",4,59591,78461,852,15617,1915,833,1053,6288,1119,34,5007,170770,11
"26746","GUANAJUATO","PENJAMO",5,30197,73652,523,14367,1007,836,677,2466,749,28,4717,129219,11
"27081","GUANAJUATO","SALAMANCA",6,30207,74602,1340,27428,1927,883,1533,3332,1540,27,4501,147320,11
"27421","GUANAJUATO","ACAMBARO",7,25848,66951,532,17439,796,716,829,1118,739,138,5362,120468,11
"27746","GUANAJUATO","CELAYA",8,48977,91672,652,7898,2455,672,5925,1662,2317,174,4641,167045,11
"28147","GUANAJUATO","ALLENDE",9,35260,87594,886,6376,1122,1365,1387,1871,981,151,9628,146621,11
"28532","GUANAJUATO","DOLORES HIDALGO",10,18546,57385,617,6583,1190,1521,1063,1598,664,172,6270,95609,11
"28775","GUANAJUATO","LEON",11,68475,62958,468,2507,447,506,1471,1640,1361,34,2932,142799,11
"29090","GUANAJUATO","VALLE DE SANTIAGO",12,24589,60032,995,19468,1235,2699,2507,1480,705,310,4430,118450,11
"29394","GUANAJUATO","SALVATIERRA",13,28605,70930,905,11019,3048,762,1491,1188,1061,412,4099,123520,11
"29723","GUERRERO","CHILPANCINGO",1,7018,40360,1457,30170,2176,1712,318,1930,712,32,2846,88731,12
"30065","GUERRERO","IGUALA DE LA INDEPENDENCIA",2,5561,35611,372,29081,1754,257,63,594,468,14,1921,75696,12
"30356","GUERRERO","COYUCA DE CATALAN",3,2135,38526,330,29103,532,185,66,262,126,48,2288,73601,12
"30716","GUERRERO","ACAPULCO",4,12198,26425,659,17975,1198,583,328,827,692,14,1487,62386,12
"30880","GUERRERO","TLAPA DE COMONFORT",5,1447,36811,238,23081,825,1110,251,1083,152,9,7657,72664,12
"31231","GUERRERO","OMETEPEC",6,1974,33672,783,21493,2112,2884,112,471,117,7,2967,66592,12
"31539","GUERRERO","ACAPULCO",7,19737,58638,1213,47013,4189,1528,302,1733,1110,171,3655,139289,12
"31956","GUERRERO","TAXCO DE ALARCON",8,12011,36425,403,19066,1242,245,1056,539,349,20,2306,73662,12
"32323","GUERRERO","TACPAN DE GALEANA",9,6572,40738,453,32175,1138,230,61,508,347,20,1893,84135,12
"32672","GUERRERO","CHILAPA DE ALVAREZ",10,4133,35751,341,14920,1305,1029,899,911,237,54,3699,63279,12
"32993","HIDALGO","PACHUCA",1,43997,105594,1003,20943,1800,937,562,4668,2197,205,4686,186592,13
"33441","HIDALGO","TULANCINGO",2,29210,76825,751,11146,1556,1030,269,2722,963,1009,5949,131430,13
"33793","HIDALGO","TULA DE ALLENDE",3,20760,76968,856,36125,1082,3039,253,2176,1212,153,3898,146522,13
"34176","HIDALGO","HUEJUTLA",4,6000,59889,521,12858,4615,1924,194,1110,297,471,9731,97610,13
"34499","HIDALGO","ZIMAPAN",5,9875,74613,471,17579,621,755,133,1088,615,490,5455,111695,13
"34916","HIDALGO","ACTOPAN",6,11865,65198,539,11662,724,619,120,1121,556,477,4123,97004,13
"35261","JALISCO","GUADALAJARA",1,20799,16392,128,1913,142,180,172,752,655,4,623,41760,14
"35263","JALISCO","GUADALAJARA",2,49516,40574,508,7668,1024,481,371,2700,1786,31,2643,107302,14
"35392","JALISCO","GUADALAJARA",3,80282,65213,892,11641,1148,755,598,4081,2841,17,3093,170561,14
"35952","JALISCO","GUADALAJARA",4,24069,21712,204,3654,289,237,163,1112,857,17,1046,53360,14
"36072","JALISCO","COLOTLAN",5,32476,46697,472,4147,458,595,195,937,563,21,3453,90014,14
"36323","JALISCO","LAGOS DE MORENO",6,36892,51937,594,1935,693,742,10656,1022,494,402,4731,110098,14
"36616","JALISCO","YAHUALICA DE GOZALEZ GALLO",7,57153,57573,606,1832,317,561,2688,1056,489,28,4726,127029,14
"36950","JALISCO","LA BARCA",8,42145,60243,474,13435,703,1940,182,1316,707,53,3879,125077,14
"37243","JALISCO","JOCOTEPEC",9,35894,57606,610,7403,3167,833,393,2004,846,880,3535,113171,14
"37511","JALISCO","CIUDAD GUZMAN",10,39252,53812,851,8941,1329,667,613,1831,752,36,3398,111482,14
"37806","JALISCO","AUTLAN",11,19420,43329,367,10370,1731,546,101,1164,323,49,2679,80079,14
"38039","JALISCO","AMECA",12,40658,51387,462,6759,821,424,128,1403,650,454,3114,106260,14
"38339","JALISCO","GUADALAJARA",13,24562,16259,182,2725,205,195,212,986,797,5,758,46886,14
"38444","JALISCO","GUADALAJARA",14,38580,28542,277,4109,216,389,227,1508,1318,10,998,76174,14
"38614","JALISCO","GUADALAJARA",15,69481,62416,786,28245,1136,678,514,3555,2286,66,4231,173394,14
"38989","JALISCO","GUADALAJARA",16,67674,60476,644,8906,1085,631,880,3073,2463,31,2995,148858,14
"39321","JALISCO","ZAPOPAN",17,62903,71966,1416,11551,694,910,413,2892,1956,42,3840,158583,14
"39660","JALISCO","TLAQUEPAQUE",18,104006,109269,1481,16064,1810,1713,1021,5391,3362,572,7204,251893,14
"40202","JALISCO","TAMAZULA DE GORDIANO",19,24156,42500,378,15293,3184,1117,228,1369,455,48,3228,91956,14
"40490","JALISCO","ZAPOPAN",20,110904,87337,857,14595,1061,941,507,4298,3333,576,4657,229066,14
"41008","MEXICO","TENANCINGO",1,18389,87915,618,23940,2935,758,454,1226,1124,97,6216,143672,15
"41528","MEXICO","VALLE DE BRAVO",2,18697,88265,1878,22117,4586,1793,477,2048,1216,722,10351,152150,15
"41977","MEXICO","LERMA",3,46702,94770,1950,27421,2517,1205,358,2655,3333,79,5842,186832,15
"42444","MEXICO","TOLUCA",4,24106,41896,899,8370,476,309,1687,2409,2306,23,1682,84163,15
"42636","MEXICO","ATLACOMULCO",5,25536,88733,1000,17107,993,1407,270,1651,1198,73,7549,145517,15
"43090","MEXICO","CUAUTITLAN",6,87967,90350,1828,34266,1434,1356,679,8081,5694,203,4549,236407,15
"43634","MEXICO","NAUCALPAN DE JUAREZ",7,13412,18221,255,7592,300,240,174,1832,1387,4,898,44315,15
"43740","MEXICO","TEXCOCO",8,59411,124873,1792,67990,3910,1677,1062,7560,8120,98,7839,284332,15
"44406","MEXICO","NEZAHUALCOYOTL",9,11894,25077,344,11643,732,301,244,2005,1801,12,1348,55401,15
"44532","MEXICO","NEZAHUALCOYOTL",10,16350,27112,469,15973,1010,493,293,2487,2505,32,1406,68130,15
"44687","MEXICO","ECATEPEC",11,37263,70849,1461,36310,1629,870,907,5595,3720,43,4874,163521,15
"45057","MEXICO","ATIZAPAN DE ZARAGOZA",12,65864,77824,859,29326,3330,866,798,6482,5000,20,3970,194339,15
"45475","MEXICO","HUIXQUILUCAN",13,39335,65068,806,24282,1646,854,998,5029,4113,444,4395,146970,15
"45823","MEXICO","TLALNEPANTLA",14,23324,34623,452,13340,1331,333,488,2997,2114,28,1542,80572,15
"46003","MEXICO","CHALCO",15,58821,151653,2057,63169,4107,1750,1093,9965,7053,1281,9724,310673,15
"46746","MEXICO","TOLUCA",16,64359,112778,2975,23244,1750,1302,1055,5107,5727,432,6529,225258,15
"47251","MEXICO","NICOLAS ROMERO",17,49659,109485,3455,30609,2547,1320,702,3766,3231,161,8694,213629,15
"47758","MEXICO","NAUCALPAN DE JUAREZ",18,43652,36913,358,11192,392,680,401,3671,2478,23,1544,101304,15
"47982","MEXICO","NAUCALPAN DE JUAREZ",19,8482,10561,114,4236,291,134,105,965,697,5,552,26142,15
"48044","MEXICO","NAUCALPAN DE JUAREZ",20,32008,55107,1062,27642,1202,841,728,5643,3807,579,3219,131838,15
"48343","MEXICO","ZUMPANGO",21,65761,121284,1227,48984,1506,4266,895,6547,5171,200,6423,262264,15
"48997","MEXICO","NEZAHUALCOYOTL",22,19396,32883,519,16981,1811,473,405,3137,3041,1166,2087,81899,15
"49173","MEXICO","NEZAHUALCOYOTL",23,12136,24282,402,13764,1199,338,283,2062,2036,18,1800,58320,15
"49308","MEXICO","NEZAHUALCOYOTL",24,11737,20199,345,10375,632,298,242,1765,1598,10,1156,48357,15
"49418","MEXICO","NEZAHUALCOYOTL",25,10095,17631,344,8684,438,257,215,1726,1340,20,988,41738,15
"49511","MEXICO","NEZAHUALCOYOTL",26,11188,24439,542,13137,863,285,263,1707,1785,27,1321,55557,15
"49635","MEXICO","NEZAHUALCOYOTL",27,12973,24170,368,14352,795,319,350,1836,1968,30,1549,58710,15
"49770","MEXICO","NEZAHUALCOYOTL",28,14295,26177,429,17651,684,368,286,2235,2049,31,1533,65738,15
"49922","MEXICO","NEZAHUALCOYOTL",29,12857,28063,449,18344,776,376,219,2171,2381,44,1561,67241,15
"50076","MEXICO","ECATEPEC",30,26280,40479,670,21830,2348,616,445,3996,3408,42,2976,103090,15
"50302","MEXICO","ECATEPEC",31,50111,79787,1370,43633,3474,1239,978,7603,6931,52,4632,199810,15
"50754","MEXICO","ECATEPEC",32,53941,81875,1507,40037,2480,1125,1294,8694,6109,354,4435,201851,15
"51199","MEXICO","TLALNEPANTLA",33,41368,48093,668,21047,920,586,508,5040,3843,45,1982,124100,15
"51461","MEXICO","TULTITLAN",34,77003,106810,1702,43817,2406,1395,1107,9722,7534,57,5211,256764,15
"52088","MICHOACAN","MORELIA",1,35221,67978,841,43273,1347,1135,1175,3284,2868,29,2836,159987,16
"52483","MICHOACAN","HIDALGO",2,12660,54240,385,35140,615,980,1864,876,548,466,3597,111371,16
"52826","MICHOACAN","ZACAPU",3,7500,48313,390,43656,866,891,352,876,664,20,2984,106512,16
"53105","MICHOACAN","LA PIEDAD",4,14403,48278,268,38579,621,415,248,718,434,18,2598,106580,16
"53396","MICHOACAN","ZAMORA",5,33931,36384,400,22193,872,496,152,921,932,26,3247,99554,16
"53666","MICHOACAN","URUAPAN",6,27664,44448,731,42758,824,789,884,2728,1252,545,3485,126108,16
"53988","MICHOACAN","TACAMBARO",7,6239,42403,291,33032,405,516,931,663,245,230,3302,88257,16
"54273","MICHOACAN","ZITACUARO",8,10955,54364,551,36991,572,1102,683,1127,851,42,4801,112039,16
"54586","MICHOACAN","APATZINGAN",9,4701,29669,173,32891,587,1343,394,336,195,25,2288,72602,16
"54799","MICHOACAN","QUIROGA",10,16019,61021,657,49437,1187,1507,895,1734,1204,36,4345,138042,16
"55192","MICHOACAN","JIQUILPAN",11,22185,48163,288,34975,1807,566,64,602,362,36,3143,112191,16
"55495","MICHOACAN","LOS REYES",12,10280,45635,252,31991,602,393,133,537,304,280,2441,92848,16
"55752","MICHOACAN","LAZARO CARDENAS",13,8592,39207,295,43509,1729,425,222,710,398,25,2752,97864,16
"56114","MORELOS","CUERNAVACA",1,41207,65597,894,26450,1690,917,452,4286,3678,89,3400,148660,17
"56272","MORELOS","CUAUTLA",2,19923,64673,454,17885,1579,861,1357,3163,1635,40,3033,114603,17
"56793","MORELOS","YAUTEPEC",3,35551,88957,905,37690,3186,1485,631,3992,2821,495,5727,181440,17
"57262","MORELOS","JOJUTLA DE JUAREZ",4,17466,68997,589,25109,2287,1326,295,1783,1337,54,3675,122918,17
"57622","NAYARIT","TEPIC",1,25132,75420,1127,22761,1051,833,257,5114,1231,273,3807,137006,18
"58044","NAYARIT","SANTIAGO IXCUINTLA",2,6755,47869,1100,13214,557,388,65,5194,235,105,3399,78881,18
"58328","NAYARIT","COMPOSTELA",3,18945,60428,1197,14760,686,1226,165,2481,611,192,4007,104698,18
"58710","NUEVO LEON","MONTERREY",1,42876,51418,187,2221,177,176,168,3141,644,35,1519,102562,19
"58949","NUEVO LEON","MONTERREY",2,15799,18474,153,935,89,119,76,1317,232,10,873,38077,19
"59076","NUEVO LEON","MONTERREY",3,57715,62587,279,4032,223,266,168,4268,942,9,2698,133187,19
"59386","NUEVO LEON","GUADALUPE",4,33357,25032,112,1974,125,176,129,2274,447,20,1399,65045,19
"59529","NUEVO LEON","LINARES",5,11957,50535,144,1021,694,304,50,9237,114,6,3109,77171,19
"59763","NUEVO LEON","SABINAS HIDALGO",6,65770,118405,400,4732,568,388,410,10755,844,52,5527,207851,19
"60326","NUEVO LEON","GARZA GARCIA",7,87885,119180,733,5954,471,770,432,22033,1161,103,5602,244324,19
"60863","NUEVO LEON","MONTERREY",8,25013,26985,166,1481,150,213,252,4675,427,82,1955,61399,19
"61011","NUEVO LEON","GUADALUPE",9,81672,94777,408,4849,530,518,306,7483,1080,431,4370,196424,19
"61461","NUEVO LEON","SAN NICOLAS DE LOS GARZA",10,118950,77598,413,3765,319,619,239,6868,1123,1111,3763,214768,19
"61926","NUEVO LEON","SANTA CATARINA",11,65922,74991,289,2776,460,479,298,8835,994,460,4129,159633,19
"62333","OAXACA","JUCHITAN DE ZARAGOZA",1,4028,61201,939,38583,464,373,114,970,279,616,3277,110844,20
"62474","OAXACA","IXTLAN DE JUAREZ",2,5447,50761,1535,22799,676,1368,186,1405,359,73,4335,88944,20
"62936","OAXACA","OAXACA",3,40290,73026,1589,37859,982,1392,384,5536,2717,105,5971,169851,20
"63355","OAXACA","SAN JUAN BAUTISTA TUXTEPEC",4,15741,67740,1030,19482,2577,1398,440,2097,464,143,5819,116931,20
"63674","OAXACA","HUAUTLA DE JIMENEZ",5,10193,58500,2295,16808,630,761,159,1109,516,80,5597,96648,20
"63971","OAXACA","HUAJUAPAM DE LEON",6,12211,34656,680,22383,500,948,126,857,334,18,4709,77422,20
"64311","OAXACA","TLAXIACO",7,4926,26448,1330,30516,600,1994,223,1400,326,28,4800,72591,20
"64586","OAXACA","SANTIAGO PINOTEPA NACIONAL",8,10221,40036,808,26286,1536,2295,205,1284,248,58,6405,89382,20
"64850","OAXACA","EJUTLA DE CRESPO",9,13028,50252,1114,17806,512,1803,294,1736,403,143,6269,93360,20
"65161","OAXACA","SANTO DOMINGO TEHUANTEPEC",10,5941,49933,1746,32275,2662,990,133,1334,356,41,4300,99711,20
"65519","PUEBLA","PUEBLA",1,38364,42089,1085,14634,907,786,346,3940,2465,37,2578,107231,21
"65552","PUEBLA","PUEBLA",2,53368,59676,1691,16053,992,869,536,5019,3174,65,3757,145200,21
"66097","PUEBLA","SAN PEDRO CHOLULA",3,52729,66871,925,18867,1650,1399,636,2717,1825,522,3947,152088,21
"66463","PUEBLA","ATLIXCO",4,25727,50126,533,16482,686,643,308,1944,928,571,3796,101744,21
"66738","PUEBLA","ACATLAN",5,11237,50460,469,13880,1096,532,91,633,254,76,4604,83332,21
"67014","PUEBLA","TEHUACAN",6,33527,57231,749,12901,1419,811,194,1190,955,21,8512,117510,21
"67330","PUEBLA","CHALCHICOMULA",7,18663,72096,848,11720,1008,1128,380,1375,616,103,6942,114879,21
"67659","PUEBLA","TEZIUTLAN",8,19700,62868,3874,14218,835,817,287,1386,892,36,7938,112851,21
"67977","PUEBLA","CHIGNAHUAPAN",9,10093,61302,919,10996,1619,1263,209,1380,461,139,8088,96469,21
"68272","PUEBLA","HUACHINANGO",10,16961,56525,590,14104,1194,1123,156,1150,485,251,9156,101695,21
"68591","PUEBLA","PUEBLA",11,44976,53526,1071,15658,1119,1003,384,4482,2891,21,3724,128855,21
"68885","PUEBLA","PUEBLA",12,55007,62894,988,18149,1070,887,353,5636,3150,52,3832,152018,21
"69230","PUEBLA","IZUCAR DE MATAMOROS",13,5176,45120,277,20697,473,910,216,771,346,35,2843,76864,21
"69472","PUEBLA","TEPEACA",14,29728,67640,739,18205,1442,851,267,1470,865,161,5360,126728,21
"69846","QUERETARO","QUERETARO",1,77505,115466,1428,14349,1129,983,5783,5424,2637,56,5872,230632,22
"70380","QUERETARO","SAN JUAN DEL RIO",2,46571,84533,774,4545,1387,640,326,1042,840,145,5841,146644,22
"70754","QUERETARO","EL MARQUES",3,17870,80915,579,5384,1278,422,541,1054,440,53,5568,114104,22
"71078","QUINTANA ROO","OTHON P. BLANCO",1,15941,44190,739,12497,1299,776,167,1230,549,29,2542,79959,23
"71136","QUINTANA ROO","COZUMEL",2,40837,70442,706,12649,1344,447,142,1138,1421,50,3440,132616,23
"71704","SAN LUIS POTOSI","SAN LUIS POTOSI",1,57106,70411,769,13189,699,1079,691,4938,2601,43,3144,154670,24
"72080","SAN LUIS POTOSI","MATEHUALA",2,17153,61211,364,4334,220,638,509,1697,365,111,3554,90156,24
"72416","SAN LUIS POTOSI","RIO VERDE",3,19447,64471,556,4824,498,855,910,1013,435,36,4876,97921,24
"72762","SAN LUIS POTOSI","CIUDAD DEL MAIZ",4,15040,56972,419,4964,201,646,168,819,278,38,4476,84021,24
"73089","SAN LUIS POTOSI","CIUDAD VALLES",5,20152,61025,329,10696,629,559,325,1222,405,22,3560,98924,24
"73386","SAN LUIS POTOSI","SAN LUIS POTOSI",6,48037,79240,685,10058,692,746,872,4438,2034,68,4410,151280,24
"73795","SAN LUIS POTOSI","TAMAZUNCHALE",7,8195,57363,292,17049,712,613,432,695,227,64,6129,91771,24
"74114","SINALOA","AHOME",1,45206,52303,279,11618,677,495,64,1088,562,24,2382,114698,25
"74491","SINALOA","GUASAVE",2,18916,60082,328,24297,553,1018,34,842,233,48,2192,108543,25
"74933","SINALOA","CULIACAN",3,21791,36072,327,10481,132,209,51,639,524,17,964,71207,25
"75216","SINALOA","MAZATLAN",4,27335,44058,598,7457,290,432,82,634,475,241,2039,83641,25
"75547","SINALOA","MAZATLAN",5,44722,68214,1498,12342,557,563,116,1667,1236,21,4100,135036,25
"76050","SINALOA","EL FUERTE",6,24058,65205,533,13636,648,1179,78,715,199,175,3204,109630,25
"76580","SINALOA","SALVADOR ALVARADO",7,17174,56630,428,9669,388,349,66,444,137,135,2077,87497,25
"77037","SINALOA","CULIACAN",8,38066,61321,729,18388,319,1516,97,1343,681,123,2986,125569,25
"77527","SINALOA","CULIACAN",9,26710,55223,582,13090,221,1168,82,1149,508,210,2204,101147,25
"77981","SONORA","MAGDALENA",1,46991,76462,418,5632,204,199,186,2839,434,9,3051,136425,26
"78362","SONORA","HERMOSILLO",2,61007,53633,370,8568,1127,601,1078,8973,1323,481,3339,140500,26
"78685","SONORA","GUAYMAS",3,21086,41368,298,20953,423,347,108,2276,513,26,2062,89460,26
"78920","SONORA","NAVOJOA",4,17336,61572,310,36991,899,503,188,1598,244,37,2945,122623,26
"79232","SONORA","SAN LUIS RIO COLORADO",5,45641,54248,407,6751,227,202,342,6546,619,24,3138,118145,26
"79547","SONORA","HERMOSILLO",6,42274,53904,297,6229,768,493,463,4351,703,23,2791,112296,26
"79859","SONORA","CAJEME",7,41573,65040,546,27655,550,418,303,2325,859,24,2815,142108,26
"80257","TABASCO","CENTRO",1,18154,96727,748,43168,1290,601,191,2377,933,39,4967,169195,27
"80708","TABASCO","CENTLA",2,5751,76880,336,40868,821,317,83,773,276,25,5579,131709,27
"81072","TABASCO","CARDENAS",3,3391,65449,461,51604,916,421,89,887,330,333,4774,128655,27
"81402","TABASCO","COMALCALCO",4,4209,72653,378,39618,519,391,89,943,361,78,5041,124280,27
"81711","TABASCO","MACUSPANA",5,3780,51169,372,28696,310,314,127,716,228,47,4401,90160,27
"81968","TAMAULIPAS","NUEVO LAREDO",1,20842,47975,509,14391,1157,7998,348,1235,688,28,3522,98693,28
"82035","TAMAULIPAS","REYNOSA",2,13062,35062,245,7824,496,4248,116,1032,526,47,2670,65328,28
"82409","TAMAULIPAS","MATAMOROS",3,25755,77305,572,14343,1114,9989,305,9301,1220,390,5561,145855,28
"82784","TAMAULIPAS","VICTORIA",4,45440,60475,326,7100,557,722,253,1264,395,56,2923,119511,28
"83111","TAMAULIPAS","TAMPICO",5,35675,65319,601,28371,351,1853,199,2632,1187,51,2754,138993,28
"83445","TAMAULIPAS","CIUDAD MADERO",6,27075,58199,660,37702,1695,6547,208,3373,1361,18,2859,139697,28
"83799","TAMAULIPAS","RIO BRAVO",7,33679,65136,724,25232,937,20635,547,3123,1010,554,7734,159311,28
"84216","TAMAULIPAS","SAN FERNANDO",8,10259,67186,483,11288,1387,2066,106,1450,381,24,3204,97834,28
"84568","TAMAULIPAS","MANTE",9,24461,35216,208,7676,308,1972,114,2015,347,12,2328,74657,28
"84811","TLAXCALA","TLAXCALA",1,40626,83173,1600,28365,1394,1201,1934,3878,1947,75,4473,168666,29
"85235","TLAXCALA","APIZACO",2,36764,107039,1683,22914,1309,1215,700,4141,1860,138,6094,183857,29
"85726","VERACRUZ","TANTOYUCA",1,10070,45974,664,15868,1766,604,1577,4353,222,174,4786,86058,30
"85762","VERACRUZ","TUXPAN",2,19497,52564,830,12626,2781,507,294,2567,671,57,4050,96444,30
"86205","VERACRUZ","POZA RICA DE HIDALGO",3,23303,43353,1941,21945,2835,592,153,2008,1004,10,3171,100315,30
"86445","VERACRUZ","PAPANTLA",4,9254,54127,2545,20876,3874,643,136,1828,356,364,5915,99918,30
"86741","VERACRUZ","MISANTLA",5,10505,66781,978,22613,1994,767,107,909,451,42,4059,109206,30
"87069","VERACRUZ","JALAPA",6,26435,78301,1286,36844,1920,832,584,4506,3500,27,4783,159018,30
"87483","VERACRUZ","COATEPEC",7,20495,77917,762,29942,2013,747,311,2071,1321,45,4143,139767,30
"87866","VERACRUZ","HUATUSCO",8,13491,88626,1433,17806,914,853,2651,1182,595,59,7034,134644,30
"88221","VERACRUZ","ORIZABA",9,27632,65414,1553,20107,1509,901,461,3851,2227,161,5253,129069,30
"88536","VERACRUZ","CORDOBA",10,31585,71221,1180,20592,4741,562,969,2355,1526,49,4731,139511,30
"88869","VERACRUZ","VERACRUZ",11,35023,62488,986,12192,688,1066,151,3321,1211,42,2342,119510,30
"89161","VERACRUZ","COSAMALOAPAN",12,21861,86194,1555,19244,1130,896,298,1650,592,47,5251,138718,30
"89529","VERACRUZ","ACAYUCAN",13,10321,65786,1865,33076,1879,739,133,970,660,164,5756,121349,30
"89859","VERACRUZ","MINATITLAN",14,6738,42642,4168,38253,1540,948,137,1493,646,27,3700,100292,30
"90130","VERACRUZ","COATZACOALCOS",15,13052,48858,1412,75829,2574,3427,335,1870,1822,13,4277,153469,30
"90512","VERACRUZ","PANUCO",16,13010,50200,1401,23276,854,1136,249,1734,396,32,3415,95703,30
"90793","VERACRUZ","CHICONTEPEC",17,4379,34376,955,8591,3690,595,117,1186,197,44,4163,58293,30
"90986","VERACRUZ","TEMAPACHE",18,12632,41506,1065,16783,1934,1280,147,1467,796,25,3982,81617,30
"91204","VERACRUZ","MARTINEZ DE LA TORRE",19,12260,53979,2777,18180,2355,638,221,1060,665,79,3957,96171,30
"91492","VERACRUZ","ZONGOLICA",20,9474,64108,1062,20498,1779,766,230,1351,681,129,8566,108644,30
"91786","VERACRUZ","VERACRUZ",21,47794,89047,1314,18106,1634,898,305,3547,1758,680,4680,169763,30
"92213","VERACRUZ","SAN ANDRES TUXTLA",22,5826,57738,769,41302,1754,476,95,763,267,191,4314,113495,30
"92523","VERACRUZ","JALTIPAN DE MORELOS",23,6248,57539,2001,54308,2224,895,112,1144,503,54,5254,130282,30
"92953","YUCATAN","MERIDA",1,100796,75077,582,6001,231,336,385,1695,2047,44,3718,190912,31
"93445","YUCATAN","TICUL",2,31501,63712,267,2217,96,247,49,480,195,54,2576,101394,31
"93786","YUCATAN","TEMAX",3,27004,65256,130,2545,69,143,91,308,135,324,2418,98423,31
"94092","YUCATAN","MERIDA",4,42104,62539,299,2494,999,248,92,816,587,17,3328,113523,31
"94457","ZACATECAS","ZACATECAS",1,24015,58046,546,7960,313,492,390,6916,881,23,2318,101900,32
"94822","ZACATECAS","FRESNILLO",2,26416,67050,573,8841,524,418,162,5489,535,534,3120,113662,32
"95215","ZACATECAS","JUCHIPILA",3,19092,49056,386,5920,120,405,113,2561,270,185,2728,80836,32
"95602","ZACATECAS","CONCEPCION DEL ORO",4,12454,50551,836,10651,489,280,50,3048,194,27,2501,81081,32
"95949","ZACATECAS","GUADALUPE",5,27206,81831,1323,14607,733,584,184,6009,667,407,4405,137956,32
