ord,ID_ESTADO,MUNICIPIO_LOCAL,mun,inegi,ife,lugar,PARTIDO_CI,CANDIDATURA_PROPIETARIA
1,26,1,ACONCHI,26001,26001,,PAN,GLENDA MARIA ORNELAS DURON
2,26,1,ACONCHI,26001,26001,,PRI,JOSE DAVID FIGUEROA VINDIOLA
3,26,1,ACONCHI,26001,26001,2,PT,XOCHITL VALENCIA MENDOZA
4,26,1,ACONCHI,26001,26001,,MC,RAFAEL TOBILLAS DURON LOPEZ
5,26,1,ACONCHI,26001,26001,,MORENA,FRANCISCA GARCIA ENRIQUEZ
6,26,1,ACONCHI,26001,26001,,PES,ALEJANDRA MARTINEZ RABAGO
7,26,2,AGUA PRIETA,26002,26002,,C_PAN_PRI_PRD,LUIS ALBERTO RIVERA MORALES
8,26,2,AGUA PRIETA,26002,26002,,PVEM,SERGIO BERNARDO MONTES ARMENDARIZ
9,26,2,AGUA PRIETA,26002,26002,,PT,ELSA VENILA LOPEZ VARELA
10,26,2,AGUA PRIETA,26002,26002,,MC,FRANCISCO ANTONIO JAVIER LOPEZ PERALTA
11,26,2,AGUA PRIETA,26002,26002,,MORENA,JESUS ALFONSO MONTAÑO DURAZO
12,26,2,AGUA PRIETA,26002,26002,2,PES,VICENTE TERAN URIBE
13,26,2,AGUA PRIETA,26002,26002,,RSP,JOSE PACHECO TREVIZO
14,26,2,AGUA PRIETA,26002,26002,,FXM,AURORA SOLANO GRANADOS
15,26,2,AGUA PRIETA,26002,26002,,CAND_IND_EGL,EDMUNDO GAMEZ LOPEZ
16,26,2,AGUA PRIETA,26002,26002,,CAND_IND_JAUR,JEHOVANY ANDRES URIAS RAMOS
17,26,3,ALTAR,26004,26003,2,C_PAN_PRI_PRD,JAIME BARCENA NEBLINA
18,26,3,ALTAR,26004,26003,,MORENA,LUIS ANGEL VALENZUELA MENDIVIL
19,26,3,ALTAR,26004,26003,,NAS,ALMA GENOVEVA GONZALEZ CELAYA
20,26,4,ARIVECHI,26005,26004,,C_PAN_PRI_PRD,LETICIA GUADALUPE FLORES RODRIGUEZ
21,26,4,ARIVECHI,26005,26004,,PVEM,MANUEL ANTONIO LUGO RASCON
22,26,4,ARIVECHI,26005,26004,,PT,FRANCISCO FLORES ROBLES
23,26,4,ARIVECHI,26005,26004,,MC,ABEL FRANCISCO ROBLES GAMEZ
24,26,4,ARIVECHI,26005,26004,,MORENA,DYNA PATRICIA GARCIA MARTINEZ
25,26,4,ARIVECHI,26005,26004,,NAS,ARTEMISA LOPEZ CARRILLO
26,26,4,ARIVECHI,26005,26004,2,PES,JACINTO LOPEZ BORJAS
27,26,5,ARIZPE,26006,26005,2,C_PAN_PRI_PRD,LUCIA DE GUADALUPE SERRANO ACUÑA
28,26,5,ARIZPE,26006,26005,,PT,MARIA ALVARADO VILLASEÑOR
29,26,5,ARIZPE,26006,26005,,MORENA,ALMA ISELA MEDINA MALDONADO
30,26,6,ATIL,26007,26006,,C_PAN_PRI_PRD,YOLANDA CASTAÑEDA QUEZADA
31,26,6,ATIL,26007,26006,,MC,OSCAR RAFAEL CELAYA URIAS
32,26,6,ATIL,26007,26006,2,MORENA,GINA GRICELDA URIAS MURRIETA
33,26,7,BACADEHUACHI,26008,26007,2,C_PAN_PRI_PRD,JOAQUIN JAIME MORENO
34,26,7,BACADEHUACHI,26008,26007,,PT,LUIS ALFONSO SIERRA VILLAESCUSA
35,26,7,BACADEHUACHI,26008,26007,,MC,GRECIA PAMELA VALENCIA MORENO
36,26,7,BACADEHUACHI,26008,26007,,MORENA,RAFAEL ELIAS GALAZ ORTEGA
37,26,8,BACANORA,26009,26008,,PAN,BELISARIO PACHECO GALINDO
38,26,8,BACANORA,26009,26008,,PRI,MARIA EVA ROBLES CASTELLANO
39,26,8,BACANORA,26009,26008,,PT,GABRIELA ALEJANDRA LEON DUARTE
40,26,8,BACANORA,26009,26008,2,MORENA,JULIO CESAR URQUIJO LUGO
41,26,9,BACERAC,26010,26009,,C_PAN_PRI_PRD,DANIEL ANGEL MEDINA VALDEZ
42,26,9,BACERAC,26010,26009,2,MORENA,OSCAR CASTRO PARRA
43,26,10,BACOACHI,26011,26010,,PAN,BARBARA DEL CID GAMEZ
44,26,10,BACOACHI,26011,26010,,PRI,ROGELIO ESPINOZA
45,26,10,BACOACHI,26011,26010,,PRD,ROSENDO LOPEZ DAVALOS
46,26,10,BACOACHI,26011,26010,2,MC,TOMAS ABELARDO LUJAN SANTA CRUZ
47,26,10,BACOACHI,26011,26010,,MORENA,FERNANDA SANCHEZ SOTO
48,26,10,BACOACHI,26011,26010,,NAS,DIANA YANETH RAMOS QUINTANA
49,26,11,BANAMICHI,26013,26011,,C_PAN_PRI_PRD,ANA LILIA BARCELO VALENCIA
50,26,11,BANAMICHI,26013,26011,,PT,JESUS HEBERTO CORELLA YESCAS
51,26,11,BANAMICHI,26013,26011,2,MC,MARTHA OLIVIA CHA CORDOVA
52,26,11,BANAMICHI,26013,26011,,MORENA,LOIDA EUNICE VALDEZ BUELNA
53,26,12,BAVIACORA,26014,26012,2,C_PAN_PRI_PRD,JUAN FRANCISCO HUGUEZ MARTINEZ
54,26,12,BAVIACORA,26014,26012,,PT,DULCE MARIA ROMERO MORALES
55,26,12,BAVIACORA,26014,26012,,MC,MARIA ISABEL VILLALBA RODRIGUEZ
56,26,12,BAVIACORA,26014,26012,,MORENA,ENRIQUE JAVIER CEDANO TIRADO
57,26,12,BAVIACORA,26014,26012,,PES,RAMON ALBERTO RUIZ LEON
58,26,13,BAVISPE,26015,26013,,C_PAN_PRI_PRD,ADAM EDUARDO LANGFORD KEMSON
59,26,13,BAVISPE,26015,26013,2,MORENA,CELIA DURAZO MONTAÑO
60,26,14,BENJAMIN HILL,26016,26014,2,CC_PAN_PRI_PRD,DULCE ROSALIA RAMIREZ GARIBAY
61,26,14,BENJAMIN HILL,26016,26014,,PT,YESSICA YURIDIA BARRAZA CELAYA
62,26,14,BENJAMIN HILL,26016,26014,,MC,MANUEL DE JESUS CASTRO MOLINA
63,26,14,BENJAMIN HILL,26016,26014,,MORENA,MARIA JOSE RUIZ VALENZUELA
64,26,14,BENJAMIN HILL,26016,26014,,NAS,TADEO FERNANDO CARRANZA TERAN
65,26,14,BENJAMIN HILL,26016,26014,,FXM,EDUARDO GAMEZ BALDERRAMA
66,26,15,CANANEA,26019,26015,2,CC_PAN_PRI_PRD,NANCY JUDITH NOVELA ARRIETA
67,26,15,CANANEA,26019,26015,,PVEM,PAMELA ALEJANDRA ORDAZ VASQUEZ
68,26,15,CANANEA,26019,26015,,PT,MIRSA ABIGAIL CASTRO ALVARADO
69,26,15,CANANEA,26019,26015,,MC,MIRIAM ELIZABETH BRISEÑO MATUS
70,26,15,CANANEA,26019,26015,,MORENA,MICAELA VERA VASQUEZ
71,26,15,CANANEA,26019,26015,,CAND_IND_EQJ,EDUARDO QUIROGA JIMENEZ
72,26,16,CUCURPE,26022,26016,,PAN,MANUEL FRANCISCO VILLA PAREDES
73,26,16,CUCURPE,26022,26016,,PRI,LUZ IMELDA ORTEGA GAXIOLA
74,26,16,CUCURPE,26022,26016,,PT,ERIKA KASSANDRA SACUACHI QUEVEDO
75,26,16,CUCURPE,26022,26016,2,MORENA,MARIA TRINIDAD MIRANDA MIRANDA
76,26,17,CUMPAS,26023,26017,2,C_PAN_PRI_PRD,JOSE RAMON CHAVEZ MONTAÑO
77,26,17,CUMPAS,26023,26017,,PT,JUAN DIEGO URIAS VARELA
78,26,17,CUMPAS,26023,26017,,MC,OSCAR TIZOC FIMBREZ VALENZUELA
79,26,17,CUMPAS,26023,26017,,MORENA,GRICELDA HOYOS ACUÑA
80,26,18,DIVISADEROS,26024,26018,,C_PAN_PRI_PRD,JESUS MISAEL ACUÑA ACUÑA
81,26,18,DIVISADEROS,26024,26018,2,MC,JUAN JAIME MONTAÑO
82,26,18,DIVISADEROS,26024,26018,,MORENA,MARIA CELINA ARVAYO DUARTE
83,26,18,DIVISADEROS,26024,26018,,PES,JUDITH YESSENIA MORALES LOPEZ
84,26,19,FRONTERAS,26027,26019,,CC_PAN_PRI_PRD,GUADALUPE VALDEZ SOLIS
85,26,19,FRONTERAS,26027,26019,2,MC,ISRAEL QUIJADA HERNANDEZ
86,26,19,FRONTERAS,26027,26019,,MORENA,NIDIA GUADALUPE MARTINEZ DUARTE
87,26,19,FRONTERAS,26027,26019,,PES,VANELIA IVETTE VALENZUELA VASQUEZ
88,26,20,GRANADOS,26028,26020,2,C_PAN_PRI_PRD,ERNESTO BARCELO NORIEGA
89,26,20,GRANADOS,26028,26020,,MC,JOSE VINICIO DURAZO DURAZO
90,26,20,GRANADOS,26028,26020,,MORENA,MARICELA MONTAÑO FIMBRES
91,26,21,HUACHINERA,26031,26021,,C_PAN_PRI_PRD,MAVIDENIA RAMOS HOLGUIN
92,26,21,HUACHINERA,26031,26021,2,MORENA,BERNI GOMEZ MORENO
93,26,22,HUASABAS,26032,26022,2,C_PAN_PRI_PRD,ANNETH ZULEIKA ESQUER GALVEZ
94,26,22,HUASABAS,26032,26022,,MORENA,ALVA LUZ SIQUEIROS TACHO
95,26,22,HUASABAS,26032,26022,,NAS,JESUS ALBERTO URQUIJO RAMIREZ
96,26,23,HUEPAC,26034,26023,,C_PAN_PRI_PRD,MARIA ELOINA LUGO MENDEZ
97,26,23,HUEPAC,26034,26023,2,PT,JOSE FELIX LOPEZ MENDOZA
98,26,23,HUEPAC,26034,26023,,MC,XOCHITL VALENCIA MENDOZA
99,26,23,HUEPAC,26034,26023,,MORENA,DALIA JANNETT MORALES OCHOA
100,26,24,IMURIS,26035,26024,,PAN,FRANCISCA ARACELI SOTO ROMERO
101,26,24,IMURIS,26035,26024,,PRI,JESUS LEONARDO GARCIA ACEDO
102,26,24,IMURIS,26035,26024,,PVEM,JESUS MARIO LOPEZ GALVEZ
103,26,24,IMURIS,26035,26024,2,PT,JESUS ALBERTO RENTERIA VASQUEZ
104,26,24,IMURIS,26035,26024,,MC,ALEJANDRA OROS MORENO
105,26,24,IMURIS,26035,26024,,MORENA,ROSA MARIA RAMIREZ TEUTLI
106,26,24,IMURIS,26035,26024,,NAS,SACRAMENTO SOTO MAZON
107,26,25,MAGDALENA DE KINO,26036,26025,2,C_PAN_PRI_PRD,FRANCISCO JAVIER ZEPEDA MUNRO
108,26,25,MAGDALENA DE KINO,26036,26025,,PVEM,YOLVA GUADALUPE VALENZUELA BARRERA
109,26,25,MAGDALENA DE KINO,26036,26025,,PT,ERIKA LETICIA ROBLES GONZALEZ
110,26,25,MAGDALENA DE KINO,26036,26025,,MC,BRIANDA VIVIAN MARTINEZ
111,26,25,MAGDALENA DE KINO,26036,26025,,MORENA,VICTOR MANUEL FIMBRES ORTEGA
112,26,25,MAGDALENA DE KINO,26036,26025,,RSP,ANA ISABEL PORTILLO ESTRADA
113,26,25,MAGDALENA DE KINO,26036,26025,,CAND_IND_OOG,OMAR ORTEZ GUERRERO
114,26,26,MOCTEZUMA,26038,26026,2,C_PAN_PRI_PRD,CRUZ ADRIANA SEPULVEDA RODRIGUEZ
115,26,26,MOCTEZUMA,26038,26026,,PT,CECILIA MARIA SIQUEIROS SALAZAR
116,26,26,MOCTEZUMA,26038,26026,,MC,GLENDA ISABEL MARIA VILLARREAL TERAN
117,26,26,MOCTEZUMA,26038,26026,,MORENA,JOSE ALFREDO QUIJADA MARQUEZ
118,26,27,NACO,26039,26027,,PAN,JOSE LORENZO VILLEGAS VAZQUEZ
119,26,27,NACO,26039,26027,2,PRI,ANDREA CELESTE RAMOS ERIVEZ
120,26,27,NACO,26039,26027,,PT,URIEL HUMBERTO VASQUEZ BUSTAMANTE
121,26,27,NACO,26039,26027,,MC,TANIA PRISCILA BONILLA FLORES
122,26,27,NACO,26039,26027,,MORENA,GABRIEL HERNANDEZ GAMEZ
123,26,27,NACO,26039,26027,,PES,TATIANA ESMERALDA PEREZ BAEZ
124,26,28,NACORI CHICO,26040,26028,,PAN,ADRIANA FUENTES GARCIA
125,26,28,NACORI CHICO,26040,26028,2,PRI,JESUS MANUEL PORTILLO CORDOVA
126,26,28,NACORI CHICO,26040,26028,,PT,ANTONIO OCAÑO MENDOZA
127,26,28,NACORI CHICO,26040,26028,,MC,JORGE LUIS PORTILLO ARVIZU
128,26,29,NACOZARI DE GARCIA,26041,26029,,CC_PAN_PRI_PRD,MARIA CELINA ALDANA MARTINEZ
129,26,29,NACOZARI DE GARCIA,26041,26029,,PVEM,LUIS ALBERTO MATA MORENO
130,26,29,NACOZARI DE GARCIA,26041,26029,,PT,JESUS GAMBOA TALAMANTE
131,26,29,NACOZARI DE GARCIA,26041,26029,,MC,SUSANA EDITH MIRANDA LORETO
132,26,29,NACOZARI DE GARCIA,26041,26029,2,MORENA,GRACIELA MOLINA ANDANA
133,26,29,NACOZARI DE GARCIA,26041,26029,,CAND_IND_PMR,PEDRO MORGHEN RIVERA
134,26,30,NOGALES,26043,26030,2,CC_PAN_PRI_PRD,JORGE OCTAVIO FREIG CARRILLO
135,26,30,NOGALES,26043,26030,,PVEM,DAVID RICARDO JIMENEZ FUENTES
136,26,30,NOGALES,26043,26030,,PT,LETICIA CALDERON FUENTES
137,26,30,NOGALES,26043,26030,,MC,DEMETRIO IFANTOPULOS AGUILAR
138,26,30,NOGALES,26043,26030,,MORENA,JUAN FRANCISCO GIM NOGALES
139,26,30,NOGALES,26043,26030,,PES,JOSE MANUEL GAYTAN GALINDO
140,26,30,NOGALES,26043,26030,,RSP,BEATRIZ DEL CONSUELO MENDOZA TAPIA
141,26,30,NOGALES,26043,26030,,FXM,FRANCISCO JAVIER MENDIVIL FIGUEROA
142,26,31,OQUITOA,26046,26031,,C_PAN_PRI_PRD,LUZ IMELDA ORTIZ GARCIA
143,26,31,OQUITOA,26046,26031,2,MORENA,JOSE AURELIO ORTIZ GORTARI
144,26,32,SAHUARIPA,26052,26032,,C_PAN_PRI_PRD,LUIS CARLOS GALINDO DUARTE
145,26,32,SAHUARIPA,26052,26032,,PT,VALERIA GUADALUPE BARRAZA PACHECO
146,26,32,SAHUARIPA,26052,26032,,MC,CARINA ESTHER JACOBO OCHOA
147,26,32,SAHUARIPA,26052,26032,2,MORENA,LORENZO TORRES ENCINAS
148,26,33,SAN FELIPE DE JESUS,26053,26033,2,C_PAN_PRI_PRD,ANA ISABEL CRUZ OCHOA
149,26,33,SAN FELIPE DE JESUS,26053,26033,,MC,JESUS ALBERTO BALLESTEROS QUIROGA
150,26,33,SAN FELIPE DE JESUS,26053,26033,,MORENA,MARIA LUZ OLVERA VELARDE
151,26,34,SAN JAVIER,26054,26034,2,C_PAN_PRI_PRD,DORA LETICIA ALDAY BUELNA
152,26,34,SAN JAVIER,26054,26034,,PVEM,CARLOS HUMBERTO BOURJAC ROMERO
153,26,34,SAN JAVIER,26054,26034,,PT,ADILENNE CAROLINA QUIJADA AMAVIZCA
154,26,34,SAN JAVIER,26054,26034,,MC,ELIANA MARGARITA GRACIA VERDUGO
155,26,34,SAN JAVIER,26054,26034,,MORENA,ROSA MARIA ENCINAS CORNEJO
156,26,35,SAN PEDRO DE LA CUEVA,26057,26035,2,C_PAN_PRI_PRD,DIANA IVETTE LOPEZ TARAZON
157,26,35,SAN PEDRO DE LA CUEVA,26057,26035,,MC,MARIA DEL ROSARIO ENCINAS QUIJADA
158,26,35,SAN PEDRO DE LA CUEVA,26057,26035,,NAS,RAMON ANGEL NORIEGA FIGUEROA
159,26,36,SANTA ANA,26058,26036,2,C_PAN_PRI_PRD,MAYRA JUDITH ARAIZA CASTILLO
160,26,36,SANTA ANA,26058,26036,,PVEM,MARGARITA VARELA MORENO
161,26,36,SANTA ANA,26058,26036,,PT,SIRIA DEL ROCIO BADILLA BARRAGAN
162,26,36,SANTA ANA,26058,26036,,MC,MARIA ANTONIETA MARTINEZ BOJORQUEZ
163,26,36,SANTA ANA,26058,26036,,MORENA,FRANCISCO AVECHUCO ZEREGA
164,26,37,SANTA CRUZ,26059,26037,2,CC_PAN_PRI_PRD,MONICA ALICIA CORELLA MURRIETA
165,26,37,SANTA CRUZ,26059,26037,,PT,ROSA LINDA SIERRAS LOPEZ
166,26,37,SANTA CRUZ,26059,26037,,MC,VICTOR OMAR LAPRADA VIDAÑA
167,26,37,SANTA CRUZ,26059,26037,,MORENA,RENE PERALTA TORRES
168,26,37,SANTA CRUZ,26059,26037,,PES,CLARISA DUARTE
169,26,38,SARIC,26060,26038,,C_PAN_PRI_PRD,MARIA CARRIZOZA ESTRELLA
170,26,38,SARIC,26060,26038,2,PVEM,MARIA ALBERTINA SOTO VILLARREAL
171,26,38,SARIC,26060,26038,,MORENA,MARIA ANGELICA OROZCO BARNETT
172,26,38,SARIC,26060,26038,,RSP,LUIS OSVALDO PARRA SOTO
173,26,39,SOYOPA,26061,26039,,PAN,EFRAIN MORENO MIRANDA
174,26,39,SOYOPA,26061,26039,,PRI,BLANCA FABIOLA MORENO SANCHEZ
175,26,39,SOYOPA,26061,26039,,MC,NIDIA JEANETH LOAIZA COVARRUBIA
176,26,39,SOYOPA,26061,26039,,MORENA,MONSERRAT TREVIZO CORONADO
177,26,39,SOYOPA,26061,26039,2,NAS,IRMA LETICIA ACEDO MIRANDA
178,26,40,SUAQUI GRANDE,26062,26040,2,PAN,JUAN CARLOS CAMPA CASTILLO
179,26,40,SUAQUI GRANDE,26062,26040,,PRI,LUCIA CARRILLO AMPARANO
180,26,40,SUAQUI GRANDE,26062,26040,,MORENA,CARLOS ARMANDO CARRILLO DUARTE
181,26,41,TEPACHE,26063,26041,,C_PAN_PRI_PRD,ARAVEA GARCIA QUIJADA
182,26,41,TEPACHE,26063,26041,,PT,MARTINA ANAYA ANAYA
183,26,41,TEPACHE,26063,26041,,MC,FRANCISCO PORTELA SALGUERO
184,26,41,TEPACHE,26063,26041,2,MORENA,JUAN CARLOS MORENO MORENO
185,26,42,TRINCHERAS,26064,26042,,C_PAN_PRI_PRD,MANUELA DUARTE LOPEZ
186,26,42,TRINCHERAS,26064,26042,2,MC,LUZ MARIA PORTILLO TREJO
187,26,42,TRINCHERAS,26064,26042,,MORENA,PETRA GUADALUPE MESA SESMA
188,26,43,TUBUTAMA,26065,26043,2,C_PAN_PRI_PRD,MIRIAM LOPEZ BADILLA
189,26,43,TUBUTAMA,26065,26043,,MORENA,ELVIA YURIDIA MOLLINEDO URIAS
190,26,44,VILLA HIDALGO,26067,26044,2,C_PAN_PRI_PRD,GLORIA EDUVIGES SAMANIEGO VALENZUELA
191,26,44,VILLA HIDALGO,26067,26044,,MC,FRANCISCO JAVIER CAMPA DURAZO
192,26,44,VILLA HIDALGO,26067,26044,,MORENA,ANTONIO ARMENTA COTA
193,26,45,VILLA PESQUEIRA,26068,26045,2,C_PAN_PRI_PRD,DANTE OTHON LUCERO
194,26,45,VILLA PESQUEIRA,26068,26045,,MORENA,MIGUEL OVED ROBINSON BOURS DEL CASTILLO
195,26,45,VILLA PESQUEIRA,26068,26045,,PES,DANIELA RUELAS PALAFOX
196,26,45,VILLA PESQUEIRA,26068,26045,,FXM,FLOR BEATRIZ GIL DOMINGUEZ
197,26,46,CABORCA,26017,26046,2,C_PAN_PRI_PRD,RAMON ANTONIO PRECIADO GONZALEZ
198,26,46,CABORCA,26017,26046,,PVEM,RICARDO ARAIZA CELAYA
199,26,46,CABORCA,26017,26046,,PT,LORENZO VALDEZ PEREA
200,26,46,CABORCA,26017,26046,,MC,FERNANDO CAÑEZ RIOS
201,26,46,CABORCA,26017,26046,,MORENA,ABRAHAM DAVID MIER NOGALES
202,26,46,CABORCA,26017,26046,,PES,ULICES MARTINEZ LOPEZ
203,26,46,CABORCA,26017,26046,,RSP,DAVID SILVA BONALES
204,26,46,CABORCA,26017,26046,,FXM,KIRIA LIZETH RIVERA VELAZCO
205,26,47,CARBO,26020,26047,2,C_PAN_PRI_PRD,LUIS ANGEL MORENO VALDEZ
206,26,47,CARBO,26020,26047,,PVEM,JOSE ISAAC IVAN ACOSTA
207,26,47,CARBO,26020,26047,,PT,SYLVIA LENIKA PLACENCIA LEAL
208,26,47,CARBO,26020,26047,,MC,ANA LORENA YESCAS MORALES
209,26,47,CARBO,26020,26047,,MORENA,ORALIA VALDEZ ARNOLD
210,26,47,CARBO,26020,26047,,PES,LAURA YESENIA VALDEZ MIRANDA
211,26,48,COLORADA--LA,26021,26048,,C_PAN_PRI_PRD,MARCO ANTONIO PLATT ESCALANTE
212,26,48,COLORADA--LA,26021,26048,,PT,CONSUELO BERNAL REYES
213,26,48,COLORADA--LA,26021,26048,,MC,IMPERIO DE GUADALUPE WALDRON LUCERO
214,26,48,COLORADA--LA,26021,26048,2,MORENA,ARMANDO ENRIQUE RODRIGUEZ VALENCIA
215,26,49,HERMOSILLO,26030,26049,,CC_PAN_PRI_PRD,ANTONIO FRANCISCO ASTIAZARAN GUTIERREZ
216,26,49,HERMOSILLO,26030,26049,,PVEM,ESTHER SALAS REATIGA
217,26,49,HERMOSILLO,26030,26049,,PT,JOSE RUPERTO CELAYA JIMENEZ
218,26,49,HERMOSILLO,26030,26049,,MC,DAVID FIGUEROA ORTEGA
219,26,49,HERMOSILLO,26030,26049,2,MORENA,CELIDA TERESA LOPEZ CARDENAS
220,26,49,HERMOSILLO,26030,26049,,PES,MIRNA LETICIA SOTOMAYOR ZAZUETA
221,26,49,HERMOSILLO,26030,26049,,RSP,JOSE CARLOS ORNELAS GONZALEZ
222,26,49,HERMOSILLO,26030,26049,,FXM,JESUS FRANCISCO FELIX ARMENTA
223,26,50,MAZATAN,26037,26050,2,C_PAN_PRI_PRD,ALMA CELINA MADA CASTILLO
224,26,50,MAZATAN,26037,26050,,MC,RAMON ROGELIO ESQUER GALVEZ
225,26,50,MAZATAN,26037,26050,,MORENA,RANULFO JUAN DIEGO LANDAVAZO BURRUEL
226,26,51,OPODEPE,26045,26051,,C_PAN_PRI_PRD,PAOLA LOPEZ FERNANDEZ
227,26,51,OPODEPE,26045,26051,,PVEM,ROSA JOSEFINA URQUIDEZ CASTILLO
228,26,51,OPODEPE,26045,26051,,PT,LORENZO FAVIAN SANTA MARIA BROCKMAN
229,26,51,OPODEPE,26045,26051,2,MC,DANIA IBETT GUTIERREZ MARTINEZ
230,26,51,OPODEPE,26045,26051,,MORENA,MARTHA ISABEL DUARTE QUIJADA
231,26,52,PITIQUITO,26047,26052,,PAN,FRANCISCA SIERRA ARENAS
232,26,52,PITIQUITO,26047,26052,2,PRI,JUAN CARLOS MORALES REYNA
233,26,52,PITIQUITO,26047,26052,,PVEM,JOSE JULIAN QUIJANO GALAVIZ
234,26,52,PITIQUITO,26047,26052,,PT,YOLANDA MORIN LOPEZ
235,26,52,PITIQUITO,26047,26052,,MC,MA DEL CARMEN LIZARRAGA SANCHEZ
236,26,52,PITIQUITO,26047,26052,,MORENA,JANETH MAZON GARCIA
237,26,52,PITIQUITO,26047,26052,,FXM,AMADA JULIANA REYNA VALENZUELA
238,26,53,PUERTO PEÑASCO,26048,26053,,C_PAN_PRI_PRD,JORGE IVAN PIVAC CARRILLO
239,26,53,PUERTO PEÑASCO,26048,26053,,PVEM,SOCORRO NOHEMI HAROS VELARDE
240,26,53,PUERTO PEÑASCO,26048,26053,,PT,ANA XOCHILT URIARTE NAVARRO
241,26,53,PUERTO PEÑASCO,26048,26053,,MC,CELIA LIZETH YEOMANS REYES
242,26,53,PUERTO PEÑASCO,26048,26053,2,MORENA,MIGUEL ANGEL PADILLA DURAN
243,26,53,PUERTO PEÑASCO,26048,26053,,PES,LAZARO ESPINOZA MENDIVIL
244,26,53,PUERTO PEÑASCO,26048,26053,,RSP,GRISELDA IVETH ROMERO NUÑEZ
245,26,53,PUERTO PEÑASCO,26048,26053,,FXM,ROQUE EDEL CELAYA  ORTEGA
246,26,54,RAYON,26050,26054,,C_PAN_PRI_PRD,ALEJANDRO LUIS GRIJALVA ROBLES
247,26,54,RAYON,26050,26054,,PT,FRANCISCA ARIANNA GRIJALVA YESCAS
248,26,54,RAYON,26050,26054,,MC,MARTHA ELENA RODRIGUEZ FERNANDEZ
249,26,54,RAYON,26050,26054,2,MORENA,PERLA PATRICIA TRUJILLO RIVERA
250,26,55,SAN LUIS RIO COLORADO,26055,26055,2,CC_PAN_PRI_PRD,FRANCISCO OCHOA MONTAÑO
251,26,55,SAN LUIS RIO COLORADO,26055,26055,,PVEM,HILDA ELENA HERRERA MIRANDA
252,26,55,SAN LUIS RIO COLORADO,26055,26055,,PT,JOSE DE JESUS RAMOS ANDRADE
253,26,55,SAN LUIS RIO COLORADO,26055,26055,,MC,JESUS ALONSO MONTES PIÑA
254,26,55,SAN LUIS RIO COLORADO,26055,26055,,MORENA,SANTOS GONZALEZ YESCAS
255,26,55,SAN LUIS RIO COLORADO,26055,26055,,PES,JESUS ISIDRO ARENAS AYON
256,26,55,SAN LUIS RIO COLORADO,26055,26055,,FXM,MARCO ANTONIO LUNA ESPINDOLA
257,26,56,SAN MIGUEL DE HORCASITAS,26056,26056,,C_PAN_PRI_PRD,JOAQUIN MUNGUIA CORONADO
258,26,56,SAN MIGUEL DE HORCASITAS,26056,26056,,PVEM,FABIOLA SANCHEZ IBAÑEZ
259,26,56,SAN MIGUEL DE HORCASITAS,26056,26056,,PT,ROBERTO SANCHEZ VERDUGO
260,26,56,SAN MIGUEL DE HORCASITAS,26056,26056,,MC,ANA LYDIA LOPEZ GALVEZ
261,26,56,SAN MIGUEL DE HORCASITAS,26056,26056,2,MORENA,MAGDALENA MILDRED HURTADO RUIZ
262,26,56,SAN MIGUEL DE HORCASITAS,26056,26056,,PES,ELVIRA MONTAÑO PRECIADO
263,26,57,URES,26066,26057,2,C_PAN_PRI_PRD,HECTOR GASTON RODRIGUEZ GALINDO
264,26,57,URES,26066,26057,,MC,ERIKA DE LOS REYES CORONADO
265,26,57,URES,26066,26057,,MORENA,JOSE MANUEL VALENZUELA SALCIDO
266,26,57,URES,26066,26057,,FXM,GUADALUPE MORALES DUARTE
267,26,58,BACUM,26012,26058,,CC_PAN_PRI_PRD,MARTIN ESPINOZA BELTRAN
268,26,58,BACUM,26012,26058,2,PT,VERONICA MONTIEL CORTEZ
269,26,58,BACUM,26012,26058,,MC,LUIS ARTURO OSUNA BARAJAS
270,26,58,BACUM,26012,26058,,MORENA,GLADIS FRANCISCA MIRANDA URIAS
271,26,58,BACUM,26012,26058,,PES,JOSE ANTONIO MACHADO QUESNEY
272,26,58,BACUM,26012,26058,,RSP,SERGE ENRIQUEZ TOLANO
273,26,58,BACUM,26012,26058,,FXM,MARIANA BERNAL LOZOLLA
274,26,59,CAJEME,26018,26059,,CC_PAN_PRI_PRD,ANABEL ACOSTA ISLAS
275,26,59,CAJEME,26018,26059,,PVEM,FIDEL ANTONIO COVARRUBIAS MIRANDA
276,26,59,CAJEME,26018,26059,,PT,ORLANDO SALIDO RIVERA
277,26,59,CAJEME,26018,26059,,MC,GUSTAVO IGNACIO ALMADA BORQUEZ
278,26,59,CAJEME,26018,26059,,MORENA,CARLOS JAVIER LAMARQUE CANO
279,26,59,CAJEME,26018,26059,,PES,ROSENDO ELISEO ARRAYALES TERAN
280,26,59,CAJEME,26018,26059,,RSP,ANA LILIA HERNANDEZ LOPEZ
281,26,59,CAJEME,26018,26059,,FXM,EFREN SANCHEZ CAMACHO
282,26,59,CAJEME,26018,26059,2,CAND_IND_JRRBC,JOSE RODRIGO ROBINSON BOURS CASTELO
283,26,60,EMPALME,26025,26060,,C_PAN_PRI_PRD,ADRIAN HERNANDEZ FLORES
284,26,60,EMPALME,26025,26060,2,PVEM,JOSE TRINIDAD FLORES MENDOZA
285,26,60,EMPALME,26025,26060,,PT,ALMA BEATRIZ LANDETA AGUILAR
286,26,60,EMPALME,26025,26060,,MC,CARMEN TERESA GARCIA ARELLANO
287,26,60,EMPALME,26025,26060,,MORENA,LUIS FUENTES AGUILAR
288,26,60,EMPALME,26025,26060,,PES,SANDRA LOPEZ VARGAS
289,26,60,EMPALME,26025,26060,,RSP,BEATRIZ EVELIA ORTEGA MAYTORENA
290,26,60,EMPALME,26025,26060,,FXM,FRANCISCO JAVIER IBARRA GONZALEZ
291,26,61,GUAYMAS,26029,26061,,CC_PAN_PRI_PRD,FRANCISCO ROGELIO SANCHEZ DE LA VEGA
292,26,61,GUAYMAS,26029,26061,,PVEM,RICARDO ALAN CORRAL LAGARDA
293,26,61,GUAYMAS,26029,26061,2,PT,RODOLFO LIZARRAGA ARELLANO
294,26,61,GUAYMAS,26029,26061,,MC,MANUEL VILLEGAS RODRIGUEZ
295,26,61,GUAYMAS,26029,26061,,MORENA,KARLA CORDOVA GONZALEZ
296,26,61,GUAYMAS,26029,26061,,PES,OSCAR BARRAGAN VALDEZ
297,26,61,GUAYMAS,26029,26061,,RSP,ALBERTO ALBIN CUBILLAS
298,26,61,GUAYMAS,26029,26061,,FXM,JESUS IVAN ACEVEDO SAUCEDA
299,26,61,GUAYMAS,26029,26061,,CAND_IND_YCCL,YADIRA CATALINA COTA LUGO
300,26,62,ALAMOS,26003,26062,,C_PAN_PRI_PRD,VICTOR MANUEL BALDERRAMA CARDENAS
301,26,62,ALAMOS,26003,26062,,PVEM,MIRELIA FABELA ONTIVEROS
302,26,62,ALAMOS,26003,26062,,PT,LAZARO GARCIA MEXIA
303,26,62,ALAMOS,26003,26062,,MC,ELEAZAR RODRIGUEZ ROMERO
304,26,62,ALAMOS,26003,26062,2,MORENA,ROSARIO RAFAEL ENRIQUEZ CORRAL
305,26,62,ALAMOS,26003,26062,,PES,BAUDELIA MEZA RODRIGUEZ
306,26,62,ALAMOS,26003,26062,,RSP,SERGIO JAVIER PACHECO VALENCIA
307,26,62,ALAMOS,26003,26062,,FXM,ALFREDO ALCANTAR YOCUPICIO
308,26,63,ETCHOJOA,26026,26063,,CC_PAN_PRI_PRD,RAMON GUADALUPE PALACIOS CARRAZCO
309,26,63,ETCHOJOA,26026,26063,,PVEM,MANUEL EDGARDO BARRERAS MOROYOQUI
310,26,63,ETCHOJOA,26026,26063,2,PT,JOEL MARIO GONZALEZ IBARRA
311,26,63,ETCHOJOA,26026,26063,,MC,HECTOR ENRIQUE LOPEZ AGUIRRE
312,26,63,ETCHOJOA,26026,26063,,MORENA,JESUS TADEO MENDIVIL VALENZUELA
313,26,63,ETCHOJOA,26026,26063,,PES,JAIME HORACIO CORRAL PEREZ
314,26,63,ETCHOJOA,26026,26063,,RSP,MA DEL ROSARIO GARCIA BRIANO
315,26,63,ETCHOJOA,26026,26063,,FXM,GLORIA KAMELYN  KINIJARA GARCIA
316,26,63,ETCHOJOA,26026,26063,,CAND_IND_CNY,CLEMENTE NEYOY YOCUPICIO
317,26,64,HUATABAMPO,26033,26064,2,CC_PAN_PRI_PRD,RAMON ANTONIO DIAZ NIEBLAS
318,26,64,HUATABAMPO,26033,26064,,PVEM,ANA MARIA ZAVALA RUIZ
319,26,64,HUATABAMPO,26033,26064,,PT,SAMUEL MEDINA GARCIA
320,26,64,HUATABAMPO,26033,26064,,MC,JESUS HIRAM OZUNA MORALES
321,26,64,HUATABAMPO,26033,26064,,MORENA,JUAN JESUS FLORES MENDOZA
322,26,64,HUATABAMPO,26033,26064,,PES,GUADALUPE CORRAL FELIX
323,26,64,HUATABAMPO,26033,26064,,FXM,MARIA ANTONIETA  JOHNSTON ESCALANTE
324,26,64,HUATABAMPO,26033,26064,,CAND_IND_HJSA,HECTOR JUAN SALCIDO ALVAREZ
325,26,65,NAVOJOA,26042,26065,2,CC_PAN_PRI_PRD,JORGE LUIS MARQUEZ CAZARES
326,26,65,NAVOJOA,26042,26065,,PVEM,ALEJANDRA TANYBETH AGUAYO GALLEGOS
327,26,65,NAVOJOA,26042,26065,,PT,JESUS GUILLERMO RUIZ CAMPOY
328,26,65,NAVOJOA,26042,26065,,MC,FELIPE GUTIERREZ MILLAN
329,26,65,NAVOJOA,26042,26065,,MORENA,MARIO MARTIN MARTINEZ BOJORQUEZ
330,26,65,NAVOJOA,26042,26065,,PES,MONSERAT DE MARIA MANCINAS MELO
331,26,65,NAVOJOA,26042,26065,,RSP,TERESITA ALVAREZ ALCANTAR
332,26,65,NAVOJOA,26042,26065,,FXM,GERARDO POZOS RODRIGUEZ
333,26,65,NAVOJOA,26042,26065,,CAND_IND_CAQR,CARLOS ALBERTO QUIROZ ROMO
334,26,66,ONAVAS,26044,26066,,C_PAN_PRI_PRD,OLIVIA LEYVA GARCIA
335,26,66,ONAVAS,26044,26066,2,PVEM,AGUSTIN ESTRELLA ESTRELLA
336,26,66,ONAVAS,26044,26066,,MC,VERONICA VALENZUELA AVILES
337,26,67,QUIRIEGO,26049,26067,,C_PAN_PRI_PRD,ROSALVA VEGA BELTRAN
338,26,67,QUIRIEGO,26049,26067,,PVEM,MATILDE AYALA ENRIQUEZ
339,26,67,QUIRIEGO,26049,26067,,PT,BEATRIZ HAYDEE VALDEZ FLORES
340,26,67,QUIRIEGO,26049,26067,,MC,HECTOR MARIO VALENZUELA TERMINEL
341,26,67,QUIRIEGO,26049,26067,2,MORENA,LEONARDO FLORES GARCIA
342,26,67,QUIRIEGO,26049,26067,,NAS,MARIA CONCEPCION TORRES ENRIQUEZ
343,26,67,QUIRIEGO,26049,26067,,PES,AIDA GOMEZ ROSALES
344,26,67,QUIRIEGO,26049,26067,,RSP,JUAN IGNACIO ZAZUETA RUIZ
345,26,67,QUIRIEGO,26049,26067,,FXM,CARLOS ALBERTO ZAZUETA GONZALEZ
346,26,68,ROSARIO,26051,26068,,C_PAN_PRI_PRD,GERARDO MENDIVIL VALENZUELA
347,26,68,ROSARIO,26051,26068,,PT,ISIDRO GARCIA LUCERO
348,26,68,ROSARIO,26051,26068,,MC,MA SOCORRO FLORES MORALES
349,26,68,ROSARIO,26051,26068,,MORENA,MARIA ELENA SOTOMAYOR FRANCO
350,26,68,ROSARIO,26051,26068,2,NAS,GUADALUPE BUJANDA FRAIJO
351,26,68,ROSARIO,26051,26068,,FXM,MANUEL DE JESUS GUERRERO CORRAL
352,26,69,YECORA,26069,26069,,C_PAN_PRI_PRD,YADIRA ESPINOZA MENDEZ
353,26,69,YECORA,26069,26069,2,PT,JACOBO HINOJOS JACOBO
354,26,69,YECORA,26069,26069,,MC,JOSE MARTIN BORBON MORALES
355,26,69,YECORA,26069,26069,,NAS,ENRIQUE MORALES GONZALEZ
356,26,70,GENERAL PLUTARCO ELIAS CALLES,26070,26070,2,C_PAN_PRI_PRD,JULIO CASANOVA ORTIZ
357,26,70,GENERAL PLUTARCO ELIAS CALLES,26070,26070,,PVEM,MARITZA CONTRERAS SOTO
358,26,70,GENERAL PLUTARCO ELIAS CALLES,26070,26070,,PT,MARCO ANTONIO CONTRERAS BELTRAN
359,26,70,GENERAL PLUTARCO ELIAS CALLES,26070,26070,,MC,RENE ERNESTO ZUBIRI LEON
360,26,70,GENERAL PLUTARCO ELIAS CALLES,26070,26070,,MORENA,LUIS ENRIQUE VALDEZ REYES
361,26,70,GENERAL PLUTARCO ELIAS CALLES,26070,26070,,PES,ISIDRO MARTIN ESQUER CARRERA
362,26,71,BENITO JUAREZ,26071,26071,2,CC_PAN_PRI_PRD,ROSARIO ADRIANA GARCIA BRICEÑO
363,26,71,BENITO JUAREZ,26071,26071,,PVEM,HERMELINDA CARRILLO MORALES
364,26,71,BENITO JUAREZ,26071,26071,,PT,CONSUELO MONTIEL MEZA
365,26,71,BENITO JUAREZ,26071,26071,,MC,MARTIN ERNESTO MARTINEZ BARCELO
366,26,71,BENITO JUAREZ,26071,26071,,MORENA,FLORENTINO JUSACAMEA VALENCIA
367,26,71,BENITO JUAREZ,26071,26071,,PES,RICARDO NORIEGA GAMEZ
368,26,71,BENITO JUAREZ,26071,26071,,FXM,MARIA DEL SOCORRO SOQUI CAMPOY
369,26,72,SAN IGNACIO RIO MUERTO,26072,26072,2,C_PAN_PRI_PRD,CRISTIAN GILBERTO VARA LOPEZ
370,26,72,SAN IGNACIO RIO MUERTO,26072,26072,,PVEM,JUAN CARLOS ARAGON VEGA
371,26,72,SAN IGNACIO RIO MUERTO,26072,26072,,PT,ABEL GONZALEZ AMBRIZ
372,26,72,SAN IGNACIO RIO MUERTO,26072,26072,,MC,IRMA YOLANDA LUGO NIEBLAS
373,26,72,SAN IGNACIO RIO MUERTO,26072,26072,,MORENA,PATRICIA SULEMA MAGALLANES LUGO
