ord,ID_MUNICIPIO_LOCAL,inegi,ife,mun,PARTIDO_CI,CANDIDATURA_PROPIETARIA,CANDIDATURA_SUPLENTE
1,1,31001,31001,ABALA,PRI,MARIA LORENZA AYALA LOPEZ,JANET CAROLINA CANCHE PECH
2,1,31001,31001,ABALA,PVEM,MARTHA ESTHER  FUENTES ORDOÑEZ,MARIA BEATRIZ GOMEZ COUOH
3,1,31001,31001,ABALA,PT,ALBERTO IVAN AYALA CAUICH,VICTOR DAMIAN LOPEZ CAAMAL
4,1,31001,31001,ABALA,MC,SUSMA CLAVELI GONZALEZ ALVAREZ,PAULINA ISABELA LOPEZ PECH
5,1,31001,31001,ABALA,MOR,FLORI DANILU LLANES BELTRAN,LISET DEL ANGEL UCAN CAUICH
6,1,31001,31001,ABALA,FM,DIANA NATALY MENA ROSADO,MARTHA YADERY ALVAREZ LOPEZ
7,1,31001,31001,ABALA,SUM-PAN-NAY,RAMIRO SOSA BAEZ,FLORENTINO DOMINGUEZ PECH
8,2,31002,31002,ACANCEH,PRI,ANGELES NATIVIDAD TUT PACHECO,ANA GABRIELA COB HOIL
9,2,31002,31002,ACANCEH,PVEM,FELIPE DE JESUS MEDINA CHI,JOSE LUIS VALDEZ TUT
10,2,31002,31002,ACANCEH,MC,JOSE DE JESUS TOLOZA POOL,JOSE ALBERTO DZUL CANUL
11,2,31002,31002,ACANCEH,MOR,ELSY DOLORES  CEH  TUT,MARIA DE LA CARIDAD MEDINA VARGUEZ
12,2,31002,31002,ACANCEH,NAY,MARIO CRUZ HERRERA,ENRIQUE ARTURO KANTUN COUOH
13,2,31002,31002,ACANCEH,PES,WILBERTH MARTIN CERVANTES EK,VICTOR MANUEL POOL UC
14,2,31002,31002,ACANCEH,FM,JOSE RAUL CANUL DZUL,LIGIA DEL CARMEN COB TUN
15,2,31002,31002,ACANCEH,SUM-PAN-PRD,RILMA MARGARITA AKE CUITUN,WENDY MARIBEL REJON VARGUEZ
16,3,31003,31003,AKIL,PRI,LETICIA  CASTILLO NIC,GENESIS MONTSERRAT CANTO GOMEZ
17,3,31003,31003,AKIL,PRD,NABUZARADAN ORTEGON CARRILLO,MARCOS ANTONIO DZUL CETINA
18,3,31003,31003,AKIL,PVEM,MANUEL ARTURO MIS ITZA,AMILCAR RENE UCAN COX
19,3,31003,31003,AKIL,PT,IGINIA ADALBERTA ZAPATA CHI,CINTHIA CONCEPCION CARBALLO  PANTI
20,3,31003,31003,AKIL,MC,WILBERT ARTEMIO CANTO REYES,JOSE IDELFONSO NIC MARTIN
21,3,31003,31003,AKIL,MOR,EDGAR GENARO PAT COCOM,VICTOR ALBERTO COUOH POOT
22,3,31003,31003,AKIL,PES,OLGA ESTHER  CEN CHAN,LAURA  EK COUOH
23,3,31003,31003,AKIL,SUM-PAN-NAY,VIVIANA CETINA KITUK,MARTHA MARIA MAY UITZ
24,4,31004,31004,BACA,PVEM,FREDDY MIGUEL BASTO BASTO,CESAR ANTONIO ITZA POOT
25,4,31004,31004,BACA,MC,RENAN CEBALLOS SOSA,IVVON EUGENIA GOMEZ RODRIGUEZ
26,4,31004,31004,BACA,MOR,SHIRLEY ESTEPHANY CAUICH MUKUL,MARTA BEATRIZ PECH PECH
27,4,31004,31004,BACA,FM,MARTHA IVONNE CANTO ARGUELLES,CRISTINA DE LOS ANGELES POOL POOT
28,4,31004,31004,BACA,SUM-PAN-NAY,CARLOS DAMIAN AGUAYO CHAN,ROMAN CANUL CAUICH
29,4,31004,31004,BACA,SUM-PRI-PRD,GUADALUPE MARISOL PECH BASTO,RUBI DOLORES SABIDO ESTRELLA
30,5,31005,31005,BOKOBA,MOR,DELTA MARIA NOEMI DZUL DZUL,YADIRA ALEJANDRA AKE CHAN
31,5,31005,31005,BOKOBA,PES,YANELY GABRIELA ORTEGA CANCHE,PATRICIA ELIZABETH ALBORNOZ OXTE
32,5,31005,31005,BOKOBA,SUM-PAN-NAY,CLARA MARLENI SANTOS SOSA,ROSA NOEMI MOO HUCHIN
33,5,31005,31005,BOKOBA,SUM-PRI-PRD,RUBY ALEJANDRINA SOSA PEREZ,LETICIA MARISOL BALAM OXTE
34,6,31006,31006,BUCTZOTZ,MC,TOMAS XX UH,RAUL ARGAEZ PECH
35,6,31006,31006,BUCTZOTZ,MOR,PERLA MARINA HERRERA CONTRERAS,BIBIANA GUADALUPE CHAN ARGAEZ
36,6,31006,31006,BUCTZOTZ,SUM-PAN-NAY,VICTOR MANUEL CAMPOS BAEZA,RAUL FERNANDO TORRES CHAN
37,6,31006,31006,BUCTZOTZ,SUM-PRI-PRD,MARGARITA SANCHEZ MEDRANO,GENNY BEATRIZ CEPEDA LIZAMA
38,7,31007,31007,CACALCHEN,PVEM,FELIPE ALBERTO CHAN CAN,IGNACIO VALENTIN MAY PUC
39,7,31007,31007,CACALCHEN,MC,PASTOR AGUSTIN CANUL ZARATE,LIDIO MARTIN VERA LOPEZ
40,7,31007,31007,CACALCHEN,MOR,LETICIA GUADALUPE BAREA PARK,CINTYA MARLENE MAAS CAHUICH
41,7,31007,31007,CACALCHEN,PES,BEATRIZ DEL ROSARIO GALLEGOS SANCHEZ,MARIA PASTORA CHE UITZ
42,7,31007,31007,CACALCHEN,SUM-PAN-NAY,MARIBEL DE LA CRUZ TEC EB,MARIA DEL PILAR CANUL LOPEZ
43,7,31007,31007,CACALCHEN,SUM-PRI-PRD,ABIGAIL DE GUADALUPE PEREZ VAZQUEZ,EVARISTA COLLI CHEL
44,8,31008,31008,CALOTMUL,PRI,LUIS FERNELY POLANCO TUN,MARGELI DEL ROSARIO PADILLA MENESES
45,8,31008,31008,CALOTMUL,PT,LEONEL ALEJANDRO POLANCO MENESES,YANESLI RUBIELA CEN HERRERA
46,8,31008,31008,CALOTMUL,MOR,JUAN JOSE TEC CALDERON,ABETH JESUS DOMINGUEZ CANUL
47,8,31008,31008,CALOTMUL,SUM-PAN-NAY,FELIPE JOSE MEDINA MENESES,MIGUEL ANGEL TUZ TUZ
48,9,31009,31009,CANSAHCAB,PAN,PAULINO EK CHAN,MIGUEL ANGEL COUOH BATUN
49,9,31009,31009,CANSAHCAB,PRI,FELIPE CHAN MAY,MIGUEL VALENTIN FIGUEROA ARANDA
50,9,31009,31009,CANSAHCAB,PRD,FRANCISCO JAVIER CHALE KU,MOISES JIMENEZ CETZ
51,9,31009,31009,CANSAHCAB,PVEM,GISELA LILIANA LORIA CHAN,NOEMI ISABEL POOT SOBERANIS
52,9,31009,31009,CANSAHCAB,MC,JESUS ARCADIO VELAZQUEZ VEGA,LUIS JAVIER CIME MAY
53,9,31009,31009,CANSAHCAB,MOR,MANUEL ARISTARCO CUTZ PALMA,AURORA CASTRO FEBLES
54,9,31009,31009,CANSAHCAB,NAY,SEBASTIAN NOH CAAMAL,LAUREANO BOLIO SANTANA
55,10,31010,31010,CANTAMAYEC,PRI,WILIAN RAFAEL BERMON CONRRADO,FREDI ANTONIO CHAN LOPEZ
56,10,31010,31010,CANTAMAYEC,PRD,ORLANDO EK SANSORES,VICTOR FRANCISCO UCAN GONGORA
57,10,31010,31010,CANTAMAYEC,MOR,MARTHA YESEÐA ECHEVERRIA UCAN,NANSI TERESITA COHUO CAUICH
58,10,31010,31010,CANTAMAYEC,SUM-PAN-NAY,DORCA GRISELDA CHAN MAY,ALEJANDRA EK SANSORES
59,11,31011,31011,CELESTUN,PRI,IRMA YOLANDA SOLIS BARRERA,ELOISA LANDEROS GARCIA
60,11,31011,31011,CELESTUN,PRD,MARIA DEL CARMEN GONZALEZ  MENA,SARA ELADIA  PUC CUYTUN
61,11,31011,31011,CELESTUN,PVEM,ROSA ALBA ACOSTA NARVAEZ,ONICE AVILINIA CANUL FLORES
62,11,31011,31011,CELESTUN,MC,DIANELA CAROLINA PINTO VILLANUEVA,MARIANELA DEL CARMEN CHAN MEX
63,11,31011,31011,CELESTUN,MOR,PAULA ALDARA  SOLIS LARA ,WENDY KATHERINE LARA  FLORES
64,11,31011,31011,CELESTUN,PES,IRENE VIANEY FLORES  CAUICH,WENDOLY KARELY UC HERNANDEZ
65,11,31011,31011,CELESTUN,FM,EDMUNDO ANDRES MARIN SOLIS,ALEJANDRA DE LOS ANGELES PAREDES PECH
66,11,31011,31011,CELESTUN,SUM-PAN-NAY,JOSE ASUNCION RAMIREZ PERERA,JOEL ISMAEL  RODRIGUEZ COOL
67,12,31012,31012,CENOTILLO,PAN,ANGEL HERMENEGILDO CARDOZ FERNANDEZ,JOSE JAIRO MEX CHAN
68,12,31012,31012,CENOTILLO,PRI,ELSY PATRICIA MARRUFO RAMIREZ,LEIDY ARACELY CIAU TZAB
69,12,31012,31012,CENOTILLO,MC,CARMELA TEC POOT,SILVIA MARIA TUN DZIB
70,12,31012,31012,CENOTILLO,MOR,PEDRO PABLO MAY CHI,JOSE ALFREDO COL CAUICH
71,12,31012,31012,CENOTILLO,NAY,RITA AMALIA DZIB POOT,DIANA ISABEL QUIJANO TZAB
72,12,31012,31012,CENOTILLO,RSP,LUIS ENRIQUE ORTIZ MORENO,DAVID MAZUN DZIB
73,13,31013,31013,CONKAL,PVEM,YOLANDA JANNETH SARAO BAEZA,JUANA DE DIOS CAAMAL CHAN
74,13,31013,31013,CONKAL,PT,MARICELA GEORGINA PANTI CAAMAL,LINNETTE YALILE CHABLE PECH
75,13,31013,31013,CONKAL,MC,RODRIGO ENRIQUE MAY DZUL,GILBERTO DE JESUS PAT KU
76,13,31013,31013,CONKAL,MOR,MELCHOR EMMANUEL CETINA NARVAEZ,VICTOR ISRAEL YAM SOSA
77,13,31013,31013,CONKAL,PES,PERLA ANGELICA ABAN TUN,GLORIA MARIA ALPUCHE CANUL
78,13,31013,31013,CONKAL,RSP,CRISTIAN MICHEL YAM COCOM,ESTEBAN ADOLFO POOL YAM
79,13,31013,31013,CONKAL,FM,GISELLE ALONDRA VAZQUEZ PACHECO,MARICELA PECH UICAB
80,13,31013,31013,CONKAL,SUM-PAN-NAY,ERIC EDGARDO MORCILLO VAZQUEZ,SERGIO AARON ZAPATA JIMENEZ
81,13,31013,31013,CONKAL,SUM-PRI-PRD,HISELLE DEL CARMEN DIAZ DEL CASTILLO CANCHE,ADILU GUADALUPE ANGULO AGUILAR
82,14,31014,31014,CUNCUNUL,PRI,TILA ROSADO CHALAS,MARIA PAULINA SALAZAR NOH
83,14,31014,31014,CUNCUNUL,PVEM,MARIANO AC CEN,NOE AZAEL TAMAY ACOLTZI
84,14,31014,31014,CUNCUNUL,MC,ALEJA LOPEZ CHI,MARIA HERMEGILDA CASTRO YANEZ
85,14,31014,31014,CUNCUNUL,MOR,NIDELVIA GUADALUPE DE ATOCHA VAZQUEZ SALAZAR,MARIA ROCIO TEH CHAN
86,14,31014,31014,CUNCUNUL,SUM-PAN-NAY,SILVIA MARIBEL SALAZAR ONTIVEROS,ELIZABETH NAHUAT CHAN
87,15,31015,31015,CUZAMA,PAN,VICTOR MANUEL  SOBERANIS VILLANUEVA ,JHONI ISRAEL  CHAN PECH
88,15,31015,31015,CUZAMA,PVEM,JUSTINA MIS ITZA,GLADIS ABIGAIL CHABLE ORTIZ 
89,15,31015,31015,CUZAMA,MC,JUAN BAUTISTA KUK PECH,MARCIAL  CETZAL XIU
90,15,31015,31015,CUZAMA,MOR,CARLOS RENAN CAUICH PECH,VICTORIANO KU PUCH
91,15,31015,31015,CUZAMA,SUM-PRI-PRD-NAY,MARIA ANTONIA ZAPATA MAAS,CLARITA PECH CETZAL
92,16,31016,31016,CHACSINKIN,PRI,ROGER HUMBERTO SANCHEZ ANGULO,DARWIN ANTONIO BORGES CHAN
93,16,31016,31016,CHACSINKIN,MOR,OSVALDO MANUEL CHABLE MATUS,HEBER GEDIONI CANCHE KU
94,16,31016,31016,CHACSINKIN,SUM-PAN-PRD-NAY,NATALIA KU MUKUL,SUSANA BORGES YAH
95,17,31017,31017,CHANKOM,PAN,BENJAMIN CIME EK,DANIEL  CHUC NOH
96,17,31017,31017,CHANKOM,PRI,CONCEPCION TAMAY NOH,RAMONA CAAMAL TUN
97,17,31017,31017,CHANKOM,MOR,MARIA GUADALUPE ALCOCER CAAMAL,REFUGIA CAAMAL CAAMAL
98,18,31018,31018,CHAPAB,PRI,LIZBET CONCEPCION RIVERO ZAPATA,FLORICELY UICAB PACHECO
99,18,31018,31018,CHAPAB,PRD,CLEIVER YAM NAVARRO,ERNESTO SABIDO ACOSTA
100,18,31018,31018,CHAPAB,MC,SANDY MARISSA COB CETINA,SUEÑA SUELINA ALVARADO CAUICH
101,18,31018,31018,CHAPAB,MOR,MARIA DEL CARMEN ZAPATA ALVARADO,DANIELA CONCEPCION CASTRO  SALAZAR
102,18,31018,31018,CHAPAB,PES,MARIA PETRONILA PACHECO CIME,DAYANARA SINAI PACHECO BRICEÑO
103,18,31018,31018,CHAPAB,FM,ANGEL ANTONIO POOL ALVARADO,HIPOLITO CUMI GONGORA
104,18,31018,31018,CHAPAB,SUM-PAN-NAY,ERIKA MARIA ZAPATA COB,MILCA ANDREA MARTIN RODRIGUEZ
105,19,31019,31019,CHEMAX,PAN,LUCIO BALAM HERRERA,MIGUEL ANGEL CUPUL HAU
106,19,31019,31019,CHEMAX,PRI,HERNAN GONZALO KINIL KANXOC,CHRISTIAN DEL ANGEL BALAM MAS
107,19,31019,31019,CHEMAX,PT,ABRAHAM MAS POOT,ANDRES AVELINO HAU CHI
108,19,31019,31019,CHEMAX,MC,AMELIA AGUILAR RIVERO,ELDA MARIA NAHUAT ABAN
109,19,31019,31019,CHEMAX,MOR,LUIS ALBERTO ESTRADA VENTURA,ANDRES KUMUL HERRERA
110,19,31019,31019,CHEMAX,PES,JOSE LEONARDO GONGORA CANUL,IVAN RODRIGO CHIMAL MAY
111,19,31019,31019,CHEMAX,SUM-PRD-NAY,FLOR MARINA CUPUL ABAN,ANA LILIA  CUPUL HOIL
112,20,31020,31020,CHICXULUB PUEBLO,PRI,DANIELA ALICIA POOL ALVARADO,MARIA ISABEL MARIN PECH
113,20,31020,31020,CHICXULUB PUEBLO,PRD,JOSE JORGE PARRA CANCHE,MANUEL ALEJANDRO CRUZ CANCHE
114,20,31020,31020,CHICXULUB PUEBLO,PVEM,JOSE ARTURO CHACON BASTO,WILBERTH DE LA CRUZ CANTO VILLALOBOS
115,20,31020,31020,CHICXULUB PUEBLO,MC,LUIS REYES CAUICH PUC,EDGAR JOSE ZAPATA GOMEZ
116,20,31020,31020,CHICXULUB PUEBLO,MOR,CESAR CRESENCIO PECH PECH,CARLOS GASPAR CANCHE CANUL
117,20,31020,31020,CHICXULUB PUEBLO,FM,NELLY GUADALUPE HERRERA CENTURION,HIMELDA GEORGINA TEC BASULTO
118,20,31020,31020,CHICXULUB PUEBLO,SUM-PAN-NAY,AMILCAR ABRICEL REYES MARIN,ERIK DAVID MATU PASOS
119,21,31021,31021,CHICHIMILA,PAN,KARINA BEATRIZ PACHECO JIMENEZ,ALBERTA CIAU CIAU
120,21,31021,31021,CHICHIMILA,PRI,FRANCISCO MEDINA MARTIN,JOSE HILARIO PECH ACOSTA
121,21,31021,31021,CHICHIMILA,PVEM,ARNULFO CIAU CIAU,JOSE BENITO PUC DZIB
122,21,31021,31021,CHICHIMILA,MC,FREDI EDILBERTO EK TUZ,PEDRO PABLO CHAY CIAU
123,21,31021,31021,CHICHIMILA,MOR,EMMANUEL CHAN CHE,MIGUEL ARTURO  UC POOL
124,21,31021,31021,CHICHIMILA,SUM-PRD-NAY,RANGELL SAMUEL UC VAZQUEZ,ELIAS SAMUEL UITZIL NAHUAT
125,22,31022,31022,CHIKINDZONOT,PRI,ISIDRO KAUIL CHAN,ADRIANO TAMAY CAN
126,22,31022,31022,CHIKINDZONOT,MOR,FILOMENO BATUM CEN,HUMBERTO PUC COHUO
127,22,31022,31022,CHIKINDZONOT,SUM-PAN-NAY,PASCUALA DIAZ GOMEZ,HIGINIA KAUIL POOT
128,23,31023,31023,CHOCHOLA,PRI,ERWIN OBET MARTIN ALCOCER,ROGELIO ROBERTO YAM MARTIN
129,23,31023,31023,CHOCHOLA,PT,JULIA YASMIN ROMERO CASTAÑEDA,CRISTHIAN FABIOLA RUIZ DURAN
130,23,31023,31023,CHOCHOLA,MC,ROSA CRISTINA FLORES  ROSADO,MERCEDES QUINTAL NOVELO
131,23,31023,31023,CHOCHOLA,MOR,CLAUDIA FABIOLA COB DURAN,MARIA ANTONIA SOSA MENA
132,23,31023,31023,CHOCHOLA,FM,SERGIO VIRGILIO ANGUAS MEDINA,MANUEL ERNESTO MOO QUINTAL
133,23,31023,31023,CHOCHOLA,SUM-PAN-NAY,JOSE GONZALO MENA VILLALOBOS,FRANCISCO ROMAN SOLIS RUIZ
134,24,31024,31024,CHUMAYEL,PRI,FROILAN FLORENTINO BRICEÑO LOPEZ,RUSEL MANUEL ITZA UICAB
135,24,31024,31024,CHUMAYEL,MOR,CLEMENTE JULIAN CANO CHAN,ARGELIO  BRICEÑO MIS
136,24,31024,31024,CHUMAYEL,SUM-PAN-NAY,LIVIA MARISOL PINTO CRUZ,OLGA LUCIA YAH BRICEÑO
137,25,31025,31025,DZAN,PRI,JOSE ANTONIO PEREZ  CABRERA,IDELFONSO INTERIAN TZEC
138,25,31025,31025,DZAN,PRD,YULISSA MAYELI KU TZUC,LESLIETH MATILDA CASTILLO UC
139,25,31025,31025,DZAN,MC,HEBERT AUGUSTO CASTILLO  CHAVEZ,MARIA ANTONIA KANCAB CASTRO
140,25,31025,31025,DZAN,MOR,ROSA MARIA PERAZA MANRIQUE,RUTH TZUC CIAU
141,25,31025,31025,DZAN,SUM-PAN-NAY,LUIS MANUEL NOVELO KU,SAUL ANTONIOQ POOX KU
142,26,31026,31026,DZEMUL,PAN,BERTHA EUGENIA XIX CHAN,TEREZITA FABIOLA CHALE EUAN
143,26,31026,31026,DZEMUL,PRI,CLARISSA DE JESUS GIL AKE,DORIS BEATRIZ FRANCO JIMENEZ
144,26,31026,31026,DZEMUL,PVEM,AURORA GUADALUPE CAMPOS CHALE,MARIA GUADALUPE PAT LUNA
145,26,31026,31026,DZEMUL,PT,DONATO ELODIO AKE AKE,EULOGIO CUA CATZIN
146,26,31026,31026,DZEMUL,MC,JOSE WILBERTO FLOTA AKE,HENRY ROMAN CAN CONCHA
147,26,31026,31026,DZEMUL,MOR,DULCE MARIA DE GUADALUPE PERAZA SANCHEZ,MITZI DAFNE MEDINA SANCHEZ
148,26,31026,31026,DZEMUL,NAY,GEOVANI MARTIN KU MEDINA,FRANCISCO GABRIEL CAAMAL PAT
149,26,31026,31026,DZEMUL,FM,JULIO PEREZ SOTELO,JOSE CESAREO UICAB AGUILAR
150,27,31027,31027,DZIDZANTUN,PRI,ISMAEL AGUILAR PUC,GILDARDO ADONAI MENDEZ MUÑOZ
151,27,31027,31027,DZIDZANTUN,MC,LIVIA ESTHER CENTURION ESTRADA,NIDELVIA PETRONILA JIMENEZ PUC
152,27,31027,31027,DZIDZANTUN,MOR,TOMAS ANDRES JIMENEZ MARTIN,JUAN ELI CORAL SABIDO
153,27,31027,31027,DZIDZANTUN,SUM-PAN-NAY,RAUL ARCADIO TORRES FAISAL,MARIO ALBERTO BOBADILLA CRUZ
154,28,31028,31028,DZILAM DE BRAVO,PRI,DANIEL ARMANDO HERRERA RIVERA,RODRIGO DE JESUS ORTIZ RODRIGUEZ
155,28,31028,31028,DZILAM DE BRAVO,PVEM,LUZ ANGELICA LAVADORES ANQUINO,NORMA  QUEN  MEDINA
156,28,31028,31028,DZILAM DE BRAVO,MC,SHIRLEY ESTEFANIA TREJO PERAZA,DANIELA HERMINIA CABAÑAS  MAY
157,28,31028,31028,DZILAM DE BRAVO,MOR,JUBENTINO SANCHEZ LUGO,GRETY ELENA AGUIRRE TREJO
158,28,31028,31028,DZILAM DE BRAVO,FM,FAUSTINO MANUEL LOPEZ FERNANDEZ,JOSE ALFREDO CETINA VARGAS
159,28,31028,31028,DZILAM DE BRAVO,SUM-PAN-NAY,YAZMIN GUADALUPE BACELIS RIVERO,RITA VANNESA CABRERA CETINA
160,29,31029,31029,DZILAM GONZALEZ,PRI,CHRISTIAN ISMAEL CARRILLO BAEZA,VICTOR JESUS MARTIN ESQUIVEL
161,29,31029,31029,DZILAM GONZALEZ,PVEM,LUIS FELIPE CASTILLO LIZAMA,IRVING RAMIRO CRUZ AMARO
162,29,31029,31029,DZILAM GONZALEZ,MC,GUADALUPE DEL ROSARIO AZCORRA LIZAMA,MARIA NATIVIDAD CHAN CIME
163,29,31029,31029,DZILAM GONZALEZ,MOR,ISIDRO ENRIQUE VEGA HERRERA,ESTEBAN GEREMIAS CAMPOS HERRERA
164,29,31029,31029,DZILAM GONZALEZ,FM,MARIA ELENA MARTIN HEREDIA,EDITH MARIBEL ESCALANTE CIME
165,29,31029,31029,DZILAM GONZALEZ,SUM-PAN-NAY,GUIMER EVELIO LIZAMA ANCONA,LUIS OSWALDO CASTILLO PENICHE
166,30,31030,31030,DZITAS,PRI,MARIA LUCIA GORETTY YAM PUC,RUT ANGELICA CUPUL HERRERA
167,30,31030,31030,DZITAS,MC,NICOLAS HERRERA HERRERA,GUTBERTO MAGAÑA YAM
168,30,31030,31030,DZITAS,MOR,MARIA DEL SOL CHAN CAB,YESICA ESMERALDA YAH HERRERA
169,30,31030,31030,DZITAS,SUM-PAN-NAY,JUAN FRANCISCO PEREZ KOH,DAMIAN AMADEO HOIL CAUICH
170,31,31031,31031,DZONCAUICH,PRI,GLORIA MAGALY RAZ COHUO,WENDY ARACELLY PECH CHI
171,31,31031,31031,DZONCAUICH,MOR,DEYSI IRENE MORALES CASTAÑEDA,MARIA ELENA  DURAN UC
172,31,31031,31031,DZONCAUICH,SUM-PAN-NAY,ANGELICA MARIA SANTOS CHI,DIANA LAURA PECH CHAN
173,32,31032,31032,ESPITA,PRI,CARLOS EROSA CORREA,MARIO ISAIAS SANCHEZ ESQUIVEL
174,32,31032,31032,ESPITA,MC,JOSE LUIS SANCHEZ RODRIGUEZ,JOSE GILBERTO ARMIN CANUL CHUC
175,32,31032,31032,ESPITA,MOR,GUADALUPE IVONNE OSORNO MARTINEZ,ELODIA MARIA CORDERO DZIB
176,32,31032,31032,ESPITA,SUM-PAN-PRD-NAY,MARTHA EUGENIA MENA ALCOCER,MARTHA ELENA CHAN TUZ
177,33,31033,31033,HALACHO,PAN,RENE GEREMIAS TUN CASTILLO,ALBERTO EVARISTO CANUL TUCUCH
178,33,31033,31033,HALACHO,PRI,DIANA CRISTINA HOYOS PUC,GABRIELA VICTORIA SUASTE MEX
179,33,31033,31033,HALACHO,PRD,ROSA ELENA COLLI CANUL,ROSA MAGDALENA SALAZAR CANUL
180,33,31033,31033,HALACHO,PVEM,MARIA CANDELARIA  ALVARADO SANSORES,ARGELYS CAUICH TEC
181,33,31033,31033,HALACHO,MOR,ELSA MARIANA CAAMAL REJON,DELTA MINELIA ARACELY CANUL UICAB
182,33,31033,31033,HALACHO,NAY,RODOLFO ABELARDO CASTILLO  HUCHIM,JOSE LORENZO POOL KU
183,33,31033,31033,HALACHO,PES,IVAN DE JESUS TUN UC,MARCOS ANTONIO CHI CANUL
184,33,31033,31033,HALACHO,FM,DEMETRIO KEB MIS,GILBERTO VELA  ITZA
185,34,31034,31034,HOCABA,PAN,CELMY DEL ROSARIO MATU MOO,JANICE GUADALUPE FERRAEZ DIAZ
186,34,31034,31034,HOCABA,PRI,EDUARDO ENRIQUE EUAN FRANCO,GENARO RUBEN POOL CHI
187,34,31034,31034,HOCABA,PRD,CLOTILDE MEX PECH,FERNANDO MEX CHI
188,34,31034,31034,HOCABA,PVEM,VEUDY ANDUCEY CHUC CATZIM,JORGE FRANCISCO CHIM VELA
189,34,31034,31034,HOCABA,PT,EULOGIO DZIB TUN,FREDY UITZ DZUL
190,34,31034,31034,HOCABA,MC,GUADALUPE ISABEL CASTZIM  YAH,MARIA ISABEL DZUL CHIM
191,34,31034,31034,HOCABA,MOR,VICTOR JOSE CHAN CEN,CARLOS GUADALUPE MEX  CHEL
192,34,31034,31034,HOCABA,NAY,RENAN ADOLFO FERRAEZ DIAZ,JUAN DANIEL DZUL AKE
193,34,31034,31034,HOCABA,PES,LANDY ARASELY DZUL TZAB,MARCELINA TZAB CETZ
194,34,31034,31034,HOCABA,RSP,WILLIAM ALFONSO CANTO MOO,JESUS  GUADALUPE   CAB EK
195,34,31034,31034,HOCABA,FM,FRANCISCA MARGARITA CHIM CASTILLO,MERLY CANDELARIA UUH MATOS
196,35,31035,31035,HOCTUN,PRI,VICTOR GABRIEL CANCHE KUK,GERARDO ALBERTO SUCHITE MEDINA
197,35,31035,31035,HOCTUN,PRD,HERBERTH ISMAEL OJEDA SARABIA,MANUEL ALEJANDRO PECH CHE
198,35,31035,31035,HOCTUN,MC,JULIO CESAR TZAB MAY,MANUEL JESUS SARABIA SARABIA
199,35,31035,31035,HOCTUN,MOR,MIGUEL OCTAVIO ARJONA SANCHEZ,EDILBERTO NOVELO CIME
200,35,31035,31035,HOCTUN,PES,JORGE ARMANDO GOROCICA CHE,RAUL ARMANDO GIL SARABIA
201,35,31035,31035,HOCTUN,FM,REYNA ESTHER PUC MATU,MIRNA BEATRIZ MANZANERO SOBERANIS
202,35,31035,31035,HOCTUN,SUM-PAN-NAY,MANUELA DE JESUS CHAB  CEBALLOS,REYNA LUCELY HU  POOL
203,36,31036,31036,HOMUN,PAN,MANUEL JESUS  CHI  CHIN,JOSE HIDALGO CHAN LORIA
204,36,31036,31036,HOMUN,PVEM,WILMA DEL ROSARIO MEDINA CHIM,RITA ARACELY CHIM CHAN
205,36,31036,31036,HOMUN,MC,KARINA OFELIA DORANTES GARRIDO,ANA LUISA  EUAN CAN
206,36,31036,31036,HOMUN,MOR,ERBE MIGUEL CHALE KU,FELIPE DE JESUS CANCHE CHIM
207,36,31036,31036,HOMUN,NAY,ENRIQUE ECHEVERRIA CHAN,RICARDO ENRIQUE ENRIQUEZ ECHEVERRIA
208,36,31036,31036,HOMUN,FM,JOSE GASPAR  RODRIGUEZ CHAN,EUGENIO CANTO CHI
209,36,31036,31036,HOMUN,SUM-PRI-PRD,SANDRA MARISOL GONGORA SALAS,LIGIA MARCIANA HUCHIM HERNANDEZ
210,37,31037,31037,HUHI,PAN,ROGER MARCEL BENITEZ  ESPINOLA,MIGUEL LEONARDO BACAB  PASOS
211,37,31037,31037,HUHI,MC,JOSE CARLOS ESQUIVEL FLOTA,MAYRA LUCELLI COLLI KU
212,37,31037,31037,HUHI,MOR,YULY KARINA CERVERA SANTANA,ALTAGRACIA KOH BALAM
213,37,31037,31037,HUHI,PES,LUIS ALBERTO ECHEVERRIA MONTERO,EDGAR EDUARDO HUCHIM COUOH
214,37,31037,31037,HUHI,FM,ARELI DE JESUS CAMPOS CRUZ,FABIOLA MARIA MEDINA ARAUJO
215,37,31037,31037,HUHI,SUM-PRI-PRD-NAY,MARIA GUADALUPE  MEDINA  CERVERA,FLORA DZUL CETZ
216,38,31038,31038,HUNUCMA,PRI,REINA GUADALUPE  KU QUINTAL,LOL-BE EUAN COOL EUAN COOL
217,38,31038,31038,HUNUCMA,PVEM,MARIA ESTHER EUAN CHI,ADAMARI DE LOS ANGELES CHABLE CHUC
218,38,31038,31038,HUNUCMA,PT,BUENAVENTURA MONSREAL CANUL,CARLOS SANTIAGO CETINA COB
219,38,31038,31038,HUNUCMA,MC,ORQUIDEA MARIA UC DE PAZ,ZEYDI MARISELA  EK CEBALLOS
220,38,31038,31038,HUNUCMA,MOR,EDNA MARISA FRANCO CEBALLOS,CRISTINA LUCIA GIO MALDONADO
221,38,31038,31038,HUNUCMA,PES,IRENE GUADALUPE BOJORQUEZ DIAZ,MARIANA GUADALUPE  COLLI COB
222,38,31038,31038,HUNUCMA,RSP,SANTOS FLORENTINO CHAN CHIN,FRANCISCO DE JESUS CHUC MAY
223,38,31038,31038,HUNUCMA,FM,MARIA MARCELA  CHABLE BAAS,ELSY PATRICIA  CANUL CANUL
224,38,31038,31038,HUNUCMA,SUM-PAN-PRD-NAY,CRISTINA GUADALUPE DEL ROCIO PEREZ BOJORQUEZ,DENISE ADORALIDA ARGAEZ AGUILAR
225,39,31039,31039,IXIL,PRI,SANDRA GUADALUPE TEC YAM,NELLY DEL SOCORRO MAY TEC
226,39,31039,31039,IXIL,MC,MARIA ANGELICA TEC AGUILAR,GRISELDA YAJAHAIRA GARCIA CISNEROS
227,39,31039,31039,IXIL,MOR,ANTONIA TRINIDAD CISNEROS CORREA,CINDY VIANEY FLOTA CISNEROS
228,39,31039,31039,IXIL,PES,HECTOR MANUEL CASTILLO AVILA,BRAYAN EDUARDO GONZALEZ MOGUEL
229,39,31039,31039,IXIL,SUM-PAN-NAY,SANDRA RAQUEL PECH CHI,CLAUDIA ARACELY NAVARRO TEC
230,40,31040,31040,IZAMAL,PRI,WARNEL MAY ESCOBAR,GEOVANNY CANDELARIA CHABLE ESQUIVEL
231,40,31040,31040,IZAMAL,PRD,GRACIELA GUILLERMINA PECH GAMBOA,CECILIA ASUNCION CASTILLO PISTE
232,40,31040,31040,IZAMAL,PVEM,ITZEL IRIDIAN RUIZ SANTIAGO,ORNELLA PAULINA ESTRELLA CAUICH
233,40,31040,31040,IZAMAL,MC,LUCEIDY CANCHE CHAN,SANDRA ISABEL  ITZA EK
234,40,31040,31040,IZAMAL,MOR,MARIA CATALINA KARAM SANCHEZ,MARLENE DEL CARMEN MARTIN MUT
235,40,31040,31040,IZAMAL,PES,OSCAR ELEAZAR  CORONADO EUAN,JESUS ISIDRO ARAUJO MARTIN
236,40,31040,31040,IZAMAL,FM,ANA MARIA ESCOBEDO TORRES,FRANCISCA DEL ROSARIO GAMBOA BURGOS
237,40,31040,31040,IZAMAL,SUM-PAN-NAY,ROBERTO OSCAR RODRIGUEZ SOSA,FRANCISCO MIGUEL CASTILLO LIMA
238,41,31041,31041,KANASIN,PAN,EDWIN JOSE BOJORQUEZ RAMIREZ,EMILIO GUADALUPE HERRERA AGUILAR
239,41,31041,31041,KANASIN,PRI,WILLIAM ROMAN PEREZ CABRERA,ELIEZER MOAZIR GAMBOA ECHEVERRIA
240,41,31041,31041,KANASIN,PRD,MOISES ALFREDO HERRERA CASTRO,FERNANDO DE JESUS TZAB CHAN
241,41,31041,31041,KANASIN,PVEM,MARIA DEL CARMEN CAMPOS GONGORA,LUCIA DEL SOCORRO CAN CHAN
242,41,31041,31041,KANASIN,PT,CARLOS GUADALUPE KOYOC URIBE,JUAN DE DIOS POOL PECH
243,41,31041,31041,KANASIN,MC,FLOR DE LIZ XOCHITL DELGADO CABALLERO,MARISOL CARDENAS CAUICH
244,41,31041,31041,KANASIN,MOR,CARLOS MANUEL MORENO MAGAÐA,JOSE ESTEBAN BAAS UICAB
245,41,31041,31041,KANASIN,NAY,DORIAN SHARON MENDOZA SILVEIRA,YELITZA ISABEL KU DZUL
246,41,31041,31041,KANASIN,PES,JEYSSI EVELYN  GONGORA RAMIREZ,CARLITA  CAUICH  MENA
247,41,31041,31041,KANASIN,RSP,DENNY HEYDER GAMBOA MAY,MARIA ELENA KU MOLINA
248,41,31041,31041,KANASIN,FM,LUIS EDUARDO PAVON JIMENEZ,MAURICIO ENRIQUE EK ALPUCHE
249,42,31042,31042,KANTUNIL,PRI,ANGELICA ISABEL MIRANDA MIRANDA,MARGARITA CAROLINA CARDENAS SOSA
250,42,31042,31042,KANTUNIL,PVEM,MANUEL JESUS ONTIVEROS ZAPATA,JOSE ANTONIO TUT GOMEZ
251,42,31042,31042,KANTUNIL,MC,HAIDEE YAMILY SOSA SOSA,REINA GUADALUPE  ABAN  NABARRO
252,42,31042,31042,KANTUNIL,MOR,LETICIA MARISOL DORANTES REJON,NANCY IDELFA TZEC CAAMAL
253,42,31042,31042,KANTUNIL,NAY,VICTOR ALFONSO SOSA RUIZ,EDUARDO ARIEL MIRANDA GAMBOA
254,42,31042,31042,KANTUNIL,RSP,YEDELINE BEATRIZ CHE TAMAYO,TELMA ROSALINDA MATOS RUIZ
255,42,31042,31042,KANTUNIL,FM,ABRAHAM GUEVARA GAMBOA,HENRY FERNANDO RUIZ VILLEGAS
256,42,31042,31042,KANTUNIL,SUM-PAN-PRD,LORENA PATRICIA GAMBOA MAY,ESTELA NOEMI TELLO PALOMO
257,43,31043,31043,KAUA,PRI,ELIZABETH CAN PAT,KENNY JAQUELINE CIME CHAN
258,43,31043,31043,KAUA,MOR,CRECENCIO  NOH CEN,FRANCISCO JAVIER TUZ CEN
259,43,31043,31043,KAUA,FM,JUAN RAMON KANTUN HAU,WILBERT TUZ CAAMAL
260,43,31043,31043,KAUA,SUM-PAN-NAY,CARLOS GUALBERTO CHAY CANUL,JUAN PABLO CHAN YAM
261,44,31044,31044,KINCHIL,PRI,IRVIN DE LA CRUZ PISTE CANUL,LUIS REY TUZ BAAS
262,44,31044,31044,KINCHIL,PRD,MARCO ANTONIO POOT AGUALLO,JUAN CARLOS DZUL POOT
263,44,31044,31044,KINCHIL,PVEM,ARIEL CRECENCIO QUINTAL ALONZO,LUCIANO  PUC TZUC
264,44,31044,31044,KINCHIL,PT,HUMBERTO MARTIN SOLÍS  RODRIGUEZ,ROGER GONZALO TZUC CANTE
265,44,31044,31044,KINCHIL,MC,MARICELI NICOLASA  MENA CHAY,BEATRIZ REINA XX POOT
266,44,31044,31044,KINCHIL,MOR,NANCY LUCIA DEL RUBÍ TUN CASTRO,MARÍA CANDELARIA  CANUL CHUIL
267,44,31044,31044,KINCHIL,FM,JIORDAN GIOVANI VALDEZ AGUAYO,JHONATAN EMMANUEL  MAY SOLÍS
268,44,31044,31044,KINCHIL,SUM-PAN-NAY,CARLOS VALENTIN PECH DZIB,JOSÉ CONCEPCIÓN  TUN TZUC
269,45,31045,31045,KOPOMA,PAN,GUADALUPE MOO UITZ,CELIA DE LA CRUZ PUC CHAN
270,45,31045,31045,KOPOMA,PRI,HECTOR MANUEL YAH MOO,IRVIG ULISES CANUL  CHIN
271,45,31045,31045,KOPOMA,PRD,CARLOS ALBERTO  TEC EK,MANUEL JESUS  KUK MOO
272,45,31045,31045,KOPOMA,PT,LILIA GUADALUPE HERNANDEZ PECH,GENNY LORENA MAY TUN
273,45,31045,31045,KOPOMA,MC,SANDRA MARICELA RAMIREZ MENA,ARELI GUADALUPE CHI ESTRELLA
274,45,31045,31045,KOPOMA,MOR,MARIA GUADALUPE TUT HAU,NESLY NICTEHA GONZALEZ PUCH
275,45,31045,31045,KOPOMA,NAY,JOSE FRANCISCO REYES TUT CHAN,JOSE ISMAEL CHAN RAMOS
276,46,31046,31046,MAMA,MC,JACQUELINE  DE LA LUZ BELMONT RAMIREZ,MARIA RITA PIEDAD XIU CATZIM
277,46,31046,31046,MAMA,MOR,ANGEL DAMIAN CASTRO  XIU,CARLOS GERMAN MAAY  CASTRO
278,46,31046,31046,MAMA,PES,ROLANDO EULALIO XIU CAUICH,ROQUE ALBERTO KU  MIS
279,46,31046,31046,MAMA,SUM-PAN-NAY,NILMA ANTONIA VELA GONZALEZ,LIDIA GUADALUPE CASTRO  HERNANDEZ
280,46,31046,31046,MAMA,SUM-PRI-PRD,MARIA INES PACHECO POOT,MILDRED LETICIA MARTIN  CHABLE
281,47,31047,31047,MANI,PAN,FREDI EVARISTO  INTERIAN  BOJORQUEZ,ELMER  JIMENEZ  VALLE 
282,47,31047,31047,MANI,PRI,MARIA DEL SOCORRO  DZUL  UCAN ,MARIA DEL ROSARIO  BACAB  CANUL 
283,47,31047,31047,MANI,PRD,WENDY VERONICA CAAMAL PUC,KARLA YAZMIN SANSORES TUZ
284,47,31047,31047,MANI,PT,NEYSI CLOTILDE MEJIA CONTRERAS,MARIA MAGDALENA CAMPOS SUAREZ
285,47,31047,31047,MANI,MC,KAREN GUAGALUPE  GONGORA  PUC,BLANCA ESTHER  INTERIAN  CONTRERAS 
286,47,31047,31047,MANI,MOR,JUAN RAMON  DELGADILLO HERRERA,IVAN DE JESUS CASTILLO YAH
287,47,31047,31047,MANI,NAY,ARRODI EFRAIN  INTERIAN  YAH ,GASPAR ALFREDO  BURGOS  QUIJADA
288,48,31048,31048,MAXCANU,PRI,CAMILO DELELYS MAY CAUICH,WILLIAM REJON MOO
289,48,31048,31048,MAXCANU,PRD,MISHEL ULISES SANCHEZ BALAM,ADOLFO ANGEL FLORES CHAN
290,48,31048,31048,MAXCANU,MC,FAUSTO JOSE  PEREYRA CARMONA,CARLOS ARMANDO RODRIGUEZ CAUICH
291,48,31048,31048,MAXCANU,MOR,CUAUHTEMOC HERVE  ALVARADO CENTURION,FRANCISCO IVAN DZUL MOO
292,48,31048,31048,MAXCANU,RSP,ALFREDO SANCHEZ  TREJO,LUIS EFRAIN  GONZALEZ KEB
293,48,31048,31048,MAXCANU,FM,GREGORIA DE JESUS  DZUL  SANCHEZ,GEYDY MARIA  MENA HUH
294,48,31048,31048,MAXCANU,SUM-PAN-NAY,ANA MARIA  GONZALEZ  CANTO,RITA FLORICELY RODRIGUEZ SANCHEZ
295,49,31049,31049,MAYAPAN,PRI,ENRRY JOSUE KANTUN CHAN,DAVID DE JESUS BRICEÑO AKE
296,49,31049,31049,MAYAPAN,MOR,TERESA DE JESUS CHAB GONZALEZ,MEILEMI YULISA PERAZA BALAM
297,49,31049,31049,MAYAPAN,SUM-PAN-NAY,VICTOR MANUEL POOL CEN,EDILBERTO EK FERNANDEZ
298,50,31050,31050,MERIDA,PAN,RENAN ALBERTO BARRERA CONCHA,JULIO ENRIQUE SAUMA CASTILLO
299,50,31050,31050,MERIDA,PVEM,MYRNA KARINA PEREZ RAMOS,ADDY ESPERANZA GUZMAN GARCIA
300,50,31050,31050,MERIDA,PT,ZORAYA BERENICE RIVERA SILVA,ANA LUISA GONZALEZ GONGORA
301,50,31050,31050,MERIDA,MC,VICTOR MANUEL CERVERA HERNANDEZ,EFRAIN RIVERO EUAN
302,50,31050,31050,MERIDA,MOR,VERONICA NOEMI CAMINO FARJAT,CAREN DE LOURDES AGUIAR SOSA
303,50,31050,31050,MERIDA,NAY,NELLY HIPOLITA ORTIZ VAZQUEZ,GABRIELA CAROLINA DURAN PEREZ
304,50,31050,31050,MERIDA,PES,HERBE JESUS RODRIGUEZ SAHUI,BERNARDO BENITO HERRERA MORFIN
305,50,31050,31050,MERIDA,RSP,NINIVE LISSETH ZUÑIGA ZETINA,PERLA SARAI SOSA MELENDEZ
306,50,31050,31050,MERIDA,FM,ISMAEL PERAZA VALDEZ,LUIS MOISES GONZALEZ OJEDA
307,50,31050,31050,MERIDA,SUM-PRI-PRD,JORGE CARLOS RAMIREZ MARIN,JUAN FRANCSICO MEDINA SULUB
308,51,31051,31051,MOCOCHA,PRI,PABLO ALEJANDRO CUTZ DOMINGUEZ,RODRIGO ARMANDO CAUICH CAUICH
309,51,31051,31051,MOCOCHA,PVEM,VICTOR MANUEL BASTO EK,ANGEL DE JESUS OY MANZANILLA
310,51,31051,31051,MOCOCHA,MC,DEISY MARIA POOT CHAN,HEIDY DEL SOCORRO MANZANILLA PECH
311,51,31051,31051,MOCOCHA,MOR,ELMY YADIRA ITZA PECH,CLAUDIA IMELDA EK PISTE
312,51,31051,31051,MOCOCHA,FM,ZURIEL DE JESUS CASTILLO CUTZ,NAILA BRIYETH CREOLLO VAZQUEZ
313,51,31051,31051,MOCOCHA,SUM-PAN-NAY,MANUELA DE JESUS CAUICH EK,MARIA EMILIA BORGES CONCHA
314,52,31052,31052,MOTUL,PRI,ROGER RAFAEL AGUILAR ARROYO,EDILBERTO DEMETRIO TZAB CHALE
315,52,31052,31052,MOTUL,PRD,BARBARA IRENE IBARRA GALAVIZ,MARIA MANUELA PECH KOH
316,52,31052,31052,MOTUL,PVEM,JUAN ANTONIO CENTENO Y SANCHEZ,EDDIEL ESAU CHUC CAUICH
317,52,31052,31052,MOTUL,PT,CLAUDIA MIREYA PECH OSORIO,AMALIA DEL CARMEN GUERRA CHACON
318,52,31052,31052,MOTUL,MC,AVE MARIA ALELY FALLA GOMEZ,SUEMY ALEJANDRA PECH CANUL
319,52,31052,31052,MOTUL,MOR,MARIO HERBE AGUILAR Y CAMPOS,JOSE ORLANDO PECH AKE
320,52,31052,31052,MOTUL,PES,JULIO CESAR BALAM ESCAMILLA,ANGEL MIGUEL MOO MENDEZ
321,52,31052,31052,MOTUL,FM,JENIFEER AMERICA ESTRADA MOSQUEDA,MEYLI NAYELI CAUICH CANUL
322,52,31052,31052,MOTUL,SUM-PAN-NAY,AREMY BEATRIZ MENDOZA CUEVAS,GABRIELA ANGELICA ADRIAN ESTRELLA
323,53,31053,31053,MUNA,PRI,MARLENE GUADALUPE  VALENCIA DUARTE,ROSA ARELY  CASANOVA RODRIGUEZ
324,53,31053,31053,MUNA,PRD,ERMILO DOMINGUEZ GERONIMO,MIGUEL IVAN MADERA NAVARRETE
325,53,31053,31053,MUNA,MC,MARIA EVELIN DE JESUS MARTIN AGUAYO,LEIDY JAZMIN CASTILLO GONZALEZ
326,53,31053,31053,MUNA,MOR,RUBEN  ARJONA PANTOJA,EDMUNDO  MARTIN SANCHEZ
327,53,31053,31053,MUNA,PES,NEIDA BEATRIZ DIAZ CASANOVA,NAYELI STEFANY MARTIN PANTOJA
328,53,31053,31053,MUNA,FM,ANA ROSA SALAZAR CASANOVA,SUSANA GEORGINA MARTIN  COCOM
329,53,31053,31053,MUNA,SUM-PAN-NAY,MARIA ELOISA CASTRO CONTRERAS,CAROLINA  MARTIN COLLI
330,54,31054,31054,MUXUPIP,PAN,MARIA YNES CHIM AKE,MARIA LAURA AKE CHIM
331,54,31054,31054,MUXUPIP,PVEM,LAURA MARIA CHAVEZ AKE,LEYDI GUILLERMINA YUITZ PECH
332,54,31054,31054,MUXUPIP,MC,KEILA KAREN CHI MARTIN,CATALINA PECH AKE
333,54,31054,31054,MUXUPIP,MOR,RUBI YASMIN AKE CHAVEZ,NEYDI MARIA PECH UH
334,54,31054,31054,MUXUPIP,FM,MARIA PERTUO DE LA CRUZ PECH AKE,ALMA JULISSA ESCAREÑO MAY
335,54,31054,31054,MUXUPIP,SUM-PRI-NAY,BERTHA MARIA HU KEB,JUANA LUISA CHAVEZ CEN
336,55,31055,31055,OPICHEN,PRI,LEYDI MARIA CHAN CEN,IRMA DEL SOCORRO XOOL UCAN
337,55,31055,31055,OPICHEN,MC,GABRIELA MENA CANUL,ARELY FARIDE CANCHE KUK
338,55,31055,31055,OPICHEN,MOR,SANDI EMANUEL CALAN ORDOÑEZ,CARMEN ROSSANA CANUL EUAN
339,55,31055,31055,OPICHEN,SUM-PAN-NAY,WILBERTH  CHIN ARREDONDO,JOSUE CHAN CAN
340,56,31056,31056,OXKUTZCAB,PAN,HEIMY MARIA CHABLE PUCH,MARILIN ISABEL FLOTA PACHECO
341,56,31056,31056,OXKUTZCAB,PRD,FERNANDO DE JESUS AYORA PUERTO,FREDY MIGUEL MARTIN  TRUJEQUE
342,56,31056,31056,OXKUTZCAB,PT,JUAN ANTONIO VENEGAS TOLOSA,ERNESTO  MARTIN MENA
343,56,31056,31056,OXKUTZCAB,MC,FREDDY ALBERTO DOMINGUEZ  AKE,JAIRO MISAEL TORRES VALDEZ
344,56,31056,31056,OXKUTZCAB,MOR,MARIA PILAR  VILLARREAL RAMIREZ,MARIA CANDELARIA RAMIREZ NAVARRETE
345,56,31056,31056,OXKUTZCAB,FM,OSCAR ESTEBAN MADRAZO  GIO,JOSE LUIS  ESCOBEDO CANUL
346,56,31056,31056,OXKUTZCAB,SUM-PRI-NAY,JUAN JOSE  MARTIN  FRAGOSO,HECTOR LOPEZ LEON
347,57,31057,31057,PANABA,PRI,GILMA DEL SOCORRO VALDEZ MARTINEZ,ELMA MARGARITA PATRON PACHECO
348,57,31057,31057,PANABA,MC,LIBRADO ESCAMILLA AGUILAR,DIANA ROSALBA DZIB UCAN
349,57,31057,31057,PANABA,MOR,FRAILI ABRAHAM MARFIL DIAZ,VICTOR AVILEZ AKE
350,57,31057,31057,PANABA,FM,JESUS HERNAN MENA MARRUFO,WILBERTH ARANDA NOVELO
351,57,31057,31057,PANABA,SUM-PAN-PRD-NAY,OMAR ADIEL MENA NARVAEZ,ROLANDO AZAEL CETZAL DZUL
352,58,31058,31058,PETO,PRI,WENDY ROXANA DOMINGUEZ CARRILLO,SMIRNA PAOLA SANCHEZ OJEDA
353,58,31058,31058,PETO,PVEM,RENAN GABRIEL JIMENEZ TAH,LUIS JAIR MARIN GALERA
354,58,31058,31058,PETO,MOR,DANIEL KANTUN VILLALOBOS,FILIBERTO PUC Y CIME
355,58,31058,31058,PETO,PES,PASTORA ALBINA NATIVIDAD ACOSTA CAMARA,CINDY DEL ROCIO CAMAS HEREDIA
356,58,31058,31058,PETO,FM,JUANA GUALBERTA CHIM BACAB,ELIZABETH GONZALEZ CAMARA
357,58,31058,31058,PETO,SUM-PAN-PRD-NAY,LILIANA PAOLA YAM GONGORA,ROSAVIRGILIA DE JESUS IC YAM
358,59,31059,31059,PROGRESO,PAN,JULIAN ZACARIAS CURI,FUED MARTIN ZACARIAS SOLIS
359,59,31059,31059,PROGRESO,PRI,LILA ROSA FRIAS CASTILLO,MARIA ESTHER MAGADAN ALONZO
360,59,31059,31059,PROGRESO,PRD,JARED NAHUN ARJONA ROSAS,CARLOS FRANCISCO MARTIN VELAZQUEZ
361,59,31059,31059,PROGRESO,PVEM,ANA MARIA PECH CHACON,LOURDES FABIOLA NAVARRETE QUETZ
362,59,31059,31059,PROGRESO,MC,JORGE GASPAR MANZANERO KU,PEDRO JOSE AVILA DIAZ
363,59,31059,31059,PROGRESO,MOR,JESSICA SAIDEN QUIROZ,ORFA FEBE HERNANDEZ LIRA
364,59,31059,31059,PROGRESO,NAY,ROSA ISELA HERNANDEZ TEC,SUSANA MIREYA CAMPOS MENDOZA
365,59,31059,31059,PROGRESO,PES,JORGE ROMARIO GARCIA RAMIREZ,JAVIER AZAEL RUIZ RIVERO
366,59,31059,31059,PROGRESO,RSP,VIRGINIA CASTILLO VERDE,JEHUDI NOEMI MUÑIZ AGUILAR
367,59,31059,31059,PROGRESO,FM,DALIA PATRICIA NOVELO MEDINA,AVELINA MEDINA LOPEZ
368,60,31060,31060,QUINTANA ROO,PRI,WENDY PATRICIA UICAB MAY,ZULEYMA SELENE TUZ CEL
369,60,31060,31060,QUINTANA ROO,MC,LUIS GABRIEL AGUILAR MAY,WALTER RUDY CAN DZUL
370,60,31060,31060,QUINTANA ROO,MOR,FERNANDA KU KANTUN,SANTOS SIMONA KU PECH
371,60,31060,31060,QUINTANA ROO,SUM-PAN-NAY,MARIA MINELIA DE JESUS UICAB CEL,MARIZA DEL CARMEN ARANA ABAN
372,61,31061,31061,RIO LAGARTOS,PRI,FLORICELY DEL CARMEN ALCOCER MARFIL,MARIA ADELINA PAT LORIA
373,61,31061,31061,RIO LAGARTOS,PT,MANUEL GERARDO RODRIGUEZ MENDOZA,MARIO  PECH PAT
374,61,31061,31061,RIO LAGARTOS,MC,FABIOLA MERCERDAS MARIN UCAN,YULISSA ANDREINA LOEZA PUGA
375,61,31061,31061,RIO LAGARTOS,MOR,ERNESTO ALONZO PERAZA CHAN,TATIANA EMIRE ALCOCER ALCOCER
376,61,31061,31061,RIO LAGARTOS,SUM-PAN-PRD-NAY,GUADALUPE DEL ROSARIO CANUL MEDINA,DELMY YANELY TUZ OCH
377,62,31062,31062,SACALUM,PRI,MARTHA LORENA VARGUEZ TUN,SUEMI MARISOL TEC ESPINOSA
378,62,31062,31062,SACALUM,PRD,MANUEL AUCENCIO RODRIGUEZ SANTAMARIA,MARIA DEL CARMEN  PEREDEZ SANTAMARIA
379,62,31062,31062,SACALUM,PVEM,JULIO CESAR TUYUB ESPADA,IRVIN ISMAEL  FLORES  SANTOS
380,62,31062,31062,SACALUM,PT,LUIS CARLOS NAJERA VAZQUEZ,ALVARO RONNY CERVANTES GARCIA
381,62,31062,31062,SACALUM,MC,SERGIO ALBERTO  MANRIQUE CHABLE,VICTOR RAUL  CANCHE ABAN
382,62,31062,31062,SACALUM,MOR,MARIA AZUNCION ZAPATA MAY,MARIA EMILIA COHUO ACOSTA
383,62,31062,31062,SACALUM,PES,MANUELA DE JESUS  VAZQUEZ  POOT,MARIA GUADALUPE  BACAB  SOLACHE
384,62,31062,31062,SACALUM,RSP,AREMI XIOMARA GONZALEZ VAZQUEZ,MELISSA DOLORES  COHUO FLORES
385,62,31062,31062,SACALUM,FM,NELSI MARIA TEC SANTAMARIA ,FABIOLA AZUCENA DOMINGUEZ AZARCOYA
386,62,31062,31062,SACALUM,SUM-PAN-NAY,SILVIA ESTER INTERIAN ESPADAS,LILA ARACELLY VAZQUEZ KIM
387,63,31063,31063,SAMAHIL,PRI,AARON MISAEL MAYEN UC,JOSE MANUEL  PECH KEB
388,63,31063,31063,SAMAHIL,PVEM,SAMUEL  MAYEN POOT,FRANCISCO ANTONIO  POOT UC
389,63,31063,31063,SAMAHIL,PT,MIRNA MACARIA BALAM CEH,MARTHA NOEMI PACHECO CHACON
390,63,31063,31063,SAMAHIL,MC,SERVILIANO KOYOC  CAMPOS,ADRIAN  BAAS ALONSO
391,63,31063,31063,SAMAHIL,MOR,BERNABE YAM CANCHE,ALBERTICO ELLDER PACHECO MARTIN
392,63,31063,31063,SAMAHIL,RSP,REINA ISABEL BORGES MARTIN,SILVIA PATRICIA CHACON DZIB
393,63,31063,31063,SAMAHIL,SUM-PAN-PRD-NAY,MARIA MARBELIA  DZUL CASTILLO,MARIA LIEVANA POOT TUN
394,64,31064,31064,SANAHCAT,PRI,MARIA CANDELARIA TZAB BALAM,GLORIA ELENA DZUL UUH
395,64,31064,31064,SANAHCAT,MC,LETICIA EDITH MARGELI CAAMAL EK,MIRIAM MARGARITA CAMARA MOO
396,64,31064,31064,SANAHCAT,MOR,YAMILI  MANZANERO BAAS,GRACIELA MOO EK
397,64,31064,31064,SANAHCAT,SUM-PAN-NAY,ALMA ERNESTINA  MANZANERO POLANCO,MARIA AISELA EK  BALAM
398,65,31065,31065,SAN FELIPE,PRI,FELIPE ANTONIO MARRUFO LOPEZ,JUANA MARIA BALTAZAR SANTOS
399,65,31065,31065,SAN FELIPE,MOR,PASTOR GERARDO CONTRERAS AVILES,LUIS MANUEL DE ATOCHA PATRON DURAN
400,65,31065,31065,SAN FELIPE,SUM-PAN-PRD-NAY,MARIA GENOVEVA DE GUADALUPE BATUN AVILES,YOFI MARLEN CASTILLO ESCAMILLA
401,66,31066,31066,SANTA ELENA,PRI,LUIS ALBERTO SANSORES MIAN,ANGEL DARIO COLLI MIAN
402,66,31066,31066,SANTA ELENA,MOR,MARIANA KU DOMINGUEZ,KARLA DEL CARMEN CHE UCAN 
403,66,31066,31066,SANTA ELENA,SUM-PAN-PRD-NAY,GALDINO POOT MORENO,RAUL ALEJANDRO ITZA TUN
404,67,31067,31067,SEYE,PAN,LIZBETH MARIA CAUICH PUCH,MARIA GUADALUPE NOH DZUL
405,67,31067,31067,SEYE,PRI,ILEANA MARGARITA CHAN GARRIDO,LEYDI MARLENY CAAMAL PECH
406,67,31067,31067,SEYE,PRD,DIANA ISABEL DZUL LEO,JULIANA GUADALUPE DZUL  CEZT
407,67,31067,31067,SEYE,PVEM,MARIA IDELFIA CANO CANCHE,LORINELY MISHEL  VALENCIA RODRIGUEZ
408,67,31067,31067,SEYE,PT,ODALY GABRIELA TUTZIN VARGUEZ,ROSA ISABEL CHEL  CHAN
409,67,31067,31067,SEYE,MC,EVA INES GONZALEZ CAMPOS,AMALIA SULU MANZANILLA
410,67,31067,31067,SEYE,MOR,LORENZO CAUICH MIAM,MANUEL LORENZO PANTOJA EUAN
411,67,31067,31067,SEYE,NAY,BEATRIZ DEL SOCORRO UC ALVAREZ,NERY VIRGINIA AKE CHUC
412,67,31067,31067,SEYE,PES,EMILIA DE SOCOCRRO HUCHIM  ANGULO,ZULEIMA JANEET HUCHIM CHAN
413,67,31067,31067,SEYE,RSP,REYES MANUEL HUCHIM KUK,ARMANDO RENE SANSORES CHAN
414,67,31067,31067,SEYE,FM,JOSE FRANCISCO BURGOS  PECH,CELSO JAVIER PECH COLLI
415,68,31068,31068,SINANCHE,PRI,MARIA LILIA ROMANA MENA RAMIREZ,DINA ISABEL CELIS TUN
416,68,31068,31068,SINANCHE,MOR,DALINDA CONCEPCION PUC AGUILAR,LIDIA ESPADAS CAAMAL
417,68,31068,31068,SINANCHE,RSP,MODESTO ISIDRO PERAZA MALDONADO,DELBERT JOSE HERRERA  ESPINOSA
418,68,31068,31068,SINANCHE,SUM-PAN-NAY,FELIPA NERY MENA AGUILAR,MARIA MINELIA PALMA GARCIA
419,69,31069,31069,SOTUTA,PAN,LAURA AZUCENA PECH TZAB,ERMILDA MINELIA CHAN PECH
420,69,31069,31069,SOTUTA,PRI,REINA ISABEL XX YAM,REINA LETICIA BALAM YAH
421,69,31069,31069,SOTUTA,PRD,GLADIS ARACELI PEREZ DIAZ,MARIA MARLENY EUAN DZUL
422,69,31069,31069,SOTUTA,PVEM,GERARDO JACOBO CUXIN ALFARO,JOSE ENRIQUE CANCHE CANTE
423,69,31069,31069,SOTUTA,MC,MARIA DOLORES CANTE CAB,ELINA POLANCO XEQUE
424,69,31069,31069,SOTUTA,MOR,MARIA DEL CARMEN MENDOZA PEREZ,NIRVA LUCELY SANTIAGO VALLADARES
425,69,31069,31069,SOTUTA,NAY,JESUS ALFONSO KUK NAVARRO,DANILO CUEVAS MEDINA
426,70,31070,31070,SUCILA,PRI,LEYDI YOLANDA MANZANERO CARDOZ,LETICIA LUCELLY MONFORTE OSORIO
427,70,31070,31070,SUCILA,MC,GICELLY BEATRIZ BRAGA MEDRANO,YESICA ARELI LUIS MEDRANO
428,70,31070,31070,SUCILA,MOR,MARTIN HEBERTO PENICHE MONFORTE,SUNSEY ADRIAN MEDRANO HUCHIN
429,70,31070,31070,SUCILA,RSP,EYMER MARTIN LORIA TORRES,JOSE BERNARDO CIAU CHI
430,70,31070,31070,SUCILA,SUM-PAN-PRD-NAY,GABRIELA DE JESUS POOL CAMELO,MILDA GISELLY CORTEZ LUGO
431,71,31071,31071,SUDZAL,PRI,ALEJANDRO DUARTE CAAMAL,PABLO CHIM CHIM
432,71,31071,31071,SUDZAL,MC,MARIA RAFAELA CANCHE CAN,MARIA ROSALBA PECH NOH
433,71,31071,31071,SUDZAL,MOR,JOSE AURELIO RAZ ALPUCHE,VITALIANO CHIM EK
434,71,31071,31071,SUDZAL,FM,LLEIMI GUADALUPE VALENCIA ACOSTA,REINA MARICRUZ CHIM PECH
435,71,31071,31071,SUDZAL,SUM-PAN-NAY,JUANI VERONICA QUIÐONES LUGO,FLOR KARINA PECH CHIM
436,72,31072,31072,SUMA,PAN,WINNELMY MARICELA SOSA HUH,DEYTI JAZMIN PECH PECH
437,72,31072,31072,SUMA,PRI,JOSE DE LA CRUZ PACHECO BAZAN,GASPAR ANTONIO  CHUC  TORES
438,72,31072,31072,SUMA,PRD,PABLO ROBERTO TEP COUOH,ABRAHAN POOL AKE
439,72,31072,31072,SUMA,PVEM,AYDEE BANESA VERA TEC,ESTEFFI ANAIDI  COHUO  PECH
440,72,31072,31072,SUMA,MC,GUDELIO PACHECO POOL,JORGE AUGUSTO PECH TORRES
441,72,31072,31072,SUMA,MOR,PATRICIA MARLENE COHUO  CANÚL,GREGORIA JOVITA POOT BOTE
442,72,31072,31072,SUMA,NAY,ELIAS VIVAS MATOS,MIGUEL ANGEL CABRERA TORRES
443,72,31072,31072,SUMA,FM,ROSA MARÍA CORTÉS BATÚN,GABINA CUTZ MONTALVO
444,73,31073,31073,TAHDZIU,MOR,JULIA EK YAH,MARIBEL DE LOS ANGELES DZUL YAA
445,73,31073,31073,TAHDZIU,SUM-PAN-PRD,ABRAHAM AKE UC,EMILIO BALAM CEN
446,73,31073,31073,TAHDZIU,SUM-PRI-NAY,MARIA TERESA DE JESUS YERVEZ VERA,MARIA SILVIA GIL PUC
447,74,31074,31074,TAHMEK,PRI,SULEMY MARIA DE GUADALUPE COBA TAPIA,EDITH JANET BALAM PECH
448,74,31074,31074,TAHMEK,PRD,JULIO CESAR SOBERANIS ARGUELLES,LUIS ALBERTO COBA POOL
449,74,31074,31074,TAHMEK,PVEM,MELISSA JANET TUN MAY,JOANNY CAROLINE LEAL PUERTO
450,74,31074,31074,TAHMEK,MC,RAMON POOL MEX,CARLOS EMMANUEL COBA MIS
451,74,31074,31074,TAHMEK,MOR,MARTHA PATRICIA SILVEIRA PUERTO,LOURDES LETICIA TUN PECH
452,74,31074,31074,TAHMEK,FM,CHRISTIAN GUADALUPE PUERTO CANCHE,MARISELA GUADALUPE CAN CAN
453,74,31074,31074,TAHMEK,SUM-PAN-NAY,NEYDA MARIA HEREDIA LEAL,TERESITA DE JESUS MALDONADO MAY
454,75,31075,31075,TEABO,PRI,ROBERTO ALEJANDRO LOPEZ  MAY,RENAN ALBERTO RUIZ DZIB
455,75,31075,31075,TEABO,MOR,MARIA CRISTINA UC PECH,JAZMIN JAQUELINE CHABLE HAU
456,75,31075,31075,TEABO,SUM-PAN-NAY,AIDA MARIA DE JESUS FERNANDEZ GONGORA,MIRIAN YOLANDA HAU CAN
457,76,31076,31076,TECOH,PRI,JOEL ISAAC  ACHACH DIAZ,ALEJANDRO ARTURO CAAMAL LOEZA
458,76,31076,31076,TECOH,PVEM,JUAN PABLO  FRIAS  TORRES ,RAUL ALBERTO  PUCH ESCAMILLA 
459,76,31076,31076,TECOH,PT,AURORA  NARVAEZ TZAB,SILVIA MARGARITA  MARTIN MENDICUTI
460,76,31076,31076,TECOH,MC,JESUS MIGUEL  MOGUEL  AGUILAR ,FRANCISCO ELIFAR  PINTO  TAMAYO 
461,76,31076,31076,TECOH,MOR,FILIBERTO  PATRON  IUIT,MANUEL JESUS SERRALTA CASTRO
462,76,31076,31076,TECOH,PES,MARIA DEL SOCORRO PACHECO  TEC,MARIA HERLINDA  CHAN CHAN
463,76,31076,31076,TECOH,FM,MARIA ISABEL IBARRA MAAS,BERTHA GUADALUPE NAH SEGURA
464,76,31076,31076,TECOH,SUM-PAN-NAY,BETHEL ABDEL ACHACH RODRIGUEZ,ALBERTO ANDRE DE JESUS CAN OXTE
465,77,31077,31077,TEKAL DE VENEGAS,PRI,MANUELA DE JESUS BRICEÑO CAAMAL,CANDELARIA EUAN CHI
466,77,31077,31077,TEKAL DE VENEGAS,PVEM,CANDELARIO DZIB BRITO,VICENTE KANTUN NOVELO
467,77,31077,31077,TEKAL DE VENEGAS,MC,ELBA MARIA JAQUELINE CABRERA COLLI,ANA LUISA MOO DZUL
468,77,31077,31077,TEKAL DE VENEGAS,MOR,YANESI DEL SOCORRO MAY DZUL,NAYDELIN ABIGAIL PAT CHAN
469,77,31077,31077,TEKAL DE VENEGAS,FM,BERNABE KU BRITO,JUVENCIO CEH CHAN
470,77,31077,31077,TEKAL DE VENEGAS,SUM-PAN-NAY,JOSE ANTONIO ARAGON UICAB,BALTAZAR CHALE SANCHEZ
471,78,31078,31078,TEKANTO,PRI,MIRNA SELENE CARRILLO SOSA,BLANCA ESTELA BACAB VERA
472,78,31078,31078,TEKANTO,PVEM,MARQUELIA VERA CHABLE,LEYDI MARISOL  EUAN  KU
473,78,31078,31078,TEKANTO,MOR,FLORY GRISEL CEN BALAM,MARIA FRANCISCA MOO MOGUEL
474,78,31078,31078,TEKANTO,FM,MANUELA DE JESUS CANUL CANCHE,ANA MARGARITA POOT CANCHE
475,78,31078,31078,TEKANTO,SUM-PAN-NAY,MARBIN ERBEY CARRILLO SOSA,MARIO MOISES NOVELO DIAZ
476,79,31079,31079,TEKAX,PVEM,MARY CARMEN SOSA VARGUEZ,AIDA MARIA  CUY SANTAMARIA
477,79,31079,31079,TEKAX,PT,JOSUE MANANCE COUOH TZEC,SHIOMARA ABRIL EUAN BURGOS
478,79,31079,31079,TEKAX,MC,SARA GUADALUPE CASTILLO NOVELO,SONIA LETICIA CARRILLO MAY
479,79,31079,31079,TEKAX,MOR,ANA BEATRIZ CANTO CABAÑAS,JAQUELINE SUAREZ TORRES
480,79,31079,31079,TEKAX,PES,BLANCA ISABEL SEGOVIA RUIZ,NIDIA LUCELY MARIN BASTO
481,79,31079,31079,TEKAX,FM,JOSE LINO  MONTES  GONGORA,NERVIN ENRIQUE AVILA  GONGORA
482,79,31079,31079,TEKAX,SUM-PAN-PRD,DIEGO JOSE AVILA ROMERO,RAMIRO DE JESUS BASTO CABRERA
483,79,31079,31079,TEKAX,SUM-PRI-NAY,FERNANDO ROMERO AVILA,RAUL ANTONIO BUENFIL DORANTES
484,80,31080,31080,TEKIT,PAN,RIGER JULIAN GONZALEZ ALBORNOZ,JUAN PABLO VILLANUEVA GONZALEZ
485,80,31080,31080,TEKIT,MOR,FELIPE DE JESUS MEDINA COLI,NELSON AUGUSTO KU PUGA
486,80,31080,31080,TEKIT,SUM-PRI-PRD-NAY,EDITH YONELY GONZALEZ  AZCORRA,ZENAIDA MAGDALENA  NAHUAT CANUL
487,81,31081,31081,TEKOM,PRI,GLORIA ARACELLY COCOM CAN,VERONICA BEATRIZ  COCOM CAAMAL
488,81,31081,31081,TEKOM,MOR,JOSE ALFREDO TEC CHULIM,JOSE LUIS CANCHE CHAN
489,81,31081,31081,TEKOM,SUM-PAN-NAY,NELSI MARILINA COCOM MUKUL,REINA ISABEL TEC CHAY
490,82,31082,31082,TELCHAC PUEBLO,PRI,JUAN JACOBO LOPEZ ALVAREZ,FRAY MARTIN PECH YHUIT
491,82,31082,31082,TELCHAC PUEBLO,PVEM,AURORA GUADALUPE PECH MARTIN,FATIMA ALEJANDRA SEGURA RAMIREZ
492,82,31082,31082,TELCHAC PUEBLO,MC,KARLA BEATRIZ PERAZA SUASTE,ZAYLI OYUKI DEL SOCORRO AGUILAR HERRERA
493,82,31082,31082,TELCHAC PUEBLO,MOR,ROQUE FRANCISCO PINTO BE,JOSE RICARDO AKE KU
494,82,31082,31082,TELCHAC PUEBLO,SUM-PAN-NAY,DORA MARGARITA XX AGUILAR,AREMY DARELY PERAZA RAMIREZ
495,83,31083,31083,TELCHAC PUERTO,PAN,MARIA JESUS CETINA LOPE,NELY REYNALDA MARTIN OJEDA
496,83,31083,31083,TELCHAC PUERTO,PRI,JUAN ALFREDO MARRUFO DIAZ,ENRIQUE BALTAZAR MEDINA CUA
497,83,31083,31083,TELCHAC PUERTO,PT,MARTINA CAAMAL CHUC,MANUELA DE LOS ANGELES MARFIL LUNA
498,83,31083,31083,TELCHAC PUERTO,MOR,JOSE HUMBERTO MARRUFO RAMIREZ,CLEINI NALLELI TEP EK
499,83,31083,31083,TELCHAC PUERTO,PES,DIANE GEORGINA CARRILLO VEGA,LILIANA MARIA LOPE ESPINOLA
500,83,31083,31083,TELCHAC PUERTO,FM,ANDREA SOFIA ROSADO CRESPO,SANDY ESTHER CRUZ BAAS
501,84,31084,31084,TEMAX,PAN,ANGEL ANTONIO GONZALEZ ESCALANTE,JULIO CESAR CHAN OXTE
502,84,31084,31084,TEMAX,MC,CLARA LETICIA DIAZ LORIA,LIGIA BEATRIZ BALAM CHALE
503,84,31084,31084,TEMAX,MOR,GERARDO VALENTIN CIME UC,BARTOLO CUPUL CHAN
504,84,31084,31084,TEMAX,NAY,ERICA DE JESUS  NUÑEZ SANCHEZ,ALEXANDRA CONCEPCION  ROMERO POOL
505,84,31084,31084,TEMAX,FM,MARCELO VAZQUEZ MALDONADO,JOSE LIBORIO BASTO UH
506,84,31084,31084,TEMAX,SUM-PRI-PRD,EVA OLIVIA LIZAMA SAAVEDRA,JHANNY JAZMIN AYALA MARTIN
507,85,31085,31085,TEMOZON,PAN,LEIDY MARIA HEREDIA BOJORQUEZ,MARIA MARLENE CIAU DZIB
508,85,31085,31085,TEMOZON,PRI,MARTA GISELI GONGORA HEREDIA,GAMEBA ROSANA FERNANDEZ HEREDIA
509,85,31085,31085,TEMOZON,PT,DIONICIO NOVELO GONZALEZ,LIZET ABIGAIL CAUICH DZUL
510,85,31085,31085,TEMOZON,MOR,CARLOS MANUEL KUYOC CASTILLO,JOSE ALFREDO POOL CANUL
511,85,31085,31085,TEMOZON,NAY,MARIO ARALIO AGUILAR DIAZ,JUSTINO POOT CEN
512,85,31085,31085,TEMOZON,RSP,ALICIA KAUIL CHAN,MARIA DEL ROSARIO KUYOC POOL
513,86,31086,31086,TEPAKAN,PRD,WEYLER AARON CORAL MANRIQUE,ALEJANDRO UC OXTE
514,86,31086,31086,TEPAKAN,PVEM,ROGEL ISMAEL GAMBOA CASTILLO,DANIEL BALAM OY
515,86,31086,31086,TEPAKAN,MC,EDWIN FERNANDO RODRIGUEZ OJEDA,JONATHAN YAIR  ALVIZAR CIME
516,86,31086,31086,TEPAKAN,MOR,GABRIELA CEN PERERA,LANDY MAGALY HAU CHAN
517,86,31086,31086,TEPAKAN,SUM-PAN-NAY,MARIA MARIBEL KANTUN KANTUN,JULIA ALEJANDRA NOH UICAB
518,87,31087,31087,TETIZ,PAN,JOSE SEVERIANO TUYUB CANCHE,PASCUAL FRANCISCO TEC PUC
519,87,31087,31087,TETIZ,PRI,MELESIO CANCHE RUIZ,JORGE LUIS EK  VENTURA
520,87,31087,31087,TETIZ,PRD,HILDA BEATRIZ CHUC CHAN,NARCEDALIA FRANCO MOLTAVO
521,87,31087,31087,TETIZ,PVEM,MARCIAL ENRIQUE BALAM HUCHIM,JOSE MANUEL DOLORES CUA CHAN
522,87,31087,31087,TETIZ,PT,CRISTIAN DANIEL  POOT CHAN,VICTOR MANUEL CANUL  PUC
523,87,31087,31087,TETIZ,MC,ALVARO ARMANDO POOT PUC,LETICIA GUADALUPE TINAL CANCHE
524,87,31087,31087,TETIZ,MOR,HERMENEGILDO CHAN UITZ,JOSE ANGEL BORGES CHAN
525,87,31087,31087,TETIZ,PES,ROSALBA DEL CARMEN CANCHE CUA,MARIA MAXIMILIANA RUIZ BORGES
526,88,31088,31088,TEYA,PAN,JOSE BERNARDO RODRIGUEZ ARCEO,JOSE DOLORES CONRADO TZUC
527,88,31088,31088,TEYA,PRI,LUIS ALBERTO NUÐEZ HAU,GLADIS IRENE ESCALANTE ARCEO
528,88,31088,31088,TEYA,PRD,YENY YOLANDA TUYUB UC,REYES GENOVEVA AKE CRUZ
529,88,31088,31088,TEYA,MOR,LUIS ALBERTO UC BALAN,JOSE ARMANDO UC BALAN
530,88,31088,31088,TEYA,FM,LUIS FELIPE CANTO ADRIAN,PABLO CONCEPCION MEDINA NUÐEZ
531,89,31089,31089,TICUL,PRI,CARLOS DANIEL SALOMON BARBOSA,ROSA ELENA PECH PECH
532,89,31089,31089,TICUL,PRD,MARIO JOAQUIN PALACIOS SEGURA,ROBERTO VALENTIN EUAN HUCHIM
533,89,31089,31089,TICUL,PVEM,MARIA EMILIA PAREDES BOLAÑOS,MAGDALENA SERRANO BALAM
534,89,31089,31089,TICUL,PT,IVONNE ALEJANDRINA PINZON  OJEDA,LIZETT ALEJANDRA PERALTA RIVERO
535,89,31089,31089,TICUL,MC,GLORIA DANIELA  ROSADO BURGOS,KARINA NOEMI SANCHEZ DZIB
536,89,31089,31089,TICUL,MOR,MOISES DAVID  ECHEVERRIA CASTILLO,EDUARDO ISRAEL BOLAÑOS VALLE
537,89,31089,31089,TICUL,PES,SANDRA SUSANA NOH MAY,LUCELY SARAI SANTAMARIA PEREZ
538,89,31089,31089,TICUL,FM,MINERVA EUNICE GOMEZ GARMA,KARLA VERONICA  BALAM CHAN
539,89,31089,31089,TICUL,SUM-PAN-NAY,RAFAEL GERARDO  MONTALVO MATA,EMANUEL CHAN CANCHE
540,90,31090,31090,TIMUCUY,PRI,MARSI ROSANA CEH TEH,MARIA GETRUDIS CANUL RAVELL
541,90,31090,31090,TIMUCUY,PRD,MARIA LUCIA ESTHER TUN PECH,KAREN ARELI KU POOL
542,90,31090,31090,TIMUCUY,PT,MARIA JESUS CAT CANUL,YAHAIRA SELENE ESTRELLA VILLALOBOS
543,90,31090,31090,TIMUCUY,MC,AMADO POOL TEH,JULIO ANGEL CANUL CHAN
544,90,31090,31090,TIMUCUY,MOR,LENY LEONOR KANTUN BRICEÐO,MARIA GILBERTA KOH CEH
545,90,31090,31090,TIMUCUY,FM,JHONI VALENTIN MAY UCAN,WILVER XOOL BLANCO
546,90,31090,31090,TIMUCUY,SUM-PAN-NAY,REYNA ROSALBA PAM PECH,CLAUDIA ELIZABETH SULUB CANUL
547,91,31091,31091,TINUM,PAN,ALICIA AURORA GONGORA MEJIA,WIGELMI MAGALI LOPEZ MAAS
548,91,31091,31091,TINUM,PT,ROSENDA NAH CEN,DALIA DIANELY DZIB MAGAÐA
549,91,31091,31091,TINUM,MOR,ELSY ASENCION SANCHEZ CETINA,AURORA ELIZABETH CHAY CHI
550,91,31091,31091,TINUM,SUM-PRI-PRD-NAY,NATALIA MIS MEX,HERBERT RENE MIS CIME
551,92,31092,31092,TIXCACALCUPUL,PRI,RAMON NONATO TUN CHAN,BLASIDO PUC TUN
552,92,31092,31092,TIXCACALCUPUL,MC,GLENDY YOSELI COCOM ALCOCER,CARLA GRISELDA XIHUM CHAN
553,92,31092,31092,TIXCACALCUPUL,MOR,AGUSTIN POOT PAT,PORFIRIO ABRAHAM MIS PUC
554,92,31092,31092,TIXCACALCUPUL,FM,BLANCA ESTELA RAMIREZ HERNANDEZ,HILARIA CHAN Y MOO
555,92,31092,31092,TIXCACALCUPUL,SUM-PAN-NAY,BERNABE YAM TAMAY,FRANCISCO CHAN OY
556,93,31093,31093,TIXKOKOB,PAN,MARIA DEL CARMEN KEB CERVANTES,MARIA JESUS UVALLE CHUC
557,93,31093,31093,TIXKOKOB,PRI,ERIC EDGARDO QUIJANO GONZALEZ,MARCOS ALEJANDRO DURAN ANCONA
558,93,31093,31093,TIXKOKOB,PVEM,EDWIN ADOLFO CASTILLO MENDEZ,JOSE MACARIO DURAN CASTRO
559,93,31093,31093,TIXKOKOB,MC,MARTINA DE ATOCHA MORALES CANUL,CELIA LETICIA LARA TAMAYO
560,93,31093,31093,TIXKOKOB,MOR,MIGUEL ANGEL MENESES AYALA,JOSE EMMANUEL CHALE TEPAL
561,93,31093,31093,TIXKOKOB,NAY,FABIAN ANDRES DE JESUS RIVERA FRIAS,FRANCISCO MARTIN CHUC CHALE
562,93,31093,31093,TIXKOKOB,RSP,JOSE MARTIN AKE CANCHE,RUSBETH MANUEL PECH RODRIGUEZ
563,93,31093,31093,TIXKOKOB,FM,ROBERTO ANTONIO MORALES CHAN,IVAN RAFAEL ESPADAS BAEZ
564,94,31094,31094,TIXMEHUAC,PAN,ADELAIDA SEL SEL,ISAURINA BRICEÑO SEL
565,94,31094,31094,TIXMEHUAC,PRI,ANGELICA PANTI CERVERA,ZUEMI EUNICE SEL  PANTI
566,94,31094,31094,TIXMEHUAC,PRD,EDILBERTO RODRIGUEZ LOPEZ,MIGUEL ERNESTO HERNANDEZ  MARTIN
567,94,31094,31094,TIXMEHUAC,NAY,CARLOS EFRAIN BALAM LOPEZ,TEOFILO COLLI COLLI
568,95,31095,31095,TIXPEHUAL,PAN,MANUEL JESUS NAVARRETE CERVERA,RIGEL ARGEL EB RUZ
569,95,31095,31095,TIXPEHUAL,PRI,CARLOS FERNANDO VARGUEZ CIAU,FELIPE DE JESUS CANUL EB
570,95,31095,31095,TIXPEHUAL,PRD,JUAN GABRIEL TEPAL POOL,JORGE GABRIEL  CAUICH POOL
571,95,31095,31095,TIXPEHUAL,PVEM,CLAUDIA JOCABED CAUICH CANTE,BERTA PATRICIA VICTORIN PAREJA
572,95,31095,31095,TIXPEHUAL,MC,JOSE JULIAN CAUICH PUC,DIEGO ANGEL CHALE LARA
573,95,31095,31095,TIXPEHUAL,MOR,VICTOR RENE LARA CAUICH,JESUS HIBERTH HAU ROMERO
574,95,31095,31095,TIXPEHUAL,FM,AIDA ROSA DZUL RIOS,GRACIELA JANNET  CEN NOH
575,96,31096,31096,TIZIMIN,PRI,MARIO ALBERTO GONZALEZ GONZALEZ,LUIS ANTONIO PEREZ SALAZAR
576,96,31096,31096,TIZIMIN,PRD,CARLOS RAFAEL TUZ TUZ,RAMON ANTONIO CHI DIAZ
577,96,31096,31096,TIZIMIN,PT,MARY CRUZ SILVEIRA PECH,VERONICA ANAHI CHAN CAUICH
578,96,31096,31096,TIZIMIN,MC,JESUS MIGUEL OSORIO NOVELO,EDUARDO ADEMAR ROSADO COUOH
579,96,31096,31096,TIZIMIN,MOR,CLARA ELENA MATOS PADILLA,MARTHA LETICIA RUIZ SANCHEZ
580,96,31096,31096,TIZIMIN,PES,FRANCISCO HERMINIO PERERA RODRIGUEZ,JOSE GERARDO AYALA BASULTO
581,96,31096,31096,TIZIMIN,FM,FANNY DEL CARMEN LOPEZ ESCAMILLA,VERONICA JOSEFINA  ROSALES RODRIGUEZ
582,96,31096,31096,TIZIMIN,SUM-PAN-NAY,PEDRO FRANCISCO COUOH SUASTE,FRANCISCO JAVIER ESPERON LOPEZ
583,97,31097,31097,TUNKAS,PRI,LETICIA DEL CARMEN NUÑEZ MOGUEL,BRENDY TALINA CANUL RUIZ
584,97,31097,31097,TUNKAS,MC,EDUARDO CUPUL NOH,MARIALENA CANCHE  CHIM
585,97,31097,31097,TUNKAS,MOR,MANUEL PECH UICAB,JUSTO BUENAVENTURA ESTRELLA HERRERA
586,97,31097,31097,TUNKAS,SUM-PAN-NAY,JORGE RICARDO KUH MENDEZ,AMBROSIO CANUL PINZON
587,98,31098,31098,TZUCACAB,PRI,DIANA LORENA AVILA ROMERO,ABIGAIL MEDINA CHI
588,98,31098,31098,TZUCACAB,PRD,JOEL ARMANDO CAUICH NUÑEZ,GILDARDO ENRIQUE SERRANO AGUILAR
589,98,31098,31098,TZUCACAB,PT,FREDDY ALEJANDRO CARRILLO BLANCO,RODOLFO ZAPIEN ALONZO
590,98,31098,31098,TZUCACAB,MC,MARIA ALEJANDRA CHABLE CATZIN,YOLANDA BEATRIZ COCOM CHAN
591,98,31098,31098,TZUCACAB,MOR,GENY DEL SOCORRO ACEVEDO CHI,MARIA TRINIDAD ZAPATA CHI
592,98,31098,31098,TZUCACAB,PES,ROSA CARMINA  CASTRO CASTILLO,LAURA AMELIA VILLAGRAN KU
593,98,31098,31098,TZUCACAB,FM,ERICK FERNANDO KU CAAMAL,ERNESTO ALEJANDRO CAPITAN  VICENCIO
594,98,31098,31098,TZUCACAB,SUM-PAN-NAY,MARIA ISABEL HOIL HOIL,MARGELY ABIGAY CANUL JIMENEZ
595,99,31099,31099,UAYMA,PRI,YAMILI IVONY CUPUL VAZQUEZ,GELMI ROSALBA AY EUAN
596,99,31099,31099,UAYMA,PRD,RANULFO CUPUL CEME,SANTOS PABLO XOOC SANTOS
597,99,31099,31099,UAYMA,MOR,WILBERT ARMIN CASTILLO ELIODORO,MARTIN CAN CIAU
598,99,31099,31099,UAYMA,SUM-PAN-NAY,ARELI AURORA CORONADO MARTIN,LICIA PATRICIA PAT YAM
599,100,31100,31100,UCU,PRI,RUBI VIANEY SONDA PECH,SILVIA DEL SOCORRO CANUL LUNA
600,100,31100,31100,UCU,PVEM,GENER ISMAEL  PECH LEON,GENER MANRIQUE VERA  GARCIA
601,100,31100,31100,UCU,PT,GLORIA LETICIA UICAB JIMENES,LORENA ISELA  HERRERA SANCHEZ
602,100,31100,31100,UCU,MC,VENUS ATENEA  PECH  CAN,ROSA MARIA KU  XOOL
603,100,31100,31100,UCU,MOR,JAVIER ALEJANDRO DZUL BALAM,REYES RUMER  BALAM  UICAB
604,100,31100,31100,UCU,RSP,ANA KAREN TOTO ANOTA,MILAGRO DE LOS ANGELES  CANUL  CAN
605,100,31100,31100,UCU,FM,FRANGEL ISMAEL LUNA  MAGAÑA,ALVIN ENRIQUE  CHAN VALDEZ
606,100,31100,31100,UCU,SUM-PAN-NAY,GASPAR ARIEL PINTO OJEDA,JULIAN CELESTINO DZUL QUINTAL
607,101,31101,31101,UMAN,PRI,JULIAN ANDRES PECH QUINTAL,JUAN ANTONIO ORTIZ MAY
608,101,31101,31101,UMAN,PVEM,TERESITA DE JESUS SANTOS  SAENZ,GRETTY JESUS DEL CARMEN  QUINTAL DIAZ
609,101,31101,31101,UMAN,PT,RAUL PUC CAAMAL,CARLOS ALBERTO QUINTAL CASTILLO
610,101,31101,31101,UMAN,MC,HERIBERTO MARDOQUEO UICAB SAENZ,ADOLFO BALANZAR TRINIDAD
611,101,31101,31101,UMAN,MOR,KENIA WALLDINA SAURI MARADIAGA,BELDINA SOLIS QUINTAL
612,101,31101,31101,UMAN,PES,PEDRO PABLO AYORA MONTERO,JOSE FELICIANO ORTIZ PACHECO
613,101,31101,31101,UMAN,RSP,IRMA GRICELDA ESTRELLA MONTERO,REINA LUCIA  SALAZAR LEO
614,101,31101,31101,UMAN,FM,JOSE MANUEL CHABLÉ CHALÉ,ELEAZAR MARTIN  MAY MENDEZ
615,101,31101,31101,UMAN,SUM-PAN-PRD-NAY,GASPAR VENTURA CISNEROS POLANCO,JOSE LUIS  PAREDES PERAZA
616,102,31102,31102,VALLADOLID,PRI,MANUEL JESUS CASTRO MENDOZA,CARLOS FRANCISCO SILVA MARTIN
617,102,31102,31102,VALLADOLID,PRD,GUADALUPE JESUS PUC TUN,HERMINIA TUN CHAN
618,102,31102,31102,VALLADOLID,PVEM,DIDIA MARISOL  MENDOZA ARZAPALO,GLENDY MARIBEL TORRES POOT
619,102,31102,31102,VALLADOLID,PT,BERTHA MARIA POOT ITZA,FRANCISCA ARIAS SARMIENTO
620,102,31102,31102,VALLADOLID,MC,LUIS JORGE ONTIVEROS ALCOCER,SAUL MARTINEZ HERRERA
621,102,31102,31102,VALLADOLID,MOR,HOMERO NOVELO BURGOS,JOSE LUIS ZAPATA CAMEJO
622,102,31102,31102,VALLADOLID,PES,JORDI MISAEL UC UITZIL,EDGAR RUBEN TUN SABIDO
623,102,31102,31102,VALLADOLID,RSP,ALONDRA DEL ROCIO ALCOCER CETINA,TANIA SUIDEMY SOLIS
624,102,31102,31102,VALLADOLID,FM,RAMON NONO ESCALANTE Y NOVELO,MIGUEL ANGEL ALVAREZ Y AGUILAR
625,102,31102,31102,VALLADOLID,CI1,GERARDO DANIEL DUARTE SANCHEZ,GREYSI PATRICIA TORRES LLANES
626,102,31102,31102,VALLADOLID,SUM-PAN-NAY,ALFREDO FERNANDEZ ARCEO,EDGAR GAMALIEL AGUILAR PERAZA
627,103,31103,31103,XOCCHEL,PRI,JUANA BAUTISTA KU COUOH,ADDY MARIA DEL SOCORRO RAMIREZ Y GAMBOA
628,103,31103,31103,XOCCHEL,PRD,ROSALBA GUADALUPE UC ZAPATA,MIRLEY COUOH GONGORA
629,103,31103,31103,XOCCHEL,MOR,MARIA JUANA LUCIA REJON Y GIL,MARIA MARTINA  IUIT  KOOH
630,103,31103,31103,XOCCHEL,FM,LEISY NOEMI CHI DZUL,LUISA GUADALUPE MAY  DZUL
631,103,31103,31103,XOCCHEL,SUM-PAN-NAY,LOURDES MARIA TAH MAAS,ARACELY NOEMI PEREZ VALDEZ
632,104,31104,31104,YAXCABA,PRI,LORENA ISABEL AVILA EUAN,MARIA GRISELDA RODRIGUEZ MENDEZ
633,104,31104,31104,YAXCABA,PRD,JOSE MARTINIANO DZUL COUOH,ESTEBAN DE JESUS CAAMAL MEX
634,104,31104,31104,YAXCABA,MC,GLORIA ANGELINA CHALE TORRES,MARIA DE LA CRUZ CARRILLO PACAB
635,104,31104,31104,YAXCABA,MOR,MARIA GRACIELA DIAZ SANTIAGO,ESTEFANY GEORGINA BURGOS ALBORNOZ
636,104,31104,31104,YAXCABA,PES,ROBERTO CANUL AKE,PEDRO FERNANDO SIMA CHUC
637,104,31104,31104,YAXCABA,RSP,MARIA ALEJANDRA PAT COUOH,CLARA CONCEPCION EUAN CHIMAL
638,104,31104,31104,YAXCABA,SUM-PAN-NAY,GENRI ALBERTO PACAB HERRERA,FERMIN NAHY  NAH ALBORNOZ
639,105,31105,31105,YAXKUKUL,PAN,DELTA MARIVI RAMIREZ GOMEZ,RAQUEL  UC CETINA
640,105,31105,31105,YAXKUKUL,PRI,KEMBLI GABRIELA CONTRERAS PECH,DAYLI ESTHER  LOZADA AKE
641,105,31105,31105,YAXKUKUL,PVEM,JORGE GUADALUPE EK GARCIA,ILSE EORI AKE MAY
642,105,31105,31105,YAXKUKUL,PT,JAIME CERVANTES MAY,DANIEL NESTOR CONTRERAS GARCIA
643,105,31105,31105,YAXKUKUL,MC,JIMMY YAZMANI VAZQUEZ TUN,MARIA ROSARIO DE FATIMA JIMENEZ CHAN
644,105,31105,31105,YAXKUKUL,MOR,PEDRO LAUREANO BACELIS TUN,JOSE ANGEL FERMIN GARCIA PUCH
645,105,31105,31105,YAXKUKUL,NAY,WILIAM JESUS GOROCICA FALCON,JOSE FILIBERTO CIME CETINA
646,105,31105,31105,YAXKUKUL,PES,FERNANDO PRIMITIVO YGNACIO LOERA LOZADA,LUIS MARIO VENTURA AKE
647,106,31106,31106,YOBAIN,PAN,MIRLE GUADALUPE VERA CAB,ILEANA DEL ROSARIO PACHECO CASTRO
648,106,31106,31106,YOBAIN,PRD,GELMI OLIVIA VERA TORRES,MARIA CRISTINA VERA TORRES
649,106,31106,31106,YOBAIN,PVEM,FERNANDO ISABEL PAT CORTES,JORGE ESTEBAN PECH MAY
650,106,31106,31106,YOBAIN,MC,PEDRO JESUS BARREDO LIZAMA,JAVIER GUTIERREZ CHAN
651,106,31106,31106,YOBAIN,MOR,ALEX CONSEPCION DURAN QUIÑONES,MIGUEL ISAID MENDEZ PEREZ
652,106,31106,31106,YOBAIN,NAY,CARLOS PECH PAT,LUIS ANTONIO SOLIS SALAS
653,106,31106,31106,YOBAIN,PES,JESUS ALBERTO COOL AKE,NICOLAS MENDEZ MARTIN
654,106,31106,31106,YOBAIN,FM,JUAN ALBERTO HERNANDEZ BORGES,VICTOR OSVALDO MENDEZ SANCEN
