﻿CIRCUNSCRIPCION,ID_ESTADO,NOMBRE_ESTADO,ID_DISTRITO_LOCAL,CABECERA_DISTRITAL_LOCAL,ID_MUNICIPIO,MUNICIPIO,ID_DEMARCACION_LOCAL,DEMARCACION_LOCAL,TIPO_DE_ELECCION,NOMBRE_PARTICIPANTE,NUMERO_LISTA,CANDIDATO,SEXO_CANDIDATO,RUTA_CONSTANCIA,PARTIDO
2,27,TABASCO,,,1,BALANCAN,,,PRES_MUN,MORENA,1,LUISA DEL CARMEN CAMARA CABRALES,2,,MORENA
1,27,TABASCO,,,2,CARDENAS,,,PRES_MUN,MORENA,1,MARIA ESTHER ZAPATA ZAPATA,2,,MORENA
1,27,TABASCO,,,3,CENTLA,,,PRES_MUN,MORENA,1,LLUVIA SALAS LOPEZ,2,,MORENA
2,27,TABASCO,,,4,CENTRO,,,PRES_MUN,MORENA,1,YOLANDA DEL CARMEN OSUNA HUERTA,2,,MORENA
1,27,TABASCO,,,5,COMALCALCO,,,PRES_MUN,MORENA,1,GREGORIO EFRAIN ESPADAS MENDEZ,1,,MORENA
1,27,TABASCO,,,6,CUNDUACAN,,,PRES_MUN,(CAND_IND4) JESUS ABRAHAM CANO GONZALEZ,1,JESUS ABRAHAM CANO GONZALEZ,1,,(CAND_IND4) JESUS ABRAHAM CANO GONZALEZ
2,27,TABASCO,,,7,EMILIANO ZAPATA,,,PRES_MUN,MORENA,1,JOSE BERNAT RODRIGUEZ,1,,MORENA
1,27,TABASCO,,,8,HUIMANGUILLO,,,PRES_MUN,MORENA,1,OSCAR FERRER ABALOS,1,,MORENA
2,27,TABASCO,,,9,JALAPA,,,PRES_MUN,MORENA,1,FERNANDO EMILIO PRIEGO ZURITA,1,http://iepct.mx/docs/ced/actas21/d11/ACTA_19_PERM_09-06-2021_11.pdf,MORENA
1,27,TABASCO,,,10,JALPA DE MENDEZ,,,PRES_MUN,MORENA,1,NURIS LOPEZ SANCHEZ,2,,MORENA
2,27,TABASCO,,,11,JONUTA,,,PRES_MUN,MORENA,1,ERIC ROBERT GARRIDO ARGAEZ,1,http://iepct.mx/docs/ced/actas21/d15/ACTA_18_PERM_09-06-2021_15.pdf,MORENA
2,27,TABASCO,,,12,MACUSPANA,,,PRES_MUN,MORENA,1,JULIO ERNESTO GUTIERREZ BOCANEGRA,1,,MORENA
1,27,TABASCO,,,13,NACAJUCA,,,PRES_MUN,MORENA,1,SHEILA DARLIN ALVAREZ HERNANDEZ,2,,MORENA
1,27,TABASCO,,,14,PARAISO,,,PRES_MUN,PRD,1,ANA LUISA CASTELLANOS HERNANDEZ,2,,PRD
2,27,TABASCO,,,15,TACOTALPA,,,PRES_MUN,MC,1,RICKI ANTONIO ARCOS PEREZ,1,http://iepct.mx/docs/ced/actas21/d11/ACTA_19_PERM_09-06-2021_11.pdf,MC
2,27,TABASCO,,,16,TEAPA,,,PRES_MUN,MORENA,1,ALMA ROSA ESPADAS HERNANDEZ,2,http://iepct.mx/docs/ced/actas21/d21/acta_18_perm_09-06-2021_21.pdf,MORENA
2,27,TABASCO,,,17,TENOSIQUE,,,PRES_MUN,MORENA,1,JORGE SUAREZ MORENO,1,,MORENA
2,27,TABASCO,,,1,BALANCAN,,,SIND,MORENA,2,NEIL ROBERTO POZO CANO,1,,MORENA
1,27,TABASCO,,,2,CARDENAS,,,SIND,MORENA,2,ALEJANDRO JIMENEZ PEREZ,1,,MORENA
1,27,TABASCO,,,3,CENTLA,,,SIND,MORENA,2,MIGUEL ANGEL NOVEROLA GONZALEZ,1,,MORENA
2,27,TABASCO,,,4,CENTRO,,,SIND,MORENA,2,DANIEL CUBERO CABRALES,1,,MORENA
1,27,TABASCO,,,5,COMALCALCO,,,SIND,MORENA,2,PATRICIA IPARREA SANCHEZ,2,,MORENA
1,27,TABASCO,,,6,CUNDUACAN,,,SIND,(CAND_IND4) JESUS ABRAHAM CANO GONZALEZ,2,YANTZY DILLAY GARCIA CAMPOS,2,,(CAND_IND4) JESUS ABRAHAM CANO GONZALEZ
2,27,TABASCO,,,7,EMILIANO ZAPATA,,,SIND,MORENA,2,DENISSE OCAMPO VARGAS,2,,MORENA
1,27,TABASCO,,,8,HUIMANGUILLO,,,SIND,MORENA,2,MARI LUZ VELAZQUEZ JIMENEZ,2,,MORENA
2,27,TABASCO,,,9,JALAPA,,,SIND,MORENA,2,MARIA ELENA LORA PEREZ,2,http://iepct.mx/docs/ced/actas21/d11/ACTA_19_PERM_09-06-2021_11.pdf,MORENA
1,27,TABASCO,,,10,JALPA DE MENDEZ,,,SIND,MORENA,2,MANUEL PEREZ RICARDEZ,1,,MORENA
2,27,TABASCO,,,11,JONUTA,,,SIND,MORENA,2,MARIA SOLEDAD VILLAMAYOR NOTARIO,2,http://iepct.mx/docs/ced/actas21/d15/ACTA_18_PERM_09-06-2021_15.pdf,MORENA
2,27,TABASCO,,,12,MACUSPANA,,,SIND,MORENA,2,ETHEL VICTORIA CORDOVA GIL,2,,MORENA
1,27,TABASCO,,,13,NACAJUCA,,,SIND,MORENA,2,CARLOS OVANDO LAZARO,1,,MORENA
1,27,TABASCO,,,14,PARAISO,,,SIND,PRD,2,FRANCISCO DE LA CRUZ MINAYA,1,,PRD
2,27,TABASCO,,,15,TACOTALPA,,,SIND,MC,2,NATALIA GUADALUPE SILVAN MENDEZ,2,http://iepct.mx/docs/ced/actas21/d11/ACTA_19_PERM_09-06-2021_11.pdf,MC
2,27,TABASCO,,,16,TEAPA,,,SIND,MORENA,2,JUAN CARLOS MOLLINEDO MOLLINEDO,1,http://iepct.mx/docs/ced/actas21/d21/acta_18_perm_09-06-2021_21.pdf,MORENA
2,27,TABASCO,,,17,TENOSIQUE,,,SIND,MORENA,2,LETICIA MONJARAZ LOPEZ,2,,MORENA
2,27,TABASCO,,,1,BALANCAN,,,REG_MR,MORENA,3,ROSA MARIA VELA PLIEGO,2,,MORENA
1,27,TABASCO,,,2,CARDENAS,,,REG_MR,MORENA,3,VALERIA DEL CARMEN GUZMAN PALMA,2,,MORENA
1,27,TABASCO,,,3,CENTLA,,,REG_MR,MORENA,3,KARLA JULIANA MEZQUITA TADEO,2,,MORENA
2,27,TABASCO,,,4,CENTRO,,,REG_MR,MORENA,3,KARLA VICTORIA DURAN SANCHEZ,2,,MORENA
1,27,TABASCO,,,5,COMALCALCO,,,REG_MR,MORENA,3,ESTEFANIA SANTOS GIL,2,,MORENA
1,27,TABASCO,,,6,CUNDUACAN,,,REG_MR,(CAND_IND4) JESUS ABRAHAM CANO GONZALEZ,3,AIDE LUBIA FUENTES GOMEZ,2,,(CAND_IND4) JESUS ABRAHAM CANO GONZALEZ
2,27,TABASCO,,,7,EMILIANO ZAPATA,,,REG_MR,MORENA,3,ANA CATALINA ALAMINA ARGAIZ,2,,MORENA
1,27,TABASCO,,,8,HUIMANGUILLO,,,REG_MR,MORENA,3,CARILIN DE JESUS SALAYA ARIAS,2,,MORENA
2,27,TABASCO,,,9,JALAPA,,,REG_MR,MORENA,3,EVA LETICIA LOPEZ ANDRADE,2,http://iepct.mx/docs/ced/actas21/d11/ACTA_19_PERM_09-06-2021_11.pdf,MORENA
1,27,TABASCO,,,10,JALPA DE MENDEZ,,,REG_MR,MORENA,3,ANAHI OLAN MARTINEZ,2,,MORENA
2,27,TABASCO,,,11,JONUTA,,,REG_MR,MORENA,3,ELIDIA KRISTELL RAMIREZ JUAREZ,2,http://iepct.mx/docs/ced/actas21/d15/ACTA_18_PERM_09-06-2021_15.pdf,MORENA
2,27,TABASCO,,,12,MACUSPANA,,,REG_MR,MORENA,3,REYNA NATIVIDAD JIMENEZ REYES,2,,MORENA
1,27,TABASCO,,,13,NACAJUCA,,,REG_MR,MORENA,3,GABY DEL CARMEN RODRIGUEZ RODRIGUEZ,2,,MORENA
1,27,TABASCO,,,14,PARAISO,,,REG_MR,PRD,3,OSIRIS MORALES PEREZ,2,,PRD
2,27,TABASCO,,,15,TACOTALPA,,,REG_MR,MC,3,MIRIAM NORIEGA CANO,2,http://iepct.mx/docs/ced/actas21/d11/ACTA_19_PERM_09-06-2021_11.pdf,MC
2,27,TABASCO,,,16,TEAPA,,,REG_MR,MORENA,3,MARIANA ITTAI BALBOA GONZALEZ,2,http://iepct.mx/docs/ced/actas21/d21/acta_18_perm_09-06-2021_21.pdf,MORENA
2,27,TABASCO,,,17,TENOSIQUE,,,REG_MR,MORENA,3,ANAHY GUADALUPE LOPEZ JIMENEZ,2,,MORENA
2,27,TABASCO,1,TENOSIQUE,,,,,DIP_LOC_MR,MORENA,1,DOLORES DEL CARMEN ZUBIETA RUIZ,2,,MORENA
1,27,TABASCO,2,CARDENAS,,,,,DIP_LOC_MR,MORENA,1,DARIANA LEMARROY DE LA FUENTE,2,http://iepct.mx/docs/ced/actas21/d02/acta_17-perm-09-06-2021_2.pdf,MORENA
1,27,TABASCO,3,CARDENAS,,,,,DIP_LOC_MR,MORENA,1,EUCLIDES ALEJANDRO ALEJANDRO,1,http://iepct.mx/docs/ced/actas21/d03/acta-16-perm-09-06-2021_3.pdf,MORENA
1,27,TABASCO,4,HUIMANGUILLO,,,,,DIP_LOC_MR,MORENA,1,RITA DEL CARMEN GALVEZ BONORA,2,,MORENA
1,27,TABASCO,5,CENTLA,,,,,DIP_LOC_MR,MORENA,1,ISABEL YAZMIN ORUETA HERNANDEZ,2,,MORENA
2,27,TABASCO,6,CENTRO,,,,,DIP_LOC_MR,MORENA,1,JORGE ORLANDO BRACAMONTE HERNANDEZ,1,http://iepct.mx/docs/ced/actas21/d06/ACTA_18_ESP_PER-09-06-2021_6.pdf,MORENA
2,27,TABASCO,7,CENTRO,,,,,DIP_LOC_MR,MORENA,1,JOSE DE JESUS HERNANDEZ DIAZ,1,http://iepct.mx/docs/ced/actas21/d07/acta_16_perm-09-06-2021_7.pdf,MORENA
2,27,TABASCO,8,CENTRO,,,,,DIP_LOC_MR,MORENA,1,ANA ISABEL NUÑEZ DE DIOS,2,,MORENA
2,27,TABASCO,9,CENTRO,,,,,DIP_LOC_MR,MORENA,1,KARLA ALEJANDRA GARRIDO PERERA,2,http://iepct.mx/docs/ced/actas21/d09/ACTA_19_PERM_09-06-2021_9.pdf,MORENA
2,27,TABASCO,10,CENTRO,,,,,DIP_LOC_MR,MORENA,1,JAIME HUMBERTO LASTRA BASTAR,1,http://iepct.mx/docs/ced/actas21/d10/ACTA_17_PERM_09-06-2021_10.pdf,MORENA
2,27,TABASCO,11,TACOTALPA,,,,,DIP_LOC_MR,MORENA,1,LUIS ROBERTO SALINAS FALCON,1,http://iepct.mx/docs/ced/actas21/d11/ACTA_19_PERM_09-06-2021_11.pdf,MORENA
2,27,TABASCO,12,CENTRO,,,,,DIP_LOC_MR,MORENA,1,MARIA DE LOURDES MORALES LOPEZ,2,http://iepct.mx/docs/ced/actas21/d12/ced_12_constancia_diputado_12.pdf,MORENA
1,27,TABASCO,13,COMALCALCO,,,,,DIP_LOC_MR,MORENA,1,MARLENE MARTINEZ RUIZ,2,,MORENA
1,27,TABASCO,14,CUNDUACAN,,,,,DIP_LOC_MR,MORENA,1,JESUS ANTONIO OCHOA HERNANDEZ,1,http://iepct.mx/docs/ced/actas21/d14/ACTA_16_PERM_09-06-2021_14.pdf,MORENA
2,27,TABASCO,15,EMILIANO ZAPATA,,,,,DIP_LOC_MR,MORENA,1,RAFAEL ELIAS SANCHEZ CABRALES,1,http://iepct.mx/docs/ced/actas21/d15/ACTA_18_PERM_09-06-2021_15.pdf,MORENA
1,27,TABASCO,16,HUIMANGUILLO,,,,,DIP_LOC_MR,MORENA,1,DIANA LAURA RODRIGUEZ MORALES,2,,MORENA
1,27,TABASCO,17,JALPA DE MENDEZ,,,,,DIP_LOC_MR,MORENA,1,JESUS SELVAN GARCIA,1,,MORENA
2,27,TABASCO,18,MACUSPANA,,,,,DIP_LOC_MR,MORENA,1,ROSANA ARCIA FELIX,2,,MORENA
1,27,TABASCO,19,NACAJUCA,,,,,DIP_LOC_MR,MORENA,1,DAVID GOMEZ CERINO,1,,MORENA
1,27,TABASCO,20,PARAISO,,,,,DIP_LOC_MR,MORENA,1,LAURA PATRICIA AVALOS MAGAÑA,2,,MORENA
2,27,TABASCO,21,CENTRO,,,,,DIP_LOC_MR,MORENA,1,EMILIO ANTONIO CONTRERAS MARTINEZ DE ESCOBAR,1,http://iepct.mx/docs/ced/actas21/d21/acta_18_perm_09-06-2021_21.pdf,MORENA
1,27,TABASCO,,CARDENAS,,,,,DIP_LOC_RP,PRD,1,SHIRLEY HERRERA DAGDUG,2,http://iepct.mx/docs/acuerdos/CE-2021-074.pdf,PRD
1,27,TABASCO,,CARDENAS,,,,,DIP_LOC_RP,PRD,2,HECTOR PERALTA GRAPPIN,1,http://iepct.mx/docs/acuerdos/CE-2021-074.pdf,PRD
1,27,TABASCO,,CARDENAS,,,,,DIP_LOC_RP,PRD,3,BEATRIZ VASCONCELOS PEREZ,2,http://iepct.mx/docs/acuerdos/CE-2021-074.pdf,PRD
1,27,TABASCO,,CARDENAS,,,,,DIP_LOC_RP,PRD,4,JOSE PABLO FLORES MORALES,1,http://iepct.mx/docs/acuerdos/CE-2021-074.pdf,PRD
1,27,TABASCO,,CARDENAS,,,,,DIP_LOC_RP,PRD,5,JOANDRA MONTSERRAT RODRIGUEZ PEREZ,2,http://iepct.mx/docs/acuerdos/CE-2021-074.pdf,PRD
1,27,TABASCO,,CARDENAS,,,,,DIP_LOC_RP,PRI,1,SORAYA PEREZ MUNGUIA,2,http://iepct.mx/docs/acuerdos/CE-2021-074.pdf,PRI
1,27,TABASCO,,CARDENAS,,,,,DIP_LOC_RP,PVEM,1,MIGUEL ANGEL MOHENO PIÑERA,1,http://iepct.mx/docs/acuerdos/CE-2021-074.pdf,PVEM
2,27,TABASCO,,CENTRO,,,,,DIP_LOC_RP,PRD,1,JUAN ALVAREZ CARRILLO,1,http://iepct.mx/docs/acuerdos/CE-2021-074.pdf,PRD
2,27,TABASCO,,CENTRO,,,,,DIP_LOC_RP,PRI,1,MARITZA  MALLELY JIMENEZ PEREZ,2,http://iepct.mx/docs/acuerdos/CE-2021-074.pdf,PRI
2,27,TABASCO,,CENTRO,,,,,DIP_LOC_RP,PRI,2,FABIAN GRANIER CALLES,1,http://iepct.mx/docs/acuerdos/CE-2021-074.pdf,PRI
2,27,TABASCO,,CENTRO,,,,,DIP_LOC_RP,PRI,3,KATIA ORNELAS GIL,2,http://iepct.mx/docs/acuerdos/CE-2021-074.pdf,PRI
2,27,TABASCO,,CENTRO,,,,,DIP_LOC_RP,PVEM,1,NORMA ARACELI ARANGUREN ROSIQUE,2,http://iepct.mx/docs/acuerdos/CE-2021-074.pdf,PVEM
2,27,TABASCO,,CENTRO,,,,,DIP_LOC_RP,PVEM,2,MIGUEL ARMANDO VELEZ MIER Y CONCHA,1,http://iepct.mx/docs/acuerdos/CE-2021-074.pdf,PVEM
2,27,TABASCO,,CENTRO,,,,,DIP_LOC_RP,MC,1,CASILDA RUIZ AGUSTIN,2,http://iepct.mx/docs/acuerdos/CE-2021-074.pdf,MC
