ID_ESTADO,NOMBRE_ESTADO,TERRITORIO,SECCIONES,CASILLAS,PAN,APM,PBT,NVA_ALIANZA,ASDC,NUM_VOTOS_CAN_NREG,NUM_VOTOS_NULOS,TOTAL_VOTOS,LISTA_NOMINAL,PARTICIPACION,OBSERVACIONES
1,AGUASCALIENTES,VOTO EN EL EXTRANJERO,,,221,16,69,0,13,0,0,319,412,0.7743,"Resultados de los Cómputos Distritales de Presidente de los EUM 
realizados por los Consejos Distritales del IFE sin las modificaciones derivados de la anulación y recuento de la votación de casillas determinados por el TEPJF."
1,AGUASCALIENTES,VOTO EN TERRITORIO NACIONAL,590,1226,193367,97497,89851,5597,16262,3335,7669,413578,703288,0.5881,"Resultados de los Cómputos Distritales de Presidente de los EUM 
realizados por los Consejos Distritales del IFE sin las modificaciones derivados de la anulación y recuento de la votación de casillas determinados por el TEPJF."
2,BAJA CALIFORNIA,VOTO EN EL EXTRANJERO,,,807,69,410,9,25,1,16,1337,1582,0.8451,"Resultados de los Cómputos Distritales de Presidente de los EUM 
realizados por los Consejos Distritales del IFE sin las modificaciones derivados de la anulación y recuento de la votación de casillas determinados por el TEPJF."
2,BAJA CALIFORNIA,VOTO EN TERRITORIO NACIONAL,1518,3543,449379,203164,223865,13513,35892,6487,17083,949383,2022729,0.4694,"Resultados de los Cómputos Distritales de Presidente de los EUM 
realizados por los Consejos Distritales del IFE sin las modificaciones derivados de la anulación y recuento de la votación de casillas determinados por el TEPJF."
3,BAJA CALIFORNIA SUR,VOTO EN EL EXTRANJERO,,,34,1,12,0,4,0,0,51,63,0.8095,"Resultados de los Cómputos Distritales de Presidente de los EUM 
realizados por los Consejos Distritales del IFE sin las modificaciones derivados de la anulación y recuento de la votación de casillas determinados por el TEPJF."
3,BAJA CALIFORNIA SUR,VOTO EN TERRITORIO NACIONAL,349,662,62093,29873,77863,1475,5466,1225,2801,180796,329889,0.5481,"Resultados de los Cómputos Distritales de Presidente de los EUM 
realizados por los Consejos Distritales del IFE sin las modificaciones derivados de la anulación y recuento de la votación de casillas determinados por el TEPJF."
4,CAMPECHE,VOTO EN EL EXTRANJERO,,,20,0,16,0,0,0,0,36,40,0.9,"Resultados de los Cómputos Distritales de Presidente de los EUM 
realizados por los Consejos Distritales del IFE sin las modificaciones derivados de la anulación y recuento de la votación de casillas determinados por el TEPJF."
4,CAMPECHE,VOTO EN TERRITORIO NACIONAL,489,927,99506,87412,101176,8470,4756,1652,9514,312486,483204,0.6467,"Resultados de los Cómputos Distritales de Presidente de los EUM 
realizados por los Consejos Distritales del IFE sin las modificaciones derivados de la anulación y recuento de la votación de casillas determinados por el TEPJF."
5,COAHUILA,VOTO EN EL EXTRANJERO,,,317,21,112,2,13,0,0,465,584,0.7962,"Resultados de los Cómputos Distritales de Presidente de los EUM 
realizados por los Consejos Distritales del IFE sin las modificaciones derivados de la anulación y recuento de la votación de casillas determinados por el TEPJF."
5,COAHUILA,VOTO EN TERRITORIO NACIONAL,1530,3087,400577,245939,225005,8410,26437,8192,14919,929479,1707320,0.5444,"Resultados de los Cómputos Distritales de Presidente de los EUM 
realizados por los Consejos Distritales del IFE sin las modificaciones derivados de la anulación y recuento de la votación de casillas determinados por el TEPJF."
6,COLIMA,VOTO EN EL EXTRANJERO,,,167,23,82,0,5,0,0,277,345,0.8029,"Resultados de los Cómputos Distritales de Presidente de los EUM 
realizados por los Consejos Distritales del IFE sin las modificaciones derivados de la anulación y recuento de la votación de casillas determinados por el TEPJF."
6,COLIMA,VOTO EN TERRITORIO NACIONAL,336,760,107713,76563,61352,1567,5279,784,4591,257849,409940,0.629,"Resultados de los Cómputos Distritales de Presidente de los EUM 
realizados por los Consejos Distritales del IFE sin las modificaciones derivados de la anulación y recuento de la votación de casillas determinados por el TEPJF."
7,CHIAPAS,VOTO EN EL EXTRANJERO,,,47,11,58,0,3,0,2,121,169,0.716,"Resultados de los Cómputos Distritales de Presidente de los EUM 
realizados por los Consejos Distritales del IFE sin las modificaciones derivados de la anulación y recuento de la votación de casillas determinados por el TEPJF."
7,CHIAPAS,VOTO EN TERRITORIO NACIONAL,1926,4772,215311,427340,551691,7378,15062,8395,47325,1272502,2593875,0.4906,"Resultados de los Cómputos Distritales de Presidente de los EUM 
realizados por los Consejos Distritales del IFE sin las modificaciones derivados de la anulación y recuento de la votación de casillas determinados por el TEPJF."
8,CHIHUAHUA,VOTO EN EL EXTRANJERO,,,721,43,204,7,27,0,2,1004,1235,0.813,"Resultados de los Cómputos Distritales de Presidente de los EUM 
realizados por los Consejos Distritales del IFE sin las modificaciones derivados de la anulación y recuento de la votación de casillas determinados por el TEPJF."
8,CHIHUAHUA,VOTO EN TERRITORIO NACIONAL,2909,4733,523193,341873,211865,20368,31387,6540,25403,1160629,2381225,0.4874,"Resultados de los Cómputos Distritales de Presidente de los EUM 
realizados por los Consejos Distritales del IFE sin las modificaciones derivados de la anulación y recuento de la votación de casillas determinados por el TEPJF."
9,DISTRITO FEDERAL,VOTO EN EL EXTRANJERO,,,2747,121,2305,14,183,10,22,5402,6281,0.8601,"Resultados de los Cómputos Distritales de Presidente de los EUM 
realizados por los Consejos Distritales del IFE sin las modificaciones derivados de la anulación y recuento de la votación de casillas determinados por el TEPJF."
9,DISTRITO FEDERAL,VOTO EN TERRITORIO NACIONAL,5533,12208,1322727,413523,2810807,27138,175334,14823,69531,4833883,7104837,0.6804,"Resultados de los Cómputos Distritales de Presidente de los EUM 
realizados por los Consejos Distritales del IFE sin las modificaciones derivados de la anulación y recuento de la votación de casillas determinados por el TEPJF."
10,DURANGO,VOTO EN EL EXTRANJERO,,,336,33,92,2,9,0,1,473,616,0.7679,"Resultados de los Cómputos Distritales de Presidente de los EUM 
realizados por los Consejos Distritales del IFE sin las modificaciones derivados de la anulación y recuento de la votación de casillas determinados por el TEPJF."
10,DURANGO,VOTO EN TERRITORIO NACIONAL,1378,2232,254893,153957,128789,5767,11179,6113,10872,571570,1051436,0.5436,"Resultados de los Cómputos Distritales de Presidente de los EUM 
realizados por los Consejos Distritales del IFE sin las modificaciones derivados de la anulación y recuento de la votación de casillas determinados por el TEPJF."
11,GUANAJUATO,VOTO EN EL EXTRANJERO,,,1546,71,372,1,68,1,258,2317,2793,0.8296,"Resultados de los Cómputos Distritales de Presidente de los EUM 
realizados por los Consejos Distritales del IFE sin las modificaciones derivados de la anulación y recuento de la votación de casillas determinados por el TEPJF."
11,GUANAJUATO,VOTO EN TERRITORIO NACIONAL,3029,6122,1153857,368718,301091,18610,49685,17135,49638,1958734,3422288,0.5723,"Resultados de los Cómputos Distritales de Presidente de los EUM 
realizados por los Consejos Distritales del IFE sin las modificaciones derivados de la anulación y recuento de la votación de casillas determinados por el TEPJF."
12,GUERRERO,VOTO EN EL EXTRANJERO,,,280,35,514,2,15,0,2,848,1117,0.7592,"Resultados de los Cómputos Distritales de Presidente de los EUM 
realizados por los Consejos Distritales del IFE sin las modificaciones derivados de la anulación y recuento de la votación de casillas determinados por el TEPJF."
12,GUERRERO,VOTO EN TERRITORIO NACIONAL,2760,4471,159973,263020,509703,10491,16794,7132,24170,991283,2134096,0.4645,"Resultados de los Cómputos Distritales de Presidente de los EUM 
realizados por los Consejos Distritales del IFE sin las modificaciones derivados de la anulación y recuento de la votación de casillas determinados por el TEPJF."
13,HIDALGO,VOTO EN EL EXTRANJERO,,,216,23,260,2,10,1,2,514,721,0.7129,"Resultados de los Cómputos Distritales de Presidente de los EUM 
realizados por los Consejos Distritales del IFE sin las modificaciones derivados de la anulación y recuento de la votación de casillas determinados por el TEPJF."
13,HIDALGO,VOTO EN TERRITORIO NACIONAL,1706,3049,251556,235903,385490,15358,25692,6443,24634,945076,1621006,0.583,"Resultados de los Cómputos Distritales de Presidente de los EUM 
realizados por los Consejos Distritales del IFE sin las modificaciones derivados de la anulación y recuento de la votación de casillas determinados por el TEPJF."
14,JALISCO,VOTO EN EL EXTRANJERO,,,2913,169,939,14,119,0,28,4182,5047,0.8286,"Resultados de los Cómputos Distritales de Presidente de los EUM 
realizados por los Consejos Distritales del IFE sin las modificaciones derivados de la anulación y recuento de la votación de casillas determinados por el TEPJF."
14,JALISCO,VOTO EN TERRITORIO NACIONAL,3344,8091,1432421,705756,558327,37725,93717,16537,61701,2906184,4706352,0.6175,"Resultados de los Cómputos Distritales de Presidente de los EUM 
realizados por los Consejos Distritales del IFE sin las modificaciones derivados de la anulación y recuento de la votación de casillas determinados por el TEPJF."
15,MEXICO,VOTO EN EL EXTRANJERO,,,1753,98,1369,19,104,2,5,3350,4149,0.8074,"Resultados de los Cómputos Distritales de Presidente de los EUM 
realizados por los Consejos Distritales del IFE sin las modificaciones derivados de la anulación y recuento de la votación de casillas determinados por el TEPJF."
15,MEXICO,VOTO EN TERRITORIO NACIONAL,6154,15515,1769762,1033012,2467724,61475,215753,48073,101883,5697682,9151247,0.6226,"Resultados de los Cómputos Distritales de Presidente de los EUM 
realizados por los Consejos Distritales del IFE sin las modificaciones derivados de la anulación y recuento de la votación de casillas determinados por el TEPJF."
16,MICHOACAN,VOTO EN EL EXTRANJERO,,,1342,121,1132,13,50,1,2,2661,3368,0.7901,"Resultados de los Cómputos Distritales de Presidente de los EUM 
realizados por los Consejos Distritales del IFE sin las modificaciones derivados de la anulación y recuento de la votación de casillas determinados por el TEPJF."
16,MICHOACAN,VOTO EN TERRITORIO NACIONAL,2675,5415,514258,283036,614403,8216,29901,10779,31843,1492436,2948746,0.5061,"Resultados de los Cómputos Distritales de Presidente de los EUM 
realizados por los Consejos Distritales del IFE sin las modificaciones derivados de la anulación y recuento de la votación de casillas determinados por el TEPJF."
17,MORELOS,VOTO EN EL EXTRANJERO,,,413,32,368,5,26,0,1,845,1053,0.8025,"Resultados de los Cómputos Distritales de Presidente de los EUM 
realizados por los Consejos Distritales del IFE sin las modificaciones derivados de la anulación y recuento de la votación de casillas determinados por el TEPJF."
17,MORELOS,VOTO EN TERRITORIO NACIONAL,907,2062,225927,111086,312447,12124,24710,6901,15061,708256,1175545,0.6025,"Resultados de los Cómputos Distritales de Presidente de los EUM 
realizados por los Consejos Distritales del IFE sin las modificaciones derivados de la anulación y recuento de la votación de casillas determinados por el TEPJF."
18,NAYARIT,VOTO EN EL EXTRANJERO,,,176,25,138,0,7,0,2,348,432,0.8056,"Resultados de los Cómputos Distritales de Presidente de los EUM 
realizados por los Consejos Distritales del IFE sin las modificaciones derivados de la anulación y recuento de la votación de casillas determinados por el TEPJF."
18,NAYARIT,VOTO EN TERRITORIO NACIONAL,876,1392,68921,123259,152861,3840,7723,1919,6976,365499,673555,0.5426,"Resultados de los Cómputos Distritales de Presidente de los EUM 
realizados por los Consejos Distritales del IFE sin las modificaciones derivados de la anulación y recuento de la votación de casillas determinados por el TEPJF."
19,NUEVO LEON,VOTO EN EL EXTRANJERO,,,1023,55,212,11,44,7,1,1353,1799,0.7521,"Resultados de los Cómputos Distritales de Presidente de los EUM 
realizados por los Consejos Distritales del IFE sin las modificaciones derivados de la anulación y recuento de la votación de casillas determinados por el TEPJF."
19,NUEVO LEON,VOTO EN TERRITORIO NACIONAL,2136,5054,863983,488347,282172,31101,51716,11336,39210,1767865,2945733,0.6001,"Resultados de los Cómputos Distritales de Presidente de los EUM 
realizados por los Consejos Distritales del IFE sin las modificaciones derivados de la anulación y recuento de la votación de casillas determinados por el TEPJF."
20,OAXACA,VOTO EN EL EXTRANJERO,,,296,22,355,5,18,0,2,698,889,0.7852,"Resultados de los Cómputos Distritales de Presidente de los EUM 
realizados por los Consejos Distritales del IFE sin las modificaciones derivados de la anulación y recuento de la votación de casillas determinados por el TEPJF."
20,OAXACA,VOTO EN TERRITORIO NACIONAL,2450,4482,226008,428004,619707,5615,19464,7672,42015,1348485,2322060,0.5807,"Resultados de los Cómputos Distritales de Presidente de los EUM 
realizados por los Consejos Distritales del IFE sin las modificaciones derivados de la anulación y recuento de la votación de casillas determinados por el TEPJF."
21,PUEBLA,VOTO EN EL EXTRANJERO,,,632,66,532,1,32,0,35,1298,1631,0.7958,"Resultados de los Cómputos Distritales de Presidente de los EUM 
realizados por los Consejos Distritales del IFE sin las modificaciones derivados de la anulación y recuento de la votación de casillas determinados por el TEPJF."
21,PUEBLA,VOTO EN TERRITORIO NACIONAL,2550,6021,743199,460117,639127,20417,50202,16227,53579,1982868,3434888,0.5773,"Resultados de los Cómputos Distritales de Presidente de los EUM 
realizados por los Consejos Distritales del IFE sin las modificaciones derivados de la anulación y recuento de la votación de casillas determinados por el TEPJF."
22,QUERETARO,VOTO EN EL EXTRANJERO,,,331,19,110,3,11,0,103,577,571,1.0105,"Resultados de los Cómputos Distritales de Presidente de los EUM 
realizados por los Consejos Distritales del IFE sin las modificaciones derivados de la anulación y recuento de la votación de casillas determinados por el TEPJF."
22,QUERETARO,VOTO EN TERRITORIO NACIONAL,757,1803,322644,133169,160273,6025,16525,5823,15348,659807,1032543,0.639,"Resultados de los Cómputos Distritales de Presidente de los EUM 
realizados por los Consejos Distritales del IFE sin las modificaciones derivados de la anulación y recuento de la votación de casillas determinados por el TEPJF."
23,QUINTANA ROO,VOTO EN EL EXTRANJERO,,,71,14,48,2,3,0,0,138,151,0.9139,"Resultados de los Cómputos Distritales de Presidente de los EUM 
realizados por los Consejos Distritales del IFE sin las modificaciones derivados de la anulación y recuento de la votación de casillas determinados por el TEPJF."
23,QUINTANA ROO,VOTO EN TERRITORIO NACIONAL,442,1151,111414,105072,147791,2766,8798,2729,7014,385584,675733,0.5706,"Resultados de los Cómputos Distritales de Presidente de los EUM 
realizados por los Consejos Distritales del IFE sin las modificaciones derivados de la anulación y recuento de la votación de casillas determinados por el TEPJF."
24,SAN LUIS POTOSI,VOTO EN EL EXTRANJERO,,,427,47,173,3,16,1,1,668,955,0.6995,"Resultados de los Cómputos Distritales de Presidente de los EUM 
realizados por los Consejos Distritales del IFE sin las modificaciones derivados de la anulación y recuento de la votación de casillas determinados por el TEPJF."
24,SAN LUIS POTOSI,VOTO EN TERRITORIO NACIONAL,1790,3087,461902,207555,204810,8357,23632,7469,37331,951056,1591181,0.5977,"Resultados de los Cómputos Distritales de Presidente de los EUM 
realizados por los Consejos Distritales del IFE sin las modificaciones derivados de la anulación y recuento de la votación de casillas determinados por el TEPJF."
25,SINALOA,VOTO EN EL EXTRANJERO,,,286,20,138,0,9,0,8,461,584,0.7894,"Resultados de los Cómputos Distritales de Presidente de los EUM 
realizados por los Consejos Distritales del IFE sin las modificaciones derivados de la anulación y recuento de la votación de casillas determinados por el TEPJF."
25,SINALOA,VOTO EN TERRITORIO NACIONAL,3763,4292,363175,263533,301571,6717,20611,5397,19219,980223,1731512,0.5661,"Resultados de los Cómputos Distritales de Presidente de los EUM 
realizados por los Consejos Distritales del IFE sin las modificaciones derivados de la anulación y recuento de la votación de casillas determinados por el TEPJF."
26,SONORA,VOTO EN EL EXTRANJERO,,,368,32,132,2,14,0,1,549,679,0.8085,"Resultados de los Cómputos Distritales de Presidente de los EUM 
realizados por los Consejos Distritales del IFE sin las modificaciones derivados de la anulación y recuento de la votación de casillas determinados por el TEPJF."
26,SONORA,VOTO EN TERRITORIO NACIONAL,1354,3004,467920,175333,239982,6912,23173,3724,16734,933778,1668724,0.5596,"Resultados de los Cómputos Distritales de Presidente de los EUM 
realizados por los Consejos Distritales del IFE sin las modificaciones derivados de la anulación y recuento de la votación de casillas determinados por el TEPJF."
27,TABASCO,VOTO EN EL EXTRANJERO,,,24,25,70,0,1,0,1,121,160,0.7563,"Resultados de los Cómputos Distritales de Presidente de los EUM 
realizados por los Consejos Distritales del IFE sin las modificaciones derivados de la anulación y recuento de la votación de casillas determinados por el TEPJF."
27,TABASCO,VOTO EN TERRITORIO NACIONAL,1133,2402,31951,344501,512673,1906,4260,1582,14119,910992,1335294,0.6822,"Resultados de los Cómputos Distritales de Presidente de los EUM 
realizados por los Consejos Distritales del IFE sin las modificaciones derivados de la anulación y recuento de la votación de casillas determinados por el TEPJF."
28,TAMAULIPAS,VOTO EN EL EXTRANJERO,,,452,41,192,4,11,2,2,704,991,0.7104,"Resultados de los Cómputos Distritales de Presidente de los EUM 
realizados por los Consejos Distritales del IFE sin las modificaciones derivados de la anulación y recuento de la votación de casillas determinados por el TEPJF."
28,TAMAULIPAS,VOTO EN TERRITORIO NACIONAL,1735,3963,505725,317808,324299,12420,25014,15851,24101,1225218,2224138,0.5509,"Resultados de los Cómputos Distritales de Presidente de los EUM 
realizados por los Consejos Distritales del IFE sin las modificaciones derivados de la anulación y recuento de la votación de casillas determinados por el TEPJF."
29,TLAXCALA,VOTO EN EL EXTRANJERO,,,66,7,58,0,2,2,2,137,169,0.8107,"Resultados de los Cómputos Distritales de Presidente de los EUM 
realizados por los Consejos Distritales del IFE sin las modificaciones derivados de la anulación y recuento de la votación de casillas determinados por el TEPJF."
29,TLAXCALA,VOTO EN TERRITORIO NACIONAL,608,1252,140062,59665,180429,3426,11128,6502,8881,410093,704479,0.5821,"Resultados de los Cómputos Distritales de Presidente de los EUM 
realizados por los Consejos Distritales del IFE sin las modificaciones derivados de la anulación y recuento de la votación de casillas determinados por el TEPJF."
30,VERACRUZ,VOTO EN EL EXTRANJERO,,,480,47,373,6,31,0,51,988,1191,0.8296,"Resultados de los Cómputos Distritales de Presidente de los EUM 
realizados por los Consejos Distritales del IFE sin las modificaciones derivados de la anulación y recuento de la votación de casillas determinados por el TEPJF."
30,VERACRUZ,VOTO EN TERRITORIO NACIONAL,4715,9164,1006196,727591,1036121,17771,55940,25396,72361,2941376,4874486,0.6034,"Resultados de los Cómputos Distritales de Presidente de los EUM 
realizados por los Consejos Distritales del IFE sin las modificaciones derivados de la anulación y recuento de la votación de casillas determinados por el TEPJF."
31,YUCATAN,VOTO EN EL EXTRANJERO,,,110,8,41,0,5,1,0,165,200,0.825,"Resultados de los Cómputos Distritales de Presidente de los EUM 
realizados por los Consejos Distritales del IFE sin las modificaciones derivados de la anulación y recuento de la votación de casillas determinados por el TEPJF."
31,YUCATAN,VOTO EN TERRITORIO NACIONAL,1078,2152,364243,260108,125111,4504,12957,6783,15284,788990,1178519,0.6695,"Resultados de los Cómputos Distritales de Presidente de los EUM 
realizados por los Consejos Distritales del IFE sin las modificaciones derivados de la anulación y recuento de la votación de casillas determinados por el TEPJF."
32,ZACATECAS,VOTO EN EL EXTRANJERO,,,394,45,202,1,9,0,73,724,899,0.8053,"Resultados de los Cómputos Distritales de Presidente de los EUM 
realizados por los Consejos Distritales del IFE sin las modificaciones derivados de la anulación y recuento de la votación de casillas determinados por el TEPJF."
32,ZACATECAS,VOTO EN TERRITORIO NACIONAL,1869,2394,167412,128347,186886,6217,13514,9004,13171,524551,993629,0.5279,"Resultados de los Cómputos Distritales de Presidente de los EUM 
realizados por los Consejos Distritales del IFE sin las modificaciones derivados de la anulación y recuento de la votación de casillas determinados por el TEPJF."
