ID_ESTADO,NOMBRE_ESTADO,ID_DISTRITO_LOCAL,CABECERA_DISTRITAL_LOCAL,SECCIONES,CASILLAS,PAN,PRI,PRD,PT,PVEM,MC,PCPP,PSI,MORENA,NAP,PES,RSP,FXM,NUM_VOTOS_VALIDOS,NUM_VOTOS_CAN_NREG,NUM_VOTOS_NULOS,TOTAL_VOTOS,LISTA_NOMINAL,RUTA_ACTA
21,PUEBLA,1,XICOTEPEC DE JUAREZ,106,295,11967,20976,2262,7577,5662,6908,,1661,33323,1565,6315,2015,2447,102678,93,5785,108556,159179,https://ieepuebla.org.mx/2021/actas/resultados/dip/MR/ACTA_ESCRUTINIO_Y_CÓMPUTO_DISTRITAL_DIP_01_MR.pdf
21,PUEBLA,2,HUAUCHINANGO DE DEGOLLADO,99,283,13020,15043,4810,3287,5467,20537,,1915,24484,5300,1156,1481,1855,98355,48,5269,103672,161848,https://ieepuebla.org.mx/2021/actas/resultados/dip/MR/ACTA_ESCRUTINIO_Y_CÓMPUTO_DISTRITAL_DIP_02_MR.pdf
21,PUEBLA,3,ZACATLAN,97,297,6962,28715,1516,4310,11717,4225,,2541,28900,3623,2162,4372,5862,104905,33,4878,109816,170774,https://ieepuebla.org.mx/2021/actas/resultados/dip/MR/ACTA_ESCRUTINIO_Y_CÓMPUTO_DISTRITAL_DIP_03_MR.pdf
21,PUEBLA,4,ZACAPOAXTLA,116,295,8878,33371,2490,7641,8723,5769,,2453,36986,3513,1550,1726,3649,116749,65,5771,122584,169631,https://www.ieepuebla.org.mx/2021/resoluciones/DOE/SCM-JRC-0263-2021_Y_ACUMULADOS.pdf
21,PUEBLA,5,TLATLAUQUITEPEC,109,285,12165,23782,2646,8147,6488,4376,758,3187,24906,8449,3083,907,4939,103833,30,4819,108682,162313,https://ieepuebla.org.mx/2021/actas/resultados/dip/MR/ACTA_ESCRUTINIO_Y_CÓMPUTO_DISTRITAL_DIP_05_MR.pdf
21,PUEBLA,6,TEZIUTLAN,95,280,19649,16609,1024,6970,2777,11278,5114,1126,26921,3450,2944,1867,4058,103787,55,4447,108289,169462,https://ieepuebla.org.mx/2021/actas/resultados/dip/MR/ACTA_ESCRUTINIO_Y_CÓMPUTO_DISTRITAL_DIP_06_MR.pdf
21,PUEBLA,7,SAN MARTIN TEXMELUCAN DE LABASTIDA,88,291,13805,7465,1609,6988,4973,6561,1997,2644,21164,3062,2741,1126,1613,75748,98,3720,79566,185250,https://ieepuebla.org.mx/2021/actas/resultados/dip/MR/ACTA_ESCRUTINIO_Y_CÓMPUTO_DISTRITAL_DIP_07_MR.pdf
21,PUEBLA,8,HUEJOTZINGO,80,293,8784,8427,5408,7536,3560,5009,2352,4238,29201,3071,4016,7945,3300,92847,78,4628,97553,189035,https://ieepuebla.org.mx/2021/actas/resultados/dip/MR/ACTA_ESCRUTINIO_Y_CÓMPUTO_DISTRITAL_DIP_08_MR.pdf
21,PUEBLA,9,HEROICA PUEBLA DE ZARAGOZA,75,307,31136,6094,1174,2602,2472,2288,1814,1784,35800,1080,1040,1124,1924,90332,105,3298,93735,202162,https://www.ieepuebla.org.mx/2021/resoluciones/DOE/RESOLUCION_TEEP-I-008-2021_TEEP-I-0009-2021_ACUMULADOS.pdf
21,PUEBLA,10,HEROICA PUEBLA DE ZARAGOZA,123,331,26328,7296,1164,2177,2463,2498,581,297,34126,1614,960,1462,848,81814,121,3147,85082,200703,https://ieepuebla.org.mx/2021/actas/resultados/dip/MR/ACTA_ESCRUTINIO_Y_CÓMPUTO_DISTRITAL_DIP_10_MR.pdf
21,PUEBLA,11,HEROICA PUEBLA DE ZARAGOZA,48,284,17144,7218,784,1589,1687,2770,476,828,30459,1826,846,803,1348,67778,65,3026,70869,191419,https://ieepuebla.org.mx/2021/actas/resultados/dip/MR/ACTA_ESCRUTINIO_Y_CÓMPUTO_DISTRITAL_DIP_11_MR.pdf
21,PUEBLA,12,AMOZOC DE MOTA,73,275,11923,8556,2147,6345,5182,7303,1691,2060,31777,8105,2374,5799,4264,97526,125,4754,102405,179906,https://www.ieepuebla.org.mx/2021/resoluciones/DOE/RESOLUCION_TEEP-I-002-2021.pdf
21,PUEBLA,13,TEPEACA,80,281,8137,17533,2688,9897,6819,5141,919,5395,35038,1419,1040,1873,1184,97083,99,4609,101791,172188,https://ieepuebla.org.mx/2021/actas/resultados/dip/MR/ACTA_ESCRUTINIO_Y_CÓMPUTO_DISTRITAL_DIP_13_MR.pdf
21,PUEBLA,14,CIUDAD SERDAN,108,291,18859,15232,1733,5416,13381,17080,3316,2877,24737,3548,1468,836,2541,111024,39,5122,116185,167186,https://ieepuebla.org.mx/2021/actas/resultados/dip/MR/ACTA_ESCRUTINIO_Y_CÓMPUTO_DISTRITAL_DIP_14_MR.pdf
21,PUEBLA,15,TECAMACHALCO,75,266,8855,10281,3990,3261,9823,2585,1556,14735,26466,6182,1188,2126,2667,93715,41,4133,97889,164488,https://ieepuebla.org.mx/2021/actas/resultados/dip/MR/ACTA_ESCRUTINIO_Y_CÓMPUTO_DISTRITAL_DIP_15_MR.pdf
21,PUEBLA,16,HEROICA PUEBLA DE ZARAGOZA,125,336,34455,9133,1084,2089,2760,2370,452,748,34855,1210,1442,771,2047,93416,79,3417,96912,203121,https://ieepuebla.org.mx/2021/actas/resultados/dip/MR/ACTA_ESCRUTINIO_Y_CÓMPUTO_DISTRITAL_DIP_16_MR.pdf
21,PUEBLA,17,HEROICA PUEBLA DE ZARAGOZA,223,411,52834,9508,1363,1747,3295,2489,849,502,33843,1338,1087,791,1615,111261,148,3218,114627,213977,https://ieepuebla.org.mx/2021/actas/resultados/dip/MR/ACTA_ESCRUTINIO_Y_CÓMPUTO_DISTRITAL_DIP_17_MR.pdf
21,PUEBLA,18,CHOLULA DE RIVADAVIA,84,327,44059,7625,1548,1801,2783,3181,2172,1090,30418,932,5577,1232,3451,105869,212,4199,110280,208857,https://ieepuebla.org.mx/2021/actas/resultados/dip/MR/ACTA_ESCRUTINIO_Y_CÓMPUTO_DISTRITAL_DIP_18_MR.pdf
21,PUEBLA,19,HEROICA PUEBLA DE ZARAGOZA,116,325,27285,6875,1207,1952,3613,3486,5063,1209,34597,2513,1027,924,1310,91061,102,3769,94932,202749,https://www.ieepuebla.org.mx/2021/resoluciones/DOE/RESOLUCION_TEEP-I-001-2021_TEEP-JDC-131-2021_ACUMULADOS.pdf
21,PUEBLA,20,HEROICA PUEBLA DE ZARAGOZA,78,295,18603,10425,1690,3902,2069,1658,542,840,28143,914,875,859,1418,71938,53,3398,75389,193838,https://ieepuebla.org.mx/2021/actas/resultados/dip/MR/ACTA_ESCRUTINIO_Y_CÓMPUTO_DISTRITAL_DIP_20_MR.pdf
21,PUEBLA,21,ATLIXCO,119,314,19008,11832,4158,5690,3721,2858,569,1607,35339,3246,2049,1647,2529,94253,45,4181,98479,187124,https://ieepuebla.org.mx/2021/actas/resultados/dip/MR/ACTA_ESCRUTINIO_Y_CÓMPUTO_DISTRITAL_DIP_21_MR.pdf
21,PUEBLA,22,IZUCAR DE MATAMOROS,141,343,8371,26915,3035,4826,1475,3432,2406,6095,38090,2108,3446,1721,4548,106468,73,4851,111392,186680,https://ieepuebla.org.mx/2021/actas/resultados/dip/MR/ACTA_ESCRUTINIO_Y_CÓMPUTO_DISTRITAL_DIP_22_MR.pdf
21,PUEBLA,23,ACATLAN DE OSORIO,151,336,8920,26561,6369,6656,7405,3074,891,1481,36699,2524,1550,1909,3337,107376,78,4409,111863,174703,https://ieepuebla.org.mx/2021/actas/resultados/dip/MR/ACTA_ESCRUTINIO_Y_CÓMPUTO_DISTRITAL_DIP_23_MR.pdf
21,PUEBLA,24,TEHUACAN,84,279,10140,12830,829,4166,3746,1786,968,10028,29498,3780,1863,640,4124,84398,101,4097,88596,174384,https://ieepuebla.org.mx/2021/actas/resultados/dip/MR/ACTA_ESCRUTINIO_Y_CÓMPUTO_DISTRITAL_DIP_24_MR.pdf
21,PUEBLA,25,TEHUACAN,81,283,10398,12303,815,6612,6756,5856,,4378,32134,1553,2206,1462,3903,88376,251,4046,92673,177474,https://ieepuebla.org.mx/2021/actas/resultados/dip/MR/ACTA_ESCRUTINIO_Y_CÓMPUTO_DISTRITAL_DIP_25_MR.pdf
21,PUEBLA,26,AJALPAN,109,296,16512,19644,5174,8727,8356,5066,2898,3084,26191,2165,3101,2419,902,104239,16,5811,110066,171470,https://ieepuebla.org.mx/2021/actas/resultados/dip/MR/ACTA_ESCRUTINIO_Y_CÓMPUTO_DISTRITAL_DIP_26_MR.pdf
