﻿CIRCUNSCRIPCION,ID_ESTADO,NOMBRE_ESTADO,ID_DISTRITO_LOCAL,CABECERA_DISTRITAL_LOCAL,ID_MUNICIPIO,MUNICIPIO,ID_DEMARCACION,DEMARCACION,SECCION,CASILLAS,PAN,PRI,PRD,PT,PVEM,MC,MORENA,PES,RSP,FXM,PAN_PRI_PRD,PAN_PRI,PAN_PRD,PRI_PRD,NUM_VOTOS_VALIDOS,NUM_VOTOS_CAN_NREG,NUM_VOTOS_NULOS,TOTAL_VOTOS,LISTA_NOMINAL
,4,CAMPECHE,6,SAN FRANCISCO DE CAMPECHE,1,CAMPECHE,1,PICH,139,4,38,480,18,26,8,797,286,8,9,8,7,5,0,2,1692,0,83,1775,2865
,4,CAMPECHE,6,SAN FRANCISCO DE CAMPECHE,1,CAMPECHE,1,PICH,142,4,64,559,21,64,9,318,680,14,7,2,14,16,0,0,1768,0,67,1835,2745
,4,CAMPECHE,6,SAN FRANCISCO DE CAMPECHE,1,CAMPECHE,1,PICH,144,1,2,68,1,3,0,53,57,2,1,1,0,0,0,0,188,0,2,190,250
,4,CAMPECHE,6,SAN FRANCISCO DE CAMPECHE,1,CAMPECHE,1,PICH,145,2,19,139,6,7,5,103,190,8,6,3,3,2,0,1,492,0,18,510,845
,4,CAMPECHE,6,SAN FRANCISCO DE CAMPECHE,1,CAMPECHE,1,PICH,146,1,27,111,2,3,2,150,98,1,2,2,1,2,0,0,401,0,10,411,491
,4,CAMPECHE,2,SAN FRANCISCO DE CAMPECHE,1,CAMPECHE,2,TIXMUCUY,128,1,4,71,0,2,1,65,39,1,1,1,0,0,0,0,185,0,4,189,218
,4,CAMPECHE,6,SAN FRANCISCO DE CAMPECHE,1,CAMPECHE,2,TIXMUCUY,133,1,11,145,2,5,2,197,62,3,4,2,2,0,0,0,435,0,12,447,538
,4,CAMPECHE,6,SAN FRANCISCO DE CAMPECHE,1,CAMPECHE,2,TIXMUCUY,134,1,4,95,0,0,0,106,35,2,1,0,1,0,0,0,244,0,3,247,324
,4,CAMPECHE,6,SAN FRANCISCO DE CAMPECHE,1,CAMPECHE,2,TIXMUCUY,135,2,8,289,7,7,1,372,64,1,0,0,0,0,0,0,749,0,11,760,895
,4,CAMPECHE,6,SAN FRANCISCO DE CAMPECHE,1,CAMPECHE,2,TIXMUCUY,138,1,0,78,1,3,1,63,288,2,1,1,0,3,0,0,441,0,15,456,563
,4,CAMPECHE,6,SAN FRANCISCO DE CAMPECHE,1,CAMPECHE,2,TIXMUCUY,143,1,6,63,1,4,3,55,142,2,0,1,3,0,0,0,280,0,9,289,382
,4,CAMPECHE,6,SAN FRANCISCO DE CAMPECHE,1,CAMPECHE,3,ALFREDO V. BONFIL,131,1,26,81,12,2,0,65,48,0,0,0,6,2,0,0,242,0,7,249,277
,4,CAMPECHE,6,SAN FRANCISCO DE CAMPECHE,1,CAMPECHE,3,ALFREDO V. BONFIL,132,1,8,36,11,20,0,43,48,0,0,0,0,0,0,2,168,0,0,168,205
,4,CAMPECHE,6,SAN FRANCISCO DE CAMPECHE,1,CAMPECHE,3,ALFREDO V. BONFIL,136,1,2,84,1,19,0,27,29,0,0,0,0,0,0,0,162,1,7,170,207
,4,CAMPECHE,6,SAN FRANCISCO DE CAMPECHE,1,CAMPECHE,3,ALFREDO V. BONFIL,140,2,12,200,4,11,3,257,114,1,1,3,0,0,0,0,606,1,21,628,916
,4,CAMPECHE,6,SAN FRANCISCO DE CAMPECHE,1,CAMPECHE,3,ALFREDO V. BONFIL,141,2,5,233,2,11,1,260,123,1,4,0,2,0,0,2,644,0,25,669,912
,4,CAMPECHE,7,TENABO,1,CAMPECHE,4,HAMPOLOL,118,2,69,155,2,1,1,65,250,0,73,0,3,9,1,0,629,0,18,647,971
,4,CAMPECHE,7,TENABO,1,CAMPECHE,4,HAMPOLOL,119,1,25,60,1,0,1,88,62,1,95,1,2,2,0,0,338,0,6,344,413
,4,CAMPECHE,7,TENABO,1,CAMPECHE,4,HAMPOLOL,120,2,34,136,2,1,0,86,75,5,278,0,3,1,1,0,622,0,23,645,858
,4,CAMPECHE,7,TENABO,1,CAMPECHE,4,HAMPOLOL,121,2,54,207,3,9,2,80,186,0,83,1,12,8,1,0,646,0,25,671,930
,4,CAMPECHE,19,HECELCHAKAN,2,CALKINI,5,BECAL,157,2,54,254,3,5,13,214,54,0,0,7,14,4,0,0,622,1,19,642,760
,4,CAMPECHE,17,CALKINI,2,CALKINI,5,BECAL,159,2,56,145,18,7,7,129,181,13,1,0,8,0,0,0,565,0,17,582,823
,4,CAMPECHE,17,CALKINI,2,CALKINI,5,BECAL,160,2,80,149,7,3,11,153,196,6,4,1,3,3,0,0,616,1,16,633,834
,4,CAMPECHE,17,CALKINI,2,CALKINI,5,BECAL,161,2,51,130,7,3,27,168,169,0,1,1,3,1,0,0,561,1,14,576,813
,4,CAMPECHE,17,CALKINI,2,CALKINI,5,BECAL,162,2,114,163,8,4,31,238,208,8,6,4,6,0,0,0,790,0,22,812,1042
,4,CAMPECHE,17,CALKINI,2,CALKINI,5,BECAL,163,2,64,125,4,6,40,211,154,2,4,1,5,2,0,0,618,0,12,630,829
,4,CAMPECHE,17,CALKINI,2,CALKINI,5,BECAL,164,2,61,165,4,6,26,184,179,11,0,0,6,4,1,1,648,1,11,660,894
,4,CAMPECHE,19,HECELCHAKAN,2,CALKINI,6,NUNKINI,158,2,11,235,19,8,16,242,213,5,4,7,1,2,0,2,765,0,32,797,882
,4,CAMPECHE,19,HECELCHAKAN,2,CALKINI,6,NUNKINI,165,1,47,112,0,0,0,88,8,0,0,1,0,1,0,0,257,0,2,259,285
,4,CAMPECHE,19,HECELCHAKAN,2,CALKINI,6,NUNKINI,166,3,9,549,3,26,33,727,306,3,6,9,19,5,0,1,1696,0,26,1722,2157
,4,CAMPECHE,19,HECELCHAKAN,2,CALKINI,6,NUNKINI,167,2,13,297,3,23,23,385,255,0,0,0,4,2,0,0,1005,0,21,1026,1207
,4,CAMPECHE,19,HECELCHAKAN,2,CALKINI,6,NUNKINI,168,2,6,354,2,8,18,444,160,2,4,1,13,0,0,0,1012,0,20,1032,1342
,4,CAMPECHE,19,HECELCHAKAN,2,CALKINI,6,NUNKINI,170,2,4,427,1,2,4,317,115,0,0,0,2,0,0,1,873,0,20,893,994
,4,CAMPECHE,19,HECELCHAKAN,2,CALKINI,6,NUNKINI,171,1,12,226,2,9,6,256,90,0,0,0,2,1,0,0,604,0,19,623,702
,4,CAMPECHE,19,HECELCHAKAN,2,CALKINI,6,NUNKINI,182,1,32,49,1,1,2,70,10,0,0,1,1,0,0,0,167,0,1,168,180
,4,CAMPECHE,20,PALIZADA,3,CARMEN,7,ATASTA,263,2,19,216,43,72,10,108,226,3,7,0,11,1,0,5,721,0,18,739,1072
,4,CAMPECHE,20,PALIZADA,3,CARMEN,7,ATASTA,264,2,4,71,40,52,6,75,143,3,3,0,1,0,0,2,400,0,11,411,533
,4,CAMPECHE,20,PALIZADA,3,CARMEN,7,ATASTA,265,3,6,240,18,270,17,306,341,8,32,2,12,1,0,1,1254,0,55,1309,2237
,4,CAMPECHE,20,PALIZADA,3,CARMEN,7,ATASTA,266,3,6,213,9,296,17,275,300,6,19,2,9,0,0,0,1152,1,39,1192,1856
,4,CAMPECHE,20,PALIZADA,3,CARMEN,7,ATASTA,267,5,35,905,8,103,29,418,872,16,21,6,20,9,1,1,2444,0,69,2513,3599
,4,CAMPECHE,20,PALIZADA,3,CARMEN,7,ATASTA,268,3,14,366,6,115,243,225,514,3,7,0,8,0,0,0,1501,0,45,1546,2132
,4,CAMPECHE,20,PALIZADA,3,CARMEN,7,ATASTA,269,2,1,156,2,10,25,67,254,2,0,0,1,1,0,0,519,0,22,541,857
,4,CAMPECHE,12,SABANCUY,3,CARMEN,8,MAMANTEL,270,1,7,51,10,37,0,6,63,1,1,2,1,1,0,0,180,0,7,187,291
,4,CAMPECHE,12,SABANCUY,3,CARMEN,8,MAMANTEL,472,2,30,133,34,112,0,111,189,8,3,0,9,2,0,0,631,0,29,660,1062
,4,CAMPECHE,12,SABANCUY,3,CARMEN,8,MAMANTEL,473,2,12,140,60,186,0,48,195,5,7,2,2,1,0,1,659,0,23,682,982
,4,CAMPECHE,12,SABANCUY,3,CARMEN,8,MAMANTEL,474,1,11,107,5,26,0,11,46,1,3,0,0,0,0,0,210,0,5,215,291
,4,CAMPECHE,12,SABANCUY,3,CARMEN,8,MAMANTEL,478,2,83,173,25,86,1,219,225,6,7,2,6,4,0,0,837,0,14,851,1303
,4,CAMPECHE,12,SABANCUY,3,CARMEN,8,MAMANTEL,479,1,12,114,10,75,1,42,104,3,1,3,5,2,0,0,372,0,17,389,544
,4,CAMPECHE,12,SABANCUY,3,CARMEN,8,MAMANTEL,483,1,2,72,6,39,0,13,71,3,3,0,2,0,0,1,212,0,6,218,349
,4,CAMPECHE,12,SABANCUY,3,CARMEN,8,MAMANTEL,484,2,97,272,48,93,4,149,259,8,8,1,5,6,0,0,950,0,37,987,1458
,4,CAMPECHE,12,SABANCUY,3,CARMEN,9,SABANCUY,250,3,21,447,5,30,10,476,287,10,13,6,17,10,0,0,1332,0,56,1388,2076
,4,CAMPECHE,12,SABANCUY,3,CARMEN,9,SABANCUY,251,2,22,275,2,19,1,245,167,6,4,4,6,0,0,0,751,0,22,773,1065
,4,CAMPECHE,12,SABANCUY,3,CARMEN,9,SABANCUY,252,2,15,292,1,27,2,207,167,1,6,1,10,0,0,0,729,0,43,772,1027
,4,CAMPECHE,12,SABANCUY,3,CARMEN,9,SABANCUY,253,3,25,436,1,18,4,344,284,2,11,5,14,2,0,1,1147,0,44,1191,1729
,4,CAMPECHE,12,SABANCUY,3,CARMEN,9,SABANCUY,254,1,0,184,0,4,2,29,287,3,5,8,0,0,0,0,522,0,15,537,683
,4,CAMPECHE,12,SABANCUY,3,CARMEN,9,SABANCUY,255,1,6,118,1,4,13,103,201,6,6,5,0,0,0,0,463,0,7,470,591
,4,CAMPECHE,12,SABANCUY,3,CARMEN,9,SABANCUY,258,2,5,282,1,11,4,221,321,13,12,6,2,7,0,0,885,0,15,900,1422
,4,CAMPECHE,12,SABANCUY,3,CARMEN,9,SABANCUY,259,2,13,225,25,9,11,247,255,9,7,22,5,2,0,0,830,0,18,848,1384
,4,CAMPECHE,12,SABANCUY,3,CARMEN,9,SABANCUY,260,2,5,122,12,5,6,80,162,7,3,33,6,1,1,0,443,0,10,453,755
,4,CAMPECHE,12,SABANCUY,3,CARMEN,9,SABANCUY,261,2,4,195,8,4,5,154,367,14,20,16,9,3,0,0,799,0,26,825,1266
,4,CAMPECHE,12,SABANCUY,3,CARMEN,9,SABANCUY,262,2,18,332,5,13,5,191,386,8,12,5,15,8,0,2,1000,0,34,1034,1479
,4,CAMPECHE,16,SEYBAPLAYA,4,CHAMPOTON,10,HOOL,329,2,6,196,4,44,23,139,152,2,68,1,8,2,0,0,645,0,24,669,892
,4,CAMPECHE,16,SEYBAPLAYA,4,CHAMPOTON,10,HOOL,334,1,0,18,1,1,0,7,31,1,1,0,0,0,0,0,60,0,2,62,96
,4,CAMPECHE,16,SEYBAPLAYA,4,CHAMPOTON,10,HOOL,538,5,63,599,19,345,11,227,355,11,19,1,12,6,1,2,1671,1,101,1773,3092
,4,CAMPECHE,16,SEYBAPLAYA,4,CHAMPOTON,11,SIHOCHAC,330,2,8,284,2,2,1,68,372,6,17,2,17,0,0,0,779,1,12,792,1080
,4,CAMPECHE,16,SEYBAPLAYA,4,CHAMPOTON,11,SIHOCHAC,334,2,10,178,5,7,2,75,300,10,18,0,1,0,0,0,606,0,10,616,844
,4,CAMPECHE,16,SEYBAPLAYA,4,CHAMPOTON,11,SIHOCHAC,539,2,11,308,1,3,0,84,443,0,9,0,13,2,0,0,874,1,24,899,1102
,4,CAMPECHE,16,SEYBAPLAYA,4,CHAMPOTON,12,CARRILLO PUERTO,342,2,2,327,10,67,35,137,198,2,8,0,4,2,0,2,794,0,17,811,1211
,4,CAMPECHE,16,SEYBAPLAYA,4,CHAMPOTON,12,CARRILLO PUERTO,343,2,11,259,1,31,1,157,265,2,4,3,5,2,0,0,741,0,23,764,1079
,4,CAMPECHE,16,SEYBAPLAYA,4,CHAMPOTON,12,CARRILLO PUERTO,347,2,6,147,1,10,0,144,213,7,6,1,2,0,0,0,537,0,9,546,635
,4,CAMPECHE,16,SEYBAPLAYA,4,CHAMPOTON,12,CARRILLO PUERTO,348,2,10,126,7,12,3,64,220,12,11,3,1,0,0,0,469,0,18,487,776
,4,CAMPECHE,16,SEYBAPLAYA,4,CHAMPOTON,12,CARRILLO PUERTO,352,1,6,135,3,19,1,132,131,3,4,2,1,0,0,0,437,0,10,447,631
,4,CAMPECHE,16,SEYBAPLAYA,4,CHAMPOTON,12,CARRILLO PUERTO,354,1,26,175,4,21,2,108,142,7,4,3,2,3,0,0,497,0,17,514,738
,4,CAMPECHE,16,SEYBAPLAYA,4,CHAMPOTON,12,CARRILLO PUERTO,530,1,28,29,36,2,1,27,53,1,4,2,0,2,1,1,187,0,13,200,257
,4,CAMPECHE,19,HECELCHAKAN,5,HECELCHAKAN,13,POMUCH,374,1,27,69,1,18,1,109,33,3,9,14,0,1,0,0,285,0,2,287,354
,4,CAMPECHE,19,HECELCHAKAN,5,HECELCHAKAN,13,POMUCH,375,3,155,186,2,257,1,393,107,5,17,30,2,1,0,0,1156,0,34,1190,1593
,4,CAMPECHE,19,HECELCHAKAN,5,HECELCHAKAN,13,POMUCH,376,3,81,135,9,326,1,340,140,13,31,38,2,4,1,0,1121,0,35,1156,1534
,4,CAMPECHE,19,HECELCHAKAN,5,HECELCHAKAN,13,POMUCH,377,2,78,141,2,218,1,239,111,7,24,25,5,3,0,0,854,0,20,874,1153
,4,CAMPECHE,19,HECELCHAKAN,5,HECELCHAKAN,13,POMUCH,378,2,80,140,4,275,3,301,102,2,47,22,1,3,0,0,980,7,28,1015,1460
,4,CAMPECHE,19,HECELCHAKAN,5,HECELCHAKAN,13,POMUCH,379,2,100,168,3,193,0,289,106,7,58,27,0,1,0,0,952,0,22,974,1325
,4,CAMPECHE,18,HOPELCHEN,6,HOPELCHEN,14,BOLONCHEN DE REJON,385,1,0,153,5,1,0,175,17,0,0,1,0,0,0,0,352,0,0,352,369
,4,CAMPECHE,18,HOPELCHEN,6,HOPELCHEN,14,BOLONCHEN DE REJON,386,1,3,93,0,2,1,116,45,1,0,0,0,0,0,0,261,0,2,263,414
,4,CAMPECHE,18,HOPELCHEN,6,HOPELCHEN,14,BOLONCHEN DE REJON,387,1,6,146,8,3,1,78,42,3,1,0,1,0,0,0,289,0,2,291,304
,4,CAMPECHE,18,HOPELCHEN,6,HOPELCHEN,14,BOLONCHEN DE REJON,388,4,25,456,52,58,6,711,385,7,35,2,12,6,0,0,1755,0,38,1793,2337
,4,CAMPECHE,18,HOPELCHEN,6,HOPELCHEN,14,BOLONCHEN DE REJON,389,2,13,249,6,6,2,329,146,2,29,0,0,1,0,0,783,0,8,791,1148
,4,CAMPECHE,18,HOPELCHEN,6,HOPELCHEN,15,DZIBALCHEN,400,2,41,534,5,12,3,248,252,12,5,2,14,3,0,0,1131,0,5,1136,1292
,4,CAMPECHE,18,HOPELCHEN,6,HOPELCHEN,15,DZIBALCHEN,401,2,73,485,1,21,0,172,332,6,3,1,3,0,0,0,1097,0,17,1114,1268
,4,CAMPECHE,18,HOPELCHEN,6,HOPELCHEN,15,DZIBALCHEN,402,1,0,87,3,1,0,21,69,0,0,0,0,0,0,0,181,0,2,183,749
,4,CAMPECHE,18,HOPELCHEN,6,HOPELCHEN,15,DZIBALCHEN,403,2,25,220,0,12,1,159,345,6,9,1,3,1,0,0,782,0,32,814,1376
,4,CAMPECHE,18,HOPELCHEN,6,HOPELCHEN,15,DZIBALCHEN,404,2,6,244,0,20,1,112,227,4,5,2,3,2,0,0,626,0,10,636,824
,4,CAMPECHE,18,HOPELCHEN,6,HOPELCHEN,15,DZIBALCHEN,405,1,0,52,0,8,2,47,33,0,0,0,0,0,0,0,142,0,3,145,595
,4,CAMPECHE,18,HOPELCHEN,6,HOPELCHEN,15,DZIBALCHEN,406,1,2,99,1,4,1,132,79,1,0,3,0,0,0,0,322,0,3,325,602
,4,CAMPECHE,18,HOPELCHEN,6,HOPELCHEN,16,UKUM,405,1,0,0,0,0,0,0,0,0,0,0,0,0,0,0,0,0,0,0,149
,4,CAMPECHE,18,HOPELCHEN,6,HOPELCHEN,16,UKUM,407,2,38,193,2,3,1,158,281,3,8,1,0,0,0,0,688,0,8,696,824
,4,CAMPECHE,18,HOPELCHEN,6,HOPELCHEN,16,UKUM,408,1,9,201,0,10,2,35,183,1,2,1,0,0,0,0,444,0,1,445,510
,4,CAMPECHE,18,HOPELCHEN,6,HOPELCHEN,16,UKUM,409,2,38,202,16,15,2,248,222,1,5,0,0,1,0,0,750,0,13,763,893
,4,CAMPECHE,18,HOPELCHEN,6,HOPELCHEN,16,UKUM,410,3,112,351,21,78,1,393,307,3,6,0,0,0,0,0,1272,0,13,1285,1568
,4,CAMPECHE,18,HOPELCHEN,6,HOPELCHEN,16,UKUM,411,2,28,164,4,19,3,268,200,1,1,0,2,6,0,1,697,0,62,759,867
,4,CAMPECHE,18,HOPELCHEN,6,HOPELCHEN,16,UKUM,412,1,6,91,1,2,1,108,119,0,2,0,0,0,0,0,330,0,46,376,356
,4,CAMPECHE,7,TENABO,8,TENABO,17,TINUN,445,2,34,295,8,0,6,177,268,0,6,2,8,4,0,0,808,0,19,827,998
,4,CAMPECHE,7,TENABO,8,TENABO,17,TINUN,446,1,2,26,0,1,1,16,24,0,3,0,11,0,0,0,84,0,0,84,116
,4,CAMPECHE,7,TENABO,8,TENABO,17,TINUN,447,1,13,137,1,5,0,65,143,0,0,0,1,4,0,0,369,1,23,393,427
,4,CAMPECHE,21,XPUJIL,9,ESCARCEGA,18,CENTENARIO,356,3,21,191,196,19,31,247,500,11,13,3,15,0,0,5,1252,0,37,1289,2116
,4,CAMPECHE,21,XPUJIL,9,ESCARCEGA,18,CENTENARIO,357,1,6,103,63,8,10,30,197,2,7,2,3,0,0,3,434,0,10,444,665
,4,CAMPECHE,21,XPUJIL,9,ESCARCEGA,18,CENTENARIO,358,1,2,42,18,1,8,62,85,7,0,1,0,0,0,1,227,0,9,236,343
,4,CAMPECHE,21,XPUJIL,9,ESCARCEGA,18,CENTENARIO,361,2,15,96,182,3,37,123,360,12,5,1,11,1,1,3,850,0,35,885,1482
,4,CAMPECHE,13,ESCARCEGA,9,ESCARCEGA,19,DIVISION DEL NORTE,448,1,0,0,0,0,0,0,0,0,0,0,0,0,0,0,0,0,0,0,1
,4,CAMPECHE,21,XPUJIL,9,ESCARCEGA,19,DIVISION DEL NORTE,469,1,20,54,3,2,1,30,18,2,1,0,5,0,0,0,136,0,10,146,229
,4,CAMPECHE,13,ESCARCEGA,9,ESCARCEGA,19,DIVISION DEL NORTE,475,2,74,89,18,23,9,226,131,6,1,0,8,3,0,2,590,0,13,603,980
,4,CAMPECHE,13,ESCARCEGA,9,ESCARCEGA,19,DIVISION DEL NORTE,476,2,62,72,7,16,20,150,115,5,3,1,8,2,0,0,461,0,12,473,828
,4,CAMPECHE,13,ESCARCEGA,9,ESCARCEGA,19,DIVISION DEL NORTE,477,2,125,133,17,20,33,245,101,4,1,0,13,12,0,0,704,0,22,726,1194
,4,CAMPECHE,13,ESCARCEGA,9,ESCARCEGA,19,DIVISION DEL NORTE,480,2,88,117,1,13,52,157,158,4,3,0,3,5,0,0,601,0,15,616,921
,4,CAMPECHE,13,ESCARCEGA,9,ESCARCEGA,19,DIVISION DEL NORTE,481,2,36,114,9,10,108,149,237,4,1,0,6,0,0,1,675,0,36,711,1215
,4,CAMPECHE,13,ESCARCEGA,9,ESCARCEGA,19,DIVISION DEL NORTE,482,1,3,78,4,0,94,77,128,3,3,1,1,1,0,1,394,0,31,425,683
,4,CAMPECHE,13,ESCARCEGA,9,ESCARCEGA,19,DIVISION DEL NORTE,485,2,45,42,4,17,115,119,129,6,5,1,1,0,0,0,484,0,13,497,756
,4,CAMPECHE,14,CANDELARIA,10,CANDELARIA,20,MIGUEL HIDALGO Y COSTILLA,275,1,32,12,2,2,3,3,98,3,0,1,0,1,0,0,157,0,4,161,246
,4,CAMPECHE,14,CANDELARIA,10,CANDELARIA,20,MIGUEL HIDALGO Y COSTILLA,285,1,1,1,0,0,0,0,2,0,0,1,0,0,0,0,5,0,0,5,8
,4,CAMPECHE,14,CANDELARIA,10,CANDELARIA,20,MIGUEL HIDALGO Y COSTILLA,291,2,8,0,0,0,0,1,11,0,1,0,0,0,0,0,21,0,1,22,7
,4,CAMPECHE,14,CANDELARIA,10,CANDELARIA,20,MIGUEL HIDALGO Y COSTILLA,292,1,0,0,0,0,0,0,0,0,0,0,0,0,0,0,0,0,0,0,10
,4,CAMPECHE,14,CANDELARIA,10,CANDELARIA,20,MIGUEL HIDALGO Y COSTILLA,293,1,62,74,3,6,8,26,169,7,2,0,2,0,0,0,359,0,16,375,596
,4,CAMPECHE,14,CANDELARIA,10,CANDELARIA,20,MIGUEL HIDALGO Y COSTILLA,294,1,10,19,0,0,5,32,15,1,0,0,2,2,0,0,86,0,4,90,174
,4,CAMPECHE,14,CANDELARIA,10,CANDELARIA,20,MIGUEL HIDALGO Y COSTILLA,295,1,44,47,2,4,17,56,100,3,2,1,1,0,0,0,277,0,10,287,480
,4,CAMPECHE,14,CANDELARIA,10,CANDELARIA,20,MIGUEL HIDALGO Y COSTILLA,296,1,50,95,2,11,27,60,188,1,1,8,1,4,0,0,448,0,22,470,750
,4,CAMPECHE,14,CANDELARIA,10,CANDELARIA,20,MIGUEL HIDALGO Y COSTILLA,297,2,71,102,1,6,19,157,171,1,6,3,3,3,0,2,545,0,20,565,788
,4,CAMPECHE,14,CANDELARIA,10,CANDELARIA,20,MIGUEL HIDALGO Y COSTILLA,298,2,87,69,10,14,64,97,240,10,2,2,2,3,0,0,600,0,21,621,950
,4,CAMPECHE,14,CANDELARIA,10,CANDELARIA,20,MIGUEL HIDALGO Y COSTILLA,299,2,87,113,5,17,27,103,310,2,5,7,0,2,0,0,678,0,37,715,1102
,4,CAMPECHE,14,CANDELARIA,10,CANDELARIA,20,MIGUEL HIDALGO Y COSTILLA,300,1,24,47,2,2,8,65,110,5,2,3,0,5,0,0,273,0,8,281,457
,4,CAMPECHE,14,CANDELARIA,10,CANDELARIA,20,MIGUEL HIDALGO Y COSTILLA,301,3,223,198,9,21,20,89,479,18,15,8,3,15,1,0,1099,0,39,1138,1687
,4,CAMPECHE,14,CANDELARIA,10,CANDELARIA,20,MIGUEL HIDALGO Y COSTILLA,302,1,19,23,1,2,20,37,79,4,0,1,2,1,0,0,189,0,12,201,304
,4,CAMPECHE,14,CANDELARIA,10,CANDELARIA,20,MIGUEL HIDALGO Y COSTILLA,490,1,5,47,0,1,1,14,28,0,1,0,2,1,0,0,100,0,3,103,134
,4,CAMPECHE,14,CANDELARIA,10,CANDELARIA,20,MIGUEL HIDALGO Y COSTILLA,534,1,8,36,1,4,1,21,45,1,4,1,0,1,0,0,123,0,4,127,270
,4,CAMPECHE,14,CANDELARIA,10,CANDELARIA,20,MIGUEL HIDALGO Y COSTILLA,536,3,0,0,0,0,0,0,0,0,0,0,0,0,0,0,0,0,0,0,16
,4,CAMPECHE,14,CANDELARIA,10,CANDELARIA,21,MONCLOVA,281,2,0,0,0,0,0,0,0,0,0,0,0,0,0,0,0,0,0,0,9
,4,CAMPECHE,14,CANDELARIA,10,CANDELARIA,21,MONCLOVA,285,1,2,1,0,0,0,0,1,0,0,0,0,0,0,0,4,0,0,4,8
,4,CAMPECHE,14,CANDELARIA,10,CANDELARIA,21,MONCLOVA,288,1,80,28,1,2,2,37,53,3,5,12,0,6,0,0,229,0,7,236,416
,4,CAMPECHE,14,CANDELARIA,10,CANDELARIA,21,MONCLOVA,289,2,167,87,1,12,0,79,114,3,2,0,2,4,0,0,471,0,11,482,751
,4,CAMPECHE,14,CANDELARIA,10,CANDELARIA,21,MONCLOVA,290,1,14,19,0,18,0,6,18,0,1,1,0,2,0,0,79,0,1,80,136
,4,CAMPECHE,14,CANDELARIA,10,CANDELARIA,21,MONCLOVA,291,2,220,49,1,2,4,22,169,8,10,4,1,4,0,0,494,0,23,517,886
,4,CAMPECHE,14,CANDELARIA,10,CANDELARIA,21,MONCLOVA,292,1,0,0,0,0,0,0,0,0,0,0,0,0,0,0,0,0,0,0,10
,4,CAMPECHE,14,CANDELARIA,10,CANDELARIA,21,MONCLOVA,293,1,51,55,2,5,2,64,63,4,2,1,3,3,0,1,256,0,13,269,413
,4,CAMPECHE,14,CANDELARIA,10,CANDELARIA,21,MONCLOVA,295,2,235,94,8,11,11,107,340,15,9,4,1,4,0,0,839,0,29,868,1356
,4,CAMPECHE,14,CANDELARIA,10,CANDELARIA,21,MONCLOVA,301,3,0,0,0,0,0,0,0,0,0,0,0,0,0,0,0,0,0,0,114
,4,CAMPECHE,14,CANDELARIA,10,CANDELARIA,21,MONCLOVA,531,2,146,71,3,11,2,23,215,8,8,2,3,7,0,0,499,0,20,519,532
,4,CAMPECHE,14,CANDELARIA,10,CANDELARIA,21,MONCLOVA,532,2,176,92,12,13,0,31,363,5,16,0,11,14,0,0,733,0,18,751,1156
,4,CAMPECHE,14,CANDELARIA,10,CANDELARIA,21,MONCLOVA,533,3,69,18,3,2,0,9,105,1,1,1,1,3,0,1,214,0,5,219,488
,4,CAMPECHE,14,CANDELARIA,10,CANDELARIA,21,MONCLOVA,534,1,15,27,0,2,1,2,31,4,1,0,1,2,0,0,86,0,4,90,70
,4,CAMPECHE,14,CANDELARIA,10,CANDELARIA,21,MONCLOVA,536,3,295,123,5,20,2,131,457,17,28,3,9,11,1,0,1102,19,52,1173,2105
,4,CAMPECHE,14,CANDELARIA,10,CANDELARIA,21,MONCLOVA,537,1,92,50,1,5,1,46,133,5,8,0,1,2,0,0,344,0,10,354,633
,4,CAMPECHE,21,XPUJIL,11,CALAKMUL,22,CONSTITUCION,359,2,2,196,7,18,2,118,350,15,13,0,6,0,1,1,729,0,16,745,980
,4,CAMPECHE,21,XPUJIL,11,CALAKMUL,22,CONSTITUCION,360,2,13,199,1,6,3,145,398,11,8,2,8,1,0,0,795,0,29,824,1412
,4,CAMPECHE,21,XPUJIL,11,CALAKMUL,22,CONSTITUCION,362,2,10,160,3,13,0,113,315,12,0,0,4,1,0,1,632,0,45,677,983
,4,CAMPECHE,21,XPUJIL,11,CALAKMUL,22,CONSTITUCION,417,1,1,97,0,7,0,38,147,2,0,0,1,1,0,0,294,0,12,306,384
