﻿ID_ESTADO,NOMBRE_ESTADO,ID_MUNICIPIO,MUNICIPIO,ID_DEMARCACION,DEMARCACION,SECCIONES,CASILLAS,PAN_PRI_PRD,PT,PVEM,MC,MORENA,PES,RSP,FXM,NUM_VOTOS_VALIDOS,NUM_VOTOS_CAN_NREG,NUM_VOTOS_NULOS,TOTAL_VOTOS,LISTA_NOMINAL,RUTA_ACTA
4,CAMPECHE,1,CAMPECHE,1,PICH,5,12,1608,103,24,1421,1311,33,25,16,4541,0,180,4721,7196,https://www.ieec.org.mx/Documentacion/elecciones/2021/COMPUTO/JCOMP_PICH.pdf
4,CAMPECHE,1,CAMPECHE,2,TIXMUCUY,6,7,794,21,8,858,630,11,7,5,2334,0,54,2388,2920,https://www.ieec.org.mx/Documentacion/elecciones/2021/COMPUTO/JCOMP_TIXMUCUY.pdf
4,CAMPECHE,1,CAMPECHE,3,ALFREDO V. BONFIL,5,7,731,63,4,652,362,2,5,3,1822,2,60,1884,2517,https://www.ieec.org.mx/Documentacion/elecciones/2021/COMPUTO/JCOMP_ALFREDO.pdf
4,CAMPECHE,1,CAMPECHE,4,HAMPOLOL,4,7,791,11,4,319,573,6,529,2,2235,0,72,2307,3172,https://www.ieec.org.mx/Documentacion/elecciones/2021/COMPUTO/JCOMP_HAMPOLOL.pdf
4,CAMPECHE,2,CALKINI,5,BECAL,7,14,1723,34,155,1297,1141,40,16,14,4420,4,111,4535,5995,https://www.ieec.org.mx/Documentacion/elecciones/2021/COMPUTO/JCOMP_BECAL.pdf
4,CAMPECHE,2,CALKINI,6,NUNKINI,8,14,2471,77,102,2529,1157,10,14,19,6379,0,141,6520,7749,https://www.ieec.org.mx/Documentacion/elecciones/2021/COMPUTO/JCOMP_NUNKINI.pdf
4,CAMPECHE,3,CARMEN,7,ATASTA,7,20,2462,918,347,1474,2650,41,89,10,7991,1,259,8251,12286,https://www.ieec.org.mx/Documentacion/elecciones/2021/COMPUTO/JCOMP_ATASTA.pdf
4,CAMPECHE,3,CARMEN,8,MAMANTEL,8,12,1562,654,6,599,1152,35,33,10,4051,0,138,4189,6280,https://www.ieec.org.mx/Documentacion/elecciones/2021/COMPUTO/JCOMP_MAMANTEL.pdf
4,CAMPECHE,3,CARMEN,9,SABANCUY,11,22,3224,144,63,2297,2884,79,99,111,8901,0,290,9191,13477,https://www.ieec.org.mx/Documentacion/elecciones/2021/COMPUTO/JCOMP_SABANCUY.pdf
4,CAMPECHE,4,CHAMPOTON,10,HOOL,3,8,937,390,34,373,538,14,88,2,2376,1,127,2504,4080,https://www.ieec.org.mx/Documentacion/elecciones/2021/COMPUTO/JCOMP_HOOL.pdf
4,CAMPECHE,4,CHAMPOTON,11,SIHOCHAC,3,6,840,12,3,227,1115,16,44,2,2259,2,46,2307,3026,https://www.ieec.org.mx/Documentacion/elecciones/2021/COMPUTO/JCOMP_SIHOCHAC.pdf
4,CAMPECHE,4,CHAMPOTON,12,CARRILLO PUERTO,7,11,1377,162,43,769,1222,34,41,14,3662,0,107,3769,5327,https://www.ieec.org.mx/Documentacion/elecciones/2021/COMPUTO/JCOMP_CARRILLO.pdf
4,CAMPECHE,5,HECELCHAKAN,13,POMUCH,6,13,1405,1287,7,1671,599,37,186,156,5348,7,141,5496,7419,https://www.ieec.org.mx/Documentacion/elecciones/2021/COMPUTO/JCOMP_POMUCH.pdf
4,CAMPECHE,6,HOPELCHEN,14,BOLONCHEN DE REJON,5,9,1235,70,10,1409,635,13,65,3,3440,0,50,3490,4572,https://www.ieec.org.mx/Documentacion/elecciones/2021/COMPUTO/JCOMP_BOLONCHEN.pdf
4,CAMPECHE,6,HOPELCHEN,15,DZIBALCHEN,7,11,1907,78,8,891,1337,29,22,9,4281,0,72,4353,6706,https://www.ieec.org.mx/Documentacion/elecciones/2021/COMPUTO/JCOMP_DZIBALCHEN.pdf
4,CAMPECHE,6,HOPELCHEN,16,UKUM,7,12,1487,127,10,1210,1312,9,24,2,4181,0,143,4324,5167,https://www.ieec.org.mx/Documentacion/elecciones/2021/COMPUTO/JCOMP_UKUM.pdf
4,CAMPECHE,8,TENABO,17,TINUN,3,4,544,6,7,258,435,0,9,2,1261,1,42,1304,1541,https://www.ieec.org.mx/Documentacion/elecciones/2021/COMPUTO/JCOMP_TINUN.pdf
4,CAMPECHE,9,ESCARCEGA,18,CENTENARIO,4,7,978,31,86,462,1142,32,25,7,2763,0,91,2854,4606,https://www.ieec.org.mx/Documentacion/elecciones/2021/COMPUTO/JCOMP_CENTENARIO.pdf
4,CAMPECHE,9,ESCARCEGA,19,DIVISION DEL NORTE,9,15,1287,101,432,1153,1017,34,18,3,4045,0,152,4197,6807,https://www.ieec.org.mx/Documentacion/elecciones/2021/COMPUTO/JCOMP_DIVISION.pdf
4,CAMPECHE,10,CANDELARIA,20,MIGUEL HIDALGO Y COSTILLA,17,25,1711,90,220,761,2045,56,41,36,4960,0,201,5161,7979,https://www.ieec.org.mx/Documentacion/elecciones/2021/COMPUTO/JCOMP_MIGUEL.pdf
4,CAMPECHE,10,CANDELARIA,21,MONCLOVA,16,28,2411,103,25,557,2062,73,91,28,5350,19,193,5562,9083,https://www.ieec.org.mx/Documentacion/elecciones/2021/COMPUTO/JCOMP_MONCLOVA.pdf
4,CAMPECHE,11,CALAKMUL,22,CONSTITUCION,4,7,714,44,5,414,1210,40,21,2,2450,0,102,2552,3759,https://www.ieec.org.mx/Documentacion/elecciones/2021/COMPUTO/JCOMP_CONSTITUCION.pdf
