﻿CIRCUNSCRIPCION,ID_ESTADO,NOMBRE_ESTADO,ID_DISTRITO_LOCAL,CABECERA_DISTRITAL_LOCAL,ID_MUNICIPIO,MUNICIPIO,ID_DEMARCACION,DEMARCACION,SECCION,TIPO_CASILLA,ID_CASILLA,EXT_CONTIGUA,CASILLA,PAN,PRI,PRD,PT,PVEM,MC,MORENA,PES,RSP,FXM,PAN_PRI_PRD,PAN_PRI,PAN_PRD,PRI_PRD,NUM_VOTOS_VALIDOS,NUM_VOTOS_CAN_NREG,NUM_VOTOS_NULOS,TOTAL_VOTOS,LISTA_NOMINAL,ESTATUS_ACTA,TRIBUNAL,OBSERVACIONES,RUTA_ACTA
,4,CAMPECHE,6,SAN FRANCISCO DE CAMPECHE,1,CAMPECHE,1,PICH,139,B,1,0,B,11,123,10,7,2,190,69,2,2,1,2,1,0,2,422,0,14,436,710,Acta casilla,,,https://www.ieec.org.mx/Documentacion/elecciones/2021/CASILLAJ1_AEC139B.PDF
,4,CAMPECHE,6,SAN FRANCISCO DE CAMPECHE,1,CAMPECHE,1,PICH,139,C,1,0,C01,15,112,1,8,0,195,74,2,0,1,3,1,0,0,412,0,20,432,726,Acta casilla,,,https://www.ieec.org.mx/Documentacion/elecciones/2021/CASILLAJ1_AEC139C1.PDF
,4,CAMPECHE,6,SAN FRANCISCO DE CAMPECHE,1,CAMPECHE,1,PICH,139,C,2,0,C02,3,140,5,6,3,225,58,1,3,1,2,1,0,0,448,0,24,472,716,Acta casilla,,,https://www.ieec.org.mx/Documentacion/elecciones/2021/CASILLAJ1_AEC139C2.PDF
,4,CAMPECHE,6,SAN FRANCISCO DE CAMPECHE,1,CAMPECHE,1,PICH,139,C,3,0,C03,9,105,2,5,3,187,85,3,4,5,0,2,0,0,410,0,25,435,713,Acta casilla,,,https://www.ieec.org.mx/Documentacion/elecciones/2021/CASILLAJ1_AEC139C3.PDF
,4,CAMPECHE,6,SAN FRANCISCO DE CAMPECHE,1,CAMPECHE,1,PICH,142,B,1,0,B,16,144,5,11,0,74,214,6,3,0,4,4,0,0,481,0,17,498,687,Acta levantada en consejo,,,https://www.ieec.org.mx/Documentacion/elecciones/2021/CASILLAJ1_AEC142B.PDF
,4,CAMPECHE,6,SAN FRANCISCO DE CAMPECHE,1,CAMPECHE,1,PICH,142,C,1,0,C01,24,159,2,19,5,92,115,3,2,0,3,5,0,0,429,0,16,445,686,Acta levantada en consejo,,,https://www.ieec.org.mx/Documentacion/elecciones/2021/CASILLAJ1_AEC142C1.PDF
,4,CAMPECHE,6,SAN FRANCISCO DE CAMPECHE,1,CAMPECHE,1,PICH,142,C,2,0,C02,11,144,7,20,2,61,185,4,2,2,2,7,0,0,447,0,15,462,686,Acta levantada en consejo,,,https://www.ieec.org.mx/Documentacion/elecciones/2021/CASILLAJ1_AEC142C2.PDF
,4,CAMPECHE,6,SAN FRANCISCO DE CAMPECHE,1,CAMPECHE,1,PICH,142,C,3,0,C03,13,112,7,14,2,91,166,1,0,0,5,0,0,0,411,0,19,430,686,Acta casilla,,,https://www.ieec.org.mx/Documentacion/elecciones/2021/CASILLAJ1_AEC142C3.PDF
,4,CAMPECHE,6,SAN FRANCISCO DE CAMPECHE,1,CAMPECHE,1,PICH,144,B,1,0,B,2,68,1,3,0,53,57,2,1,1,0,0,0,0,188,0,2,190,250,Acta casilla,,,https://www.ieec.org.mx/Documentacion/elecciones/2021/CASILLAJ1_AEC144B.PDF
,4,CAMPECHE,6,SAN FRANCISCO DE CAMPECHE,1,CAMPECHE,1,PICH,145,B,1,0,B,10,82,5,2,1,58,86,3,3,1,2,2,0,0,255,0,14,269,423,Acta levantada en consejo,,,https://www.ieec.org.mx/Documentacion/elecciones/2021/CASILLAJ1_AEC145B.PDF
,4,CAMPECHE,6,SAN FRANCISCO DE CAMPECHE,1,CAMPECHE,1,PICH,145,C,1,0,C01,9,57,1,5,4,45,104,5,3,2,1,0,0,1,237,0,4,241,422,Acta levantada en consejo,,,https://www.ieec.org.mx/Documentacion/elecciones/2021/CASILLAJ1_AEC145C1.PDF
,4,CAMPECHE,6,SAN FRANCISCO DE CAMPECHE,1,CAMPECHE,1,PICH,146,B,1,0,B,27,111,2,3,2,150,98,1,2,2,1,2,0,0,401,0,10,411,491,Acta levantada en consejo,,,https://www.ieec.org.mx/Documentacion/elecciones/2021/CASILLAJ1_AEC146B.PDF
,4,CAMPECHE,2,SAN FRANCISCO DE CAMPECHE,1,CAMPECHE,2,TIXMUCUY,128,B,1,0,B,4,71,0,2,1,65,39,1,1,1,0,0,0,0,185,0,4,189,218,Acta casilla,,,https://www.ieec.org.mx/Documentacion/elecciones/2021/CASILLAJ2_AEC128B.PDF
,4,CAMPECHE,6,SAN FRANCISCO DE CAMPECHE,1,CAMPECHE,2,TIXMUCUY,133,B,1,0,B,11,145,2,5,2,197,62,3,4,2,2,0,0,0,435,0,12,447,538,Acta casilla,,,https://www.ieec.org.mx/Documentacion/elecciones/2021/CASILLAJ2_AEC133B.PDF
,4,CAMPECHE,6,SAN FRANCISCO DE CAMPECHE,1,CAMPECHE,2,TIXMUCUY,134,B,1,0,B,4,95,0,0,0,106,35,2,1,0,1,0,0,0,244,0,3,247,324,Acta levantada en consejo,,,https://www.ieec.org.mx/Documentacion/elecciones/2021/CASILLAJ2_AEC134B.PDF
,4,CAMPECHE,6,SAN FRANCISCO DE CAMPECHE,1,CAMPECHE,2,TIXMUCUY,135,B,1,0,B,2,156,4,4,1,168,32,1,0,0,0,0,0,0,368,0,8,376,448,Acta levantada en consejo,,,https://www.ieec.org.mx/Documentacion/elecciones/2021/CASILLAJ2_AEC135B.PDF
,4,CAMPECHE,6,SAN FRANCISCO DE CAMPECHE,1,CAMPECHE,2,TIXMUCUY,135,C,1,0,C01,6,133,3,3,0,204,32,0,0,0,0,0,0,0,381,0,3,384,447,Acta casilla,,,https://www.ieec.org.mx/Documentacion/elecciones/2021/CASILLAJ2_AEC135C1.PDF
,4,CAMPECHE,6,SAN FRANCISCO DE CAMPECHE,1,CAMPECHE,2,TIXMUCUY,138,B,1,0,B,0,78,1,3,1,63,288,2,1,1,0,3,0,0,441,0,15,456,563,Acta casilla,,,https://www.ieec.org.mx/Documentacion/elecciones/2021/CASILLAJ2_AEC138B.PDF
,4,CAMPECHE,6,SAN FRANCISCO DE CAMPECHE,1,CAMPECHE,2,TIXMUCUY,143,B,1,0,B,6,63,1,4,3,55,142,2,0,1,3,0,0,0,280,0,9,289,382,Acta casilla,,,https://www.ieec.org.mx/Documentacion/elecciones/2021/CASILLAJ2_AEC143B.PDF
,4,CAMPECHE,6,SAN FRANCISCO DE CAMPECHE,1,CAMPECHE,3,ALFREDO V. BONFIL,131,B,1,0,B,26,81,12,2,0,65,48,0,0,0,6,2,0,0,242,0,7,249,277,Acta casilla,,,https://www.ieec.org.mx/Documentacion/elecciones/2021/CASILLAJ3_AEC131B.PDF
,4,CAMPECHE,6,SAN FRANCISCO DE CAMPECHE,1,CAMPECHE,3,ALFREDO V. BONFIL,132,B,1,0,B,8,36,11,20,0,43,48,0,0,0,0,0,0,2,168,0,0,168,205,Acta casilla,,,https://www.ieec.org.mx/Documentacion/elecciones/2021/CASILLAJ3_AEC132B.PDF
,4,CAMPECHE,6,SAN FRANCISCO DE CAMPECHE,1,CAMPECHE,3,ALFREDO V. BONFIL,136,B,1,0,B,2,84,1,19,0,27,29,0,0,0,0,0,0,0,162,1,7,170,207,Acta casilla,,,https://www.ieec.org.mx/Documentacion/elecciones/2021/CASILLAJ3_AEC136B.PDF
,4,CAMPECHE,6,SAN FRANCISCO DE CAMPECHE,1,CAMPECHE,3,ALFREDO V. BONFIL,140,B,1,0,B,4,97,4,6,1,127,60,0,0,2,0,0,0,0,301,0,12,313,458,Acta casilla,,,https://www.ieec.org.mx/Documentacion/elecciones/2021/CASILLAJ3_AEC140B.PDF
,4,CAMPECHE,6,SAN FRANCISCO DE CAMPECHE,1,CAMPECHE,3,ALFREDO V. BONFIL,140,C,1,0,C01,8,103,0,5,2,130,54,1,1,1,0,0,0,0,305,1,9,315,458,Acta casilla,,,https://www.ieec.org.mx/Documentacion/elecciones/2021/CASILLAJ3_AEC140C1.PDF
,4,CAMPECHE,6,SAN FRANCISCO DE CAMPECHE,1,CAMPECHE,3,ALFREDO V. BONFIL,141,B,1,0,B,2,127,1,3,0,134,51,0,2,0,2,0,0,2,324,0,20,344,456,Acta levantada en consejo,,,https://www.ieec.org.mx/Documentacion/elecciones/2021/CASILLAJ3_AEC141B.PDF
,4,CAMPECHE,6,SAN FRANCISCO DE CAMPECHE,1,CAMPECHE,3,ALFREDO V. BONFIL,141,C,1,0,C01,3,106,1,8,1,126,72,1,2,0,0,0,0,0,320,0,5,325,456,Acta casilla,,,https://www.ieec.org.mx/Documentacion/elecciones/2021/CASILLAJ3_AEC141C1.PDF
,4,CAMPECHE,7,TENABO,1,CAMPECHE,4,HAMPOLOL,118,B,1,0,B,31,85,1,1,1,33,104,0,41,0,1,2,0,0,300,0,7,307,486,Acta levantada en consejo,,,https://www.ieec.org.mx/Documentacion/elecciones/2021/CASILLAJ4_AEC118B.PDF
,4,CAMPECHE,7,TENABO,1,CAMPECHE,4,HAMPOLOL,118,C,1,0,C01,38,70,1,0,0,32,146,0,32,0,2,7,1,0,329,0,11,340,485,Acta levantada en consejo,,,https://www.ieec.org.mx/Documentacion/elecciones/2021/CASILLAJ4_AEC118C1.PDF
,4,CAMPECHE,7,TENABO,1,CAMPECHE,4,HAMPOLOL,119,B,1,0,B,25,60,1,0,1,88,62,1,95,1,2,2,0,0,338,0,6,344,413,Acta casilla,,,https://www.ieec.org.mx/Documentacion/elecciones/2021/CASILLAJ4_AEC119B.PDF
,4,CAMPECHE,7,TENABO,1,CAMPECHE,4,HAMPOLOL,120,B,1,0,B,15,75,2,1,0,29,39,5,140,0,1,1,1,0,309,0,5,314,429,Acta casilla,,,https://www.ieec.org.mx/Documentacion/elecciones/2021/CASILLAJ4_AEC120B.PDF
,4,CAMPECHE,7,TENABO,1,CAMPECHE,4,HAMPOLOL,120,C,1,0,C01,19,61,0,0,0,57,36,0,138,0,2,0,0,0,313,0,18,331,429,Acta casilla,,,https://www.ieec.org.mx/Documentacion/elecciones/2021/CASILLAJ4_AEC120C1.PDF
,4,CAMPECHE,7,TENABO,1,CAMPECHE,4,HAMPOLOL,121,B,1,0,B,27,110,3,2,2,37,98,0,41,1,5,5,0,0,331,0,14,345,465,Acta casilla,,,https://www.ieec.org.mx/Documentacion/elecciones/2021/CASILLAJ4_AEC121B.PDF
,4,CAMPECHE,7,TENABO,1,CAMPECHE,4,HAMPOLOL,121,C,1,0,C01,27,97,0,7,0,43,88,0,42,0,7,3,1,0,315,0,11,326,465,Acta levantada en consejo,,,https://www.ieec.org.mx/Documentacion/elecciones/2021/CASILLAJ4_AEC121C1.PDF
,4,CAMPECHE,19,HECELCHAKAN,2,CALKINI,5,BECAL,157,B,1,0,B,32,125,0,3,2,114,28,0,0,1,7,2,0,0,314,0,11,325,380,Grupo de recuento,,,https://www.ieec.org.mx/Documentacion/elecciones/2021/CASILLAJ5_AEC157B.PDF
,4,CAMPECHE,19,HECELCHAKAN,2,CALKINI,5,BECAL,157,C,1,0,C01,22,129,3,2,11,100,26,0,0,6,7,2,0,0,308,1,8,317,380,Grupo de recuento,,,https://www.ieec.org.mx/Documentacion/elecciones/2021/CASILLAJ5_AEC157C1.PDF
,4,CAMPECHE,17,CALKINI,2,CALKINI,5,BECAL,159,B,1,0,B,30,68,10,4,3,60,90,10,1,0,4,0,0,0,280,0,9,289,412,Grupo de recuento,,,https://www.ieec.org.mx/Documentacion/elecciones/2021/CASILLAJ5_AEC159B.PDF
,4,CAMPECHE,17,CALKINI,2,CALKINI,5,BECAL,159,C,1,0,C01,26,77,8,3,4,69,91,3,0,0,4,0,0,0,285,0,8,293,411,Grupo de recuento,,,https://www.ieec.org.mx/Documentacion/elecciones/2021/CASILLAJ5_AEC159C1.PDF
,4,CAMPECHE,17,CALKINI,2,CALKINI,5,BECAL,160,B,1,0,B,44,60,4,1,3,84,97,4,2,1,1,1,0,0,302,0,9,311,417,Grupo de recuento,,,https://www.ieec.org.mx/Documentacion/elecciones/2021/CASILLAJ5_AEC160B.PDF
,4,CAMPECHE,17,CALKINI,2,CALKINI,5,BECAL,160,C,1,0,C01,36,89,3,2,8,69,99,2,2,0,2,2,0,0,314,1,7,322,417,Grupo de recuento,,,https://www.ieec.org.mx/Documentacion/elecciones/2021/CASILLAJ5_AEC160C1.PDF
,4,CAMPECHE,17,CALKINI,2,CALKINI,5,BECAL,161,B,1,0,B,31,63,3,0,14,90,81,0,1,1,0,1,0,0,285,0,9,294,407,Grupo de recuento,,,https://www.ieec.org.mx/Documentacion/elecciones/2021/CASILLAJ5_AEC161B.PDF
,4,CAMPECHE,17,CALKINI,2,CALKINI,5,BECAL,161,C,1,0,C01,20,67,4,3,13,78,88,0,0,0,3,0,0,0,276,1,5,282,406,Acta casilla,,,https://www.ieec.org.mx/Documentacion/elecciones/2021/CASILLAJ5_AEC161C1.PDF
,4,CAMPECHE,17,CALKINI,2,CALKINI,5,BECAL,162,B,1,0,B,49,82,4,2,17,122,111,3,0,0,3,0,0,0,393,0,13,406,521,Grupo de recuento,,,https://www.ieec.org.mx/Documentacion/elecciones/2021/CASILLAJ5_AEC162B.PDF
,4,CAMPECHE,17,CALKINI,2,CALKINI,5,BECAL,162,C,1,0,C01,65,81,4,2,14,116,97,5,6,4,3,0,0,0,397,0,9,406,521,Grupo de recuento,,,https://www.ieec.org.mx/Documentacion/elecciones/2021/CASILLAJ5_AEC162C1.PDF
,4,CAMPECHE,17,CALKINI,2,CALKINI,5,BECAL,163,B,1,0,B,33,53,3,5,16,111,82,1,2,0,5,2,0,0,313,0,8,321,415,Grupo de recuento,,,https://www.ieec.org.mx/Documentacion/elecciones/2021/CASILLAJ5_AEC163B.PDF
,4,CAMPECHE,17,CALKINI,2,CALKINI,5,BECAL,163,C,1,0,C01,31,72,1,1,24,100,72,1,2,1,0,0,0,0,305,0,4,309,414,Grupo de recuento,,,https://www.ieec.org.mx/Documentacion/elecciones/2021/CASILLAJ5_AEC163C1.PDF
,4,CAMPECHE,17,CALKINI,2,CALKINI,5,BECAL,164,B,1,0,B,33,80,1,3,15,85,98,6,0,0,4,3,1,0,329,1,3,333,447,Grupo de recuento,,,https://www.ieec.org.mx/Documentacion/elecciones/2021/CASILLAJ5_AEC164B.PDF
,4,CAMPECHE,17,CALKINI,2,CALKINI,5,BECAL,164,C,1,0,C01,28,85,3,3,11,99,81,5,0,0,2,1,0,1,319,0,8,327,447,Grupo de recuento,,,https://www.ieec.org.mx/Documentacion/elecciones/2021/CASILLAJ5_AEC164C1.PDF
,4,CAMPECHE,19,HECELCHAKAN,2,CALKINI,6,NUNKINI,158,B,1,0,B,4,131,9,5,11,123,102,0,0,0,1,0,0,1,387,0,21,408,441,Grupo de recuento,,,https://www.ieec.org.mx/Documentacion/elecciones/2021/CASILLAJ6_AEC158B.PDF
,4,CAMPECHE,19,HECELCHAKAN,2,CALKINI,6,NUNKINI,158,C,1,0,C01,7,104,10,3,5,119,111,5,4,7,0,2,0,1,378,0,11,389,441,Grupo de recuento,,,https://www.ieec.org.mx/Documentacion/elecciones/2021/CASILLAJ6_AEC158C1.PDF
,4,CAMPECHE,19,HECELCHAKAN,2,CALKINI,6,NUNKINI,165,B,1,0,B,47,112,0,0,0,88,8,0,0,1,0,1,0,0,257,0,2,259,285,Grupo de recuento,,,https://www.ieec.org.mx/Documentacion/elecciones/2021/CASILLAJ6_AEC165B.PDF
,4,CAMPECHE,19,HECELCHAKAN,2,CALKINI,6,NUNKINI,166,B,1,0,B,3,178,1,7,8,247,110,3,3,4,6,3,0,0,573,0,3,576,719,Grupo de recuento,,,https://www.ieec.org.mx/Documentacion/elecciones/2021/CASILLAJ6_AEC166B.PDF
,4,CAMPECHE,19,HECELCHAKAN,2,CALKINI,6,NUNKINI,166,C,1,0,C01,4,202,2,12,7,242,96,0,3,5,9,1,0,0,583,0,10,593,719,Grupo de recuento,,,https://www.ieec.org.mx/Documentacion/elecciones/2021/CASILLAJ6_AEC166C1.PDF
,4,CAMPECHE,19,HECELCHAKAN,2,CALKINI,6,NUNKINI,166,C,2,0,C02,2,169,0,7,18,238,100,0,0,0,4,1,0,1,540,0,13,553,719,Grupo de recuento,,,https://www.ieec.org.mx/Documentacion/elecciones/2021/CASILLAJ6_AEC166C2.PDF
,4,CAMPECHE,19,HECELCHAKAN,2,CALKINI,6,NUNKINI,167,B,1,0,B,3,148,1,15,15,213,110,0,0,0,1,1,0,0,507,0,8,515,604,Grupo de recuento,,,https://www.ieec.org.mx/Documentacion/elecciones/2021/CASILLAJ6_AEC167B.PDF
,4,CAMPECHE,19,HECELCHAKAN,2,CALKINI,6,NUNKINI,167,C,1,0,C01,10,149,2,8,8,172,145,0,0,0,3,1,0,0,498,0,13,511,603,Grupo de recuento,,,https://www.ieec.org.mx/Documentacion/elecciones/2021/CASILLAJ6_AEC167C1.PDF
,4,CAMPECHE,19,HECELCHAKAN,2,CALKINI,6,NUNKINI,168,B,1,0,B,4,173,2,3,13,164,80,2,4,1,12,0,0,0,458,0,9,467,671,Grupo de recuento,,,https://www.ieec.org.mx/Documentacion/elecciones/2021/CASILLAJ6_AEC168B.PDF
,4,CAMPECHE,19,HECELCHAKAN,2,CALKINI,6,NUNKINI,168,C,1,0,C01,2,181,0,5,5,280,80,0,0,0,1,0,0,0,554,0,11,565,671,Grupo de recuento,,,https://www.ieec.org.mx/Documentacion/elecciones/2021/CASILLAJ6_AEC168C1.PDF
,4,CAMPECHE,19,HECELCHAKAN,2,CALKINI,6,NUNKINI,170,B,1,0,B,2,194,1,2,0,177,63,0,0,0,1,0,0,1,441,0,12,453,497,Grupo de recuento,,,https://www.ieec.org.mx/Documentacion/elecciones/2021/CASILLAJ6_AEC170B.PDF
,4,CAMPECHE,19,HECELCHAKAN,2,CALKINI,6,NUNKINI,170,C,1,0,C01,2,233,0,0,4,140,52,0,0,0,1,0,0,0,432,0,8,440,497,Grupo de recuento,,,https://www.ieec.org.mx/Documentacion/elecciones/2021/CASILLAJ6_AEC170C1.PDF
,4,CAMPECHE,19,HECELCHAKAN,2,CALKINI,6,NUNKINI,171,B,1,0,B,12,226,2,9,6,256,90,0,0,0,2,1,0,0,604,0,19,623,702,Grupo de recuento,,,https://www.ieec.org.mx/Documentacion/elecciones/2021/CASILLAJ6_AEC171B.PDF
,4,CAMPECHE,19,HECELCHAKAN,2,CALKINI,6,NUNKINI,182,B,1,0,B,32,49,1,1,2,70,10,0,0,1,1,0,0,0,167,0,1,168,180,Grupo de recuento,,,https://www.ieec.org.mx/Documentacion/elecciones/2021/CASILLAJ6_AEC182B.PDF
,4,CAMPECHE,20,PALIZADA,3,CARMEN,7,ATASTA,263,B,1,0,B,7,115,20,31,2,48,111,2,5,0,3,1,0,4,349,0,15,364,536,Acta levantada en consejo,,,https://www.ieec.org.mx/Documentacion/elecciones/2021/CASILLAJ7_AEC263B.PDF
,4,CAMPECHE,20,PALIZADA,3,CARMEN,7,ATASTA,263,C,1,0,C01,12,101,23,41,8,60,115,1,2,0,8,0,0,1,372,0,3,375,536,Acta casilla,,,https://www.ieec.org.mx/Documentacion/elecciones/2021/CASILLAJ7_AEC263C1.PDF
,4,CAMPECHE,20,PALIZADA,3,CARMEN,7,ATASTA,264,B,1,0,B,2,53,38,52,5,46,84,2,3,0,1,0,0,2,288,0,11,299,393,Acta casilla,,,https://www.ieec.org.mx/Documentacion/elecciones/2021/CASILLAJ7_AEC264B.PDF
,4,CAMPECHE,20,PALIZADA,3,CARMEN,7,ATASTA,264,E,1,0,E01,2,18,2,0,1,29,59,1,0,0,0,0,0,0,112,0,0,112,140,Acta casilla,,,https://www.ieec.org.mx/Documentacion/elecciones/2021/CASILLAJ7_AEC264E1.PDF
,4,CAMPECHE,20,PALIZADA,3,CARMEN,7,ATASTA,265,B,1,0,B,2,99,5,80,5,104,130,2,6,1,5,0,0,0,439,0,19,458,746,Acta casilla,,,https://www.ieec.org.mx/Documentacion/elecciones/2021/CASILLAJ7_AEC265B.PDF
,4,CAMPECHE,20,PALIZADA,3,CARMEN,7,ATASTA,265,C,1,0,C01,3,60,6,104,6,83,113,3,18,0,2,0,0,1,399,0,19,418,746,Acta levantada en consejo,,,https://www.ieec.org.mx/Documentacion/elecciones/2021/CASILLAJ7_AEC265C1.PDF
,4,CAMPECHE,20,PALIZADA,3,CARMEN,7,ATASTA,265,C,2,0,C02,1,81,7,86,6,119,98,3,8,1,5,1,0,0,416,0,17,433,745,Acta levantada en consejo,,,https://www.ieec.org.mx/Documentacion/elecciones/2021/CASILLAJ7_AEC265C2.PDF
,4,CAMPECHE,20,PALIZADA,3,CARMEN,7,ATASTA,266,B,1,0,B,2,71,1,106,6,80,91,1,4,1,6,0,0,0,369,0,16,385,619,Acta levantada en consejo,,,https://www.ieec.org.mx/Documentacion/elecciones/2021/CASILLAJ7_AEC266B.PDF
,4,CAMPECHE,20,PALIZADA,3,CARMEN,7,ATASTA,266,C,1,0,C01,1,75,5,90,4,103,104,3,7,1,1,0,0,0,394,1,13,408,619,Acta levantada en consejo,,,https://www.ieec.org.mx/Documentacion/elecciones/2021/CASILLAJ7_AEC266C1.PDF
,4,CAMPECHE,20,PALIZADA,3,CARMEN,7,ATASTA,266,C,2,0,C02,3,67,3,100,7,92,105,2,8,0,2,0,0,0,389,0,10,399,618,Acta levantada en consejo,,,https://www.ieec.org.mx/Documentacion/elecciones/2021/CASILLAJ7_AEC266C2.PDF
,4,CAMPECHE,20,PALIZADA,3,CARMEN,7,ATASTA,267,B,1,0,B,6,168,2,35,4,95,167,1,2,0,5,0,0,0,485,0,9,494,720,Acta levantada en consejo,,,https://www.ieec.org.mx/Documentacion/elecciones/2021/CASILLAJ7_AEC267B.PDF
,4,CAMPECHE,20,PALIZADA,3,CARMEN,7,ATASTA,267,C,1,0,C01,10,189,2,19,10,64,186,0,7,0,3,2,1,1,494,0,18,512,720,Acta levantada en consejo,,,https://www.ieec.org.mx/Documentacion/elecciones/2021/CASILLAJ7_AEC267C1.PDF
,4,CAMPECHE,20,PALIZADA,3,CARMEN,7,ATASTA,267,C,2,0,C02,6,174,1,13,4,86,189,4,5,3,6,3,0,0,494,0,12,506,720,Acta levantada en consejo,,,https://www.ieec.org.mx/Documentacion/elecciones/2021/CASILLAJ7_AEC267C2.PDF
,4,CAMPECHE,20,PALIZADA,3,CARMEN,7,ATASTA,267,C,3,0,C03,6,160,2,10,5,97,186,6,6,0,3,1,0,0,482,0,16,498,720,Acta levantada en consejo,,,https://www.ieec.org.mx/Documentacion/elecciones/2021/CASILLAJ7_AEC267C3.PDF
,4,CAMPECHE,20,PALIZADA,3,CARMEN,7,ATASTA,267,C,4,0,C04,7,214,1,26,6,76,144,5,1,3,3,3,0,0,489,0,14,503,719,Acta levantada en consejo,,,https://www.ieec.org.mx/Documentacion/elecciones/2021/CASILLAJ7_AEC267C4.PDF
,4,CAMPECHE,20,PALIZADA,3,CARMEN,7,ATASTA,268,B,1,0,B,3,118,0,32,61,72,182,1,0,0,2,0,0,0,471,0,12,483,711,Acta levantada en consejo,,,https://www.ieec.org.mx/Documentacion/elecciones/2021/CASILLAJ7_AEC268B.PDF
,4,CAMPECHE,20,PALIZADA,3,CARMEN,7,ATASTA,268,C,1,0,C01,5,112,5,50,89,82,176,2,4,0,2,0,0,0,527,0,23,550,711,Acta casilla,,,https://www.ieec.org.mx/Documentacion/elecciones/2021/CASILLAJ7_AEC268C1.PDF
,4,CAMPECHE,20,PALIZADA,3,CARMEN,7,ATASTA,268,C,2,0,C02,6,136,1,33,93,71,156,0,3,0,4,0,0,0,503,0,10,513,710,Acta levantada en consejo,,,https://www.ieec.org.mx/Documentacion/elecciones/2021/CASILLAJ7_AEC268C2.PDF
,4,CAMPECHE,20,PALIZADA,3,CARMEN,7,ATASTA,269,B,1,0,B,0,57,1,4,7,35,131,1,0,0,1,1,0,0,238,0,11,249,429,Acta casilla,,,https://www.ieec.org.mx/Documentacion/elecciones/2021/CASILLAJ7_AEC269B.PDF
,4,CAMPECHE,20,PALIZADA,3,CARMEN,7,ATASTA,269,C,1,0,C01,1,99,1,6,18,32,123,1,0,0,0,0,0,0,281,0,11,292,428,Acta levantada en consejo,,,https://www.ieec.org.mx/Documentacion/elecciones/2021/CASILLAJ7_AEC269C1.PDF
,4,CAMPECHE,12,SABANCUY,3,CARMEN,8,MAMANTEL,270,B,1,0,B,7,51,10,37,0,6,63,1,1,2,1,1,0,0,180,0,7,187,291,Acta casilla,,,https://www.ieec.org.mx/Documentacion/elecciones/2021/CASILLAJ8_AEC270B.PDF
,4,CAMPECHE,12,SABANCUY,3,CARMEN,8,MAMANTEL,472,B,1,0,B,21,61,14,51,0,57,103,5,2,0,4,2,0,0,320,0,13,333,531,Acta levantada en consejo,,,https://www.ieec.org.mx/Documentacion/elecciones/2021/CASILLAJ8_AEC472B.PDF
,4,CAMPECHE,12,SABANCUY,3,CARMEN,8,MAMANTEL,472,C,1,0,C01,9,72,20,61,0,54,86,3,1,0,5,0,0,0,311,0,16,327,531,Acta casilla,,,https://www.ieec.org.mx/Documentacion/elecciones/2021/CASILLAJ8_AEC472C1.PDF
,4,CAMPECHE,12,SABANCUY,3,CARMEN,8,MAMANTEL,473,B,1,0,B,6,74,34,94,0,20,90,2,2,1,0,0,0,0,323,0,15,338,491,Acta casilla,,,https://www.ieec.org.mx/Documentacion/elecciones/2021/CASILLAJ8_AEC473B.PDF
,4,CAMPECHE,12,SABANCUY,3,CARMEN,8,MAMANTEL,473,C,1,0,C01,6,66,26,92,0,28,105,3,5,1,2,1,0,1,336,0,8,344,491,Acta levantada en consejo,,,https://www.ieec.org.mx/Documentacion/elecciones/2021/CASILLAJ8_AEC473C1.PDF
,4,CAMPECHE,12,SABANCUY,3,CARMEN,8,MAMANTEL,474,B,1,0,B,11,107,5,26,0,11,46,1,3,0,0,0,0,0,210,0,5,215,291,Acta casilla,,,https://www.ieec.org.mx/Documentacion/elecciones/2021/CASILLAJ8_AEC474B.PDF
,4,CAMPECHE,12,SABANCUY,3,CARMEN,8,MAMANTEL,478,B,1,0,B,47,86,14,47,1,99,115,1,2,2,4,3,0,0,421,0,0,421,652,Acta casilla,,,https://www.ieec.org.mx/Documentacion/elecciones/2021/CASILLAJ8_AEC478B.PDF
,4,CAMPECHE,12,SABANCUY,3,CARMEN,8,MAMANTEL,478,C,1,0,C01,36,87,11,39,0,120,110,5,5,0,2,1,0,0,416,0,14,430,651,Acta levantada en consejo,,,https://www.ieec.org.mx/Documentacion/elecciones/2021/CASILLAJ8_AEC478C1.PDF
,4,CAMPECHE,12,SABANCUY,3,CARMEN,8,MAMANTEL,479,B,1,0,B,12,114,10,75,1,42,104,3,1,3,5,2,0,0,372,0,17,389,544,Acta casilla,,,https://www.ieec.org.mx/Documentacion/elecciones/2021/CASILLAJ8_AEC479B.PDF
,4,CAMPECHE,12,SABANCUY,3,CARMEN,8,MAMANTEL,483,B,1,0,B,2,72,6,39,0,13,71,3,3,0,2,0,0,1,212,0,6,218,349,Acta casilla,,,https://www.ieec.org.mx/Documentacion/elecciones/2021/CASILLAJ8_AEC483B.PDF
,4,CAMPECHE,12,SABANCUY,3,CARMEN,8,MAMANTEL,484,B,1,0,B,53,126,19,57,2,58,141,3,4,0,3,3,0,0,469,0,21,490,729,Acta casilla,,,https://www.ieec.org.mx/Documentacion/elecciones/2021/CASILLAJ8_AEC484B.PDF
,4,CAMPECHE,12,SABANCUY,3,CARMEN,8,MAMANTEL,484,C,1,0,C01,44,146,29,36,2,91,118,5,4,1,2,3,0,0,481,0,16,497,729,Acta levantada en consejo,,,https://www.ieec.org.mx/Documentacion/elecciones/2021/CASILLAJ8_AEC484C1.PDF
,4,CAMPECHE,12,SABANCUY,3,CARMEN,9,SABANCUY,250,B,1,0,B,10,156,0,9,2,159,94,5,3,0,8,4,0,0,450,0,25,475,692,Acta levantada en consejo,,,https://www.ieec.org.mx/Documentacion/elecciones/2021/CASILLAJ9_AEC250B.PDF
,4,CAMPECHE,12,SABANCUY,3,CARMEN,9,SABANCUY,250,C,1,0,C01,2,147,4,13,5,158,103,3,3,4,2,1,0,0,445,0,19,464,692,Acta levantada en consejo,,,https://www.ieec.org.mx/Documentacion/elecciones/2021/CASILLAJ9_AEC250C1.PDF
,4,CAMPECHE,12,SABANCUY,3,CARMEN,9,SABANCUY,250,C,2,0,C02,9,144,1,8,3,159,90,2,7,2,7,5,0,0,437,0,12,449,692,Acta levantada en consejo,,,https://www.ieec.org.mx/Documentacion/elecciones/2021/CASILLAJ9_AEC250C2.PDF
,4,CAMPECHE,12,SABANCUY,3,CARMEN,9,SABANCUY,251,B,1,0,B,11,145,2,14,0,102,78,2,2,2,3,0,0,0,361,0,13,374,533,Acta levantada en consejo,,,https://www.ieec.org.mx/Documentacion/elecciones/2021/CASILLAJ9_AEC251B.PDF
,4,CAMPECHE,12,SABANCUY,3,CARMEN,9,SABANCUY,251,C,1,0,C01,11,130,0,5,1,143,89,4,2,2,3,0,0,0,390,0,9,399,532,Acta levantada en consejo,,,https://www.ieec.org.mx/Documentacion/elecciones/2021/CASILLAJ9_AEC251C1.PDF
,4,CAMPECHE,12,SABANCUY,3,CARMEN,9,SABANCUY,252,B,1,0,B,8,147,1,8,2,86,90,1,5,1,5,0,0,0,354,0,18,372,514,Acta casilla,,,https://www.ieec.org.mx/Documentacion/elecciones/2021/CASILLAJ9_AEC252B.PDF
,4,CAMPECHE,12,SABANCUY,3,CARMEN,9,SABANCUY,252,C,1,0,C01,7,145,0,19,0,121,77,0,1,0,5,0,0,0,375,0,25,400,513,Acta levantada en consejo,,,https://www.ieec.org.mx/Documentacion/elecciones/2021/CASILLAJ9_AEC252C1.PDF
,4,CAMPECHE,12,SABANCUY,3,CARMEN,9,SABANCUY,253,B,1,0,B,13,135,0,9,1,100,98,0,4,0,2,1,0,1,364,0,13,377,577,Acta casilla,,,https://www.ieec.org.mx/Documentacion/elecciones/2021/CASILLAJ9_AEC253B.PDF
,4,CAMPECHE,12,SABANCUY,3,CARMEN,9,SABANCUY,253,C,1,0,C01,5,143,0,6,1,120,104,0,2,4,6,1,0,0,392,0,14,406,576,Acta casilla,,,https://www.ieec.org.mx/Documentacion/elecciones/2021/CASILLAJ9_AEC253C1.PDF
,4,CAMPECHE,12,SABANCUY,3,CARMEN,9,SABANCUY,253,C,2,0,C02,7,158,1,3,2,124,82,2,5,1,6,0,0,0,391,0,17,408,576,Acta casilla,,,https://www.ieec.org.mx/Documentacion/elecciones/2021/CASILLAJ9_AEC253C2.PDF
,4,CAMPECHE,12,SABANCUY,3,CARMEN,9,SABANCUY,254,B,1,0,B,0,184,0,4,2,29,287,3,5,8,0,0,0,0,522,0,15,537,683,Acta casilla,,,https://www.ieec.org.mx/Documentacion/elecciones/2021/CASILLAJ9_AEC254B.PDF
,4,CAMPECHE,12,SABANCUY,3,CARMEN,9,SABANCUY,255,B,1,0,B,6,118,1,4,13,103,201,6,6,5,0,0,0,0,463,0,7,470,591,Acta casilla,,,https://www.ieec.org.mx/Documentacion/elecciones/2021/CASILLAJ9_AEC255B.PDF
,4,CAMPECHE,12,SABANCUY,3,CARMEN,9,SABANCUY,258,B,1,0,B,3,142,0,6,2,114,157,8,8,0,0,4,0,0,444,0,11,455,711,Acta levantada en consejo,,,https://www.ieec.org.mx/Documentacion/elecciones/2021/CASILLAJ9_AEC258B.PDF
,4,CAMPECHE,12,SABANCUY,3,CARMEN,9,SABANCUY,258,C,1,0,C01,2,140,1,5,2,107,164,5,4,6,2,3,0,0,441,0,4,445,711,Acta levantada en consejo,,,https://www.ieec.org.mx/Documentacion/elecciones/2021/CASILLAJ9_AEC258C1.PDF
,4,CAMPECHE,12,SABANCUY,3,CARMEN,9,SABANCUY,259,B,1,0,B,4,126,10,2,9,107,133,2,3,8,5,2,0,0,411,0,11,422,692,Acta levantada en consejo,,,https://www.ieec.org.mx/Documentacion/elecciones/2021/CASILLAJ9_AEC259B.PDF
,4,CAMPECHE,12,SABANCUY,3,CARMEN,9,SABANCUY,259,C,1,0,C01,9,99,15,7,2,140,122,7,4,14,0,0,0,0,419,0,7,426,692,Acta casilla,,,https://www.ieec.org.mx/Documentacion/elecciones/2021/CASILLAJ9_AEC259C1.PDF
,4,CAMPECHE,12,SABANCUY,3,CARMEN,9,SABANCUY,260,B,1,0,B,0,64,6,0,2,40,87,4,1,20,2,0,0,0,226,0,5,231,378,Acta casilla,,,https://www.ieec.org.mx/Documentacion/elecciones/2021/CASILLAJ9_AEC260B.PDF
,4,CAMPECHE,12,SABANCUY,3,CARMEN,9,SABANCUY,260,C,1,0,C01,5,58,6,5,4,40,75,3,2,13,4,1,1,0,217,0,5,222,377,Acta levantada en consejo,,,https://www.ieec.org.mx/Documentacion/elecciones/2021/CASILLAJ9_AEC260C1.PDF
,4,CAMPECHE,12,SABANCUY,3,CARMEN,9,SABANCUY,261,B,1,0,B,3,106,7,0,3,70,171,6,12,8,6,1,0,0,393,0,12,405,633,Acta levantada en consejo,,,https://www.ieec.org.mx/Documentacion/elecciones/2021/CASILLAJ9_AEC261B.PDF
,4,CAMPECHE,12,SABANCUY,3,CARMEN,9,SABANCUY,261,C,1,0,C01,1,89,1,4,2,84,196,8,8,8,3,2,0,0,406,0,14,420,633,Acta casilla,,,https://www.ieec.org.mx/Documentacion/elecciones/2021/CASILLAJ9_AEC261C1.PDF
,4,CAMPECHE,12,SABANCUY,3,CARMEN,9,SABANCUY,262,B,1,0,B,10,163,3,4,1,100,188,6,7,2,4,4,0,1,493,0,13,506,740,Acta levantada en consejo,,,https://www.ieec.org.mx/Documentacion/elecciones/2021/CASILLAJ9_AEC262B.PDF
,4,CAMPECHE,12,SABANCUY,3,CARMEN,9,SABANCUY,262,C,1,0,C01,8,169,2,9,4,91,198,2,5,3,11,4,0,1,507,0,21,528,739,Acta levantada en consejo,,,https://www.ieec.org.mx/Documentacion/elecciones/2021/CASILLAJ9_AEC262C1.PDF
,4,CAMPECHE,16,SEYBAPLAYA,4,CHAMPOTON,10,HOOL,329,B,1,0,B,4,100,3,18,16,62,76,2,43,1,4,0,0,0,329,0,13,342,446,Acta levantada en consejo,,,https://www.ieec.org.mx/Documentacion/elecciones/2021/CASILLAJ10_AEC329B.PDF
,4,CAMPECHE,16,SEYBAPLAYA,4,CHAMPOTON,10,HOOL,329,C,1,0,C01,2,96,1,26,7,77,76,0,25,0,4,2,0,0,316,0,11,327,446,Acta casilla,,,https://www.ieec.org.mx/Documentacion/elecciones/2021/CASILLAJ10_AEC329C1.PDF
,4,CAMPECHE,16,SEYBAPLAYA,4,CHAMPOTON,10,HOOL,334,E,2,0,E02,0,18,1,1,0,7,31,1,1,0,0,0,0,0,60,0,2,62,96,Acta levantada en consejo,,,https://www.ieec.org.mx/Documentacion/elecciones/2021/CASILLAJ10_AEC334E2.PDF
,4,CAMPECHE,16,SEYBAPLAYA,4,CHAMPOTON,10,HOOL,538,B,1,0,B,11,108,2,70,1,44,82,1,4,0,1,3,0,0,327,1,27,355,619,Acta casilla,,,https://www.ieec.org.mx/Documentacion/elecciones/2021/CASILLAJ10_AEC538B.PDF
,4,CAMPECHE,16,SEYBAPLAYA,4,CHAMPOTON,10,HOOL,538,C,1,0,C01,12,120,2,57,3,47,72,0,4,0,4,0,1,1,323,0,18,341,619,Acta casilla,,,https://www.ieec.org.mx/Documentacion/elecciones/2021/CASILLAJ10_AEC538C1.PDF
,4,CAMPECHE,16,SEYBAPLAYA,4,CHAMPOTON,10,HOOL,538,C,2,0,C02,10,126,5,69,5,57,71,3,4,1,4,2,0,1,358,0,15,373,618,Acta levantada en consejo,,,https://www.ieec.org.mx/Documentacion/elecciones/2021/CASILLAJ10_AEC538C2.PDF
,4,CAMPECHE,16,SEYBAPLAYA,4,CHAMPOTON,10,HOOL,538,C,3,0,C03,23,132,6,80,0,43,61,1,6,0,0,1,0,0,353,0,17,370,618,Acta casilla,,,https://www.ieec.org.mx/Documentacion/elecciones/2021/CASILLAJ10_AEC538C3.PDF
,4,CAMPECHE,16,SEYBAPLAYA,4,CHAMPOTON,10,HOOL,538,C,4,0,C04,7,113,4,69,2,36,69,6,1,0,3,0,0,0,310,0,24,334,618,Acta levantada en consejo,,,https://www.ieec.org.mx/Documentacion/elecciones/2021/CASILLAJ10_AEC538C4.PDF
,4,CAMPECHE,16,SEYBAPLAYA,4,CHAMPOTON,11,SIHOCHAC,330,B,1,0,B,3,128,1,2,0,31,206,4,13,1,11,0,0,0,400,1,3,404,540,Acta levantada en consejo,,,https://www.ieec.org.mx/Documentacion/elecciones/2021/CASILLAJ11_AEC330B.PDF
,4,CAMPECHE,16,SEYBAPLAYA,4,CHAMPOTON,11,SIHOCHAC,330,C,1,0,C01,5,156,1,0,1,37,166,2,4,1,6,0,0,0,379,0,9,388,540,Acta levantada en consejo,,,https://www.ieec.org.mx/Documentacion/elecciones/2021/CASILLAJ11_AEC330C1.PDF
,4,CAMPECHE,16,SEYBAPLAYA,4,CHAMPOTON,11,SIHOCHAC,334,B,1,0,B,2,85,2,4,1,43,141,5,12,0,1,0,0,0,296,0,6,302,422,Acta levantada en consejo,,,https://www.ieec.org.mx/Documentacion/elecciones/2021/CASILLAJ11_AEC334B.PDF
,4,CAMPECHE,16,SEYBAPLAYA,4,CHAMPOTON,11,SIHOCHAC,334,C,1,0,C01,8,93,3,3,1,32,159,5,6,0,0,0,0,0,310,0,4,314,422,Acta levantada en consejo,,,https://www.ieec.org.mx/Documentacion/elecciones/2021/CASILLAJ11_AEC334C1.PDF
,4,CAMPECHE,16,SEYBAPLAYA,4,CHAMPOTON,11,SIHOCHAC,539,B,1,0,B,4,164,1,1,0,37,221,0,3,0,11,0,0,0,442,0,14,456,551,Acta casilla,,,https://www.ieec.org.mx/Documentacion/elecciones/2021/CASILLAJ11_AEC539B.PDF
,4,CAMPECHE,16,SEYBAPLAYA,4,CHAMPOTON,11,SIHOCHAC,539,C,1,0,C01,7,144,0,2,0,47,222,0,6,0,2,2,0,0,432,1,10,443,551,Acta casilla,,,https://www.ieec.org.mx/Documentacion/elecciones/2021/CASILLAJ11_AEC539C1.PDF
,4,CAMPECHE,16,SEYBAPLAYA,4,CHAMPOTON,12,CARRILLO PUERTO,342,B,1,0,B,1,182,6,33,1,136,97,1,6,0,3,1,0,1,468,0,7,475,606,Acta casilla,,,https://www.ieec.org.mx/Documentacion/elecciones/2021/CASILLAJ12_AEC342B.PDF
,4,CAMPECHE,16,SEYBAPLAYA,4,CHAMPOTON,12,CARRILLO PUERTO,342,C,1,0,C01,1,145,4,34,34,1,101,1,2,0,1,1,0,1,326,0,10,336,605,Acta levantada en consejo,,,https://www.ieec.org.mx/Documentacion/elecciones/2021/CASILLAJ12_AEC342C1.PDF
,4,CAMPECHE,16,SEYBAPLAYA,4,CHAMPOTON,12,CARRILLO PUERTO,343,B,1,0,B,6,150,1,11,0,85,121,0,2,0,2,1,0,0,379,0,10,389,540,Acta levantada en consejo,,,https://www.ieec.org.mx/Documentacion/elecciones/2021/CASILLAJ12_AEC343B.PDF
,4,CAMPECHE,16,SEYBAPLAYA,4,CHAMPOTON,12,CARRILLO PUERTO,343,C,1,0,C01,5,109,0,20,1,72,144,2,2,3,3,1,0,0,362,0,13,375,539,Acta levantada en consejo,,,https://www.ieec.org.mx/Documentacion/elecciones/2021/CASILLAJ12_AEC343C1.PDF
,4,CAMPECHE,16,SEYBAPLAYA,4,CHAMPOTON,12,CARRILLO PUERTO,347,B,1,0,B,5,77,1,4,0,68,109,5,3,1,0,0,0,0,273,0,4,277,316,Acta casilla,,,https://www.ieec.org.mx/Documentacion/elecciones/2021/CASILLAJ12_AEC347B.PDF
,4,CAMPECHE,16,SEYBAPLAYA,4,CHAMPOTON,12,CARRILLO PUERTO,347,C,1,0,C01,1,70,0,6,0,76,104,2,3,0,2,0,0,0,264,0,5,269,319,Acta casilla,,,https://www.ieec.org.mx/Documentacion/elecciones/2021/CASILLAJ12_AEC347C1.PDF
,4,CAMPECHE,16,SEYBAPLAYA,4,CHAMPOTON,12,CARRILLO PUERTO,348,B,1,0,B,6,64,0,7,1,35,109,7,5,0,0,0,0,0,234,0,9,243,388,Acta levantada en consejo,,,https://www.ieec.org.mx/Documentacion/elecciones/2021/CASILLAJ12_AEC348B.PDF
,4,CAMPECHE,16,SEYBAPLAYA,4,CHAMPOTON,12,CARRILLO PUERTO,348,C,1,0,C01,4,62,7,5,2,29,111,5,6,3,1,0,0,0,235,0,9,244,388,Acta levantada en consejo,,,https://www.ieec.org.mx/Documentacion/elecciones/2021/CASILLAJ12_AEC348C1.PDF
,4,CAMPECHE,16,SEYBAPLAYA,4,CHAMPOTON,12,CARRILLO PUERTO,352,B,1,0,B,6,135,3,19,1,132,131,3,4,2,1,0,0,0,437,0,10,447,631,Acta casilla,,,https://www.ieec.org.mx/Documentacion/elecciones/2021/CASILLAJ12_AEC352B.PDF
,4,CAMPECHE,16,SEYBAPLAYA,4,CHAMPOTON,12,CARRILLO PUERTO,354,B,1,0,B,26,175,4,21,2,108,142,7,4,3,2,3,0,0,497,0,17,514,738,Acta levantada en consejo,,,https://www.ieec.org.mx/Documentacion/elecciones/2021/CASILLAJ12_AEC354B.PDF
,4,CAMPECHE,16,SEYBAPLAYA,4,CHAMPOTON,12,CARRILLO PUERTO,530,B,1,0,B,28,29,36,2,1,27,53,1,4,2,0,2,1,1,187,0,13,200,257,Acta casilla,,,https://www.ieec.org.mx/Documentacion/elecciones/2021/CASILLAJ12_AEC530B.PDF
,4,CAMPECHE,19,HECELCHAKAN,5,HECELCHAKAN,13,POMUCH,374,B,1,0,B,27,69,1,18,1,109,33,3,9,14,0,1,0,0,285,0,2,287,354,Acta casilla,,,https://www.ieec.org.mx/Documentacion/elecciones/2021/CASILLAJ13_AEC374B.PDF
,4,CAMPECHE,19,HECELCHAKAN,5,HECELCHAKAN,13,POMUCH,375,B,1,0,B,61,50,1,79,1,146,27,3,5,11,1,0,0,0,385,0,14,399,531,Acta levantada en consejo,,,https://www.ieec.org.mx/Documentacion/elecciones/2021/CASILLAJ13_AEC375B.PDF
,4,CAMPECHE,19,HECELCHAKAN,5,HECELCHAKAN,13,POMUCH,375,C,1,0,C01,40,76,1,93,0,120,24,2,5,5,1,1,0,0,368,0,12,380,531,Acta levantada en consejo,,,https://www.ieec.org.mx/Documentacion/elecciones/2021/CASILLAJ13_AEC375C1.PDF
,4,CAMPECHE,19,HECELCHAKAN,5,HECELCHAKAN,13,POMUCH,375,C,2,0,C02,54,60,0,85,0,127,56,0,7,14,0,0,0,0,403,0,8,411,531,Acta casilla,,,https://www.ieec.org.mx/Documentacion/elecciones/2021/CASILLAJ13_AEC375C2.PDF
,4,CAMPECHE,19,HECELCHAKAN,5,HECELCHAKAN,13,POMUCH,376,B,1,0,B,26,55,8,101,1,113,42,3,12,21,1,2,0,0,385,0,9,394,512,Acta levantada en consejo,,,https://www.ieec.org.mx/Documentacion/elecciones/2021/CASILLAJ13_AEC376B.PDF
,4,CAMPECHE,19,HECELCHAKAN,5,HECELCHAKAN,13,POMUCH,376,C,1,0,C01,24,37,1,119,0,117,41,2,6,9,1,1,0,0,358,0,15,373,511,Acta levantada en consejo,,,https://www.ieec.org.mx/Documentacion/elecciones/2021/CASILLAJ13_AEC376C1.PDF
,4,CAMPECHE,19,HECELCHAKAN,5,HECELCHAKAN,13,POMUCH,376,C,2,0,C02,31,43,0,106,0,110,57,8,13,8,0,1,1,0,378,0,11,389,511,Acta levantada en consejo,,,https://www.ieec.org.mx/Documentacion/elecciones/2021/CASILLAJ13_AEC376C2.PDF
,4,CAMPECHE,19,HECELCHAKAN,5,HECELCHAKAN,13,POMUCH,377,B,1,0,B,44,69,0,110,0,130,62,4,14,4,1,1,0,0,439,0,7,446,577,Acta casilla,,,https://www.ieec.org.mx/Documentacion/elecciones/2021/CASILLAJ13_AEC377B.PDF
,4,CAMPECHE,19,HECELCHAKAN,5,HECELCHAKAN,13,POMUCH,377,C,1,0,C01,34,72,2,108,1,109,49,3,10,21,4,2,0,0,415,0,13,428,576,Acta levantada en consejo,,,https://www.ieec.org.mx/Documentacion/elecciones/2021/CASILLAJ13_AEC377C1.PDF
,4,CAMPECHE,19,HECELCHAKAN,5,HECELCHAKAN,13,POMUCH,378,B,1,0,B,49,61,4,126,1,150,43,2,21,5,0,2,0,0,464,4,10,478,730,Acta levantada en consejo,,,https://www.ieec.org.mx/Documentacion/elecciones/2021/CASILLAJ13_AEC378B.PDF
,4,CAMPECHE,19,HECELCHAKAN,5,HECELCHAKAN,13,POMUCH,378,C,1,0,C01,31,79,0,149,2,151,59,0,26,17,1,1,0,0,516,3,18,537,730,Acta levantada en consejo,,,https://www.ieec.org.mx/Documentacion/elecciones/2021/CASILLAJ13_AEC378C1.PDF
,4,CAMPECHE,19,HECELCHAKAN,5,HECELCHAKAN,13,POMUCH,379,B,1,0,B,54,78,1,112,0,145,59,2,21,16,0,0,0,0,488,0,10,498,663,Acta levantada en consejo,,,https://www.ieec.org.mx/Documentacion/elecciones/2021/CASILLAJ13_AEC379B.PDF
,4,CAMPECHE,19,HECELCHAKAN,5,HECELCHAKAN,13,POMUCH,379,C,1,0,C01,46,90,2,81,0,144,47,5,37,11,0,1,0,0,464,0,12,476,662,Acta casilla,,,https://www.ieec.org.mx/Documentacion/elecciones/2021/CASILLAJ13_AEC379C1.PDF
,4,CAMPECHE,18,HOPELCHEN,6,HOPELCHEN,14,BOLONCHEN DE REJON,385,B,1,0,B,0,153,5,1,0,175,17,0,0,1,0,0,0,0,352,0,0,352,369,Acta casilla,,,https://www.ieec.org.mx/Documentacion/elecciones/2021/CASILLAJ14_AEC385B.PDF
,4,CAMPECHE,18,HOPELCHEN,6,HOPELCHEN,14,BOLONCHEN DE REJON,386,B,1,0,B,3,93,0,2,1,116,45,1,0,0,0,0,0,0,261,0,2,263,414,Acta levantada en consejo,,,https://www.ieec.org.mx/Documentacion/elecciones/2021/CASILLAJ14_AEC386B.PDF
,4,CAMPECHE,18,HOPELCHEN,6,HOPELCHEN,14,BOLONCHEN DE REJON,387,B,1,0,B,6,146,8,3,1,78,42,3,1,0,1,0,0,0,289,0,2,291,304,Acta casilla,,,https://www.ieec.org.mx/Documentacion/elecciones/2021/CASILLAJ14_AEC387B.PDF
,4,CAMPECHE,18,HOPELCHEN,6,HOPELCHEN,14,BOLONCHEN DE REJON,388,B,1,0,B,3,111,15,8,0,174,119,0,4,0,3,1,0,0,438,0,11,449,585,Acta casilla,,,https://www.ieec.org.mx/Documentacion/elecciones/2021/CASILLAJ14_AEC388B.PDF
,4,CAMPECHE,18,HOPELCHEN,6,HOPELCHEN,14,BOLONCHEN DE REJON,388,C,1,0,C01,12,124,6,20,2,180,82,3,9,0,4,4,0,0,446,0,7,453,584,Acta casilla,,,https://www.ieec.org.mx/Documentacion/elecciones/2021/CASILLAJ14_AEC388C1.PDF
,4,CAMPECHE,18,HOPELCHEN,6,HOPELCHEN,14,BOLONCHEN DE REJON,388,C,2,0,C02,8,114,4,10,2,161,98,3,12,0,1,1,0,0,414,0,10,424,584,Acta casilla,,,https://www.ieec.org.mx/Documentacion/elecciones/2021/CASILLAJ14_AEC388C2.PDF
,4,CAMPECHE,18,HOPELCHEN,6,HOPELCHEN,14,BOLONCHEN DE REJON,388,C,3,0,C03,2,107,27,20,2,196,86,1,10,2,4,0,0,0,457,0,10,467,584,Acta casilla,,,https://www.ieec.org.mx/Documentacion/elecciones/2021/CASILLAJ14_AEC388C3.PDF
,4,CAMPECHE,18,HOPELCHEN,6,HOPELCHEN,14,BOLONCHEN DE REJON,389,B,1,0,B,7,140,2,4,0,171,56,1,19,0,0,0,0,0,400,0,7,407,574,Acta levantada en consejo,,,https://www.ieec.org.mx/Documentacion/elecciones/2021/CASILLAJ14_AEC389B.PDF
,4,CAMPECHE,18,HOPELCHEN,6,HOPELCHEN,14,BOLONCHEN DE REJON,389,C,1,0,C01,6,109,4,2,2,158,90,1,10,0,0,1,0,0,383,0,1,384,574,Acta casilla,,,https://www.ieec.org.mx/Documentacion/elecciones/2021/CASILLAJ14_AEC389C1.PDF
,4,CAMPECHE,18,HOPELCHEN,6,HOPELCHEN,15,DZIBALCHEN,400,B,1,0,B,17,242,3,8,2,145,137,9,1,1,9,0,0,0,574,0,0,574,646,Acta levantada en consejo,,,https://www.ieec.org.mx/Documentacion/elecciones/2021/CASILLAJ15_AEC400B.PDF
,4,CAMPECHE,18,HOPELCHEN,6,HOPELCHEN,15,DZIBALCHEN,400,C,1,0,C01,24,292,2,4,1,103,115,3,4,1,5,3,0,0,557,0,5,562,646,Acta casilla,,,https://www.ieec.org.mx/Documentacion/elecciones/2021/CASILLAJ15_AEC400C1.PDF
,4,CAMPECHE,18,HOPELCHEN,6,HOPELCHEN,15,DZIBALCHEN,401,B,1,0,B,40,227,0,5,0,89,197,3,0,0,0,0,0,0,561,0,10,571,634,Acta levantada en consejo,,,https://www.ieec.org.mx/Documentacion/elecciones/2021/CASILLAJ15_AEC401B.PDF
,4,CAMPECHE,18,HOPELCHEN,6,HOPELCHEN,15,DZIBALCHEN,401,C,1,0,C01,33,258,1,16,0,83,135,3,3,1,3,0,0,0,536,0,7,543,634,Acta levantada en consejo,,,https://www.ieec.org.mx/Documentacion/elecciones/2021/CASILLAJ15_AEC401C1.PDF
,4,CAMPECHE,18,HOPELCHEN,6,HOPELCHEN,15,DZIBALCHEN,402,B,1,0,B,0,87,3,1,0,21,69,0,0,0,0,0,0,0,181,0,2,183,749,Acta casilla,,,https://www.ieec.org.mx/Documentacion/elecciones/2021/CASILLAJ15_AEC402B.PDF
,4,CAMPECHE,18,HOPELCHEN,6,HOPELCHEN,15,DZIBALCHEN,403,B,1,0,B,14,108,0,5,0,78,164,3,0,0,2,0,0,0,374,0,23,397,688,Acta levantada en consejo,,,https://www.ieec.org.mx/Documentacion/elecciones/2021/CASILLAJ15_AEC403B.PDF
,4,CAMPECHE,18,HOPELCHEN,6,HOPELCHEN,15,DZIBALCHEN,403,C,1,0,C01,11,112,0,7,1,81,181,3,9,1,1,1,0,0,408,0,9,417,688,Acta levantada en consejo,,,https://www.ieec.org.mx/Documentacion/elecciones/2021/CASILLAJ15_AEC403C1.PDF
,4,CAMPECHE,18,HOPELCHEN,6,HOPELCHEN,15,DZIBALCHEN,404,B,1,0,B,3,112,0,11,1,58,109,4,3,1,2,1,0,0,305,0,8,313,412,Acta casilla,,,https://www.ieec.org.mx/Documentacion/elecciones/2021/CASILLAJ15_AEC404B.PDF
,4,CAMPECHE,18,HOPELCHEN,6,HOPELCHEN,15,DZIBALCHEN,404,C,1,0,C01,3,132,0,9,0,54,118,0,2,1,1,1,0,0,321,0,2,323,412,Acta levantada en consejo,,,https://www.ieec.org.mx/Documentacion/elecciones/2021/CASILLAJ15_AEC404C1.PDF
,4,CAMPECHE,18,HOPELCHEN,6,HOPELCHEN,15,DZIBALCHEN,405,B,1,0,B,0,52,0,8,2,47,33,0,0,0,0,0,0,0,142,0,3,145,595,Acta levantada en consejo,,,https://www.ieec.org.mx/Documentacion/elecciones/2021/CASILLAJ15_AEC405B.PDF
,4,CAMPECHE,18,HOPELCHEN,6,HOPELCHEN,15,DZIBALCHEN,406,B,1,0,B,2,99,1,4,1,132,79,1,0,3,0,0,0,0,322,0,3,325,602,Acta casilla,,,https://www.ieec.org.mx/Documentacion/elecciones/2021/CASILLAJ15_AEC406B.PDF
,4,CAMPECHE,18,HOPELCHEN,6,HOPELCHEN,16,UKUM,405,B,1,0,B,0,0,0,0,0,0,0,0,0,0,0,0,0,0,0,0,0,0,149,,,SIN ACTA,
,4,CAMPECHE,18,HOPELCHEN,6,HOPELCHEN,16,UKUM,407,B,1,0,B,23,86,0,1,1,90,141,2,5,0,0,0,0,0,349,0,4,353,412,Acta casilla,,,https://www.ieec.org.mx/Documentacion/elecciones/2021/CASILLAJ16_AEC407B.PDF
,4,CAMPECHE,18,HOPELCHEN,6,HOPELCHEN,16,UKUM,407,C,1,0,C01,15,107,2,2,0,68,140,1,3,1,0,0,0,0,339,0,4,343,412,Acta casilla,,,https://www.ieec.org.mx/Documentacion/elecciones/2021/CASILLAJ16_AEC407C1.PDF
,4,CAMPECHE,18,HOPELCHEN,6,HOPELCHEN,16,UKUM,408,B,1,0,B,9,201,0,10,2,35,183,1,2,1,0,0,0,0,444,0,1,445,510,Acta casilla,,,https://www.ieec.org.mx/Documentacion/elecciones/2021/CASILLAJ16_AEC408B.PDF
,4,CAMPECHE,18,HOPELCHEN,6,HOPELCHEN,16,UKUM,409,B,1,0,B,30,106,9,8,2,119,107,1,2,0,0,0,0,0,384,0,4,388,447,Acta levantada en consejo,,,https://www.ieec.org.mx/Documentacion/elecciones/2021/CASILLAJ16_AEC409B.PDF
,4,CAMPECHE,18,HOPELCHEN,6,HOPELCHEN,16,UKUM,409,C,1,0,C01,8,96,7,7,0,129,115,0,3,0,0,1,0,0,366,0,9,375,446,Acta casilla,,,https://www.ieec.org.mx/Documentacion/elecciones/2021/CASILLAJ16_AEC409C1.PDF
,4,CAMPECHE,18,HOPELCHEN,6,HOPELCHEN,16,UKUM,410,B,1,0,B,36,131,6,26,1,140,93,3,3,0,0,0,0,0,439,0,6,445,523,Acta casilla,,,https://www.ieec.org.mx/Documentacion/elecciones/2021/CASILLAJ16_AEC410B.PDF
,4,CAMPECHE,18,HOPELCHEN,6,HOPELCHEN,16,UKUM,410,C,1,0,C01,54,107,7,29,0,109,95,0,3,0,0,0,0,0,404,0,7,411,523,Acta levantada en consejo,,,https://www.ieec.org.mx/Documentacion/elecciones/2021/CASILLAJ16_AEC410C1.PDF
,4,CAMPECHE,18,HOPELCHEN,6,HOPELCHEN,16,UKUM,410,C,2,0,C02,22,113,8,23,0,144,119,0,0,0,0,0,0,0,429,0,0,429,522,Acta levantada en consejo,,,https://www.ieec.org.mx/Documentacion/elecciones/2021/CASILLAJ16_AEC410C2.PDF
,4,CAMPECHE,18,HOPELCHEN,6,HOPELCHEN,16,UKUM,411,B,1,0,B,17,90,4,14,0,158,127,0,0,0,2,2,0,1,415,0,55,470,330,Acta levantada en consejo,,,https://www.ieec.org.mx/Documentacion/elecciones/2021/CASILLAJ16_AEC411B.PDF
,4,CAMPECHE,18,HOPELCHEN,6,HOPELCHEN,16,UKUM,411,E,1,0,E01,11,74,0,5,3,110,73,1,1,0,0,4,0,0,282,0,7,289,537,Acta casilla,,,https://www.ieec.org.mx/Documentacion/elecciones/2021/CASILLAJ16_AEC411E1.PDF
,4,CAMPECHE,18,HOPELCHEN,6,HOPELCHEN,16,UKUM,412,B,1,0,B,6,91,1,2,1,108,119,0,2,0,0,0,0,0,330,0,46,376,356,Acta levantada en consejo,,,https://www.ieec.org.mx/Documentacion/elecciones/2021/CASILLAJ16_AEC412B.PDF
,4,CAMPECHE,7,TENABO,8,TENABO,17,TINUN,445,B,1,0,B,16,141,2,0,0,83,152,0,0,0,6,1,0,0,401,0,9,410,499,Acta casilla,,,https://www.ieec.org.mx/Documentacion/elecciones/2021/CASILLAJ17_AEC445B.PDF
,4,CAMPECHE,7,TENABO,8,TENABO,17,TINUN,445,C,1,0,C01,18,154,6,0,6,94,116,0,6,2,2,3,0,0,407,0,10,417,499,Acta levantada en consejo,,,https://www.ieec.org.mx/Documentacion/elecciones/2021/CASILLAJ17_AEC445C1.PDF
,4,CAMPECHE,7,TENABO,8,TENABO,17,TINUN,446,B,1,0,B,2,26,0,1,1,16,24,0,3,0,11,0,0,0,84,0,0,84,116,Acta casilla,,,https://www.ieec.org.mx/Documentacion/elecciones/2021/CASILLAJ17_AEC446B.PDF
,4,CAMPECHE,7,TENABO,8,TENABO,17,TINUN,447,B,1,0,B,13,137,1,5,0,65,143,0,0,0,1,4,0,0,369,1,23,393,427,Acta levantada en consejo,,,https://www.ieec.org.mx/Documentacion/elecciones/2021/CASILLAJ17_AEC447B.PDF
,4,CAMPECHE,21,XPUJIL,9,ESCARCEGA,18,CENTENARIO,356,B,1,0,B,3,66,74,8,8,97,166,3,1,2,5,0,0,1,434,0,11,445,706,Acta casilla,,,https://www.ieec.org.mx/Documentacion/elecciones/2021/CASILLAJ18_AEC356B.PDF
,4,CAMPECHE,21,XPUJIL,9,ESCARCEGA,18,CENTENARIO,356,C,1,0,C01,7,70,69,4,6,83,149,3,8,0,2,0,0,0,401,0,9,410,705,Acta levantada en consejo,,,https://www.ieec.org.mx/Documentacion/elecciones/2021/CASILLAJ18_AEC356C1.PDF
,4,CAMPECHE,21,XPUJIL,9,ESCARCEGA,18,CENTENARIO,356,C,2,0,C02,11,55,53,7,17,67,185,5,4,1,8,0,0,4,417,0,17,434,705,Acta levantada en consejo,,,https://www.ieec.org.mx/Documentacion/elecciones/2021/CASILLAJ18_AEC356C2.PDF
,4,CAMPECHE,21,XPUJIL,9,ESCARCEGA,18,CENTENARIO,357,B,1,0,B,6,103,63,8,10,30,197,2,7,2,3,0,0,3,434,0,10,444,665,Acta levantada en consejo,,,https://www.ieec.org.mx/Documentacion/elecciones/2021/CASILLAJ18_AEC357B.PDF
,4,CAMPECHE,21,XPUJIL,9,ESCARCEGA,18,CENTENARIO,358,B,1,0,B,2,42,18,1,8,62,85,7,0,1,0,0,0,1,227,0,9,236,343,Acta casilla,,,https://www.ieec.org.mx/Documentacion/elecciones/2021/CASILLAJ18_AEC358B.PDF
,4,CAMPECHE,21,XPUJIL,9,ESCARCEGA,18,CENTENARIO,361,B,1,0,B,7,40,83,2,18,68,189,6,4,0,4,0,1,3,425,0,17,442,741,Acta levantada en consejo,,,https://www.ieec.org.mx/Documentacion/elecciones/2021/CASILLAJ18_AEC361B.PDF
,4,CAMPECHE,21,XPUJIL,9,ESCARCEGA,18,CENTENARIO,361,C,1,0,C01,8,56,99,1,19,55,171,6,1,1,7,1,0,0,425,0,18,443,741,Acta levantada en consejo,,,https://www.ieec.org.mx/Documentacion/elecciones/2021/CASILLAJ18_AEC361C1.PDF
,4,CAMPECHE,13,ESCARCEGA,9,ESCARCEGA,19,DIVISION DEL NORTE,448,C,2,0,C02,0,0,0,0,0,0,0,0,0,0,0,0,0,0,0,0,0,0,1,,,SIN ACTA,
,4,CAMPECHE,21,XPUJIL,9,ESCARCEGA,19,DIVISION DEL NORTE,469,E,1,0,E01,20,54,3,2,1,30,18,2,1,0,5,0,0,0,136,0,10,146,229,Acta casilla,,,https://www.ieec.org.mx/Documentacion/elecciones/2021/CASILLAJ19_AEC469E1.PDF
,4,CAMPECHE,13,ESCARCEGA,9,ESCARCEGA,19,DIVISION DEL NORTE,475,B,1,0,B,32,46,8,11,5,106,73,4,0,0,1,1,0,2,289,0,5,294,490,Acta levantada en consejo,,,https://www.ieec.org.mx/Documentacion/elecciones/2021/CASILLAJ19_AEC475B.PDF
,4,CAMPECHE,13,ESCARCEGA,9,ESCARCEGA,19,DIVISION DEL NORTE,475,C,1,0,C01,42,43,10,12,4,120,58,2,1,0,7,2,0,0,301,0,8,309,490,Acta levantada en consejo,,,https://www.ieec.org.mx/Documentacion/elecciones/2021/CASILLAJ19_AEC475C1.PDF
,4,CAMPECHE,13,ESCARCEGA,9,ESCARCEGA,19,DIVISION DEL NORTE,476,B,1,0,B,29,30,3,10,14,75,64,1,1,1,4,2,0,0,234,0,7,241,414,Acta levantada en consejo,,,https://www.ieec.org.mx/Documentacion/elecciones/2021/CASILLAJ19_AEC476B.PDF
,4,CAMPECHE,13,ESCARCEGA,9,ESCARCEGA,19,DIVISION DEL NORTE,476,C,1,0,C01,33,42,4,6,6,75,51,4,2,0,4,0,0,0,227,0,5,232,414,Acta casilla,,,https://www.ieec.org.mx/Documentacion/elecciones/2021/CASILLAJ19_AEC476C1.PDF
,4,CAMPECHE,13,ESCARCEGA,9,ESCARCEGA,19,DIVISION DEL NORTE,477,B,1,0,B,60,54,8,13,16,135,49,2,0,0,8,8,0,0,353,0,8,361,597,Acta casilla,,,https://www.ieec.org.mx/Documentacion/elecciones/2021/CASILLAJ19_AEC477B.PDF
,4,CAMPECHE,13,ESCARCEGA,9,ESCARCEGA,19,DIVISION DEL NORTE,477,C,1,0,C01,65,79,9,7,17,110,52,2,1,0,5,4,0,0,351,0,14,365,597,Acta levantada en consejo,,,https://www.ieec.org.mx/Documentacion/elecciones/2021/CASILLAJ19_AEC477C1.PDF
,4,CAMPECHE,13,ESCARCEGA,9,ESCARCEGA,19,DIVISION DEL NORTE,480,B,1,0,B,32,56,1,3,25,100,88,2,1,0,2,3,0,0,313,0,1,314,461,Acta casilla,,,https://www.ieec.org.mx/Documentacion/elecciones/2021/CASILLAJ19_AEC480B.PDF
,4,CAMPECHE,13,ESCARCEGA,9,ESCARCEGA,19,DIVISION DEL NORTE,480,C,1,0,C01,56,61,0,10,27,57,70,2,2,0,1,2,0,0,288,0,14,302,460,Acta levantada en consejo,,,https://www.ieec.org.mx/Documentacion/elecciones/2021/CASILLAJ19_AEC480C1.PDF
,4,CAMPECHE,13,ESCARCEGA,9,ESCARCEGA,19,DIVISION DEL NORTE,481,B,1,0,B,25,62,4,4,57,85,114,4,1,0,3,0,0,1,360,0,18,378,608,Acta casilla,,,https://www.ieec.org.mx/Documentacion/elecciones/2021/CASILLAJ19_AEC481B.PDF
,4,CAMPECHE,13,ESCARCEGA,9,ESCARCEGA,19,DIVISION DEL NORTE,481,C,1,0,C01,11,52,5,6,51,64,123,0,0,0,3,0,0,0,315,0,18,333,607,Acta casilla,,,https://www.ieec.org.mx/Documentacion/elecciones/2021/CASILLAJ19_AEC481C1.PDF
,4,CAMPECHE,13,ESCARCEGA,9,ESCARCEGA,19,DIVISION DEL NORTE,482,B,1,0,B,3,78,4,0,94,77,128,3,3,1,1,1,0,1,394,0,31,425,683,Acta levantada en consejo,,,https://www.ieec.org.mx/Documentacion/elecciones/2021/CASILLAJ19_AEC482B.PDF
,4,CAMPECHE,13,ESCARCEGA,9,ESCARCEGA,19,DIVISION DEL NORTE,485,B,1,0,B,26,23,2,12,40,61,61,3,3,1,0,0,0,0,232,0,7,239,378,Acta levantada en consejo,,,https://www.ieec.org.mx/Documentacion/elecciones/2021/CASILLAJ19_AEC485B.PDF
,4,CAMPECHE,13,ESCARCEGA,9,ESCARCEGA,19,DIVISION DEL NORTE,485,C,1,0,C01,19,19,2,5,75,58,68,3,2,0,1,0,0,0,252,0,6,258,378,Acta casilla,,,https://www.ieec.org.mx/Documentacion/elecciones/2021/CASILLAJ19_AEC485C1.PDF
,4,CAMPECHE,14,CANDELARIA,10,CANDELARIA,20,MIGUEL HIDALGO Y COSTILLA,275,E,1,0,E01,32,12,2,2,3,3,98,3,0,1,0,1,0,0,157,0,4,161,246,Grupo de recuento,,,https://www.ieec.org.mx/Documentacion/elecciones/2021/CASILLAJ20_AEC275E1.PDF
,4,CAMPECHE,14,CANDELARIA,10,CANDELARIA,20,MIGUEL HIDALGO Y COSTILLA,285,E,1,0,E01,1,1,0,0,0,0,2,0,0,1,0,0,0,0,5,0,0,5,8,Grupo de recuento,,,https://www.ieec.org.mx/Documentacion/elecciones/2021/CASILLAJ20_AEC285E1.PDF
,4,CAMPECHE,14,CANDELARIA,10,CANDELARIA,20,MIGUEL HIDALGO Y COSTILLA,291,B,1,0,B,6,0,0,0,0,1,11,0,1,0,0,0,0,0,19,0,1,20,2,Grupo de recuento,,,https://www.ieec.org.mx/Documentacion/elecciones/2021/CASILLAJ20_AEC291B.PDF
,4,CAMPECHE,14,CANDELARIA,10,CANDELARIA,20,MIGUEL HIDALGO Y COSTILLA,291,C,1,0,C01,2,0,0,0,0,0,0,0,0,0,0,0,0,0,2,0,0,2,5,Grupo de recuento,,,https://www.ieec.org.mx/Documentacion/elecciones/2021/CASILLAJ20_AEC291C1.PDF
,4,CAMPECHE,14,CANDELARIA,10,CANDELARIA,20,MIGUEL HIDALGO Y COSTILLA,292,B,1,0,B,0,0,0,0,0,0,0,0,0,0,0,0,0,0,0,0,0,0,10,Grupo de recuento,,,https://www.ieec.org.mx/Documentacion/elecciones/2021/CASILLAJ20_AEC292B.PDF
,4,CAMPECHE,14,CANDELARIA,10,CANDELARIA,20,MIGUEL HIDALGO Y COSTILLA,293,E,1,0,E01,62,74,3,6,8,26,169,7,2,0,2,0,0,0,359,0,16,375,596,Grupo de recuento,,,https://www.ieec.org.mx/Documentacion/elecciones/2021/CASILLAJ20_AEC293E1.PDF
,4,CAMPECHE,14,CANDELARIA,10,CANDELARIA,20,MIGUEL HIDALGO Y COSTILLA,294,B,1,0,B,10,19,0,0,5,32,15,1,0,0,2,2,0,0,86,0,4,90,174,Grupo de recuento,,,https://www.ieec.org.mx/Documentacion/elecciones/2021/CASILLAJ20_AEC294B.PDF
,4,CAMPECHE,14,CANDELARIA,10,CANDELARIA,20,MIGUEL HIDALGO Y COSTILLA,295,B,1,0,B,44,47,2,4,17,56,100,3,2,1,1,0,0,0,277,0,10,287,480,Grupo de recuento,,,https://www.ieec.org.mx/Documentacion/elecciones/2021/CASILLAJ20_AEC295B.PDF
,4,CAMPECHE,14,CANDELARIA,10,CANDELARIA,20,MIGUEL HIDALGO Y COSTILLA,296,B,1,0,B,50,95,2,11,27,60,188,1,1,8,1,4,0,0,448,0,22,470,750,Grupo de recuento,,,https://www.ieec.org.mx/Documentacion/elecciones/2021/CASILLAJ20_AEC296B.PDF
,4,CAMPECHE,14,CANDELARIA,10,CANDELARIA,20,MIGUEL HIDALGO Y COSTILLA,297,B,1,0,B,35,43,0,5,9,74,89,1,3,0,2,2,0,0,263,0,8,271,394,Grupo de recuento,,,https://www.ieec.org.mx/Documentacion/elecciones/2021/CASILLAJ20_AEC297B.PDF
,4,CAMPECHE,14,CANDELARIA,10,CANDELARIA,20,MIGUEL HIDALGO Y COSTILLA,297,C,1,0,C01,36,59,1,1,10,83,82,0,3,3,1,1,0,2,282,0,12,294,394,Acta casilla,,,https://www.ieec.org.mx/Documentacion/elecciones/2021/CASILLAJ20_AEC297C1.PDF
,4,CAMPECHE,14,CANDELARIA,10,CANDELARIA,20,MIGUEL HIDALGO Y COSTILLA,298,B,1,0,B,42,30,6,8,24,47,128,6,0,2,0,1,0,0,294,0,12,306,475,Acta casilla,,,https://www.ieec.org.mx/Documentacion/elecciones/2021/CASILLAJ20_AEC298B.PDF
,4,CAMPECHE,14,CANDELARIA,10,CANDELARIA,20,MIGUEL HIDALGO Y COSTILLA,298,C,1,0,C01,45,39,4,6,40,50,112,4,2,0,2,2,0,0,306,0,9,315,475,Acta casilla,,,https://www.ieec.org.mx/Documentacion/elecciones/2021/CASILLAJ20_AEC298C1.PDF
,4,CAMPECHE,14,CANDELARIA,10,CANDELARIA,20,MIGUEL HIDALGO Y COSTILLA,299,B,1,0,B,50,66,3,11,15,57,150,0,2,2,0,1,0,0,357,0,14,371,551,Grupo de recuento,,,https://www.ieec.org.mx/Documentacion/elecciones/2021/CASILLAJ20_AEC299B.PDF
,4,CAMPECHE,14,CANDELARIA,10,CANDELARIA,20,MIGUEL HIDALGO Y COSTILLA,299,C,1,0,C01,37,47,2,6,12,46,160,2,3,5,0,1,0,0,321,0,23,344,551,Grupo de recuento,,,https://www.ieec.org.mx/Documentacion/elecciones/2021/CASILLAJ20_AEC299C1.PDF
,4,CAMPECHE,14,CANDELARIA,10,CANDELARIA,20,MIGUEL HIDALGO Y COSTILLA,300,B,1,0,B,24,47,2,2,8,65,110,5,2,3,0,5,0,0,273,0,8,281,457,Acta casilla,,,https://www.ieec.org.mx/Documentacion/elecciones/2021/CASILLAJ20_AEC300B.PDF
,4,CAMPECHE,14,CANDELARIA,10,CANDELARIA,20,MIGUEL HIDALGO Y COSTILLA,301,B,1,0,B,78,63,3,6,9,34,163,7,4,2,1,7,0,0,377,0,12,389,560,Grupo de recuento,,,https://www.ieec.org.mx/Documentacion/elecciones/2021/CASILLAJ20_AEC301B.PDF
,4,CAMPECHE,14,CANDELARIA,10,CANDELARIA,20,MIGUEL HIDALGO Y COSTILLA,301,C,1,0,C01,68,76,4,7,6,29,163,6,6,3,1,5,1,0,375,0,11,386,583,Grupo de recuento,,,https://www.ieec.org.mx/Documentacion/elecciones/2021/CASILLAJ20_AEC301C1.PDF
,4,CAMPECHE,14,CANDELARIA,10,CANDELARIA,20,MIGUEL HIDALGO Y COSTILLA,301,C,2,0,C02,77,59,2,8,5,26,153,5,5,3,1,3,0,0,347,0,16,363,544,Grupo de recuento,,,https://www.ieec.org.mx/Documentacion/elecciones/2021/CASILLAJ20_AEC301C2.PDF
,4,CAMPECHE,14,CANDELARIA,10,CANDELARIA,20,MIGUEL HIDALGO Y COSTILLA,302,B,1,0,B,19,23,1,2,20,37,79,4,0,1,2,1,0,0,189,0,12,201,304,Grupo de recuento,,,https://www.ieec.org.mx/Documentacion/elecciones/2021/CASILLAJ20_AEC302B.PDF
,4,CAMPECHE,14,CANDELARIA,10,CANDELARIA,20,MIGUEL HIDALGO Y COSTILLA,490,E,1,0,E01,5,47,0,1,1,14,28,0,1,0,2,1,0,0,100,0,3,103,134,Grupo de recuento,,,https://www.ieec.org.mx/Documentacion/elecciones/2021/CASILLAJ20_AEC490E1.PDF
,4,CAMPECHE,14,CANDELARIA,10,CANDELARIA,20,MIGUEL HIDALGO Y COSTILLA,534,B,1,0,B,8,36,1,4,1,21,45,1,4,1,0,1,0,0,123,0,4,127,270,Grupo de recuento,,,https://www.ieec.org.mx/Documentacion/elecciones/2021/CASILLAJ20_AEC534B.PDF
,4,CAMPECHE,14,CANDELARIA,10,CANDELARIA,20,MIGUEL HIDALGO Y COSTILLA,536,B,1,0,B,0,0,0,0,0,0,0,0,0,0,0,0,0,0,0,0,0,0,5,Grupo de recuento,,,https://www.ieec.org.mx/Documentacion/elecciones/2021/CASILLAJ20_AEC536B.PDF
,4,CAMPECHE,14,CANDELARIA,10,CANDELARIA,20,MIGUEL HIDALGO Y COSTILLA,536,C,1,0,C01,0,0,0,0,0,0,0,0,0,0,0,0,0,0,0,0,0,0,4,Grupo de recuento,,,https://www.ieec.org.mx/Documentacion/elecciones/2021/CASILLAJ20_AEC536C1.PDF
,4,CAMPECHE,14,CANDELARIA,10,CANDELARIA,20,MIGUEL HIDALGO Y COSTILLA,536,C,2,0,C02,0,0,0,0,0,0,0,0,0,0,0,0,0,0,0,0,0,0,7,Grupo de recuento,,,https://www.ieec.org.mx/Documentacion/elecciones/2021/CASILLAJ20_AEC536C2.PDF
,4,CAMPECHE,14,CANDELARIA,10,CANDELARIA,21,MONCLOVA,281,B,1,0,B,0,0,0,0,0,0,0,0,0,0,0,0,0,0,0,0,0,0,4,Grupo de recuento,,,https://www.ieec.org.mx/Documentacion/elecciones/2021/CASILLAJ21_AEC281B.PDF
,4,CAMPECHE,14,CANDELARIA,10,CANDELARIA,21,MONCLOVA,281,C,1,0,C01,0,0,0,0,0,0,0,0,0,0,0,0,0,0,0,0,0,0,5,Grupo de recuento,,,https://www.ieec.org.mx/Documentacion/elecciones/2021/CASILLAJ21_AEC281C1.PDF
,4,CAMPECHE,14,CANDELARIA,10,CANDELARIA,21,MONCLOVA,285,E,1,0,E01,2,1,0,0,0,0,1,0,0,0,0,0,0,0,4,0,0,4,8,Grupo de recuento,,,https://www.ieec.org.mx/Documentacion/elecciones/2021/CASILLAJ21_AEC285E1.PDF
,4,CAMPECHE,14,CANDELARIA,10,CANDELARIA,21,MONCLOVA,288,B,1,0,B,80,28,1,2,2,37,53,3,5,12,0,6,0,0,229,0,7,236,416,Acta casilla,,,https://www.ieec.org.mx/Documentacion/elecciones/2021/CASILLAJ21_AEC288B.PDF
,4,CAMPECHE,14,CANDELARIA,10,CANDELARIA,21,MONCLOVA,289,B,1,0,B,149,78,1,10,0,72,91,1,2,0,2,3,0,0,409,0,10,419,649,Grupo de recuento,,,https://www.ieec.org.mx/Documentacion/elecciones/2021/CASILLAJ21_AEC289B.PDF
,4,CAMPECHE,14,CANDELARIA,10,CANDELARIA,21,MONCLOVA,289,E,1,0,E01,18,9,0,2,0,7,23,2,0,0,0,1,0,0,62,0,1,63,102,Acta casilla,,,https://www.ieec.org.mx/Documentacion/elecciones/2021/CASILLAJ21_AEC289E1.PDF
,4,CAMPECHE,14,CANDELARIA,10,CANDELARIA,21,MONCLOVA,290,B,1,0,B,14,19,0,18,0,6,18,0,1,1,0,2,0,0,79,0,1,80,136,Grupo de recuento,,,https://www.ieec.org.mx/Documentacion/elecciones/2021/CASILLAJ21_AEC290B.PDF
,4,CAMPECHE,14,CANDELARIA,10,CANDELARIA,21,MONCLOVA,291,B,1,0,B,112,24,0,2,2,13,91,4,6,1,0,2,0,0,257,0,10,267,465,Acta casilla,,,https://www.ieec.org.mx/Documentacion/elecciones/2021/CASILLAJ21_AEC291B.PDF
,4,CAMPECHE,14,CANDELARIA,10,CANDELARIA,21,MONCLOVA,291,C,1,0,C01,108,25,1,0,2,9,78,4,4,3,1,2,0,0,237,0,13,250,421,Grupo de recuento,,,https://www.ieec.org.mx/Documentacion/elecciones/2021/CASILLAJ21_AEC291C1.PDF
,4,CAMPECHE,14,CANDELARIA,10,CANDELARIA,21,MONCLOVA,292,B,1,0,B,0,0,0,0,0,0,0,0,0,0,0,0,0,0,0,0,0,0,10,Grupo de recuento,,,https://www.ieec.org.mx/Documentacion/elecciones/2021/CASILLAJ21_AEC292B.PDF
,4,CAMPECHE,14,CANDELARIA,10,CANDELARIA,21,MONCLOVA,293,B,1,0,B,51,55,2,5,2,64,63,4,2,1,3,3,0,1,256,0,13,269,413,Acta casilla,,,https://www.ieec.org.mx/Documentacion/elecciones/2021/CASILLAJ21_AEC293B.PDF
,4,CAMPECHE,14,CANDELARIA,10,CANDELARIA,21,MONCLOVA,295,E,1,0,E01,112,47,4,4,4,71,175,6,8,2,1,2,0,0,436,0,10,446,678,Grupo de recuento,,,https://www.ieec.org.mx/Documentacion/elecciones/2021/CASILLAJ21_AEC295E1.PDF
,4,CAMPECHE,14,CANDELARIA,10,CANDELARIA,21,MONCLOVA,295,E,1,1,E01C01,123,47,4,7,7,36,165,9,1,2,0,2,0,0,403,0,19,422,678,Grupo de recuento,,,https://www.ieec.org.mx/Documentacion/elecciones/2021/CASILLAJ21_AEC295E1C1.PDF
,4,CAMPECHE,14,CANDELARIA,10,CANDELARIA,21,MONCLOVA,301,B,1,0,B,0,0,0,0,0,0,0,0,0,0,0,0,0,0,0,0,0,0,41,Grupo de recuento,,,https://www.ieec.org.mx/Documentacion/elecciones/2021/CASILLAJ21_AEC301B.PDF
,4,CAMPECHE,14,CANDELARIA,10,CANDELARIA,21,MONCLOVA,301,C,1,0,C01,0,0,0,0,0,0,0,0,0,0,0,0,0,0,0,0,0,0,17,Grupo de recuento,,,https://www.ieec.org.mx/Documentacion/elecciones/2021/CASILLAJ21_AEC301C1.PDF
,4,CAMPECHE,14,CANDELARIA,10,CANDELARIA,21,MONCLOVA,301,C,2,0,C02,0,0,0,0,0,0,0,0,0,0,0,0,0,0,0,0,0,0,56,Grupo de recuento,,,https://www.ieec.org.mx/Documentacion/elecciones/2021/CASILLAJ21_AEC301C2.PDF
,4,CAMPECHE,14,CANDELARIA,10,CANDELARIA,21,MONCLOVA,531,B,1,0,B,65,36,2,4,2,14,110,2,2,1,1,6,0,0,245,0,9,254,267,Grupo de recuento,,,https://www.ieec.org.mx/Documentacion/elecciones/2021/CASILLAJ21_AEC531B.PDF
,4,CAMPECHE,14,CANDELARIA,10,CANDELARIA,21,MONCLOVA,531,C,1,0,C01,81,35,1,7,0,9,105,6,6,1,2,1,0,0,254,0,11,265,265,Grupo de recuento,,,https://www.ieec.org.mx/Documentacion/elecciones/2021/CASILLAJ21_AEC531C1.PDF
,4,CAMPECHE,14,CANDELARIA,10,CANDELARIA,21,MONCLOVA,532,B,1,0,B,93,41,2,9,0,18,185,4,10,0,3,12,0,0,377,0,9,386,586,Grupo de recuento,,,https://www.ieec.org.mx/Documentacion/elecciones/2021/CASILLAJ21_AEC532B.PDF
,4,CAMPECHE,14,CANDELARIA,10,CANDELARIA,21,MONCLOVA,532,C,1,0,C01,83,51,10,4,0,13,178,1,6,0,8,2,0,0,356,0,9,365,570,Grupo de recuento,,,https://www.ieec.org.mx/Documentacion/elecciones/2021/CASILLAJ21_AEC532C1.PDF
,4,CAMPECHE,14,CANDELARIA,10,CANDELARIA,21,MONCLOVA,533,B,1,0,B,0,1,0,0,0,0,5,0,0,0,0,0,0,0,6,0,0,6,10,Acta casilla,,,https://www.ieec.org.mx/Documentacion/elecciones/2021/CASILLAJ21_AEC533B.PDF
,4,CAMPECHE,14,CANDELARIA,10,CANDELARIA,21,MONCLOVA,533,C,1,0,C01,0,0,0,0,0,0,0,0,0,0,0,0,0,0,0,0,0,0,5,Grupo de recuento,,,https://www.ieec.org.mx/Documentacion/elecciones/2021/CASILLAJ21_AEC533C1.PDF
,4,CAMPECHE,14,CANDELARIA,10,CANDELARIA,21,MONCLOVA,533,E,1,0,E01,69,17,3,2,0,9,100,1,1,1,1,3,0,1,208,0,5,213,473,Grupo de recuento,,,https://www.ieec.org.mx/Documentacion/elecciones/2021/CASILLAJ21_AEC533E1.PDF
,4,CAMPECHE,14,CANDELARIA,10,CANDELARIA,21,MONCLOVA,534,B,1,0,B,15,27,0,2,1,2,31,4,1,0,1,2,0,0,86,0,4,90,70,Grupo de recuento,,,https://www.ieec.org.mx/Documentacion/elecciones/2021/CASILLAJ21_AEC534B.PDF
,4,CAMPECHE,14,CANDELARIA,10,CANDELARIA,21,MONCLOVA,536,B,1,0,B,99,47,2,7,0,38,135,0,0,0,1,7,0,0,336,19,24,379,702,Grupo de recuento,,,https://www.ieec.org.mx/Documentacion/elecciones/2021/CASILLAJ21_AEC536B.PDF
,4,CAMPECHE,14,CANDELARIA,10,CANDELARIA,21,MONCLOVA,536,C,1,0,C01,95,35,0,6,2,46,163,10,18,1,5,3,0,0,384,0,14,398,703,Grupo de recuento,,,https://www.ieec.org.mx/Documentacion/elecciones/2021/CASILLAJ21_AEC536C1.PDF
,4,CAMPECHE,14,CANDELARIA,10,CANDELARIA,21,MONCLOVA,536,C,2,0,C02,101,41,3,7,0,47,159,7,10,2,3,1,1,0,382,0,14,396,700,Acta casilla,,,https://www.ieec.org.mx/Documentacion/elecciones/2021/CASILLAJ21_AEC536C2.PDF
,4,CAMPECHE,14,CANDELARIA,10,CANDELARIA,21,MONCLOVA,537,B,1,0,B,92,50,1,5,1,46,133,5,8,0,1,2,0,0,344,0,10,354,633,Grupo de recuento,,,https://www.ieec.org.mx/Documentacion/elecciones/2021/CASILLAJ21_AEC537B.PDF
,4,CAMPECHE,21,XPUJIL,11,CALAKMUL,22,CONSTITUCION,359,B,1,0,B,1,108,2,8,1,59,167,8,7,0,5,0,1,0,367,0,8,375,490,Acta casilla,,,https://www.ieec.org.mx/Documentacion/elecciones/2021/CASILLAJ22_AEC359B.PDF
,4,CAMPECHE,21,XPUJIL,11,CALAKMUL,22,CONSTITUCION,359,C,1,0,C01,1,88,5,10,1,59,183,7,6,0,1,0,0,1,362,0,8,370,490,Acta casilla,,,https://www.ieec.org.mx/Documentacion/elecciones/2021/CASILLAJ22_AEC359C1.PDF
,4,CAMPECHE,21,XPUJIL,11,CALAKMUL,22,CONSTITUCION,360,B,1,0,B,4,90,0,2,3,68,191,7,8,2,4,1,0,0,380,0,13,393,706,Acta casilla,,,https://www.ieec.org.mx/Documentacion/elecciones/2021/CASILLAJ22_AEC360B.PDF
,4,CAMPECHE,21,XPUJIL,11,CALAKMUL,22,CONSTITUCION,360,C,1,0,C01,9,109,1,4,0,77,207,4,0,0,4,0,0,0,415,0,16,431,706,Acta levantada en consejo,,,https://www.ieec.org.mx/Documentacion/elecciones/2021/CASILLAJ22_AEC360C1.PDF
,4,CAMPECHE,21,XPUJIL,11,CALAKMUL,22,CONSTITUCION,362,B,1,0,B,3,56,2,10,0,55,151,8,0,0,1,1,0,0,287,0,21,308,450,Acta levantada en consejo,,,https://www.ieec.org.mx/Documentacion/elecciones/2021/CASILLAJ22_AEC362B.PDF
,4,CAMPECHE,21,XPUJIL,11,CALAKMUL,22,CONSTITUCION,362,E,1,0,E01,7,104,1,3,0,58,164,4,0,0,3,0,0,1,345,0,24,369,533,Acta levantada en consejo,,,https://www.ieec.org.mx/Documentacion/elecciones/2021/CASILLAJ22_AEC362E1.PDF
,4,CAMPECHE,21,XPUJIL,11,CALAKMUL,22,CONSTITUCION,417,E,1,0,E01,1,97,0,7,0,38,147,2,0,0,1,1,0,0,294,0,12,306,384,Acta levantada en consejo,,,https://www.ieec.org.mx/Documentacion/elecciones/2021/CASILLAJ22_AEC417E1.PDF
