ID_ESTADO,NOMBRE_ESTADO,TERRITORIO,MUNICIPIOS,DISTRITOS,SECCIONES,CASILLAS,PAN,PRI,PRD,PVEM,PT,MC,NA,MORENA,ES,PAN_PRD_MC_CAND,PRI_PVEM_NA_CAND,PT_MORENA_ES_CAND,CAND_IND1,CAND_IND2,CAND_IND3,CAND_IND4,CAND_IND5,CAND_IND6,CAND_IND7,NUM_VOTOS_CAN_NREG,NUM_VOTOS_NULOS,TOTAL_VOTOS,LISTA_NOMINAL,TRIBUNAL,OBSERVACIONES,RUTA_ACTA,JUICIO
1,AGUASCALIENTES,VOTO EN EL EXTRANJERO,,,,,,112,,14,,,13,,,287,,390,,,,,,,,5,14,835,1687,,,JE2018_01_SEN_MR_CompEntVMRE_5_35.pdf,
1,AGUASCALIENTES,VOTO EN TERRITORIO NACIONAL,11,3,600,1598,,144104,,18381,,,14192,,,198075,,158829,,,,,,,,391,20490,554462,943448,,,JE2018_01_SEN_MR_CompEnt_23_30.pdf,
2,BAJA CALIFORNIA,VOTO EN EL EXTRANJERO,,,,,,86,,37,,,15,,,438,,887,,,,,,,,3,32,1498,2630,,,JE2018_02_SEN_MR_CompEntVMRE_5_35.pdf,
2,BAJA CALIFORNIA,VOTO EN TERRITORIO NACIONAL,5,8,1947,4701,,148135,,44458,,,29486,,,337268,,823354,,,,,,,,1314,42524,1426539,2731567,,,JE2018_02_SEN_MR_CompEnt_23_30.pdf,
3,BAJA CALIFORNIA SUR,VOTO EN EL EXTRANJERO,,,,,,9,,0,,,1,,,42,,78,13,,,,,,,0,3,146,220,,,JE2018_03_SEN_MR_CompEntVMRE_5_35.pdf,
3,BAJA CALIFORNIA SUR,VOTO EN TERRITORIO NACIONAL,5,2,483,978,,24067,,10969,,,7939,,,83776,,144891,14727,,,,,,,203,10167,296739,516146,,,JE2018_03_SEN_MR_CompEnt_23_30.pdf,
4,CAMPECHE,VOTO EN EL EXTRANJERO,,,,,,,,,,,,,,36,23,150,,,,,,,,0,2,211,351,,,JE2018_04_SEN_MR_CompEntVMRE_5_35.pdf,
4,CAMPECHE,VOTO EN TERRITORIO NACIONAL,11,2,525,1155,,,,,,,,,,88618,136625,204513,,,,,,,,134,15670,445560,642056,,,JE2018_04_SEN_MR_CompEnt_23_30.pdf,
5,COAHUILA,VOTO EN EL EXTRANJERO,,,,,,,,,,,,,,713,141,871,,,,,,,,1,31,1757,3148,,,JE2018_05_SEN_MR_CompEntVMRE_5_35.pdf,
5,COAHUILA,VOTO EN TERRITORIO NACIONAL,38,7,1663,3761,,,,,,,,,,391158,442307,492591,,,,,,,,428,34036,1360520,2154098,,,JE2018_05_SEN_MR_CompEnt_23_30.pdf,
6,COLIMA,VOTO EN EL EXTRANJERO,,,,,,,,,,,,,,117,49,406,,,,,,,,1,11,584,1168,,,JE2018_06_SEN_MR_CompEntVMRE_5_35.pdf,
6,COLIMA,VOTO EN TERRITORIO NACIONAL,10,2,370,950,,,,,,,,,,77477,97933,146636,,,,,,,,191,12236,334473,530720,,,JE2018_06_SEN_MR_CompEnt_23_30.pdf,
7,CHIAPAS,VOTO EN EL EXTRANJERO,,,,,,,,,,,,,,112,45,833,,68,,,,,,1,33,1092,2534,,,JE2018_07_SEN_MR_CompEntVMRE_5_35.pdf,
7,CHIAPAS,VOTO EN TERRITORIO NACIONAL,123,13,2045,6303,,,,,,,,,,237620,707603,1157630,,98391,,,,,,1393,194794,2397431,3541181,,,JE2018_07_SEN_MR_CompEnt_23_30.pdf,
8,CHIHUAHUA,VOTO EN EL EXTRANJERO,,,,,,259,,35,,,21,,,990,,1285,,,,,,,,5,37,2632,5036,,,JE2018_08_SEN_MR_CompEntVMRE_5_35.pdf,
8,CHIHUAHUA,VOTO EN TERRITORIO NACIONAL,67,9,3142,5297,,326416,,56567,,,43767,,,448446,,539049,,,,,,,,1262,73187,1488694,2743260,,,JE2018_08_SEN_MR_CompEnt_23_30.pdf,
9,CIUDAD DE MÉXICO,VOTO EN EL EXTRANJERO,,,,,,1169,,333,,,183,,,9569,,10885,,,,,,,,49,215,22403,28616,,,JE2018_09_SEN_MR_CompEntVMRE_5_35.pdf,
9,CIUDAD DE MÉXICO,VOTO EN TERRITORIO NACIONAL,16,24,5527,12976,,520450,,244697,,,91850,,,1547398,,2755327,,,,,,,,4471,204759,5368952,7628256,,,JE2018_09_SEN_MR_CompEnt_23_30.pdf,
10,DURANGO,VOTO EN EL EXTRANJERO,,,,,,127,,37,,,15,,,526,,1241,,,,,,,,1,37,1984,4783,,,JE2018_10_SEN_MR_CompEntVMRE_5_35.pdf,
10,DURANGO,VOTO EN TERRITORIO NACIONAL,39,4,1354,2479,,156321,,26479,,,14544,,,221859,,282246,,,,,,,,289,25572,727310,1279679,,,JE2018_10_SEN_MR_CompEnt_23_30.pdf,
11,GUANAJUATO,VOTO EN EL EXTRANJERO,,,,,,227,,91,,,48,,,1331,,2751,,,,,,,,9,62,4519,11532,,,JE2018_11_SEN_MR_CompEntVMRE_5_35.pdf,
11,GUANAJUATO,VOTO EN TERRITORIO NACIONAL,46,15,3137,7463,,322454,,190281,,,71495,,,1014570,,590071,,,,,,,,1700,111913,2302484,4359531,,,JE2018_11_SEN_MR_CompEnt_23_30.pdf,
12,GUERRERO,VOTO EN EL EXTRANJERO,,,,,,,,,,,,,,320,133,3740,,,83,,,,,6,41,4323,9379,,,JE2018_12_SEN_MR_CompEntVMRE_5_35.pdf,
12,GUERRERO,VOTO EN TERRITORIO NACIONAL,81,9,2666,4950,,,,,,,,,,356900,367181,759961,,,20714,,,,,703,85263,1590722,2506912,MODIFICADA,5 CASILLAS ANULADAS,JE2018_12_SEN_MR_CompEnt_23_30.pdf,SCM-JIN-103-2018_SCM-JIN-104-2018_SUP-REC-851-2018_SUP-REC-852-2018.pdf
13,HIDALGO,VOTO EN EL EXTRANJERO,,,,,,,,,47,,,1407,8,244,95,,,,,,,,,3,95,1899,4174,,,JE2018_13_SEN_MR_CompEntVMRE_5_35.pdf,
13,HIDALGO,VOTO EN TERRITORIO NACIONAL,84,7,1758,3787,,,,,51213,,,659661,28870,200714,375107,,,,,,,,,516,68570,1384651,2118481,,,JE2018_13_SEN_MR_CompEnt_23_30.pdf,
14,JALISCO,VOTO EN EL EXTRANJERO,,,,,,347,,78,,,51,,,1834,,3539,,,,2448,,,,7,128,8432,16453,,,JE2018_14_SEN_MR_CompEntVMRE_5_35.pdf,
14,JALISCO,VOTO EN TERRITORIO NACIONAL,125,20,3545,9808,,423105,,119883,,,63417,,,1149140,,835497,,,,759364,,,,1658,121564,3473628,5896959,,,JE2018_14_SEN_MR_CompEnt_23_30.pdf,
15,MÉXICO,VOTO EN EL EXTRANJERO,,,,,,,,,,,,,,2000,377,3580,,,,,,,,6,61,6024,9999,,,JE2018_15_SEN_MR_CompEntVMRE_5_35.pdf,
15,MÉXICO,VOTO EN TERRITORIO NACIONAL,125,41,6441,19298,,,,,,,,,,1975100,1941590,3833290,,,,,,,,4172,245627,7999779,11832184,MODIFICADA,30 CASILLAS ANULADAS,JE2018_15_SEN_MR_CompEnt_23_30.pdf,ST-JIN-86-2018.pdf
16,MICHOACÁN,VOTO EN EL EXTRANJERO,,,,,,216,,80,,,39,,,1019,,4263,,,,,,,,10,96,5723,14242,,,JE2018_16_SEN_MR_CompEntVMRE_5_35.pdf,
16,MICHOACÁN,VOTO EN TERRITORIO NACIONAL,113,12,2650,5977,,339562,,136827,,,46455,,,571417,,739008,,,,,,,,1264,127070,1961603,3372938,,,JE2018_16_SEN_MR_CompEnt_23_30.pdf,
17,MORELOS,VOTO EN EL EXTRANJERO,,,,,294,,48,,,64,,,,,93,1319,,,,,,,,7,24,1849,3487,,,JE2018_17_SEN_MR_CompEntVMRE_5_35.pdf,
17,MORELOS,VOTO EN TERRITORIO NACIONAL,33,5,907,2421,88901,,79633,,,44351,,,,,193502,488552,,,,,,,,795,58178,953912,1439365,,,JE2018_17_SEN_MR_CompEnt_23_30.pdf,
18,NAYARIT,VOTO EN EL EXTRANJERO,,,,,,45,,4,,,3,,,155,,754,,,,,,,,1,17,979,2087,,,JE2018_18_SEN_MR_CompEntVMRE_5_35.pdf,
18,NAYARIT,VOTO EN TERRITORIO NACIONAL,20,3,952,1668,,68186,,11046,,,10249,,,105240,,267003,,,,,,,,187,17323,479234,846811,,,JE2018_18_SEN_MR_CompEnt_23_30.pdf,
19,NUEVO LEÓN,VOTO EN EL EXTRANJERO,,,,,1668,149,22,46,,800,40,,,,,888,,,,,247,,,1,48,3909,6175,,,JE2018_19_SEN_MR_CompEntVMRE_5_35.pdf,
19,NUEVO LEÓN,VOTO EN TERRITORIO NACIONAL,51,12,2625,6585,491543,320785,16135,80920,,507181,57137,,,,,455225,,,,,101654,,,1069,64624,2096273,3900538,MODIFICADA,222 CASILLAS ANULADAS,JE2018_19_SEN_MR_CompEnt_23_30.pdf,SM-JIN-1-2018_SUP-REC-893-2018.pdf
20,OAXACA,VOTO EN EL EXTRANJERO,,,,,,,,,,,,,,229,104,4181,,,,,,,,7,33,4554,8696,,,JE2018_20_SEN_MR_CompEntVMRE_5_35.pdf,
20,OAXACA,VOTO EN TERRITORIO NACIONAL,570,10,2444,5415,,,,,,,,,,302402,437973,1084166,,,,,,,,541,87407,1912489,2861299,,,JE2018_20_SEN_MR_CompEnt_23_30.pdf,
21,PUEBLA,VOTO EN EL EXTRANJERO,,,,,,170,,72,,,34,,,820,,4826,,,,,,,,11,58,5991,10811,,,JE2018_21_SEN_MR_CompEntVMRE_5_35.pdf,
21,PUEBLA,VOTO EN TERRITORIO NACIONAL,217,15,2652,7547,,467613,,133524,,,82043,,,775938,,1435663,,,,,,,,1345,157358,3053484,4500580,,,JE2018_21_SEN_MR_CompEnt_23_30.pdf,
22,QUERÉTARO,VOTO EN EL EXTRANJERO,,,,,,64,,28,,,5,,,652,,670,,,,,,,,3,18,1440,2419,,,JE2018_22_SEN_MR_CompEntVMRE_5_35.pdf,
22,QUERÉTARO,VOTO EN TERRITORIO NACIONAL,18,5,860,2648,,146998,,41039,,,21244,,,388682,,353847,,,,,,,,764,48801,1001375,1582953,,,JE2018_22_SEN_MR_CompEnt_23_30.pdf,
23,QUINTANA ROO,VOTO EN EL EXTRANJERO,,,,,,,,,,,,,,193,13,293,,,,,,,,2,8,509,688,,,JE2018_23_SEN_MR_CompEntVMRE_5_35.pdf,
23,QUINTANA ROO,VOTO EN TERRITORIO NACIONAL,11,4,939,2098,,,,,,,,,,149285,112846,427407,,,,,,,,740,27261,717539,1208666,,,JE2018_23_SEN_MR_CompEnt_23_30.pdf,
24,SAN LUIS POTOSÍ,VOTO EN EL EXTRANJERO,,,,,,,,,,,,,,557,181,1437,,,,,,,,5,35,2215,5148,,,JE2018_24_SEN_MR_CompEntVMRE_5_35.pdf,
24,SAN LUIS POTOSÍ,VOTO EN TERRITORIO NACIONAL,58,7,1785,3624,,,,,,,,,,428258,354746,378190,,,,,,,,976,82105,1244275,1974326,,,JE2018_24_SEN_MR_CompEnt_23_30.pdf,
25,SINALOA,VOTO EN EL EXTRANJERO,,,,,,,,,,,,,,263,113,941,,,,,,257,,0,12,1586,2941,,,JE2018_25_SEN_MR_CompEntVMRE_5_35.pdf,
25,SINALOA,VOTO EN TERRITORIO NACIONAL,18,7,3704,4841,,,,,,,,,,243367,306882,603662,,,,,,93637,,455,37106,1285109,2135258,,,JE2018_25_SEN_MR_CompEnt_23_30.pdf,
26,SONORA,VOTO EN EL EXTRANJERO,,,,,,,,,,,,,,348,116,800,,,,,,,,3,15,1282,2207,,,JE2018_26_SEN_MR_CompEntVMRE_5_35.pdf,
26,SONORA,VOTO EN TERRITORIO NACIONAL,72,7,1513,3636,,,,,,,,,,236091,301076,509241,,,,,,,,380,36408,1083196,2101688,,,JE2018_26_SEN_MR_CompEnt_23_30.pdf,
27,TABASCO,VOTO EN EL EXTRANJERO,,,,,,36,,3,,,3,,,66,,542,,,,,,,,3,7,660,1026,,,JE2018_27_SEN_MR_CompEntVMRE_5_35.pdf,
27,TABASCO,VOTO EN TERRITORIO NACIONAL,17,6,1129,2912,,140148,,41566,,,12092,,,149611,,808532,,,,,,,,377,41783,1194109,1687618,,,JE2018_27_SEN_MR_CompEnt_23_30.pdf,
28,TAMAULIPAS,VOTO EN EL EXTRANJERO,,,,,,134,,34,,,25,,,694,,1151,,,,,,,,6,40,2084,4289,,,JE2018_28_SEN_MR_CompEntVMRE_5_35.pdf,
28,TAMAULIPAS,VOTO EN TERRITORIO NACIONAL,43,9,1995,4628,,294109,,37852,,,25455,,,604724,,609155,,,,,,,,579,48478,1620352,2628745,,,JE2018_28_SEN_MR_CompEnt_23_30.pdf,
29,TLAXCALA,VOTO EN EL EXTRANJERO,,,,,,,,,,,,,,75,17,585,,,,,,,9,9,8,703,1256,,,JE2018_29_SEN_MR_CompEntVMRE_5_35.pdf,
29,TLAXCALA,VOTO EN TERRITORIO NACIONAL,60,3,607,1534,,,,,,,,,,107869,106240,356760,,,,,,,14012,452,24707,610040,922016,,,JE2018_29_SEN_MR_CompEnt_23_30.pdf,
30,VERACRUZ,VOTO EN EL EXTRANJERO,,,,,,,,,,,,,,707,139,3373,,,,,,,,5,31,4255,7998,,,JE2018_30_SEN_MR_CompEntVMRE_5_35.pdf,
30,VERACRUZ,VOTO EN TERRITORIO NACIONAL,212,20,4812,10595,,,,,,,,,,1260581,576718,1817126,,,,,,,,1079,126389,3781893,5775918,,,JE2018_30_SEN_MR_CompEnt_23_30.pdf,
31,YUCATÁN,VOTO EN EL EXTRANJERO,,,,,,,,,,,,,,242,68,344,,,,,,,,0,12,666,1030,,,JE2018_31_SEN_MR_CompEntVMRE_5_35.pdf,
31,YUCATÁN,VOTO EN TERRITORIO NACIONAL,106,5,1116,2666,,,,,,,,,,382812,427988,305220,,,,,,,,277,32515,1148812,1544062,,,JE2018_31_SEN_MR_CompEnt_23_30.pdf,
32,ZACATECAS,VOTO EN EL EXTRANJERO,,,,,,,,,,,,,,390,166,1411,,,,,,,,2,29,1998,5046,,,JE2018_32_SEN_MR_CompEntVMRE_5_35.pdf,
32,ZACATECAS,VOTO EN TERRITORIO NACIONAL,58,4,1757,2509,,,,,,,,,,157544,254645,311764,,,,,,,,249,31603,755805,1162459,,,JE2018_32_SEN_MR_CompEnt_23_30.pdf,
