ID_ESTADO,NOMBRE_ESTADO,ID_DISTRITO,CABECERA_DISTRITAL,SECCIONES,CASILLAS,PAN,PRI,PRD,PVEM,PT,MC,NA,MORENA,ES,PAN_PRD_MC_CAND,PRI_PVEM_NA_CAND,PT_MORENA_ES_CAND,CAND_IND1,CAND_IND2,CAND_IND3,CAND_IND4,CAND_IND5,CAND_IND6,CAND_IND7,NUM_VOTOS_CAN_NREG,NUM_VOTOS_NULOS,TOTAL_VOTOS,LISTA_NOMINAL,TRIBUNAL,OBSERVACIONES,RUTA_ACTA,JUICIO
1,AGUASCALIENTES,0,VOTO EN EL EXTRANJERO,,,,112,,14,,,13,,,287,,390,,,,,,,,5,14,835,1687,,,,
1,AGUASCALIENTES,1,JESUS MARIA,148,488,,44753,,6938,,,6137,,,60160,,52188,,,,,,,,103,7369,177648,306488,,,JE2018_01_01_SEN_MR_CompDtal_19_31826.pdf,
1,AGUASCALIENTES,2,AGUASCALIENTES,192,524,,46628,,5235,,,4078,,,54667,,54636,,,,,,,,107,5926,171277,304756,,,JE2018_01_02_SEN_MR_FinDervRec_21_20422.pdf,
1,AGUASCALIENTES,3,AGUASCALIENTES,260,586,,52723,,6208,,,3977,,,83248,,52005,,,,,,,,181,7195,205537,332204,,,JE2018_01_03_SEN_MR_CompDtal_19_21419.pdf,
2,BAJA CALIFORNIA,0,VOTO EN EL EXTRANJERO,,,,86,,37,,,15,,,438,,887,,,,,,,,3,32,1498,2630,,,,
2,BAJA CALIFORNIA,1,MEXICALI,224,563,,14761,,5402,,,4406,,,47074,,98599,,,,,,,,131,5521,175894,334181,,,JE2018_02_01_SEN_MR_CompDtal_19_611.pdf,
2,BAJA CALIFORNIA,2,MEXICALI,278,596,,20495,,5605,,,3485,,,53275,,91708,,,,,,,,185,5794,180547,336298,,,JE2018_02_02_SEN_MR_CompDtal_19_5126.pdf,
2,BAJA CALIFORNIA,3,ENSENADA,216,575,,28759,,5153,,,4297,,,38281,,98837,,,,,,,,332,6343,182002,330058,,,JE2018_02_03_SEN_MR_CompDtal_19_1395.pdf,
2,BAJA CALIFORNIA,4,TIJUANA,316,623,,11414,,4863,,,3470,,,31023,,122308,,,,,,,,102,4133,177313,344424,,,JE2018_02_04_SEN_MR_CompDtal_19_26544.pdf,
2,BAJA CALIFORNIA,5,TIJUANA,222,594,,19375,,6750,,,3681,,,51797,,102540,,,,,,,,162,5227,189532,355396,,,JE2018_02_05_SEN_MR_CompDtal_19_30292.pdf,
2,BAJA CALIFORNIA,6,TIJUANA,283,603,,19628,,6278,,,3634,,,42802,,97833,,,,,,,,164,5536,175875,338791,,,JE2018_02_06_SEN_MR_CompDtal_19_5691.pdf,
2,BAJA CALIFORNIA,7,MEXICALI,159,557,,18647,,5183,,,3292,,,38139,,96756,,,,,,,,123,5279,167419,344373,,,JE2018_02_07_SEN_MR_CompDtal_19_12304.pdf,
2,BAJA CALIFORNIA,8,TIJUANA,249,590,,15056,,5224,,,3221,,,34877,,114773,,,,,,,,115,4691,177957,348046,,,JE2018_02_08_SEN_MR_CompDtal_19_5857.pdf,
3,BAJA CALIFORNIA SUR,0,VOTO EN EL EXTRANJERO,,,,9,,0,,,1,,,42,,78,13,,,,,,,0,3,146,220,,,,
3,BAJA CALIFORNIA SUR,1,LA PAZ,316,551,,18050,,4816,,,6480,,,49577,,76155,10308,,,,,,,157,6071,171614,277795,,,JE2018_03_01_SEN_MR_CompDtal_19_31843.pdf,
3,BAJA CALIFORNIA SUR,2,SAN JOSE DEL CABO,167,427,,6017,,6153,,,1459,,,34199,,68736,4419,,,,,,,46,4096,125125,238351,,,JE2018_03_02_SEN_MR_CompDtal_19_4730.pdf,
4,CAMPECHE,0,VOTO EN EL EXTRANJERO,,,,,,,,,,,,36,23,150,,,,,,,,0,2,211,351,,,,
4,CAMPECHE,1,SAN FRANCISCO DE CAMPECHE,258,591,,,,,,,,,,51805,78624,99004,,,,,,,,78,7919,237430,321907,,,JE2018_04_01_SEN_MR_CompDtal_19_23435.pdf,
4,CAMPECHE,2,CIUDAD DEL CARMEN,267,564,,,,,,,,,,36813,58001,105509,,,,,,,,56,7751,208130,320149,,,JE2018_04_02_SEN_MR_CompDtal_19_13759.pdf,
5,COAHUILA,0,VOTO EN EL EXTRANJERO,,,,,,,,,,,,713,141,871,,,,,,,,1,31,1757,3148,,,,
5,COAHUILA,1,PIEDRAS NEGRAS,229,550,,,,,,,,,,60231,55710,63008,,,,,,,,44,4731,183724,316626,,,JE2018_05_01_SEN_MR_CompDtal_19_36210.pdf,
5,COAHUILA,2,SAN PEDRO,284,566,,,,,,,,,,47728,66030,74528,,,,,,,,59,5414,193759,299448,,,JE2018_05_02_SEN_MR_CompDtal_19_36069.pdf,
5,COAHUILA,3,MONCLOVA,251,549,,,,,,,,,,58844,57825,76034,,,,,,,,73,5847,198623,313766,,,JE2018_05_03_SEN_MR_CompDtal_19_16770.pdf,
5,COAHUILA,4,SALTILLO,180,520,,,,,,,,,,58868,70313,63803,,,,,,,,94,5165,198243,316909,,,JE2018_05_04_SEN_MR_CompDtal_19_38023.pdf,
5,COAHUILA,5,TORREON,275,540,,,,,,,,,,75440,60103,69003,,,,,,,,49,3854,208449,302651,,,JE2018_05_05_SEN_MR_CompDtal_19_20533.pdf,
5,COAHUILA,6,TORREON,176,477,,,,,,,,,,45433,59384,78062,,,,,,,,40,3323,186242,290378,,,JE2018_05_06_SEN_MR_CompDtal_19_22184.pdf,
5,COAHUILA,7,SALTILLO,268,559,,,,,,,,,,44614,72942,68153,,,,,,,,69,5702,191480,314320,,,JE2018_05_07_SEN_MR_CompDtal_19_25528.pdf,
6,COLIMA,0,VOTO EN EL EXTRANJERO,,,,,,,,,,,,117,49,406,,,,,,,,1,11,584,1168,,,,
6,COLIMA,1,COLIMA,204,504,,,,,,,,,,50917,53553,69847,,,,,,,,96,6293,180706,277346,,,JE2018_06_01_SEN_MR_CompDtal_19_16174.pdf,
6,COLIMA,2,MANZANILLO,166,446,,,,,,,,,,26560,44380,76789,,,,,,,,95,5943,153767,253374,,,JE2018_06_02_SEN_MR_CompDtal_19_33878.pdf,
7,CHIAPAS,0,VOTO EN EL EXTRANJERO,,,,,,,,,,,,112,45,833,,68,,,,,,1,33,1092,2534,,,,
7,CHIAPAS,1,PALENQUE,123,437,,,,,,,,,,13234,54525,88012,,4050,,,,,,40,19188,179049,247047,,,JE2018_07_01_SEN_MR_CompDtal_19_32895.pdf,
7,CHIAPAS,2,BOCHIL,135,460,,,,,,,,,,21145,77179,56046,,4202,,,,,,134,16739,175445,246405,,,JE2018_07_02_SEN_MR_CompDtal_19_28268.pdf,
7,CHIAPAS,3,OCOSINGO,104,440,,,,,,,,,,10530,60264,67775,,4108,,,,,,95,12183,154955,235285,,,JE2018_07_03_SEN_MR_CompDtal_19_4544.pdf,
7,CHIAPAS,4,PICHUCALCO,174,486,,,,,,,,,,19280,55293,92901,,5149,,,,,,118,16335,189076,258864,,,JE2018_07_04_SEN_MR_CompDtal_19_24575.pdf,
7,CHIAPAS,5,SAN CRISTOBAL DE LAS CASAS,132,488,,,,,,,,,,16546,62172,98235,,5652,,,,,,109,13615,196329,276588,,,JE2018_07_05_SEN_MR_CompDtal_19_29227.pdf,
7,CHIAPAS,6,TUXTLA GUTIERREZ,120,495,,,,,,,,,,28113,35464,108992,,16793,,,,,,77,13896,203335,308774,,,JE2018_07_06_SEN_MR_CompDtal_19_12056.pdf,
7,CHIAPAS,7,TONALA,189,510,,,,,,,,,,15385,46747,100764,,5697,,,,,,134,12152,180879,277171,,,JE2018_07_07_SEN_MR_CompDtal_19_20255.pdf,
7,CHIAPAS,8,COMITAN DE DOMINGUEZ,171,505,,,,,,,,,,14987,70305,92541,,6811,,,,,,46,19893,204583,301902,,,JE2018_07_08_SEN_MR_CompDtal_19_35755.pdf,
7,CHIAPAS,9,TUXTLA GUTIERREZ,201,525,,,,,,,,,,19547,18626,117206,,31181,,,,,,256,8964,195780,313545,,,JE2018_07_09_SEN_MR_CompDtal_19_28301.pdf,
7,CHIAPAS,10,VILLAFLORES,176,487,,,,,,,,,,13095,64464,89353,,6701,,,,,,155,16700,190468,279402,,,JE2018_07_10_SEN_MR_CompDtal_19_17455.pdf,
7,CHIAPAS,11,LAS MARGARITAS,117,439,,,,,,,,,,28301,68876,45273,,1757,,,,,,53,16975,161235,230721,,,JE2018_07_11_SEN_MR_CompDtal_19_20441.pdf,
7,CHIAPAS,12,TAPACHULA,208,523,,,,,,,,,,19197,36175,118474,,4002,,,,,,86,10533,188467,293222,,,JE2018_07_12_SEN_MR_CompDtal_19_30963.pdf,
7,CHIAPAS,13,HUEHUETAN,195,508,,,,,,,,,,18260,57513,82058,,2288,,,,,,90,17621,177830,272255,,,JE2018_07_13_SEN_MR_CompDtal_19_27384.pdf,
8,CHIHUAHUA,0,VOTO EN EL EXTRANJERO,,,,259,,35,,,21,,,990,,1285,,,,,,,,5,37,2632,5036,,,,
8,CHIHUAHUA,1,JUAREZ,290,550,,18665,,7969,,,4680,,,24917,,82381,,,,,,,,158,6076,144846,294799,,,JE2018_08_01_SEN_MR_CompDtal_19_23424.pdf,
8,CHIHUAHUA,2,JUAREZ,379,578,,25203,,7330,,,4108,,,36714,,60796,,,,,,,,162,8139,142452,286909,,,JE2018_08_02_SEN_MR_CompDtal_19_30848.pdf,
8,CHIHUAHUA,3,JUAREZ,319,525,,22659,,6528,,,4486,,,23914,,61983,,,,,,,,298,7147,127015,288764,,,JE2018_08_03_SEN_MR_CompDtal_19_9448.pdf,
8,CHIHUAHUA,4,JUAREZ,371,612,,29974,,8792,,,5308,,,52947,,75058,,,,,,,,200,7794,180073,331502,,,JE2018_08_04_SEN_MR_CompDtal_19_22501.pdf,
8,CHIHUAHUA,5,DELICIAS,341,603,,50173,,3963,,,9008,,,58027,,55424,,,,,,,,46,8021,184662,322473,,,JE2018_08_05_SEN_MR_FinDervRec_21_31620.pdf,
8,CHIHUAHUA,6,CHIHUAHUA,347,643,,49512,,6383,,,4313,,,94146,,56276,,,,,,,,129,7096,217855,347451,,,JE2018_08_06_SEN_MR_CompDtal_19_29666.pdf,
8,CHIHUAHUA,7,CUAUHTEMOC,445,655,,36227,,3618,,,3470,,,46066,,55870,,,,,,,,60,9977,155288,289173,,,JE2018_08_07_SEN_MR_CompDtal_19_33783.pdf,
8,CHIHUAHUA,8,CHIHUAHUA,300,600,,41074,,6173,,,4368,,,64718,,58351,,,,,,,,132,7042,181858,331730,,,JE2018_08_08_SEN_MR_CompDtal_19_16704.pdf,
8,CHIHUAHUA,9,HIDALGO DEL PARRAL,350,531,,52929,,5811,,,4026,,,46997,,32910,,,,,,,,77,11895,154645,250459,,,JE2018_08_09_SEN_MR_CompDtal_19_22331.pdf,
9,CIUDAD DE MÉXICO,0,VOTO EN EL EXTRANJERO,,,,1169,,333,,,183,,,9569,,10885,,,,,,,,49,215,22403,28616,,,,
9,CIUDAD DE MÉXICO,1,GUSTAVO A. MADERO,223,526,,14717,,8646,,,3689,,,48949,,126326,,,,,,,,154,7783,210264,310869,,,JE2018_09_01_SEN_MR_CompDtal_19_30151.pdf,
9,CIUDAD DE MÉXICO,2,GUSTAVO A. MADERO,340,675,,27306,,12434,,,5270,,,74592,,130029,,,,,,,,207,9470,259308,367043,,,JE2018_09_02_SEN_MR_CompDtal_19_7257.pdf,
9,CIUDAD DE MÉXICO,3,AZCAPOTZALCO,347,689,,26479,,12716,,,5097,,,74414,,142209,,,,,,,,260,9909,271084,378726,,,JE2018_09_03_SEN_MR_CompDtal_19_6024.pdf,
9,CIUDAD DE MÉXICO,4,IZTAPALAPA,171,463,,12667,,8181,,,3126,,,49418,,113508,,,,,,,,118,7443,194461,280449,,,JE2018_09_04_SEN_MR_CompDtal_19_25567.pdf,
9,CIUDAD DE MÉXICO,5,TLALPAN,167,446,,19157,,9885,,,2974,,,54050,,96476,,,,,,,,150,7730,190422,269909,,,JE2018_09_05_SEN_MR_CompDtal_19_32007.pdf,
9,CIUDAD DE MÉXICO,6,LA MAGDALENA CONTRERAS,247,555,,29948,,10021,,,3290,,,67099,,108084,,,,,,,,158,8466,227066,315711,,,JE2018_09_06_SEN_MR_CompDtal_19_17111.pdf,
9,CIUDAD DE MÉXICO,7,GUSTAVO A. MADERO,295,636,,24408,,11291,,,4473,,,70783,,141889,,,,,,,,218,9652,262714,367201,,,JE2018_09_07_SEN_MR_CompDtal_19_33448.pdf,
9,CIUDAD DE MÉXICO,8,CUAUHTEMOC,226,481,,22261,,9082,,,3388,,,46675,,97826,,,,,,,,204,7540,186976,278649,,,JE2018_09_08_SEN_MR_CompDtal_19_9979.pdf,
9,CIUDAD DE MÉXICO,9,TLAHUAC,145,474,,16256,,14481,,,4521,,,37237,,115351,,,,,,,,130,8767,196743,294302,,,JE2018_09_09_SEN_MR_CompDtal_19_25979.pdf,
9,CIUDAD DE MÉXICO,10,MIGUEL HIDALGO,257,555,,26904,,9894,,,3791,,,82636,,94358,,,,,,,,204,7603,225390,319499,,,JE2018_09_10_SEN_MR_CompDtal_19_4763.pdf,
9,CIUDAD DE MÉXICO,11,VENUSTIANO CARRANZA,254,529,,20500,,8824,,,3534,,,70671,,105209,,,,,,,,156,8119,217013,306332,,,JE2018_09_11_SEN_MR_CompDtal_19_32074.pdf,
9,CIUDAD DE MÉXICO,12,CUAUHTEMOC,245,520,,25416,,9686,,,3434,,,54390,,100028,,,,,,,,249,7381,200584,298033,,,JE2018_09_12_SEN_MR_CompDtal_19_25629.pdf,
9,CIUDAD DE MÉXICO,13,IZTACALCO,299,627,,22488,,11333,,,4242,,,72482,,135547,,,,,,,,178,9245,255515,357004,,,JE2018_09_13_SEN_MR_CompDtal_19_37372.pdf,
9,CIUDAD DE MÉXICO,14,TLALPAN,187,459,,17202,,8969,,,3034,,,47592,,106875,,,,,,,,189,7226,191087,269751,,,JE2018_09_14_SEN_MR_CompDtal_19_9844.pdf,
9,CIUDAD DE MÉXICO,15,BENITO JUAREZ,254,617,,34505,,11616,,,3962,,,115331,,98695,,,,,,,,296,8636,273041,367723,,,JE2018_09_15_SEN_MR_CompDtal_19_37831.pdf,
9,CIUDAD DE MÉXICO,16,ALVARO OBREGON,250,559,,20425,,10271,,,3730,,,73212,,114524,,,,,,,,194,9091,231447,326967,,,JE2018_09_16_SEN_MR_CompDtal_19_4627.pdf,
9,CIUDAD DE MÉXICO,17,CUAJIMALPA DE MORELOS,170,515,,31222,,9172,,,3798,,,74881,,100391,,,,,,,,94,8599,228157,320805,,,JE2018_09_17_SEN_MR_CompDtal_19_20493.pdf,
9,CIUDAD DE MÉXICO,18,IZTAPALAPA,261,561,,19982,,10923,,,3877,,,67768,,120251,,,,,,,,241,9099,232141,321491,,,JE2018_09_18_SEN_MR_CompDtal_19_20865.pdf,
9,CIUDAD DE MÉXICO,19,IZTAPALAPA,226,513,,15960,,9362,,,3214,,,55333,,121484,,,,,,,,192,8332,213877,299307,,,JE2018_09_19_SEN_MR_CompDtal_19_38047.pdf,
9,CIUDAD DE MÉXICO,20,IZTAPALAPA,199,473,,14612,,8012,,,3028,,,52684,,113838,,,,,,,,110,7826,200110,286303,,,JE2018_09_20_SEN_MR_CompDtal_19_21203.pdf,
9,CIUDAD DE MÉXICO,21,XOCHIMILCO,130,483,,18666,,11253,,,4409,,,38551,,121387,,,,,,,,160,10047,204473,314624,,,JE2018_09_21_SEN_MR_CompDtal_19_7581.pdf,
9,CIUDAD DE MÉXICO,22,IZTAPALAPA,146,443,,9591,,6845,,,2786,,,49109,,113004,,,,,,,,115,7653,189103,282855,,,JE2018_09_22_SEN_MR_CompDtal_19_1718.pdf,
9,CIUDAD DE MÉXICO,23,COYOACAN,247,602,,23498,,9937,,,3963,,,88658,,127144,,,,,,,,199,9648,263047,358453,,,JE2018_09_23_SEN_MR_CompDtal_19_6298.pdf,
9,CIUDAD DE MÉXICO,24,COYOACAN,241,575,,26280,,11863,,,5220,,,80883,,110894,,,,,,,,295,9494,244929,336250,,,JE2018_09_24_SEN_MR_CompDtal_19_12110.pdf,
10,DURANGO,0,VOTO EN EL EXTRANJERO,,,,127,,37,,,15,,,526,,1241,,,,,,,,1,37,1984,4783,,,,
10,DURANGO,1,VICTORIA DE DURANGO,385,657,,41404,,8568,,,3500,,,52306,,59513,,,,,,,,75,7060,172426,315480,,,JE2018_10_01_SEN_MR_CompDtal_19_136.pdf,
10,DURANGO,2,GOMEZ PALACIO,351,630,,42907,,4485,,,2992,,,45654,,84549,,,,,,,,55,5596,186238,322807,,,JE2018_10_02_SEN_MR_CompDtal_19_35596.pdf,
10,DURANGO,3,GUADALUPE VICTORIA,387,638,,41284,,6917,,,2766,,,50441,,70523,,,,,,,,50,6918,178899,311975,,,JE2018_10_03_SEN_MR_CompDtal_19_16040.pdf,
10,DURANGO,4,VICTORIA DE DURANGO,231,554,,30726,,6509,,,5286,,,73458,,67661,,,,,,,,109,5998,189747,329417,,,JE2018_10_04_SEN_MR_CompDtal_19_12274.pdf,
11,GUANAJUATO,0,VOTO EN EL EXTRANJERO,,,,227,,91,,,48,,,1331,,2751,,,,,,,,9,62,4519,11532,,,,
11,GUANAJUATO,1,SAN LUIS DE LA PAZ,189,463,,28168,,12671,,,4404,,,57146,,33376,,,,,,,,94,10019,145878,263698,,,JE2018_11_01_SEN_MR_CompDtal_19_29801.pdf,
11,GUANAJUATO,2,SAN MIGUEL DE ALLENDE,215,512,,14885,,11566,,,6419,,,59605,,47515,,,,,,,,142,9200,149332,299491,,,JE2018_11_02_SEN_MR_CompDtal_19_25286.pdf,
11,GUANAJUATO,3,LEON,151,456,,17933,,12709,,,3571,,,95977,,29400,,,,,,,,98,6250,165938,281185,,,JE2018_11_03_SEN_MR_CompDtal_19_2825.pdf,
11,GUANAJUATO,4,GUANAJUATO,210,470,,22270,,15707,,,7001,,,53782,,28273,,,,,,,,91,7424,134548,263508,,,JE2018_11_04_SEN_MR_CompDtal_19_12896.pdf,
11,GUANAJUATO,5,LEON,205,483,,17672,,12906,,,3106,,,83341,,29383,,,,,,,,92,6150,152650,286821,,,JE2018_11_05_SEN_MR_CompDtal_19_6609.pdf,
11,GUANAJUATO,6,LEON,243,478,,18131,,11646,,,3282,,,79329,,30624,,,,,,,,105,5782,148899,280288,,,JE2018_11_06_SEN_MR_CompDtal_19_25442.pdf,
11,GUANAJUATO,7,SAN FRANCISCO DEL RINCON,240,529,,31125,,12640,,,2238,,,71341,,26712,,,,,,,,63,6668,150787,300057,,,JE2018_11_07_SEN_MR_CompDtal_19_33990.pdf,
11,GUANAJUATO,8,SALAMANCA,218,537,,16926,,12231,,,9510,,,66780,,64493,,,,,,,,146,7955,178041,318874,,,JE2018_11_08_SEN_MR_CompDtal_19_16676.pdf,
11,GUANAJUATO,9,IRAPUATO,148,453,,21815,,9630,,,3097,,,57260,,38869,,,,,,,,112,5612,136395,280355,,,JE2018_11_09_SEN_MR_CompDtal_19_22750.pdf,
11,GUANAJUATO,10,URIANGATO,267,568,,25984,,16417,,,5195,,,75459,,43661,,,,,,,,111,8882,175709,321373,,,JE2018_11_10_SEN_MR_CompDtal_19_16102.pdf,
11,GUANAJUATO,11,LEON,124,419,,17229,,12238,,,3200,,,73599,,30094,,,,,,,,98,5316,141774,266144,,,JE2018_11_11_SEN_MR_CompDtal_19_32187.pdf,
11,GUANAJUATO,12,CELAYA,216,540,,17237,,13198,,,5032,,,68962,,56568,,,,,,,,223,8524,169744,317526,,,JE2018_11_12_SEN_MR_CompDtal_19_18412.pdf,
11,GUANAJUATO,13,VALLE DE SANTIAGO,243,548,,30132,,12215,,,8415,,,62178,,41872,,,,,,,,75,8253,163140,306715,,,JE2018_11_13_SEN_MR_CompDtal_19_28936.pdf,
11,GUANAJUATO,14,ACAMBARO,289,557,,22194,,16725,,,3507,,,56805,,44737,,,,,,,,75,9770,153813,304179,,,JE2018_11_14_SEN_MR_CompDtal_19_11125.pdf,
11,GUANAJUATO,15,IRAPUATO,179,450,,20753,,7782,,,3518,,,53006,,44494,,,,,,,,175,6108,135836,269317,,,JE2018_11_15_SEN_MR_CompDtal_19_33009.pdf,
12,GUERRERO,0,VOTO EN EL EXTRANJERO,,,,,,,,,,,,320,133,3740,,,83,,,,,6,41,4323,9379,,,,
12,GUERRERO,1,CD. ALTAMIRANO,490,646,,,,,,,,,,50480,40769,63464,,,495,,,,,37,8743,163988,262304,MODIFICADO,4 CASILLAS ANULADAS,JE2018_12_01_SEN_MR_CompDtal_19_30998.pdf,SCM-JIN-103-2018_SCM-JIN-104-2018_SUP-REC-851-2018_SUP-REC-852-2018.pdf
12,GUERRERO,2,IGUALA,309,559,,,,,,,,,,45338,48035,78346,,,2968,,,,,86,9384,184157,290940,,,JE2018_12_02_SEN_MR_CompDtal_19_28933.pdf,
12,GUERRERO,3,ZIHUATANEJO,385,652,,,,,,,,,,43617,48690,93003,,,2466,,,,,35,10352,198163,315688,,,JE2018_12_03_SEN_MR_CompDtal_19_37927.pdf,
12,GUERRERO,4,ACAPULCO,222,534,,,,,,,,,,28876,29598,110114,,,4966,,,,,83,6675,180312,301653,,,JE2018_12_04_SEN_MR_CompDtal_19_30264.pdf,
12,GUERRERO,5,TLAPA,263,525,,,,,,,,,,25873,40858,96328,,,2733,,,,,81,12298,178171,261512,,,JE2018_12_05_SEN_MR_CompDtal_19_35500.pdf,
12,GUERRERO,6,CHILAPA,323,570,,,,,,,,,,64709,42254,59711,,,765,,,,,84,13143,180666,271322,MODIFICADO,1 CASILLA ANULADA,JE2018_12_06_SEN_MR_CompDtal_19_23799.pdf,SCM-JIN-103-2018_SCM-JIN-104-2018_SUP-REC-851-2018_SUP-REC-852-2018.pdf
12,GUERRERO,7,CHILPANCINGO,199,476,,,,,,,,,,28869,38266,91087,,,3021,,,,,116,7051,168410,268406,,,JE2018_12_07_SEN_MR_CompDtal_19_36182.pdf,
12,GUERRERO,8,AYUTLA DE LOS LIBRES,316,521,,,,,,,,,,41024,43805,79503,,,664,,,,,19,10724,175739,253789,,,JE2018_12_08_SEN_MR_CompDtal_19_28058.pdf,
12,GUERRERO,9,ACAPULCO,159,467,,,,,,,,,,28114,34906,88405,,,2636,,,,,162,6893,161116,281298,,,JE2018_12_09_SEN_MR_CompDtal_19_37838.pdf,
13,HIDALGO,0,VOTO EN EL EXTRANJERO,,,,,,,47,,,1407,8,244,95,,,,,,,,,3,95,1899,4174,,,,
13,HIDALGO,1,HUEJUTLA DE REYES,290,535,,,,,6050,,,73220,12102,24113,65888,,,,,,,,,21,14450,195844,277579,,,JE2018_13_01_SEN_MR_CompDtal_19_7423.pdf,
13,HIDALGO,2,IXMIQUILPAN,371,599,,,,,13819,,,89891,1919,28489,49210,,,,,,,,,61,9459,192848,296184,,,JE2018_13_02_SEN_MR_CompDtal_19_29016.pdf,
13,HIDALGO,3,ACTOPAN,295,563,,,,,8371,,,96439,2977,21755,57880,,,,,,,,,70,8898,196390,299353,,,JE2018_13_03_SEN_MR_CompDtal_19_7226.pdf,
13,HIDALGO,4,TULANCINGO DE BRAVO,190,505,,,,,5386,,,84254,2457,25447,47422,,,,,,,,,108,9238,174312,294332,,,JE2018_13_04_SEN_MR_CompDtal_19_33834.pdf,
13,HIDALGO,5,TULA DE ALLENDE,213,535,,,,,6062,,,105734,2636,33824,50253,,,,,,,,,67,9305,207881,318381,,,JE2018_13_05_SEN_MR_CompDtal_19_25169.pdf,
13,HIDALGO,6,PACHUCA DE SOTO,185,561,,,,,6124,,,113083,3852,38874,54889,,,,,,,,,136,9149,226107,346629,,,JE2018_13_06_SEN_MR_CompDtal_19_31608.pdf,
13,HIDALGO,7,TEPEAPULCO,214,489,,,,,5401,,,97040,2927,28212,49565,,,,,,,,,53,8071,191269,286023,,,JE2018_13_07_SEN_MR_CompDtal_19_6538.pdf,
14,JALISCO,0,VOTO EN EL EXTRANJERO,,,,347,,78,,,51,,,1834,,3539,,,,2448,,,,7,128,8432,16453,,,,
14,JALISCO,1,TEQUILA,218,487,,29943,,5635,,,4808,,,66957,,42328,,,,16324,,,,82,7180,173257,269226,,,JE2018_14_01_SEN_MR_CompDtal_19_1304.pdf,
14,JALISCO,2,LAGOS DE MORENO,178,452,,22005,,8006,,,3763,,,73922,,23388,,,,15817,,,,102,6558,153561,258838,,,JE2018_14_02_SEN_MR_CompDtal_19_21715.pdf,
14,JALISCO,3,TEPATITLAN DE MORELOS,217,556,,26134,,8526,,,5266,,,89592,,23986,,,,24281,,,,109,9022,186916,328995,,,JE2018_14_03_SEN_MR_CompDtal_19_6768.pdf,
14,JALISCO,4,ZAPOPAN,119,449,,19255,,4101,,,2384,,,43852,,39289,,,,47998,,,,58,5156,162093,288644,,,JE2018_14_04_SEN_MR_CompDtal_19_15755.pdf,
14,JALISCO,5,PUERTO VALLARTA,148,474,,17221,,4282,,,1966,,,47565,,54219,,,,24373,,,,141,6167,155934,282715,,,JE2018_14_05_SEN_MR_CompDtal_19_15911.pdf,
14,JALISCO,6,ZAPOPAN,165,503,,17123,,4392,,,2159,,,54415,,40193,,,,55282,,,,215,5282,179061,317604,,,JE2018_14_06_SEN_MR_FinDervRec_21_14261.pdf,
14,JALISCO,7,TONALA,68,379,,17059,,4213,,,2896,,,39396,,38850,,,,29532,,,,28,4133,136107,253691,,,JE2018_14_07_SEN_MR_FinDervRec_21_2763.pdf,
14,JALISCO,8,GUADALAJARA,333,606,,22023,,4315,,,2327,,,64330,,40367,,,,80193,,,,58,5643,219256,326903,,,JE2018_14_08_SEN_MR_CompDtal_19_28771.pdf,
14,JALISCO,9,GUADALAJARA,193,501,,20494,,4813,,,2775,,,51254,,48990,,,,40952,,,,136,6032,175446,304686,,,JE2018_14_09_SEN_MR_CompDtal_19_3994.pdf,
14,JALISCO,10,ZAPOPAN,109,455,,13005,,3294,,,1688,,,52559,,29585,,,,78205,,,,42,4374,182752,294222,,,JE2018_14_10_SEN_MR_CompDtal_19_5056.pdf,
14,JALISCO,11,GUADALAJARA,230,536,,25215,,4838,,,2523,,,57043,,48317,,,,46924,,,,52,5905,190817,312174,,,JE2018_14_11_SEN_MR_CompDtal_19_19758.pdf,
14,JALISCO,12,SANTA CRUZ DE LAS FLORES,129,518,,9558,,4153,,,2130,,,70272,,49739,,,,36486,,,,103,4648,177089,331697,,,JE2018_14_12_SEN_MR_CompDtal_19_9737.pdf,
14,JALISCO,13,TLAQUEPAQUE,138,450,,16203,,3959,,,1670,,,47753,,36324,,,,59147,,,,45,5032,170133,284222,,,JE2018_14_13_SEN_MR_CompDtal_19_28185.pdf,
14,JALISCO,14,GUADALAJARA,226,539,,17674,,4999,,,2893,,,60912,,47951,,,,56812,,,,70,6452,197763,315005,,,JE2018_14_14_SEN_MR_CompDtal_19_17013.pdf,
14,JALISCO,15,LA BARCA,199,528,,24578,,12473,,,7037,,,54992,,53635,,,,18513,,,,26,7582,178836,311602,,,JE2018_14_15_SEN_MR_CompDtal_19_11618.pdf,
14,JALISCO,16,TLAQUEPAQUE,115,459,,23032,,4785,,,2487,,,43740,,46828,,,,35510,,,,57,5409,161848,297100,,,JE2018_14_16_SEN_MR_CompDtal_19_1183.pdf,
14,JALISCO,17,JOCOTEPEC,171,443,,26737,,11804,,,3950,,,52771,,39339,,,,19003,,,,117,6364,160085,260155,,,JE2018_14_17_SEN_MR_CompDtal_19_2791.pdf,
14,JALISCO,18,AUTLAN DE NAVARRO,246,517,,31882,,5843,,,4369,,,66209,,44765,,,,17173,,,,145,7947,178333,285551,,,JE2018_14_18_SEN_MR_CompDtal_19_33349.pdf,
14,JALISCO,19,CIUDAD GUZMAN,254,535,,25393,,9397,,,4222,,,56966,,48733,,,,35974,,,,42,7467,188194,297454,,,JE2018_14_19_SEN_MR_CompDtal_19_4607.pdf,
14,JALISCO,20,TONALA,89,421,,18571,,6055,,,2104,,,54640,,38671,,,,20865,,,,30,5211,146147,276475,,,JE2018_14_20_SEN_MR_CompDtal_19_16884.pdf,
15,MÉXICO,0,VOTO EN EL EXTRANJERO,,,,,,,,,,,,2000,377,3580,,,,,,,,6,61,6024,9999,,,,
15,MÉXICO,1,JILOTEPEC DE ANDRES MOLINA ENRIQUEZ,212,553,,,,,,,,,,51360,81715,81988,,,,,,,,127,8844,224034,300993,,,JE2018_15_01_SEN_MR_CompDtal_19_11976.pdf,
15,MÉXICO,2,SANTA MARIA TULTEPEC,105,418,,,,,,,,,,44969,35719,97849,,,,,,,,106,5134,183777,274287,,,JE2018_15_02_SEN_MR_CompDtal_19_24262.pdf,
15,MÉXICO,3,ATLACOMULCO DE FABELA,163,527,,,,,,,,,,44591,64196,101424,,,,,,,,50,8254,218515,306320,,,JE2018_15_03_SEN_MR_CompDtal_19_9473.pdf,
15,MÉXICO,4,NICOLAS ROMERO,105,443,,,,,,,,,,44919,43449,98628,,,,,,,,122,5445,192563,292336,,,JE2018_15_04_SEN_MR_CompDtal_19_19211.pdf,
15,MÉXICO,5,TEOTIHUACAN DE ARISTA,146,444,,,,,,,,,,39460,51987,99267,,,,,,,,132,5711,196557,272235,,,JE2018_15_05_SEN_MR_CompDtal_19_21527.pdf,
15,MÉXICO,6,COACALCO DE BERRIOZABAL,158,460,,,,,,,,,,46752,36312,105733,,,,,,,,153,5472,194422,284874,,,JE2018_15_06_SEN_MR_CompDtal_19_19982.pdf,
15,MÉXICO,7,CUAUTITLAN IZCALLI,197,498,,,,,,,,,,60133,39727,108053,,,,,,,,130,5866,213909,301207,,,JE2018_15_07_SEN_MR_CompDtal_19_10133.pdf,
15,MÉXICO,8,TULTITLAN DE MARIANO ESCOBEDO,125,399,,,,,,,,,,36505,33602,88596,,,,,,,,96,4775,163574,247313,,,JE2018_15_08_SEN_MR_CompDtal_19_1671.pdf,
15,MÉXICO,9,SAN FELIPE DEL PROGRESO,168,479,,,,,,,,,,43282,80212,59829,,,,,,,,65,8563,191951,275992,,,JE2018_15_09_SEN_MR_CompDtal_19_6917.pdf,
15,MÉXICO,10,ECATEPEC DE MORELOS,131,419,,,,,,,,,,34030,35434,93881,,,,,,,,94,4343,167782,261716,,,JE2018_15_10_SEN_MR_CompDtal_19_4141.pdf,
15,MÉXICO,11,ECATEPEC DE MORELOS,137,445,,,,,,,,,,37307,41544,98129,,,,,,,,105,5150,182235,279818,,,JE2018_15_11_SEN_MR_CompDtal_19_2891.pdf,
15,MÉXICO,12,IXTAPALUCA,160,431,,,,,,,,,,27874,48104,87255,,,,,,,,112,4965,168310,259083,MODIFICADO,1 CASILLA ANULADA,JE2018_15_12_SEN_MR_CompDtal_19_26846.pdf,ST-JIN-86-2018.pdf
15,MÉXICO,13,ECATEPEC DE MORELOS,186,450,,,,,,,,,,35578,40886,98662,,,,,,,,120,5184,180430,267296,,,JE2018_15_13_SEN_MR_CompDtal_19_21080.pdf,
15,MÉXICO,14,CIUDAD ADOLFO LOPEZ MATEOS,169,484,,,,,,,,,,65560,40579,94080,,,,,,,,89,6001,206309,299633,MODIFICADO,1 CASILLA ANULADA,JE2018_15_14_SEN_MR_CompDtal_19_2142.pdf,ST-JIN-86-2018.pdf
15,MÉXICO,15,CIUDAD ADOLFO LOPEZ MATEOS,121,465,,,,,,,,,,61951,43607,88841,,,,,,,,118,5951,200468,298643,MODIFICADO,1 CASILLA ANULADA,JE2018_15_15_SEN_MR_CompDtal_19_5617.pdf,ST-JIN-86-2018.pdf
15,MÉXICO,16,ECATEPEC DE MORELOS,152,463,,,,,,,,,,33103,40789,102292,,,,,,,,69,5277,181530,287922,,,JE2018_15_16_SEN_MR_CompDtal_19_15272.pdf,
15,MÉXICO,17,ECATEPEC DE MORELOS,176,429,,,,,,,,,,30651,38117,94728,,,,,,,,121,4698,168315,252315,,,JE2018_15_17_SEN_MR_CompDtal_19_5769.pdf,
15,MÉXICO,18,HUIXQUILUCAN DE DEGOLLADO,125,468,,,,,,,,,,79200,53866,77792,,,,,,,,77,6650,217585,302044,MODIFICADO,4 CASILLAS ANULADAS,JE2018_15_18_SEN_MR_CompDtal_19_4522.pdf,ST-JIN-86-2018.pdf
15,MÉXICO,19,TLALNEPANTLA DE BAZ,239,553,,,,,,,,,,58599,48397,104750,,,,,,,,169,6366,218281,316670,MODIFICADO,3 CASILLAS ANULADAS,JE2018_15_19_SEN_MR_CompDtal_19_26008.pdf,ST-JIN-86-2018.pdf
15,MÉXICO,20,CD. NEZAHUALCOYOTL,214,480,,,,,,,,,,64540,29763,88137,,,,,,,,78,4929,187447,278996,MODIFICADO,2 CASILLAS ANULADAS,JE2018_15_20_SEN_MR_CompDtal_19_4940.pdf,ST-JIN-86-2018.pdf
15,MÉXICO,21,AMECAMECA DE JUAREZ,169,423,,,,,,,,,,33570,46894,90659,,,,,,,,69,6035,177227,255898,,,JE2018_15_21_SEN_MR_CompDtal_19_1225.pdf,
15,MÉXICO,22,NAUCALPAN DE JUAREZ,218,584,,,,,,,,,,88503,46864,92952,,,,,,,,99,6726,235144,349805,MODIFICADO,1 CASILLA ANULADA,JE2018_15_22_SEN_MR_FinDervRec_21_33569.pdf,ST-JIN-86-2018.pdf
15,MÉXICO,23,LERMA DE VILLADA,136,472,,,,,,,,,,47256,60941,96583,,,,,,,,52,7008,211840,291886,,,JE2018_15_23_SEN_MR_CompDtal_19_16841.pdf,
15,MÉXICO,24,NAUCALPAN DE JUAREZ,236,575,,,,,,,,,,54786,43558,103161,,,,,,,,141,6294,207940,336672,,,JE2018_15_24_SEN_MR_CompDtal_19_32066.pdf,
15,MÉXICO,25,CHIMALHUACAN,91,382,,,,,,,,,,25313,47825,76128,,,,,,,,69,3942,153277,251806,,,JE2018_15_25_SEN_MR_CompDtal_19_3450.pdf,
15,MÉXICO,26,TOLUCA DE LERDO,140,481,,,,,,,,,,64046,53434,96488,,,,,,,,115,6498,220581,310407,,,JE2018_15_26_SEN_MR_CompDtal_19_7389.pdf,
15,MÉXICO,27,METEPEC,133,487,,,,,,,,,,67071,59913,96873,,,,,,,,110,6536,230503,315076,MODIFICADO,3 CASILLAS ANULADAS,JE2018_15_27_SEN_MR_CompDtal_19_5290.pdf,ST-JIN-86-2018.pdf
15,MÉXICO,28,ZUMPANGO DE OCAMPO,138,488,,,,,,,,,,40556,51732,98128,,,,,,,,128,6791,197335,314021,,,JE2018_15_28_SEN_MR_CompDtal_19_2466.pdf,
15,MÉXICO,29,CD. NEZAHUALCOYOTL,244,523,,,,,,,,,,71824,31562,86565,,,,,,,,98,5140,195189,296172,MODIFICADO,5 CASILLAS ANULADAS,JE2018_15_29_SEN_MR_CompDtal_19_19902.pdf,ST-JIN-86-2018.pdf
15,MÉXICO,30,CHIMALHUACAN,110,405,,,,,,,,,,24801,49208,80097,,,,,,,,74,4582,158762,263181,,,JE2018_15_30_SEN_MR_CompDtal_19_10428.pdf,
15,MÉXICO,31,CD. NEZAHUALCOYOTL,222,508,,,,,,,,,,71954,29200,81064,,,,,,,,79,5143,187440,290097,MODIFICADO,3 CASILLAS ANULADAS,JE2018_15_31_SEN_MR_CompDtal_19_28229.pdf,ST-JIN-86-2018.pdf
15,MÉXICO,32,VALLE DE CHALCO SOLIDARIDAD,114,404,,,,,,,,,,40789,25947,92711,,,,,,,,61,5168,164676,262331,MODIFICADO,1 CASILLA ANULADA,JE2018_15_32_SEN_MR_CompDtal_19_6992.pdf,ST-JIN-86-2018.pdf
15,MÉXICO,33,CHALCO DE DIAZ COVARRUBIAS,82,389,,,,,,,,,,33945,32367,93842,,,,,,,,86,5139,165379,260453,,,JE2018_15_33_SEN_MR_CompDtal_19_8538.pdf,
15,MÉXICO,34,TOLUCA DE LERDO,163,527,,,,,,,,,,74165,51886,102272,,,,,,,,175,6187,234685,327921,MODIFICADO,5 CASILLAS ANULADAS,JE2018_15_34_SEN_MR_CompDtal_19_2059.pdf,ST-JIN-86-2018.pdf
15,MÉXICO,35,TENANCINGO DE DEGOLLADO,171,480,,,,,,,,,,46803,52437,90005,,,,,,,,80,8661,197986,284511,,,JE2018_15_35_SEN_MR_CompDtal_19_21261.pdf,
15,MÉXICO,36,TEJUPILCO DE HIDALGO,274,580,,,,,,,,,,54285,74235,81217,,,,,,,,40,8652,218429,296442,,,JE2018_15_36_SEN_MR_CompDtal_19_518.pdf,
15,MÉXICO,37,CUAUTITLAN,103,435,,,,,,,,,,46767,42596,101682,,,,,,,,153,5638,196836,287130,,,JE2018_15_37_SEN_MR_CompDtal_19_23889.pdf,
15,MÉXICO,38,TEXCOCO DE MORA,110,447,,,,,,,,,,29603,48157,107861,,,,,,,,112,5520,191253,287754,,,JE2018_15_38_SEN_MR_CompDtal_19_4120.pdf,
15,MÉXICO,39,LOS REYES ACAQUILPAN,113,409,,,,,,,,,,31218,47310,81951,,,,,,,,75,4927,165481,260012,,,JE2018_15_39_SEN_MR_CompDtal_19_3137.pdf,
15,MÉXICO,40,SAN MIGUEL ZINACANTEPEC,128,487,,,,,,,,,,51690,56361,94549,,,,,,,,111,8100,210811,308188,,,JE2018_15_40_SEN_MR_CompDtal_19_13703.pdf,
15,MÉXICO,41,OJO DE AGUA,157,504,,,,,,,,,,35791,61158,118588,,,,,,,,112,5362,221011,322728,,,JE2018_15_41_SEN_MR_CompDtal_19_2357.pdf,
16,MICHOACÁN,0,VOTO EN EL EXTRANJERO,,,,216,,80,,,39,,,1019,,4263,,,,,,,,10,96,5723,14242,,,,
16,MICHOACÁN,1,LAZARO CARDENAS,189,474,,28956,,4535,,,2543,,,33015,,86230,,,,,,,,45,7878,163202,265614,,,JE2018_16_01_SEN_MR_CompDtal_19_18752.pdf,
16,MICHOACÁN,2,PURUANDIRO,278,569,,34827,,16699,,,5582,,,55803,,57536,,,,,,,,63,11718,182228,312570,,,JE2018_16_02_SEN_MR_CompDtal_19_15100.pdf,
16,MICHOACÁN,3,HEROICA ZITACUARO,277,505,,45741,,9142,,,2414,,,52993,,54649,,,,,,,,44,10904,175887,272763,,,JE2018_16_03_SEN_MR_CompDtal_19_14072.pdf,
16,MICHOACÁN,4,JIQUILPAN DE JUAREZ,278,561,,30182,,10647,,,4035,,,62016,,53789,,,,,,,,53,9913,170635,294299,,,JE2018_16_04_SEN_MR_CompDtal_19_8735.pdf,
16,MICHOACÁN,5,ZAMORA DE HIDALGO,236,526,,24827,,8773,,,4179,,,53061,,60085,,,,,,,,133,8978,160036,297644,,,JE2018_16_05_SEN_MR_CompDtal_19_21153.pdf,
16,MICHOACÁN,6,CIUDAD HIDALGO,224,501,,31143,,13159,,,5244,,,45361,,58672,,,,,,,,76,12285,165940,280855,,,JE2018_16_06_SEN_MR_CompDtal_19_6119.pdf,
16,MICHOACÁN,7,ZACAPU,220,476,,25603,,16145,,,3066,,,42479,,56196,,,,,,,,95,10812,154396,268631,,,JE2018_16_07_SEN_MR_CompDtal_19_26722.pdf,
16,MICHOACÁN,8,MORELIA,129,468,,23445,,12114,,,3262,,,37031,,69551,,,,,,,,218,11302,156923,291676,,,JE2018_16_08_SEN_MR_CompDtal_19_10676.pdf,
16,MICHOACÁN,9,URUAPAN DEL PROGRESO,142,402,,11714,,5679,,,2678,,,44971,,56591,,,,,,,,115,7670,129418,239846,,,JE2018_16_09_SEN_MR_CompDtal_19_19128.pdf,
16,MICHOACÁN,10,MORELIA,222,531,,29717,,14625,,,3819,,,55102,,70241,,,,,,,,248,13167,186919,309830,,,JE2018_16_10_SEN_MR_CompDtal_19_5717.pdf,
16,MICHOACÁN,11,PATZCUARO,236,508,,28947,,13772,,,5974,,,53701,,56759,,,,,,,,125,13562,172840,287236,,,JE2018_16_11_SEN_MR_CompDtal_19_25113.pdf,
16,MICHOACÁN,12,APATZINGAN DE LA CONSTITUCION,219,456,,24460,,11537,,,3659,,,35884,,58709,,,,,,,,49,8881,143179,251974,,,JE2018_16_12_SEN_MR_CompDtal_19_24198.pdf,
17,MORELOS,0,VOTO EN EL EXTRANJERO,,,294,,48,,,64,,,,,93,1319,,,,,,,,7,24,1849,3487,,,,
17,MORELOS,1,CUERNAVACA,203,516,38215,,9662,,,8757,,,,,30909,103046,,,,,,,,320,11249,202158,305520,,,JE2018_17_01_SEN_MR_CompDtal_19_7317.pdf,
17,MORELOS,2,JIUTEPEC,116,446,17664,,15586,,,6607,,,,,36538,95797,,,,,,,,150,10641,182983,283166,,,JE2018_17_02_SEN_MR_CompDtal_19_20937.pdf,
17,MORELOS,3,CUAUTLA,196,488,10643,,13731,,,12945,,,,,42670,94760,,,,,,,,130,12145,187024,287821,,,JE2018_17_03_SEN_MR_CompDtal_19_31087.pdf,
17,MORELOS,4,JOJUTLA,211,508,9257,,23173,,,6728,,,,,34396,105354,,,,,,,,115,11325,190348,292132,,,JE2018_17_04_SEN_MR_CompDtal_19_24340.pdf,
17,MORELOS,5,YAUTEPEC,181,463,13122,,17481,,,9314,,,,,48989,89595,,,,,,,,80,12818,191399,270726,,,JE2018_17_05_SEN_MR_CompDtal_19_5294.pdf,
18,NAYARIT,0,VOTO EN EL EXTRANJERO,,,,45,,4,,,3,,,155,,754,,,,,,,,1,17,979,2087,,,,
18,NAYARIT,1,SANTIAGO IXCUINTLA,398,576,,29527,,3236,,,3021,,,29353,,75752,,,,,,,,23,5518,146430,256770,,,JE2018_18_01_SEN_MR_CompDtal_19_21045.pdf,
18,NAYARIT,2,TEPIC,298,562,,20088,,5014,,,4379,,,35253,,108798,,,,,,,,110,6183,179825,302091,,,JE2018_18_02_SEN_MR_CompDtal_19_37591.pdf,
18,NAYARIT,3,COMPOSTELA,256,530,,18571,,2796,,,2849,,,40634,,82453,,,,,,,,54,5622,152979,287950,,,JE2018_18_03_SEN_MR_CompDtal_19_37369.pdf,
19,NUEVO LEÓN,0,VOTO EN EL EXTRANJERO,,,1668,149,22,46,,800,40,,,,,888,,,,,247,,,1,48,3909,6175,,,,
19,NUEVO LEÓN,1,SANTA CATARINA,149,507,62325,15240,895,4478,,50111,3258,,,,,33345,,,,,6475,,,96,4722,180945,316603,MODIFICADO,20 CASILLAS ANULADAS,JE2018_19_01_SEN_MR_CompDtal_19_36151.pdf,SM-JIN-1-2018_SUP-REC-893-2018.pdf
19,NUEVO LEÓN,2,APODACA,224,555,34947,27038,1085,6028,,42798,3982,,,,,43642,,,,,8140,,,201,3928,171789,326742,MODIFICADO,15 CASILLAS ANULADAS,JE2018_19_02_SEN_MR_FinDervRec_21_33083.pdf,SM-JIN-1-2018_SUP-REC-893-2018.pdf
19,NUEVO LEÓN,3,GRAL. ESCOBEDO,124,460,25708,20930,1006,8692,,32428,2435,,,,,33039,,,,,5742,,,90,3558,133628,292781,MODIFICADO,23 CASILLAS ANULADAS,JE2018_19_03_SEN_MR_CompDtal_19_19896.pdf,SM-JIN-1-2018_SUP-REC-893-2018.pdf
19,NUEVO LEÓN,4,SAN NICOLAS DE LOS GARZA,239,616,73467,16604,1113,5197,,57256,4438,,,,,40286,,,,,9100,,,94,5062,212617,365377,MODIFICADO,32 CASILLAS ANULADAS,JE2018_19_04_SEN_MR_CompDtal_19_36311.pdf,SM-JIN-1-2018_SUP-REC-893-2018.pdf
19,NUEVO LEÓN,5,MONTERREY,111,391,16533,22087,889,5093,,25811,2052,,,,,32411,,,,,4519,,,20,4371,113786,253844,MODIFICADO,19 CASILLAS ANULADAS,JE2018_19_05_SEN_MR_CompDtal_19_2121.pdf,SM-JIN-1-2018_SUP-REC-893-2018.pdf
19,NUEVO LEÓN,6,MONTERREY,270,605,57071,27094,1198,7229,,65463,3810,,,,,37902,,,,,7456,,,120,6179,213522,355425,MODIFICADO,27 CASILLAS ANULADAS,JE2018_19_06_SEN_MR_CompDtal_19_36756.pdf,SM-JIN-1-2018_SUP-REC-893-2018.pdf
19,NUEVO LEÓN,7,GARCIA,266,636,36564,29321,3322,9256,,32678,5802,,,,,46485,,,,,15236,,,119,6442,185225,369113,MODIFICADO,8 CASILLAS ANULADAS,JE2018_19_07_SEN_MR_CompDtal_19_9679.pdf,SM-JIN-1-2018_SUP-REC-893-2018.pdf
19,NUEVO LEÓN,8,GUADALUPE,166,491,30790,24961,1197,5703,,39900,3937,,,,,37789,,,,,8872,,,34,4255,157438,299696,MODIFICADO,17 CASILLAS ANULADAS,JE2018_19_08_SEN_MR_FinDervRec_21_7351.pdf,SM-JIN-1-2018_SUP-REC-893-2018.pdf
19,NUEVO LEÓN,9,LINARES,329,614,45429,56042,1047,6031,,23070,12506,,,,,34836,,,,,10856,,,64,9615,199496,327919,MODIFICADO,7 CASILLAS ANULADAS,JE2018_19_09_SEN_MR_CompDtal_19_2139.pdf,SM-JIN-1-2018_SUP-REC-893-2018.pdf
19,NUEVO LEÓN,10,MONTERREY,330,605,48064,25639,1039,6028,,57854,3425,,,,,31526,,,,,7041,,,86,5723,186425,329254,MODIFICADO,28 CASILLAS ANULADAS,JE2018_19_10_SEN_MR_CompDtal_19_37971.pdf,SM-JIN-1-2018_SUP-REC-893-2018.pdf
19,NUEVO LEÓN,11,GUADALUPE,204,548,42252,28244,1726,5263,,48599,5631,,,,,39505,,,,,9366,,,88,5829,186503,330958,MODIFICADO,22 CASILLAS ANULADAS,JE2018_19_11_SEN_MR_CompDtal_19_13546.pdf,SM-JIN-1-2018_SUP-REC-893-2018.pdf
19,NUEVO LEÓN,12,BENITO JUAREZ,213,557,18393,27585,1618,11932,,31213,5861,,,,,44459,,,,,8851,,,58,4950,154920,332826,MODIFICADO,4 CASILLAS ANULADAS,JE2018_19_12_SEN_MR_CompDtal_19_30240.pdf,SM-JIN-1-2018_SUP-REC-893-2018.pdf
20,OAXACA,0,VOTO EN EL EXTRANJERO,,,,,,,,,,,,229,104,4181,,,,,,,,7,33,4554,8696,,,,
20,OAXACA,1,SAN JUAN BAUTISTA TUXTEPEC,223,509,,,,,,,,,,34033,58884,98947,,,,,,,,33,8528,200425,272575,,,JE2018_20_01_SEN_MR_CompDtal_19_3353.pdf,
20,OAXACA,2,TEOTITLAN DE FLORES MAGON,263,537,,,,,,,,,,28572,54520,101057,,,,,,,,36,10013,194198,271339,,,JE2018_20_02_SEN_MR_CompDtal_19_1085.pdf,
20,OAXACA,3,HEROICA CIUDAD DE HUAJUAPAN DE LEON,260,565,,,,,,,,,,34700,36502,106239,,,,,,,,97,7957,185495,287380,,,JE2018_20_03_SEN_MR_CompDtal_19_15975.pdf,
20,OAXACA,4,TLACOLULA DE MATAMOROS,284,585,,,,,,,,,,25107,36699,114632,,,,,,,,83,7909,184430,309294,,,JE2018_20_04_SEN_MR_CompDtal_19_8646.pdf,
20,OAXACA,5,SALINA CRUZ,223,509,,,,,,,,,,19858,33571,118013,,,,,,,,25,7457,178924,269697,,,JE2018_20_05_SEN_MR_CompDtal_19_27194.pdf,
20,OAXACA,6,HEROICA CIUDAD DE TLAXIACO,313,566,,,,,,,,,,30065,34241,96990,,,,,,,,45,9872,171213,274610,,,JE2018_20_06_SEN_MR_CompDtal_19_1736.pdf,
20,OAXACA,7,CIUDAD IXTEPEC,254,555,,,,,,,,,,28721,54524,109734,,,,,,,,35,9800,202814,285218,,,JE2018_20_07_SEN_MR_CompDtal_19_6268.pdf,
20,OAXACA,8,OAXACA DE JUAREZ,184,531,,,,,,,,,,35050,37130,131159,,,,,,,,111,6519,209969,312825,,,JE2018_20_08_SEN_MR_CompDtal_19_4561.pdf,
20,OAXACA,9,PUERTO ESCONDIDO,193,492,,,,,,,,,,29592,50984,97268,,,,,,,,36,7672,185552,271574,,,JE2018_20_09_SEN_MR_CompDtal_19_27720.pdf,
20,OAXACA,10,MIAHUATLAN DE PORFIRIO DIAZ,247,566,,,,,,,,,,36704,40918,110127,,,,,,,,40,11680,199469,306787,,,JE2018_20_10_SEN_MR_CompDtal_19_8425.pdf,
21,PUEBLA,0,VOTO EN EL EXTRANJERO,,,,170,,72,,,34,,,820,,4826,,,,,,,,11,58,5991,10811,,,,
21,PUEBLA,1,HUAUCHINANGO DE DEGOLLADO,186,509,,38398,,8218,,,4455,,,66190,,78714,,,,,,,,48,12432,208455,279935,,,JE2018_21_01_SEN_MR_CompDtal_19_1205.pdf,
21,PUEBLA,2,CUAUTILULCO BARRIO,192,506,,61195,,5715,,,6278,,,66243,,60467,,,,,,,,41,13693,213632,281834,,,JE2018_21_02_SEN_MR_CompDtal_19_9092.pdf,
21,PUEBLA,3,TEZIUTLAN,179,484,,40373,,9994,,,8559,,,51991,,79264,,,,,,,,93,13465,203739,286126,,,JE2018_21_03_SEN_MR_CompDtal_19_19179.pdf,
21,PUEBLA,4,AJALPAN,176,477,,37829,,6520,,,3371,,,53795,,92077,,,,,,,,22,12632,206246,270988,,,JE2018_21_04_SEN_MR_CompDtal_19_564.pdf,
21,PUEBLA,5,SAN MARTIN TEXMELUCAN DE LABASTIDA,150,471,,25910,,9440,,,8133,,,39134,,96642,,,,,,,,63,10510,189832,295720,,,JE2018_21_05_SEN_MR_CompDtal_19_37595.pdf,
21,PUEBLA,6,HEROICA PUEBLA DE ZARAGOZA,126,477,,20522,,7462,,,3074,,,40275,,106595,,,,,,,,131,7097,185156,305467,,,JE2018_21_06_SEN_MR_CompDtal_19_16805.pdf,
21,PUEBLA,7,TEPEACA,121,458,,25251,,9051,,,4113,,,46979,,102520,,,,,,,,49,9732,197695,289617,,,JE2018_21_07_SEN_MR_CompDtal_19_28574.pdf,
21,PUEBLA,8,CIUDAD SERDAN,181,470,,36351,,8521,,,12423,,,60627,,69857,,,,,,,,116,12892,200787,272123,,,JE2018_21_08_SEN_MR_CompDtal_19_23429.pdf,
21,PUEBLA,9,HEROICA PUEBLA DE ZARAGOZA,200,548,,18090,,8612,,,3571,,,56776,,108088,,,,,,,,106,7431,202674,330112,,,JE2018_21_09_SEN_MR_CompDtal_19_36872.pdf,
21,PUEBLA,10,CHOLULA DE RIVADAVIA,124,505,,19671,,10883,,,5583,,,60813,,113394,,,,,,,,154,9432,219930,328497,,,JE2018_21_10_SEN_MR_CompDtal_19_4125.pdf,
21,PUEBLA,11,HEROICA PUEBLA DE ZARAGOZA,147,479,,21137,,7762,,,3642,,,41014,,103202,,,,,,,,87,7426,184270,307513,,,JE2018_21_11_SEN_MR_CompDtal_19_30122.pdf,
21,PUEBLA,12,HEROICA PUEBLA DE ZARAGOZA,291,597,,22933,,9472,,,4125,,,60881,,110930,,,,,,,,162,8379,216882,336747,,,JE2018_21_12_SEN_MR_CompDtal_19_16739.pdf,
21,PUEBLA,13,ATLIXCO,215,541,,36090,,10074,,,5005,,,51461,,92664,,,,,,,,68,10577,205939,310833,,,JE2018_21_13_SEN_MR_CompDtal_19_481.pdf,
21,PUEBLA,14,ACATLAN DE OSORIO,235,559,,43787,,6531,,,5128,,,46764,,104616,,,,,,,,145,11760,218731,307143,,,JE2018_21_14_SEN_MR_CompDtal_19_27168.pdf,
21,PUEBLA,15,TEHUACAN,129,466,,20076,,15269,,,4583,,,32995,,116633,,,,,,,,60,9900,199516,297925,,,JE2018_21_15_SEN_MR_CompDtal_19_12963.pdf,
22,QUERÉTARO,0,VOTO EN EL EXTRANJERO,,,,64,,28,,,5,,,652,,670,,,,,,,,3,18,1440,2419,,,,
22,QUERÉTARO,1,CADEREYTA DE MONTES,168,461,,35048,,6141,,,6290,,,59989,,49949,,,,,,,,103,10485,168005,252531,,,JE2018_22_01_SEN_MR_CompDtal_19_2726.pdf,
22,QUERÉTARO,2,SAN JUAN DEL RIO,149,475,,24240,,9937,,,3738,,,60945,,74651,,,,,,,,148,9189,182848,284047,,,JE2018_22_02_SEN_MR_CompDtal_19_6628.pdf,
22,QUERÉTARO,3,SANTIAGO DE QUERETARO,186,589,,24945,,8188,,,3731,,,77160,,87577,,,,,,,,162,8737,210500,363990,,,JE2018_22_03_SEN_MR_CompDtal_19_17451.pdf,
22,QUERÉTARO,4,SANTIAGO DE QUERETARO,214,595,,28606,,8087,,,3711,,,96502,,84683,,,,,,,,212,9543,231344,361257,,,JE2018_22_04_SEN_MR_CompDtal_19_35245.pdf,
22,QUERÉTARO,5,EL PUEBLITO,143,528,,34159,,8686,,,3774,,,94086,,56987,,,,,,,,139,10847,208678,321128,,,JE2018_22_05_SEN_MR_CompDtal_19_21851.pdf,
23,QUINTANA ROO,0,VOTO EN EL EXTRANJERO,,,,,,,,,,,,193,13,293,,,,,,,,2,8,509,688,,,,
23,QUINTANA ROO,1,PLAYA DEL CARMEN,246,578,,,,,,,,,,42113,33305,110209,,,,,,,,263,7961,193851,338233,,,JE2018_23_01_SEN_MR_CompDtal_19_27596.pdf,
23,QUINTANA ROO,2,CHETUMAL,242,498,,,,,,,,,,43857,33179,99693,,,,,,,,113,7607,184449,272867,,,JE2018_23_02_SEN_MR_CompDtal_19_32652.pdf,
23,QUINTANA ROO,3,CANCUN,242,475,,,,,,,,,,18960,19300,106213,,,,,,,,116,5125,149714,264634,,,JE2018_23_03_SEN_MR_CompDtal_19_32809.pdf,
23,QUINTANA ROO,4,CANCUN,209,547,,,,,,,,,,44355,27062,111292,,,,,,,,248,6568,189525,332932,,,JE2018_23_04_SEN_MR_CompDtal_19_17352.pdf,
24,SAN LUIS POTOSÍ,0,VOTO EN EL EXTRANJERO,,,,,,,,,,,,557,181,1437,,,,,,,,5,35,2215,5148,,,,
24,SAN LUIS POTOSÍ,1,MATEHUALA,319,526,,,,,,,,,,50786,66916,42569,,,,,,,,84,12142,172497,262221,,,JE2018_24_01_SEN_MR_CompDtal_19_16883.pdf,
24,SAN LUIS POTOSÍ,2,SOLEDAD DE GRACIANO SANCHEZ,207,543,,,,,,,,,,75323,53587,56202,,,,,,,,143,11356,196611,321336,,,JE2018_24_02_SEN_MR_CompDtal_19_19314.pdf,
24,SAN LUIS POTOSÍ,3,RIOVERDE,366,564,,,,,,,,,,50860,60946,41992,,,,,,,,82,11367,165247,263906,,,JE2018_24_03_SEN_MR_CompDtal_19_12903.pdf,
24,SAN LUIS POTOSÍ,4,CIUDAD VALLES,236,445,,,,,,,,,,44028,40399,61636,,,,,,,,92,9890,156045,238975,,,JE2018_24_04_SEN_MR_CompDtal_19_5553.pdf,
24,SAN LUIS POTOSÍ,5,SAN LUIS POTOSI,197,517,,,,,,,,,,81695,40194,54477,,,,,,,,303,10161,186830,311399,,,JE2018_24_05_SEN_MR_CompDtal_19_14864.pdf,
24,SAN LUIS POTOSÍ,6,SAN LUIS POTOSI,175,505,,,,,,,,,,66291,32903,66014,,,,,,,,234,9992,175434,304359,,,JE2018_24_06_SEN_MR_FinDervRec_21_30335.pdf,
24,SAN LUIS POTOSÍ,7,TAMAZUNCHALE,285,524,,,,,,,,,,59275,59801,55300,,,,,,,,38,17197,191611,272130,,,JE2018_24_07_SEN_MR_FinDervRec_21_27356.pdf,
25,SINALOA,0,VOTO EN EL EXTRANJERO,,,,,,,,,,,,263,113,941,,,,,,257,,0,12,1586,2941,,,,
25,SINALOA,1,MAZATLAN,455,614,,,,,,,,,,40436,38778,74772,,,,,,6993,,105,5494,166578,293360,,,JE2018_25_01_SEN_MR_CompDtal_19_32385.pdf,
25,SINALOA,2,LOS MOCHIS,453,669,,,,,,,,,,35010,44272,102520,,,,,,11770,,37,4605,198214,321131,,,JE2018_25_02_SEN_MR_CompDtal_19_6258.pdf,
25,SINALOA,3,GUAMUCHIL,767,872,,,,,,,,,,46945,59581,83711,,,,,,5242,,52,7785,203316,321025,,,JE2018_25_03_SEN_MR_CompDtal_19_38174.pdf,
25,SINALOA,4,GUASAVE,673,758,,,,,,,,,,31631,55822,96542,,,,,,5133,,24,6060,195212,304001,,,JE2018_25_04_SEN_MR_CompDtal_19_10900.pdf,
25,SINALOA,5,CULIACAN DE ROSALES,354,590,,,,,,,,,,25738,29618,89307,,,,,,30250,,35,3650,178598,295854,,,JE2018_25_05_SEN_MR_CompDtal_19_30436.pdf,
25,SINALOA,6,MAZATLAN,511,675,,,,,,,,,,38542,45141,74519,,,,,,11363,,63,5395,175023,294027,,,JE2018_25_06_SEN_MR_CompDtal_19_23740.pdf,
25,SINALOA,7,CULIACAN DE ROSALES,491,663,,,,,,,,,,25065,33670,82291,,,,,,22886,,139,4117,168168,305860,,,JE2018_25_07_SEN_MR_CompDtal_19_38058.pdf,
26,SONORA,0,VOTO EN EL EXTRANJERO,,,,,,,,,,,,348,116,800,,,,,,,,3,15,1282,2207,,,,
26,SONORA,1,SAN LUIS RIO COLORADO,176,496,,,,,,,,,,30331,36802,62940,,,,,,,,72,4781,134926,288070,,,JE2018_26_01_SEN_MR_CompDtal_19_25693.pdf,
26,SONORA,2,NOGALES,221,563,,,,,,,,,,38895,49168,66777,,,,,,,,44,5997,160881,333881,,,JE2018_26_02_SEN_MR_CompDtal_19_4794.pdf,
26,SONORA,3,HERMOSILLO,214,503,,,,,,,,,,33212,39950,71534,,,,,,,,84,4775,149555,304062,,,JE2018_26_03_SEN_MR_CompDtal_19_26398.pdf,
26,SONORA,4,GUAYMAS,277,547,,,,,,,,,,37535,51010,71847,,,,,,,,31,6122,166545,291128,,,JE2018_26_04_SEN_MR_CompDtal_19_33647.pdf,
26,SONORA,5,HERMOSILLO,201,501,,,,,,,,,,40193,40786,68192,,,,,,,,66,4428,153665,295976,,,JE2018_26_05_SEN_MR_CompDtal_19_6510.pdf,
26,SONORA,6,CD. OBREGON,219,552,,,,,,,,,,28327,36024,94556,,,,,,,,69,4690,163666,320447,,,JE2018_26_06_SEN_MR_CompDtal_19_99.pdf,
26,SONORA,7,NAVOJOA,205,474,,,,,,,,,,27598,47336,73395,,,,,,,,14,5615,153958,268124,,,JE2018_26_07_SEN_MR_CompDtal_19_16625.pdf,
27,TABASCO,0,VOTO EN EL EXTRANJERO,,,,36,,3,,,3,,,66,,542,,,,,,,,3,7,660,1026,,,,
27,TABASCO,1,MACUSPANA,212,453,,18717,,10270,,,2999,,,19896,,113669,,,,,,,,35,7451,173037,244672,,,JE2018_27_01_SEN_MR_CompDtal_19_17492.pdf,
27,TABASCO,2,HEROICA CARDENAS,219,540,,19762,,5172,,,1286,,,40384,,133251,,,,,,,,101,8091,208047,300820,,,JE2018_27_02_SEN_MR_CompDtal_19_20453.pdf,
27,TABASCO,3,COMALCALCO,156,413,,22368,,3552,,,1159,,,30631,,108095,,,,,,,,17,5694,171516,240831,,,JE2018_27_03_SEN_MR_CompDtal_19_3446.pdf,
27,TABASCO,4,VILLAHERMOSA,206,530,,28780,,3964,,,1562,,,14406,,163293,,,,,,,,97,4871,216973,309831,,,JE2018_27_04_SEN_MR_CompDtal_19_7105.pdf,
27,TABASCO,5,PARAISO,183,496,,22982,,9210,,,2006,,,25345,,154165,,,,,,,,53,8184,221945,295256,,,JE2018_27_05_SEN_MR_CompDtal_19_17497.pdf,
27,TABASCO,6,VILLAHERMOSA,153,480,,27539,,9398,,,3080,,,18949,,136059,,,,,,,,74,7492,202591,296208,,,JE2018_27_06_SEN_MR_CompDtal_19_17498.pdf,
28,TAMAULIPAS,0,VOTO EN EL EXTRANJERO,,,,134,,34,,,25,,,694,,1151,,,,,,,,6,40,2084,4289,,,,
28,TAMAULIPAS,1,NUEVO LAREDO,206,523,,46220,,4376,,,2137,,,52693,,53378,,,,,,,,97,4646,163547,310391,,,JE2018_28_01_SEN_MR_CompDtal_19_37977.pdf,
28,TAMAULIPAS,2,REYNOSA,242,499,,23641,,3508,,,2193,,,61196,,69926,,,,,,,,67,4754,165285,280245,,,JE2018_28_02_SEN_MR_CompDtal_19_16523.pdf,
28,TAMAULIPAS,3,RIO BRAVO,256,537,,37402,,3006,,,2149,,,65473,,62272,,,,,,,,44,5588,175934,293905,,,JE2018_28_03_SEN_MR_CompDtal_19_25805.pdf,
28,TAMAULIPAS,4,H. MATAMOROS,157,485,,34316,,3744,,,1908,,,52306,,74646,,,,,,,,65,4692,171677,298768,,,JE2018_28_04_SEN_MR_CompDtal_19_11293.pdf,
28,TAMAULIPAS,5,CIUDAD VICTORIA,219,530,,43954,,4237,,,5402,,,80140,,65058,,,,,,,,71,6723,205585,299833,,,JE2018_28_05_SEN_MR_CompDtal_19_18192.pdf,
28,TAMAULIPAS,6,CIUDAD MANTE,313,576,,41151,,4348,,,4095,,,94372,,49219,,,,,,,,36,7919,201140,280872,,,JE2018_28_06_SEN_MR_CompDtal_19_26480.pdf,
28,TAMAULIPAS,7,CIUDAD MADERO,149,460,,25768,,5356,,,3003,,,62688,,79494,,,,,,,,77,4886,181272,284880,,,JE2018_28_07_SEN_MR_CompDtal_19_10781.pdf,
28,TAMAULIPAS,8,TAMPICO,234,522,,27916,,6051,,,2824,,,76904,,77905,,,,,,,,91,5563,197254,297197,,,JE2018_28_08_SEN_MR_FinDervRec_21_9250.pdf,
28,TAMAULIPAS,9,REYNOSA,219,496,,13741,,3226,,,1744,,,58952,,77257,,,,,,,,31,3707,158658,282654,,,JE2018_28_09_SEN_MR_CompDtal_19_3118.pdf,
29,TLAXCALA,0,VOTO EN EL EXTRANJERO,,,,,,,,,,,,75,17,585,,,,,,,9,9,8,703,1256,,,,
29,TLAXCALA,1,APIZACO,235,515,,,,,,,,,,40888,39441,100309,,,,,,,4594,209,8944,194385,300472,,,JE2018_29_01_SEN_MR_CompDtal_19_24233.pdf,
29,TLAXCALA,2,TLAXCALA DE XICOHTENCATL,160,503,,,,,,,,,,33795,35155,133342,,,,,,,5512,102,7499,215405,312644,,,JE2018_29_02_SEN_MR_CompDtal_19_37016.pdf,
29,TLAXCALA,3,ZACATELCO,212,516,,,,,,,,,,33186,31644,123109,,,,,,,3906,141,8264,200250,308900,,,JE2018_29_03_SEN_MR_CompDtal_19_31659.pdf,
30,VERACRUZ,0,VOTO EN EL EXTRANJERO,,,,,,,,,,,,707,139,3373,,,,,,,,5,31,4255,7998,,,,
30,VERACRUZ,1,PANUCO,302,494,,,,,,,,,,57636,29834,66257,,,,,,,,21,5213,158961,241139,,,JE2018_30_01_SEN_MR_CompDtal_19_32654.pdf,
30,VERACRUZ,2,TANTOYUCA,256,485,,,,,,,,,,74065,39349,58456,,,,,,,,17,6386,178273,246309,,,JE2018_30_02_SEN_MR_CompDtal_19_6361.pdf,
30,VERACRUZ,3,TUXPAN DE RODRIGUEZ CANO,207,456,,,,,,,,,,53907,29170,75542,,,,,,,,52,4828,163499,248900,,,JE2018_30_03_SEN_MR_CompDtal_19_13420.pdf,
30,VERACRUZ,4,VERACRUZ,182,537,,,,,,,,,,84559,17932,79950,,,,,,,,78,5216,187735,321098,,,JE2018_30_04_SEN_MR_CompDtal_19_20030.pdf,
30,VERACRUZ,5,POZA RICA DE HIDALGO,188,438,,,,,,,,,,47917,19866,90000,,,,,,,,71,4873,162727,250521,,,JE2018_30_05_SEN_MR_CompDtal_19_31356.pdf,
30,VERACRUZ,6,PAPANTLA DE OLARTE,266,541,,,,,,,,,,68744,34218,77697,,,,,,,,44,5680,186383,286127,,,JE2018_30_06_SEN_MR_CompDtal_19_8090.pdf,
30,VERACRUZ,7,MARTINEZ DE LA TORRE,240,549,,,,,,,,,,55119,32172,88179,,,,,,,,39,6599,182108,283027,,,JE2018_30_07_SEN_MR_CompDtal_19_4127.pdf,
30,VERACRUZ,8,XALAPA,278,585,,,,,,,,,,78348,34742,91170,,,,,,,,58,6979,211297,315892,,,JE2018_30_08_SEN_MR_CompDtal_19_8035.pdf,
30,VERACRUZ,9,COATEPEC,185,473,,,,,,,,,,65628,34193,76584,,,,,,,,37,6811,183253,272503,,,JE2018_30_09_SEN_MR_CompDtal_19_18142.pdf,
30,VERACRUZ,10,XALAPA,235,560,,,,,,,,,,56765,28459,126890,,,,,,,,113,6328,218555,323195,,,JE2018_30_10_SEN_MR_CompDtal_19_10561.pdf,
30,VERACRUZ,11,COATZACOALCOS,238,566,,,,,,,,,,32626,20096,140371,,,,,,,,65,4547,197705,305208,,,JE2018_30_11_SEN_MR_CompDtal_19_27955.pdf,
30,VERACRUZ,12,VERACRUZ,326,613,,,,,,,,,,107786,24603,79926,,,,,,,,90,5888,218293,336028,,,JE2018_30_12_SEN_MR_CompDtal_19_5491.pdf,
30,VERACRUZ,13,HUATUSCO,254,566,,,,,,,,,,74121,33129,85238,,,,,,,,46,7244,199778,303513,,,JE2018_30_13_SEN_MR_CompDtal_19_27236.pdf,
30,VERACRUZ,14,MINATITLAN,240,548,,,,,,,,,,45099,22846,103039,,,,,,,,30,5433,176447,276057,,,JE2018_30_14_SEN_MR_CompDtal_19_20772.pdf,
30,VERACRUZ,15,ORIZABA,228,521,,,,,,,,,,59351,29385,98994,,,,,,,,84,7645,195459,292558,,,JE2018_30_15_SEN_MR_CompDtal_19_23955.pdf,
30,VERACRUZ,16,CORDOBA,222,534,,,,,,,,,,56038,31790,109998,,,,,,,,78,6853,204757,302994,,,JE2018_30_16_SEN_MR_CompDtal_19_11450.pdf,
30,VERACRUZ,17,COSAMALOAPAN,251,537,,,,,,,,,,63354,24980,84390,,,,,,,,54,6672,179450,287016,,,JE2018_30_17_SEN_MR_CompDtal_19_29340.pdf,
30,VERACRUZ,18,ZONGOLICA,219,502,,,,,,,,,,63940,35049,87552,,,,,,,,43,9433,196017,283145,,,JE2018_30_18_SEN_MR_CompDtal_19_36696.pdf,
30,VERACRUZ,19,SAN ANDRES TUXTLA,255,549,,,,,,,,,,71986,25481,81943,,,,,,,,35,8111,187556,303659,,,JE2018_30_19_SEN_MR_CompDtal_19_11514.pdf,
30,VERACRUZ,20,COSOLEACAQUE,240,541,,,,,,,,,,43592,29424,114950,,,,,,,,24,5650,193640,297029,,,JE2018_30_20_SEN_MR_CompDtal_19_31709.pdf,
31,YUCATÁN,0,VOTO EN EL EXTRANJERO,,,,,,,,,,,,242,68,344,,,,,,,,0,12,666,1030,,,,
31,YUCATÁN,1,VALLADOLID,231,495,,,,,,,,,,65886,94577,56448,,,,,,,,30,5542,222483,278151,,,JE2018_31_01_SEN_MR_CompDtal_19_14958.pdf,
31,YUCATÁN,2,PROGRESO,204,496,,,,,,,,,,70165,90517,51596,,,,,,,,33,7555,219866,293836,,,JE2018_31_02_SEN_MR_CompDtal_19_12057.pdf,
31,YUCATÁN,3,MERIDA,240,585,,,,,,,,,,72162,70356,77589,,,,,,,,92,6425,226624,341019,,,JE2018_31_03_SEN_MR_CompDtal_19_13971.pdf,
31,YUCATÁN,4,MERIDA,230,584,,,,,,,,,,94987,74387,71257,,,,,,,,97,6574,247302,338827,,,JE2018_31_04_SEN_MR_CompDtal_19_11474.pdf,
31,YUCATÁN,5,TICUL,211,506,,,,,,,,,,79612,98151,48330,,,,,,,,25,6419,232537,292229,,,JE2018_31_05_SEN_MR_CompDtal_19_28054.pdf,
32,ZACATECAS,0,VOTO EN EL EXTRANJERO,,,,,,,,,,,,390,166,1411,,,,,,,,2,29,1998,5046,,,,
32,ZACATECAS,1,FRESNILLO,390,578,,,,,,,,,,36017,49939,82019,,,,,,,,56,6632,174663,277083,,,JE2018_32_01_SEN_MR_CompDtal_19_5867.pdf,
32,ZACATECAS,2,JEREZ DE GARCIA SALINAS,610,749,,,,,,,,,,56541,69023,59886,,,,,,,,54,9324,194828,307015,,,JE2018_32_02_SEN_MR_CompDtal_19_1880.pdf,
32,ZACATECAS,3,ZACATECAS,422,627,,,,,,,,,,29546,71288,85439,,,,,,,,73,8150,194496,291084,,,JE2018_32_03_SEN_MR_CompDtal_19_9463.pdf,
32,ZACATECAS,4,GUADALUPE,335,555,,,,,,,,,,35440,64395,84420,,,,,,,,66,7497,191818,287277,,,JE2018_32_04_SEN_MR_CompDtal_19_4529.pdf,
