ID_ESTADO,NOMBRE_ESTADO,TERRITORIO,MUNICIPIOS,DISTRITOS,SECCIONES,CASILLAS,PAN,PRI,PRD,PVEM,PT,MC,NA,MORENA,ES,CAND_IND1,CAND_IND2,CAND_IND3,CAND_IND4,CAND_IND5,CAND_IND6,CAND_IND7,NUM_VOTOS_CAN_NREG,NUM_VOTOS_NULOS,TOTAL_VOTOS,LISTA_NOMINAL,TRIBUNAL,OBSERVACIONES,RUTA_ACTA,JUICIO
1,AGUASCALIENTES,VOTO EN EL EXTRANJERO,,,,,250,112,16,14,28,21,13,345,17,,,,,,,,5,14,835,1687,,,JE2018_01_SEN_MR_CompEntVMRE_5_35.pdf,
1,AGUASCALIENTES,VOTO EN TERRITORIO NACIONAL,11,3,600,1598,175539,144104,11774,18381,15644,10762,14192,130402,12783,,,,,,,,391,20490,554462,943448,,,JE2018_01_SEN_MR_CompEnt_23_30.pdf,
2,BAJA CALIFORNIA,VOTO EN EL EXTRANJERO,,,,,386,86,22,37,63,30,15,788,36,,,,,,,,3,32,1498,2630,,,JE2018_02_SEN_MR_CompEntVMRE_5_35.pdf,
2,BAJA CALIFORNIA,VOTO EN TERRITORIO NACIONAL,5,8,1947,4701,272986,148135,24823,44458,70513,39459,29486,704293,48548,,,,,,,,1314,42524,1426539,2731567,,,JE2018_02_SEN_MR_CompEnt_23_30.pdf,
3,BAJA CALIFORNIA SUR,VOTO EN EL EXTRANJERO,,,,,37,9,3,0,2,2,1,75,1,13,,,,,,,0,3,146,220,,,JE2018_03_SEN_MR_CompEntVMRE_5_35.pdf,
3,BAJA CALIFORNIA SUR,VOTO EN TERRITORIO NACIONAL,5,2,483,978,75215,24067,3758,10969,20111,4803,7939,118266,6514,14727,,,,,,,203,10167,296739,516146,,,JE2018_03_SEN_MR_CompEnt_23_30.pdf,
4,CAMPECHE,VOTO EN EL EXTRANJERO,,,,,32,18,3,3,11,1,2,132,7,,,,,,,,0,2,211,351,,,JE2018_04_SEN_MR_CompEntVMRE_5_35.pdf,
4,CAMPECHE,VOTO EN TERRITORIO NACIONAL,11,2,525,1155,69276,114349,9868,11708,18518,9474,10568,175345,10650,,,,,,,,134,15670,445560,642056,,,JE2018_04_SEN_MR_CompEnt_23_30.pdf,
5,COAHUILA,VOTO EN EL EXTRANJERO,,,,,622,108,32,20,73,59,13,748,50,,,,,,,,1,31,1757,3148,,,JE2018_05_SEN_MR_CompEntVMRE_5_35.pdf,
5,COAHUILA,VOTO EN TERRITORIO NACIONAL,38,7,1663,3761,340829,390490,21174,31387,38635,29155,20430,433426,20530,,,,,,,,428,34036,1360520,2154098,,,JE2018_05_SEN_MR_CompEnt_23_30.pdf,
6,COLIMA,VOTO EN EL EXTRANJERO,,,,,89,39,10,5,29,18,5,360,17,,,,,,,,1,11,584,1168,,,JE2018_06_SEN_MR_CompEntVMRE_5_35.pdf,
6,COLIMA,VOTO EN TERRITORIO NACIONAL,10,2,370,950,48586,67254,5340,20490,17589,23551,10189,122156,6891,,,,,,,,191,12236,334473,530720,,,JE2018_06_SEN_MR_CompEnt_23_30.pdf,
7,CHIAPAS,VOTO EN EL EXTRANJERO,,,,,84,32,17,11,37,11,2,782,14,,68,,,,,,1,33,1092,2534,,,JE2018_07_SEN_MR_CompEntVMRE_5_35.pdf,
7,CHIAPAS,VOTO EN TERRITORIO NACIONAL,123,13,2045,6303,86829,298585,82431,345267,116298,68360,63751,981290,60042,,98391,,,,,,1393,194794,2397431,3541181,,,JE2018_07_SEN_MR_CompEnt_23_30.pdf,
8,CHIHUAHUA,VOTO EN EL EXTRANJERO,,,,,859,259,53,35,113,78,21,1099,73,,,,,,,,5,37,2632,5036,,,JE2018_08_SEN_MR_CompEntVMRE_5_35.pdf,
8,CHIHUAHUA,VOTO EN TERRITORIO NACIONAL,67,9,3142,5297,377243,326416,28812,56567,54114,42391,43767,440947,43988,,,,,,,,1262,73187,1488694,2743260,,,JE2018_08_SEN_MR_CompEnt_23_30.pdf,
9,CIUDAD DE MÉXICO,VOTO EN EL EXTRANJERO,,,,,7613,1169,994,333,931,962,183,9257,697,,,,,,,,49,215,22403,28616,,,JE2018_09_SEN_MR_CompEntVMRE_5_35.pdf,
9,CIUDAD DE MÉXICO,VOTO EN TERRITORIO NACIONAL,16,24,5527,12976,855865,520450,537350,244697,183290,154183,91850,2411628,160409,,,,,,,,4471,204759,5368952,7628256,,,JE2018_09_SEN_MR_CompEnt_23_30.pdf,
10,DURANGO,VOTO EN EL EXTRANJERO,,,,,419,127,44,37,171,63,15,1013,57,,,,,,,,1,37,1984,4783,,,JE2018_10_SEN_MR_CompEntVMRE_5_35.pdf,
10,DURANGO,VOTO EN TERRITORIO NACIONAL,39,4,1354,2479,178750,156321,14534,26479,60362,28575,14544,204774,17110,,,,,,,,289,25572,727310,1279679,,,JE2018_10_SEN_MR_CompEnt_23_30.pdf,
11,GUANAJUATO,VOTO EN EL EXTRANJERO,,,,,1154,227,89,91,225,88,48,2417,109,,,,,,,,9,62,4519,11532,,,JE2018_11_SEN_MR_CompEntVMRE_5_35.pdf,
11,GUANAJUATO,VOTO EN TERRITORIO NACIONAL,46,15,3137,7463,876218,322454,68937,190281,57551,69415,71495,484940,47580,,,,,,,,1700,111913,2302484,4359531,,,JE2018_11_SEN_MR_CompEnt_23_30.pdf,
12,GUERRERO,VOTO EN EL EXTRANJERO,,,,,178,111,100,17,234,42,5,3382,124,,,83,,,,,6,41,4323,9379,,,JE2018_12_SEN_MR_CompEntVMRE_5_35.pdf,
12,GUERRERO,VOTO EN TERRITORIO NACIONAL,81,9,2666,4950,74509,276127,219541,67116,94697,62850,23938,629004,36260,,,20714,,,,,703,85263,1590722,2506912,MODIFICADA,5 CASILLAS ANULADAS,JE2018_12_SEN_MR_CompEnt_23_30.pdf,SCM-JIN-103-2018_SCM-JIN-104-2018_SUP-REC-851-2018_SUP-REC-852-2018.pdf
13,HIDALGO,VOTO EN EL EXTRANJERO,,,,,195,82,22,8,47,27,5,1407,8,,,,,,,,3,95,1899,4174,,,JE2018_13_SEN_MR_CompEntVMRE_5_35.pdf,
13,HIDALGO,VOTO EN TERRITORIO NACIONAL,84,7,1758,3787,134137,268047,40987,37111,51213,25590,69949,659661,28870,,,,,,,,516,68570,1384651,2118481,,,JE2018_13_SEN_MR_CompEnt_23_30.pdf,
14,JALISCO,VOTO EN EL EXTRANJERO,,,,,1201,347,108,78,285,525,51,3075,179,,,,2448,,,,7,128,8432,16453,,,JE2018_14_SEN_MR_CompEntVMRE_5_35.pdf,
14,JALISCO,VOTO EN TERRITORIO NACIONAL,125,20,3545,9808,447205,423105,46506,119883,76692,655429,63417,704193,54612,,,,759364,,,,1658,121564,3473628,5896959,,,JE2018_14_SEN_MR_CompEnt_23_30.pdf,
15,MÉXICO,VOTO EN EL EXTRANJERO,,,,,1676,292,202,50,226,122,35,3241,113,,,,,,,,6,61,6024,9999,,,JE2018_15_SEN_MR_CompEntVMRE_5_35.pdf,
15,MÉXICO,VOTO EN TERRITORIO NACIONAL,125,41,6441,19298,1170701,1426960,597700,326765,270293,206699,187865,3360442,202555,,,,,,,,4172,245627,7999779,11832184,MODIFICADA,30 CASILLAS ANULADAS,JE2018_15_SEN_MR_CompEnt_23_30.pdf,ST-JIN-86-2018.pdf
16,MICHOACÁN,VOTO EN EL EXTRANJERO,,,,,688,216,205,80,394,126,39,3686,183,,,,,,,,10,96,5723,14242,,,JE2018_16_SEN_MR_CompEntVMRE_5_35.pdf,
16,MICHOACÁN,VOTO EN TERRITORIO NACIONAL,113,12,2650,5977,228032,339562,283444,136827,109355,59941,46455,577191,52462,,,,,,,,1264,127070,1961603,3372938,,,JE2018_16_SEN_MR_CompEnt_23_30.pdf,
17,MORELOS,VOTO EN EL EXTRANJERO,,,,,294,51,48,26,79,64,16,1200,40,,,,,,,,7,24,1849,3487,,,JE2018_17_SEN_MR_CompEntVMRE_5_35.pdf,
17,MORELOS,VOTO EN TERRITORIO NACIONAL,33,5,907,2421,88901,80407,79633,59193,52298,44351,53902,386814,49440,,,,,,,,795,58178,953912,1439365,,,JE2018_17_SEN_MR_CompEnt_23_30.pdf,
18,NAYARIT,VOTO EN EL EXTRANJERO,,,,,106,45,18,4,57,31,3,660,37,,,,,,,,1,17,979,2087,,,JE2018_18_SEN_MR_CompEntVMRE_5_35.pdf,
18,NAYARIT,VOTO EN TERRITORIO NACIONAL,20,3,952,1668,68263,68186,19797,11046,27492,17180,10249,224971,14540,,,,,,,,187,17323,479234,846811,,,JE2018_18_SEN_MR_CompEnt_23_30.pdf,
19,NUEVO LEÓN,VOTO EN EL EXTRANJERO,,,,,1668,149,22,46,76,800,40,768,44,,,,,247,,,1,48,3909,6175,,,JE2018_19_SEN_MR_CompEntVMRE_5_35.pdf,
19,NUEVO LEÓN,VOTO EN TERRITORIO NACIONAL,51,12,2625,6585,491543,320785,16135,80920,86615,507181,57137,335108,33502,,,,,101654,,,1069,64624,2096273,3900538,MODIFICADA,222 CASILLAS ANULADAS,JE2018_19_SEN_MR_CompEnt_23_30.pdf,SM-JIN-1-2018_SUP-REC-893-2018.pdf
20,OAXACA,VOTO EN EL EXTRANJERO,,,,,165,81,33,16,228,31,7,3836,117,,,,,,,,7,33,4554,8696,,,JE2018_20_SEN_MR_CompEntVMRE_5_35.pdf,
20,OAXACA,VOTO EN TERRITORIO NACIONAL,570,10,2444,5415,132828,324324,126267,59151,122248,43307,54498,919015,42903,,,,,,,,541,87407,1912489,2861299,,,JE2018_20_SEN_MR_CompEnt_23_30.pdf,
21,PUEBLA,VOTO EN EL EXTRANJERO,,,,,683,170,65,72,208,72,34,4479,139,,,,,,,,11,58,5991,10811,,,JE2018_21_SEN_MR_CompEntVMRE_5_35.pdf,
21,PUEBLA,VOTO EN TERRITORIO NACIONAL,217,15,2652,7547,588065,467613,80533,133524,124983,107340,82043,1246227,64453,,,,,,,,1345,157358,3053484,4500580,,,JE2018_21_SEN_MR_CompEnt_23_30.pdf,
22,QUERÉTARO,VOTO EN EL EXTRANJERO,,,,,599,64,25,28,36,28,5,611,23,,,,,,,,3,18,1440,2419,,,JE2018_22_SEN_MR_CompEntVMRE_5_35.pdf,
22,QUERÉTARO,VOTO EN TERRITORIO NACIONAL,18,5,860,2648,341234,146998,23520,41039,32672,23928,21244,291789,29386,,,,,,,,764,48801,1001375,1582953,,,JE2018_22_SEN_MR_CompEnt_23_30.pdf,
23,QUINTANA ROO,VOTO EN EL EXTRANJERO,,,,,168,9,16,1,9,9,3,269,15,,,,,,,,2,8,509,688,,,JE2018_23_SEN_MR_CompEntVMRE_5_35.pdf,
23,QUINTANA ROO,VOTO EN TERRITORIO NACIONAL,11,4,939,2098,101552,70160,27414,26566,33034,20319,16120,362685,31688,,,,,,,,740,27261,717539,1208666,,,JE2018_23_SEN_MR_CompEnt_23_30.pdf,
24,SAN LUIS POTOSÍ,VOTO EN EL EXTRANJERO,,,,,455,132,37,30,129,65,19,1247,61,,,,,,,,5,35,2215,5148,,,JE2018_24_SEN_MR_CompEntVMRE_5_35.pdf,
24,SAN LUIS POTOSÍ,VOTO EN TERRITORIO NACIONAL,58,7,1785,3624,261106,238781,127508,77388,48691,39644,38577,305312,24187,,,,,,,,976,82105,1244275,1974326,,,JE2018_24_SEN_MR_CompEnt_23_30.pdf,
25,SINALOA,VOTO EN EL EXTRANJERO,,,,,210,97,24,11,59,29,5,854,28,,,,,,257,,0,12,1586,2941,,,JE2018_25_SEN_MR_CompEntVMRE_5_35.pdf,
25,SINALOA,VOTO EN TERRITORIO NACIONAL,18,7,3704,4841,159686,258512,30975,25714,47306,52706,22656,533164,23192,,,,,,93637,,455,37106,1285109,2135258,,,JE2018_25_SEN_MR_CompEnt_23_30.pdf,
26,SONORA,VOTO EN EL EXTRANJERO,,,,,280,99,21,9,64,47,8,693,43,,,,,,,,3,15,1282,2207,,,JE2018_26_SEN_MR_CompEntVMRE_5_35.pdf,
26,SONORA,VOTO EN TERRITORIO NACIONAL,72,7,1513,3636,159011,250374,21098,26874,40219,55982,23828,450864,18158,,,,,,,,380,36408,1083196,2101688,,,JE2018_26_SEN_MR_CompEnt_23_30.pdf,
27,TABASCO,VOTO EN EL EXTRANJERO,,,,,45,36,15,3,17,6,3,516,9,,,,,,,,3,7,660,1026,,,JE2018_27_SEN_MR_CompEntVMRE_5_35.pdf,
27,TABASCO,VOTO EN TERRITORIO NACIONAL,17,6,1129,2912,18220,140148,109588,41566,26940,21803,12092,759029,22563,,,,,,,,377,41783,1194109,1687618,,,JE2018_27_SEN_MR_CompEnt_23_30.pdf,
28,TAMAULIPAS,VOTO EN EL EXTRANJERO,,,,,584,134,41,34,95,69,25,1001,55,,,,,,,,6,40,2084,4289,,,JE2018_28_SEN_MR_CompEntVMRE_5_35.pdf,
28,TAMAULIPAS,VOTO EN TERRITORIO NACIONAL,43,9,1995,4628,545041,294109,23338,37852,45669,36345,25455,530699,32787,,,,,,,,579,48478,1620352,2628745,,,JE2018_28_SEN_MR_CompEnt_23_30.pdf,
29,TLAXCALA,VOTO EN EL EXTRANJERO,,,,,57,12,8,4,40,10,1,529,16,,,,,,,9,9,8,703,1256,,,JE2018_29_SEN_MR_CompEntVMRE_5_35.pdf,
29,TLAXCALA,VOTO EN TERRITORIO NACIONAL,60,3,607,1534,65423,80413,26598,14955,33138,15848,10872,307403,16219,,,,,,,14012,452,24707,610040,922016,,,JE2018_29_SEN_MR_CompEnt_23_30.pdf,
30,VERACRUZ,VOTO EN EL EXTRANJERO,,,,,594,98,49,19,209,64,22,3038,126,,,,,,,,5,31,4255,7998,,,JE2018_30_SEN_MR_CompEntVMRE_5_35.pdf,
30,VERACRUZ,VOTO EN TERRITORIO NACIONAL,212,20,4812,10595,974750,423966,189111,103604,96648,96720,49148,1653600,66878,,,,,,,,1079,126389,3781893,5775918,,,JE2018_30_SEN_MR_CompEnt_23_30.pdf,
31,YUCATÁN,VOTO EN EL EXTRANJERO,,,,,207,61,11,3,14,24,4,321,9,,,,,,,,0,12,666,1030,,,JE2018_31_SEN_MR_CompEntVMRE_5_35.pdf,
31,YUCATÁN,VOTO EN TERRITORIO NACIONAL,106,5,1116,2666,327403,363853,29602,40060,19194,25807,24075,272047,13979,,,,,,,,277,32515,1148812,1544062,,,JE2018_31_SEN_MR_CompEnt_23_30.pdf,
32,ZACATECAS,VOTO EN EL EXTRANJERO,,,,,285,128,55,27,171,50,11,1174,66,,,,,,,,2,29,1998,5046,,,JE2018_32_SEN_MR_CompEntVMRE_5_35.pdf,
32,ZACATECAS,VOTO EN TERRITORIO NACIONAL,58,4,1757,2509,95924,181714,42975,45588,53184,18645,27343,243435,15145,,,,,,,,249,31603,755805,1162459,,,JE2018_32_SEN_MR_CompEnt_23_30.pdf,
