CIRCUNSCRIPCION,ID_ESTADO,NOMBRE_ESTADO,ID_DISTRITO,CABECERA_DISTRITAL,ID_MUNICIPIO,MUNICIPIO,SECCION,CASILLAS,PAN_PRS,PRI,PRD_PT_MC,PVEM,NVA_ALIANZA,MORENA,BRE,PRI_PVEM_NVA_ALIANZA,PRI_PVEM,PRI_NVA_ALIANZA,PVEM_NVA_ALIANZA,NUM_VOTOS_CAN_NREG,NUM_VOTOS_VALIDOS,NUM_VOTOS_NULOS,TOTAL_VOTOS,LISTA_NOMINAL
1,3,BAJA CALIFORNIA SUR,1,LA PAZ,3,LA PAZ,121,2,275,150,31,6,1,44,14,8,4,1,0,3,537,13,550,1009
1,3,BAJA CALIFORNIA SUR,1,LA PAZ,3,LA PAZ,122,1,168,113,30,11,1,29,8,12,11,1,0,1,385,19,404,723
1,3,BAJA CALIFORNIA SUR,1,LA PAZ,3,LA PAZ,123,2,259,155,33,2,4,40,3,9,7,2,0,1,515,18,533,850
1,3,BAJA CALIFORNIA SUR,1,LA PAZ,3,LA PAZ,124,2,291,187,24,8,24,33,11,9,5,1,0,2,595,13,608,998
1,3,BAJA CALIFORNIA SUR,1,LA PAZ,3,LA PAZ,125,2,179,125,14,0,2,15,7,10,7,0,0,1,360,4,364,585
1,3,BAJA CALIFORNIA SUR,1,LA PAZ,3,LA PAZ,126,1,206,136,15,3,8,21,11,5,2,1,0,1,409,13,422,717
1,3,BAJA CALIFORNIA SUR,1,LA PAZ,3,LA PAZ,127,1,157,117,24,9,7,31,6,4,4,1,0,1,361,9,370,736
1,3,BAJA CALIFORNIA SUR,1,LA PAZ,3,LA PAZ,128,1,129,106,31,8,5,26,3,6,10,2,0,1,327,8,335,601
1,3,BAJA CALIFORNIA SUR,1,LA PAZ,3,LA PAZ,129,2,248,111,24,24,4,37,11,11,8,0,0,0,478,21,499,958
1,3,BAJA CALIFORNIA SUR,1,LA PAZ,3,LA PAZ,130,1,81,49,13,5,1,7,4,0,2,0,0,0,162,4,166,375
1,3,BAJA CALIFORNIA SUR,1,LA PAZ,3,LA PAZ,131,1,93,63,24,6,2,25,6,10,5,0,0,2,236,9,245,514
1,3,BAJA CALIFORNIA SUR,1,LA PAZ,3,LA PAZ,132,1,72,59,14,5,1,20,10,5,2,0,0,0,188,6,194,422
1,3,BAJA CALIFORNIA SUR,1,LA PAZ,3,LA PAZ,133,1,61,52,12,3,3,11,9,3,2,0,0,1,157,5,162,362
1,3,BAJA CALIFORNIA SUR,1,LA PAZ,3,LA PAZ,134,1,70,48,8,0,1,12,1,1,1,0,0,0,142,3,145,306
1,3,BAJA CALIFORNIA SUR,1,LA PAZ,3,LA PAZ,135,2,238,134,48,15,4,41,6,7,17,3,0,2,515,21,536,1032
1,3,BAJA CALIFORNIA SUR,1,LA PAZ,3,LA PAZ,136,2,263,100,38,4,5,35,11,4,5,2,0,1,468,13,481,792
1,3,BAJA CALIFORNIA SUR,1,LA PAZ,3,LA PAZ,137,2,223,169,24,2,1,26,11,21,10,0,0,0,487,14,501,817
1,3,BAJA CALIFORNIA SUR,1,LA PAZ,3,LA PAZ,138,1,166,106,20,5,1,33,5,3,10,0,0,1,350,14,364,654
1,3,BAJA CALIFORNIA SUR,1,LA PAZ,3,LA PAZ,139,1,118,77,19,7,2,56,2,4,6,1,0,0,292,9,301,555
1,3,BAJA CALIFORNIA SUR,1,LA PAZ,3,LA PAZ,140,1,97,56,20,3,6,22,5,3,4,0,0,1,217,10,227,504
1,3,BAJA CALIFORNIA SUR,1,LA PAZ,3,LA PAZ,141,2,166,84,26,19,4,33,6,6,3,1,0,1,349,21,370,769
1,3,BAJA CALIFORNIA SUR,1,LA PAZ,3,LA PAZ,142,2,164,161,47,17,2,32,13,24,19,1,0,1,481,17,498,1023
1,3,BAJA CALIFORNIA SUR,1,LA PAZ,3,LA PAZ,143,3,326,249,45,29,9,44,22,13,21,1,2,1,762,28,790,1715
1,3,BAJA CALIFORNIA SUR,1,LA PAZ,3,LA PAZ,144,2,285,178,52,40,3,42,13,10,16,1,1,2,643,18,661,1407
1,3,BAJA CALIFORNIA SUR,1,LA PAZ,3,LA PAZ,145,2,137,106,33,6,4,33,9,5,8,0,0,0,341,11,352,752
1,3,BAJA CALIFORNIA SUR,1,LA PAZ,3,LA PAZ,146,1,112,83,29,7,2,41,5,4,4,1,0,1,289,4,293,637
1,3,BAJA CALIFORNIA SUR,1,LA PAZ,3,LA PAZ,147,1,145,95,27,14,1,50,4,6,9,0,0,0,351,18,369,688
1,3,BAJA CALIFORNIA SUR,1,LA PAZ,3,LA PAZ,148,1,147,97,20,6,2,25,5,5,8,0,0,0,315,0,315,541
1,3,BAJA CALIFORNIA SUR,1,LA PAZ,3,LA PAZ,149,1,125,99,27,7,2,35,8,8,6,0,0,2,319,5,324,597
1,3,BAJA CALIFORNIA SUR,1,LA PAZ,3,LA PAZ,150,1,97,79,34,5,2,38,7,7,10,1,0,1,281,9,290,499
1,3,BAJA CALIFORNIA SUR,1,LA PAZ,3,LA PAZ,151,1,117,78,25,5,1,24,11,5,11,1,0,0,278,13,291,636
1,3,BAJA CALIFORNIA SUR,1,LA PAZ,3,LA PAZ,152,2,141,124,23,19,4,42,12,7,8,1,0,1,382,9,391,874
1,3,BAJA CALIFORNIA SUR,1,LA PAZ,3,LA PAZ,153,2,171,216,64,25,5,53,17,22,16,0,0,1,590,31,621,1316
1,3,BAJA CALIFORNIA SUR,1,LA PAZ,3,LA PAZ,154,2,204,170,61,7,5,69,15,15,6,0,0,4,556,21,577,1139
1,3,BAJA CALIFORNIA SUR,1,LA PAZ,3,LA PAZ,155,2,233,165,41,12,3,62,8,7,13,1,0,1,546,16,562,980
1,3,BAJA CALIFORNIA SUR,1,LA PAZ,3,LA PAZ,156,5,578,470,107,43,10,135,40,29,25,1,0,2,1440,55,1495,3157
1,3,BAJA CALIFORNIA SUR,1,LA PAZ,3,LA PAZ,157,2,216,106,30,16,3,25,10,4,13,0,0,1,424,12,436,819
1,3,BAJA CALIFORNIA SUR,1,LA PAZ,3,LA PAZ,158,2,194,124,30,5,6,21,6,5,1,1,0,5,398,9,407,795
1,3,BAJA CALIFORNIA SUR,2,LA PAZ,3,LA PAZ,159,1,140,80,11,6,0,28,3,7,1,0,0,5,281,2,283,502
1,3,BAJA CALIFORNIA SUR,2,LA PAZ,3,LA PAZ,160,1,154,88,8,4,2,28,8,4,7,1,0,3,307,6,313,488
1,3,BAJA CALIFORNIA SUR,2,LA PAZ,3,LA PAZ,161,1,234,111,18,2,3,25,13,6,7,0,0,0,419,14,433,667
1,3,BAJA CALIFORNIA SUR,2,LA PAZ,3,LA PAZ,162,2,250,181,24,3,2,39,10,16,9,0,0,5,539,20,559,854
1,3,BAJA CALIFORNIA SUR,2,LA PAZ,3,LA PAZ,163,1,223,135,18,2,3,27,8,9,2,0,0,0,427,7,434,662
1,3,BAJA CALIFORNIA SUR,2,LA PAZ,3,LA PAZ,164,2,228,193,16,7,5,33,13,12,4,0,0,0,511,21,532,864
1,3,BAJA CALIFORNIA SUR,2,LA PAZ,3,LA PAZ,165,2,267,174,35,2,4,51,8,17,5,2,0,1,566,18,584,899
1,3,BAJA CALIFORNIA SUR,2,LA PAZ,3,LA PAZ,166,1,229,148,15,3,0,35,12,10,5,0,0,0,457,16,473,686
1,3,BAJA CALIFORNIA SUR,2,LA PAZ,3,LA PAZ,167,2,309,213,20,8,1,42,19,15,8,2,0,2,639,17,656,1073
1,3,BAJA CALIFORNIA SUR,2,LA PAZ,3,LA PAZ,168,2,318,156,33,7,2,44,14,7,6,1,0,2,590,7,597,991
1,3,BAJA CALIFORNIA SUR,2,LA PAZ,3,LA PAZ,169,2,154,88,28,5,1,21,6,8,2,0,0,0,313,14,327,763
1,3,BAJA CALIFORNIA SUR,2,LA PAZ,3,LA PAZ,170,1,164,94,8,2,4,28,5,3,6,0,0,0,314,6,320,528
1,3,BAJA CALIFORNIA SUR,2,LA PAZ,3,LA PAZ,171,1,184,93,24,4,1,35,9,2,3,2,0,2,359,6,365,598
1,3,BAJA CALIFORNIA SUR,2,LA PAZ,3,LA PAZ,172,1,179,130,27,4,6,26,6,8,9,0,0,0,395,20,415,694
1,3,BAJA CALIFORNIA SUR,2,LA PAZ,3,LA PAZ,173,2,287,161,28,4,5,61,17,10,4,1,0,1,579,17,596,1009
1,3,BAJA CALIFORNIA SUR,2,LA PAZ,3,LA PAZ,174,2,297,146,35,6,3,38,12,4,6,2,0,8,557,13,570,982
1,3,BAJA CALIFORNIA SUR,2,LA PAZ,3,LA PAZ,175,2,306,229,53,6,8,44,16,7,10,1,0,4,684,18,702,1304
1,3,BAJA CALIFORNIA SUR,2,LA PAZ,3,LA PAZ,176,1,166,86,21,1,2,29,7,1,4,0,0,2,319,21,340,552
1,3,BAJA CALIFORNIA SUR,2,LA PAZ,3,LA PAZ,177,1,175,81,21,3,2,23,8,4,2,0,0,0,319,4,323,532
1,3,BAJA CALIFORNIA SUR,2,LA PAZ,3,LA PAZ,178,1,125,68,33,4,0,24,7,6,7,2,0,5,281,8,289,505
1,3,BAJA CALIFORNIA SUR,2,LA PAZ,3,LA PAZ,179,2,215,136,23,6,4,51,5,7,4,0,1,1,453,17,470,860
1,3,BAJA CALIFORNIA SUR,2,LA PAZ,3,LA PAZ,180,2,235,121,35,13,2,37,12,2,8,2,0,2,469,11,480,910
1,3,BAJA CALIFORNIA SUR,2,LA PAZ,3,LA PAZ,181,2,285,189,56,10,4,53,14,6,7,0,1,1,626,24,650,1191
1,3,BAJA CALIFORNIA SUR,2,LA PAZ,3,LA PAZ,182,2,226,151,30,2,4,24,6,6,8,0,0,0,457,16,473,831
1,3,BAJA CALIFORNIA SUR,2,LA PAZ,3,LA PAZ,183,1,198,97,31,3,1,29,9,7,5,0,0,2,382,7,389,663
1,3,BAJA CALIFORNIA SUR,3,LA PAZ,3,LA PAZ,184,1,95,79,8,1,2,18,1,2,0,0,0,0,206,7,213,327
1,3,BAJA CALIFORNIA SUR,3,LA PAZ,3,LA PAZ,185,1,171,121,17,1,6,26,16,7,7,0,0,6,378,7,385,681
1,3,BAJA CALIFORNIA SUR,3,LA PAZ,3,LA PAZ,186,2,235,193,29,5,6,51,14,9,6,0,0,6,554,9,563,870
1,3,BAJA CALIFORNIA SUR,3,LA PAZ,3,LA PAZ,187,2,256,175,23,7,1,39,13,12,11,0,0,2,539,15,554,824
1,3,BAJA CALIFORNIA SUR,3,LA PAZ,3,LA PAZ,188,2,238,175,16,2,3,38,11,8,5,1,0,2,499,13,512,756
1,3,BAJA CALIFORNIA SUR,3,LA PAZ,3,LA PAZ,189,2,282,210,29,2,1,39,19,9,10,1,0,6,608,18,626,973
1,3,BAJA CALIFORNIA SUR,3,LA PAZ,3,LA PAZ,190,2,362,189,29,1,4,59,14,12,4,1,0,2,677,16,693,1134
1,3,BAJA CALIFORNIA SUR,3,LA PAZ,3,LA PAZ,191,2,284,178,29,4,2,55,17,19,3,0,0,0,591,13,604,943
1,3,BAJA CALIFORNIA SUR,3,LA PAZ,3,LA PAZ,192,1,217,135,35,2,1,41,11,7,7,1,0,2,459,14,473,735
1,3,BAJA CALIFORNIA SUR,3,LA PAZ,3,LA PAZ,193,2,259,216,25,7,6,46,12,16,11,0,0,4,602,28,630,896
1,3,BAJA CALIFORNIA SUR,3,LA PAZ,3,LA PAZ,194,1,145,113,27,3,3,31,11,6,8,0,0,3,350,9,359,552
1,3,BAJA CALIFORNIA SUR,3,LA PAZ,3,LA PAZ,195,1,150,118,21,3,2,34,10,6,10,0,0,4,358,15,373,651
1,3,BAJA CALIFORNIA SUR,3,LA PAZ,3,LA PAZ,196,2,269,157,26,3,3,40,20,8,8,0,0,0,534,11,545,908
1,3,BAJA CALIFORNIA SUR,3,LA PAZ,3,LA PAZ,197,3,449,284,54,8,7,76,37,22,8,0,0,7,952,16,968,1565
1,3,BAJA CALIFORNIA SUR,3,LA PAZ,3,LA PAZ,198,1,210,99,30,6,6,19,7,6,8,0,0,0,391,13,404,681
1,3,BAJA CALIFORNIA SUR,3,LA PAZ,3,LA PAZ,199,1,165,120,28,3,2,32,6,9,3,1,0,3,372,9,381,600
1,3,BAJA CALIFORNIA SUR,3,LA PAZ,3,LA PAZ,200,1,156,134,13,3,5,31,22,3,4,0,0,3,374,17,391,633
1,3,BAJA CALIFORNIA SUR,3,LA PAZ,3,LA PAZ,201,1,126,82,19,0,0,20,9,11,0,0,0,0,267,11,278,506
1,3,BAJA CALIFORNIA SUR,3,LA PAZ,3,LA PAZ,202,2,407,276,47,1,6,71,22,13,7,0,0,3,853,23,876,1339
1,3,BAJA CALIFORNIA SUR,3,LA PAZ,3,LA PAZ,203,2,233,119,34,3,5,37,12,4,3,0,0,1,451,13,464,818
1,3,BAJA CALIFORNIA SUR,3,LA PAZ,3,LA PAZ,204,2,240,114,40,3,3,44,12,3,6,1,0,1,467,17,484,865
1,3,BAJA CALIFORNIA SUR,3,LA PAZ,3,LA PAZ,205,1,184,71,39,1,1,31,11,5,2,3,0,1,349,18,367,667
1,3,BAJA CALIFORNIA SUR,3,LA PAZ,3,LA PAZ,206,4,526,371,110,9,7,87,38,7,17,1,0,0,1173,31,1204,2494
1,3,BAJA CALIFORNIA SUR,4,LA PAZ,3,LA PAZ,226,2,328,201,52,2,6,64,20,5,5,0,0,4,687,14,701,1060
1,3,BAJA CALIFORNIA SUR,4,LA PAZ,3,LA PAZ,227,2,365,204,34,9,14,68,24,5,4,0,0,2,729,17,746,1281
1,3,BAJA CALIFORNIA SUR,4,LA PAZ,3,LA PAZ,228,2,386,236,44,8,4,77,22,9,3,0,0,3,792,24,816,1465
1,3,BAJA CALIFORNIA SUR,4,LA PAZ,3,LA PAZ,229,1,202,106,24,7,4,64,15,10,4,0,0,5,441,5,446,737
1,3,BAJA CALIFORNIA SUR,4,LA PAZ,3,LA PAZ,230,1,200,138,54,1,3,41,9,3,6,1,0,3,459,14,473,738
1,3,BAJA CALIFORNIA SUR,4,LA PAZ,3,LA PAZ,231,1,162,83,25,3,1,26,6,5,4,2,0,4,321,11,332,502
1,3,BAJA CALIFORNIA SUR,4,LA PAZ,3,LA PAZ,232,2,243,123,22,4,3,48,14,3,8,0,0,5,473,4,477,798
1,3,BAJA CALIFORNIA SUR,4,LA PAZ,3,LA PAZ,233,1,170,93,32,1,8,37,8,3,4,0,0,0,356,3,359,599
1,3,BAJA CALIFORNIA SUR,4,LA PAZ,3,LA PAZ,234,2,250,167,40,3,5,65,7,7,4,1,0,10,559,12,571,874
1,3,BAJA CALIFORNIA SUR,4,LA PAZ,3,LA PAZ,235,2,256,151,29,14,1,49,22,3,2,0,0,1,528,14,542,909
1,3,BAJA CALIFORNIA SUR,4,LA PAZ,3,LA PAZ,236,1,132,61,10,2,3,16,10,1,4,0,0,0,239,5,244,417
1,3,BAJA CALIFORNIA SUR,4,LA PAZ,3,LA PAZ,237,2,255,171,40,5,2,60,19,6,3,2,0,3,566,16,582,922
1,3,BAJA CALIFORNIA SUR,4,LA PAZ,3,LA PAZ,238,2,219,141,33,3,7,44,9,13,2,0,0,1,472,11,483,787
1,3,BAJA CALIFORNIA SUR,4,LA PAZ,3,LA PAZ,239,2,313,139,35,5,5,50,12,7,6,1,0,1,574,10,584,1013
1,3,BAJA CALIFORNIA SUR,4,LA PAZ,3,LA PAZ,240,1,111,72,15,1,2,29,9,1,6,1,0,0,247,9,256,522
1,3,BAJA CALIFORNIA SUR,4,LA PAZ,3,LA PAZ,241,1,134,71,14,4,6,24,8,8,4,0,0,0,273,6,279,524
1,3,BAJA CALIFORNIA SUR,4,LA PAZ,3,LA PAZ,242,2,451,306,50,5,2,66,24,18,14,0,0,1,937,24,961,626
1,3,BAJA CALIFORNIA SUR,4,LA PAZ,3,LA PAZ,243,1,165,133,17,2,3,36,9,5,3,0,0,2,375,10,385,650
1,3,BAJA CALIFORNIA SUR,4,LA PAZ,3,LA PAZ,244,1,153,152,22,4,7,33,24,13,4,0,0,1,413,12,425,690
1,3,BAJA CALIFORNIA SUR,4,LA PAZ,3,LA PAZ,245,1,153,144,11,1,3,40,9,4,1,0,0,4,370,13,383,584
1,3,BAJA CALIFORNIA SUR,4,LA PAZ,3,LA PAZ,246,2,212,129,36,3,5,31,12,4,3,2,0,1,438,19,457,888
1,3,BAJA CALIFORNIA SUR,4,LA PAZ,3,LA PAZ,247,2,195,122,22,5,7,24,10,3,5,1,0,0,394,15,409,813
1,3,BAJA CALIFORNIA SUR,4,LA PAZ,3,LA PAZ,248,2,541,348,44,8,12,83,12,21,15,4,0,12,1100,26,1126,699
1,3,BAJA CALIFORNIA SUR,4,LA PAZ,3,LA PAZ,249,2,262,132,38,4,3,58,26,2,7,1,0,2,535,6,541,840
1,3,BAJA CALIFORNIA SUR,4,LA PAZ,3,LA PAZ,250,2,254,133,28,6,7,44,14,8,3,0,0,3,500,18,518,1024
1,3,BAJA CALIFORNIA SUR,4,LA PAZ,3,LA PAZ,251,1,116,79,14,4,2,30,0,3,7,0,0,5,260,15,275,535
1,3,BAJA CALIFORNIA SUR,4,LA PAZ,3,LA PAZ,254,1,134,50,6,5,6,7,2,0,0,0,0,0,210,8,218,314
1,3,BAJA CALIFORNIA SUR,4,LA PAZ,3,LA PAZ,255,3,390,271,65,9,9,61,15,6,19,4,0,0,849,39,888,1850
1,3,BAJA CALIFORNIA SUR,4,LA PAZ,3,LA PAZ,440,1,194,78,27,1,1,38,19,3,2,0,0,2,365,7,372,638
1,3,BAJA CALIFORNIA SUR,4,LA PAZ,3,LA PAZ,441,1,124,59,11,2,1,21,16,3,0,0,0,2,239,6,245,481
1,3,BAJA CALIFORNIA SUR,4,LA PAZ,3,LA PAZ,442,1,155,87,26,2,4,27,12,3,2,0,0,2,320,11,331,657
1,3,BAJA CALIFORNIA SUR,4,LA PAZ,3,LA PAZ,443,2,171,106,22,3,5,42,13,4,3,1,0,5,375,7,382,753
1,3,BAJA CALIFORNIA SUR,4,LA PAZ,3,LA PAZ,444,1,113,60,16,2,1,25,10,5,1,0,0,1,234,9,243,459
1,3,BAJA CALIFORNIA SUR,4,LA PAZ,3,LA PAZ,445,1,113,91,9,4,4,30,2,3,0,0,0,2,258,2,260,513
1,3,BAJA CALIFORNIA SUR,4,LA PAZ,3,LA PAZ,446,2,209,155,29,1,8,50,15,2,0,0,0,3,472,17,489,966
1,3,BAJA CALIFORNIA SUR,4,LA PAZ,3,LA PAZ,447,1,102,66,13,3,2,15,12,2,1,0,0,1,217,6,223,567
1,3,BAJA CALIFORNIA SUR,4,LA PAZ,3,LA PAZ,448,1,91,53,12,1,1,13,7,2,2,0,0,0,182,7,189,453
1,3,BAJA CALIFORNIA SUR,4,LA PAZ,3,LA PAZ,449,1,140,82,13,3,1,20,1,2,1,0,0,6,269,14,283,573
1,3,BAJA CALIFORNIA SUR,4,LA PAZ,3,LA PAZ,450,1,93,82,12,4,6,27,5,2,2,0,0,0,233,5,238,573
1,3,BAJA CALIFORNIA SUR,4,LA PAZ,3,LA PAZ,451,2,131,76,14,3,1,35,12,3,0,0,0,1,276,6,282,755
1,3,BAJA CALIFORNIA SUR,4,LA PAZ,3,LA PAZ,452,2,133,90,22,4,6,19,19,5,6,0,0,2,306,11,317,759
1,3,BAJA CALIFORNIA SUR,4,LA PAZ,3,LA PAZ,453,1,117,70,26,0,0,19,0,1,1,0,0,4,238,7,245,637
1,3,BAJA CALIFORNIA SUR,4,LA PAZ,3,LA PAZ,454,1,113,91,9,4,4,30,2,3,0,0,0,2,258,2,260,532
1,3,BAJA CALIFORNIA SUR,4,LA PAZ,3,LA PAZ,455,1,104,66,14,2,6,23,7,6,1,0,0,0,229,8,237,578
1,3,BAJA CALIFORNIA SUR,4,LA PAZ,3,LA PAZ,456,1,56,49,10,2,2,10,7,2,1,2,0,2,143,5,148,319
1,3,BAJA CALIFORNIA SUR,4,LA PAZ,3,LA PAZ,457,1,87,93,16,3,2,17,5,3,8,0,0,0,234,5,239,522
1,3,BAJA CALIFORNIA SUR,4,LA PAZ,3,LA PAZ,458,1,144,91,24,6,2,27,14,2,0,0,0,0,310,7,317,742
1,3,BAJA CALIFORNIA SUR,4,LA PAZ,3,LA PAZ,459,1,88,96,20,4,3,35,13,1,1,0,0,3,264,7,271,699
1,3,BAJA CALIFORNIA SUR,4,LA PAZ,3,LA PAZ,460,1,130,99,13,2,8,44,13,3,0,0,0,0,312,9,321,569
1,3,BAJA CALIFORNIA SUR,4,LA PAZ,3,LA PAZ,461,1,114,89,18,1,3,29,7,0,2,0,0,2,265,4,269,493
1,3,BAJA CALIFORNIA SUR,4,LA PAZ,3,LA PAZ,462,1,135,69,21,0,6,24,8,2,4,2,0,0,271,9,280,566
1,3,BAJA CALIFORNIA SUR,4,LA PAZ,3,LA PAZ,463,1,127,77,18,2,7,25,13,4,1,0,0,0,274,12,286,546
1,3,BAJA CALIFORNIA SUR,4,LA PAZ,3,LA PAZ,464,1,181,60,28,2,4,28,15,4,1,0,0,2,325,5,330,719
1,3,BAJA CALIFORNIA SUR,4,LA PAZ,3,LA PAZ,465,2,184,125,32,0,8,49,18,6,2,0,0,3,427,11,438,814
1,3,BAJA CALIFORNIA SUR,4,LA PAZ,3,LA PAZ,466,1,140,66,27,0,2,31,16,4,3,0,0,1,290,8,298,697
1,3,BAJA CALIFORNIA SUR,4,LA PAZ,3,LA PAZ,467,1,134,70,17,3,7,35,11,1,4,1,0,1,284,6,290,711
1,3,BAJA CALIFORNIA SUR,4,LA PAZ,3,LA PAZ,468,1,141,82,20,6,3,30,11,4,1,1,0,2,301,4,305,718
1,3,BAJA CALIFORNIA SUR,4,LA PAZ,3,LA PAZ,469,1,125,86,16,3,1,19,12,3,2,0,0,0,267,5,272,684
1,3,BAJA CALIFORNIA SUR,4,LA PAZ,3,LA PAZ,470,2,175,103,19,3,3,30,11,1,5,0,0,0,350,9,359,995
1,3,BAJA CALIFORNIA SUR,4,LA PAZ,3,LA PAZ,471,1,106,79,18,2,3,20,6,2,4,0,0,1,241,3,244,595
1,3,BAJA CALIFORNIA SUR,4,LA PAZ,3,LA PAZ,472,2,177,107,28,7,5,43,13,3,4,0,0,2,389,17,406,901
1,3,BAJA CALIFORNIA SUR,4,LA PAZ,3,LA PAZ,473,1,102,65,10,3,3,8,11,1,4,0,0,0,207,7,214,460
1,3,BAJA CALIFORNIA SUR,4,LA PAZ,3,LA PAZ,474,1,103,50,11,0,4,13,4,1,0,0,0,1,187,9,196,527
1,3,BAJA CALIFORNIA SUR,4,LA PAZ,3,LA PAZ,475,2,263,185,37,8,4,34,6,2,6,4,1,9,559,9,568,1242
1,3,BAJA CALIFORNIA SUR,4,LA PAZ,3,LA PAZ,476,1,120,71,11,4,5,18,0,5,2,0,0,1,237,7,244,555
1,3,BAJA CALIFORNIA SUR,4,LA PAZ,3,LA PAZ,477,1,136,57,16,2,3,22,7,4,3,0,0,0,250,8,258,588
1,3,BAJA CALIFORNIA SUR,4,LA PAZ,3,LA PAZ,478,2,235,111,33,3,2,46,24,4,8,0,0,2,468,14,482,965
1,3,BAJA CALIFORNIA SUR,4,LA PAZ,3,LA PAZ,479,2,196,162,50,4,2,50,5,3,2,1,0,11,486,12,498,1092
1,3,BAJA CALIFORNIA SUR,4,LA PAZ,3,LA PAZ,480,2,143,127,29,3,5,46,12,4,3,0,0,2,374,14,388,882
1,3,BAJA CALIFORNIA SUR,4,LA PAZ,3,LA PAZ,481,2,212,165,23,0,0,28,7,0,0,0,0,6,441,11,452,989
1,3,BAJA CALIFORNIA SUR,4,LA PAZ,3,LA PAZ,482,2,249,162,28,7,6,60,16,3,3,0,0,0,534,12,546,1212
1,3,BAJA CALIFORNIA SUR,4,LA PAZ,3,LA PAZ,483,1,149,69,29,1,8,24,20,0,3,0,0,1,304,1,305,713
1,3,BAJA CALIFORNIA SUR,4,LA PAZ,3,LA PAZ,484,2,153,115,35,1,2,32,6,2,1,0,0,5,352,4,356,836
1,3,BAJA CALIFORNIA SUR,4,LA PAZ,3,LA PAZ,485,2,194,118,33,5,7,52,21,5,2,0,0,8,445,6,451,957
1,3,BAJA CALIFORNIA SUR,4,LA PAZ,3,LA PAZ,486,2,203,135,41,8,1,54,29,4,5,0,0,1,481,10,491,889
1,3,BAJA CALIFORNIA SUR,4,LA PAZ,3,LA PAZ,487,2,247,169,31,8,8,64,25,5,3,0,0,2,562,13,575,1081
1,3,BAJA CALIFORNIA SUR,4,LA PAZ,3,LA PAZ,488,2,269,165,30,5,4,59,16,3,1,0,1,3,556,14,570,1068
1,3,BAJA CALIFORNIA SUR,4,LA PAZ,3,LA PAZ,489,2,273,123,30,0,11,71,22,3,0,2,0,1,536,13,549,1064
1,3,BAJA CALIFORNIA SUR,4,LA PAZ,3,LA PAZ,490,2,223,137,36,1,3,45,14,4,3,0,0,0,466,10,476,947
1,3,BAJA CALIFORNIA SUR,4,LA PAZ,3,LA PAZ,491,2,272,130,27,0,6,59,18,4,4,1,0,0,521,23,544,1048
1,3,BAJA CALIFORNIA SUR,4,LA PAZ,3,LA PAZ,492,2,203,147,33,8,4,44,16,2,3,1,0,6,467,13,480,1053
1,3,BAJA CALIFORNIA SUR,4,LA PAZ,3,LA PAZ,493,2,215,136,38,3,3,30,14,4,4,0,0,2,449,8,457,954
1,3,BAJA CALIFORNIA SUR,4,LA PAZ,3,LA PAZ,494,2,245,141,46,5,13,22,27,4,1,0,0,3,507,5,512,1184
1,3,BAJA CALIFORNIA SUR,4,LA PAZ,3,LA PAZ,495,2,205,128,33,2,7,33,24,7,4,0,0,0,443,8,451,1120
1,3,BAJA CALIFORNIA SUR,5,LA PAZ,3,LA PAZ,207,1,152,149,19,3,0,38,7,7,6,1,0,1,383,14,397,622
1,3,BAJA CALIFORNIA SUR,5,LA PAZ,3,LA PAZ,208,1,210,97,30,5,3,31,10,6,4,1,0,1,398,14,412,733
1,3,BAJA CALIFORNIA SUR,5,LA PAZ,3,LA PAZ,209,3,510,264,45,14,4,79,27,7,10,0,0,8,968,32,1000,1589
1,3,BAJA CALIFORNIA SUR,5,LA PAZ,3,LA PAZ,210,5,957,715,95,25,21,186,79,30,15,2,0,7,2132,50,2182,3706
1,3,BAJA CALIFORNIA SUR,5,LA PAZ,3,LA PAZ,211,2,337,219,36,4,7,76,10,7,7,0,0,11,714,9,723,1230
1,3,BAJA CALIFORNIA SUR,5,LA PAZ,3,LA PAZ,212,2,287,171,25,2,6,69,25,6,6,0,0,2,599,10,609,932
1,3,BAJA CALIFORNIA SUR,5,LA PAZ,3,LA PAZ,213,2,340,242,60,7,2,65,16,9,13,0,0,3,757,26,783,1283
1,3,BAJA CALIFORNIA SUR,5,LA PAZ,3,LA PAZ,214,2,242,184,18,4,1,57,18,9,2,0,0,1,536,17,553,887
1,3,BAJA CALIFORNIA SUR,5,LA PAZ,3,LA PAZ,215,2,168,169,31,3,4,41,24,1,5,1,0,12,459,16,475,751
1,3,BAJA CALIFORNIA SUR,5,LA PAZ,3,LA PAZ,216,1,142,97,19,0,0,24,8,0,0,0,0,2,292,10,302,515
1,3,BAJA CALIFORNIA SUR,5,LA PAZ,3,LA PAZ,217,6,955,715,113,11,31,227,67,25,12,1,13,7,2177,54,2231,3771
1,3,BAJA CALIFORNIA SUR,5,LA PAZ,3,LA PAZ,218,4,635,410,60,9,11,102,36,21,4,0,0,3,1291,42,1333,2263
1,3,BAJA CALIFORNIA SUR,5,LA PAZ,3,LA PAZ,219,2,296,201,49,4,2,68,16,10,7,0,0,2,655,15,670,1100
1,3,BAJA CALIFORNIA SUR,5,LA PAZ,3,LA PAZ,220,2,279,187,40,4,10,53,33,5,7,0,0,2,620,21,641,1064
1,3,BAJA CALIFORNIA SUR,5,LA PAZ,3,LA PAZ,221,2,240,167,22,5,5,52,17,8,5,1,0,5,527,14,541,842
1,3,BAJA CALIFORNIA SUR,5,LA PAZ,3,LA PAZ,222,2,267,165,35,5,1,77,17,11,3,0,0,2,583,11,594,884
1,3,BAJA CALIFORNIA SUR,5,LA PAZ,3,LA PAZ,223,2,277,223,46,8,10,70,20,5,6,1,0,3,669,15,684,1096
1,3,BAJA CALIFORNIA SUR,5,LA PAZ,3,LA PAZ,224,1,180,109,20,2,1,27,9,5,1,1,0,0,355,8,363,548
1,3,BAJA CALIFORNIA SUR,5,LA PAZ,3,LA PAZ,225,1,179,112,12,3,2,31,5,6,1,0,0,0,351,11,362,566
1,3,BAJA CALIFORNIA SUR,5,LA PAZ,3,LA PAZ,256,3,429,367,24,8,7,57,23,15,12,2,0,4,948,25,973,1847
1,3,BAJA CALIFORNIA SUR,5,LA PAZ,3,LA PAZ,257,2,262,126,15,7,12,62,13,0,2,0,0,0,499,14,513,1024
1,3,BAJA CALIFORNIA SUR,5,LA PAZ,3,LA PAZ,258,1,102,81,4,1,1,3,0,1,5,0,0,1,199,0,199,351
1,3,BAJA CALIFORNIA SUR,5,LA PAZ,3,LA PAZ,259,1,52,25,3,1,0,6,1,0,1,1,0,0,90,1,91,174
1,3,BAJA CALIFORNIA SUR,5,LA PAZ,3,LA PAZ,260,1,35,38,7,0,1,2,1,0,0,0,0,0,84,2,86,199
1,3,BAJA CALIFORNIA SUR,5,LA PAZ,3,LA PAZ,261,2,259,153,12,4,6,7,5,13,9,0,0,0,468,13,481,753
1,3,BAJA CALIFORNIA SUR,5,LA PAZ,3,LA PAZ,262,1,81,50,1,2,0,0,1,2,3,0,0,0,140,5,145,207
1,3,BAJA CALIFORNIA SUR,5,LA PAZ,3,LA PAZ,263,1,26,60,2,4,1,5,0,2,15,0,0,0,115,5,120,190
1,3,BAJA CALIFORNIA SUR,5,LA PAZ,3,LA PAZ,264,2,35,61,3,2,2,2,0,0,3,0,0,0,108,7,115,188
1,3,BAJA CALIFORNIA SUR,5,LA PAZ,3,LA PAZ,265,3,139,142,3,5,1,0,0,7,4,0,0,1,302,5,307,470
1,3,BAJA CALIFORNIA SUR,5,LA PAZ,3,LA PAZ,266,2,123,143,2,9,3,1,1,12,13,3,9,0,319,10,329,429
1,3,BAJA CALIFORNIA SUR,5,LA PAZ,3,LA PAZ,288,1,171,104,19,5,6,26,4,4,4,0,0,1,344,16,360,687
1,3,BAJA CALIFORNIA SUR,5,LA PAZ,3,LA PAZ,289,3,432,230,52,8,6,74,18,7,8,1,0,2,838,42,880,1697
1,3,BAJA CALIFORNIA SUR,5,LA PAZ,3,LA PAZ,348,1,103,84,12,1,6,30,9,3,0,0,0,0,248,9,257,510
1,3,BAJA CALIFORNIA SUR,5,LA PAZ,3,LA PAZ,349,1,136,119,12,4,5,39,10,4,3,0,0,1,333,7,340,636
1,3,BAJA CALIFORNIA SUR,5,LA PAZ,3,LA PAZ,350,1,94,72,15,0,2,35,8,5,4,1,0,2,238,5,243,433
1,3,BAJA CALIFORNIA SUR,6,TODOS SANTOS,3,LA PAZ,267,2,227,255,19,0,3,8,0,0,0,0,0,0,512,39,551,922
1,3,BAJA CALIFORNIA SUR,6,TODOS SANTOS,3,LA PAZ,268,2,166,64,12,1,0,8,1,2,1,0,0,0,255,9,264,412
1,3,BAJA CALIFORNIA SUR,6,TODOS SANTOS,3,LA PAZ,269,2,336,231,12,4,7,10,6,1,1,1,1,1,611,25,636,992
1,3,BAJA CALIFORNIA SUR,6,TODOS SANTOS,3,LA PAZ,270,4,807,494,28,2,4,33,9,4,8,0,0,4,1393,51,1444,2180
1,3,BAJA CALIFORNIA SUR,6,TODOS SANTOS,3,LA PAZ,271,2,234,154,10,0,1,4,0,5,0,0,0,0,408,12,420,616
1,3,BAJA CALIFORNIA SUR,6,TODOS SANTOS,3,LA PAZ,272,1,99,72,15,2,4,5,3,4,3,1,0,0,208,13,221,316
1,3,BAJA CALIFORNIA SUR,6,TODOS SANTOS,3,LA PAZ,273,1,70,39,2,2,3,0,0,1,0,0,2,0,119,6,125,182
1,3,BAJA CALIFORNIA SUR,6,TODOS SANTOS,3,LA PAZ,274,3,242,180,84,6,2,1,4,9,8,0,0,1,537,20,557,1227
1,3,BAJA CALIFORNIA SUR,6,TODOS SANTOS,3,LA PAZ,276,1,137,121,9,0,0,4,0,0,0,0,0,0,271,9,280,448
1,3,BAJA CALIFORNIA SUR,6,TODOS SANTOS,3,LA PAZ,277,1,87,103,46,0,0,8,3,0,0,0,0,0,247,26,273,423
1,3,BAJA CALIFORNIA SUR,6,TODOS SANTOS,3,LA PAZ,278,2,251,247,27,3,9,27,8,4,6,1,0,0,583,19,602,1149
1,3,BAJA CALIFORNIA SUR,6,TODOS SANTOS,3,LA PAZ,279,2,40,34,1,1,0,1,0,0,0,0,0,0,77,1,78,115
1,3,BAJA CALIFORNIA SUR,6,TODOS SANTOS,3,LA PAZ,280,3,507,345,31,6,5,100,12,12,19,0,0,3,1040,33,1073,1419
1,3,BAJA CALIFORNIA SUR,6,TODOS SANTOS,3,LA PAZ,281,2,453,268,12,2,1,45,4,3,8,0,0,0,796,16,812,1290
1,3,BAJA CALIFORNIA SUR,6,TODOS SANTOS,3,LA PAZ,282,2,403,118,17,0,0,80,0,119,0,0,0,5,742,20,762,1175
1,3,BAJA CALIFORNIA SUR,6,TODOS SANTOS,3,LA PAZ,283,3,475,367,20,9,4,29,2,16,18,0,1,5,946,15,961,2086
1,3,BAJA CALIFORNIA SUR,6,TODOS SANTOS,3,LA PAZ,284,1,31,26,1,1,0,1,0,6,1,0,0,0,67,3,70,111
1,3,BAJA CALIFORNIA SUR,6,TODOS SANTOS,3,LA PAZ,287,2,66,30,0,1,3,2,0,0,1,0,0,0,103,4,107,201
1,3,BAJA CALIFORNIA SUR,7,SAN JOSE DEL CABO,4,LOS CABOS,298,17,2563,1268,870,58,54,459,131,9,32,1,0,20,5465,178,5643,12563
1,3,BAJA CALIFORNIA SUR,7,SAN JOSE DEL CABO,4,LOS CABOS,299,2,160,182,120,10,9,48,9,0,3,0,0,0,541,21,562,1016
1,3,BAJA CALIFORNIA SUR,7,SAN JOSE DEL CABO,4,LOS CABOS,300,6,663,600,330,23,25,170,40,10,8,1,1,11,1882,60,1942,4095
1,3,BAJA CALIFORNIA SUR,7,SAN JOSE DEL CABO,4,LOS CABOS,302,1,93,74,55,3,4,22,6,1,0,0,0,2,260,8,268,534
1,3,BAJA CALIFORNIA SUR,7,SAN JOSE DEL CABO,4,LOS CABOS,303,1,126,95,21,3,3,12,3,0,0,2,0,0,265,7,272,475
1,3,BAJA CALIFORNIA SUR,7,SAN JOSE DEL CABO,4,LOS CABOS,304,4,521,412,138,12,11,23,4,1,7,1,0,2,1132,48,1180,1723
1,3,BAJA CALIFORNIA SUR,7,SAN JOSE DEL CABO,4,LOS CABOS,305,2,333,223,66,6,1,3,0,3,0,0,0,0,635,28,663,832
1,3,BAJA CALIFORNIA SUR,7,SAN JOSE DEL CABO,4,LOS CABOS,306,3,370,375,186,17,6,5,0,3,4,1,0,1,968,31,999,1357
1,3,BAJA CALIFORNIA SUR,7,SAN JOSE DEL CABO,4,LOS CABOS,307,2,74,61,52,2,4,4,0,1,2,0,0,0,200,9,209,272
1,3,BAJA CALIFORNIA SUR,7,SAN JOSE DEL CABO,4,LOS CABOS,308,3,314,551,273,8,14,10,3,12,9,1,0,0,1195,42,1237,1674
1,3,BAJA CALIFORNIA SUR,7,SAN JOSE DEL CABO,4,LOS CABOS,309,2,110,191,70,5,4,0,2,0,7,1,0,0,390,18,408,497
1,3,BAJA CALIFORNIA SUR,7,SAN JOSE DEL CABO,4,LOS CABOS,310,4,319,407,353,14,7,60,13,2,4,0,0,1,1180,28,1208,2263
1,3,BAJA CALIFORNIA SUR,7,SAN JOSE DEL CABO,4,LOS CABOS,311,2,66,178,113,4,4,9,2,3,5,2,0,0,386,22,408,630
1,3,BAJA CALIFORNIA SUR,7,SAN JOSE DEL CABO,4,LOS CABOS,312,11,1195,1079,610,40,28,275,60,20,14,0,0,12,3333,114,3447,7475
1,3,BAJA CALIFORNIA SUR,7,SAN JOSE DEL CABO,4,LOS CABOS,313,2,270,317,117,14,10,51,7,8,6,0,0,1,801,36,837,1384
1,3,BAJA CALIFORNIA SUR,7,SAN JOSE DEL CABO,4,LOS CABOS,314,7,776,659,490,23,22,150,35,7,18,1,0,2,2183,73,2256,5043
1,3,BAJA CALIFORNIA SUR,7,SAN JOSE DEL CABO,4,LOS CABOS,315,1,98,130,84,6,3,6,0,0,3,0,0,0,330,10,340,478
1,3,BAJA CALIFORNIA SUR,7,SAN JOSE DEL CABO,4,LOS CABOS,412,4,342,284,155,10,10,60,11,7,5,0,0,2,886,27,913,2404
1,3,BAJA CALIFORNIA SUR,7,SAN JOSE DEL CABO,4,LOS CABOS,413,2,121,85,58,2,4,24,5,0,5,1,0,0,305,7,312,752
1,3,BAJA CALIFORNIA SUR,7,SAN JOSE DEL CABO,4,LOS CABOS,414,2,160,104,75,7,5,30,3,1,5,0,1,4,395,14,409,1028
1,3,BAJA CALIFORNIA SUR,7,SAN JOSE DEL CABO,4,LOS CABOS,415,2,113,95,47,4,2,17,3,1,6,0,0,0,288,9,297,773
1,3,BAJA CALIFORNIA SUR,7,SAN JOSE DEL CABO,4,LOS CABOS,416,2,161,111,46,12,2,22,3,1,4,0,0,0,362,15,377,918
1,3,BAJA CALIFORNIA SUR,7,SAN JOSE DEL CABO,4,LOS CABOS,417,2,116,115,54,6,10,35,8,5,3,0,0,0,352,14,366,856
1,3,BAJA CALIFORNIA SUR,7,SAN JOSE DEL CABO,4,LOS CABOS,418,2,128,122,78,6,1,21,6,5,2,0,0,4,373,15,388,821
1,3,BAJA CALIFORNIA SUR,7,SAN JOSE DEL CABO,4,LOS CABOS,419,2,157,128,64,11,7,46,9,3,3,1,0,0,429,17,446,853
1,3,BAJA CALIFORNIA SUR,7,SAN JOSE DEL CABO,4,LOS CABOS,420,2,140,106,59,7,2,28,2,0,1,0,0,0,345,17,362,899
1,3,BAJA CALIFORNIA SUR,7,SAN JOSE DEL CABO,4,LOS CABOS,421,1,121,94,37,0,0,23,3,0,0,0,0,0,278,16,294,692
1,3,BAJA CALIFORNIA SUR,7,SAN JOSE DEL CABO,4,LOS CABOS,422,2,124,122,51,3,4,24,1,3,0,0,0,0,332,13,345,832
1,3,BAJA CALIFORNIA SUR,7,SAN JOSE DEL CABO,4,LOS CABOS,423,2,137,121,47,2,1,19,3,0,1,0,0,0,331,18,349,939
1,3,BAJA CALIFORNIA SUR,7,SAN JOSE DEL CABO,4,LOS CABOS,424,2,108,91,49,10,5,15,3,0,3,2,0,0,286,13,299,757
1,3,BAJA CALIFORNIA SUR,7,SAN JOSE DEL CABO,4,LOS CABOS,425,2,121,94,61,3,1,9,1,2,2,0,0,0,294,14,308,809
1,3,BAJA CALIFORNIA SUR,7,SAN JOSE DEL CABO,4,LOS CABOS,426,1,97,78,43,1,5,32,17,1,1,0,0,0,275,6,281,625
1,3,BAJA CALIFORNIA SUR,7,SAN JOSE DEL CABO,4,LOS CABOS,427,1,88,97,41,7,1,21,12,1,2,0,0,1,271,9,280,623
1,3,BAJA CALIFORNIA SUR,7,SAN JOSE DEL CABO,4,LOS CABOS,428,2,146,80,60,7,6,21,2,2,0,0,0,3,327,12,339,765
1,3,BAJA CALIFORNIA SUR,7,SAN JOSE DEL CABO,4,LOS CABOS,429,2,158,103,76,11,7,27,5,1,1,0,0,0,389,10,399,902
1,3,BAJA CALIFORNIA SUR,7,SAN JOSE DEL CABO,4,LOS CABOS,430,2,139,148,107,6,3,42,4,0,4,0,0,5,458,12,470,863
1,3,BAJA CALIFORNIA SUR,7,SAN JOSE DEL CABO,4,LOS CABOS,431,2,139,129,97,6,5,46,4,3,3,0,0,6,438,7,445,900
1,3,BAJA CALIFORNIA SUR,7,SAN JOSE DEL CABO,4,LOS CABOS,432,2,165,132,78,1,4,35,3,1,2,1,0,5,427,13,440,1014
1,3,BAJA CALIFORNIA SUR,7,SAN JOSE DEL CABO,4,LOS CABOS,433,2,97,80,57,1,1,21,2,1,1,0,0,3,264,9,273,801
1,3,BAJA CALIFORNIA SUR,7,SAN JOSE DEL CABO,4,LOS CABOS,434,2,160,108,68,4,7,20,8,1,0,0,0,0,376,20,396,889
1,3,BAJA CALIFORNIA SUR,7,SAN JOSE DEL CABO,4,LOS CABOS,435,2,136,92,51,3,3,29,6,0,4,1,0,1,326,10,336,811
1,3,BAJA CALIFORNIA SUR,7,SAN JOSE DEL CABO,4,LOS CABOS,436,1,106,85,41,1,2,36,12,3,0,0,0,2,288,9,297,597
1,3,BAJA CALIFORNIA SUR,7,SAN JOSE DEL CABO,4,LOS CABOS,437,1,109,46,25,5,4,18,12,0,0,1,0,0,220,0,220,501
1,3,BAJA CALIFORNIA SUR,7,SAN JOSE DEL CABO,4,LOS CABOS,438,1,91,52,35,0,0,11,9,0,0,0,0,0,198,6,204,499
1,3,BAJA CALIFORNIA SUR,7,SAN JOSE DEL CABO,4,LOS CABOS,439,1,77,51,30,2,1,10,8,0,3,0,0,0,182,7,189,435
1,3,BAJA CALIFORNIA SUR,8,CABO SAN LUCAS,4,LOS CABOS,328,3,327,224,141,14,6,95,24,1,3,0,0,2,837,21,858,2115
1,3,BAJA CALIFORNIA SUR,8,CABO SAN LUCAS,4,LOS CABOS,329,2,157,112,103,7,7,36,6,4,3,0,0,0,435,12,447,1116
1,3,BAJA CALIFORNIA SUR,8,CABO SAN LUCAS,4,LOS CABOS,331,4,555,304,142,18,18,85,28,1,9,0,0,8,1168,32,1200,2549
1,3,BAJA CALIFORNIA SUR,8,CABO SAN LUCAS,4,LOS CABOS,332,10,1562,636,370,41,35,264,99,30,11,1,0,51,3100,90,3190,7450
1,3,BAJA CALIFORNIA SUR,8,CABO SAN LUCAS,4,LOS CABOS,333,5,558,362,233,13,11,130,26,4,5,1,0,7,1350,45,1395,3167
1,3,BAJA CALIFORNIA SUR,8,CABO SAN LUCAS,4,LOS CABOS,334,2,52,36,18,3,2,0,0,1,5,0,0,0,117,5,122,254
1,3,BAJA CALIFORNIA SUR,8,CABO SAN LUCAS,4,LOS CABOS,335,1,99,67,34,7,2,22,0,0,0,0,0,2,233,8,241,510
1,3,BAJA CALIFORNIA SUR,8,CABO SAN LUCAS,4,LOS CABOS,336,1,83,70,14,0,0,25,3,2,1,1,0,0,199,6,205,382
1,3,BAJA CALIFORNIA SUR,8,CABO SAN LUCAS,4,LOS CABOS,351,1,120,100,45,0,0,34,7,0,0,0,0,1,307,6,313,574
1,3,BAJA CALIFORNIA SUR,8,CABO SAN LUCAS,4,LOS CABOS,352,2,239,105,63,3,7,42,15,3,1,0,0,3,481,13,494,1128
1,3,BAJA CALIFORNIA SUR,8,CABO SAN LUCAS,4,LOS CABOS,353,6,688,357,204,32,19,58,9,7,7,2,0,2,1385,54,1439,3180
1,3,BAJA CALIFORNIA SUR,8,CABO SAN LUCAS,4,LOS CABOS,354,1,113,59,29,1,2,11,2,0,3,2,0,0,222,11,233,587
1,3,BAJA CALIFORNIA SUR,8,CABO SAN LUCAS,4,LOS CABOS,355,2,126,94,43,4,2,20,6,2,2,1,0,0,300,19,319,758
1,3,BAJA CALIFORNIA SUR,8,CABO SAN LUCAS,4,LOS CABOS,356,2,233,134,84,7,11,22,14,0,2,0,0,3,510,11,521,1415
1,3,BAJA CALIFORNIA SUR,8,CABO SAN LUCAS,4,LOS CABOS,357,1,67,45,17,4,0,10,1,1,1,0,0,0,146,8,154,408
1,3,BAJA CALIFORNIA SUR,8,CABO SAN LUCAS,4,LOS CABOS,358,3,296,129,63,8,10,38,17,1,1,0,0,2,565,16,581,1600
1,3,BAJA CALIFORNIA SUR,8,CABO SAN LUCAS,4,LOS CABOS,359,3,374,128,120,12,9,24,5,4,0,0,0,10,686,34,720,1906
1,3,BAJA CALIFORNIA SUR,8,CABO SAN LUCAS,4,LOS CABOS,360,1,90,80,48,0,0,18,3,0,3,0,0,0,242,10,252,598
1,3,BAJA CALIFORNIA SUR,8,CABO SAN LUCAS,4,LOS CABOS,361,3,298,121,84,11,18,76,17,4,2,1,0,5,637,21,658,1540
1,3,BAJA CALIFORNIA SUR,8,CABO SAN LUCAS,4,LOS CABOS,362,3,307,238,108,4,10,41,7,6,6,0,0,1,728,23,751,1901
1,3,BAJA CALIFORNIA SUR,8,CABO SAN LUCAS,4,LOS CABOS,363,3,303,161,83,18,7,45,13,4,4,0,0,1,639,27,666,1750
1,3,BAJA CALIFORNIA SUR,8,CABO SAN LUCAS,4,LOS CABOS,364,1,58,39,19,4,5,7,4,0,0,0,0,0,136,6,142,348
1,3,BAJA CALIFORNIA SUR,8,CABO SAN LUCAS,4,LOS CABOS,365,2,198,112,62,7,4,19,0,0,2,0,0,4,408,15,423,1100
1,3,BAJA CALIFORNIA SUR,8,CABO SAN LUCAS,4,LOS CABOS,366,2,171,52,67,0,0,25,3,39,0,0,0,0,357,13,370,1139
1,3,BAJA CALIFORNIA SUR,8,CABO SAN LUCAS,4,LOS CABOS,367,2,141,119,58,6,1,20,12,1,1,1,0,1,361,11,372,868
1,3,BAJA CALIFORNIA SUR,8,CABO SAN LUCAS,4,LOS CABOS,368,1,107,84,42,3,2,2,2,2,2,0,0,1,247,6,253,633
1,3,BAJA CALIFORNIA SUR,8,CABO SAN LUCAS,4,LOS CABOS,369,1,88,66,52,0,15,8,0,0,0,0,0,0,229,9,238,701
1,3,BAJA CALIFORNIA SUR,8,CABO SAN LUCAS,4,LOS CABOS,370,2,158,86,74,9,2,20,6,2,4,0,0,4,365,21,386,943
1,3,BAJA CALIFORNIA SUR,8,CABO SAN LUCAS,4,LOS CABOS,371,1,60,99,44,3,6,15,2,1,6,0,0,0,236,7,243,658
1,3,BAJA CALIFORNIA SUR,8,CABO SAN LUCAS,4,LOS CABOS,372,2,73,77,49,2,3,23,3,3,2,0,0,0,235,13,248,1188
1,3,BAJA CALIFORNIA SUR,8,CABO SAN LUCAS,4,LOS CABOS,373,2,197,119,73,9,9,36,2,7,5,1,0,0,458,18,476,1273
1,3,BAJA CALIFORNIA SUR,8,CABO SAN LUCAS,4,LOS CABOS,374,2,234,86,56,6,8,31,3,2,8,0,0,0,434,12,446,1244
1,3,BAJA CALIFORNIA SUR,8,CABO SAN LUCAS,4,LOS CABOS,375,3,305,159,119,19,1,27,12,4,9,2,3,0,660,40,700,2164
1,3,BAJA CALIFORNIA SUR,8,CABO SAN LUCAS,4,LOS CABOS,376,2,139,101,48,6,5,22,6,3,0,0,0,0,330,14,344,909
1,3,BAJA CALIFORNIA SUR,8,CABO SAN LUCAS,4,LOS CABOS,377,2,148,97,58,5,5,29,13,1,6,0,0,4,366,19,385,1125
1,3,BAJA CALIFORNIA SUR,8,CABO SAN LUCAS,4,LOS CABOS,378,2,153,71,41,3,3,23,4,1,2,0,0,0,301,4,305,824
1,3,BAJA CALIFORNIA SUR,8,CABO SAN LUCAS,4,LOS CABOS,379,1,72,34,17,1,3,11,2,0,1,0,0,0,141,1,142,379
1,3,BAJA CALIFORNIA SUR,8,CABO SAN LUCAS,4,LOS CABOS,380,3,197,115,49,7,6,39,18,0,0,0,0,2,433,17,450,1572
1,3,BAJA CALIFORNIA SUR,8,CABO SAN LUCAS,4,LOS CABOS,381,2,155,78,33,3,6,23,8,24,1,0,0,0,331,9,340,815
1,3,BAJA CALIFORNIA SUR,8,CABO SAN LUCAS,4,LOS CABOS,382,2,170,82,40,8,16,18,8,4,2,0,0,0,348,9,357,929
1,3,BAJA CALIFORNIA SUR,8,CABO SAN LUCAS,4,LOS CABOS,383,2,218,97,83,7,6,53,10,3,6,0,0,2,485,22,507,1294
1,3,BAJA CALIFORNIA SUR,8,CABO SAN LUCAS,4,LOS CABOS,384,2,202,106,60,4,3,27,0,2,4,0,0,0,408,16,424,999
1,3,BAJA CALIFORNIA SUR,8,CABO SAN LUCAS,4,LOS CABOS,385,1,42,38,29,1,1,6,1,0,2,0,0,0,120,9,129,377
1,3,BAJA CALIFORNIA SUR,8,CABO SAN LUCAS,4,LOS CABOS,386,1,126,47,21,7,4,11,1,0,1,0,0,0,218,16,234,672
1,3,BAJA CALIFORNIA SUR,8,CABO SAN LUCAS,4,LOS CABOS,387,2,180,67,49,5,2,20,9,2,1,0,0,1,336,20,356,904
1,3,BAJA CALIFORNIA SUR,8,CABO SAN LUCAS,4,LOS CABOS,388,1,85,63,23,3,1,12,1,1,0,0,0,0,189,15,204,470
1,3,BAJA CALIFORNIA SUR,8,CABO SAN LUCAS,4,LOS CABOS,389,2,130,70,34,2,6,24,6,1,2,0,0,0,275,16,291,820
1,3,BAJA CALIFORNIA SUR,8,CABO SAN LUCAS,4,LOS CABOS,390,2,146,84,45,1,1,23,7,4,2,1,0,1,315,3,318,921
1,3,BAJA CALIFORNIA SUR,8,CABO SAN LUCAS,4,LOS CABOS,391,1,113,50,21,5,2,23,3,0,0,0,0,4,221,7,228,497
1,3,BAJA CALIFORNIA SUR,8,CABO SAN LUCAS,4,LOS CABOS,392,1,103,29,37,3,3,19,4,1,0,0,0,1,200,4,204,452
1,3,BAJA CALIFORNIA SUR,8,CABO SAN LUCAS,4,LOS CABOS,393,1,98,74,41,5,2,10,4,1,2,0,0,1,238,11,249,625
1,3,BAJA CALIFORNIA SUR,8,CABO SAN LUCAS,4,LOS CABOS,394,2,115,68,40,1,1,12,4,2,1,0,0,3,247,9,256,775
1,3,BAJA CALIFORNIA SUR,8,CABO SAN LUCAS,4,LOS CABOS,395,2,285,129,76,6,11,46,25,1,7,0,0,6,592,15,607,1301
1,3,BAJA CALIFORNIA SUR,8,CABO SAN LUCAS,4,LOS CABOS,396,2,194,85,32,3,1,38,15,2,1,0,0,3,374,9,383,1006
1,3,BAJA CALIFORNIA SUR,8,CABO SAN LUCAS,4,LOS CABOS,397,3,391,198,120,11,6,63,9,2,3,0,0,6,809,30,839,1925
1,3,BAJA CALIFORNIA SUR,8,CABO SAN LUCAS,4,LOS CABOS,398,2,246,123,38,6,1,50,16,1,0,0,0,2,483,16,499,1286
1,3,BAJA CALIFORNIA SUR,8,CABO SAN LUCAS,4,LOS CABOS,399,2,166,73,31,3,4,46,3,2,3,0,0,6,337,8,345,854
1,3,BAJA CALIFORNIA SUR,8,CABO SAN LUCAS,4,LOS CABOS,400,2,202,125,79,7,5,30,11,2,8,0,1,4,474,23,497,695
1,3,BAJA CALIFORNIA SUR,8,CABO SAN LUCAS,4,LOS CABOS,401,1,104,37,17,4,2,20,5,0,0,0,0,0,189,7,196,432
1,3,BAJA CALIFORNIA SUR,8,CABO SAN LUCAS,4,LOS CABOS,402,2,268,154,54,1,4,64,27,1,2,4,0,1,580,14,594,1194
1,3,BAJA CALIFORNIA SUR,8,CABO SAN LUCAS,4,LOS CABOS,403,1,103,40,20,0,3,20,0,0,0,0,0,7,193,3,196,495
1,3,BAJA CALIFORNIA SUR,8,CABO SAN LUCAS,4,LOS CABOS,404,2,127,95,48,4,13,33,6,0,0,0,0,6,332,18,350,1057
1,3,BAJA CALIFORNIA SUR,8,CABO SAN LUCAS,4,LOS CABOS,405,2,287,109,59,12,6,45,8,3,6,0,0,4,539,14,553,1336
1,3,BAJA CALIFORNIA SUR,8,CABO SAN LUCAS,4,LOS CABOS,406,2,172,91,65,4,12,31,0,3,1,0,0,1,380,10,390,1001
1,3,BAJA CALIFORNIA SUR,8,CABO SAN LUCAS,4,LOS CABOS,407,2,192,94,79,9,4,36,15,4,2,0,0,0,435,20,455,1250
1,3,BAJA CALIFORNIA SUR,8,CABO SAN LUCAS,4,LOS CABOS,408,1,113,68,36,5,6,20,9,2,2,2,0,1,264,5,269,693
1,3,BAJA CALIFORNIA SUR,8,CABO SAN LUCAS,4,LOS CABOS,409,1,101,50,29,8,3,32,8,0,0,0,0,3,234,1,235,597
1,3,BAJA CALIFORNIA SUR,8,CABO SAN LUCAS,4,LOS CABOS,410,2,124,60,50,6,1,23,11,1,0,0,0,0,276,7,283,941
1,3,BAJA CALIFORNIA SUR,8,CABO SAN LUCAS,4,LOS CABOS,411,3,460,150,68,12,13,69,44,45,0,0,0,3,864,28,892,1765
1,3,BAJA CALIFORNIA SUR,9,CIUDAD CONSTITUCION,1,COMONDU,1,1,172,228,22,4,2,13,6,4,0,0,4,0,455,5,460,723
1,3,BAJA CALIFORNIA SUR,9,CIUDAD CONSTITUCION,1,COMONDU,2,1,102,108,12,1,5,7,2,4,1,0,5,0,247,6,253,393
1,3,BAJA CALIFORNIA SUR,9,CIUDAD CONSTITUCION,1,COMONDU,3,2,403,327,82,8,4,49,6,10,0,0,15,1,905,12,917,1445
1,3,BAJA CALIFORNIA SUR,9,CIUDAD CONSTITUCION,1,COMONDU,4,2,434,394,42,4,3,36,11,19,3,0,12,2,960,8,968,677
1,3,BAJA CALIFORNIA SUR,9,CIUDAD CONSTITUCION,1,COMONDU,5,2,244,248,34,2,4,18,3,5,0,0,11,1,570,11,581,961
1,3,BAJA CALIFORNIA SUR,9,CIUDAD CONSTITUCION,1,COMONDU,6,1,146,154,16,3,3,14,1,4,0,0,5,0,346,5,351,654
1,3,BAJA CALIFORNIA SUR,9,CIUDAD CONSTITUCION,1,COMONDU,7,2,256,282,28,4,5,27,8,9,0,0,14,1,634,5,639,967
1,3,BAJA CALIFORNIA SUR,9,CIUDAD CONSTITUCION,1,COMONDU,8,1,121,117,20,0,3,10,2,4,0,0,3,1,281,8,289,497
1,3,BAJA CALIFORNIA SUR,9,CIUDAD CONSTITUCION,1,COMONDU,9,1,133,88,20,0,7,7,2,0,0,0,1,0,258,9,267,439
1,3,BAJA CALIFORNIA SUR,9,CIUDAD CONSTITUCION,1,COMONDU,10,1,178,178,28,1,1,17,8,4,0,0,2,0,417,10,427,734
1,3,BAJA CALIFORNIA SUR,9,CIUDAD CONSTITUCION,1,COMONDU,11,1,133,93,12,0,2,11,3,4,0,0,2,0,260,8,268,448
1,3,BAJA CALIFORNIA SUR,9,CIUDAD CONSTITUCION,1,COMONDU,12,1,99,75,11,0,2,11,1,4,0,0,5,1,209,5,214,327
1,3,BAJA CALIFORNIA SUR,9,CIUDAD CONSTITUCION,1,COMONDU,13,2,274,207,23,3,2,23,6,4,3,0,3,0,548,5,553,920
1,3,BAJA CALIFORNIA SUR,9,CIUDAD CONSTITUCION,1,COMONDU,14,1,185,171,13,1,0,10,5,14,0,0,3,1,403,12,415,677
1,3,BAJA CALIFORNIA SUR,9,CIUDAD CONSTITUCION,1,COMONDU,15,1,154,142,17,0,1,15,2,9,0,0,1,0,341,9,350,567
1,3,BAJA CALIFORNIA SUR,9,CIUDAD CONSTITUCION,1,COMONDU,16,2,277,260,35,7,7,19,6,6,0,0,7,0,624,10,634,1014
1,3,BAJA CALIFORNIA SUR,9,CIUDAD CONSTITUCION,1,COMONDU,17,1,125,126,19,1,0,12,6,2,0,0,6,1,298,5,303,447
1,3,BAJA CALIFORNIA SUR,9,CIUDAD CONSTITUCION,1,COMONDU,33,1,110,116,6,1,1,2,0,6,0,0,0,1,243,6,249,349
1,3,BAJA CALIFORNIA SUR,9,CIUDAD CONSTITUCION,1,COMONDU,34,1,239,216,16,3,5,8,2,4,0,0,2,0,495,11,506,727
1,3,BAJA CALIFORNIA SUR,9,CIUDAD CONSTITUCION,1,COMONDU,35,1,78,23,0,0,0,1,0,0,0,0,0,0,102,0,102,138
1,3,BAJA CALIFORNIA SUR,10,CIUDAD CONSTITUCION,1,COMONDU,18,2,256,263,34,7,3,30,8,5,3,1,0,0,610,18,628,1031
1,3,BAJA CALIFORNIA SUR,10,CIUDAD CONSTITUCION,1,COMONDU,19,2,201,212,42,0,5,11,0,2,7,1,0,0,481,15,496,837
1,3,BAJA CALIFORNIA SUR,10,CIUDAD CONSTITUCION,1,COMONDU,20,2,232,299,68,8,4,23,4,7,8,1,0,2,656,11,667,1191
1,3,BAJA CALIFORNIA SUR,10,CIUDAD CONSTITUCION,1,COMONDU,21,2,252,248,51,5,5,21,6,7,14,3,0,0,612,15,627,1076
1,3,BAJA CALIFORNIA SUR,10,CIUDAD CONSTITUCION,1,COMONDU,22,3,389,360,49,8,5,25,11,7,14,0,0,1,869,27,896,1546
1,3,BAJA CALIFORNIA SUR,10,CIUDAD CONSTITUCION,1,COMONDU,23,2,234,183,41,5,4,15,5,4,6,1,0,0,498,10,508,849
1,3,BAJA CALIFORNIA SUR,10,CIUDAD CONSTITUCION,1,COMONDU,24,1,152,144,28,1,5,8,5,9,10,0,0,0,362,0,362,620
1,3,BAJA CALIFORNIA SUR,10,CIUDAD CONSTITUCION,1,COMONDU,25,2,229,181,42,4,1,24,7,7,6,2,3,0,506,13,519,887
1,3,BAJA CALIFORNIA SUR,10,CIUDAD CONSTITUCION,1,COMONDU,26,2,194,175,33,5,5,30,6,10,9,0,0,1,468,19,487,863
1,3,BAJA CALIFORNIA SUR,10,CIUDAD CONSTITUCION,1,COMONDU,27,2,162,193,42,3,3,22,4,3,10,0,0,0,442,14,456,833
1,3,BAJA CALIFORNIA SUR,10,CIUDAD CONSTITUCION,1,COMONDU,28,4,538,589,77,15,10,35,10,14,26,3,0,1,1318,40,1358,2659
1,3,BAJA CALIFORNIA SUR,10,CIUDAD CONSTITUCION,1,COMONDU,29,2,350,303,44,5,2,20,7,6,15,2,0,0,754,17,771,1312
1,3,BAJA CALIFORNIA SUR,10,CIUDAD CONSTITUCION,1,COMONDU,30,3,394,340,78,4,8,24,5,6,17,1,0,0,877,28,905,1642
1,3,BAJA CALIFORNIA SUR,10,CIUDAD CONSTITUCION,1,COMONDU,31,2,247,211,29,4,10,11,7,8,13,0,0,0,540,16,556,952
1,3,BAJA CALIFORNIA SUR,10,CIUDAD CONSTITUCION,1,COMONDU,32,2,256,269,29,9,3,22,15,3,18,1,0,0,625,18,643,1020
1,3,BAJA CALIFORNIA SUR,10,CIUDAD CONSTITUCION,1,COMONDU,36,2,114,81,43,3,0,1,0,1,0,0,0,0,243,13,256,420
1,3,BAJA CALIFORNIA SUR,10,CIUDAD CONSTITUCION,1,COMONDU,37,1,68,69,8,1,1,6,2,8,7,0,0,0,170,6,176,260
1,3,BAJA CALIFORNIA SUR,10,CIUDAD CONSTITUCION,1,COMONDU,38,1,75,115,12,2,2,1,0,2,0,0,0,0,209,10,219,310
1,3,BAJA CALIFORNIA SUR,10,CIUDAD CONSTITUCION,1,COMONDU,39,1,49,74,12,4,0,1,0,0,1,0,0,0,141,13,154,208
1,3,BAJA CALIFORNIA SUR,11,CIUDAD INSURGENTES,1,COMONDU,40,1,215,115,24,4,8,23,3,1,3,0,0,0,396,15,411,682
1,3,BAJA CALIFORNIA SUR,11,CIUDAD INSURGENTES,1,COMONDU,41,2,253,172,27,10,9,25,9,1,11,2,0,0,519,22,541,985
1,3,BAJA CALIFORNIA SUR,11,CIUDAD INSURGENTES,1,COMONDU,42,2,304,223,35,6,2,17,8,1,12,0,0,1,609,12,621,1029
1,3,BAJA CALIFORNIA SUR,11,CIUDAD INSURGENTES,1,COMONDU,43,1,194,123,29,3,11,19,8,2,3,0,1,1,394,11,405,668
1,3,BAJA CALIFORNIA SUR,11,CIUDAD INSURGENTES,1,COMONDU,44,1,179,196,22,3,4,28,5,6,7,4,0,1,455,10,465,738
1,3,BAJA CALIFORNIA SUR,11,CIUDAD INSURGENTES,1,COMONDU,45,1,187,175,29,9,6,21,9,2,5,2,1,0,446,15,461,703
1,3,BAJA CALIFORNIA SUR,11,CIUDAD INSURGENTES,1,COMONDU,46,1,174,154,37,4,5,13,7,4,1,1,0,0,400,16,416,655
1,3,BAJA CALIFORNIA SUR,11,CIUDAD INSURGENTES,1,COMONDU,47,2,236,191,23,4,8,19,4,0,4,0,1,0,490,10,500,755
1,3,BAJA CALIFORNIA SUR,11,CIUDAD INSURGENTES,1,COMONDU,48,2,369,346,21,7,7,2,0,6,11,1,1,0,771,22,793,1130
1,3,BAJA CALIFORNIA SUR,11,CIUDAD INSURGENTES,1,COMONDU,49,1,50,22,12,2,1,1,2,1,0,1,0,0,92,8,100,166
1,3,BAJA CALIFORNIA SUR,11,CIUDAD INSURGENTES,1,COMONDU,50,1,54,45,4,3,0,5,1,0,4,0,0,0,116,3,119,175
1,3,BAJA CALIFORNIA SUR,11,CIUDAD INSURGENTES,1,COMONDU,51,1,46,128,5,1,1,3,0,1,1,0,0,0,186,0,186,259
1,3,BAJA CALIFORNIA SUR,11,CIUDAD INSURGENTES,1,COMONDU,52,1,93,129,2,6,3,5,1,0,4,1,0,0,244,8,252,360
1,3,BAJA CALIFORNIA SUR,11,CIUDAD INSURGENTES,1,COMONDU,53,1,55,108,8,2,2,1,0,1,6,1,0,0,184,6,190,282
1,3,BAJA CALIFORNIA SUR,11,CIUDAD INSURGENTES,1,COMONDU,54,3,270,234,17,4,6,2,1,6,7,1,0,0,548,19,567,949
1,3,BAJA CALIFORNIA SUR,11,CIUDAD INSURGENTES,1,COMONDU,55,1,134,117,4,1,1,2,2,1,4,0,0,0,266,2,268,378
1,3,BAJA CALIFORNIA SUR,11,CIUDAD INSURGENTES,1,COMONDU,56,1,167,142,3,0,2,4,0,1,2,0,0,0,321,4,325,476
1,3,BAJA CALIFORNIA SUR,11,CIUDAD INSURGENTES,1,COMONDU,57,1,289,180,1,1,3,7,3,5,4,0,0,0,493,3,496,656
1,3,BAJA CALIFORNIA SUR,11,CIUDAD INSURGENTES,1,COMONDU,58,1,191,187,0,0,1,4,2,0,1,0,0,0,386,8,394,519
1,3,BAJA CALIFORNIA SUR,11,CIUDAD INSURGENTES,1,COMONDU,59,2,234,231,13,1,6,7,2,8,6,1,0,0,509,8,517,850
1,3,BAJA CALIFORNIA SUR,11,CIUDAD INSURGENTES,1,COMONDU,60,2,199,220,5,2,4,3,0,3,12,3,0,0,451,10,461,770
1,3,BAJA CALIFORNIA SUR,11,CIUDAD INSURGENTES,1,COMONDU,61,4,569,626,44,13,31,22,6,8,24,4,0,1,1348,31,1379,2281
1,3,BAJA CALIFORNIA SUR,11,CIUDAD INSURGENTES,1,COMONDU,62,1,65,23,0,1,1,0,0,1,0,0,0,0,91,3,94,147
1,3,BAJA CALIFORNIA SUR,11,CIUDAD INSURGENTES,5,LORETO,337,1,32,40,0,0,0,1,0,0,0,0,0,0,73,0,73,
1,3,BAJA CALIFORNIA SUR,12,LORETO,1,COMONDU,63,1,24,44,6,3,0,0,0,0,0,0,0,0,77,9,86,109
1,3,BAJA CALIFORNIA SUR,12,LORETO,1,COMONDU,67,1,224,161,2,3,4,0,0,5,8,2,2,0,411,10,421,571
1,3,BAJA CALIFORNIA SUR,12,LORETO,1,COMONDU,68,1,182,142,3,0,1,0,0,9,6,0,0,0,343,3,346,460
1,3,BAJA CALIFORNIA SUR,12,LORETO,1,COMONDU,69,1,67,207,23,4,3,2,6,4,1,2,0,0,319,17,336,453
1,3,BAJA CALIFORNIA SUR,12,LORETO,1,COMONDU,70,1,181,118,5,3,1,0,0,3,0,0,0,0,311,8,319,407
1,3,BAJA CALIFORNIA SUR,12,LORETO,1,COMONDU,71,1,59,50,5,3,1,1,0,1,2,1,0,0,123,6,129,213
1,3,BAJA CALIFORNIA SUR,12,LORETO,1,COMONDU,72,1,127,158,5,1,1,2,0,7,2,0,0,0,303,8,311,430
1,3,BAJA CALIFORNIA SUR,12,LORETO,1,COMONDU,73,1,227,203,6,2,5,3,0,2,10,2,0,0,460,10,470,643
1,3,BAJA CALIFORNIA SUR,12,LORETO,1,COMONDU,74,1,32,54,4,4,0,0,0,0,7,0,0,1,102,7,109,166
1,3,BAJA CALIFORNIA SUR,12,LORETO,5,LORETO,338,3,464,296,15,2,10,17,7,8,2,0,0,0,821,9,830,1180
1,3,BAJA CALIFORNIA SUR,12,LORETO,5,LORETO,339,6,1780,978,48,20,9,73,8,17,16,0,0,0,2949,45,2994,4395
1,3,BAJA CALIFORNIA SUR,12,LORETO,5,LORETO,340,2,465,245,12,1,2,15,1,0,1,0,0,1,743,8,751,996
1,3,BAJA CALIFORNIA SUR,12,LORETO,5,LORETO,341,2,299,230,23,0,2,37,1,3,2,2,0,0,599,8,607,868
1,3,BAJA CALIFORNIA SUR,12,LORETO,5,LORETO,342,3,525,350,19,2,3,20,14,6,12,1,0,0,952,14,966,857
1,3,BAJA CALIFORNIA SUR,12,LORETO,5,LORETO,343,1,235,183,25,2,2,14,0,5,4,0,0,3,473,1,474,615
1,3,BAJA CALIFORNIA SUR,12,LORETO,5,LORETO,344,2,614,421,21,0,2,12,3,3,6,2,1,0,1085,16,1101,1437
1,3,BAJA CALIFORNIA SUR,12,LORETO,5,LORETO,345,2,188,101,3,2,2,1,0,4,2,3,0,0,306,6,312,358
1,3,BAJA CALIFORNIA SUR,12,LORETO,5,LORETO,346,2,166,134,2,2,0,14,1,0,2,0,0,1,322,6,328,541
1,3,BAJA CALIFORNIA SUR,12,LORETO,5,LORETO,347,1,111,96,1,0,0,1,1,0,0,0,0,0,210,4,214,256
1,3,BAJA CALIFORNIA SUR,13,SANTA ROSALIA,2,MULEGE,75,2,322,155,10,2,23,13,8,2,0,1,0,0,536,18,554,925
1,3,BAJA CALIFORNIA SUR,13,SANTA ROSALIA,2,MULEGE,76,3,551,255,20,3,56,21,9,2,0,1,0,0,918,28,946,1564
1,3,BAJA CALIFORNIA SUR,13,SANTA ROSALIA,2,MULEGE,77,2,434,257,22,5,27,39,20,4,6,1,1,0,816,7,823,688
1,3,BAJA CALIFORNIA SUR,13,SANTA ROSALIA,2,MULEGE,78,2,324,189,12,4,46,21,9,2,2,2,0,0,611,10,621,1061
1,3,BAJA CALIFORNIA SUR,13,SANTA ROSALIA,2,MULEGE,79,1,175,122,6,1,21,11,4,0,1,0,0,0,341,13,354,588
1,3,BAJA CALIFORNIA SUR,13,SANTA ROSALIA,2,MULEGE,80,2,286,160,12,8,59,11,1,0,3,2,1,0,543,23,566,929
1,3,BAJA CALIFORNIA SUR,13,SANTA ROSALIA,2,MULEGE,81,1,167,140,6,2,21,4,2,1,2,1,0,0,346,10,356,554
1,3,BAJA CALIFORNIA SUR,13,SANTA ROSALIA,2,MULEGE,82,2,336,185,15,7,38,16,7,4,4,0,0,0,612,17,629,990
1,3,BAJA CALIFORNIA SUR,13,SANTA ROSALIA,2,MULEGE,83,5,880,558,21,10,73,33,28,6,4,4,1,3,1621,48,1669,2569
1,3,BAJA CALIFORNIA SUR,13,SANTA ROSALIA,2,MULEGE,84,1,57,32,4,5,6,10,4,0,1,0,0,0,119,6,125,211
1,3,BAJA CALIFORNIA SUR,13,SANTA ROSALIA,2,MULEGE,85,3,352,270,14,12,35,6,8,4,4,5,1,1,712,38,750,1279
1,3,BAJA CALIFORNIA SUR,13,SANTA ROSALIA,2,MULEGE,86,1,37,38,0,1,1,0,1,0,0,0,0,0,78,4,82,119
1,3,BAJA CALIFORNIA SUR,13,SANTA ROSALIA,2,MULEGE,87,1,109,35,2,2,7,0,1,1,1,1,0,0,159,5,164,259
1,3,BAJA CALIFORNIA SUR,13,SANTA ROSALIA,2,MULEGE,88,2,223,246,10,2,18,4,1,9,3,14,0,1,531,28,559,935
1,3,BAJA CALIFORNIA SUR,13,SANTA ROSALIA,2,MULEGE,89,2,299,188,27,7,24,8,6,1,8,3,1,0,572,21,593,926
1,3,BAJA CALIFORNIA SUR,13,SANTA ROSALIA,2,MULEGE,90,1,216,160,12,1,10,11,3,4,1,1,0,1,420,15,435,613
1,3,BAJA CALIFORNIA SUR,13,SANTA ROSALIA,2,MULEGE,91,1,131,121,10,1,4,2,2,5,3,1,1,0,281,5,286,411
1,3,BAJA CALIFORNIA SUR,14,GUERRERO NEGRO,2,MULEGE,92,1,110,52,22,2,11,19,6,0,2,1,0,0,225,7,232,374
1,3,BAJA CALIFORNIA SUR,14,GUERRERO NEGRO,2,MULEGE,93,1,130,74,22,0,11,24,2,1,0,1,0,0,265,6,271,473
1,3,BAJA CALIFORNIA SUR,14,GUERRERO NEGRO,2,MULEGE,94,4,693,322,97,17,92,76,10,13,8,12,1,2,1343,53,1396,2928
1,3,BAJA CALIFORNIA SUR,14,GUERRERO NEGRO,2,MULEGE,95,2,189,104,24,6,24,29,11,2,2,1,0,1,393,23,416,862
1,3,BAJA CALIFORNIA SUR,14,GUERRERO NEGRO,2,MULEGE,96,2,293,140,34,1,29,38,11,2,3,2,0,1,554,19,573,1166
1,3,BAJA CALIFORNIA SUR,14,GUERRERO NEGRO,2,MULEGE,97,3,385,214,58,5,52,43,10,2,4,2,0,1,776,27,803,994
1,3,BAJA CALIFORNIA SUR,14,GUERRERO NEGRO,2,MULEGE,98,3,383,208,82,7,33,95,17,8,5,1,0,3,842,22,864,1667
1,3,BAJA CALIFORNIA SUR,14,GUERRERO NEGRO,2,MULEGE,99,1,129,54,12,1,30,3,0,1,1,2,0,0,233,8,241,345
1,3,BAJA CALIFORNIA SUR,14,GUERRERO NEGRO,2,MULEGE,101,1,22,33,1,3,39,4,0,0,0,1,0,0,103,3,106,153
1,3,BAJA CALIFORNIA SUR,14,GUERRERO NEGRO,2,MULEGE,102,1,138,25,7,5,54,4,1,0,1,1,0,0,236,11,247,592
1,3,BAJA CALIFORNIA SUR,14,GUERRERO NEGRO,2,MULEGE,103,1,197,113,9,8,65,16,7,6,0,4,0,0,425,23,448,702
1,3,BAJA CALIFORNIA SUR,14,GUERRERO NEGRO,2,MULEGE,104,9,1210,621,87,40,575,98,20,23,5,31,5,4,2719,147,2866,5628
1,3,BAJA CALIFORNIA SUR,15,BAHIA TORTUGAS,2,MULEGE,105,1,60,36,10,0,1,5,2,0,1,0,0,0,115,4,119,197
1,3,BAJA CALIFORNIA SUR,15,BAHIA TORTUGAS,2,MULEGE,107,1,120,69,32,4,4,11,1,1,2,1,0,0,245,9,254,449
1,3,BAJA CALIFORNIA SUR,15,BAHIA TORTUGAS,2,MULEGE,108,2,245,136,68,3,17,29,2,1,2,2,0,1,506,11,517,924
1,3,BAJA CALIFORNIA SUR,15,BAHIA TORTUGAS,2,MULEGE,109,1,153,92,42,1,5,14,1,3,0,1,0,0,312,9,321,552
1,3,BAJA CALIFORNIA SUR,15,BAHIA TORTUGAS,2,MULEGE,110,2,91,29,0,5,45,2,1,3,1,4,0,0,181,6,187,255
1,3,BAJA CALIFORNIA SUR,15,BAHIA TORTUGAS,2,MULEGE,111,1,108,75,2,1,3,8,1,0,1,2,0,0,201,4,205,301
1,3,BAJA CALIFORNIA SUR,15,BAHIA TORTUGAS,2,MULEGE,112,1,185,106,6,3,15,15,0,4,1,3,0,0,338,12,350,529
1,3,BAJA CALIFORNIA SUR,15,BAHIA TORTUGAS,2,MULEGE,113,1,131,76,4,3,2,5,3,2,1,1,0,0,228,13,241,419
1,3,BAJA CALIFORNIA SUR,15,BAHIA TORTUGAS,2,MULEGE,114,2,269,175,16,1,10,10,4,1,0,0,0,0,486,9,495,785
1,3,BAJA CALIFORNIA SUR,15,BAHIA TORTUGAS,2,MULEGE,115,1,54,47,2,1,7,3,0,1,1,0,0,0,116,1,117,152
1,3,BAJA CALIFORNIA SUR,15,BAHIA TORTUGAS,2,MULEGE,116,2,439,193,9,10,44,24,2,1,6,0,0,0,728,16,744,1126
1,3,BAJA CALIFORNIA SUR,15,BAHIA TORTUGAS,2,MULEGE,117,2,151,77,6,3,9,1,2,2,2,4,0,0,257,17,274,409
1,3,BAJA CALIFORNIA SUR,15,BAHIA TORTUGAS,2,MULEGE,118,2,96,92,8,0,2,0,0,4,3,0,0,0,205,7,212,378
1,3,BAJA CALIFORNIA SUR,15,BAHIA TORTUGAS,2,MULEGE,119,1,106,45,41,4,7,5,1,0,0,0,0,0,209,10,219,275
1,3,BAJA CALIFORNIA SUR,15,BAHIA TORTUGAS,2,MULEGE,120,1,375,45,3,3,2,4,3,1,1,2,0,0,439,5,444,631
1,3,BAJA CALIFORNIA SUR,16,CABO SAN LUCAS,4,LOS CABOS,290,2,418,135,51,10,4,33,2,1,0,0,13,2,669,17,686,1498
1,3,BAJA CALIFORNIA SUR,16,CABO SAN LUCAS,4,LOS CABOS,291,4,500,512,253,15,10,131,9,11,1,0,27,2,1471,58,1529,1998
1,3,BAJA CALIFORNIA SUR,16,CABO SAN LUCAS,4,LOS CABOS,292,1,138,132,64,6,1,16,3,5,3,0,4,0,372,5,377,673
1,3,BAJA CALIFORNIA SUR,16,CABO SAN LUCAS,4,LOS CABOS,293,2,178,196,102,7,7,30,11,8,1,0,10,0,550,28,578,1007
1,3,BAJA CALIFORNIA SUR,16,CABO SAN LUCAS,4,LOS CABOS,294,3,503,242,97,9,4,51,4,1,0,0,19,2,932,20,952,1509
1,3,BAJA CALIFORNIA SUR,16,CABO SAN LUCAS,4,LOS CABOS,295,4,499,379,189,17,14,131,5,9,1,0,20,3,1267,46,1313,2513
1,3,BAJA CALIFORNIA SUR,16,CABO SAN LUCAS,4,LOS CABOS,296,3,349,401,169,13,16,91,5,5,0,0,16,0,1065,24,1089,1840
1,3,BAJA CALIFORNIA SUR,16,CABO SAN LUCAS,4,LOS CABOS,297,2,161,183,84,13,8,31,2,0,0,0,4,2,488,14,502,812
1,3,BAJA CALIFORNIA SUR,16,CABO SAN LUCAS,4,LOS CABOS,316,5,852,247,56,16,8,60,6,4,1,0,28,3,1281,28,1309,3327
1,3,BAJA CALIFORNIA SUR,16,CABO SAN LUCAS,4,LOS CABOS,317,3,289,161,106,6,3,47,2,0,0,0,14,7,635,25,660,2090
1,3,BAJA CALIFORNIA SUR,16,CABO SAN LUCAS,4,LOS CABOS,318,3,438,190,129,13,2,76,6,4,0,0,24,7,889,20,909,1233
1,3,BAJA CALIFORNIA SUR,16,CABO SAN LUCAS,4,LOS CABOS,319,1,97,56,48,2,2,13,0,0,0,0,0,8,226,0,226,541
1,3,BAJA CALIFORNIA SUR,16,CABO SAN LUCAS,4,LOS CABOS,320,3,299,192,124,15,10,45,6,1,0,0,18,9,719,27,746,1923
1,3,BAJA CALIFORNIA SUR,16,CABO SAN LUCAS,4,LOS CABOS,321,3,219,129,124,15,10,31,1,5,0,0,12,4,550,30,580,1558
1,3,BAJA CALIFORNIA SUR,16,CABO SAN LUCAS,4,LOS CABOS,322,3,226,148,111,5,12,62,1,1,0,0,5,4,575,16,591,1554
1,3,BAJA CALIFORNIA SUR,16,CABO SAN LUCAS,4,LOS CABOS,323,2,210,149,85,3,0,32,3,1,0,0,12,3,498,23,521,1371
1,3,BAJA CALIFORNIA SUR,16,CABO SAN LUCAS,4,LOS CABOS,324,3,235,163,155,6,10,59,4,6,0,0,14,3,655,41,696,2018
1,3,BAJA CALIFORNIA SUR,16,CABO SAN LUCAS,4,LOS CABOS,325,3,202,171,145,9,1,78,9,6,2,0,14,2,639,35,674,2134
1,3,BAJA CALIFORNIA SUR,16,CABO SAN LUCAS,4,LOS CABOS,326,2,196,138,78,6,8,22,3,2,0,0,6,0,459,15,474,1218
1,3,BAJA CALIFORNIA SUR,16,CABO SAN LUCAS,4,LOS CABOS,327,3,291,166,112,4,7,40,1,1,0,0,3,1,626,33,659,1729