ID_ESTADO,NOMBRE_ESTADO,ID_MUNICIPIO,MUNICIPIO,SECCIONES,CASILLAS,PAN_PRS,PRI,PRD_PT_MC,PVEM,NVA_ALIANZA,MORENA,BRE,PRI_PVEM_NVA_ALIANZA,PRI_PVEM,PRI_NVA_ALIANZA,PVEM_NVA_ALIANZA,NUM_VOTOS_CAN_NREG,NUM_VOTOS_VALIDOS,NUM_VOTOS_NULOS,TOTAL_VOTOS,LISTA_NOMINAL,PARTICIPACION
3,BAJA CALIFORNIA SUR,1,COMONDU,71,107,13905,13086,1642,246,271,881,261,315,359,45,110,20,31141,777,31918,50685,0.6297
3,BAJA CALIFORNIA SUR,2,MULEGE,44,82,11361,6364,907,210,1657,795,232,127,96,116,12,19,21896,778,22674,37887,0.5985
3,BAJA CALIFORNIA SUR,3,LA PAZ,223,370,47631,31251,6039,1116,899,8415,2597,1488,1160,108,33,437,101174,2934,104108,186592,0.5579
3,BAJA CALIFORNIA SUR,4,LOS CABOS,134,320,32672,21557,12351,1029,852,5528,1235,448,368,38,269,330,76677,2669,79346,178749,0.4439
3,BAJA CALIFORNIA SUR,5,LORETO,11,25,4879,3074,169,31,32,205,36,46,47,8,1,5,8533,117,8650,11503,0.7520