﻿CIRCUNSCRIPCION,ID_ESTADO,NOMBRE_ESTADO,ID_DISTRITO_LOCAL,CABECERA_DISTRITAL_LOCAL,ID_MUNICIPIO,MUNICIPIO,ID_DEMARCACION_LOCAL,DEMARCACION_LOCAL,TIPO_DE_ELECCION,NOMBRE_PARTICIPANTE,NUMERO_LISTA,CANDIDATO,SEXO_CANDIDATO,RUTA_CONSTANCIA,PARTIDO
,4,CAMPECHE,,,,,,,GOB,PT_MORENA,1,LAYDA ELENA SANSORES SAN ROMAN,2,,MORENA
,4,CAMPECHE,,,1,CAMPECHE,,,PRES_MUN  ,MC                        ,1,BIBY KAREN RABELO DE LA TORRE,2,https://www.ieec.org.mx/Documentacion/elecciones/2021/CONSTANCIAS/ConstMR_AyuCAMPECHE.pdf,MC
,4,CAMPECHE,,,1,CAMPECHE,,,REG       ,MC                        ,1,VICTOR ENRIQUE AGUIRRE MONTALVO,1,https://www.ieec.org.mx/Documentacion/elecciones/2021/CONSTANCIAS/ConstMR_AyuCAMPECHE.pdf,MC
,4,CAMPECHE,,,1,CAMPECHE,,,REG       ,MC                        ,2,MARTHA ALEJANDRA CAMACHO SANCHEZ,2,https://www.ieec.org.mx/Documentacion/elecciones/2021/CONSTANCIAS/ConstMR_AyuCAMPECHE.pdf,MC
,4,CAMPECHE,,,1,CAMPECHE,,,REG       ,MC                        ,3,JORGE MANUEL AVILA MONTEJO,1,https://www.ieec.org.mx/Documentacion/elecciones/2021/CONSTANCIAS/ConstMR_AyuCAMPECHE.pdf,MC
,4,CAMPECHE,,,1,CAMPECHE,,,REG       ,MC                        ,4,DIANA LUISA AGUILAR RUELAS,2,https://www.ieec.org.mx/Documentacion/elecciones/2021/CONSTANCIAS/ConstMR_AyuCAMPECHE.pdf,MC
,4,CAMPECHE,,,1,CAMPECHE,,,REG       ,MC                        ,5,IAN IGNACIO VALLADARES MAC-GREGOR,1,https://www.ieec.org.mx/Documentacion/elecciones/2021/CONSTANCIAS/ConstMR_AyuCAMPECHE.pdf,MC
,4,CAMPECHE,,,1,CAMPECHE,,,REG       ,MC                        ,6,LISBET DEL ROSARIO RIOS,2,https://www.ieec.org.mx/Documentacion/elecciones/2021/CONSTANCIAS/ConstMR_AyuCAMPECHE.pdf,MC
,4,CAMPECHE,,,1,CAMPECHE,,,REG       ,MC                        ,7,CARLOS JORGE OPENGO PEREZ,1,https://www.ieec.org.mx/Documentacion/elecciones/2021/CONSTANCIAS/ConstMR_AyuCAMPECHE.pdf,MC
,4,CAMPECHE,,,1,CAMPECHE,,,SIND      ,MC                        ,1,YESMY YARET DEL PILAR CASTILLO COUOH,2,https://www.ieec.org.mx/Documentacion/elecciones/2021/CONSTANCIAS/ConstMR_AyuCAMPECHE.pdf,MC
,4,CAMPECHE,,,1,CAMPECHE,,,SIND      ,MC                        ,2,ERICKA YUVISA CANCHE RODRIGUEZ,2,https://www.ieec.org.mx/Documentacion/elecciones/2021/CONSTANCIAS/ConstMR_AyuCAMPECHE.pdf,MC
,4,CAMPECHE,,,2,CALKINI,,,PRES_MUN  ,PAN_PRI_PRD               ,1,JUANITA DEL ROSARIO CORTES MOO,2,https://www.ieec.org.mx/Documentacion/elecciones/2021/CONSTANCIAS/ConstMR_AyuCALKINI.pdf,PRI
,4,CAMPECHE,,,2,CALKINI,,,REG       ,PAN_PRI_PRD               ,1,JHONNY ORLANDO COLLI CHIM,1,https://www.ieec.org.mx/Documentacion/elecciones/2021/CONSTANCIAS/ConstMR_AyuCALKINI.pdf,PRI
,4,CAMPECHE,,,2,CALKINI,,,REG       ,PAN_PRI_PRD               ,2,ENNY MARIA PUCH GAMBOA,2,https://www.ieec.org.mx/Documentacion/elecciones/2021/CONSTANCIAS/ConstMR_AyuCALKINI.pdf,PAN
,4,CAMPECHE,,,2,CALKINI,,,REG       ,PAN_PRI_PRD               ,3,MARCIAL AUGUSTO FARFAN OJEDA,1,https://www.ieec.org.mx/Documentacion/elecciones/2021/CONSTANCIAS/ConstMR_AyuCALKINI.pdf,PAN
,4,CAMPECHE,,,2,CALKINI,,,REG       ,PAN_PRI_PRD               ,4,FATIMA GUADALUPE PERALTA GARCIA,2,https://www.ieec.org.mx/Documentacion/elecciones/2021/CONSTANCIAS/ConstMR_AyuCALKINI.pdf,PRD
,4,CAMPECHE,,,2,CALKINI,,,REG       ,PAN_PRI_PRD               ,5,JORGE DAVID ESPADAS UC,1,https://www.ieec.org.mx/Documentacion/elecciones/2021/CONSTANCIAS/ConstMR_AyuCALKINI.pdf,PRI
,4,CAMPECHE,,,2,CALKINI,,,SIND      ,PAN_PRI_PRD               ,1,ROMALDA ISABEL CAN COLLI,2,https://www.ieec.org.mx/Documentacion/elecciones/2021/CONSTANCIAS/ConstMR_AyuCALKINI.pdf,PRI
,4,CAMPECHE,,,3,CARMEN,,,PRES_MUN  ,MORENA                    ,1,PABLO GUTIERREZ LAZARUS,1,https://www.ieec.org.mx/Documentacion/elecciones/2021/CONSTANCIAS/ConstMR_AyuCARMEN.pdf,MORENA
,4,CAMPECHE,,,3,CARMEN,,,REG       ,MORENA                    ,1,CANDELARIA ISABEL TENREYRO CONTRERAS,2,https://www.ieec.org.mx/Documentacion/elecciones/2021/CONSTANCIAS/ConstMR_AyuCARMEN.pdf,MORENA
,4,CAMPECHE,,,3,CARMEN,,,REG       ,MORENA                    ,2,JULIO CESAR PULIDO CONTRERAS,1,https://www.ieec.org.mx/Documentacion/elecciones/2021/CONSTANCIAS/ConstMR_AyuCARMEN.pdf,MORENA
,4,CAMPECHE,,,3,CARMEN,,,REG       ,MORENA                    ,3,MARIA ZAIRA SANCHEZ HUERTA,2,https://www.ieec.org.mx/Documentacion/elecciones/2021/CONSTANCIAS/ConstMR_AyuCARMEN.pdf,MORENA
,4,CAMPECHE,,,3,CARMEN,,,REG       ,MORENA                    ,4,JOSE CARLOS CAMEJO VAZQUEZ,1,https://www.ieec.org.mx/Documentacion/elecciones/2021/CONSTANCIAS/ConstMR_AyuCARMEN.pdf,MORENA
,4,CAMPECHE,,,3,CARMEN,,,REG       ,MORENA                    ,5,PRISCILLA ISABEL HEREDIA NOVELO,2,https://www.ieec.org.mx/Documentacion/elecciones/2021/CONSTANCIAS/ConstMR_AyuCARMEN.pdf,MORENA
,4,CAMPECHE,,,3,CARMEN,,,REG       ,MORENA                    ,6,JOSE DANIEL HERNANDEZ SOSA,1,https://www.ieec.org.mx/Documentacion/elecciones/2021/CONSTANCIAS/ConstMR_AyuCARMEN.pdf,MORENA
,4,CAMPECHE,,,3,CARMEN,,,REG       ,MORENA                    ,7,FRANCISCA ZARATE LOPEZ,2,https://www.ieec.org.mx/Documentacion/elecciones/2021/CONSTANCIAS/ConstMR_AyuCARMEN.pdf,MORENA
,4,CAMPECHE,,,3,CARMEN,,,SIND      ,MORENA                    ,1,JANINI GUADALUPE CASANOVA GARCIA,2,https://www.ieec.org.mx/Documentacion/elecciones/2021/CONSTANCIAS/ConstMR_AyuCARMEN.pdf,MORENA
,4,CAMPECHE,,,3,CARMEN,,,SIND      ,MORENA                    ,2,JULIO MANUEL SANCHEZ SOLIS,1,https://www.ieec.org.mx/Documentacion/elecciones/2021/CONSTANCIAS/ConstMR_AyuCARMEN.pdf,MORENA
,4,CAMPECHE,,,4,CHAMPOTON,,,PRES_MUN  ,MORENA                    ,1,CLAUDETH SARRICOLEA CASTILLEJO,2,https://www.ieec.org.mx/Documentacion/elecciones/2021/CONSTANCIAS/ConstMR_AyuCHAMPOTÓN.pdf,MORENA
,4,CAMPECHE,,,4,CHAMPOTON,,,REG       ,MORENA                    ,1,ANTONIO TREJO AKE,1,https://www.ieec.org.mx/Documentacion/elecciones/2021/CONSTANCIAS/ConstMR_AyuCHAMPOTÓN.pdf,MORENA
,4,CAMPECHE,,,4,CHAMPOTON,,,REG       ,MORENA                    ,2,LIZBETH ELIZABETH DIAZ RUFINO,2,https://www.ieec.org.mx/Documentacion/elecciones/2021/CONSTANCIAS/ConstMR_AyuCHAMPOTÓN.pdf,MORENA
,4,CAMPECHE,,,4,CHAMPOTON,,,REG       ,MORENA                    ,3,ALFREDO MARTINEZ GUERRA,1,https://www.ieec.org.mx/Documentacion/elecciones/2021/CONSTANCIAS/ConstMR_AyuCHAMPOTÓN.pdf,MORENA
,4,CAMPECHE,,,4,CHAMPOTON,,,REG       ,MORENA                    ,4,ERIKA GUADALUPE MEDINA VALENZUELA,2,https://www.ieec.org.mx/Documentacion/elecciones/2021/CONSTANCIAS/ConstMR_AyuCHAMPOTÓN.pdf,MORENA
,4,CAMPECHE,,,4,CHAMPOTON,,,REG       ,MORENA                    ,5,JOSE ENRIQUE RAMIREZ GONZALEZ,1,https://www.ieec.org.mx/Documentacion/elecciones/2021/CONSTANCIAS/ConstMR_AyuCHAMPOTÓN.pdf,MORENA
,4,CAMPECHE,,,4,CHAMPOTON,,,SIND      ,MORENA                    ,1,SOBEIDA ORDAZ ALVARADO,2,https://www.ieec.org.mx/Documentacion/elecciones/2021/CONSTANCIAS/ConstMR_AyuCHAMPOTÓN.pdf,MORENA
,4,CAMPECHE,,,5,HECELCHAKAN,,,PRES_MUN  ,PAN_PRI_PRD               ,1,JOSE DOLORES BRITO PECH,1,https://www.ieec.org.mx/Documentacion/elecciones/2021/CONSTANCIAS/ConstMR_AyuHECELCHAKAN.pdf,PRI
,4,CAMPECHE,,,5,HECELCHAKAN,,,REG       ,PAN_PRI_PRD               ,1,MARIA GUADALUPE HUCHIN TUZ,2,https://www.ieec.org.mx/Documentacion/elecciones/2021/CONSTANCIAS/ConstMR_AyuHECELCHAKAN.pdf,PRI
,4,CAMPECHE,,,5,HECELCHAKAN,,,REG       ,PAN_PRI_PRD               ,2,SAN GONZALO CAAMAL HAAS,1,https://www.ieec.org.mx/Documentacion/elecciones/2021/CONSTANCIAS/ConstMR_AyuHECELCHAKAN.pdf,PAN
,4,CAMPECHE,,,5,HECELCHAKAN,,,REG       ,PAN_PRI_PRD               ,3,SELMI DEL CARMEN POOT COCON,2,https://www.ieec.org.mx/Documentacion/elecciones/2021/CONSTANCIAS/ConstMR_AyuHECELCHAKAN.pdf,PAN
,4,CAMPECHE,,,5,HECELCHAKAN,,,REG       ,PAN_PRI_PRD               ,4,BRAIDOSQUI ANTONIO AKE DZUL,1,https://www.ieec.org.mx/Documentacion/elecciones/2021/CONSTANCIAS/ConstMR_AyuHECELCHAKAN.pdf,PAN
,4,CAMPECHE,,,5,HECELCHAKAN,,,REG       ,PAN_PRI_PRD               ,5,GUADALUPE DEL ROSARIO PEREZ IC,2,https://www.ieec.org.mx/Documentacion/elecciones/2021/CONSTANCIAS/ConstMR_AyuHECELCHAKAN.pdf,PRI
,4,CAMPECHE,,,5,HECELCHAKAN,,,SIND      ,PAN_PRI_PRD               ,1,GERARDO MANUEL CHAN PUC,1,https://www.ieec.org.mx/Documentacion/elecciones/2021/CONSTANCIAS/ConstMR_AyuHECELCHAKAN.pdf,PRI
,4,CAMPECHE,,,6,HOPELCHEN,,,PRES_MUN  ,PAN_PRI_PRD               ,1,EMILIO LARA CALDERON,1,https://www.ieec.org.mx/Documentacion/elecciones/2021/CONSTANCIAS/ConstMR_AyuHOPELCHEN.pdf,PRI
,4,CAMPECHE,,,6,HOPELCHEN,,,REG       ,PAN_PRI_PRD               ,1,CONSUELO MARGARITA MANZANERO UC,2,https://www.ieec.org.mx/Documentacion/elecciones/2021/CONSTANCIAS/ConstMR_AyuHOPELCHEN.pdf,PRI
,4,CAMPECHE,,,6,HOPELCHEN,,,REG       ,PAN_PRI_PRD               ,2,MIGUEL ANGEL POOL ALPUCHE,1,https://www.ieec.org.mx/Documentacion/elecciones/2021/CONSTANCIAS/ConstMR_AyuHOPELCHEN.pdf,PRD
,4,CAMPECHE,,,6,HOPELCHEN,,,REG       ,PAN_PRI_PRD               ,3,DORA ISABEL LOPEZ VAZQUEZ,2,https://www.ieec.org.mx/Documentacion/elecciones/2021/CONSTANCIAS/ConstMR_AyuHOPELCHEN.pdf,PAN
,4,CAMPECHE,,,6,HOPELCHEN,,,REG       ,PAN_PRI_PRD               ,4,EDUARDO SAMANO PEREZ,1,https://www.ieec.org.mx/Documentacion/elecciones/2021/CONSTANCIAS/ConstMR_AyuHOPELCHEN.pdf,PAN
,4,CAMPECHE,,,6,HOPELCHEN,,,REG       ,PAN_PRI_PRD               ,5,LILIANA ABIGAIL MOO POOT,2,https://www.ieec.org.mx/Documentacion/elecciones/2021/CONSTANCIAS/ConstMR_AyuHOPELCHEN.pdf,PAN
,4,CAMPECHE,,,6,HOPELCHEN,,,SIND      ,PAN_PRI_PRD               ,1,ROBERTO LEMUEL CEN CHAB,1,https://www.ieec.org.mx/Documentacion/elecciones/2021/CONSTANCIAS/ConstMR_AyuHOPELCHEN.pdf,PRI
,4,CAMPECHE,,,7,PALIZADA,,,PRES_MUN  ,PAN_PRI_PRD               ,1,ANGELA DEL CARMEN CAMARA DAMAS,2,https://www.ieec.org.mx/Documentacion/elecciones/2021/CONSTANCIAS/ConstMR_AyuPALIZADA.pdf,PRD
,4,CAMPECHE,,,7,PALIZADA,,,REG       ,PAN_PRI_PRD               ,1,FRANCISCO ALEX GUZMAN PERALTA,1,https://www.ieec.org.mx/Documentacion/elecciones/2021/CONSTANCIAS/ConstMR_AyuPALIZADA.pdf,PRI
,4,CAMPECHE,,,7,PALIZADA,,,REG       ,PAN_PRI_PRD               ,2,JUANA DEL ROSARIO CAMARA CORREA,2,https://www.ieec.org.mx/Documentacion/elecciones/2021/CONSTANCIAS/ConstMR_AyuPALIZADA.pdf,PRD
,4,CAMPECHE,,,7,PALIZADA,,,REG       ,PAN_PRI_PRD               ,3,ANTONIA QUIROZ SANCHEZ,2,https://www.ieec.org.mx/Documentacion/elecciones/2021/CONSTANCIAS/ConstMR_AyuPALIZADA.pdf,PRI
,4,CAMPECHE,,,7,PALIZADA,,,REG       ,PAN_PRI_PRD               ,4,LENNY PALIZADA ABREU BARROSO,2,https://www.ieec.org.mx/Documentacion/elecciones/2021/CONSTANCIAS/ConstMR_AyuPALIZADA.pdf,PRI
,4,CAMPECHE,,,7,PALIZADA,,,REG       ,PAN_PRI_PRD               ,5,JAVIER PERALTA ALBARRAN,1,https://www.ieec.org.mx/Documentacion/elecciones/2021/CONSTANCIAS/ConstMR_AyuPALIZADA.pdf,PAN
,4,CAMPECHE,,,7,PALIZADA,,,SIND      ,PAN_PRI_PRD               ,1,ATILANA CHAN LOPEZ,2,https://www.ieec.org.mx/Documentacion/elecciones/2021/CONSTANCIAS/ConstMR_AyuPALIZADA.pdf,PRI
,4,CAMPECHE,,,8,TENABO,,,PRES_MUN  ,PAN_PRI_PRD               ,1,KARLA DEL ROSARIO UC TUZ,2,https://www.ieec.org.mx/Documentacion/elecciones/2021/CONSTANCIAS/ConstMR_AyuTENABO.pdf,PAN
,4,CAMPECHE,,,8,TENABO,,,REG       ,PAN_PRI_PRD               ,1,MANUEL FRANCISCO UC POOL,1,https://www.ieec.org.mx/Documentacion/elecciones/2021/CONSTANCIAS/ConstMR_AyuTENABO.pdf,PAN
,4,CAMPECHE,,,8,TENABO,,,REG       ,PAN_PRI_PRD               ,2,GLADIS DEL CARMEN HERRERA MUÑOZ,2,https://www.ieec.org.mx/Documentacion/elecciones/2021/CONSTANCIAS/ConstMR_AyuTENABO.pdf,PAN
,4,CAMPECHE,,,8,TENABO,,,REG       ,PAN_PRI_PRD               ,3,HUSAI UC LOPEZ,1,https://www.ieec.org.mx/Documentacion/elecciones/2021/CONSTANCIAS/ConstMR_AyuTENABO.pdf,PRI
,4,CAMPECHE,,,8,TENABO,,,REG       ,PAN_PRI_PRD               ,4,MONICA DIANELY POOT CANUL,2,https://www.ieec.org.mx/Documentacion/elecciones/2021/CONSTANCIAS/ConstMR_AyuTENABO.pdf,PRI
,4,CAMPECHE,,,8,TENABO,,,REG       ,PAN_PRI_PRD               ,5,FRANCISCO SAUL UC CAHUICH,1,https://www.ieec.org.mx/Documentacion/elecciones/2021/CONSTANCIAS/ConstMR_AyuTENABO.pdf,PRD
,4,CAMPECHE,,,8,TENABO,,,SIND      ,PAN_PRI_PRD               ,1,CLARA PETRONILA CEN RAMIREZ,2,https://www.ieec.org.mx/Documentacion/elecciones/2021/CONSTANCIAS/ConstMR_AyuTENABO.pdf,PAN
,4,CAMPECHE,,,9,ESCARCEGA,,,PRES_MUN  ,MC                        ,1,SILVESTRE LEMUS OROZCO,1,https://www.ieec.org.mx/Documentacion/elecciones/2021/CONSTANCIAS/ConstMR_AyuESCARCEGA.pdf,MC
,4,CAMPECHE,,,9,ESCARCEGA,,,REG       ,MC                        ,1,SOFIA DOMINGUEZ HERNANDEZ,2,https://www.ieec.org.mx/Documentacion/elecciones/2021/CONSTANCIAS/ConstMR_AyuESCARCEGA.pdf,MC
,4,CAMPECHE,,,9,ESCARCEGA,,,REG       ,MC                        ,2,ROBERTO ESAU GAMBOA MAGAÑA,1,https://www.ieec.org.mx/Documentacion/elecciones/2021/CONSTANCIAS/ConstMR_AyuESCARCEGA.pdf,MC
,4,CAMPECHE,,,9,ESCARCEGA,,,REG       ,MC                        ,3,BALBINA GUADALUPE MAYO MARTINEZ,2,https://www.ieec.org.mx/Documentacion/elecciones/2021/CONSTANCIAS/ConstMR_AyuESCARCEGA.pdf,MC
,4,CAMPECHE,,,9,ESCARCEGA,,,REG       ,MC                        ,4,BRIAN DANIEL GONZALEZ DELGADO,1,https://www.ieec.org.mx/Documentacion/elecciones/2021/CONSTANCIAS/ConstMR_AyuESCARCEGA.pdf,MC
,4,CAMPECHE,,,9,ESCARCEGA,,,REG       ,MC                        ,5,LOURDES THAILY SALA GOMEZ,2,https://www.ieec.org.mx/Documentacion/elecciones/2021/CONSTANCIAS/ConstMR_AyuESCARCEGA.pdf,MC
,4,CAMPECHE,,,9,ESCARCEGA,,,SIND      ,MC                        ,1,CARLOS ALBERTO FERNANDEZ TRUJILLO,1,https://www.ieec.org.mx/Documentacion/elecciones/2021/CONSTANCIAS/ConstMR_AyuESCARCEGA.pdf,MC
,4,CAMPECHE,,,10,CANDELARIA,,,PRES_MUN  ,PAN_PRI_PRD               ,1,FRANCISCO JAVIER FARIAS BAILON,1,https://www.ieec.org.mx/Documentacion/elecciones/2021/CONSTANCIAS/ConstMR_AyuCANDELARIA.pdf,PAN
,4,CAMPECHE,,,10,CANDELARIA,,,REG       ,PAN_PRI_PRD               ,1,LAURA DEL CARMEN GONZALEZ CHABLE,2,https://www.ieec.org.mx/Documentacion/elecciones/2021/CONSTANCIAS/ConstMR_AyuCANDELARIA.pdf,PAN
,4,CAMPECHE,,,10,CANDELARIA,,,REG       ,PAN_PRI_PRD               ,2,ABENAMAR LEDESMA CRUZ,1,https://www.ieec.org.mx/Documentacion/elecciones/2021/CONSTANCIAS/ConstMR_AyuCANDELARIA.pdf,PRI
,4,CAMPECHE,,,10,CANDELARIA,,,REG       ,PAN_PRI_PRD               ,3,LAURA ABREU RUIZ,2,https://www.ieec.org.mx/Documentacion/elecciones/2021/CONSTANCIAS/ConstMR_AyuCANDELARIA.pdf,PRI
,4,CAMPECHE,,,10,CANDELARIA,,,REG       ,PAN_PRI_PRD               ,4,MARINA GARCIA MENDEZ,2,https://www.ieec.org.mx/Documentacion/elecciones/2021/CONSTANCIAS/ConstMR_AyuCANDELARIA.pdf,PRD
,4,CAMPECHE,,,10,CANDELARIA,,,REG       ,PAN_PRI_PRD               ,5,HILDA YURIDIS NARVAEZ HERNANDEZ,2,https://www.ieec.org.mx/Documentacion/elecciones/2021/CONSTANCIAS/ConstMR_AyuCANDELARIA.pdf,PAN
,4,CAMPECHE,,,10,CANDELARIA,,,SIND      ,PAN_PRI_PRD               ,1,GUADALUPE MORENO ALEJO,1,https://www.ieec.org.mx/Documentacion/elecciones/2021/CONSTANCIAS/ConstMR_AyuCANDELARIA.pdf,PAN
,4,CAMPECHE,,,11,CALAKMUL,,,PRES_MUN  ,MORENA                    ,1,LUIS ENRIQUE ALVARADO MOO,1,https://www.ieec.org.mx/Documentacion/elecciones/2021/CONSTANCIAS/ConstMR_AyuCALAKMUL.pdf,MORENA
,4,CAMPECHE,,,11,CALAKMUL,,,REG       ,MORENA                    ,1,SARA RIVERA SORIA,2,https://www.ieec.org.mx/Documentacion/elecciones/2021/CONSTANCIAS/ConstMR_AyuCALAKMUL.pdf,MORENA
,4,CAMPECHE,,,11,CALAKMUL,,,REG       ,MORENA                    ,2,DANIEL SANCHEZ FIGUEROA,1,https://www.ieec.org.mx/Documentacion/elecciones/2021/CONSTANCIAS/ConstMR_AyuCALAKMUL.pdf,MORENA
,4,CAMPECHE,,,11,CALAKMUL,,,REG       ,MORENA                    ,3,ROCIO HERNANDEZ RUIZ,2,https://www.ieec.org.mx/Documentacion/elecciones/2021/CONSTANCIAS/ConstMR_AyuCALAKMUL.pdf,MORENA
,4,CAMPECHE,,,11,CALAKMUL,,,REG       ,MORENA                    ,4,HILARIO MANZUR MIRANDA,1,https://www.ieec.org.mx/Documentacion/elecciones/2021/CONSTANCIAS/ConstMR_AyuCALAKMUL.pdf,MORENA
,4,CAMPECHE,,,11,CALAKMUL,,,REG       ,MORENA                    ,5,ARGELIA VAZQUEZ LOPEZ,2,https://www.ieec.org.mx/Documentacion/elecciones/2021/CONSTANCIAS/ConstMR_AyuCALAKMUL.pdf,MORENA
,4,CAMPECHE,,,11,CALAKMUL,,,SIND      ,MORENA                    ,1,ELEAZAR IGNACIO DZIB EK,1,https://www.ieec.org.mx/Documentacion/elecciones/2021/CONSTANCIAS/ConstMR_AyuCALAKMUL.pdf,MORENA
,4,CAMPECHE,,,13,SEYBAPLAYA,,,PRES_MUN  ,PAN_PRI_PRD               ,1,CINTHYA GELITZI VELAZQUEZ RIVERA,2,https://www.ieec.org.mx/Documentacion/elecciones/2021/CONSTANCIAS/ConstMR_AyuSEYBAPLAYA.pdf,PRI
,4,CAMPECHE,,,13,SEYBAPLAYA,,,REG       ,PAN_PRI_PRD               ,1,MANUEL ZENON UC REYES,1,https://www.ieec.org.mx/Documentacion/elecciones/2021/CONSTANCIAS/ConstMR_AyuSEYBAPLAYA.pdf,PRI
,4,CAMPECHE,,,13,SEYBAPLAYA,,,REG       ,PAN_PRI_PRD               ,2,SARAHI PEREZ QUEN,2,https://www.ieec.org.mx/Documentacion/elecciones/2021/CONSTANCIAS/ConstMR_AyuSEYBAPLAYA.pdf,PAN
,4,CAMPECHE,,,13,SEYBAPLAYA,,,REG       ,PAN_PRI_PRD               ,3,MARTIN DAVID HUCHIN NARVAEZ,1,https://www.ieec.org.mx/Documentacion/elecciones/2021/CONSTANCIAS/ConstMR_AyuSEYBAPLAYA.pdf,PAN
,4,CAMPECHE,,,13,SEYBAPLAYA,,,REG       ,PAN_PRI_PRD               ,4,MAYRA GUADALUPE VAZQUEZ VERDEJO,2,https://www.ieec.org.mx/Documentacion/elecciones/2021/CONSTANCIAS/ConstMR_AyuSEYBAPLAYA.pdf,PRD
,4,CAMPECHE,,,13,SEYBAPLAYA,,,REG       ,PAN_PRI_PRD               ,5,CARLOS MANUEL CRUZ CARDOZO,1,https://www.ieec.org.mx/Documentacion/elecciones/2021/CONSTANCIAS/ConstMR_AyuSEYBAPLAYA.pdf,PRI
,4,CAMPECHE,,,13,SEYBAPLAYA,,,SIND      ,PAN_PRI_PRD               ,1,LILIA ELENA GOMEZ PEREZ,2,https://www.ieec.org.mx/Documentacion/elecciones/2021/CONSTANCIAS/ConstMR_AyuSEYBAPLAYA.pdf,PRI
,4,CAMPECHE,,,12,DZITBALCHE,,,PRES_MUN  ,MORENA                    ,1,ROBERTO HERRERA MAAS,1,https://www.ieec.org.mx/Documentacion/elecciones/2021/CONSTANCIAS/ConstMR_AyuDZITBALCHE.pdf,MORENA
,4,CAMPECHE,,,12,DZITBALCHE,,,REG       ,MORENA                    ,1,MARIA PATRICIA COOL CAUICH,2,https://www.ieec.org.mx/Documentacion/elecciones/2021/CONSTANCIAS/ConstMR_AyuDZITBALCHE.pdf,MORENA
,4,CAMPECHE,,,12,DZITBALCHE,,,REG       ,MORENA                    ,2,YANUARIO ENRIQUE CAAMAL POOT,1,https://www.ieec.org.mx/Documentacion/elecciones/2021/CONSTANCIAS/ConstMR_AyuDZITBALCHE.pdf,MORENA
,4,CAMPECHE,,,12,DZITBALCHE,,,REG       ,MORENA                    ,3,BERTHA VILMA MIS MAS,2,https://www.ieec.org.mx/Documentacion/elecciones/2021/CONSTANCIAS/ConstMR_AyuDZITBALCHE.pdf,MORENA
,4,CAMPECHE,,,12,DZITBALCHE,,,REG       ,MORENA                    ,4,RAFAEL AKE MUKUL,1,https://www.ieec.org.mx/Documentacion/elecciones/2021/CONSTANCIAS/ConstMR_AyuDZITBALCHE.pdf,MORENA
,4,CAMPECHE,,,12,DZITBALCHE,,,REG       ,MORENA                    ,5,VERONICA DEL ROCIO CAUICH CAUICH,2,https://www.ieec.org.mx/Documentacion/elecciones/2021/CONSTANCIAS/ConstMR_AyuDZITBALCHE.pdf,MORENA
,4,CAMPECHE,,,12,DZITBALCHE,,,SIND      ,MORENA                    ,1,CANDIDO JESUS CANCHE CANUL,1,https://www.ieec.org.mx/Documentacion/elecciones/2021/CONSTANCIAS/ConstMR_AyuDZITBALCHE.pdf,MORENA
,4,CAMPECHE,1,SAN FRANCCISCO DE CAMPECHE,,,,,DIP_LOC_MR,MC                        ,1,FABRICIO FERNANDO PEREZ MENDOZA,1,https://www.ieec.org.mx/Documentacion/elecciones/2021/CONSTANCIAS/ConstMR_D01_DIP.pdf,MC
,4,CAMPECHE,2,SAN FRANCCISCO DE CAMPECHE,,,,,DIP_LOC_MR,MC                        ,1,DANIELA GUADALUPE MARTINEZ HERNANDEZ,2,https://www.ieec.org.mx/Documentacion/elecciones/2021/CONSTANCIAS/ConstMR_D02_DIP.pdf,MC
,4,CAMPECHE,3,SAN FRANCCISCO DE CAMPECHE,,,,,DIP_LOC_MR,MC                        ,1,HIPSI MARISOL ESTRELLA GUILLERMO,2,https://www.ieec.org.mx/Documentacion/elecciones/2021/CONSTANCIAS/ConstMR_D03_DIP.pdf,MC
,4,CAMPECHE,4,SAN FRANCCISCO DE CAMPECHE,,,,,DIP_LOC_MR,MC                        ,1,JESUS HUMBERTO AGUILAR DIAZ,1,https://www.ieec.org.mx/Documentacion/elecciones/2021/CONSTANCIAS/ConstMR_D04_DIP.pdf,MC
,4,CAMPECHE,5,SAN FRANCCISCO DE CAMPECHE,,,,,DIP_LOC_MR,MORENA                    ,1,JOSE ANTONIO JIMENEZ GUTIERREZ,1,https://www.ieec.org.mx/Documentacion/elecciones/2021/CONSTANCIAS/ConstMR_D05_DIP.pdf,MORENA
,4,CAMPECHE,6,SAN FRANCCISCO DE CAMPECHE,,,,,DIP_LOC_MR,PAN_PRI_PRD               ,1,KARLA GUADALUPE TOLEDO ZAMORA,2,https://www.ieec.org.mx/Documentacion/elecciones/2021/CONSTANCIAS/ConstMR_D06_DIP.pdf,PRI
,4,CAMPECHE,7,TENABO                    ,,,,,DIP_LOC_MR,PAN_PRI_PRD               ,1,RAMON CUAUHTEMOC SANTINI COBOS,1,https://www.ieec.org.mx/Documentacion/elecciones/2021/CONSTANCIAS/ConstMR_D07_DIP.pdf,PRI
,4,CAMPECHE,8,CIUDAD DEL CARMEN         ,,,,,DIP_LOC_MR,MORENA                    ,1,MARIA VIOLETA BOLAÑOS RODRIGUEZ,2,https://www.ieec.org.mx/Documentacion/elecciones/2021/CONSTANCIAS/ConstMR_D08_DIP.pdf,MORENA
,4,CAMPECHE,9,CIUDAD DEL CARMEN         ,,,,,DIP_LOC_MR,MORENA                    ,1,JORGE PEREZ FALCONI,1,https://www.ieec.org.mx/Documentacion/elecciones/2021/CONSTANCIAS/ConstMR_D09_DIP.pdf,MORENA
,4,CAMPECHE,10,CIUDAD DEL CARMEN         ,,,,,DIP_LOC_MR,MORENA                    ,1,DALILA DEL CARMEN MATA PEREZ,2,https://www.ieec.org.mx/Documentacion/elecciones/2021/CONSTANCIAS/ConstMR_D10_DIP.pdf,MORENA
,4,CAMPECHE,11,CIUDAD DEL CARMEN         ,,,,,DIP_LOC_MR,MORENA                    ,1,MARIA DEL PILAR MARTINEZ ACUÑA,2,https://www.ieec.org.mx/Documentacion/elecciones/2021/CONSTANCIAS/ConstMR_D11_DIP.pdf,MORENA
,4,CAMPECHE,12,SABANCUY                  ,,,,,DIP_LOC_MR,MORENA                    ,1,JORGE LUIS LOPEZ GAMBOA,1,https://www.ieec.org.mx/Documentacion/elecciones/2021/CONSTANCIAS/ConstMR_D12_DIP.pdf,MORENA
,4,CAMPECHE,13,ESCÁRCEGA                 ,,,,,DIP_LOC_MR,MC                        ,1,ABIGAIL GUTIERREZ MORALES,2,https://www.ieec.org.mx/Documentacion/elecciones/2021/CONSTANCIAS/ConstMR_D13_DIP.pdf,MC
,4,CAMPECHE,14,CANDELARIA                ,,,,,DIP_LOC_MR,PAN_PRI_PRD               ,1,RIGOBERTO FIGUEROA ORTIZ,1,https://www.ieec.org.mx/Documentacion/elecciones/2021/CONSTANCIAS/ConstMR_D14_DIP.pdf,PRI
,4,CAMPECHE,15,CHAMPOTÓN                 ,,,,,DIP_LOC_MR,MORENA                    ,1,BALBINA ALEJANDRA HIDALGO ZAVALA,2,https://www.ieec.org.mx/Documentacion/elecciones/2021/CONSTANCIAS/ConstMR_D15_DIP.pdf,MORENA
,4,CAMPECHE,16,SEYBAPLAYA                ,,,,,DIP_LOC_MR,MORENA                    ,1,LILIANA IDALI SOSA HUCHIN,2,https://www.ieec.org.mx/Documentacion/elecciones/2021/CONSTANCIAS/ConstMR_D16_DIP.pdf,MORENA
,4,CAMPECHE,17,CALKINÍ                   ,,,,,DIP_LOC_MR,MORENA                    ,1,IRAYDE DEL CARMEN AVILEZ KANTUN,2,https://www.ieec.org.mx/Documentacion/elecciones/2021/CONSTANCIAS/ConstMR_D17_DIP.pdf,MORENA
,4,CAMPECHE,18,HOPELCHÉN                 ,,,,,DIP_LOC_MR,PAN_PRI_PRD               ,1,DIANA CONSUELO CAMPOS,2,https://www.ieec.org.mx/Documentacion/elecciones/2021/CONSTANCIAS/ConstMR_D18_DIP.pdf,PRI
,4,CAMPECHE,19,HECELCHAKÁN               ,,,,,DIP_LOC_MR,PAN_PRI_PRD               ,1,LEIDY MARIA KEB AYALA,2,https://www.ieec.org.mx/Documentacion/elecciones/2021/CONSTANCIAS/ConstMR_D19_DIP.pdf,PAN
,4,CAMPECHE,20,PALIZADA                  ,,,,,DIP_LOC_MR,MORENA                    ,1,LANDY MARIA VELASQUEZ MAY,2,https://www.ieec.org.mx/Documentacion/elecciones/2021/CONSTANCIAS/ConstMR_D20_DIP.pdf,MORENA
,4,CAMPECHE,21,CALAKMUL                  ,,,,,DIP_LOC_MR,MORENA                    ,1,MARICELA FLORES MOO,2,https://www.ieec.org.mx/Documentacion/elecciones/2021/CONSTANCIAS/ConstMR_D21_DIP.pdf,MORENA
,4,CAMPECHE,,,1,CAMPECHE,1,PICH,PRES_MUN  ,PAN_PRI_PRD               ,1,MANUEL JESUS CASTILLO TEC,1,https://www.ieec.org.mx/Documentacion/elecciones/2021/CONSTANCIAS/ConstMR_JunPICH.pdf,PRI
,4,CAMPECHE,,,1,CAMPECHE,1,PICH,REG       ,PAN_PRI_PRD               ,1,MARIA LUISA GARCIA DUARTE,2,https://www.ieec.org.mx/Documentacion/elecciones/2021/CONSTANCIAS/ConstMR_JunPICH.pdf,PAN
,4,CAMPECHE,,,1,CAMPECHE,1,PICH,REG       ,PAN_PRI_PRD               ,2,OSCAR EDUARDO MERIDA GARCIA,1,https://www.ieec.org.mx/Documentacion/elecciones/2021/CONSTANCIAS/ConstMR_JunPICH.pdf,PRI
,4,CAMPECHE,,,1,CAMPECHE,1,PICH,REG       ,PAN_PRI_PRD               ,3,MARIA ESMERALDA YEH DZIB,2,https://www.ieec.org.mx/Documentacion/elecciones/2021/CONSTANCIAS/ConstMR_JunPICH.pdf,PRD
,4,CAMPECHE,,,1,CAMPECHE,1,PICH,SIND      ,PAN_PRI_PRD               ,1,LEVI NAIM LOPEZ MARIN,1,https://www.ieec.org.mx/Documentacion/elecciones/2021/CONSTANCIAS/ConstMR_JunPICH.pdf,PAN
,4,CAMPECHE,,,1,CAMPECHE,2,TIXMUCUY,PRES_MUN  ,MC                        ,1,JESUS ALBERTO MIS MARTINEZ,1,https://www.ieec.org.mx/Documentacion/elecciones/2021/CONSTANCIAS/ConstMR_JunTIXMUCUY.pdf,MC
,4,CAMPECHE,,,1,CAMPECHE,2,TIXMUCUY,REG       ,MC                        ,1,LENIZ LILI OLIVARES SEGOVIA,2,https://www.ieec.org.mx/Documentacion/elecciones/2021/CONSTANCIAS/ConstMR_JunTIXMUCUY.pdf,MC
,4,CAMPECHE,,,1,CAMPECHE,2,TIXMUCUY,REG       ,MC                        ,2,AARON ALPUCHE CHE,1,https://www.ieec.org.mx/Documentacion/elecciones/2021/CONSTANCIAS/ConstMR_JunTIXMUCUY.pdf,MC
,4,CAMPECHE,,,1,CAMPECHE,2,TIXMUCUY,REG       ,MC                        ,3,MARIA EUGENIA ENRIQUEZ REYES,2,https://www.ieec.org.mx/Documentacion/elecciones/2021/CONSTANCIAS/ConstMR_JunTIXMUCUY.pdf,MC
,4,CAMPECHE,,,1,CAMPECHE,2,TIXMUCUY,SIND      ,MC                        ,1,MARCOS ANTONIO MAY PECH,1,https://www.ieec.org.mx/Documentacion/elecciones/2021/CONSTANCIAS/ConstMR_JunTIXMUCUY.pdf,MC
,4,CAMPECHE,,,1,CAMPECHE,3,ALFREDO V. BONFIL,PRES_MUN  ,PAN_PRI_PRD               ,1,FLORENCIO CERVANTES MORALES,1,https://www.ieec.org.mx/Documentacion/elecciones/2021/CONSTANCIAS/ConstMR_JunALFREDO.pdf,PRI
,4,CAMPECHE,,,1,CAMPECHE,3,ALFREDO V. BONFIL,REG       ,PAN_PRI_PRD               ,1,ELIZABETH HERNANDEZ FORTANEY,2,https://www.ieec.org.mx/Documentacion/elecciones/2021/CONSTANCIAS/ConstMR_JunALFREDO.pdf,PRI
,4,CAMPECHE,,,1,CAMPECHE,3,ALFREDO V. BONFIL,REG       ,PAN_PRI_PRD               ,2,ANTONIO KEB UC,1,https://www.ieec.org.mx/Documentacion/elecciones/2021/CONSTANCIAS/ConstMR_JunALFREDO.pdf,PAN
,4,CAMPECHE,,,1,CAMPECHE,3,ALFREDO V. BONFIL,REG       ,PAN_PRI_PRD               ,3,TERESA GOMEZ ZAPATA,2,https://www.ieec.org.mx/Documentacion/elecciones/2021/CONSTANCIAS/ConstMR_JunALFREDO.pdf,PRD
,4,CAMPECHE,,,1,CAMPECHE,3,ALFREDO V. BONFIL,SIND      ,PAN_PRI_PRD               ,1,FRANCISCO ROBERTO MORENO VARGAS,1,https://www.ieec.org.mx/Documentacion/elecciones/2021/CONSTANCIAS/ConstMR_JunALFREDO.pdf,PRI
,4,CAMPECHE,,,1,CAMPECHE,4,HAMPOLOL,PRES_MUN  ,PAN_PRI_PRD               ,1,MANUEL ANTONIO SANDOVAL RAMIREZ,1,https://www.ieec.org.mx/Documentacion/elecciones/2021/CONSTANCIAS/ConstMR_JunHAMPOLOL.pdf,PAN
,4,CAMPECHE,,,1,CAMPECHE,4,HAMPOLOL,REG       ,PAN_PRI_PRD               ,1,SUEMBY YURIDIA DE JESUS CHAN DORANTES,2,https://www.ieec.org.mx/Documentacion/elecciones/2021/CONSTANCIAS/ConstMR_JunHAMPOLOL.pdf,PAN
,4,CAMPECHE,,,1,CAMPECHE,4,HAMPOLOL,REG       ,PAN_PRI_PRD               ,2,JOSE ABSALON AKE CAHUICH,1,https://www.ieec.org.mx/Documentacion/elecciones/2021/CONSTANCIAS/ConstMR_JunHAMPOLOL.pdf,PRI
,4,CAMPECHE,,,1,CAMPECHE,4,HAMPOLOL,REG       ,PAN_PRI_PRD               ,3,ELVIA GUADALUPE CHI CANUL,2,https://www.ieec.org.mx/Documentacion/elecciones/2021/CONSTANCIAS/ConstMR_JunHAMPOLOL.pdf,PRI
,4,CAMPECHE,,,1,CAMPECHE,4,HAMPOLOL,SIND      ,PAN_PRI_PRD               ,1,SANDRA MARCELA JIMENEZ SALAZAR,2,https://www.ieec.org.mx/Documentacion/elecciones/2021/CONSTANCIAS/ConstMR_JunHAMPOLOL.pdf,PAN
,4,CAMPECHE,,,2,CALKINI,5,BECAL,PRES_MUN  ,PAN_PRI_PRD               ,1,ANGEL OMAR OJEDA AGUILAR,1,https://www.ieec.org.mx/Documentacion/elecciones/2021/CONSTANCIAS/ConstMR_JunBECAL.pdf,PAN
,4,CAMPECHE,,,2,CALKINI,5,BECAL,REG       ,PAN_PRI_PRD               ,1,MARTHA FRANCISCA DE ATOCHA NAAL MUÑOZ,2,https://www.ieec.org.mx/Documentacion/elecciones/2021/CONSTANCIAS/ConstMR_JunBECAL.pdf,PAN
,4,CAMPECHE,,,2,CALKINI,5,BECAL,REG       ,PAN_PRI_PRD               ,2,GALO MANUEL CASTILLO CANUL,1,https://www.ieec.org.mx/Documentacion/elecciones/2021/CONSTANCIAS/ConstMR_JunBECAL.pdf,PRI
,4,CAMPECHE,,,2,CALKINI,5,BECAL,REG       ,PAN_PRI_PRD               ,3,IRMA NOEMI HERRERA FERNANDEZ,2,https://www.ieec.org.mx/Documentacion/elecciones/2021/CONSTANCIAS/ConstMR_JunBECAL.pdf,PRI
,4,CAMPECHE,,,2,CALKINI,5,BECAL,SIND      ,PAN_PRI_PRD               ,1,JOSE VILLEVALDO COHUO MAY,1,https://www.ieec.org.mx/Documentacion/elecciones/2021/CONSTANCIAS/ConstMR_JunBECAL.pdf,PAN
,4,CAMPECHE,,,2,CALKINI,6,NUNKINI,PRES_MUN  ,MC                        ,1,ELIZABETH DEL CARMEN HAAS CAMAS,2,https://www.ieec.org.mx/Documentacion/elecciones/2021/CONSTANCIAS/ConstMR_JunNUNKINI.pdf,MC
,4,CAMPECHE,,,2,CALKINI,6,NUNKINI,REG       ,MC                        ,1,ELIAS UC PAT,1,https://www.ieec.org.mx/Documentacion/elecciones/2021/CONSTANCIAS/ConstMR_JunNUNKINI.pdf,MC
,4,CAMPECHE,,,2,CALKINI,6,NUNKINI,REG       ,MC                        ,2,MARIA PAULA CAN CAN,2,https://www.ieec.org.mx/Documentacion/elecciones/2021/CONSTANCIAS/ConstMR_JunNUNKINI.pdf,MC
,4,CAMPECHE,,,2,CALKINI,6,NUNKINI,REG       ,MC                        ,3,EDWIN MAURICIO KANTUN CAAMAL,1,https://www.ieec.org.mx/Documentacion/elecciones/2021/CONSTANCIAS/ConstMR_JunNUNKINI.pdf,MC
,4,CAMPECHE,,,2,CALKINI,6,NUNKINI,SIND      ,MC                        ,1,MARIA CRISTINA CHIM CHIM,2,https://www.ieec.org.mx/Documentacion/elecciones/2021/CONSTANCIAS/ConstMR_JunNUNKINI.pdf,MC
,4,CAMPECHE,,,3,CARMEN,7,ATASTA,PRES_MUN  ,MORENA                    ,1,ERMILO MAY RODRIGUEZ,1,https://www.ieec.org.mx/Documentacion/elecciones/2021/CONSTANCIAS/ConstMR_JunATASTA.pdf,MORENA
,4,CAMPECHE,,,3,CARMEN,7,ATASTA,REG       ,MORENA                    ,1,ISIDRA MARTINEZ HERNANDEZ,2,https://www.ieec.org.mx/Documentacion/elecciones/2021/CONSTANCIAS/ConstMR_JunATASTA.pdf,MORENA
,4,CAMPECHE,,,3,CARMEN,7,ATASTA,REG       ,MORENA                    ,2,ATILANO CORREA MAY,1,https://www.ieec.org.mx/Documentacion/elecciones/2021/CONSTANCIAS/ConstMR_JunATASTA.pdf,MORENA
,4,CAMPECHE,,,3,CARMEN,7,ATASTA,REG       ,MORENA                    ,3,MARIA DEL CARMEN VIDAL DE LA CRUZ,2,https://www.ieec.org.mx/Documentacion/elecciones/2021/CONSTANCIAS/ConstMR_JunATASTA.pdf,MORENA
,4,CAMPECHE,,,3,CARMEN,7,ATASTA,SIND      ,MORENA                    ,1,CESAR ENRIQUE HERNANDEZ CALDERON,1,https://www.ieec.org.mx/Documentacion/elecciones/2021/CONSTANCIAS/ConstMR_JunATASTA.pdf,MORENA
,4,CAMPECHE,,,3,CARMEN,8,MAMANTEL,PRES_MUN  ,PAN_PRI_PRD               ,1,GUADALUPE JANETH IZQUIERDO MORALES,2,https://www.ieec.org.mx/Documentacion/elecciones/2021/CONSTANCIAS/ConstMR_JunMAMANTEL.pdf,PAN
,4,CAMPECHE,,,3,CARMEN,8,MAMANTEL,REG       ,PAN_PRI_PRD               ,1,JOSE RAMON ESTRELLA MANGAS,1,https://www.ieec.org.mx/Documentacion/elecciones/2021/CONSTANCIAS/ConstMR_JunMAMANTEL.pdf,PAN
,4,CAMPECHE,,,3,CARMEN,8,MAMANTEL,REG       ,PAN_PRI_PRD               ,2,ZOILA VICTORIA MAGAÑA GUZMAN,2,https://www.ieec.org.mx/Documentacion/elecciones/2021/CONSTANCIAS/ConstMR_JunMAMANTEL.pdf,PRI
,4,CAMPECHE,,,3,CARMEN,8,MAMANTEL,REG       ,PAN_PRI_PRD               ,3,LUCIO GUADALUPE VILLEGAS HERNANDEZ,1,https://www.ieec.org.mx/Documentacion/elecciones/2021/CONSTANCIAS/ConstMR_JunMAMANTEL.pdf,PRD
,4,CAMPECHE,,,3,CARMEN,8,MAMANTEL,SIND      ,PAN_PRI_PRD               ,1,LEONOR ZAMUDIO CRUZ,2,https://www.ieec.org.mx/Documentacion/elecciones/2021/CONSTANCIAS/ConstMR_JunMAMANTEL.pdf,PAN
,4,CAMPECHE,,,3,CARMEN,9,SABANCUY,PRES_MUN  ,PAN_PRI_PRD               ,1,ANGELICA PATRICIA HERRERA CANUL,2,https://www.ieec.org.mx/Documentacion/elecciones/2021/CONSTANCIAS/ConstMR_JunSABANCUY.pdf,PRI
,4,CAMPECHE,,,3,CARMEN,9,SABANCUY,REG       ,PAN_PRI_PRD               ,1,JAVIER LOZANO TREJO,1,https://www.ieec.org.mx/Documentacion/elecciones/2021/CONSTANCIAS/ConstMR_JunSABANCUY.pdf,PRI
,4,CAMPECHE,,,3,CARMEN,9,SABANCUY,REG       ,PAN_PRI_PRD               ,2,LEONICIA LEON HERNANDEZ,2,https://www.ieec.org.mx/Documentacion/elecciones/2021/CONSTANCIAS/ConstMR_JunSABANCUY.pdf,PAN
,4,CAMPECHE,,,3,CARMEN,9,SABANCUY,REG       ,PAN_PRI_PRD               ,3,MOISES AGUILAR CALDERON,1,https://www.ieec.org.mx/Documentacion/elecciones/2021/CONSTANCIAS/ConstMR_JunSABANCUY.pdf,PAN
,4,CAMPECHE,,,3,CARMEN,9,SABANCUY,SIND      ,PAN_PRI_PRD               ,1,ANGELITA HEREDIA ABREU,2,https://www.ieec.org.mx/Documentacion/elecciones/2021/CONSTANCIAS/ConstMR_JunSABANCUY.pdf,PRI
,4,CAMPECHE,,,4,CHAMPOTON,10,HOOL,PRES_MUN  ,PAN_PRI_PRD               ,1,IGDALIA IMELDINA DOMINGUEZ ALVARADO,2,https://www.ieec.org.mx/Documentacion/elecciones/2021/CONSTANCIAS/ConstMR_JunHOOL.pdf,PAN
,4,CAMPECHE,,,4,CHAMPOTON,10,HOOL,REG       ,PAN_PRI_PRD               ,1,JUAN LOPEZ VELAZCO,1,https://www.ieec.org.mx/Documentacion/elecciones/2021/CONSTANCIAS/ConstMR_JunHOOL.pdf,PRI
,4,CAMPECHE,,,4,CHAMPOTON,10,HOOL,REG       ,PAN_PRI_PRD               ,2,ESTEFANY DEL CARMEN GOMEZ PEREZ,2,https://www.ieec.org.mx/Documentacion/elecciones/2021/CONSTANCIAS/ConstMR_JunHOOL.pdf,PAN
,4,CAMPECHE,,,4,CHAMPOTON,10,HOOL,REG       ,PAN_PRI_PRD               ,3,AURELIO GASPAR JUAN,1,https://www.ieec.org.mx/Documentacion/elecciones/2021/CONSTANCIAS/ConstMR_JunHOOL.pdf,PAN
,4,CAMPECHE,,,4,CHAMPOTON,10,HOOL,SIND      ,PAN_PRI_PRD               ,1,GUADALUPE DEL JESUS MARTINEZ DOMINGUEZ,2,https://www.ieec.org.mx/Documentacion/elecciones/2021/CONSTANCIAS/ConstMR_JunHOOL.pdf,PRI
,4,CAMPECHE,,,4,CHAMPOTON,11,SIHOCHAC,PRES_MUN  ,MORENA                    ,1,SANDRA GEANINE AGUILAR MEX,2,https://www.ieec.org.mx/Documentacion/elecciones/2021/CONSTANCIAS/ConstMR_JunSIHOCHAC.pdf,MORENA
,4,CAMPECHE,,,4,CHAMPOTON,11,SIHOCHAC,REG       ,MORENA                    ,1,MANUEL ALBERTO ZAPATA OLIVARES,1,https://www.ieec.org.mx/Documentacion/elecciones/2021/CONSTANCIAS/ConstMR_JunSIHOCHAC.pdf,MORENA
,4,CAMPECHE,,,4,CHAMPOTON,11,SIHOCHAC,REG       ,MORENA                    ,2,ROSAURA SOSA FUENTES,2,https://www.ieec.org.mx/Documentacion/elecciones/2021/CONSTANCIAS/ConstMR_JunSIHOCHAC.pdf,MORENA
,4,CAMPECHE,,,4,CHAMPOTON,11,SIHOCHAC,REG       ,MORENA                    ,3,ABDIAS MEDINA RODRIGUES,1,https://www.ieec.org.mx/Documentacion/elecciones/2021/CONSTANCIAS/ConstMR_JunSIHOCHAC.pdf,MORENA
,4,CAMPECHE,,,4,CHAMPOTON,11,SIHOCHAC,SIND      ,MORENA                    ,1,MARIBEL DIAZ ALVAREZ,2,https://www.ieec.org.mx/Documentacion/elecciones/2021/CONSTANCIAS/ConstMR_JunSIHOCHAC.pdf,MORENA
,4,CAMPECHE,,,4,CHAMPOTON,12,CARRILLO PUERTO,PRES_MUN  ,PAN_PRI_PRD               ,1,GRICELDA MARGARITA PUC VALVERDE,2,https://www.ieec.org.mx/Documentacion/elecciones/2021/CONSTANCIAS/ConstMR_JunCARRILLO.pdf,PRI
,4,CAMPECHE,,,4,CHAMPOTON,12,CARRILLO PUERTO,REG       ,PAN_PRI_PRD               ,1,PEDRO ALBERTO CHE PUC,1,https://www.ieec.org.mx/Documentacion/elecciones/2021/CONSTANCIAS/ConstMR_JunCARRILLO.pdf,PRI
,4,CAMPECHE,,,4,CHAMPOTON,12,CARRILLO PUERTO,REG       ,PAN_PRI_PRD               ,2,FLORENTINA DEL CARMEN HUCHIN COHUO,2,https://www.ieec.org.mx/Documentacion/elecciones/2021/CONSTANCIAS/ConstMR_JunCARRILLO.pdf,PAN
,4,CAMPECHE,,,4,CHAMPOTON,12,CARRILLO PUERTO,REG       ,PAN_PRI_PRD               ,3,PABLO DAVID MARTINEZ CASTILLO,1,https://www.ieec.org.mx/Documentacion/elecciones/2021/CONSTANCIAS/ConstMR_JunCARRILLO.pdf,PAN
,4,CAMPECHE,,,4,CHAMPOTON,12,CARRILLO PUERTO,SIND      ,PAN_PRI_PRD               ,1,ALMA ROSA TAMAYO VALENCIA,2,https://www.ieec.org.mx/Documentacion/elecciones/2021/CONSTANCIAS/ConstMR_JunCARRILLO.pdf,PRI
,4,CAMPECHE,,,5,HECELCHAKAN,13,POMUCH,PRES_MUN  ,MC                        ,1,NARDY UITZ PECH,2,https://www.ieec.org.mx/Documentacion/elecciones/2021/CONSTANCIAS/ConstMR_JunPOMUCH.pdf,MC
,4,CAMPECHE,,,5,HECELCHAKAN,13,POMUCH,REG       ,MC                        ,1,JORGE FELIPE ESCOBAR CAUICH,1,https://www.ieec.org.mx/Documentacion/elecciones/2021/CONSTANCIAS/ConstMR_JunPOMUCH.pdf,MC
,4,CAMPECHE,,,5,HECELCHAKAN,13,POMUCH,REG       ,MC                        ,2,DEYSI MARIA BALAM HAAS,2,https://www.ieec.org.mx/Documentacion/elecciones/2021/CONSTANCIAS/ConstMR_JunPOMUCH.pdf,MC
,4,CAMPECHE,,,5,HECELCHAKAN,13,POMUCH,REG       ,MC                        ,3,SIMON PEDRO FUENTES RAMIREZ,1,https://www.ieec.org.mx/Documentacion/elecciones/2021/CONSTANCIAS/ConstMR_JunPOMUCH.pdf,MC
,4,CAMPECHE,,,5,HECELCHAKAN,13,POMUCH,SIND      ,MC                        ,1,RUBI REBECA CHE ABAN,2,https://www.ieec.org.mx/Documentacion/elecciones/2021/CONSTANCIAS/ConstMR_JunPOMUCH.pdf,MC
,4,CAMPECHE,,,6,HOPELCHEN,14,BOLONCHEN DE REJON,PRES_MUN  ,MC                        ,1,SERGIO JESUS SALAZAR SOLIS,1,https://www.ieec.org.mx/Documentacion/elecciones/2021/CONSTANCIAS/ConstMR_JunBOLONCHEN.pdf,MC
,4,CAMPECHE,,,6,HOPELCHEN,14,BOLONCHEN DE REJON,REG       ,MC                        ,1,LISETH YURIDIA POOT TEC,2,https://www.ieec.org.mx/Documentacion/elecciones/2021/CONSTANCIAS/ConstMR_JunBOLONCHEN.pdf,MC
,4,CAMPECHE,,,6,HOPELCHEN,14,BOLONCHEN DE REJON,REG       ,MC                        ,2,RAYMUNDO CRISTINO CHAN CAUICH,1,https://www.ieec.org.mx/Documentacion/elecciones/2021/CONSTANCIAS/ConstMR_JunBOLONCHEN.pdf,MC
,4,CAMPECHE,,,6,HOPELCHEN,14,BOLONCHEN DE REJON,REG       ,MC                        ,3,MARIA FLORICELY CANCHE TREJO,2,https://www.ieec.org.mx/Documentacion/elecciones/2021/CONSTANCIAS/ConstMR_JunBOLONCHEN.pdf,MC
,4,CAMPECHE,,,6,HOPELCHEN,14,BOLONCHEN DE REJON,SIND      ,MC                        ,1,MANUEL BALTAZAR PUCH RAMIREZ,1,https://www.ieec.org.mx/Documentacion/elecciones/2021/CONSTANCIAS/ConstMR_JunBOLONCHEN.pdf,MC
,4,CAMPECHE,,,6,HOPELCHEN,15,DZIBALCHEN,PRES_MUN  ,PAN_PRI_PRD               ,1,DIEGO ARMANDO YERVES GONZALEZ,1,https://www.ieec.org.mx/Documentacion/elecciones/2021/CONSTANCIAS/ConstMR_JunDZIBALCHEN.pdf,PRI
,4,CAMPECHE,,,6,HOPELCHEN,15,DZIBALCHEN,REG       ,PAN_PRI_PRD               ,1,YESSENIA MATOS PECH,2,https://www.ieec.org.mx/Documentacion/elecciones/2021/CONSTANCIAS/ConstMR_JunDZIBALCHEN.pdf,PRI
,4,CAMPECHE,,,6,HOPELCHEN,15,DZIBALCHEN,REG       ,PAN_PRI_PRD               ,2,JUAN GABRIEL CACH CANCHE,1,https://www.ieec.org.mx/Documentacion/elecciones/2021/CONSTANCIAS/ConstMR_JunDZIBALCHEN.pdf,PAN
,4,CAMPECHE,,,6,HOPELCHEN,15,DZIBALCHEN,REG       ,PAN_PRI_PRD               ,3,LISBET ANTONIA CHABLE POOT,2,https://www.ieec.org.mx/Documentacion/elecciones/2021/CONSTANCIAS/ConstMR_JunDZIBALCHEN.pdf,PAN
,4,CAMPECHE,,,6,HOPELCHEN,15,DZIBALCHEN,SIND      ,PAN_PRI_PRD               ,1,ERIC JASIER UC MOO,1,https://www.ieec.org.mx/Documentacion/elecciones/2021/CONSTANCIAS/ConstMR_JunDZIBALCHEN.pdf,PRI
,4,CAMPECHE,,,6,HOPELCHEN,16,UKUM,PRES_MUN  ,PAN_PRI_PRD               ,1,LETICIA MAY MAY,2,https://www.ieec.org.mx/Documentacion/elecciones/2021/CONSTANCIAS/ConstMR_JunUKUM.pdf,PAN
,4,CAMPECHE,,,6,HOPELCHEN,16,UKUM,REG       ,PAN_PRI_PRD               ,1,LAMBERTO HUH HUH,1,https://www.ieec.org.mx/Documentacion/elecciones/2021/CONSTANCIAS/ConstMR_JunUKUM.pdf,PAN
,4,CAMPECHE,,,6,HOPELCHEN,16,UKUM,REG       ,PAN_PRI_PRD               ,2,NUVIA BEATRIZ FLORES COH,2,https://www.ieec.org.mx/Documentacion/elecciones/2021/CONSTANCIAS/ConstMR_JunUKUM.pdf,PRI
,4,CAMPECHE,,,6,HOPELCHEN,16,UKUM,REG       ,PAN_PRI_PRD               ,3,EFREN JOSE MAY CHABLE,1,https://www.ieec.org.mx/Documentacion/elecciones/2021/CONSTANCIAS/ConstMR_JunUKUM.pdf,PRI
,4,CAMPECHE,,,6,HOPELCHEN,16,UKUM,SIND      ,PAN_PRI_PRD               ,1,GLORIA GUADALUPE COBA CANUL,2,https://www.ieec.org.mx/Documentacion/elecciones/2021/CONSTANCIAS/ConstMR_JunUKUM.pdf,PAN
,4,CAMPECHE,,,8,TENABO,17,TINUN,PRES_MUN  ,PAN_PRI_PRD               ,1,IMELDA CONCEPCION VAZQUEZ CEN,2,https://www.ieec.org.mx/Documentacion/elecciones/2021/CONSTANCIAS/ConstMR_JunTINUN.pdf,PRI
,4,CAMPECHE,,,8,TENABO,17,TINUN,REG       ,PAN_PRI_PRD               ,1,ALEJANDRO DZIB CHAN,1,https://www.ieec.org.mx/Documentacion/elecciones/2021/CONSTANCIAS/ConstMR_JunTINUN.pdf,PRI
,4,CAMPECHE,,,8,TENABO,17,TINUN,REG       ,PAN_PRI_PRD               ,2,CONCEPCION CHI GARRIDO,2,https://www.ieec.org.mx/Documentacion/elecciones/2021/CONSTANCIAS/ConstMR_JunTINUN.pdf,PAN
,4,CAMPECHE,,,8,TENABO,17,TINUN,REG       ,PAN_PRI_PRD               ,3,PEDRO ANTONIO PEREZ SOSA,1,https://www.ieec.org.mx/Documentacion/elecciones/2021/CONSTANCIAS/ConstMR_JunTINUN.pdf,PRD
,4,CAMPECHE,,,8,TENABO,17,TINUN,SIND      ,PAN_PRI_PRD               ,1,ANGELA GUADALUPE PECH UC,2,https://www.ieec.org.mx/Documentacion/elecciones/2021/CONSTANCIAS/ConstMR_JunTINUN.pdf,PRI
,4,CAMPECHE,,,9,ESCARCEGA,18,CENTENARIO,PRES_MUN  ,MORENA                    ,1,ALBERTO MARTINEZ GOMEZ,1,https://www.ieec.org.mx/Documentacion/elecciones/2021/CONSTANCIAS/ConstMR_JunCENTENARIO.pdf,MORENA
,4,CAMPECHE,,,9,ESCARCEGA,18,CENTENARIO,REG       ,MORENA                    ,1,VIRIDIANA DEL CARMEN NAH REYES,2,https://www.ieec.org.mx/Documentacion/elecciones/2021/CONSTANCIAS/ConstMR_JunCENTENARIO.pdf,MORENA
,4,CAMPECHE,,,9,ESCARCEGA,18,CENTENARIO,REG       ,MORENA                    ,2,ECXAR PANTOJA RODRIGUEZ,1,https://www.ieec.org.mx/Documentacion/elecciones/2021/CONSTANCIAS/ConstMR_JunCENTENARIO.pdf,MORENA
,4,CAMPECHE,,,9,ESCARCEGA,18,CENTENARIO,REG       ,MORENA                    ,3,SANDRA BALCAZAR ECHAVARRIA,2,https://www.ieec.org.mx/Documentacion/elecciones/2021/CONSTANCIAS/ConstMR_JunCENTENARIO.pdf,MORENA
,4,CAMPECHE,,,9,ESCARCEGA,18,CENTENARIO,SIND      ,MORENA                    ,1,JUAN LEYVA GARCIA,1,https://www.ieec.org.mx/Documentacion/elecciones/2021/CONSTANCIAS/ConstMR_JunCENTENARIO.pdf,MORENA
,4,CAMPECHE,,,9,ESCARCEGA,19,DIVISION DEL NORTE,PRES_MUN  ,PAN_PRI_PRD               ,1,GUADALUPE GUZMAN HERNANDEZ,1,https://www.ieec.org.mx/Documentacion/elecciones/2021/CONSTANCIAS/ConstMR_JunDIVISION.pdf,PAN
,4,CAMPECHE,,,9,ESCARCEGA,19,DIVISION DEL NORTE,REG       ,PAN_PRI_PRD               ,1,MAGDALENA PACHECO ISIDRO,2,https://www.ieec.org.mx/Documentacion/elecciones/2021/CONSTANCIAS/ConstMR_JunDIVISION.pdf,PAN
,4,CAMPECHE,,,9,ESCARCEGA,19,DIVISION DEL NORTE,REG       ,PAN_PRI_PRD               ,2,MARCOS FROYLAN GONZALEZ BACALLAO,1,https://www.ieec.org.mx/Documentacion/elecciones/2021/CONSTANCIAS/ConstMR_JunDIVISION.pdf,PRI
,4,CAMPECHE,,,9,ESCARCEGA,19,DIVISION DEL NORTE,REG       ,PAN_PRI_PRD               ,3,IMELDA REFUGIO HERNANDEZ,2,https://www.ieec.org.mx/Documentacion/elecciones/2021/CONSTANCIAS/ConstMR_JunDIVISION.pdf,PRD
,4,CAMPECHE,,,9,ESCARCEGA,19,DIVISION DEL NORTE,SIND      ,PAN_PRI_PRD               ,1,PEDRO SANTOS ORTEGA,1,https://www.ieec.org.mx/Documentacion/elecciones/2021/CONSTANCIAS/ConstMR_JunDIVISION.pdf,PAN
,4,CAMPECHE,,,10,CANDELARIA,20,MIGUEL HIDALGO Y COSTILLA,PRES_MUN  ,MORENA                    ,1,VIRGINIA GOMEZ DE LA CRUZ,2,https://www.ieec.org.mx/Documentacion/elecciones/2021/CONSTANCIAS/ConstMR_JunMIGUEL.pdf,MORENA
,4,CAMPECHE,,,10,CANDELARIA,20,MIGUEL HIDALGO Y COSTILLA,REG       ,MORENA                    ,1,HECTOR MISAEL DZUL CHI,1,https://www.ieec.org.mx/Documentacion/elecciones/2021/CONSTANCIAS/ConstMR_JunMIGUEL.pdf,MORENA
,4,CAMPECHE,,,10,CANDELARIA,20,MIGUEL HIDALGO Y COSTILLA,REG       ,MORENA                    ,2,GLADIS LOPEZ JIMENEZ,2,https://www.ieec.org.mx/Documentacion/elecciones/2021/CONSTANCIAS/ConstMR_JunMIGUEL.pdf,MORENA
,4,CAMPECHE,,,10,CANDELARIA,20,MIGUEL HIDALGO Y COSTILLA,REG       ,MORENA                    ,3,MIGUEL YSQUIERDO MARTINEZ,1,https://www.ieec.org.mx/Documentacion/elecciones/2021/CONSTANCIAS/ConstMR_JunMIGUEL.pdf,MORENA
,4,CAMPECHE,,,10,CANDELARIA,20,MIGUEL HIDALGO Y COSTILLA,SIND      ,MORENA                    ,1,SOLEDAD GOMEZ ZACARIAS,2,https://www.ieec.org.mx/Documentacion/elecciones/2021/CONSTANCIAS/ConstMR_JunMIGUEL.pdf,MORENA
,4,CAMPECHE,,,10,CANDELARIA,21,MONCLOVA,PRES_MUN  ,PAN_PRI_PRD               ,1,ANAYELI SOSA ZURITA,2,https://www.ieec.org.mx/Documentacion/elecciones/2021/CONSTANCIAS/ConstMR_JunMONCLOVA.pdf,PAN
,4,CAMPECHE,,,10,CANDELARIA,21,MONCLOVA,REG       ,PAN_PRI_PRD               ,1,JULIO CESAR PEREZ PEREZ,1,https://www.ieec.org.mx/Documentacion/elecciones/2021/CONSTANCIAS/ConstMR_JunMONCLOVA.pdf,PAN
,4,CAMPECHE,,,10,CANDELARIA,21,MONCLOVA,REG       ,PAN_PRI_PRD               ,2,IRENE AGUILAR AGUILAR,2,https://www.ieec.org.mx/Documentacion/elecciones/2021/CONSTANCIAS/ConstMR_JunMONCLOVA.pdf,PRI
,4,CAMPECHE,,,10,CANDELARIA,21,MONCLOVA,REG       ,PAN_PRI_PRD               ,3,ERVIN OSWAN CASILLAS PALMER,1,https://www.ieec.org.mx/Documentacion/elecciones/2021/CONSTANCIAS/ConstMR_JunMONCLOVA.pdf,PRI
,4,CAMPECHE,,,10,CANDELARIA,21,MONCLOVA,SIND      ,PAN_PRI_PRD               ,1,MARTHA OFELIA AC KANTUN,2,https://www.ieec.org.mx/Documentacion/elecciones/2021/CONSTANCIAS/ConstMR_JunMONCLOVA.pdf,PAN
,4,CAMPECHE,,,11,CALAKMUL,22,CONSTITUCION,PRES_MUN  ,MORENA                    ,1,MIGUEL ANGEL ARCOS ARCOS,1,https://www.ieec.org.mx/Documentacion/elecciones/2021/CONSTANCIAS/ConstMR_JunCONSTITUCION.pdf,MORENA
,4,CAMPECHE,,,11,CALAKMUL,22,CONSTITUCION,REG       ,MORENA                    ,1,ANGELICA DEL SOCORRO COBA RAYGOZA,2,https://www.ieec.org.mx/Documentacion/elecciones/2021/CONSTANCIAS/ConstMR_JunCONSTITUCION.pdf,MORENA
,4,CAMPECHE,,,11,CALAKMUL,22,CONSTITUCION,REG       ,MORENA                    ,2,RAUL MONTEJO VASQUEZ,1,https://www.ieec.org.mx/Documentacion/elecciones/2021/CONSTANCIAS/ConstMR_JunCONSTITUCION.pdf,MORENA
,4,CAMPECHE,,,11,CALAKMUL,22,CONSTITUCION,REG       ,MORENA                    ,3,ADELA HERNANDEZ HERNANDEZ,2,https://www.ieec.org.mx/Documentacion/elecciones/2021/CONSTANCIAS/ConstMR_JunCONSTITUCION.pdf,MORENA
,4,CAMPECHE,,,11,CALAKMUL,22,CONSTITUCION,SIND      ,MORENA                    ,1,VICTOR MANUEL MENDOZA COLLI,1,https://www.ieec.org.mx/Documentacion/elecciones/2021/CONSTANCIAS/ConstMR_JunCONSTITUCION.pdf,MORENA
,4,CAMPECHE,,,1,CAMPECHE,,,REG_RP    ,PRI                       ,1,IGNACIO JOSE MUÑOZ HERNANDEZ,1,https://www.ieec.org.mx/Documentacion/elecciones/2021/CONSTANCIAS/ConstRP_AyuCAMPECHE.pdf,PRI
,4,CAMPECHE,,,1,CAMPECHE,,,REG_RP    ,MORENA                    ,2,ANTONIO OLAN QUE,1,https://www.ieec.org.mx/Documentacion/elecciones/2021/CONSTANCIAS/ConstRP_AyuCAMPECHE.pdf,MORENA
,4,CAMPECHE,,,1,CAMPECHE,,,REG_RP    ,MORENA                    ,3,PATRICIA DEL SOCORRO RODRIGUEZ REYES,2,https://www.ieec.org.mx/Documentacion/elecciones/2021/CONSTANCIAS/ConstRP_AyuCAMPECHE.pdf,MORENA
,4,CAMPECHE,,,1,CAMPECHE,,,REG_RP    ,PRI                       ,4,ROSALINA BEATRIZ MARTIN CASTILLO,2,https://www.ieec.org.mx/Documentacion/elecciones/2021/CONSTANCIAS/ConstRP_AyuCAMPECHE.pdf,PRI
,4,CAMPECHE,,,1,CAMPECHE,,,SIND_RP   ,MORENA                    ,1,HUGO ENRIQUE ESTRELLA RODRIGUEZ,1,https://www.ieec.org.mx/Documentacion/elecciones/2021/CONSTANCIAS/ConstRP_AyuCAMPECHE.pdf,MORENA
,4,CAMPECHE,,,2,CALKINI,,,REG_RP    ,MC                        ,1,MILTON ULISES MILLAN ATOCHE,1,https://www.ieec.org.mx/Documentacion/elecciones/2021/CONSTANCIAS/ConstRP_AyuCALKINI.pdf,MC
,4,CAMPECHE,,,2,CALKINI,,,REG_RP    ,MC                        ,2,LUCERO DEL ALBA HAAS CAMAS,2,https://www.ieec.org.mx/Documentacion/elecciones/2021/CONSTANCIAS/ConstRP_AyuCALKINI.pdf,MC
,4,CAMPECHE,,,2,CALKINI,,,REG_RP    ,MORENA                    ,3,MAYDA ARACELY MAS TUN,2,https://www.ieec.org.mx/Documentacion/elecciones/2021/CONSTANCIAS/ConstRP_AyuCALKINI.pdf,MORENA
,4,CAMPECHE,,,2,CALKINI,,,SIND_RP   ,MORENA                    ,1,CANDELARIA HUCHIN XOOL,2,https://www.ieec.org.mx/Documentacion/elecciones/2021/CONSTANCIAS/ConstRP_AyuCALKINI.pdf,MORENA
,4,CAMPECHE,,,3,CARMEN,,,REG_RP    ,PRI                       ,1,SILVIA CAMARA LEON,2,https://www.ieec.org.mx/Documentacion/elecciones/2021/CONSTANCIAS/ConstRP_AyuCARMEN.pdf,PRI
,4,CAMPECHE,,,3,CARMEN,,,REG_RP    ,PRI                       ,2,EDUARDO JONATHAN VELA MAGAÑA,1,https://www.ieec.org.mx/Documentacion/elecciones/2021/CONSTANCIAS/ConstRP_AyuCARMEN.pdf,PRI
,4,CAMPECHE,,,3,CARMEN,,,REG_RP    ,PRI                       ,3,MARIA JESUS MONTEJO ALVAREZ,2,https://www.ieec.org.mx/Documentacion/elecciones/2021/CONSTANCIAS/ConstRP_AyuCARMEN.pdf,PRI
,4,CAMPECHE,,,3,CARMEN,,,REG_RP    ,MC                        ,4,CARMEN CRUZ HERNANDEZ MATEO,1,https://www.ieec.org.mx/Documentacion/elecciones/2021/CONSTANCIAS/ConstRP_AyuCARMEN.pdf,MC
,4,CAMPECHE,,,3,CARMEN,,,SIND_RP   ,PRI                       ,1,LEOPOLDO ANDRES HERNANDEZ LEZAMA,1,https://www.ieec.org.mx/Documentacion/elecciones/2021/CONSTANCIAS/ConstRP_AyuCARMEN.pdf,PRI
,4,CAMPECHE,,,4,CHAMPOTON,,,REG_RP    ,PRI                       ,1,ERIKA CONCEPCION MONTALVO ORTEGON,2,https://www.ieec.org.mx/Documentacion/elecciones/2021/CONSTANCIAS/ConstRP_AyuCHAMPOTON.pdf,PRI
,4,CAMPECHE,,,4,CHAMPOTON,,,REG_RP    ,PRI                       ,2,ABRAHAM AGUILAR LEON,1,https://www.ieec.org.mx/Documentacion/elecciones/2021/CONSTANCIAS/ConstRP_AyuCHAMPOTON.pdf,PRI
,4,CAMPECHE,,,4,CHAMPOTON,,,REG_RP    ,MC                        ,3,ARALYA YULISSA BARAHONA MORENO,2,https://www.ieec.org.mx/Documentacion/elecciones/2021/CONSTANCIAS/ConstRP_AyuCHAMPOTON.pdf,MC
,4,CAMPECHE,,,4,CHAMPOTON,,,SIND_RP   ,MC                        ,1,FRANCISCO JAVIER ARJONA MONTEJO,1,https://www.ieec.org.mx/Documentacion/elecciones/2021/CONSTANCIAS/ConstRP_AyuCHAMPOTON.pdf,MC
,4,CAMPECHE,,,5,HECELCHAKAN,,,REG_RP    ,PT                        ,1,GRICELDA CAHUICH PECH,2,https://www.ieec.org.mx/Documentacion/elecciones/2021/CONSTANCIAS/ConstRP_AyuHECELCHAKAN.pdf,PT
,4,CAMPECHE,,,5,HECELCHAKAN,,,REG_RP    ,MC                        ,2,MARTHA PETRONA YAM POOT,2,https://www.ieec.org.mx/Documentacion/elecciones/2021/CONSTANCIAS/ConstRP_AyuHECELCHAKAN.pdf,MC
,4,CAMPECHE,,,5,HECELCHAKAN,,,REG_RP    ,MC                        ,3,MICHEL GILBERTO COOX MAAS,1,https://www.ieec.org.mx/Documentacion/elecciones/2021/CONSTANCIAS/ConstRP_AyuHECELCHAKAN.pdf,MC
,4,CAMPECHE,,,5,HECELCHAKAN,,,SIND_RP   ,MORENA                    ,1,ANA MARIA BAAZ CEH,2,https://www.ieec.org.mx/Documentacion/elecciones/2021/CONSTANCIAS/ConstRP_AyuHECELCHAKAN.pdf,MORENA
,4,CAMPECHE,,,6,HOPELCHEN,,,REG_RP    ,MC                        ,1,ELVIRA BIRRUETA OCHOA,2,https://www.ieec.org.mx/Documentacion/elecciones/2021/CONSTANCIAS/ConstRP_AyuHOPELCHEN.pdf,MC
,4,CAMPECHE,,,6,HOPELCHEN,,,REG_RP    ,MORENA                    ,2,RENEE KU CEH,1,https://www.ieec.org.mx/Documentacion/elecciones/2021/CONSTANCIAS/ConstRP_AyuHOPELCHEN.pdf,MORENA
,4,CAMPECHE,,,6,HOPELCHEN,,,REG_RP    ,MORENA                    ,3,MILDRED DEL SOCORRO ALPUCHE SANSORES,2,https://www.ieec.org.mx/Documentacion/elecciones/2021/CONSTANCIAS/ConstRP_AyuHOPELCHEN.pdf,MORENA
,4,CAMPECHE,,,6,HOPELCHEN,,,SIND_RP   ,MC                        ,1,JOSUE JAVIER CAAMAL NOH,1,https://www.ieec.org.mx/Documentacion/elecciones/2021/CONSTANCIAS/ConstRP_AyuHOPELCHEN.pdf,MC
,4,CAMPECHE,,,7,PALIZADA,,,REG_RP    ,PT                        ,1,LUIS AYALA MENENDEZ,1,https://www.ieec.org.mx/Documentacion/elecciones/2021/CONSTANCIAS/ConstRP_AyuPALIZADA.pdf,PT
,4,CAMPECHE,,,7,PALIZADA,,,REG_RP    ,MORENA                    ,2,KARINA AURORA DEL JESUS DIAZ HERNANDEZ,2,https://www.ieec.org.mx/Documentacion/elecciones/2021/CONSTANCIAS/ConstRP_AyuPALIZADA.pdf,MORENA
,4,CAMPECHE,,,7,PALIZADA,,,REG_RP    ,MORENA                    ,3,CLEMENTE ANTONIO NUÑEZ DIAZ,1,https://www.ieec.org.mx/Documentacion/elecciones/2021/CONSTANCIAS/ConstRP_AyuPALIZADA.pdf,MORENA
,4,CAMPECHE,,,7,PALIZADA,,,SIND_RP   ,MC                        ,1,LUCERO DE JESUS MARTINEZ BALAN,2,https://www.ieec.org.mx/Documentacion/elecciones/2021/CONSTANCIAS/ConstRP_AyuPALIZADA.pdf,MC
,4,CAMPECHE,,,8,TENABO,,,REG_RP    ,MORENA                    ,1,JUAN CARLOS UC KANTUN,1,https://www.ieec.org.mx/Documentacion/elecciones/2021/CONSTANCIAS/ConstRP_AyuTENABO.pdf,MORENA
,4,CAMPECHE,,,8,TENABO,,,REG_RP    ,MORENA                    ,2,ADA INES MAGAÑA GERONIMO,2,https://www.ieec.org.mx/Documentacion/elecciones/2021/CONSTANCIAS/ConstRP_AyuTENABO.pdf,MORENA
,4,CAMPECHE,,,8,TENABO,,,REG_RP    ,RSP                       ,3,CARLOS ALFREDO CIME CAN,1,https://www.ieec.org.mx/Documentacion/elecciones/2021/CONSTANCIAS/ConstRP_AyuTENABO.pdf,RSP
,4,CAMPECHE,,,8,TENABO,,,SIND_RP   ,MORENA                    ,1,PEDRO MANUEL UC CANUL,1,https://www.ieec.org.mx/Documentacion/elecciones/2021/CONSTANCIAS/ConstRP_AyuTENABO.pdf,MORENA
,4,CAMPECHE,,,9,ESCARCEGA,,,REG_RP    ,PRI                       ,1,SUSANA ARCIGA SUAREZ,2,https://www.ieec.org.mx/Documentacion/elecciones/2021/CONSTANCIAS/ConstRP_AyuESCARCEGA.pdf,PRI
,4,CAMPECHE,,,9,ESCARCEGA,,,REG_RP    ,MORENA                    ,2,ENA YADIRA RAMOS JIMENEZ,2,https://www.ieec.org.mx/Documentacion/elecciones/2021/CONSTANCIAS/ConstRP_AyuESCARCEGA.pdf,MORENA
,4,CAMPECHE,,,9,ESCARCEGA,,,REG_RP    ,MORENA                    ,3,EDGAR JULIAN TORRES CUEVAS,1,https://www.ieec.org.mx/Documentacion/elecciones/2021/CONSTANCIAS/ConstRP_AyuESCARCEGA.pdf,MORENA
,4,CAMPECHE,,,9,ESCARCEGA,,,SIND_RP   ,PAN                       ,1,AGUEDA DEL CARMEN DOMINGUEZ GARCIA,2,https://www.ieec.org.mx/Documentacion/elecciones/2021/CONSTANCIAS/ConstRP_AyuESCARCEGA.pdf,PAN
,4,CAMPECHE,,,10,CANDELARIA,,,REG_RP    ,MORENA                    ,1,ARQUIMEDES GARCIA SANCHEZ,1,https://www.ieec.org.mx/Documentacion/elecciones/2021/CONSTANCIAS/ConstRP_AyuCANDELARIA.pdf,MORENA
,4,CAMPECHE,,,10,CANDELARIA,,,REG_RP    ,MORENA                    ,2,SELENE PATRICIA CRUZ COLLI,2,https://www.ieec.org.mx/Documentacion/elecciones/2021/CONSTANCIAS/ConstRP_AyuCANDELARIA.pdf,MORENA
,4,CAMPECHE,,,10,CANDELARIA,,,REG_RP    ,MORENA                    ,3,ABIMAEL HERNANDEZ GARCIA,1,https://www.ieec.org.mx/Documentacion/elecciones/2021/CONSTANCIAS/ConstRP_AyuCANDELARIA.pdf,MORENA
,4,CAMPECHE,,,10,CANDELARIA,,,SIND_RP   ,MC                        ,1,MARY CRUZ ROMERO COLIN,2,https://www.ieec.org.mx/Documentacion/elecciones/2021/CONSTANCIAS/ConstRP_AyuCANDELARIA.pdf,MC
,4,CAMPECHE,,,11,CALAKMUL,,,REG_RP    ,PRI                       ,1,GILBERTO LOPEZ JIMENEZ,1,https://www.ieec.org.mx/Documentacion/elecciones/2021/CONSTANCIAS/ConstRP_AyuCALAKMUL.pdf,PRI
,4,CAMPECHE,,,11,CALAKMUL,,,REG_RP    ,PRI                       ,2,ANSELMA HERNANDEZ SAN AGUSTIN,2,https://www.ieec.org.mx/Documentacion/elecciones/2021/CONSTANCIAS/ConstRP_AyuCALAKMUL.pdf,PRI
,4,CAMPECHE,,,11,CALAKMUL,,,REG_RP    ,MC                        ,3,YULY MANDUJANO BARABATA,2,https://www.ieec.org.mx/Documentacion/elecciones/2021/CONSTANCIAS/ConstRP_AyuCALAKMUL.pdf,MC
,4,CAMPECHE,,,11,CALAKMUL,,,SIND_RP   ,PRI                       ,1,NATALIA HERNANDEZ TORRES,2,https://www.ieec.org.mx/Documentacion/elecciones/2021/CONSTANCIAS/ConstRP_AyuCALAKMUL.pdf,PRI
,4,CAMPECHE,,,13,SEYBAPLAYA,,,REG_RP    ,MC                        ,1,KARINA ISABEL PINZON VALENCIA,2,https://www.ieec.org.mx/Documentacion/elecciones/2021/CONSTANCIAS/ConstRP_AyuSEYBAPLAYA.pdf,MC
,4,CAMPECHE,,,13,SEYBAPLAYA,,,REG_RP    ,MORENA                    ,2,MAGDALENA DEL SOCORRO JIMENEZ PACHECO,2,https://www.ieec.org.mx/Documentacion/elecciones/2021/CONSTANCIAS/ConstRP_AyuSEYBAPLAYA.pdf,MORENA
,4,CAMPECHE,,,13,SEYBAPLAYA,,,REG_RP    ,MORENA                    ,3,ELBERTH GUSTAVO CHIM PACHECO,1,https://www.ieec.org.mx/Documentacion/elecciones/2021/CONSTANCIAS/ConstRP_AyuSEYBAPLAYA.pdf,MORENA
,4,CAMPECHE,,,13,SEYBAPLAYA,,,SIND_RP   ,PVEM                      ,1,EDUARDO MANUEL PERERA PEREZ,1,https://www.ieec.org.mx/Documentacion/elecciones/2021/CONSTANCIAS/ConstRP_AyuSEYBAPLAYA.pdf,PVEM
,4,CAMPECHE,,,12,DZITBALCHE,,,REG_RP    ,PRI                       ,1,JORGE LUIS POOT PECH,1,https://www.ieec.org.mx/Documentacion/elecciones/2021/CONSTANCIAS/ConstRP_AyuDZITBALCHE.pdf,PRI
,4,CAMPECHE,,,12,DZITBALCHE,,,REG_RP    ,PRI                       ,2,MARIA ADELINA CHAN TUN,2,https://www.ieec.org.mx/Documentacion/elecciones/2021/CONSTANCIAS/ConstRP_AyuDZITBALCHE.pdf,PRI
,4,CAMPECHE,,,12,DZITBALCHE,,,REG_RP    ,MC                        ,3,LUIS ANTONIO CHAN PUC,1,https://www.ieec.org.mx/Documentacion/elecciones/2021/CONSTANCIAS/ConstRP_AyuDZITBALCHE.pdf,MC
,4,CAMPECHE,,,12,DZITBALCHE,,,SIND_RP   ,PT                        ,1,MARTHA ELENA COOL MARIN,2,https://www.ieec.org.mx/Documentacion/elecciones/2021/CONSTANCIAS/ConstRP_AyuDZITBALCHE.pdf,PT
1,4,CAMPECHE,0,,,,,,DIP_LOC_RP,PAN                       ,1,PEDRO CAMARA CASTILLO,1,,PAN
1,4,CAMPECHE,0,,,,,,DIP_LOC_RP,PRI                       ,2,ADRIANA DEL PILAR ORTIZ LANZ,2,,PRI
1,4,CAMPECHE,0,,,,,,DIP_LOC_RP,PRI                       ,3,RICARDO MIGUEL MEDINA FARFAN,1,,PRI
1,4,CAMPECHE,0,,,,,,DIP_LOC_RP,PRI                       ,4,LAURA OLIMPIA ERMILA BAQUEIRO RAMOS,2,,PRI
1,4,CAMPECHE,0,,,,,,DIP_LOC_RP,PRI                       ,5,NOEL JUAREZ CASTELLANOS,1,,PRI
1,4,CAMPECHE,0,,,,,,DIP_LOC_RP,MC                        ,6,PAUL ALFREDO ARCE ONTIVEROS,1,,MC
1,4,CAMPECHE,0,,,,,,DIP_LOC_RP,MC                        ,7,MONICA FERNANDEZ MONTUFAR,2,,MC
1,4,CAMPECHE,0,,,,,,DIP_LOC_RP,MC                        ,8,ELIAS NOE BAEZA AKE,1,,MC
1,4,CAMPECHE,0,,,,,,DIP_LOC_RP,MC                        ,9,TERESA FARIAS GONZALEZ,2,,MC
1,4,CAMPECHE,0,,,,,,DIP_LOC_RP,MORENA                    ,10,ALEJANDRO GOMEZ CAZARIN,1,,MORENA
1,4,CAMPECHE,0,,,,,,DIP_LOC_RP,MORENA                    ,11,ELISA MARIA HERNANDEZ ROMERO,2,,MORENA
1,4,CAMPECHE,0,,,,,,DIP_LOC_RP,MORENA                    ,12,JOSE HECTOR HERNAN MALAVE GAMBOA,1,,MORENA
1,4,CAMPECHE,0,,,,,,DIP_LOC_RP,MORENA                    ,13,GENOVEVA MORALES FUENTES,2,,MORENA
1,4,CAMPECHE,0,,,,,,DIP_LOC_RP,MORENA                    ,14,CESAR ANDRES GONZALEZ DAVID,1,,MORENA
,4,CAMPECHE,,,1,CAMPECHE,1,PICH,REG_RP    ,MC                        ,1,VERONICA JANETH MENDEZ URISAR,2,https://www.ieec.org.mx/Documentacion/elecciones/2021/CONSTANCIAS/ConstRP_JunPICH.pdf,MC
,4,CAMPECHE,,,1,CAMPECHE,2,TIXMUCUY,REG_RP    ,PRI                       ,1,TANIA ANAHY CU MORA,2,https://www.ieec.org.mx/Documentacion/elecciones/2021/CONSTANCIAS/ConstRP_JunTIXMUCUY.pdf,PRI
,4,CAMPECHE,,,1,CAMPECHE,3,ALFREDO V. BONFIL,REG_RP    ,MC                        ,1,AURORA ORTENCIA GARCIA DUARTE,2,https://www.ieec.org.mx/Documentacion/elecciones/2021/CONSTANCIAS/ConstRP_JunALFREDO.pdf,MC
,4,CAMPECHE,,,1,CAMPECHE,4,HAMPOLOL,REG_RP    ,MORENA                    ,1,CARLOS GERMAN CHIN EK,1,https://www.ieec.org.mx/Documentacion/elecciones/2021/CONSTANCIAS/ConstRP_JunHAMPOLOL.pdf,MORENA
,4,CAMPECHE,,,2,CALKINI,5,BECAL,REG_RP    ,MC                        ,1,VANESSA DEL ROSARIO UICAB TUN,2,https://www.ieec.org.mx/Documentacion/elecciones/2021/CONSTANCIAS/ConstRP_JunBECAL.pdf,MC
,4,CAMPECHE,,,2,CALKINI,6,NUNKINI,REG_RP    ,PRI                       ,1,LUIS ANGEL HAAS NAAL,1,https://www.ieec.org.mx/Documentacion/elecciones/2021/CONSTANCIAS/ConstRP_JunNUNKINI.pdf,PRI
,4,CAMPECHE,,,3,CARMEN,7,ATASTA,REG_RP    ,PRI                       ,1,ROSA MARIA HERNANDEZ ACOSTA,2,https://www.ieec.org.mx/Documentacion/elecciones/2021/CONSTANCIAS/ConstRP_JunATASTA.pdf,PRI
,4,CAMPECHE,,,3,CARMEN,8,MAMANTEL,REG_RP    ,MORENA                    ,1,MARIA DEL PILAR RENDON VILLANUEVA,2,https://www.ieec.org.mx/Documentacion/elecciones/2021/CONSTANCIAS/ConstRP_JunMAMANTEL.pdf,MORENA
,4,CAMPECHE,,,3,CARMEN,9,SABANCUY,REG_RP    ,MORENA                    ,1,JOSUE GONZALEZ JIMENEZ,1,https://www.ieec.org.mx/Documentacion/elecciones/2021/CONSTANCIAS/ConstRP_JunSABANCUY.pdf,MORENA
,4,CAMPECHE,,,4,CHAMPOTON,10,HOOL,REG_RP    ,MORENA                    ,1,ESTRELLA DEL ROSARIO VIDAL CRUZ,2,https://www.ieec.org.mx/Documentacion/elecciones/2021/CONSTANCIAS/ConstRP_JunHOOL.pdf,MORENA
,4,CAMPECHE,,,4,CHAMPOTON,11,SIHOCHAC,REG_RP    ,PRI                       ,1,SAMUEL LIZCANO MARTINEZ,1,https://www.ieec.org.mx/Documentacion/elecciones/2021/CONSTANCIAS/ConstRP_JunSIHOCHAC.pdf,PRI
,4,CAMPECHE,,,4,CHAMPOTON,12,CARRILLO PUERTO,REG_RP    ,MORENA                    ,1,ALFREDO REYES RAMIREZ,1,https://www.ieec.org.mx/Documentacion/elecciones/2021/CONSTANCIAS/ConstRP_JunCARRILLO.pdf,MORENA
,4,CAMPECHE,,,5,HECELCHAKAN,13,POMUCH,REG_RP    ,PT                        ,1,ALEIDA GUADALUPE POOT EUAN,2,https://www.ieec.org.mx/Documentacion/elecciones/2021/CONSTANCIAS/ConstRP_JunPOMUCH.pdf,PT
,4,CAMPECHE,,,6,HOPELCHEN,14,BOLONCHEN DE REJON,REG_RP    ,PRI                       ,1,WILMA DEL CARMEN MEDINA PECH,2,https://www.ieec.org.mx/Documentacion/elecciones/2021/CONSTANCIAS/ConstRP_JunBOLONCHEN.pdf,PRI
,4,CAMPECHE,,,6,HOPELCHEN,15,DZIBALCHEN,REG_RP    ,MORENA                    ,1,OCELLI FALCONERI PECH UC,2,https://www.ieec.org.mx/Documentacion/elecciones/2021/CONSTANCIAS/ConstRP_JunDZIBALCHEN.pdf,MORENA
,4,CAMPECHE,,,6,HOPELCHEN,16,UKUM,REG_RP    ,MORENA                    ,1,JOSE DAVID UCAN TUT,1,https://www.ieec.org.mx/Documentacion/elecciones/2021/CONSTANCIAS/ConstRP_JunUKUM.pdf,MORENA
,4,CAMPECHE,,,8,TENABO,17,TINUN,REG_RP    ,MORENA                    ,1,MARIA ELIZABETH PEREZ OSALDE,2,https://www.ieec.org.mx/Documentacion/elecciones/2021/CONSTANCIAS/ConstRP_JunTINUN.pdf,MORENA
,4,CAMPECHE,,,9,ESCARCEGA,18,CENTENARIO,REG_RP    ,PRD                       ,1,JOSEFINA MARTINEZ GOMEZ,2,https://www.ieec.org.mx/Documentacion/elecciones/2021/CONSTANCIAS/ConstRP_JunCENTENARIO.pdf,PRD
,4,CAMPECHE,,,9,ESCARCEGA,19,DIVISION DEL NORTE,REG_RP    ,MC                        ,1,BRENDA HERNANDEZ HERBET,2,https://www.ieec.org.mx/Documentacion/elecciones/2021/CONSTANCIAS/ConstRP_JunDIVISION.pdf,MC
,4,CAMPECHE,,,10,CANDELARIA,20,MIGUEL HIDALGO Y COSTILLA,REG_RP    ,PRI                       ,1,ROCIO MORALES GONZALEZ,2,https://www.ieec.org.mx/Documentacion/elecciones/2021/CONSTANCIAS/ConstRP_JunMIGUEL.pdf,PRI
,4,CAMPECHE,,,10,CANDELARIA,21,MONCLOVA,REG_RP    ,MORENA                    ,1,JUAN ANGEL SOTO VARGAS,1,https://www.ieec.org.mx/Documentacion/elecciones/2021/CONSTANCIAS/ConstRP_JunMONCLOVA.pdf,MORENA
,4,CAMPECHE,,,11,CALAKMUL,22,CONSTITUCIÓN,REG_RP    ,PRI                       ,1,SANDRA ISAURA HERNANDEZ SANTIAGO,2,https://www.ieec.org.mx/Documentacion/elecciones/2021/CONSTANCIAS/ConstRP_JunCONSTITUCION.pdf,PRI
