ID_ESTADO,NOMBRE_ESTADO,ID_MUNICIPIO,MUNICIPIO,SECCIONES,CASILLAS,PAN,PRI,PRD,PT,PVEM,MC,MORENA,PES,RSP,FXM,PBC,PAN_PRI_PRD,PAN_PRI,PAN_PRD,PRI_PRD,PT_PVEM_MORENA,PT_PVEM,PT_MORENA,PVEM_MORENA,CAND_IND1,CAND_IND2,NUM_VOTOS_VALIDOS,NUM_VOTOS_CAN_NREG,NUM_VOTOS_NULOS,TOTAL_VOTOS,LISTA_NOMINAL,RUTA_ACTA
2,BAJA CALIFORNIA,1,ENSENADA,244,705,16079,8919,2391,8302,3477,5245,63640,19608,4436,12862,1896,492,107,78,21,588,149,596,129,3624,2368,155007,145,5685,160837,414808,
2,BAJA CALIFORNIA,2,MEXICALI,580,1408,57944,16024,2610,4040,6105,17673,131287,37392,4714,4966,9416,1160,372,96,18,369,67,294,159,0,0,294706,479,18741,313926,818537,
2,BAJA CALIFORNIA,3,TECATE,46,146,3964,4828,537,579,1468,1909,11246,6372,826,1359,443,188,56,9,10,40,7,53,30,0,0,33924,34,1515,35473,88071,
2,BAJA CALIFORNIA,4,TIJUANA,1116,2585,72483,27216,7876,11133,13742,22342,262931,97981,6568,8046,16637,2255,555,168,72,501,84,392,151,0,0,551133,519,17753,569405,1493699,
2,BAJA CALIFORNIA,5,PLAYAS DE ROSARITO,27,160,3231,1197,576,683,1621,2258,16815,6952,1106,988,548,65,20,3,5,0,0,0,0,0,0,36068,37,1461,37566,104062,
