﻿ID_ESTADO,NOMBRE_ESTADO,ID_DISTRITO_LOCAL,CABECERA_DISTRITAL_LOCAL,SECCIONES,CASILLAS,PAN_PRI_PRD,PT_MORENA,PVEM,MC,PES,RSP,FXM,NUM_VOTOS_VALIDOS,NUM_VOTOS_CAN_NREG,NUM_VOTOS_NULOS,TOTAL_VOTOS,LISTA_NOMINAL,RUTA_ACTA
4,CAMPECHE,1,SAN FRANCISCO DE CAMPECHE,19,51,4721,3968,147,7874,132,48,45,16935,1,323,17259,29940,https://www.ieec.org.mx/Documentacion/elecciones/2021/COMPUTO/SUPJRC001712021_1082833.pdf
4,CAMPECHE,2,SAN FRANCISCO DE CAMPECHE,8,47,5143,4606,138,7734,96,38,29,17784,1,197,17982,31640,https://www.ieec.org.mx/Documentacion/elecciones/2021/COMPUTO/SUPJRC001712021_1082833.pdf
4,CAMPECHE,3,SAN FRANCISCO DE CAMPECHE,16,49,5199,5255,220,6621,108,51,39,17493,3,307,17803,29180,https://www.ieec.org.mx/Documentacion/elecciones/2021/COMPUTO/SUPJRC001712021_1082833.pdf
4,CAMPECHE,4,SAN FRANCISCO DE CAMPECHE,23,56,6555,5998,169,7187,144,49,47,20149,3,322,20474,31587,https://www.ieec.org.mx/Documentacion/elecciones/2021/COMPUTO/SUPJRC001712021_1082833.pdf
4,CAMPECHE,5,SAN FRANCISCO DE CAMPECHE,21,54,6317,5852,161,6813,104,51,65,19363,3,302,19668,31987,https://www.ieec.org.mx/Documentacion/elecciones/2021/COMPUTO/SUPJRC001712021_1082833.pdf
4,CAMPECHE,6,SAN FRANCISCO DE CAMPECHE,32,65,7587,6157,135,8106,197,86,39,22307,3,453,22763,34015,https://www.ieec.org.mx/Documentacion/elecciones/2021/COMPUTO/SUPJRC001712021_1082833.pdf
4,CAMPECHE,7,TENABO,35,68,8495,7389,181,8296,158,236,67,24822,7,384,25213,32489,https://www.ieec.org.mx/Documentacion/elecciones/2021/COMPUTO/SUPJRC001712021_1082833.pdf
4,CAMPECHE,8,CIUDAD DEL CARMEN,17,49,4132,6630,150,3733,108,60,35,14848,6,334,15188,31586,https://www.ieec.org.mx/Documentacion/elecciones/2021/COMPUTO/SUPJRC001712021_1082833.pdf
4,CAMPECHE,9,CIUDAD DEL CARMEN,24,54,4962,7079,297,4591,108,62,52,17151,5,297,17453,31007,https://www.ieec.org.mx/Documentacion/elecciones/2021/COMPUTO/SUPJRC001712021_1082833.pdf
4,CAMPECHE,10,CIUDAD DEL CARMEN,16,47,3879,6112,167,3922,79,45,41,14245,3,229,14477,29927,https://www.ieec.org.mx/Documentacion/elecciones/2021/COMPUTO/SUPJRC001712021_1082833.pdf
4,CAMPECHE,11,CIUDAD DEL CARMEN,30,56,3602,6517,173,4315,76,72,41,14796,4,253,15053,33072,https://www.ieec.org.mx/Documentacion/elecciones/2021/COMPUTO/SUPJRC001712021_1082833.pdf
4,CAMPECHE,12,SABANCUY,29,60,6620,7488,108,5980,190,182,103,20671,1,589,21261,33081,https://www.ieec.org.mx/Documentacion/elecciones/2021/COMPUTO/SUPJRC001712021_1082833.pdf
4,CAMPECHE,13,ESCARCEGA,28,59,5597,5519,198,7672,135,111,36,19268,3,529,19800,33244,https://www.ieec.org.mx/Documentacion/elecciones/2021/COMPUTO/SUPJRC001712021_1082833.pdf
4,CAMPECHE,14,CANDELARIA,35,65,7252,8140,102,3696,208,216,89,19703,0,584,20287,33301,https://www.ieec.org.mx/Documentacion/elecciones/2021/COMPUTO/SUPJRC001712021_1082833.pdf
4,CAMPECHE,15,CHAMPOTON,27,61,6122,8314,115,6117,174,172,46,21060,2,472,21534,33648,https://www.ieec.org.mx/Documentacion/elecciones/2021/COMPUTO/SUPJRC001712021_1082833.pdf
4,CAMPECHE,16,SEYBAPLAYA,30,66,7282,8181,155,6139,178,188,60,22183,1,534,22718,33502,https://www.ieec.org.mx/Documentacion/elecciones/2021/COMPUTO/SUPJRC001712021_1082833.pdf
4,CAMPECHE,17,CALKINI,25,58,7052,7774,168,8865,144,174,179,24356,1,412,24769,33369,https://www.ieec.org.mx/Documentacion/elecciones/2021/COMPUTO/SUPJRC001712021_1082833.pdf
4,CAMPECHE,18,HOPELCHEN,32,56,7667,5094,71,7213,110,129,33,20317,0,278,20595,28711,https://www.ieec.org.mx/Documentacion/elecciones/2021/COMPUTO/SUPJRC001712021_1082833.pdf
4,CAMPECHE,19,HECELCHAKAN,29,59,8515,6696,164,9339,127,105,118,25064,3,390,25457,32737,https://www.ieec.org.mx/Documentacion/elecciones/2021/COMPUTO/SUPJRC001712021_1082833.pdf
4,CAMPECHE,20,PALIZADA,29,56,6860,8194,165,5300,94,93,48,20754,1,393,21148,31682,https://www.ieec.org.mx/Documentacion/elecciones/2021/COMPUTO/SUPJRC001712021_1082833.pdf
4,CAMPECHE,21,XPUJIL,26,54,5561,8540,105,4114,242,233,78,18873,1,510,19384,29045,https://www.ieec.org.mx/Documentacion/elecciones/2021/COMPUTO/SUPJRC001712021_1082833.pdf
