ID_ESTADO,NOMBRE_ESTADO,ID_DISTRITO_LOCAL,CABECERA_DISTRITAL_LOCAL,SECCIONES,CASILLAS,PAN,PRI,PRD,PT,PVEM,MC,MORENA,PES,RSP,FXM,PAN_PRI_PRD,PAN_PRI,PAN_PRD,PRI_PRD,PT_MORENA,NUM_VOTOS_VALIDOS,NUM_VOTOS_CAN_NREG,NUM_VOTOS_NULOS,TOTAL_VOTOS,LISTA_NOMINAL,RUTA_ACTA
4,CAMPECHE,1,SAN FRANCISCO DE CAMPECHE,19,51,333,4024,93,176,147,7874,3713,132,48,45,189,69,3,10,79,16935,1,323,17259,29940,https://www.ieec.org.mx/Documentacion/elecciones/2021/COMPUTO/SUPJRC001712021_1082833.pdf
4,CAMPECHE,2,SAN FRANCISCO DE CAMPECHE,8,47,274,4497,66,168,138,7734,4353,96,38,29,244,54,1,7,85,17784,1,197,17982,31640,https://www.ieec.org.mx/Documentacion/elecciones/2021/COMPUTO/SUPJRC001712021_1082833.pdf
4,CAMPECHE,3,SAN FRANCISCO DE CAMPECHE,16,49,379,4402,91,203,220,6621,4951,108,51,39,259,63,1,4,101,17493,3,307,17803,29180,https://www.ieec.org.mx/Documentacion/elecciones/2021/COMPUTO/SUPJRC001712021_1082833.pdf
4,CAMPECHE,4,SAN FRANCISCO DE CAMPECHE,23,56,330,5836,81,242,169,7187,5628,144,49,47,236,57,2,13,128,20149,3,322,20474,31587,https://www.ieec.org.mx/Documentacion/elecciones/2021/COMPUTO/SUPJRC001712021_1082833.pdf
4,CAMPECHE,5,SAN FRANCISCO DE CAMPECHE,21,54,320,5597,95,220,161,6813,5524,104,51,65,246,53,1,5,108,19363,3,302,19668,31987,https://www.ieec.org.mx/Documentacion/elecciones/2021/COMPUTO/SUPJRC001712021_1082833.pdf
4,CAMPECHE,6,SAN FRANCISCO DE CAMPECHE,32,65,382,6735,185,287,135,8106,5780,197,86,39,181,89,1,14,90,22307,3,453,22763,34015,https://www.ieec.org.mx/Documentacion/elecciones/2021/COMPUTO/SUPJRC001712021_1082833.pdf
4,CAMPECHE,7,TENABO,35,68,787,7134,103,199,181,8296,7115,158,236,67,350,110,3,8,75,24822,7,384,25213,32489,https://www.ieec.org.mx/Documentacion/elecciones/2021/COMPUTO/SUPJRC001712021_1082833.pdf
4,CAMPECHE,8,CIUDAD DEL CARMEN,17,49,345,3512,55,136,150,3733,6397,108,60,35,148,65,2,5,97,14848,6,334,15188,31586,https://www.ieec.org.mx/Documentacion/elecciones/2021/COMPUTO/SUPJRC001712021_1082833.pdf
4,CAMPECHE,9,CIUDAD DEL CARMEN,24,54,484,4242,68,134,297,4591,6832,108,62,52,121,36,1,10,113,17151,5,297,17453,31007,https://www.ieec.org.mx/Documentacion/elecciones/2021/COMPUTO/SUPJRC001712021_1082833.pdf
4,CAMPECHE,10,CIUDAD DEL CARMEN,16,47,419,3283,46,130,167,3922,5908,79,45,41,98,25,0,8,74,14245,3,229,14477,29927,https://www.ieec.org.mx/Documentacion/elecciones/2021/COMPUTO/SUPJRC001712021_1082833.pdf
4,CAMPECHE,11,CIUDAD DEL CARMEN,30,56,338,3090,45,143,173,4315,6300,76,72,41,103,22,0,4,74,14796,4,253,15053,33072,https://www.ieec.org.mx/Documentacion/elecciones/2021/COMPUTO/SUPJRC001712021_1082833.pdf
4,CAMPECHE,12,SABANCUY,29,60,582,5513,202,282,108,5980,7147,190,182,103,203,103,7,10,59,20671,1,589,21261,33081,https://www.ieec.org.mx/Documentacion/elecciones/2021/COMPUTO/SUPJRC001712021_1082833.pdf
4,CAMPECHE,13,ESCARCEGA,28,59,1082,4009,133,231,198,7672,5229,135,111,36,222,134,4,13,59,19268,3,529,19800,33244,https://www.ieec.org.mx/Documentacion/elecciones/2021/COMPUTO/SUPJRC001712021_1082833.pdf
4,CAMPECHE,14,CANDELARIA,35,65,3392,3406,96,182,102,3696,7916,208,216,89,127,219,9,3,42,19703,0,584,20287,33301,https://www.ieec.org.mx/Documentacion/elecciones/2021/COMPUTO/SUPJRC001712021_1082833.pdf
4,CAMPECHE,15,CHAMPOTON,27,61,600,5058,137,382,115,6117,7853,174,172,46,235,79,2,11,79,21060,2,472,21534,33648,https://www.ieec.org.mx/Documentacion/elecciones/2021/COMPUTO/SUPJRC001712021_1082833.pdf
4,CAMPECHE,16,SEYBAPLAYA,30,66,283,6583,133,364,155,6139,7758,178,188,60,206,58,5,14,59,22183,1,534,22718,33502,https://www.ieec.org.mx/Documentacion/elecciones/2021/COMPUTO/SUPJRC001712021_1082833.pdf
4,CAMPECHE,17,CALKINI,25,58,373,6254,228,382,168,8865,7331,144,174,179,149,26,3,19,61,24356,1,412,24769,33369,https://www.ieec.org.mx/Documentacion/elecciones/2021/COMPUTO/SUPJRC001712021_1082833.pdf
4,CAMPECHE,18,HOPELCHEN,32,56,430,6887,192,269,71,7213,4795,110,129,33,116,32,1,9,30,20317,0,278,20595,28711,https://www.ieec.org.mx/Documentacion/elecciones/2021/COMPUTO/SUPJRC001712021_1082833.pdf
4,CAMPECHE,19,HECELCHAKAN,29,59,652,7609,105,621,164,9339,6014,127,105,118,107,35,0,7,61,25064,3,390,25457,32737,https://www.ieec.org.mx/Documentacion/elecciones/2021/COMPUTO/SUPJRC001712021_1082833.pdf
4,CAMPECHE,20,PALIZADA,29,56,228,6295,118,485,165,5300,7608,94,93,48,169,30,0,20,101,20754,1,393,21148,31682,https://www.ieec.org.mx/Documentacion/elecciones/2021/COMPUTO/SUPJRC001712021_1082833.pdf
4,CAMPECHE,21,XPUJIL,26,54,220,4870,283,408,105,4114,8090,242,233,78,137,33,2,16,42,18873,1,510,19384,29045,https://www.ieec.org.mx/Documentacion/elecciones/2021/COMPUTO/SUPJRC001712021_1082833.pdf
