CIRCUNSCRIPCION,ID_ESTADO,NOMBRE_ESTADO,ID_DISTRITO_LOCAL,CABECERA_DISTRITAL_LOCAL,ID_MUNICIPIO,MUNICIPIO,SECCION,CASILLAS,PAN,PRI,PRD,PT,PVEM,MC,MORENA,PES,RSP,FXM,PAN_PRI_PRD,PAN_PRI,PAN_PRD,PRI_PRD,PT_MORENA,NUM_VOTOS_VALIDOS,NUM_VOTOS_CAN_NREG,NUM_VOTOS_NULOS,TOTAL_VOTOS,LISTA_NOMINAL
,4,CAMPECHE,1,SAN FRANCISCO DE CAMPECHE,1,CAMPECHE,4,15,110,1125,29,41,44,2705,1045,31,17,15,59,27,0,2,26,5276,0,94,5370,10723
,4,CAMPECHE,1,SAN FRANCISCO DE CAMPECHE,1,CAMPECHE,10,2,9,142,4,7,7,260,156,5,4,2,5,0,1,0,3,605,1,11,617,1056
,4,CAMPECHE,1,SAN FRANCISCO DE CAMPECHE,1,CAMPECHE,13,2,23,155,1,12,5,306,169,6,3,2,5,1,0,1,2,691,0,15,706,1250
,4,CAMPECHE,1,SAN FRANCISCO DE CAMPECHE,1,CAMPECHE,14,2,7,205,6,7,4,266,151,9,3,1,11,2,0,1,2,675,0,13,688,1088
,4,CAMPECHE,1,SAN FRANCISCO DE CAMPECHE,1,CAMPECHE,15,2,15,124,4,10,5,344,161,4,0,4,11,1,0,0,4,687,0,12,699,1152
,4,CAMPECHE,1,SAN FRANCISCO DE CAMPECHE,1,CAMPECHE,16,2,12,156,2,10,3,398,136,4,0,1,1,3,0,1,0,727,0,10,737,1198
,4,CAMPECHE,1,SAN FRANCISCO DE CAMPECHE,1,CAMPECHE,19,2,6,120,1,6,9,321,102,0,1,1,5,4,1,0,1,578,0,12,590,1102
,4,CAMPECHE,1,SAN FRANCISCO DE CAMPECHE,1,CAMPECHE,20,2,16,192,5,5,7,313,144,4,2,3,5,5,0,0,1,702,0,14,716,1146
,4,CAMPECHE,1,SAN FRANCISCO DE CAMPECHE,1,CAMPECHE,21,3,16,278,5,17,12,402,259,12,2,1,14,3,0,1,3,1025,0,21,1046,1637
,4,CAMPECHE,1,SAN FRANCISCO DE CAMPECHE,1,CAMPECHE,22,2,10,159,3,9,5,251,145,8,2,1,11,2,0,1,4,611,0,15,626,939
,4,CAMPECHE,1,SAN FRANCISCO DE CAMPECHE,1,CAMPECHE,23,2,19,151,5,13,8,229,137,9,4,0,9,1,0,1,7,593,0,6,599,931
,4,CAMPECHE,1,SAN FRANCISCO DE CAMPECHE,1,CAMPECHE,32,2,6,134,0,2,10,237,146,3,3,4,2,2,0,0,5,554,0,10,564,795
,4,CAMPECHE,1,SAN FRANCISCO DE CAMPECHE,1,CAMPECHE,33,2,24,157,3,10,6,265,131,9,1,0,7,2,0,0,5,620,0,13,633,954
,4,CAMPECHE,1,SAN FRANCISCO DE CAMPECHE,1,CAMPECHE,34,2,10,155,9,8,5,354,203,5,1,1,8,7,1,0,3,770,0,17,787,1336
,4,CAMPECHE,1,SAN FRANCISCO DE CAMPECHE,1,CAMPECHE,35,2,10,205,2,2,4,244,119,5,2,3,6,2,0,2,5,611,0,20,631,982
,4,CAMPECHE,1,SAN FRANCISCO DE CAMPECHE,1,CAMPECHE,36,2,18,197,4,7,5,319,144,11,2,3,14,2,0,0,1,727,0,18,745,1192
,4,CAMPECHE,1,SAN FRANCISCO DE CAMPECHE,1,CAMPECHE,37,2,6,158,4,4,4,256,87,2,1,2,6,3,0,0,1,534,0,4,538,922
,4,CAMPECHE,1,SAN FRANCISCO DE CAMPECHE,1,CAMPECHE,40,1,4,105,3,4,3,181,148,2,0,1,6,1,0,0,2,460,0,8,468,749
,4,CAMPECHE,1,SAN FRANCISCO DE CAMPECHE,1,CAMPECHE,41,2,12,106,3,2,1,223,130,3,0,0,4,1,0,0,4,489,0,10,499,788
,4,CAMPECHE,2,SAN FRANCISCO DE CAMPECHE,1,CAMPECHE,9,7,39,746,11,18,29,1346,726,11,12,5,49,16,0,0,10,3018,0,37,3055,4737
,4,CAMPECHE,2,SAN FRANCISCO DE CAMPECHE,1,CAMPECHE,17,8,38,743,10,31,22,1440,742,11,4,4,30,4,0,0,15,3094,0,30,3124,5603
,4,CAMPECHE,2,SAN FRANCISCO DE CAMPECHE,1,CAMPECHE,18,1,13,86,1,4,5,166,116,3,0,0,15,0,0,0,2,411,0,5,416,646
,4,CAMPECHE,2,SAN FRANCISCO DE CAMPECHE,1,CAMPECHE,38,1,7,111,1,4,6,206,130,8,0,1,8,1,0,0,5,488,0,7,495,749
,4,CAMPECHE,2,SAN FRANCISCO DE CAMPECHE,1,CAMPECHE,39,3,24,285,2,19,8,475,299,6,5,2,23,7,0,0,10,1165,0,23,1188,2119
,4,CAMPECHE,2,SAN FRANCISCO DE CAMPECHE,1,CAMPECHE,81,19,90,1667,32,61,48,2984,1742,41,11,12,87,8,1,6,32,6822,1,61,6884,12842
,4,CAMPECHE,2,SAN FRANCISCO DE CAMPECHE,1,CAMPECHE,124,7,62,783,9,26,17,1056,559,16,5,4,32,17,0,1,11,2598,0,33,2631,4711
,4,CAMPECHE,2,SAN FRANCISCO DE CAMPECHE,1,CAMPECHE,128,1,1,76,0,5,3,61,39,0,1,1,0,1,0,0,0,188,0,1,189,233
,4,CAMPECHE,3,SAN FRANCISCO DE CAMPECHE,1,CAMPECHE,42,2,12,218,11,8,5,275,197,4,2,2,16,0,0,0,7,757,0,8,765,1111
,4,CAMPECHE,3,SAN FRANCISCO DE CAMPECHE,1,CAMPECHE,43,2,15,184,4,14,9,263,176,6,5,2,17,2,0,0,1,698,1,9,708,982
,4,CAMPECHE,3,SAN FRANCISCO DE CAMPECHE,1,CAMPECHE,60,2,9,158,0,10,13,204,226,6,0,0,4,0,0,0,6,636,0,6,642,969
,4,CAMPECHE,3,SAN FRANCISCO DE CAMPECHE,1,CAMPECHE,61,2,21,172,4,13,3,196,180,3,1,0,7,2,0,0,5,607,0,11,618,883
,4,CAMPECHE,3,SAN FRANCISCO DE CAMPECHE,1,CAMPECHE,62,2,17,142,4,8,12,221,187,3,6,3,22,1,0,0,2,628,0,15,643,1037
,4,CAMPECHE,3,SAN FRANCISCO DE CAMPECHE,1,CAMPECHE,63,2,11,223,5,5,10,346,193,2,3,0,8,5,0,0,9,820,0,18,838,1342
,4,CAMPECHE,3,SAN FRANCISCO DE CAMPECHE,1,CAMPECHE,64,2,12,200,1,6,16,315,255,7,0,3,12,3,0,1,3,834,0,9,843,1186
,4,CAMPECHE,3,SAN FRANCISCO DE CAMPECHE,1,CAMPECHE,65,3,16,228,6,19,11,413,248,6,6,3,13,6,0,0,4,979,0,32,1011,1770
,4,CAMPECHE,3,SAN FRANCISCO DE CAMPECHE,1,CAMPECHE,66,2,12,178,4,9,9,276,208,6,4,3,8,4,0,1,3,725,0,13,738,1094
,4,CAMPECHE,3,SAN FRANCISCO DE CAMPECHE,1,CAMPECHE,67,2,15,200,4,12,11,235,198,4,1,0,8,1,0,0,10,699,0,15,714,1028
,4,CAMPECHE,3,SAN FRANCISCO DE CAMPECHE,1,CAMPECHE,79,11,99,812,16,31,38,1667,1011,23,13,13,57,15,1,1,19,3816,0,64,3880,6989
,4,CAMPECHE,3,SAN FRANCISCO DE CAMPECHE,1,CAMPECHE,80,2,10,157,6,7,5,199,198,4,0,0,16,1,0,0,3,606,0,7,613,824
,4,CAMPECHE,3,SAN FRANCISCO DE CAMPECHE,1,CAMPECHE,82,2,12,234,3,5,4,274,225,5,0,1,10,0,0,1,3,777,1,11,789,1214
,4,CAMPECHE,3,SAN FRANCISCO DE CAMPECHE,1,CAMPECHE,83,7,60,705,11,18,27,1064,757,13,9,3,45,7,0,0,18,2737,1,26,2764,5011
,4,CAMPECHE,3,SAN FRANCISCO DE CAMPECHE,1,CAMPECHE,125,3,19,279,7,21,14,305,306,7,0,3,9,7,0,0,7,984,0,33,1017,1645
,4,CAMPECHE,3,SAN FRANCISCO DE CAMPECHE,1,CAMPECHE,126,3,39,312,5,17,33,368,386,9,1,3,7,9,0,0,1,1190,0,30,1220,2095
,4,CAMPECHE,4,SAN FRANCISCO DE CAMPECHE,1,CAMPECHE,49,2,16,206,5,7,7,231,290,0,3,2,6,0,0,1,3,777,0,14,791,1145
,4,CAMPECHE,4,SAN FRANCISCO DE CAMPECHE,1,CAMPECHE,56,2,7,156,1,13,9,221,186,17,4,3,6,2,0,0,9,634,1,6,641,927
,4,CAMPECHE,4,SAN FRANCISCO DE CAMPECHE,1,CAMPECHE,57,2,9,226,3,8,4,241,265,7,0,2,9,1,0,0,5,780,0,21,801,1103
,4,CAMPECHE,4,SAN FRANCISCO DE CAMPECHE,1,CAMPECHE,58,2,13,205,2,9,9,271,200,10,1,1,11,2,0,0,11,745,0,17,762,1126
,4,CAMPECHE,4,SAN FRANCISCO DE CAMPECHE,1,CAMPECHE,59,2,17,206,1,10,4,251,218,5,3,3,8,0,0,1,3,730,0,19,749,1106
,4,CAMPECHE,4,SAN FRANCISCO DE CAMPECHE,1,CAMPECHE,68,2,7,261,2,10,6,256,202,2,1,0,14,8,0,0,5,774,0,16,790,1248
,4,CAMPECHE,4,SAN FRANCISCO DE CAMPECHE,1,CAMPECHE,69,2,13,219,1,13,7,243,187,6,1,2,11,5,0,0,6,714,0,9,723,1010
,4,CAMPECHE,4,SAN FRANCISCO DE CAMPECHE,1,CAMPECHE,70,2,20,272,2,11,9,262,276,4,2,2,9,2,0,1,4,876,0,10,886,1210
,4,CAMPECHE,4,SAN FRANCISCO DE CAMPECHE,1,CAMPECHE,77,2,11,195,3,4,3,247,221,6,2,0,10,0,0,0,3,705,0,10,715,952
,4,CAMPECHE,4,SAN FRANCISCO DE CAMPECHE,1,CAMPECHE,78,2,12,171,1,2,8,224,172,1,1,1,6,0,0,0,2,601,0,9,610,924
,4,CAMPECHE,4,SAN FRANCISCO DE CAMPECHE,1,CAMPECHE,84,2,4,194,5,15,3,237,128,2,2,0,10,2,0,1,0,603,0,12,615,926
,4,CAMPECHE,4,SAN FRANCISCO DE CAMPECHE,1,CAMPECHE,85,2,7,156,2,7,1,268,207,8,1,1,5,4,0,3,7,677,0,15,692,1124
,4,CAMPECHE,4,SAN FRANCISCO DE CAMPECHE,1,CAMPECHE,86,2,10,258,0,8,8,277,257,6,1,5,10,1,0,0,3,844,0,4,848,1072
,4,CAMPECHE,4,SAN FRANCISCO DE CAMPECHE,1,CAMPECHE,92,3,26,475,8,14,11,413,369,6,3,1,18,3,0,1,9,1357,0,19,1376,1223
,4,CAMPECHE,4,SAN FRANCISCO DE CAMPECHE,1,CAMPECHE,93,2,21,350,2,8,2,231,246,3,3,1,10,1,0,0,4,882,0,6,888,1137
,4,CAMPECHE,4,SAN FRANCISCO DE CAMPECHE,1,CAMPECHE,94,2,19,250,3,8,5,314,269,6,2,1,6,2,0,0,3,888,0,13,901,1340
,4,CAMPECHE,4,SAN FRANCISCO DE CAMPECHE,1,CAMPECHE,95,3,16,213,5,12,14,370,235,7,3,0,2,2,0,0,10,889,1,11,901,1582
,4,CAMPECHE,4,SAN FRANCISCO DE CAMPECHE,1,CAMPECHE,96,2,8,201,9,11,5,294,178,5,1,2,9,9,0,1,3,736,0,17,753,1160
,4,CAMPECHE,4,SAN FRANCISCO DE CAMPECHE,1,CAMPECHE,97,2,10,154,4,8,4,309,135,3,4,2,6,1,0,1,5,646,0,17,663,1164
,4,CAMPECHE,4,SAN FRANCISCO DE CAMPECHE,1,CAMPECHE,98,2,6,222,0,7,4,211,153,7,5,3,15,0,0,0,5,638,0,7,645,852
,4,CAMPECHE,4,SAN FRANCISCO DE CAMPECHE,1,CAMPECHE,104,2,4,163,0,5,3,226,173,2,0,1,14,0,0,0,1,592,0,10,602,797
,4,CAMPECHE,4,SAN FRANCISCO DE CAMPECHE,1,CAMPECHE,105,10,62,781,14,38,32,1253,800,26,5,11,30,10,2,3,23,3090,0,52,3142,7139
,4,CAMPECHE,4,SAN FRANCISCO DE CAMPECHE,1,CAMPECHE,106,2,12,302,8,14,11,337,261,5,1,3,11,2,0,0,4,971,1,8,980,1320
,4,CAMPECHE,5,SAN FRANCISCO DE CAMPECHE,1,CAMPECHE,28,1,0,0,0,0,0,0,0,0,0,0,0,0,0,0,0,0,0,0,0,586
,4,CAMPECHE,5,SAN FRANCISCO DE CAMPECHE,1,CAMPECHE,50,1,7,155,6,5,7,145,109,1,1,1,6,1,0,0,1,445,0,6,451,643
,4,CAMPECHE,5,SAN FRANCISCO DE CAMPECHE,1,CAMPECHE,51,3,20,352,2,8,17,387,351,1,2,12,14,6,0,0,14,1186,0,9,1195,999
,4,CAMPECHE,5,SAN FRANCISCO DE CAMPECHE,1,CAMPECHE,52,1,10,180,1,3,5,127,135,0,0,6,11,0,0,0,0,478,0,6,484,675
,4,CAMPECHE,5,SAN FRANCISCO DE CAMPECHE,1,CAMPECHE,53,2,14,239,4,5,4,253,248,2,0,10,9,0,0,0,3,791,0,5,796,1035
,4,CAMPECHE,5,SAN FRANCISCO DE CAMPECHE,1,CAMPECHE,55,2,10,245,4,14,13,331,296,0,1,7,13,1,1,0,3,939,0,8,947,1332
,4,CAMPECHE,5,SAN FRANCISCO DE CAMPECHE,1,CAMPECHE,71,2,13,213,0,8,11,191,226,3,1,3,9,6,0,0,5,689,0,18,707,995
,4,CAMPECHE,5,SAN FRANCISCO DE CAMPECHE,1,CAMPECHE,74,2,10,243,2,9,10,319,285,5,1,2,9,0,0,0,5,900,0,21,921,1278
,4,CAMPECHE,5,SAN FRANCISCO DE CAMPECHE,1,CAMPECHE,75,3,17,246,2,9,5,314,274,6,3,2,17,4,0,0,3,902,1,9,912,2089
,4,CAMPECHE,5,SAN FRANCISCO DE CAMPECHE,1,CAMPECHE,76,2,11,238,11,8,4,209,204,3,3,1,7,3,0,1,7,710,0,7,717,990
,4,CAMPECHE,5,SAN FRANCISCO DE CAMPECHE,1,CAMPECHE,87,2,29,215,5,9,4,235,170,3,2,2,10,2,0,1,4,691,0,9,700,931
,4,CAMPECHE,5,SAN FRANCISCO DE CAMPECHE,1,CAMPECHE,90,3,24,326,5,7,12,454,327,6,3,1,17,3,0,0,4,1189,0,22,1211,1814
,4,CAMPECHE,5,SAN FRANCISCO DE CAMPECHE,1,CAMPECHE,91,3,18,276,8,17,5,405,278,9,6,5,9,4,0,0,5,1045,0,12,1057,1789
,4,CAMPECHE,5,SAN FRANCISCO DE CAMPECHE,1,CAMPECHE,99,2,11,189,9,12,10,321,191,4,1,0,11,1,0,1,6,767,0,7,774,1269
,4,CAMPECHE,5,SAN FRANCISCO DE CAMPECHE,1,CAMPECHE,100,4,34,398,7,22,14,508,395,8,2,3,33,3,0,0,9,1436,0,36,1472,2346
,4,CAMPECHE,5,SAN FRANCISCO DE CAMPECHE,1,CAMPECHE,101,4,15,420,5,19,9,521,450,9,4,3,15,1,0,0,5,1476,1,20,1497,2509
,4,CAMPECHE,5,SAN FRANCISCO DE CAMPECHE,1,CAMPECHE,102,3,10,256,4,10,5,287,205,5,2,2,7,4,0,0,7,804,0,11,815,1741
,4,CAMPECHE,5,SAN FRANCISCO DE CAMPECHE,1,CAMPECHE,103,2,7,222,7,7,4,246,221,5,4,2,5,0,0,0,4,734,0,16,750,1206
,4,CAMPECHE,5,SAN FRANCISCO DE CAMPECHE,1,CAMPECHE,108,5,26,486,3,19,11,624,497,12,8,2,18,7,0,1,8,1722,1,30,1753,3248
,4,CAMPECHE,5,SAN FRANCISCO DE CAMPECHE,1,CAMPECHE,109,4,22,396,6,13,8,523,351,16,1,1,18,5,0,0,9,1369,0,26,1395,2516
,4,CAMPECHE,5,SAN FRANCISCO DE CAMPECHE,1,CAMPECHE,111,3,12,302,4,16,3,413,311,6,6,0,8,2,0,1,6,1090,0,24,1114,1996
,4,CAMPECHE,6,SAN FRANCISCO DE CAMPECHE,1,CAMPECHE,54,2,5,189,2,10,7,182,189,3,2,0,2,6,0,0,2,599,0,9,608,820
,4,CAMPECHE,6,SAN FRANCISCO DE CAMPECHE,1,CAMPECHE,72,2,28,374,1,2,10,257,236,3,1,0,7,2,0,0,4,925,0,10,935,1270
,4,CAMPECHE,6,SAN FRANCISCO DE CAMPECHE,1,CAMPECHE,73,2,14,250,0,8,5,214,194,7,4,1,11,3,0,0,7,718,0,5,723,1153
,4,CAMPECHE,6,SAN FRANCISCO DE CAMPECHE,1,CAMPECHE,88,1,17,203,2,7,2,122,108,0,0,1,4,0,0,0,3,469,0,1,470,630
,4,CAMPECHE,6,SAN FRANCISCO DE CAMPECHE,1,CAMPECHE,89,2,24,333,2,7,8,183,178,3,2,0,17,6,0,0,3,766,2,13,781,992
,4,CAMPECHE,6,SAN FRANCISCO DE CAMPECHE,1,CAMPECHE,107,2,15,158,5,9,8,315,246,7,2,0,9,2,0,0,4,780,0,21,801,1332
,4,CAMPECHE,6,SAN FRANCISCO DE CAMPECHE,1,CAMPECHE,110,2,6,231,4,10,4,310,237,7,3,0,4,1,0,0,2,819,0,14,833,1367
,4,CAMPECHE,6,SAN FRANCISCO DE CAMPECHE,1,CAMPECHE,112,8,37,706,16,32,21,1086,708,12,2,9,28,7,0,1,12,2677,0,42,2719,4505
,4,CAMPECHE,6,SAN FRANCISCO DE CAMPECHE,1,CAMPECHE,113,2,4,151,3,7,2,201,178,23,1,0,2,1,0,2,8,583,0,16,599,844
,4,CAMPECHE,6,SAN FRANCISCO DE CAMPECHE,1,CAMPECHE,114,2,9,192,5,11,3,301,239,9,5,1,3,2,0,0,5,785,0,21,806,1239
,4,CAMPECHE,6,SAN FRANCISCO DE CAMPECHE,1,CAMPECHE,115,2,6,129,3,5,3,208,166,6,2,0,8,0,0,1,5,542,0,6,548,914
,4,CAMPECHE,6,SAN FRANCISCO DE CAMPECHE,1,CAMPECHE,116,2,10,223,2,12,5,267,175,12,2,2,8,6,0,0,5,729,0,12,741,1138
,4,CAMPECHE,6,SAN FRANCISCO DE CAMPECHE,1,CAMPECHE,117,3,5,286,20,18,9,383,254,18,4,0,5,4,0,2,6,1014,0,20,1034,1676
,4,CAMPECHE,6,SAN FRANCISCO DE CAMPECHE,1,CAMPECHE,127,2,12,184,5,25,2,216,231,10,3,1,4,2,0,5,5,705,0,13,718,1177
,4,CAMPECHE,6,SAN FRANCISCO DE CAMPECHE,1,CAMPECHE,129,3,16,366,22,14,3,419,331,6,9,5,13,10,0,0,5,1219,0,23,1242,1573
,4,CAMPECHE,6,SAN FRANCISCO DE CAMPECHE,1,CAMPECHE,130,1,23,81,10,1,0,151,62,1,2,0,1,0,0,0,0,332,0,3,335,492
,4,CAMPECHE,6,SAN FRANCISCO DE CAMPECHE,1,CAMPECHE,131,1,11,86,8,1,0,74,55,0,0,0,5,3,0,0,0,243,0,6,249,277
,4,CAMPECHE,6,SAN FRANCISCO DE CAMPECHE,1,CAMPECHE,132,1,3,48,8,1,0,71,33,0,0,0,0,0,0,1,1,166,0,2,168,205
,4,CAMPECHE,6,SAN FRANCISCO DE CAMPECHE,1,CAMPECHE,133,1,7,140,1,3,1,183,88,5,4,4,0,2,0,0,0,438,0,8,446,538
,4,CAMPECHE,6,SAN FRANCISCO DE CAMPECHE,1,CAMPECHE,134,2,3,153,1,1,1,127,52,2,0,1,4,1,0,1,0,347,0,7,354,475
,4,CAMPECHE,6,SAN FRANCISCO DE CAMPECHE,1,CAMPECHE,135,2,7,245,9,5,3,379,102,0,0,1,4,1,0,0,0,756,0,5,761,895
,4,CAMPECHE,6,SAN FRANCISCO DE CAMPECHE,1,CAMPECHE,136,1,3,76,1,4,0,41,48,3,3,0,0,0,0,0,0,179,0,3,182,207
,4,CAMPECHE,6,SAN FRANCISCO DE CAMPECHE,1,CAMPECHE,137,1,2,62,5,6,3,63,36,2,0,0,1,3,0,0,3,186,0,4,190,268
,4,CAMPECHE,6,SAN FRANCISCO DE CAMPECHE,1,CAMPECHE,138,1,1,114,1,8,1,99,209,3,1,0,2,2,0,0,0,441,0,15,456,563
,4,CAMPECHE,6,SAN FRANCISCO DE CAMPECHE,1,CAMPECHE,139,4,25,493,15,13,15,823,282,12,10,3,8,6,0,1,3,1709,0,52,1761,2924
,4,CAMPECHE,6,SAN FRANCISCO DE CAMPECHE,1,CAMPECHE,140,2,6,144,3,6,4,274,150,9,4,4,6,2,0,0,0,612,1,15,628,916
,4,CAMPECHE,6,SAN FRANCISCO DE CAMPECHE,1,CAMPECHE,141,2,6,193,2,8,2,255,160,4,7,0,5,3,0,0,0,645,0,23,668,912
,4,CAMPECHE,6,SAN FRANCISCO DE CAMPECHE,1,CAMPECHE,142,4,48,551,21,43,8,558,489,23,8,1,14,11,1,0,6,1782,0,54,1836,2745
,4,CAMPECHE,6,SAN FRANCISCO DE CAMPECHE,1,CAMPECHE,143,1,6,89,1,4,2,88,83,0,1,1,4,1,0,0,1,281,0,8,289,382
,4,CAMPECHE,6,SAN FRANCISCO DE CAMPECHE,1,CAMPECHE,144,1,3,63,0,4,0,58,53,1,2,1,0,0,0,0,0,185,0,4,189,250
,4,CAMPECHE,6,SAN FRANCISCO DE CAMPECHE,1,CAMPECHE,145,2,5,90,4,0,0,71,88,4,1,0,2,2,0,0,0,267,0,15,282,845
,4,CAMPECHE,6,SAN FRANCISCO DE CAMPECHE,1,CAMPECHE,146,1,15,132,3,2,3,127,120,2,1,3,0,0,0,0,0,408,0,3,411,491
,4,CAMPECHE,7,TENABO,1,CAMPECHE,1,1,5,127,0,2,1,160,135,4,0,1,4,1,0,0,0,440,0,4,444,557
,4,CAMPECHE,7,TENABO,1,CAMPECHE,2,1,5,118,4,4,3,211,87,1,2,0,6,0,0,0,0,441,1,5,447,655
,4,CAMPECHE,7,TENABO,1,CAMPECHE,3,1,3,145,0,1,6,208,98,9,1,1,6,1,0,0,0,479,0,5,484,661
,4,CAMPECHE,7,TENABO,1,CAMPECHE,5,2,8,205,2,4,5,344,161,4,2,5,8,4,0,1,5,758,0,8,766,1046
,4,CAMPECHE,7,TENABO,1,CAMPECHE,6,2,9,217,2,6,5,318,159,6,0,0,9,2,0,1,4,738,0,10,748,1031
,4,CAMPECHE,7,TENABO,1,CAMPECHE,7,2,6,208,2,10,4,339,136,7,4,1,5,3,0,0,1,726,0,9,735,978
,4,CAMPECHE,7,TENABO,1,CAMPECHE,8,2,14,155,0,6,7,236,119,1,2,1,3,0,0,1,1,546,0,14,560,762
,4,CAMPECHE,7,TENABO,1,CAMPECHE,11,2,5,208,5,11,2,236,146,2,1,0,10,1,0,0,0,627,0,13,640,913
,4,CAMPECHE,7,TENABO,1,CAMPECHE,12,4,17,347,6,13,9,489,404,6,2,4,13,4,0,0,3,1317,2,20,1339,1529
,4,CAMPECHE,7,TENABO,1,CAMPECHE,24,2,16,201,4,3,9,276,228,4,0,0,8,1,0,0,7,757,0,9,766,1115
,4,CAMPECHE,7,TENABO,1,CAMPECHE,25,1,3,144,0,3,4,139,122,1,3,0,10,1,0,0,1,431,0,1,432,597
,4,CAMPECHE,7,TENABO,1,CAMPECHE,26,2,18,246,3,6,5,266,233,6,1,0,15,4,0,1,6,810,3,4,817,1094
,4,CAMPECHE,7,TENABO,1,CAMPECHE,27,2,13,269,4,16,8,253,193,6,4,0,17,2,0,0,4,789,1,13,803,1063
,4,CAMPECHE,7,TENABO,1,CAMPECHE,29,2,8,171,4,11,6,188,221,6,0,2,13,0,0,0,3,633,0,3,636,849
,4,CAMPECHE,7,TENABO,1,CAMPECHE,30,2,8,203,6,10,11,188,168,3,0,0,7,1,0,0,2,607,0,7,614,767
,4,CAMPECHE,7,TENABO,1,CAMPECHE,31,1,4,138,0,2,2,176,139,2,0,2,14,1,0,0,3,483,0,8,491,722
,4,CAMPECHE,7,TENABO,1,CAMPECHE,44,2,8,136,1,5,9,220,190,3,0,0,2,2,0,0,2,578,0,3,581,819
,4,CAMPECHE,7,TENABO,1,CAMPECHE,45,2,6,131,4,4,6,167,175,5,1,2,5,1,0,0,8,515,0,5,520,769
,4,CAMPECHE,7,TENABO,1,CAMPECHE,46,2,12,155,1,12,3,243,240,5,0,1,6,1,0,0,2,681,0,9,690,1008
,4,CAMPECHE,7,TENABO,1,CAMPECHE,47,2,6,208,7,1,5,220,220,5,0,0,14,0,0,0,3,689,0,8,697,912
,4,CAMPECHE,7,TENABO,1,CAMPECHE,48,2,23,194,5,3,6,210,218,3,1,0,14,2,0,0,2,681,0,7,688,974
,4,CAMPECHE,7,TENABO,1,CAMPECHE,118,2,23,206,3,10,2,194,164,4,7,3,7,7,1,0,1,632,0,14,646,971
,4,CAMPECHE,7,TENABO,1,CAMPECHE,119,1,3,106,4,2,2,187,30,0,7,1,1,3,0,0,0,346,0,2,348,413
,4,CAMPECHE,7,TENABO,1,CAMPECHE,120,2,8,195,2,7,2,241,132,5,30,0,6,1,1,0,2,632,0,13,645,858
,4,CAMPECHE,7,TENABO,1,CAMPECHE,121,2,15,241,4,10,3,175,168,4,11,2,15,7,0,0,1,656,0,17,673,930
,4,CAMPECHE,7,TENABO,1,CAMPECHE,122,3,29,401,2,7,9,439,262,1,1,5,12,0,0,1,5,1174,0,17,1191,1193
,4,CAMPECHE,7,TENABO,1,CAMPECHE,123,2,32,132,3,4,4,138,165,9,8,1,3,6,0,1,3,509,0,12,521,790
,4,CAMPECHE,7,TENABO,8,TENABO,440,3,100,326,4,6,9,297,428,9,43,11,20,5,0,0,0,1258,0,20,1278,1616
,4,CAMPECHE,7,TENABO,8,TENABO,441,3,113,289,1,5,6,411,479,12,36,3,21,12,0,1,0,1389,0,27,1416,1740
,4,CAMPECHE,7,TENABO,8,TENABO,442,3,90,328,10,4,4,329,426,16,23,3,26,12,0,1,3,1275,0,33,1308,1725
,4,CAMPECHE,7,TENABO,8,TENABO,443,3,86,311,3,4,5,307,463,6,21,12,21,12,0,0,2,1253,0,22,1275,1705
,4,CAMPECHE,7,TENABO,8,TENABO,444,1,18,82,0,1,0,31,35,0,5,1,3,1,0,0,0,177,0,3,180,186
,4,CAMPECHE,7,TENABO,8,TENABO,445,2,23,294,5,2,4,213,242,1,6,3,11,4,0,0,0,808,0,22,830,998
,4,CAMPECHE,7,TENABO,8,TENABO,446,1,1,31,1,1,0,27,21,0,2,1,8,1,0,0,0,94,0,0,94,116
,4,CAMPECHE,7,TENABO,8,TENABO,447,1,3,124,1,1,13,89,149,0,6,1,0,4,0,0,1,392,0,5,397,427
,4,CAMPECHE,8,CIUDAD DEL CARMEN,3,CARMEN,205,7,47,543,11,21,33,546,1062,10,10,8,19,8,0,0,13,2331,1,49,2381,5033
,4,CAMPECHE,8,CIUDAD DEL CARMEN,3,CARMEN,220,1,12,80,2,3,9,130,194,7,1,1,5,3,0,0,2,449,0,5,454,734
,4,CAMPECHE,8,CIUDAD DEL CARMEN,3,CARMEN,232,3,36,223,2,7,9,267,427,7,4,1,6,3,0,1,5,998,0,20,1018,1962
,4,CAMPECHE,8,CIUDAD DEL CARMEN,3,CARMEN,233,3,21,231,2,4,17,315,448,13,2,5,11,0,0,0,7,1076,0,23,1099,1906
,4,CAMPECHE,8,CIUDAD DEL CARMEN,3,CARMEN,234,3,26,209,2,9,3,286,433,15,4,1,17,2,0,0,4,1011,0,20,1031,1947
,4,CAMPECHE,8,CIUDAD DEL CARMEN,3,CARMEN,235,2,30,135,1,11,5,160,330,5,2,2,4,3,0,0,3,691,0,11,702,1336
,4,CAMPECHE,8,CIUDAD DEL CARMEN,3,CARMEN,236,2,11,176,2,4,7,175,313,5,6,3,9,7,0,0,4,722,0,32,754,1488
,4,CAMPECHE,8,CIUDAD DEL CARMEN,3,CARMEN,237,2,13,148,1,6,8,182,242,5,0,1,4,3,0,0,2,615,0,10,625,1153
,4,CAMPECHE,8,CIUDAD DEL CARMEN,3,CARMEN,240,3,14,131,5,5,2,120,215,3,4,0,5,4,0,0,4,512,0,6,518,1636
,4,CAMPECHE,8,CIUDAD DEL CARMEN,3,CARMEN,241,3,18,188,2,4,11,164,302,3,2,1,6,2,0,1,7,711,1,18,730,1562
,4,CAMPECHE,8,CIUDAD DEL CARMEN,3,CARMEN,242,2,13,138,1,5,7,186,310,4,3,2,4,2,0,0,4,679,0,18,697,1475
,4,CAMPECHE,8,CIUDAD DEL CARMEN,3,CARMEN,243,4,27,240,5,7,11,279,509,7,3,2,7,3,1,1,6,1108,1,16,1125,2370
,4,CAMPECHE,8,CIUDAD DEL CARMEN,3,CARMEN,245,3,18,191,3,7,5,199,360,8,6,2,9,3,1,0,5,817,1,15,833,1609
,4,CAMPECHE,8,CIUDAD DEL CARMEN,3,CARMEN,246,2,13,201,5,7,8,171,275,1,3,1,5,7,0,1,8,706,0,18,724,1422
,4,CAMPECHE,8,CIUDAD DEL CARMEN,3,CARMEN,247,2,8,159,4,13,3,153,287,5,2,0,11,4,0,1,7,657,0,18,675,1434
,4,CAMPECHE,8,CIUDAD DEL CARMEN,3,CARMEN,248,2,6,181,1,13,4,127,284,5,2,2,11,6,0,0,9,651,2,17,670,1262
,4,CAMPECHE,8,CIUDAD DEL CARMEN,3,CARMEN,249,5,32,338,6,10,8,273,406,5,6,3,15,5,0,0,7,1114,0,38,1152,3257
,4,CAMPECHE,9,CIUDAD DEL CARMEN,3,CARMEN,187,3,15,166,5,4,12,234,375,3,4,0,5,4,0,0,13,840,0,13,853,1651
,4,CAMPECHE,9,CIUDAD DEL CARMEN,3,CARMEN,188,3,72,412,3,5,21,328,310,8,3,3,9,4,0,0,3,1181,0,16,1197,1996
,4,CAMPECHE,9,CIUDAD DEL CARMEN,3,CARMEN,189,2,20,159,1,7,12,250,353,2,2,2,6,1,0,2,8,825,1,23,849,1462
,4,CAMPECHE,9,CIUDAD DEL CARMEN,3,CARMEN,190,2,11,163,7,3,10,185,312,8,2,2,4,1,0,0,3,711,0,8,719,1400
,4,CAMPECHE,9,CIUDAD DEL CARMEN,3,CARMEN,194,2,12,178,0,3,2,167,322,5,4,6,4,1,0,0,4,708,0,16,724,1366
,4,CAMPECHE,9,CIUDAD DEL CARMEN,3,CARMEN,195,2,6,169,2,5,6,173,306,4,4,4,5,1,0,0,4,689,0,14,703,1311
,4,CAMPECHE,9,CIUDAD DEL CARMEN,3,CARMEN,196,2,12,162,2,4,12,171,327,7,4,2,0,0,0,0,8,711,1,20,732,1393
,4,CAMPECHE,9,CIUDAD DEL CARMEN,3,CARMEN,197,2,21,166,2,7,12,136,286,3,2,1,2,1,0,0,1,640,0,6,646,1198
,4,CAMPECHE,9,CIUDAD DEL CARMEN,3,CARMEN,201,2,6,69,2,2,6,71,94,3,1,0,1,1,0,0,0,256,0,3,259,918
,4,CAMPECHE,9,CIUDAD DEL CARMEN,3,CARMEN,202,3,21,314,1,12,17,197,354,2,3,2,5,2,0,1,8,939,0,20,959,1691
,4,CAMPECHE,9,CIUDAD DEL CARMEN,3,CARMEN,203,2,25,188,6,2,10,212,301,4,6,3,7,3,1,1,1,770,0,14,784,1492
,4,CAMPECHE,9,CIUDAD DEL CARMEN,3,CARMEN,204,1,10,74,4,2,15,118,160,1,3,1,4,2,0,1,3,398,0,6,404,709
,4,CAMPECHE,9,CIUDAD DEL CARMEN,3,CARMEN,207,3,25,220,6,5,13,242,303,8,1,5,7,4,0,0,9,848,1,23,872,1687
,4,CAMPECHE,9,CIUDAD DEL CARMEN,3,CARMEN,208,3,31,186,1,6,13,268,341,12,1,4,3,0,0,1,4,871,0,10,881,1546
,4,CAMPECHE,9,CIUDAD DEL CARMEN,3,CARMEN,209,2,26,230,2,8,13,219,355,2,3,2,6,0,0,0,3,869,0,10,879,1458
,4,CAMPECHE,9,CIUDAD DEL CARMEN,3,CARMEN,210,3,23,261,0,9,12,269,301,7,4,1,8,1,0,0,7,903,0,9,912,1607
,4,CAMPECHE,9,CIUDAD DEL CARMEN,3,CARMEN,212,2,15,139,1,3,11,111,165,0,2,1,6,1,0,1,4,460,0,9,469,777
,4,CAMPECHE,9,CIUDAD DEL CARMEN,3,CARMEN,213,2,21,105,3,11,14,119,222,6,1,1,7,2,0,1,4,517,0,10,527,896
,4,CAMPECHE,9,CIUDAD DEL CARMEN,3,CARMEN,217,2,17,169,8,3,38,179,308,3,1,1,6,1,0,0,3,737,1,13,751,1266
,4,CAMPECHE,9,CIUDAD DEL CARMEN,3,CARMEN,218,3,36,185,1,11,20,246,324,9,4,2,11,0,0,0,8,857,0,11,868,1177
,4,CAMPECHE,9,CIUDAD DEL CARMEN,3,CARMEN,219,1,14,68,0,3,5,94,114,2,0,0,2,0,0,0,2,304,1,4,309,466
,4,CAMPECHE,9,CIUDAD DEL CARMEN,3,CARMEN,226,2,17,148,0,9,8,144,279,2,4,1,3,2,0,0,2,619,0,4,623,1149
,4,CAMPECHE,9,CIUDAD DEL CARMEN,3,CARMEN,227,2,14,156,4,6,6,222,291,1,0,3,4,2,0,1,6,716,0,22,738,1400
,4,CAMPECHE,9,CIUDAD DEL CARMEN,3,CARMEN,228,3,14,155,7,4,9,236,329,6,3,5,6,2,0,1,5,782,0,13,795,991
,4,CAMPECHE,10,CIUDAD DEL CARMEN,3,CARMEN,183,8,98,550,14,21,19,576,980,11,8,9,16,3,0,2,9,2316,0,38,2354,5590
,4,CAMPECHE,10,CIUDAD DEL CARMEN,3,CARMEN,184,7,68,495,7,19,23,612,898,16,7,2,13,3,0,1,9,2173,0,13,2186,4962
,4,CAMPECHE,10,CIUDAD DEL CARMEN,3,CARMEN,185,5,19,331,2,9,14,312,643,9,5,7,6,3,0,0,5,1365,0,41,1406,3114
,4,CAMPECHE,10,CIUDAD DEL CARMEN,3,CARMEN,186,2,7,184,1,4,7,166,321,6,2,0,2,0,0,1,6,707,0,20,727,1436
,4,CAMPECHE,10,CIUDAD DEL CARMEN,3,CARMEN,191,3,19,218,7,13,15,269,448,6,2,2,6,1,0,1,7,1014,0,15,1029,2163
,4,CAMPECHE,10,CIUDAD DEL CARMEN,3,CARMEN,192,3,8,162,1,2,11,199,310,0,3,2,8,1,0,0,4,711,0,15,726,1596
,4,CAMPECHE,10,CIUDAD DEL CARMEN,3,CARMEN,193,1,10,90,1,2,4,76,131,3,0,1,1,0,0,0,2,321,1,8,330,612
,4,CAMPECHE,10,CIUDAD DEL CARMEN,3,CARMEN,206,5,47,403,6,9,17,477,651,7,1,4,15,1,0,2,5,1645,0,28,1673,3098
,4,CAMPECHE,10,CIUDAD DEL CARMEN,3,CARMEN,231,4,17,235,2,17,8,289,463,4,2,2,7,4,0,0,7,1057,1,23,1081,2307
,4,CAMPECHE,10,CIUDAD DEL CARMEN,3,CARMEN,493,2,21,109,1,7,13,160,207,2,3,5,4,4,0,0,7,543,0,7,550,856
,4,CAMPECHE,10,CIUDAD DEL CARMEN,3,CARMEN,494,1,33,67,0,4,12,138,147,4,1,0,1,0,0,1,5,413,0,4,417,695
,4,CAMPECHE,10,CIUDAD DEL CARMEN,3,CARMEN,495,1,7,76,0,3,4,87,138,0,0,0,4,1,0,0,4,324,0,2,326,569
,4,CAMPECHE,10,CIUDAD DEL CARMEN,3,CARMEN,496,1,3,56,3,6,6,76,130,1,6,3,0,0,0,0,2,292,0,7,299,563
,4,CAMPECHE,10,CIUDAD DEL CARMEN,3,CARMEN,502,2,14,108,0,2,8,193,182,6,3,2,10,2,0,0,2,532,0,4,536,957
,4,CAMPECHE,10,CIUDAD DEL CARMEN,3,CARMEN,503,1,20,110,1,8,4,163,133,2,2,2,4,1,0,0,0,450,1,5,456,716
,4,CAMPECHE,10,CIUDAD DEL CARMEN,3,CARMEN,506,1,28,89,0,4,2,129,126,2,0,0,1,1,0,0,0,382,0,4,386,693
,4,CAMPECHE,11,CIUDAD DEL CARMEN,3,CARMEN,230,9,38,534,4,36,35,671,1128,16,10,4,16,5,0,0,10,2507,0,55,2562,6629
,4,CAMPECHE,11,CIUDAD DEL CARMEN,3,CARMEN,244,12,63,664,10,23,37,860,1347,10,11,10,20,5,0,4,18,3082,1,76,3159,8402
,4,CAMPECHE,11,CIUDAD DEL CARMEN,3,CARMEN,497,1,9,64,0,2,3,95,113,0,1,1,1,1,0,0,0,290,1,6,297,462
,4,CAMPECHE,11,CIUDAD DEL CARMEN,3,CARMEN,498,1,2,88,1,3,4,131,164,1,1,0,4,1,0,0,3,403,0,6,409,733
,4,CAMPECHE,11,CIUDAD DEL CARMEN,3,CARMEN,499,1,17,88,0,1,3,108,103,0,3,1,3,0,0,0,3,330,0,3,333,508
,4,CAMPECHE,11,CIUDAD DEL CARMEN,3,CARMEN,500,1,30,74,3,4,10,83,111,4,1,1,1,0,0,0,4,326,0,3,329,533
,4,CAMPECHE,11,CIUDAD DEL CARMEN,3,CARMEN,501,1,2,57,1,2,0,86,116,1,2,1,5,0,0,0,3,276,0,3,279,439
,4,CAMPECHE,11,CIUDAD DEL CARMEN,3,CARMEN,504,3,71,178,7,10,11,299,376,5,7,6,4,1,0,0,5,980,1,9,990,1703
,4,CAMPECHE,11,CIUDAD DEL CARMEN,3,CARMEN,505,1,6,75,0,1,4,88,88,1,0,2,6,1,0,0,2,274,0,2,276,466
,4,CAMPECHE,11,CIUDAD DEL CARMEN,3,CARMEN,507,1,7,51,0,1,6,88,120,2,6,0,2,0,0,0,0,283,0,3,286,473
,4,CAMPECHE,11,CIUDAD DEL CARMEN,3,CARMEN,508,1,3,74,0,2,3,84,100,6,0,0,4,1,0,0,1,278,0,3,281,450
,4,CAMPECHE,11,CIUDAD DEL CARMEN,3,CARMEN,509,3,13,158,1,7,7,272,416,6,4,4,4,2,0,0,1,895,0,3,898,2108
,4,CAMPECHE,11,CIUDAD DEL CARMEN,3,CARMEN,510,1,7,55,0,5,7,94,134,1,2,2,4,0,0,0,2,313,0,4,317,566
,4,CAMPECHE,11,CIUDAD DEL CARMEN,3,CARMEN,511,2,6,63,5,1,3,110,192,1,3,0,5,0,0,0,1,390,0,7,397,920
,4,CAMPECHE,11,CIUDAD DEL CARMEN,3,CARMEN,512,1,7,57,4,3,9,72,93,2,1,0,3,0,0,0,1,252,0,1,253,445
,4,CAMPECHE,11,CIUDAD DEL CARMEN,3,CARMEN,513,1,3,46,2,1,1,73,103,1,4,0,1,0,0,0,1,236,0,3,239,529
,4,CAMPECHE,11,CIUDAD DEL CARMEN,3,CARMEN,514,1,1,56,0,1,7,61,117,2,0,0,2,0,0,0,0,247,1,4,252,493
,4,CAMPECHE,11,CIUDAD DEL CARMEN,3,CARMEN,515,2,4,61,0,3,1,109,175,4,2,1,1,0,0,0,1,362,0,9,371,812
,4,CAMPECHE,11,CIUDAD DEL CARMEN,3,CARMEN,516,1,2,29,0,1,1,89,109,1,3,1,3,0,0,0,2,241,0,5,246,539
,4,CAMPECHE,11,CIUDAD DEL CARMEN,3,CARMEN,517,2,8,94,1,3,5,163,216,1,3,2,1,1,0,0,2,500,0,8,508,1102
,4,CAMPECHE,11,CIUDAD DEL CARMEN,3,CARMEN,518,1,7,47,1,3,1,76,81,3,0,1,3,1,0,0,1,225,0,2,227,493
,4,CAMPECHE,11,CIUDAD DEL CARMEN,3,CARMEN,519,1,5,43,1,4,3,74,109,2,3,0,2,0,0,0,1,247,0,7,254,500
,4,CAMPECHE,11,CIUDAD DEL CARMEN,3,CARMEN,520,1,1,55,1,3,6,104,140,0,0,1,1,0,0,0,3,315,0,4,319,666
,4,CAMPECHE,11,CIUDAD DEL CARMEN,3,CARMEN,521,1,7,63,0,4,1,99,123,0,0,3,2,1,0,0,2,305,0,4,309,500
,4,CAMPECHE,11,CIUDAD DEL CARMEN,3,CARMEN,522,1,3,70,1,2,3,81,106,2,1,0,0,0,0,0,1,270,0,7,277,564
,4,CAMPECHE,11,CIUDAD DEL CARMEN,3,CARMEN,523,1,3,45,1,2,0,62,98,0,1,0,2,0,0,0,2,216,0,4,220,475
,4,CAMPECHE,11,CIUDAD DEL CARMEN,3,CARMEN,524,1,7,79,0,5,2,41,84,0,1,0,2,1,0,0,0,222,0,3,225,416
,4,CAMPECHE,11,CIUDAD DEL CARMEN,3,CARMEN,525,1,3,35,0,5,0,51,94,1,1,0,0,0,0,0,1,191,0,3,194,400
,4,CAMPECHE,11,CIUDAD DEL CARMEN,3,CARMEN,526,1,3,45,0,3,0,54,74,0,1,0,0,0,0,0,2,182,0,3,185,387
,4,CAMPECHE,11,CIUDAD DEL CARMEN,3,CARMEN,527,1,0,43,1,2,0,37,70,3,0,0,1,1,0,0,1,159,0,3,162,359
,4,CAMPECHE,12,SABANCUY,3,CARMEN,250,3,22,378,2,19,7,476,373,11,3,11,16,8,0,0,0,1326,0,63,1389,2076
,4,CAMPECHE,12,SABANCUY,3,CARMEN,251,2,16,227,1,14,1,261,212,1,2,4,5,1,0,1,1,747,0,25,772,1065
,4,CAMPECHE,12,SABANCUY,3,CARMEN,252,2,15,238,1,20,3,246,204,3,2,4,6,2,0,1,5,750,0,20,770,1027
,4,CAMPECHE,12,SABANCUY,3,CARMEN,253,3,20,366,3,14,2,365,351,7,4,3,8,4,1,2,2,1152,0,40,1192,1729
,4,CAMPECHE,12,SABANCUY,3,CARMEN,254,1,2,152,2,3,4,52,293,6,2,2,4,2,0,0,0,524,0,18,542,683
,4,CAMPECHE,12,SABANCUY,3,CARMEN,255,1,4,102,0,4,8,156,168,5,0,5,0,0,0,0,0,452,0,9,461,591
,4,CAMPECHE,12,SABANCUY,3,CARMEN,256,4,11,285,9,9,7,247,603,10,13,3,18,6,0,1,2,1224,0,44,1268,2364
,4,CAMPECHE,12,SABANCUY,3,CARMEN,257,5,15,410,5,12,10,316,746,10,28,4,29,4,0,1,9,1599,0,50,1649,3253
,4,CAMPECHE,12,SABANCUY,3,CARMEN,258,2,8,244,0,8,3,269,308,13,10,2,2,11,0,0,2,880,0,18,898,1422
,4,CAMPECHE,12,SABANCUY,3,CARMEN,259,2,10,195,22,9,6,276,272,9,10,7,10,5,0,1,2,834,0,9,843,1384
,4,CAMPECHE,12,SABANCUY,3,CARMEN,260,2,6,94,10,5,1,119,180,8,2,9,7,2,0,0,2,445,0,7,452,755
,4,CAMPECHE,12,SABANCUY,3,CARMEN,261,2,4,189,6,3,3,205,334,14,23,13,10,1,0,0,2,807,0,20,827,1266
,4,CAMPECHE,12,SABANCUY,3,CARMEN,262,3,11,324,4,10,6,319,328,9,9,6,11,10,1,1,5,1054,0,32,1086,1590
,4,CAMPECHE,12,SABANCUY,3,CARMEN,270,1,0,0,0,0,0,0,0,0,0,0,0,0,0,0,0,0,0,0,0,291
,4,CAMPECHE,12,SABANCUY,3,CARMEN,271,2,11,153,2,6,3,53,179,5,5,3,8,5,1,0,0,434,0,17,451,759
,4,CAMPECHE,12,SABANCUY,3,CARMEN,272,1,0,32,0,0,0,7,30,0,0,0,0,0,0,0,0,69,0,1,70,132
,4,CAMPECHE,12,SABANCUY,3,CARMEN,284,1,10,117,0,1,0,6,39,6,0,0,2,5,0,0,0,186,0,10,196,310
,4,CAMPECHE,12,SABANCUY,3,CARMEN,472,2,20,133,21,19,1,210,204,7,3,1,8,3,0,0,0,630,0,28,658,1062
,4,CAMPECHE,12,SABANCUY,3,CARMEN,473,2,7,144,38,23,2,212,202,6,6,2,2,0,0,0,6,650,0,17,667,982
,4,CAMPECHE,12,SABANCUY,3,CARMEN,474,1,20,108,4,5,0,21,45,1,2,0,2,1,1,0,0,210,0,4,214,291
,4,CAMPECHE,12,SABANCUY,3,CARMEN,478,2,47,209,20,13,2,339,186,5,9,4,5,4,0,0,1,844,0,17,861,1303
,4,CAMPECHE,12,SABANCUY,3,CARMEN,479,1,11,109,9,9,0,114,109,3,1,3,3,2,0,0,0,373,0,15,388,544
,4,CAMPECHE,12,SABANCUY,3,CARMEN,483,1,1,70,4,13,0,41,71,3,3,0,1,2,0,1,1,211,0,6,217,349
,4,CAMPECHE,12,SABANCUY,3,CARMEN,484,2,40,137,14,18,2,113,126,4,3,0,3,3,0,0,3,466,0,17,483,1458
,4,CAMPECHE,12,SABANCUY,3,CARMEN,486,3,9,217,5,5,2,151,194,10,9,4,7,4,0,1,1,619,0,22,641,1618
,4,CAMPECHE,12,SABANCUY,3,CARMEN,487,2,76,131,2,5,1,181,130,4,9,1,6,8,2,0,1,557,0,22,579,831
,4,CAMPECHE,12,SABANCUY,3,CARMEN,488,1,0,0,0,0,0,0,0,0,0,0,0,0,0,0,0,0,0,0,0,473
,4,CAMPECHE,12,SABANCUY,3,CARMEN,491,3,49,238,1,12,5,282,377,10,7,5,7,1,1,0,3,998,1,11,1010,1732
,4,CAMPECHE,12,SABANCUY,3,CARMEN,492,3,50,175,2,7,13,252,329,4,4,1,7,1,0,0,8,853,0,6,859,1741
,4,CAMPECHE,13,ESCARCEGA,9,ESCARCEGA,448,5,92,304,8,20,12,722,499,9,6,5,18,14,0,1,8,1718,2,49,1769,3180
,4,CAMPECHE,13,ESCARCEGA,9,ESCARCEGA,449,2,45,161,2,8,14,275,236,2,1,1,13,6,1,0,3,768,0,20,788,1431
,4,CAMPECHE,13,ESCARCEGA,9,ESCARCEGA,450,2,66,191,1,7,5,287,196,6,0,0,11,6,0,1,3,780,0,17,797,1345
,4,CAMPECHE,13,ESCARCEGA,9,ESCARCEGA,451,3,49,231,9,10,15,338,279,8,14,2,17,14,0,3,2,991,1,37,1029,1845
,4,CAMPECHE,13,ESCARCEGA,9,ESCARCEGA,452,1,20,98,0,1,0,133,98,1,0,1,5,8,1,0,0,366,0,5,371,591
,4,CAMPECHE,13,ESCARCEGA,9,ESCARCEGA,453,2,24,98,2,7,2,220,140,1,2,0,8,4,0,1,4,513,0,14,527,828
,4,CAMPECHE,13,ESCARCEGA,9,ESCARCEGA,454,3,62,277,7,11,8,465,317,4,4,2,13,9,0,1,2,1182,0,29,1211,2113
,4,CAMPECHE,13,ESCARCEGA,9,ESCARCEGA,455,3,43,215,10,11,6,270,230,7,4,1,7,6,0,0,1,811,0,27,838,1551
,4,CAMPECHE,13,ESCARCEGA,9,ESCARCEGA,456,2,24,95,3,7,4,203,131,4,2,0,6,3,0,0,2,484,0,14,498,891
,4,CAMPECHE,13,ESCARCEGA,9,ESCARCEGA,457,1,17,126,2,3,6,222,98,1,3,0,9,1,0,0,2,490,0,20,510,733
,4,CAMPECHE,13,ESCARCEGA,9,ESCARCEGA,458,2,23,152,1,1,2,224,156,3,5,0,6,2,0,0,4,579,0,12,591,947
,4,CAMPECHE,13,ESCARCEGA,9,ESCARCEGA,459,1,25,84,5,10,3,195,99,0,1,0,6,4,0,0,1,433,0,8,441,739
,4,CAMPECHE,13,ESCARCEGA,9,ESCARCEGA,460,2,21,205,3,7,2,393,213,5,3,1,5,4,0,0,7,869,0,10,879,634
,4,CAMPECHE,13,ESCARCEGA,9,ESCARCEGA,461,2,29,151,20,6,7,281,193,4,6,0,11,5,0,0,3,716,0,22,738,1239
,4,CAMPECHE,13,ESCARCEGA,9,ESCARCEGA,462,2,23,113,2,8,2,240,142,6,5,3,10,5,0,0,3,562,0,22,584,1087
,4,CAMPECHE,13,ESCARCEGA,9,ESCARCEGA,463,2,59,182,3,3,5,301,178,5,4,3,6,6,0,1,1,757,0,14,771,1230
,4,CAMPECHE,13,ESCARCEGA,9,ESCARCEGA,464,3,41,239,7,15,4,393,255,10,8,3,12,7,0,0,2,996,0,35,1031,1996
,4,CAMPECHE,13,ESCARCEGA,9,ESCARCEGA,465,1,3,59,3,2,2,73,96,2,1,0,3,1,0,0,0,245,0,3,248,355
,4,CAMPECHE,13,ESCARCEGA,9,ESCARCEGA,466,2,38,75,5,6,3,118,66,3,3,0,2,1,1,0,0,321,0,6,327,502
,4,CAMPECHE,13,ESCARCEGA,9,ESCARCEGA,471,2,33,118,2,20,4,354,262,11,9,1,4,6,1,1,0,826,0,18,844,1322
,4,CAMPECHE,13,ESCARCEGA,9,ESCARCEGA,475,2,37,69,14,16,8,255,167,7,3,3,7,2,0,2,2,592,0,12,604,980
,4,CAMPECHE,13,ESCARCEGA,9,ESCARCEGA,476,2,39,67,5,9,8,182,132,4,3,1,7,2,0,0,1,460,0,13,473,828
,4,CAMPECHE,13,ESCARCEGA,9,ESCARCEGA,477,2,66,119,5,16,17,306,143,8,1,1,11,7,0,1,0,701,0,27,728,1194
,4,CAMPECHE,13,ESCARCEGA,9,ESCARCEGA,480,2,71,120,1,9,13,194,178,5,3,1,6,3,0,0,0,604,0,12,616,921
,4,CAMPECHE,13,ESCARCEGA,9,ESCARCEGA,481,2,23,114,4,4,19,238,270,8,4,1,5,0,0,1,4,695,0,18,713,1215
,4,CAMPECHE,13,ESCARCEGA,9,ESCARCEGA,482,1,1,102,4,2,16,148,123,2,2,2,2,0,0,0,1,405,0,26,431,683
,4,CAMPECHE,13,ESCARCEGA,9,ESCARCEGA,485,2,26,58,2,11,12,157,199,6,6,3,1,1,0,0,0,482,0,17,499,756
,4,CAMPECHE,13,ESCARCEGA,9,ESCARCEGA,489,3,71,202,5,6,6,474,259,5,9,1,9,6,0,0,2,1055,0,27,1082,2108
,4,CAMPECHE,14,CANDELARIA,10,CANDELARIA,274,2,137,179,2,6,5,137,261,5,4,0,2,7,1,0,0,746,0,17,763,1097
,4,CAMPECHE,14,CANDELARIA,10,CANDELARIA,275,2,51,68,1,3,3,44,166,6,2,1,1,1,0,0,1,348,0,10,358,562
,4,CAMPECHE,14,CANDELARIA,10,CANDELARIA,276,1,41,57,3,1,1,23,104,1,2,0,0,6,0,0,0,239,0,1,240,378
,4,CAMPECHE,14,CANDELARIA,10,CANDELARIA,277,3,204,268,2,5,5,164,432,10,17,7,11,14,0,1,2,1142,0,21,1163,1752
,4,CAMPECHE,14,CANDELARIA,10,CANDELARIA,279,3,214,178,2,7,3,200,507,7,7,3,9,22,1,0,7,1167,0,32,1199,2149
,4,CAMPECHE,14,CANDELARIA,10,CANDELARIA,280,3,211,113,1,3,2,179,351,5,6,0,9,9,0,0,2,891,0,22,913,1674
,4,CAMPECHE,14,CANDELARIA,10,CANDELARIA,281,2,128,120,3,7,4,182,277,3,4,1,6,10,0,1,4,750,0,25,775,1341
,4,CAMPECHE,14,CANDELARIA,10,CANDELARIA,282,2,141,99,5,11,4,108,223,6,6,1,6,9,0,0,2,621,0,25,646,1125
,4,CAMPECHE,14,CANDELARIA,10,CANDELARIA,283,3,244,204,5,3,6,214,408,11,6,2,6,14,0,0,2,1125,0,30,1155,2116
,4,CAMPECHE,14,CANDELARIA,10,CANDELARIA,285,2,129,75,4,4,1,82,186,2,6,1,4,7,0,0,1,502,0,19,521,830
,4,CAMPECHE,14,CANDELARIA,10,CANDELARIA,286,1,37,30,1,1,0,13,69,2,2,0,1,3,0,0,0,159,0,6,165,303
,4,CAMPECHE,14,CANDELARIA,10,CANDELARIA,287,1,27,58,1,1,0,38,65,0,4,0,4,2,0,0,0,200,0,8,208,307
,4,CAMPECHE,14,CANDELARIA,10,CANDELARIA,288,1,67,36,0,3,1,32,65,2,4,14,1,7,0,0,0,232,0,5,237,416
,4,CAMPECHE,14,CANDELARIA,10,CANDELARIA,289,2,128,109,3,6,1,84,137,2,0,1,1,4,0,0,0,476,0,2,478,751
,4,CAMPECHE,14,CANDELARIA,10,CANDELARIA,290,1,12,17,1,3,0,13,29,0,1,1,0,2,0,0,0,79,0,1,80,136
,4,CAMPECHE,14,CANDELARIA,10,CANDELARIA,291,2,190,79,1,1,2,72,257,11,10,6,3,1,1,0,2,636,0,13,649,1137
,4,CAMPECHE,14,CANDELARIA,10,CANDELARIA,292,1,76,60,2,4,0,45,184,6,5,0,3,5,0,0,0,390,0,17,407,605
,4,CAMPECHE,14,CANDELARIA,10,CANDELARIA,293,2,68,133,3,10,3,149,237,9,5,1,6,6,0,0,3,633,0,16,649,1009
,4,CAMPECHE,14,CANDELARIA,10,CANDELARIA,294,1,7,14,1,0,1,41,21,0,0,0,0,1,0,0,0,86,0,4,90,174
,4,CAMPECHE,14,CANDELARIA,10,CANDELARIA,295,3,223,148,14,14,8,191,486,16,8,6,6,3,1,0,1,1125,0,32,1157,1836
,4,CAMPECHE,14,CANDELARIA,10,CANDELARIA,296,1,40,94,2,4,4,125,163,1,0,12,1,3,0,0,1,450,0,21,471,750
,4,CAMPECHE,14,CANDELARIA,10,CANDELARIA,297,2,71,102,1,7,5,184,169,2,6,2,1,2,0,0,1,553,0,12,565,788
,4,CAMPECHE,14,CANDELARIA,10,CANDELARIA,298,2,50,79,2,4,8,237,199,10,4,2,3,3,0,0,0,601,0,20,621,950
,4,CAMPECHE,14,CANDELARIA,10,CANDELARIA,299,2,62,94,6,7,6,186,305,2,6,5,0,3,1,0,1,684,0,31,715,1102
,4,CAMPECHE,14,CANDELARIA,10,CANDELARIA,300,1,13,60,2,3,1,75,103,3,3,2,0,4,0,0,1,270,0,11,281,457
,4,CAMPECHE,14,CANDELARIA,10,CANDELARIA,301,3,189,193,6,5,8,162,475,19,16,7,5,15,2,0,0,1102,0,32,1134,1801
,4,CAMPECHE,14,CANDELARIA,10,CANDELARIA,302,1,12,34,0,1,3,75,58,2,0,1,2,1,0,0,1,190,0,11,201,304
,4,CAMPECHE,14,CANDELARIA,10,CANDELARIA,490,2,7,63,1,3,0,44,107,0,3,0,1,2,0,0,2,233,0,7,240,316
,4,CAMPECHE,14,CANDELARIA,10,CANDELARIA,531,2,115,71,4,9,1,58,215,9,6,2,3,8,0,0,2,503,0,15,518,828
,4,CAMPECHE,14,CANDELARIA,10,CANDELARIA,532,2,118,164,7,12,3,54,411,7,17,0,12,14,0,0,2,821,0,14,835,1296
,4,CAMPECHE,14,CANDELARIA,10,CANDELARIA,533,3,97,76,3,13,5,150,397,13,18,4,4,8,0,0,2,790,0,39,829,1487
,4,CAMPECHE,14,CANDELARIA,10,CANDELARIA,534,1,19,51,1,3,2,46,73,4,4,2,2,4,0,0,0,211,0,6,217,372
,4,CAMPECHE,14,CANDELARIA,10,CANDELARIA,535,1,25,86,0,4,2,53,89,4,0,0,3,3,0,1,0,270,0,7,277,398
,4,CAMPECHE,14,CANDELARIA,10,CANDELARIA,536,3,183,149,5,13,2,171,531,22,28,5,9,12,2,0,1,1133,0,39,1172,2121
,4,CAMPECHE,14,CANDELARIA,10,CANDELARIA,537,1,53,45,1,1,2,65,156,6,6,0,2,4,0,0,1,342,0,13,355,633
,4,CAMPECHE,15,CHAMPOTON,4,CHAMPOTON,303,2,9,160,2,8,4,137,214,1,2,2,12,3,0,0,1,555,0,8,563,797
,4,CAMPECHE,15,CHAMPOTON,4,CHAMPOTON,304,2,3,76,0,2,1,60,89,1,0,0,10,1,0,1,0,244,0,3,247,763
,4,CAMPECHE,15,CHAMPOTON,4,CHAMPOTON,305,2,4,151,2,4,5,215,249,3,5,1,5,11,1,0,2,658,0,22,680,1170
,4,CAMPECHE,15,CHAMPOTON,4,CHAMPOTON,306,3,10,198,11,23,5,309,316,1,5,2,13,3,0,0,4,900,0,22,922,1523
,4,CAMPECHE,15,CHAMPOTON,4,CHAMPOTON,307,2,1,179,0,11,15,166,203,3,0,1,8,1,0,0,2,590,0,11,601,842
,4,CAMPECHE,15,CHAMPOTON,4,CHAMPOTON,308,2,10,207,3,9,5,240,214,2,0,0,8,1,0,0,2,701,0,3,704,451
,4,CAMPECHE,15,CHAMPOTON,4,CHAMPOTON,309,1,12,143,0,3,0,79,164,0,3,0,7,3,0,0,2,416,0,6,422,630
,4,CAMPECHE,15,CHAMPOTON,4,CHAMPOTON,310,2,18,99,0,2,1,89,126,2,1,0,5,1,0,0,1,345,0,4,349,908
,4,CAMPECHE,15,CHAMPOTON,4,CHAMPOTON,311,1,2,150,3,10,0,139,167,2,2,2,9,0,0,0,3,489,0,5,494,692
,4,CAMPECHE,15,CHAMPOTON,4,CHAMPOTON,312,3,17,291,8,24,15,338,340,9,6,4,8,3,0,0,4,1067,0,14,1081,2109
,4,CAMPECHE,15,CHAMPOTON,4,CHAMPOTON,313,2,2,133,6,11,4,237,249,10,9,0,7,1,0,0,5,674,0,16,690,1398
,4,CAMPECHE,15,CHAMPOTON,4,CHAMPOTON,314,2,9,145,4,20,5,235,232,2,1,1,11,2,0,1,0,668,0,17,685,1093
,4,CAMPECHE,15,CHAMPOTON,4,CHAMPOTON,315,2,9,158,5,27,2,241,317,8,7,1,5,1,0,1,4,786,1,10,797,1376
,4,CAMPECHE,15,CHAMPOTON,4,CHAMPOTON,316,3,9,233,3,19,3,359,272,11,7,1,16,0,0,1,5,939,0,24,963,1650
,4,CAMPECHE,15,CHAMPOTON,4,CHAMPOTON,317,4,13,230,3,34,4,412,413,6,7,3,10,1,0,0,5,1141,0,37,1178,2257
,4,CAMPECHE,15,CHAMPOTON,4,CHAMPOTON,318,3,18,221,7,21,6,337,348,7,15,1,16,1,0,1,4,1003,0,29,1032,1676
,4,CAMPECHE,15,CHAMPOTON,4,CHAMPOTON,319,9,65,719,20,82,10,872,1092,14,23,5,30,20,0,2,17,2971,1,88,3060,6214
,4,CAMPECHE,15,CHAMPOTON,4,CHAMPOTON,338,1,2,43,7,3,3,37,69,2,1,0,1,1,0,0,0,169,0,0,169,231
,4,CAMPECHE,15,CHAMPOTON,4,CHAMPOTON,341,2,22,253,2,24,5,255,295,9,8,1,12,3,0,0,6,895,0,22,917,1342
,4,CAMPECHE,15,CHAMPOTON,4,CHAMPOTON,344,1,14,98,2,3,3,93,236,9,7,2,3,0,0,0,2,472,0,7,479,699
,4,CAMPECHE,15,CHAMPOTON,4,CHAMPOTON,345,2,29,104,7,5,4,114,219,6,5,3,3,5,0,0,0,504,0,9,513,910
,4,CAMPECHE,15,CHAMPOTON,4,CHAMPOTON,346,2,50,90,5,5,2,128,243,11,7,0,6,1,0,1,2,551,0,17,568,1034
,4,CAMPECHE,15,CHAMPOTON,4,CHAMPOTON,349,2,102,140,4,11,2,175,350,9,5,3,11,3,1,1,0,817,0,19,836,1179
,4,CAMPECHE,15,CHAMPOTON,4,CHAMPOTON,350,3,42,288,12,3,1,228,459,16,17,5,5,1,0,0,2,1079,0,26,1105,1521
,4,CAMPECHE,15,CHAMPOTON,4,CHAMPOTON,351,1,20,80,1,2,0,162,105,1,4,1,1,5,0,0,2,384,0,9,393,515
,4,CAMPECHE,15,CHAMPOTON,4,CHAMPOTON,353,1,9,95,2,1,0,92,84,1,4,1,1,0,0,0,0,290,0,6,296,396
,4,CAMPECHE,15,CHAMPOTON,4,CHAMPOTON,355,1,6,82,4,2,1,33,90,2,2,1,0,1,0,1,0,225,0,5,230,272
,4,CAMPECHE,16,SEYBAPLAYA,4,CHAMPOTON,329,2,7,233,5,14,6,182,172,4,12,0,10,0,0,0,1,646,0,24,670,892
,4,CAMPECHE,16,SEYBAPLAYA,4,CHAMPOTON,330,2,5,204,0,4,4,204,321,5,8,1,11,2,0,0,1,770,0,12,782,1080
,4,CAMPECHE,16,SEYBAPLAYA,4,CHAMPOTON,332,1,0,0,0,0,0,0,0,0,0,0,0,0,0,0,0,0,0,0,0,512
,4,CAMPECHE,16,SEYBAPLAYA,4,CHAMPOTON,333,2,9,251,6,20,6,253,198,7,5,3,6,2,0,1,5,772,0,21,793,1211
,4,CAMPECHE,16,SEYBAPLAYA,4,CHAMPOTON,334,4,8,212,5,11,4,178,335,11,15,0,4,0,0,0,1,784,0,14,798,1077
,4,CAMPECHE,16,SEYBAPLAYA,4,CHAMPOTON,335,2,2,118,4,11,6,116,238,7,2,0,6,2,0,1,1,514,0,7,521,765
,4,CAMPECHE,16,SEYBAPLAYA,4,CHAMPOTON,336,2,19,187,5,9,7,112,250,9,5,3,9,6,0,1,1,623,0,19,642,918
,4,CAMPECHE,16,SEYBAPLAYA,4,CHAMPOTON,337,2,4,148,5,8,1,85,298,7,4,6,4,2,0,0,1,573,1,18,592,865
,4,CAMPECHE,16,SEYBAPLAYA,4,CHAMPOTON,339,1,3,157,3,7,2,73,166,1,3,1,9,2,0,0,1,428,0,9,437,635
,4,CAMPECHE,16,SEYBAPLAYA,4,CHAMPOTON,340,4,30,331,5,16,3,409,484,17,8,7,5,3,0,2,2,1322,0,35,1357,2214
,4,CAMPECHE,16,SEYBAPLAYA,4,CHAMPOTON,342,2,1,274,9,20,2,366,199,6,8,0,3,4,0,1,0,893,0,18,911,1211
,4,CAMPECHE,16,SEYBAPLAYA,4,CHAMPOTON,343,2,7,220,2,10,1,224,266,2,3,3,4,1,0,0,1,744,0,19,763,1079
,4,CAMPECHE,16,SEYBAPLAYA,4,CHAMPOTON,347,3,11,276,4,5,5,248,402,8,10,6,5,2,0,0,2,984,0,16,1000,1438
,4,CAMPECHE,16,SEYBAPLAYA,4,CHAMPOTON,348,2,10,124,4,5,2,91,212,12,7,3,0,1,0,0,0,471,0,20,491,776
,4,CAMPECHE,16,SEYBAPLAYA,4,CHAMPOTON,352,1,8,120,3,3,1,184,103,2,2,1,0,2,0,0,3,432,0,0,432,631
,4,CAMPECHE,16,SEYBAPLAYA,4,CHAMPOTON,354,1,11,170,5,8,3,172,119,4,4,1,3,3,0,0,0,503,0,17,520,738
,4,CAMPECHE,16,SEYBAPLAYA,4,CHAMPOTON,528,1,5,86,2,5,0,133,95,6,7,2,1,2,0,0,1,345,0,10,355,592
,4,CAMPECHE,16,SEYBAPLAYA,4,CHAMPOTON,529,2,2,78,1,8,1,155,237,9,14,2,3,1,0,0,1,512,0,21,533,870
,4,CAMPECHE,16,SEYBAPLAYA,4,CHAMPOTON,530,1,23,41,11,1,0,55,49,2,4,1,0,1,2,1,0,191,0,10,201,257
,4,CAMPECHE,16,SEYBAPLAYA,4,CHAMPOTON,538,5,57,474,19,102,6,499,456,14,18,3,13,7,1,1,10,1680,0,90,1770,3092
,4,CAMPECHE,16,SEYBAPLAYA,4,CHAMPOTON,539,2,6,223,1,6,2,194,429,4,5,2,12,1,1,1,1,888,0,11,899,1102
,4,CAMPECHE,16,SEYBAPLAYA,13,SEYBAPLAYA,320,3,8,379,8,2,9,450,438,11,6,1,4,2,0,0,2,1320,0,18,1338,1761
,4,CAMPECHE,16,SEYBAPLAYA,13,SEYBAPLAYA,321,2,6,238,3,0,7,179,185,1,2,0,6,0,0,1,3,631,0,10,641,791
,4,CAMPECHE,16,SEYBAPLAYA,13,SEYBAPLAYA,322,2,10,272,2,2,8,213,312,4,7,1,4,3,0,0,2,840,0,15,855,1179
,4,CAMPECHE,16,SEYBAPLAYA,13,SEYBAPLAYA,323,2,1,303,1,0,9,203,234,1,2,3,14,0,0,0,2,773,0,11,784,1025
,4,CAMPECHE,16,SEYBAPLAYA,13,SEYBAPLAYA,324,2,1,262,2,1,14,213,318,2,4,1,12,3,0,0,4,837,0,10,847,1151
,4,CAMPECHE,16,SEYBAPLAYA,13,SEYBAPLAYA,325,3,19,369,5,8,19,289,376,5,7,2,15,1,1,2,2,1120,0,25,1145,1526
,4,CAMPECHE,16,SEYBAPLAYA,13,SEYBAPLAYA,326,2,2,162,5,6,10,149,259,8,5,4,6,1,0,1,1,619,0,6,625,809
,4,CAMPECHE,16,SEYBAPLAYA,13,SEYBAPLAYA,327,3,6,362,3,18,12,187,262,7,10,1,20,2,0,0,3,893,0,16,909,1767
,4,CAMPECHE,16,SEYBAPLAYA,13,SEYBAPLAYA,328,3,2,309,5,54,5,317,345,2,1,2,17,2,0,1,7,1069,0,22,1091,1538
,4,CAMPECHE,17,CALKINI,2,CALKINI,147,3,16,268,6,13,8,539,389,7,11,21,4,2,0,0,2,1286,0,30,1316,1801
,4,CAMPECHE,17,CALKINI,2,CALKINI,148,2,7,204,8,6,2,353,203,4,1,5,7,0,0,0,1,801,0,14,815,1130
,4,CAMPECHE,17,CALKINI,2,CALKINI,149,2,13,176,9,6,4,407,227,3,6,6,1,0,0,1,5,864,0,7,871,1157
,4,CAMPECHE,17,CALKINI,2,CALKINI,150,2,0,133,7,1,5,289,183,0,4,10,5,1,0,0,2,640,0,6,646,794
,4,CAMPECHE,17,CALKINI,2,CALKINI,151,2,17,199,5,3,6,246,173,1,1,2,7,1,0,0,2,663,0,12,675,831
,4,CAMPECHE,17,CALKINI,2,CALKINI,152,2,16,199,8,2,10,321,224,5,7,5,9,1,0,2,1,810,0,14,824,1066
,4,CAMPECHE,17,CALKINI,2,CALKINI,153,2,11,129,4,11,5,351,244,6,2,10,5,1,0,1,1,781,0,9,790,1061
,4,CAMPECHE,17,CALKINI,2,CALKINI,154,3,11,303,4,10,16,559,412,5,4,29,16,0,0,0,2,1371,0,21,1392,1866
,4,CAMPECHE,17,CALKINI,2,CALKINI,155,2,6,218,4,5,9,381,327,8,7,10,9,0,0,0,5,989,0,17,1006,1428
,4,CAMPECHE,17,CALKINI,2,CALKINI,156,2,4,132,5,10,3,261,253,9,8,12,1,1,0,0,3,702,0,14,716,953
,4,CAMPECHE,17,CALKINI,2,CALKINI,159,2,21,150,5,4,2,173,198,3,3,4,9,0,0,1,1,574,0,8,582,823
,4,CAMPECHE,17,CALKINI,2,CALKINI,160,2,31,135,3,3,4,209,220,5,3,0,4,0,0,0,0,617,0,16,633,834
,4,CAMPECHE,17,CALKINI,2,CALKINI,161,2,15,128,3,0,7,218,182,1,4,0,4,1,0,1,2,566,1,9,576,813
,4,CAMPECHE,17,CALKINI,2,CALKINI,162,2,50,152,5,4,8,325,228,6,8,2,6,0,0,1,5,800,0,12,812,1042
,4,CAMPECHE,17,CALKINI,2,CALKINI,163,2,18,116,2,4,6,291,157,2,5,4,7,1,0,4,3,620,0,14,634,829
,4,CAMPECHE,17,CALKINI,2,CALKINI,164,2,21,155,1,4,1,227,214,2,1,2,7,3,2,1,4,645,0,15,660,894
,4,CAMPECHE,17,CALKINI,2,CALKINI,169,3,6,426,4,9,15,332,464,3,7,6,6,1,0,0,4,1283,0,16,1299,1592
,4,CAMPECHE,17,CALKINI,2,CALKINI,172,2,39,275,6,9,6,292,319,4,7,5,0,1,0,1,5,969,0,18,987,1496
,4,CAMPECHE,17,CALKINI,2,CALKINI,179,2,1,388,76,14,8,369,301,12,10,6,0,4,0,0,3,1192,0,26,1218,1487
,4,CAMPECHE,17,CALKINI,12,DZITBALCHE,173,3,17,340,14,43,11,466,442,10,10,5,7,0,0,0,1,1366,0,18,1384,1932
,4,CAMPECHE,17,CALKINI,12,DZITBALCHE,174,2,2,141,3,14,3,156,183,2,3,1,3,0,0,0,3,514,0,5,519,1293
,4,CAMPECHE,17,CALKINI,12,DZITBALCHE,175,3,10,409,8,78,12,653,459,5,13,7,5,1,0,3,1,1664,0,22,1686,2130
,4,CAMPECHE,17,CALKINI,12,DZITBALCHE,176,3,18,404,12,62,5,522,405,16,11,8,10,2,0,3,3,1481,0,39,1520,2195
,4,CAMPECHE,17,CALKINI,12,DZITBALCHE,177,3,11,404,19,53,7,501,351,5,9,7,5,1,1,2,3,1379,0,32,1411,1856
,4,CAMPECHE,17,CALKINI,12,DZITBALCHE,180,3,12,668,7,12,5,421,569,20,28,12,12,4,0,0,1,1771,0,18,1789,2066
,4,CAMPECHE,18,HOPELCHEN,6,HOPELCHEN,381,3,17,446,13,49,4,479,179,2,5,0,11,6,0,2,1,1214,0,19,1233,1888
,4,CAMPECHE,18,HOPELCHEN,6,HOPELCHEN,382,5,29,607,15,16,1,580,308,4,7,0,13,3,0,0,9,1592,0,24,1616,3179
,4,CAMPECHE,18,HOPELCHEN,6,HOPELCHEN,383,2,11,319,10,21,8,269,125,1,0,1,11,2,0,0,2,780,0,12,792,1015
,4,CAMPECHE,18,HOPELCHEN,6,HOPELCHEN,384,2,12,310,11,20,5,290,117,4,1,1,10,1,0,0,0,782,0,13,795,990
,4,CAMPECHE,18,HOPELCHEN,6,HOPELCHEN,385,1,0,134,5,1,0,199,12,0,0,0,0,0,0,0,0,351,0,1,352,369
,4,CAMPECHE,18,HOPELCHEN,6,HOPELCHEN,386,1,1,92,0,1,3,108,42,2,2,0,0,0,0,1,0,252,0,1,253,414
,4,CAMPECHE,18,HOPELCHEN,6,HOPELCHEN,387,1,5,133,8,2,0,96,45,2,0,0,0,0,0,0,0,291,0,0,291,304
,4,CAMPECHE,18,HOPELCHEN,6,HOPELCHEN,388,4,18,461,45,22,13,773,388,8,16,5,11,1,0,0,2,1763,0,22,1785,2337
,4,CAMPECHE,18,HOPELCHEN,6,HOPELCHEN,389,2,10,227,3,4,5,388,147,2,6,1,2,0,0,0,1,796,0,1,797,1148
,4,CAMPECHE,18,HOPELCHEN,6,HOPELCHEN,390,1,1,123,1,3,3,54,137,0,1,0,0,0,0,0,0,323,0,3,326,357
,4,CAMPECHE,18,HOPELCHEN,6,HOPELCHEN,391,1,10,88,2,3,0,68,91,8,0,2,0,0,0,0,1,273,0,4,277,341
,4,CAMPECHE,18,HOPELCHEN,6,HOPELCHEN,392,1,0,75,1,0,0,45,61,0,1,0,3,1,0,0,0,187,0,2,189,193
,4,CAMPECHE,18,HOPELCHEN,6,HOPELCHEN,393,1,0,33,1,0,0,24,60,6,2,0,0,0,0,0,0,126,0,2,128,157
,4,CAMPECHE,18,HOPELCHEN,6,HOPELCHEN,394,2,4,105,3,2,0,135,85,0,3,3,0,0,0,0,1,341,0,0,341,768
,4,CAMPECHE,18,HOPELCHEN,6,HOPELCHEN,395,2,5,291,2,4,5,258,180,8,3,2,3,3,0,0,2,766,0,15,781,912
,4,CAMPECHE,18,HOPELCHEN,6,HOPELCHEN,396,1,0,142,1,7,1,210,69,1,2,2,1,0,0,0,1,437,0,4,441,523
,4,CAMPECHE,18,HOPELCHEN,6,HOPELCHEN,397,1,3,144,6,4,0,129,167,5,7,0,3,1,0,1,0,470,0,11,481,648
,4,CAMPECHE,18,HOPELCHEN,6,HOPELCHEN,398,2,2,170,6,16,1,172,219,13,13,4,8,3,0,1,7,635,0,18,653,802
,4,CAMPECHE,18,HOPELCHEN,6,HOPELCHEN,399,1,7,107,0,27,0,163,103,4,0,0,5,0,0,0,1,417,0,5,422,493
,4,CAMPECHE,18,HOPELCHEN,6,HOPELCHEN,400,2,46,489,4,10,3,340,201,8,5,2,16,2,0,0,0,1126,0,18,1144,1292
,4,CAMPECHE,18,HOPELCHEN,6,HOPELCHEN,401,2,68,439,3,8,0,252,303,6,4,0,8,1,0,1,1,1094,0,17,1111,1268
,4,CAMPECHE,18,HOPELCHEN,6,HOPELCHEN,402,1,0,79,4,0,0,36,63,0,0,1,0,0,0,0,0,183,0,0,183,749
,4,CAMPECHE,18,HOPELCHEN,6,HOPELCHEN,403,2,21,204,1,6,1,232,302,7,14,2,2,2,0,2,0,796,0,21,817,1376
,4,CAMPECHE,18,HOPELCHEN,6,HOPELCHEN,404,2,3,226,0,10,2,161,211,5,4,1,2,2,0,0,1,628,0,9,637,824
,4,CAMPECHE,18,HOPELCHEN,6,HOPELCHEN,405,1,0,52,0,4,0,51,34,0,0,0,0,0,0,0,0,141,0,0,141,744
,4,CAMPECHE,18,HOPELCHEN,6,HOPELCHEN,406,1,3,88,4,3,2,149,68,0,1,3,0,0,0,0,0,321,0,4,325,602
,4,CAMPECHE,18,HOPELCHEN,6,HOPELCHEN,407,2,25,190,1,4,1,212,243,4,7,1,0,0,0,0,0,688,0,8,696,824
,4,CAMPECHE,18,HOPELCHEN,6,HOPELCHEN,408,1,0,211,0,4,0,71,152,1,2,2,2,0,0,0,0,445,0,0,445,510
,4,CAMPECHE,18,HOPELCHEN,6,HOPELCHEN,409,2,30,221,16,1,4,329,149,3,3,0,0,0,0,0,0,756,0,6,762,893
,4,CAMPECHE,18,HOPELCHEN,6,HOPELCHEN,410,3,81,390,21,17,3,466,288,1,8,0,3,1,0,0,0,1279,0,16,1295,1568
,4,CAMPECHE,18,HOPELCHEN,6,HOPELCHEN,411,2,15,190,5,0,6,341,157,4,11,0,2,3,1,1,0,736,0,19,755,867
,4,CAMPECHE,18,HOPELCHEN,6,HOPELCHEN,412,1,3,101,0,0,0,133,89,1,1,0,0,0,0,0,0,328,0,8,336,356
,4,CAMPECHE,19,HECELCHAKAN,2,CALKINI,157,2,7,296,1,1,3,268,36,0,0,2,15,3,0,0,0,632,0,12,644,760
,4,CAMPECHE,19,HECELCHAKAN,2,CALKINI,158,2,6,233,12,5,3,224,270,4,5,13,1,2,0,0,0,778,0,17,795,882
,4,CAMPECHE,19,HECELCHAKAN,2,CALKINI,165,1,39,101,19,1,0,75,37,0,0,1,0,0,0,0,0,273,0,5,278,285
,4,CAMPECHE,19,HECELCHAKAN,2,CALKINI,166,3,10,517,2,9,23,739,380,5,8,5,14,5,0,0,1,1718,0,20,1738,2157
,4,CAMPECHE,19,HECELCHAKAN,2,CALKINI,167,2,10,254,2,8,19,414,297,2,6,3,5,0,0,0,1,1021,0,9,1030,1207
,4,CAMPECHE,19,HECELCHAKAN,2,CALKINI,168,2,5,322,3,2,10,542,216,3,7,3,12,0,0,0,1,1126,0,10,1136,1342
,4,CAMPECHE,19,HECELCHAKAN,2,CALKINI,170,2,5,419,1,3,0,289,157,3,2,1,1,0,0,0,1,882,0,10,892,994
,4,CAMPECHE,19,HECELCHAKAN,2,CALKINI,171,1,5,200,1,2,0,265,135,0,3,5,1,1,0,0,0,618,0,4,622,702
,4,CAMPECHE,19,HECELCHAKAN,2,CALKINI,178,1,5,57,12,6,2,88,84,4,2,0,0,0,0,0,0,260,0,9,269,326
,4,CAMPECHE,19,HECELCHAKAN,2,CALKINI,181,2,10,205,13,2,1,92,110,4,0,11,2,0,0,0,1,451,0,4,455,537
,4,CAMPECHE,19,HECELCHAKAN,2,CALKINI,182,1,20,54,2,0,0,76,13,0,0,1,0,0,0,0,0,166,0,2,168,180
,4,CAMPECHE,19,HECELCHAKAN,5,HECELCHAKAN,363,3,30,439,5,57,12,474,334,5,4,11,8,5,0,0,8,1392,1,23,1416,2004
,4,CAMPECHE,19,HECELCHAKAN,5,HECELCHAKAN,364,3,12,455,0,52,16,542,407,8,4,8,11,2,0,0,8,1525,1,25,1551,2145
,4,CAMPECHE,19,HECELCHAKAN,5,HECELCHAKAN,365,2,2,196,2,48,6,247,206,7,3,3,2,0,0,0,7,729,0,11,740,956
,4,CAMPECHE,19,HECELCHAKAN,5,HECELCHAKAN,366,2,14,276,1,23,5,288,254,3,5,2,2,1,0,1,2,877,0,19,896,1214
,4,CAMPECHE,19,HECELCHAKAN,5,HECELCHAKAN,367,2,12,256,2,35,15,314,235,6,5,7,6,3,0,0,2,898,0,17,915,1245
,4,CAMPECHE,19,HECELCHAKAN,5,HECELCHAKAN,368,2,4,246,2,36,12,288,276,2,1,6,7,0,0,0,5,885,0,12,897,1199
,4,CAMPECHE,19,HECELCHAKAN,5,HECELCHAKAN,369,2,67,251,0,4,2,249,141,1,2,3,0,1,0,0,0,721,0,3,724,782
,4,CAMPECHE,19,HECELCHAKAN,5,HECELCHAKAN,370,2,4,471,1,37,1,432,216,3,4,1,1,1,0,0,1,1173,0,14,1187,1380
,4,CAMPECHE,19,HECELCHAKAN,5,HECELCHAKAN,371,2,1,276,7,25,1,341,161,0,5,2,3,1,0,3,1,827,1,9,837,947
,4,CAMPECHE,19,HECELCHAKAN,5,HECELCHAKAN,372,2,47,459,0,29,1,508,223,7,1,2,1,0,0,2,2,1282,0,24,1306,1483
,4,CAMPECHE,19,HECELCHAKAN,5,HECELCHAKAN,373,2,29,270,0,69,3,301,220,5,0,2,2,1,0,0,0,902,0,6,908,1004
,4,CAMPECHE,19,HECELCHAKAN,5,HECELCHAKAN,374,1,20,71,2,4,1,116,64,1,2,0,0,1,0,0,0,282,0,5,287,354
,4,CAMPECHE,19,HECELCHAKAN,5,HECELCHAKAN,375,3,103,232,3,33,3,434,326,8,3,8,4,1,0,0,6,1164,0,32,1196,1593
,4,CAMPECHE,19,HECELCHAKAN,5,HECELCHAKAN,376,3,42,206,7,35,6,371,370,17,7,3,3,2,0,1,5,1075,0,31,1106,1534
,4,CAMPECHE,19,HECELCHAKAN,5,HECELCHAKAN,377,2,39,183,1,26,2,291,289,6,3,1,3,2,0,0,4,850,0,17,867,1153
,4,CAMPECHE,19,HECELCHAKAN,5,HECELCHAKAN,378,2,44,198,2,34,11,424,263,11,10,4,3,1,0,0,5,1010,0,21,1031,1460
,4,CAMPECHE,19,HECELCHAKAN,5,HECELCHAKAN,379,2,58,226,1,41,5,362,235,7,13,10,0,2,0,0,1,961,0,18,979,1325
,4,CAMPECHE,19,HECELCHAKAN,5,HECELCHAKAN,380,3,2,240,1,4,1,286,59,5,0,0,0,0,0,0,0,598,0,1,599,1587
,4,CAMPECHE,20,PALIZADA,3,CARMEN,199,3,24,246,2,7,14,201,367,3,3,1,12,1,0,0,8,889,1,9,899,1611
,4,CAMPECHE,20,PALIZADA,3,CARMEN,200,2,6,98,1,1,7,75,129,0,2,0,3,0,0,0,2,324,0,5,329,1171
,4,CAMPECHE,20,PALIZADA,3,CARMEN,211,2,7,223,2,6,16,213,313,3,2,6,8,4,0,0,7,810,0,16,826,1478
,4,CAMPECHE,20,PALIZADA,3,CARMEN,214,2,9,199,3,2,8,184,259,3,0,2,16,2,0,0,2,689,0,5,694,1179
,4,CAMPECHE,20,PALIZADA,3,CARMEN,215,1,5,53,0,0,3,54,87,3,1,1,5,0,0,0,1,213,0,1,214,400
,4,CAMPECHE,20,PALIZADA,3,CARMEN,216,3,11,201,2,5,12,248,353,1,1,5,9,2,0,0,3,853,0,10,863,881
,4,CAMPECHE,20,PALIZADA,3,CARMEN,221,1,10,126,1,6,6,110,169,1,1,1,1,0,0,0,3,435,0,7,442,716
,4,CAMPECHE,20,PALIZADA,3,CARMEN,222,1,8,68,1,1,2,91,111,4,0,1,2,1,0,0,1,291,0,3,294,524
,4,CAMPECHE,20,PALIZADA,3,CARMEN,223,1,13,104,3,2,5,114,184,7,0,1,4,0,0,0,5,442,0,4,446,732
,4,CAMPECHE,20,PALIZADA,3,CARMEN,224,2,17,193,2,4,7,212,311,2,6,2,0,1,0,1,4,762,0,11,773,1227
,4,CAMPECHE,20,PALIZADA,3,CARMEN,225,2,10,189,3,5,11,204,242,2,1,3,3,1,0,0,6,680,0,15,695,1177
,4,CAMPECHE,20,PALIZADA,3,CARMEN,239,2,7,132,1,7,6,117,203,0,3,5,7,3,0,1,5,497,0,7,504,920
,4,CAMPECHE,20,PALIZADA,3,CARMEN,263,2,15,264,15,22,3,112,252,3,6,0,8,3,0,3,6,712,0,15,727,1072
,4,CAMPECHE,20,PALIZADA,3,CARMEN,264,2,4,96,1,6,1,102,181,4,2,1,1,0,0,0,2,401,0,9,410,533
,4,CAMPECHE,20,PALIZADA,3,CARMEN,265,3,6,270,20,36,6,367,505,12,14,1,12,1,0,2,11,1263,0,43,1306,2237
,4,CAMPECHE,20,PALIZADA,3,CARMEN,266,3,4,282,10,41,10,354,431,9,9,0,5,1,0,1,6,1163,0,26,1189,1856
,4,CAMPECHE,20,PALIZADA,3,CARMEN,267,5,24,880,11,29,15,533,876,17,21,10,20,4,0,2,4,2446,0,54,2500,3599
,4,CAMPECHE,20,PALIZADA,3,CARMEN,268,3,9,392,1,17,20,451,595,4,2,2,8,1,0,1,6,1509,0,36,1545,2132
,4,CAMPECHE,20,PALIZADA,3,CARMEN,269,2,0,129,3,9,6,124,237,5,0,1,4,1,0,1,3,523,0,18,541,857
,4,CAMPECHE,20,PALIZADA,7,PALIZADA,428,2,10,510,2,34,1,234,277,0,0,1,10,1,0,3,2,1085,0,14,1099,1378
,4,CAMPECHE,20,PALIZADA,7,PALIZADA,429,3,17,573,11,82,5,399,463,3,4,3,14,2,0,4,6,1586,0,30,1616,2117
,4,CAMPECHE,20,PALIZADA,7,PALIZADA,430,1,0,72,1,37,0,117,93,0,2,0,2,0,0,0,0,324,0,6,330,399
,4,CAMPECHE,20,PALIZADA,7,PALIZADA,431,1,1,160,6,23,0,178,190,2,1,0,0,0,0,0,0,561,0,12,573,732
,4,CAMPECHE,20,PALIZADA,7,PALIZADA,432,1,4,143,3,21,0,111,96,0,1,0,1,0,0,0,1,381,0,8,389,443
,4,CAMPECHE,20,PALIZADA,7,PALIZADA,433,1,2,131,2,37,0,145,170,3,5,0,7,1,0,0,4,507,0,9,516,624
,4,CAMPECHE,20,PALIZADA,7,PALIZADA,434,1,0,84,1,3,0,20,57,0,1,0,1,0,0,0,1,168,0,1,169,200
,4,CAMPECHE,20,PALIZADA,7,PALIZADA,435,1,2,149,7,29,1,120,136,3,1,0,3,0,0,1,1,453,0,8,461,591
,4,CAMPECHE,20,PALIZADA,7,PALIZADA,436,1,1,23,0,7,0,30,28,0,1,0,1,0,0,0,1,92,0,3,95,105
,4,CAMPECHE,20,PALIZADA,7,PALIZADA,439,2,2,305,3,6,0,70,283,0,3,1,2,0,0,0,0,675,0,8,683,791
,4,CAMPECHE,21,XPUJIL,9,ESCARCEGA,356,3,19,252,92,15,20,361,453,12,8,5,10,0,0,4,2,1253,1,37,1291,2116
,4,CAMPECHE,21,XPUJIL,9,ESCARCEGA,357,1,7,141,34,5,2,67,159,2,6,2,5,0,0,3,0,433,0,10,443,665
,4,CAMPECHE,21,XPUJIL,9,ESCARCEGA,358,1,1,47,4,3,7,74,79,6,1,1,0,0,0,2,0,225,0,11,236,343
,4,CAMPECHE,21,XPUJIL,9,ESCARCEGA,361,2,14,130,55,6,13,254,350,16,5,1,8,0,1,0,1,854,0,32,886,1482
,4,CAMPECHE,21,XPUJIL,9,ESCARCEGA,467,1,9,92,1,8,1,97,164,6,9,3,0,3,0,0,1,394,0,12,406,619
,4,CAMPECHE,21,XPUJIL,9,ESCARCEGA,468,3,37,300,9,17,12,383,369,14,11,5,7,4,0,0,3,1171,0,26,1197,2154
,4,CAMPECHE,21,XPUJIL,9,ESCARCEGA,469,2,15,139,4,11,2,143,121,6,3,3,3,0,0,1,0,451,0,19,470,728
,4,CAMPECHE,21,XPUJIL,9,ESCARCEGA,470,2,26,229,5,10,10,207,193,5,2,7,2,2,0,0,1,699,0,16,715,1216
,4,CAMPECHE,21,XPUJIL,11,CALAKMUL,359,2,2,147,3,13,1,226,305,11,12,1,6,1,1,1,0,730,0,15,745,980
,4,CAMPECHE,21,XPUJIL,11,CALAKMUL,360,2,6,178,0,5,1,233,351,10,12,4,6,1,0,0,0,807,0,17,824,1412
,4,CAMPECHE,21,XPUJIL,11,CALAKMUL,362,2,4,148,2,11,4,151,307,8,6,3,3,2,0,1,8,658,0,23,681,983
,4,CAMPECHE,21,XPUJIL,11,CALAKMUL,413,1,1,49,0,1,0,34,38,0,2,1,0,0,0,0,0,126,0,0,126,146
,4,CAMPECHE,21,XPUJIL,11,CALAKMUL,414,1,2,48,1,5,0,35,102,4,4,0,0,0,0,0,0,201,0,1,202,279
,4,CAMPECHE,21,XPUJIL,11,CALAKMUL,415,4,9,423,12,23,2,297,545,12,23,6,7,1,0,0,2,1362,0,32,1394,1821
,4,CAMPECHE,21,XPUJIL,11,CALAKMUL,416,1,2,42,0,7,0,40,69,1,4,1,0,0,0,0,2,168,0,4,172,215
,4,CAMPECHE,21,XPUJIL,11,CALAKMUL,417,7,29,810,8,29,13,576,1282,26,27,5,25,7,0,2,7,2846,0,52,2898,4500
,4,CAMPECHE,21,XPUJIL,11,CALAKMUL,418,1,1,12,0,4,0,25,50,0,4,1,0,0,0,0,0,97,0,1,98,149
,4,CAMPECHE,21,XPUJIL,11,CALAKMUL,419,1,2,70,1,12,0,47,99,5,5,1,4,0,0,0,1,247,0,11,258,385
,4,CAMPECHE,21,XPUJIL,11,CALAKMUL,420,1,1,57,7,5,0,28,95,6,3,0,0,0,0,0,1,203,0,8,211,272
,4,CAMPECHE,21,XPUJIL,11,CALAKMUL,421,3,8,312,8,17,2,193,692,26,15,4,9,2,0,1,2,1291,0,39,1330,1833
,4,CAMPECHE,21,XPUJIL,11,CALAKMUL,422,2,2,139,14,17,5,73,302,7,9,4,4,0,0,0,1,577,0,20,597,935
,4,CAMPECHE,21,XPUJIL,11,CALAKMUL,423,1,2,75,2,4,2,16,109,5,2,2,2,1,0,0,1,223,0,3,226,250
,4,CAMPECHE,21,XPUJIL,11,CALAKMUL,424,1,4,112,0,7,0,24,127,2,7,0,0,0,0,0,1,284,0,8,292,415
,4,CAMPECHE,21,XPUJIL,11,CALAKMUL,425,2,3,221,5,23,2,118,407,11,16,4,11,2,0,1,0,824,0,23,847,1204
,4,CAMPECHE,21,XPUJIL,11,CALAKMUL,426,4,6,389,5,113,5,301,737,27,22,9,15,4,0,0,4,1637,0,54,1691,2306
,4,CAMPECHE,21,XPUJIL,11,CALAKMUL,427,3,8,308,11,37,1,111,585,14,15,5,10,3,0,0,4,1112,0,36,1148,1637
