ID_ESTADO,NOMBRE_ESTADO,ID_DISTRITO_LOCAL,CABECERA_DISTRITAL_LOCAL,SECCIONES,CASILLAS,PAN,PRI,PRD,PT,PVEM,MC,MORENA,PES,RSP,FXM,PT_MORENA,PAN_PRI_PRD,PAN_PRI,PAN_PRD,PRI_PRD,NUM_VOTOS_VALIDOS,NUM_VOTOS_CAN_NREG,NUM_VOTOS_NULOS,TOTAL_VOTOS,LISTA_NOMINAL,RUTA_ACTA
16,MICHOACAN,0,VOTO EN EL EXTRANJERO,0,4,243,90,66,27,41,58,787,34,5,33,98,48,1,4,1,1536,11,17,1564,0,
16,MICHOACAN,1,LA PIEDAD,140,281,15896,11485,6163,3053,1543,6327,21866,2496,296,1638,819,887,212,333,74,73088,68,1908,75064,158503,https://www.iem.org.mx/peol_2021/actas/gob/LA_PIEDAD.pdf
16,MICHOACAN,2,PURUANDIRO,165,314,3141,12257,13533,4305,7358,3177,23276,5183,920,3879,862,590,188,85,241,78995,30,4019,83044,168131,https://www.iem.org.mx/peol_2021/actas/gob/PURUANDIRO.pdf
16,MICHOACAN,3,MARAVATIO DE OCAMPO,98,245,5112,11072,14465,2380,6601,2752,20775,1046,423,1193,1124,897,173,82,106,68201,19,2421,70641,139390,https://www.iem.org.mx/peol_2021/actas/gob/MARAVATIO.pdf
16,MICHOACAN,4,JIQUILPAN DE JUAREZ,140,279,15025,11744,5547,3745,2791,5678,24613,1953,409,1198,704,836,218,84,125,74670,19,2161,76850,146965,https://www.iem.org.mx/peol_2021/actas/gob/JIQUILPAN.pdf
16,MICHOACAN,5,PARACHO DE VERDUZCO,97,222,3758,10482,9140,4536,2917,3141,28440,4505,715,2189,969,413,41,33,121,71400,24,2599,74023,124194,https://www.iem.org.mx/peol_2021/actas/gob/PARACHO.pdf
16,MICHOACAN,6,ZAMORA DE HIDALGO,97,256,15098,9350,2662,4265,2980,2261,15137,1445,278,618,739,889,137,46,58,55963,27,1543,57533,151004,https://www.iem.org.mx/peol_2021/actas/gob/ZAMORA.pdf
16,MICHOACAN,7,ZACAPU,125,275,8086,9164,10912,3524,2246,4036,21950,3652,1257,1759,1300,921,145,67,482,69501,38,2642,72181,163272,https://www.iem.org.mx/peol_2021/actas/gob/ZACAPU.pdf
16,MICHOACAN,8,TARIMBARO,113,278,6019,13219,10060,11737,6789,4579,17915,7990,409,3148,1234,858,95,68,41,84161,69,2859,87089,159812,https://www.iem.org.mx/peol_2021/actas/gob/TARIMBARO.pdf
16,MICHOACAN,9,LOS REYES DE SALGADO,138,302,12982,10658,5850,2919,5080,4551,22946,2251,905,3654,704,775,218,133,148,73774,38,2624,76436,160090,https://www.iem.org.mx/peol_2021/actas/gob/LOS_REYES.pdf
16,MICHOACAN,10,MORELIA,57,232,8858,8885,4747,2141,2409,2028,21694,1091,416,780,1102,1157,205,166,60,55739,53,2024,57816,148277,https://www.iem.org.mx/peol_2021/actas/gob/MORELIA_10.pdf
16,MICHOACAN,11,MORELIA,95,263,18832,11121,5488,2641,3123,2436,24254,1469,443,1006,1229,1702,224,187,71,74226,44,2160,76430,160932,https://www.iem.org.mx/peol_2021/actas/gob/MORELIA_11.pdf
16,MICHOACAN,12,CIUDAD HIDALGO,126,275,7600,9632,7911,11513,6016,4549,20143,1412,1309,862,2402,1440,216,101,228,75334,30,3067,78431,155057,https://www.iem.org.mx/peol_2021/actas/gob/CIUDAD_HIDALGO.pdf
16,MICHOACAN,13,HEROICA ZITACUARO,89,224,4974,11071,8319,7228,2250,2262,23072,1009,1564,877,2635,2574,247,102,214,68398,29,2919,71346,133936,https://www.iem.org.mx/peol_2021/actas/gob/ZITACUARO.pdf
16,MICHOACAN,14,URUAPAN DEL PROGRESO,86,215,7630,3887,9544,1981,1949,1520,23846,1115,318,786,793,927,79,64,59,54498,47,1951,56496,125708,https://www.iem.org.mx/peol_2021/actas/gob/URUAPAN_14.pdf
16,MICHOACAN,15,PATZCUARO,96,243,5213,10634,11328,4479,6038,2201,22202,2607,2406,3062,866,940,114,58,121,72269,49,3708,76026,146864,https://www.iem.org.mx/peol_2021/actas/gob/PATZCUARO.pdf
16,MICHOACAN,16,MORELIA,92,269,11871,9996,5722,2585,2722,2240,27471,1271,392,1053,1359,1534,273,253,115,68857,67,2362,71286,162974,https://www.iem.org.mx/peol_2021/actas/gob/MORELIA_16.pdf
16,MICHOACAN,17,MORELIA,127,286,23478,12546,6141,2670,3131,2661,27532,1253,384,1079,1401,2259,355,236,129,85255,73,2197,87525,164000,https://www.iem.org.mx/peol_2021/actas/gob/MORELIA_17.pdf
16,MICHOACAN,18,HUETAMO DE NUÑEZ,178,281,2381,6606,19694,3960,8771,1909,33223,2903,421,1272,1572,745,47,85,153,83742,22,3342,87106,140654,https://www.iem.org.mx/peol_2021/actas/gob/HUETAMO.pdf
16,MICHOACAN,19,TACAMBARO DE CODALLOS,141,278,8167,14271,6519,11115,4121,1211,23283,4570,437,1235,1640,1206,269,113,123,78280,21,3592,81893,151548,https://www.iem.org.mx/peol_2021/actas/gob/TACAMBARO.pdf
16,MICHOACAN,20,URUAPAN DEL PROGRESO,55,198,6470,3568,8896,2158,2024,1590,23235,1040,214,654,792,821,52,71,61,51646,36,1828,53510,125907,https://www.iem.org.mx/peol_2021/actas/gob/URUAPAN_20.pdf
16,MICHOACAN,21,COALCOMAN DE VAZQUEZ PALLARES,111,234,3353,7813,9148,1970,13053,1897,17258,1769,305,3228,698,277,31,41,33,60874,20,2206,63100,130680,https://www.iem.org.mx/peol_2021/actas/gob/COALCOMAN.pdf
16,MICHOACAN,22,NUEVA ITALIA DE RUIZ,124,255,1283,7939,3554,755,350,367,13176,198,147,156,406,227,71,23,46,28698,3,864,29565,132838,https://www.iem.org.mx/peol_2021/actas/gob/MUGICA.pdf
16,MICHOACAN,23,APATZINGAN DE LA CONSTITUCION,104,234,4002,9957,5830,3345,2610,1312,20488,1029,930,1469,1113,607,130,197,98,53117,30,2008,55155,129466,https://www.iem.org.mx/peol_2021/actas/gob/APATZINGAN.pdf
16,MICHOACAN,24,LAZARO CARDENAS,65,228,4202,5004,8294,2691,1356,944,37524,688,736,1380,734,420,61,41,174,64249,21,1292,65562,140241,https://www.iem.org.mx/peol_2021/actas/gob/LAZARO_CARDENAS.pdf