ID_ESTADO,NOMBRE_ESTADO,ID_DISTRITO_LOCAL,CABECERA_DISTRITAL_LOCAL,SECCIONES,CASILLAS,PVEM,MC,PES,RSP,FXM,PT_MORENA,PAN_PRI_PRD,NUM_VOTOS_VALIDOS,NUM_VOTOS_CAN_NREG,NUM_VOTOS_NULOS,TOTAL_VOTOS,LISTA_NOMINAL,RUTA_ACTA
16,MICHOACAN,0,VOTO EN EL EXTRANJERO,0,4,41,58,34,5,33,912,453,1536,11,17,1564,0,
16,MICHOACAN,1,LA PIEDAD,140,281,1543,6327,2496,296,1638,25738,35050,73088,68,1908,75064,158503,https://www.iem.org.mx/peol_2021/actas/gob/LA_PIEDAD.pdf
16,MICHOACAN,2,PURUANDIRO,165,314,7358,3177,5183,920,3879,28443,30035,78995,30,4019,83044,168131,https://www.iem.org.mx/peol_2021/actas/gob/PURUANDIRO.pdf
16,MICHOACAN,3,MARAVATIO DE OCAMPO,98,245,6601,2752,1046,423,1193,24279,31907,68201,19,2421,70641,139390,https://www.iem.org.mx/peol_2021/actas/gob/MARAVATIO.pdf
16,MICHOACAN,4,JIQUILPAN DE JUAREZ,140,279,2791,5678,1953,409,1198,29062,33579,74670,19,2161,76850,146965,https://www.iem.org.mx/peol_2021/actas/gob/JIQUILPAN.pdf
16,MICHOACAN,5,PARACHO DE VERDUZCO,97,222,2917,3141,4505,715,2189,33945,23988,71400,24,2599,74023,124194,https://www.iem.org.mx/peol_2021/actas/gob/PARACHO.pdf
16,MICHOACAN,6,ZAMORA DE HIDALGO,97,256,2980,2261,1445,278,618,20141,28240,55963,27,1543,57533,151004,https://www.iem.org.mx/peol_2021/actas/gob/ZAMORA.pdf
16,MICHOACAN,7,ZACAPU,125,275,2246,4036,3652,1257,1759,26774,29777,69501,38,2642,72181,163272,https://www.iem.org.mx/peol_2021/actas/gob/ZACAPU.pdf
16,MICHOACAN,8,TARIMBARO,113,278,6789,4579,7990,409,3148,30886,30360,84161,69,2859,87089,159812,https://www.iem.org.mx/peol_2021/actas/gob/TARIMBARO.pdf
16,MICHOACAN,9,LOS REYES DE SALGADO,138,302,5080,4551,2251,905,3654,26569,30764,73774,38,2624,76436,160090,https://www.iem.org.mx/peol_2021/actas/gob/LOS_REYES.pdf
16,MICHOACAN,10,MORELIA,57,232,2409,2028,1091,416,780,24937,24078,55739,53,2024,57816,148277,https://www.iem.org.mx/peol_2021/actas/gob/MORELIA_10.pdf
16,MICHOACAN,11,MORELIA,95,263,3123,2436,1469,443,1006,28124,37625,74226,44,2160,76430,160932,https://www.iem.org.mx/peol_2021/actas/gob/MORELIA_11.pdf
16,MICHOACAN,12,CIUDAD HIDALGO,126,275,6016,4549,1412,1309,862,34058,27128,75334,30,3067,78431,155057,https://www.iem.org.mx/peol_2021/actas/gob/CIUDAD_HIDALGO.pdf
16,MICHOACAN,13,HEROICA ZITACUARO,89,224,2250,2262,1009,1564,877,32935,27501,68398,29,2919,71346,133936,https://www.iem.org.mx/peol_2021/actas/gob/ZITACUARO.pdf
16,MICHOACAN,14,URUAPAN DEL PROGRESO,86,215,1949,1520,1115,318,786,26620,22190,54498,47,1951,56496,125708,https://www.iem.org.mx/peol_2021/actas/gob/URUAPAN_14.pdf
16,MICHOACAN,15,PATZCUARO,96,243,6038,2201,2607,2406,3062,27547,28408,72269,49,3708,76026,146864,https://www.iem.org.mx/peol_2021/actas/gob/PATZCUARO.pdf
16,MICHOACAN,16,MORELIA,92,269,2722,2240,1271,392,1053,31415,29764,68857,67,2362,71286,162974,https://www.iem.org.mx/peol_2021/actas/gob/MORELIA_16.pdf
16,MICHOACAN,17,MORELIA,127,286,3131,2661,1253,384,1079,31603,45144,85255,73,2197,87525,164000,https://www.iem.org.mx/peol_2021/actas/gob/MORELIA_17.pdf
16,MICHOACAN,18,HUETAMO DE NUÑEZ,178,281,8771,1909,2903,421,1272,38755,29711,83742,22,3342,87106,140654,https://www.iem.org.mx/peol_2021/actas/gob/HUETAMO.pdf
16,MICHOACAN,19,TACAMBARO DE CODALLOS,141,278,4121,1211,4570,437,1235,36038,30668,78280,21,3592,81893,151548,https://www.iem.org.mx/peol_2021/actas/gob/TACAMBARO.pdf
16,MICHOACAN,20,URUAPAN DEL PROGRESO,55,198,2024,1590,1040,214,654,26185,19939,51646,36,1828,53510,125907,https://www.iem.org.mx/peol_2021/actas/gob/URUAPAN_20.pdf
16,MICHOACAN,21,COALCOMAN DE VAZQUEZ PALLARES,111,234,13053,1897,1769,305,3228,19926,20696,60874,20,2206,63100,130680,https://www.iem.org.mx/peol_2021/actas/gob/COALCOMAN.pdf
16,MICHOACAN,22,NUEVA ITALIA DE RUIZ,124,255,350,367,198,147,156,14337,13143,28698,3,864,29565,132838,https://www.iem.org.mx/peol_2021/actas/gob/MUGICA.pdf
16,MICHOACAN,23,APATZINGAN DE LA CONSTITUCION,104,234,2610,1312,1029,930,1469,24946,20821,53117,30,2008,55155,129466,https://www.iem.org.mx/peol_2021/actas/gob/APATZINGAN.pdf
16,MICHOACAN,24,LAZARO CARDENAS,65,228,1356,944,688,736,1380,40949,18196,64249,21,1292,65562,140241,https://www.iem.org.mx/peol_2021/actas/gob/LAZARO_CARDENAS.pdf