ID_ESTADO,NOMBRE_ESTADO,ID_DISTRITO_LOCAL,CABECERA_DISTRITAL_LOCAL,SECCIONES,CASILLAS,PAN,PRI,PRD,PT,PVEM,MC,MORENA,PES,RSP,FXM,NUM_VOTOS_VALIDOS,NUM_VOTOS_CAN_NREG,NUM_VOTOS_NULOS,TOTAL_VOTOS,LISTA_NOMINAL,RUTA_ACTA
16,MICHOACAN,0,VOTO EN EL EXTRANJERO,0,4,262,107,84,76,41,58,836,34,5,33,1536,11,17,1564,0,
16,MICHOACAN,1,LA PIEDAD,140,281,16465,11924,6661,3462,1543,6327,22276,2496,296,1638,73088,68,1908,75064,158503,https://www.iem.org.mx/peol_2021/actas/gob/LA_PIEDAD.pdf
16,MICHOACAN,2,PURUANDIRO,165,314,3473,12668,13894,4736,7358,3177,23707,5183,920,3879,78995,30,4019,83044,168131,https://www.iem.org.mx/peol_2021/actas/gob/PURUANDIRO.pdf
16,MICHOACAN,3,MARAVATIO DE OCAMPO,98,245,5538,11511,14858,2942,6601,2752,21337,1046,423,1193,68201,19,2421,70641,139390,https://www.iem.org.mx/peol_2021/actas/gob/MARAVATIO.pdf
16,MICHOACAN,4,JIQUILPAN DE JUAREZ,140,279,15455,12195,5929,4097,2791,5678,24965,1953,409,1198,74670,19,2161,76850,146965,https://www.iem.org.mx/peol_2021/actas/gob/JIQUILPAN.pdf
16,MICHOACAN,5,PARACHO DE VERDUZCO,97,222,3931,10702,9355,5020,2917,3141,28925,4505,715,2189,71400,24,2599,74023,124194,https://www.iem.org.mx/peol_2021/actas/gob/PARACHO.pdf
16,MICHOACAN,6,ZAMORA DE HIDALGO,97,256,15487,9743,3010,4634,2980,2261,15507,1445,278,618,55963,27,1543,57533,151004,https://www.iem.org.mx/peol_2021/actas/gob/ZAMORA.pdf
16,MICHOACAN,7,ZACAPU,125,275,8498,9785,11494,4174,2246,4036,22600,3652,1257,1759,69501,38,2642,72181,163272,https://www.iem.org.mx/peol_2021/actas/gob/ZACAPU.pdf
16,MICHOACAN,8,TARIMBARO,113,278,6386,13574,10400,12354,6789,4579,18532,7990,409,3148,84161,69,2859,87089,159812,https://www.iem.org.mx/peol_2021/actas/gob/TARIMBARO.pdf
16,MICHOACAN,9,LOS REYES DE SALGADO,138,302,13417,11099,6248,3271,5080,4551,23298,2251,905,3654,73774,38,2624,76436,160090,https://www.iem.org.mx/peol_2021/actas/gob/LOS_REYES.pdf
16,MICHOACAN,10,MORELIA,57,232,9429,9404,5245,2692,2409,2028,22245,1091,416,780,55739,53,2024,57816,148277,https://www.iem.org.mx/peol_2021/actas/gob/MORELIA_10.pdf
16,MICHOACAN,11,MORELIA,95,263,19606,11836,6183,3255,3123,2436,24869,1469,443,1006,74226,44,2160,76430,160932,https://www.iem.org.mx/peol_2021/actas/gob/MORELIA_11.pdf
16,MICHOACAN,12,CIUDAD HIDALGO,126,275,8238,10334,8556,12714,6016,4549,21344,1412,1309,862,75334,30,3067,78431,155057,https://www.iem.org.mx/peol_2021/actas/gob/CIUDAD_HIDALGO.pdf
16,MICHOACAN,13,HEROICA ZITACUARO,89,224,6006,12160,9335,8545,2250,2262,24390,1009,1564,877,68398,29,2919,71346,133936,https://www.iem.org.mx/peol_2021/actas/gob/ZITACUARO.pdf
16,MICHOACAN,14,URUAPAN DEL PROGRESO,86,215,8011,4264,9915,2377,1949,1520,24243,1115,318,786,54498,47,1951,56496,125708,https://www.iem.org.mx/peol_2021/actas/gob/URUAPAN_14.pdf
16,MICHOACAN,15,PATZCUARO,96,243,5612,11064,11732,4912,6038,2201,22635,2607,2406,3062,72269,49,3708,76026,146864,https://www.iem.org.mx/peol_2021/actas/gob/PATZCUARO.pdf
16,MICHOACAN,16,MORELIA,92,269,12647,10701,6416,3264,2722,2240,28151,1271,392,1053,68857,67,2362,71286,162974,https://www.iem.org.mx/peol_2021/actas/gob/MORELIA_16.pdf
16,MICHOACAN,17,MORELIA,127,286,24528,13540,7076,3370,3131,2661,28233,1253,384,1079,85255,73,2197,87525,164000,https://www.iem.org.mx/peol_2021/actas/gob/MORELIA_17.pdf
16,MICHOACAN,18,HUETAMO DE NUÑEZ,178,281,2694,6954,20063,4746,8771,1909,34009,2903,421,1272,83742,22,3342,87106,140654,https://www.iem.org.mx/peol_2021/actas/gob/HUETAMO.pdf
16,MICHOACAN,19,TACAMBARO DE CODALLOS,141,278,8760,14870,7038,11935,4121,1211,24103,4570,437,1235,78280,21,3592,81893,151548,https://www.iem.org.mx/peol_2021/actas/gob/TACAMBARO.pdf
16,MICHOACAN,20,URUAPAN DEL PROGRESO,55,198,6805,3897,9237,2554,2024,1590,23631,1040,214,654,51646,36,1828,53510,125907,https://www.iem.org.mx/peol_2021/actas/gob/URUAPAN_20.pdf
16,MICHOACAN,21,COALCOMAN DE VAZQUEZ PALLARES,111,234,3480,7937,9279,2319,13053,1897,17607,1769,305,3228,60874,20,2206,63100,130680,https://www.iem.org.mx/peol_2021/actas/gob/COALCOMAN.pdf
16,MICHOACAN,22,NUEVA ITALIA DE RUIZ,124,255,1404,8074,3665,958,350,367,13379,198,147,156,28698,3,864,29565,132838,https://www.iem.org.mx/peol_2021/actas/gob/MUGICA.pdf
16,MICHOACAN,23,APATZINGAN DE LA CONSTITUCION,104,234,4367,10274,6180,3901,2610,1312,21045,1029,930,1469,53117,30,2008,55155,129466,https://www.iem.org.mx/peol_2021/actas/gob/APATZINGAN.pdf
16,MICHOACAN,24,LAZARO CARDENAS,65,228,4392,5262,8542,3058,1356,944,37891,688,736,1380,64249,21,1292,65562,140241,https://www.iem.org.mx/peol_2021/actas/gob/LAZARO_CARDENAS.pdf