CIRCUNSCRIPCION,ID_ESTADO,NOMBRE_ESTADO,ID_DISTRITO_LOCAL,CABECERA_DISTRITAL_LOCAL,ID_MUNICIPIO,MUNICIPIO,SECCION,CASILLAS,PAN,PRI,PRD,PVEM,PT,MC,NA,MORENA,ES,PLC,PAN_MC,PRI_PVEM_NA,PRI_PVEM,PRI_NA,PVEM_NA,CAND_IND8,CAND_IND9,NUM_VOTOS_VALIDOS,NUM_VOTOS_CAN_NREG,NUM_VOTOS_NULOS,TOTAL_VOTOS,LISTA_NOMINAL
 ,4,CAMPECHE,7,TENABO,1,CAMPECHE,1,1,248,95,10,0,3,19,10,34,1,8,1,8,1,0,0,,,438,0,12,450,554
 ,4,CAMPECHE,7,TENABO,1,CAMPECHE,2,1,299,70,14,4,9,4,2,52,2,1,5,3,0,0,0,,,465,0,9,474,647
 ,4,CAMPECHE,7,TENABO,1,CAMPECHE,3,1,270,129,10,12,4,2,6,46,2,3,3,2,0,0,0,,,489,0,15,504,653
 ,4,CAMPECHE,1,SAN FRANCISCO DE CAMPECHE,1,CAMPECHE,4,15,3192,1019,115,39,167,93,133,543,26,28,94,20,28,4,0,,,5501,12,198,5711,10147
 ,4,CAMPECHE,7,TENABO,1,CAMPECHE,5,2,491,156,14,7,14,18,9,68,2,4,6,6,3,1,0,,,799,0,23,822,1043
 ,4,CAMPECHE,7,TENABO,1,CAMPECHE,6,2,240,56,4,2,12,5,5,32,3,7,3,1,1,1,0,,,372,0,15,387,1015
 ,4,CAMPECHE,7,TENABO,1,CAMPECHE,7,2,426,163,11,8,11,17,12,63,4,7,4,10,1,1,0,,,738,0,11,749,963
 ,4,CAMPECHE,7,TENABO,1,CAMPECHE,8,2,492,100,6,1,8,6,1,45,2,2,5,1,1,0,0,,,670,0,11,681,761
 ,4,CAMPECHE,2,SAN FRANCISCO DE CAMPECHE,1,CAMPECHE,9,7,2081,538,63,21,40,45,36,316,15,14,31,15,2,3,1,,,3221,1,64,3286,4514
 ,4,CAMPECHE,1,SAN FRANCISCO DE CAMPECHE,1,CAMPECHE,10,2,364,128,20,3,25,16,6,78,6,4,16,9,5,0,0,,,680,1,40,721,1009
 ,4,CAMPECHE,7,TENABO,1,CAMPECHE,11,2,317,190,16,9,23,13,7,78,7,7,6,4,1,3,1,,,682,0,26,708,914
 ,4,CAMPECHE,7,TENABO,1,CAMPECHE,12,3,491,291,25,9,15,13,46,158,9,12,2,11,4,0,0,,,1086,0,54,1140,1532
 ,4,CAMPECHE,1,SAN FRANCISCO DE CAMPECHE,1,CAMPECHE,13,2,442,140,30,5,24,10,11,105,5,1,24,6,3,0,0,,,806,1,53,860,1185
 ,4,CAMPECHE,1,SAN FRANCISCO DE CAMPECHE,1,CAMPECHE,14,2,331,188,18,2,37,12,3,86,3,5,9,2,3,1,0,,,700,2,33,735,1045
 ,4,CAMPECHE,1,SAN FRANCISCO DE CAMPECHE,1,CAMPECHE,15,2,458,140,14,9,34,10,6,72,2,1,17,6,2,0,0,,,771,0,39,810,1131
 ,4,CAMPECHE,1,SAN FRANCISCO DE CAMPECHE,1,CAMPECHE,16,2,431,134,6,5,28,14,9,80,7,1,25,10,5,0,0,,,755,0,39,794,1171
 ,4,CAMPECHE,2,SAN FRANCISCO DE CAMPECHE,1,CAMPECHE,17,7,1887,543,94,16,60,48,27,475,25,32,26,18,10,4,0,,,3265,2,97,3364,5140
 ,4,CAMPECHE,2,SAN FRANCISCO DE CAMPECHE,1,CAMPECHE,18,1,271,93,5,3,6,9,5,38,4,1,5,2,2,1,1,,,446,0,11,457,635
 ,4,CAMPECHE,1,SAN FRANCISCO DE CAMPECHE,1,CAMPECHE,19,2,396,112,9,3,9,15,3,91,2,4,12,5,2,1,0,,,664,0,47,711,1070
 ,4,CAMPECHE,1,SAN FRANCISCO DE CAMPECHE,1,CAMPECHE,20,2,409,139,16,9,19,14,4,69,1,7,18,14,3,2,0,,,724,0,31,755,1114
 ,4,CAMPECHE,1,SAN FRANCISCO DE CAMPECHE,1,CAMPECHE,21,3,535,268,20,6,26,15,18,149,4,5,11,6,2,2,0,,,1067,0,32,1099,1556
 ,4,CAMPECHE,1,SAN FRANCISCO DE CAMPECHE,1,CAMPECHE,22,2,340,159,16,5,26,12,13,93,5,6,10,7,4,2,0,,,698,0,22,720,933
 ,4,CAMPECHE,1,SAN FRANCISCO DE CAMPECHE,1,CAMPECHE,23,2,299,100,24,0,16,5,3,75,2,1,6,5,2,0,0,,,538,0,9,547,865
 ,4,CAMPECHE,7,TENABO,1,CAMPECHE,24,2,346,206,10,4,13,16,8,121,3,9,2,3,1,0,1,,,743,5,26,774,1116
 ,4,CAMPECHE,7,TENABO,1,CAMPECHE,25,1,201,161,4,3,4,9,8,58,1,0,1,4,0,2,0,,,456,0,8,464,592
 ,4,CAMPECHE,7,TENABO,1,CAMPECHE,26,2,414,217,11,9,7,8,3,119,5,10,2,5,0,0,0,,,810,0,19,829,1094
 ,4,CAMPECHE,7,TENABO,1,CAMPECHE,27,2,405,209,9,10,12,19,12,108,6,13,5,8,2,0,2,,,820,0,22,842,1095
 ,4,CAMPECHE,5,SAN FRANCISCO DE CAMPECHE,1,CAMPECHE,28,1,170,159,7,4,6,11,0,50,4,2,2,6,3,0,0,,,424,0,9,433,587
 ,4,CAMPECHE,7,TENABO,1,CAMPECHE,29,2,313,182,11,4,21,10,12,96,1,5,4,1,1,1,0,,,662,0,13,675,847
 ,4,CAMPECHE,7,TENABO,1,CAMPECHE,30,2,313,155,10,7,7,8,3,82,3,5,6,4,2,1,0,,,606,0,13,619,756
 ,4,CAMPECHE,7,TENABO,1,CAMPECHE,31,1,264,135,11,5,9,7,9,67,1,1,4,6,0,1,0,,,520,0,13,533,713
 ,4,CAMPECHE,1,SAN FRANCISCO DE CAMPECHE,1,CAMPECHE,32,2,308,113,8,4,18,20,10,72,1,5,9,5,3,1,1,,,578,1,35,614,818
 ,4,CAMPECHE,1,SAN FRANCISCO DE CAMPECHE,1,CAMPECHE,33,2,312,159,15,5,33,9,8,82,3,5,7,2,1,1,1,,,643,0,20,663,938
 ,4,CAMPECHE,1,SAN FRANCISCO DE CAMPECHE,1,CAMPECHE,34,2,443,180,16,11,18,56,4,105,2,3,24,7,1,0,0,,,870,0,32,902,1281
 ,4,CAMPECHE,1,SAN FRANCISCO DE CAMPECHE,1,CAMPECHE,35,2,355,119,8,8,18,6,3,72,2,3,12,18,3,1,0,,,628,0,32,660,967
 ,4,CAMPECHE,1,SAN FRANCISCO DE CAMPECHE,1,CAMPECHE,36,2,413,144,12,2,17,17,9,77,4,2,28,4,12,1,0,,,742,1,45,788,1196
 ,4,CAMPECHE,1,SAN FRANCISCO DE CAMPECHE,1,CAMPECHE,37,2,317,110,7,7,9,14,1,53,1,1,23,0,5,5,0,,,553,0,19,572,896
 ,4,CAMPECHE,2,SAN FRANCISCO DE CAMPECHE,1,CAMPECHE,38,2,308,113,8,6,9,9,2,39,5,2,9,3,1,0,0,,,514,0,13,527,768
 ,4,CAMPECHE,2,SAN FRANCISCO DE CAMPECHE,1,CAMPECHE,39,3,711,293,28,8,44,22,15,187,9,7,13,11,5,1,0,,,1354,1,44,1399,2052
 ,4,CAMPECHE,1,SAN FRANCISCO DE CAMPECHE,1,CAMPECHE,40,2,280,129,7,3,17,9,2,81,5,5,7,1,5,0,0,,,551,0,21,572,766
 ,4,CAMPECHE,1,SAN FRANCISCO DE CAMPECHE,1,CAMPECHE,41,2,284,84,18,3,7,10,4,72,5,8,8,3,3,0,0,,,509,0,23,532,768
 ,4,CAMPECHE,3,SAN FRANCISCO DE CAMPECHE,1,CAMPECHE,42,2,412,183,23,4,20,17,1,104,3,6,2,12,13,2,0,,,802,0,26,828,1106
 ,4,CAMPECHE,3,SAN FRANCISCO DE CAMPECHE,1,CAMPECHE,43,2,307,277,6,10,17,13,2,98,4,5,8,4,2,0,0,,,753,6,29,788,995
 ,4,CAMPECHE,7,TENABO,1,CAMPECHE,44,2,293,97,13,5,13,18,13,144,3,11,2,5,1,0,0,,,618,0,21,639,850
 ,4,CAMPECHE,7,TENABO,1,CAMPECHE,45,2,298,111,12,4,12,5,15,111,3,7,2,0,0,0,0,,,580,0,17,597,766
 ,4,CAMPECHE,7,TENABO,1,CAMPECHE,46,2,372,183,13,2,12,13,25,77,4,8,2,5,3,0,0,,,719,0,25,744,996
 ,4,CAMPECHE,7,TENABO,1,CAMPECHE,47,2,334,180,12,3,10,14,37,120,2,6,1,5,5,4,0,,,733,0,14,747,911
 ,4,CAMPECHE,7,TENABO,1,CAMPECHE,48,2,362,171,18,6,18,18,14,104,2,13,0,1,0,0,0,,,727,0,7,734,990
 ,4,CAMPECHE,4,SAN FRANCISCO DE CAMPECHE,1,CAMPECHE,49,2,438,197,14,7,10,20,20,100,8,6,1,4,9,2,0,,,836,1,21,858,1115
 ,4,CAMPECHE,5,SAN FRANCISCO DE CAMPECHE,1,CAMPECHE,50,1,216,147,6,0,5,11,1,60,3,4,0,2,0,0,0,,,455,0,11,466,634
 ,4,CAMPECHE,5,SAN FRANCISCO DE CAMPECHE,1,CAMPECHE,51,3,375,265,17,7,11,12,5,91,5,2,2,7,3,0,0,,,802,0,23,825,1023
 ,4,CAMPECHE,5,SAN FRANCISCO DE CAMPECHE,1,CAMPECHE,52,1,249,153,10,4,11,9,8,61,4,2,5,11,3,1,0,,,531,0,10,541,687
 ,4,CAMPECHE,5,SAN FRANCISCO DE CAMPECHE,1,CAMPECHE,53,2,428,250,24,5,9,14,6,87,5,2,4,5,2,2,0,,,843,0,24,867,1070
 ,4,CAMPECHE,6,SAN FRANCISCO DE CAMPECHE,1,CAMPECHE,54,2,275,201,20,5,14,6,6,85,3,4,5,5,3,0,0,,,632,0,14,646,850
 ,4,CAMPECHE,5,SAN FRANCISCO DE CAMPECHE,1,CAMPECHE,55,3,569,277,18,4,23,16,6,161,8,8,8,6,1,0,3,,,1108,0,31,1139,1314
 ,4,CAMPECHE,4,SAN FRANCISCO DE CAMPECHE,1,CAMPECHE,56,2,322,136,13,9,10,8,57,44,3,4,0,4,4,0,0,,,614,0,10,624,904
 ,4,CAMPECHE,4,SAN FRANCISCO DE CAMPECHE,1,CAMPECHE,57,2,408,157,10,9,12,18,3,117,3,10,3,11,2,0,0,,,763,0,16,779,1066
 ,4,CAMPECHE,4,SAN FRANCISCO DE CAMPECHE,1,CAMPECHE,58,2,397,182,12,7,15,14,6,109,7,7,3,10,3,0,0,,,772,0,26,798,1081
 ,4,CAMPECHE,4,SAN FRANCISCO DE CAMPECHE,1,CAMPECHE,59,2,443,156,17,8,16,14,14,106,3,4,9,4,4,0,0,,,798,1,35,834,1081
 ,4,CAMPECHE,3,SAN FRANCISCO DE CAMPECHE,1,CAMPECHE,60,2,348,143,8,8,14,18,3,91,1,4,4,1,2,2,0,,,647,0,25,672,973
 ,4,CAMPECHE,3,SAN FRANCISCO DE CAMPECHE,1,CAMPECHE,61,2,335,153,15,3,24,12,1,80,6,8,2,6,2,0,0,,,647,0,22,669,903
 ,4,CAMPECHE,3,SAN FRANCISCO DE CAMPECHE,1,CAMPECHE,62,2,335,157,13,7,21,14,4,105,3,5,2,5,4,0,0,,,675,0,29,704,1043
 ,4,CAMPECHE,3,SAN FRANCISCO DE CAMPECHE,1,CAMPECHE,63,2,429,201,16,11,26,17,7,112,6,6,5,4,2,0,0,,,842,0,40,882,1331
 ,4,CAMPECHE,3,SAN FRANCISCO DE CAMPECHE,1,CAMPECHE,64,2,485,156,19,6,15,14,8,129,6,7,6,10,0,1,0,,,862,0,17,879,1178
 ,4,CAMPECHE,3,SAN FRANCISCO DE CAMPECHE,1,CAMPECHE,65,3,552,216,23,8,39,20,9,172,7,9,6,14,4,2,1,,,1082,0,69,1151,1724
 ,4,CAMPECHE,3,SAN FRANCISCO DE CAMPECHE,1,CAMPECHE,66,2,395,198,11,8,11,14,8,129,4,5,11,12,2,0,0,,,808,2,39,849,1116
 ,4,CAMPECHE,3,SAN FRANCISCO DE CAMPECHE,1,CAMPECHE,67,2,378,138,11,6,20,10,8,113,2,4,4,6,1,2,0,,,703,0,28,731,1036
 ,4,CAMPECHE,4,SAN FRANCISCO DE CAMPECHE,1,CAMPECHE,68,2,387,180,30,20,14,15,12,147,2,5,0,7,7,0,0,,,826,0,15,841,1272
 ,4,CAMPECHE,4,SAN FRANCISCO DE CAMPECHE,1,CAMPECHE,69,2,322,201,10,15,12,8,8,99,3,12,7,6,10,1,0,,,714,1,25,740,993
 ,4,CAMPECHE,4,SAN FRANCISCO DE CAMPECHE,1,CAMPECHE,70,2,475,207,20,13,12,14,18,129,7,7,1,6,0,0,0,,,909,0,16,925,1204
 ,4,CAMPECHE,5,SAN FRANCISCO DE CAMPECHE,1,CAMPECHE,71,2,343,205,19,7,14,13,6,108,2,14,6,5,3,0,0,,,745,0,32,777,1017
 ,4,CAMPECHE,6,SAN FRANCISCO DE CAMPECHE,1,CAMPECHE,72,2,416,352,14,8,12,20,10,102,8,10,7,8,6,0,0,,,973,0,24,997,1297
 ,4,CAMPECHE,6,SAN FRANCISCO DE CAMPECHE,1,CAMPECHE,73,2,309,260,23,18,15,14,4,84,5,6,1,8,0,0,0,,,747,0,21,768,1159
 ,4,CAMPECHE,5,SAN FRANCISCO DE CAMPECHE,1,CAMPECHE,74,2,443,247,19,22,22,13,8,142,2,17,3,5,1,1,0,,,945,0,28,973,1302
 ,4,CAMPECHE,5,SAN FRANCISCO DE CAMPECHE,1,CAMPECHE,75,3,683,306,35,11,33,25,15,247,12,18,4,13,3,1,0,,,1406,0,39,1445,1984
 ,4,CAMPECHE,5,SAN FRANCISCO DE CAMPECHE,1,CAMPECHE,76,2,337,222,23,5,17,15,5,103,7,12,7,9,7,1,1,,,771,0,22,793,1014
 ,4,CAMPECHE,4,SAN FRANCISCO DE CAMPECHE,1,CAMPECHE,77,2,384,177,16,10,8,13,11,103,7,9,2,5,3,3,0,,,751,0,12,763,937
 ,4,CAMPECHE,4,SAN FRANCISCO DE CAMPECHE,1,CAMPECHE,78,2,293,155,13,18,31,18,4,84,14,5,6,10,4,0,0,,,655,0,22,677,925
 ,4,CAMPECHE,3,SAN FRANCISCO DE CAMPECHE,1,CAMPECHE,79,10,2047,749,111,26,109,61,118,568,24,26,22,28,10,4,1,,,3904,0,128,4032,6624
 ,4,CAMPECHE,3,SAN FRANCISCO DE CAMPECHE,1,CAMPECHE,80,2,322,173,12,4,16,11,8,71,0,5,6,9,2,2,0,,,641,0,28,669,823
 ,4,CAMPECHE,2,SAN FRANCISCO DE CAMPECHE,1,CAMPECHE,81,17,4494,1529,183,48,188,134,87,1137,71,67,46,53,12,4,0,,,8053,1,198,8252,12236
 ,4,CAMPECHE,3,SAN FRANCISCO DE CAMPECHE,1,CAMPECHE,82,2,482,197,21,4,17,11,10,119,5,13,3,3,3,0,1,,,889,0,21,910,1237
 ,4,CAMPECHE,3,SAN FRANCISCO DE CAMPECHE,1,CAMPECHE,83,7,1735,606,57,15,70,55,36,469,13,36,20,20,4,2,2,,,3140,1,100,3241,4845
 ,4,CAMPECHE,4,SAN FRANCISCO DE CAMPECHE,1,CAMPECHE,84,2,276,163,16,18,15,7,10,81,1,8,2,11,10,1,0,,,619,0,17,636,905
 ,4,CAMPECHE,4,SAN FRANCISCO DE CAMPECHE,1,CAMPECHE,85,2,326,150,4,10,27,19,14,121,6,4,4,8,15,3,0,,,711,0,39,750,1061
 ,4,CAMPECHE,4,SAN FRANCISCO DE CAMPECHE,1,CAMPECHE,86,2,451,217,12,7,5,14,26,112,4,8,5,7,2,1,0,,,871,0,21,892,1064
 ,4,CAMPECHE,5,SAN FRANCISCO DE CAMPECHE,1,CAMPECHE,87,2,349,193,11,2,16,9,12,101,1,6,1,5,0,2,0,,,708,0,14,722,907
 ,4,CAMPECHE,6,SAN FRANCISCO DE CAMPECHE,1,CAMPECHE,88,1,159,221,10,10,8,1,1,40,4,3,1,8,2,1,0,,,469,0,7,476,613
 ,4,CAMPECHE,6,SAN FRANCISCO DE CAMPECHE,1,CAMPECHE,89,2,313,307,16,17,5,6,4,38,4,7,4,10,4,0,0,,,735,0,20,755,1004
 ,4,CAMPECHE,5,SAN FRANCISCO DE CAMPECHE,1,CAMPECHE,90,3,613,307,17,12,20,28,2,198,10,7,7,12,3,1,0,,,1237,0,28,1265,1771
 ,4,CAMPECHE,5,SAN FRANCISCO DE CAMPECHE,1,CAMPECHE,91,3,525,248,13,17,31,21,13,195,8,6,2,8,4,1,0,,,1092,0,37,1129,1747
 ,4,CAMPECHE,4,SAN FRANCISCO DE CAMPECHE,1,CAMPECHE,92,4,414,420,17,22,6,11,6,89,2,5,1,0,0,4,0,,,997,0,15,1012,1206
 ,4,CAMPECHE,4,SAN FRANCISCO DE CAMPECHE,1,CAMPECHE,93,2,426,317,7,16,4,13,4,107,8,6,2,11,1,1,0,,,923,0,6,929,1126
 ,4,CAMPECHE,4,SAN FRANCISCO DE CAMPECHE,1,CAMPECHE,94,2,530,175,16,18,19,18,18,136,2,8,6,11,3,0,0,,,960,0,31,991,1295
 ,4,CAMPECHE,4,SAN FRANCISCO DE CAMPECHE,1,CAMPECHE,95,3,460,157,74,27,35,20,18,172,1,5,3,7,7,2,1,,,989,1,38,1028,1532
 ,4,CAMPECHE,4,SAN FRANCISCO DE CAMPECHE,1,CAMPECHE,96,2,358,150,23,27,27,17,9,107,2,5,1,6,14,1,0,,,747,0,38,785,1134
 ,4,CAMPECHE,4,SAN FRANCISCO DE CAMPECHE,1,CAMPECHE,97,2,383,110,36,18,31,10,1,82,5,1,1,6,2,1,0,,,687,0,30,717,1145
 ,4,CAMPECHE,4,SAN FRANCISCO DE CAMPECHE,1,CAMPECHE,98,2,322,208,9,13,6,9,8,74,0,8,1,2,5,1,0,,,666,0,17,683,879
 ,4,CAMPECHE,5,SAN FRANCISCO DE CAMPECHE,1,CAMPECHE,99,2,373,192,19,9,26,17,11,153,5,1,5,2,7,1,0,,,821,0,23,844,1240
 ,4,CAMPECHE,5,SAN FRANCISCO DE CAMPECHE,1,CAMPECHE,100,4,723,349,23,13,45,24,14,265,10,5,3,6,3,5,0,,,1488,0,41,1529,2272
 ,4,CAMPECHE,5,SAN FRANCISCO DE CAMPECHE,1,CAMPECHE,101,4,875,330,34,10,42,34,8,266,10,15,11,7,5,1,1,,,1649,1,47,1697,2439
 ,4,CAMPECHE,5,SAN FRANCISCO DE CAMPECHE,1,CAMPECHE,102,3,544,318,20,12,32,17,6,237,4,16,5,12,0,0,0,,,1223,0,28,1251,1708
 ,4,CAMPECHE,5,SAN FRANCISCO DE CAMPECHE,1,CAMPECHE,103,2,343,191,10,9,16,23,9,161,4,10,179,114,1,0,0,,,1070,0,35,1105,1186
 ,4,CAMPECHE,4,SAN FRANCISCO DE CAMPECHE,1,CAMPECHE,104,2,305,146,15,7,11,15,7,89,2,4,2,2,5,0,1,,,611,0,17,628,803
 ,4,CAMPECHE,4,SAN FRANCISCO DE CAMPECHE,1,CAMPECHE,105,10,1953,760,143,74,123,89,42,624,26,36,29,36,22,7,1,,,3965,1,127,4093,6758
 ,4,CAMPECHE,4,SAN FRANCISCO DE CAMPECHE,1,CAMPECHE,106,2,532,221,27,21,18,15,4,129,11,16,1,7,1,0,0,,,1003,0,17,1020,1308
 ,4,CAMPECHE,6,SAN FRANCISCO DE CAMPECHE,1,CAMPECHE,107,2,300,203,19,12,25,23,7,240,8,5,4,3,6,1,0,,,856,0,53,909,1331
 ,4,CAMPECHE,5,SAN FRANCISCO DE CAMPECHE,1,CAMPECHE,108,5,751,399,23,18,100,42,19,389,107,23,11,21,6,1,1,,,1911,7,92,2010,3105
 ,4,CAMPECHE,5,SAN FRANCISCO DE CAMPECHE,1,CAMPECHE,109,4,707,320,19,7,49,30,19,236,7,8,7,10,4,2,0,,,1425,0,69,1494,2305
 ,4,CAMPECHE,6,SAN FRANCISCO DE CAMPECHE,1,CAMPECHE,110,2,434,206,22,6,22,21,51,132,7,4,0,4,1,1,0,,,911,1,30,942,1283
 ,4,CAMPECHE,5,SAN FRANCISCO DE CAMPECHE,1,CAMPECHE,111,3,484,271,30,10,72,13,7,231,10,9,7,7,4,3,0,,,1158,0,58,1216,1908
 ,4,CAMPECHE,6,SAN FRANCISCO DE CAMPECHE,1,CAMPECHE,112,6,1110,521,29,14,58,37,14,436,14,16,7,27,8,2,0,,,2293,1,81,2375,3945
 ,4,CAMPECHE,6,SAN FRANCISCO DE CAMPECHE,1,CAMPECHE,113,2,305,129,17,2,21,12,37,82,7,1,2,4,2,0,0,,,621,0,29,650,835
 ,4,CAMPECHE,6,SAN FRANCISCO DE CAMPECHE,1,CAMPECHE,114,2,478,156,18,2,18,20,43,109,5,3,3,3,2,2,3,,,865,0,35,900,1246
 ,4,CAMPECHE,6,SAN FRANCISCO DE CAMPECHE,1,CAMPECHE,115,2,325,114,15,2,14,7,24,57,2,2,3,5,1,1,0,,,572,0,26,598,888
 ,4,CAMPECHE,6,SAN FRANCISCO DE CAMPECHE,1,CAMPECHE,116,2,341,203,13,4,6,13,38,81,3,3,6,6,0,2,0,,,719,0,31,750,1108
 ,4,CAMPECHE,6,SAN FRANCISCO DE CAMPECHE,1,CAMPECHE,117,3,517,218,34,6,36,32,61,135,10,5,6,2,4,5,0,,,1071,7,48,1126,1640
 ,4,CAMPECHE,7,TENABO,1,CAMPECHE,118,2,262,208,15,3,15,19,11,176,5,4,1,2,0,0,0,,,721,0,22,743,917
 ,4,CAMPECHE,7,TENABO,1,CAMPECHE,119,1,124,101,9,0,3,8,2,64,3,5,2,5,0,0,0,,,326,0,8,334,399
 ,4,CAMPECHE,7,TENABO,1,CAMPECHE,120,2,270,168,16,2,5,31,6,128,6,15,12,1,1,0,0,,,661,0,16,677,810
 ,4,CAMPECHE,7,TENABO,1,CAMPECHE,121,2,233,172,9,4,17,12,9,147,4,12,7,2,3,0,0,,,631,0,28,659,897
 ,4,CAMPECHE,7,TENABO,1,CAMPECHE,122,2,347,214,6,4,20,14,4,144,2,3,3,6,0,0,0,,,767,0,38,805,1048
 ,4,CAMPECHE,7,TENABO,1,CAMPECHE,123,2,212,122,16,5,31,11,3,147,2,1,0,2,1,0,0,,,553,0,51,604,770
 ,4,CAMPECHE,2,SAN FRANCISCO DE CAMPECHE,1,CAMPECHE,124,7,1486,517,71,14,71,45,17,356,16,15,13,17,11,1,1,,,2651,1,97,2749,4078
 ,4,CAMPECHE,3,SAN FRANCISCO DE CAMPECHE,1,CAMPECHE,125,3,364,277,29,7,31,19,10,169,9,12,2,4,0,2,0,,,935,0,77,1012,1594
 ,4,CAMPECHE,3,SAN FRANCISCO DE CAMPECHE,1,CAMPECHE,126,3,490,342,39,13,36,21,8,249,12,14,8,7,7,0,0,,,1246,0,61,1307,2017
 ,4,CAMPECHE,6,SAN FRANCISCO DE CAMPECHE,1,CAMPECHE,127,2,289,186,17,3,27,9,3,136,6,6,2,6,5,0,0,,,695,1,33,729,1077
 ,4,CAMPECHE,2,SAN FRANCISCO DE CAMPECHE,1,CAMPECHE,128,1,64,57,5,1,4,2,1,31,0,0,2,1,2,0,0,,,170,0,9,179,219
 ,4,CAMPECHE,6,SAN FRANCISCO DE CAMPECHE,1,CAMPECHE,129,2,513,346,10,3,78,13,5,113,22,47,0,0,0,0,0,,,1150,0,55,1205,1450
 ,4,CAMPECHE,6,SAN FRANCISCO DE CAMPECHE,1,CAMPECHE,130,1,178,83,4,0,12,0,0,37,2,0,0,0,0,0,0,,,316,0,0,316,444
 ,4,CAMPECHE,6,SAN FRANCISCO DE CAMPECHE,1,CAMPECHE,131,1,60,88,1,1,1,1,1,24,2,34,2,0,2,0,0,,,217,0,4,221,252
 ,4,CAMPECHE,6,SAN FRANCISCO DE CAMPECHE,1,CAMPECHE,132,1,102,36,0,0,3,0,0,13,1,7,0,0,0,0,0,,,162,0,5,167,192
 ,4,CAMPECHE,6,SAN FRANCISCO DE CAMPECHE,1,CAMPECHE,133,1,168,161,4,1,6,7,4,51,7,3,2,1,1,0,0,,,416,0,21,437,512
 ,4,CAMPECHE,6,SAN FRANCISCO DE CAMPECHE,1,CAMPECHE,134,2,158,91,6,0,10,6,5,56,2,2,0,0,0,0,0,,,336,0,21,357,452
 ,4,CAMPECHE,6,SAN FRANCISCO DE CAMPECHE,1,CAMPECHE,135,2,167,110,5,1,5,4,2,154,1,1,154,139,0,0,0,,,743,0,24,767,848
 ,4,CAMPECHE,6,SAN FRANCISCO DE CAMPECHE,1,CAMPECHE,136,1,86,39,3,0,2,3,1,18,0,3,0,0,3,0,0,,,158,0,1,159,193
 ,4,CAMPECHE,6,SAN FRANCISCO DE CAMPECHE,1,CAMPECHE,137,1,64,96,4,0,3,0,0,29,1,0,0,0,0,0,0,,,197,0,11,208,263
 ,4,CAMPECHE,6,SAN FRANCISCO DE CAMPECHE,1,CAMPECHE,138,1,151,130,1,0,14,4,28,81,2,0,0,4,0,0,0,,,415,0,19,434,528
 ,4,CAMPECHE,6,SAN FRANCISCO DE CAMPECHE,1,CAMPECHE,139,4,717,331,145,10,44,15,15,338,14,24,8,20,12,0,0,,,1693,0,94,1787,2738
 ,4,CAMPECHE,6,SAN FRANCISCO DE CAMPECHE,1,CAMPECHE,140,2,213,209,16,0,10,9,4,149,3,6,3,7,3,1,0,,,633,0,19,652,905
 ,4,CAMPECHE,6,SAN FRANCISCO DE CAMPECHE,1,CAMPECHE,141,2,167,240,18,1,14,3,8,175,2,3,9,4,4,0,0,,,648,0,18,666,898
 ,4,CAMPECHE,6,SAN FRANCISCO DE CAMPECHE,1,CAMPECHE,142,4,1031,323,99,8,58,13,10,229,5,4,8,13,3,5,0,,,1809,0,126,1935,2624
 ,4,CAMPECHE,6,SAN FRANCISCO DE CAMPECHE,1,CAMPECHE,143,1,99,91,6,3,11,8,4,52,9,0,1,2,0,0,0,,,286,0,12,298,347
 ,4,CAMPECHE,6,SAN FRANCISCO DE CAMPECHE,1,CAMPECHE,144,1,85,55,8,0,11,3,0,24,1,3,0,1,0,0,0,,,191,0,7,198,234
 ,4,CAMPECHE,6,SAN FRANCISCO DE CAMPECHE,1,CAMPECHE,145,2,138,184,25,11,21,8,11,124,26,2,2,4,0,1,1,,,558,0,36,594,836
 ,4,CAMPECHE,6,SAN FRANCISCO DE CAMPECHE,1,CAMPECHE,146,1,147,121,24,1,11,4,4,80,4,2,1,3,0,0,0,,,402,0,5,407,474
 ,4,CAMPECHE,17,CALKINI,2,CALKINI,147,3,19,438,227,17,67,106,44,302,4,2,1,21,3,2,0,,29,1282,0,41,1323,1630
 ,4,CAMPECHE,17,CALKINI,2,CALKINI,148,2,23,298,181,12,21,72,19,177,2,11,0,4,0,0,0,,15,835,0,24,859,1074
 ,4,CAMPECHE,17,CALKINI,2,CALKINI,149,2,20,385,161,14,35,54,12,160,4,6,0,28,2,6,0,,9,896,0,16,912,1127
 ,4,CAMPECHE,17,CALKINI,2,CALKINI,150,2,9,198,74,5,18,67,11,206,3,15,0,6,4,1,0,,11,628,0,10,638,781
 ,4,CAMPECHE,17,CALKINI,2,CALKINI,151,2,20,250,119,7,28,51,19,151,2,2,1,5,1,7,0,,12,675,0,14,689,828
 ,4,CAMPECHE,17,CALKINI,2,CALKINI,152,2,19,279,105,11,23,83,19,209,1,2,2,18,1,2,9,,12,795,0,29,824,1016
 ,4,CAMPECHE,17,CALKINI,2,CALKINI,153,2,12,220,177,7,47,76,34,233,6,9,1,11,0,1,0,,17,851,0,20,871,1038
 ,4,CAMPECHE,17,CALKINI,2,CALKINI,154,3,20,401,232,22,82,140,61,304,5,11,7,13,4,5,0,,48,1355,0,27,1382,1742
 ,4,CAMPECHE,17,CALKINI,2,CALKINI,155,2,16,273,169,8,40,111,33,259,6,5,1,16,0,0,0,,26,963,0,24,987,1375
 ,4,CAMPECHE,17,CALKINI,2,CALKINI,156,2,10,170,127,7,25,56,31,180,3,5,0,9,1,5,0,,36,665,0,33,698,887
 ,4,CAMPECHE,19,HECELCHAKAN,2,CALKINI,157,1,10,272,110,1,19,106,4,60,1,3,0,2,0,1,0,,6,595,0,13,608,719
 ,4,CAMPECHE,19,HECELCHAKAN,2,CALKINI,158,2,17,205,142,47,30,20,129,104,8,2,0,1,3,9,0,,7,724,0,32,756,827
 ,4,CAMPECHE,17,CALKINI,2,CALKINI,159,2,38,185,39,0,31,23,23,185,8,11,2,15,0,4,0,,10,574,0,21,595,792
 ,4,CAMPECHE,17,CALKINI,2,CALKINI,160,2,54,168,40,1,25,29,47,189,7,17,0,15,1,2,1,,17,613,0,23,636,788
 ,4,CAMPECHE,17,CALKINI,2,CALKINI,161,2,32,168,50,2,25,49,14,212,7,9,0,13,0,4,0,,6,591,3,16,610,799
 ,4,CAMPECHE,17,CALKINI,2,CALKINI,162,2,77,217,42,8,58,31,25,215,5,9,0,9,1,4,0,,27,728,0,17,745,989
 ,4,CAMPECHE,17,CALKINI,2,CALKINI,163,2,89,194,60,2,32,15,28,185,2,15,2,12,0,0,0,,0,636,0,9,645,822
 ,4,CAMPECHE,17,CALKINI,2,CALKINI,164,2,30,199,71,2,35,27,19,226,5,11,1,8,1,3,0,,14,652,0,27,679,843
 ,4,CAMPECHE,19,HECELCHAKAN,2,CALKINI,165,1,2,121,33,94,0,0,1,1,1,0,0,0,1,1,0,,1,256,0,7,263,269
 ,4,CAMPECHE,19,HECELCHAKAN,2,CALKINI,166,3,168,777,85,3,9,71,34,528,6,4,0,11,1,2,0,,1,1700,0,27,1727,2086
 ,4,CAMPECHE,19,HECELCHAKAN,2,CALKINI,167,2,95,394,66,1,10,47,30,307,4,4,2,2,5,5,0,,0,972,0,27,999,1184
 ,4,CAMPECHE,19,HECELCHAKAN,2,CALKINI,168,2,79,453,66,7,8,32,30,326,4,10,1,14,3,1,0,,4,1038,0,21,1059,1284
 ,4,CAMPECHE,17,CALKINI,2,CALKINI,169,3,6,503,124,17,23,28,41,428,10,0,0,6,3,0,0,,4,1193,0,46,1239,1514
 ,4,CAMPECHE,19,HECELCHAKAN,2,CALKINI,170,2,37,290,127,89,29,16,101,129,9,4,2,2,1,1,0,,0,837,0,11,848,951
 ,4,CAMPECHE,19,HECELCHAKAN,2,CALKINI,171,1,8,267,79,1,24,10,15,125,3,3,0,0,1,3,1,,9,549,0,19,568,657
 ,4,CAMPECHE,17,CALKINI,2,CALKINI,172,2,30,295,156,69,42,88,1,255,2,4,0,5,3,0,0,,12,962,0,29,991,1379
 ,4,CAMPECHE,17,CALKINI,2,CALKINI,173,3,17,275,125,4,106,151,20,443,9,3,57,153,7,3,0,,10,1383,0,29,1412,1844
 ,4,CAMPECHE,17,CALKINI,2,CALKINI,174,2,9,316,78,7,37,195,24,242,0,7,0,16,1,6,0,,1,939,0,25,964,1219
 ,4,CAMPECHE,17,CALKINI,2,CALKINI,175,3,19,566,88,6,85,277,35,415,5,6,6,21,6,6,1,,3,1545,0,47,1592,2014
 ,4,CAMPECHE,17,CALKINI,2,CALKINI,176,3,19,572,112,5,104,182,31,379,8,10,0,14,4,3,0,,6,1449,0,53,1502,2063
 ,4,CAMPECHE,17,CALKINI,2,CALKINI,177,3,26,512,93,8,106,233,21,366,4,4,0,16,0,4,0,,0,1393,0,45,1438,1781
 ,4,CAMPECHE,19,HECELCHAKAN,2,CALKINI,178,1,6,93,27,35,3,6,4,90,1,0,0,1,1,1,0,,0,268,0,9,277,314
 ,4,CAMPECHE,17,CALKINI,2,CALKINI,179,2,40,478,317,39,42,39,2,134,6,17,1,3,4,0,0,,0,1122,0,59,1181,1388
 ,4,CAMPECHE,17,CALKINI,2,CALKINI,180,3,31,766,384,1,63,51,22,218,14,12,0,24,12,7,1,,3,1609,0,104,1713,1993
 ,4,CAMPECHE,19,HECELCHAKAN,2,CALKINI,181,2,5,179,144,16,10,2,12,16,3,0,0,3,0,0,0,,1,391,0,12,403,470
 ,4,CAMPECHE,19,HECELCHAKAN,2,CALKINI,182,1,4,74,40,0,19,1,8,6,0,0,0,1,0,3,0,,1,157,0,0,157,175
 ,4,CAMPECHE,10,CD DEL CARMEN,3,CARMEN,183,7,986,678,33,13,116,34,13,893,29,18,12,32,10,2,1,67,,2937,0,123,3060,5216
 ,4,CAMPECHE,10,CD DEL CARMEN,3,CARMEN,184,7,1133,629,32,8,113,23,14,763,14,35,7,19,7,7,0,60,,2864,0,81,2945,4768
 ,4,CAMPECHE,10,CD DEL CARMEN,3,CARMEN,185,5,413,368,21,8,83,11,8,410,12,22,2,15,5,4,0,44,,1426,1,66,1493,3071
 ,4,CAMPECHE,10,CD DEL CARMEN,3,CARMEN,186,2,282,232,5,6,18,6,6,237,5,17,1,12,4,2,1,37,,871,2,35,908,1437
 ,4,CAMPECHE,9,CD DEL CARMEN,3,CARMEN,187,3,334,264,16,5,38,8,4,256,13,7,6,12,4,2,0,28,,997,0,29,1026,1645
 ,4,CAMPECHE,9,CD DEL CARMEN,3,CARMEN,188,3,471,410,6,7,35,8,7,252,11,18,9,20,7,4,0,16,,1281,0,41,1322,1968
 ,4,CAMPECHE,9,CD DEL CARMEN,3,CARMEN,189,2,328,233,7,4,36,6,8,198,15,5,2,12,3,1,0,25,,883,0,90,973,1468
 ,4,CAMPECHE,9,CD DEL CARMEN,3,CARMEN,190,2,294,188,13,8,30,5,3,269,6,7,4,6,3,2,0,36,,874,2,35,911,1434
 ,4,CAMPECHE,10,CD DEL CARMEN,3,CARMEN,191,3,393,304,19,2,35,7,11,408,13,8,4,10,3,1,0,22,,1240,0,41,1281,2120
 ,4,CAMPECHE,10,CD DEL CARMEN,3,CARMEN,192,3,295,215,8,4,36,6,6,255,12,10,5,17,5,3,0,22,,899,0,39,938,1606
 ,4,CAMPECHE,10,CD DEL CARMEN,3,CARMEN,193,1,157,99,2,2,12,2,3,88,2,4,1,2,0,0,0,7,,381,0,9,390,594
 ,4,CAMPECHE,9,CD DEL CARMEN,3,CARMEN,194,2,309,178,9,3,31,5,6,232,7,6,0,18,0,1,0,15,,820,0,29,849,1345
 ,4,CAMPECHE,9,CD DEL CARMEN,3,CARMEN,195,2,264,232,16,8,26,4,4,212,8,8,2,11,1,1,0,27,,824,0,30,854,1296
 ,4,CAMPECHE,9,CD DEL CARMEN,3,CARMEN,196,2,277,230,8,2,37,7,6,250,6,10,4,12,10,0,0,21,,880,0,45,925,1420
 ,4,CAMPECHE,9,CD DEL CARMEN,3,CARMEN,197,2,237,236,9,4,19,5,0,166,5,5,0,8,10,1,0,15,,720,0,27,747,1210
 ,4,CAMPECHE,20,PALIZADA,3,CARMEN,199,3,264,375,6,3,44,12,3,254,6,16,2,14,2,2,0,16,,1019,1,32,1052,1711
 ,4,CAMPECHE,20,PALIZADA,3,CARMEN,200,2,207,262,7,4,27,4,3,149,7,14,1,8,2,0,0,19,,714,0,29,743,1086
 ,4,CAMPECHE,9,CD DEL CARMEN,3,CARMEN,201,2,150,233,6,2,18,2,5,115,2,7,1,7,1,2,0,12,,563,0,22,585,907
 ,4,CAMPECHE,9,CD DEL CARMEN,3,CARMEN,202,3,371,413,14,5,49,5,3,245,4,28,6,11,6,6,0,25,,1191,0,32,1223,1745
 ,4,CAMPECHE,9,CD DEL CARMEN,3,CARMEN,203,3,328,311,7,8,36,7,3,216,6,10,0,8,4,2,1,20,,967,0,43,1010,1520
 ,4,CAMPECHE,9,CD DEL CARMEN,3,CARMEN,204,1,163,109,1,3,9,3,1,140,3,9,0,2,2,0,0,27,,472,0,33,505,737
 ,4,CAMPECHE,8,CD DEL CARMEN,3,CARMEN,205,7,618,513,29,13,85,11,24,528,15,29,6,31,3,8,0,45,,1958,1,89,2048,4864
 ,4,CAMPECHE,10,CD DEL CARMEN,3,CARMEN,206,4,869,454,17,9,80,20,12,388,7,21,9,15,2,2,0,25,,1930,0,65,1995,2997
 ,4,CAMPECHE,9,CD DEL CARMEN,3,CARMEN,207,3,216,205,11,3,14,8,2,172,4,7,2,4,1,1,0,26,,676,0,30,706,1647
 ,4,CAMPECHE,9,CD DEL CARMEN,3,CARMEN,208,3,361,288,3,9,27,9,9,292,5,21,2,9,2,2,0,32,,1071,0,31,1102,1543
 ,4,CAMPECHE,9,CD DEL CARMEN,3,CARMEN,209,2,340,278,9,4,41,4,11,226,5,17,1,9,7,1,1,22,,976,0,35,1011,1487
 ,4,CAMPECHE,9,CD DEL CARMEN,3,CARMEN,210,3,317,365,6,7,30,10,7,210,14,12,6,7,3,1,0,23,,1018,0,39,1057,1664
 ,4,CAMPECHE,20,PALIZADA,3,CARMEN,211,3,291,334,5,2,25,5,5,220,6,8,2,4,1,0,0,19,,927,0,45,972,1552
 ,4,CAMPECHE,9,CD DEL CARMEN,3,CARMEN,212,2,167,192,5,2,13,6,5,125,4,8,3,2,4,1,0,10,,547,0,22,569,774
 ,4,CAMPECHE,9,CD DEL CARMEN,3,CARMEN,213,2,206,157,7,4,12,7,3,151,4,26,3,13,0,1,0,7,,601,0,29,630,934
 ,4,CAMPECHE,20,PALIZADA,3,CARMEN,214,2,220,294,7,6,14,5,7,188,9,3,2,9,3,2,1,18,,788,0,28,816,1223
 ,4,CAMPECHE,20,PALIZADA,3,CARMEN,215,1,61,95,4,1,11,2,0,67,2,7,3,3,0,0,0,7,,263,0,6,269,417
 ,4,CAMPECHE,20,PALIZADA,3,CARMEN,216,3,215,184,2,1,22,5,6,119,2,13,5,7,3,2,0,22,,608,1,9,618,922
 ,4,CAMPECHE,9,CD DEL CARMEN,3,CARMEN,217,2,270,223,20,5,22,5,5,204,4,38,3,4,2,0,0,18,,823,0,29,852,1274
 ,4,CAMPECHE,9,CD DEL CARMEN,3,CARMEN,218,2,304,165,9,6,27,4,5,156,8,26,3,8,2,0,0,35,,758,2,26,786,1253
 ,4,CAMPECHE,9,CD DEL CARMEN,3,CARMEN,219,1,147,70,3,2,6,6,2,75,0,7,0,3,0,0,0,4,,325,1,12,338,470
 ,4,CAMPECHE,8,CD DEL CARMEN,3,CARMEN,220,1,164,123,4,1,13,7,5,155,4,4,2,2,1,4,0,19,,508,0,14,522,698
 ,4,CAMPECHE,20,PALIZADA,3,CARMEN,221,1,179,126,3,2,15,2,0,123,4,3,2,4,2,0,0,6,,471,1,16,488,735
 ,4,CAMPECHE,20,PALIZADA,3,CARMEN,222,1,104,102,5,1,19,1,0,92,4,10,0,6,0,0,0,8,,352,0,7,359,531
 ,4,CAMPECHE,20,PALIZADA,3,CARMEN,223,2,175,151,2,0,14,3,2,107,8,3,3,4,2,1,0,9,,484,0,14,498,760
 ,4,CAMPECHE,20,PALIZADA,3,CARMEN,224,2,148,123,6,0,11,5,1,105,4,3,1,3,2,1,0,8,,421,0,9,430,1285
 ,4,CAMPECHE,20,PALIZADA,3,CARMEN,225,2,74,45,2,2,21,1,2,47,1,0,2,0,0,1,0,9,,207,0,8,215,1204
 ,4,CAMPECHE,9,CD DEL CARMEN,3,CARMEN,226,2,219,165,6,9,53,8,1,209,2,7,2,10,3,1,0,13,,708,0,41,749,1176
 ,4,CAMPECHE,9,CD DEL CARMEN,3,CARMEN,227,2,247,250,17,7,54,8,4,180,6,6,1,11,4,1,0,19,,815,0,30,845,1406
 ,4,CAMPECHE,9,CD DEL CARMEN,3,CARMEN,228,2,181,169,11,6,36,2,3,168,6,12,1,9,2,2,0,18,,626,0,25,651,993
 ,4,CAMPECHE,11,CD DEL CARMEN,3,CARMEN,230,9,1274,969,33,25,259,29,25,1031,26,51,10,56,28,4,0,94,,3914,0,160,4074,6529
 ,4,CAMPECHE,10,CD DEL CARMEN,3,CARMEN,231,3,431,280,14,8,157,9,6,367,12,16,2,5,3,2,0,30,,1342,0,51,1393,2229
 ,4,CAMPECHE,8,CD DEL CARMEN,3,CARMEN,232,3,413,273,9,6,56,8,4,342,6,11,2,9,3,1,0,27,,1170,0,45,1215,1959
 ,4,CAMPECHE,8,CD DEL CARMEN,3,CARMEN,233,3,372,357,8,7,62,18,8,310,15,21,3,12,5,2,1,48,,1249,0,41,1290,1997
 ,4,CAMPECHE,8,CD DEL CARMEN,3,CARMEN,234,3,371,280,12,1,53,10,2,367,4,11,2,2,5,1,0,37,,1158,0,40,1198,1933
 ,4,CAMPECHE,8,CD DEL CARMEN,3,CARMEN,235,2,165,102,4,2,16,2,1,115,5,5,4,1,4,1,0,13,,440,0,16,456,1334
 ,4,CAMPECHE,8,CD DEL CARMEN,3,CARMEN,236,3,164,147,9,3,27,6,3,186,4,5,3,4,3,0,0,13,,577,0,31,608,1510
 ,4,CAMPECHE,8,CD DEL CARMEN,3,CARMEN,237,2,253,211,8,7,32,2,3,178,5,12,1,4,1,0,0,16,,733,0,33,766,1176
 ,4,CAMPECHE,20,PALIZADA,3,CARMEN,239,2,155,178,6,1,28,5,4,161,15,7,3,4,3,0,0,10,,580,0,30,610,939
 ,4,CAMPECHE,8,CD DEL CARMEN,3,CARMEN,240,4,0,0,0,0,0,0,0,0,0,0,0,0,0,0,0,0,,0,0,0,0,1620
 ,4,CAMPECHE,8,CD DEL CARMEN,3,CARMEN,241,4,216,227,9,1,54,5,5,234,7,13,3,9,7,0,0,26,,816,0,44,860,1564
 ,4,CAMPECHE,8,CD DEL CARMEN,3,CARMEN,242,3,221,196,8,2,48,14,20,305,3,10,0,9,2,2,0,23,,863,0,49,912,1513
 ,4,CAMPECHE,8,CD DEL CARMEN,3,CARMEN,243,4,319,259,12,6,40,8,34,310,4,13,4,8,1,1,0,22,,1041,0,48,1089,2412
 ,4,CAMPECHE,11,CD DEL CARMEN,3,CARMEN,244,11,1150,917,50,25,249,34,17,1265,36,33,12,60,14,4,1,92,,3959,2,179,4140,8150
 ,4,CAMPECHE,8,CD DEL CARMEN,3,CARMEN,245,3,299,202,20,3,47,7,16,268,8,10,2,12,1,1,0,38,,934,0,49,983,1684
 ,4,CAMPECHE,8,CD DEL CARMEN,3,CARMEN,246,2,257,231,12,2,41,4,5,195,4,6,3,8,3,1,0,26,,798,0,27,825,1403
 ,4,CAMPECHE,8,CD DEL CARMEN,3,CARMEN,247,2,210,256,19,4,22,4,8,252,8,13,0,3,2,0,0,15,,816,0,44,860,1433
 ,4,CAMPECHE,8,CD DEL CARMEN,3,CARMEN,248,2,195,217,10,1,15,7,4,242,4,8,0,6,3,5,0,13,,730,1,23,754,1312
 ,4,CAMPECHE,8,CD DEL CARMEN,3,CARMEN,249,5,256,287,20,7,33,7,15,304,8,31,3,13,6,5,0,12,,1007,1,47,1055,3106
 ,4,CAMPECHE,12,SABANCUY CARMEN,3,CARMEN,250,3,199,445,23,18,65,27,10,335,13,10,1,8,5,2,0,5,,1166,0,89,1255,1918
 ,4,CAMPECHE,12,SABANCUY CARMEN,3,CARMEN,251,2,140,279,7,5,18,8,8,209,6,6,1,3,4,2,1,5,,702,0,47,749,1064
 ,4,CAMPECHE,12,SABANCUY CARMEN,3,CARMEN,252,2,156,325,5,1,20,6,19,161,4,0,0,10,3,2,0,5,,717,0,45,762,1011
 ,4,CAMPECHE,12,SABANCUY CARMEN,3,CARMEN,253,3,199,480,13,6,44,18,18,277,6,4,2,15,6,2,1,20,,1111,0,58,1169,1650
 ,4,CAMPECHE,12,SABANCUY CARMEN,3,CARMEN,254,1,31,148,5,5,30,7,1,205,5,1,0,9,3,0,1,2,,453,0,38,491,675
 ,4,CAMPECHE,12,SABANCUY CARMEN,3,CARMEN,255,1,43,135,3,2,16,3,4,209,1,9,2,8,7,0,0,3,,445,0,21,466,580
 ,4,CAMPECHE,12,SABANCUY CARMEN,3,CARMEN,256,3,88,110,10,1,47,2,1,112,5,2,0,6,2,0,0,3,,389,0,39,428,2212
 ,4,CAMPECHE,12,SABANCUY CARMEN,3,CARMEN,257,5,362,383,29,15,205,19,13,483,29,10,2,14,9,4,0,33,,1610,0,109,1719,3013
 ,4,CAMPECHE,12,SABANCUY CARMEN,3,CARMEN,258,2,146,314,11,2,42,11,5,296,4,5,0,9,4,1,0,3,,853,0,55,908,1394
 ,4,CAMPECHE,12,SABANCUY CARMEN,3,CARMEN,259,2,94,269,6,14,74,12,14,326,8,11,1,11,3,3,0,4,,850,0,49,899,1344
 ,4,CAMPECHE,12,SABANCUY CARMEN,3,CARMEN,260,1,45,137,11,6,33,10,4,218,3,1,0,6,0,2,0,4,,480,0,21,501,729
 ,4,CAMPECHE,12,SABANCUY CARMEN,3,CARMEN,261,2,112,289,9,3,74,5,8,201,5,19,2,18,13,0,1,5,,764,0,66,830,1235
 ,4,CAMPECHE,12,SABANCUY CARMEN,3,CARMEN,262,3,125,305,15,7,83,8,8,283,13,6,1,32,9,0,1,1,,897,1,69,967,1501
 ,4,CAMPECHE,20,PALIZADA,3,CARMEN,263,2,79,235,5,19,41,7,13,232,5,4,2,13,11,0,1,9,,676,0,50,726,1001
 ,4,CAMPECHE,20,PALIZADA,3,CARMEN,264,2,28,92,4,2,8,6,3,112,6,5,0,1,5,0,0,8,,280,0,8,288,511
 ,4,CAMPECHE,20,PALIZADA,3,CARMEN,265,3,160,459,12,17,86,16,10,510,7,7,2,31,15,2,0,16,,1350,0,73,1423,2179
 ,4,CAMPECHE,20,PALIZADA,3,CARMEN,266,3,96,373,19,8,68,21,4,481,15,9,2,34,11,4,0,21,,1166,0,69,1235,1757
 ,4,CAMPECHE,20,PALIZADA,3,CARMEN,267,5,198,573,42,50,54,28,20,699,12,44,3,31,9,2,1,60,,1826,0,99,1925,3364
 ,4,CAMPECHE,20,PALIZADA,3,CARMEN,268,3,242,413,33,9,50,36,46,454,25,45,2,49,13,12,2,12,,1443,0,94,1537,2063
 ,4,CAMPECHE,20,PALIZADA,3,CARMEN,269,2,113,207,20,2,11,3,3,177,2,10,1,7,1,2,0,4,,563,0,33,596,837
 ,4,CAMPECHE,12,SABANCUY CARMEN,3,CARMEN,270,1,6,66,0,0,2,0,1,89,1,1,0,1,0,0,0,0,,167,0,10,177,255
 ,4,CAMPECHE,12,SABANCUY CARMEN,3,CARMEN,271,1,76,107,6,5,9,2,2,126,13,2,2,0,1,0,0,1,,352,0,33,385,667
 ,4,CAMPECHE,12,SABANCUY CARMEN,3,CARMEN,272,1,7,37,3,1,2,5,0,16,0,1,0,0,0,0,0,0,,72,0,3,75,114
 ,4,CAMPECHE,12,SABANCUY CARMEN,3,CARMEN,284,1,3,69,2,2,2,2,1,38,0,0,0,2,0,0,0,0,,121,0,12,133,298
 ,4,CAMPECHE,12,SABANCUY CARMEN,3,CARMEN,472,2,96,198,3,15,20,7,6,300,4,4,0,2,1,2,0,1,,659,0,62,721,1033
 ,4,CAMPECHE,12,SABANCUY CARMEN,3,CARMEN,473,2,84,224,10,26,13,8,19,279,3,1,2,9,5,4,0,0,,687,0,27,714,978
 ,4,CAMPECHE,12,SABANCUY CARMEN,3,CARMEN,474,1,30,38,2,3,5,12,1,69,2,1,0,1,1,0,0,1,,166,0,5,171,255
 ,4,CAMPECHE,12,SABANCUY CARMEN,3,CARMEN,478,2,120,336,7,8,5,3,29,336,9,24,0,10,2,11,0,3,,903,0,36,939,1232
 ,4,CAMPECHE,12,SABANCUY CARMEN,3,CARMEN,479,1,41,135,7,2,8,7,9,172,5,6,0,4,0,1,0,0,,397,0,27,424,558
 ,4,CAMPECHE,12,SABANCUY CARMEN,3,CARMEN,483,1,13,71,1,1,2,6,2,134,2,4,0,0,0,0,0,0,,236,0,14,250,331
 ,4,CAMPECHE,12,SABANCUY CARMEN,3,CARMEN,484,2,133,268,8,4,29,10,9,336,5,11,0,9,3,1,0,1,,827,0,60,887,1309
 ,4,CAMPECHE,12,SABANCUY CARMEN,3,CARMEN,486,3,61,197,19,14,23,12,5,214,6,3,1,5,1,1,0,0,,562,0,57,619,1519
 ,4,CAMPECHE,12,SABANCUY CARMEN,3,CARMEN,487,1,97,220,4,5,16,3,10,164,1,1,2,3,3,0,0,0,,529,0,26,555,746
 ,4,CAMPECHE,12,SABANCUY CARMEN,3,CARMEN,488,1,52,70,8,4,10,6,2,123,4,0,1,3,0,0,0,0,,283,0,20,303,430
 ,4,CAMPECHE,12,SABANCUY CARMEN,3,CARMEN,491,2,447,186,9,7,40,8,4,269,3,3,1,6,0,1,0,14,,998,1,6,1005,1469
 ,4,CAMPECHE,12,SABANCUY CARMEN,3,CARMEN,492,2,380,151,2,7,33,8,3,263,3,12,1,2,1,0,0,19,,885,2,15,902,1481
 ,4,CAMPECHE,10,CD DEL CARMEN,3,CARMEN,493,2,254,102,3,5,11,9,0,147,1,10,0,4,0,0,0,15,,561,0,9,570,768
 ,4,CAMPECHE,10,CD DEL CARMEN,3,CARMEN,494,1,192,75,5,2,13,3,0,95,2,3,2,1,0,0,0,9,,402,0,6,408,620
 ,4,CAMPECHE,10,CD DEL CARMEN,3,CARMEN,495,1,142,81,1,4,13,1,4,99,6,9,1,2,0,0,0,12,,375,0,9,384,549
 ,4,CAMPECHE,10,CD DEL CARMEN,3,CARMEN,496,1,70,60,8,3,24,1,3,121,1,1,1,0,0,0,0,23,,316,1,17,334,544
 ,4,CAMPECHE,11,CD DEL CARMEN,3,CARMEN,497,1,118,60,0,4,8,2,2,79,2,3,0,1,1,1,1,2,,284,0,1,285,439
 ,4,CAMPECHE,11,CD DEL CARMEN,3,CARMEN,498,1,150,110,1,2,34,3,4,104,4,18,3,1,1,1,1,7,,444,0,9,453,704
 ,4,CAMPECHE,11,CD DEL CARMEN,3,CARMEN,499,1,183,59,4,2,8,2,0,75,3,1,0,0,0,0,0,3,,340,0,2,342,471
 ,4,CAMPECHE,11,CD DEL CARMEN,3,CARMEN,500,1,200,36,2,1,7,4,5,79,1,3,2,2,0,1,0,5,,348,0,7,355,492
 ,4,CAMPECHE,11,CD DEL CARMEN,3,CARMEN,501,1,132,70,1,1,15,2,0,64,0,5,1,3,1,0,0,6,,301,1,10,312,427
 ,4,CAMPECHE,10,CD DEL CARMEN,3,CARMEN,502,1,220,111,2,2,6,6,1,132,1,8,0,2,0,0,0,15,,506,0,7,513,730
 ,4,CAMPECHE,10,CD DEL CARMEN,3,CARMEN,503,1,206,84,2,5,13,2,1,109,1,7,1,0,2,0,0,6,,439,0,5,444,615
 ,4,CAMPECHE,11,CD DEL CARMEN,3,CARMEN,504,2,446,141,4,4,27,14,4,229,4,8,5,3,2,1,0,16,,908,3,7,918,1296
 ,4,CAMPECHE,11,CD DEL CARMEN,3,CARMEN,505,1,89,61,2,2,7,3,1,82,1,3,0,3,2,0,0,9,,265,0,8,273,422
 ,4,CAMPECHE,10,CD DEL CARMEN,3,CARMEN,506,1,214,82,2,4,6,1,1,112,3,8,0,2,0,0,0,5,,440,0,6,446,614
 ,4,CAMPECHE,11,CD DEL CARMEN,3,CARMEN,507,1,125,64,1,1,14,1,0,96,1,6,3,2,1,0,0,2,,317,0,4,321,429
 ,4,CAMPECHE,11,CD DEL CARMEN,3,CARMEN,508,1,112,94,4,2,11,2,3,79,2,6,0,2,1,0,0,7,,325,0,4,329,437
 ,4,CAMPECHE,11,CD DEL CARMEN,3,CARMEN,509,3,302,178,10,6,71,5,3,366,11,12,4,7,1,1,0,25,,1002,1,27,1030,1833
 ,4,CAMPECHE,11,CD DEL CARMEN,3,CARMEN,510,1,132,92,4,2,16,3,3,95,1,6,2,3,1,0,0,9,,369,0,7,376,553
 ,4,CAMPECHE,11,CD DEL CARMEN,3,CARMEN,511,2,133,77,5,3,24,1,3,187,2,4,1,3,0,1,0,18,,462,0,16,478,772
 ,4,CAMPECHE,11,CD DEL CARMEN,3,CARMEN,512,1,99,57,1,0,16,3,4,64,4,4,1,3,0,0,0,13,,269,0,7,276,452
 ,4,CAMPECHE,11,CD DEL CARMEN,3,CARMEN,513,1,85,80,5,0,25,1,1,99,5,5,1,0,0,0,0,5,,312,0,14,326,566
 ,4,CAMPECHE,11,CD DEL CARMEN,3,CARMEN,514,1,83,88,1,1,11,3,1,85,3,7,1,3,0,1,0,8,,296,0,13,309,493
 ,4,CAMPECHE,11,CD DEL CARMEN,3,CARMEN,515,2,100,76,4,4,16,3,2,212,4,6,0,5,0,1,0,13,,446,0,13,459,800
 ,4,CAMPECHE,11,CD DEL CARMEN,3,CARMEN,516,1,84,70,7,1,17,4,3,81,3,6,2,3,1,0,0,8,,290,0,15,305,551
 ,4,CAMPECHE,11,CD DEL CARMEN,3,CARMEN,517,2,171,101,3,2,24,3,2,214,9,10,3,3,1,1,0,20,,567,0,21,588,1040
 ,4,CAMPECHE,11,CD DEL CARMEN,3,CARMEN,518,1,81,65,4,2,21,2,2,89,1,5,0,2,0,1,0,10,,285,0,9,294,485
 ,4,CAMPECHE,11,CD DEL CARMEN,3,CARMEN,519,1,89,70,2,3,18,2,1,71,4,5,1,1,1,0,0,8,,276,0,14,290,485
 ,4,CAMPECHE,11,CD DEL CARMEN,3,CARMEN,520,1,84,112,6,2,32,3,3,122,4,4,0,0,2,0,0,16,,390,0,9,399,669
 ,4,CAMPECHE,11,CD DEL CARMEN,3,CARMEN,521,1,117,62,5,1,13,4,0,104,2,6,0,3,1,0,0,10,,328,0,3,331,486
 ,4,CAMPECHE,11,CD DEL CARMEN,3,CARMEN,522,1,87,59,5,1,19,5,0,129,2,1,1,2,1,1,0,4,,317,0,10,327,548
 ,4,CAMPECHE,11,CD DEL CARMEN,3,CARMEN,523,1,91,55,2,2,14,2,3,92,4,1,1,3,0,0,0,4,,274,0,15,289,504
 ,4,CAMPECHE,11,CD DEL CARMEN,3,CARMEN,524,1,0,0,0,0,0,0,0,0,0,0,0,0,0,0,0,0,,0,0,0,0,447
 ,4,CAMPECHE,11,CD DEL CARMEN,3,CARMEN,525,1,80,49,2,4,22,2,1,76,2,4,0,0,0,0,0,8,,250,0,8,258,427
 ,4,CAMPECHE,11,CD DEL CARMEN,3,CARMEN,526,1,92,33,2,1,20,0,1,54,0,2,1,3,0,0,0,7,,216,1,7,224,393
 ,4,CAMPECHE,11,CD DEL CARMEN,3,CARMEN,527,1,73,45,2,2,21,1,2,47,0,0,2,2,0,0,0,9,,206,0,9,215,358
 ,4,CAMPECHE,15,CHAMPOTON,4,CHAMPOTON,303,2,90,192,33,3,14,11,0,183,8,3,1,13,3,3,0,,,557,0,25,582,810
 ,4,CAMPECHE,15,CHAMPOTON,4,CHAMPOTON,304,2,83,223,37,11,8,8,2,155,5,3,0,8,0,0,0,,,543,0,11,554,783
 ,4,CAMPECHE,15,CHAMPOTON,4,CHAMPOTON,305,2,80,243,71,14,23,6,11,181,15,13,0,14,13,0,0,,,684,6,47,737,1135
 ,4,CAMPECHE,15,CHAMPOTON,4,CHAMPOTON,306,2,111,344,56,17,33,5,4,307,23,2,0,12,3,1,0,,,918,0,47,965,1434
 ,4,CAMPECHE,15,CHAMPOTON,4,CHAMPOTON,307,2,93,258,14,6,21,4,3,166,9,5,0,1,4,1,0,,,585,0,23,608,879
 ,4,CAMPECHE,15,CHAMPOTON,4,CHAMPOTON,308,2,55,152,13,8,12,5,3,75,2,3,3,4,4,1,1,,,341,0,14,355,426
 ,4,CAMPECHE,15,CHAMPOTON,4,CHAMPOTON,309,1,52,198,18,7,13,4,15,110,7,2,2,10,1,1,0,,,440,0,19,459,627
 ,4,CAMPECHE,15,CHAMPOTON,4,CHAMPOTON,310,2,84,295,26,1,24,9,6,177,12,1,1,9,4,0,0,,,649,0,27,676,893
 ,4,CAMPECHE,15,CHAMPOTON,4,CHAMPOTON,311,1,0,0,0,0,0,0,0,0,0,0,0,0,0,0,0,,,0,0,0,0,705
 ,4,CAMPECHE,15,CHAMPOTON,4,CHAMPOTON,312,3,200,373,61,19,41,22,24,419,32,8,1,17,7,4,0,,,1228,2,65,1295,1967
 ,4,CAMPECHE,15,CHAMPOTON,4,CHAMPOTON,313,2,114,254,81,6,30,9,16,317,14,1,0,9,6,3,0,,,860,1,33,894,1376
 ,4,CAMPECHE,15,CHAMPOTON,4,CHAMPOTON,314,2,127,228,39,6,24,9,9,246,5,8,1,8,1,0,0,,,711,0,39,750,1099
 ,4,CAMPECHE,15,CHAMPOTON,4,CHAMPOTON,315,2,130,266,53,11,34,12,11,328,16,4,0,6,7,2,0,,,880,0,47,927,1325
 ,4,CAMPECHE,15,CHAMPOTON,4,CHAMPOTON,316,3,145,324,87,12,23,12,29,333,10,5,0,10,5,0,0,,,995,0,39,1034,1574
 ,4,CAMPECHE,15,CHAMPOTON,4,CHAMPOTON,317,3,227,339,71,16,31,20,43,492,18,12,1,9,5,0,0,,,1284,0,90,1374,2112
 ,4,CAMPECHE,15,CHAMPOTON,4,CHAMPOTON,318,3,190,317,69,11,39,15,18,353,15,5,3,7,5,0,1,,,1048,0,58,1106,1610
 ,4,CAMPECHE,15,CHAMPOTON,4,CHAMPOTON,319,8,529,882,175,42,134,52,67,1155,37,38,7,27,12,2,0,,,3159,2,203,3364,5548
 ,4,CAMPECHE,16,CHAMPOTON,4,CHAMPOTON,320,3,106,323,137,12,31,7,21,499,15,11,1,15,5,3,0,,,1186,0,55,1241,1706
 ,4,CAMPECHE,16,CHAMPOTON,4,CHAMPOTON,321,2,28,222,32,5,6,6,18,258,1,0,0,9,2,4,0,,,591,0,20,611,779
 ,4,CAMPECHE,16,CHAMPOTON,4,CHAMPOTON,322,2,39,234,85,6,16,5,39,331,6,9,1,4,4,2,0,,,781,0,39,820,1145
 ,4,CAMPECHE,16,CHAMPOTON,4,CHAMPOTON,323,2,24,275,43,15,12,6,42,311,8,8,0,9,6,1,1,,,761,0,40,801,1057
 ,4,CAMPECHE,16,CHAMPOTON,4,CHAMPOTON,324,2,22,251,39,9,27,10,21,398,5,6,0,5,1,1,2,,,797,4,45,846,1116
 ,4,CAMPECHE,16,CHAMPOTON,4,CHAMPOTON,325,2,56,338,93,3,6,5,34,459,2,4,0,6,0,0,0,,,1006,0,48,1054,1406
 ,4,CAMPECHE,16,CHAMPOTON,4,CHAMPOTON,326,2,35,201,44,7,8,4,10,205,12,3,0,2,2,0,0,,,533,0,17,550,774
 ,4,CAMPECHE,16,CHAMPOTON,4,CHAMPOTON,327,3,130,551,36,11,46,15,84,349,25,4,1,34,4,4,1,,,1295,0,69,1364,1707
 ,4,CAMPECHE,16,CHAMPOTON,4,CHAMPOTON,328,2,88,314,27,4,55,35,86,340,6,4,1,10,3,2,0,,,975,0,63,1038,1387
 ,4,CAMPECHE,16,CHAMPOTON,4,CHAMPOTON,329,2,72,319,35,11,11,6,11,87,5,9,2,17,7,0,0,,,592,0,62,654,845
 ,4,CAMPECHE,16,CHAMPOTON,4,CHAMPOTON,330,2,80,381,17,15,10,2,14,273,6,5,3,23,6,2,0,,,837,0,33,870,1106
 ,4,CAMPECHE,16,CHAMPOTON,4,CHAMPOTON,331,6,791,869,58,34,75,25,38,520,43,5,3,40,14,4,0,,,2519,0,157,2676,3989
 ,4,CAMPECHE,16,CHAMPOTON,4,CHAMPOTON,332,1,22,138,15,0,11,5,8,148,2,2,0,5,0,2,0,,,358,0,27,385,555
 ,4,CAMPECHE,16,CHAMPOTON,4,CHAMPOTON,333,2,72,257,59,14,27,14,23,315,15,4,0,7,3,0,0,,,810,0,31,841,1165
 ,4,CAMPECHE,16,CHAMPOTON,4,CHAMPOTON,334,4,130,274,31,6,27,9,18,213,13,10,1,9,1,0,0,,,742,0,41,783,1005
 ,4,CAMPECHE,16,CHAMPOTON,4,CHAMPOTON,335,2,97,123,22,20,29,11,13,154,8,4,1,3,0,1,0,,,486,1,29,516,757
 ,4,CAMPECHE,16,CHAMPOTON,4,CHAMPOTON,336,2,81,214,24,9,27,4,12,142,7,2,0,3,0,3,0,,,528,0,28,556,902
 ,4,CAMPECHE,16,CHAMPOTON,4,CHAMPOTON,337,2,89,207,37,22,20,10,12,127,3,6,2,5,2,3,0,,,545,0,23,568,822
 ,4,CAMPECHE,15,CHAMPOTON,4,CHAMPOTON,338,1,29,63,6,1,5,2,2,55,2,0,0,4,0,0,0,,,169,0,3,172,224
 ,4,CAMPECHE,16,CHAMPOTON,4,CHAMPOTON,339,1,77,144,11,8,25,7,4,91,2,2,0,9,3,0,0,,,383,0,24,407,594
 ,4,CAMPECHE,16,CHAMPOTON,4,CHAMPOTON,340,3,224,245,31,9,75,26,47,442,15,5,1,13,2,1,0,,,1136,1,114,1251,2149
 ,4,CAMPECHE,15,CHAMPOTON,4,CHAMPOTON,341,2,250,253,18,7,25,13,21,268,8,4,2,8,4,1,0,,,882,0,55,937,1287
 ,4,CAMPECHE,16,CHAMPOTON,4,CHAMPOTON,342,2,99,313,19,5,17,12,5,339,10,2,0,11,7,1,0,,,840,0,42,882,1126
 ,4,CAMPECHE,16,CHAMPOTON,4,CHAMPOTON,343,2,69,323,14,5,14,5,11,263,11,1,0,5,8,1,0,,,730,0,40,770,1004
 ,4,CAMPECHE,15,CHAMPOTON,4,CHAMPOTON,344,1,61,100,22,2,30,5,14,206,10,2,2,3,1,1,0,,,459,0,45,504,703
 ,4,CAMPECHE,15,CHAMPOTON,4,CHAMPOTON,345,2,115,99,10,4,22,9,30,196,4,3,3,5,2,3,0,,,505,0,54,559,851
 ,4,CAMPECHE,15,CHAMPOTON,4,CHAMPOTON,346,2,118,62,8,8,31,12,22,275,9,3,3,2,3,2,0,,,558,0,59,617,1024
 ,4,CAMPECHE,16,CHAMPOTON,4,CHAMPOTON,347,2,144,345,30,3,66,12,21,308,36,4,2,12,4,3,0,,,990,0,57,1047,1454
 ,4,CAMPECHE,16,CHAMPOTON,4,CHAMPOTON,348,1,54,134,7,0,15,11,7,156,38,2,1,4,1,0,0,,,430,0,37,467,721
 ,4,CAMPECHE,15,CHAMPOTON,4,CHAMPOTON,349,2,237,173,32,8,43,10,17,285,25,3,5,8,0,0,0,,,846,1,72,919,1160
 ,4,CAMPECHE,15,CHAMPOTON,4,CHAMPOTON,350,2,178,379,31,6,36,5,6,252,76,2,7,29,8,3,0,,,1018,0,58,1076,1415
 ,4,CAMPECHE,15,CHAMPOTON,4,CHAMPOTON,351,1,168,84,7,6,8,6,56,48,7,1,2,0,0,0,0,,,393,0,21,414,481
 ,4,CAMPECHE,16,CHAMPOTON,4,CHAMPOTON,352,1,70,170,16,2,14,5,4,79,22,2,0,3,7,0,0,,,394,0,22,416,605
 ,4,CAMPECHE,15,CHAMPOTON,4,CHAMPOTON,353,1,137,46,10,6,11,7,1,67,3,0,1,1,1,0,0,,,291,0,15,306,382
 ,4,CAMPECHE,16,CHAMPOTON,4,CHAMPOTON,354,1,109,188,17,0,19,5,30,123,10,1,1,8,0,1,1,,,513,0,38,551,706
 ,4,CAMPECHE,15,CHAMPOTON,4,CHAMPOTON,355,1,38,66,6,4,7,0,2,64,3,1,0,1,4,1,0,,,197,0,20,217,272
 ,4,CAMPECHE,16,CHAMPOTON,4,CHAMPOTON,528,1,34,126,3,0,18,4,5,74,16,2,0,12,0,0,0,,,294,0,33,327,504
 ,4,CAMPECHE,16,CHAMPOTON,4,CHAMPOTON,529,2,93,132,18,2,19,10,13,161,19,4,3,5,2,0,0,,,481,0,47,528,842
 ,4,CAMPECHE,16,CHAMPOTON,4,CHAMPOTON,530,1,23,75,4,1,5,2,3,52,1,3,0,1,3,0,0,,,173,0,4,177,240
 ,4,CAMPECHE,19,HECELCHAKAN,5,HECELCHAKAN,363,3,382,253,31,6,5,7,55,192,537,5,2,18,0,3,0,,,1496,0,56,1552,1904
 ,4,CAMPECHE,19,HECELCHAKAN,5,HECELCHAKAN,364,3,293,259,37,10,10,11,58,185,713,3,2,17,1,5,0,,,1604,0,55,1659,2014
 ,4,CAMPECHE,19,HECELCHAKAN,5,HECELCHAKAN,365,2,139,153,13,6,5,5,42,117,232,3,2,7,0,5,0,,,729,0,26,755,896
 ,4,CAMPECHE,19,HECELCHAKAN,5,HECELCHAKAN,366,2,224,158,25,5,7,1,42,133,304,2,3,7,1,4,0,,,916,0,37,953,1169
 ,4,CAMPECHE,19,HECELCHAKAN,5,HECELCHAKAN,367,2,232,154,38,1,7,2,41,142,329,8,1,2,0,3,0,,,960,0,31,991,1210
 ,4,CAMPECHE,19,HECELCHAKAN,5,HECELCHAKAN,368,2,257,147,15,5,4,4,53,141,269,5,4,8,0,3,0,,,915,0,26,941,1135
 ,4,CAMPECHE,19,HECELCHAKAN,5,HECELCHAKAN,369,1,221,169,0,3,0,5,15,5,192,0,1,7,1,4,0,,,623,0,12,635,690
 ,4,CAMPECHE,19,HECELCHAKAN,5,HECELCHAKAN,370,2,276,171,3,0,3,6,12,54,607,0,5,4,0,1,0,,,1142,0,31,1173,1319
 ,4,CAMPECHE,19,HECELCHAKAN,5,HECELCHAKAN,371,2,287,75,8,8,3,6,5,34,365,2,3,1,1,1,0,,,799,0,20,819,891
 ,4,CAMPECHE,19,HECELCHAKAN,5,HECELCHAKAN,372,2,458,149,11,14,2,0,3,16,587,1,5,8,1,3,3,,,1261,1,38,1300,1432
 ,4,CAMPECHE,19,HECELCHAKAN,5,HECELCHAKAN,373,2,271,157,16,0,1,4,19,29,326,0,4,9,0,1,0,,,837,0,11,848,938
 ,4,CAMPECHE,19,HECELCHAKAN,5,HECELCHAKAN,374,1,89,45,4,1,1,22,5,16,106,1,0,1,1,0,0,,,292,0,10,302,324
 ,4,CAMPECHE,19,HECELCHAKAN,5,HECELCHAKAN,375,3,523,195,6,3,7,8,10,164,305,2,1,2,0,0,0,,,1226,0,69,1295,1501
 ,4,CAMPECHE,19,HECELCHAKAN,5,HECELCHAKAN,376,2,386,214,12,9,2,4,10,176,329,4,4,9,1,0,0,,,1160,0,33,1193,1442
 ,4,CAMPECHE,19,HECELCHAKAN,5,HECELCHAKAN,377,2,331,165,9,9,2,5,15,144,226,7,1,3,2,2,2,,,923,0,25,948,1143
 ,4,CAMPECHE,19,HECELCHAKAN,5,HECELCHAKAN,378,2,496,258,6,3,5,4,7,131,235,2,5,5,1,1,1,,,1160,0,45,1205,1368
 ,4,CAMPECHE,19,HECELCHAKAN,5,HECELCHAKAN,379,2,415,133,13,3,6,4,8,71,327,4,2,3,0,2,0,,,991,0,44,1035,1227
 ,4,CAMPECHE,19,HECELCHAKAN,5,HECELCHAKAN,380,2,216,133,1,6,2,0,9,6,194,1,2,6,0,0,0,,,576,0,11,587,1495
 ,4,CAMPECHE,18,HOPELCHEN,6,HOPELCHEN,381,3,254,518,10,19,152,9,19,47,5,3,74,19,10,1,0,,,1140,0,39,1179,1727
 ,4,CAMPECHE,18,HOPELCHEN,6,HOPELCHEN,382,5,370,753,10,49,162,10,18,83,1,5,53,33,13,6,0,,,1566,0,50,1616,3032
 ,4,CAMPECHE,18,HOPELCHEN,6,HOPELCHEN,383,2,157,394,6,4,98,5,16,35,0,0,42,24,0,3,0,,,784,0,23,807,969
 ,4,CAMPECHE,18,HOPELCHEN,6,HOPELCHEN,384,2,159,355,9,16,124,7,19,29,2,5,23,14,5,1,0,,,768,0,23,791,967
 ,4,CAMPECHE,18,HOPELCHEN,6,HOPELCHEN,385,1,128,165,3,2,4,1,0,14,0,0,0,2,0,0,0,,,319,0,2,321,338
 ,4,CAMPECHE,18,HOPELCHEN,6,HOPELCHEN,386,1,35,160,1,24,0,1,1,25,1,0,0,0,0,0,0,,,248,0,6,254,389
 ,4,CAMPECHE,18,HOPELCHEN,6,HOPELCHEN,387,1,41,137,2,12,17,2,3,33,3,0,0,3,0,0,0,,,253,0,7,260,272
 ,4,CAMPECHE,18,HOPELCHEN,6,HOPELCHEN,388,4,376,715,7,17,62,19,19,295,90,3,5,15,5,3,0,,,1631,0,55,1686,2251
 ,4,CAMPECHE,18,HOPELCHEN,6,HOPELCHEN,389,2,220,331,4,44,24,15,10,109,7,0,1,8,4,0,0,,,777,0,24,801,1090
 ,4,CAMPECHE,18,HOPELCHEN,6,HOPELCHEN,390,1,104,148,2,1,5,1,0,8,0,0,5,4,1,0,0,,,279,0,7,286,323
 ,4,CAMPECHE,18,HOPELCHEN,6,HOPELCHEN,391,1,60,103,4,2,22,2,5,33,1,0,0,3,3,0,0,,,238,0,7,245,343
 ,4,CAMPECHE,18,HOPELCHEN,6,HOPELCHEN,392,1,45,92,1,12,2,0,4,3,0,0,7,0,2,0,0,,,168,0,5,173,179
 ,4,CAMPECHE,18,HOPELCHEN,6,HOPELCHEN,393,1,39,54,4,1,1,0,3,2,0,0,9,1,2,1,0,,,117,0,6,123,151
 ,4,CAMPECHE,18,HOPELCHEN,6,HOPELCHEN,394,1,176,291,9,5,69,3,7,57,3,0,7,8,4,2,0,,,641,0,16,657,721
 ,4,CAMPECHE,18,HOPELCHEN,6,HOPELCHEN,395,2,92,349,29,2,50,4,3,140,12,1,15,10,0,0,0,,,707,0,25,732,865
 ,4,CAMPECHE,18,HOPELCHEN,6,HOPELCHEN,396,1,85,212,13,2,32,2,3,13,3,0,21,7,1,0,0,,,394,0,22,416,499
 ,4,CAMPECHE,18,HOPELCHEN,6,HOPELCHEN,397,1,103,249,1,9,44,4,4,32,0,0,11,12,4,2,0,,,475,0,0,475,636
 ,4,CAMPECHE,18,HOPELCHEN,6,HOPELCHEN,398,2,127,297,4,11,35,4,5,24,2,1,57,9,11,1,0,,,588,0,48,636,762
 ,4,CAMPECHE,18,HOPELCHEN,6,HOPELCHEN,399,1,92,171,5,1,23,4,21,30,0,0,17,6,2,3,0,,,375,0,28,403,480
 ,4,CAMPECHE,18,HOPELCHEN,6,HOPELCHEN,400,2,418,534,2,36,13,2,8,19,0,3,8,11,6,1,0,,,1061,0,30,1091,1228
 ,4,CAMPECHE,18,HOPELCHEN,6,HOPELCHEN,401,2,391,538,10,3,24,1,1,15,0,3,6,24,7,1,0,,,1024,0,31,1055,1186
 ,4,CAMPECHE,18,HOPELCHEN,6,HOPELCHEN,402,1,26,101,0,3,6,1,1,21,0,1,0,3,1,0,0,,,164,0,8,172,713
 ,4,CAMPECHE,18,HOPELCHEN,6,HOPELCHEN,403,2,329,340,2,3,28,6,22,32,0,0,3,10,3,2,1,,,781,0,41,822,1290
 ,4,CAMPECHE,18,HOPELCHEN,6,HOPELCHEN,404,2,194,299,1,3,45,3,21,31,0,0,2,6,3,1,0,,,609,0,26,635,785
 ,4,CAMPECHE,18,HOPELCHEN,6,HOPELCHEN,405,1,43,81,1,0,4,0,2,0,0,0,0,0,0,0,0,,,131,0,2,133,714
 ,4,CAMPECHE,18,HOPELCHEN,6,HOPELCHEN,406,1,107,154,2,3,23,2,8,4,1,7,0,2,1,1,0,,,315,0,11,326,532
 ,4,CAMPECHE,18,HOPELCHEN,6,HOPELCHEN,407,2,189,313,9,5,13,6,1,95,4,0,8,6,5,2,0,,,656,0,5,661,789
 ,4,CAMPECHE,18,HOPELCHEN,6,HOPELCHEN,408,1,121,224,3,0,4,0,0,35,0,1,3,8,2,0,0,,,401,0,6,407,454
 ,4,CAMPECHE,18,HOPELCHEN,6,HOPELCHEN,409,2,169,309,2,2,8,3,2,158,1,6,1,3,1,0,0,,,665,0,20,685,792
 ,4,CAMPECHE,18,HOPELCHEN,6,HOPELCHEN,410,2,267,481,7,11,31,4,22,365,10,4,6,6,0,1,0,,,1215,0,27,1242,1442
 ,4,CAMPECHE,18,HOPELCHEN,6,HOPELCHEN,411,2,168,319,0,13,4,4,38,101,2,0,0,3,3,0,0,,,655,0,18,673,749
 ,4,CAMPECHE,18,HOPELCHEN,6,HOPELCHEN,412,1,104,121,3,12,10,2,0,55,0,0,2,3,2,0,0,,,314,0,5,319,329
 ,4,CAMPECHE,20,PALIZADA,7,PALIZADA,428,2,27,446,176,2,4,59,8,294,1,1,6,12,3,2,0,,,1041,0,31,1072,1316
 ,4,CAMPECHE,20,PALIZADA,7,PALIZADA,429,3,45,347,393,5,9,41,4,472,2,0,95,382,5,0,0,,,1800,0,34,1834,1977
 ,4,CAMPECHE,20,PALIZADA,7,PALIZADA,430,1,7,114,100,1,1,35,1,62,3,0,0,2,0,0,0,,,326,0,13,339,401
 ,4,CAMPECHE,20,PALIZADA,7,PALIZADA,431,1,16,165,192,3,1,78,3,94,6,0,6,3,1,0,0,,,568,0,17,585,709
 ,4,CAMPECHE,20,PALIZADA,7,PALIZADA,432,1,7,102,120,0,3,15,1,93,0,0,0,3,1,0,0,,,345,0,21,366,408
 ,4,CAMPECHE,20,PALIZADA,7,PALIZADA,433,1,5,176,129,1,0,31,1,145,2,0,0,0,0,0,0,,,490,0,0,490,576
 ,4,CAMPECHE,20,PALIZADA,7,PALIZADA,434,1,8,78,30,0,0,0,0,39,0,0,0,0,0,0,0,,,155,0,3,158,180
 ,4,CAMPECHE,20,PALIZADA,7,PALIZADA,435,1,5,136,50,1,3,41,0,202,1,1,1,10,1,2,0,,,454,0,0,454,589
 ,4,CAMPECHE,20,PALIZADA,7,PALIZADA,436,1,3,32,12,0,2,8,1,28,0,0,1,3,0,0,0,,,90,0,6,96,99
 ,4,CAMPECHE,20,PALIZADA,7,PALIZADA,439,1,2,286,62,1,4,13,4,237,0,0,0,4,2,0,0,,,615,0,8,623,723
 ,4,CAMPECHE,7,TENABO,8,TENABO,440,3,165,367,5,16,8,11,24,553,0,1,1,9,2,3,0,,,1165,0,23,1188,1519
 ,4,CAMPECHE,7,TENABO,8,TENABO,441,3,217,465,3,14,14,7,15,649,2,2,2,11,7,4,0,,,1412,0,19,1431,1643
 ,4,CAMPECHE,7,TENABO,8,TENABO,442,3,198,480,4,6,4,7,42,534,3,1,3,23,6,3,1,,,1315,0,30,1345,1601
 ,4,CAMPECHE,7,TENABO,8,TENABO,443,3,169,459,8,3,4,3,35,620,2,0,3,25,6,9,0,,,1346,0,22,1368,1611
 ,4,CAMPECHE,7,TENABO,8,TENABO,444,1,60,28,0,0,0,1,20,50,0,0,0,0,0,1,0,,,160,0,3,163,173
 ,4,CAMPECHE,7,TENABO,8,TENABO,445,2,156,293,4,27,7,8,21,249,2,2,4,15,9,2,1,,,800,0,30,830,936
 ,4,CAMPECHE,7,TENABO,8,TENABO,446,1,11,23,1,0,5,0,1,43,3,1,0,1,0,0,0,,,89,0,0,89,109
 ,4,CAMPECHE,7,TENABO,8,TENABO,447,1,37,144,4,17,4,4,0,159,0,2,0,4,1,0,0,,,376,0,10,386,414
 ,4,CAMPECHE,21,XPUJIL CALAKMUL,9,ESCARCEGA,356,3,90,348,113,9,66,20,7,523,21,45,3,11,6,2,0,,,1264,0,95,1359,1955
 ,4,CAMPECHE,21,XPUJIL CALAKMUL,9,ESCARCEGA,357,1,36,152,49,4,43,1,2,91,4,5,0,5,5,1,0,,,398,1,39,438,628
 ,4,CAMPECHE,21,XPUJIL CALAKMUL,9,ESCARCEGA,358,1,37,72,10,1,6,2,1,63,8,5,0,3,0,0,0,,,208,0,12,220,309
 ,4,CAMPECHE,21,XPUJIL CALAKMUL,9,ESCARCEGA,361,2,80,270,83,13,73,11,10,288,11,10,2,17,2,0,0,,,870,1,53,924,1355
 ,4,CAMPECHE,13,ESCARCEGA,9,ESCARCEGA,448,4,251,396,28,15,189,16,19,650,33,4,7,22,6,1,0,,,1637,0,83,1720,2768
 ,4,CAMPECHE,13,ESCARCEGA,9,ESCARCEGA,449,2,132,205,13,19,59,11,7,346,6,5,1,19,4,3,0,,,830,0,52,882,1365
 ,4,CAMPECHE,13,ESCARCEGA,9,ESCARCEGA,450,2,131,190,29,5,66,2,3,301,4,1,7,3,4,2,0,,,748,0,38,786,1264
 ,4,CAMPECHE,13,ESCARCEGA,9,ESCARCEGA,451,3,103,238,17,12,124,15,5,466,38,2,2,11,2,1,0,,,1036,0,77,1113,1771
 ,4,CAMPECHE,13,ESCARCEGA,9,ESCARCEGA,452,1,61,144,10,4,23,9,6,139,10,0,2,9,2,1,0,,,420,0,14,434,613
 ,4,CAMPECHE,13,ESCARCEGA,9,ESCARCEGA,453,2,84,119,10,4,59,10,10,218,15,1,1,7,3,1,0,,,542,0,27,569,802
 ,4,CAMPECHE,13,ESCARCEGA,9,ESCARCEGA,454,3,129,398,32,17,108,3,10,512,16,2,1,22,4,1,0,,,1255,1,54,1310,2021
 ,4,CAMPECHE,13,ESCARCEGA,9,ESCARCEGA,455,2,102,256,16,6,75,13,26,332,12,3,0,4,2,1,5,,,853,0,42,895,1486
 ,4,CAMPECHE,13,ESCARCEGA,9,ESCARCEGA,456,2,78,148,11,9,25,4,5,226,4,2,1,8,2,0,0,,,523,0,30,553,870
 ,4,CAMPECHE,13,ESCARCEGA,9,ESCARCEGA,457,1,58,187,10,7,36,10,2,155,7,2,1,5,1,0,0,,,481,2,19,502,685
 ,4,CAMPECHE,13,ESCARCEGA,9,ESCARCEGA,458,2,87,167,8,3,49,5,1,236,10,1,2,10,3,0,0,,,582,0,33,615,924
 ,4,CAMPECHE,13,ESCARCEGA,9,ESCARCEGA,459,2,93,112,9,4,71,4,4,177,5,3,1,6,1,0,0,,,490,0,20,510,760
 ,4,CAMPECHE,13,ESCARCEGA,9,ESCARCEGA,460,2,61,106,22,11,54,5,8,119,5,3,0,12,1,1,2,,,410,3,9,422,623
 ,4,CAMPECHE,13,ESCARCEGA,9,ESCARCEGA,461,2,72,225,17,8,59,8,6,298,7,2,1,19,5,5,0,,,732,0,36,768,1136
 ,4,CAMPECHE,13,ESCARCEGA,9,ESCARCEGA,462,2,73,182,12,14,74,4,3,226,6,3,0,6,4,0,0,,,607,0,17,624,1045
 ,4,CAMPECHE,13,ESCARCEGA,9,ESCARCEGA,463,2,142,248,17,6,59,7,3,225,16,0,0,13,7,1,0,,,744,0,32,776,1142
 ,4,CAMPECHE,13,ESCARCEGA,9,ESCARCEGA,464,3,213,227,16,10,115,22,8,375,10,1,7,18,3,1,1,,,1027,0,69,1096,1843
 ,4,CAMPECHE,13,ESCARCEGA,9,ESCARCEGA,465,1,17,65,10,0,33,1,0,89,4,0,0,10,1,0,0,,,230,0,20,250,336
 ,4,CAMPECHE,13,ESCARCEGA,9,ESCARCEGA,466,2,20,91,8,4,27,1,2,124,9,0,0,3,1,1,0,,,291,0,15,306,472
 ,4,CAMPECHE,21,XPUJIL CALAKMUL,9,ESCARCEGA,467,1,24,84,21,4,69,6,8,163,5,3,0,6,0,0,0,,,393,0,33,426,582
 ,4,CAMPECHE,21,XPUJIL CALAKMUL,9,ESCARCEGA,468,3,169,281,42,12,97,18,15,464,24,19,0,4,7,0,0,,,1152,0,92,1244,2015
 ,4,CAMPECHE,21,XPUJIL CALAKMUL,9,ESCARCEGA,469,2,54,106,6,3,123,2,4,106,8,8,1,8,2,1,0,,,432,0,36,468,668
 ,4,CAMPECHE,21,XPUJIL CALAKMUL,9,ESCARCEGA,470,2,144,168,14,19,71,11,4,226,5,3,2,7,5,0,0,,,679,0,48,727,1135
 ,4,CAMPECHE,13,ESCARCEGA,9,ESCARCEGA,471,2,66,177,22,6,83,16,10,369,15,3,3,3,4,0,0,,,777,0,65,842,1202
 ,4,CAMPECHE,13,ESCARCEGA,9,ESCARCEGA,475,2,107,136,29,19,47,6,4,219,1,2,0,4,4,0,0,,,578,0,37,615,936
 ,4,CAMPECHE,13,ESCARCEGA,9,ESCARCEGA,476,2,70,164,24,11,32,4,9,193,3,1,0,5,4,0,0,,,520,1,23,544,821
 ,4,CAMPECHE,13,ESCARCEGA,9,ESCARCEGA,477,2,87,172,27,11,87,8,8,222,6,2,0,12,5,0,0,,,647,2,59,708,1093
 ,4,CAMPECHE,13,ESCARCEGA,9,ESCARCEGA,480,2,58,169,6,4,36,4,9,259,6,2,1,3,1,0,0,,,558,11,15,584,839
 ,4,CAMPECHE,13,ESCARCEGA,9,ESCARCEGA,481,2,68,179,46,9,25,7,3,295,13,4,1,6,5,0,0,,,661,5,24,690,1105
 ,4,CAMPECHE,13,ESCARCEGA,9,ESCARCEGA,482,1,31,112,3,4,23,11,7,217,15,1,0,15,6,3,0,,,448,0,28,476,629
 ,4,CAMPECHE,13,ESCARCEGA,9,ESCARCEGA,485,1,57,147,8,7,37,1,4,173,2,3,0,7,1,0,0,,,447,0,35,482,685
 ,4,CAMPECHE,13,ESCARCEGA,9,ESCARCEGA,489,3,198,263,37,8,93,14,6,452,16,3,4,10,3,3,0,,,1110,0,78,1188,1983
 ,4,CAMPECHE,14,CANDELARIA,10,CANDELARIA,273,6,624,690,35,11,52,23,16,519,14,3,15,24,14,3,1,,,2044,0,112,2156,3421
 ,4,CAMPECHE,14,CANDELARIA,10,CANDELARIA,274,2,355,222,12,1,9,5,3,78,2,0,4,7,5,0,0,,,703,0,47,750,1083
 ,4,CAMPECHE,14,CANDELARIA,10,CANDELARIA,275,2,215,114,5,2,10,4,9,31,4,0,0,2,2,1,0,,,399,0,23,422,592
 ,4,CAMPECHE,14,CANDELARIA,10,CANDELARIA,276,1,92,119,6,1,2,1,1,20,1,0,0,0,2,0,0,,,245,0,9,254,355
 ,4,CAMPECHE,14,CANDELARIA,10,CANDELARIA,277,3,434,447,13,1,8,39,9,65,1,0,6,23,25,1,0,,,1072,0,51,1123,1621
 ,4,CAMPECHE,14,CANDELARIA,10,CANDELARIA,278,5,682,523,11,7,19,10,11,466,12,4,5,14,7,6,0,,,1777,0,93,1870,3182
 ,4,CAMPECHE,14,CANDELARIA,10,CANDELARIA,279,3,645,354,22,2,15,7,26,132,4,1,6,12,3,3,1,,,1233,0,57,1290,2045
 ,4,CAMPECHE,14,CANDELARIA,10,CANDELARIA,280,3,453,277,13,4,13,4,18,113,1,2,4,13,2,0,0,,,917,0,58,975,1512
 ,4,CAMPECHE,14,CANDELARIA,10,CANDELARIA,281,2,420,246,9,3,6,7,10,94,1,0,10,16,1,1,0,,,824,1,34,859,1291
 ,4,CAMPECHE,14,CANDELARIA,10,CANDELARIA,282,2,352,206,8,1,4,2,10,61,1,1,4,10,9,0,0,,,669,20,19,708,1078
 ,4,CAMPECHE,14,CANDELARIA,10,CANDELARIA,283,3,599,415,11,0,9,4,2,128,2,2,8,12,3,0,0,,,1195,0,52,1247,1963
 ,4,CAMPECHE,14,CANDELARIA,10,CANDELARIA,285,2,248,152,4,1,7,3,5,91,3,1,3,4,6,2,0,,,530,0,31,561,793
 ,4,CAMPECHE,14,CANDELARIA,10,CANDELARIA,286,1,60,87,2,0,0,0,0,19,0,0,0,0,0,0,0,,,168,0,0,168,320
 ,4,CAMPECHE,14,CANDELARIA,10,CANDELARIA,287,1,70,98,2,0,1,0,2,13,2,0,2,7,1,0,0,,,198,0,12,210,303
 ,4,CAMPECHE,14,CANDELARIA,10,CANDELARIA,288,1,108,54,2,1,3,2,4,75,1,0,2,3,1,0,0,,,256,0,21,277,444
 ,4,CAMPECHE,14,CANDELARIA,10,CANDELARIA,289,2,192,148,6,0,6,4,29,90,0,0,1,6,3,5,0,,,490,0,28,518,757
 ,4,CAMPECHE,14,CANDELARIA,10,CANDELARIA,290,1,36,11,0,0,0,0,2,23,0,0,0,0,0,0,0,,,72,0,2,74,129
 ,4,CAMPECHE,14,CANDELARIA,10,CANDELARIA,291,2,317,176,5,1,14,6,7,92,1,0,6,3,3,1,0,,,632,0,48,680,1134
 ,4,CAMPECHE,14,CANDELARIA,10,CANDELARIA,292,1,185,128,3,1,7,6,4,70,1,0,4,3,0,0,0,,,412,0,18,430,596
 ,4,CAMPECHE,14,CANDELARIA,10,CANDELARIA,293,2,313,227,4,6,11,4,6,108,0,0,2,12,5,4,0,,,702,0,29,731,1010
 ,4,CAMPECHE,14,CANDELARIA,10,CANDELARIA,294,1,36,69,0,0,0,0,0,9,0,0,0,0,0,0,0,,,114,0,10,124,178
 ,4,CAMPECHE,14,CANDELARIA,10,CANDELARIA,295,3,211,272,11,7,17,10,7,228,3,0,1,6,5,0,0,,,778,0,43,821,1222
 ,4,CAMPECHE,14,CANDELARIA,10,CANDELARIA,296,1,208,195,7,3,6,2,1,47,2,0,0,0,0,0,0,,,471,0,22,493,702
 ,4,CAMPECHE,14,CANDELARIA,10,CANDELARIA,297,2,164,259,7,2,11,4,3,79,0,3,2,7,3,2,0,,,546,0,29,575,788
 ,4,CAMPECHE,14,CANDELARIA,10,CANDELARIA,298,2,168,189,19,7,23,6,16,132,7,1,3,9,5,1,0,,,586,0,37,623,882
 ,4,CAMPECHE,14,CANDELARIA,10,CANDELARIA,299,2,253,210,21,8,18,4,13,102,4,0,4,9,4,0,0,,,650,0,19,669,1043
 ,4,CAMPECHE,14,CANDELARIA,10,CANDELARIA,300,1,76,120,5,2,6,1,5,42,0,0,0,1,0,1,0,,,259,0,17,276,452
 ,4,CAMPECHE,14,CANDELARIA,10,CANDELARIA,301,2,365,370,26,3,17,10,7,96,4,0,0,13,6,1,0,,,918,0,73,991,1476
 ,4,CAMPECHE,14,CANDELARIA,10,CANDELARIA,302,1,61,49,1,0,12,2,3,51,1,2,3,3,1,0,0,,,189,0,6,195,288
 ,4,CAMPECHE,14,CANDELARIA,10,CANDELARIA,490,1,79,84,17,1,2,5,2,24,0,1,0,2,2,1,0,,,220,0,9,229,327
 ,4,CAMPECHE,21,XPUJIL CALAKMUL,11,CALAKMUL,359,2,85,186,6,0,43,7,6,83,1,293,0,10,5,1,0,,,726,0,49,775,959
 ,4,CAMPECHE,21,XPUJIL CALAKMUL,11,CALAKMUL,360,2,153,240,17,3,50,6,12,181,7,155,1,8,4,0,1,,,838,14,44,896,1343
 ,4,CAMPECHE,21,XPUJIL CALAKMUL,11,CALAKMUL,362,2,102,155,16,4,23,4,9,188,4,117,3,13,0,0,0,,,638,0,45,683,949
 ,4,CAMPECHE,21,XPUJIL CALAKMUL,11,CALAKMUL,413,1,3,60,2,2,1,0,0,3,3,36,0,0,4,0,0,,,114,0,8,122,140
 ,4,CAMPECHE,21,XPUJIL CALAKMUL,11,CALAKMUL,414,1,26,64,5,1,1,4,2,9,4,77,2,1,3,0,0,,,199,0,11,210,261
 ,4,CAMPECHE,21,XPUJIL CALAKMUL,11,CALAKMUL,415,4,148,593,44,2,48,16,8,129,4,244,6,29,6,2,0,,,1279,0,82,1361,1750
 ,4,CAMPECHE,21,XPUJIL CALAKMUL,11,CALAKMUL,416,1,14,39,5,2,4,1,3,20,0,68,0,3,0,1,0,,,160,0,7,167,200
 ,4,CAMPECHE,21,XPUJIL CALAKMUL,11,CALAKMUL,417,7,407,1024,30,17,54,19,30,214,7,778,34,71,25,9,1,,,2720,1,150,2871,4128
 ,4,CAMPECHE,21,XPUJIL CALAKMUL,11,CALAKMUL,418,1,22,41,0,1,2,0,0,6,0,9,1,0,1,0,0,,,83,0,4,87,137
 ,4,CAMPECHE,21,XPUJIL CALAKMUL,11,CALAKMUL,419,1,27,105,2,4,9,0,2,17,0,68,2,4,0,0,0,,,240,0,19,259,379
 ,4,CAMPECHE,21,XPUJIL CALAKMUL,11,CALAKMUL,420,1,8,109,33,1,8,1,8,1,4,48,0,6,0,0,0,,,227,0,19,246,327
 ,4,CAMPECHE,21,XPUJIL CALAKMUL,11,CALAKMUL,421,3,146,499,55,10,46,19,8,72,12,334,4,25,8,2,1,,,1241,0,89,1330,1725
 ,4,CAMPECHE,21,XPUJIL CALAKMUL,11,CALAKMUL,422,2,69,280,13,4,3,6,4,21,0,100,3,9,20,1,0,,,533,0,56,589,887
 ,4,CAMPECHE,21,XPUJIL CALAKMUL,11,CALAKMUL,423,1,20,129,18,2,2,2,2,14,3,18,0,3,0,0,0,,,213,0,7,220,241
 ,4,CAMPECHE,21,XPUJIL CALAKMUL,11,CALAKMUL,424,1,33,138,10,1,6,1,5,9,2,34,3,5,6,0,0,,,253,0,17,270,398
 ,4,CAMPECHE,21,XPUJIL CALAKMUL,11,CALAKMUL,425,2,83,304,19,6,140,13,3,67,3,153,1,9,3,1,0,,,805,0,63,868,1198
 ,4,CAMPECHE,21,XPUJIL CALAKMUL,11,CALAKMUL,426,4,186,654,17,7,110,23,18,113,7,350,4,37,6,5,1,,,1538,0,119,1657,2222
 ,4,CAMPECHE,21,XPUJIL CALAKMUL,11,CALAKMUL,427,3,234,488,10,8,95,8,10,70,5,222,5,26,11,1,41,,,1234,0,122,1356,1728
