﻿ID_ESTADO,NOMBRE_ESTADO,ID_DISTRITO,CABECERA_DISTRITAL,ID_MUNICIPIO,MUNICIPIO,SECCION,CASILLA,PAN,PRI,PRD,PVEM,PT,NVA_ALIANZA,MORENA,ES,PAN_PRD,PRI_PVEM,PT_MORENA_-PES,PT_MORENA,PT_PES,MORENA_PES,NUM_VOTOS_CAN_NREG,NUM_VOTOS_VALIDOS,NUM_VOTOS_NULOS ,TOTAL_VOTOS,LISTA_NOMINAL,ESTATUS_ACTA,TEPJF ,OBSERVACIONES,RUTA_ACTA
30,VERACRUZ,17,MEDELLIN,7,CAMARON DE TEJEDA,106,B,281,151,1,25,,,,,10,13,,,,,0,481,13,494,657,ACTA DE CASILLA,,,
30,VERACRUZ,17,MEDELLIN,7,CAMARON DE TEJEDA,106,C01,304,147,4,9,,,,,19,10,,,,,0,493,7,500,657,ACTA DE CASILLA,,,
30,VERACRUZ,17,MEDELLIN,7,CAMARON DE TEJEDA,106,C02,269,144,8,12,,,,,23,19,,,,,0,475,9,484,657,ACTA DE CASILLA,,,
30,VERACRUZ,17,MEDELLIN,7,CAMARON DE TEJEDA,107,B,324,155,0,3,,,,,22,13,,,,,0,517,4,521,580,ACTA DE CASILLA,,,
30,VERACRUZ,17,MEDELLIN,7,CAMARON DE TEJEDA,107,C01,290,188,0,4,,,,,15,8,,,,,0,505,4,509,580,ACTA DE CASILLA,,,
30,VERACRUZ,17,MEDELLIN,7,CAMARON DE TEJEDA,107,E01,142,190,0,20,,,,,10,19,,,,,0,381,2,383,428,ACTA DE CASILLA,,,
30,VERACRUZ,17,MEDELLIN,7,CAMARON DE TEJEDA,107,E01,101,226,1,29,,,,,10,13,,,,,0,380,2,382,427,ACTA DE CASILLA,,,
30,VERACRUZ,17,MEDELLIN,7,CAMARON DE TEJEDA,108,B,159,148,0,4,,,,,7,19,,,,,0,337,2,339,405,ACTA DE CASILLA,,,
30,VERACRUZ,17,MEDELLIN,7,CAMARON DE TEJEDA,108,C01,162,141,0,1,,,,,9,19,,,,,0,332,4,336,405,ACTA DE CASILLA,,,
30,VERACRUZ,13,EMILIANO ZAPATA,67,EMILIANO ZAPATA,1475,B,54,33,12,5,7,6,84,0,2,0,1,6,0,1,0,211,1,212,485,ACTA DE CASILLA,,,
30,VERACRUZ,13,EMILIANO ZAPATA,67,EMILIANO ZAPATA,1475,C01,31,28,6,6,15,5,88,1,6,2,1,4,0,0,0,193,1,194,484,LEVANTADA ANTE EL CONSEJO MUNICIPAL,,,
30,VERACRUZ,13,EMILIANO ZAPATA,67,EMILIANO ZAPATA,1476,B,75,12,51,8,18,42,90,11,31,1,2,5,0,1,0,347,8,355,576,ACTA DE CASILLA,,,
30,VERACRUZ,13,EMILIANO ZAPATA,67,EMILIANO ZAPATA,1476,E01,48,39,14,3,8,19,56,3,3,3,4,3,0,3,0,206,5,211,385,ACTA DE CASILLA,,,
30,VERACRUZ,13,EMILIANO ZAPATA,67,EMILIANO ZAPATA,1477,B,43,17,26,1,11,75,34,5,7,1,3,2,0,1,0,226,11,237,455,ACTA DE CASILLA,,,
30,VERACRUZ,13,EMILIANO ZAPATA,67,EMILIANO ZAPATA,1477,C01,67,15,30,1,12,66,34,5,7,2,1,2,0,1,0,243,9,252,455,ACTA DE CASILLA,,,
30,VERACRUZ,13,EMILIANO ZAPATA,67,EMILIANO ZAPATA,1477,E01,12,6,25,3,3,2,15,9,10,2,4,0,0,1,0,92,3,95,138,ACTA DE CASILLA,,,
30,VERACRUZ,13,EMILIANO ZAPATA,67,EMILIANO ZAPATA,1478,B,52,35,42,6,7,12,90,2,8,2,1,4,0,1,0,262,5,267,442,ACTA DE CASILLA,,,
30,VERACRUZ,13,EMILIANO ZAPATA,67,EMILIANO ZAPATA,1478,C01,70,29,34,3,15,6,46,2,19,0,2,10,0,3,0,239,10,249,441,ACTA DE CASILLA,,,
30,VERACRUZ,13,EMILIANO ZAPATA,67,EMILIANO ZAPATA,1479,B,92,15,13,6,5,9,99,2,11,1,2,6,0,3,0,264,5,269,625,ACTA DE CASILLA,,,
30,VERACRUZ,13,EMILIANO ZAPATA,67,EMILIANO ZAPATA,1479,C01,84,15,26,4,6,3,104,5,3,1,0,6,0,0,0,257,4,261,625,LEVANTADA ANTE EL CONSEJO MUNICIPAL,,,
30,VERACRUZ,13,EMILIANO ZAPATA,67,EMILIANO ZAPATA,1479,C02,90,17,28,4,7,9,91,2,3,3,3,6,0,1,0,264,4,268,624,ACTA DE CASILLA,,,
30,VERACRUZ,13,EMILIANO ZAPATA,67,EMILIANO ZAPATA,1480,B,32,12,5,1,1,6,176,2,2,4,2,2,0,1,0,246,4,250,720,ACTA DE CASILLA,,,
30,VERACRUZ,13,EMILIANO ZAPATA,67,EMILIANO ZAPATA,1480,C01,36,7,10,0,2,9,160,3,1,0,0,2,0,1,0,231,0,231,720,ACTA DE CASILLA,,,
30,VERACRUZ,13,EMILIANO ZAPATA,67,EMILIANO ZAPATA,1480,C02,42,8,5,1,3,5,162,2,3,2,2,3,0,1,0,239,3,242,720,ACTA DE CASILLA,,,
30,VERACRUZ,13,EMILIANO ZAPATA,67,EMILIANO ZAPATA,1480,C03,41,6,14,2,3,3,157,0,5,0,0,2,0,1,0,234,3,237,720,ACTA DE CASILLA,,,
30,VERACRUZ,13,EMILIANO ZAPATA,67,EMILIANO ZAPATA,1480,C04,28,7,7,4,6,3,152,1,3,3,2,0,0,1,0,217,3,220,720,ACTA DE CASILLA,,,
30,VERACRUZ,13,EMILIANO ZAPATA,67,EMILIANO ZAPATA,1480,C05,30,14,11,3,7,8,158,3,2,0,1,4,0,2,0,243,4,247,720,ACTA DE CASILLA,,,
30,VERACRUZ,13,EMILIANO ZAPATA,67,EMILIANO ZAPATA,1480,C06,35,13,5,1,3,2,165,0,2,0,0,1,0,0,0,227,2,229,719,ACTA DE CASILLA,,,
30,VERACRUZ,13,EMILIANO ZAPATA,67,EMILIANO ZAPATA,1480,C07,29,12,3,2,4,11,158,7,0,0,1,1,1,2,0,231,2,233,719,ACTA DE CASILLA,,,
30,VERACRUZ,13,EMILIANO ZAPATA,67,EMILIANO ZAPATA,1480,C08,30,10,7,1,2,0,168,4,5,0,1,2,0,0,0,230,0,230,719,ACTA DE CASILLA,,,
30,VERACRUZ,13,EMILIANO ZAPATA,67,EMILIANO ZAPATA,1480,C09,38,6,11,0,3,3,159,2,4,2,1,3,0,1,0,233,2,235,719,ACTA DE CASILLA,,,
30,VERACRUZ,13,EMILIANO ZAPATA,67,EMILIANO ZAPATA,1480,C10,42,15,8,3,5,9,154,1,5,1,1,1,0,0,0,245,1,246,719,ACTA DE CASILLA,,,
30,VERACRUZ,13,EMILIANO ZAPATA,67,EMILIANO ZAPATA,1480,E01,43,9,13,1,6,3,70,2,2,2,0,1,0,1,0,153,4,157,653,ACTA DE CASILLA,,,
30,VERACRUZ,13,EMILIANO ZAPATA,67,EMILIANO ZAPATA,1480,E01,40,9,7,2,8,5,80,2,3,1,1,3,0,1,0,162,0,162,652,ACTA DE CASILLA,,,
30,VERACRUZ,13,EMILIANO ZAPATA,67,EMILIANO ZAPATA,1480,C02,43,11,11,6,7,8,51,2,5,0,0,1,0,1,0,146,3,149,569,ACTA DE CASILLA,,,
30,VERACRUZ,13,EMILIANO ZAPATA,67,EMILIANO ZAPATA,1480,C02,59,8,18,2,7,12,65,6,2,1,0,0,0,0,0,180,8,188,568,ACTA DE CASILLA,,,
30,VERACRUZ,13,EMILIANO ZAPATA,67,EMILIANO ZAPATA,1481,B,68,39,28,1,5,14,96,7,4,6,3,4,0,2,0,277,14,291,739,ACTA DE CASILLA,,,
30,VERACRUZ,13,EMILIANO ZAPATA,67,EMILIANO ZAPATA,1481,C01,52,36,23,4,9,9,93,8,11,1,2,3,0,0,0,251,4,255,738,ACTA DE CASILLA,,,
30,VERACRUZ,13,EMILIANO ZAPATA,67,EMILIANO ZAPATA,1481,C02,71,81,23,4,13,19,85,2,12,9,3,6,0,0,0,328,7,335,738,ACTA DE CASILLA,,,
30,VERACRUZ,13,EMILIANO ZAPATA,67,EMILIANO ZAPATA,1482,B,59,16,25,4,7,11,152,7,5,3,1,0,0,1,0,291,9,300,691,ACTA DE CASILLA,,,
30,VERACRUZ,13,EMILIANO ZAPATA,67,EMILIANO ZAPATA,1482,C01,65,18,15,6,20,8,117,3,5,1,2,6,0,2,0,268,10,278,691,LEVANTADA ANTE EL CONSEJO MUNICIPAL,,,
30,VERACRUZ,13,EMILIANO ZAPATA,67,EMILIANO ZAPATA,1483,B,45,23,11,3,18,15,107,2,2,0,0,2,0,2,0,230,2,232,556,ACTA DE CASILLA,,,
30,VERACRUZ,13,EMILIANO ZAPATA,67,EMILIANO ZAPATA,1483,C01,34,24,5,7,10,4,132,2,2,3,0,5,0,0,0,228,3,231,556,ACTA DE CASILLA,,,
30,VERACRUZ,13,EMILIANO ZAPATA,67,EMILIANO ZAPATA,1484,B,55,31,16,17,9,11,150,4,4,1,1,4,0,0,0,303,10,313,688,ACTA DE CASILLA,,,
30,VERACRUZ,13,EMILIANO ZAPATA,67,EMILIANO ZAPATA,1484,C01,42,31,13,13,5,7,149,3,8,2,2,4,0,2,0,281,9,290,547,ACTA DE CASILLA,,,
30,VERACRUZ,13,EMILIANO ZAPATA,67,EMILIANO ZAPATA,1485,B,45,37,39,2,9,16,148,3,2,0,1,5,0,1,0,308,6,314,655,LEVANTADA ANTE EL CONSEJO MUNICIPAL,,,
30,VERACRUZ,13,EMILIANO ZAPATA,67,EMILIANO ZAPATA,1485,C01,43,42,24,4,17,8,153,6,4,8,4,5,0,1,0,319,8,327,655,ACTA DE CASILLA,,,
30,VERACRUZ,13,EMILIANO ZAPATA,67,EMILIANO ZAPATA,1485,C02,43,33,38,4,14,9,134,3,9,3,12,0,0,0,0,302,8,310,655,ACTA DE CASILLA,,,
30,VERACRUZ,13,EMILIANO ZAPATA,67,EMILIANO ZAPATA,1486,B,52,28,21,4,3,5,55,5,1,1,0,0,0,0,1,175,3,179,333,ACTA DE CASILLA,,,
30,VERACRUZ,13,EMILIANO ZAPATA,67,EMILIANO ZAPATA,1487,B,56,8,11,3,12,21,161,5,1,0,0,14,0,1,0,293,9,302,674,ACTA DE CASILLA,,,
30,VERACRUZ,13,EMILIANO ZAPATA,67,EMILIANO ZAPATA,1487,C01,48,20,7,3,31,21,191,2,4,2,4,6,0,1,0,340,4,344,674,ACTA DE CASILLA,,,
30,VERACRUZ,13,EMILIANO ZAPATA,67,EMILIANO ZAPATA,1487,C02,74,9,7,7,16,13,145,4,1,0,0,10,0,2,0,288,6,294,674,ACTA DE CASILLA,,,
30,VERACRUZ,13,EMILIANO ZAPATA,67,EMILIANO ZAPATA,1487,E01,18,12,14,3,12,2,61,6,4,0,15,3,0,2,0,152,7,159,258,ACTA DE CASILLA,,,
30,VERACRUZ,13,EMILIANO ZAPATA,67,EMILIANO ZAPATA,1488,B,70,15,16,6,4,246,67,6,4,2,2,3,0,0,0,441,5,446,744,ACTA DE CASILLA,,,
30,VERACRUZ,13,EMILIANO ZAPATA,67,EMILIANO ZAPATA,1488,C01,75,26,6,8,3,278,51,4,10,0,6,3,0,3,0,473,4,477,743,ACTA DE CASILLA,,,
30,VERACRUZ,13,EMILIANO ZAPATA,67,EMILIANO ZAPATA,1489,B,38,7,7,2,2,38,21,6,7,0,1,0,1,0,0,130,2,132,185,ACTA DE CASILLA,,,
30,VERACRUZ,13,EMILIANO ZAPATA,67,EMILIANO ZAPATA,1490,B,41,57,20,6,16,15,124,10,5,7,7,0,2,3,0,313,7,320,561,ACTA DE CASILLA,,,
30,VERACRUZ,13,EMILIANO ZAPATA,67,EMILIANO ZAPATA,1491,B,58,24,8,11,21,16,107,5,4,3,0,3,0,2,1,262,5,268,430,ACTA DE CASILLA,,,
30,VERACRUZ,13,EMILIANO ZAPATA,67,EMILIANO ZAPATA,1491,C01,50,27,8,13,13,23,87,4,8,3,1,2,0,2,0,241,3,244,430,ACTA DE CASILLA,,,
30,VERACRUZ,13,EMILIANO ZAPATA,67,EMILIANO ZAPATA,1491,E01,60,19,16,3,5,25,71,2,2,1,1,1,1,0,0,207,2,209,348,ACTA DE CASILLA,,,
30,VERACRUZ,13,EMILIANO ZAPATA,67,EMILIANO ZAPATA,1493,B,42,8,9,0,15,11,129,5,4,0,0,2,0,1,0,226,3,229,518,ACTA DE CASILLA,,,
30,VERACRUZ,13,EMILIANO ZAPATA,67,EMILIANO ZAPATA,1493,C01,36,13,22,1,9,6,134,6,5,1,0,6,0,2,0,241,2,243,518,ACTA DE CASILLA,,,
30,VERACRUZ,13,EMILIANO ZAPATA,67,EMILIANO ZAPATA,1494,B,64,65,39,1,9,24,50,1,10,2,3,0,1,0,0,269,1,270,482,LEVANTADA ANTE EL CONSEJO MUNICIPAL,,,
30,VERACRUZ,13,EMILIANO ZAPATA,67,EMILIANO ZAPATA,1495,B,49,15,11,2,9,11,196,1,3,0,0,5,0,0,0,302,2,304,512,ACTA DE CASILLA,,,
30,VERACRUZ,13,EMILIANO ZAPATA,67,EMILIANO ZAPATA,1495,C01,47,11,6,4,5,26,190,2,5,0,3,7,0,0,0,306,1,307,512,ACTA DE CASILLA,,,
30,VERACRUZ,13,EMILIANO ZAPATA,67,EMILIANO ZAPATA,1495,E01,42,20,23,15,5,7,139,4,3,0,0,2,1,0,0,261,4,265,476,ACTA DE CASILLA,,,
30,VERACRUZ,13,EMILIANO ZAPATA,67,EMILIANO ZAPATA,1496,B,74,43,16,12,10,182,53,3,13,3,6,8,0,3,0,426,4,430,628,ACTA DE CASILLA,,,
30,VERACRUZ,13,EMILIANO ZAPATA,67,EMILIANO ZAPATA,1497,B,49,33,43,1,2,24,96,0,7,2,1,2,0,0,0,260,1,261,472,ACTA DE CASILLA,,,
30,VERACRUZ,13,EMILIANO ZAPATA,67,EMILIANO ZAPATA,1497,C01,34,32,31,6,3,32,102,2,8,3,0,2,0,0,0,255,4,259,472,ACTA DE CASILLA,,,
30,VERACRUZ,13,EMILIANO ZAPATA,67,EMILIANO ZAPATA,1498,B,79,39,20,5,5,12,84,2,8,1,0,0,0,0,0,255,10,265,378,ACTA DE CASILLA,,,
30,VERACRUZ,13,EMILIANO ZAPATA,67,EMILIANO ZAPATA,1498,C01,84,25,17,7,4,5,99,3,7,0,0,4,0,3,0,258,7,265,377,ACTA DE CASILLA,,,
30,VERACRUZ,13,EMILIANO ZAPATA,67,EMILIANO ZAPATA,1499,B,104,65,10,5,8,9,65,3,1,4,0,2,1,0,0,277,0,277,487,ACTA DE CASILLA,,,
30,VERACRUZ,13,EMILIANO ZAPATA,67,EMILIANO ZAPATA,1499,C01,86,39,15,6,17,26,64,1,4,5,0,2,0,0,0,265,3,268,487,ACTA DE CASILLA,,,
30,VERACRUZ,13,EMILIANO ZAPATA,67,EMILIANO ZAPATA,1500,B,63,42,11,1,5,48,54,44,5,4,0,9,0,3,0,289,4,293,458,ACTA DE CASILLA,,,
30,VERACRUZ,13,EMILIANO ZAPATA,67,EMILIANO ZAPATA,1501,B,40,21,22,3,2,8,56,7,5,1,3,0,0,0,0,168,3,171,331,ACTA DE CASILLA,,,
30,VERACRUZ,13,EMILIANO ZAPATA,67,EMILIANO ZAPATA,1502,B,68,33,52,3,0,12,57,3,8,0,0,1,0,0,0,237,4,241,443,ACTA DE CASILLA,,,
30,VERACRUZ,13,EMILIANO ZAPATA,67,EMILIANO ZAPATA,1502,C01,76,34,37,2,2,16,54,1,11,6,1,1,0,0,0,241,0,241,443,ACTA DE CASILLA,,,
30,VERACRUZ,13,EMILIANO ZAPATA,67,EMILIANO ZAPATA,1503,B,70,36,42,6,0,7,68,0,11,3,0,0,0,0,0,243,4,247,416,ACTA DE CASILLA,,,
30,VERACRUZ,13,EMILIANO ZAPATA,67,EMILIANO ZAPATA,1503,C01,62,32,34,5,4,13,59,0,10,4,0,0,0,0,0,223,5,228,416,ACTA DE CASILLA,,,
30,VERACRUZ,13,EMILIANO ZAPATA,67,EMILIANO ZAPATA,1504,B,135,41,62,6,4,23,64,2,16,0,0,0,0,1,0,354,3,357,591,ACTA DE CASILLA,,,
30,VERACRUZ,13,EMILIANO ZAPATA,67,EMILIANO ZAPATA,1504,C01,138,32,51,2,2,19,53,1,10,0,0,1,0,0,0,309,3,312,591,LEVANTADA ANTE EL CONSEJO MUNICIPAL,,,
30,VERACRUZ,13,EMILIANO ZAPATA,67,EMILIANO ZAPATA,1505,B,73,33,39,2,3,42,73,5,5,2,0,2,0,3,0,282,7,289,558,ACTA DE CASILLA,,,
30,VERACRUZ,13,EMILIANO ZAPATA,67,EMILIANO ZAPATA,1505,C01,81,32,44,2,3,35,61,4,12,2,0,4,0,0,0,280,5,285,557,ACTA DE CASILLA,,,
30,VERACRUZ,13,EMILIANO ZAPATA,67,EMILIANO ZAPATA,1506,B,46,64,28,4,3,8,47,0,4,4,2,4,0,1,0,215,8,223,552,ACTA DE CASILLA,,,
30,VERACRUZ,13,EMILIANO ZAPATA,67,EMILIANO ZAPATA,1506,C01,53,60,27,3,8,4,49,1,9,4,1,3,0,0,0,222,2,224,551,ACTA DE CASILLA,,,
30,VERACRUZ,13,EMILIANO ZAPATA,67,EMILIANO ZAPATA,1506,C02,52,50,29,6,7,10,59,1,9,7,5,2,0,0,0,237,12,249,551,ACTA DE CASILLA,,,
30,VERACRUZ,13,EMILIANO ZAPATA,67,EMILIANO ZAPATA,1507,B,69,112,30,11,12,7,108,0,7,7,1,2,0,0,0,366,2,368,736,ACTA DE CASILLA,,,
30,VERACRUZ,13,EMILIANO ZAPATA,67,EMILIANO ZAPATA,1508,B,83,97,21,8,9,5,78,2,8,5,0,0,0,0,0,316,4,320,656,ACTA DE CASILLA,,,
30,VERACRUZ,13,EMILIANO ZAPATA,67,EMILIANO ZAPATA,1508,C01,67,85,16,6,11,5,84,2,3,8,2,0,0,0,0,289,5,294,655,ACTA DE CASILLA,,,
30,VERACRUZ,13,EMILIANO ZAPATA,67,EMILIANO ZAPATA,1509,B,33,77,21,6,7,3,73,2,11,8,1,1,0,1,0,244,9,253,560,ACTA DE CASILLA,,,
30,VERACRUZ,13,EMILIANO ZAPATA,67,EMILIANO ZAPATA,1509,C01,41,63,34,7,7,2,58,2,7,4,1,1,2,1,0,230,4,234,560,ACTA DE CASILLA,,,
30,VERACRUZ,13,EMILIANO ZAPATA,67,EMILIANO ZAPATA,1509,C02,44,90,28,8,9,4,58,0,7,10,0,1,0,0,0,259,3,262,560,ACTA DE CASILLA,,,
30,VERACRUZ,27,ACAYUCAN,145,SAYULA DE ALEMAN,3475,B,55,122,177,124,,,,10,17,31,,,,,1,536,2,539,736,ACTA DE CASILLA,,,
30,VERACRUZ,27,ACAYUCAN,145,SAYULA DE ALEMAN,3475,C01,59,120,165,120,,,,8,11,33,,,,,0,516,8,524,736,ACTA DE CASILLA,,,
30,VERACRUZ,27,ACAYUCAN,145,SAYULA DE ALEMAN,3475,C02,52,119,191,118,,,,4,8,25,,,,,0,517,3,520,735,ACTA DE CASILLA,,,
30,VERACRUZ,27,ACAYUCAN,145,SAYULA DE ALEMAN,3476,B,79,90,147,131,,,,16,30,24,,,,,0,517,5,522,732,ACTA DE CASILLA,,,
30,VERACRUZ,27,ACAYUCAN,145,SAYULA DE ALEMAN,3476,C01,90,84,174,127,,,,12,17,42,,,,,0,546,3,549,732,ACTA DE CASILLA,,,
30,VERACRUZ,27,ACAYUCAN,145,SAYULA DE ALEMAN,3477,B,57,130,148,148,,,,10,14,18,,,,,0,525,5,530,740,ACTA DE CASILLA,,,
30,VERACRUZ,27,ACAYUCAN,145,SAYULA DE ALEMAN,3477,C01,60,112,176,156,,,,10,14,23,,,,,1,551,6,558,739,ACTA DE CASILLA,,,
30,VERACRUZ,27,ACAYUCAN,145,SAYULA DE ALEMAN,3478,B,56,72,160,66,,,,7,14,16,,,,,0,391,5,396,536,ACTA DE CASILLA,,,
30,VERACRUZ,27,ACAYUCAN,145,SAYULA DE ALEMAN,3478,C01,52,73,146,77,,,,5,11,15,,,,,0,379,6,385,535,ACTA DE CASILLA,,,
30,VERACRUZ,27,ACAYUCAN,145,SAYULA DE ALEMAN,3478,C02,57,82,164,72,,,,8,9,12,,,,,0,404,5,409,535,ACTA DE CASILLA,,,
30,VERACRUZ,27,ACAYUCAN,145,SAYULA DE ALEMAN,3479,B,51,88,124,78,,,,6,10,27,,,,,0,384,4,388,521,ACTA DE CASILLA,,,
30,VERACRUZ,27,ACAYUCAN,145,SAYULA DE ALEMAN,3479,C01,31,112,109,92,,,,6,8,25,,,,,0,383,1,384,521,ACTA DE CASILLA,,,
30,VERACRUZ,27,ACAYUCAN,145,SAYULA DE ALEMAN,3479,C02,38,79,136,87,,,,3,11,17,,,,,0,371,3,374,520,ACTA DE CASILLA,,,
30,VERACRUZ,27,ACAYUCAN,145,SAYULA DE ALEMAN,3480,B,52,75,167,98,,,,6,20,12,,,,,0,430,2,432,545,LEVANTADA ANTE EL CONSEJO MUNICIPAL,,,
30,VERACRUZ,27,ACAYUCAN,145,SAYULA DE ALEMAN,3480,C01,40,78,117,114,,,,10,21,22,,,,,0,402,5,407,545,ACTA DE CASILLA,,,
30,VERACRUZ,27,ACAYUCAN,145,SAYULA DE ALEMAN,3480,C02,38,83,123,125,,,,2,18,13,,,,,0,402,4,406,544,ACTA DE CASILLA,,,
30,VERACRUZ,27,ACAYUCAN,145,SAYULA DE ALEMAN,3481,B,52,160,192,53,,,,12,13,28,,,,,0,510,5,515,697,ACTA DE CASILLA,,,
30,VERACRUZ,27,ACAYUCAN,145,SAYULA DE ALEMAN,3481,C01,61,144,179,42,,,,16,17,30,,,,,0,489,6,495,697,ACTA DE CASILLA,,,
30,VERACRUZ,27,ACAYUCAN,145,SAYULA DE ALEMAN,3482,B,19,34,41,37,,,,1,5,6,,,,,0,143,1,144,197,ACTA DE CASILLA,,,
30,VERACRUZ,27,ACAYUCAN,145,SAYULA DE ALEMAN,3483,B,27,46,100,40,,,,14,4,6,,,,,0,237,3,240,345,ACTA DE CASILLA,,,
30,VERACRUZ,27,ACAYUCAN,145,SAYULA DE ALEMAN,3484,B,57,65,138,16,,,,3,10,5,,,,,0,294,3,297,432,ACTA DE CASILLA,,,
30,VERACRUZ,27,ACAYUCAN,145,SAYULA DE ALEMAN,3485,B,42,98,127,44,,,,11,22,14,,,,,1,358,3,362,574,ACTA DE CASILLA,,,
30,VERACRUZ,27,ACAYUCAN,145,SAYULA DE ALEMAN,3485,C01,32,77,170,31,,,,11,24,6,,,,,0,351,4,355,573,ACTA DE CASILLA,,,
30,VERACRUZ,27,ACAYUCAN,145,SAYULA DE ALEMAN,3486,B,51,96,124,26,,,,8,21,13,,,,,0,339,9,348,543,ACTA DE CASILLA,,,
30,VERACRUZ,27,ACAYUCAN,145,SAYULA DE ALEMAN,3486,C01,46,67,155,36,,,,6,7,7,,,,,0,324,4,328,542,ACTA DE CASILLA,,,
30,VERACRUZ,27,ACAYUCAN,145,SAYULA DE ALEMAN,3487,B,88,117,154,65,,,,21,43,23,,,,,0,511,7,518,740,ACTA DE CASILLA,,,
30,VERACRUZ,27,ACAYUCAN,145,SAYULA DE ALEMAN,3487,C01,63,105,201,37,,,,23,41,23,,,,,0,493,2,495,740,ACTA DE CASILLA,,,
30,VERACRUZ,27,ACAYUCAN,145,SAYULA DE ALEMAN,3488,B,48,76,128,19,,,,4,23,15,,,,,0,313,4,317,450,ACTA DE CASILLA,,,
30,VERACRUZ,27,ACAYUCAN,145,SAYULA DE ALEMAN,3488,C01,52,90,150,13,,,,2,21,7,,,,,0,335,3,338,450,ACTA DE CASILLA,,,
30,VERACRUZ,27,ACAYUCAN,145,SAYULA DE ALEMAN,3489,B,53,112,174,20,,,,7,15,8,,,,,0,389,3,392,536,ACTA DE CASILLA,,,
30,VERACRUZ,27,ACAYUCAN,145,SAYULA DE ALEMAN,3489,C01,42,79,188,23,,,,1,21,13,,,,,0,367,1,368,535,ACTA DE CASILLA,,,
30,VERACRUZ,27,ACAYUCAN,145,SAYULA DE ALEMAN,3490,B,21,80,139,27,,,,0,14,11,,,,,0,292,3,295,402,LEVANTADA ANTE EL CONSEJO MUNICIPAL,,,
30,VERACRUZ,27,ACAYUCAN,145,SAYULA DE ALEMAN,3490,E01,51,90,154,14,,,,5,26,8,,,,,0,348,1,349,435,ACTA DE CASILLA,,,
30,VERACRUZ,27,ACAYUCAN,145,SAYULA DE ALEMAN,3490,E01,48,91,142,22,,,,7,11,7,,,,,0,328,3,331,435,ACTA DE CASILLA,,,
30,VERACRUZ,27,ACAYUCAN,145,SAYULA DE ALEMAN,3491,B,89,72,189,15,,,,4,19,13,,,,,0,401,9,410,508,ACTA DE CASILLA,,,
30,VERACRUZ,27,ACAYUCAN,145,SAYULA DE ALEMAN,3491,C01,74,78,163,22,,,,3,18,13,,,,,0,371,7,378,508,ACTA DE CASILLA,,,
30,VERACRUZ,27,ACAYUCAN,145,SAYULA DE ALEMAN,3492,B,39,173,198,43,,,,3,19,11,,,,,0,486,14,500,715,ACTA DE CASILLA,,,
30,VERACRUZ,27,ACAYUCAN,145,SAYULA DE ALEMAN,3493,B,22,35,159,18,,,,2,12,3,,,,,0,251,3,254,333,ACTA DE CASILLA,,,
30,VERACRUZ,27,ACAYUCAN,145,SAYULA DE ALEMAN,3493,E01,15,53,90,31,,,,0,8,7,,,,,0,204,4,208,273,ACTA DE CASILLA,,,
,,,,,,,,,,,,,,,,,,,,,,,,,,,,,,
,,,,,,,,,,,,,,,,,,,,,,,,,,,,,,
,,,,,,,,,,,,,,,,,,,,,,,,,,,,,,
,,,,,,,,,,,,,,,,,,,,,,,,,,,,,,
,,,,,,,,,,,,,,,,,,,,,,,,,,,,,,
,,,,,,,,,,,,,,,,,,,,,,,,,,,,,,
,,,,,,,,,,,,,,,,,,,, ,,,,,,,,,,
