﻿ID_ESTADO,NOMBRE_ESTADO,ID_DISTRITO,CABECERA_DISTRITAL,ID_MUNICIPIO,MUNICIPIO,SECCIONES,CASILLAS,PAN,PRI,PRD,PVEM,PT,NVA_ALIANZA,MORENA,PES,PAN_PRD,PRI_PVEM,PT_MORENA_-PES,PT_MORENA,PT_PES,MORENA_PES,NUM_VOTOS_CAN_NREG,NUM_VOTOS_VALIDOS,NUM_VOTOS_NULOS ,TOTAL_VOTOS,LISTA_NOMINAL,PORCENTAJE DE VOTACIÓN
30,VERACRUZ,17,MEDELLIN,7,CAMARON DE TEJEDA,3,9,2032,1490,14,107,0,0,0,0,125,133,0,0,0,0,0,3901,47,3948,4796,0.8232
30,VERACRUZ,13,EMILIANO ZAPATA,67,EMILIANO ZAPATA,34,83,4632,2513,1733,373,654,1821,8137,303,509,192,134,242,11,75,2,21329,381,21712,46559,0.4663
30,VERACRUZ,27,ACAYUCAN,145,SAYULA DE ALEMAN,19,39,1959,3557,5879,2427,0,0,0,287,647,632,0,0,0,0,3,15388,169,15560,21612,0.7200
,,,,,,,,,,,,,,,,,,,,,,,,,,,
