ID_ESTADO,NOMBRE_ESTADO,ID_DISTRITO_LOCAL,CABECERA_DISTRITAL_LOCAL,SECCIONES,CASILLAS,PAN,PRI,PRD,MORENA_PT_PVEM,MC,PAN_PRI_PRD,PAN_PRI,PAN_PRD,PRI_PRD,NUM_VOTOS_VALIDOS,NUM_VOTOS_CAN_NREG,NUM_VOTOS_NULOS,TOTAL_VOTOS,LISTA_NOMINAL,RUTA_ACTA
28,TAMAULIPAS,0,VOTO EN EL EXTRANJERO,0,1,210,43,12,481,26,29,2,0,1,804,2,7,813,4214,https://www.ietam.org.mx/Portal/documentos/PE2022/Resultados/ActasComputo/ActaEntidadFederativa.pdf
28,TAMAULIPAS,1,NUEVO LAREDO,81,209,18546,2511,296,29329,2091,338,270,75,23,53479,28,1861,55368,126280,https://www.ietam.org.mx/Portal/documentos/PE2022/Resultados/ActasComputo/ActCompGob_CDE01_NuevoLaredo.pdf
28,TAMAULIPAS,2,NUEVO LAREDO,114,231,19129,3272,341,28273,2720,518,240,53,13,54559,23,1215,55797,127305,https://www.ietam.org.mx/Portal/documentos/PE2022/Resultados/ActasComputo/ActCompGob_CDE02_NuevoLaredo.pdf
28,TAMAULIPAS,3,NUEVO LAREDO,70,206,20209,3362,567,27471,1964,656,340,75,24,54668,36,1738,56442,122747,https://www.ietam.org.mx/Portal/documentos/PE2022/Resultados/ActasComputo/ActCompGob_CDE03_NuevoLaredo.pdf
28,TAMAULIPAS,4,REYNOSA,86,214,22774,1631,491,26864,2733,445,232,59,6,55235,32,1337,56604,125738,https://www.ietam.org.mx/Portal/documentos/PE2022/Resultados/ActasComputo/ActCompGob_CDE04_Reynosa.pdf
28,TAMAULIPAS,5,REYNOSA,110,230,21474,1348,593,30899,3047,399,165,49,9,57983,34,1549,59566,130156,https://www.ietam.org.mx/Portal/documentos/PE2022/Resultados/ActasComputo/ActCompGob_CDE05_Reynosa.pdf
28,TAMAULIPAS,6,REYNOSA,100,219,21720,1892,479,28525,2629,446,233,80,10,56014,36,1515,57565,126309,https://www.ietam.org.mx/Portal/documentos/PE2022/Resultados/ActasComputo/ActCompGob_CDE06_Reynosa.pdf
28,TAMAULIPAS,7,REYNOSA,87,224,19831,1029,476,33500,2853,352,170,76,12,58299,34,1582,59915,131038,https://www.ietam.org.mx/Portal/documentos/PE2022/Resultados/ActasComputo/ActCompGob_CDE07_Reynosa.pdf
28,TAMAULIPAS,8,RIO BRAVO,98,238,21262,2925,969,32957,2595,546,353,108,27,61742,37,1924,63703,137187,https://www.ietam.org.mx/Portal/documentos/PE2022/Resultados/ActasComputo/ActCompGob_CDE08_RioBravo.pdf
28,TAMAULIPAS,9,VALLE HERMOSO,81,190,17470,3923,957,26576,1874,420,315,72,27,51634,24,1348,53006,109651,https://www.ietam.org.mx/Portal/documentos/PE2022/Resultados/ActasComputo/ActCompGob_CDE09_ValleHermoso.pdf
28,TAMAULIPAS,10,H. MATAMOROS,56,195,15169,2070,330,33914,2215,367,207,35,7,54314,31,1294,55639,123159,https://www.ietam.org.mx/Portal/documentos/PE2022/Resultados/ActasComputo/ActCompGob_CDE10_Matamoros.pdf
28,TAMAULIPAS,11,H. MATAMOROS,35,171,14247,1737,471,30801,1834,350,195,49,5,49689,20,1398,51107,112684,https://www.ietam.org.mx/Portal/documentos/PE2022/Resultados/ActasComputo/ActCompGob_CDE11_Matamoros.pdf
28,TAMAULIPAS,12,H. MATAMOROS,107,216,14985,2929,340,31259,2266,563,252,47,4,52645,25,1239,53909,121703,https://www.ietam.org.mx/Portal/documentos/PE2022/Resultados/ActasComputo/ActCompGob_CDE12_Matamoros.pdf
28,TAMAULIPAS,13,SAN FERNANDO,159,256,22767,7219,655,44380,1116,454,366,60,12,77029,31,1602,78662,117416,https://www.ietam.org.mx/Portal/documentos/PE2022/Resultados/ActasComputo/ActCompGob_CDE13_SanFernando.pdf
28,TAMAULIPAS,14,CIUDAD VICTORIA,82,210,32613,3715,358,45148,1931,1038,314,58,7,85182,33,1709,86924,125500,https://www.ietam.org.mx/Portal/documentos/PE2022/Resultados/ActasComputo/ActCompGob_CDE14_CiudadVictoria.pdf
28,TAMAULIPAS,15,CIUDAD VICTORIA,67,211,33325,2497,360,44241,1458,783,394,94,8,83160,28,1888,85076,129620,https://www.ietam.org.mx/Portal/documentos/PE2022/Resultados/ActasComputo/ActCompGob_CDE15_CiudadVictoria.pdf
28,TAMAULIPAS,16,XICOTENCATL,150,282,42032,3107,3484,36326,765,653,376,156,16,86915,28,1950,88893,129845,https://www.ietam.org.mx/Portal/documentos/PE2022/Resultados/ActasComputo/ActCompGob_CDE16_Xicotencatl.pdf
28,TAMAULIPAS,17,CIUDAD MANTE,123,228,35500,2683,1019,34506,1239,532,325,106,12,75922,23,1700,77645,118210,https://www.ietam.org.mx/Portal/documentos/PE2022/Resultados/ActasComputo/ActCompGob_CDE17_CiudadMante.pdf
28,TAMAULIPAS,18,ALTAMIRA,76,219,29671,1985,883,38517,1573,604,304,121,24,73682,44,1679,75405,129873,https://www.ietam.org.mx/Portal/documentos/PE2022/Resultados/ActasComputo/ActCompGob_CDE18_Altamira.pdf
28,TAMAULIPAS,19,MIRAMAR,42,176,27747,1461,564,30281,1850,676,276,132,19,63006,12,1427,64445,115942,https://www.ietam.org.mx/Portal/documentos/PE2022/Resultados/ActasComputo/ActCompGob_CDE19_Miramar.pdf
28,TAMAULIPAS,20,CIUDAD MADERO,94,216,31881,2048,500,33072,2599,1005,232,83,12,71432,24,1319,72775,126428,https://www.ietam.org.mx/Portal/documentos/PE2022/Resultados/ActasComputo/ActCompGob_CDE20_CiudadMadero.pdf
28,TAMAULIPAS,21,TAMPICO,69,199,29147,1711,486,32631,2468,929,288,90,5,67755,18,1226,68999,121411,https://www.ietam.org.mx/Portal/documentos/PE2022/Resultados/ActasComputo/ActCompGob_CDE21_Tampico.pdf
28,TAMAULIPAS,22,TAMPICO,123,237,36985,2040,504,30913,2297,1159,306,80,8,74292,27,1262,75581,129109,https://www.ietam.org.mx/Portal/documentos/PE2022/Resultados/ActasComputo/ActCompGob_CDE22_Tampico.pdf
