ID_ESTADO,NOMBRE_ESTADO,ID_DISTRITO_LOCAL,CABECERA_DISTRITAL_LOCAL,SECCIONES,CASILLAS,PAN,PRI,PRD,MORENA_PT_PVEM,MC,NUM_VOTOS_VALIDOS,NUM_VOTOS_CAN_NREG,NUM_VOTOS_NULOS,TOTAL_VOTOS,LISTA_NOMINAL,RUTA_ACTA
28,TAMAULIPAS,0,VOTO EN EL EXTRANJERO,0,1,221,55,21,481,26,804,2,7,813,4214,https://www.ietam.org.mx/Portal/documentos/PE2022/Resultados/ActasComputo/ActaEntidadFederativa.pdf
28,TAMAULIPAS,1,NUEVO LAREDO,81,209,18832,2771,456,29329,2091,53479,28,1861,55368,126280,https://www.ietam.org.mx/Portal/documentos/PE2022/Resultados/ActasComputo/ActCompGob_CDE01_NuevoLaredo.pdf
28,TAMAULIPAS,2,NUEVO LAREDO,114,231,19449,3572,545,28273,2720,54559,23,1215,55797,127305,https://www.ietam.org.mx/Portal/documentos/PE2022/Resultados/ActasComputo/ActCompGob_CDE02_NuevoLaredo.pdf
28,TAMAULIPAS,3,NUEVO LAREDO,70,206,20636,3763,834,27471,1964,54668,36,1738,56442,122747,https://www.ietam.org.mx/Portal/documentos/PE2022/Resultados/ActasComputo/ActCompGob_CDE03_NuevoLaredo.pdf
28,TAMAULIPAS,4,REYNOSA,86,214,23069,1898,671,26864,2733,55235,32,1337,56604,125738,https://www.ietam.org.mx/Portal/documentos/PE2022/Resultados/ActasComputo/ActCompGob_CDE04_Reynosa.pdf
28,TAMAULIPAS,5,REYNOSA,110,230,21715,1568,754,30899,3047,57983,34,1549,59566,130156,https://www.ietam.org.mx/Portal/documentos/PE2022/Resultados/ActasComputo/ActCompGob_CDE05_Reynosa.pdf
28,TAMAULIPAS,6,REYNOSA,100,219,22026,2162,672,28525,2629,56014,36,1515,57565,126309,https://www.ietam.org.mx/Portal/documentos/PE2022/Resultados/ActasComputo/ActCompGob_CDE06_Reynosa.pdf
28,TAMAULIPAS,7,REYNOSA,87,224,20072,1237,637,33500,2853,58299,34,1582,59915,131038,https://www.ietam.org.mx/Portal/documentos/PE2022/Resultados/ActasComputo/ActCompGob_CDE07_Reynosa.pdf
28,TAMAULIPAS,8,RIO BRAVO,98,238,21675,3297,1218,32957,2595,61742,37,1924,63703,137187,https://www.ietam.org.mx/Portal/documentos/PE2022/Resultados/ActasComputo/ActCompGob_CDE08_RioBravo.pdf
28,TAMAULIPAS,9,VALLE HERMOSO,81,190,17804,4234,1146,26576,1874,51634,24,1348,53006,109651,https://www.ietam.org.mx/Portal/documentos/PE2022/Resultados/ActasComputo/ActCompGob_CDE09_ValleHermoso.pdf
28,TAMAULIPAS,10,H. MATAMOROS,56,195,15414,2299,472,33914,2215,54314,31,1294,55639,123159,https://www.ietam.org.mx/Portal/documentos/PE2022/Resultados/ActasComputo/ActCompGob_CDE10_Matamoros.pdf
28,TAMAULIPAS,11,H. MATAMOROS,35,171,14487,1954,613,30801,1834,49689,20,1398,51107,112684,https://www.ietam.org.mx/Portal/documentos/PE2022/Resultados/ActasComputo/ActCompGob_CDE11_Matamoros.pdf
28,TAMAULIPAS,12,H. MATAMOROS,107,216,15323,3245,552,31259,2266,52645,25,1239,53909,121703,https://www.ietam.org.mx/Portal/documentos/PE2022/Resultados/ActasComputo/ActCompGob_CDE12_Matamoros.pdf
28,TAMAULIPAS,13,SAN FERNANDO,159,256,23132,7559,842,44380,1116,77029,31,1602,78662,117416,https://www.ietam.org.mx/Portal/documentos/PE2022/Resultados/ActasComputo/ActCompGob_CDE13_SanFernando.pdf
28,TAMAULIPAS,14,CIUDAD VICTORIA,82,210,33145,4222,736,45148,1931,85182,33,1709,86924,125500,https://www.ietam.org.mx/Portal/documentos/PE2022/Resultados/ActasComputo/ActCompGob_CDE14_CiudadVictoria.pdf
28,TAMAULIPAS,15,CIUDAD VICTORIA,67,211,33830,2959,672,44241,1458,83160,28,1888,85076,129620,https://www.ietam.org.mx/Portal/documentos/PE2022/Resultados/ActasComputo/ActCompGob_CDE15_CiudadVictoria.pdf
28,TAMAULIPAS,16,XICOTENCATL,150,282,42516,3520,3788,36326,765,86915,28,1950,88893,129845,https://www.ietam.org.mx/Portal/documentos/PE2022/Resultados/ActasComputo/ActCompGob_CDE16_Xicotencatl.pdf
28,TAMAULIPAS,17,CIUDAD MANTE,123,228,35894,3028,1255,34506,1239,75922,23,1700,77645,118210,https://www.ietam.org.mx/Portal/documentos/PE2022/Resultados/ActasComputo/ActCompGob_CDE17_CiudadMante.pdf
28,TAMAULIPAS,18,ALTAMIRA,76,219,30086,2350,1156,38517,1573,73682,44,1679,75405,129873,https://www.ietam.org.mx/Portal/documentos/PE2022/Resultados/ActasComputo/ActCompGob_CDE18_Altamira.pdf
28,TAMAULIPAS,19,MIRAMAR,42,176,28177,1834,864,30281,1850,63006,12,1427,64445,115942,https://www.ietam.org.mx/Portal/documentos/PE2022/Resultados/ActasComputo/ActCompGob_CDE19_Miramar.pdf
28,TAMAULIPAS,20,CIUDAD MADERO,94,216,32374,2505,882,33072,2599,71432,24,1319,72775,126428,https://www.ietam.org.mx/Portal/documentos/PE2022/Resultados/ActasComputo/ActCompGob_CDE20_CiudadMadero.pdf
28,TAMAULIPAS,21,TAMPICO,69,199,29646,2168,842,32631,2468,67755,18,1226,68999,121411,https://www.ietam.org.mx/Portal/documentos/PE2022/Resultados/ActasComputo/ActCompGob_CDE21_Tampico.pdf
28,TAMAULIPAS,22,TAMPICO,123,237,37565,2583,934,30913,2297,74292,27,1262,75581,129109,https://www.ietam.org.mx/Portal/documentos/PE2022/Resultados/ActasComputo/ActCompGob_CDE22_Tampico.pdf
