﻿ID_ESTADO,NOMBRE_ESTADO,ID_DISTRITO_LOCAL,CABECERA_DISTRITAL_LOCAL,ID_MUNICIPIO_LOCAL,MUNICIPIO_LOCAL,SECCION,CDESCRIPCION_CORTA,PAN,PRI,PRD,PT,PVEM,MC,PAS,MORENA,PES,VCN,VN,TOTAL_VOTOS
25,SINALOA,1,EL FUERTE,7,CHOIX,1729,S1,20,4,1,2,5,3,6,43,0,0,5,89
25,SINALOA,1,EL FUERTE,10,EL FUERTE,1931,S1,19,16,3,6,16,24,7,93,0,1,8,193
25,SINALOA,4,LOS MOCHIS,1,AHOME,206,S1,2,2,1,0,0,0,0,0,0,0,0,5
25,SINALOA,5,LOS MOCHIS,1,AHOME,51,S1,53,43,5,11,15,35,32,138,6,0,23,361
25,SINALOA,5,LOS MOCHIS,1,AHOME,51,S2,62,36,1,12,11,35,14,172,4,1,25,373
25,SINALOA,5,LOS MOCHIS,1,AHOME,64,S1,24,45,2,15,20,23,15,196,3,0,25,368
25,SINALOA,5,LOS MOCHIS,1,AHOME,64,S2,24,45,2,15,20,23,15,196,3,0,25,368
25,SINALOA,6,MOCORITO,3,BADIRAGUATO,566,S1,0,0,0,0,0,0,0,0,0,0,0,0
25,SINALOA,6,MOCORITO,13,MOCORITO,2997,S1,11,17,1,8,10,11,10,102,2,0,13,185
25,SINALOA,6,MOCORITO,17,SINALOA,3423,S1,16,38,2,10,15,22,0,166,2,0,48,319
25,SINALOA,7,GUASAVE,11,GUASAVE,2132,S1,38,47,2,10,12,30,20,195,3,1,33,391
25,SINALOA,7,GUASAVE,20,JUAN JOSE RÍOS,2211,S1,20,15,1,16,11,12,12,90,0,0,13,190
25,SINALOA,8,GUASAVE,11,GUASAVE,2113,S1,42,58,2,15,21,47,24,242,12,0,46,509
25,SINALOA,9,GUAMUCHIL,2,ANGOSTURA,463,S1,0,0,0,0,0,0,0,0,0,0,0,0
25,SINALOA,9,GUAMUCHIL,15,SALVADOR ALVARADO,3273,S1,0,0,0,0,0,0,0,0,0,0,0,0
25,SINALOA,9,GUAMUCHIL,15,SALVADOR ALVARADO,3294,S1,0,0,0,0,0,0,0,0,0,0,0,0
25,SINALOA,10,NAVOLATO,18,NAVOLATO,3646,S1,28,79,7,13,19,38,21,237,5,0,23,470
25,SINALOA,10,NAVOLATO,18,NAVOLATO,3764,S1,21,34,3,21,34,12,9,158,3,0,22,317
25,SINALOA,12,CULIACAN DE ROSALES,6,CULIACÁN,3840,S1,83,78,5,22,41,43,51,161,4,0,29,517
25,SINALOA,13,CULIACAN DE ROSALES,6,CULIACÁN,785,S1,49,53,8,9,26,55,36,185,7,1,26,455
25,SINALOA,13,CULIACAN DE ROSALES,6,CULIACÁN,785,S2,58,45,6,18,27,63,28,170,3,1,29,448
25,SINALOA,13,CULIACAN DE ROSALES,6,CULIACÁN,1433,S1,28,45,3,8,17,51,19,191,3,0,36,401
25,SINALOA,13,CULIACAN DE ROSALES,6,CULIACÁN,1433,S2,46,53,2,11,17,43,25,214,6,0,32,449
25,SINALOA,14,CULIACAN DE ROSALES,6,CULIACÁN,952,S1,39,45,4,20,21,33,20,184,6,0,41,413
25,SINALOA,14,CULIACAN DE ROSALES,6,CULIACÁN,1006,S1,52,61,2,17,18,55,36,227,3,1,42,514
25,SINALOA,15,CULIACAN DE ROSALES,6,CULIACÁN,996,S1,0,0,0,0,0,0,0,0,0,0,0,\N
25,SINALOA,18,ELDORADO,19,ELDORADO,1689,S1,0,0,0,0,0,0,0,0,0,0,0,\N
25,SINALOA,19,LA CRUZ,8,ELOTA,1809,S1,0,0,0,0,0,0,0,0,0,0,0,0
25,SINALOA,21,MAZATLAN,12,MAZATLÁN,2556,S1,27,9,5,5,4,5,4,58,1,0,11,129
25,SINALOA,21,MAZATLAN,12,MAZATLÁN,2667,S1,50,27,4,5,6,5,5,40,0,0,2,144
25,SINALOA,21,MAZATLAN,12,MAZATLÁN,2676,S1,43,22,2,5,2,11,9,54,2,0,5,155
25,SINALOA,22,MAZATLAN,12,MAZATLÁN,2717,S1,40,16,1,7,11,22,18,108,1,0,10,234
25,SINALOA,22,MAZATLAN,12,MAZATLÁN,2798,S1,31,25,0,9,13,12,12,143,2,0,21,268
25,SINALOA,24,ROSARIO,4,CONCORDIA,635,S1,30,20,5,8,11,22,34,171,5,0,25,331
25,SINALOA,24,ROSARIO,9,ESCUINAPA,1870,S1,29,24,3,77,42,20,9,150,5,0,15,374
25,SINALOA,24,ROSARIO,14,ROSARIO,3133,S1,36,29,4,37,24,24,21,172,6,0,17,370
