﻿ID_ESTADO,NOMBRE_ESTADO,ID_MUNICIPIO,MUNICIPIO,SECCIONES,CASILLAS,PAN,PRI,PRD,PVEM,PT,MC,NA,MORENA,ES,CAND_IND9,CAND_IND10,CAND_IND11,CAND_IND12,CAND_IND13,CAND_IND14,CAND_IND15,CAND_IND16,CAND_IND17,CAND_IND18,CAND_IND19,CAND_IND20,CAND_IND21,CAND_IND22,CAND_IND23,CAND_IND24,NUM_VOTOS_VALIDOS,NUM_VOTOS_CAN_NREG,NUM_VOTOS_NULOS,TOTAL_VOTOS,LISTA_NOMINAL,RUTA_ACTA
8,CHIHUAHUA,1,AHUMADA,15,23,128,1179,2164,1794,16,468,112,43,22,,,,,,,,,,,,,,,,,5926,10,283,6219,9268,http://www.ieechihuahua.org.mx/public/sistema/archivos/repositorio_actas/ACMA2018_001.pdf
8,CHIHUAHUA,2,ALDAMA,20,37,1532,941,2657,104,170,68,3799,1093,174,,,,,,,,,,,,,,,,,10538,9,541,11088,19842,http://www.ieechihuahua.org.mx/public/sistema/archivos/repositorio_actas/ACMA2018_002.pdf
8,CHIHUAHUA,3,ALLENDE,15,18,1944,2083,,29,55,146,174,312,70,,,,,,,,,,,,,,,,,4813,0,194,5007,7259,http://www.ieechihuahua.org.mx/public/sistema/archivos/repositorio_actas/ACMA2018_003.pdf
8,CHIHUAHUA,4,AQUILES SERDAN,3,19,1163,3105,354,113,75,89,89,790,151,,,,,,,,,,,,,,,,,5929,2,224,6155,11922,http://www.ieechihuahua.org.mx/public/sistema/archivos/repositorio_actas/ACMA2018_004.pdf
8,CHIHUAHUA,5,ASCENSION,21,34,3252,2985,91,81,154,203,35,1651,62,,,,,,,,,,,,,,,,,8514,2,441,8957,17920,http://www.ieechihuahua.org.mx/public/sistema/archivos/repositorio_actas/ACMA2018_005.pdf
8,CHIHUAHUA,6,BACHINIVA,18,18,1397,837,75,,78,142,,832,32,,,,,,,,,,,,,,,,,3393,0,174,3567,5601,http://www.ieechihuahua.org.mx/public/sistema/archivos/repositorio_actas/ACMA2018_006.pdf
8,CHIHUAHUA,7,BALLEZA,14,24,945,4989,,,118,51,,2083,62,,,,,,,,,,,,,,,,,8248,2,490,8740,13068,http://www.ieechihuahua.org.mx/public/sistema/archivos/repositorio_actas/ACMA2018_007.pdf
8,CHIHUAHUA,8,BATOPILAS,11,17,1217,1744,94,,,97,,,,,,,,,,,,,,,,,,,,3152,0,529,3681,8191,http://www.ieechihuahua.org.mx/public/sistema/archivos/repositorio_actas/ACMA2018_008.pdf
8,CHIHUAHUA,9,BOCOYNA,22,42,1374,3672,53,45,135,4876,161,2133,77,,,,,,,,,,,,,,,,,12526,7,923,13456,20625,http://www.ieechihuahua.org.mx/public/sistema/archivos/repositorio_actas/ACMA2018_009.pdf
8,CHIHUAHUA,10,BUENAVENTURA,26,38,3341,3663,,,421,201,,1756,155,,,,,,,,,,,,,,,,,9537,0,363,9900,18426,http://www.ieechihuahua.org.mx/public/sistema/archivos/repositorio_actas/JIN-228_2018.pdf
8,CHIHUAHUA,11,CAMARGO,40,72,14451,3420,,,413,271,624,1940,125,,,,,,,,,,,,,,,,,21244,3,595,21842,37986,http://www.ieechihuahua.org.mx/public/sistema/archivos/repositorio_actas/ACMA2018_011.pdf
8,CHIHUAHUA,12,CARICHI,16,18,2347,2136,,,,98,,,,,,,,,,,,,,,,,,,,4581,3,219,4803,7242,http://www.ieechihuahua.org.mx/public/sistema/archivos/repositorio_actas/ACMA2018_012.pdf
8,CHIHUAHUA,13,CASAS GRANDES,13,22,1702,404,1695,,123,188,81,503,58,,,,,866,,,,,,,,,,,,5620,1,333,5954,10251,http://www.ieechihuahua.org.mx/public/sistema/archivos/repositorio_actas/ACMA2018_013.pdf
8,CHIHUAHUA,14,CORONADO,7,8,466,586,,,467,2,7,14,2,,,,,,,,,,,,,,,,,1544,0,47,1591,1906,http://www.ieechihuahua.org.mx/public/sistema/archivos/repositorio_actas/ACMA2018_014.pdf
8,CHIHUAHUA,15,COYAME DEL SOTOL,3,4,904,764,,,1,1,,15,0,,,,,,,,,,,,,,,,,1685,0,34,1719,2275,http://www.ieechihuahua.org.mx/public/sistema/archivos/repositorio_actas/ACMA2018_015.pdf
8,CHIHUAHUA,16,LA CRUZ,5,8,570,399,11,,13,6,1300,31,,,,,,,,,,,,,,,,,,2330,1,75,2406,3458,http://www.ieechihuahua.org.mx/public/sistema/archivos/repositorio_actas/ACMA2018_016.pdf
8,CHIHUAHUA,17,CUAUHTEMOC,111,229,20564,7021,644,1003,3331,975,1596,22951,1637,,,,,,,,,,,,,,,,,59722,27,2182,61931,127190,http://www.ieechihuahua.org.mx/public/sistema/archivos/repositorio_actas/ACMA2018_017.pdf
8,CHIHUAHUA,18,CUSIHUIRIACHI,13,14,989,1377,,,448,23,,119,15,,,,,,,,,,,,,,,,,2971,1,136,3108,5302,http://www.ieechihuahua.org.mx/public/sistema/archivos/repositorio_actas/ACMA2018_018.pdf
8,CHIHUAHUA,19,CHIHUAHUA,647,1243,196558,51031,3921,10155,11420,7055,7615,88032,8667,,,,,,,,,,,,,,,,,384454,269,11615,396338,679181,http://www.ieechihuahua.org.mx/public/sistema/archivos/repositorio_actas/JIN-250_2018.pdf
8,CHIHUAHUA,20,CHINIPAS,8,16,151,1769,41,,308,39,,804,44,,,,,,,,,,,,,,,,,3156,0,173,3329,5049,http://www.ieechihuahua.org.mx/public/sistema/archivos/repositorio_actas/ACMA2018_020.pdf
8,CHIHUAHUA,21,DELICIAS,109,206,20385,11472,1063,774,2893,672,1448,11148,874,,,,,,,,,,,,,,,10624,,61353,52,1822,63227,112975,http://www.ieechihuahua.org.mx/public/sistema/archivos/repositorio_actas/ACMA2018_021.pdf
8,CHIHUAHUA,22,DR. BELISARIO DOMINGUEZ,8,8,521,970,,,12,4,60,95,2,,,,,,,,,,,,,,,,,1664,0,74,1738,3021,http://www.ieechihuahua.org.mx/public/sistema/archivos/repositorio_actas/ACMA2018_022.pdf
8,CHIHUAHUA,23,GALEANA,3,8,1723,720,,,30,74,,106,3,,,,,,,,,,,,,,,,,2656,0,104,2760,4365,http://www.ieechihuahua.org.mx/public/sistema/archivos/repositorio_actas/ACMA2018_023.pdf
8,CHIHUAHUA,24,SANTA ISABEL,7,9,1613,876,4,,13,12,,82,2,,,,,,,,,64,,,,,,,,2666,2,113,2781,4243,http://www.ieechihuahua.org.mx/public/sistema/archivos/repositorio_actas/ACMA2018_024.pdf
8,CHIHUAHUA,25,GOMEZ FARIAS,15,16,495,1027,34,505,327,55,,814,377,,,,,,,,,,,,,,,,,3634,0,234,3868,7268,http://www.ieechihuahua.org.mx/public/sistema/archivos/repositorio_actas/ACMA2018_025.pdf
8,CHIHUAHUA,26,GRAN MORELOS,13,13,527,593,12,639,14,14,,61,9,,,,,,,,,,,,,,,,,1869,0,109,1978,3186,http://www.ieechihuahua.org.mx/public/sistema/archivos/repositorio_actas/ACMA2018_026.pdf
8,CHIHUAHUA,27,GUACHOCHI,43,72,5961,7606,177,2806,226,218,,857,148,,,,,,,,,,,,439,,,,,18438,4,2722,21164,35538,http://www.ieechihuahua.org.mx/public/sistema/archivos/repositorio_actas/ACMA2018_027.pdf
8,CHIHUAHUA,28,GUADALUPE,8,12,773,1194,30,,22,18,26,185,8,,236,,,,,,,,,,,,,,,2492,0,107,2599,4797,http://www.ieechihuahua.org.mx/public/sistema/archivos/repositorio_actas/ACMA2018_028.pdf
8,CHIHUAHUA,29,GUADALUPE Y CALVO,31,61,1878,7538,,,523,262,,4695,177,,,,,,,,,,,,,,,,,15073,4,1041,16118,30294,http://www.ieechihuahua.org.mx/public/sistema/archivos/repositorio_actas/ACMA2018_029.pdf
8,CHIHUAHUA,30,GUAZAPARES,14,18,502,1922,,,29,1550,,165,15,,,,,,,,,,,,,,,,,4183,1,293,4477,6764,http://www.ieechihuahua.org.mx/public/sistema/archivos/repositorio_actas/ACMA2018_030.pdf
8,CHIHUAHUA,31,GUERRERO,67,82,3322,5163,259,155,535,370,363,4996,562,,,,,,,,,,,,,,,,,15725,4,945,16674,30445,http://www.ieechihuahua.org.mx/public/sistema/archivos/repositorio_actas/ACMA2018_031.pdf
8,CHIHUAHUA,32,HIDALGO DEL PARRAL,87,160,,8753,,1510,643,,,2543,396,,,,,,,,,,,,,34252,,,,48097,13,1973,50083,85682,http://www.ieechihuahua.org.mx/public/sistema/archivos/repositorio_actas/ACMA2018_032.pdf
8,CHIHUAHUA,33,HUEJOTITAN,2,3,576,640,,,,5,,7,,,,,,,,,,,,,,,,,,1228,0,17,1245,1507,http://www.ieechihuahua.org.mx/public/sistema/archivos/repositorio_actas/ACMA2018_033.pdf
8,CHIHUAHUA,34,IGNACIO ZARAGOZA,13,15,1118,805,43,,,1166,,,,,,,,,,,,,,,,,,,,3132,0,118,3250,5994,http://www.ieechihuahua.org.mx/public/sistema/archivos/repositorio_actas/ACMA2018_034.pdf
8,CHIHUAHUA,35,JANOS,12,18,203,577,771,,32,1179,,161,28,,,,,,,,654,,,,,,,,,3605,0,241,3846,7582,http://www.ieechihuahua.org.mx/public/sistema/archivos/repositorio_actas/ACMA2018_035.pdf
8,CHIHUAHUA,36,JIMENEZ,36,59,2497,4724,140,552,585,216,7234,943,77,,,,,,,,,,,,,,,,,16968,6,777,17751,29905,http://www.ieechihuahua.org.mx/public/sistema/archivos/repositorio_actas/ACMA2018_036.pdf
8,CHIHUAHUA,37,JUAREZ,1175,1992,61567,45201,5122,12880,20380,7081,8715,142798,12578,176245,,,,,,,,,,,,,,,,492567,275,18982,511824,1069315,http://www.ieechihuahua.org.mx/public/sistema/archivos/repositorio_actas/SG_JDC_3983-2018.pdf
8,CHIHUAHUA,38,JULIMES,6,9,907,668,24,,46,15,,551,35,,,,759,,,,,,,,,,,,,3005,0,129,3134,4773,http://www.ieechihuahua.org.mx/public/sistema/archivos/repositorio_actas/ACMA2018_038.pdf
8,CHIHUAHUA,39,LOPEZ,7,9,,844,646,,432,,401,128,25,,,,,,,,,,,,,,,,,2476,0,85,2561,3473,http://www.ieechihuahua.org.mx/public/sistema/archivos/repositorio_actas/ACMA2018_039.pdf
8,CHIHUAHUA,40,MADERA,46,58,5963,1357,,,186,133,1391,1216,116,,,,,,,,,,,,,,,,,10362,2,573,10937,22130,http://www.ieechihuahua.org.mx/public/sistema/archivos/repositorio_actas/ACMA2018_040.pdf
8,CHIHUAHUA,41,MAGUARICHI,5,5,64,609,45,,7,1,,25,1,,,,,,,,,,,,,,,,,752,0,70,822,1268,http://www.ieechihuahua.org.mx/public/sistema/archivos/repositorio_actas/ACMA2018_041.pdf
8,CHIHUAHUA,42,MANUEL BENAVIDES,5,5,21,666,332,,355,2,,21,0,,,,,,,,,,,,,,,,,1397,0,44,1441,1931,http://www.ieechihuahua.org.mx/public/sistema/archivos/repositorio_actas/ACMA2018_042.pdf
8,CHIHUAHUA,43,MATACHI,7,8,301,576,,,29,31,198,505,10,,,,,,,,,,,,,,,,,1650,0,67,1717,2624,http://www.ieechihuahua.org.mx/public/sistema/archivos/repositorio_actas/ACMA2018_043.pdf
8,CHIHUAHUA,44,MATAMOROS,8,10,1014,911,,,14,28,24,47,3,,,,,,,,,,,,,,674,,,2715,0,121,2836,3972,http://www.ieechihuahua.org.mx/public/sistema/archivos/repositorio_actas/ACMA2018_044.pdf
8,CHIHUAHUA,45,MEOQUI,35,64,5546,2155,783,444,432,378,1826,3936,363,,,,,,,,,,,1077,,,,,,16940,78,635,17653,34632,http://www.ieechihuahua.org.mx/public/sistema/archivos/repositorio_actas/ACMA2018_045.pdf
8,CHIHUAHUA,46,MORELOS,8,12,1813,1537,,,26,15,,283,7,,,,,,,,,,,,,,,,,3681,0,195,3876,5402,http://www.ieechihuahua.org.mx/public/sistema/archivos/repositorio_actas/ACMA2018_046.pdf
8,CHIHUAHUA,47,MORIS,8,11,1193,1117,,,7,20,,122,3,,,,,,,,,,,,,,,,,2462,0,91,2553,3953,http://www.ieechihuahua.org.mx/public/sistema/archivos/repositorio_actas/ACMA2018_047.pdf
8,CHIHUAHUA,48,NAMIQUIPA,44,52,2818,3067,,157,246,180,,2332,101,,,,,,,,,,,,,,,,,8901,1,433,9335,19627,http://www.ieechihuahua.org.mx/public/sistema/archivos/repositorio_actas/ACMA2018_048.pdf
8,CHIHUAHUA,49,NONOAVA,4,6,1206,931,,,2,,,26,4,,,,,,,,,,,,,,,,,2169,0,52,2221,2605,http://www.ieechihuahua.org.mx/public/sistema/archivos/repositorio_actas/ACMA2018_049.pdf
8,CHIHUAHUA,50,NUEVO CASAS GRANDES,64,92,4176,2701,5921,315,1887,326,427,3198,269,,,,,,444,825,,,,,,,,,3324,23813,6,971,24790,48323,http://www.ieechihuahua.org.mx/public/sistema/archivos/repositorio_actas/JIN-194_2018.pdf
8,CHIHUAHUA,51,OCAMPO,14,17,1453,2254,16,,26,26,,150,20,,,,,,,,,,,,,,,,,3945,0,201,4146,6102,http://www.ieechihuahua.org.mx/public/sistema/archivos/repositorio_actas/ACMA2018_051.pdf
8,CHIHUAHUA,52,OJINAGA,26,44,6636,2949,,90,75,67,217,992,39,,,,,,,,,,,,,,,,,11065,0,358,11423,22115,http://www.ieechihuahua.org.mx/public/sistema/archivos/repositorio_actas/ACMA2018_052.pdf
8,CHIHUAHUA,53,PRAXEDIS G. GUERRERO,9,11,874,896,,521,64,51,45,434,53,,,,,,,,,,,,,,,,,2938,1,163,3102,5733,http://www.ieechihuahua.org.mx/public/sistema/archivos/repositorio_actas/ACMA2018_053.pdf
8,CHIHUAHUA,54,RIVA PALACIO,9,16,724,887,,746,8,2,,38,1,,,,,,,,,,,,,,,,,2406,0,85,2491,7296,http://www.ieechihuahua.org.mx/public/sistema/archivos/repositorio_actas/ACMA2018_054.pdf
8,CHIHUAHUA,55,ROSALES,16,26,2257,2379,,139,315,82,125,2801,108,,,,,,,,,,117,,,,,,,8323,0,267,8590,13468,http://www.ieechihuahua.org.mx/public/sistema/archivos/repositorio_actas/ACMA2018_055.pdf
8,CHIHUAHUA,56,ROSARIO,4,4,855,841,,,1,,,8,0,,,,,,,,,,,,,,,,,1705,0,33,1738,2056,http://www.ieechihuahua.org.mx/public/sistema/archivos/repositorio_actas/ACMA2018_056.pdf
8,CHIHUAHUA,57,SAN FRANCISCO DE BORJA,7,7,767,752,,,16,8,,77,2,,,,,,,,,,,,,,,,,1622,0,57,1679,2282,http://www.ieechihuahua.org.mx/public/sistema/archivos/repositorio_actas/ACMA2018_057.pdf
8,CHIHUAHUA,58,SAN FRANCISCO DE CONCHOS,5,5,713,1068,,,3,11,,33,3,,,,,,,,,,,,,,,,,1831,0,72,1903,2570,http://www.ieechihuahua.org.mx/public/sistema/archivos/repositorio_actas/ACMA2018_058.pdf
8,CHIHUAHUA,59,SAN FRANCISCO DEL ORO,11,11,504,1073,1106,206,20,12,6,66,6,,,,,,,,,,,,,,,,,2999,0,114,3113,4232,http://www.ieechihuahua.org.mx/public/sistema/archivos/repositorio_actas/ACMA2018_059.pdf
8,CHIHUAHUA,60,SANTA BARBARA,20,22,679,1695,1399,39,229,990,240,325,106,,,,,,,,,,,,,,,,,5702,1,220,5923,8619,http://www.ieechihuahua.org.mx/public/sistema/archivos/repositorio_actas/ACMA2018_060.pdf
8,CHIHUAHUA,61,SATEVO,13,13,1143,178,,,83,13,,848,51,,,291,,,,,,,,,,,,,,2607,0,101,2708,4064,http://www.ieechihuahua.org.mx/public/sistema/archivos/repositorio_actas/ACMA2018_061.pdf
8,CHIHUAHUA,62,SAUCILLO,32,45,5522,3871,342,258,250,98,260,2874,98,,,,,,,,,,,,,,,,,13573,1,462,14036,24621,http://www.ieechihuahua.org.mx/public/sistema/archivos/repositorio_actas/ACMA2018_062.pdf
8,CHIHUAHUA,63,TEMOSACHIC,13,16,603,769,1294,,26,13,43,121,9,,,,,,,,,,,,,,,,,2878,1,239,3118,5273,http://www.ieechihuahua.org.mx/public/sistema/archivos/repositorio_actas/ACMA2018_063.pdf
8,CHIHUAHUA,64,EL TULE,6,6,1108,490,,,4,3,,21,0,,,,,,,,,,,,,,,,,1626,0,60,1686,2342,http://www.ieechihuahua.org.mx/public/sistema/archivos/repositorio_actas/ACMA2018_064.pdf
8,CHIHUAHUA,65,URIQUE,16,28,5011,2679,23,,53,45,,272,19,,,,,,,,,,,,,,,,,8102,1,591,8694,13326,http://www.ieechihuahua.org.mx/public/sistema/archivos/repositorio_actas/ACMA2018_065.pdf
8,CHIHUAHUA,66,URUACHI,11,15,1244,1235,,,53,48,,477,18,,,,,,,,,,,,,,,,,3075,0,223,3298,5227,http://www.ieechihuahua.org.mx/public/sistema/archivos/repositorio_actas/ACMA2018_066.pdf
8,CHIHUAHUA,67,VALLE DE ZARAGOZA,12,14,395,967,1196,,19,2,,77,1,,,,,,,,,,,,,,,,,2657,0,164,2821,4378,http://www.ieechihuahua.org.mx/public/sistema/archivos/repositorio_actas/ACMA2018_067.pdf
