﻿ID_ESTADO,NOMBRE_ESTADO,ID_MUNICIPIO,MUNICIPIO,SECCIONES,CASILLAS,PAN,PRI,PRD,PVEM,PT,MC,NA,MORENA,ES,PAN_MC,PT_MORENA_ES,CAND_IND9,CAND_IND10,CAND_IND11,CAND_IND12,CAND_IND13,CAND_IND14,CAND_IND15,CAND_IND16,CAND_IND17,CAND_IND18,CAND_IND19,CAND_IND20,CAND_IND21,CAND_IND22,CAND_IND23,CAND_IND24,NUM_VOTOS_VALIDOS,NUM_VOTOS_CAN_NREG,NUM_VOTOS_NULOS,TOTAL_VOTOS,LISTA_NOMINAL,RUTA_ACTA
8,CHIHUAHUA,1,AHUMADA,15,23,,1179,2164,1794,,,112,,,596,81,,,,,,,,,,,,,,,,,5926,10,283,6219,9268,http://www.ieechihuahua.org.mx/public/sistema/archivos/repositorio_actas/ACMA2018_001.pdf
8,CHIHUAHUA,2,ALDAMA,20,37,,941,2657,104,,,3799,,,1600,1437,,,,,,,,,,,,,,,,,10538,9,541,11088,19842,http://www.ieechihuahua.org.mx/public/sistema/archivos/repositorio_actas/ACMA2018_002.pdf
8,CHIHUAHUA,3,ALLENDE,15,18,,2083,,29,,,174,,,2090,437,,,,,,,,,,,,,,,,,4813,0,194,5007,7259,http://www.ieechihuahua.org.mx/public/sistema/archivos/repositorio_actas/ACMA2018_003.pdf
8,CHIHUAHUA,4,AQUILES SERDAN,3,19,,3105,354,113,,,89,,,1252,1016,,,,,,,,,,,,,,,,,5929,2,224,6155,11922,http://www.ieechihuahua.org.mx/public/sistema/archivos/repositorio_actas/ACMA2018_004.pdf
8,CHIHUAHUA,5,ASCENSION,21,34,,2985,91,81,,,35,,,3455,1867,,,,,,,,,,,,,,,,,8514,2,441,8957,17920,http://www.ieechihuahua.org.mx/public/sistema/archivos/repositorio_actas/ACMA2018_005.pdf
8,CHIHUAHUA,6,BACHINIVA,18,18,1397,837,75,,,142,,,,,942,,,,,,,,,,,,,,,,,3393,0,174,3567,5601,http://www.ieechihuahua.org.mx/public/sistema/archivos/repositorio_actas/ACMA2018_006.pdf
8,CHIHUAHUA,7,BALLEZA,14,24,,4989,,,,,,,,996,2263,,,,,,,,,,,,,,,,,8248,2,490,8740,13068,http://www.ieechihuahua.org.mx/public/sistema/archivos/repositorio_actas/ACMA2018_007.pdf
8,CHIHUAHUA,8,BATOPILAS,11,17,,1744,94,,,,,,,1314,,,,,,,,,,,,,,,,,,3152,0,529,3681,8191,http://www.ieechihuahua.org.mx/public/sistema/archivos/repositorio_actas/ACMA2018_008.pdf
8,CHIHUAHUA,9,BOCOYNA,22,42,1374,3672,53,45,,4876,161,,,,2345,,,,,,,,,,,,,,,,,12526,7,923,13456,20625,http://www.ieechihuahua.org.mx/public/sistema/archivos/repositorio_actas/ACMA2018_009.pdf
8,CHIHUAHUA,10,BUENAVENTURA,26,38,,3663,,,,,,,,3542,2332,,,,,,,,,,,,,,,,,9537,0,363,9900,18426,http://www.ieechihuahua.org.mx/public/sistema/archivos/repositorio_actas/JIN-228_2018.pdf
8,CHIHUAHUA,11,CAMARGO,40,72,,3420,,,,,624,,,14722,2478,,,,,,,,,,,,,,,,,21244,3,595,21842,37986,http://www.ieechihuahua.org.mx/public/sistema/archivos/repositorio_actas/ACMA2018_011.pdf
8,CHIHUAHUA,12,CARICHI,16,18,,2136,,,,,,,,2445,,,,,,,,,,,,,,,,,,4581,3,219,4803,7242,http://www.ieechihuahua.org.mx/public/sistema/archivos/repositorio_actas/ACMA2018_012.pdf
8,CHIHUAHUA,13,CASAS GRANDES,13,22,1702,404,1695,,,188,81,,,,684,,,,,866,,,,,,,,,,,,5620,1,333,5954,10251,http://www.ieechihuahua.org.mx/public/sistema/archivos/repositorio_actas/ACMA2018_013.pdf
8,CHIHUAHUA,14,CORONADO,7,8,,586,,,,,7,,,468,483,,,,,,,,,,,,,,,,,1544,0,47,1591,1906,http://www.ieechihuahua.org.mx/public/sistema/archivos/repositorio_actas/ACMA2018_014.pdf
8,CHIHUAHUA,15,COYAME DEL SOTOL,3,4,,764,,,,,,,,905,16,,,,,,,,,,,,,,,,,1685,0,34,1719,2275,http://www.ieechihuahua.org.mx/public/sistema/archivos/repositorio_actas/ACMA2018_015.pdf
8,CHIHUAHUA,16,LA CRUZ,5,8,,399,11,,13,,1300,31,,576,,,,,,,,,,,,,,,,,,2330,1,75,2406,3458,http://www.ieechihuahua.org.mx/public/sistema/archivos/repositorio_actas/ACMA2018_016.pdf
8,CHIHUAHUA,17,CUAUHTEMOC,111,229,,7021,644,1003,,,1596,,,21539,27919,,,,,,,,,,,,,,,,,59722,27,2182,61931,127190,http://www.ieechihuahua.org.mx/public/sistema/archivos/repositorio_actas/ACMA2018_017.pdf
8,CHIHUAHUA,18,CUSIHUIRIACHI,13,14,,1377,,,,,,,,1012,582,,,,,,,,,,,,,,,,,2971,1,136,3108,5302,http://www.ieechihuahua.org.mx/public/sistema/archivos/repositorio_actas/ACMA2018_018.pdf
8,CHIHUAHUA,19,CHIHUAHUA,647,1243,,51031,3921,10155,,,7615,,,203613,108119,,,,,,,,,,,,,,,,,384454,269,11615,396338,679181,http://www.ieechihuahua.org.mx/public/sistema/archivos/repositorio_actas/JIN-250_2018.pdf
8,CHIHUAHUA,20,CHINIPAS,8,16,,1769,41,,,,,,,190,1156,,,,,,,,,,,,,,,,,3156,0,173,3329,5049,http://www.ieechihuahua.org.mx/public/sistema/archivos/repositorio_actas/ACMA2018_020.pdf
8,CHIHUAHUA,21,DELICIAS,109,206,,11472,1063,774,,,1448,,,21057,14915,,,,,,,,,,,,,,,10624,,61353,52,1822,63227,112975,http://www.ieechihuahua.org.mx/public/sistema/archivos/repositorio_actas/ACMA2018_021.pdf
8,CHIHUAHUA,22,DR. BELISARIO DOMINGUEZ,8,8,,970,,,,,60,,,525,109,,,,,,,,,,,,,,,,,1664,0,74,1738,3021,http://www.ieechihuahua.org.mx/public/sistema/archivos/repositorio_actas/ACMA2018_022.pdf
8,CHIHUAHUA,23,GALEANA,3,8,,720,,,,,,,,1797,139,,,,,,,,,,,,,,,,,2656,0,104,2760,4365,http://www.ieechihuahua.org.mx/public/sistema/archivos/repositorio_actas/ACMA2018_023.pdf
8,CHIHUAHUA,24,SANTA ISABEL,7,9,,876,4,,,,,,,1625,97,,,,,,,,,64,,,,,,,,2666,2,113,2781,4243,http://www.ieechihuahua.org.mx/public/sistema/archivos/repositorio_actas/ACMA2018_024.pdf
8,CHIHUAHUA,25,GOMEZ FARIAS,15,16,,1027,34,505,,,,,,550,1518,,,,,,,,,,,,,,,,,3634,0,234,3868,7268,http://www.ieechihuahua.org.mx/public/sistema/archivos/repositorio_actas/ACMA2018_025.pdf
8,CHIHUAHUA,26,GRAN MORELOS,13,13,,593,12,639,,,,,,541,84,,,,,,,,,,,,,,,,,1869,0,109,1978,3186,http://www.ieechihuahua.org.mx/public/sistema/archivos/repositorio_actas/ACMA2018_026.pdf
8,CHIHUAHUA,27,GUACHOCHI,43,72,,7606,177,2806,,,,,,6179,1231,,,,,,,,,,,,439,,,,,18438,4,2722,21164,35538,http://www.ieechihuahua.org.mx/public/sistema/archivos/repositorio_actas/ACMA2018_027.pdf
8,CHIHUAHUA,28,GUADALUPE,8,12,,1194,30,,,,26,,,791,215,,236,,,,,,,,,,,,,,,2492,0,107,2599,4797,http://www.ieechihuahua.org.mx/public/sistema/archivos/repositorio_actas/ACMA2018_028.pdf
8,CHIHUAHUA,29,GUADALUPE Y CALVO,31,61,,7538,,,,,,,,2140,5395,,,,,,,,,,,,,,,,,15073,4,1041,16118,30294,http://www.ieechihuahua.org.mx/public/sistema/archivos/repositorio_actas/ACMA2018_029.pdf
8,CHIHUAHUA,30,GUAZAPARES,14,18,,1922,,,,,,,,2052,209,,,,,,,,,,,,,,,,,4183,1,293,4477,6764,http://www.ieechihuahua.org.mx/public/sistema/archivos/repositorio_actas/ACMA2018_030.pdf
8,CHIHUAHUA,31,GUERRERO,67,82,,5163,259,155,,,363,,,3692,6093,,,,,,,,,,,,,,,,,15725,4,945,16674,30445,http://www.ieechihuahua.org.mx/public/sistema/archivos/repositorio_actas/ACMA2018_031.pdf
8,CHIHUAHUA,32,HIDALGO DEL PARRAL,87,160,,8753,,1510,,,,,,,3582,,,,,,,,,,,,,34252,,,,48097,13,1973,50083,85682,http://www.ieechihuahua.org.mx/public/sistema/archivos/repositorio_actas/ACMA2018_032.pdf
8,CHIHUAHUA,33,HUEJOTITAN,2,3,,640,,,,,,7,,581,,,,,,,,,,,,,,,,,,1228,0,17,1245,1507,http://www.ieechihuahua.org.mx/public/sistema/archivos/repositorio_actas/ACMA2018_033.pdf
8,CHIHUAHUA,34,IGNACIO ZARAGOZA,13,15,1118,805,43,,,1166,,,,,,,,,,,,,,,,,,,,,,3132,0,118,3250,5994,http://www.ieechihuahua.org.mx/public/sistema/archivos/repositorio_actas/ACMA2018_034.pdf
8,CHIHUAHUA,35,JANOS,12,18,,577,771,,,,,,,1382,221,,,,,,,,654,,,,,,,,,3605,0,241,3846,7582,http://www.ieechihuahua.org.mx/public/sistema/archivos/repositorio_actas/ACMA2018_035.pdf
8,CHIHUAHUA,36,JIMENEZ,36,59,,4724,140,552,,,7234,,,2713,1605,,,,,,,,,,,,,,,,,16968,6,777,17751,29905,http://www.ieechihuahua.org.mx/public/sistema/archivos/repositorio_actas/ACMA2018_036.pdf
8,CHIHUAHUA,37,JUAREZ,1175,1992,,45201,5122,12880,,,8715,,,68648,175756,176245,,,,,,,,,,,,,,,,492567,275,18982,511824,1069315,http://www.ieechihuahua.org.mx/public/sistema/archivos/repositorio_actas/SG_JDC_3983-2018.pdf
8,CHIHUAHUA,38,JULIMES,6,9,,668,24,,,,,,,922,632,,,,759,,,,,,,,,,,,,3005,0,129,3134,4773,http://www.ieechihuahua.org.mx/public/sistema/archivos/repositorio_actas/ACMA2018_038.pdf
8,CHIHUAHUA,39,LOPEZ,7,9,,844,646,,,,401,,,,585,,,,,,,,,,,,,,,,,2476,0,85,2561,3473,http://www.ieechihuahua.org.mx/public/sistema/archivos/repositorio_actas/ACMA2018_039.pdf
8,CHIHUAHUA,40,MADERA,46,58,,1357,,,,,1391,,,6096,1518,,,,,,,,,,,,,,,,,10362,2,573,10937,22130,http://www.ieechihuahua.org.mx/public/sistema/archivos/repositorio_actas/ACMA2018_040.pdf
8,CHIHUAHUA,41,MAGUARICHI,5,5,,609,45,,,,,,,65,33,,,,,,,,,,,,,,,,,752,0,70,822,1268,http://www.ieechihuahua.org.mx/public/sistema/archivos/repositorio_actas/ACMA2018_041.pdf
8,CHIHUAHUA,42,MANUEL BENAVIDES,5,5,,666,332,,,,,,,23,376,,,,,,,,,,,,,,,,,1397,0,44,1441,1931,http://www.ieechihuahua.org.mx/public/sistema/archivos/repositorio_actas/ACMA2018_042.pdf
8,CHIHUAHUA,43,MATACHI,7,8,,576,,,,,198,,,332,544,,,,,,,,,,,,,,,,,1650,0,67,1717,2624,http://www.ieechihuahua.org.mx/public/sistema/archivos/repositorio_actas/ACMA2018_043.pdf
8,CHIHUAHUA,44,MATAMOROS,8,10,,911,,,,,24,,,1042,64,,,,,,,,,,,,,,674,,,2715,0,121,2836,3972,http://www.ieechihuahua.org.mx/public/sistema/archivos/repositorio_actas/ACMA2018_044.pdf
8,CHIHUAHUA,45,MEOQUI,35,64,,2155,783,444,,,1826,,,5924,4731,,,,,,,,,,,1077,,,,,,16940,78,635,17653,34632,http://www.ieechihuahua.org.mx/public/sistema/archivos/repositorio_actas/ACMA2018_045.pdf
8,CHIHUAHUA,46,MORELOS,8,12,,1537,,,,,,,,1828,316,,,,,,,,,,,,,,,,,3681,0,195,3876,5402,http://www.ieechihuahua.org.mx/public/sistema/archivos/repositorio_actas/ACMA2018_046.pdf
8,CHIHUAHUA,47,MORIS,8,11,,1117,,,,,,,,1213,132,,,,,,,,,,,,,,,,,2462,0,91,2553,3953,http://www.ieechihuahua.org.mx/public/sistema/archivos/repositorio_actas/ACMA2018_047.pdf
8,CHIHUAHUA,48,NAMIQUIPA,44,52,,3067,,157,,,,,,2998,2679,,,,,,,,,,,,,,,,,8901,1,433,9335,19627,http://www.ieechihuahua.org.mx/public/sistema/archivos/repositorio_actas/ACMA2018_048.pdf
8,CHIHUAHUA,49,NONOAVA,4,6,1206,931,,,,,,,,,32,,,,,,,,,,,,,,,,,2169,0,52,2221,2605,http://www.ieechihuahua.org.mx/public/sistema/archivos/repositorio_actas/ACMA2018_049.pdf
8,CHIHUAHUA,50,NUEVO CASAS GRANDES,64,92,,2701,5921,315,,,427,,,4502,5354,,,,,,444,825,,,,,,,,,3324,23813,6,971,24790,48323,http://www.ieechihuahua.org.mx/public/sistema/archivos/repositorio_actas/JIN-194_2018.pdf
8,CHIHUAHUA,51,OCAMPO,14,17,,2254,16,,,,,,,1479,196,,,,,,,,,,,,,,,,,3945,0,201,4146,6102,http://www.ieechihuahua.org.mx/public/sistema/archivos/repositorio_actas/ACMA2018_051.pdf
8,CHIHUAHUA,52,OJINAGA,26,44,,2949,,90,,,217,,,6703,1106,,,,,,,,,,,,,,,,,11065,0,358,11423,22115,http://www.ieechihuahua.org.mx/public/sistema/archivos/repositorio_actas/ACMA2018_052.pdf
8,CHIHUAHUA,53,PRAXEDIS G. GUERRERO,9,11,,896,,521,,,45,,,925,551,,,,,,,,,,,,,,,,,2938,1,163,3102,5733,http://www.ieechihuahua.org.mx/public/sistema/archivos/repositorio_actas/ACMA2018_053.pdf
8,CHIHUAHUA,54,RIVA PALACIO,9,16,,887,,746,,,,,,726,47,,,,,,,,,,,,,,,,,2406,0,85,2491,7296,http://www.ieechihuahua.org.mx/public/sistema/archivos/repositorio_actas/ACMA2018_054.pdf
8,CHIHUAHUA,55,ROSALES,16,26,,2379,,139,,,125,,,2339,3224,,,,,,,,,,117,,,,,,,8323,0,267,8590,13468,http://www.ieechihuahua.org.mx/public/sistema/archivos/repositorio_actas/ACMA2018_055.pdf
8,CHIHUAHUA,56,ROSARIO,4,4,855,841,,,,,,,,,9,,,,,,,,,,,,,,,,,1705,0,33,1738,2056,http://www.ieechihuahua.org.mx/public/sistema/archivos/repositorio_actas/ACMA2018_056.pdf
8,CHIHUAHUA,57,SAN FRANCISCO DE BORJA,7,7,,752,,,,,,,,775,95,,,,,,,,,,,,,,,,,1622,0,57,1679,2282,http://www.ieechihuahua.org.mx/public/sistema/archivos/repositorio_actas/ACMA2018_057.pdf
8,CHIHUAHUA,58,SAN FRANCISCO DE CONCHOS,5,5,,1068,,,,,,,,724,39,,,,,,,,,,,,,,,,,1831,0,72,1903,2570,http://www.ieechihuahua.org.mx/public/sistema/archivos/repositorio_actas/ACMA2018_058.pdf
8,CHIHUAHUA,59,SAN FRANCISCO DEL ORO,11,11,,1073,1106,206,,,6,,,516,92,,,,,,,,,,,,,,,,,2999,0,114,3113,4232,http://www.ieechihuahua.org.mx/public/sistema/archivos/repositorio_actas/ACMA2018_059.pdf
8,CHIHUAHUA,60,SANTA BARBARA,20,22,,1695,1399,39,229,,240,325,106,1669,,,,,,,,,,,,,,,,,,5702,1,220,5923,8619,http://www.ieechihuahua.org.mx/public/sistema/archivos/repositorio_actas/ACMA2018_060.pdf
8,CHIHUAHUA,61,SATEVO,13,13,,178,,,,,,,,1156,982,,,291,,,,,,,,,,,,,,2607,0,101,2708,4064,http://www.ieechihuahua.org.mx/public/sistema/archivos/repositorio_actas/ACMA2018_061.pdf
8,CHIHUAHUA,62,SAUCILLO,32,45,,3871,342,258,,,260,,,5620,3222,,,,,,,,,,,,,,,,,13573,1,462,14036,24621,http://www.ieechihuahua.org.mx/public/sistema/archivos/repositorio_actas/ACMA2018_062.pdf
8,CHIHUAHUA,63,TEMOSACHIC,13,16,,769,1294,,,,43,,,616,156,,,,,,,,,,,,,,,,,2878,1,239,3118,5273,http://www.ieechihuahua.org.mx/public/sistema/archivos/repositorio_actas/ACMA2018_063.pdf
8,CHIHUAHUA,64,EL TULE,6,6,,490,,,,,,,,1111,25,,,,,,,,,,,,,,,,,1626,0,60,1686,2342,http://www.ieechihuahua.org.mx/public/sistema/archivos/repositorio_actas/ACMA2018_064.pdf
8,CHIHUAHUA,65,URIQUE,16,28,,2679,23,,,,,,,5056,344,,,,,,,,,,,,,,,,,8102,1,591,8694,13326,http://www.ieechihuahua.org.mx/public/sistema/archivos/repositorio_actas/ACMA2018_065.pdf
8,CHIHUAHUA,66,URUACHI,11,15,,1235,,,,,,,,1292,548,,,,,,,,,,,,,,,,,3075,0,223,3298,5227,http://www.ieechihuahua.org.mx/public/sistema/archivos/repositorio_actas/ACMA2018_066.pdf
8,CHIHUAHUA,67,VALLE DE ZARAGOZA,12,14,,967,1196,,,,,,,397,97,,,,,,,,,,,,,,,,,2657,0,164,2821,4378,http://www.ieechihuahua.org.mx/public/sistema/archivos/repositorio_actas/ACMA2018_067.pdf
