﻿ID_ESTADO,NOMBRE_ESTADO,ID_DISTRITO_LOCAL,CABECERA_DISTRITAL_LOCAL,SECCIONES,CASILLAS,PAN,PRI,PRD,PT,PVEM,MC,NA,MORENA,ES,VR,CAND_IND1,NUM_VOTOS_VALIDOS,NUM_VOTOS_CAN_NREG,NUM_VOTOS_NULOS,TOTAL_VOTOS,LISTA_NOMINAL,RUTA_ACTA
15,MEXICO,1,CHALCO DE DIAZ COVARRUBIAS 1,82,389,11895,28899,9270,5017,4183,8738,4244,78016,6427,3420,,160109,175,5280,165564,260453,http://www.ieem.org.mx/proceso2018/actas/distrital/ACDM2018_D01.pdf
15,MEXICO,2,TOLUCA DE LERDO,106,374,33592,36572,6130,5246,4772,3314,3219,63301,4454,4515,,165115,620,5284,171019,241049,http://www.ieem.org.mx/proceso2018/actas/distrital/ACDM2018_D02.pdf
15,MEXICO,3,CHIMALHUACAN,91,382,6801,57371,7390,3967,2301,1713,2226,61670,3303,1699,,148441,61,4351,152853,251806,http://www.ieem.org.mx/proceso2018/actas/distrital/ACDM2018_D03.pdf
15,MEXICO,4,LERMA DE VILLADA,118,421,25102,50441,5816,4281,15354,3396,3645,67188,3405,4496,,183124,75,5527,188726,262595,http://www.ieem.org.mx/proceso2018/actas/distrital/ACDM2018_D04.pdf
15,MEXICO,5,CHICOLOAPAN DE JUAREZ,110,405,8218,47545,9392,4099,4497,2255,2829,67492,4097,2744,,153168,98,5310,158576,263181,http://www.ieem.org.mx/proceso2018/actas/distrital/ACDM2018_D05.pdf
15,MEXICO,6,ECATEPEC DE MORELOS,106,349,13862,23884,7432,4177,5102,2497,2632,69188,4131,3089,,135994,81,4000,140075,222082,http://www.ieem.org.mx/proceso2018/actas/distrital/ACDM2018_D06.pdf
15,MEXICO,7,TENANCINGO DE DEGOLLADO,137,429,23044,40908,11858,10142,9246,2763,5375,66285,3177,6585,,179383,137,6723,186243,262331,http://www.ieem.org.mx/proceso2018/actas/distrital/ACDM2018_D07.pdf
15,MEXICO,8,ECATEPEC DE MORELOS,150,389,17861,28352,7796,4122,5459,2708,4290,76533,4422,2790,,154333,90,4850,159273,232046,http://www.ieem.org.mx/proceso2018/actas/distrital/ACDM2018_D08.pdf
15,MEXICO,9,TEJUPILCO DE HIDALGO,252,529,17930,57494,30724,7316,4715,2304,5826,50779,2149,3404,,182641,90,8533,191264,272227,http://www.ieem.org.mx/proceso2018/actas/distrital/ACDM2018_D09.pdf
15,MEXICO,10,VALLE DE BRAVO,176,456,17552,59765,22685,5617,9866,1790,4358,47957,2169,9323,,181082,74,8123,189279,252414,http://www.ieem.org.mx/proceso2018/actas/distrital/ACDM2018_D10.pdf
15,MEXICO,11,TULTITLAN DE MARIANO ESCOBEDO,125,399,17676,23749,10978,4265,4981,5415,6845,75339,4515,5101,,158864,123,4918,163905,247313,http://www.ieem.org.mx/proceso2018/actas/distrital/ACDM2018_D11.pdf
15,MEXICO,12,TEOLOYUCAN,103,398,23971,30879,4286,3792,8854,10497,5002,76280,5092,4043,,172696,75,5195,177966,260134,http://www.ieem.org.mx/proceso2018/actas/distrital/ACDM2018_D12.pdf
15,MEXICO,13,ATLACOMULCO DE FABELA,162,465,26367,46591,3738,5543,11832,2766,10206,59120,3625,3634,,173422,56,7697,181175,260074,http://www.ieem.org.mx/proceso2018/actas/distrital/ACDM2018_D13.pdf
15,MEXICO,14,JILOTEPEC DE ANDRES MOLINA ENRIQUEZ,178,465,29889,50459,4619,3676,15436,6647,15827,49577,2958,2042,,181130,47,7260,188437,252956,http://www.ieem.org.mx/proceso2018/actas/distrital/ACDM2018_D14.pdf
15,MEXICO,15,IXTLAHUACA DE RAYON,121,411,17967,46403,3723,12504,7116,6289,4450,58727,3933,3398,,164510,94,7625,172229,248081,http://www.ieem.org.mx/proceso2018/actas/distrital/ACDM2018_D15.pdf
15,MEXICO,16,CIUDAD ADOLFO LOPEZ MATEOS,108,401,36939,22512,3697,4237,16251,2755,3913,67434,4331,4244,,166313,165,5121,171599,261776,http://www.ieem.org.mx/proceso2018/actas/distrital/ACDM2018_D16.pdf
15,MEXICO,17,HUIXQUILUCAN DE DEGOLLADO,105,390,62628,38209,6237,5009,7304,4586,3083,45815,3067,3264,,179202,50,5539,184791,252171,http://www.ieem.org.mx/proceso2018/actas/distrital/ACDM2018_D17.pdf
15,MEXICO,18,TLALNEPANTLA DE BAZ,215,504,58749,34944,4438,4060,6581,3782,3416,76448,4650,5885,,202953,130,5699,208782,292444,http://www.ieem.org.mx/proceso2018/actas/distrital/ACDM2018_D18.pdf
15,MEXICO,19,SANTA MARIA TULTEPEC 2,87,402,17597,29686,20753,4229,4456,3894,6088,79979,4394,3965,,175041,141,4796,179978,266860,http://www.ieem.org.mx/proceso2018/actas/distrital/ACDM2018_D19.pdf
15,MEXICO,20,ZUMPANGO DE OCAMPO,138,488,27671,39879,5251,4221,7159,5453,14520,75921,4240,6061,,190376,124,6580,197080,314021,http://www.ieem.org.mx/proceso2018/actas/distrital/ACDM2018_D20.pdf
15,MEXICO,21,ECATEPEC DE MORELOS,137,399,13806,26373,14072,4275,8806,2386,3199,73499,3922,2400,,152738,88,4723,157549,245660,http://www.ieem.org.mx/proceso2018/actas/distrital/ACDM2018_D21.pdf
15,MEXICO,22,ECATEPEC DE MORELOS,159,386,13644,28680,7072,4376,4526,2289,3356,73004,4295,2245,,143487,72,4570,148129,227649,http://www.ieem.org.mx/proceso2018/actas/distrital/ACDM2018_D22.pdf
15,MEXICO,23,TEXCOCO DE MORA,110,447,12577,37591,5575,4653,15413,3279,5361,91588,4106,5350,,185493,88,6089,191670,287754,http://www.ieem.org.mx/proceso2018/actas/distrital/ACDM2018_D23.pdf
15,MEXICO,24,CD. NEZAHUALCOYOTL 3,214,480,15438,24906,39400,4161,4817,2872,2986,80914,4073,2334,,181901,111,5386,187398,278996,http://www.ieem.org.mx/proceso2018/actas/distrital/CD24_NEZAHUALCOYOTL_JI_31_2018.pdf
15,MEXICO,25,CD. NEZAHUALCOYOTL,244,523,11727,25440,52517,4277,5415,2820,3115,79266,3633,2148,,190358,99,5659,196116,296172,http://www.ieem.org.mx/proceso2018/actas/distrital/ACDM2018_D25.pdf
15,MEXICO,26,CUAUTITLAN IZCALLI,172,447,33844,30348,4234,4433,5818,3152,4551,78569,4334,5706,,174989,127,5132,180248,265297,http://www.ieem.org.mx/proceso2018/actas/distrital/ACDM2018_D26.pdf
15,MEXICO,27,VALLE DE CHALCO SOLIDARIDAD,114,404,7341,22037,27508,5037,6808,3076,2189,78767,4286,2620,,159669,150,5880,165699,262331,http://www.ieem.org.mx/proceso2018/actas/distrital/ACDM2018_D27.pdf
15,MEXICO,28,AMECAMECA DE JUAREZ,170,424,10233,48793,7845,3796,8039,5506,3735,72747,4080,6315,,171089,120,6114,177323,256458,http://www.ieem.org.mx/proceso2018/actas/distrital/ACDM2018_D28.pdf
15,MEXICO,29,NAUCALPAN DE JUAREZ 4,185,476,79947,27485,3547,3226,11132,2522,3109,54011,4345,3865,,193189,143,4872,198204,279938,http://www.ieem.org.mx/proceso2018/actas/distrital/CD29_NAUCALPAN_JI_13_2018.pdf
15,MEXICO,30,NAUCALPAN DE JUAREZ,189,454,34676,30220,4104,4685,5235,2754,2949,67954,4673,2556,,159806,92,5240,165138,266941,http://www.ieem.org.mx/proceso2018/actas/distrital/ACDM2018_D30.pdf
15,MEXICO,31,LOS REYES ACAQUILPAN,113,409,8288,45231,13695,5051,5946,2386,2443,70061,4265,2353,,159719,79,5510,165308,260012,http://www.ieem.org.mx/proceso2018/actas/distrital/ACDM2018_D31.pdf
15,MEXICO,32,NAUCALPAN DE JUAREZ,139,445,38632,31027,4081,4714,4459,2644,2721,71191,4730,3165,,167364,148,5652,173164,274625,http://www.ieem.org.mx/proceso2018/actas/distrital/ACDM2018_D32.pdf
15,MEXICO,33,TECAMAC DE FELIPE VILLANUEVA,157,504,21201,63401,4364,6629,3754,2873,6371,97270,5275,3210,,214348,183,5775,220306,322728,http://www.ieem.org.mx/proceso2018/actas/distrital/ACDM2018_D33.pdf
15,MEXICO,34,TOLUCA DE LERDO,152,447,42709,42752,7257,5505,5691,3766,3794,71234,4965,5559,,193232,107,6407,199746,273938,http://www.ieem.org.mx/proceso2018/actas/distrital/ACDM2018_D34.pdf
15,MEXICO,35,METEPEC,113,402,38069,44658,3578,9162,6936,3283,5154,67873,3712,4979,,187404,83,5208,192695,260542,http://www.ieem.org.mx/proceso2018/actas/distrital/ACDM2018_D35.pdf
15,MEXICO,36,SAN MIGUEL ZINACANTEPEC,91,384,31426,36554,5079,6863,7446,2706,3570,63481,3824,2863,5907,169719,689,5784,176192,253276,http://www.ieem.org.mx/proceso2018/actas/distrital/ACDM2018_D36.pdf
15,MEXICO,37,TLALNEPANTLA DE BAZ 5,113,394,15285,28097,6609,5471,4646,2518,3316,76051,4458,4514,,150965,68,5408,156441,254006,http://www.ieem.org.mx/proceso2018/actas/distrital/CD37_TLALNEPANTLA_JDCL_452_2018.pdf
15,MEXICO,38,COACALCO DE BERRIOZABAL,134,424,24858,28788,10475,4156,6017,3377,4842,85385,4327,5474,,177699,157,6795,184651,268588,http://www.ieem.org.mx/proceso2018/actas/distrital/ACDM2018_D38.pdf
15,MEXICO,39,ACOLMAN DE NEZAHUALCOYOTL,146,444,23627,49702,7162,7374,7394,2559,3846,79201,3770,6195,,190830,133,5608,196571,272235,http://www.ieem.org.mx/proceso2018/actas/distrital/ACDM2018_D39.pdf
15,MEXICO,40,IXTAPALUCA 6,159,430,10760,52621,8117,4295,3533,2594,1985,71883,3752,3158,,162698,92,5300,168090,258523,http://www.ieem.org.mx/proceso2018/actas/distrital/CD40_IXTAPALUCA_JI_32_2018.pdf
15,MEXICO,41,CD. NEZAHUALCOYOTL,222,508,9334,25182,52334,4076,4914,2546,2763,74723,3700,1848,,181420,82,5634,187136,290097,http://www.ieem.org.mx/proceso2018/actas/distrital/ACDM2018_D41.pdf
15,MEXICO,42,ECATEPEC DE MORELOS,159,378,13402,32621,6234,4139,4735,2139,3004,70475,4200,2183,,143132,89,4234,147455,218333,http://www.ieem.org.mx/proceso2018/actas/distrital/ACDM2018_D42.pdf
15,MEXICO,43,CUAUTITLAN IZCALLI,172,432,42995,24305,3395,4101,7503,3941,5767,76014,4419,5913,,178353,116,4713,183182,261609,http://www.ieem.org.mx/proceso2018/actas/distrital/ACDM2018_D43.pdf
15,MEXICO,44,NICOLAS ROMERO,100,430,37477,32920,4980,5481,5679,3123,4998,77584,4426,4016,,180684,171,5607,186462,284282,http://www.ieem.org.mx/proceso2018/actas/distrital/ACDM2018_D44.pdf
15,MEXICO,45,ALMOLOYA DE JUAREZ,107,381,19047,31484,6224,9212,8233,5202,9374,56922,3790,4399,,153887,28,6718,160633,236180,http://www.ieem.org.mx/proceso2018/actas/distrital/ACDM2018_D45.pdf
