﻿CIRCUNSCRIPCION,ID_ESTADO,NOMBRE_ESTADO,ID_DISTRITO_LOCAL,CABECERA_DISTRITAL_LOCAL,ID_MUNICIPIO,MUNICIPIO,SECCION,TIPO_CASILLA,ID_CASILLA,EXT_CONTIGUA,CASILLA,PAN,PRI,PRD,PVEM,PT,MC,NA,MORENA,ES,PAN_PRD_MC,PAN_PRD,PAN_MC,PRD_MC,PT_MORENA_ES,PT_MORENA,PT_ES,MORENA_ES,CAND_IND47,CAND_IND48,CAND_IND49,CAND_IND50,CAND_IND51,CAND_IND52,CAND_IND53,CAND_IND54,CAND_IND55,CAND_IND56,CAND_IND57,CAND_IND58,CAND_IND59,CAND_IND60,CAND_IND61,CAND_IND62,CAND_IND63,CAND_IND64,CAND_IND65,NUM_VOTOS_VALIDOS,NUM_VOTOS_CAN_NREG,NUM_VOTOS_NULOS,TOTAL_VOTOS,LISTA_NOMINAL,ESTATUS_ACTA,TRIBUNAL,OBSERVACIONES,RUTA_ACTA
1,14,JALISCO,0,VOTO EN EL EXTRANJERO,0,VOTO EN EL EXTRANJERO,0,MEC,1,0,MEC01,81,25,5,7,14,87,3,177,4,,,,,,,,,,,,,,,,,,,,,,,,,,,,403,5,10,418,0,Mesa de escrutinio y computo,,,
1,14,JALISCO,0,VOTO EN EL EXTRANJERO,0,VOTO EN EL EXTRANJERO,0,MEC,2,0,MEC02,73,22,6,4,7,87,6,151,5,,,,,,,,,,,,,,,,,,,,,,,,,,,,361,5,17,383,0,Mesa de escrutinio y computo,,,
1,14,JALISCO,0,VOTO EN EL EXTRANJERO,0,VOTO EN EL EXTRANJERO,0,MEC,3,0,MEC03,78,22,8,5,7,80,4,170,2,,,,,,,,,,,,,,,,,,,,,,,,,,,,376,7,18,401,0,Mesa de escrutinio y computo,,,
1,14,JALISCO,0,VOTO EN EL EXTRANJERO,0,VOTO EN EL EXTRANJERO,0,MEC,4,0,MEC04,69,14,8,8,7,67,4,156,3,,,,,,,,,,,,,,,,,,,,,,,,,,,,336,8,15,359,0,Mesa de escrutinio y computo,,,
1,14,JALISCO,0,VOTO EN EL EXTRANJERO,0,VOTO EN EL EXTRANJERO,0,MEC,5,0,MEC05,86,21,7,9,9,75,5,140,5,,,,,,,,,,,,,,,,,,,,,,,,,,,,357,5,14,376,0,Mesa de escrutinio y computo,,,
1,14,JALISCO,0,VOTO EN EL EXTRANJERO,0,VOTO EN EL EXTRANJERO,0,MEC,6,0,MEC06,85,18,4,2,18,77,2,178,5,,,,,,,,,,,,,,,,,,,,,,,,,,,,389,4,14,407,0,Mesa de escrutinio y computo,,,
1,14,JALISCO,0,VOTO EN EL EXTRANJERO,0,VOTO EN EL EXTRANJERO,0,MEC,7,0,MEC07,81,19,5,7,18,71,3,150,3,,,,,,,,,,,,,,,,,,,,,,,,,,,,357,3,15,375,0,Mesa de escrutinio y computo,,,
1,14,JALISCO,0,VOTO EN EL EXTRANJERO,0,VOTO EN EL EXTRANJERO,0,MEC,8,0,MEC08,92,22,5,2,6,77,1,129,2,,,,,,,,,,,,,,,,,,,,,,,,,,,,336,4,56,396,0,Mesa de escrutinio y computo,,,
1,14,JALISCO,0,VOTO EN EL EXTRANJERO,0,VOTO EN EL EXTRANJERO,0,MEC,9,0,MEC09,87,22,4,8,12,78,0,153,3,,,,,,,,,,,,,,,,,,,,,,,,,,,,367,3,15,385,0,Mesa de escrutinio y computo,,,
1,14,JALISCO,0,VOTO EN EL EXTRANJERO,0,VOTO EN EL EXTRANJERO,0,MEC,10,0,MEC10,72,17,6,6,6,76,6,148,6,,,,,,,,,,,,,,,,,,,,,,,,,,,,343,2,18,363,0,Mesa de escrutinio y computo,,,
1,14,JALISCO,0,VOTO EN EL EXTRANJERO,0,VOTO EN EL EXTRANJERO,0,MEC,11,0,MEC11,77,16,5,3,14,89,2,157,2,,,,,,,,,,,,,,,,,,,,,,,,,,,,365,3,12,380,0,Mesa de escrutinio y computo,,,
1,14,JALISCO,0,VOTO EN EL EXTRANJERO,0,VOTO EN EL EXTRANJERO,0,MEC,12,0,MEC12,83,24,7,10,11,87,2,144,0,,,,,,,,,,,,,,,,,,,,,,,,,,,,368,4,12,384,0,Mesa de escrutinio y computo,,,
1,14,JALISCO,0,VOTO EN EL EXTRANJERO,0,VOTO EN EL EXTRANJERO,0,MEC,13,0,MEC13,72,14,6,8,6,74,2,167,7,,,,,,,,,,,,,,,,,,,,,,,,,,,,356,6,14,376,0,Mesa de escrutinio y computo,,,
1,14,JALISCO,0,VOTO EN EL EXTRANJERO,0,VOTO EN EL EXTRANJERO,0,MEC,14,0,MEC14,72,19,4,7,5,93,1,172,4,,,,,,,,,,,,,,,,,,,,,,,,,,,,377,4,15,396,0,Mesa de escrutinio y computo,,,
1,14,JALISCO,0,VOTO EN EL EXTRANJERO,0,VOTO EN EL EXTRANJERO,0,MEC,15,0,MEC15,84,21,10,2,7,80,4,165,3,,,,,,,,,,,,,,,,,,,,,,,,,,,,376,0,14,390,0,Mesa de escrutinio y computo,,,
1,14,JALISCO,0,VOTO EN EL EXTRANJERO,0,VOTO EN EL EXTRANJERO,0,MEC,16,0,MEC16,85,17,4,6,7,83,4,139,4,,,,,,,,,,,,,,,,,,,,,,,,,,,,349,5,12,366,0,Mesa de escrutinio y computo,,,
1,14,JALISCO,0,VOTO EN EL EXTRANJERO,0,VOTO EN EL EXTRANJERO,0,MEC,17,0,MEC17,86,18,5,8,10,72,8,161,4,,,,,,,,,,,,,,,,,,,,,,,,,,,,372,7,9,388,0,Mesa de escrutinio y computo,,,
1,14,JALISCO,0,VOTO EN EL EXTRANJERO,0,VOTO EN EL EXTRANJERO,0,MEC,18,0,MEC18,58,29,6,6,16,60,5,178,6,,,,,,,,,,,,,,,,,,,,,,,,,,,,364,1,19,384,0,Mesa de escrutinio y computo,,,
1,14,JALISCO,0,VOTO EN EL EXTRANJERO,0,VOTO EN EL EXTRANJERO,0,MEC,19,0,MEC19,69,19,4,5,12,95,2,155,2,,,,,,,,,,,,,,,,,,,,,,,,,,,,363,2,22,387,0,Mesa de escrutinio y computo,,,
1,14,JALISCO,0,VOTO EN EL EXTRANJERO,0,VOTO EN EL EXTRANJERO,0,MEC,20,0,MEC20,66,25,4,3,82,82,3,149,1,,,,,,,,,,,,,,,,,,,,,,,,,,,,415,0,14,429,0,Mesa de escrutinio y computo,,,
1,14,JALISCO,0,VOTO EN EL EXTRANJERO,0,VOTO EN EL EXTRANJERO,0,MEC,21,0,MEC21,83,19,6,7,10,81,4,171,2,,,,,,,,,,,,,,,,,,,,,,,,,,,,383,1,18,402,0,Mesa de escrutinio y computo,,,
1,14,JALISCO,0,VOTO EN EL EXTRANJERO,0,VOTO EN EL EXTRANJERO,0,MEC,22,0,MEC22,84,22,2,12,16,82,8,177,3,,,,,,,,,,,,,,,,,,,,,,,,,,,,406,6,16,428,0,Mesa de escrutinio y computo,,,
1,14,JALISCO,1,TEQUILA,26,COLOTLAN,415,S,1,0,SRP01,66,68,4,6,4,90,5,116,5,0,0,0,0,0,0,0,0,,,,,,,,,,,,,,,,,,,,364,0,19,383,0,Acta casilla,,,
1,14,JALISCO,1,TEQUILA,95,TEQUILA,2397,S,1,0,SRP01,61,34,3,9,4,67,7,78,5,0,0,0,0,0,0,0,0,,,,,,,,,,,,,,,,,,,,268,0,12,280,0,Acta casilla,,,
1,14,JALISCO,2,LAGOS DE MORENO,55,LAGOS DE MORENO,1736,S,1,0,SRP01,37,22,2,5,2,59,5,67,3,,,,,,,,,,,,,,,,,,,,,,,,,,,,202,0,14,216,0,Acta casilla,,,
1,14,JALISCO,2,LAGOS DE MORENO,55,LAGOS DE MORENO,1736,S,2,0,SRP02,52,23,1,7,4,62,4,71,2,,,,,,,,,,,,,,,,,,,,,,,,,,,,226,0,14,240,0,Acta casilla,,,
1,14,JALISCO,2,LAGOS DE MORENO,75,SAN JUAN DE LOS LAGOS,2071,S,1,0,SRP01,24,9,2,9,3,24,7,31,1,,,,,,,,,,,,,,,,,,,,,,,,,,,,110,0,8,118,0,Acta casilla,,,
1,14,JALISCO,2,LAGOS DE MORENO,75,SAN JUAN DE LOS LAGOS,2093,S,1,0,SRP01,49,5,3,8,3,66,4,55,3,,,,,,,,,,,,,,,,,,,,,,,,,,,,196,0,13,209,0,Acta casilla,,,
1,14,JALISCO,3,TEPATITLAN DE MORELOS,8,ARANDAS,137,S,1,0,SRP01,67,36,4,10,3,137,7,87,6,,,,,,,,,,,,,,,,,,,,,,,,,,,,357,0,10,367,0,Acta casilla,,,
1,14,JALISCO,3,TEPATITLAN DE MORELOS,116,VILLA HIDALGO,2849,S,1,0,SRP01,26,13,1,0,3,30,6,42,2,,,,,,,,,,,,,,,,,,,,,,,,,,,,123,0,8,131,0,Acta casilla,,,
1,14,JALISCO,4,ZAPOPAN,120,ZAPOPAN,2915,S,1,0,SRP01,11,11,1,0,2,36,0,38,1,0,0,0,0,0,0,0,0,0,,,,0,0,,,,,,,,,,,,,,100,3,42,145,0,Acta casilla,,,
1,14,JALISCO,4,ZAPOPAN,120,ZAPOPAN,3073,S,1,0,SRP01,18,13,0,4,0,34,1,41,2,0,0,0,0,0,0,0,0,0,,,,0,0,,,,,,,,,,,,,,113,0,27,140,0,Acta casilla,,,
1,14,JALISCO,4,ZAPOPAN,120,ZAPOPAN,3073,S,2,0,SRP02,20,14,0,5,2,24,2,47,0,0,0,0,0,0,0,0,0,0,,,,0,0,,,,,,,,,,,,,,114,0,27,141,0,Acta casilla,,,
1,14,JALISCO,5,PUERTO VALLARTA,69,PUERTO VALLARTA,1935,S,1,0,SRP01,84,29,4,6,1,64,0,70,0,,,,,,,,,,,,,,,,,,,,,,,,,,,,258,76,6,340,0,Acta casilla,,,
1,14,JALISCO,5,PUERTO VALLARTA,69,PUERTO VALLARTA,1935,S,2,0,SRP02,58,23,0,2,3,40,4,38,0,,,,,0,0,0,0,,,,,,,,,0,,,,,,,,,,0,168,0,1,169,0,Acta casilla,,,
1,14,JALISCO,5,PUERTO VALLARTA,69,PUERTO VALLARTA,1957,S,1,0,SRP01,4,7,0,0,0,8,0,16,0,,,,,0,0,0,0,,,,,,,,,0,,,,,,,,,,0,35,0,0,35,0,Acta casilla,,,
1,14,JALISCO,5,PUERTO VALLARTA,85,TALPA DE ALLENDE,2213,S,1,0,SRP01,,,,,,,,,,,,,,,,,,,,,,,,,,,,,,,,,,,,,,,,,0,Acta casilla,,,
1,14,JALISCO,6,ZAPOPAN,120,ZAPOPAN,3527,S,1,0,SRP01,21,10,0,2,2,27,1,44,0,,,,,,,,,,,,,,,,,,,,,,,,,,,,107,0,7,114,0,Acta casilla,,,
1,14,JALISCO,7,TONALA,102,TONALA,2687,S,1,0,SRP01,26,29,3,11,12,68,2,105,,,,,,,,,,,,,,,,,,,,,,,,,,,,,256,,,256,0,Acta casilla,,,
1,14,JALISCO,7,TONALA,102,TONALA,2693,S,1,0,SRP01,17,19,,6,5,44,3,91,8,,,,,,,,,,,,,,,,,,,,,,,,,,,,193,,9,202,0,Acta casilla,,,
1,14,JALISCO,8,GUADALAJARA,41,GUADALAJARA,1049,S,1,0,SRP01,23,10,2,1,3,22,2,32,1,0,0,0,0,0,0,0,0,,0,,0,,,,,,,,,,,,,,,,96,0,39,135,0,Acta casilla,,,
1,14,JALISCO,8,GUADALAJARA,41,GUADALAJARA,1058,S,1,0,SRP01,,,,,,,,,,,,,,,,,,,,,,,,,,,,,,,,,,,,,,,,,0,Acta casilla,,,
1,14,JALISCO,8,GUADALAJARA,41,GUADALAJARA,1140,S,1,0,SRP01,20,19,2,3,1,30,2,58,1,0,0,0,0,0,0,0,0,,0,,0,,,,,,,,,,,,,,,,136,0,60,196,0,Acta casilla,,,
1,14,JALISCO,9,GUADALAJARA,41,GUADALAJARA,1373,S,1,0,SRP01,24,16,0,9,8,57,9,70,4,,,,,,,,,,,,,,,,,,,,,,,,,,,,197,0,3,200,0,Acta casilla,,,
1,14,JALISCO,10,ZAPOPAN,120,ZAPOPAN,3101,S,1,0,SRP01,12,10,0,0,1,9,0,11,0,0,0,0,0,0,0,0,0,,,,,,,0,0,,,,,,,,,,,,43,0,2,45,0,Acta casilla,,,
1,14,JALISCO,10,ZAPOPAN,120,ZAPOPAN,3101,S,2,0,SRP02,11,3,0,0,1,7,1,8,1,0,0,0,0,1,0,0,0,,,,,,,0,14,,,,,,,,,,,,47,0,2,49,0,Acta casilla,,,
1,14,JALISCO,10,ZAPOPAN,120,ZAPOPAN,3119,S,1,0,SRP01,10,1,1,0,0,13,1,9,1,0,0,0,0,0,0,0,0,,,,,,,0,0,,,,,,,,,,,,36,16,2,54,0,Acta casilla,,,
1,14,JALISCO,10,ZAPOPAN,120,ZAPOPAN,3119,S,2,0,SRP02,13,7,1,2,2,19,0,22,2,0,0,0,0,0,0,0,0,,,,,,,0,0,,,,,,,,,,,,68,22,0,90,0,Acta casilla,,,
1,14,JALISCO,11,GUADALAJARA,41,GUADALAJARA,724,S,1,0,SRP01,13,16,4,8,1,81,4,90,1,,,,,0,0,0,0,,,,,,,,,,,1,,,,,,,,,219,0,38,257,0,Acta casilla,,,
1,14,JALISCO,11,GUADALAJARA,41,GUADALAJARA,1435,S,1,0,SRP01,16,14,2,9,4,80,3,88,5,,,,,1,1,0,1,,,,,,,,,,,0,,,,,,,,,224,0,23,247,0,Acta casilla,,,
1,14,JALISCO,11,GUADALAJARA,41,GUADALAJARA,1515,S,1,0,SRP01,20,10,6,10,2,52,3,76,3,,,,,,,,,,,,,,,,,,,,,,,,,,,,182,14,7,203,0,Acta casilla,,,
1,14,JALISCO,12,TLAJOMULCO DE ZUÑIGA,98,TLAJOMULCO DE ZUÑIGA,2462,S,1,0,SRP01,11,25,0,5,8,56,3,123,3,,,,,,,,,,,,,,,,,,,,,,,,,,,,234,0,4,238,0,Acta casilla,,,
1,14,JALISCO,12,TLAJOMULCO DE ZUÑIGA,98,TLAJOMULCO DE ZUÑIGA,2465,S,1,0,SRP01,8,5,0,0,1,17,0,32,0,0,0,0,0,0,0,0,0,,,,,,,,,,,,0,,,,,,,,63,4,2,69,0,Acta casilla,,,
1,14,JALISCO,12,TLAJOMULCO DE ZUÑIGA,98,TLAJOMULCO DE ZUÑIGA,2467,S,1,0,SRP01,,,,,,,,,,,,,,,,,,,,,,,,,,,,,,,,,,,,,,,,,0,Acta casilla,,,
1,14,JALISCO,13,SAN PEDRO TLAQUEPAQUE,99,SAN PEDRO TLAQUEPAQUE,2619,S,1,0,SRP01,7,7,2,2,1,17,1,25,1,0,0,0,0,0,0,0,0,,,,,,,,,,,,,,0,0,,,,,63,0,0,63,0,Acta casilla,,,
1,14,JALISCO,13,SAN PEDRO TLAQUEPAQUE,120,ZAPOPAN,3183,S,1,0,SRP01,4,3,1,1,0,1,0,7,0,,,,,,,,,,,,,,,,,,,,,,,,,,,,17,0,12,29,0,Acta casilla,,,
1,14,JALISCO,14,GUADALAJARA,41,GUADALAJARA,789,S,1,0,SRP01,34,15,4,6,4,88,7,100,5,,,,,0,0,0,0,,,,,,,,,,,,,,,,0,0,,,263,0,60,323,0,Acta casilla,,,
1,14,JALISCO,14,GUADALAJARA,41,GUADALAJARA,798,S,1,0,SRP01,14,8,1,3,1,20,0,22,0,,,,,,,,,,,,,,,,,,,,,,,,,,,,69,0,19,88,0,Acta casilla,,,
1,14,JALISCO,14,GUADALAJARA,41,GUADALAJARA,799,S,1,0,SRP01,20,7,0,4,0,30,1,34,0,,,,,0,0,0,0,,,,,,,,,,,,,,,,38,1,,,135,0,0,135,0,Acta casilla,,,
1,14,JALISCO,14,GUADALAJARA,41,GUADALAJARA,978,S,1,0,SRP01,26,16,1,6,7,40,2,77,2,,,,,,,,,,,,,,,,,,,,,,,,,,,,177,,0,177,0,Acta casilla,,,
1,14,JALISCO,15,LA BARCA,18,LA BARCA,261,S,1,0,SRP01,59,29,4,12,8,63,13,105,7,0,0,0,0,0,0,0,0,,,,,,,,,,,,,,,,,,,,300,1,0,301,0,Acta casilla,,,
1,14,JALISCO,15,LA BARCA,65,OCOTLAN,1871,S,1,0,SRP01,53,35,4,10,3,67,8,109,8,,,,,,,,,,,,,,,,,,,,,,,,,,,,297,1,12,310,0,Acta casilla,,,
1,14,JALISCO,16,SAN PEDRO TLAQUEPAQUE,99,SAN PEDRO TLAQUEPAQUE,2474,S,1,0,SRP01,33,36,2,6,1,75,3,88,3,,,,,,,,,,,,,,,,,,,,,,,,,,,,247,2,9,258,0,Acta casilla,,,
1,14,JALISCO,16,SAN PEDRO TLAQUEPAQUE,99,SAN PEDRO TLAQUEPAQUE,2523,S,1,0,SRP01,21,11,12,10,2,47,1,82,5,,,,,,,,,,,,,,,,,,,,,,,,,,,,191,4,10,205,0,Acta casilla,,,
1,14,JALISCO,16,SAN PEDRO TLAQUEPAQUE,99,SAN PEDRO TLAQUEPAQUE,2526,S,1,0,SRP01,20,9,1,3,1,37,3,82,4,,,,,,,,,,,,,,,,,,,,,,,,,,,,160,0,5,165,0,Acta casilla,,,
1,14,JALISCO,17,JOCOTEPEC,31,CHAPALA,461,S,1,0,SRP01,84,50,3,15,7,78,7,116,11,,,,,,,,,,,,,,,,,,,,,,,,,,,,371,0,10,381,0,Acta casilla,,,
1,14,JALISCO,17,JOCOTEPEC,31,CHAPALA,469,S,1,0,SRP01,96,43,3,14,1,81,5,80,2,,,,,,,,,,,,,,,,,,,,,,,,,,,,325,0,9,334,0,Acta casilla,,,
1,14,JALISCO,17,JOCOTEPEC,52,JOCOTEPEC,1672,S,1,0,SRP01,60,30,3,13,2,87,8,79,7,0,0,0,0,0,0,0,0,,,,,,,,,,,,,,,,,,,,289,0,24,313,0,Acta casilla,,,
1,14,JALISCO,17,JOCOTEPEC,61,MAZAMITLA,1817,S,1,0,SRP01,42,76,5,8,8,233,4,122,3,,,,,,,,,,,,,,,,,,,,,,,,,,,,501,0,11,512,0,Acta casilla,,,
1,14,JALISCO,17,JOCOTEPEC,114,VILLA CORONA,2831,S,1,0,SRP01,0,0,0,0,0,0,0,0,0,,,,,,,,,,,,,,,,,,,,,,,,,,,,0,0,0,0,0,Acta casilla,,,
1,14,JALISCO,18,AUTLAN DE NAVARRO,6,AMECA,59,S,1,0,SRP01,62,27,12,24,7,91,16,140,6,,,,,,,,,,,,,,,,,,,,,,,,,,,,385,1,18,404,0,Acta casilla,,,
1,14,JALISCO,18,AUTLAN DE NAVARRO,15,AUTLAN DE NAVARRO,197,S,1,0,SRP01,47,36,12,11,5,85,7,151,2,0,0,0,0,,,,,,,,,,,,,,,,,,,,,,,,356,0,16,372,0,Acta casilla,,,
1,14,JALISCO,18,AUTLAN DE NAVARRO,22,CIHUATLAN,327,S,1,0,SRP01,68,41,18,8,4,82,5,161,5,1,0,0,0,,,,,,,,,,,,,,,,,,,,,,,,393,0,13,406,0,Acta casilla,,,
1,14,JALISCO,18,AUTLAN DE NAVARRO,89,TECOLOTLAN,2288,S,1,0,SRP01,53,41,5,5,6,63,8,85,5,0,0,0,0,,,,,,,,,,,,,,,,,,,,,,,,271,0,9,280,0,Acta casilla,,,
1,14,JALISCO,19,ZAPOTLAN EL GRANDE,23,ZAPOTLAN EL GRANDE,352,S,1,0,SRP01,32,11,1,1,3,42,0,103,0,0,0,0,0,0,0,0,0,,,,,,,,,,,,,,,,,,61,,254,0,6,260,0,Acta casilla,,,
1,14,JALISCO,19,ZAPOTLAN EL GRANDE,87,TAPALPA,2261,S,1,0,SRP01,81,37,11,26,14,92,7,89,3,0,0,0,0,0,0,0,0,,,,,,,,,,,,,,,,,,0,,360,97,7,464,0,Acta casilla,,,
1,14,JALISCO,20,TONALA,124,ZAPOTLANEJO,3287,S,1,0,SRP01,53,28,3,7,5,69,5,124,8,,,,,0,0,0,0,,,,,,,,,,,,,,,,,,,,302,0,0,302,0,Acta casilla,,,
,,,,,,,,,,,,,,,,,,,,,,,,,,,,,,,,,,,,,,,,,,,,,,,,,,,,,,,,
,,,,,,,,,,,,,,,,,,,,,,,,,,,,,,,,,,,,,,,,,,,,,,,,,,,,,,,,
,,,,,,,,,,,,,,,,,,,,,,,,,,,,,,,,,,,,,,,,,,,,,,,,,,,,,,,,
,,,,,,,,,,,,,,,,,,,,,,,,,,,,,,,,,,,,,,,,,,,,,,,,,,,,,,,,
,,,,,,,,,,,,,,,,,,,,,,,,,,,,,,,,,,,,,,,,,,,,,,,,,,,,,,,,
,,,,,,,,,,,,,,,,,,,,,,,,,,,,,,,,,,,,,,,,,,,,,,,,,,,,,,,,
,,,,,,,,,,,,,,,,,,,,,,,,,,,,,,,,,,,,,,,,,,,,,,,,,,,,,,,,
,,,,,,,,,,,,,,,,,,,,,,,,,,,,,,,,,,,,,,,,,,,,,,,,,,,,,,,,