CIRCUNSCRIPCION,ID_ESTADO,NOMBRE_ESTADO,ID_DISTRITO_LOCAL,CABECERA_DISTRITAL_LOCAL,ID_MUNICIPIO,MUNICIPIO,SECCION,CASILLAS,PAN,PRI,PRD,PVEM,PT,MC,MORENA,PLA,PANALA,PES,RSP,FXM,PAN_PRD,PT_MORENA_PANALA,PT_MORENA,PT_PANALA,MORENA_PANALA,CAND_IND1,NUM_VOTOS_VALIDOS,NUM_VOTOS_CAN_NREG,NUM_VOTOS_NULOS,TOTAL_VOTOS,LISTA_NOMINAL
,1,AGUASCALIENTES,6,AGUASCALIENTES,1,AGUASCALIENTES,1,3,1549,76,11,2,1,66,49,7,1,0,2,17,0,,,,,,1781,1,14,1796,2210
,1,AGUASCALIENTES,6,AGUASCALIENTES,1,AGUASCALIENTES,2,2,374,50,3,2,5,15,37,4,2,1,1,8,1,,,,,,503,0,4,507,913
,1,AGUASCALIENTES,6,AGUASCALIENTES,1,AGUASCALIENTES,3,3,661,54,11,10,8,36,163,10,7,8,3,20,1,,,,,,992,0,22,1014,1751
,1,AGUASCALIENTES,6,AGUASCALIENTES,1,AGUASCALIENTES,4,2,438,54,12,12,22,21,186,7,13,18,6,11,1,,,,,,801,0,19,820,1420
,1,AGUASCALIENTES,6,AGUASCALIENTES,1,AGUASCALIENTES,5,2,303,34,10,12,4,6,95,6,3,3,1,8,1,,,,,,486,1,8,495,789
,1,AGUASCALIENTES,6,AGUASCALIENTES,1,AGUASCALIENTES,6,1,351,39,6,6,0,7,77,5,8,6,1,7,0,,,,,,513,0,6,519,688
,1,AGUASCALIENTES,6,AGUASCALIENTES,1,AGUASCALIENTES,7,2,288,41,8,8,6,19,86,4,4,1,2,2,0,,,,,,469,0,6,475,775
,1,AGUASCALIENTES,6,AGUASCALIENTES,1,AGUASCALIENTES,8,2,449,70,12,10,4,29,135,7,11,1,0,13,1,,,,,,742,0,23,765,1188
,1,AGUASCALIENTES,6,AGUASCALIENTES,1,AGUASCALIENTES,9,2,492,53,9,4,6,27,190,11,6,3,2,7,0,,,,,,810,0,26,836,1278
,1,AGUASCALIENTES,6,AGUASCALIENTES,1,AGUASCALIENTES,10,2,477,60,11,13,2,18,111,8,10,6,3,9,1,,,,,,729,0,12,741,1232
,1,AGUASCALIENTES,6,AGUASCALIENTES,1,AGUASCALIENTES,11,2,347,49,7,14,7,18,150,11,7,4,1,8,0,,,,,,623,1,26,650,1262
,1,AGUASCALIENTES,6,AGUASCALIENTES,1,AGUASCALIENTES,12,2,317,52,10,12,5,21,113,1,4,3,2,12,1,,,,,,553,0,8,561,820
,1,AGUASCALIENTES,6,AGUASCALIENTES,1,AGUASCALIENTES,13,2,299,34,6,3,5,18,103,5,7,2,4,6,0,,,,,,492,1,5,498,795
,1,AGUASCALIENTES,6,AGUASCALIENTES,1,AGUASCALIENTES,14,2,365,43,7,5,5,16,109,5,6,5,2,4,2,,,,,,574,1,15,590,931
,1,AGUASCALIENTES,6,AGUASCALIENTES,1,AGUASCALIENTES,15,2,255,29,6,6,10,17,95,5,6,3,2,9,0,,,,,,443,0,14,457,989
,1,AGUASCALIENTES,6,AGUASCALIENTES,1,AGUASCALIENTES,16,2,189,30,5,4,5,16,84,3,2,3,3,7,1,,,,,,352,1,13,366,864
,1,AGUASCALIENTES,6,AGUASCALIENTES,1,AGUASCALIENTES,17,2,282,26,5,12,6,16,113,11,5,9,2,6,0,,,,,,493,0,25,518,1017
,1,AGUASCALIENTES,6,AGUASCALIENTES,1,AGUASCALIENTES,18,2,298,58,6,12,9,24,100,13,6,2,2,13,3,,,,,,546,2,18,566,1042
,1,AGUASCALIENTES,10,AGUASCALIENTES,1,AGUASCALIENTES,19,2,364,45,7,3,8,16,104,7,4,2,0,9,3,,,,,,572,0,7,579,1034
,1,AGUASCALIENTES,10,AGUASCALIENTES,1,AGUASCALIENTES,20,2,442,65,11,11,8,26,98,13,6,6,2,7,3,,,,,,698,0,15,713,1099
,1,AGUASCALIENTES,10,AGUASCALIENTES,1,AGUASCALIENTES,21,2,264,51,6,11,6,12,154,15,6,7,1,7,2,,,,,,542,0,21,563,1278
,1,AGUASCALIENTES,10,AGUASCALIENTES,1,AGUASCALIENTES,22,1,148,36,1,3,4,5,63,5,5,4,3,2,0,,,,,,279,0,17,296,736
,1,AGUASCALIENTES,10,AGUASCALIENTES,1,AGUASCALIENTES,23,2,285,48,3,8,10,6,79,10,4,4,4,4,0,,,,,,465,0,8,473,963
,1,AGUASCALIENTES,10,AGUASCALIENTES,1,AGUASCALIENTES,24,1,153,35,5,10,3,9,50,3,2,7,0,4,0,,,,,,281,0,8,289,601
,1,AGUASCALIENTES,10,AGUASCALIENTES,1,AGUASCALIENTES,25,2,258,15,7,10,0,12,81,8,9,1,1,3,2,,,,,,407,0,11,418,893
,1,AGUASCALIENTES,10,AGUASCALIENTES,1,AGUASCALIENTES,26,2,300,43,8,9,7,17,118,6,9,6,3,6,0,,,,,,532,1,15,548,1099
,1,AGUASCALIENTES,10,AGUASCALIENTES,1,AGUASCALIENTES,27,1,207,20,2,4,1,6,56,3,4,3,0,2,0,,,,,,308,0,9,317,545
,1,AGUASCALIENTES,11,AGUASCALIENTES,1,AGUASCALIENTES,28,1,106,17,1,2,1,5,52,6,0,0,2,6,0,0,0,0,0,,198,1,11,210,387
,1,AGUASCALIENTES,11,AGUASCALIENTES,1,AGUASCALIENTES,29,2,158,34,5,9,3,35,95,8,4,1,1,3,1,0,1,0,0,0,358,0,5,363,834
,1,AGUASCALIENTES,10,AGUASCALIENTES,1,AGUASCALIENTES,30,1,148,28,0,5,7,4,48,3,4,5,2,5,0,,,,,,259,0,6,265,604
,1,AGUASCALIENTES,10,AGUASCALIENTES,1,AGUASCALIENTES,31,2,254,26,4,9,4,14,106,6,5,9,4,6,2,,,,,,449,1,9,459,972
,1,AGUASCALIENTES,10,AGUASCALIENTES,1,AGUASCALIENTES,32,2,208,35,4,9,8,15,161,7,3,5,2,8,0,,,,,,465,0,12,477,1134
,1,AGUASCALIENTES,10,AGUASCALIENTES,1,AGUASCALIENTES,33,2,194,26,1,7,3,11,98,5,4,6,2,6,1,,,,,,364,0,17,381,803
,1,AGUASCALIENTES,10,AGUASCALIENTES,1,AGUASCALIENTES,34,2,170,21,2,4,5,6,54,3,6,7,1,1,1,,,,,,281,0,9,290,771
,1,AGUASCALIENTES,10,AGUASCALIENTES,1,AGUASCALIENTES,35,3,903,85,8,17,11,43,168,11,4,7,5,24,1,,,,,,1287,2,25,1314,2177
,1,AGUASCALIENTES,10,AGUASCALIENTES,1,AGUASCALIENTES,36,2,323,36,4,9,8,24,87,6,2,6,4,8,0,,,,,,517,0,8,525,874
,1,AGUASCALIENTES,10,AGUASCALIENTES,1,AGUASCALIENTES,37,2,392,52,8,8,4,16,94,5,7,9,3,11,1,,,,,,610,0,15,625,1049
,1,AGUASCALIENTES,10,AGUASCALIENTES,1,AGUASCALIENTES,38,2,449,49,10,9,7,14,108,10,9,10,0,9,0,,,,,,684,0,28,712,1351
,1,AGUASCALIENTES,10,AGUASCALIENTES,1,AGUASCALIENTES,39,2,219,34,5,16,6,10,91,7,4,3,4,5,0,,,,,,404,1,11,416,803
,1,AGUASCALIENTES,17,AGUASCALIENTES,1,AGUASCALIENTES,40,2,377,54,14,5,3,16,119,27,8,6,1,7,1,,,,,,638,0,19,657,1226
,1,AGUASCALIENTES,6,AGUASCALIENTES,1,AGUASCALIENTES,41,7,2131,139,22,18,18,92,244,19,12,12,7,25,6,,,,,,2745,0,35,2780,4639
,1,AGUASCALIENTES,6,AGUASCALIENTES,1,AGUASCALIENTES,42,2,300,55,4,6,5,20,112,5,3,2,3,4,0,,,,,,519,0,12,531,1192
,1,AGUASCALIENTES,6,AGUASCALIENTES,1,AGUASCALIENTES,43,3,718,88,6,11,6,44,139,15,11,12,1,16,8,,,,,,1075,3,26,1104,1942
,1,AGUASCALIENTES,6,AGUASCALIENTES,1,AGUASCALIENTES,44,6,2433,167,30,13,7,85,218,9,8,5,3,20,4,,,,,,3002,4,27,3033,4430
,1,AGUASCALIENTES,6,AGUASCALIENTES,1,AGUASCALIENTES,45,3,970,58,4,4,4,27,56,3,2,2,2,14,2,,,,,,1148,0,16,1164,1613
,1,AGUASCALIENTES,6,AGUASCALIENTES,1,AGUASCALIENTES,46,3,1020,79,14,11,7,28,93,6,6,5,3,15,3,,,,,,1290,0,19,1309,1959
,1,AGUASCALIENTES,6,AGUASCALIENTES,1,AGUASCALIENTES,47,5,2121,123,12,12,7,78,166,15,2,5,5,15,5,,,,,,2566,0,24,2590,3591
,1,AGUASCALIENTES,6,AGUASCALIENTES,1,AGUASCALIENTES,48,3,835,95,13,12,4,19,144,13,2,2,4,8,1,,,,,,1152,0,28,1180,1908
,1,AGUASCALIENTES,6,AGUASCALIENTES,1,AGUASCALIENTES,49,2,401,72,6,9,7,28,160,13,3,10,3,9,3,,,,,,724,0,24,748,1487
,1,AGUASCALIENTES,6,AGUASCALIENTES,1,AGUASCALIENTES,50,3,497,60,7,13,6,33,189,17,8,6,2,5,1,,,,,,844,0,22,866,1567
,1,AGUASCALIENTES,6,AGUASCALIENTES,1,AGUASCALIENTES,51,2,351,51,13,18,18,34,142,4,4,1,5,7,0,,,,,,648,1,10,659,1136
,1,AGUASCALIENTES,6,AGUASCALIENTES,1,AGUASCALIENTES,52,2,463,47,7,11,2,27,126,7,10,5,3,13,1,,,,,,722,0,16,738,1235
,1,AGUASCALIENTES,6,AGUASCALIENTES,1,AGUASCALIENTES,53,3,691,53,8,8,9,40,156,13,13,8,1,10,0,,,,,,1010,0,21,1031,1590
,1,AGUASCALIENTES,6,AGUASCALIENTES,1,AGUASCALIENTES,54,2,233,40,4,11,3,14,109,11,5,5,1,6,0,,,,,,442,0,2,444,1072
,1,AGUASCALIENTES,6,AGUASCALIENTES,1,AGUASCALIENTES,55,2,309,34,4,12,6,23,98,8,9,1,6,9,0,,,,,,519,2,17,538,1048
,1,AGUASCALIENTES,6,AGUASCALIENTES,1,AGUASCALIENTES,56,2,318,32,14,9,5,14,83,2,8,4,4,8,0,,,,,,501,0,14,515,931
,1,AGUASCALIENTES,11,AGUASCALIENTES,1,AGUASCALIENTES,57,2,248,42,4,7,3,17,116,9,6,6,2,6,1,0,0,0,0,0,467,0,12,479,847
,1,AGUASCALIENTES,11,AGUASCALIENTES,1,AGUASCALIENTES,58,1,171,20,1,6,3,5,83,6,3,2,1,2,0,0,0,0,0,,303,0,10,313,602
,1,AGUASCALIENTES,11,AGUASCALIENTES,1,AGUASCALIENTES,59,1,237,23,4,5,2,17,79,6,5,4,1,6,1,0,0,0,0,,390,1,5,396,679
,1,AGUASCALIENTES,11,AGUASCALIENTES,1,AGUASCALIENTES,60,2,238,36,5,8,6,17,114,9,8,4,1,8,1,0,4,0,0,0,459,0,15,474,1004
,1,AGUASCALIENTES,11,AGUASCALIENTES,1,AGUASCALIENTES,61,1,180,18,4,11,0,16,81,10,2,5,1,5,0,0,1,0,0,,334,2,7,343,732
,1,AGUASCALIENTES,11,AGUASCALIENTES,1,AGUASCALIENTES,62,1,142,28,6,9,4,20,78,4,3,1,2,8,0,0,0,0,0,,305,1,4,310,638
,1,AGUASCALIENTES,11,AGUASCALIENTES,1,AGUASCALIENTES,63,1,144,22,2,7,1,10,56,6,14,1,1,4,0,0,0,0,0,,268,0,12,280,611
,1,AGUASCALIENTES,11,AGUASCALIENTES,1,AGUASCALIENTES,64,2,230,33,5,10,2,17,94,10,2,5,1,10,2,2,0,0,0,0,423,0,10,433,756
,1,AGUASCALIENTES,11,AGUASCALIENTES,1,AGUASCALIENTES,65,1,165,33,3,10,4,27,56,8,1,1,0,6,0,0,1,0,0,,315,1,14,330,589
,1,AGUASCALIENTES,11,AGUASCALIENTES,1,AGUASCALIENTES,66,2,261,33,3,5,2,16,93,14,1,3,4,9,0,0,0,0,0,0,444,0,16,460,788
,1,AGUASCALIENTES,11,AGUASCALIENTES,1,AGUASCALIENTES,67,1,213,29,2,6,1,15,47,3,2,7,0,2,0,0,1,0,0,,328,2,4,334,501
,1,AGUASCALIENTES,11,AGUASCALIENTES,1,AGUASCALIENTES,68,1,190,30,7,6,2,8,96,17,1,2,1,2,0,0,0,0,0,,362,1,11,374,663
,1,AGUASCALIENTES,11,AGUASCALIENTES,1,AGUASCALIENTES,69,2,259,44,8,7,4,24,105,14,4,6,2,4,1,0,0,0,0,0,482,1,12,495,827
,1,AGUASCALIENTES,11,AGUASCALIENTES,1,AGUASCALIENTES,70,1,166,23,8,4,2,17,99,9,4,6,0,8,1,0,1,0,0,,348,1,8,357,583
,1,AGUASCALIENTES,11,AGUASCALIENTES,1,AGUASCALIENTES,71,2,372,52,12,13,6,18,88,22,8,7,1,9,0,0,0,0,0,0,608,2,12,622,980
,1,AGUASCALIENTES,11,AGUASCALIENTES,1,AGUASCALIENTES,72,1,152,33,2,1,2,12,61,10,3,2,0,8,1,0,2,0,0,,289,0,11,300,511
,1,AGUASCALIENTES,11,AGUASCALIENTES,1,AGUASCALIENTES,73,2,288,32,8,7,1,18,63,4,6,2,2,5,0,0,0,0,0,0,436,0,9,445,756
,1,AGUASCALIENTES,11,AGUASCALIENTES,1,AGUASCALIENTES,74,1,206,11,4,0,1,17,46,2,1,3,1,7,0,0,0,0,0,,299,1,6,306,534
,1,AGUASCALIENTES,11,AGUASCALIENTES,1,AGUASCALIENTES,75,1,221,23,5,4,2,10,60,12,4,0,1,1,0,0,0,0,0,,343,0,9,352,604
,1,AGUASCALIENTES,11,AGUASCALIENTES,1,AGUASCALIENTES,76,1,166,28,5,5,0,7,54,5,3,2,2,2,0,0,0,0,0,,279,1,0,280,452
,1,AGUASCALIENTES,11,AGUASCALIENTES,1,AGUASCALIENTES,77,1,154,26,5,2,1,16,77,4,2,3,3,12,0,0,0,0,0,,305,3,15,323,522
,1,AGUASCALIENTES,11,AGUASCALIENTES,1,AGUASCALIENTES,78,2,231,25,6,5,1,12,93,18,3,8,2,7,0,0,0,0,0,0,411,1,15,427,780
,1,AGUASCALIENTES,11,AGUASCALIENTES,1,AGUASCALIENTES,79,2,238,32,10,6,4,7,80,3,3,0,1,2,0,0,2,0,0,0,388,0,15,403,754
,1,AGUASCALIENTES,5,AGUASCALIENTES,1,AGUASCALIENTES,80,11,1784,242,37,69,30,122,830,89,28,41,14,54,4,,,,,,3344,3,77,3424,7338
,1,AGUASCALIENTES,5,AGUASCALIENTES,1,AGUASCALIENTES,82,16,3229,360,80,95,50,177,1207,112,62,53,16,67,9,,,,,,5517,11,127,5655,11237
,1,AGUASCALIENTES,12,AGUASCALIENTES,1,AGUASCALIENTES,83,21,1601,280,131,82,49,159,1152,69,74,58,52,128,34,5,6,0,1,0,3881,4,102,3987,14600
,1,AGUASCALIENTES,12,AGUASCALIENTES,1,AGUASCALIENTES,84,3,316,79,15,13,14,40,242,16,5,7,13,23,4,0,3,0,0,0,790,0,36,826,2172
,1,AGUASCALIENTES,12,AGUASCALIENTES,1,AGUASCALIENTES,85,6,507,166,42,47,26,65,400,36,15,20,11,35,3,2,3,0,0,0,1378,0,35,1413,4174
,1,AGUASCALIENTES,5,AGUASCALIENTES,1,AGUASCALIENTES,86,17,2094,341,85,82,58,210,1336,131,48,76,34,128,4,,,,,,4627,6,149,4782,12457
,1,AGUASCALIENTES,5,AGUASCALIENTES,1,AGUASCALIENTES,87,3,513,82,16,24,7,29,291,18,15,11,4,15,2,,,,,,1027,2,35,1064,2097
,1,AGUASCALIENTES,5,AGUASCALIENTES,1,AGUASCALIENTES,88,2,298,51,5,10,5,20,155,12,6,6,2,9,0,,,,,,579,0,18,597,1247
,1,AGUASCALIENTES,5,AGUASCALIENTES,1,AGUASCALIENTES,89,2,230,39,10,10,3,24,134,8,5,2,1,7,0,,,,,,473,2,11,486,1120
,1,AGUASCALIENTES,5,AGUASCALIENTES,1,AGUASCALIENTES,90,5,967,123,26,34,13,51,376,32,9,12,8,21,2,,,,,,1674,2,35,1711,3336
,1,AGUASCALIENTES,6,AGUASCALIENTES,1,AGUASCALIENTES,91,2,313,65,5,4,6,19,103,4,3,4,0,8,2,,,,,,536,0,19,555,929
,1,AGUASCALIENTES,6,AGUASCALIENTES,1,AGUASCALIENTES,92,2,239,41,5,4,5,19,110,9,8,3,3,9,2,,,,,,457,0,15,472,871
,1,AGUASCALIENTES,13,AGUASCALIENTES,1,AGUASCALIENTES,93,2,278,42,5,13,4,19,119,20,9,7,3,8,2,0,0,0,0,0,529,1,14,544,995
,1,AGUASCALIENTES,13,AGUASCALIENTES,1,AGUASCALIENTES,94,1,108,20,2,8,1,5,86,7,4,1,1,2,1,0,1,0,0,,247,2,12,261,610
,1,AGUASCALIENTES,13,AGUASCALIENTES,1,AGUASCALIENTES,95,2,158,56,7,8,11,17,133,17,8,5,0,6,0,0,0,0,0,0,426,1,12,439,936
,1,AGUASCALIENTES,13,AGUASCALIENTES,1,AGUASCALIENTES,96,4,573,122,16,22,10,45,276,30,16,8,6,17,3,0,0,0,0,0,1144,8,37,1189,2510
,1,AGUASCALIENTES,13,AGUASCALIENTES,1,AGUASCALIENTES,97,2,101,70,6,8,8,15,121,5,0,2,3,3,0,0,0,0,0,0,342,6,18,366,944
,1,AGUASCALIENTES,13,AGUASCALIENTES,1,AGUASCALIENTES,99,3,309,78,3,22,15,33,174,13,7,18,9,6,1,1,0,0,0,0,689,6,28,723,1818
,1,AGUASCALIENTES,13,AGUASCALIENTES,1,AGUASCALIENTES,100,2,145,48,4,8,7,18,117,9,2,6,4,5,0,2,0,0,0,0,375,2,18,395,1052
,1,AGUASCALIENTES,13,AGUASCALIENTES,1,AGUASCALIENTES,101,3,346,61,8,14,14,42,205,20,3,4,1,12,0,0,0,0,0,0,730,2,29,761,1703
,1,AGUASCALIENTES,13,AGUASCALIENTES,1,AGUASCALIENTES,102,2,175,39,5,17,2,11,131,7,1,2,1,8,0,0,0,0,0,0,399,7,10,416,971
,1,AGUASCALIENTES,13,AGUASCALIENTES,1,AGUASCALIENTES,103,2,202,23,2,15,4,17,117,10,9,7,2,5,0,0,0,0,0,0,413,0,19,432,820
,1,AGUASCALIENTES,11,AGUASCALIENTES,1,AGUASCALIENTES,104,1,101,12,7,3,6,9,69,10,3,1,1,4,0,0,0,0,0,,226,0,10,236,517
,1,AGUASCALIENTES,11,AGUASCALIENTES,1,AGUASCALIENTES,105,1,116,23,20,4,4,6,76,4,7,4,0,2,0,0,0,0,0,,266,0,9,275,583
,1,AGUASCALIENTES,11,AGUASCALIENTES,1,AGUASCALIENTES,106,2,292,23,5,11,9,17,147,9,9,2,4,5,1,1,3,0,1,0,539,1,20,560,1157
,1,AGUASCALIENTES,11,AGUASCALIENTES,1,AGUASCALIENTES,107,2,266,33,10,14,6,23,134,10,9,7,4,9,1,0,0,0,0,0,526,0,13,539,1120
,1,AGUASCALIENTES,11,AGUASCALIENTES,1,AGUASCALIENTES,108,2,206,41,3,11,10,25,133,17,6,12,0,9,1,0,1,0,0,0,475,0,16,491,934
,1,AGUASCALIENTES,11,AGUASCALIENTES,1,AGUASCALIENTES,109,2,255,42,4,14,7,24,129,13,6,10,3,7,1,0,1,0,0,0,516,0,12,528,1072
,1,AGUASCALIENTES,11,AGUASCALIENTES,1,AGUASCALIENTES,110,2,276,39,10,7,6,13,122,8,0,6,3,20,0,0,0,0,0,0,510,0,13,523,460
,1,AGUASCALIENTES,11,AGUASCALIENTES,1,AGUASCALIENTES,111,2,165,45,11,8,1,17,177,11,3,3,3,5,0,1,0,0,1,0,451,1,16,468,990
,1,AGUASCALIENTES,11,AGUASCALIENTES,1,AGUASCALIENTES,112,2,335,42,12,7,5,13,174,10,6,8,7,7,0,0,0,0,0,0,626,1,17,644,1188
,1,AGUASCALIENTES,13,AGUASCALIENTES,1,AGUASCALIENTES,113,2,324,43,4,12,7,18,196,10,6,5,3,8,0,0,2,0,0,0,638,1,13,652,1061
,1,AGUASCALIENTES,13,AGUASCALIENTES,1,AGUASCALIENTES,114,2,228,49,5,8,5,16,132,6,2,5,0,4,2,0,1,1,0,0,464,0,18,482,887
,1,AGUASCALIENTES,13,AGUASCALIENTES,1,AGUASCALIENTES,115,2,305,62,8,15,8,19,133,6,4,8,2,8,0,0,0,0,0,0,578,4,18,600,1134
,1,AGUASCALIENTES,13,AGUASCALIENTES,1,AGUASCALIENTES,116,13,1624,300,51,80,45,158,1163,108,75,77,16,55,7,1,8,0,1,0,3769,5,130,3904,9386
,1,AGUASCALIENTES,13,AGUASCALIENTES,1,AGUASCALIENTES,117,3,300,57,9,34,7,27,214,20,7,9,3,8,1,0,0,1,0,0,697,1,20,718,1558
,1,AGUASCALIENTES,13,AGUASCALIENTES,1,AGUASCALIENTES,118,10,1282,183,39,86,28,127,806,92,38,35,14,57,5,1,2,0,1,0,2796,3,82,2881,6541
,1,AGUASCALIENTES,13,AGUASCALIENTES,1,AGUASCALIENTES,119,7,1488,155,34,42,26,111,603,69,29,23,14,35,3,0,4,0,0,0,2636,2,57,2695,4541
,1,AGUASCALIENTES,11,AGUASCALIENTES,1,AGUASCALIENTES,120,2,155,26,5,6,1,8,119,12,4,6,0,10,0,2,0,0,0,0,354,0,17,371,755
,1,AGUASCALIENTES,11,AGUASCALIENTES,1,AGUASCALIENTES,121,1,152,21,3,1,1,14,86,5,2,3,2,10,1,0,0,0,0,,301,3,2,306,592
,1,AGUASCALIENTES,13,AGUASCALIENTES,1,AGUASCALIENTES,122,2,265,56,5,18,5,12,131,14,3,0,4,12,0,0,0,0,0,0,525,0,20,545,1064
,1,AGUASCALIENTES,11,AGUASCALIENTES,1,AGUASCALIENTES,123,1,163,20,1,9,4,9,102,4,1,5,0,3,0,0,1,0,0,,322,2,9,333,663
,1,AGUASCALIENTES,11,AGUASCALIENTES,1,AGUASCALIENTES,124,1,160,21,3,3,2,7,59,3,2,1,0,5,0,0,0,0,0,,266,1,10,277,488
,1,AGUASCALIENTES,14,AGUASCALIENTES,1,AGUASCALIENTES,125,2,314,49,6,9,10,15,154,8,19,7,4,6,0,0,2,0,1,0,604,0,17,621,1045
,1,AGUASCALIENTES,15,AGUASCALIENTES,1,AGUASCALIENTES,126,4,492,193,20,22,6,114,181,15,11,9,7,6,1,,,,,,1077,2,32,1111,2085
,1,AGUASCALIENTES,15,AGUASCALIENTES,1,AGUASCALIENTES,127,2,254,74,7,9,3,32,245,11,16,30,9,12,0,,,,,,702,5,24,731,1295
,1,AGUASCALIENTES,15,AGUASCALIENTES,1,AGUASCALIENTES,128,2,156,56,4,12,6,14,204,7,6,5,4,0,0,,,,,,474,5,12,491,839
,1,AGUASCALIENTES,15,AGUASCALIENTES,1,AGUASCALIENTES,129,2,209,49,6,5,10,21,208,6,8,13,7,5,0,,,,,,547,5,28,580,935
,1,AGUASCALIENTES,15,AGUASCALIENTES,1,AGUASCALIENTES,130,2,262,70,7,9,10,24,262,14,9,9,3,14,1,,,,,,694,2,23,719,1421
,1,AGUASCALIENTES,15,AGUASCALIENTES,1,AGUASCALIENTES,131,2,191,45,5,14,6,15,177,7,17,9,6,6,1,,,,,,499,1,10,510,953
,1,AGUASCALIENTES,15,AGUASCALIENTES,1,AGUASCALIENTES,132,2,224,50,6,7,6,12,147,9,19,8,1,0,1,,,,,,490,10,12,512,951
,1,AGUASCALIENTES,15,AGUASCALIENTES,1,AGUASCALIENTES,133,2,250,41,12,8,8,24,188,13,10,6,5,5,0,,,,,,570,1,21,592,1081
,1,AGUASCALIENTES,15,AGUASCALIENTES,1,AGUASCALIENTES,134,2,189,27,13,8,10,17,157,10,9,7,1,5,0,,,,,,453,2,14,469,801
,1,AGUASCALIENTES,15,AGUASCALIENTES,1,AGUASCALIENTES,135,2,286,15,10,14,5,23,209,16,16,7,4,11,2,,,,,,618,1,27,646,1254
,1,AGUASCALIENTES,15,AGUASCALIENTES,1,AGUASCALIENTES,136,3,338,96,8,14,7,28,256,16,11,8,7,14,0,,,,,,803,1,29,833,1763
,1,AGUASCALIENTES,15,AGUASCALIENTES,1,AGUASCALIENTES,137,1,69,18,3,6,2,16,67,7,4,1,0,0,0,,,,,,193,1,4,198,499
,1,AGUASCALIENTES,14,AGUASCALIENTES,1,AGUASCALIENTES,138,2,327,59,7,12,10,48,188,15,13,7,1,15,0,2,0,0,1,0,705,1,17,723,1442
,1,AGUASCALIENTES,14,AGUASCALIENTES,1,AGUASCALIENTES,139,2,137,43,2,3,3,16,95,5,8,6,3,9,0,0,2,0,2,0,334,0,13,347,828
,1,AGUASCALIENTES,14,AGUASCALIENTES,1,AGUASCALIENTES,140,2,251,53,8,11,10,17,127,3,10,6,6,5,0,1,0,0,0,0,508,0,13,521,895
,1,AGUASCALIENTES,11,AGUASCALIENTES,1,AGUASCALIENTES,141,2,234,30,7,7,5,17,144,6,4,5,2,0,0,0,1,0,0,0,462,1,15,478,993
,1,AGUASCALIENTES,11,AGUASCALIENTES,1,AGUASCALIENTES,142,2,218,32,6,9,8,16,148,6,2,5,3,7,1,0,0,0,3,0,464,2,15,481,789
,1,AGUASCALIENTES,14,AGUASCALIENTES,1,AGUASCALIENTES,143,2,200,35,9,12,5,23,129,7,16,2,2,12,1,2,0,0,0,0,455,0,15,470,854
,1,AGUASCALIENTES,14,AGUASCALIENTES,1,AGUASCALIENTES,144,2,215,38,5,9,14,16,110,4,14,6,9,11,0,0,0,0,0,0,451,0,16,467,908
,1,AGUASCALIENTES,14,AGUASCALIENTES,1,AGUASCALIENTES,145,1,185,32,5,4,7,21,110,10,11,6,0,10,1,0,0,0,0,,402,0,17,419,731
,1,AGUASCALIENTES,14,AGUASCALIENTES,1,AGUASCALIENTES,146,2,215,63,6,10,6,22,133,12,5,4,1,6,3,0,1,0,0,0,487,0,11,498,1127
,1,AGUASCALIENTES,14,AGUASCALIENTES,1,AGUASCALIENTES,147,2,146,48,5,10,16,30,113,6,8,5,3,7,0,1,0,0,0,0,398,0,21,419,1009
,1,AGUASCALIENTES,14,AGUASCALIENTES,1,AGUASCALIENTES,148,2,209,47,5,12,13,27,214,14,7,3,1,10,2,0,3,1,0,0,568,0,20,588,1444
,1,AGUASCALIENTES,14,AGUASCALIENTES,1,AGUASCALIENTES,149,6,824,200,26,32,35,82,501,35,117,23,13,27,2,4,3,0,1,0,1925,0,69,1994,3873
,1,AGUASCALIENTES,15,AGUASCALIENTES,1,AGUASCALIENTES,150,2,212,26,11,8,7,17,169,14,8,11,4,8,0,,,,,,495,2,21,518,896
,1,AGUASCALIENTES,15,AGUASCALIENTES,1,AGUASCALIENTES,151,1,125,24,13,3,1,15,88,15,17,7,2,3,0,,,,,,313,3,6,322,747
,1,AGUASCALIENTES,15,AGUASCALIENTES,1,AGUASCALIENTES,152,4,531,85,36,26,14,53,354,22,23,21,9,26,2,,,,,,1202,5,51,1258,2883
,1,AGUASCALIENTES,15,AGUASCALIENTES,1,AGUASCALIENTES,153,2,258,48,5,10,8,27,160,9,8,8,3,12,1,,,,,,557,7,27,591,981
,1,AGUASCALIENTES,15,AGUASCALIENTES,1,AGUASCALIENTES,154,3,211,40,21,15,9,35,154,18,9,18,11,11,0,,,,,,552,3,26,581,1582
,1,AGUASCALIENTES,15,AGUASCALIENTES,1,AGUASCALIENTES,155,16,1751,308,93,96,68,211,1300,91,58,61,45,69,6,,,,,,4157,2,129,4288,11315
,1,AGUASCALIENTES,14,AGUASCALIENTES,1,AGUASCALIENTES,156,19,3085,424,100,103,74,318,1475,106,116,85,32,85,10,6,9,1,2,0,6031,4,163,6198,13075
,1,AGUASCALIENTES,14,AGUASCALIENTES,1,AGUASCALIENTES,157,2,152,41,2,12,6,19,118,4,3,2,4,5,1,0,0,0,0,0,369,0,12,381,913
,1,AGUASCALIENTES,14,AGUASCALIENTES,1,AGUASCALIENTES,158,1,117,21,3,3,2,5,41,3,1,2,1,4,0,0,0,0,0,,203,0,5,208,424
,1,AGUASCALIENTES,14,AGUASCALIENTES,1,AGUASCALIENTES,159,1,191,43,6,6,2,9,77,13,14,4,1,8,0,0,0,0,0,,374,1,14,389,641
,1,AGUASCALIENTES,14,AGUASCALIENTES,1,AGUASCALIENTES,160,2,260,49,4,4,2,31,132,10,33,7,9,7,0,1,0,0,2,0,551,0,16,567,999
,1,AGUASCALIENTES,18,AGUASCALIENTES,1,AGUASCALIENTES,161,9,2208,272,52,37,30,95,634,39,31,18,6,45,7,2,9,0,2,0,3487,6,78,3571,5915
,1,AGUASCALIENTES,18,AGUASCALIENTES,1,AGUASCALIENTES,162,2,233,33,5,13,6,20,148,9,4,9,8,5,1,0,0,0,0,0,494,0,19,513,871
,1,AGUASCALIENTES,18,AGUASCALIENTES,1,AGUASCALIENTES,163,1,126,14,10,2,2,19,95,6,4,4,3,5,0,0,0,0,0,,290,0,14,304,702
,1,AGUASCALIENTES,14,AGUASCALIENTES,1,AGUASCALIENTES,164,9,1933,300,43,55,38,170,770,40,100,35,16,69,7,3,0,0,0,0,3579,3,83,3665,6665
,1,AGUASCALIENTES,14,AGUASCALIENTES,1,AGUASCALIENTES,165,2,324,23,7,13,4,60,210,9,10,7,4,12,0,0,0,0,0,0,683,2,17,702,1465
,1,AGUASCALIENTES,14,AGUASCALIENTES,1,AGUASCALIENTES,167,1,183,34,2,8,6,16,110,9,14,6,3,3,0,0,0,0,2,,396,0,13,409,746
,1,AGUASCALIENTES,14,AGUASCALIENTES,1,AGUASCALIENTES,168,4,697,114,25,34,25,74,375,32,53,28,9,26,2,1,2,0,1,0,1498,1,41,1540,2876
,1,AGUASCALIENTES,14,AGUASCALIENTES,1,AGUASCALIENTES,169,3,400,65,14,21,6,66,267,23,23,18,8,18,1,1,1,1,1,0,934,0,25,959,2088
,1,AGUASCALIENTES,14,AGUASCALIENTES,1,AGUASCALIENTES,170,5,517,91,12,14,19,62,411,15,32,40,7,15,2,1,0,0,0,0,1238,0,43,1281,3003
,1,AGUASCALIENTES,17,AGUASCALIENTES,1,AGUASCALIENTES,171,1,197,25,1,3,2,10,63,3,0,6,0,8,0,,,,,,318,1,7,326,596
,1,AGUASCALIENTES,17,AGUASCALIENTES,1,AGUASCALIENTES,172,1,266,42,7,11,1,9,44,8,1,6,0,7,0,,,,,,402,3,12,417,735
,1,AGUASCALIENTES,17,AGUASCALIENTES,1,AGUASCALIENTES,173,1,183,16,4,2,1,6,51,5,5,4,0,8,0,,,,,,285,0,5,290,520
,1,AGUASCALIENTES,17,AGUASCALIENTES,1,AGUASCALIENTES,174,2,353,39,6,16,5,18,79,9,4,6,2,8,1,,,,,,546,0,15,561,982
,1,AGUASCALIENTES,17,AGUASCALIENTES,1,AGUASCALIENTES,175,2,323,41,4,10,4,8,63,3,7,3,1,4,1,,,,,,472,2,9,483,816
,1,AGUASCALIENTES,17,AGUASCALIENTES,1,AGUASCALIENTES,176,1,162,20,0,3,0,4,33,3,2,1,1,6,0,,,,,,235,1,0,236,375
,1,AGUASCALIENTES,17,AGUASCALIENTES,1,AGUASCALIENTES,177,1,321,21,8,4,2,21,55,3,1,3,0,11,1,,,,,,451,1,7,459,693
,1,AGUASCALIENTES,17,AGUASCALIENTES,1,AGUASCALIENTES,178,1,215,28,5,2,5,7,79,5,1,18,1,8,0,,,,,,374,1,9,384,688
,1,AGUASCALIENTES,17,AGUASCALIENTES,1,AGUASCALIENTES,179,2,265,27,10,12,6,20,99,3,3,6,0,7,0,,,,,,458,0,6,464,846
,1,AGUASCALIENTES,11,AGUASCALIENTES,1,AGUASCALIENTES,180,1,159,30,3,8,4,11,54,5,3,6,0,5,0,1,1,0,0,,290,1,12,303,523
,1,AGUASCALIENTES,11,AGUASCALIENTES,1,AGUASCALIENTES,181,1,191,31,4,4,4,12,86,8,2,2,0,6,1,0,0,0,0,,351,0,6,357,635
,1,AGUASCALIENTES,11,AGUASCALIENTES,1,AGUASCALIENTES,182,1,180,31,7,3,2,10,105,2,1,4,2,4,0,0,0,0,0,,351,1,6,358,593
,1,AGUASCALIENTES,11,AGUASCALIENTES,1,AGUASCALIENTES,183,1,112,17,4,2,2,7,50,4,0,5,1,5,0,0,0,0,0,,209,0,7,216,412
,1,AGUASCALIENTES,11,AGUASCALIENTES,1,AGUASCALIENTES,184,2,243,28,1,5,4,6,92,6,2,4,3,5,0,0,2,0,0,0,401,3,12,416,790
,1,AGUASCALIENTES,11,AGUASCALIENTES,1,AGUASCALIENTES,185,1,77,16,3,5,0,10,44,1,1,3,0,4,3,0,0,0,0,,167,0,9,176,315
,1,AGUASCALIENTES,11,AGUASCALIENTES,1,AGUASCALIENTES,186,1,87,21,1,1,5,9,45,2,1,5,3,8,0,0,0,0,0,,188,0,8,196,368
,1,AGUASCALIENTES,11,AGUASCALIENTES,1,AGUASCALIENTES,187,1,159,21,1,5,2,8,79,4,0,7,0,7,0,0,0,0,0,,293,1,4,298,613
,1,AGUASCALIENTES,11,AGUASCALIENTES,1,AGUASCALIENTES,188,2,265,58,10,11,8,27,167,13,6,2,2,9,0,0,0,0,0,0,578,1,14,593,1068
,1,AGUASCALIENTES,11,AGUASCALIENTES,1,AGUASCALIENTES,189,2,317,50,15,14,7,21,137,5,6,4,4,13,0,0,2,0,0,0,595,1,11,607,1091
,1,AGUASCALIENTES,11,AGUASCALIENTES,1,AGUASCALIENTES,190,3,487,69,13,13,4,22,144,10,12,6,4,15,0,1,3,0,1,0,804,0,12,816,1507
,1,AGUASCALIENTES,11,AGUASCALIENTES,1,AGUASCALIENTES,191,1,119,27,6,6,2,10,90,6,7,6,1,10,1,0,0,0,1,,292,0,11,303,585
,1,AGUASCALIENTES,11,AGUASCALIENTES,1,AGUASCALIENTES,192,2,181,41,6,10,3,20,146,8,3,2,2,8,1,0,0,0,0,0,431,1,25,457,936
,1,AGUASCALIENTES,11,AGUASCALIENTES,1,AGUASCALIENTES,193,2,179,38,5,4,4,26,107,6,3,1,4,3,1,0,2,0,0,0,383,0,12,395,898
,1,AGUASCALIENTES,11,AGUASCALIENTES,1,AGUASCALIENTES,194,3,458,88,7,18,3,33,216,8,9,12,1,11,1,0,1,0,0,0,866,1,27,894,1751
,1,AGUASCALIENTES,11,AGUASCALIENTES,1,AGUASCALIENTES,195,2,340,44,8,13,1,17,102,3,3,9,1,8,1,0,1,0,0,0,551,1,15,567,1021
,1,AGUASCALIENTES,11,AGUASCALIENTES,1,AGUASCALIENTES,196,1,208,26,2,12,3,9,81,6,1,6,3,7,0,1,0,0,0,,365,0,9,374,694
,1,AGUASCALIENTES,11,AGUASCALIENTES,1,AGUASCALIENTES,197,2,304,35,7,10,6,15,98,5,4,5,0,7,1,1,1,0,0,0,499,2,3,504,815
,1,AGUASCALIENTES,17,AGUASCALIENTES,1,AGUASCALIENTES,198,1,143,34,6,5,1,11,51,6,3,1,3,3,1,,,,,,268,0,7,275,586
,1,AGUASCALIENTES,17,AGUASCALIENTES,1,AGUASCALIENTES,199,1,142,25,1,4,1,13,92,5,1,7,0,4,0,,,,,,295,1,7,303,603
,1,AGUASCALIENTES,11,AGUASCALIENTES,1,AGUASCALIENTES,200,2,296,36,5,5,4,14,137,3,2,16,1,7,0,0,0,0,0,0,526,0,9,535,1002
,1,AGUASCALIENTES,11,AGUASCALIENTES,1,AGUASCALIENTES,201,2,325,57,16,6,1,11,107,2,4,5,2,7,1,0,2,0,0,0,546,1,12,559,894
,1,AGUASCALIENTES,11,AGUASCALIENTES,1,AGUASCALIENTES,202,2,187,19,5,10,6,10,70,6,2,2,5,11,0,1,1,0,0,0,335,0,11,346,777
,1,AGUASCALIENTES,11,AGUASCALIENTES,1,AGUASCALIENTES,203,1,127,36,3,5,2,15,106,3,0,6,1,9,1,0,0,0,0,,314,0,11,325,680
,1,AGUASCALIENTES,11,AGUASCALIENTES,1,AGUASCALIENTES,204,2,220,43,8,13,9,20,138,14,5,4,0,5,1,0,3,0,0,0,483,0,16,499,1076
,1,AGUASCALIENTES,11,AGUASCALIENTES,1,AGUASCALIENTES,205,2,159,41,8,12,5,16,183,10,3,7,1,6,0,0,0,0,0,0,451,0,20,471,926
,1,AGUASCALIENTES,11,AGUASCALIENTES,1,AGUASCALIENTES,206,1,103,14,0,6,2,15,78,6,0,5,0,0,0,0,0,0,0,,229,3,5,237,515
,1,AGUASCALIENTES,11,AGUASCALIENTES,1,AGUASCALIENTES,207,2,224,33,6,9,4,24,143,8,3,10,2,4,0,0,1,0,0,0,471,0,25,496,1031
,1,AGUASCALIENTES,11,AGUASCALIENTES,1,AGUASCALIENTES,208,2,615,66,12,5,5,23,94,4,6,2,1,15,0,0,0,0,0,0,848,2,14,864,1288
,1,AGUASCALIENTES,11,AGUASCALIENTES,1,AGUASCALIENTES,209,2,575,63,4,4,4,31,76,7,2,3,0,14,1,0,0,0,0,0,784,0,9,793,1056
,1,AGUASCALIENTES,11,AGUASCALIENTES,1,AGUASCALIENTES,210,2,601,45,9,7,2,19,72,3,1,1,0,1,1,0,0,0,0,0,762,5,5,772,1117
,1,AGUASCALIENTES,11,AGUASCALIENTES,1,AGUASCALIENTES,211,1,122,29,0,4,7,5,75,2,1,3,1,3,0,0,1,0,3,,256,0,10,266,583
,1,AGUASCALIENTES,11,AGUASCALIENTES,1,AGUASCALIENTES,212,1,155,20,2,7,7,12,82,6,2,1,1,5,0,0,0,0,0,,300,0,13,313,671
,1,AGUASCALIENTES,11,AGUASCALIENTES,1,AGUASCALIENTES,213,1,135,35,1,5,5,15,109,8,8,7,0,2,2,0,0,0,0,,332,10,9,351,705
,1,AGUASCALIENTES,17,AGUASCALIENTES,1,AGUASCALIENTES,214,2,453,43,7,11,1,6,97,6,9,4,1,8,1,,,,,,647,0,7,654,980
,1,AGUASCALIENTES,17,AGUASCALIENTES,1,AGUASCALIENTES,215,2,513,47,14,5,6,15,80,5,33,4,1,8,0,,,,,,731,1,13,745,1112
,1,AGUASCALIENTES,17,AGUASCALIENTES,1,AGUASCALIENTES,216,2,389,23,4,11,6,14,70,14,5,5,2,3,2,,,,,,548,0,6,554,872
,1,AGUASCALIENTES,17,AGUASCALIENTES,1,AGUASCALIENTES,217,2,385,44,2,3,3,11,83,12,5,3,2,7,1,,,,,,561,0,10,571,936
,1,AGUASCALIENTES,17,AGUASCALIENTES,1,AGUASCALIENTES,218,5,644,76,11,18,6,25,167,15,12,7,0,20,2,,,,,,1003,2,24,1029,1551
,1,AGUASCALIENTES,17,AGUASCALIENTES,1,AGUASCALIENTES,219,2,310,25,5,10,2,11,73,7,8,6,2,5,4,,,,,,468,0,9,477,766
,1,AGUASCALIENTES,17,AGUASCALIENTES,1,AGUASCALIENTES,220,2,496,63,10,9,2,25,99,12,10,7,1,14,0,,,,,,748,1,13,762,1270
,1,AGUASCALIENTES,17,AGUASCALIENTES,1,AGUASCALIENTES,221,2,447,42,6,4,3,27,96,9,8,1,2,7,0,,,,,,652,0,10,662,959
,1,AGUASCALIENTES,17,AGUASCALIENTES,1,AGUASCALIENTES,222,2,574,51,10,17,3,34,145,16,13,7,6,12,3,,,,,,891,1,14,906,1430
,1,AGUASCALIENTES,17,AGUASCALIENTES,1,AGUASCALIENTES,223,1,199,22,0,43,2,6,82,6,3,1,0,1,0,,,,,,365,0,13,378,721
,1,AGUASCALIENTES,17,AGUASCALIENTES,1,AGUASCALIENTES,224,2,381,49,7,14,10,21,115,8,6,2,3,10,0,,,,,,626,0,17,643,1102
,1,AGUASCALIENTES,17,AGUASCALIENTES,1,AGUASCALIENTES,225,2,340,65,7,8,4,15,145,7,15,8,4,5,0,,,,,,623,1,14,638,965
,1,AGUASCALIENTES,17,AGUASCALIENTES,1,AGUASCALIENTES,226,2,413,50,6,8,8,15,71,4,8,0,3,8,0,,,,,,594,1,10,605,904
,1,AGUASCALIENTES,17,AGUASCALIENTES,1,AGUASCALIENTES,227,2,136,26,2,11,3,25,96,5,4,4,5,3,0,,,,,,320,1,8,329,786
,1,AGUASCALIENTES,17,AGUASCALIENTES,1,AGUASCALIENTES,228,2,159,21,4,5,9,8,115,9,7,2,5,7,0,,,,,,351,0,22,373,772
,1,AGUASCALIENTES,17,AGUASCALIENTES,1,AGUASCALIENTES,229,2,214,29,5,17,5,16,105,9,7,6,1,2,0,,,,,,416,1,11,428,762
,1,AGUASCALIENTES,17,AGUASCALIENTES,1,AGUASCALIENTES,230,2,407,60,6,15,7,21,190,14,20,8,0,6,4,,,,,,758,1,17,776,1298
,1,AGUASCALIENTES,17,AGUASCALIENTES,1,AGUASCALIENTES,231,2,431,73,12,13,11,21,181,16,9,6,7,10,0,,,,,,790,2,22,814,1456
,1,AGUASCALIENTES,17,AGUASCALIENTES,1,AGUASCALIENTES,232,2,179,28,5,5,6,16,107,6,1,7,0,8,1,,,,,,369,0,13,382,771
,1,AGUASCALIENTES,17,AGUASCALIENTES,1,AGUASCALIENTES,233,2,130,23,8,9,11,30,92,1,3,12,2,5,0,,,,,,326,0,17,343,927
,1,AGUASCALIENTES,17,AGUASCALIENTES,1,AGUASCALIENTES,234,2,119,24,9,7,2,7,104,7,5,7,4,6,2,,,,,,303,0,6,309,782
,1,AGUASCALIENTES,17,AGUASCALIENTES,1,AGUASCALIENTES,235,1,88,15,3,2,9,9,96,6,0,4,2,9,0,,,,,,243,0,16,259,618
,1,AGUASCALIENTES,17,AGUASCALIENTES,1,AGUASCALIENTES,236,2,200,36,6,12,4,30,158,10,3,8,1,13,0,,,,,,481,0,12,493,1231
,1,AGUASCALIENTES,17,AGUASCALIENTES,1,AGUASCALIENTES,237,2,99,17,1,5,5,35,74,2,1,2,1,5,0,,,,,,247,0,8,255,787
,1,AGUASCALIENTES,17,AGUASCALIENTES,1,AGUASCALIENTES,238,2,115,30,10,14,10,21,131,4,4,3,1,7,0,,,,,,350,0,9,359,806
,1,AGUASCALIENTES,17,AGUASCALIENTES,1,AGUASCALIENTES,239,2,93,15,3,2,3,34,100,7,2,5,1,2,1,,,,,,268,0,6,274,836
,1,AGUASCALIENTES,17,AGUASCALIENTES,1,AGUASCALIENTES,240,1,82,17,4,7,6,14,106,8,3,2,1,0,0,,,,,,250,0,7,257,696
,1,AGUASCALIENTES,17,AGUASCALIENTES,1,AGUASCALIENTES,241,1,161,25,4,4,4,13,83,6,2,3,0,10,1,,,,,,316,0,10,326,620
,1,AGUASCALIENTES,17,AGUASCALIENTES,1,AGUASCALIENTES,242,1,128,10,0,4,3,13,66,7,4,2,2,4,0,,,,,,243,0,8,251,589
,1,AGUASCALIENTES,17,AGUASCALIENTES,1,AGUASCALIENTES,243,2,190,37,1,9,9,40,158,13,5,12,4,8,0,,,,,,486,0,16,502,1206
,1,AGUASCALIENTES,17,AGUASCALIENTES,1,AGUASCALIENTES,244,2,170,28,4,9,4,23,117,10,8,8,2,10,1,,,,,,394,0,11,405,1123
,1,AGUASCALIENTES,17,AGUASCALIENTES,1,AGUASCALIENTES,245,2,112,21,3,10,3,21,103,5,6,6,0,4,2,,,,,,296,1,19,316,827
,1,AGUASCALIENTES,9,AGUASCALIENTES,1,AGUASCALIENTES,246,2,129,30,5,6,5,98,97,5,3,0,8,9,0,0,0,0,0,0,395,0,23,418,985
,1,AGUASCALIENTES,9,AGUASCALIENTES,1,AGUASCALIENTES,247,2,127,22,3,4,0,90,95,6,7,5,0,7,0,0,0,0,0,0,366,0,16,382,922
,1,AGUASCALIENTES,9,AGUASCALIENTES,1,AGUASCALIENTES,248,2,83,11,3,3,1,94,75,2,2,7,0,5,0,0,0,0,0,0,286,0,9,295,774
,1,AGUASCALIENTES,9,AGUASCALIENTES,1,AGUASCALIENTES,249,2,162,28,6,17,8,62,125,10,4,5,1,17,2,1,0,0,0,0,448,1,10,459,1320
,1,AGUASCALIENTES,9,AGUASCALIENTES,1,AGUASCALIENTES,250,2,123,30,5,8,3,28,89,8,4,5,3,16,1,0,1,0,0,0,324,0,12,336,862
,1,AGUASCALIENTES,9,AGUASCALIENTES,1,AGUASCALIENTES,251,2,114,25,4,10,6,36,114,6,4,2,4,61,0,0,1,0,0,0,387,1,19,407,1030
,1,AGUASCALIENTES,9,AGUASCALIENTES,1,AGUASCALIENTES,252,2,112,16,11,7,8,22,92,4,4,4,2,14,1,0,0,0,1,0,298,1,17,316,1014
,1,AGUASCALIENTES,9,AGUASCALIENTES,1,AGUASCALIENTES,253,2,144,12,3,4,5,16,79,5,2,2,2,15,0,0,0,0,0,0,289,0,10,299,894
,1,AGUASCALIENTES,9,AGUASCALIENTES,1,AGUASCALIENTES,254,2,112,13,1,5,4,29,43,9,5,4,4,12,0,0,1,0,0,0,242,1,9,252,845
,1,AGUASCALIENTES,9,AGUASCALIENTES,1,AGUASCALIENTES,255,2,112,21,6,8,5,44,67,5,4,3,1,10,2,0,0,0,0,0,288,0,9,297,814
,1,AGUASCALIENTES,9,AGUASCALIENTES,1,AGUASCALIENTES,256,2,157,27,13,11,3,61,79,9,2,8,2,5,2,0,0,0,0,0,379,0,10,389,1100
,1,AGUASCALIENTES,9,AGUASCALIENTES,1,AGUASCALIENTES,257,6,709,87,16,37,13,164,299,94,23,13,10,46,2,52,1,0,0,0,1566,3,64,1633,3827
,1,AGUASCALIENTES,9,AGUASCALIENTES,1,AGUASCALIENTES,258,2,247,23,3,6,5,53,142,16,5,8,5,6,0,0,1,0,0,0,520,1,13,534,1293
,1,AGUASCALIENTES,18,AGUASCALIENTES,1,AGUASCALIENTES,259,1,100,14,0,8,3,12,38,4,2,1,1,1,0,0,0,0,0,,184,0,13,197,430
,1,AGUASCALIENTES,18,AGUASCALIENTES,1,AGUASCALIENTES,260,3,511,55,20,24,6,45,222,8,13,18,5,13,1,1,0,0,0,0,942,2,36,980,1992
,1,AGUASCALIENTES,9,AGUASCALIENTES,1,AGUASCALIENTES,261,2,175,17,6,9,6,99,101,7,1,9,0,11,0,0,0,0,0,0,441,0,15,456,959
,1,AGUASCALIENTES,9,AGUASCALIENTES,1,AGUASCALIENTES,262,1,99,12,2,15,4,64,49,10,3,0,1,1,0,0,1,0,0,,261,0,11,272,592
,1,AGUASCALIENTES,9,AGUASCALIENTES,1,AGUASCALIENTES,263,1,137,8,3,6,2,43,77,9,0,6,1,5,0,0,0,0,0,,297,0,26,323,745
,1,AGUASCALIENTES,9,AGUASCALIENTES,1,AGUASCALIENTES,264,2,169,23,6,4,6,65,83,20,2,4,4,2,0,0,0,0,0,0,388,0,11,399,898
,1,AGUASCALIENTES,9,AGUASCALIENTES,1,AGUASCALIENTES,265,2,137,15,1,11,1,79,75,8,2,6,2,4,1,0,0,0,0,0,342,0,12,354,809
,1,AGUASCALIENTES,9,AGUASCALIENTES,1,AGUASCALIENTES,266,1,145,17,0,6,7,51,99,8,8,5,0,2,0,0,0,0,0,,348,0,0,348,710
,1,AGUASCALIENTES,9,AGUASCALIENTES,1,AGUASCALIENTES,267,2,212,26,8,14,0,54,159,13,12,9,1,7,1,0,0,0,0,0,516,11,9,536,1305
,1,AGUASCALIENTES,9,AGUASCALIENTES,1,AGUASCALIENTES,268,1,140,23,2,4,7,21,74,3,5,5,0,4,0,0,0,0,0,,288,2,4,294,647
,1,AGUASCALIENTES,9,AGUASCALIENTES,1,AGUASCALIENTES,269,2,187,24,3,9,2,27,95,5,3,7,4,5,0,0,0,0,0,0,371,0,10,381,836
,1,AGUASCALIENTES,9,AGUASCALIENTES,1,AGUASCALIENTES,270,12,2022,223,45,62,21,257,886,62,40,70,12,80,8,2,3,0,0,0,3793,6,113,3912,8292
,1,AGUASCALIENTES,10,AGUASCALIENTES,1,AGUASCALIENTES,271,2,168,36,7,3,10,6,102,3,4,7,3,8,0,,,,,,357,0,20,377,857
,1,AGUASCALIENTES,10,AGUASCALIENTES,1,AGUASCALIENTES,272,2,212,41,2,12,0,11,97,11,7,12,2,3,2,,,,,,412,0,18,430,803
,1,AGUASCALIENTES,10,AGUASCALIENTES,1,AGUASCALIENTES,273,1,191,34,6,7,5,9,92,9,7,3,1,7,0,,,,,,371,1,19,391,725
,1,AGUASCALIENTES,17,AGUASCALIENTES,1,AGUASCALIENTES,274,2,255,40,3,7,10,12,60,8,1,7,1,2,4,,,,,,410,3,15,428,756
,1,AGUASCALIENTES,17,AGUASCALIENTES,1,AGUASCALIENTES,275,2,252,37,1,10,6,7,92,5,9,3,2,7,1,,,,,,432,1,15,448,844
,1,AGUASCALIENTES,17,AGUASCALIENTES,1,AGUASCALIENTES,276,2,346,55,4,9,6,14,56,5,2,4,2,15,1,,,,,,519,1,10,530,926
,1,AGUASCALIENTES,17,AGUASCALIENTES,1,AGUASCALIENTES,277,1,267,38,4,6,0,12,78,8,0,1,2,4,1,,,,,,421,0,11,432,747
,1,AGUASCALIENTES,17,AGUASCALIENTES,1,AGUASCALIENTES,278,1,315,45,5,5,4,14,81,1,2,7,3,2,1,,,,,,485,1,4,490,729
,1,AGUASCALIENTES,10,AGUASCALIENTES,1,AGUASCALIENTES,279,1,322,30,1,3,3,14,56,0,1,5,1,4,1,,,,,,441,0,8,449,609
,1,AGUASCALIENTES,10,AGUASCALIENTES,1,AGUASCALIENTES,280,1,246,32,7,7,3,16,50,3,5,4,0,5,0,,,,,,378,0,12,390,595
,1,AGUASCALIENTES,10,AGUASCALIENTES,1,AGUASCALIENTES,281,1,260,28,2,5,6,13,61,3,11,3,0,10,1,,,,,,403,0,5,408,659
,1,AGUASCALIENTES,10,AGUASCALIENTES,1,AGUASCALIENTES,282,2,295,24,7,6,10,12,94,4,4,11,2,10,0,,,,,,479,0,6,485,960
,1,AGUASCALIENTES,10,AGUASCALIENTES,1,AGUASCALIENTES,283,1,337,25,7,8,0,17,43,4,3,1,0,2,0,,,,,,447,0,7,454,630
,1,AGUASCALIENTES,10,AGUASCALIENTES,1,AGUASCALIENTES,284,2,236,33,4,14,7,14,149,12,5,10,2,15,0,,,,,,501,2,28,531,1075
,1,AGUASCALIENTES,17,AGUASCALIENTES,1,AGUASCALIENTES,285,1,204,23,3,6,5,9,81,9,3,1,0,2,0,,,,,,346,0,5,351,621
,1,AGUASCALIENTES,17,AGUASCALIENTES,1,AGUASCALIENTES,286,1,176,18,3,4,5,11,54,4,3,7,2,3,0,,,,,,290,0,8,298,537
,1,AGUASCALIENTES,17,AGUASCALIENTES,1,AGUASCALIENTES,287,1,138,19,2,2,4,4,67,10,1,1,0,4,0,,,,,,252,0,7,259,571
,1,AGUASCALIENTES,17,AGUASCALIENTES,1,AGUASCALIENTES,288,2,218,31,9,9,4,10,79,7,5,10,0,15,0,,,,,,397,1,15,413,790
,1,AGUASCALIENTES,17,AGUASCALIENTES,1,AGUASCALIENTES,289,1,201,18,14,14,3,17,62,17,8,1,0,2,0,,,,,,357,0,11,368,730
,1,AGUASCALIENTES,17,AGUASCALIENTES,1,AGUASCALIENTES,290,1,200,32,5,4,6,9,67,4,6,2,3,2,0,,,,,,340,0,6,346,673
,1,AGUASCALIENTES,17,AGUASCALIENTES,1,AGUASCALIENTES,291,2,323,56,3,16,10,30,135,10,7,8,4,20,0,,,,,,622,0,15,637,1234
,1,AGUASCALIENTES,17,AGUASCALIENTES,1,AGUASCALIENTES,292,2,189,27,7,12,5,44,100,10,7,2,2,9,0,,,,,,414,0,15,429,1001
,1,AGUASCALIENTES,10,AGUASCALIENTES,1,AGUASCALIENTES,293,2,251,44,4,14,7,15,120,3,5,10,1,3,0,,,,,,477,0,19,496,910
,1,AGUASCALIENTES,17,AGUASCALIENTES,1,AGUASCALIENTES,294,2,216,36,4,5,17,16,103,9,7,8,0,7,1,,,,,,429,4,18,451,1004
,1,AGUASCALIENTES,17,AGUASCALIENTES,1,AGUASCALIENTES,295,2,266,43,6,7,5,21,134,4,10,5,2,8,3,,,,,,514,1,14,529,1105
,1,AGUASCALIENTES,17,AGUASCALIENTES,1,AGUASCALIENTES,296,2,252,36,5,27,10,11,123,4,4,12,5,12,4,,,,,,505,0,18,523,988
,1,AGUASCALIENTES,17,AGUASCALIENTES,1,AGUASCALIENTES,297,2,192,36,11,7,14,21,74,2,6,3,3,8,1,,,,,,378,1,12,391,841
,1,AGUASCALIENTES,17,AGUASCALIENTES,1,AGUASCALIENTES,298,2,282,25,8,16,0,24,159,11,5,9,2,8,0,,,,,,549,0,21,570,1208
,1,AGUASCALIENTES,17,AGUASCALIENTES,1,AGUASCALIENTES,299,2,239,45,5,8,12,16,132,8,6,6,2,13,0,,,,,,492,0,8,500,1168
,1,AGUASCALIENTES,10,AGUASCALIENTES,1,AGUASCALIENTES,300,2,215,40,3,15,11,18,159,13,6,9,1,2,1,,,,,,493,1,24,518,970
,1,AGUASCALIENTES,10,AGUASCALIENTES,1,AGUASCALIENTES,301,7,1982,217,58,47,38,110,540,30,27,14,11,45,5,,,,,,3124,4,53,3181,5074
,1,AGUASCALIENTES,10,AGUASCALIENTES,1,AGUASCALIENTES,302,3,537,46,11,19,23,33,214,11,19,6,3,28,0,,,,,,950,0,20,970,1918
,1,AGUASCALIENTES,10,AGUASCALIENTES,1,AGUASCALIENTES,303,3,574,58,14,16,16,58,210,16,16,9,10,25,0,,,,,,1022,2,28,1052,1888
,1,AGUASCALIENTES,10,AGUASCALIENTES,1,AGUASCALIENTES,304,2,237,30,5,4,6,22,162,6,9,1,3,13,0,,,,,,498,0,17,515,1186
,1,AGUASCALIENTES,10,AGUASCALIENTES,1,AGUASCALIENTES,305,2,190,38,4,10,4,17,149,6,9,7,2,11,0,,,,,,447,0,17,464,1107
,1,AGUASCALIENTES,10,AGUASCALIENTES,1,AGUASCALIENTES,306,2,185,52,7,5,7,7,156,12,5,3,6,11,0,,,,,,456,0,16,472,1038
,1,AGUASCALIENTES,10,AGUASCALIENTES,1,AGUASCALIENTES,307,2,277,26,11,12,12,28,175,17,10,6,5,26,1,,,,,,606,0,25,631,1216
,1,AGUASCALIENTES,10,AGUASCALIENTES,1,AGUASCALIENTES,308,2,221,35,6,8,10,31,115,12,8,8,5,16,0,,,,,,475,0,10,485,926
,1,AGUASCALIENTES,10,AGUASCALIENTES,1,AGUASCALIENTES,309,2,277,28,5,8,7,34,125,7,8,5,1,12,2,,,,,,519,0,19,538,1014
,1,AGUASCALIENTES,9,AGUASCALIENTES,1,AGUASCALIENTES,310,2,260,22,11,5,6,54,114,10,10,6,1,55,0,0,0,0,0,0,554,1,19,574,1068
,1,AGUASCALIENTES,9,AGUASCALIENTES,1,AGUASCALIENTES,311,2,244,58,6,3,5,37,166,11,11,2,2,20,1,0,0,0,0,0,566,0,11,577,1084
,1,AGUASCALIENTES,9,AGUASCALIENTES,1,AGUASCALIENTES,312,2,255,53,9,12,4,54,140,19,16,6,1,23,3,0,0,0,0,0,595,1,19,615,1146
,1,AGUASCALIENTES,9,AGUASCALIENTES,1,AGUASCALIENTES,313,2,213,45,16,11,9,66,148,20,11,6,0,11,0,0,0,0,0,0,556,0,19,575,1269
,1,AGUASCALIENTES,9,AGUASCALIENTES,1,AGUASCALIENTES,314,2,228,26,6,6,3,57,104,4,5,1,0,10,115,52,0,0,0,0,617,2,17,636,1127
,1,AGUASCALIENTES,18,AGUASCALIENTES,1,AGUASCALIENTES,315,6,902,122,10,34,19,60,295,18,17,50,6,17,0,0,0,0,0,0,1550,1,81,1632,3946
,1,AGUASCALIENTES,12,AGUASCALIENTES,1,AGUASCALIENTES,316,4,448,141,29,25,12,24,482,9,21,31,8,17,3,1,3,0,2,0,1256,0,40,1296,2799
,1,AGUASCALIENTES,12,AGUASCALIENTES,1,AGUASCALIENTES,317,4,515,122,17,58,21,14,438,12,12,10,12,11,2,0,1,0,0,0,1245,0,19,1264,2649
,1,AGUASCALIENTES,6,AGUASCALIENTES,1,AGUASCALIENTES,320,7,2004,185,23,36,32,137,304,19,34,11,5,22,3,,,,,,2815,0,30,2845,5242
,1,AGUASCALIENTES,10,AGUASCALIENTES,1,AGUASCALIENTES,321,3,575,39,13,10,14,49,88,6,10,35,2,4,1,,,,,,846,0,24,870,1681
,1,AGUASCALIENTES,10,AGUASCALIENTES,1,AGUASCALIENTES,322,14,2645,301,66,80,60,234,841,47,55,47,24,52,11,,,,,,4463,4,113,4580,9246
,1,AGUASCALIENTES,18,AGUASCALIENTES,1,AGUASCALIENTES,323,10,1023,156,37,32,26,88,562,36,15,46,13,32,3,0,1,0,0,0,2070,2,46,2118,5943
,1,AGUASCALIENTES,18,AGUASCALIENTES,1,AGUASCALIENTES,324,3,339,45,2,12,11,76,125,12,3,10,3,11,1,1,1,0,0,0,652,0,32,684,1953
,1,AGUASCALIENTES,9,AGUASCALIENTES,1,AGUASCALIENTES,326,11,2562,251,44,56,23,250,655,51,34,35,13,81,5,0,1,0,0,0,4061,6,60,4127,7555
,1,AGUASCALIENTES,10,AGUASCALIENTES,1,AGUASCALIENTES,327,8,2194,197,29,49,52,100,358,25,22,35,3,12,5,,,,,,3081,1,41,3123,5297
,1,AGUASCALIENTES,10,AGUASCALIENTES,1,AGUASCALIENTES,328,3,378,60,5,10,57,39,92,7,4,22,1,5,1,,,,,,681,0,21,702,1569
,1,AGUASCALIENTES,9,AGUASCALIENTES,1,AGUASCALIENTES,329,2,186,49,1,6,3,20,148,4,6,1,5,13,0,1,0,0,0,0,443,0,12,455,1033
,1,AGUASCALIENTES,9,AGUASCALIENTES,1,AGUASCALIENTES,330,4,431,99,3,23,9,86,140,10,8,12,38,24,0,0,1,0,0,0,884,0,27,911,2657
,1,AGUASCALIENTES,9,AGUASCALIENTES,1,AGUASCALIENTES,331,7,1004,139,14,31,13,84,355,28,20,12,6,27,2,0,0,0,0,0,1735,1,56,1792,4021
,1,AGUASCALIENTES,18,AGUASCALIENTES,1,AGUASCALIENTES,332,4,377,71,2,19,10,21,285,13,8,8,3,8,1,1,2,0,0,0,829,0,22,851,2547
,1,AGUASCALIENTES,9,AGUASCALIENTES,1,AGUASCALIENTES,333,4,375,99,8,21,17,39,324,9,15,14,10,12,1,3,1,0,2,0,950,0,17,967,2234
,1,AGUASCALIENTES,9,AGUASCALIENTES,1,AGUASCALIENTES,334,3,334,54,2,17,9,46,239,7,1,5,5,6,0,0,1,0,0,0,726,0,17,743,1973
,1,AGUASCALIENTES,9,AGUASCALIENTES,1,AGUASCALIENTES,335,1,147,24,1,3,0,8,72,1,2,4,4,19,0,0,2,0,0,,287,0,16,303,747
,1,AGUASCALIENTES,9,AGUASCALIENTES,1,AGUASCALIENTES,336,2,190,60,5,8,5,27,155,11,2,3,6,26,0,0,1,0,0,0,499,0,28,527,1229
,1,AGUASCALIENTES,9,AGUASCALIENTES,1,AGUASCALIENTES,337,2,173,79,3,13,3,16,129,7,8,3,3,13,0,0,0,0,0,0,450,0,24,474,1293
,1,AGUASCALIENTES,2,PALO ALTO,2,ASIENTOS,338,3,576,18,0,22,18,6,500,5,9,3,10,10,2,,,,,,1179,0,30,1209,1833
,1,AGUASCALIENTES,2,PALO ALTO,2,ASIENTOS,339,3,584,18,3,24,14,14,414,4,12,1,10,14,3,,,,,,1115,0,21,1136,1745
,1,AGUASCALIENTES,2,PALO ALTO,2,ASIENTOS,340,3,432,19,2,25,21,44,566,7,23,5,5,24,1,,,,,,1174,0,19,1193,1847
,1,AGUASCALIENTES,2,PALO ALTO,2,ASIENTOS,341,3,502,16,8,46,32,79,713,3,36,3,19,42,2,,,,,,1501,0,43,1544,2137
,1,AGUASCALIENTES,2,PALO ALTO,2,ASIENTOS,342,3,352,15,5,17,18,17,601,5,89,7,51,11,2,,,,,,1190,0,27,1217,1615
,1,AGUASCALIENTES,2,PALO ALTO,2,ASIENTOS,343,5,539,29,9,180,30,21,1279,8,25,11,22,19,7,,,,,,2179,1,44,2224,3214
,1,AGUASCALIENTES,2,PALO ALTO,2,ASIENTOS,344,4,638,73,19,24,37,23,912,9,51,14,28,9,3,,,,,,1840,0,55,1895,2692
,1,AGUASCALIENTES,2,PALO ALTO,2,ASIENTOS,345,4,344,151,74,16,24,22,607,7,11,15,17,9,3,,,,,,1300,0,32,1332,2300
,1,AGUASCALIENTES,2,PALO ALTO,2,ASIENTOS,346,3,323,48,19,21,19,18,672,8,17,10,49,9,0,,,,,,1213,0,25,1238,1915
,1,AGUASCALIENTES,2,PALO ALTO,2,ASIENTOS,347,4,497,22,25,50,24,16,1104,8,40,19,34,15,0,,,,,,1854,0,53,1907,2736
,1,AGUASCALIENTES,2,PALO ALTO,2,ASIENTOS,348,3,251,18,43,7,18,8,742,4,15,10,30,26,3,,,,,,1175,0,16,1191,1827
,1,AGUASCALIENTES,2,PALO ALTO,2,ASIENTOS,349,4,456,21,49,12,29,26,926,5,44,8,41,8,0,,,,,,1625,0,33,1658,2622
,1,AGUASCALIENTES,2,PALO ALTO,2,ASIENTOS,350,4,400,43,30,20,24,13,794,6,28,38,20,26,2,,,,,,1444,0,48,1492,2678
,1,AGUASCALIENTES,2,PALO ALTO,2,ASIENTOS,351,3,216,15,136,13,26,6,545,1,14,4,9,11,8,,,,,,1004,0,34,1038,1502
,1,AGUASCALIENTES,2,PALO ALTO,2,ASIENTOS,352,4,420,63,19,11,65,10,803,8,17,13,20,20,1,,,,,,1470,0,35,1505,2468
,1,AGUASCALIENTES,2,PALO ALTO,2,ASIENTOS,353,3,181,28,14,6,22,13,831,2,17,7,10,10,2,,,,,,1143,0,25,1168,1630
,1,AGUASCALIENTES,2,PALO ALTO,2,ASIENTOS,354,2,170,57,2,19,19,34,543,3,6,7,17,16,2,,,,,,895,0,14,909,1460
,1,AGUASCALIENTES,8,CALVILLO,3,CALVILLO,355,3,326,91,8,17,8,23,170,87,21,3,3,122,1,,,,,,880,0,24,904,1655
,1,AGUASCALIENTES,8,CALVILLO,3,CALVILLO,356,4,565,85,14,19,14,24,288,298,43,3,7,99,8,,,,,,1467,1,47,1515,2829
,1,AGUASCALIENTES,8,CALVILLO,3,CALVILLO,357,3,338,98,8,17,8,14,158,115,25,9,4,115,1,,,,,,910,3,32,945,1803
,1,AGUASCALIENTES,8,CALVILLO,3,CALVILLO,358,5,663,102,24,47,24,59,372,229,46,5,4,177,1,,,,,,1753,0,71,1824,3635
,1,AGUASCALIENTES,8,CALVILLO,3,CALVILLO,359,2,175,29,10,14,8,22,92,84,18,3,0,78,0,,,,,,533,1,12,546,1109
,1,AGUASCALIENTES,8,CALVILLO,3,CALVILLO,360,2,122,38,5,9,2,16,88,56,7,4,0,47,2,,,,,,396,1,13,410,825
,1,AGUASCALIENTES,8,CALVILLO,3,CALVILLO,361,3,352,74,5,22,11,39,232,138,31,4,2,104,1,,,,,,1015,1,30,1046,1891
,1,AGUASCALIENTES,8,CALVILLO,3,CALVILLO,362,5,504,105,20,38,11,37,291,135,38,8,11,162,3,,,,,,1363,0,45,1408,2374
,1,AGUASCALIENTES,8,CALVILLO,3,CALVILLO,363,3,454,83,16,51,11,28,197,146,23,5,5,109,2,,,,,,1130,1,24,1155,2031
,1,AGUASCALIENTES,8,CALVILLO,3,CALVILLO,364,1,159,22,3,4,9,7,27,47,5,4,1,2,0,,,,,,290,0,8,298,646
,1,AGUASCALIENTES,8,CALVILLO,3,CALVILLO,365,1,73,12,6,7,4,3,40,19,5,3,0,7,0,,,,,,179,0,7,186,364
,1,AGUASCALIENTES,8,CALVILLO,3,CALVILLO,366,1,138,22,2,8,3,8,60,30,4,8,5,15,0,,,,,,303,0,19,322,690
,1,AGUASCALIENTES,8,CALVILLO,3,CALVILLO,367,3,374,64,7,22,15,26,236,92,17,7,5,88,0,,,,,,953,0,34,987,1796
,1,AGUASCALIENTES,8,CALVILLO,3,CALVILLO,369,1,77,9,3,4,5,5,54,33,4,2,5,8,0,,,,,,209,0,5,214,446
,1,AGUASCALIENTES,8,CALVILLO,3,CALVILLO,370,2,238,41,11,27,8,14,194,94,14,10,9,15,1,,,,,,676,0,31,707,1395
,1,AGUASCALIENTES,8,CALVILLO,3,CALVILLO,371,2,193,34,2,18,9,28,107,51,13,9,4,35,1,,,,,,504,0,18,522,1130
,1,AGUASCALIENTES,8,CALVILLO,3,CALVILLO,372,2,242,17,2,10,2,15,111,69,16,5,7,30,7,,,,,,533,0,20,553,1138
,1,AGUASCALIENTES,8,CALVILLO,3,CALVILLO,373,3,337,64,6,25,6,22,119,211,10,6,4,55,1,,,,,,866,0,33,899,1570
,1,AGUASCALIENTES,8,CALVILLO,3,CALVILLO,374,2,186,45,4,25,5,29,149,62,28,6,7,28,0,,,,,,574,0,15,589,1105
,1,AGUASCALIENTES,8,CALVILLO,3,CALVILLO,375,3,277,71,8,29,16,31,279,83,34,13,9,63,2,,,,,,915,1,52,968,2017
,1,AGUASCALIENTES,8,CALVILLO,3,CALVILLO,376,3,339,60,9,56,20,33,221,97,22,10,4,73,0,,,,,,944,0,52,996,2201
,1,AGUASCALIENTES,8,CALVILLO,3,CALVILLO,377,3,211,84,5,30,8,21,214,60,18,9,6,47,0,,,,,,713,0,38,751,1582
,1,AGUASCALIENTES,8,CALVILLO,3,CALVILLO,378,1,67,14,2,13,5,8,39,9,10,3,6,24,0,,,,,,200,0,14,214,406
,1,AGUASCALIENTES,8,CALVILLO,3,CALVILLO,379,3,302,48,2,13,8,13,191,50,25,10,5,40,1,,,,,,708,0,30,738,1523
,1,AGUASCALIENTES,8,CALVILLO,3,CALVILLO,380,3,379,36,12,38,14,34,198,79,24,10,7,61,3,,,,,,895,1,52,948,1971
,1,AGUASCALIENTES,8,CALVILLO,3,CALVILLO,381,2,191,30,8,18,5,22,124,89,13,5,3,35,0,,,,,,543,0,19,562,1155
,1,AGUASCALIENTES,8,CALVILLO,3,CALVILLO,382,3,313,49,5,33,16,24,196,94,23,7,8,154,0,,,,,,922,0,40,962,1865
,1,AGUASCALIENTES,8,CALVILLO,3,CALVILLO,383,4,463,48,62,31,20,31,269,108,43,10,8,123,4,,,,,,1220,0,44,1264,2603
,1,AGUASCALIENTES,8,CALVILLO,3,CALVILLO,384,2,246,43,5,27,7,24,110,90,11,2,7,132,0,,,,,,704,0,36,740,1414
,1,AGUASCALIENTES,8,CALVILLO,3,CALVILLO,385,3,266,55,5,16,13,28,139,36,11,5,4,201,0,,,,,,779,0,45,824,1621
,1,AGUASCALIENTES,8,CALVILLO,3,CALVILLO,386,3,321,25,9,16,10,21,203,62,15,8,4,68,4,,,,,,766,1,40,807,1576
,1,AGUASCALIENTES,1,RINCON DE ROMOS,4,COSIO,387,5,373,489,6,371,164,830,110,5,25,8,12,3,2,2,0,1,1,38,2440,0,87,2527,3230
,1,AGUASCALIENTES,1,RINCON DE ROMOS,4,COSIO,388,3,262,407,4,255,92,468,62,2,19,11,7,8,3,0,0,0,0,16,1616,2,64,1682,2204
,1,AGUASCALIENTES,1,RINCON DE ROMOS,4,COSIO,389,3,316,176,7,373,77,186,60,2,37,4,2,10,0,0,0,0,0,4,1254,0,32,1286,1817
,1,AGUASCALIENTES,1,RINCON DE ROMOS,4,COSIO,390,4,479,372,10,493,61,221,104,3,13,1,0,18,0,0,0,0,0,31,1806,0,21,1827,2389
,1,AGUASCALIENTES,1,RINCON DE ROMOS,4,COSIO,391,4,523,366,49,479,184,309,75,1,16,0,0,39,4,0,0,0,0,13,2058,0,40,2098,2572
,1,AGUASCALIENTES,7,JESUS MARIA,5,JESUS MARIA,392,10,1350,295,14,106,75,26,971,30,53,113,30,108,4,8,7,1,3,0,3194,9,92,3295,6994
,1,AGUASCALIENTES,7,JESUS MARIA,5,JESUS MARIA,393,5,754,131,10,58,22,13,396,10,15,65,18,60,4,1,4,1,0,0,1562,1,28,1591,3220
,1,AGUASCALIENTES,7,JESUS MARIA,5,JESUS MARIA,394,8,962,273,34,69,56,21,771,13,29,95,16,137,3,4,4,0,0,0,2487,2,64,2553,5336
,1,AGUASCALIENTES,7,JESUS MARIA,5,JESUS MARIA,395,3,362,129,5,30,17,5,274,5,4,48,7,36,2,1,2,0,1,0,928,0,19,947,1572
,1,AGUASCALIENTES,7,JESUS MARIA,5,JESUS MARIA,396,8,1292,306,22,87,58,39,713,19,37,99,17,116,5,1,3,1,0,0,2815,4,52,2871,5378
,1,AGUASCALIENTES,7,JESUS MARIA,5,JESUS MARIA,397,14,1971,464,27,110,107,50,1498,50,63,142,27,214,16,8,10,5,4,0,4766,2,97,4865,9988
,1,AGUASCALIENTES,7,JESUS MARIA,5,JESUS MARIA,398,2,221,90,5,13,9,5,176,4,7,83,3,19,0,0,0,0,0,0,635,0,10,645,1259
,1,AGUASCALIENTES,7,JESUS MARIA,5,JESUS MARIA,399,3,253,69,7,18,19,5,245,9,12,96,7,20,0,1,1,0,1,0,763,0,21,784,1602
,1,AGUASCALIENTES,4,SAN FRANCISCO DE LOS ROMO,5,JESUS MARIA,400,3,267,120,7,21,9,14,201,9,8,40,7,10,0,,,,,,713,1,23,737,1587
,1,AGUASCALIENTES,4,SAN FRANCISCO DE LOS ROMO,5,JESUS MARIA,401,5,577,110,11,142,10,22,465,12,18,42,19,21,1,,,,,,1450,1,32,1483,3463
,1,AGUASCALIENTES,4,SAN FRANCISCO DE LOS ROMO,5,JESUS MARIA,402,2,191,53,2,31,9,8,175,9,9,9,7,9,0,,,,,,512,0,13,525,1119
,1,AGUASCALIENTES,4,SAN FRANCISCO DE LOS ROMO,5,JESUS MARIA,403,7,1097,186,15,116,27,38,594,30,31,34,16,32,7,,,,,,2223,2,51,2276,4573
,1,AGUASCALIENTES,4,SAN FRANCISCO DE LOS ROMO,10,SAN FRANCISCO DE LOS ROMO,404,2,113,199,6,10,34,7,143,16,19,4,1,2,1,,,,,,555,0,16,571,829
,1,AGUASCALIENTES,4,SAN FRANCISCO DE LOS ROMO,5,JESUS MARIA,405,13,2401,439,51,113,67,104,1162,56,133,111,22,93,8,,,,,,4760,22,107,4889,9163
,1,AGUASCALIENTES,7,JESUS MARIA,5,JESUS MARIA,406,6,714,102,100,40,31,19,388,20,17,94,8,119,2,2,0,0,1,0,1657,1,25,1683,3777
,1,AGUASCALIENTES,7,JESUS MARIA,5,JESUS MARIA,407,2,243,118,9,18,6,8,87,21,9,4,6,5,0,0,0,0,2,0,536,0,18,554,1095
,1,AGUASCALIENTES,7,JESUS MARIA,5,JESUS MARIA,408,1,92,48,1,1,3,0,27,4,3,1,0,10,1,0,0,0,0,,191,0,0,191,363
,1,AGUASCALIENTES,7,JESUS MARIA,5,JESUS MARIA,409,2,353,63,3,26,10,3,82,3,7,5,0,2,0,0,1,1,0,0,559,1,14,574,1021
,1,AGUASCALIENTES,7,JESUS MARIA,5,JESUS MARIA,410,5,741,197,13,29,14,13,274,24,44,25,9,17,3,0,3,0,2,0,1408,2,31,1441,2706
,1,AGUASCALIENTES,7,JESUS MARIA,5,JESUS MARIA,411,11,2019,378,43,67,48,56,646,48,63,77,29,98,8,1,3,0,0,0,3584,1,73,3658,7471
,1,AGUASCALIENTES,7,JESUS MARIA,5,JESUS MARIA,412,5,856,183,13,26,23,26,395,22,13,57,15,46,0,1,0,0,0,0,1676,1,54,1731,3708
,1,AGUASCALIENTES,4,SAN FRANCISCO DE LOS ROMO,5,JESUS MARIA,413,14,4067,461,50,80,23,135,784,53,29,30,20,50,12,,,,,,5794,0,92,5886,10062
,1,AGUASCALIENTES,7,JESUS MARIA,5,JESUS MARIA,414,4,981,163,16,13,23,17,324,20,12,37,7,41,5,2,0,0,0,0,1661,1,18,1680,2790
,1,AGUASCALIENTES,3,PABELLON DE ARTEAGA,6,PABELLON DE ARTEAGA,415,8,220,660,863,78,381,67,624,8,42,32,44,32,19,8,10,1,1,0,3090,12,99,3201,5588
,1,AGUASCALIENTES,3,PABELLON DE ARTEAGA,6,PABELLON DE ARTEAGA,416,2,52,160,171,13,114,14,146,7,14,11,13,30,4,1,3,0,0,0,753,3,34,790,1334
,1,AGUASCALIENTES,3,PABELLON DE ARTEAGA,6,PABELLON DE ARTEAGA,417,2,52,148,228,33,104,9,197,5,25,13,11,1,4,5,2,1,0,0,838,3,30,871,1388
,1,AGUASCALIENTES,3,PABELLON DE ARTEAGA,6,PABELLON DE ARTEAGA,418,2,40,114,191,41,97,6,105,0,15,13,21,2,3,2,1,0,0,0,651,2,18,671,1159
,1,AGUASCALIENTES,3,PABELLON DE ARTEAGA,6,PABELLON DE ARTEAGA,419,3,75,186,274,36,96,9,172,4,7,7,9,5,8,5,3,1,0,0,897,8,22,927,1584
,1,AGUASCALIENTES,3,PABELLON DE ARTEAGA,6,PABELLON DE ARTEAGA,420,2,28,111,176,19,63,1,138,2,11,2,14,2,8,2,0,0,0,0,577,12,17,606,1015
,1,AGUASCALIENTES,3,PABELLON DE ARTEAGA,6,PABELLON DE ARTEAGA,421,8,126,567,864,125,332,22,459,5,27,31,73,32,12,8,4,2,0,0,2689,24,107,2820,5433
,1,AGUASCALIENTES,3,PABELLON DE ARTEAGA,6,PABELLON DE ARTEAGA,422,2,36,120,145,21,66,8,106,1,9,14,4,1,6,1,1,0,0,0,539,5,22,566,953
,1,AGUASCALIENTES,3,PABELLON DE ARTEAGA,6,PABELLON DE ARTEAGA,423,2,23,159,208,15,103,4,162,2,7,12,5,3,2,5,2,0,0,0,712,0,30,742,1323
,1,AGUASCALIENTES,3,PABELLON DE ARTEAGA,6,PABELLON DE ARTEAGA,424,5,100,354,523,59,193,26,490,5,27,15,42,19,13,7,7,0,0,0,1880,12,64,1956,3209
,1,AGUASCALIENTES,3,PABELLON DE ARTEAGA,6,PABELLON DE ARTEAGA,425,2,23,92,181,10,39,0,102,0,3,5,11,7,3,0,1,0,0,0,477,1,21,499,842
,1,AGUASCALIENTES,3,PABELLON DE ARTEAGA,6,PABELLON DE ARTEAGA,426,2,22,150,213,38,86,19,110,1,7,5,7,9,4,0,3,0,0,0,674,3,18,695,1207
,1,AGUASCALIENTES,3,PABELLON DE ARTEAGA,6,PABELLON DE ARTEAGA,427,2,39,67,136,13,123,7,152,2,8,28,11,7,0,1,1,0,0,0,595,17,19,631,1097
,1,AGUASCALIENTES,3,PABELLON DE ARTEAGA,6,PABELLON DE ARTEAGA,428,4,135,242,236,62,59,13,268,5,28,41,10,11,6,1,1,0,0,0,1118,39,60,1217,2628
,1,AGUASCALIENTES,3,PABELLON DE ARTEAGA,6,PABELLON DE ARTEAGA,429,4,21,363,461,40,341,6,184,3,5,6,3,6,4,6,1,1,0,0,1451,3,68,1522,2323
,1,AGUASCALIENTES,3,PABELLON DE ARTEAGA,6,PABELLON DE ARTEAGA,430,2,31,360,231,20,88,7,144,2,2,3,2,3,1,0,0,0,0,0,894,5,30,929,1401
,1,AGUASCALIENTES,1,RINCON DE ROMOS,7,RINCON DE ROMOS,431,2,82,81,4,18,33,102,56,6,25,13,3,16,0,2,0,1,1,10,453,1,23,477,832
,1,AGUASCALIENTES,1,RINCON DE ROMOS,7,RINCON DE ROMOS,432,4,165,208,25,95,117,257,117,16,61,20,19,26,3,8,4,0,0,18,1159,0,53,1212,2593
,1,AGUASCALIENTES,1,RINCON DE ROMOS,7,RINCON DE ROMOS,433,2,66,108,6,23,34,101,61,2,20,4,1,8,0,0,0,1,1,7,443,1,18,462,856
,1,AGUASCALIENTES,1,RINCON DE ROMOS,7,RINCON DE ROMOS,434,2,75,194,1,35,42,51,68,2,13,7,2,7,2,0,0,0,0,9,508,2,14,524,795
,1,AGUASCALIENTES,1,RINCON DE ROMOS,7,RINCON DE ROMOS,435,2,85,164,4,30,42,93,85,5,25,3,5,15,0,0,3,0,0,20,579,0,25,604,889
,1,AGUASCALIENTES,1,RINCON DE ROMOS,7,RINCON DE ROMOS,436,7,356,394,46,142,167,474,297,31,99,37,33,59,4,10,4,4,3,111,2271,2,95,2368,4617
,1,AGUASCALIENTES,1,RINCON DE ROMOS,7,RINCON DE ROMOS,437,4,156,235,14,73,94,298,144,17,55,23,20,26,4,6,2,2,0,58,1227,3,46,1276,2445
,1,AGUASCALIENTES,1,RINCON DE ROMOS,7,RINCON DE ROMOS,438,1,59,108,2,29,31,98,54,6,13,3,1,5,0,0,0,0,0,20,429,0,22,451,673
,1,AGUASCALIENTES,1,RINCON DE ROMOS,7,RINCON DE ROMOS,439,3,164,206,6,76,133,179,135,11,46,24,5,17,0,6,1,4,0,13,1026,6,36,1068,1776
,1,AGUASCALIENTES,1,RINCON DE ROMOS,7,RINCON DE ROMOS,440,9,507,661,48,246,401,605,417,36,171,47,31,83,5,14,5,9,3,94,3383,7,134,3524,6468
,1,AGUASCALIENTES,1,RINCON DE ROMOS,7,RINCON DE ROMOS,441,2,94,155,12,24,69,102,77,11,33,7,4,17,0,7,2,1,0,29,644,8,16,668,1049
,1,AGUASCALIENTES,1,RINCON DE ROMOS,7,RINCON DE ROMOS,442,3,226,223,9,70,55,98,89,8,102,19,6,6,5,4,1,8,4,9,942,0,73,1015,2148
,1,AGUASCALIENTES,1,RINCON DE ROMOS,7,RINCON DE ROMOS,443,3,224,63,8,78,12,157,116,17,90,9,7,243,0,0,1,0,1,10,1036,0,40,1076,1927
,1,AGUASCALIENTES,1,RINCON DE ROMOS,7,RINCON DE ROMOS,444,2,136,54,1,14,10,42,46,5,51,2,2,141,0,0,1,0,4,1,510,0,30,540,940
,1,AGUASCALIENTES,1,RINCON DE ROMOS,7,RINCON DE ROMOS,445,3,315,128,8,92,37,99,339,14,46,11,8,35,1,0,0,1,3,13,1150,0,39,1189,2053
,1,AGUASCALIENTES,1,RINCON DE ROMOS,7,RINCON DE ROMOS,446,3,149,128,10,74,46,159,82,13,27,11,8,32,0,1,0,1,2,36,779,0,33,812,1624
,1,AGUASCALIENTES,1,RINCON DE ROMOS,7,RINCON DE ROMOS,447,4,246,191,4,95,57,190,68,25,122,9,6,10,2,2,3,2,0,60,1092,0,56,1148,2409
,1,AGUASCALIENTES,1,RINCON DE ROMOS,7,RINCON DE ROMOS,448,2,85,114,8,28,63,80,119,6,33,5,12,13,0,2,0,0,1,46,615,1,23,639,1158
,1,AGUASCALIENTES,1,RINCON DE ROMOS,7,RINCON DE ROMOS,449,4,230,166,18,162,90,168,131,22,72,11,12,32,0,9,3,1,3,22,1152,1,72,1225,2278
,1,AGUASCALIENTES,1,RINCON DE ROMOS,7,RINCON DE ROMOS,450,2,101,120,7,64,54,85,75,23,47,2,2,12,0,4,5,1,1,13,616,1,35,652,1288
,1,AGUASCALIENTES,1,RINCON DE ROMOS,7,RINCON DE ROMOS,451,1,101,51,4,10,21,59,59,3,12,8,1,10,1,2,1,0,0,36,379,0,21,400,713
,1,AGUASCALIENTES,8,CALVILLO,8,SAN JOSE DE GRACIA,452,2,247,91,18,19,16,12,261,85,30,4,17,179,0,,,,,,979,0,25,1004,1347
,1,AGUASCALIENTES,8,CALVILLO,8,SAN JOSE DE GRACIA,453,3,292,137,32,11,17,13,238,117,22,8,26,260,7,,,,,,1180,0,48,1228,1583
,1,AGUASCALIENTES,8,CALVILLO,8,SAN JOSE DE GRACIA,454,3,242,125,23,10,17,5,254,94,14,7,31,237,2,,,,,,1061,0,37,1098,1506
,1,AGUASCALIENTES,8,CALVILLO,8,SAN JOSE DE GRACIA,455,1,74,30,4,2,0,4,24,24,4,1,11,71,0,,,,,,249,1,10,260,347
,1,AGUASCALIENTES,8,CALVILLO,8,SAN JOSE DE GRACIA,456,1,84,28,17,3,4,1,45,50,1,4,5,61,0,,,,,,303,0,10,313,419
,1,AGUASCALIENTES,8,CALVILLO,8,SAN JOSE DE GRACIA,457,3,202,73,14,6,3,8,81,120,11,0,5,65,62,,,,,,650,0,22,672,850
,1,AGUASCALIENTES,8,CALVILLO,8,SAN JOSE DE GRACIA,458,2,196,100,28,5,6,6,170,70,10,4,17,223,4,,,,,,839,0,33,872,1257
,1,AGUASCALIENTES,3,PABELLON DE ARTEAGA,9,TEPEZALA,460,3,532,38,128,341,17,15,125,4,19,6,14,5,17,0,0,0,0,0,1261,0,37,1298,1749
,1,AGUASCALIENTES,3,PABELLON DE ARTEAGA,9,TEPEZALA,461,3,594,64,150,338,14,10,158,4,11,10,7,8,12,0,1,0,0,0,1381,1,54,1436,1934
,1,AGUASCALIENTES,3,PABELLON DE ARTEAGA,9,TEPEZALA,462,3,498,17,98,472,8,20,188,1,9,4,5,4,17,0,0,0,0,0,1341,4,24,1369,1835
,1,AGUASCALIENTES,3,PABELLON DE ARTEAGA,9,TEPEZALA,463,3,367,5,120,275,8,3,141,3,4,2,6,4,20,0,1,0,0,0,959,0,29,988,1528
,1,AGUASCALIENTES,3,PABELLON DE ARTEAGA,9,TEPEZALA,464,3,409,11,161,417,9,25,391,4,9,4,7,11,22,0,1,0,0,0,1481,0,39,1520,1896
,1,AGUASCALIENTES,3,PABELLON DE ARTEAGA,9,TEPEZALA,465,1,111,7,176,109,3,5,50,3,3,2,0,2,8,0,0,0,0,,479,0,19,498,683
,1,AGUASCALIENTES,3,PABELLON DE ARTEAGA,9,TEPEZALA,466,2,227,8,69,257,5,12,66,0,3,1,1,0,1,0,0,0,0,0,650,0,12,662,804
,1,AGUASCALIENTES,3,PABELLON DE ARTEAGA,9,TEPEZALA,467,3,260,32,290,372,26,16,221,3,49,7,26,2,16,1,0,1,0,0,1322,0,51,1373,2188
,1,AGUASCALIENTES,3,PABELLON DE ARTEAGA,9,TEPEZALA,468,2,115,6,103,272,11,3,60,1,11,1,12,7,11,0,0,0,0,0,613,0,19,632,870
,1,AGUASCALIENTES,3,PABELLON DE ARTEAGA,9,TEPEZALA,469,4,559,28,305,453,11,53,365,10,20,8,15,11,32,0,1,0,1,0,1872,3,53,1928,2886
,1,AGUASCALIENTES,4,SAN FRANCISCO DE LOS ROMO,10,SAN FRANCISCO DE LOS ROMO,470,3,383,155,6,13,13,6,164,13,71,3,3,2,1,,,,,,833,1,20,854,1332
,1,AGUASCALIENTES,4,SAN FRANCISCO DE LOS ROMO,10,SAN FRANCISCO DE LOS ROMO,471,3,340,259,4,23,6,5,179,16,81,9,6,5,1,,,,,,934,0,40,974,1624
,1,AGUASCALIENTES,4,SAN FRANCISCO DE LOS ROMO,10,SAN FRANCISCO DE LOS ROMO,472,2,337,221,6,15,10,5,206,17,82,4,4,6,1,,,,,,914,0,23,937,1430
,1,AGUASCALIENTES,4,SAN FRANCISCO DE LOS ROMO,10,SAN FRANCISCO DE LOS ROMO,473,12,1526,1317,31,103,45,38,937,92,470,24,33,21,12,,,,,,4649,2,120,4771,8935
,1,AGUASCALIENTES,4,SAN FRANCISCO DE LOS ROMO,10,SAN FRANCISCO DE LOS ROMO,474,2,187,280,2,27,7,10,115,27,45,9,4,1,2,,,,,,716,0,19,735,1305
,1,AGUASCALIENTES,4,SAN FRANCISCO DE LOS ROMO,10,SAN FRANCISCO DE LOS ROMO,475,3,302,387,3,4,40,4,122,19,18,8,6,0,0,,,,,,913,0,21,934,1602
,1,AGUASCALIENTES,4,SAN FRANCISCO DE LOS ROMO,10,SAN FRANCISCO DE LOS ROMO,476,9,720,852,17,38,38,25,599,53,75,63,17,11,3,,,,,,2511,1,75,2587,6083
,1,AGUASCALIENTES,4,SAN FRANCISCO DE LOS ROMO,10,SAN FRANCISCO DE LOS ROMO,477,7,513,856,29,33,26,34,414,67,57,13,10,20,1,,,,,,2073,2,75,2150,4531
,1,AGUASCALIENTES,4,SAN FRANCISCO DE LOS ROMO,10,SAN FRANCISCO DE LOS ROMO,478,14,779,1990,46,77,53,73,976,73,56,34,27,44,6,,,,,,4234,5,136,4375,10194
,1,AGUASCALIENTES,2,PALO ALTO,11,EL LLANO,479,4,183,39,26,10,440,20,305,2,33,3,22,681,9,,,,,,1773,0,86,1859,2703
,1,AGUASCALIENTES,2,PALO ALTO,11,EL LLANO,480,3,230,36,19,5,326,15,243,3,26,10,20,513,13,,,,,,1459,7,68,1534,2155
,1,AGUASCALIENTES,2,PALO ALTO,11,EL LLANO,481,2,207,17,25,4,169,10,317,0,9,22,27,135,8,,,,,,950,0,41,991,1439
,1,AGUASCALIENTES,2,PALO ALTO,11,EL LLANO,482,4,140,23,87,7,510,12,386,4,39,11,13,657,15,,,,,,1904,0,97,2001,2654
,1,AGUASCALIENTES,2,PALO ALTO,11,EL LLANO,483,2,147,12,50,7,182,1,233,7,6,7,3,68,4,,,,,,727,0,36,763,994
,1,AGUASCALIENTES,2,PALO ALTO,11,EL LLANO,484,2,159,22,40,6,85,6,183,4,1,4,9,106,10,,,,,,635,0,30,665,927
,1,AGUASCALIENTES,2,PALO ALTO,11,EL LLANO,485,4,254,53,63,13,429,12,557,1,37,6,9,250,12,,,,,,1696,0,101,1797,2667
,1,AGUASCALIENTES,2,PALO ALTO,11,EL LLANO,486,4,396,37,87,29,234,12,293,5,20,6,7,292,17,,,,,,1435,0,78,1513,2423
,1,AGUASCALIENTES,3,PABELLON DE ARTEAGA,6,PABELLON DE ARTEAGA,488,1,7,58,33,1,5,3,17,3,1,1,0,2,1,0,0,0,0,,132,0,11,143,206
,1,AGUASCALIENTES,13,AGUASCALIENTES,1,AGUASCALIENTES,489,2,113,33,4,6,7,10,81,9,2,6,1,5,0,0,0,0,0,0,277,0,8,285,804
,1,AGUASCALIENTES,13,AGUASCALIENTES,1,AGUASCALIENTES,490,1,92,27,3,7,3,11,103,3,2,5,1,7,1,0,1,0,1,,267,0,10,277,710
,1,AGUASCALIENTES,13,AGUASCALIENTES,1,AGUASCALIENTES,491,2,94,22,2,5,2,15,82,3,4,8,0,7,0,0,0,0,0,0,244,2,13,259,794
,1,AGUASCALIENTES,13,AGUASCALIENTES,1,AGUASCALIENTES,492,2,103,33,6,6,3,12,66,2,1,9,2,2,0,1,1,0,0,0,247,2,9,258,911
,1,AGUASCALIENTES,12,AGUASCALIENTES,1,AGUASCALIENTES,493,2,181,66,10,31,11,24,112,8,11,10,2,15,0,0,2,0,0,0,483,1,21,505,1487
,1,AGUASCALIENTES,12,AGUASCALIENTES,1,AGUASCALIENTES,494,2,120,21,9,10,3,15,89,9,6,9,4,11,0,0,0,0,0,0,306,0,7,313,908
,1,AGUASCALIENTES,12,AGUASCALIENTES,1,AGUASCALIENTES,495,2,163,39,6,6,4,11,127,9,6,8,1,3,1,0,0,0,1,0,385,1,10,396,1193
,1,AGUASCALIENTES,12,AGUASCALIENTES,1,AGUASCALIENTES,496,3,271,53,11,8,15,21,268,22,19,14,5,22,2,0,2,0,0,0,733,1,20,754,1980
,1,AGUASCALIENTES,12,AGUASCALIENTES,1,AGUASCALIENTES,497,2,164,18,12,10,2,14,85,10,0,6,2,8,0,0,0,0,0,0,331,0,6,337,768
,1,AGUASCALIENTES,13,AGUASCALIENTES,1,AGUASCALIENTES,498,2,151,29,5,9,4,19,113,14,8,5,1,5,0,0,1,0,0,0,364,2,12,378,937
,1,AGUASCALIENTES,13,AGUASCALIENTES,1,AGUASCALIENTES,499,2,149,27,6,7,8,24,76,12,5,6,6,5,2,0,0,0,0,0,333,1,17,351,965
,1,AGUASCALIENTES,13,AGUASCALIENTES,1,AGUASCALIENTES,500,2,109,33,9,9,4,22,95,22,1,10,3,8,1,0,0,0,0,0,326,1,12,339,887
,1,AGUASCALIENTES,13,AGUASCALIENTES,1,AGUASCALIENTES,501,2,163,41,3,13,0,11,142,12,2,10,1,5,0,0,3,0,0,0,406,0,9,415,1036
,1,AGUASCALIENTES,13,AGUASCALIENTES,1,AGUASCALIENTES,502,2,161,31,5,6,5,15,95,8,2,2,2,5,0,0,0,0,0,0,337,0,26,363,866
,1,AGUASCALIENTES,13,AGUASCALIENTES,1,AGUASCALIENTES,503,1,171,25,3,18,4,16,87,8,2,2,1,7,0,0,0,0,0,,344,0,11,355,715
,1,AGUASCALIENTES,13,AGUASCALIENTES,1,AGUASCALIENTES,504,2,158,29,5,8,3,27,105,11,4,3,1,14,3,0,0,0,0,0,371,1,26,398,941
,1,AGUASCALIENTES,13,AGUASCALIENTES,1,AGUASCALIENTES,505,2,148,29,2,9,7,17,114,15,3,8,2,9,2,0,0,0,0,0,365,1,18,384,863
,1,AGUASCALIENTES,13,AGUASCALIENTES,1,AGUASCALIENTES,506,2,144,27,7,6,5,31,105,16,7,10,1,7,1,0,0,0,0,0,367,1,10,378,857
,1,AGUASCALIENTES,13,AGUASCALIENTES,1,AGUASCALIENTES,507,2,176,22,4,15,3,19,75,14,3,7,1,9,1,0,0,0,0,0,349,0,7,356,856
,1,AGUASCALIENTES,16,AGUASCALIENTES,1,AGUASCALIENTES,508,2,104,57,55,6,10,18,102,9,2,3,4,7,0,,,,,,377,3,12,392,948
,1,AGUASCALIENTES,16,AGUASCALIENTES,1,AGUASCALIENTES,509,3,185,49,102,13,9,51,210,9,4,26,5,7,2,,,,,,672,3,35,710,1997
,1,AGUASCALIENTES,16,AGUASCALIENTES,1,AGUASCALIENTES,510,2,95,30,28,7,8,13,77,7,1,18,4,3,0,,,,,,291,1,9,301,803
,1,AGUASCALIENTES,13,AGUASCALIENTES,1,AGUASCALIENTES,511,2,129,33,8,9,3,15,81,7,4,9,1,8,0,1,1,0,1,0,310,1,12,323,842
,1,AGUASCALIENTES,16,AGUASCALIENTES,1,AGUASCALIENTES,512,1,98,8,10,4,3,8,42,3,2,1,0,3,0,,,,,,182,0,14,196,547
,1,AGUASCALIENTES,16,AGUASCALIENTES,1,AGUASCALIENTES,513,1,72,16,12,6,4,7,83,5,1,5,1,4,3,,,,,,219,1,13,233,503
,1,AGUASCALIENTES,14,AGUASCALIENTES,1,AGUASCALIENTES,514,1,174,16,1,10,3,16,92,7,6,2,2,3,1,0,2,0,0,,335,0,10,345,689
,1,AGUASCALIENTES,14,AGUASCALIENTES,1,AGUASCALIENTES,515,2,178,22,9,6,8,17,70,3,6,8,1,4,3,0,1,0,0,0,336,0,14,350,840
,1,AGUASCALIENTES,15,AGUASCALIENTES,1,AGUASCALIENTES,516,2,116,25,74,6,0,10,79,2,5,4,4,3,1,,,,,,329,1,14,344,901
,1,AGUASCALIENTES,14,AGUASCALIENTES,1,AGUASCALIENTES,517,2,158,39,6,10,3,29,144,7,11,10,1,8,0,0,0,1,0,0,427,0,16,443,776
,1,AGUASCALIENTES,14,AGUASCALIENTES,1,AGUASCALIENTES,518,1,155,35,9,8,6,12,97,7,6,3,2,6,0,0,0,0,0,,346,0,17,363,708
,1,AGUASCALIENTES,14,AGUASCALIENTES,1,AGUASCALIENTES,519,1,127,13,8,6,6,35,81,6,10,5,4,0,1,1,0,0,0,,303,0,6,309,609
,1,AGUASCALIENTES,14,AGUASCALIENTES,1,AGUASCALIENTES,520,2,123,45,2,11,6,27,126,10,18,6,2,10,0,3,1,0,1,0,391,0,7,398,786
,1,AGUASCALIENTES,14,AGUASCALIENTES,1,AGUASCALIENTES,521,2,152,23,2,13,1,21,96,5,3,7,3,8,0,2,1,0,0,0,337,0,18,355,762
,1,AGUASCALIENTES,15,AGUASCALIENTES,1,AGUASCALIENTES,522,2,143,30,17,12,2,14,90,17,8,8,2,6,1,,,,,,350,0,15,365,909
,1,AGUASCALIENTES,15,AGUASCALIENTES,1,AGUASCALIENTES,523,2,137,20,3,7,3,20,91,7,10,3,2,4,0,,,,,,307,0,16,323,868
,1,AGUASCALIENTES,15,AGUASCALIENTES,1,AGUASCALIENTES,524,2,149,30,7,12,10,31,95,20,6,6,0,2,1,,,,,,369,0,18,387,1003
,1,AGUASCALIENTES,15,AGUASCALIENTES,1,AGUASCALIENTES,525,2,119,19,21,8,8,22,115,4,1,9,4,3,0,,,,,,333,1,8,342,952
,1,AGUASCALIENTES,14,AGUASCALIENTES,1,AGUASCALIENTES,526,2,158,33,8,5,7,23,129,9,16,6,1,4,1,0,0,0,1,0,401,0,10,411,847
,1,AGUASCALIENTES,14,AGUASCALIENTES,1,AGUASCALIENTES,527,2,170,31,5,12,7,39,117,6,4,8,4,7,0,2,1,0,0,0,413,2,14,429,847
,1,AGUASCALIENTES,14,AGUASCALIENTES,1,AGUASCALIENTES,528,2,132,20,6,8,8,26,93,12,18,5,1,8,0,1,0,0,1,0,339,0,16,355,938
,1,AGUASCALIENTES,15,AGUASCALIENTES,1,AGUASCALIENTES,529,2,132,42,16,10,2,16,123,7,1,10,1,7,0,,,,,,367,1,11,379,893
,1,AGUASCALIENTES,15,AGUASCALIENTES,1,AGUASCALIENTES,530,3,373,41,26,16,13,37,244,21,8,15,4,8,0,,,,,,806,0,34,840,2215
,1,AGUASCALIENTES,15,AGUASCALIENTES,1,AGUASCALIENTES,531,2,167,25,13,6,6,26,157,19,7,2,4,9,0,,,,,,441,0,17,458,1002
,1,AGUASCALIENTES,15,AGUASCALIENTES,1,AGUASCALIENTES,532,2,140,18,8,7,11,15,121,15,9,9,4,4,76,,,,,,437,0,11,448,1000
,1,AGUASCALIENTES,15,AGUASCALIENTES,1,AGUASCALIENTES,533,2,135,17,4,7,5,36,104,10,8,9,5,6,0,,,,,,346,0,9,355,1034
,1,AGUASCALIENTES,18,AGUASCALIENTES,1,AGUASCALIENTES,534,2,130,24,4,13,9,18,131,6,3,11,4,6,0,0,0,0,0,0,359,2,9,370,1071
,1,AGUASCALIENTES,18,AGUASCALIENTES,1,AGUASCALIENTES,535,2,209,17,5,8,5,12,108,11,5,7,1,12,1,0,0,0,0,0,401,2,27,430,1089
,1,AGUASCALIENTES,18,AGUASCALIENTES,1,AGUASCALIENTES,536,2,179,36,18,12,5,17,163,9,4,7,1,11,4,0,0,0,0,0,466,0,26,492,1293
,1,AGUASCALIENTES,18,AGUASCALIENTES,1,AGUASCALIENTES,537,2,115,41,19,12,5,22,166,4,1,4,2,6,0,0,1,0,0,0,398,0,12,410,1098
,1,AGUASCALIENTES,18,AGUASCALIENTES,1,AGUASCALIENTES,538,1,106,30,1,5,4,18,145,7,7,3,1,7,0,1,1,0,0,,336,1,6,343,722
,1,AGUASCALIENTES,18,AGUASCALIENTES,1,AGUASCALIENTES,539,2,115,19,1,8,4,17,86,16,4,7,0,2,1,0,1,0,0,0,281,4,19,304,861
,1,AGUASCALIENTES,18,AGUASCALIENTES,1,AGUASCALIENTES,540,2,129,21,4,4,4,17,136,6,1,8,4,10,1,0,0,0,0,0,345,0,7,352,914
,1,AGUASCALIENTES,18,AGUASCALIENTES,1,AGUASCALIENTES,541,2,147,17,8,12,5,13,104,3,4,4,0,12,0,0,0,1,0,0,330,0,4,334,823
,1,AGUASCALIENTES,18,AGUASCALIENTES,1,AGUASCALIENTES,542,2,144,23,8,10,8,18,109,9,1,10,2,8,2,0,1,0,1,0,354,0,11,365,958
,1,AGUASCALIENTES,18,AGUASCALIENTES,1,AGUASCALIENTES,543,2,95,20,10,5,3,16,133,6,6,5,2,6,1,0,1,0,1,0,310,0,17,327,981
,1,AGUASCALIENTES,18,AGUASCALIENTES,1,AGUASCALIENTES,544,2,150,24,8,12,8,16,102,7,2,9,1,4,2,1,0,0,0,0,346,0,12,358,976
,1,AGUASCALIENTES,18,AGUASCALIENTES,1,AGUASCALIENTES,545,2,184,21,9,12,5,22,122,7,3,13,1,6,0,0,0,0,1,0,406,0,8,414,1130
,1,AGUASCALIENTES,18,AGUASCALIENTES,1,AGUASCALIENTES,546,2,166,34,6,6,8,12,133,12,6,6,1,10,0,1,1,0,0,0,402,0,23,425,1273
,1,AGUASCALIENTES,18,AGUASCALIENTES,1,AGUASCALIENTES,547,2,186,34,9,12,5,32,151,13,5,10,5,12,0,0,0,0,0,0,474,1,16,491,1279
,1,AGUASCALIENTES,16,AGUASCALIENTES,1,AGUASCALIENTES,548,2,109,22,35,8,6,12,121,9,7,5,1,8,1,,,,,,344,0,15,359,868
,1,AGUASCALIENTES,16,AGUASCALIENTES,1,AGUASCALIENTES,549,4,445,76,33,20,11,70,399,16,29,15,12,16,0,,,,,,1142,5,39,1186,2494
,1,AGUASCALIENTES,16,AGUASCALIENTES,1,AGUASCALIENTES,550,1,134,27,17,9,4,19,134,16,6,9,3,5,0,,,,,,383,0,11,394,736
,1,AGUASCALIENTES,16,AGUASCALIENTES,1,AGUASCALIENTES,551,2,146,32,8,11,5,27,147,11,1,7,3,8,3,,,,,,409,1,14,424,863
,1,AGUASCALIENTES,16,AGUASCALIENTES,1,AGUASCALIENTES,552,1,138,22,9,7,4,22,109,14,4,5,4,4,0,,,,,,342,0,13,355,733
,1,AGUASCALIENTES,16,AGUASCALIENTES,1,AGUASCALIENTES,553,2,204,33,10,9,4,21,114,8,6,2,4,8,1,,,,,,424,2,16,442,857
,1,AGUASCALIENTES,16,AGUASCALIENTES,1,AGUASCALIENTES,554,2,174,22,14,8,2,25,149,10,2,5,1,9,1,,,,,,422,1,18,441,846
,1,AGUASCALIENTES,16,AGUASCALIENTES,1,AGUASCALIENTES,555,9,940,162,82,59,26,81,762,70,28,43,21,48,10,,,,,,2332,11,69,2412,6138
,1,AGUASCALIENTES,16,AGUASCALIENTES,1,AGUASCALIENTES,556,2,151,25,35,13,7,23,105,17,6,8,5,8,1,,,,,,404,0,11,415,854
,1,AGUASCALIENTES,16,AGUASCALIENTES,1,AGUASCALIENTES,557,2,185,24,6,6,4,15,111,10,1,11,2,10,1,,,,,,386,1,17,404,853
,1,AGUASCALIENTES,15,AGUASCALIENTES,1,AGUASCALIENTES,558,2,179,37,9,8,7,23,128,7,4,3,8,14,0,,,,,,427,0,24,451,861
,1,AGUASCALIENTES,15,AGUASCALIENTES,1,AGUASCALIENTES,559,2,200,29,6,7,4,16,126,4,2,5,2,6,1,,,,,,408,1,15,424,778
,1,AGUASCALIENTES,16,AGUASCALIENTES,1,AGUASCALIENTES,560,2,165,40,20,5,2,30,186,14,3,16,4,11,1,,,,,,497,0,20,517,1076
,1,AGUASCALIENTES,15,AGUASCALIENTES,1,AGUASCALIENTES,561,1,103,10,2,3,2,9,50,2,1,8,0,2,0,,,,,,192,0,4,196,403
,1,AGUASCALIENTES,15,AGUASCALIENTES,1,AGUASCALIENTES,562,2,135,20,8,6,6,18,99,23,13,5,8,8,0,,,,,,349,0,9,358,903
,1,AGUASCALIENTES,15,AGUASCALIENTES,1,AGUASCALIENTES,563,2,150,25,6,9,4,18,103,10,19,7,1,3,1,,,,,,356,0,13,369,881
,1,AGUASCALIENTES,15,AGUASCALIENTES,1,AGUASCALIENTES,564,2,143,20,4,8,5,23,90,16,8,13,9,4,2,,,,,,345,3,16,364,849
,1,AGUASCALIENTES,15,AGUASCALIENTES,1,AGUASCALIENTES,565,1,81,21,8,6,5,16,88,2,1,5,9,6,0,,,,,,248,3,1,252,703
,1,AGUASCALIENTES,15,AGUASCALIENTES,1,AGUASCALIENTES,566,2,122,30,10,4,3,15,98,13,4,10,2,7,0,,,,,,318,1,12,331,781
,1,AGUASCALIENTES,15,AGUASCALIENTES,1,AGUASCALIENTES,567,2,117,22,5,9,11,28,104,38,7,17,2,7,0,,,,,,367,0,18,385,854
,1,AGUASCALIENTES,15,AGUASCALIENTES,1,AGUASCALIENTES,568,1,92,37,6,6,2,20,92,20,6,5,0,1,1,,,,,,288,1,10,299,660
,1,AGUASCALIENTES,15,AGUASCALIENTES,1,AGUASCALIENTES,569,2,115,41,4,13,5,20,99,23,10,17,1,3,0,,,,,,351,0,10,361,779
,1,AGUASCALIENTES,15,AGUASCALIENTES,1,AGUASCALIENTES,570,1,107,28,0,3,2,7,83,14,5,2,2,0,2,,,,,,255,0,6,261,664
,1,AGUASCALIENTES,15,AGUASCALIENTES,1,AGUASCALIENTES,571,1,83,30,2,3,1,10,77,13,8,2,20,2,1,,,,,,252,0,3,255,636
,1,AGUASCALIENTES,16,AGUASCALIENTES,1,AGUASCALIENTES,572,10,1091,212,66,56,49,117,990,67,34,44,22,44,114,,,,,,2906,38,81,3025,7222
,1,AGUASCALIENTES,16,AGUASCALIENTES,1,AGUASCALIENTES,573,2,286,55,27,10,9,23,106,11,4,5,4,12,2,,,,,,554,2,14,570,1348
,1,AGUASCALIENTES,12,AGUASCALIENTES,1,AGUASCALIENTES,574,2,175,48,4,8,10,9,91,12,4,4,2,4,0,0,0,0,0,0,371,0,15,386,1061
,1,AGUASCALIENTES,12,AGUASCALIENTES,1,AGUASCALIENTES,575,2,213,64,2,11,13,12,87,19,5,5,1,14,0,0,0,0,0,0,446,0,20,466,1351
,1,AGUASCALIENTES,16,AGUASCALIENTES,1,AGUASCALIENTES,576,2,154,49,24,6,12,21,73,0,9,3,2,4,0,,,,,,357,0,12,369,924
,1,AGUASCALIENTES,16,AGUASCALIENTES,1,AGUASCALIENTES,577,2,169,32,47,33,14,14,131,5,5,1,3,2,0,,,,,,456,0,11,467,1174
,1,AGUASCALIENTES,16,AGUASCALIENTES,1,AGUASCALIENTES,578,2,100,21,15,9,9,22,109,5,19,5,3,3,2,,,,,,322,0,12,334,905
,1,AGUASCALIENTES,16,AGUASCALIENTES,1,AGUASCALIENTES,579,2,94,29,23,10,16,17,78,1,15,7,1,4,1,,,,,,296,0,7,303,761
,1,AGUASCALIENTES,16,AGUASCALIENTES,1,AGUASCALIENTES,580,2,125,30,35,5,12,11,100,5,8,19,6,7,6,,,,,,369,1,13,383,968
,1,AGUASCALIENTES,16,AGUASCALIENTES,1,AGUASCALIENTES,581,2,140,23,40,2,9,29,106,5,36,1,2,8,3,,,,,,404,0,12,416,909
,1,AGUASCALIENTES,16,AGUASCALIENTES,1,AGUASCALIENTES,582,2,131,31,33,9,11,23,107,8,20,6,5,4,1,,,,,,389,0,11,400,972
,1,AGUASCALIENTES,16,AGUASCALIENTES,1,AGUASCALIENTES,583,2,129,18,21,11,5,30,115,5,15,2,1,13,2,,,,,,367,1,17,385,1007
,1,AGUASCALIENTES,16,AGUASCALIENTES,1,AGUASCALIENTES,584,2,111,15,23,6,13,17,77,7,20,2,0,6,5,,,,,,302,1,16,319,888
,1,AGUASCALIENTES,16,AGUASCALIENTES,1,AGUASCALIENTES,585,2,109,18,52,5,11,38,75,8,18,3,0,7,0,,,,,,344,0,14,358,956
,1,AGUASCALIENTES,16,AGUASCALIENTES,1,AGUASCALIENTES,586,2,174,13,22,4,0,17,110,3,15,9,3,12,0,,,,,,382,0,8,390,1011
,1,AGUASCALIENTES,16,AGUASCALIENTES,1,AGUASCALIENTES,587,2,151,31,20,8,8,22,110,8,15,7,4,7,3,,,,,,394,0,25,419,1097
,1,AGUASCALIENTES,16,AGUASCALIENTES,1,AGUASCALIENTES,588,2,143,23,22,6,22,9,108,13,10,7,3,20,1,,,,,,387,1,12,400,1165
,1,AGUASCALIENTES,16,AGUASCALIENTES,1,AGUASCALIENTES,589,15,1196,210,207,54,87,175,988,54,73,63,19,71,14,,,,,,3211,3,133,3347,10336
,1,AGUASCALIENTES,16,AGUASCALIENTES,1,AGUASCALIENTES,590,2,153,40,19,14,3,25,118,8,6,13,1,11,1,,,,,,412,2,16,430,937
,1,AGUASCALIENTES,16,AGUASCALIENTES,1,AGUASCALIENTES,591,1,88,22,5,7,9,32,52,11,2,6,3,4,0,,,,,,241,0,10,251,627
,1,AGUASCALIENTES,16,AGUASCALIENTES,1,AGUASCALIENTES,592,1,134,24,6,11,5,44,104,5,1,8,2,9,0,,,,,,353,1,15,369,677
,1,AGUASCALIENTES,16,AGUASCALIENTES,1,AGUASCALIENTES,593,1,61,19,5,10,4,12,61,4,3,8,3,5,2,,,,,,197,0,11,208,539
,1,AGUASCALIENTES,5,AGUASCALIENTES,1,AGUASCALIENTES,594,7,634,57,47,40,22,45,444,33,11,23,7,36,3,,,,,,1402,3,45,1450,5248
,1,AGUASCALIENTES,5,AGUASCALIENTES,1,AGUASCALIENTES,595,3,460,72,9,12,13,29,193,8,4,9,6,6,4,,,,,,825,1,15,841,1546
,1,AGUASCALIENTES,5,AGUASCALIENTES,1,AGUASCALIENTES,596,3,557,75,10,19,6,39,211,29,6,14,4,25,5,,,,,,1000,3,25,1028,2236
,1,AGUASCALIENTES,12,AGUASCALIENTES,1,AGUASCALIENTES,597,2,172,31,20,11,2,17,202,7,3,4,3,4,3,0,1,0,0,0,480,2,4,486,1426
,1,AGUASCALIENTES,5,AGUASCALIENTES,1,AGUASCALIENTES,598,2,205,69,3,10,6,20,208,16,11,4,4,9,1,,,,,,566,0,21,587,1488
,1,AGUASCALIENTES,5,AGUASCALIENTES,1,AGUASCALIENTES,599,2,274,43,4,13,9,19,146,13,6,2,2,7,2,,,,,,540,0,10,550,999
,1,AGUASCALIENTES,5,AGUASCALIENTES,1,AGUASCALIENTES,600,2,217,45,3,5,6,19,119,10,4,4,3,7,2,,,,,,444,0,12,456,917
,1,AGUASCALIENTES,5,AGUASCALIENTES,1,AGUASCALIENTES,601,3,336,61,25,14,12,20,210,18,6,6,6,14,1,,,,,,729,1,18,748,2102
,1,AGUASCALIENTES,12,AGUASCALIENTES,1,AGUASCALIENTES,602,3,239,27,22,15,3,29,214,9,6,10,4,16,2,0,1,0,0,0,597,0,13,610,1826
,1,AGUASCALIENTES,5,AGUASCALIENTES,1,AGUASCALIENTES,603,2,175,37,23,12,14,24,159,14,2,3,2,5,0,,,,,,470,1,11,482,1484
,1,AGUASCALIENTES,12,AGUASCALIENTES,1,AGUASCALIENTES,604,2,138,21,37,4,7,15,124,2,9,10,14,13,3,0,2,0,0,0,399,0,5,404,1140
,1,AGUASCALIENTES,5,AGUASCALIENTES,1,AGUASCALIENTES,605,2,242,39,4,3,10,17,90,12,9,5,4,8,1,,,,,,444,0,12,456,795
,1,AGUASCALIENTES,5,AGUASCALIENTES,1,AGUASCALIENTES,606,2,263,37,5,14,6,15,125,23,4,7,3,10,0,,,,,,512,0,15,527,1115
,1,AGUASCALIENTES,5,AGUASCALIENTES,1,AGUASCALIENTES,607,2,190,27,3,7,3,12,106,7,5,7,1,4,1,,,,,,373,0,13,386,769
,1,AGUASCALIENTES,12,AGUASCALIENTES,1,AGUASCALIENTES,608,3,271,99,8,24,3,18,109,45,4,4,6,21,1,0,1,0,0,0,614,0,23,637,1415
,1,AGUASCALIENTES,12,AGUASCALIENTES,1,AGUASCALIENTES,609,3,180,28,22,10,6,27,182,3,2,5,1,13,1,1,0,0,0,0,481,0,11,492,2112
,1,AGUASCALIENTES,12,AGUASCALIENTES,1,AGUASCALIENTES,610,2,129,19,12,6,3,19,151,4,4,7,3,6,0,0,3,0,0,0,366,0,8,374,1496
,1,AGUASCALIENTES,12,AGUASCALIENTES,1,AGUASCALIENTES,611,3,207,38,28,11,9,32,167,14,1,26,1,15,5,0,1,0,0,0,555,0,22,577,1894
,1,AGUASCALIENTES,12,AGUASCALIENTES,1,AGUASCALIENTES,612,4,320,50,32,12,17,24,221,12,30,10,7,22,3,2,1,1,0,0,764,0,14,778,2716
,1,AGUASCALIENTES,12,AGUASCALIENTES,1,AGUASCALIENTES,613,4,268,37,49,22,8,38,276,20,11,13,5,17,3,0,4,0,0,0,771,2,23,796,2786
,1,AGUASCALIENTES,12,AGUASCALIENTES,1,AGUASCALIENTES,614,4,258,39,51,23,10,46,262,12,4,8,7,20,0,1,1,0,0,0,742,4,21,767,2561
,1,AGUASCALIENTES,12,AGUASCALIENTES,1,AGUASCALIENTES,615,2,121,23,37,5,3,17,88,8,3,3,0,12,0,0,0,0,0,0,320,0,6,326,1277
,1,AGUASCALIENTES,12,AGUASCALIENTES,1,AGUASCALIENTES,616,1,112,55,1,8,1,7,51,30,0,4,3,1,0,0,0,0,1,,274,0,7,281,698
,1,AGUASCALIENTES,12,AGUASCALIENTES,1,AGUASCALIENTES,617,3,312,61,23,23,14,29,283,20,11,15,8,10,2,0,5,0,0,0,816,2,21,839,2207
,1,AGUASCALIENTES,18,AGUASCALIENTES,1,AGUASCALIENTES,618,3,540,117,19,20,12,53,299,21,18,9,4,20,1,0,1,0,0,0,1134,5,34,1173,1996
,1,AGUASCALIENTES,18,AGUASCALIENTES,1,AGUASCALIENTES,619,2,247,47,5,14,8,21,169,13,7,16,4,8,0,1,1,0,0,0,561,1,14,576,1188
,1,AGUASCALIENTES,18,AGUASCALIENTES,1,AGUASCALIENTES,620,3,372,80,15,28,17,46,278,16,11,17,7,10,1,0,1,0,1,0,900,2,25,927,2035
,1,AGUASCALIENTES,18,AGUASCALIENTES,1,AGUASCALIENTES,621,4,388,56,9,14,18,37,314,19,13,20,3,12,0,2,0,0,0,0,905,5,30,940,2773
,1,AGUASCALIENTES,18,AGUASCALIENTES,1,AGUASCALIENTES,622,3,580,71,14,16,5,34,183,22,10,4,3,8,2,0,2,0,0,0,954,2,30,986,1736
,1,AGUASCALIENTES,18,AGUASCALIENTES,1,AGUASCALIENTES,623,2,262,29,6,6,5,24,141,12,3,4,2,13,0,1,1,0,0,0,509,0,18,527,1240
,1,AGUASCALIENTES,18,AGUASCALIENTES,1,AGUASCALIENTES,624,3,524,80,15,21,11,39,278,22,9,14,13,13,2,1,3,0,0,0,1045,0,33,1078,2079
,1,AGUASCALIENTES,18,AGUASCALIENTES,1,AGUASCALIENTES,625,2,82,10,3,5,4,12,72,6,3,12,3,4,0,0,0,0,1,0,217,1,11,229,1031
,1,AGUASCALIENTES,18,AGUASCALIENTES,1,AGUASCALIENTES,626,4,235,41,7,11,11,44,204,7,14,23,0,8,1,0,1,0,0,0,607,0,23,630,2366
,1,AGUASCALIENTES,18,AGUASCALIENTES,1,AGUASCALIENTES,627,2,198,17,2,11,3,17,139,9,5,5,0,6,1,1,1,0,0,0,415,0,14,429,1210
,1,AGUASCALIENTES,18,AGUASCALIENTES,1,AGUASCALIENTES,628,2,105,10,1,4,1,8,60,7,2,4,1,3,0,0,1,0,0,0,207,0,12,219,845
,1,AGUASCALIENTES,18,AGUASCALIENTES,1,AGUASCALIENTES,629,2,378,27,2,4,9,11,98,2,4,8,2,2,0,0,0,0,0,0,547,0,9,556,1209
,1,AGUASCALIENTES,18,AGUASCALIENTES,1,AGUASCALIENTES,630,2,97,45,1,6,8,21,71,3,1,11,2,3,0,0,0,0,0,0,269,0,13,282,757
,1,AGUASCALIENTES,18,AGUASCALIENTES,1,AGUASCALIENTES,631,3,449,52,5,9,7,27,137,19,5,20,4,3,2,0,0,0,0,0,739,0,19,758,1690
