ID_ESTADO,NOMBRE_ESTADO,ID_DISTRITO_LOCAL,CABECERA_DISTRITAL_LOCAL,SECCIONES,CASILLAS,PAN_PRD,PRI,PVEM,PT,PT_MORENA_PANALA,MC,MORENA,PLA,PANALA,PES,RSP,FXM,CAND_IND1,NUM_VOTOS_VALIDOS,NUM_VOTOS_CAN_NREG,NUM_VOTOS_NULOS,TOTAL_VOTOS,LISTA_NOMINAL,RUTA_ACTA
1,AGUASCALIENTES,1,RINCON DE ROMOS,26,84,5932,5562,3449,,6685,5511,,292,,299,209,891,737,29567,35,1148,30750,51743,
1,AGUASCALIENTES,2,PALO ALTO,25,83,9580,893,594,2815,,458,15069,119,625,244,502,2981,,33880,8,1091,34979,52183,
1,AGUASCALIENTES,3,PABELLON DE ARTEAGA,27,80,11690,4127,3930,,8225,383,,88,,284,373,226,,29326,157,1007,30490,49063,
1,AGUASCALIENTES,4,SAN FRANCISCO DE LOS ROMO,16,101,14142,7885,846,417,,528,7236,562,1202,437,202,327,,33784,37,863,34684,67832,
1,AGUASCALIENTES,5,AGUASCALIENTES,18,86,13104,1800,473,273,,892,6340,585,241,285,121,432,,24546,35,649,25230,57531,
1,AGUASCALIENTES,6,AGUASCALIENTES,37,98,24481,2336,369,267,,1171,4748,315,259,181,100,390,,34617,18,641,35276,58346,
1,AGUASCALIENTES,7,JESUS MARIA,16,89,13539,3009,711,,8267,306,,302,,1041,199,1048,,28422,25,616,29063,58280,
1,AGUASCALIENTES,8,CALVILLO,38,96,10770,2182,760,368,,758,6241,3413,709,224,266,3413,,29104,12,1135,30251,55675,
1,AGUASCALIENTES,9,AGUASCALIENTES,37,102,12787,1791,481,,6638,2401,,516,,297,161,684,,25756,38,774,26568,59909,
1,AGUASCALIENTES,10,AGUASCALIENTES,43,105,19113,2244,534,478,,1173,6066,400,357,380,130,456,,31331,20,821,32172,60739,
1,AGUASCALIENTES,11,AGUASCALIENTES,72,112,16586,2385,511,,7680,1104,,531,,320,111,469,,29697,65,814,30576,56171,
1,AGUASCALIENTES,12,AGUASCALIENTES,25,89,8103,1625,483,,6493,726,,417,,301,175,461,,18784,17,509,19310,58696,
1,AGUASCALIENTES,13,AGUASCALIENTES,33,92,10593,1905,563,,6856,974,,619,,322,110,362,,22304,63,755,23122,51515,
1,AGUASCALIENTES,14,AGUASCALIENTES,32,91,12805,2149,486,,8079,1392,,455,,369,158,428,,26321,14,789,27124,54853,
1,AGUASCALIENTES,15,AGUASCALIENTES,41,96,9887,1882,462,303,,1148,6982,607,410,412,222,322,,22637,70,790,23497,52810,
1,AGUASCALIENTES,16,AGUASCALIENTES,36,96,9453,1560,467,417,,1140,6569,461,431,398,161,412,,21469,79,776,22324,55539,
1,AGUASCALIENTES,17,AGUASCALIENTES,63,109,16629,2167,572,327,,1067,6070,482,357,326,110,451,,28558,36,729,29323,55600,
1,AGUASCALIENTES,18,AGUASCALIENTES,37,103,12719,1825,481,,7253,1080,,439,,435,121,362,,24715,37,823,25575,60922,
