ID_ESTADO,NOMBRE_ESTADO,ID_MUNICIPIO,MUNICIPIO,ID_DEMARCACION,DEMARCACION,SECCIONES,CASILLAS,PAN,PRI,PRD,PVEM,PT,MC,NA,MORENA,ES,PLC,CAND_IND10,CAND_IND11,CAND_IND12,CAND_IND13,NUM_VOTOS_VALIDOS,NUM_VOTOS_CAN_NREG,NUM_VOTOS_NULOS,TOTAL_VOTOS,LISTA_NOMINAL,RUTA_ACTA
4,CAMPECHE,1,CAMPECHE,1,PICH,5,12,1728,1322,470,93,154,35,111,801,58,32,,,,,4804,0,534,5338,6852,HTTP://WWW.IEEC.ORG.MX/DOCUMENTACION/PROCESOS/2017-2018/ACTAS/JUNTAS/CIRC_PICH.PDF
4,CAMPECHE,1,CAMPECHE,2,TIXMUCUY,6,7,151,1114,29,15,0,0,66,879,0,0,,,,,2254,0,71,2325,2748,HTTP://WWW.IEEC.ORG.MX/DOCUMENTACION/PROCESOS/2017-2018/ACTAS/JUNTAS/CIRC_TIXM.PDF
4,CAMPECHE,1,CAMPECHE,3,ALFREDO V BONFIL,5,7,406,797,58,10,15,8,19,420,10,63,,,,,1806,0,46,1852,2440,HTTP://WWW.IEEC.ORG.MX/DOCUMENTACION/PROCESOS/2017-2018/ACTAS/JUNTAS/CIRC_ALFR.PDF
4,CAMPECHE,1,CAMPECHE,4,HAMPOLOL,4,7,312,833,53,14,0,142,38,901,0,55,,,,,2348,2,68,2418,3023,HTTP://WWW.IEEC.ORG.MX/DOCUMENTACION/PROCESOS/2017-2018/ACTAS/JUNTAS/CIRC_HAMP.PDF
4,CAMPECHE,2,CALKINI,5,BECAL,7,13,733,1325,190,47,300,121,186,1249,12,58,,,,180,4401,63,136,4600,5752,HTTP://WWW.IEEC.ORG.MX/DOCUMENTACION/PROCESOS/2017-2018/ACTAS/JUNTAS/CIRC_BECA.PDF
4,CAMPECHE,2,CALKINI,6,DZITBALCHE,6,17,167,3278,447,169,727,1078,269,1940,0,432,,,,,8507,30,295,8832,10914,HTTP://WWW.IEEC.ORG.MX/DOCUMENTACION/PROCESOS/2017-2018/ACTAS/JUNTAS/CIRC_DZIT.PDF
4,CAMPECHE,2,CALKINI,7,NUNKINI,8,14,863,2638,207,253,115,47,401,1631,0,35,,,,,6190,1,193,6384,7433,HTTP://WWW.IEEC.ORG.MX/DOCUMENTACION/PROCESOS/2017-2018/ACTAS/JUNTAS/CIRC_NUNK.PDF
4,CAMPECHE,3,CARMEN,8,ATASTA,7,20,454,1592,92,164,69,48,143,1612,32,57,,47,510,,4820,38,288,5146,11712,HTTP://WWW.IEEC.ORG.MX/DOCUMENTACION/PROCESOS/2017-2018/ACTAS/JUNTAS/CIRC_ATAS.PDF
4,CAMPECHE,3,CARMEN,9,MAMANTEL,8,12,549,1178,4,83,12,56,111,1599,6,3,,,,,3601,1,214,3816,5951,HTTP://WWW.IEEC.ORG.MX/DOCUMENTACION/PROCESOS/2017-2018/ACTAS/JUNTAS/CIRC_MAMA.PDF
4,CAMPECHE,3,CARMEN,10,SABANCUY,11,21,1144,3392,102,137,567,150,156,2544,37,51,104,,,,8384,0,526,8910,12991,HTTP://WWW.IEEC.ORG.MX/DOCUMENTACION/PROCESOS/2017-2018/ACTAS/JUNTAS/CIRC_SABA.PDF
4,CAMPECHE,4,CHAMPOTON,11,HOOL,3,7,917,900,144,59,2,0,41,17,0,24,,,,,2104,0,370,2474,3814,HTTP://WWW.IEEC.ORG.MX/DOCUMENTACION/PROCESOS/2017-2018/ACTAS/JUNTAS/CIRC_HOOL.PDF
4,CAMPECHE,4,CHAMPOTON,12,SEYBAPLAYA,11,23,321,2896,1543,147,17,4,368,3541,6,134,,,,,8977,12,585,9574,12797,HTTP://WWW.IEEC.ORG.MX/DOCUMENTACION/PROCESOS/2017-2018/ACTAS/JUNTAS/CIRC_SEYB.PDF
4,CAMPECHE,4,CHAMPOTON,13,SIHOCHAC,3,6,319,928,56,48,0,0,66,827,0,0,,,,,2244,0,109,2353,3010,HTTP://WWW.IEEC.ORG.MX/DOCUMENTACION/PROCESOS/2017-2018/ACTAS/JUNTAS/CIRC_SIHO.PDF
4,CAMPECHE,4,CHAMPOTON,14,CARRILLO PUERTO,7,9,483,1333,79,40,71,15,74,1246,100,14,,,,,3455,0,209,3664,5043,HTTP://WWW.IEEC.ORG.MX/DOCUMENTACION/PROCESOS/2017-2018/ACTAS/JUNTAS/CIRC_CARR.PDF
4,CAMPECHE,5,HECELCHAKAN,15,POMUCH,6,12,1790,1089,124,40,17,36,82,1205,1099,159,,,,,5641,3,222,5866,7005,HTTP://WWW.IEEC.ORG.MX/DOCUMENTACION/PROCESOS/2017-2018/ACTAS/JUNTAS/CIRC_POMU.PDF
4,CAMPECHE,6,HOPELCHEN,16,BOLONCHEN DE REJON,5,9,860,1409,20,91,45,0,49,700,0,0,,,,,3174,0,98,3272,4340,HTTP://WWW.IEEC.ORG.MX/DOCUMENTACION/PROCESOS/2017-2018/ACTAS/JUNTAS/CIRC_BOLO.PDF
4,CAMPECHE,6,HOPELCHEN,17,DZIBALCHEN,7,11,1547,2023,22,83,129,0,74,117,0,48,,,,,4043,0,189,4232,6325,HTTP://WWW.IEEC.ORG.MX/DOCUMENTACION/PROCESOS/2017-2018/ACTAS/JUNTAS/CIRC_DZIB.PDF
4,CAMPECHE,6,HOPELCHEN,18,UKUM,7,11,1028,1519,26,29,124,0,34,1082,0,9,,,,,3851,0,124,3975,4678,HTTP://WWW.IEEC.ORG.MX/DOCUMENTACION/PROCESOS/2017-2018/ACTAS/JUNTAS/CIRC_UKUM.PDF
4,CAMPECHE,8,TENABO,19,TINUN,3,4,276,527,13,60,0,4,28,354,0,0,,,,,1262,3,32,1297,1459,HTTP://WWW.IEEC.ORG.MX/DOCUMENTACION/PROCESOS/2017-2018/ACTAS/JUNTAS/CIRC_TINU.PDF
4,CAMPECHE,9,ESCARCEGA,20,CENTENARIO,4,7,195,674,781,41,0,27,33,798,0,89,,,,,2638,25,294,2957,4247,HTTP://WWW.IEEC.ORG.MX/DOCUMENTACION/PROCESOS/2017-2018/ACTAS/JUNTAS/CIRC_CENT.PDF
4,CAMPECHE,9,ESCARCEGA,21,DIVISION DEL NORTE,9,14,568,1055,185,118,102,38,70,1571,11,17,,,,,3735,127,386,4248,6325,HTTP://WWW.IEEC.ORG.MX/DOCUMENTACION/PROCESOS/2017-2018/ACTAS/JUNTAS/CIRC_DIVI.PDF
4,CAMPECHE,10,CANDELARIA,22,MIGUEL HIDALGO Y COSTILLA,17,24,1637,2405,102,78,68,25,107,747,20,4,,,,,5193,0,364,5557,7414,HTTP://WWW.IEEC.ORG.MX/DOCUMENTACION/PROCESOS/2017-2018/ACTAS/JUNTAS/CIRC_MIGU.PDF
4,CAMPECHE,10,CANDELARIA,23,MONCLOVA,12,25,1103,1225,52,39,39,27,94,1778,6,3,,,,,4366,0,341,4707,8238,HTTP://WWW.IEEC.ORG.MX/DOCUMENTACION/PROCESOS/2017-2018/ACTAS/JUNTAS/CIRC_MONC.PDF
4,CAMPECHE,11,CALAKMUL,24,CONSTITUCION,4,7,567,797,46,35,29,7,40,557,7,309,,,,,2394,7,208,2609,3621,HTTP://WWW.IEEC.ORG.MX/DOCUMENTACION/PROCESOS/2017-2018/ACTAS/JUNTAS/CIRC_CONS.PDF
