CIRCUNSCRIPCION,ID_ESTADO,NOMBRE_ESTADO,ID_DISTRITO_LOCAL,CABECERA_DISTRITAL_LOCAL,ID_MUNICIPIO,MUNICIPIO,SECCION,CASILLAS,PAN,PRI,PRD,PVEM,PT,MC,NA,MORENA,ES,PLC,PAN_MC,PRI_PVEM_NA,PRI_PVEM,PRI_NA,PVEM_NA,CAND_IND1,CAND_IND2,CAND_IND3,CAND_IND4,CAND_IND5,CAND_IND6,CAND_IND7,NUM_VOTOS_VALIDOS,NUM_VOTOS_CAN_NREG,NUM_VOTOS_NULOS,TOTAL_VOTOS,LISTA_NOMINAL
 ,4,CAMPECHE,1,SAN FRANCISCO DE CAMPECHE,1,CAMPECHE,4,15,2531,1080,181,77,204,106,113,1085,73,40,91,28,36,2,1,,,,21,,,,5669,5,255,5929,10147
 ,4,CAMPECHE,1,SAN FRANCISCO DE CAMPECHE,1,CAMPECHE,10,2,217,127,24,8,51,16,9,166,15,7,15,8,4,0,0,,,,15,,,,682,0,39,721,1009
 ,4,CAMPECHE,1,SAN FRANCISCO DE CAMPECHE,1,CAMPECHE,13,2,286,142,58,1,56,16,19,168,7,8,27,6,5,1,0,,,,10,,,,810,1,58,869,1185
 ,4,CAMPECHE,1,SAN FRANCISCO DE CAMPECHE,1,CAMPECHE,14,2,179,180,33,10,74,9,7,161,7,6,15,3,5,2,0,,,,11,,,,702,1,32,735,1045
 ,4,CAMPECHE,1,SAN FRANCISCO DE CAMPECHE,1,CAMPECHE,15,2,358,138,40,9,46,10,9,121,6,5,19,6,2,0,1,,,,5,,,,775,0,36,811,1131
 ,4,CAMPECHE,1,SAN FRANCISCO DE CAMPECHE,1,CAMPECHE,16,2,310,137,41,12,30,14,13,70,13,3,30,9,6,1,1,,,,5,,,,695,0,29,724,1171
 ,4,CAMPECHE,1,SAN FRANCISCO DE CAMPECHE,1,CAMPECHE,19,2,323,121,24,10,15,12,4,127,1,1,12,0,3,0,3,,,,4,,,,660,0,48,708,1070
 ,4,CAMPECHE,1,SAN FRANCISCO DE CAMPECHE,1,CAMPECHE,20,2,316,155,45,7,24,15,5,97,6,7,19,10,2,0,0,,,,4,,,,712,1,36,749,1114
 ,4,CAMPECHE,1,SAN FRANCISCO DE CAMPECHE,1,CAMPECHE,21,3,361,269,66,13,42,13,28,214,12,9,13,6,4,3,0,,,,8,,,,1061,1,40,1102,1556
 ,4,CAMPECHE,1,SAN FRANCISCO DE CAMPECHE,1,CAMPECHE,22,2,217,157,35,9,35,6,21,163,10,6,12,4,4,2,1,,,,15,,,,697,1,23,721,933
 ,4,CAMPECHE,1,SAN FRANCISCO DE CAMPECHE,1,CAMPECHE,23,2,175,162,36,7,28,11,11,131,9,4,7,7,3,2,0,,,,27,,,,620,0,40,660,865
 ,4,CAMPECHE,1,SAN FRANCISCO DE CAMPECHE,1,CAMPECHE,32,2,197,121,21,6,24,13,11,127,13,9,7,7,3,0,0,,,,15,,,,574,1,40,615,818
 ,4,CAMPECHE,1,SAN FRANCISCO DE CAMPECHE,1,CAMPECHE,33,2,181,145,54,18,30,10,13,146,14,7,6,5,0,2,0,,,,12,,,,643,0,22,665,938
 ,4,CAMPECHE,1,SAN FRANCISCO DE CAMPECHE,1,CAMPECHE,34,2,291,171,53,15,36,24,9,173,15,8,23,7,3,0,0,,,,5,,,,833,0,34,867,1281
 ,4,CAMPECHE,1,SAN FRANCISCO DE CAMPECHE,1,CAMPECHE,35,2,299,129,23,17,22,12,3,95,1,6,15,20,4,1,0,,,,2,,,,649,0,32,681,967
 ,4,CAMPECHE,1,SAN FRANCISCO DE CAMPECHE,1,CAMPECHE,36,2,303,147,26,5,22,23,11,126,6,5,28,8,10,2,0,,,,16,,,,738,1,48,787,1196
 ,4,CAMPECHE,1,SAN FRANCISCO DE CAMPECHE,1,CAMPECHE,37,2,236,109,24,11,8,14,4,107,9,1,14,2,0,7,0,,,,1,,,,547,2,17,566,896
 ,4,CAMPECHE,1,SAN FRANCISCO DE CAMPECHE,1,CAMPECHE,40,2,183,118,25,5,23,8,5,153,9,3,6,5,4,0,0,,,,2,,,,549,2,23,574,766
 ,4,CAMPECHE,1,SAN FRANCISCO DE CAMPECHE,1,CAMPECHE,41,2,174,85,41,7,9,13,5,136,7,7,11,7,0,0,0,,,,3,,,,505,0,27,532,768
 ,4,CAMPECHE,2,SAN FRANCISCO DE CAMPECHE,1,CAMPECHE,9,7,1703,502,74,25,50,51,49,642,49,36,24,16,5,1,0,,,,,,,,3227,3,84,3314,4514
 ,4,CAMPECHE,2,SAN FRANCISCO DE CAMPECHE,1,CAMPECHE,17,7,1571,461,81,30,93,47,37,789,48,48,30,15,10,3,0,,,,,,,,3263,4,111,3378,5140
 ,4,CAMPECHE,2,SAN FRANCISCO DE CAMPECHE,1,CAMPECHE,18,1,243,80,8,4,10,8,6,64,4,6,4,4,0,1,0,,,,,,,,442,0,15,457,635
 ,4,CAMPECHE,2,SAN FRANCISCO DE CAMPECHE,1,CAMPECHE,38,2,239,100,9,7,13,5,3,126,8,7,9,0,1,0,0,,,,,,,,527,0,30,557,768
 ,4,CAMPECHE,2,SAN FRANCISCO DE CAMPECHE,1,CAMPECHE,39,3,562,263,20,12,62,33,18,304,20,16,7,14,3,2,0,,,,,,,,1336,1,56,1393,2052
 ,4,CAMPECHE,2,SAN FRANCISCO DE CAMPECHE,1,CAMPECHE,81,17,3642,1297,190,68,309,135,91,1979,148,153,37,57,11,4,3,,,,,,,,8124,5,237,8366,12236
 ,4,CAMPECHE,2,SAN FRANCISCO DE CAMPECHE,1,CAMPECHE,124,7,1264,435,83,19,95,36,22,577,47,30,11,15,9,1,0,,,,,,,,2644,17,105,2766,4078
 ,4,CAMPECHE,2,SAN FRANCISCO DE CAMPECHE,1,CAMPECHE,128,1,62,55,5,1,9,0,2,33,0,0,2,0,0,0,0,,,,,,,,169,0,9,178,219
 ,4,CAMPECHE,3,SAN FRANCISCO DE CAMPECHE,1,CAMPECHE,42,2,225,216,23,10,35,12,6,215,12,12,4,13,7,1,0,,,,,,,,791,0,40,831,1106
 ,4,CAMPECHE,3,SAN FRANCISCO DE CAMPECHE,1,CAMPECHE,43,2,238,198,10,13,25,9,17,196,11,26,6,5,4,1,0,,,,,,,,759,0,20,779,995
 ,4,CAMPECHE,3,SAN FRANCISCO DE CAMPECHE,1,CAMPECHE,60,2,183,147,17,11,20,14,9,204,6,20,2,4,1,1,3,,,,,,,,642,0,35,677,973
 ,4,CAMPECHE,3,SAN FRANCISCO DE CAMPECHE,1,CAMPECHE,61,2,180,183,15,8,30,13,8,167,7,16,2,8,2,1,0,,,,,,,,640,0,26,666,903
 ,4,CAMPECHE,3,SAN FRANCISCO DE CAMPECHE,1,CAMPECHE,62,2,179,181,23,14,31,15,8,191,4,16,1,4,6,1,0,,,,,,,,674,0,31,705,1043
 ,4,CAMPECHE,3,SAN FRANCISCO DE CAMPECHE,1,CAMPECHE,63,2,216,244,13,14,35,18,11,216,15,11,9,5,5,1,0,,,,,,,,813,0,68,881,1331
 ,4,CAMPECHE,3,SAN FRANCISCO DE CAMPECHE,1,CAMPECHE,64,2,223,207,21,9,26,15,23,257,13,32,3,15,1,1,0,,,,,,,,846,0,32,878,1178
 ,4,CAMPECHE,3,SAN FRANCISCO DE CAMPECHE,1,CAMPECHE,65,3,316,256,24,10,54,25,11,302,13,22,4,16,8,1,1,,,,,,,,1063,0,84,1147,1724
 ,4,CAMPECHE,3,SAN FRANCISCO DE CAMPECHE,1,CAMPECHE,66,2,211,241,12,12,23,11,11,237,11,18,6,13,4,1,0,,,,,,,,811,0,40,851,1116
 ,4,CAMPECHE,3,SAN FRANCISCO DE CAMPECHE,1,CAMPECHE,67,2,212,156,9,10,33,7,18,209,10,12,3,8,1,1,0,,,,,,,,689,0,39,728,1036
 ,4,CAMPECHE,3,SAN FRANCISCO DE CAMPECHE,1,CAMPECHE,79,10,1294,889,103,59,149,57,64,1134,49,81,14,30,18,5,1,,,,,,,,3947,0,158,4105,6624
 ,4,CAMPECHE,3,SAN FRANCISCO DE CAMPECHE,1,CAMPECHE,80,2,196,195,18,7,18,16,15,134,3,9,2,11,4,0,0,,,,,,,,628,0,40,668,823
 ,4,CAMPECHE,3,SAN FRANCISCO DE CAMPECHE,1,CAMPECHE,82,2,257,221,38,8,25,14,13,248,15,26,2,3,3,0,0,,,,,,,,873,0,37,910,1237
 ,4,CAMPECHE,3,SAN FRANCISCO DE CAMPECHE,1,CAMPECHE,83,7,1000,783,63,38,88,54,54,817,36,69,13,29,9,2,0,,,,,,,,3055,0,183,3238,4845
 ,4,CAMPECHE,3,SAN FRANCISCO DE CAMPECHE,1,CAMPECHE,125,3,201,298,29,18,36,26,16,272,9,18,3,7,11,3,0,,,,,,,,947,0,67,1014,1594
 ,4,CAMPECHE,3,SAN FRANCISCO DE CAMPECHE,1,CAMPECHE,126,3,246,390,29,21,37,25,16,377,35,38,5,12,9,3,0,,,,,,,,1243,0,65,1308,2017
 ,4,CAMPECHE,4,SAN FRANCISCO DE CAMPECHE,1,CAMPECHE,49,2,238,203,39,23,10,5,22,217,13,11,1,7,11,7,1,,,,,,26,,834,1,26,861,1115
 ,4,CAMPECHE,4,SAN FRANCISCO DE CAMPECHE,1,CAMPECHE,56,2,134,161,26,17,10,6,5,211,16,9,3,7,8,0,0,,,,,,13,,626,0,26,652,904
 ,4,CAMPECHE,4,SAN FRANCISCO DE CAMPECHE,1,CAMPECHE,57,2,201,183,20,29,14,3,10,235,13,5,1,9,16,0,0,,,,,,11,,750,1,28,779,1066
 ,4,CAMPECHE,4,SAN FRANCISCO DE CAMPECHE,1,CAMPECHE,58,2,221,177,23,26,19,4,10,205,11,6,4,10,2,0,0,,,,,,31,,749,0,42,791,1081
 ,4,CAMPECHE,4,SAN FRANCISCO DE CAMPECHE,1,CAMPECHE,59,2,243,165,25,31,19,10,18,223,6,8,3,6,6,0,1,,,,,,25,,789,1,37,827,1081
 ,4,CAMPECHE,4,SAN FRANCISCO DE CAMPECHE,1,CAMPECHE,68,2,207,218,35,40,20,7,18,238,7,11,3,14,16,1,0,,,,,,15,,850,0,10,860,1272
 ,4,CAMPECHE,4,SAN FRANCISCO DE CAMPECHE,1,CAMPECHE,69,2,166,209,30,40,14,3,12,158,10,9,4,12,13,0,0,,,,,,35,,715,366,24,1105,993
 ,4,CAMPECHE,4,SAN FRANCISCO DE CAMPECHE,1,CAMPECHE,70,2,216,227,38,32,13,8,21,254,6,6,1,6,1,0,0,,,,,,73,,902,1,25,928,1204
 ,4,CAMPECHE,4,SAN FRANCISCO DE CAMPECHE,1,CAMPECHE,77,2,209,185,16,30,10,12,17,205,14,10,0,9,2,3,1,,,,,,22,,745,3,12,760,937
 ,4,CAMPECHE,4,SAN FRANCISCO DE CAMPECHE,1,CAMPECHE,78,2,148,164,31,34,27,12,9,156,7,81,3,5,3,5,3,,,,,,12,,700,20,17,737,925
 ,4,CAMPECHE,4,SAN FRANCISCO DE CAMPECHE,1,CAMPECHE,84,2,144,180,40,35,15,9,14,140,2,8,0,13,12,0,1,,,,,,2,,615,0,21,636,905
 ,4,CAMPECHE,4,SAN FRANCISCO DE CAMPECHE,1,CAMPECHE,85,2,174,174,33,23,28,12,16,163,7,8,2,12,11,9,0,,,,,,22,,694,0,51,745,1061
 ,4,CAMPECHE,4,SAN FRANCISCO DE CAMPECHE,1,CAMPECHE,86,2,245,223,21,31,8,15,26,231,14,10,2,12,0,1,0,,,,,,21,,860,1,31,892,1064
 ,4,CAMPECHE,4,SAN FRANCISCO DE CAMPECHE,1,CAMPECHE,92,4,236,402,18,70,2,6,14,158,10,6,1,12,2,1,0,,,,,,10,,948,4,17,969,1206
 ,4,CAMPECHE,4,SAN FRANCISCO DE CAMPECHE,1,CAMPECHE,93,2,218,367,19,50,9,7,10,205,5,9,0,9,3,0,0,,,,,,10,,921,0,7,928,1126
 ,4,CAMPECHE,4,SAN FRANCISCO DE CAMPECHE,1,CAMPECHE,94,2,329,205,25,44,19,11,26,235,9,8,3,10,6,1,0,,,,,,26,,957,0,37,994,1295
 ,4,CAMPECHE,4,SAN FRANCISCO DE CAMPECHE,1,CAMPECHE,95,3,280,172,94,41,43,16,21,246,12,8,2,5,6,1,1,,,,,,13,,961,0,39,1000,1532
 ,4,CAMPECHE,4,SAN FRANCISCO DE CAMPECHE,1,CAMPECHE,96,2,200,172,67,44,25,18,11,156,11,7,2,12,16,0,0,,,,,,1,,742,0,44,786,1134
 ,4,CAMPECHE,4,SAN FRANCISCO DE CAMPECHE,1,CAMPECHE,97,2,248,127,58,24,29,6,5,152,13,3,1,1,3,0,0,,,,,,2,,672,6,43,721,1145
 ,4,CAMPECHE,4,SAN FRANCISCO DE CAMPECHE,1,CAMPECHE,98,2,193,222,16,14,8,3,10,130,4,9,0,9,1,0,0,,,,,,19,,638,1,9,648,879
 ,4,CAMPECHE,4,SAN FRANCISCO DE CAMPECHE,1,CAMPECHE,104,2,158,159,18,21,19,10,11,164,9,7,0,4,4,0,0,,,,,,18,,602,1,22,625,803
 ,4,CAMPECHE,4,SAN FRANCISCO DE CAMPECHE,1,CAMPECHE,105,10,1125,820,243,180,133,73,54,1011,100,44,24,45,32,5,2,,,,,,40,,3931,2,159,4092,6758
 ,4,CAMPECHE,4,SAN FRANCISCO DE CAMPECHE,1,CAMPECHE,106,2,286,231,28,49,25,16,20,252,7,22,1,11,2,0,0,,,,,,44,,994,0,15,1009,1308
 ,4,CAMPECHE,5,SAN FRANCISCO DE CAMPECHE,1,CAMPECHE,28,1,87,159,7,6,5,13,3,114,1,5,1,5,3,0,0,,,,,,,12,421,1,12,434,587
 ,4,CAMPECHE,5,SAN FRANCISCO DE CAMPECHE,1,CAMPECHE,50,1,100,134,6,9,7,15,7,133,7,9,1,10,2,0,0,,,,,,,15,455,0,20,475,634
 ,4,CAMPECHE,5,SAN FRANCISCO DE CAMPECHE,1,CAMPECHE,51,3,197,305,30,15,15,8,18,308,16,15,1,5,4,1,0,,,,,,,27,965,0,53,1018,1023
 ,4,CAMPECHE,5,SAN FRANCISCO DE CAMPECHE,1,CAMPECHE,52,1,130,152,7,11,14,5,14,135,2,7,4,13,3,0,0,,,,,,,17,514,1,26,541,687
 ,4,CAMPECHE,5,SAN FRANCISCO DE CAMPECHE,1,CAMPECHE,53,2,193,266,38,9,12,14,11,222,17,6,4,8,1,1,0,,,,,,,37,839,0,28,867,1070
 ,4,CAMPECHE,5,SAN FRANCISCO DE CAMPECHE,1,CAMPECHE,55,3,270,320,34,22,34,21,24,485,19,14,4,8,3,0,0,,,,,,,34,1292,0,58,1350,1314
 ,4,CAMPECHE,5,SAN FRANCISCO DE CAMPECHE,1,CAMPECHE,71,2,146,222,25,19,17,11,11,226,6,20,4,5,3,1,0,,,,,,,27,743,0,41,784,1017
 ,4,CAMPECHE,5,SAN FRANCISCO DE CAMPECHE,1,CAMPECHE,74,2,212,261,19,26,24,8,18,298,6,13,5,7,3,3,0,,,,,,,37,940,0,33,973,1302
 ,4,CAMPECHE,5,SAN FRANCISCO DE CAMPECHE,1,CAMPECHE,75,3,343,335,31,20,46,22,30,447,16,21,3,15,3,0,1,,,,,,,61,1394,0,51,1445,1984
 ,4,CAMPECHE,5,SAN FRANCISCO DE CAMPECHE,1,CAMPECHE,76,2,164,235,31,11,15,8,16,218,11,13,5,6,7,1,0,,,,,,,23,764,2,25,791,1014
 ,4,CAMPECHE,5,SAN FRANCISCO DE CAMPECHE,1,CAMPECHE,87,2,205,233,16,8,19,7,17,154,5,9,1,8,2,2,0,,,,,,,13,699,0,24,723,907
 ,4,CAMPECHE,5,SAN FRANCISCO DE CAMPECHE,1,CAMPECHE,90,3,319,314,28,15,28,25,10,386,17,17,3,14,5,1,0,,,,,,,42,1224,2,40,1266,1771
 ,4,CAMPECHE,5,SAN FRANCISCO DE CAMPECHE,1,CAMPECHE,91,3,304,256,25,21,34,16,19,358,19,5,1,8,4,2,0,,,,,,,22,1094,3,35,1132,1747
 ,4,CAMPECHE,5,SAN FRANCISCO DE CAMPECHE,1,CAMPECHE,99,2,188,191,22,13,29,9,12,288,10,10,3,4,8,0,0,,,,,,,32,819,3,25,847,1240
 ,4,CAMPECHE,5,SAN FRANCISCO DE CAMPECHE,1,CAMPECHE,100,4,410,393,26,17,40,19,24,451,16,14,2,12,5,0,0,,,,,,,61,1490,0,44,1534,2272
 ,4,CAMPECHE,5,SAN FRANCISCO DE CAMPECHE,1,CAMPECHE,101,4,491,396,40,18,40,23,16,496,14,18,5,7,8,2,0,,,,,,,63,1637,4,59,1700,2439
 ,4,CAMPECHE,5,SAN FRANCISCO DE CAMPECHE,1,CAMPECHE,102,3,258,350,30,16,34,17,11,394,12,13,5,8,7,0,0,,,,,,,51,1206,0,42,1248,1708
 ,4,CAMPECHE,5,SAN FRANCISCO DE CAMPECHE,1,CAMPECHE,103,2,176,212,11,17,22,19,7,269,9,12,2,13,5,1,0,,,,,,,17,792,1,33,826,1186
 ,4,CAMPECHE,5,SAN FRANCISCO DE CAMPECHE,1,CAMPECHE,108,5,427,422,23,26,89,31,23,618,16,26,6,21,6,1,0,,,,,,,70,1805,3,104,1912,3105
 ,4,CAMPECHE,5,SAN FRANCISCO DE CAMPECHE,1,CAMPECHE,109,4,406,343,29,14,54,20,19,416,19,16,5,14,3,0,0,,,,,,,44,1402,2,74,1478,2305
 ,4,CAMPECHE,5,SAN FRANCISCO DE CAMPECHE,1,CAMPECHE,111,3,171,189,15,4,44,8,13,279,18,6,2,5,3,0,0,,,,,,,25,782,0,34,816,1908
 ,4,CAMPECHE,6,SAN FRANCISCO DE CAMPECHE,1,CAMPECHE,54,2,135,197,20,16,13,8,16,180,10,12,1,6,3,1,0,,,,,,,,618,0,28,646,850
 ,4,CAMPECHE,6,SAN FRANCISCO DE CAMPECHE,1,CAMPECHE,72,2,213,341,17,18,21,30,11,252,19,18,1,9,4,0,0,,,,,,,,954,1,42,997,1297
 ,4,CAMPECHE,6,SAN FRANCISCO DE CAMPECHE,1,CAMPECHE,73,2,184,243,19,34,24,8,9,172,10,14,1,12,4,0,0,,,,,,,,734,1,33,768,1159
 ,4,CAMPECHE,6,SAN FRANCISCO DE CAMPECHE,1,CAMPECHE,88,1,114,199,19,14,8,3,3,81,8,2,0,9,0,1,0,,,,,,,,461,0,15,476,613
 ,4,CAMPECHE,6,SAN FRANCISCO DE CAMPECHE,1,CAMPECHE,89,2,187,318,11,31,8,12,12,135,10,15,1,6,2,1,0,,,,,,,,749,0,33,782,1004
 ,4,CAMPECHE,6,SAN FRANCISCO DE CAMPECHE,1,CAMPECHE,107,2,219,190,23,9,25,27,11,306,18,5,6,7,6,0,0,,,,,,,,852,3,58,913,1331
 ,4,CAMPECHE,6,SAN FRANCISCO DE CAMPECHE,1,CAMPECHE,110,2,288,174,34,9,33,11,112,215,10,5,1,5,3,2,0,,,,,,,,902,0,44,946,1283
 ,4,CAMPECHE,6,SAN FRANCISCO DE CAMPECHE,1,CAMPECHE,112,6,663,554,44,31,92,56,24,734,30,33,5,26,8,0,0,,,,,,,,2300,1,105,2406,3945
 ,4,CAMPECHE,6,SAN FRANCISCO DE CAMPECHE,1,CAMPECHE,113,2,210,118,21,3,19,11,60,143,18,11,1,4,1,2,0,,,,,,,,622,0,33,655,835
 ,4,CAMPECHE,6,SAN FRANCISCO DE CAMPECHE,1,CAMPECHE,114,2,331,162,22,8,23,18,68,197,13,10,1,5,2,3,1,,,,,,,,864,0,36,900,1246
 ,4,CAMPECHE,6,SAN FRANCISCO DE CAMPECHE,1,CAMPECHE,115,2,218,102,22,12,15,12,52,112,9,5,2,3,0,2,1,,,,,,,,567,0,32,599,888
 ,4,CAMPECHE,6,SAN FRANCISCO DE CAMPECHE,1,CAMPECHE,116,2,225,200,18,3,15,14,59,152,10,8,7,3,1,3,0,,,,,,,,718,0,27,745,1108
 ,4,CAMPECHE,6,SAN FRANCISCO DE CAMPECHE,1,CAMPECHE,117,3,328,217,50,13,36,38,105,249,16,6,2,6,4,4,0,,,,,,,,1074,6,45,1125,1640
 ,4,CAMPECHE,6,SAN FRANCISCO DE CAMPECHE,1,CAMPECHE,127,2,140,177,31,6,35,18,14,223,18,12,0,6,7,0,0,,,,,,,,687,1,41,729,1077
 ,4,CAMPECHE,6,SAN FRANCISCO DE CAMPECHE,1,CAMPECHE,129,2,399,345,17,2,89,16,9,160,91,29,1,7,3,0,0,,,,,,,,1168,0,79,1247,1450
 ,4,CAMPECHE,6,SAN FRANCISCO DE CAMPECHE,1,CAMPECHE,130,1,124,92,4,1,17,3,5,59,4,4,3,0,2,0,0,,,,,,,,318,0,16,334,444
 ,4,CAMPECHE,6,SAN FRANCISCO DE CAMPECHE,1,CAMPECHE,131,1,47,99,1,1,1,2,2,30,7,20,0,2,0,0,0,,,,,,,,212,0,9,221,252
 ,4,CAMPECHE,6,SAN FRANCISCO DE CAMPECHE,1,CAMPECHE,132,1,78,44,2,0,4,4,0,21,9,0,0,0,0,0,0,,,,,,,,162,0,5,167,192
 ,4,CAMPECHE,6,SAN FRANCISCO DE CAMPECHE,1,CAMPECHE,133,1,115,170,2,1,6,6,3,75,31,1,1,2,2,1,0,,,,,,,,416,0,22,438,512
 ,4,CAMPECHE,6,SAN FRANCISCO DE CAMPECHE,1,CAMPECHE,134,2,100,101,8,5,12,5,9,71,10,3,7,1,0,0,0,,,,,,,,332,0,23,355,452
 ,4,CAMPECHE,6,SAN FRANCISCO DE CAMPECHE,1,CAMPECHE,135,2,96,121,4,3,1,4,12,245,9,3,93,152,2,2,0,,,,,,,,747,0,20,767,848
 ,4,CAMPECHE,6,SAN FRANCISCO DE CAMPECHE,1,CAMPECHE,136,1,76,45,2,1,1,1,1,24,0,3,0,2,1,0,0,,,,,,,,157,0,0,157,193
 ,4,CAMPECHE,6,SAN FRANCISCO DE CAMPECHE,1,CAMPECHE,137,1,65,83,5,0,0,0,0,44,1,0,0,0,0,0,0,,,,,,,,198,0,6,204,263
 ,4,CAMPECHE,6,SAN FRANCISCO DE CAMPECHE,1,CAMPECHE,138,1,66,147,3,2,14,3,34,119,8,3,1,7,0,0,0,,,,,,,,407,0,27,434,528
 ,4,CAMPECHE,6,SAN FRANCISCO DE CAMPECHE,1,CAMPECHE,139,4,546,356,126,21,38,17,30,446,35,31,3,20,7,3,0,,,,,,,,1679,0,107,1786,2738
 ,4,CAMPECHE,6,SAN FRANCISCO DE CAMPECHE,1,CAMPECHE,140,2,165,213,19,3,8,7,4,186,7,3,2,7,6,1,0,,,,,,,,631,0,21,652,905
 ,4,CAMPECHE,6,SAN FRANCISCO DE CAMPECHE,1,CAMPECHE,141,2,126,261,21,4,16,6,8,196,3,4,1,4,0,1,0,,,,,,,,651,0,14,665,898
 ,4,CAMPECHE,6,SAN FRANCISCO DE CAMPECHE,1,CAMPECHE,142,4,735,406,69,7,64,14,6,471,19,3,9,6,9,9,0,,,,,,,,1827,0,123,1950,2624
 ,4,CAMPECHE,6,SAN FRANCISCO DE CAMPECHE,1,CAMPECHE,143,1,80,81,4,1,11,2,3,57,45,1,0,2,0,0,0,,,,,,,,287,0,11,298,347
 ,4,CAMPECHE,6,SAN FRANCISCO DE CAMPECHE,1,CAMPECHE,144,1,49,65,10,0,15,0,0,43,2,5,0,1,0,0,0,,,,,,,,190,0,9,199,234
 ,4,CAMPECHE,6,SAN FRANCISCO DE CAMPECHE,1,CAMPECHE,145,2,98,187,16,16,17,4,17,127,59,1,0,6,0,2,0,,,,,,,,550,0,35,585,836
 ,4,CAMPECHE,6,SAN FRANCISCO DE CAMPECHE,1,CAMPECHE,146,1,122,111,13,0,11,1,2,102,28,2,1,4,1,2,0,,,,,,,,400,0,11,411,474
 ,4,CAMPECHE,7,TENABO,1,CAMPECHE,1,1,120,114,4,10,7,7,16,125,4,9,2,7,1,0,0,,,,,,,,426,1,21,448,554
 ,4,CAMPECHE,7,TENABO,1,CAMPECHE,2,1,144,98,10,10,11,7,8,151,6,7,2,3,1,0,0,,,,,,,,458,0,16,474,647
 ,4,CAMPECHE,7,TENABO,1,CAMPECHE,3,1,142,144,12,20,7,6,7,122,13,6,3,4,1,0,0,,,,,,,,487,1,16,504,653
 ,4,CAMPECHE,7,TENABO,1,CAMPECHE,5,2,245,199,25,12,25,10,17,216,10,19,2,4,5,2,0,,,,,,,,791,0,31,822,1043
 ,4,CAMPECHE,7,TENABO,1,CAMPECHE,6,2,249,151,18,10,24,14,23,198,11,16,2,5,4,1,1,,,,,,,,727,0,41,768,1015
 ,4,CAMPECHE,7,TENABO,1,CAMPECHE,7,2,211,186,17,13,14,8,20,211,10,19,2,9,2,1,0,,,,,,,,723,0,27,750,963
 ,4,CAMPECHE,7,TENABO,1,CAMPECHE,8,2,207,133,14,7,12,6,6,144,5,12,2,1,2,0,0,,,,,,,,551,0,29,580,761
 ,4,CAMPECHE,7,TENABO,1,CAMPECHE,11,2,165,200,6,24,26,8,19,182,15,16,4,7,4,0,11,,,,,,,,687,0,39,726,914
 ,4,CAMPECHE,7,TENABO,1,CAMPECHE,12,3,219,298,27,25,25,26,75,315,24,31,1,9,5,2,0,,,,,,,,1082,0,54,1136,1532
 ,4,CAMPECHE,7,TENABO,1,CAMPECHE,24,2,206,222,11,10,17,23,18,226,11,18,2,7,5,0,0,,,,,,,,776,7,41,824,1116
 ,4,CAMPECHE,7,TENABO,1,CAMPECHE,25,1,107,152,7,6,7,5,17,132,1,10,0,4,0,2,1,,,,,,,,451,0,15,466,592
 ,4,CAMPECHE,7,TENABO,1,CAMPECHE,26,2,198,200,19,15,13,10,9,275,16,18,1,4,3,0,2,,,,,,,,783,0,63,846,1094
 ,4,CAMPECHE,7,TENABO,1,CAMPECHE,27,2,198,235,12,20,13,6,16,265,10,18,3,6,0,1,0,,,,,,,,803,1,29,833,1095
 ,4,CAMPECHE,7,TENABO,1,CAMPECHE,29,2,135,189,14,9,28,4,25,223,11,12,0,1,0,0,0,,,,,,,,651,1,29,681,847
 ,4,CAMPECHE,7,TENABO,1,CAMPECHE,30,2,114,174,36,13,6,11,6,199,12,12,3,5,2,1,0,,,,,,,,594,0,22,616,756
 ,4,CAMPECHE,7,TENABO,1,CAMPECHE,31,1,115,144,17,8,14,5,18,159,10,8,3,6,1,2,0,,,,,,,,510,0,23,533,713
 ,4,CAMPECHE,7,TENABO,1,CAMPECHE,44,2,129,114,16,12,23,12,21,168,4,10,1,4,3,0,0,,,,,,,,517,0,21,538,850
 ,4,CAMPECHE,7,TENABO,1,CAMPECHE,45,2,135,131,15,11,13,10,19,216,13,7,1,2,1,1,0,,,,,,,,575,0,25,600,766
 ,4,CAMPECHE,7,TENABO,1,CAMPECHE,46,2,193,193,14,6,10,10,30,215,14,8,1,6,2,1,0,,,,,,,,703,0,38,741,996
 ,4,CAMPECHE,7,TENABO,1,CAMPECHE,47,2,134,185,17,9,11,8,51,268,8,17,1,7,6,2,0,,,,,,,,724,0,26,750,911
 ,4,CAMPECHE,7,TENABO,1,CAMPECHE,48,2,180,183,26,7,20,13,16,237,13,19,2,3,2,3,0,,,,,,,,724,0,14,738,990
 ,4,CAMPECHE,7,TENABO,1,CAMPECHE,118,2,128,225,9,8,14,12,12,274,2,32,0,2,1,0,0,,,,,,,,719,0,22,741,917
 ,4,CAMPECHE,7,TENABO,1,CAMPECHE,119,1,45,104,7,3,2,11,2,113,3,28,1,5,0,0,0,,,,,,,,324,0,9,333,399
 ,4,CAMPECHE,7,TENABO,1,CAMPECHE,120,2,111,195,19,7,6,25,6,198,13,66,10,3,1,1,1,,,,,,,,662,0,13,675,810
 ,4,CAMPECHE,7,TENABO,1,CAMPECHE,121,2,93,175,7,7,16,10,12,267,7,21,6,3,3,0,0,,,,,,,,627,0,32,659,897
 ,4,CAMPECHE,7,TENABO,1,CAMPECHE,122,2,172,224,10,13,25,14,6,264,14,10,0,6,0,2,2,,,,,,,,762,0,42,804,1048
 ,4,CAMPECHE,7,TENABO,1,CAMPECHE,123,2,153,133,16,4,27,11,3,184,2,4,1,5,4,0,0,,,,,,,,547,0,60,607,770
 ,4,CAMPECHE,7,TENABO,8,TENABO,440,3,141,394,12,19,7,7,17,536,6,3,0,11,5,3,0,,,,,,,,1161,0,21,1182,1519
 ,4,CAMPECHE,7,TENABO,8,TENABO,441,3,191,483,2,13,12,9,17,647,2,2,1,29,8,8,0,,,,,,,,1424,0,24,1448,1643
 ,4,CAMPECHE,7,TENABO,8,TENABO,442,3,176,484,12,12,8,8,32,529,9,0,1,24,10,4,0,,,,,,,,1309,0,34,1343,1601
 ,4,CAMPECHE,7,TENABO,8,TENABO,443,3,164,479,8,10,6,4,24,602,7,3,3,23,6,2,1,,,,,,,,1342,0,19,1361,1611
 ,4,CAMPECHE,7,TENABO,8,TENABO,444,1,50,43,0,4,0,0,13,50,0,0,0,1,0,0,0,,,,,,,,161,0,4,165,173
 ,4,CAMPECHE,7,TENABO,8,TENABO,445,2,135,313,12,27,8,16,21,235,3,12,1,17,9,4,0,,,,,,,,813,0,27,840,936
 ,4,CAMPECHE,7,TENABO,8,TENABO,446,1,10,20,2,2,5,0,0,44,3,1,0,2,0,0,0,,,,,,,,89,0,0,89,109
 ,4,CAMPECHE,7,TENABO,8,TENABO,447,1,35,152,4,19,1,5,0,160,0,0,0,3,0,0,0,,,,,,,,379,0,7,386,414
 ,4,CAMPECHE,8,CD DEL CARMEN,3,CARMEN,205,7,394,408,42,11,43,14,35,900,17,40,3,18,6,6,2,,38,,,53,,,2030,0,76,2106,4864
 ,4,CAMPECHE,8,CD DEL CARMEN,3,CARMEN,220,1,94,80,10,1,7,4,3,235,10,5,3,1,2,4,0,,10,,,37,,,506,0,16,522,698
 ,4,CAMPECHE,8,CD DEL CARMEN,3,CARMEN,232,3,249,202,29,10,40,8,5,525,19,13,5,8,2,0,0,,23,,,49,,,1187,17,21,1225,1959
 ,4,CAMPECHE,8,CD DEL CARMEN,3,CARMEN,233,3,220,291,22,4,37,17,12,479,21,7,5,12,3,2,0,,49,,,48,,,1229,2,61,1292,1997
 ,4,CAMPECHE,8,CD DEL CARMEN,3,CARMEN,234,3,213,184,25,7,25,9,4,606,11,13,1,1,5,1,0,,24,,,35,,,1164,2,40,1206,1933
 ,4,CAMPECHE,8,CD DEL CARMEN,3,CARMEN,235,2,185,113,39,5,15,7,7,374,10,10,5,4,2,1,0,,19,,,31,,,827,0,49,876,1334
 ,4,CAMPECHE,8,CD DEL CARMEN,3,CARMEN,236,3,168,160,40,5,25,12,16,362,9,11,1,8,0,2,0,,10,,,28,,,857,0,29,886,1510
 ,4,CAMPECHE,8,CD DEL CARMEN,3,CARMEN,237,2,153,173,21,9,19,6,1,246,14,7,2,1,1,1,0,,9,,,55,,,718,2,44,764,1176
 ,4,CAMPECHE,8,CD DEL CARMEN,3,CARMEN,240,4,129,137,11,5,10,6,3,218,6,8,0,8,1,0,0,,12,,,15,,,569,0,26,595,1620
 ,4,CAMPECHE,8,CD DEL CARMEN,3,CARMEN,241,4,129,192,17,8,28,4,5,337,10,14,2,9,3,0,0,,15,,,22,,,795,0,43,838,1564
 ,4,CAMPECHE,8,CD DEL CARMEN,3,CARMEN,242,3,225,250,25,4,24,6,23,436,8,8,1,9,3,3,0,,11,,,26,,,1062,0,46,1108,1513
 ,4,CAMPECHE,8,CD DEL CARMEN,3,CARMEN,243,4,279,272,51,5,26,7,36,585,17,14,1,7,3,1,0,,26,,,46,,,1376,0,65,1441,2412
 ,4,CAMPECHE,8,CD DEL CARMEN,3,CARMEN,245,3,184,141,45,5,24,12,16,428,12,14,2,5,1,2,0,,20,,,26,,,937,1,49,987,1684
 ,4,CAMPECHE,8,CD DEL CARMEN,3,CARMEN,246,2,146,182,22,4,31,7,8,350,8,13,0,4,1,2,0,,7,,,17,,,802,0,37,839,1403
 ,4,CAMPECHE,8,CD DEL CARMEN,3,CARMEN,247,2,136,196,39,12,19,8,13,358,7,20,0,3,1,0,0,,11,,,5,,,828,0,39,867,1433
 ,4,CAMPECHE,8,CD DEL CARMEN,3,CARMEN,248,2,154,158,25,5,11,8,8,317,4,5,2,7,6,1,0,,5,,,15,,,731,0,33,764,1312
 ,4,CAMPECHE,8,CD DEL CARMEN,3,CARMEN,249,5,311,368,55,7,32,18,29,683,13,71,7,18,9,3,0,,27,,,34,,,1685,0,94,1779,3106
 ,4,CAMPECHE,9,CD DEL CARMEN,3,CARMEN,187,3,123,241,29,13,22,13,14,411,17,13,2,10,3,3,0,83,,,,,,,997,2,43,1042,1645
 ,4,CAMPECHE,9,CD DEL CARMEN,3,CARMEN,188,3,211,445,28,14,20,10,14,392,16,16,9,14,7,4,21,88,,,,,,,1309,1,50,1360,1968
 ,4,CAMPECHE,9,CD DEL CARMEN,3,CARMEN,189,2,173,230,13,12,18,8,9,363,32,6,0,13,2,2,0,79,,,,,,,960,0,32,992,1468
 ,4,CAMPECHE,9,CD DEL CARMEN,3,CARMEN,190,2,108,180,15,11,15,4,10,403,11,8,1,8,6,0,0,92,,,,,,,872,0,40,912,1434
 ,4,CAMPECHE,9,CD DEL CARMEN,3,CARMEN,194,2,121,166,20,7,11,12,3,357,12,12,0,17,1,0,0,99,,,,,,,838,0,28,866,1345
 ,4,CAMPECHE,9,CD DEL CARMEN,3,CARMEN,195,2,108,218,35,8,14,3,9,304,13,6,2,8,1,8,0,87,,,,,,,824,0,29,853,1296
 ,4,CAMPECHE,9,CD DEL CARMEN,3,CARMEN,196,2,103,199,38,9,23,4,10,399,15,7,2,15,9,0,0,53,,,,,,,886,0,44,930,1420
 ,4,CAMPECHE,9,CD DEL CARMEN,3,CARMEN,197,2,102,226,18,7,10,2,6,239,18,8,1,9,7,2,1,64,,,,,,,720,0,28,748,1210
 ,4,CAMPECHE,9,CD DEL CARMEN,3,CARMEN,201,2,66,210,16,3,7,3,5,193,9,15,4,9,0,2,0,30,,,,,,,572,0,17,589,907
 ,4,CAMPECHE,9,CD DEL CARMEN,3,CARMEN,202,3,159,404,24,18,30,6,3,387,7,13,3,13,2,6,0,93,,,,,,,1168,0,46,1214,1745
 ,4,CAMPECHE,9,CD DEL CARMEN,3,CARMEN,203,3,163,305,14,10,15,6,7,333,9,17,1,10,3,3,0,76,,,,,,,972,0,37,1009,1520
 ,4,CAMPECHE,9,CD DEL CARMEN,3,CARMEN,204,1,95,98,11,5,6,3,3,193,11,12,2,1,2,0,1,45,,,,,,,488,0,17,505,737
 ,4,CAMPECHE,9,CD DEL CARMEN,3,CARMEN,207,3,133,284,40,7,23,7,9,420,9,12,3,7,0,0,0,65,,,,,,,1019,0,49,1068,1647
 ,4,CAMPECHE,9,CD DEL CARMEN,3,CARMEN,208,3,147,267,23,16,18,8,14,428,21,28,2,8,2,0,0,103,,,,,,,1085,1,30,1116,1543
 ,4,CAMPECHE,9,CD DEL CARMEN,3,CARMEN,209,2,138,280,16,11,19,6,11,362,11,16,0,8,5,1,1,88,,,,,,,973,2,36,1011,1487
 ,4,CAMPECHE,9,CD DEL CARMEN,3,CARMEN,210,3,131,341,28,13,23,10,11,343,17,8,0,12,2,0,0,92,,,,,,,1031,0,38,1069,1664
 ,4,CAMPECHE,9,CD DEL CARMEN,3,CARMEN,212,2,29,98,7,6,9,3,4,104,1,3,1,3,1,0,0,27,,,,,,,296,0,6,302,774
 ,4,CAMPECHE,9,CD DEL CARMEN,3,CARMEN,213,2,84,154,19,10,8,9,5,212,4,23,1,11,3,1,0,64,,,,,,,608,0,28,636,934
 ,4,CAMPECHE,9,CD DEL CARMEN,3,CARMEN,217,2,115,208,29,9,9,6,7,331,10,20,3,5,1,0,1,63,,,,,,,817,0,34,851,1274
 ,4,CAMPECHE,9,CD DEL CARMEN,3,CARMEN,218,2,148,167,7,8,14,6,7,292,6,20,1,6,1,0,0,67,,,,,,,750,1,34,785,1253
 ,4,CAMPECHE,9,CD DEL CARMEN,3,CARMEN,219,1,58,88,5,4,5,3,4,106,2,6,0,5,0,0,0,37,,,,,,,323,0,16,339,470
 ,4,CAMPECHE,9,CD DEL CARMEN,3,CARMEN,226,2,92,152,8,13,28,4,6,327,7,4,0,10,5,1,0,55,,,,,,,712,0,39,751,1176
 ,4,CAMPECHE,9,CD DEL CARMEN,3,CARMEN,227,2,110,226,18,9,23,6,10,292,11,9,1,12,3,0,0,80,,,,,,,810,1,35,846,1406
 ,4,CAMPECHE,9,CD DEL CARMEN,3,CARMEN,228,2,68,132,16,10,16,3,13,300,6,10,1,12,1,0,0,47,,,,,,,635,0,24,659,993
 ,4,CAMPECHE,10,CD DEL CARMEN,3,CARMEN,183,7,647,555,90,21,59,29,25,1326,35,41,7,31,7,2,0,,,76,,,,,2951,2,152,3105,5216
 ,4,CAMPECHE,10,CD DEL CARMEN,3,CARMEN,184,7,644,499,71,15,57,34,21,1345,41,45,6,24,4,1,0,,,71,,,,,2878,2,86,2966,4768
 ,4,CAMPECHE,10,CD DEL CARMEN,3,CARMEN,185,5,319,375,51,6,37,12,22,841,20,28,0,14,7,2,0,,,56,,,,,1790,0,105,1895,3071
 ,4,CAMPECHE,10,CD DEL CARMEN,3,CARMEN,186,2,153,158,26,9,8,3,17,407,12,11,2,8,2,0,0,,,57,,,,,873,0,35,908,1437
 ,4,CAMPECHE,10,CD DEL CARMEN,3,CARMEN,191,3,227,226,29,2,21,7,14,613,14,19,3,8,3,1,0,,,50,,,,,1237,0,51,1288,2120
 ,4,CAMPECHE,10,CD DEL CARMEN,3,CARMEN,192,3,167,167,34,9,17,10,13,413,13,8,1,17,4,2,0,,,49,,,,,924,0,34,958,1606
 ,4,CAMPECHE,10,CD DEL CARMEN,3,CARMEN,193,1,97,78,7,4,7,2,5,160,2,9,0,2,0,0,0,,,3,,,,,376,0,14,390,594
 ,4,CAMPECHE,10,CD DEL CARMEN,3,CARMEN,206,4,551,307,42,14,40,14,22,791,23,50,11,9,4,1,1,,,55,,,,,1935,0,60,1995,2997
 ,4,CAMPECHE,10,CD DEL CARMEN,3,CARMEN,231,3,255,228,35,11,83,14,14,600,24,20,1,10,3,1,0,,,34,,,,,1333,0,62,1395,2229
 ,4,CAMPECHE,10,CD DEL CARMEN,3,CARMEN,493,2,141,72,6,11,11,4,2,268,6,11,2,4,1,0,0,,,18,,,,,557,0,13,570,768
 ,4,CAMPECHE,10,CD DEL CARMEN,3,CARMEN,494,1,125,45,8,5,5,5,5,175,7,4,0,1,0,0,0,,,9,,,,,394,3,12,409,620
 ,4,CAMPECHE,10,CD DEL CARMEN,3,CARMEN,495,1,75,62,7,7,5,1,6,176,6,7,1,2,0,0,0,,,14,,,,,369,1,14,384,549
 ,4,CAMPECHE,10,CD DEL CARMEN,3,CARMEN,496,1,71,46,7,4,5,9,3,158,2,2,1,0,1,0,0,,,10,,,,,319,0,15,334,544
 ,4,CAMPECHE,10,CD DEL CARMEN,3,CARMEN,502,1,127,74,9,9,3,7,2,250,5,4,0,2,0,0,0,,,8,,,,,500,0,13,513,730
 ,4,CAMPECHE,10,CD DEL CARMEN,3,CARMEN,503,1,142,53,5,7,9,3,3,193,4,3,0,0,2,0,0,,,13,,,,,437,0,7,444,615
 ,4,CAMPECHE,10,CD DEL CARMEN,3,CARMEN,506,1,128,50,8,7,5,1,5,210,4,10,0,1,0,0,0,,,8,,,,,437,0,9,446,614
 ,4,CAMPECHE,11,CD DEL CARMEN,3,CARMEN,230,9,591,793,132,47,195,32,41,1938,66,71,5,59,16,8,3,,,,,,,,3997,1,185,4183,6529
 ,4,CAMPECHE,11,CD DEL CARMEN,3,CARMEN,244,11,586,908,107,76,182,261,37,2031,64,57,13,64,12,4,0,,,,,,,,4402,5,204,4611,8150
 ,4,CAMPECHE,11,CD DEL CARMEN,3,CARMEN,497,1,59,33,17,4,7,2,4,149,5,12,0,2,1,0,0,,,,,,,,295,0,7,302,439
 ,4,CAMPECHE,11,CD DEL CARMEN,3,CARMEN,498,1,73,97,6,9,14,0,6,212,4,18,0,0,2,0,1,,,,,,,,442,0,11,453,704
 ,4,CAMPECHE,11,CD DEL CARMEN,3,CARMEN,499,1,100,52,17,3,6,3,3,147,8,5,1,0,0,0,0,,,,,,,,345,0,8,353,471
 ,4,CAMPECHE,11,CD DEL CARMEN,3,CARMEN,500,1,106,47,14,3,5,5,4,158,4,8,1,3,0,0,0,,,,,,,,358,0,6,364,492
 ,4,CAMPECHE,11,CD DEL CARMEN,3,CARMEN,501,1,63,59,13,3,12,2,5,139,2,4,0,3,1,0,0,,,,,,,,306,1,15,322,427
 ,4,CAMPECHE,11,CD DEL CARMEN,3,CARMEN,504,2,244,121,26,10,18,12,10,422,15,17,3,1,3,0,0,,,,,,,,902,1,23,926,1296
 ,4,CAMPECHE,11,CD DEL CARMEN,3,CARMEN,505,1,43,50,4,5,3,3,1,137,3,10,0,5,0,0,0,,,,,,,,264,0,9,273,422
 ,4,CAMPECHE,11,CD DEL CARMEN,3,CARMEN,507,1,63,58,12,4,13,1,5,152,7,5,2,1,0,0,0,,,,,,,,323,0,7,330,429
 ,4,CAMPECHE,11,CD DEL CARMEN,3,CARMEN,508,1,42,73,4,5,6,7,3,164,7,5,1,2,0,0,0,,,,,,,,319,1,8,328,437
 ,4,CAMPECHE,11,CD DEL CARMEN,3,CARMEN,509,3,119,124,23,15,38,9,7,630,16,21,0,5,1,1,0,,,,,,,,1009,0,27,1036,1833
 ,4,CAMPECHE,11,CD DEL CARMEN,3,CARMEN,510,1,64,85,11,6,8,3,3,177,0,5,0,3,2,0,0,,,,,,,,367,0,9,376,553
 ,4,CAMPECHE,11,CD DEL CARMEN,3,CARMEN,511,2,52,63,20,5,11,4,5,295,3,8,1,4,2,2,0,,,,,,,,475,0,16,491,772
 ,4,CAMPECHE,11,CD DEL CARMEN,3,CARMEN,512,1,49,48,18,2,11,1,5,134,5,7,0,2,0,0,0,,,,,,,,282,0,11,293,452
 ,4,CAMPECHE,11,CD DEL CARMEN,3,CARMEN,513,1,41,65,19,2,17,3,1,169,7,5,1,0,1,0,0,,,,,,,,331,0,10,341,566
 ,4,CAMPECHE,11,CD DEL CARMEN,3,CARMEN,514,1,34,73,16,5,7,1,4,151,5,9,0,3,0,0,0,,,,,,,,308,0,11,319,493
 ,4,CAMPECHE,11,CD DEL CARMEN,3,CARMEN,515,2,45,64,22,6,10,3,4,287,4,7,0,2,0,1,0,,,,,,,,455,0,19,474,800
 ,4,CAMPECHE,11,CD DEL CARMEN,3,CARMEN,516,1,41,58,8,3,12,2,7,144,4,11,0,4,0,1,0,,,,,,,,295,0,14,309,551
 ,4,CAMPECHE,11,CD DEL CARMEN,3,CARMEN,517,2,62,87,16,2,17,5,11,348,5,10,2,1,0,0,0,,,,,,,,566,0,27,593,1040
 ,4,CAMPECHE,11,CD DEL CARMEN,3,CARMEN,518,1,40,49,10,5,10,1,5,151,4,7,1,1,0,1,0,,,,,,,,285,0,12,297,485
 ,4,CAMPECHE,11,CD DEL CARMEN,3,CARMEN,519,1,40,62,18,7,9,4,5,126,6,10,0,0,0,0,0,,,,,,,,287,0,12,299,485
 ,4,CAMPECHE,11,CD DEL CARMEN,3,CARMEN,520,1,40,83,15,3,13,3,8,219,9,8,0,0,1,0,0,,,,,,,,402,0,8,410,669
 ,4,CAMPECHE,11,CD DEL CARMEN,3,CARMEN,521,1,47,52,5,3,8,7,1,181,8,10,0,3,0,0,0,,,,,,,,325,0,8,333,486
 ,4,CAMPECHE,11,CD DEL CARMEN,3,CARMEN,522,1,33,61,18,3,10,5,3,193,2,4,0,1,1,1,0,,,,,,,,335,0,12,347,548
 ,4,CAMPECHE,11,CD DEL CARMEN,3,CARMEN,523,1,37,50,16,2,9,2,6,148,6,3,0,3,0,0,0,,,,,,,,282,0,19,301,504
 ,4,CAMPECHE,11,CD DEL CARMEN,3,CARMEN,524,1,21,66,8,1,12,4,3,115,1,9,0,0,0,0,0,,,,,,,,240,0,12,252,447
 ,4,CAMPECHE,11,CD DEL CARMEN,3,CARMEN,525,1,39,40,12,1,14,1,7,134,5,5,0,0,0,1,0,,,,,,,,259,0,5,264,427
 ,4,CAMPECHE,11,CD DEL CARMEN,3,CARMEN,526,1,43,41,8,1,0,1,12,102,2,1,0,2,0,0,0,,,,,,,,213,1,10,224,393
 ,4,CAMPECHE,11,CD DEL CARMEN,3,CARMEN,527,1,40,36,14,2,13,0,5,99,0,5,0,5,0,0,0,,,,,,,,219,0,7,226,358
 ,4,CAMPECHE,12,SABANCUY,3,CARMEN,250,3,234,449,24,19,57,26,11,292,8,9,6,12,5,2,0,,,,,,,,1154,0,101,1255,1918
 ,4,CAMPECHE,12,SABANCUY,3,CARMEN,251,2,146,302,8,10,17,16,10,182,2,5,0,6,3,2,0,,,,,,,,709,0,40,749,1064
 ,4,CAMPECHE,12,SABANCUY,3,CARMEN,252,2,204,323,4,4,32,8,20,101,4,4,0,9,1,2,0,,,,,,,,716,0,46,762,1011
 ,4,CAMPECHE,12,SABANCUY,3,CARMEN,253,3,201,533,7,9,55,18,20,218,6,3,1,16,7,6,0,,,,,,,,1100,0,70,1170,1650
 ,4,CAMPECHE,12,SABANCUY,3,CARMEN,254,1,40,153,5,7,41,4,0,189,2,3,1,8,3,1,1,,,,,,,,458,0,29,487,675
 ,4,CAMPECHE,12,SABANCUY,3,CARMEN,255,1,55,135,6,0,15,3,3,207,2,1,0,11,7,1,0,,,,,,,,446,0,20,466,580
 ,4,CAMPECHE,12,SABANCUY,3,CARMEN,256,3,148,338,28,9,114,13,15,452,21,10,1,16,10,0,1,,,,,,,,1176,0,100,1276,2212
 ,4,CAMPECHE,12,SABANCUY,3,CARMEN,257,5,143,404,36,30,223,16,30,640,42,16,3,13,7,4,1,,,,,,,,1608,0,111,1719,3013
 ,4,CAMPECHE,12,SABANCUY,3,CARMEN,258,2,124,332,14,4,58,15,4,280,5,1,2,9,4,2,0,,,,,,,,854,0,54,908,1394
 ,4,CAMPECHE,12,SABANCUY,3,CARMEN,259,2,71,292,5,20,88,7,15,324,9,6,0,11,4,3,0,,,,,,,,855,0,44,899,1344
 ,4,CAMPECHE,12,SABANCUY,3,CARMEN,260,1,46,178,7,3,34,10,1,187,4,0,1,6,1,2,0,,,,,,,,480,0,20,500,729
 ,4,CAMPECHE,12,SABANCUY,3,CARMEN,261,2,110,282,12,6,71,5,6,206,6,16,1,23,10,1,0,,,,,,,,755,0,74,829,1235
 ,4,CAMPECHE,12,SABANCUY,3,CARMEN,262,3,119,305,17,4,73,8,9,310,12,7,1,34,8,1,3,,,,,,,,911,0,60,971,1501
 ,4,CAMPECHE,12,SABANCUY,3,CARMEN,270,1,4,66,0,0,0,1,0,91,1,0,0,1,2,0,0,,,,,,,,166,0,10,176,255
 ,4,CAMPECHE,12,SABANCUY,3,CARMEN,271,1,39,102,6,6,10,4,3,156,6,9,1,0,3,0,0,,,,,,,,345,0,43,388,667
 ,4,CAMPECHE,12,SABANCUY,3,CARMEN,272,1,5,35,2,1,2,4,2,23,1,0,0,0,0,0,0,,,,,,,,75,0,0,75,114
 ,4,CAMPECHE,12,SABANCUY,3,CARMEN,284,1,2,54,5,2,6,0,2,46,0,0,0,2,1,0,0,,,,,,,,120,0,11,131,298
 ,4,CAMPECHE,12,SABANCUY,3,CARMEN,472,2,87,195,6,16,17,5,12,317,3,2,0,5,2,1,0,,,,,,,,668,0,58,726,1033
 ,4,CAMPECHE,12,SABANCUY,3,CARMEN,473,2,61,205,7,28,25,8,19,298,4,1,1,10,8,3,0,,,,,,,,678,0,36,714,978
 ,4,CAMPECHE,12,SABANCUY,3,CARMEN,474,1,28,37,1,2,6,12,1,76,1,0,0,0,0,0,0,,,,,,,,164,0,6,170,255
 ,4,CAMPECHE,12,SABANCUY,3,CARMEN,478,2,136,321,6,10,13,5,27,329,9,13,0,14,4,5,0,,,,,,,,892,0,36,928,1232
 ,4,CAMPECHE,12,SABANCUY,3,CARMEN,479,1,38,127,5,6,7,7,9,186,5,0,1,4,0,0,0,,,,,,,,395,0,29,424,558
 ,4,CAMPECHE,12,SABANCUY,3,CARMEN,483,1,17,64,2,1,5,6,1,134,3,2,0,0,0,0,0,,,,,,,,235,0,15,250,331
 ,4,CAMPECHE,12,SABANCUY,3,CARMEN,484,2,89,222,13,2,108,13,10,351,3,5,3,10,4,0,0,,,,,,,,833,0,56,889,1309
 ,4,CAMPECHE,12,SABANCUY,3,CARMEN,486,3,79,242,31,24,25,19,6,362,6,5,1,6,1,0,0,,,,,,,,807,0,76,883,1519
 ,4,CAMPECHE,12,SABANCUY,3,CARMEN,487,1,77,210,7,5,12,5,10,189,1,1,1,3,5,1,0,,,,,,,,527,0,28,555,746
 ,4,CAMPECHE,12,SABANCUY,3,CARMEN,488,1,39,72,11,1,11,4,1,131,4,0,1,4,0,1,0,,,,,,,,280,0,22,302,430
 ,4,CAMPECHE,12,SABANCUY,3,CARMEN,491,2,222,132,10,11,22,14,10,518,14,18,1,5,1,1,0,,,,,,,,979,0,28,1007,1469
 ,4,CAMPECHE,12,SABANCUY,3,CARMEN,492,2,190,108,7,7,28,17,7,476,11,15,1,4,0,0,0,,,,,,,,871,2,29,902,1481
 ,4,CAMPECHE,13,ESCARCEGA,9,ESCARCEGA,448,4,211,303,29,23,203,29,20,722,43,6,8,26,8,2,0,,,,,,,,1633,0,78,1711,2768
 ,4,CAMPECHE,13,ESCARCEGA,9,ESCARCEGA,449,2,101,171,22,21,75,23,9,373,9,4,2,19,3,1,0,,,,,,,,833,0,49,882,1365
 ,4,CAMPECHE,13,ESCARCEGA,9,ESCARCEGA,450,2,115,165,23,5,84,27,3,303,11,3,5,8,4,0,0,,,,,,,,756,0,34,790,1264
 ,4,CAMPECHE,13,ESCARCEGA,9,ESCARCEGA,451,3,110,234,17,16,125,24,6,457,34,4,2,13,4,0,0,,,,,,,,1046,0,67,1113,1771
 ,4,CAMPECHE,13,ESCARCEGA,9,ESCARCEGA,452,1,66,105,13,6,57,14,5,124,14,0,2,8,3,0,0,,,,,,,,417,0,18,435,613
 ,4,CAMPECHE,13,ESCARCEGA,9,ESCARCEGA,453,2,67,90,15,4,76,26,7,220,23,2,2,6,2,3,0,,,,,,,,543,0,20,563,802
 ,4,CAMPECHE,13,ESCARCEGA,9,ESCARCEGA,454,3,306,349,29,18,114,33,9,533,21,5,1,14,7,0,1,,,,,,,,1440,1,40,1481,2021
 ,4,CAMPECHE,13,ESCARCEGA,9,ESCARCEGA,455,2,95,218,32,12,58,22,26,358,17,2,0,5,0,0,0,,,,,,,,845,0,89,934,1486
 ,4,CAMPECHE,13,ESCARCEGA,9,ESCARCEGA,456,2,71,120,17,9,19,12,4,232,20,2,2,4,2,0,0,,,,,,,,514,0,34,548,870
 ,4,CAMPECHE,13,ESCARCEGA,9,ESCARCEGA,457,1,56,161,14,7,36,19,3,164,12,2,0,4,1,0,0,,,,,,,,479,0,21,500,685
 ,4,CAMPECHE,13,ESCARCEGA,9,ESCARCEGA,458,2,88,138,16,5,50,16,5,239,6,1,2,11,3,1,0,,,,,,,,581,0,38,619,924
 ,4,CAMPECHE,13,ESCARCEGA,9,ESCARCEGA,459,2,87,79,11,5,69,16,8,185,16,3,3,5,1,0,0,,,,,,,,488,0,20,508,760
 ,4,CAMPECHE,13,ESCARCEGA,9,ESCARCEGA,460,2,51,84,22,10,67,9,7,128,8,0,1,9,0,1,0,,,,,,,,397,3,10,410,623
 ,4,CAMPECHE,13,ESCARCEGA,9,ESCARCEGA,461,2,64,207,15,10,64,15,4,316,7,0,1,23,3,1,1,,,,,,,,731,0,41,772,1136
 ,4,CAMPECHE,13,ESCARCEGA,9,ESCARCEGA,462,2,57,174,19,8,80,10,2,236,9,2,0,8,6,0,0,,,,,,,,611,0,14,625,1045
 ,4,CAMPECHE,13,ESCARCEGA,9,ESCARCEGA,463,2,118,229,11,6,58,13,6,259,20,1,1,14,8,0,0,,,,,,,,744,0,32,776,1142
 ,4,CAMPECHE,13,ESCARCEGA,9,ESCARCEGA,464,3,171,221,20,12,132,24,8,387,14,1,5,19,5,1,0,,,,,,,,1020,0,75,1095,1843
 ,4,CAMPECHE,13,ESCARCEGA,9,ESCARCEGA,465,1,16,53,9,3,24,8,0,100,7,0,0,11,0,0,0,,,,,,,,231,0,16,247,336
 ,4,CAMPECHE,13,ESCARCEGA,9,ESCARCEGA,466,2,23,89,9,3,23,5,1,120,11,0,0,2,1,0,0,,,,,,,,287,0,20,307,472
 ,4,CAMPECHE,13,ESCARCEGA,9,ESCARCEGA,471,2,57,145,23,9,59,26,11,422,19,2,5,5,2,0,0,,,,,,,,785,0,59,844,1202
 ,4,CAMPECHE,13,ESCARCEGA,9,ESCARCEGA,475,2,107,130,37,22,44,6,2,228,3,1,4,2,1,0,0,,,,,,,,587,0,36,623,936
 ,4,CAMPECHE,13,ESCARCEGA,9,ESCARCEGA,476,2,77,149,14,9,33,7,11,196,4,2,0,3,5,0,0,,,,,,,,510,0,24,534,821
 ,4,CAMPECHE,13,ESCARCEGA,9,ESCARCEGA,477,2,86,144,32,15,82,12,11,226,7,2,0,14,7,0,0,,,,,,,,638,4,65,707,1093
 ,4,CAMPECHE,13,ESCARCEGA,9,ESCARCEGA,480,2,60,163,10,12,32,3,9,261,8,3,0,3,3,0,0,,,,,,,,567,0,20,587,839
 ,4,CAMPECHE,13,ESCARCEGA,9,ESCARCEGA,481,2,66,179,22,10,27,4,4,319,18,4,0,0,0,0,0,,,,,,,,653,1,33,687,1105
 ,4,CAMPECHE,13,ESCARCEGA,9,ESCARCEGA,482,1,30,108,3,4,24,11,10,225,13,1,0,15,7,1,0,,,,,,,,452,0,24,476,629
 ,4,CAMPECHE,13,ESCARCEGA,9,ESCARCEGA,485,1,56,131,5,8,38,3,4,185,3,0,1,8,0,0,0,,,,,,,,442,0,42,484,685
 ,4,CAMPECHE,13,ESCARCEGA,9,ESCARCEGA,489,3,160,246,34,11,96,28,8,467,31,4,6,10,3,4,0,,,,,,,,1108,0,82,1190,1983
 ,4,CAMPECHE,14,CANDELARIA,10,CANDELARIA,273,6,539,665,25,21,53,33,14,599,18,3,15,27,15,2,1,,,,,,,,2030,0,146,2176,3421
 ,4,CAMPECHE,14,CANDELARIA,10,CANDELARIA,274,2,285,237,9,2,10,3,7,125,2,3,6,7,5,0,0,,,,,,,,701,0,49,750,1083
 ,4,CAMPECHE,14,CANDELARIA,10,CANDELARIA,275,2,188,128,7,2,5,6,8,45,5,0,1,3,0,0,0,,,,,,,,398,0,24,422,592
 ,4,CAMPECHE,14,CANDELARIA,10,CANDELARIA,276,1,90,109,7,1,3,1,1,23,0,0,2,2,3,0,0,,,,,,,,242,0,12,254,355
 ,4,CAMPECHE,14,CANDELARIA,10,CANDELARIA,277,3,384,461,13,8,8,8,6,120,4,3,8,30,14,3,0,,,,,,,,1070,0,82,1152,1621
 ,4,CAMPECHE,14,CANDELARIA,10,CANDELARIA,278,5,573,512,16,13,25,20,15,527,13,4,9,27,14,5,0,,,,,,,,1773,0,135,1908,3182
 ,4,CAMPECHE,14,CANDELARIA,10,CANDELARIA,279,3,565,392,12,6,16,10,23,171,6,0,4,14,3,2,0,,,,,,,,1224,0,49,1273,2045
 ,4,CAMPECHE,14,CANDELARIA,10,CANDELARIA,280,3,363,330,15,5,7,3,18,133,0,4,9,13,3,1,0,,,,,,,,904,0,62,966,1512
 ,4,CAMPECHE,14,CANDELARIA,10,CANDELARIA,281,2,328,297,18,7,7,6,11,130,1,0,11,13,0,0,0,,,,,,,,829,0,30,859,1291
 ,4,CAMPECHE,14,CANDELARIA,10,CANDELARIA,282,2,307,226,14,3,7,4,12,80,1,2,2,13,5,1,0,,,,,,,,677,0,35,712,1078
 ,4,CAMPECHE,14,CANDELARIA,10,CANDELARIA,283,3,470,463,20,4,8,7,9,154,2,2,7,19,4,1,0,,,,,,,,1170,0,73,1243,1963
 ,4,CAMPECHE,14,CANDELARIA,10,CANDELARIA,285,2,204,166,9,1,8,5,5,106,3,3,4,4,7,2,0,,,,,,,,527,0,34,561,793
 ,4,CAMPECHE,14,CANDELARIA,10,CANDELARIA,286,1,62,88,2,0,0,0,0,18,0,0,0,0,0,0,0,,,,,,,,170,0,13,183,320
 ,4,CAMPECHE,14,CANDELARIA,10,CANDELARIA,287,1,67,91,1,1,0,1,3,23,1,0,2,7,1,0,0,,,,,,,,198,0,12,210,303
 ,4,CAMPECHE,14,CANDELARIA,10,CANDELARIA,288,1,82,69,3,1,5,3,3,86,1,1,1,3,1,0,0,,,,,,,,259,0,20,279,444
 ,4,CAMPECHE,14,CANDELARIA,10,CANDELARIA,289,2,158,166,4,0,7,2,28,108,0,0,5,6,5,6,0,,,,,,,,495,0,25,520,757
 ,4,CAMPECHE,14,CANDELARIA,10,CANDELARIA,290,1,22,19,0,1,0,1,2,26,0,0,0,0,0,0,0,,,,,,,,71,0,2,73,129
 ,4,CAMPECHE,14,CANDELARIA,10,CANDELARIA,291,2,300,176,4,3,11,5,7,120,1,0,5,2,4,2,0,,,,,,,,640,0,41,681,1134
 ,4,CAMPECHE,14,CANDELARIA,10,CANDELARIA,292,1,140,145,5,0,7,5,5,88,1,0,5,4,0,0,0,,,,,,,,405,0,26,431,596
 ,4,CAMPECHE,14,CANDELARIA,10,CANDELARIA,293,2,254,239,4,5,17,4,9,138,2,0,0,12,7,4,0,,,,,,,,695,0,35,730,1010
 ,4,CAMPECHE,14,CANDELARIA,10,CANDELARIA,294,1,33,73,0,0,0,0,0,10,0,0,0,0,0,0,0,,,,,,,,116,0,8,124,178
 ,4,CAMPECHE,14,CANDELARIA,10,CANDELARIA,295,3,191,268,9,10,14,12,10,259,2,0,0,6,4,1,0,,,,,,,,786,0,37,823,1222
 ,4,CAMPECHE,14,CANDELARIA,10,CANDELARIA,296,1,163,223,4,0,5,8,3,55,2,0,0,0,0,0,0,,,,,,,,463,0,30,493,702
 ,4,CAMPECHE,14,CANDELARIA,10,CANDELARIA,297,2,146,264,6,3,10,6,5,97,1,1,1,8,4,1,0,,,,,,,,553,0,24,577,788
 ,4,CAMPECHE,14,CANDELARIA,10,CANDELARIA,298,2,141,199,18,5,29,7,22,139,10,0,3,9,6,1,1,,,,,,,,590,0,35,625,882
 ,4,CAMPECHE,14,CANDELARIA,10,CANDELARIA,299,2,190,238,17,11,12,4,14,143,5,1,1,10,3,1,0,,,,,,,,650,0,50,700,1043
 ,4,CAMPECHE,14,CANDELARIA,10,CANDELARIA,300,1,71,110,3,2,9,1,5,53,0,0,0,1,2,0,0,,,,,,,,257,0,20,277,452
 ,4,CAMPECHE,14,CANDELARIA,10,CANDELARIA,301,2,320,361,28,3,20,9,4,141,5,0,1,14,9,2,1,,,,,,,,918,0,73,991,1476
 ,4,CAMPECHE,14,CANDELARIA,10,CANDELARIA,302,1,49,55,3,0,9,0,3,57,1,2,3,3,0,0,0,,,,,,,,185,0,10,195,288
 ,4,CAMPECHE,14,CANDELARIA,10,CANDELARIA,490,1,67,83,16,2,2,3,3,44,1,0,0,1,1,1,1,,,,,,,,225,0,14,239,327
 ,4,CAMPECHE,15,CHAMPOTON,4,CHAMPOTON,303,2,67,150,42,6,13,12,3,223,33,4,0,14,1,0,0,,,,,,,,568,0,35,603,810
 ,4,CAMPECHE,15,CHAMPOTON,4,CHAMPOTON,304,2,77,161,36,6,21,9,4,205,18,3,3,6,1,0,0,,,,,,,,550,0,17,567,783
 ,4,CAMPECHE,15,CHAMPOTON,4,CHAMPOTON,305,2,87,174,47,5,31,12,9,253,48,8,0,8,4,1,0,,,,,,,,687,6,42,735,1135
 ,4,CAMPECHE,15,CHAMPOTON,4,CHAMPOTON,306,2,122,213,37,15,59,8,7,354,78,6,1,10,2,0,2,,,,,,,,914,0,51,965,1434
 ,4,CAMPECHE,15,CHAMPOTON,4,CHAMPOTON,307,2,76,162,36,14,41,5,7,223,26,5,2,6,4,0,0,,,,,,,,607,0,29,636,879
 ,4,CAMPECHE,15,CHAMPOTON,4,CHAMPOTON,308,2,49,101,7,6,32,3,4,95,12,2,4,5,3,1,0,,,,,,,,324,0,14,338,426
 ,4,CAMPECHE,15,CHAMPOTON,4,CHAMPOTON,309,1,55,114,8,4,30,4,5,166,25,6,1,10,0,0,0,,,,,,,,428,0,32,460,627
 ,4,CAMPECHE,15,CHAMPOTON,4,CHAMPOTON,310,2,90,158,25,2,45,8,5,248,45,4,1,2,5,2,0,,,,,,,,640,0,36,676,893
 ,4,CAMPECHE,15,CHAMPOTON,4,CHAMPOTON,311,1,89,158,25,9,26,0,14,143,18,5,0,5,4,0,1,,,,,,,,497,0,18,515,705
 ,4,CAMPECHE,15,CHAMPOTON,4,CHAMPOTON,312,3,166,298,72,19,48,15,14,493,67,5,3,14,5,0,0,,,,,,,,1219,1,82,1302,1967
 ,4,CAMPECHE,15,CHAMPOTON,4,CHAMPOTON,313,2,111,196,61,8,44,8,5,373,38,7,0,8,5,0,0,,,,,,,,864,0,40,904,1376
 ,4,CAMPECHE,15,CHAMPOTON,4,CHAMPOTON,314,2,122,175,29,5,32,13,9,281,32,4,1,6,4,0,0,,,,,,,,713,0,38,751,1099
 ,4,CAMPECHE,15,CHAMPOTON,4,CHAMPOTON,315,2,105,198,84,13,32,11,9,381,37,7,0,6,2,0,0,,,,,,,,885,0,49,934,1325
 ,4,CAMPECHE,15,CHAMPOTON,4,CHAMPOTON,316,3,136,252,102,14,31,10,14,377,48,9,0,3,4,0,0,,,,,,,,1000,0,37,1037,1574
 ,4,CAMPECHE,15,CHAMPOTON,4,CHAMPOTON,317,3,180,249,86,15,38,18,35,571,50,15,1,12,2,0,0,,,,,,,,1272,0,88,1360,2112
 ,4,CAMPECHE,15,CHAMPOTON,4,CHAMPOTON,318,3,166,203,77,15,46,14,18,433,47,11,5,6,5,0,0,,,,,,,,1046,1,59,1106,1610
 ,4,CAMPECHE,15,CHAMPOTON,4,CHAMPOTON,319,8,507,671,238,41,148,49,50,1310,92,40,9,21,19,0,0,,,,,,,,3195,1,192,3388,5548
 ,4,CAMPECHE,15,CHAMPOTON,4,CHAMPOTON,338,1,23,52,5,4,2,1,2,68,4,0,0,2,0,0,0,,,,,,,,163,0,10,173,224
 ,4,CAMPECHE,15,CHAMPOTON,4,CHAMPOTON,341,2,210,214,37,4,25,12,23,321,20,2,0,9,8,0,0,,,,,,,,885,0,58,943,1287
 ,4,CAMPECHE,15,CHAMPOTON,4,CHAMPOTON,344,1,79,84,14,2,28,5,14,215,10,1,1,5,0,0,0,,,,,,,,458,0,44,502,703
 ,4,CAMPECHE,15,CHAMPOTON,4,CHAMPOTON,345,2,96,87,42,3,27,8,34,222,9,0,1,6,3,0,0,,,,,,,,538,0,48,586,851
 ,4,CAMPECHE,15,CHAMPOTON,4,CHAMPOTON,346,2,89,68,27,10,27,14,24,291,10,1,2,3,3,3,1,,,,,,,,573,0,49,622,1024
 ,4,CAMPECHE,15,CHAMPOTON,4,CHAMPOTON,349,2,345,140,27,5,19,8,6,202,14,2,7,8,2,1,1,,,,,,,,787,0,54,841,1160
 ,4,CAMPECHE,15,CHAMPOTON,4,CHAMPOTON,350,2,240,320,54,9,25,10,7,264,48,3,9,25,7,3,0,,,,,,,,1024,0,64,1088,1415
 ,4,CAMPECHE,15,CHAMPOTON,4,CHAMPOTON,351,1,173,83,16,11,6,6,56,49,5,0,1,1,0,0,0,,,,,,,,407,0,15,422,481
 ,4,CAMPECHE,15,CHAMPOTON,4,CHAMPOTON,353,1,142,45,28,7,8,4,0,66,2,0,2,1,1,0,0,,,,,,,,306,0,20,326,382
 ,4,CAMPECHE,15,CHAMPOTON,4,CHAMPOTON,355,1,48,61,5,1,11,0,3,64,3,0,0,2,2,2,0,,,,,,,,202,0,0,202,272
 ,4,CAMPECHE,16,CHAMPOTON,4,CHAMPOTON,320,3,67,300,216,9,34,13,21,496,12,3,0,18,4,1,0,,,,,,,,1194,0,47,1241,1706
 ,4,CAMPECHE,16,CHAMPOTON,4,CHAMPOTON,321,2,11,198,46,4,17,3,10,294,2,5,0,4,1,0,0,,,,,,,,595,0,15,610,779
 ,4,CAMPECHE,16,CHAMPOTON,4,CHAMPOTON,322,2,24,196,108,4,27,2,30,373,5,7,0,4,1,2,1,,,,,,,,784,0,34,818,1145
 ,4,CAMPECHE,16,CHAMPOTON,4,CHAMPOTON,323,2,18,234,42,12,31,8,33,358,2,8,0,8,5,1,1,,,,,,,,761,0,25,786,1057
 ,4,CAMPECHE,16,CHAMPOTON,4,CHAMPOTON,324,2,17,215,62,4,37,6,21,417,3,13,0,7,1,1,1,,,,,,,,805,4,35,844,1116
 ,4,CAMPECHE,16,CHAMPOTON,4,CHAMPOTON,325,2,47,270,112,3,24,11,32,474,10,5,0,14,2,1,0,,,,,,,,1005,0,50,1055,1406
 ,4,CAMPECHE,16,CHAMPOTON,4,CHAMPOTON,326,2,37,192,44,13,12,5,9,202,12,1,0,3,2,1,0,,,,,,,,533,0,17,550,774
 ,4,CAMPECHE,16,CHAMPOTON,4,CHAMPOTON,327,3,128,699,24,9,30,11,71,270,17,4,0,32,5,4,0,,,,,,,,1304,0,58,1362,1707
 ,4,CAMPECHE,16,CHAMPOTON,4,CHAMPOTON,328,2,136,410,10,7,32,23,73,252,7,0,1,5,1,3,0,,,,,,,,960,0,77,1037,1387
 ,4,CAMPECHE,16,CHAMPOTON,4,CHAMPOTON,329,2,74,305,32,14,6,5,14,118,5,6,1,14,7,0,0,,,,,,,,601,0,54,655,845
 ,4,CAMPECHE,16,CHAMPOTON,4,CHAMPOTON,330,2,81,353,14,27,6,1,14,284,5,4,0,30,4,2,0,,,,,,,,825,0,46,871,1106
 ,4,CAMPECHE,16,CHAMPOTON,4,CHAMPOTON,331,6,802,874,54,31,74,21,26,533,61,6,6,32,17,3,0,,,,,,,,2540,0,163,2703,3989
 ,4,CAMPECHE,16,CHAMPOTON,4,CHAMPOTON,332,1,0,0,0,0,1,0,5,134,0,0,0,0,0,0,0,,,,,,,,140,0,26,166,555
 ,4,CAMPECHE,16,CHAMPOTON,4,CHAMPOTON,333,2,59,308,45,17,24,13,13,301,25,0,0,8,3,1,0,,,,,,,,817,0,45,862,1165
 ,4,CAMPECHE,16,CHAMPOTON,4,CHAMPOTON,334,4,118,259,20,12,19,10,19,204,18,4,0,11,1,0,0,,,,,,,,695,0,35,730,1005
 ,4,CAMPECHE,16,CHAMPOTON,4,CHAMPOTON,335,2,75,148,15,22,34,13,9,153,4,3,0,5,5,0,0,,,,,,,,486,0,30,516,757
 ,4,CAMPECHE,16,CHAMPOTON,4,CHAMPOTON,336,2,64,201,18,11,23,7,19,162,12,3,3,4,4,1,0,,,,,,,,532,0,29,561,902
 ,4,CAMPECHE,16,CHAMPOTON,4,CHAMPOTON,337,2,73,185,34,27,17,9,13,158,4,5,1,7,8,1,0,,,,,,,,542,0,32,574,822
 ,4,CAMPECHE,16,CHAMPOTON,4,CHAMPOTON,339,1,59,167,13,6,23,8,6,89,3,0,0,9,1,0,0,,,,,,,,384,0,23,407,594
 ,4,CAMPECHE,16,CHAMPOTON,4,CHAMPOTON,340,3,208,268,27,11,80,25,35,443,11,5,2,12,2,1,0,,,,,,,,1130,1,114,1245,2149
 ,4,CAMPECHE,16,CHAMPOTON,4,CHAMPOTON,342,2,81,328,15,3,16,11,7,341,10,3,3,12,6,2,0,,,,,,,,838,0,43,881,1126
 ,4,CAMPECHE,16,CHAMPOTON,4,CHAMPOTON,343,2,48,316,15,2,14,6,8,279,20,5,0,9,4,0,0,,,,,,,,726,0,43,769,1004
 ,4,CAMPECHE,16,CHAMPOTON,4,CHAMPOTON,347,2,89,367,25,8,63,9,18,346,31,9,2,12,6,3,0,,,,,,,,988,0,58,1046,1454
 ,4,CAMPECHE,16,CHAMPOTON,4,CHAMPOTON,348,1,55,137,6,1,15,6,9,161,31,1,1,7,2,0,0,,,,,,,,432,0,34,466,721
 ,4,CAMPECHE,16,CHAMPOTON,4,CHAMPOTON,352,1,57,168,19,3,15,6,3,91,23,2,0,2,3,0,0,,,,,,,,392,0,23,415,605
 ,4,CAMPECHE,16,CHAMPOTON,4,CHAMPOTON,354,1,99,189,20,5,21,5,29,122,12,4,2,8,1,1,0,,,,,,,,518,0,34,552,706
 ,4,CAMPECHE,16,CHAMPOTON,4,CHAMPOTON,528,1,32,126,4,0,23,3,3,71,19,0,0,14,0,0,0,,,,,,,,295,0,0,295,504
 ,4,CAMPECHE,16,CHAMPOTON,4,CHAMPOTON,529,2,83,132,15,14,12,7,15,167,18,2,4,5,3,1,0,,,,,,,,478,0,45,523,842
 ,4,CAMPECHE,16,CHAMPOTON,4,CHAMPOTON,530,1,9,79,3,1,6,0,1,64,1,3,0,1,3,1,0,,,,,,,,172,0,5,177,240
 ,4,CAMPECHE,17,CALKINI,2,CALKINI,147,3,29,354,108,24,63,111,107,415,14,22,1,22,4,3,5,,,,,,,,1282,0,57,1339,1630
 ,4,CAMPECHE,17,CALKINI,2,CALKINI,148,2,34,216,90,15,21,79,53,300,7,14,0,5,0,1,0,,,,,,,,835,17,41,893,1074
 ,4,CAMPECHE,17,CALKINI,2,CALKINI,149,2,28,268,93,14,41,66,60,256,5,15,0,29,1,4,0,,,,,,,,880,0,32,912,1127
 ,4,CAMPECHE,17,CALKINI,2,CALKINI,150,2,19,149,46,8,17,73,39,239,6,20,1,9,3,3,0,,,,,,,,632,0,16,648,781
 ,4,CAMPECHE,17,CALKINI,2,CALKINI,151,2,28,152,85,6,28,49,77,216,6,10,2,5,0,6,0,,,,,,,,670,0,26,696,828
 ,4,CAMPECHE,17,CALKINI,2,CALKINI,152,2,20,226,73,7,20,77,60,252,8,19,2,13,3,3,0,,,,,,,,783,0,41,824,1016
 ,4,CAMPECHE,17,CALKINI,2,CALKINI,153,2,31,172,84,9,48,73,77,299,10,22,1,9,1,0,0,,,,,,,,836,0,33,869,1038
 ,4,CAMPECHE,17,CALKINI,2,CALKINI,154,3,33,324,125,19,75,134,128,434,14,34,1,11,4,10,0,,,,,,,,1346,0,38,1384,1742
 ,4,CAMPECHE,17,CALKINI,2,CALKINI,155,2,16,282,113,74,31,134,60,223,10,18,0,15,0,0,0,,,,,,,,976,0,31,1007,1375
 ,4,CAMPECHE,17,CALKINI,2,CALKINI,156,2,15,138,63,18,19,59,68,241,12,26,2,12,0,2,0,,,,,,,,675,0,36,711,887
 ,4,CAMPECHE,17,CALKINI,2,CALKINI,159,2,36,143,20,3,40,14,67,219,6,12,2,17,1,6,0,,,,,,,,586,0,24,610,792
 ,4,CAMPECHE,17,CALKINI,2,CALKINI,160,2,50,140,16,3,25,27,115,111,5,15,0,10,2,5,4,,,,,,,,528,0,21,549,788
 ,4,CAMPECHE,17,CALKINI,2,CALKINI,161,2,41,129,21,1,27,39,45,229,13,17,4,13,1,3,1,,,,,,,,584,0,25,609,799
 ,4,CAMPECHE,17,CALKINI,2,CALKINI,162,2,69,180,25,7,63,20,79,250,5,16,1,7,1,5,0,,,,,,,,728,0,24,752,989
 ,4,CAMPECHE,17,CALKINI,2,CALKINI,163,2,49,176,32,2,35,30,83,222,18,17,0,3,0,0,0,,,,,,,,667,12,14,693,822
 ,4,CAMPECHE,17,CALKINI,2,CALKINI,164,2,35,174,26,2,41,26,48,268,7,11,2,11,1,0,0,,,,,,,,652,0,29,681,843
 ,4,CAMPECHE,17,CALKINI,2,CALKINI,169,3,8,419,48,15,22,38,66,558,13,13,0,6,3,0,0,,,,,,,,1209,0,33,1242,1514
 ,4,CAMPECHE,17,CALKINI,2,CALKINI,172,2,30,241,99,65,41,103,5,296,5,10,10,5,0,2,0,,,,,,,,912,0,39,951,1379
 ,4,CAMPECHE,17,CALKINI,2,CALKINI,173,3,26,231,34,3,117,222,41,430,9,6,122,142,5,1,0,,,,,,,,1389,0,26,1415,1844
 ,4,CAMPECHE,17,CALKINI,2,CALKINI,174,2,17,272,25,6,60,249,32,239,3,11,1,17,4,6,0,,,,,,,,942,0,23,965,1219
 ,4,CAMPECHE,17,CALKINI,2,CALKINI,175,3,33,488,28,7,90,384,62,393,4,10,1,19,5,0,1,,,,,,,,1525,0,60,1585,2014
 ,4,CAMPECHE,17,CALKINI,2,CALKINI,176,3,41,484,31,5,116,260,48,399,8,18,0,25,2,0,0,,,,,,,,1437,20,37,1494,2063
 ,4,CAMPECHE,17,CALKINI,2,CALKINI,177,3,31,423,25,7,135,275,33,370,2,10,1,21,2,2,0,,,,,,,,1337,0,67,1404,1781
 ,4,CAMPECHE,17,CALKINI,2,CALKINI,179,2,57,436,172,36,60,52,28,247,9,16,0,2,4,0,1,,,,,,,,1120,0,30,1150,1388
 ,4,CAMPECHE,17,CALKINI,2,CALKINI,180,3,51,741,177,7,95,76,42,319,15,40,1,26,15,8,1,,,,,,,,1614,0,103,1717,1993
 ,4,CAMPECHE,18,HOPELCHEN,6,HOPELCHEN,381,3,164,609,37,20,89,21,20,78,2,3,69,19,7,1,0,,,,,,,,1139,0,49,1188,1727
 ,4,CAMPECHE,18,HOPELCHEN,6,HOPELCHEN,382,5,230,888,60,36,101,21,21,118,2,3,57,35,16,5,1,,,,,,,,1594,0,57,1651,3032
 ,4,CAMPECHE,18,HOPELCHEN,6,HOPELCHEN,383,2,89,442,21,8,66,17,20,57,1,2,38,19,2,1,0,,,,,,,,783,0,31,814,969
 ,4,CAMPECHE,18,HOPELCHEN,6,HOPELCHEN,384,2,92,427,14,17,68,19,22,56,2,4,24,17,5,1,0,,,,,,,,768,0,23,791,967
 ,4,CAMPECHE,18,HOPELCHEN,6,HOPELCHEN,385,1,117,169,6,2,4,5,3,15,1,0,0,2,0,0,0,,,,,,,,324,0,2,326,338
 ,4,CAMPECHE,18,HOPELCHEN,6,HOPELCHEN,386,1,32,163,5,16,3,1,1,23,1,0,0,0,1,0,0,,,,,,,,246,0,12,258,389
 ,4,CAMPECHE,18,HOPELCHEN,6,HOPELCHEN,387,1,29,139,5,16,11,2,1,50,3,0,0,3,0,0,0,,,,,,,,259,0,6,265,272
 ,4,CAMPECHE,18,HOPELCHEN,6,HOPELCHEN,388,4,360,736,32,20,33,27,20,384,18,2,7,17,5,1,0,,,,,,,,1662,0,48,1710,2251
 ,4,CAMPECHE,18,HOPELCHEN,6,HOPELCHEN,389,2,188,370,19,24,17,16,11,133,3,1,2,5,7,1,0,,,,,,,,797,0,19,816,1090
 ,4,CAMPECHE,18,HOPELCHEN,6,HOPELCHEN,390,1,90,147,3,0,6,2,1,16,3,0,5,4,1,0,0,,,,,,,,278,0,8,286,323
 ,4,CAMPECHE,18,HOPELCHEN,6,HOPELCHEN,391,1,49,117,4,4,18,5,2,35,1,0,0,2,1,0,0,,,,,,,,238,0,9,247,343
 ,4,CAMPECHE,18,HOPELCHEN,6,HOPELCHEN,392,1,30,112,13,6,1,3,2,2,0,0,11,0,1,0,0,,,,,,,,181,0,4,185,179
 ,4,CAMPECHE,18,HOPELCHEN,6,HOPELCHEN,393,1,34,56,2,1,5,1,2,2,0,0,13,0,0,1,0,,,,,,,,117,0,6,123,151
 ,4,CAMPECHE,18,HOPELCHEN,6,HOPELCHEN,394,1,139,302,19,7,65,22,8,67,4,0,7,8,4,0,0,,,,,,,,652,0,15,667,721
 ,4,CAMPECHE,18,HOPELCHEN,6,HOPELCHEN,395,2,81,347,22,4,41,10,1,166,12,1,17,10,2,1,0,,,,,,,,715,0,21,736,865
 ,4,CAMPECHE,18,HOPELCHEN,6,HOPELCHEN,396,1,52,243,19,3,27,10,1,24,2,0,19,7,1,0,0,,,,,,,,408,0,18,426,499
 ,4,CAMPECHE,18,HOPELCHEN,6,HOPELCHEN,397,1,83,271,4,8,40,7,6,34,3,1,11,9,5,0,0,,,,,,,,482,0,0,482,636
 ,4,CAMPECHE,18,HOPELCHEN,6,HOPELCHEN,398,2,97,325,22,16,23,7,5,40,1,0,50,13,9,2,0,,,,,,,,610,0,46,656,762
 ,4,CAMPECHE,18,HOPELCHEN,6,HOPELCHEN,399,1,81,180,14,5,25,4,12,39,3,0,19,5,3,2,0,,,,,,,,392,0,21,413,480
 ,4,CAMPECHE,18,HOPELCHEN,6,HOPELCHEN,400,2,399,538,25,34,16,4,8,24,2,1,7,9,10,2,0,,,,,,,,1079,0,34,1113,1228
 ,4,CAMPECHE,18,HOPELCHEN,6,HOPELCHEN,401,2,369,534,15,2,15,4,0,5,1,1,7,16,8,2,0,,,,,,,,979,0,36,1015,1186
 ,4,CAMPECHE,18,HOPELCHEN,6,HOPELCHEN,402,1,21,97,0,3,6,4,1,26,0,1,0,3,1,0,0,,,,,,,,163,0,0,163,713
 ,4,CAMPECHE,18,HOPELCHEN,6,HOPELCHEN,403,2,299,347,19,2,28,10,21,47,3,0,3,11,3,2,2,,,,,,,,797,0,43,840,1290
 ,4,CAMPECHE,18,HOPELCHEN,6,HOPELCHEN,404,2,186,285,13,4,43,6,17,47,2,0,4,8,5,2,0,,,,,,,,622,0,23,645,785
 ,4,CAMPECHE,18,HOPELCHEN,6,HOPELCHEN,405,1,43,82,11,0,3,1,2,0,0,0,0,0,0,0,0,,,,,,,,142,0,1,143,714
 ,4,CAMPECHE,18,HOPELCHEN,6,HOPELCHEN,406,1,91,41,6,1,27,1,8,12,2,12,1,2,3,1,0,,,,,,,,208,0,18,226,532
 ,4,CAMPECHE,18,HOPELCHEN,6,HOPELCHEN,407,2,166,317,9,8,15,7,2,110,6,0,7,7,3,2,0,,,,,,,,659,0,10,669,789
 ,4,CAMPECHE,18,HOPELCHEN,6,HOPELCHEN,408,1,115,214,12,0,4,2,1,48,0,1,2,0,2,11,0,,,,,,,,412,0,5,417,454
 ,4,CAMPECHE,18,HOPELCHEN,6,HOPELCHEN,409,2,161,302,11,0,14,1,1,171,0,9,2,2,1,2,0,,,,,,,,677,0,18,695,792
 ,4,CAMPECHE,18,HOPELCHEN,6,HOPELCHEN,410,2,278,463,17,12,42,11,21,382,4,1,1,8,0,0,0,,,,,,,,1240,0,18,1258,1442
 ,4,CAMPECHE,18,HOPELCHEN,6,HOPELCHEN,411,2,160,297,11,6,4,3,0,146,0,2,1,3,1,1,0,,,,,,,,635,0,18,653,749
 ,4,CAMPECHE,18,HOPELCHEN,6,HOPELCHEN,412,1,105,131,2,0,6,3,0,61,0,0,1,5,0,0,0,,,,,,,,314,0,3,317,329
 ,4,CAMPECHE,19,HECELCHAKAN,2,CALKINI,157,1,14,221,80,6,68,51,27,108,4,4,0,4,1,2,0,,,,,,,,590,0,18,608,719
 ,4,CAMPECHE,19,HECELCHAKAN,2,CALKINI,158,2,29,166,53,37,46,28,188,161,6,8,0,0,0,3,1,,,,,,,,726,0,30,756,827
 ,4,CAMPECHE,19,HECELCHAKAN,2,CALKINI,165,1,12,89,8,97,0,43,3,2,1,1,1,0,0,0,0,,,,,,,,257,0,10,267,269
 ,4,CAMPECHE,19,HECELCHAKAN,2,CALKINI,166,3,182,686,18,3,16,34,115,637,17,3,1,12,3,2,0,,,,,,,,1729,0,39,1768,2086
 ,4,CAMPECHE,19,HECELCHAKAN,2,CALKINI,167,2,109,331,14,3,10,25,29,403,7,7,1,2,7,2,0,,,,,,,,950,0,22,972,1184
 ,4,CAMPECHE,19,HECELCHAKAN,2,CALKINI,168,2,91,415,20,7,13,18,60,377,8,4,1,15,4,0,1,,,,,,,,1034,0,24,1058,1284
 ,4,CAMPECHE,19,HECELCHAKAN,2,CALKINI,170,2,50,240,32,91,54,20,167,176,8,4,0,1,0,1,0,,,,,,,,844,0,18,862,951
 ,4,CAMPECHE,19,HECELCHAKAN,2,CALKINI,171,1,29,208,46,8,22,27,54,140,7,7,0,0,1,4,0,,,,,,,,553,0,21,574,657
 ,4,CAMPECHE,19,HECELCHAKAN,2,CALKINI,178,1,11,72,7,14,10,11,27,113,1,0,0,1,0,1,0,,,,,,,,268,0,9,277,314
 ,4,CAMPECHE,19,HECELCHAKAN,2,CALKINI,181,2,37,116,58,13,9,25,26,30,65,1,1,2,0,0,0,,,,,,,,383,0,19,402,470
 ,4,CAMPECHE,19,HECELCHAKAN,2,CALKINI,182,1,8,55,12,4,16,4,35,18,0,1,0,1,1,2,0,,,,,,,,157,0,0,157,175
 ,4,CAMPECHE,19,HECELCHAKAN,5,HECELCHAKAN,363,3,244,193,36,15,10,90,256,301,213,0,9,14,2,3,0,,,,,,,,1386,1,59,1446,1904
 ,4,CAMPECHE,19,HECELCHAKAN,5,HECELCHAKAN,364,3,176,327,48,36,3,23,261,303,389,4,4,13,1,5,4,,,,,,,,1597,0,65,1662,2014
 ,4,CAMPECHE,19,HECELCHAKAN,5,HECELCHAKAN,365,2,77,159,18,13,2,9,150,164,120,6,0,12,0,5,0,,,,,,,,735,0,27,762,896
 ,4,CAMPECHE,19,HECELCHAKAN,5,HECELCHAKAN,366,2,142,158,26,17,13,9,194,183,168,1,0,7,3,7,0,,,,,,,,928,0,29,957,1169
 ,4,CAMPECHE,19,HECELCHAKAN,5,HECELCHAKAN,367,2,144,171,30,10,3,3,194,195,185,7,1,4,2,5,1,,,,,,,,955,0,37,992,1210
 ,4,CAMPECHE,19,HECELCHAKAN,5,HECELCHAKAN,368,2,171,154,13,17,3,9,230,183,109,8,1,10,1,0,1,,,,,,,,910,0,31,941,1135
 ,4,CAMPECHE,19,HECELCHAKAN,5,HECELCHAKAN,369,1,194,155,10,4,3,2,48,11,181,0,2,9,0,8,0,,,,,,,,627,0,14,641,690
 ,4,CAMPECHE,19,HECELCHAKAN,5,HECELCHAKAN,370,2,246,205,19,8,7,20,56,92,489,0,6,5,1,0,0,,,,,,,,1154,0,26,1180,1319
 ,4,CAMPECHE,19,HECELCHAKAN,5,HECELCHAKAN,371,2,214,112,15,26,2,5,68,71,270,2,2,0,0,2,0,,,,,,,,789,0,31,820,891
 ,4,CAMPECHE,19,HECELCHAKAN,5,HECELCHAKAN,372,2,418,159,21,31,7,6,22,113,536,2,5,8,2,1,0,,,,,,,,1331,650,26,2007,1432
 ,4,CAMPECHE,19,HECELCHAKAN,5,HECELCHAKAN,373,2,253,157,20,3,3,7,41,45,194,0,4,9,1,1,0,,,,,,,,738,0,11,749,938
 ,4,CAMPECHE,19,HECELCHAKAN,5,HECELCHAKAN,374,1,90,56,5,4,3,8,6,30,81,2,0,1,1,1,1,,,,,,,,289,0,13,302,324
 ,4,CAMPECHE,19,HECELCHAKAN,5,HECELCHAKAN,375,3,402,230,13,12,7,8,50,282,217,4,3,3,1,1,0,,,,,,,,1233,0,67,1300,1501
 ,4,CAMPECHE,19,HECELCHAKAN,5,HECELCHAKAN,376,2,279,242,19,17,6,6,32,315,228,4,3,11,0,0,0,,,,,,,,1162,0,33,1195,1442
 ,4,CAMPECHE,19,HECELCHAKAN,5,HECELCHAKAN,377,2,238,187,10,24,4,6,33,242,160,6,6,6,1,3,0,,,,,,,,926,0,33,959,1143
 ,4,CAMPECHE,19,HECELCHAKAN,5,HECELCHAKAN,378,2,376,189,8,7,6,11,17,243,189,0,4,5,1,2,0,,,,,,,,1058,0,46,1104,1368
 ,4,CAMPECHE,19,HECELCHAKAN,5,HECELCHAKAN,379,2,315,159,19,8,8,10,25,167,265,10,2,3,0,1,1,,,,,,,,993,0,43,1036,1227
 ,4,CAMPECHE,19,HECELCHAKAN,5,HECELCHAKAN,380,2,210,142,15,13,1,1,15,12,166,1,3,2,0,0,0,,,,,,,,581,0,15,596,1495
 ,4,CAMPECHE,20,PALIZADA,3,CARMEN,199,3,155,204,15,6,24,14,3,336,7,14,1,65,14,2,0,,,,,,,,860,0,194,1054,1711
 ,4,CAMPECHE,20,PALIZADA,3,CARMEN,200,2,124,144,8,11,22,18,5,191,12,18,1,48,15,1,0,,,,,,,,618,1,128,747,1086
 ,4,CAMPECHE,20,PALIZADA,3,CARMEN,211,3,117,128,13,12,9,6,3,162,8,7,3,10,13,0,0,,,,,,,,491,0,132,623,1552
 ,4,CAMPECHE,20,PALIZADA,3,CARMEN,214,2,146,182,8,9,59,13,8,296,12,9,2,7,3,1,0,,,,,,,,755,1,102,858,1223
 ,4,CAMPECHE,20,PALIZADA,3,CARMEN,215,1,35,65,6,1,4,4,2,127,5,9,2,1,0,0,0,,,,,,,,261,0,8,269,417
 ,4,CAMPECHE,20,PALIZADA,3,CARMEN,216,3,134,107,10,2,8,10,6,279,7,19,6,7,0,1,0,,,,,,,,596,0,22,618,922
 ,4,CAMPECHE,20,PALIZADA,3,CARMEN,221,1,104,92,8,2,5,10,0,166,6,3,0,0,12,0,0,,,,,,,,408,0,80,488,735
 ,4,CAMPECHE,20,PALIZADA,3,CARMEN,222,1,44,56,5,0,5,1,0,214,2,11,1,4,0,0,0,,,,,,,,343,0,10,353,531
 ,4,CAMPECHE,20,PALIZADA,3,CARMEN,223,2,62,145,4,5,5,5,2,204,10,2,2,3,0,0,0,,,,,,,,449,1,23,473,760
 ,4,CAMPECHE,20,PALIZADA,3,CARMEN,224,2,168,167,8,9,14,19,14,410,11,13,3,6,2,0,0,,,,,,,,844,1,26,871,1285
 ,4,CAMPECHE,20,PALIZADA,3,CARMEN,225,2,24,134,9,2,4,10,3,165,6,8,0,0,0,0,0,,,,,,,,365,0,21,386,1204
 ,4,CAMPECHE,20,PALIZADA,3,CARMEN,239,2,106,128,7,3,22,10,2,266,10,12,2,3,1,0,0,,,,,,,,572,0,37,609,939
 ,4,CAMPECHE,20,PALIZADA,3,CARMEN,263,2,58,276,6,30,26,9,12,222,6,4,3,14,12,1,0,,,,,,,,679,0,48,727,1001
 ,4,CAMPECHE,20,PALIZADA,3,CARMEN,264,2,17,120,4,9,4,9,5,94,3,3,0,2,5,1,1,,,,,,,,277,0,12,289,511
 ,4,CAMPECHE,20,PALIZADA,3,CARMEN,265,3,86,590,14,42,53,34,15,473,17,3,1,37,9,3,0,,,,,,,,1377,0,58,1435,2179
 ,4,CAMPECHE,20,PALIZADA,3,CARMEN,266,3,56,439,11,13,34,43,12,491,10,4,3,39,10,4,0,,,,,,,,1169,0,63,1232,1757
 ,4,CAMPECHE,20,PALIZADA,3,CARMEN,267,5,197,806,54,79,54,35,36,890,22,34,65,48,12,3,2,,,,,,,,2337,0,92,2429,3364
 ,4,CAMPECHE,20,PALIZADA,3,CARMEN,268,3,155,576,16,16,36,77,57,402,16,10,4,64,10,19,7,,,,,,,,1465,0,88,1553,2063
 ,4,CAMPECHE,20,PALIZADA,3,CARMEN,269,2,63,227,25,14,5,15,10,187,4,4,1,5,1,3,1,,,,,,,,565,0,32,597,837
 ,4,CAMPECHE,20,PALIZADA,7,PALIZADA,428,2,38,455,75,6,11,70,16,340,5,0,1,13,2,0,0,,,,,,,,1032,0,40,1072,1316
 ,4,CAMPECHE,20,PALIZADA,7,PALIZADA,429,3,111,513,160,10,14,119,11,581,5,0,3,12,6,1,0,,,,,,,,1546,0,58,1604,1977
 ,4,CAMPECHE,20,PALIZADA,7,PALIZADA,430,1,7,103,112,1,1,35,1,62,3,0,0,2,0,0,0,,,,,,,,327,0,13,340,401
 ,4,CAMPECHE,20,PALIZADA,7,PALIZADA,431,1,55,171,61,6,1,115,6,128,4,1,5,2,1,0,0,,,,,,,,556,0,29,585,709
 ,4,CAMPECHE,20,PALIZADA,7,PALIZADA,432,1,21,97,65,1,1,25,0,127,2,0,1,5,2,1,0,,,,,,,,348,0,17,365,408
 ,4,CAMPECHE,20,PALIZADA,7,PALIZADA,433,1,9,165,55,1,2,75,12,153,4,0,0,8,3,0,0,,,,,,,,487,0,29,516,576
 ,4,CAMPECHE,20,PALIZADA,7,PALIZADA,434,1,13,75,13,0,0,0,0,53,3,0,0,0,0,0,0,,,,,,,,157,0,1,158,180
 ,4,CAMPECHE,20,PALIZADA,7,PALIZADA,435,1,7,124,22,3,8,40,6,220,2,0,1,12,1,1,0,,,,,,,,447,0,0,447,589
 ,4,CAMPECHE,20,PALIZADA,7,PALIZADA,436,1,5,32,6,0,2,12,1,30,0,0,1,3,0,0,0,,,,,,,,92,0,4,96,99
 ,4,CAMPECHE,20,PALIZADA,7,PALIZADA,439,1,2,356,2,1,2,10,2,237,0,1,0,4,2,0,0,,,,,,,,619,0,8,627,723
 ,4,CAMPECHE,21,XPUJIL,9,ESCARCEGA,356,3,73,279,112,9,34,18,10,562,28,114,0,12,4,2,0,,,,,,,,1257,2,102,1361,1955
 ,4,CAMPECHE,21,XPUJIL,9,ESCARCEGA,357,1,37,146,43,4,31,0,2,110,6,6,0,5,5,2,0,,,,,,,,397,0,42,439,628
 ,4,CAMPECHE,21,XPUJIL,9,ESCARCEGA,358,1,21,65,8,3,7,5,2,72,11,10,0,3,0,0,0,,,,,,,,207,0,13,220,309
 ,4,CAMPECHE,21,XPUJIL,9,ESCARCEGA,361,2,87,212,92,21,38,9,9,346,21,14,1,14,3,1,0,,,,,,,,868,0,70,938,1355
 ,4,CAMPECHE,21,XPUJIL,9,ESCARCEGA,467,1,23,78,14,4,64,8,4,173,6,11,1,4,2,0,0,,,,,,,,392,0,33,425,582
 ,4,CAMPECHE,21,XPUJIL,9,ESCARCEGA,468,3,145,245,43,9,87,22,9,491,35,52,0,4,7,1,0,,,,,,,,1150,0,72,1222,2015
 ,4,CAMPECHE,21,XPUJIL,9,ESCARCEGA,469,2,58,86,7,8,90,5,6,128,8,23,1,10,1,0,0,,,,,,,,431,1,36,468,668
 ,4,CAMPECHE,21,XPUJIL,9,ESCARCEGA,470,2,138,154,17,22,46,6,2,262,9,12,3,8,5,0,0,,,,,,,,684,0,47,731,1135
 ,4,CAMPECHE,21,XPUJIL,11,CALAKMUL,359,2,113,199,9,3,48,14,7,130,3,179,0,7,5,1,0,,,,,,,,718,0,57,775,959
 ,4,CAMPECHE,21,XPUJIL,11,CALAKMUL,360,2,148,215,19,8,50,6,117,255,10,71,0,8,3,0,1,,,,,,,,911,12,55,978,1343
 ,4,CAMPECHE,21,XPUJIL,11,CALAKMUL,362,2,93,146,10,4,26,4,6,236,8,92,3,12,0,0,0,,,,,,,,640,0,44,684,949
 ,4,CAMPECHE,21,XPUJIL,11,CALAKMUL,413,1,7,52,9,1,3,1,0,9,1,35,0,0,4,0,0,,,,,,,,122,0,6,128,140
 ,4,CAMPECHE,21,XPUJIL,11,CALAKMUL,414,1,31,57,6,1,4,7,4,18,5,59,3,0,2,1,0,,,,,,,,198,0,12,210,261
 ,4,CAMPECHE,21,XPUJIL,11,CALAKMUL,415,4,182,510,61,6,47,30,8,187,9,213,11,28,3,1,0,,,,,,,,1296,0,72,1368,1750
 ,4,CAMPECHE,21,XPUJIL,11,CALAKMUL,416,1,22,34,2,3,5,2,0,23,0,63,1,2,1,0,0,,,,,,,,158,0,9,167,200
 ,4,CAMPECHE,21,XPUJIL,11,CALAKMUL,417,7,472,886,30,24,49,52,30,353,15,670,22,90,25,8,0,,,,,,,,2726,0,159,2885,4128
 ,4,CAMPECHE,21,XPUJIL,11,CALAKMUL,418,1,20,32,3,1,2,3,0,7,1,13,2,0,1,1,0,,,,,,,,86,0,4,90,137
 ,4,CAMPECHE,21,XPUJIL,11,CALAKMUL,419,1,40,84,2,2,6,4,3,27,0,56,5,3,0,0,0,,,,,,,,232,0,23,255,379
 ,4,CAMPECHE,21,XPUJIL,11,CALAKMUL,420,1,8,89,21,3,9,3,5,55,8,37,0,5,1,0,0,,,,,,,,244,0,22,266,327
 ,4,CAMPECHE,21,XPUJIL,11,CALAKMUL,421,3,144,451,40,5,56,28,10,134,7,312,1,17,11,3,0,,,,,,,,1219,0,94,1313,1725
 ,4,CAMPECHE,21,XPUJIL,11,CALAKMUL,422,2,68,266,9,5,3,13,7,36,2,99,2,10,20,1,0,,,,,,,,541,0,48,589,887
 ,4,CAMPECHE,21,XPUJIL,11,CALAKMUL,423,1,18,121,14,0,3,2,1,32,2,14,0,5,0,0,0,,,,,,,,212,0,8,220,241
 ,4,CAMPECHE,21,XPUJIL,11,CALAKMUL,424,1,33,126,9,2,9,1,3,15,1,35,6,4,5,2,0,,,,,,,,251,0,17,268,398
 ,4,CAMPECHE,21,XPUJIL,11,CALAKMUL,425,2,76,264,20,5,143,14,9,124,2,130,2,9,4,0,0,,,,,,,,802,0,64,866,1198
 ,4,CAMPECHE,21,XPUJIL,11,CALAKMUL,426,4,175,626,22,11,110,24,17,170,8,312,4,39,16,4,1,,,,,,,,1539,0,121,1660,2222
 ,4,CAMPECHE,21,XPUJIL,11,CALAKMUL,427,3,204,465,15,10,102,9,9,122,9,194,5,25,16,2,0,,,,,,,,1187,0,131,1318,1728
