﻿ID_ESTADO,NOMBRE_ESTADO,ID_DISTRITO_LOCAL,CABECERA_DISTRITAL_LOCAL,ID_MUNICIPIO,MUNICIPIO,SECCION,CASILLAS,PAN,PRI,PRD,PVEM,PT,MC,NA,MORENA,ES,NUM_VOTOS_VALIDOS,NUM_VOTOS_CAN_NREG,NUM_VOTOS_NULOS,TOTAL_VOTOS,LISTA_NOMINAL
8,CHIHUAHUA,1,NUEVO CASAS GRANDES,5,ASCENSIÓN,74,1,16,23,1,2,8,2,4,52,3,111,0,15,126,0
8,CHIHUAHUA,1,NUEVO CASAS GRANDES,35,JANOS,1376,1,23,14,4,5,5,2,4,55,2,114,0,2,116,0
8,CHIHUAHUA,1,NUEVO CASAS GRANDES,50,NUEVO CASAS GRANDES,2398,1,73,49,20,5,21,4,8,109,7,296,0,13,309,0
8,CHIHUAHUA,2,JUAREZ,37,JUAREZ,2155,1,0,0,0,0,0,0,0,0,0,0,0,0,0,0
8,CHIHUAHUA,3,JUAREZ,37,JUAREZ,1560,1,29,24,3,10,3,4,3,116,12,204,0,6,210,0
8,CHIHUAHUA,4,JUAREZ,37,JUAREZ,1566,1,126,30,1,4,2,3,5,78,2,251,0,2,253,0
8,CHIHUAHUA,5,JUAREZ,37,JUAREZ,1693,1,143,32,1,3,3,2,3,67,0,254,0,8,262,0
8,CHIHUAHUA,6,JUAREZ,37,JUAREZ,1746,1,76,29,3,8,3,7,10,106,1,243,0,6,249,0
8,CHIHUAHUA,7,JUAREZ,37,JUAREZ,1919,1,0,0,0,0,0,0,0,0,0,0,0,0,0,0
8,CHIHUAHUA,8,JUAREZ,37,JUAREZ,1933,1,42,15,2,6,4,0,6,130,6,211,0,12,223,0
8,CHIHUAHUA,9,JUAREZ,37,JUAREZ,2775,1,39,17,4,7,8,3,9,121,4,212,0,13,225,0
8,CHIHUAHUA,10,JUAREZ,37,JUAREZ,2815,1,21,14,0,2,2,3,10,85,3,140,0,7,147,0
8,CHIHUAHUA,11,MEOQUI,1,AHUMADA,2,1,6,13,10,10,1,7,1,5,0,53,0,0,53,0
8,CHIHUAHUA,11,MEOQUI,45,MEOQUI,2302,1,22,4,0,2,0,1,1,22,3,55,0,1,56,0
8,CHIHUAHUA,11,MEOQUI,52,OJINAGA,2481,1,115,59,5,9,3,3,8,82,6,290,0,9,299,0
8,CHIHUAHUA,12,CHIHUAHUA,19,CHIHUAHUA,608,1,0,0,0,0,0,0,0,0,0,0,0,0,0,0
8,CHIHUAHUA,13,GUERRERO,9,BOCOYNA,136,1,70,19,2,12,11,33,23,121,5,296,0,15,311,0
8,CHIHUAHUA,13,GUERRERO,31,GUERRERO,1199,1,109,38,5,11,15,13,25,151,10,377,0,20,397,0
8,CHIHUAHUA,14,CUAUHTEMOC,17,CUAUHTEMOC,284,1,174,50,2,10,20,7,14,205,16,498,0,28,526,0
8,CHIHUAHUA,14,CUAUHTEMOC,17,CUAUHTEMOC,338,1,124,44,5,10,11,9,9,186,19,417,0,23,440,0
8,CHIHUAHUA,15,CHIHUAHUA,19,CHIHUAHUA,800,1,0,0,0,0,0,0,0,0,0,0,0,0,0,0
8,CHIHUAHUA,16,CHIHUAHUA,19,CHIHUAHUA,785,1,124,27,2,9,5,9,9,84,4,273,0,14,287,0
8,CHIHUAHUA,16,CHIHUAHUA,19,CHIHUAHUA,830,1,0,0,0,0,0,0,0,0,0,0,0,0,0,0
8,CHIHUAHUA,17,CHIHUAHUA,19,CHIHUAHUA,854,1,82,36,4,9,2,5,15,116,4,273,0,26,299,0
8,CHIHUAHUA,18,CHIHUAHUA,19,CHIHUAHUA,470,1,0,0,0,0,0,0,0,0,0,0,0,0,0,0
8,CHIHUAHUA,19,DELICIAS,21,DELICIAS,957,1,96,30,4,8,4,7,12,110,8,279,0,32,311,0
8,CHIHUAHUA,19,DELICIAS,21,DELICIAS,959,1,109,38,5,10,12,4,13,117,6,314,0,10,324,0
8,CHIHUAHUA,20,CAMARGO,11,CAMARGO,182,1,223,68,5,6,0,0,12,140,9,463,1,18,482,0
8,CHIHUAHUA,20,CAMARGO,36,JIMENEZ,1396,1,119,80,10,2,12,10,32,151,15,431,1,22,454,0
8,CHIHUAHUA,21,HIDALGO DEL PARRAL,32,HIDALGO DEL PARRAL,1281,1,129,56,8,12,12,16,17,133,8,391,0,22,413,0
8,CHIHUAHUA,21,HIDALGO DEL PARRAL,32,HIDALGO DEL PARRAL,1307,1,105,61,4,11,4,6,20,96,7,314,0,17,331,0
8,CHIHUAHUA,22,GUACHOCHI,27,GUACHOCHI,1088,1,82,53,9,12,10,11,23,98,18,316,1,16,333,0
