﻿ID_ESTADO,NOMBRE_ESTADO,ID_DISTRITO_LOCAL,CABECERA_DISTRITAL_LOCAL,SECCIONES,CASILLAS,PAN,PRI,PRD,PVEM,PT,MC,NA,MORENA,ES,NUM_VOTOS_VALIDOS,NUM_VOTOS_CAN_NREG,NUM_VOTOS_NULOS,TOTAL_VOTOS,LISTA_NOMINAL,RUTA_ACTA
8,CHIHUAHUA,1,NUEVO CASAS GRANDES,3,3,112,86,25,12,34,8,16,216,12,521,0,30,551,0,http://www.ieechihuahua.org.mx/public/sistema/archivos/repositorio_actas/ACDRP2018_01.pdf
8,CHIHUAHUA,2,JUAREZ,1,1,0,0,0,0,0,0,0,0,0,0,0,0,0,0,http://www.ieechihuahua.org.mx/public/sistema/archivos/repositorio_actas/ACDRP2018_02.pdf
8,CHIHUAHUA,3,JUAREZ,1,1,29,24,3,10,3,4,3,116,12,204,0,6,210,0,http://www.ieechihuahua.org.mx/public/sistema/archivos/repositorio_actas/ACDRP2018_03.pdf
8,CHIHUAHUA,4,JUAREZ,1,1,126,30,1,4,2,3,5,78,2,251,0,2,253,0,http://www.ieechihuahua.org.mx/public/sistema/archivos/repositorio_actas/ACDRP2018_04.pdf
8,CHIHUAHUA,5,JUAREZ,1,1,143,32,1,3,3,2,3,67,0,254,0,8,262,0,http://www.ieechihuahua.org.mx/public/sistema/archivos/repositorio_actas/ACDRP2018_05.pdf
8,CHIHUAHUA,6,JUAREZ,1,1,76,29,3,8,3,7,10,106,1,243,0,6,249,0,http://www.ieechihuahua.org.mx/public/sistema/archivos/repositorio_actas/ACDRP2018_06.pdf
8,CHIHUAHUA,7,JUAREZ,1,1,0,0,0,0,0,0,0,0,0,0,0,0,0,0,http://www.ieechihuahua.org.mx/public/sistema/archivos/repositorio_actas/ACDRP2018_07.pdf
8,CHIHUAHUA,8,JUAREZ,1,1,42,15,2,6,4,0,6,130,6,211,0,12,223,0,http://www.ieechihuahua.org.mx/public/sistema/archivos/repositorio_actas/ACDRP2018_08.pdf
8,CHIHUAHUA,9,JUAREZ,1,1,39,17,4,7,8,3,9,121,4,212,0,13,225,0,http://www.ieechihuahua.org.mx/public/sistema/archivos/repositorio_actas/ACDRP2018_09.pdf
8,CHIHUAHUA,10,JUAREZ,1,1,21,14,0,2,2,3,10,85,3,140,0,7,147,0,http://www.ieechihuahua.org.mx/public/sistema/archivos/repositorio_actas/ACDRP2018_10.pdf
8,CHIHUAHUA,11,MEOQUI,3,3,143,76,15,21,4,11,10,109,9,398,0,10,408,0,http://www.ieechihuahua.org.mx/public/sistema/archivos/repositorio_actas/ACDRP2018_11.pdf
8,CHIHUAHUA,12,CHIHUAHUA,1,1,0,0,0,0,0,0,0,0,0,0,0,0,0,0,http://www.ieechihuahua.org.mx/public/sistema/archivos/repositorio_actas/ACDRP2018_12.pdf
8,CHIHUAHUA,13,GUERRERO,2,2,179,57,7,23,26,46,48,272,15,673,0,35,708,0,http://www.ieechihuahua.org.mx/public/sistema/archivos/repositorio_actas/ACDRP2018_13.pdf
8,CHIHUAHUA,14,CUAUHTEMOC,2,2,298,94,7,20,31,16,23,391,35,915,0,51,966,0,http://www.ieechihuahua.org.mx/public/sistema/archivos/repositorio_actas/ACDRP2018_14.pdf
8,CHIHUAHUA,15,CHIHUAHUA,1,1,0,0,0,0,0,0,0,0,0,0,0,0,0,0,http://www.ieechihuahua.org.mx/public/sistema/archivos/repositorio_actas/ACDRP2018_15.pdf
8,CHIHUAHUA,16,CHIHUAHUA,2,2,124,27,2,9,5,9,9,84,4,273,0,14,287,0,http://www.ieechihuahua.org.mx/public/sistema/archivos/repositorio_actas/ACDRP2018_16.pdf
8,CHIHUAHUA,17,CHIHUAHUA,1,1,82,36,4,9,2,5,15,116,4,273,0,26,299,0,http://www.ieechihuahua.org.mx/public/sistema/archivos/repositorio_actas/ACDRP2018_17.pdf
8,CHIHUAHUA,18,CHIHUAHUA,1,1,0,0,0,0,0,0,0,0,0,0,0,0,0,0,http://www.ieechihuahua.org.mx/public/sistema/archivos/repositorio_actas/ACDRP2018_18.pdf
8,CHIHUAHUA,19,DELICIAS,2,2,205,68,9,18,16,11,25,227,14,593,0,42,635,0,http://www.ieechihuahua.org.mx/public/sistema/archivos/repositorio_actas/ACDRP2018_19.pdf
8,CHIHUAHUA,20,CAMARGO,2,2,342,148,15,8,12,10,44,291,24,894,2,40,936,0,http://www.ieechihuahua.org.mx/public/sistema/archivos/repositorio_actas/ACDRP2018_20.pdf
8,CHIHUAHUA,21,HIDALGO DEL PARRAL,2,2,234,117,12,23,16,22,37,229,15,705,0,39,744,0,http://www.ieechihuahua.org.mx/public/sistema/archivos/repositorio_actas/ACDRP2018_21.pdf
8,CHIHUAHUA,22,GUACHOCHI,1,1,82,53,9,12,10,11,23,98,18,316,1,16,333,0,http://www.ieechihuahua.org.mx/public/sistema/archivos/repositorio_actas/ACDRP2018_22.pdf
