﻿ID_ESTADO,NOMBRE_ESTADO,ID_MUNICIPIO,MUNICIPIO,SECCIONES,CASILLAS,PAN,PRI,PRD,PVEM,PT,MC,NA,MORENA,ES,NUM_VOTOS_VALIDOS,NUM_VOTOS_CAN_NREG,NUM_VOTOS_NULOS,TOTAL_VOTOS,LISTA_NOMINAL,RUTA_ACTA
8,CHIHUAHUA,1,AHUMADA,1,1,6,13,10,10,1,7,1,5,0,53,0,0,53,0,http://www.ieechihuahua.org.mx/public/sistema/archivos/repositorio_actas/ACMDRP2018_001.pdf
8,CHIHUAHUA,5,ASCENSIÓN,1,1,16,23,1,2,8,2,4,52,3,111,0,15,126,0,http://www.ieechihuahua.org.mx/public/sistema/archivos/repositorio_actas/ACMDRP2018_005.pdf
8,CHIHUAHUA,9,BOCOYNA,1,1,70,19,2,12,11,33,23,121,5,296,0,15,311,0,http://www.ieechihuahua.org.mx/public/sistema/archivos/repositorio_actas/ACMDRP2018_009.pdf
8,CHIHUAHUA,11,CAMARGO,1,1,223,68,5,6,0,0,12,140,9,463,1,18,482,0,http://www.ieechihuahua.org.mx/public/sistema/archivos/repositorio_actas/ACMDRP2018_011.pdf
8,CHIHUAHUA,17,CUAUHTEMOC,2,2,298,94,7,20,31,16,23,391,35,915,0,51,966,0,http://www.ieechihuahua.org.mx/public/sistema/archivos/repositorio_actas/ACMDRP2018_017.pdf
8,CHIHUAHUA,19,CHIHUAHUA,6,6,206,63,6,18,7,14,24,200,8,546,0,40,586,0,http://www.ieechihuahua.org.mx/public/sistema/archivos/repositorio_actas/ACMDRP2018_019.pdf
8,CHIHUAHUA,21,DELICIAS,2,2,205,68,9,18,16,11,25,227,14,593,0,42,635,0,http://www.ieechihuahua.org.mx/public/sistema/archivos/repositorio_actas/ACMDRP2018_021.pdf
8,CHIHUAHUA,27,GUACHOCHI,1,1,82,53,9,12,10,11,23,98,18,316,1,16,333,0,http://www.ieechihuahua.org.mx/public/sistema/archivos/repositorio_actas/ACMDRP2018_027.pdf
8,CHIHUAHUA,31,GUERRERO,1,1,109,38,5,11,15,13,25,151,10,377,0,20,397,0,http://www.ieechihuahua.org.mx/public/sistema/archivos/repositorio_actas/ACMDRP2018_031.pdf
8,CHIHUAHUA,32,HIDALGO DEL PARRAL,2,2,234,117,12,23,16,22,37,229,15,705,0,39,744,0,http://www.ieechihuahua.org.mx/public/sistema/archivos/repositorio_actas/ACMDRP2018_032.pdf
8,CHIHUAHUA,35,JANOS,1,1,23,14,4,5,5,2,4,55,2,114,0,2,116,0,http://www.ieechihuahua.org.mx/public/sistema/archivos/repositorio_actas/ACMDRP2018_035.pdf
8,CHIHUAHUA,36,JIMENEZ,1,1,119,80,10,2,12,10,32,151,15,431,1,22,454,0,http://www.ieechihuahua.org.mx/public/sistema/archivos/repositorio_actas/ACMDRP2018_036.pdf
8,CHIHUAHUA,37,JUAREZ,9,9,476,161,14,40,25,22,46,703,28,1515,0,54,1569,0,http://www.ieechihuahua.org.mx/public/sistema/archivos/repositorio_actas/ACMDRP2018_037.pdf
8,CHIHUAHUA,45,MEOQUI,1,1,22,4,0,2,0,1,1,22,3,55,0,1,56,0,http://www.ieechihuahua.org.mx/public/sistema/archivos/repositorio_actas/ACMDRP2018_045.pdf
8,CHIHUAHUA,50,NUEVO CASAS GRANDES,1,1,73,49,20,5,21,4,8,109,7,296,0,13,309,0,http://www.ieechihuahua.org.mx/public/sistema/archivos/repositorio_actas/ACMDRP2018_050.pdf
8,CHIHUAHUA,52,OJINAGA,1,1,115,59,5,9,3,3,8,82,6,290,0,9,299,0,http://www.ieechihuahua.org.mx/public/sistema/archivos/repositorio_actas/ACMDRP2018_052.pdf
