﻿CIRCUNSCRIPCION,ID_ESTADO,NOMBRE_ESTADO,ID_DISTRITO_LOCAL,CABECERA_DISTRITAL_LOCAL,ID_MUNICIPIO,MUNICIPIO,ID_DEMARCACION_LOCAL,DEMARCACION_LOCAL,TIPO_DE_ELECCION,NOMBRE_PARTICIPANTE,NUMERO_LISTA,CANDIDATO,SEXO_CANDIDATO,RUTA_CONSTANCIA,PARTIDO
,24,SAN LUIS POTOSI,,,,,,,GOB,PT_PVEM ,1,JOSE RICARDO GALLARDO CARMONA,1,,PT_PVEM 
,24,SAN LUIS POTOSI ,1,MATEHUALA,6,CATORCE,,,DIP_LOC_MR,PT_PVEM,1,CINTHIA VERONICA SEGOVIA COLUNGA,2,,PT
,24,SAN LUIS POTOSI ,2,SAN LUIS POTOSI,28,SAN LUIS POTOSI,,,DIP_LOC_MR,PAN_PRI_PRD_PCP,1,RUBEN GUAJARDO BARRERA,1,,PAN
,24,SAN LUIS POTOSI ,3,SANTA MARIA DEL RIO ,4,ARMADILLO DE LOS INFANTE,,,DIP_LOC_MR,PAN_PRI_PRD_PCP,1,HECTOR MAURICIO RAMIREZ KONOSHI,1,,PRI
,24,SAN LUIS POTOSI ,4,SALINAS,1,AHUALULCO,,,DIP_LOC_MR,PT_PVEM,1,SALVADOR ISAIS RODRIGUEZ,1,,PT
,24,SAN LUIS POTOSI ,5,SOLEDAD DE GRACIANO SANCHEZ,28,SAN LUIS POTOSI,,,DIP_LOC_MR,PT_PVEM,1,DOLORES ELIZA GARCIA ROMAN ,2,,PVEM
,24,SAN LUIS POTOSI ,6,SAN LUIS POTOSI,28,SAN LUIS POTOSI,,,DIP_LOC_MR,PVEM,1,ELOY FRANKLIN SARABIA,1,,PVEM
,24,SAN LUIS POTOSI ,7,SAN LUIS POTOSI,28,SAN LUIS POTOSI,,,DIP_LOC_MR,PAN_PRI_PRD_PCP,1,MARIA ARANZAZU PUENTE BUSTINDUI,2,,PAN
,24,SAN LUIS POTOSI ,8,SAN LUIS POTOSI,28,SAN LUIS POTOSI,,,DIP_LOC_MR,PT_PVEM,1,MARTHA PATRICIA ARADILLAS ARADILLAS,2,,PVEM
,24,SAN LUIS POTOSI ,9,SOLEDAD DE GRACIANO SANCHEZ,35,SOLEDAD DE GRACIANO SANCHEZ,,,DIP_LOC_MR,PT_PVEM,1,JOSE LUIS FERNANDEZ MARTINEZ,1,,PVEM
,24,SAN LUIS POTOSI ,10,RIOVERDE,8,CERRITOS,,,DIP_LOC_MR,PAN_PRI_PRD_PCP,1,JOSE RAMON TORRES GARCIA,1,,PAN
,24,SAN LUIS POTOSI ,11,CARDENAS,2,ALAQUINES,,,DIP_LOC_MR,PAN_PRI_PRD_PCP,1,EDMUNDO AZAEL TORRESCANO MEDINA,1,,PRI
,24,SAN LUIS POTOSI ,12,CIUDAD VALLES,13,CIUDAD VALLES,,,DIP_LOC_MR,PT_PVEM,1,RENE OYARVIDE IBARRA,1,,PT
,24,SAN LUIS POTOSI ,13,TAMUIN,14,COXCATLAN,,,DIP_LOC_MR,PAN_PRI_PRD_PCP,1,LILIANA GUADALUPE FLORES ALMAZAN,2,,PAN
,24,SAN LUIS POTOSI ,14,TANCANHUITZ,3,AQUISMON,,,DIP_LOC_MR,PAN_PRI_PRD_PCP,1,YOLANDA JOSEFINA CEPEDA ECHAVARRIA,2,,PRI
,24,SAN LUIS POTOSI ,15,TAMAZUNCHALE,29,SAN MARTIN CHALCHICUAUTLA,,,DIP_LOC_MR,PAN_PRI_PRD_PCP,1,BERNARDA REYES HERNANDEZ,2,,PAN
,24,SAN LUIS POTOSI ,,,,,,,DIP_LOC_RP,PAN,1,JUAN FRANCISCO AGUILAR HERNANDEZ,1,,PAN
,25,SAN LUIS POTOSI ,,,,,,,DIP_LOC_RP,PRI,1,ALEJANDRO LEAL TOVIAS,1,,PRI
,26,SAN LUIS POTOSI ,,,,,,,DIP_LOC_RP,PVEM,1,ROBERTO ULISES MENDOZA PADRON,1,,PVEM
,27,SAN LUIS POTOSI ,,,,,,,DIP_LOC_RP,PVEM,1,NADIA ESMERALDA OCHOA LIMON,2,,PVEM
,28,SAN LUIS POTOSI ,,,,,,,DIP_LOC_RP,PVEM,1,EDGAR ALEJANDRO ANAYA ESCOBEDO,1,,PVEM
,29,SAN LUIS POTOSI ,,,,,,,DIP_LOC_RP,MORENA,1,CUAUHTLI FERNANDO BADILLO MORENO,1,,MORENA
,30,SAN LUIS POTOSI ,,,,,,,DIP_LOC_RP,MORENA,1,LIDIA NALLELY VARGAS HERNANDEZ,2,,MORENA
,31,SAN LUIS POTOSI ,,,,,,,DIP_LOC_RP,MORENA,1,JOSE ANTONIO LORCA VALLE,1,,MORENA
,32,SAN LUIS POTOSI ,,,,,,,DIP_LOC_RP,PCP,1,MA. ELENA RAMIREZ RAMIREZ,2,,PCP
,33,SAN LUIS POTOSI ,,,,,,,DIP_LOC_RP,PMC,1,EMMA IDALIA SALDAÑA GUERRERO,2,,PMC
,34,SAN LUIS POTOSI ,,,,,,,DIP_LOC_RP,PNASLP,1,MARIA CLAUDIA TRISTAN ALVARADO,2,,PNASLP
,35,SAN LUIS POTOSI ,,,,,,,DIP_LOC_RP,RSP,1,GABRIELA MARTINEZ LARRAGA,2,,RSP
,24,SAN LUIS POTOSI,4,SALINAS,1,AHUALULCO,,,PRES_MUN,PNASLP,1,JOSE IGNACIO GUERRERO MENDOZA,1,,PNASLP
,24,SAN LUIS POTOSI,4,SALINAS,1,AHUALULCO,,,REG_MR,PNASLP,1,ANA JUDIT HIPOLITO MARTINEZ ,2,,PNASLP
,24,SAN LUIS POTOSI,4,SALINAS,1,AHUALULCO,,,SIND,PNASLP,1,JUAN ANTONIO SAUCEDO COLCHADO,1,,PNASLP
,24,SAN LUIS POTOSI,4,SALINAS,1,AHUALULCO,,,REG_RP,PNASLP,1,MICAELA ZAVALA GALAVIZ,2,,PNASLP
,24,SAN LUIS POTOSI,4,SALINAS,1,AHUALULCO,,,REG_RP,PNASLP,2,ELOY GARCIA MARTINEZ ,1,,PNASLP
,24,SAN LUIS POTOSI,4,SALINAS,1,AHUALULCO,,,REG_RP,PVEM,3,ARTURO RAMOS VALERIO,1,,PVEM
,24,SAN LUIS POTOSI,4,SALINAS,1,AHUALULCO,,,REG_RP,PAN,4,JULIANA VICTORIA HURTADO VIDALES,2,,PAN
,24,SAN LUIS POTOSI,4,SALINAS,1,AHUALULCO,,,REG_RP,PRI,5,DANNIA LOPEZ PULIDO,2,,PRI
,24,SAN LUIS POTOSI,11,CARDENAS,2,ALAQUINES,,,PRES_MUN,PRI,1,FLORISELA HERNANDEZ CHAVEZ,2,,PRI
,24,SAN LUIS POTOSI,11,CARDENAS,2,ALAQUINES,,,REG_MR,PRI,1,VICENTE  NUÑEZ CASTILLO,1,,PRI
,24,SAN LUIS POTOSI,11,CARDENAS,2,ALAQUINES,,,SIND,PRI,1,ALBA BERENICE REYNAGA POSADAS,2,,PRI
,24,SAN LUIS POTOSI,11,CARDENAS,2,ALAQUINES,,,REG_RP,PRI,1,ROBERTO CARLOS CARREON MOCTEZUMA,1,,PRI
,24,SAN LUIS POTOSI,11,CARDENAS,2,ALAQUINES,,,REG_RP,PRI,2,ERNESTINA IZAGUIRRE BERNAL,2,,PRI
,24,SAN LUIS POTOSI,11,CARDENAS,2,ALAQUINES,,,REG_RP,PAN,3,ULINDEY SABAIS VAZQUEZ,2,,PAN
,24,SAN LUIS POTOSI,11,CARDENAS,2,ALAQUINES,,,REG_RP,PAN,4,GILBERTO  MARTINEZ COSTILLA,1,,PAN
,24,SAN LUIS POTOSI,11,CARDENAS,2,ALAQUINES,,,REG_RP,PVEM,5,SAMUEL YAÑEZ GAMEZ,1,,PVEM
,24,SAN LUIS POTOSI,14,TANCANHUITZ,3,AQUISMÓN,,,PRES_MUN,RSP,1,CUAHUTEMOC BALDERAS YAÑEZ,1,,RSP
,24,SAN LUIS POTOSI,14,TANCANHUITZ,3,AQUISMÓN,,,REG_MR,RSP,1,FLORA BOTELLO RAMIREZ,2,,RSP
,24,SAN LUIS POTOSI,14,TANCANHUITZ,3,AQUISMÓN,,,SIND,RSP,1,JUAN JOSE ROMAN SERENO,1,,RSP
,24,SAN LUIS POTOSI,14,TANCANHUITZ,3,AQUISMÓN,,,REG_RP,RSP,1,MARIA JOSEFINA MARTINEZ CRUZ,2,,RSP
,24,SAN LUIS POTOSI,14,TANCANHUITZ,3,AQUISMÓN,,,REG_RP,RSP,2,LORENZO MEDINA GUERRERO,1,,RSP
,24,SAN LUIS POTOSI,14,TANCANHUITZ,3,AQUISMÓN,,,REG_RP,PAN,3,HORTENSIA GONZALEZ CABRERA,2,,PAN
,24,SAN LUIS POTOSI,14,TANCANHUITZ,3,AQUISMÓN,,,REG_RP,PVEM,4,ANA MARIA ROCHA IGLESIAS,2,,PVEM
,24,SAN LUIS POTOSI,14,TANCANHUITZ,3,AQUISMÓN,,,REG_RP,MORENA,5,JESUS DEL ANGEL MAURICIO,1,,MORENA
,24,SAN LUIS POTOSI,3,SANTA MARIA DEL RIO,4,ARMADILLO DE LOS INFANTE,,,PRES_MUN,PAN_PRI_PRD_PCP,1,MARIA ROCIO CASTILLO VERA,2,,PRI
,24,SAN LUIS POTOSI,3,SANTA MARIA DEL RIO,4,ARMADILLO DE LOS INFANTE,,,REG_MR,PAN_PRI_PRD_PCP,1,JOSE GABRIEL CASTILLO TRISTAN,1,,PRI
,24,SAN LUIS POTOSI,3,SANTA MARIA DEL RIO,4,ARMADILLO DE LOS INFANTE,,,SIND,PAN_PRI_PRD_PCP,1,ELSA NAYELI MORENO GOMEZ,2,,PRI
,24,SAN LUIS POTOSI,3,SANTA MARIA DEL RIO,4,ARMADILLO DE LOS INFANTE,,,REG_RP,PRI,1,CARLOS TOVAR MALDONADO ,1,,PRI
,24,SAN LUIS POTOSI,3,SANTA MARIA DEL RIO,4,ARMADILLO DE LOS INFANTE,,,REG_RP,PRI,2,DIONICIA RAMIREZ ROCHA,2,,PRI
,24,SAN LUIS POTOSI,3,SANTA MARIA DEL RIO,4,ARMADILLO DE LOS INFANTE,,,REG_RP,PVEM,3,ALDO MARTELL HERNANDEZ,1,,PVEM
,24,SAN LUIS POTOSI,3,SANTA MARIA DEL RIO,4,ARMADILLO DE LOS INFANTE,,,REG_RP,MORENA,4,FATIMA MENDEZ LOPEZ,2,,MORENA
,24,SAN LUIS POTOSI,3,SANTA MARIA DEL RIO,4,ARMADILLO DE LOS INFANTE,,,REG_RP,PAN,5,ARTURO GARCIA PEREZ,1,,PAN
,24,SAN LUIS POTOSI,11,CARDENAS,5,CÁRDENAS,,,PRES_MUN,PT_PVEM,1,JORGE OMAR MUÑOZ MARTINEZ,1,,PVEM
,24,SAN LUIS POTOSI,11,CARDENAS,5,CÁRDENAS,,,REG_MR,PT_PVEM,1,MA ELENA RODRIGUEZ LINARES,2,,PVEM
,24,SAN LUIS POTOSI,11,CARDENAS,5,CÁRDENAS,,,SIND,PT_PVEM,1,JORGE FLORES FERNANDEZ,1,,PVEM
,24,SAN LUIS POTOSI,11,CARDENAS,5,CÁRDENAS,,,REG_RP,PVEM,1,MA. DE LOURDES ALVAREZ PERALES,2,,PVEM
,24,SAN LUIS POTOSI,11,CARDENAS,5,CÁRDENAS,,,REG_RP,PVEM,2,OMAR ALEXANDER TORRES GLORIA,1,,PVEM
,24,SAN LUIS POTOSI,11,CARDENAS,5,CÁRDENAS,,,REG_RP,PAN,3,MARGARITA VAZQUEZ VILLA,2,,PAN
,24,SAN LUIS POTOSI,11,CARDENAS,5,CÁRDENAS,,,REG_RP,PAN,4,JOSE ARTURO BARCENAS MIRANDA,1,,PAN
,24,SAN LUIS POTOSI,11,CARDENAS,5,CÁRDENAS,,,REG_RP,PT,5,IRMA GUADALUPE HERNANDEZ GUTIERREZ,2,,PT
,24,SAN LUIS POTOSI,1,MATEHUALA,6,CATORCE,,,PRES_MUN,PAN_PRI_PRD_PCP,1,MARIA GUADALUPE CARRILLO RODRIGUEZ,2,,PAN
,24,SAN LUIS POTOSI,1,MATEHUALA,6,CATORCE,,,REG_MR,PAN_PRI_PRD_PCP,1,ISRAEL ALMAGUER ROMERO,1,,PAN
,24,SAN LUIS POTOSI,1,MATEHUALA,6,CATORCE,,,SIND,PAN_PRI_PRD_PCP,1,MA. GUADALUPE CARIDAD ALONSO REAL,2,,PAN
,24,SAN LUIS POTOSI,1,MATEHUALA,6,CATORCE,,,REG_RP,PMC,1,ANA CECILIA  SANCHEZ ACOSTA,2,,PMC
,24,SAN LUIS POTOSI,1,MATEHUALA,6,CATORCE,,,REG_RP,PMC,2,DAVID ISMAEL MEDINA VIGIL,1,,PMC
,24,SAN LUIS POTOSI,1,MATEHUALA,6,CATORCE,,,REG_RP,PAN,3,RAFAEL MEDINA LOERA,1,,PAN
,24,SAN LUIS POTOSI,1,MATEHUALA,6,CATORCE,,,REG_RP,PAN,4,LETICIA NEREIDA ZAMORA OVALLE,2,,PAN
,24,SAN LUIS POTOSI,1,MATEHUALA,6,CATORCE,,,REG_RP,PRI,5,FRANCISCO HERNANDEZ MATA,1,,PRI
,24,SAN LUIS POTOSI,1,MATEHUALA,7,CEDRAL,,,PRES_MUN,PMC,1,HOWARD FRANCISCO AGUILAR VERGARA,1,,PMC
,24,SAN LUIS POTOSI,1,MATEHUALA,7,CEDRAL,,,REG_MR,PMC,1,ANA MARIA ESPINOZA ESPNOZA,2,,PMC
,24,SAN LUIS POTOSI,1,MATEHUALA,7,CEDRAL,,,SIND,PMC,1,JOSE MANUEL VAZQUEZ VILLALOBOS,1,,PMC
,24,SAN LUIS POTOSI,1,MATEHUALA,7,CEDRAL,,,REG_RP,PMC,1,ALMA DELIA AGUILAR ALVARADO,2,,PMC
,24,SAN LUIS POTOSI,1,MATEHUALA,7,CEDRAL,,,REG_RP,PMC,2,JAVIER AZAEL RODRIGUEZ GLORIA,1,,PMC
,24,SAN LUIS POTOSI,1,MATEHUALA,7,CEDRAL,,,REG_RP,PVEM,3,DIANA GRISELDA  DIAZ  GAONA,2,,PVEM
,24,SAN LUIS POTOSI,1,MATEHUALA,7,CEDRAL,,,REG_RP,PRI,4,LEANDRA CONTRERAS MARTINEZ,2,,PRI
,24,SAN LUIS POTOSI,1,MATEHUALA,7,CEDRAL,,,REG_RP,MORENA,5,GISELA STHEPANIA TORRES GUERRERO,2,,MORENA
,24,SAN LUIS POTOSI,11,CARDENAS,8,CERRITOS,,,PRES_MUN,PT_PVEM,1,MARIA LETICIA  VAZQUEZ  HERNANDEZ,2,,PVEM
,24,SAN LUIS POTOSI,11,CARDENAS,8,CERRITOS,,,REG_MR,PT_PVEM,1,JOSE GUADALUPE  GUTIERREZ  MEDELLIN,1,,PVEM
,24,SAN LUIS POTOSI,11,CARDENAS,8,CERRITOS,,,SIND,PT_PVEM,1,ANAIS  MARTINEZ  OVALLE,2,,PVEM
,24,SAN LUIS POTOSI,11,CARDENAS,8,CERRITOS,,,REG_RP,PVEM,1,ARTURO  SANCHEZ  LOPEZ,1,,PVEM
,24,SAN LUIS POTOSI,11,CARDENAS,8,CERRITOS,,,REG_RP,PVEM,2,RUTH LILIANA CASTILLO  MONTELONGO,2,,PVEM
,24,SAN LUIS POTOSI,11,CARDENAS,8,CERRITOS,,,REG_RP,MORENA,3,VICTOR GREGORIO ALVARADO HERNANDEZ,1,,MORENA
,24,SAN LUIS POTOSI,11,CARDENAS,8,CERRITOS,,,REG_RP,PRI,4,LUIS OMAR ZAPATA GONZALEZ,1,,PRI
,24,SAN LUIS POTOSI,11,CARDENAS,8,CERRITOS,,,REG_RP,PAN,5,LETICIA  RIOS MARTINEZ,2,,PAN
,24,SAN LUIS POTOSI,3,SANTA MARIA DEL RIO,9,CERRO DE SAN PEDRO,,,PRES_MUN,PRI,1,ESMERALDA ABIGAIL NAVA LOREDO,2,,PRI
,24,SAN LUIS POTOSI,3,SANTA MARIA DEL RIO,9,CERRO DE SAN PEDRO,,,REG_MR,PRI,1,LORENZO ALONSO ARROYO,1,,PRI
,24,SAN LUIS POTOSI,3,SANTA MARIA DEL RIO,9,CERRO DE SAN PEDRO,,,SIND,PRI,1,MARIA BERTHA SANCHEZ GALVAN,2,,PRI
,24,SAN LUIS POTOSI,3,SANTA MARIA DEL RIO,9,CERRO DE SAN PEDRO,,,REG_RP,PRI,1,ANGEL DE JESUS NAVA  LOREDO,1,,PRI
,24,SAN LUIS POTOSI,3,SANTA MARIA DEL RIO,9,CERRO DE SAN PEDRO,,,REG_RP,PRI,2,MARBELLA GUADALUPE JURADO NIÑO,2,,PRI
,24,SAN LUIS POTOSI,3,SANTA MARIA DEL RIO,9,CERRO DE SAN PEDRO,,,REG_RP,PAN,3,EUGENIO MARTINEZ ALONSO,1,,PAN
,24,SAN LUIS POTOSI,3,SANTA MARIA DEL RIO,9,CERRO DE SAN PEDRO,,,REG_RP,PCP,4,FRANCISCO GOMEZ ALONSO ,1,,PCP
,24,SAN LUIS POTOSI,3,SANTA MARIA DEL RIO,9,CERRO DE SAN PEDRO,,,REG_RP,PVEM,5,MARIA ARACELI MARTINEZ ALMENDAREZ,2,,PVEM
,24,SAN LUIS POTOSI,11,CARDENAS,10,CIUDAD DEL MAÍZ,,,PRES_MUN,PAN_PRD,1,MIREYA VANCINI VILLANUEVA,2,,PAN
,24,SAN LUIS POTOSI,11,CARDENAS,10,CIUDAD DEL MAÍZ,,,REG_MR,PAN_PRD,1,MARTIN ANTONIO LUMBRERAS ESPINOZA,1,,PAN
,24,SAN LUIS POTOSI,11,CARDENAS,10,CIUDAD DEL MAÍZ,,,SIND,PAN_PRD,1,BRENDA GUADALUPE VEGA AMADOR,2,,PAN
,24,SAN LUIS POTOSI,11,CARDENAS,10,CIUDAD DEL MAÍZ,,,REG_RP,PAN,1,ONESIMO VILLANUEVA MARTINEZ,1,,PAN
,24,SAN LUIS POTOSI,11,CARDENAS,10,CIUDAD DEL MAÍZ,,,REG_RP,PES,2,JESUS GILBERTO PEREZ SANCHEZ,1,,PES
,24,SAN LUIS POTOSI,11,CARDENAS,10,CIUDAD DEL MAÍZ,,,REG_RP,PT,3,MIRIAM BERENICE BAÑUELOS MORENO,2,,PT
,24,SAN LUIS POTOSI,11,CARDENAS,10,CIUDAD DEL MAÍZ,,,REG_RP,PRI,4,JOSE DE JESUS POIRE VARGAS,1,,PRI
,24,SAN LUIS POTOSI,11,CARDENAS,10,CIUDAD DEL MAÍZ,,,REG_RP,PVEM,5,ARACELI MENDEZ GARCIA,2,,PVEM
,24,SAN LUIS POTOSI,10,RIOVERDE,11,CIUDAD FERNÁNDEZ,,,PRES_MUN,PT_PVEM,1,MARCO ANTONIO GONZALEZ JASSO  ,1,,PT
,24,SAN LUIS POTOSI,10,RIOVERDE,11,CIUDAD FERNÁNDEZ,,,REG_MR,PT_PVEM,1,MARICELA MALDONADO RESENDIZ,2,,PT
,24,SAN LUIS POTOSI,10,RIOVERDE,11,CIUDAD FERNÁNDEZ,,,SIND,PT_PVEM,1,DAVID ALEJANDRO GONZALEZ PEREZ,1,,PT
,24,SAN LUIS POTOSI,10,RIOVERDE,11,CIUDAD FERNÁNDEZ,,,REG_RP,PAN,1,MARIA LAURA CEDILLO GONZALEZ,2,,PAN
,24,SAN LUIS POTOSI,10,RIOVERDE,11,CIUDAD FERNÁNDEZ,,,REG_RP,PAN,2,ALEJANDRO BRISEÑO SAZALAR,1,,PAN
,24,SAN LUIS POTOSI,10,RIOVERDE,11,CIUDAD FERNÁNDEZ,,,REG_RP,PVEM,3,LIZETH NATHALIE GALVAN GONZALEZ,2,,PVEM
,24,SAN LUIS POTOSI,10,RIOVERDE,11,CIUDAD FERNÁNDEZ,,,REG_RP,PCP,4,JUAN GUERRERO FLORES,1,,PCP
,24,SAN LUIS POTOSI,10,RIOVERDE,11,CIUDAD FERNÁNDEZ,,,REG_RP,PRI,5,MA. FELIX SANCHEZ VILLANUEVA,2,,PRI
,24,SAN LUIS POTOSI,14,TANCANHUITZ,12,TANCANHUITZ,,,PRES_MUN,PNASLP,1,OCTAVIO CONTRERAS MEDINA,1,,PNASLP
,24,SAN LUIS POTOSI,14,TANCANHUITZ,12,TANCANHUITZ,,,REG_MR,PNASLP,1,XOCHITL GARCIA CRUZ,2,,PNASLP
,24,SAN LUIS POTOSI,14,TANCANHUITZ,12,TANCANHUITZ,,,SIND,PNASLP,1,SAMUEL HERNANDEZ REYES,1,,PNASLP
,24,SAN LUIS POTOSI,14,TANCANHUITZ,12,TANCANHUITZ,,,REG_RP,PNASLP,1,NORMA LUZ OCAÑA SANCHEZ,2,,PNASLP
,24,SAN LUIS POTOSI,14,TANCANHUITZ,12,TANCANHUITZ,,,REG_RP,PNASLP,2,DAVID DE SANTIAGO QUINTANAR,1,,PNASLP
,24,SAN LUIS POTOSI,14,TANCANHUITZ,12,TANCANHUITZ,,,REG_RP,PRD,3,EUFRACIA CRUZ CRUZ,2,,PRD
,24,SAN LUIS POTOSI,14,TANCANHUITZ,12,TANCANHUITZ,,,REG_RP,PMC,4,CINTHIA GUADALUPE MARTINEZ SANCHEZ,2,,PMC
,24,SAN LUIS POTOSI,14,TANCANHUITZ,12,TANCANHUITZ,,,REG_RP,PAN,5,DULCE MARIA ACUÑA RAMIREZ,2,,PAN
,24,SAN LUIS POTOSI,12,CIUDAD VALLES,13,CIUDAD VALLES,,,PRES_MUN,PT_PVEM,1,DAVID ARMANDO MEDINA SALAZAR,1,,PT
,24,SAN LUIS POTOSI,12,CIUDAD VALLES,13,CIUDAD VALLES,,,REG_MR,PT_PVEM,1,RUT MIREA PORTILLA SANCHEZ,2,,PT
,24,SAN LUIS POTOSI,12,CIUDAD VALLES,13,CIUDAD VALLES,,,SIND,PT_PVEM,1,MARIANO AGUILLON MONTELONGO,1,,PT
,24,SAN LUIS POTOSI,12,CIUDAD VALLES,13,CIUDAD VALLES,,,SIND,PT_PVEM,2,CLAUDIA ISABEL HUERTA ROBLEDO,2,,PT
,24,SAN LUIS POTOSI,12,CIUDAD VALLES,13,CIUDAD VALLES,,,REG_RP,PVEM,1,SANTIAGO NALES ORTA,1,,PVEM
,24,SAN LUIS POTOSI,12,CIUDAD VALLES,13,CIUDAD VALLES,,,REG_RP,PVEM,2,PATRICIA HURTADO BARRERA,2,,PVEM
,24,SAN LUIS POTOSI,12,CIUDAD VALLES,13,CIUDAD VALLES,,,REG_RP,PVEM,3,JULIO ALEJANDRO  GUIDO AZUARA.,1,,PVEM
,24,SAN LUIS POTOSI,12,CIUDAD VALLES,13,CIUDAD VALLES,,,REG_RP,PVEM,4,MA. VIRGINIA GUERRERO CORONADO,2,,PVEM
,24,SAN LUIS POTOSI,12,CIUDAD VALLES,13,CIUDAD VALLES,,,REG_RP,MORENA,5,EDGAR PADRON SANCHEZ,1,,MORENA
,24,SAN LUIS POTOSI,12,CIUDAD VALLES,13,CIUDAD VALLES,,,REG_RP,MORENA,6,YESSICA PAOLA INFANTE BARRIOS,2,,MORENA
,24,SAN LUIS POTOSI,12,CIUDAD VALLES,13,CIUDAD VALLES,,,REG_RP,PAN,7,JAVIER CRUZ SALAZAR ,1,,PAN
,24,SAN LUIS POTOSI,12,CIUDAD VALLES,13,CIUDAD VALLES,,,REG_RP,PT,8,JESUS GUADALUPE GONZALEZ VARGAS,1,,PT
,24,SAN LUIS POTOSI,12,CIUDAD VALLES,13,CIUDAD VALLES,,,REG_RP,PRI,9,HUMBERTO TORRES MEDRANO,1,,PRI
,24,SAN LUIS POTOSI,12,CIUDAD VALLES,13,CIUDAD VALLES,,,REG_RP,RSP,10,ERICKA GUADALUPE GARCIA PONCE,2,,RSP
,24,SAN LUIS POTOSI,12,CIUDAD VALLES,13,CIUDAD VALLES,,,REG_RP,PNASLP,11,NORMA LIDIA CHAVEZ GARCIA,2,,PNASLP
,24,SAN LUIS POTOSI,13,TAMUIN,14,COXCALTÁN,,,PRES_MUN,PRI,1,ROBERTO CRUZ HURTADO,1,,PRI
,24,SAN LUIS POTOSI,13,TAMUIN,14,COXCALTÁN,,,REG_MR,PRI,1,ANA GLORIA MEDINA HERNANDEZ,2,,PRI
,24,SAN LUIS POTOSI,13,TAMUIN,14,COXCALTÁN,,,SIND,PRI,1,AARON HERVERTH HERNANDEZ,1,,PRI
,24,SAN LUIS POTOSI,13,TAMUIN,14,COXCALTÁN,,,REG_RP,PRI,1,MA. GUADALUPE HERNANDEZ CRUZ,2,,PRI
,24,SAN LUIS POTOSI,13,TAMUIN,14,COXCALTÁN,,,REG_RP,MORENA,2,LESLY DE JESUS REYES ALVAREZ,2,,MORENA
,24,SAN LUIS POTOSI,13,TAMUIN,14,COXCALTÁN,,,REG_RP,PCP,3,GUADALUPE AVILA GUEVARA,2,,PCP
,24,SAN LUIS POTOSI,13,TAMUIN,14,COXCALTÁN,,,REG_RP,PRD,4,MARIA CATARINA HERNANDEZ GONZALEZ,2,,PRD
,24,SAN LUIS POTOSI,13,TAMUIN,14,COXCALTÁN,,,REG_RP,PAN,5,MARIA LUISA BAHENA FLORES,2,,PAN
,24,SAN LUIS POTOSI,1,MATEHUALA,15,CHARCAS,,,PRES_MUN,PT_PVEM,1,MARISOL NAJERA ALBA  ,2,,PT
,24,SAN LUIS POTOSI,1,MATEHUALA,15,CHARCAS,,,REG_MR,PT_PVEM,1,JUAN ANTONIO ALDAPE VALDEZ,1,,PT
,24,SAN LUIS POTOSI,1,MATEHUALA,15,CHARCAS,,,SIND,PT_PVEM,1,DORLE  VIRIDIANA LOPEZ REYES,2,,PT
,24,SAN LUIS POTOSI,1,MATEHUALA,15,CHARCAS,,,REG_RP,PVEM,1,RAFAEL LOPEZ CARRANZA,1,,PVEM
,24,SAN LUIS POTOSI,1,MATEHUALA,15,CHARCAS,,,REG_RP,PVEM,2,ARIANNA MONSERRAT GAYTAN JUAREZ,2,,PVEM
,24,SAN LUIS POTOSI,1,MATEHUALA,15,CHARCAS,,,REG_RP,PAN,3,JESUS ISRAEL COLUNGA MIRELES,1,,PAN
,24,SAN LUIS POTOSI,1,MATEHUALA,15,CHARCAS,,,REG_RP,PRI,4,ENRIQUE   RODRIGUEZ SANCHEZ,1,,PRI
,24,SAN LUIS POTOSI,1,MATEHUALA,15,CHARCAS,,,REG_RP,PCP,5,ROSARIO  GUADALUPE  MUÑOZ  BENITEZ,2,,PCP
,24,SAN LUIS POTOSI,13,TAMUIN,16,EBANO,,,PRES_MUN,PT_PVEM,1,MARIA SOLEDAD CARREÑO LINARES,2,,PVEM
,24,SAN LUIS POTOSI,13,TAMUIN,16,EBANO,,,REG_MR,PT_PVEM,1,AHIRAM ADAD CHONG DOSAL,1,,PVEM
,24,SAN LUIS POTOSI,13,TAMUIN,16,EBANO,,,SIND,PT_PVEM,1,FILIBERTA IBARRA HERNANDEZ,2,,PVEM
,24,SAN LUIS POTOSI,13,TAMUIN,16,EBANO,,,REG_RP,PVEM,1,CESAR ARTURO LOPEZ SALDAÑA,1,,PVEM
,24,SAN LUIS POTOSI,13,TAMUIN,16,EBANO,,,REG_RP,PVEM,2,GUADALUPE DEL CARMEN CASTILLO DIAZ,2,,PVEM
,24,SAN LUIS POTOSI,13,TAMUIN,16,EBANO,,,REG_RP,FXM,3,CAROLINE PORTALES COBOS,2,,FXM
,24,SAN LUIS POTOSI,13,TAMUIN,16,EBANO,,,REG_RP,PAN,4,ROGELIO MARTINEZ RIVAS ,1,,PAN
,24,SAN LUIS POTOSI,13,TAMUIN,16,EBANO,,,REG_RP,MORENA,5,GABRIEL DE JESUS RODRIGUEZ DIAZ,1,,MORENA
,24,SAN LUIS POTOSI,11,CARDENAS,17,GUADALZACÁR,,,PRES_MUN,PAN_PRI_PRD_PCP,1,JUAN FRANCISCO PEREZ ZAPATA,1,,PRI
,24,SAN LUIS POTOSI,11,CARDENAS,17,GUADALZACÁR,,,REG_MR,PAN_PRI_PRD_PCP,1,MAGALI TORRES SALAZAR,2,,PRI
,24,SAN LUIS POTOSI,11,CARDENAS,17,GUADALZACÁR,,,SIND,PAN_PRI_PRD_PCP,1,SAUL RODRIGUEZ CORONA ,1,,PRI
,24,SAN LUIS POTOSI,11,CARDENAS,17,GUADALZACÁR,,,REG_RP,PRI,1,MARIA BLANCA ESTHELA SANCHEZ CHAVIRA ,2,,PRI
,24,SAN LUIS POTOSI,11,CARDENAS,17,GUADALZACÁR,,,REG_RP,PRI,2,ALVARO PATIÑO MARTINEZ ,1,,PRI
,24,SAN LUIS POTOSI,11,CARDENAS,17,GUADALZACÁR,,,REG_RP,RSP,3,SAMARA ANAHI CHAVEZ INFANTE,2,,RSP
,24,SAN LUIS POTOSI,11,CARDENAS,17,GUADALZACÁR,,,REG_RP,PMC,4,GILBERTO GARRIDO REYES ,1,,PMC
,24,SAN LUIS POTOSI,11,CARDENAS,17,GUADALZACÁR,,,REG_RP,MORENA,5,MARIA DE LA ROSA BAÑUELOS ,2,,MORENA
,24,SAN LUIS POTOSI,14,TANCANHUITZ,18,HUEHUETLÁN,,,PRES_MUN,PAN_PRI_PRD_PCP,1,JOSE ANTONIO OLIVARES  MORALES,1,,PRI
,24,SAN LUIS POTOSI,14,TANCANHUITZ,18,HUEHUETLÁN,,,REG_MR,PAN_PRI_PRD_PCP,1,NESTORA HERNANDEZ MORALES,2,,PRI
,24,SAN LUIS POTOSI,14,TANCANHUITZ,18,HUEHUETLÁN,,,SIND,PAN_PRI_PRD_PCP,1,DAVID GONZALEZ VEGA,1,,PRI
,24,SAN LUIS POTOSI,14,TANCANHUITZ,18,HUEHUETLÁN,,,REG_RP,PRI,1,GLORIA SANCHEZ RIOS,2,,PRI
,24,SAN LUIS POTOSI,14,TANCANHUITZ,18,HUEHUETLÁN,,,REG_RP,PRI,2,RIGOBERTO FLORES HERNANDEZ,1,,PRI
,24,SAN LUIS POTOSI,14,TANCANHUITZ,18,HUEHUETLÁN,,,REG_RP,PVEM,3,NICASIA FLORES DELFIN,2,,PVEM
,24,SAN LUIS POTOSI,14,TANCANHUITZ,18,HUEHUETLÁN,,,REG_RP,PVEM,4,LAZARO CONTRERAS HERNANDEZ,1,,PVEM
,24,SAN LUIS POTOSI,14,TANCANHUITZ,18,HUEHUETLÁN,,,REG_RP,PAN,5,LETICIA CONTRERAS ESPINOSA,2,,PAN
,24,SAN LUIS POTOSI,10,RIOVERDE,19,LAGUNILLAS,,,PRES_MUN,PMC,1,SERGIO ALBERTO IZAGUIRRE PONCE,1,,PMC
,24,SAN LUIS POTOSI,10,RIOVERDE,19,LAGUNILLAS,,,REG_MR,PMC,1,CLAUDIA BENAVIDES CERVANTES,2,,PMC
,24,SAN LUIS POTOSI,10,RIOVERDE,19,LAGUNILLAS,,,SIND,PMC,1,HUMBERTO NAVA PRO,1,,PMC
,24,SAN LUIS POTOSI,10,RIOVERDE,19,LAGUNILLAS,,,REG_RP,PMC,1,DOLORES DELIA SANJUAN RENDON,2,,PMC
,24,SAN LUIS POTOSI,10,RIOVERDE,19,LAGUNILLAS,,,REG_RP,PES,2,MARIBEL ALVARADO ORTIZ,2,,PES
,24,SAN LUIS POTOSI,10,RIOVERDE,19,LAGUNILLAS,,,REG_RP,FXM,3,ROSA ELENA BALDERAS SERVIN,2,,FXM
,24,SAN LUIS POTOSI,10,RIOVERDE,19,LAGUNILLAS,,,REG_RP,MORENA,4,ISAAC PEREZ RAMIREZ,1,,MORENA
,24,SAN LUIS POTOSI,10,RIOVERDE,19,LAGUNILLAS,,,REG_RP,RSP,5,BERTHA ROCHA AGUILAR,2,,RSP
,24,SAN LUIS POTOSI,1,MATEHUALA,20,MATEHUALA,,,PRES_MUN,PAN_PRI_PRD_PCP,1,IVAN NOE ESTRADA GUZMAN,1,,PAN
,24,SAN LUIS POTOSI,1,MATEHUALA,20,MATEHUALA,,,REG_MR,PAN_PRI_PRD_PCP,1,FRANCISCA DEL SAGRARIO ROJAS MENDOZA,2,,PAN
,24,SAN LUIS POTOSI,1,MATEHUALA,20,MATEHUALA,,,SIND,PAN_PRI_PRD_PCP,1,JESUS CRISTOBAL DE JESUS  RAMIREZ,1,,PAN
,24,SAN LUIS POTOSI,1,MATEHUALA,20,MATEHUALA,,,SIND,PAN_PRI_PRD_PCP,1,HILDA FABIOLA RODRIGUEZ HERNANDEZ,2,,PAN
,24,SAN LUIS POTOSI,1,MATEHUALA,20,MATEHUALA,,,REG_RP,PAN,1,FRANCO ALEJANDRO CORONADO GUERRA,1,,PAN
,24,SAN LUIS POTOSI,1,MATEHUALA,20,MATEHUALA,,,REG_RP,PAN,2,MARIBEL CELAYA GUERRA,2,,PAN
,24,SAN LUIS POTOSI,1,MATEHUALA,20,MATEHUALA,,,REG_RP,PAN,3,JORGE ARTURO SANDOVAL ZAPATA,1,,PAN
,24,SAN LUIS POTOSI,1,MATEHUALA,20,MATEHUALA,,,REG_RP,PAN,4,MARIA DEL CARMEN VAZQUEZ SALINAS,2,,PAN
,24,SAN LUIS POTOSI,1,MATEHUALA,20,MATEHUALA,,,REG_RP,PVEM,5,JUAN RAMON  SANCHEZ  VELAZQUEZ,1,,PVEM
,24,SAN LUIS POTOSI,1,MATEHUALA,20,MATEHUALA,,,REG_RP,PVEM,6,MARIANA PUENTE ACEVEDO,2,,PVEM
,24,SAN LUIS POTOSI,1,MATEHUALA,20,MATEHUALA,,,REG_RP,PVEM,7,ALEJANDRO  MARTINEZ LUNA,1,,PVEM
,24,SAN LUIS POTOSI,1,MATEHUALA,20,MATEHUALA,,,REG_RP,MORENA,8,ROSA VERONICA RIVERA TRISTAN,2,,MORENA
,24,SAN LUIS POTOSI,1,MATEHUALA,20,MATEHUALA,,,REG_RP,MORENA,9,JOSE MARIO HERNANDEZ GARCIA,1,,MORENA
,24,SAN LUIS POTOSI,1,MATEHUALA,20,MATEHUALA,,,REG_RP,PRI,10,GERARDO ROJAS DIAZ,1,,PRI
,24,SAN LUIS POTOSI,1,MATEHUALA,20,MATEHUALA,,,REG_RP,PT,11,FLOR EUGENIA TORRES GUERRA,2,,PT
,24,SAN LUIS POTOSI,4,SALINAS,21,MEXQUITIC DE CARMONA,,,PRES_MUN,PMC,1,JOSE HILARIO LEAL QUISTIAN,1,,PMC
,24,SAN LUIS POTOSI,4,SALINAS,21,MEXQUITIC DE CARMONA,,,REG_MR,PMC,1,CATALINA DOMINGUEZ VALERIO,2,,PMC
,24,SAN LUIS POTOSI,4,SALINAS,21,MEXQUITIC DE CARMONA,,,SIND,PMC,1,ISMAEL SALAZAR GARCIA,1,,PMC
,24,SAN LUIS POTOSI,4,SALINAS,21,MEXQUITIC DE CARMONA,,,REG_RP,PMC,1,MA. ZITA HERNANDEZ MARTINEZ,2,,PMC
,24,SAN LUIS POTOSI,4,SALINAS,21,MEXQUITIC DE CARMONA,,,REG_RP,PMC,2,SANDRO EZEQUIEL VILLA MELGAREJO,1,,PMC
,24,SAN LUIS POTOSI,4,SALINAS,21,MEXQUITIC DE CARMONA,,,REG_RP,PRI,3,MARTHA PATRICIA ALVARADO AZCONA,2,,PRI
,24,SAN LUIS POTOSI,4,SALINAS,21,MEXQUITIC DE CARMONA,,,REG_RP,PVEM,4,ARLEN JAZMIN SALAZAR JIMENEZ,2,,PVEM
,24,SAN LUIS POTOSI,4,SALINAS,21,MEXQUITIC DE CARMONA,,,REG_RP,PCP,5,NAYELI CASTRO LLANAS ,2,,PCP
,24,SAN LUIS POTOSI,4,SALINAS,22,MOCTEZUMA,,,PRES_MUN,PT_PVEM,1,LUIS ENRIQUE VEGA MANZANARES,1,,PVEM
,24,SAN LUIS POTOSI,4,SALINAS,22,MOCTEZUMA,,,REG_MR,PT_PVEM,1,MA. MARCOS GARCIA HERRERA,2,,PVEM
,24,SAN LUIS POTOSI,4,SALINAS,22,MOCTEZUMA,,,SIND,PT_PVEM,1,ALEJANDRO MOISES OVALLE ARRIAGA,1,,PVEM
,24,SAN LUIS POTOSI,4,SALINAS,22,MOCTEZUMA,,,REG_RP,PVEM,1,THELMA YESENIA PUENTE SAUCEDO ,2,,PVEM
,24,SAN LUIS POTOSI,4,SALINAS,22,MOCTEZUMA,,,REG_RP,PVEM,2,FRANCISCO JAVIER HERNANDEZ SAUCEDO,1,,PVEM
,24,SAN LUIS POTOSI,4,SALINAS,22,MOCTEZUMA,,,REG_RP,PAN,3,JORGE ANTONIO ROBLEDO ALVARADO,1,,PAN
,24,SAN LUIS POTOSI,4,SALINAS,22,MOCTEZUMA,,,REG_RP,PAN,4,JANETH ESCANAME ROQUE,2,,PAN
,24,SAN LUIS POTOSI,4,SALINAS,22,MOCTEZUMA,,,REG_RP,PT,5,ORALIA REYNA OVIEDO,2,,PT
,24,SAN LUIS POTOSI,11,CARDENAS,23,RAYÓN,,,PRES_MUN,PT_PVEM,1,PABLO BERRONES ALVARADO,1,,PT
,24,SAN LUIS POTOSI,11,CARDENAS,23,RAYÓN,,,REG_MR,PT_PVEM,1,ANA KAREN VEGA CAMARGO,2,,PT
,24,SAN LUIS POTOSI,11,CARDENAS,23,RAYÓN,,,SIND,PT_PVEM,1,UZZIEL CHAIREZ TELLO,1,,PT
,24,SAN LUIS POTOSI,11,CARDENAS,23,RAYÓN,,,REG_RP,PRI,1,SANDRA JUDITH MENDEZ TORRES ,2,,PRI
,24,SAN LUIS POTOSI,11,CARDENAS,23,RAYÓN,,,REG_RP,PRI,2,ENRIQUE TREJO JR,1,,PRI
,24,SAN LUIS POTOSI,11,CARDENAS,23,RAYÓN,,,REG_RP,PT,3,LILIANA PONCE ANDRADE,2,,PT
,24,SAN LUIS POTOSI,11,CARDENAS,23,RAYÓN,,,REG_RP,PVEM,4,MARIA DEL ROSARIO GUILLEN REYNOSA,2,,PVEM
,24,SAN LUIS POTOSI,11,CARDENAS,23,RAYÓN,,,REG_RP,PES,5,MILDRED ELIZABETH HERNANDEZ TORRES ,2,,PES
,24,SAN LUIS POTOSI,10,RIOVERDE,24,RIOVERDE,,,PRES_MUN,PRI _PRD _PCP,1,ARNULFO URBIOLA ROMAN,1,,PRI
,24,SAN LUIS POTOSI,10,RIOVERDE,24,RIOVERDE,,,REG_MR,PRI _PRD _PCP,1,ZAIRA ITZEL BAUTISTA ALVARADO,2,,PRI
,24,SAN LUIS POTOSI,10,RIOVERDE,24,RIOVERDE,,,SIND,PRI _PRD _PCP,1,EDGAR ALEJANDRO NARVAEZ GONZALEZ,1,,PRI
,24,SAN LUIS POTOSI,10,RIOVERDE,24,RIOVERDE,,,SIND,PRI _PRD _PCP,2,CLAUDIA ELENA JUAREZ IGA,2,,PRI
,24,SAN LUIS POTOSI,10,RIOVERDE,24,RIOVERDE,,,REG_RP,PAN,1,GUSTAVO LIMON ROBLES,1,,PAN
,24,SAN LUIS POTOSI,10,RIOVERDE,24,RIOVERDE,,,REG_RP,PAN,2,MARIA FE AIRAM GARCIA MARTINEZ,2,,PAN
,24,SAN LUIS POTOSI,10,RIOVERDE,24,RIOVERDE,,,REG_RP,PAN,3,JOSE ANTONIO CASTILLO GOVEA,1,,PAN
,24,SAN LUIS POTOSI,10,RIOVERDE,24,RIOVERDE,,,REG_RP,PAN,4,OLGA GUADALUPE GUTIERREZ AVILA,2,,PAN
,24,SAN LUIS POTOSI,10,RIOVERDE,24,RIOVERDE,,,REG_RP,PRI,5,ISAIAS RIVERA MARTINEZ,1,,PRI
,24,SAN LUIS POTOSI,10,RIOVERDE,24,RIOVERDE,,,REG_RP,PRI,6,ROSA MA. HUERTA VALDEZ,2,,PRI
,24,SAN LUIS POTOSI,10,RIOVERDE,24,RIOVERDE,,,REG_RP,PRI,7,EDGAR VAZQUEZ ALONSO,1,,PRI
,24,SAN LUIS POTOSI,10,RIOVERDE,24,RIOVERDE,,,REG_RP,PVEM,8,ISIS MONSERRAT NAVA GARCIA,2,,PVEM
,24,SAN LUIS POTOSI,10,RIOVERDE,24,RIOVERDE,,,REG_RP,PRD,9,PABLO ARTURO GARCIA NOYOLA,1,,PRD
,24,SAN LUIS POTOSI,10,RIOVERDE,24,RIOVERDE,,,REG_RP,MORENA,10,NANCY SELENE JUAREZ OVIEDO,2,,MORENA
,24,SAN LUIS POTOSI,10,RIOVERDE,24,RIOVERDE,,,REG_RP,FXM,11,PEDRO BALDERAS GARCIA,1,,FXM
,24,SAN LUIS POTOSI,4,SALINAS,25,SALINAS,,,PRES_MUN,PAN_PRI,1,EMMANUEL  CASTRO  ALVAREZ,1,,PRI
,24,SAN LUIS POTOSI,4,SALINAS,25,SALINAS,,,REG_MR,PAN_PRI,1,DELIA LOPEZ RUIZ,2,,PRI
,24,SAN LUIS POTOSI,4,SALINAS,25,SALINAS,,,SIND,PAN_PRI,1,JOSUE SORDO CERVANTES,1,,PRI
,24,SAN LUIS POTOSI,4,SALINAS,25,SALINAS,,,REG_RP,PRI,1,MA. FABRICINIA PAEZ GALVAN,2,,PRI
,24,SAN LUIS POTOSI,4,SALINAS,25,SALINAS,,,REG_RP,PVEM,2,CYNTHIA GUADALUPE DELGADILLO RIVERA,2,,PVEM
,24,SAN LUIS POTOSI,4,SALINAS,25,SALINAS,,,REG_RP,MORENA,3,ANA MARIA  RODRIGUEZ MAURICIO,2,,MORENA
,24,SAN LUIS POTOSI,4,SALINAS,25,SALINAS,,,REG_RP,PCP,4,NOHEMI ESMERALDA CISNEROS MARTINEZ,2,,PCP
,24,SAN LUIS POTOSI,4,SALINAS,25,SALINAS,,,REG_RP,PRD,5,TERESITA DE JESUS GARCIA CONTRERAS,2,,PRD
,24,SAN LUIS POTOSI,13,TAMUIN,26,SAN ANTONIO,,,PRES_MUN,MORENA,1,EDYUENARY GREGORIO CASTILLO HERNANDEZ,1,,MORENA
,24,SAN LUIS POTOSI,13,TAMUIN,26,SAN ANTONIO,,,REG_MR,MORENA,1,MARIA ANGELICA ENRIQUEZ ROMAN,2,,MORENA
,24,SAN LUIS POTOSI,13,TAMUIN,26,SAN ANTONIO,,,SIND,MORENA,1,LUIS MIGUEL GALLARDO DIAZ,1,,MORENA
,24,SAN LUIS POTOSI,13,TAMUIN,26,SAN ANTONIO,,,REG_RP,MORENA,1,ERNESTINA SANTIAGO GUZMAN,2,,MORENA
,24,SAN LUIS POTOSI,13,TAMUIN,26,SAN ANTONIO,,,REG_RP,MORENA,2,JOSE JOAQUIN MARTINEZ JUANA,1,,MORENA
,24,SAN LUIS POTOSI,13,TAMUIN,26,SAN ANTONIO,,,REG_RP,RSP,3,MARIA GUADALUPE JASO MARTINEZ,2,,RSP
,24,SAN LUIS POTOSI,13,TAMUIN,26,SAN ANTONIO,,,REG_RP,RSP,4,MIGUEL SANTIAGO GUILLEN VIDALES,1,,RSP
,24,SAN LUIS POTOSI,13,TAMUIN,26,SAN ANTONIO,,,REG_RP,PVEM,5,EDILTRUDIS SANTOS GOMEZ,2,,PVEM
,24,SAN LUIS POTOSI,10,RIOVERDE,27,SAN CIRO DE ACOSTA,,,PRES_MUN,PT_PVEM,1,LUIS CARLOS  PEREYRA  GOVEA,1,,PT
,24,SAN LUIS POTOSI,10,RIOVERDE,27,SAN CIRO DE ACOSTA,,,REG_MR,PT_PVEM,1,MA. DEL CARMEN TORRES DORADO,2,,PT
,24,SAN LUIS POTOSI,10,RIOVERDE,27,SAN CIRO DE ACOSTA,,,SIND,PT_PVEM,1,J JESUS MARUM SANCHEZ  LOPEZ,1,,PT
,24,SAN LUIS POTOSI,10,RIOVERDE,27,SAN CIRO DE ACOSTA,,,REG_RP,PT,1,ARACELI PEREZ LUNA,2,,PT
,24,SAN LUIS POTOSI,10,RIOVERDE,27,SAN CIRO DE ACOSTA,,,REG_RP,PT,2,JOSE CRUZ SANCHEZ VAZQUEZ,1,,PT
,24,SAN LUIS POTOSI,10,RIOVERDE,27,SAN CIRO DE ACOSTA,,,REG_RP,MORENA,3,MIGUEL GALOMO GOVEA,1,,MORENA
,24,SAN LUIS POTOSI,10,RIOVERDE,27,SAN CIRO DE ACOSTA,,,REG_RP,PAN,4,JENNIFER NAYSA FLORES  RUIZ,2,,PAN
,24,SAN LUIS POTOSI,10,RIOVERDE,27,SAN CIRO DE ACOSTA,,,REG_RP,PVEM,5,ANA LAURA  COLUNGA  RUIZ,2,,PVEM
,24,SAN LUIS POTOSI,6,SAN LUIS POTOSI,28,SAN LUIS POTOSÍ,,,PRES_MUN,PAN_PRI_PRD_PCP,1,ENRIQUE FRANCISCO GALINDO CEBALLOS ,1,,PRI
,24,SAN LUIS POTOSI,6,SAN LUIS POTOSI,28,SAN LUIS POTOSÍ,,,REG_MR,PAN_PRI_PRD_PCP,1,ELODIA GUTIERREZ ESTRADA,2,,PRI
,24,SAN LUIS POTOSI,6,SAN LUIS POTOSI,28,SAN LUIS POTOSÍ,,,SIND,PAN_PRI_PRD_PCP,1,LUIS VICTOR HUGO SALGADO DELGADILLO,1,,PRI
,24,SAN LUIS POTOSI,6,SAN LUIS POTOSI,28,SAN LUIS POTOSÍ,,,SIND,PAN_PRI_PRD_PCP,1,MARIBEL LEMOINE LOREDO,2,,PRI
,24,SAN LUIS POTOSI,6,SAN LUIS POTOSI,28,SAN LUIS POTOSÍ,,,REG_RP,PVEM,1,GUSTAVO JESUS MERCADO GARAY,1,,PVEM
,24,SAN LUIS POTOSI,6,SAN LUIS POTOSI,28,SAN LUIS POTOSÍ,,,REG_RP,PVEM,2,AURORA ZAMORA VAZQUEZ,2,,PVEM
,24,SAN LUIS POTOSI,6,SAN LUIS POTOSI,28,SAN LUIS POTOSÍ,,,REG_RP,PVEM,3,ARTURO RAMOS MEDELLIN,1,,PVEM
,24,SAN LUIS POTOSI,6,SAN LUIS POTOSI,28,SAN LUIS POTOSÍ,,,REG_RP,PVEM,4,CARMEN JAZMIN ACUÑA BRISEÑO,2,,PVEM
,24,SAN LUIS POTOSI,6,SAN LUIS POTOSI,28,SAN LUIS POTOSÍ,,,REG_RP,PAN,5,ALEJANDRO FERNANDEZ HERNANDEZ,1,,PAN
,24,SAN LUIS POTOSI,6,SAN LUIS POTOSI,28,SAN LUIS POTOSÍ,,,REG_RP,PAN,6,MARIA EUGENIA CASTRO ANGUIANO,2,,PAN
,24,SAN LUIS POTOSI,6,SAN LUIS POTOSI,28,SAN LUIS POTOSÍ,,,REG_RP,PAN,7,RODOLFO EDGARDO JASSO PUENTE,1,,PAN
,24,SAN LUIS POTOSI,6,SAN LUIS POTOSI,28,SAN LUIS POTOSÍ,,,REG_RP,PAN,8,ALEXANDRA DANIELA  CID GONZALEZ,2,,PAN
,24,SAN LUIS POTOSI,6,SAN LUIS POTOSI,28,SAN LUIS POTOSÍ,,,REG_RP,MORENA,9,ALFREDO LUJAMBIO CATAÑO,1,,MORENA
,24,SAN LUIS POTOSI,6,SAN LUIS POTOSI,28,SAN LUIS POTOSÍ,,,REG_RP,MORENA,10,TANIA GONZALEZ PARDO,2,,MORENA
,24,SAN LUIS POTOSI,6,SAN LUIS POTOSI,28,SAN LUIS POTOSÍ,,,REG_RP,PRI,11,ELIAS JESRAEL  PESINA  RODRIGUEZ,1,,PRI
,24,SAN LUIS POTOSI,6,SAN LUIS POTOSI,28,SAN LUIS POTOSÍ,,,REG_RP,PRI,12,MARIA OLVIDO RODRIGUEZ VAZQUEZ,2,,PRI
,24,SAN LUIS POTOSI,6,SAN LUIS POTOSI,28,SAN LUIS POTOSÍ,,,REG_RP,PT,13,JOSE ANGEL LARA GARCIA ,1,,PT
,24,SAN LUIS POTOSI,6,SAN LUIS POTOSI,28,SAN LUIS POTOSÍ,,,REG_RP,PNASLP,14,MARIA DE LOS ANGELES HERMOSILLO CASAS,2,,PNASLP
,24,SAN LUIS POTOSI,15,TAMAZUNCHALE,29,SAN MARTÍN CHALCHICUAUTLA,,,PRES_MUN,PT_PVEM,1,LUIS FERNANDO HERBERT ORTA ,1,,PVEM
,24,SAN LUIS POTOSI,15,TAMAZUNCHALE,29,SAN MARTÍN CHALCHICUAUTLA,,,REG_MR,PT_PVEM,1,EUNICE RAMOS MEDINA,2,,PVEM
,24,SAN LUIS POTOSI,15,TAMAZUNCHALE,29,SAN MARTÍN CHALCHICUAUTLA,,,SIND,PT_PVEM,1,DAMIAN  CARVAJAL  CRUZ,1,,PVEM
,24,SAN LUIS POTOSI,15,TAMAZUNCHALE,29,SAN MARTÍN CHALCHICUAUTLA,,,REG_RP,PVEM,1,YANET MENDOZA GARCIA,2,,PVEM
,24,SAN LUIS POTOSI,15,TAMAZUNCHALE,29,SAN MARTÍN CHALCHICUAUTLA,,,REG_RP,PVEM,2,MARCELINO HERNANDEZ PEREZ,1,,PVEM
,24,SAN LUIS POTOSI,15,TAMAZUNCHALE,29,SAN MARTÍN CHALCHICUAUTLA,,,REG_RP,PES,3,FIDELA SANCHEZ ZONI,2,,PES
,24,SAN LUIS POTOSI,15,TAMAZUNCHALE,29,SAN MARTÍN CHALCHICUAUTLA,,,REG_RP,PAN,4,ESPERANZA SALAZAR CAMARGO,2,,PAN
,24,SAN LUIS POTOSI,15,TAMAZUNCHALE,29,SAN MARTÍN CHALCHICUAUTLA,,,REG_RP,MORENA,5,FERNANDO MANUEL MORALES,1,,MORENA
,24,SAN LUIS POTOSI,10,RIOVERDE,30,SAN NICOLÁS TOLENTINO,,,PRES_MUN,PAN_PRI_PRD_PCP,1,ARTURO ELIAS RODRIGUEZ,1,,PCP
,24,SAN LUIS POTOSI,10,RIOVERDE,30,SAN NICOLÁS TOLENTINO,,,REG_MR,PAN_PRI_PRD_PCP,1,ADRIANA MARTINEZ HERNANDEZ,2,,PCP
,24,SAN LUIS POTOSI,10,RIOVERDE,30,SAN NICOLÁS TOLENTINO,,,SIND,PAN_PRI_PRD_PCP,1,HECTOR IVAN NAVARRO DE SANTIAGO,1,,PCP
,24,SAN LUIS POTOSI,10,RIOVERDE,30,SAN NICOLÁS TOLENTINO,,,REG_RP,PVEM,1,JOSE GUADALUPE LARA DE LA TORRE,1,,PVEM
,24,SAN LUIS POTOSI,10,RIOVERDE,30,SAN NICOLÁS TOLENTINO,,,REG_RP,PVEM,2,VERONICA GONZALEZ ACOSTA,2,,PVEM
,24,SAN LUIS POTOSI,10,RIOVERDE,30,SAN NICOLÁS TOLENTINO,,,REG_RP,MORENA,3,RUBEN SIFUENTES SIFUENTES,1,,MORENA
,24,SAN LUIS POTOSI,10,RIOVERDE,30,SAN NICOLÁS TOLENTINO,,,REG_RP,PCP,4,MA DE LA LUZ TORRES ALVAREZ,2,,PCP
,24,SAN LUIS POTOSI,10,RIOVERDE,30,SAN NICOLÁS TOLENTINO,,,REG_RP,PRI,5,MA. ISABEL VARGAS MORENO,2,,PRI
,24,SAN LUIS POTOSI,13,TAMUIN,31,SAN VICENTE TANCUAYALAB,,,PRES_MUN,PRI,1,J. JESUS  SONI BULOS,1,,PRI
,24,SAN LUIS POTOSI,13,TAMUIN,31,SAN VICENTE TANCUAYALAB,,,REG_MR,PRI,1,MIRSA DEL CARMEN  MIRANDA  CASTILLO,2,,PRI
,24,SAN LUIS POTOSI,13,TAMUIN,31,SAN VICENTE TANCUAYALAB,,,SIND,PRI,1,ALBERTO  HERNANDEZ HERNANDEZ,1,,PRI
,24,SAN LUIS POTOSI,13,TAMUIN,31,SAN VICENTE TANCUAYALAB,,,REG_RP,PRI,1,OLIVIA  ALVAREZ  HERNANDEZ,2,,PRI
,24,SAN LUIS POTOSI,13,TAMUIN,31,SAN VICENTE TANCUAYALAB,,,REG_RP,PRI,2,LUIS GUSTAVO  HATEM GONZALEZ,1,,PRI
,24,SAN LUIS POTOSI,13,TAMUIN,31,SAN VICENTE TANCUAYALAB,,,REG_RP,PAN,3,ELISEO HERNANDEZ GALVAN,1,,PAN
,24,SAN LUIS POTOSI,13,TAMUIN,31,SAN VICENTE TANCUAYALAB,,,REG_RP,PNASLP,4,FABIOLA CASTELLANOS BALDERAS,2,,PNASLP
,24,SAN LUIS POTOSI,13,TAMUIN,31,SAN VICENTE TANCUAYALAB,,,REG_RP,RSP,5,NANCY VERONICA PONCE TORRES,2,,RSP
,24,SAN LUIS POTOSI,10,RIOVERDE,32,SANTA CATARINA,,,PRES_MUN,PT_PVEM,1,MARIA DEL AMPARO CHARLES LANDAVERDE,2,,PT
,24,SAN LUIS POTOSI,10,RIOVERDE,32,SANTA CATARINA,,,REG_MR,PT_PVEM,1,ELVIRA GOBELLAN RAMOS,2,,PT
,24,SAN LUIS POTOSI,10,RIOVERDE,32,SANTA CATARINA,,,SIND,PT_PVEM,1,MARIA DE JESUS HERNANDEZ MARTINEZ,2,,PT
,24,SAN LUIS POTOSI,10,RIOVERDE,32,SANTA CATARINA,,,REG_RP,MORENA,1,AMBROCIA IZAGUIRRE SANCHEZ,2,,MORENA
,24,SAN LUIS POTOSI,10,RIOVERDE,32,SANTA CATARINA,,,REG_RP,MORENA,2,FELIPE MAR PEREZ,1,,MORENA
,24,SAN LUIS POTOSI,10,RIOVERDE,32,SANTA CATARINA,,,REG_RP,PVEM,3,CIRILO CORREA MONTERO,1,,PVEM
,24,SAN LUIS POTOSI,10,RIOVERDE,32,SANTA CATARINA,,,REG_RP,PVEM,4,JOSELYN VANESSA HERNANDEZ SALAS,2,,PVEM
,24,SAN LUIS POTOSI,10,RIOVERDE,32,SANTA CATARINA,,,REG_RP,PT,5,ERICK VERASTEGUI OLVERA,1,,PT
,24,SAN LUIS POTOSI,3,SANTA MARIA DEL RIO,33,SANTA MARÍA DEL RÍO,,,PRES_MUN,PAN_PRD,1,EMMANUEL GOVEA DIAZ,1,,PRD
,24,SAN LUIS POTOSI,3,SANTA MARIA DEL RIO,33,SANTA MARÍA DEL RÍO,,,REG_MR,PAN_PRD,1,EDNA YURIDIA DEL CARMEN MEDINA FLORES,2,,PRD
,24,SAN LUIS POTOSI,3,SANTA MARIA DEL RIO,33,SANTA MARÍA DEL RÍO,,,SIND,PAN_PRD,1,ISMAEL ROSAS MENDIOLA,1,,PRD
,24,SAN LUIS POTOSI,3,SANTA MARIA DEL RIO,33,SANTA MARÍA DEL RÍO,,,REG_RP,PAN,1,ADRIANA SANCHEZ GONZALEZ,2,,PAN
,24,SAN LUIS POTOSI,3,SANTA MARIA DEL RIO,33,SANTA MARÍA DEL RÍO,,,REG_RP,PAN,2,RODOLFO ISRAEL RODRIGUEZ MARTINEZ,1,,PAN
,24,SAN LUIS POTOSI,3,SANTA MARIA DEL RIO,33,SANTA MARÍA DEL RÍO,,,REG_RP,PRI,3,XIMENA ESTEFANIA GOMEZ RIVERA,2,,PRI
,24,SAN LUIS POTOSI,3,SANTA MARIA DEL RIO,33,SANTA MARÍA DEL RÍO,,,REG_RP,PRD,4,LUZ MONICA LONGORIA NAJERA,2,,PRD
,24,SAN LUIS POTOSI,3,SANTA MARIA DEL RIO,33,SANTA MARÍA DEL RÍO,,,REG_RP,PCP,5,MARIA GUADALUPE RODRIGUEZ FLORES,2,,PCP
,24,SAN LUIS POTOSI,4,SALINAS,34,SANTO DOMINGO,,,PRES_MUN,PAN_PRI_PRD_PCP,1,MARIA CELESTE MATA ESPARZA,2,,PRI
,24,SAN LUIS POTOSI,4,SALINAS,34,SANTO DOMINGO,,,REG_MR,PAN_PRI_PRD_PCP,1,ALBERTO DOMINGUEZ MACIEL,1,,PRI
,24,SAN LUIS POTOSI,4,SALINAS,34,SANTO DOMINGO,,,SIND,PAN_PRI_PRD_PCP,1,IRENE SALAS AGUILAR ,2,,PRI
,24,SAN LUIS POTOSI,4,SALINAS,34,SANTO DOMINGO,,,REG_RP,MORENA,1,MARITZA ESMERALDA GARCIA GOMEZ,2,,MORENA
,24,SAN LUIS POTOSI,4,SALINAS,34,SANTO DOMINGO,,,REG_RP,MORENA,2,FLABIO HERNANDEZ ESPARZA,1,,MORENA
,24,SAN LUIS POTOSI,4,SALINAS,34,SANTO DOMINGO,,,REG_RP,PRI,3,PABLO OROZCO ESPARZA,1,,PRI
,24,SAN LUIS POTOSI,4,SALINAS,34,SANTO DOMINGO,,,REG_RP,PRI,4,SELENE ATZIRI GALLEGOS GUTIERREZ,2,,PRI
,24,SAN LUIS POTOSI,4,SALINAS,34,SANTO DOMINGO,,,REG_RP,PVEM,5,DIANA LETICIA RODRIGUEZ ALVARADO,2,,PVEM
,24,SAN LUIS POTOSI,9,SOLEDAD DE GRACIANO SANCHEZ,35,SOLEDAD DE GRACIANO SÁNCHEZ,,,PRES_MUN,PT_PVEM,1,MA. LEONOR NOYOLA CERVANTES,2,,PVEM
,24,SAN LUIS POTOSI,9,SOLEDAD DE GRACIANO SANCHEZ,35,SOLEDAD DE GRACIANO SÁNCHEZ,,,REG_MR,PT_PVEM,1,JOSE ANTONIO ZAMARRIPA QUINTERO,1,,PVEM
,24,SAN LUIS POTOSI,9,SOLEDAD DE GRACIANO SANCHEZ,35,SOLEDAD DE GRACIANO SÁNCHEZ,,,SIND,PT_PVEM,1,ARACELI MARTINEZ PEREZ,2,,PVEM
,24,SAN LUIS POTOSI,9,SOLEDAD DE GRACIANO SANCHEZ,35,SOLEDAD DE GRACIANO SÁNCHEZ,,,SIND,PT_PVEM,2,DANIEL GAMEZ MACIAS,1,,PVEM
,24,SAN LUIS POTOSI,9,SOLEDAD DE GRACIANO SANCHEZ,35,SOLEDAD DE GRACIANO SÁNCHEZ,,,REG_RP,PVEM,1,ANGELICA FRIAS CANO ,2,,PVEM
,24,SAN LUIS POTOSI,9,SOLEDAD DE GRACIANO SANCHEZ,35,SOLEDAD DE GRACIANO SÁNCHEZ,,,REG_RP,PVEM,2,EDGAR YAHIR AGUILAR MARTINEZ,1,,PVEM
,24,SAN LUIS POTOSI,9,SOLEDAD DE GRACIANO SANCHEZ,35,SOLEDAD DE GRACIANO SÁNCHEZ,,,REG_RP,PVEM,3,YASMIN YOHANA LUNA BARRIOS,2,,PVEM
,24,SAN LUIS POTOSI,9,SOLEDAD DE GRACIANO SANCHEZ,35,SOLEDAD DE GRACIANO SÁNCHEZ,,,REG_RP,PVEM,4,JOSE CERVANTES TOVAR,1,,PVEM
,24,SAN LUIS POTOSI,9,SOLEDAD DE GRACIANO SANCHEZ,35,SOLEDAD DE GRACIANO SÁNCHEZ,,,REG_RP,PVEM,5,IRMA PATRICIA CUEVAS OVALLE,2,,PVEM
,24,SAN LUIS POTOSI,9,SOLEDAD DE GRACIANO SANCHEZ,35,SOLEDAD DE GRACIANO SÁNCHEZ,,,REG_RP,MORENA,6,ELVIA VELAZQUEZ AGUIÑAGA,2,,MORENA
,24,SAN LUIS POTOSI,9,SOLEDAD DE GRACIANO SANCHEZ,35,SOLEDAD DE GRACIANO SÁNCHEZ,,,REG_RP,MORENA,7,JUAN VICENTE MIRANDA LOPEZ,1,,MORENA
,24,SAN LUIS POTOSI,9,SOLEDAD DE GRACIANO SANCHEZ,35,SOLEDAD DE GRACIANO SÁNCHEZ,,,REG_RP,PAN,8,OSCAR SEBASTIAN CAMPOS AMARO,1,,PAN
,24,SAN LUIS POTOSI,9,SOLEDAD DE GRACIANO SANCHEZ,35,SOLEDAD DE GRACIANO SÁNCHEZ,,,REG_RP,PMC,9,PAOLA ALEJANDRA ARREOLA NIETO,2,,PMC
,24,SAN LUIS POTOSI,9,SOLEDAD DE GRACIANO SANCHEZ,35,SOLEDAD DE GRACIANO SÁNCHEZ,,,REG_RP,PNASLP,10,JOSÉ LUIS CAMPOS TORRES,1,,PNASLP
,24,SAN LUIS POTOSI,9,SOLEDAD DE GRACIANO SANCHEZ,35,SOLEDAD DE GRACIANO SÁNCHEZ,,,REG_RP,PRI,11,JUAN JOSE ZAVALA PEREZ,1,,PRI
,24,SAN LUIS POTOSI,11,CARDENAS,36,TAMASOPO,,,PRES_MUN,PT_PVEM,1,LUIS ALBERTO ABUNDIS RANGEL,1,,PT
,24,SAN LUIS POTOSI,11,CARDENAS,36,TAMASOPO,,,REG_MR,PT_PVEM,1,MA. ELVIA GIL MACIAS,2,,PT
,24,SAN LUIS POTOSI,11,CARDENAS,36,TAMASOPO,,,SIND,PT_PVEM,1,JOSE FILDEMAR OSORNIO ZUÑIGA,1,,PT
,24,SAN LUIS POTOSI,11,CARDENAS,36,TAMASOPO,,,REG_RP,PT,1,HILDA LOREDO CASTILLO,2,,PT
,24,SAN LUIS POTOSI,11,CARDENAS,36,TAMASOPO,,,REG_RP,PRD,2,LUIS ERNESTO REYES PEÑA,1,,PRD
,24,SAN LUIS POTOSI,11,CARDENAS,36,TAMASOPO,,,REG_RP,PRI,3,GREGORIA NUÑEZ CASTILLO,2,,PRI
,24,SAN LUIS POTOSI,11,CARDENAS,36,TAMASOPO,,,REG_RP,MORENA,4,OLGA ELENA DEL CASTILLO GAMEZ ,2,,MORENA
,24,SAN LUIS POTOSI,11,CARDENAS,36,TAMASOPO,,,REG_RP,PVEM,5,MONICA DEL CARMEN GARCIA MARTINEZ,2,,PVEM
,24,SAN LUIS POTOSI,15,TAMAZUNCHALE,37,TAMAZUNCHALE,,,PRES_MUN,MORENA,1,JOSE LUIS MEZA VIDALES,1,,MORENA
,24,SAN LUIS POTOSI,15,TAMAZUNCHALE,37,TAMAZUNCHALE,,,REG_MR,MORENA,1,MA. VIRGINIA AVILA ARGUELLES,2,,MORENA
,24,SAN LUIS POTOSI,15,TAMAZUNCHALE,37,TAMAZUNCHALE,,,SIND,MORENA,1,EUSEBIO HERNANDEZ MATIAS,1,,MORENA
,24,SAN LUIS POTOSI,15,TAMAZUNCHALE,37,TAMAZUNCHALE,,,SIND,MORENA,2,KAROL PEREZ CANTERA,2,,MORENA
,24,SAN LUIS POTOSI,15,TAMAZUNCHALE,37,TAMAZUNCHALE,,,REG_RP,MORENA,1,JOSE ANTONIO CHARUR BENDECK,1,,MORENA
,24,SAN LUIS POTOSI,15,TAMAZUNCHALE,37,TAMAZUNCHALE,,,REG_RP,MORENA,2,GLADISELDA MARGARITA MENTADO CAMPOS,2,,MORENA
,24,SAN LUIS POTOSI,15,TAMAZUNCHALE,37,TAMAZUNCHALE,,,REG_RP,MORENA,3,EDGAR MEDINA BACILIO,1,,MORENA
,24,SAN LUIS POTOSI,15,TAMAZUNCHALE,37,TAMAZUNCHALE,,,REG_RP,MORENA,4,JOVITA ESTEFANIA SUAREZ CASTILLO,2,,MORENA
,24,SAN LUIS POTOSI,15,TAMAZUNCHALE,37,TAMAZUNCHALE,,,REG_RP,PVEM,5,SOTERO ALVARADO LEAL,1,,PVEM
,24,SAN LUIS POTOSI,15,TAMAZUNCHALE,37,TAMAZUNCHALE,,,REG_RP,PVEM,6,MAYRA HERNANDEZ ANASTACIO,2,,PVEM
,24,SAN LUIS POTOSI,15,TAMAZUNCHALE,37,TAMAZUNCHALE,,,REG_RP,PRI,7,ROBERTO VEGA RUBIO,1,,PRI
,24,SAN LUIS POTOSI,15,TAMAZUNCHALE,37,TAMAZUNCHALE,,,REG_RP,PAN,8,EUDOCIO MATEO SANTOS ,1,,PAN
,24,SAN LUIS POTOSI,15,TAMAZUNCHALE,37,TAMAZUNCHALE,,,REG_RP,PRD,9,EFRAIN REYES MAURICIO,1,,PRD
,24,SAN LUIS POTOSI,15,TAMAZUNCHALE,37,TAMAZUNCHALE,,,REG_RP,PCP,10,SARAHI HERNANDEZ HERNANDEZ,2,,PCP
,24,SAN LUIS POTOSI,15,TAMAZUNCHALE,37,TAMAZUNCHALE,,,REG_RP,PNASLP,11,MARIA DE LOS ANGELES ARANCIVIA MENDIOLA ,2,,PNASLP
,24,SAN LUIS POTOSI,15,TAMAZUNCHALE,38,TAMPACÁN,,,PRES_MUN,PAN_PRI_PRD_PCP,1,BRISSEIRE SANCHEZ LOPEZ,2,,PRI
,24,SAN LUIS POTOSI,15,TAMAZUNCHALE,38,TAMPACÁN,,,REG_MR,PAN_PRI_PRD_PCP,1,GERMAN REYES HERNANDEZ,1,,PRI
,24,SAN LUIS POTOSI,15,TAMAZUNCHALE,38,TAMPACÁN,,,SIND,PAN_PRI_PRD_PCP,1,MARIA DEL CARMEN LOPEZ MEDRANO,2,,PRI
,24,SAN LUIS POTOSI,15,TAMAZUNCHALE,38,TAMPACÁN,,,REG_RP,PRI,1,AGRIPINO MENDOZA HERNANDEZ,1,,PRI
,24,SAN LUIS POTOSI,15,TAMAZUNCHALE,38,TAMPACÁN,,,REG_RP,PRI,2,NORMA DELIA ROQUE SALAZAR,2,,PRI
,24,SAN LUIS POTOSI,15,TAMAZUNCHALE,38,TAMPACÁN,,,REG_RP,MORENA,3,LETICIA SANCHEZ CANO,2,,MORENA
,24,SAN LUIS POTOSI,15,TAMAZUNCHALE,38,TAMPACÁN,,,REG_RP,MORENA,4,NOE JUAN HERNANDEZ HERNANDEZ,1,,MORENA
,24,SAN LUIS POTOSI,15,TAMAZUNCHALE,38,TAMPACÁN,,,REG_RP,PAN,5,JESUS DARIO HERVERT SALAZAR,1,,PAN
,24,SAN LUIS POTOSI,13,TAMUIN,39,TAMPAMOLÓN CORONA,,,PRES_MUN,PT_PVEM,1,SILVIA MEDINA BURGAÑA,2,,PT
,24,SAN LUIS POTOSI,13,TAMUIN,39,TAMPAMOLÓN CORONA,,,REG_MR,PT_PVEM,1,ATANACIO ORTIZ MARTINEZ,1,,PT
,24,SAN LUIS POTOSI,13,TAMUIN,39,TAMPAMOLÓN CORONA,,,SIND,PT_PVEM,1,ELIZABETH HERNANDEZ SANTOS,2,,PT
,24,SAN LUIS POTOSI,13,TAMUIN,39,TAMPAMOLÓN CORONA,,,REG_RP,PVEM,1,MIGUEL SANTIAGO CELESTINA,1,,PVEM
,24,SAN LUIS POTOSI,13,TAMUIN,39,TAMPAMOLÓN CORONA,,,REG_RP,PVEM,2,RUFINA SANTIAGO MARTINEZ,2,,PVEM
,24,SAN LUIS POTOSI,13,TAMUIN,39,TAMPAMOLÓN CORONA,,,REG_RP,PNASLP,3,YOLANDA SANCHEZ MARIN,2,,PNASLP
,24,SAN LUIS POTOSI,13,TAMUIN,39,TAMPAMOLÓN CORONA,,,REG_RP,PNASLP,4,JOEL QUINTIN GONZALEZ,1,,PNASLP
,24,SAN LUIS POTOSI,13,TAMUIN,39,TAMPAMOLÓN CORONA,,,REG_RP,PT,5,EMILIANO JUAREZ ESPINOZA,1,,PT
,24,SAN LUIS POTOSI,13,TAMUIN,40,TAMUÍN,,,PRES_MUN,PAN_PRI_PRD_PCP,1,FRANCISCO JOEL LIMAS RIVERA,1,,PRI
,24,SAN LUIS POTOSI,13,TAMUIN,40,TAMUÍN,,,REG_MR,PAN_PRI_PRD_PCP,1,CAROLINA LARA MARTINEZ,2,,PRI
,24,SAN LUIS POTOSI,13,TAMUIN,40,TAMUÍN,,,SIND,PAN_PRI_PRD_PCP,1,JUAN JOSE DEL ANGEL VELAZQUEZ,1,,PRI
,24,SAN LUIS POTOSI,13,TAMUIN,40,TAMUÍN,,,REG_RP,PMC,1,MARICELA CERVANTES SALAZAR,2,,PMC
,24,SAN LUIS POTOSI,13,TAMUIN,40,TAMUÍN,,,REG_RP,PRI,2,ROSALBA SANTIAGO REYES,2,,PRI
,24,SAN LUIS POTOSI,13,TAMUIN,40,TAMUÍN,,,REG_RP,PNASLP,3,BEATRIZ AURORA MENDEZ VALLE,2,,PNASLP
,24,SAN LUIS POTOSI,13,TAMUIN,40,TAMUÍN,,,REG_RP,PVEM,4,PAOLA RAMIREZ FLORES,2,,PVEM
,24,SAN LUIS POTOSI,13,TAMUIN,40,TAMUÍN,,,REG_RP,FXM,5,DIANA ALELI RODRIGUEZ CASTRO,2,,FXM
,24,SAN LUIS POTOSI,13,TAMUIN,41,TANLAJÁS,,,PRES_MUN,PAN_PRI_PRD_PCP,1,GENARO  AHUMADA  CEDILLO,1,,PAN
,24,SAN LUIS POTOSI,13,TAMUIN,41,TANLAJÁS,,,REG_MR,PAN_PRI_PRD_PCP,1,SILVINA  SALVADOR MARTINEZ,2,,PAN
,24,SAN LUIS POTOSI,13,TAMUIN,41,TANLAJÁS,,,SIND,PAN_PRI_PRD_PCP,1,DELFINO MAURICIO PEREZ,1,,PAN
,24,SAN LUIS POTOSI,13,TAMUIN,41,TANLAJÁS,,,REG_RP,MORENA,1,VICTORIA GOMEZ HERNANDEZ,2,,MORENA
,24,SAN LUIS POTOSI,13,TAMUIN,41,TANLAJÁS,,,REG_RP,MORENA,2,PEDRO MARTINEZ SANTOS,1,,MORENA
,24,SAN LUIS POTOSI,13,TAMUIN,41,TANLAJÁS,,,REG_RP,PAN,3,HILARIA SANTIAGO MEDINA,2,,PAN
,24,SAN LUIS POTOSI,13,TAMUIN,41,TANLAJÁS,,,REG_RP,PRI,4,YANNIS DANAE POZOS GUERRERO,2,,PRI
,24,SAN LUIS POTOSI,13,TAMUIN,41,TANLAJÁS,,,REG_RP,PRD,5,FAUSTINA HERNANDEZ HERNANDEZ,2,,PRD
,24,SAN LUIS POTOSI,13,TAMUIN,42,TANQUIÁN DE ESCOBEDO,,,PRES_MUN,PRI,1,MARIA SANCHEZ BARRIOS,2,,PRI
,24,SAN LUIS POTOSI,13,TAMUIN,42,TANQUIÁN DE ESCOBEDO,,,REG_MR,PRI,1,HOMOBONO MERAZ ARADILLAS ,1,,PRI
,24,SAN LUIS POTOSI,13,TAMUIN,42,TANQUIÁN DE ESCOBEDO,,,SIND,PRI,1,IDALIA TERESITA MORENO LARA ,2,,PRI
,24,SAN LUIS POTOSI,13,TAMUIN,42,TANQUIÁN DE ESCOBEDO,,,REG_RP,PRI,1,ARTURO PONCE  VAZQUEZ ,1,,PRI
,24,SAN LUIS POTOSI,13,TAMUIN,42,TANQUIÁN DE ESCOBEDO,,,REG_RP,MORENA,2,SHEYLIN YORMERI MIRELES BARRAGAN ,2,,MORENA
,24,SAN LUIS POTOSI,13,TAMUIN,42,TANQUIÁN DE ESCOBEDO,,,REG_RP,PNASLP,3,ROSA MARIA GUERRERO LUNA ,2,,PNASLP
,24,SAN LUIS POTOSI,13,TAMUIN,42,TANQUIÁN DE ESCOBEDO,,,REG_RP,PAN,4,AMAYRANI GUADALUPE MORAN MARTINEZ ,2,,PAN
,24,SAN LUIS POTOSI,13,TAMUIN,42,TANQUIÁN DE ESCOBEDO,,,REG_RP,PVEM,5,GLADYS LARA AZUARA,2,,PVEM
,24,SAN LUIS POTOSI,3,SANTA MARIA DEL RIO,43,TIERRA NUEVA,,,PRES_MUN,PRD,1,RUBEN RODRIGUEZ RODRIGUEZ,1,,PRD
,24,SAN LUIS POTOSI,3,SANTA MARIA DEL RIO,43,TIERRA NUEVA,,,REG_MR,PRD,1,ROSALINDA GONZALEZ SANCHEZ,2,,PRD
,24,SAN LUIS POTOSI,3,SANTA MARIA DEL RIO,43,TIERRA NUEVA,,,SIND,PRD,1,JUAN IGNACIO MARTINEZ DE LEON,1,,PRD
,24,SAN LUIS POTOSI,3,SANTA MARIA DEL RIO,43,TIERRA NUEVA,,,REG_RP,PRD,1,RITA VILLELA GUTIERREZ,2,,PRD
,24,SAN LUIS POTOSI,3,SANTA MARIA DEL RIO,43,TIERRA NUEVA,,,REG_RP,PRD,2,ISIDRO RODRIGUEZ GOVEA,1,,PRD
,24,SAN LUIS POTOSI,3,SANTA MARIA DEL RIO,43,TIERRA NUEVA,,,REG_RP,PRI,3,JESUS ANGEL SILVA PADRON,1,,PRI
,24,SAN LUIS POTOSI,3,SANTA MARIA DEL RIO,43,TIERRA NUEVA,,,REG_RP,PRI,4,MARIA ESTELA MENDEZ  RICO,2,,PRI
,24,SAN LUIS POTOSI,3,SANTA MARIA DEL RIO,43,TIERRA NUEVA,,,REG_RP,MORENA,5,ROCIO CASTILLO RANGEL,2,,MORENA
,24,SAN LUIS POTOSI,1,MATEHUALA,44,VANEGAS,,,PRES_MUN,PMC,1,MA. DE  JESUS  TORRES ORTIZ,2,,PMC
,24,SAN LUIS POTOSI,1,MATEHUALA,44,VANEGAS,,,REG_MR,PMC,1,CARLOS  AGUILAR  RUIZ,1,,PMC
,24,SAN LUIS POTOSI,1,MATEHUALA,44,VANEGAS,,,SIND,PMC,1,AMALIA  ANAHI  MATA  ESTRADA,2,,PMC
,24,SAN LUIS POTOSI,1,MATEHUALA,44,VANEGAS,,,REG_RP,PMC,1,FERNANDO  MONCADA LARA ,1,,PMC
,24,SAN LUIS POTOSI,1,MATEHUALA,44,VANEGAS,,,REG_RP,PMC,2,MA. ILDA RODRIGUEZ MOTA ,2,,PMC
,24,SAN LUIS POTOSI,1,MATEHUALA,44,VANEGAS,,,REG_RP,PNASLP,3,ADRIANA MARISOL HERNANDEZ LARA ,2,,PNASLP
,24,SAN LUIS POTOSI,1,MATEHUALA,44,VANEGAS,,,REG_RP,PVEM,4,MARCELO QUIROZ CASTILLO,1,,PVEM
,24,SAN LUIS POTOSI,1,MATEHUALA,44,VANEGAS,,,REG_RP,MORENA,5,HORACIO ARROYO SAUCEDA ,1,,MORENA
,24,SAN LUIS POTOSI,4,SALINAS,45,VENADO,,,PRES_MUN,PMC,1,GUILLERMO MARTINEZ GUERRA,1,,PMC
,24,SAN LUIS POTOSI,4,SALINAS,45,VENADO,,,REG_MR,PMC,1,OLIVIA VALDEZ MARTINEZ,2,,PMC
,24,SAN LUIS POTOSI,4,SALINAS,45,VENADO,,,SIND,PMC,1,SIMON SANCHEZ GONZALEZ,1,,PMC
,24,SAN LUIS POTOSI,4,SALINAS,45,VENADO,,,REG_RP,PMC,1,GLORIA LETICIA MEDINA RIVERA,2,,PMC
,24,SAN LUIS POTOSI,4,SALINAS,45,VENADO,,,REG_RP,PMC,2,ALVARO ZAVALA ALVAREZ,1,,PMC
,24,SAN LUIS POTOSI,4,SALINAS,45,VENADO,,,REG_RP,MORENA,3,CECILIA MOLINA HERNANDEZ,2,,MORENA
,24,SAN LUIS POTOSI,4,SALINAS,45,VENADO,,,REG_RP,PAN,4,MARIBEL MARTINEZ NORIEGA.,2,,PAN
,24,SAN LUIS POTOSI,4,SALINAS,45,VENADO,,,REG_RP,PVEM,5,LUIS FELIPE CASAS ALEMAN,1,,PVEM
,24,SAN LUIS POTOSI,3,SANTA MARIA DEL RIO,46,VILLA DE ARISTA,,,PRES_MUN,PRI,1,BERNABE MARES BRIONES,1,,PRI
,24,SAN LUIS POTOSI,3,SANTA MARIA DEL RIO,46,VILLA DE ARISTA,,,REG_MR,PRI,1,MA. AMPARO VASQUEZ MONSIVAIS ,2,,PRI
,24,SAN LUIS POTOSI,3,SANTA MARIA DEL RIO,46,VILLA DE ARISTA,,,SIND,PRI,1,FRANCISCO MANUEL RODRIGUEZ SERNA,1,,PRI
,24,SAN LUIS POTOSI,3,SANTA MARIA DEL RIO,46,VILLA DE ARISTA,,,REG_RP,PRI,1,JESSICA LARISA LIMON GUZMAN,2,,PRI
,24,SAN LUIS POTOSI,3,SANTA MARIA DEL RIO,46,VILLA DE ARISTA,,,REG_RP,PRI,2,ERNESTO RODRIGUEZ ORTIS ,1,,PRI
,24,SAN LUIS POTOSI,3,SANTA MARIA DEL RIO,46,VILLA DE ARISTA,,,REG_RP,PMC,3,LIZBETH ROSALIA REYNA HERNANDEZ,2,,PMC
,24,SAN LUIS POTOSI,3,SANTA MARIA DEL RIO,46,VILLA DE ARISTA,,,REG_RP,PMC,4,HORACIO CASTILLO ORTIZ,1,,PMC
,24,SAN LUIS POTOSI,3,SANTA MARIA DEL RIO,46,VILLA DE ARISTA,,,REG_RP,PRD,5,MARIA FERNANDA SIFUENTES ZAPATA,2,,PRD
,24,SAN LUIS POTOSI,3,SANTA MARIA DEL RIO,47,VILLA DE ARRIAGA,,,PRES_MUN,PT_PVEM,1,SALVADOR LOPEZ AMARO,1,,PVEM
,24,SAN LUIS POTOSI,3,SANTA MARIA DEL RIO,47,VILLA DE ARRIAGA,,,REG_MR,PT_PVEM,1,ANDREA NOHEMI MELENDEZ VEGA,2,,PVEM
,24,SAN LUIS POTOSI,3,SANTA MARIA DEL RIO,47,VILLA DE ARRIAGA,,,SIND,PT_PVEM,1,DANIELA MACIAS DELGADILLO,2,,PVEM
,24,SAN LUIS POTOSI,3,SANTA MARIA DEL RIO,47,VILLA DE ARRIAGA,,,REG_RP,PVEM,1,MARIA GISELA SALAZAR JIMENEZ ,2,,PVEM
,24,SAN LUIS POTOSI,3,SANTA MARIA DEL RIO,47,VILLA DE ARRIAGA,,,REG_RP,PVEM,2,JUAN RAMÓN OLVERA REYES ,1,,PVEM
,24,SAN LUIS POTOSI,3,SANTA MARIA DEL RIO,47,VILLA DE ARRIAGA,,,REG_RP,PRI,3,BLANCA NAYELI ORTIZ GALVAN,2,,PRI
,24,SAN LUIS POTOSI,3,SANTA MARIA DEL RIO,47,VILLA DE ARRIAGA,,,REG_RP,PRD,4,LUCERO SANCHEZ CASTILLO ,2,,PRD
,24,SAN LUIS POTOSI,3,SANTA MARIA DEL RIO,47,VILLA DE ARRIAGA,,,REG_RP,PCP,5,LUCILA NALLELY FLORES ORTIZ ,2,,PCP
,24,SAN LUIS POTOSI,1,MATEHUALA,48,VILLA DE GUADALUPE,,,PRES_MUN,PES,1,FRANCISCO  OLGUIN GARCIA,1,,PES
,24,SAN LUIS POTOSI,1,MATEHUALA,48,VILLA DE GUADALUPE,,,REG_MR,PES,1,MA ESMERALDA  GARCIA MORENO,2,,PES
,24,SAN LUIS POTOSI,1,MATEHUALA,48,VILLA DE GUADALUPE,,,SIND,PES,1,JOSE LEOBARDO PEREZ ZAPATA,1,,PES
,24,SAN LUIS POTOSI,1,MATEHUALA,48,VILLA DE GUADALUPE,,,REG_RP,PES,1,CRISTAL  IBARRA RODRIGUEZ,2,,PES
,24,SAN LUIS POTOSI,1,MATEHUALA,48,VILLA DE GUADALUPE,,,REG_RP,PES,2,ROSENDO GARCIA GAMEZ,1,,PES
,24,SAN LUIS POTOSI,1,MATEHUALA,48,VILLA DE GUADALUPE,,,REG_RP,PVEM,3,BEVERLY  IBARRA  GARCIA,2,,PVEM
,24,SAN LUIS POTOSI,1,MATEHUALA,48,VILLA DE GUADALUPE,,,REG_RP,PVEM,4,JOSE TRINIDAD AGUILERA PUENTE,1,,PVEM
,24,SAN LUIS POTOSI,1,MATEHUALA,48,VILLA DE GUADALUPE,,,REG_RP,PRD,5,YURIDIA MARISOL MARTINEZ  LUCIO,2,,PRD
,24,SAN LUIS POTOSI,1,MATEHUALA,49,VILLA DE LA PAZ,,,PRES_MUN,PNASLP,1,JORGE ARMANDO TORRES  MARTINEZ,1,,PNASLP
,24,SAN LUIS POTOSI,1,MATEHUALA,49,VILLA DE LA PAZ,,,REG_MR,PNASLP,1,IRMA  ALVARADO SILVA,2,,PNASLP
,24,SAN LUIS POTOSI,1,MATEHUALA,49,VILLA DE LA PAZ,,,SIND,PNASLP,1,FRANCISCO JAVIER MEDRANO  ALVAREZ,1,,PNASLP
,24,SAN LUIS POTOSI,1,MATEHUALA,49,VILLA DE LA PAZ,,,REG_RP,PNASLP,1,AURORA  CASTILLO  SIAS,2,,PNASLP
,24,SAN LUIS POTOSI,1,MATEHUALA,49,VILLA DE LA PAZ,,,REG_RP,PNASLP,2,JOSE LUIS GUADIANA  ORTIZ,1,,PNASLP
,24,SAN LUIS POTOSI,1,MATEHUALA,49,VILLA DE LA PAZ,,,REG_RP,PMC,3,MA. ISABEL CERDA RAMOS,2,,PMC
,24,SAN LUIS POTOSI,1,MATEHUALA,49,VILLA DE LA PAZ,,,REG_RP,MORENA,4,RICARDO MICHEL VEGA  ESTRADA,1,,MORENA
,24,SAN LUIS POTOSI,1,MATEHUALA,49,VILLA DE LA PAZ,,,REG_RP,PES,5,MARIA IRENE  VARGAS  GOMEZ,2,,PES
,24,SAN LUIS POTOSI,4,SALINAS,50,VILLA DE RAMOS,,,PRES_MUN,PT_PVEM,1,ERICK GIOVANNI ESPINO DE LA ROSA,1,,PT
,24,SAN LUIS POTOSI,4,SALINAS,50,VILLA DE RAMOS,,,REG_MR,PT_PVEM,1,MA. DEL SOCORRO SORIANO GARCIA,2,,PT
,24,SAN LUIS POTOSI,4,SALINAS,50,VILLA DE RAMOS,,,SIND,PT_PVEM,1,CRISTINA CASTILLO FUENTES,2,,PT
,24,SAN LUIS POTOSI,4,SALINAS,50,VILLA DE RAMOS,,,REG_RP,PT,1,ESPERANZA ITCEL NUÑEZ BECERRA,2,,PT
,24,SAN LUIS POTOSI,4,SALINAS,50,VILLA DE RAMOS,,,REG_RP,PT,2,J. JESUS BADILLO CHAVEZ,1,,PT
,24,SAN LUIS POTOSI,4,SALINAS,50,VILLA DE RAMOS,,,REG_RP,PRI,3,GABRIELA CRUZ EUGENIO,2,,PRI
,24,SAN LUIS POTOSI,4,SALINAS,50,VILLA DE RAMOS,,,REG_RP,PRI,4,JOSE HUMBERTO TREJO MUÑOZ,1,,PRI
,24,SAN LUIS POTOSI,4,SALINAS,50,VILLA DE RAMOS,,,REG_RP,PVEM,5,GLORIA OLMEDO GOMEZ,2,,PVEM
,24,SAN LUIS POTOSI,3,SANTA MARIA DEL RIO,51,VILLA DE REYES,,,PRES_MUN,PAN_PRD,1,ERIKA IRAZEMA BRIONES PEREZ,2,,PRD
,24,SAN LUIS POTOSI,3,SANTA MARIA DEL RIO,51,VILLA DE REYES,,,REG_MR,PAN_PRD,1,DANIEL LAGUNAS LOPEZ,1,,PRD
,24,SAN LUIS POTOSI,3,SANTA MARIA DEL RIO,51,VILLA DE REYES,,,SIND,PAN_PRD,1,SARA DANIELA MORENO ARRIAGA,2,,PRD
,24,SAN LUIS POTOSI,3,SANTA MARIA DEL RIO,51,VILLA DE REYES,,,REG_RP,PRD,1,SOTERO JUAREZ MARTINEZ,1,,PRD
,24,SAN LUIS POTOSI,3,SANTA MARIA DEL RIO,51,VILLA DE REYES,,,REG_RP,PMC,2,XIMENA SARAHI DIAZ AGUILAR,2,,PMC
,24,SAN LUIS POTOSI,3,SANTA MARIA DEL RIO,51,VILLA DE REYES,,,REG_RP,PCP,3,ROGELIO GONZALEZ TORRES,1,,PCP
,24,SAN LUIS POTOSI,3,SANTA MARIA DEL RIO,51,VILLA DE REYES,,,REG_RP,PRI,4,MIGUEL ROCHA RIVAS,1,,PRI
,24,SAN LUIS POTOSI,3,SANTA MARIA DEL RIO,51,VILLA DE REYES,,,REG_RP,PAN,5,MARICRUZ ROJAS ORTA,2,,PAN
,24,SAN LUIS POTOSI,3,SANTA MARIA DEL RIO,52,VILLA HIDALGO,,,PRES_MUN,PAN,1,ISMAEL VAZQUEZ RODRIGUEZ ,1,,PAN
,24,SAN LUIS POTOSI,3,SANTA MARIA DEL RIO,52,VILLA HIDALGO,,,REG_MR,PAN,1,MARIA CRISTINA RAMIREZ PORTALES ,2,,PAN
,24,SAN LUIS POTOSI,3,SANTA MARIA DEL RIO,52,VILLA HIDALGO,,,SIND,PAN,1,FRANCISCO XAVIER RAMIREZ PALOMO ,1,,PAN
,24,SAN LUIS POTOSI,3,SANTA MARIA DEL RIO,52,VILLA HIDALGO,,,REG_RP,PAN,1,JUANA MARIA DEL SOCORRO BARRERA ROSALES ,2,,PAN
,24,SAN LUIS POTOSI,3,SANTA MARIA DEL RIO,52,VILLA HIDALGO,,,REG_RP,PAN,2,CARLOS GUADALUPE AVILA GONZALEZ ,1,,PAN
,24,SAN LUIS POTOSI,3,SANTA MARIA DEL RIO,52,VILLA HIDALGO,,,REG_RP,PCP,3,JOSE ABAD GAMEZ TOVAR ,1,,PCP
,24,SAN LUIS POTOSI,3,SANTA MARIA DEL RIO,52,VILLA HIDALGO,,,REG_RP,PCP,4,ELIDA YESENIA BECERRA PALOMO ,2,,PCP
,24,SAN LUIS POTOSI,3,SANTA MARIA DEL RIO,52,VILLA HIDALGO,,,REG_RP,PRI,5,MARIA INES DE LOS ANGELES RIVERA NAJERA ,2,,PRI
,24,SAN LUIS POTOSI,11,CARDENAS,53,VILLA JUÁREZ,,,PRES_MUN,PAN_PRI_PRD_PCP,1,LISA AVIGAIL IZAGUIRRE,2,,PRI
,24,SAN LUIS POTOSI,11,CARDENAS,53,VILLA JUÁREZ,,,REG_MR,PAN_PRI_PRD_PCP,1,MARIA GUADALUPE MATA GONE,2,,PRI
,24,SAN LUIS POTOSI,11,CARDENAS,53,VILLA JUÁREZ,,,SIND,PAN_PRI_PRD_PCP,1,CONDINA CERVANTES TORRES,2,,PRI
,24,SAN LUIS POTOSI,11,CARDENAS,53,VILLA JUÁREZ,,,REG_RP,PRI,1,FAUSTINO LAUREANO ROSALES,1,,PRI
,24,SAN LUIS POTOSI,11,CARDENAS,53,VILLA JUÁREZ,,,REG_RP,PRI,2,BLANCA ESTELA REYES BANDA,2,,PRI
,24,SAN LUIS POTOSI,11,CARDENAS,53,VILLA JUÁREZ,,,REG_RP,PMC,3,MA. DEL SOCORRO ANGUIANO BLANCO,2,,PMC
,24,SAN LUIS POTOSI,11,CARDENAS,53,VILLA JUÁREZ,,,REG_RP,PMC,4,FELIX MATA CASTRO,1,,PMC
,24,SAN LUIS POTOSI,11,CARDENAS,53,VILLA JUÁREZ,,,REG_RP,MORENA,5,JUAN PALOMO  MARTINEZ,1,,MORENA
,24,SAN LUIS POTOSI,14,TANCANHUITZ,54,AXTLA DE TERREZAS,,,PRES_MUN,MORENA,1,GREGORIO CRUZ MARTINEZ,1,,MORENA
,24,SAN LUIS POTOSI,14,TANCANHUITZ,54,AXTLA DE TERREZAS,,,REG_MR,MORENA,1,MIRIAM CECILIA SANTIAGO HERNANDEZ,2,,MORENA
,24,SAN LUIS POTOSI,14,TANCANHUITZ,54,AXTLA DE TERREZAS,,,SIND,MORENA,1,JOSE JUAN AQUINO GARCIA,1,,MORENA
,24,SAN LUIS POTOSI,14,TANCANHUITZ,54,AXTLA DE TERREZAS,,,REG_RP,MORENA,1,MARTHA MAYELA POZOS GARCIA,2,,MORENA
,24,SAN LUIS POTOSI,14,TANCANHUITZ,54,AXTLA DE TERREZAS,,,REG_RP,MORENA,2,OSCAR SANCHEZ HERNADEZ ,1,,MORENA
,24,SAN LUIS POTOSI,14,TANCANHUITZ,54,AXTLA DE TERREZAS,,,REG_RP,PVEM,3,ROSA MARIA DEL CONSUELO MARQUEZ AZUARA ,2,,PVEM
,24,SAN LUIS POTOSI,14,TANCANHUITZ,54,AXTLA DE TERREZAS,,,REG_RP,PES,4,DALILA MARCOS CRUZ,2,,PES
,24,SAN LUIS POTOSI,14,TANCANHUITZ,54,AXTLA DE TERREZAS,,,REG_RP,PAN,5,MANUEL LEMUS MELENDREZ ,1,,PAN
,24,SAN LUIS POTOSI,14,TANCANHUITZ,55,XILITLA,,,PRES_MUN,MORENA,1,OSCAR HUMBERTO MARQUEZ PLASCENCIA ,1,,MORENA
,24,SAN LUIS POTOSI,14,TANCANHUITZ,55,XILITLA,,,REG_MR,MORENA,1,ANDREA HERNANDEZ SALINAS ,2,,MORENA
,24,SAN LUIS POTOSI,14,TANCANHUITZ,55,XILITLA,,,SIND,MORENA,1,FERNANDO VILLEDA LOPEZ ,1,,MORENA
,24,SAN LUIS POTOSI,14,TANCANHUITZ,55,XILITLA,,,REG_RP,MORENA,1,ANTONIA BERNAL REINOZO ,2,,MORENA
,24,SAN LUIS POTOSI,14,TANCANHUITZ,55,XILITLA,,,REG_RP,MORENA,2,LUIS ALBERTO  SALINAS VIGGIANO ,1,,MORENA
,24,SAN LUIS POTOSI,14,TANCANHUITZ,55,XILITLA,,,REG_RP,PAN,3,RAQUEL MARCIAL RODRIGUEZ,2,,PAN
,24,SAN LUIS POTOSI,14,TANCANHUITZ,55,XILITLA,,,REG_RP,PAN,4,FLAVIO QUIROZ CAMARGO,1,,PAN
,24,SAN LUIS POTOSI,14,TANCANHUITZ,55,XILITLA,,,REG_RP,PRI,5,YARET DEL ROCIO HERRERA GAMA,2,,PRI
,24,SAN LUIS POTOSI,3,SANTA MARIA DEL RIO,56,ZARAGOZA,,,PRES_MUN,RSP,1,EMMANUEL DIAZ LOREDO,1,,RSP
,24,SAN LUIS POTOSI,3,SANTA MARIA DEL RIO,56,ZARAGOZA,,,REG_MR,RSP,1,LETICIA CARRANZA GOMEZ,2,,RSP
,24,SAN LUIS POTOSI,3,SANTA MARIA DEL RIO,56,ZARAGOZA,,,SIND,RSP,1,KAREN YAZMIN AVILA RODRIGUEZ,2,,RSP
,24,SAN LUIS POTOSI,3,SANTA MARIA DEL RIO,56,ZARAGOZA,,,REG_RP,RSP,1,NAYELI LUNA MARTINEZ,2,,RSP
,24,SAN LUIS POTOSI,3,SANTA MARIA DEL RIO,56,ZARAGOZA,,,REG_RP,PMC,2,VERONICA ZAVALA CERDA,2,,PMC
,24,SAN LUIS POTOSI,3,SANTA MARIA DEL RIO,56,ZARAGOZA,,,REG_RP,PVEM,3,LUDIVINA SANTANA GOMEZ,2,,PVEM
,24,SAN LUIS POTOSI,3,SANTA MARIA DEL RIO,56,ZARAGOZA,,,REG_RP,PRI,4,ANGEL URIEL AVILA ALVARADO,1,,PRI
,24,SAN LUIS POTOSI,3,SANTA MARIA DEL RIO,56,ZARAGOZA,,,REG_RP,PCP,5,PABLO ARMENDARIZ PICAZO,1,,PCP
,24,SAN LUIS POTOSI,11,CARDENAS,57,EL NARANJO,,,PRES_MUN,CAND_IND1,1,RAFAEL OLVERA TORRES,1,,CANDIDATURA INDEPENDIENTE
,24,SAN LUIS POTOSI,11,CARDENAS,57,EL NARANJO,,,REG_MR,CAND_IND2,1,CLARA RIVERA GAITAN,2,,CANDIDATURA INDEPENDIENTE
,24,SAN LUIS POTOSI,11,CARDENAS,57,EL NARANJO,,,SIND,CAND_IND3,1,CESAR ARTURO VILLANUEVA ESINOZA,1,,CANDIDATURA INDEPENDIENTE
,24,SAN LUIS POTOSI,11,CARDENAS,57,EL NARANJO,,,REG_RP,CAND_IND4,1,MA.DE LA CONCEPCION ZAPATA CHAVEZ,2,,CANDIDATURA INDEPENDIENTE
,24,SAN LUIS POTOSI,11,CARDENAS,57,EL NARANJO,,,REG_RP,CAND_IND5,2,LUIS RICARDO ESPINOZA DE LEON ,1,,CANDIDATURA INDEPENDIENTE
,24,SAN LUIS POTOSI,11,CARDENAS,57,EL NARANJO,,,REG_RP,PRI,3,SILVIA MORALES RIOS,2,,PRI
,24,SAN LUIS POTOSI,11,CARDENAS,57,EL NARANJO,,,REG_RP,MORENA,4,BEATRIZ ADRIANA GRANADOS SIFUENTES ,2,,MORENA
,24,SAN LUIS POTOSI,11,CARDENAS,57,EL NARANJO,,,REG_RP,PMC,5,ONEIDA IZAGUIRRE COMPEAN ,2,,PMC
,24,SAN LUIS POTOSI,15,TAMAZUNCHALE,58,MATLAPA,,,PRES_MUN,PAN_PCP,1,EDGAR ORTEGA LUJAN,1,,PAN
,24,SAN LUIS POTOSI,15,TAMAZUNCHALE,58,MATLAPA,,,REG_MR,PAN_PCP,1,GEORGINA BAUTISTA MELO,2,,PAN
,24,SAN LUIS POTOSI,15,TAMAZUNCHALE,58,MATLAPA,,,SIND,PAN_PCP,1,DANIEL MORALES  MARTINEZ,1,,PAN
,24,SAN LUIS POTOSI,15,TAMAZUNCHALE,58,MATLAPA,,,REG_RP,PAN,1,ESTHER MARTINEZ PEREZ,2,,PAN
,24,SAN LUIS POTOSI,15,TAMAZUNCHALE,58,MATLAPA,,,REG_RP,PAN,2,ELESBAN VITE ANTONIO,1,,PAN
,24,SAN LUIS POTOSI,15,TAMAZUNCHALE,58,MATLAPA,,,REG_RP,PT,3,SILVIA SANTIAGO ANTONIO,2,,PT
,24,SAN LUIS POTOSI,15,TAMAZUNCHALE,58,MATLAPA,,,REG_RP,PVEM,4,NATALIE VIRIDIANA MENESES OROPEZA,2,,PVEM
,24,SAN LUIS POTOSI,15,TAMAZUNCHALE,58,MATLAPA,,,REG_RP,PCP,5,ANGELINA MORALES SANTOS,2,,PCP
