ID_ESTADO,NOMBRE_ESTADO,ID_DISTRITO_LOCAL,CABECERA_DISTRITAL_LOCAL,SECCIONES,CASILLAS,PAN,PRI,PRD,PT,PVEM,MC,NA,MORENA,ES,VR,NUM_VOTOS_VALIDOS,NUM_VOTOS_CAN_NREG,NUM_VOTOS_NULOS,TOTAL_VOTOS,LISTA_NOMINAL,RUTA_ACTA
15,MEXICO,1,CHALCO DE DIAZ COVARRUBIAS ,82,389,11917,28917,9277,5019,4191,8742,4245,78078,6431,3423,160240,175,5285,165700,260453,http://www.ieem.org.mx/proceso2018/actas/distrital/ACDRP2018_D01.pdf
15,MEXICO,2,TOLUCA DE LERDO,106,374,33648,36608,6136,5252,4781,3316,3225,63401,4457,4519,165343,620,5290,171253,241049,http://www.ieem.org.mx/proceso2018/actas/distrital/ACDRP2018_D02.pdf
15,MEXICO,3,CHIMALHUACAN,91,382,6817,57441,7407,3970,2307,1716,2231,61785,3304,1703,148681,62,4363,153106,251806,http://www.ieem.org.mx/proceso2018/actas/distrital/ACDRP2018_D03.pdf
15,MEXICO,4,LERMA DE VILLADA,118,421,25102,50441,5816,4281,15354,3396,3645,67188,3405,4496,183124,75,5527,188726,262595,http://www.ieem.org.mx/proceso2018/actas/distrital/ACDRP2018_D04.pdf
15,MEXICO,5,CHICOLOAPAN DE JUAREZ,110,405,8218,47545,9392,4099,4497,2255,2829,67492,4097,2744,153168,98,5310,158576,263181,http://www.ieem.org.mx/proceso2018/actas/distrital/ACDRP2018_D05.pdf
15,MEXICO,6,ECATEPEC DE MORELOS,106,349,13886,23915,7444,4183,5111,2501,2638,69348,4135,3096,136257,81,4014,140352,222082,http://www.ieem.org.mx/proceso2018/actas/distrital/ACDRP2018_D06.pdf
15,MEXICO,7,TENANCINGO DE DEGOLLADO,137,429,23143,40969,11871,10148,9262,2770,5380,66403,3182,6596,179724,137,6723,186584,262331,http://www.ieem.org.mx/proceso2018/actas/distrital/ACDRP2018_D07.pdf
15,MEXICO,8,ECATEPEC DE MORELOS,150,389,17885,28377,7806,4125,5463,2711,4294,76648,4426,2793,154528,90,4855,159473,232046,http://www.ieem.org.mx/proceso2018/actas/distrital/ACDRP2018_D08.pdf
15,MEXICO,9,TEJUPILCO DE HIDALGO,252,529,18028,57591,30755,7323,4727,2315,5842,51052,2160,3419,183212,90,8533,191835,272227,http://www.ieem.org.mx/proceso2018/actas/distrital/ACDRP2018_D09.pdf
15,MEXICO,10,VALLE DE BRAVO,176,456,17705,59945,22730,5641,9894,1811,4380,48502,2178,9344,182130,74,8159,190363,252414,http://www.ieem.org.mx/proceso2018/actas/distrital/ACDRP2018_D10.pdf
15,MEXICO,11,TULTITLAN DE MARIANO ESCOBEDO,125,399,17702,23782,10996,4274,4993,5424,6858,75496,4518,5108,159151,123,4933,164207,247313,http://www.ieem.org.mx/proceso2018/actas/distrital/ACDRP2018_D11.pdf
15,MEXICO,12,TEOLOYUCAN,103,398,23998,30897,4290,3794,8861,10503,5007,76359,5095,4046,172850,75,5206,178131,260134,http://www.ieem.org.mx/proceso2018/actas/distrital/ACDRP2018_D12.pdf
15,MEXICO,13,ATLACOMULCO DE FABELA,162,465,26458,46690,3754,5562,11850,2782,10235,59514,3637,3646,174128,57,7730,181915,260074,http://www.ieem.org.mx/proceso2018/actas/distrital/ACDRP2018_D13.pdf
15,MEXICO,14,JILOTEPEC DE ANDRES MOLINA ENRIQUEZ,178,465,30009,50552,4628,3687,15470,6655,15845,49893,2970,2055,181764,47,7292,189103,252956,http://www.ieem.org.mx/proceso2018/actas/distrital/ACDRP2018_D14.pdf
15,MEXICO,15,IXTLAHUACA DE RAYON,121,411,18028,46539,3733,12517,7131,6306,4463,59008,3940,3408,165073,94,7643,172810,248081,http://www.ieem.org.mx/proceso2018/actas/distrital/ACDRP2018_D15.pdf
15,MEXICO,16,CIUDAD ADOLFO LOPEZ MATEOS,108,401,36977,22534,3700,4238,16258,2760,3917,67502,4333,4248,166467,165,5123,171755,261776,http://www.ieem.org.mx/proceso2018/actas/distrital/ACDRP2018_D16.pdf
15,MEXICO,17,HUIXQUILUCAN DE DEGOLLADO,105,390,62668,38230,6238,5012,7307,4587,3084,45858,3067,3264,179315,50,5543,184908,252171,http://www.ieem.org.mx/proceso2018/actas/distrital/ACDRP2018_D17.pdf
15,MEXICO,18,TLALNEPANTLA DE BAZ,215,504,58804,34996,4440,4063,6590,3784,3426,76627,4656,5894,203280,130,5708,209118,292444,http://www.ieem.org.mx/proceso2018/actas/distrital/ACDRP2018_D18.pdf
15,MEXICO,19,SANTA MARIA TULTEPEC,87,402,17597,29686,20753,4229,4456,3894,6088,79979,4394,3965,175041,141,4796,179978,266860,http://www.ieem.org.mx/proceso2018/actas/distrital/ACDRP2018_D19.pdf
15,MEXICO,20,ZUMPANGO DE OCAMPO,138,488,27700,39917,5262,4228,7161,5456,14525,76121,4245,6065,190680,124,6587,197391,314021,http://www.ieem.org.mx/proceso2018/actas/distrital/ACDRP2018_D20.pdf
15,MEXICO,21,ECATEPEC DE MORELOS,137,399,13823,26397,14079,4278,8814,2391,3203,73631,3928,2405,152949,88,4725,157762,245660,http://www.ieem.org.mx/proceso2018/actas/distrital/ACDRP2018_D21.pdf
15,MEXICO,22,ECATEPEC DE MORELOS,159,386,13667,28717,7080,4380,4532,2293,3359,73154,4301,2250,143733,73,4584,148390,227649,http://www.ieem.org.mx/proceso2018/actas/distrital/ACDRP2018_D22.pdf
15,MEXICO,23,TEXCOCO DE MORA,110,447,12585,37600,5577,4654,15419,3279,5363,91627,4107,5351,185562,88,6097,191747,287754,http://www.ieem.org.mx/proceso2018/actas/distrital/ACDRP2018_D23.pdf
15,MEXICO,24,NEZAHUALCOYOTL,214,480,15490,24988,39510,4172,4837,2881,2996,81187,4081,2341,182483,111,5414,188008,278996,http://www.ieem.org.mx/proceso2018/actas/distrital/CD24_NEZAHUALCOYOTL_JI_31_2018.pdf
15,MEXICO,25,NEZAHUALCOYOTL,244,523,11747,25460,52543,4277,5419,2822,3125,79369,3637,2150,190549,100,5663,196312,296172,http://www.ieem.org.mx/proceso2018/actas/distrital/ACDRP2018_D25.pdf
15,MEXICO,26,CUAUTITLAN IZCALLI,172,447,33844,30348,4234,4433,5818,3152,4551,78569,4334,5706,174989,127,5132,180248,265297,http://www.ieem.org.mx/proceso2018/actas/distrital/ACDRP2018_D26.pdf
15,MEXICO,27,VALLE DE CHALCO SOLIDARIDAD,114,404,7358,22083,27543,5043,6824,3079,2190,78967,4294,2625,160006,150,5902,166058,262331,http://www.ieem.org.mx/proceso2018/actas/distrital/ACDRP2018_D27.pdf
15,MEXICO,28,AMECAMECA DE JUAREZ,170,424,10254,48818,7853,3800,8044,5513,3738,72847,4083,6321,171271,120,6123,177514,256458,http://www.ieem.org.mx/proceso2018/actas/distrital/ACDRP2018_D28.pdf
15,MEXICO,29,NAUCALPAN DE JUAREZ ,185,476,80363,27794,3595,3270,11335,2562,3136,54858,4388,3898,195199,143,4953,200295,279938,http://www.ieem.org.mx/proceso2018/actas/distrital/CD 29_NAUCALPAN_JI_13_2018.pdf
15,MEXICO,30,NAUCALPAN DE JUAREZ,189,454,34676,30220,4104,4685,5235,2754,2949,67954,4673,2556,159806,92,5240,165138,266941,http://www.ieem.org.mx/proceso2018/actas/distrital/ACDRP2018_D30.pdf
15,MEXICO,31,LOS REYES ACAQUILPAN,113,409,8302,45307,13710,5055,5957,2388,2446,70177,4272,2356,159970,79,5516,165565,260012,http://www.ieem.org.mx/proceso2018/actas/distrital/ACDRP2018_D31.pdf
15,MEXICO,32,NAUCALPAN DE JUAREZ,139,445,38632,31027,4081,4714,4459,2644,2721,71191,4730,3165,167364,148,5652,173164,274625,http://www.ieem.org.mx/proceso2018/actas/distrital/ACDRP2018_D32.pdf
15,MEXICO,33,TECAMAC DE FELIPE VILLANUEVA,157,504,21240,63424,4365,6637,3761,2873,6373,97340,5276,3214,214503,183,5779,220465,322728,http://www.ieem.org.mx/proceso2018/actas/distrital/ACDRP2018_D33.pdf
15,MEXICO,34,TOLUCA DE LERDO,152,447,42791,42839,7271,5520,5696,3769,3798,71483,4975,5574,193716,107,6419,200242,273938,http://www.ieem.org.mx/proceso2018/actas/distrital/ACDRP2018_D34.pdf
15,MEXICO,35,METEPEC,113,402,38119,44689,3582,9165,6941,3286,5158,67955,3714,4983,187592,83,5208,192883,260542,http://www.ieem.org.mx/proceso2018/actas/distrital/ACDRP2018_D35.pdf
15,MEXICO,36,SAN MIGUEL ZINACANTEPEC,91,384,31468,36642,5086,6867,7453,2708,3570,63659,3827,2869,164149,689,5808,170646,253276,http://www.ieem.org.mx/proceso2018/actas/distrital/ACDRP2018_D36.pdf
15,MEXICO,37,TLALNEPANTLA DE BAZ,113,394,15267,28064,6610,5466,4640,2514,3314,75951,4457,4514,,68,5415,,254006,http://www.ieem.org.mx/proceso2018/actas/distrital/CD37_TLALNEPANTLA_JDCL_452_2018.pdf
15,MEXICO,38,COACALCO DE BERRIOZABAL,134,424,24891,28805,10484,4162,6019,3379,4846,85483,4330,5477,177876,157,6798,184831,268588,http://www.ieem.org.mx/proceso2018/actas/distrital/ACDRP2018_D38.pdf
15,MEXICO,39,ACOLMAN DE NEZAHUALCOYOTL,146,444,23655,49721,7169,7379,7398,2561,3848,79288,3771,6199,190989,133,5616,196738,272235,http://www.ieem.org.mx/proceso2018/actas/distrital/ACDRP2018_D39.pdf
15,MEXICO,40,IXTAPALUCA,159,430,10877,53155,8174,4325,3559,2624,2004,72451,3782,3182,164133,92,5340,169565,258523,http://www.ieem.org.mx/proceso2018/actas/distrital/CD 40_IXTAPALUCA_JI_32_2018.pdf
15,MEXICO,41,NEZAHUALCOYOTL,222,508,9351,25208,52358,4080,4921,2547,2767,74857,3705,1854,181648,83,5640,187371,290097,http://www.ieem.org.mx/proceso2018/actas/distrital/ACDRP2018_D41.pdf
15,MEXICO,42,ECATEPEC DE MORELOS,159,378,13449,32686,6251,4145,4743,2142,3034,70768,4202,2194,143614,89,4249,147952,218333,http://www.ieem.org.mx/proceso2018/actas/distrital/ACDRP2018_D42.pdf
15,MEXICO,43,CUAUTITLAN IZCALLI,172,432,43064,24355,3405,4108,7521,3997,5775,76293,4430,5927,178875,116,4722,183713,261609,http://www.ieem.org.mx/proceso2018/actas/distrital/ACDRP2018_D43.pdf
15,MEXICO,44,NICOLAS ROMERO,100,430,37524,32981,4988,5494,5688,3127,5006,77789,4432,4024,181053,171,5612,186836,284282,http://www.ieem.org.mx/proceso2018/actas/distrital/ACDRP2018_D44.pdf
15,MEXICO,45,ALMOLOYA DE JUAREZ,107,381,19099,31519,6235,9227,8248,5204,9383,57120,3799,4405,154239,28,6729,160996,236180,http://www.ieem.org.mx/proceso2018/actas/distrital/ACDRP2018_D45.pdf
