﻿ID_ESTADO,NOMBRE_ESTADO,ID_MUNICIPIO,MUNICIPIO,SECCIONES,CASILLAS,PAN,PRI,PRD,PT,PVEM,MC,NA,PCPP,PSI,MORENA,ES,NUM_VOTOS_VALIDOS,NUM_VOTOS_CAN_NREG,NUM_VOTOS_NULOS,TOTAL_VOTOS,LISTA_NOMINAL,RUTA_ACTA
21,PUEBLA,1,ACAJETE,19,69,3111,1692,1123,1558,409,2088,172,594,2376,13125,805,27053,3,1249,28305,44025,https://www.ieepuebla.org.mx/2018/computos/CG_AC_125_2018_ANEXOS.pdf
21,PUEBLA,2,ACATENO,8,14,1562,444,214,65,645,108,68,754,1007,324,19,5210,0,255,5465,6839,https://www.ieepuebla.org.mx/2018/computos/CG_AC_125_2018_ANEXOS.pdf
21,PUEBLA,3,ACATLAN,17,52,3644,2281,585,521,312,170,3342,249,435,4815,147,16501,15,803,17319,28104,https://www.ieepuebla.org.mx/2018/computos/CG_AC_125_2018_ANEXOS.pdf
21,PUEBLA,4,ACATZINGO,16,60,4085,5827,744,1144,431,407,301,472,584,9458,344,23797,8,857,24662,36284,https://www.ieepuebla.org.mx/2018/computos/CG_AC_125_2018_ANEXOS.pdf
21,PUEBLA,5,ACTEOPAN,3,4,50,794,27,,,36,,4,1011,,,1922,3,71,1996,2289,https://www.ieepuebla.org.mx/2018/computos/CG_AC_125_2018_ANEXOS.pdf
21,PUEBLA,6,AHUACATLAN,7,19,183,3454,1054,99,81,399,49,2039,416,165,47,7986,0,478,8464,10223,https://www.ieepuebla.org.mx/2018/computos/CG_AC_125_2018_ANEXOS.pdf
21,PUEBLA,7,AHUATLAN,4,5,173,601,5,21,275,159,,2,7,437,17,1697,0,73,1770,2545,https://www.ieepuebla.org.mx/2018/computos/CG_AC_125_2018_ANEXOS.pdf
21,PUEBLA,8,AHUAZOTEPEC,4,14,0,0,0,0,0,0,0,0,0,0,0,0,0,0,0,7541,https://www.ieepuebla.org.mx/2018/computos/ayu_resoluciones/AHUAZOTEPEC-SCM-JRC-0236-2018.pdf
21,PUEBLA,9,AHUEHUETITLA,1,4,190,273,2,55,,8,,175,21,477,33,1234,0,49,1283,1823,https://www.ieepuebla.org.mx/2018/computos/CG_AC_125_2018_ANEXOS.pdf
21,PUEBLA,10,AJALPAN,22,72,9179,7769,3967,603,171,230,171,226,301,7978,252,30847,7,1963,32817,41977,https://www.ieepuebla.org.mx/2018/computos/ayu_resoluciones/AJALPAN-TEEP-ACT-639-2018.pdf
21,PUEBLA,11,ALBINO ZERTUCHE,1,2,432,429,5,12,,9,,0,120,100,1,1108,0,14,1122,1445,https://www.ieepuebla.org.mx/2018/computos/actas_mpios/DTTO_22_ALBINO ZERTUCHE ACTA FINAL DE ESCRUTINIO Y COMPUTO LEVANTADA EN EL CGIEE (ACTA 33).pdf
21,PUEBLA,12,ALJOJUCA,4,9,930,581,28,24,,260,529,1041,309,126,21,3849,2,170,4021,4858,https://www.ieepuebla.org.mx/2018/computos/actas_mpios/DTTO_14_ALJOJUCA ACTA FINAL DE ESCRUTINIO Y COMPUTO LEVANTADA EN EL CGIEE (ACTA 33).pdf
21,PUEBLA,13,ALTEPEXI,6,21,1472,1300,65,40,42,1811,1648,2856,59,1349,33,10675,1,419,11095,13488,https://www.ieepuebla.org.mx/2018/computos/actas_mpios/DTTO_26_CME_ALTEPEXI.pdf
21,PUEBLA,14,AMIXTLAN,3,7,246,389,1068,30,765,16,,3,5,66,6,2594,2,168,2764,3459,https://www.ieepuebla.org.mx/2018/computos/CG_AC_125_2018_ANEXOS.pdf
21,PUEBLA,15,AMOZOC,18,101,9486,4093,365,1370,1211,3379,1017,1405,4219,15940,863,43348,33,1893,45274,68752,https://www.ieepuebla.org.mx/2018/computos/actas_mpios/DTTO_12_CME_AMOZOC_DE_MOTA.pdf
21,PUEBLA,16,AQUIXTLA,5,10,1118,2176,34,43,,648,38,232,16,154,25,4484,32,258,4774,6004,https://www.ieepuebla.org.mx/2018/computos/actas_mpios/DTTO_03_CME_AQUIXTLA.pdf
21,PUEBLA,17,ATEMPAN,9,31,1994,4842,53,281,144,77,4453,39,39,801,25,12748,2,922,13672,18161,https://www.ieepuebla.org.mx/2018/computos/CG_AC_125_2018_ANEXOS.pdf
21,PUEBLA,18,ATEXCAL,6,7,733,1193,10,16,2,12,,141,3,59,9,2178,0,95,2273,2775,https://www.ieepuebla.org.mx/2018/computos/CG_AC_125_2018_ANEXOS.pdf
21,PUEBLA,82,ATLEQUIZAYAN,2,4,213,787,6,16,,3,,1,0,557,8,1591,0,19,1610,1889,https://www.ieepuebla.org.mx/2018/computos/actas_mpios/DTTO_04_CME_ATLEQUIZAYAN.pdf
21,PUEBLA,19,ATLIXCO,68,170,23393,11061,699,1500,1282,369,1159,488,379,21928,584,62842,127,2425,65394,103235,https://www.ieepuebla.org.mx/2018/computos/actas_mpios/ATLIXCO - RESOLUCION.pdf
21,PUEBLA,20,ATOYATEMPAN,2,7,94,402,26,278,265,78,19,375,780,1386,51,3754,1,141,3896,4905,https://www.ieepuebla.org.mx/2018/computos/actas_mpios/DTTO_12_CME_ATOYATEMPAN.pdf
21,PUEBLA,21,ATZALA,1,2,27,408,1,3,397,1,,13,1,14,0,865,0,31,896,1074,https://www.ieepuebla.org.mx/2018/computos/CG_AC_125_2018_ANEXOS.pdf
21,PUEBLA,22,ATZITZIHUACAN,9,18,1780,2079,1401,112,31,388,20,14,8,501,14,6348,0,272,6620,9014,https://www.ieepuebla.org.mx/2018/computos/CG_AC_125_2018_ANEXOS.pdf
21,PUEBLA,23,ATZITZINTLA,5,13,76,291,608,101,,1513,1454,18,31,606,22,4720,1,193,4914,6190,https://www.ieepuebla.org.mx/2018/computos/actas_mpios/DTTO_14_CME_ATZITZINTLA.pdf
21,PUEBLA,24,AXUTLA,2,3,348,326,3,,,3,,1,2,,,683,0,17,700,1059,https://www.ieepuebla.org.mx/2018/computos/actas_mpios/DTTO_23_CME_AXUTLA.pdf
21,PUEBLA,25,AYOTOXCO DE GUERRERO,4,10,1072,1151,215,30,937,19,,598,16,169,15,4222,1,188,4411,5880,https://www.ieepuebla.org.mx/2018/computos/CG_AC_125_2018_ANEXOS.pdf
21,PUEBLA,26,CALPAN,8,18,984,459,82,247,436,952,334,25,939,2028,52,6538,2,445,6985,10576,https://www.ieepuebla.org.mx/2018/computos/actas_mpios/DTTO_08_CME_CALPAN.pdf
21,PUEBLA,27,CALTEPEC,7,10,1009,1054,19,13,,545,,8,15,147,7,2817,0,73,2890,3572,https://www.ieepuebla.org.mx/2018/computos/CG_AC_125_2018_ANEXOS.pdf
21,PUEBLA,28,CAMOCUAUTLA,2,3,61,515,4,14,,704,,2,2,325,3,1630,0,50,1680,1855,https://www.ieepuebla.org.mx/2018/computos/actas_mpios/DTTO_02_CME_CAMOCUAUTLA.pdf
21,PUEBLA,29,CAÑADA MORELOS,9,25,0,0,0,0,0,0,0,0,0,0,0,0,0,0,0,13797,https://www.ieepuebla.org.mx/2018/computos/ayu_resoluciones/CANADA-MORELOS-SCM-JDC-1141-2018.pdf
21,PUEBLA,30,CAXHUACAN,2,4,29,859,11,39,105,84,26,456,190,333,9,2141,0,110,2251,2796,https://www.ieepuebla.org.mx/2018/computos/actas_mpios/DTTO_04_CME_CAXHUACAN.pdf
21,PUEBLA,46,CHALCHICOMULA DE SESMA,24,57,4642,2073,267,502,585,379,951,5048,286,5399,296,20428,4,1071,21503,33128,https://www.ieepuebla.org.mx/2018/computos/CG_AC_125_2018_ANEXOS.pdf
21,PUEBLA,47,CHAPULCO,3,8,547,830,43,92,190,865,,22,830,217,13,3649,0,144,3793,4888,https://www.ieepuebla.org.mx/2018/computos/CG_AC_125_2018_ANEXOS.pdf
21,PUEBLA,48,CHIAUTLA,17,33,1102,3108,75,171,0,49,191,1680,35,2532,175,9118,0,370,9488,16307,https://www.ieepuebla.org.mx/2018/computos/actas_mpios/CHIAUTLA - RESOLUCION.pdf
21,PUEBLA,49,CHIAUTZINGO,8,23,1290,1848,143,442,79,157,,897,1342,2345,91,8634,5,357,8996,14334,https://www.ieepuebla.org.mx/2018/computos/actas_mpios/DTTO_08_CME_SAN_LORENZO_CHIAUTZINGO.pdf
21,PUEBLA,51,CHICHIQUILA,9,24,1991,2923,232,203,25,161,1971,708,380,1603,85,10282,1,751,11034,14444,https://www.ieepuebla.org.mx/2018/computos/actas_mpios/DTTO_14_CME_CHICHIQUILA.pdf
21,PUEBLA,50,CHICONCUAUTLA,7,19,2398,3141,142,48,31,47,1264,4,15,75,8,7173,1,1005,8179,10348,https://www.ieepuebla.org.mx/2018/computos/actas_mpios/CHICONCUAUTLA - RESOLUCION.pdf
21,PUEBLA,52,CHIETLA,20,48,2301,5538,201,234,81,2692,634,2736,979,1809,115,17320,1,886,18207,27640,https://www.ieepuebla.org.mx/2018/computos/actas_mpios/DTTO_22_CME_CHIETLA.pdf
21,PUEBLA,53,CHIGMECATITLAN,2,2,302,367,5,6,,36,,26,0,184,1,927,0,20,947,1111,https://www.ieepuebla.org.mx/2018/computos/actas_mpios/DTTO_23_CHIGMECATITLAN ACTA FINAL DE ESCRUTINIO Y COMPUTO LEVANTADA EN EL CGIEE (ACTA 33).pdf
21,PUEBLA,54,CHIGNAHUAPAN,28,77,14003,6486,289,1402,217,253,1021,82,350,7176,233,31512,6,1403,32921,44566,https://www.ieepuebla.org.mx/2018/computos/CG_AC_125_2018_ANEXOS.pdf
21,PUEBLA,55,CHIGNAUTLA,7,34,1831,5317,84,356,342,622,570,2561,896,1785,325,14689,1,813,15503,21286,https://www.ieepuebla.org.mx/2018/computos/actas_mpios/DTTO_06_CME_CHIGNAUTLA.pdf
21,PUEBLA,56,CHILA,4,8,95,1088,1430,12,,64,,11,5,53,1,2759,2,86,2847,3935,https://www.ieepuebla.org.mx/2018/computos/CG_AC_125_2018_ANEXOS.pdf
21,PUEBLA,57,CHILA DE LA SAL,2,3,185,459,1,8,,1,0,0,1,245,30,930,0,8,938,1212,https://www.ieepuebla.org.mx/2018/computos/CG_AC_125_2018_ANEXOS.pdf
21,PUEBLA,59,CHILCHOTLA,7,19,2574,937,964,1074,323,1419,184,14,725,169,33,8416,0,835,9251,12104,https://www.ieepuebla.org.mx/2018/computos/actas_mpios/DTTO_14_CME_CHILCHOTLA.pdf
21,PUEBLA,60,CHINANTLA,3,5,380,579,101,24,,2,81,80,6,159,12,1424,0,39,1463,2323,https://www.ieepuebla.org.mx/2018/computos/CG_AC_125_2018_ANEXOS.pdf
21,PUEBLA,31,COATEPEC,1,1,30,187,0,0,,77,,225,1,3,0,523,0,13,536,749,https://www.ieepuebla.org.mx/2018/computos/actas_mpios/DTTO_02_CME_COATEPEC.pdf
21,PUEBLA,32,COATZINGO,3,6,13,481,29,13,586,457,,2,2,33,2,1618,0,88,1706,2278,https://www.ieepuebla.org.mx/2018/computos/CG_AC_125_2018_ANEXOS.pdf
21,PUEBLA,33,COHETZALA,2,3,14,303,10,3,70,4,296,76,1,47,5,829,0,46,875,1179,https://www.ieepuebla.org.mx/2018/computos/CG_AC_125_2018_ANEXOS.pdf
21,PUEBLA,34,COHUECAN,3,6,1475,828,11,27,,3,210,6,10,150,11,2731,0,85,2816,3566,https://www.ieepuebla.org.mx/2018/computos/CG_AC_125_2018_ANEXOS.pdf
21,PUEBLA,35,CORONANGO,12,56,2435,3722,4682,479,1496,202,497,2853,443,6214,258,23281,73,843,24197,36473,https://www.ieepuebla.org.mx/2018/computos/CG_AC_125_2018_ANEXOS.pdf
21,PUEBLA,36,COXCATLAN,12,26,832,1850,124,378,1219,838,377,1658,1169,1629,65,10139,0,700,10839,14760,https://www.ieepuebla.org.mx/2018/computos/CG_AC_125_2018_ANEXOS.pdf
21,PUEBLA,37,COYOMEAPAN,8,19,3408,2313,21,121,14,39,16,6,23,1220,21,7202,1,261,7464,8935,https://www.ieepuebla.org.mx/2018/computos/CG_AC_125_2018_ANEXOS.pdf
21,PUEBLA,38,COYOTEPEC,3,4,341,462,5,32,,3,205,2,4,419,16,1489,0,73,1562,1976,https://www.ieepuebla.org.mx/2018/computos/CG_AC_125_2018_ANEXOS.pdf
21,PUEBLA,39,CUAPIAXTLA DE MADERO,2,10,672,838,752,138,,25,,6,60,1823,46,4360,0,134,4494,6038,https://www.ieepuebla.org.mx/2018/computos/actas_mpios/DTTO_13_CME_CUAPIAXTLA_DE_MADERO.pdf
21,PUEBLA,40,CUAUTEMPAN,4,14,384,1210,48,74,,1544,225,1170,126,246,36,5063,0,312,5375,6671,https://www.ieepuebla.org.mx/2018/computos/actas_mpios/DTTO_04_CME_CUAUTEMPAN.pdf
21,PUEBLA,41,CUAUTINCHAN,2,12,1225,154,541,1197,362,140,22,1178,16,378,54,5267,0,281,5548,6841,https://www.ieepuebla.org.mx/2018/computos/CG_AC_125_2018_ANEXOS.pdf
21,PUEBLA,42,CUAUTLANCINGO,16,105,12609,4787,549,1109,664,506,1103,269,159,15878,1028,38661,495,1221,40377,70757,https://www.ieepuebla.org.mx/2018/computos/CG_AC_125_2018_ANEXOS.pdf
21,PUEBLA,43,CUAYUCA DE ANDRADE,4,8,893,814,1,9,310,14,,2,3,73,1,2120,2,81,2203,2778,https://www.ieepuebla.org.mx/2018/computos/CG_AC_125_2018_ANEXOS.pdf
21,PUEBLA,44,CUETZALAN DEL PROGRESO,20,52,7350,9275,158,410,109,534,102,55,47,1875,114,20029,17,1628,21674,31820,https://www.ieepuebla.org.mx/2018/computos/actas_mpios/DTTO_05_CME_CUETZALAN_DEL_PROGRESO.pdf
21,PUEBLA,45,CUYOACO,7,19,936,1629,36,463,297,2412,,23,1354,1410,56,8616,0,365,8981,11442,https://www.ieepuebla.org.mx/2018/computos/CG_AC_125_2018_ANEXOS.pdf
21,PUEBLA,61,DOMINGO ARENAS,3,8,27,195,671,32,,20,642,18,3,292,17,1917,0,139,2056,5018,https://www.ieepuebla.org.mx/2018/computos/CG_AC_125_2018_ANEXOS.pdf
21,PUEBLA,62,ELOXOCHITLAN,6,19,154,2829,365,46,13,3603,39,20,131,91,2,7293,0,232,7525,8683,https://www.ieepuebla.org.mx/2018/computos/actas_mpios/DTTO_26_CME_ELOXOCHITLAN.pdf
21,PUEBLA,63,EPATLAN,2,6,800,560,13,30,,891,,7,4,374,11,2690,1,78,2769,3707,https://www.ieepuebla.org.mx/2018/computos/CG_AC_125_2018_ANEXOS.pdf
21,PUEBLA,64,ESPERANZA,9,19,224,599,50,122,174,1331,2663,678,260,888,40,7029,19,354,7402,10175,https://www.ieepuebla.org.mx/2018/computos/actas_mpios/DTTO_14_CME_ESPERANZA.pdf
21,PUEBLA,65,FRANCISCO Z. MENA,9,23,2789,1780,253,340,41,84,748,35,21,3212,76,9379,0,331,9710,12623,https://www.ieepuebla.org.mx/2018/computos/CG_AC_125_2018_ANEXOS.pdf
21,PUEBLA,66,GENERAL FELIPE ANGELES,7,24,596,2323,427,298,,354,115,150,2237,2172,262,8934,1,506,9441,13860,https://www.ieepuebla.org.mx/2018/computos/actas_mpios/DTTO_15_CME_GENERAL_FELIPE_ANGELES.pdf
21,PUEBLA,67,GUADALUPE,4,9,1530,1799,22,38,,9,,2,11,392,35,3838,0,81,3919,5408,https://www.ieepuebla.org.mx/2018/computos/CG_AC_125_2018_ANEXOS.pdf
21,PUEBLA,68,GUADALUPE VICTORIA,10,19,537,5195,41,53,36,243,1449,17,16,575,14,8176,1,419,8596,11502,https://www.ieepuebla.org.mx/2018/computos/actas_mpios/DTTO_06_CME_GUADALUPE_VICTORIA.pdf
21,PUEBLA,69,HERMENEGILDO GALEANA,4,10,1697,1624,58,23,608,5,,39,4,83,7,4148,0,191,4339,5337,https://www.ieepuebla.org.mx/2018/computos/CG_AC_125_2018_ANEXOS.pdf
21,PUEBLA,58,HONEY,3,9,1633,2020,46,21,,11,,3,4,131,6,3875,0,214,4089,5186,https://www.ieepuebla.org.mx/2018/computos/CG_AC_125_2018_ANEXOS.pdf
21,PUEBLA,70,HUAQUECHULA,19,38,2596,4349,111,375,93,70,76,209,271,4522,133,12805,9,571,13385,20393,https://www.ieepuebla.org.mx/2018/computos/actas_mpios/DTTO_22_CME_HUAQUECHULA.pdf
21,PUEBLA,71,HUATLATLAUCA,6,11,1700,113,13,34,,1503,,11,5,230,17,3626,0,221,3847,5094,https://www.ieepuebla.org.mx/2018/computos/actas_mpios/DTTO_23_CME_HUATLATLAUCA.pdf
21,PUEBLA,72,HUAUCHINANGO,37,118,10379,9213,1318,1363,3833,507,415,3214,750,13494,811,45297,31,2836,48164,71439,https://www.ieepuebla.org.mx/2018/computos/CG_AC_125_2018_ANEXOS.pdf
21,PUEBLA,73,HUEHUETLA,9,21,1872,3775,2639,104,6,39,19,424,27,148,16,9069,0,232,9301,11343,https://www.ieepuebla.org.mx/2018/computos/actas_mpios/DTTO_04_CME_HUEHUETLA.pdf
21,PUEBLA,74,HUEHUETLAN EL CHICO,6,13,1557,1817,63,69,14,70,67,358,761,299,10,5085,0,245,5330,7283,https://www.ieepuebla.org.mx/2018/computos/actas_mpios/DTTO_22_CME_HUEHUETLAN_EL_CHICO.pdf
21,PUEBLA,75,HUEHUETLAN EL GRANDE,5,10,51,1782,20,45,12,1304,,26,21,189,12,3462,0,228,3690,4970,https://www.ieepuebla.org.mx/2018/computos/CG_AC_125_2018_ANEXOS.pdf
21,PUEBLA,76,HUEJOTZINGO,22,84,2894,5883,811,901,810,5706,4894,827,379,7619,394,31118,33,1360,32511,53731,https://www.ieepuebla.org.mx/2018/computos/actas_mpios/DTTO_08_CME_HUEJOTZINGO.pdf
21,PUEBLA,77,HUEYAPAN,5,12,1327,1912,19,729,18,14,862,150,8,699,32,5770,0,245,6015,8275,https://www.ieepuebla.org.mx/2018/computos/CG_AC_125_2018_ANEXOS.pdf
21,PUEBLA,78,HUEYTAMALCO,15,36,3085,4672,83,462,1090,64,1510,36,798,1105,72,12977,4,656,13637,19500,https://www.ieepuebla.org.mx/2018/computos/CG_AC_125_2018_ANEXOS.pdf
21,PUEBLA,79,HUEYTLALPAN,3,8,680,1690,591,59,7,24,,2,5,193,17,3268,1,118,3387,4075,https://www.ieepuebla.org.mx/2018/computos/actas_mpios/DTTO_04_CME_HUEYTLALPAN.pdf
21,PUEBLA,80,HUITZILAN DE SERDAN,5,17,1871,4012,81,153,,67,,20,7,413,15,6639,0,320,6959,9430,https://www.ieepuebla.org.mx/2018/computos/CG_AC_125_2018_ANEXOS.pdf
21,PUEBLA,81,HUITZILTEPEC,3,7,629,580,12,54,1428,132,,3,1,238,20,3097,1,101,3199,4025,https://www.ieepuebla.org.mx/2018/computos/CG_AC_125_2018_ANEXOS.pdf
21,PUEBLA,83,IXCAMILPA DE GUERRERO,3,7,91,1185,5,19,,583,,2,374,65,3,2327,0,63,2390,3066,https://www.ieepuebla.org.mx/2018/computos/CG_AC_125_2018_ANEXOS.pdf
21,PUEBLA,84,IXCAQUIXTLA,3,9,345,2355,19,36,12,113,17,706,1,744,20,4368,4,131,4503,5800,https://www.ieepuebla.org.mx/2018/computos/CG_AC_125_2018_ANEXOS.pdf
21,PUEBLA,85,IXTACAMAXTITLAN,15,38,1756,6228,271,402,58,2129,76,415,29,1421,74,12859,0,884,13743,17912,https://www.ieepuebla.org.mx/2018/computos/CG_AC_125_2018_ANEXOS.pdf
21,PUEBLA,86,IXTEPEC,3,8,1127,819,1419,95,12,8,,8,47,107,6,3648,0,191,3839,4822,https://www.ieepuebla.org.mx/2018/computos/actas_mpios/DTTO_04_CME_IXTEPEC.pdf
21,PUEBLA,87,IZUCAR DE MATAMOROS,34,103,1150,8045,3802,1545,684,1936,2148,305,1687,10428,593,32323,14,1593,33930,57741,https://www.ieepuebla.org.mx/2018/computos/actas_mpios/DTTO_22_CME_IZUCAR_DE_MATAMOROS.pdf
21,PUEBLA,88,JALPAN,6,16,153,461,200,77,2079,1929,1196,38,17,441,61,6652,1,437,7090,9278,https://www.ieepuebla.org.mx/2018/computos/actas_mpios/DTTO_01_JALPAN ACTA FINAL DE ESCRUTINIO Y COMPUTO LEVANTADA EN EL CGIEE (ACTA 33).pdf
21,PUEBLA,89,JOLALPAN,6,16,462,2964,599,50,,725,9,1844,6,305,23,6987,5,420,7412,9401,https://www.ieepuebla.org.mx/2018/computos/CG_AC_125_2018_ANEXOS.pdf
21,PUEBLA,90,JONOTLA,3,7,190,666,8,31,460,11,723,1,3,51,6,2150,0,121,2271,3415,https://www.ieepuebla.org.mx/2018/computos/actas_mpios/DTTO_05_CME_JONOTLA.pdf
21,PUEBLA,91,JOPALA,7,16,2011,917,1375,99,926,53,17,17,93,1308,77,6893,0,267,7160,9104,https://www.ieepuebla.org.mx/2018/computos/CG_AC_125_2018_ANEXOS.pdf
21,PUEBLA,92,JUAN C. BONILLA,6,25,1224,721,490,207,2136,1717,132,1457,330,2482,125,11021,10,498,11529,16551,https://www.ieepuebla.org.mx/2018/computos/actas_mpios/DTTO_08_CME_SAN_MATEO_CUANALA.pdf
21,PUEBLA,93,JUAN GALINDO,5,11,1029,1026,102,93,105,21,,7,412,1488,98,4381,2,152,4535,5886,https://www.ieepuebla.org.mx/2018/computos/CG_AC_125_2018_ANEXOS.pdf
21,PUEBLA,94,JUAN N. MENDEZ,4,8,773,647,39,148,236,28,622,5,12,523,34,3067,0,185,3252,3914,https://www.ieepuebla.org.mx/2018/computos/actas_mpios/DTTO_24_JUAN N MENDEZ ACTA FINAL DE ESCRUTINIO Y COMPUTO LEVANTADA EN EL CGIEE (ACTA 33).pdf
21,PUEBLA,97,LA MAGDALENA TLATLAUQUITEPEC,1,1,147,191,1,6,,1,,0,16,55,0,417,0,7,424,484,https://www.ieepuebla.org.mx/2018/computos/CG_AC_125_2018_ANEXOS.pdf
21,PUEBLA,95,LAFRAGUA,8,12,317,1223,86,26,130,1023,1227,15,45,199,6,4297,0,251,4548,5751,https://www.ieepuebla.org.mx/2018/computos/actas_mpios/DTTO_06_CME_SALTILLO_LA_FRAGUA.pdf
21,PUEBLA,96,LIBRES,11,39,3368,2417,1236,193,2645,150,2053,43,154,2170,78,14507,1,773,15281,23082,https://www.ieepuebla.org.mx/2018/computos/actas_mpios/DTTO_03_CME_LIBRES.pdf
21,PUEBLA,119,LOS REYES DE JUAREZ,8,26,4347,4052,286,295,32,65,,11,25,2076,128,11317,4,440,11761,16873,https://www.ieepuebla.org.mx/2018/computos/CG_AC_125_2018_ANEXOS.pdf
21,PUEBLA,98,MAZAPILTEPEC DE JUAREZ,2,4,0,0,0,0,0,0,0,0,0,0,0,0,0,0,0,2092,https://www.ieepuebla.org.mx/2018/computos/ayu_resoluciones/MAZAPILTEPEC-SCM-JRC-0231-2018.pdf
21,PUEBLA,99,MIXTLA,2,3,22,471,189,14,32,5,,394,59,175,5,1366,0,36,1402,1751,https://www.ieepuebla.org.mx/2018/computos/CG_AC_125_2018_ANEXOS.pdf
21,PUEBLA,100,MOLCAXAC,5,8,857,876,127,113,,313,,4,596,661,8,3555,0,129,3684,4886,https://www.ieepuebla.org.mx/2018/computos/actas_mpios/DTTO_23_CME_MOLCAXAC.pdf
21,PUEBLA,101,NAUPAN,5,13,1171,1606,357,181,,40,25,12,125,1381,74,4972,0,233,5205,6762,https://www.ieepuebla.org.mx/2018/computos/CG_AC_125_2018_ANEXOS.pdf
21,PUEBLA,102,NAUZONTLA,3,5,449,708,10,36,174,4,341,184,4,98,4,2012,0,106,2118,2676,https://www.ieepuebla.org.mx/2018/computos/actas_mpios/DTTO_04_CME_NAUZONTLA.pdf
21,PUEBLA,103,NEALTICAN,4,13,1548,734,74,80,36,24,1175,1826,12,629,30,6168,0,263,6431,8559,https://www.ieepuebla.org.mx/2018/computos/actas_mpios/DTTO_08_CME_NEALTICAN.pdf
21,PUEBLA,104,NICOLAS BRAVO,4,8,193,51,21,174,1379,11,57,13,23,1443,31,3396,0,159,3555,4584,https://www.ieepuebla.org.mx/2018/computos/CG_AC_125_2018_ANEXOS.pdf
21,PUEBLA,105,NOPALUCAN,7,25,1146,1388,62,171,2921,1280,998,404,2511,819,31,11731,0,649,12380,17323,https://www.ieepuebla.org.mx/2018/computos/CG_AC_125_2018_ANEXOS.pdf
21,PUEBLA,106,OCOTEPEC,3,6,440,522,44,50,,273,315,17,608,265,12,2546,1,121,2668,3594,https://www.ieepuebla.org.mx/2018/computos/actas_mpios/DTTO_03_CME_OCOTEPEC.pdf
21,PUEBLA,107,OCOYUCAN,10,39,0,0,0,0,0,0,0,0,0,0,0,0,0,0,0,23653,https://www.ieepuebla.org.mx/2018/computos/ayu_resoluciones/OCOYUCAN-SCM-JRC-0212-2018.pdf
21,PUEBLA,108,OLINTLA,8,15,2586,3238,14,61,496,18,16,28,3,148,7,6615,0,162,6777,8175,https://www.ieepuebla.org.mx/2018/computos/CG_AC_125_2018_ANEXOS.pdf
21,PUEBLA,109,ORIENTAL,8,19,2006,1223,388,116,38,444,896,495,1494,762,35,7897,1,394,8292,11637,https://www.ieepuebla.org.mx/2018/computos/actas_mpios/DTTO_14_ORIENTAL ACTA FINAL DE ESCRUTINIO Y COMPUTO LEVANTADA EN EL CGIEE (ACTA 33).pdf
21,PUEBLA,110,PAHUATLAN,14,28,2694,1791,667,557,40,175,,1124,60,1954,141,9203,9,684,9896,13693,https://www.ieepuebla.org.mx/2018/computos/CG_AC_125_2018_ANEXOS.pdf
21,PUEBLA,111,PALMAR DE BRAVO,15,49,3465,1851,2652,548,100,892,71,146,2638,3943,236,16542,6,1490,18038,29236,https://www.ieepuebla.org.mx/2018/computos/actas_mpios/DTTO_15_CME_PALMAR_DE_BRAVO.pdf
21,PUEBLA,112,PANTEPEC,10,27,5343,172,707,95,,68,78,3668,114,654,27,10926,0,616,11542,13961,https://www.ieepuebla.org.mx/2018/computos/actas_mpios/DTTO_01_CME_PANTEPEC.pdf
21,PUEBLA,113,PETLALCINGO,6,16,1865,2547,162,36,,20,,12,8,243,14,4907,1,205,5113,7065,https://www.ieepuebla.org.mx/2018/computos/CG_AC_125_2018_ANEXOS.pdf
21,PUEBLA,114,PIAXTLA,5,9,517,854,21,105,,7,,126,3,833,22,2488,0,83,2571,4105,https://www.ieepuebla.org.mx/2018/computos/CG_AC_125_2018_ANEXOS.pdf
21,PUEBLA,115,PUEBLA,764,2102,230772,74000,9685,23744,20542,12927,7443,9156,6436,305896,13458,714059,459,22748,737266,1280473,https://www.ieepuebla.org.mx/2018/computos/CG_AC_125_2018_ANEXOS.pdf
21,PUEBLA,116,QUECHOLAC,16,55,1202,675,724,831,239,215,,123,13635,3323,233,21200,3,2125,23328,33324,https://www.ieepuebla.org.mx/2018/computos/CG_AC_125_2018_ANEXOS.pdf
21,PUEBLA,117,QUIMIXTLAN,10,26,3465,1843,34,399,18,1822,1857,141,47,474,21,10121,0,520,10641,13166,https://www.ieepuebla.org.mx/2018/computos/actas_mpios/DTTO_14_CME_QUIMIXTLAN.pdf
21,PUEBLA,118,RAFAEL LARA GRAJALES,7,21,2735,1197,92,138,604,385,1746,49,22,1306,49,8323,0,294,8617,13184,https://www.ieepuebla.org.mx/2018/computos/CG_AC_125_2018_ANEXOS.pdf
21,PUEBLA,120,SAN ANDRES CHOLULA,38,138,19955,3373,836,1197,1890,1289,1848,454,4244,21901,716,57703,25,1654,59382,91693,https://www.ieepuebla.org.mx/2018/computos/actas_mpios/DTTO_18_CME_SAN_ANDRES_CHOLULA.pdf
21,PUEBLA,121,SAN ANTONIO CAÑADA,2,6,798,756,957,84,214,25,,20,5,150,2,3011,0,141,3152,3769,https://www.ieepuebla.org.mx/2018/computos/CG_AC_125_2018_ANEXOS.pdf
21,PUEBLA,122,SAN DIEGO LA MESA TOCHIMILTZINGO,3,3,21,318,399,2,,1,,3,0,10,0,754,0,19,773,911,https://www.ieepuebla.org.mx/2018/computos/actas_mpios/DTTO_21_CME_SAN_DIEGO_LA_MESA_TOCHIMITLZINGO.pdf
21,PUEBLA,123,SAN FELIPE TEOTLALCINGO,5,11,1197,895,45,235,,447,156,26,155,1021,54,4231,4,147,4382,7353,https://www.ieepuebla.org.mx/2018/computos/CG_AC_125_2018_ANEXOS.pdf
21,PUEBLA,124,SAN FELIPE TEPATLAN,3,6,13,699,485,131,345,9,2,3,20,492,34,2233,0,108,2341,2859,https://www.ieepuebla.org.mx/2018/computos/CG_AC_125_2018_ANEXOS.pdf
21,PUEBLA,125,SAN GABRIEL CHILAC,6,18,732,2699,30,183,2013,516,39,405,155,1731,20,8523,0,268,8791,10933,https://www.ieepuebla.org.mx/2018/computos/CG_AC_125_2018_ANEXOS.pdf
21,PUEBLA,126,SAN GREGORIO ATZOMPA,4,11,576,370,12,69,201,1097,0,121,888,688,47,4069,78,164,4311,6953,https://www.ieepuebla.org.mx/2018/computos/actas_mpios/SAN GREGORIO ATZOMPA - RESOLUCION.pdf
21,PUEBLA,127,SAN JERONIMO TECUANIPAN,3,7,411,636,558,76,,18,200,10,93,918,23,2943,1,103,3047,4114,https://www.ieepuebla.org.mx/2018/computos/CG_AC_125_2018_ANEXOS.pdf
21,PUEBLA,128,SAN JERONIMO XAYACATLAN,4,7,927,1088,27,33,,7,,18,3,120,7,2230,0,279,2509,3216,https://www.ieepuebla.org.mx/2018/computos/actas_mpios/DTTO_23_CME_SAN_JERONIMO_XAYACATLAN.pdf
21,PUEBLA,129,SAN JOSE CHIAPA,6,12,1607,271,169,106,244,303,192,235,8,1553,32,4720,0,143,4863,6321,https://www.ieepuebla.org.mx/2018/computos/CG_AC_125_2018_ANEXOS.pdf
21,PUEBLA,130,SAN JOSE MIAHUATLAN,7,17,1057,2525,38,179,10,25,,42,8,2195,24,6103,0,180,6283,9606,https://www.ieepuebla.org.mx/2018/computos/actas_mpios/DTTO_26_SAN JOSE MIAHUATLAN ACTA FINAL DE ESCRUTINIO Y COMPUTO LEVANTADA EN EL CGIEE (ACTA 33).pdf
21,PUEBLA,131,SAN JUAN ATENCO,4,5,482,352,23,32,,797,,74,5,334,12,2111,0,119,2230,2911,https://www.ieepuebla.org.mx/2018/computos/actas_mpios/DTTO_14_CME_SAN_JUAN_ATENCO.pdf
21,PUEBLA,132,SAN JUAN ATZOMPA,1,2,82,264,2,9,,1,,6,0,249,2,615,0,13,628,805,https://www.ieepuebla.org.mx/2018/computos/actas_mpios/DTTO_23_CME_SAN_JUAN_ATZOMPA.pdf
21,PUEBLA,133,SAN MARTIN TEXMELUCAN,54,177,14543,9855,888,2828,3040,843,1929,4981,736,22524,922,63089,69,2520,65678,109573,https://www.ieepuebla.org.mx/2018/computos/actas_mpios/DTTO_07_CME_SAN_MARTIN_TEXMELUCAN.pdf
21,PUEBLA,134,SAN MARTIN TOTOLTEPEC,1,1,7,3,80,2,176,0,,0,0,203,2,473,0,9,482,604,https://www.ieepuebla.org.mx/2018/computos/CG_AC_125_2018_ANEXOS.pdf
21,PUEBLA,135,SAN MATIAS TLALANCALECA,9,24,2128,2491,47,308,321,54,1416,102,1069,1789,51,9776,8,376,10160,15019,https://www.ieepuebla.org.mx/2018/computos/actas_mpios/DTTO_07_CME_SAN_MATIAS_TLALANCALECA.pdf
21,PUEBLA,136,SAN MIGUEL IXITLAN,1,1,85,138,7,6,,1,,0,1,145,1,384,0,13,397,487,https://www.ieepuebla.org.mx/2018/computos/CG_AC_125_2018_ANEXOS.pdf
21,PUEBLA,137,SAN MIGUEL XOXTLA,4,13,1241,604,200,201,528,883,533,128,674,1101,19,6112,19,211,6342,8889,https://www.ieepuebla.org.mx/2018/computos/CG_AC_125_2018_ANEXOS.pdf
21,PUEBLA,138,SAN NICOLAS BUENOS AIRES,4,12,1117,393,530,52,1494,815,,174,7,304,12,4898,0,245,5143,7280,https://www.ieepuebla.org.mx/2018/computos/actas_mpios/DTTO_14_CME_SAN_NICOLAS_BUENOS_AIRES.pdf
21,PUEBLA,139,SAN NICOLAS DE LOS RANCHOS,5,12,145,953,2059,125,,44,54,1133,5,960,99,5577,0,242,5819,7948,https://www.ieepuebla.org.mx/2018/computos/CG_AC_125_2018_ANEXOS.pdf
21,PUEBLA,140,SAN PABLO ANICANO,2,5,18,1101,795,17,7,6,,11,3,307,13,2278,0,66,2344,2941,https://www.ieepuebla.org.mx/2018/computos/CG_AC_125_2018_ANEXOS.pdf
21,PUEBLA,141,SAN PEDRO CHOLULA,46,164,18923,6032,979,1670,1290,1116,1005,2112,1535,20878,1229,56769,44,2441,59254,102485,https://www.ieepuebla.org.mx/2018/computos/actas_mpios/DTTO_18_CME_SAN_PEDRO_CHOLULA.pdf
21,PUEBLA,142,SAN PEDRO YELOIXTLAHUACA,2,5,531,673,11,15,4,10,592,97,7,252,7,2199,0,68,2267,2836,https://www.ieepuebla.org.mx/2018/computos/CG_AC_125_2018_ANEXOS.pdf
21,PUEBLA,143,SAN SALVADOR EL SECO,10,33,2833,3232,1264,259,232,2200,59,102,134,2824,215,13354,4,661,14019,20289,https://www.ieepuebla.org.mx/2018/computos/actas_mpios/DTTO_14_SAN SALVADOR EL SECO ACTA FINAL DE ESCRUTINIO Y COMPUTO LEVANTADA EN EL CGIEE (ACTA 33).pdf
21,PUEBLA,144,SAN SALVADOR EL VERDE,10,34,1389,1957,1313,332,1903,255,1452,77,3312,1635,104,13729,6,613,14348,22092,https://www.ieepuebla.org.mx/2018/computos/actas_mpios/DTTO_07_CME_SAN_SALVADOR_EL_VERDE.pdf
21,PUEBLA,145,SAN SALVADOR HUIXCOLOTLA,4,14,1625,1994,160,156,,31,,158,663,1797,51,6635,0,289,6924,9289,https://www.ieepuebla.org.mx/2018/computos/CG_AC_125_2018_ANEXOS.pdf
21,PUEBLA,177,SAN SEBASTIAN TLACOTEPEC,8,17,2895,1858,95,205,436,67,181,5,27,439,13,6221,0,255,6476,8172,https://www.ieepuebla.org.mx/2018/computos/CG_AC_125_2018_ANEXOS.pdf
21,PUEBLA,146,SANTA CATARINA TLALTEMPAN,1,1,185,241,3,,,1,,54,45,,,529,25,21,575,748,https://www.ieepuebla.org.mx/2018/computos/CG_AC_125_2018_ANEXOS.pdf
21,PUEBLA,147,SANTA INES AHUATEMPAN,4,7,670,1312,19,167,,15,44,2,2,1058,42,3331,0,104,3435,4529,https://www.ieepuebla.org.mx/2018/computos/CG_AC_125_2018_ANEXOS.pdf
21,PUEBLA,148,SANTA ISABEL CHOLULA,5,13,1603,263,75,128,1396,92,153,8,171,759,60,4708,0,311,5019,7645,https://www.ieepuebla.org.mx/2018/computos/CG_AC_125_2018_ANEXOS.pdf
21,PUEBLA,149,SANTIAGO MIAHUATLAN,6,27,2030,1777,85,1081,2137,146,81,112,302,2907,74,10732,20,417,11169,17231,https://www.ieepuebla.org.mx/2018/computos/CG_AC_125_2018_ANEXOS.pdf
21,PUEBLA,150,SANTO TOMAS HUEYOTLIPAN,3,9,745,175,10,71,,12,750,1283,286,1138,26,4496,1,132,4629,6130,https://www.ieepuebla.org.mx/2018/computos/CG_AC_125_2018_ANEXOS.pdf
21,PUEBLA,151,SOLTEPEC,6,15,409,593,529,164,1589,201,611,301,824,564,46,5831,2,401,6234,8814,https://www.ieepuebla.org.mx/2018/computos/actas_mpios/DTTO_13_CME_SOLTEPEC.pdf
21,PUEBLA,152,TECALI DE HERRERA,9,25,2784,2000,162,444,138,147,459,29,28,4396,155,10742,3,423,11168,15067,https://www.ieepuebla.org.mx/2018/computos/CG_AC_125_2018_ANEXOS.pdf
21,PUEBLA,153,TECAMACHALCO,23,85,8526,3201,1485,868,1427,1140,198,5975,2359,9392,422,34993,11,1653,36657,53689,https://www.ieepuebla.org.mx/2018/computos/actas_mpios/DTTO_15_CME_TECAMACHALCO.pdf
21,PUEBLA,154,TECOMATLAN,5,10,125,1688,26,114,,12,,2,13,396,18,2394,0,97,2491,4794,https://www.ieepuebla.org.mx/2018/computos/CG_AC_125_2018_ANEXOS.pdf
21,PUEBLA,155,TEHUACAN,83,327,23718,12193,1645,4869,23369,1112,1480,1268,1277,61243,1655,133829,40,4214,138083,216180,https://www.ieepuebla.org.mx/2018/computos/actas_mpios/DTTO_24_CME_TEHUACAN.pdf
21,PUEBLA,156,TEHUITZINGO,8,21,1079,2394,58,109,,235,,7,26,2303,39,6250,0,163,6413,9608,https://www.ieepuebla.org.mx/2018/computos/actas_mpios/DTTO_23_CME_TEHUITZINGO.pdf
21,PUEBLA,157,TENAMPULCO,8,12,882,1414,11,43,712,18,242,14,1,645,17,3999,0,167,4166,5261,https://www.ieepuebla.org.mx/2018/computos/actas_mpios/DTTO_05_CME_TENAMPULCO.pdf
21,PUEBLA,158,TEOPANTLAN,5,8,1357,800,11,87,,6,,2,7,98,4,2372,0,119,2491,3489,https://www.ieepuebla.org.mx/2018/computos/CG_AC_125_2018_ANEXOS.pdf
21,PUEBLA,159,TEOTLALCO,4,6,35,463,96,20,9,4,730,433,45,59,2,1896,0,71,1967,2559,https://www.ieepuebla.org.mx/2018/computos/CG_AC_125_2018_ANEXOS.pdf
21,PUEBLA,160,TEPANCO DE LOPEZ,7,24,2587,2374,69,173,63,152,2917,87,817,1385,51,10675,3,654,11332,15051,https://www.ieepuebla.org.mx/2018/computos/CG_AC_125_2018_ANEXOS.pdf
21,PUEBLA,161,TEPANGO DE RODRIGUEZ,2,5,302,240,12,37,90,455,352,37,463,129,12,2129,0,220,2349,2899,https://www.ieepuebla.org.mx/2018/computos/CG_AC_125_2018_ANEXOS.pdf
21,PUEBLA,162,TEPATLAXCO DE HIDALGO,7,20,1344,1090,247,285,1122,44,15,18,2484,1761,137,8547,7,358,8912,11798,https://www.ieepuebla.org.mx/2018/computos/CG_AC_125_2018_ANEXOS.pdf
21,PUEBLA,163,TEPEACA,24,90,11542,9038,544,862,2345,930,314,210,263,9373,347,35768,4,1549,37321,54888,https://www.ieepuebla.org.mx/2018/computos/CG_AC_125_2018_ANEXOS.pdf
21,PUEBLA,164,TEPEMAXALCO,1,2,141,130,3,7,322,2,,0,0,24,1,630,0,22,652,880,https://www.ieepuebla.org.mx/2018/computos/CG_AC_125_2018_ANEXOS.pdf
21,PUEBLA,165,TEPEOJUMA,6,15,0,0,0,0,0,0,0,0,0,0,0,0,0,0,0,6715,https://www.ieepuebla.org.mx/2018/computos/ayu_resoluciones/TEPEOJUMA-SCM-JRC-0244-2018.pdf
21,PUEBLA,166,TEPETZINTLA,6,12,1158,1479,16,82,40,24,1324,161,491,117,18,4910,0,548,5458,7018,https://www.ieepuebla.org.mx/2018/computos/actas_mpios/DTTO_04_CME_TEPETZINTLA.pdf
21,PUEBLA,167,TEPEXCO,3,8,55,1206,438,74,725,13,,5,4,174,919,3613,2,180,3795,4881,https://www.ieepuebla.org.mx/2018/computos/CG_AC_125_2018_ANEXOS.pdf
21,PUEBLA,168,TEPEXI DE RODRIGUEZ,11,26,969,3373,69,194,104,176,1278,34,29,2680,112,9018,0,612,9630,14383,https://www.ieepuebla.org.mx/2018/computos/CG_AC_125_2018_ANEXOS.pdf
21,PUEBLA,169,TEPEYAHUALCO,7,21,2323,2160,273,83,1117,778,1158,47,347,685,43,9014,1,467,9482,12192,https://www.ieepuebla.org.mx/2018/computos/CG_AC_125_2018_ANEXOS.pdf
21,PUEBLA,170,TEPEYAHUALCO DE CUAUHTEMOC,1,4,84,172,733,12,,27,,21,974,80,3,2106,3,140,2249,2712,https://www.ieepuebla.org.mx/2018/computos/actas_mpios/DTTO_23_CME_TEPEYAHUALCO_DE_CUAUTEMOC.pdf
21,PUEBLA,171,TETELA DE OCAMPO,15,32,2417,5991,175,140,32,1208,95,3079,34,820,40,14031,3,856,14890,18777,https://www.ieepuebla.org.mx/2018/computos/CG_AC_125_2018_ANEXOS.pdf
21,PUEBLA,172,TETELES DE AVILA CASTILLO,2,7,1225,436,26,122,265,175,93,108,157,641,10,3258,1,140,3399,4397,https://www.ieepuebla.org.mx/2018/computos/actas_mpios/DTTO_05_CME_TETELES_DE_AVILA_CASTILLO.pdf
21,PUEBLA,173,TEZIUTLAN,41,116,11319,6462,372,663,770,436,1210,17084,426,6111,337,45190,52,1586,46828,71760,https://www.ieepuebla.org.mx/2018/computos/CG_AC_125_2018_ANEXOS.pdf
21,PUEBLA,174,TIANGUISMANALCO,6,15,1059,557,209,45,530,264,441,79,399,412,10,4005,3,184,4192,8107,https://www.ieepuebla.org.mx/2018/computos/actas_mpios/TIANGUISMANALCO - RESOLUCION.pdf
21,PUEBLA,175,TILAPA,3,13,837,1743,118,100,,62,98,43,729,690,58,4478,1,243,4722,6800,https://www.ieepuebla.org.mx/2018/computos/CG_AC_125_2018_ANEXOS.pdf
21,PUEBLA,179,TLACHICHUCA,14,38,2217,2094,129,2827,1772,801,988,400,482,2244,161,14115,2,790,14907,20335,https://www.ieepuebla.org.mx/2018/computos/actas_mpios/DTTO_14_CME_TLACHICHUCA.pdf
21,PUEBLA,176,TLACOTEPEC DE BENITO JUAREZ,17,60,4750,3015,146,2064,82,117,1487,2871,4446,3637,162,22777,3,2201,24981,34998,https://www.ieepuebla.org.mx/2018/computos/actas_mpios/DTTO_24_TLACOTEPEC DE BENITO JUAREZ ACTA FINAL DE ESCRUTINIO Y COMPUTO LEVANTADA EN EL CGIEE (ACTA 33).pdf
21,PUEBLA,178,TLACUILOTEPEC,10,24,990,4307,366,173,,1890,,17,26,703,39,8511,1,475,8987,11719,https://www.ieepuebla.org.mx/2018/computos/actas_mpios/DTTO_01_CME_TLACUILOTEPEC.pdf
21,PUEBLA,180,TLAHUAPAN,15,46,2696,4761,205,1041,1198,631,1956,2366,604,2253,159,17870,12,950,18832,27932,https://www.ieepuebla.org.mx/2018/computos/actas_mpios/DTTO_07_CME_TLAHUAPAN.pdf
21,PUEBLA,181,TLALTENANGO,3,8,1151,227,28,154,,15,,21,133,783,38,2550,3,117,2670,4696,https://www.ieepuebla.org.mx/2018/computos/CG_AC_125_2018_ANEXOS.pdf
21,PUEBLA,182,TLANEPANTLA,2,6,418,780,560,41,,319,,121,10,298,9,2556,1,94,2651,3403,https://www.ieepuebla.org.mx/2018/computos/CG_AC_125_2018_ANEXOS.pdf
21,PUEBLA,183,TLAOLA,9,27,3774,3148,140,140,25,843,36,8,30,1357,39,9540,16,416,9972,14179,https://www.ieepuebla.org.mx/2018/computos/actas_mpios/TLAOLA - RESOLUCION.pdf
21,PUEBLA,184,TLAPACOYA,5,10,1188,718,25,45,115,11,1001,10,2,794,28,3937,0,93,4030,4755,https://www.ieepuebla.org.mx/2018/computos/CG_AC_125_2018_ANEXOS.pdf
21,PUEBLA,185,TLAPANALA,5,11,741,537,175,94,14,1280,714,562,157,516,50,4840,1,221,5062,6723,https://www.ieepuebla.org.mx/2018/computos/actas_mpios/DTTO_22_CME_TLAPANALA.pdf
21,PUEBLA,186,TLATLAUQUITEPEC,23,64,4718,3106,219,882,702,1898,2522,641,3836,3555,168,22247,0,1572,23819,37763,https://www.ieepuebla.org.mx/2018/computos/actas_mpios/DTTO_05_TLATLAUQUITEPEC ACTA FINAL DE ESCRUTINIO Y COMPUTO LEVANTADA EN EL CGIEE (ACTA 33).pdf
21,PUEBLA,187,TLAXCO,4,9,666,96,79,19,1243,486,,89,471,34,4,3187,0,115,3302,3814,https://www.ieepuebla.org.mx/2018/computos/actas_mpios/DTTO_01_CME_TLAXCO.pdf
21,PUEBLA,188,TOCHIMILCO,11,22,2554,2139,43,175,2035,620,,19,10,1102,198,8895,0,378,9273,12735,https://www.ieepuebla.org.mx/2018/computos/actas_mpios/DTTO_21_CME_TOCHIMILCO.pdf
21,PUEBLA,189,TOCHTEPEC,7,22,2429,2836,76,670,642,330,,38,1709,1443,79,10252,0,495,10747,14163,https://www.ieepuebla.org.mx/2018/computos/CG_AC_125_2018_ANEXOS.pdf
21,PUEBLA,190,TOTOLTEPEC DE GUERRERO,2,3,293,339,5,5,,2,,103,0,46,2,795,0,11,806,958,https://www.ieepuebla.org.mx/2018/computos/CG_AC_125_2018_ANEXOS.pdf
21,PUEBLA,191,TULCINGO,7,15,406,2607,796,109,17,23,,11,137,350,27,4483,1,228,4712,7529,https://www.ieepuebla.org.mx/2018/computos/CG_AC_125_2018_ANEXOS.pdf
21,PUEBLA,192,TUZAMAPAN DE GALEANA,3,7,598,957,52,133,201,1116,,4,3,447,19,3530,0,147,3677,4415,https://www.ieepuebla.org.mx/2018/computos/CG_AC_125_2018_ANEXOS.pdf
21,PUEBLA,193,TZICATLACOYAN,4,10,68,1035,13,29,,113,593,17,995,157,6,3026,711,213,3950,5075,https://www.ieepuebla.org.mx/2018/computos/CG_AC_125_2018_ANEXOS.pdf
21,PUEBLA,194,VENUSTIANO CARRANZA,16,41,8073,356,236,379,51,96,,40,31,5836,145,15243,1,423,15667,20881,https://www.ieepuebla.org.mx/2018/computos/actas_mpios/DTTO_01_CME_VENUSTIANO_CARRANZA.pdf
21,PUEBLA,195,VICENTE GUERRERO,11,29,5730,6256,97,112,,22,,14,16,317,28,12592,0,668,13260,16757,https://www.ieepuebla.org.mx/2018/computos/CG_AC_125_2018_ANEXOS.pdf
21,PUEBLA,196,XAYACATLAN DE BRAVO,2,3,5,464,10,9,4,238,274,0,6,44,2,1056,0,67,1123,1428,https://www.ieepuebla.org.mx/2018/computos/CG_AC_125_2018_ANEXOS.pdf
21,PUEBLA,197,XICOTEPEC,29,96,9424,14683,602,1074,788,222,441,92,184,8624,283,36417,24,1407,37848,55468,https://www.ieepuebla.org.mx/2018/computos/CG_AC_125_2018_ANEXOS.pdf
21,PUEBLA,198,XICOTLAN,2,2,351,233,2,,,4,,5,0,301,3,899,0,11,910,1081,https://www.ieepuebla.org.mx/2018/computos/CG_AC_125_2018_ANEXOS.pdf
21,PUEBLA,199,XIUTETELCO,12,43,6990,9514,69,171,72,95,77,258,18,1384,61,18709,2,985,19696,26446,https://www.ieepuebla.org.mx/2018/computos/CG_AC_125_2018_ANEXOS.pdf
21,PUEBLA,200,XOCHIAPULCO,2,7,767,874,20,18,,12,131,4,1,173,8,2008,0,89,2097,2770,https://www.ieepuebla.org.mx/2018/computos/CG_AC_125_2018_ANEXOS.pdf
21,PUEBLA,201,XOCHILTEPEC,2,4,394,306,23,19,,11,,357,197,283,13,1603,0,92,1695,2520,https://www.ieepuebla.org.mx/2018/computos/CG_AC_125_2018_ANEXOS.pdf
21,PUEBLA,202,XOCHITLAN DE VICENTE SUAREZ,4,13,952,3021,32,70,,1208,73,23,22,307,22,5730,0,502,6232,8493,https://www.ieepuebla.org.mx/2018/computos/actas_mpios/DTTO_04_CME_XOCHITLAN_DE_VICENTE_SUAREZ.pdf
21,PUEBLA,203,XOCHITLAN TODOS SANTOS,3,7,470,1085,23,366,867,20,,43,194,250,25,3343,0,224,3567,4602,https://www.ieepuebla.org.mx/2018/computos/CG_AC_125_2018_ANEXOS.pdf
21,PUEBLA,204,YAONAHUAC,4,10,764,283,693,253,,21,1289,219,568,128,19,4237,1,163,4401,5545,https://www.ieepuebla.org.mx/2018/computos/CG_AC_125_2018_ANEXOS.pdf
21,PUEBLA,205,YEHUALTEPEC,9,26,1910,642,285,164,45,2187,,106,680,1711,64,7794,0,651,8445,16590,https://www.ieepuebla.org.mx/2018/computos/CG_AC_125_2018_ANEXOS.pdf
21,PUEBLA,206,ZACAPALA,4,6,516,764,20,24,117,386,,15,7,307,14,2170,2,87,2259,3308,https://www.ieepuebla.org.mx/2018/computos/CG_AC_125_2018_ANEXOS.pdf
21,PUEBLA,207,ZACAPOAXTLA,27,65,4892,4846,3855,1257,348,395,230,99,72,7624,276,23894,9,1238,25141,38086,https://www.ieepuebla.org.mx/2018/computos/CG_AC_125_2018_ANEXOS.pdf
21,PUEBLA,208,ZACATLAN,30,103,9802,16045,389,1055,497,304,886,206,96,9068,392,38740,36,2338,41114,59565,https://www.ieepuebla.org.mx/2018/computos/actas_mpios/DTTO_03_CME_ZACATLAN.pdf
21,PUEBLA,209,ZAPOTITLAN,9,14,201,2412,113,38,,1031,28,596,7,490,16,4932,0,256,5188,6679,https://www.ieepuebla.org.mx/2018/computos/CG_AC_125_2018_ANEXOS.pdf
21,PUEBLA,210,ZAPOTITLAN DE MENDEZ,3,7,1057,1176,7,355,11,8,63,6,2,557,40,3282,1,86,3369,4022,https://www.ieepuebla.org.mx/2018/computos/CG_AC_125_2018_ANEXOS.pdf
21,PUEBLA,211,ZARAGOZA,6,21,1094,1457,51,113,3358,219,256,80,490,969,34,8121,0,364,8485,11553,https://www.ieepuebla.org.mx/2018/computos/CG_AC_125_2018_ANEXOS.pdf
21,PUEBLA,212,ZAUTLA,12,27,260,729,2897,204,747,2963,23,11,14,2916,63,10827,0,551,11378,14084,https://www.ieepuebla.org.mx/2018/computos/actas_mpios/DTTO_04_CME_ZAUTLA.pdf
21,PUEBLA,213,ZIHUATEUTLA,7,18,1991,447,49,82,24,2699,55,7,1526,280,21,7181,0,483,7664,9532,https://www.ieepuebla.org.mx/2018/computos/CG_AC_125_2018_ANEXOS.pdf
21,PUEBLA,214,ZINACATEPEC,6,18,1025,2295,134,814,70,38,207,1057,102,2859,74,8675,1,294,8970,11491,https://www.ieepuebla.org.mx/2018/computos/actas_mpios/DTTO_26_CME_ZINACATEPEC.pdf
21,PUEBLA,215,ZONGOZOTLA,2,5,657,862,17,24,914,243,,1,1,52,14,2785,0,161,2946,3485,https://www.ieepuebla.org.mx/2018/computos/actas_mpios/DTTO_04_CME_ZONGOZOTLA.pdf
21,PUEBLA,216,ZOQUIAPAN,2,4,31,598,29,21,,36,17,482,118,43,4,1379,0,85,1464,1816,https://www.ieepuebla.org.mx/2018/computos/CG_AC_125_2018_ANEXOS.pdf
21,PUEBLA,217,ZOQUITLAN,12,22,230,692,3062,289,,67,316,24,78,3409,400,8567,2,554,9123,12477,https://www.ieepuebla.org.mx/2018/computos/CG_AC_125_2018_ANEXOS.pdf
