﻿ID_ESTADO,NOMBRE_ESTADO,ID_MUNICIPIO,MUNICIPIO,SECCIONES,CASILLAS,PAN,PRI,PRD,PT,PVEM,MC,NA,PCPP,PSI,MORENA,ES,PT_MORENA_ES,PT_MORENA,PT_ES,MORENA_ES,C_COMUN_PAN_PRD_MC_PCPP_PSI,PAN_PRD_MC_PCPP,PAN_PRD_MC_PSI,PAN_PRD_PCPP_PSI,PAN_MC_PCPP_PSI,PRD_MC_PCPP_PSI,PAN_PRD_MC,PAN_PRD_PCPP,PAN_PRD_PSI,PAN_MC_PCPP,PAN_MC_PSI,PAN_PCPP_PSI,PRD_MC_PCPP,PRD_MC_PSI,PRD_PCPP_PSI,MC_PCPP_PSI,PAN_PRD,PAN_MC,PAN_PCPP,PAN_PSI,PRD_MC,PRD_PCPP,PRD_PSI,MC_PCPP,MC_PSI,PCPP_PSI,C_COMUN_PAN_PRD_MC_PCPP,PAN_PRD_MC,PAN_PRD_PCPP,PAN_MC_PCPP,PRD_MC_PCPP,PAN_PRD,PAN_MC,PAN_PCPP,PRD_MC,PRD_PCPP,MC_PCPP,C_COMUN_PAN_PRD_MC_PSI,PAN_PRD_MC,PAN_PRD_PSI,PAN_MC_PSI,PRD_MC_PSI,PAN_PRD,PAN_MC,PAN_PSI,PRD_MC,PRD_PSI,MC_PSI,C_COMUN_PAN_PRD_PCPP_PSI,PAN_PRD_PCPP,PAN_PRD_PSI,PAN_PCPP_PSI,PRD_PCPP_PSI,PAN_PRD,PAN_PCPP,PAN_PSI,PRD_PCPP,PRD_PSI,PCPP_PSI,C_COMUN_PAN_MC_PCPP_PSI,PAN_MC_PCPP,PAN_MC_PSI,PAN_PCPP_PSI,MC_PCPP_PSI,PAN_MC,PAN_PCPP,PAN_PSI,MC_PCPP,MC_PSI,PCPP_PSI,C_COMUN_PAN_PRD_MC,PAN_PRD,PAN_MC,PRD_MC,C_COMUN_PAN_PRD_PCPP,PAN_PRD,PAN_PCPP,PRD_PCPP,C_COMUN_PAN_PRD_PSI,PAN_PRD,PAN_PSI,PRD_PSI,C_COMUN_PAN_MC_PCPP,PAN_MC,PAN_PCPP,MC_PCPP,C_COMUN_PAN_MC_PSI,PAN_MC,PAN_PSI,MC_PSI,C_COMUN_PAN_PCPP_PSI,PAN_PCPP,PAN_PSI,PCPP_PSI,C_COMUN_PRD_MC_PCPP,PRD_MC,PRD_PCPP,MC_PCPP,C_COMUN_PRD_MC_PSI,PRD_MC,PRD_PSI,MC_PSI,C_COMUN_PRD_PCPP_PSI,PRD_PCPP,PRD_PSI,PCPP_PSI,C_COMUN_PVEM_PCPP_PSI,PVEM_PCPP,PVEM_PSI,PCPP_PSI,C_COMUN_MC_PCPP_PSI,MC_PCPP,MC_PSI,PCPP_PSI,C_COMUN_PAN_PRD,C_COMUN_PAN_MC,C_COMUN_PAN_PCPP,C_COMUN_PAN_PSI,C_COMUN_PRI_NA,C_COMUN_PRD_MC,C_COMUN_PRD_PCPP,C_COMUN_PRD_PSI,C_COMUN_PVEM_PCPP,C_COMUN_PVEM_PSI,C_COMUN_MC_PCPP,C_COMUN_MC_PSI,C_COMUN_NA_PCPP,C_COMUN_PCPP_PSI,CAN_IND1,CAN_IND2,CAN_IND3,CAN_IND4,CAN_IND5,CAN_IND6,CAN_IND7,CAN_IND8,CAN_IND9,CAN_IND10,CAN_IND11,CAN_IND12,CAN_IND13,CAN_IND14,CAN_IND15,CAN_IND16,CAN_IND17,NUM_VOTOS_VALIDOS,NUM_VOTOS_CAN_NREG,NUM_VOTOS_NULOS,TOTAL_VOTOS,LISTA_NOMINAL,RUTA_ACTA
21,PUEBLA,1,ACAJETE,19,69,2985,1692,1024,1165,409,2088,172,594,2376,12632,467,854,168,50,152,,,,,,,,,,,,,,,,,,,,,,,,,,,,,,,,,,,,,,,,,,,,,,,,,,,,,,,,,,,,,,,,,,,,,,,,,,,,,,,,,,,,,,,,,,,,,,,,,,,,,,,,,,,,,,,,,,,225,,,,,,,,,,,,,,,,,,,,,,,,,,,,,,,27053,3,1249,28305,44025,
21,PUEBLA,2,ACATENO,8,14,1507,444,170,61,645,90,64,744,1007,318,19,4,6,0,0,,,,,,,,,,,,,,,,,,,,,,,,,,,,,,,,,,,,,,,,,,,,,,,,,,,,,,,,,,,,,,,,,,,,,,,58,55,2,2,,,,,,,,,,,,,,,,,,,,,,,,,,,,,,,,,,,,,,,,,,,,,,,,,,,,,14,,,,,,,,,,,,,,,,,,,5210,0,255,5465,6839,
21,PUEBLA,3,ACATLAN,17,52,3561,2281,539,457,304,160,3342,249,426,4709,115,106,45,16,35,,,,,,,,,,,,,,,,,,,,,,,,,,,,,,,,,,,,,,,,,,,,,,,,,,,,,,,,,,,,,,,,,,,,,,,57,65,10,7,,,,,,,,,,,,,,,,,,,,,,,,,,,,,,,,,,,,,,,,,,,,,,,,,,17,,,,,,,,,,,,,,,,,,,,,,16501,15,803,17319,28104,
21,PUEBLA,4,ACATZINGO,16,60,3940,5827,702,973,431,391,301,472,548,9190,218,300,137,28,100,,,,,,,,,,,,,,,,,,,,,,,,,,,,,,,,,,,,,,52,29,16,15,11,54,17,31,4,6,4,,,,,,,,,,,,,,,,,,,,,,,,,,,,,,,,,,,,,,,,,,,,,,,,,,,,,,,,,,,,,,,,,,,,,,,,,,,,,,,,,,,,,,,,,,,,,,,,,,23797,8,857,24662,36284,
21,PUEBLA,5,ACTEOPAN,3,4,50,794,23,,,31,,4,1011,,,,,,,,,,,,,,,,,,,,,,,,,,,,,,,,,,,,,,,,,,,,,,,,,,,,,,,,,,,,,,,,,,,,,,,,,,,,,,,,,,,,,,,,,,,,,,,,,,,,,,,,,,,,,,,,,,,,,,,,,,,,,,9,,,,,,,,,,,,,,,,,,,,,,,,,,1922,3,71,1996,2289,
21,PUEBLA,6,AHUACATLAN,7,19,168,3454,1016,93,74,377,49,1987,384,161,47,5,0,3,2,,,,,,,,,,,,,,,,,,,,,,,,,,,,,,,,,,,,,,,,,,,,,,,,,,,,,,,,,,,,,,,,,,,,,,,38,13,1,23,,,,,,,,,,,,,,,,,,,,,,,,,,,,,,,,,26,5,2,58,,,,,,,,,,,,,,,,,,,,,,,,,,,,,,,,,,,,7986,0,478,8464,10223,
21,PUEBLA,7,AHUATLAN,4,5,172,601,5,16,275,159,,2,7,429,13,10,3,1,3,,,,,,,,,,,,,,,,,,,,,,,,,,,,,,,,,,,,,,,,,,,,,,,,,,,,,,,,,,,,,,,,,,,,,,,,,,,,,,,,,,,,,,,,,,,,,,,,,,,,,,,,,,,,,,,,,,,1,,,,,,,,,,,,,,,,,,,,,,,,,,,,,,,1697,0,73,1770,2545,
21,PUEBLA,8,AHUAZOTEPEC,4,14,,,,,,,,,,,,,,,,,,,,,,,,,,,,,,,,,,,,,,,,,,,,,,,,,,,,,,,,,,,,,,,,,,,,,,,,,,,,,,,,,,,,,,,,,,,,,,,,,,,,,,,,,,,,,,,,,,,,,,,,,,,,,,,,,,,,,,,,,,,,,,,,,,,,,,,,,,,,,,,,,,,,,7541,https://www.ieepuebla.org.mx/2018/computos/ayu_resoluciones/AHUAZOTEPEC-SCM-JRC-0236-2018.pdf
21,PUEBLA,9,AHUEHUETITLA,1,4,190,273,2,51,,8,,175,21,469,31,6,3,1,4,,,,,,,,,,,,,,,,,,,,,,,,,,,,,,,,,,,,,,,,,,,,,,,,,,,,,,,,,,,,,,,,,,,,,,,,,,,,,,,,,,,,,,,,,,,,,,,,,,,,,,,,,,,,,,,,,,,,,,,,,,0,,,0,,,,,,,,,,,,,,,,,,,,,1234,0,49,1283,1823,
21,PUEBLA,10,AJALPAN,22,72,9087,7769,3926,546,171,213,172,207,285,7831,195,105,62,10,84,,,,,,,,,,,,,,,,,,,,,,,,,,,,,,,,,,,,,,,,,,,,,,,,,,,,,,,,,,,,,,,,,,,,,,,,,,,,,,,,,,,,,,,,,,,55,33,31,8,,,,,,,,,,,,,,,,,,,,,,,,,,58,,,,,,,,,,,,,,,,,,,,,,,,,,30848,7,1963,32817,41977,https://www.ieepuebla.org.mx/2018/computos/ayu_resoluciones/SCM_JRC_2018_241_567060_65019.pdf
21,PUEBLA,11,ALBINO ZERTUCHE,1,2,429,429,2,12,,8,,0,120,96,1,0,2,0,2,,,,,,,,,,,,,,,,,,,,,,,,,,,,,,,,,,,,,,,,,,,,,,,,,,,,,,,,,,,,,,,,,,,,,,,5,2,0,0,,,,,,,,,,,,,,,,,,,,,,,,,,,,,,,,,,,,,,,,,,,,,,,,,,,,,,,,,,,,,,,,,,,,,,,,1108,0,14,1122,1445,https://www.ieepuebla.org.mx/2018/computos/actas_mpios/DTTO_22_ALBINO ZERTUCHE ACTA FINAL DE ESCRUTINIO Y COMPUTO LEVANTADA EN EL CGIEE (ACTA 33).pdf
21,PUEBLA,12,ALJOJUCA,4,9,930,581,21,24,,250,529,1041,309,122,21,1,0,0,3,,,,,,,,,,,,,,,,,,,,,,,,,,,,,,,,,,,,,,,,,,,,,,,,,,,,,,,,,,,,,,,,,,,,,,,,,,,,,,,,,,,,,,,,,,,,,,,,,,,,,,,,,,,,,,,,,,,,,,,,17,,,,,,,,,,,,,,,,,,,,,,,,,,3849,2,170,4021,4858,https://www.ieepuebla.org.mx/2018/computos/actas_mpios/DTTO_14_ALJOJUCA ACTA FINAL DE ESCRUTINIO Y COMPUTO LEVANTADA EN EL CGIEE (ACTA 33).pdf
21,PUEBLA,13,ALTEPEXI,6,21,1472,1300,60,40,42,1799,1648,2856,59,1335,31,1,4,1,10,,,,,,,,,,,,,,,,,,,,,,,,,,,,,,,,,,,,,,,,,,,,,,,,,,,,,,,,,,,,,,,,,,,,,,,,,,,,,,,,,,,,,,,,,,,,,,,,,,,,,,,,,,,,,,,,,,,,,,,,17,,,,,,,,,,,,,,,,,,,,,,,,,,10675,1,419,11095,13488,https://www.ieepuebla.org.mx/2018/computos/actas_mpios/DTTO_26_CME_ALTEPEXI.pdf
21,PUEBLA,14,AMIXTLAN,3,7,242,389,1056,27,765,10,,1,5,64,6,2,0,2,1,,,,,,,,,,,,,,,,,,,,,,,,,,,,,,,,,,,,,,,,,,,,,,,,,,,,,,,,,,,,,,,,,,,,,,,,,,,,,,,,,,,,,,,,,,,,,,,,,,,,,,,,,,,,,,,,,,,,,6,,,18,,,,,,,,,,,,,,,,,,,,,,,,,,2594,2,168,2764,3459,
21,PUEBLA,15,AMOZOC,18,101,9393,4093,310,1114,1211,3076,1017,1405,3889,15494,617,532,164,28,224,,,,,,,,,,,,,,,,,,,,,,,,,,,,,,,,,,,,,,,,,,,,,,,,,,,,,,,,,,,,,,,,,,,,,,,,,,,,,,,,,,,,,,,,,,,,,,,,,,,,,,,,,,,,,,,,,,,148,,,,,,,,,,,633,,,,,,,,,,,,,,,,,,,,43348,33,1893,45274,68752,https://www.ieepuebla.org.mx/2018/computos/actas_mpios/DTTO_12_CME_AMOZOC_DE_MOTA.pdf
21,PUEBLA,16,AQUIXTLA,5,10,1067,2176,29,40,,642,38,186,16,137,14,4,1,2,24,,,,,,,,,,,,,,,,,,,,,,,,,,,,,,,,,,,,,,,,,,,,,,,,,,,,,,,,,,,,,,,,,,,,,,,,,,,,,,,,,,,,,,,,,,,,,,,,,,,,,,,,,,,,,,,,,,,,,97,,,11,,,,,,,,,,,,,,,,,,,,,,,,,,4484,32,258,4774,6004,https://www.ieepuebla.org.mx/2018/computos/actas_mpios/DTTO_03_CME_AQUIXTLA.pdf
21,PUEBLA,17,ATEMPAN,9,31,1963,4842,51,272,144,72,4453,39,39,772,23,21,12,2,5,,,,,,,,,,,,,,,,,,,,,,,,,,,,,,,,,,,,,,,,,,,,,,,,,,,,,,,,,,,,,,,,,,,,,,,18,16,3,1,,,,,,,,,,,,,,,,,,,,,,,,,,,,,,,,,,,,,,,,,,,,,,,,,,,,,,,,,,,,,,,,,,,,,,,,12748,2,922,13672,18161,
21,PUEBLA,18,ATEXCAL,6,7,703,1193,7,13,2,9,,127,3,55,8,6,0,0,2,,,,,,,,,,,,,,,,,,,,,,,,,,,11,0,4,2,1,4,4,24,0,0,0,,,,,,,,,,,,,,,,,,,,,,,,,,,,,,,,,,,,,,,,,,,,,,,,,,,,,,,,,,,,,,,,,,,,,,,,,,,,,,,,,,,,,,,,,,,,,,,,,,,,,,,,,,,,,2178,0,95,2273,2775,
21,PUEBLA,82,ATLEQUIZAYAN,2,4,213,787,6,15,,3,,1,0,553,8,4,0,0,1,,,,,,,,,,,,,,,,,,,,,,,,,,,,,,,,,,,,,,,,,,,,,,,,,,,,,,,,,,,,,,,,,,,,,,,,,,,,,,,,,,,,,,,,,,,,,,,,,,,,,,,,,,,,,,,,,,,,,,,,,,,,,0,,,,,,,,,,,,,,,,,,,,,1591,0,19,1610,1889,https://www.ieepuebla.org.mx/2018/computos/actas_mpios/DTTO_04_CME_ATLEQUIZAYAN.pdf
21,PUEBLA,19,ATLIXCO,68,170,23257,11061,632,1235,1282,369,1159,488,379,21506,453,245,453,151,22,,,,,,,,,,,,,,,,,,,,,,,,,,,,,,,,,,,,,,,,,,,,,,,,,,,,,,,,,,,,,,,,,,,,,,,,,,,,,,,,,,,,,,,,,,,,,,,,,,,,,,,,,,,,,,,,,,,150,,,,,,,,,,,,,,,,,,,,,,,,,,,,,,,62842,127,2425,65394,103235,https://www.ieepuebla.org.mx/2018/computos/actas_mpios/ATLIXCO - RESOLUCION.pdf
21,PUEBLA,20,ATOYATEMPAN,2,7,91,402,23,238,265,64,19,375,762,1334,28,53,41,5,16,,,,,,,,,,,,,,,,,,,,,,,,,,,,,,,,,,,,,,,,,,,,,,,,,,,,,,,,,,,,,,,,,,,,,,,,,,,,,,,,,,,,,,,,,,,,,,,,,,,,,,,,,,,,,,,,,,,6,,,,,,,,,,,32,,,,,,,,,,,,,,,,,,,,3754,1,141,3896,4905,https://www.ieepuebla.org.mx/2018/computos/actas_mpios/DTTO_12_CME_ATOYATEMPAN.pdf
21,PUEBLA,21,ATZALA,1,2,27,408,1,3,397,1,,13,1,14,0,0,0,0,0,,,,,,,,,,,,,,,,,,,,,,,,,,,,,,,,,,,,,,,,,,,,,,,,,,,,,,,,,,,,,,,,,,,,,,,,,,,,,,,,,,,,,,,,,,,,,,,,,,,,,,,,,,,,,,,,,,,0,,,,,,,,,,,,,,,,,,,,,,,,,,,,,,,865,0,31,896,1074,
21,PUEBLA,22,ATZITZIHUACAN,9,18,1711,2079,1318,102,31,358,20,14,8,479,9,18,11,1,7,,,,,,,,,,,,,,,,,,,,,,,,,,,,,,,,,,,,,,,,,,,,,,,,,,,,,,,,,,,,,,,,,,,,,,,100,67,2,13,,,,,,,,,,,,,,,,,,,,,,,,,,,,,,,,,,,,,,,,,,,,,,,,,,,,,0,,,,,,,,,,,,,,,,,,,6348,0,272,6620,9014,
21,PUEBLA,23,ATZITZINTLA,5,13,65,291,592,90,,1505,1454,12,31,580,15,27,5,1,11,,,,,,,,,,,,,,,,,,,,,,,,,,,,,,,,,,,,,,,,,,,,,,,,,,,,,,,,,,,,,,,,,,,,,,,,,,,,,,,,,,,,,,,,,,,,,,,,,,,,,,,,,,,,,,,,,,,27,,,,,,,,,,14,,,,,,,,,,,,,,,,,,,,,4720,1,193,4914,6190,https://www.ieepuebla.org.mx/2018/computos/actas_mpios/DTTO_14_CME_ATZITZINTLA.pdf
21,PUEBLA,24,AXUTLA,2,3,346,326,2,,,3,,1,1,,,,,,,,,,,,,,,,,,,,,,,,,,,,,,,,,,,,,,,,,,,,,,,,,,,,,,,,,,,,,,,,,,,,,,,,,,,,,,,,,,,,,3,1,0,0,,,,,,,,,,,,,,,,,,,,,,,,,,,,,,,,,,,,,,,,,,,,,,,,,,,,,,,,,,,,,,,,683,0,17,700,1059,https://www.ieepuebla.org.mx/2018/computos/actas_mpios/DTTO_23_CME_AXUTLA.pdf
21,PUEBLA,25,AYOTOXCO DE GUERRERO,4,10,1064,1151,213,30,937,18,,598,11,168,15,1,0,0,0,,,,,,,,,,,,,,,,,,,,,,,,,,,,,,,,,,,,,,,,,,,,,,,,,,,,,,,,,,,,,,,,,,,,,,,,,,,,,,,,,,,,,,,,,,,,,,,,,,,,,,,,,,,,,,,,,,,,,,13,,3,,,,,,,,,,,,,,,,,,,,,,,,,,4222,1,188,4411,5880,
21,PUEBLA,26,CALPAN,8,18,970,459,73,214,436,952,334,25,939,1984,32,62,24,3,8,,,,,,,,,,,,,,,,,,,,,,,,,,,,,,,,,,,,,,,,,,,,,,,,,,,,,,,,,,,,,,,,,,,,,,,,,,,,,,,,,,,,,,,,,,,,,,,,,,,,,,,,,,,,,,,,,,,23,,,,,,,,,,,,,,,,,,,,,,,,,,,,,,,6538,2,445,6985,10576,
21,PUEBLA,27,CALTEPEC,7,10,1007,1054,16,12,,534,,8,13,143,7,2,1,1,1,,,,,,,,,,,,,,,,,,,,,,,,,,,,,,,,,,,,,,,,,,,,,,,,,,,,,,,,,,,,,,,,,,,,,,,,,,,,,,,,,,,,,,,,,,,,,,,,,,,12,2,0,2,,,,,,,,,,,,,,,2,,,,,,,,,,,,,,,,,,,,,,,,,,,,,2817,0,73,2890,3572,
21,PUEBLA,28,CAMOCUAUTLA,2,3,60,515,4,13,,704,,2,2,322,3,3,1,0,0,,,,,,,,,,,,,,,,,,,,,,,,,,,,,,,,,,,,,,,,,,,,,,,,,,,,,,,,,,,,,,,,,,,,,,,,,,,1,0,0,0,,,,,,,,,,,,,,,,,,,,,,,,,,,,,,,,,,,,,,,,,,,,,,,,,,,,,,,,,,,,,,,,,,,,1630,0,50,1680,1855,https://www.ieepuebla.org.mx/2018/computos/actas_mpios/DTTO_02_CME_CAMOCUAUTLA.pdf
21,PUEBLA,29,CAÑADA MORELOS,9,25,,,,,,,,,,,,,,,,,,,,,,,,,,,,,,,,,,,,,,,,,,,,,,,,,,,,,,,,,,,,,,,,,,,,,,,,,,,,,,,,,,,,,,,,,,,,,,,,,,,,,,,,,,,,,,,,,,,,,,,,,,,,,,,,,,,,,,,,,,,,,,,,,,,,,,,,,,,,,,,,,,,,,13797,https://www.ieepuebla.org.mx/2018/computos/ayu_resoluciones/CANADA-MORELOS-SCM-JDC-1141-2018.pdf
21,PUEBLA,30,CAXHUACAN,2,4,29,859,11,39,105,84,26,456,190,331,9,1,1,0,0,,,,,,,,,,,,,,,,,,,,,,,,,,,,,,,,,,,,,,,,,,,,,,,,,,,,,,,,,,,,,,,,,,,,,,,,,,,,,,,,,,,,,,,,,,,,,,,,,,,,,,,,,,,,,,,,,,,,,,,,,,,,,,,,,,,,,,,,,,,,,,,,,,2141,0,110,2251,2796,https://www.ieepuebla.org.mx/2018/computos/actas_mpios/DTTO_04_CME_CAXHUACAN.pdf
21,PUEBLA,46,CHALCHICOMULA DE SESMA,24,57,4506,2073,213,393,585,313,951,5048,286,5194,200,250,72,8,80,,,,,,,,,,,,,,,,,,,,,,,,,,,,,,,,,,,,,,,,,,,,,,,,,,,,,,,,,,,,,,,,,,,,,,,140,49,57,10,,,,,,,,,,,,,,,,,,,,,,,,,,,,,,,,,,,,,,,,,,,,,,,,,,,,,,,562,,,,,,,,,,,,,,,,,20990,4,1071,22065,33128,
21,PUEBLA,47,CHAPULCO,3,8,547,830,36,87,190,853,,14,819,210,11,13,0,0,1,,,,,,,,,,,,,,,,,,,,,,,,,,,,,,,,,,,,,,,,,,,,,,,,,,,,,,,,,,,,,,,,,,,,,,,,,,,,,,,,,,,,,,,,,,,,,,,,,,,,,,,,,,,,,,,,,,,,,,,,,,18,,,20,,,,,,,,,,,,,,,,,,,,,3649,0,144,3793,4888,
21,PUEBLA,48,CHIAUTLA,17,33,1075,3108,69,139,,47,189,1680,35,2453,127,87,14,4,54,,,,,,,,,,,,,,,,,,,,,,,,,,,,,,,,,,,,,,13,4,0,5,0,7,2,3,2,0,1,,,,,,,,,,,,,,,,,,,,,,,,,,,,,,,,,,,,,,,,,,,,,,,,,,,,,,,,,,,,,,,,,,,,,,,,,,,,,,,,,,,,,,,,,,,,,,,,,,9118,0,370,9488,16307,https://www.ieepuebla.org.mx/2018/computos/actas_mpios/CHIAUTLA - RESOLUCION.pdf
21,PUEBLA,49,CHIAUTZINGO,8,23,1269,1848,143,401,79,147,,897,1342,2273,65,63,35,9,32,,,,,,,,,,,,,,,,,,,,,,,,,,,,,,,,,,,,,,,,,,,,,,,,,,,,,,,,,,,,,,,,,,,,,,,,,,,,,,,,,,,,,,,,,,,,,,,,,,,,,,,,,,,,,,,,,,,,31,,,,,,,,,,,,,,,,,,,,,,,,,,,,,,8634,5,357,8996,14334,https://www.ieepuebla.org.mx/2018/computos/actas_mpios/DTTO_08_CME_SAN_LORENZO_CHIAUTZINGO.pdf
21,PUEBLA,51,CHICHIQUILA,9,24,1885,2923,163,159,25,108,1971,708,380,1527,54,82,31,9,29,,,,,,,,,,,,,,,,,,,,,,,,,,,,,,,,,,,,,,,,,,,,,,,,,,,,,,,,,,,,,,,,,,,,,,,145,51,27,5,,,,,,,,,,,,,,,,,,,,,,,,,,,,,,,,,,,,,,,,,,,,,,,,,,,,,,,,,,,,,,,,,,,,,,,,10282,1,751,11034,14444,https://www.ieepuebla.org.mx/2018/computos/actas_mpios/DTTO_14_CME_CHICHIQUILA.pdf
21,PUEBLA,50,CHICONCUAUTLA,7,19,2352,3141,107,48,31,34,1264,4,15,75,8,0,0,0,0,,,,,,,,,,,,,,,,,,,,,,,,,,,,,,,,,,,,,,,,,,,,,,,,,,,,,,,,,,,,,,,,,,,,,,,30,46,8,10,,,,,,,,,,,,,,,,,,,,,,,,,,,,,,,,,,,,,,,,,,,,,,,,,,,,,,,,,,,,,,,,,,,,,,,,7173,1,1005,8179,10348,https://www.ieepuebla.org.mx/2018/computos/actas_mpios/CHICONCUAUTLA - RESOLUCION.pdf
21,PUEBLA,52,CHIETLA,20,48,2265,5538,175,216,81,2692,634,2736,979,1752,102,48,18,2,20,,,,,,,,,,,,,,,,,,,,,,,,,,,,,,,,,,,,,,,,,,,,,,,,,,,,,,,,,,,,,,,,,,,,,,,,,,,,,,,,,,,,,,,,,,,,,,,,,,,,,,,,,,,,,,,,,,,62,,,,,,,,,,,,,,,,,,,,,,,,,,,,,,,17320,1,886,18207,27640,https://www.ieepuebla.org.mx/2018/computos/actas_mpios/DTTO_22_CME_CHIETLA.pdf
21,PUEBLA,53,CHIGMECATITLAN,2,2,298,367,3,5,,36,,25,0,183,1,2,0,0,0,,,,,,,,,,,,,,,,,,,,,,,,,,,,,,,,,,,,,,,,,,,,,,,,,,,,,,,,,,,,,,,,,,,,,,,,,,,0,5,2,0,,,,,,,,,,,,,,,,,,,,,,,,,,,,,,,,,,,,,,,,,,,,,,,,,,,,,,,,,,,,,,,,,,,,927,0,20,947,1111,https://www.ieepuebla.org.mx/2018/computos/actas_mpios/DTTO_23_CHIGMECATITLAN ACTA FINAL DE ESCRUTINIO Y COMPUTO LEVANTADA EN EL CGIEE (ACTA 33).pdf
21,PUEBLA,54,CHIGNAHUAPAN,28,77,13860,6486,257,1298,217,233,1021,81,350,7006,187,145,107,20,48,,,,,,,,,,,,,,,,,,,,,,,,,,,46,29,10,12,0,52,30,13,2,1,1,,,,,,,,,,,,,,,,,,,,,,,,,,,,,,,,,,,,,,,,,,,,,,,,,,,,,,,,,,,,,,,,,,,,,,,,,,,,,,,,,,,,,,,,,,,,,,,,,,,,,,,,,,,,,31512,6,1403,32921,44566,
21,PUEBLA,55,CHIGNAUTLA,7,34,1804,5317,72,287,342,524,570,2450,896,1648,250,176,35,5,65,,,,,,,,,,,,,,,,,,,,,,,,,,,,,,,,,,,,,,,,,,,,,,,,,,,,,,,,,,,,,,,,,,,,,,,,,,,,,,,,,,,,,,,,,,,,,,,,,,,,,,,,,,,,,,,,,,,39,,,,,,,,,,209,,,,,,,,,,,,,,,,,,,,,14689,1,813,15503,21286,https://www.ieepuebla.org.mx/2018/computos/actas_mpios/DTTO_06_CME_CHIGNAUTLA.pdf
21,PUEBLA,56,CHILA,4,8,87,1088,1415,12,,64,,11,5,49,1,2,1,0,1,,,,,,,,,,,,,,,,,,,,,,,,,,,,,,,,,,,,,,,,,,,,,,,,,,,,,,,,,,,,,,,,,,,,,,,,,,,,,,,4,19,0,0,,,,,,,,,,,,,,,,,,,,,,,,,,,,,,,,,,,,,,,,,,,,,,,,,,,,,,,,,,,,,,,,2759,2,86,2847,3935,
21,PUEBLA,57,CHILA DE LA SAL,2,3,184,459,1,6,,1,0,0,1,236,25,5,2,0,9,,,,,,,,,,,,,,,,,,,,,,,,,,,,,,,,,,,,,,,,,,,,,,,,,,,,,,,,,,,,,,,,,,,,,,,0,1,0,0,,,,,,,,,,,,,,,,,,,,,,,,,,,,,,,,,,,,,,,,,,,,,,,,,,,,,0,,,,,,,,,,,,,,,,,,,930,0,8,938,1212,
21,PUEBLA,59,CHILCHOTLA,7,19,2569,937,964,1038,323,1419,184,13,725,148,22,50,15,2,1,,,,,,,,,,,,,,,,,,,,,,,,,,,,,,,,,,,,,,,,,,,,,,,,,,,,,,,,,,,,,,,,,,,,,,,,,,,,,,,,,,,,,,,,,,,,,,,,,,,,,,,,,,,,,,,,,,,,,6,,,,,,,,,,,,,6,,,,,,,,,,,,,,,,8422,0,835,9257,12104,https://www.ieepuebla.org.mx/2018/computos/actas_mpios/DTTO_14_CME_CHILCHOTLA.pdf
21,PUEBLA,60,CHINANTLA,3,5,380,579,100,14,,2,81,80,6,150,3,28,0,0,0,,,,,,,,,,,,,,,,,,,,,,,,,,,,,,,,,,,,,,,,,,,,,,,,,,,,,,,,,,,,,,,,,,,,,,,,,,,,,,,,,,,,,,,,,,,,,,,,,,,,,,,,,,,,,,,,,,,,,,0,,1,,,,,,,,,,,,,,,,,,,,,,,,,,1424,0,39,1463,2323,
21,PUEBLA,31,COATEPEC,1,1,30,187,0,0,,77,,225,1,3,0,0,0,0,0,,,,,,,,,,,,,,,,,,,,,,,,,,,,,,,,,,,,,,,,,,,,,,,,,,,,,,,,,,,,,,,,,,,,,,,,,,,,,,,,,,,,,,,,,,,,,,,,,,,,,,,,,,,,,,,,,,,0,,,,,,,,,,,,,,,,,,,,,,,,,,,,,,,523,0,13,536,749,https://www.ieepuebla.org.mx/2018/computos/actas_mpios/DTTO_02_CME_COATEPEC.pdf
21,PUEBLA,32,COATZINGO,3,6,13,481,24,12,586,450,,2,2,31,2,1,1,1,0,,,,,,,,,,,,,,,,,,,,,,,,,,,,,,,,,,,,,,,,,,,,,,,,,,,,,,,,,,,,,,,,,,,,,,,,,,,,,,,,,,,,,,,,,,,,,,,,,,,,,,,,,,,,,,,,,,,,,,,,12,,,,,,,,,,,,,,,,,,,,,,,,,,1618,0,88,1706,2278,
21,PUEBLA,33,COHETZALA,2,3,14,303,10,3,70,4,296,75,1,45,5,2,0,0,0,,,,,,,,,,,,,,,,,,,,,,,,,,,,,,,,,,,,,,,,,,,,,,,,,,,,,,,,,,,,,,,,,,,,,,,,,,,,,,,,,,,,,,,,,,,,,,,,,,,,,,,,,,,,,,,,,,,,,,,,,1,,,,,,,,,,,,,,,,,,,,,,,,,829,0,46,875,1179,
21,PUEBLA,34,COHUECAN,3,6,1475,828,11,24,,3,209,5,10,144,10,9,1,0,0,,,,,,,,,,,,,,,,,,,,,,,,,,,,,,,,,,,,,,,,,,,,,,,,,,,,,,,,,,,,,,,,,,,,,,,,,,,,,,,,,,,,,,,,,,,,,,,,,,,,,,,,,,,,,,,,,,,,,,,,0,,,,,,,2,,,,,,,,,,,,,,,,,,,2731,0,85,2816,3566,
21,PUEBLA,35,CORONANGO,12,56,2406,3722,4682,398,1496,192,497,2853,443,6057,185,186,50,13,62,,,,,,,,,,,,,,,,,,,,,,,,,,,,,,,,,,,,,,,,,,,,,,,,,,,,,,,,,,,,,,,,,,,,,,,,,,,,,,,,,,,,,,,,,,,,,,,,,,,,,,,,,,,,,,,,,,,,39,,,,,,,,,,,,,,,,,,,,,,,,,,,,,,23281,73,843,24197,36473,
21,PUEBLA,36,COXCATLAN,12,26,832,1850,112,358,1219,822,377,1658,1169,1584,54,37,26,1,12,,,,,,,,,,,,,,,,,,,,,,,,,,,,,,,,,,,,,,,,,,,,,,,,,,,,,,,,,,,,,,,,,,,,,,,,,,,,,,,,,,,,,,,,,,,,,,,,,,,,,,,,,,,,,,,,,,,,,,,,28,,,,,,,,,,,,,,,,,,,,,,,,,,10139,0,700,10839,14760,
21,PUEBLA,37,COYOMEAPAN,8,19,3389,2313,18,113,14,38,16,6,22,1200,16,19,9,1,4,,,,,,,,,,,,,,,,,,,,,,,,,,,,,,,,,,,,,,9,3,1,0,0,8,2,1,0,0,0,,,,,,,,,,,,,,,,,,,,,,,,,,,,,,,,,,,,,,,,,,,,,,,,,,,,,,,,,,,,,,,,,,,,,,,,,,,,,,,,,,,,,,,,,,,,,,,,,,7202,1,261,7464,8935,
21,PUEBLA,38,COYOTEPEC,3,4,339,462,5,27,,3,205,2,4,406,10,11,6,0,7,,,,,,,,,,,,,,,,,,,,,,,,,,,,,,,,,,,,,,,,,,,,,,,,,,,,,,,,,,,,,,,,,,,,,,,1,1,0,0,,,,,,,,,,,,,,,,,,,,,,,,,,,,,,,,,,,,,,,,,,,,,,,,,,,,,,,,,,,,,,,,,,,,,,,,1489,0,73,1562,1976,
21,PUEBLA,39,CUAPIAXTLA DE MADERO,2,10,672,838,744,114,,21,,6,60,1778,28,49,21,0,17,,,,,,,,,,,,,,,,,,,,,,,,,,,,,,,,,,,,,,,,,,,,,,,,,,,,,,,,,,,,,,,,,,,,,,,,,,,,,,,,,,,,,,,,,,,,,,,,,,,,,,,,,,,,,,,,,,,,,,,,12,,,,,,,,,,,,,,,,,,,,,,,,,,4360,0,134,4494,6038,https://www.ieepuebla.org.mx/2018/computos/actas_mpios/DTTO_13_CME_CUAPIAXTLA_DE_MADERO.pdf
21,PUEBLA,40,CUAUTEMPAN,4,14,380,1210,48,71,,1532,225,1170,120,237,35,7,4,0,2,,,,,,,,,,,,,,,,,,,,,,,,,,,,,,,,,,,,,,,,,,,,,,,,,,,,,,,,,,,,,,,,,,,,,,,,,,,,,,,,,,,,,,,,,,,,,,,,,,,,,,,,,,,,,,,,,,,4,,,,,,,,,,,18,,,,,,,,,,,,,,,,,,,,5063,0,312,5375,6671,https://www.ieepuebla.org.mx/2018/computos/actas_mpios/DTTO_04_CME_CUAUTEMPAN.pdf
21,PUEBLA,41,CUAUTINCHAN,2,12,1178,154,541,1131,362,102,22,1178,16,325,30,79,57,5,2,,,,,,,,,,,,,,,,,,,,,,,,,,,,,,,,,,,,,,,,,,,,,,,,,,,,,,,,,,,,,,,,,,,,,,,,,,,,,,,,,,,,,,,,,,,,,,,,,,,,,,,,,,,,,,,,,,,,85,,,,,,,,,,,,,,,,,,,,,,,,,,,,,,5267,0,281,5548,6841,
21,PUEBLA,42,CUAUTLANCINGO,16,105,12448,4787,491,887,664,500,1103,238,156,15491,811,554,120,14,138,,,,,,,,,,,,,,,,,,,,,,,,,,,,,,,,,,,,,,,,,,,,,,,,,,,,,,,,,,,,,,,,,,,,,,,,,,,119,98,32,1,,,,,,,,,,,,,,,,,,,,,,,,,,,,,,,,,,,,,,,,,,,,,,,,9,,,,,6977,,,,,,,,,,,,,,,45638,495,1221,47354,70757,
21,PUEBLA,43,CUAYUCA DE ANDRADE,4,8,885,814,1,9,310,10,,2,3,73,1,0,0,0,0,,,,,,,,,,,,,,,,,,,,,,,,,,,,,,,,,,,,,,,,,,,,,,,,,,,,,,,,,,,,,,,,,,,,,,,,,,,,,,,,,,,,,,,,,,,,,,,,,,,,,,,,,,,,,,,,,,,,12,,,,,,,,,,,,,,,,,,,,,,,,,,,,,,2120,2,81,2203,2778,
21,PUEBLA,44,CUETZALAN DEL PROGRESO,20,52,7276,9275,109,378,109,534,102,55,47,1805,92,68,16,6,34,,,,,,,,,,,,,,,,,,,,,,,,,,,,,,,,,,,,,,,,,,,,,,,,,,,,,,,,,,,,,,,,,,,,,,,,,,,,,,,,,,,,,,,,,,,,,,,,,,,,,,,,,,,,,,,,,,,123,,,,,,,,,,,,,,,,,956,,,,,,,,,,,,,,20985,17,1628,22630,31820,https://www.ieepuebla.org.mx/2018/computos/actas_mpios/DTTO_05_CME_CUETZALAN_DEL_PROGRESO.pdf
21,PUEBLA,45,CUYOACO,7,19,924,1629,33,439,297,2412,,21,1354,1362,44,44,28,1,11,,,,,,,,,,,,,,,,,,,,,,,,,,,,,,,,,,,,,,,,,,,,,,,,,,,,,,,,,,,,,,,,,,,,,,,,,,,11,4,2,0,,,,,,,,,,,,,,,,,,,,,,,,,,,,,,,,,,,,,,,,,,,,,,,,,,,,,,,,,,,,,,,,,,,,8616,0,365,8981,11442,
21,PUEBLA,61,DOMINGO ARENAS,3,8,23,195,660,32,,17,632,12,3,288,17,3,1,0,0,,,,,,,,,,,,,,,,,,,,,,,,,,,,,,,,,,,,,,,,,,,,,,,,,,,,,,,,,,,,,,,,,,,,,,,7,7,1,3,,,,,,,,,,,,,,,,,,,,,,,,,,,,,,,,,,,,,,,,,,,,,,,,,,,,,16,,,,,,1606,,,,,,,,,,,,,3523,0,139,3662,5018,
21,PUEBLA,62,ELOXOCHITLAN,6,19,145,2818,355,46,13,3572,32,20,130,87,2,1,0,0,3,,,,,,,,,,,,,,,,,,,,,,,,,,,,,,,,,,,,,,3,9,1,0,0,3,17,1,13,2,2,,,,,,,,,,,,,,,,,,,,,,,,,,,,,,,,,,,,,,,,,,,,,,,,,,,,,,,,,,,,,,,,,,,,,,,18,,,,,,,,,,,,,,,,,,,,,,,,,,,7293,0,232,7525,8683,https://www.ieepuebla.org.mx/2018/computos/actas_mpios/DTTO_26_CME_ELOXOCHITLAN.pdf
21,PUEBLA,63,EPATLAN,2,6,792,560,12,26,,891,,4,4,363,7,13,3,0,3,,,,,,,,,,,,,,,,,,,,,,,,,,,,,,,,,,,,,,,,,,,,,,,,,2,2,2,0,1,1,4,0,0,0,0,,,,,,,,,,,,,,,,,,,,,,,,,,,,,,,,,,,,,,,,,,,,,,,,,,,,,,,,,,,,,,,,,,,,,,,,,,,,,,,,,,,,,,,2690,1,78,2769,3707,
21,PUEBLA,64,ESPERANZA,9,19,207,599,45,109,174,1299,2537,561,260,856,32,26,15,4,8,,,,,,,,,,,,,,,,,,,,,,,,,,,,,,,,,,,,,,,,,,,,,,,,,,,,,,,,,,,,,,,,,,,,,,,32,2,17,3,,,,,,,,,,,,,,,,,,,,,,,,,,,,,,,,,,,,,,,,,,,,,,,,,,,,,243,,,,,,,,,,,,,,,,,,,7029,19,354,7402,10175,https://www.ieepuebla.org.mx/2018/computos/actas_mpios/DTTO_14_CME_ESPERANZA.pdf
21,PUEBLA,65,FRANCISCO Z. MENA,9,23,2706,1780,209,301,41,71,748,27,21,3135,51,79,32,4,26,,,,,,,,,,,,,,,,,,,,,,,,,,,52,31,3,1,0,46,4,10,1,0,0,,,,,,,,,,,,,,,,,,,,,,,,,,,,,,,,,,,,,,,,,,,,,,,,,,,,,,,,,,,,,,,,,,,,,,,,,,,,,,,,,,,,,,,,,,,,,,,,,,,,,,,,,,,,,9379,0,331,9710,12623,
21,PUEBLA,66,GENERAL FELIPE ANGELES,7,24,558,2323,398,250,,341,102,141,2237,2069,200,101,28,12,72,,,,,,,,,,,,,,,,,,,,,,,,,,,,,,,,,,,,,,,,,,,,,,,,,,,,,,,,,,,,,,,,,,,,,,,35,27,10,8,,,,,,,,,,,,,,,,,,,,,,,,,,,,,,,,,,,,,,,,,,,,,,,,,,,,,22,,,,,,,,,,,,,,,,,,,8934,1,506,9441,13860,
21,PUEBLA,67,GUADALUPE,4,9,1516,1799,15,32,,9,,2,11,368,24,25,4,1,11,,,,,,,,,,,,,,,,,,,,,,,,,,,,,,,,,,,,,,,,,,,,,,,,,,,,,,,,,,,,,,,,,,,,,,,,,,,,,,,7,14,0,0,,,,,,,,,,,,,,,,,,,,,,,,,,,,,,,,,,,,,,,,,,,,,,,,,,,,,,,,,,,,,,,,3838,0,81,3919,5408,
21,PUEBLA,68,GUADALUPE VICTORIA,10,19,526,5195,38,49,36,243,1449,15,16,561,12,10,5,1,4,,,,,,,,,,,,,,,,,,,,,,,,,,,,,,,,,,,,,,,,,,,,,,,,,,,,,,,,,,,,,,,,,,,,,,,,,,,5,6,4,1,,,,,,,,,,,,,,,,,,,,,,,,,,,,,,,,,,,,,,,,,,,,,,,,,,,,,,,,,,,,,,,,,,,,8176,1,419,8596,11502,
21,PUEBLA,69,HERMENEGILDO GALEANA,4,10,1671,1624,37,21,601,5,,34,4,81,7,2,1,1,0,,,,,,,,,,,,,,,,,,,,,,,,,,,,,,,,,,,,,,,,,,,,,,,,,,,,,,,,,,,,,,,,,,,,,,,,,,,,,,,,,,,,,,,,,,,,,,,,,,,,,,,,,,,,,,,,,,,47,,,,,,,,12,,,,,,,,,,,,,,,,,,,,,,,4148,0,191,4339,5337,
21,PUEBLA,58,HONEY,3,9,1612,2020,27,21,,11,,3,4,127,6,3,1,0,0,,,,,,,,,,,,,,,,,,,,,,,,,,,,,,,,,,,,,,,,,,,,,,,,,,,,,,,,,,,,,,,,,,,,,,,,,,,,,,,,,,,,,,,,,,,,,,,,,,,,,,,,,,,,,,,,,,,40,,,,,,,,,,,,,,,,,,,,,,,,,,,,,,,3875,0,214,4089,5186,
21,PUEBLA,70,HUAQUECHULA,19,38,2547,4349,92,313,93,59,76,209,271,4405,94,110,63,6,39,,,,,,,,,,,,,,,,,,,,,,,,,,,,,,,,,,,,,,,,,,,,,,,,,,,,,,,,,,,,,,,,,,,,,,,37,26,13,3,,,,,,,,,,,,,,,,,,,,,,,,,,,,,,,,,,,,,,,,,,,,,,,,,,,,,,,,,,,,266,,,,,,,,,,,,13071,9,571,13651,20393,https://www.ieepuebla.org.mx/2018/computos/actas_mpios/DTTO_22_CME_HUAQUECHULA.pdf
21,PUEBLA,71,HUATLATLAUCA,6,11,1700,113,12,32,,1495,,10,5,226,16,4,0,1,2,,,,,,,,,,,,,,,,,,,,,,,,,,,,,,,,,,,,,,,,,,,,,,,,,,,,,,,,,,,,,,,,,,,,,,,,,,,,,,,,,,,,,,,,,,,,,,,2,3,0,5,,,,,,,,,,,,,,,,,,,,,,,,,,,,,,,,,,,,,,,,,,,,,,,,3626,0,221,3847,5094,https://www.ieepuebla.org.mx/2018/computos/actas_mpios/DTTO_23_CME_HUATLATLAUCA.pdf
21,PUEBLA,72,HUAUCHINANGO,37,118,10029,9213,1144,1127,3688,468,415,3092,718,13080,627,433,200,27,174,,,,,,,,,,,,,,,,,,,,,,,,,,,,,,,,,,,,,,144,83,48,16,8,213,30,28,13,7,5,,,,,,,,,,,,,,,,,,,,,,,,,,,,,,,,,,,,,,,,,,,,,,,,,,,,,,,,,,,,,,,,,,,,,,,,,,,267,,,,,,,,,,,,814,,,,,,,,,,,46111,31,2836,48978,71439,
21,PUEBLA,73,HUEHUETLA,9,21,1861,3775,2615,101,6,31,19,407,27,144,16,7,0,0,0,,,,,,,,,,,,,,,,,,,,,,,,,,,,,,,,,,,,,,,,,,,,,,,,,,,,,,,,,,,,,,,,,,,,,,,,,,,,,,,,,,,,,,,,,,,,,,,,,,,,,,,,,,,,,,,,,,,,19,,,,,41,,,,,,,,,,,,,,,,,,,,,,,,,9069,0,232,9301,11343,https://www.ieepuebla.org.mx/2018/computos/actas_mpios/DTTO_04_CME_HUEHUETLA.pdf
21,PUEBLA,74,HUEHUETLAN EL CHICO,6,13,1527,1817,58,65,14,64,67,331,743,291,10,5,4,2,1,,,,,,,,,,,,,,,,,,,,,,,,,,,,,,,,,,,,,,,,,,,,,,,,,,,,,,,,,,,,,,,,,,,,,,,,,,,,,,,,,,,,,,,,,,,,,,,,,,,12,1,4,12,,,,,,,,,,,,,,,57,,,,,,,,,,,,,,,,,,,,,,,,,,,,,5085,0,245,5330,7283,https://www.ieepuebla.org.mx/2018/computos/actas_mpios/DTTO_22_CME_HUEHUETLAN_EL_CHICO.pdf
21,PUEBLA,75,HUEHUETLAN EL GRANDE,5,10,49,1782,20,40,12,1292,,26,14,179,12,6,6,2,1,,,,,,,,,,,,,,,,,,,,,,,,,,,,,,,,,,,,,,,,,,,,,,,,,,,,,,,,,,,,,,,,,,,,,,,,,,,0,1,1,0,,,,,,,,,,,,,,,,,,,,,,,,,,,,,,,,,,,,,,,,,,,,,,,,19,,,,,,,,,,,,,,,,,,,,3462,0,228,3690,4970,
21,PUEBLA,76,HUEJOTZINGO,22,84,2894,5883,717,763,810,5575,4894,827,379,7379,300,250,107,31,84,,,,,,,,,,,,,,,,,,,,,,,,,,,,,,,,,,,,,,,,,,,,,,,,,,,,,,,,,,,,,,,,,,,,,,,,,,,,,,,,,,,,,,,,,,,,,,,,,,,,,,,,,,,,,,,,,,,,,,,,225,,,,,,,,,,,,,,,,1721,,,,,,,,,,32839,33,1360,34232,53731,https://www.ieepuebla.org.mx/2018/computos/actas_mpios/DTTO_08_CME_HUEJOTZINGO.pdf
21,PUEBLA,77,HUEYAPAN,5,12,1305,1912,18,691,18,12,862,150,7,660,19,40,35,3,12,,,,,,,,,,,,,,,,,,,,,,,,,,,,,,,,,,,,,,2,8,1,4,0,4,7,0,0,0,0,,,,,,,,,,,,,,,,,,,,,,,,,,,,,,,,,,,,,,,,,,,,,,,,,,,,,,,,,,,,,,,,,,,,,,,,,,,,,,,,,,,,,,,,,,,,,,,,,,5770,0,245,6015,8275,
21,PUEBLA,78,HUEYTAMALCO,15,36,3030,4672,61,435,1090,56,1496,30,798,1046,58,57,23,12,8,,,,,,,,,,,,,,,,,,,,,,,,,,,,,,,,,,,,,,,,,,,,,,,,,,,,,,,,,,,,,,,,,,,,,,,48,29,7,1,,,,,,,,,,,,,,,,,,,,,,,,,,,,,,,,,,,,,,,,,,,,,,,,,,,,,20,,,,,,,,,,,,,,,,,,,12977,4,656,13637,19500,
21,PUEBLA,79,HUEYTLALPAN,3,8,638,1690,549,57,7,14,,2,5,185,15,7,0,1,4,,,,,,,,,,,,,,,,,,,,,,,,,,,,,,,,,,,,,,,,,,,,,,,,,,,,,,,,,,,,,,,,,,,,,,,38,50,2,4,,,,,,,,,,,,,,,,,,,,,,,,,,,,,,,,,,,,,,,,,,,,,,,,,,,,,,,,,,,,,,,,,,,,,,,,3268,1,118,3387,4075,https://www.ieepuebla.org.mx/2018/computos/actas_mpios/DTTO_04_CME_HUEYTLALPAN.pdf
21,PUEBLA,80,HUITZILAN DE SERDAN,5,17,1827,4012,58,141,,55,,20,7,390,9,22,9,4,6,,,,,,,,,,,,,,,,,,,,,,,,,,,,,,,,,,,,,,,,,,,,,,,,,,,,,,,,,,,,,,,,,,,,,,,42,28,8,1,,,,,,,,,,,,,,,,,,,,,,,,,,,,,,,,,,,,,,,,,,,,,,,,,,,,,,0,,,,,,,,,,,,,,,,,,6639,0,320,6959,9430,
21,PUEBLA,81,HUITZILTEPEC,3,7,622,580,7,51,1428,132,,2,0,226,19,9,4,0,3,,,,,,,,,,,,,,,,,,,,,,,,,,,,,,,,,,,,,,,,,,,,,,,,,,,,,,,,,,,,,,,,,,,,,,,,,,,,,,,,,,,,,,,,,,,,,,,,,,,,,,,,,,,,,,,,,,,12,,,,,,,,,,,,,2,,,,,,,,,,,,,,,,,,3097,1,101,3199,4025,
21,PUEBLA,83,IXCAMILPA DE GUERRERO,3,7,89,1185,5,16,,459,,2,253,59,1,4,1,1,5,,,,,,,,,,,,,,,,,,,,,,,,,,,,,,,,,,,,,,,,,,,,,,,,,,,,,,,,,,,,,,,,,,,,,,,,,,,0,2,0,0,,,,,,,,,,,,,,,,,,,,,,,,,,,,,,,,,,,,,,,,,,,,,,,,245,,,,,,,,,,,,,,,,,,,,2327,0,63,2390,3066,
21,PUEBLA,84,IXCAQUIXTLA,3,9,344,2355,19,27,12,113,17,706,1,727,11,25,2,2,6,,,,,,,,,,,,,,,,,,,,,,,,,,,,,,,,,,,,,,,,,,,,,,,,,,,,,,,,,,,,,,,,,,,,,,,,,,,,,,,,,,,,,,,,,,,,,,,,,,,,,,,,,,,,,,,,,,,1,,,,,,,,,,,,,,,,,,,,,,,,,,,,,,,4368,4,131,4503,5800,
21,PUEBLA,85,IXTACAMAXTITLAN,15,38,1756,6228,228,383,58,2066,76,415,29,1379,63,39,16,5,12,,,,,,,,,,,,,,,,,,,,,,,,,,,,,,,,,,,,,,,,,,,,,,,,,,,,,,,,,,,,,,,,,,,,,,,,,,,,,,,,,,,,,,,,,,,,,,,,,,,,,,,,,,,,,,,,,,,,,,,,106,,,,,,,,,,,,,,,,,,,,,,,,,,12859,0,884,13743,17912,
21,PUEBLA,86,IXTEPEC,3,8,1120,819,1405,92,12,8,,4,36,105,6,1,2,1,1,,,,,,,,,,,,,,,,,,,,,,,,,,,,,,,,,,,,,,,,,,,,,,,,,,,,,,,,,,,,,,,,,,,,,,,,,,,,,,,,,,,,,,,,,,,,,,,,,,,,,,,,,,,,,,,,,,,,,11,,,,,25,,,,,,,,,,,,,,,,,,,,,,,,3648,0,191,3839,4822,https://www.ieepuebla.org.mx/2018/computos/actas_mpios/DTTO_04_CME_IXTEPEC.pdf
21,PUEBLA,87,IZUCAR DE MATAMOROS,34,103,1083,8045,3698,1351,684,1889,2148,289,1687,10107,429,406,124,31,118,,,,,,,,,,,,,,,,,,,,,,,,,,,,,,,,,,,,,,,,,,,,,,,,,,,,,,,,,,,,,,,,,,,,,,,,,,,,,,,,,,,,,,,,,,,,,,,,,,,,,,,,,,,,,,,,,,,171,,,,,,,,,,63,,,,,,,,,,,,1088,,,,,,,,,33411,14,1593,35018,57741,https://www.ieepuebla.org.mx/2018/computos/actas_mpios/DTTO_22_CME_IZUCAR_DE_MATAMOROS.pdf
21,PUEBLA,88,JALPAN,6,16,127,461,200,67,2069,1895,1196,32,17,419,50,24,8,5,6,,,,,,,,,,,,,,,,,,,,,,,,,,,,,,,,,,,,,,,,,,,,,,,,,,,,,,,,,,,,,,,,,,,,,,,,,,,,,,,,,,,,,,,,,,,,,,,,,,,,,,,,,,,,,,,,,,,,60,,,,,,,16,,,,,,,,,,,,,,,,,,,,,,,6652,1,437,7090,9278,https://www.ieepuebla.org.mx/2018/computos/actas_mpios/DTTO_01_JALPAN ACTA FINAL DE ESCRUTINIO Y COMPUTO LEVANTADA EN EL CGIEE (ACTA 33).pdf
21,PUEBLA,89,JOLALPAN,6,16,384,2964,495,47,,616,9,1756,6,291,20,10,3,0,7,,,,,,,,,,,,,,,,,,,,,,,,,,,,,,,,,,,,,,,,,,,,,,,,,,,,,,,,,,,,,,,,,,,,,,,,,,,,,,,,,,,,,,,,,,,,,,,,,,,,,,,,,,,,,,,,,,,,,166,,,213,,,,,,,,,,,,,,,,,,,,,,,,,,6987,5,420,7412,9401,
21,PUEBLA,90,JONOTLA,3,7,188,666,8,31,460,11,723,1,3,51,6,0,0,0,0,,,,,,,,,,,,,,,,,,,,,,,,,,,,,,,,,,,,,,,,,,,,,,,,,,,,,,,,,,,,,,,,,,,,,,,0,2,0,0,,,,,,,,,,,,,,,,,,,,,,,,,,,,,,,,,,,,,,,,,,,,,,,,,,,,,,,,,,,,,,,,,,,,,,,,2150,0,121,2271,3415,https://www.ieepuebla.org.mx/2018/computos/actas_mpios/DTTO_05_CME_JONOTLA.pdf
21,PUEBLA,91,JOPALA,7,16,1996,917,1355,88,926,48,17,17,78,1278,60,36,5,2,15,,,,,,,,,,,,,,,,,,,,,,,,,,,,,,,,,,,,,,,,,,,,,,,,,,,,,,,,,,,,,,,,,,,,,,,,,,,,,,,,,,,,,,,,,,,,,,,,,,,,,,,,,,,,,,,,,,,,20,,,,,,35,,,,,,,,,,,,,,,,,,,,,,,,6893,0,267,7160,9104,
21,PUEBLA,92,JUAN C. BONILLA,6,25,1155,721,432,160,2136,1717,132,1457,330,2392,87,101,33,2,39,,,,,,,,,,,,,,,,,,,,,,,,,,,,,,,,,,,,,,,,,,,,,,,,,,,,,,,,,,,,,,,,,,,,,,,,,,,,,,,,,,,,,,,,,,,,,,,,,,,,,,,,,,,,,,,,,,,127,,,,,,,,,,,,,,,,,,,,,,,,,,,,,,,11021,10,498,11529,16551,https://www.ieepuebla.org.mx/2018/computos/actas_mpios/DTTO_08_CME_SAN_MATEO_CUANALA.pdf
21,PUEBLA,93,JUAN GALINDO,5,11,1029,1026,99,73,105,21,,7,412,1445,76,51,7,2,25,,,,,,,,,,,,,,,,,,,,,,,,,,,,,,,,,,,,,,,,,,,,,,,,,,,,,,,,,,,,,,,,,,,,,,,,,,,,,,,,,,,,,,,,,,,,,,,,,,,,,,,,,,,,,,,,,,,,,,,,,3,,,,,,,,,,,,,,,,,,,,,,,,,4381,2,152,4535,5886,
21,PUEBLA,94,JUAN N. MENDEZ,4,8,750,647,30,125,236,25,622,5,12,490,15,36,16,12,11,,,,,,,,,,,,,,,,,,,,,,,,,,,,,,,,,,,,,,,,,,,,,,,,,,,,,,,,,,,,,,,,,,,,,,,13,18,4,0,,,,,,,,,,,,,,,,,,,,,,,,,,,,,,,,,,,,,,,,,,,,,,,,,,,,,,,,,,,,,,,,,,,,,,,,3067,0,185,3252,3914,https://www.ieepuebla.org.mx/2018/computos/actas_mpios/DTTO_24_JUAN N MENDEZ ACTA FINAL DE ESCRUTINIO Y COMPUTO LEVANTADA EN EL CGIEE (ACTA 33).pdf
21,PUEBLA,97,LA MAGDALENA TLATLAUQUITEPEC,1,1,146,191,1,4,,1,,0,16,51,0,2,3,0,1,,,,,,,,,,,,,,,,,,,,,,,,,,,,,,,,,,,,,,,,,,,,,,,,,,,,,,,,,,,,,,,,,,,,,,,,,,,,,,,0,0,1,0,,,,,,,,,,,,,,,,,,,,,,,,,,,,,,,,,,,,,,,,,,,,,,,,,,,,,,,,,,,,,,,,417,0,7,424,484,
21,PUEBLA,95,LAFRAGUA,8,12,317,1223,79,25,130,1023,1227,12,45,192,5,4,3,1,1,,,,,,,,,,,,,,,,,,,,,,,,,,,,,,,,,,,,,,,,,,,,,,,,,,,,,,,,,,,,,,,,,,,,,,,,,,,,,,,,,,,,,,,,,,,,,,,,,,,,,,,,,,,,,,,,,,,,,,,,,10,,,,,,,,,,,,,,,,,,,,,,,,,4297,0,251,4548,5751,https://www.ieepuebla.org.mx/2018/computos/actas_mpios/DTTO_06_CME_SALTILLO_LA_FRAGUA.pdf
21,PUEBLA,96,LIBRES,11,39,3308,2417,1236,172,2645,125,2053,43,140,2118,67,49,17,4,14,,,,,,,,,,,,,,,,,,,,,,,,,,,,,,,,,,,,,,,,,,,,,,,,,,,,,,,,,,,,,,,,,,,,,,,,,,,,,,,,,,,,,,,54,28,16,1,,,,,,,,,,,,,,,,,,,,,,,,,,,,,,,,,,,,,,,,,,,,,,,,918,,,,,,,,15425,1,773,16199,23082,https://www.ieepuebla.org.mx/2018/computos/actas_mpios/DTTO_03_CME_LIBRES.pdf
21,PUEBLA,119,LOS REYES DE JUAREZ,8,26,4244,4052,197,244,32,65,,11,25,1984,87,102,36,5,41,,,,,,,,,,,,,,,,,,,,,,,,,,,,,,,,,,,,,,,,,,,,,,,,,,,,,,,,,,,,,,,,,,,,,,,,,,,,,,,,,,,,,,,,,,,,,,,,,,,,,,,,,,,,,,,,,,,192,,,,,,,,,,,,,,,,,,,,,,,,,,,,,,,11317,4,440,11761,16873,
21,PUEBLA,98,MAZAPILTEPEC DE JUAREZ,2,4,,,,,,,,,,,,,,,,,,,,,,,,,,,,,,,,,,,,,,,,,,,,,,,,,,,,,,,,,,,,,,,,,,,,,,,,,,,,,,,,,,,,,,,,,,,,,,,,,,,,,,,,,,,,,,,,,,,,,,,,,,,,,,,,,,,,,,,,,,,,,,,,,,,,,,,,,,,,,,,,,,,,,2092,https://www.ieepuebla.org.mx/2018/computos/ayu_resoluciones/MAZAPILTEPEC-SCM-JRC-0231-2018.pdf
21,PUEBLA,99,MIXTLA,2,3,21,471,185,13,32,5,,394,59,172,5,3,0,0,1,,,,,,,,,,,,,,,,,,,,,,,,,,,,,,,,,,,,,,,,,,,,,,,,,,,,,,,,,,,,,,,,,,,,,,,2,3,0,0,,,,,,,,,,,,,,,,,,,,,,,,,,,,,,,,,,,,,,,,,,,,,,,,,,,,,,,,,,,,,,,,,,,,,,,,1366,0,36,1402,1751,
21,PUEBLA,100,MOLCAXAC,5,8,854,876,127,102,,313,,3,596,644,7,11,14,2,2,,,,,,,,,,,,,,,,,,,,,,,,,,,,,,,,,,,,,,,,,,,,,,,,,,,,,,,,,,,,,,,,,,,,,,,,,,,,,,,,,,,,,,,,,,,,,,,,,,,,,,,,,,,,,,,,,,,,,4,,,,,,,,,,,,,,,,,,,,,,,,,,,,,3555,0,129,3684,4886,https://www.ieepuebla.org.mx/2018/computos/actas_mpios/DTTO_23_CME_MOLCAXAC.pdf
21,PUEBLA,101,NAUPAN,5,13,1148,1606,352,171,,40,25,10,106,1358,67,27,2,1,10,,,,,,,,,,,,,,,,,,,,,,,,,,,,,,,,,,,,,,,,,,,,,,,,,,,,,,,,,,,,,,,,,,,,,,,,,,,,,,,,,,,,,,,,,,,,,,,,,,,,,,,,,,,,,,,,,,,,,,42,,,7,,,,,,,,,,,,,,,,,,,,,,,,,4972,0,233,5205,6762,
21,PUEBLA,102,NAUZONTLA,3,5,448,708,10,34,174,4,341,183,4,92,3,4,3,2,0,,,,,,,,,,,,,,,,,,,,,,,,,,,,,,,,,,,,,,,,,,,,,,,,,,,,,,,,,,,,,,,,,,,,,,,,,,,,,,,,,,,,,,,,,,,,,,,,,,,,,,,,,,,,,,,,,,,1,,,,,,,,,,,,,1,,,,,,,,,,,,,,,,,,2012,0,106,2118,2676,https://www.ieepuebla.org.mx/2018/computos/actas_mpios/DTTO_04_CME_NAUZONTLA.pdf
21,PUEBLA,103,NEALTICAN,4,13,1537,734,68,78,36,24,1175,1826,10,609,26,10,7,0,9,,,,,,,,,,,,,,,,,,,,,,,,,,,,,,,,,,,,,,,,,,,,,,,,,,,,,,,,,,,,,,,,,,,,,,,,,,,,,,,18,1,0,0,,,,,,,,,,,,,,,,,,,,,,,,,,,,,,,,,,,,,,,,,,,,,,,,,,,,,,,,,,,,,,,,6168,0,263,6431,8559,https://www.ieepuebla.org.mx/2018/computos/actas_mpios/DTTO_08_CME_NEALTICAN.pdf
21,PUEBLA,104,NICOLAS BRAVO,4,8,189,51,21,151,1379,11,57,13,22,1411,17,33,22,2,12,,,,,,,,,,,,,,,,,,,,,,,,,,,,,,,,,,,,,,,,,,,,,,,,,,,,,,,,,,,,,,,,,,,,,,,,,,,,,,,3,1,1,0,,,,,,,,,,,,,,,,,,,,,,,,,,,,,,,,,,,,,,,,,,,,,,,,,,,,,,,,,,,,,,,,3396,0,159,3555,4584,
21,PUEBLA,105,NOPALUCAN,7,25,1146,1388,62,165,2921,1280,998,404,2511,792,28,15,9,0,12,,,,,,,,,,,,,,,,,,,,,,,,,,,,,,,,,,,,,,,,,,,,,,,,,,,,,,,,,,,,,,,,,,,,,,,,,,,,,,,,,,,,,,,,,,,,,,,,,,,,,,,,,,,,,,,,,,,,,,,,,,,,,,,,,,,,,,,,,,,,,,,,,,11731,0,649,12380,17323,
21,PUEBLA,106,OCOTEPEC,3,6,440,522,40,47,,266,315,17,608,254,11,9,3,0,3,,,,,,,,,,,,,,,,,,,,,,,,,,,,,,,,,,,,,,,,,,,,,,,,,,,,,,,,,,,,,,,,,,,,,,,,,,,,,,,,,,,,,,,,,,,,,,,,,,,,,,,,,,,,,,,,,,,,,,,,11,,,,,,,,,,,,,,,,,,,,,,,,,,2546,1,121,2668,3594,
21,PUEBLA,107,OCOYUCAN,10,39,,,,,,,,,,,,,,,,,,,,,,,,,,,,,,,,,,,,,,,,,,,,,,,,,,,,,,,,,,,,,,,,,,,,,,,,,,,,,,,,,,,,,,,,,,,,,,,,,,,,,,,,,,,,,,,,,,,,,,,,,,,,,,,,,,,,,,,,,,,,,,,,,,,,,,,,,,,,,,,,,,,,,23653,https://www.ieepuebla.org.mx/2018/computos/ayu_resoluciones/OCOYUCAN-SCM-JRC-0212-2018.pdf
21,PUEBLA,108,OLINTLA,8,15,2571,3238,12,58,496,18,16,25,3,142,7,5,3,1,0,,,,,,,,,,,,,,,,,,,,,,,,,,,3,0,2,0,0,7,3,4,0,0,1,,,,,,,,,,,,,,,,,,,,,,,,,,,,,,,,,,,,,,,,,,,,,,,,,,,,,,,,,,,,,,,,,,,,,,,,,,,,,,,,,,,,,,,,,,,,,,,,,,,,,,,,,,,,,6615,0,162,6777,8175,
21,PUEBLA,109,ORIENTAL,8,19,1962,1223,355,109,38,444,896,495,1494,736,31,24,7,1,5,,,,,,,,,,,,,,,,,,,,,,,,,,,,,,,,,,,,,,,,,,,,,,,,,,,,,,,,,,,,,,,,,,,,,,,,,,,,,,,,,,,,,,,,,,,,,,,,,,,,,,,,,,,,,,,,,,,77,,,,,,,,,,,,,,,,,,,,,,,,,,,,,,,7897,1,394,8292,11637,https://www.ieepuebla.org.mx/2018/computos/actas_mpios/DTTO_14_ORIENTAL ACTA FINAL DE ESCRUTINIO Y COMPUTO LEVANTADA EN EL CGIEE (ACTA 33).pdf
21,PUEBLA,110,PAHUATLAN,14,28,2584,1791,579,499,40,142,,1113,56,1854,99,111,43,8,38,,,,,,,,,,,,,,,,,,,,,,,,,,,,,,,,,,,,,,,,,,,,,,,,,,,,,,,,,,,,,,,,,,,,,,,95,101,16,19,,,,,,,,,,,,,,,,,,,,,,,,,,,,,,,,,,,,,,,,,,,,,,,,,,,,,,15,,,,,,,,,,,,,,,,,,9203,9,684,9896,13693,
21,PUEBLA,111,PALMAR DE BRAVO,15,49,3417,1851,2652,467,100,892,71,113,2638,3797,167,151,60,16,69,,,,,,,,,,,,,,,,,,,,,,,,,,,,,,,,,,,,,,,,,,,,,,,,,,,,,,,,,,,,,,,,,,,,,,,,,,,,,,,,,,,,,,,,,,,,,,,,,,,,,,,,,,,,,,,,,,,,,81,,,,,,,,,,,,,,,,,,,,,,1720,,,,,,,18262,6,1490,19758,29236,
21,PUEBLA,112,PANTEPEC,10,27,5314,172,621,81,,52,78,3554,98,637,21,24,6,3,4,,,,,,,,,,,,,,,,,,,,,,,,,,,,,,,,,,,,,,,,,,,,,,,,,,,,,,,,,,,,,,,,,,,,,,,,,,,,,,,,,,,,,,,,,,,,,,,,,,,,,,,58,125,8,25,,,,,,,,,,45,,,,,,,,,,,,,,,,,,,,,,,,,,,,,,10926,0,616,11542,13961,https://www.ieepuebla.org.mx/2018/computos/actas_mpios/DTTO_01_CME_PANTEPEC.pdf
21,PUEBLA,113,PETLALCINGO,6,16,1800,2547,114,32,,20,,12,8,235,12,8,3,0,3,,,,,,,,,,,,,,,,,,,,,,,,,,,,,,,,,,,,,,,,,,,,,,,,,,,,,,,,,,,,,,,,,,,,,,,,,,,7,104,2,0,,,,,,,,,,,,,,,,,,,,,,,,,,,,,,,,,,,,,,,,,,,,,,,,0,,,,,,,,,,,,,,,,,,,,4907,1,205,5113,7065,
21,PUEBLA,114,PIAXTLA,5,9,496,854,21,83,,7,,106,3,805,11,33,18,4,6,,,,,,,,,,,,,,,,,,,,,,,,,,,,,,,,,,,,,,,,,,,,,,,,,,,,,,,,,,,,,,,,,,,,,,,,,,,,,,,,,,,,,,,,,,,,,,,,,,,,,,,,,,,,,,,,,,,,,41,,,,,,,,,,,,,,,,,,,,,,,,,,,,,2488,0,83,2571,4105,
21,PUEBLA,115,PUEBLA,764,2102,227707,74000,8704,19772,20542,11963,7443,9156,6436,299173,10204,8383,2735,377,2454,,,,,,,,,,,,,,,,,,,,,,,,,,,,,,,,,,,,,,,,,,,,,,,,,,,,,,,,,,,,,,,,,,,,,,,2949,1106,805,150,,,,,,,,,,,,,,,,,,,,,,,,,,,,,,,,,,,,,,,,,,,,,,,,,,,,,,,,,,,,,,,,,,,,,,,,714059,459,22748,737266,1280473,
21,PUEBLA,116,QUECHOLAC,16,55,1189,675,724,771,239,195,,105,13635,3220,195,89,49,19,44,,,,,,,,,,,,,,,,,,,,,,,,,,,,,,,,,,,,,,,,,,,,,,,,,,,,,,,,,,,,,,,,,,,,,,,,,,,,,,,,,,,4,8,4,35,,,,,,,,,,,,,,,,,,,,,,,,,,,,,,,,,,,,,,,,,,,,,,,,,,,,,,,,,,,,21200,3,2125,23328,33324,
21,PUEBLA,117,QUIMIXTLAN,10,26,3402,1843,34,374,18,1810,1857,88,43,446,18,23,30,1,2,,,,,,,,,,,,,,,,,,,,,,,,,,,,,,,,,,,,,,,,,,,,,,,,,,,,,,,,,,,,,,,,,,,,,,,,,,,,,,,,,,,,,,,,,,,,,,,,,,,,,,,,,,,,,,,,,,,,,116,,,,,,,,,16,,,,,,,,,,,,,,,,,,,,10121,0,520,10641,13166,https://www.ieepuebla.org.mx/2018/computos/actas_mpios/DTTO_14_CME_QUIMIXTLAN.pdf
21,PUEBLA,118,RAFAEL LARA GRAJALES,7,21,2679,1197,78,127,604,359,1746,45,22,1267,34,37,12,2,14,,,,,,,,,,,,,,,,,,,,,,,,,,,19,18,11,6,2,8,21,5,1,6,3,,,,,,,,,,,,,,,,,,,,,,,,,,,,,,,,,,,,,,,,,,,,,,,,,,,,,,,,,,,,,,,,,,,,,,,,,,,,,,,,,,,,,,,,,,,,,,,,,,,,,,,,,,,,,8323,0,294,8617,13184,
21,PUEBLA,120,SAN ANDRES CHOLULA,38,138,19955,3373,836,947,1890,1289,1848,454,4244,21465,506,528,177,20,171,,,,,,,,,,,,,,,,,,,,,,,,,,,,,,,,,,,,,,,,,,,,,,,,,,,,,,,,,,,,,,,,,,,,,,,,,,,,,,,,,,,,,,,,,,,,,,,,,,,,,,,,,,,,,,,,,,,,,,,,,,,,,,,,,,,,,,,,,,,,,,,,,,57703,25,1654,59382,91693,https://www.ieepuebla.org.mx/2018/computos/actas_mpios/DTTO_18_CME_SAN_ANDRES_CHOLULA.pdf
21,PUEBLA,121,SAN ANTONIO CAÑADA,2,6,792,756,952,81,214,22,,16,5,142,2,7,2,0,2,,,,,,,,,,,,,,,,,,,,,,,,,,,,,,,,,,,,,,,,,,,,,,,,,,,,,,,,,,,,,,,,,,,,,,,,,,,,,,,,,,,,,,,,,,,,,,,,,,,,,,,,,,,,,,,,,,,,,10,,,8,,,,,,,,,,,,,,,,,,,,,,,,,,3011,0,141,3152,3769,
21,PUEBLA,122,SAN DIEGO LA MESA TOCHIMILTZINGO,3,3,21,318,396,2,,1,,3,0,10,0,0,0,0,0,,,,,,,,,,,,,,,,,,,,,,,,,,,,,,,,,,,,,,,,,,,,,,,,,,,,,,,,,,,,,,,,,,,,,,,,,,,,,,,,,,,,,,,,,,,,,,,2,0,1,0,,,,,,,,,,,,,,,,,,,,,,,,,,,,,,,,,,,,,,,,,,,,,,,,754,0,19,773,911,https://www.ieepuebla.org.mx/2018/computos/actas_mpios/DTTO_21_CME_SAN_DIEGO_LA_MESA_TOCHIMITLZINGO.pdf
21,PUEBLA,123,SAN FELIPE TEOTLALCINGO,5,11,1173,895,35,222,,447,156,24,155,988,43,28,14,1,14,,,,,,,,,,,,,,,,,,,,,,,,,,,,,,,,,,,,,,,,,,,,,,,,,,,,,,,,,,,,,,,,,,,,,,,,,,,15,14,7,0,,,,,,,,,,,,,,,,,,,,,,,,,,,,,,,,,,,,,,,,,,,,,,,,,,,,,,,,,,,,,,,,,,,,4231,4,147,4382,7353,
21,PUEBLA,124,SAN FELIPE TEPATLAN,3,6,13,699,477,107,345,9,2,3,13,467,17,47,13,3,3,,,,,,,,,,,,,,,,,,,,,,,,,,,,,,,,,,,,,,,,,,,,,,,,,,,,,,,,,,,,,,,,,,,,,,,,,,,,,,,,,,,,,,,,,,,,,,,,,,,,,,,,,,,,,,,,,,,,,,,,,,15,,,,,,,,,,,,,,,,,,,,,,,,2233,0,108,2341,2859,
21,PUEBLA,125,SAN GABRIEL CHILAC,6,18,708,2699,30,166,2013,503,39,405,155,1707,15,22,18,3,3,,,,,,,,,,,,,,,,,,,,,,,,,,,,,,,,,,,,,,,,,,,,,,,,,,,,,,,,,,,,,,,,,,,,,,,,,,,,,,,,,,,,,,,,,,,,,,,,,,,,,,,,,,,,,,,,,,,,37,,,,,,,,,,,,,,,,,,,,,,,,,,,,,,8523,0,268,8791,10933,
21,PUEBLA,126,SAN GREGORIO ATZOMPA,4,11,574,370,12,55,201,1097,,121,888,654,34,29,13,2,17,,,,,,,,,,,,,,,,,,,,,,,,,,,,,,,,,,,,,,,,,,,,,,,,,,,,,,,,,,,,,,,,,,,,,,,,,,,,,,,,,,,,,,,,,,,,,,,,,,,,,,,,,,,,,,,,,,,2,,,,,,,,,,,,,,,,,,,,,,,,,,,,,,,4069,78,164,4311,6953,https://www.ieepuebla.org.mx/2018/computos/actas_mpios/SAN GREGORIO ATZOMPA - RESOLUCION.pdf
21,PUEBLA,127,SAN JERONIMO TECUANIPAN,3,7,407,636,558,66,,18,200,10,93,898,13,26,3,1,10,,,,,,,,,,,,,,,,,,,,,,,,,,,,,,,,,,,,,,,,,,,,,,,,,,,,,,,,,,,,,,,,,,,,,,,,,,,,,,,,,,,2,0,2,0,,,,,,,,,,,,,,,,,,,,,,,,,,,,,,,,,,,,,,,,,,,,,,,,,,,,,,,,,,,,2943,1,103,3047,4114,
21,PUEBLA,128,SAN JERONIMO XAYACATLAN,4,7,918,1088,23,31,,7,,15,3,113,6,3,2,1,4,,,,,,,,,,,,,,,,,,,,,,,,,,,,,,,,,,,,,,,,,,,,,,,,,6,0,2,0,1,3,1,2,0,0,1,,,,,,,,,,,,,,,,,,,,,,,,,,,,,,,,,,,,,,,,,,,,,,,,,,,,,,,,,,,,,,,,,,,,,,,,,,,,,,,,,,,,,,,2230,0,279,2509,3216,https://www.ieepuebla.org.mx/2018/computos/actas_mpios/DTTO_23_CME_SAN_JERONIMO_XAYACATLAN.pdf
21,PUEBLA,129,SAN JOSE CHIAPA,6,12,1607,271,160,87,244,302,192,224,7,1517,19,31,17,2,18,,,,,,,,,,,,,,,,,,,,,,,,,,,,,,,,,,,,,,,,,,,,,,,,,,,,,,,,,,,,,,,,,,,,,,,,,,,,,,,,,,,,,,,,,,,,,,,,,,,,,,,,,,,,,,,,,,,,,,,,,20,,,,,2,,,,,,,,,,,,,,,,,,,,4720,0,143,4863,6321,
21,PUEBLA,130,SAN JOSE MIAHUATLAN,7,17,1049,2525,34,166,10,25,,42,8,2168,20,9,21,2,12,,,,,,,,,,,,,,,,,,,,,,,,,,,,,,,,,,,,,,,,,,,,,,,,,,,,,,,,,,,,,,,,,,,,,,,,,,,,,,,,,,,,,,,,,,,,,,,,,,,,,,,,,,,,,,,,,,,12,,,,,,,,,,,,,,,,,,,,,,,,,,,,,,,6103,0,180,6283,9606,https://www.ieepuebla.org.mx/2018/computos/actas_mpios/DTTO_26_SAN JOSE MIAHUATLAN ACTA FINAL DE ESCRUTINIO Y COMPUTO LEVANTADA EN EL CGIEE (ACTA 33).pdf
21,PUEBLA,131,SAN JUAN ATENCO,4,5,473,352,18,29,,778,,57,5,326,9,6,6,0,2,,,,,,,,,,,,,,,,,,,,,,,,,,,,,,,,,,,,,,,,,,,,,,,,,,,,,,,,,,,,,,,,,,,,,,,,,,,,,,,,,,,,,,,,,,,,,,,,,,,,,,,,,,,,,,,,,,,14,,,,,,,,,,36,,,,,,,,,,,,,,,,,,,,,2111,0,119,2230,2911,https://www.ieepuebla.org.mx/2018/computos/actas_mpios/DTTO_14_CME_SAN_JUAN_ATENCO.pdf
21,PUEBLA,132,SAN JUAN ATZOMPA,1,2,78,264,1,7,,1,,5,0,246,2,2,3,0,0,,,,,,,,,,,,,,,,,,,,,,,,,,,,,,,,,,,,,,,,,,,,,,,,,,,,,,,,,,,,,,,,,,,,,,,,,,,0,4,2,0,,,,,,,,,,,,,,,,,,,,,,,,,,,,,,,,,,,,,,,,,,,,,,,,,,,,,,,,,,,,,,,,,,,,615,0,13,628,805,https://www.ieepuebla.org.mx/2018/computos/actas_mpios/DTTO_23_CME_SAN_JUAN_ATZOMPA.pdf
21,PUEBLA,133,SAN MARTIN TEXMELUCAN,54,177,14351,9855,837,2537,3040,804,1929,4981,736,22019,760,561,235,27,135,,,,,,,,,,,,,,,,,,,,,,,,,,,,,,,,,,,,,,,,,,,,,,,,,,,,,,,,,,,,,,,,,,,,,,,170,71,32,9,,,,,,,,,,,,,,,,,,,,,,,,,,,,,,,,,,,,,,,,,,,,,,,,,,,,,,,,,,,,,,,,,,,,,,,,63089,69,2520,65678,109573,https://www.ieepuebla.org.mx/2018/computos/actas_mpios/DTTO_07_CME_SAN_MARTIN_TEXMELUCAN.pdf
21,PUEBLA,134,SAN MARTIN TOTOLTEPEC,1,1,7,3,79,2,176,0,,0,0,203,2,0,0,0,0,,,,,,,,,,,,,,,,,,,,,,,,,,,,,,,,,,,,,,,,,,,,,,,,,,,,,,,,,,,,,,,,,,,,,,,1,0,0,0,,,,,,,,,,,,,,,,,,,,,,,,,,,,,,,,,,,,,,,,,,,,,,,,,,,,,,,,,,,,,,,,,,,,,,,,473,0,9,482,604,
21,PUEBLA,135,SAN MATIAS TLALANCALECA,9,24,2128,2491,47,287,321,53,1416,102,1069,1740,44,33,34,2,8,,,,,,,,,,,,,,,,,,,,,,,,,,,,,,,,,,,,,,,,,,,,,,,,,,,,,,,,,,,,,,,,,,,,,,,,,,,,,,,,,,,,,,,,,,,,,,,,,,,,,,,,,,,,,,,,,,,,,,,,1,,,,,,,,,,,,,,,,,,,,,,,,,,9776,8,376,10160,15019,https://www.ieepuebla.org.mx/2018/computos/actas_mpios/DTTO_07_CME_SAN_MATIAS_TLALANCALECA.pdf
21,PUEBLA,136,SAN MIGUEL IXITLAN,1,1,82,138,5,5,,1,,0,1,142,1,2,1,0,1,,,,,,,,,,,,,,,,,,,,,,,,,,,,,,,,,,,,,,,,,,,,,,,,,,,,,,,,,,,,,,,,,,,,,,,2,3,0,0,,,,,,,,,,,,,,,,,,,,,,,,,,,,,,,,,,,,,,,,,,,,,,,,,,,,,,,,,,,,,,,,,,,,,,,,384,0,13,397,487,
21,PUEBLA,137,SAN MIGUEL XOXTLA,4,13,1224,604,178,179,528,851,533,115,674,1062,14,25,30,3,8,,,,,,,,,,,,,,,,,,,,,,,,,,,,,,,,,,,,,,,,,,,,,,,,,,,,,,,,,,,,,,,,,,,,,,,,,,,,,,,,,,,,,,,,,,,,,,,,,,,,,,,,,,,,,,,,,,,,,30,,,54,,,,,,,,,,,,,,,,,,,,,,,,,,6112,19,211,6342,8889,
21,PUEBLA,138,SAN NICOLAS BUENOS AIRES,4,12,1117,393,479,49,1494,815,,127,7,293,11,8,3,2,2,,,,,,,,,,,,,,,,,,,,,,,,,,,,,,,,,,,,,,,,,,,,,,,,,,,,,,,,,,,,,,,,,,,,,,,,,,,,,,,,,,,,,,,,,,,,,,,,,,,,,,,,,,,,,,,,,,,,,,,,,98,,,,,,,,,,,,,,,,,,,,,,,,,4898,0,245,5143,7280,https://www.ieepuebla.org.mx/2018/computos/actas_mpios/DTTO_14_CME_SAN_NICOLAS_BUENOS_AIRES.pdf
21,PUEBLA,139,SAN NICOLAS DE LOS RANCHOS,5,12,121,953,2027,96,,34,54,1133,5,907,63,73,14,2,29,,,,,,,,,,,,,,,,,,,,,,,,,,,,,,,,,,,,,,,,,,,,,,,,,,,,,,,,,,,,,,,,,,,,,,,32,28,0,6,,,,,,,,,,,,,,,,,,,,,,,,,,,,,,,,,,,,,,,,,,,,,,,,,,,,,,,,,,,,,,,,,,,,,,,,5577,0,242,5819,7948,
21,PUEBLA,140,SAN PABLO ANICANO,2,5,14,1101,786,17,7,6,,11,3,304,11,3,1,1,0,,,,,,,,,,,,,,,,,,,,,,,,,,,,,,,,,,,,,,,,,,,,,,,,,,,,,,,,,,,,,,,,,,,,,,,,,,,6,6,0,1,,,,,,,,,,,,,,,,,,,,,,,,,,,,,,,,,,,,,,,,,,,,,,,,,,,,,,,,,,,,,,,,,,,,2278,0,66,2344,2941,
21,PUEBLA,141,SAN PEDRO CHOLULA,46,164,18767,6032,979,1425,1290,1021,1005,2112,1535,20394,992,573,147,27,219,,,,,,,,,,,,,,,,,,,,,,,,,,,,,,,,,,,,,,,,,,,,,,,,,,,,,,,,,,,,,,,,,,,,,,,,,,,,,,,,,,,,,,,,,,,,,,,,,,,,,,,,,,,,,,,,,,,,251,,,,,,,,,,,,,,,,,,,,,,,,5992,1865,,,,,64626,44,2441,67111,102485,https://www.ieepuebla.org.mx/2018/computos/actas_mpios/DTTO_18_CME_SAN_PEDRO_CHOLULA.pdf
21,PUEBLA,142,SAN PEDRO YELOIXTLAHUACA,2,5,529,673,9,15,4,10,592,97,7,252,7,0,0,0,0,,,,,,,,,,,,,,,,,,,,,,,,,,,,,,,,,,,,,,,,,,,,,,,,,,,,,,,,,,,,,,,,,,,,,,,,,,,,,,,,,,,,,,,,,,,,,,,,,,,,,,,,,,,,,,,,,,,4,,,,,,,,0,,,,,,,,,,,,,,,,,,,,,,,2199,0,68,2267,2836,
21,PUEBLA,143,SAN SALVADOR EL SECO,10,33,2833,3232,1264,219,232,2150,59,91,118,2771,182,60,15,33,18,,,,,,,,,,,,,,,,,,,,,,,,,,,,,,,,,,,,,,,,,,,,,,,,,,,,,,,,,,,,,,,,,,,,,,,,,,,,,,,,,,,,,,,,,,,,,,,,,,,,,,,,,,,,,,,38,17,19,3,,,,,,,,,,,,,,,,,,,,,,,,,,,,,,,,13354,4,661,14019,20289,https://www.ieepuebla.org.mx/2018/computos/actas_mpios/DTTO_14_SAN SALVADOR EL SECO ACTA FINAL DE ESCRUTINIO Y COMPUTO LEVANTADA EN EL CGIEE (ACTA 33).pdf
21,PUEBLA,144,SAN SALVADOR EL VERDE,10,34,1389,1957,1313,316,1903,241,1452,77,3289,1594,93,32,18,5,13,,,,,,,,,,,,,,,,,,,,,,,,,,,,,,,,,,,,,,,,,,,,,,,,,,,,,,,,,,,,,,,,,,,,,,,,,,,,,,,,,,,,,,,,,,,,,,,,,,,,,,,,,,,,,,,,,,,,,,,,,,,,,,37,,,,,,,,,,,,,,,,,,,,13729,6,613,14348,22092,https://www.ieepuebla.org.mx/2018/computos/actas_mpios/DTTO_07_CME_SAN_SALVADOR_EL_VERDE.pdf
21,PUEBLA,145,SAN SALVADOR HUIXCOLOTLA,4,14,1566,1994,120,127,,31,,142,663,1743,25,56,19,6,28,,,,,,,,,,,,,,,,,,,,,,,,,,,,,,,,,,,,,,,,,,,,,,,,,,,,,,,,,,,,,,,,,,,,,,,,,,,41,55,18,1,,,,,,,,,,,,,,,,,,,,,,,,,,,,,,,,,,,,,,,,,,,,,,,,,,,,,,,,,,,,,,,,,,,,6635,0,289,6924,9289,
21,PUEBLA,177,SAN SEBASTIAN TLACOTEPEC,8,17,2881,1858,90,197,436,67,181,5,26,424,10,15,9,0,2,,,,,,,,,,,,,,,,,,,,,,,,,,,,,,,,,,,,,,,,,,,,,,,,,,,,,,,,,,,,,,,,,,,,,,,,,,,,,,,3,15,2,0,,,,,,,,,,,,,,,,,,,,,,,,,,,,,,,,,,,,,,,,,,,,,,,,,,,,,,,,,,,,,,,,6221,0,255,6476,8172,
21,PUEBLA,146,SANTA CATARINA TLALTEMPAN,1,1,180,241,2,,,1,,51,45,,,,,,,,,,,,,,,,,,,,,,,,,,,,,,,,,,,,,,,,,,,,,,,,,,,,,,,,,,,,,,,,,,,,,,,,,,,,,,,,,4,0,5,0,,,,,,,,,,,,,,,,,,,,,,,,,,,,,,,,,,,,,,,,,,,,,,,,,,,,,,,,,,,,,,,,,,,,529,25,21,575,748,
21,PUEBLA,147,SANTA INES AHUATEMPAN,4,7,662,1312,15,148,,15,44,2,2,1033,33,24,15,5,9,,,,,,,,,,,,,,,,,,,,,,,,,,,,,,,,,,,,,,,,,,,,,,,,,,,,,,,,,,,,,,,,,,,,,,,,,,,,,,,1,10,1,0,,,,,,,,,,,,,,,,,,,,,,,,,,,,,,,,,,,,,,,,,,,,,,,,,,,,,,,,,,,,,,,,3331,0,104,3435,4529,
21,PUEBLA,148,SANTA ISABEL CHOLULA,5,13,1548,263,69,102,1396,84,153,8,124,711,39,64,13,1,17,,,,,,,,,,,,,,,,,,,,,,,,,,,,,,,,,,,,,,,,,,,,,,,,,,,,,,,,,,,,,,,,,,,,,,,,,,,,,,,,,,,,,,,,,,,,,,,,,,,,,,,,,,,,,,,,,,,,,,102,,14,,,,,,,,,,,,,,,,,,,,,,,,,,4708,0,311,5019,7645,
21,PUEBLA,149,SANTIAGO MIAHUATLAN,6,27,1995,1777,79,998,2137,117,81,102,302,2793,39,87,104,14,27,,,,,,,,,,,,,,,,,,,,,,,,,,,,,,,,,,,,,,,,,,,,,,,,,,,,,,,,,,,,,,,,,,,,,,,,,,,,,,,,,,,,,,,,,,,,,,,,,,,,,,,,,,,,,,,,,,,,64,,,,,16,,,,,,,,,,,,,,,,,,,,,,,,,10732,20,417,11169,17231,
21,PUEBLA,150,SANTO TOMAS HUEYOTLIPAN,3,9,740,175,8,59,,12,750,1283,286,1117,19,19,10,4,7,,,,,,,,,,,,,,,,,,,,,,,,,,,,,,,,,,,,,,,,,,,,,,,,,,,,,,,,,,,,,,,,,,,,,,,,,,,,,,,,,,,,,,,,,,,,,,,,,,,,,,,,,,,,,,,,,,,7,,,,,,,,,,,,,,,,,,,,,,,,,,,,,,,4496,1,132,4629,6130,
21,PUEBLA,151,SOLTEPEC,6,15,409,593,529,155,1589,201,611,301,824,545,44,11,7,4,8,,,,,,,,,,,,,,,,,,,,,,,,,,,,,,,,,,,,,,,,,,,,,,,,,,,,,,,,,,,,,,,,,,,,,,,,,,,,,,,,,,,,,,,,,,,,,,,,,,,,,,,,,,,,,,,,,,,,,,,,,,,,,,,,,,,,,,,,,,,,,,,,,,5831,2,401,6234,8814,https://www.ieepuebla.org.mx/2018/computos/actas_mpios/DTTO_13_CME_SOLTEPEC.pdf
21,PUEBLA,152,TECALI DE HERRERA,9,25,2730,2000,150,367,138,127,459,29,28,4278,99,143,56,7,45,,,,,,,,,,,,,,,,,,,,,,,,,,,,,,,,,,,,,,,,,,,,,,,,,,,,,,,,,,,,,,,,,,,,,,,41,16,28,1,,,,,,,,,,,,,,,,,,,,,,,,,,,,,,,,,,,,,,,,,,,,,,,,,,,,,,,,,,,,,,,,,,,,,,,,10742,3,423,11168,15067,
21,PUEBLA,153,TECAMACHALCO,23,85,8217,3201,1218,714,1427,1040,198,5838,2359,9092,302,297,135,13,129,,,,,,,,,,,,,,,,,,,,,,,,,,,,,,,,,,,,,,,,,,,,,,,,,,,,,,,,,,,,,,,,,,,,,,,,,,,,,,,,,,,,,,,,,,,,,,,,,,,,,,,,,,,,,,,,,,,576,,,,,,,,,,237,,,,,,,,,,,,,,,,,449,,,,35442,11,1653,37106,53689,https://www.ieepuebla.org.mx/2018/computos/actas_mpios/DTTO_15_CME_TECAMACHALCO.pdf
21,PUEBLA,154,TECOMATLAN,5,10,125,1688,26,106,,12,,2,13,378,14,17,7,1,5,,,,,,,,,,,,,,,,,,,,,,,,,,,,,,,,,,,,,,,,,,,,,,,,,,,,,,,,,,,,,,,,,,,,,,,,,,,,,,,,,,,,,,,,,,,,,,,,,,,,,,,,,,,,,,,,,,,0,,,,,,,,,,,,,,,,,,,,,,,,,,,,,,,2394,0,97,2491,4794,
21,PUEBLA,155,TEHUACAN,83,327,23463,12193,1576,4247,23369,1080,1480,1249,1266,60208,1207,1224,418,99,364,,,,,,,,,,,,,,,,,,,,,,,,,,,,,,,,,,,,,,,,,,,,,,,,,,,,,,,,,,,,,,,,,,,,,,,184,117,33,22,,,,,,,,,,,,,,,,,,,,,,,,,,,,,,,,,,,,,,,,,,,,,,,,,,,,,,30,,,,,,,,,,,,,,,,,,133829,40,4214,138083,216180,https://www.ieepuebla.org.mx/2018/computos/actas_mpios/DTTO_24_CME_TEHUACAN.pdf
21,PUEBLA,156,TEHUITZINGO,8,21,1058,2394,48,92,,225,,7,22,2261,28,38,21,1,10,,,,,,,,,,,,,,,,,,,,,,,,,,,,,,,,,,,,,,,,,,,,,,,,,,,,,,,,,,,,,,,,,,,,,,,,,,,2,28,1,0,,,,,,,,,,,,,,,,,,,,,,,,,,,,,,,,,,,,,,,,,,,,,,,,14,,,,,,,,,,,,,,,,,,,,6250,0,163,6413,9608,https://www.ieepuebla.org.mx/2018/computos/actas_mpios/DTTO_23_CME_TEHUITZINGO.pdf
21,PUEBLA,157,TENAMPULCO,8,12,873,1414,9,37,712,18,242,12,1,632,14,15,4,0,3,,,,,,,,,,,,,,,,,,,,,,,,,,,,,,,,,,,,,,,,,,,,,,,,,,,,,,,,,,,,,,,,,,,,,,,,,,,8,5,0,0,,,,,,,,,,,,,,,,,,,,,,,,,,,,,,,,,,,,,,,,,,,,,,,,,,,,,,,,,,,,,,,,,,,,3999,0,167,4166,5261,https://www.ieepuebla.org.mx/2018/computos/actas_mpios/DTTO_05_CME_TENAMPULCO.pdf
21,PUEBLA,158,TEOPANTLAN,5,8,1347,800,6,84,,5,,2,7,94,4,3,4,0,0,,,,,,,,,,,,,,,,,,,,,,,,,,,,,,,,,,,,,,,,,,,,,,,,,,,,,,,,,,,,,,,,,,,,,,,3,12,1,0,,,,,,,,,,,,,,,,,,,,,,,,,,,,,,,,,,,,,,,,,,,,,,,,,,,,,,,,,,,,,,,,,,,,,,,,2372,0,119,2491,3489,
21,PUEBLA,159,TEOTLALCO,4,6,35,463,87,19,9,4,730,421,41,57,2,1,1,1,0,,,,,,,,,,,,,,,,,,,,,,,,,,,,,,,,,,,,,,,,,,,,,,,,,,,,,,,,,,,,,,,,,,,,,,,,,,,,,,,,,,,,,,,,,,,,,,,,,,,,,,,13,4,4,4,,,,,,,,,,,,,,,,,,,,,,,,,,,,,,,,,,,,,,,,1896,0,71,1967,2559,
21,PUEBLA,160,TEPANCO DE LOPEZ,7,24,2573,2374,61,152,63,152,2885,66,817,1342,37,48,17,2,11,,,,,,,,,,,,,,,,,,,,,,,,,,,,,,,,,,,,,,,,,,,,,,,,,,,,,,,,,,,,,,,,,,,,,,,,,,,,,,,,,,,,,,,,,,,,,,,,,,,,,,,,,,,,,,,,,,,22,,,,,,,,,,,,53,,,,,,,,,,,,,,,,,,,10675,3,654,11332,15051,
21,PUEBLA,161,TEPANGO DE RODRIGUEZ,2,5,302,240,12,37,90,453,352,37,463,126,12,2,0,0,1,,,,,,,,,,,,,,,,,,,,,,,,,,,,,,,,,,,,,,,,,,,,,,,,,,,,,,,,,,,,,,,,,,,,,,,,,,,,,,,,,,,,,,,,,,,,,,,,,,,,,,,,,,,,,,,,,,,,,,,,2,,,,,,,,,,,,,,,,,,,,,,,,,,2129,0,220,2349,2899,
21,PUEBLA,162,TEPATLAXCO DE HIDALGO,7,20,1333,1090,247,228,1122,44,15,17,2484,1658,77,134,25,10,51,,,,,,,,,,,,,,,,,,,,,,,,,,,,,,,,,,,,,,,,,,,,,,,,,,,,,,,,,,,,,,,,,,,,,,,,,,,,,,,,,,,3,2,7,0,,,,,,,,,,,,,,,,,,,,,,,,,,,,,,,,,,,,,,,,,,,,,,,,,,,,,,,,,,,,8547,7,358,8912,11798,
21,PUEBLA,163,TEPEACA,24,90,11303,9038,491,726,2345,881,314,210,245,9120,245,293,91,10,97,,,,,,,,,,,,,,,,,,,,,,,,,,,,,,,,,,,,,,88,48,23,27,4,84,57,21,5,1,1,,,,,,,,,,,,,,,,,,,,,,,,,,,,,,,,,,,,,,,,,,,,,,,,,,,,,,,,,,,,,,,,,,,,,,,,,,,,,,,,,,,,,,,,,,,,,,,,,,35768,4,1549,37321,54888,
21,PUEBLA,164,TEPEMAXALCO,1,2,141,130,3,7,322,2,,0,0,24,1,0,0,0,0,,,,,,,,,,,,,,,,,,,,,,,,,,,,,,,,,,,,,,,,,,,,,,,,,,,,,,,,,,,,,,,,,,,,,,,,,,,,,,,,,,,,,,,,,,,,,,,,,,,,,,,,,,,,,,,,,,,,,0,,,0,,,,,,,,,,,,,,,,,,,,,,,,,,630,0,22,652,880,
21,PUEBLA,165,TEPEOJUMA,6,15,,,,,,,,,,,,,,,,,,,,,,,,,,,,,,,,,,,,,,,,,,,,,,,,,,,,,,,,,,,,,,,,,,,,,,,,,,,,,,,,,,,,,,,,,,,,,,,,,,,,,,,,,,,,,,,,,,,,,,,,,,,,,,,,,,,,,,,,,,,,,,,,,,,,,,,,,,,,,,,,,,,,,6715,https://www.ieepuebla.org.mx/2018/computos/ayu_resoluciones/TEPEOJUMA-SCM-JRC-0244-2018.pdf
21,PUEBLA,166,TEPETZINTLA,6,12,1158,1479,16,79,40,24,1324,161,491,112,18,2,4,1,1,,,,,,,,,,,,,,,,,,,,,,,,,,,,,,,,,,,,,,,,,,,,,,,,,,,,,,,,,,,,,,,,,,,,,,,,,,,,,,,,,,,,,,,,,,,,,,,,,,,,,,,,,,,,,,,,,,,,,,,,0,,,,,,,,,,,,,,,,,,,,,,,,,,4910,0,548,5458,7018,https://www.ieepuebla.org.mx/2018/computos/actas_mpios/DTTO_04_CME_TEPETZINTLA.pdf
21,PUEBLA,167,TEPEXCO,3,8,51,1206,427,65,725,13,,5,4,156,889,25,0,8,24,,,,,,,,,,,,,,,,,,,,,,,,,,,,,,,,,,,,,,,,,,,,,,,,,,,,,,,,,,,,,,,,,,,,,,,,,,,3,11,1,0,,,,,,,,,,,,,,,,,,,,,,,,,,,,,,,,,,,,,,,,,,,,,,,,,,,,,,,,,,,,,,,,,,,,3613,2,180,3795,4881,
21,PUEBLA,168,TEPEXI DE RODRIGUEZ,11,26,937,3373,68,148,103,171,1279,33,29,2600,82,80,21,5,25,,,,,,,,,,,,,,,,,,,,,,,,,,,9,8,5,2,0,6,7,3,1,0,0,,,,,,,,,,,,,,,,,,,,,,,,,,,,,,,,,,,,,,,,,,,,,,,,,,,,,,,,,,,,,,,,,,,,,,,,,,,,,,,,,,,,,,,,,,,,,,,,,,,,,,,,,,,,,8995,0,476,9471,14383,https://www.ieepuebla.org.mx/2018/computos/ayu_resoluciones/RESOLUCION_TEEPI108TEPEXI.pdf
21,PUEBLA,169,TEPEYAHUALCO,7,21,2308,2160,273,74,1117,778,1158,38,347,662,37,25,5,5,3,,,,,,,,,,,,,,,,,,,,,,,,,,,,,,,,,,,,,,,,,,,,,,,,,,,,,,,,,,,,,,,,,,,,,,,,,,,,,,,,,,,,,,,,,,,,,,,,,,,,,,,,,,,,,,,,,,,,,24,,,,,,,,,,,,,,,,,,,,,,,,,,,,,9014,1,467,9482,12192,
21,PUEBLA,170,TEPEYAHUALCO DE CUAUHTEMOC,1,4,76,172,716,11,,27,,19,974,78,3,0,2,1,0,,,,,,,,,,,,,,,,,,,,,,,,,,,5,4,1,1,2,10,0,1,0,3,0,,,,,,,,,,,,,,,,,,,,,,,,,,,,,,,,,,,,,,,,,,,,,,,,,,,,,,,,,,,,,,,,,,,,,,,,,,,,,,,,,,,,,,,,,,,,,,,,,,,,,,,,,,,,,2106,3,140,2249,2712,
21,PUEBLA,171,TETELA DE OCAMPO,15,32,2257,5991,129,122,32,1208,95,2916,34,787,36,32,11,2,10,,,,,,,,,,,,,,,,,,,,,,,,,,,,,,,,,,,,,,,,,,,,,,,,,,,,,,,,,,,,,,,,,,,,,,,,,,,127,34,195,13,,,,,,,,,,,,,,,,,,,,,,,,,,,,,,,,,,,,,,,,,,,,,,,,,,,,,,,,,,,,,,,,,,,,14031,3,856,14890,18777,
21,PUEBLA,172,TETELES DE AVILA CASTILLO,2,7,1213,436,22,118,265,175,93,104,157,626,7,14,4,1,3,,,,,,,,,,,,,,,,,,,,,,,,,,,,,,,,,,,,,,,,,,,,,,,,,,,,,,,,,,,,,,,,,,,,,,,,,,,8,6,6,0,,,,,,,,,,,,,,,,,,,,,,,,,,,,,,,,,,,,,,,,,,,,,,,,,,,,,,,,,,,,,,,,,,,,3258,1,140,3399,4397,https://www.ieepuebla.org.mx/2018/computos/actas_mpios/DTTO_05_CME_TETELES_DE_AVILA_CASTILLO.pdf
21,PUEBLA,173,TEZIUTLAN,41,116,11151,6462,341,587,770,392,1210,17084,396,5943,295,147,63,27,49,,,,,,,,,,,,,,,,,,,,,,,,,,,,,,,,,,,,,,73,31,17,8,5,49,29,17,2,0,42,,,,,,,,,,,,,,,,,,,,,,,,,,,,,,,,,,,,,,,,,,,,,,,,,,,,,,,,,,,,,,,,,,,,,,,,,,,,,,,,,,,,,,,,,,,,,,,2748,,,47938,52,1586,49576,71760,
21,PUEBLA,174,TIANGUISMANALCO,6,15,1059,557,203,40,530,264,441,78,399,394,9,12,8,0,4,,,,,,,,,,,,,,,,,,,,,,,,,,,,,,,,,,,,,,,,,,,,,,,,,,,,,,,,,,,,,,,,,,,,,,,,,,,,,,,,,,,,,,,,,,,,,,,,,,,,,,,,,,,,,,,,,,,,,,,,,7,,,,,,,,,,,,,,,,,,,,,,,,,4005,3,184,4192,8107,https://www.ieepuebla.org.mx/2018/computos/actas_mpios/TIANGUISMANALCO - RESOLUCION.pdf
21,PUEBLA,175,TILAPA,3,13,797,1743,118,91,,53,98,43,687,660,50,18,10,2,17,,,,,,,,,,,,,,,,,,,,,,,,,,,,,,,,,,,,,,,,,,,,,,,,,,,,,,,,,,,,,,,,,,,,,,,,,,,,,,,,,,,,,,,31,4,50,6,,,,,,,,,,,,,,,,,,,,,,,,,,,,,,,,,,,,,,,,,,,,,,,,,,,,,,,,4478,1,243,4722,6800,
21,PUEBLA,179,TLACHICHUCA,14,38,2175,2094,99,2568,1772,801,988,400,482,1990,74,230,315,26,29,,,,,,,,,,,,,,,,,,,,,,,,,,,,,,,,,,,,,,,,,,,,,,,,,,,,,,,,,,,,,,,,,,,,,,,,,,,,,,,,,,,,,,,,,,,,,,,,,,,,,,,,,,,,,,,,,,,72,,,,,,,,,,,,,,,,,,,,,,,,,,,,,,,14115,2,790,14907,20335,https://www.ieepuebla.org.mx/2018/computos/actas_mpios/DTTO_14_CME_TLACHICHUCA.pdf
21,PUEBLA,176,TLACOTEPEC DE BENITO JUAREZ,17,60,4708,3015,125,1940,82,117,1487,2871,4446,3462,116,155,143,12,35,,,,,,,,,,,,,,,,,,,,,,,,,,,,,,,,,,,,,,,,,,,,,,,,,,,,,,,,,,,,,,,,,,,,,,,,,,,,,,,,,,,,,,,,,,,,,,,,,,,,,,,,,,,,,,,,,,,63,,,,,,,,,,,,,,,,,,,,,,,,,,,,,,,22777,3,2201,24981,34998,https://www.ieepuebla.org.mx/2018/computos/actas_mpios/DTTO_24_TLACOTEPEC DE BENITO JUAREZ ACTA FINAL DE ESCRUTINIO Y COMPUTO LEVANTADA EN EL CGIEE (ACTA 33).pdf
21,PUEBLA,178,TLACUILOTEPEC,10,24,983,4307,336,165,,1845,,15,26,683,35,11,11,4,6,,,,,,,,,,,,,,,,,,,,,,,,,,,,,,,,,,,,,,,,,,,,,,,,,,,,,,,,,,,,,,,,,,,,,,,,,,,,,,,,,,,,,,,,,,,,,,,,,,,,,,,,,,,,,,,,,,,,,9,,,75,,,,,,,,,,,,,,,,,,,,,,,,,,8511,1,475,8987,11719,https://www.ieepuebla.org.mx/2018/computos/actas_mpios/DTTO_01_CME_TLACUILOTEPEC.pdf
21,PUEBLA,180,TLAHUAPAN,15,46,2673,4761,190,980,1198,631,1956,2366,604,2148,136,92,74,7,16,,,,,,,,,,,,,,,,,,,,,,,,,,,,,,,,,,,,,,,,,,,,,,,,,,,,,,,,,,,,,,,,,,,,,,,,,,,,,,,,,,,,,,,,,,,,,,,,,,,,,,,,,,,,,,,,,,,38,,,,,,,,,,,,,,,,,,,,,,,,,,,,,,,17870,12,950,18832,27932,https://www.ieepuebla.org.mx/2018/computos/actas_mpios/DTTO_07_CME_TLAHUAPAN.pdf
21,PUEBLA,181,TLALTENANGO,3,8,1136,227,22,141,,15,,18,133,760,35,16,15,3,5,,,,,,,,,,,,,,,,,,,,,,,,,,,,,,,,,,,,,,,,,,,,,,,,,,,,,,,,,,,,,,,,,,,,,,,,,,,11,9,4,0,,,,,,,,,,,,,,,,,,,,,,,,,,,,,,,,,,,,,,,,,,,,,,,,,,,,,,,,,,,,,,,,,,549,,3099,3,117,3219,4696,
21,PUEBLA,182,TLANEPANTLA,2,6,382,780,560,39,,285,,121,10,288,7,7,2,0,5,,,,,,,,,,,,,,,,,,,,,,,,,,,,,,,,,,,,,,,,,,,,,,,,,,,,,,,,,,,,,,,,,,,,,,,,,,,,,,,,,,,,,,,,,,,,,,,,,,,,,,,,,,,,,,,,,,,,70,,,,,,,,,,,,,,,,,,,,,,,,,,,,,,2556,1,94,2651,3403,
21,PUEBLA,183,TLAOLA,9,27,3753,3148,126,125,25,843,36,8,30,1320,30,26,15,1,19,,,,,,,,,,,,,,,,,,,,,,,,,,,,,,,,,,,,,,,,,,,,,,,,,,,,,,,,,,,,,,,,,,,,,,,,,,,,,,,,,,,,,,,,,,,,,,,,,,,,,,,,,,,,,,,,,,,35,,,,,,,,,,,,,,,,,,,,,,,,,,,,,,,9540,16,416,9972,14179,https://www.ieepuebla.org.mx/2018/computos/actas_mpios/TLAOLA - RESOLUCION.pdf
21,PUEBLA,184,TLAPACOYA,5,10,1175,718,23,40,112,11,1001,9,2,780,25,10,2,3,7,,,,,,,,,,,,,,,,,,,,,,,,,,,,,,,,,,,,,,,,,,,,,,,,,,,,,,,,,,,,,,,,,,,,,,,,,,,,,,,2,12,1,0,,,,,,,,,,,,,,,,,,,,,,,,,,,,,,,,,,,,,,,,,4,,,,,,,,,,,,,,,,,,,,,,,3937,0,93,4030,4755,
21,PUEBLA,185,TLAPANALA,5,11,674,537,175,44,14,1280,714,562,92,462,6,135,2,5,6,,,,,,,,,,,,,,,,,,,,,,,,,,,,,,,,,,,,,,,,,,,,,,,,,,,,,,,,,,,,,,,,,,,,,,,,,,,,,,,,,,,,,,,,,,,,,,,,,,,,,,,,,,,,,,,,,,,,,,132,,,,,,,,,,,,,,,,,,,,,,,,,,,,4840,1,221,5062,6723,https://www.ieepuebla.org.mx/2018/computos/actas_mpios/DTTO_22_CME_TLAPANALA.pdf
21,PUEBLA,186,TLATLAUQUITEPEC,23,64,4665,3106,195,820,702,1549,2440,592,3456,3437,140,115,46,11,36,,,,,,,,,,,,,,,,,,,,,,,,,,,,,,,,,,,,,,,,,,,,,,,,,,,,,,,,,,,,,,,,,,,,,,,,,,,,,,,,,,,,,,,,,,,,,,,,,,,,,,,,,,,,,,,,,,,77,,,,,,,,,,,729,131,,,,,,,,,,,,,,,,,,,22247,0,1572,23819,37763,https://www.ieepuebla.org.mx/2018/computos/actas_mpios/DTTO_05_TLATLAUQUITEPEC ACTA FINAL DE ESCRUTINIO Y COMPUTO LEVANTADA EN EL CGIEE (ACTA 33).pdf
21,PUEBLA,187,TLAXCO,4,9,644,96,59,17,1198,420,,49,407,33,4,2,1,0,0,,,,,,,,,,,,,,,,,,,,,,,,,,,,,,,,,,,,,,,,,,,,,,,,,,,,,,,,,,,,,,,,,,,,,,,,,,,,,,,,,,,,,,,,,,,,,,,,,,,,,,,,,,,,,,,,,,,42,,,,,,,,85,,,130,,,,,,,,,,,,,,,,,,,,3187,0,115,3302,3814,https://www.ieepuebla.org.mx/2018/computos/actas_mpios/DTTO_01_CME_TLAXCO.pdf
21,PUEBLA,188,TOCHIMILCO,11,22,2533,2139,34,158,2035,620,,16,10,1062,177,51,6,3,18,,,,,,,,,,,,,,,,,,,,,,,,,,,,,,,,,,,,,,,,,,,,,,,,,,,,,,,,,,,,,,,,,,,,,,,,,,,20,12,1,0,,,,,,,,,,,,,,,,,,,,,,,,,,,,,,,,,,,,,,,,,,,,,,,,,,,,,,,,,,,,,,,,,,,,8895,0,378,9273,12735,
21,PUEBLA,189,TOCHTEPEC,7,22,2389,2836,58,606,642,330,,36,1709,1352,50,90,71,5,18,,,,,,,,,,,,,,,,,,,,,,,,,,,,,,,,,,,,,,,,,,,,,,,,,,,,,,,,,,,,,,,,,,,,,,,,,,,22,32,6,0,,,,,,,,,,,,,,,,,,,,,,,,,,,,,,,,,,,,,,,,,,,,,,,,,,,,,,,,,,,,,,,,,,,,10252,0,495,10747,14163,
21,PUEBLA,190,TOTOLTEPEC DE GUERRERO,2,3,290,339,4,5,,2,,103,0,46,2,0,0,0,0,,,,,,,,,,,,,,,,,,,,,,,,,,,,,,,,,,,,,,,,,,,,,,,,,,,,,,,,,,,,,,,,,,,,,,,,,,,,,,,,,,,,,,,,,,,,,,,,,,,,,,,,,,,,,,,,,,,4,,,,,,,,,,,,,,,,,,,,,,,,,,,,,,,795,0,11,806,958,
21,PUEBLA,191,TULCINGO,7,15,375,2607,765,99,16,16,,10,134,337,20,14,8,1,7,,,,,,,,,,,,,,,,,,,,,,,,,,,,,,,,,,,,,,,,,,,,,,,,,,,,,,,,,,,,,,,,,,,,,,,18,48,2,1,,,,,,,,,,,,,,,,,,,,,,,,,,,,,,,,,2,0,1,2,,,,,,,,,,,,,,,,,,,,,,,,,,,,,,,,,,,,4483,1,228,4712,7529,
21,PUEBLA,192,TUZAMAPAN DE GALEANA,3,7,597,957,46,123,201,1105,,3,3,431,13,20,7,2,3,,,,,,,,,,,,,,,,,,,,,,,,,,,,,,,,,,,,,,,,,,,,,,,,,,,,,,,,,,,,,,,,,,,,,,,,,,,,,,,,,,,,,,,,,,,,,,,,,,,,,,,,,,,,,,,,,,,,,2,,,17,,,,,,,,,,,,,,,,,,,,,,,,,,3530,0,147,3677,4415,
21,PUEBLA,193,TZICATLACOYAN,4,10,68,1035,11,28,,99,593,8,992,153,6,3,2,0,0,,,,,,,,,,,,,,,,,,,,,,,,,,,,,,,,,,,,,,,,,,,,,,,,,,,,,,,,,,,,,,,,,,,,,,,,,,,,,,,,,,,,,,,,,,,,,,,,,,,,,,,,,,,,,,,,,,,,,,,,,,5,,,23,,,,,,,,,,,,,,,,,,,,,3026,711,213,3950,5075,
21,PUEBLA,194,VENUSTIANO CARRANZA,16,41,7949,356,187,323,51,82,,34,31,5729,104,120,34,3,47,,,,,,,,,,,,,,,,,,,,,,,,,,,48,40,15,3,0,62,17,8,0,0,0,,,,,,,,,,,,,,,,,,,,,,,,,,,,,,,,,,,,,,,,,,,,,,,,,,,,,,,,,,,,,,,,,,,,,,,,,,,,,,,,,,,,,,,,,,,,,,,,,,,,,,,,,,,,,15243,1,423,15667,20881,
21,PUEBLA,195,VICENTE GUERRERO,11,29,5704,6256,97,107,,15,,11,16,300,27,5,14,0,4,,,,,,,,,,,,,,,,,,,,,,,,,,,,,,,,,,,,,,,,,,,,,,,,,,,,,,,,,,,,11,3,4,2,0,10,3,1,1,1,0,,,,,,,,,,,,,,,,,,,,,,,,,,,,,,,,,,,,,,,,,,,,,,,,,,,,,,,,,,,,,,,,,,,,,,,,,,,,12592,0,668,13260,16757,
21,PUEBLA,196,XAYACATLAN DE BRAVO,2,3,5,464,9,9,4,233,274,0,6,42,2,0,1,0,1,,,,,,,,,,,,,,,,,,,,,,,,,,,,,,,,,,,,,,,,,,,,,,,,,,,,,,,,,,,,,,,,,,,,,,,,,,,,,,,,,,,,,,,,,,,,,,,,,,,3,2,0,1,,,,,,,,,,,,,,,,,,,,,,,,,,,,,,,,,,,,,,,,,,,,1056,0,67,1123,1428,
21,PUEBLA,197,XICOTEPEC,29,96,9155,14529,514,942,788,199,334,78,184,8387,195,257,99,15,86,,,,,,,,,,,,,,,,,,,,,,,,,,,98,76,23,13,1,120,22,33,4,1,3,,,,,,,,,,,,,,,,,,,,,,,,,,,,,,,,,,,,,,,,,,,,,,,,,,,,,,,,,,,,,,,,,,,,,,,,,,,,,,,,,,261,,,,,,,,,,,,,,,,,,,,,,,,,,,36417,24,1407,37848,55468,
21,PUEBLA,198,XICOTLAN,2,2,346,233,1,,,3,,4,0,301,3,,,,,4,0,0,0,0,0,1,0,0,1,0,0,0,0,0,0,1,0,1,0,0,0,0,0,0,0,,,,,,,,,,,,,,,,,,,,,,,,,,,,,,,,,,,,,,,,,,,,,,,,,,,,,,,,,,,,,,,,,,,,,,,,,,,,,,,,,,,,,,,,,,,,,,,,,,,,,,,,,,,,,,,,,,,,,,,,899,0,11,910,1081,
21,PUEBLA,199,XIUTETELCO,12,43,6894,9514,69,160,72,69,77,220,18,1348,53,31,11,1,12,,,,,,,,,,,,,,,,,,,,,,,,,,,,,,,,,,,,,,,,,,,,,,,,,,,,,,,,,,,,,,,,,,,,,,,,,,,,,,,,,,,49,46,64,1,,,,,,,,,,,,,,,,,,,,,,,,,,,,,,,,,,,,0,,,,,,,,,,,,,,,,,,,,,,,,18709,2,985,19696,26446,
21,PUEBLA,200,XOCHIAPULCO,2,7,760,874,17,13,,11,131,4,1,165,4,15,2,0,0,,,,,,,,,,,,,,,,,,,,,,,,,,,,,,,,,,,,,,,,,,,,,,,,,,,,,,,,,,,,,,,,,,,,,,,6,5,0,0,,,,,,,,,,,,,,,,,,,,,,,,,,,,,,,,,,,,,,,,,,,,,,,,,,,,,,,,,,,,,,,,,,,,,,,,2008,0,89,2097,2770,
21,PUEBLA,201,XOCHILTEPEC,2,4,393,306,23,15,,10,,357,197,275,8,9,0,2,6,,,,,,,,,,,,,,,,,,,,,,,,,,,,,,,,,,,,,,,,,,,,,,,,,,,,,,,,,,,,,,,,,,,,,,,,,,,,,,,,,,,,,,,,,,,,,,,,,,,,,,,,,,,,,,,,,,,,2,,,,,,,,,,,,,,,,,,,,,,,,,,,,,,1603,0,92,1695,2520,
21,PUEBLA,202,XOCHITLAN DE VICENTE SUAREZ,4,13,936,3021,28,65,,1208,73,20,22,297,17,14,1,2,3,,,,,,,,,,,,,,,,,,,,,,,,,,,,,,,,,,,,,,,,,,,,,,,,,3,0,0,4,0,8,4,1,1,1,1,,,,,,,,,,,,,,,,,,,,,,,,,,,,,,,,,,,,,,,,,,,,,,,,,,,,,,,,,,,,,,,,,,,,,,,,,,,,,,,,,,,,,,,5730,0,502,6232,8493,https://www.ieepuebla.org.mx/2018/computos/actas_mpios/DTTO_04_CME_XOCHITLAN_DE_VICENTE_SUAREZ.pdf
21,PUEBLA,203,XOCHITLAN TODOS SANTOS,3,7,448,1085,13,338,867,20,,39,194,232,16,28,18,6,3,,,,,,,,,,,,,,,,,,,,,,,,,,,,,,,,,,,,,,,,,,,,,,,,,,,,,,,,,,,,,,,,,,,,,,,,,,,12,16,8,0,,,,,,,,,,,,,,,,,,,,,,,,,,,,,,,,,,,,,,,,,,,,,,,,,,,,,,,,,,,,,,,,,,,,3343,0,224,3567,4602,
21,PUEBLA,204,YAONAHUAC,4,10,764,283,685,240,,18,1289,219,568,124,18,11,7,0,0,,,,,,,,,,,,,,,,,,,,,,,,,,,,,,,,,,,,,,,,,,,,,,,,,,,,,,,,,,,,,,,,,,,,,,,,,,,,,,,,,,,,,,,,,,,,,,,,,,,,,,,,,,,,,,,,,,,,,,,,11,,,,,,,,,,,,,,,,,,,,,,,,,,4237,1,163,4401,5545,
21,PUEBLA,205,YEHUALTEPEC,9,26,1892,642,250,140,45,2145,,97,680,1660,47,49,22,2,19,,,,,,,,,,,,,,,,,,,,,,,,,,,,,,,,,,,,,,,,,,,,,,,,,,,,,,,,,,,,,,,,,,,,,,,,,,,,,,,,,,,,,,,,,,,,,,,,,,,,,,,,,,,,,,,,,,,,,27,,,77,,,,,,,,,,,,,,,,,,,,,,,,,3790,11584,0,651,12235,16590,
21,PUEBLA,206,ZACAPALA,4,6,504,764,12,23,117,386,,15,7,298,14,5,3,0,2,,,,,,,,,,,,,,,,,,,,,,,,,,,,,,,,,,,,,,,,,,,,,,,,,,,,,,,,,,,,,,,,,,,,,,,,,,,,,,,,,,,,,,,,,,,,,,,,,,,,,,,,,,,,,,,,,,,20,,,,,,,,,,,,,,,,,,,,,,,,,,,,,,,2170,2,87,2259,3308,
21,PUEBLA,207,ZACAPOAXTLA,27,65,4805,4846,3805,1132,348,337,230,88,66,7390,190,219,115,12,99,,,,,,,,,,,,,,,,,,,,,,,,,,,,,,,,,,,,,,,,,,,,,,,,,,,,,,,,,,,,,,,,,,,,,,,,,,,,,,,,,,,,,,,,,,,,,,,,,,,,,,,36,16,10,5,,,,,,,,,,145,,,,,,,,,,,,,,,,,,,,,,,,,,,,,,23894,9,1238,25141,38086,
21,PUEBLA,208,ZACATLAN,30,103,9627,15924,360,950,497,291,820,201,96,8869,319,220,72,18,67,,,,,,,,,,,,,,,,,,,,,,,,,,,41,40,14,5,2,63,33,19,3,0,2,,,,,,,,,,,,,,,,,,,,,,,,,,,,,,,,,,,,,,,,,,,,,,,,,,,,,,,,,,,,,,,,,,,,,,,,,,,,,,,,,,187,,,,,,,,,,,,,,,,,,,,,,,,,,,38740,36,2338,41114,59565,https://www.ieepuebla.org.mx/2018/computos/actas_mpios/DTTO_03_CME_ZACATLAN.pdf
21,PUEBLA,209,ZAPOTITLAN,9,14,201,2412,103,36,,1019,28,596,7,480,15,6,5,0,2,,,,,,,,,,,,,,,,,,,,,,,,,,,,,,,,,,,,,,,,,,,,,,,,,,,,,,,,,,,,,,,,,,,,,,,,,,,,,,,,,,,,,,,,,,,,,,,,,,,,,,,,,,,,,,,,,,,,,,,,22,,,,,,,,,,,,,,,,,,,,,,,,,,4932,0,256,5188,6679,
21,PUEBLA,210,ZAPOTITLAN DE MENDEZ,3,7,1055,1176,7,336,11,8,63,6,2,538,30,36,7,4,1,,,,,,,,,,,,,,,,,,,,,,,,,,,,,,,,,,,,,,,,,,,,,,,,,,,,,,,,,,,,,,,,,,,,,,,,,,,,,,,,,,,,,,,,,,,,,,,,,,,,,,,,,,,,,,,,,,,,2,,,,,,0,,,,,0,,,,,,,,,,,,,,,,,,,3282,1,86,3369,4022,
21,PUEBLA,211,ZARAGOZA,6,21,1072,1457,51,102,3358,219,256,64,490,944,30,25,4,4,7,,,,,,,,,,,,,,,,,,,,,,,,,,,,,,,,,,,,,,,,,,,,,,,,,,,,,,,,,,,,,,,,,,,,,,,,,,,,,,,,,,,,,,,,,,,,,,,,,,,,,,,,,,,,,,,,,,,,,38,,,,,,,,,,,,,,,,,,,,,,,,,,,,,8121,0,364,8485,11553,
21,PUEBLA,212,ZAUTLA,12,27,201,729,2824,175,747,2963,23,11,14,2857,44,56,30,2,19,,,,,,,,,,,,,,,,,,,,,,,,,,,,,,,,,,,,,,,,,,,,,,,,,,,,,,,,,,,,,,,,,,,,,,,,,,,,,,,,,,,,,,,,,,,,,,,,,,,,,,,,,,,,,,,,,,,132,,,,,,,,,,,,,,,,,,,,,,,,,,,,,,,10827,0,551,11378,14084,https://www.ieepuebla.org.mx/2018/computos/actas_mpios/DTTO_04_CME_ZAUTLA.pdf
21,PUEBLA,213,ZIHUATEUTLA,7,18,1991,447,36,80,24,2680,55,7,1526,265,20,5,4,2,7,,,,,,,,,,,,,,,,,,,,,,,,,,,,,,,,,,,,,,,,,,,,,,,,,,,,,,,,,,,,,,,,,,,,,,,,,,,,,,,,,,,,,,,,,,,,,,,,,,,,,,,,,,,,,,,,,,,,,,,,32,,,,,,,,,,,,,,,,,,,,,,,,,,7181,0,483,7664,9532,
21,PUEBLA,214,ZINACATEPEC,6,18,1005,2295,120,757,70,38,207,1057,102,2783,58,55,74,7,13,,,,,,,,,,,,,,,,,,,,,,,,,,,,,,,,,,,,,,,,,,,,,,,,,,,,,,,,,,,,,,,,,,,,,,,,,,,,,,,,,,,,,,,,,,,,,,,,,,,,,,,,,,,,,,,,,,,34,,,,,,,,,,,,,,,,,,,,,,,,,,,,,,,8675,1,294,8970,11491,https://www.ieepuebla.org.mx/2018/computos/actas_mpios/DTTO_26_CME_ZINACATEPEC.pdf
21,PUEBLA,215,ZONGOZOTLA,2,5,649,862,12,24,914,243,,1,1,51,14,1,0,0,0,,,,,,,,,,,,,,,,,,,,,,,,,,,,,,,,,,,,,,,,,,,,,,,,,,,,,,,,,,,,,,,,,,,,,,,,,,,,,,,,,,,,,,,,,,,,,,,,,,,,,,,,,,,,,,,,,,,13,,,,,,,,,,,,,,,,,,,,,,,,,,,,,,,2785,0,161,2946,3485,https://www.ieepuebla.org.mx/2018/computos/actas_mpios/DTTO_04_CME_ZONGOZOTLA.pdf
21,PUEBLA,216,ZOQUIAPAN,2,4,31,598,24,20,,31,17,469,118,38,4,3,1,1,1,,,,,,,,,,,,,,,,,,,,,,,,,,,,,,,,,,,,,,,,,,,,,,,,,,,,,,,,,,,,,,,,,,,,,,,,,,,,,,,,,,,,,,,,,,,,,,,9,1,5,8,,,,,,,,,,,,,,,,,,,,,,,,,,,,,,,,,,,,,,,,,,,,,,,,1379,0,85,1464,1816,
21,PUEBLA,217,ZOQUITLAN,12,22,167,692,2985,251,,48,316,24,78,3340,355,79,16,7,50,,,,,,,,,,,,,,,,,,,,,,,,,,,,,,,,,,,,,,,,,,,,,,,,,,,,,,,,,,,,,,,,,,,,,,,59,85,9,6,,,,,,,,,,,,,,,,,,,,,,,,,,,,,,,,,,,,,,,,,,,,,,,,,,,,,,,,,,,,,,,,,,,,,,,,8567,2,554,9123,12477,
