﻿ID_ESTADO,NOMBRE_ESTADO,ID_MUNICIPIO,MUNICIPIO,SECCIONES,CASILLAS,PAN,PRI,PRD,PVEM,MC,NA,PCPP,PSI,MORENA,ES,PT_MORENA_ES,C_COMUN_PAN_PRD_MC_PCPP_PSI,C_COMUN_PAN_PRD_MC_PCPP,C_COMUN_PAN_PRD_MC_PSI,C_COMUN_PAN_PRD_PCPP_PSI,C_COMUN_PAN_MC_PCPP_PSI,C_COMUN_PRD_MC_CPPP_PSI,C_COMUN_PAN_PRD_MC,C_COMUN_PAN_PRD_PCPP,C_COMUN_PAN_PRD_PSI,C_COMUN_PAN_MC_PCPP,C_COMUN_PAN_MC_PSI,C_COMUN_PAN_PCPP_PSI,C_COMUN_PRD_MC_PCPP,C_COMUN_PRD_MC_PSI,C_COMUN_PRD_PCPP_PSI,C_COMUN_MC_PCPP_PSI,C_COMUN_PAN_PRD,C_COMUN_PAN_MC,C_COMUN_PAN_PCPP,C_COMUN_PAN_PSI,C_COMUN_PRD_MC,C_COMUN_PRD_PCPP,C_COMUN_PRD_PSI,C_COMUN_MC_PCPP,C_COMUN_MC_PSI,C_COMUN_PCPP_PSI,C_COMUN_PVEM_PCPP_PSI,C_COMUN_PRI_NA,C_COMUN_PVEM_PCPP,C_COMUN_PVEM_PSI,C_COMUN_NA_PCPP,CAN_IND1,CAN_IND2,CAN_IND3,CAN_IND4,CAN_IND5,CAN_IND6,CAN_IND7,CAN_IND8,CAN_IND9,CAN_IND10,CAN_IND11,CAN_IND12,CAN_IND13,CAN_IND14,CAN_IND15,CAN_IND16,CAN_IND17,NUM_VOTOS_VALIDOS,NUM_VOTOS_CAN_NREG,NUM_VOTOS_NULOS,TOTAL_VOTOS,LISTA_NOMINAL,RUTA_ACTA
21,PUEBLA,1,ACAJETE,19,69,,1692,,409,2088,172,594,2376,,,15488,,,,,,,,,,,,,,,,,4234,,,,,,,,,,,,,,,,,,,,,,,,,,,,,,,,27053,3,1249,28305,44025,
21,PUEBLA,2,ACATENO,8,14,,444,,645,,,,1007,,,408,,,,,,,1884,,,,,,,,,,,,,,,,,,,,,,,,822,,,,,,,,,,,,,,,,,,5210,0,255,5465,6839,
21,PUEBLA,3,ACATLAN DE OSORIO,17,52,,2281,,,,3342,249,,,,5483,,,,,,,4399,,,,,,,,,,,,,,,,,,,,,,,747,,,,,,,,,,,,,,,,,,,16501,15,803,17319,28104,
21,PUEBLA,4,ACATZINGO,16,60,,5827,,431,,301,472,,,,10946,,,5820,,,,,,,,,,,,,,,,,,,,,,,,,,,,,,,,,,,,,,,,,,,,,,23797,8,857,24662,36284,
21,PUEBLA,5,ACTEOPAN,3,4,50,794,,,,,4,1011,,,,,,,,,,,,,,,,,,,,,,,,63,,,,,,,,,,,,,,,,,,,,,,,,,,,,1922,3,71,1996,2289,
21,PUEBLA,6,AHUACATLAN,7,19,,3454,,,,49,,,,,311,,,,,,,1636,,,,,,,,,,,,,,,,,,,,2536,,,,,,,,,,,,,,,,,,,,,,7986,0,478,8464,10223,
21,PUEBLA,7,AHUATLAN,4,5,,601,,275,159,,2,7,,,475,,,,,,,,,,,,,,,,,178,,,,,,,,,,,,,,,,,,,,,,,,,,,,,,,,1697,0,73,1770,2545,
21,PUEBLA,8,AHUAZOTEPEC,4,14,,0,,0,,0,,0,,,0,,0,,,,,,,,,,,,,,,,,,,,,,,,,,,,,,,,,,,,,,,,,,,,,,,0,0,0,0,7541,https://www.ieepuebla.org.mx/2018/computos/ayu_resoluciones/AHUAZOTEPEC-SCM-JRC-0236-2018.pdf
21,PUEBLA,9,AHUEHUETITLA,1,4,190,273,,,,,,,,,565,,,,,,,,,,,,,,,,,,,,,,,23,183,,,,,,,,,,,,,,,,,,,,,,,,,1234,0,49,1283,1823,
21,PUEBLA,10,AJALPAN,22,72,,7769,,171,,172,,,,,8833,,,,,,,,,,,,9702,,,,,,,,,4197,,,,,,,,,,,,,,,,,,,,,,,,,,,,30844,7,1963,32817,41977,https://www.ieepuebla.org.mx/2018/computos/ayu_resoluciones/SCM_JRC_2018_241_567060_65019.pdf
21,PUEBLA,11,ALBINO ZERTUCHE,1,2,,429,,,,,0,120,,,113,,,,,,,446,,,,,,,,,,,,,,,,,,,,,,,,,,,,,,,,,,,,,,,,,,1108,0,14,1122,1445,https://www.ieepuebla.org.mx/2018/computos/actas_mpios/DTTO_22_ALBINO ZERTUCHE ACTA FINAL DE ESCRUTINIO Y COMPUTO LEVANTADA EN EL CGIEE (ACTA 33).pdf
21,PUEBLA,12,ALJOJUCA,4,9,930,581,,,,529,1041,309,,,171,,,,,,,,,,,,,,,,,,,,,288,,,,,,,,,,,,,,,,,,,,,,,,,,,,3849,2,170,4021,4858,https://www.ieepuebla.org.mx/2018/computos/actas_mpios/DTTO_14_ALJOJUCA ACTA FINAL DE ESCRUTINIO Y COMPUTO LEVANTADA EN EL CGIEE (ACTA 33).pdf
21,PUEBLA,13,ALTEPEXI,6,21,1472,1300,,42,,1648,2856,59,,,1422,,,,,,,,,,,,,,,,,,,,,1876,,,,,,,,,,,,,,,,,,,,,,,,,,,,10675,1,419,11095,13488,https://www.ieepuebla.org.mx/2018/computos/actas_mpios/DTTO_26_CME_ALTEPEXI.pdf
21,PUEBLA,14,AMIXTLAN,3,7,,389,,765,,,,5,,,102,,,,,,,,,,,,,,,,,,,249,,1084,,,,,,,,,,,,,,,,,,,,,,,,,,,,2594,2,168,2764,3459,
21,PUEBLA,15,AMOZOC,18,101,,4093,,1211,,1017,1405,,,,18173,,,,,,,,,,,,,,,,,9851,,,,,,,,7598,,,,,,,,,,,,,,,,,,,,,,,,43348,33,1893,45274,68752,https://www.ieepuebla.org.mx/2018/computos/actas_mpios/DTTO_12_CME_AMOZOC_DE_MOTA.pdf
21,PUEBLA,16,AQUIXTLA,5,10,,2176,,,,38,,16,,,222,,,,,,,,,,,,,,,,,,,1350,,682,,,,,,,,,,,,,,,,,,,,,,,,,,,,4484,32,258,4774,6004,https://www.ieepuebla.org.mx/2018/computos/actas_mpios/DTTO_03_CME_AQUIXTLA.pdf
21,PUEBLA,17,ATEMPAN,9,31,,4842,,144,,4453,39,39,,,1107,,,,,,,2124,,,,,,,,,,,,,,,,,,,,,,,,,,,,,,,,,,,,,,,,,,12748,2,922,13672,18161,
21,PUEBLA,18,ATEXCAL,6,7,,1193,,2,,,,3,,,84,,896,,,,,,,,,,,,,,,,,,,,,,,,,,,,,,,,,,,,,,,,,,,,,,,2178,0,95,2273,2775,
21,PUEBLA,82,ATLEQUIZAYAN,2,4,213,787,6,,,,,0,,,581,,,,,,,,,,,,,,,,,,,,,,,,4,,,,,,,,,,,,,,,,,,,,,,,,,1591,0,19,1610,1889,https://www.ieepuebla.org.mx/2018/computos/actas_mpios/DTTO_04_CME_ATLEQUIZAYAN.pdf
21,PUEBLA,19,ATLIXCO,68,170,,11061,,1282,369,1159,488,379,,,23970,,,,,,,,,,,,,,,,,24134,,,,,,,,,,,,,,,,,,,,,,,,,,,,,,,,62842,127,2425,65394,103235,https://www.ieepuebla.org.mx/2018/computos/actas_mpios/ATLIXCO - RESOLUCION.pdf
21,PUEBLA,20,ATOYATEMPAN,2,7,,402,,265,,19,375,,,,1715,,,,,,,,,,,,,,,,,120,,,,,,,,858,,,,,,,,,,,,,,,,,,,,,,,,3754,1,141,3896,4905,
21,PUEBLA,21,ATZALA,1,2,,408,,397,1,,13,1,,,17,,,,,,,,,,,,,,,,,28,,,,,,,,,,,,,,,,,,,,,,,,,,,,,,,,865,0,31,896,1074,
21,PUEBLA,22,ATZITZIHUACAN,9,18,,2079,,31,,,,8,,,627,,,,,,,3569,,,,,,,,,,,,,,,,,,,,,,,,34,,,,,,,,,,,,,,,,,,6348,0,272,6620,9014,
21,PUEBLA,23,ATZITZINTLA,5,13,,291,,,,1454,,31,,,729,,,,,,,,,,,,,,,,,684,,,,,,,1531,,,,,,,,,,,,,,,,,,,,,,,,,4720,1,193,4914,6190,https://www.ieepuebla.org.mx/2018/computos/actas_mpios/DTTO_14_CME_ATZITZINTLA.pdf
21,PUEBLA,24,AXUTLA,2,3,,326,,,3,,1,,,,,,,,,,,,,353,,,,,,,,,,,,,,,,,,,,,,,,,,,,,,,,,,,,,,,,683,0,17,700,1059,https://www.ieepuebla.org.mx/2018/computos/actas_mpios/DTTO_23_CME_AXUTLA.pdf
21,PUEBLA,25,AYOTOXCO DE GUERRERO,4,10,,1151,,937,,,598,,,,214,,,,,,,,,,,,,,,,,,,,1088,234,,,,,,,,,,,,,,,,,,,,,,,,,,,,4222,1,188,4411,5880,
21,PUEBLA,26,CALPAN,8,18,,459,,436,952,334,25,939,,,2327,,,,,,,,,,,,,,,,,1066,,,,,,,,,,,,,,,,,,,,,,,,,,,,,,,,6538,2,445,6985,10576,https://www.ieepuebla.org.mx/2018/computos/actas_mpios/DTTO_08_CME_CALPAN.pdf
21,PUEBLA,27,CALTEPEC,7,10,,1054,,,,,,,,,167,,,,,,,,,,,,,,579,,,,,1017,,,,,,,,,,,,,,,,,,,,,,,,,,,,,,2817,0,73,2890,3572,
21,PUEBLA,28,CAMOCUAUTLA,2,3,,515,,,704,,,2,,,342,,,,,,,,67,,,,,,,,,,,,,,,,,,,,,,,,,,,,,,,,,,,,,,,,,1630,0,50,1680,1855,https://www.ieepuebla.org.mx/2018/computos/actas_mpios/DTTO_02_CME_CAMOCUAUTLA.pdf
21,PUEBLA,29,CAÑADA MORELOS,9,25,,0,,0,,,0,,,,0,,,,,,,,,,,,,,,,,,,,0,0,,,,,,,,,,,,,,,,,,,,,,,,,,,,0,0,0,0,13797,https://www.ieepuebla.org.mx/2018/computos/ayu_resoluciones/CANADA-MORELOS-SCM-JDC-1141-2018.pdf
21,PUEBLA,30,CAXHUACAN,2,4,29,859,11,105,84,26,456,190,,,381,,,,,,,,,,,,,,,,,,,,,,,,,,,,,,,,,,,,,,,,,,,,,,,,,2141,0,110,2251,2796,https://www.ieepuebla.org.mx/2018/computos/actas_mpios/DTTO_04_CME_CAXHUACAN.pdf
21,PUEBLA,46,CHALCHICOMULA DE SESMA,24,57,,2073,,585,,951,5048,286,,,6197,,,,,,,5288,,,,,,,,,,,,,,,,,,,,,,,,,562,,,,,,,,,,,,,,,,,20990,4,1071,22065,33128,
21,PUEBLA,47,CHAPULCO,3,8,547,830,,190,,,,,,,322,,,,,,,,,,,,,,,,,,,,,,,873,887,,,,,,,,,,,,,,,,,,,,,,,,,3649,0,144,3793,4888,
21,PUEBLA,48,CHIAUTLA,17,33,,3108,,,,189,1680,,,,2874,,,1267,,,,,,,,,,,,,,,,,,,,,,,,,,,,,,,,,,,,,,,,,,,,,,9118,0,370,9488,16307,https://www.ieepuebla.org.mx/2018/computos/actas_mpios/CHIAUTLA - RESOLUCION.pdf
21,PUEBLA,49,CHIAUTZINGO,8,23,,1848,143,79,,,897,1342,,,2878,,,,,,,,,,,,,,,,,,1447,,,,,,,,,,,,,,,,,,,,,,,,,,,,,,,8634,5,357,8996,14334,https://www.ieepuebla.org.mx/2018/computos/actas_mpios/DTTO_08_CME_SAN_LORENZO_CHIAUTZINGO.pdf
21,PUEBLA,51,CHICHIQUILA,9,24,,2923,,25,,1971,708,380,,,1891,,,,,,,2384,,,,,,,,,,,,,,,,,,,,,,,,,,,,,,,,,,,,,,,,,,10282,1,751,11034,14444,https://www.ieepuebla.org.mx/2018/computos/actas_mpios/DTTO_14_CME_CHICHIQUILA.pdf
21,PUEBLA,50,CHICONCUAUTLA,7,19,,3141,,31,,1264,4,15,,,131,,,,,,,2587,,,,,,,,,,,,,,,,,,,,,,,,,,,,,,,,,,,,,,,,,,7173,1,1005,8179,10348,https://www.ieepuebla.org.mx/2018/computos/actas_mpios/CHICONCUAUTLA - RESOLUCION.pdf
21,PUEBLA,52,CHIETLA,20,48,,5538,,81,2692,634,2736,979,,,2158,,,,,,,,,,,,,,,,,2502,,,,,,,,,,,,,,,,,,,,,,,,,,,,,,,,17320,1,886,18207,27640,https://www.ieepuebla.org.mx/2018/computos/actas_mpios/DTTO_22_CME_CHIETLA.pdf
21,PUEBLA,53,CHIGMECATITLAN,2,2,,367,,,36,,,0,,,191,,,,,,,,333,,,,,,,,,,,,,,,,,,,,,,,,,,,,,,,,,,,,,,,,,927,0,20,947,1111,https://www.ieepuebla.org.mx/2018/computos/actas_mpios/DTTO_23_CHIGMECATITLAN ACTA FINAL DE ESCRUTINIO Y COMPUTO LEVANTADA EN EL CGIEE (ACTA 33).pdf
21,PUEBLA,54,CHIGNAHUAPAN,28,77,,6486,,217,,1021,,350,,,8811,,14627,,,,,,,,,,,,,,,,,,,,,,,,,,,,,,,,,,,,,,,,,,,,,,,31512,6,1403,32921,44566,
21,PUEBLA,55,CHIGNAUTLA,7,34,,5317,,342,,570,,896,,,2466,,,,,,,,,,,,,,,,,1915,,,,,,,3183,,,,,,,,,,,,,,,,,,,,,,,,,14689,1,813,15503,21286,https://www.ieepuebla.org.mx/2018/computos/actas_mpios/DTTO_06_CME_CHIGNAUTLA.pdf
21,PUEBLA,56,CHILA,4,8,,1088,,,64,,11,,,,66,,,,,,,,,1530,,,,,,,,,,,,,,,,,,,,,,,,,,,,,,,,,,,,,,,,2759,2,86,2847,3935,
21,PUEBLA,57,CHILA DE LA SAL,2,3,,459,,,,,,1,,,283,,,,,,,187,,,,,,,,,,,,,,,,,,,,,,,,0,,,,,,,,,,,,,,,,,,930,0,8,938,1212,
21,PUEBLA,59,CHILCHOTLA,7,19,,937,964,323,1419,184,,725,,,1276,,,,,,,,,,,,,,,,,,,2588,,,,,,,,,,,,,,6,,,,,,,,,,,,,,,,8422,0,835,9257,12104,https://www.ieepuebla.org.mx/2018/computos/actas_mpios/DTTO_14_CME_CHILCHOTLA.pdf
21,PUEBLA,60,CHINANTLA,3,5,,579,,,,81,80,,,,195,,,,,,,,,,,,,,,,,,,,386,103,,,,,,,,,,,,,,,,,,,,,,,,,,,,1424,0,39,1463,2323,
21,PUEBLA,31,COATEPEC,1,1,,187,,,77,,225,1,,,3,,,,,,,,,,,,,,,,,30,,,,,,,,,,,,,,,,,,,,,,,,,,,,,,,,523,0,13,536,749,https://www.ieepuebla.org.mx/2018/computos/actas_mpios/DTTO_02_CME_COATEPEC.pdf
21,PUEBLA,32,COATZINGO,3,6,13,481,,586,,,2,2,,,48,,,,,,,,,,,,,,,,,,,,,486,,,,,,,,,,,,,,,,,,,,,,,,,,,,1618,0,88,1706,2278,
21,PUEBLA,33,COHETZALA,2,3,14,303,,70,4,296,,1,,,55,,,,,,,,,,,,,,,,,,,,,,86,,,,,,,,,,,,,,,,,,,,,,,,,,,829,0,46,875,1179,
21,PUEBLA,34,COHUECAN,3,6,1475,828,,,,,,10,,,188,,,,,,,,,,,,,,,,,,,,,14,,,,,,,,,,216,,,,,,,,,,,,,,,,,,2731,0,85,2816,3566,
21,PUEBLA,35,CORONANGO,12,56,,3722,4682,1496,,497,2853,443,,,6951,,,,,,,,,,,,,,,,,,2637,,,,,,,,,,,,,,,,,,,,,,,,,,,,,,,23281,73,843,24197,36473,
21,PUEBLA,36,COXCATLAN,12,26,832,1850,,1219,,377,1658,1169,,,2072,,,,,,,,,,,,,,,,,,,,,962,,,,,,,,,,,,,,,,,,,,,,,,,,,,10139,0,700,10839,14760,
21,PUEBLA,37,COYOMEAPAN,8,19,,2313,,14,,16,6,,,,1362,,,3491,,,,,,,,,,,,,,,,,,,,,,,,,,,,,,,,,,,,,,,,,,,,,,7202,1,261,7464,8935,
21,PUEBLA,38,COYOTEPEC,3,4,,462,,,,205,2,4,,,467,,,,,,,349,,,,,,,,,,,,,,,,,,,,,,,,,,,,,,,,,,,,,,,,,,1489,0,73,1562,1976,
21,PUEBLA,39,CUAPIAXTLA DE MADERO,2,10,672,838,,,,,6,60,,,2007,,,,,,,,,,,,,,,,,,,,,777,,,,,,,,,,,,,,,,,,,,,,,,,,,,4360,0,134,4494,6038,https://www.ieepuebla.org.mx/2018/computos/actas_mpios/DTTO_13_CME_CUAPIAXTLA_DE_MADERO.pdf
21,PUEBLA,40,CUAUTEMPAN,4,14,,1210,,,,225,1170,,,,356,,,,,,,,,,,,,,,,,432,,,,,,,,1670,,,,,,,,,,,,,,,,,,,,,,,,5063,0,312,5375,6671,https://www.ieepuebla.org.mx/2018/computos/actas_mpios/DTTO_04_CME_CUAUTEMPAN.pdf
21,PUEBLA,41,CUAUTINCHAN,2,12,,154,541,362,,22,1178,16,,,1629,,,,,,,,,,,,,,,,,,1365,,,,,,,,,,,,,,,,,,,,,,,,,,,,,,,5267,0,281,5548,6841,
21,PUEBLA,42,CUAUTLANCINGO,16,105,,4787,,664,,1103,,,,,18015,,,,,,,,13427,,,,,,,,,,,,,,,,,665,,,,,,,,,6977,,,,,,,,,,,,,,,45638,495,1221,47354,70757,
21,PUEBLA,43,CUAYUCA DE ANDRADE,4,8,,814,1,310,,,2,3,,,83,,,,,,,,,,,,,,,,,,907,,,,,,,,,,,,,,,,,,,,,,,,,,,,,,,2120,2,81,2203,2778,
21,PUEBLA,44,CUETZALAN DEL PROGRESO,20,52,,9275,,109,534,102,55,47,,,2399,,,,,,,,,,,,,,,,,7508,,,,,,,,,,,,,,,,,,956,,,,,,,,,,,,,,20985,17,1628,22630,31820,https://www.ieepuebla.org.mx/2018/computos/actas_mpios/DTTO_05_CME_CUETZALAN_DEL_PROGRESO.pdf
21,PUEBLA,45,CUYOACO,7,19,,1629,,297,2412,,,1354,,,1929,,,,,,,,995,,,,,,,,,,,,,,,,,,,,,,,,,,,,,,,,,,,,,,,,,8616,0,365,8981,11442,
21,PUEBLA,61,DOMINGO ARENAS,3,8,,195,,,,,,3,,,341,,,,,,,718,,,,,,,,,,,,,,,,,,,,,,,,660,,,,,1606,,,,,,,,,,,,,3523,0,139,3662,5018,
21,PUEBLA,62,ELOXOCHITLAN,6,19,,,,13,,,20,,,,139,,,4253,,,,,,,,,,,,,,,,,,,,,,,,,2868,,,,,,,,,,,,,,,,,,,,,7293,0,232,7525,8683,https://www.ieepuebla.org.mx/2018/computos/actas_mpios/DTTO_26_CME_ELOXOCHITLAN.pdf
21,PUEBLA,63,EPATLAN,2,6,,560,,,891,,,,,,415,,,,824,,,,,,,,,,,,,,,,,,,,,,,,,,,,,,,,,,,,,,,,,,,,,2690,1,78,2769,3707,
21,PUEBLA,64,ESPERANZA,9,19,,599,,174,,,,260,,,1050,,,,,,,1605,,,,,,,,,,,,,,,,,,,,,,,,3341,,,,,,,,,,,,,,,,,,7029,19,354,7402,10175,https://www.ieepuebla.org.mx/2018/computos/actas_mpios/DTTO_14_CME_ESPERANZA.pdf
21,PUEBLA,65,FRANCISCO Z. MENA,9,23,,1780,,41,,748,,21,,,3628,,3161,,,,,,,,,,,,,,,,,,,,,,,,,,,,,,,,,,,,,,,,,,,,,,,9379,0,331,9710,12623,
21,PUEBLA,66,GENERAL FELIPE ANGELES,7,24,,2323,,,,,,2237,,,2732,,,,,,,1377,,,,,,,,,,,,,,,,,,,,,,,,265,,,,,,,,,,,,,,,,,,8934,1,506,9441,13860,https://www.ieepuebla.org.mx/2018/computos/actas_mpios/DTTO_15_CME_GENERAL_FELIPE_ANGELES.pdf
21,PUEBLA,67,GUADALUPE,4,9,,1799,,,9,,2,,,,465,,,,,,,,,1563,,,,,,,,,,,,,,,,,,,,,,,,,,,,,,,,,,,,,,,,3838,0,81,3919,5408,
21,PUEBLA,68,GUADALUPE VICTORIA,10,19,,5195,,36,243,1449,,16,,,642,,,,,,,,595,,,,,,,,,,,,,,,,,,,,,,,,,,,,,,,,,,,,,,,,,8176,1,419,8596,11502,https://www.ieepuebla.org.mx/2018/computos/actas_mpios/DTTO_06_CME_GUADALUPE_VICTORIA.pdf
21,PUEBLA,69,HERMENEGILDO GALEANA,4,10,,1624,,,5,,,4,,,113,,,,,,,,,,,,,,,,,1755,,,,,,,,,,,,647,,,,,,,,,,,,,,,,,,,,4148,0,191,4339,5337,
21,PUEBLA,58,HONEY,3,9,,2020,,,11,,3,4,,,158,,,,,,,,,,,,,,,,,1679,,,,,,,,,,,,,,,,,,,,,,,,,,,,,,,,3875,0,214,4089,5186,
21,PUEBLA,70,HUAQUECHULA,19,38,,4349,,93,,76,209,271,,,5030,,,,,,,2777,,,,,,,,,,,,,,,,,,,,,,,,,,,,,,266,,,,,,,,,,,,13071,9,571,13651,20393,https://www.ieepuebla.org.mx/2018/computos/actas_mpios/DTTO_22_CME_HUAQUECHULA.pdf
21,PUEBLA,71,HUATLATLAUCA,6,11,1700,113,,,,,,5,,,281,,,,,,,,,,,,,1527,,,,,,,,,,,,,,,,,,,,,,,,,,,,,,,,,,,,3626,0,221,3847,5094,https://www.ieepuebla.org.mx/2018/computos/actas_mpios/DTTO_23_CME_HUATLATLAUCA.pdf
21,PUEBLA,72,HUAUCHINANGO,37,118,,9213,,,,415,,,,,15668,,,12954,,,,,,,,,,,,,,,,,,,,,,,,,,7047,,,,,,,,,814,,,,,,,,,,,46111,31,2836,48978,71439,
21,PUEBLA,73,HUEHUETLA,9,21,,3775,,6,,19,,27,,,268,,,,,,,,,,,,,,,,,,1911,,,,3063,,,,,,,,,,,,,,,,,,,,,,,,,,,9069,0,232,9301,11343,
21,PUEBLA,74,HUEHUETLAN EL CHICO,6,13,,1817,,14,,67,,,,,378,,,,,,,,,,,,,,894,,,,,1915,,,,,,,,,,,,,,,,,,,,,,,,,,,,,,5085,0,245,5330,7283,https://www.ieepuebla.org.mx/2018/computos/actas_mpios/DTTO_22_CME_HUEHUETLAN_EL_CHICO.pdf
21,PUEBLA,75,HUEHUETLAN EL GRANDE,5,10,,1782,,12,,,,,,,246,,,,,,,,97,,,,,,,,,,,,,,,,,1325,,,,,,,,,,,,,,,,,,,,,,,,3462,0,228,3690,4970,
21,PUEBLA,76,HUEJOTZINGO,22,84,2894,5883,,810,,4894,827,379,,,8914,,,,,,,,,,,,,,,,,,,,,6517,,,,,,,,,,,,,,,,,,1721,,,,,,,,,,32839,33,1360,34232,53731,https://www.ieepuebla.org.mx/2018/computos/actas_mpios/DTTO_08_CME_HUEJOTZINGO.pdf
21,PUEBLA,77,HUEYAPAN,5,12,,1912,,18,,862,150,,,,1460,,,1368,,,,,,,,,,,,,,,,,,,,,,,,,,,,,,,,,,,,,,,,,,,,,,5770,0,245,6015,8275,
21,PUEBLA,78,HUEYTAMALCO,15,36,,4672,,1090,,,,798,,,1639,,,,,,,3232,,,,,,,,,,,,,,,,,,,,,,,,1546,,,,,,,,,,,,,,,,,,12977,4,656,13637,19500,
21,PUEBLA,79,HUEYTLALPAN,3,8,,1690,,7,,,2,5,,,269,,,,,,,1295,,,,,,,,,,,,,,,,,,,,,,,,,,,,,,,,,,,,,,,,,,3268,1,118,3387,4075,https://www.ieepuebla.org.mx/2018/computos/actas_mpios/DTTO_04_CME_HUEYTLALPAN.pdf
21,PUEBLA,80,HUITZILAN DE SERDAN,5,17,,4012,,,,,,,,,581,,,,,,,2019,,,,,,,,,,,,,,,,,,,27,,,,,,,,,,,,,,,,,,,,,,,6639,0,320,6959,9430,
21,PUEBLA,81,HUITZILTEPEC,3,7,,580,,1428,132,,,,,,312,,,,,,,,,,,,,,,,,641,,,,,,,,,4,,,,,,,,,,,,,,,,,,,,,,,3097,1,101,3199,4025,
21,PUEBLA,83,IXCAMILPA DE GUERRERO,3,7,,1185,,,,,,,,,87,,,,,,,,98,,,,,,,,,,,,,,,,,957,,,,,,,,,,,,,,,,,,,,,,,,2327,0,63,2390,3066,
21,PUEBLA,84,IXCAQUIXTLA,3,9,,2355,,12,113,17,706,1,,,800,,,,,,,,,,,,,,,,,364,,,,,,,,,,,,,,,,,,,,,,,,,,,,,,,,4368,4,131,4503,5800,
21,PUEBLA,85,IXTACAMAXTITLAN,15,38,1756,6228,,58,,76,415,29,,,1897,,,,,,,,,,,,,,,,,,,,,2400,,,,,,,,,,,,,,,,,,,,,,,,,,,,12859,0,884,13743,17912,
21,PUEBLA,86,IXTEPEC,3,8,,819,,12,8,,,,,,208,,,,,,,,,,,,,,,,,,,1135,,,,1466,,,,,,,,,,,,,,,,,,,,,,,,,,3648,0,191,3839,4822,https://www.ieepuebla.org.mx/2018/computos/actas_mpios/DTTO_04_CME_IXTEPEC.pdf
21,PUEBLA,87,IZUCAR DE MATAMOROS,34,103,,8045,,684,,2148,,1687,,,12566,,,,,,,,,,,,,,,,,4952,,,,,,,2241,,,,,,,,,,,,,,,,1088,,,,,,,,,33411,14,1593,35018,57741,https://www.ieepuebla.org.mx/2018/computos/actas_mpios/DTTO_22_CME_IZUCAR_DE_MATAMOROS.pdf
21,PUEBLA,88,JALPAN,6,16,,461,200,,,1196,,17,,,579,,,,,,,,,,,,,,,,,,2082,,,,,,,,,,,2117,,,,,,,,,,,,,,,,,,,,6652,1,437,7090,9278,https://www.ieepuebla.org.mx/2018/computos/actas_mpios/DTTO_01_JALPAN ACTA FINAL DE ESCRUTINIO Y COMPUTO LEVANTADA EN EL CGIEE (ACTA 33).pdf
21,PUEBLA,89,JOLALPAN,6,16,,2964,,,,9,,6,,,378,,,,,,,,,,,,,,,,,,,2306,,1324,,,,,,,,,,,,,,,,,,,,,,,,,,,,6987,5,420,7412,9401,
21,PUEBLA,90,JONOTLA,3,7,,666,,460,,723,1,3,,,88,,,,,,,209,,,,,,,,,,,,,,,,,,,,,,,,,,,,,,,,,,,,,,,,,,2150,0,121,2271,3415,https://www.ieepuebla.org.mx/2018/computos/actas_mpios/DTTO_05_CME_JONOTLA.pdf
21,PUEBLA,91,JOPALA,7,16,,917,,926,,17,17,,,,1484,,,,,,,,,,,,,,,,,,2064,,,,,1468,,,,,,,,,,,,,,,,,,,,,,,,,,6893,0,267,7160,9104,
21,PUEBLA,92,JUAN C. BONILLA,6,25,,721,,2136,1717,132,1457,330,,,2814,,,,,,,,,,,,,,,,,1714,,,,,,,,,,,,,,,,,,,,,,,,,,,,,,,,11021,10,498,11529,16551,https://www.ieepuebla.org.mx/2018/computos/actas_mpios/DTTO_08_CME_SAN_MATEO_CUANALA.pdf
21,PUEBLA,93,JUAN GALINDO,5,11,1029,1026,,105,21,,,412,,,1679,,,,,,,,,,,,,,,,,,,,,,109,,,,,,,,,,,,,,,,,,,,,,,,,,,4381,2,152,4535,5886,
21,PUEBLA,94,JUAN N. MENDEZ,4,8,,647,,236,,622,5,12,,,705,,,,,,,840,,,,,,,,,,,,,,,,,,,,,,,,,,,,,,,,,,,,,,,,,,3067,0,185,3252,3914,https://www.ieepuebla.org.mx/2018/computos/actas_mpios/DTTO_24_JUAN N MENDEZ ACTA FINAL DE ESCRUTINIO Y COMPUTO LEVANTADA EN EL CGIEE (ACTA 33).pdf
21,PUEBLA,97,LA MAGDALENA TLATLAUQUITEPEC,1,1,,191,,,1,,0,,,,61,,,,,,,,,164,,,,,,,,,,,,,,,,,,,,,,,,,,,,,,,,,,,,,,,,417,0,7,424,484,
21,PUEBLA,95,LAFRAGUA,8,12,317,1223,,130,1023,1227,,45,,,231,,,,,,,,,,,,,,,,,,,,,,101,,,,,,,,,,,,,,,,,,,,,,,,,,,4297,0,251,4548,5751,https://www.ieepuebla.org.mx/2018/computos/actas_mpios/DTTO_06_CME_SALTILLO_LA_FRAGUA.pdf
21,PUEBLA,96,LIBRES,11,39,,2417,1236,2645,,2053,43,,,,2441,,,,,,,,,,,3672,,,,,,,,,,,,,,,,,,,,,,,,,,,,,,918,,,,,,,,15425,1,773,16199,23082,https://www.ieepuebla.org.mx/2018/computos/actas_mpios/DTTO_03_CME_LIBRES.pdf
21,PUEBLA,119,LOS REYES DE JUAREZ,8,26,,4052,,32,65,,11,25,,,2499,,,,,,,,,,,,,,,,,4633,,,,,,,,,,,,,,,,,,,,,,,,,,,,,,,,11317,4,440,11761,16873,
21,PUEBLA,98,MAZAPILTEPEC DE JUAREZ,2,4,,0,,0,,,0,,,,0,,,,,,,,,,,,,,,,,,0,,,,,0,,,,,,,,,,,,,,,,,,,,,,,,,,0,0,0,0,2092,https://www.ieepuebla.org.mx/2018/computos/ayu_resoluciones/MAZAPILTEPEC-SCM-JRC-0231-2018.pdf
21,PUEBLA,99,MIXTLA,2,3,,471,,32,,,394,59,,,194,,,,,,,216,,,,,,,,,,,,,,,,,,,,,,,,,,,,,,,,,,,,,,,,,,1366,0,36,1402,1751,
21,PUEBLA,100,MOLCAXAC,5,8,,876,127,,313,,,596,,,782,,,,,,,,,,,,,,,,,,,861,,,,,,,,,,,,,,,,,,,,,,,,,,,,,,3555,0,129,3684,4886,https://www.ieepuebla.org.mx/2018/computos/actas_mpios/DTTO_23_CME_MOLCAXAC.pdf
21,PUEBLA,101,NAUPAN,5,13,,1606,,,40,25,,,,,1636,,,,,,,,,,,,,,,,,,,,1296,,369,,,,,,,,,,,,,,,,,,,,,,,,,,,4972,0,233,5205,6762,
21,PUEBLA,102,NAUZONTLA,3,5,,708,,174,4,341,,,,,138,,,,,,,,,,,,,,,,,459,,,,,,,,,188,,,,,,,,,,,,,,,,,,,,,,,2012,0,106,2118,2676,https://www.ieepuebla.org.mx/2018/computos/actas_mpios/DTTO_04_CME_NAUZONTLA.pdf
21,PUEBLA,103,NEALTICAN,4,13,,734,,36,24,1175,1826,,,,739,,,,,,,,,1634,,,,,,,,,,,,,,,,,,,,,,,,,,,,,,,,,,,,,,,,6168,0,263,6431,8559,https://www.ieepuebla.org.mx/2018/computos/actas_mpios/DTTO_08_CME_NEALTICAN.pdf
21,PUEBLA,104,NICOLAS BRAVO,4,8,,51,,1379,11,57,13,,,,1648,,,,,,,,,237,,,,,,,,,,,,,,,,,,,,,,,,,,,,,,,,,,,,,,,,3396,0,159,3555,4584,
21,PUEBLA,105,NOPALUCAN,7,25,1146,1388,62,2921,1280,998,404,2511,,,1021,,,,,,,,,,,,,,,,,,,,,,,,,,,,,,,,,,,,,,,,,,,,,,,,,11731,0,649,12380,17323,
21,PUEBLA,106,OCOTEPEC,3,6,440,522,,,,315,17,608,,,327,,,,,,,,,,,,,,,,,,,,,317,,,,,,,,,,,,,,,,,,,,,,,,,,,,2546,1,121,2668,3594,https://www.ieepuebla.org.mx/2018/computos/actas_mpios/DTTO_03_CME_OCOTEPEC.pdf
21,PUEBLA,107,OCOYUCAN,10,39,,0,,0,,,,,,,0,,,,,,,0,,,,,,,,,,,,,,,,,,,0,,,,,,,,,,,,,,,,,,,,,,,0,0,0,0,23653,https://www.ieepuebla.org.mx/2018/computos/ayu_resoluciones/OCOYUCAN-SCM-JRC-0212-2018.pdf
21,PUEBLA,108,OLINTLA,8,15,,3238,,496,,16,,3,,,216,,2646,,,,,,,,,,,,,,,,,,,,,,,,,,,,,,,,,,,,,,,,,,,,,,,6615,0,162,6777,8175,
21,PUEBLA,109,ORIENTAL,8,19,,1223,,38,444,896,495,1494,,,913,,,,,,,,,,,,,,,,,2394,,,,,,,,,,,,,,,,,,,,,,,,,,,,,,,,7897,1,394,8292,11637,https://www.ieepuebla.org.mx/2018/computos/actas_mpios/DTTO_14_ORIENTAL ACTA FINAL DE ESCRUTINIO Y COMPUTO LEVANTADA EN EL CGIEE (ACTA 33).pdf
21,PUEBLA,110,PAHUATLAN,14,28,,1791,,40,,,,,,,2652,,,,,,,3536,,,,,,,,,,,,,,,,,,,1184,,,,,,,,,,,,,,,,,,,,,,,9203,9,684,9896,13693,
21,PUEBLA,111,PALMAR DE BRAVO,15,49,,1851,2652,100,892,71,,2638,,,4727,,,,,,,,,,,,,,,,,,,3611,,,,,,,,,,,,,,,,,,,,,,,1720,,,,,,,18262,6,1490,19758,29236,https://www.ieepuebla.org.mx/2018/computos/actas_mpios/DTTO_15_CME_PALMAR_DE_BRAVO.pdf
21,PUEBLA,112,PANTEPEC,10,27,,172,,,,78,,,,,776,,,,,,,,,,,,,,,4489,,,5411,,,,,,,,,,,,,,,,,,,,,,,,,,,,,,,10926,0,616,11542,13961,
21,PUEBLA,113,PETLALCINGO,6,16,,2547,,,,,,,,,293,,,,,,,,2039,,,,,,,,,,,,,,,,,28,,,,,,,,,,,,,,,,,,,,,,,,4907,1,205,5113,7065,
21,PUEBLA,114,PIAXTLA,5,9,,854,21,,7,,,3,,,960,,,,,,,,,,,,,,,,,,,643,,,,,,,,,,,,,,,,,,,,,,,,,,,,,,2488,0,83,2571,4105,
21,PUEBLA,115,PUEBLA,764,2102,,74000,,20542,,7443,9156,6436,,,343098,,,,,,,253384,,,,,,,,,,,,,,,,,,,,,,,,,,,,,,,,,,,,,,,,,,714059,459,22748,737266,1280473,
21,PUEBLA,116,QUECHOLAC,16,55,,675,724,239,,,,13635,,,4387,,,,,,,,,,,,,1540,,,,,,,,,,,,,,,,,,,,,,,,,,,,,,,,,,,,21200,3,2125,23328,33324,
21,PUEBLA,117,QUIMIXTLAN,10,26,,1843,34,18,,1857,,,,,894,,,,,,,,,,,,,,,,,,,3606,,,,,,1869,,,,,,,,,,,,,,,,,,,,,,,,10121,0,520,10641,13166,https://www.ieepuebla.org.mx/2018/computos/actas_mpios/DTTO_14_CME_QUIMIXTLAN.pdf
21,PUEBLA,118,RAFAEL LARA GRAJALES,7,21,,1197,,604,,1746,,22,,,1493,,3261,,,,,,,,,,,,,,,,,,,,,,,,,,,,,,,,,,,,,,,,,,,,,,,8323,0,294,8617,13184,
21,PUEBLA,120,SAN ANDRES CHOLULA,38,138,19955,3373,836,1890,1289,1848,454,4244,,,23814,,,,,,,,,,,,,,,,,,,,,,,,,,,,,,,,,,,,,,,,,,,,,,,,,57703,25,1654,59382,91693,https://www.ieepuebla.org.mx/2018/computos/actas_mpios/DTTO_18_CME_SAN_ANDRES_CHOLULA.pdf
21,PUEBLA,121,SAN ANTONIO CAÑADA,2,6,,756,,214,,,,5,,,236,,,,,,,,,,,,,,,,,,,818,,982,,,,,,,,,,,,,,,,,,,,,,,,,,,,3011,0,141,3152,3769,
21,PUEBLA,122,SAN DIEGO LA MESA TOCHIMILTZINGO,3,3,21,318,,,,,,0,,,12,,,,,,,,,,,,,403,,,,,,,,,,,,,,,,,,,,,,,,,,,,,,,,,,,,754,0,19,773,911,https://www.ieepuebla.org.mx/2018/computos/actas_mpios/DTTO_21_CME_SAN_DIEGO_LA_MESA_TOCHIMITLZINGO.pdf
21,PUEBLA,123,SAN FELIPE TEOTLALCINGO,5,11,,895,,,447,156,,155,,,1310,,,,,,,,1268,,,,,,,,,,,,,,,,,,,,,,,,,,,,,,,,,,,,,,,,,4231,4,147,4382,7353,
21,PUEBLA,124,SAN FELIPE TEPATLAN,3,6,13,699,,345,9,2,3,,,,657,,,,,,,,,,,,,,,,,,,,,,,505,,,,,,,,,,,,,,,,,,,,,,,,,,2233,0,108,2341,2859,
21,PUEBLA,125,SAN GABRIEL CHILAC,6,18,,2699,30,2013,,39,405,155,,,1934,,,,,,,,,,,,,,,,,,1248,,,,,,,,,,,,,,,,,,,,,,,,,,,,,,,8523,0,268,8791,10933,
21,PUEBLA,126,SAN GREGORIO ATZOMPA,4,11,,370,,201,1097,,121,888,,,804,,,,,,,,,,,,,,,,,588,,,,,,,,,,,,,,,,,,,,,,,,,,,,,,,,4069,78,164,4311,6953,https://www.ieepuebla.org.mx/2018/computos/actas_mpios/SAN GREGORIO ATZOMPA - RESOLUCION.pdf
21,PUEBLA,127,SAN JERONIMO TECUANIPAN,3,7,,636,558,,,200,,93,,,1017,,,,,,,,,,439,,,,,,,,,,,,,,,,,,,,,,,,,,,,,,,,,,,,,,,2943,1,103,3047,4114,
21,PUEBLA,128,SAN JERONIMO XAYACATLAN,4,7,,1088,,,7,,,,,,160,,,,975,,,,,,,,,,,,,,,,,,,,,,,,,,,,,,,,,,,,,,,,,,,,,2230,0,279,2509,3216,https://www.ieepuebla.org.mx/2018/computos/actas_mpios/DTTO_23_CME_SAN_JERONIMO_XAYACATLAN.pdf
21,PUEBLA,129,SAN JOSE CHIAPA,6,12,1607,271,,244,,192,,,,,1691,,,,,,,,,,,,,,,,,,,,,,404,,,311,,,,,,,,,,,,,,,,,,,,,,,,4720,0,143,4863,6321,
21,PUEBLA,130,SAN JOSE MIAHUATLAN,7,17,,2525,,10,25,,42,8,,,2398,,,,,,,,,,,,,,,,,1095,,,,,,,,,,,,,,,,,,,,,,,,,,,,,,,,6103,0,180,6283,9606,https://www.ieepuebla.org.mx/2018/computos/actas_mpios/DTTO_26_SAN JOSE MIAHUATLAN ACTA FINAL DE ESCRUTINIO Y COMPUTO LEVANTADA EN EL CGIEE (ACTA 33).pdf
21,PUEBLA,131,SAN JUAN ATENCO,4,5,,352,,,,,,5,,,378,,,,,,,,,,,,,,,,,505,,,,,,,871,,,,,,,,,,,,,,,,,,,,,,,,,2111,0,119,2230,2911,https://www.ieepuebla.org.mx/2018/computos/actas_mpios/DTTO_14_CME_SAN_JUAN_ATENCO.pdf
21,PUEBLA,132,SAN JUAN ATZOMPA,1,2,,264,,,1,,,0,,,260,,,,,,,,90,,,,,,,,,,,,,,,,,,,,,,,,,,,,,,,,,,,,,,,,,615,0,13,628,805,https://www.ieepuebla.org.mx/2018/computos/actas_mpios/DTTO_23_CME_SAN_JUAN_ATZOMPA.pdf
21,PUEBLA,133,SAN MARTIN TEXMELUCAN,54,177,,9855,,3040,,1929,4981,736,,,26274,,,,,,,16274,,,,,,,,,,,,,,,,,,,,,,,,,,,,,,,,,,,,,,,,,,63089,69,2520,65678,109573,https://www.ieepuebla.org.mx/2018/computos/actas_mpios/DTTO_07_CME_SAN_MARTIN_TEXMELUCAN.pdf
21,PUEBLA,134,SAN MARTIN TOTOLTEPEC,1,1,,3,,176,,,0,0,,,207,,,,,,,87,,,,,,,,,,,,,,,,,,,,,,,,,,,,,,,,,,,,,,,,,,473,0,9,482,604,
21,PUEBLA,135,SAN MATIAS TLALANCALECA,9,24,2128,2491,,321,,1416,102,1069,,,2148,,,,,,,,,,,,,,,,,,,,,101,,,,,,,,,,,,,,,,,,,,,,,,,,,,9776,8,376,10160,15019,https://www.ieepuebla.org.mx/2018/computos/actas_mpios/DTTO_07_CME_SAN_MATIAS_TLALANCALECA.pdf
21,PUEBLA,136,SAN MIGUEL IXITLAN,1,1,,138,,,,,0,1,,,152,,,,,,,93,,,,,,,,,,,,,,,,,,,,,,,,,,,,,,,,,,,,,,,,,,384,0,13,397,487,
21,PUEBLA,137,SAN MIGUEL XOXTLA,4,13,,604,,528,,533,,674,,,1321,,,,,,,,,,,,,,,,,,,1369,,1083,,,,,,,,,,,,,,,,,,,,,,,,,,,,6112,19,211,6342,8889,
21,PUEBLA,138,SAN NICOLAS BUENOS AIRES,4,12,1117,393,,1494,815,,,7,,,368,,,,,,,,,,,,,,,,,,,,,,704,,,,,,,,,,,,,,,,,,,,,,,,,,,4898,0,245,5143,7280,https://www.ieepuebla.org.mx/2018/computos/actas_mpios/DTTO_14_CME_SAN_NICOLAS_BUENOS_AIRES.pdf
21,PUEBLA,139,SAN NICOLAS DE LOS RANCHOS,5,12,,953,,,,54,1133,5,,,1184,,,,,,,2248,,,,,,,,,,,,,,,,,,,,,,,,,,,,,,,,,,,,,,,,,,5577,0,242,5819,7948,
21,PUEBLA,140,SAN PABLO ANICANO,2,5,,1101,,7,6,,,3,,,337,,,,,,,,824,,,,,,,,,,,,,,,,,,,,,,,,,,,,,,,,,,,,,,,,,2278,0,66,2344,2941,
21,PUEBLA,141,SAN PEDRO CHOLULA,46,164,,6032,979,1290,,1005,2112,1535,,,23777,,,,,,,,,,,,,,,,,,20039,,,,,,,,,,,,,,,,,,,,,,,,,5992,1865,,,,,64626,44,2441,67111,102485,https://www.ieepuebla.org.mx/2018/computos/actas_mpios/DTTO_18_CME_SAN_PEDRO_CHOLULA.pdf
21,PUEBLA,142,SAN PEDRO YELOIXTLAHUACA,2,5,,673,,,10,592,,7,,,274,,,,,,,,,,,,,,,,,542,,,,,,,,,,,,101,,,,,,,,,,,,,,,,,,,,2199,0,68,2267,2836,
21,PUEBLA,143,SAN SALVADOR EL SECO,10,33,2833,3232,1264,232,,59,,,,,3298,,,,,,,,,,,,,,,,2436,,,,,,,,,,,,,,,,,,,,,,,,,,,,,,,,,13354,4,661,14019,20289,https://www.ieepuebla.org.mx/2018/computos/actas_mpios/DTTO_14_SAN SALVADOR EL SECO ACTA FINAL DE ESCRUTINIO Y COMPUTO LEVANTADA EN EL CGIEE (ACTA 33).pdf
21,PUEBLA,144,SAN SALVADOR EL VERDE,10,34,1389,1957,1313,1903,,1452,77,,,,2071,,,,,,,,,,,,,,,,,,,,,,,,,3567,,,,,,,,,,,,,,,,,,,,,,,,13729,6,613,14348,22092,https://www.ieepuebla.org.mx/2018/computos/actas_mpios/DTTO_07_CME_SAN_SALVADOR_EL_VERDE.pdf
21,PUEBLA,145,SAN SALVADOR HUIXCOLOTLA,4,14,,1994,,,31,,,663,,,2004,,,,,,,,1943,,,,,,,,,,,,,,,,,,,,,,,,,,,,,,,,,,,,,,,,,6635,0,289,6924,9289,
21,PUEBLA,177,SAN SEBASTIAN TLACOTEPEC,8,17,,1858,,436,67,181,5,,,,657,,,,,,,,,3017,,,,,,,,,,,,,,,,,,,,,,,,,,,,,,,,,,,,,,,,6221,0,255,6476,8172,
21,PUEBLA,146,SANTA CATARINA TLALTEMPAN,1,1,,241,,,1,,,45,,,,,,,,,,,242,,,,,,,,,,,,,,,,,,,,,,,,,,,,,,,,,,,,,,,,,529,25,21,575,748,
21,PUEBLA,147,SANTA INES AHUATEMPAN,4,7,,1312,,,15,44,2,,,,1267,,,,,,,,,691,,,,,,,,,,,,,,,,,,,,,,,,,,,,,,,,,,,,,,,,3331,0,104,3435,4529,
21,PUEBLA,148,SANTA ISABEL CHOLULA,5,13,,263,,1396,,153,8,,,,947,,,,,,,,,,,,,,,,,,,,1774,167,,,,,,,,,,,,,,,,,,,,,,,,,,,,4708,0,311,5019,7645,
21,PUEBLA,149,SANTIAGO MIAHUATLAN,6,27,,1777,,2137,,81,,302,,,4062,,,,,,,,,,,,,,,,,,2176,,,,197,,,,,,,,,,,,,,,,,,,,,,,,,,,10732,20,417,11169,17231,
21,PUEBLA,150,SANTO TOMAS HUEYOTLIPAN,3,9,,175,,,12,750,1283,286,,,1235,,,,,,,,,,,,,,,,,755,,,,,,,,,,,,,,,,,,,,,,,,,,,,,,,,4496,1,132,4629,6130,
21,PUEBLA,151,SOLTEPEC,6,15,409,593,529,1589,201,611,301,824,,,774,,,,,,,,,,,,,,,,,,,,,,,,,,,,,,,,,,,,,,,,,,,,,,,,,5831,2,401,6234,8814,https://www.ieepuebla.org.mx/2018/computos/actas_mpios/DTTO_13_CME_SOLTEPEC.pdf
21,PUEBLA,152,TECALI DE HERRERA,9,25,,2000,,138,,459,29,28,,,4995,,,,,,,3093,,,,,,,,,,,,,,,,,,,,,,,,,,,,,,,,,,,,,,,,,,10742,3,423,11168,15067,
21,PUEBLA,153,TECAMACHALCO,23,85,,3201,,,1427,198,,2359,,,10682,,,,,,,,,,,,,,,,,10011,,,,,,,7115,,,,,,,,,,,,,,,,,,,,,449,,,,35442,11,1653,37106,53689,https://www.ieepuebla.org.mx/2018/computos/actas_mpios/DTTO_15_CME_TECAMACHALCO.pdf
21,PUEBLA,154,TECOMATLAN,5,10,,1688,,,12,,2,13,,,528,,,,,,,,,,,,,,,,,151,,,,,,,,,,,,,,,,,,,,,,,,,,,,,,,,2394,0,97,2491,4794,
21,PUEBLA,155,TEHUACAN,83,327,,12193,,23369,,1480,,,,,67767,,,,,,,26475,,,,,,,,,,,,,,,,,,,2545,,,,,,,,,,,,,,,,,,,,,,,133829,40,4214,138083,216180,https://www.ieepuebla.org.mx/2018/computos/actas_mpios/DTTO_24_CME_TEHUACAN.pdf
21,PUEBLA,156,TEHUITZINGO,8,21,,2394,,,,,,,,,2451,,,,,,,,1144,,,,,,,,,,,,,,,,,261,,,,,,,,,,,,,,,,,,,,,,,,6250,0,163,6413,9608,https://www.ieepuebla.org.mx/2018/computos/actas_mpios/DTTO_23_CME_TEHUITZINGO.pdf
21,PUEBLA,157,TENAMPULCO,8,12,,1414,,712,18,242,,1,,,705,,,,,,,,907,,,,,,,,,,,,,,,,,,,,,,,,,,,,,,,,,,,,,,,,,3999,0,167,4166,5261,https://www.ieepuebla.org.mx/2018/computos/actas_mpios/DTTO_05_CME_TENAMPULCO.pdf
21,PUEBLA,158,TEOPANTLAN,5,8,,800,,,,,2,7,,,189,,,,,,,1374,,,,,,,,,,,,,,,,,,,,,,,,,,,,,,,,,,,,,,,,,,2372,0,119,2491,3489,
21,PUEBLA,159,TEOTLALCO,4,6,35,463,,9,4,730,,,,,81,,,,,,,,,,,,,,,574,,,,,,,,,,,,,,,,,,,,,,,,,,,,,,,,,,1896,0,71,1967,2559,
21,PUEBLA,160,TEPANCO DE LOPEZ,7,24,,2374,,63,152,,,817,,,1609,,,,,,,,,,,,,,,,,2656,,,,,,,,,,,,,,3004,,,,,,,,,,,,,,,,,,10675,3,654,11332,15051,
21,PUEBLA,161,TEPANGO DE RODRIGUEZ,2,5,302,240,,90,,352,37,463,,,178,,,,,,,,,,,,,,,,,,,,,467,,,,,,,,,,,,,,,,,,,,,,,,,,,,2129,0,220,2349,2899,
21,PUEBLA,162,TEPATLAXCO DE HIDALGO,7,20,,1090,247,1122,,15,,2484,,,2183,,,,,,,,,,1406,,,,,,,,,,,,,,,,,,,,,,,,,,,,,,,,,,,,,,,8547,7,358,8912,11798,
21,PUEBLA,163,TEPEACA,24,90,,9038,,2345,,314,210,,,,10582,,,13279,,,,,,,,,,,,,,,,,,,,,,,,,,,,,,,,,,,,,,,,,,,,,,35768,4,1549,37321,54888,
21,PUEBLA,164,TEPEMAXALCO,1,2,,130,,322,,,,0,,,32,,,,,,,,,,,,,,,,,,,141,,5,,,,,,,,,,,,,,,,,,,,,,,,,,,,630,0,22,652,880,
21,PUEBLA,165,TEPEOJUMA,6,15,,0,0,0,,,,0,,,0,,,,,,,,,,0,,,,,,,,,,,,,,,,,,,,,,,,,,,,,,,,,,,,,,,0,0,0,0,6715,https://www.ieepuebla.org.mx/2018/computos/ayu_resoluciones/TEPEOJUMA-SCM-JRC-0244-2018.pdf
21,PUEBLA,166,TEPETZINTLA,6,12,1158,1479,,40,,1324,161,491,,,217,,,,,,,,,,,,,,,,,,,,,40,,,,,,,,,,,,,,,,,,,,,,,,,,,,4910,0,548,5458,7018,https://www.ieepuebla.org.mx/2018/computos/actas_mpios/DTTO_04_CME_TEPETZINTLA.pdf
21,PUEBLA,167,TEPEXCO,3,8,,1206,,725,13,,,4,,,1167,,,,,,,,498,,,,,,,,,,,,,,,,,,,,,,,,,,,,,,,,,,,,,,,,,3613,2,180,3795,4881,
21,PUEBLA,168,TEPEXI DE RODRIGUEZ,11,26,,3373,,103,,1279,,29,,,2961,,1250,,,,,,,,,,,,,,,,,,,,,,,,,,,,,,,,,,,,,,,,,,,,,,,8995,0,476,9471,14383,https://www.ieepuebla.org.mx/2018/computos/ayu_resoluciones/RESOLUCION_TEEPI108TEPEXI.pdf
21,PUEBLA,169,TEPEYAHUALCO,7,21,,2160,273,1117,778,1158,,347,,,811,,,,,,,,,,,,,,,,,,,2370,,,,,,,,,,,,,,,,,,,,,,,,,,,,,,9014,1,467,9482,12192,
21,PUEBLA,170,TEPEYAHUALCO DE CUAUHTEMOC,1,4,,172,,,,,,974,,,95,,865,,,,,,,,,,,,,,,,,,,,,,,,,,,,,,,,,,,,,,,,,,,,,,,2106,3,140,2249,2712,https://www.ieepuebla.org.mx/2018/computos/actas_mpios/DTTO_23_CME_TEPEYAHUALCO_DE_CUAUTEMOC.pdf
21,PUEBLA,171,TETELA DE OCAMPO,15,32,,5991,,32,1208,95,,34,,,1000,,,,,,,,5671,,,,,,,,,,,,,,,,,,,,,,,,,,,,,,,,,,,,,,,,,14031,3,856,14890,18777,
21,PUEBLA,172,TETELES DE AVILA CASTILLO,2,7,,436,,265,175,93,,157,,,773,,,,,,,,1359,,,,,,,,,,,,,,,,,,,,,,,,,,,,,,,,,,,,,,,,,3258,1,140,3399,4397,https://www.ieepuebla.org.mx/2018/computos/actas_mpios/DTTO_05_CME_TETELES_DE_AVILA_CASTILLO.pdf
21,PUEBLA,173,TEZIUTLAN,41,116,,6462,,770,,1210,17084,,,,7111,,,12553,,,,,,,,,,,,,,,,,,,,,,,,,,,,,,,,,,,,,,,,,,,2748,,,47938,52,1586,49576,71760,
21,PUEBLA,174,TIANGUISMANALCO,6,15,1059,557,,530,264,441,,399,,,467,,,,,,,,,,,,,,,,,,,,,,288,,,,,,,,,,,,,,,,,,,,,,,,,,,4005,3,184,4192,8107,https://www.ieepuebla.org.mx/2018/computos/actas_mpios/TIANGUISMANALCO - RESOLUCION.pdf
21,PUEBLA,175,TILAPA,3,13,,1743,118,,,98,43,,,,848,,,,,,,,,,,1628,,,,,,,,,,,,,,,,,,,,,,,,,,,,,,,,,,,,,,4478,1,243,4722,6800,
21,PUEBLA,179,TLACHICHUCA,14,38,,2094,,1772,801,988,400,482,,,5232,,,,,,,,,,,,,,,,,2346,,,,,,,,,,,,,,,,,,,,,,,,,,,,,,,,14115,2,790,14907,20335,https://www.ieepuebla.org.mx/2018/computos/actas_mpios/DTTO_14_CME_TLACHICHUCA.pdf
21,PUEBLA,176,TLACOTEPEC DE BENITO JUAREZ,17,60,,3015,,82,117,1487,2871,4446,,,5863,,,,,,,,,,,,,,,,,4896,,,,,,,,,,,,,,,,,,,,,,,,,,,,,,,,22777,3,2201,24981,34998,https://www.ieepuebla.org.mx/2018/computos/actas_mpios/DTTO_24_TLACOTEPEC DE BENITO JUAREZ ACTA FINAL DE ESCRUTINIO Y COMPUTO LEVANTADA EN EL CGIEE (ACTA 33).pdf
21,PUEBLA,178,TLACUILOTEPEC,10,24,,4307,,,,,,26,,,915,,,,,,,,,,,,,,,,,,,1007,,2256,,,,,,,,,,,,,,,,,,,,,,,,,,,,8511,1,475,8987,11719,https://www.ieepuebla.org.mx/2018/computos/actas_mpios/DTTO_01_CME_TLACUILOTEPEC.pdf
21,PUEBLA,180,TLAHUAPAN,15,46,,4761,,1198,631,1956,2366,604,,,3453,,,,,,,,,,,,,,,,,2901,,,,,,,,,,,,,,,,,,,,,,,,,,,,,,,,17870,12,950,18832,27932,https://www.ieepuebla.org.mx/2018/computos/actas_mpios/DTTO_07_CME_TLAHUAPAN.pdf
21,PUEBLA,181,TLALTENANGO,3,8,,227,,,15,,,133,,,975,,,,,,,,1200,,,,,,,,,,,,,,,,,,,,,,,,,,,,,,,,,,,,,,,549,,3099,3,117,3219,4696,
21,PUEBLA,182,TLANEPANTLA,2,6,,780,560,,,,121,10,,,348,,,,,,,,,,,,,,,,,,737,,,,,,,,,,,,,,,,,,,,,,,,,,,,,,,2556,1,94,2651,3403,
21,PUEBLA,183,TLAOLA,9,27,,3148,,25,843,36,8,30,,,1536,,,,,,,,,,,,,,,,,3914,,,,,,,,,,,,,,,,,,,,,,,,,,,,,,,,9540,16,416,9972,14179,https://www.ieepuebla.org.mx/2018/computos/actas_mpios/TLAOLA - RESOLUCION.pdf
21,PUEBLA,184,TLAPACOYA,5,10,,718,,,11,1001,,,,,867,,,,,,,,,1215,,,,,,,,,,,,,,,,,,,,125,,,,,,,,,,,,,,,,,,,,3937,0,93,4030,4755,
21,PUEBLA,185,TLAPANALA,5,11,,537,175,14,1280,714,562,,,,660,,,,,,,,,,,,,,,,,,,,898,,,,,,,,,,,,,,,,,,,,,,,,,,,,,4840,1,221,5062,6723,https://www.ieepuebla.org.mx/2018/computos/actas_mpios/DTTO_22_CME_TLAPANALA.pdf
21,PUEBLA,186,TLATLAUQUITEPEC,23,64,,3106,,702,,,,,,,4605,,,,,,,,,,,,,,,,,4937,,,,,,,,5734,,,,,,3163,,,,,,,,,,,,,,,,,,22247,0,1572,23819,37763,https://www.ieepuebla.org.mx/2018/computos/actas_mpios/DTTO_05_TLATLAUQUITEPEC ACTA FINAL DE ESCRUTINIO Y COMPUTO LEVANTADA EN EL CGIEE (ACTA 33).pdf
21,PUEBLA,187,TLAXCO,4,9,,96,,,,,,,,,57,,,,,,,,,,,,,,,,,745,,,,,,,,957,,,,1332,,,,,,,,,,,,,,,,,,,,3187,0,115,3302,3814,https://www.ieepuebla.org.mx/2018/computos/actas_mpios/DTTO_01_CME_TLAXCO.pdf
21,PUEBLA,188,TOCHIMILCO,11,22,,2139,,2035,620,,,10,,,1475,,,,,,,,2616,,,,,,,,,,,,,,,,,,,,,,,,,,,,,,,,,,,,,,,,,8895,0,378,9273,12735,
21,PUEBLA,189,TOCHTEPEC,7,22,,2836,,642,330,,,1709,,,2192,,,,,,,,2543,,,,,,,,,,,,,,,,,,,,,,,,,,,,,,,,,,,,,,,,,10252,0,495,10747,14163,
21,PUEBLA,190,TOTOLTEPEC DE GUERRERO,2,3,,339,,,2,,103,0,,,53,,,,,,,,,,,,,,,,,298,,,,,,,,,,,,,,,,,,,,,,,,,,,,,,,,795,0,11,806,958,
21,PUEBLA,191,TULCINGO,7,15,,2607,,,,,,,,,486,,,,,,,1225,,,,,,,,,,,,,,,,,,,,165,,,,,,,,,,,,,,,,,,,,,,4483,1,228,4712,7529,
21,PUEBLA,192,TUZAMAPAN DE GALEANA,3,7,,957,,201,,,,3,,,599,,,,,,,,,,,,,,,,,,,602,,1168,,,,,,,,,,,,,,,,,,,,,,,,,,,,3530,0,147,3677,4415,
21,PUEBLA,193,TZICATLACOYAN,4,10,68,1035,,,,593,,,,,192,,,,,,,,,,,,,,,,,,,,,,,1008,130,,,,,,,,,,,,,,,,,,,,,,,,,3026,711,213,3950,5075,
21,PUEBLA,194,VENUSTIANO CARRANZA,16,41,,356,,51,,,,31,,,6360,,8445,,,,,,,,,,,,,,,,,,,,,,,,,,,,,,,,,,,,,,,,,,,,,,,15243,1,423,15667,20881,https://www.ieepuebla.org.mx/2018/computos/actas_mpios/DTTO_01_CME_VENUSTIANO_CARRANZA.pdf
21,PUEBLA,195,VICENTE GUERRERO,11,29,,6256,97,,,,,,,,457,,,,,5782,,,,,,,,,,,,,,,,,,,,,,,,,,,,,,,,,,,,,,,,,,,,12592,0,668,13260,16757,
21,PUEBLA,196,XAYACATLAN DE BRAVO,2,3,5,464,,4,,274,0,,,,55,,,,,,,,,,,,,,254,,,,,,,,,,,,,,,,,,,,,,,,,,,,,,,,,,,1056,0,67,1123,1428,
21,PUEBLA,197,XICOTEPEC,29,96,,,,788,,,,184,,,9981,,10340,,,,,,,,,,,,,,,,,,,,,,,,,,15124,,,,,,,,,,,,,,,,,,,,,36417,24,1407,37848,55468,
21,PUEBLA,198,XICOTLAN,2,2,,233,,,,,,,301,3,0,362,,,,,,,,,,,,,,,,,,,,,,,,,,,,,,,,,,,,,,,,,,,,,,,,899,0,11,910,1081,
21,PUEBLA,199,XIUTETELCO,12,43,,9514,,72,,77,,,,,1616,,,,,,,,,,7343,,,,,,,,,,,,,87,,,,,,,,,,,,,,,,,,,,,,,,,,18709,2,985,19696,26446,
21,PUEBLA,200,XOCHIAPULCO,2,7,,874,,,,131,4,1,,,199,,,,,,,799,,,,,,,,,,,,,,,,,,,,,,,,,,,,,,,,,,,,,,,,,,2008,0,89,2097,2770,
21,PUEBLA,201,XOCHILTEPEC,2,4,,306,23,,,,357,197,,,315,,,,,,,,,,,,,,,,,,405,,,,,,,,,,,,,,,,,,,,,,,,,,,,,,,1603,0,92,1695,2520,
21,PUEBLA,202,XOCHITLAN DE VICENTE SUAREZ,4,13,,3021,,,1208,73,,,,,399,,,,1029,,,,,,,,,,,,,,,,,,,,,,,,,,,,,,,,,,,,,,,,,,,,,5730,0,502,6232,8493,https://www.ieepuebla.org.mx/2018/computos/actas_mpios/DTTO_04_CME_XOCHITLAN_DE_VICENTE_SUAREZ.pdf
21,PUEBLA,203,XOCHITLAN TODOS SANTOS,3,7,,1085,,867,20,,,194,,,641,,,,,,,,536,,,,,,,,,,,,,,,,,,,,,,,,,,,,,,,,,,,,,,,,,3343,0,224,3567,4602,
21,PUEBLA,204,YAONAHUAC,4,10,764,283,,,,1289,219,568,,,400,,,,,,,,,,,,,,,,,,,,,714,,,,,,,,,,,,,,,,,,,,,,,,,,,,4237,1,163,4401,5545,
21,PUEBLA,205,YEHUALTEPEC,9,26,,642,,45,,,,680,,,1939,,,,,,,,,,,,,,,,,,,2016,,2472,,,,,,,,,,,,,,,,,,,,,,,,,,,3790,11584,0,651,12235,16590,
21,PUEBLA,206,ZACAPALA,4,6,,764,,117,386,,15,7,,,345,,,,,,,,,,,,,,,,,536,,,,,,,,,,,,,,,,,,,,,,,,,,,,,,,,2170,2,87,2259,3308,
21,PUEBLA,207,ZACAPOAXTLA,27,65,,4846,,348,,230,,,,,9157,,,,,,,,,,,,,,,4026,,,5287,,,,,,,,,,,,,,,,,,,,,,,,,,,,,,,23894,9,1238,25141,38086,
21,PUEBLA,208,ZACATLAN,30,103,,,,497,,,,96,,,10515,,10701,,,,,,,,,,,,,,,,,,,,,,,,,,16931,,,,,,,,,,,,,,,,,,,,,38740,36,2338,41114,59565,https://www.ieepuebla.org.mx/2018/computos/actas_mpios/DTTO_03_CME_ZACATLAN.pdf
21,PUEBLA,209,ZAPOTITLAN,9,14,201,2412,,,,28,596,7,,,544,,,,,,,,,,,,,,,,,,,,,1144,,,,,,,,,,,,,,,,,,,,,,,,,,,,4932,0,256,5188,6679,
21,PUEBLA,210,ZAPOTITLAN DE MENDEZ,3,7,,1176,,11,,,,,,,952,,,,,,,,,,,,,,,,,,1065,,,,,9,,,,,,,,69,,,,,,,,,,,,,,,,,,3282,1,86,3369,4022,
21,PUEBLA,211,ZARAGOZA,6,21,,1457,51,3358,219,256,,490,,,1116,,,,,,,,,,,,,,,,,,,1174,,,,,,,,,,,,,,,,,,,,,,,,,,,,,,8121,0,364,8485,11553,
21,PUEBLA,212,ZAUTLA,12,27,,729,,747,2963,23,11,14,,,3183,,,,,,,,,,,,,,,,,3157,,,,,,,,,,,,,,,,,,,,,,,,,,,,,,,,10827,0,551,11378,14084,https://www.ieepuebla.org.mx/2018/computos/actas_mpios/DTTO_04_CME_ZAUTLA.pdf
21,PUEBLA,213,ZIHUATEUTLA,7,18,1991,447,,24,,55,7,1526,,,383,,,,,,,,,,,,,,,,,,,,,2748,,,,,,,,,,,,,,,,,,,,,,,,,,,,7181,0,483,7664,9532,
21,PUEBLA,214,ZINACATEPEC,6,18,,2295,,70,38,207,1057,102,,,3747,,,,,,,,,,,,,,,,,1159,,,,,,,,,,,,,,,,,,,,,,,,,,,,,,,,8675,1,294,8970,11491,https://www.ieepuebla.org.mx/2018/computos/actas_mpios/DTTO_26_CME_ZINACATEPEC.pdf
21,PUEBLA,215,ZONGOZOTLA,2,5,,862,,914,243,,1,1,,,90,,,,,,,,,,,,,,,,,674,,,,,,,,,,,,,,,,,,,,,,,,,,,,,,,,2785,0,161,2946,3485,https://www.ieepuebla.org.mx/2018/computos/actas_mpios/DTTO_04_CME_ZONGOZOTLA.pdf
21,PUEBLA,216,ZOQUIAPAN,2,4,31,598,,,,17,,118,,,68,,,,,,,,,,,,,547,,,,,,,,,,,,,,,,,,,,,,,,,,,,,,,,,,,,1379,0,85,1464,1816,
21,PUEBLA,217,ZOQUITLAN,12,22,,692,,,,316,24,78,,,4098,,,,,,,3359,,,,,,,,,,,,,,,,,,,,,,,,,,,,,,,,,,,,,,,,,,8567,2,554,9123,12477,
