ID_ESTADO,NOMBRE_ESTADO,ID_MUNICIPIO,MUNICIPIO,SECCIONES,CASILLAS,PAN,PRI,PRD,PRS,PHBCS,PT,PVEM,MC,MORENA,BCSC,PANALBCS,PES,RSP,FXM,NUM_VOTOS_VALIDOS,NUM_VOTOS_CAN_NREG,NUM_VOTOS_NULOS,TOTAL_VOTOS,LISTA_NOMINAL,RUTA_ACTA
3,BAJA CALIFORNIA SUR,3,LA PAZ,222,410,13498,14369,14804,435,438,7105,3924,4477,44112,1315,1578,1771,1206,1401,110433,60,2925,113418,215389,
3,BAJA CALIFORNIA SUR,4,LOS CABOS,134,395,10327,10993,11326,333,335,10267,2739,1683,34977,790,3665,835,1953,5901,96124,42,2366,98532,234803,
3,BAJA CALIFORNIA SUR,1,COMONDU,71,115,2128,2265,2334,68,71,2116,1625,1477,8712,336,210,295,152,9491,31280,4,948,32232,56125,
3,BAJA CALIFORNIA SUR,5,LORETO,10,26,919,978,1008,29,31,346,38,1623,1289,0,0,1455,34,24,7774,0,171,7945,12707,
3,BAJA CALIFORNIA SUR,2,MULEGE,44,89,2793,2973,3063,90,92,925,0,0,6347,254,5510,153,197,0,22397,5,633,23035,42624,
