ID_ESTADO,NOMBRE_ESTADO,ID_MUNICIPIO,MUNICIPIO,SECCIONES,CASILLAS,C_COMUN_PAN_PRI_PRD_PRS_PHBCS,PT,PVEM,MC,MORENA,BCSC,PANALBCS,PES,RSP,FXM,COA_MORENA_PT,NUM_VOTOS_VALIDOS,NUM_VOTOS_CAN_NREG,NUM_VOTOS_NULOS,TOTAL_VOTOS,LISTA_NOMINAL,RUTA_ACTA
3,BAJA CALIFORNIA SUR,3,LA PAZ,222,410,43544,,3924,4477,,1315,1578,1771,1206,1401,51217,110433,60,2925,113418,215389,
3,BAJA CALIFORNIA SUR,4,LOS CABOS,134,395,33314,,2739,1683,,790,3665,835,1953,5901,45244,96124,42,2366,98532,234803,
3,BAJA CALIFORNIA SUR,1,COMONDU,71,115,6866,,1625,1477,,336,210,295,152,9491,10828,31280,4,948,32232,56125,
3,BAJA CALIFORNIA SUR,5,LORETO,10,26,2965,,38,1623,,0,0,1455,34,24,1635,7774,0,171,7945,12707,
3,BAJA CALIFORNIA SUR,2,MULEGE,44,89,9011,,0,0,,254,5510,153,197,0,7272,22397,5,633,23035,42624,
