CIRCUNSCRIPCION,ID_ESTADO,NOMBRE_ESTADO,ID_DISTRITO_LOCAL,CABECERA_DISTRITAL_LOCAL,ID_MUNICIPIO,MUNICIPIO,SECCION,CASILLAS,C_COMUN_PAN_PRI_PRD_PRS_PHBCS,PT,PVEM,MC,MORENA,BCSC,PANALBCS,PES,RSP,FXM,COA_MORENA_PT,NUM_VOTOS_VALIDOS,NUM_VOTOS_CAN_NREG,NUM_VOTOS_NULOS,TOTAL_VOTOS,LISTA_NOMINAL
,3,BAJA CALIFORNIA SUR,2,LA PAZ,3,LA PAZ,122,2,151,26,14,14,133,7,5,11,5,4,8,378,1,16,395,754
,3,BAJA CALIFORNIA SUR,2,LA PAZ,3,LA PAZ,123,2,216,21,11,22,182,5,10,10,9,10,9,505,0,15,520,875
,3,BAJA CALIFORNIA SUR,2,LA PAZ,3,LA PAZ,124,2,303,29,11,20,159,3,4,3,7,7,10,556,1,13,570,952
,3,BAJA CALIFORNIA SUR,2,LA PAZ,3,LA PAZ,125,1,184,15,5,8,103,2,3,3,2,4,3,332,0,2,334,549
,3,BAJA CALIFORNIA SUR,2,LA PAZ,3,LA PAZ,126,1,158,24,15,16,140,1,5,8,3,5,11,386,0,4,390,709
,3,BAJA CALIFORNIA SUR,2,LA PAZ,3,LA PAZ,127,1,124,17,14,9,169,7,5,6,7,7,8,373,0,13,386,741
,3,BAJA CALIFORNIA SUR,2,LA PAZ,3,LA PAZ,128,1,81,24,43,11,156,9,4,6,4,2,5,345,0,16,361,641
,3,BAJA CALIFORNIA SUR,2,LA PAZ,3,LA PAZ,129,2,142,28,60,20,180,6,5,8,0,5,13,467,1,29,497,986
,3,BAJA CALIFORNIA SUR,2,LA PAZ,3,LA PAZ,135,2,140,38,27,29,195,9,8,1,10,6,10,473,0,21,494,1018
,3,BAJA CALIFORNIA SUR,2,LA PAZ,3,LA PAZ,136,2,155,12,21,18,160,1,6,5,1,6,12,397,0,19,416,802
,3,BAJA CALIFORNIA SUR,2,LA PAZ,3,LA PAZ,137,2,213,19,4,27,171,3,14,7,4,5,21,488,2,16,506,790
,3,BAJA CALIFORNIA SUR,2,LA PAZ,3,LA PAZ,138,1,125,18,20,22,117,2,0,3,3,2,11,323,1,14,338,625
,3,BAJA CALIFORNIA SUR,2,LA PAZ,3,LA PAZ,139,1,82,27,15,8,137,2,4,1,4,2,10,292,1,5,298,542
,3,BAJA CALIFORNIA SUR,2,LA PAZ,3,LA PAZ,140,1,64,13,11,5,87,1,8,4,1,3,6,203,0,11,214,474
,3,BAJA CALIFORNIA SUR,2,LA PAZ,3,LA PAZ,141,2,86,19,32,15,168,8,11,6,3,2,8,358,0,20,378,785
,3,BAJA CALIFORNIA SUR,2,LA PAZ,3,LA PAZ,142,2,143,24,48,20,226,6,9,3,6,10,14,509,0,12,521,1060
,3,BAJA CALIFORNIA SUR,2,LA PAZ,3,LA PAZ,143,3,230,42,74,19,298,10,15,12,8,5,21,734,1,27,762,1961
,3,BAJA CALIFORNIA SUR,2,LA PAZ,3,LA PAZ,144,2,229,37,56,29,209,2,2,13,9,3,15,604,0,31,635,1464
,3,BAJA CALIFORNIA SUR,2,LA PAZ,3,LA PAZ,145,2,144,21,21,9,132,4,4,7,3,10,8,363,0,22,385,778
,3,BAJA CALIFORNIA SUR,2,LA PAZ,3,LA PAZ,146,1,103,20,20,6,107,3,2,5,2,8,21,297,0,3,300,579
,3,BAJA CALIFORNIA SUR,2,LA PAZ,3,LA PAZ,147,1,108,35,20,9,148,5,5,6,4,6,11,357,0,11,368,689
,3,BAJA CALIFORNIA SUR,2,LA PAZ,3,LA PAZ,148,1,110,15,12,6,96,5,4,3,3,1,10,265,0,13,278,517
,3,BAJA CALIFORNIA SUR,2,LA PAZ,3,LA PAZ,149,1,85,14,13,5,150,2,5,1,13,6,10,304,0,0,304,584
,3,BAJA CALIFORNIA SUR,2,LA PAZ,3,LA PAZ,150,1,62,24,14,12,106,2,4,3,3,2,20,252,0,15,267,507
,3,BAJA CALIFORNIA SUR,2,LA PAZ,3,LA PAZ,151,1,102,24,10,7,111,1,5,4,3,2,8,277,0,6,283,651
,3,BAJA CALIFORNIA SUR,2,LA PAZ,3,LA PAZ,159,1,138,13,9,8,104,5,4,1,3,3,3,291,0,4,295,526
,3,BAJA CALIFORNIA SUR,2,LA PAZ,3,LA PAZ,160,1,123,15,10,13,111,5,1,5,1,0,3,287,0,6,293,506
,3,BAJA CALIFORNIA SUR,2,LA PAZ,3,LA PAZ,161,1,207,15,12,16,124,2,0,4,3,0,3,386,0,4,390,677
,3,BAJA CALIFORNIA SUR,2,LA PAZ,3,LA PAZ,162,2,235,23,18,19,208,4,12,4,2,5,13,543,1,16,560,866
,3,BAJA CALIFORNIA SUR,2,LA PAZ,3,LA PAZ,163,1,209,13,15,12,120,7,7,7,7,7,6,410,1,9,420,681
,3,BAJA CALIFORNIA SUR,2,LA PAZ,3,LA PAZ,164,2,254,22,14,20,170,2,8,2,2,6,14,514,0,8,522,825
,3,BAJA CALIFORNIA SUR,2,LA PAZ,3,LA PAZ,165,2,278,24,13,29,157,3,9,9,2,8,5,537,0,14,551,877
,3,BAJA CALIFORNIA SUR,2,LA PAZ,3,LA PAZ,166,1,305,16,8,20,112,5,5,4,2,2,3,482,1,2,485,682
,3,BAJA CALIFORNIA SUR,2,LA PAZ,3,LA PAZ,167,2,277,35,9,31,202,5,7,4,3,4,18,595,0,24,619,1002
,3,BAJA CALIFORNIA SUR,2,LA PAZ,3,LA PAZ,168,2,251,27,11,20,211,4,8,2,9,4,14,561,0,8,569,985
,3,BAJA CALIFORNIA SUR,2,LA PAZ,3,LA PAZ,169,2,139,20,15,19,130,3,4,3,3,4,9,349,0,7,356,822
,3,BAJA CALIFORNIA SUR,2,LA PAZ,3,LA PAZ,170,1,122,20,10,9,126,4,3,10,1,3,10,318,0,13,331,498
,3,BAJA CALIFORNIA SUR,2,LA PAZ,3,LA PAZ,171,1,110,24,7,13,144,4,13,2,6,4,10,337,0,13,350,613
,3,BAJA CALIFORNIA SUR,2,LA PAZ,3,LA PAZ,172,1,163,17,13,14,120,1,4,3,6,3,9,353,0,7,360,646
,3,BAJA CALIFORNIA SUR,2,LA PAZ,3,LA PAZ,173,2,195,34,14,40,215,2,9,9,2,6,15,541,1,24,566,992
,3,BAJA CALIFORNIA SUR,2,LA PAZ,3,LA PAZ,174,2,189,31,14,33,206,6,7,11,4,4,9,514,0,17,531,954
,3,BAJA CALIFORNIA SUR,3,LA PAZ,3,LA PAZ,175,2,237,55,25,17,288,7,7,10,7,4,26,683,0,19,702,1273
,3,BAJA CALIFORNIA SUR,2,LA PAZ,3,LA PAZ,176,1,142,22,14,10,106,2,1,9,2,1,7,316,0,8,324,543
,3,BAJA CALIFORNIA SUR,2,LA PAZ,3,LA PAZ,177,1,124,25,12,18,106,4,4,1,1,3,17,315,0,10,325,573
,3,BAJA CALIFORNIA SUR,2,LA PAZ,3,LA PAZ,178,1,99,14,12,22,110,5,8,5,1,2,6,284,0,7,291,483
,3,BAJA CALIFORNIA SUR,3,LA PAZ,3,LA PAZ,179,2,177,34,16,14,203,8,5,6,2,2,12,479,0,10,489,928
,3,BAJA CALIFORNIA SUR,3,LA PAZ,3,LA PAZ,180,2,127,24,26,18,187,3,2,9,9,1,10,416,0,18,434,893
,3,BAJA CALIFORNIA SUR,3,LA PAZ,3,LA PAZ,181,2,226,34,21,11,266,7,8,12,4,4,16,609,0,16,625,1242
,3,BAJA CALIFORNIA SUR,3,LA PAZ,3,LA PAZ,182,2,180,20,21,18,180,8,8,10,7,10,9,471,0,19,490,896
,3,BAJA CALIFORNIA SUR,3,LA PAZ,3,LA PAZ,183,1,138,21,9,17,175,7,8,7,2,10,10,404,0,10,414,719
,3,BAJA CALIFORNIA SUR,5,LA PAZ,3,LA PAZ,184,1,89,6,6,13,57,0,1,1,1,0,4,178,0,10,188,306
,3,BAJA CALIFORNIA SUR,5,LA PAZ,3,LA PAZ,185,1,153,11,12,19,165,2,5,4,3,2,15,391,2,6,399,667
,3,BAJA CALIFORNIA SUR,15,LA PAZ,3,LA PAZ,186,2,281,32,7,20,171,9,9,7,5,6,8,555,1,7,563,858
,3,BAJA CALIFORNIA SUR,5,LA PAZ,3,LA PAZ,187,2,293,21,11,17,155,1,3,5,3,1,9,519,0,11,530,821
,3,BAJA CALIFORNIA SUR,2,LA PAZ,3,LA PAZ,188,1,234,13,13,18,160,3,6,9,5,2,9,472,0,6,478,738
,3,BAJA CALIFORNIA SUR,15,LA PAZ,3,LA PAZ,189,2,353,21,17,19,193,10,7,11,6,6,14,657,1,7,665,1048
,3,BAJA CALIFORNIA SUR,15,LA PAZ,3,LA PAZ,190,2,309,23,26,24,238,14,9,12,6,13,13,687,2,16,705,1159
,3,BAJA CALIFORNIA SUR,15,LA PAZ,3,LA PAZ,191,2,270,34,13,21,215,3,2,7,3,5,17,590,1,9,600,951
,3,BAJA CALIFORNIA SUR,15,LA PAZ,3,LA PAZ,192,1,208,23,16,21,159,7,7,10,10,5,5,471,0,7,478,735
,3,BAJA CALIFORNIA SUR,15,LA PAZ,3,LA PAZ,193,2,346,27,4,26,199,6,10,8,4,5,9,644,0,12,656,936
,3,BAJA CALIFORNIA SUR,15,LA PAZ,3,LA PAZ,194,1,160,7,13,18,105,2,4,7,0,5,7,328,0,7,335,550
,3,BAJA CALIFORNIA SUR,15,LA PAZ,3,LA PAZ,195,1,179,20,8,7,120,5,11,10,0,5,1,366,1,14,381,632
,3,BAJA CALIFORNIA SUR,15,LA PAZ,3,LA PAZ,196,2,213,26,25,16,174,6,12,13,5,7,17,514,0,14,528,911
,3,BAJA CALIFORNIA SUR,15,LA PAZ,3,LA PAZ,197,3,532,53,32,38,378,12,18,26,13,14,22,1138,2,18,1158,1791
,3,BAJA CALIFORNIA SUR,15,LA PAZ,3,LA PAZ,198,1,184,20,8,18,129,4,7,10,0,8,4,392,0,18,410,704
,3,BAJA CALIFORNIA SUR,15,LA PAZ,3,LA PAZ,199,1,158,18,7,11,99,1,8,19,4,4,2,331,0,11,342,545
,3,BAJA CALIFORNIA SUR,15,LA PAZ,3,LA PAZ,200,1,139,19,10,26,144,4,7,12,2,4,6,373,0,8,381,656
,3,BAJA CALIFORNIA SUR,15,LA PAZ,3,LA PAZ,201,1,127,15,8,7,79,5,3,6,3,1,9,263,0,12,275,451
,3,BAJA CALIFORNIA SUR,3,LA PAZ,3,LA PAZ,202,2,567,45,27,35,260,8,16,20,4,14,13,1009,1,19,1029,1493
,3,BAJA CALIFORNIA SUR,3,LA PAZ,3,LA PAZ,203,2,151,24,27,20,170,8,7,5,6,4,9,431,0,18,449,820
,3,BAJA CALIFORNIA SUR,3,LA PAZ,3,LA PAZ,204,2,169,27,11,17,186,8,10,8,6,5,13,460,0,13,473,864
,3,BAJA CALIFORNIA SUR,3,LA PAZ,3,LA PAZ,205,1,94,19,9,13,132,6,3,3,3,5,5,292,0,14,306,678
,3,BAJA CALIFORNIA SUR,3,LA PAZ,3,LA PAZ,206,5,447,66,55,52,546,20,21,17,9,18,29,1280,1,56,1337,2970
,3,BAJA CALIFORNIA SUR,5,LA PAZ,3,LA PAZ,207,1,142,0,9,5,148,4,3,6,3,6,0,326,0,6,332,651
,3,BAJA CALIFORNIA SUR,5,LA PAZ,3,LA PAZ,208,2,164,23,14,17,195,4,4,4,9,4,7,445,0,13,458,800
,3,BAJA CALIFORNIA SUR,5,LA PAZ,3,LA PAZ,209,3,666,36,26,30,312,9,9,25,12,11,12,1148,0,17,1165,1822
,3,BAJA CALIFORNIA SUR,5,LA PAZ,3,LA PAZ,210,6,1085,90,55,130,851,33,40,39,37,25,49,2434,0,33,2467,4111
,3,BAJA CALIFORNIA SUR,15,LA PAZ,3,LA PAZ,211,2,262,42,17,21,329,11,15,9,6,8,24,744,0,10,754,1196
,3,BAJA CALIFORNIA SUR,15,LA PAZ,3,LA PAZ,212,2,325,28,13,21,190,3,3,19,4,14,5,625,1,9,635,972
,3,BAJA CALIFORNIA SUR,15,LA PAZ,3,LA PAZ,213,2,267,37,10,23,301,9,4,22,9,5,16,703,0,23,726,1259
,3,BAJA CALIFORNIA SUR,15,LA PAZ,3,LA PAZ,214,2,241,20,17,11,212,8,8,17,9,3,13,559,0,11,570,942
,3,BAJA CALIFORNIA SUR,15,LA PAZ,3,LA PAZ,215,2,174,21,12,23,191,3,11,6,5,4,17,467,0,9,476,768
,3,BAJA CALIFORNIA SUR,15,LA PAZ,3,LA PAZ,216,1,171,27,8,22,138,3,12,6,5,6,11,409,1,8,418,508
,3,BAJA CALIFORNIA SUR,15,LA PAZ,3,LA PAZ,217,6,959,130,62,116,811,19,63,51,39,36,61,2347,1,46,2394,4088
,3,BAJA CALIFORNIA SUR,5,LA PAZ,3,LA PAZ,218,5,916,62,43,65,464,12,15,23,12,17,20,1649,0,22,1671,2767
,3,BAJA CALIFORNIA SUR,15,LA PAZ,3,LA PAZ,219,2,289,39,25,27,254,10,7,8,10,7,16,692,0,16,708,1121
,3,BAJA CALIFORNIA SUR,15,LA PAZ,3,LA PAZ,220,2,277,28,11,22,250,10,11,9,7,5,18,648,0,20,668,1059
,3,BAJA CALIFORNIA SUR,15,LA PAZ,3,LA PAZ,221,2,214,27,14,17,192,1,13,8,6,0,12,504,0,7,511,850
,3,BAJA CALIFORNIA SUR,15,LA PAZ,3,LA PAZ,222,2,313,29,12,30,215,10,11,7,9,4,16,656,1,8,665,927
,3,BAJA CALIFORNIA SUR,15,LA PAZ,3,LA PAZ,223,2,284,31,11,23,254,9,11,6,4,4,22,659,0,10,669,1106
,3,BAJA CALIFORNIA SUR,15,LA PAZ,3,LA PAZ,224,1,191,13,9,21,110,7,5,4,4,2,4,370,0,8,378,593
,3,BAJA CALIFORNIA SUR,15,LA PAZ,3,LA PAZ,225,1,167,16,4,14,125,3,1,3,3,5,10,351,0,4,355,545
,3,BAJA CALIFORNIA SUR,15,LA PAZ,3,LA PAZ,226,2,311,30,22,61,241,8,5,22,6,13,16,735,2,11,748,1126
,3,BAJA CALIFORNIA SUR,15,LA PAZ,3,LA PAZ,227,2,261,55,29,40,307,5,9,13,11,15,29,774,0,18,792,1320
,3,BAJA CALIFORNIA SUR,15,LA PAZ,3,LA PAZ,228,3,407,50,31,49,369,11,11,16,17,11,30,1002,0,12,1014,1646
,3,BAJA CALIFORNIA SUR,15,LA PAZ,3,LA PAZ,229,1,187,32,12,15,155,1,4,9,4,1,13,433,0,8,441,682
,3,BAJA CALIFORNIA SUR,15,LA PAZ,3,LA PAZ,230,1,172,14,19,17,151,3,6,11,4,9,15,421,1,6,428,666
,3,BAJA CALIFORNIA SUR,15,LA PAZ,3,LA PAZ,231,1,140,20,4,8,132,2,10,4,4,3,6,333,0,14,347,557
,3,BAJA CALIFORNIA SUR,3,LA PAZ,3,LA PAZ,232,2,203,37,20,21,201,10,7,9,11,6,14,539,0,10,549,872
,3,BAJA CALIFORNIA SUR,3,LA PAZ,3,LA PAZ,233,1,160,16,13,17,150,1,5,3,10,2,10,387,0,10,397,598
,3,BAJA CALIFORNIA SUR,3,LA PAZ,3,LA PAZ,234,2,222,44,21,19,188,8,2,7,8,6,16,541,0,6,547,806
,3,BAJA CALIFORNIA SUR,3,LA PAZ,3,LA PAZ,235,2,169,39,29,22,199,2,7,13,5,12,11,508,0,8,516,957
,3,BAJA CALIFORNIA SUR,3,LA PAZ,3,LA PAZ,236,1,85,16,25,12,105,10,3,9,3,6,5,279,0,4,283,421
,3,BAJA CALIFORNIA SUR,3,LA PAZ,3,LA PAZ,237,2,256,21,19,27,223,2,12,10,11,6,9,596,0,16,612,981
,3,BAJA CALIFORNIA SUR,3,LA PAZ,3,LA PAZ,238,2,209,22,17,11,182,7,6,4,4,3,15,480,0,12,492,789
,3,BAJA CALIFORNIA SUR,3,LA PAZ,3,LA PAZ,239,2,221,37,25,30,256,2,2,11,7,15,10,616,0,12,628,1060
,3,BAJA CALIFORNIA SUR,3,LA PAZ,3,LA PAZ,240,1,89,13,28,4,106,3,3,4,5,3,3,261,0,5,266,491
,3,BAJA CALIFORNIA SUR,3,LA PAZ,3,LA PAZ,241,1,100,10,13,18,124,9,3,2,3,5,4,291,0,8,299,585
,3,BAJA CALIFORNIA SUR,3,LA PAZ,3,LA PAZ,242,2,148,14,10,17,132,7,4,5,2,4,10,353,0,10,363,631
,3,BAJA CALIFORNIA SUR,3,LA PAZ,3,LA PAZ,243,1,166,18,13,9,129,3,3,3,3,6,10,363,0,7,370,613
,3,BAJA CALIFORNIA SUR,3,LA PAZ,3,LA PAZ,244,1,153,27,8,20,164,4,12,5,3,5,6,407,0,5,412,682
,3,BAJA CALIFORNIA SUR,3,LA PAZ,3,LA PAZ,245,1,170,20,6,21,106,4,8,2,3,4,6,350,0,9,359,565
,3,BAJA CALIFORNIA SUR,3,LA PAZ,3,LA PAZ,246,2,129,39,14,17,172,7,2,3,4,2,30,419,0,9,428,862
,3,BAJA CALIFORNIA SUR,3,LA PAZ,3,LA PAZ,247,2,126,37,11,13,172,5,7,3,8,7,14,403,0,13,416,861
,3,BAJA CALIFORNIA SUR,3,LA PAZ,3,LA PAZ,248,2,227,30,14,28,197,5,7,11,8,7,11,545,0,22,567,673
,3,BAJA CALIFORNIA SUR,3,LA PAZ,3,LA PAZ,249,2,236,19,12,24,203,2,2,3,9,8,14,532,0,16,548,811
,3,BAJA CALIFORNIA SUR,3,LA PAZ,3,LA PAZ,250,2,160,41,28,14,241,4,4,3,4,7,14,520,0,20,540,1040
,3,BAJA CALIFORNIA SUR,3,LA PAZ,3,LA PAZ,251,1,73,22,7,9,102,9,3,2,2,6,15,250,0,11,261,519
,3,BAJA CALIFORNIA SUR,5,LA PAZ,3,LA PAZ,256,4,540,45,38,48,434,15,18,9,13,27,20,1207,1,40,1248,2394
,3,BAJA CALIFORNIA SUR,5,LA PAZ,3,LA PAZ,257,2,164,33,13,20,240,3,9,11,4,12,13,522,3,18,543,1145
,3,BAJA CALIFORNIA SUR,5,LA PAZ,3,LA PAZ,258,1,78,14,14,0,63,1,3,1,3,1,4,182,0,4,186,381
,3,BAJA CALIFORNIA SUR,5,LA PAZ,3,LA PAZ,259,1,49,7,3,0,35,1,5,2,1,0,2,105,0,1,106,184
,3,BAJA CALIFORNIA SUR,5,LA PAZ,3,LA PAZ,260,1,39,3,10,3,46,2,0,0,0,0,1,104,0,4,108,218
,3,BAJA CALIFORNIA SUR,5,LA PAZ,3,LA PAZ,261,1,177,21,13,4,125,4,4,7,7,2,10,374,0,17,391,720
,3,BAJA CALIFORNIA SUR,5,LA PAZ,3,LA PAZ,262,1,56,12,2,2,46,2,3,1,1,0,7,132,0,9,141,216
,3,BAJA CALIFORNIA SUR,5,LA PAZ,3,LA PAZ,263,1,15,8,0,2,52,3,4,3,0,0,6,93,0,3,96,189
,3,BAJA CALIFORNIA SUR,5,LA PAZ,3,LA PAZ,264,1,37,8,1,0,11,1,2,3,1,0,0,64,0,7,71,188
,3,BAJA CALIFORNIA SUR,5,LA PAZ,3,LA PAZ,265,3,114,18,7,4,95,1,3,4,1,4,10,261,0,8,269,475
,3,BAJA CALIFORNIA SUR,5,LA PAZ,3,LA PAZ,266,2,63,11,8,5,158,4,3,3,4,2,6,267,0,21,288,517
,3,BAJA CALIFORNIA SUR,5,LA PAZ,3,LA PAZ,288,2,194,30,10,20,190,6,10,2,4,13,11,490,0,6,496,999
,3,BAJA CALIFORNIA SUR,5,LA PAZ,3,LA PAZ,289,3,325,37,19,41,410,10,15,5,15,21,29,927,0,30,957,2070
,3,BAJA CALIFORNIA SUR,5,LA PAZ,3,LA PAZ,348,1,99,13,1,7,109,2,6,4,1,3,7,252,0,8,260,503
,3,BAJA CALIFORNIA SUR,5,LA PAZ,3,LA PAZ,349,1,137,13,6,15,108,5,0,6,4,4,5,303,0,8,311,596
,3,BAJA CALIFORNIA SUR,5,LA PAZ,3,LA PAZ,350,1,95,13,7,16,100,2,3,5,4,1,10,256,0,7,263,433
,3,BAJA CALIFORNIA SUR,5,LA PAZ,3,LA PAZ,440,2,341,33,21,35,267,10,12,18,10,10,9,766,0,8,774,1300
,3,BAJA CALIFORNIA SUR,3,LA PAZ,3,LA PAZ,441,1,107,14,9,19,128,7,0,8,0,6,13,311,0,8,319,558
,3,BAJA CALIFORNIA SUR,5,LA PAZ,3,LA PAZ,442,2,303,33,15,28,235,5,7,7,8,7,17,665,2,8,675,1068
,3,BAJA CALIFORNIA SUR,3,LA PAZ,3,LA PAZ,443,2,212,33,16,32,213,6,6,8,7,6,18,557,0,10,567,950
,3,BAJA CALIFORNIA SUR,3,LA PAZ,3,LA PAZ,444,1,115,18,11,14,103,1,6,2,3,9,7,289,0,10,299,602
,3,BAJA CALIFORNIA SUR,5,LA PAZ,3,LA PAZ,445,2,220,23,13,17,162,6,5,7,4,5,8,470,1,11,482,780
,3,BAJA CALIFORNIA SUR,5,LA PAZ,3,LA PAZ,446,4,476,60,41,66,441,13,23,19,16,19,24,1198,1,15,1214,2366
,3,BAJA CALIFORNIA SUR,3,LA PAZ,3,LA PAZ,447,1,78,9,12,11,102,2,1,3,4,3,8,233,0,13,246,538
,3,BAJA CALIFORNIA SUR,3,LA PAZ,3,LA PAZ,448,1,83,8,10,5,75,6,4,5,3,3,4,206,0,10,216,440
,3,BAJA CALIFORNIA SUR,3,LA PAZ,3,LA PAZ,449,1,124,15,18,10,111,4,5,7,2,6,6,308,0,3,311,640
,3,BAJA CALIFORNIA SUR,3,LA PAZ,3,LA PAZ,450,1,105,15,10,18,115,4,2,6,2,1,8,286,0,10,296,637
,3,BAJA CALIFORNIA SUR,5,LA PAZ,3,LA PAZ,451,2,124,24,12,13,171,8,5,8,3,11,8,387,2,7,396,892
,3,BAJA CALIFORNIA SUR,5,LA PAZ,3,LA PAZ,452,2,161,15,19,22,193,6,7,11,7,10,11,462,1,9,472,941
,3,BAJA CALIFORNIA SUR,5,LA PAZ,3,LA PAZ,453,1,118,17,8,15,126,2,0,3,2,3,4,298,0,10,308,647
,3,BAJA CALIFORNIA SUR,5,LA PAZ,3,LA PAZ,454,1,115,36,7,10,132,7,2,6,2,5,8,330,0,3,333,592
,3,BAJA CALIFORNIA SUR,5,LA PAZ,3,LA PAZ,455,1,110,17,10,18,123,4,8,9,3,3,5,310,0,16,326,663
,3,BAJA CALIFORNIA SUR,4,LA PAZ,3,LA PAZ,456,1,40,7,3,7,68,3,2,3,1,2,4,140,0,5,145,318
,3,BAJA CALIFORNIA SUR,4,LA PAZ,3,LA PAZ,457,1,86,12,11,6,85,4,3,4,5,5,5,226,0,3,229,516
,3,BAJA CALIFORNIA SUR,5,LA PAZ,3,LA PAZ,458,2,180,23,12,23,200,4,11,8,1,7,11,480,0,6,486,978
,3,BAJA CALIFORNIA SUR,5,LA PAZ,3,LA PAZ,459,2,121,34,5,12,166,6,6,10,5,9,11,385,0,7,392,844
,3,BAJA CALIFORNIA SUR,4,LA PAZ,3,LA PAZ,460,2,161,29,15,22,180,3,13,6,8,7,17,461,0,6,467,766
,3,BAJA CALIFORNIA SUR,4,LA PAZ,3,LA PAZ,461,2,200,13,10,23,175,4,4,13,3,11,11,467,0,4,471,807
,3,BAJA CALIFORNIA SUR,5,LA PAZ,3,LA PAZ,462,1,163,18,15,11,152,9,9,4,3,10,6,400,0,5,405,744
,3,BAJA CALIFORNIA SUR,4,LA PAZ,3,LA PAZ,463,1,114,20,20,23,140,4,4,5,4,6,7,347,0,6,353,659
,3,BAJA CALIFORNIA SUR,4,LA PAZ,3,LA PAZ,464,2,119,29,13,37,168,6,5,6,2,12,6,403,0,10,413,883
,3,BAJA CALIFORNIA SUR,5,LA PAZ,3,LA PAZ,465,2,277,32,15,31,250,4,5,14,8,12,31,679,0,12,691,1361
,3,BAJA CALIFORNIA SUR,4,LA PAZ,3,LA PAZ,466,2,121,19,14,15,172,2,13,6,7,8,5,382,1,7,390,874
,3,BAJA CALIFORNIA SUR,4,LA PAZ,3,LA PAZ,467,2,121,41,9,21,163,7,9,9,12,8,13,413,0,10,423,974
,3,BAJA CALIFORNIA SUR,4,LA PAZ,3,LA PAZ,468,2,128,13,21,29,151,6,9,4,5,3,4,373,0,7,380,899
,3,BAJA CALIFORNIA SUR,4,LA PAZ,3,LA PAZ,469,2,136,13,9,14,135,4,5,3,6,6,4,335,0,5,340,858
,3,BAJA CALIFORNIA SUR,4,LA PAZ,3,LA PAZ,470,3,295,35,29,26,324,23,10,8,10,18,23,801,0,17,818,2245
,3,BAJA CALIFORNIA SUR,4,LA PAZ,3,LA PAZ,471,1,89,17,13,14,154,5,5,9,4,7,4,321,0,6,327,741
,3,BAJA CALIFORNIA SUR,4,LA PAZ,3,LA PAZ,472,2,184,40,26,25,237,7,20,13,2,5,9,568,0,20,588,1498
,3,BAJA CALIFORNIA SUR,4,LA PAZ,3,LA PAZ,473,1,93,17,8,15,128,6,11,6,4,2,1,291,0,7,298,632
,3,BAJA CALIFORNIA SUR,4,LA PAZ,3,LA PAZ,474,1,84,14,6,19,92,4,4,3,5,4,5,240,0,3,243,674
,3,BAJA CALIFORNIA SUR,4,LA PAZ,3,LA PAZ,475,4,322,42,44,35,419,27,4,10,7,15,19,944,0,22,966,2825
,3,BAJA CALIFORNIA SUR,4,LA PAZ,3,LA PAZ,476,1,74,8,21,8,103,12,6,6,4,5,10,257,0,10,267,690
,3,BAJA CALIFORNIA SUR,4,LA PAZ,3,LA PAZ,477,2,94,28,15,16,137,9,2,2,1,7,9,320,0,12,332,826
,3,BAJA CALIFORNIA SUR,3,LA PAZ,3,LA PAZ,478,2,181,30,14,33,192,10,9,11,2,11,14,507,0,16,523,968
,3,BAJA CALIFORNIA SUR,4,LA PAZ,3,LA PAZ,479,5,559,75,47,61,530,19,17,15,10,18,14,1365,1,17,1383,3364
,3,BAJA CALIFORNIA SUR,4,LA PAZ,3,LA PAZ,480,2,159,29,18,13,177,5,7,4,5,1,13,431,0,13,444,968
,3,BAJA CALIFORNIA SUR,4,LA PAZ,3,LA PAZ,481,2,149,28,19,13,144,3,4,4,4,3,17,388,0,11,399,938
,3,BAJA CALIFORNIA SUR,4,LA PAZ,3,LA PAZ,482,3,287,32,26,33,328,11,11,11,7,17,21,784,1,13,798,1526
,3,BAJA CALIFORNIA SUR,4,LA PAZ,3,LA PAZ,483,2,123,22,16,15,182,1,4,7,3,3,10,386,0,17,403,854
,3,BAJA CALIFORNIA SUR,4,LA PAZ,3,LA PAZ,484,4,360,44,27,48,363,12,11,16,6,8,21,916,0,18,934,2353
,3,BAJA CALIFORNIA SUR,4,LA PAZ,3,LA PAZ,485,2,249,26,18,42,240,11,11,6,13,6,20,642,0,23,665,1246
,3,BAJA CALIFORNIA SUR,4,LA PAZ,3,LA PAZ,486,2,187,17,18,37,196,9,4,9,5,8,8,498,1,14,513,967
,3,BAJA CALIFORNIA SUR,4,LA PAZ,3,LA PAZ,487,3,332,30,27,49,395,10,17,20,6,16,21,923,0,21,944,2006
,3,BAJA CALIFORNIA SUR,4,LA PAZ,3,LA PAZ,488,3,342,42,26,32,418,11,12,17,11,10,20,941,0,16,957,1893
,3,BAJA CALIFORNIA SUR,4,LA PAZ,3,LA PAZ,489,2,247,34,16,31,307,6,6,8,11,11,19,696,0,8,704,1154
,3,BAJA CALIFORNIA SUR,4,LA PAZ,3,LA PAZ,490,2,176,22,12,21,214,5,5,13,10,14,13,505,0,12,517,1103
,3,BAJA CALIFORNIA SUR,4,LA PAZ,3,LA PAZ,491,2,286,14,16,28,258,4,14,12,9,11,10,662,0,14,676,1227
,3,BAJA CALIFORNIA SUR,4,LA PAZ,3,LA PAZ,492,3,295,50,20,39,313,9,10,15,10,8,13,782,0,13,795,1855
,3,BAJA CALIFORNIA SUR,4,LA PAZ,3,LA PAZ,493,2,189,24,10,19,223,13,11,17,10,15,7,538,0,13,551,1237
,3,BAJA CALIFORNIA SUR,4,LA PAZ,3,LA PAZ,494,3,226,33,18,37,240,6,10,7,9,14,12,612,0,12,624,1648
,3,BAJA CALIFORNIA SUR,4,LA PAZ,3,LA PAZ,495,3,256,32,20,31,285,13,5,5,15,12,11,685,0,13,698,1784
,3,BAJA CALIFORNIA SUR,6,LA PAZ,3,LA PAZ,121,2,268,18,23,25,211,6,6,16,3,6,9,591,0,13,604,1139
,3,BAJA CALIFORNIA SUR,6,LA PAZ,3,LA PAZ,130,1,46,10,19,5,52,2,5,1,1,1,6,148,1,13,162,404
,3,BAJA CALIFORNIA SUR,6,LA PAZ,3,LA PAZ,131,1,45,7,10,15,78,3,4,3,0,2,5,172,0,9,181,487
,3,BAJA CALIFORNIA SUR,6,LA PAZ,3,LA PAZ,132,1,43,17,13,6,62,2,2,5,4,0,0,154,0,8,162,364
,3,BAJA CALIFORNIA SUR,6,LA PAZ,3,LA PAZ,133,1,47,12,20,13,72,3,1,1,2,1,3,175,0,7,182,369
,3,BAJA CALIFORNIA SUR,6,LA PAZ,3,LA PAZ,134,1,59,9,8,8,69,5,2,1,1,3,5,170,0,7,177,300
,3,BAJA CALIFORNIA SUR,6,LA PAZ,3,LA PAZ,152,2,153,38,19,13,153,1,4,7,2,5,10,405,0,8,413,924
,3,BAJA CALIFORNIA SUR,6,LA PAZ,3,LA PAZ,153,3,266,28,27,12,318,6,16,13,12,18,20,736,0,38,774,1683
,3,BAJA CALIFORNIA SUR,6,LA PAZ,3,LA PAZ,154,2,166,37,32,24,258,9,6,11,13,13,19,588,0,17,605,1150
,3,BAJA CALIFORNIA SUR,6,LA PAZ,3,LA PAZ,155,2,190,29,28,10,218,8,11,4,8,6,16,528,0,10,538,1006
,3,BAJA CALIFORNIA SUR,6,LA PAZ,3,LA PAZ,156,7,548,97,113,78,636,23,23,26,16,16,41,1617,11,77,1705,4087
,3,BAJA CALIFORNIA SUR,6,LA PAZ,3,LA PAZ,157,2,130,41,38,21,173,5,11,14,2,5,8,448,0,17,465,925
,3,BAJA CALIFORNIA SUR,6,LA PAZ,3,LA PAZ,158,2,134,28,14,24,149,5,2,19,6,5,19,405,0,24,429,871
,3,BAJA CALIFORNIA SUR,6,LA PAZ,3,LA PAZ,254,1,66,10,7,7,47,1,2,2,4,2,3,151,0,9,160,341
,3,BAJA CALIFORNIA SUR,6,LA PAZ,3,LA PAZ,255,3,232,49,45,22,296,15,9,17,12,12,9,718,0,31,749,2024
,3,BAJA CALIFORNIA SUR,6,LA PAZ,3,LA PAZ,267,3,146,33,36,10,233,3,3,14,6,4,21,509,0,36,545,1074
,3,BAJA CALIFORNIA SUR,6,LA PAZ,3,LA PAZ,268,2,109,8,6,3,64,4,3,0,2,0,4,203,0,12,215,404
,3,BAJA CALIFORNIA SUR,6,LA PAZ,3,LA PAZ,269,2,159,28,23,11,276,7,10,11,4,8,4,541,0,26,567,1228
,3,BAJA CALIFORNIA SUR,6,LA PAZ,3,LA PAZ,270,4,386,62,29,35,694,18,8,13,10,4,38,1297,0,37,1334,2411
,3,BAJA CALIFORNIA SUR,6,LA PAZ,3,LA PAZ,271,2,122,15,8,19,157,0,0,3,5,1,5,335,0,24,359,616
,3,BAJA CALIFORNIA SUR,6,LA PAZ,3,LA PAZ,272,1,101,23,3,11,83,2,2,5,0,1,14,245,0,10,255,335
,3,BAJA CALIFORNIA SUR,6,LA PAZ,3,LA PAZ,273,1,45,7,6,14,55,0,1,1,1,0,0,130,0,5,135,225
,3,BAJA CALIFORNIA SUR,6,LA PAZ,3,LA PAZ,274,3,127,38,17,4,236,7,4,10,5,3,12,463,0,21,484,1350
,3,BAJA CALIFORNIA SUR,6,LA PAZ,3,LA PAZ,276,1,118,13,4,5,130,3,6,2,3,0,8,292,0,12,304,478
,3,BAJA CALIFORNIA SUR,6,LA PAZ,3,LA PAZ,277,1,48,14,15,3,128,3,1,6,2,2,10,232,0,12,244,454
,3,BAJA CALIFORNIA SUR,6,LA PAZ,3,LA PAZ,278,2,196,51,15,18,268,7,5,12,2,9,16,599,0,16,615,1444
,3,BAJA CALIFORNIA SUR,6,LA PAZ,3,LA PAZ,280,5,354,44,25,17,488,13,12,7,8,9,20,997,0,25,1022,1788
,3,BAJA CALIFORNIA SUR,6,LA PAZ,3,LA PAZ,281,3,224,34,38,6,324,3,11,8,3,1,15,667,0,25,692,1579
,3,BAJA CALIFORNIA SUR,6,LA PAZ,3,LA PAZ,282,2,182,30,28,8,340,6,12,3,6,5,17,637,0,23,660,1436
,3,BAJA CALIFORNIA SUR,6,LA PAZ,3,LA PAZ,283,4,278,41,34,10,346,5,6,14,8,5,11,758,1,33,792,2704
,3,BAJA CALIFORNIA SUR,6,LA PAZ,3,LA PAZ,284,1,27,9,2,1,19,1,2,2,0,0,6,69,0,0,69,122
,3,BAJA CALIFORNIA SUR,6,LA PAZ,3,LA PAZ,287,2,22,4,7,1,50,4,1,1,2,2,2,96,1,2,99,204
,3,BAJA CALIFORNIA SUR,1,SAN JOSE DEL CABO,4,LOS CABOS,290,3,609,41,11,17,100,3,11,2,3,21,6,824,0,8,832,1614
,3,BAJA CALIFORNIA SUR,12,SAN JOSE DEL CABO,4,LOS CABOS,291,4,375,123,36,23,339,9,57,13,8,38,31,1052,4,20,1076,2079
,3,BAJA CALIFORNIA SUR,12,SAN JOSE DEL CABO,4,LOS CABOS,292,1,182,21,6,3,86,4,15,1,1,13,20,352,0,4,356,698
,3,BAJA CALIFORNIA SUR,12,SAN JOSE DEL CABO,4,LOS CABOS,293,2,221,58,10,7,159,6,20,4,1,25,21,532,0,11,543,1110
,3,BAJA CALIFORNIA SUR,1,SAN JOSE DEL CABO,4,LOS CABOS,294,3,741,53,27,21,202,3,33,5,2,43,15,1145,0,14,1159,1934
,3,BAJA CALIFORNIA SUR,1,SAN JOSE DEL CABO,4,LOS CABOS,295,4,537,91,18,15,316,3,46,7,3,47,50,1133,0,24,1157,2786
,3,BAJA CALIFORNIA SUR,1,SAN JOSE DEL CABO,4,LOS CABOS,296,3,329,88,28,21,312,9,54,12,7,39,59,958,0,22,980,1946
,3,BAJA CALIFORNIA SUR,12,SAN JOSE DEL CABO,4,LOS CABOS,297,2,164,53,14,2,125,4,20,5,1,17,30,435,0,9,444,845
,3,BAJA CALIFORNIA SUR,1,SAN JOSE DEL CABO,4,LOS CABOS,298,25,2764,413,227,158,1883,61,296,107,58,311,142,6420,2,151,6573,17835
,3,BAJA CALIFORNIA SUR,7,SAN JOSE DEL CABO,4,LOS CABOS,299,2,186,47,42,11,143,2,29,5,0,26,11,502,0,16,518,1116
,3,BAJA CALIFORNIA SUR,7,SAN JOSE DEL CABO,4,LOS CABOS,300,7,631,218,84,29,556,13,121,22,10,87,95,1866,1,31,1898,4523
,3,BAJA CALIFORNIA SUR,7,SAN JOSE DEL CABO,4,LOS CABOS,302,1,88,37,12,12,75,2,21,10,0,13,20,290,1,7,298,611
,3,BAJA CALIFORNIA SUR,12,SAN JOSE DEL CABO,4,LOS CABOS,303,1,58,16,20,1,80,2,25,3,1,3,7,216,0,8,224,468
,3,BAJA CALIFORNIA SUR,12,SAN JOSE DEL CABO,4,LOS CABOS,304,4,471,107,28,1,297,7,57,1,3,19,213,1204,0,26,1230,1942
,3,BAJA CALIFORNIA SUR,12,SAN JOSE DEL CABO,4,LOS CABOS,305,2,189,74,39,4,157,1,76,2,4,23,29,598,0,16,614,961
,3,BAJA CALIFORNIA SUR,12,SAN JOSE DEL CABO,4,LOS CABOS,306,2,298,175,20,6,270,4,73,4,4,19,58,931,1,21,953,1441
,3,BAJA CALIFORNIA SUR,12,SAN JOSE DEL CABO,4,LOS CABOS,307,2,60,35,7,4,40,5,18,2,1,5,10,187,0,1,188,273
,3,BAJA CALIFORNIA SUR,12,SAN JOSE DEL CABO,4,LOS CABOS,308,4,392,166,36,11,270,9,121,2,3,117,95,1222,0,40,1262,1881
,3,BAJA CALIFORNIA SUR,12,SAN JOSE DEL CABO,4,LOS CABOS,309,2,88,120,16,4,76,5,18,3,1,9,30,370,0,12,382,520
,3,BAJA CALIFORNIA SUR,12,SAN JOSE DEL CABO,4,LOS CABOS,310,5,328,245,41,19,398,4,73,10,0,72,104,1294,0,24,1318,3080
,3,BAJA CALIFORNIA SUR,12,SAN JOSE DEL CABO,4,LOS CABOS,311,2,92,68,25,0,123,2,34,2,1,9,24,380,0,17,397,684
,3,BAJA CALIFORNIA SUR,12,SAN JOSE DEL CABO,4,LOS CABOS,312,13,1165,508,132,56,1154,38,208,28,16,187,255,3747,4,94,3845,9147
,3,BAJA CALIFORNIA SUR,12,SAN JOSE DEL CABO,4,LOS CABOS,313,3,318,103,30,15,233,11,58,2,8,33,44,855,0,20,875,1613
,3,BAJA CALIFORNIA SUR,12,SAN JOSE DEL CABO,4,LOS CABOS,314,12,887,311,137,42,973,64,202,31,14,128,128,2917,0,75,2992,8384
,3,BAJA CALIFORNIA SUR,12,SAN JOSE DEL CABO,4,LOS CABOS,315,1,99,37,23,2,127,10,10,1,0,9,16,334,0,11,345,550
,3,BAJA CALIFORNIA SUR,1,SAN JOSE DEL CABO,4,LOS CABOS,316,6,1590,62,27,90,257,5,25,14,22,75,15,2182,2,15,2199,4370
,3,BAJA CALIFORNIA SUR,16,CABO SAN LUCAS,4,LOS CABOS,317,4,264,51,23,22,300,6,15,3,14,38,27,763,1,19,783,2306
,3,BAJA CALIFORNIA SUR,16,CABO SAN LUCAS,4,LOS CABOS,318,3,248,52,8,13,265,6,7,3,7,32,24,665,0,15,680,1326
,3,BAJA CALIFORNIA SUR,16,CABO SAN LUCAS,4,LOS CABOS,319,1,139,21,4,5,92,1,4,1,6,15,4,292,0,6,298,626
,3,BAJA CALIFORNIA SUR,16,CABO SAN LUCAS,4,LOS CABOS,320,3,347,67,14,34,358,5,26,4,13,40,20,928,2,10,940,2213
,3,BAJA CALIFORNIA SUR,16,CABO SAN LUCAS,4,LOS CABOS,321,3,192,59,19,11,326,3,13,5,20,28,19,695,2,18,715,1772
,3,BAJA CALIFORNIA SUR,16,CABO SAN LUCAS,4,LOS CABOS,322,3,203,48,11,18,356,5,7,2,12,42,32,736,0,27,763,1819
,3,BAJA CALIFORNIA SUR,16,CABO SAN LUCAS,4,LOS CABOS,323,2,177,66,8,9,218,4,10,4,8,29,31,564,0,25,589,1343
,3,BAJA CALIFORNIA SUR,16,CABO SAN LUCAS,4,LOS CABOS,324,3,218,59,14,9,297,6,12,9,5,36,50,715,0,20,735,2057
,3,BAJA CALIFORNIA SUR,16,CABO SAN LUCAS,4,LOS CABOS,325,3,294,55,13,10,320,10,17,18,17,61,29,844,0,17,861,2179
,3,BAJA CALIFORNIA SUR,16,CABO SAN LUCAS,4,LOS CABOS,326,2,126,48,5,6,226,2,9,2,9,31,18,482,0,12,494,1217
,3,BAJA CALIFORNIA SUR,16,CABO SAN LUCAS,4,LOS CABOS,327,3,203,80,23,21,294,7,19,5,11,39,31,733,0,21,754,1786
,3,BAJA CALIFORNIA SUR,16,CABO SAN LUCAS,4,LOS CABOS,328,4,250,92,19,16,500,8,18,6,17,60,60,1046,2,22,1070,2344
,3,BAJA CALIFORNIA SUR,16,CABO SAN LUCAS,4,LOS CABOS,329,2,121,50,21,1,201,2,1,6,4,13,39,459,0,12,471,1225
,3,BAJA CALIFORNIA SUR,16,CABO SAN LUCAS,4,LOS CABOS,331,4,584,105,17,28,535,7,21,8,13,110,52,1480,2,21,1503,2955
,3,BAJA CALIFORNIA SUR,8,CABO SAN LUCAS,4,LOS CABOS,332,12,1516,210,70,87,1303,31,94,28,48,226,81,3694,0,66,3760,8939
,3,BAJA CALIFORNIA SUR,16,CABO SAN LUCAS,4,LOS CABOS,333,5,539,93,28,27,532,20,31,10,20,62,36,1398,1,32,1431,3732
,3,BAJA CALIFORNIA SUR,1,SAN JOSE DEL CABO,4,LOS CABOS,334,2,22,30,7,0,78,2,5,3,1,4,24,176,0,6,182,281
,3,BAJA CALIFORNIA SUR,8,CABO SAN LUCAS,4,LOS CABOS,335,1,58,14,4,2,110,2,4,6,12,19,18,249,0,2,251,502
,3,BAJA CALIFORNIA SUR,8,CABO SAN LUCAS,4,LOS CABOS,336,1,63,18,2,7,102,0,10,2,1,6,3,214,0,4,218,434
,3,BAJA CALIFORNIA SUR,8,CABO SAN LUCAS,4,LOS CABOS,351,1,93,22,10,3,154,0,4,1,5,21,9,322,0,4,326,615
,3,BAJA CALIFORNIA SUR,8,CABO SAN LUCAS,4,LOS CABOS,352,2,286,41,8,14,195,6,10,3,9,52,9,633,0,16,649,1272
,3,BAJA CALIFORNIA SUR,1,SAN JOSE DEL CABO,4,LOS CABOS,353,10,780,204,70,30,975,16,63,12,130,240,84,2604,0,70,2674,6531
,3,BAJA CALIFORNIA SUR,1,SAN JOSE DEL CABO,4,LOS CABOS,354,3,167,42,13,5,207,2,35,5,48,103,24,651,0,22,673,1581
,3,BAJA CALIFORNIA SUR,9,CABO SAN LUCAS,4,LOS CABOS,355,2,176,44,7,3,148,4,9,20,19,72,21,523,1,16,540,1301
,3,BAJA CALIFORNIA SUR,1,SAN JOSE DEL CABO,4,LOS CABOS,356,3,177,49,18,14,256,4,8,1,20,46,17,610,2,11,623,1573
,3,BAJA CALIFORNIA SUR,8,CABO SAN LUCAS,4,LOS CABOS,357,1,42,12,8,2,85,3,5,2,10,7,6,182,0,3,185,504
,3,BAJA CALIFORNIA SUR,8,CABO SAN LUCAS,4,LOS CABOS,358,3,222,58,15,11,351,5,15,2,26,66,4,775,2,11,788,2138
,3,BAJA CALIFORNIA SUR,8,CABO SAN LUCAS,4,LOS CABOS,359,4,299,45,35,9,411,9,23,9,37,75,23,975,0,23,998,2540
,3,BAJA CALIFORNIA SUR,8,CABO SAN LUCAS,4,LOS CABOS,360,2,131,22,34,10,207,0,16,5,29,32,14,500,1,18,519,1360
,3,BAJA CALIFORNIA SUR,8,CABO SAN LUCAS,4,LOS CABOS,361,6,703,75,23,39,655,21,28,13,19,98,32,1706,0,35,1741,4054
,3,BAJA CALIFORNIA SUR,8,CABO SAN LUCAS,4,LOS CABOS,362,6,376,100,71,13,595,12,46,10,41,135,43,1442,1,43,1486,3952
,3,BAJA CALIFORNIA SUR,8,CABO SAN LUCAS,4,LOS CABOS,363,3,164,57,27,6,278,4,27,2,36,47,27,675,0,18,693,1934
,3,BAJA CALIFORNIA SUR,8,CABO SAN LUCAS,4,LOS CABOS,364,1,52,8,8,3,48,1,3,0,7,12,1,143,0,3,146,362
,3,BAJA CALIFORNIA SUR,9,CABO SAN LUCAS,4,LOS CABOS,365,2,121,59,11,8,171,4,12,3,15,36,16,456,0,5,461,1278
,3,BAJA CALIFORNIA SUR,9,CABO SAN LUCAS,4,LOS CABOS,366,2,159,52,8,5,241,5,9,2,25,54,25,585,0,6,591,1411
,3,BAJA CALIFORNIA SUR,9,CABO SAN LUCAS,4,LOS CABOS,367,2,140,45,9,3,196,3,3,1,18,36,19,473,0,8,481,1102
,3,BAJA CALIFORNIA SUR,9,CABO SAN LUCAS,4,LOS CABOS,368,2,119,33,6,2,123,0,5,1,53,42,16,400,0,15,415,988
,3,BAJA CALIFORNIA SUR,9,CABO SAN LUCAS,4,LOS CABOS,369,2,106,48,15,3,182,3,15,5,59,64,14,514,0,23,537,1340
,3,BAJA CALIFORNIA SUR,9,CABO SAN LUCAS,4,LOS CABOS,370,2,108,33,8,5,183,6,8,4,34,30,15,434,1,16,451,1050
,3,BAJA CALIFORNIA SUR,9,CABO SAN LUCAS,4,LOS CABOS,371,2,65,35,6,2,136,0,4,3,21,28,13,313,0,13,326,753
,3,BAJA CALIFORNIA SUR,9,CABO SAN LUCAS,4,LOS CABOS,372,2,148,51,13,7,239,1,18,2,15,53,16,563,0,10,573,1460
,3,BAJA CALIFORNIA SUR,9,CABO SAN LUCAS,4,LOS CABOS,373,3,121,43,14,8,251,5,15,8,33,55,25,578,0,11,589,1507
,3,BAJA CALIFORNIA SUR,9,CABO SAN LUCAS,4,LOS CABOS,374,4,190,53,10,5,259,4,19,3,38,67,41,689,1,20,710,1556
,3,BAJA CALIFORNIA SUR,9,CABO SAN LUCAS,4,LOS CABOS,375,5,261,99,23,24,358,11,25,3,67,68,28,967,0,45,1012,3025
,3,BAJA CALIFORNIA SUR,9,CABO SAN LUCAS,4,LOS CABOS,376,2,111,54,15,6,132,1,9,2,21,44,13,408,0,7,415,1077
,3,BAJA CALIFORNIA SUR,9,CABO SAN LUCAS,4,LOS CABOS,377,4,244,70,30,11,320,5,52,2,64,82,35,915,2,24,941,2535
,3,BAJA CALIFORNIA SUR,9,CABO SAN LUCAS,4,LOS CABOS,378,2,109,26,16,2,144,2,11,3,15,27,14,369,0,26,395,982
,3,BAJA CALIFORNIA SUR,9,CABO SAN LUCAS,4,LOS CABOS,379,1,69,17,10,1,77,2,4,0,10,12,6,208,0,7,215,514
,3,BAJA CALIFORNIA SUR,9,CABO SAN LUCAS,4,LOS CABOS,380,5,275,72,25,11,443,9,40,8,40,117,25,1065,0,26,1091,3170
,3,BAJA CALIFORNIA SUR,9,CABO SAN LUCAS,4,LOS CABOS,381,2,104,33,1,8,178,4,9,0,26,24,9,396,1,12,409,920
,3,BAJA CALIFORNIA SUR,9,CABO SAN LUCAS,4,LOS CABOS,382,2,107,38,8,9,175,5,5,0,42,25,22,436,0,17,453,1170
,3,BAJA CALIFORNIA SUR,9,CABO SAN LUCAS,4,LOS CABOS,383,2,173,41,8,11,199,7,10,1,28,40,21,539,0,19,558,1424
,3,BAJA CALIFORNIA SUR,9,CABO SAN LUCAS,4,LOS CABOS,384,2,100,34,8,6,173,0,31,4,34,33,22,445,0,15,460,1132
,3,BAJA CALIFORNIA SUR,9,CABO SAN LUCAS,4,LOS CABOS,385,2,71,36,14,5,155,2,13,0,19,20,19,354,0,18,372,859
,3,BAJA CALIFORNIA SUR,9,CABO SAN LUCAS,4,LOS CABOS,386,2,127,50,17,11,193,5,12,5,17,44,24,505,0,22,527,1277
,3,BAJA CALIFORNIA SUR,9,CABO SAN LUCAS,4,LOS CABOS,387,2,79,29,6,4,191,4,10,2,14,21,16,376,0,8,384,1020
,3,BAJA CALIFORNIA SUR,9,CABO SAN LUCAS,4,LOS CABOS,388,2,120,34,8,3,166,3,18,1,13,38,8,412,0,14,426,1107
,3,BAJA CALIFORNIA SUR,9,CABO SAN LUCAS,4,LOS CABOS,389,2,99,27,12,7,154,5,9,3,10,23,5,354,0,10,364,952
,3,BAJA CALIFORNIA SUR,9,CABO SAN LUCAS,4,LOS CABOS,390,2,107,31,5,9,178,3,7,4,14,25,12,395,1,13,409,1037
,3,BAJA CALIFORNIA SUR,9,CABO SAN LUCAS,4,LOS CABOS,391,1,70,14,6,4,84,6,6,1,10,14,10,225,0,6,231,554
,3,BAJA CALIFORNIA SUR,9,CABO SAN LUCAS,4,LOS CABOS,392,1,50,16,1,3,84,1,5,8,13,12,10,203,0,12,215,528
,3,BAJA CALIFORNIA SUR,9,CABO SAN LUCAS,4,LOS CABOS,393,2,73,42,9,2,97,1,6,1,15,21,18,285,0,13,298,776
,3,BAJA CALIFORNIA SUR,1,SAN JOSE DEL CABO,4,LOS CABOS,394,3,166,29,7,9,205,2,18,5,39,67,16,563,0,18,581,1584
,3,BAJA CALIFORNIA SUR,16,CABO SAN LUCAS,4,LOS CABOS,395,3,294,51,25,16,250,8,19,12,10,54,17,756,0,14,770,1521
,3,BAJA CALIFORNIA SUR,16,CABO SAN LUCAS,4,LOS CABOS,396,2,277,33,8,18,176,2,9,4,5,57,8,597,1,10,608,1401
,3,BAJA CALIFORNIA SUR,16,CABO SAN LUCAS,4,LOS CABOS,397,4,378,73,35,23,455,2,23,14,26,68,39,1136,0,25,1161,2948
,3,BAJA CALIFORNIA SUR,16,CABO SAN LUCAS,4,LOS CABOS,398,3,282,45,12,12,264,7,8,4,14,63,25,736,0,8,744,1841
,3,BAJA CALIFORNIA SUR,16,CABO SAN LUCAS,4,LOS CABOS,399,2,173,29,12,11,164,6,11,1,7,39,11,464,0,8,472,1101
,3,BAJA CALIFORNIA SUR,16,CABO SAN LUCAS,4,LOS CABOS,400,3,107,29,12,7,183,4,14,3,13,26,12,410,0,20,430,810
,3,BAJA CALIFORNIA SUR,16,CABO SAN LUCAS,4,LOS CABOS,401,1,122,22,7,7,100,1,9,1,6,19,3,297,0,3,300,643
,3,BAJA CALIFORNIA SUR,16,CABO SAN LUCAS,4,LOS CABOS,402,3,391,26,14,12,277,6,14,4,17,52,8,821,1,12,834,1761
,3,BAJA CALIFORNIA SUR,8,CABO SAN LUCAS,4,LOS CABOS,403,2,127,22,6,8,110,5,4,2,7,30,6,327,1,4,332,752
,3,BAJA CALIFORNIA SUR,8,CABO SAN LUCAS,4,LOS CABOS,404,2,108,44,9,15,218,5,15,4,9,27,19,473,0,17,490,1406
,3,BAJA CALIFORNIA SUR,8,CABO SAN LUCAS,4,LOS CABOS,405,3,237,70,21,5,351,6,16,12,16,37,22,793,0,12,805,1916
,3,BAJA CALIFORNIA SUR,8,CABO SAN LUCAS,4,LOS CABOS,406,2,129,57,15,12,243,4,8,1,12,29,28,538,0,15,553,1354
,3,BAJA CALIFORNIA SUR,8,CABO SAN LUCAS,4,LOS CABOS,407,3,172,59,19,7,263,4,12,2,22,50,21,631,0,19,650,1622
,3,BAJA CALIFORNIA SUR,8,CABO SAN LUCAS,4,LOS CABOS,408,2,149,24,8,12,178,8,14,0,5,22,15,435,0,12,447,1066
,3,BAJA CALIFORNIA SUR,8,CABO SAN LUCAS,4,LOS CABOS,409,2,86,20,5,9,150,4,7,7,7,14,10,319,0,15,334,845
,3,BAJA CALIFORNIA SUR,8,CABO SAN LUCAS,4,LOS CABOS,410,2,116,35,13,13,192,2,6,0,5,27,24,433,0,15,448,1215
,3,BAJA CALIFORNIA SUR,8,CABO SAN LUCAS,4,LOS CABOS,411,4,526,54,25,29,339,11,31,12,11,70,19,1127,0,12,1139,2297
,3,BAJA CALIFORNIA SUR,7,SAN JOSE DEL CABO,4,LOS CABOS,412,8,561,142,64,20,513,6,89,34,21,105,76,1631,0,55,1686,5754
,3,BAJA CALIFORNIA SUR,7,SAN JOSE DEL CABO,4,LOS CABOS,413,2,116,34,14,14,152,3,34,5,7,30,8,417,0,16,433,1206
,3,BAJA CALIFORNIA SUR,7,SAN JOSE DEL CABO,4,LOS CABOS,414,2,147,38,19,12,158,5,32,10,5,25,12,463,1,13,477,1327
,3,BAJA CALIFORNIA SUR,7,SAN JOSE DEL CABO,4,LOS CABOS,415,2,135,27,13,8,114,3,27,2,1,15,19,364,0,8,372,933
,3,BAJA CALIFORNIA SUR,7,SAN JOSE DEL CABO,4,LOS CABOS,416,2,140,28,12,9,143,3,26,4,2,21,23,411,0,10,421,1063
,3,BAJA CALIFORNIA SUR,7,SAN JOSE DEL CABO,4,LOS CABOS,417,2,117,36,13,10,120,7,15,1,4,16,15,354,0,9,363,996
,3,BAJA CALIFORNIA SUR,7,SAN JOSE DEL CABO,4,LOS CABOS,418,2,123,51,11,9,114,3,43,3,3,23,19,402,0,9,411,871
,3,BAJA CALIFORNIA SUR,7,SAN JOSE DEL CABO,4,LOS CABOS,419,2,170,45,14,3,132,3,27,4,1,9,26,434,0,10,444,980
,3,BAJA CALIFORNIA SUR,7,SAN JOSE DEL CABO,4,LOS CABOS,420,2,133,46,11,5,158,4,22,4,1,25,7,416,0,8,424,1035
,3,BAJA CALIFORNIA SUR,7,SAN JOSE DEL CABO,4,LOS CABOS,421,2,79,38,8,9,113,5,10,2,6,22,6,298,0,14,312,792
,3,BAJA CALIFORNIA SUR,7,SAN JOSE DEL CABO,4,LOS CABOS,422,2,124,34,17,7,117,0,21,5,6,14,9,354,0,14,368,990
,3,BAJA CALIFORNIA SUR,7,SAN JOSE DEL CABO,4,LOS CABOS,423,2,87,33,15,8,109,6,22,4,5,32,14,335,0,17,352,1029
,3,BAJA CALIFORNIA SUR,7,SAN JOSE DEL CABO,4,LOS CABOS,424,2,85,47,16,8,87,4,12,13,4,26,12,314,0,17,331,829
,3,BAJA CALIFORNIA SUR,7,SAN JOSE DEL CABO,4,LOS CABOS,425,2,133,45,12,5,111,1,17,3,1,23,19,370,0,14,384,957
,3,BAJA CALIFORNIA SUR,7,SAN JOSE DEL CABO,4,LOS CABOS,426,2,134,21,19,6,114,3,32,2,0,30,4,365,0,11,376,799
,3,BAJA CALIFORNIA SUR,7,SAN JOSE DEL CABO,4,LOS CABOS,427,2,147,46,12,2,125,4,15,3,1,32,12,399,0,2,401,883
,3,BAJA CALIFORNIA SUR,7,SAN JOSE DEL CABO,4,LOS CABOS,428,2,97,50,9,7,107,6,28,3,2,20,18,347,0,9,356,878
,3,BAJA CALIFORNIA SUR,7,SAN JOSE DEL CABO,4,LOS CABOS,429,2,106,56,35,11,115,2,26,9,1,18,27,406,0,10,416,1024
,3,BAJA CALIFORNIA SUR,7,SAN JOSE DEL CABO,4,LOS CABOS,430,2,109,59,7,8,114,2,32,7,3,44,32,417,0,10,427,887
,3,BAJA CALIFORNIA SUR,7,SAN JOSE DEL CABO,4,LOS CABOS,431,2,127,41,13,6,159,3,19,6,2,39,32,447,0,9,456,979
,3,BAJA CALIFORNIA SUR,7,SAN JOSE DEL CABO,4,LOS CABOS,432,2,139,50,16,9,129,5,40,0,1,17,14,420,0,15,435,1126
,3,BAJA CALIFORNIA SUR,7,SAN JOSE DEL CABO,4,LOS CABOS,433,2,81,38,10,4,113,4,18,2,3,22,19,314,0,4,318,939
,3,BAJA CALIFORNIA SUR,7,SAN JOSE DEL CABO,4,LOS CABOS,434,2,130,49,10,2,137,1,23,10,4,13,22,401,0,14,415,1017
,3,BAJA CALIFORNIA SUR,7,SAN JOSE DEL CABO,4,LOS CABOS,435,2,144,43,7,3,121,6,29,10,0,29,21,413,0,10,423,988
,3,BAJA CALIFORNIA SUR,7,SAN JOSE DEL CABO,4,LOS CABOS,436,2,131,20,14,10,142,3,14,3,4,24,8,373,0,12,385,833
,3,BAJA CALIFORNIA SUR,7,SAN JOSE DEL CABO,4,LOS CABOS,437,1,68,21,7,4,100,1,8,5,2,14,4,234,0,5,239,603
,3,BAJA CALIFORNIA SUR,7,SAN JOSE DEL CABO,4,LOS CABOS,438,1,107,31,11,8,90,1,17,2,2,13,7,289,0,7,296,718
,3,BAJA CALIFORNIA SUR,7,SAN JOSE DEL CABO,4,LOS CABOS,439,1,84,22,2,4,68,2,3,3,1,9,0,198,0,9,207,596
,3,BAJA CALIFORNIA SUR,11,CIUDAD CONSTITUCION,1,COMONDU,1,2,151,19,15,18,114,5,1,4,4,158,10,499,1,8,508,770
,3,BAJA CALIFORNIA SUR,11,CIUDAD CONSTITUCION,1,COMONDU,2,1,61,13,16,21,82,0,1,1,1,75,14,285,0,5,290,491
,3,BAJA CALIFORNIA SUR,11,CIUDAD CONSTITUCION,1,COMONDU,3,3,226,55,41,62,253,5,1,10,2,385,30,1070,0,14,1084,1668
,3,BAJA CALIFORNIA SUR,11,CIUDAD CONSTITUCION,1,COMONDU,4,1,133,20,14,18,95,3,0,1,3,157,16,460,0,9,469,711
,3,BAJA CALIFORNIA SUR,11,CIUDAD CONSTITUCION,1,COMONDU,5,2,139,20,16,38,128,4,2,6,3,200,15,571,0,9,580,935
,3,BAJA CALIFORNIA SUR,11,CIUDAD CONSTITUCION,1,COMONDU,6,1,100,16,14,15,92,2,1,0,1,133,5,379,0,6,385,745
,3,BAJA CALIFORNIA SUR,11,CIUDAD CONSTITUCION,1,COMONDU,7,2,186,26,34,33,158,4,3,3,6,263,13,729,0,5,734,1195
,3,BAJA CALIFORNIA SUR,11,CIUDAD CONSTITUCION,1,COMONDU,8,2,91,7,21,28,102,1,0,0,3,118,16,387,0,18,405,480
,3,BAJA CALIFORNIA SUR,11,CIUDAD CONSTITUCION,1,COMONDU,9,1,49,6,12,10,66,0,2,3,1,91,4,244,0,6,250,437
,3,BAJA CALIFORNIA SUR,11,CIUDAD CONSTITUCION,1,COMONDU,10,2,119,8,16,33,123,2,2,2,4,152,7,468,0,10,478,796
,3,BAJA CALIFORNIA SUR,10,CIUDAD CONSTITUCION,1,COMONDU,11,1,45,6,10,7,68,0,0,4,2,92,8,242,0,6,248,422
,3,BAJA CALIFORNIA SUR,10,CIUDAD CONSTITUCION,1,COMONDU,12,1,45,10,7,9,44,3,3,0,0,72,4,197,0,4,201,342
,3,BAJA CALIFORNIA SUR,10,CIUDAD CONSTITUCION,1,COMONDU,13,2,135,37,18,23,131,4,5,6,1,240,14,614,1,4,619,1106
,3,BAJA CALIFORNIA SUR,10,CIUDAD CONSTITUCION,1,COMONDU,14,2,193,32,34,21,139,12,2,1,1,190,20,645,0,16,661,1228
,3,BAJA CALIFORNIA SUR,10,CIUDAD CONSTITUCION,1,COMONDU,15,1,86,30,25,13,84,0,0,0,0,133,3,374,0,7,381,604
,3,BAJA CALIFORNIA SUR,10,CIUDAD CONSTITUCION,1,COMONDU,16,2,116,21,40,29,121,5,1,2,0,297,7,639,0,8,647,995
,3,BAJA CALIFORNIA SUR,10,CIUDAD CONSTITUCION,1,COMONDU,17,1,59,18,13,16,64,3,1,2,0,131,4,311,0,4,315,449
,3,BAJA CALIFORNIA SUR,11,CIUDAD CONSTITUCION,1,COMONDU,18,2,126,36,41,25,196,6,3,7,3,278,23,744,0,14,758,1199
,3,BAJA CALIFORNIA SUR,11,CIUDAD CONSTITUCION,1,COMONDU,19,2,89,16,20,24,127,1,5,2,1,187,10,482,0,26,508,900
,3,BAJA CALIFORNIA SUR,10,CIUDAD CONSTITUCION,1,COMONDU,20,2,74,55,33,14,164,5,2,3,7,238,24,619,0,23,642,1268
,3,BAJA CALIFORNIA SUR,10,CIUDAD CONSTITUCION,1,COMONDU,21,2,96,46,21,19,138,2,3,2,1,247,13,588,0,15,603,1091
,3,BAJA CALIFORNIA SUR,10,CIUDAD CONSTITUCION,1,COMONDU,22,3,207,81,42,39,241,15,3,7,5,389,18,1047,0,31,1078,2095
,3,BAJA CALIFORNIA SUR,10,CIUDAD CONSTITUCION,1,COMONDU,23,2,92,21,22,31,120,2,0,1,1,223,3,516,0,18,534,866
,3,BAJA CALIFORNIA SUR,10,CIUDAD CONSTITUCION,1,COMONDU,24,1,59,20,20,18,84,3,2,1,1,136,21,365,0,12,377,685
,3,BAJA CALIFORNIA SUR,10,CIUDAD CONSTITUCION,1,COMONDU,25,2,93,19,18,33,124,6,5,5,1,150,18,472,0,16,488,918
,3,BAJA CALIFORNIA SUR,10,CIUDAD CONSTITUCION,1,COMONDU,26,2,110,31,29,33,132,3,1,0,3,144,18,504,1,16,521,933
,3,BAJA CALIFORNIA SUR,10,CIUDAD CONSTITUCION,1,COMONDU,27,2,75,33,18,34,108,9,2,7,3,183,20,492,0,18,510,916
,3,BAJA CALIFORNIA SUR,10,CIUDAD CONSTITUCION,1,COMONDU,28,5,310,103,72,62,383,17,11,10,5,496,49,1518,0,50,1568,3299
,3,BAJA CALIFORNIA SUR,10,CIUDAD CONSTITUCION,1,COMONDU,29,3,149,53,34,19,216,11,2,9,5,299,30,827,0,12,839,1565
,3,BAJA CALIFORNIA SUR,10,CIUDAD CONSTITUCION,1,COMONDU,30,3,173,59,53,29,201,11,3,3,1,275,32,840,0,38,878,1867
,3,BAJA CALIFORNIA SUR,10,CIUDAD CONSTITUCION,1,COMONDU,31,2,93,36,24,27,156,6,2,8,5,190,16,563,0,29,592,999
,3,BAJA CALIFORNIA SUR,10,CIUDAD CONSTITUCION,1,COMONDU,32,2,117,36,38,32,143,4,3,6,2,271,11,663,0,19,682,1150
,3,BAJA CALIFORNIA SUR,10,CIUDAD CONSTITUCION,1,COMONDU,33,1,31,22,12,4,58,1,2,1,2,89,13,235,0,11,246,364
,3,BAJA CALIFORNIA SUR,10,CIUDAD CONSTITUCION,1,COMONDU,34,1,66,57,14,6,112,2,2,1,3,213,24,500,0,29,529,737
,3,BAJA CALIFORNIA SUR,10,CIUDAD CONSTITUCION,1,COMONDU,35,1,31,1,21,2,8,0,3,0,1,33,0,100,0,7,107,150
,3,BAJA CALIFORNIA SUR,10,CIUDAD CONSTITUCION,1,COMONDU,36,2,50,28,6,2,61,10,3,1,2,50,11,224,0,14,238,427
,3,BAJA CALIFORNIA SUR,11,CIUDAD CONSTITUCION,1,COMONDU,37,1,54,9,11,4,44,4,2,0,1,40,11,180,0,7,187,263
,3,BAJA CALIFORNIA SUR,11,CIUDAD CONSTITUCION,1,COMONDU,38,1,25,9,9,10,58,4,2,3,2,75,4,201,0,14,215,314
,3,BAJA CALIFORNIA SUR,10,CIUDAD CONSTITUCION,1,COMONDU,39,1,23,27,15,3,26,1,4,0,2,29,9,139,0,5,144,203
,3,BAJA CALIFORNIA SUR,11,CIUDAD CONSTITUCION,1,COMONDU,40,1,100,16,6,27,120,2,7,8,3,62,7,358,0,20,378,698
,3,BAJA CALIFORNIA SUR,11,CIUDAD CONSTITUCION,1,COMONDU,41,2,82,31,14,35,146,5,1,6,3,97,12,432,0,15,447,1026
,3,BAJA CALIFORNIA SUR,11,CIUDAD CONSTITUCION,1,COMONDU,42,2,128,38,15,38,169,7,6,5,3,84,13,506,1,23,530,1185
,3,BAJA CALIFORNIA SUR,11,CIUDAD CONSTITUCION,1,COMONDU,43,1,95,9,17,22,134,4,9,3,5,51,11,360,0,9,369,732
,3,BAJA CALIFORNIA SUR,11,CIUDAD CONSTITUCION,1,COMONDU,44,2,138,17,15,24,166,8,6,16,2,72,13,477,0,13,490,775
,3,BAJA CALIFORNIA SUR,11,CIUDAD CONSTITUCION,1,COMONDU,45,2,144,15,12,25,128,4,5,4,6,76,10,429,0,8,437,792
,3,BAJA CALIFORNIA SUR,11,CIUDAD CONSTITUCION,1,COMONDU,46,1,69,29,9,14,136,6,5,10,0,67,15,360,0,8,368,679
,3,BAJA CALIFORNIA SUR,11,CIUDAD CONSTITUCION,1,COMONDU,47,2,127,18,17,40,183,6,3,11,4,88,3,500,0,13,513,973
,3,BAJA CALIFORNIA SUR,11,CIUDAD CONSTITUCION,1,COMONDU,48,2,224,11,52,26,173,6,8,9,0,103,5,617,0,34,651,1177
,3,BAJA CALIFORNIA SUR,11,CIUDAD CONSTITUCION,1,COMONDU,49,1,36,6,2,3,10,2,2,0,1,19,0,81,0,4,85,158
,3,BAJA CALIFORNIA SUR,11,CIUDAD CONSTITUCION,1,COMONDU,50,1,24,8,5,1,33,3,2,0,2,29,2,109,0,4,113,180
,3,BAJA CALIFORNIA SUR,11,CIUDAD CONSTITUCION,1,COMONDU,51,1,37,6,5,3,54,0,0,0,0,22,19,146,0,3,149,282
,3,BAJA CALIFORNIA SUR,11,CIUDAD CONSTITUCION,1,COMONDU,52,1,48,13,10,8,55,1,2,1,2,73,0,213,0,5,218,428
,3,BAJA CALIFORNIA SUR,11,CIUDAD CONSTITUCION,1,COMONDU,53,1,35,11,8,3,65,6,3,6,0,38,4,179,0,1,180,266
,3,BAJA CALIFORNIA SUR,11,CIUDAD CONSTITUCION,1,COMONDU,54,3,102,48,28,28,158,5,5,8,3,143,18,546,0,18,564,1016
,3,BAJA CALIFORNIA SUR,11,CIUDAD CONSTITUCION,1,COMONDU,55,1,70,7,8,1,87,5,5,3,5,64,10,265,0,9,274,399
,3,BAJA CALIFORNIA SUR,11,CIUDAD CONSTITUCION,1,COMONDU,56,1,124,36,3,7,100,1,5,4,3,58,24,365,0,8,373,591
,3,BAJA CALIFORNIA SUR,11,CIUDAD CONSTITUCION,1,COMONDU,57,1,130,40,12,8,124,4,5,2,2,108,13,448,0,13,461,685
,3,BAJA CALIFORNIA SUR,11,CIUDAD CONSTITUCION,1,COMONDU,58,1,95,16,11,3,106,1,3,2,2,114,7,360,0,7,367,522
,3,BAJA CALIFORNIA SUR,10,CIUDAD CONSTITUCION,1,COMONDU,59,2,84,14,61,70,137,3,5,1,2,93,19,489,0,24,513,1029
,3,BAJA CALIFORNIA SUR,10,CIUDAD CONSTITUCION,1,COMONDU,60,2,50,11,82,63,131,4,2,0,0,95,6,444,0,11,455,769
,3,BAJA CALIFORNIA SUR,10,CIUDAD CONSTITUCION,1,COMONDU,61,4,141,41,216,129,383,7,9,8,3,237,41,1215,0,40,1255,2425
,3,BAJA CALIFORNIA SUR,10,CIUDAD CONSTITUCION,1,COMONDU,62,1,17,1,9,3,7,1,0,0,0,40,0,78,0,3,81,136
,3,BAJA CALIFORNIA SUR,11,CIUDAD CONSTITUCION,1,COMONDU,66,1,10,1,1,2,5,4,0,4,0,23,0,50,0,2,52,85
,3,BAJA CALIFORNIA SUR,11,CIUDAD CONSTITUCION,1,COMONDU,67,1,183,6,9,6,94,7,7,1,4,101,0,418,0,11,429,589
,3,BAJA CALIFORNIA SUR,11,CIUDAD CONSTITUCION,1,COMONDU,68,1,125,11,5,2,73,3,4,0,1,68,6,298,0,18,316,460
,3,BAJA CALIFORNIA SUR,11,CIUDAD CONSTITUCION,1,COMONDU,69,1,69,4,13,3,100,14,3,3,1,101,6,317,0,16,333,619
,3,BAJA CALIFORNIA SUR,11,CIUDAD CONSTITUCION,1,COMONDU,70,1,82,17,11,11,126,5,2,5,2,62,0,323,0,14,337,458
,3,BAJA CALIFORNIA SUR,11,CIUDAD CONSTITUCION,1,COMONDU,71,1,12,11,8,0,13,6,2,2,0,22,0,76,0,4,80,127
,3,BAJA CALIFORNIA SUR,11,CIUDAD CONSTITUCION,1,COMONDU,72,1,70,14,21,5,92,16,1,3,0,100,3,325,0,9,334,441
,3,BAJA CALIFORNIA SUR,11,CIUDAD CONSTITUCION,1,COMONDU,73,1,103,22,10,2,168,7,2,48,3,50,19,434,0,14,448,664
,3,BAJA CALIFORNIA SUR,11,CIUDAD CONSTITUCION,1,COMONDU,74,1,35,10,11,1,35,7,1,0,1,9,19,129,0,4,133,176
,3,BAJA CALIFORNIA SUR,13,LORETO,5,LORETO,338,3,315,29,4,136,137,0,0,218,1,6,5,851,0,16,867,1388
,3,BAJA CALIFORNIA SUR,13,LORETO,5,LORETO,339,7,1010,88,9,627,436,0,0,495,13,8,21,2707,0,57,2764,5154
,3,BAJA CALIFORNIA SUR,13,LORETO,5,LORETO,340,2,290,20,5,134,93,0,0,126,2,1,5,676,0,18,694,993
,3,BAJA CALIFORNIA SUR,13,LORETO,5,LORETO,341,2,220,10,2,97,110,0,0,119,3,4,9,574,0,4,578,808
,3,BAJA CALIFORNIA SUR,13,LORETO,5,LORETO,342,3,222,29,5,107,93,0,0,109,2,0,9,576,0,12,588,862
,3,BAJA CALIFORNIA SUR,13,LORETO,5,LORETO,343,1,201,5,1,87,61,0,0,127,0,1,3,486,0,4,490,749
,3,BAJA CALIFORNIA SUR,13,LORETO,5,LORETO,344,3,389,61,3,245,165,0,0,173,2,2,14,1054,0,17,1071,1543
,3,BAJA CALIFORNIA SUR,13,LORETO,5,LORETO,345,2,115,14,3,81,23,0,0,23,4,1,2,266,0,17,283,358
,3,BAJA CALIFORNIA SUR,13,LORETO,5,LORETO,346,2,135,35,4,58,108,0,0,53,5,0,8,406,0,15,421,570
,3,BAJA CALIFORNIA SUR,13,LORETO,5,LORETO,347,1,68,15,2,51,22,0,0,12,2,1,5,178,0,11,189,282
,3,BAJA CALIFORNIA SUR,13,LORETO,2,MULEGE,75,2,312,18,0,0,120,2,153,1,16,0,7,629,0,9,638,1012
,3,BAJA CALIFORNIA SUR,13,LORETO,2,MULEGE,76,3,500,32,0,0,209,2,226,1,29,0,10,1009,0,22,1031,1651
,3,BAJA CALIFORNIA SUR,13,LORETO,2,MULEGE,77,3,367,17,0,0,113,3,164,3,9,0,4,680,0,15,695,845
,3,BAJA CALIFORNIA SUR,13,LORETO,2,MULEGE,78,2,448,10,0,0,26,3,176,2,7,0,53,725,0,14,739,1143
,3,BAJA CALIFORNIA SUR,13,LORETO,2,MULEGE,79,1,192,11,0,0,62,1,104,0,2,0,8,380,0,11,391,658
,3,BAJA CALIFORNIA SUR,13,LORETO,2,MULEGE,80,2,294,16,0,0,132,0,185,2,3,0,8,640,0,9,649,1114
,3,BAJA CALIFORNIA SUR,13,LORETO,2,MULEGE,81,1,142,13,0,0,43,0,89,0,4,0,2,293,0,3,296,494
,3,BAJA CALIFORNIA SUR,13,LORETO,2,MULEGE,82,2,377,14,0,0,81,0,140,2,5,0,3,622,0,8,630,973
,3,BAJA CALIFORNIA SUR,13,LORETO,2,MULEGE,83,5,1070,37,0,0,242,1,535,1,15,0,10,1911,0,24,1935,2984
,3,BAJA CALIFORNIA SUR,13,LORETO,2,MULEGE,84,1,35,2,0,0,34,0,26,0,0,0,1,98,0,2,100,206
,3,BAJA CALIFORNIA SUR,13,LORETO,2,MULEGE,85,3,375,17,0,0,177,6,119,1,6,0,4,705,0,20,725,1361
,3,BAJA CALIFORNIA SUR,13,LORETO,2,MULEGE,86,1,35,0,0,0,8,0,39,1,1,0,0,84,0,2,86,128
,3,BAJA CALIFORNIA SUR,13,LORETO,2,MULEGE,87,1,71,1,0,0,12,0,38,2,0,0,0,124,0,11,135,244
,3,BAJA CALIFORNIA SUR,13,LORETO,2,MULEGE,88,2,170,25,0,0,140,4,111,1,4,0,17,472,0,33,505,913
,3,BAJA CALIFORNIA SUR,13,LORETO,2,MULEGE,89,2,212,31,0,0,154,3,97,0,2,0,10,509,0,19,528,920
,3,BAJA CALIFORNIA SUR,13,LORETO,2,MULEGE,90,1,149,10,0,0,106,2,84,5,2,0,8,366,0,13,379,629
,3,BAJA CALIFORNIA SUR,13,LORETO,2,MULEGE,91,1,117,17,0,0,140,6,59,3,3,0,10,355,0,15,370,608
,3,BAJA CALIFORNIA SUR,14,GUERRERO NEGRO,2,MULEGE,92,1,60,4,0,0,70,8,30,3,0,0,1,176,0,2,178,305
,3,BAJA CALIFORNIA SUR,14,GUERRERO NEGRO,2,MULEGE,93,1,80,6,0,0,95,5,45,1,2,0,5,239,0,2,241,437
,3,BAJA CALIFORNIA SUR,14,GUERRERO NEGRO,2,MULEGE,94,5,474,67,0,0,593,67,214,15,6,0,23,1459,0,41,1500,3375
,3,BAJA CALIFORNIA SUR,14,GUERRERO NEGRO,2,MULEGE,95,2,94,12,0,0,172,15,52,5,1,0,3,354,1,16,371,826
,3,BAJA CALIFORNIA SUR,14,GUERRERO NEGRO,2,MULEGE,96,2,139,18,0,0,222,13,106,4,4,0,9,515,0,12,527,1128
,3,BAJA CALIFORNIA SUR,14,GUERRERO NEGRO,2,MULEGE,97,3,223,27,0,0,284,16,130,3,5,0,10,698,0,13,711,1098
,3,BAJA CALIFORNIA SUR,14,GUERRERO NEGRO,2,MULEGE,98,3,284,39,0,0,374,23,181,8,3,0,10,922,1,20,943,1968
,3,BAJA CALIFORNIA SUR,14,GUERRERO NEGRO,2,MULEGE,99,1,109,4,0,0,52,1,85,1,0,0,1,253,0,11,264,374
,3,BAJA CALIFORNIA SUR,14,GUERRERO NEGRO,2,MULEGE,101,1,16,4,0,0,21,2,48,1,1,0,4,97,0,6,103,139
,3,BAJA CALIFORNIA SUR,14,GUERRERO NEGRO,2,MULEGE,102,2,85,17,0,0,61,1,49,6,2,0,3,224,1,15,240,754
,3,BAJA CALIFORNIA SUR,14,GUERRERO NEGRO,2,MULEGE,103,1,151,10,0,0,82,4,160,4,1,0,1,413,0,19,432,728
,3,BAJA CALIFORNIA SUR,14,GUERRERO NEGRO,2,MULEGE,104,13,841,137,0,0,1047,26,1025,49,33,0,54,3212,1,138,3351,8042
,3,BAJA CALIFORNIA SUR,14,GUERRERO NEGRO,2,MULEGE,105,1,9,1,0,0,15,2,60,0,0,0,0,87,0,2,89,154
,3,BAJA CALIFORNIA SUR,14,GUERRERO NEGRO,2,MULEGE,107,1,54,5,0,0,77,6,41,1,0,0,5,189,0,1,190,398
,3,BAJA CALIFORNIA SUR,14,GUERRERO NEGRO,2,MULEGE,108,2,183,18,0,0,181,6,105,4,2,0,7,506,0,10,516,979
,3,BAJA CALIFORNIA SUR,14,GUERRERO NEGRO,2,MULEGE,109,1,90,10,0,0,100,4,69,3,2,0,1,279,0,5,284,541
,3,BAJA CALIFORNIA SUR,14,GUERRERO NEGRO,2,MULEGE,110,2,66,10,0,0,51,1,28,2,1,0,1,160,0,4,164,238
,3,BAJA CALIFORNIA SUR,13,LORETO,2,MULEGE,111,1,83,3,0,0,45,4,55,1,1,0,1,193,0,2,195,308
,3,BAJA CALIFORNIA SUR,14,GUERRERO NEGRO,2,MULEGE,112,1,135,3,0,0,56,3,90,1,1,0,3,292,0,7,299,519
,3,BAJA CALIFORNIA SUR,14,GUERRERO NEGRO,2,MULEGE,113,1,67,7,0,0,52,0,56,2,2,0,3,189,0,9,198,360
,3,BAJA CALIFORNIA SUR,14,GUERRERO NEGRO,2,MULEGE,114,2,158,20,0,0,152,3,88,3,5,0,5,434,0,5,439,786
,3,BAJA CALIFORNIA SUR,14,GUERRERO NEGRO,2,MULEGE,115,1,23,2,0,0,26,1,36,1,3,0,1,93,0,2,95,159
,3,BAJA CALIFORNIA SUR,14,GUERRERO NEGRO,2,MULEGE,116,2,221,22,0,0,210,3,215,3,4,0,12,690,0,14,704,1172
,3,BAJA CALIFORNIA SUR,13,LORETO,2,MULEGE,117,2,94,9,0,0,66,1,76,4,3,0,2,255,0,22,277,479
,3,BAJA CALIFORNIA SUR,13,LORETO,2,MULEGE,118,2,92,18,0,0,84,1,45,0,3,0,0,243,1,7,251,426
,3,BAJA CALIFORNIA SUR,13,LORETO,2,MULEGE,119,1,77,8,0,0,95,0,26,1,1,0,0,208,0,10,218,357
,3,BAJA CALIFORNIA SUR,14,GUERRERO NEGRO,2,MULEGE,120,1,237,12,0,0,104,5,50,2,3,0,2,415,0,8,423,691
