CIRCUNSCRIPCION,ID_ESTADO,NOMBRE_ESTADO,ID_DISTRITO_LOCAL,CABECERA_DISTRITAL_LOCAL,ID_MUNICIPIO,MUNICIPIO,SECCION,CASILLAS,PAN,PRI,PRD,PT,PVEM,MC,NA,MORENA,ES,PAN_PRD_MC,PAN_PRD,PAN_MC,PRD_MC,PT_MORENA_ES,PT_MORENA,PT_ES,MORENA_ES,CAND_IND1,CAND_IND2,CAND_IND3,NUM_VOTOS_VALIDOS,NUM_VOTOS_CAN_NREG,NUM_VOTOS_NULOS,TOTAL_VOTOS,LISTA_NOMINAL
,1,AGUASCALIENTES,6,AGUASCALIENTES,001,AGUASCALIENTES,1,3,994,380,11,2,16,18,7,115,8,5,2,0,0,0,0,0,0,71,,,1629,0,27,1656,2087
,1,AGUASCALIENTES,6,AGUASCALIENTES,001,AGUASCALIENTES,2,2,208,156,6,4,17,9,22,27,0,1,0,0,0,0,0,0,0,11,,,461,0,17,478,896
,1,AGUASCALIENTES,6,AGUASCALIENTES,001,AGUASCALIENTES,3,3,522,171,11,18,30,18,29,225,18,5,1,0,0,0,0,0,0,102,,,1150,1,37,1188,1674
,1,AGUASCALIENTES,6,AGUASCALIENTES,001,AGUASCALIENTES,4,2,294,134,8,16,24,12,27,283,11,4,49,0,0,0,0,0,0,53,,,915,1,32,948,1381
,1,AGUASCALIENTES,6,AGUASCALIENTES,001,AGUASCALIENTES,5,2,241,93,8,7,19,9,6,122,9,0,0,0,0,0,0,0,0,47,,,561,1,12,574,788
,1,AGUASCALIENTES,6,AGUASCALIENTES,001,AGUASCALIENTES,6,1,182,78,4,7,13,10,11,119,10,0,1,0,0,0,0,0,0,32,,,467,0,19,486,693
,1,AGUASCALIENTES,6,AGUASCALIENTES,001,AGUASCALIENTES,7,2,248,83,2,8,21,7,22,103,12,2,1,0,0,0,0,0,0,48,,,557,0,22,579,787
,1,AGUASCALIENTES,6,AGUASCALIENTES,001,AGUASCALIENTES,8,2,328,168,5,11,22,12,31,169,7,3,1,0,0,0,0,0,0,58,,,815,0,29,844,1162
,1,AGUASCALIENTES,6,AGUASCALIENTES,001,AGUASCALIENTES,9,3,361,136,7,24,26,6,29,264,9,3,0,0,0,0,0,0,0,63,,,928,1,51,980,1259
,1,AGUASCALIENTES,6,AGUASCALIENTES,001,AGUASCALIENTES,10,2,402,124,5,10,24,12,22,187,16,3,1,0,0,0,0,0,0,54,,,860,1,28,889,1224
,1,AGUASCALIENTES,6,AGUASCALIENTES,001,AGUASCALIENTES,11,2,310,104,9,16,30,16,29,168,11,4,0,0,0,0,0,0,0,47,,,744,1,29,774,1234
,1,AGUASCALIENTES,6,AGUASCALIENTES,001,AGUASCALIENTES,12,2,248,215,4,9,21,12,20,119,10,0,0,0,0,0,0,0,0,50,,,708,1,17,726,827
,1,AGUASCALIENTES,6,AGUASCALIENTES,001,AGUASCALIENTES,13,2,231,72,3,11,18,19,18,146,12,2,0,0,0,0,0,0,0,35,,,567,3,20,590,811
,1,AGUASCALIENTES,6,AGUASCALIENTES,001,AGUASCALIENTES,14,2,254,91,2,6,31,18,12,118,9,2,1,0,0,0,0,0,0,59,,,603,1,26,630,908
,1,AGUASCALIENTES,6,AGUASCALIENTES,001,AGUASCALIENTES,15,2,215,98,7,17,12,25,19,117,9,3,2,0,0,0,0,0,0,25,,,549,0,18,567,1034
,1,AGUASCALIENTES,6,AGUASCALIENTES,001,AGUASCALIENTES,16,2,202,74,8,10,20,8,11,87,3,0,1,0,0,0,0,0,0,23,,,447,1,25,473,849
,1,AGUASCALIENTES,6,AGUASCALIENTES,001,AGUASCALIENTES,17,2,252,100,10,10,23,14,17,127,10,3,0,0,0,0,0,0,0,27,,,593,1,34,628,1024
,1,AGUASCALIENTES,6,AGUASCALIENTES,001,AGUASCALIENTES,18,2,236,117,6,16,20,18,18,149,12,3,0,0,0,0,0,0,0,46,,,641,1,27,669,1046
,1,AGUASCALIENTES,10,AGUASCALIENTES,001,AGUASCALIENTES,19,2,146,126,8,11,28,13,14,136,16,0,0,0,1,1,2,0,0,,,,502,0,25,527,1006
,1,AGUASCALIENTES,10,AGUASCALIENTES,001,AGUASCALIENTES,20,2,337,110,9,8,28,9,24,150,19,5,0,0,0,1,3,0,0,,,,703,5,35,743,1056
,1,AGUASCALIENTES,10,AGUASCALIENTES,001,AGUASCALIENTES,21,2,239,134,9,18,31,12,16,193,17,0,1,0,0,3,2,1,0,,,,676,0,27,703,1252
,1,AGUASCALIENTES,10,AGUASCALIENTES,001,AGUASCALIENTES,22,1,140,78,7,7,10,3,10,93,4,2,0,0,0,0,0,0,2,,,,356,0,17,373,733
,1,AGUASCALIENTES,10,AGUASCALIENTES,001,AGUASCALIENTES,23,2,261,97,7,12,24,7,14,111,12,0,0,0,0,3,0,0,0,,,,548,0,19,567,970
,1,AGUASCALIENTES,10,AGUASCALIENTES,001,AGUASCALIENTES,24,1,129,74,3,3,12,4,5,72,11,0,0,0,0,0,0,0,0,,,,313,0,20,333,616
,1,AGUASCALIENTES,10,AGUASCALIENTES,001,AGUASCALIENTES,25,2,254,78,9,16,20,10,7,83,5,0,1,1,0,0,1,0,0,,,,485,0,20,505,893
,1,AGUASCALIENTES,10,AGUASCALIENTES,001,AGUASCALIENTES,26,2,284,135,12,23,28,13,27,151,10,0,3,2,0,2,0,0,3,,,,693,0,28,721,1145
,1,AGUASCALIENTES,10,AGUASCALIENTES,001,AGUASCALIENTES,27,1,174,48,7,5,7,5,11,68,7,5,2,1,0,2,1,0,2,,,,345,0,6,351,539
,1,AGUASCALIENTES,11,AGUASCALIENTES,001,AGUASCALIENTES,28,1,74,29,2,7,8,3,3,76,4,0,1,0,0,1,0,0,0,,,,208,1,16,225,372
,1,AGUASCALIENTES,11,AGUASCALIENTES,001,AGUASCALIENTES,29,2,156,107,9,11,24,11,13,119,7,0,0,0,0,3,0,0,1,,,,461,1,13,475,834
,1,AGUASCALIENTES,10,AGUASCALIENTES,001,AGUASCALIENTES,30,1,125,61,4,9,26,1,5,67,3,1,0,0,0,0,1,0,0,,,,303,1,17,321,613
,1,AGUASCALIENTES,10,AGUASCALIENTES,001,AGUASCALIENTES,31,2,231,94,8,12,20,8,21,99,12,2,1,0,0,1,0,0,1,,,,510,2,30,542,970
,1,AGUASCALIENTES,10,AGUASCALIENTES,001,AGUASCALIENTES,32,2,181,101,11,15,14,16,11,151,19,2,0,0,0,3,0,0,2,,,,526,0,17,543,1155
,1,AGUASCALIENTES,10,AGUASCALIENTES,001,AGUASCALIENTES,33,2,159,74,3,18,14,4,7,141,9,2,0,0,0,1,0,0,1,,,,433,0,14,447,788
,1,AGUASCALIENTES,10,AGUASCALIENTES,001,AGUASCALIENTES,34,2,201,50,3,5,9,7,9,77,11,1,1,0,0,1,0,0,2,,,,377,3,8,388,785
,1,AGUASCALIENTES,10,AGUASCALIENTES,001,AGUASCALIENTES,35,3,693,236,23,19,53,25,26,230,18,7,3,1,0,4,1,0,0,,,,1339,2,45,1386,2110
,1,AGUASCALIENTES,10,AGUASCALIENTES,001,AGUASCALIENTES,36,2,263,112,4,22,22,16,12,142,7,3,0,1,0,1,0,0,0,,,,605,1,20,626,872
,1,AGUASCALIENTES,10,AGUASCALIENTES,001,AGUASCALIENTES,37,2,337,110,7,12,28,16,21,139,15,1,1,1,0,3,1,0,1,,,,693,1,28,722,1083
,1,AGUASCALIENTES,10,AGUASCALIENTES,001,AGUASCALIENTES,38,2,316,171,12,20,34,17,24,187,12,5,1,1,0,2,1,0,0,,,,803,1,34,838,1331
,1,AGUASCALIENTES,10,AGUASCALIENTES,001,AGUASCALIENTES,39,2,208,97,9,17,18,6,12,110,9,3,0,1,0,3,0,0,1,,,,494,1,23,518,827
,1,AGUASCALIENTES,17,AGUASCALIENTES,001,AGUASCALIENTES,40,2,373,137,7,9,35,12,17,155,14,5,3,0,0,6,0,0,0,,,,773,3,31,807,1278
,1,AGUASCALIENTES,6,AGUASCALIENTES,001,AGUASCALIENTES,41,6,1242,440,18,44,59,47,39,363,29,12,5,2,0,0,0,0,0,217,,,2517,5,72,2594,4112
,1,AGUASCALIENTES,6,AGUASCALIENTES,001,AGUASCALIENTES,42,2,245,148,10,18,17,10,12,155,9,2,2,0,0,0,0,0,0,8,,,636,0,36,672,1123
,1,AGUASCALIENTES,6,AGUASCALIENTES,001,AGUASCALIENTES,43,4,550,236,11,20,41,20,25,259,27,6,3,0,0,0,0,0,0,94,,,1292,4,49,1345,1872
,1,AGUASCALIENTES,6,AGUASCALIENTES,001,AGUASCALIENTES,44,6,1767,501,17,17,53,46,45,402,26,16,0,2,0,0,0,0,0,336,,,3228,2,80,3310,4373
,1,AGUASCALIENTES,6,AGUASCALIENTES,001,AGUASCALIENTES,45,3,696,264,7,5,17,11,8,125,8,4,0,0,0,0,0,0,0,104,,,1249,0,32,1281,1647
,1,AGUASCALIENTES,6,AGUASCALIENTES,001,AGUASCALIENTES,46,3,767,260,9,15,21,23,16,160,9,3,2,1,0,0,0,0,0,132,,,1418,0,33,1451,1952
,1,AGUASCALIENTES,6,AGUASCALIENTES,001,AGUASCALIENTES,47,5,1636,358,12,15,54,39,23,285,18,14,3,2,0,0,0,0,0,220,,,2679,0,57,2736,3540
,1,AGUASCALIENTES,6,AGUASCALIENTES,001,AGUASCALIENTES,48,3,643,214,4,10,35,18,25,158,9,5,1,0,0,0,0,0,0,82,,,1204,0,39,1243,1816
,1,AGUASCALIENTES,6,AGUASCALIENTES,001,AGUASCALIENTES,49,2,340,187,13,24,25,14,24,186,26,3,1,0,0,0,0,0,0,51,,,894,0,34,928,1487
,1,AGUASCALIENTES,6,AGUASCALIENTES,001,AGUASCALIENTES,50,3,409,147,11,22,22,8,22,218,15,2,3,1,0,0,0,0,0,62,,,942,0,48,990,1531
,1,AGUASCALIENTES,6,AGUASCALIENTES,001,AGUASCALIENTES,51,2,316,127,7,31,19,6,14,148,11,1,1,1,0,0,0,0,0,48,,,730,1,33,764,1144
,1,AGUASCALIENTES,6,AGUASCALIENTES,001,AGUASCALIENTES,52,2,345,134,11,8,23,9,22,172,14,1,0,0,0,0,0,0,0,50,,,789,0,35,824,1188
,1,AGUASCALIENTES,6,AGUASCALIENTES,001,AGUASCALIENTES,53,3,543,156,7,19,25,10,37,223,15,7,2,0,0,0,0,0,0,60,,,1104,0,43,1147,1592
,1,AGUASCALIENTES,6,AGUASCALIENTES,001,AGUASCALIENTES,54,2,201,103,7,18,18,12,12,126,16,2,0,0,0,0,0,0,0,15,,,530,0,15,545,1075
,1,AGUASCALIENTES,6,AGUASCALIENTES,001,AGUASCALIENTES,55,2,277,117,1,13,22,9,17,162,14,0,1,2,0,0,0,0,0,29,,,664,0,29,693,1069
,1,AGUASCALIENTES,6,AGUASCALIENTES,001,AGUASCALIENTES,56,2,284,97,6,11,20,7,7,121,7,2,2,0,0,0,0,0,0,106,,,670,0,24,694,930
,1,AGUASCALIENTES,11,AGUASCALIENTES,001,AGUASCALIENTES,57,2,222,119,6,4,10,11,11,124,11,0,1,0,0,0,1,0,0,,,,520,1,16,537,841
,1,AGUASCALIENTES,11,AGUASCALIENTES,001,AGUASCALIENTES,58,1,128,71,6,11,20,4,10,90,4,3,0,1,0,3,1,0,1,,,,353,0,14,367,579
,1,AGUASCALIENTES,11,AGUASCALIENTES,001,AGUASCALIENTES,59,1,208,71,0,7,18,5,14,95,8,0,0,0,0,4,0,0,0,,,,430,0,12,442,671
,1,AGUASCALIENTES,11,AGUASCALIENTES,001,AGUASCALIENTES,60,2,210,99,2,19,19,12,22,134,16,0,1,0,0,2,1,0,0,,,,537,3,27,567,986
,1,AGUASCALIENTES,11,AGUASCALIENTES,001,AGUASCALIENTES,61,2,142,81,3,14,18,2,9,127,12,0,0,0,0,0,0,0,0,,,,408,1,22,431,753
,1,AGUASCALIENTES,11,AGUASCALIENTES,001,AGUASCALIENTES,62,1,138,72,5,9,12,3,7,87,17,0,0,0,0,3,0,0,1,,,,354,3,16,373,628
,1,AGUASCALIENTES,11,AGUASCALIENTES,001,AGUASCALIENTES,63,1,127,54,2,14,13,2,25,92,8,0,0,0,0,3,2,0,0,,,,342,1,19,362,625
,1,AGUASCALIENTES,11,AGUASCALIENTES,001,AGUASCALIENTES,64,2,204,88,2,16,34,13,21,138,9,1,2,1,0,3,2,0,0,,,,534,1,19,554,781
,1,AGUASCALIENTES,11,AGUASCALIENTES,001,AGUASCALIENTES,65,1,154,84,5,5,20,2,10,87,11,1,0,0,0,1,0,0,0,,,,380,0,15,395,589
,1,AGUASCALIENTES,11,AGUASCALIENTES,001,AGUASCALIENTES,66,2,190,105,6,5,20,17,16,144,10,5,0,0,0,2,0,0,0,,,,520,0,30,550,771
,1,AGUASCALIENTES,11,AGUASCALIENTES,001,AGUASCALIENTES,67,1,185,56,5,3,17,13,7,76,7,2,0,3,1,1,0,0,0,,,,376,2,16,394,501
,1,AGUASCALIENTES,11,AGUASCALIENTES,001,AGUASCALIENTES,68,1,172,69,5,7,22,12,9,112,8,2,0,0,0,2,3,0,1,,,,424,0,18,442,690
,1,AGUASCALIENTES,11,AGUASCALIENTES,001,AGUASCALIENTES,69,2,186,101,9,18,28,12,20,116,10,2,3,0,0,4,1,0,1,,,,511,1,12,524,812
,1,AGUASCALIENTES,11,AGUASCALIENTES,001,AGUASCALIENTES,70,1,144,70,4,6,16,11,11,119,6,2,1,0,0,0,1,0,1,,,,392,0,15,407,594
,1,AGUASCALIENTES,11,AGUASCALIENTES,001,AGUASCALIENTES,71,2,318,130,9,7,27,9,16,119,21,3,0,0,0,2,1,0,1,,,,663,1,26,690,1007
,1,AGUASCALIENTES,11,AGUASCALIENTES,001,AGUASCALIENTES,72,1,139,64,4,5,13,4,9,68,6,2,0,0,0,2,0,0,0,,,,316,0,16,332,505
,1,AGUASCALIENTES,11,AGUASCALIENTES,001,AGUASCALIENTES,73,2,226,96,5,10,24,6,16,101,9,2,0,1,0,2,0,0,1,,,,499,0,18,517,758
,1,AGUASCALIENTES,11,AGUASCALIENTES,001,AGUASCALIENTES,74,1,199,49,4,3,18,6,8,66,3,0,0,1,1,1,1,0,1,,,,361,0,12,373,550
,1,AGUASCALIENTES,11,AGUASCALIENTES,001,AGUASCALIENTES,75,1,186,59,6,8,13,7,6,105,8,2,0,0,0,2,0,0,0,,,,402,0,18,420,628
,1,AGUASCALIENTES,11,AGUASCALIENTES,001,AGUASCALIENTES,76,1,149,67,5,13,8,4,6,78,7,0,0,0,0,1,0,0,0,,,,338,0,10,348,472
,1,AGUASCALIENTES,11,AGUASCALIENTES,001,AGUASCALIENTES,77,1,103,75,6,9,19,10,12,92,11,1,1,0,0,8,0,1,2,,,,350,0,14,364,548
,1,AGUASCALIENTES,11,AGUASCALIENTES,001,AGUASCALIENTES,78,2,185,101,6,16,19,18,11,146,12,4,0,0,0,2,1,0,0,,,,521,3,33,557,817
,1,AGUASCALIENTES,11,AGUASCALIENTES,001,AGUASCALIENTES,79,2,187,95,7,8,13,2,11,117,10,1,1,0,0,3,1,0,1,,,,457,1,21,479,776
,1,AGUASCALIENTES,5,AGUASCALIENTES,001,AGUASCALIENTES,80,9,1287,524,60,85,151,90,86,1187,108,17,4,1,0,22,7,0,11,,,,3640,1,108,3749,6531
,1,AGUASCALIENTES,5,AGUASCALIENTES,001,AGUASCALIENTES,82,16,2454,784,81,139,357,152,179,1683,140,17,6,3,0,16,10,1,11,,,,6033,10,197,6240,10413
,1,AGUASCALIENTES,12,AGUASCALIENTES,001,AGUASCALIENTES,83,16,945,1411,72,149,201,153,134,1358,123,8,2,4,2,27,11,2,14,,,,4616,10,177,4803,11490
,1,AGUASCALIENTES,12,AGUASCALIENTES,001,AGUASCALIENTES,84,3,223,295,18,43,49,36,31,335,28,2,1,1,0,5,3,0,6,,,,1076,6,56,1138,2185
,1,AGUASCALIENTES,12,AGUASCALIENTES,001,AGUASCALIENTES,85,6,367,534,35,64,81,44,51,531,37,2,0,1,0,7,2,0,2,,,,1758,2,70,1830,3855
,1,AGUASCALIENTES,5,AGUASCALIENTES,001,AGUASCALIENTES,86,17,1751,1010,90,181,263,157,182,1882,194,22,3,4,0,34,8,0,6,,,,5787,8,230,6025,11477
,1,AGUASCALIENTES,5,AGUASCALIENTES,001,AGUASCALIENTES,87,3,352,173,17,31,52,33,98,372,41,3,2,1,0,5,2,0,0,,,,1182,1,53,1236,1998
,1,AGUASCALIENTES,5,AGUASCALIENTES,001,AGUASCALIENTES,88,2,253,115,7,19,37,16,34,155,21,1,0,0,0,3,1,0,3,,,,665,1,32,698,1223
,1,AGUASCALIENTES,5,AGUASCALIENTES,001,AGUASCALIENTES,89,2,156,122,9,22,32,10,20,163,14,1,0,0,1,2,0,1,1,,,,554,0,30,584,1057
,1,AGUASCALIENTES,5,AGUASCALIENTES,001,AGUASCALIENTES,90,5,823,293,29,48,103,36,46,530,49,6,2,2,0,10,3,1,1,,,,1982,0,78,2060,3106
,1,AGUASCALIENTES,6,AGUASCALIENTES,001,AGUASCALIENTES,91,2,240,122,10,11,20,9,17,108,7,4,0,1,0,0,0,0,0,37,,,586,2,23,611,948
,1,AGUASCALIENTES,6,AGUASCALIENTES,001,AGUASCALIENTES,92,2,198,72,5,6,16,14,16,141,4,0,0,0,0,0,0,0,0,24,,,496,1,25,522,855
,1,AGUASCALIENTES,13,AGUASCALIENTES,001,AGUASCALIENTES,93,2,209,112,5,15,23,15,23,158,9,3,0,0,0,1,1,0,1,,,,575,1,16,592,908
,1,AGUASCALIENTES,13,AGUASCALIENTES,001,AGUASCALIENTES,94,1,130,71,7,9,13,2,36,67,8,2,0,0,0,2,0,0,1,,,,348,0,14,362,599
,1,AGUASCALIENTES,13,AGUASCALIENTES,001,AGUASCALIENTES,95,2,163,108,9,15,28,12,35,147,20,2,1,0,0,1,1,0,4,,,,546,3,20,569,965
,1,AGUASCALIENTES,13,AGUASCALIENTES,001,AGUASCALIENTES,96,4,509,266,19,42,46,34,61,390,44,3,3,1,0,6,2,0,1,,,,1427,2,67,1496,2309
,1,AGUASCALIENTES,13,AGUASCALIENTES,001,AGUASCALIENTES,97,2,97,137,8,18,7,22,13,126,9,2,0,1,0,2,1,1,2,,,,446,1,10,457,962
,1,AGUASCALIENTES,13,AGUASCALIENTES,001,AGUASCALIENTES,99,3,239,224,10,27,34,32,18,267,27,4,0,1,0,7,1,0,2,,,,893,1,19,913,1805
,1,AGUASCALIENTES,13,AGUASCALIENTES,001,AGUASCALIENTES,100,2,143,132,8,20,15,10,47,126,12,1,1,1,0,2,3,0,2,,,,523,0,21,544,1098
,1,AGUASCALIENTES,13,AGUASCALIENTES,001,AGUASCALIENTES,101,3,326,147,12,27,35,20,23,256,28,3,0,1,0,4,2,0,0,,,,884,1,38,923,1575
,1,AGUASCALIENTES,13,AGUASCALIENTES,001,AGUASCALIENTES,102,2,160,144,14,17,12,7,20,121,13,1,0,0,0,3,0,0,1,,,,513,0,27,540,971
,1,AGUASCALIENTES,13,AGUASCALIENTES,001,AGUASCALIENTES,103,2,164,103,12,4,14,14,23,120,11,1,0,0,0,1,1,0,1,,,,469,1,23,493,793
,1,AGUASCALIENTES,11,AGUASCALIENTES,001,AGUASCALIENTES,104,1,70,71,5,10,9,3,15,100,6,0,0,0,0,2,0,0,0,,,,291,0,14,305,508
,1,AGUASCALIENTES,11,AGUASCALIENTES,001,AGUASCALIENTES,105,1,80,81,8,12,11,9,33,82,1,1,0,1,0,4,0,20,0,,,,343,0,16,359,587
,1,AGUASCALIENTES,11,AGUASCALIENTES,001,AGUASCALIENTES,106,2,234,94,8,31,29,13,30,199,13,2,4,1,0,1,2,0,0,,,,661,0,22,683,1164
,1,AGUASCALIENTES,11,AGUASCALIENTES,001,AGUASCALIENTES,107,2,225,112,13,14,32,20,15,168,12,0,2,1,0,2,0,0,2,,,,618,0,27,645,1076
,1,AGUASCALIENTES,11,AGUASCALIENTES,001,AGUASCALIENTES,108,2,159,104,5,13,34,10,18,142,15,2,1,1,0,1,0,0,1,,,,506,0,28,534,943
,1,AGUASCALIENTES,11,AGUASCALIENTES,001,AGUASCALIENTES,109,2,243,144,12,18,25,19,27,169,15,5,1,0,0,3,2,1,1,,,,685,2,32,719,1128
,1,AGUASCALIENTES,11,AGUASCALIENTES,001,AGUASCALIENTES,110,1,87,60,3,7,16,10,10,73,9,1,0,1,0,0,1,0,6,,,,284,1,16,301,460
,1,AGUASCALIENTES,11,AGUASCALIENTES,001,AGUASCALIENTES,111,2,142,149,7,15,21,17,20,170,14,0,1,0,0,1,0,0,0,,,,557,0,29,586,996
,1,AGUASCALIENTES,11,AGUASCALIENTES,001,AGUASCALIENTES,112,2,283,134,9,17,30,20,23,223,20,5,0,2,0,1,2,0,1,,,,770,2,34,806,1187
,1,AGUASCALIENTES,13,AGUASCALIENTES,001,AGUASCALIENTES,113,2,286,96,5,8,23,9,43,223,15,2,0,0,0,0,0,0,1,,,,711,4,25,740,1042
,1,AGUASCALIENTES,13,AGUASCALIENTES,001,AGUASCALIENTES,114,2,223,119,4,10,31,7,17,151,18,3,0,0,0,3,1,0,1,,,,588,2,25,615,873
,1,AGUASCALIENTES,13,AGUASCALIENTES,001,AGUASCALIENTES,115,2,301,158,7,17,26,13,25,165,12,3,0,0,0,3,2,0,3,,,,735,1,26,762,1172
,1,AGUASCALIENTES,13,AGUASCALIENTES,001,AGUASCALIENTES,116,13,1472,893,58,114,203,127,194,1595,130,9,4,4,1,32,11,0,6,,,,4853,13,164,5030,9097
,1,AGUASCALIENTES,13,AGUASCALIENTES,001,AGUASCALIENTES,117,3,257,273,8,23,37,25,38,234,13,1,0,2,0,6,2,0,0,,,,919,0,40,959,1561
,1,AGUASCALIENTES,13,AGUASCALIENTES,001,AGUASCALIENTES,118,9,1111,670,49,91,148,107,293,962,103,10,3,2,0,21,11,0,1,,,,3582,9,120,3711,6303
,1,AGUASCALIENTES,13,AGUASCALIENTES,001,AGUASCALIENTES,119,6,1267,404,29,52,96,43,82,852,64,12,2,0,1,12,5,0,0,,,,2921,3,99,3023,4211
,1,AGUASCALIENTES,11,AGUASCALIENTES,001,AGUASCALIENTES,120,2,159,102,5,13,11,13,8,140,12,1,1,0,0,7,0,0,0,,,,472,0,23,495,752
,1,AGUASCALIENTES,11,AGUASCALIENTES,001,AGUASCALIENTES,121,1,128,67,5,11,15,4,9,119,5,0,0,1,0,0,1,0,0,,,,365,0,9,374,575
,1,AGUASCALIENTES,13,AGUASCALIENTES,001,AGUASCALIENTES,122,2,246,128,14,16,18,15,14,179,12,3,0,0,0,0,0,0,0,,,,645,1,23,669,1066
,1,AGUASCALIENTES,11,AGUASCALIENTES,001,AGUASCALIENTES,123,1,138,44,3,8,22,5,19,140,5,2,1,0,0,5,4,0,3,,,,399,3,22,424,654
,1,AGUASCALIENTES,11,AGUASCALIENTES,001,AGUASCALIENTES,124,1,132,40,1,10,13,12,14,108,4,0,0,0,0,1,0,0,3,,,,338,20,20,378,474
,1,AGUASCALIENTES,14,AGUASCALIENTES,001,AGUASCALIENTES,125,2,274,135,12,21,21,14,39,196,10,5,1,1,0,2,3,0,0,,,,734,1,20,755,1071
,1,AGUASCALIENTES,15,AGUASCALIENTES,001,AGUASCALIENTES,126,4,352,235,69,28,47,30,52,354,42,4,4,1,0,9,2,0,2,,,,1231,3,62,1296,1975
,1,AGUASCALIENTES,15,AGUASCALIENTES,001,AGUASCALIENTES,127,2,190,165,11,27,50,21,34,301,30,4,1,0,0,10,4,0,1,,,,849,1,21,871,1325
,1,AGUASCALIENTES,15,AGUASCALIENTES,001,AGUASCALIENTES,128,2,106,115,6,13,31,12,11,236,25,5,2,0,0,3,0,0,1,,,,566,0,17,583,847
,1,AGUASCALIENTES,15,AGUASCALIENTES,001,AGUASCALIENTES,129,2,129,128,16,11,33,10,23,277,26,0,0,0,0,1,0,0,0,,,,654,0,37,691,958
,1,AGUASCALIENTES,15,AGUASCALIENTES,001,AGUASCALIENTES,130,2,174,157,25,25,53,29,31,294,38,4,1,2,2,4,2,1,1,,,,843,0,46,889,1436
,1,AGUASCALIENTES,15,AGUASCALIENTES,001,AGUASCALIENTES,131,2,165,119,36,15,33,18,22,203,15,6,0,1,0,5,5,0,1,,,,644,2,25,671,969
,1,AGUASCALIENTES,15,AGUASCALIENTES,001,AGUASCALIENTES,132,2,151,110,30,23,32,12,24,159,21,2,1,0,0,5,3,0,0,,,,573,0,11,584,956
,1,AGUASCALIENTES,15,AGUASCALIENTES,001,AGUASCALIENTES,133,2,186,143,30,24,57,18,19,231,20,1,1,0,1,3,0,0,0,,,,734,3,30,767,1138
,1,AGUASCALIENTES,15,AGUASCALIENTES,001,AGUASCALIENTES,134,2,144,109,15,13,37,16,18,183,14,3,1,1,0,4,0,0,1,,,,559,1,22,582,823
,1,AGUASCALIENTES,15,AGUASCALIENTES,001,AGUASCALIENTES,135,2,213,160,41,20,56,17,12,219,21,7,34,0,1,5,3,1,0,,,,810,0,31,841,1249
,1,AGUASCALIENTES,15,AGUASCALIENTES,001,AGUASCALIENTES,136,3,304,189,62,28,57,25,40,262,22,3,5,0,2,5,1,0,1,,,,1006,0,47,1053,1744
,1,AGUASCALIENTES,15,AGUASCALIENTES,001,AGUASCALIENTES,137,1,65,45,16,7,5,12,7,98,12,0,0,0,0,0,0,0,1,,,,268,0,5,273,474
,1,AGUASCALIENTES,14,AGUASCALIENTES,001,AGUASCALIENTES,138,2,256,225,5,19,20,18,47,229,24,3,0,1,0,5,2,0,1,,,,855,2,26,883,1410
,1,AGUASCALIENTES,14,AGUASCALIENTES,001,AGUASCALIENTES,139,2,120,136,9,15,19,11,17,112,16,0,0,0,0,1,1,0,3,,,,460,0,21,481,868
,1,AGUASCALIENTES,14,AGUASCALIENTES,001,AGUASCALIENTES,140,2,218,148,3,7,16,8,21,155,7,2,1,0,0,1,0,0,1,,,,588,1,32,621,896
,1,AGUASCALIENTES,11,AGUASCALIENTES,001,AGUASCALIENTES,141,2,192,117,7,17,19,11,18,171,12,1,0,1,0,2,1,0,0,,,,569,0,25,594,993
,1,AGUASCALIENTES,11,AGUASCALIENTES,001,AGUASCALIENTES,142,2,163,112,15,18,29,11,21,150,24,4,1,0,1,6,2,0,1,,,,558,5,25,588,800
,1,AGUASCALIENTES,14,AGUASCALIENTES,001,AGUASCALIENTES,143,2,188,114,6,8,15,12,39,148,5,0,0,0,0,2,0,0,0,,,,537,0,32,569,856
,1,AGUASCALIENTES,14,AGUASCALIENTES,001,AGUASCALIENTES,144,2,154,198,9,15,16,5,24,139,22,2,0,1,0,4,0,0,2,,,,591,1,27,619,891
,1,AGUASCALIENTES,14,AGUASCALIENTES,001,AGUASCALIENTES,145,1,173,123,1,12,13,9,19,134,13,0,0,1,0,4,1,0,3,,,,506,0,12,518,723
,1,AGUASCALIENTES,14,AGUASCALIENTES,001,AGUASCALIENTES,146,2,170,223,6,19,16,19,31,118,16,3,3,1,0,4,2,0,0,,,,631,2,29,662,1128
,1,AGUASCALIENTES,14,AGUASCALIENTES,001,AGUASCALIENTES,147,2,116,179,9,21,18,10,27,81,13,2,0,0,0,2,1,1,0,,,,480,0,28,508,1034
,1,AGUASCALIENTES,14,AGUASCALIENTES,001,AGUASCALIENTES,148,2,206,158,11,21,23,14,31,226,9,4,2,1,0,10,0,0,3,,,,719,0,42,761,1410
,1,AGUASCALIENTES,14,AGUASCALIENTES,001,AGUASCALIENTES,149,6,648,534,33,43,67,51,262,727,161,6,1,0,0,9,7,0,7,,,,2556,4,96,2656,3799
,1,AGUASCALIENTES,15,AGUASCALIENTES,001,AGUASCALIENTES,150,2,124,109,14,14,31,13,28,247,33,0,0,0,0,5,3,0,0,,,,621,2,25,648,878
,1,AGUASCALIENTES,15,AGUASCALIENTES,001,AGUASCALIENTES,151,1,110,77,13,13,14,13,19,92,19,0,0,0,0,3,1,0,1,,,,375,0,10,385,700
,1,AGUASCALIENTES,15,AGUASCALIENTES,001,AGUASCALIENTES,152,4,385,280,135,46,83,46,48,433,59,6,0,2,0,9,2,0,1,,,,1535,2,74,1611,2827
,1,AGUASCALIENTES,15,AGUASCALIENTES,001,AGUASCALIENTES,153,2,162,113,21,18,31,12,44,244,29,3,0,0,0,3,0,0,0,,,,680,2,48,730,966
,1,AGUASCALIENTES,15,AGUASCALIENTES,001,AGUASCALIENTES,154,3,139,184,71,31,46,29,29,173,15,0,3,0,0,13,1,0,1,,,,735,0,30,765,1609
,1,AGUASCALIENTES,15,AGUASCALIENTES,001,AGUASCALIENTES,155,16,1274,1194,299,166,246,135,146,1584,142,14,8,3,1,27,22,1,7,,,,5269,4,194,5467,10658
,1,AGUASCALIENTES,14,AGUASCALIENTES,001,AGUASCALIENTES,156,18,2357,1624,96,185,279,145,375,2018,265,19,4,1,1,25,8,0,10,,,,7412,10,273,7695,12513
,1,AGUASCALIENTES,14,AGUASCALIENTES,001,AGUASCALIENTES,157,2,89,188,28,13,13,13,27,101,14,0,0,0,0,1,1,0,2,,,,490,0,15,505,922
,1,AGUASCALIENTES,14,AGUASCALIENTES,001,AGUASCALIENTES,158,1,72,63,4,4,15,2,13,68,8,0,0,0,0,2,0,0,0,,,,251,1,4,256,383
,1,AGUASCALIENTES,14,AGUASCALIENTES,001,AGUASCALIENTES,159,1,160,103,7,8,13,6,24,119,8,2,1,1,1,5,6,0,0,,,,464,0,17,481,649
,1,AGUASCALIENTES,14,AGUASCALIENTES,001,AGUASCALIENTES,160,2,209,185,10,9,23,9,32,150,17,1,3,0,0,3,0,1,1,,,,653,1,9,663,998
,1,AGUASCALIENTES,18,AGUASCALIENTES,001,AGUASCALIENTES,161,8,1627,575,41,64,167,73,108,915,88,12,0,4,0,12,3,0,7,,,,3696,13,128,3837,5585
,1,AGUASCALIENTES,18,AGUASCALIENTES,001,AGUASCALIENTES,162,2,137,101,5,14,19,13,13,170,17,1,0,2,0,11,0,0,0,,,,503,0,31,534,903
,1,AGUASCALIENTES,18,AGUASCALIENTES,001,AGUASCALIENTES,163,1,115,68,7,11,15,15,10,106,3,4,0,0,0,1,1,0,1,,,,357,0,26,383,689
,1,AGUASCALIENTES,14,AGUASCALIENTES,001,AGUASCALIENTES,164,9,1597,729,46,104,201,83,207,1232,119,8,3,0,0,16,4,1,4,,,,4354,4,134,4492,6499
,1,AGUASCALIENTES,14,AGUASCALIENTES,001,AGUASCALIENTES,165,2,299,161,9,14,29,17,53,261,19,1,1,1,0,2,0,0,3,,,,870,1,23,894,1404
,1,AGUASCALIENTES,14,AGUASCALIENTES,001,AGUASCALIENTES,167,1,168,86,9,12,15,10,9,146,8,3,0,0,0,3,2,0,1,,,,472,0,14,486,744
,1,AGUASCALIENTES,14,AGUASCALIENTES,001,AGUASCALIENTES,168,4,600,372,19,41,77,50,83,531,53,6,3,1,0,11,3,1,1,,,,1852,1,67,1920,2837
,1,AGUASCALIENTES,14,AGUASCALIENTES,001,AGUASCALIENTES,169,3,362,272,32,25,55,37,42,240,30,0,0,0,0,7,1,0,7,,,,1110,1,36,1147,2087
,1,AGUASCALIENTES,14,AGUASCALIENTES,001,AGUASCALIENTES,170,4,434,350,23,44,39,25,44,421,50,3,0,2,0,8,1,0,2,,,,1446,0,51,1497,2714
,1,AGUASCALIENTES,17,AGUASCALIENTES,001,AGUASCALIENTES,171,1,180,58,4,6,15,7,7,90,8,4,0,1,0,1,0,0,0,,,,381,1,10,392,625
,1,AGUASCALIENTES,17,AGUASCALIENTES,001,AGUASCALIENTES,172,1,192,105,9,11,12,13,10,69,8,1,0,1,0,1,1,0,1,,,,434,1,28,463,715
,1,AGUASCALIENTES,17,AGUASCALIENTES,001,AGUASCALIENTES,173,1,144,55,3,4,15,9,7,68,7,0,1,0,0,0,0,0,0,,,,313,1,11,325,525
,1,AGUASCALIENTES,17,AGUASCALIENTES,001,AGUASCALIENTES,174,2,272,135,8,11,31,17,14,124,9,2,0,1,0,3,0,0,0,,,,627,1,23,651,1003
,1,AGUASCALIENTES,17,AGUASCALIENTES,001,AGUASCALIENTES,175,2,302,111,3,9,23,9,11,87,7,1,0,1,1,1,0,0,0,,,,566,1,20,587,830
,1,AGUASCALIENTES,17,AGUASCALIENTES,001,AGUASCALIENTES,176,1,156,38,0,4,13,1,5,54,4,1,0,0,0,0,0,0,1,,,,277,0,14,291,401
,1,AGUASCALIENTES,17,AGUASCALIENTES,001,AGUASCALIENTES,177,1,267,97,2,5,18,13,11,66,9,4,0,0,0,1,0,0,0,,,,493,2,17,512,692
,1,AGUASCALIENTES,17,AGUASCALIENTES,001,AGUASCALIENTES,178,1,155,91,6,4,18,8,9,107,8,2,3,0,0,2,0,0,0,,,,413,1,26,440,659
,1,AGUASCALIENTES,17,AGUASCALIENTES,001,AGUASCALIENTES,179,2,237,96,6,20,16,11,12,113,15,2,1,0,0,1,1,1,0,,,,532,0,24,556,864
,1,AGUASCALIENTES,11,AGUASCALIENTES,001,AGUASCALIENTES,180,1,102,59,2,4,17,4,9,93,11,5,0,0,0,2,1,0,1,,,,310,0,20,330,495
,1,AGUASCALIENTES,11,AGUASCALIENTES,001,AGUASCALIENTES,181,1,158,74,5,10,17,5,7,122,16,1,0,1,0,0,0,0,0,,,,416,0,20,436,639
,1,AGUASCALIENTES,11,AGUASCALIENTES,001,AGUASCALIENTES,182,1,146,71,6,4,14,16,9,104,8,1,0,1,0,0,0,0,0,,,,380,0,14,394,576
,1,AGUASCALIENTES,11,AGUASCALIENTES,001,AGUASCALIENTES,183,1,88,45,3,5,23,12,1,56,4,1,0,0,0,0,1,0,1,,,,240,0,9,249,404
,1,AGUASCALIENTES,11,AGUASCALIENTES,001,AGUASCALIENTES,184,2,181,92,5,7,27,11,8,115,13,0,1,2,0,3,1,0,0,,,,466,0,24,490,804
,1,AGUASCALIENTES,11,AGUASCALIENTES,001,AGUASCALIENTES,185,1,68,49,0,0,8,0,6,60,0,0,0,0,0,0,0,0,0,,,,191,0,5,196,344
,1,AGUASCALIENTES,11,AGUASCALIENTES,001,AGUASCALIENTES,186,1,64,52,3,6,12,6,9,59,5,0,0,1,0,0,0,0,0,,,,217,0,11,228,374
,1,AGUASCALIENTES,11,AGUASCALIENTES,001,AGUASCALIENTES,187,1,132,60,3,11,15,10,12,96,6,1,0,0,0,3,0,0,2,,,,351,2,8,361,632
,1,AGUASCALIENTES,11,AGUASCALIENTES,001,AGUASCALIENTES,188,2,255,137,7,16,53,12,19,159,12,4,1,0,0,1,0,0,3,,,,679,3,27,709,1094
,1,AGUASCALIENTES,11,AGUASCALIENTES,001,AGUASCALIENTES,189,2,270,118,12,17,67,14,18,186,15,5,1,2,0,5,1,0,2,,,,733,0,29,762,1105
,1,AGUASCALIENTES,11,AGUASCALIENTES,001,AGUASCALIENTES,190,3,403,174,11,14,59,16,33,242,20,1,1,1,0,6,0,0,0,,,,981,2,37,1020,1518
,1,AGUASCALIENTES,11,AGUASCALIENTES,001,AGUASCALIENTES,191,1,102,63,4,7,19,11,12,104,10,3,0,0,0,1,3,0,0,,,,339,0,20,359,577
,1,AGUASCALIENTES,11,AGUASCALIENTES,001,AGUASCALIENTES,192,2,187,121,14,21,32,5,23,130,7,1,1,2,0,5,1,0,1,,,,551,0,33,584,948
,1,AGUASCALIENTES,11,AGUASCALIENTES,001,AGUASCALIENTES,193,2,149,124,3,19,15,3,17,121,15,1,1,1,0,6,1,0,0,,,,476,3,25,504,857
,1,AGUASCALIENTES,11,AGUASCALIENTES,001,AGUASCALIENTES,194,3,386,204,16,24,67,18,42,242,18,1,1,0,0,8,2,0,0,,,,1029,5,42,1076,1775
,1,AGUASCALIENTES,11,AGUASCALIENTES,001,AGUASCALIENTES,195,2,311,120,7,10,38,14,19,124,19,1,2,0,0,8,1,0,1,,,,675,2,25,702,1015
,1,AGUASCALIENTES,11,AGUASCALIENTES,001,AGUASCALIENTES,196,1,190,74,6,11,14,9,14,94,9,0,1,2,0,5,0,1,0,,,,430,0,17,447,682
,1,AGUASCALIENTES,11,AGUASCALIENTES,001,AGUASCALIENTES,197,2,228,85,3,14,33,17,10,126,11,1,2,0,0,3,1,0,0,,,,534,0,21,555,804
,1,AGUASCALIENTES,17,AGUASCALIENTES,001,AGUASCALIENTES,198,1,110,83,8,10,13,8,12,74,7,2,0,2,0,4,0,0,1,,,,334,1,17,352,600
,1,AGUASCALIENTES,17,AGUASCALIENTES,001,AGUASCALIENTES,199,1,121,80,4,21,17,14,10,97,15,2,0,0,0,0,0,0,1,,,,382,0,16,398,617
,1,AGUASCALIENTES,11,AGUASCALIENTES,001,AGUASCALIENTES,200,2,313,116,4,16,14,10,20,153,7,6,0,0,0,0,1,0,0,,,,660,1,29,690,1002
,1,AGUASCALIENTES,11,AGUASCALIENTES,001,AGUASCALIENTES,201,2,271,130,8,14,23,11,5,146,10,1,0,0,0,0,1,0,1,,,,621,0,7,628,904
,1,AGUASCALIENTES,11,AGUASCALIENTES,001,AGUASCALIENTES,202,2,150,66,6,10,19,8,7,91,14,0,0,0,0,2,0,0,2,,,,375,0,27,402,774
,1,AGUASCALIENTES,11,AGUASCALIENTES,001,AGUASCALIENTES,203,1,125,88,4,9,12,4,8,109,10,0,0,0,0,2,1,0,1,,,,373,1,23,397,679
,1,AGUASCALIENTES,11,AGUASCALIENTES,001,AGUASCALIENTES,204,2,165,154,11,15,29,8,38,149,12,0,0,0,0,0,5,1,1,,,,588,0,44,632,1084
,1,AGUASCALIENTES,11,AGUASCALIENTES,001,AGUASCALIENTES,205,2,151,161,6,13,27,10,18,144,13,3,0,0,0,4,3,0,1,,,,554,0,19,573,928
,1,AGUASCALIENTES,11,AGUASCALIENTES,001,AGUASCALIENTES,206,1,68,63,7,5,16,3,4,64,12,0,0,0,0,5,0,0,0,,,,247,0,14,261,500
,1,AGUASCALIENTES,11,AGUASCALIENTES,001,AGUASCALIENTES,207,2,166,139,11,26,29,21,20,137,17,0,0,2,1,5,0,0,2,,,,576,0,22,598,1049
,1,AGUASCALIENTES,11,AGUASCALIENTES,001,AGUASCALIENTES,208,2,468,178,8,12,39,11,14,172,18,6,4,3,0,0,2,0,3,,,,938,2,25,965,1312
,1,AGUASCALIENTES,11,AGUASCALIENTES,001,AGUASCALIENTES,209,2,444,167,3,8,26,17,15,121,10,2,3,0,0,1,1,0,0,,,,818,1,29,848,1076
,1,AGUASCALIENTES,11,AGUASCALIENTES,001,AGUASCALIENTES,210,2,490,164,6,7,22,12,6,133,8,3,1,0,0,2,0,0,0,,,,854,1,26,881,1193
,1,AGUASCALIENTES,11,AGUASCALIENTES,001,AGUASCALIENTES,211,1,119,73,7,8,20,10,7,82,8,0,2,0,0,1,0,1,1,,,,339,0,9,348,598
,1,AGUASCALIENTES,11,AGUASCALIENTES,001,AGUASCALIENTES,212,1,142,87,5,11,15,7,12,102,14,4,0,0,0,1,2,0,0,,,,402,2,13,417,678
,1,AGUASCALIENTES,11,AGUASCALIENTES,001,AGUASCALIENTES,213,1,85,76,1,8,12,7,10,118,21,0,1,0,0,2,0,1,0,,,,342,0,17,359,683
,1,AGUASCALIENTES,17,AGUASCALIENTES,001,AGUASCALIENTES,214,2,369,130,9,10,20,8,22,117,7,6,0,1,0,2,1,0,3,,,,705,1,26,732,952
,1,AGUASCALIENTES,17,AGUASCALIENTES,001,AGUASCALIENTES,215,2,410,144,8,8,19,18,13,133,20,7,0,0,0,4,1,1,1,,,,787,0,34,821,1123
,1,AGUASCALIENTES,17,AGUASCALIENTES,001,AGUASCALIENTES,216,2,315,90,4,7,15,11,16,111,17,1,0,1,0,3,0,0,0,,,,591,3,16,610,856
,1,AGUASCALIENTES,17,AGUASCALIENTES,001,AGUASCALIENTES,217,2,314,136,3,2,21,13,22,111,13,3,2,0,0,0,0,1,1,,,,642,2,20,664,948
,1,AGUASCALIENTES,17,AGUASCALIENTES,001,AGUASCALIENTES,218,5,512,168,6,22,53,24,34,252,35,4,1,4,0,3,0,0,0,,,,1118,3,35,1156,1550
,1,AGUASCALIENTES,17,AGUASCALIENTES,001,AGUASCALIENTES,219,2,281,80,10,4,16,10,17,96,8,6,0,1,0,1,1,0,1,,,,532,1,20,553,763
,1,AGUASCALIENTES,17,AGUASCALIENTES,001,AGUASCALIENTES,220,2,464,114,15,9,33,14,23,173,11,1,0,0,0,3,0,0,1,,,,861,2,35,898,1234
,1,AGUASCALIENTES,17,AGUASCALIENTES,001,AGUASCALIENTES,221,2,365,107,12,11,28,19,24,132,12,1,1,2,0,3,0,0,0,,,,717,0,23,740,966
,1,AGUASCALIENTES,17,AGUASCALIENTES,001,AGUASCALIENTES,222,2,487,154,8,12,30,22,21,166,23,10,0,1,0,4,1,0,0,,,,939,4,33,976,1383
,1,AGUASCALIENTES,17,AGUASCALIENTES,001,AGUASCALIENTES,223,1,179,60,3,6,25,11,24,116,13,0,3,2,0,4,0,0,0,,,,446,3,22,471,719
,1,AGUASCALIENTES,17,AGUASCALIENTES,001,AGUASCALIENTES,224,2,334,112,10,15,19,19,35,183,24,2,1,1,0,4,0,0,0,,,,759,1,38,798,1098
,1,AGUASCALIENTES,17,AGUASCALIENTES,001,AGUASCALIENTES,225,2,270,134,14,7,21,15,26,204,12,3,1,1,0,6,2,0,0,,,,716,2,26,744,1016
,1,AGUASCALIENTES,17,AGUASCALIENTES,001,AGUASCALIENTES,226,2,351,118,5,8,32,13,20,127,12,3,0,0,0,3,0,0,0,,,,692,3,17,712,913
,1,AGUASCALIENTES,17,AGUASCALIENTES,001,AGUASCALIENTES,227,2,127,105,5,5,18,2,29,100,10,1,0,0,0,1,0,0,1,,,,404,1,16,421,775
,1,AGUASCALIENTES,17,AGUASCALIENTES,001,AGUASCALIENTES,228,2,141,84,3,12,18,10,24,115,6,0,0,0,0,0,1,0,2,,,,416,0,14,430,770
,1,AGUASCALIENTES,17,AGUASCALIENTES,001,AGUASCALIENTES,229,2,162,94,4,11,14,11,20,151,18,0,2,0,0,1,2,0,1,,,,491,0,27,518,756
,1,AGUASCALIENTES,17,AGUASCALIENTES,001,AGUASCALIENTES,230,2,349,120,8,7,49,18,35,239,22,1,2,2,0,4,0,0,1,,,,857,5,43,905,1271
,1,AGUASCALIENTES,17,AGUASCALIENTES,001,AGUASCALIENTES,231,2,372,145,6,13,42,23,49,250,25,3,0,0,0,4,1,1,3,,,,937,5,39,981,1411
,1,AGUASCALIENTES,17,AGUASCALIENTES,001,AGUASCALIENTES,232,2,139,60,9,14,34,12,13,132,16,1,1,1,0,1,2,0,0,,,,435,0,13,448,753
,1,AGUASCALIENTES,17,AGUASCALIENTES,001,AGUASCALIENTES,233,2,119,76,15,17,33,11,6,106,10,0,0,0,0,3,6,0,0,,,,402,0,26,428,916
,1,AGUASCALIENTES,17,AGUASCALIENTES,001,AGUASCALIENTES,234,2,101,71,11,17,18,6,14,99,26,6,1,0,0,3,1,0,1,,,,375,0,15,390,762
,1,AGUASCALIENTES,17,AGUASCALIENTES,001,AGUASCALIENTES,235,1,113,39,7,11,16,9,9,83,7,0,0,0,0,3,3,3,1,,,,304,0,18,322,623
,1,AGUASCALIENTES,17,AGUASCALIENTES,001,AGUASCALIENTES,236,2,152,125,16,26,21,8,7,167,19,0,0,0,0,5,2,0,0,,,,548,0,29,577,1223
,1,AGUASCALIENTES,17,AGUASCALIENTES,001,AGUASCALIENTES,237,2,111,114,10,16,18,12,8,106,5,0,1,0,0,4,2,0,0,,,,407,0,16,423,801
,1,AGUASCALIENTES,17,AGUASCALIENTES,001,AGUASCALIENTES,238,2,110,74,7,18,26,8,13,161,24,3,0,0,0,3,5,0,2,,,,454,0,20,474,792
,1,AGUASCALIENTES,17,AGUASCALIENTES,001,AGUASCALIENTES,239,2,95,86,8,18,31,6,6,125,10,0,1,1,0,2,1,0,0,,,,390,0,14,404,838
,1,AGUASCALIENTES,17,AGUASCALIENTES,001,AGUASCALIENTES,240,1,81,90,11,10,8,7,8,126,8,1,0,0,0,3,3,0,1,,,,357,0,21,378,699
,1,AGUASCALIENTES,17,AGUASCALIENTES,001,AGUASCALIENTES,241,1,113,115,6,9,15,2,9,83,4,1,0,0,0,5,1,0,0,,,,363,0,19,382,634
,1,AGUASCALIENTES,17,AGUASCALIENTES,001,AGUASCALIENTES,242,1,90,79,3,7,16,7,10,88,12,1,2,0,0,3,1,0,0,,,,319,0,12,331,603
,1,AGUASCALIENTES,17,AGUASCALIENTES,001,AGUASCALIENTES,243,2,206,135,8,24,33,10,29,183,16,3,1,2,0,3,4,0,4,,,,661,0,30,691,1236
,1,AGUASCALIENTES,17,AGUASCALIENTES,001,AGUASCALIENTES,244,2,150,135,10,22,37,13,20,162,19,2,0,1,0,11,1,1,1,,,,585,2,18,605,1131
,1,AGUASCALIENTES,17,AGUASCALIENTES,001,AGUASCALIENTES,245,2,119,90,7,16,20,16,18,151,13,0,0,0,0,3,2,0,1,,,,456,0,12,468,862
,1,AGUASCALIENTES,9,AGUASCALIENTES,001,AGUASCALIENTES,246,2,166,100,10,21,36,11,14,119,14,1,1,0,0,3,5,0,2,,,,503,1,28,532,971
,1,AGUASCALIENTES,9,AGUASCALIENTES,001,AGUASCALIENTES,247,2,110,114,8,25,25,7,10,116,6,4,1,1,0,5,2,0,0,,,,434,0,19,453,921
,1,AGUASCALIENTES,9,AGUASCALIENTES,001,AGUASCALIENTES,248,2,83,87,5,23,32,8,9,107,3,2,2,0,0,3,2,0,1,,,,367,0,16,383,777
,1,AGUASCALIENTES,9,AGUASCALIENTES,001,AGUASCALIENTES,249,2,170,113,16,27,52,11,16,157,15,2,0,0,0,4,2,0,2,,,,587,0,22,609,1283
,1,AGUASCALIENTES,9,AGUASCALIENTES,001,AGUASCALIENTES,250,2,114,120,11,19,21,10,9,86,10,1,0,1,0,4,3,0,4,,,,413,0,15,428,874
,1,AGUASCALIENTES,9,AGUASCALIENTES,001,AGUASCALIENTES,251,2,126,98,14,28,43,11,14,140,13,1,1,1,0,1,2,0,0,,,,493,0,22,515,1031
,1,AGUASCALIENTES,9,AGUASCALIENTES,001,AGUASCALIENTES,252,2,140,60,18,21,28,14,12,111,9,0,1,0,0,5,3,1,0,,,,423,3,23,449,1018
,1,AGUASCALIENTES,9,AGUASCALIENTES,001,AGUASCALIENTES,253,2,121,76,12,13,14,21,10,109,9,1,0,0,0,1,1,0,1,,,,389,1,22,412,899
,1,AGUASCALIENTES,9,AGUASCALIENTES,001,AGUASCALIENTES,254,2,113,112,10,22,39,7,12,80,10,1,0,1,0,0,0,0,2,,,,409,0,22,431,862
,1,AGUASCALIENTES,9,AGUASCALIENTES,001,AGUASCALIENTES,255,2,131,74,2,11,31,5,13,87,5,0,0,0,0,1,0,0,0,,,,360,0,20,380,823
,1,AGUASCALIENTES,9,AGUASCALIENTES,001,AGUASCALIENTES,256,2,193,111,15,16,21,11,12,105,22,3,1,0,0,3,1,0,0,,,,514,0,22,536,1034
,1,AGUASCALIENTES,9,AGUASCALIENTES,001,AGUASCALIENTES,257,5,603,362,43,49,191,32,62,445,56,5,4,1,0,9,3,0,5,,,,1870,1,76,1947,3548
,1,AGUASCALIENTES,9,AGUASCALIENTES,001,AGUASCALIENTES,258,2,178,145,6,22,38,12,15,118,18,2,2,0,0,2,0,0,1,,,,559,0,29,588,1263
,1,AGUASCALIENTES,18,AGUASCALIENTES,001,AGUASCALIENTES,259,1,68,42,4,9,8,7,15,65,13,0,2,1,1,2,1,0,1,,,,239,0,1,240,432
,1,AGUASCALIENTES,18,AGUASCALIENTES,001,AGUASCALIENTES,260,3,381,182,13,24,61,20,42,369,27,5,2,0,0,13,2,0,1,,,,1142,1,55,1198,1993
,1,AGUASCALIENTES,9,AGUASCALIENTES,001,AGUASCALIENTES,261,2,169,123,4,8,37,9,12,152,26,0,0,0,0,4,1,0,3,,,,548,0,34,582,935
,1,AGUASCALIENTES,9,AGUASCALIENTES,001,AGUASCALIENTES,262,1,98,103,6,6,17,7,1,61,14,2,0,0,0,2,1,0,0,,,,318,0,15,333,570
,1,AGUASCALIENTES,9,AGUASCALIENTES,001,AGUASCALIENTES,263,2,135,79,6,20,22,6,7,120,16,1,1,0,0,1,2,0,2,,,,418,0,11,429,785
,1,AGUASCALIENTES,9,AGUASCALIENTES,001,AGUASCALIENTES,264,2,172,102,5,13,23,17,16,147,22,1,1,0,0,5,2,0,0,,,,526,0,26,552,932
,1,AGUASCALIENTES,9,AGUASCALIENTES,001,AGUASCALIENTES,265,2,151,92,3,11,33,13,8,98,18,0,0,2,0,3,0,0,1,,,,433,0,22,455,801
,1,AGUASCALIENTES,9,AGUASCALIENTES,001,AGUASCALIENTES,266,1,150,91,4,18,28,12,8,88,7,3,0,0,0,4,1,0,0,,,,414,0,16,430,719
,1,AGUASCALIENTES,9,AGUASCALIENTES,001,AGUASCALIENTES,267,2,263,129,14,22,36,13,10,166,22,2,0,1,0,4,5,0,1,,,,688,2,33,723,1272
,1,AGUASCALIENTES,9,AGUASCALIENTES,001,AGUASCALIENTES,268,1,118,84,7,16,18,5,3,92,12,1,1,0,0,3,2,0,1,,,,363,2,20,385,660
,1,AGUASCALIENTES,9,AGUASCALIENTES,001,AGUASCALIENTES,269,2,150,132,6,17,43,10,13,86,10,2,1,0,0,2,0,0,0,,,,472,0,31,503,834
,1,AGUASCALIENTES,9,AGUASCALIENTES,001,AGUASCALIENTES,270,10,1602,635,45,104,315,81,113,1185,146,11,4,2,0,22,8,1,7,,,,4281,4,189,4474,7395
,1,AGUASCALIENTES,10,AGUASCALIENTES,001,AGUASCALIENTES,271,2,139,95,7,8,17,9,7,115,10,0,1,1,0,5,0,1,1,,,,416,3,29,448,871
,1,AGUASCALIENTES,10,AGUASCALIENTES,001,AGUASCALIENTES,272,2,201,97,9,8,23,10,9,121,6,0,1,0,1,3,0,0,1,,,,490,1,22,513,789
,1,AGUASCALIENTES,10,AGUASCALIENTES,001,AGUASCALIENTES,273,1,164,80,12,16,23,13,13,89,12,1,2,0,0,1,2,0,0,,,,428,0,19,447,719
,1,AGUASCALIENTES,17,AGUASCALIENTES,001,AGUASCALIENTES,274,2,217,94,4,11,16,10,14,94,9,3,1,0,0,0,0,0,1,,,,474,0,18,492,763
,1,AGUASCALIENTES,17,AGUASCALIENTES,001,AGUASCALIENTES,275,2,235,135,2,10,26,11,22,105,10,3,1,1,0,2,4,0,1,,,,568,1,17,586,887
,1,AGUASCALIENTES,17,AGUASCALIENTES,001,AGUASCALIENTES,276,2,292,108,4,5,19,15,29,100,18,2,0,1,0,1,3,0,0,,,,597,4,28,629,921
,1,AGUASCALIENTES,17,AGUASCALIENTES,001,AGUASCALIENTES,277,2,234,125,8,2,24,10,17,84,8,2,0,0,0,1,0,0,0,,,,515,0,15,530,780
,1,AGUASCALIENTES,17,AGUASCALIENTES,001,AGUASCALIENTES,278,1,269,101,5,9,15,14,19,76,4,3,0,0,0,0,0,0,1,,,,516,1,30,547,734
,1,AGUASCALIENTES,10,AGUASCALIENTES,001,AGUASCALIENTES,279,1,242,88,5,4,16,7,6,85,5,1,2,0,0,0,1,0,0,,,,462,0,9,471,611
,1,AGUASCALIENTES,10,AGUASCALIENTES,001,AGUASCALIENTES,280,1,210,77,2,3,19,6,14,69,6,1,0,0,0,1,1,0,0,,,,409,1,19,429,618
,1,AGUASCALIENTES,10,AGUASCALIENTES,001,AGUASCALIENTES,281,1,207,89,11,12,20,9,17,95,9,2,1,0,0,2,0,0,0,,,,474,1,18,493,662
,1,AGUASCALIENTES,10,AGUASCALIENTES,001,AGUASCALIENTES,282,2,211,100,16,22,23,7,19,111,12,1,0,0,0,0,0,0,1,,,,523,1,29,553,907
,1,AGUASCALIENTES,10,AGUASCALIENTES,001,AGUASCALIENTES,283,1,278,68,8,3,20,9,10,61,7,2,0,1,0,2,0,0,0,,,,469,1,17,487,624
,1,AGUASCALIENTES,10,AGUASCALIENTES,001,AGUASCALIENTES,284,2,230,172,10,17,34,8,13,148,22,2,1,1,0,1,3,0,0,,,,662,0,24,686,1081
,1,AGUASCALIENTES,17,AGUASCALIENTES,001,AGUASCALIENTES,285,1,185,71,10,11,8,13,9,105,10,0,0,0,0,2,0,0,1,,,,425,0,11,436,642
,1,AGUASCALIENTES,17,AGUASCALIENTES,001,AGUASCALIENTES,286,1,117,80,5,6,10,8,11,82,6,0,3,0,0,0,0,0,0,,,,328,1,26,355,572
,1,AGUASCALIENTES,17,AGUASCALIENTES,001,AGUASCALIENTES,287,1,130,60,3,5,11,3,11,77,9,2,0,1,0,1,0,0,1,,,,314,0,22,336,569
,1,AGUASCALIENTES,17,AGUASCALIENTES,001,AGUASCALIENTES,288,2,210,82,20,10,19,11,20,109,10,5,1,0,0,6,0,0,0,,,,503,1,21,525,785
,1,AGUASCALIENTES,17,AGUASCALIENTES,001,AGUASCALIENTES,289,1,170,70,11,19,20,9,11,70,5,2,0,1,0,6,1,0,2,,,,397,0,19,416,721
,1,AGUASCALIENTES,17,AGUASCALIENTES,001,AGUASCALIENTES,290,1,165,66,18,13,13,5,9,81,11,0,1,0,0,1,1,1,2,,,,387,2,17,406,657
,1,AGUASCALIENTES,17,AGUASCALIENTES,001,AGUASCALIENTES,291,2,270,134,9,26,40,11,18,197,58,1,2,0,4,4,1,0,0,,,,775,0,25,800,1225
,1,AGUASCALIENTES,17,AGUASCALIENTES,001,AGUASCALIENTES,292,2,162,124,6,16,26,13,11,117,26,1,0,1,0,2,0,0,0,,,,505,2,21,528,1015
,1,AGUASCALIENTES,10,AGUASCALIENTES,001,AGUASCALIENTES,293,2,175,160,7,22,22,8,11,139,14,3,1,2,0,6,0,0,0,,,,570,2,25,597,896
,1,AGUASCALIENTES,17,AGUASCALIENTES,001,AGUASCALIENTES,294,2,197,81,6,15,18,15,17,128,20,6,0,0,1,9,0,0,1,,,,514,4,24,542,963
,1,AGUASCALIENTES,17,AGUASCALIENTES,001,AGUASCALIENTES,295,2,256,102,17,22,29,16,18,179,20,2,3,2,0,3,1,0,1,,,,671,2,35,708,1128
,1,AGUASCALIENTES,17,AGUASCALIENTES,001,AGUASCALIENTES,296,2,222,119,4,23,27,6,23,142,34,2,0,0,0,3,0,4,3,,,,612,2,37,651,985
,1,AGUASCALIENTES,17,AGUASCALIENTES,001,AGUASCALIENTES,297,2,207,101,6,9,24,13,17,101,11,2,1,0,0,0,1,0,2,,,,495,0,18,513,825
,1,AGUASCALIENTES,17,AGUASCALIENTES,001,AGUASCALIENTES,298,2,254,139,13,17,27,10,25,156,18,1,1,0,1,0,0,0,0,,,,662,0,41,703,1163
,1,AGUASCALIENTES,17,AGUASCALIENTES,001,AGUASCALIENTES,299,2,222,110,11,20,18,10,23,151,21,3,0,2,0,2,0,0,0,,,,593,2,36,631,1155
,1,AGUASCALIENTES,10,AGUASCALIENTES,001,AGUASCALIENTES,300,2,165,95,7,13,31,13,15,193,11,3,1,0,0,2,1,0,1,,,,551,4,24,579,969
,1,AGUASCALIENTES,10,AGUASCALIENTES,001,AGUASCALIENTES,301,6,1309,472,31,53,103,57,91,801,59,7,3,0,0,12,4,1,1,,,,3004,8,136,3148,4320
,1,AGUASCALIENTES,10,AGUASCALIENTES,001,AGUASCALIENTES,302,3,450,154,15,22,41,15,44,249,29,4,3,0,0,4,0,2,1,,,,1033,2,60,1095,1782
,1,AGUASCALIENTES,10,AGUASCALIENTES,001,AGUASCALIENTES,303,3,371,181,17,23,39,18,40,227,35,2,0,2,0,5,2,0,1,,,,963,2,44,1009,1651
,1,AGUASCALIENTES,10,AGUASCALIENTES,001,AGUASCALIENTES,304,2,206,130,11,22,21,10,14,157,12,4,0,1,0,4,1,0,1,,,,594,0,36,630,1176
,1,AGUASCALIENTES,10,AGUASCALIENTES,001,AGUASCALIENTES,305,2,184,150,9,22,21,17,13,168,15,0,0,1,0,0,1,0,0,,,,601,0,17,618,1090
,1,AGUASCALIENTES,10,AGUASCALIENTES,001,AGUASCALIENTES,306,2,153,139,6,19,31,10,16,182,15,4,0,0,0,3,0,0,1,,,,579,1,28,608,1069
,1,AGUASCALIENTES,10,AGUASCALIENTES,001,AGUASCALIENTES,307,2,230,126,16,23,26,17,26,211,17,4,0,2,0,7,2,0,4,,,,711,1,40,752,1208
,1,AGUASCALIENTES,10,AGUASCALIENTES,001,AGUASCALIENTES,308,2,180,109,8,15,21,7,19,187,23,3,0,0,1,5,0,0,2,,,,580,2,27,609,924
,1,AGUASCALIENTES,10,AGUASCALIENTES,001,AGUASCALIENTES,309,2,232,135,7,19,19,22,23,173,16,1,1,1,0,2,2,0,1,,,,654,0,25,679,1050
,1,AGUASCALIENTES,9,AGUASCALIENTES,001,AGUASCALIENTES,310,2,278,120,8,20,34,14,28,183,30,4,0,1,0,6,0,0,0,,,,726,2,26,754,1086
,1,AGUASCALIENTES,9,AGUASCALIENTES,001,AGUASCALIENTES,311,2,238,165,6,15,28,6,30,194,13,2,2,1,0,3,2,0,1,,,,706,2,23,731,1084
,1,AGUASCALIENTES,9,AGUASCALIENTES,001,AGUASCALIENTES,312,2,244,141,11,17,26,9,29,180,17,0,0,0,0,7,3,1,1,,,,686,0,33,719,1195
,1,AGUASCALIENTES,9,AGUASCALIENTES,001,AGUASCALIENTES,313,2,174,156,21,21,49,15,33,173,16,2,0,0,0,3,2,0,0,,,,665,0,43,708,1268
,1,AGUASCALIENTES,9,AGUASCALIENTES,001,AGUASCALIENTES,314,2,212,137,10,16,14,27,7,124,12,1,1,2,0,2,2,0,1,,,,568,1,26,595,1137
,1,AGUASCALIENTES,18,AGUASCALIENTES,001,AGUASCALIENTES,315,5,634,725,27,103,74,33,91,328,44,5,2,2,0,4,2,0,1,,,,2075,1,82,2158,3691
,1,AGUASCALIENTES,12,AGUASCALIENTES,001,AGUASCALIENTES,316,4,311,426,13,40,37,27,31,621,23,5,0,0,0,15,1,0,5,,,,1555,0,63,1618,2627
,1,AGUASCALIENTES,12,AGUASCALIENTES,001,AGUASCALIENTES,317,4,468,344,24,44,56,34,82,301,37,9,0,1,0,5,1,1,5,,,,1412,1,59,1472,2560
,1,AGUASCALIENTES,12,AGUASCALIENTES,001,AGUASCALIENTES,318,24,1590,1742,122,220,389,312,187,2245,224,15,3,4,1,49,18,0,11,,,,7132,6,229,7367,16889
,1,AGUASCALIENTES,6,AGUASCALIENTES,001,AGUASCALIENTES,320,7,1270,660,22,45,71,44,26,328,27,11,1,0,1,0,0,0,0,113,,,2619,1,93,2713,4502
,1,AGUASCALIENTES,10,AGUASCALIENTES,001,AGUASCALIENTES,321,2,332,193,6,14,45,61,10,98,13,2,1,2,4,2,1,0,0,,,,784,0,26,810,1392
,1,AGUASCALIENTES,10,AGUASCALIENTES,001,AGUASCALIENTES,322,10,1604,710,54,102,199,93,110,1025,104,33,5,3,2,23,7,0,10,,,,4084,4,170,4258,7112
,1,AGUASCALIENTES,18,AGUASCALIENTES,001,AGUASCALIENTES,323,8,710,580,40,73,121,46,100,592,87,5,5,1,0,19,5,0,2,,,,2386,6,87,2479,5053
,1,AGUASCALIENTES,18,AGUASCALIENTES,001,AGUASCALIENTES,324,3,385,271,13,16,21,24,18,152,4,5,3,1,0,0,2,1,2,,,,918,0,33,951,1906
,1,AGUASCALIENTES,18,AGUASCALIENTES,001,AGUASCALIENTES,325,25,2788,1428,153,249,436,246,550,2966,328,28,9,4,2,68,22,6,13,,,,9296,8,307,9611,17637
,1,AGUASCALIENTES,9,AGUASCALIENTES,001,AGUASCALIENTES,326,8,1569,545,42,69,159,77,100,998,91,19,7,1,0,9,4,0,2,,,,3692,20,99,3811,5408
,1,AGUASCALIENTES,10,AGUASCALIENTES,001,AGUASCALIENTES,327,7,1442,519,57,33,104,51,64,420,40,18,4,1,3,5,5,0,5,,,,2771,3,98,2872,4526
,1,AGUASCALIENTES,10,AGUASCALIENTES,001,AGUASCALIENTES,328,2,271,200,14,22,45,51,9,130,13,7,1,0,0,2,3,1,0,,,,769,2,42,813,1436
,1,AGUASCALIENTES,9,AGUASCALIENTES,001,AGUASCALIENTES,329,2,138,190,8,13,16,9,10,71,6,1,3,0,0,1,1,0,0,,,,467,1,32,500,988
,1,AGUASCALIENTES,9,AGUASCALIENTES,001,AGUASCALIENTES,330,4,465,421,14,29,31,20,32,155,21,7,0,1,0,3,1,0,0,,,,1200,1,44,1245,2519
,1,AGUASCALIENTES,9,AGUASCALIENTES,001,AGUASCALIENTES,331,5,610,423,20,37,99,48,53,408,46,6,2,1,0,8,2,0,0,,,,1763,5,66,1834,3315
,1,AGUASCALIENTES,18,AGUASCALIENTES,001,AGUASCALIENTES,332,4,388,263,29,57,22,16,50,310,30,5,0,1,1,8,5,2,2,,,,1189,0,62,1251,2415
,1,AGUASCALIENTES,9,AGUASCALIENTES,001,AGUASCALIENTES,333,4,388,313,26,59,43,28,27,291,30,5,3,1,0,3,0,3,6,,,,1226,2,44,1272,2114
,1,AGUASCALIENTES,9,AGUASCALIENTES,001,AGUASCALIENTES,334,3,342,387,9,50,22,25,48,208,14,6,0,0,1,7,3,0,1,,,,1123,1,40,1164,1847
,1,AGUASCALIENTES,9,AGUASCALIENTES,001,AGUASCALIENTES,335,1,132,111,5,18,14,4,11,68,8,1,0,0,0,3,0,0,1,,,,376,0,17,393,742
,1,AGUASCALIENTES,9,AGUASCALIENTES,001,AGUASCALIENTES,336,2,118,230,17,14,22,23,29,130,4,1,0,0,0,2,1,0,0,,,,591,0,28,619,1197
,1,AGUASCALIENTES,9,AGUASCALIENTES,001,AGUASCALIENTES,337,2,223,197,9,23,16,11,21,107,9,3,1,1,0,5,0,0,3,,,,629,1,43,673,1215
,1,AGUASCALIENTES,2,EL LLANO,002,ASIENTOS,338,3,301,143,15,28,37,35,19,312,15,3,2,0,0,3,3,0,3,,,,919,4,55,978,1759
,1,AGUASCALIENTES,2,EL LLANO,002,ASIENTOS,339,3,291,173,11,16,24,55,42,278,8,3,4,1,0,3,3,0,1,,,,913,1,48,962,1656
,1,AGUASCALIENTES,2,EL LLANO,002,ASIENTOS,340,3,382,166,17,32,21,27,33,318,11,7,4,2,0,2,4,3,2,,,,1031,1,37,1069,1688
,1,AGUASCALIENTES,2,EL LLANO,002,ASIENTOS,341,3,421,165,14,45,28,22,67,515,35,2,2,2,0,9,3,0,5,,,,1335,1,53,1389,1967
,1,AGUASCALIENTES,2,EL LLANO,002,ASIENTOS,342,3,175,171,11,38,19,15,65,574,11,8,6,1,6,10,5,1,5,,,,1121,1,13,1135,1531
,1,AGUASCALIENTES,2,EL LLANO,002,ASIENTOS,343,4,467,295,22,49,37,39,98,959,22,5,4,3,0,3,2,1,8,,,,2014,0,77,2091,2954
,1,AGUASCALIENTES,2,EL LLANO,002,ASIENTOS,344,4,297,408,21,52,34,31,82,587,30,7,3,0,0,8,5,1,5,,,,1571,0,63,1634,2507
,1,AGUASCALIENTES,2,EL LLANO,002,ASIENTOS,345,3,224,311,63,40,30,23,50,507,22,2,3,0,0,2,1,1,0,,,,1279,4,45,1328,2171
,1,AGUASCALIENTES,2,EL LLANO,002,ASIENTOS,346,3,135,184,11,23,14,17,132,533,14,4,2,0,0,2,5,1,4,,,,1081,1,46,1128,1807
,1,AGUASCALIENTES,2,EL LLANO,002,ASIENTOS,347,4,300,118,16,46,29,21,93,1010,20,7,2,2,1,10,8,1,11,,,,1695,1,72,1768,2528
,1,AGUASCALIENTES,2,EL LLANO,002,ASIENTOS,348,3,137,138,44,37,14,15,146,488,10,0,1,0,0,10,3,0,6,,,,1049,0,29,1078,1643
,1,AGUASCALIENTES,2,EL LLANO,002,ASIENTOS,349,4,180,221,15,47,16,18,216,600,22,0,1,1,0,13,7,1,6,,,,1364,0,44,1408,2412
,1,AGUASCALIENTES,2,EL LLANO,002,ASIENTOS,350,4,307,269,33,76,28,10,91,534,30,2,7,2,0,11,8,0,10,,,,1418,0,51,1469,2490
,1,AGUASCALIENTES,2,EL LLANO,002,ASIENTOS,351,2,165,157,8,23,17,10,32,443,19,4,1,4,1,3,2,0,3,,,,892,0,46,938,1396
,1,AGUASCALIENTES,2,EL LLANO,002,ASIENTOS,352,4,321,295,37,51,26,14,49,519,20,7,3,1,0,9,5,0,8,,,,1365,0,59,1424,2314
,1,AGUASCALIENTES,2,EL LLANO,002,ASIENTOS,353,2,138,150,10,34,17,8,31,550,18,0,1,0,0,5,5,1,4,,,,972,0,35,1007,1470
,1,AGUASCALIENTES,2,EL LLANO,002,ASIENTOS,354,2,183,213,9,31,29,13,27,386,20,2,1,0,0,5,6,0,3,,,,928,0,27,955,1417
,1,AGUASCALIENTES,8,CALVILLO,003,CALVILLO,355,2,256,159,9,16,12,5,136,167,7,5,2,1,0,0,0,0,0,,,,775,1,21,797,1467
,1,AGUASCALIENTES,8,CALVILLO,003,CALVILLO,356,4,391,366,18,34,39,9,104,232,20,7,4,2,1,0,0,0,0,,,,1227,1,65,1293,2599
,1,AGUASCALIENTES,8,CALVILLO,003,CALVILLO,357,3,343,214,5,20,37,7,115,135,12,5,3,1,0,0,0,0,0,,,,897,0,31,928,1634
,1,AGUASCALIENTES,8,CALVILLO,003,CALVILLO,358,5,624,392,48,62,41,18,149,330,19,2,2,2,0,0,0,0,0,,,,1689,1,65,1755,3404
,1,AGUASCALIENTES,8,CALVILLO,003,CALVILLO,359,2,199,119,4,20,15,4,55,84,5,4,0,0,0,0,0,0,0,,,,509,1,23,533,1076
,1,AGUASCALIENTES,8,CALVILLO,003,CALVILLO,360,2,135,121,13,9,23,4,36,84,3,1,2,1,0,0,0,0,0,,,,432,0,14,446,793
,1,AGUASCALIENTES,8,CALVILLO,003,CALVILLO,361,3,321,239,16,18,66,15,92,159,13,5,2,1,0,0,0,0,0,,,,947,4,28,979,1848
,1,AGUASCALIENTES,8,CALVILLO,003,CALVILLO,362,4,493,219,25,38,44,8,113,235,24,4,0,1,1,0,0,0,0,,,,1205,2,58,1265,2215
,1,AGUASCALIENTES,8,CALVILLO,003,CALVILLO,363,3,308,241,31,27,55,10,54,192,12,1,3,0,0,0,0,0,0,,,,934,0,38,972,1913
,1,AGUASCALIENTES,8,CALVILLO,003,CALVILLO,364,1,113,52,7,22,5,7,22,41,3,0,0,0,0,0,0,0,0,,,,272,0,19,291,641
,1,AGUASCALIENTES,8,CALVILLO,003,CALVILLO,365,1,82,34,5,14,4,3,8,22,2,0,1,0,0,0,0,0,0,,,,175,0,9,184,362
,1,AGUASCALIENTES,8,CALVILLO,003,CALVILLO,366,1,152,57,4,11,8,6,47,3,0,0,0,0,0,0,0,0,0,,,,288,0,17,305,689
,1,AGUASCALIENTES,8,CALVILLO,003,CALVILLO,367,3,368,252,18,42,21,8,53,207,12,3,1,1,0,0,0,0,0,,,,986,0,33,1019,1744
,1,AGUASCALIENTES,8,CALVILLO,003,CALVILLO,369,1,103,50,3,19,3,3,13,31,4,0,0,3,0,0,0,0,0,,,,232,0,11,243,434
,1,AGUASCALIENTES,8,CALVILLO,003,CALVILLO,370,2,297,128,12,31,26,7,20,153,12,2,3,1,0,0,0,0,0,,,,692,0,39,731,1363
,1,AGUASCALIENTES,8,CALVILLO,003,CALVILLO,371,2,223,72,14,17,17,4,24,102,11,0,2,0,0,0,0,0,0,,,,486,0,28,514,1064
,1,AGUASCALIENTES,8,CALVILLO,003,CALVILLO,372,2,292,57,2,10,17,9,24,101,11,1,1,0,0,0,0,0,0,,,,525,3,27,555,1071
,1,AGUASCALIENTES,8,CALVILLO,003,CALVILLO,373,2,241,227,10,21,24,7,28,107,7,2,0,1,0,0,0,0,0,,,,675,1,28,704,1348
,1,AGUASCALIENTES,8,CALVILLO,003,CALVILLO,374,2,182,146,8,22,21,10,26,123,5,3,0,0,0,0,0,0,0,,,,546,0,36,582,1093
,1,AGUASCALIENTES,8,CALVILLO,003,CALVILLO,375,3,328,147,21,28,44,9,79,228,23,3,0,2,0,0,0,0,0,,,,912,2,54,968,1889
,1,AGUASCALIENTES,8,CALVILLO,003,CALVILLO,376,3,430,174,20,61,40,13,38,165,30,2,2,0,0,0,0,0,0,,,,975,3,72,1050,2066
,1,AGUASCALIENTES,8,CALVILLO,003,CALVILLO,377,3,256,153,17,28,27,7,34,179,10,4,2,0,0,0,0,0,0,,,,717,0,40,757,1519
,1,AGUASCALIENTES,8,CALVILLO,003,CALVILLO,378,1,91,22,3,12,8,4,13,32,5,1,0,0,0,0,0,0,0,,,,191,0,9,200,371
,1,AGUASCALIENTES,8,CALVILLO,003,CALVILLO,379,2,352,79,14,17,18,9,33,132,7,6,2,2,1,0,0,0,0,,,,672,0,45,717,1491
,1,AGUASCALIENTES,8,CALVILLO,003,CALVILLO,380,3,479,180,14,30,29,20,42,167,15,7,0,1,0,0,0,0,0,,,,984,1,58,1043,1934
,1,AGUASCALIENTES,8,CALVILLO,003,CALVILLO,381,2,222,119,10,20,15,9,24,92,3,1,0,0,0,0,0,0,0,,,,515,0,27,542,1067
,1,AGUASCALIENTES,8,CALVILLO,003,CALVILLO,382,3,457,120,39,33,17,10,51,98,8,5,1,0,0,0,0,0,0,,,,839,0,46,885,1777
,1,AGUASCALIENTES,8,CALVILLO,003,CALVILLO,383,4,491,177,30,32,44,15,211,212,19,3,3,0,0,0,0,0,0,,,,1237,0,46,1283,2491
,1,AGUASCALIENTES,8,CALVILLO,003,CALVILLO,384,2,240,144,16,17,42,10,26,112,10,1,1,0,0,0,0,0,0,,,,619,0,37,656,1272
,1,AGUASCALIENTES,8,CALVILLO,003,CALVILLO,385,3,370,159,22,20,17,36,40,110,9,4,3,0,0,0,0,0,0,,,,790,0,39,829,1551
,1,AGUASCALIENTES,8,CALVILLO,003,CALVILLO,386,2,375,94,90,26,18,10,97,71,4,5,2,0,0,0,0,0,0,,,,792,0,28,820,1494
,1,AGUASCALIENTES,1,RINCON DE ROMOS,004,COSIO,387,5,445,414,24,45,260,18,61,416,16,4,0,0,0,5,1,1,3,,,,1713,0,51,1764,3013
,1,AGUASCALIENTES,1,RINCON DE ROMOS,004,COSIO,388,3,349,222,19,60,144,20,32,296,14,4,2,0,0,9,0,0,2,,,,1173,0,44,1217,2042
,1,AGUASCALIENTES,1,RINCON DE ROMOS,004,COSIO,389,3,210,273,9,19,89,16,16,186,7,2,1,0,0,2,0,0,1,,,,831,1,39,871,1731
,1,AGUASCALIENTES,1,RINCON DE ROMOS,004,COSIO,390,3,385,244,18,64,103,20,64,247,16,6,0,2,2,12,5,1,1,,,,1190,0,56,1246,2246
,1,AGUASCALIENTES,1,RINCON DE ROMOS,004,COSIO,391,4,396,409,10,48,104,11,141,156,15,5,2,4,0,0,3,1,1,,,,1306,0,40,1346,2407
,1,AGUASCALIENTES,7,JESUS MARIA,005,JESUS MARIA,392,8,1096,557,26,61,117,30,62,406,32,11,5,3,0,9,5,1,2,,297,92,2812,0,108,2920,5994
,1,AGUASCALIENTES,7,JESUS MARIA,005,JESUS MARIA,393,4,616,255,24,39,55,10,61,302,21,7,4,1,0,7,4,1,3,,128,50,1588,1,48,1637,2986
,1,AGUASCALIENTES,7,JESUS MARIA,005,JESUS MARIA,394,7,891,625,11,40,76,20,32,317,23,9,1,2,0,5,2,2,2,,275,53,2386,4,89,2479,4909
,1,AGUASCALIENTES,7,JESUS MARIA,005,JESUS MARIA,395,3,330,263,6,15,23,7,19,84,9,1,4,0,0,2,1,0,0,,79,18,861,1,43,905,1569
,1,AGUASCALIENTES,7,JESUS MARIA,005,JESUS MARIA,396,7,1165,523,20,54,102,34,80,432,32,14,3,2,0,12,3,0,5,,242,74,2797,3,85,2885,4740
,1,AGUASCALIENTES,7,JESUS MARIA,005,JESUS MARIA,397,13,1806,1053,61,101,196,46,98,888,58,13,7,2,1,17,7,1,2,,351,151,4859,5,145,5009,9380
,1,AGUASCALIENTES,7,JESUS MARIA,005,JESUS MARIA,398,2,201,203,25,10,47,6,7,91,10,2,0,0,0,2,1,1,1,,82,18,707,0,26,733,1234
,1,AGUASCALIENTES,7,JESUS MARIA,005,JESUS MARIA,399,3,210,233,18,20,42,10,16,94,12,1,1,1,0,2,1,0,1,,70,11,743,0,26,769,1503
,1,AGUASCALIENTES,4,SAN FRANCISCO DE LOS ROMO,005,JESUS MARIA,400,2,217,198,33,22,31,21,20,139,18,4,0,2,0,6,1,1,0,,,,713,0,45,758,1483
,1,AGUASCALIENTES,4,SAN FRANCISCO DE LOS ROMO,005,JESUS MARIA,401,5,456,488,47,69,122,25,26,432,32,7,3,3,0,10,1,0,2,,,,1723,1,62,1786,3259
,1,AGUASCALIENTES,4,SAN FRANCISCO DE LOS ROMO,005,JESUS MARIA,402,2,170,200,34,15,55,10,7,113,6,3,1,0,1,4,2,0,1,,,,622,0,22,644,1094
,1,AGUASCALIENTES,4,SAN FRANCISCO DE LOS ROMO,005,JESUS MARIA,403,6,881,461,68,58,118,52,64,621,61,6,4,1,1,7,1,1,6,,,,2411,4,106,2521,4295
,1,AGUASCALIENTES,4,SAN FRANCISCO DE LOS ROMO,010,SAN FRANCISCO DE LOS ROMO,404,2,103,157,2,8,81,6,19,103,5,0,0,0,0,0,1,0,1,,,,486,0,21,507,794
,1,AGUASCALIENTES,4,SAN FRANCISCO DE LOS ROMO,005,JESUS MARIA,405,12,1759,919,71,86,286,95,126,1288,147,13,4,1,0,20,5,1,8,,,,4829,7,154,4990,8125
,1,AGUASCALIENTES,7,JESUS MARIA,005,JESUS MARIA,406,5,718,239,47,51,43,16,27,281,24,9,3,2,0,9,1,0,2,,122,31,1625,2,66,1693,3228
,1,AGUASCALIENTES,7,JESUS MARIA,005,JESUS MARIA,407,2,161,192,5,16,74,7,10,65,7,1,0,0,0,2,0,0,2,,16,7,565,0,28,593,1029
,1,AGUASCALIENTES,7,JESUS MARIA,005,JESUS MARIA,408,1,56,80,0,4,11,1,2,10,0,0,0,0,0,0,1,0,0,,22,2,189,0,6,195,373
,1,AGUASCALIENTES,7,JESUS MARIA,005,JESUS MARIA,409,2,294,147,4,26,14,9,6,58,4,0,2,1,0,0,3,0,0,,19,11,598,0,16,614,967
,1,AGUASCALIENTES,7,JESUS MARIA,005,JESUS MARIA,410,5,598,311,7,40,84,26,73,228,11,1,0,1,0,5,2,2,4,,66,38,1497,2,65,1564,2515
,1,AGUASCALIENTES,7,JESUS MARIA,005,JESUS MARIA,411,9,1411,875,40,62,108,35,72,529,57,16,1,1,1,7,3,0,4,,164,88,3474,3,104,3581,6454
,1,AGUASCALIENTES,7,JESUS MARIA,005,JESUS MARIA,412,5,856,375,12,37,59,18,29,219,18,5,1,1,0,3,1,0,2,,92,42,1770,1,72,1843,3487
,1,AGUASCALIENTES,4,SAN FRANCISCO DE LOS ROMO,005,JESUS MARIA,413,11,2657,740,60,65,188,105,114,1112,87,22,1,1,0,15,3,0,5,,,,5175,8,152,5335,7724
,1,AGUASCALIENTES,7,JESUS MARIA,005,JESUS MARIA,414,4,867,304,20,22,42,10,15,175,13,2,1,0,0,2,4,1,1,,71,35,1585,0,48,1633,2598
,1,AGUASCALIENTES,3,PABELLON DE ARTEAGA,006,PABELLON DE ARTEAGA,415,7,322,481,689,77,193,44,190,935,62,10,9,0,0,10,11,1,6,,,,3040,3,87,3130,5111
,1,AGUASCALIENTES,3,PABELLON DE ARTEAGA,006,PABELLON DE ARTEAGA,416,2,75,203,147,29,42,6,79,198,8,1,3,1,0,6,0,0,2,,,,800,0,29,829,1242
,1,AGUASCALIENTES,3,PABELLON DE ARTEAGA,006,PABELLON DE ARTEAGA,417,2,102,153,161,11,57,15,79,283,13,6,7,0,1,6,1,1,1,,,,897,0,40,937,1365
,1,AGUASCALIENTES,3,PABELLON DE ARTEAGA,006,PABELLON DE ARTEAGA,418,2,55,164,144,14,37,8,52,163,17,3,4,0,0,1,0,0,1,,,,663,0,24,687,1109
,1,AGUASCALIENTES,3,PABELLON DE ARTEAGA,006,PABELLON DE ARTEAGA,419,3,128,185,222,31,43,21,49,260,7,7,5,0,0,2,4,1,1,,,,966,3,33,1002,1544
,1,AGUASCALIENTES,3,PABELLON DE ARTEAGA,006,PABELLON DE ARTEAGA,420,2,63,103,150,16,46,4,24,190,6,4,5,0,0,7,1,0,0,,,,619,0,29,648,1027
,1,AGUASCALIENTES,3,PABELLON DE ARTEAGA,006,PABELLON DE ARTEAGA,421,7,204,462,698,95,185,39,159,856,41,19,12,1,2,18,3,1,7,,,,2802,1,118,2921,5033
,1,AGUASCALIENTES,3,PABELLON DE ARTEAGA,006,PABELLON DE ARTEAGA,422,2,60,107,159,21,23,8,38,165,9,3,5,0,1,3,3,0,0,,,,605,0,35,640,947
,1,AGUASCALIENTES,3,PABELLON DE ARTEAGA,006,PABELLON DE ARTEAGA,423,2,66,147,171,24,38,12,53,177,9,1,3,0,0,1,1,0,2,,,,705,2,36,743,1275
,1,AGUASCALIENTES,3,PABELLON DE ARTEAGA,006,PABELLON DE ARTEAGA,424,4,173,244,447,53,121,27,155,586,28,7,11,3,0,8,2,0,8,,,,1873,1,55,1929,2870
,1,AGUASCALIENTES,3,PABELLON DE ARTEAGA,006,PABELLON DE ARTEAGA,425,2,48,99,115,14,27,6,31,149,7,7,1,1,0,3,1,0,3,,,,512,0,21,533,826
,1,AGUASCALIENTES,3,PABELLON DE ARTEAGA,006,PABELLON DE ARTEAGA,426,2,90,134,175,30,23,12,53,133,6,2,7,1,0,3,0,0,0,,,,669,0,35,704,1144
,1,AGUASCALIENTES,3,PABELLON DE ARTEAGA,006,PABELLON DE ARTEAGA,427,2,81,147,176,15,27,13,46,103,5,9,12,0,0,1,0,0,1,,,,636,0,29,665,1030
,1,AGUASCALIENTES,3,PABELLON DE ARTEAGA,006,PABELLON DE ARTEAGA,428,4,283,244,263,38,29,17,73,263,18,12,8,1,0,5,5,0,4,,,,1263,2,49,1314,2422
,1,AGUASCALIENTES,3,PABELLON DE ARTEAGA,006,PABELLON DE ARTEAGA,429,3,337,439,300,16,32,21,25,178,5,6,8,0,1,1,1,0,1,,,,1371,0,49,1420,2204
,1,AGUASCALIENTES,3,PABELLON DE ARTEAGA,006,PABELLON DE ARTEAGA,430,2,197,157,109,29,36,66,105,122,3,10,5,2,1,1,1,0,0,,,,844,0,25,869,1336
,1,AGUASCALIENTES,1,RINCON DE ROMOS,007,RINCON DE ROMOS,431,2,157,61,5,33,29,19,67,88,6,2,1,0,0,6,4,0,1,,,,479,2,27,508,786
,1,AGUASCALIENTES,1,RINCON DE ROMOS,007,RINCON DE ROMOS,432,4,202,180,16,112,59,25,173,164,14,7,1,1,0,8,5,2,0,,,,969,0,31,1000,2324
,1,AGUASCALIENTES,1,RINCON DE ROMOS,007,RINCON DE ROMOS,433,2,81,72,2,34,28,14,114,90,10,1,0,1,0,3,0,0,0,,,,450,0,21,471,819
,1,AGUASCALIENTES,1,RINCON DE ROMOS,007,RINCON DE ROMOS,434,2,124,93,6,45,18,17,76,111,6,0,2,1,0,3,3,0,1,,,,506,1,20,527,767
,1,AGUASCALIENTES,1,RINCON DE ROMOS,007,RINCON DE ROMOS,435,2,179,89,2,49,13,29,76,135,14,4,0,4,1,1,2,0,2,,,,600,2,24,626,884
,1,AGUASCALIENTES,1,RINCON DE ROMOS,007,RINCON DE ROMOS,436,6,513,436,35,151,70,113,282,324,42,3,1,2,1,5,3,0,3,,,,1984,4,103,2091,4071
,1,AGUASCALIENTES,1,RINCON DE ROMOS,007,RINCON DE ROMOS,437,3,268,222,26,92,49,58,200,201,25,3,0,2,0,6,4,1,3,,,,1160,0,61,1221,2158
,1,AGUASCALIENTES,1,RINCON DE ROMOS,007,RINCON DE ROMOS,438,1,131,61,5,37,18,15,83,79,7,5,0,0,0,6,2,0,0,,,,449,0,25,474,699
,1,AGUASCALIENTES,1,RINCON DE ROMOS,007,RINCON DE ROMOS,439,3,234,165,15,155,50,27,147,196,11,3,2,2,0,3,9,1,2,,,,1022,0,35,1057,1769
,1,AGUASCALIENTES,1,RINCON DE ROMOS,007,RINCON DE ROMOS,440,9,842,642,44,314,162,144,477,701,67,13,3,3,1,23,19,3,5,,,,3463,4,146,3613,6159
,1,AGUASCALIENTES,1,RINCON DE ROMOS,007,RINCON DE ROMOS,441,2,178,117,17,53,35,25,100,113,5,1,0,0,0,2,3,1,1,,,,651,0,23,674,1004
,1,AGUASCALIENTES,1,RINCON DE ROMOS,007,RINCON DE ROMOS,442,3,149,246,8,74,21,17,118,93,8,7,0,2,0,1,1,1,1,,,,747,0,63,810,2009
,1,AGUASCALIENTES,1,RINCON DE ROMOS,007,RINCON DE ROMOS,443,3,284,313,8,48,42,21,99,164,9,8,2,0,0,5,4,0,2,,,,1009,0,48,1057,1880
,1,AGUASCALIENTES,1,RINCON DE ROMOS,007,RINCON DE ROMOS,444,2,91,192,5,10,15,7,73,41,2,2,0,1,0,0,4,0,0,,,,443,0,46,489,879
,1,AGUASCALIENTES,1,RINCON DE ROMOS,007,RINCON DE ROMOS,445,3,344,287,9,72,32,26,50,169,13,6,2,5,1,1,4,0,1,,,,1022,0,36,1058,1963
,1,AGUASCALIENTES,1,RINCON DE ROMOS,007,RINCON DE ROMOS,446,2,208,224,10,35,34,31,58,108,11,7,0,1,1,4,3,0,0,,,,735,0,34,769,1476
,1,AGUASCALIENTES,1,RINCON DE ROMOS,007,RINCON DE ROMOS,447,4,296,228,27,50,20,52,312,106,9,4,0,4,1,3,0,1,1,,,,1114,0,74,1188,2257
,1,AGUASCALIENTES,1,RINCON DE ROMOS,007,RINCON DE ROMOS,448,2,144,153,6,36,20,22,50,65,7,3,3,2,7,3,1,0,0,,,,522,0,22,544,1110
,1,AGUASCALIENTES,1,RINCON DE ROMOS,007,RINCON DE ROMOS,449,3,351,268,23,105,52,45,67,182,13,6,6,2,0,1,2,0,0,,,,1123,1,63,1187,2150
,1,AGUASCALIENTES,1,RINCON DE ROMOS,007,RINCON DE ROMOS,450,2,153,157,16,74,23,25,43,97,17,1,2,0,0,4,4,1,0,,,,617,0,42,659,1200
,1,AGUASCALIENTES,1,RINCON DE ROMOS,007,RINCON DE ROMOS,451,1,122,47,7,38,15,6,17,52,10,4,2,0,0,2,2,0,2,,,,326,0,22,348,640
,1,AGUASCALIENTES,8,CALVILLO,008,SAN JOSE DE GRACIA,452,2,270,119,13,161,15,15,45,191,13,1,3,0,0,0,0,0,0,,,,846,0,32,878,1272
,1,AGUASCALIENTES,8,CALVILLO,008,SAN JOSE DE GRACIA,453,2,307,111,20,211,8,33,42,156,14,3,1,0,0,0,0,0,0,,,,906,0,37,943,1422
,1,AGUASCALIENTES,8,CALVILLO,008,SAN JOSE DE GRACIA,454,2,296,181,15,205,10,11,43,147,10,1,0,3,0,0,0,0,0,,,,922,1,36,959,1429
,1,AGUASCALIENTES,8,CALVILLO,008,SAN JOSE DE GRACIA,455,1,86,54,3,20,2,2,13,25,2,0,1,0,0,0,0,0,0,,,,208,0,5,213,331
,1,AGUASCALIENTES,8,CALVILLO,008,SAN JOSE DE GRACIA,456,1,62,54,4,50,4,2,3,27,2,7,0,0,0,0,0,0,0,,,,215,0,16,231,368
,1,AGUASCALIENTES,8,CALVILLO,008,SAN JOSE DE GRACIA,457,3,238,123,11,49,9,12,48,40,7,6,1,1,1,0,0,0,0,,,,546,0,26,572,785
,1,AGUASCALIENTES,8,CALVILLO,008,SAN JOSE DE GRACIA,458,2,292,179,22,69,4,11,15,83,8,2,0,0,0,0,0,0,0,,,,685,0,36,721,1163
,1,AGUASCALIENTES,3,PABELLON DE ARTEAGA,009,TEPEZALA,460,3,293,191,56,12,187,8,31,127,7,1,6,1,0,0,0,0,0,,,,920,1,37,958,1584
,1,AGUASCALIENTES,3,PABELLON DE ARTEAGA,009,TEPEZALA,461,3,302,189,53,22,258,16,66,187,8,8,7,4,1,2,0,0,0,,,,1123,1,56,1180,1823
,1,AGUASCALIENTES,3,PABELLON DE ARTEAGA,009,TEPEZALA,462,3,305,215,98,28,239,13,21,163,10,3,9,1,0,2,0,0,2,,,,1109,2,50,1161,1727
,1,AGUASCALIENTES,3,PABELLON DE ARTEAGA,009,TEPEZALA,463,2,268,205,31,21,150,5,22,106,10,4,3,0,1,2,2,0,0,,,,830,1,33,864,1485
,1,AGUASCALIENTES,3,PABELLON DE ARTEAGA,009,TEPEZALA,464,3,270,254,158,24,199,13,33,224,10,6,8,1,2,1,0,0,0,,,,1203,0,37,1240,1720
,1,AGUASCALIENTES,3,PABELLON DE ARTEAGA,009,TEPEZALA,465,1,76,95,31,14,80,7,20,95,7,1,1,0,2,3,0,0,0,,,,432,0,17,449,634
,1,AGUASCALIENTES,3,PABELLON DE ARTEAGA,009,TEPEZALA,466,1,82,115,18,5,148,1,151,45,1,0,3,0,0,0,1,0,0,,,,570,0,17,587,728
,1,AGUASCALIENTES,3,PABELLON DE ARTEAGA,009,TEPEZALA,467,3,143,308,56,28,263,8,66,295,10,3,5,1,0,4,3,0,3,,,,1196,0,49,1245,1986
,1,AGUASCALIENTES,3,PABELLON DE ARTEAGA,009,TEPEZALA,468,2,88,95,50,6,193,5,25,61,1,2,4,0,0,2,0,0,0,,,,532,0,35,567,795
,1,AGUASCALIENTES,3,PABELLON DE ARTEAGA,009,TEPEZALA,469,4,356,301,168,35,301,20,35,377,17,8,11,0,0,16,5,0,2,,,,1652,0,58,1710,2643
,1,AGUASCALIENTES,4,SAN FRANCISCO DE LOS ROMO,010,SAN FRANCISCO DE LOS ROMO,470,3,357,194,10,8,34,4,30,143,9,4,1,0,0,2,0,0,1,,,,797,0,15,812,1314
,1,AGUASCALIENTES,4,SAN FRANCISCO DE LOS ROMO,010,SAN FRANCISCO DE LOS ROMO,471,3,336,307,4,8,40,4,41,167,11,2,0,1,0,5,2,0,1,,,,929,2,48,979,1608
,1,AGUASCALIENTES,4,SAN FRANCISCO DE LOS ROMO,010,SAN FRANCISCO DE LOS ROMO,472,2,297,283,9,11,49,6,45,194,8,2,2,0,0,7,2,0,0,,,,915,1,29,945,1412
,1,AGUASCALIENTES,4,SAN FRANCISCO DE LOS ROMO,010,SAN FRANCISCO DE LOS ROMO,473,11,955,1481,35,77,254,37,304,1189,74,9,8,2,0,18,6,4,8,,,,4461,1,153,4615,7962
,1,AGUASCALIENTES,4,SAN FRANCISCO DE LOS ROMO,010,SAN FRANCISCO DE LOS ROMO,474,2,169,313,7,5,41,11,38,118,9,0,1,0,1,5,2,1,1,,,,722,1,27,750,1283
,1,AGUASCALIENTES,4,SAN FRANCISCO DE LOS ROMO,010,SAN FRANCISCO DE LOS ROMO,475,2,215,408,6,19,53,6,10,124,11,1,0,0,0,1,0,1,0,,,,855,2,21,878,1499
,1,AGUASCALIENTES,4,SAN FRANCISCO DE LOS ROMO,010,SAN FRANCISCO DE LOS ROMO,476,7,360,883,20,45,167,22,84,496,114,3,2,1,1,16,3,0,7,,,,2224,2,52,2278,4697
,1,AGUASCALIENTES,4,SAN FRANCISCO DE LOS ROMO,010,SAN FRANCISCO DE LOS ROMO,477,6,349,789,20,65,226,24,32,496,37,2,1,0,0,8,2,0,4,,,,2055,3,73,2131,3902
,1,AGUASCALIENTES,4,SAN FRANCISCO DE LOS ROMO,010,SAN FRANCISCO DE LOS ROMO,478,11,690,1159,87,85,323,59,59,1048,97,12,4,1,0,25,7,0,4,,,,3660,3,113,3776,7838
,1,AGUASCALIENTES,2,EL LLANO,011,EL LLANO,479,4,340,215,109,99,12,46,55,381,16,7,8,1,1,9,6,1,3,,,,1309,1,48,1358,2447
,1,AGUASCALIENTES,2,EL LLANO,011,EL LLANO,480,3,264,212,78,68,19,32,49,342,20,4,1,0,0,12,2,0,1,,,,1104,0,58,1162,2044
,1,AGUASCALIENTES,2,EL LLANO,011,EL LLANO,481,2,114,149,109,59,17,15,11,338,16,1,7,1,0,6,2,2,4,,,,851,0,21,872,1313
,1,AGUASCALIENTES,2,EL LLANO,011,EL LLANO,482,4,218,333,284,112,8,19,37,439,17,18,12,1,2,11,10,0,2,,,,1523,0,56,1579,2495
,1,AGUASCALIENTES,2,EL LLANO,011,EL LLANO,483,2,152,134,86,51,9,10,8,120,8,3,5,1,0,3,2,0,1,,,,593,0,22,615,918
,1,AGUASCALIENTES,2,EL LLANO,011,EL LLANO,484,2,140,116,42,25,19,10,14,123,10,5,1,2,1,2,2,0,0,,,,512,2,17,531,863
,1,AGUASCALIENTES,2,EL LLANO,011,EL LLANO,485,4,266,430,113,76,35,21,98,377,15,1,5,0,0,17,4,1,0,,,,1459,1,62,1522,2490
,1,AGUASCALIENTES,2,EL LLANO,011,EL LLANO,486,4,309,269,38,77,66,19,28,315,24,2,1,1,0,10,8,0,2,,,,1169,1,56,1226,2256
,1,AGUASCALIENTES,3,PABELLON DE ARTEAGA,006,PABELLON DE ARTEAGA,488,1,33,26,23,5,7,3,2,15,3,1,0,1,2,0,1,0,0,,,,122,0,10,132,194
,1,AGUASCALIENTES,13,AGUASCALIENTES,001,AGUASCALIENTES,489,2,104,83,8,10,10,11,21,104,9,1,0,0,0,5,2,0,0,,,,368,0,21,389,784
,1,AGUASCALIENTES,13,AGUASCALIENTES,001,AGUASCALIENTES,490,1,84,77,5,9,14,5,11,148,12,2,0,0,0,3,2,0,0,,,,372,0,10,382,709
,1,AGUASCALIENTES,13,AGUASCALIENTES,001,AGUASCALIENTES,491,1,77,83,2,7,10,5,7,112,11,2,0,0,0,3,2,0,2,,,,323,0,24,347,749
,1,AGUASCALIENTES,13,AGUASCALIENTES,001,AGUASCALIENTES,492,2,65,124,7,20,22,10,19,126,7,0,0,1,0,2,1,0,3,,,,407,0,23,430,889
,1,AGUASCALIENTES,12,AGUASCALIENTES,001,AGUASCALIENTES,493,2,144,226,8,10,18,10,24,108,14,6,2,2,0,5,3,0,0,,,,580,0,34,614,1286
,1,AGUASCALIENTES,12,AGUASCALIENTES,001,AGUASCALIENTES,494,2,97,78,7,10,13,31,28,115,12,0,0,2,0,3,0,0,1,,,,397,0,12,409,826
,1,AGUASCALIENTES,12,AGUASCALIENTES,001,AGUASCALIENTES,495,2,110,103,8,9,15,10,26,161,20,1,0,0,0,2,0,0,0,,,,465,1,21,487,1027
,1,AGUASCALIENTES,12,AGUASCALIENTES,001,AGUASCALIENTES,496,3,188,208,9,22,35,21,17,306,18,1,1,0,0,6,1,0,1,,,,834,2,46,882,1686
,1,AGUASCALIENTES,12,AGUASCALIENTES,001,AGUASCALIENTES,497,1,79,82,8,20,23,11,11,125,14,2,0,0,0,1,1,0,0,,,,377,0,12,389,650
,1,AGUASCALIENTES,13,AGUASCALIENTES,001,AGUASCALIENTES,498,2,122,112,10,18,18,10,14,132,12,1,4,0,0,1,5,0,1,,,,460,0,19,479,865
,1,AGUASCALIENTES,13,AGUASCALIENTES,001,AGUASCALIENTES,499,2,111,120,28,13,11,14,74,62,7,1,0,0,0,1,1,0,4,,,,447,1,21,469,905
,1,AGUASCALIENTES,13,AGUASCALIENTES,001,AGUASCALIENTES,500,2,104,117,4,9,14,9,13,129,14,4,2,0,0,1,1,0,2,,,,423,1,21,445,853
,1,AGUASCALIENTES,13,AGUASCALIENTES,001,AGUASCALIENTES,501,2,125,124,12,17,26,21,11,187,10,2,0,0,1,6,0,0,0,,,,542,0,15,557,1015
,1,AGUASCALIENTES,13,AGUASCALIENTES,001,AGUASCALIENTES,502,2,107,117,6,13,24,9,22,130,12,0,0,0,0,3,0,0,1,,,,444,0,18,462,812
,1,AGUASCALIENTES,13,AGUASCALIENTES,001,AGUASCALIENTES,503,1,113,61,4,10,17,12,26,118,15,1,0,1,0,2,4,0,0,,,,384,0,12,396,644
,1,AGUASCALIENTES,13,AGUASCALIENTES,001,AGUASCALIENTES,504,2,142,113,4,12,27,9,17,157,18,2,0,1,0,2,2,0,1,,,,507,0,20,527,933
,1,AGUASCALIENTES,13,AGUASCALIENTES,001,AGUASCALIENTES,505,2,132,131,7,14,25,11,16,139,14,0,1,1,0,1,0,0,1,,,,493,3,16,512,822
,1,AGUASCALIENTES,13,AGUASCALIENTES,001,AGUASCALIENTES,506,2,145,111,6,10,12,12,11,130,18,1,0,1,0,2,2,0,1,,,,462,0,20,482,821
,1,AGUASCALIENTES,13,AGUASCALIENTES,001,AGUASCALIENTES,507,2,142,104,5,8,17,12,18,111,15,1,0,1,0,1,0,0,0,,,,435,0,18,453,822
,1,AGUASCALIENTES,16,AGUASCALIENTES,001,AGUASCALIENTES,508,2,93,120,3,7,14,6,10,137,11,0,0,0,0,0,1,0,0,,,,402,0,17,419,864
,1,AGUASCALIENTES,16,AGUASCALIENTES,001,AGUASCALIENTES,509,3,183,224,17,25,31,25,18,178,23,3,1,1,0,12,4,0,3,,,,748,1,40,789,1771
,1,AGUASCALIENTES,16,AGUASCALIENTES,001,AGUASCALIENTES,510,1,84,88,6,15,18,26,4,98,11,0,0,1,0,1,2,3,0,,,,357,1,22,380,746
,1,AGUASCALIENTES,13,AGUASCALIENTES,001,AGUASCALIENTES,511,2,127,86,3,12,25,16,12,125,13,0,0,0,0,2,1,0,0,,,,422,0,8,430,778
,1,AGUASCALIENTES,16,AGUASCALIENTES,001,AGUASCALIENTES,512,1,77,50,2,8,9,10,3,73,7,0,0,0,0,0,0,0,1,,,,240,0,12,252,543
,1,AGUASCALIENTES,16,AGUASCALIENTES,001,AGUASCALIENTES,513,1,68,50,7,3,16,5,4,93,7,1,0,0,0,3,0,0,1,,,,258,0,10,268,476
,1,AGUASCALIENTES,14,AGUASCALIENTES,001,AGUASCALIENTES,514,1,152,60,5,7,16,6,12,127,11,0,0,0,0,4,1,0,0,,,,401,0,13,414,658
,1,AGUASCALIENTES,14,AGUASCALIENTES,001,AGUASCALIENTES,515,2,143,94,6,13,31,8,20,132,14,1,0,0,0,1,2,0,0,,,,465,2,14,481,825
,1,AGUASCALIENTES,15,AGUASCALIENTES,001,AGUASCALIENTES,516,2,92,73,72,11,13,15,9,144,12,3,0,1,0,1,1,0,0,,,,447,0,20,467,847
,1,AGUASCALIENTES,14,AGUASCALIENTES,001,AGUASCALIENTES,517,1,140,106,3,13,19,12,22,133,14,0,0,0,0,2,1,0,1,,,,466,0,16,482,730
,1,AGUASCALIENTES,14,AGUASCALIENTES,001,AGUASCALIENTES,518,1,119,89,5,13,16,4,19,137,15,0,0,0,1,5,2,0,0,,,,425,0,18,443,701
,1,AGUASCALIENTES,14,AGUASCALIENTES,001,AGUASCALIENTES,519,1,98,67,7,8,11,6,19,121,14,2,0,0,0,4,2,0,0,,,,359,1,14,374,575
,1,AGUASCALIENTES,14,AGUASCALIENTES,001,AGUASCALIENTES,520,2,127,71,6,8,18,12,18,175,20,0,0,0,0,6,0,0,0,,,,461,0,24,485,780
,1,AGUASCALIENTES,14,AGUASCALIENTES,001,AGUASCALIENTES,521,1,143,64,7,10,21,12,23,129,12,1,0,0,0,2,1,0,2,,,,427,1,12,440,715
,1,AGUASCALIENTES,15,AGUASCALIENTES,001,AGUASCALIENTES,522,2,105,106,59,9,19,16,7,138,11,0,0,0,6,1,1,0,2,,,,480,0,13,493,860
,1,AGUASCALIENTES,15,AGUASCALIENTES,001,AGUASCALIENTES,523,2,82,89,61,16,31,16,21,103,12,2,0,0,0,3,2,0,0,,,,438,1,21,460,856
,1,AGUASCALIENTES,15,AGUASCALIENTES,001,AGUASCALIENTES,524,2,79,93,54,12,41,12,18,137,13,0,3,0,6,4,3,0,3,,,,478,2,27,507,957
,1,AGUASCALIENTES,15,AGUASCALIENTES,001,AGUASCALIENTES,525,2,111,60,75,22,12,16,16,148,15,0,1,0,1,3,2,0,2,,,,484,0,25,509,922
,1,AGUASCALIENTES,14,AGUASCALIENTES,001,AGUASCALIENTES,526,2,132,100,11,13,15,7,28,160,19,1,1,0,1,5,2,0,4,,,,499,1,21,521,811
,1,AGUASCALIENTES,14,AGUASCALIENTES,001,AGUASCALIENTES,527,2,114,103,10,8,21,13,21,161,12,3,0,1,0,1,1,0,2,,,,471,0,20,491,808
,1,AGUASCALIENTES,14,AGUASCALIENTES,001,AGUASCALIENTES,528,2,132,109,6,12,11,14,20,120,16,0,0,0,0,1,0,0,0,,,,441,0,14,455,788
,1,AGUASCALIENTES,15,AGUASCALIENTES,001,AGUASCALIENTES,529,2,90,100,60,14,25,10,13,154,16,2,0,0,1,5,3,0,0,,,,493,1,24,518,884
,1,AGUASCALIENTES,15,AGUASCALIENTES,001,AGUASCALIENTES,530,3,231,158,93,25,46,23,39,304,19,3,9,0,2,8,2,1,3,,,,966,1,52,1019,1942
,1,AGUASCALIENTES,15,AGUASCALIENTES,001,AGUASCALIENTES,531,2,109,103,53,17,29,9,14,179,19,2,1,0,0,5,1,0,2,,,,543,3,17,563,920
,1,AGUASCALIENTES,15,AGUASCALIENTES,001,AGUASCALIENTES,532,2,103,89,27,18,22,10,16,150,24,3,0,1,2,4,0,0,3,,,,472,0,15,487,919
,1,AGUASCALIENTES,15,AGUASCALIENTES,001,AGUASCALIENTES,533,2,82,122,45,11,25,11,20,160,20,2,2,0,0,7,1,1,0,,,,509,0,28,537,902
,1,AGUASCALIENTES,18,AGUASCALIENTES,001,AGUASCALIENTES,534,2,110,90,11,15,27,15,8,158,20,1,0,0,0,1,1,0,1,,,,458,0,15,473,962
,1,AGUASCALIENTES,18,AGUASCALIENTES,001,AGUASCALIENTES,535,2,134,86,21,18,15,15,18,120,10,3,3,0,0,0,1,0,1,,,,445,1,33,479,994
,1,AGUASCALIENTES,18,AGUASCALIENTES,001,AGUASCALIENTES,536,2,124,122,25,22,29,8,14,191,29,3,2,1,1,4,5,0,1,,,,581,0,28,609,1170
,1,AGUASCALIENTES,18,AGUASCALIENTES,001,AGUASCALIENTES,537,2,105,113,15,11,28,8,12,154,28,1,1,0,0,4,1,1,3,,,,485,0,17,502,999
,1,AGUASCALIENTES,18,AGUASCALIENTES,001,AGUASCALIENTES,538,1,89,85,3,10,23,10,15,126,15,2,0,0,0,5,0,0,2,,,,385,0,16,401,683
,1,AGUASCALIENTES,18,AGUASCALIENTES,001,AGUASCALIENTES,539,2,95,101,1,14,15,10,16,133,17,0,0,0,0,1,0,0,2,,,,405,0,20,425,778
,1,AGUASCALIENTES,18,AGUASCALIENTES,001,AGUASCALIENTES,540,2,94,101,6,23,22,13,12,134,9,0,0,0,0,0,0,0,0,,,,414,0,13,427,856
,1,AGUASCALIENTES,18,AGUASCALIENTES,001,AGUASCALIENTES,541,1,93,62,7,10,24,17,13,140,14,0,0,1,0,0,1,0,1,,,,383,0,13,396,747
,1,AGUASCALIENTES,18,AGUASCALIENTES,001,AGUASCALIENTES,542,2,121,96,8,17,18,8,22,138,20,1,0,1,0,4,2,1,1,,,,458,0,16,474,891
,1,AGUASCALIENTES,18,AGUASCALIENTES,001,AGUASCALIENTES,543,2,105,86,4,10,23,12,22,131,13,0,0,0,0,3,1,0,1,,,,411,0,16,427,924
,1,AGUASCALIENTES,18,AGUASCALIENTES,001,AGUASCALIENTES,544,2,89,114,12,12,31,15,6,85,16,2,0,0,0,3,3,1,0,,,,389,0,18,407,898
,1,AGUASCALIENTES,18,AGUASCALIENTES,001,AGUASCALIENTES,545,2,130,119,6,20,14,7,17,146,15,2,0,1,0,4,1,1,1,,,,484,0,19,503,1002
,1,AGUASCALIENTES,18,AGUASCALIENTES,001,AGUASCALIENTES,546,2,164,141,34,12,16,17,16,188,26,0,1,0,0,1,4,2,2,,,,624,3,23,650,1191
,1,AGUASCALIENTES,18,AGUASCALIENTES,001,AGUASCALIENTES,547,2,139,154,11,23,31,22,15,169,24,2,0,0,0,1,1,0,4,,,,596,0,30,626,1161
,1,AGUASCALIENTES,16,AGUASCALIENTES,001,AGUASCALIENTES,548,2,92,110,16,14,25,20,8,96,7,5,0,1,0,0,0,0,1,,,,395,1,24,420,816
,1,AGUASCALIENTES,16,AGUASCALIENTES,001,AGUASCALIENTES,549,3,302,199,11,36,65,37,41,446,42,2,1,0,0,4,1,0,2,,,,1189,2,46,1237,2015
,1,AGUASCALIENTES,16,AGUASCALIENTES,001,AGUASCALIENTES,550,1,126,92,8,14,20,11,12,154,14,1,0,0,0,1,2,0,0,,,,455,0,16,471,693
,1,AGUASCALIENTES,16,AGUASCALIENTES,001,AGUASCALIENTES,551,1,137,91,8,10,17,16,10,153,16,1,0,0,0,2,0,0,0,,,,461,2,10,473,744
,1,AGUASCALIENTES,16,AGUASCALIENTES,001,AGUASCALIENTES,552,1,112,69,5,17,15,10,20,123,19,2,0,0,0,1,0,0,0,,,,393,0,15,408,666
,1,AGUASCALIENTES,16,AGUASCALIENTES,001,AGUASCALIENTES,553,2,136,93,4,10,18,7,15,155,18,3,1,1,0,10,1,0,0,,,,472,0,21,493,792
,1,AGUASCALIENTES,16,AGUASCALIENTES,001,AGUASCALIENTES,554,2,133,112,3,17,14,13,9,159,24,1,0,1,0,4,0,0,0,,,,490,0,18,508,787
,1,AGUASCALIENTES,16,AGUASCALIENTES,001,AGUASCALIENTES,555,6,642,398,28,77,107,76,94,921,115,8,1,1,0,16,2,0,10,,,,2496,9,88,2593,4356
,1,AGUASCALIENTES,16,AGUASCALIENTES,001,AGUASCALIENTES,556,1,115,90,10,11,28,11,10,123,17,4,0,1,0,3,1,0,2,,,,426,2,17,445,744
,1,AGUASCALIENTES,16,AGUASCALIENTES,001,AGUASCALIENTES,557,2,139,114,9,9,25,73,21,129,24,1,0,0,0,6,1,0,1,,,,552,0,19,571,759
,1,AGUASCALIENTES,15,AGUASCALIENTES,001,AGUASCALIENTES,558,2,155,75,10,12,30,17,10,179,20,0,0,0,0,2,0,0,1,,,,511,0,19,530,805
,1,AGUASCALIENTES,15,AGUASCALIENTES,001,AGUASCALIENTES,559,1,144,72,10,8,23,9,21,150,15,0,0,0,0,2,0,12,0,,,,466,0,0,466,719
,1,AGUASCALIENTES,16,AGUASCALIENTES,001,AGUASCALIENTES,560,2,174,153,13,16,42,18,21,220,29,6,0,1,0,7,1,0,2,,,,703,2,31,736,982
,1,AGUASCALIENTES,15,AGUASCALIENTES,001,AGUASCALIENTES,561,1,72,35,5,5,15,6,11,86,8,1,0,0,0,1,0,0,0,,,,245,0,9,254,358
,1,AGUASCALIENTES,15,AGUASCALIENTES,001,AGUASCALIENTES,562,2,83,86,25,10,22,22,11,133,11,3,3,0,0,4,3,0,0,,,,416,1,14,431,860
,1,AGUASCALIENTES,15,AGUASCALIENTES,001,AGUASCALIENTES,563,2,96,113,40,12,18,9,15,119,8,2,0,1,0,4,3,0,1,,,,441,0,17,458,867
,1,AGUASCALIENTES,15,AGUASCALIENTES,001,AGUASCALIENTES,564,2,119,72,28,15,23,7,14,136,17,8,0,0,0,4,0,0,2,,,,445,1,26,472,863
,1,AGUASCALIENTES,15,AGUASCALIENTES,001,AGUASCALIENTES,565,1,71,62,31,11,18,5,11,120,11,4,0,0,0,3,1,0,1,,,,349,0,15,364,709
,1,AGUASCALIENTES,15,AGUASCALIENTES,001,AGUASCALIENTES,566,1,83,77,24,10,19,13,12,89,17,0,0,0,0,2,1,0,0,,,,347,2,17,366,747
,1,AGUASCALIENTES,15,AGUASCALIENTES,001,AGUASCALIENTES,567,2,100,93,20,19,26,12,21,133,13,0,0,0,0,0,0,0,0,,,,437,0,20,457,836
,1,AGUASCALIENTES,15,AGUASCALIENTES,001,AGUASCALIENTES,568,1,46,88,17,11,15,22,28,86,7,1,4,0,0,4,1,0,1,,,,331,1,16,348,662
,1,AGUASCALIENTES,15,AGUASCALIENTES,001,AGUASCALIENTES,569,2,94,89,16,18,18,12,40,80,10,1,2,0,0,0,0,0,1,,,,381,3,28,412,753
,1,AGUASCALIENTES,15,AGUASCALIENTES,001,AGUASCALIENTES,570,1,63,65,23,12,14,9,10,116,5,1,0,0,0,3,1,1,1,,,,324,0,20,344,616
,1,AGUASCALIENTES,15,AGUASCALIENTES,001,AGUASCALIENTES,571,1,40,86,11,12,13,11,27,94,7,0,0,0,0,0,0,0,0,,,,301,0,3,304,592
,1,AGUASCALIENTES,16,AGUASCALIENTES,001,AGUASCALIENTES,572,9,904,608,46,156,167,101,93,1223,140,10,3,1,3,21,3,0,8,,,,3487,5,128,3620,6440
,1,AGUASCALIENTES,16,AGUASCALIENTES,001,AGUASCALIENTES,573,2,156,179,5,8,38,21,7,103,13,1,1,1,0,1,0,0,0,,,,534,0,22,556,1049
,1,AGUASCALIENTES,12,AGUASCALIENTES,001,AGUASCALIENTES,574,2,97,199,5,9,39,4,13,113,2,0,0,0,0,0,0,0,0,,,,481,0,20,501,1000
,1,AGUASCALIENTES,12,AGUASCALIENTES,001,AGUASCALIENTES,575,2,77,272,18,24,24,12,8,103,12,0,1,0,0,2,0,0,0,,,,553,0,36,589,1228
,1,AGUASCALIENTES,16,AGUASCALIENTES,001,AGUASCALIENTES,576,2,85,273,8,14,16,7,5,50,6,0,0,0,0,0,0,0,0,,,,464,1,24,489,878
,1,AGUASCALIENTES,16,AGUASCALIENTES,001,AGUASCALIENTES,577,2,116,187,20,25,26,11,15,107,13,2,1,0,0,0,3,0,3,,,,529,0,12,541,1020
,1,AGUASCALIENTES,16,AGUASCALIENTES,001,AGUASCALIENTES,578,2,106,102,5,19,26,16,18,125,23,0,1,1,0,3,2,0,2,,,,449,1,12,462,823
,1,AGUASCALIENTES,16,AGUASCALIENTES,001,AGUASCALIENTES,579,1,85,87,3,9,16,11,12,81,14,0,0,0,0,4,0,0,0,,,,322,0,19,341,671
,1,AGUASCALIENTES,16,AGUASCALIENTES,001,AGUASCALIENTES,580,2,99,80,13,13,25,12,31,118,15,3,1,0,0,4,0,0,0,,,,414,0,27,441,844
,1,AGUASCALIENTES,16,AGUASCALIENTES,001,AGUASCALIENTES,581,2,126,90,5,13,18,11,31,113,15,1,0,0,0,3,1,0,2,,,,429,0,16,445,809
,1,AGUASCALIENTES,16,AGUASCALIENTES,001,AGUASCALIENTES,582,2,96,122,11,14,23,14,35,116,20,1,0,0,0,0,0,0,1,,,,453,0,27,480,863
,1,AGUASCALIENTES,16,AGUASCALIENTES,001,AGUASCALIENTES,583,2,134,83,13,15,28,10,8,139,20,3,0,1,0,2,3,0,1,,,,460,0,18,478,913
,1,AGUASCALIENTES,16,AGUASCALIENTES,001,AGUASCALIENTES,584,2,124,69,6,14,20,6,26,109,15,4,0,0,0,0,1,0,0,,,,394,1,26,421,810
,1,AGUASCALIENTES,16,AGUASCALIENTES,001,AGUASCALIENTES,585,2,102,95,15,25,12,7,22,121,17,0,0,0,1,1,0,0,0,,,,418,0,20,438,855
,1,AGUASCALIENTES,16,AGUASCALIENTES,001,AGUASCALIENTES,586,2,154,122,5,20,24,12,13,112,19,0,0,0,0,1,1,0,1,,,,484,1,5,490,883
,1,AGUASCALIENTES,16,AGUASCALIENTES,001,AGUASCALIENTES,587,2,110,117,10,14,17,21,15,159,24,1,1,0,0,1,0,0,3,,,,493,2,20,515,984
,1,AGUASCALIENTES,16,AGUASCALIENTES,001,AGUASCALIENTES,588,2,133,119,9,11,14,13,11,149,25,3,1,1,1,2,3,1,2,,,,498,0,18,516,1039
,1,AGUASCALIENTES,16,AGUASCALIENTES,001,AGUASCALIENTES,589,12,947,714,68,135,143,106,98,1122,229,14,4,0,1,39,11,0,9,,,,3640,9,143,3792,8438
,1,AGUASCALIENTES,16,AGUASCALIENTES,001,AGUASCALIENTES,590,2,129,70,5,9,29,23,18,169,23,1,1,0,1,6,2,0,3,,,,489,2,15,506,803
,1,AGUASCALIENTES,16,AGUASCALIENTES,001,AGUASCALIENTES,591,1,73,77,5,11,17,5,13,104,22,2,0,1,0,3,0,0,1,,,,334,1,11,346,583
,1,AGUASCALIENTES,16,AGUASCALIENTES,001,AGUASCALIENTES,592,1,94,85,5,7,22,11,6,125,12,0,0,0,0,0,0,0,0,,,,367,0,17,384,594
,1,AGUASCALIENTES,16,AGUASCALIENTES,001,AGUASCALIENTES,593,1,60,90,1,6,11,6,10,55,12,0,0,0,0,0,0,0,0,,,,251,0,7,258,486
,1,AGUASCALIENTES,5,AGUASCALIENTES,001,AGUASCALIENTES,594,4,260,160,19,37,57,22,29,396,47,4,1,0,0,20,3,1,5,,,,1061,1,27,1089,2700
,1,AGUASCALIENTES,5,AGUASCALIENTES,001,AGUASCALIENTES,595,2,313,106,8,12,33,25,16,283,27,4,1,0,0,6,1,0,1,,,,836,1,30,867,1331
,1,AGUASCALIENTES,5,AGUASCALIENTES,001,AGUASCALIENTES,596,3,324,152,7,22,54,28,23,326,28,1,0,0,0,6,0,0,1,,,,972,1,28,1001,1690
,1,AGUASCALIENTES,12,AGUASCALIENTES,001,AGUASCALIENTES,597,2,134,159,13,11,25,15,13,198,22,2,0,3,0,5,0,0,3,,,,603,1,29,633,1286
,1,AGUASCALIENTES,5,AGUASCALIENTES,001,AGUASCALIENTES,598,3,202,186,16,41,32,17,13,273,19,1,0,0,0,2,2,0,3,,,,807,2,44,853,1524
,1,AGUASCALIENTES,5,AGUASCALIENTES,001,AGUASCALIENTES,599,2,219,85,11,14,41,14,20,183,12,4,0,0,0,2,1,0,2,,,,608,0,21,629,949
,1,AGUASCALIENTES,5,AGUASCALIENTES,001,AGUASCALIENTES,600,2,152,52,7,14,17,9,14,151,11,1,0,0,0,2,1,0,0,,,,431,1,14,446,865
,1,AGUASCALIENTES,5,AGUASCALIENTES,001,AGUASCALIENTES,601,3,232,149,16,24,45,31,23,277,47,1,1,0,0,1,4,0,3,,,,854,0,30,884,1832
,1,AGUASCALIENTES,12,AGUASCALIENTES,001,AGUASCALIENTES,602,3,193,184,8,29,33,27,15,264,25,1,0,0,0,4,2,0,1,,,,786,2,19,807,1663
,1,AGUASCALIENTES,5,AGUASCALIENTES,001,AGUASCALIENTES,603,2,191,93,16,9,23,14,7,186,11,2,1,0,0,1,1,1,3,,,,559,0,12,571,1363
,1,AGUASCALIENTES,12,AGUASCALIENTES,001,AGUASCALIENTES,604,2,115,94,10,12,28,12,10,143,19,2,0,0,0,9,0,0,1,,,,455,0,15,470,1005
,1,AGUASCALIENTES,5,AGUASCALIENTES,001,AGUASCALIENTES,605,1,188,76,5,4,22,9,23,116,8,5,0,0,0,0,0,0,0,,,,456,0,19,475,717
,1,AGUASCALIENTES,5,AGUASCALIENTES,001,AGUASCALIENTES,606,2,226,110,8,17,29,15,18,190,21,0,0,0,0,2,1,0,1,,,,638,1,14,653,1083
,1,AGUASCALIENTES,5,AGUASCALIENTES,001,AGUASCALIENTES,607,1,131,76,5,18,19,5,18,165,16,1,0,0,0,6,0,0,1,,,,461,1,9,471,720
