CIRCUNSCRIPCION,ID_ESTADO,NOMBRE_ESTADO,ID_DISTRITO_LOCAL,CABECERA_DISTRITAL_LOCAL,ID_MUNICIPIO,MUNICIPIO,ID_DEMARCACION_LOCAL,DEMARCACION_LOCAL,TIPO_DE_ELECCION,NOMBRE_PARTICIPANTE,NUMERO_LISTA,CANDIDATO,SEXO_CANDIDATO,RUTA_CONSTANCIA,PARTIDO
,23,QUINTANA ROO,,,1,BENITO JUAREZ,,,PRES_MUN,PVEM_PT_MORENA_MAS,1,MARIA ELENA HERMELINDA LEZAMA ESPINOSA ,2,,MORENA
,23,QUINTANA ROO,,,1,BENITO JUAREZ,,,SIND_MR,PVEM_PT_MORENA_MAS,1,LUIS PABLO BUSTAMANTE BELTRAN,1,,PVEM
,23,QUINTANA ROO,,,1,BENITO JUAREZ,,,REG_MR,PVEM_PT_MORENA_MAS,1,LOURDES LATIFE CARDONA MUZA,2,,MORENA
,23,QUINTANA ROO,,,1,BENITO JUAREZ,,,REG_MR,PVEM_PT_MORENA_MAS,2,JORGE ARTURO SANEN CERVANTES ,1,,MORENA
,23,QUINTANA ROO,,,1,BENITO JUAREZ,,,REG_MR,PVEM_PT_MORENA_MAS,3,MIRIAM MORALES VAZQUEZ,2,,MORENA
,23,QUINTANA ROO,,,1,BENITO JUAREZ,,,REG_MR,PVEM_PT_MORENA_MAS,4,PABLO GUTIERREZ FERNANDEZ,1,,MORENA
,23,QUINTANA ROO,,,1,BENITO JUAREZ,,,REG_MR,PVEM_PT_MORENA_MAS,5,JESSICA ALEJANDRA CIAU DIAZ,2,,MORENA
,23,QUINTANA ROO,,,1,BENITO JUAREZ,,,REG_MR,PVEM_PT_MORENA_MAS,6,MIGUEL ANGEL ZENTENO CORTES,1,,MORENA
,23,QUINTANA ROO,,,1,BENITO JUAREZ,,,REG_MR,PVEM_PT_MORENA_MAS,7,KARINA PAMELA ESPINOSA PEREZ,2,,PVEM
,23,QUINTANA ROO,,,1,BENITO JUAREZ,,,REG_MR,PVEM_PT_MORENA_MAS,8,SAMUEL MOLLINEDO PORTILLA ,1,,PVEM
,23,QUINTANA ROO,,,1,BENITO JUAREZ,,,REG_MR,PVEM_PT_MORENA_MAS,9,LORENA MARTINEZ BELLOS ,2,,PT
,23,QUINTANA ROO,,,1,BENITO JUAREZ,,,REG_RP,PAN_PRD_CQROO,1,JESUS DE LOS ANGELES POOL MOO,1,,PAN
,23,QUINTANA ROO,,,1,BENITO JUAREZ,,,REG_RP,PAN_PRD_CQROO,2,REYNA LESLEY TAMAYO CARBALLO,2,,PRD
,23,QUINTANA ROO,,,1,BENITO JUAREZ,,,REG_RP,FXM,1,ALMA ELENA REYNOSO ZAMBRANO,2,,FXM
,23,QUINTANA ROO,,,1,BENITO JUAREZ,,,REG_RP,PRI,1,JORGE RODRIGUEZ MENDEZ,1,,PRI
,23,QUINTANA ROO,,,1,BENITO JUAREZ,,,REG_RP,PAN_PRD_CQROO,3,EDUARDO KUYOC RODRIGUEZ,1,,PAN
,23,QUINTANA ROO,,,2,COZUMEL,,,PRES_MUN,PVEM_PT_MORENA_MAS,1,JUANITA OBDULIA ALONSO MARRUFO,2,,MORENA
,23,QUINTANA ROO,,,2,COZUMEL,,,SIND_MR,PVEM_PT_MORENA_MAS,1,BRUNO ESTEBAN DIAZ SOLIS ,1,,MORENA
,23,QUINTANA ROO,,,2,COZUMEL,,,REG_MR,PVEM_PT_MORENA_MAS,1,ANGELA DEL SOCORRO CARRILLO CHULIN ,2,,MORENA
,23,QUINTANA ROO,,,2,COZUMEL,,,REG_MR,PVEM_PT_MORENA_MAS,2,DANIEL ADRIAN GUAL MANZANILLA,1,,MORENA
,23,QUINTANA ROO,,,2,COZUMEL,,,REG_MR,PVEM_PT_MORENA_MAS,3,FABIOLA AISLINN CHAVEZ BRITO,2,,MORENA
,23,QUINTANA ROO,,,2,COZUMEL,,,REG_MR,PVEM_PT_MORENA_MAS,4,JUAN CARLOS GONGORA AKE,1,,MORENA
,23,QUINTANA ROO,,,2,COZUMEL,,,REG_MR,PVEM_PT_MORENA_MAS,5,GENNY ARACELLY MARTINEZ KOH,2,,PVEM
,23,QUINTANA ROO,,,2,COZUMEL,,,REG_MR,PVEM_PT_MORENA_MAS,6,PEDRO FRANCISCO CENTENO KU,1,,PT
,23,QUINTANA ROO,,,2,COZUMEL,,,REG_RP,PAN_PRI_PRD_CQROO,1,PEDRO OSCAR JOAQUIN DELBOUIS,1,,PAN
,23,QUINTANA ROO,,,2,COZUMEL,,,REG_RP,PAN_PRI_PRD_CQROO,2,ANA GABRIELA ARANA MARTIN ,2,,PRD
,23,QUINTANA ROO,,,2,COZUMEL,,,REG_RP,PAN_PRI_PRD_CQROO,3,MIGUEL ANGEL CANTE AVILA ,1,,PRI
,23,QUINTANA ROO,,,3,FELIPE CARRILLO PUERTO,,,PRES_MUN,PVEM_PT_MORENA_MAS,1,MARICARMEN CANDELARIA HERNANDEZ SOLIS,2,,MORENA
,23,QUINTANA ROO,,,3,FELIPE CARRILLO PUERTO,,,SIND_MR,PVEM_PT_MORENA_MAS,1,MARIO DIDIER AGUILAR RAMIREZ,1,,MORENA
,23,QUINTANA ROO,,,3,FELIPE CARRILLO PUERTO,,,REG_MR,PVEM_PT_MORENA_MAS,1,MARIA ANTONIETA AGUILAR RIOS,2,,MORENA
,23,QUINTANA ROO,,,3,FELIPE CARRILLO PUERTO,,,REG_MR,PVEM_PT_MORENA_MAS,2,JOSE MARIA CHACON CHABLE,1,,MORENA
,23,QUINTANA ROO,,,3,FELIPE CARRILLO PUERTO,,,REG_MR,PVEM_PT_MORENA_MAS,3,ALICIA TAPIA MONTEJO,2,,MORENA
,23,QUINTANA ROO,,,3,FELIPE CARRILLO PUERTO,,,REG_MR,PVEM_PT_MORENA_MAS,4,HUGO SALVADOR FLORES VEGA,1,,MORENA
,23,QUINTANA ROO,,,3,FELIPE CARRILLO PUERTO,,,REG_MR,PVEM_PT_MORENA_MAS,5,MARIA TERESA CRUZ QUINTAL,2,,PVEM
,23,QUINTANA ROO,,,3,FELIPE CARRILLO PUERTO,,,REG_MR,PVEM_PT_MORENA_MAS,6,ADRIAN ALONSO PACHECO MOO,1,,PT
,23,QUINTANA ROO,,,3,FELIPE CARRILLO PUERTO,,,REG_RP,PAN_PRI_PRD_CQROO,1,PAOLY ELIZABETH PERERA MALDONADO,2,,PAN
,23,QUINTANA ROO,,,3,FELIPE CARRILLO PUERTO,,,REG_RP,PAN_PRI_PRD_CQROO,2,ROMUALDO BE CHUC,1,,PRI
,23,QUINTANA ROO,,,3,FELIPE CARRILLO PUERTO,,,REG_RP,PAN_PRI_PRD_CQROO,3,NADYA CYRENE ORTIZ CAAMAL,2,,PRD
,23,QUINTANA ROO,,,4,ISLA MUJERES,,,PRES_MUN,PAN_PRI_PRD_CQROO,1,TERESA ATENEA GOMEZ RICALDE,2,,PAN
,23,QUINTANA ROO,,,4,ISLA MUJERES,,,SIND_MR,PAN_PRI_PRD_CQROO,1,JOSE MANUEL LOPEZ GARCIA,1,,PRI
,23,QUINTANA ROO,,,4,ISLA MUJERES,,,REG_MR,PAN_PRI_PRD_CQROO,1,AMADA ALEJANDRA PENICHE HERNANDEZ,2,,PRI
,23,QUINTANA ROO,,,4,ISLA MUJERES,,,REG_MR,PAN_PRI_PRD_CQROO,2,DANCEY GEISLER FERNANDEZ LORIA,1,,PAN
,23,QUINTANA ROO,,,4,ISLA MUJERES,,,REG_MR,PAN_PRI_PRD_CQROO,3,JESSICA CONTRERAS GOMEZ,2,,CQROO
,23,QUINTANA ROO,,,4,ISLA MUJERES,,,REG_MR,PAN_PRI_PRD_CQROO,4,PEDRO MANUEL PALMA CHAN,1,,PRD
,23,QUINTANA ROO,,,4,ISLA MUJERES,,,REG_MR,PAN_PRI_PRD_CQROO,5,VALERIA ALEJANDRA ARAGON CAHUICH,2,,PRI
,23,QUINTANA ROO,,,4,ISLA MUJERES,,,REG_MR,PAN_PRI_PRD_CQROO,6,GASPAR KUMUL AY,1,,PRI
,23,QUINTANA ROO,,,4,ISLA MUJERES,,,REG_RP,PVEM_PT_MORENA_MAS,1,FERNANDO RICARDO BACELIS GODOY,1,,MORENA
,23,QUINTANA ROO,,,4,ISLA MUJERES,,,REG_RP,PVEM_PT_MORENA_MAS,2,BELLA MAR GARRIDO GOMEZ,2,,MORENA
,23,QUINTANA ROO,,,4,ISLA MUJERES,,,REG_RP,PVEM_PT_MORENA_MAS,3,HECTOR GIL CHABLE,1,,MORENA
,23,QUINTANA ROO,,,5,JOSE MARIA MORELOS,,,PRES_MUN,MORENA,1,ERIK NOE BORGES YAM,1,,MORENA
,23,QUINTANA ROO,,,5,JOSE MARIA MORELOS,,,SIND_MR,MORENA,1,ZUGEYDI SERRALTA VAZQUEZ ,2,,MORENA
,23,QUINTANA ROO,,,5,JOSE MARIA MORELOS,,,REG_MR,MORENA,1,SANTIAGO MARTIN ANGULO,1,,MORENA
,23,QUINTANA ROO,,,5,JOSE MARIA MORELOS,,,REG_MR,MORENA,2,ALBA GENOVEVA NAAL CHI ,2,,MORENA
,23,QUINTANA ROO,,,5,JOSE MARIA MORELOS,,,REG_MR,MORENA,3,LUIS ALFONSO TUN SALDOVAL ,1,,MORENA
,23,QUINTANA ROO,,,5,JOSE MARIA MORELOS,,,REG_MR,MORENA,4,MINERVA MARCELINA SANCHEZ SANCHEZ ,2,,MORENA
,23,QUINTANA ROO,,,5,JOSE MARIA MORELOS,,,REG_MR,MORENA,5,GERMAN ALEJANDRO PINEDA UC,1,,MORENA
,23,QUINTANA ROO,,,5,JOSE MARIA MORELOS,,,REG_MR,MORENA,6,GRISELDA CHAN CHUC,2,,MORENA
,23,QUINTANA ROO,,,5,JOSE MARIA MORELOS,,,REG_RP,PAN_PRI_PRD_CQROO,1,SOFIA ALCOCER ALCOCER,2,,PRI
,23,QUINTANA ROO,,,5,JOSE MARIA MORELOS,,,REG_RP,MC,1,CARLOS JOSE MANUEL CETINA ALAMILLA,1,,MC
,23,QUINTANA ROO,,,5,JOSE MARIA MORELOS,,,REG_RP,PAN_PRI_PRD_CQROO,2,LUIS FERNANDO CARRILLO ROMERO,1,,PAN
,23,QUINTANA ROO,,,6,LAZARO CARDENAS,,,PRES_MUN,PVEM_PT_MORENA_MAS,1,ORLANDO EMIR BELLOS TUN ,1,,MAS
,23,QUINTANA ROO,,,6,LAZARO CARDENAS,,,SIND_MR,PVEM_PT_MORENA_MAS,1,SILVIA DEL SOCORRO TUZ PECH,2,,MAS
,23,QUINTANA ROO,,,6,LAZARO CARDENAS,,,REG_MR,PVEM_PT_MORENA_MAS,1,ALVARO GERMAN TREJO ANCONA,1,,MAS
,23,QUINTANA ROO,,,6,LAZARO CARDENAS,,,REG_MR,PVEM_PT_MORENA_MAS,2,GEYDI MARCELA POOL CETINA,2,,MAS
,23,QUINTANA ROO,,,6,LAZARO CARDENAS,,,REG_MR,PVEM_PT_MORENA_MAS,3,CRISTO MARCOS FERNANDO MARIANO GOMEZ,1,,MAS
,23,QUINTANA ROO,,,6,LAZARO CARDENAS,,,REG_MR,PVEM_PT_MORENA_MAS,4,MARTHA LOYA COBOS,2,,MORENA
,23,QUINTANA ROO,,,6,LAZARO CARDENAS,,,REG_MR,PVEM_PT_MORENA_MAS,5,CARLOS BETANCOURT BAAS ,1,,PVEM
,23,QUINTANA ROO,,,6,LAZARO CARDENAS,,,REG_MR,PVEM_PT_MORENA_MAS,6,MARIA GABRIELA KU SOSA,2,,PT
,23,QUINTANA ROO,,,6,LAZARO CARDENAS,,,REG_RP,PAN,1,JOSUE NIVARDO MENA VILLANUEVA,1,,PAN
,23,QUINTANA ROO,,,6,LAZARO CARDENAS,,,REG_RP,PAN,2,ROSARIO LETICIA DZIB MAZUM,2,,PAN
,23,QUINTANA ROO,,,6,LAZARO CARDENAS,,,REG_RP,PAN,3,SALVADOR VARGAS ROSAS,1,,PAN
,23,QUINTANA ROO,,,7,OTHON P. BLANCO ,,,PRES_MUN,PVEM_PT_MORENA_MAS,1,YENSUNNI IDALIA MARTINEZ HERNANDEZ,2,,MORENA
,23,QUINTANA ROO,,,7,OTHON P. BLANCO ,,,SIND_MR,PVEM_PT_MORENA_MAS,1,ALEJANDRA DEL ANGEL CARMONA,2,,MORENA
,23,QUINTANA ROO,,,7,OTHON P. BLANCO ,,,REG_MR,PVEM_PT_MORENA_MAS,1,SAULO AGUILAR BERNES,1,,MORENA
,23,QUINTANA ROO,,,7,OTHON P. BLANCO ,,,REG_MR,PVEM_PT_MORENA_MAS,2,CINDY LIVIER YAH MAY,2,,MORENA
,23,QUINTANA ROO,,,7,OTHON P. BLANCO ,,,REG_MR,PVEM_PT_MORENA_MAS,3,ALFREDO CEBALLOS SANTIAGO,1,,MORENA
,23,QUINTANA ROO,,,7,OTHON P. BLANCO ,,,REG_MR,PVEM_PT_MORENA_MAS,4,GRECIA MONSERRAT CORAL PASOS,2,,MORENA
,23,QUINTANA ROO,,,7,OTHON P. BLANCO ,,,REG_MR,PVEM_PT_MORENA_MAS,5,JORGE HERRERA AGUILAR,1,,MORENA
,23,QUINTANA ROO,,,7,OTHON P. BLANCO ,,,REG_MR,PVEM_PT_MORENA_MAS,6,MARIA DEL CARMEN GARCIA GUEVARA,2,,MORENA
,23,QUINTANA ROO,,,7,OTHON P. BLANCO ,,,REG_MR,PVEM_PT_MORENA_MAS,7,SANTIAGO AJA VACA,1,,PVEM
,23,QUINTANA ROO,,,7,OTHON P. BLANCO ,,,REG_MR,PVEM_PT_MORENA_MAS,8,FELICIA VICTORIA MANRIQUE ALCOCER,2,,PT
,23,QUINTANA ROO,,,7,OTHON P. BLANCO ,,,REG_MR,PVEM_PT_MORENA_MAS,9,HECTOR HERNAN PEREZ RIVERO,1,,MAS
,23,QUINTANA ROO,,,7,OTHON P. BLANCO ,,,REG_RP,PAN_PRI_PRD_CQROO,1,JUAN JOSE ORTIZ CARDIN ,1,,PRI
,23,QUINTANA ROO,,,7,OTHON P. BLANCO ,,,REG_RP,PAN_PRI_PRD_CQROO,2,CINTHYA YAMILIE MILLAN ESTRELLA,2,,PRD
,23,QUINTANA ROO,,,7,OTHON P. BLANCO ,,,REG_RP,RSP,1,JOSE ANGEL MUÑOZ GONZALEZ,1,,RSP
,23,QUINTANA ROO,,,7,OTHON P. BLANCO ,,,REG_RP,PAN_PRI_PRD_CQROO,3,ANGEL EZEQUIEL RIVERO PALOMO ,1,,PRI
,23,QUINTANA ROO,,,7,OTHON P. BLANCO ,,,REG_RP,MC,1,LIDIA ESTHER ROJAS FABRO,2,,MC
,23,QUINTANA ROO,,,7,OTHON P. BLANCO ,,,REG_RP,CAND_IND3,2,RUFINA CRUZ MARTINEZ,2,,CAND_IND3
,23,QUINTANA ROO,,,8,SOLIDARIDAD,,,PRES_MUN,PAN_PRI_PRD_CQROO,1,ROXANA LILI CAMPOS MIRANDA,2,,PAN
,23,QUINTANA ROO,,,8,SOLIDARIDAD,,,SIND_MR,PAN_PRI_PRD_CQROO,1,ADRIAN ARMANDO PEREZ VERA,1,,PAN
,23,QUINTANA ROO,,,8,SOLIDARIDAD,,,REG_MR,PAN_PRI_PRD_CQROO,1,NELLYADI ANAIZA QUIAN MEDINA,2,,PRI
,23,QUINTANA ROO,,,8,SOLIDARIDAD,,,REG_MR,PAN_PRI_PRD_CQROO,2,RUVICEL LOPEZ PEREZ,1,,PRD
,23,QUINTANA ROO,,,8,SOLIDARIDAD,,,REG_MR,PAN_PRI_PRD_CQROO,3,PETRA LUISA VILLAR ALFONSECA,2,,PAN 
,23,QUINTANA ROO,,,8,SOLIDARIDAD,,,REG_MR,PAN_PRI_PRD_CQROO,4,URI CARMONA ISLAS,1,,PRI
,23,QUINTANA ROO,,,8,SOLIDARIDAD,,,REG_MR,PAN_PRI_PRD_CQROO,5,LESBIA YAMIRA QUINTAL GARCIA,2,,CQROO
,23,QUINTANA ROO,,,8,SOLIDARIDAD,,,REG_MR,PAN_PRI_PRD_CQROO,6,RODOLFO DEL ANGEL CAMPOS,1,,PAN 
,23,QUINTANA ROO,,,8,SOLIDARIDAD,,,REG_MR,PAN_PRI_PRD_CQROO,7,MARIBEL MORALES OROZCO,2,,PRD
,23,QUINTANA ROO,,,8,SOLIDARIDAD,,,REG_MR,PAN_PRI_PRD_CQROO,8,CECILIO PUC SANSORES,1,,PRI
,23,QUINTANA ROO,,,8,SOLIDARIDAD,,,REG_MR,PAN_PRI_PRD_CQROO,9,MATILDE CARRILLO VEJAR,2,,PAN
,23,QUINTANA ROO,,,8,SOLIDARIDAD,,,REG_RP,PVEM_PT_MORENA_MAS,1,LAURA ESTHER BERISTAIN NAVARRETE ,2,,MORENA
,23,QUINTANA ROO,,,8,SOLIDARIDAD,,,REG_RP,PVEM_PT_MORENA_MAS,2,LUIS ALLAN OCHOA MEDINA,1,,MORENA
,23,QUINTANA ROO,,,8,SOLIDARIDAD,,,REG_RP,FXM,1,JOSE GABRIEL CONCEPCION MENDICUTI LORIA,1,,FXM
,23,QUINTANA ROO,,,8,SOLIDARIDAD,,,REG_RP,MC,1,MARCIANO TOLEDO SANCHEZ,1,,MC
,23,QUINTANA ROO,,,8,SOLIDARIDAD,,,REG_RP,PVEM_PT_MORENA_MAS,3,VALENTINA JOHANA ALVAREZ CASTAÑEDA ,2,,MORENA
,23,QUINTANA ROO,,,8,SOLIDARIDAD,,,REG_RP,FXM,2,ANGELA GUADALUPE SANCHEZ GUTIERREZ,2,,FXM
,23,QUINTANA ROO,,,9,TULUM,,,PRES_MUN,PVEM_PT_MORENA_MAS,1,MARCIANO DZUL CAAMAL ,1,,MORENA
,23,QUINTANA ROO,,,9,TULUM,,,SIND_MR,PVEM_PT_MORENA_MAS,1,MARIA TERESA ARANA SANCHEZ ,2,,MORENA
,23,QUINTANA ROO,,,9,TULUM,,,REG_MR,PVEM_PT_MORENA_MAS,1,DAVID MANANCES TAH BALAM ,1,,MORENA
,23,QUINTANA ROO,,,9,TULUM,,,REG_MR,PVEM_PT_MORENA_MAS,2,BEATRIZ ANAHI MENDOZA SAMOS,2,,MORENA
,23,QUINTANA ROO,,,9,TULUM,,,REG_MR,PVEM_PT_MORENA_MAS,3,MARTIN DZIB CHIMAL ,1,,MORENA
,23,QUINTANA ROO,,,9,TULUM,,,REG_MR,PVEM_PT_MORENA_MAS,4,FANY ADRIANA GALLEGOS SANCHEZ,2,,PVEM
,23,QUINTANA ROO,,,9,TULUM,,,REG_MR,PVEM_PT_MORENA_MAS,5,CARLOS ADOLFO CORAL BASULTO ,1,,PT
,23,QUINTANA ROO,,,9,TULUM,,,REG_MR,PVEM_PT_MORENA_MAS,6,PAULINA YADIRA MALPICA YAÑEZ,2,,MAS
,23,QUINTANA ROO,,,9,TULUM,,,REG_RP,PAN_PRI_PRD_CQROO,1,VICTOR MAS TAH,1,,PRI
,23,QUINTANA ROO,,,9,TULUM,,,REG_RP,PAN_PRI_PRD_CQROO,2,EVA ROSELY ROCHA GEDED,2,,PAN
,23,QUINTANA ROO,,,9,TULUM,,,REG_RP,PAN_PRI_PRD_CQROO,3,IVAN ALFREDO DZUL CABAÑAS,1,,PAN
,23,QUINTANA ROO,,,10,BACALAR,,,PRES_MUN,PAN_PRI_PRD_CQROO,1,JOSE ALFREDO CONTRERAS MENDEZ,1,,PRI
,23,QUINTANA ROO,,,10,BACALAR,,,SIND_MR,PAN_PRI_PRD_CQROO,1,JUANA VANESSA PIÑA GUTIERREZ ,2,,PRI
,23,QUINTANA ROO,,,10,BACALAR,,,REG_MR,PAN_PRI_PRD_CQROO,1,CARLOS MARTIN UCAN FLORES,1,,PAN
,23,QUINTANA ROO,,,10,BACALAR,,,REG_MR,PAN_PRI_PRD_CQROO,2,ROSA GARCIA GONZALEZ,2,,PRD
,23,QUINTANA ROO,,,10,BACALAR,,,REG_MR,PAN_PRI_PRD_CQROO,3,SAN ELEUTERIO MENDEZ BACAB ,1,,PAN
,23,QUINTANA ROO,,,10,BACALAR,,,REG_MR,PAN_PRI_PRD_CQROO,4,HILARIA MORENO HERNANDEZ,2,,PRI
,23,QUINTANA ROO,,,10,BACALAR,,,REG_MR,PAN_PRI_PRD_CQROO,5,JUAN SEPULVEDA PALACIOS,1,,PRI
,23,QUINTANA ROO,,,10,BACALAR,,,REG_MR,PAN_PRI_PRD_CQROO,6,MARIA ELIZABETH CAN FALCON ,2,,CQROO
,23,QUINTANA ROO,,,10,BACALAR,,,REG_RP,PVEM_PT_MORENA_MAS,1,MA. TRINIDAD GUILLEN NUÑEZ,2,,PT
,23,QUINTANA ROO,,,10,BACALAR,,,REG_RP,PVEM_PT_MORENA_MAS,2,GUILLERMO ARTURO TUN RUIZ,1,,PT
,23,QUINTANA ROO,,,10,BACALAR,,,REG_RP,PVEM_PT_MORENA_MAS,3,GLADYS ANGELICA CASTRO CAMARA,2,,PT
,23,QUINTANA ROO,,,11,PUERTO MORELOS,,,PRES_MUN,PVEM_PT_MORENA_MAS,1,BLANCA MERARI TZIU MUÑOZ,2,,PVEM
,23,QUINTANA ROO,,,11,PUERTO MORELOS,,,SIND_MR,PVEM_PT_MORENA_MAS,1,ALBERTO ARELLE SERGENT,1,,PVEM
,23,QUINTANA ROO,,,11,PUERTO MORELOS,,,REG_MR,PVEM_PT_MORENA_MAS,1,IRMA AVILA MENDEZ,2,,PVEM
,23,QUINTANA ROO,,,11,PUERTO MORELOS,,,REG_MR,PVEM_PT_MORENA_MAS,2,CARLO FONSECA LEON,1,,PVEM
,23,QUINTANA ROO,,,11,PUERTO MORELOS,,,REG_MR,PVEM_PT_MORENA_MAS,3,ADRIANA NAVA GOMEZ ,2,,PVEM
,23,QUINTANA ROO,,,11,PUERTO MORELOS,,,REG_MR,PVEM_PT_MORENA_MAS,4,GONZALO CALDERON POOT,1,,MORENA
,23,QUINTANA ROO,,,11,PUERTO MORELOS,,,REG_MR,PVEM_PT_MORENA_MAS,5,MARIA FERNANDA ALVEAR PALACIOS,2,,PT
,23,QUINTANA ROO,,,11,PUERTO MORELOS,,,REG_MR,PVEM_PT_MORENA_MAS,6,JOSE MARIA VERA URIBE,1,,MAS
,23,QUINTANA ROO,,,11,PUERTO MORELOS,,,REG_RP,PES,1,YAZMIN DEL CARMEN VIVAS MEDINA ,2,,PES
,23,QUINTANA ROO,,,11,PUERTO MORELOS,,,REG_RP,FXM,1,MANUEL TIRSO ESQUIVEL AVILA,1,,FXM
,23,QUINTANA ROO,,,11,PUERTO MORELOS,,,REG_RP,PES,2,RODRIGO MAY RIVERO,1,,PES
