ID_ESTADO,NOMBRE_ESTADO,ID_DISTRITO_LOCAL,CABECERA_DISTRITAL_LOCAL,SECCIONES,CASILLAS,PAN,PRI,PRD,PT,PVEM,MC,MORENA,PES,RSP,FXM,CAND_IND13,CAND_IND14,NUM_VOTOS_VALIDOS,NUM_VOTOS_CAN_NREG,NUM_VOTOS_NULOS,TOTAL_VOTOS,LISTA_NOMINAL,RUTA_ACTA
16,MICHOACAN,1,LA PIEDAD,140,282,17860,10352,5638,3303,3303,7297,19915,2894,385,1447,0,0,72394,29,2358,74781,158503,https://www.iem.org.mx/peol_2021/actas/diprp/LA_PIEDAD.pdf
16,MICHOACAN,2,PURUANDIRO,165,315,2696,11968,13538,3962,10029,4286,20899,6631,1147,3934,0,0,79090,39,4523,83652,168131,https://www.iem.org.mx/peol_2021/actas/diprp/PURUANDIRO.pdf
16,MICHOACAN,3,MARAVATIO DE OCAMPO,98,246,5014,11116,14085,2290,10245,3302,18065,1359,1076,2251,0,0,68803,25,2953,71781,139390,https://www.iem.org.mx/peol_2021/actas/diprp/MARAVATIO.pdf
16,MICHOACAN,4,JIQUILPAN DE JUAREZ,140,280,16151,11406,5142,3170,4124,8408,22243,2243,0,2614,0,0,75501,45,2573,78119,146965,https://www.iem.org.mx/peol_2021/actas/diprp/JIQUILPAN.pdf
16,MICHOACAN,5,PARACHO DE VERDUZCO,97,228,3918,10916,9651,4430,4500,4123,25600,5559,1123,2941,0,0,72761,25,3312,76098,124194,https://www.iem.org.mx/peol_2021/actas/diprp/PARACHO.pdf
16,MICHOACAN,6,ZAMORA DE HIDALGO,97,258,15639,9139,2390,5698,3494,3572,12700,1401,599,863,0,0,55495,43,1835,57373,151004,https://www.iem.org.mx/peol_2021/actas/diprp/ZAMORA.pdf
16,MICHOACAN,7,ZACAPU,125,278,7316,10454,12973,3091,2605,7062,18992,2885,1430,2928,0,0,69736,39,3063,72838,163272,https://www.iem.org.mx/peol_2021/actas/diprp/ZACAPU.pdf
16,MICHOACAN,8,TARIMBARO,113,279,6703,11729,9108,11939,9964,5443,13861,8592,840,5004,0,0,83183,80,3797,87060,159812,https://www.iem.org.mx/peol_2021/actas/diprp/TARIMBARO.pdf
16,MICHOACAN,9,LOS REYES DE SALGADO,138,303,11917,9816,5069,2955,7877,7014,20973,2863,1196,4015,0,0,73695,31,3051,76777,160090,https://www.iem.org.mx/peol_2021/actas/diprp/LOS_REYES.pdf
16,MICHOACAN,10,MORELIA,57,235,9728,10137,4343,1853,2409,1530,19590,889,2354,1048,0,0,53881,78,2645,56604,148277,https://www.iem.org.mx/peol_2021/actas/diprp/MORELIA_10.pdf
16,MICHOACAN,11,MORELIA,95,265,21693,11491,5934,2286,4427,2167,21175,1298,1203,1145,0,0,72819,89,3175,76083,160932,https://www.iem.org.mx/peol_2021/actas/diprp/MORELIA_11.pdf
16,MICHOACAN,12,CIUDAD HIDALGO,126,277,7164,9894,7730,11435,11612,5556,18150,2009,3083,1049,0,0,77682,37,3485,81204,155057,https://www.iem.org.mx/peol_2021/actas/diprp/CIUDAD_HIDALGO.pdf
16,MICHOACAN,13,HEROICA ZITACUARO,89,227,6228,12945,8172,7245,5919,2371,17911,1746,4245,2353,0,0,69135,66,3660,72861,133936,https://www.iem.org.mx/peol_2021/actas/diprp/ZITACUARO.pdf
16,MICHOACAN,14,URUAPAN DEL PROGRESO,86,217,9015,4446,10646,2272,2777,2073,23435,874,465,1779,0,0,57782,59,2354,60195,125708,https://www.iem.org.mx/peol_2021/actas/diprp/URUAPAN_14.pdf
16,MICHOACAN,15,PATZCUARO,96,245,5990,12355,12542,3500,8435,4346,16004,2780,3498,3513,0,0,72963,34,4095,77092,146864,https://www.iem.org.mx/peol_2021/actas/diprp/PATZCUARO.pdf
16,MICHOACAN,16,MORELIA,92,272,12729,11705,7291,2310,4009,2482,25599,1059,1052,1286,0,0,69522,103,3497,73122,162974,https://www.iem.org.mx/peol_2021/actas/diprp/MORELIA_16.pdf
16,MICHOACAN,17,MORELIA,127,290,28517,12533,5645,2134,5008,1971,23987,949,2312,1442,0,0,84498,103,2947,87548,164000,https://www.iem.org.mx/peol_2021/actas/diprp/MORELIA_17.pdf
16,MICHOACAN,18,HUETAMO DE NUÑEZ,178,281,2660,6964,21422,3635,12352,2026,29777,3337,658,0,0,0,82831,26,3862,86719,140654,https://www.iem.org.mx/peol_2021/actas/diprp/HUETAMO.pdf
16,MICHOACAN,19,TACAMBARO DE CODALLOS,141,279,10745,15589,7140,10890,7135,1097,19856,5707,0,960,0,0,79119,79,4343,83541,151548,https://www.iem.org.mx/peol_2021/actas/diprp/TACAMBARO.pdf
16,MICHOACAN,20,URUAPAN DEL PROGRESO,55,199,8013,3352,9584,3140,2029,1212,21462,1070,480,991,0,0,51333,52,2596,53981,125907,https://www.iem.org.mx/peol_2021/actas/diprp/URUAPAN_20.pdf
16,MICHOACAN,21,COALCOMAN DE VAZQUEZ PALLARES,111,235,3127,7566,7652,1910,18309,2011,14482,1284,572,4034,0,0,60947,44,2557,63548,130680,https://www.iem.org.mx/peol_2021/actas/diprp/COALCOMAN.pdf
16,MICHOACAN,22,NUEVA ITALIA DE RUIZ,124,256,2258,10257,6930,6966,1732,450,43803,1028,0,452,0,0,73876,14,2717,76607,132838,https://www.iem.org.mx/peol_2021/actas/diprp/MUGICA.pdf
16,MICHOACAN,23,APATZINGAN DE LA CONSTITUCION,104,236,4821,10617,7028,3964,2852,1023,17822,777,2342,1765,1295,0,54306,63,2310,56679,129466,https://www.iem.org.mx/peol_2021/actas/diprp/APATZINGAN.pdf
16,MICHOACAN,24,LAZARO CARDENAS,65,231,4320,5304,10119,2723,2575,1316,34160,768,1764,1464,0,805,65318,90,1665,67073,140241,https://www.iem.org.mx/peol_2021/actas/diprp/LAZARO_CARDENAS.pdf