CIRCUNSCRIPCION,ID_ESTADO,NOMBRE_ESTADO,ID_DISTRITO,CABECERA_DISTRITAL,ID_MUNICIPIO,MUNICIPIO,SECCION,CASILLAS,PAN,PRI,PRD,PVEM,PT,MC,NVA_ALIANZA,MORENA,PH,ES,PRI_PVEM,CAND_IND1,NUM_VOTOS_CAN_NREG,NUM_VOTOS_VALIDOS,NUM_VOTOS_NULOS,TOTAL_VOTOS,LISTA_NOMINAL
3,4,CAMPECHE,2,SAN FRANCISCO DE CAMPECHE,1,CAMPECHE,1,1,68,189,1,6,2,5,18,98,5,5,1,3,,401,8,409,576
3,4,CAMPECHE,2,SAN FRANCISCO DE CAMPECHE,1,CAMPECHE,2,1,61,123,7,4,2,4,7,110,1,11,5,7,,342,12,354,648
3,4,CAMPECHE,2,SAN FRANCISCO DE CAMPECHE,1,CAMPECHE,3,1,82,208,1,9,4,3,7,118,1,6,1,4,,444,9,453,667
3,4,CAMPECHE,2,SAN FRANCISCO DE CAMPECHE,1,CAMPECHE,4,15,1213,1671,103,32,39,20,96,822,34,60,183,45,,4318,142,4460,9425
3,4,CAMPECHE,2,SAN FRANCISCO DE CAMPECHE,1,CAMPECHE,5,2,116,241,14,10,8,5,13,227,3,10,12,4,,663,23,686,1056
3,4,CAMPECHE,2,SAN FRANCISCO DE CAMPECHE,1,CAMPECHE,6,2,107,205,5,6,9,0,15,162,12,5,9,8,,543,20,563,961
3,4,CAMPECHE,1,SAN FRANCISCO DE CAMPECHE,1,CAMPECHE,7,2,95,252,13,9,7,3,22,175,1,5,11,3,,596,28,624,935
3,4,CAMPECHE,2,SAN FRANCISCO DE CAMPECHE,1,CAMPECHE,8,1,107,170,5,4,4,3,13,120,2,6,2,5,,441,8,449,737
3,4,CAMPECHE,2,SAN FRANCISCO DE CAMPECHE,1,CAMPECHE,9,6,435,895,32,26,27,23,70,717,33,28,23,38,,2347,48,2395,4280
3,4,CAMPECHE,1,SAN FRANCISCO DE CAMPECHE,1,CAMPECHE,10,2,114,193,18,3,3,5,12,120,1,10,10,3,,492,21,513,966
3,4,CAMPECHE,1,SAN FRANCISCO DE CAMPECHE,1,CAMPECHE,11,2,99,269,6,9,7,6,11,118,1,4,12,2,,544,26,570,908
3,4,CAMPECHE,1,SAN FRANCISCO DE CAMPECHE,1,CAMPECHE,12,2,156,394,14,17,12,2,17,256,6,7,13,6,,900,35,935,1455
3,4,CAMPECHE,1,SAN FRANCISCO DE CAMPECHE,1,CAMPECHE,13,2,213,210,11,3,7,1,24,127,4,5,7,7,,619,18,637,1156
3,4,CAMPECHE,1,SAN FRANCISCO DE CAMPECHE,1,CAMPECHE,14,2,120,216,13,6,6,4,10,104,3,3,8,5,,498,24,522,1008
3,4,CAMPECHE,2,SAN FRANCISCO DE CAMPECHE,1,CAMPECHE,15,2,212,222,15,3,5,3,7,137,6,8,116,7,,741,18,759,1140
3,4,CAMPECHE,2,SAN FRANCISCO DE CAMPECHE,1,CAMPECHE,16,2,189,194,17,4,2,11,33,134,4,6,8,5,,607,21,628,1098
3,4,CAMPECHE,7,TENABO,1,CAMPECHE,17,6,426,588,35,18,14,12,55,604,13,25,26,20,,1836,52,1888,4422
3,4,CAMPECHE,2,SAN FRANCISCO DE CAMPECHE,1,CAMPECHE,18,1,91,158,13,1,4,1,11,102,1,2,9,8,,401,7,408,636
3,4,CAMPECHE,2,SAN FRANCISCO DE CAMPECHE,1,CAMPECHE,19,2,208,187,12,6,4,4,14,82,2,3,11,6,,539,15,554,1050
3,4,CAMPECHE,2,SAN FRANCISCO DE CAMPECHE,1,CAMPECHE,20,2,149,272,12,11,3,2,4,115,3,6,16,1,,594,20,614,1084
3,4,CAMPECHE,1,SAN FRANCISCO DE CAMPECHE,1,CAMPECHE,21,2,159,341,20,10,9,5,20,164,6,6,12,9,,761,18,779,1442
3,4,CAMPECHE,1,SAN FRANCISCO DE CAMPECHE,1,CAMPECHE,22,2,83,250,4,0,6,1,14,151,13,5,8,4,,539,15,554,933
3,4,CAMPECHE,1,SAN FRANCISCO DE CAMPECHE,1,CAMPECHE,23,2,110,226,7,9,8,2,11,115,5,7,3,5,,508,21,529,848
3,4,CAMPECHE,1,SAN FRANCISCO DE CAMPECHE,1,CAMPECHE,24,2,118,292,13,4,7,6,19,167,1,4,3,11,,645,19,664,1071
3,4,CAMPECHE,1,SAN FRANCISCO DE CAMPECHE,1,CAMPECHE,25,1,52,187,5,5,4,3,10,86,1,3,8,14,,378,4,382,580
3,4,CAMPECHE,1,SAN FRANCISCO DE CAMPECHE,1,CAMPECHE,26,2,98,297,25,24,5,0,18,215,8,10,13,15,,728,17,745,1092
3,4,CAMPECHE,1,SAN FRANCISCO DE CAMPECHE,1,CAMPECHE,27,2,94,301,13,10,1,2,17,252,6,16,8,8,,728,9,737,1141
3,4,CAMPECHE,1,SAN FRANCISCO DE CAMPECHE,1,CAMPECHE,28,1,39,195,6,0,2,2,4,86,4,2,0,2,,342,8,350,570
3,4,CAMPECHE,1,SAN FRANCISCO DE CAMPECHE,1,CAMPECHE,29,2,56,215,10,7,5,1,2,244,6,3,13,6,,568,12,580,855
3,4,CAMPECHE,1,SAN FRANCISCO DE CAMPECHE,1,CAMPECHE,30,2,74,231,4,9,6,3,3,160,4,5,9,3,,511,20,531,760
3,4,CAMPECHE,1,SAN FRANCISCO DE CAMPECHE,1,CAMPECHE,31,1,64,200,5,7,3,1,8,130,3,9,14,4,,448,10,458,708
3,4,CAMPECHE,1,SAN FRANCISCO DE CAMPECHE,1,CAMPECHE,32,2,82,175,14,6,1,3,15,153,1,5,9,2,,466,13,479,774
3,4,CAMPECHE,1,SAN FRANCISCO DE CAMPECHE,1,CAMPECHE,33,2,101,197,15,6,9,4,7,103,4,5,1,7,,459,23,482,886
3,4,CAMPECHE,1,SAN FRANCISCO DE CAMPECHE,1,CAMPECHE,34,2,153,246,22,8,12,7,15,139,5,13,20,4,,644,26,670,1273
3,4,CAMPECHE,2,SAN FRANCISCO DE CAMPECHE,1,CAMPECHE,35,2,155,184,10,6,8,8,9,95,6,4,4,8,,497,17,514,921
3,4,CAMPECHE,2,SAN FRANCISCO DE CAMPECHE,1,CAMPECHE,36,2,193,261,14,11,6,1,7,95,5,1,10,6,,610,19,629,1153
3,4,CAMPECHE,2,SAN FRANCISCO DE CAMPECHE,1,CAMPECHE,37,2,128,194,15,6,3,7,7,89,3,5,3,3,,463,9,472,852
3,4,CAMPECHE,2,SAN FRANCISCO DE CAMPECHE,1,CAMPECHE,38,2,70,186,4,4,7,2,10,145,3,6,2,8,,447,12,459,754
3,4,CAMPECHE,3,SAN FRANCISCO DE CAMPECHE,1,CAMPECHE,39,3,282,408,40,5,19,11,39,201,6,12,16,16,,1055,38,1093,1986
3,4,CAMPECHE,3,SAN FRANCISCO DE CAMPECHE,1,CAMPECHE,40,2,59,172,15,10,6,3,12,100,3,8,8,3,,399,19,418,774
3,4,CAMPECHE,3,SAN FRANCISCO DE CAMPECHE,1,CAMPECHE,41,2,84,86,16,3,9,3,14,92,12,9,73,5,,406,18,424,780
3,4,CAMPECHE,3,SAN FRANCISCO DE CAMPECHE,1,CAMPECHE,42,2,128,202,35,12,5,5,14,224,7,10,13,6,,661,24,685,1114
3,4,CAMPECHE,1,SAN FRANCISCO DE CAMPECHE,1,CAMPECHE,43,2,129,267,25,8,6,3,10,158,6,7,10,4,,633,23,656,996
3,4,CAMPECHE,1,SAN FRANCISCO DE CAMPECHE,1,CAMPECHE,44,2,86,140,9,5,4,1,13,196,1,3,12,4,,474,18,492,815
3,4,CAMPECHE,1,SAN FRANCISCO DE CAMPECHE,1,CAMPECHE,45,1,60,159,6,2,7,0,4,166,1,6,6,8,,425,20,445,719
3,4,CAMPECHE,1,SAN FRANCISCO DE CAMPECHE,1,CAMPECHE,46,2,92,239,8,10,3,3,23,180,7,5,17,7,,594,15,609,996
3,4,CAMPECHE,1,SAN FRANCISCO DE CAMPECHE,1,CAMPECHE,47,2,85,279,5,6,6,9,19,211,5,4,12,3,,644,17,661,894
3,4,CAMPECHE,1,SAN FRANCISCO DE CAMPECHE,1,CAMPECHE,48,2,109,234,9,7,2,4,15,157,4,2,14,5,,562,13,575,975
3,4,CAMPECHE,1,SAN FRANCISCO DE CAMPECHE,1,CAMPECHE,49,2,87,289,6,12,1,4,15,191,8,9,13,8,,643,14,657,1100
3,4,CAMPECHE,1,SAN FRANCISCO DE CAMPECHE,1,CAMPECHE,50,1,54,177,4,9,4,2,6,138,4,4,4,7,,413,10,423,642
3,4,CAMPECHE,1,SAN FRANCISCO DE CAMPECHE,1,CAMPECHE,51,3,159,439,11,20,17,3,19,293,8,6,16,9,,1000,23,1023,1002
3,4,CAMPECHE,5,SAN FRANCISCO DE CAMPECHE,1,CAMPECHE,52,1,64,206,8,6,8,2,13,127,7,6,6,4,,457,10,467,696
3,4,CAMPECHE,5,SAN FRANCISCO DE CAMPECHE,1,CAMPECHE,53,2,99,325,9,15,8,7,15,222,4,3,10,12,,729,23,752,1102
3,4,CAMPECHE,5,SAN FRANCISCO DE CAMPECHE,1,CAMPECHE,54,2,76,248,4,12,2,3,16,188,2,7,5,4,,567,12,579,881
3,4,CAMPECHE,5,SAN FRANCISCO DE CAMPECHE,1,CAMPECHE,55,2,112,340,19,7,14,3,22,273,8,16,10,11,,835,25,860,1352
3,4,CAMPECHE,5,SAN FRANCISCO DE CAMPECHE,1,CAMPECHE,56,2,66,212,6,6,8,4,15,177,5,11,7,6,,523,7,530,857
3,4,CAMPECHE,4,SAN FRANCISCO DE CAMPECHE,1,CAMPECHE,57,2,98,236,8,5,4,5,11,195,6,11,10,7,,596,15,611,1013
3,4,CAMPECHE,4,SAN FRANCISCO DE CAMPECHE,1,CAMPECHE,58,2,99,244,5,8,5,3,13,226,3,6,24,8,,644,18,662,1081
3,4,CAMPECHE,4,SAN FRANCISCO DE CAMPECHE,1,CAMPECHE,59,2,103,249,14,9,3,3,10,198,4,3,19,6,,621,17,638,1008
3,4,CAMPECHE,3,SAN FRANCISCO DE CAMPECHE,1,CAMPECHE,60,2,68,191,20,9,10,3,11,211,4,4,7,7,,545,13,558,991
3,4,CAMPECHE,3,SAN FRANCISCO DE CAMPECHE,1,CAMPECHE,61,2,68,205,5,5,7,5,7,142,5,13,9,10,,481,43,524,934
3,4,CAMPECHE,3,SAN FRANCISCO DE CAMPECHE,1,CAMPECHE,62,2,93,232,17,8,13,3,9,137,3,4,6,9,,534,20,554,1055
3,4,CAMPECHE,3,SAN FRANCISCO DE CAMPECHE,1,CAMPECHE,63,2,165,266,19,11,11,5,26,177,14,5,2,9,,710,23,733,1349
3,4,CAMPECHE,3,SAN FRANCISCO DE CAMPECHE,1,CAMPECHE,64,2,90,258,8,6,8,1,22,220,9,8,7,9,,646,15,661,1154
3,4,CAMPECHE,3,SAN FRANCISCO DE CAMPECHE,1,CAMPECHE,65,3,197,341,29,6,19,2,17,179,4,10,14,8,,826,52,878,1700
3,4,CAMPECHE,3,SAN FRANCISCO DE CAMPECHE,1,CAMPECHE,66,2,77,259,16,5,3,4,18,179,9,17,16,8,,611,34,645,1058
3,4,CAMPECHE,3,SAN FRANCISCO DE CAMPECHE,1,CAMPECHE,67,2,114,220,18,4,7,3,21,148,5,15,3,5,,563,24,587,1020
3,4,CAMPECHE,4,SAN FRANCISCO DE CAMPECHE,1,CAMPECHE,68,2,101,273,18,13,5,2,17,161,6,6,32,3,,637,30,667,1178
3,4,CAMPECHE,4,SAN FRANCISCO DE CAMPECHE,1,CAMPECHE,69,2,69,246,9,6,4,3,8,148,5,6,20,5,,529,14,543,958
3,4,CAMPECHE,4,SAN FRANCISCO DE CAMPECHE,1,CAMPECHE,70,2,103,290,8,10,7,1,24,250,4,3,14,9,,723,16,739,1143
3,4,CAMPECHE,5,SAN FRANCISCO DE CAMPECHE,1,CAMPECHE,71,2,96,240,6,8,16,5,7,193,4,12,14,10,,611,24,635,1015
3,4,CAMPECHE,5,SAN FRANCISCO DE CAMPECHE,1,CAMPECHE,72,2,93,435,5,14,7,2,8,195,8,8,16,6,,797,16,813,1289
3,4,CAMPECHE,5,SAN FRANCISCO DE CAMPECHE,1,CAMPECHE,73,3,160,430,8,10,8,5,9,188,6,9,18,5,,856,20,876,1128
3,4,CAMPECHE,5,SAN FRANCISCO DE CAMPECHE,1,CAMPECHE,74,2,141,293,13,12,9,8,16,237,6,7,12,4,,758,35,793,1317
3,4,CAMPECHE,5,SAN FRANCISCO DE CAMPECHE,1,CAMPECHE,75,3,177,418,16,22,13,8,25,380,7,10,11,13,,1100,23,1123,1863
3,4,CAMPECHE,5,SAN FRANCISCO DE CAMPECHE,1,CAMPECHE,76,2,93,276,10,8,17,1,6,176,7,5,9,24,,632,28,660,992
3,4,CAMPECHE,4,SAN FRANCISCO DE CAMPECHE,1,CAMPECHE,77,2,73,273,4,15,6,3,18,190,9,8,10,6,,615,13,628,924
3,4,CAMPECHE,4,SAN FRANCISCO DE CAMPECHE,1,CAMPECHE,78,2,79,192,6,6,11,4,15,143,7,5,6,6,,480,18,498,907
3,4,CAMPECHE,3,SAN FRANCISCO DE CAMPECHE,1,CAMPECHE,79,10,540,1128,57,39,48,20,88,694,18,48,39,39,,2758,81,2839,6092
3,4,CAMPECHE,3,SAN FRANCISCO DE CAMPECHE,1,CAMPECHE,80,2,88,222,6,3,3,6,8,161,7,11,4,2,,521,14,535,814
3,4,CAMPECHE,7,TENABO,1,CAMPECHE,81,16,950,1903,104,59,73,32,145,1706,53,74,327,64,,5490,123,5613,10971
3,4,CAMPECHE,3,SAN FRANCISCO DE CAMPECHE,1,CAMPECHE,82,2,84,294,17,3,16,5,12,264,3,6,6,3,,713,12,725,1235
3,4,CAMPECHE,3,SAN FRANCISCO DE CAMPECHE,1,CAMPECHE,83,7,493,875,51,32,15,13,66,514,24,28,27,21,,2159,72,2231,4602
3,4,CAMPECHE,4,SAN FRANCISCO DE CAMPECHE,1,CAMPECHE,84,2,71,192,9,9,5,2,25,98,7,9,42,3,,472,15,487,858
3,4,CAMPECHE,4,SAN FRANCISCO DE CAMPECHE,1,CAMPECHE,85,2,93,197,13,8,8,2,20,180,7,6,25,5,,564,20,584,1042
3,4,CAMPECHE,4,SAN FRANCISCO DE CAMPECHE,1,CAMPECHE,86,2,72,290,5,13,5,2,42,267,11,4,4,7,,722,15,737,1054
3,4,CAMPECHE,5,SAN FRANCISCO DE CAMPECHE,1,CAMPECHE,87,2,113,226,9,3,22,2,15,163,7,9,13,6,,588,17,605,916
3,4,CAMPECHE,5,SAN FRANCISCO DE CAMPECHE,1,CAMPECHE,88,1,60,256,2,12,1,1,5,69,3,2,5,2,,418,15,433,632
3,4,CAMPECHE,5,SAN FRANCISCO DE CAMPECHE,1,CAMPECHE,89,2,115,346,4,14,1,2,11,104,3,8,15,5,,628,16,644,977
3,4,CAMPECHE,5,SAN FRANCISCO DE CAMPECHE,1,CAMPECHE,90,3,157,397,14,17,21,6,18,323,12,7,15,6,,993,19,1012,1729
3,4,CAMPECHE,5,SAN FRANCISCO DE CAMPECHE,1,CAMPECHE,91,3,149,277,16,12,17,10,19,243,13,8,20,10,,794,30,824,1648
3,4,CAMPECHE,4,SAN FRANCISCO DE CAMPECHE,1,CAMPECHE,92,3,205,508,16,26,3,2,24,250,5,4,27,10,,1080,26,1106,1144
3,4,CAMPECHE,4,SAN FRANCISCO DE CAMPECHE,1,CAMPECHE,93,2,114,369,7,27,4,5,13,192,5,9,11,8,,764,20,784,1114
3,4,CAMPECHE,4,SAN FRANCISCO DE CAMPECHE,1,CAMPECHE,94,2,130,263,13,9,5,6,36,232,11,13,10,9,,737,34,771,1190
3,4,CAMPECHE,4,SAN FRANCISCO DE CAMPECHE,1,CAMPECHE,95,2,135,243,13,23,5,5,18,179,9,5,20,10,,665,25,690,1394
3,4,CAMPECHE,4,SAN FRANCISCO DE CAMPECHE,1,CAMPECHE,96,2,93,273,9,2,6,5,23,123,5,7,12,9,,567,27,594,1105
3,4,CAMPECHE,4,SAN FRANCISCO DE CAMPECHE,1,CAMPECHE,97,2,124,211,16,14,6,2,15,96,7,2,13,4,,510,28,538,1117
3,4,CAMPECHE,4,SAN FRANCISCO DE CAMPECHE,1,CAMPECHE,98,2,92,281,4,8,2,2,8,162,3,7,12,5,,586,15,601,881
3,4,CAMPECHE,5,SAN FRANCISCO DE CAMPECHE,1,CAMPECHE,99,2,115,213,16,10,13,3,20,169,9,3,16,9,,596,30,626,1202
3,4,CAMPECHE,5,SAN FRANCISCO DE CAMPECHE,1,CAMPECHE,100,3,240,473,14,12,19,4,18,256,17,13,22,10,,1098,31,1129,2136
3,4,CAMPECHE,6,SAN FRANCISCO DE CAMPECHE,1,CAMPECHE,101,4,215,498,19,22,12,4,31,354,15,15,14,20,,1219,38,1257,2288
3,4,CAMPECHE,6,SAN FRANCISCO DE CAMPECHE,1,CAMPECHE,102,3,156,237,17,5,7,4,15,256,6,8,151,13,,875,28,903,1611
3,4,CAMPECHE,6,SAN FRANCISCO DE CAMPECHE,1,CAMPECHE,103,2,107,259,13,6,9,6,14,155,6,12,7,8,,602,13,615,1125
3,4,CAMPECHE,4,SAN FRANCISCO DE CAMPECHE,1,CAMPECHE,104,2,70,198,10,5,8,5,9,161,6,8,6,7,,493,16,509,796
3,4,CAMPECHE,4,SAN FRANCISCO DE CAMPECHE,1,CAMPECHE,105,9,732,1081,63,66,31,12,83,636,19,23,101,29,,2876,89,2965,6157
3,4,CAMPECHE,4,SAN FRANCISCO DE CAMPECHE,1,CAMPECHE,106,2,134,297,21,11,11,2,19,236,14,11,33,9,,798,26,824,1249
3,4,CAMPECHE,6,SAN FRANCISCO DE CAMPECHE,1,CAMPECHE,107,2,133,228,17,7,9,7,20,167,2,15,6,13,,624,26,650,1287
3,4,CAMPECHE,6,SAN FRANCISCO DE CAMPECHE,1,CAMPECHE,108,4,250,519,26,24,55,16,26,296,13,19,15,10,,1269,65,1334,2906
3,4,CAMPECHE,6,SAN FRANCISCO DE CAMPECHE,1,CAMPECHE,109,3,189,432,11,11,31,5,23,212,7,17,15,9,,962,28,990,2057
3,4,CAMPECHE,5,SAN FRANCISCO DE CAMPECHE,1,CAMPECHE,110,2,142,234,7,8,9,8,84,165,8,6,5,12,,688,32,720,1209
3,4,CAMPECHE,6,SAN FRANCISCO DE CAMPECHE,1,CAMPECHE,111,3,141,369,16,12,23,8,19,184,15,13,16,6,,822,26,848,1690
3,4,CAMPECHE,6,SAN FRANCISCO DE CAMPECHE,1,CAMPECHE,112,5,293,592,43,25,25,10,33,389,23,19,19,19,,1490,47,1537,3313
3,4,CAMPECHE,5,SAN FRANCISCO DE CAMPECHE,1,CAMPECHE,113,2,143,169,10,7,5,2,39,140,3,6,2,8,,534,27,561,835
3,4,CAMPECHE,5,SAN FRANCISCO DE CAMPECHE,1,CAMPECHE,114,2,208,194,11,6,13,6,55,181,4,7,8,7,,700,31,731,1232
3,4,CAMPECHE,5,SAN FRANCISCO DE CAMPECHE,1,CAMPECHE,115,2,141,168,8,2,4,0,25,93,4,4,1,5,,455,16,471,847
3,4,CAMPECHE,5,SAN FRANCISCO DE CAMPECHE,1,CAMPECHE,116,2,162,240,4,2,3,2,45,110,4,2,13,14,,601,24,625,1071
3,4,CAMPECHE,5,SAN FRANCISCO DE CAMPECHE,1,CAMPECHE,117,3,208,311,16,10,19,1,62,182,3,3,5,12,,832,22,854,1515
3,4,CAMPECHE,7,TENABO,1,CAMPECHE,118,2,238,260,3,5,5,3,8,54,4,15,19,2,,616,22,638,859
3,4,CAMPECHE,7,TENABO,1,CAMPECHE,119,1,71,167,11,0,1,1,1,16,5,17,0,0,,290,13,303,362
3,4,CAMPECHE,7,TENABO,1,CAMPECHE,120,1,159,227,48,3,2,1,4,30,1,26,16,0,,517,30,547,735
3,4,CAMPECHE,7,TENABO,1,CAMPECHE,121,2,128,248,8,11,8,2,4,97,4,67,6,5,,588,30,618,831
3,4,CAMPECHE,7,TENABO,1,CAMPECHE,122,2,100,287,12,6,4,6,23,98,6,9,6,12,,569,16,585,930
3,4,CAMPECHE,7,TENABO,1,CAMPECHE,123,1,195,254,3,6,3,6,5,26,1,2,7,7,,515,19,534,715
3,4,CAMPECHE,7,TENABO,1,CAMPECHE,124,5,466,544,21,14,6,13,47,282,11,18,119,19,,1560,47,1607,2888
3,4,CAMPECHE,6,SAN FRANCISCO DE CAMPECHE,1,CAMPECHE,125,2,145,329,14,2,11,7,19,121,3,5,38,5,,699,21,720,1471
3,4,CAMPECHE,6,SAN FRANCISCO DE CAMPECHE,1,CAMPECHE,126,3,194,490,14,16,8,10,14,131,9,17,14,7,,924,28,952,1883
3,4,CAMPECHE,6,SAN FRANCISCO DE CAMPECHE,1,CAMPECHE,127,2,120,265,12,9,5,6,10,82,4,9,12,6,,540,21,561,1003
3,4,CAMPECHE,6,SAN FRANCISCO DE CAMPECHE,1,CAMPECHE,128,1,34,93,5,0,1,0,0,7,1,6,0,1,,148,1,149,219
3,4,CAMPECHE,7,TENABO,1,CAMPECHE,129,2,491,452,15,0,5,12,9,46,6,8,0,5,,1049,16,1065,1381
3,4,CAMPECHE,7,TENABO,1,CAMPECHE,130,1,104,104,4,4,2,2,3,43,3,0,2,1,,272,9,281,397
3,4,CAMPECHE,7,TENABO,1,CAMPECHE,131,1,98,80,0,2,0,3,5,8,0,2,0,0,,198,6,204,236
3,4,CAMPECHE,7,TENABO,1,CAMPECHE,132,1,46,72,2,0,1,0,7,17,0,3,1,0,,149,6,155,187
3,4,CAMPECHE,6,SAN FRANCISCO DE CAMPECHE,1,CAMPECHE,133,1,123,220,1,2,1,2,6,25,2,11,2,1,,396,7,403,475
3,4,CAMPECHE,6,SAN FRANCISCO DE CAMPECHE,1,CAMPECHE,134,2,41,198,1,1,2,1,6,29,2,3,3,2,,289,2,291,400
3,4,CAMPECHE,6,SAN FRANCISCO DE CAMPECHE,1,CAMPECHE,135,2,177,389,9,3,2,0,12,33,0,4,8,0,,637,10,647,797
3,4,CAMPECHE,6,SAN FRANCISCO DE CAMPECHE,1,CAMPECHE,136,1,45,80,3,0,0,0,2,14,0,3,1,0,,148,0,148,179
3,4,CAMPECHE,6,SAN FRANCISCO DE CAMPECHE,1,CAMPECHE,137,1,15,105,0,0,2,0,4,23,0,4,2,0,,155,4,159,224
3,4,CAMPECHE,6,SAN FRANCISCO DE CAMPECHE,1,CAMPECHE,138,1,114,193,2,3,2,1,2,24,0,0,13,1,,355,15,370,474
3,4,CAMPECHE,6,SAN FRANCISCO DE CAMPECHE,1,CAMPECHE,139,4,413,492,172,14,15,3,47,258,7,27,18,9,,1475,73,1548,2657
3,4,CAMPECHE,6,SAN FRANCISCO DE CAMPECHE,1,CAMPECHE,140,2,205,298,25,4,3,2,14,48,1,8,5,0,,613,16,629,896
3,4,CAMPECHE,6,SAN FRANCISCO DE CAMPECHE,1,CAMPECHE,141,2,214,299,12,2,0,1,25,44,0,7,7,0,,611,9,620,891
3,4,CAMPECHE,6,SAN FRANCISCO DE CAMPECHE,1,CAMPECHE,142,4,406,823,107,6,9,2,68,123,2,10,33,5,,1594,71,1665,2494
3,4,CAMPECHE,6,SAN FRANCISCO DE CAMPECHE,1,CAMPECHE,143,1,61,175,4,1,0,0,1,15,1,5,3,0,,266,5,271,323
3,4,CAMPECHE,6,SAN FRANCISCO DE CAMPECHE,1,CAMPECHE,144,1,28,72,1,1,1,3,9,36,0,2,2,1,,156,2,158,213
3,4,CAMPECHE,6,SAN FRANCISCO DE CAMPECHE,1,CAMPECHE,145,2,176,203,12,1,2,0,11,38,3,17,6,1,,470,20,490,794
3,4,CAMPECHE,6,SAN FRANCISCO DE CAMPECHE,1,CAMPECHE,146,1,64,164,17,0,0,0,6,115,3,1,0,3,,373,7,380,444
3,4,CAMPECHE,17,CALKINI,2,CALKINI,147,3,60,296,13,9,3,14,122,558,1,4,15,2,,1097,23,1120,1501
3,4,CAMPECHE,17,CALKINI,2,CALKINI,148,2,101,207,5,4,2,5,47,360,2,7,5,15,,760,17,777,1037
3,4,CAMPECHE,17,CALKINI,2,CALKINI,149,2,102,230,7,3,4,4,55,416,4,6,5,3,,839,9,848,1092
3,4,CAMPECHE,17,CALKINI,2,CALKINI,150,2,42,192,5,6,2,1,38,287,3,5,11,4,,596,11,607,767
3,4,CAMPECHE,17,CALKINI,2,CALKINI,151,3,120,242,8,13,5,3,65,385,6,6,7,4,,864,14,878,801
3,4,CAMPECHE,17,CALKINI,2,CALKINI,152,2,76,240,6,0,2,7,33,401,4,2,0,0,,771,18,789,1021
3,4,CAMPECHE,17,CALKINI,2,CALKINI,153,2,39,190,4,2,14,7,56,433,3,10,7,4,,769,23,792,993
3,4,CAMPECHE,17,CALKINI,2,CALKINI,154,3,91,294,10,7,1,12,118,598,4,5,8,3,,1151,17,1168,1605
3,4,CAMPECHE,17,CALKINI,2,CALKINI,155,2,53,225,11,15,4,4,71,565,4,1,11,1,,965,20,985,1282
3,4,CAMPECHE,17,CALKINI,2,CALKINI,156,2,38,138,3,4,5,3,57,324,5,1,7,0,,585,16,601,801
3,4,CAMPECHE,19,HECELCHAKAN,2,CALKINI,157,1,21,340,0,39,1,49,54,2,0,6,14,4,,530,11,541,658
3,4,CAMPECHE,19,HECELCHAKAN,2,CALKINI,158,2,38,349,9,38,4,3,24,133,7,17,13,2,,637,35,672,774
3,4,CAMPECHE,17,CALKINI,2,CALKINI,159,2,43,168,7,7,0,2,118,206,2,0,7,2,,562,7,569,784
3,4,CAMPECHE,17,CALKINI,2,CALKINI,160,2,60,153,1,6,1,0,145,236,0,0,15,1,,618,10,628,765
3,4,CAMPECHE,17,CALKINI,2,CALKINI,161,2,54,162,4,1,3,7,92,229,0,1,9,2,,564,22,586,792
3,4,CAMPECHE,17,CALKINI,2,CALKINI,162,2,54,163,17,1,0,2,147,252,3,2,7,2,,650,19,669,911
3,4,CAMPECHE,17,CALKINI,2,CALKINI,163,2,52,197,4,0,1,2,100,221,0,0,6,2,,585,13,598,771
3,4,CAMPECHE,17,CALKINI,2,CALKINI,164,2,33,224,4,3,6,3,72,262,0,0,16,1,,624,7,631,804
3,4,CAMPECHE,19,HECELCHAKAN,2,CALKINI,165,1,0,227,1,3,0,0,0,5,0,3,1,0,,240,12,252,257
3,4,CAMPECHE,19,HECELCHAKAN,2,CALKINI,166,3,84,693,15,8,6,9,84,677,17,4,14,1,,1612,21,1633,1948
3,4,CAMPECHE,19,HECELCHAKAN,2,CALKINI,167,2,80,388,7,7,2,5,49,364,10,3,10,2,,927,8,935,1120
3,4,CAMPECHE,19,HECELCHAKAN,2,CALKINI,168,2,72,483,5,13,2,6,41,302,6,1,11,1,,943,15,958,1205
3,4,CAMPECHE,17,CALKINI,2,CALKINI,169,2,44,338,8,18,1,3,49,607,9,5,33,2,,1117,12,1129,1468
3,4,CAMPECHE,19,HECELCHAKAN,2,CALKINI,170,2,80,153,13,215,3,7,19,252,5,6,8,0,,761,27,788,904
3,4,CAMPECHE,19,HECELCHAKAN,2,CALKINI,171,1,17,280,4,26,3,4,9,107,4,5,16,4,,479,22,501,623
3,4,CAMPECHE,17,CALKINI,2,CALKINI,172,2,69,292,15,14,8,7,44,342,5,2,2,15,,815,25,840,1284
3,4,CAMPECHE,17,CALKINI,2,CALKINI,173,3,77,370,15,8,6,12,160,572,15,3,16,8,,1262,25,1287,1745
3,4,CAMPECHE,17,CALKINI,2,CALKINI,174,2,65,276,5,4,7,3,60,404,6,0,13,1,,844,1,845,1139
3,4,CAMPECHE,17,CALKINI,2,CALKINI,175,3,129,453,16,15,9,17,132,590,14,2,25,1,,1403,28,1431,1900
3,4,CAMPECHE,17,CALKINI,2,CALKINI,176,3,132,453,18,5,11,9,148,550,10,1,24,4,,1365,43,1408,1915
3,4,CAMPECHE,17,CALKINI,2,CALKINI,177,3,84,353,10,14,11,9,168,559,6,4,21,1,,1240,28,1268,1674
3,4,CAMPECHE,19,HECELCHAKAN,2,CALKINI,178,1,31,92,3,6,2,5,12,79,1,2,5,0,,238,17,255,298
3,4,CAMPECHE,19,HECELCHAKAN,2,CALKINI,179,2,97,514,20,56,4,5,84,177,12,18,10,12,,1009,49,1058,1272
3,4,CAMPECHE,17,CALKINI,2,CALKINI,180,3,106,722,14,21,15,12,27,536,31,6,15,1,,1506,35,1541,1845
3,4,CAMPECHE,19,HECELCHAKAN,2,CALKINI,181,2,20,281,1,1,1,0,2,33,1,3,10,0,,353,5,358,423
3,4,CAMPECHE,19,HECELCHAKAN,2,CALKINI,182,1,16,70,2,21,0,0,4,22,0,1,0,0,,136,2,138,157
3,4,CAMPECHE,11,CIUDAD DEL CARMEN,3,CARMEN,183,6,787,545,42,15,10,6,13,241,14,13,31,10,,1727,52,1779,4106
3,4,CAMPECHE,11,CIUDAD DEL CARMEN,3,CARMEN,184,6,971,500,33,19,4,19,21,305,22,22,24,12,,1952,38,1990,4343
3,4,CAMPECHE,10,CIUDAD DEL CARMEN,3,CARMEN,185,4,607,305,26,9,20,9,9,174,19,13,29,6,,1226,36,1262,2754
3,4,CAMPECHE,10,CIUDAD DEL CARMEN,3,CARMEN,186,2,321,133,14,7,9,2,13,101,6,9,3,4,,622,14,636,1392
3,4,CAMPECHE,9,CIUDAD DEL CARMEN,3,CARMEN,187,3,341,147,19,4,2,5,7,117,3,4,8,6,,663,19,682,1584
3,4,CAMPECHE,9,CIUDAD DEL CARMEN,3,CARMEN,188,3,545,240,12,9,2,2,4,116,5,5,9,11,,960,15,975,1944
3,4,CAMPECHE,9,CIUDAD DEL CARMEN,3,CARMEN,189,2,383,134,20,4,3,10,7,97,7,3,9,2,,679,17,696,1477
3,4,CAMPECHE,9,CIUDAD DEL CARMEN,3,CARMEN,190,2,330,119,18,9,6,3,6,123,5,1,2,0,,622,13,635,1420
3,4,CAMPECHE,10,CIUDAD DEL CARMEN,3,CARMEN,191,3,506,215,15,10,13,7,9,133,10,2,5,2,,927,24,951,2088
3,4,CAMPECHE,10,CIUDAD DEL CARMEN,3,CARMEN,192,3,292,169,14,71,2,0,3,112,4,3,2,1,,673,7,680,1557
3,4,CAMPECHE,10,CIUDAD DEL CARMEN,3,CARMEN,193,1,0,0,0,0,0,0,0,0,0,0,0,0,,0,0,0,592
3,4,CAMPECHE,9,CIUDAD DEL CARMEN,3,CARMEN,194,2,332,127,12,2,1,2,4,79,2,6,12,4,,583,14,597,1338
3,4,CAMPECHE,9,CIUDAD DEL CARMEN,3,CARMEN,195,2,275,131,15,9,1,3,8,87,5,5,10,1,,550,18,568,1292
3,4,CAMPECHE,9,CIUDAD DEL CARMEN,3,CARMEN,196,2,291,142,26,3,1,8,10,92,2,2,12,3,,592,18,610,1371
3,4,CAMPECHE,9,CIUDAD DEL CARMEN,3,CARMEN,197,2,311,151,14,0,0,5,4,105,6,6,5,5,,612,12,624,1439
3,4,CAMPECHE,9,CIUDAD DEL CARMEN,3,CARMEN,199,3,376,194,22,4,0,7,4,139,7,1,8,1,,763,28,791,1620
3,4,CAMPECHE,9,CIUDAD DEL CARMEN,3,CARMEN,200,2,293,141,7,6,4,4,7,64,6,5,5,1,,543,13,556,1079
3,4,CAMPECHE,9,CIUDAD DEL CARMEN,3,CARMEN,201,2,206,111,4,1,4,3,4,62,2,4,11,3,,415,14,429,874
3,4,CAMPECHE,9,CIUDAD DEL CARMEN,3,CARMEN,202,3,459,220,11,2,1,3,5,107,6,7,7,7,,835,44,879,1691
3,4,CAMPECHE,9,CIUDAD DEL CARMEN,3,CARMEN,203,2,389,182,12,1,5,2,6,78,7,3,0,6,,691,23,714,1489
3,4,CAMPECHE,10,CIUDAD DEL CARMEN,3,CARMEN,204,1,243,73,2,2,2,3,3,61,2,2,1,2,,396,7,403,742
3,4,CAMPECHE,10,CIUDAD DEL CARMEN,3,CARMEN,205,7,1143,499,43,10,25,7,21,288,17,26,19,7,,2105,49,2154,4663
3,4,CAMPECHE,10,CIUDAD DEL CARMEN,3,CARMEN,206,4,780,319,15,6,3,7,17,254,20,13,4,5,,1443,15,1458,2844
3,4,CAMPECHE,9,CIUDAD DEL CARMEN,3,CARMEN,207,3,389,186,16,4,7,2,9,106,3,5,10,2,,739,25,764,1580
3,4,CAMPECHE,9,CIUDAD DEL CARMEN,3,CARMEN,208,3,442,156,11,5,2,3,12,125,7,11,9,4,,787,16,803,1536
3,4,CAMPECHE,9,CIUDAD DEL CARMEN,3,CARMEN,209,2,480,191,5,4,3,1,4,85,0,3,13,5,,794,14,808,1418
3,4,CAMPECHE,9,CIUDAD DEL CARMEN,3,CARMEN,210,3,426,170,11,4,9,3,11,110,4,3,6,6,,763,6,769,1690
3,4,CAMPECHE,9,CIUDAD DEL CARMEN,3,CARMEN,211,2,395,165,21,3,2,7,4,109,7,3,6,3,,725,20,745,1490
3,4,CAMPECHE,9,CIUDAD DEL CARMEN,3,CARMEN,212,2,212,99,5,3,3,0,1,73,4,1,5,5,,411,11,422,766
3,4,CAMPECHE,9,CIUDAD DEL CARMEN,3,CARMEN,213,2,297,104,7,0,1,1,4,55,2,1,1,2,,475,11,486,910
3,4,CAMPECHE,9,CIUDAD DEL CARMEN,3,CARMEN,214,2,359,181,9,0,0,2,3,86,7,5,0,0,,652,10,662,1231
3,4,CAMPECHE,9,CIUDAD DEL CARMEN,3,CARMEN,215,1,129,39,6,0,0,0,1,37,2,0,0,0,,214,2,216,414
3,4,CAMPECHE,8,CIUDAD DEL CARMEN,3,CARMEN,216,3,409,205,12,2,4,2,11,174,8,6,3,0,,836,15,851,931
3,4,CAMPECHE,8,CIUDAD DEL CARMEN,3,CARMEN,217,2,358,140,11,2,8,1,3,106,5,3,2,2,,641,18,659,1256
3,4,CAMPECHE,8,CIUDAD DEL CARMEN,3,CARMEN,218,2,342,90,25,2,2,4,4,97,6,5,11,5,,593,14,607,1345
3,4,CAMPECHE,10,CIUDAD DEL CARMEN,3,CARMEN,219,1,186,29,2,0,1,2,0,40,3,2,2,1,,268,5,273,482
3,4,CAMPECHE,10,CIUDAD DEL CARMEN,3,CARMEN,220,1,176,111,3,0,0,4,2,57,3,1,0,0,,357,9,366,654
3,4,CAMPECHE,8,CIUDAD DEL CARMEN,3,CARMEN,221,1,204,102,2,2,3,2,4,51,2,6,4,0,,382,12,394,735
3,4,CAMPECHE,8,CIUDAD DEL CARMEN,3,CARMEN,222,1,163,62,9,0,0,1,0,39,1,2,0,0,,277,3,280,563
3,4,CAMPECHE,8,CIUDAD DEL CARMEN,3,CARMEN,223,2,243,90,5,3,2,1,1,67,3,0,5,0,,420,8,428,835
3,4,CAMPECHE,8,CIUDAD DEL CARMEN,3,CARMEN,224,2,357,153,9,7,6,2,7,92,8,8,8,0,,657,17,674,1288
3,4,CAMPECHE,8,CIUDAD DEL CARMEN,3,CARMEN,225,2,343,0,11,0,7,2,6,87,4,6,142,3,,611,14,625,1250
3,4,CAMPECHE,8,CIUDAD DEL CARMEN,3,CARMEN,226,2,263,125,16,5,3,2,3,94,5,3,5,3,,527,11,538,1188
3,4,CAMPECHE,8,CIUDAD DEL CARMEN,3,CARMEN,227,2,372,175,11,3,2,4,5,83,7,4,6,3,,675,13,688,1413
3,4,CAMPECHE,8,CIUDAD DEL CARMEN,3,CARMEN,228,2,225,101,13,2,2,3,10,63,5,9,7,8,,448,8,456,998
3,4,CAMPECHE,11,CIUDAD DEL CARMEN,3,CARMEN,230,9,1266,830,37,23,15,18,31,397,30,29,35,20,,2731,77,2808,6286
3,4,CAMPECHE,11,CIUDAD DEL CARMEN,3,CARMEN,231,3,456,203,21,6,6,7,10,142,6,6,15,7,,885,25,910,2056
3,4,CAMPECHE,10,CIUDAD DEL CARMEN,3,CARMEN,232,3,435,190,12,8,3,6,8,126,3,7,11,6,,815,24,839,1924
3,4,CAMPECHE,10,CIUDAD DEL CARMEN,3,CARMEN,233,3,451,231,13,5,4,5,3,141,9,7,4,3,,876,29,905,2004
3,4,CAMPECHE,10,CIUDAD DEL CARMEN,3,CARMEN,234,3,416,178,14,7,6,6,9,173,7,9,5,2,,832,13,845,1894
3,4,CAMPECHE,8,CIUDAD DEL CARMEN,3,CARMEN,235,2,344,107,16,3,4,5,8,84,4,3,9,2,,589,13,602,1309
3,4,CAMPECHE,8,CIUDAD DEL CARMEN,3,CARMEN,236,2,357,160,17,4,9,2,6,85,1,0,10,1,,652,34,686,1490
3,4,CAMPECHE,8,CIUDAD DEL CARMEN,3,CARMEN,237,2,332,186,7,4,5,0,6,57,3,2,4,1,,607,12,619,1156
3,4,CAMPECHE,8,CIUDAD DEL CARMEN,3,CARMEN,239,2,272,117,11,3,10,3,2,69,17,3,2,1,,510,9,519,954
3,4,CAMPECHE,8,CIUDAD DEL CARMEN,3,CARMEN,240,4,385,261,57,10,12,9,12,126,5,10,11,4,,902,25,927,1560
3,4,CAMPECHE,8,CIUDAD DEL CARMEN,3,CARMEN,241,4,371,177,13,5,3,7,10,111,7,5,16,7,,732,28,760,1522
3,4,CAMPECHE,8,CIUDAD DEL CARMEN,3,CARMEN,242,3,348,135,19,6,5,0,6,99,6,3,12,5,,644,15,659,1516
3,4,CAMPECHE,10,CIUDAD DEL CARMEN,3,CARMEN,243,4,495,256,28,5,5,9,6,139,9,5,19,4,,980,28,1008,2260
3,4,CAMPECHE,11,CIUDAD DEL CARMEN,3,CARMEN,244,11,1268,831,93,41,22,14,32,379,33,18,59,19,,2809,78,2887,7615
3,4,CAMPECHE,8,CIUDAD DEL CARMEN,3,CARMEN,245,3,355,128,38,5,4,3,3,125,6,6,10,4,,687,11,698,1672
3,4,CAMPECHE,8,CIUDAD DEL CARMEN,3,CARMEN,246,2,305,133,28,2,4,4,9,88,7,2,10,1,,593,20,613,1448
3,4,CAMPECHE,8,CIUDAD DEL CARMEN,3,CARMEN,247,2,296,143,85,3,6,1,1,69,5,1,9,3,,622,12,634,1356
3,4,CAMPECHE,8,CIUDAD DEL CARMEN,3,CARMEN,248,2,260,135,83,3,11,2,5,57,5,2,3,3,,569,14,583,1306
3,4,CAMPECHE,8,CIUDAD DEL CARMEN,3,CARMEN,249,4,570,277,104,3,11,4,7,115,6,3,13,3,,1116,32,1148,2649
3,4,CAMPECHE,12,SABANCUY,3,CARMEN,250,3,753,412,3,3,3,8,1,31,3,1,21,1,,1240,36,1276,1827
3,4,CAMPECHE,12,SABANCUY,3,CARMEN,251,2,362,295,3,4,2,4,1,28,0,3,11,2,,715,14,729,1026
3,4,CAMPECHE,12,SABANCUY,3,CARMEN,252,2,387,300,3,6,3,3,2,31,1,1,10,0,,747,11,758,1014
3,4,CAMPECHE,12,SABANCUY,3,CARMEN,253,2,561,419,1,2,3,6,4,36,4,1,19,1,,1057,18,1075,1492
3,4,CAMPECHE,12,SABANCUY,3,CARMEN,254,1,175,147,1,1,4,1,3,43,2,0,11,1,,389,12,401,621
3,4,CAMPECHE,12,SABANCUY,3,CARMEN,255,1,161,176,3,1,1,1,1,25,0,0,7,0,,376,9,385,522
3,4,CAMPECHE,12,SABANCUY,3,CARMEN,256,3,490,438,12,13,2,2,13,70,5,1,21,2,,1069,29,1098,2127
3,4,CAMPECHE,12,SABANCUY,3,CARMEN,257,4,655,388,26,20,7,5,9,103,7,2,44,3,,1269,35,1304,2682
3,4,CAMPECHE,12,SABANCUY,3,CARMEN,258,2,387,440,2,4,1,5,8,33,1,0,9,1,,891,20,911,1408
3,4,CAMPECHE,12,SABANCUY,3,CARMEN,259,2,360,341,7,3,1,3,10,58,11,1,10,1,,806,23,829,1326
3,4,CAMPECHE,12,SABANCUY,3,CARMEN,260,1,205,167,5,0,2,0,2,33,3,0,0,7,,424,10,434,698
3,4,CAMPECHE,20,PALIZADA,3,CARMEN,261,2,371,321,4,6,3,0,1,14,2,0,17,0,,739,20,759,1132
3,4,CAMPECHE,20,PALIZADA,3,CARMEN,262,3,497,409,13,0,6,2,2,44,1,0,1,0,,975,16,991,1465
3,4,CAMPECHE,20,PALIZADA,3,CARMEN,263,2,213,297,10,17,5,3,1,53,2,2,56,0,,659,57,716,962
3,4,CAMPECHE,20,PALIZADA,3,CARMEN,264,2,147,170,4,20,1,0,1,23,2,0,7,0,,375,14,389,504
3,4,CAMPECHE,20,PALIZADA,3,CARMEN,265,3,548,496,14,33,1,1,11,132,4,2,51,3,,1296,40,1336,2042
3,4,CAMPECHE,20,PALIZADA,3,CARMEN,266,3,380,383,21,17,7,3,10,170,4,4,64,0,,1063,70,1133,1702
3,4,CAMPECHE,20,PALIZADA,3,CARMEN,267,5,976,835,27,32,11,4,19,195,5,2,24,2,,2132,69,2201,3043
3,4,CAMPECHE,20,PALIZADA,3,CARMEN,268,3,542,408,14,19,1,3,15,218,1,1,36,0,,1258,64,1322,1844
3,4,CAMPECHE,20,PALIZADA,3,CARMEN,269,1,195,128,7,5,1,4,6,37,0,0,14,3,,400,12,412,648
3,4,CAMPECHE,20,PALIZADA,3,CARMEN,270,1,56,82,1,2,0,0,0,28,0,0,3,0,,172,6,178,239
3,4,CAMPECHE,20,PALIZADA,3,CARMEN,271,2,86,172,4,38,0,0,4,19,1,0,0,3,,327,14,341,785
3,4,CAMPECHE,20,PALIZADA,3,CARMEN,272,1,21,38,1,0,0,0,0,0,0,0,0,0,,60,1,61,129
3,4,CAMPECHE,14,CANDELARIA,10,CANDELARIA,273,5,1011,638,17,3,5,16,4,27,6,2,25,178,,1932,72,2004,3035
3,4,CAMPECHE,14,CANDELARIA,10,CANDELARIA,274,2,398,262,6,2,1,1,2,33,1,1,13,1,,721,13,734,1017
3,4,CAMPECHE,14,CANDELARIA,10,CANDELARIA,275,1,236,157,2,4,1,1,3,8,0,0,3,1,,416,9,425,567
3,4,CAMPECHE,14,CANDELARIA,10,CANDELARIA,276,1,146,94,1,0,1,0,0,4,1,0,0,1,,248,3,251,359
3,4,CAMPECHE,14,CANDELARIA,10,CANDELARIA,277,3,589,437,3,3,0,3,2,15,1,1,8,2,,1064,18,1082,1511
3,4,CAMPECHE,14,CANDELARIA,10,CANDELARIA,278,5,1067,629,10,2,14,9,7,54,2,4,17,80,,1895,72,1967,3055
3,4,CAMPECHE,14,CANDELARIA,10,CANDELARIA,279,3,694,408,6,3,5,5,15,55,0,3,15,2,,1211,23,1234,1884
3,4,CAMPECHE,14,CANDELARIA,10,CANDELARIA,280,2,456,347,2,6,2,1,11,23,1,1,20,0,,870,11,881,1380
3,4,CAMPECHE,14,CANDELARIA,10,CANDELARIA,281,2,418,305,4,2,0,0,5,30,0,5,30,2,,801,14,815,1216
3,4,CAMPECHE,14,CANDELARIA,10,CANDELARIA,282,2,373,245,8,1,2,4,4,11,0,0,5,4,,657,16,673,994
3,4,CAMPECHE,14,CANDELARIA,10,CANDELARIA,283,3,536,482,2,4,0,7,5,41,1,3,15,11,,1107,15,1122,1701
3,4,CAMPECHE,20,PALIZADA,3,CARMEN,284,1,27,81,7,7,0,1,0,6,0,1,2,3,,135,6,141,282
3,4,CAMPECHE,14,CANDELARIA,10,CANDELARIA,285,2,317,205,2,2,1,0,1,6,0,0,7,1,,542,14,556,765
3,4,CAMPECHE,14,CANDELARIA,10,CANDELARIA,286,1,80,90,2,0,0,0,0,0,0,0,2,0,,174,4,178,314
3,4,CAMPECHE,14,CANDELARIA,10,CANDELARIA,287,1,94,84,2,3,0,6,0,9,1,1,8,1,,209,5,214,318
3,4,CAMPECHE,14,CANDELARIA,10,CANDELARIA,288,1,166,56,4,0,4,0,1,5,0,0,0,0,,236,9,245,448
3,4,CAMPECHE,14,CANDELARIA,10,CANDELARIA,289,2,248,194,0,1,1,2,1,11,0,1,25,1,,485,5,490,721
3,4,CAMPECHE,14,CANDELARIA,10,CANDELARIA,290,1,28,38,0,1,1,1,0,1,0,0,0,0,,70,0,70,116
3,4,CAMPECHE,14,CANDELARIA,10,CANDELARIA,291,2,442,199,5,1,4,4,9,9,0,0,0,2,,675,13,688,1116
3,4,CAMPECHE,14,CANDELARIA,10,CANDELARIA,292,1,218,154,0,2,1,4,2,19,0,0,4,0,,404,5,409,577
3,4,CAMPECHE,14,CANDELARIA,10,CANDELARIA,293,2,394,232,8,2,4,1,4,18,0,1,0,3,,667,16,683,955
3,4,CAMPECHE,14,CANDELARIA,10,CANDELARIA,294,1,50,57,0,0,1,1,0,1,0,0,0,0,,110,1,111,176
3,4,CAMPECHE,14,CANDELARIA,10,CANDELARIA,295,2,378,175,8,7,6,7,1,20,1,5,8,74,,690,30,720,1174
3,4,CAMPECHE,14,CANDELARIA,10,CANDELARIA,296,1,245,172,3,4,0,5,2,14,1,1,0,3,,450,3,453,664
3,4,CAMPECHE,14,CANDELARIA,10,CANDELARIA,297,1,264,179,3,2,3,6,2,14,0,0,6,6,,485,23,508,705
3,4,CAMPECHE,14,CANDELARIA,10,CANDELARIA,298,2,308,258,3,4,2,1,2,20,1,0,0,1,,600,9,609,913
3,4,CAMPECHE,14,CANDELARIA,10,CANDELARIA,299,2,379,244,1,3,1,3,2,51,1,0,6,6,,697,34,731,1039
3,4,CAMPECHE,14,CANDELARIA,10,CANDELARIA,300,1,130,111,2,3,8,4,2,24,1,0,2,1,,288,8,296,400
3,4,CAMPECHE,14,CANDELARIA,10,CANDELARIA,301,2,419,206,5,0,4,15,5,18,1,0,1,48,,722,31,753,1072
3,4,CAMPECHE,14,CANDELARIA,10,CANDELARIA,302,1,106,68,4,0,3,1,1,15,0,0,2,2,,202,2,204,286
3,4,CAMPECHE,15,CHAMPOTON,4,CHAMPOTON,303,2,139,244,11,7,3,17,4,70,1,0,9,1,,506,18,524,800
3,4,CAMPECHE,15,CHAMPOTON,4,CHAMPOTON,304,2,90,265,2,6,2,4,14,127,1,2,13,2,,528,15,543,818
3,4,CAMPECHE,15,CHAMPOTON,4,CHAMPOTON,305,2,147,290,7,19,4,10,6,137,3,6,11,5,,645,26,671,1127
3,4,CAMPECHE,15,CHAMPOTON,4,CHAMPOTON,306,2,201,418,14,15,8,10,14,166,3,2,15,4,,870,21,891,1405
3,4,CAMPECHE,15,CHAMPOTON,4,CHAMPOTON,307,2,120,268,5,9,8,10,17,148,2,7,15,1,,610,17,627,893
3,4,CAMPECHE,15,CHAMPOTON,4,CHAMPOTON,308,2,138,331,11,11,2,4,8,138,4,3,19,4,,673,16,689,424
3,4,CAMPECHE,15,CHAMPOTON,4,CHAMPOTON,309,1,62,222,4,3,4,2,4,99,1,2,9,1,,413,15,428,613
3,4,CAMPECHE,15,CHAMPOTON,4,CHAMPOTON,310,2,89,317,11,6,7,3,7,126,3,4,11,4,,588,8,596,843
3,4,CAMPECHE,15,CHAMPOTON,4,CHAMPOTON,311,1,81,219,11,4,9,1,10,106,2,1,11,2,,457,14,471,701
3,4,CAMPECHE,15,CHAMPOTON,4,CHAMPOTON,312,3,316,444,35,21,11,5,18,168,4,3,16,2,,1043,45,1088,1792
3,4,CAMPECHE,15,CHAMPOTON,4,CHAMPOTON,313,2,143,266,19,4,9,10,17,181,4,3,18,4,,678,28,706,1274
3,4,CAMPECHE,15,CHAMPOTON,4,CHAMPOTON,314,2,141,310,13,3,8,3,8,144,3,6,17,2,,658,16,674,1086
3,4,CAMPECHE,15,CHAMPOTON,4,CHAMPOTON,315,2,147,360,15,5,8,8,12,183,4,2,12,2,,758,19,777,1259
3,4,CAMPECHE,15,CHAMPOTON,4,CHAMPOTON,316,2,146,429,24,16,6,16,20,149,2,3,22,7,,840,33,873,1454
3,4,CAMPECHE,15,CHAMPOTON,4,CHAMPOTON,317,3,288,498,33,14,16,21,14,186,6,1,23,5,,1105,56,1161,1992
3,4,CAMPECHE,15,CHAMPOTON,4,CHAMPOTON,318,2,235,416,28,8,8,12,8,156,4,3,12,2,,892,32,924,1464
3,4,CAMPECHE,15,CHAMPOTON,4,CHAMPOTON,319,7,768,1022,84,25,44,35,30,409,19,9,32,16,,2493,114,2607,4500
3,4,CAMPECHE,16,SEYBAPLAYA,4,CHAMPOTON,320,3,146,400,110,4,25,11,13,324,2,13,10,6,,1064,30,1094,1599
3,4,CAMPECHE,16,SEYBAPLAYA,4,CHAMPOTON,321,2,46,230,14,4,13,8,8,221,1,2,6,0,,553,16,569,784
3,4,CAMPECHE,16,SEYBAPLAYA,4,CHAMPOTON,322,2,68,261,31,1,14,6,22,269,4,12,5,2,,695,19,714,1073
3,4,CAMPECHE,16,SEYBAPLAYA,4,CHAMPOTON,323,2,47,306,13,2,5,4,21,282,4,5,3,3,,695,17,712,1015
3,4,CAMPECHE,16,SEYBAPLAYA,4,CHAMPOTON,324,2,55,267,35,2,18,11,20,279,3,15,10,1,,716,22,738,1096
3,4,CAMPECHE,16,SEYBAPLAYA,4,CHAMPOTON,325,2,61,372,41,13,16,10,20,281,3,28,8,4,,857,38,895,1316
3,4,CAMPECHE,16,SEYBAPLAYA,4,CHAMPOTON,326,1,54,226,39,4,2,0,3,111,3,1,0,0,,443,18,461,729
3,4,CAMPECHE,16,SEYBAPLAYA,4,CHAMPOTON,327,3,240,591,17,16,7,19,42,237,3,2,33,6,,1213,25,1238,1576
3,4,CAMPECHE,16,SEYBAPLAYA,4,CHAMPOTON,328,2,195,387,17,5,8,4,46,225,0,3,18,0,,908,31,939,1290
3,4,CAMPECHE,16,SEYBAPLAYA,4,CHAMPOTON,329,2,62,368,27,10,2,4,18,39,0,0,23,0,,553,22,575,796
3,4,CAMPECHE,16,SEYBAPLAYA,4,CHAMPOTON,330,2,57,467,10,20,1,16,9,176,4,1,24,5,,790,20,810,1063
3,4,CAMPECHE,16,SEYBAPLAYA,4,CHAMPOTON,331,6,832,1090,49,26,16,15,17,285,7,3,79,4,,2423,47,2470,3797
3,4,CAMPECHE,16,SEYBAPLAYA,4,CHAMPOTON,332,1,41,160,9,7,2,4,9,59,0,3,0,0,,294,16,310,505
3,4,CAMPECHE,16,SEYBAPLAYA,4,CHAMPOTON,333,2,151,274,55,14,1,17,9,106,4,2,12,12,,657,30,687,1076
3,4,CAMPECHE,16,SEYBAPLAYA,4,CHAMPOTON,334,4,117,302,19,15,6,22,25,133,5,4,10,6,,664,15,679,971
3,4,CAMPECHE,16,SEYBAPLAYA,4,CHAMPOTON,335,1,188,113,8,6,5,37,1,51,0,0,4,3,,416,12,428,719
3,4,CAMPECHE,16,SEYBAPLAYA,4,CHAMPOTON,336,2,142,212,47,7,1,5,8,44,1,4,12,0,,483,27,510,879
3,4,CAMPECHE,16,SEYBAPLAYA,4,CHAMPOTON,337,2,58,243,12,4,3,1,6,139,1,0,9,5,,481,11,492,764
3,4,CAMPECHE,15,CHAMPOTON,4,CHAMPOTON,338,1,17,93,4,3,2,5,1,25,1,0,0,1,,152,6,158,222
3,4,CAMPECHE,16,SEYBAPLAYA,4,CHAMPOTON,339,1,142,148,15,0,1,1,5,18,0,0,0,0,,330,10,340,528
3,4,CAMPECHE,16,SEYBAPLAYA,4,CHAMPOTON,340,3,294,386,66,14,26,21,13,305,7,3,17,6,,1158,65,1223,2126
3,4,CAMPECHE,15,CHAMPOTON,4,CHAMPOTON,341,2,138,362,9,15,3,6,16,279,8,2,24,2,,864,28,892,1178
3,4,CAMPECHE,16,SEYBAPLAYA,4,CHAMPOTON,342,2,279,344,10,8,6,0,10,92,3,1,25,0,,778,25,803,1098
3,4,CAMPECHE,16,SEYBAPLAYA,4,CHAMPOTON,343,2,210,343,9,0,6,4,8,69,0,1,0,0,,650,17,667,940
3,4,CAMPECHE,15,CHAMPOTON,4,CHAMPOTON,344,1,118,218,12,3,1,3,7,71,1,0,14,1,,449,19,468,700
3,4,CAMPECHE,15,CHAMPOTON,4,CHAMPOTON,345,2,33,251,19,10,11,6,8,119,8,1,27,1,,494,34,528,840
3,4,CAMPECHE,15,CHAMPOTON,4,CHAMPOTON,346,2,89,307,19,4,4,4,7,124,6,1,29,0,,594,21,615,994
3,4,CAMPECHE,16,SEYBAPLAYA,4,CHAMPOTON,347,2,192,429,62,3,7,10,11,132,3,2,6,0,,857,43,900,1409
3,4,CAMPECHE,16,SEYBAPLAYA,4,CHAMPOTON,348,1,115,198,19,9,4,5,9,29,1,0,20,1,,410,28,438,690
3,4,CAMPECHE,15,CHAMPOTON,4,CHAMPOTON,349,2,185,358,37,12,10,1,4,64,4,1,20,2,,698,16,714,1062
3,4,CAMPECHE,15,CHAMPOTON,4,CHAMPOTON,350,2,383,397,19,15,4,2,4,48,2,3,36,0,,913,21,934,1293
3,4,CAMPECHE,15,CHAMPOTON,4,CHAMPOTON,351,1,164,165,5,2,0,2,2,15,0,0,0,0,,355,2,357,428
3,4,CAMPECHE,16,SEYBAPLAYA,4,CHAMPOTON,352,1,208,112,13,3,0,3,2,10,0,0,1,7,,359,12,371,582
3,4,CAMPECHE,16,SEYBAPLAYA,4,CHAMPOTON,353,1,115,88,7,3,3,3,3,18,0,0,5,0,,245,9,254,358
3,4,CAMPECHE,16,SEYBAPLAYA,4,CHAMPOTON,354,1,268,110,19,6,6,1,3,29,1,0,0,7,,450,11,461,663
3,4,CAMPECHE,16,SEYBAPLAYA,4,CHAMPOTON,355,1,54,100,2,8,6,1,5,8,0,1,4,0,,189,9,198,262
3,4,CAMPECHE,21,XPUJIL,9,ESCARCEGA,356,3,253,581,197,5,1,2,3,41,2,1,15,0,,1101,53,1154,1739
3,4,CAMPECHE,21,XPUJIL,9,ESCARCEGA,357,1,67,283,37,4,2,0,1,3,0,0,20,0,,417,9,426,611
3,4,CAMPECHE,21,XPUJIL,9,ESCARCEGA,358,1,57,118,29,2,3,3,0,13,0,0,4,0,,229,1,230,320
3,4,CAMPECHE,21,XPUJIL,11,CALAKMUL,359,2,271,338,18,1,1,2,12,11,0,0,19,3,,676,8,684,852
3,4,CAMPECHE,21,XPUJIL,11,CALAKMUL,360,2,385,315,24,2,1,2,16,31,0,1,16,13,,806,17,823,1172
3,4,CAMPECHE,21,XPUJIL,9,ESCARCEGA,361,2,174,445,73,10,0,0,13,10,1,1,38,1,,766,35,801,1365
3,4,CAMPECHE,21,XPUJIL,11,CALAKMUL,362,2,143,304,6,2,6,1,3,42,0,3,13,28,,551,19,570,826
3,4,CAMPECHE,19,HECELCHAKAN,5,HECELCHAKAN,363,3,351,456,10,31,1,9,70,393,2,69,38,4,,1434,48,1482,1835
3,4,CAMPECHE,19,HECELCHAKAN,5,HECELCHAKAN,364,3,270,511,10,24,7,4,59,406,5,101,34,2,,1433,49,1482,1891
3,4,CAMPECHE,19,HECELCHAKAN,5,HECELCHAKAN,365,2,62,244,3,14,0,1,32,246,2,35,15,2,,656,20,676,857
3,4,CAMPECHE,19,HECELCHAKAN,5,HECELCHAKAN,366,2,165,247,3,10,1,6,52,272,2,28,18,2,,806,34,840,1095
3,4,CAMPECHE,19,HECELCHAKAN,5,HECELCHAKAN,367,2,176,270,10,7,1,4,37,310,5,42,18,1,,881,27,908,1144
3,4,CAMPECHE,19,HECELCHAKAN,5,HECELCHAKAN,368,2,190,253,17,11,1,3,37,274,2,25,22,5,,840,33,873,1083
3,4,CAMPECHE,19,HECELCHAKAN,5,HECELCHAKAN,369,1,220,233,1,0,0,1,8,24,1,74,0,0,,562,9,571,625
3,4,CAMPECHE,19,HECELCHAKAN,5,HECELCHAKAN,370,2,335,233,13,14,4,5,8,245,3,193,5,2,,1060,38,1098,1249
3,4,CAMPECHE,19,HECELCHAKAN,5,HECELCHAKAN,371,2,297,214,6,12,0,2,6,124,3,70,14,1,,749,13,762,822
3,4,CAMPECHE,19,HECELCHAKAN,5,HECELCHAKAN,372,2,415,300,11,18,2,4,4,195,7,190,28,1,,1175,33,1208,1355
3,4,CAMPECHE,19,HECELCHAKAN,5,HECELCHAKAN,373,2,243,270,2,8,2,0,20,94,0,124,17,0,,780,19,799,882
3,4,CAMPECHE,19,HECELCHAKAN,5,HECELCHAKAN,374,1,77,122,2,4,0,2,3,33,1,21,4,0,,269,12,281,307
3,4,CAMPECHE,19,HECELCHAKAN,5,HECELCHAKAN,375,2,506,360,4,22,1,1,9,163,2,84,17,0,,1169,20,1189,1417
3,4,CAMPECHE,19,HECELCHAKAN,5,HECELCHAKAN,376,2,357,404,3,26,4,1,6,169,6,101,12,2,,1091,20,1111,1366
3,4,CAMPECHE,19,HECELCHAKAN,5,HECELCHAKAN,377,2,293,329,7,14,2,1,4,148,1,39,12,0,,850,28,878,1072
3,4,CAMPECHE,19,HECELCHAKAN,5,HECELCHAKAN,378,2,447,330,2,10,1,6,5,158,2,46,11,0,,1018,27,1045,1299
3,4,CAMPECHE,19,HECELCHAKAN,5,HECELCHAKAN,379,2,397,147,1,3,1,3,6,69,0,68,207,0,,902,20,922,1124
3,4,CAMPECHE,19,HECELCHAKAN,5,HECELCHAKAN,380,2,226,159,0,4,0,0,2,13,1,99,11,0,,515,4,519,1235
3,4,CAMPECHE,18,HOPELCHEN,6,HOPELCHEN,381,3,336,530,3,9,9,13,45,140,11,0,19,0,,1115,22,1137,1635
3,4,CAMPECHE,18,HOPELCHEN,6,HOPELCHEN,382,4,384,694,11,6,13,3,47,155,7,2,49,1,,1372,33,1405,2764
3,4,CAMPECHE,18,HOPELCHEN,6,HOPELCHEN,383,2,157,393,4,6,4,1,25,91,1,3,25,0,,710,14,724,953
3,4,CAMPECHE,18,HOPELCHEN,6,HOPELCHEN,384,2,142,370,2,3,11,4,28,88,8,1,26,0,,683,16,699,923
3,4,CAMPECHE,18,HOPELCHEN,6,HOPELCHEN,385,1,121,157,2,1,1,0,2,12,0,0,0,0,,296,0,296,313
3,4,CAMPECHE,18,HOPELCHEN,6,HOPELCHEN,386,1,108,115,0,1,0,0,0,8,1,0,2,0,,235,4,239,364
3,4,CAMPECHE,18,HOPELCHEN,6,HOPELCHEN,387,1,134,85,1,0,1,0,0,5,0,0,0,0,,226,3,229,239
3,4,CAMPECHE,18,HOPELCHEN,6,HOPELCHEN,388,3,577,634,25,4,7,5,28,251,6,2,36,2,,1577,39,1616,2186
3,4,CAMPECHE,18,HOPELCHEN,6,HOPELCHEN,389,2,162,145,2,0,1,2,2,40,0,0,4,0,,358,7,365,1033
3,4,CAMPECHE,18,HOPELCHEN,6,HOPELCHEN,390,1,114,91,1,3,2,1,0,16,0,0,8,0,,236,0,236,268
3,4,CAMPECHE,18,HOPELCHEN,6,HOPELCHEN,391,1,75,122,3,2,1,1,3,19,1,0,11,0,,238,8,246,349
3,4,CAMPECHE,18,HOPELCHEN,6,HOPELCHEN,392,1,52,95,0,0,0,0,0,0,1,0,3,0,,151,2,153,163
3,4,CAMPECHE,18,HOPELCHEN,6,HOPELCHEN,393,1,57,50,0,0,0,0,5,2,0,0,3,0,,117,2,119,138
3,4,CAMPECHE,18,HOPELCHEN,6,HOPELCHEN,394,1,197,285,3,0,5,0,7,112,0,0,8,0,,617,16,633,721
3,4,CAMPECHE,18,HOPELCHEN,6,HOPELCHEN,395,2,242,314,9,1,13,18,4,30,4,1,5,0,,641,16,657,780
3,4,CAMPECHE,18,HOPELCHEN,6,HOPELCHEN,396,1,157,219,2,0,1,1,2,9,0,0,0,0,,391,5,396,480
3,4,CAMPECHE,18,HOPELCHEN,6,HOPELCHEN,397,1,262,213,0,0,1,1,6,14,0,0,0,1,,498,9,507,616
3,4,CAMPECHE,18,HOPELCHEN,6,HOPELCHEN,398,1,266,246,1,1,6,3,3,33,1,0,5,5,,570,10,580,718
3,4,CAMPECHE,18,HOPELCHEN,6,HOPELCHEN,399,1,106,204,4,0,4,8,0,23,0,2,0,1,,352,10,362,463
3,4,CAMPECHE,18,HOPELCHEN,6,HOPELCHEN,400,2,462,487,2,0,3,0,7,26,1,0,13,1,,1002,11,1013,1136
3,4,CAMPECHE,18,HOPELCHEN,6,HOPELCHEN,401,2,413,504,5,6,0,3,1,34,1,2,0,1,,970,9,979,1098
3,4,CAMPECHE,18,HOPELCHEN,6,HOPELCHEN,402,1,37,100,1,1,0,1,0,4,1,0,4,0,,149,5,154,688
3,4,CAMPECHE,18,HOPELCHEN,6,HOPELCHEN,403,2,245,345,3,3,41,12,50,28,2,0,11,2,,742,23,765,1227
3,4,CAMPECHE,18,HOPELCHEN,6,HOPELCHEN,404,2,186,269,2,2,21,1,22,35,1,1,15,1,,556,14,570,770
3,4,CAMPECHE,18,HOPELCHEN,6,HOPELCHEN,405,1,33,73,0,0,1,0,1,5,1,0,5,0,,119,2,121,607
3,4,CAMPECHE,18,HOPELCHEN,6,HOPELCHEN,406,1,120,123,6,0,15,1,11,17,0,1,0,0,,294,7,301,459
3,4,CAMPECHE,18,HOPELCHEN,6,HOPELCHEN,407,2,335,250,1,2,11,1,5,9,1,0,3,1,,619,10,629,779
3,4,CAMPECHE,18,HOPELCHEN,6,HOPELCHEN,408,1,114,220,1,0,4,1,1,6,0,0,3,2,,352,5,357,405
3,4,CAMPECHE,18,HOPELCHEN,6,HOPELCHEN,409,1,304,282,1,2,3,1,11,5,0,0,13,0,,622,6,628,724
3,4,CAMPECHE,18,HOPELCHEN,6,HOPELCHEN,410,2,675,480,3,1,1,0,32,22,1,0,5,0,,1220,9,1229,1328
3,4,CAMPECHE,18,HOPELCHEN,6,HOPELCHEN,411,1,82,77,1,0,1,0,1,4,0,0,0,0,,166,1,167,170
3,4,CAMPECHE,18,HOPELCHEN,6,HOPELCHEN,412,1,133,133,1,0,0,1,2,6,0,0,2,0,,278,4,282,302
3,4,CAMPECHE,21,XPUJIL,11,CALAKMUL,413,1,29,66,0,0,0,0,0,2,0,1,5,0,,103,6,109,120
3,4,CAMPECHE,18,HOPELCHEN,6,HOPELCHEN,413,1,120,99,0,0,0,0,0,2,0,0,0,0,,221,6,227,255
3,4,CAMPECHE,21,XPUJIL,6,HOPELCHEN,413,1,131,110,0,0,0,0,1,4,2,0,2,0,,250,2,252,267
3,4,CAMPECHE,21,XPUJIL,11,CALAKMUL,414,1,64,85,6,1,1,0,9,3,0,0,3,0,,172,8,180,232
3,4,CAMPECHE,21,XPUJIL,11,CALAKMUL,415,3,474,524,24,11,2,7,34,52,0,4,39,1,,1172,30,1202,1560
3,4,CAMPECHE,21,XPUJIL,11,CALAKMUL,416,1,39,61,9,1,2,2,3,6,0,7,5,0,,135,6,141,185
3,4,CAMPECHE,21,XPUJIL,11,CALAKMUL,417,7,1000,1084,24,19,25,21,79,130,1,5,115,14,,2517,50,2567,3464
3,4,CAMPECHE,21,XPUJIL,11,CALAKMUL,418,1,24,50,3,0,2,1,1,1,0,0,2,0,,84,0,84,116
3,4,CAMPECHE,21,XPUJIL,11,CALAKMUL,419,1,63,125,2,1,1,6,6,8,0,0,5,0,,217,4,221,357
3,4,CAMPECHE,21,XPUJIL,11,CALAKMUL,420,1,57,72,58,13,1,3,4,10,0,0,85,0,,303,13,316,295
3,4,CAMPECHE,21,XPUJIL,11,CALAKMUL,421,3,579,403,12,11,5,6,3,55,1,0,56,4,,1135,32,1167,1648
3,4,CAMPECHE,21,XPUJIL,11,CALAKMUL,422,2,282,210,1,5,7,3,2,3,1,0,15,0,,529,4,533,825
3,4,CAMPECHE,21,XPUJIL,11,CALAKMUL,423,1,81,96,2,0,7,0,0,1,0,0,7,0,,194,6,200,237
3,4,CAMPECHE,21,XPUJIL,11,CALAKMUL,424,1,155,101,6,2,2,1,0,2,0,0,1,0,,270,3,273,379
3,4,CAMPECHE,21,XPUJIL,11,CALAKMUL,425,2,176,327,31,6,10,12,13,20,4,0,10,0,,609,22,631,968
3,4,CAMPECHE,21,XPUJIL,11,CALAKMUL,426,3,590,718,13,6,12,6,8,3,1,0,59,0,,1416,37,1453,1947
3,4,CAMPECHE,21,XPUJIL,11,CALAKMUL,427,3,523,522,17,6,7,4,7,24,1,1,19,1,,1132,35,1167,1597
3,4,CAMPECHE,20,PALIZADA,7,PALIZADA,428,2,396,520,7,6,1,0,14,42,0,0,43,2,,1031,16,1047,1314
3,4,CAMPECHE,20,PALIZADA,7,PALIZADA,429,3,668,641,2,9,1,0,6,29,0,0,42,3,,1401,21,1422,1900
3,4,CAMPECHE,20,PALIZADA,7,PALIZADA,430,1,188,144,0,0,0,0,0,1,0,1,0,0,,334,8,342,410
3,4,CAMPECHE,20,PALIZADA,7,PALIZADA,431,1,366,178,0,2,0,3,4,14,0,0,11,1,,579,4,583,703
3,4,CAMPECHE,20,PALIZADA,7,PALIZADA,432,1,192,123,3,3,0,0,1,3,0,0,9,0,,334,3,337,403
3,4,CAMPECHE,20,PALIZADA,7,PALIZADA,433,1,275,198,0,4,0,0,6,1,0,0,27,0,,511,6,517,584
3,4,CAMPECHE,20,PALIZADA,7,PALIZADA,434,1,72,74,0,3,0,0,0,0,0,0,5,0,,154,0,154,177
3,4,CAMPECHE,20,PALIZADA,7,PALIZADA,435,1,257,160,2,0,0,0,0,7,0,0,8,0,,434,8,442,601
3,4,CAMPECHE,20,PALIZADA,7,PALIZADA,436,1,50,38,1,0,0,0,0,1,0,0,3,0,,93,1,94,103
3,4,CAMPECHE,20,PALIZADA,7,PALIZADA,439,1,319,249,0,4,0,0,0,1,0,0,12,6,,591,0,591,696
3,4,CAMPECHE,7,TENABO,8,TENABO,440,2,494,540,1,15,3,1,10,33,0,2,46,1,,1146,7,1153,1393
3,4,CAMPECHE,7,TENABO,8,TENABO,441,3,464,695,4,4,2,1,17,49,0,4,56,5,,1301,18,1319,1514
3,4,CAMPECHE,7,TENABO,8,TENABO,442,3,484,637,4,4,1,1,13,31,2,1,69,3,,1250,13,1263,1526
3,4,CAMPECHE,7,TENABO,8,TENABO,443,2,429,688,3,8,0,2,12,58,0,3,78,3,,1284,22,1306,1597
3,4,CAMPECHE,7,TENABO,8,TENABO,444,1,66,75,1,0,0,0,1,1,0,0,2,0,,146,0,146,161
3,4,CAMPECHE,7,TENABO,8,TENABO,445,2,253,357,5,2,1,2,27,55,1,1,22,4,,730,19,749,886
3,4,CAMPECHE,7,TENABO,8,TENABO,447,1,142,193,0,0,0,1,3,11,0,0,0,1,,351,4,355,380
3,4,CAMPECHE,13,ESCARCEGA,9,ESCARCEGA,448,3,381,515,62,42,1,17,20,144,5,4,65,9,,1265,30,1295,2221
3,4,CAMPECHE,13,ESCARCEGA,9,ESCARCEGA,449,2,202,275,24,30,3,12,12,116,2,12,16,8,,712,26,738,1321
3,4,CAMPECHE,13,ESCARCEGA,9,ESCARCEGA,450,2,207,290,23,21,5,8,5,91,2,5,24,4,,685,29,714,1209
3,4,CAMPECHE,13,ESCARCEGA,9,ESCARCEGA,451,3,284,383,35,20,7,12,8,90,1,6,37,3,,886,39,925,1665
3,4,CAMPECHE,13,ESCARCEGA,9,ESCARCEGA,452,1,91,162,3,5,0,7,6,56,2,2,17,3,,354,10,364,600
3,4,CAMPECHE,13,ESCARCEGA,9,ESCARCEGA,453,2,116,219,16,12,2,2,9,67,5,2,12,12,,474,20,494,801
3,4,CAMPECHE,13,ESCARCEGA,9,ESCARCEGA,454,3,259,536,26,13,8,10,18,110,2,2,11,9,,1004,19,1023,1869
3,4,CAMPECHE,13,ESCARCEGA,9,ESCARCEGA,455,2,255,290,24,15,21,3,13,57,1,1,13,0,,693,21,714,1423
3,4,CAMPECHE,13,ESCARCEGA,9,ESCARCEGA,456,2,114,212,11,11,5,5,9,47,3,8,13,2,,440,11,451,840
3,4,CAMPECHE,13,ESCARCEGA,9,ESCARCEGA,457,1,131,204,12,7,3,5,6,39,1,5,28,1,,442,8,450,688
3,4,CAMPECHE,13,ESCARCEGA,9,ESCARCEGA,458,2,153,237,8,11,1,4,5,56,2,5,25,8,,515,18,533,913
3,4,CAMPECHE,13,ESCARCEGA,9,ESCARCEGA,459,2,188,197,5,17,6,1,15,60,1,0,10,3,,503,12,515,798
3,4,CAMPECHE,13,ESCARCEGA,9,ESCARCEGA,460,2,249,345,11,18,5,8,17,133,2,6,23,7,,824,16,840,643
3,4,CAMPECHE,13,ESCARCEGA,9,ESCARCEGA,461,2,192,273,21,7,6,7,12,79,4,0,15,3,,619,21,640,998
3,4,CAMPECHE,13,ESCARCEGA,9,ESCARCEGA,462,2,161,243,7,17,1,3,13,58,4,0,17,2,,526,16,542,999
3,4,CAMPECHE,13,ESCARCEGA,9,ESCARCEGA,463,2,243,273,18,16,0,7,7,51,3,1,28,2,,649,10,659,1104
3,4,CAMPECHE,13,ESCARCEGA,9,ESCARCEGA,464,3,380,353,15,11,7,7,13,107,5,1,49,2,,950,39,989,1731
3,4,CAMPECHE,13,ESCARCEGA,9,ESCARCEGA,465,1,60,111,5,1,1,0,1,2,4,0,11,1,,197,7,204,281
3,4,CAMPECHE,13,ESCARCEGA,9,ESCARCEGA,466,2,106,100,6,1,2,2,3,14,0,0,17,2,,253,8,261,419
3,4,CAMPECHE,21,XPUJIL,9,ESCARCEGA,467,1,63,170,11,3,5,3,3,56,1,2,5,1,,323,15,338,575
3,4,CAMPECHE,21,XPUJIL,9,ESCARCEGA,468,3,364,432,31,24,5,1,17,104,2,0,14,8,,1002,36,1038,1912
3,4,CAMPECHE,21,XPUJIL,9,ESCARCEGA,469,1,135,171,3,9,8,0,3,19,0,5,5,5,,363,14,377,601
3,4,CAMPECHE,21,XPUJIL,9,ESCARCEGA,470,2,289,200,6,2,7,11,4,35,0,0,21,0,,575,20,595,1032
3,4,CAMPECHE,13,ESCARCEGA,9,ESCARCEGA,471,2,343,261,13,2,9,4,7,43,0,0,5,1,,688,23,711,1122
3,4,CAMPECHE,20,PALIZADA,3,CARMEN,472,2,249,189,4,2,1,0,3,179,3,3,13,0,,646,34,680,942
3,4,CAMPECHE,20,PALIZADA,3,CARMEN,473,2,139,295,7,1,2,2,6,197,4,0,19,0,,672,15,687,945
3,4,CAMPECHE,20,PALIZADA,3,CARMEN,474,1,70,82,0,0,0,2,2,21,0,0,0,0,,177,11,188,231
3,4,CAMPECHE,13,ESCARCEGA,9,ESCARCEGA,475,2,112,166,58,36,1,23,9,40,0,1,39,0,,485,23,508,886
3,4,CAMPECHE,13,ESCARCEGA,9,ESCARCEGA,476,2,125,190,28,11,5,24,5,40,1,2,18,1,,450,16,466,773
3,4,CAMPECHE,13,ESCARCEGA,9,ESCARCEGA,477,2,121,196,46,18,5,72,5,57,3,2,28,0,,553,17,570,1023
3,4,CAMPECHE,20,PALIZADA,3,CARMEN,478,2,349,254,1,7,2,6,0,186,0,1,16,3,,825,20,845,1103
3,4,CAMPECHE,20,PALIZADA,3,CARMEN,479,1,255,131,1,2,0,6,0,16,1,0,1,0,,413,5,418,561
3,4,CAMPECHE,13,ESCARCEGA,9,ESCARCEGA,480,2,265,183,8,5,4,1,3,24,1,1,15,1,,511,6,517,784
3,4,CAMPECHE,13,ESCARCEGA,9,ESCARCEGA,481,2,308,209,13,4,4,1,4,32,1,1,9,1,,587,6,593,1077
3,4,CAMPECHE,13,ESCARCEGA,9,ESCARCEGA,482,1,161,130,2,5,6,31,6,18,1,0,12,5,,377,10,387,598
3,4,CAMPECHE,20,PALIZADA,3,CARMEN,483,1,103,81,1,3,1,0,3,27,2,0,12,1,,234,4,238,324
3,4,CAMPECHE,20,PALIZADA,3,CARMEN,484,2,324,327,3,6,2,1,2,114,1,1,30,2,,813,37,850,1168
3,4,CAMPECHE,13,ESCARCEGA,9,ESCARCEGA,485,1,203,134,9,5,3,3,2,12,0,0,7,2,,380,9,389,627
3,4,CAMPECHE,20,PALIZADA,3,CARMEN,486,2,268,108,15,77,5,1,5,6,3,2,170,34,,694,29,723,1494
3,4,CAMPECHE,20,PALIZADA,3,CARMEN,487,1,254,255,3,8,0,2,0,23,1,1,21,1,,569,11,580,727
3,4,CAMPECHE,20,PALIZADA,3,CARMEN,488,1,114,89,1,16,2,0,1,3,2,0,14,0,,242,7,249,411
3,4,CAMPECHE,13,ESCARCEGA,9,ESCARCEGA,489,3,246,389,41,14,4,14,6,89,12,7,23,2,,847,43,890,1880
3,4,CAMPECHE,14,CANDELARIA,10,CANDELARIA,490,1,104,102,0,1,0,1,0,2,0,0,3,0,,213,4,217,300
3,4,CAMPECHE,12,SABANCUY,3,CARMEN,491,2,214,69,16,4,0,5,2,112,9,6,1,4,,442,3,445,856
3,4,CAMPECHE,12,SABANCUY,3,CARMEN,492,2,135,71,3,2,2,3,4,65,9,5,0,1,,300,4,304,972
3,4,CAMPECHE,12,SABANCUY,3,CARMEN,493,1,179,56,8,1,3,1,1,79,1,3,0,3,,335,6,341,707
3,4,CAMPECHE,12,SABANCUY,3,CARMEN,494,1,159,38,3,1,2,3,3,42,5,4,0,2,,262,5,267,544
3,4,CAMPECHE,12,SABANCUY,3,CARMEN,495,1,140,50,6,2,0,2,2,35,1,1,2,1,,242,5,247,538
3,4,CAMPECHE,12,SABANCUY,3,CARMEN,496,1,97,64,6,2,1,0,3,41,2,0,1,2,,219,5,224,519
3,4,CAMPECHE,12,SABANCUY,3,CARMEN,497,1,111,31,4,1,1,3,1,41,3,3,3,2,,204,4,208,424
3,4,CAMPECHE,12,SABANCUY,3,CARMEN,498,1,126,95,7,2,1,5,4,63,3,2,5,3,,316,12,328,674
3,4,CAMPECHE,12,SABANCUY,3,CARMEN,499,1,132,31,3,2,3,0,1,45,4,3,1,3,,228,9,237,448
3,4,CAMPECHE,12,SABANCUY,3,CARMEN,500,1,129,22,4,1,2,1,2,35,4,2,2,2,,206,11,217,438
3,4,CAMPECHE,12,SABANCUY,3,CARMEN,501,1,112,45,0,1,1,0,1,36,2,3,7,2,,210,2,212,411
3,4,CAMPECHE,12,SABANCUY,3,CARMEN,502,1,106,61,4,0,0,1,2,46,2,4,1,3,,230,2,232,466
3,4,CAMPECHE,12,SABANCUY,3,CARMEN,503,1,152,36,7,6,1,2,2,56,2,4,0,3,,271,9,280,562
3,4,CAMPECHE,12,SABANCUY,3,CARMEN,504,1,188,50,6,1,4,0,5,51,7,1,0,0,,313,5,318,664
3,4,CAMPECHE,12,SABANCUY,3,CARMEN,505,1,103,34,0,0,1,1,1,36,0,1,0,1,,178,1,179,388
3,4,CAMPECHE,12,SABANCUY,3,CARMEN,506,1,131,37,5,1,0,0,3,64,1,5,0,3,,250,7,257,522
3,4,CAMPECHE,12,SABANCUY,3,CARMEN,507,1,121,42,5,1,2,0,0,26,1,3,0,0,,201,3,204,404
3,4,CAMPECHE,12,SABANCUY,3,CARMEN,508,1,94,48,2,1,0,1,2,41,2,1,5,1,,198,4,202,390
3,4,CAMPECHE,12,SABANCUY,3,CARMEN,509,2,202,86,4,10,2,2,3,97,5,8,5,3,,427,5,432,1203
3,4,CAMPECHE,12,SABANCUY,3,CARMEN,510,1,146,54,2,0,2,1,4,40,0,1,0,1,,251,0,251,528
3,4,CAMPECHE,12,SABANCUY,3,CARMEN,511,1,100,48,4,4,1,1,1,63,1,3,1,4,,231,1,232,621
3,4,CAMPECHE,12,SABANCUY,3,CARMEN,512,1,125,36,1,5,0,0,2,22,0,2,3,1,,197,4,201,449
3,4,CAMPECHE,12,SABANCUY,3,CARMEN,513,1,78,71,6,0,1,1,2,28,0,3,7,2,,199,6,205,553
3,4,CAMPECHE,12,SABANCUY,3,CARMEN,514,1,99,59,4,4,1,0,4,36,2,0,0,4,,213,1,214,503
3,4,CAMPECHE,12,SABANCUY,3,CARMEN,515,1,88,70,6,4,3,1,4,51,2,1,4,4,,238,10,248,675
3,4,CAMPECHE,12,SABANCUY,3,CARMEN,516,1,62,0,9,0,1,0,2,40,1,3,92,0,,210,5,215,543
3,4,CAMPECHE,12,SABANCUY,3,CARMEN,517,2,127,80,11,4,3,2,0,66,2,5,4,3,,307,6,313,935
3,4,CAMPECHE,12,SABANCUY,3,CARMEN,518,1,81,50,3,0,0,1,2,28,1,0,2,0,,168,1,169,439
3,4,CAMPECHE,12,SABANCUY,3,CARMEN,519,1,88,72,4,5,3,0,1,35,1,1,4,1,,215,2,217,495
3,4,CAMPECHE,12,SABANCUY,3,CARMEN,520,1,119,45,7,5,1,0,1,44,7,2,1,0,,232,4,236,660
3,4,CAMPECHE,12,SABANCUY,3,CARMEN,521,1,95,28,2,2,0,3,2,33,5,4,0,0,,174,2,176,432
3,4,CAMPECHE,12,SABANCUY,3,CARMEN,522,1,88,57,3,1,1,4,1,38,1,1,1,0,,196,4,200,510
3,4,CAMPECHE,12,SABANCUY,3,CARMEN,523,1,98,70,5,1,0,1,0,26,1,3,0,3,,208,1,209,501
3,4,CAMPECHE,12,SABANCUY,3,CARMEN,524,1,79,70,11,2,1,0,0,25,1,2,7,0,,198,9,207,451
3,4,CAMPECHE,12,SABANCUY,3,CARMEN,525,1,72,84,4,0,2,1,2,27,0,1,0,1,,194,6,200,419
3,4,CAMPECHE,12,SABANCUY,3,CARMEN,526,1,54,58,5,4,4,1,3,29,0,1,6,3,,168,3,171,367
3,4,CAMPECHE,12,SABANCUY,3,CARMEN,527,1,63,54,2,0,1,0,2,26,1,0,1,0,,150,3,153,340
3,4,CAMPECHE,16,SEYBAPLAYA,4,CHAMPOTON,528,1,142,95,1,4,0,2,3,8,1,0,0,0,,256,4,260,451
3,4,CAMPECHE,16,SEYBAPLAYA,4,CHAMPOTON,529,2,166,163,16,1,9,9,12,42,2,3,1,1,,425,22,447,784
3,4,CAMPECHE,16,SEYBAPLAYA,4,CHAMPOTON,530,1,74,81,3,1,0,1,0,10,0,1,2,0,,173,9,182,236