ID_ESTADO,NOMBRE_ESTADO,ID_MUNICIPIO,MUNICIPIO,SECCIONES,CASILLAS,C_COMUN_PAN_PRD_PRS_PHBCS,PRI,PT,PVEM,MC,NA,MORENA,ES,BCSC,MORENA_ES,CAND_IND1,CAND_IND2,CAND_IND3,CAND_IND4,NUM_VOTOS_VALIDOS,NUM_VOTOS_CAN_NREG,NUM_VOTOS_NULOS,TOTAL_VOTOS,LISTA_NOMINAL,RUTA_ACTA
3,BAJA CALIFORNIA SUR,1,COMONDU,72,114,8917,6148,648,567,637,1464,11310,743,514,444,,,,,31392,23,1570,32985,53666,
3,BAJA CALIFORNIA SUR,2,MULEGE,44,85,6819,2481,544,1408,0,4419,6463,961,323,0,,,,,23418,3,1708,25129,41048,
3,BAJA CALIFORNIA SUR,3,LA PAZ,223,397,29518,9993,2605,7779,3007,3757,46917,2861,5773,1377,2243,,1220,,117050,108,5305,122463,203030,
3,BAJA CALIFORNIA SUR,4,LOS CABOS,134,357,22693,6226,20906,5009,0,1619,36465,1398,4901,360,,1817,,1076,102470,89,4125,106684,206467,
3,BAJA CALIFORNIA SUR,5,LORETO,10,25,3753,1070,443,567,0,75,1463,76,130,0,,,,,7577,1,282,7860,11935,
