CIRCUNSCRIPCION,ID_ESTADO,NOMBRE_ESTADO,ID_DISTRITO_LOCAL,CABECERA_DISTRITAL_LOCAL,ID_MUNICIPIO,MUNICIPIO,SECCION,CASILLAS,C_COMUN_PAN_PRD_PRS_PHBCS,PRI,PT,PVEM,MC,NA,MORENA,ES,BCSC,MORENA_ES,CAND_IND1,CAND_IND2,CAND_IND3,CAND_IND4,NUM_VOTOS_VALIDOS,NUM_VOTOS_CAN_NREG,NUM_VOTOS_NULOS,TOTAL_VOTOS,LISTA_NOMINAL
,3,BAJA CALIFORNIA SUR,11,CD. CONSTITUCION,1,COMONDU,1,1,119,158,7,17,9,3,161,7,4,2,,,,,487,1,14,502,742
,3,BAJA CALIFORNIA SUR,11,CD. CONSTITUCION,1,COMONDU,2,1,84,71,11,4,12,3,120,1,3,0,,,,,309,0,2,311,459
,3,BAJA CALIFORNIA SUR,11,CD. CONSTITUCION,1,COMONDU,3,3,219,213,14,24,29,10,481,19,18,13,,,,,1040,1,32,1073,1604
,3,BAJA CALIFORNIA SUR,11,CD. CONSTITUCION,1,COMONDU,4,1,119,136,3,8,6,5,133,11,6,2,,,,,429,2,11,442,687
,3,BAJA CALIFORNIA SUR,11,CD. CONSTITUCION,1,COMONDU,5,2,141,152,3,29,22,3,216,6,6,9,,,,,587,1,17,605,929
,3,BAJA CALIFORNIA SUR,11,CD. CONSTITUCION,1,COMONDU,6,1,94,119,1,16,7,1,126,13,5,2,,,,,384,0,12,396,694
,3,BAJA CALIFORNIA SUR,11,CD. CONSTITUCION,1,COMONDU,7,2,186,215,1,17,14,8,235,16,11,6,,,,,709,1,29,739,1084
,3,BAJA CALIFORNIA SUR,11,CD. CONSTITUCION,1,COMONDU,8,2,169,114,10,12,13,15,298,13,12,3,,,,,659,1,47,707,478
,3,BAJA CALIFORNIA SUR,11,CD. CONSTITUCION,1,COMONDU,9,1,70,68,1,7,2,2,97,2,2,3,,,,,254,0,8,262,428
,3,BAJA CALIFORNIA SUR,11,CD. CONSTITUCION,1,COMONDU,10,2,113,125,2,14,14,3,195,5,5,4,,,,,480,0,14,494,784
,3,BAJA CALIFORNIA SUR,10,CD. CONSTITUCION,1,COMONDU,11,1,62,54,6,4,6,18,103,7,9,3,,,,,272,0,8,280,447
,3,BAJA CALIFORNIA SUR,10,CD. CONSTITUCION,1,COMONDU,12,1,66,55,6,5,3,17,47,2,2,1,,,,,204,0,10,214,337
,3,BAJA CALIFORNIA SUR,10,CD. CONSTITUCION,1,COMONDU,13,2,174,124,6,13,6,34,240,12,15,7,,,,,631,2,21,654,1048
,3,BAJA CALIFORNIA SUR,10,CD. CONSTITUCION,1,COMONDU,14,2,168,103,3,7,5,49,145,7,11,6,,,,,504,0,19,523,934
,3,BAJA CALIFORNIA SUR,10,CD. CONSTITUCION,1,COMONDU,15,1,102,58,6,4,6,27,123,3,5,1,,,,,335,0,13,348,581
,3,BAJA CALIFORNIA SUR,10,CD. CONSTITUCION,1,COMONDU,16,2,179,130,11,10,6,47,247,13,15,2,,,,,660,1,12,673,1021
,3,BAJA CALIFORNIA SUR,10,CD. CONSTITUCION,1,COMONDU,17,1,99,46,2,3,1,19,128,4,3,4,,,,,309,0,11,320,469
,3,BAJA CALIFORNIA SUR,11,CD. CONSTITUCION,1,COMONDU,18,2,176,135,6,15,19,7,281,13,13,10,,,,,675,0,22,697,1102
,3,BAJA CALIFORNIA SUR,11,CD. CONSTITUCION,1,COMONDU,19,2,106,126,11,16,20,3,194,8,7,11,,,,,502,0,28,530,888
,3,BAJA CALIFORNIA SUR,10,CD. CONSTITUCION,1,COMONDU,20,2,159,129,15,10,8,30,256,14,11,16,,,,,648,1,24,673,1234
,3,BAJA CALIFORNIA SUR,10,CD. CONSTITUCION,1,COMONDU,21,2,154,104,16,10,4,38,242,23,11,18,,,,,620,0,34,654,1089
,3,BAJA CALIFORNIA SUR,10,CD. CONSTITUCION,1,COMONDU,22,3,260,154,19,25,17,67,384,23,17,23,,,,,989,0,52,1041,1883
,3,BAJA CALIFORNIA SUR,10,CD. CONSTITUCION,1,COMONDU,23,2,105,83,7,9,0,48,200,7,10,2,,,,,471,0,29,500,860
,3,BAJA CALIFORNIA SUR,10,CD. CONSTITUCION,1,COMONDU,24,1,90,74,7,6,11,31,137,8,7,5,,,,,376,0,23,399,643
,3,BAJA CALIFORNIA SUR,10,CD. CONSTITUCION,1,COMONDU,25,2,126,80,8,8,3,31,244,9,11,12,,,,,532,0,30,562,923
,3,BAJA CALIFORNIA SUR,10,CD. CONSTITUCION,1,COMONDU,26,2,113,72,7,11,9,37,112,11,7,18,,,,,397,0,28,425,898
,3,BAJA CALIFORNIA SUR,10,CD. CONSTITUCION,1,COMONDU,27,2,118,54,14,10,9,40,200,13,19,10,,,,,487,0,24,511,867
,3,BAJA CALIFORNIA SUR,10,CD. CONSTITUCION,1,COMONDU,28,5,388,249,29,20,15,118,553,43,49,23,,,,,1487,1,74,1562,3033
,3,BAJA CALIFORNIA SUR,10,CD. CONSTITUCION,1,COMONDU,29,2,229,99,20,11,13,52,313,22,16,12,,,,,787,0,48,835,1407
,3,BAJA CALIFORNIA SUR,10,CD. CONSTITUCION,1,COMONDU,30,3,257,139,24,15,9,75,339,33,11,23,,,,,925,0,58,983,1757
,3,BAJA CALIFORNIA SUR,10,CD. CONSTITUCION,1,COMONDU,31,2,156,89,8,13,8,40,208,15,12,9,,,,,558,1,27,586,964
,3,BAJA CALIFORNIA SUR,10,CD. CONSTITUCION,1,COMONDU,32,2,185,87,16,15,10,53,253,27,13,9,,,,,668,2,26,696,1101
,3,BAJA CALIFORNIA SUR,10,CD. CONSTITUCION,1,COMONDU,33,1,60,50,6,0,4,25,79,5,8,2,,,,,239,0,14,253,363
,3,BAJA CALIFORNIA SUR,10,CD. CONSTITUCION,1,COMONDU,34,1,137,97,8,5,2,37,126,20,15,11,,,,,458,0,33,491,723
,3,BAJA CALIFORNIA SUR,10,CD. CONSTITUCION,1,COMONDU,35,1,48,4,1,1,1,21,23,1,0,0,,,,,100,0,6,106,146
,3,BAJA CALIFORNIA SUR,10,CD. CONSTITUCION,1,COMONDU,36,2,87,24,4,1,3,21,62,16,3,7,,,,,228,0,29,257,418
,3,BAJA CALIFORNIA SUR,11,CD. CONSTITUCION,1,COMONDU,37,1,52,23,5,1,11,4,64,5,2,3,,,,,170,0,13,183,255
,3,BAJA CALIFORNIA SUR,11,CD. CONSTITUCION,1,COMONDU,38,1,81,48,2,3,8,2,66,7,2,5,,,,,224,0,15,239,328
,3,BAJA CALIFORNIA SUR,10,CD. CONSTITUCION,1,COMONDU,39,1,70,26,1,2,2,16,14,1,1,2,,,,,135,0,16,151,211
,3,BAJA CALIFORNIA SUR,11,CD. CONSTITUCION,1,COMONDU,40,1,121,40,12,5,13,9,134,2,4,2,,,,,342,0,21,363,675
,3,BAJA CALIFORNIA SUR,11,CD. CONSTITUCION,1,COMONDU,41,2,136,89,51,10,18,6,164,12,3,10,,,,,499,0,27,526,975
,3,BAJA CALIFORNIA SUR,11,CD. CONSTITUCION,1,COMONDU,42,2,179,113,23,17,9,6,181,13,6,5,,,,,552,0,39,591,1112
,3,BAJA CALIFORNIA SUR,11,CD. CONSTITUCION,1,COMONDU,43,1,107,71,12,6,5,10,160,6,6,3,,,,,386,0,18,404,691
,3,BAJA CALIFORNIA SUR,11,CD. CONSTITUCION,1,COMONDU,44,2,86,117,16,7,16,23,184,8,11,8,,,,,476,0,14,490,754
,3,BAJA CALIFORNIA SUR,11,CD. CONSTITUCION,1,COMONDU,45,2,130,81,20,8,8,5,172,17,6,6,,,,,453,0,12,465,757
,3,BAJA CALIFORNIA SUR,11,CD. CONSTITUCION,1,COMONDU,46,1,85,103,8,6,15,13,143,6,6,4,,,,,389,0,13,402,665
,3,BAJA CALIFORNIA SUR,11,CD. CONSTITUCION,1,COMONDU,47,2,106,85,25,9,23,6,200,4,31,0,,,,,489,0,13,502,848
,3,BAJA CALIFORNIA SUR,11,CD. CONSTITUCION,1,COMONDU,48,2,209,199,19,9,27,11,190,14,6,5,,,,,689,0,40,729,1123
,3,BAJA CALIFORNIA SUR,11,CD. CONSTITUCION,1,COMONDU,49,1,40,29,0,2,0,0,13,1,0,0,,,,,85,0,10,95,167
,3,BAJA CALIFORNIA SUR,11,CD. CONSTITUCION,1,COMONDU,50,1,38,18,2,2,8,0,38,3,3,0,,,,,112,0,7,119,176
,3,BAJA CALIFORNIA SUR,11,CD. CONSTITUCION,1,COMONDU,51,1,29,50,2,1,6,1,60,1,3,5,,,,,158,0,5,163,285
,3,BAJA CALIFORNIA SUR,11,CD. CONSTITUCION,1,COMONDU,52,1,50,78,7,6,5,1,74,7,3,1,,,,,232,0,17,249,387
,3,BAJA CALIFORNIA SUR,11,CD. CONSTITUCION,1,COMONDU,53,1,42,25,8,18,8,1,58,2,2,5,,,,,169,0,13,182,276
,3,BAJA CALIFORNIA SUR,11,CD. CONSTITUCION,1,COMONDU,54,3,199,89,15,5,24,6,202,16,5,9,,,,,570,0,39,609,996
,3,BAJA CALIFORNIA SUR,11,CD. CONSTITUCION,1,COMONDU,55,1,97,56,4,3,3,2,85,9,5,2,,,,,266,0,14,280,385
,3,BAJA CALIFORNIA SUR,11,CD. CONSTITUCION,1,COMONDU,56,1,113,67,1,1,13,3,105,41,1,3,,,,,348,0,14,362,540
,3,BAJA CALIFORNIA SUR,11,CD. CONSTITUCION,1,COMONDU,57,1,169,70,6,3,29,16,133,19,3,5,,,,,453,0,23,476,690
,3,BAJA CALIFORNIA SUR,11,CD. CONSTITUCION,1,COMONDU,58,1,132,74,3,3,22,13,111,9,2,3,,,,,372,1,17,390,547
,3,BAJA CALIFORNIA SUR,10,CD. CONSTITUCION,1,COMONDU,59,2,140,38,12,4,3,53,191,9,6,9,,,,,465,0,22,487,940
,3,BAJA CALIFORNIA SUR,10,CD. CONSTITUCION,1,COMONDU,60,2,105,29,9,4,4,57,179,3,1,4,,,,,395,0,26,421,771
,3,BAJA CALIFORNIA SUR,10,CD. CONSTITUCION,1,COMONDU,61,4,253,108,32,6,6,129,527,28,4,25,,,,,1118,0,59,1177,2351
,3,BAJA CALIFORNIA SUR,10,CD. CONSTITUCION,1,COMONDU,62,1,22,7,7,0,0,23,18,1,0,0,,,,,78,0,7,85,152
,3,BAJA CALIFORNIA SUR,11,CD. CONSTITUCION,1,COMONDU,63,1,17,25,1,2,1,0,16,2,1,0,,,,,65,0,6,71,106
,3,BAJA CALIFORNIA SUR,11,CD. CONSTITUCION,1,COMONDU,66,1,25,10,0,1,1,0,12,0,2,0,,,,,51,0,2,53,93
,3,BAJA CALIFORNIA SUR,11,CD. CONSTITUCION,1,COMONDU,67,1,219,106,4,1,2,1,71,8,2,3,,,,,417,0,44,461,595
,3,BAJA CALIFORNIA SUR,11,CD. CONSTITUCION,1,COMONDU,68,1,124,92,3,2,3,2,44,1,3,3,,,,,277,0,20,297,471
,3,BAJA CALIFORNIA SUR,11,CD. CONSTITUCION,1,COMONDU,69,1,104,55,6,4,7,1,114,10,2,5,,,,,308,0,21,329,495
,3,BAJA CALIFORNIA SUR,11,CD. CONSTITUCION,1,COMONDU,70,1,139,112,2,1,2,4,53,4,2,2,,,,,321,0,13,334,437
,3,BAJA CALIFORNIA SUR,11,CD. CONSTITUCION,1,COMONDU,71,1,30,23,3,7,1,1,16,5,1,2,,,,,89,0,3,92,127
,3,BAJA CALIFORNIA SUR,11,CD. CONSTITUCION,1,COMONDU,72,1,152,63,3,9,0,0,63,9,0,11,,,,,310,7,21,338,443
,3,BAJA CALIFORNIA SUR,11,CD. CONSTITUCION,1,COMONDU,73,1,165,83,5,4,4,0,143,7,7,5,,,,,423,0,31,454,648
,3,BAJA CALIFORNIA SUR,11,CD. CONSTITUCION,1,COMONDU,74,1,33,56,0,0,4,1,11,1,0,0,,,,,106,0,6,112,169
,3,BAJA CALIFORNIA SUR,13,LORETO,2,MULEGE,75,2,184,59,9,37,0,171,87,9,9,0,,,,,565,0,21,586,972
,3,BAJA CALIFORNIA SUR,13,LORETO,2,MULEGE,76,3,314,101,12,50,0,294,123,42,21,0,,,,,957,0,21,978,1618
,3,BAJA CALIFORNIA SUR,13,LORETO,2,MULEGE,77,3,152,69,5,45,0,150,67,13,7,0,,,,,508,0,276,784,814
,3,BAJA CALIFORNIA SUR,13,LORETO,2,MULEGE,78,2,213,89,18,37,0,204,82,6,7,0,,,,,656,0,36,692,1077
,3,BAJA CALIFORNIA SUR,13,LORETO,2,MULEGE,79,1,107,78,2,34,0,130,42,6,4,0,,,,,403,1,19,423,639
,3,BAJA CALIFORNIA SUR,13,LORETO,2,MULEGE,80,2,206,60,6,39,0,246,72,15,14,0,,,,,658,0,39,697,1073
,3,BAJA CALIFORNIA SUR,13,LORETO,2,MULEGE,81,1,101,57,1,12,0,92,33,2,6,0,,,,,304,0,12,316,514
,3,BAJA CALIFORNIA SUR,13,LORETO,2,MULEGE,82,2,183,108,13,49,0,205,64,11,13,0,,,,,646,0,25,671,1022
,3,BAJA CALIFORNIA SUR,13,LORETO,2,MULEGE,83,5,562,229,21,136,0,557,216,41,24,0,,,,,1786,0,215,2001,2776
,3,BAJA CALIFORNIA SUR,13,LORETO,2,MULEGE,84,1,21,5,1,24,0,28,56,6,2,0,,,,,143,0,4,147,226
,3,BAJA CALIFORNIA SUR,13,LORETO,2,MULEGE,85,3,263,61,15,32,0,144,141,10,12,0,,,,,678,0,47,725,1317
,3,BAJA CALIFORNIA SUR,13,LORETO,2,MULEGE,86,1,28,9,1,3,0,15,5,9,1,0,,,,,71,0,8,79,112
,3,BAJA CALIFORNIA SUR,13,LORETO,2,MULEGE,87,1,44,2,2,2,0,53,28,6,2,0,,,,,139,0,15,154,251
,3,BAJA CALIFORNIA SUR,13,LORETO,2,MULEGE,88,2,131,18,3,121,0,61,91,6,34,0,,,,,465,0,52,517,928
,3,BAJA CALIFORNIA SUR,13,LORETO,2,MULEGE,89,2,142,29,6,141,0,56,97,14,23,0,,,,,508,0,56,564,910
,3,BAJA CALIFORNIA SUR,13,LORETO,2,MULEGE,90,1,78,28,1,139,0,37,67,6,25,0,,,,,381,0,29,410,608
,3,BAJA CALIFORNIA SUR,13,LORETO,2,MULEGE,91,1,65,42,3,70,0,27,71,5,7,0,,,,,290,0,26,316,511
,3,BAJA CALIFORNIA SUR,14,GUERRERO NEGRO,2,MULEGE,92,1,36,28,2,11,0,20,146,2,1,0,,,,,246,0,2,248,346
,3,BAJA CALIFORNIA SUR,14,GUERRERO NEGRO,2,MULEGE,93,1,36,28,2,11,0,20,146,2,1,0,,,,,246,0,2,248,453
,3,BAJA CALIFORNIA SUR,14,GUERRERO NEGRO,2,MULEGE,94,5,455,179,26,76,0,112,819,31,18,0,,,,,1716,0,89,1805,3293
,3,BAJA CALIFORNIA SUR,14,GUERRERO NEGRO,2,MULEGE,95,2,121,44,4,19,0,29,218,17,2,0,,,,,454,0,15,469,858
,3,BAJA CALIFORNIA SUR,14,GUERRERO NEGRO,2,MULEGE,96,2,128,71,15,33,0,52,297,7,5,0,,,,,608,0,21,629,1133
,3,BAJA CALIFORNIA SUR,14,GUERRERO NEGRO,2,MULEGE,97,3,199,82,9,42,0,58,403,23,11,0,,,,,827,0,26,853,1101
,3,BAJA CALIFORNIA SUR,14,GUERRERO NEGRO,2,MULEGE,98,3,243,129,8,95,0,80,525,23,7,0,,,,,1110,0,39,1149,1888
,3,BAJA CALIFORNIA SUR,14,GUERRERO NEGRO,2,MULEGE,99,1,94,28,4,4,0,62,60,5,1,0,,,,,258,0,12,270,372
,3,BAJA CALIFORNIA SUR,14,GUERRERO NEGRO,2,MULEGE,101,1,39,4,2,0,0,28,27,1,0,0,,,,,101,0,5,106,155
,3,BAJA CALIFORNIA SUR,14,GUERRERO NEGRO,2,MULEGE,102,1,77,19,8,8,0,123,65,4,2,0,,,,,306,0,14,320,723
,3,BAJA CALIFORNIA SUR,14,GUERRERO NEGRO,2,MULEGE,103,1,138,42,30,6,0,116,107,10,3,0,,,,,452,0,32,484,747
,3,BAJA CALIFORNIA SUR,14,GUERRERO NEGRO,2,MULEGE,104,10,774,227,202,51,0,663,1088,46,29,0,,,,,3080,0,277,3357,7023
,3,BAJA CALIFORNIA SUR,14,GUERRERO NEGRO,2,MULEGE,105,1,71,12,2,0,0,16,10,4,0,0,,,,,115,0,3,118,170
,3,BAJA CALIFORNIA SUR,14,GUERRERO NEGRO,2,MULEGE,107,1,50,28,9,3,0,52,72,24,0,0,,,,,238,0,12,250,429
,3,BAJA CALIFORNIA SUR,14,GUERRERO NEGRO,2,MULEGE,108,2,123,61,10,3,0,92,204,52,4,0,,,,,549,0,26,575,975
,3,BAJA CALIFORNIA SUR,14,GUERRERO NEGRO,2,MULEGE,109,1,67,47,2,5,0,60,114,37,1,0,,,,,333,0,25,358,562
,3,BAJA CALIFORNIA SUR,14,GUERRERO NEGRO,2,MULEGE,110,2,62,8,1,1,0,50,18,2,1,0,,,,,143,0,7,150,240
,3,BAJA CALIFORNIA SUR,13,LORETO,2,MULEGE,111,1,178,38,41,28,0,4,97,5,0,0,,,,,391,0,19,410,305
,3,BAJA CALIFORNIA SUR,14,GUERRERO NEGRO,2,MULEGE,112,1,155,13,5,6,0,62,77,4,3,0,,,,,325,0,20,345,514
,3,BAJA CALIFORNIA SUR,14,GUERRERO NEGRO,2,MULEGE,113,1,85,13,1,5,0,41,57,8,2,0,,,,,212,0,13,225,392
,3,BAJA CALIFORNIA SUR,14,GUERRERO NEGRO,2,MULEGE,114,2,142,74,1,5,0,20,81,198,4,0,,,,,525,0,19,544,792
,3,BAJA CALIFORNIA SUR,14,GUERRERO NEGRO,2,MULEGE,115,1,41,38,1,0,0,14,28,8,1,0,,,,,131,0,9,140,164
,3,BAJA CALIFORNIA SUR,14,GUERRERO NEGRO,2,MULEGE,116,2,271,180,8,9,0,95,147,56,4,0,,,,,770,0,29,799,1174
,3,BAJA CALIFORNIA SUR,13,LORETO,2,MULEGE,117,2,121,9,7,5,0,38,72,14,3,0,,,,,269,0,33,302,461
,3,BAJA CALIFORNIA SUR,13,LORETO,2,MULEGE,118,2,131,5,11,3,0,13,82,3,1,0,,,,,249,2,16,267,419
,3,BAJA CALIFORNIA SUR,13,LORETO,2,MULEGE,119,1,67,7,5,4,0,21,83,11,4,0,,,,,202,0,13,215,316
,3,BAJA CALIFORNIA SUR,14,GUERRERO NEGRO,2,MULEGE,120,1,121,23,9,4,0,8,78,157,4,0,,,,,404,0,29,433,675
,3,BAJA CALIFORNIA SUR,6,LA PAZ,3,LA PAZ,121,2,156,53,9,38,17,13,254,17,45,5,,,,,607,0,32,639,1083
,3,BAJA CALIFORNIA SUR,2,LA PAZ,3,LA PAZ,122,1,79,55,7,80,33,4,98,12,15,3,32,,,,418,0,31,449,729
,3,BAJA CALIFORNIA SUR,2,LA PAZ,3,LA PAZ,123,2,130,56,11,34,24,3,151,14,29,3,85,,,,540,0,27,567,839
,3,BAJA CALIFORNIA SUR,2,LA PAZ,3,LA PAZ,124,2,161,90,4,23,24,8,183,4,13,1,94,,,,605,0,33,638,986
,3,BAJA CALIFORNIA SUR,2,LA PAZ,3,LA PAZ,125,1,82,73,10,19,13,4,84,9,14,0,68,,,,376,0,13,389,557
,3,BAJA CALIFORNIA SUR,2,LA PAZ,3,LA PAZ,126,1,117,39,4,36,23,4,150,6,6,1,47,,,,433,0,33,466,738
,3,BAJA CALIFORNIA SUR,2,LA PAZ,3,LA PAZ,127,1,110,17,2,47,20,5,152,3,14,3,26,,,,399,0,17,416,715
,3,BAJA CALIFORNIA SUR,2,LA PAZ,3,LA PAZ,128,1,102,22,4,48,9,1,117,3,5,3,30,,,,344,0,14,358,625
,3,BAJA CALIFORNIA SUR,2,LA PAZ,3,LA PAZ,129,2,177,24,15,68,32,7,157,11,11,5,42,,,,549,1,20,570,962
,3,BAJA CALIFORNIA SUR,6,LA PAZ,3,LA PAZ,130,1,39,15,8,18,5,5,90,0,12,1,,,,,193,0,8,201,382
,3,BAJA CALIFORNIA SUR,6,LA PAZ,3,LA PAZ,131,1,28,15,10,52,6,9,110,11,12,2,,,,,255,0,5,260,499
,3,BAJA CALIFORNIA SUR,6,LA PAZ,3,LA PAZ,132,1,34,17,5,37,5,4,63,4,12,2,,,,,183,0,10,193,388
,3,BAJA CALIFORNIA SUR,6,LA PAZ,3,LA PAZ,133,1,32,15,7,23,4,7,75,5,7,3,,,,,178,0,1,179,352
,3,BAJA CALIFORNIA SUR,6,LA PAZ,3,LA PAZ,134,1,33,12,3,19,3,3,88,2,6,4,,,,,173,0,6,179,309
,3,BAJA CALIFORNIA SUR,2,LA PAZ,3,LA PAZ,135,2,144,25,9,60,43,10,198,12,9,5,49,,,,564,1,32,597,1019
,3,BAJA CALIFORNIA SUR,2,LA PAZ,3,LA PAZ,136,2,139,52,6,26,19,9,166,6,7,4,27,,,,461,0,29,490,803
,3,BAJA CALIFORNIA SUR,2,LA PAZ,3,LA PAZ,137,2,122,82,10,18,24,14,180,3,12,2,47,,,,514,0,21,535,817
,3,BAJA CALIFORNIA SUR,2,LA PAZ,3,LA PAZ,138,1,95,45,10,17,24,4,106,6,8,0,42,,,,357,0,21,378,628
,3,BAJA CALIFORNIA SUR,2,LA PAZ,3,LA PAZ,139,1,78,41,8,14,16,2,117,2,7,3,19,,,,307,0,20,327,550
,3,BAJA CALIFORNIA SUR,2,LA PAZ,3,LA PAZ,140,1,56,26,1,24,15,1,95,8,7,0,24,,,,257,2,15,274,496
,3,BAJA CALIFORNIA SUR,2,LA PAZ,3,LA PAZ,141,2,107,24,9,40,37,7,156,4,10,6,33,,,,433,0,20,453,789
,3,BAJA CALIFORNIA SUR,2,LA PAZ,3,LA PAZ,142,2,137,35,12,58,51,3,185,18,17,5,33,,,,554,0,32,586,1033
,3,BAJA CALIFORNIA SUR,2,LA PAZ,3,LA PAZ,143,3,206,61,15,112,87,6,266,23,19,9,44,,,,848,5,64,917,1853
,3,BAJA CALIFORNIA SUR,2,LA PAZ,3,LA PAZ,144,2,184,97,15,111,40,4,246,8,18,2,42,,,,767,0,46,813,1488
,3,BAJA CALIFORNIA SUR,2,LA PAZ,3,LA PAZ,145,2,97,19,11,35,17,2,135,15,12,11,25,,,,379,0,29,408,753
,3,BAJA CALIFORNIA SUR,2,LA PAZ,3,LA PAZ,146,1,76,9,10,34,22,8,122,14,7,2,24,,,,328,0,17,345,609
,3,BAJA CALIFORNIA SUR,2,LA PAZ,3,LA PAZ,147,1,56,41,8,40,16,5,41,8,21,3,41,,,,280,0,18,298,689
,3,BAJA CALIFORNIA SUR,2,LA PAZ,3,LA PAZ,148,1,93,18,5,14,14,7,124,8,13,2,23,,,,321,0,17,338,539
,3,BAJA CALIFORNIA SUR,2,LA PAZ,3,LA PAZ,149,1,54,29,6,29,6,4,168,12,10,1,20,,,,339,0,18,357,603
,3,BAJA CALIFORNIA SUR,2,LA PAZ,3,LA PAZ,150,1,51,17,9,35,19,3,133,8,9,5,15,,,,304,0,10,314,484
,3,BAJA CALIFORNIA SUR,2,LA PAZ,3,LA PAZ,151,1,70,35,6,27,27,3,115,6,7,5,12,,,,313,0,20,333,649
,3,BAJA CALIFORNIA SUR,6,LA PAZ,3,LA PAZ,152,2,124,21,9,70,9,4,179,11,11,7,,,,,445,0,13,458,909
,3,BAJA CALIFORNIA SUR,6,LA PAZ,3,LA PAZ,153,3,165,55,18,189,11,11,281,16,36,11,,,,,793,0,39,832,1530
,3,BAJA CALIFORNIA SUR,6,LA PAZ,3,LA PAZ,154,2,118,49,20,142,11,8,231,7,34,7,,,,,627,0,37,664,1165
,3,BAJA CALIFORNIA SUR,6,LA PAZ,3,LA PAZ,155,2,109,54,13,125,10,12,225,13,23,4,,,,,588,0,30,618,1010
,3,BAJA CALIFORNIA SUR,6,LA PAZ,3,LA PAZ,156,6,372,108,37,441,34,16,665,26,64,17,,,,,1780,0,77,1857,3683
,3,BAJA CALIFORNIA SUR,6,LA PAZ,3,LA PAZ,157,2,99,20,10,102,12,8,183,11,20,7,,,,,472,0,24,496,863
,3,BAJA CALIFORNIA SUR,6,LA PAZ,3,LA PAZ,158,2,117,23,14,62,8,14,212,16,28,7,,,,,501,0,26,527,864
,3,BAJA CALIFORNIA SUR,2,LA PAZ,3,LA PAZ,159,1,68,43,5,18,10,2,97,5,10,2,52,,,,312,0,20,332,536
,3,BAJA CALIFORNIA SUR,2,LA PAZ,3,LA PAZ,160,1,76,38,12,8,16,6,87,6,13,4,48,,,,314,0,20,334,497
,3,BAJA CALIFORNIA SUR,2,LA PAZ,3,LA PAZ,161,1,95,66,10,10,18,1,124,9,13,3,76,,,,425,0,20,445,690
,3,BAJA CALIFORNIA SUR,2,LA PAZ,3,LA PAZ,162,2,119,80,4,19,20,8,173,6,13,1,105,,,,548,1,25,574,866
,3,BAJA CALIFORNIA SUR,2,LA PAZ,3,LA PAZ,163,1,116,61,5,12,18,7,133,10,7,1,79,,,,449,0,15,464,676
,3,BAJA CALIFORNIA SUR,2,LA PAZ,3,LA PAZ,164,2,124,64,8,22,28,14,137,6,19,4,98,,,,524,0,22,546,839
,3,BAJA CALIFORNIA SUR,2,LA PAZ,3,LA PAZ,165,2,131,96,15,23,20,16,168,6,18,2,77,,,,572,0,18,590,875
,3,BAJA CALIFORNIA SUR,2,LA PAZ,3,LA PAZ,166,1,112,103,5,9,10,5,81,4,6,0,127,,,,462,0,18,480,667
,3,BAJA CALIFORNIA SUR,2,LA PAZ,3,LA PAZ,167,2,150,65,8,27,57,8,243,11,24,3,116,,,,712,0,28,740,1059
,3,BAJA CALIFORNIA SUR,2,LA PAZ,3,LA PAZ,168,2,138,58,8,38,34,9,254,10,15,6,62,,,,632,1,29,662,1011
,3,BAJA CALIFORNIA SUR,2,LA PAZ,3,LA PAZ,169,1,144,32,6,32,8,3,111,5,14,3,27,,,,385,0,12,397,713
,3,BAJA CALIFORNIA SUR,2,LA PAZ,3,LA PAZ,170,1,98,28,6,18,20,7,118,5,7,1,25,,,,333,1,16,350,508
,3,BAJA CALIFORNIA SUR,2,LA PAZ,3,LA PAZ,171,1,89,30,4,8,13,19,144,8,17,2,43,,,,377,0,8,385,609
,3,BAJA CALIFORNIA SUR,2,LA PAZ,3,LA PAZ,172,1,88,44,10,16,18,11,157,2,12,1,33,,,,392,0,16,408,645
,3,BAJA CALIFORNIA SUR,2,LA PAZ,3,LA PAZ,173,2,129,56,11,34,28,8,212,7,23,10,73,,,,591,0,34,625,1009
,3,BAJA CALIFORNIA SUR,2,LA PAZ,3,LA PAZ,174,2,185,38,11,29,22,12,203,12,20,4,61,,,,597,2,25,624,972
,3,BAJA CALIFORNIA SUR,3,LA PAZ,3,LA PAZ,175,2,221,58,17,28,13,11,308,29,36,6,,,,,727,0,42,769,1301
,3,BAJA CALIFORNIA SUR,2,LA PAZ,3,LA PAZ,176,1,97,25,9,15,18,13,113,15,14,0,46,,,,365,0,13,378,566
,3,BAJA CALIFORNIA SUR,2,LA PAZ,3,LA PAZ,177,1,99,19,6,25,22,13,126,5,4,1,33,,,,353,0,7,360,559
,3,BAJA CALIFORNIA SUR,2,LA PAZ,3,LA PAZ,178,1,60,14,8,42,17,6,106,5,4,0,34,,,,296,0,20,316,495
,3,BAJA CALIFORNIA SUR,3,LA PAZ,3,LA PAZ,179,2,164,26,22,25,7,12,216,12,22,9,,,,,515,2,36,553,895
,3,BAJA CALIFORNIA SUR,3,LA PAZ,3,LA PAZ,180,2,178,25,12,22,12,7,208,17,16,6,,,,,503,0,25,528,903
,3,BAJA CALIFORNIA SUR,3,LA PAZ,3,LA PAZ,181,2,241,53,15,29,13,7,294,21,21,4,,,,,698,0,25,723,1227
,3,BAJA CALIFORNIA SUR,3,LA PAZ,3,LA PAZ,182,2,192,34,22,21,7,9,187,9,22,3,,,,,506,0,30,536,871
,3,BAJA CALIFORNIA SUR,3,LA PAZ,3,LA PAZ,183,1,152,26,10,10,12,11,162,8,23,4,,,,,418,0,19,437,686
,3,BAJA CALIFORNIA SUR,5,LA PAZ,3,LA PAZ,184,1,77,22,4,14,2,1,59,5,4,2,,,,,190,0,12,202,329
,3,BAJA CALIFORNIA SUR,5,LA PAZ,3,LA PAZ,185,1,80,37,6,15,15,19,196,12,19,8,,,,,407,2,10,419,648
,3,BAJA CALIFORNIA SUR,15,LA PAZ,3,LA PAZ,186,2,159,78,5,14,11,26,165,14,35,5,,,51,,563,1,21,585,870
,3,BAJA CALIFORNIA SUR,5,LA PAZ,3,LA PAZ,187,2,205,98,13,26,21,9,153,19,20,7,,,,,571,2,11,584,840
,3,BAJA CALIFORNIA SUR,2,LA PAZ,3,LA PAZ,188,2,100,78,4,17,23,6,175,14,30,2,84,,,,533,0,21,554,752
,3,BAJA CALIFORNIA SUR,15,LA PAZ,3,LA PAZ,189,2,207,112,4,16,10,36,183,12,39,5,,,41,,665,0,28,693,1015
,3,BAJA CALIFORNIA SUR,15,LA PAZ,3,LA PAZ,190,2,238,85,11,21,9,54,258,7,30,6,,,27,,746,0,24,770,1146
,3,BAJA CALIFORNIA SUR,15,LA PAZ,3,LA PAZ,191,2,142,112,13,11,8,31,193,12,49,6,,,64,,641,0,25,666,936
,3,BAJA CALIFORNIA SUR,15,LA PAZ,3,LA PAZ,192,1,132,55,4,13,12,76,157,8,24,4,,,33,,518,0,16,534,726
,3,BAJA CALIFORNIA SUR,15,LA PAZ,3,LA PAZ,193,2,164,111,7,16,22,53,220,18,32,2,,,29,,674,1,22,697,929
,3,BAJA CALIFORNIA SUR,15,LA PAZ,3,LA PAZ,194,1,91,50,2,6,13,27,125,9,15,4,,,22,,364,0,14,378,549
,3,BAJA CALIFORNIA SUR,15,LA PAZ,3,LA PAZ,195,1,117,41,20,8,9,20,120,5,25,6,,,12,,383,2,25,410,636
,3,BAJA CALIFORNIA SUR,15,LA PAZ,3,LA PAZ,196,2,129,60,11,13,11,26,214,13,38,4,,,25,,544,0,24,568,915
,3,BAJA CALIFORNIA SUR,15,LA PAZ,3,LA PAZ,197,3,301,115,19,28,20,81,349,23,84,8,,,82,,1110,1,53,1164,1683
,3,BAJA CALIFORNIA SUR,15,LA PAZ,3,LA PAZ,198,1,110,39,8,10,10,21,155,9,19,6,,,13,,400,0,23,423,672
,3,BAJA CALIFORNIA SUR,15,LA PAZ,3,LA PAZ,199,1,111,43,10,12,3,21,118,5,12,5,,,21,,361,0,13,374,585
,3,BAJA CALIFORNIA SUR,15,LA PAZ,3,LA PAZ,200,1,92,45,5,7,5,21,146,20,19,9,,,23,,392,0,23,415,654
,3,BAJA CALIFORNIA SUR,15,LA PAZ,3,LA PAZ,201,1,88,34,6,12,2,14,87,4,11,3,,,3,,264,0,11,275,468
,3,BAJA CALIFORNIA SUR,3,LA PAZ,3,LA PAZ,202,2,303,139,15,39,19,33,301,12,86,7,,,,,954,0,56,1010,1435
,3,BAJA CALIFORNIA SUR,3,LA PAZ,3,LA PAZ,203,2,120,35,14,26,5,13,207,14,34,7,,,,,475,0,27,502,814
,3,BAJA CALIFORNIA SUR,3,LA PAZ,3,LA PAZ,204,2,165,44,23,25,11,22,211,8,12,3,,,,,524,2,21,547,892
,3,BAJA CALIFORNIA SUR,3,LA PAZ,3,LA PAZ,205,1,124,25,10,12,6,5,148,4,16,3,,,,,353,0,26,379,660
,3,BAJA CALIFORNIA SUR,3,LA PAZ,3,LA PAZ,206,4,388,103,38,40,11,14,475,25,165,18,,,,,1277,2,109,1388,2769
,3,BAJA CALIFORNIA SUR,5,LA PAZ,3,LA PAZ,207,1,110,41,3,14,5,15,134,10,24,3,,,,,359,1,16,376,646
,3,BAJA CALIFORNIA SUR,5,LA PAZ,3,LA PAZ,208,2,140,21,9,25,12,11,212,22,27,12,,,,,491,0,30,521,797
,3,BAJA CALIFORNIA SUR,5,LA PAZ,3,LA PAZ,209,3,355,172,16,66,35,30,357,40,53,10,,,,,1134,5,53,1192,1767
,3,BAJA CALIFORNIA SUR,5,LA PAZ,3,LA PAZ,210,6,619,296,37,171,72,69,978,92,156,26,,,,,2516,8,82,2606,3954
,3,BAJA CALIFORNIA SUR,15,LA PAZ,3,LA PAZ,211,2,181,61,16,28,12,44,336,17,58,4,,,40,,797,2,25,824,1193
,3,BAJA CALIFORNIA SUR,15,LA PAZ,3,LA PAZ,212,2,195,75,13,12,12,41,204,17,37,6,,,51,,663,2,16,681,947
,3,BAJA CALIFORNIA SUR,15,LA PAZ,3,LA PAZ,213,2,200,57,18,23,18,64,328,27,49,6,,,41,,831,0,41,872,1307
,3,BAJA CALIFORNIA SUR,15,LA PAZ,3,LA PAZ,214,2,188,57,11,35,8,45,188,12,43,6,,,36,,629,1,20,650,916
,3,BAJA CALIFORNIA SUR,15,LA PAZ,3,LA PAZ,215,1,91,44,11,27,8,44,201,18,22,4,,,15,,485,1,16,502,735
,3,BAJA CALIFORNIA SUR,15,LA PAZ,3,LA PAZ,216,1,91,24,6,10,7,15,114,13,16,3,,,11,,310,0,14,324,519
,3,BAJA CALIFORNIA SUR,15,LA PAZ,3,LA PAZ,217,6,525,189,44,88,45,221,953,37,186,25,,,139,,2452,1,73,2526,3939
,3,BAJA CALIFORNIA SUR,5,LA PAZ,3,LA PAZ,218,4,486,183,18,89,99,32,550,47,99,10,,,,,1613,8,64,1685,2565
,3,BAJA CALIFORNIA SUR,15,LA PAZ,3,LA PAZ,219,2,200,56,18,26,15,36,261,15,92,7,,,37,,763,0,20,783,1119
,3,BAJA CALIFORNIA SUR,15,LA PAZ,3,LA PAZ,220,2,174,72,17,12,6,45,253,11,49,9,,,38,,686,0,28,714,1066
,3,BAJA CALIFORNIA SUR,15,LA PAZ,3,LA PAZ,221,2,145,65,12,12,6,28,209,17,27,5,,,24,,550,1,16,567,873
,3,BAJA CALIFORNIA SUR,15,LA PAZ,3,LA PAZ,222,2,165,103,6,18,21,28,216,8,36,3,,,51,,655,0,24,679,904
,3,BAJA CALIFORNIA SUR,15,LA PAZ,3,LA PAZ,223,2,169,96,15,20,20,57,233,14,38,8,,,46,,716,0,24,740,1091
,3,BAJA CALIFORNIA SUR,15,LA PAZ,3,LA PAZ,224,1,133,37,7,11,4,19,117,7,23,3,,,21,,382,0,13,395,560
,3,BAJA CALIFORNIA SUR,15,LA PAZ,3,LA PAZ,225,1,108,47,2,8,2,21,112,8,16,4,,,14,,342,1,24,367,566
,3,BAJA CALIFORNIA SUR,15,LA PAZ,3,LA PAZ,226,2,252,41,17,14,10,58,253,5,53,8,,,54,,765,0,30,795,1123
,3,BAJA CALIFORNIA SUR,15,LA PAZ,3,LA PAZ,227,2,217,51,15,23,12,37,311,14,70,5,,,37,,792,1,29,822,1283
,3,BAJA CALIFORNIA SUR,15,LA PAZ,3,LA PAZ,228,3,291,54,14,31,25,68,403,17,79,7,,,56,,1045,0,28,1073,1588
,3,BAJA CALIFORNIA SUR,15,LA PAZ,3,LA PAZ,229,1,132,46,7,10,4,45,165,9,34,5,,,23,,480,1,15,496,697
,3,BAJA CALIFORNIA SUR,15,LA PAZ,3,LA PAZ,230,1,133,40,9,11,10,22,148,12,65,5,,,21,,476,1,18,495,694
,3,BAJA CALIFORNIA SUR,15,LA PAZ,3,LA PAZ,231,1,122,20,7,8,4,23,129,9,22,3,,,19,,366,0,22,388,520
,3,BAJA CALIFORNIA SUR,3,LA PAZ,3,LA PAZ,232,2,143,38,22,16,3,10,229,19,35,4,,,,,519,0,21,540,834
,3,BAJA CALIFORNIA SUR,3,LA PAZ,3,LA PAZ,233,1,134,24,7,9,8,13,164,18,14,0,,,,,391,0,18,409,595
,3,BAJA CALIFORNIA SUR,3,LA PAZ,3,LA PAZ,234,2,137,52,17,27,12,26,276,11,25,6,,,,,589,0,27,616,835
,3,BAJA CALIFORNIA SUR,3,LA PAZ,3,LA PAZ,235,2,127,32,23,17,12,19,253,13,50,3,,,,,549,0,22,571,925
,3,BAJA CALIFORNIA SUR,3,LA PAZ,3,LA PAZ,236,1,82,17,8,4,8,5,117,2,20,1,,,,,264,0,11,275,418
,3,BAJA CALIFORNIA SUR,3,LA PAZ,3,LA PAZ,237,2,166,53,14,23,17,17,281,17,31,7,,,,,626,1,32,659,972
,3,BAJA CALIFORNIA SUR,3,LA PAZ,3,LA PAZ,238,2,150,69,8,22,13,13,219,8,41,7,,,,,550,0,14,564,798
,3,BAJA CALIFORNIA SUR,3,LA PAZ,3,LA PAZ,239,2,190,32,21,28,7,15,286,13,29,6,,,,,627,0,23,650,1032
,3,BAJA CALIFORNIA SUR,3,LA PAZ,3,LA PAZ,240,1,90,23,6,10,7,8,142,3,10,2,,,,,301,0,15,316,523
,3,BAJA CALIFORNIA SUR,3,LA PAZ,3,LA PAZ,241,1,75,21,12,12,2,5,162,7,21,2,,,,,319,0,22,341,552
,3,BAJA CALIFORNIA SUR,3,LA PAZ,3,LA PAZ,242,2,89,46,3,22,5,11,136,6,19,0,,,,,337,0,22,359,634
,3,BAJA CALIFORNIA SUR,3,LA PAZ,3,LA PAZ,243,1,88,64,10,14,6,7,171,15,25,5,,,,,405,0,12,417,638
,3,BAJA CALIFORNIA SUR,3,LA PAZ,3,LA PAZ,244,1,91,54,8,20,2,10,203,10,30,6,,,,,434,0,33,467,673
,3,BAJA CALIFORNIA SUR,3,LA PAZ,3,LA PAZ,245,1,103,47,8,11,8,7,171,8,11,2,,,,,376,1,19,396,567
,3,BAJA CALIFORNIA SUR,3,LA PAZ,3,LA PAZ,246,3,138,31,22,17,11,12,203,15,23,8,,,,,480,0,26,506,868
,3,BAJA CALIFORNIA SUR,3,LA PAZ,3,LA PAZ,247,2,139,31,16,16,11,14,173,14,29,3,,,,,446,2,26,474,833
,3,BAJA CALIFORNIA SUR,3,LA PAZ,3,LA PAZ,248,2,125,48,10,19,18,10,178,6,21,6,,,,,441,1,28,470,685
,3,BAJA CALIFORNIA SUR,3,LA PAZ,3,LA PAZ,249,2,183,28,18,12,10,18,235,10,36,2,,,,,552,1,21,574,830
,3,BAJA CALIFORNIA SUR,3,LA PAZ,3,LA PAZ,250,2,161,43,25,14,13,16,267,12,20,4,,,,,575,0,43,618,1016
,3,BAJA CALIFORNIA SUR,3,LA PAZ,3,LA PAZ,251,1,71,21,13,11,7,7,125,5,13,3,,,,,276,1,23,300,520
,3,BAJA CALIFORNIA SUR,6,LA PAZ,3,LA PAZ,254,1,84,8,5,15,3,1,74,7,2,5,,,,,204,0,19,223,336
,3,BAJA CALIFORNIA SUR,6,LA PAZ,3,LA PAZ,255,3,176,50,42,108,18,11,486,21,38,12,,,,,962,0,72,1034,1969
,3,BAJA CALIFORNIA SUR,5,LA PAZ,3,LA PAZ,256,3,320,169,26,116,16,21,416,30,66,9,,,,,1189,1,58,1248,2097
,3,BAJA CALIFORNIA SUR,5,LA PAZ,3,LA PAZ,257,2,93,49,23,47,0,16,212,23,63,8,,,,,534,0,46,580,1086
,3,BAJA CALIFORNIA SUR,5,LA PAZ,3,LA PAZ,258,1,56,20,6,23,3,4,35,7,6,0,,,,,160,0,13,173,372
,3,BAJA CALIFORNIA SUR,5,LA PAZ,3,LA PAZ,259,1,23,2,3,6,0,1,54,2,6,8,,,,,105,0,6,111,170
,3,BAJA CALIFORNIA SUR,5,LA PAZ,3,LA PAZ,260,1,17,5,3,4,1,0,47,9,7,10,,,,,103,0,9,112,213
,3,BAJA CALIFORNIA SUR,5,LA PAZ,3,LA PAZ,261,1,114,54,4,10,3,11,129,18,9,78,,,,,430,0,23,453,728
,3,BAJA CALIFORNIA SUR,5,LA PAZ,3,LA PAZ,262,1,41,10,4,7,2,2,48,3,3,22,,,,,142,0,13,155,209
,3,BAJA CALIFORNIA SUR,5,LA PAZ,3,LA PAZ,263,1,10,4,1,1,0,0,25,6,0,46,,,,,93,0,12,105,180
,3,BAJA CALIFORNIA SUR,5,LA PAZ,3,LA PAZ,264,2,38,4,2,11,1,2,30,4,0,4,,,,,96,0,2,98,195
,3,BAJA CALIFORNIA SUR,5,LA PAZ,3,LA PAZ,265,3,71,11,1,22,1,4,104,8,3,44,,,,,269,0,17,286,483
,3,BAJA CALIFORNIA SUR,5,LA PAZ,3,LA PAZ,266,2,85,13,3,4,1,2,110,18,4,34,,,,,274,1,19,294,454
,3,BAJA CALIFORNIA SUR,6,LA PAZ,3,LA PAZ,267,3,110,22,14,156,13,6,241,10,4,5,,,,,581,0,44,625,994
,3,BAJA CALIFORNIA SUR,6,LA PAZ,3,LA PAZ,268,2,93,18,4,52,3,0,79,6,4,4,,,,,263,0,23,286,415
,3,BAJA CALIFORNIA SUR,6,LA PAZ,3,LA PAZ,269,2,138,75,16,137,4,9,213,11,8,3,,,,,614,0,34,648,1100
,3,BAJA CALIFORNIA SUR,6,LA PAZ,3,LA PAZ,270,4,307,67,33,327,13,31,531,20,15,20,,,,,1364,0,100,1464,2331
,3,BAJA CALIFORNIA SUR,6,LA PAZ,3,LA PAZ,271,2,78,62,15,38,6,5,175,8,5,1,,,,,393,0,18,411,613
,3,BAJA CALIFORNIA SUR,6,LA PAZ,3,LA PAZ,272,1,109,6,7,23,6,2,63,3,3,3,,,,,225,0,10,235,321
,3,BAJA CALIFORNIA SUR,6,LA PAZ,3,LA PAZ,273,1,39,6,5,19,2,1,51,7,4,5,,,,,139,0,5,144,212
,3,BAJA CALIFORNIA SUR,6,LA PAZ,3,LA PAZ,274,3,68,38,37,111,11,10,310,12,1,10,,,,,608,0,32,640,1317
,3,BAJA CALIFORNIA SUR,6,LA PAZ,3,LA PAZ,276,1,48,15,3,79,1,0,139,4,5,3,,,,,297,0,17,314,453
,3,BAJA CALIFORNIA SUR,6,LA PAZ,3,LA PAZ,277,1,26,18,14,49,3,4,153,6,0,4,,,,,277,0,10,287,420
,3,BAJA CALIFORNIA SUR,6,LA PAZ,3,LA PAZ,278,2,84,41,21,50,3,8,448,21,5,5,,,,,686,0,23,709,1270
,3,BAJA CALIFORNIA SUR,6,LA PAZ,3,LA PAZ,279,2,6,4,2,8,0,2,24,0,2,0,,,,,48,0,2,50,107
,3,BAJA CALIFORNIA SUR,6,LA PAZ,3,LA PAZ,280,5,163,64,9,141,6,61,400,10,67,8,,,,,929,0,38,967,1535
,3,BAJA CALIFORNIA SUR,6,LA PAZ,3,LA PAZ,281,2,109,65,14,130,2,46,345,6,61,3,,,,,781,0,35,816,1413
,3,BAJA CALIFORNIA SUR,6,LA PAZ,3,LA PAZ,282,2,111,43,16,147,7,46,306,8,61,6,,,,,751,0,21,772,1286
,3,BAJA CALIFORNIA SUR,6,LA PAZ,3,LA PAZ,283,4,221,72,38,214,9,121,376,12,39,8,,,,,1110,0,57,1167,2437
,3,BAJA CALIFORNIA SUR,6,LA PAZ,3,LA PAZ,284,1,18,1,6,9,0,2,16,1,2,0,,,,,55,0,6,61,116
,3,BAJA CALIFORNIA SUR,6,LA PAZ,3,LA PAZ,287,2,27,7,10,18,1,6,40,3,0,0,,,,,112,0,7,119,202
,3,BAJA CALIFORNIA SUR,5,LA PAZ,3,LA PAZ,288,2,103,67,14,38,14,8,176,17,35,9,,,,,481,0,30,511,854
,3,BAJA CALIFORNIA SUR,5,LA PAZ,3,LA PAZ,289,3,249,75,31,101,12,13,459,26,53,18,,,,,1037,3,79,1119,1912
,3,BAJA CALIFORNIA SUR,1,SAN JOSE DEL CABO,4,LOS CABOS,290,3,397,51,41,32,0,0,161,6,15,1,,102,,,806,0,17,823,1504
,3,BAJA CALIFORNIA SUR,12,SAN JOSE DEL CABO,4,LOS CABOS,291,4,212,215,220,71,0,15,332,10,28,7,,,,,1110,3,53,1166,2018
,3,BAJA CALIFORNIA SUR,12,SAN JOSE DEL CABO,4,LOS CABOS,292,1,105,94,56,27,0,8,87,6,15,1,,,,,399,1,12,412,684
,3,BAJA CALIFORNIA SUR,12,SAN JOSE DEL CABO,4,LOS CABOS,293,2,120,116,98,29,0,14,182,7,18,5,,,,,589,0,26,615,1084
,3,BAJA CALIFORNIA SUR,1,SAN JOSE DEL CABO,4,LOS CABOS,294,3,398,59,79,60,0,16,264,19,23,8,,222,,,1148,1,25,1174,1772
,3,BAJA CALIFORNIA SUR,1,SAN JOSE DEL CABO,4,LOS CABOS,295,4,344,57,125,105,0,20,522,18,31,2,,221,,,1445,0,64,1509,2629
,3,BAJA CALIFORNIA SUR,1,SAN JOSE DEL CABO,4,LOS CABOS,296,3,227,49,102,65,0,7,327,15,26,6,,241,,,1065,0,42,1107,1880
,3,BAJA CALIFORNIA SUR,12,SAN JOSE DEL CABO,4,LOS CABOS,297,2,101,62,119,31,0,5,140,5,3,2,,,,,468,1,28,497,826
,3,BAJA CALIFORNIA SUR,1,SAN JOSE DEL CABO,4,LOS CABOS,298,21,1724,268,663,535,0,79,2809,126,239,28,,879,,,7350,4,236,7590,15199
,3,BAJA CALIFORNIA SUR,7,SAN JOSE DEL CABO,4,LOS CABOS,299,2,121,132,70,35,0,4,226,6,5,5,,,,,604,2,25,631,1080
,3,BAJA CALIFORNIA SUR,7,SAN JOSE DEL CABO,4,LOS CABOS,300,6,438,181,385,181,0,32,819,32,73,6,,,,,2147,2,81,2230,4359
,3,BAJA CALIFORNIA SUR,7,SAN JOSE DEL CABO,4,LOS CABOS,302,1,52,26,65,24,0,4,116,2,14,1,,,,,304,1,17,322,578
,3,BAJA CALIFORNIA SUR,12,SAN JOSE DEL CABO,4,LOS CABOS,303,1,85,20,55,8,0,6,73,4,7,1,,,,,259,0,15,274,450
,3,BAJA CALIFORNIA SUR,12,SAN JOSE DEL CABO,4,LOS CABOS,304,4,302,73,324,20,0,14,300,8,13,2,,,,,1056,1,59,1116,1779
,3,BAJA CALIFORNIA SUR,12,SAN JOSE DEL CABO,4,LOS CABOS,305,2,218,41,191,13,0,3,117,3,3,0,,,,,589,0,32,621,843
,3,BAJA CALIFORNIA SUR,12,SAN JOSE DEL CABO,4,LOS CABOS,306,3,313,57,455,9,0,5,134,6,6,6,,,,,991,0,36,1027,1435
,3,BAJA CALIFORNIA SUR,12,SAN JOSE DEL CABO,4,LOS CABOS,307,2,89,14,68,4,0,1,26,2,1,2,,,,,207,0,11,218,277
,3,BAJA CALIFORNIA SUR,12,SAN JOSE DEL CABO,4,LOS CABOS,308,4,438,144,584,24,0,4,100,7,5,0,,,,,1306,0,67,1373,1784
,3,BAJA CALIFORNIA SUR,12,SAN JOSE DEL CABO,4,LOS CABOS,309,2,155,61,110,7,0,2,31,9,4,2,,,,,381,0,20,401,504
,3,BAJA CALIFORNIA SUR,12,SAN JOSE DEL CABO,4,LOS CABOS,310,4,255,76,549,81,0,16,487,23,36,6,,,,,1529,2,39,1570,2731
,3,BAJA CALIFORNIA SUR,12,SAN JOSE DEL CABO,4,LOS CABOS,311,2,131,48,95,24,0,6,93,3,1,1,,,,,402,0,32,434,667
,3,BAJA CALIFORNIA SUR,12,SAN JOSE DEL CABO,4,LOS CABOS,312,13,711,270,1070,192,0,181,1556,58,91,30,,,,,4159,1,141,4301,8256
,3,BAJA CALIFORNIA SUR,12,SAN JOSE DEL CABO,4,LOS CABOS,313,2,191,212,154,27,0,18,211,9,18,0,,,,,840,1,24,865,1483
,3,BAJA CALIFORNIA SUR,12,SAN JOSE DEL CABO,4,LOS CABOS,314,9,519,183,646,203,0,78,1153,70,61,26,,,,,2939,0,147,3086,6429
,3,BAJA CALIFORNIA SUR,12,SAN JOSE DEL CABO,4,LOS CABOS,315,1,37,86,46,14,0,8,113,5,0,0,,,,,309,0,10,319,517
,3,BAJA CALIFORNIA SUR,1,SAN JOSE DEL CABO,4,LOS CABOS,316,6,1073,130,158,79,0,15,384,15,81,0,,105,,,2040,2,45,2087,3787
,3,BAJA CALIFORNIA SUR,16,CABO SAN LUCAS,4,LOS CABOS,317,3,200,55,161,42,0,16,318,15,57,4,,,,72,940,1,41,982,2218
,3,BAJA CALIFORNIA SUR,16,CABO SAN LUCAS,4,LOS CABOS,318,3,203,21,147,15,0,9,212,4,43,0,,,,41,695,0,29,724,1257
,3,BAJA CALIFORNIA SUR,16,CABO SAN LUCAS,4,LOS CABOS,319,1,98,21,76,7,0,3,61,6,15,0,,,,34,321,0,7,328,604
,3,BAJA CALIFORNIA SUR,16,CABO SAN LUCAS,4,LOS CABOS,320,3,247,38,151,37,0,10,342,16,109,1,,,,50,1001,0,34,1035,2044
,3,BAJA CALIFORNIA SUR,16,CABO SAN LUCAS,4,LOS CABOS,321,3,174,45,141,41,0,12,278,5,59,2,,,,19,776,0,36,812,1655
,3,BAJA CALIFORNIA SUR,16,CABO SAN LUCAS,4,LOS CABOS,322,3,173,43,166,21,0,9,299,13,66,3,,,,38,831,0,36,867,1658
,3,BAJA CALIFORNIA SUR,16,CABO SAN LUCAS,4,LOS CABOS,323,2,124,23,184,21,0,13,219,7,31,0,,,,59,681,2,27,710,1339
,3,BAJA CALIFORNIA SUR,16,CABO SAN LUCAS,4,LOS CABOS,324,3,134,53,166,35,0,20,348,13,49,2,,,,48,868,0,32,900,2000
,3,BAJA CALIFORNIA SUR,16,CABO SAN LUCAS,4,LOS CABOS,325,3,163,45,168,54,0,18,385,17,68,8,,,,45,971,1,66,1038,2143
,3,BAJA CALIFORNIA SUR,16,CABO SAN LUCAS,4,LOS CABOS,326,2,105,22,120,13,0,14,158,9,43,4,,,,31,519,0,23,542,1198
,3,BAJA CALIFORNIA SUR,16,CABO SAN LUCAS,4,LOS CABOS,327,3,168,21,204,25,0,26,271,9,48,0,,,,44,816,0,35,851,1737
,3,BAJA CALIFORNIA SUR,16,CABO SAN LUCAS,4,LOS CABOS,328,4,207,37,248,37,0,22,444,18,130,0,,,,39,1182,0,40,1222,2288
,3,BAJA CALIFORNIA SUR,16,CABO SAN LUCAS,4,LOS CABOS,329,2,102,17,98,28,0,10,211,8,75,1,,,,28,578,0,27,605,1171
,3,BAJA CALIFORNIA SUR,16,CABO SAN LUCAS,4,LOS CABOS,331,4,358,59,351,58,0,35,437,13,140,4,,,,124,1579,2,36,1617,2750
,3,BAJA CALIFORNIA SUR,8,CABO SAN LUCAS,4,LOS CABOS,332,11,999,183,996,166,0,57,1489,62,398,6,,,,,4356,16,122,4494,8219
,3,BAJA CALIFORNIA SUR,16,CABO SAN LUCAS,4,LOS CABOS,333,5,321,58,289,85,0,31,614,25,181,3,,,,89,1696,8,64,1768,3427
,3,BAJA CALIFORNIA SUR,1,SAN JOSE DEL CABO,4,LOS CABOS,334,2,51,8,51,4,0,2,41,1,2,1,,2,,,163,0,11,174,279
,3,BAJA CALIFORNIA SUR,8,CABO SAN LUCAS,4,LOS CABOS,335,1,51,14,75,12,0,2,103,4,18,0,,,,,279,0,8,287,504
,3,BAJA CALIFORNIA SUR,8,CABO SAN LUCAS,4,LOS CABOS,336,1,50,16,63,15,0,2,80,0,14,0,,,,,240,0,0,240,410
,3,BAJA CALIFORNIA SUR,13,LORETO,5,LORETO,338,3,368,112,52,77,0,3,165,6,12,0,,,,,795,0,27,822,1254
,3,BAJA CALIFORNIA SUR,13,LORETO,5,LORETO,339,7,1399,379,196,200,0,32,585,27,60,0,,,,,2878,0,96,2974,4710
,3,BAJA CALIFORNIA SUR,13,LORETO,5,LORETO,340,2,345,128,29,40,0,9,118,7,9,0,,,,,685,0,22,707,1008
,3,BAJA CALIFORNIA SUR,13,LORETO,5,LORETO,341,2,256,87,18,46,0,5,115,11,8,0,,,,,546,0,17,563,801
,3,BAJA CALIFORNIA SUR,13,LORETO,5,LORETO,342,3,147,46,15,36,0,6,72,7,4,0,,,,,333,0,18,351,837
,3,BAJA CALIFORNIA SUR,13,LORETO,5,LORETO,343,1,191,92,13,54,0,5,95,1,14,0,,,,,465,1,9,475,666
,3,BAJA CALIFORNIA SUR,13,LORETO,5,LORETO,344,2,523,118,52,85,0,7,184,13,14,0,,,,,996,0,49,1045,1477
,3,BAJA CALIFORNIA SUR,13,LORETO,5,LORETO,345,2,192,33,16,16,0,6,25,3,3,0,,,,,294,0,11,305,362
,3,BAJA CALIFORNIA SUR,13,LORETO,5,LORETO,346,2,222,40,37,10,0,1,73,1,5,0,,,,,389,0,28,417,553
,3,BAJA CALIFORNIA SUR,13,LORETO,5,LORETO,347,1,110,35,15,3,0,1,31,0,1,0,,,,,196,0,5,201,267
,3,BAJA CALIFORNIA SUR,5,LA PAZ,3,LA PAZ,348,1,69,17,6,8,6,15,138,6,14,5,,,,,284,0,12,296,507
,3,BAJA CALIFORNIA SUR,5,LA PAZ,3,LA PAZ,349,1,87,46,8,21,11,12,132,19,15,11,,,,,362,1,12,375,608
,3,BAJA CALIFORNIA SUR,5,LA PAZ,3,LA PAZ,350,1,55,29,9,14,2,5,112,14,18,3,,,,,261,0,8,269,411
,3,BAJA CALIFORNIA SUR,8,CABO SAN LUCAS,4,LOS CABOS,351,1,72,12,111,18,0,6,103,7,23,2,,,,,354,0,7,361,590
,3,BAJA CALIFORNIA SUR,8,CABO SAN LUCAS,4,LOS CABOS,352,2,162,28,157,28,0,16,227,12,71,0,,,,,701,1,21,723,1199
,3,BAJA CALIFORNIA SUR,1,SAN JOSE DEL CABO,4,LOS CABOS,353,8,571,141,544,82,0,19,768,17,115,19,,24,,,2300,0,106,2406,4767
,3,BAJA CALIFORNIA SUR,1,SAN JOSE DEL CABO,4,LOS CABOS,354,2,89,18,155,18,0,4,123,4,21,3,,8,,,443,0,32,475,1067
,3,BAJA CALIFORNIA SUR,9,CABO SAN LUCAS,4,LOS CABOS,355,2,92,26,132,9,0,2,164,7,18,2,,,,,452,0,25,477,1049
,3,BAJA CALIFORNIA SUR,1,SAN JOSE DEL CABO,4,LOS CABOS,356,2,186,35,132,38,0,2,262,12,25,1,,6,,,699,0,35,734,1489
,3,BAJA CALIFORNIA SUR,8,CABO SAN LUCAS,4,LOS CABOS,357,1,40,2,53,10,0,1,80,1,4,0,,,,,191,0,12,203,465
,3,BAJA CALIFORNIA SUR,8,CABO SAN LUCAS,4,LOS CABOS,358,3,151,34,189,40,0,6,369,9,50,2,,,,,850,0,28,878,1876
,3,BAJA CALIFORNIA SUR,8,CABO SAN LUCAS,4,LOS CABOS,359,3,220,34,242,52,0,20,414,13,68,4,,,,,1067,0,43,1110,2224
,3,BAJA CALIFORNIA SUR,8,CABO SAN LUCAS,4,LOS CABOS,360,2,98,13,96,19,0,5,190,8,18,3,,,,,450,0,21,471,978
,3,BAJA CALIFORNIA SUR,8,CABO SAN LUCAS,4,LOS CABOS,361,4,296,54,326,51,0,20,706,28,112,5,,,,,1598,1,45,1644,2778
,3,BAJA CALIFORNIA SUR,8,CABO SAN LUCAS,4,LOS CABOS,362,4,278,68,362,50,0,17,546,14,54,5,,,,,1394,1,59,1454,2848
,3,BAJA CALIFORNIA SUR,8,CABO SAN LUCAS,4,LOS CABOS,363,3,191,38,164,30,0,5,321,11,37,2,,,,,799,0,35,834,1821
,3,BAJA CALIFORNIA SUR,8,CABO SAN LUCAS,4,LOS CABOS,364,1,32,7,38,8,0,4,68,2,6,4,,,,,169,0,3,172,344
,3,BAJA CALIFORNIA SUR,9,CABO SAN LUCAS,4,LOS CABOS,365,2,110,16,124,30,0,6,222,11,17,0,,,,,536,0,28,564,1207
,3,BAJA CALIFORNIA SUR,9,CABO SAN LUCAS,4,LOS CABOS,366,2,110,32,151,28,0,7,215,8,31,2,,,,,584,0,30,614,1275
,3,BAJA CALIFORNIA SUR,9,CABO SAN LUCAS,4,LOS CABOS,367,2,94,21,117,18,0,3,176,11,25,1,,,,,466,0,21,487,985
,3,BAJA CALIFORNIA SUR,9,CABO SAN LUCAS,4,LOS CABOS,368,2,63,18,111,12,0,2,132,5,18,1,,,,,362,0,17,379,769
,3,BAJA CALIFORNIA SUR,9,CABO SAN LUCAS,4,LOS CABOS,369,2,79,23,133,18,0,5,146,5,17,0,,,,,426,0,40,466,1081
,3,BAJA CALIFORNIA SUR,9,CABO SAN LUCAS,4,LOS CABOS,370,2,86,6,108,16,0,6,212,11,17,0,,,,,462,1,18,481,1003
,3,BAJA CALIFORNIA SUR,9,CABO SAN LUCAS,4,LOS CABOS,371,1,54,16,98,14,0,3,122,7,20,0,,,,,334,0,0,334,726
,3,BAJA CALIFORNIA SUR,9,CABO SAN LUCAS,4,LOS CABOS,372,2,110,13,182,26,0,5,263,7,26,3,,,,,635,0,35,670,1329
,3,BAJA CALIFORNIA SUR,9,CABO SAN LUCAS,4,LOS CABOS,373,2,106,21,171,25,0,5,267,18,27,2,,,,,642,0,31,673,1405
,3,BAJA CALIFORNIA SUR,9,CABO SAN LUCAS,4,LOS CABOS,374,3,112,12,177,37,0,11,219,4,23,8,,,,,603,0,27,630,1395
,3,BAJA CALIFORNIA SUR,9,CABO SAN LUCAS,4,LOS CABOS,375,4,244,26,286,49,0,9,358,19,32,0,,,,,1023,0,79,1102,2658
,3,BAJA CALIFORNIA SUR,9,CABO SAN LUCAS,4,LOS CABOS,376,2,82,8,91,8,0,2,192,6,13,0,,,,,402,0,32,434,997
,3,BAJA CALIFORNIA SUR,9,CABO SAN LUCAS,4,LOS CABOS,377,3,122,21,246,49,0,14,305,10,48,2,,,,,817,2,42,861,1864
,3,BAJA CALIFORNIA SUR,9,CABO SAN LUCAS,4,LOS CABOS,378,2,74,21,90,22,0,9,180,9,26,0,,,,,431,0,27,458,938
,3,BAJA CALIFORNIA SUR,9,CABO SAN LUCAS,4,LOS CABOS,379,1,51,6,37,5,0,2,67,5,11,0,,,,,184,0,14,198,435
,3,BAJA CALIFORNIA SUR,9,CABO SAN LUCAS,4,LOS CABOS,380,4,179,54,236,76,0,16,446,17,72,4,,,,,1100,0,39,1139,2504
,3,BAJA CALIFORNIA SUR,9,CABO SAN LUCAS,4,LOS CABOS,381,2,100,16,116,21,0,2,175,3,15,0,,,,,448,0,25,473,874
,3,BAJA CALIFORNIA SUR,9,CABO SAN LUCAS,4,LOS CABOS,382,2,127,9,117,27,0,8,216,4,23,2,,,,,533,0,20,553,1106
,3,BAJA CALIFORNIA SUR,9,CABO SAN LUCAS,4,LOS CABOS,383,2,127,31,149,30,0,10,236,7,36,1,,,,,627,2,29,658,1341
,3,BAJA CALIFORNIA SUR,9,CABO SAN LUCAS,4,LOS CABOS,384,2,89,14,142,19,0,8,216,6,25,0,,,,,519,0,22,541,1069
,3,BAJA CALIFORNIA SUR,9,CABO SAN LUCAS,4,LOS CABOS,385,1,41,7,75,16,0,3,107,4,16,1,,,,,270,0,16,286,592
,3,BAJA CALIFORNIA SUR,9,CABO SAN LUCAS,4,LOS CABOS,386,2,93,9,110,23,0,10,117,4,14,1,,,,,381,0,21,402,903
,3,BAJA CALIFORNIA SUR,9,CABO SAN LUCAS,4,LOS CABOS,387,2,91,20,108,20,0,4,169,5,17,2,,,,,436,0,24,460,998
,3,BAJA CALIFORNIA SUR,9,CABO SAN LUCAS,4,LOS CABOS,388,2,64,19,97,13,0,3,147,2,13,2,,,,,360,0,26,386,805
,3,BAJA CALIFORNIA SUR,9,CABO SAN LUCAS,4,LOS CABOS,389,2,58,18,108,28,0,8,168,6,24,6,,,,,424,1,37,462,911
,3,BAJA CALIFORNIA SUR,9,CABO SAN LUCAS,4,LOS CABOS,390,2,104,16,84,26,0,6,195,3,29,1,,,,,464,0,22,486,1008
,3,BAJA CALIFORNIA SUR,9,CABO SAN LUCAS,4,LOS CABOS,391,1,65,10,33,14,0,8,94,7,18,0,,,,,249,0,12,261,524
,3,BAJA CALIFORNIA SUR,9,CABO SAN LUCAS,4,LOS CABOS,392,1,53,8,58,11,0,4,102,3,15,0,,,,,254,0,15,269,498
,3,BAJA CALIFORNIA SUR,9,CABO SAN LUCAS,4,LOS CABOS,393,1,47,12,71,15,0,4,101,2,13,3,,,,,268,0,30,298,699
,3,BAJA CALIFORNIA SUR,1,SAN JOSE DEL CABO,4,LOS CABOS,394,2,105,34,70,24,0,4,158,3,30,2,,7,,,437,0,29,466,977
,3,BAJA CALIFORNIA SUR,16,CABO SAN LUCAS,4,LOS CABOS,395,2,172,39,142,27,0,22,282,17,103,1,,,,43,848,0,16,864,1457
,3,BAJA CALIFORNIA SUR,16,CABO SAN LUCAS,4,LOS CABOS,396,2,156,32,103,18,0,14,218,9,50,5,,,,46,651,1,19,671,1229
,3,BAJA CALIFORNIA SUR,16,CABO SAN LUCAS,4,LOS CABOS,397,4,270,39,176,60,0,14,531,17,77,2,,,,49,1235,0,31,1266,2487
,3,BAJA CALIFORNIA SUR,16,CABO SAN LUCAS,4,LOS CABOS,398,3,153,28,119,26,0,3,323,6,63,3,,,,42,766,2,20,788,1612
,3,BAJA CALIFORNIA SUR,16,CABO SAN LUCAS,4,LOS CABOS,399,2,105,25,88,23,0,6,186,5,47,1,,,,46,532,0,11,543,978
,3,BAJA CALIFORNIA SUR,16,CABO SAN LUCAS,4,LOS CABOS,400,3,84,17,75,17,0,12,148,5,32,0,,,,11,401,0,14,415,792
,3,BAJA CALIFORNIA SUR,16,CABO SAN LUCAS,4,LOS CABOS,401,1,52,12,56,11,0,8,109,3,25,1,,,,18,295,0,7,302,512
,3,BAJA CALIFORNIA SUR,16,CABO SAN LUCAS,4,LOS CABOS,402,3,229,37,143,39,0,23,285,14,62,2,,,,60,894,1,24,919,1526
,3,BAJA CALIFORNIA SUR,8,CABO SAN LUCAS,4,LOS CABOS,403,1,83,10,81,12,0,7,121,2,32,0,,,,,348,2,8,358,639
,3,BAJA CALIFORNIA SUR,8,CABO SAN LUCAS,4,LOS CABOS,404,2,114,20,124,25,0,10,229,6,36,2,,,,,566,1,29,596,1242
,3,BAJA CALIFORNIA SUR,8,CABO SAN LUCAS,4,LOS CABOS,405,3,157,31,181,24,0,10,298,13,52,2,,,,,768,8,19,795,1669
,3,BAJA CALIFORNIA SUR,8,CABO SAN LUCAS,4,LOS CABOS,406,2,87,24,151,13,0,3,218,5,41,3,,,,,545,0,30,575,1141
,3,BAJA CALIFORNIA SUR,8,CABO SAN LUCAS,4,LOS CABOS,407,2,132,24,179,27,0,4,278,5,24,3,,,,,676,1,32,709,1441
,3,BAJA CALIFORNIA SUR,8,CABO SAN LUCAS,4,LOS CABOS,408,2,73,8,99,14,0,12,148,6,25,1,,,,,386,0,22,408,844
,3,BAJA CALIFORNIA SUR,8,CABO SAN LUCAS,4,LOS CABOS,409,1,71,19,76,6,0,1,152,5,27,0,,,,,357,1,14,372,738
,3,BAJA CALIFORNIA SUR,8,CABO SAN LUCAS,4,LOS CABOS,410,2,95,13,108,16,0,6,186,5,27,1,,,,,457,1,11,469,1113
,3,BAJA CALIFORNIA SUR,8,CABO SAN LUCAS,4,LOS CABOS,411,4,354,58,251,57,0,19,397,29,124,2,,,,,1291,1,29,1321,2064
,3,BAJA CALIFORNIA SUR,7,SAN JOSE DEL CABO,4,LOS CABOS,412,6,286,187,210,102,0,30,650,14,34,9,,,,,1522,1,55,1578,3965
,3,BAJA CALIFORNIA SUR,7,SAN JOSE DEL CABO,4,LOS CABOS,413,2,63,39,60,18,0,10,204,3,15,4,,,,,416,0,24,440,988
,3,BAJA CALIFORNIA SUR,7,SAN JOSE DEL CABO,4,LOS CABOS,414,2,70,57,85,19,0,6,222,8,43,5,,,,,515,0,22,537,1191
,3,BAJA CALIFORNIA SUR,7,SAN JOSE DEL CABO,4,LOS CABOS,415,2,87,35,49,20,0,2,150,6,13,1,,,,,363,0,16,379,836
,3,BAJA CALIFORNIA SUR,7,SAN JOSE DEL CABO,4,LOS CABOS,416,2,89,29,81,33,0,9,187,6,4,3,,,,,441,0,31,472,974
,3,BAJA CALIFORNIA SUR,7,SAN JOSE DEL CABO,4,LOS CABOS,417,2,76,45,71,35,0,7,162,5,11,1,,,,,413,0,14,427,916
,3,BAJA CALIFORNIA SUR,7,SAN JOSE DEL CABO,4,LOS CABOS,418,2,81,34,93,22,0,7,162,5,16,0,,,,,420,0,16,436,821
,3,BAJA CALIFORNIA SUR,7,SAN JOSE DEL CABO,4,LOS CABOS,419,2,93,44,63,38,0,10,188,13,9,0,,,,,458,0,9,467,905
,3,BAJA CALIFORNIA SUR,7,SAN JOSE DEL CABO,4,LOS CABOS,420,2,82,33,67,39,0,2,185,6,14,0,,,,,428,0,20,448,961
,3,BAJA CALIFORNIA SUR,7,SAN JOSE DEL CABO,4,LOS CABOS,421,1,45,48,50,21,0,6,155,9,14,3,,,,,351,1,14,366,731
,3,BAJA CALIFORNIA SUR,7,SAN JOSE DEL CABO,4,LOS CABOS,422,2,51,35,57,27,0,17,187,4,17,1,,,,,396,1,28,425,933
,3,BAJA CALIFORNIA SUR,7,SAN JOSE DEL CABO,4,LOS CABOS,423,2,62,39,60,27,0,14,175,5,6,0,,,,,388,1,26,415,1004
,3,BAJA CALIFORNIA SUR,7,SAN JOSE DEL CABO,4,LOS CABOS,424,2,51,41,53,22,0,5,154,7,7,2,,,,,342,0,21,363,781
,3,BAJA CALIFORNIA SUR,7,SAN JOSE DEL CABO,4,LOS CABOS,425,2,63,47,66,23,0,16,158,4,10,3,,,,,390,0,27,417,870
,3,BAJA CALIFORNIA SUR,7,SAN JOSE DEL CABO,4,LOS CABOS,426,1,85,39,53,16,0,9,174,5,8,0,,,,,389,0,12,401,718
,3,BAJA CALIFORNIA SUR,7,SAN JOSE DEL CABO,4,LOS CABOS,427,2,92,33,70,17,0,7,184,5,6,2,,,,,416,0,9,425,798
,3,BAJA CALIFORNIA SUR,7,SAN JOSE DEL CABO,4,LOS CABOS,428,2,63,35,67,34,0,4,135,1,10,1,,,,,350,1,17,368,811
,3,BAJA CALIFORNIA SUR,7,SAN JOSE DEL CABO,4,LOS CABOS,429,2,104,35,72,46,0,9,179,8,11,1,,,,,465,0,15,480,964
,3,BAJA CALIFORNIA SUR,7,SAN JOSE DEL CABO,4,LOS CABOS,430,2,85,41,123,38,0,9,157,10,13,0,,,,,476,0,17,493,854
,3,BAJA CALIFORNIA SUR,7,SAN JOSE DEL CABO,4,LOS CABOS,431,2,99,49,102,23,0,13,211,5,13,6,,,,,521,0,18,539,953
,3,BAJA CALIFORNIA SUR,7,SAN JOSE DEL CABO,4,LOS CABOS,432,2,133,34,75,31,0,6,227,3,7,1,,,,,517,0,25,542,1107
,3,BAJA CALIFORNIA SUR,7,SAN JOSE DEL CABO,4,LOS CABOS,433,2,56,31,52,20,0,5,176,9,7,0,,,,,356,0,8,364,844
,3,BAJA CALIFORNIA SUR,7,SAN JOSE DEL CABO,4,LOS CABOS,434,2,91,45,63,38,0,5,166,6,17,2,,,,,433,1,20,454,946
,3,BAJA CALIFORNIA SUR,7,SAN JOSE DEL CABO,4,LOS CABOS,435,2,93,36,54,31,0,10,162,3,7,0,,,,,396,2,14,412,868
,3,BAJA CALIFORNIA SUR,7,SAN JOSE DEL CABO,4,LOS CABOS,436,1,72,54,51,22,0,15,176,6,20,0,,,,,416,0,15,431,730
,3,BAJA CALIFORNIA SUR,7,SAN JOSE DEL CABO,4,LOS CABOS,437,1,43,24,42,18,0,11,112,4,10,1,,,,,265,0,13,278,567
,3,BAJA CALIFORNIA SUR,7,SAN JOSE DEL CABO,4,LOS CABOS,438,1,54,45,48,17,0,12,127,8,7,1,,,,,319,1,11,331,610
,3,BAJA CALIFORNIA SUR,7,SAN JOSE DEL CABO,4,LOS CABOS,439,1,35,25,37,8,0,3,94,2,9,1,,,,,214,0,14,228,510
,3,BAJA CALIFORNIA SUR,5,LA PAZ,3,LA PAZ,440,2,203,61,16,29,16,11,297,30,51,8,,,,,722,2,16,740,1049
,3,BAJA CALIFORNIA SUR,3,LA PAZ,3,LA PAZ,441,1,71,21,9,14,6,10,181,7,23,3,,,,,345,0,9,354,526
,3,BAJA CALIFORNIA SUR,5,LA PAZ,3,LA PAZ,442,2,142,60,9,27,11,12,212,21,44,3,,,,,541,1,34,576,897
,3,BAJA CALIFORNIA SUR,3,LA PAZ,3,LA PAZ,443,2,150,26,15,22,16,17,231,13,27,5,,,,,522,1,30,553,880
,3,BAJA CALIFORNIA SUR,3,LA PAZ,3,LA PAZ,444,1,68,19,11,12,8,9,137,16,18,7,,,,,305,0,4,309,548
,3,BAJA CALIFORNIA SUR,5,LA PAZ,3,LA PAZ,445,1,100,37,4,22,18,15,194,21,17,3,,,,,431,0,21,452,681
,3,BAJA CALIFORNIA SUR,5,LA PAZ,3,LA PAZ,446,3,216,63,19,47,19,30,510,42,50,11,,,,,1007,0,33,1040,1688
,3,BAJA CALIFORNIA SUR,3,LA PAZ,3,LA PAZ,447,1,93,15,11,1,3,1,103,7,5,6,,,,,245,0,21,266,558
,3,BAJA CALIFORNIA SUR,3,LA PAZ,3,LA PAZ,448,1,88,11,6,8,1,3,79,1,9,0,,,,,206,0,9,215,448
,3,BAJA CALIFORNIA SUR,3,LA PAZ,3,LA PAZ,449,1,88,16,5,10,2,12,162,9,11,4,,,,,319,1,12,332,608
,3,BAJA CALIFORNIA SUR,3,LA PAZ,3,LA PAZ,450,1,79,18,12,16,8,11,169,6,12,2,,,,,333,1,10,344,630
,3,BAJA CALIFORNIA SUR,5,LA PAZ,3,LA PAZ,451,2,90,19,7,16,4,5,238,11,25,4,,,,,419,1,17,437,835
,3,BAJA CALIFORNIA SUR,5,LA PAZ,3,LA PAZ,452,2,110,26,5,30,11,16,234,19,33,6,,,,,490,0,18,508,877
,3,BAJA CALIFORNIA SUR,5,LA PAZ,3,LA PAZ,453,1,63,20,6,15,8,12,135,7,6,6,,,,,278,0,22,300,646
,3,BAJA CALIFORNIA SUR,5,LA PAZ,3,LA PAZ,454,1,88,19,15,14,3,9,158,7,17,5,,,,,335,0,14,349,588
,3,BAJA CALIFORNIA SUR,5,LA PAZ,3,LA PAZ,455,1,84,26,13,18,10,4,163,4,19,6,,,,,347,1,22,370,648
,3,BAJA CALIFORNIA SUR,4,LA PAZ,3,LA PAZ,456,1,24,5,5,5,5,16,75,3,12,7,,,,,157,0,9,166,330
,3,BAJA CALIFORNIA SUR,4,LA PAZ,3,LA PAZ,457,1,64,21,9,20,4,4,121,8,18,3,,,,,272,0,6,278,520
,3,BAJA CALIFORNIA SUR,5,LA PAZ,3,LA PAZ,458,2,118,39,11,18,10,8,214,15,24,12,,,,,469,2,21,492,879
,3,BAJA CALIFORNIA SUR,5,LA PAZ,3,LA PAZ,459,2,77,30,6,15,6,11,174,16,23,7,,,,,365,0,13,378,779
,3,BAJA CALIFORNIA SUR,4,LA PAZ,3,LA PAZ,460,1,87,30,14,14,12,16,217,17,28,5,,,,,440,1,13,454,701
,3,BAJA CALIFORNIA SUR,4,LA PAZ,3,LA PAZ,461,1,120,33,5,9,14,14,205,18,21,10,,,,,449,0,6,455,691
,3,BAJA CALIFORNIA SUR,5,LA PAZ,3,LA PAZ,462,1,96,18,9,15,9,12,201,13,26,9,,,,,408,0,13,421,674
,3,BAJA CALIFORNIA SUR,4,LA PAZ,3,LA PAZ,463,1,113,25,3,11,14,10,167,19,18,0,,,,,380,1,10,391,641
,3,BAJA CALIFORNIA SUR,4,LA PAZ,3,LA PAZ,464,2,114,21,16,16,10,6,203,10,16,5,,,,,417,0,17,434,794
,3,BAJA CALIFORNIA SUR,5,LA PAZ,3,LA PAZ,465,2,137,43,14,16,10,23,352,29,38,15,,,,,677,0,28,705,1157
,3,BAJA CALIFORNIA SUR,4,LA PAZ,3,LA PAZ,466,2,111,15,10,19,9,12,214,16,21,4,,,,,431,0,20,451,809
,3,BAJA CALIFORNIA SUR,4,LA PAZ,3,LA PAZ,467,2,98,16,20,18,13,17,204,17,37,7,,,,,447,0,23,470,871
,3,BAJA CALIFORNIA SUR,4,LA PAZ,3,LA PAZ,468,2,118,19,4,15,6,13,193,8,15,4,,,,,395,0,25,420,818
,3,BAJA CALIFORNIA SUR,4,LA PAZ,3,LA PAZ,469,2,73,34,9,23,5,15,186,12,22,4,,,,,383,3,13,399,799
,3,BAJA CALIFORNIA SUR,4,LA PAZ,3,LA PAZ,470,3,194,50,21,16,11,10,316,15,39,7,,,,,679,0,12,691,1680
,3,BAJA CALIFORNIA SUR,4,LA PAZ,3,LA PAZ,471,1,70,20,9,13,3,9,165,9,18,2,,,,,318,1,13,332,719
,3,BAJA CALIFORNIA SUR,4,LA PAZ,3,LA PAZ,472,2,159,25,16,17,13,19,341,19,24,4,,,,,637,0,37,674,1281
,3,BAJA CALIFORNIA SUR,4,LA PAZ,3,LA PAZ,473,1,63,18,5,22,7,5,132,11,3,1,,,,,267,0,17,284,550
,3,BAJA CALIFORNIA SUR,4,LA PAZ,3,LA PAZ,474,1,67,15,3,18,7,5,125,7,13,4,,,,,264,1,15,280,605
,3,BAJA CALIFORNIA SUR,4,LA PAZ,3,LA PAZ,475,3,231,88,25,36,18,20,398,25,35,11,,,,,887,1,36,924,2110
,3,BAJA CALIFORNIA SUR,4,LA PAZ,3,LA PAZ,476,1,73,25,14,9,11,5,139,12,12,1,,,,,301,0,12,313,640
,3,BAJA CALIFORNIA SUR,4,LA PAZ,3,LA PAZ,477,1,63,15,11,8,12,1,179,12,20,1,,,,,322,0,29,351,733
,3,BAJA CALIFORNIA SUR,3,LA PAZ,3,LA PAZ,478,2,118,38,15,14,12,12,244,29,32,5,,,,,519,1,22,542,937
,3,BAJA CALIFORNIA SUR,4,LA PAZ,3,LA PAZ,479,4,306,65,24,49,41,25,529,50,62,10,,,,,1161,1,30,1192,2252
,3,BAJA CALIFORNIA SUR,4,LA PAZ,3,LA PAZ,480,2,107,35,13,24,11,11,226,16,16,6,,,,,465,2,17,484,915
,3,BAJA CALIFORNIA SUR,4,LA PAZ,3,LA PAZ,481,2,102,47,23,27,14,8,245,22,24,7,,,,,519,0,18,537,959
,3,BAJA CALIFORNIA SUR,4,LA PAZ,3,LA PAZ,482,2,190,55,8,25,24,18,418,15,42,6,,,,,801,1,28,830,1425
,3,BAJA CALIFORNIA SUR,4,LA PAZ,3,LA PAZ,483,2,118,25,12,11,4,11,223,9,11,5,,,,,429,0,19,448,802
,3,BAJA CALIFORNIA SUR,4,LA PAZ,3,LA PAZ,484,3,179,46,11,46,20,19,400,25,28,10,,,,,784,1,24,809,1620
,3,BAJA CALIFORNIA SUR,4,LA PAZ,3,LA PAZ,485,2,155,39,16,19,10,30,294,17,30,9,,,,,619,0,17,636,1158
,3,BAJA CALIFORNIA SUR,4,LA PAZ,3,LA PAZ,486,2,134,27,10,19,9,15,266,15,31,6,,,,,532,0,24,556,901
,3,BAJA CALIFORNIA SUR,4,LA PAZ,3,LA PAZ,487,3,213,51,22,25,27,20,442,30,53,9,,,,,892,2,31,925,1578
,3,BAJA CALIFORNIA SUR,4,LA PAZ,3,LA PAZ,488,3,238,40,15,28,21,34,522,19,44,6,,,,,967,0,31,998,1606
,3,BAJA CALIFORNIA SUR,4,LA PAZ,3,LA PAZ,489,2,191,40,8,17,24,49,342,12,32,6,,,,,721,0,22,743,1123
,3,BAJA CALIFORNIA SUR,4,LA PAZ,3,LA PAZ,490,2,165,18,8,20,15,15,290,21,26,4,,,,,582,0,23,605,1011
,3,BAJA CALIFORNIA SUR,4,LA PAZ,3,LA PAZ,491,2,190,35,7,16,19,22,374,14,46,7,,,,,730,3,25,758,1153
,3,BAJA CALIFORNIA SUR,4,LA PAZ,3,LA PAZ,492,3,186,51,21,28,20,16,446,27,35,9,,,,,839,0,17,856,1530
,3,BAJA CALIFORNIA SUR,4,LA PAZ,3,LA PAZ,493,2,139,34,11,28,7,22,312,11,26,2,,,,,592,0,16,608,1123
,3,BAJA CALIFORNIA SUR,4,LA PAZ,3,LA PAZ,494,2,181,42,21,23,16,24,319,14,30,14,,,,,684,0,23,707,1464
,3,BAJA CALIFORNIA SUR,4,LA PAZ,3,LA PAZ,495,3,195,32,13,18,15,33,370,20,29,5,,,,,730,3,24,757,1554
