CIRCUNSCRIPCION,ID_ESTADO,NOMBRE_ESTADO,ID_DISTRITO_LOCAL,CABECERA_DISTRITAL_LOCAL,ID_MUNICIPIO,MUNICIPIO,ID_DEMARCACION_LOCAL,DEMARCACION_LOCAL,TIPO_DE_ELECCION,NOMBRE_PARTICIPANTE,NUMERO_LISTA,CANDIDATO,SEXO_CANDIDATO,RUTA_CONSTANCIA,PARTIDO
,32,ZACATECAS,,,,,,,GOB,PT_PVEM_MORENA_PANALZ,1,DAVID MONREAL AVILA,1,,MORENA
,32,ZACATECAS,1,ZACATECAS,,,,,DIP_LOC_MR,PT_PVEM_MORENA_PANALZ,1,JOSÉ XERARDO RAMÍREZ MUÑOZ,1,ACG_IEEZ_112/VIII/2021,PT
,32,ZACATECAS,2,ZACATECAS,,,,,DIP_LOC_MR,PT_PVEM_MORENA_PANALZ,1,GABRIELA EVANGELINA PINEDO MORALES,2,ACG_IEEZ_112/VIII/2021,MORENA
,32,ZACATECAS,3,GUADALUPE,,,,,DIP_LOC_MR,MORENA,1,VIOLETA CERRILLO ORTIZ,2,ACG_IEEZ_112/VIII/2021,MORENA
,32,ZACATECAS,4,GUADALUPE,,,,,DIP_LOC_MR,MORENA,1,ROXANA DEL REFUGIO MUÑOZ GONZÁLEZ,2,ACG_IEEZ_112/VIII/2021,MORENA
,32,ZACATECAS,5,FRESNILLO,,,,,DIP_LOC_MR,MORENA,1,ERNESTO GONZÁLEZ ROMO,1,ACG_IEEZ_112/VIII/2021,MORENA
,32,ZACATECAS,6,FRESNILLO,,,,,DIP_LOC_MR,MORENA,1,MARIBEL GALVÁN JIMÉNEZ,2,ACG_IEEZ_112/VIII/2021,MORENA
,32,ZACATECAS,7,FRESNILLO,,,,,DIP_LOC_MR,PAN_PRI_PRD,1,GERARDO PINEDO SANTA CRUZ,1,ACG_IEEZ_112/VIII/2021,PRD
,32,ZACATECAS,8,OJOCALIENTE,,,,,DIP_LOC_MR,PAN_PRI_PRD,1,JEHÚ EDUI SALAS DÁVILA,1,ACG_IEEZ_112/VIII/2021,PRI
,32,ZACATECAS,9,LORETO,,,,,DIP_LOC_MR,MORENA,1,IMELDA MAURICIO ESPARZA,2,ACG_IEEZ_112/VIII/2021,MORENA
,32,ZACATECAS,10,JEREZ DE GARCIA SALINAS,,,,,DIP_LOC_MR,PAN_PRI_PRD,1,"MA. DEL REFUGIO AVALOS MÁRQUEZ

",2,ACG_IEEZ_112/VIII/2021,PRI
,32,ZACATECAS,11,VILLANUEVA,,,,,DIP_LOC_MR,PT_PVEM_MORENA_PANALZ,1,SUSANA ANDREA BARRAGÁN ESPINOSA,2,ACG_IEEZ_112/VIII/2021,NAZ
,32,ZACATECAS,12,VILLA DE COS,,,,,DIP_LOC_MR,PAN_PRI_PRD,1,JOSÉ DAVID GONZÁLEZ HERNÁNDEZ,1,ACG_IEEZ_112/VIII/2021,PRI
,32,ZACATECAS,13,JALPA,,,,,DIP_LOC_MR,PT_PVEM_MORENA_PANALZ,1,ARMANDO DELGADILLO RUVALCABA,1,ACG_IEEZ_112/VIII/2021,MORENA
,32,ZACATECAS,14,TLALTENANGO DE SANCHEZ ROMAN,,,,,DIP_LOC_MR,PAN_PRI_PRD,1,JOSÉ GUADALUPE CORREA VALDEZ,1,ACG_IEEZ_112/VIII/2021,PAN
,32,ZACATECAS,15,PINOS,,,,,DIP_LOC_MR,PRI,1,HERMINIO BRIONES OLIVA,1,ACG_IEEZ_112/VIII/2021,PRI
,32,ZACATECAS,16,RIO GRANDE,,,,,DIP_LOC_MR,PAN_PRI_PRD,1,JOSÉ JUAN MENDOZA MALDONADO,1,ACG_IEEZ_112/VIII/2021,PRD
,32,ZACATECAS,17,SOMBRERETE,,,,,DIP_LOC_MR,PAN_PRI_PRD,1,KARLA DEJANIRA VALDEZ ESPINOZA,2,ACG_IEEZ_112/VIII/2021,PAN
,32,ZACATECAS,18,JUAN ALDAMA,,,,,DIP_LOC_MR,PAN_PRI_PRD,1,MANUEL BENIGNO GALLARDO SANDOVAL,1,ACG_IEEZ_112/VIII/2021,PRI
,32,ZACATECAS,,,,,,,DIP_LOC_RP,PAN,1,MARÍA DEL MAR DE ÁVILA IBARGÜENGOYTIA,2,ACG_IEEZ_112/VIII/2021,PAN
,32,ZACATECAS,,,,,,,DIP_LOC_RP,PRI,1,GABRIELA MONSERRAT BASURTO ÁVILA,2,ACG_IEEZ_112/VIII/2021,PRI
,32,ZACATECAS,,,,,,,DIP_LOC_RP,PRI,12,JOSÉ JUAN ESTRADA HERNÁNDEZ,1,ACG_IEEZ_112/VIII/2021,PRI
,32,ZACATECAS,,,,,,,DIP_LOC_RP,PT,1,ANA LUISA DEL MURO GARCÍA,2,ACG_IEEZ_112/VIII/2021,PT
,32,ZACATECAS,,,,,,,DIP_LOC_RP,PT,2,JOSÉ LUIS FIGUEROA RANGEL,1,ACG_IEEZ_112/VIII/2021,PT
,32,ZACATECAS,,,,,,,DIP_LOC_RP,PVEM,1,GEORGIA FERNANDA MIRANDA HERRERA,2,ACG_IEEZ_112/VIII/2021,PVEM
,32,ZACATECAS,,,,,,,DIP_LOC_RP,MORENA,1,PRISCILA BENÍTEZ SÁNCHEZ,2,ACG_IEEZ_112/VIII/2021,MORENA
,32,ZACATECAS,,,,,,,DIP_LOC_RP,MORENA,2,ENRIQUE MANUEL LAVIADA CIREROL,1,ACG_IEEZ_112/VIII/2021,MORENA
,32,ZACATECAS,,,,,,,DIP_LOC_RP,MORENA,3,VÍCTOR HUMBERTO DE LA TORRE DELGADO,1,ACG_IEEZ_112/VIII/2021,MORENA
,32,ZACATECAS,,,,,,,DIP_LOC_RP,MORENA,12,SERGIO ORTEGA RODRÍGUEZ,1,ACG_IEEZ_112/VIII/2021,MORENA
,32,ZACATECAS,,,,,,,DIP_LOC_RP,PANALZ,1,SORALLA BAÑUELOS DE LA TORRE,2,ACG_IEEZ_112/VIII/2021,NAZ
,32,ZACATECAS,,,,,,,DIP_LOC_RP,PES,1,ZULEMA YUNUEN SANTACRUZ MÁRQUEZ,2,ACG_IEEZ_112/VIII/2021,PES
,32,ZACATECAS,,,1,APOZOL,,,PRES_MUN,MORENA,1,GABRIELA ARELLANO QUEZADA,2,SIN NÚMERO,MORENA
,32,ZACATECAS,,,1,APOZOL,,,SIND,MORENA,1,TLAHUIZCALPANTECUTLI GONZÁLEZ ESTRADA,1,SIN NÚMERO,MORENA
,32,ZACATECAS,,,1,APOZOL,,,REG,MORENA,1,GRISELDA LUNA ROBLES,2,SIN NÚMERO,MORENA
,32,ZACATECAS,,,1,APOZOL,,,REG,MORENA,2,RONALDO COVARRUBIAS QUIRARTE,1,SIN NÚMERO,MORENA
,32,ZACATECAS,,,1,APOZOL,,,REG,MORENA,3,ESMERALDA VALENZUELA MERCADO,2,SIN NÚMERO,MORENA
,32,ZACATECAS,,,1,APOZOL,,,REG,MORENA,4,CARMEN ADÁN GALARZA RODRÍGUEZ,1,SIN NÚMERO,MORENA
,32,ZACATECAS,,,1,APOZOL,,,REG_RP,PRI,1,MARÍA DEL SOCORRO ROBLES GARCÍA,2,ACG_IEEZ_113/VIII/2021,PRI
,32,ZACATECAS,,,1,APOZOL,,,REG_RP,PRI,2,JOSÉ MANUEL HERNÁNDEZ ESTRADA,1,ACG_IEEZ_113/VIII/2021,PRI
,32,ZACATECAS,,,1,APOZOL,,,REG_RP,PRD,1,EVALIA VERA OLAGUE,2,ACG_IEEZ_113/VIII/2021,PRD
,32,ZACATECAS,,,2,APULCO,,,PRES_MUN,PAN_PRI_PRD,1,YANET MORALES HUIZAR,2,SIN NÚMERO,PRI
,32,ZACATECAS,,,2,APULCO,,,SIND,PAN_PRI_PRD,1,FIDEL LOERA MORA,1,SIN NÚMERO,PRI
,32,ZACATECAS,,,2,APULCO,,,REG,PAN_PRI_PRD,1,ERIKA MARTÍNEZ PÉREZ,2,SIN NÚMERO,PRI
,32,ZACATECAS,,,2,APULCO,,,REG,PAN_PRI_PRD,2,JORGE ALEJANDRO FRUTOS IBARRA,1,SIN NÚMERO,PRI
,32,ZACATECAS,,,2,APULCO,,,REG,PAN_PRI_PRD,3,JULISA ALCALÁ DELGADILLO,2,SIN NÚMERO,PRI
,32,ZACATECAS,,,2,APULCO,,,REG,PAN_PRI_PRD,4,FABIÁN MORALES GARCÍA,1,SIN NÚMERO,PRI
,32,ZACATECAS,,,2,APULCO,,,REG_RP,PES,1,DIANA PARRAS JUÁREZ,2,ACG_IEEZ_113/VIII/2021,PES
,32,ZACATECAS,,,2,APULCO,,,REG_RP,PANALZ,1,REYNA HUIZAR GARCÍA,2,ACG_IEEZ_113/VIII/2021,NAZ
,32,ZACATECAS,,,2,APULCO,,,REG_RP,PANALZ,2,CARLOS CHÁVEZ ESPARZA,1,ACG_IEEZ_113/VIII/2021,NAZ
,32,ZACATECAS,,,3,ATOLINGA,,,PRES_MUN,PAN_PRI_PRD,1,ROSAURA SÁNCHEZ BAÑUELOS,2,SIN NÚMERO,PAN
,32,ZACATECAS,,,3,ATOLINGA,,,SIND,PAN_PRI_PRD,1,HUMBERTO VELÁSQUEZ GALLEGOS,1,SIN NÚMERO,PAN
,32,ZACATECAS,,,3,ATOLINGA,,,REG,PAN_PRI_PRD,1,MA. DE JESÚS FLORES OROZCO,2,SIN NÚMERO,PAN
,32,ZACATECAS,,,3,ATOLINGA,,,REG,PAN_PRI_PRD,2,RAÚL VALDEZ VALDEZ,1,SIN NÚMERO,PAN
,32,ZACATECAS,,,3,ATOLINGA,,,REG,PAN_PRI_PRD,3,ANA MARÍA SERRANO SALINAS,2,SIN NÚMERO,PAN
,32,ZACATECAS,,,3,ATOLINGA,,,REG,PAN_PRI_PRD,4,LIXANDRO ELISEO ROSALES CASTAÑEDA,1,SIN NÚMERO,PAN
,32,ZACATECAS,,,3,ATOLINGA,,,REG_RP,PVEM,1,BRENDA BERENICE MINJARES ARELLANO,2,ACG_IEEZ_113/VIII/2021,PVEM
,32,ZACATECAS,,,3,ATOLINGA,,,REG_RP,PVEM,1,FRANCISCO JAVIER BUGARÍN OROZCO,1,ACG_IEEZ_113/VIII/2021,PVEM
,32,ZACATECAS,,,3,ATOLINGA,,,REG_RP,MORENA,1,SILVIA LETICIA SANTACRUZ CASTAÑEDA,2,ACG_IEEZ_113/VIII/2021,MORENA
,32,ZACATECAS,,,4,BENITO JUAREZ,,,PRES_MUN,PAN_PRI_PRD,1,ERIKA YANETH CORREA CORTES,2,SIN NÚMERO,PAN
,32,ZACATECAS,,,4,BENITO JUAREZ,,,SIND,PAN_PRI_PRD,1,JOSÉ LUIS ARELLANO SALAS,1,SIN NÚMERO,PAN
,32,ZACATECAS,,,4,BENITO JUAREZ,,,REG,PAN_PRI_PRD,1,RENATA DENIS SÁNCHEZ CORTES,2,SIN NÚMERO,PAN
,32,ZACATECAS,,,4,BENITO JUAREZ,,,REG,PAN_PRI_PRD,2,JOSÉ GUADALUPE SALAS BARRERA,1,SIN NÚMERO,PAN
,32,ZACATECAS,,,4,BENITO JUAREZ,,,REG,PAN_PRI_PRD,3,ANA MARÍA FLORES GAETA,2,SIN NÚMERO,PRI
,32,ZACATECAS,,,4,BENITO JUAREZ,,,REG,PAN_PRI_PRD,4,PEDRO FLORES ARELLANO JR,1,SIN NÚMERO,PRI
,32,ZACATECAS,,,4,BENITO JUAREZ,,,REG_RP,PVEM,1,ORALIA CORREA CORREA,2,ACG_IEEZ_113/VIII/2021,PVEM
,32,ZACATECAS,,,4,BENITO JUAREZ,,,REG_RP,PVEM,2,FRANCISCO JAVIER CORTES RAMÍREZ,1,ACG_IEEZ_113/VIII/2021,PVEM
,32,ZACATECAS,,,4,BENITO JUAREZ,,,REG_RP,PVEM,3,GRACIELA RAMÍREZ ARELLANO,2,ACG_IEEZ_113/VIII/2021,PVEM
,32,ZACATECAS,,,5,CALERA,,,PRES_MUN,PAN_PRI_PRD,1,ÁNGEL GERARDO HERNÁNDEZ VÁZQUEZ,1,ACME_CALERA_013/2021,PAN
,32,ZACATECAS,,,5,CALERA,,,SIND,PAN_PRI_PRD,1,ARACELI CARLOS ARGUELLES,2,ACME_CALERA_013/2021,PAN
,32,ZACATECAS,,,5,CALERA,,,REG,PAN_PRI_PRD,1,JOSÉ IGNACIO MARTÍNEZ CARAZA,1,ACME_CALERA_013/2021,PAN
,32,ZACATECAS,,,5,CALERA,,,REG,PAN_PRI_PRD,2,GRISELDA SÁNCHEZ GARCÍA,2,ACME_CALERA_013/2021,PAN
,32,ZACATECAS,,,5,CALERA,,,REG,PAN_PRI_PRD,3,OSWALDO PARRAS DELGADO,1,ACME_CALERA_013/2021,PAN
,32,ZACATECAS,,,5,CALERA,,,REG,PAN_PRI_PRD,4,ESTHER CÁRDENAS VILLEGAS,2,ACME_CALERA_013/2021,PRI
,32,ZACATECAS,,,5,CALERA,,,REG,PAN_PRI_PRD,5,ALFONSO OMAR BURCIAGA CERVANTES,1,ACME_CALERA_013/2021,PRI
,32,ZACATECAS,,,5,CALERA,,,REG,PAN_PRI_PRD,6,GLORIA ISABEL HERRERA COVARRUBIAS,2,ACME_CALERA_013/2021,PRI
,32,ZACATECAS,,,5,CALERA,,,REG,PAN_PRI_PRD,7,JESÚS NAZARET ESPINOZA TORRES,1,ACME_CALERA_013/2021,PRD
,32,ZACATECAS,,,5,CALERA,,,REG_RP,MORENA,1,ISELA HERNÁNDEZ CASTAÑEDA,2,ACG_IEEZ_121/VIII/2021,MORENA
,32,ZACATECAS,,,5,CALERA,,,REG_RP,MORENA,2,HÉCTOR ALFREDO MARTÍNEZ LÓPEZ,1,ACG_IEEZ_121/VIII/2021,MORENA
,32,ZACATECAS,,,5,CALERA,,,REG_RP,PES,1,LOURDES ANGÉLICA ALONSO TAVERA,2,ACG_IEEZ_121/VIII/2021,PES
,32,ZACATECAS,,,5,CALERA,,,REG_RP,PAZ,1,GABRIELA SOTELO VILLAGRANA,2,ACG_IEEZ_121/VIII/2021,PAZ
,32,ZACATECAS,,,5,CALERA,,,REG_RP,PAZ,2,MIGUEL ÁNGEL MURILLO GARCÍA,1,ACG_IEEZ_121/VIII/2021,PAZ
,32,ZACATECAS,,,6,CAÑITAS DE FELIPE PESCADOR,,,PRES_MUN,PVEM,1,MARCO ANTONIO REGIS ZÚÑIGA,1,A.C.M.E._C.F.P._036/2021,PVEM
,32,ZACATECAS,,,6,CAÑITAS DE FELIPE PESCADOR,,,SIND,PVEM,1,AMALIA GODINA RODARTE,2,A.C.M.E._C.F.P._036/2021,PVEM
,32,ZACATECAS,,,6,CAÑITAS DE FELIPE PESCADOR,,,REG,PVEM,1,ALEJANDRO IVÁN ALVARADO RAMÍREZ,1,A.C.M.E._C.F.P._036/2021,PVEM
,32,ZACATECAS,,,6,CAÑITAS DE FELIPE PESCADOR,,,REG,PVEM,2,MARITSA ORTIZ ARIAS,2,A.C.M.E._C.F.P._036/2021,PVEM
,32,ZACATECAS,,,6,CAÑITAS DE FELIPE PESCADOR,,,REG,PVEM,3,JAVIER ALEXIS HERNÁNDEZ MALDONADO,1,A.C.M.E._C.F.P._036/2021,PVEM
,32,ZACATECAS,,,6,CAÑITAS DE FELIPE PESCADOR,,,REG,PVEM,4,OLIVA GONZÁLEZ RÍOS,2,A.C.M.E._C.F.P._036/2021,PVEM
,32,ZACATECAS,,,6,CAÑITAS DE FELIPE PESCADOR,,,REG_RP,MORENA,1,ANAKAREN GAUCÍN GUAJARDO,2,ACG_IEEZ_113/VIII/2021,MORENA
,32,ZACATECAS,,,6,CAÑITAS DE FELIPE PESCADOR,,,REG_RP,PES,1,LETICIA BORJÓN DOMÍNGUEZ,2,ACG_IEEZ_113/VIII/2021,PES
,32,ZACATECAS,,,6,CAÑITAS DE FELIPE PESCADOR,,,REG_RP,PANALZ,1,MA. DEL SOCORRO DOMÍNGUEZ RIVERA,2,ACG_IEEZ_113/VIII/2021,NAZ
,32,ZACATECAS,,,7,CONCEPCION DEL ORO,,,PRES_MUN,PANALZ,1,JOSÉ LUIS MARTÍNEZ LÓPEZ,1,ACME_009_06/2021,NAZ
,32,ZACATECAS,,,7,CONCEPCION DEL ORO,,,SIND,PANALZ,1,RITA OLIVIA LAREDO MALDONADO,2,ACME_009_06/2021,NAZ
,32,ZACATECAS,,,7,CONCEPCION DEL ORO,,,REG,PANALZ,1,ANDRÉS DE JESÚS CASTRO GUERRERO,1,ACME_009_06/2021,NAZ
,32,ZACATECAS,,,7,CONCEPCION DEL ORO,,,REG,PANALZ,2,ANA KAREN SÍGALA JIMÉNEZ,2,ACME_009_06/2021,NAZ
,32,ZACATECAS,,,7,CONCEPCION DEL ORO,,,REG,PANALZ,3,CARLOS ADOLFO MARTÍNEZ REYES,1,ACME_009_06/2021,NAZ
,32,ZACATECAS,,,7,CONCEPCION DEL ORO,,,REG,PANALZ,4,BERTHA ALICIA ROBLEDO MORENO,2,ACME_009_06/2021,NAZ
,32,ZACATECAS,,,7,CONCEPCION DEL ORO,,,REG,PANALZ,5,SERGIO ELIUT DOMÍNGUEZ RODRÍGUEZ,1,ACME_009_06/2021,NAZ
,32,ZACATECAS,,,7,CONCEPCION DEL ORO,,,REG,PANALZ,6,LORENA CHÁVEZ PÉREZ,2,ACME_009_06/2021,NAZ
,32,ZACATECAS,,,7,CONCEPCION DEL ORO,,,REG_RP,PRI,1,BLANCA AZUCENA MARTÍNEZ MALDONADO,2,ACG_IEEZ_113/VIII/2021,PRI
,32,ZACATECAS,,,7,CONCEPCION DEL ORO,,,REG_RP,PRI,2,UBALDO RAMÍREZ VALERO,1,ACG_IEEZ_113/VIII/2021,PRI
,32,ZACATECAS,,,7,CONCEPCION DEL ORO,,,REG_RP,PRI,3,NOHEMÍ CATALINA SÁNCHEZ SOSA,2,ACG_IEEZ_113/VIII/2021,PRI
,32,ZACATECAS,,,7,CONCEPCION DEL ORO,,,REG_RP,MORENA,1,SONIA AMABELY TAMEZ BELTRÁN,2,ACG_IEEZ_113/VIII/2021,MORENA
,32,ZACATECAS,,,8,CUAUHTEMOC,,,PRES_MUN,PVEM,1,FRANCISCO JAVIER ARCOS RUIZ,1,SIN NÚMERO,PVEM
,32,ZACATECAS,,,8,CUAUHTEMOC,,,SIND,PVEM,1,MARIALI JAQUELINE CERVANTES SAUCEDO,2,SIN NÚMERO,PVEM
,32,ZACATECAS,,,8,CUAUHTEMOC,,,REG,PVEM,1,ISAÍAS ABEL ORTEGA ELÍAS,1,SIN NÚMERO,PVEM
,32,ZACATECAS,,,8,CUAUHTEMOC,,,REG,PVEM,2,VERÓNICA TORRES RIVAS,2,SIN NÚMERO,PVEM
,32,ZACATECAS,,,8,CUAUHTEMOC,,,REG,PVEM,3,MAURO AGUILAR GUILLEN,1,SIN NÚMERO,PVEM
,32,ZACATECAS,,,8,CUAUHTEMOC,,,REG,PVEM,4,JAQUELINE HERNÁNDEZ PIZAÑA,2,SIN NÚMERO,PVEM
,32,ZACATECAS,,,8,CUAUHTEMOC,,,REG,PVEM,5,JOSÉ DE JESÚS ESCALERA DELGADO,1,SIN NÚMERO,PVEM
,32,ZACATECAS,,,8,CUAUHTEMOC,,,REG,PVEM,6,WENDY JANNET CAPUCHINO ACOSTA,2,SIN NÚMERO,PVEM
,32,ZACATECAS,,,8,CUAUHTEMOC,,,REG_RP,PRI,1,ESTHER GARCÍA HERRERA,2,ACG_IEEZ_113/VIII/2021,PRI
,32,ZACATECAS,,,8,CUAUHTEMOC,,,REG_RP,MORENA,1,MARÍA DEL CONSUELO TORRES RIVAS,2,ACG_IEEZ_113/VIII/2021,MORENA
,32,ZACATECAS,,,8,CUAUHTEMOC,,,REG_RP,PANALZ,1,ROSA ZAMBRANO REYES,2,ACG_IEEZ_113/VIII/2021,NAZ
,32,ZACATECAS,,,8,CUAUHTEMOC,,,REG_RP,PANALZ,2,JAIME ALEJANDRO DELGADO RIVAS,1,ACG_IEEZ_113/VIII/2021,NAZ
,32,ZACATECAS,,,9,CHALCHIHUITES,,,PRES_MUN,PAN_PRI_PRD,1,JULIO ALFREDO LAZALDE LÓPEZ,1,ACME_Chalchihuites_009/2021,PRI
,32,ZACATECAS,,,9,CHALCHIHUITES,,,SIND,PAN_PRI_PRD,1,KARLAISETH GUZMÁN HERNÁNDEZ,2,ACME_Chalchihuites_009/2021,PRI
,32,ZACATECAS,,,9,CHALCHIHUITES,,,REG,PAN_PRI_PRD,1,OSCAR IVÁN TAMAYO FRAIRE,1,ACME_Chalchihuites_009/2021,PRI
,32,ZACATECAS,,,9,CHALCHIHUITES,,,REG,PAN_PRI_PRD,2,CYNTHIA ELENA ESCOBEDO HERNÁNDEZ,2,ACME_Chalchihuites_009/2021,PRI
,32,ZACATECAS,,,9,CHALCHIHUITES,,,REG,PAN_PRI_PRD,3,HUMBERTO ALAN PÉREZ ESPINO,1,ACME_Chalchihuites_009/2021,PRI
,32,ZACATECAS,,,9,CHALCHIHUITES,,,REG,PAN_PRI_PRD,4,ELIZABETH ANDRADE RÍOS,2,ACME_Chalchihuites_009/2021,PRI
,32,ZACATECAS,,,9,CHALCHIHUITES,,,REG,PAN_PRI_PRD,5,JESÚS ALONSO LÓPEZ ANDRADE,1,ACME_Chalchihuites_009/2021,PRI
,32,ZACATECAS,,,9,CHALCHIHUITES,,,REG,PAN_PRI_PRD,6,MARÍA ESPERANZA MIJARES,2,ACME_Chalchihuites_009/2021,PRI
,32,ZACATECAS,,,9,CHALCHIHUITES,,,REG_RP,PT,1,GABRIELA JAZMÍN RAMÍREZ VALLES,2,ACG_IEEZ_113/VIII/2021,PT
,32,ZACATECAS,,,9,CHALCHIHUITES,,,REG_RP,MORENA,1,SUSANA OCHOA ESPARZA,2,ACG_IEEZ_113/VIII/2021,MORENA
,32,ZACATECAS,,,9,CHALCHIHUITES,,,REG_RP,MORENA,2,ABRAHAM ROSALES RODARTE,1,ACG_IEEZ_113/VIII/2021,MORENA
,32,ZACATECAS,,,9,CHALCHIHUITES,,,REG_RP,MORENA,3,LUZ EVELYN ESTRELLA ESCOBEDO,2,ACG_IEEZ_113/VIII/2021,MORENA
,32,ZACATECAS,,,10,FRESNILLO,,,PRES_MUN,MORENA,1,SAÚL MONREAL ÁVILA,1,ACME/FRESNILLO/VIII/2021,MORENA
,32,ZACATECAS,,,10,FRESNILLO,,,SIND,MORENA,1,ARGELIA JETZIRAH ARAGÓN GALVÁN,2,ACME/FRESNILLO/VIII/2021,MORENA
,32,ZACATECAS,,,10,FRESNILLO,,,REG,MORENA,1,MARTIN ROGELIO RIVERA GONZÁLEZ,1,ACME/FRESNILLO/VIII/2021,MORENA
,32,ZACATECAS,,,10,FRESNILLO,,,REG,MORENA,2,LETICIA HERNÁNDEZ GARAY,2,ACME/FRESNILLO/VIII/2021,MORENA
,32,ZACATECAS,,,10,FRESNILLO,,,REG,MORENA,3,GERARDO DE JESÚS ARAIZA LÓPEZ,1,ACME/FRESNILLO/VIII/2021,MORENA
,32,ZACATECAS,,,10,FRESNILLO,,,REG,MORENA,4,MA. IRENE MAGALLANES MIJARES,2,ACME/FRESNILLO/VIII/2021,MORENA
,32,ZACATECAS,,,10,FRESNILLO,,,REG,MORENA,5,PEDRO GARCÍA BALDERAS,1,ACME/FRESNILLO/VIII/2021,MORENA
,32,ZACATECAS,,,10,FRESNILLO,,,REG,MORENA,6,RITA ROCIÓ QUIÑONES DE LUNA,2,ACME/FRESNILLO/VIII/2021,MORENA
,32,ZACATECAS,,,10,FRESNILLO,,,REG,MORENA,7,JUAN CRISTÓBAL FÉLIX PICHARDO,1,ACME/FRESNILLO/VIII/2021,MORENA
,32,ZACATECAS,,,10,FRESNILLO,,,REG,MORENA,8,CITLALLY XELOI OLIVA CASTRUITA,2,ACME/FRESNILLO/VIII/2021,MORENA
,32,ZACATECAS,,,10,FRESNILLO,,,REG_RP,PAN,1,ANAELENA LÓPEZ PATIÑO,2,ACG_IEEZ_113/VIII/2021,PAN
,32,ZACATECAS,,,10,FRESNILLO,,,REG_RP,PRI,1,LAURA ANGÉLICA HERRERA MÁRQUEZ,2,ACG_IEEZ_113/VIII/2021,PRI
,32,ZACATECAS,,,10,FRESNILLO,,,REG_RP,PRI,2,GILBERTO EDUARDO DEVORA HERNÁNDEZ,1,ACG_IEEZ_113/VIII/2021,PRI
,32,ZACATECAS,,,10,FRESNILLO,,,REG_RP,PRI,3,DIANA ISELA VALDEZ GONZÁLEZ,2,ACG_IEEZ_113/VIII/2021,PRI
,32,ZACATECAS,,,10,FRESNILLO,,,REG_RP,PRI,4,J. FÉLIX CASTILLO RUIZ,1,ACG_IEEZ_113/VIII/2021,PRI
,32,ZACATECAS,,,10,FRESNILLO,,,REG_RP,PT,1,CECILIA TRETO PITONES,2,ACG_IEEZ_113/VIII/2021,PT
,32,ZACATECAS,,,11,TRINIDAD GARCIA DE LA CADENA,,,PRES_MUN,PAN_PRI_PRD,1,ARCELIA MURO GUZMÁN,2,SIN NÚMERO,PAN
,32,ZACATECAS,,,11,TRINIDAD GARCIA DE LA CADENA,,,SIND,PAN_PRI_PRD,1,GILBERTO SANDOVAL ROBLES,1,SIN NÚMERO,PAN
,32,ZACATECAS,,,11,TRINIDAD GARCIA DE LA CADENA,,,REG,PAN_PRI_PRD,1,MARÍA GUADALUPE CASTAÑEDA ORTIZ,2,SIN NÚMERO,PAN
,32,ZACATECAS,,,11,TRINIDAD GARCIA DE LA CADENA,,,REG,PAN_PRI_PRD,2,EFRAÍN CAMPOS GARCÍA,1,SIN NÚMERO,PAN
,32,ZACATECAS,,,11,TRINIDAD GARCIA DE LA CADENA,,,REG,PAN_PRI_PRD,3,MARGARITA FABIÁN MARISCAL,2,SIN NÚMERO,PRI
,32,ZACATECAS,,,11,TRINIDAD GARCIA DE LA CADENA,,,REG,PAN_PRI_PRD,4,EDUARDO JARAMILLO OCAMPO,1,SIN NÚMERO,PRI
,32,ZACATECAS,,,11,TRINIDAD GARCIA DE LA CADENA,,,REG_RP,PVEM,1,ROCIO ALVARADO GARCÍA,2,ACG_IEEZ_113/VIII/2021,PVEM
,32,ZACATECAS,,,11,TRINIDAD GARCIA DE LA CADENA,,,REG_RP,PVEM,2,MIGUEL GUZMÁN GUZMÁN,1,ACG_IEEZ_113/VIII/2021,PVEM
,32,ZACATECAS,,,11,TRINIDAD GARCIA DE LA CADENA,,,REG_RP,MORENA,1,ALICIA CHAVARRÍA BALDERRAMA,2,ACG_IEEZ_113/VIII/2021,MORENA
,32,ZACATECAS,,,12,GENARO CODINA,,,PRES_MUN,FXM,1,MARIO ADRIAN REYES SANTANA,1,SIN NÚMERO,FSM
,32,ZACATECAS,,,12,GENARO CODINA,,,SIND,FXM,1,DULCE JAZZMÍN DOMÍNGUEZ GARCÍA,2,SIN NÚMERO,FSM
,32,ZACATECAS,,,12,GENARO CODINA,,,REG,FXM,1,JOSÉ RUIZ VELA,1,SIN NÚMERO,FSM
,32,ZACATECAS,,,12,GENARO CODINA,,,REG,FXM,2,JAQUELIN REVELES MARTÍNEZ,2,SIN NÚMERO,FSM
,32,ZACATECAS,,,12,GENARO CODINA,,,REG,FXM,3,MIGUEL ÁNGEL SANTANA MUÑOZ,1,SIN NÚMERO,FSM
,32,ZACATECAS,,,12,GENARO CODINA,,,REG,FXM,4,MA. BERTHA VELA GARCÍA,2,SIN NÚMERO,FSM
,32,ZACATECAS,,,12,GENARO CODINA,,,REG_RP,PRI,1,RUTH CASTRO ESQUIVEL,2,ACG_IEEZ_113/VIII/2021,PRI
,32,ZACATECAS,,,12,GENARO CODINA,,,REG_RP,PRD,1,MA. ORALIA LÓPEZ CHÁVEZ,2,ACG_IEEZ_113/VIII/2021,PRD
,32,ZACATECAS,,,12,GENARO CODINA,,,REG_RP,FAM,1,OLGA LIDIA BENÍTEZ CASTRO,2,ACG_IEEZ_113/VIII/2021,FAM
,32,ZACATECAS,,,13,GENERAL ENRIQUE ESTRADA,,,PRES_MUN,FXM,1,ROGELIO CAMPA ARTEAGA,1,SIN NÚMERO,FSM
,32,ZACATECAS,,,13,GENERAL ENRIQUE ESTRADA,,,SIND,FXM,1,JOSEFINA FLORES REYES,2,SIN NÚMERO,FSM
,32,ZACATECAS,,,13,GENERAL ENRIQUE ESTRADA,,,REG,FXM,1,JUAN MANUEL SILVA PALACIOS,1,SIN NÚMERO,FSM
,32,ZACATECAS,,,13,GENERAL ENRIQUE ESTRADA,,,REG,FXM,2,NORMA MAGALI GARZA HERNÁNDEZ,2,SIN NÚMERO,FSM
,32,ZACATECAS,,,13,GENERAL ENRIQUE ESTRADA,,,REG,FXM,3,LUIS EDUARDO IBARRA GUERRERO,1,SIN NÚMERO,FSM
,32,ZACATECAS,,,13,GENERAL ENRIQUE ESTRADA,,,REG,FXM,4,CECILIA MARIELA VALENCIA RECÉNDEZ,2,SIN NÚMERO,FSM
,32,ZACATECAS,,,13,GENERAL ENRIQUE ESTRADA,,,REG_RP,PAN,1,CLAUDIA LORENA MURO TINAJERO,2,ACG_IEEZ_113/VIII/2021,PAN
,32,ZACATECAS,,,13,GENERAL ENRIQUE ESTRADA,,,REG_RP,PVEM,1,NALLELY ARROYO RUIZ,2,ACG_IEEZ_113/VIII/2021,PVEM
,32,ZACATECAS,,,13,GENERAL ENRIQUE ESTRADA,,,REG_RP,MORENA,1,DANIELA DE LUNA ÁVILA,2,ACG_IEEZ_113/VIII/2021,MORENA
,32,ZACATECAS,,,14,GENERAL FRANCISCO R. MURGUIA ,,,PRES_MUN,MORENA,1,JAVIER GARCÍA CASTAÑEDA,1,ACME_GFRM 155/2021,MORENA
,32,ZACATECAS,,,14,GENERAL FRANCISCO R. MURGUIA ,,,SIND,MORENA,1,SANJUANA ESPINO OLVERA,2,ACME_GFRM 155/2021,MORENA
,32,ZACATECAS,,,14,GENERAL FRANCISCO R. MURGUIA ,,,REG,MORENA,1,OCTAVIANO SALAZAR HERNÁNDEZ,1,ACME_GFRM 155/2021,MORENA
,32,ZACATECAS,,,14,GENERAL FRANCISCO R. MURGUIA ,,,REG,MORENA,2,PATRICIA OLIVA MEDINA HERNÁNDEZ,2,ACME_GFRM 155/2021,MORENA
,32,ZACATECAS,,,14,GENERAL FRANCISCO R. MURGUIA ,,,REG,MORENA,3,GIBRANT LAZARIN ALDAVA,1,ACME_GFRM 155/2021,MORENA
,32,ZACATECAS,,,14,GENERAL FRANCISCO R. MURGUIA ,,,REG,MORENA,4,MARÍA DEL SOCORRO VALADEZ RETIZ,2,ACME_GFRM 155/2021,MORENA
,32,ZACATECAS,,,14,GENERAL FRANCISCO R. MURGUIA ,,,REG,MORENA,5,ENRIQUE GALLARDO HERNÁNDEZ,1,ACME_GFRM 155/2021,MORENA
,32,ZACATECAS,,,14,GENERAL FRANCISCO R. MURGUIA ,,,REG,MORENA,6,MARTINA ESPINO OCHOA,2,ACME_GFRM 155/2021,MORENA
,32,ZACATECAS,,,14,GENERAL FRANCISCO R. MURGUIA ,,,REG_RP,PRI,1,LIZETH BALDERAS VEGA,2,ACG_IEEZ_113/VIII/2021,PRI
,32,ZACATECAS,,,14,GENERAL FRANCISCO R. MURGUIA ,,,REG_RP,PRI,2,JUVEY MOLINA MANCINAS,1,ACG_IEEZ_113/VIII/2021,PRI
,32,ZACATECAS,,,14,GENERAL FRANCISCO R. MURGUIA ,,,REG_RP,PRI,3,MA. EDUVIGES MÍRELES VEGA,2,ACG_IEEZ_113/VIII/2021,PRI
,32,ZACATECAS,,,14,GENERAL FRANCISCO R. MURGUIA ,,,REG_RP,PT,1,ANA VALERIA ORTIZ CASTAÑEDA,2,ACG_IEEZ_113/VIII/2021,PT
,32,ZACATECAS,,,15,EL PLATEADO DE JOAQUIN AMARO,,,PRES_MUN,PP,1,OSCAR MEDINA PÉREZ,1,ACME_PJA_06/003/2021,PP
,32,ZACATECAS,,,15,EL PLATEADO DE JOAQUIN AMARO,,,SIND,PP,1,YESENIA DEL REAL RODRÍGUEZ,2,ACME_PJA_06/003/2021,PP
,32,ZACATECAS,,,15,EL PLATEADO DE JOAQUIN AMARO,,,REG,PP,1,RAMÓN MÁRQUEZ RODRÍGUEZ,1,ACME_PJA_06/003/2021,PP
,32,ZACATECAS,,,15,EL PLATEADO DE JOAQUIN AMARO,,,REG,PP,2,MARÍA GUADALUPE ÁVILA RODRÍGUEZ,2,ACME_PJA_06/003/2021,PP
,32,ZACATECAS,,,15,EL PLATEADO DE JOAQUIN AMARO,,,REG,PP,3,MARTIN ÁVILA GÁLVEZ,1,ACME_PJA_06/003/2021,PP
,32,ZACATECAS,,,15,EL PLATEADO DE JOAQUIN AMARO,,,REG,PP,4,LIZET LEDESMA MONTALVO,2,ACME_PJA_06/003/2021,PP
,32,ZACATECAS,,,15,EL PLATEADO DE JOAQUIN AMARO,,,REG_RP,PRI,1,MARIBEL RODRÍGUEZ GÁLVEZ,2,ACG_IEEZ_113/VIII/2021,PRI
,32,ZACATECAS,,,15,EL PLATEADO DE JOAQUIN AMARO,,,REG_RP,PRI,2,MANUEL DE JESÚS LÓPEZ ROBLES,1,ACG_IEEZ_113/VIII/2021,PRI
,32,ZACATECAS,,,15,EL PLATEADO DE JOAQUIN AMARO,,,REG_RP,PRD,1,JOVITA MARIBEL ÁVILA GÁLVEZ,2,ACG_IEEZ_113/VIII/2021,PRD
,32,ZACATECAS,,,16,GENERAL PANFILO NATERA,,,PRES_MUN,PAZ,1,FREDY GONZÁLEZ VÁZQUEZ,1,SIN NÚMERO,PAZ
,32,ZACATECAS,,,16,GENERAL PANFILO NATERA,,,SIND,PAZ,1,MARÍA DE JESÚS BRIONES MAURICIO,2,SIN NÚMERO,PAZ
,32,ZACATECAS,,,16,GENERAL PANFILO NATERA,,,REG,PAZ,1,JESÚS BUSTOS SALAS,1,SIN NÚMERO,PAZ
,32,ZACATECAS,,,16,GENERAL PANFILO NATERA,,,REG,PAZ,2,MARÍA GUADALUPE GALLEGOS RODRÍGUEZ,2,SIN NÚMERO,PAZ
,32,ZACATECAS,,,16,GENERAL PANFILO NATERA,,,REG,PAZ,3,ALEJANDRO ORTIZ LIRA,1,SIN NÚMERO,PAZ
,32,ZACATECAS,,,16,GENERAL PANFILO NATERA,,,REG,PAZ,4,MARINA MAURICIO BELTRÁN,2,SIN NÚMERO,PAZ
,32,ZACATECAS,,,16,GENERAL PANFILO NATERA,,,REG,PAZ,5,JESÚS MANUEL SOLÍS GUARDADO,1,SIN NÚMERO,PAZ
,32,ZACATECAS,,,16,GENERAL PANFILO NATERA,,,REG,PAZ,6,ALBA ELIDA LLAMAS DÍAZ,2,SIN NÚMERO,PAZ
,32,ZACATECAS,,,16,GENERAL PANFILO NATERA,,,REG_RP,PRI,1,ISAURA NAVARRO CASILLAS,2,ACG_IEEZ_113/VIII/2021,PRI
,32,ZACATECAS,,,16,GENERAL PANFILO NATERA,,,REG_RP,PRI,2,JONY GUADALUPE AGUILERA ESPARZA,1,ACG_IEEZ_113/VIII/2021,PRI
,32,ZACATECAS,,,16,GENERAL PANFILO NATERA,,,REG_RP,PRD,1,EULALIA ESPARZA MEDINA,2,ACG_IEEZ_113/VIII/2021,PRD
,32,ZACATECAS,,,16,GENERAL PANFILO NATERA,,,REG_RP,MORENA,1,HERNESTINA SAUCEDO VÁZQUEZ,2,ACG_IEEZ_113/VIII/2021,MORENA
,32,ZACATECAS,,,17,GUADALUPE,,,PRES_MUN,MORENA,1,JULIO CESAR CHÁVEZ PADILLA,1,SIN NÚMERO,MORENA
,32,ZACATECAS,,,17,GUADALUPE,,,SIND,MORENA,1,MARÍA DE LA LUZ MUÑOZ MORALES,2,SIN NÚMERO,MORENA
,32,ZACATECAS,,,17,GUADALUPE,,,REG,MORENA,1,JOSÉ ALEJANDRO ZAPATA CASTAÑEDA,1,SIN NÚMERO,MORENA
,32,ZACATECAS,,,17,GUADALUPE,,,REG,MORENA,2,YOLTYC CRISTINA DÍAZ INGUANZO,2,SIN NÚMERO,MORENA
,32,ZACATECAS,,,17,GUADALUPE,,,REG,MORENA,3,MANUEL DE JESÚS LÓPEZ VELÁZQUEZ,1,SIN NÚMERO,MORENA
,32,ZACATECAS,,,17,GUADALUPE,,,REG,MORENA,4,MARGARITA RAMOS RIVERA,2,SIN NÚMERO,MORENA
,32,ZACATECAS,,,17,GUADALUPE,,,REG,MORENA,5,RAFAEL RORIGUEZ ESPINO,1,SIN NÚMERO,MORENA
,32,ZACATECAS,,,17,GUADALUPE,,,REG,MORENA,6,MARÍA ELENA MÁRQUEZ MARTÍNEZ,2,SIN NÚMERO,MORENA
,32,ZACATECAS,,,17,GUADALUPE,,,REG,MORENA,7,AARÓN BASURTO MENCHACA,1,SIN NÚMERO,MORENA
,32,ZACATECAS,,,17,GUADALUPE,,,REG,MORENA,8,CARLA MARÍA TENA MENA,2,SIN NÚMERO,MORENA
,32,ZACATECAS,,,17,GUADALUPE,,,REG_RP,PAN,1,MA TERESA LÓPEZ GARCÍA,2,ACG_IEEZ_113/VIII/2021,PAN
,32,ZACATECAS,,,17,GUADALUPE,,,REG_RP,PRI,1,STEPHANIA DE LAS MERCEDES CASTRUITA CATAÑO,2,ACG_IEEZ_113/VIII/2021,PRI
,32,ZACATECAS,,,17,GUADALUPE,,,REG_RP,PRI,2,LUIS GERARDO FLORES MENDOZA,1,ACG_IEEZ_113/VIII/2021,PRI
,32,ZACATECAS,,,17,GUADALUPE,,,REG_RP,PRI,3,GRISELDA PAMELA SALAZAR NÁJERA,2,ACG_IEEZ_113/VIII/2021,PRI
,32,ZACATECAS,,,17,GUADALUPE,,,REG_RP,PT,1,ALICIA GIOVANNA SALMON BUENROSTRO,2,ACG_IEEZ_113/VIII/2021,PT
,32,ZACATECAS,,,17,GUADALUPE,,,REG_RP,PANALZ,1,JENNIFER ALVARADO DE LUNA,2,ACG_IEEZ_113/VIII/2021,NAZ
,32,ZACATECAS,,,18,HUANUSCO,,,PRES_MUN,PAN_PRI_PRD,1,JULIETA ISAMAR CAMACHO GARCÍA,2,SIN NÚMERO,PAN
,32,ZACATECAS,,,18,HUANUSCO,,,SIND,PAN_PRI_PRD,1,JOEL CONTRERAS NIEVES,1,SIN NÚMERO,PAN
,32,ZACATECAS,,,18,HUANUSCO,,,REG,PAN_PRI_PRD,1,HILDA FLORES SAUCEDO,2,SIN NÚMERO,PAN
,32,ZACATECAS,,,18,HUANUSCO,,,REG,PAN_PRI_PRD,2,GUILLERMO VÁZQUEZ RENTERÍA,2,SIN NÚMERO,PAN
,32,ZACATECAS,,,18,HUANUSCO,,,REG,PAN_PRI_PRD,3,YESENIA ARAMBULA ROBLEDO,1,SIN NÚMERO,PRI
,32,ZACATECAS,,,18,HUANUSCO,,,REG,PAN_PRI_PRD,4,JULIO RODRÍGUEZ ARAMBULA,1,SIN NÚMERO,PAN
,32,ZACATECAS,,,18,HUANUSCO,,,REG_RP,MORENA,1,ADRIANA VELASCO REYES,2,ACG_IEEZ_113/VIII/2021,MORENA
,32,ZACATECAS,,,18,HUANUSCO,,,REG_RP,MORENA,2,JOSÉ LUIS SANDOVAL AVELAR,1,ACG_IEEZ_113/VIII/2021,MORENA
,32,ZACATECAS,,,18,HUANUSCO,,,REG_RP,MORENA,3,MARÍA AMELIA FLORES FRAUSTO,2,ACG_IEEZ_113/VIII/2021,MORENA
,32,ZACATECAS,,,19,JALPA,,,PRES_MUN,PT_PVEM_MORENA_PANALZ,1,NOÉ GUADALUPE ESPARZA MARTÍNEZ,1,SIN NÚMERO,MORENA
,32,ZACATECAS,,,19,JALPA,,,SIND,PT_PVEM_MORENA_PANALZ,1,MARTHA PATRICIA LÓPEZ MELÉNDEZ,2,SIN NÚMERO,MORENA
,32,ZACATECAS,,,19,JALPA,,,REG,PT_PVEM_MORENA_PANALZ,1,ALFREDO JAVIER REYES SALAZAR,1,SIN NÚMERO,MORENA
,32,ZACATECAS,,,19,JALPA,,,REG,PT_PVEM_MORENA_PANALZ,2,GUILLERMINA RIVERA GONZÁLEZ,2,SIN NÚMERO,MORENA
,32,ZACATECAS,,,19,JALPA,,,REG,PT_PVEM_MORENA_PANALZ,3,ABEL MOJARRO HINOJOSA,1,SIN NÚMERO,MORENA
,32,ZACATECAS,,,19,JALPA,,,REG,PT_PVEM_MORENA_PANALZ,4,ROSA MARTHA MUÑOZ VIRAMONTES,2,SIN NÚMERO,MORENA
,32,ZACATECAS,,,19,JALPA,,,REG,PT_PVEM_MORENA_PANALZ,5,,,SIN NÚMERO,MORENA
,32,ZACATECAS,,,19,JALPA,,,REG,PT_PVEM_MORENA_PANALZ,6,DENISSE ARACELI MUÑOZ ARIAS,2,SIN NÚMERO,MORENA
,32,ZACATECAS,,,19,JALPA,,,REG_RP,PAN,1,BLANCA PEDROZA CONCHAS,2,ACG_IEEZ_113/VIII/2021,PAN
,32,ZACATECAS,,,19,JALPA,,,REG_RP,PRI,1,BLANCA ELIZABETH RÍOS HUERTA,2,ACG_IEEZ_113/VIII/2021,PRI
,32,ZACATECAS,,,19,JALPA,,,REG_RP,MC,1,MARÍA FERNANDA SANDOVAL SERNA,2,ACG_IEEZ_113/VIII/2021,MC
,32,ZACATECAS,,,19,JALPA,,,REG_RP,MC,2,SALVADOR SANDOVAL SANDOVAL,1,ACG_IEEZ_113/VIII/2021,MC
,32,ZACATECAS,,,20,JEREZ,,,PRES_MUN,PT_PVEM_MORENA_PANALZ,1,JOSÉ HUMBERTO SALAZAR CONTRERAS,1,ACME_JEREZ_09/2021,MORENA
,32,ZACATECAS,,,20,JEREZ,,,SIND,PT_PVEM_MORENA_PANALZ,1,MA ADRIANA MÁRQUEZ SÁNCHEZ,2,ACME_JEREZ_09/2021,MORENA
,32,ZACATECAS,,,20,JEREZ,,,REG,PT_PVEM_MORENA_PANALZ,1,NATANAHEL ALEXIS VARGAS GALLEGOS,1,ACME_JEREZ_09/2021,MORENA
,32,ZACATECAS,,,20,JEREZ,,,REG,PT_PVEM_MORENA_PANALZ,2,MARÍA EMMA DÍAZ RODRÍGUEZ,2,ACME_JEREZ_09/2021,MORENA
,32,ZACATECAS,,,20,JEREZ,,,REG,PT_PVEM_MORENA_PANALZ,3,LUIS MARIO MARTÍNEZ APARICIO,1,ACME_JEREZ_09/2021,MORENA
,32,ZACATECAS,,,20,JEREZ,,,REG,PT_PVEM_MORENA_PANALZ,4,GRECIA GUADALUPE ROMÁN NÚÑEZ,2,ACME_JEREZ_09/2021,MORENA
,32,ZACATECAS,,,20,JEREZ,,,REG,PT_PVEM_MORENA_PANALZ,5,LEONEL PADILLA CASAS,1,ACME_JEREZ_09/2021,MORENA
,32,ZACATECAS,,,20,JEREZ,,,REG,PT_PVEM_MORENA_PANALZ,6,JAQUELINE ULTRERAS AGUILAR,2,ACME_JEREZ_09/2021,MORENA
,32,ZACATECAS,,,20,JEREZ,,,REG,PT_PVEM_MORENA_PANALZ,7,ENRIQUE SAUCEDO MORENO,1,ACME_JEREZ_09/2021,MORENA
,32,ZACATECAS,,,20,JEREZ,,,REG_RP,PAN,1,MARTHA ALAMILLO GUZMÁN,2,ACG_IEEZ_113/VIII/2021,PAN
,32,ZACATECAS,,,20,JEREZ,,,REG_RP,PAN,2,CARLOS FÉLIX CARRILLO,1,ACG_IEEZ_113/VIII/2021,PAN
,32,ZACATECAS,,,20,JEREZ,,,REG_RP,PRI,1,ANA YAJAIRA FÉLIX RIVERA,2,ACG_IEEZ_113/VIII/2021,PRI
,32,ZACATECAS,,,20,JEREZ,,,REG_RP,PRI,2,MANUEL JAFFETH GONZÁLEZ LOZANO,1,ACG_IEEZ_113/VIII/2021,PRI
,32,ZACATECAS,,,20,JEREZ,,,REG_RP,PRI,3,ELIZABETH MURILLO GUERRERO,2,ACG_IEEZ_113/VIII/2021,PRI
,32,ZACATECAS,,,21,JIMENEZ DEL TEUL ,,,PRES_MUN,PT_PVEM_MORENA_PANALZ,1,MARICELA HERRERA VÁZQUEZ,2,ACME_JIMENEZDELTEUL_08/2021,MORENA
,32,ZACATECAS,,,21,JIMENEZ DEL TEUL ,,,SIND,PT_PVEM_MORENA_PANALZ,1,JOSÉ ERASMO DUARTE ARGUMEDO,1,ACME_JIMENEZDELTEUL_08/2021,MORENA
,32,ZACATECAS,,,21,JIMENEZ DEL TEUL ,,,REG,PT_PVEM_MORENA_PANALZ,1,MA. GUADALUPE SÁNCHEZ HERNÁNDEZ,2,ACME_JIMENEZDELTEUL_08/2021,MORENA
,32,ZACATECAS,,,21,JIMENEZ DEL TEUL ,,,REG,PT_PVEM_MORENA_PANALZ,2,JOSÉ MANUEL MENDOZA LUNA,1,ACME_JIMENEZDELTEUL_08/2021,MORENA
,32,ZACATECAS,,,21,JIMENEZ DEL TEUL ,,,REG,PT_PVEM_MORENA_PANALZ,3,TANIA VELOZ VALDEZ,2,ACME_JIMENEZDELTEUL_08/2021,MORENA
,32,ZACATECAS,,,21,JIMENEZ DEL TEUL ,,,REG,PT_PVEM_MORENA_PANALZ,4,,,ACME_JIMENEZDELTEUL_08/2021,MORENA
,32,ZACATECAS,,,21,JIMENEZ DEL TEUL ,,,REG_RP,PRI,1,ILLIANA NAYELY HERRERA MURO,2,ACG_IEEZ_113/VIII/2021,PRI
,32,ZACATECAS,,,21,JIMENEZ DEL TEUL ,,,REG_RP,PRI,2,ANTONIO ESPINOZA SÁNCHEZ,1,ACG_IEEZ_113/VIII/2021,PRI
,32,ZACATECAS,,,21,JIMENEZ DEL TEUL ,,,REG_RP,PRI,3,KENIA RODRÍGUEZ MORALES,2,ACG_IEEZ_113/VIII/2021,PRI
,32,ZACATECAS,,,22,JUAN ALDAMA,,,PRES_MUN,PP,1,SILVANO HASSAN GARDUÑO SERRANO,1,ACME_J.A./009/2021,PP
,32,ZACATECAS,,,22,JUAN ALDAMA,,,SIND,PP,1,NORA MIJARES ALBA,2,ACME_J.A./009/2021,PP
,32,ZACATECAS,,,22,JUAN ALDAMA,,,REG,PP,1,EDGAR AXEL PÉREZ GARCÍA,1,ACME_J.A./009/2021,PP
,32,ZACATECAS,,,22,JUAN ALDAMA,,,REG,PP,2,LUCIANA PÉREZ CASAS,2,ACME_J.A./009/2021,PP
,32,ZACATECAS,,,22,JUAN ALDAMA,,,REG,PP,3,MARTIN ENRIQUE RÍOS OCHOA,1,ACME_J.A./009/2021,PP
,32,ZACATECAS,,,22,JUAN ALDAMA,,,REG,PP,4,MA. CRUZ JUÁREZ ORTEGA,2,ACME_J.A./009/2021,PP
,32,ZACATECAS,,,22,JUAN ALDAMA,,,REG,PP,5,LUIS DAVID ARCHAN MARTÍNEZ,1,ACME_J.A./009/2021,PP
,32,ZACATECAS,,,22,JUAN ALDAMA,,,REG,PP,6,AMARAHI DEL CONSUELO VIDAÑA MENDOZA,2,ACME_J.A./009/2021,PP
,32,ZACATECAS,,,22,JUAN ALDAMA,,,REG_RP,PAN,1,PERLA JENNIFER ROJAS,2,ACG_IEEZ_113/VIII/2021,PAN
,32,ZACATECAS,,,22,JUAN ALDAMA,,,REG_RP,PRI,1,NORMA GLORIA CHAIREZ LÓPEZ,2,ACG_IEEZ_113/VIII/2021,PRI
,32,ZACATECAS,,,22,JUAN ALDAMA,,,REG_RP,PT,1,MARIBEL GONZÁLEZ CASTAÑEDA,2,ACG_IEEZ_113/VIII/2021,PT
,32,ZACATECAS,,,22,JUAN ALDAMA,,,REG_RP,MORENA,1,DANIELA REZA MARTÍNEZ,2,ACG_IEEZ_113/VIII/2021,MORENA
,32,ZACATECAS,,,23,JUCHIPILA,,,PRES_MUN,MORENA,1,MARÍA DEL ROCIÓ MORENO SÁNCHEZ,2,ACME JUCHIPILA _10/2021,MORENA
,32,ZACATECAS,,,23,JUCHIPILA,,,SIND,MORENA,1,JOSE SANTIAGO MERCADO HARO,1,ACME JUCHIPILA _10/2021,MORENA
,32,ZACATECAS,,,23,JUCHIPILA,,,REG,MORENA,1,ARMIDA RODRÍGUEZ ÁVILA,2,ACME JUCHIPILA _10/2021,MORENA
,32,ZACATECAS,,,23,JUCHIPILA,,,REG,MORENA,2,MANUEL GARCÍA ESQUIVEL,1,ACME JUCHIPILA _10/2021,MORENA
,32,ZACATECAS,,,23,JUCHIPILA,,,REG,MORENA,3,PAULINA GONZÁLEZ MERCADO,2,ACME JUCHIPILA _10/2021,MORENA
,32,ZACATECAS,,,23,JUCHIPILA,,,REG,MORENA,4,CONSTANTINO HURTADO SALAZAR,1,ACME JUCHIPILA _10/2021,MORENA
,32,ZACATECAS,,,23,JUCHIPILA,,,REG,MORENA,5,MA. DEL ROSARIO RODRÍGUEZ PÉREZ,2,ACME JUCHIPILA _10/2021,MORENA
,32,ZACATECAS,,,23,JUCHIPILA,,,REG,MORENA,6,JORGE LUIS RÍOS ESPARZA,1,ACME JUCHIPILA _10/2021,MORENA
,32,ZACATECAS,,,23,JUCHIPILA,,,REG_RP,PAN,1,MARIBEL LÓPEZ RUVALCABA,2,ACG_IEEZ_113/VIII/2021,PAN
,32,ZACATECAS,,,23,JUCHIPILA,,,REG_RP,PAN,2,DANIEL CERVANTES BAÑUELOS,1,ACG_IEEZ_113/VIII/2021,PAN
,32,ZACATECAS,,,23,JUCHIPILA,,,REG_RP,PAN,3,ESTEFANÍA MERCADO ENRÍQUEZ,2,ACG_IEEZ_113/VIII/2021,PAN
,32,ZACATECAS,,,23,JUCHIPILA,,,REG_RP,PRI,1,SENORINA DEL CONSUELO CAMPOS SANTOYO,2,ACG_IEEZ_113/VIII/2021,PRI
,32,ZACATECAS,,,24,LORETO,,,PRES_MUN,PP,1,GUSTAVO AGUILAR ANDRADE,1,SIN NÚMERO,PP
,32,ZACATECAS,,,24,LORETO,,,SIND,PP,1,NYDIA  PAOLA CALVILLO DELGADILLO,2,SIN NÚMERO,PP
,32,ZACATECAS,,,24,LORETO,,,REG,PP,1,JESÚS TEJADA GUZMÁN,1,SIN NÚMERO,PP
,32,ZACATECAS,,,24,LORETO,,,REG,PP,2,AIDA ALICIA IBARRA HERNÁNDEZ,2,SIN NÚMERO,PP
,32,ZACATECAS,,,24,LORETO,,,REG,PP,3,JOSÉ MARTIN ORENDAY GUZMÁN,1,SIN NÚMERO,PP
,32,ZACATECAS,,,24,LORETO,,,REG,PP,4,SAMIRY ZACARÍAS MONTOYA,2,SIN NÚMERO,PP
,32,ZACATECAS,,,24,LORETO,,,REG,PP,5,JESÚS FRAUSTO PUEBLA,1,SIN NÚMERO,PP
,32,ZACATECAS,,,24,LORETO,,,REG,PP,6,KARINA SILVA ARECHAR,2,SIN NÚMERO,PP
,32,ZACATECAS,,,24,LORETO,,,REG,PP,7,FERNANDO ACEVEDO CASTAÑEDA,1,SIN NÚMERO,PP
,32,ZACATECAS,,,24,LORETO,,,REG_RP,PRI,1,SEMIRAMIS ARMIDA GASPAR VELÁZQUEZ,2,ACG_IEEZ_113/VIII/2021,PRI
,32,ZACATECAS,,,24,LORETO,,,REG_RP,PT,1,MAGNOLIA DÁVILA OLVERA,2,ACG_IEEZ_113/VIII/2021,PT
,32,ZACATECAS,,,24,LORETO,,,REG_RP,MORENA,1,MARÍA DEL CARMEN ZAPATA MARTÍNEZ,2,ACG_IEEZ_113/VIII/2021,MORENA
,32,ZACATECAS,,,24,LORETO,,,REG_RP,MORENA,2,LUIS REY FERNANDO PALOMINO MARTÍNEZ,1,ACG_IEEZ_113/VIII/2021,MORENA
,32,ZACATECAS,,,24,LORETO,,,REG_RP,FXM,1,JUANA RODRÍGUEZ PUEBLA,2,ACG_IEEZ_113/VIII/2021,FSM
,32,ZACATECAS,,,25,LUIS MOYA,,,PRES_MUN,PVEM,1,JOSÉ GUADALUPE SILVA MEDINA,1,ACME_LUIS MOYA_009/2021,PVEM
,32,ZACATECAS,,,25,LUIS MOYA,,,SIND,PVEM,1,IRIS AMELIA CARDONA CHÁVEZ,2,ACME_LUIS MOYA_009/2021,PVEM
,32,ZACATECAS,,,25,LUIS MOYA,,,REG,PVEM,1,MARIO ALBERTO ESCALERA PRADO,1,ACME_LUIS MOYA_009/2021,PVEM
,32,ZACATECAS,,,25,LUIS MOYA,,,REG,PVEM,2,JUANITA DEL ROSARIO PRADO ESCOBAR,2,ACME_LUIS MOYA_009/2021,PVEM
,32,ZACATECAS,,,25,LUIS MOYA,,,REG,PVEM,3,ALBERTO MARTÍNEZ RODRÍGUEZ,1,ACME_LUIS MOYA_009/2021,PVEM
,32,ZACATECAS,,,25,LUIS MOYA,,,REG,PVEM,4,ANAHI JAQUELINE ROBLES DE LA RIVA,2,ACME_LUIS MOYA_009/2021,PVEM
,32,ZACATECAS,,,25,LUIS MOYA,,,REG,PVEM,5,JOSÉ MARTÍNEZ VELÁZQUEZ,1,ACME_LUIS MOYA_009/2021,PVEM
,32,ZACATECAS,,,25,LUIS MOYA,,,REG,PVEM,6,BRISA LIZETH GARCÍA ESPINO,2,ACME_LUIS MOYA_009/2021,PVEM
,32,ZACATECAS,,,25,LUIS MOYA,,,REG_RP,MORENA,1,OLGA MARÍA GARZA LÓPEZ,2,ACG_IEEZ_113/VIII/2021,MORENA
,32,ZACATECAS,,,25,LUIS MOYA,,,REG_RP,MORENA,2,JOSÉ DE JESÚS LÓPEZ MARTÍNEZ,1,ACG_IEEZ_120/VIII/2021,MORENA
,32,ZACATECAS,,,25,LUIS MOYA,,,REG_RP,FAM,1,LORENA JUÁREZ ESCALERA,2,ACG_IEEZ_113/VIII/2021,FAM
,32,ZACATECAS,,,25,LUIS MOYA,,,REG_RP,CAN_IND1,1,PAMELA BERENICE HERRERA FLORES,2,ACG_IEEZ_113/VIII/2021,CANDIDATURA INDEPENDIENTE
,32,ZACATECAS,,,26,MAZAPIL,,,PRES_MUN,PANALZ,1,MARIO MACÍAS ZÚÑIGA,1,SIN NÚMERO,NAZ
,32,ZACATECAS,,,26,MAZAPIL,,,SIND,PANALZ,1,MARÍA DE LOURDES TORRES ORDOÑEZ,2,SIN NÚMERO,NAZ
,32,ZACATECAS,,,26,MAZAPIL,,,REG,PANALZ,1,JORGE ALBERTO PINAL HERRERA,1,SIN NÚMERO,NAZ
,32,ZACATECAS,,,26,MAZAPIL,,,REG,PANALZ,2,MARISA SELENE JUÁREZ MACÍAS,2,SIN NÚMERO,NAZ
,32,ZACATECAS,,,26,MAZAPIL,,,REG,PANALZ,3,AMOS CALVILLO RAMÍREZ,1,SIN NÚMERO,NAZ
,32,ZACATECAS,,,26,MAZAPIL,,,REG,PANALZ,4,ZULEIMA GUADALUPE NIÑO LÓPEZ,2,SIN NÚMERO,NAZ
,32,ZACATECAS,,,26,MAZAPIL,,,REG,PANALZ,5,JAVIER VALENCIANA LÓPEZ,1,SIN NÚMERO,NAZ
,32,ZACATECAS,,,26,MAZAPIL,,,REG,PANALZ,6,SANJUANA GUADALUPE AGUILAR ÁLVAREZ,2,SIN NÚMERO,NAZ
,32,ZACATECAS,,,26,MAZAPIL,,,REG_RP,PRI,1,PATRICIA ELIZABETH RAMÍREZ VALDEZ,2,ACG_IEEZ_113/VIII/2021,PRI
,32,ZACATECAS,,,26,MAZAPIL,,,REG_RP,PRI,2,NICASIO OLIVO TREVIÑO,1,ACG_IEEZ_113/VIII/2021,PRI
,32,ZACATECAS,,,26,MAZAPIL,,,REG_RP,PT,1,ROSALBA GAYTAN MANCILLAS,2,ACG_IEEZ_113/VIII/2021,PT
,32,ZACATECAS,,,26,MAZAPIL,,,REG_RP,PT,2,YONATAN DE JESÚS VALDEZ GARCÍA,1,ACG_IEEZ_113/VIII/2021,PT
,32,ZACATECAS,,,27,MELCHOR OCAMPO,,,PRES_MUN,PANALZ,1,RODOLFO CISNEROS GALLEGOS,1,ACME_MO_009/2021,NAZ
,32,ZACATECAS,,,27,MELCHOR OCAMPO,,,SIND,PANALZ,1,MÓNICA HERNÁNDEZ GARCÍA,2,ACME_MO_009/2021,NAZ
,32,ZACATECAS,,,27,MELCHOR OCAMPO,,,REG,PANALZ,1,ANTONIO TREJO ALONSO,1,ACME_MO_009/2021,NAZ
,32,ZACATECAS,,,27,MELCHOR OCAMPO,,,REG,PANALZ,2,MIRIAN ELENA GARCÍA RIVERA,2,ACME_MO_009/2021,NAZ
,32,ZACATECAS,,,27,MELCHOR OCAMPO,,,REG,PANALZ,3,J. JESÚS MARTÍNEZ QUIROZ,1,ACME_MO_009/2021,NAZ
,32,ZACATECAS,,,27,MELCHOR OCAMPO,,,REG,PANALZ,4,BLANCA AZUCENA RAMÍREZ ESTRADA,2,ACME_MO_009/2021,NAZ
,32,ZACATECAS,,,27,MELCHOR OCAMPO,,,REG_RP,PRD,1,YOLANDA DEL RIO MEJÍA,2,ACG_IEEZ_113/VIII/2021,PRD
,32,ZACATECAS,,,27,MELCHOR OCAMPO,,,REG_RP,PRD,2,MAURO MONTOYA AVILÉS,1,ACG_IEEZ_113/VIII/2021,PRD
,32,ZACATECAS,,,27,MELCHOR OCAMPO,,,REG_RP,PVEM,1,LORENZA RAMÍREZ MARTÍNEZ,2,ACG_IEEZ_113/VIII/2021,PVEM
,32,ZACATECAS,,,28,MEZQUITAL DEL ORO,,,PRES_MUN,MORENA,1,MÓNICA RODARTE DÁVILA,2,ACME_028_009/2021,MORENA
,32,ZACATECAS,,,28,MEZQUITAL DEL ORO,,,SIND,MORENA,1,ALBERTO ESQUIVEL HARO,1,ACME_028_009/2021,MORENA
,32,ZACATECAS,,,28,MEZQUITAL DEL ORO,,,REG,MORENA,1,ROSA ANGÉLICA MUÑOZ LOZANO,2,ACME_028_009/2021,MORENA
,32,ZACATECAS,,,28,MEZQUITAL DEL ORO,,,REG,MORENA,2,DANIEL NÚÑEZ PÉREZ,1,ACME_028_009/2021,MORENA
,32,ZACATECAS,,,28,MEZQUITAL DEL ORO,,,REG,MORENA,3,RAQUEL ÁVILA CASTRO,2,ACME_028_009/2021,MORENA
,32,ZACATECAS,,,28,MEZQUITAL DEL ORO,,,REG,MORENA,4,J. SANTOS NÚÑEZ HARO,1,ACME_028_009/2021,MORENA
,32,ZACATECAS,,,28,MEZQUITAL DEL ORO,,,REG_RP,PRD,1,MA. MABY VILLALPANDO VARGAS,2,ACG_IEEZ_113/VIII/2021,PRD
,32,ZACATECAS,,,28,MEZQUITAL DEL ORO,,,REG_RP,PRD,1,JOSÉ DE JESÚS SALAS NÚÑEZ,1,ACG_IEEZ_113/VIII/2021,PRD
,32,ZACATECAS,,,28,MEZQUITAL DEL ORO,,,REG_RP,PRD,1,MARÍA LUZ FLORES BOLAÑOS,2,ACG_IEEZ_113/VIII/2021,PRD
,32,ZACATECAS,,,29,MIGUEL AUZA,,,PRES_MUN,MORENA,1,ARMANDO PERALES GÁNDARA,1,SIN NÚMERO,MORENA
,32,ZACATECAS,,,29,MIGUEL AUZA,,,SIND,MORENA,1,SHIOMARA SORIA GIACOMAN,2,SIN NÚMERO,MORENA
,32,ZACATECAS,,,29,MIGUEL AUZA,,,REG,MORENA,1,JOSÉ DANTE HERNÁNDEZ ARREDONDO,1,SIN NÚMERO,MORENA
,32,ZACATECAS,,,29,MIGUEL AUZA,,,REG,MORENA,2,MARÍA IMELDA BOCARDO GAMÓN,2,SIN NÚMERO,MORENA
,32,ZACATECAS,,,29,MIGUEL AUZA,,,REG,MORENA,3,URIEL HERNÁNDEZ CASTAÑEDA,1,SIN NÚMERO,MORENA
,32,ZACATECAS,,,29,MIGUEL AUZA,,,REG,MORENA,4,ALONDRA MELISA SANDOVAL VÁZQUEZ,2,SIN NÚMERO,MORENA
,32,ZACATECAS,,,29,MIGUEL AUZA,,,REG,MORENA,5,JAIRO MISAEL IBÁÑEZ CASTAÑEDA,1,SIN NÚMERO,MORENA
,32,ZACATECAS,,,29,MIGUEL AUZA,,,REG,MORENA,6,MARÍA LUISA AGUILAR ESPINO,2,SIN NÚMERO,MORENA
,32,ZACATECAS,,,29,MIGUEL AUZA,,,REG_RP,PAN,1,MARTHA SUSANA YÁÑEZ IBÁÑEZ,2,ACG_IEEZ_113/VIII/2021,PAN
,32,ZACATECAS,,,29,MIGUEL AUZA,,,REG_RP,PRI,1,DAHAMARA DAYRA RIVAS SÁNCHEZ,2,ACG_IEEZ_113/VIII/2021,PRI
,32,ZACATECAS,,,29,MIGUEL AUZA,,,REG_RP,PT,1,AURORA ELISA CASAS RAMÍREZ,2,ACG_IEEZ_113/VIII/2021,PT
,32,ZACATECAS,,,29,MIGUEL AUZA,,,REG_RP,PES,1,BLANCA LARYSSA NORMAN ESTRADA,2,ACG_IEEZ_113/VIII/2021,PES
,32,ZACATECAS,,,30,MOMAX,,,PRES_MUN,PAN,1,SALVADOR CABRAL MOTA,1,ACME_MOMAX/09/2021,PAN
,32,ZACATECAS,,,30,MOMAX,,,SIND,PAN,1,ANA CRISTINA HARO LECHUGA,2,ACME_MOMAX/09/2021,PAN
,32,ZACATECAS,,,30,MOMAX,,,REG,PAN,1,EZEQUIEL GAETA HUIZAR,1,ACME_MOMAX/09/2021,PAN
,32,ZACATECAS,,,30,MOMAX,,,REG,PAN,2,MARÍA DOLORES HARO CAMPOS,2,ACME_MOMAX/09/2021,PAN
,32,ZACATECAS,,,30,MOMAX,,,REG,PAN,3,GERMÁN HARO HARO,1,ACME_MOMAX/09/2021,PAN
,32,ZACATECAS,,,30,MOMAX,,,REG,PAN,4,MARICELA MÁRQUEZ VELÁZQUEZ,2,ACME_MOMAX/09/2021,PAN
,32,ZACATECAS,,,30,MOMAX,,,REG_RP,PRI,1,IRMA ÁVILA LAMAS,2,ACG_IEEZ_113/VIII/2021,PRI
,32,ZACATECAS,,,30,MOMAX,,,REG_RP,PRI,2,OCTAVIO HARO DEL REAL,1,ACG_IEEZ_113/VIII/2021,PRI
,32,ZACATECAS,,,30,MOMAX,,,REG_RP,MORENA,1,ANA ISABEL GAETA MEZA,2,ACG_IEEZ_113/VIII/2021,MORENA
,32,ZACATECAS,,,31,MONTE ESCOBEDO,,,PRES_MUN,PAN_PRI_PRD,1,MANUEL ACOSTA GALVÁN,1,SIN NÚMERO,PRI
,32,ZACATECAS,,,31,MONTE ESCOBEDO,,,SIND,PAN_PRI_PRD,1,MARÍA DE JESÚS ORTEGA BERÚMEN,2,SIN NÚMERO,PRI
,32,ZACATECAS,,,31,MONTE ESCOBEDO,,,REG,PAN_PRI_PRD,1,OCTAVIO SÍGALA GUTIÉRREZ,1,SIN NÚMERO,PRI
,32,ZACATECAS,,,31,MONTE ESCOBEDO,,,REG,PAN_PRI_PRD,2,LESLIE ANAHI ULLOA HERMOSILLO,2,SIN NÚMERO,PRI
,32,ZACATECAS,,,31,MONTE ESCOBEDO,,,REG,PAN_PRI_PRD,3,ERNESTO MUÑOZ BOCARDO,1,SIN NÚMERO,PQN
,32,ZACATECAS,,,31,MONTE ESCOBEDO,,,REG,PAN_PRI_PRD,4,MARÍA CONCEPCIÓN MUÑOZ ROBLES,2,SIN NÚMERO,PRI
,32,ZACATECAS,,,31,MONTE ESCOBEDO,,,REG_RP,MC,1,MARÍA GUADALUPE TRETO MORALES,2,ACG_IEEZ_113/VIII/2021,MC
,32,ZACATECAS,,,31,MONTE ESCOBEDO,,,REG_RP,MC,2,ANDRÉS EDUARDO DEL REAL ULLOA,1,ACG_IEEZ_113/VIII/2021,MC
,32,ZACATECAS,,,31,MONTE ESCOBEDO,,,REG_RP,PANALZ,1,MA. SOLEDAD CAMPOS MERCADO,2,ACG_IEEZ_113/VIII/2021,NAZ
,32,ZACATECAS,,,32,MORELOS,,,PRES_MUN,PAN_PRI_PRD,1,MARGARITA ROBLES DE SANTIAGO,2,SIN NÚMERO,PRI
,32,ZACATECAS,,,32,MORELOS,,,SIND,PAN_PRI_PRD,1,JOSÉ EDUARDO ALMARAZ IBARRA,1,SIN NÚMERO,PRI
,32,ZACATECAS,,,32,MORELOS,,,REG,PAN_PRI_PRD,1,MAYRA GUADALUPE REYES SÁNCHEZ,2,SIN NÚMERO,PAN
,32,ZACATECAS,,,32,MORELOS,,,REG,PAN_PRI_PRD,2,GILBERTO MACÍAS FÉLIX,1,SIN NÚMERO,PAN
,32,ZACATECAS,,,32,MORELOS,,,REG,PAN_PRI_PRD,3,LETICIA RIVERA VELA,2,SIN NÚMERO,PAN
,32,ZACATECAS,,,32,MORELOS,,,REG,PAN_PRI_PRD,4,JUAN EDUARDO CASTORENA QUINTERO,1,SIN NÚMERO,PRI
,32,ZACATECAS,,,32,MORELOS,,,REG,PAN_PRI_PRD,5,NORMA LETICIA MONTAÑEZ DÍAZ,2,SIN NÚMERO,PRI
,32,ZACATECAS,,,32,MORELOS,,,REG,PAN_PRI_PRD,6,JAFET GÓMEZ ROJERO,1,SIN NÚMERO,PRD
,32,ZACATECAS,,,32,MORELOS,,,REG_RP,PVEM,1,ERIKA PATRICIA SIFUENTES RAMÍREZ,2,ACG_IEEZ_113/VIII/2021,PVEM
,32,ZACATECAS,,,32,MORELOS,,,REG_RP,MC,1,ANA KAREN VEYNA CID,2,ACG_IEEZ_113/VIII/2021,MC
,32,ZACATECAS,,,32,MORELOS,,,REG_RP,MORENA,1,MARÍA NIEVES SIFUENTES SÁNCHEZ,2,ACG_IEEZ_113/VIII/2021,MORENA
,32,ZACATECAS,,,32,MORELOS,,,REG_RP,RSP,1,SILVIA FRANCO BAÑUELOS,2,ACG_IEEZ_113/VIII/2021,RSP
,32,ZACATECAS,,,33,MOYAHUA DE ESTRADA,,,PRES_MUN,MORENA,1,RAMÓN ROJAS REYNOSO,1,SIN NÚMERO,MORENA
,32,ZACATECAS,,,33,MOYAHUA DE ESTRADA,,,SIND,MORENA,1,MA. DE JESÚS RUIZ REYNOSO,2,SIN NÚMERO,MORENA
,32,ZACATECAS,,,33,MOYAHUA DE ESTRADA,,,REG,MORENA,1,RAMÓN ELISEO GODINA SALDAÑA,1,SIN NÚMERO,MORENA
,32,ZACATECAS,,,33,MOYAHUA DE ESTRADA,,,REG,MORENA,2,LAURA BRISEIDA LÓPEZ GONZÁLEZ,2,SIN NÚMERO,MORENA
,32,ZACATECAS,,,33,MOYAHUA DE ESTRADA,,,REG,MORENA,3,FELIPE AGUILERA TELLO,1,SIN NÚMERO,MORENA
,32,ZACATECAS,,,33,MOYAHUA DE ESTRADA,,,REG,MORENA,4,OBDULIA ESPARZA MARTÍNEZ,2,SIN NÚMERO,MORENA
,32,ZACATECAS,,,33,MOYAHUA DE ESTRADA,,,REG_RP,PAN,1,ARIANA FLORES LLAMAS,2,ACG_IEEZ_113/VIII/2021,PAN
,32,ZACATECAS,,,33,MOYAHUA DE ESTRADA,,,REG_RP,PRI,1,ANA MARÍA DE LOS ÁNGELES ONTIVEROS GONZÁLEZ,2,ACG_IEEZ_113/VIII/2021,PRI
,32,ZACATECAS,,,33,MOYAHUA DE ESTRADA,,,REG_RP,PRI,2,MIGUEL SOLÓRZANO RODRÍGUEZ,1,ACG_IEEZ_113/VIII/2021,PRI
,32,ZACATECAS,,,34,NOCHISTLAN DE MEJIA,,,PRES_MUN,PT_PVEM_MORENA_PANALZ,1,JOSÉ MANUEL JIMÉNEZ FUENTES,1,SIN NÚMERO,PT
,32,ZACATECAS,,,34,NOCHISTLAN DE MEJIA,,,SIND,PT_PVEM_MORENA_PANALZ,1,LILIANA ROQUE GÓMEZ,2,SIN NÚMERO,MORENA
,32,ZACATECAS,,,34,NOCHISTLAN DE MEJIA,,,REG,PT_PVEM_MORENA_PANALZ,1,ROMÁN CHÁVEZ RUIZ,1,SIN NÚMERO,PT
,32,ZACATECAS,,,34,NOCHISTLAN DE MEJIA,,,REG,PT_PVEM_MORENA_PANALZ,2,CECILIA ALCALÁ AGUAYO,2,SIN NÚMERO,MORENA
,32,ZACATECAS,,,34,NOCHISTLAN DE MEJIA,,,REG,PT_PVEM_MORENA_PANALZ,3,RAFAEL CERVANTES DURAN,1,SIN NÚMERO,PT
,32,ZACATECAS,,,34,NOCHISTLAN DE MEJIA,,,REG,PT_PVEM_MORENA_PANALZ,4,MÓNICA JANET BERMÚDEZ SÁNCHEZ,2,SIN NÚMERO,MORENA
,32,ZACATECAS,,,34,NOCHISTLAN DE MEJIA,,,REG,PT_PVEM_MORENA_PANALZ,5,JORGE ORTIZ RAMÍREZ,1,SIN NÚMERO,NAZ
,32,ZACATECAS,,,34,NOCHISTLAN DE MEJIA,,,REG,PT_PVEM_MORENA_PANALZ,6,CRISTINA OROPEZA RAMÍREZ,2,SIN NÚMERO,PVEM
,32,ZACATECAS,,,34,NOCHISTLAN DE MEJIA,,,REG_RP,PAN,1,REYNA VILLALOBOS PÉREZ,2,ACG_IEEZ_113/VIII/2021,PAN
,32,ZACATECAS,,,34,NOCHISTLAN DE MEJIA,,,REG_RP,PRI,1,SANDRA PATRICIA RAMOS MARTÍNEZ,2,ACG_IEEZ_113/VIII/2021,PRI
,32,ZACATECAS,,,34,NOCHISTLAN DE MEJIA,,,REG_RP,MC,1,BEATRIZ ADRIANA AGUAYO RODRÍGUEZ,2,ACG_IEEZ_113/VIII/2021,MC
,32,ZACATECAS,,,34,NOCHISTLAN DE MEJIA,,,REG_RP,FXM,1,CELINI AMISADAI TACHIQUIN BECERRA,2,ACG_IEEZ_113/VIII/2021,FSM
,32,ZACATECAS,,,35,NORIA DE ANGELES,,,PRES_MUN,PAN_PRI_PRD,1,MANUEL BECERRA DE LA ROSA,1,SIN NÚMERO,PRI
,32,ZACATECAS,,,35,NORIA DE ANGELES,,,SIND,PAN_PRI_PRD,1,MARIANA EGUREN MARTÍNEZ,2,SIN NÚMERO,PRI
,32,ZACATECAS,,,35,NORIA DE ANGELES,,,REG,PAN_PRI_PRD,1,MANUEL RODRÍGUEZ CORTEZ,1,SIN NÚMERO,PRI
,32,ZACATECAS,,,35,NORIA DE ANGELES,,,REG,PAN_PRI_PRD,2,ELVIA SUSANA CRUZ REYES,2,SIN NÚMERO,PRI
,32,ZACATECAS,,,35,NORIA DE ANGELES,,,REG,PAN_PRI_PRD,3,LUIS EDUARDO GUERRERO REYES,1,SIN NÚMERO,PRI
,32,ZACATECAS,,,35,NORIA DE ANGELES,,,REG,PAN_PRI_PRD,4,JUANA IBARRA PÉREZ,2,SIN NÚMERO,PRI
,32,ZACATECAS,,,35,NORIA DE ANGELES,,,REG,PAN_PRI_PRD,5,CRUZ SOTO MARTÍNEZ,1,SIN NÚMERO,PRI
,32,ZACATECAS,,,35,NORIA DE ANGELES,,,REG,PAN_PRI_PRD,6,VIOLETA ALEJANDRA DELGADO SOTO,2,SIN NÚMERO,PRD
,32,ZACATECAS,,,35,NORIA DE ANGELES,,,REG_RP,PT,1,NOEMÍ ALFARO PIÑA,2,ACG_IEEZ_113/VIII/2021,PT
,32,ZACATECAS,,,35,NORIA DE ANGELES,,,REG_RP,MORENA,1,BLANCA DE JESÚS MARTÍNEZ MARTÍNEZ,2,ACG_IEEZ_113/VIII/2021,MORENA
,32,ZACATECAS,,,35,NORIA DE ANGELES,,,REG_RP,FXM,1,KAREN CASTILLO CASTILLO,2,ACG_IEEZ_113/VIII/2021,FSM
,32,ZACATECAS,,,35,NORIA DE ANGELES,,,REG_RP,PANALZ,1,MA. JUANA MARTÍNEZ LOZANO,2,ACG_IEEZ_113/VIII/2021,NAZ
,32,ZACATECAS,,,36,OJOCALIENTE,,,PRES_MUN,PT_PVEM_MORENA_PANALZ,1,DANIEL LÓPEZ MARTÍNEZ,1,SIN NÚMERO,PT
,32,ZACATECAS,,,36,OJOCALIENTE,,,SIND,PT_PVEM_MORENA_PANALZ,1,BERTHA GUILLERMINA PÉREZ HERNÁNDEZ,2,SIN NÚMERO,PT
,32,ZACATECAS,,,36,OJOCALIENTE,,,REG,PT_PVEM_MORENA_PANALZ,1,JOSÉ OSVALDO CHÁVEZ JUÁREZ,1,SIN NÚMERO,PT
,32,ZACATECAS,,,36,OJOCALIENTE,,,REG,PT_PVEM_MORENA_PANALZ,2,NIDIA GISEL REZA GUEVARA,2,SIN NÚMERO,MORENA
,32,ZACATECAS,,,36,OJOCALIENTE,,,REG,PT_PVEM_MORENA_PANALZ,3,JOSÉ RICARDO GUEVARA CAMARILLO,1,SIN NÚMERO,MORENA
,32,ZACATECAS,,,36,OJOCALIENTE,,,REG,PT_PVEM_MORENA_PANALZ,4,RUTH LÓPEZ FLORES,2,SIN NÚMERO,MORENA
,32,ZACATECAS,,,36,OJOCALIENTE,,,REG,PT_PVEM_MORENA_PANALZ,5,VÍCTOR ERNESTO RODRÍGUEZ GALLEGOS,1,SIN NÚMERO,PT
,32,ZACATECAS,,,36,OJOCALIENTE,,,REG,PT_PVEM_MORENA_PANALZ,6,LEONELA DÍAZ HERNÁNDEZ,2,SIN NÚMERO,MORENA
,32,ZACATECAS,,,36,OJOCALIENTE,,,REG,PT_PVEM_MORENA_PANALZ,7,RICARDO GUEVARA LOZANO,1,SIN NÚMERO,NAZ
,32,ZACATECAS,,,36,OJOCALIENTE,,,REG_RP,PRI,1,LAURA MARTÍNEZ ESTRADA,2,ACG_IEEZ_113/VIII/2021,PRI
,32,ZACATECAS,,,36,OJOCALIENTE,,,REG_RP,PRI,2,HÉCTOR ARTURO BERNAL GALLEGOS,1,ACG_IEEZ_113/VIII/2021,PRI
,32,ZACATECAS,,,36,OJOCALIENTE,,,REG_RP,PRI,3,MA. AUXILIO SILVA ALVARADO,2,ACG_IEEZ_113/VIII/2021,PRI
,32,ZACATECAS,,,36,OJOCALIENTE,,,REG_RP,PRD,1,OLGA EDITH ORTIZ MONTOYA,2,ACG_IEEZ_113/VIII/2021,PRD
,32,ZACATECAS,,,36,OJOCALIENTE,,,REG_RP,PRD,2,JOSHUA JAFHET ZAMBRANO HERNÁNDEZ,1,ACG_IEEZ_113/VIII/2021,PRD
,32,ZACATECAS,,,37,PANUCO,,,PRES_MUN,PAN_PRI_PRD,1,JUAN RODRÍGUEZ VALDEZ,1,SIN NÚMERO,PRI
,32,ZACATECAS,,,37,PANUCO,,,SIND,PAN_PRI_PRD,1,DORA LILIANA LARA GONZÁLEZ,2,SIN NÚMERO,PRI
,32,ZACATECAS,,,37,PANUCO,,,REG,PAN_PRI_PRD,1,JOEL MALDONADO SÁNCHEZ,1,SIN NÚMERO,PRI
,32,ZACATECAS,,,37,PANUCO,,,REG,PAN_PRI_PRD,2,MARÍA FERNANDA VALDEZ DOMÍNGUEZ,2,SIN NÚMERO,PRI
,32,ZACATECAS,,,37,PANUCO,,,REG,PAN_PRI_PRD,3,SERGIO SALAS GONZÁLEZ,1,SIN NÚMERO,PRI
,32,ZACATECAS,,,37,PANUCO,,,REG,PAN_PRI_PRD,4,CYNTHIA GUADALUPE RAMÍREZ OLIVARES,2,SIN NÚMERO,PAN
,32,ZACATECAS,,,37,PANUCO,,,REG,PAN_PRI_PRD,5,ÁNGEL GUZMÁN CASTILLO,1,SIN NÚMERO,PAN
,32,ZACATECAS,,,37,PANUCO,,,REG,PAN_PRI_PRD,6,MARÍA DOLORES MEDINA DEL RIO,2,SIN NÚMERO,PAN
,32,ZACATECAS,,,37,PANUCO,,,REG_RP,PT,1,MARTHA HERNÁNDEZ AGUILERA,2,ACG_IEEZ_113/VIII/2021,PT
,32,ZACATECAS,,,37,PANUCO,,,REG_RP,MORENA,1,YESENIA DE LIRA CARRILLO,2,ACG_IEEZ_113/VIII/2021,MORENA
,32,ZACATECAS,,,37,PANUCO,,,REG_RP,PANALZ,1,CATALINA MALDONADO CAMPOS,2,ACG_IEEZ_113/VIII/2021,NAZ
,32,ZACATECAS,,,37,PANUCO,,,REG_RP,FAM,1,TERESA VILLELA CORDERO,2,ACG_IEEZ_113/VIII/2021,FAM
,32,ZACATECAS,,,38,PINOS,,,PRES_MUN,PRI,1,OMAR TÉLLEZ AGUAYO,1,ACME _ PINOS _ 0010 / 2021,PRI
,32,ZACATECAS,,,38,PINOS,,,SIND,PRI,1,DEISY DIANA CONTRERAS SILVA,2,ACME _ PINOS _ 0010 / 2021,PRI
,32,ZACATECAS,,,38,PINOS,,,REG,PRI,1,ALDO ESAÚ RODRÍGUEZ GUEVARA,1,ACME _ PINOS _ 0010 / 2021,PRI
,32,ZACATECAS,,,38,PINOS,,,REG,PRI,2,ITZIA ALELDY SÁNCHEZ DE LA ROSA,2,ACME _ PINOS _ 0010 / 2021,PRI
,32,ZACATECAS,,,38,PINOS,,,REG,PRI,3,CESÁREO CORTES HERNÁNDEZ,1,ACME _ PINOS _ 0010 / 2021,PRI
,32,ZACATECAS,,,38,PINOS,,,REG,PRI,4,OLGA LIDIA MORENO REYES,2,ACME _ PINOS _ 0010 / 2021,PRI
,32,ZACATECAS,,,38,PINOS,,,REG,PRI,5,JOAQUÍN ARANDA CORREA,1,ACME _ PINOS _ 0010 / 2021,PRI
,32,ZACATECAS,,,38,PINOS,,,REG,PRI,6,SILVIA ROSA RAMÍREZ RODRÍGUEZ,2,ACME _ PINOS _ 0010 / 2021,PRI
,32,ZACATECAS,,,38,PINOS,,,REG,PRI,7,DIEGO ARMANDO MARTÍNEZ PALOMO,1,ACME _ PINOS _ 0010 / 2021,PRI
,32,ZACATECAS,,,38,PINOS,,,REG,PRI,8,ANGÉLICA MARÍA GOVEA AMAYA,2,ACME _ PINOS _ 0010 / 2021,PRI
,32,ZACATECAS,,,38,PINOS,,,REG_RP,MORENA,1,KARINA YANET ROCHA RODRÍGUEZ,2,ACG_IEEZ_113/VIII/2021,MORENA
,32,ZACATECAS,,,38,PINOS,,,REG_RP,MORENA,2,HORACIO ÁLVAREZ CÁRDENAS,1,ACG_IEEZ_113/VIII/2021,MORENA
,32,ZACATECAS,,,38,PINOS,,,REG_RP,MORENA,3,CARMEN JAQUELINE JUÁREZ GÓMEZ,2,ACG_IEEZ_113/VIII/2021,MORENA
,32,ZACATECAS,,,38,PINOS,,,REG_RP,MORENA,4,LUIS ÁNGEL LEMUS ROJAS,1,ACG_IEEZ_113/VIII/2021,MORENA
,32,ZACATECAS,,,38,PINOS,,,REG_RP,MORENA,5,MA. JOSEFINA ALMANZA GRIMALDO,2,ACG_IEEZ_113/VIII/2021,MORENA
,32,ZACATECAS,,,38,PINOS,,,REG_RP,MORENA,6,RAMIRO CONTRERAS VENEGAS,2,ACG_IEEZ_113/VIII/2021,MORENA
,32,ZACATECAS,,,39,RIO GRANDE,,,PRES_MUN,PRD,1,MARIO CÓRDOVA LONGORIA,1,ACME_RIO GRANDE_09/2021,PRD
,32,ZACATECAS,,,39,RIO GRANDE,,,SIND,PRD,1,FÁTIMA GUADALUPE GÓMEZ ZAVALA,2,ACME_RIO GRANDE_09/2021,PRD
,32,ZACATECAS,,,39,RIO GRANDE,,,REG,PRD,1,MANUEL ESPARZA VAQUERA,1,ACME_RIO GRANDE_09/2021,PRD
,32,ZACATECAS,,,39,RIO GRANDE,,,REG,PRD,2,NANCY JIMENA RAMÍREZ DUARTE,2,ACME_RIO GRANDE_09/2021,PRD
,32,ZACATECAS,,,39,RIO GRANDE,,,REG,PRD,3,MIGUEL ÁNGEL GÁMEZ LEYVA,1,ACME_RIO GRANDE_09/2021,PRD
,32,ZACATECAS,,,39,RIO GRANDE,,,REG,PRD,4,EVELYN ARRIAGA GARCÍA,2,ACME_RIO GRANDE_09/2021,PRD
,32,ZACATECAS,,,39,RIO GRANDE,,,REG,PRD,5,MANUEL SAUCEDO CEBALLOS,1,ACME_RIO GRANDE_09/2021,PRD
,32,ZACATECAS,,,39,RIO GRANDE,,,REG,PRD,6,HILDA MORENO,2,ACME_RIO GRANDE_09/2021,PRD
,32,ZACATECAS,,,39,RIO GRANDE,,,REG,PRD,7,BALTAZAR CAMPOS ESQUIVEL,1,ACME_RIO GRANDE_09/2021,PRD
,32,ZACATECAS,,,39,RIO GRANDE,,,REG,PRD,8,TANIA GUADALUPE ALONSO AGUILAR,2,ACME_RIO GRANDE_09/2021,PRD
,32,ZACATECAS,,,39,RIO GRANDE,,,REG_RP,PAN,1,YANETT GUTIÉRREZ LUNA,2,ACG_IEEZ_113/VIII/2021,PAN
,32,ZACATECAS,,,39,RIO GRANDE,,,REG_RP,PRI,1,LUZ MARGARITA CHÁVEZ GARCÍA,2,ACG_IEEZ_113/VIII/2021,PRI
,32,ZACATECAS,,,39,RIO GRANDE,,,REG_RP,PT,1,KELLY MEREDITH SAMANIEGO HERNÁNDEZ,2,ACG_IEEZ_113/VIII/2021,PT
,32,ZACATECAS,,,39,RIO GRANDE,,,REG_RP,PT,2,JOSÉ LUIS DELGADO ARROYO,1,ACG_IEEZ_113/VIII/2021,PT
,32,ZACATECAS,,,39,RIO GRANDE,,,REG_RP,MORENA,1,DULCE CRISTAL RAMÍREZ BONILLA,2,ACG_IEEZ_113/VIII/2021,MORENA
,32,ZACATECAS,,,39,RIO GRANDE,,,REG_RP,MORENA,2,JESÚS SALVADOR ROSALES MARES,1,ACG_IEEZ_113/VIII/2021,MORENA
,32,ZACATECAS,,,40,SAIN ALTO,,,PRES_MUN,MORENA,1,JOSÉ LUIS SALAS CORDERO,1,SIN NÚMERO,MORENA
,32,ZACATECAS,,,40,SAIN ALTO,,,SIND,MORENA,1,ANA KARINA PORTILLO CANALES,2,SIN NÚMERO,MORENA
,32,ZACATECAS,,,40,SAIN ALTO,,,REG,MORENA,1,RICARDO ALMEDA LÓPEZ,1,SIN NÚMERO,MORENA
,32,ZACATECAS,,,40,SAIN ALTO,,,REG,MORENA,2,ARCELIA ANAHI LIRA SANTOS,2,SIN NÚMERO,MORENA
,32,ZACATECAS,,,40,SAIN ALTO,,,REG,MORENA,3,ISIDRO VACIO BRETADO,1,SIN NÚMERO,MORENA
,32,ZACATECAS,,,40,SAIN ALTO,,,REG,MORENA,4,BEATRIZ DOMÍNGUEZ CRUZ,2,SIN NÚMERO,MORENA
,32,ZACATECAS,,,40,SAIN ALTO,,,REG,MORENA,5,JORGE LUIS GAUCÍN CANALES,1,SIN NÚMERO,MORENA
,32,ZACATECAS,,,40,SAIN ALTO,,,REG,MORENA,6,VIRGINIA CASTRUITA ROMÁN,2,SIN NÚMERO,MORENA
,32,ZACATECAS,,,40,SAIN ALTO,,,REG_RP,PRI,1,MARÍA VERÓNICA HERNÁNDEZ MONTELONGO,2,ACG_IEEZ_113/VIII/2021,PRI
,32,ZACATECAS,,,40,SAIN ALTO,,,REG_RP,PVEM,1,JESSICA REYES GARCÍA,2,ACG_IEEZ_113/VIII/2021,PVEM
,32,ZACATECAS,,,40,SAIN ALTO,,,REG_RP,PVEM,2,JUAN OZIEL VACIO CASTRO,1,ACG_IEEZ_113/VIII/2021,PVEM
,32,ZACATECAS,,,40,SAIN ALTO,,,REG_RP,PANALZ,1,CAROLINA VERÓNICA FLORES CASTRUITA,2,ACG_IEEZ_113/VIII/2021,NAZ
,32,ZACATECAS,,,41,EL SALVADOR,,,PRES_MUN,PVEM,1,MIGUEL CORONADO GÁMEZ,1,SIN NÚMERO,PVEM
,32,ZACATECAS,,,41,EL SALVADOR,,,SIND,PVEM,1,FLORINDA TORRES COSTILLA,2,SIN NÚMERO,PVEM
,32,ZACATECAS,,,41,EL SALVADOR,,,REG,PVEM,1,ADRIAN GUADALUPE CASTILLO ESTRADA,1,SIN NÚMERO,PVEM
,32,ZACATECAS,,,41,EL SALVADOR,,,REG,PVEM,2,CARMEN JULIA MALDONADO TORRES,2,SIN NÚMERO,PVEM
,32,ZACATECAS,,,41,EL SALVADOR,,,REG,PVEM,3,JOSÉ ÁNGEL PÉREZ LUCIO,1,SIN NÚMERO,PVEM
,32,ZACATECAS,,,41,EL SALVADOR,,,REG,PVEM,4,ANA LUCELY RENTERÍA ALONSO,2,SIN NÚMERO,PVEM
,32,ZACATECAS,,,41,EL SALVADOR,,,REG_RP,MORENA,1,MA. NEMESIA CHÁVEZ SÁNCHEZ,2,ACG_IEEZ_113/VIII/2021,MORENA
,32,ZACATECAS,,,41,EL SALVADOR,,,REG_RP,PP,1,JENNIFER DAYANA GARCÍA COSTILLA,2,ACG_IEEZ_113/VIII/2021,PP
,32,ZACATECAS,,,41,EL SALVADOR,,,REG_RP,PP,2,JORGE ALBERTO COSTILLA COLUNGA,1,ACG_IEEZ_113/VIII/2021,PP
,32,ZACATECAS,,,42,SOMBRERETE,,,PRES_MUN,PRI,1,MANUEL ALAN MURILLO MURILLO,1,SIN NÚMERO,PRI
,32,ZACATECAS,,,42,SOMBRERETE,,,SIND,PRI,1,MARSELA VILLEGAS IBAÑES,2,SIN NÚMERO,PRI
,32,ZACATECAS,,,42,SOMBRERETE,,,REG,PRI,1,MARCO ANTONIO JASSO HERNÁNDEZ,1,SIN NÚMERO,PRI
,32,ZACATECAS,,,42,SOMBRERETE,,,REG,PRI,2,MARTHA ELIA DELGADO FERNÁNDEZ,2,SIN NÚMERO,PRI
,32,ZACATECAS,,,42,SOMBRERETE,,,REG,PRI,3,CORNELIO KRAHN LUNA,1,SIN NÚMERO,PRI
,32,ZACATECAS,,,42,SOMBRERETE,,,REG,PRI,4,ANAI TERESA LEAÑOS VEGA,2,SIN NÚMERO,PRI
,32,ZACATECAS,,,42,SOMBRERETE,,,REG,PRI,5,JOSÉ GUADALUPE MARTÍNEZ CHÁVEZ,1,SIN NÚMERO,PRI
,32,ZACATECAS,,,42,SOMBRERETE,,,REG,PRI,6,JAZMÍN CORONADO ESTUPIÑAN,2,SIN NÚMERO,PRI
,32,ZACATECAS,,,42,SOMBRERETE,,,REG,PRI,7,VALENTÍN CALDERA RODRÍGUEZ,1,SIN NÚMERO,PRI
,32,ZACATECAS,,,42,SOMBRERETE,,,REG,PRI,8,THELMA RUBÍ GARCÍA FRAIRE,2,SIN NÚMERO,PRI
,32,ZACATECAS,,,42,SOMBRERETE,,,REG_RP,PAN,1,NUVIA VANESSA CARLOS PALOS,2,ACG_IEEZ_113/VIII/2021,PAN
,32,ZACATECAS,,,42,SOMBRERETE,,,REG_RP,PAN,2,RICARDO MIGUEL HERNÁNDEZ ZAMAGO,1,ACG_IEEZ_113/VIII/2021,PAN
,32,ZACATECAS,,,42,SOMBRERETE,,,REG_RP,PAN,3,PATRICIA CARLOS BENAVIDES,2,ACG_IEEZ_113/VIII/2021,PAN
,32,ZACATECAS,,,42,SOMBRERETE,,,REG_RP,MORENA,1,VANESSA RÍOS MÉNDEZ,2,ACG_IEEZ_113/VIII/2021,MORENA
,32,ZACATECAS,,,42,SOMBRERETE,,,REG_RP,MORENA,2,JOSÉ ISAC SÁNCHEZ ROJAS,2,ACG_IEEZ_113/VIII/2021,MORENA
,32,ZACATECAS,,,42,SOMBRERETE,,,REG_RP,MORENA,3,JESSIKA SANTOS CONTRERAS,2,ACG_IEEZ_113/VIII/2021,MORENA
,32,ZACATECAS,,,43,SUSTICACAN,,,PRES_MUN,PAN_PRI_PRD,1,FABIOLA RODRÍGUEZ SALDÍVAR,2,ACME_Susticacán_08/2021,PRI
,32,ZACATECAS,,,43,SUSTICACAN,,,SIND,PAN_PRI_PRD,1,MARCOS MARÍN SÁNCHEZ,1,ACME_Susticacán_08/2021,PRI
,32,ZACATECAS,,,43,SUSTICACAN,,,REG,PAN_PRI_PRD,1,SONIA GRANADO CARRILLO,2,ACME_Susticacán_08/2021,PRI
,32,ZACATECAS,,,43,SUSTICACAN,,,REG,PAN_PRI_PRD,2,SALVADOR BARRIOS MARÍN,1,ACME_Susticacán_08/2021,PRI
,32,ZACATECAS,,,43,SUSTICACAN,,,REG,PAN_PRI_PRD,3,MARÍA ALEJANDRA CARMONA SALCEDO,2,ACME_Susticacán_08/2021,PRI
,32,ZACATECAS,,,43,SUSTICACAN,,,REG,PAN_PRI_PRD,4,RENÉ GONZÁLEZ MEDRANO,1,ACME_Susticacán_08/2021,PAN
,32,ZACATECAS,,,43,SUSTICACAN,,,REG_RP,MORENA,1,SILVIA DÍAZ VARGAS,2,ACG_IEEZ_113/VIII/2021,MORENA
,32,ZACATECAS,,,43,SUSTICACAN,,,REG_RP,FXM,1,HERMELINDA DE LA ROSA DE SANTIAGO,2,ACG_IEEZ_113/VIII/2021,FSM
,32,ZACATECAS,,,43,SUSTICACAN,,,REG_RP,FXM,2,ENRIQUE MIRANDA DE LA ROSA,1,ACG_IEEZ_113/VIII/2021,FSM
,32,ZACATECAS,,,44,TABASCO,,,PRES_MUN,MORENA,1,GILBERTO MARTÍNEZ ROBLES,1,ACME_TABASCO_010/2021,MORENA
,32,ZACATECAS,,,44,TABASCO,,,SIND,MORENA,1,JULIA HILDA CONTRERAS LÓPEZ,2,ACME_TABASCO_010/2021,MORENA
,32,ZACATECAS,,,44,TABASCO,,,REG,MORENA,1,HORACIO SOLÍS LÓPEZ,1,ACME_TABASCO_010/2021,MORENA
,32,ZACATECAS,,,44,TABASCO,,,REG,MORENA,2,LORENA RUVALCABA MURILLO,2,ACME_TABASCO_010/2021,MORENA
,32,ZACATECAS,,,44,TABASCO,,,REG,MORENA,3,FELIPE AVALOS ROMO,1,ACME_TABASCO_010/2021,MORENA
,32,ZACATECAS,,,44,TABASCO,,,REG,MORENA,4,HEIDY PAOLA OROZCO RODRÍGUEZ,2,ACME_TABASCO_010/2021,MORENA
,32,ZACATECAS,,,44,TABASCO,,,REG,MORENA,5,JOSÉ LUIS LOERA VERA,1,ACME_TABASCO_010/2021,MORENA
,32,ZACATECAS,,,44,TABASCO,,,REG,MORENA,6,,,ACME_TABASCO_010/2021,MORENA
,32,ZACATECAS,,,44,TABASCO,,,REG_RP,PAN,1,MARÍA CONCEPCIÓN RUIZ RODRÍGUEZ,2,ACG_IEEZ_113/VIII/2021,PAN
,32,ZACATECAS,,,44,TABASCO,,,REG_RP,PAN,2,ARMANDO GARAY HARO,1,ACG_IEEZ_113/VIII/2021,PAN
,32,ZACATECAS,,,44,TABASCO,,,REG_RP,PRI,1,OFELIA CAMACHO CARREÓN,2,ACG_IEEZ_113/VIII/2021,PRI
,32,ZACATECAS,,,44,TABASCO,,,REG_RP,PANALZ,1,MARISOL MÁRQUEZ CASAS,2,ACG_IEEZ_113/VIII/2021,NAZ
,32,ZACATECAS,,,45,TEPECHITLAN,,,PRES_MUN,MORENA,1,GLORIA VANESSA RODRÍGUEZ GARCÍA,2,SIN NÚMERO,MORENA
,32,ZACATECAS,,,45,TEPECHITLAN,,,SIND,MORENA,1,JOAQUÍN PARRA MARÍN,1,SIN NÚMERO,MORENA
,32,ZACATECAS,,,45,TEPECHITLAN,,,REG,MORENA,1,ANAHI CASTRO DE LOS SANTOS,2,SIN NÚMERO,MORENA
,32,ZACATECAS,,,45,TEPECHITLAN,,,REG,MORENA,2,J. BERNABÉ EDUARDO RIVERA BENÍTEZ,1,SIN NÚMERO,MORENA
,32,ZACATECAS,,,45,TEPECHITLAN,,,REG,MORENA,3,ELIZABETH ARACELI ACOSTA CABRERA,2,SIN NÚMERO,MORENA
,32,ZACATECAS,,,45,TEPECHITLAN,,,REG,MORENA,4,LUIS CORREA HERRERA,1,SIN NÚMERO,MORENA
,32,ZACATECAS,,,45,TEPECHITLAN,,,REG_RP,PRI,1,MA. GUADALUPE CASTRO ROMERO,2,ACG_IEEZ_113/VIII/2021,PRI
,32,ZACATECAS,,,45,TEPECHITLAN,,,REG_RP,PRI,2,SAÚL GERMÁN ALMARAZ GONZÁLEZ,1,ACG_IEEZ_113/VIII/2021,PRI
,32,ZACATECAS,,,45,TEPECHITLAN,,,REG_RP,PES,1,LIZETH MAGALY HARO RODRÍGUEZ,2,ACG_IEEZ_113/VIII/2021,PES
,32,ZACATECAS,,,46,TEPETONGO,,,PRES_MUN,PAN_PRI_PRD,1,CUAUHTÉMOC DE LA TORRE FLORES,1,ACME_TEPETONGO_009/2021,PRI
,32,ZACATECAS,,,46,TEPETONGO,,,SIND,PAN_PRI_PRD,1,SANDRA JANETH CORREA ESPARZA,2,ACME_TEPETONGO_009/2021,PRI
,32,ZACATECAS,,,46,TEPETONGO,,,REG,PAN_PRI_PRD,1,HUMBERTO ALEJANDRO RIVAS ZÚÑIGA,1,ACME_TEPETONGO_009/2021,PRI
,32,ZACATECAS,,,46,TEPETONGO,,,REG,PAN_PRI_PRD,2,VIRIDIANA FLORES SÁNCHEZ,2,ACME_TEPETONGO_009/2021,PRI
,32,ZACATECAS,,,46,TEPETONGO,,,REG,PAN_PRI_PRD,3,OSCAR GAMALIEL CARLOS MARTÍNEZ,1,ACME_TEPETONGO_009/2021,PAN
,32,ZACATECAS,,,46,TEPETONGO,,,REG,PAN_PRI_PRD,4,YURIDIA NAYELI RIVAS RAMÍREZ,2,ACME_TEPETONGO_009/2021,PRI
,32,ZACATECAS,,,46,TEPETONGO,,,REG_RP,PVEM,1,ADRIANA BERENICE VALDIVIA DE LEÓN,2,ACG_IEEZ_113/VIII/2021,PVEM
,32,ZACATECAS,,,46,TEPETONGO,,,REG_RP,PVEM,2,FILIBERTO VENEGAS NAVA,1,ACG_IEEZ_113/VIII/2021,PVEM
,32,ZACATECAS,,,46,TEPETONGO,,,REG_RP,MORENA,1,LORENA GUADALUPE RAMÍREZ BETANCOURT,2,ACG_IEEZ_113/VIII/2021,MORENA
,32,ZACATECAS,,,47,TEUL DE GONZALEZ ORTEGA,,,PRES_MUN,PT,1,FRANCISCO REYES TORRES PÉREZ,1,CME 09/TEUL/21,PT
,32,ZACATECAS,,,47,TEUL DE GONZALEZ ORTEGA,,,SIND,PT,1,GRICELDA COVARRUBIAS GUTIÉRREZ,2,CME 09/TEUL/21,PT
,32,ZACATECAS,,,47,TEUL DE GONZALEZ ORTEGA,,,REG,PT,1,JOSÉ MARCOS CASTAÑEDA ROBLES,1,CME 09/TEUL/21,PT
,32,ZACATECAS,,,47,TEUL DE GONZALEZ ORTEGA,,,REG,PT,2,MELISA CRISTAL VARELA MARTÍNEZ,2,CME 09/TEUL/21,PT
,32,ZACATECAS,,,47,TEUL DE GONZALEZ ORTEGA,,,REG,PT,3,ELYOENAI CORREA GALVÁN,1,CME 09/TEUL/21,PT
,32,ZACATECAS,,,47,TEUL DE GONZALEZ ORTEGA,,,REG,PT,4,VIRGINIA MURO GUTIÉRREZ,2,CME 09/TEUL/21,PT
,32,ZACATECAS,,,47,TEUL DE GONZALEZ ORTEGA,,,REG_RP,PAN,1,ANGÉLICA MARÍA GOLLAZ ARELLANO,2,ACG_IEEZ_113/VIII/2021,PAN
,32,ZACATECAS,,,47,TEUL DE GONZALEZ ORTEGA,,,REG_RP,PRI,1,WENDY YAZMÍN GONZÁLEZ DÁVILA,2,ACG_IEEZ_113/VIII/2021,PRI
,32,ZACATECAS,,,47,TEUL DE GONZALEZ ORTEGA,,,REG_RP,PRI,2,JULIO CESAR GONZÁLEZ MIRAMONTES,1,ACG_IEEZ_113/VIII/2021,PRI
,32,ZACATECAS,,,48,TLALTENANGO DE SANCHEZ ROMAN,,,PRES_MUN,PAN_PRI_PRD,1,SALVADOR ARELLANO ANAYA,1,ACME_049/009/2021,PAN
,32,ZACATECAS,,,48,TLALTENANGO DE SANCHEZ ROMAN,,,SIND,PAN_PRI_PRD,1,MELISSA PÉREZ MARTÍNEZ,2,ACME_049/009/2021,PAN
,32,ZACATECAS,,,48,TLALTENANGO DE SANCHEZ ROMAN,,,REG,PAN_PRI_PRD,1,GUSTAVO ALFONSO DE LA TORRE MÁRQUEZ,1,ACME_049/009/2021,PAN
,32,ZACATECAS,,,48,TLALTENANGO DE SANCHEZ ROMAN,,,REG,PAN_PRI_PRD,2,MARÍA DIGNA CORTES GARCÍA,2,ACME_049/009/2021,PAN
,32,ZACATECAS,,,48,TLALTENANGO DE SANCHEZ ROMAN,,,REG,PAN_PRI_PRD,3,SALVADOR LUNA QUIROZ,1,ACME_049/009/2021,PAN
,32,ZACATECAS,,,48,TLALTENANGO DE SANCHEZ ROMAN,,,REG,PAN_PRI_PRD,4,YOLANDA SANTANA SÁNCHEZ,2,ACME_049/009/2021,PRI
,32,ZACATECAS,,,48,TLALTENANGO DE SANCHEZ ROMAN,,,REG,PAN_PRI_PRD,5,GENARO DE JESÚS CARRILLO NAÑEZ,1,ACME_049/009/2021,PRI
,32,ZACATECAS,,,48,TLALTENANGO DE SANCHEZ ROMAN,,,REG,PAN_PRI_PRD,6,ANA DELIA MIRAMONTES SÁNCHEZ,2,ACME_049/009/2021,PRD
,32,ZACATECAS,,,48,TLALTENANGO DE SANCHEZ ROMAN,,,REG_RP,MORENA,1,JOSELIN HERNÁNDEZ TORIBIO,2,ACG_IEEZ_113/VIII/2021,MORENA
,32,ZACATECAS,,,48,TLALTENANGO DE SANCHEZ ROMAN,,,REG_RP,MORENA,2,,,ACG_IEEZ_113/VIII/2021,MORENA
,32,ZACATECAS,,,48,TLALTENANGO DE SANCHEZ ROMAN,,,REG_RP,MORENA,3,HILDA GUERRERO VIRAMONTES,2,ACG_IEEZ_113/VIII/2021,MORENA
,32,ZACATECAS,,,48,TLALTENANGO DE SANCHEZ ROMAN,,,REG_RP,PAZ,1,RAQUEL GUADALUPE JUÁREZ CORTES,2,ACG_IEEZ_113/VIII/2021,PAZ
,32,ZACATECAS,,,49,VALPARAISO,,,PRES_MUN,PAN_PRI_PRD,1,ELEUTERIO RAMOS LEAL,1,SIN NÚMERO,PRD
,32,ZACATECAS,,,49,VALPARAISO,,,SIND,PAN_PRI_PRD,1,REYNA GRISELL REYES BAUTISTA,2,SIN NÚMERO,PRD
,32,ZACATECAS,,,49,VALPARAISO,,,REG,PAN_PRI_PRD,1,JUAN LUIS CHÁIREZ FIGUEROA,1,SIN NÚMERO,PRD
,32,ZACATECAS,,,49,VALPARAISO,,,REG,PAN_PRI_PRD,2,NOEMÍ ÁVILA HERRERA,2,SIN NÚMERO,PRD
,32,ZACATECAS,,,49,VALPARAISO,,,REG,PAN_PRI_PRD,3,J. JESÚS CABRAL ÁLVAREZ,1,SIN NÚMERO,PAN
,32,ZACATECAS,,,49,VALPARAISO,,,REG,PAN_PRI_PRD,4,EDNA XOCHITL ROBLES GONZÁLEZ,2,SIN NÚMERO,PAN
,32,ZACATECAS,,,49,VALPARAISO,,,REG,PAN_PRI_PRD,5,FREDDY EDSON HERNÁNDEZ FALCÓN,1,SIN NÚMERO,PRI
,32,ZACATECAS,,,49,VALPARAISO,,,REG,PAN_PRI_PRD,6,LAURA HINOSTROZA GARCÍA,2,SIN NÚMERO,PRI
,32,ZACATECAS,,,49,VALPARAISO,,,REG,PAN_PRI_PRD,7,LUIS BURCIAGA ALCALÁ,1,SIN NÚMERO,PRI
,32,ZACATECAS,,,49,VALPARAISO,,,REG_RP,MORENA,1,LUZ ELENA SÁNCHEZ ALCALÁ,2,ACG_IEEZ_113/VIII/2021,MORENA
,32,ZACATECAS,,,49,VALPARAISO,,,REG_RP,MORENA,2,JUAN FRANCISCO CABRAL FERNÁNDEZ,1,ACG_IEEZ_113/VIII/2021,MORENA
,32,ZACATECAS,,,49,VALPARAISO,,,REG_RP,MORENA,3,YARA ANAID GALLEGOS GURROLA,2,ACG_IEEZ_113/VIII/2021,MORENA
,32,ZACATECAS,,,49,VALPARAISO,,,REG_RP,MORENA,4,GUSTAVO ADABACHE ORTIZ,1,ACG_IEEZ_113/VIII/2021,MORENA
,32,ZACATECAS,,,49,VALPARAISO,,,REG_RP,PES,1,EVA MARGARITA ALONSO VILLAGRANA,2,ACG_IEEZ_113/VIII/2021,PES
,32,ZACATECAS,,,50,VETAGRANDE,,,PRES_MUN,PANALZ,1,J. REFUGIO AVITUD GUERRERO,1,ACME_046/06/VII/2021,NAZ
,32,ZACATECAS,,,50,VETAGRANDE,,,SIND,PANALZ,1,CARLA GUADALUPE RODRÍGUEZ QUIRÓZ,2,ACME_046/06/VII/2021,NAZ
,32,ZACATECAS,,,50,VETAGRANDE,,,REG,PANALZ,1,ADÁN CHÁVEZ LEYVA,1,ACME_046/06/VII/2021,NAZ
,32,ZACATECAS,,,50,VETAGRANDE,,,REG,PANALZ,2,NAHOMY CITLALY ALVARADO TORRES,2,ACME_046/06/VII/2021,NAZ
,32,ZACATECAS,,,50,VETAGRANDE,,,REG,PANALZ,3,EMMANUEL IBARRA ORTIZ,1,ACME_046/06/VII/2021,NAZ
,32,ZACATECAS,,,50,VETAGRANDE,,,REG,PANALZ,4,SONIA ILEANA GARCIA REZA,2,ACME_046/06/VII/2021,NAZ
,32,ZACATECAS,,,50,VETAGRANDE,,,REG_RP,PRI,1,ROBERTA HERNÁNDEZ PARGA,2,ACG_IEEZ_113/VIII/2021,PRI
,32,ZACATECAS,,,50,VETAGRANDE,,,REG_RP,MORENA,1,MARGARITA RODRIGUEZ ZAMARRON,2,ACG_IEEZ_113/VIII/2021,MORENA
,32,ZACATECAS,,,50,VETAGRANDE,,,REG_RP,PAZ,1,PERLA RUBÍ LARA CHÁVEZ,2,ACG_IEEZ_113/VIII/2021,PAZ
,32,ZACATECAS,,,51,VILLA DE COS,,,PRES_MUN,PRI,1,PIER MICHEL RÍOS RUIZ,1,SIN NÚMERO,PRI
,32,ZACATECAS,,,51,VILLA DE COS,,,SIND,PRI,1,MARÍA CRISTINA AGUILERA GONZÁLEZ,2,SIN NÚMERO,PRI
,32,ZACATECAS,,,51,VILLA DE COS,,,REG,PRI,1,AMAURY LONGORIA AGUILERA,1,SIN NÚMERO,PRI
,32,ZACATECAS,,,51,VILLA DE COS,,,REG,PRI,2,GUADALUPE DEL ROCÍO VARELA RODRÍGUEZ,2,SIN NÚMERO,PRI
,32,ZACATECAS,,,51,VILLA DE COS,,,REG,PRI,3,JESÚS GUILLERMO DEL RÍO MALDONADO,1,SIN NÚMERO,PRI
,32,ZACATECAS,,,51,VILLA DE COS,,,REG,PRI,4,MARICELA SILVA BORREGO,2,SIN NÚMERO,PRI
,32,ZACATECAS,,,51,VILLA DE COS,,,REG,PRI,5,JUAN CARLOS PEÑA GARCÍA,1,SIN NÚMERO,PRI
,32,ZACATECAS,,,51,VILLA DE COS,,,REG,PRI,6,GRISELDA TORRES MOTA,2,SIN NÚMERO,PRI
,32,ZACATECAS,,,51,VILLA DE COS,,,REG,PRI,7,JOSÉ ALBERTO ORTEGA JUÁREZ,1,SIN NÚMERO,PRI
,32,ZACATECAS,,,51,VILLA DE COS,,,REG_RP,PAN,1,MARÌA ANGÈLICA VENEGAS ENRÌQUEZ,2,ACG_IEEZ_113/VIII/2021,PAN
,32,ZACATECAS,,,51,VILLA DE COS,,,REG_RP,PT,1,LETICIA ESTEFANIA RUÌZ LÒPEZ,2,ACG_IEEZ_113/VIII/2021,PT
,32,ZACATECAS,,,51,VILLA DE COS,,,REG_RP,MORENA,1,PAOLA KARINA TORRES SÀNCHEZ,2,ACG_IEEZ_113/VIII/2021,MORENA
,32,ZACATECAS,,,51,VILLA DE COS,,,REG_RP,MORENA,2,JUAN CARLOS REGIS ADAME,1,ACG_IEEZ_113/VIII/2021,MORENA
,32,ZACATECAS,,,51,VILLA DE COS,,,REG_RP,PANALZ,1,NORMA ELIA MARTÍNEZ CUEVAS,2,ACG_IEEZ_113/VIII/2021,NAZ
,32,ZACATECAS,,,52,VILLA GARCIA,,,PRES_MUN,PAN_PRI_PRD,1,BÁRBARO FLORES LOZANO,1,SIN NÚMERO,PRI
,32,ZACATECAS,,,52,VILLA GARCIA,,,SIND,PAN_PRI_PRD,1,LIZETH DE LIRA GUERRERO,2,SIN NÚMERO,PRI
,32,ZACATECAS,,,52,VILLA GARCIA,,,REG,PAN_PRI_PRD,1,TADEO GUADALUPE VÁZQUEZ ZACARÍAS,1,SIN NÚMERO,PRI
,32,ZACATECAS,,,52,VILLA GARCIA,,,REG,PAN_PRI_PRD,2,VERÓNICA JIMÉNEZ HERNÁNDEZ,2,SIN NÚMERO,PRI
,32,ZACATECAS,,,52,VILLA GARCIA,,,REG,PAN_PRI_PRD,3,JUAN FRANCISCO VÁZQUEZ GÓMEZ,1,SIN NÚMERO,PRI
,32,ZACATECAS,,,52,VILLA GARCIA,,,REG,PAN_PRI_PRD,4,ARACELI CARRANZA AGUILAR,2,SIN NÚMERO,PRI
,32,ZACATECAS,,,52,VILLA GARCIA,,,REG,PAN_PRI_PRD,5,OMAR DÍAZ HERNÁNDEZ,1,SIN NÚMERO,PAN
,32,ZACATECAS,,,52,VILLA GARCIA,,,REG,PAN_PRI_PRD,6,YESSICA GUADALUPE GÓMEZ MOLINA,2,SIN NÚMERO,PAN
,32,ZACATECAS,,,52,VILLA GARCIA,,,REG_RP,MC,1,MARÍA PATRICIA LUÉVANO CRUZ,2,ACG_IEEZ_113/VIII/2021,MC
,32,ZACATECAS,,,52,VILLA GARCIA,,,REG_RP,MORENA,1,MARISELA AGUILAR SAUCEDO,2,ACG_IEEZ_113/VIII/2021,MORENA
,32,ZACATECAS,,,52,VILLA GARCIA,,,REG_RP,FXM,1,RAMONA RODRÍGUEZ HERRERA,2,ACG_IEEZ_113/VIII/2021,FSM
,32,ZACATECAS,,,52,VILLA GARCIA,,,REG_RP,FXM,2,LUIS SANTOS HERNÁNDEZ,1,ACG_IEEZ_113/VIII/2021,FSM
,32,ZACATECAS,,,53,VILLA GONZALEZ ORTEGA,,,PRES_MUN,PAN,1,RONAL GARCÍA REYES,1,ACME_VILLA GONZALEZ ORTEGA_009/2021,PAN
,32,ZACATECAS,,,53,VILLA GONZALEZ ORTEGA,,,SIND,PAN,1,MA. DEL CARMEN OLIVO ESPARZA,2,ACME_VILLA GONZALEZ ORTEGA_009/2021,PAN
,32,ZACATECAS,,,53,VILLA GONZALEZ ORTEGA,,,REG,PAN,1,JUAN PABLO LÓPEZ HERNÁNDEZ,1,ACME_VILLA GONZALEZ ORTEGA_009/2021,PAN
,32,ZACATECAS,,,53,VILLA GONZALEZ ORTEGA,,,REG,PAN,2,LIVIA IRAHÍS ESPINOZA TRUJILLO,2,ACME_VILLA GONZALEZ ORTEGA_009/2021,PAN
,32,ZACATECAS,,,53,VILLA GONZALEZ ORTEGA,,,REG,PAN,3,CLAUDIO GALLEGOS VÁZQUEZ,1,ACME_VILLA GONZALEZ ORTEGA_009/2021,PAN
,32,ZACATECAS,,,53,VILLA GONZALEZ ORTEGA,,,REG,PAN,4,NANCY MARTÍNEZ MEJÍA,2,ACME_VILLA GONZALEZ ORTEGA_009/2021,PAN
,32,ZACATECAS,,,53,VILLA GONZALEZ ORTEGA,,,REG,PAN,5,OSCAR DANIEL ÁLVAREZ MEDINA,1,ACME_VILLA GONZALEZ ORTEGA_009/2021,PAN
,32,ZACATECAS,,,53,VILLA GONZALEZ ORTEGA,,,REG,PAN,6,MARTINA GONZÁLEZ MAURICIO,2,ACME_VILLA GONZALEZ ORTEGA_009/2021,PAN
,32,ZACATECAS,,,53,VILLA GONZALEZ ORTEGA,,,REG_RP,PRI,1,ROCÍO LÓPEZ AMAYA,2,ACG_IEEZ_113/VIII/2021,PRI
,32,ZACATECAS,,,53,VILLA GONZALEZ ORTEGA,,,REG_RP,PRI,2,ISAÍAS RODRÍGUEZ OLIVARES,1,ACG_IEEZ_113/VIII/2021,PRI
,32,ZACATECAS,,,53,VILLA GONZALEZ ORTEGA,,,REG_RP,PT,1,TANIA LÓPEZ CASTRO,2,ACG_IEEZ_113/VIII/2021,PT
,32,ZACATECAS,,,53,VILLA GONZALEZ ORTEGA,,,REG_RP,PANALZ,1,MATILDE MORENO GONZÁLEZ,2,ACG_IEEZ_113/VIII/2021,NAZ
,32,ZACATECAS,,,54,VILLA HIDALGO,,,PRES_MUN,PAN_PRI_PRD,1,OMAR BAUDELIO MARÍN SÁNCHEZ,1,SIN NÚMERO,PRI
,32,ZACATECAS,,,54,VILLA HIDALGO,,,SIND,PAN_PRI_PRD,1,LAURA ALICIA DÁVILA TORRES,2,SIN NÚMERO,PRI
,32,ZACATECAS,,,54,VILLA HIDALGO,,,REG,PAN_PRI_PRD,1,JOSÉ CHÉVEZ PÁEZ,1,SIN NÚMERO,PRI
,32,ZACATECAS,,,54,VILLA HIDALGO,,,REG,PAN_PRI_PRD,2,ENEDINA DURÓN ESCOBEDO,2,SIN NÚMERO,PRI
,32,ZACATECAS,,,54,VILLA HIDALGO,,,REG,PAN_PRI_PRD,3,JAIME GUERRERO DELGADO,1,SIN NÚMERO,PRI
,32,ZACATECAS,,,54,VILLA HIDALGO,,,REG,PAN_PRI_PRD,4,MARTHA ALICIA SÁNCHEZ FLORES,2,SIN NÚMERO,PRI
,32,ZACATECAS,,,54,VILLA HIDALGO,,,REG,PAN_PRI_PRD,5,GUMERCINDO ORTIZ MARTÍNEZ,1,SIN NÚMERO,PRD
,32,ZACATECAS,,,54,VILLA HIDALGO,,,REG,PAN_PRI_PRD,6,FABIOLA BERENICE MARTÍNEZ CORTÉZ,2,SIN NÚMERO,PRD
,32,ZACATECAS,,,54,VILLA HIDALGO,,,REG_RP,PT,1,OLIVIA GARZA ESCAMILLA,2,ACG_IEEZ_113/VIII/2021,PT
,32,ZACATECAS,,,54,VILLA HIDALGO,,,REG_RP,PT,2,MANUEL RODRÍGUEZ HERRERA,1,ACG_IEEZ_113/VIII/2021,PT
,32,ZACATECAS,,,54,VILLA HIDALGO,,,REG_RP,PT,3,JUANA ISABEL MARES HUERTA,2,ACG_IEEZ_113/VIII/2021,PT
,32,ZACATECAS,,,54,VILLA HIDALGO,,,REG_RP,MORENA,1,MA. DE LA LUZ HERNÁNDEZ GALLEGOS,2,ACG_IEEZ_113/VIII/2021,MORENA
,32,ZACATECAS,,,55,VILLANUEVA,,,PRES_MUN,MORENA,1,ROGELIO GONZÁLEZ ÁLVAREZ,1,SIN NÚMERO,MORENA
,32,ZACATECAS,,,55,VILLANUEVA,,,SIND,MORENA,1,MARÍA TERESA MARTÍNEZ MEZA,2,SIN NÚMERO,MORENA
,32,ZACATECAS,,,55,VILLANUEVA,,,REG,MORENA,1,IGNACIO HERNÁNDEZ DE ÁVILA,1,SIN NÚMERO,MORENA
,32,ZACATECAS,,,55,VILLANUEVA,,,REG,MORENA,2,ALEJANDRA REYES ORTEGA,2,SIN NÚMERO,MORENA
,32,ZACATECAS,,,55,VILLANUEVA,,,REG,MORENA,3,SALVADOR ARISTORENA NAVARRO,1,SIN NÚMERO,MORENA
,32,ZACATECAS,,,55,VILLANUEVA,,,REG,MORENA,4,MARÍA GUADALUPE FLORES HERNÁNDEZ,2,SIN NÚMERO,MORENA
,32,ZACATECAS,,,55,VILLANUEVA,,,REG,MORENA,5,HUGO FERNANDO JIMÉNEZ LOZANO,1,SIN NÚMERO,MORENA
,32,ZACATECAS,,,55,VILLANUEVA,,,REG,MORENA,6,VERÓNICA URQUIZO URQUIZO,2,SIN NÚMERO,MORENA
,32,ZACATECAS,,,55,VILLANUEVA,,,REG_RP,PRI,1,MARÍA DE JESÚS OLIVARES ESPINOSA,2,ACG_IEEZ_113/VIII/2021,PRI
,32,ZACATECAS,,,55,VILLANUEVA,,,REG_RP,PRD,1,ANA LILIA QUIRÓZ RÍOS,2,ACG_IEEZ_113/VIII/2021,PRD
,32,ZACATECAS,,,55,VILLANUEVA,,,REG_RP,PRD,2,LUIS FERNANDO MENDEZ BARAJAS,1,ACG_IEEZ_113/VIII/2021,PRD
,32,ZACATECAS,,,55,VILLANUEVA,,,REG_RP,PRD,3,EVA RUÍZ ROMERO,2,ACG_IEEZ_113/VIII/2021,PRD
,32,ZACATECAS,,,56,ZACATECAS,,,PRES_MUN,PT_PVEM_MORENA_PANALZ,1,JORGE MIRANDA CASTRO,1,ACME_ZAC_12/2021,PVEM
,32,ZACATECAS,,,56,ZACATECAS,,,SIND,PT_PVEM_MORENA_PANALZ,1,RUTH CALDERÓN BABÚN,2,ACME_ZAC_12/2021,MORENA
,32,ZACATECAS,,,56,ZACATECAS,,,REG,PT_PVEM_MORENA_PANALZ,1,LUIS EDUARDO MONREAL MORENO,1,ACME_ZAC_12/2021,MORENA
,32,ZACATECAS,,,56,ZACATECAS,,,REG,PT_PVEM_MORENA_PANALZ,2,MARÍA SALMA SARAHÍ CRÚZ ÁVILA,2,ACME_ZAC_12/2021,PVEM
,32,ZACATECAS,,,56,ZACATECAS,,,REG,PT_PVEM_MORENA_PANALZ,3,SAMUEL REVELES CARRILLO,1,ACME_ZAC_12/2021,PT
,32,ZACATECAS,,,56,ZACATECAS,,,REG,PT_PVEM_MORENA_PANALZ,4,MA. GUADALUPE SALAZAR CONTRERAS,2,ACME_ZAC_12/2021,MORENA
,32,ZACATECAS,,,56,ZACATECAS,,,REG,PT_PVEM_MORENA_PANALZ,5,SERGIO ALEJANDRO GARFIAS DELGADO,1,ACME_ZAC_12/2021,MORENA
,32,ZACATECAS,,,56,ZACATECAS,,,REG,PT_PVEM_MORENA_PANALZ,6,DARINKA EXIQUIA DE LEÓN PÉREZ,2,ACME_ZAC_12/2021,PVEM
,32,ZACATECAS,,,56,ZACATECAS,,,REG,PT_PVEM_MORENA_PANALZ,7,OSCAR ALBERTO MARTÍNEZ RODRÍGUEZ,1,ACME_ZAC_12/2021,PVEM
,32,ZACATECAS,,,56,ZACATECAS,,,REG,PT_PVEM_MORENA_PANALZ,8,RUTH DUEÑAS ESQUIVEL,2,ACME_ZAC_12/2021,PVEM
,32,ZACATECAS,,,56,ZACATECAS,,,REG_RP,PAN,1,GEORGINA ALEJANDRA ARCE RAMÍREZ,2,ACG_IEEZ_113/VIII/2021,PAN
,32,ZACATECAS,,,56,ZACATECAS,,,REG_RP,PRI,1,LUZMA ELIZABETH MELLADO DÍAZ,2,ACG_IEEZ_113/VIII/2021,PRI
,32,ZACATECAS,,,56,ZACATECAS,,,REG_RP,PRI,2,CARLO MAGNO LARA MURUATO,1,ACG_IEEZ_113/VIII/2021,PRI
,32,ZACATECAS,,,56,ZACATECAS,,,REG_RP,PES,1,MA. LOURDES DELGADILLO DÁVILA,2,ACG_IEEZ_113/VIII/2021,PES
,32,ZACATECAS,,,56,ZACATECAS,,,REG_RP,PES,2,FELIPE MARÍN REYES,1,ACG_IEEZ_113/VIII/2021,PES
,32,ZACATECAS,,,56,ZACATECAS,,,REG_RP,FXM,1,MARÍA GUADALUPE LETICIA MÁRQUEZ VELÁSCO,2,ACG_IEEZ_113/VIII/2021,FSM
,32,ZACATECAS,,,57,TRANCOSO,,,PRES_MUN,PT,1,ANTONIO ROCHA ROMO,1,SIN NÚMERO,PT
,32,ZACATECAS,,,57,TRANCOSO,,,SIND,PT,1,NIDIA CAROLINA BARRÓN BORREGO,2,SIN NÚMERO,PT
,32,ZACATECAS,,,57,TRANCOSO,,,REG,PT,1,JOSÉ LUIS CHAIREZ ESPARZA,1,SIN NÚMERO,PT
,32,ZACATECAS,,,57,TRANCOSO,,,REG,PT,2,ANA MARGARITA LUEVANO QUINTERO,2,SIN NÚMERO,PT
,32,ZACATECAS,,,57,TRANCOSO,,,REG,PT,3,JAIME LEONARDO RIVERA TIJERÍN,1,SIN NÚMERO,PT
,32,ZACATECAS,,,57,TRANCOSO,,,REG,PT,4,BEATRIZ MAURICIO JUÁREZ,2,SIN NÚMERO,PT
,32,ZACATECAS,,,57,TRANCOSO,,,REG,PT,5,DANIEL TORRES CHAIREZ,1,SIN NÚMERO,PT
,32,ZACATECAS,,,57,TRANCOSO,,,REG,PT,6,ROSA MARÍA LÓPEZ CHAIREZ,2,SIN NÚMERO,PT
,32,ZACATECAS,,,57,TRANCOSO,,,REG_RP,PRI,1,JULIA PATIÑO CEPEDA,2,ACG_IEEZ_113/VIII/2021,PRI
,32,ZACATECAS,,,57,TRANCOSO,,,REG_RP,PRI,2,JAIME CHACÓN LLANAS,1,ACG_IEEZ_113/VIII/2021,PRI
,32,ZACATECAS,,,57,TRANCOSO,,,REG_RP,MORENA,1,MARGARITA RAUDALES REYES,2,ACG_IEEZ_113/VIII/2021,MORENA
,32,ZACATECAS,,,57,TRANCOSO,,,REG_RP,MORENA,2,J. MARCOS GALINDO RIVERA,1,ACG_IEEZ_113/VIII/2021,MORENA
,32,ZACATECAS,,,58,SANTA MARIA DE LA PAZ,,,PRES_MUN,PAN_PRI_PRD,1,JOSÉ MANUEL GONZÁLEZ DORADO,1,ACME: 09/2021,PAN
,32,ZACATECAS,,,58,SANTA MARIA DE LA PAZ,,,SIND,PAN_PRI_PRD,1,LETICIA CARRERO RAMOS,2,ACME: 09/2021,PAN
,32,ZACATECAS,,,58,SANTA MARIA DE LA PAZ,,,REG,PAN_PRI_PRD,1,ARMANDO GUTIÉRREZ RIVERA,1,ACME: 09/2021,PAN
,32,ZACATECAS,,,58,SANTA MARIA DE LA PAZ,,,REG,PAN_PRI_PRD,2,SANDRA NÚÑEZ SORIA,2,ACME: 09/2021,PAN
,32,ZACATECAS,,,58,SANTA MARIA DE LA PAZ,,,REG,PAN_PRI_PRD,3,JAIME GUADALUPE BAÑUELOS CERVANTES,1,ACME: 09/2021,PRI
,32,ZACATECAS,,,58,SANTA MARIA DE LA PAZ,,,REG,PAN_PRI_PRD,4,MARÍA GUADALUPE CAMPOS CARRILLO,2,ACME: 09/2021,PRI
,32,ZACATECAS,,,58,SANTA MARIA DE LA PAZ,,,REG_RP,MC,1,SANDRA MARÍN ROBLES,2,ACG_IEEZ_113/VIII/2021,MC
,32,ZACATECAS,,,58,SANTA MARIA DE LA PAZ,,,REG_RP,MC,2,CARLOS MAURICIO CARLOS GUARDADO,1,ACG_IEEZ_113/VIII/2021,MC
,32,ZACATECAS,,,58,SANTA MARIA DE LA PAZ,,,REG_RP,MORENA,1,ELENA ORTIZ CASTAÑEDA,2,ACG_IEEZ_113/VIII/2021,MORENA
