CIRCUNSCRIPCION,ID_ESTADO,NOMBRE_ESTADO,ID_DISTRITO,CABECERA_DISTRITAL,ID_MUNICIPIO,MUNICIPIO,SECCION,CASILLAS,PAN,PRI,PRD,PVEM,MC,NVA_ALIANZA,PAC,PS,MORENA,ES,PRI_PVEM_NVA_ALIANZA_PS,PRI_NVA_ALIANZA_PVEM,PRI_PS_PVEM,PRI_PS_NVA_ALIANZA,PVEM_PS_NVA_ALIANZA,PRI_PVEM,PRI_NVA_ALIANZA,PRI_PS,PVEM_NVA_ALIANZA,PVEM_PS,NVA_ALIANZA_PS,CAND_IND1,NUM_VOTOS_CAN_NREG,NUM_VOTOS_VALIDOS,NUM_VOTOS_NULOS,TOTAL_VOTOS,LISTA_NOMINAL
4,29,TLAXCALA,1,CALPULALPAN,6,CALPULALPAN,78,6,416,505,536,25,30,40,111,26,90,34,7,1,0,0,0,3,3,0,0,0,0,39,0,1866,87,1953,3784
4,29,TLAXCALA,1,CALPULALPAN,6,CALPULALPAN,79,4,182,305,309,2,24,8,66,17,59,19,2,0,0,0,0,2,1,0,0,0,0,23,0,1019,39,1058,2028
4,29,TLAXCALA,1,CALPULALPAN,6,CALPULALPAN,80,2,146,210,280,11,22,8,39,3,57,14,4,0,0,0,0,0,0,0,0,0,0,9,0,803,26,829,1406
4,29,TLAXCALA,1,CALPULALPAN,6,CALPULALPAN,81,3,157,270,249,11,25,12,57,6,82,34,9,0,1,0,0,0,0,0,0,0,0,17,0,930,44,974,1714
4,29,TLAXCALA,1,CALPULALPAN,6,CALPULALPAN,82,3,203,254,272,5,22,11,39,7,83,25,4,2,0,0,0,0,0,0,0,0,0,29,0,956,22,978,1860
4,29,TLAXCALA,1,CALPULALPAN,6,CALPULALPAN,83,4,281,302,346,9,44,15,63,13,117,35,2,0,0,0,0,1,0,0,0,0,0,32,0,1260,38,1298,2372
4,29,TLAXCALA,1,CALPULALPAN,6,CALPULALPAN,84,1,73,114,115,1,16,4,14,4,23,10,1,1,0,0,0,0,0,1,0,0,0,8,0,385,21,406,715
4,29,TLAXCALA,1,CALPULALPAN,6,CALPULALPAN,85,3,315,252,365,4,18,4,69,22,65,10,3,1,0,0,0,3,0,1,0,0,1,20,0,1153,42,1195,1974
4,29,TLAXCALA,1,CALPULALPAN,6,CALPULALPAN,86,3,220,309,305,10,25,10,42,18,50,10,1,0,0,0,0,0,0,0,0,0,0,11,0,1011,36,1047,1646
4,29,TLAXCALA,1,CALPULALPAN,6,CALPULALPAN,87,2,107,164,130,4,9,3,33,6,46,9,0,0,0,0,0,1,0,1,0,0,0,13,0,526,25,551,953
4,29,TLAXCALA,1,CALPULALPAN,6,CALPULALPAN,88,2,164,157,218,9,24,6,58,7,62,13,2,1,0,0,0,0,0,0,0,0,0,23,0,744,36,780,1324
4,29,TLAXCALA,1,CALPULALPAN,6,CALPULALPAN,89,3,315,248,306,12,22,9,29,15,125,17,3,0,0,0,0,0,0,1,0,1,0,27,0,1130,37,1167,1981
4,29,TLAXCALA,1,CALPULALPAN,6,CALPULALPAN,90,4,329,279,314,4,41,17,103,13,123,23,5,1,0,0,0,0,1,1,0,0,0,33,0,1287,67,1354,2454
4,29,TLAXCALA,1,CALPULALPAN,6,CALPULALPAN,91,1,126,191,133,4,5,8,22,13,20,1,3,0,0,0,0,10,2,0,0,0,0,2,0,540,8,548,740
4,29,TLAXCALA,1,CALPULALPAN,6,CALPULALPAN,92,3,376,357,292,8,18,12,50,16,62,26,1,0,0,0,0,3,0,0,0,0,0,13,0,1234,35,1269,1884
4,29,TLAXCALA,1,CALPULALPAN,6,CALPULALPAN,93,2,157,177,138,8,38,12,44,5,76,61,0,0,0,0,0,0,1,0,1,0,0,7,1,726,23,749,1213
4,29,TLAXCALA,1,CALPULALPAN,6,CALPULALPAN,94,2,128,179,143,4,11,4,32,2,65,6,0,0,0,0,0,1,0,0,0,0,0,6,0,581,9,590,859
4,29,TLAXCALA,1,CALPULALPAN,6,CALPULALPAN,95,1,109,85,30,1,2,1,3,3,7,2,1,0,0,0,0,0,0,0,0,0,0,1,0,245,8,253,407
4,29,TLAXCALA,1,CALPULALPAN,6,CALPULALPAN,96,1,0,0,0,0,0,0,0,0,0,0,0,0,0,0,0,0,0,0,0,0,0,0,0,0,0,0,601
4,29,TLAXCALA,1,CALPULALPAN,6,CALPULALPAN,97,2,102,217,97,6,12,2,30,3,18,3,0,2,0,0,0,3,1,0,0,0,0,2,0,498,17,515,872
4,29,TLAXCALA,1,CALPULALPAN,6,CALPULALPAN,98,3,206,206,218,7,43,11,44,13,68,9,1,0,0,0,0,0,0,0,0,0,0,9,0,835,44,879,1593
4,29,TLAXCALA,1,CALPULALPAN,20,SANCTORUM DE LAZARO CARDENAS,292,2,129,158,341,28,51,45,52,31,39,33,1,0,0,0,0,0,0,0,0,0,0,12,0,920,37,957,1366
4,29,TLAXCALA,1,CALPULALPAN,20,SANCTORUM DE LAZARO CARDENAS,293,2,155,145,277,39,21,44,71,48,61,23,0,1,0,0,0,2,4,1,0,0,1,5,0,898,27,925,1323
4,29,TLAXCALA,1,CALPULALPAN,20,SANCTORUM DE LAZARO CARDENAS,294,2,76,132,271,7,25,47,31,38,31,37,1,1,0,0,0,1,1,0,0,0,0,5,0,704,25,729,1002
4,29,TLAXCALA,1,CALPULALPAN,20,SANCTORUM DE LAZARO CARDENAS,297,2,407,121,272,19,9,20,12,3,36,7,2,0,0,0,0,1,2,0,0,0,0,4,0,915,34,949,1335
4,29,TLAXCALA,1,CALPULALPAN,20,SANCTORUM DE LAZARO CARDENAS,298,3,272,127,320,9,6,21,20,10,29,7,1,0,0,0,0,0,1,0,0,0,0,17,2,842,19,861,1250
4,29,TLAXCALA,1,CALPULALPAN,21,NANACAMILPA DE MARIANO ARISTA,299,4,196,415,525,19,11,93,15,17,87,8,1,1,0,0,0,3,1,1,0,0,0,23,0,1416,43,1459,2543
4,29,TLAXCALA,1,CALPULALPAN,21,NANACAMILPA DE MARIANO ARISTA,300,2,119,223,271,14,5,58,10,19,39,4,1,1,0,0,0,0,6,1,0,0,0,9,0,780,31,811,1326
4,29,TLAXCALA,1,CALPULALPAN,21,NANACAMILPA DE MARIANO ARISTA,301,4,209,458,474,17,8,185,11,4,40,5,3,0,0,0,0,0,1,0,0,0,0,13,0,1428,47,1475,2271
4,29,TLAXCALA,1,CALPULALPAN,21,NANACAMILPA DE MARIANO ARISTA,302,4,159,402,557,10,13,74,15,17,79,5,0,1,0,1,0,3,0,0,0,0,0,12,1,1349,58,1407,2331
4,29,TLAXCALA,1,CALPULALPAN,21,NANACAMILPA DE MARIANO ARISTA,303,2,97,147,209,2,7,21,10,2,16,1,0,0,0,0,0,1,0,1,0,0,0,12,0,526,18,544,827
4,29,TLAXCALA,1,CALPULALPAN,21,NANACAMILPA DE MARIANO ARISTA,304,2,150,256,222,7,3,4,4,15,12,1,1,0,0,0,0,0,0,0,0,0,0,2,1,678,28,706,916
4,29,TLAXCALA,1,CALPULALPAN,21,NANACAMILPA DE MARIANO ARISTA,305,1,32,114,45,5,1,8,1,0,9,0,0,0,0,0,0,0,0,1,0,0,0,1,0,217,6,223,333
4,29,TLAXCALA,1,CALPULALPAN,21,NANACAMILPA DE MARIANO ARISTA,306,1,26,56,27,0,2,0,1,0,19,0,0,0,0,0,0,0,0,0,0,0,0,0,0,131,3,134,172
4,29,TLAXCALA,1,CALPULALPAN,21,NANACAMILPA DE MARIANO ARISTA,307,1,56,129,106,5,2,22,7,0,13,0,1,0,0,0,0,0,1,0,0,0,0,2,0,344,14,358,507
4,29,TLAXCALA,1,CALPULALPAN,21,NANACAMILPA DE MARIANO ARISTA,308,2,76,299,227,7,49,53,5,39,25,2,0,0,0,0,0,0,0,3,0,0,0,5,1,791,22,813,1172
4,29,TLAXCALA,1,CALPULALPAN,60,BENITO JUAREZ,295,4,247,481,593,6,18,18,43,92,140,101,2,0,0,0,0,0,0,1,0,0,1,15,0,1758,43,1801,2489
4,29,TLAXCALA,1,CALPULALPAN,60,BENITO JUAREZ,296,3,141,318,354,3,5,5,62,52,102,45,2,1,0,0,2,1,0,0,0,0,0,3,0,1096,29,1125,1525
4,29,TLAXCALA,2,TLAXCO,4,ATLANGATEPEC,49,1,77,117,229,3,9,19,4,7,22,0,0,0,0,0,0,0,0,1,0,0,0,4,0,492,20,512,647
4,29,TLAXCALA,2,TLAXCO,4,ATLANGATEPEC,50,1,19,153,69,0,1,16,1,4,13,1,0,0,0,0,0,0,0,0,0,0,0,0,0,277,10,287,343
4,29,TLAXCALA,2,TLAXCO,4,ATLANGATEPEC,51,1,32,97,69,3,13,10,3,5,10,0,1,0,0,0,0,0,0,0,0,0,0,2,0,245,7,252,305
4,29,TLAXCALA,2,TLAXCO,4,ATLANGATEPEC,52,1,11,40,12,1,0,4,1,5,7,0,0,0,0,0,0,0,0,0,0,0,2,0,0,83,1,84,101
4,29,TLAXCALA,2,TLAXCO,4,ATLANGATEPEC,53,2,217,239,157,11,32,13,5,10,50,1,0,1,0,0,0,0,1,2,0,1,0,2,0,742,22,764,1065
4,29,TLAXCALA,2,TLAXCO,4,ATLANGATEPEC,54,1,65,70,87,3,1,6,2,1,25,0,0,1,0,0,0,0,0,0,0,0,0,2,0,263,7,270,380
4,29,TLAXCALA,2,TLAXCO,4,ATLANGATEPEC,55,1,59,86,49,1,0,10,7,2,21,0,1,0,0,0,0,0,0,1,0,0,1,0,0,238,11,249,311
4,29,TLAXCALA,2,TLAXCO,4,ATLANGATEPEC,56,2,157,403,184,4,7,61,10,7,41,0,2,1,0,0,0,1,0,3,0,0,1,5,0,887,24,911,1163
4,29,TLAXCALA,2,TLAXCO,4,ATLANGATEPEC,57,1,55,86,75,0,18,3,1,4,4,0,0,0,0,0,0,0,0,0,0,0,0,1,0,247,6,253,350
4,29,TLAXCALA,2,TLAXCO,31,TETLA DE LA SOLIDARIDAD,409,2,165,201,316,11,10,7,12,110,24,1,4,0,0,0,0,0,0,1,0,0,0,10,1,873,25,898,1271
4,29,TLAXCALA,2,TLAXCO,31,TETLA DE LA SOLIDARIDAD,410,2,245,241,198,10,19,2,12,113,39,1,2,0,0,0,0,1,0,0,0,0,0,9,0,892,24,916,1223
4,29,TLAXCALA,2,TLAXCO,31,TETLA DE LA SOLIDARIDAD,411,4,382,379,474,11,42,9,14,125,89,10,1,1,0,0,0,0,1,0,0,0,0,29,1,1568,62,1630,2480
4,29,TLAXCALA,2,TLAXCO,31,TETLA DE LA SOLIDARIDAD,412,4,458,340,497,16,40,13,25,114,77,13,4,0,0,0,0,0,0,1,0,0,0,12,1,1611,46,1657,2742
4,29,TLAXCALA,2,TLAXCO,31,TETLA DE LA SOLIDARIDAD,413,2,214,210,206,7,27,3,9,76,54,4,2,0,0,0,0,0,0,0,0,0,0,4,0,816,35,851,1214
4,29,TLAXCALA,2,TLAXCO,31,TETLA DE LA SOLIDARIDAD,414,2,126,91,142,5,18,3,10,19,31,6,2,0,0,0,0,0,0,0,0,0,0,13,1,467,14,481,818
4,29,TLAXCALA,2,TLAXCO,31,TETLA DE LA SOLIDARIDAD,415,2,152,126,162,4,41,4,14,20,39,4,0,0,0,0,0,1,0,0,0,0,0,12,0,579,14,593,1044
4,29,TLAXCALA,2,TLAXCO,31,TETLA DE LA SOLIDARIDAD,416,2,349,155,73,5,8,6,3,206,10,0,2,0,0,0,0,0,0,1,0,0,0,5,0,823,17,840,1065
4,29,TLAXCALA,2,TLAXCO,31,TETLA DE LA SOLIDARIDAD,417,1,84,93,13,0,3,0,0,47,0,1,0,0,0,0,0,0,0,0,0,0,0,0,0,241,0,241,302
4,29,TLAXCALA,2,TLAXCO,31,TETLA DE LA SOLIDARIDAD,418,1,85,55,74,3,12,0,1,37,28,0,0,0,0,0,0,0,0,0,0,0,0,4,0,299,12,311,407
4,29,TLAXCALA,2,TLAXCO,31,TETLA DE LA SOLIDARIDAD,419,1,68,147,81,4,34,0,5,196,20,1,0,1,0,0,0,0,0,0,0,0,0,2,0,559,10,569,582
4,29,TLAXCALA,2,TLAXCO,31,TETLA DE LA SOLIDARIDAD,420,3,456,197,249,16,26,9,20,126,54,2,1,0,0,0,0,0,0,2,1,1,0,14,0,1174,37,1211,1776
4,29,TLAXCALA,2,TLAXCO,31,TETLA DE LA SOLIDARIDAD,421,3,542,214,273,14,15,11,11,86,58,2,1,1,0,0,0,1,0,2,0,0,0,5,1,1237,39,1276,2025
4,29,TLAXCALA,2,TLAXCO,31,TETLA DE LA SOLIDARIDAD,422,5,500,542,451,9,44,8,27,243,57,6,3,0,0,0,0,0,0,2,0,0,0,13,3,1908,56,1964,3251
4,29,TLAXCALA,2,TLAXCO,31,TETLA DE LA SOLIDARIDAD,423,1,66,54,30,1,1,0,0,23,8,0,0,0,0,0,0,0,0,0,0,0,0,1,0,184,7,191,219
4,29,TLAXCALA,2,TLAXCO,34,TLAXCO,58,1,34,51,27,2,2,1,1,1,3,0,1,0,0,0,0,0,0,0,0,1,0,1,0,125,2,127,194
4,29,TLAXCALA,2,TLAXCO,34,TLAXCO,470,2,147,158,141,8,15,68,6,12,25,1,0,1,0,0,0,0,0,0,0,0,0,5,0,587,23,610,894
4,29,TLAXCALA,2,TLAXCO,34,TLAXCO,471,2,233,215,181,7,8,45,7,18,34,1,1,3,0,0,1,0,2,0,1,0,0,4,0,761,50,811,1239
4,29,TLAXCALA,2,TLAXCO,34,TLAXCO,472,2,152,197,192,8,59,34,11,9,34,1,2,0,0,0,0,1,0,0,0,0,0,16,0,716,36,752,1175
4,29,TLAXCALA,2,TLAXCO,34,TLAXCO,473,2,158,192,157,15,8,51,8,12,35,1,2,0,0,1,0,0,0,0,0,0,0,12,0,652,25,677,975
4,29,TLAXCALA,2,TLAXCO,34,TLAXCO,474,3,217,301,338,11,14,53,11,25,36,1,2,0,0,0,0,0,2,0,0,0,0,16,0,1027,15,1042,1586
4,29,TLAXCALA,2,TLAXCO,34,TLAXCO,475,3,174,315,218,5,12,16,12,7,38,2,1,2,0,0,0,0,0,0,0,0,1,16,1,820,18,838,1237
4,29,TLAXCALA,2,TLAXCO,34,TLAXCO,476,4,359,488,336,37,41,75,24,32,87,7,3,1,0,0,0,4,2,1,1,0,2,51,0,1551,64,1615,2533
4,29,TLAXCALA,2,TLAXCO,34,TLAXCO,477,2,143,202,209,11,16,43,10,10,37,2,1,1,0,0,0,3,0,0,0,0,0,2,1,691,21,712,1012
4,29,TLAXCALA,2,TLAXCO,34,TLAXCO,478,1,75,95,82,2,7,12,8,1,19,3,110,0,0,0,0,0,0,0,0,0,0,5,0,419,11,430,417
4,29,TLAXCALA,2,TLAXCO,34,TLAXCO,479,1,42,82,26,3,5,8,1,9,4,0,0,1,0,0,0,0,1,0,0,0,1,1,0,184,9,193,302
4,29,TLAXCALA,2,TLAXCO,34,TLAXCO,480,1,48,42,36,1,7,9,3,2,6,0,0,0,0,0,0,0,0,0,0,0,0,1,0,155,8,163,248
4,29,TLAXCALA,2,TLAXCO,34,TLAXCO,481,3,215,440,443,14,14,14,0,13,33,2,0,0,0,0,0,1,1,1,0,0,0,10,0,1201,35,1236,1880
4,29,TLAXCALA,2,TLAXCO,34,TLAXCO,482,3,395,224,227,13,37,68,25,21,34,2,0,1,0,0,0,1,0,0,0,0,2,12,0,1062,32,1094,1725
4,29,TLAXCALA,2,TLAXCO,34,TLAXCO,483,1,24,0,9,0,0,0,0,0,0,0,44,0,0,0,0,0,0,0,0,0,0,0,0,77,1,78,116
4,29,TLAXCALA,2,TLAXCO,34,TLAXCO,484,3,161,291,345,5,94,51,3,57,35,1,2,0,0,0,0,2,0,1,2,1,0,4,0,1055,29,1084,1717
4,29,TLAXCALA,2,TLAXCO,34,TLAXCO,485,1,85,114,83,5,28,24,12,32,27,2,0,0,0,0,0,0,0,0,0,0,0,5,0,417,14,431,648
4,29,TLAXCALA,2,TLAXCO,34,TLAXCO,486,1,78,96,85,5,26,24,4,37,18,1,0,0,0,0,0,2,0,0,0,0,0,10,0,386,16,402,589
4,29,TLAXCALA,2,TLAXCO,34,TLAXCO,487,1,12,8,6,1,2,1,0,1,2,0,0,0,0,0,0,0,0,0,0,0,0,0,0,33,0,33,204
4,29,TLAXCALA,2,TLAXCO,34,TLAXCO,488,2,162,185,169,7,65,44,7,23,34,1,0,3,0,0,0,0,1,0,0,0,0,6,3,710,48,758,1204
4,29,TLAXCALA,2,TLAXCO,34,TLAXCO,490,1,76,19,32,2,5,13,0,0,0,0,0,0,0,0,0,0,0,0,0,0,0,0,0,147,0,147,185
4,29,TLAXCALA,2,TLAXCO,34,TLAXCO,491,4,223,468,535,16,47,61,12,89,32,4,2,2,0,0,1,0,5,2,0,0,0,4,0,1503,32,1535,2433
4,29,TLAXCALA,2,TLAXCO,34,TLAXCO,492,1,40,99,42,0,8,12,4,10,4,0,0,0,0,0,0,0,0,0,1,0,0,0,0,220,16,236,277
4,29,TLAXCALA,2,TLAXCO,34,TLAXCO,493,1,56,120,108,6,16,13,1,10,18,0,0,0,0,0,0,2,0,0,0,0,0,3,0,353,15,368,517
4,29,TLAXCALA,2,TLAXCO,34,TLAXCO,494,2,107,93,153,28,23,32,7,33,14,0,0,0,1,0,0,4,0,1,0,0,0,7,0,503,40,543,814
4,29,TLAXCALA,2,TLAXCO,34,TLAXCO,495,1,95,111,228,5,25,14,5,21,10,0,0,0,0,0,0,1,0,0,0,0,0,1,0,516,17,533,749
4,29,TLAXCALA,2,TLAXCO,34,TLAXCO,496,1,48,102,124,0,6,12,6,26,15,1,0,0,0,0,0,0,1,2,0,0,0,4,0,347,12,359,550
4,29,TLAXCALA,2,TLAXCO,34,TLAXCO,497,2,57,84,85,3,16,35,7,14,8,4,0,1,0,0,0,0,1,0,1,0,0,2,0,318,15,333,416
4,29,TLAXCALA,2,TLAXCO,34,TLAXCO,498,2,39,83,52,1,17,16,9,9,4,1,0,0,0,0,0,0,0,0,0,0,0,0,0,231,9,240,305
4,29,TLAXCALA,2,TLAXCO,34,TLAXCO,499,2,140,167,95,8,8,26,6,17,21,0,0,1,0,0,0,0,1,0,0,0,0,4,0,494,15,509,806
4,29,TLAXCALA,2,TLAXCO,34,TLAXCO,500,1,43,93,61,5,32,5,1,71,21,0,0,0,0,0,0,0,0,1,0,0,0,1,0,334,14,348,454
4,29,TLAXCALA,2,TLAXCO,34,TLAXCO,501,2,165,197,301,2,35,13,3,51,32,2,0,0,0,0,0,0,0,2,1,0,0,9,0,813,42,855,1304
4,29,TLAXCALA,2,TLAXCO,34,TLAXCO,502,1,30,69,85,0,27,6,2,4,1,10,0,0,0,0,0,0,0,0,0,0,0,0,0,234,18,252,311
4,29,TLAXCALA,2,TLAXCO,34,TLAXCO,503,1,19,42,13,0,0,0,0,0,7,0,0,0,0,0,0,0,0,0,0,0,0,0,0,81,0,81,133
4,29,TLAXCALA,2,TLAXCO,34,TLAXCO,504,1,32,94,27,0,3,0,2,0,9,6,0,0,0,0,0,0,0,0,0,0,0,1,0,174,0,174,208
4,29,TLAXCALA,3,XALOZTOC,9,CUAXOMULCO,117,2,271,160,329,23,9,2,33,7,49,1,0,0,0,0,0,1,0,0,0,0,0,10,0,895,32,927,1254
4,29,TLAXCALA,3,XALOZTOC,9,CUAXOMULCO,118,2,148,194,311,16,17,4,25,3,24,1,3,0,0,0,0,1,0,0,0,0,0,0,0,747,24,771,979
4,29,TLAXCALA,3,XALOZTOC,9,CUAXOMULCO,119,1,81,154,131,9,2,2,5,4,24,0,0,0,0,0,0,1,0,0,0,0,0,7,0,420,16,436,538
4,29,TLAXCALA,3,XALOZTOC,9,CUAXOMULCO,120,1,70,42,48,7,0,1,3,0,16,1,0,0,0,0,0,0,0,0,0,0,0,0,0,188,2,190,226
4,29,TLAXCALA,3,XALOZTOC,9,CUAXOMULCO,121,2,190,197,322,44,15,5,44,6,38,1,0,0,0,0,0,4,0,0,0,0,0,2,0,868,20,888,1137
4,29,TLAXCALA,3,XALOZTOC,30,TERRENATE,398,3,429,427,480,18,5,18,13,62,98,1,5,0,0,0,0,4,0,2,1,0,2,22,0,1587,42,1629,2208
4,29,TLAXCALA,3,XALOZTOC,30,TERRENATE,399,2,298,422,227,16,2,7,19,63,27,1,2,1,0,0,0,3,0,3,0,1,0,7,0,1099,42,1141,1495
4,29,TLAXCALA,3,XALOZTOC,30,TERRENATE,403,2,233,345,135,30,2,25,17,34,17,0,1,1,1,0,0,3,1,0,1,0,0,0,0,846,24,870,1196
4,29,TLAXCALA,3,XALOZTOC,30,TERRENATE,404,4,336,441,426,53,35,118,14,98,64,1,7,1,0,1,0,7,1,2,2,0,3,12,0,1622,58,1680,2282
4,29,TLAXCALA,3,XALOZTOC,30,TERRENATE,405,1,25,117,33,4,0,6,0,7,2,0,1,0,0,0,0,4,1,0,0,0,2,1,0,203,3,206,244
4,29,TLAXCALA,3,XALOZTOC,30,TERRENATE,406,1,94,82,84,21,7,9,4,11,10,0,2,2,0,0,0,2,1,0,0,0,0,3,0,332,22,354,438
4,29,TLAXCALA,3,XALOZTOC,30,TERRENATE,407,1,200,112,138,6,0,6,10,6,25,1,2,1,2,1,0,2,0,0,0,0,0,1,0,513,12,525,662
4,29,TLAXCALA,3,XALOZTOC,30,TERRENATE,408,2,142,448,211,13,1,12,6,7,9,2,5,2,0,0,0,2,2,0,0,0,0,1,2,865,34,899,1197
4,29,TLAXCALA,3,XALOZTOC,35,TOCATLAN,505,4,263,338,567,22,8,40,19,158,73,2,407,0,0,0,0,0,0,0,0,0,0,14,0,1911,46,1957,2312
4,29,TLAXCALA,3,XALOZTOC,35,TOCATLAN,506,2,141,241,255,14,3,15,12,76,22,1,1,0,0,0,0,1,0,3,0,0,0,4,0,789,37,826,1348
4,29,TLAXCALA,3,XALOZTOC,35,TOCATLAN,507,1,73,133,142,1,2,13,4,50,8,0,0,0,0,0,0,0,0,0,0,0,0,1,1,428,7,435,581
4,29,TLAXCALA,3,XALOZTOC,38,TZOMPANTEPEC,527,6,540,495,594,19,22,54,80,28,154,48,2,0,0,0,0,2,1,0,0,0,10,21,9,2079,65,2144,3682
4,29,TLAXCALA,3,XALOZTOC,38,TZOMPANTEPEC,528,6,403,489,706,24,9,44,65,18,126,38,8,2,0,0,0,3,0,3,0,0,1,25,0,1964,62,2026,3245
4,29,TLAXCALA,3,XALOZTOC,38,TZOMPANTEPEC,529,2,227,308,298,25,6,12,13,11,63,14,1,2,0,0,0,1,0,0,0,0,0,10,0,991,33,1024,1393
4,29,TLAXCALA,3,XALOZTOC,38,TZOMPANTEPEC,530,2,153,109,218,4,45,30,11,6,30,10,159,0,0,0,0,0,0,0,0,0,0,4,0,779,14,793,1115
4,29,TLAXCALA,3,XALOZTOC,38,TZOMPANTEPEC,536,1,76,130,156,13,4,4,14,10,79,6,1,0,0,0,0,2,2,1,0,0,0,4,0,502,14,516,669
4,29,TLAXCALA,3,XALOZTOC,38,TZOMPANTEPEC,537,1,56,58,57,0,1,0,12,0,11,6,0,0,0,0,0,0,0,0,0,0,0,1,1,203,3,206,235
4,29,TLAXCALA,3,XALOZTOC,39,XALOZTOC,538,3,368,234,428,40,7,4,44,18,111,3,146,2,0,0,0,0,0,0,0,0,0,7,0,1412,48,1460,2065
4,29,TLAXCALA,3,XALOZTOC,39,XALOZTOC,539,3,363,428,442,74,7,10,20,11,89,5,1,1,0,0,0,2,0,0,0,0,0,8,0,1461,31,1492,1974
4,29,TLAXCALA,3,XALOZTOC,39,XALOZTOC,540,6,448,551,626,75,15,27,60,49,164,6,3,0,0,1,1,2,0,1,0,0,0,20,0,2049,112,2161,3008
4,29,TLAXCALA,3,XALOZTOC,39,XALOZTOC,541,4,392,349,541,93,6,5,36,82,64,4,187,0,0,0,0,1,0,2,0,0,0,15,8,1785,50,1835,2624
4,29,TLAXCALA,3,XALOZTOC,39,XALOZTOC,542,4,245,467,444,156,13,6,54,23,74,3,0,2,0,0,0,1,0,0,0,0,0,19,0,1507,47,1554,2274
4,29,TLAXCALA,3,XALOZTOC,39,XALOZTOC,543,3,310,400,445,45,18,10,32,25,93,2,0,0,0,0,0,0,0,0,0,0,0,13,0,1393,47,1440,1992
4,29,TLAXCALA,3,XALOZTOC,39,XALOZTOC,544,1,81,183,137,26,4,4,9,23,19,1,2,1,1,0,0,3,0,0,0,0,0,5,0,499,6,505,588
4,29,TLAXCALA,3,XALOZTOC,39,XALOZTOC,545,1,117,85,131,12,1,4,14,3,21,0,0,1,0,0,0,0,0,0,0,0,0,7,0,396,15,411,520
4,29,TLAXCALA,3,XALOZTOC,39,XALOZTOC,546,1,79,218,113,53,3,1,8,28,25,0,0,0,0,0,0,0,0,0,0,0,0,3,0,531,19,550,685
4,29,TLAXCALA,3,XALOZTOC,50,SAN JOSE TEACALCO,531,2,128,295,273,6,13,3,31,5,33,8,3,1,0,1,0,1,0,1,0,0,0,4,0,806,28,834,1097
4,29,TLAXCALA,3,XALOZTOC,50,SAN JOSE TEACALCO,532,1,105,191,141,6,3,2,19,6,12,12,0,0,0,0,0,0,0,0,0,2,1,4,0,504,10,514,704
4,29,TLAXCALA,3,XALOZTOC,50,SAN JOSE TEACALCO,533,1,91,166,136,14,6,3,21,10,13,9,0,1,0,0,0,1,0,0,0,0,0,3,1,475,9,484,600
4,29,TLAXCALA,3,XALOZTOC,50,SAN JOSE TEACALCO,534,2,169,296,211,23,11,13,38,5,16,20,0,0,0,0,0,2,1,0,0,0,0,5,0,810,20,830,1066
4,29,TLAXCALA,3,XALOZTOC,50,SAN JOSE TEACALCO,535,1,64,213,98,7,8,4,24,2,11,9,1,0,0,0,0,0,1,0,0,0,0,3,0,445,11,456,595
4,29,TLAXCALA,3,XALOZTOC,54,EMILIANO ZAPATA,400,1,21,44,15,2,1,1,1,1,3,0,0,0,0,0,0,0,1,0,0,0,1,0,0,91,3,94,102
4,29,TLAXCALA,3,XALOZTOC,54,EMILIANO ZAPATA,401,1,18,79,24,2,0,0,0,6,1,0,0,0,0,0,0,0,0,0,0,0,0,0,0,130,3,133,164
4,29,TLAXCALA,3,XALOZTOC,54,EMILIANO ZAPATA,607,3,383,687,321,5,6,11,10,114,58,6,1,1,0,0,1,2,0,2,0,1,0,3,0,1612,49,1661,2064
4,29,TLAXCALA,3,XALOZTOC,54,EMILIANO ZAPATA,608,1,237,155,147,3,8,8,14,16,11,0,0,0,0,0,0,0,2,1,0,0,0,0,0,602,7,609,715
4,29,TLAXCALA,3,XALOZTOC,55,LAZARO CARDENAS,402,1,28,70,56,13,0,2,3,26,5,0,0,1,0,0,0,1,0,2,1,0,0,0,0,208,4,212,239
4,29,TLAXCALA,3,XALOZTOC,55,LAZARO CARDENAS,606,3,239,426,489,119,6,14,39,42,41,30,2,1,0,0,0,3,0,1,0,1,0,2,5,1460,34,1494,1860
4,29,TLAXCALA,4,APIZACO,3,APIZACO,12,2,184,179,166,3,15,2,6,1,31,2,2,0,0,0,0,0,0,0,0,0,0,17,0,608,25,633,1177
4,29,TLAXCALA,4,APIZACO,3,APIZACO,13,3,397,443,296,17,22,14,26,24,113,12,1,0,0,0,0,2,0,0,0,0,0,31,1,1399,35,1434,2191
4,29,TLAXCALA,4,APIZACO,3,APIZACO,14,6,618,683,534,77,84,7,42,8,270,16,7,2,0,0,0,2,0,0,0,0,0,56,0,2406,60,2466,4158
4,29,TLAXCALA,4,APIZACO,3,APIZACO,15,3,211,194,246,9,12,5,13,1,82,3,1,0,0,0,0,2,0,0,0,0,0,11,7,797,29,826,1515
4,29,TLAXCALA,4,APIZACO,3,APIZACO,16,3,250,337,206,6,10,6,7,3,72,1,2,0,0,0,0,2,0,2,0,0,0,4,1,909,40,949,1623
4,29,TLAXCALA,4,APIZACO,3,APIZACO,17,2,179,303,240,5,6,5,19,3,65,4,0,0,0,0,0,0,0,0,0,0,0,6,6,841,21,862,1395
4,29,TLAXCALA,4,APIZACO,3,APIZACO,18,2,174,236,190,4,7,0,6,2,40,2,1,0,0,0,0,0,0,0,0,0,0,9,6,677,25,702,1157
4,29,TLAXCALA,4,APIZACO,3,APIZACO,19,2,298,161,166,2,4,1,11,0,37,2,2,0,0,0,0,2,0,0,0,0,0,13,0,699,26,725,1173
4,29,TLAXCALA,4,APIZACO,3,APIZACO,20,2,155,97,153,8,8,2,6,0,34,0,0,0,0,0,0,1,0,0,0,0,0,7,0,471,13,484,805
4,29,TLAXCALA,4,APIZACO,3,APIZACO,21,1,65,64,60,2,4,2,5,0,26,0,2,0,0,0,0,0,0,0,0,0,0,9,0,239,9,248,392
4,29,TLAXCALA,4,APIZACO,3,APIZACO,22,2,203,272,216,12,6,3,15,2,47,2,1,0,0,1,0,0,0,0,0,0,0,14,0,794,20,814,1396
4,29,TLAXCALA,4,APIZACO,3,APIZACO,23,1,110,128,127,2,2,3,10,2,21,0,1,0,0,0,0,0,0,0,0,0,0,21,0,427,10,437,734
4,29,TLAXCALA,4,APIZACO,3,APIZACO,24,2,112,162,124,2,6,3,15,0,56,4,0,0,0,0,0,0,0,0,0,0,0,9,0,493,12,505,905
4,29,TLAXCALA,4,APIZACO,3,APIZACO,25,2,183,209,207,9,7,8,7,1,52,3,0,0,0,0,0,0,0,0,0,0,0,16,1,703,28,731,1289
4,29,TLAXCALA,4,APIZACO,3,APIZACO,26,2,181,240,156,1,10,6,16,1,66,7,2,1,0,0,0,1,0,0,0,0,0,35,1,724,30,754,1393
4,29,TLAXCALA,4,APIZACO,3,APIZACO,27,3,277,332,267,5,7,2,12,16,63,4,2,0,0,0,0,2,0,0,0,0,0,25,1,1015,23,1038,1913
4,29,TLAXCALA,4,APIZACO,3,APIZACO,28,4,221,219,275,5,7,3,15,2,68,0,0,0,0,0,0,0,0,0,0,0,0,26,0,841,21,862,1507
4,29,TLAXCALA,4,APIZACO,3,APIZACO,29,3,224,279,241,4,9,7,29,6,91,7,2,0,0,0,0,0,1,0,0,0,0,37,1,938,26,964,1627
4,29,TLAXCALA,4,APIZACO,3,APIZACO,30,8,669,855,832,21,24,21,65,10,210,17,4,0,0,0,0,2,0,0,0,0,1,113,3,2847,80,2927,5466
4,29,TLAXCALA,4,APIZACO,3,APIZACO,31,4,423,338,405,20,18,4,23,6,115,10,1,1,0,0,0,2,0,0,0,0,0,48,1,1415,50,1465,2806
4,29,TLAXCALA,4,APIZACO,3,APIZACO,32,3,218,279,335,3,7,3,10,2,65,2,3,1,0,0,0,0,0,0,0,0,0,30,2,960,30,990,1766
4,29,TLAXCALA,4,APIZACO,3,APIZACO,33,3,223,317,275,11,10,6,11,1,76,10,1,0,0,0,0,1,0,0,0,0,0,27,1,970,41,1011,1989
4,29,TLAXCALA,4,APIZACO,3,APIZACO,34,2,200,264,197,3,1,7,19,5,70,4,3,0,0,0,0,1,0,0,0,0,0,25,0,799,12,811,1392
4,29,TLAXCALA,4,APIZACO,3,APIZACO,35,2,146,195,183,4,2,1,15,2,53,1,1,0,0,0,0,0,0,0,0,0,0,9,0,612,22,634,1148
4,29,TLAXCALA,4,APIZACO,3,APIZACO,36,3,190,359,241,6,17,6,38,6,80,8,3,1,0,0,0,1,0,1,0,0,0,36,0,993,36,1029,1964
4,29,TLAXCALA,4,APIZACO,3,APIZACO,37,2,185,196,286,4,7,5,15,0,59,4,0,0,0,0,0,0,0,0,0,0,0,25,1,787,22,809,1293
4,29,TLAXCALA,4,APIZACO,3,APIZACO,39,2,130,365,206,6,5,3,32,4,17,4,0,1,0,0,0,0,1,0,0,0,0,6,0,780,23,803,1098
4,29,TLAXCALA,4,APIZACO,3,APIZACO,40,4,313,542,413,19,26,8,109,15,84,19,2,1,0,0,0,0,0,0,0,0,0,36,0,1587,62,1649,2437
4,29,TLAXCALA,4,APIZACO,3,APIZACO,41,4,422,537,530,21,25,11,90,12,92,30,3,1,0,0,0,2,0,0,0,0,0,29,0,1805,62,1867,2767
4,29,TLAXCALA,4,APIZACO,3,APIZACO,42,1,101,95,98,4,2,0,3,1,23,3,0,0,0,0,0,0,0,0,0,0,0,6,0,336,14,350,570
4,29,TLAXCALA,4,APIZACO,3,APIZACO,43,5,369,513,525,22,11,10,44,9,153,11,2,0,0,0,0,6,1,0,0,0,0,48,0,1724,68,1792,3155
4,29,TLAXCALA,4,APIZACO,3,APIZACO,44,3,224,332,302,37,10,18,58,3,74,6,1,1,0,0,0,2,0,0,0,0,0,23,9,1100,62,1162,1837
4,29,TLAXCALA,4,APIZACO,3,APIZACO,45,1,48,79,87,3,2,1,4,2,13,2,0,0,0,0,0,0,0,0,0,0,0,5,0,246,3,249,398
4,29,TLAXCALA,4,APIZACO,3,APIZACO,46,3,227,290,349,13,4,9,36,4,80,6,2,1,0,0,0,1,0,1,0,0,0,21,0,1044,25,1069,1717
4,29,TLAXCALA,4,APIZACO,3,APIZACO,47,4,323,412,425,13,22,5,26,10,131,4,3,0,4,0,0,2,0,0,0,0,0,22,2,1404,23,1427,2578
4,29,TLAXCALA,4,APIZACO,3,APIZACO,48,1,70,72,57,1,2,1,4,1,13,1,0,0,0,0,0,0,0,0,0,0,0,5,0,227,4,231,363
4,29,TLAXCALA,5,YAUHQUEMEHCAN,3,APIZACO,38,2,192,238,127,13,15,13,14,13,11,16,2,0,0,0,0,2,0,0,0,0,0,4,0,660,22,682,882
4,29,TLAXCALA,5,YAUHQUEMEHCAN,11,MUÑOZ DE DOMINGO ARENAS,161,3,265,398,389,23,16,24,11,27,101,6,2,0,0,0,0,1,2,1,0,0,0,9,0,1275,43,1318,1838
4,29,TLAXCALA,5,YAUHQUEMEHCAN,11,MUÑOZ DE DOMINGO ARENAS,162,2,219,183,175,47,3,9,2,11,22,2,0,0,0,0,0,0,1,0,1,0,0,3,0,678,29,707,976
4,29,TLAXCALA,5,YAUHQUEMEHCAN,11,MUÑOZ DE DOMINGO ARENAS,163,1,75,128,82,15,1,6,0,0,14,0,3,0,0,0,2,0,1,0,0,1,0,0,0,328,14,342,476
4,29,TLAXCALA,5,YAUHQUEMEHCAN,11,MUÑOZ DE DOMINGO ARENAS,164,1,46,75,41,10,0,3,2,0,9,7,0,0,0,0,0,0,0,0,0,0,0,1,0,194,10,204,252
4,29,TLAXCALA,5,YAUHQUEMEHCAN,12,ESPAÑITA,165,3,367,454,317,9,40,7,126,10,63,3,3,0,0,0,0,1,0,0,0,0,1,2,0,1403,28,1431,1942
4,29,TLAXCALA,5,YAUHQUEMEHCAN,12,ESPAÑITA,167,1,59,81,36,1,1,2,10,8,16,0,0,0,0,0,0,0,0,0,0,0,0,0,1,215,6,221,335
4,29,TLAXCALA,5,YAUHQUEMEHCAN,12,ESPAÑITA,168,1,186,198,58,3,2,1,13,1,16,0,0,0,0,0,0,2,1,0,0,0,0,4,0,485,15,500,664
4,29,TLAXCALA,5,YAUHQUEMEHCAN,12,ESPAÑITA,169,1,75,55,33,0,2,1,5,0,8,0,0,0,0,0,0,1,0,0,0,0,0,0,0,180,5,185,229
4,29,TLAXCALA,5,YAUHQUEMEHCAN,12,ESPAÑITA,170,1,266,90,54,2,2,7,25,0,29,0,0,0,0,0,0,0,0,0,0,0,0,0,0,475,13,488,697
4,29,TLAXCALA,5,YAUHQUEMEHCAN,12,ESPAÑITA,171,1,85,85,40,0,2,1,3,0,4,0,0,0,0,0,0,0,0,0,0,0,0,0,0,220,1,221,288
4,29,TLAXCALA,5,YAUHQUEMEHCAN,12,ESPAÑITA,172,1,73,69,49,0,3,1,8,0,17,0,0,0,0,0,0,2,0,0,0,0,0,1,0,223,5,228,300
4,29,TLAXCALA,5,YAUHQUEMEHCAN,12,ESPAÑITA,173,1,102,72,25,2,2,0,8,0,4,0,0,0,0,0,0,0,0,0,0,0,0,2,0,217,7,224,290
4,29,TLAXCALA,5,YAUHQUEMEHCAN,12,ESPAÑITA,174,1,56,48,39,0,0,0,6,0,7,0,0,0,0,0,0,0,0,0,0,0,0,0,0,156,5,161,195
4,29,TLAXCALA,5,YAUHQUEMEHCAN,12,ESPAÑITA,175,1,85,167,90,0,0,4,4,4,46,1,0,0,0,0,0,1,0,0,0,0,0,3,0,405,6,411,569
4,29,TLAXCALA,5,YAUHQUEMEHCAN,12,ESPAÑITA,176,1,83,117,67,3,3,1,6,0,19,0,0,0,0,0,0,1,0,0,0,0,0,4,0,304,7,311,402
4,29,TLAXCALA,5,YAUHQUEMEHCAN,12,ESPAÑITA,177,1,53,162,20,0,3,1,3,4,7,0,0,0,0,0,0,0,0,0,0,0,0,0,0,253,8,261,346
4,29,TLAXCALA,5,YAUHQUEMEHCAN,14,HUEYOTLIPAN,220,3,346,436,416,10,21,9,23,10,113,11,0,0,0,0,0,0,0,0,0,0,0,23,0,1418,47,1465,2006
4,29,TLAXCALA,5,YAUHQUEMEHCAN,14,HUEYOTLIPAN,221,3,348,359,540,7,8,8,15,7,107,5,1,1,0,0,0,0,0,1,0,0,0,12,1,1420,59,1479,2019
4,29,TLAXCALA,5,YAUHQUEMEHCAN,14,HUEYOTLIPAN,222,2,173,166,258,0,4,3,11,1,117,0,1,0,0,0,0,0,0,0,0,0,0,3,0,737,26,763,1063
4,29,TLAXCALA,5,YAUHQUEMEHCAN,14,HUEYOTLIPAN,223,1,43,82,69,0,0,0,2,0,28,1,0,0,0,0,0,0,0,0,0,0,0,0,0,225,18,243,370
4,29,TLAXCALA,5,YAUHQUEMEHCAN,14,HUEYOTLIPAN,224,1,186,81,205,2,2,0,0,17,17,5,0,0,0,0,0,0,0,0,0,0,0,2,0,517,10,527,670
4,29,TLAXCALA,5,YAUHQUEMEHCAN,14,HUEYOTLIPAN,225,1,63,63,85,0,1,0,6,0,13,0,1,0,0,0,0,0,0,0,0,0,0,1,0,233,7,240,279
4,29,TLAXCALA,5,YAUHQUEMEHCAN,14,HUEYOTLIPAN,226,1,57,103,148,6,2,2,4,2,34,4,1,0,0,0,0,0,0,0,0,0,0,1,0,364,2,366,493
4,29,TLAXCALA,5,YAUHQUEMEHCAN,14,HUEYOTLIPAN,227,1,139,143,116,2,4,1,18,1,22,4,0,0,0,0,0,0,0,0,0,0,0,3,0,453,7,460,620
4,29,TLAXCALA,5,YAUHQUEMEHCAN,14,HUEYOTLIPAN,228,4,305,332,482,48,26,24,22,18,243,18,1,1,0,0,0,3,1,1,0,0,0,7,0,1532,91,1623,2537
4,29,TLAXCALA,5,YAUHQUEMEHCAN,14,HUEYOTLIPAN,229,1,12,43,33,0,0,0,2,0,5,0,0,0,0,0,0,0,0,0,0,0,0,0,0,95,6,101,128
4,29,TLAXCALA,5,YAUHQUEMEHCAN,14,HUEYOTLIPAN,230,1,34,138,132,2,1,6,18,3,32,1,0,0,0,0,2,0,0,0,0,0,0,0,0,369,8,377,526
4,29,TLAXCALA,5,YAUHQUEMEHCAN,14,HUEYOTLIPAN,231,1,36,45,54,1,4,2,9,0,27,0,0,0,0,0,0,0,0,0,0,0,0,0,0,178,7,185,291
4,29,TLAXCALA,5,YAUHQUEMEHCAN,40,XALTOCAN,547,2,134,185,307,31,5,3,31,16,32,1,1,1,0,0,0,1,0,0,0,0,0,13,0,761,24,785,1097
4,29,TLAXCALA,5,YAUHQUEMEHCAN,40,XALTOCAN,548,3,290,285,429,49,5,9,54,21,63,4,1,0,0,0,0,1,1,1,0,0,0,15,0,1228,43,1271,1851
4,29,TLAXCALA,5,YAUHQUEMEHCAN,40,XALTOCAN,549,2,173,161,345,26,18,8,58,11,34,5,0,0,0,0,0,0,0,0,0,0,0,1,0,840,29,869,1347
4,29,TLAXCALA,5,YAUHQUEMEHCAN,40,XALTOCAN,550,2,121,103,215,18,4,1,26,8,24,1,0,0,0,1,0,0,0,0,0,0,0,8,1,531,17,548,859
4,29,TLAXCALA,5,YAUHQUEMEHCAN,40,XALTOCAN,553,1,31,60,42,15,0,2,22,15,12,0,0,0,0,0,0,0,0,0,0,0,0,1,0,200,16,216,287
4,29,TLAXCALA,5,YAUHQUEMEHCAN,40,XALTOCAN,554,1,27,31,40,4,0,1,4,0,10,0,0,1,0,0,0,0,0,0,0,0,0,1,0,119,2,121,152
4,29,TLAXCALA,5,YAUHQUEMEHCAN,40,XALTOCAN,555,1,68,242,130,25,1,1,19,1,12,1,0,0,0,0,0,2,0,0,0,0,0,2,0,504,13,517,674
4,29,TLAXCALA,5,YAUHQUEMEHCAN,40,XALTOCAN,556,1,87,148,175,27,2,4,8,24,20,1,3,0,0,0,0,1,0,0,0,0,0,7,0,507,11,518,719
4,29,TLAXCALA,5,YAUHQUEMEHCAN,40,XALTOCAN,557,1,134,102,144,17,1,1,11,3,30,11,0,0,0,0,0,0,0,0,0,0,0,4,0,458,22,480,707
4,29,TLAXCALA,5,YAUHQUEMEHCAN,43,YAUHQUEMEHCAN,575,4,439,294,307,17,7,36,43,7,88,32,2,3,0,0,1,1,2,0,0,0,0,17,0,1296,48,1344,2030
4,29,TLAXCALA,5,YAUHQUEMEHCAN,43,YAUHQUEMEHCAN,576,3,286,229,323,9,9,37,35,5,68,24,1,1,0,0,0,0,0,0,0,1,0,29,0,1057,28,1085,1626
4,29,TLAXCALA,5,YAUHQUEMEHCAN,43,YAUHQUEMEHCAN,577,1,110,115,138,4,3,14,4,0,36,2,0,0,0,0,0,0,0,0,0,0,0,7,0,433,20,453,621
4,29,TLAXCALA,5,YAUHQUEMEHCAN,43,YAUHQUEMEHCAN,578,2,185,237,176,9,4,25,36,6,32,1,3,0,0,0,0,0,1,0,0,0,0,13,0,728,18,746,996
4,29,TLAXCALA,5,YAUHQUEMEHCAN,43,YAUHQUEMEHCAN,579,2,188,203,283,4,7,38,30,2,46,4,0,0,0,0,0,0,0,0,0,0,0,22,0,827,27,854,1231
4,29,TLAXCALA,5,YAUHQUEMEHCAN,43,YAUHQUEMEHCAN,580,3,372,255,256,12,6,21,21,5,125,5,5,1,0,0,0,0,0,0,0,0,1,23,1,1109,32,1141,1989
4,29,TLAXCALA,5,YAUHQUEMEHCAN,43,YAUHQUEMEHCAN,581,5,576,352,421,10,9,33,47,22,152,10,2,1,1,0,0,1,1,1,0,0,0,21,1,1661,56,1717,3207
4,29,TLAXCALA,5,YAUHQUEMEHCAN,43,YAUHQUEMEHCAN,582,6,797,484,626,19,23,14,64,8,186,11,3,1,0,0,0,2,1,0,0,0,0,49,0,2288,56,2344,4058
4,29,TLAXCALA,5,YAUHQUEMEHCAN,43,YAUHQUEMEHCAN,583,4,402,312,374,11,6,16,72,4,156,11,2,1,0,0,0,1,1,0,1,0,0,29,2,1401,52,1453,2721
4,29,TLAXCALA,5,YAUHQUEMEHCAN,43,YAUHQUEMEHCAN,584,2,263,139,118,2,2,6,49,3,41,3,0,0,0,0,0,0,0,0,0,0,0,7,0,633,28,661,1148
4,29,TLAXCALA,5,YAUHQUEMEHCAN,43,YAUHQUEMEHCAN,585,4,372,472,490,15,13,62,38,6,93,6,1,0,0,0,0,4,3,0,0,0,2,17,8,1602,51,1653,2531
4,29,TLAXCALA,5,YAUHQUEMEHCAN,57,SAN LUCAS TECOPILCO,551,3,136,354,298,32,143,7,20,58,42,1,1,0,1,0,0,2,1,1,0,0,0,12,0,1109,38,1147,1512
4,29,TLAXCALA,5,YAUHQUEMEHCAN,57,SAN LUCAS TECOPILCO,552,2,80,197,167,15,118,12,13,25,27,1,1,0,0,0,0,3,0,1,0,0,0,5,1,666,35,701,896
4,29,TLAXCALA,6,IXTACUIXTLA DE MARIANO MATAMOROS,15,IXTACUIXTLA DE MARIANO MATAMOROS,232,3,148,342,405,14,73,48,61,12,48,1,1,1,0,0,0,0,1,0,0,0,0,35,5,1195,52,1247,1918
4,29,TLAXCALA,6,IXTACUIXTLA DE MARIANO MATAMOROS,15,IXTACUIXTLA DE MARIANO MATAMOROS,233,4,95,321,424,14,72,38,34,13,56,4,1,0,0,0,0,0,0,0,0,0,1,12,2,1087,28,1115,1663
4,29,TLAXCALA,6,IXTACUIXTLA DE MARIANO MATAMOROS,15,IXTACUIXTLA DE MARIANO MATAMOROS,234,2,88,266,299,6,71,22,26,14,41,2,0,0,0,0,0,0,0,0,0,0,0,20,1,856,19,875,1266
4,29,TLAXCALA,6,IXTACUIXTLA DE MARIANO MATAMOROS,15,IXTACUIXTLA DE MARIANO MATAMOROS,235,1,18,20,56,1,2,4,6,1,6,0,0,0,0,0,0,0,0,0,0,0,0,1,0,115,10,125,197
4,29,TLAXCALA,6,IXTACUIXTLA DE MARIANO MATAMOROS,15,IXTACUIXTLA DE MARIANO MATAMOROS,236,1,16,63,50,2,2,8,21,1,3,0,0,0,0,0,0,0,0,0,0,0,0,0,0,166,5,171,259
4,29,TLAXCALA,6,IXTACUIXTLA DE MARIANO MATAMOROS,15,IXTACUIXTLA DE MARIANO MATAMOROS,237,1,9,105,36,2,19,18,7,0,2,2,0,0,0,0,1,3,1,0,0,0,0,1,0,206,15,221,323
4,29,TLAXCALA,6,IXTACUIXTLA DE MARIANO MATAMOROS,15,IXTACUIXTLA DE MARIANO MATAMOROS,238,1,7,71,67,3,2,0,3,0,1,0,0,0,0,0,0,1,0,0,0,0,0,0,0,155,5,160,281
4,29,TLAXCALA,6,IXTACUIXTLA DE MARIANO MATAMOROS,15,IXTACUIXTLA DE MARIANO MATAMOROS,239,1,27,87,76,7,8,12,52,3,6,1,0,0,0,0,0,0,1,0,0,0,0,0,0,280,13,293,448
4,29,TLAXCALA,6,IXTACUIXTLA DE MARIANO MATAMOROS,15,IXTACUIXTLA DE MARIANO MATAMOROS,240,2,42,58,132,8,45,9,13,1,10,1,75,0,0,0,0,0,0,0,0,0,0,0,0,394,9,403,773
4,29,TLAXCALA,6,IXTACUIXTLA DE MARIANO MATAMOROS,15,IXTACUIXTLA DE MARIANO MATAMOROS,241,3,162,120,355,8,56,22,73,6,22,2,1,0,2,0,0,0,0,0,0,0,0,4,1,834,36,870,1703
4,29,TLAXCALA,6,IXTACUIXTLA DE MARIANO MATAMOROS,15,IXTACUIXTLA DE MARIANO MATAMOROS,242,2,109,108,252,5,40,17,45,8,17,6,1,0,0,0,0,2,0,0,1,0,0,6,1,618,35,653,1310
4,29,TLAXCALA,6,IXTACUIXTLA DE MARIANO MATAMOROS,15,IXTACUIXTLA DE MARIANO MATAMOROS,243,1,45,73,54,5,40,8,15,0,12,0,0,0,0,0,0,1,0,0,0,0,0,0,0,253,6,259,335
4,29,TLAXCALA,6,IXTACUIXTLA DE MARIANO MATAMOROS,15,IXTACUIXTLA DE MARIANO MATAMOROS,244,1,13,121,94,0,38,0,7,0,14,0,121,0,0,0,0,0,0,0,0,0,0,3,0,411,9,420,483
4,29,TLAXCALA,6,IXTACUIXTLA DE MARIANO MATAMOROS,15,IXTACUIXTLA DE MARIANO MATAMOROS,245,4,193,420,552,12,184,92,34,31,73,7,1,0,0,0,0,0,0,0,0,0,0,33,0,1632,63,1695,2299
4,29,TLAXCALA,6,IXTACUIXTLA DE MARIANO MATAMOROS,15,IXTACUIXTLA DE MARIANO MATAMOROS,246,1,57,172,191,5,42,25,10,0,10,4,1,0,0,0,0,0,0,0,0,0,0,3,0,520,12,532,697
4,29,TLAXCALA,6,IXTACUIXTLA DE MARIANO MATAMOROS,15,IXTACUIXTLA DE MARIANO MATAMOROS,247,3,109,240,410,12,81,25,95,4,36,3,0,1,0,0,0,1,1,0,0,0,0,15,0,1033,56,1089,1566
4,29,TLAXCALA,6,IXTACUIXTLA DE MARIANO MATAMOROS,15,IXTACUIXTLA DE MARIANO MATAMOROS,248,2,52,221,357,11,42,29,50,0,62,0,0,0,0,0,0,0,1,0,0,0,0,22,0,847,19,866,1181
4,29,TLAXCALA,6,IXTACUIXTLA DE MARIANO MATAMOROS,15,IXTACUIXTLA DE MARIANO MATAMOROS,249,1,0,0,0,0,0,0,0,0,0,0,0,0,0,0,0,0,0,0,0,0,0,0,0,0,0,0,541
4,29,TLAXCALA,6,IXTACUIXTLA DE MARIANO MATAMOROS,15,IXTACUIXTLA DE MARIANO MATAMOROS,250,2,78,149,213,1,47,27,85,7,61,2,0,0,0,0,0,0,0,0,0,0,0,9,0,679,33,712,950
4,29,TLAXCALA,6,IXTACUIXTLA DE MARIANO MATAMOROS,15,IXTACUIXTLA DE MARIANO MATAMOROS,251,4,272,532,580,16,128,65,24,4,137,24,3,0,0,0,0,1,0,0,0,0,0,29,1,1816,43,1859,2811
4,29,TLAXCALA,6,IXTACUIXTLA DE MARIANO MATAMOROS,15,IXTACUIXTLA DE MARIANO MATAMOROS,252,3,127,394,306,6,65,23,48,5,55,4,0,1,0,0,1,0,2,0,0,0,0,19,0,1056,25,1081,1810
4,29,TLAXCALA,6,IXTACUIXTLA DE MARIANO MATAMOROS,15,IXTACUIXTLA DE MARIANO MATAMOROS,253,3,136,327,255,6,68,15,46,18,53,1,1,0,0,0,0,0,0,1,0,0,0,17,0,944,10,954,1578
4,29,TLAXCALA,6,IXTACUIXTLA DE MARIANO MATAMOROS,15,IXTACUIXTLA DE MARIANO MATAMOROS,256,2,103,166,300,7,31,85,40,2,73,2,2,2,0,0,0,1,2,0,0,0,0,2,0,818,28,846,1352
4,29,TLAXCALA,6,IXTACUIXTLA DE MARIANO MATAMOROS,15,IXTACUIXTLA DE MARIANO MATAMOROS,257,2,50,104,178,5,25,48,54,2,31,3,0,0,0,0,0,0,1,0,2,0,1,7,1,512,31,543,919
4,29,TLAXCALA,6,IXTACUIXTLA DE MARIANO MATAMOROS,15,IXTACUIXTLA DE MARIANO MATAMOROS,258,1,19,50,89,1,14,9,10,1,13,0,0,0,0,0,0,0,0,0,0,0,0,6,0,212,3,215,364
4,29,TLAXCALA,6,IXTACUIXTLA DE MARIANO MATAMOROS,24,PANOTLA,332,1,23,9,17,3,2,2,4,0,5,0,0,0,0,0,0,0,0,0,0,0,0,3,0,68,2,70,322
4,29,TLAXCALA,6,IXTACUIXTLA DE MARIANO MATAMOROS,24,PANOTLA,333,2,69,168,335,11,9,5,19,3,38,3,0,0,0,0,0,0,0,0,0,0,0,18,3,681,18,699,1227
4,29,TLAXCALA,6,IXTACUIXTLA DE MARIANO MATAMOROS,24,PANOTLA,334,2,73,177,265,14,25,5,12,9,87,3,0,2,0,0,0,1,0,0,0,0,0,26,0,699,21,720,994
4,29,TLAXCALA,6,IXTACUIXTLA DE MARIANO MATAMOROS,24,PANOTLA,335,2,57,145,249,16,36,14,9,6,55,1,0,0,0,0,0,2,1,4,0,0,0,15,2,612,15,627,878
4,29,TLAXCALA,6,IXTACUIXTLA DE MARIANO MATAMOROS,24,PANOTLA,336,4,183,392,889,17,74,27,19,15,136,13,2,1,0,0,0,4,0,1,0,0,0,50,1,1824,44,1868,2711
4,29,TLAXCALA,6,IXTACUIXTLA DE MARIANO MATAMOROS,24,PANOTLA,337,3,105,201,659,39,52,12,12,31,122,5,1,1,1,0,0,1,0,0,0,0,0,27,9,1278,18,1296,1812
4,29,TLAXCALA,6,IXTACUIXTLA DE MARIANO MATAMOROS,24,PANOTLA,338,3,151,284,534,84,34,24,19,26,70,7,0,0,0,0,3,1,0,0,0,0,0,29,0,1266,73,1339,2221
4,29,TLAXCALA,6,IXTACUIXTLA DE MARIANO MATAMOROS,24,PANOTLA,339,2,83,74,234,6,12,0,19,38,13,1,0,0,0,0,0,0,0,3,0,1,0,1,0,485,25,510,789
4,29,TLAXCALA,6,IXTACUIXTLA DE MARIANO MATAMOROS,24,PANOTLA,340,1,43,71,163,19,2,7,17,0,10,3,0,0,0,0,1,1,0,2,1,0,0,2,0,342,19,361,677
4,29,TLAXCALA,6,IXTACUIXTLA DE MARIANO MATAMOROS,24,PANOTLA,341,1,8,28,47,10,1,1,1,16,21,0,1,0,0,0,0,0,0,0,0,0,0,0,0,134,6,140,167
4,29,TLAXCALA,6,IXTACUIXTLA DE MARIANO MATAMOROS,24,PANOTLA,342,3,110,323,568,16,40,5,45,42,86,6,3,0,0,0,0,1,0,1,0,1,0,12,0,1259,35,1294,1765
4,29,TLAXCALA,6,IXTACUIXTLA DE MARIANO MATAMOROS,24,PANOTLA,343,1,38,117,284,7,4,4,4,31,9,1,1,0,0,0,0,0,0,1,0,0,0,4,0,505,10,515,654
4,29,TLAXCALA,6,IXTACUIXTLA DE MARIANO MATAMOROS,24,PANOTLA,344,1,39,104,217,11,26,5,15,79,43,2,0,0,0,0,0,0,0,0,0,0,0,14,0,555,12,567,709
4,29,TLAXCALA,6,IXTACUIXTLA DE MARIANO MATAMOROS,24,PANOTLA,345,3,128,213,589,25,14,5,21,8,84,5,1,0,0,0,0,0,0,0,0,0,0,22,0,1115,24,1139,1539
4,29,TLAXCALA,6,IXTACUIXTLA DE MARIANO MATAMOROS,24,PANOTLA,346,3,153,192,477,16,57,22,22,8,75,4,2,1,0,0,0,2,0,2,0,0,0,40,0,1073,29,1102,1596
4,29,TLAXCALA,6,IXTACUIXTLA DE MARIANO MATAMOROS,24,PANOTLA,347,3,108,170,547,21,59,22,38,19,87,12,3,1,0,0,0,2,0,1,0,0,0,37,0,1127,43,1170,1766
4,29,TLAXCALA,6,IXTACUIXTLA DE MARIANO MATAMOROS,36,TOTOLAC,508,2,42,85,291,10,11,3,11,4,51,2,2,0,0,0,0,0,0,0,0,0,0,14,0,526,16,542,793
4,29,TLAXCALA,6,IXTACUIXTLA DE MARIANO MATAMOROS,36,TOTOLAC,509,2,79,168,377,7,13,9,18,11,37,6,1,0,0,0,0,0,1,0,0,0,0,21,0,748,41,789,1094
4,29,TLAXCALA,6,IXTACUIXTLA DE MARIANO MATAMOROS,36,TOTOLAC,510,2,122,128,275,16,11,7,32,2,41,2,0,0,0,0,0,0,0,0,0,0,0,10,0,646,23,669,1077
4,29,TLAXCALA,6,IXTACUIXTLA DE MARIANO MATAMOROS,36,TOTOLAC,511,2,80,147,298,8,7,4,3,5,68,1,0,2,0,0,0,0,0,0,0,0,0,12,2,637,12,649,917
4,29,TLAXCALA,6,IXTACUIXTLA DE MARIANO MATAMOROS,36,TOTOLAC,512,3,107,203,551,19,9,44,35,2,73,8,1,1,0,0,0,0,3,0,0,0,5,15,0,1076,23,1099,1600
4,29,TLAXCALA,6,IXTACUIXTLA DE MARIANO MATAMOROS,36,TOTOLAC,513,3,147,263,690,12,11,16,53,6,132,6,1,1,0,0,0,1,0,0,0,0,0,36,4,1379,41,1420,2170
4,29,TLAXCALA,6,IXTACUIXTLA DE MARIANO MATAMOROS,36,TOTOLAC,514,2,86,164,390,14,16,5,29,6,76,1,0,0,0,0,0,0,1,1,0,0,0,24,0,813,33,846,1267
4,29,TLAXCALA,6,IXTACUIXTLA DE MARIANO MATAMOROS,36,TOTOLAC,515,3,138,265,696,29,22,27,57,4,100,10,1,0,0,0,0,0,2,0,0,0,0,35,0,1386,23,1409,1947
4,29,TLAXCALA,6,IXTACUIXTLA DE MARIANO MATAMOROS,36,TOTOLAC,516,3,122,231,637,16,21,23,43,7,129,12,1,0,0,0,0,1,5,0,0,0,0,27,0,1275,28,1303,1830
4,29,TLAXCALA,6,IXTACUIXTLA DE MARIANO MATAMOROS,36,TOTOLAC,517,2,126,149,436,13,14,14,33,7,66,7,2,0,0,0,0,0,0,0,0,0,0,22,0,889,20,909,1282
4,29,TLAXCALA,6,IXTACUIXTLA DE MARIANO MATAMOROS,36,TOTOLAC,518,2,84,128,433,7,15,18,36,1,75,4,1,0,0,0,0,0,0,0,0,0,0,6,0,808,21,829,1124
4,29,TLAXCALA,6,IXTACUIXTLA DE MARIANO MATAMOROS,36,TOTOLAC,519,1,41,110,229,0,6,7,13,1,38,5,0,0,0,0,0,0,0,0,0,0,0,24,0,474,4,478,721
4,29,TLAXCALA,7,TLAXCALA,33,TLAXCALA,435,3,94,375,397,5,15,17,17,18,50,0,3,0,1,0,0,1,0,0,0,0,0,19,0,1012,25,1037,1632
4,29,TLAXCALA,7,TLAXCALA,33,TLAXCALA,436,3,153,385,454,5,24,4,26,3,53,4,3,0,0,0,0,2,0,0,0,0,0,15,0,1131,34,1165,1775
4,29,TLAXCALA,7,TLAXCALA,33,TLAXCALA,437,2,122,246,375,1,16,7,20,2,36,4,0,2,0,0,0,0,0,1,0,0,0,15,1,848,22,870,1330
4,29,TLAXCALA,7,TLAXCALA,33,TLAXCALA,438,3,236,200,365,3,15,6,30,2,79,6,3,0,0,0,0,0,0,0,0,0,0,19,0,964,23,987,1541
4,29,TLAXCALA,7,TLAXCALA,33,TLAXCALA,439,3,235,311,621,6,16,10,40,0,92,7,0,2,0,0,0,1,1,0,0,0,0,35,0,1377,33,1410,2147
4,29,TLAXCALA,7,TLAXCALA,33,TLAXCALA,440,3,140,340,525,8,27,12,42,13,51,1,8,1,0,0,0,0,0,0,0,0,0,37,0,1205,20,1225,1753
4,29,TLAXCALA,7,TLAXCALA,33,TLAXCALA,441,2,77,249,271,2,10,6,24,1,45,2,5,1,0,0,0,1,0,0,0,0,0,10,0,704,20,724,1164
4,29,TLAXCALA,7,TLAXCALA,33,TLAXCALA,442,2,96,164,350,1,23,12,21,2,46,5,2,0,0,0,0,0,1,0,0,0,0,21,0,744,17,761,1180
4,29,TLAXCALA,7,TLAXCALA,33,TLAXCALA,443,1,37,137,179,4,3,4,15,1,30,1,1,1,0,0,0,0,0,0,0,0,0,15,0,428,9,437,699
4,29,TLAXCALA,7,TLAXCALA,33,TLAXCALA,444,6,285,625,911,20,52,26,76,15,181,9,2,1,0,0,0,6,0,0,0,0,0,84,2,2295,47,2342,3794
4,29,TLAXCALA,7,TLAXCALA,33,TLAXCALA,445,2,100,181,424,8,29,5,52,7,70,3,3,0,0,0,0,1,0,0,0,0,0,30,21,934,0,934,1439
4,29,TLAXCALA,7,TLAXCALA,33,TLAXCALA,446,1,46,157,212,0,4,8,10,2,22,1,3,0,0,0,0,2,0,0,0,0,0,14,0,481,6,487,741
4,29,TLAXCALA,7,TLAXCALA,33,TLAXCALA,447,2,51,165,254,1,11,2,14,3,53,2,1,0,0,0,0,0,0,0,0,0,0,13,10,580,13,593,891
4,29,TLAXCALA,7,TLAXCALA,33,TLAXCALA,448,3,168,299,591,15,19,11,38,6,116,23,0,0,0,0,0,1,0,0,0,0,0,44,0,1331,50,1381,2114
4,29,TLAXCALA,7,TLAXCALA,33,TLAXCALA,449,2,97,292,339,6,11,6,12,1,50,1,3,1,0,0,1,1,0,0,0,0,0,21,0,842,12,854,1346
4,29,TLAXCALA,7,TLAXCALA,33,TLAXCALA,450,2,54,162,218,2,12,0,24,1,57,0,2,0,0,0,0,0,0,0,0,0,0,17,0,549,7,556,841
4,29,TLAXCALA,7,TLAXCALA,33,TLAXCALA,451,3,115,288,568,5,42,11,30,31,67,7,2,1,0,0,1,0,0,1,0,0,0,32,3,1204,36,1240,1944
4,29,TLAXCALA,7,TLAXCALA,33,TLAXCALA,452,3,80,259,435,7,22,7,17,2,78,6,4,1,0,0,0,0,0,0,0,0,0,44,1,963,20,983,1530
4,29,TLAXCALA,7,TLAXCALA,33,TLAXCALA,453,9,455,874,1548,49,67,27,137,39,259,28,5,0,2,0,0,5,0,5,1,0,1,101,6,3609,80,3689,6425
4,29,TLAXCALA,7,TLAXCALA,33,TLAXCALA,454,2,76,129,197,5,19,4,6,1,25,1,1,0,0,0,0,0,0,0,0,0,0,19,0,483,7,490,865
4,29,TLAXCALA,7,TLAXCALA,33,TLAXCALA,455,1,50,112,180,2,13,3,14,0,23,3,2,0,0,0,0,1,0,0,0,0,0,21,0,424,5,429,728
4,29,TLAXCALA,7,TLAXCALA,33,TLAXCALA,456,3,162,360,455,4,21,10,64,3,77,7,2,1,0,0,0,1,0,0,0,0,0,59,3,1229,24,1253,1921
4,29,TLAXCALA,7,TLAXCALA,33,TLAXCALA,457,2,55,214,339,1,9,6,18,1,77,6,2,1,0,0,0,0,0,0,0,0,0,35,0,764,24,788,1246
4,29,TLAXCALA,7,TLAXCALA,33,TLAXCALA,458,7,325,835,931,23,66,11,89,18,180,31,5,7,1,1,0,4,0,1,3,0,0,91,1,2623,88,2711,4855
4,29,TLAXCALA,7,TLAXCALA,33,TLAXCALA,459,3,105,299,525,3,41,12,44,6,96,6,3,0,0,0,0,4,0,0,0,0,0,54,0,1198,32,1230,1934
4,29,TLAXCALA,7,TLAXCALA,33,TLAXCALA,460,2,124,236,369,8,26,5,34,0,35,1,1,0,0,0,0,1,0,0,0,0,0,33,2,875,20,895,1399
4,29,TLAXCALA,7,TLAXCALA,33,TLAXCALA,461,4,374,448,759,6,32,19,40,4,108,12,8,2,0,0,0,3,1,0,0,0,0,61,2,1879,39,1918,2093
4,29,TLAXCALA,7,TLAXCALA,33,TLAXCALA,462,3,140,330,545,12,25,20,30,5,88,6,2,0,0,0,0,0,1,0,0,0,0,41,0,1245,29,1274,1883
4,29,TLAXCALA,7,TLAXCALA,33,TLAXCALA,463,3,144,281,446,6,26,6,30,2,74,3,2,0,0,0,0,0,0,0,0,0,0,43,0,1063,24,1087,1760
4,29,TLAXCALA,7,TLAXCALA,33,TLAXCALA,464,6,306,655,1005,13,79,27,73,8,182,19,12,1,0,0,0,1,2,0,0,0,0,89,0,2472,40,2512,4273
4,29,TLAXCALA,7,TLAXCALA,33,TLAXCALA,465,6,285,630,1048,44,85,19,78,9,171,14,7,0,1,0,0,6,2,0,0,0,0,55,1,2455,73,2528,4263
4,29,TLAXCALA,7,TLAXCALA,33,TLAXCALA,466,6,244,511,899,44,124,10,68,8,156,8,5,1,0,0,1,8,0,0,0,0,6,34,0,2127,77,2204,3798
4,29,TLAXCALA,7,TLAXCALA,33,TLAXCALA,467,2,76,211,361,4,24,40,16,4,66,7,1,3,0,0,0,0,1,0,0,0,0,26,0,840,32,872,1341
4,29,TLAXCALA,7,TLAXCALA,33,TLAXCALA,468,4,163,407,653,18,67,26,57,18,109,3,3,0,0,0,0,2,0,1,0,0,0,34,0,1561,38,1599,2316
4,29,TLAXCALA,7,TLAXCALA,33,TLAXCALA,469,3,171,243,460,12,51,31,26,8,72,4,1,1,0,0,0,0,0,0,0,0,0,29,0,1109,31,1140,1519
4,29,TLAXCALA,8,CONTLA DE JUAN CUAMATZI,1,AMAXAC DE GUERRERO,1,2,50,205,294,48,11,10,30,2,66,7,0,1,0,0,1,3,1,0,0,0,0,20,0,749,18,767,1051
4,29,TLAXCALA,8,CONTLA DE JUAN CUAMATZI,1,AMAXAC DE GUERRERO,2,5,199,670,778,89,16,47,108,6,160,10,5,3,1,0,0,5,0,0,0,0,0,41,1,2139,36,2175,3136
4,29,TLAXCALA,8,CONTLA DE JUAN CUAMATZI,1,AMAXAC DE GUERRERO,3,4,217,578,727,97,19,31,115,7,133,5,1,1,0,0,0,8,1,0,1,0,0,23,1,1965,44,2009,2869
4,29,TLAXCALA,8,CONTLA DE JUAN CUAMATZI,1,AMAXAC DE GUERRERO,4,1,68,121,195,31,4,2,33,4,41,2,0,0,0,0,0,0,0,0,0,0,0,2,1,504,15,519,627
4,29,TLAXCALA,8,CONTLA DE JUAN CUAMATZI,2,APETATITLAN DE ANTONIO CARVAJAL,5,4,292,497,627,14,21,19,18,3,132,6,3,1,0,0,0,2,1,0,0,0,0,29,1,1666,50,1716,2366
4,29,TLAXCALA,8,CONTLA DE JUAN CUAMATZI,2,APETATITLAN DE ANTONIO CARVAJAL,6,2,127,151,184,2,6,0,18,0,26,5,5,1,0,0,0,1,0,0,0,0,0,11,0,537,15,552,826
4,29,TLAXCALA,8,CONTLA DE JUAN CUAMATZI,2,APETATITLAN DE ANTONIO CARVAJAL,7,1,32,59,92,1,3,0,5,0,11,0,0,0,0,0,0,0,0,0,0,0,0,4,0,207,10,217,305
4,29,TLAXCALA,8,CONTLA DE JUAN CUAMATZI,2,APETATITLAN DE ANTONIO CARVAJAL,8,3,310,456,477,9,16,11,39,2,91,6,2,1,0,0,0,0,1,0,0,0,0,32,1,1454,33,1487,2123
4,29,TLAXCALA,8,CONTLA DE JUAN CUAMATZI,2,APETATITLAN DE ANTONIO CARVAJAL,9,4,469,361,553,8,26,18,48,4,89,4,2,0,0,0,0,1,0,0,0,0,0,29,12,1624,32,1656,2271
4,29,TLAXCALA,8,CONTLA DE JUAN CUAMATZI,2,APETATITLAN DE ANTONIO CARVAJAL,10,4,305,424,738,7,12,13,52,4,87,9,2,1,1,0,0,4,0,1,0,0,0,31,0,1691,35,1726,2363
4,29,TLAXCALA,8,CONTLA DE JUAN CUAMATZI,2,APETATITLAN DE ANTONIO CARVAJAL,11,2,146,193,210,4,6,8,7,4,53,2,1,0,0,0,0,0,0,0,0,0,0,8,0,642,12,654,826
4,29,TLAXCALA,8,CONTLA DE JUAN CUAMATZI,18,CONTLA DE JUAN CUAMATZI,267,3,173,288,562,9,7,4,21,6,103,11,0,1,0,0,0,0,0,0,0,0,0,27,0,1212,26,1238,1785
4,29,TLAXCALA,8,CONTLA DE JUAN CUAMATZI,18,CONTLA DE JUAN CUAMATZI,268,4,291,416,616,19,17,17,25,12,108,11,1,1,0,1,0,0,2,1,0,0,0,40,1,1579,38,1617,2359
4,29,TLAXCALA,8,CONTLA DE JUAN CUAMATZI,18,CONTLA DE JUAN CUAMATZI,269,4,180,335,408,8,17,5,17,2,99,5,0,3,0,0,0,2,2,0,0,0,0,23,1,1107,46,1153,1679
4,29,TLAXCALA,8,CONTLA DE JUAN CUAMATZI,18,CONTLA DE JUAN CUAMATZI,270,2,127,212,306,8,1,2,30,5,75,14,2,0,0,0,0,0,1,0,0,0,0,18,0,801,26,827,1302
4,29,TLAXCALA,8,CONTLA DE JUAN CUAMATZI,18,CONTLA DE JUAN CUAMATZI,271,3,166,341,462,12,12,9,38,10,96,8,7,1,0,0,0,1,0,0,0,0,0,20,0,1183,25,1208,1770
4,29,TLAXCALA,8,CONTLA DE JUAN CUAMATZI,18,CONTLA DE JUAN CUAMATZI,272,5,394,558,850,12,21,8,40,8,162,21,6,0,0,0,0,1,0,0,0,0,0,52,1,2134,45,2179,3055
4,29,TLAXCALA,8,CONTLA DE JUAN CUAMATZI,18,CONTLA DE JUAN CUAMATZI,273,3,230,381,518,12,22,12,30,11,105,12,2,0,0,0,0,0,1,0,0,0,0,30,0,1366,38,1404,1937
4,29,TLAXCALA,8,CONTLA DE JUAN CUAMATZI,18,CONTLA DE JUAN CUAMATZI,274,2,149,301,314,10,13,1,16,2,75,9,1,0,0,0,0,1,0,0,0,0,0,11,0,903,30,933,1182
4,29,TLAXCALA,8,CONTLA DE JUAN CUAMATZI,18,CONTLA DE JUAN CUAMATZI,275,3,183,326,379,6,29,12,42,10,76,7,5,0,1,0,0,2,1,0,0,0,0,12,0,1091,32,1123,1645
4,29,TLAXCALA,8,CONTLA DE JUAN CUAMATZI,18,CONTLA DE JUAN CUAMATZI,276,3,202,394,458,13,17,11,32,9,100,8,2,0,0,0,0,0,0,2,0,0,0,14,0,1262,37,1299,1772
4,29,TLAXCALA,8,CONTLA DE JUAN CUAMATZI,18,CONTLA DE JUAN CUAMATZI,277,1,65,134,97,4,3,1,9,4,24,1,0,0,0,0,0,1,0,0,0,0,0,4,3,350,12,362,449
4,29,TLAXCALA,8,CONTLA DE JUAN CUAMATZI,18,CONTLA DE JUAN CUAMATZI,278,1,68,49,101,7,0,3,14,1,54,2,0,0,0,0,0,0,0,0,0,0,0,7,0,306,13,319,558
4,29,TLAXCALA,8,CONTLA DE JUAN CUAMATZI,18,CONTLA DE JUAN CUAMATZI,279,3,156,325,322,2,15,15,59,4,142,11,1,0,0,0,0,0,0,0,0,0,1,29,0,1082,46,1128,1635
4,29,TLAXCALA,8,CONTLA DE JUAN CUAMATZI,18,CONTLA DE JUAN CUAMATZI,280,1,60,90,83,0,2,3,8,0,33,2,1,0,0,0,0,0,0,0,0,0,0,4,0,286,6,292,481
4,29,TLAXCALA,8,CONTLA DE JUAN CUAMATZI,18,CONTLA DE JUAN CUAMATZI,281,3,247,388,251,11,8,5,119,8,162,7,3,1,0,0,0,3,0,1,0,0,0,31,1,1246,51,1297,1921
4,29,TLAXCALA,8,CONTLA DE JUAN CUAMATZI,18,CONTLA DE JUAN CUAMATZI,282,1,58,73,87,1,1,1,14,0,29,2,0,0,0,0,0,0,0,0,0,0,0,6,0,272,2,274,414
4,29,TLAXCALA,8,CONTLA DE JUAN CUAMATZI,18,CONTLA DE JUAN CUAMATZI,283,2,139,277,349,8,16,3,17,4,70,6,2,0,0,0,0,0,0,0,0,0,0,18,0,909,9,918,1432
4,29,TLAXCALA,8,CONTLA DE JUAN CUAMATZI,26,SANTA CRUZ TLAXCALA,365,3,221,214,317,34,27,13,20,26,68,2,1,0,0,0,0,0,0,3,0,0,0,18,2,966,47,1013,1788
4,29,TLAXCALA,8,CONTLA DE JUAN CUAMATZI,26,SANTA CRUZ TLAXCALA,366,3,237,312,725,25,12,22,19,18,56,4,4,0,0,0,0,0,1,1,0,0,0,13,2,1451,34,1485,2040
4,29,TLAXCALA,8,CONTLA DE JUAN CUAMATZI,26,SANTA CRUZ TLAXCALA,367,3,308,240,575,27,40,5,21,7,91,9,1,1,0,0,0,1,0,0,0,0,0,25,0,1351,39,1390,1963
4,29,TLAXCALA,8,CONTLA DE JUAN CUAMATZI,26,SANTA CRUZ TLAXCALA,368,3,198,244,580,22,39,6,24,2,79,3,1,0,0,0,0,0,0,0,0,0,0,28,1,1227,22,1249,1754
4,29,TLAXCALA,8,CONTLA DE JUAN CUAMATZI,26,SANTA CRUZ TLAXCALA,369,3,263,311,564,93,35,10,35,1,46,6,2,1,0,0,0,1,0,0,0,0,0,16,0,1384,30,1414,2057
4,29,TLAXCALA,8,CONTLA DE JUAN CUAMATZI,26,SANTA CRUZ TLAXCALA,370,2,105,143,398,31,5,4,8,1,20,0,1,0,0,0,0,0,0,0,0,0,0,4,0,720,12,732,919
4,29,TLAXCALA,8,CONTLA DE JUAN CUAMATZI,26,SANTA CRUZ TLAXCALA,371,4,292,447,613,61,12,18,45,2,44,9,0,0,0,0,0,4,0,0,0,0,0,15,0,1562,42,1604,2474
4,29,TLAXCALA,9,CHIAUTEMPAN,10,CHIAUTEMPAN,122,3,197,356,384,12,29,5,11,8,89,15,2,2,1,0,0,1,0,0,0,0,0,29,0,1141,37,1178,1620
4,29,TLAXCALA,9,CHIAUTEMPAN,10,CHIAUTEMPAN,123,3,109,410,389,13,23,9,22,2,74,9,3,2,0,0,0,1,0,0,0,0,0,28,1,1095,31,1126,1674
4,29,TLAXCALA,9,CHIAUTEMPAN,10,CHIAUTEMPAN,124,3,147,385,365,12,14,9,46,6,78,10,1,1,0,0,0,1,0,0,0,0,0,45,1,1121,40,1161,1905
4,29,TLAXCALA,9,CHIAUTEMPAN,10,CHIAUTEMPAN,125,3,152,338,316,19,15,8,15,5,69,8,6,1,0,0,0,3,0,0,0,0,1,29,1,986,31,1017,1575
4,29,TLAXCALA,9,CHIAUTEMPAN,10,CHIAUTEMPAN,126,3,165,438,455,23,25,15,40,12,100,7,3,0,0,0,0,2,0,0,0,0,0,16,1,1302,48,1350,2012
4,29,TLAXCALA,9,CHIAUTEMPAN,10,CHIAUTEMPAN,127,4,205,525,537,13,33,14,28,11,106,10,4,1,0,0,0,0,0,2,0,0,0,45,0,1534,52,1586,2537
4,29,TLAXCALA,9,CHIAUTEMPAN,10,CHIAUTEMPAN,128,2,70,218,212,2,11,4,13,0,42,2,1,1,0,0,0,2,0,0,0,1,0,16,0,595,18,613,1003
4,29,TLAXCALA,9,CHIAUTEMPAN,10,CHIAUTEMPAN,129,2,121,247,273,5,17,4,12,6,38,6,4,0,0,0,0,2,0,0,0,0,0,19,1,755,16,771,1146
4,29,TLAXCALA,9,CHIAUTEMPAN,10,CHIAUTEMPAN,130,2,62,190,205,1,8,2,6,2,25,1,1,0,0,0,0,1,0,0,0,0,0,19,0,523,16,539,782
4,29,TLAXCALA,9,CHIAUTEMPAN,10,CHIAUTEMPAN,131,2,117,268,294,9,18,8,15,3,69,7,1,1,0,0,0,1,1,0,0,0,0,23,1,836,22,858,1225
4,29,TLAXCALA,9,CHIAUTEMPAN,10,CHIAUTEMPAN,132,2,133,262,306,9,7,5,8,2,45,8,1,0,0,0,0,1,0,0,0,0,0,26,0,813,14,827,1238
4,29,TLAXCALA,9,CHIAUTEMPAN,10,CHIAUTEMPAN,133,2,87,229,306,12,8,8,14,3,48,0,0,0,0,0,0,1,1,1,0,0,0,7,0,725,15,740,1064
4,29,TLAXCALA,9,CHIAUTEMPAN,10,CHIAUTEMPAN,134,2,80,151,176,4,10,1,8,1,35,1,3,0,14,0,1,1,0,0,0,0,0,9,1,496,9,505,817
4,29,TLAXCALA,9,CHIAUTEMPAN,10,CHIAUTEMPAN,135,2,40,185,247,3,4,3,6,0,31,7,1,0,0,0,0,0,0,0,0,0,0,16,0,543,28,571,956
4,29,TLAXCALA,9,CHIAUTEMPAN,10,CHIAUTEMPAN,136,1,31,93,144,2,5,2,6,1,25,1,0,0,0,0,0,2,0,1,0,0,0,18,0,331,7,338,514
4,29,TLAXCALA,9,CHIAUTEMPAN,10,CHIAUTEMPAN,137,3,173,369,493,20,28,15,47,4,122,11,1,1,0,0,0,1,0,0,0,0,1,38,1,1325,38,1363,2199
4,29,TLAXCALA,9,CHIAUTEMPAN,10,CHIAUTEMPAN,138,2,126,316,269,5,19,4,14,0,53,7,0,0,0,0,0,0,0,1,0,0,0,24,0,838,35,873,1286
4,29,TLAXCALA,9,CHIAUTEMPAN,10,CHIAUTEMPAN,139,5,221,551,563,13,16,10,35,8,124,5,3,2,0,0,1,4,0,1,0,0,0,43,0,1600,51,1651,2534
4,29,TLAXCALA,9,CHIAUTEMPAN,10,CHIAUTEMPAN,140,3,93,311,310,14,27,8,19,2,88,5,0,0,0,0,0,0,1,0,0,0,0,24,0,902,39,941,1540
4,29,TLAXCALA,9,CHIAUTEMPAN,10,CHIAUTEMPAN,141,6,405,774,874,32,90,27,20,7,170,11,2,1,0,0,0,6,1,0,1,0,0,54,0,2475,90,2565,4210
4,29,TLAXCALA,9,CHIAUTEMPAN,10,CHIAUTEMPAN,142,3,166,367,405,11,36,12,32,2,107,11,2,1,0,0,1,1,1,1,0,0,0,30,0,1186,37,1223,1915
4,29,TLAXCALA,9,CHIAUTEMPAN,10,CHIAUTEMPAN,143,3,155,344,384,19,21,5,17,10,82,6,0,0,0,0,0,3,0,0,0,0,0,33,0,1079,32,1111,1703
4,29,TLAXCALA,9,CHIAUTEMPAN,10,CHIAUTEMPAN,144,4,244,581,654,27,32,9,41,9,162,8,4,3,0,0,0,5,0,1,0,0,0,65,0,1845,57,1902,2980
4,29,TLAXCALA,9,CHIAUTEMPAN,10,CHIAUTEMPAN,145,3,153,402,357,13,33,14,33,11,86,7,2,1,0,0,0,7,0,0,0,0,0,16,0,1135,51,1186,1717
4,29,TLAXCALA,9,CHIAUTEMPAN,10,CHIAUTEMPAN,146,3,130,387,278,6,28,15,25,6,85,7,0,0,1,1,0,1,1,0,1,0,0,29,0,1001,28,1029,1648
4,29,TLAXCALA,9,CHIAUTEMPAN,10,CHIAUTEMPAN,147,2,71,389,261,18,29,7,32,3,83,6,3,2,0,0,0,3,3,3,0,0,0,23,0,936,43,979,1500
4,29,TLAXCALA,9,CHIAUTEMPAN,10,CHIAUTEMPAN,148,2,80,379,223,13,21,8,43,2,41,1,3,0,0,0,0,3,0,0,0,0,0,17,0,834,42,876,1394
4,29,TLAXCALA,9,CHIAUTEMPAN,10,CHIAUTEMPAN,149,4,284,512,470,16,49,18,112,8,160,6,0,1,0,0,0,2,0,0,0,0,0,19,1,1658,87,1745,2718
4,29,TLAXCALA,9,CHIAUTEMPAN,10,CHIAUTEMPAN,156,2,128,296,286,13,22,14,24,3,72,5,4,0,0,0,0,1,0,1,1,0,0,18,0,888,39,927,1401
4,29,TLAXCALA,9,CHIAUTEMPAN,10,CHIAUTEMPAN,157,2,113,216,158,8,15,11,18,5,48,5,2,0,0,0,0,5,0,0,0,0,0,15,5,624,35,659,1036
4,29,TLAXCALA,9,CHIAUTEMPAN,52,LA MAGDALENA TLALTELULCO,150,2,139,185,274,17,10,10,10,4,64,17,0,0,0,0,0,2,0,0,0,0,0,16,0,748,19,767,1211
4,29,TLAXCALA,9,CHIAUTEMPAN,52,LA MAGDALENA TLALTELULCO,151,7,489,734,1249,131,85,83,51,24,179,98,5,1,0,0,4,12,0,0,0,0,0,59,0,3204,110,3314,4566
4,29,TLAXCALA,9,CHIAUTEMPAN,52,LA MAGDALENA TLALTELULCO,152,4,276,449,756,49,94,52,33,15,68,49,163,0,1,0,0,9,5,2,2,0,1,19,0,2043,53,2096,2810
4,29,TLAXCALA,9,CHIAUTEMPAN,52,LA MAGDALENA TLALTELULCO,153,2,162,269,331,15,34,124,14,14,64,19,0,0,0,0,0,8,1,0,0,0,0,12,0,1067,37,1104,1446
4,29,TLAXCALA,9,CHIAUTEMPAN,52,LA MAGDALENA TLALTELULCO,154,3,166,247,484,37,45,31,18,6,55,13,1,2,0,0,0,12,0,2,0,0,0,19,0,1138,29,1167,1587
4,29,TLAXCALA,9,CHIAUTEMPAN,52,LA MAGDALENA TLALTELULCO,155,3,182,298,467,64,41,26,16,15,62,20,2,1,0,0,5,8,0,0,0,0,0,14,0,1221,37,1258,1736
4,29,TLAXCALA,10,HUAMANTLA,13,HUAMANTLA,178,5,448,565,313,68,18,35,85,18,172,21,0,0,0,0,0,3,1,0,0,0,0,47,0,1794,63,1857,3409
4,29,TLAXCALA,10,HUAMANTLA,13,HUAMANTLA,179,5,363,596,400,28,9,41,70,14,135,7,5,2,0,0,0,2,1,0,0,1,0,44,21,1739,68,1807,3647
4,29,TLAXCALA,10,HUAMANTLA,13,HUAMANTLA,181,3,232,364,313,6,11,21,38,9,107,5,3,1,0,0,0,0,0,1,0,0,0,37,0,1148,46,1194,2087
4,29,TLAXCALA,10,HUAMANTLA,13,HUAMANTLA,182,2,133,212,148,22,11,7,17,3,80,5,1,0,1,0,0,3,1,0,0,0,0,8,0,652,21,673,1346
4,29,TLAXCALA,10,HUAMANTLA,13,HUAMANTLA,183,3,195,315,269,17,8,26,18,11,130,10,1,0,0,0,0,2,0,0,0,0,0,36,2,1040,31,1071,2012
4,29,TLAXCALA,10,HUAMANTLA,13,HUAMANTLA,184,2,163,332,132,16,8,10,21,6,48,3,0,0,0,0,0,2,0,1,0,0,0,4,0,746,41,787,1235
4,29,TLAXCALA,10,HUAMANTLA,13,HUAMANTLA,185,2,137,223,177,16,11,14,15,8,76,6,0,1,0,0,0,2,1,0,0,0,0,21,1,709,34,743,1335
4,29,TLAXCALA,10,HUAMANTLA,13,HUAMANTLA,186,2,138,288,143,17,8,10,15,9,89,4,0,0,0,0,0,2,0,0,0,0,0,15,2,740,24,764,1241
4,29,TLAXCALA,10,HUAMANTLA,13,HUAMANTLA,187,4,239,362,216,17,5,26,25,4,92,5,0,0,0,0,0,1,1,0,1,1,0,28,0,1023,31,1054,1955
4,29,TLAXCALA,10,HUAMANTLA,13,HUAMANTLA,189,3,176,256,211,14,7,12,20,7,86,6,0,0,0,0,0,2,0,0,0,0,0,18,0,815,28,843,1551
4,29,TLAXCALA,10,HUAMANTLA,13,HUAMANTLA,190,2,107,163,131,9,7,26,9,8,44,1,0,0,0,0,0,2,2,0,0,0,0,10,0,519,24,543,973
4,29,TLAXCALA,10,HUAMANTLA,13,HUAMANTLA,191,2,141,232,98,28,6,13,17,3,54,3,0,1,0,0,0,3,2,0,0,0,0,11,0,612,31,643,1128
4,29,TLAXCALA,10,HUAMANTLA,13,HUAMANTLA,192,3,291,339,298,35,14,11,22,15,78,7,0,1,0,0,0,3,1,0,0,0,0,27,0,1142,47,1189,1895
4,29,TLAXCALA,10,HUAMANTLA,13,HUAMANTLA,193,2,100,209,128,11,4,9,7,2,24,0,1,0,0,0,0,0,0,0,0,0,0,0,5,500,22,522,807
4,29,TLAXCALA,10,HUAMANTLA,13,HUAMANTLA,194,4,347,436,378,125,26,35,38,25,83,41,5,3,4,3,0,3,2,0,0,0,0,21,0,1575,62,1637,2471
4,29,TLAXCALA,10,HUAMANTLA,13,HUAMANTLA,195,3,230,271,260,38,11,10,26,10,79,23,1,0,2,0,0,2,1,0,0,0,0,15,0,979,52,1031,1752
4,29,TLAXCALA,10,HUAMANTLA,13,HUAMANTLA,205,1,91,86,16,6,0,0,2,1,21,0,0,0,0,0,0,0,0,0,0,0,0,0,0,223,7,230,257
4,29,TLAXCALA,10,HUAMANTLA,13,HUAMANTLA,206,2,138,389,161,11,0,2,19,2,50,0,0,0,0,0,0,2,0,0,0,0,0,3,0,777,13,790,966
4,29,TLAXCALA,10,HUAMANTLA,13,HUAMANTLA,207,1,80,298,71,6,14,4,7,16,14,0,1,0,0,0,0,1,0,0,0,0,0,3,3,518,17,535,734
4,29,TLAXCALA,10,HUAMANTLA,13,HUAMANTLA,208,1,105,203,127,16,0,1,16,41,19,0,0,0,0,0,0,1,0,0,0,0,0,5,0,534,10,544,733
4,29,TLAXCALA,10,HUAMANTLA,13,HUAMANTLA,209,1,71,285,152,8,3,2,43,5,18,4,2,0,0,0,0,1,0,0,0,0,0,3,0,597,18,615,742
4,29,TLAXCALA,10,HUAMANTLA,13,HUAMANTLA,210,1,20,91,18,2,1,2,9,3,7,2,0,1,0,0,0,0,0,0,0,0,0,1,0,157,6,163,223
4,29,TLAXCALA,10,HUAMANTLA,13,HUAMANTLA,211,2,72,236,220,23,3,19,13,4,30,5,0,0,0,0,0,1,2,0,0,0,0,8,0,636,30,666,869
4,29,TLAXCALA,10,HUAMANTLA,13,HUAMANTLA,213,4,353,825,348,62,10,29,44,41,47,5,3,0,2,0,0,2,0,1,0,0,1,15,0,1788,90,1878,2656
4,29,TLAXCALA,10,HUAMANTLA,13,HUAMANTLA,214,3,256,554,239,30,9,32,23,18,34,5,1,1,0,0,0,3,0,0,0,0,0,12,0,1217,54,1271,1885
4,29,TLAXCALA,10,HUAMANTLA,13,HUAMANTLA,215,1,23,152,30,7,1,1,0,1,2,0,0,0,0,0,0,1,0,0,0,0,0,0,0,218,0,218,286
4,29,TLAXCALA,10,HUAMANTLA,13,HUAMANTLA,216,2,80,190,51,4,1,4,50,96,34,0,1,1,1,0,0,0,0,7,0,0,0,1,0,521,50,571,854
4,29,TLAXCALA,10,HUAMANTLA,13,HUAMANTLA,217,2,134,175,106,16,8,8,9,5,32,2,0,0,0,0,0,0,1,0,0,0,0,4,0,500,17,517,807
4,29,TLAXCALA,10,HUAMANTLA,13,HUAMANTLA,218,1,78,146,99,17,2,6,7,14,18,2,0,0,0,0,0,1,1,0,0,0,0,0,11,402,12,414,643
4,29,TLAXCALA,10,HUAMANTLA,13,HUAMANTLA,219,1,73,178,88,13,6,33,6,5,29,2,0,0,0,0,0,0,0,0,0,0,0,4,0,437,18,455,732
4,29,TLAXCALA,10,HUAMANTLA,16,IXTENCO,259,2,154,250,307,16,7,44,44,47,100,24,0,0,0,0,0,2,0,1,0,0,0,27,0,1023,46,1069,1393
4,29,TLAXCALA,10,HUAMANTLA,16,IXTENCO,260,2,115,195,289,29,11,36,27,36,66,16,0,0,0,0,0,1,0,1,0,0,0,20,0,842,42,884,1172
4,29,TLAXCALA,10,HUAMANTLA,16,IXTENCO,261,2,168,195,291,22,12,38,40,49,124,29,1,0,0,0,0,0,0,0,0,0,0,14,0,983,42,1025,1461
4,29,TLAXCALA,10,HUAMANTLA,16,IXTENCO,262,2,129,149,262,12,4,17,12,12,57,23,0,0,0,0,0,0,1,0,0,0,0,16,0,694,33,727,1035
4,29,TLAXCALA,10,HUAMANTLA,37,ZITLALTEPEC DE TRINIDAD SANCHEZ SANTOS,520,2,313,96,68,32,1,5,8,19,196,28,12,2,1,8,2,12,1,15,2,1,2,7,2,833,21,854,1429
4,29,TLAXCALA,10,HUAMANTLA,37,ZITLALTEPEC DE TRINIDAD SANCHEZ SANTOS,521,2,238,86,123,50,4,4,14,3,111,10,0,0,0,0,0,0,0,0,0,0,0,0,0,643,35,678,992
4,29,TLAXCALA,10,HUAMANTLA,37,ZITLALTEPEC DE TRINIDAD SANCHEZ SANTOS,522,2,240,193,141,43,4,2,7,5,130,23,0,0,0,0,0,3,0,1,0,0,0,6,2,800,38,838,1237
4,29,TLAXCALA,10,HUAMANTLA,37,ZITLALTEPEC DE TRINIDAD SANCHEZ SANTOS,523,2,213,164,115,35,8,6,11,9,210,16,0,0,0,0,0,1,0,0,0,0,0,4,0,792,31,823,1230
4,29,TLAXCALA,10,HUAMANTLA,37,ZITLALTEPEC DE TRINIDAD SANCHEZ SANTOS,524,1,120,113,72,56,0,0,10,0,29,4,0,0,0,0,0,2,0,0,0,0,0,4,0,410,25,435,540
4,29,TLAXCALA,10,HUAMANTLA,37,ZITLALTEPEC DE TRINIDAD SANCHEZ SANTOS,525,2,134,186,85,56,1,24,24,24,36,21,0,1,1,0,0,1,0,0,0,1,0,12,0,607,55,662,889
4,29,TLAXCALA,10,HUAMANTLA,37,ZITLALTEPEC DE TRINIDAD SANCHEZ SANTOS,526,1,28,29,8,1,6,0,5,0,9,0,0,0,0,0,0,0,0,0,0,0,0,2,0,88,4,92,167
4,29,TLAXCALA,11,HUAMANTLA,5,ATLTZAYANCA,59,2,69,237,300,9,5,3,38,2,33,3,2,0,0,0,0,0,0,1,1,0,0,7,0,710,18,728,963
4,29,TLAXCALA,11,HUAMANTLA,5,ATLTZAYANCA,60,1,70,139,188,15,2,6,17,7,13,5,0,0,0,0,0,1,0,0,1,0,0,2,0,466,25,491,663
4,29,TLAXCALA,11,HUAMANTLA,5,ATLTZAYANCA,61,2,52,117,113,28,3,2,13,5,53,2,0,0,0,0,0,4,4,0,1,0,0,3,0,400,12,412,540
4,29,TLAXCALA,11,HUAMANTLA,5,ATLTZAYANCA,62,1,21,123,50,36,2,3,0,1,3,1,0,0,0,0,0,6,0,0,0,0,0,3,0,249,14,263,313
4,29,TLAXCALA,11,HUAMANTLA,5,ATLTZAYANCA,63,1,33,103,101,3,1,3,3,1,3,1,0,0,0,0,0,1,0,0,0,0,0,0,0,253,7,260,323
4,29,TLAXCALA,11,HUAMANTLA,5,ATLTZAYANCA,64,1,14,49,54,3,2,0,8,4,21,1,0,0,0,0,0,0,0,0,0,0,0,9,0,165,7,172,212
4,29,TLAXCALA,11,HUAMANTLA,5,ATLTZAYANCA,65,1,27,60,79,10,0,0,4,0,6,0,0,0,0,0,0,0,0,0,1,0,0,0,0,187,2,189,212
4,29,TLAXCALA,11,HUAMANTLA,5,ATLTZAYANCA,66,1,80,131,99,21,1,0,23,2,7,0,0,0,0,0,0,4,1,0,0,0,0,2,0,371,14,385,509
4,29,TLAXCALA,11,HUAMANTLA,5,ATLTZAYANCA,67,1,15,74,38,1,0,1,26,1,8,0,0,0,0,0,0,0,0,0,0,0,0,5,0,169,2,171,204
4,29,TLAXCALA,11,HUAMANTLA,5,ATLTZAYANCA,68,3,97,513,517,16,6,17,37,3,24,7,0,0,1,0,0,1,3,1,1,0,0,16,0,1260,66,1326,1821
4,29,TLAXCALA,11,HUAMANTLA,5,ATLTZAYANCA,69,2,66,177,253,6,0,14,6,16,41,0,3,1,0,0,0,0,0,0,0,0,0,2,0,585,19,604,798
4,29,TLAXCALA,11,HUAMANTLA,5,ATLTZAYANCA,70,1,60,120,118,8,4,3,51,0,7,0,0,0,0,0,0,1,1,0,0,0,0,2,0,375,16,391,518
4,29,TLAXCALA,11,HUAMANTLA,5,ATLTZAYANCA,71,2,45,247,310,27,10,3,4,4,10,0,0,0,0,0,0,4,0,0,0,0,0,0,0,664,28,692,878
4,29,TLAXCALA,11,HUAMANTLA,5,ATLTZAYANCA,72,1,64,177,216,14,2,3,5,2,8,1,0,0,0,0,0,2,0,0,1,0,0,0,0,495,21,516,623
4,29,TLAXCALA,11,HUAMANTLA,5,ATLTZAYANCA,73,1,10,66,103,1,6,1,6,2,14,1,1,0,0,0,0,0,0,0,0,0,0,0,0,211,11,222,252
4,29,TLAXCALA,11,HUAMANTLA,5,ATLTZAYANCA,74,2,120,238,318,11,19,3,34,6,9,1,0,0,0,0,0,0,0,0,0,1,0,2,0,762,22,784,954
4,29,TLAXCALA,11,HUAMANTLA,5,ATLTZAYANCA,75,1,20,132,127,5,0,2,7,0,6,1,1,1,0,0,0,0,0,0,0,0,0,0,1,303,15,318,396
4,29,TLAXCALA,11,HUAMANTLA,5,ATLTZAYANCA,76,1,29,109,31,5,0,0,13,0,1,1,0,0,0,0,0,0,0,0,1,0,0,2,0,192,10,202,199
4,29,TLAXCALA,11,HUAMANTLA,5,ATLTZAYANCA,77,2,143,320,379,18,9,6,32,3,35,8,2,1,1,0,0,2,1,0,0,0,0,5,0,965,32,997,1310
4,29,TLAXCALA,11,HUAMANTLA,7,EL CARMEN TEQUEXQUITLA,100,4,367,699,347,16,8,8,83,6,64,2,3,2,0,0,0,5,1,0,0,0,0,13,1,1625,152,1777,2657
4,29,TLAXCALA,11,HUAMANTLA,7,EL CARMEN TEQUEXQUITLA,101,3,292,489,275,12,12,2,77,1,42,1,2,2,0,0,1,0,1,1,0,0,0,8,0,1218,56,1274,1988
4,29,TLAXCALA,11,HUAMANTLA,7,EL CARMEN TEQUEXQUITLA,102,3,330,509,290,12,10,2,42,2,44,2,2,0,0,0,0,2,2,0,1,0,1,21,1,1273,62,1335,2103
4,29,TLAXCALA,11,HUAMANTLA,7,EL CARMEN TEQUEXQUITLA,103,2,167,359,166,5,0,6,23,5,13,1,1,1,0,0,0,3,0,0,0,0,0,1,0,751,43,794,1222
4,29,TLAXCALA,11,HUAMANTLA,7,EL CARMEN TEQUEXQUITLA,104,3,351,482,368,10,22,3,81,3,41,3,3,0,0,0,0,1,1,0,0,0,0,7,0,1376,63,1439,2229
4,29,TLAXCALA,11,HUAMANTLA,7,EL CARMEN TEQUEXQUITLA,105,1,98,102,55,6,0,2,14,18,3,0,0,0,0,0,0,0,1,0,0,0,0,5,0,304,28,332,399
4,29,TLAXCALA,11,HUAMANTLA,7,EL CARMEN TEQUEXQUITLA,106,1,41,72,50,0,1,1,1,0,4,0,0,0,0,0,0,2,0,0,0,0,0,0,0,172,6,178,214
4,29,TLAXCALA,11,HUAMANTLA,8,CUAPIAXTLA,107,5,360,436,534,243,11,11,8,4,85,1,2,0,1,0,0,8,0,0,0,0,1,17,0,1722,61,1783,2467
4,29,TLAXCALA,11,HUAMANTLA,8,CUAPIAXTLA,108,3,263,325,292,162,5,8,2,7,54,4,1,0,0,3,0,4,1,0,0,0,1,4,2,1138,32,1170,1596
4,29,TLAXCALA,11,HUAMANTLA,8,CUAPIAXTLA,109,3,258,512,452,147,12,8,5,2,46,5,0,0,5,0,0,2,1,1,0,0,0,8,0,1464,48,1512,2117
4,29,TLAXCALA,11,HUAMANTLA,8,CUAPIAXTLA,110,2,167,325,223,148,24,1,4,22,33,1,1,1,0,0,0,4,0,0,0,1,0,5,0,960,46,1006,1338
4,29,TLAXCALA,11,HUAMANTLA,8,CUAPIAXTLA,111,1,45,62,48,30,0,2,2,1,5,0,0,0,0,0,0,0,0,0,0,0,0,1,0,196,4,200,251
4,29,TLAXCALA,11,HUAMANTLA,8,CUAPIAXTLA,112,1,25,35,48,19,1,0,2,0,2,0,0,0,0,0,0,0,0,0,0,0,0,0,0,132,3,135,156
4,29,TLAXCALA,11,HUAMANTLA,8,CUAPIAXTLA,113,1,42,60,87,11,0,2,0,4,1,0,0,0,0,0,0,0,0,1,0,1,0,1,0,210,7,217,264
4,29,TLAXCALA,11,HUAMANTLA,8,CUAPIAXTLA,114,2,155,226,145,43,5,7,1,25,12,1,0,0,0,0,0,2,1,3,0,0,0,0,0,626,28,654,766
4,29,TLAXCALA,11,HUAMANTLA,8,CUAPIAXTLA,115,1,86,97,53,44,5,4,0,6,17,0,0,0,0,0,0,1,0,1,0,1,0,0,0,315,19,334,394
4,29,TLAXCALA,11,HUAMANTLA,8,CUAPIAXTLA,116,1,34,113,115,46,4,3,0,0,9,0,1,0,0,0,0,1,0,0,0,0,1,0,0,327,7,334,375
4,29,TLAXCALA,11,HUAMANTLA,13,HUAMANTLA,180,5,383,505,499,55,27,83,33,9,122,16,0,1,2,1,0,5,1,1,2,0,0,30,1,1776,80,1856,3070
4,29,TLAXCALA,11,HUAMANTLA,13,HUAMANTLA,188,5,364,525,407,44,27,25,66,13,105,28,2,1,0,0,1,2,1,0,0,0,0,36,1,1648,59,1707,3537
4,29,TLAXCALA,11,HUAMANTLA,13,HUAMANTLA,196,2,115,192,207,126,4,4,12,4,17,0,1,0,0,0,0,16,0,0,2,0,0,2,2,704,30,734,1034
4,29,TLAXCALA,11,HUAMANTLA,13,HUAMANTLA,197,1,32,25,87,1,0,0,3,0,7,0,0,0,0,0,0,0,0,0,0,0,0,0,0,155,8,163,203
4,29,TLAXCALA,11,HUAMANTLA,13,HUAMANTLA,198,1,75,106,106,4,3,2,3,2,8,0,0,0,0,0,0,0,0,0,0,0,0,0,0,309,14,323,513
4,29,TLAXCALA,11,HUAMANTLA,13,HUAMANTLA,199,1,87,204,108,62,1,21,3,10,33,0,0,0,0,0,0,2,0,0,0,0,0,2,0,533,16,549,655
4,29,TLAXCALA,11,HUAMANTLA,13,HUAMANTLA,200,2,227,252,347,35,2,74,13,0,41,1,1,0,0,0,0,1,0,0,1,0,0,11,0,1006,26,1032,1361
4,29,TLAXCALA,11,HUAMANTLA,13,HUAMANTLA,201,5,276,671,723,38,10,154,52,9,84,12,2,6,0,0,0,4,10,1,4,6,0,10,0,2072,91,2163,3180
4,29,TLAXCALA,11,HUAMANTLA,13,HUAMANTLA,202,1,61,129,97,10,2,22,5,1,16,1,0,0,0,0,0,0,0,0,0,0,0,3,0,347,11,358,465
4,29,TLAXCALA,11,HUAMANTLA,13,HUAMANTLA,203,3,314,491,361,6,5,4,47,6,66,4,2,0,0,0,0,2,1,0,0,0,0,7,0,1316,43,1359,1891
4,29,TLAXCALA,11,HUAMANTLA,13,HUAMANTLA,204,3,260,542,312,16,6,6,35,11,49,3,0,1,0,0,0,6,1,0,0,0,0,7,5,1260,48,1308,2025
4,29,TLAXCALA,11,HUAMANTLA,13,HUAMANTLA,212,1,65,117,74,33,0,1,2,16,20,0,0,0,0,0,0,1,0,0,0,0,0,1,0,330,7,337,484
4,29,TLAXCALA,12,TEOLOCHOLCO,17,MAZATECOCHCO DE JOSE MARIA MORELOS,263,3,130,416,312,170,261,15,11,5,130,28,2,1,0,0,0,1,0,0,0,0,0,20,0,1502,52,1554,2027
4,29,TLAXCALA,12,TEOLOCHOLCO,17,MAZATECOCHCO DE JOSE MARIA MORELOS,264,3,115,375,276,167,286,12,22,19,102,29,2,0,0,0,0,6,0,0,0,0,0,28,0,1439,40,1479,1879
4,29,TLAXCALA,12,TEOLOCHOLCO,17,MAZATECOCHCO DE JOSE MARIA MORELOS,265,3,119,344,325,76,353,4,8,6,121,22,0,0,0,0,0,0,0,0,0,0,0,24,0,1402,49,1451,1896
4,29,TLAXCALA,12,TEOLOCHOLCO,17,MAZATECOCHCO DE JOSE MARIA MORELOS,266,3,92,270,285,105,176,17,4,13,62,22,0,0,0,0,0,7,0,0,0,0,0,17,0,1070,38,1108,1525
4,29,TLAXCALA,12,TEOLOCHOLCO,22,ACUAMANALA DE MIGUEL HIDALGO,309,2,192,254,225,23,53,7,24,31,125,2,0,0,0,0,0,1,0,2,0,0,0,7,0,946,29,975,1221
4,29,TLAXCALA,12,TEOLOCHOLCO,22,ACUAMANALA DE MIGUEL HIDALGO,310,2,183,242,343,50,43,5,21,44,155,5,0,1,2,2,0,2,0,0,0,0,0,13,0,1111,28,1139,1341
4,29,TLAXCALA,12,TEOLOCHOLCO,22,ACUAMANALA DE MIGUEL HIDALGO,311,2,193,232,287,17,43,2,18,24,101,1,0,0,0,0,0,2,0,3,0,0,1,16,2,942,27,969,1132
4,29,TLAXCALA,12,TEOLOCHOLCO,22,ACUAMANALA DE MIGUEL HIDALGO,312,1,140,115,108,3,17,2,43,5,47,0,0,0,0,0,0,0,0,0,0,0,0,5,0,485,1,486,634
4,29,TLAXCALA,12,TEOLOCHOLCO,28,TEOLOCHOLCO,378,3,218,259,387,83,15,3,13,6,146,7,1,0,0,0,0,10,0,0,0,0,0,21,0,1169,42,1211,1594
4,29,TLAXCALA,12,TEOLOCHOLCO,28,TEOLOCHOLCO,379,4,213,388,422,186,26,7,23,6,166,10,5,1,0,0,0,28,0,0,1,0,0,21,0,1503,44,1547,2206
4,29,TLAXCALA,12,TEOLOCHOLCO,28,TEOLOCHOLCO,380,5,442,543,748,302,81,12,20,15,233,35,2,1,0,0,0,26,0,0,0,1,0,15,2,2478,94,2572,3712
4,29,TLAXCALA,12,TEOLOCHOLCO,28,TEOLOCHOLCO,381,3,137,307,215,249,37,9,27,30,65,6,0,0,0,0,0,17,0,0,0,1,0,12,0,1112,72,1184,1905
4,29,TLAXCALA,12,TEOLOCHOLCO,28,TEOLOCHOLCO,382,2,151,288,279,113,10,6,11,8,79,5,1,0,0,0,0,5,0,1,0,0,4,26,0,987,15,1002,1436
4,29,TLAXCALA,12,TEOLOCHOLCO,28,TEOLOCHOLCO,383,2,232,259,372,91,9,7,14,5,147,2,1,0,0,0,0,5,0,0,0,0,0,15,0,1159,27,1186,1495
4,29,TLAXCALA,12,TEOLOCHOLCO,28,TEOLOCHOLCO,384,3,219,281,363,123,29,2,6,10,94,4,2,0,0,0,0,10,0,1,0,0,0,4,3,1151,31,1182,1566
4,29,TLAXCALA,12,TEOLOCHOLCO,28,TEOLOCHOLCO,385,1,35,111,70,25,6,0,7,1,17,1,2,0,0,0,0,3,0,0,0,0,0,0,0,278,13,291,338
4,29,TLAXCALA,12,TEOLOCHOLCO,28,TEOLOCHOLCO,386,3,211,248,592,83,64,2,50,5,118,4,6,1,0,0,0,4,1,0,1,0,0,51,0,1441,45,1486,1948
4,29,TLAXCALA,12,TEOLOCHOLCO,41,PAPALOTLA DE XICOHTENCATL,558,3,299,294,465,4,278,8,40,6,92,3,2,1,0,0,0,1,0,0,0,0,0,17,0,1510,34,1544,2200
4,29,TLAXCALA,12,TEOLOCHOLCO,41,PAPALOTLA DE XICOHTENCATL,559,3,232,337,345,10,184,7,24,3,54,2,0,1,0,0,0,4,0,0,0,0,0,1,5,1209,18,1227,1768
4,29,TLAXCALA,12,TEOLOCHOLCO,41,PAPALOTLA DE XICOHTENCATL,560,4,282,376,425,12,334,3,41,0,77,7,1,0,0,0,0,0,0,0,0,0,0,69,5,1632,41,1673,2502
4,29,TLAXCALA,12,TEOLOCHOLCO,41,PAPALOTLA DE XICOHTENCATL,561,4,300,242,600,8,233,2,34,1,77,5,1,1,0,0,0,0,0,0,0,0,0,20,0,1524,31,1555,2282
4,29,TLAXCALA,12,TEOLOCHOLCO,41,PAPALOTLA DE XICOHTENCATL,562,3,193,251,391,16,231,7,32,2,74,3,0,1,0,0,0,4,1,0,0,0,0,19,0,1225,30,1255,2032
4,29,TLAXCALA,12,TEOLOCHOLCO,41,PAPALOTLA DE XICOHTENCATL,563,3,100,299,424,12,324,6,12,6,90,24,0,0,0,0,0,1,0,0,0,0,0,13,4,1315,44,1359,1954
4,29,TLAXCALA,12,TEOLOCHOLCO,41,PAPALOTLA DE XICOHTENCATL,564,3,179,267,263,7,228,10,50,1,63,3,0,0,0,0,0,0,0,0,0,0,0,15,3,1089,27,1116,1879
4,29,TLAXCALA,12,TEOLOCHOLCO,41,PAPALOTLA DE XICOHTENCATL,565,2,146,140,166,0,139,1,32,0,54,0,1,0,0,0,0,0,0,0,0,0,0,10,0,689,16,705,1117
4,29,TLAXCALA,12,TEOLOCHOLCO,41,PAPALOTLA DE XICOHTENCATL,566,2,70,259,266,2,272,12,15,4,16,1,0,0,0,0,0,2,1,0,0,0,0,8,0,928,29,957,1315
4,29,TLAXCALA,12,TEOLOCHOLCO,41,PAPALOTLA DE XICOHTENCATL,567,2,100,171,236,4,246,10,15,0,28,3,1,1,1,0,0,2,0,0,0,0,0,1,1,820,47,867,1293
4,29,TLAXCALA,12,TEOLOCHOLCO,41,PAPALOTLA DE XICOHTENCATL,568,2,94,118,182,6,158,3,8,6,47,2,1,0,0,0,0,0,0,0,1,0,0,8,0,634,16,650,1179
4,29,TLAXCALA,12,TEOLOCHOLCO,41,PAPALOTLA DE XICOHTENCATL,569,2,69,127,148,6,43,3,11,1,34,1,1,0,0,0,0,0,0,0,0,0,0,2,0,446,0,446,836
4,29,TLAXCALA,12,TEOLOCHOLCO,46,SANTA CRUZ QUILEHTLA,313,3,129,166,236,2,400,126,25,4,36,26,0,0,0,0,0,0,1,0,1,0,0,18,0,1170,52,1222,1702
4,29,TLAXCALA,12,TEOLOCHOLCO,46,SANTA CRUZ QUILEHTLA,314,3,98,125,240,6,347,96,32,1,23,14,1,0,0,0,0,0,1,0,0,0,1,2,1,988,25,1013,1501
4,29,TLAXCALA,12,TEOLOCHOLCO,46,SANTA CRUZ QUILEHTLA,315,2,50,151,517,2,74,9,3,8,68,24,0,0,0,0,0,0,0,0,0,0,0,26,0,932,52,984,1330
4,29,TLAXCALA,12,TEOLOCHOLCO,49,SANTA ISABEL XILOXOXTLA,391,3,163,444,418,9,66,21,75,5,43,4,1,1,0,0,0,6,1,0,1,0,0,7,0,1265,49,1314,1751
4,29,TLAXCALA,12,TEOLOCHOLCO,49,SANTA ISABEL XILOXOXTLA,392,2,83,368,367,1,38,1,41,21,26,2,1,0,0,0,0,0,0,1,0,0,0,15,0,965,25,990,1347
4,29,TLAXCALA,12,TEOLOCHOLCO,51,SAN FRANCISCO TETLANOHCAN,158,5,344,650,841,141,37,10,11,13,164,5,5,2,0,1,0,8,0,0,0,1,0,37,0,2270,52,2322,3115
4,29,TLAXCALA,12,TEOLOCHOLCO,51,SAN FRANCISCO TETLANOHCAN,159,4,299,391,639,110,25,8,6,12,91,4,3,0,0,0,0,4,0,0,0,1,0,27,0,1620,42,1662,2291
4,29,TLAXCALA,12,TEOLOCHOLCO,51,SAN FRANCISCO TETLANOHCAN,160,4,394,447,771,107,34,13,12,12,104,4,2,1,0,0,0,4,0,0,0,0,0,20,0,1925,50,1975,2628
4,29,TLAXCALA,13,ZACATELCO,29,TEPEYANCO,387,3,122,349,466,7,51,28,16,6,61,24,1,1,0,0,0,3,1,0,0,0,0,26,0,1162,21,1183,1601
4,29,TLAXCALA,13,ZACATELCO,29,TEPEYANCO,388,2,113,223,339,10,40,32,10,4,49,11,0,3,0,0,0,10,1,0,3,0,0,25,0,873,24,897,1248
4,29,TLAXCALA,13,ZACATELCO,29,TEPEYANCO,389,1,38,86,84,3,15,11,4,1,23,1,1,2,0,0,0,0,5,0,0,0,0,5,0,279,6,285,434
4,29,TLAXCALA,13,ZACATELCO,29,TEPEYANCO,390,2,92,164,211,35,34,14,18,1,31,3,3,2,0,0,0,1,0,0,2,0,0,9,0,620,15,635,876
4,29,TLAXCALA,13,ZACATELCO,29,TEPEYANCO,393,2,64,134,253,6,22,10,17,7,27,3,0,0,0,0,0,1,0,0,0,0,0,12,0,556,40,596,801
4,29,TLAXCALA,13,ZACATELCO,29,TEPEYANCO,394,3,174,447,558,8,63,34,62,10,79,8,1,3,0,0,0,2,0,0,0,0,1,20,0,1470,29,1499,1811
4,29,TLAXCALA,13,ZACATELCO,29,TEPEYANCO,397,3,133,347,461,8,148,31,43,13,76,7,4,1,0,1,0,0,1,0,0,0,0,11,0,1285,14,1299,1666
4,29,TLAXCALA,13,ZACATELCO,42,SANTO TORIBIO XICOHTZINCO,570,4,182,200,317,10,731,8,16,61,124,16,1,2,0,0,0,1,0,0,0,0,0,27,0,1696,47,1743,2494
4,29,TLAXCALA,13,ZACATELCO,42,SANTO TORIBIO XICOHTZINCO,571,3,96,148,182,7,582,3,5,27,67,12,1,0,0,0,0,1,0,0,0,0,0,11,3,1145,26,1171,1595
4,29,TLAXCALA,13,ZACATELCO,42,SANTO TORIBIO XICOHTZINCO,572,3,112,177,254,5,462,6,5,26,60,21,1,1,0,0,0,1,0,0,0,0,0,9,0,1140,38,1178,1651
4,29,TLAXCALA,13,ZACATELCO,42,SANTO TORIBIO XICOHTZINCO,573,3,109,161,258,8,516,4,7,24,75,10,0,2,0,0,0,2,0,0,0,0,0,14,0,1190,29,1219,1822
4,29,TLAXCALA,13,ZACATELCO,42,SANTO TORIBIO XICOHTZINCO,574,4,173,206,317,14,679,11,10,34,155,21,2,2,0,0,0,1,1,0,0,0,0,33,1,1660,43,1703,2621
4,29,TLAXCALA,13,ZACATELCO,44,ZACATELCO,588,2,101,197,213,16,83,9,18,11,63,13,2,0,0,0,0,1,0,0,0,0,0,21,0,748,32,780,1177
4,29,TLAXCALA,13,ZACATELCO,44,ZACATELCO,589,3,152,362,341,26,193,18,32,14,72,19,2,0,0,0,0,2,2,0,1,0,0,21,0,1257,40,1297,1918
4,29,TLAXCALA,13,ZACATELCO,44,ZACATELCO,590,5,271,424,544,16,250,36,41,20,134,53,1,0,0,0,0,0,1,0,0,2,0,38,2,1833,54,1887,3147
4,29,TLAXCALA,13,ZACATELCO,44,ZACATELCO,591,5,218,410,436,23,187,9,37,17,94,32,0,0,0,0,0,2,0,1,0,0,0,32,0,1498,48,1546,2478
4,29,TLAXCALA,13,ZACATELCO,44,ZACATELCO,592,5,246,471,553,40,348,49,39,32,144,41,1,3,0,0,0,3,1,2,0,0,0,36,0,2009,61,2070,3321
4,29,TLAXCALA,13,ZACATELCO,44,ZACATELCO,593,4,170,322,488,19,191,17,43,15,116,21,5,2,0,0,0,0,1,0,0,0,0,27,2,1439,52,1491,2369
4,29,TLAXCALA,13,ZACATELCO,44,ZACATELCO,594,3,171,285,284,8,247,12,42,21,83,28,3,1,0,0,0,4,1,0,0,0,0,15,1,1206,34,1240,1918
4,29,TLAXCALA,13,ZACATELCO,44,ZACATELCO,595,3,185,287,350,8,208,10,38,17,89,23,2,0,0,0,2,2,1,0,0,0,0,21,0,1243,40,1283,2092
4,29,TLAXCALA,13,ZACATELCO,44,ZACATELCO,596,2,123,159,198,3,176,11,39,12,54,10,1,0,0,0,0,0,0,0,0,0,0,8,0,794,39,833,1194
4,29,TLAXCALA,13,ZACATELCO,44,ZACATELCO,597,3,190,188,294,10,260,7,37,18,90,17,0,2,1,0,1,2,1,0,0,0,0,19,1,1138,26,1164,1673
4,29,TLAXCALA,13,ZACATELCO,44,ZACATELCO,598,3,193,178,323,13,328,9,41,20,84,25,1,0,0,0,0,1,0,0,0,0,0,10,0,1226,35,1261,1991
4,29,TLAXCALA,13,ZACATELCO,44,ZACATELCO,599,4,202,290,350,14,367,13,38,27,98,33,2,2,0,0,0,1,1,1,1,1,1,12,1,1455,45,1500,2456
4,29,TLAXCALA,13,ZACATELCO,44,ZACATELCO,600,4,259,311,405,13,464,11,59,30,166,33,109,1,0,0,0,0,0,0,0,0,0,36,14,1911,43,1954,2963
4,29,TLAXCALA,13,ZACATELCO,44,ZACATELCO,601,4,193,398,342,12,403,31,32,33,170,24,2,1,1,0,0,0,1,1,0,0,1,12,0,1657,49,1706,2476
4,29,TLAXCALA,13,ZACATELCO,48,SANTA CATARINA AYOMETLA,602,3,296,198,383,7,166,6,70,0,78,44,0,0,0,0,0,1,0,0,0,0,0,9,0,1258,49,1307,1766
4,29,TLAXCALA,13,ZACATELCO,48,SANTA CATARINA AYOMETLA,603,2,256,155,275,4,96,5,32,2,28,54,0,0,0,0,0,0,1,0,0,0,0,2,2,912,40,952,1270
4,29,TLAXCALA,13,ZACATELCO,48,SANTA CATARINA AYOMETLA,604,4,481,324,560,14,234,9,88,14,79,89,1,1,0,0,0,3,0,0,0,0,0,13,0,1910,47,1957,2565
4,29,TLAXCALA,13,ZACATELCO,48,SANTA CATARINA AYOMETLA,605,2,138,187,206,6,115,6,30,1,53,12,0,0,0,0,0,0,0,0,0,0,0,3,6,763,8,771,1094
4,29,TLAXCALA,13,ZACATELCO,59,SAN LORENZO AXOCOMANITLA,586,3,404,271,431,12,129,61,27,8,66,13,3,5,1,0,0,0,1,0,0,0,0,6,0,1438,19,1457,1831
4,29,TLAXCALA,13,ZACATELCO,59,SAN LORENZO AXOCOMANITLA,587,3,284,270,462,19,160,60,28,2,109,15,1,1,0,0,0,1,2,0,0,0,0,12,0,1426,43,1469,1810
4,29,TLAXCALA,14,NATIVITAS,19,TEPETITLA DE LARDIZABAL,284,2,289,147,191,64,26,46,15,18,70,3,0,1,0,0,0,5,0,0,1,0,1,21,0,898,23,921,1369
4,29,TLAXCALA,14,NATIVITAS,19,TEPETITLA DE LARDIZABAL,285,2,255,120,253,40,25,51,8,15,53,3,1,0,0,0,0,1,0,0,0,0,0,8,18,851,32,883,1310
4,29,TLAXCALA,14,NATIVITAS,19,TEPETITLA DE LARDIZABAL,286,3,348,251,405,68,50,92,19,26,86,3,2,3,0,1,0,5,2,0,0,0,2,28,1,1392,33,1425,2058
4,29,TLAXCALA,14,NATIVITAS,19,TEPETITLA DE LARDIZABAL,287,3,278,176,298,68,45,91,37,11,73,5,0,0,0,0,0,2,1,1,0,0,0,27,0,1113,41,1154,1777
4,29,TLAXCALA,14,NATIVITAS,19,TEPETITLA DE LARDIZABAL,288,4,377,343,306,81,28,50,38,27,219,43,2,0,0,0,0,2,0,0,0,0,0,42,0,1558,36,1594,2665
4,29,TLAXCALA,14,NATIVITAS,19,TEPETITLA DE LARDIZABAL,289,3,258,235,197,61,29,24,8,15,134,42,3,0,0,0,0,2,0,0,0,0,0,22,0,1030,30,1060,1526
4,29,TLAXCALA,14,NATIVITAS,19,TEPETITLA DE LARDIZABAL,290,4,598,255,459,84,83,51,21,15,160,15,3,0,0,0,0,4,3,0,1,0,0,60,0,1812,58,1870,2525
4,29,TLAXCALA,14,NATIVITAS,19,TEPETITLA DE LARDIZABAL,291,1,141,102,122,4,10,18,4,1,31,4,2,0,0,0,0,0,0,0,0,0,0,7,0,446,14,460,545
4,29,TLAXCALA,14,NATIVITAS,23,NATIVITAS,318,3,57,130,122,6,25,23,68,47,45,2,0,0,0,0,1,1,1,0,0,0,0,38,0,566,13,579,843
4,29,TLAXCALA,14,NATIVITAS,23,NATIVITAS,319,4,160,427,405,42,54,30,184,46,94,2,3,2,0,0,0,1,0,1,1,0,0,107,0,1559,46,1605,2539
4,29,TLAXCALA,14,NATIVITAS,23,NATIVITAS,320,1,32,139,92,9,24,1,36,3,34,1,1,0,0,0,0,0,0,0,0,0,0,37,0,409,7,416,554
4,29,TLAXCALA,14,NATIVITAS,23,NATIVITAS,321,1,48,92,92,23,34,10,59,10,36,2,0,1,0,1,0,0,0,0,0,1,0,6,0,415,27,442,707
4,29,TLAXCALA,14,NATIVITAS,23,NATIVITAS,322,2,45,262,135,11,25,13,91,41,51,3,2,1,0,0,0,0,0,0,0,0,0,58,0,738,15,753,1058
4,29,TLAXCALA,14,NATIVITAS,23,NATIVITAS,323,3,62,173,241,49,33,10,31,21,76,4,6,1,0,0,0,1,0,1,0,0,0,29,0,738,52,790,1669
4,29,TLAXCALA,14,NATIVITAS,23,NATIVITAS,324,1,34,56,155,16,42,6,39,3,23,1,0,0,0,0,0,0,0,0,0,0,0,14,0,389,14,403,629
4,29,TLAXCALA,14,NATIVITAS,23,NATIVITAS,325,2,75,86,69,13,27,8,27,16,35,4,0,0,0,0,0,0,0,0,0,0,0,12,0,372,28,400,1316
4,29,TLAXCALA,14,NATIVITAS,23,NATIVITAS,326,3,157,366,383,52,96,30,52,44,107,6,2,0,0,1,1,4,0,0,0,0,0,24,0,1325,72,1397,2077
4,29,TLAXCALA,14,NATIVITAS,23,NATIVITAS,327,3,164,411,203,25,91,28,61,19,52,41,0,0,0,0,0,4,2,0,1,0,0,7,0,1109,13,1122,1654
4,29,TLAXCALA,14,NATIVITAS,23,NATIVITAS,328,2,33,136,137,29,11,18,91,5,24,1,2,0,0,1,0,1,4,0,0,0,0,32,0,525,27,552,819
4,29,TLAXCALA,14,NATIVITAS,23,NATIVITAS,329,2,107,319,190,123,21,33,40,14,60,5,1,2,0,1,1,11,3,0,1,0,0,39,0,971,41,1012,1437
4,29,TLAXCALA,14,NATIVITAS,23,NATIVITAS,330,2,73,205,254,97,19,9,26,15,44,7,1,1,1,0,0,1,1,0,0,1,0,16,0,771,38,809,1115
4,29,TLAXCALA,14,NATIVITAS,23,NATIVITAS,331,2,50,246,106,41,7,7,119,80,32,1,0,1,0,0,0,1,1,1,0,0,0,5,1,699,41,740,1111
4,29,TLAXCALA,14,NATIVITAS,32,TETLATLAHUCA,424,2,64,229,255,191,147,32,21,19,40,7,10,0,0,0,0,0,0,0,0,0,0,16,0,1031,14,1045,1380
4,29,TLAXCALA,14,NATIVITAS,32,TETLATLAHUCA,425,2,145,411,179,64,24,51,28,23,41,27,2,1,0,0,0,6,0,0,0,0,0,65,0,1067,30,1097,1442
4,29,TLAXCALA,14,NATIVITAS,32,TETLATLAHUCA,426,2,113,356,162,136,29,56,32,25,62,22,9,4,1,0,0,6,0,1,0,2,0,35,0,1051,33,1084,1403
4,29,TLAXCALA,14,NATIVITAS,32,TETLATLAHUCA,427,3,91,176,257,32,75,62,28,54,74,19,4,1,2,0,1,2,2,0,2,0,0,322,0,1204,16,1220,1822
4,29,TLAXCALA,14,NATIVITAS,32,TETLATLAHUCA,428,2,58,169,222,22,54,56,15,38,64,9,1,0,0,0,0,0,2,0,1,0,0,304,0,1015,30,1045,1466
4,29,TLAXCALA,14,NATIVITAS,32,TETLATLAHUCA,431,2,82,170,312,38,80,15,3,5,28,11,3,1,0,0,0,1,3,0,0,1,0,33,0,786,29,815,1077
4,29,TLAXCALA,14,NATIVITAS,32,TETLATLAHUCA,434,1,25,75,117,23,20,26,41,20,31,4,1,0,0,0,0,1,0,0,0,0,0,34,0,418,19,437,557
4,29,TLAXCALA,14,NATIVITAS,58,SANTA ANA NOPALUCAN,254,4,385,460,515,6,35,23,71,264,157,5,3,2,0,0,0,0,0,7,0,0,1,28,0,1962,59,2021,2632
4,29,TLAXCALA,14,NATIVITAS,58,SANTA ANA NOPALUCAN,255,4,414,459,439,12,35,29,115,287,114,4,2,0,0,0,0,0,1,6,0,0,0,33,0,1950,78,2028,2601
4,29,TLAXCALA,14,NATIVITAS,45,SANTA APOLONIA TEACALCO,316,3,167,170,339,20,167,266,35,34,78,3,3,0,0,0,0,0,3,0,0,0,0,35,1,1321,45,1366,1685
4,29,TLAXCALA,14,NATIVITAS,45,SANTA APOLONIA TEACALCO,317,3,153,256,461,16,216,201,54,59,68,1,4,0,0,0,0,0,0,0,0,0,0,42,0,1531,26,1557,1853
4,29,TLAXCALA,14,NATIVITAS,47,SAN JUAN HUACTZINCO,395,4,147,593,559,37,130,36,59,129,134,24,2,2,1,0,0,0,0,3,0,0,0,79,0,1935,72,2007,2781
4,29,TLAXCALA,14,NATIVITAS,47,SAN JUAN HUACTZINCO,396,4,150,473,481,26,126,17,74,81,136,18,4,0,0,0,0,1,0,2,0,0,0,98,0,1687,58,1745,2345
4,29,TLAXCALA,14,NATIVITAS,53,SAN DAMIAN TEXOLOC,429,3,153,301,669,14,74,9,66,15,131,2,3,2,1,1,1,0,0,0,0,0,0,60,0,1502,37,1539,1979
4,29,TLAXCALA,14,NATIVITAS,53,SAN DAMIAN TEXOLOC,430,3,130,366,783,25,80,14,94,10,91,7,0,0,0,0,0,1,0,1,0,0,0,26,16,1644,33,1677,2200
4,29,TLAXCALA,14,NATIVITAS,56,SAN JERONIMO ZACUALPAN,432,2,70,379,214,11,28,112,15,55,56,2,8,9,0,1,0,4,4,3,0,0,0,29,0,1000,23,1023,1272
4,29,TLAXCALA,14,NATIVITAS,56,SAN JERONIMO ZACUALPAN,433,3,85,416,284,19,41,134,13,94,91,1,5,7,0,1,0,2,5,3,0,2,0,43,0,1246,34,1280,1634
4,29,TLAXCALA,15,SAN PABLO DEL MONTE,25,SAN PABLO DEL MONTE,348,5,526,800,579,12,86,10,15,8,131,8,2,0,0,0,0,0,0,0,0,0,0,18,3,2198,49,2247,3169
4,29,TLAXCALA,15,SAN PABLO DEL MONTE,25,SAN PABLO DEL MONTE,349,5,598,690,569,10,172,61,38,6,125,10,2,0,0,0,0,1,0,1,0,0,1,26,1,2311,76,2387,3221
4,29,TLAXCALA,15,SAN PABLO DEL MONTE,25,SAN PABLO DEL MONTE,350,6,902,783,783,18,136,13,6,10,175,6,2,0,0,0,0,3,0,0,0,0,0,18,14,2869,94,2963,4239
4,29,TLAXCALA,15,SAN PABLO DEL MONTE,25,SAN PABLO DEL MONTE,351,5,967,468,626,51,37,11,6,112,131,4,3,0,1,3,0,4,1,3,1,1,1,13,1,2445,66,2511,3462
4,29,TLAXCALA,15,SAN PABLO DEL MONTE,25,SAN PABLO DEL MONTE,352,4,673,423,411,55,24,9,36,104,58,3,4,2,1,0,4,9,0,5,0,0,0,13,0,1834,49,1883,2554
4,29,TLAXCALA,15,SAN PABLO DEL MONTE,25,SAN PABLO DEL MONTE,353,5,749,367,596,44,77,43,11,5,109,2,1,1,0,0,1,0,3,0,1,0,0,13,0,2023,80,2103,3073
4,29,TLAXCALA,15,SAN PABLO DEL MONTE,25,SAN PABLO DEL MONTE,354,5,793,547,558,25,55,39,27,15,103,7,1,1,0,1,1,4,4,0,0,0,1,16,0,2198,62,2260,3146
4,29,TLAXCALA,15,SAN PABLO DEL MONTE,25,SAN PABLO DEL MONTE,355,4,418,494,588,8,45,5,11,4,187,9,0,0,0,0,0,0,1,0,0,0,0,19,0,1789,41,1830,2613
4,29,TLAXCALA,15,SAN PABLO DEL MONTE,25,SAN PABLO DEL MONTE,356,5,461,606,682,62,145,17,44,12,135,7,0,0,0,0,0,1,1,0,0,0,0,22,0,2195,76,2271,3384
4,29,TLAXCALA,15,SAN PABLO DEL MONTE,25,SAN PABLO DEL MONTE,357,5,440,310,539,4,79,6,11,5,204,10,126,0,0,0,0,1,0,0,0,0,0,14,0,1749,55,1804,2670
4,29,TLAXCALA,15,SAN PABLO DEL MONTE,25,SAN PABLO DEL MONTE,358,5,592,465,537,12,140,8,7,16,145,7,2,1,0,0,0,2,0,0,9,0,0,14,1,1958,56,2014,3060
4,29,TLAXCALA,15,SAN PABLO DEL MONTE,25,SAN PABLO DEL MONTE,359,3,438,432,353,14,36,6,4,3,126,9,2,0,0,0,0,3,0,1,0,0,0,5,4,1436,41,1477,2181
4,29,TLAXCALA,15,SAN PABLO DEL MONTE,25,SAN PABLO DEL MONTE,360,3,399,291,391,12,89,7,9,1,127,6,2,0,0,0,0,1,0,0,0,0,0,19,3,1357,38,1395,2084
4,29,TLAXCALA,15,SAN PABLO DEL MONTE,25,SAN PABLO DEL MONTE,361,4,1094,172,328,27,66,12,6,11,86,6,2,0,0,0,0,0,1,0,0,0,0,6,0,1817,71,1888,2723
4,29,TLAXCALA,15,SAN PABLO DEL MONTE,25,SAN PABLO DEL MONTE,362,5,1176,295,472,15,91,10,8,14,86,5,4,0,0,0,0,0,0,1,0,0,0,13,1,2191,73,2264,3479
4,29,TLAXCALA,15,SAN PABLO DEL MONTE,25,SAN PABLO DEL MONTE,363,6,464,836,633,32,229,8,24,2,150,13,0,1,0,0,0,3,0,0,0,0,0,4,0,2399,135,2534,3778
4,29,TLAXCALA,15,SAN PABLO DEL MONTE,25,SAN PABLO DEL MONTE,364,4,321,502,376,13,96,4,27,1,98,5,3,0,0,0,0,2,1,0,0,0,0,12,0,1461,53,1514,2375
4,29,TLAXCALA,15,SAN PABLO DEL MONTE,27,TENANCINGO,372,2,194,245,157,3,52,5,58,1,48,0,2,0,0,1,0,0,2,0,0,0,0,11,0,779,25,804,1277
4,29,TLAXCALA,15,SAN PABLO DEL MONTE,27,TENANCINGO,373,2,146,265,119,4,103,7,32,1,30,1,0,0,0,0,0,1,0,0,0,0,0,4,0,713,7,720,1147
4,29,TLAXCALA,15,SAN PABLO DEL MONTE,27,TENANCINGO,374,2,157,116,87,2,24,10,50,1,48,1,1,0,0,0,0,0,0,0,0,0,0,8,0,505,17,522,911
4,29,TLAXCALA,15,SAN PABLO DEL MONTE,27,TENANCINGO,375,3,226,238,210,3,100,10,117,3,121,8,0,1,0,0,0,1,0,0,0,0,0,21,1,1060,34,1094,1960
4,29,TLAXCALA,15,SAN PABLO DEL MONTE,27,TENANCINGO,376,2,129,324,118,3,80,5,58,2,129,1,0,0,0,0,0,0,0,0,0,0,0,6,0,855,27,882,1430
4,29,TLAXCALA,15,SAN PABLO DEL MONTE,27,TENANCINGO,377,3,265,225,189,2,77,15,96,1,128,3,0,0,0,0,0,1,0,0,0,0,0,4,0,1006,42,1048,1806
