﻿ID_ESTADO,NOMBRE_ESTADO,ID_MUNICIPIO,MUNICIPIO,SECCIONES,CASILLAS,PAN,PRI,PRD,PVEM,PT,MC,MORENA,PES,RSP,FXM,PT_MORENA,CAND_IND1,CAND_IND2,CAND_IND3,CAND_IND4,CAND_IND5,CAND_IND6,CAND_IND7,CAND_IND8,CAND_IND9,CAND_IND10,CAND_IND11,CAND_IND12,CAND_IND13,NUM_VOTOS_VALIDOS,NUM_VOTOS_CAN_NREG,NUM_VOTOS_NULOS,TOTAL_VOTOS,LISTA_NOMINAL,RUTA_ACTA
28,TAMAULIPAS,1,ABASOLO,11,17,2775,3144,8,4,,6,,31,3,6,200,,,,,,,,,,,,,,6177,62,191,6430,8442,https://www.ietam.org.mx/Portal/documentos/PE2021/Resultados/Actas/ActCom_Abasolo.pdf
28,TAMAULIPAS,2,ALDAMA,21,46,7121,252,283,1533,,5089,,53,55,42,2005,,,,,,,,,,,,,,16433,0,521,16954,23665,https://www.ietam.org.mx/Portal/documentos/PE2021/Resultados/Actas/ActCom_Aldama.pdf
28,TAMAULIPAS,3,ALTAMIRA,84,277,36756,4416,2351,598,,1608,,3037,631,491,40827,,,,,,,,,,,,,,90715,32,2387,93134,175540,https://www.ietam.org.mx/Portal/documentos/PE2021/Resultados/Actas/ActCom_Altamira.pdf
28,TAMAULIPAS,4,ANTIGUO MORELOS,7,14,3699,404,12,402,,8,,102,4,132,453,,,,,,,,,,,,,,5216,1,115,5332,7450,https://www.ietam.org.mx/Portal/documentos/PE2021/Resultados/Actas/ActCom_AntiguoMorelos.pdf
28,TAMAULIPAS,5,BURGOS,8,12,2072,15,13,16,,2,,3,2,0,1974,,,,,,,,,,,,,,4097,0,53,4150,4848,https://www.ietam.org.mx/Portal/documentos/PE2021/Resultados/Actas/ActCom_Burgos.pdf
28,TAMAULIPAS,6,BUSTAMANTE,9,15,2654,712,7,19,,10,,24,36,7,1175,,,,,,,,,,,,,,4644,0,68,4712,5884,https://www.ietam.org.mx/Portal/documentos/PE2021/Resultados/Actas/ActCom_Bustamante.pdf
28,TAMAULIPAS,7,CAMARGO,15,24,2307,1698,27,35,,9,,53,15,95,2305,,,,,,,,,,,,,,6544,1,185,6730,12776,https://www.ietam.org.mx/Portal/documentos/PE2021/Resultados/Actas/ActCom_Camargo.pdf
28,TAMAULIPAS,8,CASAS,8,13,1780,1063,4,342,,4,,3,1,1,192,,,,,,,,,,,,,,3390,1,91,3482,4480,https://www.ietam.org.mx/Portal/documentos/PE2021/Resultados/Actas/ActCom_Casas.pdf
28,TAMAULIPAS,9,CIUDAD MADERO,107,289,34837,3078,659,1346,,1764,,2171,1006,551,48616,4016,,,,,,,,,,,,,98044,77,1421,99542,172200,https://www.ietam.org.mx/Portal/documentos/PE2021/Resultados/Actas/ActCom_CiudadMadero.pdf
28,TAMAULIPAS,10,CRUILLAS,5,7,1091,76,1,1,,7,,5,10,2,720,,,,,,,,,,,,,,1913,3,39,1955,2349,https://www.ietam.org.mx/Portal/documentos/PE2021/Resultados/Actas/ActCom_Cruillas.pdf
28,TAMAULIPAS,11,GOMEZ FARIAS,7,17,2378,264,14,1671,,17,,33,23,7,725,,,,,,,,,,,,,,5132,0,115,5247,7248,https://www.ietam.org.mx/Portal/documentos/PE2021/Resultados/Actas/ActCom_GomezFarias.pdf
28,TAMAULIPAS,12,GONZALEZ,37,66,6236,3311,193,127,,755,,384,106,48,5254,,2057,,,,,,,,,,,,18471,3,485,18959,32131,https://www.ietam.org.mx/Portal/documentos/PE2021/Resultados/Actas/ActCom_Gonzalez.pdf
28,TAMAULIPAS,13,GÜEMEZ,15,28,2975,3723,6,33,,2576,,163,5,18,496,,,15,,,,,,,,,,,10010,1,126,10137,13137,https://www.ietam.org.mx/Portal/documentos/PE2021/Resultados/Actas/ActCom_Guemez.pdf
28,TAMAULIPAS,14,GUERRERO,3,6,337,671,0,498,,1,,3,1,0,240,,,,,,,,,,,,,,1751,0,52,1803,2524,https://www.ietam.org.mx/Portal/documentos/PE2021/Resultados/Actas/ActCom_Guerrero.pdf
28,TAMAULIPAS,15,GUSTAVO DIAZ ORDAZ,14,27,1497,367,7,194,,13,,1715,17,1376,2093,,,,,,,,,,,,,,7279,2,165,7446,13517,https://www.ietam.org.mx/Portal/documentos/PE2021/Resultados/Actas/ActCom_GustavoDiazOrdaz.pdf
28,TAMAULIPAS,16,HIDALGO,21,31,7095,356,55,135,,56,,35,11,16,1082,,,,,,,,,,,,,,8841,0,234,9075,14329,https://www.ietam.org.mx/Portal/documentos/PE2021/Resultados/Actas/ActCom_Hidalgo.pdf
28,TAMAULIPAS,17,JAUMAVE,12,28,3150,328,23,31,,50,,46,52,386,642,,,,4204,,,,,,,,,,8912,9,281,9202,12332,https://www.ietam.org.mx/Portal/documentos/PE2021/Resultados/Actas/ActCom_Jaumave.pdf
28,TAMAULIPAS,18,JIMENEZ,8,13,2136,2193,2,2,,8,,7,9,6,183,,,,,,,,,,,,,,4546,2,100,4648,6075,https://www.ietam.org.mx/Portal/documentos/PE2021/Resultados/Actas/ActCom_Jimenez.pdf
28,TAMAULIPAS,19,LLERA,18,30,4700,320,20,39,,106,,30,36,35,843,,,,,3224,,,,,,,,,9353,1,396,9750,12938,https://www.ietam.org.mx/Portal/documentos/PE2021/Resultados/Actas/ActCom_Llera.pdf
28,TAMAULIPAS,20,MAINERO,4,6,1111,48,18,12,,3,,0,0,1,173,,,,,,,,,,,,,,1366,2,38,1406,2015,https://www.ietam.org.mx/Portal/documentos/PE2021/Resultados/Actas/ActCom_Mainero.pdf
28,TAMAULIPAS,21,EL MANTE,86,161,16694,11470,248,6400,,560,,1101,189,225,15037,,,,,,,,,,,,,,51924,9,1002,52935,86769,https://www.ietam.org.mx/Portal/documentos/PE2021/Resultados/Actas/ActCom_ElMante.pdf
28,TAMAULIPAS,22,MATAMOROS,234,688,51208,15262,1139,3592,,3562,,2414,1262,1798,108167,,,,,,,,,,,,,,188404,165,3880,192449,418044,https://www.ietam.org.mx/Portal/documentos/PE2021/Resultados/Actas/ActCom_Matamoros.pdf
28,TAMAULIPAS,23,MENDEZ,6,10,1554,1257,0,19,,2,,2,0,104,79,,,,,,,,,,,,,,3017,0,62,3079,3958,https://www.ietam.org.mx/Portal/documentos/PE2021/Resultados/Actas/ActCom_Mendez.pdf
28,TAMAULIPAS,24,MIER,6,9,926,37,5,4,,26,,6,3,636,5,,,,,,700,,,,,,,,2348,0,87,2435,4164,https://www.ietam.org.mx/Portal/documentos/PE2021/Resultados/Actas/ActCom_Mier.pdf
28,TAMAULIPAS,25,MIGUEL ALEMAN,22,40,5388,3595,12,1611,,14,,21,4,40,856,,,,,,,,,,,,,,11541,0,226,11767,21071,https://www.ietam.org.mx/Portal/documentos/PE2021/Resultados/Actas/ActCom_MiguelAleman.pdf
28,TAMAULIPAS,26,MIQUIHUANA,4,7,1517,731,8,81,,2,,0,3,0,80,,,,,,,,,,,,,,2422,0,55,2477,3092,https://www.ietam.org.mx/Portal/documentos/PE2021/Resultados/Actas/ActCom_Miquihuana.pdf
28,TAMAULIPAS,27,NUEVO LAREDO,206,539,62477,10099,663,1754,,2536,,1330,1271,2162,64626,,,,,,,1063,,,,,,,147981,82,3218,151281,324662,https://www.ietam.org.mx/Portal/documentos/PE2021/Resultados/Actas/ActCom_NuevoLaredo.pdf
28,TAMAULIPAS,28,NUEVO MORELOS,3,6,1474,1077,2,1,,1,,0,1,0,137,,,,,,,,,,,,,,2693,0,52,2745,3345,https://www.ietam.org.mx/Portal/documentos/PE2021/Resultados/Actas/ActCom_NuevoMorelos.pdf
28,TAMAULIPAS,29,OCAMPO,14,22,3789,1100,13,34,,18,,197,20,11,327,,,,,,,,2325,,,,,,7834,6,285,8125,11094,https://www.ietam.org.mx/Portal/documentos/PE2021/Resultados/Actas/ActCom_Ocampo.pdf
28,TAMAULIPAS,30,PADILLA,9,22,4995,272,,122,,,,,65,14,113,,,,,,,,,,,,,,5581,1,119,5701,11674,https://www.ietam.org.mx/Portal/documentos/PE2021/Resultados/Actas/ActCom_Padilla.pdf
28,TAMAULIPAS,31,PALMILLAS,4,5,978,34,1,3,6,6,312,5,4,2,,,,,,,,,,,,,,,1351,0,19,1370,1818,https://www.ietam.org.mx/Portal/documentos/PE2021/Resultados/Actas/ActCom_Palmillas.pdf
28,TAMAULIPAS,32,REYNOSA,409,936,73904,12443,2428,6062,,9788,,14227,4106,2932,101482,,,,,,,,,,,,,,227372,108,5923,233403,540839,https://www.ietam.org.mx/Portal/documentos/PE2021/Resultados/Actas/ActCom_Reynosa.pdf
28,TAMAULIPAS,33,RIO BRAVO,72,179,18220,4765,546,1112,,858,,332,578,357,19298,,,,,,,,,1602,1187,,,,48855,10,1071,49936,105943,https://www.ietam.org.mx/Portal/documentos/PE2021/Resultados/Actas/ActCom_RioBravo.pdf
28,TAMAULIPAS,34,SAN CARLOS,12,18,3615,198,30,26,,30,,18,10,21,19,,,,,,,,,,,,,,3967,2,224,4193,7039,https://www.ietam.org.mx/Portal/documentos/PE2021/Resultados/Actas/ActCom_SanCarlos.pdf
28,TAMAULIPAS,35,SAN FERNANDO,51,78,8098,6379,206,668,,298,,244,252,142,7757,,,,,,,,,,,,,,24044,90,437,24571,38855,https://www.ietam.org.mx/Portal/documentos/PE2021/Resultados/Actas/ActCom_SanFernando.pdf
28,TAMAULIPAS,36,SAN NICOLAS,2,3,730,22,0,2,,0,,0,0,5,12,,,,,,,,,,,,,,771,0,8,779,986,https://www.ietam.org.mx/Portal/documentos/PE2021/Resultados/Actas/ActCom_SanNicolas.pdf
28,TAMAULIPAS,37,SOTO LA MARINA,24,45,4983,253,30,135,,34,,85,562,77,7326,,,,,,,,,,,,,,13485,1,283,13769,19630,https://www.ietam.org.mx/Portal/documentos/PE2021/Resultados/Actas/ActCom_SotoLaMarina.pdf
28,TAMAULIPAS,38,TAMPICO,192,440,75733,2939,735,1199,,2636,,1757,2416,658,55549,,,,,,,,,,,,,,143622,133,2186,145941,251604,https://www.ietam.org.mx/Portal/documentos/PE2021/Resultados/Actas/ActCom_Tampico.pdf
28,TAMAULIPAS,39,TULA,19,43,6292,4566,91,62,,103,,150,100,417,2208,,,,,,,,,,,,,,13989,6,339,14334,22677,https://www.ietam.org.mx/Portal/documentos/PE2021/Resultados/Actas/ActCom_Tula.pdf
28,TAMAULIPAS,40,VALLE HERMOSO,45,86,9458,4874,83,588,,256,,195,61,224,9241,,,,,,,,,,,,,,24980,1,380,25361,47439,https://www.ietam.org.mx/Portal/documentos/PE2021/Resultados/Actas/ActCom_ValleHermoso.pdf
28,TAMAULIPAS,41,VICTORIA,149,422,48266,19956,1920,2161,,6348,,2017,1000,1975,55360,,,,,,,,,,,1256,4105,2885,147249,154,2703,150106,254001,https://www.ietam.org.mx/Portal/documentos/PE2021/Resultados/Actas/ActCom_Victoria.pdf
28,TAMAULIPAS,42,VILLAGRAN,7,13,3020,126,36,27,,16,,1,5,135,5,,,,,,,,,,,,,,3371,0,83,3454,4580,https://www.ietam.org.mx/Portal/documentos/PE2021/Resultados/Actas/ActCom_Villagran.pdf
28,TAMAULIPAS,43,XICOTENCATL,21,38,7002,280,72,45,211,235,5650,75,105,44,,,,,,,,,,,,,,,13719,0,205,13924,18776,https://www.ietam.org.mx/Portal/documentos/PE2021/Resultados/Actas/ActCom_Xicotencatl.pdf
