﻿ID_ESTADO,NOMBRE_ESTADO,ID_MUNICIPIO,MUNICIPIO,SECCIONES,CASILLAS,PAN,PRI,PRD,PVEM,PT,MC,MORENA,PES,RSP,FXM,NACH,PAN_PRD,PT_MORENA_NACH,PT_MORENA,PT_NACH,MORENA_NACH,NUM_VOTOS_VALIDOS,NUM_VOTOS_CAN_NREG,NUM_VOTOS_NULOS,TOTAL_VOTOS,LISTA_NOMINAL,RUTA_ACTA
8,CHIHUAHUA,0,VOTO EN EL EXTRANJERO,0,1,597,33,10,14,12,45,265,3,2,0,7,40,32,8,0,2,1070,6,13,1089,1967,https://ieechihuahua.org.mx/sistema/archivos/repositorio_actas/2021_mpal_y_dtal/AC-GUB_VOTOMEX.pdf
8,CHIHUAHUA,33,HUEJOTITAN,2,3,497,408,1,4,5,228,72,6,1,0,3,0,0,0,0,0,1225,0,32,1257,1572,https://ieechihuahua.org.mx/sistema/archivos/repositorio_actas/2021_mpal_y_dtal/ACM-GUB_033 HUEJOTITAN.pdf
8,CHIHUAHUA,4,AQUILES SERDAN,3,21,2381,994,30,82,36,661,1351,91,193,0,32,6,5,6,1,3,5872,2,208,6082,13607,https://ieechihuahua.org.mx/sistema/archivos/repositorio_actas/2021_mpal_y_dtal/ACM-GUB_004 AQUILES SERDAN.pdf
8,CHIHUAHUA,15,COYAME DEL SOTOL,3,4,721,449,2,1,1,20,112,301,2,0,1,0,0,0,0,0,1610,0,51,1661,2299,https://ieechihuahua.org.mx/sistema/archivos/repositorio_actas/2021_mpal_y_dtal/ACM-GUB_015 COYAME DEL SOTOL.pdf
8,CHIHUAHUA,23,GALEANA,3,9,1316,74,19,420,43,155,433,220,6,0,17,2,0,1,0,2,2708,0,107,2815,4885,https://ieechihuahua.org.mx/sistema/archivos/repositorio_actas/2021_mpal_y_dtal/ACM-GUB_023 GALEANA.pdf
8,CHIHUAHUA,41,MAGUARICHI,4,4,127,253,10,1,8,207,243,5,0,0,14,2,0,0,1,0,871,0,48,919,1244,https://ieechihuahua.org.mx/sistema/archivos/repositorio_actas/2021_mpal_y_dtal/ACM-GUB_041 MAGUARICHI.pdf
8,CHIHUAHUA,49,NONOAVA,4,7,1027,517,2,7,7,65,822,7,4,0,7,1,0,1,0,0,2467,0,45,2512,2891,https://ieechihuahua.org.mx/sistema/archivos/repositorio_actas/2021_mpal_y_dtal/ACM-GUB_049 NONOAVA.pdf
8,CHIHUAHUA,56,ROSARIO,4,5,380,634,303,3,5,169,178,4,2,0,8,12,0,0,0,0,1698,0,67,1765,2157,https://ieechihuahua.org.mx/sistema/archivos/repositorio_actas/2021_mpal_y_dtal/ACM-GUB_056 ROSARIO.pdf
8,CHIHUAHUA,16,LA CRUZ,5,8,1621,270,18,13,2,193,73,4,3,0,262,4,1,0,0,0,2464,0,100,2564,3639,https://ieechihuahua.org.mx/sistema/archivos/repositorio_actas/2021_mpal_y_dtal/ACM-GUB_016 LA CRUZ.pdf
8,CHIHUAHUA,42,MANUEL BENAVIDES,5,5,307,16,407,158,483,14,36,7,2,0,3,14,1,7,0,0,1455,0,72,1527,2134,https://ieechihuahua.org.mx/sistema/archivos/repositorio_actas/2021_mpal_y_dtal/ACM-GUB_042 MANUEL BENAVIDES.pdf
8,CHIHUAHUA,14,CORONADO,6,7,950,272,3,3,26,181,144,2,1,0,10,2,1,0,0,0,1595,0,35,1630,1979,https://ieechihuahua.org.mx/sistema/archivos/repositorio_actas/2021_mpal_y_dtal/ACM-GUB_014 CORONADO.pdf
8,CHIHUAHUA,38,JULIMES,6,9,1679,501,47,8,11,167,360,12,2,0,13,2,0,1,0,1,2804,0,79,2883,4877,https://ieechihuahua.org.mx/sistema/archivos/repositorio_actas/2021_mpal_y_dtal/ACM-GUB_038 JULIMES.pdf
8,CHIHUAHUA,39,LOPEZ,6,8,761,309,14,8,288,735,309,2,2,0,18,3,1,12,2,1,2465,0,86,2551,3535,https://ieechihuahua.org.mx/sistema/archivos/repositorio_actas/2021_mpal_y_dtal/ACM-GUB_039 LOPEZ.pdf
8,CHIHUAHUA,58,SAN FRANCISCO DE CONCHOS,6,6,926,310,16,3,11,226,251,3,2,0,6,4,0,0,0,0,1758,0,78,1836,2622,https://ieechihuahua.org.mx/sistema/archivos/repositorio_actas/2021_mpal_y_dtal/ACM-GUB_058 SAN FRANCISCO DE CONCHOS.pdf
8,CHIHUAHUA,64,EL TULE,6,6,867,50,2,2,8,127,228,6,1,0,0,3,1,0,0,1,1296,0,33,1329,2311,https://ieechihuahua.org.mx/sistema/archivos/repositorio_actas/2021_mpal_y_dtal/ACM-GUB_064 EL TULE .pdf
8,CHIHUAHUA,24,SANTA ISABEL,7,9,1567,666,4,8,19,146,268,3,3,0,4,2,0,3,2,0,2695,0,115,2810,4323,https://ieechihuahua.org.mx/sistema/archivos/repositorio_actas/2021_mpal_y_dtal/ACM-GUB_024 SANTA ISABEL.pdf
8,CHIHUAHUA,43,MATACHI,7,8,570,255,8,17,20,67,320,23,1,0,229,0,1,0,3,7,1521,0,87,1608,2609,https://ieechihuahua.org.mx/sistema/archivos/repositorio_actas/2021_mpal_y_dtal/ACM-GUB_043 MATACHI.pdf
8,CHIHUAHUA,57,SAN FRANCISCO DE BORJA,7,8,843,464,5,8,15,50,271,0,0,0,9,0,0,0,0,0,1665,0,48,1713,2360,https://ieechihuahua.org.mx/sistema/archivos/repositorio_actas/2021_mpal_y_dtal/ACM-GUB_057 SAN FRANCISCO DE BORJA.pdf
8,CHIHUAHUA,20,CHINIPAS,8,16,684,903,13,32,40,78,1377,13,17,0,28,2,0,2,0,0,3189,0,177,3366,4906,https://ieechihuahua.org.mx/sistema/archivos/repositorio_actas/2021_mpal_y_dtal/ACM-GUB_020 CHINIPAS.pdf
8,CHIHUAHUA,22,DR. BELISARIO DOMINGUEZ,8,8,455,231,186,87,19,474,165,4,3,0,41,7,3,1,0,9,1685,0,86,1771,3064,https://ieechihuahua.org.mx/sistema/archivos/repositorio_actas/2021_mpal_y_dtal/ACM-GUB_022 DR BELISARIO DOMINGUEZ.pdf
8,CHIHUAHUA,28,GUADALUPE,8,11,830,393,7,455,75,170,575,5,3,0,5,60,50,0,0,0,2628,0,99,2727,4611,https://ieechihuahua.org.mx/sistema/archivos/repositorio_actas/2021_mpal_y_dtal/ACM-GUB_028 GUADALUPE.pdf
8,CHIHUAHUA,44,MATAMOROS,8,11,1133,415,5,12,14,848,251,15,0,0,8,3,0,1,0,0,2705,0,108,2813,4047,https://ieechihuahua.org.mx/sistema/archivos/repositorio_actas/2021_mpal_y_dtal/ACM-GUB_044 MATAMOROS.pdf
8,CHIHUAHUA,46,MORELOS,8,12,744,240,19,13,38,23,1551,27,60,0,29,0,4,2,2,2,2754,14,398,3166,5592,https://ieechihuahua.org.mx/sistema/archivos/repositorio_actas/2021_mpal_y_dtal/ACM-GUB_046 MORELOS.pdf
8,CHIHUAHUA,47,MORIS,8,11,938,829,7,8,20,19,457,5,6,0,11,2,2,1,0,2,2307,0,67,2374,3756,https://ieechihuahua.org.mx/sistema/archivos/repositorio_actas/2021_mpal_y_dtal/ACM-GUB_047 MORIS.pdf
8,CHIHUAHUA,53,PRAXEDIS G. GUERRERO,9,11,788,558,15,23,31,177,1139,9,14,0,5,1,1,4,1,3,2769,0,116,2885,5547,https://ieechihuahua.org.mx/sistema/archivos/repositorio_actas/2021_mpal_y_dtal/ACM-GUB_053 PRAXEDIS G. GUERRERO.pdf
8,CHIHUAHUA,54,RIVA PALACIO,9,16,2157,641,8,9,17,99,239,9,4,0,14,3,1,0,1,1,3203,1,94,3298,7609,https://ieechihuahua.org.mx/sistema/archivos/repositorio_actas/2021_mpal_y_dtal/ACM-GUB_054 RIVA PALACIO.pdf
8,CHIHUAHUA,8,BATOPILAS DE MANUEL GOMEZ MORIN,11,17,378,2448,66,36,42,67,658,91,37,0,41,6,1,2,1,0,3874,2,618,4494,8145,https://ieechihuahua.org.mx/sistema/archivos/repositorio_actas/2021_mpal_y_dtal/ACM-GUB_008 BATOPILAS DE MANUEL GOMEZ MORIN.pdf
8,CHIHUAHUA,35,JANOS,11,17,1765,192,20,12,36,210,667,281,34,0,39,0,2,1,0,1,3260,1,914,4175,8150,https://ieechihuahua.org.mx/sistema/archivos/repositorio_actas/2021_mpal_y_dtal/ACM-GUB_035 JANOS.pdf
8,CHIHUAHUA,59,SAN FRANCISCO DEL ORO,11,12,705,149,27,247,278,960,465,74,5,0,59,6,0,2,0,2,2979,0,111,3090,4289,https://ieechihuahua.org.mx/sistema/archivos/repositorio_actas/2021_mpal_y_dtal/ACM-GUB_059 SAN FRANCISCO DEL ORO.pdf
8,CHIHUAHUA,66,URUACHI,11,15,1170,933,9,19,16,472,508,7,12,0,28,3,0,4,0,2,3183,0,207,3390,4922,https://ieechihuahua.org.mx/sistema/archivos/repositorio_actas/2021_mpal_y_dtal/ACM-GUB_066 URUACHI.pdf
8,CHIHUAHUA,13,CASAS GRANDES,12,23,1552,673,63,214,156,983,1715,89,8,0,61,15,13,27,3,2,5574,1,276,5851,10997,https://ieechihuahua.org.mx/sistema/archivos/repositorio_actas/2021_mpal_y_dtal/ACM-GUB_013 CASAS GRANDES.pdf
8,CHIHUAHUA,63,TEMOSACHIC,12,15,904,176,533,20,35,80,893,14,192,0,27,8,4,2,1,0,2889,1,175,3065,5198,https://ieechihuahua.org.mx/sistema/archivos/repositorio_actas/2021_mpal_y_dtal/ACM-GUB_063 TEMOSACHIC.pdf
8,CHIHUAHUA,67,VALLE DE ZARAGOZA,12,14,535,432,146,189,18,990,186,7,2,0,10,27,0,1,0,0,2543,0,114,2657,4440,https://ieechihuahua.org.mx/sistema/archivos/repositorio_actas/2021_mpal_y_dtal/ACM-GUB_067 VALLE DE ZARAGOZA.pdf
8,CHIHUAHUA,18,CUSIHUIRIACHI,13,14,1769,615,11,15,124,115,310,12,2,0,24,4,1,5,0,0,3007,1,117,3125,5336,https://ieechihuahua.org.mx/sistema/archivos/repositorio_actas/2021_mpal_y_dtal/ACM-GUB_018 CUSIHUIRIACHI.pdf
8,CHIHUAHUA,26,GRAN MORELOS,13,13,727,334,16,398,13,90,219,4,0,0,9,5,0,0,0,1,1816,0,100,1916,3189,https://ieechihuahua.org.mx/sistema/archivos/repositorio_actas/2021_mpal_y_dtal/ACM-GUB_026 GRAN MORELOS.pdf
8,CHIHUAHUA,30,GUAZAPARES,13,17,2259,172,6,20,36,129,1352,26,34,0,38,2,5,4,1,2,4086,0,257,4343,6884,https://ieechihuahua.org.mx/sistema/archivos/repositorio_actas/2021_mpal_y_dtal/ACM-GUB_030 GUAZAPARES.pdf
8,CHIHUAHUA,34,IGNACIO ZARAGOZA,13,15,624,53,70,82,49,790,879,7,2,0,36,0,1,1,0,1,2595,0,539,3134,5536,https://ieechihuahua.org.mx/sistema/archivos/repositorio_actas/2021_mpal_y_dtal/ACM-GUB_034 IGNACIO ZARAGOZA.pdf
8,CHIHUAHUA,51,OCAMPO,13,16,871,1148,59,176,35,259,1490,19,12,0,32,3,1,1,0,1,4107,0,181,4288,6209,https://ieechihuahua.org.mx/sistema/archivos/repositorio_actas/2021_mpal_y_dtal/ACM-GUB_051 OCAMPO.pdf
8,CHIHUAHUA,61,SATEVO,13,13,1476,79,3,4,12,175,748,19,6,0,17,4,1,2,0,2,2548,0,75,2623,4051,https://ieechihuahua.org.mx/sistema/archivos/repositorio_actas/2021_mpal_y_dtal/ACM-GUB_061 SATEVO.pdf
8,CHIHUAHUA,7,BALLEZA,14,25,1834,4219,24,38,47,495,981,9,22,0,29,0,1,1,0,0,7700,1,623,8324,13631,https://ieechihuahua.org.mx/sistema/archivos/repositorio_actas/2021_mpal_y_dtal/ACM-GUB_007 BALLEZA.pdf
8,CHIHUAHUA,1,AHUMADA,15,24,1668,604,43,1644,178,241,1325,16,4,0,37,6,7,14,1,1,5789,0,243,6032,9922,https://ieechihuahua.org.mx/sistema/archivos/repositorio_actas/2021_mpal_y_dtal/ACM-GUB_001 AHUMADA.pdf
8,CHIHUAHUA,3,ALLENDE,15,18,1924,939,44,33,204,1280,584,53,3,0,54,4,0,2,0,2,5126,0,167,5293,7459,https://ieechihuahua.org.mx/sistema/archivos/repositorio_actas/2021_mpal_y_dtal/ACM-GUB_003 ALLENDE.pdf
8,CHIHUAHUA,25,GOMEZ FARIAS,15,17,771,507,34,114,81,580,810,369,5,0,53,5,11,6,1,4,3351,0,273,3624,7036,https://ieechihuahua.org.mx/sistema/archivos/repositorio_actas/2021_mpal_y_dtal/ACM-GUB_025 GOMEZ FARIAS.pdf
8,CHIHUAHUA,12,CARICHI,16,19,2090,1802,12,28,25,104,574,20,28,0,21,8,0,6,1,0,4719,0,348,5067,7720,https://ieechihuahua.org.mx/sistema/archivos/repositorio_actas/2021_mpal_y_dtal/ACM-GUB_012 CARICHI.pdf
8,CHIHUAHUA,55,ROSALES,16,26,4040,570,36,48,884,1547,479,72,8,0,28,7,1,6,0,0,7726,1,221,7948,13850,https://ieechihuahua.org.mx/sistema/archivos/repositorio_actas/2021_mpal_y_dtal/ACM-GUB_055 ROSALES.pdf
8,CHIHUAHUA,65,URIQUE,16,28,2471,218,48,46,79,2590,2174,56,59,0,65,38,6,17,10,11,7888,0,425,8313,13777,https://ieechihuahua.org.mx/sistema/archivos/repositorio_actas/2021_mpal_y_dtal/ACM-GUB_065 URIQUE.pdf
8,CHIHUAHUA,6,BACHINIVA,17,17,1802,157,16,85,28,343,1071,5,6,0,15,2,1,6,0,2,3539,0,161,3700,5786,https://ieechihuahua.org.mx/sistema/archivos/repositorio_actas/2021_mpal_y_dtal/ACM-GUB_006 BACHINIVA.pdf
8,CHIHUAHUA,2,ALDAMA,20,39,4135,416,68,121,125,2554,1772,142,11,0,1165,27,25,15,6,69,10651,1,358,11010,21401,https://ieechihuahua.org.mx/sistema/archivos/repositorio_actas/2021_mpal_y_dtal/ACM-GUB_002 ALDAMA.pdf
8,CHIHUAHUA,5,ASCENSION,20,32,2221,702,946,54,111,1241,2179,30,8,0,60,20,9,12,1,4,7598,0,291,7889,18655,https://ieechihuahua.org.mx/sistema/archivos/repositorio_actas/2021_mpal_y_dtal/ACM-GUB_005 ASCENSION.pdf
8,CHIHUAHUA,60,SANTA BARBARA,20,22,1435,721,27,40,66,2398,597,93,15,0,50,5,3,2,0,2,5454,0,440,5894,8797,https://ieechihuahua.org.mx/sistema/archivos/repositorio_actas/2021_mpal_y_dtal/ACM-GUB_060 SANTA BARBARA.pdf
8,CHIHUAHUA,9,BOCOYNA,22,42,5348,1853,30,72,68,3674,1372,27,17,0,135,7,2,1,0,3,12609,3,867,13479,21351,https://ieechihuahua.org.mx/sistema/archivos/repositorio_actas/2021_mpal_y_dtal/ACM-GUB_009 BOCOYNA.pdf
8,CHIHUAHUA,10,BUENAVENTURA,26,39,3530,2173,54,82,138,208,2372,34,6,0,47,159,125,4,2,6,8940,0,395,9335,19342,https://ieechihuahua.org.mx/sistema/archivos/repositorio_actas/2021_mpal_y_dtal/ACM-GUB_010 BUENAVENTURA.pdf
8,CHIHUAHUA,52,OJINAGA,27,48,7278,2307,36,55,71,242,1425,13,8,0,119,14,7,4,0,3,11582,0,322,11904,24640,https://ieechihuahua.org.mx/sistema/archivos/repositorio_actas/2021_mpal_y_dtal/ACM-GUB_052 OJINAGA.pdf
8,CHIHUAHUA,29,GUADALUPE Y CALVO,31,62,4571,8784,119,210,215,799,2858,62,69,0,244,14,13,4,1,11,17974,1,1042,19017,31764,https://ieechihuahua.org.mx/sistema/archivos/repositorio_actas/2021_mpal_y_dtal/ACM-GUB_029 GUADALUPE Y CALVO.pdf
8,CHIHUAHUA,62,SAUCILLO,32,46,5891,676,1650,112,113,1688,1777,256,16,0,348,326,70,48,20,73,13064,1,346,13411,25132,https://ieechihuahua.org.mx/sistema/archivos/repositorio_actas/2021_mpal_y_dtal/ACM-GUB_062 SAUCILLO.pdf
8,CHIHUAHUA,45,MEOQUI,35,66,7822,642,89,129,220,3825,2267,331,97,0,164,294,37,44,2,30,15993,6,373,16372,36319,https://ieechihuahua.org.mx/sistema/archivos/repositorio_actas/2021_mpal_y_dtal/ACM-GUB_045 MEOQUI.pdf
8,CHIHUAHUA,36,JIMENEZ,36,56,5959,819,136,91,389,2792,3408,82,23,0,1876,139,32,15,9,67,15837,1,506,16344,30396,https://ieechihuahua.org.mx/sistema/archivos/repositorio_actas/2021_mpal_y_dtal/ACM-GUB_036 JIMENEZ.pdf
8,CHIHUAHUA,11,CAMARGO,40,76,12634,953,126,105,179,3564,2428,40,19,0,190,31,10,7,1,3,20290,1,482,20773,39565,https://ieechihuahua.org.mx/sistema/archivos/repositorio_actas/2021_mpal_y_dtal/ACM-GUB_011 CAMARGO.pdf
8,CHIHUAHUA,27,GUACHOCHI,43,73,5288,5362,51,275,307,1277,5266,187,254,0,317,11,47,34,19,63,18758,9,1993,20760,36612,https://ieechihuahua.org.mx/sistema/archivos/repositorio_actas/2021_mpal_y_dtal/ACM-GUB_027 GUACHOCHI.pdf
8,CHIHUAHUA,48,NAMIQUIPA,44,53,3516,1919,151,120,110,632,1465,125,16,0,115,28,7,16,0,10,8230,2,484,8716,19810,https://ieechihuahua.org.mx/sistema/archivos/repositorio_actas/2021_mpal_y_dtal/ACM-GUB_048 NAMIQUIPA.pdf
8,CHIHUAHUA,40,MADERA,46,59,4550,390,66,70,147,427,3169,60,532,0,234,21,29,12,6,40,9753,1,438,10192,21100,https://ieechihuahua.org.mx/sistema/archivos/repositorio_actas/2021_mpal_y_dtal/ACM-GUB_040 MADERA.pdf
8,CHIHUAHUA,50,NUEVO CASAS GRANDES,64,96,7365,783,349,478,847,3451,8083,310,50,0,326,148,93,137,22,40,22482,8,920,23410,50651,https://ieechihuahua.org.mx/sistema/archivos/repositorio_actas/2021_mpal_y_dtal/ACM-GUB_050 NUEVO CASAS GRANDES.pdf
8,CHIHUAHUA,31,GUERRERO,67,82,4921,2020,117,204,301,2288,4245,72,46,0,183,19,15,33,5,13,14482,1,803,15286,30391,https://ieechihuahua.org.mx/sistema/archivos/repositorio_actas/2021_mpal_y_dtal/ACM-GUB_031 GUERRERO.pdf
8,CHIHUAHUA,32,HIDALGO DEL PARRAL,87,166,15100,3700,263,292,271,19548,6025,1597,46,0,348,136,56,31,5,15,47433,3,1254,48690,88756,https://ieechihuahua.org.mx/sistema/archivos/repositorio_actas/2021_mpal_y_dtal/ACM-GUB_032 HIDALGO DEL PARRAL.pdf
8,CHIHUAHUA,17,CUAUHTEMOC,111,242,22979,5348,544,886,931,4815,14801,777,101,0,670,81,73,95,13,50,52164,7,1936,54107,134895,https://ieechihuahua.org.mx/sistema/archivos/repositorio_actas/2021_mpal_y_dtal/ACM-GUB_017 CUAUHTEMOC.pdf
8,CHIHUAHUA,21,DELICIAS,111,215,28078,2271,371,1409,1163,9674,11215,774,117,0,452,111,32,112,10,13,55802,14,1371,57187,118887,https://ieechihuahua.org.mx/sistema/archivos/repositorio_actas/2021_mpal_y_dtal/ACM-GUB_021 DELICIAS.pdf
8,CHIHUAHUA,19,CHIHUAHUA,678,1303,216575,9120,1486,3875,3484,31777,85964,2218,621,0,2220,822,478,764,60,231,359695,131,7279,367105,716690,https://ieechihuahua.org.mx/sistema/archivos/repositorio_actas/2021_mpal_y_dtal/ACM-GUB_019 CHIHUAHUA.pdf
8,CHIHUAHUA,37,JUAREZ,1176,2085,129732,17105,2138,6817,7700,39332,205481,4917,1646,0,3976,787,1105,1836,121,630,423323,239,13852,437414,1144519,https://ieechihuahua.org.mx/sistema/archivos/repositorio_actas/2021_mpal_y_dtal/ACM-GUB_037 JUAREZ.pdf
