CIRCUNSCRIPCION,ID_ESTADO,NOMBRE_ESTADO,ID_DISTRITO,CABECERA_DISTRITAL,ID_MUNICIPIO,MUNICIPIO,SECCION,CASILLAS,PAN,PRD,PT,PVEM,MC,PAC,PS,MORENA,ES,PRI_PVEM_NVA_ALIANZA,PRI_NVA_ALIANZA,CAND_IND2,CAND_IND3,CAND_IND4,NUM_VOTOS_CAN_NREG,NUM_VOTOS_VALIDOS,NUM_VOTOS_NULOS,TOTAL_VOTOS,LISTA_NOMINAL
4,29,TLAXCALA,1,CALPULALPAN,6,CALPULALPAN,78,6,326,170,49,,63,570,44,124,72,447,,,,,0,1865,109,1974,3784
4,29,TLAXCALA,1,CALPULALPAN,6,CALPULALPAN,79,4,149,103,18,,49,357,14,87,57,191,,,,,0,1025,49,1074,2028
4,29,TLAXCALA,1,CALPULALPAN,6,CALPULALPAN,80,2,118,87,15,,59,221,3,53,49,184,,,,,0,789,54,843,1406
4,29,TLAXCALA,1,CALPULALPAN,6,CALPULALPAN,81,3,145,84,22,,50,269,14,76,62,182,,,,,0,904,60,964,1714
4,29,TLAXCALA,1,CALPULALPAN,6,CALPULALPAN,82,3,166,60,16,,46,364,7,65,59,180,,,,,0,963,38,1001,1860
4,29,TLAXCALA,1,CALPULALPAN,6,CALPULALPAN,83,4,201,88,19,,62,435,23,100,85,220,,,,,0,1233,60,1293,2372
4,29,TLAXCALA,1,CALPULALPAN,6,CALPULALPAN,84,1,56,38,8,,31,161,1,31,23,59,,,,,0,408,29,437,715
4,29,TLAXCALA,1,CALPULALPAN,6,CALPULALPAN,85,3,265,71,23,,53,375,24,77,58,195,,,,,0,1141,68,1209,1974
4,29,TLAXCALA,1,CALPULALPAN,6,CALPULALPAN,86,3,171,57,33,,47,370,14,48,43,215,,,,,0,998,46,1044,1646
4,29,TLAXCALA,1,CALPULALPAN,6,CALPULALPAN,87,2,88,38,11,,66,174,6,45,18,81,,,,,0,527,29,556,953
4,29,TLAXCALA,1,CALPULALPAN,6,CALPULALPAN,88,2,113,74,12,,70,257,6,68,31,103,,,,,2,736,45,781,1324
4,29,TLAXCALA,1,CALPULALPAN,6,CALPULALPAN,89,3,270,55,29,,52,350,15,104,48,198,,,,,0,1121,65,1186,1981
4,29,TLAXCALA,1,CALPULALPAN,6,CALPULALPAN,90,4,244,71,21,,82,525,15,99,44,175,,,,,0,1276,79,1355,2454
4,29,TLAXCALA,1,CALPULALPAN,6,CALPULALPAN,91,1,128,22,10,,3,117,12,26,19,191,,,,,0,528,20,548,740
4,29,TLAXCALA,1,CALPULALPAN,6,CALPULALPAN,92,3,327,101,23,,31,291,25,101,40,287,,,,,0,1226,47,1273,1884
4,29,TLAXCALA,1,CALPULALPAN,6,CALPULALPAN,93,2,142,55,24,,33,135,5,86,73,168,,,,,0,721,30,751,1213
4,29,TLAXCALA,1,CALPULALPAN,6,CALPULALPAN,94,2,120,69,12,,21,115,5,63,11,155,,,,,0,571,20,591,859
4,29,TLAXCALA,1,CALPULALPAN,6,CALPULALPAN,95,1,130,14,4,,3,16,1,9,2,64,,,,,0,243,8,251,407
4,29,TLAXCALA,1,CALPULALPAN,6,CALPULALPAN,96,1,0,0,0,,0,0,0,0,0,0,,,,,0,0,0,0,601
4,29,TLAXCALA,1,CALPULALPAN,6,CALPULALPAN,97,2,91,41,9,,8,124,3,26,9,183,,,,,0,494,23,517,872
4,29,TLAXCALA,1,CALPULALPAN,6,CALPULALPAN,98,3,206,72,12,,59,155,17,86,18,191,,,,,0,816,64,880,1593
4,29,TLAXCALA,1,CALPULALPAN,20,SANCTORUM DE LAZARO CARDENAS,292,2,145,99,72,,37,191,25,57,47,236,,,,,0,909,49,958,1366
4,29,TLAXCALA,1,CALPULALPAN,20,SANCTORUM DE LAZARO CARDENAS,293,2,160,53,79,,19,168,36,62,31,285,,,,,0,893,34,927,1323
4,29,TLAXCALA,1,CALPULALPAN,20,SANCTORUM DE LAZARO CARDENAS,294,2,76,80,50,,23,121,36,25,43,239,,,,,0,693,36,729,1002
4,29,TLAXCALA,1,CALPULALPAN,20,SANCTORUM DE LAZARO CARDENAS,297,2,433,149,20,,11,115,7,51,11,116,,,,,0,913,38,951,1335
4,29,TLAXCALA,1,CALPULALPAN,20,SANCTORUM DE LAZARO CARDENAS,298,3,294,160,35,,12,97,14,72,16,127,,,,,0,827,31,858,1250
4,29,TLAXCALA,1,CALPULALPAN,21,NANACAMILPA DE MARIANO ARISTA,299,4,282,185,136,,19,131,14,154,20,444,,,,,0,1385,74,1459,2543
4,29,TLAXCALA,1,CALPULALPAN,21,NANACAMILPA DE MARIANO ARISTA,300,2,186,79,64,,22,118,4,67,12,219,,,,,0,771,45,816,1326
4,29,TLAXCALA,1,CALPULALPAN,21,NANACAMILPA DE MARIANO ARISTA,301,4,269,148,119,,15,128,8,81,18,515,,,,,0,1301,75,1376,2271
4,29,TLAXCALA,1,CALPULALPAN,21,NANACAMILPA DE MARIANO ARISTA,302,4,254,188,105,,16,135,15,135,18,467,,,,,1,1334,74,1408,2331
4,29,TLAXCALA,1,CALPULALPAN,21,NANACAMILPA DE MARIANO ARISTA,303,2,125,73,31,,12,72,3,34,8,156,,,,,0,514,29,543,827
4,29,TLAXCALA,1,CALPULALPAN,21,NANACAMILPA DE MARIANO ARISTA,304,2,211,43,44,,4,63,5,22,4,224,,,,,0,620,36,656,916
4,29,TLAXCALA,1,CALPULALPAN,21,NANACAMILPA DE MARIANO ARISTA,305,1,35,15,19,,4,18,0,15,0,109,,,,,0,215,8,223,333
4,29,TLAXCALA,1,CALPULALPAN,21,NANACAMILPA DE MARIANO ARISTA,306,1,26,8,3,,1,13,1,22,0,55,,,,,0,129,5,134,172
4,29,TLAXCALA,1,CALPULALPAN,21,NANACAMILPA DE MARIANO ARISTA,307,1,53,21,15,,2,50,0,24,7,166,,,,,0,338,20,358,507
4,29,TLAXCALA,1,CALPULALPAN,21,NANACAMILPA DE MARIANO ARISTA,308,2,152,67,50,,14,68,43,65,14,304,,,,,2,779,36,815,1172
4,29,TLAXCALA,1,CALPULALPAN,60,BENITO JUAREZ,295,4,209,332,26,,15,265,126,275,132,369,,,,,0,1749,55,1804,2489
4,29,TLAXCALA,1,CALPULALPAN,60,BENITO JUAREZ,296,3,124,197,13,,8,172,60,167,85,266,,,,,0,1092,36,1128,1525
4,29,TLAXCALA,2,TLAXCO,4,ATLANGATEPEC,49,1,111,50,47,,13,8,85,59,3,96,,,,,0,472,40,512,647
4,29,TLAXCALA,2,TLAXCO,4,ATLANGATEPEC,50,1,60,27,9,,3,2,43,29,1,99,,,,,0,273,13,286,343
4,29,TLAXCALA,2,TLAXCO,4,ATLANGATEPEC,51,1,12,26,0,,33,40,9,0,15,107,,,,,0,242,10,252,305
4,29,TLAXCALA,2,TLAXCO,4,ATLANGATEPEC,52,1,28,2,8,,0,2,15,3,0,22,,,,,0,80,4,84,101
4,29,TLAXCALA,2,TLAXCO,4,ATLANGATEPEC,53,2,241,31,23,,58,9,156,119,1,101,,,,,0,739,30,769,1065
4,29,TLAXCALA,2,TLAXCO,4,ATLANGATEPEC,54,1,47,6,5,,0,3,110,29,3,54,,,,,0,257,13,270,380
4,29,TLAXCALA,2,TLAXCO,4,ATLANGATEPEC,55,1,40,4,33,,0,9,88,22,0,42,,,,,0,238,11,249,311
4,29,TLAXCALA,2,TLAXCO,4,ATLANGATEPEC,56,2,120,21,81,,6,5,286,43,2,255,,,,,0,819,32,851,1163
4,29,TLAXCALA,2,TLAXCO,4,ATLANGATEPEC,57,1,46,29,17,,26,4,49,8,2,60,,,,,0,241,12,253,350
4,29,TLAXCALA,2,TLAXCO,31,TETLA DE LA SOLIDARIDAD,409,2,136,186,9,,21,23,322,26,6,136,,,,,2,867,37,904,1271
4,29,TLAXCALA,2,TLAXCO,31,TETLA DE LA SOLIDARIDAD,410,2,221,59,9,,36,35,330,40,6,137,,,,,1,874,41,915,1223
4,29,TLAXCALA,2,TLAXCO,31,TETLA DE LA SOLIDARIDAD,411,4,282,243,24,,135,30,497,98,28,212,,,,,1,1550,76,1626,2480
4,29,TLAXCALA,2,TLAXCO,31,TETLA DE LA SOLIDARIDAD,412,4,334,283,33,,89,47,477,87,36,194,,,,,1,1581,78,1659,2742
4,29,TLAXCALA,2,TLAXCO,31,TETLA DE LA SOLIDARIDAD,413,2,171,78,20,,46,26,257,52,9,131,,,,,0,790,63,853,1214
4,29,TLAXCALA,2,TLAXCO,31,TETLA DE LA SOLIDARIDAD,414,2,88,54,4,,67,13,113,35,14,68,,,,,0,456,28,484,818
4,29,TLAXCALA,2,TLAXCO,31,TETLA DE LA SOLIDARIDAD,415,2,112,58,16,,76,21,125,47,7,95,,,,,0,557,35,592,1044
4,29,TLAXCALA,2,TLAXCO,31,TETLA DE LA SOLIDARIDAD,416,2,322,28,10,,25,10,289,19,2,65,,,,,0,770,40,810,1065
4,29,TLAXCALA,2,TLAXCO,31,TETLA DE LA SOLIDARIDAD,417,1,57,12,5,,9,0,127,2,2,32,,,,,4,250,4,254,302
4,29,TLAXCALA,2,TLAXCO,31,TETLA DE LA SOLIDARIDAD,418,1,53,35,5,,16,4,98,17,3,64,,,,,0,295,17,312,407
4,29,TLAXCALA,2,TLAXCO,31,TETLA DE LA SOLIDARIDAD,419,1,51,26,7,,51,8,200,17,1,84,,,,,0,445,23,468,582
4,29,TLAXCALA,2,TLAXCO,31,TETLA DE LA SOLIDARIDAD,420,3,448,47,9,,38,49,426,41,8,88,,,,,0,1154,49,1203,1776
4,29,TLAXCALA,2,TLAXCO,31,TETLA DE LA SOLIDARIDAD,421,3,500,75,11,,29,65,326,83,7,128,,,,,1,1225,48,1273,2025
4,29,TLAXCALA,2,TLAXCO,31,TETLA DE LA SOLIDARIDAD,422,5,373,233,34,,76,54,803,81,18,195,,,,,0,1867,92,1959,3251
4,29,TLAXCALA,2,TLAXCO,31,TETLA DE LA SOLIDARIDAD,423,1,47,6,2,,0,0,77,10,0,37,,,,,0,179,12,191,219
4,29,TLAXCALA,2,TLAXCO,34,TLAXCO,58,1,24,30,10,,2,4,5,12,0,37,,,,,0,124,3,127,194
4,29,TLAXCALA,2,TLAXCO,34,TLAXCO,470,2,99,125,13,,29,35,87,34,0,159,,,,,0,581,38,619,894
4,29,TLAXCALA,2,TLAXCO,34,TLAXCO,471,2,149,158,13,,15,33,193,32,3,159,,,,,60,815,24,839,1239
4,29,TLAXCALA,2,TLAXCO,34,TLAXCO,472,2,102,165,27,,73,70,90,45,4,135,,,,,0,711,41,752,1175
4,29,TLAXCALA,2,TLAXCO,34,TLAXCO,473,2,110,146,32,,19,55,119,28,8,127,,,,,0,644,32,676,975
4,29,TLAXCALA,2,TLAXCO,34,TLAXCO,474,3,195,226,20,,22,62,250,53,6,181,,,,,0,1015,27,1042,1586
4,29,TLAXCALA,2,TLAXCO,34,TLAXCO,475,3,133,164,13,,19,75,159,36,11,184,,,,,0,794,36,830,1237
4,29,TLAXCALA,2,TLAXCO,34,TLAXCO,476,4,266,301,56,,45,100,319,96,26,333,,,,,0,1542,83,1625,2533
4,29,TLAXCALA,2,TLAXCO,34,TLAXCO,477,2,107,159,8,,25,55,139,43,5,143,,,,,1,685,30,715,1012
4,29,TLAXCALA,2,TLAXCO,34,TLAXCO,478,1,74,66,7,,11,40,31,24,5,44,,,,,0,302,18,320,417
4,29,TLAXCALA,2,TLAXCO,34,TLAXCO,479,1,42,17,10,,4,1,41,8,0,57,,,,,0,180,12,192,302
4,29,TLAXCALA,2,TLAXCO,34,TLAXCO,480,1,33,31,7,,14,4,19,5,0,45,,,,,0,158,5,163,248
4,29,TLAXCALA,2,TLAXCO,34,TLAXCO,481,3,157,382,34,,28,47,194,39,4,308,,,,,0,1193,46,1239,1880
4,29,TLAXCALA,2,TLAXCO,34,TLAXCO,482,3,271,163,25,,67,55,231,43,3,197,,,,,0,1055,36,1091,1725
4,29,TLAXCALA,2,TLAXCO,34,TLAXCO,483,1,8,10,0,,0,1,8,5,0,42,,,,,0,74,4,78,116
4,29,TLAXCALA,2,TLAXCO,34,TLAXCO,484,3,190,277,18,,127,22,111,85,3,221,,,,,0,1054,61,1115,1717
4,29,TLAXCALA,2,TLAXCO,34,TLAXCO,485,1,97,36,9,,24,11,115,38,3,66,,,,,0,399,32,431,648
4,29,TLAXCALA,2,TLAXCO,34,TLAXCO,486,1,54,39,14,,30,6,131,31,6,68,,,,,0,379,25,404,589
4,29,TLAXCALA,2,TLAXCO,34,TLAXCO,487,1,12,4,3,,1,1,2,2,3,6,,,,,0,34,2,36,204
4,29,TLAXCALA,2,TLAXCO,34,TLAXCO,488,2,121,112,16,,90,27,127,49,5,156,,,,,3,706,52,758,1204
4,29,TLAXCALA,2,TLAXCO,34,TLAXCO,490,1,52,15,1,,11,0,46,1,0,13,,,,,0,139,8,147,185
4,29,TLAXCALA,2,TLAXCO,34,TLAXCO,491,4,229,323,31,,57,42,296,34,6,350,,,,,0,1368,50,1418,2433
4,29,TLAXCALA,2,TLAXCO,34,TLAXCO,492,1,43,23,7,,16,6,50,8,4,61,,,,,0,218,18,236,277
4,29,TLAXCALA,2,TLAXCO,34,TLAXCO,493,1,62,58,6,,22,11,78,25,1,90,,,,,0,353,14,367,517
4,29,TLAXCALA,2,TLAXCO,34,TLAXCO,494,2,80,68,30,,35,18,159,29,3,125,,,,,0,547,55,602,814
4,29,TLAXCALA,2,TLAXCO,34,TLAXCO,495,1,125,137,6,,42,12,82,21,5,76,,,,,0,506,26,532,749
4,29,TLAXCALA,2,TLAXCO,34,TLAXCO,496,1,58,94,4,,8,21,66,17,4,68,,,,,1,341,19,360,550
4,29,TLAXCALA,2,TLAXCO,34,TLAXCO,497,2,93,52,1,,20,11,51,13,2,64,,,,,0,307,26,333,416
4,29,TLAXCALA,2,TLAXCO,34,TLAXCO,498,2,59,35,5,,21,11,40,3,0,50,,,,,0,224,17,241,305
4,29,TLAXCALA,2,TLAXCO,34,TLAXCO,499,2,175,76,5,,9,33,142,34,1,128,,,,,0,603,38,641,806
4,29,TLAXCALA,2,TLAXCO,34,TLAXCO,500,1,65,13,3,,56,1,168,10,0,21,,,,,0,337,11,348,454
4,29,TLAXCALA,2,TLAXCO,34,TLAXCO,501,2,163,240,28,,66,38,125,76,6,140,,,,,0,882,72,954,1304
4,29,TLAXCALA,2,TLAXCO,34,TLAXCO,502,1,22,55,4,,23,1,88,1,6,33,,,,,0,233,18,251,311
4,29,TLAXCALA,2,TLAXCO,34,TLAXCO,503,1,23,12,3,,9,3,15,10,3,17,,,,,0,95,0,95,133
4,29,TLAXCALA,2,TLAXCO,34,TLAXCO,504,1,33,15,8,,3,5,46,9,8,45,,,,,0,172,4,176,208
4,29,TLAXCALA,3,XALOZTOC,9,CUAXOMULCO,117,2,266,57,42,56,13,109,48,66,9,,189,,,,1,856,71,927,1254
4,29,TLAXCALA,3,XALOZTOC,9,CUAXOMULCO,118,2,122,70,27,38,35,70,43,44,9,,253,,,,1,712,55,767,979
4,29,TLAXCALA,3,XALOZTOC,9,CUAXOMULCO,119,1,78,41,13,18,7,10,25,28,1,,84,,,,0,305,28,333,538
4,29,TLAXCALA,3,XALOZTOC,9,CUAXOMULCO,120,1,45,9,4,12,0,9,4,27,2,,68,,,,0,180,10,190,226
4,29,TLAXCALA,3,XALOZTOC,9,CUAXOMULCO,121,2,153,100,34,60,8,101,58,59,6,,271,,,,0,850,37,887,1137
4,29,TLAXCALA,3,XALOZTOC,30,TERRENATE,398,3,451,35,77,27,6,92,346,113,5,,419,,,,0,1571,59,1630,2208
4,29,TLAXCALA,3,XALOZTOC,30,TERRENATE,399,2,317,17,78,16,8,41,187,46,1,,361,,,,0,1072,67,1139,1495
4,29,TLAXCALA,3,XALOZTOC,30,TERRENATE,403,2,269,11,39,82,4,19,115,20,0,,279,,,,0,838,32,870,1196
4,29,TLAXCALA,3,XALOZTOC,30,TERRENATE,404,4,469,32,68,78,45,68,369,51,12,,388,,,,0,1580,99,1679,2282
4,29,TLAXCALA,3,XALOZTOC,30,TERRENATE,405,1,55,8,10,16,1,5,48,1,1,,52,,,,0,197,9,206,244
4,29,TLAXCALA,3,XALOZTOC,30,TERRENATE,406,1,103,7,20,16,9,13,93,12,1,,49,,,,0,323,27,350,438
4,29,TLAXCALA,3,XALOZTOC,30,TERRENATE,407,1,255,5,6,19,2,9,63,17,3,,127,,,,0,506,15,521,662
4,29,TLAXCALA,3,XALOZTOC,30,TERRENATE,408,2,61,10,18,21,3,5,57,11,1,,684,,,,0,871,29,900,1197
4,29,TLAXCALA,3,XALOZTOC,35,TOCATLAN,505,4,269,71,133,73,13,26,377,61,10,,650,,,,0,1683,58,1741,2312
4,29,TLAXCALA,3,XALOZTOC,35,TOCATLAN,506,2,121,32,118,40,7,27,215,20,1,,360,,,,0,941,62,1003,1348
4,29,TLAXCALA,3,XALOZTOC,35,TOCATLAN,507,1,94,24,34,16,2,7,80,9,3,,155,,,,0,424,11,435,581
4,29,TLAXCALA,3,XALOZTOC,38,TZOMPANTEPEC,527,6,412,128,107,69,69,173,75,243,133,,580,,,,2,1991,153,2144,3682
4,29,TLAXCALA,3,XALOZTOC,38,TZOMPANTEPEC,528,6,278,159,117,88,37,146,103,208,107,,662,,,,0,1905,126,2031,3245
4,29,TLAXCALA,3,XALOZTOC,38,TZOMPANTEPEC,529,2,108,29,137,36,25,38,128,74,32,,330,,,,0,937,86,1023,1393
4,29,TLAXCALA,3,XALOZTOC,38,TZOMPANTEPEC,530,2,80,34,186,22,11,29,42,36,20,,301,,,,0,761,18,779,1115
4,29,TLAXCALA,3,XALOZTOC,38,TZOMPANTEPEC,536,1,50,19,66,35,5,23,69,68,20,,129,,,,0,484,24,508,669
4,29,TLAXCALA,3,XALOZTOC,38,TZOMPANTEPEC,537,1,26,8,59,9,5,13,9,9,11,,45,,,,0,194,17,211,235
4,29,TLAXCALA,3,XALOZTOC,39,XALOZTOC,538,3,286,68,35,101,30,108,444,96,12,,231,,,,0,1411,54,1465,2065
4,29,TLAXCALA,3,XALOZTOC,39,XALOZTOC,539,3,362,83,25,155,20,47,368,62,9,,332,,,,3,1466,43,1509,1974
4,29,TLAXCALA,3,XALOZTOC,39,XALOZTOC,540,6,419,117,42,224,38,94,420,151,20,,496,,,,1,2022,154,2176,3008
4,29,TLAXCALA,3,XALOZTOC,39,XALOZTOC,541,4,320,66,34,182,47,60,703,73,8,,258,,,,0,1751,75,1826,2624
4,29,TLAXCALA,3,XALOZTOC,39,XALOZTOC,542,4,193,67,27,248,24,89,455,62,12,,315,,,,0,1492,61,1553,2274
4,29,TLAXCALA,3,XALOZTOC,39,XALOZTOC,543,3,305,86,51,157,44,42,322,67,12,,304,,,,0,1390,57,1447,1992
4,29,TLAXCALA,3,XALOZTOC,39,XALOZTOC,544,1,130,26,7,28,11,15,102,15,1,,155,,,,0,490,15,505,588
4,29,TLAXCALA,3,XALOZTOC,39,XALOZTOC,545,1,104,17,11,22,3,42,89,30,5,,69,,,,0,392,19,411,520
4,29,TLAXCALA,3,XALOZTOC,39,XALOZTOC,546,1,57,12,7,61,5,11,191,19,1,,160,,,,0,524,24,548,685
4,29,TLAXCALA,3,XALOZTOC,50,SAN JOSE TEACALCO,531,2,89,51,18,11,16,59,109,86,24,,328,,,,0,791,37,828,1097
4,29,TLAXCALA,3,XALOZTOC,50,SAN JOSE TEACALCO,532,1,67,25,4,24,6,32,59,39,12,,247,,,,0,515,21,536,704
4,29,TLAXCALA,3,XALOZTOC,50,SAN JOSE TEACALCO,533,1,63,24,4,36,3,38,60,32,13,,193,,,,1,467,16,483,600
4,29,TLAXCALA,3,XALOZTOC,50,SAN JOSE TEACALCO,534,2,147,46,3,34,12,83,62,46,33,,335,,,,0,801,29,830,1066
4,29,TLAXCALA,3,XALOZTOC,50,SAN JOSE TEACALCO,535,1,58,27,1,14,7,29,31,33,13,,226,,,,0,439,14,453,595
4,29,TLAXCALA,3,XALOZTOC,54,EMILIANO ZAPATA,400,1,22,2,2,6,1,1,11,0,0,,40,,,,0,85,9,94,102
4,29,TLAXCALA,3,XALOZTOC,54,EMILIANO ZAPATA,401,1,13,2,1,0,0,6,7,2,0,,97,,,,0,128,5,133,164
4,29,TLAXCALA,3,XALOZTOC,54,EMILIANO ZAPATA,607,3,354,50,19,9,7,30,229,21,4,,888,,,,0,1611,49,1660,2064
4,29,TLAXCALA,3,XALOZTOC,54,EMILIANO ZAPATA,608,1,197,20,15,20,7,3,73,14,1,,241,,,,0,591,0,591,715
4,29,TLAXCALA,3,XALOZTOC,55,LAZARO CARDENAS,402,1,43,2,19,31,0,4,29,5,2,,68,,,,0,203,9,212,239
4,29,TLAXCALA,3,XALOZTOC,55,LAZARO CARDENAS,606,3,301,59,158,138,18,49,101,64,57,,485,,,,0,1430,82,1512,1860
4,29,TLAXCALA,4,APIZACO,3,APIZACO,12,2,122,124,16,,23,28,14,54,10,134,,29,32,,0,586,44,630,1177
4,29,TLAXCALA,4,APIZACO,3,APIZACO,13,3,205,199,42,,38,94,32,241,21,373,,76,58,,0,1379,59,1438,2191
4,29,TLAXCALA,4,APIZACO,3,APIZACO,14,6,385,482,45,,123,139,27,449,29,498,,101,74,,2,2354,117,2471,4158
4,29,TLAXCALA,4,APIZACO,3,APIZACO,15,3,143,167,31,,32,44,7,144,9,132,,36,36,,1,782,45,827,1515
4,29,TLAXCALA,4,APIZACO,3,APIZACO,16,3,198,127,19,,36,42,11,121,8,285,,37,41,,1,926,46,972,1623
4,29,TLAXCALA,4,APIZACO,3,APIZACO,17,2,114,189,25,,75,34,14,112,10,180,,23,40,,0,816,42,858,1395
4,29,TLAXCALA,4,APIZACO,3,APIZACO,18,2,120,138,39,,21,26,14,70,10,171,,28,20,,0,657,45,702,1157
4,29,TLAXCALA,4,APIZACO,3,APIZACO,19,2,166,160,42,,9,52,3,75,7,120,,14,28,,2,678,47,725,1173
4,29,TLAXCALA,4,APIZACO,3,APIZACO,20,2,94,117,14,,20,24,1,62,4,85,,12,37,,1,471,23,494,805
4,29,TLAXCALA,4,APIZACO,3,APIZACO,21,1,43,40,4,,6,25,2,40,2,59,,9,7,,0,237,11,248,392
4,29,TLAXCALA,4,APIZACO,3,APIZACO,22,2,161,136,23,,27,44,6,76,5,210,,35,45,,2,770,41,811,1396
4,29,TLAXCALA,4,APIZACO,3,APIZACO,23,1,65,111,15,,12,27,2,33,5,105,,11,26,,0,412,23,435,734
4,29,TLAXCALA,4,APIZACO,3,APIZACO,24,2,86,86,15,,11,54,9,78,5,101,,22,10,,0,477,27,504,905
4,29,TLAXCALA,4,APIZACO,3,APIZACO,25,2,123,165,21,,18,39,8,84,9,156,,27,37,,0,687,44,731,1289
4,29,TLAXCALA,4,APIZACO,3,APIZACO,26,2,125,146,19,,29,28,15,90,8,183,,31,41,,2,717,46,763,1393
4,29,TLAXCALA,4,APIZACO,3,APIZACO,27,3,197,251,30,,22,51,10,119,13,226,,36,43,,2,1000,48,1048,1913
4,29,TLAXCALA,4,APIZACO,3,APIZACO,28,4,179,200,23,,18,48,10,118,6,145,,27,36,,0,810,45,855,1507
4,29,TLAXCALA,4,APIZACO,3,APIZACO,29,3,187,223,8,,29,67,13,129,14,178,,33,33,,0,914,47,961,1627
4,29,TLAXCALA,4,APIZACO,3,APIZACO,30,8,473,574,51,,87,204,40,380,43,638,,136,147,,9,2782,145,2927,5466
4,29,TLAXCALA,4,APIZACO,3,APIZACO,31,4,333,287,18,,34,84,20,165,22,279,,66,79,,2,1389,76,1465,2806
4,29,TLAXCALA,4,APIZACO,3,APIZACO,32,3,145,326,10,,16,43,26,95,7,191,,36,27,,4,926,53,979,1766
4,29,TLAXCALA,4,APIZACO,3,APIZACO,33,3,166,231,21,,30,49,15,113,10,243,,36,48,,1,963,50,1013,1989
4,29,TLAXCALA,4,APIZACO,3,APIZACO,34,2,134,149,10,,25,57,12,116,12,203,,40,27,,0,785,45,830,1392
4,29,TLAXCALA,4,APIZACO,3,APIZACO,35,2,115,124,18,,15,42,17,77,7,139,,31,19,,0,604,31,635,1148
4,29,TLAXCALA,4,APIZACO,3,APIZACO,36,3,160,218,28,,24,83,46,107,28,261,,35,51,,1,1042,55,1097,1964
4,29,TLAXCALA,4,APIZACO,3,APIZACO,37,2,135,191,16,,11,63,18,118,11,134,,36,32,,0,765,21,786,1293
4,29,TLAXCALA,4,APIZACO,3,APIZACO,39,2,94,152,31,,4,137,8,25,5,299,,11,8,,0,774,29,803,1098
4,29,TLAXCALA,4,APIZACO,3,APIZACO,40,4,218,223,15,,34,511,18,110,43,321,,43,37,,0,1573,81,1654,2437
4,29,TLAXCALA,4,APIZACO,3,APIZACO,41,4,236,308,17,,26,493,16,134,47,428,,39,60,,2,1806,64,1870,2767
4,29,TLAXCALA,4,APIZACO,3,APIZACO,42,1,67,77,9,,3,30,3,30,4,81,,14,11,,1,330,21,351,570
4,29,TLAXCALA,4,APIZACO,3,APIZACO,43,5,231,372,35,,37,125,20,228,18,402,,63,151,,4,1686,106,1792,3155
4,29,TLAXCALA,4,APIZACO,3,APIZACO,44,3,164,211,16,,16,106,10,92,18,284,,39,117,,1,1074,87,1161,1837
4,29,TLAXCALA,4,APIZACO,3,APIZACO,45,1,27,74,2,,8,30,9,24,4,48,,10,8,,2,246,3,249,398
4,29,TLAXCALA,4,APIZACO,3,APIZACO,46,3,138,239,75,,13,154,7,108,19,209,,28,32,,1,1023,43,1066,1717
4,29,TLAXCALA,4,APIZACO,3,APIZACO,47,4,245,334,27,,25,136,10,189,16,323,,30,42,,3,1380,62,1442,2578
4,29,TLAXCALA,4,APIZACO,3,APIZACO,48,1,34,66,8,,11,18,5,17,4,36,,6,17,,0,222,10,232,363
4,29,TLAXCALA,5,YAUHQUEMEHCAN,3,APIZACO,38,2,353,33,9,,20,25,3,27,4,152,,,,,3,629,24,653,882
4,29,TLAXCALA,5,YAUHQUEMEHCAN,11,MUÑOZ DE DOMINGO ARENAS,161,3,381,58,191,,11,23,26,121,27,412,,,,,0,1250,68,1318,1838
4,29,TLAXCALA,5,YAUHQUEMEHCAN,11,MUÑOZ DE DOMINGO ARENAS,162,2,338,28,21,,10,8,12,39,6,197,,,,,0,659,50,709,976
4,29,TLAXCALA,5,YAUHQUEMEHCAN,11,MUÑOZ DE DOMINGO ARENAS,163,1,165,13,20,,1,6,2,14,3,98,,,,,0,322,18,340,476
4,29,TLAXCALA,5,YAUHQUEMEHCAN,11,MUÑOZ DE DOMINGO ARENAS,164,1,41,3,13,,3,1,8,6,16,97,,,,,0,188,12,200,252
4,29,TLAXCALA,5,YAUHQUEMEHCAN,12,ESPAÑITA,165,3,474,88,13,,18,263,11,98,5,408,,,,,0,1378,51,1429,1942
4,29,TLAXCALA,5,YAUHQUEMEHCAN,12,ESPAÑITA,167,1,71,13,2,,1,21,4,21,2,81,,,,,0,216,4,220,335
4,29,TLAXCALA,5,YAUHQUEMEHCAN,12,ESPAÑITA,168,1,225,21,7,,3,33,1,23,3,163,,,,,0,479,21,500,664
4,29,TLAXCALA,5,YAUHQUEMEHCAN,12,ESPAÑITA,169,1,94,11,0,,1,13,4,6,0,50,,,,,0,179,6,185,229
4,29,TLAXCALA,5,YAUHQUEMEHCAN,12,ESPAÑITA,170,1,257,18,3,,3,58,1,35,1,95,,,,,0,471,16,487,697
4,29,TLAXCALA,5,YAUHQUEMEHCAN,12,ESPAÑITA,171,1,96,19,3,,0,15,0,9,0,73,,,,,0,215,5,220,288
4,29,TLAXCALA,5,YAUHQUEMEHCAN,12,ESPAÑITA,172,1,127,15,0,,1,21,0,18,2,87,,,,,0,271,7,278,300
4,29,TLAXCALA,5,YAUHQUEMEHCAN,12,ESPAÑITA,173,1,106,8,2,,2,10,1,12,0,74,,,,,0,215,9,224,290
4,29,TLAXCALA,5,YAUHQUEMEHCAN,12,ESPAÑITA,174,1,71,11,1,,1,12,0,6,0,52,,,,,0,154,8,162,195
4,29,TLAXCALA,5,YAUHQUEMEHCAN,12,ESPAÑITAA,175,1,105,29,1,,1,5,2,61,1,195,,,,,0,400,11,411,569
4,29,TLAXCALA,5,YAUHQUEMEHCAN,12,ESPAÑITA,176,1,98,18,4,,4,10,0,35,3,120,,,,,0,292,18,310,402
4,29,TLAXCALA,5,YAUHQUEMEHCAN,12,ESPAÑITA,177,1,67,13,1,,1,9,4,7,0,146,,,,,0,248,13,261,346
4,29,TLAXCALA,5,YAUHQUEMEHCAN,14,HUEYOTLIPAN,220,3,518,90,115,,13,43,35,129,26,421,,,,,3,1393,72,1465,2006
4,29,TLAXCALA,5,YAUHQUEMEHCAN,14,HUEYOTLIPAN,221,3,523,108,140,,19,23,50,118,10,394,,,,,2,1387,92,1479,2019
4,29,TLAXCALA,5,YAUHQUEMEHCAN,14,HUEYOTLIPAN,222,2,264,77,58,,1,30,10,174,5,100,,,,,0,719,43,762,1063
4,29,TLAXCALA,5,YAUHQUEMEHCAN,14,HUEYOTLIPAN,223,1,54,20,32,,3,0,4,40,1,63,,,,,0,217,26,243,370
4,29,TLAXCALA,5,YAUHQUEMEHCAN,14,HUEYOTLIPAN,224,1,325,36,51,,1,3,8,38,7,21,,,,,0,490,21,511,670
4,29,TLAXCALA,5,YAUHQUEMEHCAN,14,HUEYOTLIPAN,225,1,124,17,12,,1,7,3,14,0,48,,,,,0,226,13,239,279
4,29,TLAXCALA,5,YAUHQUEMEHCAN,14,HUEYOTLIPAN,226,1,92,40,59,,2,8,10,32,11,97,,,,,0,351,15,366,493
4,29,TLAXCALA,5,YAUHQUEMEHCAN,14,HUEYOTLIPAN,227,1,165,16,26,,5,62,39,37,6,89,,,,,0,445,15,460,620
4,29,TLAXCALA,5,YAUHQUEMEHCAN,14,HUEYOTLIPAN,228,4,485,44,67,,8,32,87,163,19,197,,,,,0,1102,83,1185,2537
4,29,TLAXCALA,5,YAUHQUEMEHCAN,14,HUEYOTLIPAN,229,1,41,7,5,,0,1,0,6,2,27,,,,,0,89,12,101,128
4,29,TLAXCALA,5,YAUHQUEMEHCAN,14,HUEYOTLIPAN,230,1,119,44,22,,2,10,7,67,1,81,,,,,0,353,25,378,526
4,29,TLAXCALA,5,YAUHQUEMEHCAN,14,HUEYOTLIPAN,231,1,53,9,22,,2,5,4,33,0,44,,,,,0,172,13,185,291
4,29,TLAXCALA,5,YAUHQUEMEHCAN,40,XALTOCAN,547,2,279,44,9,,8,65,28,35,4,231,,,,,0,703,32,735,1097
4,29,TLAXCALA,5,YAUHQUEMEHCAN,40,XALTOCAN,548,3,719,72,21,,6,98,38,58,8,188,,,,,1,1209,35,1244,1851
4,29,TLAXCALA,5,YAUHQUEMEHCAN,40,XALTOCAN,549,2,370,95,26,,5,90,18,47,10,157,,,,,0,818,45,863,1347
4,29,TLAXCALA,5,YAUHQUEMEHCAN,40,XALTOCAN,550,2,0,0,0,,0,0,0,0,0,0,,,,,0,0,0,0,859
4,29,TLAXCALA,5,YAUHQUEMEHCAN,40,XALTOCAN,553,1,87,8,7,,1,31,11,23,3,31,,,,,0,202,14,216,287
4,29,TLAXCALA,5,YAUHQUEMEHCAN,40,XALTOCAN,554,1,54,13,3,,2,7,5,9,2,24,,,,,0,119,2,121,152
4,29,TLAXCALA,5,YAUHQUEMEHCAN,40,XALTOCAN,555,1,174,55,14,,2,33,7,21,2,190,,,,,0,498,19,517,674
4,29,TLAXCALA,5,YAUHQUEMEHCAN,40,XALTOCAN,556,1,215,64,6,,3,28,41,35,3,108,,,,,0,503,14,517,719
4,29,TLAXCALA,5,YAUHQUEMEHCAN,40,XALTOCAN,557,1,181,57,14,,7,16,4,39,15,106,,,,,43,482,0,482,707
4,29,TLAXCALA,5,YAUHQUEMEHCAN,43,YAUHQUEMEHCAN,575,4,575,59,4,,9,114,19,102,80,328,,,,,0,1290,52,1342,2030
4,29,TLAXCALA,5,YAUHQUEMEHCAN,43,YAUHQUEMEHCAN,576,3,408,54,11,,10,103,49,49,86,265,,,,,1,1036,50,1086,1626
4,29,TLAXCALA,5,YAUHQUEMEHCAN,43,YAUHQUEMEHCAN,577,1,199,16,1,,3,15,6,35,18,130,,,,,0,423,30,453,621
4,29,TLAXCALA,5,YAUHQUEMEHCAN,43,YAUHQUEMEHCAN,578,2,296,26,5,,6,73,42,38,13,211,,,,,1,711,31,742,996
4,29,TLAXCALA,5,YAUHQUEMEHCAN,43,YAUHQUEMEHCAN,579,2,223,48,4,,6,252,18,43,23,203,,,,,0,820,38,858,1231
4,29,TLAXCALA,5,YAUHQUEMEHCAN,43,YAUHQUEMEHCAN,580,3,524,44,28,,16,36,23,148,17,247,,,,,2,1085,54,1139,1989
4,29,TLAXCALA,5,YAUHQUEMEHCAN,43,YAUHQUEMEHCAN,581,5,766,113,31,,28,77,33,205,32,319,,,,,2,1606,105,1711,3207
4,29,TLAXCALA,5,YAUHQUEMEHCAN,43,YAUHQUEMEHCAN,582,6,1329,119,46,,56,111,17,187,37,311,,,,,2,2215,86,2301,4058
4,29,TLAXCALA,5,YAUHQUEMEHCAN,43,YAUHQUEMEHCAN,583,4,533,119,35,,18,147,10,198,37,269,,,,,2,1368,86,1454,2721
4,29,TLAXCALA,5,YAUHQUEMEHCAN,43,YAUHQUEMEHCAN,584,2,340,25,7,,2,77,13,62,7,81,,,,,0,614,47,661,1148
4,29,TLAXCALA,5,YAUHQUEMEHCAN,43,YAUHQUEMEHCAN,585,4,652,86,15,,18,88,22,124,37,518,,,,,2,1562,90,1652,2531
4,29,TLAXCALA,5,YAUHQUEMEHCAN,57,SAN LUCAS TECOPILCO,551,3,380,66,23,,126,38,89,69,10,304,,,,,1,1106,42,1148,1512
4,29,TLAXCALA,5,YAUHQUEMEHCAN,57,SAN LUCAS TECOPILCO,552,2,284,42,9,,76,28,43,33,5,140,,,,,1,661,40,701,896
4,29,TLAXCALA,6,IXTACUIXTLA DE MARIANO MATAMOROS,15,IXTACUIXTLA DE MARIANO MATAMOROS,232,3,123,158,24,32,116,300,23,57,11,,315,,,,7,1166,89,1255,1918
4,29,TLAXCALA,6,IXTACUIXTLA DE MARIANO MATAMOROS,15,IXTACUIXTLA DE MARIANO MATAMOROS,233,4,61,128,31,34,143,271,11,54,17,,304,,,,2,1056,56,1112,1663
4,29,TLAXCALA,6,IXTACUIXTLA DE MARIANO MATAMOROS,15,IXTACUIXTLA DE MARIANO MATAMOROS,234,2,53,109,17,14,122,258,19,45,14,,184,,,,0,835,39,874,1266
4,29,TLAXCALA,6,IXTACUIXTLA DE MARIANO MATAMOROS,15,IXTACUIXTLA DE MARIANO MATAMOROS,235,1,7,23,0,0,3,43,1,6,0,,23,,,,0,106,11,117,197
4,29,TLAXCALA,6,IXTACUIXTLA DE MARIANO MATAMOROS,15,IXTACUIXTLA DE MARIANO MATAMOROS,236,1,5,31,5,4,7,44,0,3,0,,60,,,,0,159,12,171,259
4,29,TLAXCALA,6,IXTACUIXTLA DE MARIANO MATAMOROS,15,IXTACUIXTLA DE MARIANO MATAMOROS,237,1,0,0,0,0,0,0,0,0,0,,0,,,,0,0,0,0,323
4,29,TLAXCALA,6,IXTACUIXTLA DE MARIANO MATAMOROS,15,IXTACUIXTLA DE MARIANO MATAMOROS,238,1,11,43,3,4,6,17,3,5,0,,70,,,,0,162,9,171,281
4,29,TLAXCALA,6,IXTACUIXTLA DE MARIANO MATAMOROS,15,IXTACUIXTLA DE MARIANO MATAMOROS,239,1,15,43,3,6,15,93,6,5,1,,97,,,,0,284,9,293,448
4,29,TLAXCALA,6,IXTACUIXTLA DE MARIANO MATAMOROS,15,IXTACUIXTLA DE MARIANO MATAMOROS,240,2,35,59,15,13,77,44,8,19,8,,123,,,,0,401,17,418,773
4,29,TLAXCALA,6,IXTACUIXTLA DE MARIANO MATAMOROS,15,IXTACUIXTLA DE MARIANO MATAMOROS,241,3,119,204,22,10,92,188,9,29,5,,128,,,,3,809,62,871,1703
4,29,TLAXCALA,6,IXTACUIXTLA DE MARIANO MATAMOROS,15,IXTACUIXTLA DE MARIANO MATAMOROS,242,2,81,142,9,7,52,145,9,27,5,,129,,,,1,607,49,656,1310
4,29,TLAXCALA,6,IXTACUIXTLA DE MARIANO MATAMOROS,15,IXTACUIXTLA DE MARIANO MATAMOROS,243,1,29,22,9,1,53,68,0,10,0,,55,,,,0,247,13,260,335
4,29,TLAXCALA,6,IXTACUIXTLA DE MARIANO MATAMOROS,15,IXTACUIXTLA DE MARIANO MATAMOROS,244,1,15,43,11,8,43,36,1,14,1,,4,,,,0,176,20,196,483
4,29,TLAXCALA,6,IXTACUIXTLA DE MARIANO MATAMOROS,15,IXTACUIXTLA DE MARIANO MATAMOROS,245,4,126,285,117,42,214,150,57,129,47,,396,,,,2,1565,128,1693,2299
4,29,TLAXCALA,6,IXTACUIXTLA DE MARIANO MATAMOROS,15,IXTACUIXTLA DE MARIANO MATAMOROS,246,1,57,58,159,4,58,50,3,15,4,,103,,,,2,513,19,532,697
4,29,TLAXCALA,6,IXTACUIXTLA DE MARIANO MATAMOROS,15,IXTACUIXTLA DE MARIANO MATAMOROS,247,3,154,107,46,21,78,380,9,41,17,,165,,,,0,1018,74,1092,1566
4,29,TLAXCALA,6,IXTACUIXTLA DE MARIANO MATAMOROS,15,IXTACUIXTLA DE MARIANO MATAMOROS,248,2,32,274,17,21,54,156,5,80,10,,182,,,,0,831,34,865,1181
4,29,TLAXCALA,6,IXTACUIXTLA DE MARIANO MATAMOROS,15,IXTACUIXTLA DE MARIANO MATAMOROS,249,1,42,22,2,4,56,80,2,12,1,,169,,,,0,390,15,405,541
4,29,TLAXCALA,6,IXTACUIXTLA DE MARIANO MATAMOROS,15,IXTACUIXTLA DE MARIANO MATAMOROS,250,2,50,66,7,7,75,128,14,59,12,,151,,,,0,569,19,588,950
4,29,TLAXCALA,6,IXTACUIXTLA DE MARIANO MATAMOROS,15,IXTACUIXTLA DE MARIANO MATAMOROS,251,4,174,301,19,29,242,236,31,175,41,,506,,,,4,1758,97,1855,2811
4,29,TLAXCALA,6,IXTACUIXTLA DE MARIANO MATAMOROS,15,IXTACUIXTLA DE MARIANO MATAMOROS,252,3,72,180,22,16,122,257,10,79,9,,274,,,,1,1042,41,1083,1810
4,29,TLAXCALA,6,IXTACUIXTLA DE MARIANO MATAMOROS,15,IXTACUIXTLA DE MARIANO MATAMOROS,253,3,56,111,24,16,91,248,27,81,13,,257,,,,0,924,30,954,1578
4,29,TLAXCALA,6,IXTACUIXTLA DE MARIANO MATAMOROS,15,IXTACUIXTLA DE MARIANO MATAMOROS,256,2,70,204,16,19,63,111,9,94,8,,208,,,,0,802,46,848,1352
4,29,TLAXCALA,6,IXTACUIXTLA DE MARIANO MATAMOROS,15,IXTACUIXTLA DE MARIANO MATAMOROS,257,2,50,178,0,5,25,54,2,31,3,,152,,,,1,501,31,532,919
4,29,TLAXCALA,6,IXTACUIXTLA DE MARIANO MATAMOROS,15,IXTACUIXTLA DE MARIANO MATAMOROS,258,1,25,16,4,6,21,50,7,22,5,,56,,,,0,212,3,215,364
4,29,TLAXCALA,6,IXTACUIXTLA DE MARIANO MATAMOROS,24,PANOTLA,332,1,23,12,2,6,3,4,1,6,3,,4,,,,0,64,6,70,322
4,29,TLAXCALA,6,IXTACUIXTLA DE MARIANO MATAMOROS,24,PANOTLA,333,2,56,231,16,30,16,47,15,80,26,,118,,,,2,637,61,698,1227
4,29,TLAXCALA,6,IXTACUIXTLA DE MARIANO MATAMOROS,24,PANOTLA,334,2,60,170,17,31,26,37,35,143,35,,109,,,,0,663,57,720,994
4,29,TLAXCALA,6,IXTACUIXTLA DE MARIANO MATAMOROS,24,PANOTLA,335,2,40,196,7,24,28,51,26,75,36,,94,,,,3,580,42,622,878
4,29,TLAXCALA,6,IXTACUIXTLA DE MARIANO MATAMOROS,24,PANOTLA,336,4,138,582,38,83,51,120,121,232,100,,276,,,,1,1742,123,1865,2711
4,29,TLAXCALA,6,IXTACUIXTLA DE MARIANO MATAMOROS,24,PANOTLA,337,3,89,370,31,60,24,94,45,202,90,,172,,,,5,1182,92,1274,1812
4,29,TLAXCALA,6,IXTACUIXTLA DE MARIANO MATAMOROS,24,PANOTLA,338,3,123,335,90,122,25,130,125,67,36,,157,,,,0,1210,128,1338,2221
4,29,TLAXCALA,6,IXTACUIXTLA DE MARIANO MATAMOROS,24,PANOTLA,339,2,70,195,12,20,9,47,55,14,5,,50,,,,0,477,33,510,789
4,29,TLAXCALA,6,IXTACUIXTLA DE MARIANO MATAMOROS,24,PANOTLA,340,1,36,120,14,21,12,24,33,11,9,,70,,,,0,350,35,385,677
4,29,TLAXCALA,6,IXTACUIXTLA DE MARIANO MATAMOROS,24,PANOTLA,341,1,8,24,8,20,4,3,36,15,1,,14,,,,0,133,7,140,167
4,29,TLAXCALA,6,IXTACUIXTLA DE MARIANO MATAMOROS,24,PANOTLA,342,3,67,379,54,39,31,309,95,109,20,,109,,,,0,1212,79,1291,1765
4,29,TLAXCALA,6,IXTACUIXTLA DE MARIANO MATAMOROS,24,PANOTLA,343,1,25,204,4,14,5,12,169,17,5,,60,,,,1,516,19,535,654
4,29,TLAXCALA,6,IXTACUIXTLA DE MARIANO MATAMOROS,24,PANOTLA,344,1,35,120,34,16,13,62,113,27,43,,87,,,,0,550,17,567,709
4,29,TLAXCALA,6,IXTACUIXTLA DE MARIANO MATAMOROS,24,PANOTLA,345,3,80,352,69,51,25,111,48,120,72,,131,,,,0,1059,75,1134,1539
4,29,TLAXCALA,6,IXTACUIXTLA DE MARIANO MATAMOROS,24,PANOTLA,346,3,56,238,48,37,35,70,38,64,20,,73,,,,2,681,46,727,1596
4,29,TLAXCALA,6,IXTACUIXTLA DE MARIANO MATAMOROS,24,PANOTLA,347,3,60,327,84,49,53,153,42,131,52,,119,,,,2,1072,98,1170,1766
4,29,TLAXCALA,6,IXTACUIXTLA DE MARIANO MATAMOROS,36,TOTOLAC,508,2,34,145,9,11,13,56,41,83,24,,85,,,,0,501,45,546,793
4,29,TLAXCALA,6,IXTACUIXTLA DE MARIANO MATAMOROS,36,TOTOLAC,509,2,49,176,20,28,20,76,54,75,22,,186,,,,0,706,83,789,1094
4,29,TLAXCALA,6,IXTACUIXTLA DE MARIANO MATAMOROS,36,TOTOLAC,510,2,84,145,13,13,11,134,11,70,23,,107,,,,1,612,57,669,1077
4,29,TLAXCALA,6,IXTACUIXTLA DE MARIANO MATAMOROS,36,TOTOLAC,511,2,78,154,6,16,17,61,8,97,22,,127,,,,0,586,61,647,917
4,29,TLAXCALA,6,IXTACUIXTLA DE MARIANO MATAMOROS,36,TOTOLAC,512,3,92,304,26,24,16,143,13,125,49,,211,,,,2,1005,88,1093,1600
4,29,TLAXCALA,6,IXTACUIXTLA DE MARIANO MATAMOROS,36,TOTOLAC,513,3,137,335,36,47,30,163,42,234,67,,189,,,,7,1287,139,1426,2170
4,29,TLAXCALA,6,IXTACUIXTLA DE MARIANO MATAMOROS,36,TOTOLAC,514,2,70,212,44,27,22,93,14,131,36,,128,,,,388,1165,82,1247,1267
4,29,TLAXCALA,6,IXTACUIXTLA DE MARIANO MATAMOROS,36,TOTOLAC,515,3,111,455,38,33,34,164,37,151,53,,255,,,,2,1333,58,1391,1947
4,29,TLAXCALA,6,IXTACUIXTLA DE MARIANO MATAMOROS,36,TOTOLAC,516,3,82,345,36,32,43,184,43,157,54,,253,,,,1,1230,75,1305,1830
4,29,TLAXCALA,6,IXTACUIXTLA DE MARIANO MATAMOROS,36,TOTOLAC,517,2,134,171,19,33,47,113,29,103,42,,156,,,,3,850,59,909,1282
4,29,TLAXCALA,6,IXTACUIXTLA DE MARIANO MATAMOROS,36,TOTOLAC,518,2,57,175,19,26,19,124,38,148,32,,122,,,,0,760,71,831,1124
4,29,TLAXCALA,6,IXTACUIXTLA DE MARIANO MATAMOROS,36,TOTOLAC,519,1,39,146,10,13,17,42,9,75,44,,62,,,,0,457,20,477,721
4,29,TLAXCALA,7,TLAXCALA,33,TLAXCALA,435,3,104,192,9,,25,96,11,102,15,374,,,,38,21,987,52,1039,1632
4,29,TLAXCALA,7,TLAXCALA,33,TLAXCALA,436,3,160,249,25,,27,65,19,86,15,364,,,,62,32,1104,58,1162,1775
4,29,TLAXCALA,7,TLAXCALA,33,TLAXCALA,437,2,129,186,29,,20,66,19,55,11,242,,,,61,0,818,51,869,1330
4,29,TLAXCALA,7,TLAXCALA,33,TLAXCALA,438,3,218,203,8,,13,84,12,144,23,216,,,,53,57,1031,52,1083,1541
4,29,TLAXCALA,7,TLAXCALA,33,TLAXCALA,439,3,219,289,22,,24,101,18,164,34,309,,,,92,41,1313,86,1399,2147
4,29,TLAXCALA,7,TLAXCALA,33,TLAXCALA,440,3,148,256,19,,89,84,60,136,27,241,,,,30,56,1146,69,1215,1753
4,29,TLAXCALA,7,TLAXCALA,33,TLAXCALA,441,2,62,163,9,,19,49,14,82,45,202,,,,0,65,710,35,745,1164
4,29,TLAXCALA,7,TLAXCALA,33,TLAXCALA,442,2,79,205,8,,28,41,16,100,16,150,,,,29,33,705,53,758,1180
4,29,TLAXCALA,7,TLAXCALA,33,TLAXCALA,443,1,38,106,3,,9,36,10,45,24,109,,,,0,39,419,19,438,699
4,29,TLAXCALA,7,TLAXCALA,33,TLAXCALA,444,6,282,454,55,,59,198,46,294,83,550,,,,47,139,2207,137,2344,3794
4,29,TLAXCALA,7,TLAXCALA,33,TLAXCALA,445,2,101,227,28,,32,116,27,102,19,205,,,,26,19,902,30,932,1439
4,29,TLAXCALA,7,TLAXCALA,33,TLAXCALA,446,1,61,146,2,,6,26,10,32,10,130,,,,0,36,459,28,487,741
4,29,TLAXCALA,7,TLAXCALA,33,TLAXCALA,447,2,55,166,8,,17,37,12,75,16,127,,,,0,46,559,34,593,891
4,29,TLAXCALA,7,TLAXCALA,33,TLAXCALA,448,3,140,371,55,,24,133,27,140,47,258,,,,56,39,1290,91,1381,2114
4,29,TLAXCALA,7,TLAXCALA,33,TLAXCALA,449,2,87,213,14,,23,45,25,109,20,207,,,,40,26,809,45,854,1346
4,29,TLAXCALA,7,TLAXCALA,33,TLAXCALA,450,2,61,134,8,,13,58,9,79,11,121,,,,0,39,533,24,557,841
4,29,TLAXCALA,7,TLAXCALA,33,TLAXCALA,451,3,106,336,27,,39,79,26,175,48,263,,,,0,56,1155,96,1251,1944
4,29,TLAXCALA,7,TLAXCALA,33,TLAXCALA,452,3,90,223,22,,29,56,21,163,25,237,,,,17,57,940,43,983,1530
4,29,TLAXCALA,7,TLAXCALA,33,TLAXCALA,453,9,446,795,97,,86,325,141,423,90,870,,,,54,178,3505,185,3690,6425
4,29,TLAXCALA,7,TLAXCALA,33,TLAXCALA,454,2,88,97,8,,27,26,5,48,9,118,,,,0,40,466,24,490,865
4,29,TLAXCALA,7,TLAXCALA,33,TLAXCALA,455,1,46,105,8,,18,35,6,47,17,96,,,,0,35,413,16,429,728
4,29,TLAXCALA,7,TLAXCALA,33,TLAXCALA,456,3,132,248,23,,25,109,17,174,43,291,,,,0,122,1184,69,1253,1921
4,29,TLAXCALA,7,TLAXCALA,33,TLAXCALA,457,2,46,188,18,,20,76,22,121,19,168,,,,0,58,736,43,779,1246
4,29,TLAXCALA,7,TLAXCALA,33,TLAXCALA,458,7,298,559,71,,71,231,62,276,53,802,,,,0,160,2583,127,2710,4855
4,29,TLAXCALA,7,TLAXCALA,33,TLAXCALA,459,3,95,354,11,,49,108,25,181,22,254,,,,0,66,1165,60,1225,1934
4,29,TLAXCALA,7,TLAXCALA,33,TLAXCALA,460,2,108,213,15,,30,85,9,93,21,202,,,,0,82,858,36,894,1399
4,29,TLAXCALA,7,TLAXCALA,33,TLAXCALA,461,4,355,310,18,,46,139,36,170,41,312,,,,0,110,1537,66,1603,2093
4,29,TLAXCALA,7,TLAXCALA,33,TLAXCALA,462,3,139,322,14,,25,93,42,146,33,312,,,,0,93,1219,55,1274,1883
4,29,TLAXCALA,7,TLAXCALA,33,TLAXCALA,463,3,125,200,12,,25,118,13,153,33,278,,,,0,67,1024,63,1087,1760
4,29,TLAXCALA,7,TLAXCALA,33,TLAXCALA,464,6,336,541,32,,72,232,64,302,82,505,,,,0,197,2363,107,2470,4273
4,29,TLAXCALA,7,TLAXCALA,33,TLAXCALA,465,6,267,564,74,,61,219,78,282,74,573,,,,0,117,2309,148,2457,4263
4,29,TLAXCALA,7,TLAXCALA,33,TLAXCALA,466,6,227,502,66,,79,170,55,225,39,585,,,,0,111,2059,151,2210,3798
4,29,TLAXCALA,7,TLAXCALA,33,TLAXCALA,467,2,84,186,7,,28,58,28,110,32,215,,,,0,72,820,53,873,1341
4,29,TLAXCALA,7,TLAXCALA,33,TLAXCALA,468,4,146,301,36,,73,129,165,165,33,374,,,,0,97,1519,85,1604,2316
4,29,TLAXCALA,7,TLAXCALA,33,TLAXCALA,469,3,171,276,21,,52,112,91,95,10,223,,,,0,44,1095,45,1140,1519
4,29,TLAXCALA,8,CONTLA DE JUAN CUAMATZI,1,AMAXAC DE GUERRERO,1,2,69,189,13,,30,28,14,137,17,229,,,,,0,726,40,766,1051
4,29,TLAXCALA,8,CONTLA DE JUAN CUAMATZI,1,AMAXAC DE GUERRERO,2,5,327,479,28,,47,102,30,362,27,651,,,,,3,2056,118,2174,3136
4,29,TLAXCALA,8,CONTLA DE JUAN CUAMATZI,1,AMAXAC DE GUERRERO,3,4,342,422,24,,38,110,31,319,30,581,,,,,0,1897,111,2008,2869
4,29,TLAXCALA,8,CONTLA DE JUAN CUAMATZI,1,AMAXAC DE GUERRERO,4,1,100,108,8,,1,37,17,77,5,123,,,,,1,477,42,519,627
4,29,TLAXCALA,8,CONTLA DE JUAN CUAMATZI,2,APETATITLAN DE ANTONIO CARVAJAL,5,4,352,360,21,,29,42,11,266,47,486,,,,,0,1614,100,1714,2366
4,29,TLAXCALA,8,CONTLA DE JUAN CUAMATZI,2,APETATITLAN DE ANTONIO CARVAJAL,6,2,198,76,12,,12,43,1,38,23,128,,,,,0,531,23,554,826
4,29,TLAXCALA,8,CONTLA DE JUAN CUAMATZI,2,APETATITLAN DE ANTONIO CARVAJAL,7,1,62,64,2,,3,5,1,19,4,42,,,,,0,202,15,217,305
4,29,TLAXCALA,8,CONTLA DE JUAN CUAMATZI,2,APETATITLAN DE ANTONIO CARVAJAL,8,3,415,273,22,,21,119,5,162,26,376,,,,,2,1421,65,1486,2123
4,29,TLAXCALA,8,CONTLA DE JUAN CUAMATZI,2,APETATITLAN DE ANTONIO CARVAJAL,9,4,543,331,23,,22,104,40,112,30,327,,,,,0,1532,84,1616,2271
4,29,TLAXCALA,8,CONTLA DE JUAN CUAMATZI,2,APETATITLAN DE ANTONIO CARVAJAL,10,4,377,549,33,,32,135,18,176,36,278,,,,,0,1634,91,1725,2363
4,29,TLAXCALA,8,CONTLA DE JUAN CUAMATZI,2,APETATITLAN DE ANTONIO CARVAJAL,11,2,196,162,11,,7,23,6,76,8,141,,,,,0,630,23,653,826
4,29,TLAXCALA,8,CONTLA DE JUAN CUAMATZI,18,CONTLA DE JUAN CUAMATZI,267,3,235,471,45,,17,116,25,97,28,154,,,,,1,1189,49,1238,1785
4,29,TLAXCALA,8,CONTLA DE JUAN CUAMATZI,18,CONTLA DE JUAN CUAMATZI,268,4,320,487,57,,27,97,93,106,36,312,,,,,0,1535,63,1598,2359
4,29,TLAXCALA,8,CONTLA DE JUAN CUAMATZI,18,CONTLA DE JUAN CUAMATZI,269,4,204,414,44,,19,49,26,110,28,200,,,,,3,1097,70,1167,1679
4,29,TLAXCALA,8,CONTLA DE JUAN CUAMATZI,18,CONTLA DE JUAN CUAMATZI,270,2,142,316,60,,12,27,32,69,28,104,,,,,0,790,37,827,1302
4,29,TLAXCALA,8,CONTLA DE JUAN CUAMATZI,18,CONTLA DE JUAN CUAMATZI,271,3,196,491,44,,24,56,25,103,28,185,,,,,0,1152,55,1207,1770
4,29,TLAXCALA,8,CONTLA DE JUAN CUAMATZI,18,CONTLA DE JUAN CUAMATZI,272,5,459,671,52,,47,209,30,239,74,300,,,,,4,2085,110,2195,3055
4,29,TLAXCALA,8,CONTLA DE JUAN CUAMATZI,18,CONTLA DE JUAN CUAMATZI,273,3,307,484,35,,14,97,33,118,27,230,,,,,1,1346,58,1404,1937
4,29,TLAXCALA,8,CONTLA DE JUAN CUAMATZI,18,CONTLA DE JUAN CUAMATZI,274,2,226,314,20,,18,94,10,82,16,108,,,,,0,888,45,933,1182
4,29,TLAXCALA,8,CONTLA DE JUAN CUAMATZI,18,CONTLA DE JUAN CUAMATZI,275,3,262,265,36,,49,74,34,101,25,196,,,,,0,1042,80,1122,1645
4,29,TLAXCALA,8,CONTLA DE JUAN CUAMATZI,18,CONTLA DE JUAN CUAMATZI,276,3,290,298,50,,68,78,39,144,26,224,,,,,0,1217,82,1299,1772
4,29,TLAXCALA,8,CONTLA DE JUAN CUAMATZI,18,CONTLA DE JUAN CUAMATZI,277,1,82,87,12,,1,28,4,25,3,91,,,,,2,335,25,360,449
4,29,TLAXCALA,8,CONTLA DE JUAN CUAMATZI,18,CONTLA DE JUAN CUAMATZI,278,1,68,98,17,,5,12,4,53,9,31,,,,,0,297,22,319,558
4,29,TLAXCALA,8,CONTLA DE JUAN CUAMATZI,18,CONTLA DE JUAN CUAMATZI,279,3,173,292,44,,19,77,13,147,29,281,,,,,0,1075,51,1126,1635
4,29,TLAXCALA,8,CONTLA DE JUAN CUAMATZI,18,CONTLA DE JUAN CUAMATZI,280,1,98,68,8,,7,11,2,32,7,45,,,,,0,278,14,292,481
4,29,TLAXCALA,8,CONTLA DE JUAN CUAMATZI,18,CONTLA DE JUAN CUAMATZI,281,3,290,291,45,,22,131,35,166,30,218,,,,,1,1229,69,1298,1921
4,29,TLAXCALA,8,CONTLA DE JUAN CUAMATZI,18,CONTLA DE JUAN CUAMATZI,282,1,80,61,10,,1,27,3,30,16,41,,,,,0,269,6,275,414
4,29,TLAXCALA,8,CONTLA DE JUAN CUAMATZI,18,CONTLA DE JUAN CUAMATZI,283,2,196,287,29,,20,48,26,99,27,146,,,,,1,879,50,929,1432
4,29,TLAXCALA,8,CONTLA DE JUAN CUAMATZI,26,SANTA CRUZ TLAXCALA,365,3,272,114,37,,51,36,51,105,16,261,,,,,4,947,68,1015,1788
4,29,TLAXCALA,8,CONTLA DE JUAN CUAMATZI,26,SANTA CRUZ TLAXCALA,366,3,445,264,119,,37,43,53,91,33,310,,,,,3,1398,86,1484,2040
4,29,TLAXCALA,8,CONTLA DE JUAN CUAMATZI,26,SANTA CRUZ TLAXCALA,367,3,459,218,22,,99,44,13,178,30,251,,,,,0,1314,79,1393,1963
4,29,TLAXCALA,8,CONTLA DE JUAN CUAMATZI,26,SANTA CRUZ TLAXCALA,368,3,350,282,40,,75,41,11,144,23,235,,,,,0,1201,49,1250,1754
4,29,TLAXCALA,8,CONTLA DE JUAN CUAMATZI,26,SANTA CRUZ TLAXCALA,369,3,434,241,47,,56,83,12,89,25,300,,,,,3,1290,82,1372,2057
4,29,TLAXCALA,8,CONTLA DE JUAN CUAMATZI,26,SANTA CRUZ TLAXCALA,370,2,315,154,28,,10,20,3,30,13,131,,,,,0,704,29,733,919
4,29,TLAXCALA,8,CONTLA DE JUAN CUAMATZI,26,SANTA CRUZ TLAXCALA,371,4,404,274,105,,14,68,9,87,23,608,,,,,0,1592,113,1705,2474
4,29,TLAXCALA,9,CHIAUTEMPAN,10,CHIAUTEMPAN,122,3,258,113,154,,46,123,46,126,47,163,,,,,2,1078,100,1178,1620
4,29,TLAXCALA,9,CHIAUTEMPAN,10,CHIAUTEMPAN,123,3,190,145,110,,45,148,39,131,51,197,,,,,1,1057,69,1126,1674
4,29,TLAXCALA,9,CHIAUTEMPAN,10,CHIAUTEMPAN,124,3,194,174,133,,30,128,19,139,34,245,,,,,2,1098,63,1161,1905
4,29,TLAXCALA,9,CHIAUTEMPAN,10,CHIAUTEMPAN,125,3,191,136,126,,22,112,23,127,28,198,,,,,2,965,52,1017,1575
4,29,TLAXCALA,9,CHIAUTEMPAN,10,CHIAUTEMPAN,126,3,183,167,209,,44,200,60,154,35,216,,,,,0,1268,83,1351,2012
4,29,TLAXCALA,9,CHIAUTEMPAN,10,CHIAUTEMPAN,127,4,241,179,210,,56,235,37,215,36,268,,,,,1,1478,109,1587,2537
4,29,TLAXCALA,9,CHIAUTEMPAN,10,CHIAUTEMPAN,128,2,74,71,86,,19,84,12,77,15,150,,,,,0,588,26,614,1003
4,29,TLAXCALA,9,CHIAUTEMPAN,10,CHIAUTEMPAN,129,2,142,91,109,,30,97,20,84,33,111,,,,,3,720,50,770,1146
4,29,TLAXCALA,9,CHIAUTEMPAN,10,CHIAUTEMPAN,130,2,99,67,28,,30,95,7,58,26,95,,,,,0,505,33,538,782
4,29,TLAXCALA,9,CHIAUTEMPAN,10,CHIAUTEMPAN,131,2,142,108,91,,43,111,17,134,25,139,,,,,2,812,46,858,1225
4,29,TLAXCALA,9,CHIAUTEMPAN,10,CHIAUTEMPAN,132,2,158,140,136,,22,78,19,76,29,132,,,,,0,790,38,828,1238
4,29,TLAXCALA,9,CHIAUTEMPAN,10,CHIAUTEMPAN,133,2,99,99,111,,21,79,44,104,20,117,,,,,2,696,46,742,1064
4,29,TLAXCALA,9,CHIAUTEMPAN,10,CHIAUTEMPAN,134,2,82,101,63,,15,30,2,63,10,96,,,,,1,463,28,491,817
4,29,TLAXCALA,9,CHIAUTEMPAN,10,CHIAUTEMPAN,135,2,50,117,116,,14,35,6,49,25,117,,,,,1,530,41,571,956
4,29,TLAXCALA,9,CHIAUTEMPAN,10,CHIAUTEMPAN,136,1,52,59,24,,8,51,2,47,14,66,,,,,1,324,14,338,514
4,29,TLAXCALA,9,CHIAUTEMPAN,10,CHIAUTEMPAN,137,3,172,211,173,,58,172,27,209,35,212,,,,,3,1272,91,1363,2199
4,29,TLAXCALA,9,CHIAUTEMPAN,10,CHIAUTEMPAN,138,2,210,96,54,,37,154,12,95,34,129,,,,,2,823,49,872,1286
4,29,TLAXCALA,9,CHIAUTEMPAN,10,CHIAUTEMPAN,139,5,279,174,130,,41,311,34,226,59,259,,,,,1,1514,104,1618,2534
4,29,TLAXCALA,9,CHIAUTEMPAN,10,CHIAUTEMPAN,140,3,114,109,92,,24,156,14,136,25,182,,,,,2,854,72,926,1540
4,29,TLAXCALA,9,CHIAUTEMPAN,10,CHIAUTEMPAN,141,6,446,440,290,,129,292,56,291,51,558,,,,,6,2559,169,2728,4210
4,29,TLAXCALA,9,CHIAUTEMPAN,10,CHIAUTEMPAN,142,3,174,182,160,,51,154,16,161,50,176,,,,,0,1124,97,1221,1915
4,29,TLAXCALA,9,CHIAUTEMPAN,10,CHIAUTEMPAN,143,3,195,171,129,,29,168,13,142,30,177,,,,,1,1055,56,1111,1703
4,29,TLAXCALA,9,CHIAUTEMPAN,10,CHIAUTEMPAN,144,4,243,315,226,,76,180,31,246,66,410,,,,,2,1795,105,1900,2980
4,29,TLAXCALA,9,CHIAUTEMPAN,10,CHIAUTEMPAN,145,3,152,200,230,,45,121,16,106,24,213,,,,,2,1109,76,1185,1717
4,29,TLAXCALA,9,CHIAUTEMPAN,10,CHIAUTEMPAN,146,3,156,172,166,,49,102,9,117,13,203,,,,,0,987,46,1033,1648
4,29,TLAXCALA,9,CHIAUTEMPAN,10,CHIAUTEMPAN,147,2,100,149,114,,43,94,7,115,14,277,,,,,0,913,60,973,1500
4,29,TLAXCALA,9,CHIAUTEMPAN,10,CHIAUTEMPAN,148,2,60,108,131,,34,147,9,87,17,231,,,,,0,824,53,877,1394
4,29,TLAXCALA,9,CHIAUTEMPAN,10,CHIAUTEMPAN,149,4,296,255,130,,77,318,19,181,27,352,,,,,1,1656,88,1744,2718
4,29,TLAXCALA,9,CHIAUTEMPAN,10,CHIAUTEMPAN,156,2,137,101,176,,29,145,13,101,20,150,,,,,0,872,56,928,1401
4,29,TLAXCALA,9,CHIAUTEMPAN,10,CHIAUTEMPAN,157,2,134,45,123,,18,92,10,64,13,111,,,,,0,610,44,654,1036
4,29,TLAXCALA,9,CHIAUTEMPAN,52,LA MAGDALENA TLALTELULCO,150,2,88,95,290,,18,58,9,64,26,85,,,,,0,733,34,767,1211
4,29,TLAXCALA,9,CHIAUTEMPAN,52,LA MAGDALENA TLALTELULCO,151,7,333,396,1088,,91,442,48,229,143,396,,,,,0,3166,148,3314,4566
4,29,TLAXCALA,9,CHIAUTEMPAN,52,LA MAGDALENA TLALTELULCO,152,4,172,226,908,,74,252,22,69,66,248,,,,,0,2037,54,2091,2810
4,29,TLAXCALA,9,CHIAUTEMPAN,52,LA MAGDALENA TLALTELULCO,153,2,107,77,437,,46,100,11,72,34,166,,,,,0,1050,52,1102,1446
4,29,TLAXCALA,9,CHIAUTEMPAN,52,LA MAGDALENA TLALTELULCO,154,3,115,149,476,,37,106,6,75,26,126,,,,,0,1116,51,1167,1587
4,29,TLAXCALA,9,CHIAUTEMPAN,52,LA MAGDALENA TLALTELULCO,155,3,111,96,537,,47,74,8,72,47,218,,,,,0,1210,52,1262,1736
4,29,TLAXCALA,10,HUAMANTLA,13,HUAMANTLA,178,5,437,185,53,118,32,202,27,163,40,,506,,,,2,1765,91,1856,3409
4,29,TLAXCALA,10,HUAMANTLA,13,HUAMANTLA,179,5,362,130,85,48,33,156,36,188,40,,583,,,,0,1661,116,1777,3647
4,29,TLAXCALA,10,HUAMANTLA,13,HUAMANTLA,181,3,288,112,30,46,20,107,8,121,25,,379,,,,1,1137,78,1215,2087
4,29,TLAXCALA,10,HUAMANTLA,13,HUAMANTLA,182,2,179,68,20,30,13,44,12,74,16,,196,,,,1,653,21,674,1346
4,29,TLAXCALA,10,HUAMANTLA,13,HUAMANTLA,183,3,264,113,20,25,31,90,10,150,23,,280,,,,2,1008,60,1068,2012
4,29,TLAXCALA,10,HUAMANTLA,13,HUAMANTLA,184,2,183,51,15,38,9,82,26,62,8,,277,,,,0,751,40,791,1235
4,29,TLAXCALA,10,HUAMANTLA,13,HUAMANTLA,185,2,148,88,21,34,22,49,11,86,16,,217,,,,1,693,50,743,1335
4,29,TLAXCALA,10,HUAMANTLA,13,HUAMANTLA,186,2,158,57,7,30,16,62,13,91,13,,276,,,,1,724,40,764,1241
4,29,TLAXCALA,10,HUAMANTLA,13,HUAMANTLA,187,4,281,84,22,29,49,78,12,83,41,,312,,,,3,994,58,1052,1955
4,29,TLAXCALA,10,HUAMANTLA,13,HUAMANTLA,189,3,197,74,17,27,13,110,8,96,15,,241,,,,2,800,43,843,1551
4,29,TLAXCALA,10,HUAMANTLA,13,HUAMANTLA,190,2,136,50,13,17,8,23,15,60,8,,174,,,,0,504,39,543,973
4,29,TLAXCALA,10,HUAMANTLA,13,HUAMANTLA,191,2,148,33,14,49,6,68,9,73,9,,188,,,,0,597,45,642,1128
4,29,TLAXCALA,10,HUAMANTLA,13,HUAMANTLA,192,3,304,109,90,45,17,111,18,132,25,,256,,,,1,1108,77,1185,1895
4,29,TLAXCALA,10,HUAMANTLA,13,HUAMANTLA,193,2,81,71,8,45,4,41,7,77,1,,157,,,,0,492,32,524,807
4,29,TLAXCALA,10,HUAMANTLA,13,HUAMANTLA,194,4,374,149,85,80,19,111,21,158,25,,368,,,,0,1390,78,1468,2471
4,29,TLAXCALA,10,HUAMANTLA,13,HUAMANTLA,195,3,205,121,55,47,13,83,21,119,51,,240,,,,0,955,76,1031,1752
4,29,TLAXCALA,10,HUAMANTLA,13,HUAMANTLA,205,1,82,0,0,14,0,21,0,25,2,,77,,,,0,221,9,230,257
4,29,TLAXCALA,10,HUAMANTLA,13,HUAMANTLA,206,2,171,117,9,22,14,29,6,53,2,,342,,,,0,765,25,790,966
4,29,TLAXCALA,10,HUAMANTLA,13,HUAMANTLA,207,1,116,45,24,14,10,33,9,16,3,,232,,,,5,507,28,535,734
4,29,TLAXCALA,10,HUAMANTLA,13,HUAMANTLA,208,1,112,60,16,40,3,58,38,18,0,,183,,,,0,528,16,544,733
4,29,TLAXCALA,10,HUAMANTLA,13,HUAMANTLA,209,1,191,48,11,32,3,79,6,21,3,,199,,,,0,593,21,614,742
4,29,TLAXCALA,10,HUAMANTLA,13,HUAMANTLA,210,1,35,11,3,4,2,22,1,3,1,,72,,,,0,154,10,164,223
4,29,TLAXCALA,10,HUAMANTLA,13,HUAMANTLA,211,2,87,134,69,27,8,40,6,24,3,,221,,,,0,619,47,666,869
4,29,TLAXCALA,10,HUAMANTLA,13,HUAMANTLA,213,4,310,147,120,106,11,127,151,83,12,,602,,,,0,1669,110,1779,2656
4,29,TLAXCALA,10,HUAMANTLA,13,HUAMANTLA,214,3,220,139,53,62,12,61,86,56,5,,528,,,,0,1222,62,1284,1885
4,29,TLAXCALA,10,HUAMANTLA,13,HUAMANTLA,215,1,73,23,1,11,1,7,1,12,2,,85,,,,0,216,15,231,286
4,29,TLAXCALA,10,HUAMANTLA,13,HUAMANTLA,216,2,70,52,7,4,0,78,101,40,0,,164,,,,1,517,50,567,854
4,29,TLAXCALA,10,HUAMANTLA,13,HUAMANTLA,217,2,142,32,10,25,3,43,5,61,8,,161,,,,1,491,24,515,807
4,29,TLAXCALA,10,HUAMANTLA,13,HUAMANTLA,218,1,60,76,8,28,4,32,11,34,3,,136,,,,0,392,22,414,643
4,29,TLAXCALA,10,HUAMANTLA,13,HUAMANTLA,219,1,66,39,9,32,6,55,5,88,4,,126,,,,0,430,24,454,732
4,29,TLAXCALA,10,HUAMANTLA,16,IXTENCO,259,2,97,94,61,188,14,64,65,130,48,,229,,,,0,990,79,1069,1393
4,29,TLAXCALA,10,HUAMANTLA,16,IXTENCO,260,2,82,96,68,152,16,41,48,104,28,,187,,,,2,824,59,883,1172
4,29,TLAXCALA,10,HUAMANTLA,16,IXTENCO,261,2,89,145,75,148,16,71,66,143,51,,171,,,,0,975,64,1039,1461
4,29,TLAXCALA,10,HUAMANTLA,16,IXTENCO,262,2,82,117,50,83,16,34,34,83,41,,133,,,,0,673,61,734,1035
4,29,TLAXCALA,10,HUAMANTLA,37,ZITLALTEPEC DE TRINIDAD SANCHEZ SANTOS,520,2,337,41,22,68,3,68,12,196,12,,181,,,,0,940,49,989,1429
4,29,TLAXCALA,10,HUAMANTLA,37,ZITLALTEPEC DE TRINIDAD SANCHEZ SANTOS,521,2,247,68,12,49,3,48,9,118,17,,83,,,,0,654,37,691,992
4,29,TLAXCALA,10,HUAMANTLA,37,ZITLALTEPEC DE TRINIDAD SANCHEZ SANTOS,522,2,265,55,20,60,4,52,4,154,27,,157,,,,0,798,42,840,1237
4,29,TLAXCALA,10,HUAMANTLA,37,ZITLALTEPEC DE TRINIDAD SANCHEZ SANTOS,523,2,203,51,10,46,3,43,17,216,23,,169,,,,0,781,42,823,1230
4,29,TLAXCALA,10,HUAMANTLA,37,ZITLALTEPEC DE TRINIDAD SANCHEZ SANTOS,524,1,118,40,0,55,11,14,5,67,12,,82,,,,0,404,31,435,540
4,29,TLAXCALA,10,HUAMANTLA,37,ZITLALTEPEC DE TRINIDAD SANCHEZ SANTOS,525,2,113,29,57,87,4,59,15,46,51,,130,,,,0,591,72,663,889
4,29,TLAXCALA,10,HUAMANTLA,37,ZITLALTEPEC DE TRINIDAD SANCHEZ SANTOS,526,1,24,7,4,1,5,5,1,12,2,,27,,,,0,88,4,92,167
4,29,TLAXCALA,11,HUAMANTLA,5,ATLTZAYANCA,59,2,93,56,130,21,11,72,90,26,4,,188,,,,0,691,38,729,963
4,29,TLAXCALA,11,HUAMANTLA,5,ATLTZAYANCA,60,1,61,54,102,18,1,41,54,17,4,,102,,,,0,454,37,491,663
4,29,TLAXCALA,11,HUAMANTLA,5,ATLTZAYANCA,61,2,42,57,44,42,5,33,12,48,4,,90,,,,0,377,31,408,540
4,29,TLAXCALA,11,HUAMANTLA,5,ATLTZAYANCA,62,1,40,35,15,36,5,3,16,3,0,,91,,,,0,244,18,262,313
4,29,TLAXCALA,11,HUAMANTLA,5,ATLTZAYANCA,63,1,33,45,39,11,4,14,27,5,1,,72,,,,0,251,10,261,323
4,29,TLAXCALA,11,HUAMANTLA,5,ATLTZAYANCA,64,1,28,42,6,5,7,9,4,23,0,,37,,,,0,161,11,172,212
4,29,TLAXCALA,11,HUAMANTLA,5,ATLTZAYANCA,65,1,22,11,78,9,3,7,3,5,0,,47,,,,0,185,5,190,212
4,29,TLAXCALA,11,HUAMANTLA,5,ATLTZAYANCA,66,1,87,35,33,28,1,75,11,3,2,,80,,,,0,355,30,385,509
4,29,TLAXCALA,11,HUAMANTLA,5,ATLTZAYANCA,67,1,20,16,9,2,1,52,9,6,1,,48,,,,0,164,8,172,204
4,29,TLAXCALA,11,HUAMANTLA,5,ATLTZAYANCA,68,3,191,165,118,39,6,65,27,66,20,,538,,,,1,1236,92,1328,1821
4,29,TLAXCALA,11,HUAMANTLA,5,ATLTZAYANCA,69,2,102,124,57,11,13,43,20,58,2,,142,,,,0,572,32,604,798
4,29,TLAXCALA,11,HUAMANTLA,5,ATLTZAYANCA,70,1,60,32,13,12,3,88,30,14,3,,122,,,,0,377,24,401,518
4,29,TLAXCALA,11,HUAMANTLA,5,ATLTZAYANCA,71,2,72,136,46,50,30,40,12,10,0,,247,,,,0,643,49,692,878
4,29,TLAXCALA,11,HUAMANTLA,5,ATLTZAYANCA,72,1,96,141,19,20,0,16,1,12,1,,181,,,,0,487,28,515,623
4,29,TLAXCALA,11,HUAMANTLA,5,ATLTZAYANCA,73,1,11,27,36,4,3,13,3,14,4,,91,,,,0,206,17,223,252
4,29,TLAXCALA,11,HUAMANTLA,5,ATLTZAYANCA,74,2,232,136,26,23,4,97,8,17,2,,196,,,,0,741,42,783,954
4,29,TLAXCALA,11,HUAMANTLA,5,ATLTZAYANCA,75,1,31,56,36,16,3,34,3,13,1,,118,,,,0,311,4,315,396
4,29,TLAXCALA,11,HUAMANTLA,5,ATLTZAYANCA,76,1,36,21,7,12,2,13,0,1,0,,62,,,,0,154,8,162,199
4,29,TLAXCALA,11,HUAMANTLA,5,ATLTZAYANCA,77,2,155,82,187,31,8,115,111,34,10,,209,,,,0,942,53,995,1310
4,29,TLAXCALA,11,HUAMANTLA,7,EL CARMEN TEQUEXQUITLA,100,4,451,140,27,76,14,116,6,75,14,,652,,,,0,1571,130,1701,2657
4,29,TLAXCALA,11,HUAMANTLA,7,EL CARMEN TEQUEXQUITLA,101,3,306,152,14,33,19,107,5,64,4,,487,,,,0,1191,84,1275,1988
4,29,TLAXCALA,11,HUAMANTLA,7,EL CARMEN TEQUEXQUITLA,102,3,413,117,15,45,8,61,8,57,16,,503,,,,0,1243,96,1339,2103
4,29,TLAXCALA,11,HUAMANTLA,7,EL CARMEN TEQUEXQUITLA,103,2,201,73,10,26,3,69,2,23,0,,321,,,,0,728,70,798,1222
4,29,TLAXCALA,11,HUAMANTLA,7,EL CARMEN TEQUEXQUITLA,104,3,442,153,17,46,22,127,9,53,6,,470,,,,0,1345,95,1440,2229
4,29,TLAXCALA,11,HUAMANTLA,7,EL CARMEN TEQUEXQUITLA,105,1,89,11,8,18,2,41,26,7,0,,85,,,,0,287,41,328,399
4,29,TLAXCALA,11,HUAMANTLA,7,EL CARMEN TEQUEXQUITLA,106,1,47,35,7,0,7,1,3,0,0,,65,,,,0,165,10,175,214
4,29,TLAXCALA,11,HUAMANTLA,8,CUAPIAXTLA,107,5,527,104,201,378,17,53,10,154,15,,356,,,,30,1845,96,1941,2467
4,29,TLAXCALA,11,HUAMANTLA,8,CUAPIAXTLA,108,3,274,71,40,295,7,21,11,84,7,,299,,,,0,1109,59,1168,1596
4,29,TLAXCALA,11,HUAMANTLA,8,CUAPIAXTLA,109,3,295,96,137,258,10,40,4,106,8,,479,,,,0,1433,82,1515,2117
4,29,TLAXCALA,11,HUAMANTLA,8,CUAPIAXTLA,110,2,130,62,56,230,13,15,32,54,5,,354,,,,0,951,62,1013,1338
4,29,TLAXCALA,11,HUAMANTLA,8,CUAPIAXTLA,111,1,57,3,25,36,1,25,1,10,1,,32,,,,0,191,10,201,251
4,29,TLAXCALA,11,HUAMANTLA,8,CUAPIAXTLA,112,1,37,7,3,30,0,17,2,6,0,,22,,,,0,124,11,135,156
4,29,TLAXCALA,11,HUAMANTLA,8,CUAPIAXTLA,113,1,50,7,2,17,0,48,8,18,1,,54,,,,0,205,22,227,264
4,29,TLAXCALA,11,HUAMANTLA,8,CUAPIAXTLA,114,2,88,62,65,99,3,16,22,22,4,,220,,,,0,601,44,645,766
4,29,TLAXCALA,11,HUAMANTLA,8,CUAPIAXTLA,115,1,83,7,18,72,2,27,8,27,1,,64,,,,1,310,25,335,394
4,29,TLAXCALA,11,HUAMANTLA,8,CUAPIAXTLA,116,1,32,23,2,97,5,16,2,15,0,,121,,,,0,313,21,334,375
4,29,TLAXCALA,11,HUAMANTLA,13,HUAMANTLA,180,5,344,368,87,179,22,129,16,172,43,,362,,,,4,1726,153,1879,3070
4,29,TLAXCALA,11,HUAMANTLA,13,HUAMANTLA,188,5,403,152,68,108,40,193,25,143,70,,387,,,,2,1591,111,1702,3537
4,29,TLAXCALA,11,HUAMANTLA,13,HUAMANTLA,196,2,96,54,80,120,5,77,5,34,1,,206,,,,6,684,51,735,1034
4,29,TLAXCALA,11,HUAMANTLA,13,HUAMANTLA,197,1,22,16,4,1,0,78,2,3,1,,28,,,,0,155,8,163,203
4,29,TLAXCALA,11,HUAMANTLA,13,HUAMANTLA,198,1,79,44,7,8,4,61,5,15,4,,78,,,,0,305,20,325,513
4,29,TLAXCALA,11,HUAMANTLA,13,HUAMANTLA,199,1,124,63,8,90,1,11,16,36,2,,165,,,,0,516,32,548,655
4,29,TLAXCALA,11,HUAMANTLA,13,HUAMANTLA,200,2,150,101,78,203,7,46,6,42,6,,348,,,,0,987,48,1035,1361
4,29,TLAXCALA,11,HUAMANTLA,13,HUAMANTLA,201,5,294,412,71,91,7,244,15,105,46,,698,,,,0,1983,173,2156,3180
4,29,TLAXCALA,11,HUAMANTLA,13,HUAMANTLA,202,1,76,33,14,11,0,64,6,27,1,,108,,,,0,340,18,358,465
4,29,TLAXCALA,11,HUAMANTLA,13,HUAMANTLA,203,3,274,217,43,49,9,68,11,95,12,,507,,,,0,1285,72,1357,1891
4,29,TLAXCALA,11,HUAMANTLA,13,HUAMANTLA,204,3,224,221,29,42,5,69,16,79,6,,523,,,,0,1214,88,1302,2025
4,29,TLAXCALA,11,HUAMANTLA,13,HUAMANTLA,212,1,70,40,14,52,1,19,12,22,1,,92,,,,0,323,16,339,484
4,29,TLAXCALA,12,TEOLOCHOLCO,17,MAZATECOCHCO DE JOSE MARIA MORELOS,263,3,156,330,119,,137,23,15,175,60,428,,,,,1,1444,110,1554,2027
4,29,TLAXCALA,12,TEOLOCHOLCO,17,MAZATECOCHCO DE JOSE MARIA MORELOS,264,3,149,258,113,,132,21,21,153,65,474,,,,,0,1386,94,1480,1879
4,29,TLAXCALA,12,TEOLOCHOLCO,17,MAZATECOCHCO DE JOSE MARIA MORELOS,265,3,129,304,93,,179,12,22,202,60,369,,,,,1,1371,81,1452,1896
4,29,TLAXCALA,12,TEOLOCHOLCO,17,MAZATECOCHCO DE JOSE MARIA MORELOS,266,3,96,279,98,,105,12,19,108,63,275,,,,,0,1055,72,1127,1525
4,29,TLAXCALA,12,TEOLOCHOLCO,22,ACUAMANALA DE MIGUEL HIDALGO,309,2,191,211,10,,65,57,33,146,11,193,,,,,0,917,57,974,1221
4,29,TLAXCALA,12,TEOLOCHOLCO,22,ACUAMANALA DE MIGUEL HIDALGO,310,2,178,305,19,,73,51,42,149,10,257,,,,,1,1085,51,1136,1341
4,29,TLAXCALA,12,TEOLOCHOLCO,22,ACUAMANALA DE MIGUEL HIDALGO,311,2,237,264,10,,56,32,24,136,9,138,,,,,0,906,62,968,1132
4,29,TLAXCALA,12,TEOLOCHOLCO,22,ACUAMANALA DE MIGUEL HIDALGO,312,1,138,58,7,,28,64,10,75,16,77,,,,,0,473,0,473,634
4,29,TLAXCALA,12,TEOLOCHOLCO,28,TEOLOCHOLCO,378,3,180,282,47,,39,29,9,180,19,343,,,,,1,1129,80,1209,1594
4,29,TLAXCALA,12,TEOLOCHOLCO,28,TEOLOCHOLCO,379,4,178,287,51,,34,51,15,183,37,629,,,,,0,1465,83,1548,2206
4,29,TLAXCALA,12,TEOLOCHOLCO,28,TEOLOCHOLCO,380,5,363,557,123,,123,45,21,263,75,893,,,,,0,2463,120,2583,3712
4,29,TLAXCALA,12,TEOLOCHOLCO,28,TEOLOCHOLCO,381,3,82,304,51,,60,61,8,149,20,459,,,,,0,1194,107,1301,1905
4,29,TLAXCALA,12,TEOLOCHOLCO,28,TEOLOCHOLCO,382,2,120,196,72,,28,17,12,98,29,384,,,,,0,956,53,1009,1436
4,29,TLAXCALA,12,TEOLOCHOLCO,28,TEOLOCHOLCO,383,2,205,274,45,,20,20,5,167,11,385,,,,,1,1133,52,1185,1495
4,29,TLAXCALA,12,TEOLOCHOLCO,28,TEOLOCHOLCO,384,3,186,225,42,,33,18,4,146,17,443,,,,,1,1115,70,1185,1566
4,29,TLAXCALA,12,TEOLOCHOLCO,28,TEOLOCHOLCO,385,1,32,64,16,,11,7,4,16,2,126,,,,,0,278,12,290,338
4,29,TLAXCALA,12,TEOLOCHOLCO,28,TEOLOCHOLCO,386,3,105,868,17,,29,37,10,114,16,205,,,,,1,1402,72,1474,1948
4,29,TLAXCALA,12,TEOLOCHOLCO,41,PAPALOTLA DE XICOHTENCATL,558,3,317,383,16,,254,65,12,182,7,238,,,,,0,1474,73,1547,2200
4,29,TLAXCALA,12,TEOLOCHOLCO,41,PAPALOTLA DE XICOHTENCATL,559,3,235,254,15,,169,42,8,95,15,343,,,,,0,1176,54,1230,1768
4,29,TLAXCALA,12,TEOLOCHOLCO,41,PAPALOTLA DE XICOHTENCATL,560,4,248,393,13,,291,71,10,151,21,324,,,,,6,1528,86,1614,2502
4,29,TLAXCALA,12,TEOLOCHOLCO,41,PAPALOTLA DE XICOHTENCATL,561,4,296,486,6,,239,50,2,115,15,282,,,,,0,1491,66,1557,2282
4,29,TLAXCALA,12,TEOLOCHOLCO,41,PAPALOTLA DE XICOHTENCATL,562,3,189,304,12,,212,60,11,123,16,259,,,,,0,1186,68,1254,2032
4,29,TLAXCALA,12,TEOLOCHOLCO,41,PAPALOTLA DE XICOHTENCATL,563,3,75,357,32,,249,27,10,201,61,239,,,,,0,1251,108,1359,1954
4,29,TLAXCALA,12,TEOLOCHOLCO,41,PAPALOTLA DE XICOHTENCATL,564,3,180,217,11,,186,80,10,109,16,248,,,,,3,1060,55,1115,1879
4,29,TLAXCALA,12,TEOLOCHOLCO,41,PAPALOTLA DE XICOHTENCATL,565,2,155,132,7,,116,50,4,85,3,105,,,,,0,657,48,705,1117
4,29,TLAXCALA,12,TEOLOCHOLCO,41,PAPALOTLA DE XICOHTENCATL,566,2,101,227,6,,92,40,3,68,10,328,,,,,0,875,82,957,1315
4,29,TLAXCALA,12,TEOLOCHOLCO,41,PAPALOTLA DE XICOHTENCATL,567,2,122,171,7,,149,34,7,77,6,175,,,,,0,748,109,857,1293
4,29,TLAXCALA,12,TEOLOCHOLCO,41,PAPALOTLA DE XICOHTENCATL,568,2,99,160,6,,112,19,17,66,16,130,,,,,0,625,25,650,1179
4,29,TLAXCALA,12,TEOLOCHOLCO,41,PAPALOTLA DE XICOHTENCATL,569,2,71,116,2,,63,15,2,37,1,130,,,,,0,437,22,459,836
4,29,TLAXCALA,12,TEOLOCHOLCO,46,SANTA CRUZ QUILEHTLA,313,3,151,216,19,,239,69,9,85,58,260,,,,,0,1106,119,1225,1702
4,29,TLAXCALA,12,TEOLOCHOLCO,46,SANTA CRUZ QUILEHTLA,314,3,126,208,19,,173,59,8,62,49,217,,,,,0,921,91,1012,1501
4,29,TLAXCALA,12,TEOLOCHOLCO,46,SANTA CRUZ QUILEHTLA,315,2,83,366,183,,21,12,4,88,54,98,,,,,0,909,74,983,1330
4,29,TLAXCALA,12,TEOLOCHOLCO,49,SANTA ISABEL XILOXOXTLA,391,3,147,307,22,,92,124,16,67,18,410,,,,,1,1204,94,1298,1751
4,29,TLAXCALA,12,TEOLOCHOLCO,49,SANTA ISABEL XILOXOXTLA,392,2,116,271,12,,69,62,6,67,10,321,,,,,0,934,60,994,1347
4,29,TLAXCALA,12,TEOLOCHOLCO,51,SAN FRANCISCO TETLANOHCAN,158,5,338,683,79,,54,30,27,262,64,675,,,,,1,2213,107,2320,3115
4,29,TLAXCALA,12,TEOLOCHOLCO,51,SAN FRANCISCO TETLANOHCAN,159,4,316,547,29,,37,14,26,142,81,397,,,,,0,1589,77,1666,2291
4,29,TLAXCALA,12,TEOLOCHOLCO,51,SAN FRANCISCO TETLANOHCAN,160,4,398,605,36,,54,24,31,193,79,484,,,,,0,1904,100,2004,2628
4,29,TLAXCALA,13,ZACATELCO,29,TEPEYANCO,387,3,369,231,23,,60,82,13,129,94,195,,,,,1,1197,74,1271,1601
4,29,TLAXCALA,13,ZACATELCO,29,TEPEYANCO,388,2,316,106,35,,30,49,18,92,56,135,,,,,0,837,60,897,1248
4,29,TLAXCALA,13,ZACATELCO,29,TEPEYANCO,389,1,77,47,2,,9,19,4,31,34,46,,,,,0,269,16,285,434
4,29,TLAXCALA,13,ZACATELCO,29,TEPEYANCO,390,2,134,128,14,,20,74,7,71,27,83,,,,,1,559,47,606,876
4,29,TLAXCALA,13,ZACATELCO,29,TEPEYANCO,393,2,129,119,14,,24,99,5,62,32,62,,,,,0,546,49,595,801
4,29,TLAXCALA,13,ZACATELCO,29,TEPEYANCO,394,3,335,211,56,,42,215,32,196,108,205,,,,,0,1400,99,1499,1811
4,29,TLAXCALA,13,ZACATELCO,29,TEPEYANCO,397,3,181,505,16,,61,113,14,165,78,122,,,,,0,1255,66,1321,1666
4,29,TLAXCALA,13,ZACATELCO,42,SANTO TORIBIO XICOHTZINCO,570,4,275,338,47,,195,107,141,335,70,122,,,,,1,1631,108,1739,2494
4,29,TLAXCALA,13,ZACATELCO,42,SANTO TORIBIO XICOHTZINCO,571,3,160,214,36,,160,69,93,226,59,66,,,,,6,1089,79,1168,1595
4,29,TLAXCALA,13,ZACATELCO,42,SANTO TORIBIO XICOHTZINCO,572,3,186,280,44,,124,90,57,156,72,89,,,,,1,1099,77,1176,1651
4,29,TLAXCALA,13,ZACATELCO,42,SANTO TORIBIO XICOHTZINCO,573,3,199,285,59,,142,68,70,180,55,81,,,,,0,1139,80,1219,1822
4,29,TLAXCALA,13,ZACATELCO,42,SANTO TORIBIO XICOHTZINCO,574,4,299,315,68,,212,92,106,296,94,106,,,,,5,1593,109,1702,2621
4,29,TLAXCALA,13,ZACATELCO,44,ZACATELCO,588,2,144,190,17,,15,84,29,116,56,80,,,,,0,731,44,775,1177
4,29,TLAXCALA,13,ZACATELCO,44,ZACATELCO,589,3,167,262,45,,47,169,33,213,184,124,,,,,2,1246,58,1304,1918
4,29,TLAXCALA,13,ZACATELCO,44,ZACATELCO,590,5,265,350,84,,81,210,71,306,276,171,,,,,1,1815,70,1885,3147
4,29,TLAXCALA,13,ZACATELCO,44,ZACATELCO,591,5,204,289,56,,53,236,56,273,161,144,,,,,1,1473,86,1559,2478
4,29,TLAXCALA,13,ZACATELCO,44,ZACATELCO,592,5,292,452,110,,86,340,76,271,138,220,,,,,2,1987,65,2052,3321
4,29,TLAXCALA,13,ZACATELCO,44,ZACATELCO,593,4,218,343,80,,61,165,51,276,105,121,,,,,1,1421,71,1492,2369
4,29,TLAXCALA,13,ZACATELCO,44,ZACATELCO,594,3,161,209,47,,60,220,56,209,113,96,,,,,0,1171,68,1239,1918
4,29,TLAXCALA,13,ZACATELCO,44,ZACATELCO,595,3,127,266,40,,84,260,81,137,125,101,,,,,1,1222,60,1282,2092
4,29,TLAXCALA,13,ZACATELCO,44,ZACATELCO,596,2,129,191,40,,24,162,23,123,54,43,,,,,1,790,42,832,1194
4,29,TLAXCALA,13,ZACATELCO,44,ZACATELCO,597,3,140,262,73,,48,243,32,179,80,71,,,,,0,1128,40,1168,1673
4,29,TLAXCALA,13,ZACATELCO,44,ZACATELCO,598,3,222,220,36,,63,245,41,233,78,79,,,,,0,1217,67,1284,1991
4,29,TLAXCALA,13,ZACATELCO,44,ZACATELCO,599,4,277,232,43,,41,233,43,257,159,143,,,,,1,1429,77,1506,2456
4,29,TLAXCALA,13,ZACATELCO,44,ZACATELCO,600,4,221,256,37,,90,455,110,378,158,184,,,,,1,1890,64,1954,2963
4,29,TLAXCALA,13,ZACATELCO,44,ZACATELCO,601,4,170,181,21,,32,178,81,727,124,136,,,,,1,1651,54,1705,2476
4,29,TLAXCALA,13,ZACATELCO,48,SANTA CATARINA AYOMETLA,602,3,351,313,25,,39,190,11,132,98,92,,,,,2,1253,53,1306,1766
4,29,TLAXCALA,13,ZACATELCO,48,SANTA CATARINA AYOMETLA,603,2,363,182,65,,28,58,8,61,93,50,,,,,0,908,25,933,1270
4,29,TLAXCALA,13,ZACATELCO,48,SANTA CATARINA AYOMETLA,604,4,612,449,67,,55,236,18,115,179,149,,,,,1,1881,76,1957,2565
4,29,TLAXCALA,13,ZACATELCO,48,SANTA CATARINA AYOMETLA,605,2,173,201,30,,23,107,9,84,36,95,,,,,0,758,22,780,1094
4,29,TLAXCALA,13,ZACATELCO,59,SAN LORENZO AXOCOMANITLA,586,3,406,377,32,,115,85,12,107,74,209,,,,,0,1417,58,1475,1831
4,29,TLAXCALA,13,ZACATELCO,59,SAN LORENZO AXOCOMANITLA,587,3,297,363,13,,137,95,10,160,126,198,,,,,2,1401,68,1469,1810
4,29,TLAXCALA,14,NATIVITAS,19,TEPETITLA DE LARDIZABAL,284,2,212,164,13,,0,50,141,78,18,214,,,,,0,890,41,931,1369
4,29,TLAXCALA,14,NATIVITAS,19,TEPETITLA DE LARDIZABAL,285,2,205,170,21,,0,17,154,76,18,162,,,,,0,823,56,879,1310
4,29,TLAXCALA,14,NATIVITAS,19,TEPETITLA DE LARDIZABAL,286,3,272,265,40,,0,81,185,142,33,354,,,,,0,1372,52,1424,2058
4,29,TLAXCALA,14,NATIVITAS,19,TEPETITLA DE LARDIZABAL,287,3,229,187,30,,0,80,118,112,20,309,,,,,0,1085,73,1158,1777
4,29,TLAXCALA,14,NATIVITAS,19,TEPETITLA DE LARDIZABAL,288,4,236,201,97,,0,90,104,275,117,366,,,,,0,1486,85,1571,2665
4,29,TLAXCALA,14,NATIVITAS,19,TEPETITLA DE LARDIZABAL,289,3,149,128,55,,0,64,56,171,100,266,,,,,0,989,80,1069,1526
4,29,TLAXCALA,14,NATIVITAS,19,TEPETITLA DE LARDIZABAL,290,4,363,403,74,,0,96,126,293,74,345,,,,,1,1775,95,1870,2525
4,29,TLAXCALA,14,NATIVITAS,19,TEPETITLA DE LARDIZABAL,291,1,80,108,10,,0,11,53,53,10,104,,,,,0,429,31,460,545
4,29,TLAXCALA,14,NATIVITAS,23,NATIVITAS,318,3,14,73,60,,0,91,182,39,5,98,,,,,0,562,17,579,843
4,29,TLAXCALA,14,NATIVITAS,23,NATIVITAS,319,4,109,271,136,,0,248,268,94,19,392,,,,,3,1540,66,1606,2539
4,29,TLAXCALA,14,NATIVITAS,23,NATIVITAS,320,1,25,91,21,,0,62,49,41,1,116,,,,,0,406,11,417,554
4,29,TLAXCALA,14,NATIVITAS,23,NATIVITAS,321,1,53,93,23,,0,73,49,29,3,96,,,,,0,419,23,442,707
4,29,TLAXCALA,14,NATIVITAS,23,NATIVITAS,322,2,26,182,49,,0,84,138,47,10,189,,,,,12,737,19,756,1058
4,29,TLAXCALA,14,NATIVITAS,23,NATIVITAS,323,3,54,112,28,,0,118,62,102,13,227,,,,,1,717,72,789,1669
4,29,TLAXCALA,14,NATIVITAS,23,NATIVITAS,324,1,57,40,16,,0,52,52,36,0,147,,,,,0,400,34,434,629
4,29,TLAXCALA,14,NATIVITAS,23,NATIVITAS,325,2,60,61,6,,0,40,44,36,3,110,,,,,0,360,39,399,1316
4,29,TLAXCALA,14,NATIVITAS,23,NATIVITAS,326,3,97,297,40,,0,113,183,146,17,414,,,,,0,1307,87,1394,2077
4,29,TLAXCALA,14,NATIVITAS,23,NATIVITAS,327,3,141,199,43,,0,141,140,56,6,347,,,,,0,1073,44,1117,1654
4,29,TLAXCALA,14,NATIVITAS,23,NATIVITAS,328,2,24,54,62,,0,131,45,36,6,170,,,,,0,528,21,549,819
4,29,TLAXCALA,14,NATIVITAS,23,NATIVITAS,329,2,89,168,60,,0,96,102,79,21,349,,,,,0,964,52,1016,1437
4,29,TLAXCALA,14,NATIVITAS,23,NATIVITAS,330,2,57,151,55,,0,62,133,54,19,224,,,,,0,755,49,804,1115
4,29,TLAXCALA,14,NATIVITAS,23,NATIVITAS,331,2,42,86,29,,0,119,114,53,9,229,,,,,1,682,48,730,1111
4,29,TLAXCALA,14,NATIVITAS,32,TETLATLAHUCA,424,2,98,266,23,,0,82,133,66,32,322,,,,,0,1022,56,1078,1380
4,29,TLAXCALA,14,NATIVITAS,32,TETLATLAHUCA,425,2,160,154,31,,0,47,82,59,37,483,,,,,0,1053,43,1096,1442
4,29,TLAXCALA,14,NATIVITAS,32,TETLATLAHUCA,426,2,124,144,31,,0,40,73,66,38,476,,,,,0,992,40,1032,1403
4,29,TLAXCALA,14,NATIVITAS,32,TETLATLAHUCA,427,3,185,158,93,,0,99,171,158,38,258,,,,,0,1160,89,1249,1822
4,29,TLAXCALA,14,NATIVITAS,32,TETLATLAHUCA,428,2,162,112,63,,0,57,178,123,28,232,,,,,0,955,90,1045,1466
4,29,TLAXCALA,14,NATIVITAS,32,TETLATLAHUCA,431,2,91,223,40,,0,121,38,62,33,197,,,,,0,805,59,864,1077
4,29,TLAXCALA,14,NATIVITAS,32,TETLATLAHUCA,434,1,19,233,12,,0,38,42,37,8,28,,,,,0,417,20,437,557
4,29,TLAXCALA,14,NATIVITAS,58,SANTA ANA NOPALUCAN,254,4,306,139,31,,0,491,446,173,15,341,,,,,1,1943,88,2031,2632
4,29,TLAXCALA,14,NATIVITAS,58,SANTA ANA NOPALUCAN,255,4,256,118,24,,0,704,354,117,13,337,,,,,0,1923,105,2028,2601
4,29,TLAXCALA,14,NATIVITAS,45,SANTA APOLONIA TEACALCO,316,3,129,329,58,,0,55,342,70,17,305,,,,,1,1306,59,1365,1685
4,29,TLAXCALA,14,NATIVITAS,45,SANTA APOLONIA TEACALCO,317,3,106,374,62,,0,79,512,75,22,274,,,,,0,1504,34,1538,1853
4,29,TLAXCALA,14,NATIVITAS,47,SAN JUAN HUACTZINCO,395,4,642,250,99,,0,87,213,172,56,367,,,,,2,1888,120,2008,2781
4,29,TLAXCALA,14,NATIVITAS,47,SAN JUAN HUACTZINCO,396,4,605,211,68,,1,141,123,166,39,286,,,,,0,1640,94,1734,2345
4,29,TLAXCALA,14,NATIVITAS,53,SAN DAMIAN TEXOLOC,429,3,153,381,49,,0,164,138,213,25,292,,,,,1,1416,113,1529,1979
4,29,TLAXCALA,14,NATIVITAS,53,SAN DAMIAN TEXOLOC,430,3,154,477,65,,0,202,122,198,26,348,,,,,0,1592,127,1719,2200
4,29,TLAXCALA,14,NATIVITAS,56,SAN JERONIMO ZACUALPAN,432,2,96,223,19,,0,24,113,87,11,391,,,,,0,964,58,1022,1272
4,29,TLAXCALA,14,NATIVITAS,56,SAN JERONIMO ZACUALPAN,433,3,123,280,25,,0,34,154,118,14,471,,,,,2,1221,67,1288,1634
4,29,TLAXCALA,15,SAN PABLO DEL MONTE,25,SAN PABLO DEL MONTE,348,5,484,469,124,22,104,126,9,173,21,,628,,,,4,2164,83,2247,3169
4,29,TLAXCALA,15,SAN PABLO DEL MONTE,25,SAN PABLO DEL MONTE,349,5,444,532,164,28,122,106,10,184,31,,667,,,,1,2289,98,2387,3221
4,29,TLAXCALA,15,SAN PABLO DEL MONTE,25,SAN PABLO DEL MONTE,350,6,750,668,351,51,50,44,8,161,22,,679,,,,31,2815,118,2933,4239
4,29,TLAXCALA,15,SAN PABLO DEL MONTE,25,SAN PABLO DEL MONTE,351,5,813,608,108,101,14,59,114,157,8,,440,,,,3,2425,86,2511,3462
4,29,TLAXCALA,15,SAN PABLO DEL MONTE,25,SAN PABLO DEL MONTE,352,4,527,395,100,100,13,35,78,109,6,,443,,,,0,1806,78,1884,2554
4,29,TLAXCALA,15,SAN PABLO DEL MONTE,25,SAN PABLO DEL MONTE,353,5,676,532,84,39,57,60,9,122,6,,427,,,,1,2013,91,2104,3073
4,29,TLAXCALA,15,SAN PABLO DEL MONTE,25,SAN PABLO DEL MONTE,354,5,682,492,154,35,51,98,23,131,20,,488,,,,1,2175,86,2261,3146
4,29,TLAXCALA,15,SAN PABLO DEL MONTE,25,SAN PABLO DEL MONTE,355,4,450,537,114,21,23,38,16,166,14,,407,,,,0,1786,63,1849,2613
4,29,TLAXCALA,15,SAN PABLO DEL MONTE,25,SAN PABLO DEL MONTE,356,5,366,539,298,106,80,162,9,176,22,,419,,,,0,2177,113,2290,3384
4,29,TLAXCALA,15,SAN PABLO DEL MONTE,25,SAN PABLO DEL MONTE,357,5,313,466,181,12,28,83,21,236,11,,388,,,,0,1739,62,1801,2670
4,29,TLAXCALA,15,SAN PABLO DEL MONTE,25,SAN PABLO DEL MONTE,358,5,483,471,195,7,53,77,10,172,15,,473,,,,0,1956,69,2025,3060
4,29,TLAXCALA,15,SAN PABLO DEL MONTE,25,SAN PABLO DEL MONTE,359,3,319,233,178,19,27,28,7,149,16,,441,,,,0,1417,59,1476,2181
4,29,TLAXCALA,15,SAN PABLO DEL MONTE,25,SAN PABLO DEL MONTE,360,3,309,258,204,34,64,37,6,140,14,,265,,,,3,1334,65,1399,2084
4,29,TLAXCALA,15,SAN PABLO DEL MONTE,25,SAN PABLO DEL MONTE,361,4,987,277,79,47,58,40,14,109,11,,175,,,,0,1797,90,1887,2723
4,29,TLAXCALA,15,SAN PABLO DEL MONTE,25,SAN PABLO DEL MONTE,362,5,1001,425,103,30,101,37,10,100,21,,320,,,,0,2148,112,2260,3479
4,29,TLAXCALA,15,SAN PABLO DEL MONTE,25,SAN PABLO DEL MONTE,363,6,428,649,20,51,234,39,5,161,18,,763,,,,0,2368,175,2543,3778
4,29,TLAXCALA,15,SAN PABLO DEL MONTE,25,SAN PABLO DEL MONTE,364,4,284,343,23,24,104,51,4,114,7,,496,,,,0,1450,76,1526,2375
4,29,TLAXCALA,15,SAN PABLO DEL MONTE,27,TENANCINGO,372,2,192,138,11,21,52,63,3,52,6,,227,,,,0,765,37,802,1277
4,29,TLAXCALA,15,SAN PABLO DEL MONTE,27,TENANCINGO,373,2,152,89,7,13,102,32,3,35,4,,271,,,,0,708,35,743,1147
4,29,TLAXCALA,15,SAN PABLO DEL MONTE,27,TENANCINGO,374,2,153,68,6,2,26,59,1,61,2,,127,,,,0,505,17,522,911
4,29,TLAXCALA,15,SAN PABLO DEL MONTE,27,TENANCINGO,375,3,242,154,12,10,87,130,5,174,12,,226,,,,0,1052,44,1096,1960
4,29,TLAXCALA,15,SAN PABLO DEL MONTE,27,TENANCINGO,376,2,129,107,19,5,85,83,5,154,1,,274,,,,0,862,20,882,1430
4,29,TLAXCALA,15,SAN PABLO DEL MONTE,27,TENANCINGO,377,3,282,132,12,4,64,101,5,152,10,,233,,,,0,995,51,1046,1806
