﻿ID_ESTADO,NOMBRE_ESTADO,ID_MUNICIPIO,MUNICIPIO,SECCIONES,CASILLAS,PAN,PRI,PRD,PVEM,PT,MC,NA,MORENA,ES,PAN_MC,PT_MORENA_ES,PT_MORENA,PT_ES,MORENA_ES,CAND_IND25,CAND_IND26,CAND_IND27,NUM_VOTOS_VALIDOS,NUM_VOTOS_CAN_NREG,NUM_VOTOS_NULOS,TOTAL_VOTOS,LISTA_NOMINAL,RUTA_ACTA
8,CHIHUAHUA,1,AHUMADA,15,23,276,746,1979,1580,45,802,,190,103,53,9,2,1,11,,,,5797,86,431,6314,9268,http://www.ieechihuahua.org.mx/public/sistema/archivos/repositorio_actas/ACMS2018_001.pdf
8,CHIHUAHUA,2,ALDAMA,20,37,1908,1355,1737,147,240,106,3202,1507,207,13,36,18,0,12,,,,10488,8,568,11064,19842,http://www.ieechihuahua.org.mx/public/sistema/archivos/repositorio_actas/ACMS2018_002.pdf
8,CHIHUAHUA,3,ALLENDE,15,18,1657,1860,,,94,151,244,618,86,60,17,8,0,14,,,,4809,0,218,5027,7259,http://www.ieechihuahua.org.mx/public/sistema/archivos/repositorio_actas/ACMS2018_003.pdf
8,CHIHUAHUA,4,AQUILES SERDAN,3,19,1461,2389,323,158,85,102,237,883,131,6,24,8,0,14,,,,5821,19,241,6081,11922,http://www.ieechihuahua.org.mx/public/sistema/archivos/repositorio_actas/ACMS2018_004.pdf
8,CHIHUAHUA,5,ASCENSION,21,34,3395,2565,198,,156,202,,1725,61,86,30,23,3,17,,,,8461,1,463,8925,17920,http://www.ieechihuahua.org.mx/public/sistema/archivos/repositorio_actas/ACMS2018_005.pdf
8,CHIHUAHUA,6,BACHINIVA,18,18,999,,156,,183,495,,1293,105,,22,13,0,14,,,,3280,1,318,3599,5601,http://www.ieechihuahua.org.mx/public/sistema/archivos/repositorio_actas/ACMS2018_006.pdf
8,CHIHUAHUA,7,BALLEZA,14,24,1067,4744,,,81,90,,2055,55,20,23,11,4,18,,,,8168,0,578,8746,13068,http://www.ieechihuahua.org.mx/public/sistema/archivos/repositorio_actas/ACMS2018_007.pdf
8,CHIHUAHUA,8,BATOPILAS,11,17,1253,1713,101,,,94,,,,34,,,,,,,,3195,0,526,3721,8191,http://www.ieechihuahua.org.mx/public/sistema/archivos/repositorio_actas/ACMS2018_008.pdf
8,CHIHUAHUA,9,BOCOYNA,22,42,2218,3219,102,,184,3439,,3218,124,,22,20,7,27,,,,12580,6,904,13490,20625,http://www.ieechihuahua.org.mx/public/sistema/archivos/repositorio_actas/ACMS2018_009.pdf
8,CHIHUAHUA,10,BUENAVENTURA,26,38,3435,4168,,,285,235,,1884,111,52,36,24,3,19,,,,10252,0,520,10772,18426,http://www.ieechihuahua.org.mx/public/sistema/archivos/repositorio_actas/ACMS2018_010.pdf
8,CHIHUAHUA,11,CAMARGO,40,72,11580,5137,,,611,388,,2857,306,120,54,44,6,18,,,,21121,4,685,21810,37986,http://www.ieechihuahua.org.mx/public/sistema/archivos/repositorio_actas/ACMS2018_011.pdf
8,CHIHUAHUA,12,CARICHI,16,18,2259,2023,,,,108,,,,129,,,,,,,,4519,4,279,4802,7242,http://www.ieechihuahua.org.mx/public/sistema/archivos/repositorio_actas/ACMS2018_012.pdf
8,CHIHUAHUA,13,CASAS GRANDES,13,22,1579,591,1810,,180,301,,918,158,,14,8,5,6,,,,5570,10,378,5958,10251,http://www.ieechihuahua.org.mx/public/sistema/archivos/repositorio_actas/ACMS2018_013.pdf
8,CHIHUAHUA,14,CORONADO,7,8,537,535,,,448,12,,9,1,10,5,9,1,0,,,,1567,0,28,1595,1906,http://www.ieechihuahua.org.mx/public/sistema/archivos/repositorio_actas/ACMS2018_014.pdf
8,CHIHUAHUA,15,COYAME DEL SOTOL,3,4,837,800,,,1,0,,28,0,4,0,1,0,3,,,,1674,0,45,1719,2275,http://www.ieechihuahua.org.mx/public/sistema/archivos/repositorio_actas/ACMS2018_015.pdf
8,CHIHUAHUA,16,LA CRUZ,5,8,591,589,13,,26,10,1032,48,,4,,,,,,,,2313,0,93,2406,3458,http://www.ieechihuahua.org.mx/public/sistema/archivos/repositorio_actas/ACMS2018_016.pdf
8,CHIHUAHUA,17,CUAUHTEMOC,111,229,17374,8935,905,2240,2250,1763,,22292,1932,126,546,238,49,214,,,,58864,53,3031,61948,127190,http://www.ieechihuahua.org.mx/public/sistema/archivos/repositorio_actas/ACMS2018_017.pdf
8,CHIHUAHUA,18,CUSIHUIRIACHI,13,14,1007,1349,,,355,28,,144,11,18,9,17,4,1,,,,2943,0,165,3108,5302,http://www.ieechihuahua.org.mx/public/sistema/archivos/repositorio_actas/ACMS2018_018.pdf
8,CHIHUAHUA,19,CHIHUAHUA,647,1243,165678,57744,6279,18630,11889,11098,,92660,12725,1353,2134,880,116,697,,,,381883,274,14628,396785,679181,http://www.ieechihuahua.org.mx/public/sistema/archivos/repositorio_actas/ACMS2018_019.pdf
8,CHIHUAHUA,20,CHINIPAS,8,16,291,1573,54,,266,39,,796,16,6,42,35,2,10,,,,3130,0,200,3330,5049,http://www.ieechihuahua.org.mx/public/sistema/archivos/repositorio_actas/ACMS2018_020.pdf
8,CHIHUAHUA,21,DELICIAS,109,206,19343,11758,1311,1489,2803,1047,3456,16847,1630,169,424,275,23,76,,,,60651,66,2499,63216,112975,http://www.ieechihuahua.org.mx/public/sistema/archivos/repositorio_actas/ACMS2018_021.pdf
8,CHIHUAHUA,22,DR. BELISARIO DOMINGUEZ,8,8,742,775,,,13,11,,96,9,8,1,0,1,1,,,,1657,0,81,1738,3021,http://www.ieechihuahua.org.mx/public/sistema/archivos/repositorio_actas/ACMS2018_022.pdf
8,CHIHUAHUA,23,GALEANA,3,8,1157,629,,26,137,30,,605,18,35,3,9,0,2,,,,2651,1,109,2761,4365,http://www.ieechihuahua.org.mx/public/sistema/archivos/repositorio_actas/ACMS2018_023.pdf
8,CHIHUAHUA,24,SANTA ISABEL,7,9,1397,1063,,,33,,,135,11,,0,4,0,1,,,,2644,7,130,2781,4243,http://www.ieechihuahua.org.mx/public/sistema/archivos/repositorio_actas/ACMS2018_024.pdf
8,CHIHUAHUA,25,GOMEZ FARIAS,15,16,970,775,,290,247,72,,768,316,12,95,27,15,40,,,,3627,0,237,3864,7268,http://www.ieechihuahua.org.mx/public/sistema/archivos/repositorio_actas/ACMS2018_025.pdf
8,CHIHUAHUA,26,GRAN MORELOS,13,13,524,662,8,515,26,12,,85,4,3,4,2,1,3,,,,1849,0,129,1978,3186,http://www.ieechihuahua.org.mx/public/sistema/archivos/repositorio_actas/ACMS2018_026.pdf
8,CHIHUAHUA,27,GUACHOCHI,43,72,5725,7413,301,2299,318,366,,1380,268,109,29,14,4,27,,,,18253,5,2996,21254,35538,http://www.ieechihuahua.org.mx/public/sistema/archivos/repositorio_actas/ACMS2018_027.pdf
8,CHIHUAHUA,28,GUADALUPE,8,12,624,1088,410,,22,21,,255,18,5,6,4,0,3,,,,2456,1,117,2574,4797,http://www.ieechihuahua.org.mx/public/sistema/archivos/repositorio_actas/ACMS2018_028.pdf
8,CHIHUAHUA,29,GUADALUPE Y CALVO,31,61,2254,7259,,,466,302,,4683,165,46,69,50,5,56,,,,15355,18,1021,16394,30294,http://www.ieechihuahua.org.mx/public/sistema/archivos/repositorio_actas/ACMS2018_029.pdf
8,CHIHUAHUA,30,GUAZAPARES,14,18,455,1659,,,74,1064,,577,52,274,23,4,5,3,,,,4190,1,290,4481,6764,http://www.ieechihuahua.org.mx/public/sistema/archivos/repositorio_actas/ACMS2018_030.pdf
8,CHIHUAHUA,31,GUERRERO,67,82,3653,4057,381,,491,394,,5534,632,66,138,61,8,124,,,,15539,2,1078,16619,30445,http://www.ieechihuahua.org.mx/public/sistema/archivos/repositorio_actas/ACMS2018_031.pdf
8,CHIHUAHUA,32,HIDALGO DEL PARRAL,87,160,14810,11866,,4164,1644,,,11745,2418,,124,71,10,73,,,,46925,52,2818,49795,85682,http://www.ieechihuahua.org.mx/public/sistema/archivos/repositorio_actas/ACMS2018_032.pdf
8,CHIHUAHUA,33,HUEJOTITAN,2,3,560,592,,,,4,,37,,8,,,,,,,,1201,0,41,1242,1507,http://www.ieechihuahua.org.mx/public/sistema/archivos/repositorio_actas/ACMS2018_033.pdf
8,CHIHUAHUA,34,IGNACIO ZARAGOZA,13,15,840,515,56,,,1656,,,,,,,,,,,,3067,0,183,3250,5994,http://www.ieechihuahua.org.mx/public/sistema/archivos/repositorio_actas/ACMS2018_034.pdf
8,CHIHUAHUA,35,JANOS,12,18,269,661,763,31,32,871,,234,37,59,2,1,1,5,,577,,3543,0,294,3837,7582,http://www.ieechihuahua.org.mx/public/sistema/archivos/repositorio_actas/ACMS2018_035.pdf
8,CHIHUAHUA,36,JIMENEZ,36,59,2668,5097,631,,906,292,5133,1887,228,57,36,37,5,16,,,,16993,1,829,17823,29905,http://www.ieechihuahua.org.mx/public/sistema/archivos/repositorio_actas/ACMS2018_036.pdf
8,CHIHUAHUA,37,JUAREZ,1175,1992,82802,63849,7880,26650,21144,16952,,179441,20549,736,3735,1460,321,1624,63044,,,490187,898,22708,513793,1069315,http://www.ieechihuahua.org.mx/public/sistema/archivos/repositorio_actas/ACMS2018_037.pdf
8,CHIHUAHUA,38,JULIMES,6,9,1053,1062,34,25,51,55,,614,56,9,13,5,0,11,,,,2988,0,150,3138,4773,http://www.ieechihuahua.org.mx/public/sistema/archivos/repositorio_actas/ACMS2018_038.pdf
8,CHIHUAHUA,39,LOPEZ,7,9,,744,449,,620,,400,173,32,,20,7,4,1,,,,2450,0,111,2561,3473,http://www.ieechihuahua.org.mx/public/sistema/archivos/repositorio_actas/ACMS2018_039.pdf
8,CHIHUAHUA,40,MADERA,46,58,4702,1582,184,,404,132,685,2010,395,32,27,9,2,20,,,,10184,3,726,10913,22130,http://www.ieechihuahua.org.mx/public/sistema/archivos/repositorio_actas/ACMS2018_040.pdf
8,CHIHUAHUA,41,MAGUARICHI,5,5,43,491,176,,4,2,,26,0,0,3,1,0,1,,,,747,0,74,821,1268,http://www.ieechihuahua.org.mx/public/sistema/archivos/repositorio_actas/ACMS2018_041.pdf
8,CHIHUAHUA,42,MANUEL BENAVIDES,5,5,,694,317,,347,,,31,3,,1,9,1,0,,,,1403,0,38,1441,1931,http://www.ieechihuahua.org.mx/public/sistema/archivos/repositorio_actas/ACMS2018_042.pdf
8,CHIHUAHUA,43,MATACHI,7,8,375,540,,,52,50,,525,23,10,5,5,1,11,,,,1597,8,111,1716,2624,http://www.ieechihuahua.org.mx/public/sistema/archivos/repositorio_actas/ACMS2018_043.pdf
8,CHIHUAHUA,44,MATAMOROS,8,10,944,930,78,,18,23,25,129,9,18,2,1,0,1,,,504,2682,0,155,2837,3972,http://www.ieechihuahua.org.mx/public/sistema/archivos/repositorio_actas/ACMS2018_044.pdf
8,CHIHUAHUA,45,MEOQUI,35,64,4834,2574,458,1246,590,737,,5141,919,61,109,51,13,79,,,,16812,7,909,17728,34632,http://www.ieechihuahua.org.mx/public/sistema/archivos/repositorio_actas/ACMS2018_045.pdf
8,CHIHUAHUA,46,MORELOS,8,12,1710,1492,,,34,13,,364,11,25,1,4,0,3,,,,3657,0,219,3876,5402,http://www.ieechihuahua.org.mx/public/sistema/archivos/repositorio_actas/ACMS2018_046.pdf
8,CHIHUAHUA,47,MORIS,8,11,1050,1132,,,21,21,,166,7,35,1,2,0,3,,,,2438,0,113,2551,3953,http://www.ieechihuahua.org.mx/public/sistema/archivos/repositorio_actas/ACMS2018_047.pdf
8,CHIHUAHUA,48,NAMIQUIPA,44,52,2804,2529,,171,253,170,,2693,100,46,41,32,2,67,,,,8908,3,484,9395,19627,http://www.ieechihuahua.org.mx/public/sistema/archivos/repositorio_actas/ACMS2018_048.pdf
8,CHIHUAHUA,49,NONOAVA,4,6,1140,957,,,10,4,,48,2,7,1,0,1,0,,,,2170,0,51,2221,2605,http://www.ieechihuahua.org.mx/public/sistema/archivos/repositorio_actas/ACMS2018_049.pdf
8,CHIHUAHUA,50,NUEVO CASAS GRANDES,64,92,4870,2848,6204,572,1921,697,865,5486,502,43,224,134,6,31,,,,24403,25,1257,25685,48323,http://www.ieechihuahua.org.mx/public/sistema/archivos/repositorio_actas/ACMS2018_050.pdf
8,CHIHUAHUA,51,OCAMPO,14,17,1522,2012,26,,32,21,,226,18,16,6,1,0,4,,,,3884,0,209,4093,6102,http://www.ieechihuahua.org.mx/public/sistema/archivos/repositorio_actas/ACMS2018_051.pdf
8,CHIHUAHUA,52,OJINAGA,26,44,5900,3471,51,,101,42,,1322,59,41,16,7,1,6,,,,11017,1,458,11476,22115,http://www.ieechihuahua.org.mx/public/sistema/archivos/repositorio_actas/ACMS2018_052.pdf
8,CHIHUAHUA,53,PRAXEDIS G. GUERRERO,9,11,,908,476,756,120,,,526,73,,12,4,0,10,,,,2885,3,223,3111,5733,http://www.ieechihuahua.org.mx/public/sistema/archivos/repositorio_actas/ACMS2018_053.pdf
8,CHIHUAHUA,54,RIVA PALACIO,9,16,756,851,,694,10,4,,60,4,1,1,0,2,0,,,,2383,0,106,2489,7296,http://www.ieechihuahua.org.mx/public/sistema/archivos/repositorio_actas/ACMS2018_054.pdf
8,CHIHUAHUA,55,ROSALES,16,26,2460,2202,,194,286,97,222,2573,94,26,60,33,5,22,,,,8274,1,310,8585,13468,http://www.ieechihuahua.org.mx/public/sistema/archivos/repositorio_actas/ACMS2018_055.pdf
8,CHIHUAHUA,56,ROSARIO,4,4,827,845,,,3,3,,27,0,1,0,0,0,0,,,,1706,0,31,1737,2056,http://www.ieechihuahua.org.mx/public/sistema/archivos/repositorio_actas/ACMS2018_056.pdf
8,CHIHUAHUA,57,SAN FRANCISCO DE BORJA,7,7,722,604,,,62,6,,182,11,11,2,1,0,2,,,,1603,0,76,1679,2282,http://www.ieechihuahua.org.mx/public/sistema/archivos/repositorio_actas/ACMS2018_057.pdf
8,CHIHUAHUA,58,SAN FRANCISCO DE CONCHOS,5,5,747,981,,,13,12,,68,2,10,0,1,0,0,,,,1834,0,70,1904,2570,http://www.ieechihuahua.org.mx/public/sistema/archivos/repositorio_actas/ACMS2018_058.pdf
8,CHIHUAHUA,59,SAN FRANCISCO DEL ORO,11,11,867,945,650,268,46,52,,129,20,4,3,0,0,0,,,,2984,1,125,3110,4232,http://www.ieechihuahua.org.mx/public/sistema/archivos/repositorio_actas/ACMS2018_059.pdf
8,CHIHUAHUA,60,SANTA BARBARA,20,22,1110,1773,894,61,471,577,295,392,,81,,,,,,,,5654,0,272,5926,8619,http://www.ieechihuahua.org.mx/public/sistema/archivos/repositorio_actas/ACMS2018_060.pdf
8,CHIHUAHUA,61,SATEVO,13,13,1247,255,,,68,24,,865,54,10,25,11,0,12,,,,2571,1,139,2711,4064,http://www.ieechihuahua.org.mx/public/sistema/archivos/repositorio_actas/ACMS2018_061.pdf
8,CHIHUAHUA,62,SAUCILLO,32,45,4571,3914,344,407,260,136,466,3275,146,18,34,33,3,14,,,,13621,3,509,14133,24621,http://www.ieechihuahua.org.mx/public/sistema/archivos/repositorio_actas/ACMS2018_062.pdf
8,CHIHUAHUA,63,TEMOSACHIC,13,16,452,695,900,,31,15,514,215,21,4,1,0,0,3,,,,2851,3,262,3116,5273,http://www.ieechihuahua.org.mx/public/sistema/archivos/repositorio_actas/ACMS2018_063.pdf
8,CHIHUAHUA,64,EL TULE,6,6,1001,550,,,8,7,,48,2,4,4,0,0,0,,,,1624,0,62,1686,2342,http://www.ieechihuahua.org.mx/public/sistema/archivos/repositorio_actas/ACMS2018_064.pdf
8,CHIHUAHUA,65,URIQUE,16,28,4665,2644,51,,78,29,,550,21,36,7,4,1,3,,,,8089,1,609,8699,13326,http://www.ieechihuahua.org.mx/public/sistema/archivos/repositorio_actas/ACMS2018_065.pdf
8,CHIHUAHUA,66,URUACHI,11,15,,1298,896,,84,,,559,31,,9,7,2,5,,,,2891,1,384,3276,5227,http://www.ieechihuahua.org.mx/public/sistema/archivos/repositorio_actas/ACMS2018_066.pdf
8,CHIHUAHUA,67,VALLE DE ZARAGOZA,12,14,877,800,824,,26,15,,88,4,4,0,4,0,1,,,,2643,0,178,2821,4378,http://www.ieechihuahua.org.mx/public/sistema/archivos/repositorio_actas/ACMS2018_067.pdf
