﻿ID_ESTADO,NOMBRE_ESTADO,ID_MUNICIPIO,MUNICIPIO,SECCIONES,CASILLAS,PAN,PRI,PRD,PVEM,PT,MC,NA,MORENA,ES,CAND_IND25,CAND_IND26,CAND_IND27,NUM_VOTOS_VALIDOS,NUM_VOTOS_CAN_NREG,NUM_VOTOS_NULOS,TOTAL_VOTOS,LISTA_NOMINAL,RUTA_ACTA
8,CHIHUAHUA,1,AHUMADA,15,23,302,746,1979,1580,49,829,,200,112,,,,5797,86,431,6314,9268,http://www.ieechihuahua.org.mx/public/sistema/archivos/repositorio_actas/ACMS2018_001.pdf
8,CHIHUAHUA,2,ALDAMA,20,37,1915,1355,1737,147,261,112,3202,1534,225,,,,10488,8,568,11064,19842,http://www.ieechihuahua.org.mx/public/sistema/archivos/repositorio_actas/ACMS2018_002.pdf
8,CHIHUAHUA,3,ALLENDE,15,18,1687,1860,,,104,181,244,635,98,,,,4809,0,218,5027,7259,http://www.ieechihuahua.org.mx/public/sistema/archivos/repositorio_actas/ACMS2018_003.pdf
8,CHIHUAHUA,4,AQUILES SERDAN,3,19,1464,2389,323,158,97,105,237,902,146,,,,5821,19,241,6081,11922,http://www.ieechihuahua.org.mx/public/sistema/archivos/repositorio_actas/ACMS2018_004.pdf
8,CHIHUAHUA,5,ASCENSION,21,34,3438,2565,198,,179,245,,1756,80,,,,8461,1,463,8925,17920,http://www.ieechihuahua.org.mx/public/sistema/archivos/repositorio_actas/ACMS2018_005.pdf
8,CHIHUAHUA,6,BACHINIVA,18,18,999,,156,,196,495,,1315,119,,,,3280,1,318,3599,5601,http://www.ieechihuahua.org.mx/public/sistema/archivos/repositorio_actas/ACMS2018_006.pdf
8,CHIHUAHUA,7,BALLEZA,14,24,1077,4744,,,96,100,,2078,73,,,,8168,0,578,8746,13068,http://www.ieechihuahua.org.mx/public/sistema/archivos/repositorio_actas/ACMS2018_007.pdf
8,CHIHUAHUA,8,BATOPILAS,11,17,1270,1713,101,,,111,,,,,,,3195,0,526,3721,8191,http://www.ieechihuahua.org.mx/public/sistema/archivos/repositorio_actas/ACMS2018_008.pdf
8,CHIHUAHUA,9,BOCOYNA,22,42,2218,3219,102,,204,3439,,3250,148,,,,12580,6,904,13490,20625,http://www.ieechihuahua.org.mx/public/sistema/archivos/repositorio_actas/ACMS2018_009.pdf
8,CHIHUAHUA,10,BUENAVENTURA,26,38,3461,4168,,,311,261,,1918,133,,,,10252,0,520,10772,18426,http://www.ieechihuahua.org.mx/public/sistema/archivos/repositorio_actas/ACMS2018_010.pdf
8,CHIHUAHUA,11,CAMARGO,40,72,11640,5137,,,654,448,,2906,336,,,,21121,4,685,21810,37986,http://www.ieechihuahua.org.mx/public/sistema/archivos/repositorio_actas/ACMS2018_011.pdf
8,CHIHUAHUA,12,CARICHI,16,18,2324,2023,,,,172,,,,,,,4519,4,279,4802,7242,http://www.ieechihuahua.org.mx/public/sistema/archivos/repositorio_actas/ACMS2018_012.pdf
8,CHIHUAHUA,13,CASAS GRANDES,13,22,1579,591,1810,,192,301,,930,167,,,,5570,10,378,5958,10251,http://www.ieechihuahua.org.mx/public/sistema/archivos/repositorio_actas/ACMS2018_013.pdf
8,CHIHUAHUA,14,CORONADO,7,8,542,535,,,456,17,,15,2,,,,1567,0,28,1595,1906,http://www.ieechihuahua.org.mx/public/sistema/archivos/repositorio_actas/ACMS2018_014.pdf
8,CHIHUAHUA,15,COYAME DEL SOTOL,3,4,839,800,,,1,2,,31,1,,,,1674,0,45,1719,2275,http://www.ieechihuahua.org.mx/public/sistema/archivos/repositorio_actas/ACMS2018_015.pdf
8,CHIHUAHUA,16,LA CRUZ,5,8,593,589,13,,26,12,1032,48,,,,,2313,0,93,2406,3458,http://www.ieechihuahua.org.mx/public/sistema/archivos/repositorio_actas/ACMS2018_016.pdf
8,CHIHUAHUA,17,CUAUHTEMOC,111,229,17437,8935,905,2240,2576,1826,,22700,2245,,,,58864,53,3031,61948,127190,http://www.ieechihuahua.org.mx/public/sistema/archivos/repositorio_actas/ACMS2018_017.pdf
8,CHIHUAHUA,18,CUSIHUIRIACHI,13,14,1016,1349,,,369,37,,156,16,,,,2943,0,165,3108,5302,http://www.ieechihuahua.org.mx/public/sistema/archivos/repositorio_actas/ACMS2018_018.pdf
8,CHIHUAHUA,19,CHIHUAHUA,647,1243,166355,57744,6279,18630,13098,11774,,94161,13842,,,,381883,274,14628,396785,679181,http://www.ieechihuahua.org.mx/public/sistema/archivos/repositorio_actas/ACMS2018_019.pdf
8,CHIHUAHUA,20,CHINIPAS,8,16,294,1573,54,,298,42,,833,36,,,,3130,0,200,3330,5049,http://www.ieechihuahua.org.mx/public/sistema/archivos/repositorio_actas/ACMS2018_020.pdf
8,CHIHUAHUA,21,DELICIAS,109,206,19428,11758,1311,1489,3093,1131,3456,17165,1820,,,,60651,66,2499,63216,112975,http://www.ieechihuahua.org.mx/public/sistema/archivos/repositorio_actas/ACMS2018_021.pdf
8,CHIHUAHUA,22,DR. BELISARIO DOMINGUEZ,8,8,746,775,,,13,15,,98,10,,,,1657,0,81,1738,3021,http://www.ieechihuahua.org.mx/public/sistema/archivos/repositorio_actas/ACMS2018_022.pdf
8,CHIHUAHUA,23,GALEANA,3,8,1175,629,,26,143,47,,611,20,,,,2651,1,109,2761,4365,http://www.ieechihuahua.org.mx/public/sistema/archivos/repositorio_actas/ACMS2018_023.pdf
8,CHIHUAHUA,24,SANTA ISABEL,7,9,1397,1063,,,35,,,138,11,,,,2644,7,130,2781,4243,http://www.ieechihuahua.org.mx/public/sistema/archivos/repositorio_actas/ACMS2018_024.pdf
8,CHIHUAHUA,25,GOMEZ FARIAS,15,16,976,775,,290,298,78,,834,376,,,,3627,0,237,3864,7268,http://www.ieechihuahua.org.mx/public/sistema/archivos/repositorio_actas/ACMS2018_025.pdf
8,CHIHUAHUA,26,GRAN MORELOS,13,13,526,662,8,515,29,13,,90,6,,,,1849,0,129,1978,3186,http://www.ieechihuahua.org.mx/public/sistema/archivos/repositorio_actas/ACMS2018_026.pdf
8,CHIHUAHUA,27,GUACHOCHI,43,72,5780,7413,301,2299,337,420,,1411,292,,,,18253,5,2996,21254,35538,http://www.ieechihuahua.org.mx/public/sistema/archivos/repositorio_actas/ACMS2018_027.pdf
8,CHIHUAHUA,28,GUADALUPE,8,12,627,1088,410,,26,23,,261,21,,,,2456,1,117,2574,4797,http://www.ieechihuahua.org.mx/public/sistema/archivos/repositorio_actas/ACMS2018_028.pdf
8,CHIHUAHUA,29,GUADALUPE Y CALVO,31,61,2277,7259,,,517,325,,4759,218,,,,15355,18,1021,16394,30294,http://www.ieechihuahua.org.mx/public/sistema/archivos/repositorio_actas/ACMS2018_029.pdf
8,CHIHUAHUA,30,GUAZAPARES,14,18,592,1659,,,87,1201,,589,62,,,,4190,1,290,4481,6764,http://www.ieechihuahua.org.mx/public/sistema/archivos/repositorio_actas/ACMS2018_030.pdf
8,CHIHUAHUA,31,GUERRERO,67,82,3686,4057,381,,571,427,,5673,744,,,,15539,2,1078,16619,30445,http://www.ieechihuahua.org.mx/public/sistema/archivos/repositorio_actas/ACMS2018_031.pdf
8,CHIHUAHUA,32,HIDALGO DEL PARRAL,87,160,14810,11866,,4164,1725,,,11860,2500,,,,46925,52,2818,49795,85682,http://www.ieechihuahua.org.mx/public/sistema/archivos/repositorio_actas/ACMS2018_032.pdf
8,CHIHUAHUA,33,HUEJOTITAN,2,3,564,592,,,,8,,37,,,,,1201,0,41,1242,1507,http://www.ieechihuahua.org.mx/public/sistema/archivos/repositorio_actas/ACMS2018_033.pdf
8,CHIHUAHUA,34,IGNACIO ZARAGOZA,13,15,840,515,56,,,1656,,,,,,,3067,0,183,3250,5994,http://www.ieechihuahua.org.mx/public/sistema/archivos/repositorio_actas/ACMS2018_034.pdf
8,CHIHUAHUA,35,JANOS,12,18,299,661,763,31,32,900,,239,41,,577,,3543,0,294,3837,7582,http://www.ieechihuahua.org.mx/public/sistema/archivos/repositorio_actas/ACMS2018_035.pdf
8,CHIHUAHUA,36,JIMENEZ,36,59,2697,5097,631,,939,320,5133,1926,250,,,,16993,1,829,17823,29905,http://www.ieechihuahua.org.mx/public/sistema/archivos/repositorio_actas/ACMS2018_036.pdf
8,CHIHUAHUA,37,JUAREZ,1175,1992,83170,63849,7880,26650,23280,17320,,182228,22766,63044,,,490187,898,22708,513793,1069315,http://www.ieechihuahua.org.mx/public/sistema/archivos/repositorio_actas/ACMS2018_037.pdf
8,CHIHUAHUA,38,JULIMES,6,9,1058,1062,34,25,57,59,,628,65,,,,2988,0,150,3138,4773,http://www.ieechihuahua.org.mx/public/sistema/archivos/repositorio_actas/ACMS2018_038.pdf
8,CHIHUAHUA,39,LOPEZ,7,9,,744,449,,633,,400,184,40,,,,2450,0,111,2561,3473,http://www.ieechihuahua.org.mx/public/sistema/archivos/repositorio_actas/ACMS2018_039.pdf
8,CHIHUAHUA,40,MADERA,46,58,4718,1582,184,,418,148,685,2034,415,,,,10184,3,726,10913,22130,http://www.ieechihuahua.org.mx/public/sistema/archivos/repositorio_actas/ACMS2018_040.pdf
8,CHIHUAHUA,41,MAGUARICHI,5,5,43,491,176,,5,2,,29,1,,,,747,0,74,821,1268,http://www.ieechihuahua.org.mx/public/sistema/archivos/repositorio_actas/ACMS2018_041.pdf
8,CHIHUAHUA,42,MANUEL BENAVIDES,5,5,,694,317,,354,,,35,3,,,,1403,0,38,1441,1931,http://www.ieechihuahua.org.mx/public/sistema/archivos/repositorio_actas/ACMS2018_042.pdf
8,CHIHUAHUA,43,MATACHI,7,8,380,540,,,57,55,,536,29,,,,1597,8,111,1716,2624,http://www.ieechihuahua.org.mx/public/sistema/archivos/repositorio_actas/ACMS2018_043.pdf
8,CHIHUAHUA,44,MATAMOROS,8,10,953,930,78,,19,32,25,132,9,,,504,2682,0,155,2837,3972,http://www.ieechihuahua.org.mx/public/sistema/archivos/repositorio_actas/ACMS2018_044.pdf
8,CHIHUAHUA,45,MEOQUI,35,64,4865,2574,458,1246,657,767,,5244,1001,,,,16812,7,909,17728,34632,http://www.ieechihuahua.org.mx/public/sistema/archivos/repositorio_actas/ACMS2018_045.pdf
8,CHIHUAHUA,46,MORELOS,8,12,1723,1492,,,36,25,,369,12,,,,3657,0,219,3876,5402,http://www.ieechihuahua.org.mx/public/sistema/archivos/repositorio_actas/ACMS2018_046.pdf
8,CHIHUAHUA,47,MORIS,8,11,1068,1132,,,22,38,,170,8,,,,2438,0,113,2551,3953,http://www.ieechihuahua.org.mx/public/sistema/archivos/repositorio_actas/ACMS2018_047.pdf
8,CHIHUAHUA,48,NAMIQUIPA,44,52,2827,2529,,171,284,193,,2757,147,,,,8908,3,484,9395,19627,http://www.ieechihuahua.org.mx/public/sistema/archivos/repositorio_actas/ACMS2018_048.pdf
8,CHIHUAHUA,49,NONOAVA,4,6,1144,957,,,11,7,,49,2,,,,2170,0,51,2221,2605,http://www.ieechihuahua.org.mx/public/sistema/archivos/repositorio_actas/ACMS2018_049.pdf
8,CHIHUAHUA,50,NUEVO CASAS GRANDES,64,92,4892,2848,6204,572,2066,718,865,5644,594,,,,24403,25,1257,25685,48323,http://www.ieechihuahua.org.mx/public/sistema/archivos/repositorio_actas/ACMS2018_050.pdf
8,CHIHUAHUA,51,OCAMPO,14,17,1530,2012,26,,34,29,,231,22,,,,3884,0,209,4093,6102,http://www.ieechihuahua.org.mx/public/sistema/archivos/repositorio_actas/ACMS2018_051.pdf
8,CHIHUAHUA,52,OJINAGA,26,44,5921,3471,51,,110,62,,1335,67,,,,11017,1,458,11476,22115,http://www.ieechihuahua.org.mx/public/sistema/archivos/repositorio_actas/ACMS2018_052.pdf
8,CHIHUAHUA,53,PRAXEDIS G. GUERRERO,9,11,,908,476,756,126,,,537,82,,,,2885,3,223,3111,5733,http://www.ieechihuahua.org.mx/public/sistema/archivos/repositorio_actas/ACMS2018_053.pdf
8,CHIHUAHUA,54,RIVA PALACIO,9,16,757,851,,694,11,4,,61,5,,,,2383,0,106,2489,7296,http://www.ieechihuahua.org.mx/public/sistema/archivos/repositorio_actas/ACMS2018_054.pdf
8,CHIHUAHUA,55,ROSALES,16,26,2473,2202,,194,325,110,222,2621,127,,,,8274,1,310,8585,13468,http://www.ieechihuahua.org.mx/public/sistema/archivos/repositorio_actas/ACMS2018_055.pdf
8,CHIHUAHUA,56,ROSARIO,4,4,828,845,,,3,3,,27,0,,,,1706,0,31,1737,2056,http://www.ieechihuahua.org.mx/public/sistema/archivos/repositorio_actas/ACMS2018_056.pdf
8,CHIHUAHUA,57,SAN FRANCISCO DE BORJA,7,7,728,604,,,63,11,,185,12,,,,1603,0,76,1679,2282,http://www.ieechihuahua.org.mx/public/sistema/archivos/repositorio_actas/ACMS2018_057.pdf
8,CHIHUAHUA,58,SAN FRANCISCO DE CONCHOS,5,5,752,981,,,13,17,,69,2,,,,1834,0,70,1904,2570,http://www.ieechihuahua.org.mx/public/sistema/archivos/repositorio_actas/ACMS2018_058.pdf
8,CHIHUAHUA,59,SAN FRANCISCO DEL ORO,11,11,869,945,650,268,47,54,,130,21,,,,2984,1,125,3110,4232,http://www.ieechihuahua.org.mx/public/sistema/archivos/repositorio_actas/ACMS2018_059.pdf
8,CHIHUAHUA,60,SANTA BARBARA,20,22,1151,1773,894,61,471,617,295,392,,,,,5654,0,272,5926,8619,http://www.ieechihuahua.org.mx/public/sistema/archivos/repositorio_actas/ACMS2018_060.pdf
8,CHIHUAHUA,61,SATEVO,13,13,1252,255,,,81,29,,886,68,,,,2571,1,139,2711,4064,http://www.ieechihuahua.org.mx/public/sistema/archivos/repositorio_actas/ACMS2018_061.pdf
8,CHIHUAHUA,62,SAUCILLO,32,45,4580,3914,344,407,289,145,466,3311,165,,,,13621,3,509,14133,24621,http://www.ieechihuahua.org.mx/public/sistema/archivos/repositorio_actas/ACMS2018_062.pdf
8,CHIHUAHUA,63,TEMOSACHIC,13,16,454,695,900,,31,17,514,218,22,,,,2851,3,262,3116,5273,http://www.ieechihuahua.org.mx/public/sistema/archivos/repositorio_actas/ACMS2018_063.pdf
8,CHIHUAHUA,64,EL TULE,6,6,1003,550,,,9,9,,50,3,,,,1624,0,62,1686,2342,http://www.ieechihuahua.org.mx/public/sistema/archivos/repositorio_actas/ACMS2018_064.pdf
8,CHIHUAHUA,65,URIQUE,16,28,4683,2644,51,,83,47,,557,24,,,,8089,1,609,8699,13326,http://www.ieechihuahua.org.mx/public/sistema/archivos/repositorio_actas/ACMS2018_065.pdf
8,CHIHUAHUA,66,URUACHI,11,15,,1298,896,,91,,,569,37,,,,2891,1,384,3276,5227,http://www.ieechihuahua.org.mx/public/sistema/archivos/repositorio_actas/ACMS2018_066.pdf
8,CHIHUAHUA,67,VALLE DE ZARAGOZA,12,14,879,800,824,,28,17,,91,4,,,,2643,0,178,2821,4378,http://www.ieechihuahua.org.mx/public/sistema/archivos/repositorio_actas/ACMS2018_067.pdf
