﻿CIRCUNSCRIPCION,ID_ESTADO,NOMBRE_ESTADO,ID_DISTRITO_LOCAL,CABECERA_DISTRITAL_LOCAL,ID_MUNICIPIO,MUNICIPIO,ID_DEMARCACION_LOCAL,DEMARCACION_LOCAL,TIPO_DE_ELECCION,NOMBRE_PARTICIPANTE,NUMERO_LISTA,CANDIDATO,SEXO_CANDIDATO,RUTA_CONSTANCIA,PARTIDO
,13,HIDALGO,1,ZIMAPAN,,,,,DIP_LOC_MR,PT_PVEM_MORENA_PANALH,1,MARIA DEL CARMEN LOZANO MORENO,2,,PVEM
,13,HIDALGO,2,ZACUALTIPAN DE ANGELES,,,,,DIP_LOC_MR,PT_PVEM_MORENA_PANALH,1,MARCIA TORRES GONZALEZ,2,,PRI
,13,HIDALGO,3,SAN FELIPE ORIZATLAN,,,,,DIP_LOC_MR,PT_PVEM_MORENA_PANALH,1,JOSE NOE HERNANDEZ BRAVO,1,,PANALH
,13,HIDALGO,4,HUEJUTLA DE REYES,,,,,DIP_LOC_MR,MORENA,1,FORTUNATO GONZALEZ ISLAS,1,,MORENA
,13,HIDALGO,5,IXMIQUILPAN,,,,,DIP_LOC_MR,PT_PVEM_MORENA_PANALH,1,VICENTE CHARREZ PEDRAZA,1,,PT
,13,HIDALGO,6,HUICHAPAN,,,,,DIP_LOC_MR,PAN_PRI_PRD_PESH,1,RODRIGO CASTILLO MARTINEZ,1,,PAN
,13,HIDALGO,7,MIXQUIAHUALA DE JUAREZ,,,,,DIP_LOC_MR,PT_PVEM_MORENA_PANALH,1,LISSET MARCELINO TOVAR,2,,MORENA
,13,HIDALGO,8,ACTOPAN,,,,,DIP_LOC_MR,PAN_PRI_PRD_PESH,1,ERIKA ARACELI RODRIGUEZ HERNANDEZ,2,,PRI
,13,HIDALGO,9,METEPEC,,,,,DIP_LOC_MR,PAN_PRI_PRD_PESH,1,MIGUEL ANGEL MARTINEZ GOMEZ,1,,PRD
,13,HIDALGO,10,APAN,,,,,DIP_LOC_MR,PT_PVEM_MORENA_PANALH,1,JORGE HERNANDEZ ARAUS,1,,MORENA
,13,HIDALGO,11,TULANCINGO DE BRAVO,,,,,DIP_LOC_MR,PT_PVEM_MORENA_PANALH,1,JOSE ANTONIO HERNANDEZ VERA,1,,MORENA
,13,HIDALGO,12,PACHUCA DE SOTO,,,,,DIP_LOC_MR,PAN_PRI_PRD_PESH,1,CITLALI JARAMILLO RAMIREZ,2,,PRI
,13,HIDALGO,13,PACHUCA DE SOTO,,,,,DIP_LOC_MR,PT_PVEM_MORENA_PANALH,1,ELVIA YANET SIERRA VITE,2,,PT
,13,HIDALGO,14,TULA DE ALLENDE,,,,,DIP_LOC_MR,PT_PVEM_MORENA_PANALH,1,OCTAVIO MAGAÑA SOTO,1,,PVEM
,13,HIDALGO,15,TEPEJI DEL RIO DE OCAMPO,,,,,DIP_LOC_MR,PT_PVEM_MORENA_PANALH,1,TANIA VALDEZ CUELLAR,2,,PT
,13,HIDALGO,16,TIZAYUCA,,,,,DIP_LOC_MR,MORENA,1,VIRGINIA ALVARADO VARGAS,2,,MORENA
,13,HIDALGO,17,VILLAS DEL ALAMO,,,,,DIP_LOC_MR,PT_PVEM_MORENA_PANALH,1,JESUS OSIRIS LEINES MEDECIGO,1,,PT
,13,HIDALGO,18,TEPEAPULCO,,,,,DIP_LOC_MR,PT_PVEM_MORENA_PANALH,1,MARIA ADELAIDA MUÑOZ JUMILLA,2,,PANALH
,13,HIDALGO,,,,,,,DIP_LOC_RP,MORENA,1,FRANCISCO BERGANZA ESCORZA,1,,MORENA
,13,HIDALGO,,,,,,,DIP_LOC_RP,PT_PVEM_MORENA_PANALH,0,ADELFA ZUÑIGA FUENTES,2,,MORENA
,13,HIDALGO,,,,,,,DIP_LOC_RP,MORENA,2,LUCRECIA LORENA HERNANDEZ ROMUALDO,2,,MORENA
,13,HIDALGO,,,,,,,DIP_LOC_RP,MORENA,3,LUIS ANGEL TENORIO CRUZ,1,,MORENA
,13,HIDALGO,,,,,,,DIP_LOC_RP,MORENA,4,SHARON MACOTELA CISNEROS,2,,MORENA
,13,HIDALGO,,,,,,,DIP_LOC_RP,MORENA,5,TIMOTEO LOPEZ PEREZ,1,,MORENA
,13,HIDALGO,,,,,,,DIP_LOC_RP,PRI,1,JULIO MANUEL VALERA PIEDRAS,1,,PRI
,13,HIDALGO,,,,,,,DIP_LOC_RP,PAN_PRI_PRD_PESH,0,ROCIO JACQUELINE SOSA JIMENEZ ,2,,PRI
,13,HIDALGO,,,,,,,DIP_LOC_RP,PRI,2,MICHELLE CALDERON RAMIREZ,2,,PRI
,13,HIDALGO,,,,,,,DIP_LOC_RP,PAN_PRI_PRD_PESH,0,JUAN DE DIOS PONTIGO LOYOLA,1,,PRI
,13,HIDALGO,,,,,,,DIP_LOC_RP,PRI,3,ALEJANDRO ENCISO ARELLANO,1,,PRI
,13,HIDALGO,,,,,,,DIP_LOC_RP,PAN ,0,SILVIA SANCHEZ GARCIA,2,,PAN
