ID_ESTADO,NOMBRE_ESTADO,ID_DISTRITO,CABECERA_DISTRITAL,SECCIONES,CASILLAS,PAN,PRI,PRD,PVEM,NVA_ALIANZA,PSD,PRIMERO_MEXICO,SALVEMOS_MEXICO,NUM_VOTOS_CAN_NREG,NUM_VOTOS_NULOS,TOTAL_VOTOS,LISTA_NOMINAL,PARTICIPACION,OBSERVACIONES,CANDIDATO,CANDIDATO2
1,AGUASCALIENTES,1,Jesús María,150,402,31417,29247,5687,9869,15962,695,,4210,144,4794,102025,239913,0.4253,,JOSE ANTONIO ARAMBULA LOPEZ,MARICELA MACIAS GONZALEZ
1,AGUASCALIENTES,2,Aguascalientes,222,471,28692,31722,4738,17380,13075,1512,,8132,394,9636,115281,282949,0.4074,,DAVID HERNANDEZ VALLIN,GUADALUPE VERDUGO SARABIA
1,AGUASCALIENTES,3,Aguascalientes,217,447,35637,31614,4051,15024,7111,1187,,5204,428,11540,111796,250568,0.4462,,RAUL GERARDO CUADRA GARCIA,MARIA MATILDE MARICEL DIAZ DE LEON MACIAS
2,BAJA CALIFORNIA,1,Mexicali,177,432,37055,21537,4267,6239,11412,701,,1916,75,4842,88044,245405,0.3588,,SERGIO TOLENTO HERNANDEZ,AMINTHA GUADALUPE BRICEÑO CINCO
2,BAJA CALIFORNIA,2,Mexicali,220,458,36556,27148,4510,7234,4945,1200,,2113,249,7421,91376,251300,0.3636,,FRANCISCO JAVIER ORDUÑO VALDEZ,MONICA CANO VALADEZ
2,BAJA CALIFORNIA,3,Ensenada,176,448,31178,23660,6643,7931,4462,971,,5119,182,5960,86106,255360,0.3372,,CESAR MANCILLAS AMADOR,ALFREDO MARIN DURAN
2,BAJA CALIFORNIA,4,Tijuana,180,473,28181,16718,4292,10621,10882,768,,3331,77,4124,78994,286100,0.2761,,JESUS GERARDO CORTEZ MENDOZA,JESUS MIGUEL FLORES ALVAREZ
2,BAJA CALIFORNIA,5,Tijuana,194,495,34580,19282,5737,11278,4031,997,,2652,215,6099,84871,294994,0.2877,El TEPJF en la distribucion de votos para los partidos politicos  no desconto el voto anulado para la coalicion PT-Convergencia a Convergencia que fue el partido con mayor votacion en esa casilla.,GASTON LUKEN GARZA,CECILIA BARONE BARRON
2,BAJA CALIFORNIA,6,Tijuana,274,561,34903,25118,4168,14191,6331,909,,3325,181,6508,95634,309942,0.3086,,MIGUEL ANTONIO OSUNA MILLAN,GUILLERMO ANTONIO OSUNA OSUNA
2,BAJA CALIFORNIA,7,Mexicali,160,495,33125,24468,7330,8815,3588,1140,,4451,120,5908,88945,303773,0.2928,,JOSE LUIS OVANDO PATRON,HECTOR ARMANDO CARREÑO CASTRO
2,BAJA CALIFORNIA,8,Tijuana,137,511,32099,24168,5329,13285,4407,1307,,3890,121,5193,89799,326306,0.2752,,OSCAR MARTIN ARCE PANIAGUA,BELEN ANGELICA CONTRERAS SANCHEZ
3,BAJA CALIFORNIA SUR,1,Santa Rosalía,196,355,11115,10564,24079,3377,8107,566,,2686,123,3484,64101,171040,0.3748,,MARCOS ALBERTO COVARRUBIAS VILLASEÑOR,SILVIA PUPPO GASTELUM
3,BAJA CALIFORNIA SUR,2,La Paz,211,422,10087,19959,24399,4652,2603,754,,2997,105,4131,69687,221217,0.315,,VICTOR MANUEL CASTRO COSIO,EDILBERTO GRACIANO CHAVEZ
4,CAMPECHE,1,Campeche,255,505,72665,73839,3001,4774,10135,558,,8720,61,7616,181369,268119,0.6764,,CARLOS OZNEROL PACHECO CASTRO,SONIA JAQUELINE  CUEVAS
4,CAMPECHE,2,Ciudad del Carmen,233,482,62315,69916,2861,3555,2262,326,,4540,25,5410,151210,265694,0.5691,,OSCAR ROMAN ROSAS GONZALEZ,MARGARITA BEATRIZ DE LA CANDELARIA CURMINA CERVERA
5,COAHUILA,1,Piedras Negras,181,460,21115,57689,3118,10862,2012,319,,2027,54,2868,100064,271747,0.3682,,FRANCISCO SARACHO NAVARRO,SONIA VILLARREAL PEREZ
5,COAHUILA,2,San Pedro,302,535,20946,73408,5942,6328,5909,328,,3129,213,3339,119542,282533,0.4231,,HUGO HECTOR MARTINEZ GONZALEZ,ANA ISABEL DURAN PIÑA
5,COAHUILA,3,Monclova,290,546,25483,72026,2916,6090,3560,360,,2292,61,3277,116065,288439,0.4024,,MELCHOR SANCHEZ DE LA FUENTE,LILIA ISABEL GUTIERREZ BURCIAGA
5,COAHUILA,4,Saltillo,139,390,14430,85466,2431,6655,1086,342,,1735,87,4064,116296,235671,0.4935,,RUBEN IGNACIO MOREIRA VALDEZ,DIANA PATRICIA GONZALEZ SOTO
5,COAHUILA,5,Torreón,260,506,27814,83206,3930,6269,4968,533,,3101,105,4605,134531,274163,0.4907,,MIGUEL ANGEL RIQUELME SOLIS,JOSEFINA RODARTE AYALA
5,COAHUILA,6,Torreón,187,449,38140,69148,2266,8183,3924,688,,2664,243,6166,131422,273183,0.4811,,HECTOR FERNANDEZ AGUIRRE,ILSE PALOMA MATA VEGA
5,COAHUILA,7,Saltillo,171,391,21699,63989,4413,6655,2073,412,,1754,162,5001,106158,224327,0.4732,,HECTOR FRANCO LOPEZ,LILY FABIOLA DE LA ROSA CORTES
6,COLIMA,1,Colima,178,442,60731,58774,2838,5237,3884,528,,13661,53,4437,150143,239397,0.6272,,LEONCIO ALFONSO MORAN SANCHEZ,OMAR SUAREZ ZAIZAR
6,COLIMA,2,Manzanillo,158,378,53328,54128,2745,4919,1053,258,,2204,56,3383,122074,213483,0.5718,,CARLOS CRUZ MENDOZA,PATRICIA CARLOS PEREZ
7,CHIAPAS,1,Palenque,160,474,5360,,54881,,2149,309,42945,8158,30,5238,119070,261748,0.4549,,JUAN CARLOS LOPEZ FERNANDEZ,JORGE LUIS LARA AGUILAR
7,CHIAPAS,2,Bochil,142,405,19789,,30948,,2178,351,33485,7103,6,3994,97854,206119,0.4747,En la distribucion de votos por partido politico el TEPJF no desconto a los partido PRI y PVEM  los 9 votos anulados en las casillas para la coalicion correspondiente. Este error se presenta tambien en la distribucion de votos por candidatos.,HERNAN DE JESUS ORANTES LOPEZ,ARMANDO RUIZ GOMEZ
7,CHIAPAS,3,Ocosingo,143,503,23617,,33823,,2584,1793,29252,3364,26,5010,99469,232718,0.4274,,LUIS HERNANDEZ CRUZ,ARTURO JIMENEZ JIMENEZ
7,CHIAPAS,4,Ocozocoautla de Espinosa,182,438,48759,,6170,,997,372,21754,4198,22,3734,86006,232787,0.3695,,OVIDIO CORTAZAR RAMOS,LESVIA HERNANDEZ ESTRADA
7,CHIAPAS,5,San Cristóbal de las Casas,152,418,9174,,19879,,2165,963,37234,9202,119,7624,86360,227806,0.3791,,SERGIO LOBATO GARCIA,MANUEL SANTIZ RUIZ
7,CHIAPAS,6,Tuxtla Gutiérrez,144,432,33801,,13356,,2430,665,20032,7690,152,5734,83860,253631,0.3306,,MIRNA LUCRECIA CAMACHO PEDRERO,RODRIGO TRINIDAD ROSALES FRANCO
7,CHIAPAS,7,Tonalá,165,385,41282,,7830,,2261,380,23468,5387,5,2594,83207,212326,0.3919,,JOSE MANUEL MARROQUIN TOLEDO,JOSE FRANCISCO HERNANDEZ GORDILLO
7,CHIAPAS,8,Comitán de Domínguez,177,427,12921,,18107,,1227,300,53837,5749,33,3669,95843,240783,0.398,,ROBERTO ARMANDO ALBORES GLEASON,MOISES NARVAEZ OCHOA
7,CHIAPAS,9,Tuxtla Gutiérrez,125,446,13468,,19477,,2170,979,15561,14176,339,9395,75565,279351,0.2705,,ARIEL GOMEZ LEON,BERSAIN MIRANDA BORRAZ
7,CHIAPAS,10,Villaflores,175,409,8078,,52324,,2023,403,29003,5819,26,3997,101673,229552,0.4429,,SERGIO ERNESTO GUTIERREZ VILLANUEVA,FLOR DEL ROSARIO CRUZ MAGDALENO
7,CHIAPAS,11,Huixtla,197,446,39170,,16015,,2645,362,35512,6873,23,4226,104826,246649,0.425,,CARLOS MARTINEZ MARTINEZ,JOSE FOAD TANUS PI%ASORIA
7,CHIAPAS,12,Tapachula,164,395,32497,,9622,,2570,738,37317,4181,143,5441,92509,230716,0.401,,SAMI DAVID DAVID,ALEJANDRA CRUZ TOLEDO ZEBADUA
8,CHIHUAHUA,1,Juárez,298,606,19684,30625,5452,19887,4997,735,,4043,114,5547,91084,348181,0.2616,,JAIME FLORES CASTAÑEDA,MARITZA OLIVIA SAENZ CALDERON
8,CHIHUAHUA,2,Juárez,251,431,11309,29347,2393,8554,2237,652,,2045,74,4427,61038,232128,0.2629,,HECTOR AGUSTIN MURGUIA LARDIZABAL,ANA GEORGINA ZAPATA LUCERO
8,CHIHUAHUA,3,Juárez,236,478,24174,23773,2375,12162,3007,649,,2760,254,8928,78082,274032,0.2849,,MARIA ANTONIETA PEREZ REYES,ERNESTO ALONSO MORAN GARCIA
8,CHIHUAHUA,4,Juárez,222,431,13832,23844,3187,12723,2182,700,,4384,91,5175,66118,241215,0.2741,,ADRIANA TERRAZAS PORRAS,CESAR TAPIA CERVANTES
8,CHIHUAHUA,5,Delicias,391,616,41060,41478,3660,7710,9787,565,,2510,68,4580,111418,306674,0.3633,,MANUEL GUILLERMO MARQUEZ LIZALDE,JESUS JOSE SAENZ GABALDON
8,CHIHUAHUA,6,Chihuahua,303,541,44089,46713,2805,10214,5709,912,,2893,466,13169,126970,293635,0.4324,,MAURILIO OCHOA MILLAN,LIZ AGUILERA GARCIA
8,CHIHUAHUA,7,Cuauhtémoc,503,695,28283,42701,4746,6622,5539,349,,3563,75,6541,98419,308105,0.3194,,GUADALUPE PEREZ DOMINGUEZ,ALEX LE BARON GONZALEZ
8,CHIHUAHUA,8,Chihuahua,265,554,31025,51836,2711,11063,5824,1837,,4844,194,8463,117797,297904,0.3954,,ALEJANDRO CANO RICAUD,MARIA ADELA SOTO MARTINEZ
8,CHIHUAHUA,9,Hidalgo del Parral,436,620,22581,43717,2902,3765,5589,331,,1941,59,4673,85558,271853,0.3147,,LUIS CARLOS CAMPOS VILLEGAS,DAVID BALDERRAMA QUINTANA
9,DISTRITO FEDERAL,1,Distrito Federal,159,388,10159,11221,33046,8414,2635,1080,,9432,165,8092,84244,236113,0.3568,,RAMON JIMENEZ LOPEZ,ELEAZAR RUBIO ALDARAN
9,DISTRITO FEDERAL,2,Distrito Federal,260,508,32901,,23913,,4094,1664,30107,11171,547,12672,117069,270590,0.4326,,ROSI OROZCO,VICTOR MANUEL QUIROZ ROCHA
9,DISTRITO FEDERAL,3,Distrito Federal,241,489,27008,21651,32507,12233,4798,1750,,11911,421,12012,124291,283754,0.438,,BALFRE VARGAS CORTEZ,ERNESTO BARBA MENDEZ
9,DISTRITO FEDERAL,4,Distrito Federal,189,422,15475,14172,22497,10339,3498,1833,,25917,309,10335,104375,249425,0.4185,,JAIME FERNANDO CARDENAS GRACIA,MARTIN ALONSO SALGADO
9,DISTRITO FEDERAL,5,Distrito Federal,213,433,32953,18308,18858,8557,2870,2352,,11876,883,14226,110883,244296,0.4539,,CESAR DANIEL GONZALEZ MADRUGA,ERIKA IVONNE DE ANDA MARTINEZ
9,DISTRITO FEDERAL,6,Distrito Federal,217,456,14845,,28482,,3911,1814,28791,13045,310,10335,101533,264736,0.3835,El TEPJF recompuso el computo tomando en cuenta los votos para los candidatos; existen 7 diferencias entre los votos anulados y el computo distrital  debido a que el TEPJF anulo las casillas tomando en cuenta los resultados de las Actas de Escrutinio y Co,ROBERTO REBOLLO VIVERO,MIGUEL ANGEL OLVERA OLGUIN
9,DISTRITO FEDERAL,7,Distrito Federal,222,475,20233,23561,28512,10298,4222,2140,,13976,436,12243,115621,279220,0.4141,El TEPJF recompuso el computo tomando en cuenta los votos para los candidatos; existen diferencias entre los totales  pues el TEPJF anota 115 622 siendo el resultado 115 621.,NAZARIO NORBERTO SANCHEZ,ABRAHAM BORDEN CAMACHO
9,DISTRITO FEDERAL,8,Distrito Federal,251,535,24818,25025,31307,10666,3854,2132,,12375,493,13854,124524,295358,0.4216,,VIDAL LLERENAS MORALES,PABLO QUEZADA AMBRIZ
9,DISTRITO FEDERAL,9,Distrito Federal,217,455,17378,19642,31079,8727,5258,1454,,11768,318,10214,105838,268327,0.3944,,ESTHELA DAMIAN PERALTA,DENISE LIZBETH NAVA REYES
9,DISTRITO FEDERAL,10,Distrito Federal,265,562,49263,21757,34418,9857,3847,2315,,7109,660,14454,143680,316991,0.4533,,GABRIELA CUEVAS BARRON,JORGE REAL SANCHEZ
9,DISTRITO FEDERAL,11,Distrito Federal,209,438,16630,17301,26381,9443,3686,1643,,12397,397,10155,98033,248240,0.3949,,LAURA PIÑA OLMEDO,SARA VEGA CARRILLO
9,DISTRITO FEDERAL,12,Distrito Federal,244,506,21746,22021,27045,8962,3217,2166,,10114,642,13065,108978,291428,0.3739,,AGUSTIN GUERRERO CASTILLO,AGUSTIN GONZALEZ CAZARES
9,DISTRITO FEDERAL,13,Distrito Federal,210,427,17295,18174,25805,9711,3780,2068,,11605,379,10342,99159,246511,0.4022,,EMILIO SERRANO JIMENEZ,ANGELICA ADRIANA DIAZ BUSTAMANTE
9,DISTRITO FEDERAL,14,Distrito Federal,141,405,12677,11975,30003,9895,3104,1917,,12959,346,10402,93278,251307,0.3712,,HECTOR HUGO HERNANDEZ RODRIGUEZ,ANGEL PASALAGUA OLIVAR
9,DISTRITO FEDERAL,15,Distrito Federal,254,596,61266,26368,18949,9501,4631,4716,,11942,1272,21170,159815,349446,0.4573,,JOSE CESAR NAVA VAZQUEZ,MARIA SUAD TUACHI HURTADO
9,DISTRITO FEDERAL,16,Distrito Federal,219,495,18358,,32668,,3805,2442,28932,13835,281,12513,112834,288205,0.3915,,LETICIA ROBLES COLIN,FRANCISCA GARCIA CORTES
9,DISTRITO FEDERAL,17,Distrito Federal,188,502,33872,18617,35576,11057,5346,2641,,9858,427,13043,130437,303890,0.4292,,MARIA ARACELI VAZQUEZ CAMACHO,GABRIELA RAMIREZ ORTIZ
9,DISTRITO FEDERAL,18,Distrito Federal,187,423,11915,17094,25421,9583,3628,5139,,18871,288,11651,103590,250291,0.4139,,EDUARDO MENDOZA ARELLANO,ROSARIO MUÑOZ MEZA
9,DISTRITO FEDERAL,19,Distrito Federal,164,402,9392,11117,24824,9199,3231,1575,,29323,238,8600,97499,246832,0.395,,JOSE GERARDO RODOLFO FERNANDEZ NOROÑA,MARIA ALMA VELAZQUEZ RIVERA
9,DISTRITO FEDERAL,20,Distrito Federal,234,489,21232,20557,24531,12195,4504,1811,,26351,395,12451,124027,275097,0.4508,,MARIO ALBERTO DI COSTANZO ARMENTA,LILIA DEL CARMEN MORA ESTRELLA
9,DISTRITO FEDERAL,21,Distrito Federal,129,391,10680,18421,30383,8300,3481,1662,,11238,274,9357,93796,243956,0.3845,,AVELINO MENDEZ RANGEL,JOSE LUIS SABAS RUFINO
9,DISTRITO FEDERAL,22,Distrito Federal,152,418,7213,8908,28348,8298,2845,7708,,21031,214,12115,96680,256217,0.3773,,ARTURO SANTANA ALFARO,MARIA DEL CARMEN OLVERA PALACIOS
9,DISTRITO FEDERAL,23,Distrito Federal,201,470,27362,15783,34912,8562,2674,2769,,16053,750,15146,124011,282230,0.4394,,MAURICIO ALONSO TOLEDO GUTIERREZ,JOSE  ANTONIO GONZALEZ MATA
9,DISTRITO FEDERAL,24,Distrito Federal,202,470,40973,20300,25998,9104,3739,2527,,11984,819,16366,131810,277686,0.4747,,EZEQUIEL RETIZ GUTIERREZ,ALIN NAYELY DE JESUS SANCHEZ
9,DISTRITO FEDERAL,25,Distrito Federal,166,421,12691,12434,28561,9667,4042,3068,,18535,322,10066,99386,258511,0.3845,,LUIS FELIPE EGUIA PEREZ,ADALBERTO AGUILAR MELENDEZ
9,DISTRITO FEDERAL,26,Distrito Federal,259,533,35688,21846,28420,10374,3479,2674,,12394,716,15139,130730,300120,0.4356,,MARIA DE LA PAZ QUIÑONES CORNEJO,MIGUEL ANGEL GUEVARA RODRIGUEZ
9,DISTRITO FEDERAL,27,Distrito Federal,133,393,10190,13978,22401,9188,3776,3429,,12438,170,8176,83746,241393,0.3469,,RIGOBERTO SALGADO VAZQUEZ,TERESO DE JESUS NUÑEZ ZUÑIGA
10,DURANGO,1,Victoria de Durango,410,610,26615,53597,5522,5015,1800,524,,6932,51,3700,103756,259555,0.3997,,JOSE RICARDO LOPEZ PESCADOR,MARIA DEL CARMEN NUÑEZ SOTO
10,DURANGO,2,Gómez Palacio,255,566,27135,79460,5000,6577,3865,530,,3794,147,5289,131797,312093,0.4223,,RICARDO ARMANDO REBOLLO MENDOZA,ISIDRA ORALIA GUERRERO ORONA
10,DURANGO,3,Guadalupe Victoria,490,693,31364,56385,5227,4656,4258,372,,10651,45,3510,116468,284250,0.4097,,OSCAR GARCIA BARRON,MARIBEL AGUILERA CHAIREZ
10,DURANGO,4,Victoria de Durango,220,501,32266,57894,6599,8004,3287,1517,,11231,162,7705,128665,289274,0.4448,,JORGE HERRERA CALDERA,PEDRO AVILA NEVAREZ
11,GUANAJUATO,1,San Luis de la Paz,215,396,43913,26282,11939,8969,2330,3983,,3733,48,4874,106071,210337,0.5043,,JUAN HUERTA MONTERO,ARANZAZU QUINTANA PADILLA
11,GUANAJUATO,2,San Miguel de Allende,208,403,40454,28121,15587,11245,5532,1522,,7947,84,5513,116005,223989,0.5179,,JUAN DE JESUS PASCUALLI GOMEZ,LAURA VIVIANA AGUNDIZ PEREZ
11,GUANAJUATO,3,León,191,500,64196,43376,2117,18235,3649,773,,2544,213,6098,141201,301495,0.4683,,J. GUADALUPE VERA HERNANDEZ,LUZ MARGARITA ALBA CONTRERAS
11,GUANAJUATO,4,Guanajuato,211,487,52601,35124,5993,12474,2918,1174,,7686,148,6510,124628,277249,0.4495,,RUTH ESPERANZA LUGO MARTINEZ,FRANCISCO JOSE DE GUADALUPE CARRILLO PEREZ
11,GUANAJUATO,5,León,228,512,69380,42965,1984,19885,3107,812,,2642,238,6757,147770,298223,0.4955,,LUCILA DEL CARMEN GALLEGOS CAMARENA,EZEQUIEL PEREZ MENDOZA
11,GUANAJUATO,6,León,203,497,60127,46843,2775,20609,3643,814,,2597,219,6184,143811,302100,0.476,,JAIME OLIVA RAMIREZ,JANET MELANIE MURILLO CHAVEZ
11,GUANAJUATO,7,San Francisco del Rincón,212,474,67263,34468,8471,9327,4469,4085,,2002,85,4438,134608,269073,0.5003,,CECILIA SOLEDAD AREVALO SOSA,JUAN MANUEL RAMIREZ ARZOLA
11,GUANAJUATO,8,Salamanca,226,503,64706,34604,6774,23772,5541,1641,,4151,104,4712,146005,287020,0.5087,,TOMAS GUTIERREZ RAMIREZ,VIRGINIA DAMIANI GARCIA
11,GUANAJUATO,9,Irapuato,202,475,55134,41441,3429,9149,3149,1254,,2531,99,4944,121130,274067,0.442,,SIXTO ALFONSO ZETINA SOTO,JOSE LUIS VILLEGAS MENDEZ
11,GUANAJUATO,10,Uriangato,246,496,43536,,11212,,1775,1837,61371,4614,60,4201,128606,272634,0.4717,,NORMA LETICIA OROZCO TORRES,MIGUEL GONZALEZ MARTINEZ
11,GUANAJUATO,11,Pénjamo,242,454,64769,31525,10489,3657,1858,438,,4013,14,3248,120011,248901,0.4822,,JOSE ERANDI BERMUDEZ MENDEZ,MARIA ELENA ZAMORA RUIZ
11,GUANAJUATO,12,Celaya,188,441,48497,27873,4926,22947,3100,1632,,3819,128,5797,118719,260161,0.4563,,MARTIN RICO JIMENEZ,MARCELA MIYAR ESTRADA
11,GUANAJUATO,13,Valle de Santiago,199,452,49586,18531,25140,14993,6468,955,,4776,107,4519,125075,256874,0.4869,,RUBEN ARELLANO RODRIGUEZ,ALMA ROSA BAEZA VALLEJO
11,GUANAJUATO,14,Acámbaro,256,482,41373,23741,21536,9132,2596,403,,15158,62,4943,118944,264541,0.4496,,RAMON MERINO LOO,MA. LUZ ARZATE CARDENAS
12,GUERRERO,1,Ciudad Altamirano,421,572,16352,37880,35198,1412,1481,77,,976,9,1589,94974,245280,0.3872,,CUAUHTEMOC SALGADO ROMERO,JOSE CONCEPCION HERNANDEZ SOLANO
12,GUERRERO,2,Iguala,409,613,11224,27967,17560,6498,3889,4819,,5003,58,3551,80569,272512,0.2957,,ESTEBAN ALBARRAN MENDOZA,OMAR JALIL FLORES MAJUL
12,GUERRERO,3,Zihuatanejo,344,539,3141,38198,45180,1835,1772,222,,1303,16,2192,93859,248528,0.3777,,ARMANDO RIOS PITER,ELIA BLANCO SANCHEZ
12,GUERRERO,4,Acapulco,221,514,9517,,15874,,1216,865,30905,23663,151,4633,86824,297976,0.2914,,ALEJANDRO CARABIAS ICAZA,JOSE ANTONIO DE LOS SANTOS HERNANDEZ
12,GUERRERO,5,Tlapa,302,491,5369,29983,27094,1534,1966,201,,6909,7,3084,76147,231424,0.329,,SOCORRO SOFIO RAMIREZ HERNANDEZ,MOISES VILLANUEVA DE LA LUZ
12,GUERRERO,6,Chilapa,330,524,6878,36459,31967,4031,1768,285,,5792,30,3618,90828,254673,0.3566,,ALICIA ELIZABETH ZAMORA VILLALVA,JUAN BALLESTEROS HINOJOSA
12,GUERRERO,7,Chilpancingo,253,490,4843,37525,10373,4918,5263,314,,6949,59,4006,74250,261270,0.2842,,MARIO MORENO ARCOS,MARIA DEL SOCORRO BENITEZ NAVARRETE
12,GUERRERO,8,Ayutla de los Libres,316,477,11202,36376,16696,6240,1506,203,,3347,7,2216,77793,223562,0.348,,ANGEL AGUIRRE HERRERA,RODOLFINA GATICA GARZON
12,GUERRERO,9,Acapulco,161,456,8231,,19730,,1646,812,31090,9860,77,3895,75341,274373,0.2746,,FERMIN GERARDO ALVARADO ARROYO,OSCAR IGNACIO RANGEL MIRAVETE
13,HIDALGO,1,Huejutla de Reyes,268,445,13816,54039,32772,3307,6681,1095,,5763,21,4739,122233,232733,0.5252,,OMAR FAYAD MENESES,MARTIN ADOLFO RAMIREZ SOSA
13,HIDALGO,2,Ixmiquilpan,376,552,12000,47811,26016,5669,3277,1769,,4539,20,4198,105299,258946,0.4066,,HECTOR PEDRAZA OLGUIN,ROCIO MARILI OLGUIN CUEVAS
13,HIDALGO,3,Actopan,295,508,9885,,10583,,32406,1077,59667,7024,84,3836,124562,268657,0.4636,,JORGE ROJO GARCIA DE ALBA,ADELFA ZU%IGA FUENTES
13,HIDALGO,4,Tulancingo de Bravo,196,415,14447,37457,10979,9565,4725,1600,,5060,72,4076,87981,227965,0.3859,,DAVID PENCHYNA GRUB,BLANCA LUZ PURIFICACION DALILA SOTO PLATA
13,HIDALGO,5,Tula de Allende,214,459,19797,45910,13415,11372,4103,1956,,5306,68,3932,105859,263283,0.4021,,RAMON RAMIREZ VALTIERRA,MARCELA VIEYRA ALAMILLA
13,HIDALGO,6,Pachuca de Soto,159,430,27955,44488,4791,13189,4717,2449,,4308,184,6256,108337,260366,0.4161,,ALMA CAROLINA VIGGIANO AUSTRIA,FEDERICO HERNANDEZ BARROS
13,HIDALGO,7,Tepeapulco,209,472,21003,39730,6064,8553,30320,1547,,5774,230,4480,117701,275872,0.4267,,JORGE ROMERO ROMERO,JULIO CESAR LICONA OMAÑA
14,JALISCO,1,Tequila,224,471,51904,40382,23605,13665,5994,1239,,12349,58,5599,154795,253974,0.6095,,IGNACIO TELLEZ GONZALEZ,RIGOBERTO JARA PINEDO
14,JALISCO,2,Lagos de Moreno,192,452,50563,58931,8113,11727,2773,404,,1658,37,6281,140487,256639,0.5474,,OLIVIA GUILLEN PADILLA,OSCAR RAUL FRIAS GONZALEZ
14,JALISCO,3,Tepatitlán de Morelos,205,477,63002,47792,3690,11401,2926,448,,9111,971,7088,146429,270503,0.5413,,JOSE LUIS IÑIGUEZ GAMEZ,RODOLFO NAVARRO ACEVES
14,JALISCO,4,Zapopan,107,411,37562,56453,3112,10580,3063,1389,,5041,172,7684,125056,265173,0.4716,,ARTURO ZAMORA JIMENEZ,MARLENE DE LOS ANGELES BURGOS RIVERO
14,JALISCO,5,Puerto Vallarta,190,492,58809,53887,7106,12976,2947,565,,4886,53,5931,147160,281755,0.5223,,JUAN JOSE CUEVAS GARCIA,MARIBEL VARGAS LICEA
14,JALISCO,6,Zapopan,123,454,53074,,3301,,3718,1639,61670,4511,416,10745,139074,287593,0.4836,,JORGE HUMBERTO LOPEZ PORTILLO BASAVE,ESTEBAN ADOLFO GONZALEZ MORA
14,JALISCO,7,Tonalá,81,375,35441,,3633,,3137,1197,63239,5991,90,5500,118228,249201,0.4744,,JORGE ARANA ARANA,SUGEIL FONSECA GOMEZ
14,JALISCO,8,Guadalajara,251,483,48418,59970,2926,9784,3437,1665,,4215,307,10699,141421,265191,0.5333,,JOSE TRINIDAD PADILLA LOPEZ,ERNESTO VILLANUEVA LOMELI
14,JALISCO,9,Guadalajara,159,419,41303,,3253,,3711,1412,65911,4705,183,7460,127938,255174,0.5014,,CLARA GOMEZ CARO,EDUARDO CORONA VARGAS
14,JALISCO,10,Zapopan,103,408,49256,38165,3473,13020,2877,1689,,4349,368,10289,123486,264375,0.4671,El TEPJF recompuso el computo tomando en cuenta los votos por partido politico; en el total  ademas de no considerar los votos nulos  los resto siendo diferentes   los resultados con los del computo distrital.,FRANCISCO JAVIER RAMIREZ ACUÑA,ARTURO VILLASEÑOR FERNANDEZ
14,JALISCO,11,Guadalajara,174,428,37274,55744,3018,9931,6531,1189,,4940,145,6705,125477,258183,0.486,,SALVADOR CARO CABRERA,SALMA MEZA MANJARREZ
14,JALISCO,12,Tlajomulco de Zúñiga,102,501,52911,55798,22967,13667,3757,1213,,5892,140,7467,163812,332676,0.4924,,JOEL GONZALEZ DIAZ,GERARDO MIGUEL LOPEZ VILLASEÑOR
14,JALISCO,13,Guadalajara,230,474,42595,50921,3232,11542,9053,1598,,5930,207,8854,133932,266210,0.5031,,ANA ESTELA DURAN RICO,GERMAN MAYORQUIN RUIZ
14,JALISCO,14,Guadalajara,167,435,47558,44214,4476,13650,3738,1596,,4897,213,8593,128935,262637,0.4909,,CESAR OCTAVIO MADRIGAL DIAZ,VIRGINIO AVILA LORETO
14,JALISCO,15,La Barca,193,462,55792,50745,6916,10675,3389,606,,10889,61,6190,145263,268720,0.5406,,GUMERCINDO CASTELLANOS FLORES,JUAN FRANCISCO LEON MARTINEZ
14,JALISCO,16,Tlaquepaque,158,439,46467,47629,4618,12085,3171,1453,,5399,115,6750,127687,268243,0.476,,DAVID HERNANDEZ PEREZ,ABEL HERNANDEZ GONZALEZ
14,JALISCO,17,Jocotepec,207,489,55946,49658,12548,18955,3056,1394,,11706,75,6824,160162,275635,0.5811,El TEPJF recompuso el computo tomando en cuenta los votos para los candidatos; existe un voto nulo de menos en la recomposicion.,FELIPE DE JESUS RANGEL VARGAS,JORGE DAVID REAL SERRANO
14,JALISCO,18,Autlán de Navarro,234,504,59947,49846,13723,8982,3395,1266,,15078,55,5853,158145,281117,0.5626,,CARLOS LUIS MEILLON JOHNSTON,IRMA DE ANDA LICEA
14,JALISCO,19,Ciudad Guzmán,246,502,51987,51247,17442,14368,2121,1919,,6926,107,6966,153083,269763,0.5675,,ALBERTO ESQUER GUTIERREZ,AURELIO RUBIO MONTAÑO
15,MEXICO,1,Jilotepec de Andrés Molina Enríquez,189,415,31398,,23548,,2568,727,75075,13343,73,4858,151590,223018,0.6797,,HECTOR EDUARDO VELASCO MONROY,AURORA GONZALEZ LEDEZMA
15,MEXICO,2,Teoloyucán,126,401,42796,,11382,,3619,1433,60443,17997,150,4347,142167,246026,0.5779,,RAUL DOMINGUEZ REX,JUANITA DE JESUS SANTILLAN HERNANDEZ
15,MEXICO,3,Atlacomulco de Fabela,162,377,36226,,9608,,2729,735,61256,11980,73,5877,128484,207811,0.6183,,EMILIO CHUAYFFET CHEMOR,MARISOL DEL SOCORRO ARIAS FLORES
15,MEXICO,4,Nicolás Romero,138,461,25839,,25523,,7986,1584,66867,7383,251,6927,142360,293210,0.4855,,ELVIA HERNANDEZ GARCIA,CARLOS ALBERTO MENDIETA VILLAGRAN
15,MEXICO,5,Teotihuacán de Arista,177,451,28678,,38062,,4118,1378,71357,17014,162,5563,166332,265557,0.6264,,FELIPE BORJA TEXOCOTITLA,FLOR ORLANDA DELGADO DEL VALLE
15,MEXICO,6,Coacalco de Berriozábal,136,448,23315,,33886,,5044,1673,61501,8068,243,7586,141316,282124,0.5009,,HECTOR GUEVARA RAMIREZ,MARIA DE LOURDES SANCHEZ LUNA
15,MEXICO,7,Cuautitlán Izcalli,182,473,44004,,8092,,5478,2538,70958,10378,414,9036,150898,286912,0.5259,,FRANCISCO LAURO ROJAS SAN ROMAN,CLAUDIA IVETH BELLO REYES
15,MEXICO,8,Tultitlán de Mariano Escobedo,125,342,11708,,19804,,2788,1092,45053,10767,172,5472,96856,208193,0.4652,,SANDRA MENDEZ HERNANDEZ,EDGAR DIAZ BAUTISTA
15,MEXICO,9,Ixtlahuaca de Rayón,141,415,37621,57787,10426,4878,3377,920,,28978,65,7192,151244,247897,0.6101,,EDUARDO ZARZOSA SANCHEZ,MARIA DEL PILAR MERCADO GARCIA
15,MEXICO,10,Ecatepec de Morelos,164,477,17624,,29011,,4226,1555,65768,6801,212,7265,132462,292868,0.4523,,NOE MARTIN VAZQUEZ PEREZ,REYNA ALICIA MOBARAK LOPEZ
15,MEXICO,11,Ecatepec de Morelos,151,412,18233,,24000,,5750,1472,56373,7174,207,7710,120919,252929,0.4781,,JORGE HERNANDEZ HERNANDEZ,MARIA VERONICA SOLIS GARCIA
15,MEXICO,12,Ixtapaluca,214,503,20742,,23739,,6028,1835,65965,16558,328,7621,142816,301114,0.4743,,ARMANDO CORONA RIVERA,CONCEPCION VARELA ESPINOZA
15,MEXICO,13,Ecatepec de Morelos,170,425,14531,,23815,,3795,1372,51730,8677,196,7101,111217,248950,0.4467,,JOSE ALFREDO TORRES HUITRON,MARISELA LOPEZ ESCOBAR
15,MEXICO,14,Ciudad Adolfo Lopéz Mateos,114,414,39085,,9902,,5291,1704,47699,6517,243,7405,117846,263560,0.4471,,FAUSTO SERGIO SALDA%A DEL MORAL,ALMA BERENICE HERNANDEZ ESCOBAR
15,MEXICO,15,Tlalnepantla de Baz,166,443,52355,38010,7880,8847,3339,1855,,7441,424,11438,131589,268602,0.4899,,CARLOS BELLO OTERO,XOCHITL MONTES DE OCA RODRIGUEZ
15,MEXICO,16,Ecatepec de Morelos,137,449,24159,,20359,,5177,1171,57113,7351,139,6431,121900,287812,0.4235,,JOSE LUIS SOTO OSEGUERA,ESPERANZA CAMARGO PEREZ
15,MEXICO,17,Ecatepec de Morelos,161,421,12944,,24309,,5433,1538,50649,7550,301,7600,110324,252066,0.4377,,JOSUE CIRINO VALDES HUEZO,DOLORES ROSALIA QUEZADA SAMANIEGO
15,MEXICO,18,Huixquilucan de Degollado,151,440,40906,,23166,,3314,1426,69208,14605,250,7244,160119,273499,0.5854,,JESUS ALFONSO NAVARRETE PRIDA,GUADALUPE GABRIELA CASTILLA GARCIA
15,MEXICO,19,Tlalnepantla de Baz,188,426,40461,41758,10247,7844,3302,1588,,7116,260,8194,120770,245714,0.4915,,AMADOR MONROY ESTRADA,ROSA DE LIMA LOPEZ ESCOBAR
15,MEXICO,20,Ciudad Nezahualcóyotl,155,371,12070,33978,20291,8570,3587,1232,,7859,284,7519,95390,219583,0.4344,,JESUS RICARDO ENRIQUEZ FUENTES,MARTHA PATRICIA BERNAL DIAZ
15,MEXICO,21,Naucalpan de Juárez,129,373,34773,,5932,,2569,1369,51292,5239,366,8701,110241,232304,0.4746,,RODRIGO REINA LICEAGA,CLAUDIA OYOQUE ORTIZ
15,MEXICO,22,Naucalpan de Juárez,195,389,37573,,5837,,3222,1207,42744,4868,344,8126,103921,220346,0.4716,,DAVID RICARDO SANCHEZ GUEVARA,MARIA ELVIRA OLIVAS HERNANDEZ
15,MEXICO,23,Valle de Bravo,181,421,23926,,33441,,2498,984,64869,20488,62,7748,154016,234256,0.6575,,JOSE IGNACIO PICHARDO LECHUGA,GISELA COLIN VAZQUEZ
15,MEXICO,24,Naucalpan de Juárez,132,362,28331,,6798,,2455,948,45207,5643,155,5260,94797,217716,0.4354,,SERGIO MANCILLA ZAYAS,ESTEFANIA DURAN ORTIZ
15,MEXICO,25,Chimalhuacán,105,362,8242,38415,21147,5629,3375,1614,,9896,81,5157,93556,233835,0.4001,,INOCENCIO IBARRA PIÑA,NORMA MARGARITA VILLALOBOS HERNANDEZ
15,MEXICO,26,Toluca de Lerdo,128,418,44357,,4674,,2578,1266,86921,5862,180,5990,151828,261760,0.58,,HECTOR HERNANDEZ SILVA,ROMINA RUIZ UGALDE
15,MEXICO,27,Metepec,135,400,42590,,8706,,3097,1400,70608,16979,224,6585,150189,248166,0.6052,,MIGUEL ANGEL TERRON MENDOZA,NORMA KARINA BASTIDA GUADARRAMA
15,MEXICO,28,Zumpango de Ocampo,128,475,68844,,17389,,2790,1031,68478,7462,211,5942,172147,304230,0.5658,El TEPJF recompuso el computo tomando en cuenta los votos por partido politico.,SERGIO OCTAVIO GERMAN OLIVARES,PEDRO CESAR PI%A PEREZ
15,MEXICO,29,Ciudad Nezahualcóyotl,183,406,10537,36692,23199,8524,3072,1168,,9032,165,7041,99430,230971,0.4305,,HECTOR PEDROZA JIMENEZ,MARIA DE LA CRUZ PATRICIA FRANCO CRUZ
15,MEXICO,30,Ciudad Nezahualcóyotl,175,405,10059,33122,25012,8084,3340,1392,,10047,237,6701,97994,240093,0.4082,,OMAR RODRIGUEZ CISNEROS,MARIA DEL PILAR BAEZ PADILLA
15,MEXICO,31,Ciudad Nezahualcóyotl,167,401,8617,29664,27729,6890,3134,1370,,8315,272,6535,92526,234208,0.3951,El TEPJF desconto los votos de la casilla anulada tomando en cuenta  los resultados del Acta de Escrutinio y Computo de Casilla  siendo que esta se reconto.,GERMAN OSVALDO CORTEZ SANDOVAL,BLANCA JUANA SORIA MORALES
15,MEXICO,32,Xico,115,365,5209,,31744,,2337,1305,43655,17761,129,5423,107563,227389,0.473,,MIGUEL ANGEL LUNA MUNGUIA,RAQUEL SANCHEZ AMAYA
15,MEXICO,33,Chalco de Díaz Covarrubias,169,466,16073,,26598,,3452,1758,69614,35241,137,6841,159714,285743,0.5589,,J. EDUARDO YA%EZ MONTA%O,LILIA LETICIA MARTINEZ TENORIO
15,MEXICO,34,Toluca de Lerdo,146,431,45446,,5415,,3454,1830,80455,7073,292,6823,150788,267743,0.5632,,JOSE LUIS VELASCO LINO,HAZEL SUAREZ BASTIDA
15,MEXICO,35,Tenancingo de Degollado,146,395,25136,,20908,,4021,1236,58304,18361,94,4925,132985,228617,0.5817,,FERNANDO FERREYRA OLIVARES,KARLA ANAYA GOMEZ
15,MEXICO,36,Tejupilco de Hidalgo,251,483,28809,57343,34500,2029,1775,448,,12067,46,4358,141375,225717,0.6263,,GUILLERMINA CASIQUE VENCES,APOLINAR MONTAÑEZ MARTINEZ
15,MEXICO,37,Cuautitlán,128,383,21323,,22565,,4563,1427,48095,17219,200,5611,121003,235541,0.5137,,ISRAEL REYES LEDESMA MAGA%A,EMILIA GUZMAN ROSAS
15,MEXICO,38,Texcoco de Mora,137,425,7835,,36968,,3223,1359,66633,5648,151,5752,127569,257402,0.4956,,MANUEL CADENA MORALES,PAOLA BARRERA MAZON
15,MEXICO,39,Los Reyes Acaquilpan,114,384,6962,,31981,,3322,1317,55406,12281,158,5754,117181,244900,0.4785,,ANDRES AGUIRRE ROMERO,BENYLU JOANA GARCIA RODRIGUEZ
15,MEXICO,40,San Miguel Zinacantepec,142,380,32714,,24456,,2411,1043,50922,15305,107,4738,131696,221950,0.5934,,JOSE ADAN IGNACIO RUBI SALAZAR,VERONICA GARDU%O ESTRADA
16,MICHOACAN,1,Lázaro Cárdenas,184,442,11314,25405,27256,4010,1205,257,,2740,33,3520,75740,245430,0.3086,,JULIO CESAR GODOY TOSCANO,ISRAEL MADRIGAL CEJA
16,MICHOACAN,2,Puruándiro,268,543,16538,26982,33881,7092,1247,355,,5590,54,5070,96809,303136,0.3194,,JOSE M. TORRES ROBLEDO,RAUL BARAJAS ONTIVEROS
16,MICHOACAN,3,Heroica Zitácuaro,237,440,16132,21048,21559,7114,3500,414,,6461,68,4911,81207,237645,0.3417,,MA. DINA HERRERA SOTO,ANGELICA TOLEDO HERNANDEZ
16,MICHOACAN,4,Jiquilpan de Juárez,259,530,26217,24782,24799,6715,1410,232,,3559,79,4364,92157,276011,0.3339,,RICARDO SANCHEZ GALVEZ,RAUL GUTIERREZ CUADRA
16,MICHOACAN,5,Zamora de Hidalgo,225,501,30593,20350,13475,9716,1955,393,,4642,104,5264,86492,286368,0.302,,SERGIO ARTURO TORRES SANTOS,JUDITH ACEVEDO MARTINEZ
16,MICHOACAN,6,Ciudad Hidalgo,225,485,24449,14725,34410,5877,2712,333,,3087,71,5645,91309,267734,0.341,,EMILIANO VELAZQUEZ ESQUIVEL,ERIC DAVID PEREZ NIEVES
16,MICHOACAN,7,Zacapu,235,502,18013,23831,30755,7278,1773,352,,4502,70,5836,92410,279570,0.3305,,MARTIN GARCIA AVILES,JEANETTE GUADALUPE MARQUEZ CAPIZ
16,MICHOACAN,8,Morelia,145,424,22558,21242,12534,10734,2095,666,,6028,236,9387,85480,257073,0.3325,,ALFONSO JESUS MARTINEZ ALCAZAR,IRIDIA SALAZAR BLANCO
16,MICHOACAN,9,Uruapan del Progreso,190,466,25328,12030,27400,13177,2243,719,,3592,179,7062,91730,267582,0.3428,,URIEL LOPEZ PAREDES,CELIA GARCIA AYALA
16,MICHOACAN,10,Morelia,204,457,33158,20960,9381,11857,2519,892,,5594,450,13420,98231,267614,0.3671,,LAURA MARGARITA SUAREZ GONZALEZ,JOSE EUGENIO VILLALOBOS GUZMAN
16,MICHOACAN,11,Pátzcuaro,273,498,16854,26583,36814,6532,1713,501,,2985,50,5696,97728,266680,0.3665,,VICTOR MANUEL BAEZ CEJA,JOSE ALFREDO GONZALEZ DIAZ
16,MICHOACAN,12,Apatzingán de la Constitución,230,466,18397,18118,23650,11413,837,339,,1623,19,3078,77474,253624,0.3055,,JOSE MARIA VALENCIA BARAJAS,ANDRES MENDOZA ALCARAZ
17,MORELOS,1,Cuernavaca,203,484,32754,47416,18830,13808,4577,5161,,8382,276,9687,140891,288281,0.4887,,FRANCISCO ALEJANDRO MORENO MERINO,ELVIA MAGDALENO GOMEZ
17,MORELOS,2,Jiutepec,135,435,25724,31420,28826,15331,4313,2751,,9181,118,6672,124336,268365,0.4633,,JOSE MANUEL AGUERO TOVAR,EDITH FLORES RODRIGUEZ
17,MORELOS,3,Cuautla,190,439,23592,31423,18182,12047,9002,4481,,19486,125,6614,124952,254375,0.4912,,LUIS FELIX RODRIGUEZ SOSA,CHRISTIAN ALEJANDRO NAVA SANCHEZ
17,MORELOS,4,Jojutla,192,429,19471,43380,26548,7208,6917,2347,,11641,63,5269,122844,235644,0.5213,,ROSALINA MAZARI ESPIN,PEDRO OLIVARES HERNANDEZ
17,MORELOS,5,Yautepec,187,424,26518,38357,19750,9218,5293,3014,,15051,55,5349,122605,239545,0.5118,,JAIME SANCHEZ VELEZ,JOSE LUIS AISPURO FUNES
18,NAYARIT,1,Santiago Ixcuintla,353,500,12548,39348,27234,3504,4168,574,,2529,17,2950,92872,221373,0.4195,,MANUEL HUMBERTO COTA JIMENEZ,FATIMA  DEL SOL GOMEZ MONTERO
18,NAYARIT,2,Tepic,213,464,6118,43824,46714,4013,2230,515,,3065,97,4434,111010,255728,0.4341,,MARTHA ELENA GARCIA GOMEZ,MARIA FLORENTINA OCEGUEDA SILVA
18,NAYARIT,3,Compostela,310,523,47545,45213,4003,2752,890,374,,3178,41,3447,107443,256586,0.4187,,IVIDELIZA REYES HERNANDEZ,PABLO PIMIENTA MARQUEZ
19,NUEVO LEON,1,Santa Catarina,149,459,67922,52152,3118,9024,8612,1071,,2456,138,5275,149768,283851,0.5276,,VICTOR ALEJANDRO BALDERAS VAQUERA,ZAIRA JESSICA THEAGENE NAVARRO
19,NUEVO LEON,2,Apodaca,88,414,41910,67699,2617,7571,5884,645,,2653,61,3080,132120,268710,0.4917,,ILDEFONSO GUAJARDO VILLARREAL,FELIX CORONADO HERNANDEZ
19,NUEVO LEON,3,General Escobedo,167,494,61413,66509,2722,7288,5929,888,,3182,112,4389,152432,301870,0.505,,EDUARDO  ALONSO BAILEY ELIZONDO,MARIBEL VALDEZ OLIVARES
19,NUEVO LEON,4,San Nicolás de los Garza,164,453,78668,44064,2635,7916,5792,1014,,2861,103,4239,147292,273548,0.5385,,CAMILO RAMIREZ PUENTE,ALFREDO SERGIO CUADRA TINAJERO
19,NUEVO LEON,5,Monterrey,111,356,26828,65154,1409,3784,2381,369,,5898,47,5559,111429,225669,0.4938,,MARCELA GUERRA CASTILLO,RAFAEL REYES MONTEMAYOR
19,NUEVO LEON,6,Monterrey,128,379,58480,53293,2245,6554,4391,893,,2619,139,4726,133340,231358,0.5763,,GREGORIO HURTADO LEIJA,KARLA ALEJANDRA RODRIGUEZ BAUTISTA
19,NUEVO LEON,7,Monterrey,307,460,49155,49499,2301,5871,3719,878,,3294,117,4809,119643,228003,0.5247,,FELIPE ENRIQUEZ HERNANDEZ,ADOLFO DE LA  GARZA MALACARA
19,NUEVO LEON,8,Guadalupe,157,426,53598,60381,2412,7258,7025,802,,4055,117,4224,139872,259895,0.5382,,MA. DE JESUS AGUIRRE MALDONADO,PATRICIA AGUIRRE GONZALEZ
19,NUEVO LEON,9,Linares,311,544,59971,73787,4651,3245,12911,699,,2661,42,5841,163808,273135,0.5997,,FERMIN MONTES CAVAZOS,MARIA TERESA TOVAR PUENTE
19,NUEVO LEON,10,Monterrey,182,401,59008,47560,2692,5938,4303,909,,2201,164,4851,127626,232019,0.5501,,ALFREDO JAVIER RODRIGUEZ DAVILA,JOSE ALFREDO PEREZ BERNAL
19,NUEVO LEON,11,Guadalupe,122,417,40275,73623,2252,5712,5538,746,,2618,103,4009,134876,265652,0.5077,,MARIA CRISTINA DIAZ SALAZAR,GABRIEL TLALOC CANTU CANTU
19,NUEVO LEON,12,Cadereyta Jiménez,245,632,67694,97939,6231,6655,15283,610,,8143,46,5352,207953,367477,0.5659,,ROGELIO CERDA PEREZ,ALVARO IBARRA HINOJOSA
20,OAXACA,1,San Juan Bautista Tuxtepec,196,398,19338,54650,7505,4629,609,1580,,16020,339,3425,108095,215046,0.5027,,EVIEL PEREZ MAGAÑA,VIOLETA AVILES ALVAREZ
20,OAXACA,2,Teotitlán de Flores Magón,209,366,16617,42265,20834,3494,311,1718,,6378,39,3742,95398,182037,0.5241,,ELPIDIO  DESIDERIO CONCHA ARELLANO,DAVID LEYVA GARCIA
20,OAXACA,3,Heroica Ciudad de Huajuapan de León,297,493,14327,38479,13711,6564,1024,975,,7631,339,4563,87613,242575,0.3612,,JORGE VENUSTIANO GONZALEZ ILESCAS,JAVIER SERGIO MENDOZA AROCHE
20,OAXACA,4,Tlacolula de Matamoros,258,467,13675,33505,8963,5225,1128,2973,,7534,238,4249,77490,232960,0.3326,,HERIBERTO AMBROCIO CIPRIANO,EVA DIEGO CRUZ
20,OAXACA,5,Santo Domingo Tehuantepec,189,400,26412,38831,15223,3267,500,966,,7010,50,2544,94803,212292,0.4466,,SOFIA CASTRO RIOS,JORGE ZARIF ZETUNA CURIOCA
20,OAXACA,6,Heroica Ciudad de Tlaxiaco,290,487,6249,42609,20979,3979,522,864,,5607,48,4633,85490,237520,0.3599,,HELIODORO CARLOS DIAZ ESCARRAGA,ELIZABETH HERNANDEZ REYES
20,OAXACA,7,Juchitán de Zaragoza,227,444,11070,49932,11437,3527,432,8917,,10592,115,3272,99294,227045,0.4373,,EMILIO  ANDRES MENDOZA KAPLAN,FRANCISCO JAVIER GARCIA LOPEZ
20,OAXACA,8,Oaxaca de Juárez,171,453,20702,32657,17169,9334,1931,1381,,11782,7462,6628,109046,271069,0.4023,,MANUEL ESTEBAN DE  ESESARTE PESQUEIRA,PAOLA ESPAÑA LOPEZ
20,OAXACA,9,Santa Lucía del Camino,202,424,14985,31931,10622,7160,3969,1296,,7802,1062,5362,84189,239246,0.3519,,TEOFILO  MANUEL GARCIA CORPUS,CLAUDIA DEL CARMEN SILVA FERNANDEZ
20,OAXACA,10,Miahuatlán de Porfirio Díaz,214,396,18264,37463,7268,4298,5007,716,,8448,32,4766,86262,207806,0.4151,,HECTOR PABLO RAMIREZ PUGA LEYVA,JUDITH MARISOL RAMOS RAMOS
20,OAXACA,11,Santiago Pinotepa Nacional,193,430,7537,50512,30690,4518,321,722,,9302,23,3575,107200,234043,0.458,,JOSE ANTONIO YGLESIAS ARREOLA,ZORY MARYSTEL ZIGA MARTINEZ
21,PUEBLA,1,Huauchinango de Degollado,178,436,28220,54740,8272,4054,2433,491,,3854,64,5880,108008,231511,0.4665,,ARDELIO VARGAS FOSADO,RICARDO URZUA RIVERA
21,PUEBLA,2,Zacatlán,162,390,17844,49838,3831,4588,4973,486,,4114,47,4806,90527,217761,0.4157,,JUAN CARLOS LASTIRI QUIROS,MALCO RAMIREZ MARTINEZ
21,PUEBLA,3,Teziutlán,171,395,29094,40692,5168,5005,2002,586,,5425,39,5098,93109,221701,0.42,,JORGE ALBERTO JURAIDINI RUMILLA,RAMON DANIEL MARTAGON LOPEZ
21,PUEBLA,4,Zacapoaxtla,181,407,18577,41696,6715,2459,8998,616,,5293,27,5347,89728,221817,0.4045,,JOSE OSCAR AGUILAR GONZALEZ,MARIA EUGENIA CABRERA HUERTA
21,PUEBLA,5,San Martín Texmelucan de Labastida,143,380,19869,34063,4857,6351,5501,585,,4636,58,4200,80120,232037,0.3453,,JANET GRACIELA GONZALEZ TOSTADO,CARLOS SANCHEZ ROMERO
21,PUEBLA,6,Heroica Puebla de Zaragoza,166,456,25786,38077,4998,9923,4287,1450,,9206,216,11676,105619,276943,0.3814,,FRANCISCO RAMOS MONTAÑO,ANA LAURA ROMERO SIERRA
21,PUEBLA,7,Tepeaca,117,364,17776,34670,4728,5215,2293,545,,4358,70,3753,73408,218643,0.3357,,JOSE ALBERTO GONZALEZ MORALES,MARIA DE LOURDES ROSALINDA BRETON SANCHEZ
21,PUEBLA,8,Ciudad Serdán,140,345,19646,38473,5886,2958,1513,668,,3821,36,3116,76117,199619,0.3813,,FERNANDO MORALES MARTINEZ,NESTOR CAMARILLO MEDINA
21,PUEBLA,9,Heroica Puebla de Zaragoza,179,448,26689,30478,4606,10282,4117,1293,,9640,242,11554,98901,268775,0.368,,BLANCA ESTELA JIMENEZ HERNANDEZ,VICTOR MANUEL CARRETO PACHECO
21,PUEBLA,10,Cholula de Rivadavia,124,400,23759,28668,6246,8342,2817,923,,8287,148,7757,86947,248934,0.3493,,JUAN PABLO JIMENEZ CONCHA,MATILDE ROLDAN CASTILLO
21,PUEBLA,11,Heroica Puebla de Zaragoza,183,464,33958,,4532,,6282,1620,37582,8145,321,13464,105904,276589,0.3829,,JUAN CARLOS NATALE LOPEZ,MIGUEL SERGIO ALCANTARA SILVA
21,PUEBLA,12,Heroica Puebla de Zaragoza,180,454,30017,33040,4116,9209,8261,1467,,7885,397,13319,107711,270881,0.3976,,LEOBARDO SOTO MARTINEZ,MARIA LUISA CONDE MONTAÑO
21,PUEBLA,13,Atlixco,194,406,30239,34954,4881,3422,2557,408,,4019,49,3844,84373,225841,0.3736,,MARIA ISABEL MERLO TALAVERA,MODESTA DELGADO JUAREZ
21,PUEBLA,14,Izúcar de Matamoros,182,433,13268,35255,6233,4670,3034,613,,6510,37,3675,73295,231567,0.3165,,FRANCISCO ALBERTO JIMENEZ MERINO,JAVIER FILIBERTO GUEVARA GONZALEZ
21,PUEBLA,15,Tehuacán,113,359,23536,27686,4037,6346,6166,542,,6165,78,4151,78707,223979,0.3514,,MARIA DEL CARMEN IZAGUIRRE FRANCOS,FELIPE DE JESUS DEL SAGRADO CORAZON SOBERON ESPINOSA
21,PUEBLA,16,Ajalpan,167,355,23488,38575,4796,2308,1739,255,,3741,19,3716,78637,185824,0.4232,,JULIETA OCTAVIA MARIN TORRES,GONZALO ABRIL COGQUE
22,QUERETARO,1,Cadereyta de Montes,215,502,69855,58999,6539,9947,2071,1152,,12683,54,7600,168900,267887,0.6305,,MIGUEL MARTINEZ PEÑALOZA,MA. SOLEDAD MORADO GARCIA
22,QUERETARO,2,San Juan del Río,159,494,59869,59375,5904,14047,4813,1790,,8108,134,7835,161875,292127,0.5541,,ADRIANA FUENTES CORTES,MARIO OCHOA PARRA
22,QUERETARO,3,Santiago de Querétaro,190,499,64824,65744,4293,12963,5931,1653,,6448,267,7170,169293,298335,0.5675,,ALFREDO FRANCISCO LUGO OÑATE,MARIA GENOVEVA ANAVEL GONZALEZ ALVARADO
22,QUERETARO,4,Santiago de Querétaro,197,505,67736,74575,5401,12336,3160,1427,,7542,224,7443,179844,296244,0.6071,,REGINALDO RIVERA DE LA TORRE,DULCE PATRICIA ROQUE ALMAZO
23,QUINTANA ROO,1,Playa del Carmen,336,649,39205,,9565,,2570,699,71945,3492,147,5513,133136,352927,0.3772,,ROBERTO BORGE ANGULO,SUSANA HURTADO VALLEJO
23,QUINTANA ROO,2,Chetumal,208,414,14977,43214,6926,6519,5617,582,,4975,90,6288,89188,222575,0.4007,,ROSARIO ORTIZ YELADAQUI,LUIS GARCIA SILVA
23,QUINTANA ROO,3,Cancún,185,413,15647,,8552,,1953,865,38808,3887,231,5714,75657,236147,0.3204,,CARLOS MANUEL JOAQUIN GONZALEZ,OLGA HOP ARZATE
24,SAN LUIS POTOSI,1,Matehuala,327,502,47220,44106,9471,10797,3866,678,,12127,57,9861,138183,238929,0.5783,,SONIA MENDOZA DIAZ,JOSE FIDEL GARCIA PACHECO
24,SAN LUIS POTOSI,2,Soledad de Graciano Sánchez,221,440,43088,36031,10254,13601,6050,2253,,6995,154,9786,128212,239873,0.5345,,WENDY GUADALUPE RODRIGUEZ GALARZA,LUIS MANUEL CALZADA MACIAS
24,SAN LUIS POTOSI,3,Rioverde,356,524,57032,45559,9160,2742,3942,276,,6457,34,8165,133367,243744,0.5472,,SERGIO GAMA DUFOUR,BERTHA YOLANDA GOVEA DERREZA
24,SAN LUIS POTOSI,4,Ciudad Valles,245,439,41957,45547,6354,10199,10864,675,,6070,73,8269,130008,229331,0.5669,,DELIA GUERRERO CORONADO,MARIA ELIA RODRIGUEZ LUCERO
24,SAN LUIS POTOSI,5,San Luis Potosí,198,460,59425,37165,5080,11098,5399,937,,4127,327,11190,134748,267916,0.5029,,CESAR OCTAVIO PEDROZA GAITAN,ROSA IMELDA ALONSO SOTELO
24,SAN LUIS POTOSI,6,San Luis Potosí,157,436,46712,39272,5064,13291,5697,993,,4568,285,10196,126078,268852,0.4689,,JUAN PABLO ESCOBAR MARTINEZ,ALEXANDRA DANIELA CID GONZALEZ
24,SAN LUIS POTOSI,7,Tamazunchale,286,471,53773,55660,15880,6332,8685,948,,4404,15,13772,159469,240622,0.6627,,SABINO BAUTISTA CONCEPCION,ERMENTINA LARA PEREZ
25,SINALOA,1,El Fuerte,633,668,45313,54142,3579,1742,1868,185,,1070,34,1927,109860,209901,0.5234,,OSCAR LARA SALAZAR,NUBIA XICLALI RAMOS CARBAJAL
25,SINALOA,2,Los Mochis,455,569,26966,39350,6219,6062,7813,597,,1992,81,3501,92581,269062,0.3441,,ROLANDO ZUBIA RIVERA,MARIA DEL SOCORRO CALDERON GUILLEN
25,SINALOA,3,Guamuchil,511,580,30874,49097,3865,5037,5966,338,,1727,81,3016,100001,231500,0.432,,ROLANDO BOJORQUEZ GUTIERREZ,ROSA DEL CARMEN CASILLAS ALVARADO
25,SINALOA,4,Guasave,438,471,46760,49820,4232,1806,2300,183,,942,27,2067,108137,190048,0.569,,DIVA HADAMIRA GASTELUM BAJO,ROSENDO ENRIQUE CAMACHO LUQUE
25,SINALOA,5,Culiacán de Rosales,507,623,34544,39533,4369,5617,6556,662,,2709,265,5288,99543,271868,0.3661,,AARON IRIZAR LOPEZ,REYNA ARACELI TIRADO GALVEZ
25,SINALOA,6,Mazatlán,398,500,26310,40977,3565,3129,5805,664,,1767,97,3330,85644,207776,0.4122,,GERMAN CONTRERAS GARCIA,ARACELI MILLAN VELARDE
25,SINALOA,7,Culiacán de Rosales,425,525,27945,40665,3742,5031,5399,694,,2072,119,3431,89098,245269,0.3633,,OSCAR JAVIER LARA ARECHIGA,PAOLA MONCAYO LEYVA
25,SINALOA,8,Mazatlán,386,492,21243,32005,2228,5581,2150,11091,,2099,170,5043,81610,234386,0.3482,,MIGUEL ANGEL GARCIA GRANADOS,MARIBEL CHOLLET MORAN
26,SONORA,1,San Luis Río Colorado,191,481,60610,55889,7114,2008,456,389,,1939,43,3895,132343,274802,0.4816,,LEONARDO ARTURO GUILLEN MEDINA,CARMEN LIZETH VALLE VEA
26,SONORA,2,Nogales,166,489,53536,53691,2903,3090,281,4036,,3444,40,4769,125790,295535,0.4256,,MIGUEL ERNESTO POMPA CORELLA,MONICA PALACIO GARCIA
26,SONORA,3,Hermosillo,151,424,54282,60867,2027,2153,446,688,,2670,112,5502,128747,249214,0.5166,,"""ERNESTO """"EL PATO"""" DE LUCAS HOPKINS""",CECILIA ENCINAS PARRA
26,SONORA,4,Guaymas,260,483,55666,61930,10515,3039,530,517,,5206,70,4881,142354,247032,0.5763,,JOSE LUIS MARCOS LEON PEREA,PATRICIA CALLES VILLEGAS
26,SONORA,5,Hermosillo,159,410,49776,59375,1582,2080,353,738,,1937,128,5339,121308,238227,0.5092,,MANUEL IGNACIO MALORO ACOSTA GUTIERREZ,LUZ MIREYA FRANCO HERNANDEZ
26,SONORA,6,Ciudad Obregón,219,498,54161,65455,3461,2211,805,700,,3041,91,4820,134745,282592,0.4768,,ROGELIO MANUEL DIAZ BROWN RAMSBURGH,TERESITA CARAVEO GALINDO
26,SONORA,7,Navojoa,207,439,56405,56425,13017,2643,364,468,,3914,39,6396,139671,238771,0.585,,ONESIMO MARISCALES DELGADILLO,PATRICIA ELENA AMARILLAS URIAS
27,TABASCO,1,Macuspana,214,412,11943,40721,28471,3519,1677,227,,2026,22,2918,91524,221815,0.4126,,JOSE ANTONIO AYSA BERNAT,ANAHI LASTIRI FALCON
27,TABASCO,2,Heroica Cárdenas,190,399,6219,42140,36837,2707,1638,883,,1787,24,2967,95202,224792,0.4235,,MARIA ESTELA DE LA FUENTE DAGDUG,ELADIO DE LA CRUZ MALDONADO
27,TABASCO,3,Comalcalco,185,421,4526,47740,47860,3281,1852,226,,1556,44,3310,110395,244233,0.452,,CESAR FRANCISCO BURELO BURELO,AMADOR SUAREZ RUIZ
27,TABASCO,4,Villahermosa,178,439,9134,28414,34592,7250,2261,868,,2335,121,4807,89782,256004,0.3507,,ADAN AUGUSTO LOPEZ HERNANDEZ,ALEJANDRO DE LA FUENTE GODINEZ
27,TABASCO,5,Paraíso,183,417,6399,47375,43484,5112,2507,516,,1760,19,3822,110994,238378,0.4656,,NICOLAS CARLOS BELLIZIA ABOAF,ELSY DEL CARMEN MAGAÑA MADRIGAL
27,TABASCO,6,Villahermosa,183,468,10398,40979,27429,6772,2559,458,,3383,110,5185,97273,272065,0.3575,,JOSE DEL PILAR CORDOVA HERNANDEZ,MIGUEL CACHON ALVAREZ
28,TAMAULIPAS,1,Nuevo Laredo,207,556,36311,61512,6695,4824,3003,758,,1818,86,4851,119858,334847,0.3579,,CRISTABELL ZAMORA CABRERA,ADOLFO VICTOR GARCIA JIMENEZ
28,TAMAULIPAS,2,Reynosa,212,571,38170,55954,8291,5683,1664,1056,,3832,103,5035,119788,341038,0.3512,El TEPJF transcribio con error la votacion del PT (3 correcto  13 error); y del PSD (6 correcto  5 error).,JESUS EVERARDO VILLARREAL SALINAS,LAURA FELICITAS GARCIA DAVILA
28,TAMAULIPAS,3,Río Bravo,312,679,49253,71754,5109,7326,2446,1611,,3153,65,5329,146046,376407,0.388,,EDGARDO MELHEM SALINAS,LITHA DEL CARMEN GARZA PEÑA
28,TAMAULIPAS,4,H. Matamoros,173,505,40026,50686,4170,9602,2760,495,,1858,106,5140,114843,314996,0.3646,,BALTAZAR MANUEL HINOJOSA OCHOA,MARTHA ALEJANDRINA MOLINA PEREZ
28,TAMAULIPAS,5,Ciudad Victoria,221,491,29087,86985,3933,3750,5457,1105,,2701,111,4262,137391,265442,0.5176,,RODOLFO TORRE CANTU,MORELOS JAIME CARLOS CANSECO GOMEZ
28,TAMAULIPAS,6,Ciudad Mante,295,535,38394,66878,6195,5801,6354,193,,1182,19,2613,127629,257407,0.4958,,LUIS ALEJANDRO GUEVARA COBOS,SERGIO CARLOS GUAJARDO MALDONADO
28,TAMAULIPAS,7,Ciudad Madero,182,475,36568,61043,4777,7740,5940,639,,3079,82,4612,124480,277834,0.448,,FRANCISCO JAVIER MARTIN GIL ORTIZ,ESDRAS ROMERO VEGA
28,TAMAULIPAS,8,Tampico,205,445,42581,47681,4505,7692,2467,516,,2195,129,4626,112392,260245,0.4319,,JOSE FRANCISCO RABAGO CASTILLO,OLGA PATRICIA SOSA RUIZ
29,TLAXCALA,1,Apizaco,243,477,35215,,18351,,3088,718,25000,5725,103,6852,95052,260917,0.3643,,ORALIA LOPEZ HERNANDEZ,HUMBERTO AGUSTIN MACIAS ROMERO
29,TLAXCALA,2,Tlaxcala de Xicohtencatl,160,427,35450,19253,8962,9107,3660,1294,,7116,167,6593,91602,256274,0.3574,,JULIAN FRANCISCO VELAZQUEZ Y LLORENTE,PRUDENCIA FELIX JUAREZ CAPILLA
29,TLAXCALA,3,Zacatelco,205,451,35731,28093,11630,4667,3433,558,,5911,55,4868,94946,254761,0.3727,,MARIA ELENA PERLA LOPEZ LOYO,NAZARIO HERRERA ORTEGA
30,VERACRUZ,1,Pánuco,273,437,45180,50275,2550,2188,372,336,,1709,20,2446,105076,211499,0.4968,,PATRICIO CHIRINOS DEL ANGEL,NORA IRMA ESCALANTE ZAPATA
30,VERACRUZ,2,Tantoyuca,265,466,59020,65764,8745,1984,847,412,,4947,20,4694,146433,238452,0.6141,,GENARO MEJIA DE LA MERCED,NORBERTA ADALMIRA DIAZ AZUARA
30,VERACRUZ,3,Tuxpan de Rodríguez Cano,213,426,44778,44687,3027,3015,1183,340,,3777,55,3839,104701,222204,0.4712,El TEPJF recompuso el computo distrital al restar a mayoria relativa  la votacion de representacion proporcional de 2 casillas especiales que erroneamente se habian integrado.,MIGUEL MARTIN LOPEZ,JORGE VERA HERNANDEZ
30,VERACRUZ,4,Veracruz,185,434,53771,54490,1524,4391,915,452,,3296,192,5206,124237,252200,0.4926,,SALVADOR MANZUR DIAZ,ADELA ROBLES MORALES
30,VERACRUZ,5,Poza Rica de Hidalgo,203,435,42412,57702,3483,3550,1046,365,,3287,72,3958,115875,243794,0.4753,,SERGIO LORENZO QUIROZ CRUZ,LEOBARDO GOMEZ GONZALEZ
30,VERACRUZ,6,Papantla de Olarte,195,407,38539,56333,8785,4891,976,278,,6829,23,2967,119621,213442,0.5604,,FRANCISCO HERRERA JIMENEZ,MARIELA TOVAR LORENZO
30,VERACRUZ,7,Martínez de la Torre,246,481,49217,44348,5910,3208,2363,414,,3401,36,3118,112015,241652,0.4635,,ALBA LEONILA MENDEZ HERRERA,SALVADOR CARBALLO RENDON
30,VERACRUZ,8,Xalapa,279,533,43434,59987,8301,5478,1612,601,,5093,170,5264,129940,276170,0.4705,,SILVIO LAGOS GALINDO,ERIKA AYALA RIOS
30,VERACRUZ,9,Coatepec,203,446,26828,70058,5544,4570,1315,668,,4167,100,5641,118891,246802,0.4817,,JOSE FRANCISCO YUNES ZORRILLA,ANIBAL PERALTA GALICIA
30,VERACRUZ,10,Xalapa,221,473,24892,43175,6731,8182,2716,1254,,7646,321,9338,104255,268377,0.3885,,RICARDO AHUED BARDAHUIL,ROSALBA ABURTO LOPEZ
30,VERACRUZ,11,Coatzacoalcos,239,497,41642,35297,8822,5045,1760,482,,11697,124,4718,109587,267625,0.4095,,LEANDRO RAFAEL GARCIA BRINGAS,JOSE ENCARNACION URIBE POZOS
30,VERACRUZ,12,Veracruz,206,458,41277,51319,1485,4524,1062,492,,3488,139,4443,108229,261250,0.4143,El TEPJF desconto la votacion de la casilla anulada tomando los resultados del Acta de Escrutinio y Computo de Casilla  cuando  esta fue recontada  teniendo una diferencia de un voto en el PAN (118 correcto  117 error) y en el PVEM (10 correcto  9 error).,LUZ CAROLINA GUDIÑO CORRO,NELY EDITH MIRANDA HERRERA
30,VERACRUZ,13,Huatusco,216,461,30470,45950,2309,3056,45367,473,,4833,44,3426,135928,251419,0.5406,,FELIPE AMADEO FLORES ESPINOSA,FRIDA CELESTE ROSAS PERALTA
30,VERACRUZ,14,Minatitlán,214,477,31259,45033,6387,6569,1364,493,,6517,61,4233,101916,241266,0.4224,,LUIS ANTONIO MARTINEZ ARMENGOL,CIRO GONZALO FELIX PORRAS
30,VERACRUZ,15,Orizaba,225,490,21600,56222,6455,7830,1807,1002,,11025,238,7723,113902,270526,0.421,,FIDEL KURI GRAJALES,ADRIANA REFUGIO CASTELAN MACIAS
30,VERACRUZ,16,Córdoba,213,467,47322,75924,2985,4575,1403,638,,6721,126,5891,145585,266990,0.5453,,JAVIER DUARTE DE OCHOA,DANIELA NADAL RIQUELME
30,VERACRUZ,17,Cosamaloapan,288,551,38013,68978,3691,4415,3106,692,,5069,158,4541,128663,290823,0.4424,,JOSE TOMAS CARRILLO SANCHEZ,JOSE LUIS ALVAREZ MARTINEZ
30,VERACRUZ,18,Zongolica,218,432,43464,56862,13960,3418,788,420,,4052,80,5564,128608,234780,0.5478,,MARIA ISABEL PEREZ SANTOS,MARIA IRENE BARRIENTOS DE LA ROSA
30,VERACRUZ,19,San Andrés Tuxtla,216,446,37891,34492,16591,2568,861,280,,7771,60,3847,104361,241332,0.4324,,FERNANDO SANTA MARIA PRIETO,MARIA ELENA TORRES HERNANDEZ
30,VERACRUZ,20,Acayucan,208,434,37296,50272,3621,3245,758,394,,3268,215,3511,102580,235697,0.4352,,JUDITH FABIOLA VAZQUEZ SAUT,RAFAEL RODRIGUEZ GONZALEZ
30,VERACRUZ,21,Cosoleacaque,220,442,40035,53016,12076,2900,560,555,,4605,83,3537,117367,233910,0.5018,,ANTONIO BENITEZ LUCHO,EMIGDIO HELIODORO ENRIQUEZ MERLIN
31,YUCATAN,1,Valladolid,228,424,54377,,2982,,767,368,83359,1542,29,2547,145971,223723,0.6525,,LIBORIO VIDAL AGUILAR,JORGE ALBERTO VALES TRACONIS
31,YUCATAN,2,Progreso,224,456,41401,,3119,,1085,317,85048,1268,48,3617,135903,245209,0.5542,,FELIPE CERVERA HERNANDEZ,MARIA ESTER ALONZO MORALES
31,YUCATAN,3,Mérida,213,501,52655,,1880,,1874,1180,84045,1947,254,7289,151124,291007,0.5193,,ANGELICA DEL ROSARIO ARAUJO LARA,EFRAIN ERNESTO AGUILAR GONGORA
31,YUCATAN,4,Mérida,211,479,57960,,1649,,1833,1067,82806,1904,225,6849,154293,270720,0.5699,,ROLANDO RODRIGO ZAPATA BELLO,DANIEL JESUS GRANJA PENICHE
31,YUCATAN,5,Ticul,202,440,45400,,3467,,1019,292,78018,979,26,2642,131843,248432,0.5307,,MARTIN ENRIQUE CASTILLO RUZ,MARCO ALONSO VELA REYES
32,ZACATECAS,1,Fresnillo,417,580,15430,11954,46818,8394,3936,784,,32660,69,3804,123849,265684,0.4662,,GERARDO LEYVA HERNANDEZ,JESUS PADILLA ESTRADA
32,ZACATECAS,2,Jerez de García Salinas,660,783,30984,33732,36698,6556,3087,432,,4882,59,4190,120620,289054,0.4173,,RAMON JIMENEZ FUENTES,HECTOR JAIME AVILA CORTEZ
32,ZACATECAS,3,Zacatecas,436,598,19507,,43292,,2038,959,31489,15008,134,6178,118605,261175,0.4541,,HELADIO GERARDO VERVER Y VARGAS RAMIREZ,CIPRIANO MOLINA RAMIREZ
32,ZACATECAS,4,Guadalupe,357,553,20688,29899,41945,8981,3941,783,,8412,129,5490,120268,266956,0.4505,,SAMUEL HERRERA CHAVEZ,JOAQUIN CHACON RUIZ
