ID_ESTADO,NOMBRE_ESTADO,ID_DISTRITO_LOCAL,CABECERA_DISTRITAL_LOCAL,SECCIONES,CASILLAS,PRI,MC,MAS,PAN_PRD_CXQROO,PVEM_PT_MORENA_FXMQROO,NUM_VOTOS_VALIDOS,NUM_VOTOS_CAN_NREG,NUM_VOTOS_NULOS,TOTAL_VOTOS,LISTA_NOMINAL,RUTA_ACTA
23,QUINTANA ROO,1,KANTUNILKIN,54,156,854,2791,4855,5551,28703,42754,30,1782,44566,93477,
23,QUINTANA ROO,2,CANCUN,112,238,1096,6231,1451,5342,27236,41356,59,1908,43323,137914,
23,QUINTANA ROO,3,CANCUN,77,144,635,4576,1388,3132,17946,27677,35,1180,28892,80938,
23,QUINTANA ROO,4,CANCUN,62,114,615,3399,897,2949,16984,24844,33,1319,26196,64949,
23,QUINTANA ROO,5,CANCUN,80,141,1189,4508,1077,5431,14507,26712,32,1134,27878,74498,
23,QUINTANA ROO,6,CANCUN,53,116,806,4487,1054,3889,17215,27451,31,1254,28736,70194,
23,QUINTANA ROO,7,CANCUN,53,154,1366,5031,1119,6487,21349,35352,34,1392,36778,97375,
23,QUINTANA ROO,8,CANCUN,48,135,1645,4297,668,9604,15710,31924,66,1317,33307,84773,
23,QUINTANA ROO,9,TULUM,156,312,1129,5264,2452,7868,33754,50467,52,1937,52456,180224,
23,QUINTANA ROO,10,PLAYA DEL CARMEN,71,152,496,3075,1310,6879,15768,27528,32,1195,28755,87264,
23,QUINTANA ROO,11,COZUMEL,22,105,2122,2417,6078,4154,13202,27973,8,1087,29068,69706,
23,QUINTANA ROO,12,FELIPE C PUERTO,43,123,771,1702,7089,7838,24056,41456,25,1304,42785,69353,
23,QUINTANA ROO,13,BACALAR,68,137,1149,2435,4935,5900,26227,40646,10,1296,41952,75548,
23,QUINTANA ROO,14,CHETUMAL,56,129,1110,9246,1746,6475,18414,36991,21,1415,38427,70095,
23,QUINTANA ROO,15,CHETUMAL,78,141,1065,10856,1993,5870,18860,38644,24,1426,40094,78865,