CIRCUNSCRIPCION,ID_ESTADO,NOMBRE_ESTADO,ID_MUNICIPIO,MUNICIPIO,ID_DEMARCACION_TERRITORIAL,DEMARCACION_TERRITORIAL,SECCION,CASILLA,PAN,PRI,PRD,PT,PVEM,PRS,MC,NVA_ALIANZA,MORENA,ES,PAN_PRD,PRI_PVEM,CAND_IND185,NUM_VOTOS_CAN_NREG,NUM_VOTOS_VALIDOS,NUM_VOTOS_NULOS,TOTAL_VOTOS,LISTA_NOMINAL,ESTATUS_ACTA,TEPJF,OBSERVACIONES,RUTA_ACTA
1,18,NAYARIT,12,SAN BLAS,1,SAN BLAS 01,347,B,47,30,30,,53,5,,2,42,1,9,4,40,0,263,5,268,509,,MODIFICADA,RESULTADOS DERIVADOS DEL PROCESO ELECTORAL LOCAL EXTRAORDINARIO CELEBRADO EL DIA 03 DE DICIEMBRE DE 2017,
1,18,NAYARIT,12,SAN BLAS,1,SAN BLAS 01,347,C01,50,47,39,,44,3,,3,36,1,4,9,32,0,268,2,270,509,,MODIFICADA,RESULTADOS DERIVADOS DEL PROCESO ELECTORAL LOCAL EXTRAORDINARIO CELEBRADO EL DIA 03 DE DICIEMBRE DE 2017,
1,18,NAYARIT,12,SAN BLAS,1,SAN BLAS 01,347,C02,31,24,34,,41,2,,7,59,1,11,5,39,0,254,2,256,509,,MODIFICADA,RESULTADOS DERIVADOS DEL PROCESO ELECTORAL LOCAL EXTRAORDINARIO CELEBRADO EL DIA 03 DE DICIEMBRE DE 2017,
1,18,NAYARIT,12,SAN BLAS,1,SAN BLAS 01,351,B,66,34,36,,41,17,,22,91,2,5,13,34,0,361,4,365,744,,MODIFICADA,RESULTADOS DERIVADOS DEL PROCESO ELECTORAL LOCAL EXTRAORDINARIO CELEBRADO EL DIA 03 DE DICIEMBRE DE 2017,
1,18,NAYARIT,12,SAN BLAS,1,SAN BLAS 01,352,B,34,43,26,,66,15,,18,90,3,5,11,20,0,331,6,337,734,,MODIFICADA,RESULTADOS DERIVADOS DEL PROCESO ELECTORAL LOCAL EXTRAORDINARIO CELEBRADO EL DIA 03 DE DICIEMBRE DE 2017,
1,18,NAYARIT,12,SAN BLAS,1,SAN BLAS 01,352,C01,39,49,27,,71,5,,24,92,2,5,16,17,0,347,3,350,733,,MODIFICADA,RESULTADOS DERIVADOS DEL PROCESO ELECTORAL LOCAL EXTRAORDINARIO CELEBRADO EL DIA 03 DE DICIEMBRE DE 2017,
