CIRCUNSCRIPCION,ID_ESTADO,NOMBRE_ESTADO,ID_DISTRITO,CABECERA_DISTRITAL,ID_MUNICIPIO,MUNICIPIO,SECCION,CASILLAS,PAN,PRI,PRD,PVEM,PT,MC,NVA_ALIANZA,MORENA,PH,ES,PRI_PVEM,CAND_IND2,NUM_VOTOS_CAN_NREG,NUM_VOTOS_VALIDOS,NUM_VOTOS_NULOS,TOTAL_VOTOS,LISTA_NOMINAL
3,4,CAMPECHE,2,SAN FRANCISCO DE CAMPECHE,1,CAMPECHE,1,1,116,142,11,9,5,12,35,43,11,10,2,,,396,10,406,576
3,4,CAMPECHE,2,SAN FRANCISCO DE CAMPECHE,1,CAMPECHE,2,1,109,107,17,9,1,6,13,46,4,19,4,,,335,16,351,648
3,4,CAMPECHE,2,SAN FRANCISCO DE CAMPECHE,1,CAMPECHE,3,1,190,146,11,13,1,3,13,45,3,8,1,,,434,19,453,667
3,4,CAMPECHE,2,SAN FRANCISCO DE CAMPECHE,1,CAMPECHE,4,15,1739,1260,127,73,38,53,213,356,42,97,175,,,4173,156,4329,9425
3,4,CAMPECHE,2,SAN FRANCISCO DE CAMPECHE,1,CAMPECHE,5,2,255,192,23,17,7,31,16,92,5,21,6,,,665,22,687,1056
3,4,CAMPECHE,2,SAN FRANCISCO DE CAMPECHE,1,CAMPECHE,6,2,226,159,12,8,9,14,23,66,8,13,7,,,545,16,561,961
3,4,CAMPECHE,1,SAN FRANCISCO DE CAMPECHE,1,CAMPECHE,7,2,95,232,34,17,9,25,83,64,11,17,9,,,596,29,625,935
3,4,CAMPECHE,2,SAN FRANCISCO DE CAMPECHE,1,CAMPECHE,8,1,170,143,16,11,8,9,25,35,10,9,7,,,443,12,455,737
3,4,CAMPECHE,2,SAN FRANCISCO DE CAMPECHE,1,CAMPECHE,9,6,932,657,60,47,29,50,126,280,57,85,12,,,2335,59,2394,4280
3,4,CAMPECHE,1,SAN FRANCISCO DE CAMPECHE,1,CAMPECHE,10,2,118,165,40,13,4,7,56,64,4,10,9,,,490,21,511,966
3,4,CAMPECHE,1,SAN FRANCISCO DE CAMPECHE,1,CAMPECHE,11,2,106,252,28,12,10,7,56,51,3,7,7,,,539,31,570,908
3,4,CAMPECHE,1,SAN FRANCISCO DE CAMPECHE,1,CAMPECHE,12,2,157,356,46,27,9,19,109,109,20,17,11,,,880,53,933,1455
3,4,CAMPECHE,1,SAN FRANCISCO DE CAMPECHE,1,CAMPECHE,13,2,216,170,46,13,9,7,65,58,4,13,13,,,614,24,638,1156
3,4,CAMPECHE,1,SAN FRANCISCO DE CAMPECHE,1,CAMPECHE,14,2,115,205,33,10,10,10,33,63,8,8,5,,,500,23,523,1008
3,4,CAMPECHE,2,SAN FRANCISCO DE CAMPECHE,1,CAMPECHE,15,2,290,187,13,6,3,11,31,61,6,11,7,,,626,23,649,1140
3,4,CAMPECHE,2,SAN FRANCISCO DE CAMPECHE,1,CAMPECHE,16,2,224,159,15,4,4,10,110,47,6,10,12,,,601,22,623,1098
3,4,CAMPECHE,7,TENABO,1,CAMPECHE,17,6,437,572,70,49,28,111,244,283,35,63,23,,,1915,84,1999,4422
3,4,CAMPECHE,2,SAN FRANCISCO DE CAMPECHE,1,CAMPECHE,18,1,137,140,16,6,8,5,28,32,2,12,7,,,393,15,408,636
3,4,CAMPECHE,2,SAN FRANCISCO DE CAMPECHE,1,CAMPECHE,19,2,264,148,14,10,7,4,26,42,4,6,9,,,534,21,555,1050
3,4,CAMPECHE,2,SAN FRANCISCO DE CAMPECHE,1,CAMPECHE,20,2,202,254,19,13,8,6,18,38,7,14,15,,,594,20,614,1084
3,4,CAMPECHE,1,SAN FRANCISCO DE CAMPECHE,1,CAMPECHE,21,2,146,331,75,16,12,6,42,87,7,21,10,,,753,26,779,1442
3,4,CAMPECHE,1,SAN FRANCISCO DE CAMPECHE,1,CAMPECHE,22,2,94,238,41,6,5,13,36,78,11,11,5,,,538,16,554,933
3,4,CAMPECHE,1,SAN FRANCISCO DE CAMPECHE,1,CAMPECHE,23,2,123,196,40,13,3,7,51,45,5,11,3,,,497,32,529,848
3,4,CAMPECHE,1,SAN FRANCISCO DE CAMPECHE,1,CAMPECHE,24,2,145,265,43,9,6,30,43,72,9,6,10,,,638,26,664,1071
3,4,CAMPECHE,1,SAN FRANCISCO DE CAMPECHE,1,CAMPECHE,25,1,70,173,14,12,6,5,36,41,2,8,6,,,373,9,382,580
3,4,CAMPECHE,1,SAN FRANCISCO DE CAMPECHE,1,CAMPECHE,26,2,115,283,43,24,8,13,68,92,18,37,13,,,714,31,745,1092
3,4,CAMPECHE,1,SAN FRANCISCO DE CAMPECHE,1,CAMPECHE,27,2,108,290,22,14,13,13,44,126,13,66,8,,,717,19,736,1141
3,4,CAMPECHE,1,SAN FRANCISCO DE CAMPECHE,1,CAMPECHE,28,1,37,197,9,5,4,7,11,41,5,13,6,,,335,15,350,570
3,4,CAMPECHE,1,SAN FRANCISCO DE CAMPECHE,1,CAMPECHE,29,2,74,233,26,17,3,10,23,118,7,30,13,,,554,27,581,855
3,4,CAMPECHE,1,SAN FRANCISCO DE CAMPECHE,1,CAMPECHE,30,2,76,236,18,21,4,6,26,68,5,22,12,,,494,33,527,760
3,4,CAMPECHE,1,SAN FRANCISCO DE CAMPECHE,1,CAMPECHE,31,1,90,185,33,16,4,8,23,55,7,16,9,,,446,12,458,708
3,4,CAMPECHE,1,SAN FRANCISCO DE CAMPECHE,1,CAMPECHE,32,2,78,154,64,14,4,8,59,54,3,12,6,,,456,22,478,774
3,4,CAMPECHE,1,SAN FRANCISCO DE CAMPECHE,1,CAMPECHE,33,2,88,155,88,10,9,7,28,52,6,8,4,,,455,27,482,886
3,4,CAMPECHE,1,SAN FRANCISCO DE CAMPECHE,1,CAMPECHE,34,2,149,216,65,17,22,9,45,65,11,14,19,,,632,33,665,1273
3,4,CAMPECHE,2,SAN FRANCISCO DE CAMPECHE,1,CAMPECHE,35,2,199,167,18,9,3,10,24,45,11,9,3,,,498,19,517,921
3,4,CAMPECHE,2,SAN FRANCISCO DE CAMPECHE,1,CAMPECHE,36,2,259,218,25,14,8,6,16,39,10,8,4,,,607,21,628,1153
3,4,CAMPECHE,2,SAN FRANCISCO DE CAMPECHE,1,CAMPECHE,37,2,181,161,24,11,2,5,17,43,6,11,5,,,466,7,473,852
3,4,CAMPECHE,2,SAN FRANCISCO DE CAMPECHE,1,CAMPECHE,38,2,137,144,8,15,9,9,24,67,6,18,1,,,438,20,458,754
3,4,CAMPECHE,3,SAN FRANCISCO DE CAMPECHE,1,CAMPECHE,39,3,229,380,108,33,35,17,77,108,16,30,15,,,1048,45,1093,1986
3,4,CAMPECHE,3,SAN FRANCISCO DE CAMPECHE,1,CAMPECHE,40,2,60,165,59,9,11,5,18,38,11,17,7,,,400,18,418,774
3,4,CAMPECHE,3,SAN FRANCISCO DE CAMPECHE,1,CAMPECHE,41,2,68,71,61,10,9,7,28,49,11,25,73,,,412,25,437,780
3,4,CAMPECHE,3,SAN FRANCISCO DE CAMPECHE,1,CAMPECHE,42,2,121,208,95,17,14,10,33,104,19,29,7,,,657,28,685,1114
3,4,CAMPECHE,1,SAN FRANCISCO DE CAMPECHE,1,CAMPECHE,43,2,123,221,141,14,11,10,24,52,10,17,6,,,629,26,655,996
3,4,CAMPECHE,1,SAN FRANCISCO DE CAMPECHE,1,CAMPECHE,44,2,81,117,90,10,5,9,33,83,14,15,10,,,467,26,493,815
3,4,CAMPECHE,1,SAN FRANCISCO DE CAMPECHE,1,CAMPECHE,45,1,74,144,62,3,12,8,33,68,4,9,5,,,422,24,446,719
3,4,CAMPECHE,1,SAN FRANCISCO DE CAMPECHE,1,CAMPECHE,46,2,100,242,37,18,7,12,51,82,14,12,9,,,584,24,608,996
3,4,CAMPECHE,1,SAN FRANCISCO DE CAMPECHE,1,CAMPECHE,47,2,83,242,20,11,3,16,123,99,5,17,11,,,630,27,657,894
3,4,CAMPECHE,1,SAN FRANCISCO DE CAMPECHE,1,CAMPECHE,48,2,121,231,25,18,3,8,42,73,8,16,10,,,555,12,567,975
3,4,CAMPECHE,1,SAN FRANCISCO DE CAMPECHE,1,CAMPECHE,49,2,108,265,27,18,11,16,39,88,12,26,13,,,623,23,646,1100
3,4,CAMPECHE,1,SAN FRANCISCO DE CAMPECHE,1,CAMPECHE,50,1,58,196,10,7,12,10,19,62,9,20,1,,,404,12,416,642
3,4,CAMPECHE,1,SAN FRANCISCO DE CAMPECHE,1,CAMPECHE,51,3,178,429,38,36,14,10,59,167,14,21,13,,,979,44,1023,1002
3,4,CAMPECHE,5,SAN FRANCISCO DE CAMPECHE,1,CAMPECHE,52,1,78,189,28,13,6,7,29,52,14,23,4,,,443,21,464,696
3,4,CAMPECHE,5,SAN FRANCISCO DE CAMPECHE,1,CAMPECHE,53,2,144,284,32,23,10,25,56,108,11,20,8,,,721,30,751,1102
3,4,CAMPECHE,5,SAN FRANCISCO DE CAMPECHE,1,CAMPECHE,54,2,89,204,29,16,8,18,78,73,10,18,7,,,550,29,579,881
3,4,CAMPECHE,5,SAN FRANCISCO DE CAMPECHE,1,CAMPECHE,55,2,132,289,93,28,31,13,59,123,19,25,6,,,818,43,861,1352
3,4,CAMPECHE,5,SAN FRANCISCO DE CAMPECHE,1,CAMPECHE,56,2,66,179,36,20,23,10,38,93,15,21,6,,,507,14,521,857
3,4,CAMPECHE,4,SAN FRANCISCO DE CAMPECHE,1,CAMPECHE,57,2,118,198,24,16,10,16,43,118,9,25,8,,,585,19,604,1013
3,4,CAMPECHE,4,SAN FRANCISCO DE CAMPECHE,1,CAMPECHE,58,2,117,225,19,12,8,14,37,132,12,23,21,,,620,33,653,1081
3,4,CAMPECHE,4,SAN FRANCISCO DE CAMPECHE,1,CAMPECHE,59,2,128,222,22,25,11,6,35,113,15,18,15,,,610,28,638,1008
3,4,CAMPECHE,3,SAN FRANCISCO DE CAMPECHE,1,CAMPECHE,60,2,60,189,57,9,8,11,28,129,14,28,6,,,539,20,559,991
3,4,CAMPECHE,3,SAN FRANCISCO DE CAMPECHE,1,CAMPECHE,61,2,56,210,40,13,6,7,27,59,10,47,9,,,484,37,521,934
3,4,CAMPECHE,3,SAN FRANCISCO DE CAMPECHE,1,CAMPECHE,62,2,82,240,48,20,11,9,13,70,5,24,6,,,528,26,554,1055
3,4,CAMPECHE,3,SAN FRANCISCO DE CAMPECHE,1,CAMPECHE,63,2,123,264,80,19,43,9,47,71,25,22,3,,,706,28,734,1349
3,4,CAMPECHE,3,SAN FRANCISCO DE CAMPECHE,1,CAMPECHE,64,2,85,264,25,17,11,9,56,122,15,27,4,,,635,26,661,1154
3,4,CAMPECHE,3,SAN FRANCISCO DE CAMPECHE,1,CAMPECHE,65,3,149,357,80,18,26,12,40,93,9,34,14,,,832,48,880,1700
3,4,CAMPECHE,3,SAN FRANCISCO DE CAMPECHE,1,CAMPECHE,66,2,69,234,43,14,8,9,34,81,12,93,11,,,608,35,643,1058
3,4,CAMPECHE,3,SAN FRANCISCO DE CAMPECHE,1,CAMPECHE,67,2,115,214,42,5,9,7,46,68,13,27,2,,,548,37,585,1020
3,4,CAMPECHE,4,SAN FRANCISCO DE CAMPECHE,1,CAMPECHE,68,2,101,248,44,28,10,12,52,86,11,18,26,,,636,28,664,1178
3,4,CAMPECHE,4,SAN FRANCISCO DE CAMPECHE,1,CAMPECHE,69,2,81,245,24,17,7,6,31,69,11,14,14,,,519,20,539,958
3,4,CAMPECHE,4,SAN FRANCISCO DE CAMPECHE,1,CAMPECHE,70,2,114,262,28,26,12,15,79,133,13,18,12,,,712,27,739,1143
3,4,CAMPECHE,5,SAN FRANCISCO DE CAMPECHE,1,CAMPECHE,71,2,91,218,44,15,47,8,33,97,14,20,14,,,601,34,635,1015
3,4,CAMPECHE,5,SAN FRANCISCO DE CAMPECHE,1,CAMPECHE,72,2,135,374,30,19,6,13,54,101,12,27,13,,,784,29,813,1289
3,4,CAMPECHE,5,SAN FRANCISCO DE CAMPECHE,1,CAMPECHE,73,3,223,348,40,17,19,19,28,80,8,33,14,,,829,47,876,1128
3,4,CAMPECHE,5,SAN FRANCISCO DE CAMPECHE,1,CAMPECHE,74,2,188,269,40,18,20,17,55,95,14,22,9,,,747,47,794,1317
3,4,CAMPECHE,5,SAN FRANCISCO DE CAMPECHE,1,CAMPECHE,75,3,228,355,59,26,32,22,74,211,22,42,12,,,1083,37,1120,1863
3,4,CAMPECHE,5,SAN FRANCISCO DE CAMPECHE,1,CAMPECHE,76,2,96,218,53,13,46,9,27,87,21,23,5,,,598,38,636,992
3,4,CAMPECHE,4,SAN FRANCISCO DE CAMPECHE,1,CAMPECHE,77,2,85,230,20,22,9,7,71,102,24,21,9,,,600,29,629,924
3,4,CAMPECHE,4,SAN FRANCISCO DE CAMPECHE,1,CAMPECHE,78,2,110,153,24,15,11,6,40,77,10,15,10,,,471,26,497,907
3,4,CAMPECHE,3,SAN FRANCISCO DE CAMPECHE,1,CAMPECHE,79,10,462,1084,196,83,52,104,241,368,42,118,42,,,2792,101,2893,6092
3,4,CAMPECHE,3,SAN FRANCISCO DE CAMPECHE,1,CAMPECHE,80,2,81,220,36,15,5,11,28,75,5,36,6,,,518,19,537,814
3,4,CAMPECHE,7,TENABO,1,CAMPECHE,81,16,1168,1631,189,148,104,187,579,832,147,208,276,,,5469,202,5671,10971
3,4,CAMPECHE,3,SAN FRANCISCO DE CAMPECHE,1,CAMPECHE,82,2,75,303,49,14,16,22,40,141,12,24,4,,,700,25,725,1235
3,4,CAMPECHE,3,SAN FRANCISCO DE CAMPECHE,1,CAMPECHE,83,7,389,902,132,69,37,26,172,311,50,95,33,,,2216,93,2309,4602
3,4,CAMPECHE,4,SAN FRANCISCO DE CAMPECHE,1,CAMPECHE,84,2,56,194,20,21,9,9,42,55,13,12,35,,,466,22,488,858
3,4,CAMPECHE,4,SAN FRANCISCO DE CAMPECHE,1,CAMPECHE,85,2,92,196,39,22,10,8,42,92,14,18,20,,,553,27,580,1042
3,4,CAMPECHE,4,SAN FRANCISCO DE CAMPECHE,1,CAMPECHE,86,2,101,132,13,13,3,10,126,114,23,22,142,,,699,37,736,1054
3,4,CAMPECHE,5,SAN FRANCISCO DE CAMPECHE,1,CAMPECHE,87,2,117,202,24,11,46,14,45,72,22,17,11,,,581,22,603,916
3,4,CAMPECHE,5,SAN FRANCISCO DE CAMPECHE,1,CAMPECHE,88,1,85,221,16,19,2,8,19,30,5,8,3,,,416,17,433,632
3,4,CAMPECHE,5,SAN FRANCISCO DE CAMPECHE,1,CAMPECHE,89,2,166,276,19,17,4,9,31,45,13,24,13,,,617,22,639,977
3,4,CAMPECHE,5,SAN FRANCISCO DE CAMPECHE,1,CAMPECHE,90,3,201,331,39,19,31,18,51,214,23,27,19,,,973,38,1011,1729
3,4,CAMPECHE,5,SAN FRANCISCO DE CAMPECHE,1,CAMPECHE,91,3,172,220,45,23,48,20,40,139,26,28,16,,,777,42,819,1648
3,4,CAMPECHE,4,SAN FRANCISCO DE CAMPECHE,1,CAMPECHE,92,3,227,470,41,41,10,12,65,128,17,18,26,,,1055,50,1105,1144
3,4,CAMPECHE,4,SAN FRANCISCO DE CAMPECHE,1,CAMPECHE,93,2,161,309,27,46,4,11,35,87,23,36,8,,,747,37,784,1114
3,4,CAMPECHE,4,SAN FRANCISCO DE CAMPECHE,1,CAMPECHE,94,2,157,227,26,27,12,18,95,118,22,26,10,,,738,30,768,1190
3,4,CAMPECHE,4,SAN FRANCISCO DE CAMPECHE,1,CAMPECHE,95,2,137,229,33,36,3,11,49,95,13,28,20,,,654,29,683,1394
3,4,CAMPECHE,4,SAN FRANCISCO DE CAMPECHE,1,CAMPECHE,96,2,102,244,25,15,7,9,36,57,12,13,38,,,558,35,593,1105
3,4,CAMPECHE,4,SAN FRANCISCO DE CAMPECHE,1,CAMPECHE,97,2,107,202,37,32,5,9,31,59,6,13,11,,,512,26,538,1117
3,4,CAMPECHE,4,SAN FRANCISCO DE CAMPECHE,1,CAMPECHE,98,2,116,240,8,38,4,14,36,74,24,34,4,,,592,22,614,881
3,4,CAMPECHE,5,SAN FRANCISCO DE CAMPECHE,1,CAMPECHE,99,2,111,200,30,15,32,16,47,95,20,15,12,,,593,27,620,1202
3,4,CAMPECHE,5,SAN FRANCISCO DE CAMPECHE,1,CAMPECHE,100,3,298,414,31,24,34,11,57,137,28,35,20,,,1089,35,1124,2136
3,4,CAMPECHE,6,SAN FRANCISCO DE CAMPECHE,1,CAMPECHE,101,4,215,424,46,33,16,34,127,185,52,36,16,,,1184,61,1245,2288
3,4,CAMPECHE,6,SAN FRANCISCO DE CAMPECHE,1,CAMPECHE,102,3,175,321,30,21,16,14,43,149,16,43,9,,,837,43,880,1611
3,4,CAMPECHE,6,SAN FRANCISCO DE CAMPECHE,1,CAMPECHE,103,2,146,220,33,17,16,12,26,75,14,17,17,,,593,23,616,1125
3,4,CAMPECHE,4,SAN FRANCISCO DE CAMPECHE,1,CAMPECHE,104,2,81,190,16,22,9,14,25,96,11,18,8,,,490,17,507,796
3,4,CAMPECHE,4,SAN FRANCISCO DE CAMPECHE,1,CAMPECHE,105,9,691,1032,123,107,66,70,204,353,49,63,95,,,2853,107,2960,6157
3,4,CAMPECHE,4,SAN FRANCISCO DE CAMPECHE,1,CAMPECHE,106,2,160,275,46,26,7,15,59,115,26,18,34,,,781,42,823,1249
3,4,CAMPECHE,6,SAN FRANCISCO DE CAMPECHE,1,CAMPECHE,107,2,132,201,54,15,10,26,50,92,14,21,7,,,622,35,657,1287
3,4,CAMPECHE,6,SAN FRANCISCO DE CAMPECHE,1,CAMPECHE,108,4,240,491,53,52,74,30,58,168,42,48,11,,,1267,69,1336,2906
3,4,CAMPECHE,6,SAN FRANCISCO DE CAMPECHE,1,CAMPECHE,109,3,186,416,50,30,44,18,34,109,14,45,13,,,959,34,993,2057
3,4,CAMPECHE,5,SAN FRANCISCO DE CAMPECHE,1,CAMPECHE,110,2,65,158,8,6,4,12,362,43,7,4,6,,,675,37,712,1209
3,4,CAMPECHE,6,SAN FRANCISCO DE CAMPECHE,1,CAMPECHE,111,3,150,356,29,24,29,9,53,100,21,24,17,,,812,36,848,1690
3,4,CAMPECHE,6,SAN FRANCISCO DE CAMPECHE,1,CAMPECHE,112,5,302,506,89,47,35,34,78,228,44,51,14,,,1428,74,1502,3313
3,4,CAMPECHE,5,SAN FRANCISCO DE CAMPECHE,1,CAMPECHE,113,2,77,108,12,7,10,4,268,36,1,7,1,,,531,30,561,835
3,4,CAMPECHE,5,SAN FRANCISCO DE CAMPECHE,1,CAMPECHE,114,2,86,142,13,2,9,4,389,42,3,4,8,,,702,34,736,1232
3,4,CAMPECHE,5,SAN FRANCISCO DE CAMPECHE,1,CAMPECHE,115,2,83,107,12,5,5,5,202,22,2,8,0,,,451,20,471,847
3,4,CAMPECHE,5,SAN FRANCISCO DE CAMPECHE,1,CAMPECHE,116,2,104,173,6,8,5,5,255,30,4,7,10,,,607,19,626,1071
3,4,CAMPECHE,5,SAN FRANCISCO DE CAMPECHE,1,CAMPECHE,117,3,130,208,14,16,16,4,358,54,5,8,8,,,821,29,850,1515
3,4,CAMPECHE,7,TENABO,1,CAMPECHE,118,2,230,240,13,14,5,13,26,13,5,24,21,,,604,33,637,859
3,4,CAMPECHE,7,TENABO,1,CAMPECHE,119,1,65,175,15,0,0,1,0,6,3,24,0,,,289,14,303,362
3,4,CAMPECHE,7,TENABO,1,CAMPECHE,120,1,104,242,82,7,8,6,18,6,4,37,11,,,525,31,556,735
3,4,CAMPECHE,7,TENABO,1,CAMPECHE,121,2,124,232,6,22,5,6,26,55,5,82,4,,,567,37,604,831
3,4,CAMPECHE,7,TENABO,1,CAMPECHE,122,2,81,259,24,16,10,11,75,52,11,19,6,,,564,21,585,930
3,4,CAMPECHE,7,TENABO,1,CAMPECHE,123,1,210,225,9,6,3,13,14,16,1,5,8,,,510,23,533,715
3,4,CAMPECHE,7,TENABO,1,CAMPECHE,124,5,448,514,42,34,6,49,80,147,24,60,116,,,1520,55,1575,2888
3,4,CAMPECHE,6,SAN FRANCISCO DE CAMPECHE,1,CAMPECHE,125,2,150,332,19,11,19,8,33,80,8,18,18,,,696,22,718,1471
3,4,CAMPECHE,6,SAN FRANCISCO DE CAMPECHE,1,CAMPECHE,126,3,188,479,18,19,18,20,23,89,13,31,19,,,917,36,953,1883
3,4,CAMPECHE,6,SAN FRANCISCO DE CAMPECHE,1,CAMPECHE,127,2,109,254,15,11,12,10,31,58,13,17,10,,,540,23,563,1003
3,4,CAMPECHE,6,SAN FRANCISCO DE CAMPECHE,1,CAMPECHE,128,1,34,93,6,0,0,0,0,4,2,7,7,,,153,7,160,219
3,4,CAMPECHE,7,TENABO,1,CAMPECHE,129,2,453,470,27,0,3,16,21,30,5,13,0,,,1038,27,1065,1381
3,4,CAMPECHE,7,TENABO,1,CAMPECHE,130,1,105,93,4,2,4,0,29,28,5,1,4,,,275,6,281,397
3,4,CAMPECHE,7,TENABO,1,CAMPECHE,131,1,101,74,0,2,0,3,10,4,1,4,0,,,199,4,203,236
3,4,CAMPECHE,7,TENABO,1,CAMPECHE,132,1,54,50,3,0,0,6,9,14,0,8,1,,,145,9,154,187
3,4,CAMPECHE,6,SAN FRANCISCO DE CAMPECHE,1,CAMPECHE,133,1,100,214,3,4,2,3,5,10,2,48,1,,,392,11,403,475
3,4,CAMPECHE,6,SAN FRANCISCO DE CAMPECHE,1,CAMPECHE,134,2,47,204,4,2,2,2,7,12,2,4,3,,,289,2,291,400
3,4,CAMPECHE,6,SAN FRANCISCO DE CAMPECHE,1,CAMPECHE,135,2,166,392,9,3,5,3,21,10,2,15,4,,,630,16,646,797
3,4,CAMPECHE,6,SAN FRANCISCO DE CAMPECHE,1,CAMPECHE,136,1,51,69,1,0,0,3,13,6,0,3,1,,,147,1,148,179
3,4,CAMPECHE,6,SAN FRANCISCO DE CAMPECHE,1,CAMPECHE,137,1,9,106,1,3,1,4,5,20,0,5,2,,,156,2,158,224
3,4,CAMPECHE,6,SAN FRANCISCO DE CAMPECHE,1,CAMPECHE,138,1,118,183,3,6,2,1,16,6,1,12,8,,,356,14,370,474
3,4,CAMPECHE,6,SAN FRANCISCO DE CAMPECHE,1,CAMPECHE,139,4,352,543,203,23,14,4,60,203,6,45,9,,,1462,90,1552,2657
3,4,CAMPECHE,6,SAN FRANCISCO DE CAMPECHE,1,CAMPECHE,140,2,179,295,27,2,5,3,35,27,2,28,7,,,610,19,629,896
3,4,CAMPECHE,6,SAN FRANCISCO DE CAMPECHE,1,CAMPECHE,141,2,207,284,15,3,2,1,46,27,0,18,8,,,611,8,619,891
3,4,CAMPECHE,6,SAN FRANCISCO DE CAMPECHE,1,CAMPECHE,142,4,369,745,128,13,12,8,113,65,6,109,25,,,1593,70,1663,2494
3,4,CAMPECHE,6,SAN FRANCISCO DE CAMPECHE,1,CAMPECHE,143,1,56,155,8,2,0,1,3,14,0,19,1,,,259,11,270,323
3,4,CAMPECHE,6,SAN FRANCISCO DE CAMPECHE,1,CAMPECHE,144,1,24,68,3,3,1,4,25,19,0,9,1,,,157,1,158,213
3,4,CAMPECHE,6,SAN FRANCISCO DE CAMPECHE,1,CAMPECHE,145,2,170,190,13,3,3,1,26,34,3,25,5,,,473,17,490,794
3,4,CAMPECHE,6,SAN FRANCISCO DE CAMPECHE,1,CAMPECHE,146,1,55,168,26,0,1,2,3,109,2,10,0,,,376,6,382,444
3,4,CAMPECHE,17,CALKINI,2,CALKINI,147,3,69,254,10,17,6,43,238,366,4,30,10,,,1047,21,1068,1501
3,4,CAMPECHE,17,CALKINI,2,CALKINI,148,2,47,210,6,13,1,39,113,284,3,34,5,,,755,21,776,1037
3,4,CAMPECHE,17,CALKINI,2,CALKINI,149,2,83,240,4,7,4,25,107,311,8,27,5,,,821,19,840,1092
3,4,CAMPECHE,17,CALKINI,2,CALKINI,150,2,45,166,5,7,1,40,104,193,3,19,7,,,590,17,607,767
3,4,CAMPECHE,17,CALKINI,2,CALKINI,151,3,115,148,8,12,4,54,96,188,3,12,5,,,645,6,651,801
3,4,CAMPECHE,17,CALKINI,2,CALKINI,152,2,80,255,10,0,4,48,78,280,4,14,0,,,773,19,792,1021
3,4,CAMPECHE,17,CALKINI,2,CALKINI,153,2,32,215,5,11,17,36,115,292,5,30,5,,,763,28,791,993
3,4,CAMPECHE,17,CALKINI,2,CALKINI,154,3,77,244,12,19,1,55,203,425,9,78,10,,,1133,32,1165,1605
3,4,CAMPECHE,17,CALKINI,2,CALKINI,155,2,55,222,9,20,4,36,130,440,10,31,9,,,966,25,991,1282
3,4,CAMPECHE,17,CALKINI,2,CALKINI,156,2,30,136,3,4,3,20,96,263,3,20,5,,,583,19,602,801
3,4,CAMPECHE,19,HECELCHAKAN,2,CALKINI,157,1,42,241,4,42,1,4,106,45,1,24,14,,,524,19,543,658
3,4,CAMPECHE,19,HECELCHAKAN,2,CALKINI,158,2,39,223,14,64,3,7,30,97,10,136,13,,,636,40,676,774
3,4,CAMPECHE,17,CALKINI,2,CALKINI,159,2,25,168,3,9,2,6,198,146,1,1,4,,,563,7,570,784
3,4,CAMPECHE,17,CALKINI,2,CALKINI,160,2,49,149,5,1,0,6,230,91,0,0,4,,,535,15,550,765
3,4,CAMPECHE,17,CALKINI,2,CALKINI,161,2,51,160,3,5,6,11,150,160,2,1,11,,,560,26,586,792
3,4,CAMPECHE,17,CALKINI,2,CALKINI,162,2,39,170,19,3,2,1,220,178,1,6,9,,,648,13,661,911
3,4,CAMPECHE,17,CALKINI,2,CALKINI,163,2,50,198,2,3,5,7,156,141,3,12,6,,,583,18,601,771
3,4,CAMPECHE,17,CALKINI,2,CALKINI,164,2,39,238,8,2,8,13,119,177,1,2,16,,,623,7,630,804
3,4,CAMPECHE,19,HECELCHAKAN,2,CALKINI,165,1,0,175,0,0,1,0,0,1,1,61,3,,,242,10,252,257
3,4,CAMPECHE,19,HECELCHAKAN,2,CALKINI,166,3,65,688,14,15,4,14,124,639,15,14,8,,,1600,33,1633,1948
3,4,CAMPECHE,19,HECELCHAKAN,2,CALKINI,167,2,50,362,7,11,4,7,88,362,11,5,10,,,917,18,935,1120
3,4,CAMPECHE,19,HECELCHAKAN,2,CALKINI,168,2,56,475,4,15,1,9,73,307,10,7,13,,,970,15,985,1205
3,4,CAMPECHE,17,CALKINI,2,CALKINI,169,2,40,345,9,26,3,10,77,539,12,11,36,,,1108,23,1131,1468
3,4,CAMPECHE,19,HECELCHAKAN,2,CALKINI,170,2,49,122,23,246,2,13,40,175,11,60,7,,,748,40,788,904
3,4,CAMPECHE,19,HECELCHAKAN,2,CALKINI,171,1,17,249,7,30,5,4,14,90,4,37,15,,,472,29,501,623
3,4,CAMPECHE,17,CALKINI,2,CALKINI,172,2,67,275,26,26,14,16,61,216,5,11,3,,,720,26,746,1284
3,4,CAMPECHE,17,CALKINI,2,CALKINI,173,3,68,357,23,6,22,17,227,495,16,15,13,,,1259,19,1278,1745
3,4,CAMPECHE,17,CALKINI,2,CALKINI,174,2,55,261,16,10,12,16,91,358,6,3,11,,,839,16,855,1139
3,4,CAMPECHE,17,CALKINI,2,CALKINI,175,3,113,417,17,14,20,24,208,530,18,8,27,,,1396,35,1431,1900
3,4,CAMPECHE,17,CALKINI,2,CALKINI,176,3,87,426,27,7,16,20,194,546,14,6,21,,,1364,42,1406,1915
3,4,CAMPECHE,17,CALKINI,2,CALKINI,177,3,79,310,9,21,23,16,226,509,6,11,21,,,1231,35,1266,1674
3,4,CAMPECHE,19,HECELCHAKAN,2,CALKINI,178,1,29,66,3,12,4,2,22,56,3,37,4,,,238,18,256,298
3,4,CAMPECHE,19,HECELCHAKAN,2,CALKINI,179,2,94,432,28,60,12,15,105,139,8,121,8,,,1022,40,1062,1272
3,4,CAMPECHE,17,CALKINI,2,CALKINI,180,3,86,724,12,19,17,14,42,528,31,6,15,,,1494,43,1537,1845
3,4,CAMPECHE,19,HECELCHAKAN,2,CALKINI,181,2,10,249,1,1,2,1,1,12,17,65,9,,,368,10,378,423
3,4,CAMPECHE,19,HECELCHAKAN,2,CALKINI,182,1,5,70,2,15,1,0,7,16,2,15,1,,,134,4,138,157
3,4,CAMPECHE,11,CIUDAD DEL CARMEN,3,CARMEN,183,6,639,617,57,38,18,28,27,198,22,21,35,20,,1720,63,1783,4106
3,4,CAMPECHE,11,CIUDAD DEL CARMEN,3,CARMEN,184,6,775,594,54,37,22,37,45,232,36,41,23,31,,1927,62,1989,4343
3,4,CAMPECHE,10,CIUDAD DEL CARMEN,3,CARMEN,185,4,592,321,36,17,39,13,19,105,18,14,28,,,1202,39,1241,2754
3,4,CAMPECHE,10,CIUDAD DEL CARMEN,3,CARMEN,186,2,281,138,16,15,19,10,17,94,9,13,1,,,613,20,633,1392
3,4,CAMPECHE,9,CIUDAD DEL CARMEN,3,CARMEN,187,3,231,195,60,18,7,14,14,99,3,12,6,,,659,25,684,1584
3,4,CAMPECHE,9,CIUDAD DEL CARMEN,3,CARMEN,188,3,384,323,36,23,9,13,12,121,16,14,8,,,959,25,984,1944
3,4,CAMPECHE,9,CIUDAD DEL CARMEN,3,CARMEN,189,2,276,184,45,10,8,13,17,86,10,16,12,,,677,21,698,1477
3,4,CAMPECHE,9,CIUDAD DEL CARMEN,3,CARMEN,190,2,276,155,27,13,14,7,13,107,4,3,2,,,621,16,637,1420
3,4,CAMPECHE,10,CIUDAD DEL CARMEN,3,CARMEN,191,3,458,227,26,9,31,17,16,113,13,12,3,,,925,30,955,2088
3,4,CAMPECHE,10,CIUDAD DEL CARMEN,3,CARMEN,192,3,260,168,19,6,9,3,18,94,5,10,15,,,607,16,623,1557
3,4,CAMPECHE,10,CIUDAD DEL CARMEN,3,CARMEN,193,1,140,87,2,6,9,5,4,47,5,9,5,,,319,6,325,592
3,4,CAMPECHE,9,CIUDAD DEL CARMEN,3,CARMEN,194,2,266,146,53,3,4,5,9,64,5,10,10,,,575,19,594,1338
3,4,CAMPECHE,9,CIUDAD DEL CARMEN,3,CARMEN,195,2,223,148,41,13,10,6,14,72,9,4,12,,,552,16,568,1292
3,4,CAMPECHE,9,CIUDAD DEL CARMEN,3,CARMEN,196,2,210,177,54,7,6,13,17,72,5,9,13,,,583,26,609,1371
3,4,CAMPECHE,9,CIUDAD DEL CARMEN,3,CARMEN,197,2,257,197,24,6,4,15,6,74,3,13,11,,,610,12,622,1439
3,4,CAMPECHE,9,CIUDAD DEL CARMEN,3,CARMEN,199,3,268,239,48,10,6,12,13,121,16,11,10,,,754,37,791,1620
3,4,CAMPECHE,9,CIUDAD DEL CARMEN,3,CARMEN,200,2,209,170,35,13,10,14,16,53,5,12,4,,,541,16,557,1079
3,4,CAMPECHE,9,CIUDAD DEL CARMEN,3,CARMEN,201,2,155,127,31,7,6,9,11,48,5,9,10,,,418,11,429,874
3,4,CAMPECHE,9,CIUDAD DEL CARMEN,3,CARMEN,202,3,375,253,57,8,10,10,13,70,10,18,10,,,834,70,904,1691
3,4,CAMPECHE,9,CIUDAD DEL CARMEN,3,CARMEN,203,2,332,205,45,7,11,5,8,52,8,14,0,,,687,25,712,1489
3,4,CAMPECHE,10,CIUDAD DEL CARMEN,3,CARMEN,204,1,227,75,7,10,9,5,5,38,6,9,1,,,392,9,401,742
3,4,CAMPECHE,10,CIUDAD DEL CARMEN,3,CARMEN,205,7,997,526,55,22,117,20,26,248,16,40,23,,,2090,61,2151,4663
3,4,CAMPECHE,10,CIUDAD DEL CARMEN,3,CARMEN,206,4,667,334,49,16,28,23,43,183,32,44,8,,,1427,29,1456,2844
3,4,CAMPECHE,9,CIUDAD DEL CARMEN,3,CARMEN,207,3,346,183,55,6,13,10,11,83,6,10,9,,,732,25,757,1580
3,4,CAMPECHE,9,CIUDAD DEL CARMEN,3,CARMEN,208,3,341,226,31,12,18,7,17,93,8,18,8,,,779,24,803,1536
3,4,CAMPECHE,9,CIUDAD DEL CARMEN,3,CARMEN,209,2,338,258,39,20,14,2,16,83,2,5,3,,,780,20,800,1418
3,4,CAMPECHE,9,CIUDAD DEL CARMEN,3,CARMEN,210,3,341,211,46,7,10,9,21,85,10,9,6,,,755,13,768,1690
3,4,CAMPECHE,9,CIUDAD DEL CARMEN,3,CARMEN,211,2,284,201,40,11,11,32,10,88,15,19,6,,,717,22,739,1490
3,4,CAMPECHE,9,CIUDAD DEL CARMEN,3,CARMEN,212,2,171,120,21,6,6,5,6,51,6,8,4,,,404,11,415,766
3,4,CAMPECHE,9,CIUDAD DEL CARMEN,3,CARMEN,213,2,235,125,20,5,6,5,9,42,6,10,0,,,463,19,482,910
3,4,CAMPECHE,9,CIUDAD DEL CARMEN,3,CARMEN,214,2,227,264,32,0,3,6,15,77,32,15,0,,,671,22,693,1231
3,4,CAMPECHE,9,CIUDAD DEL CARMEN,3,CARMEN,215,1,88,60,12,0,1,2,6,32,2,4,0,,,207,8,215,414
3,4,CAMPECHE,8,CIUDAD DEL CARMEN,3,CARMEN,216,3,235,138,28,1,17,4,14,68,11,10,0,,,526,13,539,931
3,4,CAMPECHE,8,CIUDAD DEL CARMEN,3,CARMEN,217,2,289,144,52,6,25,9,13,77,12,9,3,,,639,23,662,1256
3,4,CAMPECHE,8,CIUDAD DEL CARMEN,3,CARMEN,218,2,265,110,50,9,13,11,18,73,11,21,11,,,592,22,614,1345
3,4,CAMPECHE,10,CIUDAD DEL CARMEN,3,CARMEN,219,1,160,39,5,5,2,8,6,25,8,6,2,,,266,7,273,482
3,4,CAMPECHE,10,CIUDAD DEL CARMEN,3,CARMEN,220,1,135,112,7,0,10,5,10,55,5,18,0,,,357,11,368,654
3,4,CAMPECHE,8,CIUDAD DEL CARMEN,3,CARMEN,221,1,156,109,28,1,8,7,12,40,3,10,2,,,376,18,394,735
3,4,CAMPECHE,8,CIUDAD DEL CARMEN,3,CARMEN,222,1,108,63,39,3,22,5,4,21,3,5,0,,,273,6,279,563
3,4,CAMPECHE,8,CIUDAD DEL CARMEN,3,CARMEN,223,2,153,113,33,4,43,2,4,46,12,4,3,,,417,13,430,835
3,4,CAMPECHE,8,CIUDAD DEL CARMEN,3,CARMEN,224,2,230,157,117,14,24,3,10,67,14,4,7,,,647,20,667,1288
3,4,CAMPECHE,8,CIUDAD DEL CARMEN,3,CARMEN,225,2,288,0,45,0,17,6,10,59,10,14,155,,,604,19,623,1250
3,4,CAMPECHE,8,CIUDAD DEL CARMEN,3,CARMEN,226,2,203,122,46,9,28,7,6,75,8,12,6,,,522,14,536,1188
3,4,CAMPECHE,8,CIUDAD DEL CARMEN,3,CARMEN,227,2,305,168,52,9,16,6,16,70,6,9,9,,,666,24,690,1413
3,4,CAMPECHE,8,CIUDAD DEL CARMEN,3,CARMEN,228,2,183,102,40,8,5,7,16,56,9,14,5,,,445,11,456,998
3,4,CAMPECHE,11,CIUDAD DEL CARMEN,3,CARMEN,230,8,897,898,51,39,36,22,69,251,29,47,40,26,,2405,78,2483,6286
3,4,CAMPECHE,11,CIUDAD DEL CARMEN,3,CARMEN,231,3,381,266,25,18,8,11,21,111,10,7,27,7,,892,23,915,2056
3,4,CAMPECHE,10,CIUDAD DEL CARMEN,3,CARMEN,232,3,370,214,16,11,14,13,19,104,11,25,12,,,809,32,841,1924
3,4,CAMPECHE,10,CIUDAD DEL CARMEN,3,CARMEN,233,3,404,235,26,20,15,12,15,111,16,14,7,,,875,32,907,2004
3,4,CAMPECHE,10,CIUDAD DEL CARMEN,3,CARMEN,234,3,375,180,21,13,19,15,19,155,11,18,8,,,834,17,851,1894
3,4,CAMPECHE,8,CIUDAD DEL CARMEN,3,CARMEN,235,2,285,114,50,6,15,6,20,63,6,9,7,,,581,21,602,1309
3,4,CAMPECHE,8,CIUDAD DEL CARMEN,3,CARMEN,236,2,283,184,60,10,16,7,14,54,1,10,11,,,650,35,685,1490
3,4,CAMPECHE,8,CIUDAD DEL CARMEN,3,CARMEN,237,2,289,201,31,7,21,2,9,37,1,5,2,,,605,15,620,1156
3,4,CAMPECHE,8,CIUDAD DEL CARMEN,3,CARMEN,239,2,207,128,39,2,12,5,16,56,6,14,9,,,494,16,510,954
3,4,CAMPECHE,8,CIUDAD DEL CARMEN,3,CARMEN,240,4,259,176,75,8,12,6,7,55,9,17,7,,,631,25,656,1560
3,4,CAMPECHE,8,CIUDAD DEL CARMEN,3,CARMEN,241,4,276,153,49,8,8,12,14,69,12,9,12,,,622,25,647,1522
3,4,CAMPECHE,8,CIUDAD DEL CARMEN,3,CARMEN,242,3,294,145,41,10,8,8,10,79,13,9,14,,,631,22,653,1516
3,4,CAMPECHE,10,CIUDAD DEL CARMEN,3,CARMEN,243,4,440,297,34,9,19,21,14,106,14,11,16,,,981,29,1010,2260
3,4,CAMPECHE,11,CIUDAD DEL CARMEN,3,CARMEN,244,11,1037,981,131,64,40,22,77,278,38,44,67,21,,2800,77,2877,7615
3,4,CAMPECHE,8,CIUDAD DEL CARMEN,3,CARMEN,245,3,297,131,70,14,7,2,10,103,15,13,14,,,676,21,697,1672
3,4,CAMPECHE,8,CIUDAD DEL CARMEN,3,CARMEN,246,2,276,120,61,3,9,7,12,82,8,10,4,,,592,22,614,1448
3,4,CAMPECHE,8,CIUDAD DEL CARMEN,3,CARMEN,247,2,248,120,172,4,8,2,4,46,6,2,11,,,623,9,632,1356
3,4,CAMPECHE,8,CIUDAD DEL CARMEN,3,CARMEN,248,2,183,128,161,1,14,6,8,47,7,9,1,,,565,23,588,1306
3,4,CAMPECHE,8,CIUDAD DEL CARMEN,3,CARMEN,249,4,504,286,186,7,11,6,11,78,11,10,6,,,1116,26,1142,2649
3,4,CAMPECHE,12,SABANCUY,3,CARMEN,250,3,736,424,7,12,5,9,4,21,0,1,16,,,1235,39,1274,1827
3,4,CAMPECHE,12,SABANCUY,3,CARMEN,251,2,346,319,9,6,1,3,3,10,0,5,8,,,710,19,729,1026
3,4,CAMPECHE,12,SABANCUY,3,CARMEN,252,2,374,297,6,4,5,11,17,10,3,3,5,,,735,22,757,1014
3,4,CAMPECHE,12,SABANCUY,3,CARMEN,253,2,547,441,5,3,2,11,8,10,1,0,18,,,1046,25,1071,1492
3,4,CAMPECHE,12,SABANCUY,3,CARMEN,254,1,177,152,2,2,5,2,2,28,2,0,12,,,384,17,401,621
3,4,CAMPECHE,12,SABANCUY,3,CARMEN,255,1,154,191,2,3,1,1,2,14,1,1,8,,,378,7,385,522
3,4,CAMPECHE,12,SABANCUY,3,CARMEN,256,3,418,520,14,16,4,2,22,51,6,5,17,,,1075,26,1101,2127
3,4,CAMPECHE,12,SABANCUY,3,CARMEN,257,4,556,470,26,32,10,7,27,77,10,6,40,,,1261,39,1300,2682
3,4,CAMPECHE,12,SABANCUY,3,CARMEN,258,2,405,407,5,13,5,3,10,22,2,1,14,,,887,24,911,1408
3,4,CAMPECHE,12,SABANCUY,3,CARMEN,259,2,369,341,12,3,3,5,14,24,16,4,14,,,805,20,825,1326
3,4,CAMPECHE,12,SABANCUY,3,CARMEN,260,1,201,176,10,0,2,3,6,26,0,0,0,,,424,11,435,698
3,4,CAMPECHE,20,PALIZADA,3,CARMEN,261,2,376,327,5,5,3,0,0,11,1,0,19,,,747,21,768,1132
3,4,CAMPECHE,20,PALIZADA,3,CARMEN,262,3,499,368,17,12,6,3,2,23,1,0,22,,,953,23,976,1465
3,4,CAMPECHE,20,PALIZADA,3,CARMEN,263,2,239,297,9,22,6,3,3,49,3,2,61,,,694,27,721,962
3,4,CAMPECHE,20,PALIZADA,3,CARMEN,264,2,155,144,6,26,2,0,4,16,2,0,16,,,371,18,389,504
3,4,CAMPECHE,20,PALIZADA,3,CARMEN,265,3,657,388,11,52,3,2,16,93,6,1,47,,,1276,49,1325,2042
3,4,CAMPECHE,20,PALIZADA,3,CARMEN,266,3,505,314,31,28,3,4,13,114,2,2,65,,,1081,51,1132,1702
3,4,CAMPECHE,20,PALIZADA,3,CARMEN,267,5,764,720,46,45,14,6,98,223,10,14,59,,,1999,83,2082,3043
3,4,CAMPECHE,20,PALIZADA,3,CARMEN,268,3,547,334,42,33,4,0,44,228,2,0,33,,,1267,58,1325,1844
3,4,CAMPECHE,20,PALIZADA,3,CARMEN,269,1,184,117,13,16,2,2,8,38,4,0,12,,,396,15,411,648
3,4,CAMPECHE,20,PALIZADA,3,CARMEN,270,1,57,78,1,3,1,1,0,28,1,1,3,,,174,5,179,239
3,4,CAMPECHE,20,PALIZADA,3,CARMEN,271,2,84,148,5,38,1,1,5,19,4,1,4,,,310,31,341,785
3,4,CAMPECHE,20,PALIZADA,3,CARMEN,272,1,22,38,1,0,0,0,0,0,0,0,0,,,61,0,61,129
3,4,CAMPECHE,14,CANDELARIA,10,CANDELARIA,273,5,1182,651,16,5,7,30,9,13,4,2,28,,,1947,53,2000,3035
3,4,CAMPECHE,14,CANDELARIA,10,CANDELARIA,274,2,475,209,4,2,0,2,3,17,2,1,9,,,724,9,733,1017
3,4,CAMPECHE,14,CANDELARIA,10,CANDELARIA,275,1,263,145,0,2,2,1,2,1,0,0,0,,,416,8,424,567
3,4,CAMPECHE,14,CANDELARIA,10,CANDELARIA,276,1,167,67,3,0,1,2,0,1,1,2,0,,,244,6,250,359
3,4,CAMPECHE,14,CANDELARIA,10,CANDELARIA,277,3,676,361,2,4,2,6,2,3,1,0,10,,,1067,18,1085,1511
3,4,CAMPECHE,14,CANDELARIA,10,CANDELARIA,278,5,1183,604,13,4,11,17,6,21,5,4,26,,,1894,62,1956,3055
3,4,CAMPECHE,14,CANDELARIA,10,CANDELARIA,279,3,791,330,8,5,8,11,20,36,0,5,11,,,1225,19,1244,1884
3,4,CAMPECHE,14,CANDELARIA,10,CANDELARIA,280,2,551,241,5,1,9,6,15,10,0,14,17,,,869,13,882,1380
3,4,CAMPECHE,14,CANDELARIA,10,CANDELARIA,281,2,512,199,8,6,14,5,10,8,3,16,21,,,802,13,815,1216
3,4,CAMPECHE,14,CANDELARIA,10,CANDELARIA,282,2,417,197,8,1,5,7,7,9,0,1,5,,,657,17,674,994
3,4,CAMPECHE,14,CANDELARIA,10,CANDELARIA,283,3,636,365,16,5,16,18,9,13,4,8,12,,,1102,21,1123,1701
3,4,CAMPECHE,20,PALIZADA,3,CARMEN,284,1,31,76,6,9,1,2,0,6,0,3,2,,,136,6,142,282
3,4,CAMPECHE,14,CANDELARIA,10,CANDELARIA,285,2,329,191,3,0,1,1,6,2,0,0,3,,,536,20,556,765
3,4,CAMPECHE,14,CANDELARIA,10,CANDELARIA,286,1,98,73,2,1,0,1,0,0,0,0,1,,,176,2,178,314
3,4,CAMPECHE,14,CANDELARIA,10,CANDELARIA,287,1,124,60,0,4,1,13,3,2,0,1,0,,,208,6,214,318
3,4,CAMPECHE,14,CANDELARIA,10,CANDELARIA,288,1,166,46,3,0,3,0,3,10,0,4,0,,,235,11,246,448
3,4,CAMPECHE,14,CANDELARIA,10,CANDELARIA,289,2,250,196,0,1,1,6,2,2,0,2,23,,,483,2,485,721
3,4,CAMPECHE,14,CANDELARIA,10,CANDELARIA,290,1,30,36,1,1,1,1,0,0,0,0,0,,,70,0,70,116
3,4,CAMPECHE,14,CANDELARIA,10,CANDELARIA,291,2,478,170,5,1,5,5,7,5,1,1,0,,,678,11,689,1116
3,4,CAMPECHE,14,CANDELARIA,10,CANDELARIA,292,1,234,140,2,2,2,9,5,8,1,0,1,,,404,5,409,577
3,4,CAMPECHE,14,CANDELARIA,10,CANDELARIA,293,2,437,186,1,5,8,4,3,10,3,1,0,,,658,24,682,955
3,4,CAMPECHE,14,CANDELARIA,10,CANDELARIA,294,1,68,40,0,0,0,1,0,1,0,0,0,,,110,1,111,176
3,4,CAMPECHE,14,CANDELARIA,10,CANDELARIA,295,2,455,177,6,6,5,11,2,17,4,1,11,,,695,25,720,1174
3,4,CAMPECHE,14,CANDELARIA,10,CANDELARIA,296,1,285,149,0,4,1,5,0,5,1,1,0,,,451,4,455,664
3,4,CAMPECHE,14,CANDELARIA,10,CANDELARIA,297,1,294,171,3,1,6,10,0,1,0,0,6,,,492,16,508,705
3,4,CAMPECHE,14,CANDELARIA,10,CANDELARIA,298,2,326,227,3,2,2,7,4,12,0,10,0,,,593,14,607,913
3,4,CAMPECHE,14,CANDELARIA,10,CANDELARIA,299,2,427,213,3,2,6,6,0,36,0,1,9,,,703,28,731,1039
3,4,CAMPECHE,14,CANDELARIA,10,CANDELARIA,300,1,148,98,2,2,10,8,2,5,0,1,1,,,277,10,287,400
3,4,CAMPECHE,14,CANDELARIA,10,CANDELARIA,301,2,457,205,7,0,5,27,2,13,3,0,1,,,720,30,750,1072
3,4,CAMPECHE,14,CANDELARIA,10,CANDELARIA,302,1,103,61,7,2,2,7,3,11,0,0,4,,,200,4,204,286
3,4,CAMPECHE,15,CHAMPOTON,4,CHAMPOTON,303,2,81,329,17,10,8,15,5,30,2,1,11,,,509,17,526,800
3,4,CAMPECHE,15,CHAMPOTON,4,CHAMPOTON,304,2,86,287,12,11,13,7,26,65,1,4,10,,,522,21,543,818
3,4,CAMPECHE,15,CHAMPOTON,4,CHAMPOTON,305,2,146,324,22,21,16,11,14,63,3,6,12,,,638,33,671,1127
3,4,CAMPECHE,15,CHAMPOTON,4,CHAMPOTON,306,2,194,458,34,18,18,16,23,70,3,5,18,,,857,34,891,1405
3,4,CAMPECHE,15,CHAMPOTON,4,CHAMPOTON,307,2,115,304,24,14,33,10,26,54,5,9,15,,,609,18,627,893
3,4,CAMPECHE,15,CHAMPOTON,4,CHAMPOTON,308,2,93,226,12,5,4,5,4,30,3,0,14,,,396,12,408,424
3,4,CAMPECHE,15,CHAMPOTON,4,CHAMPOTON,309,1,102,213,13,4,12,9,9,34,1,5,8,,,410,16,426,613
3,4,CAMPECHE,15,CHAMPOTON,4,CHAMPOTON,310,2,119,329,30,8,15,13,7,44,3,5,12,,,585,13,598,843
3,4,CAMPECHE,15,CHAMPOTON,4,CHAMPOTON,311,1,65,257,14,7,58,4,8,33,2,4,6,,,458,11,469,701
3,4,CAMPECHE,15,CHAMPOTON,4,CHAMPOTON,312,3,249,510,79,24,42,12,20,82,10,4,21,,,1053,45,1098,1792
3,4,CAMPECHE,15,CHAMPOTON,4,CHAMPOTON,313,2,140,312,64,9,31,10,27,52,8,3,19,,,675,31,706,1274
3,4,CAMPECHE,15,CHAMPOTON,4,CHAMPOTON,314,2,268,365,25,10,12,5,4,58,4,5,18,,,774,30,804,1086
3,4,CAMPECHE,15,CHAMPOTON,4,CHAMPOTON,315,2,118,410,24,15,15,12,26,99,11,4,18,,,752,25,777,1259
3,4,CAMPECHE,15,CHAMPOTON,4,CHAMPOTON,316,2,113,497,35,27,18,25,23,55,10,7,26,,,836,39,875,1454
3,4,CAMPECHE,15,CHAMPOTON,4,CHAMPOTON,317,3,231,583,50,26,19,30,19,88,23,7,25,,,1101,57,1158,1992
3,4,CAMPECHE,15,CHAMPOTON,4,CHAMPOTON,318,2,188,456,52,8,14,17,21,114,7,4,9,,,890,35,925,1464
3,4,CAMPECHE,15,CHAMPOTON,4,CHAMPOTON,319,7,650,1196,116,34,64,51,51,229,37,18,40,,,2486,117,2603,4500
3,4,CAMPECHE,16,SEYBAPLAYA,4,CHAMPOTON,320,3,104,366,184,7,91,12,140,127,6,19,10,,,1066,41,1107,1599
3,4,CAMPECHE,16,SEYBAPLAYA,4,CHAMPOTON,321,2,32,202,30,3,73,10,71,114,1,4,4,,,544,24,568,784
3,4,CAMPECHE,16,SEYBAPLAYA,4,CHAMPOTON,322,2,39,281,57,4,71,10,80,113,8,20,4,,,687,26,713,1073
3,4,CAMPECHE,16,SEYBAPLAYA,4,CHAMPOTON,323,2,29,319,23,2,43,13,116,116,5,12,1,,,679,33,712,1015
3,4,CAMPECHE,16,SEYBAPLAYA,4,CHAMPOTON,324,2,37,266,69,6,44,17,84,146,6,19,11,,,705,34,739,1096
3,4,CAMPECHE,16,SEYBAPLAYA,4,CHAMPOTON,325,2,45,341,88,11,62,8,120,125,5,37,17,,,859,41,900,1316
3,4,CAMPECHE,16,SEYBAPLAYA,4,CHAMPOTON,326,1,31,229,160,2,11,3,38,23,3,6,0,,,506,17,523,729
3,4,CAMPECHE,16,SEYBAPLAYA,4,CHAMPOTON,327,3,238,517,32,16,10,32,124,185,2,6,28,,,1190,48,1238,1576
3,4,CAMPECHE,16,SEYBAPLAYA,4,CHAMPOTON,328,2,181,326,34,7,10,21,136,158,0,9,22,,,904,36,940,1290
3,4,CAMPECHE,16,SEYBAPLAYA,4,CHAMPOTON,329,2,61,340,32,14,2,11,40,17,0,0,22,,,539,36,575,796
3,4,CAMPECHE,16,SEYBAPLAYA,4,CHAMPOTON,330,2,32,435,20,20,5,24,70,138,5,3,26,,,778,32,810,1063
3,4,CAMPECHE,16,SEYBAPLAYA,4,CHAMPOTON,331,6,790,1024,97,36,21,20,114,230,7,3,71,,,2413,63,2476,3797
3,4,CAMPECHE,16,SEYBAPLAYA,4,CHAMPOTON,332,1,33,148,10,3,3,5,24,60,1,4,4,,,295,15,310,505
3,4,CAMPECHE,16,SEYBAPLAYA,4,CHAMPOTON,333,2,136,238,89,19,12,35,35,71,6,4,13,,,658,33,691,1076
3,4,CAMPECHE,16,SEYBAPLAYA,4,CHAMPOTON,334,4,100,274,14,17,3,36,82,105,9,5,12,,,657,13,670,971
3,4,CAMPECHE,16,SEYBAPLAYA,4,CHAMPOTON,335,1,167,123,16,10,9,40,6,34,3,1,3,,,412,14,426,719
3,4,CAMPECHE,16,SEYBAPLAYA,4,CHAMPOTON,336,2,112,194,76,9,5,15,21,27,1,3,12,,,475,34,509,879
3,4,CAMPECHE,16,SEYBAPLAYA,4,CHAMPOTON,337,2,45,250,29,7,4,6,8,95,4,1,9,,,458,34,492,764
3,4,CAMPECHE,15,CHAMPOTON,4,CHAMPOTON,338,1,9,98,8,5,1,6,1,18,0,3,2,,,151,7,158,222
3,4,CAMPECHE,16,SEYBAPLAYA,4,CHAMPOTON,339,1,154,135,17,0,0,1,9,14,1,0,0,,,331,9,340,528
3,4,CAMPECHE,16,SEYBAPLAYA,4,CHAMPOTON,340,3,263,373,88,19,24,23,28,289,5,5,10,,,1127,74,1201,2126
3,4,CAMPECHE,15,CHAMPOTON,4,CHAMPOTON,341,2,131,434,7,11,9,6,26,194,7,4,25,,,854,38,892,1178
3,4,CAMPECHE,16,SEYBAPLAYA,4,CHAMPOTON,342,2,293,339,19,3,10,5,16,54,4,2,32,,,777,31,808,1098
3,4,CAMPECHE,16,SEYBAPLAYA,4,CHAMPOTON,343,2,219,342,11,0,11,5,10,44,0,1,0,,,643,21,664,940
3,4,CAMPECHE,15,CHAMPOTON,4,CHAMPOTON,344,1,102,256,13,4,4,3,16,36,2,2,14,,,452,16,468,700
3,4,CAMPECHE,15,CHAMPOTON,4,CHAMPOTON,345,2,37,258,22,12,12,6,9,109,10,0,27,,,502,26,528,840
3,4,CAMPECHE,15,CHAMPOTON,4,CHAMPOTON,346,2,87,319,24,13,2,5,6,98,6,1,30,,,591,24,615,994
3,4,CAMPECHE,16,SEYBAPLAYA,4,CHAMPOTON,347,2,175,412,98,6,4,15,57,92,1,1,8,,,869,37,906,1409
3,4,CAMPECHE,16,SEYBAPLAYA,4,CHAMPOTON,348,1,110,186,21,9,13,8,11,20,3,2,18,,,401,37,438,690
3,4,CAMPECHE,15,CHAMPOTON,4,CHAMPOTON,349,2,159,393,40,12,10,7,7,32,10,1,15,,,686,18,704,1062
3,4,CAMPECHE,15,CHAMPOTON,4,CHAMPOTON,350,2,365,431,21,14,8,1,10,20,1,1,34,,,906,27,933,1293
3,4,CAMPECHE,15,CHAMPOTON,4,CHAMPOTON,351,1,123,193,9,5,2,4,3,6,0,0,4,,,349,7,356,428
3,4,CAMPECHE,16,SEYBAPLAYA,4,CHAMPOTON,352,1,184,114,32,4,2,6,4,10,1,2,0,,,359,12,371,582
3,4,CAMPECHE,16,SEYBAPLAYA,4,CHAMPOTON,353,1,109,89,14,3,7,3,3,10,0,0,5,,,243,11,254,358
3,4,CAMPECHE,16,SEYBAPLAYA,4,CHAMPOTON,354,1,246,121,30,7,9,3,9,21,3,1,3,,,453,11,464,663
3,4,CAMPECHE,16,SEYBAPLAYA,4,CHAMPOTON,355,1,54,101,2,10,5,3,2,9,0,1,2,,,189,9,198,262
3,4,CAMPECHE,21,XPUJIL,9,ESCARCEGA,356,3,304,582,219,0,2,2,7,24,2,1,0,,,1143,55,1198,1739
3,4,CAMPECHE,21,XPUJIL,9,ESCARCEGA,357,1,61,274,42,7,1,3,0,3,0,1,19,,,411,17,428,611
3,4,CAMPECHE,21,XPUJIL,9,ESCARCEGA,358,1,57,109,36,1,5,6,1,9,0,0,3,,,227,3,230,320
3,4,CAMPECHE,21,XPUJIL,11,CALAKMUL,359,2,293,324,14,3,2,2,19,6,2,1,16,,,682,11,693,852
3,4,CAMPECHE,21,XPUJIL,11,CALAKMUL,360,2,456,266,22,1,1,2,23,15,0,2,13,,,801,22,823,1172
3,4,CAMPECHE,21,XPUJIL,9,ESCARCEGA,361,2,184,402,88,9,3,1,23,8,2,2,44,,,766,35,801,1365
3,4,CAMPECHE,21,XPUJIL,11,CALAKMUL,362,2,171,277,9,2,12,13,13,36,0,1,12,,,546,23,569,826
3,4,CAMPECHE,19,HECELCHAKAN,5,HECELCHAKAN,363,3,463,345,17,29,9,5,194,96,7,229,37,,,1431,51,1482,1835
3,4,CAMPECHE,19,HECELCHAKAN,5,HECELCHAKAN,364,3,358,304,16,26,5,6,213,101,7,367,28,,,1431,49,1480,1891
3,4,CAMPECHE,19,HECELCHAKAN,5,HECELCHAKAN,365,2,100,183,14,14,4,1,131,71,8,116,15,,,657,20,677,857
3,4,CAMPECHE,19,HECELCHAKAN,5,HECELCHAKAN,366,2,220,156,26,9,3,2,162,76,3,130,20,,,807,34,841,1095
3,4,CAMPECHE,19,HECELCHAKAN,5,HECELCHAKAN,367,2,213,156,18,5,4,49,241,98,4,72,12,,,872,36,908,1144
3,4,CAMPECHE,19,HECELCHAKAN,5,HECELCHAKAN,368,2,245,157,25,7,2,4,207,74,4,99,14,,,838,34,872,1083
3,4,CAMPECHE,19,HECELCHAKAN,5,HECELCHAKAN,369,1,233,155,6,1,0,1,11,5,0,126,27,,,565,7,572,625
3,4,CAMPECHE,19,HECELCHAKAN,5,HECELCHAKAN,370,2,382,124,7,6,1,3,17,42,7,463,6,,,1058,41,1099,1249
3,4,CAMPECHE,19,HECELCHAKAN,5,HECELCHAKAN,371,2,323,141,12,6,0,1,47,27,3,169,16,,,745,17,762,822
3,4,CAMPECHE,19,HECELCHAKAN,5,HECELCHAKAN,372,2,510,149,10,13,0,3,21,26,17,397,26,,,1172,34,1206,1355
3,4,CAMPECHE,19,HECELCHAKAN,5,HECELCHAKAN,373,2,292,175,3,7,1,1,53,15,1,217,14,,,779,19,798,882
3,4,CAMPECHE,19,HECELCHAKAN,5,HECELCHAKAN,374,1,97,80,5,0,2,0,9,4,3,67,2,,,269,12,281,307
3,4,CAMPECHE,19,HECELCHAKAN,5,HECELCHAKAN,375,2,577,249,7,21,3,5,20,52,1,203,12,,,1150,37,1187,1417
3,4,CAMPECHE,19,HECELCHAKAN,5,HECELCHAKAN,376,2,421,278,10,37,5,4,25,66,3,227,10,,,1086,26,1112,1366
3,4,CAMPECHE,19,HECELCHAKAN,5,HECELCHAKAN,377,2,342,245,10,22,4,3,9,75,4,122,12,,,848,30,878,1072
3,4,CAMPECHE,19,HECELCHAKAN,5,HECELCHAKAN,378,2,495,282,3,13,2,8,18,65,3,96,15,,,1000,40,1040,1299
3,4,CAMPECHE,19,HECELCHAKAN,5,HECELCHAKAN,379,2,417,233,2,7,5,6,19,25,2,164,18,,,898,27,925,1124
3,4,CAMPECHE,19,HECELCHAKAN,5,HECELCHAKAN,380,2,236,109,1,2,1,0,1,1,2,152,11,,,516,9,525,1235
3,4,CAMPECHE,18,HOPELCHEN,6,HOPELCHEN,381,3,264,472,1,6,28,29,216,50,9,1,23,,,1099,38,1137,1635
3,4,CAMPECHE,18,HOPELCHEN,6,HOPELCHEN,382,4,340,596,11,5,31,18,257,47,14,2,40,,,1361,45,1406,2764
3,4,CAMPECHE,18,HOPELCHEN,6,HOPELCHEN,383,2,134,347,5,3,21,9,124,34,0,4,23,,,704,20,724,953
3,4,CAMPECHE,18,HOPELCHEN,6,HOPELCHEN,384,2,128,296,3,8,25,15,128,31,10,4,20,,,668,32,700,923
3,4,CAMPECHE,18,HOPELCHEN,6,HOPELCHEN,385,1,119,163,1,1,3,0,6,3,0,0,0,,,296,0,296,313
3,4,CAMPECHE,18,HOPELCHEN,6,HOPELCHEN,386,1,114,119,0,1,0,0,2,1,0,0,1,,,238,2,240,364
3,4,CAMPECHE,18,HOPELCHEN,6,HOPELCHEN,387,1,119,97,1,1,3,1,1,2,0,0,0,,,225,3,228,239
3,4,CAMPECHE,18,HOPELCHEN,6,HOPELCHEN,388,3,607,595,34,8,11,14,46,207,10,3,28,,,1563,56,1619,2186
3,4,CAMPECHE,18,HOPELCHEN,6,HOPELCHEN,389,2,291,313,4,1,4,4,9,56,2,4,6,,,694,25,719,1033
3,4,CAMPECHE,18,HOPELCHEN,6,HOPELCHEN,390,1,121,94,1,3,2,1,4,1,1,0,8,,,236,0,236,268
3,4,CAMPECHE,18,HOPELCHEN,6,HOPELCHEN,391,1,75,125,5,1,2,1,16,5,1,0,11,,,242,4,246,349
3,4,CAMPECHE,18,HOPELCHEN,6,HOPELCHEN,392,1,42,103,0,0,0,0,3,0,0,0,3,,,151,2,153,163
3,4,CAMPECHE,18,HOPELCHEN,6,HOPELCHEN,393,1,49,51,0,1,0,0,12,1,0,0,2,,,116,2,118,138
3,4,CAMPECHE,18,HOPELCHEN,6,HOPELCHEN,394,1,234,290,2,0,3,1,31,50,0,0,8,,,619,14,633,721
3,4,CAMPECHE,18,HOPELCHEN,6,HOPELCHEN,395,2,230,298,28,7,10,29,10,15,5,2,6,,,640,18,658,780
3,4,CAMPECHE,18,HOPELCHEN,6,HOPELCHEN,396,1,143,217,8,0,1,6,17,1,0,0,0,,,393,3,396,480
3,4,CAMPECHE,18,HOPELCHEN,6,HOPELCHEN,397,1,234,203,3,1,2,2,38,4,0,0,8,,,495,10,505,616
3,4,CAMPECHE,18,HOPELCHEN,6,HOPELCHEN,398,1,249,277,4,0,8,2,15,7,0,1,7,,,570,11,581,718
3,4,CAMPECHE,18,HOPELCHEN,6,HOPELCHEN,399,1,99,190,3,0,10,10,21,5,1,3,0,,,342,20,362,463
3,4,CAMPECHE,18,HOPELCHEN,6,HOPELCHEN,400,2,467,483,1,0,3,0,12,11,1,0,15,,,993,16,1009,1136
3,4,CAMPECHE,18,HOPELCHEN,6,HOPELCHEN,401,2,435,499,2,6,0,0,7,11,0,2,245,,,1207,18,1225,1098
3,4,CAMPECHE,18,HOPELCHEN,6,HOPELCHEN,402,1,36,93,1,2,2,1,3,3,1,0,5,,,147,7,154,688
3,4,CAMPECHE,18,HOPELCHEN,6,HOPELCHEN,403,2,254,306,2,3,45,14,95,6,0,1,12,,,738,27,765,1227
3,4,CAMPECHE,18,HOPELCHEN,6,HOPELCHEN,404,2,194,246,2,2,17,2,56,18,0,0,15,,,552,18,570,770
3,4,CAMPECHE,18,HOPELCHEN,6,HOPELCHEN,405,1,36,72,0,0,1,0,5,0,0,0,4,,,118,3,121,607
3,4,CAMPECHE,18,HOPELCHEN,6,HOPELCHEN,406,1,112,106,8,0,15,0,50,3,0,1,0,,,295,6,301,459
3,4,CAMPECHE,18,HOPELCHEN,6,HOPELCHEN,407,2,329,229,5,2,16,1,19,9,2,0,3,,,615,14,629,779
3,4,CAMPECHE,18,HOPELCHEN,6,HOPELCHEN,408,1,102,226,2,0,4,4,8,4,0,0,2,,,352,5,357,405
3,4,CAMPECHE,18,HOPELCHEN,6,HOPELCHEN,409,1,303,282,0,0,3,2,18,4,2,0,10,,,624,4,628,724
3,4,CAMPECHE,18,HOPELCHEN,6,HOPELCHEN,410,2,617,459,6,3,4,5,101,8,4,0,2,,,1209,18,1227,1328
3,4,CAMPECHE,18,HOPELCHEN,6,HOPELCHEN,411,1,83,63,1,3,0,1,13,1,0,0,0,,,165,2,167,170
3,4,CAMPECHE,18,HOPELCHEN,6,HOPELCHEN,412,1,130,134,0,0,2,1,4,2,0,1,3,,,277,5,282,302
3,4,CAMPECHE,21,XPUJIL,11,CALAKMUL,413,1,32,58,0,1,0,0,3,2,0,0,5,,,101,8,109,120
3,4,CAMPECHE,18,HOPELCHEN,6,HOPELCHEN,413,1,115,104,0,0,0,0,0,1,0,0,0,,,220,7,227,255
3,4,CAMPECHE,21,XPUJIL,6,HOPELCHEN,413,1,124,105,0,2,1,3,11,3,0,0,0,,,249,3,252,267
3,4,CAMPECHE,21,XPUJIL,11,CALAKMUL,414,1,71,67,18,1,2,0,9,3,1,0,2,,,174,7,181,232
3,4,CAMPECHE,21,XPUJIL,11,CALAKMUL,415,3,497,442,36,10,9,22,81,27,5,6,37,,,1172,30,1202,1560
3,4,CAMPECHE,21,XPUJIL,11,CALAKMUL,416,1,41,54,6,1,7,3,6,6,0,4,4,,,132,9,141,185
3,4,CAMPECHE,21,XPUJIL,11,CALAKMUL,417,7,1065,894,34,25,45,81,153,87,5,8,106,,,2503,65,2568,3464
3,4,CAMPECHE,21,XPUJIL,11,CALAKMUL,418,1,30,47,3,0,0,2,1,0,0,0,1,,,84,0,84,116
3,4,CAMPECHE,21,XPUJIL,11,CALAKMUL,419,1,66,114,1,0,3,9,6,7,4,0,6,,,216,5,221,357
3,4,CAMPECHE,21,XPUJIL,11,CALAKMUL,420,1,48,70,59,0,2,5,11,8,1,0,11,,,215,15,230,295
3,4,CAMPECHE,21,XPUJIL,11,CALAKMUL,421,3,577,388,34,9,11,9,16,27,1,1,58,,,1131,32,1163,1648
3,4,CAMPECHE,21,XPUJIL,11,CALAKMUL,422,2,282,196,4,2,6,4,6,3,1,2,16,,,522,10,532,825
3,4,CAMPECHE,21,XPUJIL,11,CALAKMUL,423,1,80,95,2,0,7,0,3,1,0,0,7,,,195,5,200,237
3,4,CAMPECHE,21,XPUJIL,11,CALAKMUL,424,1,158,92,5,3,4,2,2,4,1,0,2,,,273,4,277,379
3,4,CAMPECHE,21,XPUJIL,11,CALAKMUL,425,2,180,255,34,12,10,19,47,20,3,1,18,,,599,33,632,968
3,4,CAMPECHE,21,XPUJIL,11,CALAKMUL,426,3,619,696,21,7,13,6,14,6,0,1,26,,,1409,40,1449,1947
3,4,CAMPECHE,21,XPUJIL,11,CALAKMUL,427,3,523,495,24,5,9,6,16,22,1,1,20,,,1122,56,1178,1597
3,4,CAMPECHE,20,PALIZADA,7,PALIZADA,428,2,423,461,9,16,3,7,33,22,1,0,54,,,1029,21,1050,1314
3,4,CAMPECHE,20,PALIZADA,7,PALIZADA,429,3,690,579,3,21,7,1,17,13,2,2,50,,,1385,39,1424,1900
3,4,CAMPECHE,20,PALIZADA,7,PALIZADA,430,1,206,124,2,0,0,0,1,0,0,0,0,,,333,9,342,410
3,4,CAMPECHE,20,PALIZADA,7,PALIZADA,431,1,375,178,1,4,0,1,6,2,0,1,11,,,579,4,583,703
3,4,CAMPECHE,20,PALIZADA,7,PALIZADA,432,1,201,118,2,4,2,0,1,0,0,0,8,,,336,1,337,403
3,4,CAMPECHE,20,PALIZADA,7,PALIZADA,433,1,284,183,0,9,2,1,8,1,0,0,23,,,511,6,517,584
3,4,CAMPECHE,20,PALIZADA,7,PALIZADA,434,1,80,67,0,0,0,0,1,0,0,0,4,,,152,0,152,177
3,4,CAMPECHE,20,PALIZADA,7,PALIZADA,435,1,272,138,2,7,0,0,4,1,0,0,8,,,432,10,442,601
3,4,CAMPECHE,20,PALIZADA,7,PALIZADA,436,1,51,35,0,0,0,0,0,1,0,0,5,,,92,2,94,103
3,4,CAMPECHE,20,PALIZADA,7,PALIZADA,439,1,347,230,0,4,0,0,0,1,0,0,9,,,591,1,592,696
3,4,CAMPECHE,7,TENABO,8,TENABO,440,2,510,481,11,25,5,1,29,25,1,6,51,,,1145,18,1163,1393
3,4,CAMPECHE,7,TENABO,8,TENABO,441,3,485,650,4,6,3,2,42,31,1,14,59,,,1297,21,1318,1514
3,4,CAMPECHE,7,TENABO,8,TENABO,442,3,510,598,2,18,3,3,33,26,3,5,62,,,1263,20,1283,1526
3,4,CAMPECHE,7,TENABO,8,TENABO,443,2,456,621,8,15,1,3,39,36,1,12,84,,,1276,28,1304,1597
3,4,CAMPECHE,7,TENABO,8,TENABO,444,1,70,64,1,1,0,0,4,0,0,0,5,,,145,1,146,161
3,4,CAMPECHE,7,TENABO,8,TENABO,445,2,262,304,8,4,6,1,76,36,6,3,20,,,726,24,750,886
3,4,CAMPECHE,7,TENABO,8,TENABO,447,1,168,162,2,0,0,2,12,5,1,0,0,,,352,3,355,380
3,4,CAMPECHE,13,ESCARCEGA,9,ESCARCEGA,448,3,406,372,113,31,11,38,32,169,21,5,65,,,1263,32,1295,2221
3,4,CAMPECHE,13,ESCARCEGA,9,ESCARCEGA,449,2,233,208,42,36,7,23,14,125,5,12,13,,,718,21,739,1321
3,4,CAMPECHE,13,ESCARCEGA,9,ESCARCEGA,450,2,222,202,43,20,5,19,13,117,6,10,21,,,678,36,714,1209
3,4,CAMPECHE,13,ESCARCEGA,9,ESCARCEGA,451,3,318,269,59,21,8,27,21,103,7,8,38,,,879,46,925,1665
3,4,CAMPECHE,13,ESCARCEGA,9,ESCARCEGA,452,1,86,115,11,1,4,15,14,86,1,1,15,,,349,15,364,600
3,4,CAMPECHE,13,ESCARCEGA,9,ESCARCEGA,453,2,138,118,34,8,7,16,26,92,14,12,11,,,476,15,491,801
3,4,CAMPECHE,13,ESCARCEGA,9,ESCARCEGA,454,3,275,384,52,28,21,33,33,142,11,7,8,,,994,34,1028,1869
3,4,CAMPECHE,13,ESCARCEGA,9,ESCARCEGA,455,2,290,236,37,17,27,8,18,50,3,3,10,,,699,18,717,1423
3,4,CAMPECHE,13,ESCARCEGA,9,ESCARCEGA,456,2,124,156,22,11,9,37,15,37,2,8,14,,,435,16,451,840
3,4,CAMPECHE,13,ESCARCEGA,9,ESCARCEGA,457,1,117,181,25,8,8,14,7,43,6,7,21,,,437,13,450,688
3,4,CAMPECHE,13,ESCARCEGA,9,ESCARCEGA,458,2,150,186,21,9,12,12,15,74,8,4,21,,,512,20,532,913
3,4,CAMPECHE,13,ESCARCEGA,9,ESCARCEGA,459,2,163,122,22,16,18,7,38,90,7,3,8,,,494,22,516,798
3,4,CAMPECHE,13,ESCARCEGA,9,ESCARCEGA,460,2,237,265,30,19,8,30,39,155,6,7,21,,,817,19,836,643
3,4,CAMPECHE,13,ESCARCEGA,9,ESCARCEGA,461,2,201,210,36,7,17,23,14,91,11,5,12,,,627,16,643,998
3,4,CAMPECHE,13,ESCARCEGA,9,ESCARCEGA,462,2,174,162,29,11,11,4,22,77,5,1,25,,,521,21,542,999
3,4,CAMPECHE,13,ESCARCEGA,9,ESCARCEGA,463,2,255,218,35,18,18,13,9,42,7,3,24,,,642,17,659,1104
3,4,CAMPECHE,13,ESCARCEGA,9,ESCARCEGA,464,3,429,297,24,11,12,11,22,88,9,2,49,,,954,34,988,1731
3,4,CAMPECHE,13,ESCARCEGA,9,ESCARCEGA,465,1,64,103,3,1,1,1,1,6,6,0,9,,,195,9,204,281
3,4,CAMPECHE,13,ESCARCEGA,9,ESCARCEGA,466,2,101,91,4,2,2,3,9,14,4,1,17,,,248,13,261,419
3,4,CAMPECHE,21,XPUJIL,9,ESCARCEGA,467,1,67,164,14,4,9,2,6,35,4,3,5,,,313,24,337,575
3,4,CAMPECHE,21,XPUJIL,9,ESCARCEGA,468,3,387,392,39,23,7,8,21,93,7,6,13,,,996,39,1035,1912
3,4,CAMPECHE,21,XPUJIL,9,ESCARCEGA,469,1,135,171,3,9,8,0,3,19,0,5,5,,,358,14,372,601
3,4,CAMPECHE,21,XPUJIL,9,ESCARCEGA,470,2,289,186,11,7,8,28,6,24,0,2,20,,,581,21,602,1032
3,4,CAMPECHE,13,ESCARCEGA,9,ESCARCEGA,471,2,356,261,14,3,7,6,7,31,2,0,4,,,691,20,711,1122
3,4,CAMPECHE,20,PALIZADA,3,CARMEN,472,2,230,186,3,12,3,4,3,182,2,3,25,,,653,30,683,942
3,4,CAMPECHE,20,PALIZADA,3,CARMEN,473,2,130,292,8,12,5,5,9,202,5,3,22,,,693,10,703,945
3,4,CAMPECHE,20,PALIZADA,3,CARMEN,474,1,64,67,1,3,0,3,2,25,0,1,10,,,176,5,181,231
3,4,CAMPECHE,13,ESCARCEGA,9,ESCARCEGA,475,2,92,129,78,36,3,77,22,24,1,1,28,,,491,24,515,886
3,4,CAMPECHE,13,ESCARCEGA,9,ESCARCEGA,476,2,95,153,33,12,7,102,6,15,6,0,20,,,449,14,463,773
3,4,CAMPECHE,13,ESCARCEGA,9,ESCARCEGA,477,2,86,173,55,17,2,156,9,15,3,1,31,,,548,22,570,1023
3,4,CAMPECHE,20,PALIZADA,3,CARMEN,478,2,356,228,6,16,3,25,5,177,3,2,11,,,832,16,848,1103
3,4,CAMPECHE,20,PALIZADA,3,CARMEN,479,1,243,123,3,3,0,7,3,20,0,1,3,,,406,9,415,561
3,4,CAMPECHE,13,ESCARCEGA,9,ESCARCEGA,480,2,251,183,14,8,4,10,3,17,0,0,16,,,506,11,517,784
3,4,CAMPECHE,13,ESCARCEGA,9,ESCARCEGA,481,2,308,218,14,2,3,7,5,29,3,0,5,,,594,4,598,1077
3,4,CAMPECHE,13,ESCARCEGA,9,ESCARCEGA,482,1,164,127,2,5,7,41,6,15,1,0,11,,,379,9,388,598
3,4,CAMPECHE,20,PALIZADA,3,CARMEN,483,1,102,70,2,4,3,0,4,34,1,0,12,,,232,6,238,324
3,4,CAMPECHE,20,PALIZADA,3,CARMEN,484,2,309,306,4,12,3,9,2,133,1,3,31,,,813,45,858,1168
3,4,CAMPECHE,13,ESCARCEGA,9,ESCARCEGA,485,1,210,126,8,6,4,6,3,9,1,0,8,,,381,8,389,627
3,4,CAMPECHE,20,PALIZADA,3,CARMEN,486,2,261,200,18,164,3,8,3,11,8,3,6,,,685,39,724,1494
3,4,CAMPECHE,20,PALIZADA,3,CARMEN,487,1,251,225,3,14,0,9,3,14,0,2,22,,,543,10,553,727
3,4,CAMPECHE,20,PALIZADA,3,CARMEN,488,1,107,87,1,21,2,3,1,3,3,0,14,,,242,7,249,411
3,4,CAMPECHE,13,ESCARCEGA,9,ESCARCEGA,489,3,269,314,61,14,11,23,16,87,19,10,22,,,846,43,889,1880
3,4,CAMPECHE,14,CANDELARIA,10,CANDELARIA,490,1,112,90,0,1,0,7,1,1,0,0,0,,,212,5,217,300
3,4,CAMPECHE,12,SABANCUY,3,CARMEN,491,2,169,92,23,10,2,7,9,83,24,13,1,,,433,11,444,856
3,4,CAMPECHE,12,SABANCUY,3,CARMEN,492,2,112,79,13,6,1,3,4,64,10,7,0,,,299,8,307,972
3,4,CAMPECHE,12,SABANCUY,3,CARMEN,493,1,158,69,14,0,1,2,1,70,10,5,0,,,330,11,341,707
3,4,CAMPECHE,12,SABANCUY,3,CARMEN,494,1,123,44,8,2,6,6,8,44,7,9,0,,,257,11,268,544
3,4,CAMPECHE,12,SABANCUY,3,CARMEN,495,1,125,59,8,6,3,3,5,21,4,3,3,,,240,7,247,538
3,4,CAMPECHE,12,SABANCUY,3,CARMEN,496,1,83,75,10,2,1,3,5,33,2,0,2,,,216,8,224,519
3,4,CAMPECHE,12,SABANCUY,3,CARMEN,497,1,83,39,10,5,1,6,3,42,3,5,3,,,200,8,208,424
3,4,CAMPECHE,12,SABANCUY,3,CARMEN,498,1,111,114,9,5,3,8,9,48,7,5,7,,,326,4,330,674
3,4,CAMPECHE,12,SABANCUY,3,CARMEN,499,1,104,36,4,2,1,5,7,50,8,9,0,,,226,11,237,448
3,4,CAMPECHE,12,SABANCUY,3,CARMEN,500,1,99,21,8,7,4,5,9,34,6,3,0,,,196,20,216,438
3,4,CAMPECHE,12,SABANCUY,3,CARMEN,501,1,90,53,2,8,2,2,4,33,4,5,7,,,210,2,212,411
3,4,CAMPECHE,12,SABANCUY,3,CARMEN,502,1,76,72,14,4,0,3,11,31,4,9,0,,,224,8,232,466
3,4,CAMPECHE,12,SABANCUY,3,CARMEN,503,1,118,42,15,7,1,9,2,46,13,11,0,,,264,16,280,562
3,4,CAMPECHE,12,SABANCUY,3,CARMEN,504,1,149,51,11,5,8,5,12,53,9,7,0,,,310,8,318,664
3,4,CAMPECHE,12,SABANCUY,3,CARMEN,505,1,76,58,2,0,3,4,4,27,0,1,0,,,175,5,180,388
3,4,CAMPECHE,12,SABANCUY,3,CARMEN,506,1,111,39,11,2,1,2,16,51,8,6,0,,,247,10,257,522
3,4,CAMPECHE,12,SABANCUY,3,CARMEN,507,1,99,47,4,5,2,2,7,19,1,6,0,,,192,12,204,404
3,4,CAMPECHE,12,SABANCUY,3,CARMEN,508,1,77,67,3,3,0,3,7,26,3,3,3,,,195,7,202,390
3,4,CAMPECHE,12,SABANCUY,3,CARMEN,509,2,157,97,12,14,4,4,14,91,11,17,4,,,425,5,430,1203
3,4,CAMPECHE,12,SABANCUY,3,CARMEN,510,1,119,63,10,0,3,5,2,41,5,2,0,,,250,1,251,528
3,4,CAMPECHE,12,SABANCUY,3,CARMEN,511,1,94,52,4,5,3,3,2,53,4,8,1,,,229,3,232,621
3,4,CAMPECHE,12,SABANCUY,3,CARMEN,512,1,107,48,2,5,3,2,3,22,1,3,1,,,197,4,201,449
3,4,CAMPECHE,12,SABANCUY,3,CARMEN,513,1,67,78,5,3,3,1,6,26,2,2,6,,,199,6,205,553
3,4,CAMPECHE,12,SABANCUY,3,CARMEN,514,1,81,72,5,5,0,2,9,33,4,1,0,,,212,2,214,503
3,4,CAMPECHE,12,SABANCUY,3,CARMEN,515,1,72,82,6,5,5,3,3,53,4,2,5,,,240,7,247,675
3,4,CAMPECHE,12,SABANCUY,3,CARMEN,516,1,63,0,6,0,3,1,4,30,1,4,98,,,210,5,215,543
3,4,CAMPECHE,12,SABANCUY,3,CARMEN,517,2,102,88,16,6,5,2,3,64,5,9,5,,,305,8,313,935
3,4,CAMPECHE,12,SABANCUY,3,CARMEN,518,1,66,56,8,1,2,3,2,24,1,1,3,,,167,2,169,439
3,4,CAMPECHE,12,SABANCUY,3,CARMEN,519,1,76,79,9,4,3,3,1,29,5,2,4,,,215,1,216,495
3,4,CAMPECHE,12,SABANCUY,3,CARMEN,520,1,90,57,10,4,5,1,6,40,9,7,1,,,230,6,236,660
3,4,CAMPECHE,12,SABANCUY,3,CARMEN,521,1,71,35,1,5,3,5,7,33,3,8,0,,,171,5,176,432
3,4,CAMPECHE,12,SABANCUY,3,CARMEN,522,1,70,66,7,2,5,4,2,33,4,4,1,,,198,2,200,510
3,4,CAMPECHE,12,SABANCUY,3,CARMEN,523,1,87,80,7,0,3,0,0,19,1,6,0,,,203,2,205,501
3,4,CAMPECHE,12,SABANCUY,3,CARMEN,524,1,62,75,12,2,4,1,1,25,2,5,7,,,196,11,207,451
3,4,CAMPECHE,12,SABANCUY,3,CARMEN,525,1,66,92,4,0,3,1,2,23,1,1,0,,,193,6,199,419
3,4,CAMPECHE,12,SABANCUY,3,CARMEN,526,1,40,68,5,2,9,2,2,26,2,3,8,,,167,4,171,367
3,4,CAMPECHE,12,SABANCUY,3,CARMEN,527,1,58,59,4,1,1,1,3,20,1,2,1,,,151,2,153,340
3,4,CAMPECHE,16,SEYBAPLAYA,4,CHAMPOTON,528,1,132,95,3,5,0,3,12,4,0,0,0,,,254,6,260,451
3,4,CAMPECHE,16,SEYBAPLAYA,4,CHAMPOTON,529,2,158,141,19,4,8,18,32,32,1,3,1,,,417,31,448,784
3,4,CAMPECHE,16,SEYBAPLAYA,4,CHAMPOTON,530,1,75,75,5,1,1,3,2,5,0,1,6,,,174,8,182,236