ID_ESTADO,NOMBRE_ESTADO,ID_DISTRITO,CABECERA_DISTRITAL,SECCIONES,CASILLAS,PAN,PRI,PVEM,COM_MEXICO,MOV_PROGRE,NVA_ALIANZA,NUM_VOTOS_CAN_NREG,NUM_VOTOS_NULOS,TOTAL_VOTOS,LISTA_NOMINAL,PARTICIPACION,CANDIDATO,CANDIDATO2,OBSERVACIONES
1,AGUASCALIENTES,1,JESÚS MARÍA,150,417,39408,47803,7888,0,17938,25679,114,12054,150884,256074,0.5892,J. PILAR MORENO MONTOYA,LAURA PATRICIA ROMO CASTORENA,
1,AGUASCALIENTES,2,AGUASCALIENTES,222,526,51578,51317,9837,0,31258,20528,315,14691,179524,310665,0.5779,MARIA TERESA JIMENEZ ESQUIVEL,MONICA BECERRA MORENO,
1,AGUASCALIENTES,3,AGUASCALIENTES,217,447,57508,45599,8096,0,21188,11576,209,12034,156210,245934,0.6352,JOSE ANGEL GONZALEZ SERNA,HECTOR EDUARDO ANAYA PEREZ,
2,BAJA CALIFORNIA,1,MEXICALI,177,442,45674,0,0,56451,23707,8395,64,3863,138154,254679,0.5425,BENJAMIN CASTILLO VALDEZ,MIGUEL ALFONSO VILDOSOLA LACARRA,
2,BAJA CALIFORNIA,2,MEXICALI,220,436,51840,0,0,54958,24565,6086,113,3824,141386,233080,0.6066,MARIA FERNANDA SCHROEDER VERDUGO,BEATRIZ ARIANA FLORES ALVARADO,
2,BAJA CALIFORNIA,3,ENSENADA,176,471,33779,0,0,61172,43446,4961,73,3684,147115,263022,0.5593,GILBERTO ANTONIO HIRATA CHICO,RICARDO MEDINA FIERRO,
2,BAJA CALIFORNIA,4,TIJUANA,292,550,41986,0,0,54073,47392,10663,55,3558,157727,313117,0.5037,MARIA ELIA CABAÑAS APARICIO,VIRGINIA VICTORIA MARTINEZ GUTIERREZ,
2,BAJA CALIFORNIA,5,TIJUANA,194,469,48353,0,0,47094,39782,5460,124,3458,144271,271425,0.5315,JUAN MANUEL GASTELUM BUENROSTRO,JUAN ANDRES SOLLANO GARCIA,
2,BAJA CALIFORNIA,6,TIJUANA,274,538,43542,0,0,63613,40420,6754,89,3875,158293,295543,0.5356,JAIME CHRIS LOPEZ ALVARADO,MARTIN PLASCENCIA AVILA,
2,BAJA CALIFORNIA,7,MEXICALI,195,554,47494,0,0,73527,38506,6631,93,4258,170509,328862,0.5185,DAVID PEREZ TEJADA PADILLA,FAUSTO GALLARDO GARCIA,
2,BAJA CALIFORNIA,8,TIJUANA,263,616,49460,0,0,68091,53332,7514,141,3879,182417,363507,0.5018,MAYRA KARINA ROBLES AGUIRRE,ALEJANDRA HERRERA SOTO,
3,BAJA CALIFORNIA SUR,1,SANTA ROSALIA,195,373,42876,34161,2222,0,21654,4543,72,9494,115022,185900,0.6187,FRANCISCO PELAYO COVARRUBIAS,MARTHA GUADALUPE VILLARREAL RANGEL,
3,BAJA CALIFORNIA SUR,2,LA PAZ,238,465,45484,41909,4442,0,25970,5012,106,11389,134312,244442,0.5495,ARTURO DE LA ROSA ESCALANTE,HEIDY GUADALUPE ESTRADA MARTINEZ,
4,CAMPECHE,1,CAMPECHE,255,526,50465,83741,4230,0,28920,14355,156,17521,199388,281717,0.7078,LANDY MARGARITA BERZUNZA NOVELO,LUISA DEL CARMEN ZAPATA BARREDO,
4,CAMPECHE,2,CIUDAD DEL CARMEN,233,504,58087,0,0,78149,30779,5162,69,7036,179282,282095,0.6355,ROCIO ADRIANA ABREU ARTIÑANO,ERIKA DEL CARMEN RAMAGNOLI SOSA,
5,COAHUILA,1,PIEDRAS NEGRAS,198,474,54866,57253,5549,0,18812,4441,88,11023,152032,274928,0.553,IRMA ELIZONDO RAMIREZ,MARIA DE LOURDES FLORES TREVIÑO,SM-JIN-36 SUP-REC-106.pdf
5,COAHUILA,2,SAN PEDRO,300,536,61226,67710,5284,0,27479,5783,56,11733,179271,281517,0.6368,JOSE LUIS FLORES MENDEZ,KARINA YANET RIOS ORNELAS,
5,COAHUILA,3,MONCLOVA,292,561,69680,58396,8806,0,25844,4319,91,11388,178524,298290,0.5985,MARIO ALBERTO DAVILA DELGADO,AMPARO VILLANUEVA CRUZ,
5,COAHUILA,4,SALTILLO,208,448,48361,61539,5660,0,20501,6658,84,12456,155259,257370,0.6033,FERNANDO DONATO DE LAS FUENTES HERNANDEZ,ALFIO VEGA DE LA PEÑA,
5,COAHUILA,5,TORREÓN,298,509,56722,64924,6115,0,28891,5606,81,13248,175587,271731,0.6462,SALOMON JUAN MARCOS ISSA,TEODORO ARGUIJO HERNANDEZ,
5,COAHUILA,6,TORREÓN,187,482,76662,50925,4619,0,38242,7706,128,11884,190166,288752,0.6586,MARCELO DE JESUS TORRES COFIÑO,ROCIO VAZQUEZ HERNANDEZ,
5,COAHUILA,7,SALTILLO,171,402,54143,52272,3736,0,17452,8353,68,9831,145855,229236,0.6363,ESTHER QUINTANA SALINAS,ANGELA ANCHONDO RIVERA,
6,COLIMA,1,COLIMA,213,475,57230,0,0,68965,30853,3806,109,5623,166586,251744,0.6617,MIGUEL ANGEL AGUAYO LOPEZ,LUIS FERNANDO MANCILLA FUENTES,
6,COLIMA,2,MANZANILLO,158,390,50441,0,0,62821,14015,1812,42,3892,133023,220151,0.6042,FRANCISCO ALBERTO ZEPEDA GONZALEZ,DUNIA ELIANE DE LA VEGA PRECIADO,
7,CHIAPAS,1,PALENQUE,160,496,25459,0,0,101261,56357,2899,36,11562,197574,275943,0.716,LOURDES ADRIANA LOPEZ MORENO,LETICIA PEREZ GUSMAN,
7,CHIAPAS,2,BOCHIL,142,422,15565,0,0,84624,44044,6113,60,9369,159775,217101,0.7359,PEDRO GOMEZ GOMEZ,ALFONSO DIAZ PEREZ,
7,CHIAPAS,3,OCOSINGO,143,537,23339,39661,46838,0,35551,12600,42,13450,171481,249269,0.6879,AMILCAR  AUGUSTO VILLAFUERTE TRUJILLO,ANGEL DOMINGUEZ GUTIERREZ,
7,CHIAPAS,4,OCOZOCOAUTLA DE ESPINOSA,182,460,26711,0,0,85486,34254,12534,78,10747,169810,241695,0.7026,HARVEY GUTIERREZ ALVAREZ,ELISEO MAHEDA LOPEZ,
7,CHIAPAS,5,SAN CRISTÓBAL DE LAS CASAS,152,452,18948,0,0,92524,39552,4514,104,11309,166951,243777,0.6849,LUIS GOMEZ GOMEZ,CANCELADO,
7,CHIAPAS,6,TUXTLA GUTIÉRREZ,144,466,34106,0,0,84173,40522,5584,136,12287,176808,274696,0.6436,WILLIAMS OSWALDO OCHOA GALLEGOS,LEVI MIROSALVA MARTINEZ CRUZ,
7,CHIAPAS,7,TONALÁ,165,395,30631,0,0,58791,31419,9711,59,7907,138518,220074,0.6294,FRANCISCO GRAJALES PALACIOS,SILVIA TORREBLANCA ALFARO,
7,CHIAPAS,8,COMITÁN DE DOMÍNGUEZ,178,456,10729,40605,71823,0,32443,6737,88,15423,177848,260402,0.683,OSCAR  EDUARDO RAMIREZ AGUILAR,MARIO FRANCISCO GUILLEN GUILLEN,
7,CHIAPAS,9,TUXTLA GUTIÉRREZ,170,479,21296,0,0,60112,55548,14995,227,12879,165057,290398,0.5684,MARIA DEL ROSARIO DE FATIMA PARIENTE GAVITO,CARLA IBETH PEDRERO ESPINOZA,SX-JIN-13 SUP-REC-97.pdf
7,CHIAPAS,10,VILLAFLORES,175,434,29720,35266,47234,0,27646,7420,44,14445,161775,243908,0.6633,HECTOR NARCIA ALVAREZ,ESPERANZA AVENDAÑO LOPEZ,SX-JIN-10.pdf
7,CHIAPAS,11,HUIXTLA,197,469,30032,0,0,84249,42997,2703,56,10667,170704,256380,0.6658,HUGO MAURICIO PEREZ ANZUETO,RAMON GARCIA MATUS,
7,CHIAPAS,12,TAPACHULA,198,434,44963,0,0,62267,26621,10598,103,8278,152830,242960,0.629,ANTONIO DE JESUS DIAZ ATHIE,LYDIA DEL CARMEN ABARCA PINZON,
8,CHIHUAHUA,1,JUÁREZ,386,718,31402,61613,12542,0,42622,9516,127,17100,174922,378713,0.4619,ADRIANA FUENTES TELLEZ,PRISCILA MARIA ACOSTA VILLALPANDO,
8,CHIHUAHUA,2,JUÁREZ,251,363,18169,31531,5378,0,19529,4091,45,9451,88194,195331,0.4515,JOSE IGNACIO DUARTE MURILLO,LIZBETH ALONSO CARREON,
8,CHIHUAHUA,3,JUÁREZ,308,488,39168,36120,7443,0,30467,7584,143,9776,130701,245622,0.5321,CARLOS FERNANDO ANGULO PARRA,JOSE ANTONIO BADIA SAN MARTIN,
8,CHIHUAHUA,4,JUÁREZ,240,394,20684,31856,6877,0,24607,5984,67,10757,100832,210874,0.4782,LUIS ALFREDO MURGUIA LARDIZABAL,MARIA ESTHER MARTINEZ RIVERA,
8,CHIHUAHUA,5,DELICIAS,382,604,53052,72698,4875,0,20248,9381,73,12768,173095,305646,0.5663,ABRAHAM MONTES ALVARADO,JESUS AGUILAR BUENO,
8,CHIHUAHUA,6,CHIHUAHUA,303,524,63699,63940,6479,0,21017,8321,161,13979,177596,282015,0.6297,MINERVA CASTILLO RODRIGUEZ,DANIELA GARZA MAYAGOITIA,SG-JIN-4.pdf
8,CHIHUAHUA,7,CUAUHTÉMOC,501,690,32205,66539,6839,0,26219,7787,98,14831,154518,297284,0.5198,KAMEL ATHIE FLORES,SIGIFREDO GALAZ VARELA,
8,CHIHUAHUA,8,CHIHUAHUA,265,579,55186,62921,8346,0,23127,9902,164,15666,175312,317924,0.5514,PEDRO IGNACIO DOMINGUEZ ZEPEDA,RICARDO PEÑA PARRA,
8,CHIHUAHUA,9,HIDALGO DEL PARRAL,434,614,33999,77589,3325,0,10732,8289,131,14913,148978,267232,0.5575,DIANA KARINA VELAZQUEZ RAMIREZ,ROSALBA LOYA GARCIA,
9,DISTRITO FEDERAL,1,GUSTAVO A. MADERO,159,382,15423,0,0,30989,85653,4339,103,4486,140993,233289,0.6044,LIZBETH EUGENIA ROSAS MONTERO,CARMEN ALICIA VERA JUAREZ,
9,DISTRITO FEDERAL,2,GUSTAVO A. MADERO,260,492,45890,0,0,43623,78669,5077,193,6224,179676,258937,0.6939,MANUEL RAFAEL HUERTA LADRON DE GUEVARA,JUAN DE JESUS HERNANDEZ RAMIREZ,
9,DISTRITO FEDERAL,3,AZCAPOTZALCO,241,485,35711,0,0,47242,92466,6065,188,6024,187696,274027,0.685,FERNANDO CUELLAR REYES,JOSE FRED GUERRERO BALANZAR,
9,DISTRITO FEDERAL,4,IZTAPALAPA,189,423,23989,0,0,36122,95856,5115,158,5154,166394,248506,0.6696,CARLOS AUGUSTO MORALES LOPEZ,PEDRO GONZALEZ HINOJOSA,
9,DISTRITO FEDERAL,5,TLALPAN,213,416,48326,0,0,35635,74369,4213,235,6156,168934,237582,0.7111,JOSE ANTONIO HURTADO GALLEGOS,JOEL MIRANDA MARTINEZ,SDF-JIN-2.pdf
9,DISTRITO FEDERAL,6,GUSTAVO A. MADERO,217,453,22278,0,0,41820,93869,5468,181,5488,169104,256786,0.6585,JHONATAN JARDINES FRAIRE,RICARDO JANECARLO LOZANO REYNOSO,
9,DISTRITO FEDERAL,7,GUSTAVO A. MADERO,222,466,28429,0,0,49803,96434,5428,218,5938,186250,269609,0.6908,CLAUDIA ELENA AGUILA TORRES,MONICA PATRICIA ROJAS HERNANDEZ,
9,DISTRITO FEDERAL,8,CUAUHTÉMOC,251,508,37122,0,0,50575,92154,5257,210,6343,191661,281651,0.6805,ALEJANDRO CARBAJAL GONZALEZ,JOSE CRUZ PICAZO SANCHEZ,
9,DISTRITO FEDERAL,9,VENUSTIANO CARRANZA,217,446,24337,0,0,48520,86617,4566,179,5381,169600,257852,0.6577,ISRAEL MORENO RIVERA,ERNESTO GERMAN SANCHEZ JIMENEZ,
9,DISTRITO FEDERAL,10,MIGUEL HIDALGO,264,544,63020,0,0,52155,83468,5555,223,7494,211915,306775,0.6908,AGUSTIN BARRIOS GOMEZ SEGUES,RAFAEL GUERRERO DOMINGUEZ,
9,DISTRITO FEDERAL,11,VENUSTIANO CARRANZA,208,425,24885,0,0,38759,86396,4973,193,5236,160442,240166,0.668,LUIS ANGEL XARIEL ESPINOSA CHAZARO,SANTOS HINOJOSA LOPEZ,
9,DISTRITO FEDERAL,12,CUAUHTÉMOC,244,494,33566,0,0,48588,82704,5600,180,6555,177193,277665,0.6382,JOSE LUIS MUÑOZ SORIA,ERWIN FRANCISCO ARRIOLA DOROTEO,
9,DISTRITO FEDERAL,13,IZTACALCO,210,418,24902,0,0,41314,83109,5594,155,5406,160480,235995,0.68,ROBERTO CARLOS REYES GAMIZ,AGUSTIN PALIZADA VALENCIA,
9,DISTRITO FEDERAL,14,TLALPAN,142,428,21860,0,0,37533,99251,5206,158,5606,169614,263828,0.6429,MARTHA LUCIA MICHER CAMARENA,MARTHA OFELIA ZAMARRIPA RIVAS,
9,DISTRITO FEDERAL,15,BENITO JUÁREZ,254,577,85561,0,0,53853,85380,5289,244,9180,239507,338593,0.7074,JORGE FRANCISCO SOTOMAYOR CHAVEZ,ANA  TORRES LANDA HERNANDEZ,SDF-JIN-8 SDF-JIN-9 SUP-REC-138.pdf
9,DISTRITO FEDERAL,16,ÁLVARO OBREGÓN,219,492,38835,0,0,42650,97079,6735,192,6681,192172,285116,0.674,MARIO MIGUEL CARRILLO HUERTA,ARMANDO TIOFANES COUTIÑO NUÑEZ,
9,DISTRITO FEDERAL,17,CUAJIMALPA DE MORELOS,189,522,48502,0,0,52814,92643,7745,225,7878,209807,317225,0.6614,FERNANDO ZARATE SALGADO,JUAN MARTIN MARTINEZ CUEVAS,
9,DISTRITO FEDERAL,18,IZTAPALAPA,185,424,18779,0,0,39289,88953,5267,174,4844,157306,247049,0.6367,KAREN QUIROGA ANGUIANO,ERICA HERNANDEZ CABRERA,
9,DISTRITO FEDERAL,19,IZTAPALAPA,164,405,14739,0,0,32328,98415,4858,110,4663,155113,248422,0.6244,ALEIDA ALAVEZ RUIZ,REBECA PERALTA LEON,
9,DISTRITO FEDERAL,20,IZTAPALAPA,234,482,31306,0,0,44590,94879,6719,187,6103,183784,267360,0.6874,JOSE ALBERTO BENAVIDES CASTAÑEDA,JUAN RAFAEL RODRIGUEZ RODRIGUEZ,
9,DISTRITO FEDERAL,21,MILPA ALTA,130,417,19757,0,0,42874,90588,6391,164,6003,165777,258463,0.6414,ALEJANDRO SANCHEZ CAMACHO,HUGO SANDOVAL MARTINEZ,
9,DISTRITO FEDERAL,22,IZTAPALAPA,152,419,12742,0,0,33070,97853,4817,142,4792,153416,261125,0.5875,PURIFICACION CARPINTEYRO CALDERON,NURY DELIA RUIZ OVANDO,
9,DISTRITO FEDERAL,23,COYOACÁN,201,470,37748,0,0,35423,109980,4766,234,6814,194965,280728,0.6945,JOSE VALENTIN MALDONADO SALGADO,FIDEL BAZAN TENORIO,
9,DISTRITO FEDERAL,24,COYOACÁN,202,458,51201,0,0,43394,85805,4332,256,7051,192039,265448,0.7235,GERARDO VILLANUEVA ALBARRAN,MIGUEL ANGEL HERNANDEZ HERNANDEZ,
9,DISTRITO FEDERAL,25,IZTAPALAPA,166,431,22124,0,0,36530,97307,5666,200,5726,167553,262792,0.6376,MARIA DE LOURDES AMAYA REYES,SANDRA ARELI BARRON MARTINEZ,
9,DISTRITO FEDERAL,26,MAGDALENA CONTRERAS,259,528,50476,0,0,50676,87447,5758,441,7715,202513,292003,0.6935,JOSE ARTURO LOPEZ CANDIDO,GERARDO DAVID RODRIGUEZ LOPEZ,
9,DISTRITO FEDERAL,27,TLÁHUAC,133,403,16777,0,0,42246,86597,7412,186,5188,158406,249751,0.6343,GUADALUPE SOCORRO FLORES SALAZAR,DIANA PAULINA OSORIO MORENO,
10,DURANGO,1,VICTORIA DE DURANGO,409,636,37172,67548,3586,0,23575,3227,87,12697,147892,263307,0.5617,SONIA CATALINA MERCADO GALLEGOS,ALICIA GUADALUPE GAMBOA MARTINEZ,
10,DURANGO,2,GÓMEZ PALACIO,255,561,52139,74151,5888,0,31502,5171,81,15960,184892,316333,0.5845,ALMA MARINA VITELA RODRIGUEZ,JAQUELINE DEL RIO LOPEZ,
10,DURANGO,3,GUADALUPE VICTORIA,489,671,48738,72648,6797,0,19194,3593,46,14886,165902,269424,0.6158,JOSE RUBEN ESCAJEDA JIMENEZ,LUIS ALFREDO VALLES MENDOZA,
10,DURANGO,4,VICTORIA DE DURANGO,241,520,41983,63092,3848,0,55280,4567,97,11015,179882,296066,0.6076,JORGE HERRERA DELGADO,EDUARDO SOLIS NOGUEIRA,SG-JIN-3 SUP-REC-98.pdf
11,GUANAJUATO,1,SAN LUIS DE LA PAZ,213,408,49054,0,0,56225,12988,5559,73,6875,130774,219134,0.5968,PETRA BARRERA BARRERA,MA. MATILDE MARTINEZ ORTA,
11,GUANAJUATO,2,SAN MIGUEL DE ALLENDE,208,431,58328,0,0,51511,16051,6001,59,8380,140330,236840,0.5925,RICARDO VILLARREAL GARCIA,BRISA ESMERALDA CESPEDES RAMOS,
11,GUANAJUATO,3,LEÓN,191,527,84790,0,0,84458,12290,6023,131,8531,196223,325461,0.6029,ELIZABETH VARGAS MARTIN DEL CAMPO,MELANIA REYNOSO NAVARRO,En este caso se tomaron los resultados consignados en la sentencia del TEPJF
11,GUANAJUATO,4,GUANAJUATO,211,510,65076,0,0,71613,17930,6737,116,9126,170598,295684,0.577,MARIA ESTHER GARZA MORENO,VIRGINIA BARAJAS MONJARAS,
11,GUANAJUATO,5,LEÓN,228,534,90214,0,0,80614,11726,5124,129,8603,196410,311504,0.6305,DIEGO SINHUE RODRIGUEZ VALLEJO,VIRIDIANA LIZETTE ESPINO CANO,
11,GUANAJUATO,6,LEÓN,203,512,82391,0,0,83117,13114,6252,136,8244,193254,314522,0.6144,ROSA ELBA PEREZ HERNANDEZ,MATILDE ALEJANDRA ROSAS ESCOBAR,
11,GUANAJUATO,7,SAN FRANCISCO DEL RINCÓN,212,492,66466,0,0,74929,13486,3776,62,6379,165098,282365,0.5847,MARIA GUADALUPE VELAZQUEZ DIAZ,NORMA ELENA RANGEL PACHECO,
11,GUANAJUATO,8,SALAMANCA,226,514,80801,0,0,65519,20414,10431,69,7719,184953,296078,0.6247,GENARO CARREÑO MURO,VERONICA GONZALEZ GOMEZ,
11,GUANAJUATO,9,IRAPUATO,202,483,70670,0,0,73486,12981,3951,85,6462,167635,281300,0.5959,ALEJANDRO RANGEL SEGOVIA,MA. PATRICIA ALONSO MATA,
11,GUANAJUATO,10,URIANGATO,246,477,60746,0,0,54030,19000,7425,77,7218,148496,263346,0.5639,RAUL GOMEZ RAMIREZ,YATZIRI MENDOZA JIMENEZ,
11,GUANAJUATO,11,PÉNJAMO,241,454,58405,0,0,62468,15333,2954,26,6285,145471,245844,0.5917,MA. CONCEPCION NAVARRETE VITAL,CONCEPCION FLORES PEREZ,
11,GUANAJUATO,12,CELAYA,188,459,64998,0,0,65782,21431,5922,53,7593,165779,271471,0.6107,FELIPE ARTURO CAMARENA GARCIA,FERNANDO OLIVARES RAMOS,SM-JIN-16.pdf
11,GUANAJUATO,13,VALLE DE SANTIAGO,198,467,61420,0,0,43485,29489,9523,57,6855,150829,257487,0.5858,J. JESUS OVIEDO HERRERA,MARIA DE MONTSERRAT BAEZA VALLEJO,
11,GUANAJUATO,14,ACÁMBARO,256,479,50059,0,0,47769,31764,3794,42,7031,140459,259202,0.5419,JOSE LUIS OLIVEROS USABIAGA,MARIBEL SERRANO DOMINGUEZ,
12,GUERRERO,1,CD. ALTAMIRANO,419,576,8851,54447,4269,0,71159,1435,87,9155,149403,237977,0.6278,CATALINO DUARTE ORTUÑO,IGNACIO RAMIREZ JUAREZ,
12,GUERRERO,2,IGUALA,409,613,24224,49161,7051,0,64126,5025,125,11207,160919,272732,0.59,MARINO MIRANDA SALGADO,JOSE ADAN ABELLANEDA,
12,GUERRERO,3,ZIHUATANEJO,344,554,6473,53874,2696,0,64480,11913,28,11666,151130,251223,0.6016,SILVANO BLANCO DEAQUINO,EDUARDO ENRIQUE DOMINGUEZ MAGANDA,
12,GUERRERO,4,ACAPULCO,221,510,12882,0,0,54026,71966,4294,107,5712,148987,295000,0.505,VICTOR MANUEL JORRIN LOZANO,ARTURO LOPEZ SUGIA,
12,GUERRERO,5,TLAPA,306,531,15558,48084,2370,0,87879,2255,39,11046,167231,243272,0.6874,VICARIO PORTILLO MARTINEZ,ROBERTO CABRERA SOLIS,
12,GUERRERO,6,CHILAPA,329,535,13592,57883,6463,0,71790,3326,77,13116,166247,259101,0.6416,CARLOS DE JESUS ALEJANDRO,JOSE HIGUERA FUENTES,
12,GUERRERO,7,CHILPANCINGO,253,506,13160,45003,5464,0,79655,3511,95,12434,159322,271675,0.5864,JORGE SALGADO PARRA,VICTOR EFIGENIO MARROQUIN CRISTOBAL,
12,GUERRERO,8,AYUTLA DE LOS LIBRES,318,497,30157,34851,10986,0,61403,2761,55,13562,153775,229278,0.6707,SEBASTIAN ALFONSO DE LA ROSA PELAEZ,MANUEL FRANCISCO TAPIA BUSTOS,
12,GUERRERO,9,ACAPULCO,161,468,13741,0,0,51425,64329,3764,122,6104,139485,282887,0.4931,MARIA DEL ROSARIO MERLIN GARCIA,ARMANDA GARCIA GARCIA,
13,HIDALGO,1,HUEJUTLA DE REYES,268,471,30727,69462,2689,0,43157,11008,85,13069,170197,241402,0.705,DARIO BADILLO RAMIREZ,JOSE LUIS GONZALEZ LEON,
13,HIDALGO,2,IXMIQUILPAN,376,559,22418,58751,6223,0,53168,10834,79,11492,162965,260374,0.6259,DULCE MARIA MUÑIZ MARTINEZ,ROSA GUADALUPE CHAVEZ ACOSTA,
13,HIDALGO,3,ACTOPAN,295,518,20722,64310,8586,0,52067,20356,53,12246,178340,276017,0.6461,VICTOR HUGO VELASCO OROZCO,EDITH AVILES CANO,
13,HIDALGO,4,TULANCINGO DE BRAVO,196,431,42437,51783,7232,0,27402,6657,67,10665,146243,233630,0.626,EMILSE MIRANDA MUNIVE,ROCIO RUIZ DE LA BARRERA,
13,HIDALGO,5,TULA DE ALLENDE,214,476,27116,67220,11623,0,57326,8456,61,12997,184799,276905,0.6674,JOSE ANTONIO ROJO GARCIA DE ALBA,ALICIA ASUNCION GRANDE OLGUIN,
13,HIDALGO,6,PACHUCA DE SOTO,159,462,53682,56040,6373,0,43703,13775,124,11702,185399,279475,0.6634,MIRNA ESMERALDA HERNANDEZ MORALES,ERIKA GOMEZ LOZADA,
13,HIDALGO,7,TEPEAPULCO,209,499,33252,64692,7542,0,46019,20172,48,14622,186347,293835,0.6342,FRANCISCO GONZALEZ VARGAS,LAZARO VERA JIMENEZ,
14,JALISCO,1,TEQUILA,223,478,54132,0,0,74048,32209,5925,48,5542,171904,256039,0.6714,CESARIO PADILLA NAVARRO,JOSE DE JESUS GONZALEZ CURIEL,
14,JALISCO,2,LAGOS DE MORENO,196,458,65136,0,0,71906,16999,4673,89,6356,165159,260521,0.634,JOSE NOEL PEREZ DE ALBA,JOSE SOTO GONZALEZ,
14,JALISCO,3,TEPATITLÁN DE MORELOS,203,473,67195,0,0,73302,19678,3476,191,7312,171154,271112,0.6313,CECILIA GONZALEZ GOMEZ,LISANDRA RUIZ TORRES,
14,JALISCO,4,ZAPOPAN,131,441,47984,0,0,77072,40080,5818,207,6583,177744,279196,0.6366,SALVADOR ARELLANO GUZMAN,JOSE DANIEL OCHOA CASILLAS,
14,JALISCO,5,PUERTO VALLARTA,190,519,47488,0,0,68719,52265,6667,92,6319,181550,298038,0.6092,RAFAEL GONZALEZ RESENDIZ,GILDARDO SANCHEZ GONZALEZ,
14,JALISCO,6,ZAPOPAN,147,487,73646,0,0,76575,39543,5143,230,9279,204416,311874,0.6554,ABEL OCTAVIO SALGADO PEÑA,SHARONN RODRIGUEZ DE LA CRUZ,
14,JALISCO,7,TONALÁ,81,410,40329,0,0,74259,37942,5533,128,5915,164106,273720,0.5995,SERGIO ARMANDO CHAVEZ DAVALOS,MARIA ESTHER GUTIERREZ OLIVARES,
14,JALISCO,8,GUADALAJARA,251,459,57691,0,0,66862,37901,4155,162,7303,174074,246476,0.7063,LEOBARDO ALCALA PADILLA,ALVARO MARTINEZ GARCIA,
14,JALISCO,9,GUADALAJARA,159,409,41773,0,0,66975,41841,5018,140,6280,162027,246158,0.6582,MA. LETICIA MENDOZA CURIEL,LUCIA REYNOSO CASTELLANOS,
14,JALISCO,10,ZAPOPAN,103,424,66337,0,0,60636,43067,4377,226,8652,183295,278935,0.6571,OMAR ANTONIO BORBOA BECERRA,CARLOS BERNARDO GUZMAN CERVANTES,
14,JALISCO,11,GUADALAJARA,174,416,39737,0,0,68465,42008,4720,117,5570,160617,248628,0.646,CLAUDIA DELGADILLO GONZALEZ,NORMA ELIZABETH CHAVEZ ARIAS,
14,JALISCO,12,TLAJOMULCO DE ZUÑIGA,183,645,61558,0,0,96212,83867,7539,157,9883,259216,411549,0.6299,CELIA ISABEL GAUNA RUIZ DE LEON,MARIANA GUADALUPE FLORES ALVAREZ,
14,JALISCO,13,GUADALAJARA,230,460,49023,0,0,69307,42600,5162,160,6513,172765,252209,0.685,MARCO ANTONIO BARBA MARISCAL,JEANETTE VELAZQUEZ SEDANO,
14,JALISCO,14,GUADALAJARA,167,418,50232,0,0,66710,41527,4339,117,6627,169552,250195,0.6777,ENRIQUE AUBRY DE CASTRO PALOMINO,ALONSO BARAJAS ORTIZ,
14,JALISCO,15,BARCA  LA,193,463,53400,0,0,71288,30480,4706,70,6153,166097,267312,0.6214,OSSIEL OMAR NIAVES LOPEZ,JOAQUIN MACIAS MARTINEZ,
14,JALISCO,16,TLAQUEPAQUE,158,462,47496,0,0,74503,45849,5055,114,6371,179388,284442,0.6307,LUIS ARMANDO CORDOVA DIAZ,LILIANA GUADALUPE MORONES VARGAS,
14,JALISCO,17,JOCOTEPEC,207,490,53374,0,0,74954,38084,7711,90,6122,180335,279250,0.6458,MARIA ANGELICA MAGAÑA ZEPEDA,ROSANA GUADALUPE SALCEDO DIAZ,
14,JALISCO,18,AUTLÁN DE NAVARRO,234,497,63206,0,0,67022,34398,11219,66,6570,182481,277784,0.6569,GABRIEL GOMEZ MICHEL,IGNACIO MESTAS GALLARDO,
14,JALISCO,19,CIUDAD GUZMÁN,246,502,46963,0,0,72003,41354,8622,57,6213,175212,266913,0.6564,SALVADOR BARAJAS DEL TORO,JUAN MANUEL RUBIO PEREZ,
15,MEXICO,1,JILOTEPEC DE ANDRÉS MOLINA ENRIQUEZ,189,444,36742,0,0,95314,29258,4261,50,6488,172113,238267,0.7224,MIGUEL SAMANO PERALTA,MARISOL GONZALEZ TORRES,
15,MEXICO,2,TEOLOYUCÁN,126,436,39876,0,0,73840,52702,6765,114,5242,178539,272229,0.6558,GERARDO FRANCISCO LICEAGA ARTEAGA,MARISOL CANO LOPEZ,
15,MEXICO,3,ATLACOMULCO DE FABELA,162,410,35633,0,0,81750,22284,6694,77,6560,152998,225272,0.6792,JOSE RANGEL ESPINOSA,ANNA MARIA CHIMAL VELASCO,
15,MEXICO,4,NICOLÁS ROMERO,138,495,41881,0,0,77612,66037,7552,110,5339,198531,317634,0.625,ANGELINA CARREÑO MIJARES,ELIZABETH FLORES VAZQUEZ,
15,MEXICO,5,TEOTIHUACÁN DE ARISTA,177,488,33662,0,0,91635,72726,5949,91,6032,210095,293167,0.7166,DARIO ZACARIAS CAPUCHINO,MARISOL MORALES FERNANDEZ,
15,MEXICO,6,COACALCO DE BERRIOZABAL,136,469,41695,0,0,69478,69167,9693,137,5325,195495,300748,0.65,ARMANDO CERVANTES PUNZO,HUMBERTO GONZALEZ GAISTARDO,ST-JIN-19 SUP-REC-126.pdf
15,MEXICO,7,CUAUTITLÁN IZCALLI,205,493,54037,0,0,70106,65069,7518,195,5640,202565,293162,0.691,PAULINA ALEJANDRA DEL MORAL VELA,GLORIA MARIA DEL CARMEN VALENCIA GONZALEZ,
15,MEXICO,8,TULTITLÁN DE MARIANO ESCOBEDO,125,353,21344,0,0,57380,49456,6698,85,3759,138722,217480,0.6379,MARCO ANTONIO CALZADA ARROYO,ANA MARIA ROTH GONZALEZ,
15,MEXICO,9,IXTLAHUACA DE RAYÓN,141,443,31111,0,0,96494,39689,6999,88,7593,181974,268900,0.6767,JOSE SERGIO MANZUR QUIROGA,LETICIA MEJIA GARCIA,
15,MEXICO,10,ECATEPEC DE MORELOS,188,504,27723,0,0,79076,66571,7006,143,4878,185397,310060,0.5979,JOSE LUIS CRUZ FLORES GOMEZ,LUCIA CRISTAL SANTIAGO MARTINEZ,ST-JIN-12 SUP-REC-131.pdf
15,MEXICO,11,ECATEPEC DE MORELOS,151,410,26866,0,0,67730,56465,6130,153,4572,161916,246589,0.6566,BRENDA MARIA IZONTLI ALVARADO SANCHEZ,IRERE SANCHEZ BALDERAS,
15,MEXICO,12,IXTAPALUCA,242,575,35808,0,0,80875,78021,9071,711,6886,211372,339014,0.6235,CESAR REYNALDO NAVARRO DE ALVA,MARIA GUADALUPE AYALA BRAVO,ST-JIN-5.pdf
15,MEXICO,13,ECATEPEC DE MORELOS,170,399,19581,0,0,61658,56384,5074,123,3899,146719,232312,0.6316,JOSE ISIDRO MORENO ARCEGA,GIULIANA GUADALUPE QUIROZ AVILA,ST-JIN-11.pdf
15,MEXICO,14,CIUDAD ADOLFO LÓPEZ MATEOS,114,427,46456,0,0,60304,50931,5846,114,4789,168440,271157,0.6212,SILVIA MARQUEZ VELASCO,MARIA DEL CARMEN GUZMAN URBAN,ST-JIN-9.pdf
15,MEXICO,15,TLALNEPANTLA DE BAZ,166,431,61417,0,0,57016,47070,5687,130,5634,176954,258816,0.6837,ALBERTO DIAZ TRUJILLO,VICTOR SANCHEZ GUERRERO,
15,MEXICO,16,ECATEPEC DE MORELOS,137,454,24389,0,0,72762,62968,7289,125,4983,172516,292495,0.5898,NORMA PONCE OROZCO,MAGDALENA SAAVEDRA VILLAGRAN,
15,MEXICO,17,ECATEPEC DE MORELOS,161,415,19854,0,0,60168,61221,9599,110,4335,155287,244840,0.6342,JESSICA SALAZAR TREJO,EUFEMIA GUZMAN GARCIA,ST-JIN-3 SUP-REC-132.pdf
15,MEXICO,18,HUIXQUILUCAN DE DEGOLLADO,151,465,53854,0,0,82940,53583,6229,122,6250,202978,289532,0.7011,FERNANDO ALFREDO MALDONADO HERNANDEZ,SILVANA ORTIZ ORTEGA,
15,MEXICO,19,TLALNEPANTLA DE BAZ,188,414,35578,0,0,61023,54560,4676,137,4410,160384,235899,0.6799,AURORA DENISSE UGALDE ALEGRIA,NADYA DE JESUS CRUZ SERRANO,
15,MEXICO,20,CD. NEZAHUALCOYOTL,155,354,17910,0,0,53232,59732,3799,167,3523,138363,208044,0.6651,JOAQUINA NAVARRETE CONTRERAS,ALEJANDRA GUTU DESKENS,
15,MEXICO,21,NAUCALPAN DE JUÁREZ,129,378,45188,0,0,59673,37364,4501,115,4310,151151,234675,0.6441,CRISTINA RUIZ SANDOVAL,MARIBEL MARTINEZ ALTAMIRANO,
15,MEXICO,22,NAUCALPAN DE JUÁREZ,190,364,43180,0,0,50279,35428,3635,117,3841,136480,204541,0.6673,ROSALBA GUALITO CASTAÑEDA,KARINA KELLY SANCHEZ,
15,MEXICO,23,VALLE DE BRAVO,181,446,40511,0,0,85565,47241,6243,59,8365,187984,256846,0.7319,BLANCA ESTELA GOMEZ CARMONA,MARIA LILIA REBOLLO CUELLAR,
15,MEXICO,24,NAUCALPAN DE JUÁREZ,133,352,25002,0,0,57351,37725,3525,154,3353,127110,212350,0.5986,IRAZEMA GONZALEZ MARTINEZ OLIVARES,MINERVA MARISOL SANCHEZ HERNANDEZ,
15,MEXICO,25,CHIMALHUACÁN,105,400,15015,0,0,68887,52490,4834,86,3752,145064,258642,0.5609,JESUS TOLENTINO ROMAN BOJORQUEZ,YESENIA VARGAS PEÑA,
15,MEXICO,26,TOLUCA DE LERDO,128,447,48128,0,0,95400,32790,8014,123,5917,190372,277742,0.6854,FERNANDO ZAMORA MORALES,SHANTALL ZEPEDA ESCOBAR,
15,MEXICO,27,METEPEC,135,421,45919,0,0,89384,43380,6436,156,6302,191577,266238,0.7196,LAURA BARRERA FORTOUL,LIZETH MARLENE SANDOVAL COLINDRES,
15,MEXICO,28,ZUMPANGO DE OCAMPO,217,591,56660,0,0,112712,61479,12193,234,6241,249519,362384,0.6885,SUE ELLEN BERNAL BOLNIK,MARIA GABRIELA BARDALES HERNANDEZ,
15,MEXICO,29,CD. NEZAHUALCOYOTL,183,379,13942,0,0,52955,61024,3975,103,3397,135396,211201,0.6411,VALENTIN GONZALEZ BAUTISTA,RODRIGO ROSAS ESPARZA,ST-JIN-30 SUP-REC-118.pdf
15,MEXICO,30,CD. NEZAHUALCOYOTL,175,385,14475,0,0,48614,65933,4412,147,3681,137262,218544,0.6281,ALLIET MARIANA BAUTISTA BRAVO,ELIZABETH VAZQUEZ HERNANDEZ,
15,MEXICO,31,CD. NEZAHUALCOYOTL,167,378,12339,0,0,48678,64713,4049,134,3646,133559,217192,0.6149,VICTOR MANUEL BAUTISTA LOPEZ,FRANCISCO ANTONIO EDUARDO MORA MOLINA,SUP-REC-117
15,MEXICO,32,VALLE DE CHALCO SOLIDARIDAD,115,373,12882,0,0,54741,65463,5070,76,3940,142172,236926,0.6001,ARTURO CRUZ RAMIREZ,JORGE LUIS NUÑEZ SABINO,
15,MEXICO,33,CHALCO DE DÍAZ COVARRUBIAS,169,506,27404,0,0,84817,78198,7513,177,7058,205167,307148,0.668,JUAN MANUEL CARBAJAL HERNANDEZ,MARICRUZ REYES GALICIA,
15,MEXICO,34,TOLUCA DE LERDO,146,431,49813,0,0,87671,34490,7622,152,5721,185469,267613,0.693,ALBERTO CURI NAIME,NORMA GONZALEZ VERA,
15,MEXICO,35,TENANCINGO DE DEGOLLADO,146,413,28060,0,0,79551,45820,6593,77,5981,166082,241636,0.6873,TANYA RELLSTAB CARRETO,ALICIA HERNANDEZ MONROY,
15,MEXICO,36,TEJUPILCO DE HIDALGO,250,486,31494,0,0,72526,55280,2262,47,6566,168175,232501,0.7233,NOE BARRUETA BARON,MA. GUADALUPE JARAMILLO VILLA,
15,MEXICO,37,CUAUTITLÁN,128,400,28151,0,0,64715,60281,8058,133,4439,165777,250192,0.6626,FRANCISCO JAVIER FERNANDEZ CLAMONT,TERESITA DE JESUS RAMIREZ HERNANDEZ,
15,MEXICO,38,TEXCOCO DE MORA,137,444,18594,0,0,57969,80689,7799,806,6441,172298,275975,0.6243,JORGE FEDERICO DE LA VEGA MEMBRILLO,CANCELADO,
15,MEXICO,39,REYES ACAQUILPAN  LOS,152,437,14626,0,0,71880,71808,6800,143,4952,170209,271577,0.6267,CRISTINA GONZALEZ CRUZ,LIZTBETH GONZALEZ PEREZ,
15,MEXICO,40,SAN MIGUEL ZINACANTEPEC,142,400,33958,0,0,82415,36354,6119,116,6200,165162,236968,0.697,GERARDO XAVIER HERNANDEZ TAPIA,LEAZLY LAURA VILLAR GOMEZ,
16,MICHOACAN,1,LAZÁRO CÁRDENAS,184,439,16865,47214,3504,0,43885,2733,65,10186,124452,243557,0.511,RODIMIRO BARRERA ESTRADA,LUCIA SANDOVAL RENTERIA,
16,MICHOACAN,2,PURUANDIRO,268,520,23752,42544,5428,0,44904,3964,82,13405,134079,287944,0.4656,ARMANDO CONTRERAS CEBALLOS,MARIO CESAR GAONA GARCIA,ST-JIN-21 ST-JIN-22 SUP-REC-122.pdf
16,MICHOACAN,3,HEROICA ZITÁCUARO,236,433,20276,40766,5638,0,44627,3487,65,13233,128092,232445,0.5511,SILVANO AUREOLES CONEJO,JESUS ANTONIO MORA GONZALEZ,
16,MICHOACAN,4,JIQUILPAN DE JUÁREZ,259,509,37575,50323,4293,0,29227,2887,48,10977,135330,261922,0.5167,SALVADOR ROMERO VALENCIA,ALEJANDRA GARCIA GUTIERREZ,
16,MICHOACAN,5,ZAMORA DE HIDALGO,225,493,40432,46305,6395,0,32603,4030,68,12123,141956,275031,0.5161,ADRIANA HERNANDEZ IÑIGUEZ,CAROLINA HERNANDEZ ORTIZ,
16,MICHOACAN,6,CIUDAD HIDALGO,224,482,34233,41511,5439,0,33257,4403,65,14958,133866,263308,0.5084,LUIS OLVERA CORREA,LUIS TAPIA HERNANDEZ,
16,MICHOACAN,7,ZACAPU,229,477,27359,41880,7236,0,46301,3302,58,11436,137572,260984,0.5271,JOSE LUIS ESQUIVEL ZALPA,DOROTEO MACIAS CONTRERAS,ST-JIN-13 SUP-REC-121.pdf
16,MICHOACAN,8,MORELIA,145,442,33222,0,0,71733,28488,4773,139,8386,146741,270207,0.5431,ELIGIO CUITLAHUAC GONZALEZ FARIAS,GENARO HERNANDEZ SANCHEZ,
16,MICHOACAN,9,URUAPAN DEL PROGRESO,190,465,34530,44110,7788,0,39267,4112,115,14498,144420,269406,0.5361,SOCORRO DE LA LUZ QUINTANA LEON,MIROSLAVA MEZA VIRRUETA,
16,MICHOACAN,10,MORELIA,204,456,47097,0,0,68849,27082,4062,245,10118,157453,261395,0.6024,ERNESTO NUÑEZ AGUILAR,JONATHAN SANATA GONZALEZ,
16,MICHOACAN,11,PÁTZCUARO,273,494,20541,39649,5915,0,53009,3589,85,12921,135709,264958,0.5122,ANTONIO GARCIA CONEJO,ARACELI SAUCEDO REYES,
16,MICHOACAN,12,APATZINGAN DE LA CONSTITUCIÓN,229,448,20953,42262,3463,0,33731,1827,61,9366,111663,242726,0.46,SALVADOR ORTIZ GARCIA,RENE VALENCIA REYES,
17,MORELOS,1,CUERNAVACA,203,492,42198,0,0,57454,69591,7670,229,8895,186037,286221,0.65,JOSE FRANCISCO CORONATO RODRIGUEZ,EDUARDO MORAN IZAGUIRRE,
17,MORELOS,2,JIUTEPEC,135,455,33870,0,0,57475,64767,10549,213,7772,174646,282397,0.6184,JAVIER ORIHUELA GARCIA,JORGE EVANGELISTA ACOSTA,
17,MORELOS,3,CUAUTLA,190,445,28421,0,0,57340,68205,9064,179,7943,171152,262071,0.6531,FRANCISCO TOMAS RODRIGUEZ MONTERO,JOSE ANSELMO VICENTE MUÑOZ BISOSO,
17,MORELOS,4,JOJUTLA,192,433,25816,0,0,58612,58631,4364,95,7158,154676,237686,0.6508,ANDRES ELOY MARTINEZ ROJAS,FELIPE PEREZ RAMIREZ,SDF-JIN-10 SUP-REC-147.pdf
17,MORELOS,5,YAUTEPEC,187,430,45230,0,0,45526,53698,6169,126,7836,158585,242990,0.6526,VICTOR REYMUNDO NAJERA MEDINA,HIPOLITO GALARZA URZUA,
18,NAYARIT,1,SANTIAGO IXCUINTLA,353,484,21252,59537,3065,0,37492,2561,24,9965,133896,214517,0.6242,JUAN MANUEL ROCHA PIEDRA,DIEGO CRISTOBAL CALDERON ESTRADA,
18,NAYARIT,2,TEPIC,298,509,27111,67331,5420,0,41558,12781,116,12588,166905,267826,0.6232,ROY ARGEL GOMEZ OLGUIN,ANGEL ALAIN ALDRETE LAMAS,
18,NAYARIT,3,COMPOSTELA,309,532,38062,66625,4388,0,33914,5072,78,13329,161468,267349,0.604,GLORIA ELIZABETH NUÑEZ SANCHEZ,MONICA SELENE SALDAÑA TAPIA,
19,NUEVO LEON,1,SANTA CATARINA,149,455,91761,0,0,47859,19558,6490,123,5257,171048,283164,0.6041,HOMERO RICARDO NIÑO DE RIVERA VELA,ERICK GERARDO TREVIÑO LOZANO,
19,NUEVO LEON,2,APODACA,213,531,58074,0,0,85779,22398,8773,91,4172,179287,313592,0.5717,BENITO CABALLERO GARZA,ANA ROSA HERNANDEZ CANTU,
19,NUEVO LEON,3,GRAL. ESCOBEDO,168,530,72940,0,0,79949,21492,4966,86,4237,183670,323984,0.5669,ABEL GUERRA GARZA,MARIA LYLIANA HERNANDEZ MARTINEZ,
19,NUEVO LEON,4,SAN NICOLÁS DE LOS GARZA,164,444,87279,0,0,42717,22152,7139,93,4304,163684,261971,0.6248,VICTOR OSWALDO FUENTES SOLIS,RICARDO FLORES SUAREZ,
19,NUEVO LEON,5,MONTERREY,111,363,36483,0,0,60233,19562,3731,87,3963,124059,230772,0.5376,HECTOR HUMBERTO GUTIERREZ DE LA GARZA,LUIS FERNANDO DOMINGUEZ MARTIN DEL CAMPO,
19,NUEVO LEON,6,MONTERREY,128,367,69544,0,0,49554,18738,5653,175,4690,148354,225940,0.6566,ALBERTO CORONADO QUINTANILLA,JESUS MARIA SENA BUENROSTRO,
19,NUEVO LEON,7,MONTERREY,298,425,52140,0,0,46342,18585,6296,87,4010,127460,208171,0.6123,JOSE MARTIN LOPEZ CISNEROS,OMAR ORLANDO PEREZ ORTEGA,
19,NUEVO LEON,8,GUADALUPE,157,428,67047,0,0,55907,21299,7641,94,4239,156227,252664,0.6183,ERNESTO ALFONSO ROBLEDO LEAL,SIMON LOMELI CERVANTES,
19,NUEVO LEON,9,LINARES,304,540,46371,0,0,88488,19895,20937,44,7196,182931,277669,0.6588,MARCO ANTONIO GONZALEZ VALDEZ,HUMBERTO GARCIA SOSA,
19,NUEVO LEON,10,MONTERREY,182,386,55901,0,0,55114,18955,4405,121,4983,139479,223246,0.6248,FERNANDO ALEJANDRO LARRAZABAL BRETON,ALEJANDRO MARTIN PALACIOS OCHOA,SM-JIN-9 SM-JIN-25 SM-JIN-28 SM-JIN-29 SUP-REC-107.pdf
19,NUEVO LEON,11,GUADALUPE,122,417,55924,0,0,64096,20874,7403,75,4213,152585,264900,0.576,HECTOR GARCIA GARCIA,RAFAEL REYES MONTEMAYOR,
19,NUEVO LEON,12,CADEREYTA JIMÉNEZ,371,809,85522,0,0,126069,41461,12457,203,8305,274017,458082,0.5982,PEDRO PABLO TREVIÑO VILLARREAL,CARLOS HUMBERTO GONZALEZ GARCIA,
20,OAXACA,1,SAN JUAN BAUTISTA TUXTEPEC,196,410,44457,42491,4260,0,47293,3439,52,9782,151774,224119,0.6772,JOSE SOTO MARTINEZ,ADRIANA SOTO MARTINEZ,
20,OAXACA,2,TEOTITLÁN DE FLORES MAGÓN,209,383,26186,44470,2623,0,52258,996,66,8655,135254,188231,0.7186,JUAN LUIS MARTINEZ MARTINEZ,LUCIO GARCIA ENRIQUEZ,
20,OAXACA,3,HERÓICA CIUDAD DE HUAJUAPAN DE LEÓN,297,517,24856,49261,5651,0,53361,3990,493,11748,149360,254606,0.5866,GLORIA BAUTISTA CUEVAS,ALMA DELIA GOMEZ IGNACIO,
20,OAXACA,4,TLACOLULA DE MATAMOROS,259,468,25888,32092,4996,0,46292,6841,93,10333,126535,235720,0.5368,EVA DIEGO CRUZ,LETICIA GONZALEZ YESCAS,
20,OAXACA,5,SANTO DOMINGO TEHUANTEPEC,184,401,17322,38079,2320,0,69270,1257,47,7585,135880,210808,0.6446,CAROL ANTONIO ALTAMIRANO,SERGIO VILLALOBOS MARCIAL,
20,OAXACA,6,HEROICA CIUDAD DE TLAXIACO,292,499,14456,29328,5053,0,65093,2919,95,10256,127200,243666,0.522,ROSA ELIA ROMERO GUZMAN,LUZ GOMEZ SOLANO,
20,OAXACA,7,JUCHITÁN DE ZARAGOZA,228,456,19921,59087,2607,0,57438,1395,40,11436,151924,238842,0.6361,SAMUEL GURRION MATIAS,MARIA LUISA MATUS FUENTES,
20,OAXACA,8,OAXACA DE JUÁREZ,171,460,38898,39625,10710,0,70191,7350,278,12010,179062,275443,0.6501,HUGO  JARQUIN,RICARDO CORONADO SANGINES,
20,OAXACA,9,SANTA LUCIA DEL CAMINO,202,440,34460,35228,6394,0,51237,4650,142,11280,143391,249658,0.5743,MARIO RAFAEL MENDEZ MARTINEZ,ELI EDUARDO VASQUEZ RAMIREZ,
20,OAXACA,10,MIAHUATLÁN DE PORFIRIO DÍAZ,215,410,32334,25458,19396,0,40771,1820,72,10582,130433,218427,0.5971,AIDA FABIOLA VALENCIA RAMIREZ,JACINTA ARAGON RAMIREZ,
20,OAXACA,11,SANTIAGO PINOTEPA NACIONAL,193,451,18931,47767,3467,0,70787,1713,29,10045,152739,246692,0.6191,DELFINA ELIZABETH GUZMAN DIAZ,YURIDIA SANCHEZ SORIANO,
21,PUEBLA,1,HUAUCHINANGO DE DEGOLLADO,178,451,51123,0,0,64984,37046,3797,63,8629,165642,243338,0.6807,LAURA GUADALUPE VARGAS VARGAS,YOLANDA ZEGBE SANEN,
21,PUEBLA,2,ZACATLÁN,161,410,33217,0,0,66144,31306,12488,62,6436,149653,231874,0.6454,JOSE LUIS MARQUEZ MARTINEZ,ABRAHAM ISLAS POZOS,
21,PUEBLA,3,TEZIUTLÁN,171,413,51714,0,0,54396,30739,6505,53,6393,149800,229260,0.6534,VICTOR EMANUEL DIAZ PALACIOS,MARIA DEL CARMEN SAAVEDRA FERNANDEZ,
21,PUEBLA,4,ZACAPOAXTLA,181,423,34363,0,0,60357,35749,16417,20,7971,154877,232335,0.6666,JOSEFINA GARCIA HERNANDEZ,LUCIA CRUZ ARROYO,
21,PUEBLA,5,SAN MARTÍN TEXMELUCAN DE LABASTIDA,143,396,34847,0,0,53120,33299,16623,62,5216,143167,242070,0.5914,CARLOS SANCHEZ ROMERO,JOSE JUAN TRINIDAD MORALES MORALES,
21,PUEBLA,6,HEROICA PUEBLA DE ZARAGOZA,166,470,51413,0,0,54663,53687,11353,6072,176,177364,287681,0.6165,JOSE ENRIQUE DOGER GUERRERO,JORGE ALFONSO RUIZ ROMERO,SDF-JIN-11 SDF-JIN-12 SDF-JIN-13 SDF-JIN-14 SUP-REC-148.pdf
21,PUEBLA,7,TEPEACA,117,376,25751,0,0,46611,43576,18917,53,5406,140314,231433,0.6063,JESUS MORALES FLORES,ARTURO NORATO JIMENEZ,
21,PUEBLA,8,CIUDAD SERDÁN,140,360,35678,0,0,43379,40762,5512,55,4937,130323,208281,0.6257,ANA ISABEL ALLENDE CANO,MARIA TERESA RAMOS CERVANTES,
21,PUEBLA,9,HEROICA PUEBLA DE ZARAGOZA,179,462,59838,0,0,39639,55342,13351,112,5817,174099,275359,0.6323,BLANCA JIMENEZ CASTILLO,GENOVEVA HUERTA VILLEGAS,
21,PUEBLA,10,CHOLULA DE RIVADAVIA,124,437,66059,0,0,42483,46519,7970,123,6200,169354,277413,0.6105,JULIO CESAR LORENZINI RANGEL,LILIANA CASTILLO TERREROS,
21,PUEBLA,11,HEROICA PUEBLA DE ZARAGOZA,183,485,67037,0,0,49782,52989,8150,182,6364,184504,289970,0.6363,MARIA ISABEL ORTIZ MANTILLA,MARIA IRENE RAMIREZ ARJONA,
21,PUEBLA,12,HEROICA PUEBLA DE ZARAGOZA,180,469,58671,0,0,48915,56397,14123,152,6144,184402,281482,0.6551,NESTOR OCTAVIO GORDILLO CASTILLO,AMPARO ACUÑA FIGUEROA,
21,PUEBLA,13,ATLIXCO,194,406,40878,0,0,46717,31312,5155,63,4346,128471,224311,0.5727,MARIA DEL ROCIO GARCIA OLMEDO,IRMA SOLIS TEPEPA,
21,PUEBLA,14,IZÚCAR DE MATAMOROS,182,431,18380,0,0,51955,41074,9619,52,5239,126319,228005,0.554,JAVIER FILIBERTO GUEVARA GONZALEZ,CUTBERTO CANTORAN ESPINOSA,
21,PUEBLA,15,TEHUACÁN,113,382,37956,0,0,50121,38206,13513,95,4930,144821,239193,0.6055,MA. DEL CARMEN GARCIA DE LA CADENA ROMERO,ESTHER MENDEZ MEDEL,
21,PUEBLA,16,AJALPAN,167,372,26561,48693,2636,0,23678,17114,48,14590,133320,193964,0.6873,LISANDRO ARISTIDES CAMPOS CORDOVA,IRMA MARTINEZ VARGAS,
22,QUERETARO,1,CADEREYTA DE MONTES,215,531,56505,86287,11044,0,25825,7724,56,15518,202959,291189,0.697,DELVIM FABIOLA BARCENAS NIEVES,ANA MARIA VEGA FERNANDEZ,
22,QUERETARO,2,SAN JUAN DEL RÍO,212,567,74117,0,0,78916,31733,14608,176,11148,210698,327188,0.644,RICARDO ASTUDILLO SUAREZ,MARIA LETICIA BERNAL ROSALES,
22,QUERETARO,3,SANTIAGO DE QUERÉTARO,190,545,87794,60191,8030,0,35476,5255,171,14865,211782,328967,0.6438,MARCOS AGUILAR VEGA,ELDA YOLANDA HERNANDEZ SALCIDO,
22,QUERETARO,4,SANTIAGO DE QUERÉTARO,197,550,81479,73801,7704,0,38840,5173,195,16095,223287,332871,0.6708,JOSE GUADALUPE GARCIA RAMIREZ,CLAUDIA MELGOZA JUAREZ,
23,QUINTANA ROO,1,PLAYA DEL CARMEN,403,802,44606,0,0,97930,85394,7740,186,7191,243047,448646,0.5417,EDUARDO ROMAN QUIAN ALCOCER,MARTIN DE LA CRUZ GOMEZ,
23,QUINTANA ROO,2,CHETUMAL,243,456,21222,0,0,66855,50741,11702,64,5255,155839,240536,0.6479,RAYMUNDO KING DE LA ROSA,MARITZA ARACELLY MEDINA DIAZ,
23,QUINTANA ROO,3,CANCÚN,185,413,37958,0,0,40380,44993,3468,192,5032,132023,235907,0.5596,GRACIELA SALDAÑA FRAIRE,MILKDRET MARINA VERDE AVENDAÑO,
24,SAN LUIS POTOSI,1,MATEHUALA,326,509,40365,57543,7566,0,29484,3746,118,18424,157246,241994,0.6498,JOSE EVERARDO NAVA GOMEZ,HERMELINDA MARTINEZ MARTINEZ,
24,SAN LUIS POTOSI,2,SOLEDAD DE GRACIANO SÁNCHEZ,220,462,43323,0,0,58578,37384,10615,272,10522,160694,255583,0.6287,ESTHER ANGELICA MARTINEZ CARDENAS,MARIA ESTELA MORENO ALVARADO,
24,SAN LUIS POTOSI,3,RIOVERDE,354,517,49803,57693,4292,0,19403,4183,55,16306,151735,237861,0.6379,OSCAR BAUTISTA VILLEGAS,JOSE LUIS MARTINEZ MELENDEZ,
24,SAN LUIS POTOSI,4,CIUDAD VALLES,245,440,36935,44960,9054,0,30023,7832,68,14098,142970,230017,0.6216,JORGE TERAN JUAREZ,ANTOLIN ETIENNE RIVERA,
24,SAN LUIS POTOSI,5,SAN LUIS POTOSÍ,198,470,73249,0,0,46067,30882,6071,373,9360,166002,273178,0.6077,XAVIER AZUARA ZUÑIGA,JORGE ALFREDO PEREZ COVARRUBIAS,
24,SAN LUIS POTOSI,6,SAN LUIS POTOSÍ,157,457,57760,0,0,52618,32707,8837,454,9094,161470,278426,0.5799,FELIPE DE JESUS ALMAGUER TORRES,JOSE LUIS CONTRERAS ROJAS,
24,SAN LUIS POTOSI,7,TAMAZUNCHALE,286,493,51610,52484,6735,0,37063,7660,300,21089,176941,248130,0.7131,MARIA REBECA TERAN GUEVARA,MA. MERCED LEON ANDABLO,
25,SINALOA,1,EL FUERTE,619,655,51234,53849,2141,0,12276,4649,38,10348,134535,209416,0.6424,ROMAN  ALFREDO PADILLA FIERRO,FLOR ESTHER GASTELUM VERTIZ,
25,SINALOA,2,LOS MOCHIS,455,595,55702,47534,5258,0,28202,22951,87,11314,171048,276898,0.6177,GERARDO PEÑA AVILES,SAMIRA GUADALUPE YAMUNI ROBLES,
25,SINALOA,3,GUAMUCHIL,511,604,42469,61883,4565,0,18987,10687,87,13304,151982,239898,0.6335,ALFONSO INZUNZA MONTOYA,FERNANDO CAMACHO OCHOA,
25,SINALOA,4,GUASAVE,438,483,14806,39659,3363,0,25772,32270,22,9633,125525,191401,0.6558,BLAS RAMON RUBIO LARA,JOSE ELIAS MUÑOZ VEGA,
25,SINALOA,5,CULIACÁN DE ROSALES,507,650,35082,69977,4523,0,34315,15068,191,13354,172510,283102,0.6094,JESUS ANTONIO VALDES PALAZUELOS,NORMA LUCIA LEY ZEVADA,
25,SINALOA,6,MAZATLÁN,426,528,40410,57257,3016,0,15089,8474,82,11013,135341,218331,0.6199,FRANCISCA ELENA CORRALES CORRALES,ANA ALICIA TIZNADO LIZARRAGA,
25,SINALOA,7,CULIACÁN DE ROSALES,424,549,27593,61849,4792,0,22362,15572,100,13314,145582,258089,0.5641,SERGIO TORRES FELIX,MIRNA VELAZQUEZ LOPEZ,
25,SINALOA,8,MAZATLAN,386,501,43898,40897,5744,0,22015,7295,155,11589,131593,235153,0.5596,MARTIN ALONSO HEREDIA LIZARRAGA,REFUGIO GASTELUM ROJO,
26,SONORA,1,SAN LUIS RÍO COLORADO,193,481,67041,51038,2852,0,15713,2399,50,9480,148573,273602,0.543,JOSE ENRIQUE REINA LIZARRAGA,ANA MARIA GUTIERREZ CORONADO,
26,SONORA,2,NOGALES,192,502,64338,57487,3849,0,15840,3302,96,11739,156651,298400,0.525,DAVID CUAUHTEMOC GALINDO DELGADO,MARIBEL ENRIQUEZ RAMIREZ,
26,SONORA,3,HERMOSILLO,151,437,61935,59352,1484,0,13201,5235,79,8167,149453,265197,0.5636,ALEJANDRA LOPEZ NORIEGA,SANDRA LUZ FIMBRES ESCALANTE,SG-JIN-13 SUP-REC-100.pdf
26,SONORA,4,GUAYMAS,258,490,31813,58137,3879,0,29920,24113,47,12632,160541,252189,0.6366,ANTONIO FRANCISCO ASTIAZARAN GUTIERREZ,BLANCA AURORA CAMACHO SOSA,
26,SONORA,5,HERMOSILLO,169,421,70395,46846,1635,0,12695,2176,111,7770,141628,246700,0.5741,DAMIAN ZEPEDA VIDALES,LORENA GUTIERREZ LANDAVAZO,
26,SONORA,6,CD. OBREGÓN,219,508,48111,74829,2256,0,28158,2730,82,12642,168808,291588,0.5789,FAUSTINO FRANCISCO FELIX CHAVEZ,MICAELA RODRIGUEZ ZAMORA,
26,SONORA,7,NAVOJOA,207,448,67301,50646,2601,0,24661,4107,47,11525,160888,244646,0.6576,MAXIMO OTHON ZAYAS,FRANCISCA ROSARIO ARANA LUGO,
27,TABASCO,1,MACUSPANA,213,424,15094,0,0,67590,72756,1386,37,5625,162488,228466,0.7112,CLAUDIA ELIZABETH BOJORQUEZ JAVIER,ESTELA NUÑEZ ALVAREZ,
27,TABASCO,2,HEROICA CÁRDENAS,190,414,4774,0,0,65985,82231,1764,32,5361,160147,234300,0.6835,TOMAS BRITO LARA,QUERUBIN SANDOVAL FERNANDEZ,
27,TABASCO,3,COMALCALCO,185,442,6294,0,0,65062,104417,3835,41,5880,185529,257020,0.7218,LORENA MENDEZ DENIS,MARIA BARBARA LOPEZ CASTAÑEDA,
27,TABASCO,4,VILLAHERMOSA,177,448,7859,0,0,53654,108926,2981,63,4960,178443,261102,0.6834,GERARDO GAUDIANO ROVIROSA,CHRISTIAN MANUEL NARVAEZ ROMERO,
27,TABASCO,5,PARAÍSO,183,440,16242,0,0,67712,97791,2605,41,6176,190567,254929,0.7475,MARCOS ROSENDO MEDINA FILIGRANA,EDI OLIVE LOPEZ,
27,TABASCO,6,VILLAHERMOSA,183,497,10354,0,0,76261,105608,3292,109,6675,202299,294325,0.6873,ANTONIO SANSORES SASTRE,SEBASTIAN DEYA BECERRIL,
28,TAMAULIPAS,1,NUEVO LAREDO,239,560,76341,48588,3800,0,21654,11039,98,10678,172198,328192,0.5247,GLAFIRO SALINAS MENDIOLA,VERONICA MORALES HUERTA,
28,TAMAULIPAS,2,REYNOSA,212,552,61034,57646,6208,0,29608,6873,71,10631,172071,324651,0.53,HUMBERTO ARMANDO PRIETO HERRERA,MARISOL SANTES RAMOS,
28,TAMAULIPAS,3,RÍO BRAVO,373,751,78708,75778,5840,0,41169,7480,111,12630,221716,409145,0.5419,JOSE ALEJANDRO LLANAS ALBA,ELIDA SEGURA SIFUENTES,
28,TAMAULIPAS,4,H. MATAMOROS,173,498,56314,54472,5787,0,20660,8822,66,11298,157419,302038,0.5212,CARLOS ALBERTO GARCIA GONZALEZ,BELEN ROSALES PUENTE,SM-JIN-34 SUP-REC-114.pdf
28,TAMAULIPAS,5,CIUDAD VICTORIA,220,505,52374,69934,4686,0,27092,14476,74,10950,179586,274312,0.6547,ENRIQUE CARDENAS DEL AVELLANO,BLANCA AURELIA ANZALDUA NAJERA,
28,TAMAULIPAS,6,CIUDAD MANTE,293,532,58917,59860,10272,0,14985,10511,30,10663,165238,254117,0.6502,ROSALBA DE LA CRUZ REQUENA,JUANA  MARIA SANCHEZ ASTELLO,SM-JIN-30 SM-JIN-32 SUP-REC-144.pdf
28,TAMAULIPAS,7,CIUDAD MADERO,182,497,63206,52060,6450,0,48534,6067,118,9367,185802,297108,0.6254,MARCELINA ORTA CORONADO,ANA MARCELA GARCIA PADILLA,
28,TAMAULIPAS,8,TAMPICO,205,444,73170,46489,4552,0,26808,4750,97,7888,163754,255483,0.641,GERMAN PACHECO DIAZ,LAMBERTO GONZALEZ DE LA MAZA,
29,TLAXCALA,1,APIZACO,243,501,43093,48664,7687,0,43350,14192,92,16829,173907,276214,0.6296,MARIA GUADALUPE SANCHEZ SANTIAGO,ANGELICA MORALES SALAZAR,
29,TLAXCALA,2,TLAXCALA DE XICOHTENCATL,160,447,37219,47739,10780,0,60227,11051,124,13461,180601,273125,0.6612,JOSE HUMBERTO VEGA VAZQUEZ,MAXIMINO TAPIA FLORES,
29,TLAXCALA,3,ZACATELCO,205,464,37637,38149,4695,0,57089,13227,58,13437,164292,264269,0.6217,EDILBERTO ALGREDO JARAMILLO,SAMUEL FILIBERTO CORTES PEREZ,
30,VERACRUZ,1,PANUCO,272,432,51501,0,0,64410,17093,2608,36,4093,139741,210819,0.6628,ZITA BEATRIZ PAZZI MAZA,MARIA DEL CARMEN ANTONIO NICANOR,
30,VERACRUZ,2,TANTOYUCA,265,473,63460,0,0,72742,30015,2962,55,5904,175138,239636,0.7309,LEOPOLDO SANCHEZ CRUZ,JUAN MANUEL DEL ANGEL DEL ANGEL,
30,VERACRUZ,3,TUXPAN DE RODRÍGUEZ CANO,213,430,49746,0,0,66522,23372,3149,77,4372,147238,225482,0.653,GENARO RUIZ ARRIAGA,JOSE ROBERTO ARENAS MARTINEZ,
30,VERACRUZ,4,VERACRUZ,185,448,81627,0,0,52887,27070,3662,104,4994,170344,261447,0.6515,HUMBERTO ALONSO MORELLI,LUIS HERNAN PAZOS PAREDES,
30,VERACRUZ,5,POZA RICA DE HIDALGO,203,438,44463,0,0,63764,29017,9752,96,4589,151681,244890,0.6194,GAUDENCIO HERNANDEZ BURGOS,MICHELLE GUSTIN CARDENAS,
30,VERACRUZ,6,PAPANTLA DE OLARTE,200,410,39035,0,0,54177,41362,3743,45,4132,142494,216096,0.6594,ALMA JEANY ARROLLO RUIZ,MARIELA TOVAR LORENZO,SX-JIN-8 SUP-REC-140.pdf
30,VERACRUZ,7,MARTÍNEZ DE LA TORRE,246,493,51427,0,0,65744,25772,7215,40,5105,155303,244600,0.6349,VERONICA CARREON CERVANTES,ADELAIDA RAMAGNOLI CAGNANT,SX-JIN-4.pdf
30,VERACRUZ,8,XALAPA,279,552,66964,0,0,69413,50844,4258,102,6132,197713,287195,0.6884,JOSE ALEJANDRO MONTANO GUZMAN,ZAZIL REYES CONTRERAS,SX-JIN-8 SUP-REC-140.pdf
30,VERACRUZ,9,COATEPEC,203,466,56979,0,0,71127,36804,3788,59,6475,175232,258065,0.679,FERNANDO CHARLESTON HERNANDEZ,ANGEL ABEL MAVIL SOTO,En este caso se tomaron los resultados consignados en la sentencia del TEPJF
30,VERACRUZ,10,XALAPA,221,486,45813,0,0,43610,75772,8543,206,7366,181310,273890,0.662,URIEL FLORES AGUAYO,FRANCISCO CEBALLOS CAPISTRAN,
30,VERACRUZ,11,COATZACOALCOS,239,523,21975,0,0,78278,70004,2228,80,4304,176869,277705,0.6369,JOAQUIN CABALLERO ROSIÑOL,PATRICIA GUADALUPE PEÑA RECIO,SX-JIN-11.pdf
30,VERACRUZ,12,VERACRUZ,261,482,71727,0,0,44992,40335,2681,130,4323,164188,268825,0.6108,RAFAEL ACOSTA CRODA,DAMARIS OSORNO MALPICA,
30,VERACRUZ,13,HUATUSCO,216,474,90306,0,0,61858,24344,2502,64,5538,184612,261839,0.7051,VICTOR SERRALDE MARTINEZ,RAMIRO HERNANDEZ LOZANO,
30,VERACRUZ,14,MINATITLÁN,214,486,37699,0,0,69406,41375,1923,88,4444,154935,243502,0.6363,NOE HERNANDEZ GONZALEZ,GLORIA OCHOA RUEDA,
30,VERACRUZ,15,ORIZABA,225,496,47736,0,0,86099,39743,3441,92,6084,183195,274718,0.6668,JUAN MANUEL DIEZ FRANCOS,JUAN ISIDRO DEL BOSQUE MARQUEZ,
30,VERACRUZ,16,CORDOBA,213,473,66891,0,0,63581,44896,4261,203,6286,186118,271299,0.686,LETICIA LOPEZ LANDERO,MARIA CRISTINA CONTRERAS MENESES,
30,VERACRUZ,17,COSAMALOAPAN,288,566,83846,0,0,70639,32295,4173,76,6155,197184,298485,0.6606,GABRIEL DE JESUS CARDENAS GUIZAR,JOSE MANUEL DIAZ RODRIGUEZ,
30,VERACRUZ,18,ZONGOLICA,218,448,44373,0,0,68526,47958,2724,89,7124,170794,241737,0.7065,TOMAS LOPEZ LANDERO,ADANERY MEDINA GUERRERO,SX-JIN-14.pdf
30,VERACRUZ,19,SAN ANDRÉS TUXTLA,216,445,51083,0,0,56882,34207,3390,56,5650,151268,242114,0.6248,MARINA GARAY CABADA,MARIA TERESA DE JESUS MORENO GOMEZ,
30,VERACRUZ,20,ACAYUCAN,207,434,55860,0,0,64388,25174,2339,32,5038,152831,238438,0.641,REGINA VAZQUEZ SAUT,BLANCA LOPEZ DOMINGUEZ,
30,VERACRUZ,21,COSOLEACAQUE,220,457,35119,0,0,67369,59642,1736,36,5059,168961,249565,0.677,PONCIANO VAZQUEZ PARISSI,ISELA GONZALEZ DOMINGUEZ,
31,YUCATAN,1,VALLADOLID,226,444,80133,0,0,96982,14808,4432,45,3922,200322,240682,0.8323,WILLIAM RENAN SOSA ALTAMIRA,MARIO ALBERTO GONZALEZ GONZALEZ,
31,YUCATAN,2,PROGRESO,224,476,78022,0,0,104896,17756,4331,53,5547,210605,264507,0.7962,MARIA DEL CARMEN ORDAZ MARTINEZ,LUCIA GUADALUPE CANTO LARA,
31,YUCATAN,3,MÉRIDA,213,541,87725,0,0,96994,23912,4479,144,6185,219439,313038,0.701,MAURICIO SAHUI RIVERO,CARLOS MANUEL CARRILLO PAREDES,
31,YUCATAN,4,MÉRIDA,211,483,89842,0,0,83226,19553,4098,126,5800,202645,275954,0.7343,RAUL PAZ ALONZO,IMELDA NOEMY PACHECO GONZALEZ,
31,YUCATAN,5,TICUL,201,460,83700,0,0,100808,21979,2477,53,5749,214766,263238,0.8159,MARCO ALONSO VELA REYES,ALBERTO LEONIDES ESCAMILLA CERON,
32,ZACATECAS,1,FRESNILLO,417,588,22075,0,0,86448,40110,6165,44,4885,159727,267748,0.5966,ADOLFO BONILLA GOMEZ,ERICA DEL CARMEN VELAZQUEZ VACIO,
32,ZACATECAS,2,JERÉZ DE GARCÍA SALINAS,650,761,39309,0,0,76324,29229,5930,40,5587,156419,266318,0.5873,JULIO CESAR FLEMATE RAMIREZ,PABLO MANUEL ALEJANDRO TORRES CORPUS,
32,ZACATECAS,3,ZACATECAS,430,598,29128,0,0,85042,34846,7373,159,6240,162788,261611,0.6223,JUDIT MAGDALENA GUERRERO LOPEZ,ANA MARIANELA HERNANDEZ PEÑA,SM-JIN-26.pdf
32,ZACATECAS,4,GUADALUPE,356,563,27277,0,0,93496,36797,7968,178,6981,172697,279775,0.6173,BARBARA GABRIELA ROMO FONSECA,EDNA OLIVIA CASTANEDO GUERRA,
