ID_ESTADO,NOMBRE_ESTADO,ID_DISTRITO_LOCAL,CABECERA_DISTRITAL_LOCAL,SECCIONES,CASILLAS,PAN_PRI_PRD,PVEM_PT,MC,MORENA,FXMA,NUM_VOTOS_VALIDOS,NUM_VOTOS_CAN_NREG,NUM_VOTOS_NULOS,TOTAL_VOTOS,LISTA_NOMINAL,RUTA_ACTA
1,AGUASCALIENTES,1,RINCON DE ROMOS,26,84,12568,382,788,8418,422,22578,6,616,23200,52102,
1,AGUASCALIENTES,2,PALO ALTO,25,83,18265,414,867,6474,334,26354,14,656,27024,52865,
1,AGUASCALIENTES,3,PABELLON DE ARTEAGA,27,80,15415,365,889,7703,376,24748,4,651,25403,49464,
1,AGUASCALIENTES,4,SAN FRANCISCO DE LOS ROMO,16,106,18694,424,1988,9914,321,31341,12,823,32176,71340,
1,AGUASCALIENTES,5,AGUASCALIENTES,18,92,11715,336,2181,9339,306,23877,14,638,24529,59621,
1,AGUASCALIENTES,6,AGUASCALIENTES,37,99,22435,319,2206,7011,240,32211,20,559,32790,58549,
1,AGUASCALIENTES,7,JESUS MARIA,16,89,15000,415,1542,6281,341,23579,11,626,24216,59581,
1,AGUASCALIENTES,8,CALVILLO,38,94,13557,777,1281,8683,520,24818,11,984,25813,55831,
1,AGUASCALIENTES,9,AGUASCALIENTES,37,105,12959,436,2222,9686,386,25689,13,820,26522,61057,
1,AGUASCALIENTES,10,AGUASCALIENTES,43,106,18331,405,2320,9399,311,30766,11,728,31505,62124,
1,AGUASCALIENTES,11,AGUASCALIENTES,72,110,16027,425,2236,9845,313,28846,21,750,29617,55699,
1,AGUASCALIENTES,12,AGUASCALIENTES,25,94,9395,352,1541,8440,369,20097,5,624,20726,60960,
1,AGUASCALIENTES,13,AGUASCALIENTES,33,93,10398,372,2090,9265,313,22438,17,714,23169,51494,
1,AGUASCALIENTES,14,AGUASCALIENTES,32,91,12421,422,2197,10342,341,25723,18,663,26404,54660,
1,AGUASCALIENTES,15,AGUASCALIENTES,41,97,10259,395,2074,10352,416,23496,17,644,24157,52837,
1,AGUASCALIENTES,16,AGUASCALIENTES,36,101,9713,398,2066,9796,371,22344,18,691,23053,58122,
1,AGUASCALIENTES,17,AGUASCALIENTES,63,108,16091,391,2305,9200,316,28303,32,711,29046,54985,
1,AGUASCALIENTES,18,AGUASCALIENTES,37,106,12139,446,2294,10019,392,25290,7,736,26033,63317,
1,AGUASCALIENTES,0,VOTO EN EL EXTRANJERO,0,2,210,6,25,183,5,429,0,17,446,1125,
