ID_ESTADO,NOMBRE_ESTADO,ID_DISTRITO_LOCAL,CABECERA_DISTRITAL_LOCAL,SECCIONES,CASILLAS,PAN,PRI,PRD,PVEM,PT,MC,MORENA,FXMA,NUM_VOTOS_VALIDOS,NUM_VOTOS_CAN_NREG,NUM_VOTOS_NULOS,TOTAL_VOTOS,LISTA_NOMINAL,RUTA_ACTA
1,AGUASCALIENTES,1,RINCON DE ROMOS,26,84,10079,1972,517,132,250,788,8418,422,22578,6,616,23200,52102,
1,AGUASCALIENTES,2,PALO ALTO,25,83,14854,2127,1284,173,241,867,6474,334,26354,14,656,27024,52865,
1,AGUASCALIENTES,3,PABELLON DE ARTEAGA,27,80,9743,3733,1939,110,255,889,7703,376,24748,4,651,25403,49464,
1,AGUASCALIENTES,4,SAN FRANCISCO DE LOS ROMO,16,106,12507,5578,609,207,217,1988,9914,321,31341,12,823,32176,71340,
1,AGUASCALIENTES,5,AGUASCALIENTES,18,92,9881,1225,609,140,196,2181,9339,306,23877,14,638,24529,59621,
1,AGUASCALIENTES,6,AGUASCALIENTES,37,99,19738,2214,483,141,178,2206,7011,240,32211,20,559,32790,58549,
1,AGUASCALIENTES,7,JESUS MARIA,16,89,12342,2115,543,191,224,1542,6281,341,23579,11,626,24216,59581,
1,AGUASCALIENTES,8,CALVILLO,38,94,11520,1295,742,363,414,1281,8683,520,24818,11,984,25813,55831,
1,AGUASCALIENTES,9,AGUASCALIENTES,37,105,10472,1681,806,224,212,2222,9686,386,25689,13,820,26522,61057,
1,AGUASCALIENTES,10,AGUASCALIENTES,43,106,15834,1866,631,221,184,2320,9399,311,30766,11,728,31505,62124,
1,AGUASCALIENTES,11,AGUASCALIENTES,72,110,13529,1892,606,196,229,2236,9845,313,28846,21,750,29617,55699,
1,AGUASCALIENTES,12,AGUASCALIENTES,25,94,6969,1278,1148,175,177,1541,8440,369,20097,5,624,20726,60960,
1,AGUASCALIENTES,13,AGUASCALIENTES,33,93,8489,1328,581,183,189,2090,9265,313,22438,17,714,23169,51494,
1,AGUASCALIENTES,14,AGUASCALIENTES,32,91,9976,1792,653,174,248,2197,10342,341,25723,18,663,26404,54660,
1,AGUASCALIENTES,15,AGUASCALIENTES,41,97,7827,1318,1114,189,206,2074,10352,416,23496,17,644,24157,52837,
1,AGUASCALIENTES,16,AGUASCALIENTES,36,101,7087,1045,1581,163,235,2066,9796,371,22344,18,691,23053,58122,
1,AGUASCALIENTES,17,AGUASCALIENTES,63,108,13619,1792,680,183,208,2305,9200,316,28303,32,711,29046,54985,
1,AGUASCALIENTES,18,AGUASCALIENTES,37,106,9946,1577,616,202,244,2294,10019,392,25290,7,736,26033,63317,
1,AGUASCALIENTES,0,VOTO EN EL EXTRANJERO,0,2,157,34,19,4,2,25,183,5,429,0,17,446,1125,
