ID_ESTADO,NOMBRE_ESTADO,ID_MUNICIPIO,MUNICIPIO,SECCIONES,CASILLAS,PAN,PRI,PRD,PVEM,PT,MC,MORENA,FXMA,PAN_PRI_PRD,PAN_PRI,PAN_PRD,PRI_PRD,PVEM_PT,NUM_VOTOS_VALIDOS,NUM_VOTOS_CAN_NREG,NUM_VOTOS_NULOS,TOTAL_VOTOS,LISTA_NOMINAL,RUTA_ACTA
1,AGUASCALIENTES,1,AGUASCALIENTES,474,1202,130575,16383,7780,2137,2447,25732,112694,4074,4579,2145,367,54,113,309080,193,8278,317551,693425,
1,AGUASCALIENTES,2,ASIENTOS,17,58,10711,1269,613,142,126,650,4123,216,315,227,38,15,4,18449,12,453,18914,36692,
1,AGUASCALIENTES,3,CALVILLO,31,80,9275,832,564,348,315,1179,7393,477,199,130,36,8,7,20763,11,891,21665,48464,
1,AGUASCALIENTES,4,COSIO,5,19,3132,566,49,29,49,176,1774,84,93,57,11,5,2,6027,1,105,6133,12344,
1,AGUASCALIENTES,5,JESUS MARIA,22,135,19634,2745,601,286,311,2591,10382,482,495,319,42,6,16,37910,19,922,38851,90867,
1,AGUASCALIENTES,6,PABELLON DE ARTEAGA,17,53,5295,3157,1494,56,199,495,5127,210,254,135,46,30,3,16501,4,458,16963,32916,
1,AGUASCALIENTES,7,RINCON DE ROMOS,21,65,6623,1104,272,100,198,612,6644,338,401,206,42,7,4,16551,5,511,17067,39758,
1,AGUASCALIENTES,8,SAN JOSE DE GRACIA,7,14,2061,294,71,11,95,102,1290,43,55,28,3,1,1,4055,0,93,4148,7367,
1,AGUASCALIENTES,9,TEPEZALA,10,27,4201,347,279,53,54,394,2576,166,101,56,18,2,0,8247,0,193,8440,16548,
1,AGUASCALIENTES,10,SAN FRANCISCO DE LOS ROMO,10,60,4697,4451,284,102,119,939,5813,180,201,194,13,12,5,17010,4,527,17541,40054,
1,AGUASCALIENTES,11,EL LLANO,8,25,3813,550,485,27,111,217,2351,118,117,81,26,5,4,7905,2,203,8110,16173,
1,AGUASCALIENTES,0,VOTO EN EL EXTRANJERO,0,1,111,17,9,1,2,24,154,4,16,2,0,1,1,342,0,5,347,997,
1,AGUASCALIENTES,0,VOTO ANTICIPADO,0,1,37,8,2,2,0,1,29,1,7,0,0,0,0,87,0,12,99,128,