CIRCUNSCRIPCION,ID_ESTADO,NOMBRE_ESTADO,ID_DISTRITO,CABECERA_DISTRITAL,ID_MUNICIPIO,MUNICIPIO,SECCION,CASILLAS,PAN,PRI,PRD,PT,PVEM,MC,NVA_ALIANZA,MORENA,ES,PRI_PT_PVEM_NVA_ALIANZA,PRI_PT_PVEM,PRI_PT_NVA_ALIANZA,PRI_PVEM_NVA_ALIANZA,PT_PVEM_NVA_ALIANZA,PRI_PT,PRI_PVEM,PRI_NVA_ALIANZA,PT_PVEM,PT_NVA_ALIANZA,PVEM_NVA_ALIANZA,CAND_IND2,CAND_IND3,CAND_IND4,CAND_IND5,CAND_IND6,CAND_IND7,CAND_IND8,NUM_VOTOS_CAN_NREG,NUM_VOTOS_VALIDOS,NUM_VOTOS_NULOS,TOTAL_VOTOS,LISTA_NOMINAL
,1,AGUASCALIENTES,1,RINCON DE ROMOS,4,COSIO,387,4,704,609,17,104,230,81,63,110,86,1,0,0,1,0,1,5,1,0,0,0,,,,,,,,3,2013,115,2131,2841
,1,AGUASCALIENTES,1,RINCON DE ROMOS,4,COSIO,388,3,479,361,34,15,215,27,33,80,83,0,0,3,0,0,0,3,2,0,0,1,,,,,,,,0,1336,93,1429,1877
,1,AGUASCALIENTES,1,RINCON DE ROMOS,4,COSIO,389,3,264,305,9,19,183,106,23,41,120,0,0,0,0,0,1,4,1,0,0,0,,,,,,,,0,1076,57,1133,1712
,1,AGUASCALIENTES,1,RINCON DE ROMOS,4,COSIO,390,3,234,309,11,29,198,31,14,34,103,1,0,0,0,0,1,2,1,0,0,0,,,,,,,,0,968,50,1018,2180
,1,AGUASCALIENTES,1,RINCON DE ROMOS,4,COSIO,391,4,483,419,88,42,311,60,50,51,87,0,0,0,0,1,1,3,2,0,0,0,,,,,,,,0,1598,48,1646,2285
,1,AGUASCALIENTES,1,RINCON DE ROMOS,7,RINCON DE ROMOS,431,2,197,94,15,9,15,34,25,15,67,1,1,0,0,0,1,0,0,0,0,0,,,,,,,,0,474,23,497,797
,1,AGUASCALIENTES,1,RINCON DE ROMOS,7,RINCON DE ROMOS,432,3,209,155,24,19,14,105,21,37,75,0,0,0,1,0,1,1,2,0,0,0,,,,,,,,0,664,23,687,2097
,1,AGUASCALIENTES,1,RINCON DE ROMOS,7,RINCON DE ROMOS,433,2,61,54,12,7,6,18,24,14,25,0,0,2,1,0,0,0,0,0,0,0,,,,,,,,0,224,10,234,792
,1,AGUASCALIENTES,1,RINCON DE ROMOS,7,RINCON DE ROMOS,434,2,150,103,42,3,13,37,43,26,77,1,1,0,1,0,1,0,0,0,0,0,,,,,,,,1,498,12,511,752
,1,AGUASCALIENTES,1,RINCON DE ROMOS,7,RINCON DE ROMOS,435,2,194,161,33,10,14,20,31,31,88,0,0,0,1,0,0,0,1,0,0,0,,,,,,,,0,584,18,602,883
,1,AGUASCALIENTES,1,RINCON DE ROMOS,7,RINCON DE ROMOS,436,5,479,427,119,21,59,109,72,59,201,3,0,2,3,0,2,3,8,0,0,1,,,,,,,,0,1568,39,1607,3739
,1,AGUASCALIENTES,1,RINCON DE ROMOS,7,RINCON DE ROMOS,437,3,311,306,68,20,23,61,78,53,130,3,1,1,1,0,2,2,8,0,0,0,,,,,,,,0,1068,56,1124,1983
,1,AGUASCALIENTES,1,RINCON DE ROMOS,7,RINCON DE ROMOS,438,1,106,123,30,3,6,10,,17,87,1,1,1,0,0,2,1,2,0,0,0,,,,,,,,0,390,29,419,705
,1,AGUASCALIENTES,1,RINCON DE ROMOS,7,RINCON DE ROMOS,439,3,325,242,51,9,38,59,78,60,164,2,0,0,3,0,4,0,2,0,0,0,,,,,,,,3,1037,38,1078,1755
,1,AGUASCALIENTES,1,RINCON DE ROMOS,7,RINCON DE ROMOS,440,8,1030,812,165,35,72,298,219,155,465,2,3,7,6,0,1,3,12,0,0,1,,,,,,,,5,3286,126,3417,5957
,1,AGUASCALIENTES,1,RINCON DE ROMOS,7,RINCON DE ROMOS,441,2,81,83,19,5,5,17,27,13,54,0,0,0,0,0,0,1,2,0,0,0,,,,,,,,0,307,5,312,991
,1,AGUASCALIENTES,1,RINCON DE ROMOS,7,RINCON DE ROMOS,442,3,276,273,27,24,18,59,74,16,65,2,0,3,5,0,0,1,5,3,0,0,,,,,,,,2,851,43,896,1909
,1,AGUASCALIENTES,1,RINCON DE ROMOS,7,RINCON DE ROMOS,443,3,396,235,23,14,38,148,100,25,27,2,0,1,1,0,0,0,4,0,0,1,,,,,,,,0,1015,40,1055,1798
,1,AGUASCALIENTES,1,RINCON DE ROMOS,7,RINCON DE ROMOS,444,2,121,138,3,18,13,165,67,7,2,1,0,0,1,0,0,0,0,0,0,0,,,,,,,,0,536,35,571,851
,1,AGUASCALIENTES,1,RINCON DE ROMOS,7,RINCON DE ROMOS,445,3,532,245,9,14,77,112,76,25,22,2,0,0,2,0,1,4,1,0,0,2,,,,,,,,0,1124,25,1149,1889
,1,AGUASCALIENTES,1,RINCON DE ROMOS,7,RINCON DE ROMOS,446,2,286,200,17,8,20,53,45,16,124,0,0,3,0,0,0,0,2,1,0,1,,,,,,,,0,776,28,804,1399
,1,AGUASCALIENTES,1,RINCON DE ROMOS,7,RINCON DE ROMOS,447,3,287,117,56,10,25,47,96,18,32,0,0,2,1,0,0,1,2,0,0,0,,,,,,,,4,694,25,723,2157
,1,AGUASCALIENTES,1,RINCON DE ROMOS,7,RINCON DE ROMOS,448,2,251,182,23,14,31,16,49,6,30,1,0,0,0,0,1,1,0,0,0,1,,,,,,,,0,606,19,625,1071
,1,AGUASCALIENTES,1,RINCON DE ROMOS,7,RINCON DE ROMOS,449,3,265,268,30,43,93,69,72,77,42,2,1,3,1,1,1,0,0,0,0,0,,,,,,,,1,968,49,1018,2083
,1,AGUASCALIENTES,1,RINCON DE ROMOS,7,RINCON DE ROMOS,450,2,174,191,21,21,35,30,35,36,11,0,2,0,2,0,0,3,2,0,0,0,,,,,,,,0,563,22,585,1145
,1,AGUASCALIENTES,1,RINCON DE ROMOS,7,RINCON DE ROMOS,451,1,141,93,5,33,10,6,12,12,10,0,2,0,0,0,0,2,0,0,0,1,,,,,,,,0,327,13,340,639
,1,AGUASCALIENTES,2,EL LLANO,2,ASIENTOS,338,3,448,156,8,12,9,38,237,27,40,0,0,2,1,1,0,1,5,0,0,0,,,,,,,,1,985,42,1028,1692
,1,AGUASCALIENTES,2,EL LLANO,2,ASIENTOS,339,3,491,155,4,10,15,47,219,17,17,5,0,3,1,0,0,0,6,0,0,3,,,,,,,,0,993,27,1020,1547
,1,AGUASCALIENTES,2,EL LLANO,2,ASIENTOS,340,3,322,348,3,14,30,16,259,19,74,1,0,0,1,0,0,1,4,0,0,0,,,,,,,,1,1092,19,1112,1603
,1,AGUASCALIENTES,2,EL LLANO,2,ASIENTOS,341,3,561,219,6,12,21,15,336,34,67,1,0,1,0,0,1,1,5,0,0,3,,,,,,,,0,1283,39,1322,1847
,1,AGUASCALIENTES,2,EL LLANO,2,ASIENTOS,342,2,332,195,6,9,39,7,424,21,9,0,0,0,0,0,1,7,0,0,0,0,,,,,,,,0,1050,37,1087,1468
,1,AGUASCALIENTES,2,EL LLANO,2,ASIENTOS,343,4,615,407,17,12,35,174,600,40,22,12,0,2,3,0,1,1,14,0,0,3,,,,,,,,0,1958,49,2007,2785
,1,AGUASCALIENTES,2,EL LLANO,2,ASIENTOS,344,4,449,404,11,26,34,15,513,37,36,3,1,2,3,0,1,0,6,3,0,4,,,,,,,,4,1548,49,1601,2394
,1,AGUASCALIENTES,2,EL LLANO,2,ASIENTOS,345,3,280,348,18,14,31,6,497,26,25,0,1,1,3,0,0,4,3,0,0,0,,,,,,,,0,1257,24,1281,2118
,1,AGUASCALIENTES,2,EL LLANO,2,ASIENTOS,346,3,360,259,6,6,10,6,425,21,14,2,0,1,2,1,0,0,17,0,0,0,,,,,,,,2,1130,43,1175,1755
,1,AGUASCALIENTES,2,EL LLANO,2,ASIENTOS,347,4,742,212,6,8,31,8,703,21,16,10,0,7,4,0,1,3,25,0,0,2,,,,,,,,0,1799,46,1845,2380
,1,AGUASCALIENTES,2,EL LLANO,2,ASIENTOS,348,3,352,170,52,10,14,7,307,22,49,3,0,1,1,0,0,0,7,0,0,0,,,,,,,,0,995,28,1023,1557
,1,AGUASCALIENTES,2,EL LLANO,2,ASIENTOS,349,4,511,277,26,9,18,9,347,34,57,0,0,2,2,0,0,0,10,0,0,3,,,,,,,,0,1305,45,1350,2265
,1,AGUASCALIENTES,2,EL LLANO,2,ASIENTOS,350,4,505,301,21,12,24,15,451,29,21,5,1,2,2,0,2,2,9,0,1,2,,,,,,,,2,1405,44,1451,2428
,1,AGUASCALIENTES,2,EL LLANO,2,ASIENTOS,351,2,233,200,8,5,33,7,301,41,11,2,0,1,2,0,1,0,11,0,1,4,,,,,,,,0,861,27,888,1363
,1,AGUASCALIENTES,2,EL LLANO,2,ASIENTOS,352,3,409,319,48,8,47,4,383,15,17,2,1,1,0,0,0,3,4,0,1,0,,,,,,,,1,1262,26,1289,2237
,1,AGUASCALIENTES,2,EL LLANO,2,ASIENTOS,353,2,236,248,7,7,15,5,408,14,10,1,0,1,5,0,0,0,14,0,0,1,,,,,,,,0,972,28,1000,1393
,1,AGUASCALIENTES,2,EL LLANO,2,ASIENTOS,354,2,226,219,3,6,56,8,308,40,12,1,0,1,3,0,0,0,4,0,0,0,,,,,,,,0,887,6,893,1359
,1,AGUASCALIENTES,2,EL LLANO,11,EL LLANO,479,4,502,253,268,299,36,110,40,25,16,1,0,3,1,0,9,1,0,1,0,0,,,,,,,,2,1565,57,1624,2282
,1,AGUASCALIENTES,2,EL LLANO,11,EL LLANO,480,3,367,287,269,254,8,36,42,16,7,0,0,5,1,0,7,0,0,0,0,0,,,,,,,,3,1299,61,1363,1951
,1,AGUASCALIENTES,2,EL LLANO,11,EL LLANO,481,2,160,148,278,182,6,32,26,7,24,1,1,1,0,1,4,0,0,0,0,0,,,,,,,,0,871,36,907,1257
,1,AGUASCALIENTES,2,EL LLANO,11,EL LLANO,482,4,265,311,523,439,17,49,19,30,12,1,1,3,3,2,22,0,1,1,0,0,,,,,,,,0,1699,81,1780,2387
,1,AGUASCALIENTES,2,EL LLANO,11,EL LLANO,483,2,152,142,127,164,37,15,4,5,4,1,0,0,0,0,0,1,0,0,1,0,,,,,,,,0,653,10,663,871
,1,AGUASCALIENTES,2,EL LLANO,11,EL LLANO,484,2,154,134,85,75,39,14,6,9,3,0,0,0,0,0,0,1,0,0,0,0,,,,,,,,1,520,36,557,829
,1,AGUASCALIENTES,2,EL LLANO,11,EL LLANO,485,4,324,383,200,334,129,52,81,50,12,4,2,1,0,0,15,1,1,0,3,0,,,,,,,,0,1592,71,1663,2423
,1,AGUASCALIENTES,2,EL LLANO,11,EL LLANO,486,4,414,203,183,269,176,22,26,24,18,1,0,12,1,0,6,1,0,0,0,0,,,,,,,,0,1356,57,1413,2108
,1,AGUASCALIENTES,3,PABELLON DE ARTEAGA,6,PABELLON DE ARTEAGA,415,7,745,433,987,48,65,61,240,86,169,4,0,4,0,0,0,2,10,0,0,0,,,,,,,,1,2854,95,2950,4691
,1,AGUASCALIENTES,3,PABELLON DE ARTEAGA,6,PABELLON DE ARTEAGA,416,2,160,154,224,18,14,13,98,20,52,0,0,0,1,0,0,2,3,0,0,0,,,,,,,,4,759,37,800,1172
,1,AGUASCALIENTES,3,PABELLON DE ARTEAGA,6,PABELLON DE ARTEAGA,417,2,287,136,236,21,16,4,69,34,57,1,0,0,2,0,1,1,2,0,0,0,,,,,,,,2,867,25,894,1310
,1,AGUASCALIENTES,3,PABELLON DE ARTEAGA,6,PABELLON DE ARTEAGA,418,2,156,117,222,21,13,6,79,20,38,1,0,0,0,0,0,0,0,0,0,0,,,,,,,,0,673,36,709,1098
,1,AGUASCALIENTES,3,PABELLON DE ARTEAGA,6,PABELLON DE ARTEAGA,419,3,222,189,385,14,16,50,76,33,28,2,0,1,0,0,0,0,2,1,0,0,,,,,,,,3,1019,34,1056,1523
,1,AGUASCALIENTES,3,PABELLON DE ARTEAGA,6,PABELLON DE ARTEAGA,420,2,156,115,246,12,17,29,74,14,30,0,1,1,0,0,1,1,2,0,0,0,,,,,,,,0,699,22,721,1060
,1,AGUASCALIENTES,3,PABELLON DE ARTEAGA,6,PABELLON DE ARTEAGA,421,7,514,463,1111,83,79,104,259,76,102,2,0,4,2,0,3,0,6,0,0,0,,,,,,,,3,2808,81,2892,4802
,1,AGUASCALIENTES,3,PABELLON DE ARTEAGA,6,PABELLON DE ARTEAGA,422,2,182,88,175,13,11,23,38,24,35,1,0,2,1,1,0,0,2,0,0,0,,,,,,,,0,596,44,640,943
,1,AGUASCALIENTES,3,PABELLON DE ARTEAGA,6,PABELLON DE ARTEAGA,423,2,159,106,310,17,16,19,57,44,18,1,1,1,1,0,0,1,7,0,0,0,,,,,,,,3,758,37,798,1303
,1,AGUASCALIENTES,3,PABELLON DE ARTEAGA,6,PABELLON DE ARTEAGA,424,4,441,234,564,29,41,58,157,87,68,1,0,0,1,0,3,0,4,0,0,1,,,,,,,,1,1689,60,1750,2652
,1,AGUASCALIENTES,3,PABELLON DE ARTEAGA,6,PABELLON DE ARTEAGA,425,2,100,101,169,11,21,29,46,12,16,0,0,1,0,0,0,1,1,0,0,0,,,,,,,,1,508,28,537,794
,1,AGUASCALIENTES,3,PABELLON DE ARTEAGA,6,PABELLON DE ARTEAGA,426,2,162,140,254,33,20,22,24,5,10,0,0,1,0,0,0,0,1,0,0,0,,,,,,,,0,672,26,698,1092
,1,AGUASCALIENTES,3,PABELLON DE ARTEAGA,6,PABELLON DE ARTEAGA,427,2,131,84,268,28,19,2,45,15,8,0,0,0,0,0,0,0,2,0,0,0,,,,,,,,0,602,30,632,963
,1,AGUASCALIENTES,3,PABELLON DE ARTEAGA,6,PABELLON DE ARTEAGA,428,4,362,210,267,32,25,13,130,31,19,1,0,0,0,0,6,2,2,0,0,1,,,,,,,,0,1101,55,1156,2275
,1,AGUASCALIENTES,3,PABELLON DE ARTEAGA,6,PABELLON DE ARTEAGA,429,3,382,219,431,90,24,2,193,19,14,1,0,2,1,0,2,3,2,0,1,0,,,,,,,,2,1386,50,1438,2121
,1,AGUASCALIENTES,3,PABELLON DE ARTEAGA,6,PABELLON DE ARTEAGA,430,2,278,159,195,47,23,6,97,7,11,0,1,0,0,0,0,3,2,0,0,0,,,,,,,,0,829,26,855,1271
,1,AGUASCALIENTES,3,PABELLON DE ARTEAGA,9,TEPEZALA,460,2,622,56,26,7,219,27,76,2,1,0,1,0,0,0,0,3,0,0,0,1,,,,,,,,0,1041,32,1073,1493
,1,AGUASCALIENTES,3,PABELLON DE ARTEAGA,9,TEPEZALA,461,3,737,73,76,8,230,23,111,4,4,0,0,2,0,0,0,5,2,0,0,2,,,,,,,,3,1277,43,1323,1733
,1,AGUASCALIENTES,3,PABELLON DE ARTEAGA,9,TEPEZALA,462,3,495,67,26,85,394,9,67,7,10,0,0,1,0,0,2,7,0,1,1,2,,,,,,,,1,1174,39,1214,1679
,1,AGUASCALIENTES,3,PABELLON DE ARTEAGA,9,TEPEZALA,463,2,362,27,38,26,328,10,75,4,3,0,0,0,0,0,0,2,1,1,0,1,,,,,,,,0,878,22,900,1470
,1,AGUASCALIENTES,3,PABELLON DE ARTEAGA,9,TEPEZALA,464,3,587,137,66,58,224,34,136,19,3,0,3,0,1,0,0,6,1,2,1,3,,,,,,,,0,1281,31,1312,1656
,1,AGUASCALIENTES,3,PABELLON DE ARTEAGA,9,TEPEZALA,465,1,139,21,37,42,106,5,36,0,5,0,0,0,1,0,0,0,0,0,0,1,,,,,,,,3,393,9,405,570
,1,AGUASCALIENTES,3,PABELLON DE ARTEAGA,9,TEPEZALA,466,1,191,23,38,6,212,2,123,3,0,0,0,0,0,0,0,0,0,0,0,2,,,,,,,,0,600,24,624,689
,1,AGUASCALIENTES,3,PABELLON DE ARTEAGA,9,TEPEZALA,467,3,369,120,108,34,294,26,325,30,8,0,0,0,0,0,0,5,10,0,1,4,,,,,,,,1,1334,32,1367,1917
,1,AGUASCALIENTES,3,PABELLON DE ARTEAGA,9,TEPEZALA,468,1,120,55,51,7,165,6,70,3,7,0,0,1,0,0,0,2,1,0,1,1,,,,,,,,0,490,18,508,726
,1,AGUASCALIENTES,3,PABELLON DE ARTEAGA,9,TEPEZALA,469,4,684,69,154,9,445,19,202,75,3,1,0,0,0,0,0,3,3,1,0,2,,,,,,,,0,1670,53,1723,2509
,1,AGUASCALIENTES,3,PABELLON DE ARTEAGA,6,PABELLON DE ARTEAGA,488,1,54,40,25,3,1,1,9,1,3,0,0,0,0,0,0,0,0,0,0,0,,,,,,,,0,137,15,152,179
,1,AGUASCALIENTES,4,SAN FRANCISCO DE LOS ROMO,5,JESUS MARIA,400,2,282,233,37,11,25,16,16,18,23,0,0,1,0,0,0,0,0,0,0,0,,,,,,,,0,662,23,685,1437
,1,AGUASCALIENTES,4,SAN FRANCISCO DE LOS ROMO,5,JESUS MARIA,401,5,562,465,78,21,71,32,48,46,42,0,0,0,1,0,2,1,0,0,0,1,,,,,,,,2,1370,37,1409,3122
,1,AGUASCALIENTES,4,SAN FRANCISCO DE LOS ROMO,5,JESUS MARIA,402,2,215,188,42,9,36,5,17,19,10,0,0,1,1,0,2,6,1,0,0,1,,,,,,,,3,553,9,565,1089
,1,AGUASCALIENTES,4,SAN FRANCISCO DE LOS ROMO,5,JESUS MARIA,403,6,854,433,143,23,76,40,62,102,59,0,2,0,0,0,1,6,0,0,0,0,,,,,,,,3,1801,65,1869,4042
,1,AGUASCALIENTES,4,SAN FRANCISCO DE LOS ROMO,10,SAN FRANCISCO DE LOS ROMO,404,2,104,170,7,5,104,4,26,8,10,0,0,0,0,0,0,1,0,0,0,0,,,,,,,,1,439,11,451,772
,1,AGUASCALIENTES,4,SAN FRANCISCO DE LOS ROMO,5,JESUS MARIA,405,11,1524,881,131,54,164,168,186,291,125,1,3,1,0,0,4,4,1,0,0,1,,,,,,,,25,3539,128,3692,7518
,1,AGUASCALIENTES,4,SAN FRANCISCO DE LOS ROMO,5,JESUS MARIA,413,8,1814,598,80,24,66,118,88,210,114,0,0,0,0,1,0,1,0,1,0,0,,,,,,,,17,3115,125,3257,5968
,1,AGUASCALIENTES,4,SAN FRANCISCO DE LOS ROMO,10,SAN FRANCISCO DE LOS ROMO,470,2,384,211,14,8,23,10,40,82,17,0,0,0,0,0,1,1,2,0,0,0,,,,,,,,1,793,25,819,1314
,1,AGUASCALIENTES,4,SAN FRANCISCO DE LOS ROMO,10,SAN FRANCISCO DE LOS ROMO,471,3,349,372,17,11,36,21,63,44,34,2,0,0,1,0,0,1,0,0,0,0,,,,,,,,0,951,40,991,1610
,1,AGUASCALIENTES,4,SAN FRANCISCO DE LOS ROMO,10,SAN FRANCISCO DE LOS ROMO,472,2,377,289,19,14,23,9,56,47,29,1,0,0,0,0,3,4,0,0,0,0,,,,,,,,1,871,31,903,1433
,1,AGUASCALIENTES,4,SAN FRANCISCO DE LOS ROMO,10,SAN FRANCISCO DE LOS ROMO,473,10,1514,1207,97,45,176,47,387,223,158,1,0,0,1,0,1,6,4,0,0,2,,,,,,,,7,3869,142,4018,7260
,1,AGUASCALIENTES,4,SAN FRANCISCO DE LOS ROMO,10,SAN FRANCISCO DE LOS ROMO,474,2,281,303,28,10,10,4,85,17,9,1,0,0,1,0,0,0,1,0,0,0,,,,,,,,8,750,15,773,1277
,1,AGUASCALIENTES,4,SAN FRANCISCO DE LOS ROMO,10,SAN FRANCISCO DE LOS ROMO,475,2,315,395,7,6,30,14,31,12,21,0,0,0,1,0,0,0,1,0,0,0,,,,,,,,0,833,2,835,1421
,1,AGUASCALIENTES,4,SAN FRANCISCO DE LOS ROMO,10,SAN FRANCISCO DE LOS ROMO,476,6,512,614,13,30,55,13,96,47,310,0,0,0,1,0,2,2,3,0,0,0,,,,,,,,0,1698,42,1740,3793
,1,AGUASCALIENTES,4,SAN FRANCISCO DE LOS ROMO,10,SAN FRANCISCO DE LOS ROMO,477,5,511,553,50,14,265,21,64,85,60,1,0,0,4,0,0,8,1,0,0,0,,,,,,,,5,1637,92,1734,3502
,1,AGUASCALIENTES,4,SAN FRANCISCO DE LOS ROMO,10,SAN FRANCISCO DE LOS ROMO,478,9,752,911,94,40,153,57,218,142,76,0,1,0,1,0,5,9,0,1,0,0,,,,,,,,3,2460,88,2551,6075
,1,AGUASCALIENTES,5,AGUASCALIENTES,1,AGUASCALIENTES,594,2,161,146,33,2,7,4,12,21,11,2,0,0,1,0,0,0,0,1,0,0,,,,,,45,,0,446,23,469,1483
,1,AGUASCALIENTES,5,AGUASCALIENTES,1,AGUASCALIENTES,595,2,218,106,16,3,9,17,10,51,12,0,0,0,0,0,0,0,0,0,0,0,,,,,,77,,1,519,30,550,1207
,1,AGUASCALIENTES,5,AGUASCALIENTES,1,AGUASCALIENTES,596,2,177,145,31,3,14,5,20,33,13,1,0,0,0,0,0,0,1,0,0,0,,,,,,63,,1,506,18,525,1227
,1,AGUASCALIENTES,5,AGUASCALIENTES,1,AGUASCALIENTES,598,3,254,298,30,12,19,3,10,36,10,1,1,1,0,0,2,1,1,0,0,0,,,,,,56,,0,735,20,755,1551
,1,AGUASCALIENTES,5,AGUASCALIENTES,1,AGUASCALIENTES,599,2,210,130,14,4,12,9,7,30,8,0,0,0,0,0,0,0,0,0,0,0,,,,,,42,,0,466,13,479,894
,1,AGUASCALIENTES,5,AGUASCALIENTES,1,AGUASCALIENTES,600,2,170,127,9,3,13,8,15,18,6,0,0,0,1,0,0,0,0,0,0,0,,,,,,39,,2,409,12,423,818
,1,AGUASCALIENTES,5,AGUASCALIENTES,1,AGUASCALIENTES,601,3,184,253,93,4,19,6,21,23,10,0,0,2,0,0,0,1,0,0,0,0,,,,,,33,,0,649,11,660,1693
,1,AGUASCALIENTES,5,AGUASCALIENTES,1,AGUASCALIENTES,603,2,124,181,40,2,8,3,4,18,9,2,0,0,0,0,0,0,0,0,0,0,,,,,,12,,0,403,34,437,1312
,1,AGUASCALIENTES,5,AGUASCALIENTES,1,AGUASCALIENTES,605,1,153,83,15,5,4,5,10,18,8,0,0,1,1,0,0,0,0,0,0,0,,,,,,35,,0,338,17,355,687
,1,AGUASCALIENTES,5,AGUASCALIENTES,1,AGUASCALIENTES,606,2,181,179,27,3,7,14,8,33,1,1,0,0,0,0,0,0,0,0,0,0,,,,,,30,,1,484,10,495,1088
,1,AGUASCALIENTES,5,AGUASCALIENTES,1,AGUASCALIENTES,607,1,119,84,19,4,4,8,12,22,8,1,0,1,0,0,1,1,0,0,0,0,,,,,,35,,1,319,11,331,677
,1,AGUASCALIENTES,5,AGUASCALIENTES,1,AGUASCALIENTES,80,8,1162,774,98,16,49,33,53,177,72,2,0,1,1,1,0,1,0,0,0,0,,,,,,296,,14,2736,91,2841,5995
,1,AGUASCALIENTES,5,AGUASCALIENTES,1,AGUASCALIENTES,82,14,2029,1042,189,40,76,99,85,338,94,4,1,0,1,1,2,2,0,0,0,0,,,,,,473,,4,4476,198,4678,9765
,1,AGUASCALIENTES,5,AGUASCALIENTES,1,AGUASCALIENTES,86,15,1612,1275,171,75,88,75,113,245,91,5,2,0,2,2,1,1,0,1,0,0,,,,,,363,,4,4122,143,4269,10671
,1,AGUASCALIENTES,5,AGUASCALIENTES,1,AGUASCALIENTES,87,3,366,246,41,13,22,23,34,83,24,1,1,0,0,0,1,1,0,0,0,0,,,,,,101,,0,957,52,1009,1951
,1,AGUASCALIENTES,5,AGUASCALIENTES,1,AGUASCALIENTES,88,2,274,170,18,9,9,2,11,21,17,0,0,0,0,0,0,0,0,0,0,0,,,,,,53,,0,584,28,612,1212
,1,AGUASCALIENTES,5,AGUASCALIENTES,1,AGUASCALIENTES,89,2,193,203,16,4,12,6,20,22,10,1,0,1,0,0,0,0,1,0,0,0,,,,,,29,,0,518,14,532,1044
,1,AGUASCALIENTES,5,AGUASCALIENTES,1,AGUASCALIENTES,90,4,688,357,53,31,34,44,27,81,31,2,0,0,0,0,1,3,0,0,0,0,,,,,,168,,8,1520,68,1596,2980
,1,AGUASCALIENTES,6,AGUASCALIENTES,1,AGUASCALIENTES,1,3,762,321,13,2,39,86,13,23,10,0,0,0,0,0,0,0,0,0,0,0,,,,,,,,5,1269,44,1318,2027
,1,AGUASCALIENTES,6,AGUASCALIENTES,1,AGUASCALIENTES,10,2,383,152,21,2,22,42,18,42,23,0,0,0,0,0,0,0,0,0,0,0,,,,,,,,1,705,26,732,1188
,1,AGUASCALIENTES,6,AGUASCALIENTES,1,AGUASCALIENTES,11,2,329,159,28,7,20,38,13,33,19,0,0,0,0,0,0,2,1,0,0,0,,,,,,,,1,649,34,684,1261
,1,AGUASCALIENTES,6,AGUASCALIENTES,1,AGUASCALIENTES,12,2,265,125,23,1,11,21,11,30,17,0,0,0,0,0,0,1,0,0,0,1,,,,,,,,5,506,24,535,857
,1,AGUASCALIENTES,6,AGUASCALIENTES,1,AGUASCALIENTES,13,2,220,117,24,5,8,24,16,49,16,1,0,0,1,0,0,0,0,0,0,0,,,,,,,,3,481,26,510,819
,1,AGUASCALIENTES,6,AGUASCALIENTES,1,AGUASCALIENTES,14,2,244,105,19,6,15,42,15,43,14,2,0,0,0,0,0,1,0,0,0,0,,,,,,,,3,506,33,542,940
,1,AGUASCALIENTES,6,AGUASCALIENTES,1,AGUASCALIENTES,15,2,221,87,17,4,20,67,14,25,11,0,0,0,0,0,0,0,0,0,0,0,,,,,,,,0,466,21,487,1020
,1,AGUASCALIENTES,6,AGUASCALIENTES,1,AGUASCALIENTES,16,2,207,94,10,5,6,15,3,14,14,0,0,1,1,0,0,0,0,0,0,0,,,,,,,,0,370,7,377,844
,1,AGUASCALIENTES,6,AGUASCALIENTES,1,AGUASCALIENTES,17,2,291,104,13,7,13,24,22,25,18,0,0,0,4,0,0,0,2,0,0,0,,,,,,,,0,523,17,540,1078
,1,AGUASCALIENTES,6,AGUASCALIENTES,1,AGUASCALIENTES,18,2,297,114,16,0,21,40,10,23,31,1,0,2,0,0,0,2,0,0,0,0,,,,,,,,2,557,17,576,1082
,1,AGUASCALIENTES,6,AGUASCALIENTES,1,AGUASCALIENTES,2,2,227,166,12,6,20,21,8,12,10,0,0,0,1,0,1,3,0,0,0,0,,,,,,,,1,487,23,511,933
,1,AGUASCALIENTES,6,AGUASCALIENTES,1,AGUASCALIENTES,3,3,510,171,34,6,18,73,21,68,15,0,0,0,0,0,0,0,0,0,0,0,,,,,,,,2,916,48,966,1613
,1,AGUASCALIENTES,6,AGUASCALIENTES,1,AGUASCALIENTES,320,6,951,592,32,14,66,138,45,59,29,0,0,0,0,0,0,4,2,0,0,0,,,,,,,,13,1932,61,2006,3925
,1,AGUASCALIENTES,6,AGUASCALIENTES,1,AGUASCALIENTES,4,2,332,151,29,9,17,67,35,77,27,1,0,0,1,0,0,1,0,0,0,0,,,,,,,,4,747,49,800,1363
,1,AGUASCALIENTES,6,AGUASCALIENTES,1,AGUASCALIENTES,41,6,1171,362,39,12,39,113,32,70,58,0,1,0,2,0,2,1,0,0,0,0,,,,,,,,3,1902,82,1987,3756
,1,AGUASCALIENTES,6,AGUASCALIENTES,1,AGUASCALIENTES,42,2,219,177,11,4,19,18,16,29,16,0,0,0,0,0,0,2,0,0,0,0,,,,,,,,0,511,15,526,1086
,1,AGUASCALIENTES,6,AGUASCALIENTES,1,AGUASCALIENTES,43,3,530,210,38,4,22,79,20,62,37,4,0,0,0,0,0,0,0,0,0,0,,,,,,,,6,1006,48,1060,1839
,1,AGUASCALIENTES,6,AGUASCALIENTES,1,AGUASCALIENTES,44,6,1569,467,76,11,50,186,31,141,72,2,0,0,0,0,0,1,1,0,0,0,,,,,,,,9,2607,113,2729,4372
,1,AGUASCALIENTES,6,AGUASCALIENTES,1,AGUASCALIENTES,45,3,621,212,26,3,18,56,24,37,18,0,0,0,0,0,1,0,0,0,0,0,,,,,,,,2,1016,57,1075,1670
,1,AGUASCALIENTES,6,AGUASCALIENTES,1,AGUASCALIENTES,46,3,712,219,24,4,22,94,7,43,20,1,0,0,0,0,0,0,0,0,0,0,,,,,,,,4,1146,61,1211,1940
,1,AGUASCALIENTES,6,AGUASCALIENTES,1,AGUASCALIENTES,47,5,1355,342,52,9,44,152,26,85,48,1,0,0,0,0,0,1,0,0,0,1,,,,,,,,7,2116,94,2217,3505
,1,AGUASCALIENTES,6,AGUASCALIENTES,1,AGUASCALIENTES,48,3,629,181,21,4,23,59,8,52,25,1,0,0,0,0,0,0,0,0,0,0,,,,,,,,4,1003,36,1043,1808
,1,AGUASCALIENTES,6,AGUASCALIENTES,1,AGUASCALIENTES,49,2,398,145,22,4,18,38,12,39,19,0,0,0,0,0,0,1,0,0,0,0,,,,,,,,10,696,27,733,1469
,1,AGUASCALIENTES,6,AGUASCALIENTES,1,AGUASCALIENTES,5,2,246,103,17,3,9,27,6,41,16,0,0,0,0,0,0,0,0,0,0,0,,,,,,,,4,468,21,493,815
,1,AGUASCALIENTES,6,AGUASCALIENTES,1,AGUASCALIENTES,50,3,402,154,29,6,13,46,13,65,27,1,1,0,2,1,0,0,0,0,0,0,,,,,,,,1,760,33,794,1542
,1,AGUASCALIENTES,6,AGUASCALIENTES,1,AGUASCALIENTES,51,2,303,170,23,3,13,36,15,38,22,1,0,0,1,0,1,0,0,0,0,0,,,,,,,,1,626,31,658,1141
,1,AGUASCALIENTES,6,AGUASCALIENTES,1,AGUASCALIENTES,52,2,342,126,28,3,25,30,12,55,22,0,0,0,0,0,0,0,0,0,0,0,,,,,,,,1,643,34,678,1163
,1,AGUASCALIENTES,6,AGUASCALIENTES,1,AGUASCALIENTES,53,3,496,165,37,6,26,56,19,69,26,1,2,0,0,0,0,2,2,1,0,1,,,,,,,,3,909,44,956,1542
,1,AGUASCALIENTES,6,AGUASCALIENTES,1,AGUASCALIENTES,54,2,244,113,12,10,11,12,15,23,20,0,0,0,0,0,2,1,4,0,0,0,,,,,,,,1,467,247,715,1086
,1,AGUASCALIENTES,6,AGUASCALIENTES,1,AGUASCALIENTES,55,2,291,121,29,3,6,31,19,47,18,0,1,0,1,0,0,2,1,0,0,0,,,,,,,,0,570,24,594,1069
,1,AGUASCALIENTES,6,AGUASCALIENTES,1,AGUASCALIENTES,56,2,307,106,19,2,11,12,5,18,15,0,0,0,0,0,0,0,0,0,0,0,,,,,,,,0,495,15,510,954
,1,AGUASCALIENTES,6,AGUASCALIENTES,1,AGUASCALIENTES,6,1,183,76,13,2,8,26,11,37,18,0,0,0,1,0,0,0,0,0,0,0,,,,,,,,0,375,24,399,711
,1,AGUASCALIENTES,6,AGUASCALIENTES,1,AGUASCALIENTES,7,2,241,118,18,4,13,18,18,32,13,0,0,0,0,0,0,0,1,0,0,0,,,,,,,,2,476,24,502,814
,1,AGUASCALIENTES,6,AGUASCALIENTES,1,AGUASCALIENTES,8,2,353,180,17,5,7,38,23,41,19,2,0,1,0,0,1,1,0,0,0,1,,,,,,,,5,689,36,730,1145
,1,AGUASCALIENTES,6,AGUASCALIENTES,1,AGUASCALIENTES,9,2,423,157,28,6,22,25,21,74,18,0,0,0,0,0,0,0,0,0,0,0,,,,,,,,1,774,45,820,1244
,1,AGUASCALIENTES,6,AGUASCALIENTES,1,AGUASCALIENTES,91,2,210,133,16,3,18,25,22,34,19,0,0,0,0,0,0,0,0,0,0,0,,,,,,,,3,480,20,503,905
,1,AGUASCALIENTES,6,AGUASCALIENTES,1,AGUASCALIENTES,92,2,192,98,25,5,13,15,13,24,12,0,0,0,0,0,0,0,0,0,0,0,,,,,,,,9,397,16,422,855
,1,AGUASCALIENTES,7,JESUS MARIA,5,JESUS MARIA,392,8,1075,911,48,55,75,47,91,98,44,,,,,,,,,,,,,76,,,,,,0,2520,74,2594,5429
,1,AGUASCALIENTES,7,JESUS MARIA,5,JESUS MARIA,393,4,575,424,19,14,14,18,30,68,25,,,,,,,,,,,,,88,,,,,,1,1275,40,1316,2711
,1,AGUASCALIENTES,7,JESUS MARIA,5,JESUS MARIA,394,7,814,777,20,24,54,26,56,66,20,,,,,,,,,,,,,46,,,,,,3,1903,52,1958,4594
,1,AGUASCALIENTES,7,JESUS MARIA,5,JESUS MARIA,395,3,321,466,8,7,13,12,17,18,4,,,,,,,,,,,,,22,,,,,,0,888,26,914,1589
,1,AGUASCALIENTES,7,JESUS MARIA,5,JESUS MARIA,396,6,1066,708,39,19,41,19,50,104,52,,,,,,,,,,,,,89,,,,,,1,2187,65,2253,4323
,1,AGUASCALIENTES,7,JESUS MARIA,5,JESUS MARIA,397,12,1749,1555,82,41,92,65,134,148,79,,,,,,,,,,,,,170,,,,,,3,4115,134,4252,8929
,1,AGUASCALIENTES,7,JESUS MARIA,5,JESUS MARIA,398,2,212,328,6,10,4,5,19,11,8,,,,,,,,,,,,,32,,,,,,0,635,11,646,1236
,1,AGUASCALIENTES,7,JESUS MARIA,5,JESUS MARIA,399,2,251,350,10,15,11,3,15,9,9,,,,,,,,,,,,,16,,,,,,0,689,21,710,1423
,1,AGUASCALIENTES,7,JESUS MARIA,5,JESUS MARIA,406,4,603,421,30,22,27,18,38,38,22,,,,,,,,,,,,,46,,,,,,0,1265,31,1296,2877
,1,AGUASCALIENTES,7,JESUS MARIA,5,JESUS MARIA,407,3,153,214,3,39,24,7,7,5,53,,,,,,,,,,,,,14,,,,,,0,519,12,531,958
,1,AGUASCALIENTES,7,JESUS MARIA,5,JESUS MARIA,408,1,66,123,1,5,1,1,5,2,2,,,,,,,,,,,,,0,,,,,,0,206,4,210,353
,1,AGUASCALIENTES,7,JESUS MARIA,5,JESUS MARIA,409,2,344,173,7,16,7,2,3,4,4,,,,,,,,,,,,,8,,,,,,0,568,10,578,947
,1,AGUASCALIENTES,7,JESUS MARIA,5,JESUS MARIA,410,4,537,469,16,30,17,10,63,41,27,,,,,,,,,,,,,17,,,,,,4,1227,27,1258,2403
,1,AGUASCALIENTES,7,JESUS MARIA,5,JESUS MARIA,411,8,1168,850,65,53,45,60,62,117,55,,,,,,,,,,,,,152,,,,,,1,2627,104,2732,5687
,1,AGUASCALIENTES,7,JESUS MARIA,5,JESUS MARIA,412,5,816,483,24,6,19,17,24,52,31,,,,,,,,,,,,,44,,,,,,3,1516,51,1570,3302
,1,AGUASCALIENTES,7,JESUS MARIA,5,JESUS MARIA,414,4,714,369,9,8,20,22,16,43,15,,,,,,,,,,,,,57,,,,,,3,1273,56,1332,2432
,1,AGUASCALIENTES,8,CALVILLO,3,CALVILLO,355,2,425,160,88,21,6,41,10,35,15,3,1,0,0,0,3,2,1,0,0,0,,,,,,,,1,811,11,823,1410
,1,AGUASCALIENTES,8,CALVILLO,3,CALVILLO,356,4,675,398,97,53,29,33,19,21,27,2,0,1,1,0,5,2,0,0,0,0,,,,,,,,1,1363,41,1405,2555
,1,AGUASCALIENTES,8,CALVILLO,3,CALVILLO,357,3,470,191,70,26,17,20,14,30,21,1,0,0,1,0,1,0,1,0,0,0,,,,,,,,2,863,22,887,1545
,1,AGUASCALIENTES,8,CALVILLO,3,CALVILLO,358,5,886,450,116,53,33,49,47,41,40,0,1,0,0,0,2,0,0,0,0,0,,,,,,,,1,1718,54,1773,3294
,1,AGUASCALIENTES,8,CALVILLO,3,CALVILLO,359,2,294,135,20,17,14,18,9,14,23,1,0,1,0,0,2,0,0,0,0,0,,,,,,,,0,548,11,559,1048
,1,AGUASCALIENTES,8,CALVILLO,3,CALVILLO,360,2,234,104,39,10,7,9,6,13,13,0,0,0,0,0,5,1,0,0,0,0,,,,,,,,0,441,7,448,765
,1,AGUASCALIENTES,8,CALVILLO,3,CALVILLO,361,3,506,272,72,26,12,19,21,28,17,0,0,0,0,0,1,0,0,0,0,0,,,,,,,,0,974,22,996,1784
,1,AGUASCALIENTES,8,CALVILLO,3,CALVILLO,362,3,699,222,91,27,26,40,23,25,20,0,0,0,0,0,1,0,0,0,0,0,,,,,,,,0,1174,48,1222,2137
,1,AGUASCALIENTES,8,CALVILLO,3,CALVILLO,363,3,549,306,97,30,37,15,12,25,19,3,4,0,0,0,4,2,0,0,1,0,,,,,,,,0,1104,27,1131,1872
,1,AGUASCALIENTES,8,CALVILLO,3,CALVILLO,364,1,154,73,28,18,8,0,5,2,2,0,0,0,0,0,4,0,0,0,0,0,,,,,,,,0,294,6,300,638
,1,AGUASCALIENTES,8,CALVILLO,3,CALVILLO,365,1,118,31,2,6,7,0,6,3,2,0,1,0,0,0,0,1,0,0,0,1,,,,,,,,0,178,9,187,363
,1,AGUASCALIENTES,8,CALVILLO,3,CALVILLO,366,1,179,89,13,12,5,1,17,1,2,0,0,0,0,0,1,0,0,0,0,0,,,,,,,,0,320,14,334,645
,1,AGUASCALIENTES,8,CALVILLO,3,CALVILLO,367,3,480,348,59,30,27,12,21,26,14,0,1,1,1,0,2,1,1,0,0,0,,,,,,,,0,1024,35,1059,1700
,1,AGUASCALIENTES,8,CALVILLO,3,CALVILLO,369,1,128,41,17,18,12,1,4,6,2,0,0,0,0,0,0,1,0,0,0,0,,,,,,,,0,230,3,233,427
,1,AGUASCALIENTES,8,CALVILLO,3,CALVILLO,370,2,304,131,69,81,45,3,7,29,10,0,0,0,0,0,3,0,0,0,0,0,,,,,,,,2,682,25,709,1330
,1,AGUASCALIENTES,8,CALVILLO,3,CALVILLO,371,2,289,84,24,3,20,14,14,13,7,1,1,0,0,1,0,0,0,0,0,0,,,,,,,,0,471,21,492,1022
,1,AGUASCALIENTES,8,CALVILLO,3,CALVILLO,372,2,311,112,32,15,12,12,3,11,9,1,1,0,0,0,1,0,0,0,0,0,,,,,,,,1,520,15,536,1032
,1,AGUASCALIENTES,8,CALVILLO,3,CALVILLO,373,2,343,193,40,66,22,4,13,13,6,0,1,0,0,0,0,2,0,1,0,0,,,,,,,,0,704,12,716,1207
,1,AGUASCALIENTES,8,CALVILLO,3,CALVILLO,374,2,261,165,39,29,30,3,19,17,11,1,0,0,0,0,1,4,0,0,0,0,,,,,,,,1,580,19,600,1065
,1,AGUASCALIENTES,8,CALVILLO,3,CALVILLO,375,3,459,173,65,40,29,15,29,46,12,1,0,0,0,0,3,0,0,0,0,0,,,,,,,,1,872,35,908,1836
,1,AGUASCALIENTES,8,CALVILLO,3,CALVILLO,376,3,490,188,58,56,36,9,32,27,23,0,0,2,1,2,1,1,3,0,0,0,,,,,,,,0,929,43,972,2025
,1,AGUASCALIENTES,8,CALVILLO,3,CALVILLO,377,2,359,164,55,23,21,12,13,25,11,0,1,0,0,0,2,2,1,0,0,0,,,,,,,,1,689,30,720,1460
,1,AGUASCALIENTES,8,CALVILLO,3,CALVILLO,378,1,101,38,4,13,10,1,16,2,2,0,0,0,0,0,0,0,0,0,0,0,,,,,,,,0,187,7,194,353
,1,AGUASCALIENTES,8,CALVILLO,3,CALVILLO,379,2,492,109,20,30,17,1,20,15,10,3,1,1,0,0,1,1,0,1,0,0,,,,,,,,1,722,27,750,1468
,1,AGUASCALIENTES,8,CALVILLO,3,CALVILLO,380,3,566,119,60,56,85,16,25,19,22,1,0,1,0,0,2,0,1,0,0,0,,,,,,,,1,973,28,1002,1858
,1,AGUASCALIENTES,8,CALVILLO,3,CALVILLO,381,2,282,213,29,18,17,7,6,13,1,0,0,0,0,0,2,0,0,0,0,0,,,,,,,,0,588,16,604,1008
,1,AGUASCALIENTES,8,CALVILLO,3,CALVILLO,382,3,535,154,111,24,15,4,21,13,6,0,0,0,0,0,1,0,1,0,0,0,,,,,,,,0,885,34,919,1704
,1,AGUASCALIENTES,8,CALVILLO,3,CALVILLO,383,4,625,208,219,39,24,25,39,30,17,2,0,0,0,0,7,1,3,0,0,0,,,,,,,,0,1239,31,1270,2361
,1,AGUASCALIENTES,8,CALVILLO,3,CALVILLO,384,2,286,221,94,49,14,37,7,7,7,0,0,0,0,0,0,0,0,0,0,0,,,,,,,,0,722,23,745,1189
,1,AGUASCALIENTES,8,CALVILLO,3,CALVILLO,385,2,492,171,43,8,18,12,8,4,4,2,0,1,0,0,0,0,0,0,0,0,,,,,,,,0,763,23,786,1446
,1,AGUASCALIENTES,8,CALVILLO,3,CALVILLO,386,2,394,113,220,21,18,3,11,5,2,0,0,0,0,0,0,0,0,0,0,0,,,,,,,,0,787,28,815,1454
,1,AGUASCALIENTES,8,CALVILLO,8,SAN JOSE DE GRACIA,452,2,394,171,33,107,18,47,71,51,31,0,0,0,0,0,1,0,1,0,0,0,,,,,,,,3,925,31,959,1245
,1,AGUASCALIENTES,8,CALVILLO,8,SAN JOSE DE GRACIA,453,2,411,182,37,95,29,70,73,76,15,1,0,0,0,0,0,0,0,0,0,0,,,,,,,,0,989,34,1023,1328
,1,AGUASCALIENTES,8,CALVILLO,8,SAN JOSE DE GRACIA,454,2,399,225,32,107,5,106,118,56,14,0,0,0,0,0,2,0,0,0,1,0,,,,,,,,1,1065,37,1103,1381
,1,AGUASCALIENTES,8,CALVILLO,8,SAN JOSE DE GRACIA,455,1,81,58,2,58,3,1,24,7,5,0,0,1,0,0,1,0,0,0,0,0,,,,,,,,0,241,6,247,311
,1,AGUASCALIENTES,8,CALVILLO,8,SAN JOSE DE GRACIA,456,1,84,91,3,7,5,13,12,33,3,0,0,2,0,0,0,2,0,0,0,1,,,,,,,,0,256,14,270,358
,1,AGUASCALIENTES,8,CALVILLO,8,SAN JOSE DE GRACIA,457,2,267,134,50,44,14,12,46,20,4,1,0,0,0,0,0,0,0,0,0,0,,,,,,,,1,592,2,595,770
,1,AGUASCALIENTES,8,CALVILLO,8,SAN JOSE DE GRACIA,458,2,342,218,52,46,7,31,37,38,3,0,0,1,0,0,2,0,1,0,0,0,,,,,,,,0,778,15,793,1121
,1,AGUASCALIENTES,9,AGUASCALIENTES,1,AGUASCALIENTES,246,2,161,140,34,6,11,10,14,20,13,2,0,2,0,0,1,2,0,0,0,0,,,,,,,,0,416,15,431,984
,1,AGUASCALIENTES,9,AGUASCALIENTES,1,AGUASCALIENTES,247,2,144,137,37,12,18,6,9,14,10,0,1,0,0,0,0,0,1,0,0,0,,,,,,,,0,389,17,406,914
,1,AGUASCALIENTES,9,AGUASCALIENTES,1,AGUASCALIENTES,248,2,78,130,45,7,13,8,8,19,13,1,0,0,0,0,1,0,1,0,0,0,,,,,,,,0,324,19,343,801
,1,AGUASCALIENTES,9,AGUASCALIENTES,1,AGUASCALIENTES,249,2,192,143,67,6,17,3,16,18,22,0,1,0,1,0,3,2,0,0,0,0,,,,,,,,0,491,18,509,1225
,1,AGUASCALIENTES,9,AGUASCALIENTES,1,AGUASCALIENTES,250,2,156,121,32,12,15,10,4,18,17,1,0,0,1,0,1,1,1,0,0,0,,,,,,,,0,390,19,409,911
,1,AGUASCALIENTES,9,AGUASCALIENTES,1,AGUASCALIENTES,251,2,154,146,40,17,14,11,10,25,11,0,0,0,3,0,0,0,0,0,0,0,,,,,,,,0,431,13,444,1041
,1,AGUASCALIENTES,9,AGUASCALIENTES,1,AGUASCALIENTES,252,2,140,93,40,18,19,6,12,23,11,1,0,0,2,0,0,4,0,0,0,0,,,,,,,,1,369,13,383,1033
,1,AGUASCALIENTES,9,AGUASCALIENTES,1,AGUASCALIENTES,253,2,180,114,20,8,7,5,8,15,12,2,0,0,0,0,0,1,0,0,0,0,,,,,,,,0,372,12,384,915
,1,AGUASCALIENTES,9,AGUASCALIENTES,1,AGUASCALIENTES,254,2,130,129,26,7,11,4,8,12,10,0,0,0,0,0,0,1,0,0,0,0,,,,,,,,0,338,7,345,880
,1,AGUASCALIENTES,9,AGUASCALIENTES,1,AGUASCALIENTES,255,2,116,114,52,4,26,3,9,13,14,0,0,0,1,0,0,3,1,0,0,0,,,,,,,,2,356,16,374,806
,1,AGUASCALIENTES,9,AGUASCALIENTES,1,AGUASCALIENTES,256,2,200,144,19,2,10,3,7,24,9,1,1,0,1,0,1,0,0,0,0,1,,,,,,,,3,423,15,441,1017
,1,AGUASCALIENTES,9,AGUASCALIENTES,1,AGUASCALIENTES,257,5,572,456,116,18,34,27,40,72,55,2,2,0,3,0,1,1,1,0,0,0,,,,,,,,4,1400,59,1463,3403
,1,AGUASCALIENTES,9,AGUASCALIENTES,1,AGUASCALIENTES,258,2,221,194,25,9,17,2,6,31,20,0,0,0,0,0,0,1,1,0,0,0,,,,,,,,2,527,31,560,1248
,1,AGUASCALIENTES,9,AGUASCALIENTES,1,AGUASCALIENTES,261,2,155,133,26,10,6,11,6,36,27,1,0,0,0,0,0,0,0,1,0,0,,,,,,,,0,412,11,423,991
,1,AGUASCALIENTES,9,AGUASCALIENTES,1,AGUASCALIENTES,262,1,114,103,24,7,2,3,6,13,8,0,0,0,0,0,0,0,0,0,0,0,,,,,,,,0,280,8,288,610
,1,AGUASCALIENTES,9,AGUASCALIENTES,1,AGUASCALIENTES,263,2,166,100,19,3,6,3,5,24,9,0,0,0,0,0,0,0,0,0,0,0,,,,,,,,2,335,10,347,790
,1,AGUASCALIENTES,9,AGUASCALIENTES,1,AGUASCALIENTES,264,2,191,87,62,3,6,4,12,23,23,0,0,0,0,0,0,0,1,0,0,0,,,,,,,,2,412,21,435,947
,1,AGUASCALIENTES,9,AGUASCALIENTES,1,AGUASCALIENTES,265,2,146,127,25,4,8,2,7,21,21,0,0,0,0,0,1,0,0,0,0,0,,,,,,,,1,362,14,377,826
,1,AGUASCALIENTES,9,AGUASCALIENTES,1,AGUASCALIENTES,266,1,122,128,24,6,15,5,7,23,13,0,0,0,1,0,0,0,0,0,0,0,,,,,,,,0,344,16,360,708
,1,AGUASCALIENTES,9,AGUASCALIENTES,1,AGUASCALIENTES,267,2,182,189,53,7,13,8,12,43,24,1,0,0,0,0,1,2,1,0,0,0,,,,,,,,4,536,43,583,1284
,1,AGUASCALIENTES,9,AGUASCALIENTES,1,AGUASCALIENTES,268,1,96,137,35,0,7,10,2,16,11,0,0,0,0,0,0,0,0,0,0,1,,,,,,,,1,315,4,320,658
,1,AGUASCALIENTES,9,AGUASCALIENTES,1,AGUASCALIENTES,269,2,159,163,25,5,7,7,10,16,10,1,0,0,0,0,0,1,0,0,0,0,,,,,,,,1,404,21,426,833
,1,AGUASCALIENTES,9,AGUASCALIENTES,1,AGUASCALIENTES,270,9,1294,732,253,21,69,62,75,219,163,5,0,2,2,0,1,2,1,0,0,0,,,,,,,,14,2901,129,3044,6728
,1,AGUASCALIENTES,9,AGUASCALIENTES,1,AGUASCALIENTES,310,2,258,165,31,1,8,12,30,34,13,4,0,0,0,0,0,1,0,0,0,0,,,,,,,,2,557,14,573,1119
,1,AGUASCALIENTES,9,AGUASCALIENTES,1,AGUASCALIENTES,311,2,218,198,32,2,8,10,22,34,23,0,0,1,0,0,0,2,0,0,0,0,,,,,,,,1,550,22,573,1068
,1,AGUASCALIENTES,9,AGUASCALIENTES,1,AGUASCALIENTES,312,2,222,248,58,2,18,5,19,40,27,2,0,0,0,0,1,2,0,0,0,0,,,,,,,,0,644,15,659,1203
,1,AGUASCALIENTES,9,AGUASCALIENTES,1,AGUASCALIENTES,313,2,172,195,107,6,15,7,15,29,14,0,0,0,0,0,0,2,2,1,0,0,,,,,,,,0,565,21,586,1282
,1,AGUASCALIENTES,9,AGUASCALIENTES,1,AGUASCALIENTES,314,2,187,195,53,13,10,7,21,18,10,0,1,0,0,0,0,0,0,0,0,0,,,,,,,,1,515,18,534,1155
,1,AGUASCALIENTES,9,AGUASCALIENTES,1,AGUASCALIENTES,326,6,930,392,213,11,40,66,56,221,85,1,0,0,1,0,0,0,0,0,0,1,,,,,,,,8,2017,97,2122,3941
,1,AGUASCALIENTES,9,AGUASCALIENTES,1,AGUASCALIENTES,329,2,152,251,4,4,15,4,4,12,5,1,1,0,0,0,0,0,1,0,0,0,,,,,,,,0,454,13,467,962
,1,AGUASCALIENTES,9,AGUASCALIENTES,1,AGUASCALIENTES,330,4,600,377,91,15,15,6,21,21,21,2,1,0,0,0,2,2,0,0,0,1,,,,,,,,3,1175,53,1231,2427
,1,AGUASCALIENTES,9,AGUASCALIENTES,1,AGUASCALIENTES,331,4,423,420,57,15,30,17,18,66,37,0,0,1,0,0,3,3,1,1,0,1,,,,,,,,3,1093,57,1153,2746
,1,AGUASCALIENTES,9,AGUASCALIENTES,1,AGUASCALIENTES,333,3,287,324,40,17,18,8,15,69,23,3,0,2,1,0,3,1,2,0,0,1,,,,,,,,1,814,29,844,2043
,1,AGUASCALIENTES,9,AGUASCALIENTES,1,AGUASCALIENTES,334,3,335,370,32,14,16,7,7,22,11,3,0,0,5,0,3,5,1,0,0,0,,,,,,,,1,831,23,855,1768
,1,AGUASCALIENTES,9,AGUASCALIENTES,1,AGUASCALIENTES,335,1,140,109,10,3,5,6,8,14,6,1,0,0,1,0,1,2,1,0,0,0,,,,,,,,0,307,17,324,695
,1,AGUASCALIENTES,9,AGUASCALIENTES,1,AGUASCALIENTES,336,2,159,242,59,8,8,1,10,17,2,3,0,0,0,1,4,0,0,0,0,0,,,,,,,,0,514,20,534,1155
,1,AGUASCALIENTES,9,AGUASCALIENTES,1,AGUASCALIENTES,337,2,242,244,34,4,16,3,19,14,6,1,0,1,1,0,0,4,3,0,0,1,,,,,,,,1,593,21,615,1177
,1,AGUASCALIENTES,10,AGUASCALIENTES,1,AGUASCALIENTES,19,2,270,143,11,5,9,14,23,31,10,1,1,1,0,0,1,0,1,0,0,0,49,,,,,,,1,570,25,596,1036
,1,AGUASCALIENTES,10,AGUASCALIENTES,1,AGUASCALIENTES,20,2,318,135,12,1,9,13,14,50,16,0,1,0,0,0,0,0,1,0,0,0,47,,,,,,,1,617,24,642,1124
,1,AGUASCALIENTES,10,AGUASCALIENTES,1,AGUASCALIENTES,21,2,301,133,25,5,10,16,27,29,3,2,0,0,0,0,0,0,0,0,0,0,27,,,,,,,0,578,27,605,1252
,1,AGUASCALIENTES,10,AGUASCALIENTES,1,AGUASCALIENTES,22,1,173,101,10,0,4,5,12,4,7,1,0,0,1,0,0,0,0,0,0,0,13,,,,,,,2,331,11,344,744
,1,AGUASCALIENTES,10,AGUASCALIENTES,1,AGUASCALIENTES,23,2,302,100,10,3,12,8,21,33,7,1,0,0,1,0,0,0,1,0,0,0,23,,,,,,,0,522,18,540,996
,1,AGUASCALIENTES,10,AGUASCALIENTES,1,AGUASCALIENTES,24,1,130,93,12,3,6,11,12,7,9,0,0,0,0,0,0,0,1,0,0,0,9,,,,,,,0,293,12,305,612
,1,AGUASCALIENTES,10,AGUASCALIENTES,1,AGUASCALIENTES,25,2,248,78,11,1,7,31,12,22,5,0,0,0,0,0,0,0,3,0,0,0,14,,,,,,,0,432,15,447,886
,1,AGUASCALIENTES,10,AGUASCALIENTES,1,AGUASCALIENTES,26,2,320,132,17,6,10,22,26,41,17,2,0,0,0,0,0,2,1,0,0,1,26,,,,,,,1,623,37,661,1146
,1,AGUASCALIENTES,10,AGUASCALIENTES,1,AGUASCALIENTES,27,1,170,61,7,0,1,8,15,14,5,0,0,0,0,0,0,0,0,0,0,0,16,,,,,,,1,297,15,313,530
,1,AGUASCALIENTES,10,AGUASCALIENTES,1,AGUASCALIENTES,271,2,172,113,13,4,12,5,36,17,6,3,0,1,0,0,0,1,1,0,0,1,13,,,,,,,1,398,11,410,867
,1,AGUASCALIENTES,10,AGUASCALIENTES,1,AGUASCALIENTES,272,2,175,85,15,3,10,6,26,20,4,0,0,0,0,0,0,0,1,0,1,0,23,,,,,,,0,369,15,384,773
,1,AGUASCALIENTES,10,AGUASCALIENTES,1,AGUASCALIENTES,273,2,158,107,14,5,10,5,15,25,7,0,0,0,1,0,0,0,3,0,0,0,25,,,,,,,0,375,22,397,760
,1,AGUASCALIENTES,10,AGUASCALIENTES,1,AGUASCALIENTES,279,1,224,79,14,0,10,9,6,19,13,0,0,0,0,0,0,0,0,0,0,0,30,,,,,,,1,404,22,427,627
,1,AGUASCALIENTES,10,AGUASCALIENTES,1,AGUASCALIENTES,280,1,182,90,11,3,11,9,13,14,7,0,0,0,0,0,0,0,2,0,0,0,21,,,,,,,0,363,16,379,604
,1,AGUASCALIENTES,10,AGUASCALIENTES,1,AGUASCALIENTES,281,1,186,110,16,1,10,10,15,20,11,0,0,0,1,0,0,0,0,0,0,0,44,,,,,,,1,424,30,455,679
,1,AGUASCALIENTES,10,AGUASCALIENTES,1,AGUASCALIENTES,282,2,214,94,9,3,9,6,22,16,9,0,0,0,0,0,1,0,0,0,0,1,57,,,,,,,1,441,14,456,861
,1,AGUASCALIENTES,10,AGUASCALIENTES,1,AGUASCALIENTES,283,1,256,73,13,0,11,12,12,16,5,0,0,0,0,0,0,0,0,0,0,0,37,,,,,,,0,435,16,451,645
,1,AGUASCALIENTES,10,AGUASCALIENTES,1,AGUASCALIENTES,284,2,250,181,18,3,13,12,25,24,10,1,0,0,0,0,0,0,0,0,0,0,34,,,,,,,0,571,23,594,1107
,1,AGUASCALIENTES,10,AGUASCALIENTES,1,AGUASCALIENTES,293,2,172,137,19,4,5,4,23,25,4,2,0,0,0,1,0,0,1,0,0,0,38,,,,,,,0,435,25,460,881
,1,AGUASCALIENTES,10,AGUASCALIENTES,1,AGUASCALIENTES,30,1,111,72,10,5,4,3,27,14,7,0,0,0,1,1,0,0,1,0,0,0,17,,,,,,,0,273,24,297,619
,1,AGUASCALIENTES,10,AGUASCALIENTES,1,AGUASCALIENTES,300,2,171,113,15,3,12,9,39,34,9,0,0,0,3,0,0,0,1,0,0,0,28,,,,,,,24,437,15,476,979
,1,AGUASCALIENTES,10,AGUASCALIENTES,1,AGUASCALIENTES,301,6,1006,347,99,16,32,42,79,178,59,0,0,0,0,0,0,0,0,0,0,0,223,,,,,,,5,2081,100,2186,3859
,1,AGUASCALIENTES,10,AGUASCALIENTES,1,AGUASCALIENTES,302,3,324,125,17,8,13,17,43,51,17,0,0,0,0,1,1,0,2,1,0,0,69,,,,,,,2,689,30,721,1653
,1,AGUASCALIENTES,10,AGUASCALIENTES,1,AGUASCALIENTES,303,2,335,111,25,5,19,16,32,45,22,2,0,0,0,0,0,1,2,0,0,0,64,,,,,,,0,679,40,719,1409
,1,AGUASCALIENTES,10,AGUASCALIENTES,1,AGUASCALIENTES,304,2,223,132,41,7,8,3,48,23,8,0,0,2,1,0,0,1,1,0,0,1,34,,,,,,,0,533,25,558,1183
,1,AGUASCALIENTES,10,AGUASCALIENTES,1,AGUASCALIENTES,305,2,239,116,18,13,27,3,47,22,9,0,0,0,0,0,1,0,2,0,0,0,49,,,,,,,0,546,26,572,1126
,1,AGUASCALIENTES,10,AGUASCALIENTES,1,AGUASCALIENTES,306,2,240,136,14,8,5,8,36,29,4,0,0,0,0,0,0,2,0,0,0,1,59,,,,,,,1,542,19,562,1101
,1,AGUASCALIENTES,10,AGUASCALIENTES,1,AGUASCALIENTES,307,2,253,160,22,2,12,14,44,41,13,1,0,0,1,0,0,0,2,0,0,0,41,,,,,,,1,606,19,626,1218
,1,AGUASCALIENTES,10,AGUASCALIENTES,1,AGUASCALIENTES,308,2,210,103,15,2,12,7,37,41,9,0,0,0,1,0,2,0,0,0,0,1,44,,,,,,,0,484,16,500,940
,1,AGUASCALIENTES,10,AGUASCALIENTES,1,AGUASCALIENTES,309,2,264,131,24,5,13,13,25,44,17,0,0,0,1,0,0,0,1,0,0,0,38,,,,,,,1,576,19,596,1091
,1,AGUASCALIENTES,10,AGUASCALIENTES,1,AGUASCALIENTES,31,2,212,99,17,6,8,34,62,13,11,0,0,0,0,2,0,0,2,0,0,0,18,,,,,,,0,484,14,498,940
,1,AGUASCALIENTES,10,AGUASCALIENTES,1,AGUASCALIENTES,32,2,225,174,16,1,4,30,45,21,6,2,0,0,0,0,0,1,2,0,0,2,13,,,,,,,0,542,16,558,1161
,1,AGUASCALIENTES,10,AGUASCALIENTES,1,AGUASCALIENTES,321,2,316,230,14,2,12,3,33,9,9,0,0,0,3,0,1,2,6,1,0,0,47,,,,,,,0,688,25,713,1288
,1,AGUASCALIENTES,10,AGUASCALIENTES,1,AGUASCALIENTES,322,9,1380,582,78,17,44,46,230,135,103,3,0,0,2,0,0,2,3,0,0,0,268,,,,,,,2,2893,103,2998,6051
,1,AGUASCALIENTES,10,AGUASCALIENTES,1,AGUASCALIENTES,327,6,1084,504,64,30,38,20,87,95,27,1,0,0,3,0,2,3,1,0,0,0,206,,,,,,,4,2165,85,2254,3977
,1,AGUASCALIENTES,10,AGUASCALIENTES,1,AGUASCALIENTES,328,2,309,205,12,2,5,4,51,23,9,3,1,0,1,2,1,1,3,2,0,0,51,,,,,,,0,685,19,704,1375
,1,AGUASCALIENTES,10,AGUASCALIENTES,1,AGUASCALIENTES,33,2,200,98,10,2,7,8,29,21,5,0,0,0,0,0,0,0,0,0,0,0,15,,,,,,,0,395,13,408,822
,1,AGUASCALIENTES,10,AGUASCALIENTES,1,AGUASCALIENTES,34,2,206,57,7,1,4,7,31,12,6,1,0,0,2,0,0,2,0,0,0,0,17,,,,,,,1,353,16,370,812
,1,AGUASCALIENTES,10,AGUASCALIENTES,1,AGUASCALIENTES,35,3,562,191,34,6,31,21,73,47,12,0,1,0,0,0,0,0,1,0,0,0,100,,,,,,,1,1079,42,1122,2062
,1,AGUASCALIENTES,10,AGUASCALIENTES,1,AGUASCALIENTES,36,2,241,122,19,3,10,8,43,31,10,0,0,0,1,0,0,0,1,0,0,1,33,,,,,,,1,523,22,546,885
,1,AGUASCALIENTES,10,AGUASCALIENTES,1,AGUASCALIENTES,37,2,355,122,22,4,15,11,12,39,9,0,0,0,0,0,2,0,0,0,0,1,49,,,,,,,6,641,24,671,1159
,1,AGUASCALIENTES,10,AGUASCALIENTES,1,AGUASCALIENTES,38,2,401,178,23,3,11,12,24,27,14,2,0,0,0,0,0,0,0,0,0,0,46,,,,,,,0,741,32,773,1351
,1,AGUASCALIENTES,10,AGUASCALIENTES,1,AGUASCALIENTES,39,2,208,102,8,7,8,8,22,16,6,0,0,0,2,0,3,0,2,0,0,0,19,,,,,,,12,411,19,442,835
,1,AGUASCALIENTES,11,AGUASCALIENTES,1,AGUASCALIENTES,104,1,109,79,14,1,8,3,31,14,7,0,0,0,0,0,0,0,1,0,0,0,,,,,,,,0,267,13,280,521
,1,AGUASCALIENTES,11,AGUASCALIENTES,1,AGUASCALIENTES,105,1,122,114,18,5,2,5,41,41,6,0,0,0,0,0,0,0,0,0,0,0,,,,,,,,0,354,0,354,595
,1,AGUASCALIENTES,11,AGUASCALIENTES,1,AGUASCALIENTES,106,2,277,122,41,4,12,12,35,41,15,0,0,0,2,0,0,0,1,0,0,0,,,,,,,,0,562,23,585,1176
,1,AGUASCALIENTES,11,AGUASCALIENTES,1,AGUASCALIENTES,107,2,267,131,21,5,18,9,36,23,11,1,0,0,0,0,0,0,0,0,0,1,,,,,,,,0,523,14,537,1096
,1,AGUASCALIENTES,11,AGUASCALIENTES,1,AGUASCALIENTES,108,2,202,107,13,4,19,8,46,30,15,2,0,1,1,0,1,2,1,0,0,0,,,,,,,,1,452,27,480,962
,1,AGUASCALIENTES,11,AGUASCALIENTES,1,AGUASCALIENTES,109,2,265,156,19,8,14,14,37,50,9,0,0,0,4,0,1,1,1,0,0,0,,,,,,,,2,579,18,599,1151
,1,AGUASCALIENTES,11,AGUASCALIENTES,1,AGUASCALIENTES,110,1,88,68,9,5,8,5,15,22,10,0,0,0,0,0,0,1,0,0,0,0,,,,,,,,0,231,10,241,462
,1,AGUASCALIENTES,11,AGUASCALIENTES,1,AGUASCALIENTES,111,2,190,157,26,15,7,10,41,35,15,4,0,0,0,0,0,0,3,0,0,0,,,,,,,,0,503,16,519,1002
,1,AGUASCALIENTES,11,AGUASCALIENTES,1,AGUASCALIENTES,112,2,298,121,32,3,14,14,20,54,27,6,0,0,0,0,0,0,0,0,0,0,,,,,,,,2,589,13,604,1176
,1,AGUASCALIENTES,11,AGUASCALIENTES,1,AGUASCALIENTES,120,2,156,112,13,6,6,4,21,22,24,0,0,0,0,0,0,0,0,0,0,0,,,,,,,,2,364,23,389,755
,1,AGUASCALIENTES,11,AGUASCALIENTES,1,AGUASCALIENTES,121,1,152,91,10,5,8,9,10,26,8,0,1,0,0,0,0,0,0,0,0,0,,,,,,,,2,320,18,340,595
,1,AGUASCALIENTES,11,AGUASCALIENTES,1,AGUASCALIENTES,123,1,134,55,16,7,13,8,13,41,14,0,0,0,0,0,0,1,0,0,0,0,,,,,,,,0,302,23,325,650
,1,AGUASCALIENTES,11,AGUASCALIENTES,1,AGUASCALIENTES,124,1,142,62,9,2,7,5,8,11,13,0,0,0,0,0,0,0,0,0,0,0,,,,,,,,1,259,13,273,493
,1,AGUASCALIENTES,11,AGUASCALIENTES,1,AGUASCALIENTES,141,2,216,138,26,7,8,12,39,36,11,1,0,0,1,0,0,0,0,0,0,1,,,,,,,,3,496,18,517,982
,1,AGUASCALIENTES,11,AGUASCALIENTES,1,AGUASCALIENTES,142,2,215,135,13,4,10,18,35,28,14,0,0,0,1,0,0,1,1,0,0,0,,,,,,,,4,475,22,501,803
,1,AGUASCALIENTES,11,AGUASCALIENTES,1,AGUASCALIENTES,180,1,107,91,17,2,5,9,9,18,14,0,0,0,0,0,0,0,0,0,0,0,,,,,,,,1,272,13,286,503
,1,AGUASCALIENTES,11,AGUASCALIENTES,1,AGUASCALIENTES,181,1,166,97,15,2,6,6,8,24,13,0,0,8,0,0,0,0,0,0,0,0,,,,,,,,3,345,14,362,628
,1,AGUASCALIENTES,11,AGUASCALIENTES,1,AGUASCALIENTES,182,1,162,79,17,1,10,4,4,28,11,0,0,0,0,0,0,0,0,0,0,0,,,,,,,,2,316,15,333,581
,1,AGUASCALIENTES,11,AGUASCALIENTES,1,AGUASCALIENTES,183,1,88,68,8,5,8,6,4,18,11,0,0,0,0,0,0,0,0,0,0,0,,,,,,,,1,216,10,227,406
,1,AGUASCALIENTES,11,AGUASCALIENTES,1,AGUASCALIENTES,184,2,209,136,10,3,23,7,8,24,10,2,0,0,0,0,0,1,1,0,0,1,,,,,,,,2,435,12,449,829
,1,AGUASCALIENTES,11,AGUASCALIENTES,1,AGUASCALIENTES,185,1,65,74,6,3,1,11,9,11,3,1,0,0,0,0,0,0,0,0,0,0,,,,,,,,0,184,11,195,362
,1,AGUASCALIENTES,11,AGUASCALIENTES,1,AGUASCALIENTES,186,1,73,45,5,7,4,2,8,21,11,2,0,0,0,0,0,0,0,0,0,0,,,,,,,,0,178,13,191,393
,1,AGUASCALIENTES,11,AGUASCALIENTES,1,AGUASCALIENTES,187,1,150,68,11,6,10,7,15,28,3,0,0,0,1,0,0,2,0,0,0,0,,,,,,,,0,301,15,316,653
,1,AGUASCALIENTES,11,AGUASCALIENTES,1,AGUASCALIENTES,188,2,302,172,27,6,10,11,20,35,28,1,0,0,0,0,0,1,1,0,0,0,,,,,,,,4,614,29,647,1142
,1,AGUASCALIENTES,11,AGUASCALIENTES,1,AGUASCALIENTES,189,2,275,157,82,6,7,20,17,36,21,2,0,0,1,0,1,2,1,0,0,0,,,,,,,,3,628,18,649,1085
,1,AGUASCALIENTES,11,AGUASCALIENTES,1,AGUASCALIENTES,190,3,406,171,64,5,20,26,27,64,31,0,0,0,0,1,1,2,0,0,0,0,,,,,,,,6,818,39,863,1522
,1,AGUASCALIENTES,11,AGUASCALIENTES,1,AGUASCALIENTES,191,1,106,83,13,1,8,8,14,22,13,0,0,0,0,0,0,1,0,0,0,1,,,,,,,,0,270,15,285,569
,1,AGUASCALIENTES,11,AGUASCALIENTES,1,AGUASCALIENTES,192,2,188,131,12,7,16,10,93,22,10,0,0,1,4,0,0,0,2,0,0,0,,,,,,,,1,496,15,512,969
,1,AGUASCALIENTES,11,AGUASCALIENTES,1,AGUASCALIENTES,193,2,175,172,20,5,3,4,16,33,11,0,0,1,0,0,0,0,0,0,0,0,,,,,,,,0,440,23,463,874
,1,AGUASCALIENTES,11,AGUASCALIENTES,1,AGUASCALIENTES,194,3,412,235,43,4,29,21,70,51,28,2,0,0,0,0,1,2,0,0,0,0,,,,,,,,6,898,33,937,1796
,1,AGUASCALIENTES,11,AGUASCALIENTES,1,AGUASCALIENTES,195,2,320,103,21,2,14,16,18,32,14,0,0,0,0,0,1,0,0,0,0,0,,,,,,,,1,541,29,571,1009
,1,AGUASCALIENTES,11,AGUASCALIENTES,1,AGUASCALIENTES,196,1,198,78,25,3,12,4,13,28,11,0,0,0,0,0,0,0,0,0,0,0,,,,,,,,0,372,24,396,689
,1,AGUASCALIENTES,11,AGUASCALIENTES,1,AGUASCALIENTES,197,2,264,95,29,1,11,5,14,26,14,0,0,0,0,0,0,1,0,0,0,0,,,,,,,,1,460,27,488,800
,1,AGUASCALIENTES,11,AGUASCALIENTES,1,AGUASCALIENTES,200,2,293,123,39,3,14,17,9,33,9,0,0,0,0,0,0,0,0,0,0,0,,,,,,,,2,540,30,572,989
,1,AGUASCALIENTES,11,AGUASCALIENTES,1,AGUASCALIENTES,201,2,277,144,38,1,10,8,7,31,12,0,0,0,1,0,0,1,0,0,1,0,,,,,,,,0,531,20,551,885
,1,AGUASCALIENTES,11,AGUASCALIENTES,1,AGUASCALIENTES,202,2,157,64,18,6,19,3,20,26,5,1,0,0,0,0,0,0,1,0,0,0,,,,,,,,0,320,17,337,786
,1,AGUASCALIENTES,11,AGUASCALIENTES,1,AGUASCALIENTES,203,1,125,126,13,3,8,3,11,29,10,0,0,0,0,0,0,0,0,0,0,0,,,,,,,,1,328,14,343,698
,1,AGUASCALIENTES,11,AGUASCALIENTES,1,AGUASCALIENTES,204,2,216,184,3,3,10,16,106,17,14,1,0,1,1,0,0,1,2,0,0,0,,,,,,,,1,575,17,593,1058
,1,AGUASCALIENTES,11,AGUASCALIENTES,1,AGUASCALIENTES,205,2,189,193,17,1,20,8,30,20,14,8,0,0,0,0,0,1,0,0,0,0,,,,,,,,0,501,25,526,946
,1,AGUASCALIENTES,11,AGUASCALIENTES,1,AGUASCALIENTES,206,1,84,75,12,2,10,6,29,15,4,1,1,0,0,0,0,0,1,0,0,0,,,,,,,,2,240,13,255,502
,1,AGUASCALIENTES,11,AGUASCALIENTES,1,AGUASCALIENTES,207,2,215,154,16,7,13,7,44,29,18,0,0,0,0,0,0,1,0,0,0,0,,,,,,,,2,504,27,533,1060
,1,AGUASCALIENTES,11,AGUASCALIENTES,1,AGUASCALIENTES,208,2,430,206,29,7,15,22,17,49,18,0,0,0,0,0,0,0,0,0,0,0,,,,,,,,6,793,51,850,1336
,1,AGUASCALIENTES,11,AGUASCALIENTES,1,AGUASCALIENTES,209,2,393,178,22,2,17,8,14,35,15,1,0,0,0,0,0,0,0,0,0,0,,,,,,,,3,685,48,736,1078
,1,AGUASCALIENTES,11,AGUASCALIENTES,1,AGUASCALIENTES,210,2,393,175,23,3,17,24,7,57,18,1,0,0,0,0,0,0,1,0,0,0,,,,,,,,5,719,52,776,1235
,1,AGUASCALIENTES,11,AGUASCALIENTES,1,AGUASCALIENTES,211,1,133,88,23,3,10,4,7,11,10,0,3,0,0,0,0,0,0,0,0,0,,,,,,,,3,292,11,306,595
,1,AGUASCALIENTES,11,AGUASCALIENTES,1,AGUASCALIENTES,212,1,141,82,21,6,8,11,7,23,22,0,0,0,0,0,1,1,0,0,0,0,,,,,,,,0,323,27,350,683
,1,AGUASCALIENTES,11,AGUASCALIENTES,1,AGUASCALIENTES,213,1,162,87,16,4,11,9,9,20,20,1,0,0,0,0,0,0,0,0,0,0,,,,,,,,0,339,13,352,699
,1,AGUASCALIENTES,11,AGUASCALIENTES,1,AGUASCALIENTES,28,1,68,52,8,3,6,5,8,18,9,0,0,0,0,0,0,0,1,0,0,1,,,,,,,,1,179,21,201,397
,1,AGUASCALIENTES,11,AGUASCALIENTES,1,AGUASCALIENTES,29,2,168,130,15,8,10,8,19,15,7,2,0,0,2,0,0,0,1,0,0,0,,,,,,,,1,385,22,408,871
,1,AGUASCALIENTES,11,AGUASCALIENTES,1,AGUASCALIENTES,57,2,242,121,11,7,7,13,12,26,13,1,0,0,1,0,0,0,0,0,0,0,,,,,,,,0,454,21,475,856
,1,AGUASCALIENTES,11,AGUASCALIENTES,1,AGUASCALIENTES,58,1,160,86,7,1,4,8,38,17,7,0,0,0,0,0,1,2,1,0,0,0,,,,,,,,1,332,9,342,640
,1,AGUASCALIENTES,11,AGUASCALIENTES,1,AGUASCALIENTES,59,1,207,53,16,0,6,11,6,30,12,1,0,0,1,0,0,0,0,0,0,0,,,,,,,,1,343,19,363,680
,1,AGUASCALIENTES,11,AGUASCALIENTES,1,AGUASCALIENTES,60,2,218,108,30,5,10,14,48,37,10,1,0,2,0,0,0,0,1,0,0,0,,,,,,,,0,484,30,514,1027
,1,AGUASCALIENTES,11,AGUASCALIENTES,1,AGUASCALIENTES,61,2,182,91,20,1,4,13,22,27,13,0,0,0,0,0,0,0,2,0,0,0,,,,,,,,0,375,19,394,770
,1,AGUASCALIENTES,11,AGUASCALIENTES,1,AGUASCALIENTES,62,1,134,89,11,1,8,18,13,20,10,0,0,0,0,1,0,0,0,0,0,1,,,,,,,,0,306,17,323,631
,1,AGUASCALIENTES,11,AGUASCALIENTES,1,AGUASCALIENTES,63,1,149,56,11,4,8,6,32,19,6,1,0,0,0,0,0,0,0,0,0,0,,,,,,,,0,292,18,310,633
,1,AGUASCALIENTES,11,AGUASCALIENTES,1,AGUASCALIENTES,64,2,235,91,22,3,16,14,15,35,20,0,0,0,0,0,0,0,0,0,0,0,,,,,,,,1,451,14,466,799
,1,AGUASCALIENTES,11,AGUASCALIENTES,1,AGUASCALIENTES,65,1,171,65,15,3,4,11,12,29,16,0,0,0,0,0,0,0,0,0,0,0,,,,,,,,0,326,17,343,581
,1,AGUASCALIENTES,11,AGUASCALIENTES,1,AGUASCALIENTES,66,2,196,117,23,1,8,10,14,36,31,0,0,0,0,0,0,0,0,0,0,0,,,,,,,,1,436,28,465,795
,1,AGUASCALIENTES,11,AGUASCALIENTES,1,AGUASCALIENTES,67,1,186,62,15,3,8,12,10,11,10,0,0,0,0,0,0,0,0,0,0,0,,,,,,,,4,317,11,332,525
,1,AGUASCALIENTES,11,AGUASCALIENTES,1,AGUASCALIENTES,68,1,184,72,20,2,11,9,25,33,16,0,0,0,0,0,0,0,1,0,0,0,,,,,,,,2,373,26,401,668
,1,AGUASCALIENTES,11,AGUASCALIENTES,1,AGUASCALIENTES,69,2,203,73,29,5,22,10,54,27,9,0,0,0,0,0,0,0,4,0,0,0,,,,,,,,0,436,22,458,827
,1,AGUASCALIENTES,11,AGUASCALIENTES,1,AGUASCALIENTES,70,1,138,79,10,4,10,10,36,42,9,2,0,0,0,0,0,0,2,0,0,0,,,,,,,,0,342,23,365,608
,1,AGUASCALIENTES,11,AGUASCALIENTES,1,AGUASCALIENTES,71,2,288,133,19,1,12,22,19,36,20,3,1,0,0,0,0,0,1,0,0,0,,,,,,,,1,555,37,593,1028
,1,AGUASCALIENTES,11,AGUASCALIENTES,1,AGUASCALIENTES,72,1,148,56,6,2,7,8,11,11,26,0,0,0,0,0,0,0,0,0,0,0,,,,,,,,2,275,21,298,528
,1,AGUASCALIENTES,11,AGUASCALIENTES,1,AGUASCALIENTES,73,2,216,99,20,3,6,15,14,23,15,0,0,0,0,0,0,1,0,0,0,0,,,,,,,,4,412,20,436,778
,1,AGUASCALIENTES,11,AGUASCALIENTES,1,AGUASCALIENTES,74,1,183,36,17,2,7,14,1,21,8,0,0,0,0,0,0,0,0,0,0,0,,,,,,,,4,289,16,309,565
,1,AGUASCALIENTES,11,AGUASCALIENTES,1,AGUASCALIENTES,75,1,171,65,21,0,11,15,7,26,4,0,0,0,0,0,0,1,0,0,0,0,,,,,,,,1,321,9,331,623
,1,AGUASCALIENTES,11,AGUASCALIENTES,1,AGUASCALIENTES,76,1,142,64,10,4,7,14,8,21,12,0,0,0,0,0,0,0,0,0,0,0,,,,,,,,3,282,17,302,489
,1,AGUASCALIENTES,11,AGUASCALIENTES,1,AGUASCALIENTES,77,1,118,80,16,4,10,8,51,30,6,1,1,0,0,0,0,1,1,0,0,0,,,,,,,,0,327,15,342,583
,1,AGUASCALIENTES,11,AGUASCALIENTES,1,AGUASCALIENTES,78,2,191,101,18,5,16,11,28,26,10,0,0,1,0,0,0,0,1,0,0,0,,,,,,,,0,408,25,433,795
,1,AGUASCALIENTES,11,AGUASCALIENTES,1,AGUASCALIENTES,79,2,183,102,28,2,9,18,10,38,14,3,0,0,0,0,0,2,0,0,0,0,,,,,,,,1,409,23,433,815
,1,AGUASCALIENTES,12,AGUASCALIENTES,1,AGUASCALIENTES,316,4,442,582,50,15,32,30,74,,47,1,0,0,2,1,0,3,1,0,1,0,,,,,,,,0,1281,49,1330,2439
,1,AGUASCALIENTES,12,AGUASCALIENTES,1,AGUASCALIENTES,317,4,620,518,22,28,32,27,65,,36,2,0,0,0,0,1,1,1,1,0,0,,,,,,,,2,1354,35,1391,2447
,1,AGUASCALIENTES,12,AGUASCALIENTES,1,AGUASCALIENTES,318,21,1644,1785,485,92,137,199,135,,313,2,2,1,3,0,6,4,0,0,0,0,,,,,,,,7,4808,168,4983,14486
,1,AGUASCALIENTES,12,AGUASCALIENTES,1,AGUASCALIENTES,493,2,174,236,28,10,7,11,16,,6,0,0,0,2,0,1,0,1,0,0,0,,,,,,,,0,492,20,512,1143
,1,AGUASCALIENTES,12,AGUASCALIENTES,1,AGUASCALIENTES,494,1,120,99,21,6,10,14,5,,16,0,0,0,0,0,1,0,0,0,0,0,,,,,,,,0,292,0,292,734
,1,AGUASCALIENTES,12,AGUASCALIENTES,1,AGUASCALIENTES,495,2,148,128,11,3,9,15,21,,21,1,0,0,0,0,1,0,0,0,0,0,,,,,,,,0,358,11,369,951
,1,AGUASCALIENTES,12,AGUASCALIENTES,1,AGUASCALIENTES,496,3,190,216,48,12,20,22,21,,40,1,0,0,1,0,0,1,0,0,0,0,,,,,,,,2,572,27,601,1567
,1,AGUASCALIENTES,12,AGUASCALIENTES,1,AGUASCALIENTES,497,1,111,99,11,4,7,11,9,,23,0,0,0,0,0,0,0,1,0,0,0,,,,,,,,2,276,11,289,608
,1,AGUASCALIENTES,12,AGUASCALIENTES,1,AGUASCALIENTES,574,2,102,207,14,19,10,14,36,,12,1,1,0,0,0,1,0,0,0,0,0,,,,,,,,0,417,19,436,938
,1,AGUASCALIENTES,12,AGUASCALIENTES,1,AGUASCALIENTES,575,2,164,218,23,21,11,16,13,,6,0,0,0,0,0,0,0,0,0,0,0,,,,,,,,0,472,21,493,1162
,1,AGUASCALIENTES,12,AGUASCALIENTES,1,AGUASCALIENTES,597,2,115,153,47,5,11,19,10,,31,0,0,0,0,0,1,0,0,0,0,0,,,,,,,,5,392,18,415,1132
,1,AGUASCALIENTES,12,AGUASCALIENTES,1,AGUASCALIENTES,602,2,152,191,51,11,15,24,14,,32,2,0,0,0,0,0,0,0,0,0,0,,,,,,,,2,492,6,500,1491
,1,AGUASCALIENTES,12,AGUASCALIENTES,1,AGUASCALIENTES,604,2,107,101,28,1,14,12,7,,14,0,0,0,0,0,1,2,0,0,0,0,,,,,,,,1,287,10,298,919
,1,AGUASCALIENTES,12,AGUASCALIENTES,1,AGUASCALIENTES,83,12,1121,1113,190,47,68,100,62,,162,8,1,1,2,0,2,3,2,0,0,0,,,,,,,,3,2882,85,2970,8968
,1,AGUASCALIENTES,12,AGUASCALIENTES,1,AGUASCALIENTES,84,3,252,424,80,18,24,24,13,,49,1,2,0,2,0,0,3,0,0,0,0,,,,,,,,1,892,33,926,2213
,1,AGUASCALIENTES,12,AGUASCALIENTES,1,AGUASCALIENTES,85,5,534,522,70,20,42,53,27,,58,5,0,0,0,0,4,5,0,0,0,0,,,,,,,,4,1340,41,1385,3679
,1,AGUASCALIENTES,13,AGUASCALIENTES,1,AGUASCALIENTES,100,2,147,189,12,2,8,17,10,13,5,0,0,0,0,0,0,0,0,0,0,0,,,7,17,29,,,0,456,15,471,1112
,1,AGUASCALIENTES,13,AGUASCALIENTES,1,AGUASCALIENTES,101,3,251,180,25,7,16,29,15,43,10,0,0,0,1,0,1,1,0,0,0,0,,,15,11,68,,,0,673,32,705,1537
,1,AGUASCALIENTES,13,AGUASCALIENTES,1,AGUASCALIENTES,102,2,175,167,10,6,23,16,11,17,8,2,0,0,0,0,0,1,1,0,0,0,,,4,6,16,,,1,463,17,481,969
,1,AGUASCALIENTES,13,AGUASCALIENTES,1,AGUASCALIENTES,103,2,133,137,19,1,9,15,4,24,6,1,1,0,1,0,0,1,2,0,0,0,,,5,8,22,,,0,389,24,413,779
,1,AGUASCALIENTES,13,AGUASCALIENTES,1,AGUASCALIENTES,113,2,274,89,17,3,9,20,25,46,10,0,0,0,0,0,0,0,0,0,0,0,,,10,22,75,,,1,600,23,624,1036
,1,AGUASCALIENTES,13,AGUASCALIENTES,1,AGUASCALIENTES,114,2,182,98,13,2,14,12,9,28,25,1,0,0,0,0,0,0,1,0,0,0,,,10,17,68,,,0,480,23,503,895
,1,AGUASCALIENTES,13,AGUASCALIENTES,1,AGUASCALIENTES,115,2,213,199,20,5,13,15,12,23,6,2,0,0,0,0,2,1,1,1,0,0,,,10,16,37,,,0,576,24,600,1176
,1,AGUASCALIENTES,13,AGUASCALIENTES,1,AGUASCALIENTES,116,12,1277,1010,111,40,88,90,142,212,97,2,0,0,3,0,1,7,1,0,0,0,,,36,78,458,,,6,3653,163,3822,8788
,1,AGUASCALIENTES,13,AGUASCALIENTES,1,AGUASCALIENTES,117,3,273,279,16,9,14,14,26,30,14,0,0,0,1,0,0,0,0,0,0,0,,,10,8,43,,,2,737,24,763,1615
,1,AGUASCALIENTES,13,AGUASCALIENTES,1,AGUASCALIENTES,118,9,994,826,78,14,60,77,80,173,60,0,0,0,0,0,0,0,1,0,0,1,,,52,78,304,,,4,2798,109,2911,6224
,1,AGUASCALIENTES,13,AGUASCALIENTES,1,AGUASCALIENTES,119,6,946,395,60,17,30,46,69,150,39,0,1,0,1,0,1,2,1,0,0,1,,,73,135,235,,,24,2202,93,2319,3959
,1,AGUASCALIENTES,13,AGUASCALIENTES,1,AGUASCALIENTES,122,2,251,133,10,3,4,11,13,33,6,0,0,0,2,0,1,0,0,0,0,0,,,6,47,19,,,0,539,20,559,1057
,1,AGUASCALIENTES,13,AGUASCALIENTES,1,AGUASCALIENTES,489,2,112,141,6,2,16,6,10,6,2,0,0,0,0,0,0,2,0,0,0,0,,,6,7,10,,,0,326,9,335,793
,1,AGUASCALIENTES,13,AGUASCALIENTES,1,AGUASCALIENTES,490,1,120,115,5,5,7,9,4,15,4,0,0,0,0,0,0,1,0,0,0,0,,,5,0,0,,,0,290,0,290,720
,1,AGUASCALIENTES,13,AGUASCALIENTES,1,AGUASCALIENTES,491,2,110,115,9,4,8,7,14,17,5,0,1,0,1,0,0,1,0,0,0,0,,,3,8,7,,,1,310,15,326,774
,1,AGUASCALIENTES,13,AGUASCALIENTES,1,AGUASCALIENTES,492,2,123,138,19,8,9,5,10,13,5,0,0,0,2,0,0,1,0,0,0,0,,,2,8,9,,,1,352,12,365,911
,1,AGUASCALIENTES,13,AGUASCALIENTES,1,AGUASCALIENTES,498,2,145,131,16,8,13,10,5,18,1,1,0,0,0,0,0,0,0,0,0,0,,,0,2,10,,,0,360,4,364,892
,1,AGUASCALIENTES,13,AGUASCALIENTES,1,AGUASCALIENTES,499,2,124,126,14,3,7,3,14,18,6,0,0,0,0,0,0,0,0,0,0,0,,,15,6,13,,,0,349,18,367,906
,1,AGUASCALIENTES,13,AGUASCALIENTES,1,AGUASCALIENTES,500,2,127,155,13,2,11,2,5,13,7,0,0,0,1,0,0,0,0,0,0,0,,,8,17,39,,,2,400,22,424,830
,1,AGUASCALIENTES,13,AGUASCALIENTES,1,AGUASCALIENTES,501,2,162,114,31,2,9,0,5,22,10,1,0,0,0,0,0,0,0,0,0,0,,,8,13,45,,,0,422,15,437,992
,1,AGUASCALIENTES,13,AGUASCALIENTES,1,AGUASCALIENTES,502,2,131,116,13,0,15,7,3,10,10,0,0,0,0,0,1,0,0,0,0,0,,,12,14,28,,,0,360,25,385,828
,1,AGUASCALIENTES,13,AGUASCALIENTES,1,AGUASCALIENTES,503,1,98,78,7,0,19,5,4,10,9,0,0,1,0,0,0,1,0,0,0,0,,,0,6,34,,,1,272,7,280,633
,1,AGUASCALIENTES,13,AGUASCALIENTES,1,AGUASCALIENTES,504,2,144,102,36,1,13,10,1,17,10,0,0,1,0,0,0,0,0,0,0,0,,,8,14,37,,,0,394,14,408,920
,1,AGUASCALIENTES,13,AGUASCALIENTES,1,AGUASCALIENTES,505,2,118,137,20,7,10,7,6,16,4,0,0,0,0,0,0,0,0,0,0,0,,,4,3,44,,,0,376,13,389,793
,1,AGUASCALIENTES,13,AGUASCALIENTES,1,AGUASCALIENTES,506,2,134,117,18,3,9,4,8,11,11,1,0,0,0,0,0,0,0,0,0,0,,,5,15,41,,,0,377,11,388,801
,1,AGUASCALIENTES,13,AGUASCALIENTES,1,AGUASCALIENTES,507,2,161,119,11,5,15,1,3,11,6,1,0,0,0,0,0,0,1,0,0,0,,,10,8,38,,,2,390,13,405,808
,1,AGUASCALIENTES,13,AGUASCALIENTES,1,AGUASCALIENTES,511,2,116,99,14,4,8,3,13,15,2,0,0,0,0,1,0,0,0,0,0,0,,,40,10,28,,,1,353,10,364,769
,1,AGUASCALIENTES,13,AGUASCALIENTES,1,AGUASCALIENTES,93,2,190,118,13,1,13,9,1,22,3,0,1,0,1,0,1,0,0,0,0,0,,,3,12,29,,,1,417,13,431,788
,1,AGUASCALIENTES,13,AGUASCALIENTES,1,AGUASCALIENTES,94,1,137,103,4,3,6,7,7,10,3,0,0,0,0,0,0,0,0,0,0,0,,,0,6,9,,,0,295,11,306,627
,1,AGUASCALIENTES,13,AGUASCALIENTES,1,AGUASCALIENTES,95,2,170,157,11,6,10,16,10,25,9,0,0,0,1,0,0,0,0,0,0,0,,,4,18,23,,,2,460,26,488,964
,1,AGUASCALIENTES,13,AGUASCALIENTES,1,AGUASCALIENTES,96,3,448,225,31,7,21,21,36,65,23,0,1,0,0,0,0,0,1,0,0,0,,,10,33,79,,,2,1001,29,1032,2202
,1,AGUASCALIENTES,13,AGUASCALIENTES,1,AGUASCALIENTES,97,2,192,166,21,6,11,12,3,7,0,0,0,0,0,0,0,1,0,0,0,0,,,3,8,7,,,6,437,26,469,934
,1,AGUASCALIENTES,13,AGUASCALIENTES,1,AGUASCALIENTES,99,3,282,261,24,5,14,16,14,40,11,0,1,0,1,1,0,0,0,0,0,2,,,18,22,23,,,1,735,29,765,1812
,1,AGUASCALIENTES,14,AGUASCALIENTES,1,AGUASCALIENTES,125,2,245,182,24,8,15,10,15,38,18,0,0,0,1,0,0,0,1,1,0,0,,,,,,,,3,558,29,590,1038
,1,AGUASCALIENTES,14,AGUASCALIENTES,1,AGUASCALIENTES,138,2,285,188,23,6,22,15,14,66,26,1,0,0,0,0,0,0,2,0,0,1,,,,,,,,6,649,35,690,1329
,1,AGUASCALIENTES,14,AGUASCALIENTES,1,AGUASCALIENTES,139,2,174,133,15,7,10,5,9,26,14,1,0,0,0,0,0,1,0,0,0,0,,,,,,,,0,395,23,418,884
,1,AGUASCALIENTES,14,AGUASCALIENTES,1,AGUASCALIENTES,140,2,224,184,20,8,23,14,14,30,20,1,0,1,0,0,0,0,0,0,0,0,,,,,,,,2,539,12,553,869
,1,AGUASCALIENTES,14,AGUASCALIENTES,1,AGUASCALIENTES,143,2,170,150,20,5,11,7,14,30,15,2,0,0,0,0,1,0,2,0,0,0,,,,,,,,4,427,27,458,854
,1,AGUASCALIENTES,14,AGUASCALIENTES,1,AGUASCALIENTES,144,2,171,174,22,3,16,13,15,29,6,4,0,0,0,0,0,0,0,0,0,0,,,,,,,,0,453,16,469,884
,1,AGUASCALIENTES,14,AGUASCALIENTES,1,AGUASCALIENTES,145,1,175,123,12,3,11,14,11,47,17,0,0,0,0,1,2,1,0,0,0,0,,,,,,,,2,417,17,436,698
,1,AGUASCALIENTES,14,AGUASCALIENTES,1,AGUASCALIENTES,146,2,235,184,26,8,17,15,16,21,18,0,0,0,0,0,1,1,1,0,0,0,,,,,,,,0,543,19,562,1124
,1,AGUASCALIENTES,14,AGUASCALIENTES,1,AGUASCALIENTES,147,2,162,210,25,8,14,11,12,23,17,1,0,0,1,0,1,0,1,0,0,0,,,,,,,,1,486,19,506,1060
,1,AGUASCALIENTES,14,AGUASCALIENTES,1,AGUASCALIENTES,148,2,291,170,37,15,8,14,18,28,21,1,1,0,0,0,0,1,0,0,0,0,,,,,,,,0,605,39,644,1420
,1,AGUASCALIENTES,14,AGUASCALIENTES,1,AGUASCALIENTES,149,5,816,525,74,19,46,64,108,219,101,0,0,0,0,0,3,0,0,0,0,1,,,,,,,,6,1976,111,2093,3710
,1,AGUASCALIENTES,14,AGUASCALIENTES,1,AGUASCALIENTES,156,17,2522,1631,236,82,121,152,188,384,275,5,0,2,2,0,4,4,1,0,0,0,,,,,,,,36,5609,233,5878,12060
,1,AGUASCALIENTES,14,AGUASCALIENTES,1,AGUASCALIENTES,157,2,123,150,60,5,13,8,12,14,8,0,0,0,0,0,0,0,0,0,0,0,,,,,,,,3,393,14,410,951
,1,AGUASCALIENTES,14,AGUASCALIENTES,1,AGUASCALIENTES,158,1,152,49,13,3,2,8,4,21,14,0,0,0,0,0,0,0,0,0,0,0,,,,,,,,0,266,8,274,355
,1,AGUASCALIENTES,14,AGUASCALIENTES,1,AGUASCALIENTES,159,1,179,127,14,5,6,8,16,31,15,1,1,0,0,0,2,1,0,0,0,0,,,,,,,,1,406,22,429,656
,1,AGUASCALIENTES,14,AGUASCALIENTES,1,AGUASCALIENTES,160,2,214,170,19,4,9,6,16,40,27,1,0,0,0,0,0,1,0,0,0,0,,,,,,,,0,507,22,529,954
,1,AGUASCALIENTES,14,AGUASCALIENTES,1,AGUASCALIENTES,164,9,1574,772,163,39,76,105,118,335,149,1,1,0,2,0,1,2,0,0,0,0,,,,,,,,39,3338,164,3541,6363
,1,AGUASCALIENTES,14,AGUASCALIENTES,1,AGUASCALIENTES,165,2,320,139,22,6,17,21,20,55,32,0,0,0,0,0,0,0,0,0,0,0,,,,,,,,0,632,31,663,1399
,1,AGUASCALIENTES,14,AGUASCALIENTES,1,AGUASCALIENTES,167,1,163,71,12,8,9,7,13,59,19,1,0,0,0,0,0,2,0,0,0,0,,,,,,,,1,364,16,381,735
,1,AGUASCALIENTES,14,AGUASCALIENTES,1,AGUASCALIENTES,168,4,594,356,64,29,22,46,41,149,79,0,0,0,1,0,0,0,0,0,1,0,,,,,,,,3,1382,89,1474,2753
,1,AGUASCALIENTES,14,AGUASCALIENTES,1,AGUASCALIENTES,169,3,364,266,72,16,23,35,16,73,59,2,0,0,0,0,0,0,1,0,0,1,,,,,,,,4,928,30,962,2060
,1,AGUASCALIENTES,14,AGUASCALIENTES,1,AGUASCALIENTES,170,4,468,331,63,14,29,33,38,86,45,3,1,1,1,0,0,1,1,0,0,1,,,,,,,,3,1116,53,1172,2532
,1,AGUASCALIENTES,14,AGUASCALIENTES,1,AGUASCALIENTES,514,1,159,76,16,0,6,7,13,31,17,1,0,0,0,0,0,0,0,0,0,0,,,,,,,,0,326,15,341,644
,1,AGUASCALIENTES,14,AGUASCALIENTES,1,AGUASCALIENTES,515,2,175,104,9,6,18,7,10,30,21,0,0,0,0,0,0,0,0,0,0,0,,,,,,,,0,380,17,397,825
,1,AGUASCALIENTES,14,AGUASCALIENTES,1,AGUASCALIENTES,517,1,154,97,23,2,10,16,8,38,21,0,0,0,1,0,0,0,0,0,0,0,,,,,,,,0,370,14,384,741
,1,AGUASCALIENTES,14,AGUASCALIENTES,1,AGUASCALIENTES,518,1,143,118,7,7,6,9,16,26,20,1,0,0,1,0,1,1,0,0,0,0,,,,,,,,2,356,27,385,701
,1,AGUASCALIENTES,14,AGUASCALIENTES,1,AGUASCALIENTES,519,1,115,77,8,4,8,7,8,40,12,0,0,0,0,0,0,0,0,0,0,0,,,,,,,,0,279,18,297,583
,1,AGUASCALIENTES,14,AGUASCALIENTES,1,AGUASCALIENTES,520,2,250,86,12,2,11,5,20,26,24,0,0,0,0,0,0,0,0,0,0,0,,,,,,,,0,436,21,457,779
,1,AGUASCALIENTES,14,AGUASCALIENTES,1,AGUASCALIENTES,521,1,152,67,21,5,6,14,5,34,14,0,0,0,0,0,0,0,0,0,0,0,,,,,,,,3,318,14,335,720
,1,AGUASCALIENTES,14,AGUASCALIENTES,1,AGUASCALIENTES,526,2,167,106,14,6,4,13,19,26,26,0,0,0,0,0,1,0,0,0,0,0,,,,,,,,0,382,12,394,779
,1,AGUASCALIENTES,14,AGUASCALIENTES,1,AGUASCALIENTES,527,2,98,103,14,5,10,28,10,33,17,1,0,0,0,0,0,0,0,0,1,0,,,,,,,,0,320,16,336,777
,1,AGUASCALIENTES,14,AGUASCALIENTES,1,AGUASCALIENTES,528,1,133,94,14,3,4,10,13,33,19,0,0,0,1,0,0,0,0,0,0,0,,,,,,,,0,324,18,342,681
,1,AGUASCALIENTES,15,AGUASCALIENTES,1,AGUASCALIENTES,126,4,438,293,37,23,19,20,60,72,44,2,0,0,4,0,0,1,0,0,0,0,,,,,,,,9,1013,43,1065,1893
,1,AGUASCALIENTES,15,AGUASCALIENTES,1,AGUASCALIENTES,127,2,225,200,34,2,15,20,28,85,28,0,0,0,0,0,0,3,2,0,0,0,,,,,,,,3,642,38,683,1298
,1,AGUASCALIENTES,15,AGUASCALIENTES,1,AGUASCALIENTES,128,2,134,134,32,5,11,19,16,75,25,1,0,0,0,0,0,0,0,0,0,0,,,,,,,,2,452,30,484,874
,1,AGUASCALIENTES,15,AGUASCALIENTES,1,AGUASCALIENTES,129,2,157,136,35,7,14,14,24,93,34,2,1,0,1,0,0,1,0,0,0,0,,,,,,,,0,519,42,561,943
,1,AGUASCALIENTES,15,AGUASCALIENTES,1,AGUASCALIENTES,130,2,259,200,49,11,13,12,32,61,41,1,1,1,0,0,1,1,0,0,0,0,,,,,,,,1,683,30,714,1415
,1,AGUASCALIENTES,15,AGUASCALIENTES,1,AGUASCALIENTES,131,2,194,136,26,8,12,15,24,60,42,0,0,0,1,0,0,0,0,0,0,0,,,,,,,,1,518,31,550,1014
,1,AGUASCALIENTES,15,AGUASCALIENTES,1,AGUASCALIENTES,132,2,196,131,42,9,11,12,14,38,21,2,0,0,2,0,0,3,0,0,0,0,,,,,,,,0,481,32,513,988
,1,AGUASCALIENTES,15,AGUASCALIENTES,1,AGUASCALIENTES,133,2,217,179,32,4,12,11,30,55,33,1,0,0,0,0,1,0,0,0,0,0,,,,,,,,2,575,12,589,1147
,1,AGUASCALIENTES,15,AGUASCALIENTES,1,AGUASCALIENTES,134,2,140,123,26,5,8,12,26,51,21,3,0,0,0,0,0,0,1,0,0,0,,,,,,,,0,416,9,425,825
,1,AGUASCALIENTES,15,AGUASCALIENTES,1,AGUASCALIENTES,135,2,241,166,41,8,17,20,42,51,36,0,0,0,0,0,0,0,0,0,0,0,,,,,,,,3,622,34,659,1237
,1,AGUASCALIENTES,15,AGUASCALIENTES,1,AGUASCALIENTES,136,3,391,226,61,10,22,11,39,48,14,0,0,0,2,0,0,1,1,0,0,0,,,,,,,,2,826,34,862,1762
,1,AGUASCALIENTES,15,AGUASCALIENTES,1,AGUASCALIENTES,137,1,64,52,8,3,5,3,4,20,17,0,0,0,1,0,0,0,0,0,0,0,,,,,,,,0,177,8,185,439
,1,AGUASCALIENTES,15,AGUASCALIENTES,1,AGUASCALIENTES,150,2,120,108,20,7,12,9,40,80,38,3,0,0,0,0,0,0,0,0,0,0,,,,,,,,1,437,38,476,852
,1,AGUASCALIENTES,15,AGUASCALIENTES,1,AGUASCALIENTES,151,1,127,82,16,3,8,4,29,28,14,1,0,0,0,0,0,0,0,0,0,0,,,,,,,,0,312,21,333,686
,1,AGUASCALIENTES,15,AGUASCALIENTES,1,AGUASCALIENTES,152,4,485,344,68,24,28,22,48,99,61,1,0,0,1,0,1,0,1,0,0,0,,,,,,,,2,1183,44,1229,2803
,1,AGUASCALIENTES,15,AGUASCALIENTES,1,AGUASCALIENTES,153,2,196,116,25,3,14,15,36,83,49,1,0,0,0,0,0,0,0,0,0,0,,,,,,,,0,538,56,594,961
,1,AGUASCALIENTES,15,AGUASCALIENTES,1,AGUASCALIENTES,154,3,285,198,47,12,13,2,14,17,21,2,0,1,3,0,0,1,3,2,0,0,,,,,,,,0,621,20,641,1592
,1,AGUASCALIENTES,15,AGUASCALIENTES,1,AGUASCALIENTES,155,14,1459,1308,181,49,106,83,186,246,261,3,0,2,4,4,3,4,6,0,2,0,,,,,,,,18,3907,165,4090,10134
,1,AGUASCALIENTES,15,AGUASCALIENTES,1,AGUASCALIENTES,516,2,104,96,10,2,10,7,10,26,4,0,0,0,0,0,0,1,0,0,0,0,,,,,,,,0,270,11,281,809
,1,AGUASCALIENTES,15,AGUASCALIENTES,1,AGUASCALIENTES,522,2,137,106,36,1,7,3,23,22,12,0,0,1,0,0,0,1,0,0,0,0,,,,,,,,0,349,13,362,859
,1,AGUASCALIENTES,15,AGUASCALIENTES,1,AGUASCALIENTES,523,2,117,132,18,12,13,9,17,31,26,0,0,0,0,0,0,0,1,0,0,1,,,,,,,,1,377,22,400,839
,1,AGUASCALIENTES,15,AGUASCALIENTES,1,AGUASCALIENTES,524,2,113,137,19,7,19,10,17,29,20,0,2,0,2,0,0,1,0,0,0,0,,,,,,,,5,376,13,394,957
,1,AGUASCALIENTES,15,AGUASCALIENTES,1,AGUASCALIENTES,525,2,163,86,34,8,9,5,15,19,15,0,0,0,2,0,0,0,1,0,0,1,,,,,,,,2,358,14,374,895
,1,AGUASCALIENTES,15,AGUASCALIENTES,1,AGUASCALIENTES,529,2,130,125,25,1,10,11,27,20,14,1,0,0,0,0,0,1,1,0,0,0,,,,,,,,1,366,13,380,880
,1,AGUASCALIENTES,15,AGUASCALIENTES,1,AGUASCALIENTES,530,3,253,127,43,8,34,16,42,32,29,1,1,0,0,0,1,0,2,0,0,0,,,,,,,,0,589,12,601,1654
,1,AGUASCALIENTES,15,AGUASCALIENTES,1,AGUASCALIENTES,531,2,142,121,25,7,14,12,12,207,8,0,0,0,0,0,0,0,0,0,0,0,,,,,,,,5,548,17,570,878
,1,AGUASCALIENTES,15,AGUASCALIENTES,1,AGUASCALIENTES,532,2,125,101,14,9,13,11,22,36,22,0,0,1,0,0,1,1,2,0,0,0,,,,,,,,0,358,19,377,889
,1,AGUASCALIENTES,15,AGUASCALIENTES,1,AGUASCALIENTES,533,2,121,85,21,3,16,10,12,18,27,0,1,0,0,0,1,1,1,0,0,0,,,,,,,,4,317,9,330,832
,1,AGUASCALIENTES,15,AGUASCALIENTES,1,AGUASCALIENTES,558,1,161,69,17,4,9,9,24,30,26,2,0,0,0,0,0,0,0,0,0,0,,,,,,,,1,351,24,376,737
,1,AGUASCALIENTES,15,AGUASCALIENTES,1,AGUASCALIENTES,559,1,162,67,19,2,5,16,18,42,20,0,0,0,0,0,0,0,0,0,0,0,,,,,,,,0,351,11,362,674
,1,AGUASCALIENTES,15,AGUASCALIENTES,1,AGUASCALIENTES,561,1,75,42,8,1,5,6,6,14,9,1,0,0,0,0,0,0,0,0,0,0,,,,,,,,2,167,10,179,352
,1,AGUASCALIENTES,15,AGUASCALIENTES,1,AGUASCALIENTES,562,2,121,96,36,5,18,10,11,7,7,0,0,0,1,0,0,1,2,0,0,0,,,,,,,,1,315,16,332,852
,1,AGUASCALIENTES,15,AGUASCALIENTES,1,AGUASCALIENTES,563,2,146,122,31,3,10,9,18,32,15,2,0,0,1,0,0,0,1,0,0,0,,,,,,,,0,390,18,408,890
,1,AGUASCALIENTES,15,AGUASCALIENTES,1,AGUASCALIENTES,564,2,139,95,20,3,6,9,19,22,15,2,1,1,3,0,0,1,0,0,0,0,,,,,,,,3,336,14,353,842
,1,AGUASCALIENTES,15,AGUASCALIENTES,1,AGUASCALIENTES,565,1,92,84,50,4,4,8,12,20,8,1,1,0,1,0,0,1,0,0,0,0,,,,,,,,0,286,14,300,705
,1,AGUASCALIENTES,15,AGUASCALIENTES,1,AGUASCALIENTES,566,1,113,95,15,4,9,4,18,14,17,0,0,0,0,0,1,2,1,0,1,0,,,,,,,,0,294,22,316,750
,1,AGUASCALIENTES,15,AGUASCALIENTES,1,AGUASCALIENTES,567,2,107,120,12,15,12,11,36,24,19,0,0,0,0,0,0,1,2,0,0,0,,,,,,,,0,359,11,370,854
,1,AGUASCALIENTES,15,AGUASCALIENTES,1,AGUASCALIENTES,568,1,90,100,12,9,10,4,43,9,16,0,0,0,3,0,0,0,0,0,0,0,,,,,,,,3,296,14,313,653
,1,AGUASCALIENTES,15,AGUASCALIENTES,1,AGUASCALIENTES,569,1,99,110,13,11,10,7,47,18,17,1,0,0,3,0,0,0,1,0,0,0,,,,,,,,3,337,8,348,749
,1,AGUASCALIENTES,15,AGUASCALIENTES,1,AGUASCALIENTES,570,1,87,45,13,7,8,6,20,18,10,0,1,1,1,0,0,0,0,0,0,0,,,,,,,,1,217,9,227,598
,1,AGUASCALIENTES,15,AGUASCALIENTES,1,AGUASCALIENTES,571,1,70,94,18,5,9,10,25,10,5,0,0,0,0,0,0,0,0,0,0,0,,,,,,,,0,246,8,254,595
,1,AGUASCALIENTES,16,AGUASCALIENTES,1,AGUASCALIENTES,508,2,122,117,20,7,16,15,14,,21,0,0,1,1,0,1,1,0,0,0,0,,,,,,,,2,336,10,348,788
,1,AGUASCALIENTES,16,AGUASCALIENTES,1,AGUASCALIENTES,509,3,302,203,37,18,16,20,26,,38,0,0,0,1,0,0,2,0,0,0,1,,,,,,,,2,664,29,695,1628
,1,AGUASCALIENTES,16,AGUASCALIENTES,1,AGUASCALIENTES,510,1,135,93,12,1,35,11,10,,18,0,0,0,1,0,0,2,0,0,0,0,,,,,,,,0,318,7,325,729
,1,AGUASCALIENTES,16,AGUASCALIENTES,1,AGUASCALIENTES,512,1,90,55,9,1,11,5,5,,11,0,0,0,0,0,0,0,0,0,0,0,,,,,,,,1,187,14,202,536
,1,AGUASCALIENTES,16,AGUASCALIENTES,1,AGUASCALIENTES,513,1,72,58,25,4,10,7,8,,14,0,0,0,0,0,0,0,1,0,0,0,,,,,,,,2,199,10,211,460
,1,AGUASCALIENTES,16,AGUASCALIENTES,1,AGUASCALIENTES,548,2,107,120,24,11,18,7,20,,35,0,0,0,0,0,0,1,0,0,0,0,,,,,,,,0,343,13,356,806
,1,AGUASCALIENTES,16,AGUASCALIENTES,1,AGUASCALIENTES,549,3,248,234,53,13,18,48,52,,102,3,0,1,0,0,0,0,1,0,0,0,,,,,,,,2,773,47,822,1645
,1,AGUASCALIENTES,16,AGUASCALIENTES,1,AGUASCALIENTES,550,1,128,95,31,4,8,18,27,,21,0,0,0,0,0,0,0,1,0,1,0,,,,,,,,4,334,19,357,663
,1,AGUASCALIENTES,16,AGUASCALIENTES,1,AGUASCALIENTES,551,1,152,98,21,6,14,13,17,,19,0,0,0,0,0,0,0,0,0,0,0,,,,,,,,1,340,10,351,695
,1,AGUASCALIENTES,16,AGUASCALIENTES,1,AGUASCALIENTES,552,1,127,59,10,5,8,19,22,,41,0,0,0,1,0,0,0,0,0,0,0,,,,,,,,0,292,16,308,612
,1,AGUASCALIENTES,16,AGUASCALIENTES,1,AGUASCALIENTES,553,2,172,78,19,6,9,28,17,,12,12,0,0,1,0,0,0,0,0,0,0,,,,,,,,0,354,12,366,770
,1,AGUASCALIENTES,16,AGUASCALIENTES,1,AGUASCALIENTES,554,2,141,134,17,6,13,22,17,,34,0,0,0,0,0,0,1,2,0,0,0,,,,,,,,0,387,19,406,778
,1,AGUASCALIENTES,16,AGUASCALIENTES,1,AGUASCALIENTES,555,4,450,357,101,26,56,90,80,,121,0,0,0,1,0,0,0,0,0,0,0,,,,,,,,0,1282,64,1346,2991
,1,AGUASCALIENTES,16,AGUASCALIENTES,1,AGUASCALIENTES,556,1,101,93,19,8,12,13,15,,36,0,0,0,0,0,0,0,0,0,0,0,,,,,,,,0,297,16,313,693
,1,AGUASCALIENTES,16,AGUASCALIENTES,1,AGUASCALIENTES,557,1,129,89,16,3,12,22,27,,32,0,0,0,1,0,0,0,1,0,0,0,,,,,,,,0,332,14,346,698
,1,AGUASCALIENTES,16,AGUASCALIENTES,1,AGUASCALIENTES,560,2,141,116,41,6,13,27,31,,17,0,0,0,0,0,0,0,0,0,0,0,,,,,,,,0,392,11,403,931
,1,AGUASCALIENTES,16,AGUASCALIENTES,1,AGUASCALIENTES,572,8,853,527,169,49,76,116,115,,220,0,0,1,2,0,1,3,1,0,0,1,,,,,,,,7,2134,106,2247,5398
,1,AGUASCALIENTES,16,AGUASCALIENTES,1,AGUASCALIENTES,573,2,177,179,14,20,16,10,17,,25,0,0,0,0,0,2,0,0,0,0,1,,,,,,,,0,461,21,482,980
,1,AGUASCALIENTES,16,AGUASCALIENTES,1,AGUASCALIENTES,576,2,149,217,10,6,6,10,8,,14,0,0,0,2,0,1,0,1,0,0,0,,,,,,,,0,424,20,444,848
,1,AGUASCALIENTES,16,AGUASCALIENTES,1,AGUASCALIENTES,577,2,156,187,37,5,12,4,16,,9,0,0,1,2,0,1,1,1,0,0,0,,,,,,,,0,432,30,462,919
,1,AGUASCALIENTES,16,AGUASCALIENTES,1,AGUASCALIENTES,578,1,132,106,27,7,9,13,19,,24,0,0,0,0,0,0,0,0,0,0,0,,,,,,,,1,337,14,352,747
,1,AGUASCALIENTES,16,AGUASCALIENTES,1,AGUASCALIENTES,579,1,88,102,25,5,9,11,13,,10,0,0,0,0,0,0,0,1,0,0,0,,,,,,,,0,264,0,264,661
,1,AGUASCALIENTES,16,AGUASCALIENTES,1,AGUASCALIENTES,580,2,114,86,26,7,19,16,50,,30,0,0,0,0,0,0,0,2,0,0,0,,,,,,,,0,350,13,363,791
,1,AGUASCALIENTES,16,AGUASCALIENTES,1,AGUASCALIENTES,581,2,137,96,15,14,11,18,29,,12,0,0,1,0,0,0,0,0,0,0,0,,,,,,,,1,333,4,338,766
,1,AGUASCALIENTES,16,AGUASCALIENTES,1,AGUASCALIENTES,582,2,112,121,15,6,11,9,38,,19,0,0,0,2,0,0,0,0,0,0,0,,,,,,,,1,333,11,345,843
,1,AGUASCALIENTES,16,AGUASCALIENTES,1,AGUASCALIENTES,583,2,125,96,44,6,19,9,21,,25,0,0,0,0,0,0,2,0,0,0,0,,,,,,,,0,347,13,360,835
,1,AGUASCALIENTES,16,AGUASCALIENTES,1,AGUASCALIENTES,584,2,118,82,24,8,9,14,31,,29,0,0,0,0,0,0,0,0,0,0,0,,,,,,,,0,315,12,327,769
,1,AGUASCALIENTES,16,AGUASCALIENTES,1,AGUASCALIENTES,585,2,115,76,32,5,16,12,35,,25,0,0,0,2,0,0,1,1,0,0,0,,,,,,,,0,320,15,335,778
,1,AGUASCALIENTES,16,AGUASCALIENTES,1,AGUASCALIENTES,586,2,186,73,29,3,12,8,11,,23,0,0,0,0,0,0,0,1,0,0,0,,,,,,,,0,346,16,362,816
,1,AGUASCALIENTES,16,AGUASCALIENTES,1,AGUASCALIENTES,587,2,192,86,42,4,13,21,20,,29,0,0,0,1,0,1,0,0,0,0,0,,,,,,,,0,409,16,425,942
,1,AGUASCALIENTES,16,AGUASCALIENTES,1,AGUASCALIENTES,588,2,184,93,42,12,6,9,22,,21,0,0,0,1,0,0,0,1,0,0,0,,,,,,,,1,391,12,404,968
,1,AGUASCALIENTES,16,AGUASCALIENTES,1,AGUASCALIENTES,589,9,959,682,215,51,96,75,172,,136,4,0,0,2,0,0,2,3,0,0,2,,,,,,,,4,2399,90,2493,6745
,1,AGUASCALIENTES,16,AGUASCALIENTES,1,AGUASCALIENTES,590,1,139,73,26,5,7,27,17,,30,0,0,0,1,0,0,0,1,0,0,0,,,,,,,,1,326,14,341,713
,1,AGUASCALIENTES,16,AGUASCALIENTES,1,AGUASCALIENTES,591,1,72,83,22,4,10,18,8,,22,0,0,0,0,0,0,0,1,0,0,0,,,,,,,,0,240,3,243,546
,1,AGUASCALIENTES,16,AGUASCALIENTES,1,AGUASCALIENTES,592,1,88,82,19,4,13,21,17,,31,0,0,0,0,0,0,0,0,0,0,1,,,,,,,,0,276,15,291,569
,1,AGUASCALIENTES,16,AGUASCALIENTES,1,AGUASCALIENTES,593,1,67,91,12,2,4,10,8,,13,0,0,0,0,0,0,0,1,0,0,0,,,,,,,,0,208,12,220,460
,1,AGUASCALIENTES,17,AGUASCALIENTES,1,AGUASCALIENTES,171,1,150,77,10,1,2,8,14,21,6,0,0,0,0,0,1,0,0,0,0,0,,,,,,,18,0,308,20,328,637
,1,AGUASCALIENTES,17,AGUASCALIENTES,1,AGUASCALIENTES,172,1,164,120,5,0,7,9,10,12,8,0,0,0,0,0,0,0,0,0,0,0,,,,,,,21,2,356,21,379,707
,1,AGUASCALIENTES,17,AGUASCALIENTES,1,AGUASCALIENTES,173,1,121,65,7,1,3,7,6,10,5,0,0,0,0,0,0,0,0,1,0,0,,,,,,,14,2,240,17,259,503
,1,AGUASCALIENTES,17,AGUASCALIENTES,1,AGUASCALIENTES,174,2,268,126,12,1,9,13,9,22,10,0,0,0,0,0,0,0,1,0,0,0,,,,,,,34,0,505,26,531,1001
,1,AGUASCALIENTES,17,AGUASCALIENTES,1,AGUASCALIENTES,175,2,284,110,12,5,11,8,8,17,6,0,0,0,0,0,0,0,0,0,0,0,,,,,,,26,2,487,22,511,831
,1,AGUASCALIENTES,17,AGUASCALIENTES,1,AGUASCALIENTES,176,1,152,49,4,1,5,2,4,9,3,0,0,0,0,0,0,0,0,0,0,0,,,,,,,20,2,249,15,266,442
,1,AGUASCALIENTES,17,AGUASCALIENTES,1,AGUASCALIENTES,177,1,266,84,13,2,7,11,7,32,1,1,0,0,0,0,0,1,0,0,0,0,,,,,,,24,0,449,22,471,730
,1,AGUASCALIENTES,17,AGUASCALIENTES,1,AGUASCALIENTES,178,1,146,107,11,0,7,12,7,24,8,0,0,0,0,0,0,1,1,0,0,0,,,,,,,29,4,353,24,381,696
,1,AGUASCALIENTES,17,AGUASCALIENTES,1,AGUASCALIENTES,179,2,194,91,15,5,8,17,5,27,14,0,1,0,0,0,0,0,0,0,0,0,,,,,,,34,3,411,24,438,873
,1,AGUASCALIENTES,17,AGUASCALIENTES,1,AGUASCALIENTES,198,1,116,102,15,1,3,6,3,18,5,2,0,1,0,0,0,0,0,0,0,0,,,,,,,24,0,296,9,305,617
,1,AGUASCALIENTES,17,AGUASCALIENTES,1,AGUASCALIENTES,199,1,139,103,11,1,6,2,3,20,8,0,1,0,0,0,2,0,0,0,0,0,,,,,,,15,3,311,14,328,603
,1,AGUASCALIENTES,17,AGUASCALIENTES,1,AGUASCALIENTES,214,2,339,151,18,2,12,10,6,12,9,4,0,0,0,0,0,0,0,0,0,0,,,,,,,43,1,606,27,634,983
,1,AGUASCALIENTES,17,AGUASCALIENTES,1,AGUASCALIENTES,215,2,415,129,22,5,12,11,16,34,19,1,0,1,0,1,0,0,0,0,0,0,,,,,,,45,2,711,32,745,1147
,1,AGUASCALIENTES,17,AGUASCALIENTES,1,AGUASCALIENTES,216,2,271,109,18,2,2,4,2,34,5,0,0,0,0,0,0,0,0,0,0,0,,,,,,,55,1,502,12,515,858
,1,AGUASCALIENTES,17,AGUASCALIENTES,1,AGUASCALIENTES,217,2,254,140,11,6,7,23,12,22,8,1,0,0,1,0,0,1,1,0,0,0,,,,,,,41,2,528,24,554,954
,1,AGUASCALIENTES,17,AGUASCALIENTES,1,AGUASCALIENTES,218,5,607,274,31,13,27,33,22,105,32,0,0,0,0,0,0,0,0,0,0,0,,,,,,,93,4,1237,66,1307,1536
,1,AGUASCALIENTES,17,AGUASCALIENTES,1,AGUASCALIENTES,219,1,211,102,21,4,10,6,8,19,13,0,0,0,0,0,0,0,0,0,0,0,,,,,,,39,0,433,14,447,749
,1,AGUASCALIENTES,17,AGUASCALIENTES,1,AGUASCALIENTES,220,2,384,130,19,0,12,20,9,43,19,0,0,0,0,0,0,0,0,0,0,0,,,,,,,64,2,700,28,730,1219
,1,AGUASCALIENTES,17,AGUASCALIENTES,1,AGUASCALIENTES,221,2,305,124,26,4,10,8,14,47,8,0,0,0,0,0,0,0,0,0,0,0,,,,,,,58,2,604,28,634,975
,1,AGUASCALIENTES,17,AGUASCALIENTES,1,AGUASCALIENTES,222,2,399,146,31,3,14,18,8,40,27,1,0,0,0,0,0,0,1,0,0,0,,,,,,,83,2,771,34,807,1379
,1,AGUASCALIENTES,17,AGUASCALIENTES,1,AGUASCALIENTES,223,1,174,75,9,3,6,14,12,20,8,0,0,0,0,0,0,0,0,0,0,0,,,,,,,31,1,352,17,370,717
,1,AGUASCALIENTES,17,AGUASCALIENTES,1,AGUASCALIENTES,224,2,297,132,19,8,6,37,21,42,20,0,0,0,0,0,0,0,0,0,0,0,,,,,,,27,1,609,32,642,1097
,1,AGUASCALIENTES,17,AGUASCALIENTES,1,AGUASCALIENTES,225,2,261,149,24,2,5,37,7,57,16,0,0,0,0,0,0,0,1,0,0,0,,,,,,,50,4,609,17,630,1003
,1,AGUASCALIENTES,17,AGUASCALIENTES,1,AGUASCALIENTES,226,2,272,106,17,6,18,8,6,28,12,0,0,0,0,0,0,1,0,0,0,0,,,,,,,29,0,503,37,540,918
,1,AGUASCALIENTES,17,AGUASCALIENTES,1,AGUASCALIENTES,227,1,108,115,10,5,6,11,7,17,5,0,0,0,0,0,0,0,0,0,0,0,,,,,,,15,0,299,10,309,748
,1,AGUASCALIENTES,17,AGUASCALIENTES,1,AGUASCALIENTES,228,2,128,119,19,7,8,15,7,21,11,1,0,0,0,0,0,1,0,0,0,0,,,,,,,27,1,364,17,382,788
,1,AGUASCALIENTES,17,AGUASCALIENTES,1,AGUASCALIENTES,229,2,167,120,14,4,5,7,15,55,13,1,0,0,0,0,0,1,1,0,0,0,,,,,,,29,0,432,20,452,768
,1,AGUASCALIENTES,17,AGUASCALIENTES,1,AGUASCALIENTES,230,2,350,148,31,6,14,36,24,43,15,0,0,0,0,0,0,1,0,0,0,0,,,,,,,68,2,736,31,769,1275
,1,AGUASCALIENTES,17,AGUASCALIENTES,1,AGUASCALIENTES,231,2,358,147,27,4,11,7,13,53,29,1,0,0,1,0,1,1,0,0,0,0,,,,,,,64,4,717,31,752,1385
,1,AGUASCALIENTES,17,AGUASCALIENTES,1,AGUASCALIENTES,232,2,156,83,18,6,10,6,11,38,9,1,0,0,1,0,1,0,0,0,0,0,,,,,,,31,0,371,11,382,763
,1,AGUASCALIENTES,17,AGUASCALIENTES,1,AGUASCALIENTES,233,2,183,99,24,8,10,8,7,14,10,0,0,0,0,0,1,0,0,0,0,0,,,,,,,20,9,384,8,401,925
,1,AGUASCALIENTES,17,AGUASCALIENTES,1,AGUASCALIENTES,234,2,158,57,14,1,6,6,10,15,10,1,0,0,1,0,0,0,0,0,0,0,,,,,,,14,0,293,9,302,792
,1,AGUASCALIENTES,17,AGUASCALIENTES,1,AGUASCALIENTES,235,1,132,80,10,1,2,1,2,11,8,0,0,0,0,0,0,1,0,0,0,0,,,,,,,6,0,254,7,261,650
,1,AGUASCALIENTES,17,AGUASCALIENTES,1,AGUASCALIENTES,236,2,221,150,37,7,7,5,10,45,18,1,0,0,0,0,0,3,0,0,0,0,,,,,,,12,0,516,22,538,1198
,1,AGUASCALIENTES,17,AGUASCALIENTES,1,AGUASCALIENTES,237,2,132,117,18,2,7,3,4,20,10,0,0,0,0,0,0,1,0,0,0,0,,,,,,,8,1,322,15,338,813
,1,AGUASCALIENTES,17,AGUASCALIENTES,1,AGUASCALIENTES,238,2,141,102,20,3,6,10,10,21,16,1,0,0,0,0,0,0,1,0,0,0,,,,,,,25,0,356,13,369,802
,1,AGUASCALIENTES,17,AGUASCALIENTES,1,AGUASCALIENTES,239,2,126,98,16,3,7,6,6,27,9,0,0,0,0,0,0,1,2,0,0,0,,,,,,,4,0,305,9,314,828
,1,AGUASCALIENTES,17,AGUASCALIENTES,1,AGUASCALIENTES,240,1,85,112,13,1,2,1,2,30,10,2,0,0,1,0,0,2,1,0,0,0,,,,,,,19,0,281,16,297,696
,1,AGUASCALIENTES,17,AGUASCALIENTES,1,AGUASCALIENTES,241,1,110,131,12,7,6,10,2,10,6,0,0,0,0,0,2,0,0,0,0,0,,,,,,,20,1,316,11,328,624
,1,AGUASCALIENTES,17,AGUASCALIENTES,1,AGUASCALIENTES,242,1,112,90,7,2,6,9,8,24,9,0,0,0,0,0,0,0,0,0,0,0,,,,,,,14,0,281,4,285,604
,1,AGUASCALIENTES,17,AGUASCALIENTES,1,AGUASCALIENTES,243,2,247,137,17,7,12,12,9,30,13,2,0,1,0,0,0,0,1,0,0,0,,,,,,,39,2,527,20,549,1252
,1,AGUASCALIENTES,17,AGUASCALIENTES,1,AGUASCALIENTES,244,2,160,146,20,6,17,4,12,33,14,0,0,0,1,0,1,0,0,0,0,0,,,,,,,21,0,435,15,450,1126
,1,AGUASCALIENTES,17,AGUASCALIENTES,1,AGUASCALIENTES,245,2,172,105,21,7,12,5,8,20,10,1,0,0,0,0,1,1,1,0,0,0,,,,,,,15,11,379,17,407,884
,1,AGUASCALIENTES,17,AGUASCALIENTES,1,AGUASCALIENTES,274,2,207,101,12,2,8,11,12,15,4,0,0,0,0,0,1,0,0,0,0,0,,,,,,,30,1,403,16,420,766
,1,AGUASCALIENTES,17,AGUASCALIENTES,1,AGUASCALIENTES,275,2,224,149,14,5,9,13,19,20,5,1,0,0,2,0,0,0,0,1,0,0,,,,,,,36,1,498,17,516,906
,1,AGUASCALIENTES,17,AGUASCALIENTES,1,AGUASCALIENTES,276,2,300,111,8,3,6,8,15,28,13,0,0,0,0,0,1,1,0,1,0,0,,,,,,,27,0,522,17,539,929
,1,AGUASCALIENTES,17,AGUASCALIENTES,1,AGUASCALIENTES,277,2,238,140,9,4,8,7,8,8,6,0,0,0,0,0,0,1,0,0,0,0,,,,,,,22,0,451,30,481,790
,1,AGUASCALIENTES,17,AGUASCALIENTES,1,AGUASCALIENTES,278,1,258,114,10,2,6,11,4,11,11,0,0,0,0,0,0,0,0,0,0,0,,,,,,,28,0,455,15,470,747
,1,AGUASCALIENTES,17,AGUASCALIENTES,1,AGUASCALIENTES,285,1,196,67,19,3,4,16,2,13,10,1,0,0,0,0,0,0,0,0,0,0,,,,,,,20,1,351,11,363,628
,1,AGUASCALIENTES,17,AGUASCALIENTES,1,AGUASCALIENTES,286,2,155,112,18,6,8,12,10,14,11,0,0,0,0,0,0,0,0,0,0,0,,,,,,,24,1,370,34,405,584
,1,AGUASCALIENTES,17,AGUASCALIENTES,1,AGUASCALIENTES,287,1,124,84,4,0,4,9,3,15,6,0,0,0,0,0,0,0,0,0,0,0,,,,,,,15,0,264,16,280,581
,1,AGUASCALIENTES,17,AGUASCALIENTES,1,AGUASCALIENTES,288,2,216,90,29,6,12,5,5,15,6,0,0,0,0,0,0,1,0,0,0,0,,,,,,,21,0,406,18,424,784
,1,AGUASCALIENTES,17,AGUASCALIENTES,1,AGUASCALIENTES,289,1,177,86,35,1,7,5,5,17,5,0,0,0,0,0,2,0,0,0,0,0,,,,,,,25,0,365,15,380,719
,1,AGUASCALIENTES,17,AGUASCALIENTES,1,AGUASCALIENTES,290,1,149,76,20,4,7,8,8,17,11,0,1,0,0,0,0,0,0,0,0,0,,,,,,,29,0,330,11,341,663
,1,AGUASCALIENTES,17,AGUASCALIENTES,1,AGUASCALIENTES,291,2,276,138,13,3,12,6,9,30,10,0,0,0,0,0,0,0,0,0,0,0,,,,,,,88,3,585,19,607,1185
,1,AGUASCALIENTES,17,AGUASCALIENTES,1,AGUASCALIENTES,292,2,183,125,11,5,9,7,4,11,3,0,2,0,1,0,0,1,0,0,0,0,,,,,,,82,0,444,10,454,1018
,1,AGUASCALIENTES,17,AGUASCALIENTES,1,AGUASCALIENTES,294,2,226,56,11,2,12,6,4,20,9,0,0,0,0,0,0,1,0,0,0,0,,,,,,,95,0,442,20,462,949
,1,AGUASCALIENTES,17,AGUASCALIENTES,1,AGUASCALIENTES,295,2,224,118,17,2,8,5,5,14,1,1,0,0,1,0,0,1,0,0,0,0,,,,,,,155,0,552,17,569,1125
,1,AGUASCALIENTES,17,AGUASCALIENTES,1,AGUASCALIENTES,296,2,211,119,21,4,10,3,12,26,11,1,1,0,0,0,1,0,0,0,0,0,,,,,,,66,1,486,25,512,1014
,1,AGUASCALIENTES,17,AGUASCALIENTES,1,AGUASCALIENTES,297,2,166,90,16,1,9,10,1,22,7,0,0,0,0,0,0,1,0,0,0,0,,,,,,,87,0,410,16,426,815
,1,AGUASCALIENTES,17,AGUASCALIENTES,1,AGUASCALIENTES,298,2,263,133,19,3,7,8,15,20,8,0,0,0,0,0,0,0,1,0,0,0,,,,,,,86,0,563,18,581,1163
,1,AGUASCALIENTES,17,AGUASCALIENTES,1,AGUASCALIENTES,299,2,252,122,15,5,9,3,12,24,15,1,0,0,0,0,0,0,0,0,0,0,,,,,,,84,0,542,20,562,1147
,1,AGUASCALIENTES,17,AGUASCALIENTES,1,AGUASCALIENTES,40,2,387,137,21,5,10,6,13,39,13,1,1,0,0,0,0,0,0,0,0,0,,,,,,,35,3,668,12,683,1283
,1,AGUASCALIENTES,18,AGUASCALIENTES,1,AGUASCALIENTES,161,8,1282,659,119,46,57,104,63,234,111,0,1,0,0,0,3,0,0,1,0,0,,,,,,,,19,2680,167,2866,5255
,1,AGUASCALIENTES,18,AGUASCALIENTES,1,AGUASCALIENTES,162,2,187,96,3,13,15,9,10,35,18,0,1,0,0,0,0,2,0,0,0,0,,,,,,,,0,389,24,413,921
,1,AGUASCALIENTES,18,AGUASCALIENTES,1,AGUASCALIENTES,163,1,135,82,8,19,10,6,7,18,12,0,0,0,0,0,1,0,0,0,0,0,,,,,,,,1,298,14,313,693
,1,AGUASCALIENTES,18,AGUASCALIENTES,1,AGUASCALIENTES,259,1,94,49,6,7,7,7,9,10,10,2,0,0,0,0,0,0,0,0,0,0,,,,,,,,0,201,11,212,454
,1,AGUASCALIENTES,18,AGUASCALIENTES,1,AGUASCALIENTES,260,3,396,212,53,9,21,39,22,78,50,0,1,0,0,0,2,1,0,0,0,0,,,,,,,,3,884,35,922,1915
,1,AGUASCALIENTES,18,AGUASCALIENTES,1,AGUASCALIENTES,315,5,843,789,32,38,41,21,26,52,45,6,4,0,1,0,7,4,1,0,0,1,,,,,,,,6,1911,112,2029,3518
,1,AGUASCALIENTES,18,AGUASCALIENTES,1,AGUASCALIENTES,323,8,767,633,76,44,70,38,41,96,69,1,1,1,1,0,5,4,3,0,0,0,,,,,,,,4,1850,73,1927,4395
,1,AGUASCALIENTES,18,AGUASCALIENTES,1,AGUASCALIENTES,324,3,553,249,25,15,11,33,10,21,6,0,0,0,0,0,2,0,0,0,0,0,,,,,,,,1,925,52,978,1893
,1,AGUASCALIENTES,18,AGUASCALIENTES,1,AGUASCALIENTES,325,20,2543,1494,264,162,178,242,198,525,304,6,5,4,3,0,4,4,1,0,0,1,,,,,,,,46,5938,298,6282,14386
,1,AGUASCALIENTES,18,AGUASCALIENTES,1,AGUASCALIENTES,332,4,426,331,37,22,26,38,23,59,23,1,2,0,2,0,2,2,0,0,0,1,,,,,,,,0,995,38,1033,2311
,1,AGUASCALIENTES,18,AGUASCALIENTES,1,AGUASCALIENTES,534,2,147,115,22,40,20,15,7,26,18,1,0,0,0,0,2,1,1,0,0,0,,,,,,,,11,415,13,439,908
,1,AGUASCALIENTES,18,AGUASCALIENTES,1,AGUASCALIENTES,535,2,186,101,34,9,10,11,3,13,18,0,0,0,0,0,0,0,0,0,0,0,,,,,,,,1,385,16,402,941
,1,AGUASCALIENTES,18,AGUASCALIENTES,1,AGUASCALIENTES,536,2,164,124,45,17,14,13,14,33,26,0,0,0,0,0,2,2,2,0,0,0,,,,,,,,2,456,23,481,1097
,1,AGUASCALIENTES,18,AGUASCALIENTES,1,AGUASCALIENTES,537,2,111,114,22,12,17,9,9,18,19,0,0,0,0,0,2,0,0,0,0,0,,,,,,,,0,333,24,357,888
,1,AGUASCALIENTES,18,AGUASCALIENTES,1,AGUASCALIENTES,538,1,110,103,20,0,12,12,9,33,17,1,0,0,0,0,0,0,0,0,0,0,,,,,,,,0,317,24,341,674
,1,AGUASCALIENTES,18,AGUASCALIENTES,1,AGUASCALIENTES,539,1,102,74,10,4,21,12,11,25,17,2,0,0,0,0,0,0,0,0,0,0,,,,,,,,1,278,16,295,714
,1,AGUASCALIENTES,18,AGUASCALIENTES,1,AGUASCALIENTES,540,2,103,122,10,14,12,7,12,16,8,0,0,0,0,0,0,1,0,0,0,0,,,,,,,,0,305,19,324,849
,1,AGUASCALIENTES,18,AGUASCALIENTES,1,AGUASCALIENTES,541,1,108,97,11,0,9,10,8,20,12,0,1,0,1,0,0,0,0,0,0,0,,,,,,,,1,277,7,285,687
,1,AGUASCALIENTES,18,AGUASCALIENTES,1,AGUASCALIENTES,542,2,116,128,15,10,14,8,11,21,23,0,0,0,1,0,1,0,0,0,0,0,,,,,,,,0,348,13,361,860
,1,AGUASCALIENTES,18,AGUASCALIENTES,1,AGUASCALIENTES,543,2,147,110,25,8,13,10,3,19,16,1,0,0,0,0,2,0,0,0,0,0,,,,,,,,0,354,14,368,856
,1,AGUASCALIENTES,18,AGUASCALIENTES,1,AGUASCALIENTES,544,2,133,132,16,8,9,4,3,15,12,1,1,0,0,0,2,0,1,0,0,0,,,,,,,,1,337,32,370,857
,1,AGUASCALIENTES,18,AGUASCALIENTES,1,AGUASCALIENTES,545,2,169,143,16,8,13,23,8,12,11,1,1,1,1,0,0,0,0,0,0,0,,,,,,,,1,407,13,421,920
,1,AGUASCALIENTES,18,AGUASCALIENTES,1,AGUASCALIENTES,546,2,190,139,27,12,22,13,12,30,25,0,0,0,0,1,0,0,0,0,1,1,,,,,,,,0,473,25,498,1116
,1,AGUASCALIENTES,18,AGUASCALIENTES,1,AGUASCALIENTES,547,2,162,154,33,5,18,17,13,32,27,0,0,0,1,0,1,0,0,0,0,1,,,,,,,,1,464,28,493,1009
