ID_ESTADO,NOMBRE_ESTADO,ID_DISTRITO,CABECERA_DISTRITAL,SECCIONES,CASILLAS,PAN,PRI,PRD,PVEM,PT,MC,NVA_ALIANZA,MORENA,PH,ES,PAN_NVA_ALIANZA,PRI_PVEM,PRD_PT,CAND_IND1,CAND_IND2,CAND_IND3,CAND_IND4,CAND_IND5,CAND_IND6,CAND_IND7,CAND_IND8,CAND_IND9,CAND_IND10,CAND_IND11,CAND_IND12,CAND_IND13,CAND_IND14,CAND_IND15,CAND_IND16,CAND_IND17,CAND_IND18,CAND_IND19,CAND_IND20,CAND_IND21,CAND_IND22,NUM_VOTOS_CAN_NREG,NUM_VOTOS_NULOS,TOTAL_VOTOS,LISTA_NOMINAL,PARTICIPACION,CANDIDATO,CANDIDATO2
1,AGUASCALIENTES,1,JESUS MARIA,148,445,0,0,0,0,14046,0,0,1484,804,969,48837,39741,0,,,,,,,,,,,,,,,,,,,,,,,68,3135,109084,277868,0.3926,Gerardo Federico Salas Díaz,José de Jesús Valdéz Gómez
1,AGUASCALIENTES,2,AGUASCALIENTES,235,589,33126,32679,5010,8601,2589,3040,6315,7400,3240,4614,,0,0,,,,,,,,,,,,,,,,,,,,,,,306,8570,115490,340905,0.3388,Arlette Ivette Muñoz Cervantes,Cynthia Susana Zaragoza Galvan
1,AGUASCALIENTES,3,AGUASCALIENTES,217,445,35451,27196,2125,6049,1472,1908,4103,6221,2643,3380,,0,0,,,,,,,,,,,,,,,,,,,,,,,296,7912,98756,248581,0.3973,Jorge López Martín,Víctor Odin Castillo Ávila
2,BAJA CALIFORNIA,1,MEXICALI,224,492,29528,0,2718,0,1285,5805,5274,8101,2813,4981,,20871,0,,,,,,,,,,,,,,,,,,,,,,,89,5760,87225,279071,0.3126,Exaltación González Ceceña,Nicolás Quintero Russel
2,BAJA CALIFORNIA,2,MEXICALI,220,431,27829,0,2854,0,818,8135,4638,8404,4015,8021,,15698,0,,,,,,,,,,,,,,,,,,,,,,,166,6026,86604,237921,0.364,Luz Argelia Paniagua Figueroa,Margarita Mercado Medina
2,BAJA CALIFORNIA,3,ENSENADA,196,497,21915,0,5924,0,9971,3019,3902,13096,2581,4235,,21516,0,,,,,,,,,,,,,,,,,,,,,,,205,6158,92522,276800,0.3343,Wenceslao Martínez Santos,Francisco Tarín Perisky
2,BAJA CALIFORNIA,4,TIJUANA,292,590,27945,0,3504,0,4767,5189,7046,15024,2689,4850,,18321,0,,,,,,,,,,,,,,,,,,,,,,,185,6675,96195,336429,0.2859,Jorge Ramos Hernández,Christian Alejandro Carrillo Fregoso
2,BAJA CALIFORNIA,5,TIJUANA,194,468,25665,0,2992,0,1999,3683,3183,12766,2604,4828,,17383,0,,,,,,,,,,,,,,,,,,,,,,,677,6878,82658,268149,0.3083,José Máximo García López,Pedro Javier Payan Gomez
2,BAJA CALIFORNIA,6,TIJUANA,274,557,27507,0,2798,0,1718,4091,4645,14237,2840,6812,,21932,0,,,,,,,,,,,,,,,,,,,,,,,323,7748,94651,304581,0.3108,María Luisa Sánchez Meza,Corina López Páez
2,BAJA CALIFORNIA,7,MEXICALI,211,594,24672,0,3444,0,3799,19150,3923,10054,2252,7098,,23437,0,,,,,,,,,,,,,,,,,,,,,,,190,6432,104451,359848,0.2903,María Del Rosario Rodríguez Rubio,Lucina Rodríguez Martínez
2,BAJA CALIFORNIA,8,TIJUANA,337,715,36113,0,4982,0,2615,4207,4993,16312,3008,6046,,29403,0,,,,,,,,,,,,,,,,,,,,,,,357,7772,115808,415080,0.279,Jacqueline Nava Mouett,Mirna Cecilia Rincón Vargas
3,BAJA CALIFORNIA SUR,1,MULEGE,247,415,49951,0,0,0,0,1007,3934,6620,4070,3643,,36540,5970,,,,,,,,,,,,,,,,,,,,,,,136,4702,116573,203034,0.5742,Jisela Paes Martínez,María Elena Castro Terrazas
3,BAJA CALIFORNIA SUR,2,LA PAZ,235,487,49540,0,0,0,0,1193,2199,8658,4089,5707,,28320,21650,,,,,,,,,,,,,,,,,,,,,,,238,5770,127364,262338,0.4855,Víctor Ernesto Ibarra Montoya,Nicolás Toledo Soto
4,CAMPECHE,1,CAMPECHE,254,557,49934,0,7104,0,2359,2311,13825,30152,2586,5992,,71367,0,,,,,,,,,,,,,,,,,,,,,,,87,6676,192393,299680,0.642,Miguel Ángel Sulub Caamal,Roberto Sales Rosado
4,CAMPECHE,2,CARMEN,270,543,70747,0,6006,0,1666,2317,3531,17054,1513,1852,,63291,0,,,,,,,,,,,,,,,,,,,,,,,63,5623,173663,303930,0.5714,Rocio Matesanz Santamaria,Elsa Del Socorro Sanchez Arjona
5,COAHUILA,1,PIEDRAS NEGRAS,224,499,24065,0,2587,0,1685,1488,7789,4701,1218,3845,,56110,0,,,,,,,,,,,,,,,,,,,,,,,60,3251,106799,282149,0.3785,Francisco Saracho Navarro,Guillermo Ruíz Guerra
5,COAHUILA,2,SAN PEDRO,298,545,21142,0,6728,0,2047,3087,9103,7830,2574,2337,,72171,0,,,,,,,,,,,,,,,,,,,,,,,38,4242,131299,288092,0.4558,Ana Maria Boone Godoy,Santos Garza Herrera
5,COAHUILA,3,MONCLOVA,276,574,33370,0,3592,0,1499,1234,7761,4767,1763,5092,,74848,0,,,,,,,,,,,,,,,,,,,,,,,75,3987,137988,313880,0.4396,María Guadalupe Oyervides Valdéz,Edna Ileana Dávalos Elizondo
5,COAHUILA,4,SALTILLO,207,481,24736,0,2317,0,1828,1811,8113,5736,3871,4544,,68639,0,,,,,,,,,,,,,,,,,,,,,,,83,4801,126479,284002,0.4453,Armando Luna Canales,José Inocencio Aguirre Willars
5,COAHUILA,5,TORREON,296,517,26550,0,2923,0,1669,2971,7227,8062,1990,2716,,75058,0,,,,,,,,,,,,,,,,,,,,,,,69,4614,133849,279483,0.4789,Flor Estela Rentería Medina,Graciela Fernández Almaraz
5,COAHUILA,6,TORREON,187,510,53641,0,2474,0,1329,5487,5903,9186,2507,3042,,58198,0,,,,,,,,,,,,,,,,,,,,,,,86,4591,146444,306961,0.4771,Sandoval Rodríguez José Refugio,Villarreal Cuellar Fernando
5,COAHUILA,7,SALTILLO,171,410,30925,0,2537,0,1496,1646,6353,5184,2928,3295,,52093,0,,,,,,,,,,,,,,,,,,,,,,,152,4303,110912,237469,0.4671,Yerico Abramo Masso,Mario Alberto Mata Quintero
6,COLIMA,1,COLIMA,212,494,46069,0,47059,0,3665,6629,3162,2395,1578,1144,,48896,0,,,,,,,,,,,,,,,,,,,,,,,44,4760,165401,265425,0.6232,Enrique Rojas Orozco,Florencio Rodríguez Luna
6,COLIMA,2,MANZANILLO,158,409,54403,0,3399,0,3381,5666,1968,3644,2365,2542,,51432,0,,,,,,,,,,,,,,,,,,,,,,,44,3865,132709,233106,0.5693,Chavarria Barajas Eloisa,Hernandez Vidrio Armida
7,CHIAPAS,1,PALENQUE,160,543,2525,0,7265,0,5591,1635,2277,14319,954,895,,105750,0,,,,,,,,,,,,,,,,,,,,,,,26,11269,152506,302373,0.5044,Leonardo Rafael Guirao Aguilar,Ricardo López Montejo
7,CHIAPAS,2,BOCHIL,141,461,2356,0,12626,0,6590,902,1918,2049,378,227,,111504,0,,,,,,,,,,,,,,,,,,,,,,,11,4937,143498,240712,0.5961,Hernán De Jesús Orantes López,--
7,CHIAPAS,3,OCOSINGO,143,571,3720,0,11438,0,1589,2404,3340,3780,764,582,,97504,0,,,,,,,,,,,,,,,,,,,,,,,26,8004,133151,278366,0.4783,Jorge Álvarez López,Jorge De Jesus Gordillo Sanchez
7,CHIAPAS,4,OCOZOCOAUTLA DE ESPINOSA,182,493,3475,0,3475,0,2468,5339,3304,4776,1082,1665,,103458,0,,,,,,,,,,,,,,,,,,,,,,,42,4977,134061,263339,0.5091,Flor Ángel Jiménez Jiménez,Vacante
7,CHIAPAS,5,SAN CRISTOBAL DE LAS CASAS,152,499,3389,0,6679,0,1830,2075,2676,5653,1606,1599,,98616,0,,,,,,,,,,,,,,,,,,,,,,,86,10268,134477,273671,0.4914,María Soledad Sandoval Martínez,Claudia Pimentel Villalpa
7,CHIAPAS,6,TUXTLA GUTIERREZ,143,498,4438,0,3526,0,1934,2355,2411,15464,1377,2402,,82365,0,,,,,,,,,,,,,,,,,,,,,,,175,7130,123577,305129,0.405,Sasil Dora Luz De León Villard,Nancy López Ruiz
7,CHIAPAS,7,TONALA,165,431,6120,0,2036,0,5755,2022,2129,5239,1149,528,,65687,0,,,,,,,,,,,,,,,,,,,,,,,15,3512,94192,230315,0.409,Diego Valente Valera Fuentes,Erick Arturo Figueroa Ovando
7,CHIAPAS,8,COMITAN DE DOMINGUEZ,177,491,1630,0,6348,0,4777,1250,3026,4519,1240,1001,,115435,0,,,,,,,,,,,,,,,,,,,,,,,45,6960,146231,283418,0.516,Luis Ignacio Avendaño Bermúdez,Uberly López Roblero
7,CHIAPAS,9,TUXTLA GUTIERREZ,204,514,8161,0,4109,0,2813,2090,2622,12526,2338,5926,,39229,0,,,,,,,,,,,,,,,,,,,,,,,399,11598,91811,306598,0.2995,Emilio Enrique Salazar Farias,Pablo Mauricio Gutierrez Robles
7,CHIAPAS,10,VILLAFLORES,175,465,4660,0,5606,0,2611,2054,2924,7534,1105,4387,,88702,0,,,,,,,,,,,,,,,,,,,,,,,39,5893,125515,260260,0.4823,Julián Nazar Morales,José Odilón Ruiz Sánchez
7,CHIAPAS,11,HUIXTLA,197,521,4172,0,15414,0,3204,1488,2203,6058,3029,857,,82850,0,,,,,,,,,,,,,,,,,,,,,,,37,5729,125041,272013,0.4597,Zamora Morlet Enrique,Santis Espinoza Angel
7,CHIAPAS,12,TAPACHULA,199,480,15788,0,4120,0,2660,3431,2376,10691,2632,1650,,58410,0,,,,,,,,,,,,,,,,,,,,,,,63,6522,108343,265045,0.4088,Samuel Alexis Chacón Morales,Arturo Miguel Pacheco Meza
8,CHIHUAHUA,1,JUAREZ,441,773,14027,0,4086,0,1961,3631,7791,9161,2886,4859,,39470,0,,,,,,,,,,,,,,,,,,,,,,,102,5907,93881,406242,0.2311,Fernando Uriarte Zazueta,Juan Ubaldo Benavente Bermudez
8,CHIHUAHUA,2,JUAREZ,251,355,6946,0,3262,0,947,1179,3631,4123,1053,2171,,22606,0,,,,,,,,,,,,,,,,,,,,,,,67,4066,50051,185048,0.2705,Ana Georgina Zapata Lucero,Gloria Viviana Juárez Fierro
8,CHIHUAHUA,3,JUAREZ,308,483,22356,0,1582,0,1322,2998,5254,7643,2124,3342,,22404,0,1744,,,,,,,,,,,,,,,,,,,,,,206,4911,75886,242964,0.3123,María Avila Serna,Elena Yaneth Romo Perez
8,CHIHUAHUA,4,JUAREZ,240,379,9655,0,1604,0,2601,3408,4734,4674,1703,2228,,21510,0,,,,,,,,,,,,,,,,,,,,,,,72,4032,56221,201625,0.2788,Adriana Terrazas Porras,Ana Laura Rodela Soto
8,CHIHUAHUA,5,DELICIAS,369,606,38806,0,3982,0,2753,1661,9942,5809,1095,2096,,56839,0,,,,,,,,,,,,,,,,,,,,,,,90,5004,128077,317817,0.403,Juan Antonio Meléndez Ortega,Jaime Ríos Velasco Grajeda
8,CHIHUAHUA,6,CHIHUAHUA,338,538,45387,0,1840,0,2484,6493,7012,7378,3013,4386,,36513,0,,,,,,,,,,,,,,,,,,,,,,,310,7713,122529,286311,0.428,Juan Alberto Blanco Saldivar,Daniel Ignacio Olivas Gutierrez
8,CHIHUAHUA,7,CUAUHTEMOC,472,676,23484,0,4597,0,2513,1097,5844,4273,910,2842,,46234,0,,,,,,,,,,,,,,,,,,,,,,,230,5122,97146,305919,0.3176,Alex Le Baron Gonzalez,Rafael Martinez Perez
8,CHIHUAHUA,8,CHIHUAHUA,309,628,26949,0,2773,0,3195,5367,9031,7705,3076,4622,,38426,0,,,,,,,,,,,,,,,,,,,,,,,258,7204,108606,344255,0.3155,Cesar Alejandro Dominguez Dominguez,Francisco Javier Salcido Lozoya
8,CHIHUAHUA,9,HIDALGO DEL PARRAL,417,612,21346,0,1891,0,1394,1221,9567,2262,789,1161,,55782,0,,,,,,,,,,,,,,,,,,,,,,,57,5842,101312,277550,0.365,Carlos Gerardo Hermosillo Arteaga,Antonio Enrique Tarín García
9,DISTRITO FEDERAL,1,GUSTAVO A. MADERO,159,385,5760,0,0,0,0,5497,2825,24229,2374,5015,,11640,24358,,,,,,,,,,,,,,,,,,,,,,,139,4923,86760,234073,0.3707,Alberto Martínez Urincho,Pedro Mayen Luna
9,DISTRITO FEDERAL,2,GUSTAVO A. MADERO,260,489,23378,0,0,0,0,3387,3489,24828,3877,7657,,17530,16680,,,,,,,,,,,,,,,,,,,,,,,389,8138,109353,255862,0.4274,Juan Romero Tenorio,Daniel Parra Huerta
9,DISTRITO FEDERAL,3,AZCAPOTZALCO,241,478,17782,0,0,0,0,2977,4339,28750,4262,7785,,19723,22611,,,,,,,,,,,,,,,,,,,,,,,320,8117,116666,270193,0.4318,Virgilio Dante Caballero Pedraza,Jesús Casillas Álvarez
9,DISTRITO FEDERAL,4,IZTAPALAPA,189,429,9123,8659,0,5186,0,3503,2677,29369,3446,8280,,0,27837,,,,,,,,,,,,,,,,,,,,,,,268,7781,106129,254933,0.4163,Ernestina Godoy Ramos,María Del Carmen Piña Martínez
9,DISTRITO FEDERAL,5,TLALPAN,213,424,26738,0,0,0,0,3196,2267,27436,3448,6391,,16635,12998,,,,,,,,,,,,,,,,,,,,,,,414,9622,109145,239030,0.4566,Patricia Elena Aceves Pastrana,Gabriela Osorio Hernández
9,DISTRITO FEDERAL,6,GUSTAVO A. MADERO,217,456,8662,0,0,0,0,3749,4819,30238,3493,7648,,17818,21665,,,,,,,,,,,,,,,,,,,,,,,265,7167,105524,259955,0.4059,Jesús Emiliano Álvarez López,José Rodrigo Ávila Carrasco
9,DISTRITO FEDERAL,7,GUSTAVO A. MADERO,222,472,11733,0,0,0,0,6117,3829,29394,3972,8582,,22149,22416,,,,,,,,,,,,,,,,,,,,,,,336,8275,116803,270041,0.4325,María Chávez García,Alejandra Morales Novoa
9,DISTRITO FEDERAL,8,CUAUHTEMOC,251,512,17413,0,0,0,0,3082,3102,34152,4467,8717,,25120,20808,,,,,,,,,,,,,,,,,,,,,,,388,9506,126755,282267,0.4491,Vidal Llerenas Morales,Jorge Ramírez Rosete
9,DISTRITO FEDERAL,9,VENUSTIANO CARRANZA,217,448,10066,0,0,0,0,8971,2640,20245,3147,6862,,17906,31344,,,,,,,,,,,,,,,,,,,,,,,304,7140,108625,261049,0.4161,Parra Álvarez Evelyn,Ramos Rojas Bertha Andrea
9,DISTRITO FEDERAL,10,MIGUEL HIDALGO,260,549,37986,0,0,0,0,3768,3258,21591,3895,8149,,21297,30805,,,,,,,,,,,,,,,,,,,,,,,517,10551,141817,312293,0.4541,Jorge Triana Tena,Guillermo Octavio Huerta Ling
9,DISTRITO FEDERAL,11,VENUSTIANO CARRANZA,208,431,9687,11358,0,4282,0,7975,2912,22545,3206,6751,,0,26699,,,,,,,,,,,,,,,,,,,,,,,299,7417,103131,243267,0.4239,Rafael Hernández Soriano,Jesús Alexey Martínez Cedano
9,DISTRITO FEDERAL,12,CUAUHTEMOC,244,499,15376,0,0,0,0,3365,2969,28637,4507,6898,,23453,21608,,,,,,,,,,,,,,,,,,,,,,,476,9417,116706,280944,0.4154,Alicia Barrientos Pantoja,Bennelly Jocabeth Hernandez Ruedas
9,DISTRITO FEDERAL,13,IZTACALCO,210,424,11313,0,0,0,0,5703,3372,23290,3593,7369,,17085,24633,,,,,,,,,,,,,,,,,,,,,,,449,7461,104268,239088,0.4361,Daniel Ordoñez Hernández,Juan Manuel Orozco Carmona
9,DISTRITO FEDERAL,14,TLALPAN,142,446,10100,9239,0,6488,0,2475,2117,31892,3212,5284,,0,32614,,,,,,,,,,,,,,,,,,,,,,,212,8705,112338,277662,0.4046,Carlos Hernández Mirón,Alonso Ortega Gamboa
9,DISTRITO FEDERAL,15,BENITO JUAREZ,254,592,56484,17945,0,6218,0,7494,3372,31707,5194,9251,,0,11019,,,,,,,,,,,,,,,,,,,,,,,751,15754,165189,349222,0.473,Federico Döring Casar,Oscar Daniel Hernández Morales
9,DISTRITO FEDERAL,16,ALVARO OBREGON,219,500,13900,13423,0,11264,0,3236,4114,26711,4089,7076,,0,29032,,,,,,,,,,,,,,,,,,,,,,,229,9554,122628,291726,0.4204,María Cristina Teresa García Bravo,Martha Eugenia Albores Loeza
9,DISTRITO FEDERAL,17,ALVARO OBREGON,189,546,29497,0,0,0,0,3960,3701,24610,4718,7618,,36357,27830,,,,,,,,,,,,,,,,,,,,,,,284,9690,148265,333880,0.4441,Sara Paola Galico Félix Díaz,María De Lourdes González Hernández
9,DISTRITO FEDERAL,18,IZTAPALAPA,185,427,6568,11604,0,5107,0,2866,2912,28117,3095,7259,,0,36038,,,,,,,,,,,,,,,,,,,,,,,222,7221,111009,250233,0.4436,Arturo Santana Alfaro,Eduardo Santana Alfaro
9,DISTRITO FEDERAL,19,IZTAPALAPA,164,423,4964,7643,0,5098,0,3516,2753,31228,2802,7152,,0,34470,,,,,,,,,,,,,,,,,,,,,,,214,6948,106788,257580,0.4146,Jerónimo Alejandro Ojeda Anguiano,Daniel Salazar Nuñez
9,DISTRITO FEDERAL,20,IZTAPALAPA,234,485,14313,0,0,0,0,3485,3149,32989,4245,9264,,19725,29421,,,,,,,,,,,,,,,,,,,,,,,352,9242,126185,270922,0.4658,Araceli Damian Gonzalez,María Del Rosario Palacios Alejo
9,DISTRITO FEDERAL,21,XOCHIMILCO,130,434,7077,0,0,0,0,13846,3427,26428,3215,6932,,30677,18562,,,,,,,,,,,,,,,,,,,,,,,287,7865,118316,276631,0.4277,Claudia Villanueva Huerta,Maraí Padilla Martínez
9,DISTRITO FEDERAL,22,IZTAPALAPA,152,428,3668,7240,0,5487,0,6488,2852,35144,2529,5127,,0,40139,,,,,,,,,,,,,,,,,,,,,,,153,7211,116038,269769,0.4301,Ana Leticia Carrera Hernández,María Teresa Hernández López
9,DISTRITO FEDERAL,23,COYOACAN,201,486,16050,12403,0,4508,0,5643,3216,29021,4241,6743,,0,38980,,,,,,,,,,,,,,,,,,,,,,,448,10988,132241,290096,0.4559,Ariadna Montiel Reyes,Alejandra Fernández Ramírez
9,DISTRITO FEDERAL,24,COYOACAN,202,458,29060,14576,0,4182,0,4712,2606,24570,2981,6457,,0,20771,,6424,,,,,,,,,,,,,,,,,,,,,574,10696,127609,263658,0.484,Héctor Barrera Marmolejo,José Pablo Rétiz Gutiérrez
9,DISTRITO FEDERAL,25,IZTAPALAPA,174,448,8873,10066,0,6378,0,6764,2914,32270,3440,6828,,0,24458,,,,,,,,,,,,,,,,,,,,,,,322,7991,110304,272642,0.4046,Renato Josafat Molina Arias,Juan Manuel Gamiñio Benz
9,DISTRITO FEDERAL,26,LA MAGDALENA CONTRERAS,259,530,28512,0,0,0,0,5185,2980,27009,4030,6271,,29861,23590,,,,,,,,,,,,,,,,,,,,,,,414,10666,138518,295373,0.469,María De La Paz Quiñones Cornejo,Camila García Castells Alanis
9,DISTRITO FEDERAL,27,TLAHUAC,133,425,6230,0,0,0,0,9712,4247,29076,2871,6038,,18579,17144,,,,,,,,,,,,,,,,,,,,,,,167,6414,100478,263144,0.3818,Norma Xóchitl Hernández Colín,Araceli Berenice Hernández Calderón
10,DURANGO,1,DURANGO,389,617,16746,0,4077,0,7861,3970,3873,5337,1606,1710,,63743,0,,,,,,,,,,,,,,,,,,,,,,,66,4609,113598,277504,0.4094,Otniel García Navarro,José Ángel Beltrán Felix
10,DURANGO,2,GOMEZ PALACIO,285,601,20744,0,0,0,0,2903,4857,8540,2651,3519,,70795,8355,,,,,,,,,,,,,,,,,,,,,,,145,5153,127662,337297,0.3785,María Del Rocío Rebollo Mendoza,Ma Idalia Del Socorro Espinoza Meraz
10,DURANGO,3,GUADALUPE VICTORIA,450,638,22307,0,8115,0,6120,3627,4562,5718,1935,1164,,67938,0,,,,,,,,,,,,,,,,,,,,,,,48,4135,125669,272515,0.4611,Oscar García Barrón,Maximiliano Silerio Díaz
10,DURANGO,4,DURANGO,240,539,26133,0,0,0,0,17771,5181,6188,2859,3903,,44657,16774,,,,,,,,,,,,,,,,,,,,,,,181,6916,130563,312925,0.4172,Gamboa Martinez Alicia Guadalupe,Hernandez Lopez Gabriela
11,GUANAJUATO,1,SAN LUIS DE LA PAZ,213,424,46932,0,6007,0,3192,998,3994,2070,1750,1098,,47492,0,,,,,,,,,,,,,,,,,,,,,,,62,4764,118359,232202,0.5097,Timoteo Villa Ramírez,Rodolfo Longoria García
11,GUANAJUATO,2,SAN MIGUEL DE ALLENDE,207,453,49380,0,7623,0,1625,4592,6091,3097,6288,3440,,43182,0,,,,,,,,,,,,,,,,,,,,,,,149,6042,131509,255994,0.5137,Maria Veronica Agundis Estrada,Alfa Talia Mendieta Gonzalez
11,GUANAJUATO,3,LEON,283,608,73324,0,2426,0,1637,3570,5123,4415,3783,6621,,41522,0,,,,,,,,,,,,,,,,,,,,,,,172,6734,149327,357820,0.4173,Francisco Ricardo Sheffield Padilla,Allan Michel León Aguirre
11,GUANAJUATO,4,GUANAJUATO,211,545,47472,0,9204,0,3023,1812,5106,4853,2709,2336,,51923,0,,,,,,,,,,,,,,,,,,,,,,,174,5980,134592,318822,0.4222,Erika Lorena Arroyo Bello,Juana Leticia Hernández Armas
11,GUANAJUATO,5,LEON,228,574,78921,0,1911,0,1202,4475,4332,4315,3196,5780,,36681,0,,,,,,,,,,,,,,,,,,,,,,,254,6973,148040,338166,0.4378,Alejandra Noemi Reynoso Sánchez,Hortensia De La Concepción Orozco Tejada
11,GUANAJUATO,6,LEON,212,546,69727,0,1839,0,1144,3036,4467,4032,2973,6305,,39318,0,,,,,,,,,,,,,,,,,,,,,,,144,5848,138833,332462,0.4176,Alejandra Gutiérrez Campos,Paola Dayanara Caraza Ortega
11,GUANAJUATO,7,SAN FRANCISCO DEL RINCON,212,514,52881,0,7932,0,1206,879,6639,4664,1313,2211,,53572,0,,,,,,,,,,,,,,,,,,,,,,,95,4089,135481,301369,0.4496,Ricardo Ramírez Nieto,Víctor Manuel Rodríguez Santibañez
11,GUANAJUATO,8,SALAMANCA,226,529,54231,0,14609,0,1388,3816,9930,6800,5422,3389,,43331,0,,,,,,,,,,,,,,,,,,,,,,,139,4781,147836,311926,0.4739,Karina Padilla Ávila,Mónica Ruelas Sánchez
11,GUANAJUATO,9,IRAPUATO,202,497,45341,0,2080,0,959,2048,3994,4557,1590,3021,,48570,0,,,,,,,,,,,,,,,,,,,,,,,228,5125,117513,299185,0.3928,Yulma Rocha Aguilar,Ma. Eugenia Rojas Gonzalez
11,GUANAJUATO,10,URIANGATO,246,483,42492,0,8420,0,1352,3401,4997,4119,6437,1443,,62727,0,,,,,,,,,,,,,,,,,,,,,,,76,4577,140041,269582,0.5195,David Mercado Ruiz,Luis Miguel López Díaz
11,GUANAJUATO,11,PENJAMO,239,462,60318,0,14637,0,2047,1751,3776,2216,2040,2230,,36452,0,,,,,,,,,,,,,,,,,,,,,,,35,4472,129974,252890,0.514,Jose Erandi Bermudez Mendez,Adrian Gutierrez Morales
11,GUANAJUATO,12,CELAYA,205,493,45811,0,7680,0,2818,8839,5644,7960,3904,5100,,33443,0,,,,,,,,,,,,,,,,,,,,,,,181,5567,126947,292047,0.4347,Adriana Elizarraraz Sandoval,Martha Tamara Rodriguez Melesio
11,GUANAJUATO,13,VALLE DE SANTIAGO,198,475,42240,0,15267,0,2110,2546,7929,5412,6225,2378,,39339,0,,,,,,,,,,,,,,,,,,,,,,,102,4526,128074,266865,0.4799,Ariel Enrique Corona Rodríguez,José Eduardo Ojeda Guerrero
11,GUANAJUATO,14,ACAMBARO,255,486,41199,0,17122,0,1759,10571,4372,3417,714,1403,,41084,0,,,,,,,,,,,,,,,,,,,,,,,65,4896,126602,264295,0.479,René Mandujano Tinajero,José Refugio Chávez Rodríguez
12,GUERRERO,1,PUNGARABATO,394,539,4902,0,0,0,0,6595,3203,5643,401,338,,63899,58395,,,,,,,,,,,,,,,,,,,,,,,14,3944,147334,232137,0.6347,Silvia Rivera Carbajal,Jovita Ortiz Benítez
12,GUERRERO,2,IGUALA DE LA INDEPENDENCIA,378,591,14224,0,0,0,0,13157,5327,5755,2047,4377,,56037,39795,,,,,,,,,,,,,,,,,,,,,,,45,7867,148631,274147,0.5422,Salomón Majúl González,Juan Pablo Montiel De La Paz
12,GUERRERO,3,ZIHUATANEJO DE AZUETA,328,542,2521,0,0,0,0,6852,3764,6788,2014,1789,,55010,55530,,,,,,,,,,,,,,,,,,,,,,,18,5530,139816,255933,0.5463,Ricardo Ángel Barrientos Rios,Jorge Alberto Allec Maciel
12,GUERRERO,4,ACAPULCO DE JUAREZ,220,513,10085,0,0,0,0,10809,2782,6152,1890,2815,,45034,43314,,,,,,,,,,,,,,,,,,,,,,,150,8243,131274,288818,0.4545,Julieta Fernández Márquez,Lilia Escobar Ávila
12,GUERRERO,5,TLAPA DE COMONFORT,302,561,13356,0,0,0,0,20016,3450,5225,2206,1767,,51627,61384,,,,,,,,,,,,,,,,,,,,,,,15,9884,168930,266173,0.6347,Victoriano Wences Real,Oracio Flores Ruiz
12,GUERRERO,6,CHILAPA DE ALVAREZ,325,563,10984,0,0,0,0,15800,5242,5794,3727,1369,,64989,55171,,,,,,,,,,,,,,,,,,,,,,,31,9380,172487,274201,0.6291,María Veronica Muñoz Parra,Olivia Lopez Galicia
12,GUERRERO,7,CHILPANCINGO DE LOS BRAVO,244,516,2130,0,0,0,0,9239,2266,5887,2372,2224,,63051,42813,,,,,,,,,,,,,,,,,,,,,,,41,8477,138500,283257,0.489,Beatriz Velez Nuñez,Claudia Beltran Salas
12,GUERRERO,8,AYUTLA DE LOS LIBRES,315,500,9693,0,0,0,0,11575,4298,4890,8035,714,,58142,54242,,,,,,,,,,,,,,,,,,,,,,,50,10678,162317,239412,0.678,Arturo Álvarez Angli,Jesús Herbey Arredondo Díaz
12,GUERRERO,9,ACAPULCO DE JUAREZ,161,475,8093,0,0,0,0,9785,2288,5430,1365,2856,,59073,33964,,,,,,,,,,,,,,,,,,,,,,,34,8431,131319,287303,0.4571,Ricardo Taja Ramírez,Miguel Angel Piña Garibay
13,HIDALGO,1,HUEJUTLA DE REYES,266,482,18936,0,17188,0,2218,1382,10859,5623,2720,38650,,55977,0,,,,,,,,,,,,,,,,,,,,,,,29,6868,160450,251425,0.6382,Alma Carolina Viggiano Austria,Brenda Lizette Flores Franco
13,HIDALGO,2,IXMIQUILPAN,365,555,19822,0,18421,0,2090,1055,11946,7916,1531,3360,,51573,0,,,,,,,,,,,,,,,,,,,,,,,49,5629,123392,267099,0.462,Rosa Guadalupe Chávez Acosta,María Luisa Pérez Perusquia
13,HIDALGO,3,ACTOPAN,289,523,8678,0,14003,0,4478,1517,15662,9549,2127,11343,,53829,0,,,,,,,,,,,,,,,,,,,,,,,72,6083,127341,284539,0.4475,Pedro Luis Noble Monterrubio,Ernesto Vázquez Baca
13,HIDALGO,4,TULANCINGO DE BRAVO,196,443,12250,0,11762,0,1807,1736,10424,6288,1982,8180,,42357,0,,,,,,,,,,,,,,,,,,,,,,,76,5055,101917,244773,0.4164,Cesareo Jorge Márquez Alvarado,Fernando Pérez Rodríguez
13,HIDALGO,5,TULA DE ALLENDE,213,501,23496,0,10127,0,1986,2423,8276,13258,2192,5274,,50614,0,,,,,,,,,,,,,,,,,,,,,,,93,5417,123156,295693,0.4165,Fernando Quetzalcóatl Moctezuma Pereda,Daniel Rolando Jiménez Rojo
13,HIDALGO,6,PACHUCA DE SOTO,205,509,16808,0,4798,0,2852,2462,9966,9420,2943,7829,,43875,0,,,23840,,,,,,,,,,,,,,,,,,,,206,7020,132019,307377,0.4295,Alfredo Bejos Nicolás,José Luis Lima González
13,HIDALGO,7,TEPEAPULCO,229,549,11203,0,9481,0,2843,3230,15996,11246,3382,8778,,50064,0,,,,,,,,,,,,,,,,,,,,,,,163,6376,122762,318528,0.3854,María Gloria Hernández Madrid,Sylvia López González
14,JALISCO,1,TEQUILA,220,479,47282,0,10671,0,7369,31526,5453,4619,1271,1895,,57240,0,,,,,,,,,,,,,,,,,,,,,,,36,4227,171589,260780,0.658,Gaeta Esparza Hugo Daniel,Pulido Cornejo Alberto
14,JALISCO,2,LAGOS DE MORENO,192,470,50807,0,3447,0,818,25309,4841,2993,1484,1555,,55788,0,,,,,,,,,,,,,,,,,,,,,,,53,4796,151891,268578,0.5655,Evelyng Soraya Flores Carranza,Clara Martínez Aguirre
14,JALISCO,3,TEPATITLAN DE MORELOS,200,483,54972,0,2985,0,938,23010,3831,1607,4853,5109,,53484,0,,,,,,,,,,,,,,,,,,,,,,,55,5689,156533,280325,0.5584,Elías Octavio Iñiguez Mejía,Ricardo García Ramírez
14,JALISCO,4,ZAPOPAN,131,467,17198,0,2040,0,2480,45314,4156,4220,3254,4770,,45744,0,,,,,,,,,,,,,,,,,,,,,,,87,4388,133651,296965,0.4501,Laura Valeria Guzmán Vázquez,Andrea Margarita Márquez Villarreal
14,JALISCO,5,PUERTO VALLARTA,197,530,32331,0,7321,0,3999,56705,2733,3885,2977,1697,,52891,0,,,,,,,,,,,,,,,,,,,,,,,86,4202,168827,308837,0.5467,Luis Ernesto Munguía González,Osvaldo Alfredo Franco Madrigal
14,JALISCO,6,ZAPOPAN,195,556,34563,0,1993,0,2096,55667,3999,4832,3835,6918,,44947,0,,,,,,,,,,,,,,,,,,,,,,,279,5783,164912,344729,0.4784,Mirza Flores Gomez,Daniella Judith Hernandez Flores
14,JALISCO,7,TONALA,81,445,17789,0,2823,0,4139,31475,4724,3867,3319,4654,,44874,0,,,,,,,,,,,,,,,,,,,,,,,75,3827,121566,302027,0.4025,Laura Nereida Plascencia Pacheco,Sandra Pompeya Aceves Tejeda
14,JALISCO,8,GUADALAJARA,251,452,24799,0,1958,0,2043,54118,3893,4339,2712,4725,,36747,0,,,,,,,,,,,,,,,,,,,,,,,166,4873,140373,242020,0.58,Verónica Delgadillo García,Verónica Bermudez Torres
14,JALISCO,9,GUADALAJARA,159,410,14468,0,2111,0,2743,51319,5211,3922,3079,3622,,39519,0,,,,,,,,,,,,,,,,,,,,,,,114,3990,130098,244505,0.5321,María Candelaria Ochoa Ávalos,Sara Leticia Prado Blagg
14,JALISCO,10,ZAPOPAN,122,457,28506,0,1981,0,1826,49916,3645,5087,3576,6794,,32296,0,,,,,,,,,,,,,,,,,,,,,,,280,6141,140048,292739,0.4784,Macedonio Salomón Tamez Guajardo,Esteban Petersen Cortes
14,JALISCO,11,GUADALAJARA,174,412,12377,0,2103,0,2788,53071,4866,3759,2435,3007,,39703,0,,,,,,,,,,,,,,,,,,,,,,,64,3559,127732,247222,0.5167,Jonadab Martínez García,José Nuño Guzmán
14,JALISCO,12,TLAJOMULCO DE ZUÑIGA,196,776,24841,0,18105,0,5379,88206,4891,6998,3626,7861,,60932,0,,,,,,,,,,,,,,,,,,,,,,,119,6805,227763,501359,0.4543,Salvador Zamora Zamora,Juan Chávez Ocegueda
14,JALISCO,13,GUADALAJARA,230,453,18066,0,1988,0,2530,55148,4565,4108,2818,4049,,40190,0,,,,,,,,,,,,,,,,,,,,,,,110,4224,137796,248951,0.5535,Rosa Alba Ramirez Nachis,Diana Melissa Martinez Lucio
14,JALISCO,14,GUADALAJARA,167,413,19481,0,2109,0,2438,56405,3295,3651,2048,4546,,33695,0,,,,,,,,,,,,,,,,,,,,,,,115,4128,131911,246013,0.5362,Víctor Manuel Sanchez Orozco,Gabriel Real Huizar
14,JALISCO,15,LA BARCA,193,472,40174,0,5800,0,1968,17496,5630,3653,2867,7799,,61538,0,,,,,,,,,,,,,,,,,,,,,,,63,4300,151288,275082,0.55,Ramón Bañales Arámbula,César Alfonso Padilla Vázquez
14,JALISCO,16,SAN PEDRO TLAQUEPAQUE,158,486,17253,0,2257,0,2556,46418,3909,4291,2999,4445,,43810,0,,,,,,,,,,,,,,,,,,,,,,,80,4018,132036,300472,0.4394,Germán Ernesto Ralis Cumplido,Porfirio Encarnación Camba
14,JALISCO,17,JOCOTEPEC,205,508,33652,0,6963,0,3359,48571,4615,6881,1367,2179,,65471,0,,,,,,,,,,,,,,,,,,,,,,,51,4798,177907,294599,0.6039,Martha Lorena Covarrubias Anaya,Priscilla Sahagún Salinas
14,JALISCO,18,AUTLAN DE NAVARRO,233,505,37904,0,10518,0,2461,32167,6731,4795,4608,1936,,62214,0,,,,,,,,,,,,,,,,,,,,,,,30,4676,168040,283805,0.5921,J. Jesús Zúñiga Mendoza,Víctor Manuel Aldrete Tejeda
14,JALISCO,19,ZAPOTLAN EL GRANDE,242,504,34579,0,18430,0,3561,29111,8173,7011,4228,3173,,54830,0,,,,,,,,,,,,,,,,,,,,,,,65,5124,168285,273670,0.6149,José Luis Orozco Sánchez Aldana,Ramiro Jr Farías Martínez
15,MEXICO,1,JILOTEPEC,189,467,35190,0,7648,0,7342,5722,16688,6766,1784,2770,,75680,0,,,,,,,,,,,,,,,,,,,,,,,58,6073,165721,253247,0.6544,Edgar Castillo Martínez,Rodolfo Nogués Barajas
15,MEXICO,2,TEOLOYUCAN,156,479,37467,0,14371,0,4292,22052,4694,11220,4728,6320,,52961,0,,,,,,,,,,,,,,,,,,,,,,,131,5360,163596,297786,0.5494,Raúl Domínguez Rex,Aarón González Rojas
15,MEXICO,3,ATLACOMULCO,162,437,30637,0,13945,0,7530,3273,6534,6140,1961,3049,,62891,0,,,,,,,,,,,,,,,,,,,,,,,86,5832,141878,242858,0.5842,Fidel Almanza Monroy,Marco Antonio Barranco Sanchez
15,MEXICO,4,NICOLAS ROMERO,153,545,41738,0,7927,0,2591,6886,7723,18519,5094,7566,,57390,0,,,,,,,,,,,,,,,,,,,,,,,201,6208,161843,345366,0.4686,María Monserrath Sobreyra Santos,Alejandra Gutíerrez Macías
15,MEXICO,5,TEOTIHUACAN,176,536,30158,0,22234,0,14482,7713,4844,23388,4759,8072,,79247,0,,,,,,,,,,,,,,,,,,,,,,,138,6462,201497,327498,0.6153,Cristina Sánchez Coronel,Olga Erika Espinosa Alvarez
15,MEXICO,6,COACALCO DE BERRIOZABAL,136,493,22018,0,32405,0,2686,5703,4913,18302,4126,10101,,48241,0,,,,,,,,,,,,,,,,,,,,,,,258,6634,155387,319401,0.4865,David Sánchez Isidoro,José Roberto Ramírez Urban
15,MEXICO,7,CUAUTITLAN IZCALLI,205,505,40266,0,7061,0,5191,6206,6591,20493,5994,11650,,42655,0,,,,,,,,,,,,,,,,,,,,,,,280,7879,154266,301033,0.5125,Francisco Lauro Rojas San Roman,Herminio Cahue Calderón
15,MEXICO,8,TULTITLAN,125,373,11095,0,16892,0,4255,6124,3708,12720,3558,6558,,30665,0,,,,,,,,,,,,,,,,,,,,,,,156,5290,101021,229889,0.4394,Sandra Méndez Hernández,Mariana Vanessa Ruíz Ledesma
15,MEXICO,9,IXTLAHUACA,141,476,22154,0,5829,0,4936,18822,6511,8667,3394,5592,,78652,0,,,,,,,,,,,,,,,,,,,,,,,89,7383,162029,293827,0.5514,Real Salinas Dora Elena,Pérez Reyes Perla
15,MEXICO,10,ECATEPEC DE MORELOS,188,530,9833,0,23523,0,3988,4046,5335,16678,4433,8919,,48196,0,,,,,,,,,,,,,,,,,,,,,,,200,7036,132187,327201,0.404,Virginia Nallely Gutiérrez Ramírez,Patricia Elizabeth Ramírez Mata
15,MEXICO,11,ECATEPEC DE MORELOS,151,414,11490,0,17212,0,3142,3782,5310,16246,4059,7214,,35974,0,,,,,,,,,,,,,,,,,,,,,,,224,6474,111127,248436,0.4473,Pablo Bedolla López,Carlos Rangel Aquino
15,MEXICO,12,IXTAPALUCA,242,610,9414,0,43048,0,1838,5925,3580,11950,3131,6924,,78860,0,,,,,,,,,,,,,,,,,,,,,,,162,6457,171289,370410,0.4624,Maricela Serrano Hernández,Dalila Rodriguez García
15,MEXICO,13,ECATEPEC DE MORELOS,170,392,8019,0,11694,0,2276,2549,4133,15988,2922,6191,,36416,0,,,,,,,,,,,,,,,,,,,,,,,127,5328,95643,228032,0.4194,José Alfredo Torres Huitrón,Leopoldo Juárez Colorado
15,MEXICO,14,ATIZAPAN DE ZARAGOZA,114,437,37817,0,5339,0,1686,3221,4261,12471,2969,7322,,34732,0,,,,,,,,,,,,,,,,,,,,,,,191,5924,115933,282181,0.4108,Schemelensky Castro Ingrid Krasopani,González Martínez Marisol
15,MEXICO,15,TLALNEPANTLA DE BAZ,166,432,43406,0,5841,0,1613,4021,3924,13074,3808,7608,,31499,0,,,,,,,,,,,,,,,,,,,,,,,318,8075,123187,260618,0.4727,Cortés Lugo Román Francisco,Cuevas Corona Oscar
15,MEXICO,16,ECATEPEC DE MORELOS,137,465,13504,0,18172,0,4108,2843,4511,15503,3941,6158,,41468,0,,,,,,,,,,,,,,,,,,,,,,,127,6181,116516,301772,0.3861,Maya Pineda María Isabel,Quintero García Ileana María
15,MEXICO,17,ECATEPEC DE MORELOS,178,421,7606,0,15373,0,2361,2733,4769,14482,3315,7320,,36254,0,,,,,,,,,,,,,,,,,,,,,,,196,5892,100301,243834,0.4113,Luis Felipe Vázquez Guerrero,Sergio Hernández Bennettz
15,MEXICO,18,HUIXQUILUCAN,151,500,56218,0,12358,0,3269,5763,4245,11528,3718,5818,,71407,0,,,,,,,,,,,,,,,,,,,,,,,184,7103,181611,315967,0.5748,Alfredo Del Mazo Maza,Miguel Ángel Ramírez Ponce
15,MEXICO,19,TLALNEPANTLA DE BAZ,188,417,24945,0,10339,0,1700,3253,3864,12767,3694,7025,,32718,0,,,,,,,,,,,,,,,,,,,,,,,236,6349,106890,237483,0.4501,Pablo Basáñez García,Rafael Arturo Balcazar Narro
15,MEXICO,20,NEZAHUALCOYOTL,155,349,5603,0,37644,0,1287,2006,2528,12334,2151,4593,,23427,0,,,,,,,,,,,,,,,,,,,,,,,183,5025,96781,206037,0.4697,José Santiago López,Eduardo Villafuerte García
15,MEXICO,21,NAUCALPAN DE JUAREZ,129,391,39917,0,5031,0,1614,4559,3077,11272,2961,5286,,31265,0,,,,,,,,,,,,,,,,,,,,,,,210,5805,110997,243365,0.4561,Luis Gilberto Marrón Agustín,Jaime Mauricio Rojas Silva
15,MEXICO,22,NAUCALPAN DE JUAREZ,193,366,33626,0,4128,0,1275,2728,3047,10775,3007,5274,,27303,0,,,,,,,,,,,,,,,,,,,,,,,183,5263,96609,202057,0.4781,Angélica Moya Marín,Alba María Milán Lara
15,MEXICO,23,VALLE DE BRAVO,181,488,31576,0,25645,0,11766,5227,7507,5324,4481,2903,,84819,0,,,,,,,,,,,,,,,,,,,,,,,45,6223,185516,282311,0.6571,José Ignacio Pichardo Lechuga,Geovanni Andrei Ramírez Buendía
15,MEXICO,24,NAUCALPAN DE JUAREZ,131,353,20671,0,6022,0,1495,2880,3044,12568,2592,4537,,29966,0,,,,,,,,,,,,,,,,,,,,,,,114,4416,88305,213961,0.4127,David Ricardo Sánchez Guevara,Alejandro Juraidini Villaseñor
15,MEXICO,25,CHIMALHUACAN,105,430,4597,0,14225,0,2252,1692,3297,15361,2729,4928,,40237,0,,,,,,,,,,,,,,,,,,,,,,,111,4025,93454,283654,0.3295,Telésforo García Carreón,Josue Muñóz Guevara
15,MEXICO,26,TOLUCA,157,481,33465,0,8506,0,6197,7197,7299,10732,4844,8594,,58868,0,,,,,,,,,,,,,,,,,,,,,,,199,7125,153026,306502,0.4993,Laura Mitzi Barrientos Cano,Ana Yolanda Esquivel Jaramillo
15,MEXICO,27,METEPEC,135,466,35934,0,6077,0,17737,6469,5827,12004,7228,7026,,66736,0,,,,,,,,,,,,,,,,,,,,,,,251,7038,172327,293137,0.5879,Carolina Monroy Del Mazo,Horalia Noemí Pérez Gonzalez
15,MEXICO,28,ZUMPANGO,216,676,35492,0,18048,0,5267,6911,9104,23354,6326,13063,,96656,0,,,,,,,,,,,,,,,,,,,,,,,265,9357,223843,431494,0.5188,Rocío Díaz Montoya,María Teresa Sánchez Ruíz Esparza
15,MEXICO,29,NEZAHUALCOYOTL,183,378,4184,0,45402,0,1250,1605,2178,9355,2071,3560,,29592,0,,,,,,,,,,,,,,,,,,,,,,,129,4466,103792,209405,0.4957,Olga Catalán Padilla,Marisol Ayala Ambrosio
15,MEXICO,30,NEZAHUALCOYOTL,175,384,3685,0,48750,0,1482,1699,2191,9802,2217,3837,,25391,0,,,,,,,,,,,,,,,,,,,,,,,128,4416,103598,216692,0.4781,David Gerson García Calderón,Alberto Ojeda Ojeda
15,MEXICO,31,NEZAHUALCOYOTL,167,377,2698,0,51075,0,1107,1885,2259,8076,2300,3643,,23589,0,,,,,,,,,,,,,,,,,,,,,,,178,4255,101065,214236,0.4717,Armando Soto Espino,Edgar Jonathan Pérez Avila
15,MEXICO,32,VALLE DE CHALCO SOLIDARIDAD,115,391,3796,0,26135,0,1285,16272,2593,25745,2718,5011,,29421,0,,,,,,,,,,,,,,,,,,,,,,,76,5428,118480,247881,0.478,Alma Lilia Luna Munguía,Norma Cecilia Reyes Guerrero
15,MEXICO,33,CHALCO,169,531,16425,0,24422,0,5009,24298,4396,15662,3881,15099,,65034,0,,,,,,,,,,,,,,,,,,,,,,,113,7306,181645,332038,0.5471,Susana Osorno Belmont,Jeany Fernández Jiménez
15,MEXICO,34,TOLUCA,146,450,36076,0,9729,0,6566,5073,5829,11041,5309,7774,,53546,0,,,,,,,,,,,,,,,,,,,,,,,215,7099,148257,282276,0.5252,Martha Hilda González Calderón,Paola Jiménez Hernández
15,MEXICO,35,TENANCINGO,145,436,27487,0,22200,0,6807,7016,5844,13440,5429,6179,,53521,0,,,,,,,,,,,,,,,,,,,,,,,108,6602,154633,260667,0.5932,Leydi Fabiola Leyva Garcia,Thania Valdez Monrroy
15,MEXICO,36,TEJUPILCO,250,495,35295,0,44919,0,4325,2852,2581,5059,834,733,,71489,0,,,,,,,,,,,,,,,,,,,,,,,40,5002,173129,238802,0.725,Iveth Bernal Casique,Laura Beatriz Hernandez Tapia
15,MEXICO,37,CUAUTITLAN,128,429,22169,0,19110,0,4489,11297,4063,13822,4716,9109,,40059,0,,,,,,,,,,,,,,,,,,,,,,,172,5721,134727,272319,0.4947,Gabriel Casillas Zanatta,José Luis Cardoso Estevez
15,MEXICO,38,TEXCOCO,137,478,4765,0,13673,0,1939,3074,3462,58157,3884,5221,,48235,0,,,,,,,,,,,,,,,,,,,,,,,120,5247,147777,304664,0.485,Delfina Gómez Álvarez,Magdalena Moreno Vega
15,MEXICO,39,LA PAZ,152,475,5607,0,28469,0,3286,3172,3832,18931,4833,10682,,53045,0,,,,,,,,,,,,,,,,,,,,,,,152,6171,138180,296638,0.4658,Andres Aguirre Romero,Raymundo Moreno Ibañez
15,MEXICO,40,ZINACANTEPEC,142,428,26159,0,21076,0,12632,6939,6572,6203,5440,4745,,58692,0,,,,,,,,,,,,,,,,,,,,,,,98,6320,154876,259240,0.5974,Olga Maria Esquivel Hernandez,Idania Itzel Garcia Salgado
16,MICHOACAN,1,LAZARO CARDENAS,181,446,10864,0,0,0,0,2600,2152,6708,1750,1648,,52203,45414,,,,,,,,,,,,,,,,,,,,,,,42,5402,128783,248856,0.5175,Salomón Fernando Rosales Reyes,Gonzalo Fabián Muñoz
16,MICHOACAN,2,PURUANDIRO,289,546,23106,0,0,0,0,4660,4467,5665,2018,2416,,52607,66220,,,,,,,,,,,,,,,,,,,,,,,63,7314,168536,300081,0.5616,Erik Juárez Blanquet.,José María Arroyo Juárez
16,MICHOACAN,3,ZITACUARO,231,442,17758,0,0,0,0,5852,2910,5158,1410,1415,,59240,51201,,,,,,,,,,,,,,,,,,,,,,,35,6186,151165,238679,0.6333,Juan Antonio Ixtlahuac Orihuela,José Luis Baeza Rojas
16,MICHOACAN,4,JIQUILPAN,257,512,36450,0,0,0,0,8290,2608,3666,1036,2729,,57650,36009,,,,,,,,,,,,,,,,,,,,,,,44,5574,154056,265650,0.5799,Alfredo Anaya Orozco,Eduardo Herrera Calixto
16,MICHOACAN,5,ZAMORA,225,498,34492,0,0,0,0,3968,3378,10794,2064,2759,,44011,26160,,,,,,,,,,,,,,,,,,,,,,,141,5585,133352,279974,0.4763,Rosa Alicia Alvarez Piñones,Juana Medina Mosqueda
16,MICHOACAN,6,HIDALGO,220,482,27757,0,0,0,0,11023,5140,5099,1529,2001,,43810,48997,,,,,,,,,,,,,,,,,,,,,,,45,7072,152473,268188,0.5685,Norberto Antonio Martínez Soto,José Soto Medina
16,MICHOACAN,7,ZACAPU,227,477,26593,0,0,0,0,8959,3641,7963,2372,4582,,48969,49445,,,,,,,,,,,,,,,,,,,,,,,52,8257,160833,265306,0.6062,J. Guadalupe Hernandez Alcala,Adrian Maldonado Campanor
16,MICHOACAN,8,MORELIA,145,472,24814,0,0,0,0,4481,3048,8496,3646,4902,,42658,24112,,,,,,,,,,,,,,,,,,,,,,,253,9844,126254,292391,0.4318,Marco Polo Aguirre Chavez,Fernando Castro Ventura
16,MICHOACAN,9,URUAPAN,188,482,25892,0,0,0,0,2886,5005,7078,4326,1637,,41808,42806,,,,,,,,,,,,,,,,,,,,,,,144,6664,138246,279402,0.4948,Angel Ii Alanis Pedraza,Eduardo Moraila Morales
16,MICHOACAN,10,MORELIA,204,464,38305,0,0,0,0,4804,2354,9155,4016,4346,,42669,21434,,,,,,,,,,,,,,,,,,,,,,,286,10622,137991,266319,0.5181,Daniela De Los Santos Torres,Georgina Paola Villalpando Barrios
16,MICHOACAN,11,PATZCUARO,271,505,17753,0,0,0,0,3220,3070,6268,1472,1360,,58467,64152,,,,,,,,,,,,,,,,,,,,,,,71,8789,164622,273328,0.6023,Araceli Saucedo Reyes,Karina Miranda Becerra
16,MICHOACAN,12,APATZINGAN,225,450,22294,0,0,0,0,12124,2589,7499,1699,2659,,40660,39685,,,,,,,,,,,,,,,,,,,,,,,31,5508,134748,245304,0.5493,"""""""Omar Noe Bernardino Vargas """"""""El Vale""""""""""""""",Carlos Silviano Bejar Rueda
17,MORELOS,1,CUERNAVACA,203,501,30703,22485,0,11201,0,9175,6357,19000,7444,9674,,0,19698,,,,,,,,,,,,,,,,,,,,,,,430,12838,149005,295341,0.5045,Edmundo Javier Bolaños Aguilar,Daniel Ortega Flores
17,MORELOS,2,JIUTEPEC,135,481,14116,20124,0,20642,0,8824,5515,15509,19545,7378,,0,28541,,,,,,,,,,,,,,,,,,,,,,,183,9125,149502,300727,0.4971,"""""""Hector Javier Garcia Chavez """"""""El Gato""""""""""""""",Ramiro Blancas Toledo
17,MORELOS,3,CUAUTLA,190,468,12971,30601,0,7662,0,12026,15148,12874,6885,8530,,0,40047,,,,,,,,,,,,,,,,,,,,,,,127,9733,156604,276056,0.5673,Lucia Virginia Meza Guzmán,Lorena Plata González
17,MORELOS,4,JOJUTLA,192,435,7203,47302,0,7492,0,17731,6316,9638,5640,5240,,0,33153,,,,,,,,,,,,,,,,,,,,,,,66,8059,147840,244653,0.6043,Rosalina Mazarí Espín,Agustina Toledo Hernández
17,MORELOS,5,YAUTEPEC,187,439,11852,21805,0,12992,0,7135,25057,11190,18644,6815,,0,24728,,,,,,,,,,,,,,,,,,,,,,,357,9246,149821,251859,0.5949,Ángel García Yañez,Gilberto Toledano Sánchez
18,NAYARIT,1,SANTIAGO IXCUINTLA,349,489,7317,45106,0,2961,0,5757,2179,3907,570,729,,0,26617,,,,,,,,,,,,,,,,,,,,,,,12,3703,98858,220113,0.4491,Efrain Arellano Nuñez,Jose Lucas Vallarta Chan
18,NAYARIT,2,TEPIC,297,526,21500,35579,0,4495,0,1156,3499,5186,1633,2267,,0,30288,,,,8984,,,,,,,,,,,,,,,,,,,86,4991,119664,283064,0.4227,Gianni Raúl Ramírez Ocampo,Fidel Cristobal Serrato
18,NAYARIT,3,COMPOSTELA,303,556,32216,47430,0,4903,0,3476,3144,5541,1186,1735,,0,6527,,,,,,,,,,,,,,,,,,,,,,,39,4996,111193,290366,0.3829,Jasmine María Bugarín Rodríguez,Rubí Alejandra Cardoso Guzmán
19,NUEVO LEON,1,SANTA CATARINA,149,466,76468,0,0,0,0,29385,7228,3947,7837,3131,,36797,4724,,,,,,,,,,,,,,,,,,,,,,,146,4740,174403,295241,0.5907,Ximena Tamariz Garcia,Cleo Patricia Treviño Tamez
19,NUEVO LEON,2,APODACA,288,628,56277,0,0,0,0,27590,7921,5472,5505,5355,,73766,7689,,,,,,,,,,,,,,,,,,,,,,,119,3997,193691,360935,0.5366,Juan Manuel Cavazos Balderas,José Filiberto Flores Elizondo
19,NUEVO LEON,3,GRAL. ESCOBEDO,199,579,60148,0,0,0,0,30323,6699,5773,6364,6501,,66010,8731,,,,,,,,,,,,,,,,,,,,,,,134,4912,195595,355132,0.5508,Juana Aurora Cavazos Cavazos,Martha Aidee Nuñez Ramos
19,NUEVO LEON,4,SAN NICOLAS DE LOS GARZA,164,441,79521,0,0,0,0,20009,5167,4280,3902,5196,,31294,4479,,,,,,,,,,,,,,,,,,,,,,,78,3497,157423,259074,0.6076,Carlos Alberto De La Fuente Flores,Mario Alberto Cantú Gutiérrez
19,NUEVO LEON,5,MONTERREY,111,378,25006,0,0,0,0,10694,3999,2794,3388,8642,,53209,16031,,,,,,,,,,,,,,,,,,,,,,,90,4319,128172,243039,0.5274,Federico Eugenio Vargas Rodríguez,Edgar Federico Guerrero Martínez
19,NUEVO LEON,6,MONTERREY,128,374,53227,0,0,0,0,28055,5264,4375,4972,5748,,36655,8136,,,,,,,,,,,,,,,,,,,,,,,81,4328,150841,231085,0.6528,José Adrián González Navarro,Jesús Reynaldo Ramos Alvarado
19,NUEVO LEON,7,MONTERREY,288,407,38189,0,0,0,0,16708,3773,3761,3581,4568,,41669,6506,,,,,,,,,,,,,,,,,,,,,,,58,3635,122448,203839,0.6007,Pablo Elizondo Garcia,Cesar Alberto Serna De Leon
19,NUEVO LEON,8,GUADALUPE,171,434,50917,0,0,0,0,15330,4653,3685,2497,3412,,50919,3965,,,,,15162,,,,,,,,,,,,,,,,,,78,3465,154083,255695,0.6026,Daniel Torres Cantu,Jesus Gilberto Rodriguez Garza
19,NUEVO LEON,9,LINARES,292,540,60053,0,0,0,0,5672,15813,2061,3565,3768,,80994,7537,,,,,,,,,,,,,,,,,,,,,,,66,7381,186910,288905,0.647,Ramón Villagomez Guerrero,Arnulfo Torres Aguilar
19,NUEVO LEON,10,MONTERREY,181,398,52185,0,0,0,0,24682,4841,5445,4164,4162,,34340,5798,,,,,,,,,,,,,,,,,,,,,,,91,3984,139692,226757,0.616,Juan Carlos Ruíz García,Rafael Alejandro Serna Vega
19,NUEVO LEON,11,GUADALUPE,122,424,55129,0,0,0,0,19291,6336,4662,4170,5116,,48361,4748,,,,,,,,,,,,,,,,,,,,,,,75,3991,151879,268191,0.5663,Pedro Garza Treviño,José Armando Jasso Silva
19,NUEVO LEON,12,CADEREYTA JIMENEZ,509,1029,87245,0,0,0,0,20180,15375,6427,9234,26387,,129469,22467,,,,,,,,,,,,,,,,,,,,,,,280,8962,326026,573302,0.5687,Edgar Romo García,Erenoldo González Rivera
20,OAXACA,1,SAN JUAN BAUTISTA TUXTEPEC,196,429,11576,40520,0,3979,0,3716,1826,17078,1004,949,,0,27551,,,,,,,,,,,,,,,,,,,,,,,37,3878,112114,232591,0.482,Antonio Amaro Cancino,Silvino Reyes Tellez
20,OAXACA,2,TEOTITLAN DE FLORES MAGON,194,367,6353,23260,0,1667,0,1207,12717,12391,487,333,,0,10896,,,,,,,,,,,,,,,,,,,,,,,7,2806,72124,187018,0.3857,Alvaro Rafael Rubio,Clementino Morales Vásquez
20,OAXACA,3,HEROICA CIUDAD DE HUAJUAPAN DE LEON,282,520,6484,25263,0,4410,0,1530,2275,10655,1327,2159,,0,20638,,,,,,,,,,,,,,,,,,,,,,,54,5708,80503,266777,0.3018,Edith Yolanda López Velasco,Ascención Reyes Santiago
20,OAXACA,4,TLACOLULA DE MATAMOROS,256,480,14694,26436,0,4941,0,1298,3122,18620,1290,3500,,0,10676,,,,,,,,,,,,,,,,,,,,,,,58,6626,91261,244703,0.3729,Vitálico Cándido Coheto Martínez,Adolfo García Morales
20,OAXACA,5,SANTO DOMINGO TEHUANTEPEC,187,418,3417,22831,0,1432,0,2509,1036,7630,976,20591,,0,26094,,,,,,,,,,,,,,,,,,,,,,,57,4078,90651,240762,0.3765,José Antonio Estefan Garfias,Antonino Morales Toledo
20,OAXACA,6,HEROICA CIUDAD DE TLAXIACO,291,502,2708,26994,0,2293,0,927,1435,18004,609,621,,0,41215,,,,,,,,,,,,,,,,,,,,,,,36,5330,100172,245030,0.4088,Sergio López Sánchez,Jorge Martínez Villavicencio
20,OAXACA,7,HEROICA CIUDAD DE JUCHITAN DE ZARAGOZA,215,450,2724,21724,0,2932,0,387,1468,7362,592,3621,,0,16569,,,,,,,,,,,,,,,,,,,,,,,20,2958,60357,238336,0.2532,Yarith Tannos Cruz,Mayra Herrera Saynes
20,OAXACA,8,OAXACA DE JUAREZ,171,472,11268,22951,0,8170,0,1640,4331,12758,2388,5473,,0,23129,,,,,,,,,,,,,,,,,,,,,,,221,8153,100482,286362,0.3509,Francisco Martínez Neri,Heriberto Varela Colmenares
20,OAXACA,9,SANTA LUCIA DEL CAMINO,199,458,18132,18675,0,6889,0,1302,2833,17124,1782,2819,,0,25118,,,,,,,,,,,,,,,,,,,,,,,85,7878,102637,262210,0.3914,Eva Florinda Cruz Molina,Flora Gutiérrez Gutiérrez
20,OAXACA,10,MIAHUATLAN DE PORFIRIO DIAZ,211,433,18901,33011,0,2786,0,12075,1729,7262,828,588,,0,11096,,,,,,,,,,,,,,,,,,,,,,,30,4981,93287,232308,0.4016,Oscar Valencia Garcia,Abraham López Martínez
20,OAXACA,11,SANTIAGO PINOTEPA NACIONAL,186,453,2834,31393,0,1964,0,903,1746,7402,903,375,,0,20301,,,,,,,,,,,,,,,,,,,,,,,14,3535,71370,281650,0.2534,Carlos Sarabia Camacho,Manuel León Chavez
21,PUEBLA,1,HUAUCHINANGO,178,469,53847,0,4195,0,2534,1806,4466,7291,1099,1505,,59771,0,,,,,,,,,,,,,,,,,,,,,,,77,7593,144184,258750,0.5572,Carlos Barragan Amador,Rogelio López Angulo
21,PUEBLA,2,ZACATLAN,161,432,43441,0,3991,0,2200,1033,3241,5745,1298,1479,,66990,0,,,,,,,,,,,,,,,,,,,,,,,54,6129,135601,247532,0.5478,José Lorenzo Rivera Sosa,Leobardo Soto Enríquez
21,PUEBLA,3,TEZIUTLAN,171,426,50634,0,3935,0,2664,2263,3211,5975,1201,1541,,42487,0,,,,,,,,,,,,,,,,,,,,,,,60,5537,119508,242593,0.4926,Juan Pablo Piña Kurczyn,Blas Jorge Garcilazo Alcantara
21,PUEBLA,4,ZACAPOAXTLA,180,449,44654,0,4603,0,3921,2359,3421,9548,1103,1001,,42258,0,,,,,,,,,,,,,,,,,,,,,,,34,6182,119084,247211,0.4817,Hugo Alejo Dominguez,Constantino Aparicio Isidro
21,PUEBLA,5,SAN MARTIN TEXMELUCAN,143,417,25786,0,2494,0,4533,9973,2767,8041,3350,2361,,23076,0,,,,,,,,,,,,,,,,,,,,,,,136,4469,86986,260068,0.3345,Rubén Alejandro Garrido Muñoz,José Gaudencio Víctor León Castañeda
21,PUEBLA,6,PUEBLA,164,486,25073,0,2511,0,1863,3097,3524,15332,2830,4946,,28797,0,,,,,,5159,,,,,,,,,,,,,,,,,217,7205,100554,301572,0.3334,Xitlalic Ceja García,Rosa Isela Rojas Luna
21,PUEBLA,7,TEPEACA,117,409,32828,0,1719,0,1460,1275,2702,7792,1073,2042,,53760,0,,,,,,,,,,,,,,,,,,,,,,,44,4274,108969,254009,0.429,Alejandro Armenta Mier,Ricardo Ernesto López Priego
21,PUEBLA,8,CHALCHICOMULA DE SESMA,140,378,31353,0,11624,0,1950,1460,3046,8307,1777,1075,,25684,0,,,,,,,,,,,,,,,,,,,,,,,43,4343,90662,222950,0.4066,Lilia Arminda García Escobar,Norma Angélica Zacaula Martinez
21,PUEBLA,9,PUEBLA,189,484,25311,0,3448,0,2332,3389,5920,16634,3052,5946,,21519,0,,,,,,,,,,,,,,,,,,,,,,,246,7523,95320,287062,0.3321,Genoveva Huerta Villegas,Irma Patricia Leal Islas
21,PUEBLA,10,SAN PEDRO CHOLULA,139,502,28342,0,4790,0,2733,11432,4336,13387,3299,5782,,19618,0,,,,,,,,,,,,,,,,,,,,,,,232,7381,101332,318443,0.3182,Miguel Ángel Huepa Pérez,Sergio Moreno Valle Germán
21,PUEBLA,11,PUEBLA,197,503,27154,0,2536,0,3019,5076,4775,17212,4048,6779,,27412,0,,,,,,,,,,,,,,,,,,,,,,,351,9430,107792,308553,0.3493,Elvia Graciela Palomares Ramirez,Anel Fernandez Zempoalteca
21,PUEBLA,12,PUEBLA,216,499,26465,0,3067,0,2249,4422,4225,19008,3989,7063,,30385,0,,,,,,,,,,,,,,,,,,,,,,,391,9210,110474,297053,0.3719,Víctor Manuel Giorgana Jiménez,Ramón Fernández Solana
21,PUEBLA,13,ATLIXCO,194,415,19597,0,3669,0,1756,1052,5085,8343,1123,1821,,40779,0,,,,,,,,,,,,,,,,,,,,,,,227,4482,87934,231143,0.3804,Celis Aguirre Juan Manuel,Popocatl Castillo Elieser Casiano
21,PUEBLA,14,IZUCAR DE MATAMOROS,182,427,3262,0,20018,0,9347,1887,2956,4855,1007,800,,51514,0,,,,,,,,,,,,,,,,,,,,,,,33,3503,99182,226674,0.4376,Charbel Jorge Estefan Chidia,Marcelino Rutilio Alamirra Muñoz
21,PUEBLA,15,TEHUACAN,113,411,41686,0,6718,0,2677,1034,5106,6516,1722,1548,,22437,0,,,,,,,13990,,,,,,,,,,,,,,,,120,4966,108520,260691,0.4163,Sergio Emilio Gomez Olivier,Francisco Javier Medina Mendoza
21,PUEBLA,16,AJALPAN,165,383,13110,0,5238,0,1631,509,36211,3868,409,556,,48437,0,,,,,,,,,,,,,,,,,,,,,,,19,4242,114230,208027,0.5491,Edith Villa Trujillo,Modesta Yolanda Pacheco Olivares
22,QUERETARO,1,CADEREYTA DE MONTES,214,567,75262,0,9320,0,1560,5522,4661,7377,3089,3505,,87049,0,,,,,,,,,,,,,,,,,,,,,,,86,10060,207491,309734,0.6699,José Hugo Cabrera Ruiz,Renato Dorantes Dorantes
22,QUERETARO,2,SAN JUAN DEL RIO,212,631,79302,0,5379,0,2190,2858,6639,9308,8573,6155,,76079,0,,,,,,,,,,,,,,,,,,,,,,,228,10751,207462,364380,0.5694,María García Peréz,Cristina Fernandez De Cevallos Y Chavarría
22,QUERETARO,3,QUERETARO,236,614,77552,0,5159,0,1993,4628,4630,13749,4785,6198,,57093,0,,,,,,,,,,,,,,,,,,,,,,,254,9423,185464,363253,0.5106,Cuanalo Santos Gerardo Gabriel,Sainz Guerrero Jose Luis
22,QUERETARO,4,QUERETARO,197,616,85765,0,6195,0,2262,4079,5219,14079,5318,6007,,69556,0,,,,,,,,,,,,,,,,,,,,,,,299,10796,209575,376420,0.5568,J. Apolinar Casillas Gutiérrez,José Gustavo Botello Montes
23,QUINTANA ROO,1,SOLIDARIDAD,511,983,17078,0,10306,0,4691,8192,6515,26342,5293,7445,,92570,0,,,,,,,,,,,,,,,,,,,,,,,234,10158,188824,546544,0.3455,Jose Luis Toledo Medina,Juan Pablo Guillermo Molina
23,QUINTANA ROO,2,OTHON P. BLANCO,242,467,13825,0,14768,0,6834,2028,6962,17988,2111,3480,,49556,0,,,,,,,,10969,,,,,,,,,,,,,,,98,6405,135024,254577,0.5304,Arlet Mólgora Glover,María Hadad Castillo
23,QUINTANA ROO,3,BENITO JUAREZ,185,406,9960,0,6642,0,1983,10783,2534,10098,3019,2860,,32883,0,,,,,,,,,,,,,,,,,,,,,,,202,5501,86465,237651,0.3638,Remberto Estrada Barba,Mario Machuca Sanchez
24,SAN LUIS POTOSI,1,MATEHUALA,319,521,35941,0,0,0,0,9191,6974,5736,1292,3297,,61101,17664,,,,,,,,,,,,,,,,,,,,,,,99,11264,152559,251120,0.6075,Ruth Noemí Tiscareño Agoitia,Isabel Cristina Rueda Leiva
24,SAN LUIS POTOSI,2,SOLEDAD DE GRACIANO SANCHEZ,207,486,22917,0,0,0,0,4856,4963,5157,2062,2605,,45090,54763,,,,,,,,,,,,,,,,,,,,,,,376,8989,151778,280220,0.5416,Erika Irazema Briones Pérez,Candy Araceli Gallardo Cardona
24,SAN LUIS POTOSI,3,RIOVERDE,346,521,51186,0,0,0,0,3566,3979,3522,1228,1587,,63050,10714,,,,,,,,,,,,,,,,,,,,,,,83,9115,148030,243033,0.6091,Fabiola Guerrero Aguilar,Margarita Huerta García
24,SAN LUIS POTOSI,4,CIUDAD VALLES,245,459,42644,0,0,0,0,4604,5875,4316,3499,2620,,53785,10933,,,,,,,,,,,,,,,,,,,,,,,95,8337,136708,238565,0.573,Candido Ochoa Rojas,Ricardo Guillen Rivera
24,SAN LUIS POTOSI,5,SAN LUIS POTOSI,197,488,44865,0,0,0,0,5006,5002,8492,3004,4908,,32792,34563,,,,,,,,,,,,,,,,,,,,,,,1452,9413,149497,288476,0.5182,María De Los Ángeles Rodríguez Aguirre,Rocío Leticia Zavala García
24,SAN LUIS POTOSI,6,SAN LUIS POTOSI,187,494,34891,0,0,0,0,3905,4808,6979,3332,4495,,27450,47062,,,,,,,,,,,,,,,,,,,,,,,965,8311,142198,295840,0.4807,Francisco Xavier Nava Palacios,Jose Carlos Camacho Diaz
24,SAN LUIS POTOSI,7,TAMAZUNCHALE,285,510,53992,0,0,0,0,6749,11714,8942,1799,1312,,63844,20687,,,,,,,,,,,,,,,,,,,,,,,35,14010,183084,262378,0.6978,Christian Joaquín Sánchez Sánchez,Herón Bulos Lárraga
25,SINALOA,1,EL FUERTE,585,623,17437,0,6412,0,842,816,2573,1504,517,486,,46846,0,,,,,,,,,19753,,,,,,,,,,,,,,54,3268,100508,210880,0.4766,Gloria Himelda Felix Niebla,Gloria Gonzalez Burboa
25,SINALOA,2,AHOME,453,624,30696,0,3719,0,1424,2915,4013,7478,2913,1907,,52764,0,,,,,,,,,,,,,,,,,,,,,,,156,5752,113737,297845,0.3819,Bernardino Antelo Esper,Luis Alonso Pineda Apodaca
25,SINALOA,3,SALVADOR ALVARADO,501,613,16977,0,5000,0,866,1655,3517,4804,1585,2161,,48446,0,,,,,,,,,,,,,,,,,,,,,,,236,4302,89549,251369,0.3562,Evelio Plata Inzunza,Cesar Alberto Cruz Ortíz
25,SINALOA,4,GUASAVE,437,491,45048,0,4443,0,558,318,1603,3384,1963,1042,,42607,0,,,,,,,,,,,,,,,,,,,,,,,32,2841,103839,199650,0.5201,Jesús Antonio López Rodríguez,Juan Luis De Anda Mata
25,SINALOA,5,CULIACAN,500,671,7990,0,2340,0,1218,1280,3365,4577,1034,1387,,31237,0,,,,,,,,,,43730,,,,,,,,,,,,,225,4630,103013,300150,0.3432,Manuel Jesús Clouthier Carrillo,María Del Rocío Zazueta Osuna
25,SINALOA,6,MAZATLAN,409,539,14232,0,4458,0,1805,1522,8777,3051,920,643,,38141,0,,,,,,,,,,,15297,,,,,,,,,,,,203,4499,93548,232892,0.4017,Germán Escobar Manjarrez,Salvador Félix Reyes
25,SINALOA,7,CULIACAN,418,572,9798,0,3957,0,5718,1786,2790,4893,1383,1362,,30363,0,,,,,,,,,,,,13589,,,,,,,,,,,752,4640,81031,272803,0.297,Rosa Elena Millán Bueno,Paola Iveth Gárate Valenzuela
25,SINALOA,8,MAZATLAN,405,527,20888,0,1067,0,12004,1551,2389,3870,2018,1129,,24956,0,,,,,,,,,,,,,8909,,,,,,,,,,124,5499,84404,242731,0.3477,Quirino Ordaz Coppel,Jose De Jesus Galindo Rosas
26,SONORA,1,SAN LUIS RIO COLORADO,192,490,56699,0,4101,0,1545,3085,2759,7220,938,3397,,50280,0,,,,,,,,,,,,,,,,,,,,,,,76,3770,133870,283553,0.4721,José Everardo López Cordova,Hernan Mendez Caballero
26,SONORA,2,NOGALES,221,526,61802,0,3470,0,2956,9725,5604,4161,745,1801,,52757,0,,,,,,,,,,,,,,,,,,,,,,,47,5606,148674,311584,0.4772,Leticia Amparano Gamez,Corina Trenti Lara
26,SONORA,3,HERMOSILLO,222,494,58244,0,3204,0,1653,4800,4047,6633,1741,2920,,55527,0,,,,,,,,,,,,,,,,,,,,,,,108,5428,144305,289652,0.4982,Javier Antonio Neblina Vega,Andrés Ramírez Nenninger
26,SONORA,4,GUAYMAS,260,500,56097,0,8972,0,3180,3176,7276,5452,708,1825,,64962,0,,,,,,,,,,,,,,,,,,,,,,,33,5550,157231,261414,0.6015,Susana Corella Platt,Rosa Haydee Gonzalez Gonzalez
26,SONORA,5,HERMOSILLO,194,457,51543,0,2740,0,1667,3585,2906,4822,1373,2345,,57216,0,,,,,,,,,,,,,,,,,,,,,,,74,4810,133081,263019,0.506,Héctor Ulises Cristópulos Ríos,Ariel Burgos Ochoa
26,SONORA,6,CAJEME,219,523,37106,0,2745,0,1303,11625,5820,6243,1790,2235,,71280,0,,,,,,,,,,,,,,,,,,,,,,,77,4226,144450,304116,0.475,Abel Murrieta Gutiérrez,Manuel Montaño Gutiérrez
26,SONORA,7,NAVOJOA,205,452,59551,0,8443,0,1140,1335,4510,3239,375,918,,69724,0,,,,,,,,,,,,,,,,,,,,,,,28,4463,153726,254272,0.6046,Próspero Manuel Ibarra Otero,Jorge Luis Arellano Cruz
27,TABASCO,1,MACUSPANA,213,433,7391,36494,0,24150,0,9008,3884,16826,1220,1286,,0,39602,,,,,,,,,,,,,,,,,,,,,,,83,5306,145250,235925,0.6157,Elio Bocanegra Ruiz,Abelardo Zurita Solano
27,TABASCO,2,CARDENAS,190,438,2132,48657,0,11667,0,2402,2066,6111,942,1336,,0,70041,,,,,,,,,,,,,,,,,,,,,,,36,4241,149631,247230,0.6052,Oscar Ferrer Abalos,Leonides Fernandez Cruz
27,TABASCO,3,COMALCALCO,185,473,2348,38486,0,7920,0,2289,8486,37773,1050,931,,0,65164,,,,,,,,,,,,,,2321,,,,,,,,,99,5158,172025,273638,0.6287,Hector Peralta Grappin,Luis Jose Sanchez Torres
27,TABASCO,4,CENTRO,175,451,3703,29740,0,18765,0,3929,2687,23140,1580,5543,,0,25249,,,,,,,,,,,,,,,,,,,,,,,131,5925,120392,266869,0.4511,Liliana Ivette Madrigal Méndez,Tila Del Rosario Hernández Javier
27,TABASCO,5,PARAISO,183,467,22857,42129,0,28475,0,4564,2500,14640,1223,2114,,0,45724,,,,,,,,,,,,,,,,,,,,,,,61,6907,171194,276132,0.62,Araceli Madrigal Sanchez,Norma Alicia Salazar Esteban
27,TABASCO,6,CENTRO,182,520,3682,45438,0,31816,0,4011,2651,19550,1469,2843,,0,37401,,,,,,,,,,,,,,,,,,,,,,,98,6719,155678,313755,0.4962,José Del Pilar Córdova Hernández,Rogelio Betancourt González
28,TAMAULIPAS,1,NUEVO LAREDO,253,577,53129,55931,2085,3815,652,1063,2189,2310,921,2333,,0,0,,,,,,,,,,,,,,,3085,,,,,,,,137,4706,132356,330113,0.4009,Yahleel Abdala Carmona,Claudia Janeth Ochoa Iñiguez
28,TAMAULIPAS,2,REYNOSA,237,550,33200,45478,2780,8232,1605,4576,5503,6820,2148,3988,,0,0,,,,,,,,,,,,,,,,,,,,,,,198,6166,120694,315559,0.3825,María Esther Guadalupe Camargo De Luebbert,Magin Pereda Martínez
28,TAMAULIPAS,3,RIO BRAVO,416,804,39119,89151,4926,6878,2251,2970,7804,7247,2015,9520,,0,0,,,,,,,,,,,,,,,,,,,,,,,193,7468,179542,438661,0.4093,Edgardo Melhem Salinas,Ernesto Gabriel Robinson Terán
28,TAMAULIPAS,4,MATAMOROS,173,495,40420,53283,1254,6433,757,1386,3102,3643,953,3646,,0,0,,,,,,,,,,,,,,,,8136,,,,,,,160,4729,127902,298082,0.4291,Jesús Juan De La Garza Díaz Del Guante,Pedro Luis Coronado Ayarzagoitia
28,TAMAULIPAS,5,VICTORIA,220,518,14271,65392,1637,2848,1935,49787,6919,2571,1097,2723,,0,0,,,,,,,,,,,,,,,,,,,,,,,67,5003,154250,287163,0.5372,Miguel Ángel González Salum,José Ángel Cárdenas Castillejos
28,TAMAULIPAS,6,EL MANTE,292,525,31798,73653,3187,5915,1916,1431,9141,2825,1766,5175,,0,0,,,,,,,,,,,,,,,,,,,,,,,44,3650,140501,252177,0.5572,Luis Alejandro Guevara Cobos,Julio César Portales Martínez
28,TAMAULIPAS,7,CIUDAD MADERO,199,532,24812,56922,7744,9515,2206,9410,7025,7345,2201,5517,,0,0,,,,,,,,,,,,,,,,,4983,,,,,,162,5991,143833,318025,0.4523,Esdras Romero Vega,Esteban De La Portilla Flores
28,TAMAULIPAS,8,TAMPICO,205,449,34764,42151,5762,7310,1477,6457,3923,6993,1641,3681,,0,0,,,,,,,,,,,,,,,,,,,,,,,138,5098,119395,257932,0.4629,Mercedes Del Carmen Guillen Vicente,Elsa Maria Tamayo Cardenas
29,TLAXCALA,1,APIZACO,240,516,17691,40012,4509,4992,4240,1508,3028,21661,1575,3624,,0,0,,,,,,,,,,,,,,,,,,,,,,,50,6869,109759,291342,0.3767,Rosalinda Muñoz Sánchez,Rosaura Ayala Hernández
29,TLAXCALA,2,TLAXCALA,160,470,21177,25922,12930,5823,20228,1705,3958,12219,1863,3935,,0,0,,,,,,,,,,,,,,,,,,,,,,,79,6435,116274,289894,0.4011,Edith Anabel Alvarado Varela,Fabiola Rosas Cuautle
29,TLAXCALA,3,ZACATELCO,203,474,12133,28882,13730,3534,8060,7656,16522,10101,1056,1261,,0,0,,,,,,,,,,,,,,,,,,2488,,,,,72,5171,110666,274918,0.4025,Ricardo David Garcia Portilla,Teodardo Muñoz Torres
30,VERACRUZ,1,PANUCO,272,442,27296,0,4060,0,702,1855,2266,4881,778,977,,54296,0,,,,,,,,,,,,,,,,,,,,,,,32,3446,100589,215169,0.4675,Sofia Del Sagrario De León Maza,Rocío Guzmán De Paz
30,VERACRUZ,2,TANTOYUCA,265,492,38844,0,46960,0,2857,2174,3157,5292,804,735,,49345,0,,,,,,,,,,,,,,,,,,,,,,,21,5626,155815,250131,0.6229,María Del Carmen Pinete Varga,Rosalba Santiago Escobar
30,VERACRUZ,3,TUXPAN,213,455,35153,0,5113,0,1797,2272,2897,9826,1557,2385,,47942,0,,,,,,,,,,,,,,,,,,,,,,,259,4821,114022,242900,0.4694,Alberto Silva Ramos,Paulino Alberto Vazquez Villalobos
30,VERACRUZ,4,VERACRUZ,198,473,56493,0,5167,0,5276,2615,2055,12345,2462,2736,,30824,0,,,,,,,,,,,,,,,,,,,,,,,312,6372,126657,274058,0.4622,Francisco José Gutiérrez De Velasco Urtaza,Juan Manuel De Unanue Abascal
30,VERACRUZ,5,POZA RICA DE HIDALGO,203,453,10864,0,35173,0,3264,2088,5042,11190,3697,1644,,33019,0,,,,,,,,,,,,,,,,,,,,,,,676,5803,112460,259436,0.4335,Leonardo Amador Rodriguez,Nicanor Martinez Olguin
30,VERACRUZ,6,PAPANTLA,200,426,7438,0,29449,0,1872,22048,3040,6515,1208,760,,38068,0,,,,,,,,,,,,,,,,,,,,,,,219,3861,114478,228427,0.5012,Heidi Salazar Espinosa,Victoria Nataly Olmedo Basilio
30,VERACRUZ,7,MARTINEZ DE LA TORRE,245,506,28307,0,21062,0,2175,3400,2490,12850,1321,2176,,48103,0,,,,,,,,,,,,,,,,,,,,,,,805,4802,127491,254961,0.5,Edgar Spinoso Carrera,Gustavo Moreno Ramos
30,VERACRUZ,8,XALAPA,279,572,21374,0,0,0,0,7023,3525,18398,2717,3341,,45012,25445,,,,,,,,,,,,,,,,,,,,,,,921,7023,134779,302372,0.4457,Adolfo Mota Hernández,Rogelio Ayala Palomino
30,VERACRUZ,9,COATEPEC,203,481,22451,0,9624,0,3416,5327,3673,19074,2833,5028,,38297,0,,,,,,,,,,,,,,,,,,,,,,,295,7680,117698,274400,0.4289,Noemí Guzmán Lagunes,Linda Rubí Martínez Díaz
30,VERACRUZ,10,XALAPA,221,490,21605,0,0,0,0,5838,4125,30729,3608,4740,,17147,12492,,,,,,,,,,,,,,,,,,,9048,2449,,,1083,9064,121928,282864,0.431,García Jiménez Cuitláhuac,Cancino Barffuson Sergio René
30,VERACRUZ,11,COATZACOALCOS,239,537,11653,0,4954,0,1595,2775,5732,42734,1579,6952,,27867,0,,,,,,,,,,,,,,,,,,,,,3629,1340,384,6591,117785,295469,0.3986,Norma Rocío Nahle García,Justina Del Carmen Luna Pérez
30,VERACRUZ,12,VERACRUZ,261,504,36022,0,5791,0,3087,5225,2693,14866,2631,3386,,33006,0,,,,,,,,,,,,,,,,,,,,,,,237,6845,113789,282603,0.4026,Gabriela Ramírez Ramos,María Del Rosario Vera
30,VERACRUZ,13,HUATUSCO,216,491,39337,0,7641,0,1651,13271,1888,9268,1856,1995,,48165,0,,,,,,,,,,,,,,,,,,,,,,,835,5677,131584,271094,0.4854,Miguel Ángel Sedas Castro,Arturo Navarrete Escobar
30,VERACRUZ,14,MINATITLAN,213,490,9503,0,6058,0,20752,1272,1267,16137,1108,2122,,35263,0,,,,,,,,,,,,,,,,,,,,,,,56,5176,98714,248943,0.3965,José Luis Saenz Soto,Rafael Callejas Ochoa
30,VERACRUZ,15,ORIZABA,224,512,35331,0,9649,0,2157,2260,2419,16900,2542,4124,,44526,0,,,,,,,,,,,,,,,,,,,,,,,485,7949,128342,286057,0.4487,Fidel Kuri Grajales,Victor Manuel Garcia Figueiras
30,VERACRUZ,16,CORDOBA,213,498,36161,0,6525,0,2491,4634,2994,18268,6653,3902,,44903,0,,,,,,,,,,,,,,,,,,,,,,,578,8151,135260,283412,0.4773,Aguilar Yunes Marco Antonio,Hazouri Mansur Jesús Antonio
30,VERACRUZ,17,COSAMALOAPAN,288,586,36373,0,4840,0,2105,1682,2389,13364,1660,1930,,62308,0,,,,,,,,,,,,,,,,,,,,,,,139,6592,133382,310754,0.4292,Antonio Tarek Abdala Saad,Carlos Joaquín Sosa López
30,VERACRUZ,18,ZONGOLICA,218,459,31452,0,22433,0,3929,9801,1866,10052,1383,2160,,41400,0,,,,,,,,,,,,,,,,,,,,,,,167,7896,132539,254865,0.52,Lillian Zepahua Garcia,Maricela Espinoza Silva
30,VERACRUZ,19,SAN ANDRES TUXTLA,215,459,15729,0,12026,0,2267,1002,2704,13365,2459,4136,,61312,0,,,,,,,,,,,,,,,,,,,,,,,490,4860,120350,256058,0.47,Jorge Alejandro Carvallo Delfin,Juan Carlos Perrotin Cadena
30,VERACRUZ,20,ACAYUCAN,207,447,9707,0,3794,0,3691,2011,1561,11557,1320,1401,,73581,0,,,,,,,,,,,,,,,,,,,,,,,60,4806,113489,244057,0.465,Erick Alejandro Lagos Hernández,Víctor Manuel Pavón Ríos
30,VERACRUZ,21,COSOLEACAQUE,220,484,15921,0,11325,0,2408,1413,1353,15444,1125,1762,,44411,0,,,,,,,,,,,,,,,,,,,,,,,84,5076,100322,264699,0.379,Cirilo Vázquez Parissi,Victorino Cruz Campos
31,YUCATAN,1,VALLADOLID,225,456,70618,0,13156,0,690,1620,2552,9985,310,402,,100137,0,,,,,,,,,,,,,,,,,,,,,,,17,3104,202591,251937,0.8041,Liborio Vidal Aguilar,Pedro Tec Tun
31,YUCATAN,2,PROGRESO,221,497,68031,0,9548,0,1058,1901,15730,5886,1122,799,,98178,0,,,,,,,,,,,,,,,,,,,,,,,52,4726,207031,281245,0.7361,Lucely Del Perpetuo Socorro Alpizar Carrillo,Sinthia Del Carmen Alvarado Canche
31,YUCATAN,3,MERIDA,259,601,75571,0,2737,0,1196,6765,2874,9011,1676,2929,,93515,0,,,,,,,,,,,,,,,,,,,,,,,187,6496,202957,341507,0.5943,Pablo Gamboa Miner,Omar Corzo Olan
31,YUCATAN,4,MERIDA,211,494,73166,0,1997,0,905,5287,2247,6472,1317,1942,,74391,0,,,,,,,,,,,,,,,,,,,,,,,120,5545,173389,286024,0.6062,Francisco Alberto Torres Rivas,Fernando Jose Vega Espinosa
31,YUCATAN,5,TICUL,200,481,71888,0,20950,0,1765,806,3057,4313,636,786,,112630,0,,,,,,,,,,,,,,,,,,,,,,,31,5301,222163,275895,0.8052,Felipe Cervera Hernández,Rafael Chan Magaña
32,ZACATECAS,1,FRESNILLO,399,572,8404,0,0,0,0,1269,3391,4649,2381,4645,,45712,44640,,,,,,,,,,,,,,,,,,,,,,,79,4870,120040,272780,0.4401,Benjamín Medrano Quezada,José Luis Velázquez González
32,ZACATECAS,2,JEREZ,570,683,36035,0,0,0,0,822,2751,3303,1412,1711,,55545,21429,,,,,,,,,,,,,,,,,,,,,,,70,4934,128012,267184,0.4791,Francisco Escobedo Villegas,Aurelio Argüelles Martinez
32,ZACATECAS,3,ZACATECAS,409,592,9552,0,20385,0,12196,2911,3484,8035,3094,2894,,49780,0,,,,,,,,,,,,,,,,,,,,,,,156,6116,118603,267915,0.4427,Claudia Edith Anaya Mota,Elizabeth Hernández Calderon
32,ZACATECAS,4,GUADALUPE,377,592,6428,0,16453,0,18366,2006,3588,20409,2466,2632,,55010,0,,,,,,,,,,,,,,,,,,,,,,,136,6519,134013,295836,0.453,Araceli Guerrero Esquivel,María Dolores Serna Ibarra