CIRCUNSCRIPCION,ID_ESTADO,NOMBRE_ESTADO,ID_DISTRITO_FEDERAL,CABECERA_DISTRITAL_FEDERAL,ID_MUNICIPIO,MUNICIPIO,SECCION,CASILLAS,PAN,PRI,PRD,PVEM,PT,MC,MORENA,PVEM_PT_MORENA,PVEM_PT,PVEM_MORENA,PT_MORENA,NUM_VOTOS_CAN_NREG,NUM_VOTOS_NULOS,TOTAL_VOTOS,LISTA_NOMINAL
1,18,NAYARIT,0,VOTO EN EL EXTRANJERO,0,VOTO EN EL EXTRANJERO,0,,13,9,5,7,4,46,155,11,0,4,2,1,4,261,994
1,18,NAYARIT,1,SANTIAGO IXCUINTLA,1,ACAPONETA,1,1,1,3,1,0,4,24,54,0,0,0,0,0,0,87,537
1,18,NAYARIT,1,SANTIAGO IXCUINTLA,1,ACAPONETA,2,2,0,2,15,4,5,47,42,0,0,0,0,0,4,119,1106
1,18,NAYARIT,1,SANTIAGO IXCUINTLA,1,ACAPONETA,3,3,2,2,28,1,8,123,53,0,0,0,1,0,6,224,2137
1,18,NAYARIT,1,SANTIAGO IXCUINTLA,1,ACAPONETA,4,1,0,5,7,3,8,29,45,0,0,0,0,0,2,99,721
1,18,NAYARIT,1,SANTIAGO IXCUINTLA,1,ACAPONETA,5,2,0,1,4,5,7,46,57,0,0,0,0,0,3,123,1008
1,18,NAYARIT,1,SANTIAGO IXCUINTLA,1,ACAPONETA,6,1,1,4,1,0,5,47,37,0,0,0,0,0,0,95,456
1,18,NAYARIT,1,SANTIAGO IXCUINTLA,1,ACAPONETA,7,1,0,7,1,1,5,52,47,0,0,0,0,0,1,114,487
1,18,NAYARIT,1,SANTIAGO IXCUINTLA,1,ACAPONETA,8,2,1,8,4,9,3,29,60,0,0,1,0,0,2,117,869
1,18,NAYARIT,1,SANTIAGO IXCUINTLA,1,ACAPONETA,9,2,1,6,2,8,10,100,120,2,0,0,0,0,2,251,1458
1,18,NAYARIT,1,SANTIAGO IXCUINTLA,1,ACAPONETA,10,2,0,5,7,13,7,76,49,0,0,0,2,0,4,163,1048
1,18,NAYARIT,1,SANTIAGO IXCUINTLA,1,ACAPONETA,11,1,0,2,3,1,1,28,19,0,0,0,0,0,0,54,318
1,18,NAYARIT,1,SANTIAGO IXCUINTLA,1,ACAPONETA,12,1,1,5,0,2,2,62,44,0,0,0,0,0,2,118,623
1,18,NAYARIT,1,SANTIAGO IXCUINTLA,1,ACAPONETA,13,1,1,1,4,1,1,53,44,1,0,0,0,0,0,106,591
1,18,NAYARIT,1,SANTIAGO IXCUINTLA,1,ACAPONETA,14,1,1,4,1,0,0,36,13,0,0,0,0,0,1,56,254
1,18,NAYARIT,1,SANTIAGO IXCUINTLA,1,ACAPONETA,15,1,1,2,1,5,0,47,24,0,0,0,0,0,2,82,446
1,18,NAYARIT,1,SANTIAGO IXCUINTLA,1,ACAPONETA,16,2,0,4,19,7,7,61,52,1,0,0,2,0,1,154,1026
1,18,NAYARIT,1,SANTIAGO IXCUINTLA,1,ACAPONETA,17,2,0,2,8,3,2,65,43,3,0,0,0,0,3,129,867
1,18,NAYARIT,1,SANTIAGO IXCUINTLA,1,ACAPONETA,18,2,0,0,3,7,4,56,46,1,0,1,0,0,3,121,897
1,18,NAYARIT,1,SANTIAGO IXCUINTLA,1,ACAPONETA,19,1,1,5,2,0,4,4,19,0,0,0,0,0,3,38,108
1,18,NAYARIT,1,SANTIAGO IXCUINTLA,1,ACAPONETA,20,1,1,7,9,1,0,9,17,0,0,0,0,0,2,46,252
1,18,NAYARIT,1,SANTIAGO IXCUINTLA,1,ACAPONETA,21,1,2,3,2,4,31,37,26,0,0,0,0,0,0,105,401
1,18,NAYARIT,1,SANTIAGO IXCUINTLA,1,ACAPONETA,22,1,0,1,2,2,18,0,45,0,0,0,1,0,2,71,224
1,18,NAYARIT,1,SANTIAGO IXCUINTLA,1,ACAPONETA,23,1,0,0,7,0,8,16,66,1,0,0,0,0,3,101,574
1,18,NAYARIT,1,SANTIAGO IXCUINTLA,1,ACAPONETA,24,2,1,3,4,2,19,52,32,0,0,0,1,0,2,116,810
1,18,NAYARIT,1,SANTIAGO IXCUINTLA,1,ACAPONETA,25,1,0,2,4,1,0,3,11,0,0,0,0,0,0,21,113
1,18,NAYARIT,1,SANTIAGO IXCUINTLA,1,ACAPONETA,26,1,0,0,3,0,4,8,11,0,0,0,0,0,1,27,189
1,18,NAYARIT,1,SANTIAGO IXCUINTLA,1,ACAPONETA,27,1,0,8,0,0,0,7,20,1,0,0,0,0,5,41,559
1,18,NAYARIT,1,SANTIAGO IXCUINTLA,1,ACAPONETA,28,1,2,20,1,0,2,15,30,0,1,0,0,0,3,74,358
1,18,NAYARIT,1,SANTIAGO IXCUINTLA,1,ACAPONETA,29,1,3,3,0,2,1,5,11,0,0,0,1,0,1,27,150
1,18,NAYARIT,1,SANTIAGO IXCUINTLA,1,ACAPONETA,30,1,3,2,1,0,0,5,22,0,0,0,0,0,1,34,243
1,18,NAYARIT,1,SANTIAGO IXCUINTLA,1,ACAPONETA,31,1,1,3,1,3,5,33,51,0,0,0,1,0,2,100,291
1,18,NAYARIT,1,SANTIAGO IXCUINTLA,1,ACAPONETA,32,1,4,20,2,2,5,40,35,0,1,0,1,0,1,111,362
1,18,NAYARIT,1,SANTIAGO IXCUINTLA,1,ACAPONETA,33,2,1,3,11,2,10,25,63,0,0,0,0,0,1,116,791
1,18,NAYARIT,1,SANTIAGO IXCUINTLA,1,ACAPONETA,34,1,2,3,0,1,2,7,37,0,0,0,0,0,1,53,322
1,18,NAYARIT,1,SANTIAGO IXCUINTLA,1,ACAPONETA,35,1,2,0,2,0,4,25,17,0,0,0,0,0,1,51,109
1,18,NAYARIT,1,SANTIAGO IXCUINTLA,1,ACAPONETA,36,1,2,1,2,5,6,30,46,0,0,0,0,0,2,94,747
1,18,NAYARIT,1,SANTIAGO IXCUINTLA,1,ACAPONETA,37,1,1,2,1,1,3,5,95,0,0,0,0,0,1,109,278
1,18,NAYARIT,1,SANTIAGO IXCUINTLA,1,ACAPONETA,38,2,2,4,4,0,9,89,95,0,0,0,0,0,7,210,980
1,18,NAYARIT,1,SANTIAGO IXCUINTLA,1,ACAPONETA,39,2,1,0,2,3,12,60,92,0,0,0,0,0,2,172,799
1,18,NAYARIT,1,SANTIAGO IXCUINTLA,1,ACAPONETA,40,1,3,1,7,2,13,48,61,0,0,0,0,0,1,136,742
1,18,NAYARIT,1,SANTIAGO IXCUINTLA,1,ACAPONETA,41,1,1,2,5,3,14,16,35,1,0,0,0,0,0,77,333
1,18,NAYARIT,1,SANTIAGO IXCUINTLA,1,ACAPONETA,43,1,1,2,0,3,42,31,72,0,0,0,1,0,3,155,718
1,18,NAYARIT,1,SANTIAGO IXCUINTLA,1,ACAPONETA,44,1,0,2,1,0,1,6,17,0,0,0,0,0,1,28,140
1,18,NAYARIT,1,SANTIAGO IXCUINTLA,1,ACAPONETA,45,1,0,0,0,3,18,9,2,0,0,0,0,0,0,32,231
1,18,NAYARIT,1,SANTIAGO IXCUINTLA,1,ACAPONETA,46,2,11,1,4,2,41,32,58,1,0,0,2,0,1,153,841
1,18,NAYARIT,1,SANTIAGO IXCUINTLA,1,ACAPONETA,47,2,1,4,12,9,4,52,40,1,0,0,0,0,4,127,674
1,18,NAYARIT,1,SANTIAGO IXCUINTLA,1,ACAPONETA,48,1,1,0,1,2,25,5,21,0,0,0,0,0,0,55,246
1,18,NAYARIT,1,SANTIAGO IXCUINTLA,6,HUAJICORI,196,2,1,25,27,7,9,103,132,2,0,0,0,0,5,311,1481
1,18,NAYARIT,1,SANTIAGO IXCUINTLA,6,HUAJICORI,197,2,1,16,14,3,8,73,154,2,0,0,1,0,5,277,1131
1,18,NAYARIT,1,SANTIAGO IXCUINTLA,6,HUAJICORI,198,1,2,5,1,6,7,4,67,0,0,0,0,0,3,95,304
1,18,NAYARIT,1,SANTIAGO IXCUINTLA,6,HUAJICORI,199,1,0,4,3,1,1,29,17,0,0,0,0,0,0,55,283
1,18,NAYARIT,1,SANTIAGO IXCUINTLA,6,HUAJICORI,200,1,0,4,0,0,0,19,41,0,0,0,0,0,0,64,226
1,18,NAYARIT,1,SANTIAGO IXCUINTLA,6,HUAJICORI,201,1,1,2,0,1,1,20,23,0,0,0,0,0,0,48,267
1,18,NAYARIT,1,SANTIAGO IXCUINTLA,6,HUAJICORI,202,1,0,12,2,12,6,37,123,1,0,1,1,0,9,204,737
1,18,NAYARIT,1,SANTIAGO IXCUINTLA,6,HUAJICORI,203,3,1,16,2,2,9,73,107,0,0,0,0,0,6,216,826
1,18,NAYARIT,1,SANTIAGO IXCUINTLA,6,HUAJICORI,204,1,0,0,1,1,1,33,29,0,0,0,0,0,1,66,201
1,18,NAYARIT,1,SANTIAGO IXCUINTLA,6,HUAJICORI,205,1,0,4,2,2,0,16,43,0,0,0,0,0,3,70,210
1,18,NAYARIT,1,SANTIAGO IXCUINTLA,6,HUAJICORI,206,1,2,9,34,1,1,15,35,0,0,0,0,0,1,98,228
1,18,NAYARIT,1,SANTIAGO IXCUINTLA,6,HUAJICORI,207,1,2,4,2,1,4,16,54,0,0,0,0,0,0,83,302
1,18,NAYARIT,1,SANTIAGO IXCUINTLA,6,HUAJICORI,208,1,7,3,14,0,4,68,57,1,1,0,0,0,1,156,422
1,18,NAYARIT,1,SANTIAGO IXCUINTLA,6,HUAJICORI,209,1,0,1,3,1,0,27,40,0,0,0,0,0,1,73,220
1,18,NAYARIT,1,SANTIAGO IXCUINTLA,6,HUAJICORI,210,1,3,5,4,2,4,16,62,1,0,0,0,0,3,100,395
1,18,NAYARIT,1,SANTIAGO IXCUINTLA,6,HUAJICORI,211,1,0,6,2,1,1,62,30,0,0,1,0,0,0,103,270
1,18,NAYARIT,1,SANTIAGO IXCUINTLA,6,HUAJICORI,212,1,1,3,1,2,2,7,50,0,0,0,0,0,0,66,258
1,18,NAYARIT,1,SANTIAGO IXCUINTLA,6,HUAJICORI,213,1,1,7,1,1,0,36,29,0,0,0,1,0,0,76,273
1,18,NAYARIT,1,SANTIAGO IXCUINTLA,6,HUAJICORI,214,1,1,9,2,2,1,27,30,0,0,0,0,0,0,72,316
1,18,NAYARIT,1,SANTIAGO IXCUINTLA,9,DEL NAYAR,257,2,15,11,4,2,9,52,32,0,0,0,0,0,3,128,1132
1,18,NAYARIT,1,SANTIAGO IXCUINTLA,9,DEL NAYAR,258,4,23,42,0,2,9,66,44,0,0,0,2,0,7,195,2382
1,18,NAYARIT,1,SANTIAGO IXCUINTLA,9,DEL NAYAR,260,2,19,9,3,7,7,52,34,1,0,0,0,0,4,136,971
1,18,NAYARIT,1,SANTIAGO IXCUINTLA,9,DEL NAYAR,261,1,3,7,1,3,5,28,32,0,0,0,0,0,0,79,619
1,18,NAYARIT,1,SANTIAGO IXCUINTLA,9,DEL NAYAR,262,2,16,29,1,21,95,23,302,0,1,0,2,2,18,510,1153
1,18,NAYARIT,1,SANTIAGO IXCUINTLA,9,DEL NAYAR,263,1,0,1,0,2,8,10,16,0,0,0,0,0,2,39,152
1,18,NAYARIT,1,SANTIAGO IXCUINTLA,9,DEL NAYAR,264,2,7,18,3,1,6,30,18,1,0,0,0,0,2,86,714
1,18,NAYARIT,1,SANTIAGO IXCUINTLA,9,DEL NAYAR,265,1,23,10,2,5,7,17,14,0,0,0,0,0,5,83,435
1,18,NAYARIT,1,SANTIAGO IXCUINTLA,9,DEL NAYAR,266,1,2,6,0,0,2,0,9,0,0,0,0,0,1,20,594
1,18,NAYARIT,1,SANTIAGO IXCUINTLA,9,DEL NAYAR,267,6,42,108,19,29,65,50,64,1,0,1,1,0,21,401,2992
1,18,NAYARIT,1,SANTIAGO IXCUINTLA,9,DEL NAYAR,268,3,1,41,0,3,6,84,16,0,1,0,0,0,7,159,1606
1,18,NAYARIT,1,SANTIAGO IXCUINTLA,9,DEL NAYAR,269,2,3,10,0,7,1,46,17,0,1,0,0,0,6,91,1198
1,18,NAYARIT,1,SANTIAGO IXCUINTLA,9,DEL NAYAR,270,5,43,32,3,19,75,127,89,4,1,0,0,0,11,404,2797
1,18,NAYARIT,1,SANTIAGO IXCUINTLA,9,DEL NAYAR,271,2,5,27,7,19,8,54,60,0,2,0,0,0,13,195,925
1,18,NAYARIT,1,SANTIAGO IXCUINTLA,9,DEL NAYAR,272,2,3,34,0,19,12,23,110,2,2,1,0,0,4,210,861
1,18,NAYARIT,1,SANTIAGO IXCUINTLA,9,DEL NAYAR,273,2,8,18,2,10,27,96,109,2,1,0,4,0,11,288,1145
1,18,NAYARIT,1,SANTIAGO IXCUINTLA,9,DEL NAYAR,274,2,16,5,1,3,18,22,27,1,1,0,0,0,3,97,1103
1,18,NAYARIT,1,SANTIAGO IXCUINTLA,9,DEL NAYAR,275,2,3,37,1,12,6,50,62,0,1,0,0,0,3,175,693
1,18,NAYARIT,1,SANTIAGO IXCUINTLA,9,DEL NAYAR,276,4,5,58,2,27,19,101,110,2,0,1,0,0,2,327,1677
1,18,NAYARIT,1,SANTIAGO IXCUINTLA,9,DEL NAYAR,987,3,19,120,10,33,154,27,138,0,2,0,2,0,25,530,1884
1,18,NAYARIT,1,SANTIAGO IXCUINTLA,9,DEL NAYAR,988,1,6,19,1,6,32,3,101,0,0,0,0,0,4,172,622
1,18,NAYARIT,1,SANTIAGO IXCUINTLA,9,DEL NAYAR,989,2,15,64,7,23,107,15,106,1,0,0,0,0,18,356,1218
1,18,NAYARIT,1,SANTIAGO IXCUINTLA,9,DEL NAYAR,990,1,0,5,0,3,24,3,51,0,1,0,0,0,5,92,308
1,18,NAYARIT,1,SANTIAGO IXCUINTLA,10,ROSAMORADA,277,3,11,10,6,3,63,83,81,3,1,0,0,0,2,263,1044
1,18,NAYARIT,1,SANTIAGO IXCUINTLA,10,ROSAMORADA,278,2,0,19,0,2,32,44,43,1,0,0,1,0,6,148,543
1,18,NAYARIT,1,SANTIAGO IXCUINTLA,10,ROSAMORADA,279,1,0,10,0,0,18,31,14,0,0,0,0,0,1,74,201
1,18,NAYARIT,1,SANTIAGO IXCUINTLA,10,ROSAMORADA,280,1,4,7,0,0,15,19,15,0,0,0,0,0,2,62,241
1,18,NAYARIT,1,SANTIAGO IXCUINTLA,10,ROSAMORADA,281,1,6,0,0,0,36,63,51,0,0,0,1,0,4,161,698
1,18,NAYARIT,1,SANTIAGO IXCUINTLA,10,ROSAMORADA,282,1,1,9,0,2,13,48,46,0,0,0,0,0,2,121,541
1,18,NAYARIT,1,SANTIAGO IXCUINTLA,10,ROSAMORADA,283,1,2,6,3,1,64,31,34,1,0,0,0,0,0,142,664
1,18,NAYARIT,1,SANTIAGO IXCUINTLA,10,ROSAMORADA,284,1,0,2,1,0,7,7,17,0,0,0,1,0,0,35,195
1,18,NAYARIT,1,SANTIAGO IXCUINTLA,10,ROSAMORADA,285,1,3,5,0,2,25,30,56,0,0,0,1,0,3,125,462
1,18,NAYARIT,1,SANTIAGO IXCUINTLA,10,ROSAMORADA,286,2,2,8,0,1,38,26,31,1,0,0,2,0,4,113,872
1,18,NAYARIT,1,SANTIAGO IXCUINTLA,10,ROSAMORADA,287,1,1,12,1,0,30,19,44,1,1,0,0,0,1,110,482
1,18,NAYARIT,1,SANTIAGO IXCUINTLA,10,ROSAMORADA,288,2,1,16,1,2,44,22,51,1,0,0,0,0,0,138,853
1,18,NAYARIT,1,SANTIAGO IXCUINTLA,10,ROSAMORADA,289,2,10,14,3,1,13,65,69,1,1,0,0,0,1,178,834
1,18,NAYARIT,1,SANTIAGO IXCUINTLA,10,ROSAMORADA,290,1,2,13,1,1,50,58,33,0,0,0,0,0,5,163,715
1,18,NAYARIT,1,SANTIAGO IXCUINTLA,10,ROSAMORADA,291,3,2,43,1,2,30,59,43,0,0,0,1,0,3,184,1124
1,18,NAYARIT,1,SANTIAGO IXCUINTLA,10,ROSAMORADA,292,2,2,36,0,9,21,20,49,0,0,0,0,0,3,140,522
1,18,NAYARIT,1,SANTIAGO IXCUINTLA,10,ROSAMORADA,293,1,0,9,0,1,3,11,36,0,0,0,0,0,2,62,257
1,18,NAYARIT,1,SANTIAGO IXCUINTLA,10,ROSAMORADA,294,1,0,6,0,1,1,9,5,0,0,0,0,0,0,22,159
1,18,NAYARIT,1,SANTIAGO IXCUINTLA,10,ROSAMORADA,295,2,1,3,0,2,20,47,43,0,0,0,1,0,2,119,771
1,18,NAYARIT,1,SANTIAGO IXCUINTLA,10,ROSAMORADA,296,1,3,6,1,3,5,29,67,0,1,0,2,0,0,117,556
1,18,NAYARIT,1,SANTIAGO IXCUINTLA,10,ROSAMORADA,297,1,3,8,0,3,15,40,19,0,0,0,0,0,0,88,443
1,18,NAYARIT,1,SANTIAGO IXCUINTLA,10,ROSAMORADA,298,1,2,10,0,0,23,26,26,0,0,0,0,0,2,89,542
1,18,NAYARIT,1,SANTIAGO IXCUINTLA,10,ROSAMORADA,299,1,0,4,0,0,11,52,38,1,0,0,0,0,4,110,522
1,18,NAYARIT,1,SANTIAGO IXCUINTLA,10,ROSAMORADA,300,1,2,4,1,1,31,19,25,1,1,1,1,0,2,89,600
1,18,NAYARIT,1,SANTIAGO IXCUINTLA,10,ROSAMORADA,301,2,0,16,6,2,24,44,76,0,1,0,0,0,2,171,1037
1,18,NAYARIT,1,SANTIAGO IXCUINTLA,10,ROSAMORADA,302,1,1,12,14,0,36,32,43,0,0,0,0,0,1,139,729
1,18,NAYARIT,1,SANTIAGO IXCUINTLA,10,ROSAMORADA,303,1,0,4,2,2,45,20,31,1,0,0,0,0,2,107,445
1,18,NAYARIT,1,SANTIAGO IXCUINTLA,10,ROSAMORADA,304,1,0,1,9,0,33,25,32,0,0,0,0,0,3,103,587
1,18,NAYARIT,1,SANTIAGO IXCUINTLA,10,ROSAMORADA,305,1,1,3,1,2,41,8,62,0,0,0,0,0,0,118,463
1,18,NAYARIT,1,SANTIAGO IXCUINTLA,10,ROSAMORADA,306,2,0,2,2,7,46,23,143,0,1,0,2,0,6,232,866
1,18,NAYARIT,1,SANTIAGO IXCUINTLA,10,ROSAMORADA,307,1,2,3,3,5,26,21,30,0,0,0,0,0,0,90,520
1,18,NAYARIT,1,SANTIAGO IXCUINTLA,10,ROSAMORADA,308,1,0,13,9,14,31,22,24,1,0,0,0,0,3,117,441
1,18,NAYARIT,1,SANTIAGO IXCUINTLA,10,ROSAMORADA,309,1,1,3,1,1,34,46,69,1,0,0,1,0,5,162,691
1,18,NAYARIT,1,SANTIAGO IXCUINTLA,10,ROSAMORADA,310,2,2,5,7,3,63,134,150,3,1,0,1,0,7,376,1200
1,18,NAYARIT,1,SANTIAGO IXCUINTLA,10,ROSAMORADA,311,2,1,4,7,4,114,133,135,4,1,1,2,0,4,410,1455
1,18,NAYARIT,1,SANTIAGO IXCUINTLA,10,ROSAMORADA,312,1,2,5,1,2,45,61,52,0,1,0,1,0,4,174,541
1,18,NAYARIT,1,SANTIAGO IXCUINTLA,10,ROSAMORADA,313,1,0,4,2,1,33,34,70,7,1,0,3,0,1,156,500
1,18,NAYARIT,1,SANTIAGO IXCUINTLA,10,ROSAMORADA,314,1,0,11,1,1,12,48,62,0,0,0,1,0,4,140,611
1,18,NAYARIT,1,SANTIAGO IXCUINTLA,10,ROSAMORADA,315,1,0,7,1,4,20,45,65,1,1,0,0,0,1,145,734
1,18,NAYARIT,1,SANTIAGO IXCUINTLA,10,ROSAMORADA,316,1,2,2,1,0,12,22,20,0,0,0,1,0,0,60,396
1,18,NAYARIT,1,SANTIAGO IXCUINTLA,10,ROSAMORADA,317,1,0,5,1,2,33,13,15,1,0,0,1,0,5,76,421
1,18,NAYARIT,1,SANTIAGO IXCUINTLA,10,ROSAMORADA,318,1,1,1,0,0,45,10,30,1,0,0,0,0,1,89,503
1,18,NAYARIT,1,SANTIAGO IXCUINTLA,10,ROSAMORADA,319,1,4,17,3,7,14,12,72,0,0,0,0,0,3,132,311
1,18,NAYARIT,1,SANTIAGO IXCUINTLA,11,RUIZ,320,3,5,5,8,1,16,98,105,1,1,0,0,0,5,245,1711
1,18,NAYARIT,1,SANTIAGO IXCUINTLA,11,RUIZ,321,2,6,3,1,1,5,100,74,0,0,0,0,0,2,192,882
1,18,NAYARIT,1,SANTIAGO IXCUINTLA,11,RUIZ,322,2,4,2,3,2,7,59,96,0,0,0,0,1,1,175,1012
1,18,NAYARIT,1,SANTIAGO IXCUINTLA,11,RUIZ,323,2,3,3,4,1,6,75,112,1,0,2,0,0,3,210,1432
1,18,NAYARIT,1,SANTIAGO IXCUINTLA,11,RUIZ,324,2,2,4,5,0,2,45,78,3,4,0,0,0,3,146,775
1,18,NAYARIT,1,SANTIAGO IXCUINTLA,11,RUIZ,325,1,0,3,0,1,2,36,49,1,0,0,0,0,1,93,473
1,18,NAYARIT,1,SANTIAGO IXCUINTLA,11,RUIZ,326,1,2,2,2,1,0,67,51,1,1,0,0,0,3,130,701
1,18,NAYARIT,1,SANTIAGO IXCUINTLA,11,RUIZ,327,2,1,2,1,1,2,34,72,0,0,1,1,0,5,120,830
1,18,NAYARIT,1,SANTIAGO IXCUINTLA,11,RUIZ,328,2,6,7,3,3,1,53,92,1,1,0,0,0,2,169,884
1,18,NAYARIT,1,SANTIAGO IXCUINTLA,11,RUIZ,329,2,1,6,0,2,1,50,92,2,0,0,0,0,2,156,765
1,18,NAYARIT,1,SANTIAGO IXCUINTLA,11,RUIZ,330,1,0,4,1,0,1,28,39,0,0,0,0,0,1,74,425
1,18,NAYARIT,1,SANTIAGO IXCUINTLA,11,RUIZ,331,2,3,3,4,1,3,88,123,2,0,0,0,0,8,235,892
1,18,NAYARIT,1,SANTIAGO IXCUINTLA,11,RUIZ,332,1,1,24,1,4,0,12,15,0,0,0,0,0,0,57,166
1,18,NAYARIT,1,SANTIAGO IXCUINTLA,11,RUIZ,333,2,8,25,4,60,5,48,139,0,1,5,0,0,9,304,1179
1,18,NAYARIT,1,SANTIAGO IXCUINTLA,11,RUIZ,334,2,3,14,3,19,3,17,29,0,0,0,0,0,2,90,374
1,18,NAYARIT,1,SANTIAGO IXCUINTLA,11,RUIZ,335,1,0,6,1,3,3,6,6,1,1,0,0,0,1,28,233
1,18,NAYARIT,1,SANTIAGO IXCUINTLA,11,RUIZ,336,1,3,2,0,8,1,11,101,6,0,0,1,0,3,136,409
1,18,NAYARIT,1,SANTIAGO IXCUINTLA,11,RUIZ,337,1,0,5,3,15,1,25,41,0,0,0,1,0,8,99,710
1,18,NAYARIT,1,SANTIAGO IXCUINTLA,11,RUIZ,338,1,2,1,0,3,3,14,57,0,0,2,0,0,0,82,501
1,18,NAYARIT,1,SANTIAGO IXCUINTLA,11,RUIZ,339,1,0,1,0,3,7,3,23,1,0,0,0,0,4,42,145
1,18,NAYARIT,1,SANTIAGO IXCUINTLA,11,RUIZ,340,1,1,3,4,0,33,22,48,0,0,0,1,0,0,112,357
1,18,NAYARIT,1,SANTIAGO IXCUINTLA,11,RUIZ,341,1,2,4,1,4,69,24,53,0,0,0,0,0,6,163,660
1,18,NAYARIT,1,SANTIAGO IXCUINTLA,11,RUIZ,342,1,2,2,0,1,4,10,60,0,0,0,0,0,4,83,294
1,18,NAYARIT,1,SANTIAGO IXCUINTLA,11,RUIZ,343,2,1,11,1,5,3,44,112,3,0,0,0,0,1,181,805
1,18,NAYARIT,1,SANTIAGO IXCUINTLA,11,RUIZ,344,1,0,6,1,2,7,15,35,2,0,0,0,0,2,70,457
1,18,NAYARIT,1,SANTIAGO IXCUINTLA,11,RUIZ,345,1,1,4,0,2,16,16,68,0,0,0,4,0,5,116,375
1,18,NAYARIT,1,SANTIAGO IXCUINTLA,11,RUIZ,346,2,6,13,1,5,5,15,59,2,0,1,0,0,9,116,635
1,18,NAYARIT,1,SANTIAGO IXCUINTLA,12,SAN BLAS,347,3,8,15,19,1,6,91,126,0,1,0,0,0,4,271,1723
1,18,NAYARIT,1,SANTIAGO IXCUINTLA,12,SAN BLAS,348,3,10,6,6,11,0,58,48,0,0,0,1,0,1,141,1672
1,18,NAYARIT,1,SANTIAGO IXCUINTLA,12,SAN BLAS,349,2,10,5,10,4,1,64,36,1,0,0,1,0,2,134,1005
1,18,NAYARIT,1,SANTIAGO IXCUINTLA,12,SAN BLAS,350,3,9,6,9,9,4,100,99,0,0,0,1,0,6,243,967
1,18,NAYARIT,1,SANTIAGO IXCUINTLA,12,SAN BLAS,351,2,1,1,0,0,0,42,46,0,0,0,0,0,3,93,783
1,18,NAYARIT,1,SANTIAGO IXCUINTLA,12,SAN BLAS,352,3,5,8,12,5,0,74,59,1,0,0,1,0,4,169,1655
1,18,NAYARIT,1,SANTIAGO IXCUINTLA,12,SAN BLAS,353,1,41,7,1,4,3,22,46,1,0,1,0,0,2,128,428
1,18,NAYARIT,1,SANTIAGO IXCUINTLA,12,SAN BLAS,354,1,2,13,1,4,2,23,60,1,0,0,0,0,3,109,300
1,18,NAYARIT,1,SANTIAGO IXCUINTLA,12,SAN BLAS,355,1,1,2,0,0,1,13,27,0,0,0,0,0,1,45,240
1,18,NAYARIT,1,SANTIAGO IXCUINTLA,12,SAN BLAS,356,2,2,1,1,1,0,16,70,1,0,0,0,0,0,92,793
1,18,NAYARIT,1,SANTIAGO IXCUINTLA,12,SAN BLAS,357,1,2,3,0,3,2,17,64,1,0,0,1,0,2,95,603
1,18,NAYARIT,1,SANTIAGO IXCUINTLA,12,SAN BLAS,358,1,0,6,1,1,2,22,24,0,0,0,0,0,5,61,380
1,18,NAYARIT,1,SANTIAGO IXCUINTLA,12,SAN BLAS,359,1,0,4,2,1,1,31,22,3,0,0,0,0,2,66,640
1,18,NAYARIT,1,SANTIAGO IXCUINTLA,12,SAN BLAS,360,1,1,5,0,3,5,51,47,0,0,0,0,0,2,114,735
1,18,NAYARIT,1,SANTIAGO IXCUINTLA,12,SAN BLAS,361,2,1,9,0,1,2,65,45,0,1,0,1,0,2,127,929
1,18,NAYARIT,1,SANTIAGO IXCUINTLA,12,SAN BLAS,362,1,0,1,0,1,1,21,15,0,0,0,0,0,0,39,284
1,18,NAYARIT,1,SANTIAGO IXCUINTLA,12,SAN BLAS,364,1,0,1,0,2,0,10,13,0,0,0,0,0,0,26,123
1,18,NAYARIT,1,SANTIAGO IXCUINTLA,12,SAN BLAS,365,1,0,2,0,0,0,21,18,0,0,0,0,0,0,41,431
1,18,NAYARIT,1,SANTIAGO IXCUINTLA,12,SAN BLAS,366,1,2,4,1,1,1,5,22,1,0,0,0,0,0,37,583
1,18,NAYARIT,1,SANTIAGO IXCUINTLA,12,SAN BLAS,367,2,0,0,1,0,0,27,44,0,0,0,0,0,1,73,1186
1,18,NAYARIT,1,SANTIAGO IXCUINTLA,12,SAN BLAS,368,1,0,8,0,1,0,22,33,0,0,0,0,0,1,65,412
1,18,NAYARIT,1,SANTIAGO IXCUINTLA,12,SAN BLAS,369,1,1,3,0,2,2,15,36,1,0,0,0,0,1,61,474
1,18,NAYARIT,1,SANTIAGO IXCUINTLA,12,SAN BLAS,370,1,3,2,1,5,2,24,45,0,0,0,0,0,0,82,483
1,18,NAYARIT,1,SANTIAGO IXCUINTLA,12,SAN BLAS,372,1,0,2,1,1,0,4,10,0,0,0,1,0,0,19,242
1,18,NAYARIT,1,SANTIAGO IXCUINTLA,12,SAN BLAS,373,1,0,4,0,3,2,24,19,1,0,0,0,0,0,53,390
1,18,NAYARIT,1,SANTIAGO IXCUINTLA,12,SAN BLAS,374,1,0,2,0,0,0,14,4,0,0,0,0,0,0,20,165
1,18,NAYARIT,1,SANTIAGO IXCUINTLA,12,SAN BLAS,375,1,2,8,0,0,0,11,14,0,0,0,0,0,2,37,155
1,18,NAYARIT,1,SANTIAGO IXCUINTLA,12,SAN BLAS,376,2,2,8,0,2,1,53,49,0,0,0,0,0,5,120,1160
1,18,NAYARIT,1,SANTIAGO IXCUINTLA,12,SAN BLAS,378,2,0,10,4,0,0,48,50,0,0,0,0,0,2,114,315
1,18,NAYARIT,1,SANTIAGO IXCUINTLA,12,SAN BLAS,380,1,2,7,0,1,0,22,19,1,0,0,0,0,1,53,163
1,18,NAYARIT,1,SANTIAGO IXCUINTLA,12,SAN BLAS,381,1,1,0,0,9,0,3,12,1,0,0,0,0,1,27,147
1,18,NAYARIT,1,SANTIAGO IXCUINTLA,12,SAN BLAS,382,2,2,15,0,1,1,46,27,0,0,0,0,0,2,94,1170
1,18,NAYARIT,1,SANTIAGO IXCUINTLA,12,SAN BLAS,383,2,0,5,1,0,1,27,47,1,0,0,0,0,2,84,889
1,18,NAYARIT,1,SANTIAGO IXCUINTLA,12,SAN BLAS,384,1,2,3,1,5,0,22,25,0,0,4,0,0,2,64,355
1,18,NAYARIT,1,SANTIAGO IXCUINTLA,12,SAN BLAS,385,2,1,1,0,7,0,18,36,0,0,0,0,0,1,64,825
1,18,NAYARIT,1,SANTIAGO IXCUINTLA,12,SAN BLAS,386,2,3,3,0,0,1,31,73,0,0,0,0,0,2,113,1302
1,18,NAYARIT,1,SANTIAGO IXCUINTLA,12,SAN BLAS,387,2,1,3,2,3,4,41,46,1,1,1,1,0,4,108,964
1,18,NAYARIT,1,SANTIAGO IXCUINTLA,12,SAN BLAS,388,1,3,8,2,1,9,29,45,1,0,0,1,0,1,100,603
1,18,NAYARIT,1,SANTIAGO IXCUINTLA,12,SAN BLAS,389,1,1,2,3,2,5,25,33,0,0,0,1,0,0,72,661
1,18,NAYARIT,1,SANTIAGO IXCUINTLA,12,SAN BLAS,390,2,4,3,4,3,20,24,78,2,0,1,0,0,7,146,1032
1,18,NAYARIT,1,SANTIAGO IXCUINTLA,12,SAN BLAS,391,1,1,5,0,2,1,17,38,1,0,0,0,0,0,65,293
1,18,NAYARIT,1,SANTIAGO IXCUINTLA,12,SAN BLAS,392,1,3,5,0,0,3,47,23,0,0,0,1,0,0,82,734
1,18,NAYARIT,1,SANTIAGO IXCUINTLA,12,SAN BLAS,393,1,2,0,0,0,1,12,31,0,0,0,0,0,2,48,466
1,18,NAYARIT,1,SANTIAGO IXCUINTLA,12,SAN BLAS,394,1,0,4,1,2,4,12,18,1,0,0,0,0,1,43,305
1,18,NAYARIT,1,SANTIAGO IXCUINTLA,12,SAN BLAS,395,2,2,5,0,2,0,18,15,0,0,0,0,0,2,44,939
1,18,NAYARIT,1,SANTIAGO IXCUINTLA,12,SAN BLAS,396,2,1,4,0,0,1,18,16,0,0,0,0,0,0,40,315
1,18,NAYARIT,1,SANTIAGO IXCUINTLA,15,SANTIAGO IXCUINTLA,435,2,1,3,7,8,4,53,30,0,0,0,0,0,8,114,925
1,18,NAYARIT,1,SANTIAGO IXCUINTLA,15,SANTIAGO IXCUINTLA,436,2,1,5,1,1,8,72,33,1,0,0,1,0,1,124,1095
1,18,NAYARIT,1,SANTIAGO IXCUINTLA,15,SANTIAGO IXCUINTLA,437,3,7,4,3,3,16,126,81,1,0,0,0,0,1,242,1855
1,18,NAYARIT,1,SANTIAGO IXCUINTLA,15,SANTIAGO IXCUINTLA,438,2,2,1,2,1,1,67,56,0,0,0,0,0,3,133,878
1,18,NAYARIT,1,SANTIAGO IXCUINTLA,15,SANTIAGO IXCUINTLA,439,1,0,1,0,0,7,33,32,1,0,0,0,0,1,75,439
1,18,NAYARIT,1,SANTIAGO IXCUINTLA,15,SANTIAGO IXCUINTLA,440,1,0,9,3,1,0,39,25,0,0,0,0,0,1,78,460
1,18,NAYARIT,1,SANTIAGO IXCUINTLA,15,SANTIAGO IXCUINTLA,441,2,2,4,7,1,4,79,38,1,0,0,0,0,7,143,1076
1,18,NAYARIT,1,SANTIAGO IXCUINTLA,15,SANTIAGO IXCUINTLA,442,2,2,2,7,0,8,57,52,2,0,0,0,0,2,132,1379
1,18,NAYARIT,1,SANTIAGO IXCUINTLA,15,SANTIAGO IXCUINTLA,443,1,0,6,4,1,4,36,27,0,2,0,1,0,1,82,604
1,18,NAYARIT,1,SANTIAGO IXCUINTLA,15,SANTIAGO IXCUINTLA,444,1,1,1,0,2,1,39,27,1,0,0,0,0,0,72,339
1,18,NAYARIT,1,SANTIAGO IXCUINTLA,15,SANTIAGO IXCUINTLA,445,1,0,1,1,0,1,27,21,0,0,0,0,0,1,52,253
1,18,NAYARIT,1,SANTIAGO IXCUINTLA,15,SANTIAGO IXCUINTLA,446,1,2,4,0,0,1,67,27,0,0,0,0,0,1,102,450
1,18,NAYARIT,1,SANTIAGO IXCUINTLA,15,SANTIAGO IXCUINTLA,447,1,1,14,1,0,4,51,35,0,0,0,0,0,1,107,670
1,18,NAYARIT,1,SANTIAGO IXCUINTLA,15,SANTIAGO IXCUINTLA,448,1,0,4,0,0,7,74,28,1,0,0,0,0,6,120,610
1,18,NAYARIT,1,SANTIAGO IXCUINTLA,15,SANTIAGO IXCUINTLA,449,2,1,8,7,4,10,117,73,0,0,0,0,0,1,221,250
1,18,NAYARIT,1,SANTIAGO IXCUINTLA,15,SANTIAGO IXCUINTLA,450,1,1,3,3,2,2,40,48,0,0,0,0,0,2,101,529
1,18,NAYARIT,1,SANTIAGO IXCUINTLA,15,SANTIAGO IXCUINTLA,451,2,2,3,3,1,2,58,41,1,0,1,1,0,1,114,1057
1,18,NAYARIT,1,SANTIAGO IXCUINTLA,15,SANTIAGO IXCUINTLA,452,1,0,5,0,0,0,31,20,1,0,0,0,0,0,57,341
1,18,NAYARIT,1,SANTIAGO IXCUINTLA,15,SANTIAGO IXCUINTLA,453,1,0,0,0,0,3,39,20,0,0,0,0,0,4,66,227
1,18,NAYARIT,1,SANTIAGO IXCUINTLA,15,SANTIAGO IXCUINTLA,454,1,0,0,0,0,1,11,15,0,0,0,0,0,0,27,191
1,18,NAYARIT,1,SANTIAGO IXCUINTLA,15,SANTIAGO IXCUINTLA,455,1,0,2,0,0,3,26,53,1,0,0,0,0,0,85,420
1,18,NAYARIT,1,SANTIAGO IXCUINTLA,15,SANTIAGO IXCUINTLA,456,1,0,2,6,0,2,30,29,0,0,0,0,0,1,70,381
1,18,NAYARIT,1,SANTIAGO IXCUINTLA,15,SANTIAGO IXCUINTLA,457,2,5,14,0,5,1,10,121,0,0,0,0,0,3,159,879
1,18,NAYARIT,1,SANTIAGO IXCUINTLA,15,SANTIAGO IXCUINTLA,458,2,0,10,0,1,0,86,128,0,0,0,0,0,0,225,777
1,18,NAYARIT,1,SANTIAGO IXCUINTLA,15,SANTIAGO IXCUINTLA,459,2,3,17,27,3,4,88,187,0,1,2,0,0,4,336,1074
1,18,NAYARIT,1,SANTIAGO IXCUINTLA,15,SANTIAGO IXCUINTLA,460,2,1,7,0,2,2,27,103,0,0,0,0,0,0,142,899
1,18,NAYARIT,1,SANTIAGO IXCUINTLA,15,SANTIAGO IXCUINTLA,461,1,1,0,5,3,0,65,48,0,0,0,0,0,3,125,550
1,18,NAYARIT,1,SANTIAGO IXCUINTLA,15,SANTIAGO IXCUINTLA,462,1,0,2,0,0,4,22,37,1,1,0,1,0,0,68,155
1,18,NAYARIT,1,SANTIAGO IXCUINTLA,15,SANTIAGO IXCUINTLA,463,1,5,4,0,2,6,68,196,2,0,0,0,0,0,283,649
1,18,NAYARIT,1,SANTIAGO IXCUINTLA,15,SANTIAGO IXCUINTLA,464,1,2,4,1,1,4,31,56,0,0,0,0,0,1,100,417
1,18,NAYARIT,1,SANTIAGO IXCUINTLA,15,SANTIAGO IXCUINTLA,465,2,3,2,1,1,9,45,129,0,0,0,0,0,17,207,763
1,18,NAYARIT,1,SANTIAGO IXCUINTLA,15,SANTIAGO IXCUINTLA,466,1,2,4,1,1,6,39,69,0,0,0,0,0,1,123,635
1,18,NAYARIT,1,SANTIAGO IXCUINTLA,15,SANTIAGO IXCUINTLA,467,1,1,1,1,0,1,9,19,0,0,0,0,0,0,32,311
1,18,NAYARIT,1,SANTIAGO IXCUINTLA,15,SANTIAGO IXCUINTLA,468,1,0,0,0,1,0,6,18,0,0,0,0,0,2,27,518
1,18,NAYARIT,1,SANTIAGO IXCUINTLA,15,SANTIAGO IXCUINTLA,469,1,2,0,2,4,0,31,36,0,0,0,1,0,1,77,560
1,18,NAYARIT,1,SANTIAGO IXCUINTLA,15,SANTIAGO IXCUINTLA,470,2,1,4,0,1,18,61,65,1,0,0,1,0,4,156,868
1,18,NAYARIT,1,SANTIAGO IXCUINTLA,15,SANTIAGO IXCUINTLA,471,1,0,0,2,5,5,30,38,1,0,0,1,0,0,82,548
1,18,NAYARIT,1,SANTIAGO IXCUINTLA,15,SANTIAGO IXCUINTLA,472,1,1,1,1,2,18,31,70,0,0,0,1,0,3,128,676
1,18,NAYARIT,1,SANTIAGO IXCUINTLA,15,SANTIAGO IXCUINTLA,473,1,0,1,5,1,4,25,104,1,0,0,0,0,2,143,568
1,18,NAYARIT,1,SANTIAGO IXCUINTLA,15,SANTIAGO IXCUINTLA,474,2,2,0,0,5,20,30,75,1,0,0,0,0,2,135,753
1,18,NAYARIT,1,SANTIAGO IXCUINTLA,15,SANTIAGO IXCUINTLA,475,1,0,0,1,0,5,14,19,1,0,1,0,0,0,41,440
1,18,NAYARIT,1,SANTIAGO IXCUINTLA,15,SANTIAGO IXCUINTLA,476,1,0,2,8,3,4,17,22,0,0,0,0,0,3,59,432
1,18,NAYARIT,1,SANTIAGO IXCUINTLA,15,SANTIAGO IXCUINTLA,477,1,3,3,10,0,0,3,36,1,0,1,0,0,3,60,372
1,18,NAYARIT,1,SANTIAGO IXCUINTLA,15,SANTIAGO IXCUINTLA,478,1,1,2,5,3,0,12,31,0,0,0,0,0,1,55,473
1,18,NAYARIT,1,SANTIAGO IXCUINTLA,15,SANTIAGO IXCUINTLA,480,3,5,15,6,2,3,31,78,1,0,0,0,0,3,144,560
1,18,NAYARIT,1,SANTIAGO IXCUINTLA,15,SANTIAGO IXCUINTLA,481,1,1,1,2,0,0,8,9,0,0,0,0,0,3,24,196
1,18,NAYARIT,1,SANTIAGO IXCUINTLA,15,SANTIAGO IXCUINTLA,482,2,2,1,8,3,1,32,55,0,0,0,0,0,4,106,1055
1,18,NAYARIT,1,SANTIAGO IXCUINTLA,15,SANTIAGO IXCUINTLA,483,2,2,12,33,3,9,43,98,0,0,0,1,0,3,204,1133
1,18,NAYARIT,1,SANTIAGO IXCUINTLA,15,SANTIAGO IXCUINTLA,484,2,2,0,26,2,3,46,56,2,1,0,0,0,4,142,953
1,18,NAYARIT,1,SANTIAGO IXCUINTLA,15,SANTIAGO IXCUINTLA,485,2,4,3,1,1,3,27,39,1,0,0,0,0,4,83,774
1,18,NAYARIT,1,SANTIAGO IXCUINTLA,15,SANTIAGO IXCUINTLA,486,1,1,2,9,1,1,6,26,0,0,0,0,0,2,48,351
1,18,NAYARIT,1,SANTIAGO IXCUINTLA,15,SANTIAGO IXCUINTLA,487,3,0,4,30,2,1,40,104,0,0,0,2,0,2,185,1079
1,18,NAYARIT,1,SANTIAGO IXCUINTLA,15,SANTIAGO IXCUINTLA,488,1,2,4,4,2,9,30,76,0,1,0,1,0,3,132,740
1,18,NAYARIT,1,SANTIAGO IXCUINTLA,15,SANTIAGO IXCUINTLA,489,2,0,2,2,1,17,27,40,1,0,2,1,0,5,98,870
1,18,NAYARIT,1,SANTIAGO IXCUINTLA,15,SANTIAGO IXCUINTLA,490,1,0,1,5,6,10,34,32,1,0,0,0,0,0,89,639
1,18,NAYARIT,1,SANTIAGO IXCUINTLA,15,SANTIAGO IXCUINTLA,491,1,0,1,3,0,0,42,51,2,0,0,1,0,1,101,507
1,18,NAYARIT,1,SANTIAGO IXCUINTLA,15,SANTIAGO IXCUINTLA,492,1,0,1,1,0,1,20,43,0,0,0,1,0,1,68,297
1,18,NAYARIT,1,SANTIAGO IXCUINTLA,15,SANTIAGO IXCUINTLA,493,2,1,0,1,0,3,79,59,1,0,0,0,0,0,144,893
1,18,NAYARIT,1,SANTIAGO IXCUINTLA,15,SANTIAGO IXCUINTLA,494,1,0,1,0,0,2,47,35,0,0,0,0,0,1,86,472
1,18,NAYARIT,1,SANTIAGO IXCUINTLA,15,SANTIAGO IXCUINTLA,495,1,1,0,0,1,1,40,19,1,0,0,0,0,0,63,612
1,18,NAYARIT,1,SANTIAGO IXCUINTLA,15,SANTIAGO IXCUINTLA,496,1,5,1,1,4,3,17,40,0,0,0,0,0,2,73,519
1,18,NAYARIT,1,SANTIAGO IXCUINTLA,15,SANTIAGO IXCUINTLA,497,2,3,4,16,0,2,29,58,0,1,0,0,0,2,115,914
1,18,NAYARIT,1,SANTIAGO IXCUINTLA,15,SANTIAGO IXCUINTLA,498,2,2,1,0,1,2,22,70,0,0,0,0,0,2,100,753
1,18,NAYARIT,1,SANTIAGO IXCUINTLA,15,SANTIAGO IXCUINTLA,499,1,3,2,1,1,0,16,16,0,0,0,0,0,2,41,281
1,18,NAYARIT,1,SANTIAGO IXCUINTLA,15,SANTIAGO IXCUINTLA,500,1,1,5,1,2,2,24,49,0,1,0,1,0,1,87,381
1,18,NAYARIT,1,SANTIAGO IXCUINTLA,15,SANTIAGO IXCUINTLA,501,1,1,0,2,0,2,20,47,1,0,0,0,0,1,74,519
1,18,NAYARIT,1,SANTIAGO IXCUINTLA,15,SANTIAGO IXCUINTLA,502,2,0,2,4,1,2,38,68,0,0,0,1,0,3,119,787
1,18,NAYARIT,1,SANTIAGO IXCUINTLA,15,SANTIAGO IXCUINTLA,503,2,0,3,0,2,1,31,30,1,0,0,0,0,4,72,1081
1,18,NAYARIT,1,SANTIAGO IXCUINTLA,15,SANTIAGO IXCUINTLA,504,2,0,2,1,0,0,23,43,1,0,0,0,0,6,76,785
1,18,NAYARIT,1,SANTIAGO IXCUINTLA,15,SANTIAGO IXCUINTLA,505,2,2,6,0,6,6,48,63,0,0,2,1,0,0,134,1007
1,18,NAYARIT,1,SANTIAGO IXCUINTLA,15,SANTIAGO IXCUINTLA,506,1,0,2,3,2,1,23,23,0,0,0,0,0,0,54,406
1,18,NAYARIT,1,SANTIAGO IXCUINTLA,15,SANTIAGO IXCUINTLA,507,2,2,2,1,1,4,31,57,0,1,0,0,0,1,100,773
1,18,NAYARIT,1,SANTIAGO IXCUINTLA,15,SANTIAGO IXCUINTLA,508,2,2,5,2,2,3,21,74,0,1,1,0,0,0,111,1252
1,18,NAYARIT,1,SANTIAGO IXCUINTLA,15,SANTIAGO IXCUINTLA,509,1,2,2,2,4,0,20,46,0,0,0,0,0,2,78,392
1,18,NAYARIT,1,SANTIAGO IXCUINTLA,15,SANTIAGO IXCUINTLA,510,1,2,2,3,1,6,36,68,0,0,0,0,0,0,118,376
1,18,NAYARIT,1,SANTIAGO IXCUINTLA,15,SANTIAGO IXCUINTLA,511,2,3,4,9,5,3,22,67,7,1,1,0,0,2,124,1079
1,18,NAYARIT,1,SANTIAGO IXCUINTLA,15,SANTIAGO IXCUINTLA,512,2,4,8,34,3,5,27,53,2,0,1,0,0,4,141,863
1,18,NAYARIT,1,SANTIAGO IXCUINTLA,15,SANTIAGO IXCUINTLA,513,1,3,5,23,0,1,28,29,0,0,0,0,0,1,90,596
1,18,NAYARIT,1,SANTIAGO IXCUINTLA,15,SANTIAGO IXCUINTLA,514,1,0,1,3,1,0,16,16,0,0,0,0,0,0,37,258
1,18,NAYARIT,1,SANTIAGO IXCUINTLA,15,SANTIAGO IXCUINTLA,515,1,2,5,13,2,4,16,35,3,0,1,0,0,2,83,419
1,18,NAYARIT,1,SANTIAGO IXCUINTLA,15,SANTIAGO IXCUINTLA,516,1,3,5,3,1,1,34,42,0,1,0,2,0,2,94,601
1,18,NAYARIT,1,SANTIAGO IXCUINTLA,15,SANTIAGO IXCUINTLA,517,1,1,1,19,0,0,10,9,1,0,0,0,0,3,44,474
1,18,NAYARIT,1,SANTIAGO IXCUINTLA,15,SANTIAGO IXCUINTLA,518,1,1,11,2,2,0,12,25,0,0,0,0,0,1,54,174
1,18,NAYARIT,1,SANTIAGO IXCUINTLA,15,SANTIAGO IXCUINTLA,519,1,1,2,10,4,5,20,36,0,0,0,0,0,0,78,404
1,18,NAYARIT,1,SANTIAGO IXCUINTLA,15,SANTIAGO IXCUINTLA,520,1,1,0,2,1,0,21,27,2,0,0,0,0,1,55,650
1,18,NAYARIT,1,SANTIAGO IXCUINTLA,15,SANTIAGO IXCUINTLA,521,1,1,4,3,1,4,17,67,1,0,1,0,0,3,102,549
1,18,NAYARIT,1,SANTIAGO IXCUINTLA,15,SANTIAGO IXCUINTLA,522,1,2,2,1,3,1,23,69,3,2,1,0,0,1,108,728
1,18,NAYARIT,1,SANTIAGO IXCUINTLA,15,SANTIAGO IXCUINTLA,523,2,1,1,10,3,3,43,61,0,0,0,0,0,1,123,913
1,18,NAYARIT,1,SANTIAGO IXCUINTLA,15,SANTIAGO IXCUINTLA,524,1,0,3,1,2,3,22,50,2,0,0,0,0,3,86,624
1,18,NAYARIT,1,SANTIAGO IXCUINTLA,15,SANTIAGO IXCUINTLA,525,1,1,1,0,0,0,27,47,0,0,0,0,0,0,76,384
1,18,NAYARIT,1,SANTIAGO IXCUINTLA,15,SANTIAGO IXCUINTLA,526,2,1,4,0,0,1,64,75,0,0,1,1,0,1,148,826
1,18,NAYARIT,1,SANTIAGO IXCUINTLA,15,SANTIAGO IXCUINTLA,527,1,1,1,2,2,3,26,43,1,0,0,0,0,2,81,698
1,18,NAYARIT,1,SANTIAGO IXCUINTLA,15,SANTIAGO IXCUINTLA,528,2,0,2,2,2,1,54,59,0,0,0,0,0,1,121,1013
1,18,NAYARIT,1,SANTIAGO IXCUINTLA,15,SANTIAGO IXCUINTLA,529,1,1,1,0,1,1,20,24,0,0,0,0,0,1,49,435
1,18,NAYARIT,1,SANTIAGO IXCUINTLA,15,SANTIAGO IXCUINTLA,530,1,0,1,2,1,1,29,42,0,1,0,0,0,1,78,484
1,18,NAYARIT,1,SANTIAGO IXCUINTLA,15,SANTIAGO IXCUINTLA,531,2,4,0,5,1,6,60,87,0,1,0,0,0,5,169,862
1,18,NAYARIT,1,SANTIAGO IXCUINTLA,15,SANTIAGO IXCUINTLA,532,2,0,3,0,2,2,79,85,0,0,0,0,0,2,173,1085
1,18,NAYARIT,1,SANTIAGO IXCUINTLA,15,SANTIAGO IXCUINTLA,533,1,0,1,0,0,1,22,12,0,0,0,0,0,1,37,102
1,18,NAYARIT,1,SANTIAGO IXCUINTLA,15,SANTIAGO IXCUINTLA,534,1,2,0,0,0,0,7,27,0,0,0,0,0,0,36,444
1,18,NAYARIT,1,SANTIAGO IXCUINTLA,15,SANTIAGO IXCUINTLA,535,1,1,1,0,0,0,12,36,0,0,0,0,0,1,51,469
1,18,NAYARIT,1,SANTIAGO IXCUINTLA,15,SANTIAGO IXCUINTLA,536,1,2,1,0,0,0,6,36,0,0,0,0,0,3,48,476
1,18,NAYARIT,1,SANTIAGO IXCUINTLA,15,SANTIAGO IXCUINTLA,537,1,0,0,3,1,2,13,31,2,0,0,0,0,1,53,645
1,18,NAYARIT,1,SANTIAGO IXCUINTLA,15,SANTIAGO IXCUINTLA,538,1,0,3,0,1,1,13,27,1,0,0,0,0,0,46,605
1,18,NAYARIT,1,SANTIAGO IXCUINTLA,15,SANTIAGO IXCUINTLA,539,1,1,0,1,0,8,17,46,1,0,0,1,0,0,75,644
1,18,NAYARIT,1,SANTIAGO IXCUINTLA,15,SANTIAGO IXCUINTLA,540,2,2,0,0,4,2,27,46,0,0,0,0,0,1,82,813
1,18,NAYARIT,1,SANTIAGO IXCUINTLA,15,SANTIAGO IXCUINTLA,541,2,5,1,0,2,0,24,68,1,0,0,0,0,1,102,858
1,18,NAYARIT,1,SANTIAGO IXCUINTLA,15,SANTIAGO IXCUINTLA,542,2,0,4,4,2,0,46,45,0,1,0,0,0,2,104,1011
1,18,NAYARIT,1,SANTIAGO IXCUINTLA,15,SANTIAGO IXCUINTLA,543,2,0,3,2,5,1,34,104,1,0,0,6,0,8,164,1092
1,18,NAYARIT,1,SANTIAGO IXCUINTLA,15,SANTIAGO IXCUINTLA,544,1,1,3,0,3,1,32,45,0,0,1,0,0,2,88,436
1,18,NAYARIT,1,SANTIAGO IXCUINTLA,15,SANTIAGO IXCUINTLA,545,2,2,1,2,3,5,32,57,1,1,1,0,0,4,109,1028
1,18,NAYARIT,1,SANTIAGO IXCUINTLA,15,SANTIAGO IXCUINTLA,546,2,2,5,5,2,2,34,58,3,0,1,0,0,4,116,892
1,18,NAYARIT,1,SANTIAGO IXCUINTLA,16,TECUALA,547,1,1,1,1,4,1,32,34,0,0,0,0,0,2,76,599
1,18,NAYARIT,1,SANTIAGO IXCUINTLA,16,TECUALA,548,1,0,5,1,1,1,47,39,0,1,0,0,0,1,96,719
1,18,NAYARIT,1,SANTIAGO IXCUINTLA,16,TECUALA,549,1,0,2,0,2,0,24,62,1,0,0,0,0,2,93,673
1,18,NAYARIT,1,SANTIAGO IXCUINTLA,16,TECUALA,550,3,1,12,1,2,38,96,135,1,0,0,2,0,6,294,1695
1,18,NAYARIT,1,SANTIAGO IXCUINTLA,16,TECUALA,551,1,4,10,3,1,17,32,39,0,0,0,0,0,1,107,602
1,18,NAYARIT,1,SANTIAGO IXCUINTLA,16,TECUALA,552,1,2,14,0,0,3,33,49,0,0,0,0,0,1,102,633
1,18,NAYARIT,1,SANTIAGO IXCUINTLA,16,TECUALA,553,1,3,0,0,0,0,27,34,0,1,1,0,0,0,66,546
1,18,NAYARIT,1,SANTIAGO IXCUINTLA,16,TECUALA,554,1,0,4,1,0,3,36,58,2,0,0,1,0,4,109,643
1,18,NAYARIT,1,SANTIAGO IXCUINTLA,16,TECUALA,555,1,0,2,1,2,3,26,28,1,0,0,1,0,0,64,512
1,18,NAYARIT,1,SANTIAGO IXCUINTLA,16,TECUALA,556,1,0,4,0,1,0,21,38,0,0,0,0,0,3,67,285
1,18,NAYARIT,1,SANTIAGO IXCUINTLA,16,TECUALA,557,1,2,10,1,3,0,16,29,0,0,0,0,0,1,62,264
1,18,NAYARIT,1,SANTIAGO IXCUINTLA,16,TECUALA,558,1,0,2,2,0,2,35,44,1,0,0,0,0,1,87,349
1,18,NAYARIT,1,SANTIAGO IXCUINTLA,16,TECUALA,559,1,4,2,0,1,14,14,45,0,0,0,0,0,4,84,483
1,18,NAYARIT,1,SANTIAGO IXCUINTLA,16,TECUALA,560,1,0,6,0,3,1,12,28,0,1,0,0,0,0,51,370
1,18,NAYARIT,1,SANTIAGO IXCUINTLA,16,TECUALA,561,1,5,8,0,1,1,24,27,0,1,0,0,0,0,67,470
1,18,NAYARIT,1,SANTIAGO IXCUINTLA,16,TECUALA,562,1,1,8,0,2,1,16,62,0,0,0,0,0,0,90,634
1,18,NAYARIT,1,SANTIAGO IXCUINTLA,16,TECUALA,563,1,2,6,1,3,0,30,39,4,0,0,0,0,3,88,569
1,18,NAYARIT,1,SANTIAGO IXCUINTLA,16,TECUALA,564,2,3,2,2,5,28,38,59,0,1,1,1,0,1,141,850
1,18,NAYARIT,1,SANTIAGO IXCUINTLA,16,TECUALA,565,1,0,11,0,0,0,5,15,0,0,0,0,0,1,32,170
1,18,NAYARIT,1,SANTIAGO IXCUINTLA,16,TECUALA,566,1,0,18,3,1,3,15,28,0,0,0,0,0,0,68,160
1,18,NAYARIT,1,SANTIAGO IXCUINTLA,16,TECUALA,567,1,0,33,5,0,0,40,26,0,0,0,0,0,0,104,744
1,18,NAYARIT,1,SANTIAGO IXCUINTLA,16,TECUALA,568,1,2,11,31,1,1,84,42,0,0,0,0,0,4,176,629
1,18,NAYARIT,1,SANTIAGO IXCUINTLA,16,TECUALA,569,1,0,4,1,2,3,15,62,0,0,0,0,0,2,89,309
1,18,NAYARIT,1,SANTIAGO IXCUINTLA,16,TECUALA,570,2,1,11,6,3,9,58,88,0,0,0,3,0,7,186,959
1,18,NAYARIT,1,SANTIAGO IXCUINTLA,16,TECUALA,571,2,0,4,4,1,13,19,40,1,1,0,2,0,1,86,839
1,18,NAYARIT,1,SANTIAGO IXCUINTLA,16,TECUALA,572,1,1,5,0,3,3,24,48,1,0,0,0,0,2,87,621
1,18,NAYARIT,1,SANTIAGO IXCUINTLA,16,TECUALA,573,1,1,9,0,1,3,22,81,0,0,0,1,0,4,122,749
1,18,NAYARIT,1,SANTIAGO IXCUINTLA,16,TECUALA,574,1,1,0,1,0,0,30,51,1,0,0,0,0,0,84,542
1,18,NAYARIT,1,SANTIAGO IXCUINTLA,16,TECUALA,575,2,1,0,4,4,8,23,118,1,0,0,1,0,2,162,789
1,18,NAYARIT,1,SANTIAGO IXCUINTLA,16,TECUALA,576,1,1,7,0,1,2,14,41,0,1,0,0,0,1,68,728
1,18,NAYARIT,1,SANTIAGO IXCUINTLA,16,TECUALA,577,1,0,6,0,1,1,33,46,0,0,0,0,0,0,87,485
1,18,NAYARIT,1,SANTIAGO IXCUINTLA,16,TECUALA,578,2,2,3,3,2,2,34,72,0,1,0,0,0,1,120,834
1,18,NAYARIT,1,SANTIAGO IXCUINTLA,16,TECUALA,579,1,0,5,1,1,0,21,29,0,0,0,0,0,0,57,600
1,18,NAYARIT,1,SANTIAGO IXCUINTLA,16,TECUALA,580,2,3,7,2,2,0,62,42,0,0,0,0,0,0,118,769
1,18,NAYARIT,1,SANTIAGO IXCUINTLA,16,TECUALA,581,1,0,1,5,0,2,59,51,1,0,0,0,0,3,122,499
1,18,NAYARIT,1,SANTIAGO IXCUINTLA,16,TECUALA,582,2,1,6,7,4,1,29,87,0,0,0,1,0,1,137,994
1,18,NAYARIT,1,SANTIAGO IXCUINTLA,16,TECUALA,583,2,1,8,5,1,8,30,97,0,1,0,0,0,5,156,783
1,18,NAYARIT,1,SANTIAGO IXCUINTLA,16,TECUALA,584,1,1,11,18,0,0,21,70,0,0,0,1,0,1,123,700
1,18,NAYARIT,1,SANTIAGO IXCUINTLA,16,TECUALA,585,1,1,3,35,5,1,12,47,0,0,0,2,0,2,108,493
1,18,NAYARIT,1,SANTIAGO IXCUINTLA,16,TECUALA,586,1,1,16,0,0,3,23,47,0,0,0,0,0,4,94,567
1,18,NAYARIT,1,SANTIAGO IXCUINTLA,16,TECUALA,587,1,1,3,2,0,3,32,50,2,0,0,2,0,3,98,664
1,18,NAYARIT,1,SANTIAGO IXCUINTLA,16,TECUALA,588,2,3,8,5,3,8,23,103,1,3,1,2,0,4,164,873
1,18,NAYARIT,1,SANTIAGO IXCUINTLA,16,TECUALA,589,1,1,4,2,3,1,16,33,0,0,0,0,0,2,62,250
1,18,NAYARIT,1,SANTIAGO IXCUINTLA,16,TECUALA,590,1,1,1,0,3,1,6,20,0,0,0,0,0,0,32,205
1,18,NAYARIT,1,SANTIAGO IXCUINTLA,16,TECUALA,591,2,0,4,1,2,6,26,74,0,0,0,0,0,3,116,765
1,18,NAYARIT,1,SANTIAGO IXCUINTLA,16,TECUALA,592,1,0,4,0,0,7,7,28,0,0,0,0,0,0,46,161
1,18,NAYARIT,1,SANTIAGO IXCUINTLA,16,TECUALA,593,1,0,14,0,1,4,14,38,0,0,0,0,0,3,74,455
1,18,NAYARIT,1,SANTIAGO IXCUINTLA,16,TECUALA,594,1,1,7,0,5,1,24,55,1,1,0,0,0,3,98,334
1,18,NAYARIT,1,SANTIAGO IXCUINTLA,16,TECUALA,595,1,0,2,1,2,4,36,28,0,0,0,0,0,0,73,369
1,18,NAYARIT,1,SANTIAGO IXCUINTLA,16,TECUALA,596,1,1,2,1,1,2,24,40,1,1,1,0,0,2,76,286
1,18,NAYARIT,1,SANTIAGO IXCUINTLA,18,TUXPAN,810,2,3,2,0,3,7,81,78,1,0,1,0,0,2,178,807
1,18,NAYARIT,1,SANTIAGO IXCUINTLA,18,TUXPAN,811,1,5,1,0,0,4,49,59,1,0,0,1,0,2,122,560
1,18,NAYARIT,1,SANTIAGO IXCUINTLA,18,TUXPAN,812,2,5,0,0,10,5,85,114,0,0,1,1,0,2,223,779
1,18,NAYARIT,1,SANTIAGO IXCUINTLA,18,TUXPAN,813,1,1,3,1,1,4,44,68,2,0,0,0,0,2,126,515
1,18,NAYARIT,1,SANTIAGO IXCUINTLA,18,TUXPAN,814,1,2,6,0,0,3,96,76,0,0,0,0,0,0,183,585
1,18,NAYARIT,1,SANTIAGO IXCUINTLA,18,TUXPAN,815,2,7,2,2,3,6,77,113,0,1,0,2,0,3,216,851
1,18,NAYARIT,1,SANTIAGO IXCUINTLA,18,TUXPAN,816,2,1,0,3,9,13,79,76,1,0,0,2,0,3,187,1105
1,18,NAYARIT,1,SANTIAGO IXCUINTLA,18,TUXPAN,817,1,8,0,1,0,2,55,57,1,0,0,0,0,0,124,347
1,18,NAYARIT,1,SANTIAGO IXCUINTLA,18,TUXPAN,818,1,0,5,0,2,4,33,49,0,0,0,1,0,0,94,294
1,18,NAYARIT,1,SANTIAGO IXCUINTLA,18,TUXPAN,819,1,1,5,0,2,7,58,81,0,0,0,1,0,0,155,484
1,18,NAYARIT,1,SANTIAGO IXCUINTLA,18,TUXPAN,820,1,0,3,0,0,5,73,59,1,0,0,0,0,2,143,342
1,18,NAYARIT,1,SANTIAGO IXCUINTLA,18,TUXPAN,821,1,2,2,1,1,1,65,81,0,0,0,0,0,0,153,552
1,18,NAYARIT,1,SANTIAGO IXCUINTLA,18,TUXPAN,822,2,0,2,9,1,5,99,112,1,0,0,0,0,2,231,810
1,18,NAYARIT,1,SANTIAGO IXCUINTLA,18,TUXPAN,823,2,0,1,10,5,5,104,106,1,0,1,0,1,5,239,1035
1,18,NAYARIT,1,SANTIAGO IXCUINTLA,18,TUXPAN,824,2,0,3,1,5,5,109,109,3,0,1,0,0,4,240,996
1,18,NAYARIT,1,SANTIAGO IXCUINTLA,18,TUXPAN,825,1,0,3,8,4,3,73,110,1,0,1,0,0,1,204,734
1,18,NAYARIT,1,SANTIAGO IXCUINTLA,18,TUXPAN,826,1,6,2,0,4,4,45,66,1,0,1,0,0,0,129,418
1,18,NAYARIT,1,SANTIAGO IXCUINTLA,18,TUXPAN,827,2,5,8,1,4,5,96,163,2,0,1,1,0,8,294,1050
1,18,NAYARIT,1,SANTIAGO IXCUINTLA,18,TUXPAN,828,1,0,4,0,1,1,32,64,3,0,0,0,0,1,106,361
1,18,NAYARIT,1,SANTIAGO IXCUINTLA,18,TUXPAN,829,1,0,3,2,0,3,40,65,2,1,0,0,0,0,116,322
1,18,NAYARIT,1,SANTIAGO IXCUINTLA,18,TUXPAN,830,1,4,0,0,3,9,77,94,1,0,0,0,0,2,190,534
1,18,NAYARIT,1,SANTIAGO IXCUINTLA,18,TUXPAN,831,2,1,0,1,1,6,107,119,1,2,0,0,0,4,242,888
1,18,NAYARIT,1,SANTIAGO IXCUINTLA,18,TUXPAN,832,1,4,1,0,1,10,96,120,2,1,1,0,1,4,241,675
1,18,NAYARIT,1,SANTIAGO IXCUINTLA,18,TUXPAN,833,1,0,1,0,4,3,65,104,1,0,0,0,0,0,178,549
1,18,NAYARIT,1,SANTIAGO IXCUINTLA,18,TUXPAN,834,1,2,0,5,4,3,50,68,0,0,0,0,0,3,135,429
1,18,NAYARIT,1,SANTIAGO IXCUINTLA,18,TUXPAN,835,2,0,3,2,10,9,79,140,5,1,3,0,0,4,256,908
1,18,NAYARIT,1,SANTIAGO IXCUINTLA,18,TUXPAN,836,2,3,12,22,10,4,229,116,0,1,0,0,0,4,401,929
1,18,NAYARIT,1,SANTIAGO IXCUINTLA,18,TUXPAN,837,2,21,4,1,7,6,99,100,1,0,0,1,0,2,242,992
1,18,NAYARIT,1,SANTIAGO IXCUINTLA,18,TUXPAN,838,2,7,7,2,3,7,89,70,0,0,0,0,0,0,185,979
1,18,NAYARIT,1,SANTIAGO IXCUINTLA,18,TUXPAN,839,2,2,5,0,4,2,48,94,1,0,1,1,0,4,162,806
1,18,NAYARIT,1,SANTIAGO IXCUINTLA,18,TUXPAN,840,1,3,2,1,2,1,81,84,2,0,0,1,0,5,182,620
1,18,NAYARIT,1,SANTIAGO IXCUINTLA,18,TUXPAN,841,1,4,2,7,1,7,30,46,0,1,0,1,0,3,102,629
1,18,NAYARIT,1,SANTIAGO IXCUINTLA,18,TUXPAN,842,2,9,1,3,5,7,50,93,1,0,1,2,0,7,179,902
1,18,NAYARIT,1,SANTIAGO IXCUINTLA,18,TUXPAN,843,2,1,4,3,6,2,75,62,1,2,0,1,0,0,157,751
1,18,NAYARIT,2,TEPIC,17,TEPIC,597,2,0,8,2,4,7,75,71,0,1,1,0,0,2,171,1117
1,18,NAYARIT,2,TEPIC,17,TEPIC,598,6,2,15,28,6,27,240,161,3,1,0,0,1,157,641,3795
1,18,NAYARIT,2,TEPIC,17,TEPIC,599,2,0,1,3,5,1,44,31,0,0,0,0,0,3,88,823
1,18,NAYARIT,2,TEPIC,17,TEPIC,600,2,2,5,3,2,3,70,75,1,0,0,1,0,6,168,1385
1,18,NAYARIT,2,TEPIC,17,TEPIC,601,4,10,7,5,6,6,97,165,7,1,1,3,0,3,311,2543
1,18,NAYARIT,2,TEPIC,17,TEPIC,602,2,10,6,1,0,13,94,101,3,0,0,1,0,2,231,1338
1,18,NAYARIT,2,TEPIC,17,TEPIC,603,2,2,4,4,1,3,34,56,1,0,0,2,0,0,107,1199
1,18,NAYARIT,2,TEPIC,17,TEPIC,604,2,0,7,2,0,5,56,89,0,1,0,0,0,1,161,1395
1,18,NAYARIT,2,TEPIC,17,TEPIC,605,2,5,2,7,3,4,32,67,4,1,0,0,1,2,128,1451
1,18,NAYARIT,2,TEPIC,17,TEPIC,606,2,5,25,3,3,5,61,70,0,0,1,0,1,5,179,1351
1,18,NAYARIT,2,TEPIC,17,TEPIC,607,5,8,17,15,3,8,110,119,1,0,0,3,0,6,290,3678
1,18,NAYARIT,2,TEPIC,17,TEPIC,610,3,7,8,5,4,6,100,128,1,2,0,2,1,3,267,1606
1,18,NAYARIT,2,TEPIC,17,TEPIC,612,3,3,18,10,4,9,121,161,2,0,0,1,0,2,331,1955
1,18,NAYARIT,2,TEPIC,17,TEPIC,613,3,2,20,12,2,6,118,134,4,0,0,3,0,3,304,1752
1,18,NAYARIT,2,TEPIC,17,TEPIC,614,2,6,11,4,1,3,68,52,0,0,0,0,0,1,146,752
1,18,NAYARIT,2,TEPIC,17,TEPIC,615,2,3,6,6,3,4,68,69,3,0,0,0,1,3,166,850
1,18,NAYARIT,2,TEPIC,17,TEPIC,616,2,5,17,14,3,5,63,117,5,1,0,1,0,2,233,1163
1,18,NAYARIT,2,TEPIC,17,TEPIC,617,2,5,14,2,3,6,59,70,5,0,1,1,0,4,170,1087
1,18,NAYARIT,2,TEPIC,17,TEPIC,618,1,3,17,2,0,0,30,42,0,0,1,0,0,3,98,523
1,18,NAYARIT,2,TEPIC,17,TEPIC,619,2,1,7,28,0,2,115,37,3,0,0,0,0,3,196,778
1,18,NAYARIT,2,TEPIC,17,TEPIC,620,1,4,25,4,1,3,39,55,2,1,1,0,0,1,136,711
1,18,NAYARIT,2,TEPIC,17,TEPIC,621,2,0,20,8,5,3,54,73,2,0,0,0,1,2,168,1115
1,18,NAYARIT,2,TEPIC,17,TEPIC,622,1,2,1,5,2,1,39,52,1,0,0,0,0,2,105,737
1,18,NAYARIT,2,TEPIC,17,TEPIC,623,2,2,8,16,0,2,59,58,1,1,0,2,0,5,154,1214
1,18,NAYARIT,2,TEPIC,17,TEPIC,624,2,1,4,5,2,1,28,53,0,1,0,0,0,2,97,852
1,18,NAYARIT,2,TEPIC,17,TEPIC,625,1,2,3,2,0,1,28,46,0,0,0,1,0,1,84,590
1,18,NAYARIT,2,TEPIC,17,TEPIC,626,2,2,9,4,1,3,81,67,2,0,0,0,0,3,172,1418
1,18,NAYARIT,2,TEPIC,17,TEPIC,627,2,4,4,2,3,8,45,97,3,1,0,0,0,3,170,1143
1,18,NAYARIT,2,TEPIC,17,TEPIC,628,2,1,4,3,1,7,57,54,4,0,1,1,0,4,137,944
1,18,NAYARIT,2,TEPIC,17,TEPIC,629,2,2,5,5,2,2,41,80,2,1,0,0,0,3,143,1055
1,18,NAYARIT,2,TEPIC,17,TEPIC,630,3,0,2,2,4,7,97,85,3,0,0,0,0,3,203,1767
1,18,NAYARIT,2,TEPIC,17,TEPIC,631,3,4,9,10,0,2,94,77,0,1,0,0,0,10,207,1763
1,18,NAYARIT,2,TEPIC,17,TEPIC,632,2,3,5,7,1,2,59,75,1,0,0,2,0,2,157,1485
1,18,NAYARIT,2,TEPIC,17,TEPIC,635,3,1,8,9,4,5,104,131,1,2,0,2,0,4,271,1939
1,18,NAYARIT,2,TEPIC,17,TEPIC,636,1,0,1,18,1,0,29,51,2,0,0,0,0,0,102,623
1,18,NAYARIT,2,TEPIC,17,TEPIC,637,2,8,3,8,1,1,23,48,0,0,2,0,0,2,96,754
1,18,NAYARIT,2,TEPIC,17,TEPIC,638,1,2,4,4,1,6,30,61,0,0,1,1,0,1,111,561
1,18,NAYARIT,2,TEPIC,17,TEPIC,639,2,2,4,4,3,4,27,46,4,0,0,0,1,0,95,823
1,18,NAYARIT,2,TEPIC,17,TEPIC,640,2,5,3,5,2,2,48,39,1,0,0,0,0,1,106,999
1,18,NAYARIT,2,TEPIC,17,TEPIC,641,1,0,2,2,2,9,26,38,2,0,0,0,0,0,81,508
1,18,NAYARIT,2,TEPIC,17,TEPIC,642,2,1,3,5,1,5,59,51,1,1,0,1,0,2,130,827
1,18,NAYARIT,2,TEPIC,17,TEPIC,643,2,2,5,6,1,0,46,52,3,0,0,0,0,1,116,907
1,18,NAYARIT,2,TEPIC,17,TEPIC,644,1,1,13,0,2,1,33,49,0,0,0,0,0,1,100,746
1,18,NAYARIT,2,TEPIC,17,TEPIC,645,2,1,12,1,1,3,69,75,5,0,0,0,0,2,169,854
1,18,NAYARIT,2,TEPIC,17,TEPIC,646,2,7,12,2,2,2,50,88,0,0,0,0,0,2,165,1018
1,18,NAYARIT,2,TEPIC,17,TEPIC,647,1,4,3,1,3,2,36,31,1,0,0,0,0,3,84,444
1,18,NAYARIT,2,TEPIC,17,TEPIC,648,1,2,6,3,1,4,43,42,0,0,0,0,0,0,101,699
1,18,NAYARIT,2,TEPIC,17,TEPIC,649,1,5,13,5,1,10,35,51,0,0,2,2,0,2,126,550
1,18,NAYARIT,2,TEPIC,17,TEPIC,650,1,0,14,1,0,2,34,35,0,0,0,0,0,2,88,587
1,18,NAYARIT,2,TEPIC,17,TEPIC,651,2,3,23,4,2,10,37,72,1,0,0,0,0,1,153,1233
1,18,NAYARIT,2,TEPIC,17,TEPIC,652,1,2,1,3,1,2,26,55,3,0,1,2,0,1,97,687
1,18,NAYARIT,2,TEPIC,17,TEPIC,653,1,4,2,2,2,0,40,24,1,0,0,0,0,0,75,492
1,18,NAYARIT,2,TEPIC,17,TEPIC,654,1,3,4,0,1,3,35,39,1,1,0,0,0,3,90,586
1,18,NAYARIT,2,TEPIC,17,TEPIC,655,1,2,2,2,1,1,29,33,0,0,1,0,0,1,72,634
1,18,NAYARIT,2,TEPIC,17,TEPIC,656,2,3,4,6,3,4,35,52,1,0,1,0,0,4,113,803
1,18,NAYARIT,2,TEPIC,17,TEPIC,657,1,0,6,8,2,8,50,54,0,0,0,0,0,2,130,634
1,18,NAYARIT,2,TEPIC,17,TEPIC,658,2,2,6,6,3,7,58,76,2,0,0,1,0,4,165,852
1,18,NAYARIT,2,TEPIC,17,TEPIC,659,1,2,6,3,3,1,28,25,0,0,0,0,0,1,69,518
1,18,NAYARIT,2,TEPIC,17,TEPIC,660,1,1,1,6,1,3,33,30,0,0,0,0,0,0,75,720
1,18,NAYARIT,2,TEPIC,17,TEPIC,661,3,17,39,4,2,6,137,103,0,0,0,0,0,2,310,1594
1,18,NAYARIT,2,TEPIC,17,TEPIC,662,2,7,15,3,3,3,85,131,0,1,0,0,2,1,251,952
1,18,NAYARIT,2,TEPIC,17,TEPIC,663,3,15,31,6,2,10,178,140,4,0,0,3,1,1,391,1930
1,18,NAYARIT,2,TEPIC,17,TEPIC,664,4,12,17,10,3,6,238,151,0,0,0,2,1,5,445,2293
1,18,NAYARIT,2,TEPIC,17,TEPIC,665,2,5,15,7,1,1,90,50,1,0,0,0,0,0,170,832
1,18,NAYARIT,2,TEPIC,17,TEPIC,666,2,4,7,2,1,0,122,46,1,1,0,0,0,0,184,807
1,18,NAYARIT,2,TEPIC,17,TEPIC,667,1,7,9,3,4,1,58,38,2,0,0,0,0,1,123,682
1,18,NAYARIT,2,TEPIC,17,TEPIC,668,1,0,1,3,0,4,42,56,0,0,0,0,0,0,106,555
1,18,NAYARIT,2,TEPIC,17,TEPIC,669,1,1,9,3,2,1,40,34,0,0,0,0,0,2,92,516
1,18,NAYARIT,2,TEPIC,17,TEPIC,670,1,2,18,0,2,2,48,58,0,0,0,1,0,3,134,578
1,18,NAYARIT,2,TEPIC,17,TEPIC,671,1,0,4,0,1,1,31,14,0,0,0,0,0,0,51,301
1,18,NAYARIT,2,TEPIC,17,TEPIC,672,1,2,2,0,0,0,11,2,0,0,0,0,0,0,17,131
1,18,NAYARIT,2,TEPIC,17,TEPIC,673,1,3,9,2,0,1,42,22,1,0,0,0,0,0,80,499
1,18,NAYARIT,2,TEPIC,17,TEPIC,674,1,1,3,0,3,2,23,33,3,0,0,0,0,0,68,434
1,18,NAYARIT,2,TEPIC,17,TEPIC,675,1,5,12,2,1,1,37,21,0,0,0,0,0,1,80,329
1,18,NAYARIT,2,TEPIC,17,TEPIC,676,2,6,33,7,1,9,68,111,3,0,0,3,0,1,242,1406
1,18,NAYARIT,2,TEPIC,17,TEPIC,677,2,1,6,2,3,0,64,31,1,0,0,0,0,1,109,796
1,18,NAYARIT,2,TEPIC,17,TEPIC,678,3,9,12,7,2,5,108,144,2,0,0,0,0,6,295,2237
1,18,NAYARIT,2,TEPIC,17,TEPIC,679,3,6,3,10,2,25,55,67,3,0,0,0,1,5,177,2019
1,18,NAYARIT,2,TEPIC,17,TEPIC,680,2,3,6,7,4,5,59,90,1,1,0,0,1,2,179,1425
1,18,NAYARIT,2,TEPIC,17,TEPIC,681,1,11,16,4,9,4,60,63,0,0,0,0,0,1,168,738
1,18,NAYARIT,2,TEPIC,17,TEPIC,682,1,3,2,3,2,0,22,8,1,0,0,0,0,1,42,218
1,18,NAYARIT,2,TEPIC,17,TEPIC,683,1,1,1,0,0,1,29,19,0,0,0,0,0,0,51,210
1,18,NAYARIT,2,TEPIC,17,TEPIC,684,1,10,5,0,0,2,16,10,1,0,0,0,0,0,44,199
1,18,NAYARIT,2,TEPIC,17,TEPIC,685,1,5,3,3,3,3,46,38,1,0,0,0,0,2,104,376
1,18,NAYARIT,2,TEPIC,17,TEPIC,686,1,2,3,0,0,0,25,23,0,0,0,0,0,0,53,248
1,18,NAYARIT,2,TEPIC,17,TEPIC,687,1,3,7,1,4,4,61,53,1,0,0,0,0,1,135,618
1,18,NAYARIT,2,TEPIC,17,TEPIC,688,1,5,8,0,1,3,52,46,1,1,1,0,0,0,118,538
1,18,NAYARIT,2,TEPIC,17,TEPIC,689,1,2,9,4,1,1,46,34,0,0,0,0,0,1,98,400
1,18,NAYARIT,2,TEPIC,17,TEPIC,690,1,2,5,0,0,2,42,34,1,0,0,0,0,2,88,382
1,18,NAYARIT,2,TEPIC,17,TEPIC,691,1,4,18,1,3,1,41,43,0,0,0,0,0,0,111,444
1,18,NAYARIT,2,TEPIC,17,TEPIC,692,1,6,10,3,0,1,44,43,1,0,0,1,0,1,110,663
1,18,NAYARIT,2,TEPIC,17,TEPIC,693,3,5,4,7,5,4,52,80,3,0,2,0,0,5,167,1587
1,18,NAYARIT,2,TEPIC,17,TEPIC,694,3,1,14,6,3,16,36,63,2,0,0,0,0,8,149,1781
1,18,NAYARIT,2,TEPIC,17,TEPIC,695,7,15,15,14,8,14,119,162,5,1,2,0,0,12,367,3989
1,18,NAYARIT,2,TEPIC,17,TEPIC,696,2,4,15,4,11,8,88,62,4,0,1,2,0,3,202,976
1,18,NAYARIT,2,TEPIC,17,TEPIC,697,1,4,4,2,1,0,22,38,0,0,0,0,0,0,71,537
1,18,NAYARIT,2,TEPIC,17,TEPIC,698,1,1,9,2,1,2,21,26,0,0,1,0,0,0,63,384
1,18,NAYARIT,2,TEPIC,17,TEPIC,699,1,0,5,0,1,5,22,17,1,0,0,0,0,0,51,272
1,18,NAYARIT,2,TEPIC,17,TEPIC,700,2,10,12,2,2,3,96,78,2,0,0,0,0,2,207,1125
1,18,NAYARIT,2,TEPIC,17,TEPIC,701,4,9,21,7,0,4,193,117,0,0,0,1,0,2,354,1804
1,18,NAYARIT,2,TEPIC,17,TEPIC,702,2,10,14,10,1,9,79,108,0,0,0,2,0,2,235,1176
1,18,NAYARIT,2,TEPIC,17,TEPIC,703,1,3,7,3,2,2,53,69,0,0,0,1,0,0,140,562
1,18,NAYARIT,2,TEPIC,17,TEPIC,704,1,5,2,0,0,0,37,16,1,0,0,0,0,1,62,333
1,18,NAYARIT,2,TEPIC,17,TEPIC,705,1,2,9,1,0,1,51,49,0,0,0,0,0,1,114,684
1,18,NAYARIT,2,TEPIC,17,TEPIC,706,1,9,12,1,0,3,40,39,0,0,0,0,0,3,107,687
1,18,NAYARIT,2,TEPIC,17,TEPIC,707,1,2,3,0,1,3,39,47,1,0,0,1,0,2,99,567
1,18,NAYARIT,2,TEPIC,17,TEPIC,708,1,1,6,1,1,2,44,50,0,2,0,0,0,1,108,704
1,18,NAYARIT,2,TEPIC,17,TEPIC,709,4,18,42,24,14,31,383,338,6,7,2,8,0,3,876,1502
1,18,NAYARIT,2,TEPIC,17,TEPIC,710,2,3,16,2,4,6,98,65,0,0,0,2,0,1,197,1327
1,18,NAYARIT,2,TEPIC,17,TEPIC,712,2,2,4,3,1,12,37,44,1,1,0,0,0,3,108,1280
1,18,NAYARIT,2,TEPIC,17,TEPIC,713,2,12,11,3,9,3,145,71,2,0,0,1,0,2,259,1418
1,18,NAYARIT,2,TEPIC,17,TEPIC,714,1,1,5,4,3,4,25,60,1,0,0,0,0,2,105,602
1,18,NAYARIT,2,TEPIC,17,TEPIC,715,2,8,12,10,5,1,82,80,2,0,0,0,0,1,201,1237
1,18,NAYARIT,2,TEPIC,17,TEPIC,716,1,9,8,4,0,0,54,29,1,0,0,1,0,0,106,523
1,18,NAYARIT,2,TEPIC,17,TEPIC,717,1,1,0,0,0,0,15,11,0,0,0,0,0,0,27,190
1,18,NAYARIT,2,TEPIC,17,TEPIC,718,1,1,8,2,1,1,44,42,0,0,0,0,0,2,101,547
1,18,NAYARIT,2,TEPIC,17,TEPIC,719,3,6,8,2,2,2,94,88,2,0,0,1,0,5,210,1518
1,18,NAYARIT,2,TEPIC,17,TEPIC,720,2,1,4,5,1,2,48,61,2,0,0,0,0,5,129,813
1,18,NAYARIT,2,TEPIC,17,TEPIC,721,1,10,4,7,2,1,33,51,2,0,0,0,0,2,112,732
1,18,NAYARIT,2,TEPIC,17,TEPIC,722,2,3,5,4,0,1,59,66,3,2,0,0,0,2,145,763
1,18,NAYARIT,2,TEPIC,17,TEPIC,723,3,14,8,9,6,2,82,129,2,0,0,1,0,7,260,1775
1,18,NAYARIT,2,TEPIC,17,TEPIC,724,3,14,23,13,4,9,77,116,6,0,0,2,0,4,268,1978
1,18,NAYARIT,2,TEPIC,17,TEPIC,725,2,9,21,6,1,2,156,82,1,1,0,0,0,3,282,1476
1,18,NAYARIT,2,TEPIC,17,TEPIC,726,2,3,15,4,0,3,78,59,0,0,0,0,0,0,162,822
1,18,NAYARIT,2,TEPIC,17,TEPIC,727,1,1,10,1,2,3,67,47,0,0,0,0,0,0,131,710
1,18,NAYARIT,2,TEPIC,17,TEPIC,728,2,14,16,4,4,1,141,78,2,1,0,0,0,2,263,1027
1,18,NAYARIT,2,TEPIC,17,TEPIC,729,1,1,9,0,2,3,42,55,1,0,0,0,0,2,115,639
1,18,NAYARIT,2,TEPIC,17,TEPIC,730,2,1,6,1,6,9,26,61,1,0,0,0,0,3,114,855
1,18,NAYARIT,2,TEPIC,17,TEPIC,731,2,4,8,1,1,3,44,60,0,0,0,0,0,1,122,989
1,18,NAYARIT,2,TEPIC,17,TEPIC,732,4,18,6,4,4,11,148,159,1,1,2,1,0,4,359,2605
1,18,NAYARIT,2,TEPIC,17,TEPIC,733,2,4,12,3,3,5,74,85,0,0,0,1,0,2,189,1313
1,18,NAYARIT,2,TEPIC,17,TEPIC,734,2,5,8,1,0,2,48,43,0,0,0,0,0,3,110,782
1,18,NAYARIT,2,TEPIC,17,TEPIC,735,2,1,4,3,1,1,35,48,2,0,0,0,0,2,97,767
1,18,NAYARIT,2,TEPIC,17,TEPIC,736,5,3,13,5,5,12,121,184,1,1,0,1,0,7,353,3221
1,18,NAYARIT,2,TEPIC,17,TEPIC,738,3,0,1,9,1,6,41,104,4,1,0,2,0,4,173,1737
1,18,NAYARIT,2,TEPIC,17,TEPIC,739,2,6,8,4,2,2,67,126,2,0,1,0,0,3,221,1452
1,18,NAYARIT,2,TEPIC,17,TEPIC,740,2,2,6,5,3,4,49,69,0,1,0,0,0,3,142,1000
1,18,NAYARIT,2,TEPIC,17,TEPIC,741,2,4,13,2,1,1,49,49,0,0,2,1,0,1,123,783
1,18,NAYARIT,2,TEPIC,17,TEPIC,742,2,1,3,12,3,5,61,46,0,0,0,0,0,1,132,992
1,18,NAYARIT,2,TEPIC,17,TEPIC,743,2,5,5,6,0,5,41,54,2,0,0,2,0,3,123,799
1,18,NAYARIT,2,TEPIC,17,TEPIC,744,3,3,9,8,0,9,120,84,0,0,0,2,0,4,239,1690
1,18,NAYARIT,2,TEPIC,17,TEPIC,745,2,6,11,2,3,7,53,91,1,0,1,2,0,4,181,1269
1,18,NAYARIT,2,TEPIC,17,TEPIC,746,2,3,8,3,1,6,78,100,1,0,0,1,0,1,202,1308
1,18,NAYARIT,2,TEPIC,17,TEPIC,747,2,2,5,3,0,1,38,58,2,0,0,0,0,0,109,1131
1,18,NAYARIT,2,TEPIC,17,TEPIC,748,2,3,18,1,4,6,44,64,1,1,0,1,0,2,145,1139
1,18,NAYARIT,2,TEPIC,17,TEPIC,749,5,9,10,3,4,27,140,187,2,1,1,0,0,2,386,3067
1,18,NAYARIT,2,TEPIC,17,TEPIC,750,1,1,3,1,0,6,52,35,0,0,0,0,0,5,103,573
1,18,NAYARIT,2,TEPIC,17,TEPIC,751,2,2,6,3,4,0,40,47,1,0,1,1,0,3,108,862
1,18,NAYARIT,2,TEPIC,17,TEPIC,752,2,3,10,7,3,7,47,93,3,1,0,2,0,1,177,1286
1,18,NAYARIT,2,TEPIC,17,TEPIC,753,2,3,3,2,2,7,113,138,3,1,0,4,1,2,279,1424
1,18,NAYARIT,2,TEPIC,17,TEPIC,754,6,5,16,14,8,14,123,180,6,0,1,1,0,7,375,2471
1,18,NAYARIT,2,TEPIC,17,TEPIC,755,2,5,5,17,2,3,47,67,1,0,1,1,0,1,150,1071
1,18,NAYARIT,2,TEPIC,17,TEPIC,756,2,4,4,0,2,3,53,50,3,0,0,0,0,2,121,1187
1,18,NAYARIT,2,TEPIC,17,TEPIC,757,2,1,4,1,1,1,60,42,0,0,0,0,0,0,110,928
1,18,NAYARIT,2,TEPIC,17,TEPIC,759,3,2,3,6,1,2,75,93,4,1,1,1,0,4,193,1659
1,18,NAYARIT,2,TEPIC,17,TEPIC,761,2,6,1,2,2,6,52,79,1,1,0,0,0,2,152,820
1,18,NAYARIT,2,TEPIC,17,TEPIC,762,2,2,8,3,3,10,71,87,0,2,3,1,0,1,191,1345
1,18,NAYARIT,2,TEPIC,17,TEPIC,763,3,4,10,5,5,6,85,111,1,0,0,1,0,2,230,1893
1,18,NAYARIT,2,TEPIC,17,TEPIC,764,7,13,19,7,12,15,199,315,5,2,1,1,0,9,598,4462
1,18,NAYARIT,2,TEPIC,17,TEPIC,765,4,12,7,13,8,17,156,198,3,0,1,1,0,3,419,2892
1,18,NAYARIT,2,TEPIC,17,TEPIC,766,3,1,3,5,2,6,49,69,0,0,0,1,0,1,137,1625
1,18,NAYARIT,2,TEPIC,17,TEPIC,767,1,2,2,0,1,3,27,64,0,1,0,1,0,3,104,632
1,18,NAYARIT,2,TEPIC,17,TEPIC,768,1,1,3,1,2,1,3,15,0,0,0,0,0,0,26,180
1,18,NAYARIT,2,TEPIC,17,TEPIC,769,3,2,32,5,15,20,41,82,4,3,0,0,0,10,214,851
1,18,NAYARIT,2,TEPIC,17,TEPIC,770,3,2,7,4,2,5,68,142,0,1,0,0,0,3,234,1658
1,18,NAYARIT,2,TEPIC,17,TEPIC,771,2,0,16,2,2,7,8,36,1,1,0,0,0,1,74,434
1,18,NAYARIT,2,TEPIC,17,TEPIC,772,2,1,18,6,7,12,13,60,1,1,1,0,0,2,122,733
1,18,NAYARIT,2,TEPIC,17,TEPIC,773,1,0,1,0,1,2,9,38,0,0,0,0,0,2,53,481
1,18,NAYARIT,2,TEPIC,17,TEPIC,774,3,1,12,4,3,11,55,110,1,0,0,1,0,2,200,1529
1,18,NAYARIT,2,TEPIC,17,TEPIC,775,2,2,5,0,3,6,14,29,0,1,0,0,0,1,61,276
1,18,NAYARIT,2,TEPIC,17,TEPIC,776,1,1,2,1,4,0,4,25,0,0,0,0,0,1,38,111
1,18,NAYARIT,2,TEPIC,17,TEPIC,777,1,0,3,0,0,1,2,36,0,0,0,0,0,0,42,218
1,18,NAYARIT,2,TEPIC,17,TEPIC,778,1,4,1,4,2,7,24,47,1,1,0,1,0,3,95,559
1,18,NAYARIT,2,TEPIC,17,TEPIC,779,2,0,0,3,3,3,40,73,1,3,0,0,0,2,128,1149
1,18,NAYARIT,2,TEPIC,17,TEPIC,780,3,6,11,1,7,11,53,162,1,1,0,4,0,3,260,1920
1,18,NAYARIT,2,TEPIC,17,TEPIC,781,2,5,6,7,3,4,34,67,0,0,1,0,0,3,130,1100
1,18,NAYARIT,2,TEPIC,17,TEPIC,782,2,2,2,0,0,6,31,67,0,0,1,1,0,2,112,1033
1,18,NAYARIT,2,TEPIC,17,TEPIC,783,2,1,5,1,3,3,45,68,1,0,1,0,0,0,128,936
1,18,NAYARIT,2,TEPIC,17,TEPIC,784,2,2,12,5,21,3,12,13,0,0,2,0,0,1,71,523
1,18,NAYARIT,2,TEPIC,17,TEPIC,785,3,4,6,3,9,11,21,65,2,1,0,0,0,9,131,1630
1,18,NAYARIT,2,TEPIC,17,TEPIC,786,1,2,1,4,0,16,3,35,0,0,0,0,0,1,62,470
1,18,NAYARIT,2,TEPIC,17,TEPIC,787,1,1,4,3,1,2,7,20,0,0,0,0,0,2,40,372
1,18,NAYARIT,2,TEPIC,17,TEPIC,788,2,0,3,1,2,3,34,68,1,1,1,0,0,2,116,834
1,18,NAYARIT,2,TEPIC,17,TEPIC,789,2,3,2,3,2,4,46,96,0,0,1,0,0,2,159,1060
1,18,NAYARIT,2,TEPIC,17,TEPIC,790,1,0,1,1,0,1,7,20,0,0,0,0,0,0,30,345
1,18,NAYARIT,2,TEPIC,17,TEPIC,791,1,2,3,0,1,3,4,10,1,0,0,0,0,2,26,146
1,18,NAYARIT,2,TEPIC,17,TEPIC,792,2,1,9,3,5,0,9,36,1,0,0,1,0,3,68,784
1,18,NAYARIT,2,TEPIC,17,TEPIC,793,2,1,10,0,5,1,16,46,0,0,0,0,0,0,79,437
1,18,NAYARIT,2,TEPIC,17,TEPIC,794,1,1,2,13,3,3,16,13,0,0,0,1,0,0,52,484
1,18,NAYARIT,2,TEPIC,17,TEPIC,795,2,1,2,3,1,3,45,59,0,2,0,0,0,2,118,873
1,18,NAYARIT,2,TEPIC,17,TEPIC,796,2,1,9,6,4,5,39,60,3,0,1,0,0,2,130,1010
1,18,NAYARIT,2,TEPIC,17,TEPIC,797,2,9,5,12,3,0,30,111,0,0,0,0,0,5,175,1037
1,18,NAYARIT,2,TEPIC,17,TEPIC,798,2,0,1,2,0,1,13,40,0,1,0,0,0,1,59,788
1,18,NAYARIT,2,TEPIC,17,TEPIC,799,22,21,37,27,13,15,323,365,4,1,1,4,0,9,820,12346
1,18,NAYARIT,2,TEPIC,17,TEPIC,800,1,4,2,3,3,6,18,45,3,3,0,2,0,1,90,571
1,18,NAYARIT,2,TEPIC,17,TEPIC,801,2,1,5,1,4,5,30,77,5,1,1,1,0,5,136,1315
1,18,NAYARIT,2,TEPIC,17,TEPIC,802,2,1,8,5,5,5,29,38,0,0,0,0,0,0,91,884
1,18,NAYARIT,2,TEPIC,17,TEPIC,803,2,1,11,8,1,8,30,51,1,0,0,2,0,2,115,1109
1,18,NAYARIT,2,TEPIC,17,TEPIC,804,5,2,10,7,6,18,81,134,2,1,1,1,0,12,275,2844
1,18,NAYARIT,2,TEPIC,17,TEPIC,805,2,2,4,0,4,5,30,78,1,1,0,0,1,2,128,1322
1,18,NAYARIT,2,TEPIC,17,TEPIC,806,2,0,3,15,2,4,35,90,4,2,0,0,0,5,160,1022
1,18,NAYARIT,2,TEPIC,17,TEPIC,807,4,3,13,7,10,7,48,151,3,1,1,0,0,7,251,2309
1,18,NAYARIT,2,TEPIC,17,TEPIC,808,1,3,6,0,3,3,16,33,0,0,0,0,0,0,64,719
1,18,NAYARIT,2,TEPIC,17,TEPIC,809,2,3,7,0,1,2,60,64,1,0,1,0,0,0,139,897
1,18,NAYARIT,2,TEPIC,17,TEPIC,879,2,1,5,9,2,4,41,72,0,0,0,1,0,4,139,1239
1,18,NAYARIT,2,TEPIC,17,TEPIC,880,2,1,5,15,1,4,52,70,0,1,0,0,0,2,151,773
1,18,NAYARIT,2,TEPIC,17,TEPIC,881,2,1,5,6,3,0,39,56,3,0,0,0,0,2,115,856
1,18,NAYARIT,2,TEPIC,17,TEPIC,882,2,1,2,8,3,1,44,45,2,0,0,0,0,0,106,1083
1,18,NAYARIT,2,TEPIC,17,TEPIC,883,2,0,2,4,1,4,51,78,2,0,1,0,0,1,144,1130
1,18,NAYARIT,2,TEPIC,17,TEPIC,884,1,1,1,6,2,3,33,35,3,0,0,0,0,0,84,696
1,18,NAYARIT,2,TEPIC,17,TEPIC,885,1,1,5,8,2,5,30,47,0,0,0,1,0,1,100,698
1,18,NAYARIT,2,TEPIC,17,TEPIC,886,2,1,4,7,0,1,29,35,1,0,0,0,0,0,78,819
1,18,NAYARIT,2,TEPIC,17,TEPIC,887,1,0,5,8,0,10,28,31,0,0,0,2,0,0,84,633
1,18,NAYARIT,2,TEPIC,17,TEPIC,888,2,1,10,5,13,16,55,23,1,0,0,1,0,0,125,906
1,18,NAYARIT,2,TEPIC,17,TEPIC,889,1,0,2,1,0,2,16,26,0,0,0,0,0,12,59,498
1,18,NAYARIT,2,TEPIC,17,TEPIC,890,2,5,4,22,2,6,34,82,0,0,0,0,0,1,156,1008
1,18,NAYARIT,2,TEPIC,17,TEPIC,891,2,3,2,6,1,3,44,44,0,0,0,1,3,0,107,872
1,18,NAYARIT,2,TEPIC,17,TEPIC,892,2,0,3,2,1,0,34,43,1,1,0,2,0,2,89,942
1,18,NAYARIT,2,TEPIC,17,TEPIC,893,1,0,0,0,0,3,12,27,2,0,0,1,0,3,48,544
1,18,NAYARIT,2,TEPIC,17,TEPIC,894,2,1,3,14,3,3,72,73,2,2,1,0,0,5,179,941
1,18,NAYARIT,2,TEPIC,17,TEPIC,895,2,0,5,5,2,3,65,50,0,0,0,0,0,1,131,962
1,18,NAYARIT,2,TEPIC,17,TEPIC,896,2,4,6,3,7,6,39,67,1,0,1,0,0,0,134,1205
1,18,NAYARIT,2,TEPIC,17,TEPIC,897,2,2,5,1,4,2,61,48,2,0,0,0,0,1,126,833
1,18,NAYARIT,2,TEPIC,17,TEPIC,898,1,2,3,1,0,0,25,26,1,0,0,0,0,2,60,533
1,18,NAYARIT,2,TEPIC,17,TEPIC,899,2,1,12,1,1,11,54,78,2,0,0,0,0,3,163,977
1,18,NAYARIT,2,TEPIC,17,TEPIC,900,1,0,5,2,2,3,30,47,3,0,0,0,0,0,92,608
1,18,NAYARIT,2,TEPIC,17,TEPIC,901,2,4,7,3,1,2,32,36,1,0,0,1,0,0,87,805
1,18,NAYARIT,2,TEPIC,17,TEPIC,902,2,2,10,3,0,3,32,47,1,0,0,0,0,0,98,779
1,18,NAYARIT,2,TEPIC,17,TEPIC,903,2,1,5,11,0,0,39,43,1,1,0,1,0,1,103,891
1,18,NAYARIT,2,TEPIC,17,TEPIC,904,3,2,9,2,1,6,67,120,0,0,0,0,2,3,212,1923
1,18,NAYARIT,2,TEPIC,17,TEPIC,905,2,2,11,8,2,3,46,60,1,1,0,1,1,4,140,1303
1,18,NAYARIT,2,TEPIC,17,TEPIC,906,2,0,2,12,1,4,34,36,0,1,0,0,0,6,96,830
1,18,NAYARIT,2,TEPIC,17,TEPIC,907,1,1,3,7,0,3,36,24,0,0,0,0,0,0,74,708
1,18,NAYARIT,2,TEPIC,17,TEPIC,908,2,2,8,26,2,2,40,46,0,0,0,0,0,3,129,1012
1,18,NAYARIT,2,TEPIC,17,TEPIC,909,3,9,4,1,2,9,64,76,0,0,0,0,1,0,166,2105
1,18,NAYARIT,2,TEPIC,17,TEPIC,910,2,16,3,9,1,3,32,53,3,0,1,0,0,1,122,1213
1,18,NAYARIT,2,TEPIC,17,TEPIC,911,2,1,3,2,0,5,46,57,0,0,0,0,0,1,115,791
1,18,NAYARIT,2,TEPIC,17,TEPIC,912,1,2,1,2,0,2,16,21,0,0,0,0,0,0,44,475
1,18,NAYARIT,2,TEPIC,17,TEPIC,913,1,0,4,4,1,1,27,38,1,0,0,0,0,0,76,710
1,18,NAYARIT,2,TEPIC,17,TEPIC,914,2,2,7,3,0,7,60,66,0,1,0,1,0,3,150,972
1,18,NAYARIT,2,TEPIC,17,TEPIC,915,1,1,1,2,2,2,14,26,1,1,0,0,0,1,51,602
1,18,NAYARIT,2,TEPIC,17,TEPIC,916,2,4,11,4,0,3,31,41,2,0,0,0,0,3,99,843
1,18,NAYARIT,2,TEPIC,17,TEPIC,917,2,1,5,2,3,2,26,36,1,1,1,1,0,2,81,806
1,18,NAYARIT,2,TEPIC,17,TEPIC,918,2,2,8,2,1,4,56,91,1,0,0,0,0,5,170,954
1,18,NAYARIT,2,TEPIC,17,TEPIC,919,1,2,6,1,0,1,88,23,0,0,0,0,0,0,121,569
1,18,NAYARIT,2,TEPIC,17,TEPIC,920,2,1,9,4,1,2,84,76,1,1,0,0,0,1,180,974
1,18,NAYARIT,2,TEPIC,17,TEPIC,921,1,1,4,1,1,2,51,74,1,0,1,0,0,1,137,556
1,18,NAYARIT,2,TEPIC,17,TEPIC,922,1,2,7,1,0,0,72,46,1,0,0,0,0,0,129,624
1,18,NAYARIT,2,TEPIC,17,TEPIC,923,2,4,7,4,1,8,73,64,2,0,1,0,0,1,165,825
1,18,NAYARIT,2,TEPIC,17,TEPIC,924,2,1,7,6,1,7,43,50,0,0,0,0,0,1,116,807
1,18,NAYARIT,2,TEPIC,17,TEPIC,925,2,7,2,1,1,0,54,54,0,0,0,1,0,3,123,872
1,18,NAYARIT,2,TEPIC,17,TEPIC,926,2,5,8,2,4,3,47,78,1,0,0,0,0,1,149,1089
1,18,NAYARIT,2,TEPIC,17,TEPIC,927,2,2,2,2,2,4,23,60,1,0,0,2,0,2,100,817
1,18,NAYARIT,2,TEPIC,17,TEPIC,928,1,2,0,1,0,4,28,41,1,0,0,0,0,1,78,642
1,18,NAYARIT,2,TEPIC,17,TEPIC,929,2,1,7,6,4,3,56,98,2,0,1,0,0,0,178,1148
1,18,NAYARIT,2,TEPIC,17,TEPIC,930,2,2,4,0,2,4,40,89,2,0,0,0,0,0,143,1052
1,18,NAYARIT,2,TEPIC,17,TEPIC,931,2,2,12,2,5,6,68,89,2,0,0,0,0,0,186,1221
1,18,NAYARIT,2,TEPIC,17,TEPIC,932,2,0,13,4,1,4,71,58,0,0,0,1,0,2,154,1336
1,18,NAYARIT,2,TEPIC,17,TEPIC,933,2,3,5,3,2,2,65,65,1,0,0,0,0,2,148,1024
1,18,NAYARIT,2,TEPIC,17,TEPIC,934,2,2,6,1,1,0,55,53,2,0,0,0,0,1,121,890
1,18,NAYARIT,2,TEPIC,17,TEPIC,935,2,3,8,0,0,1,45,64,1,0,1,0,0,1,124,811
1,18,NAYARIT,2,TEPIC,17,TEPIC,936,2,5,5,5,1,0,53,59,0,0,0,0,0,1,129,1048
1,18,NAYARIT,2,TEPIC,17,TEPIC,937,2,3,6,4,1,3,70,82,2,0,0,1,0,0,172,976
1,18,NAYARIT,2,TEPIC,17,TEPIC,938,1,4,0,1,0,0,16,31,0,0,1,0,0,0,53,578
1,18,NAYARIT,2,TEPIC,17,TEPIC,939,2,0,9,4,1,6,108,74,1,0,0,0,0,0,203,1374
1,18,NAYARIT,2,TEPIC,17,TEPIC,940,2,10,4,1,6,2,56,52,2,0,0,0,0,0,133,941
1,18,NAYARIT,2,TEPIC,17,TEPIC,941,2,1,11,2,1,5,95,65,0,0,0,1,0,1,182,1127
1,18,NAYARIT,2,TEPIC,17,TEPIC,942,2,7,7,0,3,0,58,84,0,0,0,3,0,0,162,1282
1,18,NAYARIT,2,TEPIC,17,TEPIC,943,1,3,2,8,3,5,22,52,1,0,0,0,0,2,98,672
1,18,NAYARIT,2,TEPIC,17,TEPIC,944,1,0,1,0,1,1,26,46,2,1,0,0,0,1,79,700
1,18,NAYARIT,2,TEPIC,17,TEPIC,945,2,2,0,4,1,4,29,41,0,0,0,1,0,2,84,1119
1,18,NAYARIT,2,TEPIC,17,TEPIC,946,2,1,3,6,1,2,44,26,1,0,0,0,0,1,85,1087
1,18,NAYARIT,2,TEPIC,17,TEPIC,947,1,0,0,0,0,1,23,34,0,0,0,1,1,1,61,632
1,18,NAYARIT,2,TEPIC,17,TEPIC,948,1,0,2,2,3,1,21,37,1,0,0,1,0,0,68,725
1,18,NAYARIT,2,TEPIC,17,TEPIC,949,1,2,3,2,1,0,31,27,0,0,0,0,0,1,67,634
1,18,NAYARIT,2,TEPIC,17,TEPIC,950,1,1,5,3,0,0,36,37,0,0,0,0,0,2,84,719
1,18,NAYARIT,2,TEPIC,17,TEPIC,951,1,1,5,0,1,3,36,26,0,0,0,0,0,1,73,446
1,18,NAYARIT,2,TEPIC,17,TEPIC,952,2,1,4,2,1,4,21,20,3,0,0,0,0,2,58,912
1,18,NAYARIT,2,TEPIC,17,TEPIC,953,2,2,4,2,3,4,37,49,0,2,0,1,0,0,104,778
1,18,NAYARIT,2,TEPIC,17,TEPIC,954,2,1,1,4,2,2,28,50,2,0,0,0,0,1,91,969
1,18,NAYARIT,2,TEPIC,17,TEPIC,955,2,0,3,1,1,4,25,39,1,0,0,0,0,0,74,790
1,18,NAYARIT,2,TEPIC,17,TEPIC,956,1,0,3,2,1,5,20,28,0,0,0,0,0,1,60,652
1,18,NAYARIT,2,TEPIC,17,TEPIC,957,2,1,1,5,0,6,29,46,4,0,0,0,0,3,95,888
1,18,NAYARIT,2,TEPIC,17,TEPIC,958,2,0,1,2,1,3,24,18,0,0,0,0,0,2,51,988
1,18,NAYARIT,2,TEPIC,17,TEPIC,959,2,2,0,12,0,3,40,29,0,2,0,0,1,1,90,798
1,18,NAYARIT,2,TEPIC,17,TEPIC,960,2,1,1,1,1,0,30,31,0,0,0,0,0,4,69,960
1,18,NAYARIT,2,TEPIC,17,TEPIC,961,2,0,8,2,0,3,24,31,1,0,0,0,0,2,71,1084
1,18,NAYARIT,2,TEPIC,17,TEPIC,962,1,0,1,1,4,1,22,20,0,1,0,0,0,0,50,632
1,18,NAYARIT,2,TEPIC,17,TEPIC,963,2,0,2,3,0,2,25,28,0,0,0,0,0,1,61,1012
1,18,NAYARIT,2,TEPIC,17,TEPIC,964,1,0,0,1,2,1,11,34,0,0,0,1,0,1,51,667
1,18,NAYARIT,2,TEPIC,17,TEPIC,965,2,1,4,0,2,8,34,47,1,0,0,1,0,1,99,1089
1,18,NAYARIT,2,TEPIC,17,TEPIC,966,1,4,0,1,1,1,17,19,0,0,0,0,0,3,46,404
1,18,NAYARIT,2,TEPIC,17,TEPIC,967,3,11,8,6,9,0,119,69,0,0,0,0,1,3,226,1338
1,18,NAYARIT,2,TEPIC,17,TEPIC,968,1,1,3,0,0,2,19,28,0,0,0,0,0,1,54,490
1,18,NAYARIT,2,TEPIC,17,TEPIC,969,1,2,1,0,2,3,30,32,3,1,0,0,0,0,74,486
1,18,NAYARIT,2,TEPIC,17,TEPIC,970,1,4,1,1,1,1,28,24,0,0,0,2,1,0,63,431
1,18,NAYARIT,2,TEPIC,17,TEPIC,971,1,0,1,0,2,0,17,28,0,0,0,0,0,1,49,416
1,18,NAYARIT,2,TEPIC,17,TEPIC,985,2,1,4,1,4,6,47,84,2,0,0,1,0,0,150,1495
1,18,NAYARIT,2,TEPIC,17,TEPIC,986,4,6,11,3,2,1,127,125,1,0,0,0,1,5,282,2285
1,18,NAYARIT,2,TEPIC,19,XALISCO,982,2,3,3,2,2,3,23,45,3,1,0,1,0,1,87,1141
1,18,NAYARIT,2,TEPIC,19,XALISCO,983,1,4,0,1,0,6,33,26,0,0,0,0,0,0,70,505
1,18,NAYARIT,3,COMPOSTELA,2,AHUACATLAN,49,2,5,5,4,4,7,38,36,0,0,0,0,0,1,100,754
1,18,NAYARIT,3,COMPOSTELA,2,AHUACATLAN,50,2,6,0,5,4,4,53,36,0,0,0,0,0,3,111,871
1,18,NAYARIT,3,COMPOSTELA,2,AHUACATLAN,51,1,4,4,4,11,6,64,45,1,0,1,0,0,0,140,689
1,18,NAYARIT,3,COMPOSTELA,2,AHUACATLAN,52,2,4,5,8,7,17,80,50,0,1,0,0,0,3,175,1241
1,18,NAYARIT,3,COMPOSTELA,2,AHUACATLAN,53,2,1,9,9,12,6,69,44,1,1,0,0,0,1,153,1017
1,18,NAYARIT,3,COMPOSTELA,2,AHUACATLAN,54,2,5,5,5,4,9,84,70,0,0,1,0,0,1,184,1185
1,18,NAYARIT,3,COMPOSTELA,2,AHUACATLAN,55,1,1,3,3,0,16,10,21,0,0,0,1,0,1,56,290
1,18,NAYARIT,3,COMPOSTELA,2,AHUACATLAN,56,1,2,7,1,0,25,17,58,1,0,0,1,0,0,112,622
1,18,NAYARIT,3,COMPOSTELA,2,AHUACATLAN,57,2,4,7,0,6,10,20,79,0,0,0,2,0,1,129,831
1,18,NAYARIT,3,COMPOSTELA,2,AHUACATLAN,58,1,1,2,0,1,3,10,45,0,0,0,0,0,3,65,526
1,18,NAYARIT,3,COMPOSTELA,2,AHUACATLAN,59,2,2,6,0,1,13,39,62,2,0,0,3,0,4,132,1412
1,18,NAYARIT,3,COMPOSTELA,2,AHUACATLAN,60,1,2,2,0,19,18,41,35,0,0,0,2,0,2,121,680
1,18,NAYARIT,3,COMPOSTELA,2,AHUACATLAN,61,2,6,4,4,3,12,77,64,0,1,0,1,0,3,175,901
1,18,NAYARIT,3,COMPOSTELA,2,AHUACATLAN,62,1,1,3,0,2,0,24,33,0,0,0,0,0,2,65,256
1,18,NAYARIT,3,COMPOSTELA,2,AHUACATLAN,63,1,1,1,0,1,1,17,15,0,0,0,0,0,0,36,376
1,18,NAYARIT,3,COMPOSTELA,2,AHUACATLAN,64,1,2,0,0,4,15,6,47,0,0,0,1,1,1,77,214
1,18,NAYARIT,3,COMPOSTELA,2,AHUACATLAN,65,2,1,1,0,0,4,4,34,0,0,0,0,0,5,49,653
1,18,NAYARIT,3,COMPOSTELA,3,AMATLAN DE CAÑAS,66,1,5,7,1,23,1,24,7,0,0,0,0,0,3,71,476
1,18,NAYARIT,3,COMPOSTELA,3,AMATLAN DE CAÑAS,67,2,12,3,0,39,3,48,31,0,0,1,1,0,2,140,805
1,18,NAYARIT,3,COMPOSTELA,3,AMATLAN DE CAÑAS,68,2,9,3,1,23,2,30,73,0,0,1,1,0,1,144,797
1,18,NAYARIT,3,COMPOSTELA,3,AMATLAN DE CAÑAS,69,1,2,5,0,3,0,34,6,0,0,0,0,0,0,50,474
1,18,NAYARIT,3,COMPOSTELA,3,AMATLAN DE CAÑAS,70,1,1,3,0,8,1,20,7,0,0,0,0,0,1,41,222
1,18,NAYARIT,3,COMPOSTELA,3,AMATLAN DE CAÑAS,71,1,2,1,11,19,0,11,4,0,1,0,0,0,1,50,189
1,18,NAYARIT,3,COMPOSTELA,3,AMATLAN DE CAÑAS,72,1,7,1,29,2,0,2,6,0,0,0,0,0,0,47,108
1,18,NAYARIT,3,COMPOSTELA,3,AMATLAN DE CAÑAS,74,1,0,6,5,7,4,44,3,0,0,0,0,0,1,70,450
1,18,NAYARIT,3,COMPOSTELA,3,AMATLAN DE CAÑAS,75,1,11,2,28,15,2,4,25,0,0,0,0,1,2,90,576
1,18,NAYARIT,3,COMPOSTELA,3,AMATLAN DE CAÑAS,76,1,0,0,2,8,0,14,4,0,0,0,0,0,2,30,126
1,18,NAYARIT,3,COMPOSTELA,3,AMATLAN DE CAÑAS,77,1,2,0,4,12,1,26,20,1,0,0,0,0,0,66,455
1,18,NAYARIT,3,COMPOSTELA,3,AMATLAN DE CAÑAS,78,1,3,0,4,22,3,47,22,0,0,0,0,0,1,102,673
1,18,NAYARIT,3,COMPOSTELA,3,AMATLAN DE CAÑAS,79,2,0,3,33,65,5,40,28,0,0,0,0,0,0,174,953
1,18,NAYARIT,3,COMPOSTELA,3,AMATLAN DE CAÑAS,80,1,0,0,1,35,2,33,36,0,0,1,0,0,2,110,543
1,18,NAYARIT,3,COMPOSTELA,3,AMATLAN DE CAÑAS,81,1,0,1,0,12,0,12,15,0,0,0,0,0,2,42,214
1,18,NAYARIT,3,COMPOSTELA,3,AMATLAN DE CAÑAS,82,1,1,1,0,22,0,32,34,0,0,0,0,0,2,92,498
1,18,NAYARIT,3,COMPOSTELA,3,AMATLAN DE CAÑAS,83,1,3,8,3,50,0,35,28,0,0,2,0,0,1,130,647
1,18,NAYARIT,3,COMPOSTELA,3,AMATLAN DE CAÑAS,84,1,1,2,1,33,1,8,4,0,0,0,0,0,2,52,208
1,18,NAYARIT,3,COMPOSTELA,3,AMATLAN DE CAÑAS,86,1,0,3,0,26,0,5,3,1,0,0,0,0,2,40,282
1,18,NAYARIT,3,COMPOSTELA,3,AMATLAN DE CAÑAS,88,1,16,1,6,165,2,5,2,0,0,0,0,0,1,198,422
1,18,NAYARIT,3,COMPOSTELA,3,AMATLAN DE CAÑAS,89,1,9,5,3,78,0,0,1,0,0,0,0,0,1,97,365
1,18,NAYARIT,3,COMPOSTELA,4,BAHIA DE BANDERAS,91,1,1,2,1,1,8,38,40,0,0,0,0,0,1,92,728
1,18,NAYARIT,3,COMPOSTELA,4,BAHIA DE BANDERAS,92,1,4,2,1,1,8,21,42,0,0,0,1,0,0,80,699
1,18,NAYARIT,3,COMPOSTELA,4,BAHIA DE BANDERAS,93,1,2,5,1,2,6,2,42,1,0,0,0,0,0,61,205
1,18,NAYARIT,3,COMPOSTELA,4,BAHIA DE BANDERAS,94,1,2,1,20,0,1,6,10,0,0,0,0,0,0,40,601
1,18,NAYARIT,3,COMPOSTELA,4,BAHIA DE BANDERAS,95,2,15,1,5,0,6,55,72,0,0,0,0,0,1,155,628
1,18,NAYARIT,3,COMPOSTELA,4,BAHIA DE BANDERAS,96,3,0,3,0,0,2,73,75,0,0,0,0,0,3,156,1666
1,18,NAYARIT,3,COMPOSTELA,4,BAHIA DE BANDERAS,97,2,1,11,2,0,4,42,69,0,0,0,0,0,3,132,1196
1,18,NAYARIT,3,COMPOSTELA,4,BAHIA DE BANDERAS,98,6,3,2,17,1,18,62,88,0,1,0,1,0,1,194,4098
1,18,NAYARIT,3,COMPOSTELA,4,BAHIA DE BANDERAS,99,2,6,1,0,1,7,17,73,0,0,0,0,0,3,108,884
1,18,NAYARIT,3,COMPOSTELA,4,BAHIA DE BANDERAS,100,3,3,0,4,1,2,32,74,0,0,0,0,0,0,116,1710
1,18,NAYARIT,3,COMPOSTELA,4,BAHIA DE BANDERAS,101,2,4,0,1,6,5,39,91,1,0,0,1,0,0,148,1483
1,18,NAYARIT,3,COMPOSTELA,4,BAHIA DE BANDERAS,102,3,5,1,1,2,8,51,84,0,0,0,0,0,3,155,1564
1,18,NAYARIT,3,COMPOSTELA,4,BAHIA DE BANDERAS,103,2,2,3,1,3,5,38,80,0,0,0,0,0,2,134,1221
1,18,NAYARIT,3,COMPOSTELA,4,BAHIA DE BANDERAS,104,3,1,1,2,1,10,57,95,2,0,0,0,0,0,169,1883
1,18,NAYARIT,3,COMPOSTELA,4,BAHIA DE BANDERAS,105,3,1,1,6,0,6,82,100,2,0,0,1,0,2,201,1618
1,18,NAYARIT,3,COMPOSTELA,4,BAHIA DE BANDERAS,106,3,1,1,1,2,2,92,87,1,0,0,0,0,3,190,1639
1,18,NAYARIT,3,COMPOSTELA,4,BAHIA DE BANDERAS,107,3,8,0,2,1,4,48,164,2,0,1,0,0,2,232,2124
1,18,NAYARIT,3,COMPOSTELA,4,BAHIA DE BANDERAS,108,3,1,1,0,0,4,46,96,2,0,0,0,1,2,153,1502
1,18,NAYARIT,3,COMPOSTELA,4,BAHIA DE BANDERAS,109,2,3,2,3,1,4,31,101,0,0,0,0,0,0,145,1227
1,18,NAYARIT,3,COMPOSTELA,4,BAHIA DE BANDERAS,110,3,1,0,2,0,1,17,57,0,0,0,0,1,0,79,2078
1,18,NAYARIT,3,COMPOSTELA,4,BAHIA DE BANDERAS,111,8,2,5,4,2,7,34,99,1,0,0,2,0,2,158,5309
1,18,NAYARIT,3,COMPOSTELA,4,BAHIA DE BANDERAS,112,8,2,9,0,12,9,49,132,1,0,1,1,0,3,219,5619
1,18,NAYARIT,3,COMPOSTELA,4,BAHIA DE BANDERAS,113,3,5,12,3,2,0,58,63,1,0,0,2,0,1,147,1471
1,18,NAYARIT,3,COMPOSTELA,4,BAHIA DE BANDERAS,114,4,5,32,4,1,5,80,101,2,0,0,1,0,0,231,2875
1,18,NAYARIT,3,COMPOSTELA,4,BAHIA DE BANDERAS,115,16,5,3,8,18,6,187,218,2,0,0,3,0,12,462,11420
1,18,NAYARIT,3,COMPOSTELA,4,BAHIA DE BANDERAS,116,10,4,6,4,8,6,127,148,2,0,1,0,0,5,311,7321
1,18,NAYARIT,3,COMPOSTELA,4,BAHIA DE BANDERAS,117,4,1,1,3,3,3,94,77,0,0,1,0,0,1,184,2984
1,18,NAYARIT,3,COMPOSTELA,4,BAHIA DE BANDERAS,118,23,10,6,49,21,30,237,295,3,0,1,4,1,17,674,16546
1,18,NAYARIT,3,COMPOSTELA,4,BAHIA DE BANDERAS,119,6,0,1,4,1,1,74,82,8,0,0,0,0,1,172,4034
1,18,NAYARIT,3,COMPOSTELA,4,BAHIA DE BANDERAS,120,6,2,1,1,0,2,57,131,0,0,0,0,0,3,197,4175
1,18,NAYARIT,3,COMPOSTELA,4,BAHIA DE BANDERAS,121,3,3,3,2,2,5,67,55,1,0,0,2,0,1,141,1750
1,18,NAYARIT,3,COMPOSTELA,4,BAHIA DE BANDERAS,122,4,4,2,1,1,4,53,56,1,0,0,0,0,5,127,2807
1,18,NAYARIT,3,COMPOSTELA,4,BAHIA DE BANDERAS,123,4,8,2,0,1,3,56,28,0,0,0,2,0,1,101,2366
1,18,NAYARIT,3,COMPOSTELA,4,BAHIA DE BANDERAS,972,5,3,1,0,1,3,27,54,0,0,0,1,0,3,93,3288
1,18,NAYARIT,3,COMPOSTELA,4,BAHIA DE BANDERAS,973,1,2,2,1,2,1,7,37,0,0,0,1,0,1,54,557
1,18,NAYARIT,3,COMPOSTELA,4,BAHIA DE BANDERAS,974,2,0,2,0,0,1,13,32,1,0,0,0,0,2,51,1095
1,18,NAYARIT,3,COMPOSTELA,4,BAHIA DE BANDERAS,975,4,3,1,3,1,5,21,89,2,0,0,1,0,3,129,2662
1,18,NAYARIT,3,COMPOSTELA,4,BAHIA DE BANDERAS,976,1,0,0,0,0,6,16,28,0,0,0,0,0,1,51,609
1,18,NAYARIT,3,COMPOSTELA,4,BAHIA DE BANDERAS,977,4,4,2,1,2,8,96,98,1,0,0,1,0,5,218,2867
1,18,NAYARIT,3,COMPOSTELA,4,BAHIA DE BANDERAS,978,4,4,2,4,2,8,30,46,2,0,0,0,0,0,98,2684
1,18,NAYARIT,3,COMPOSTELA,4,BAHIA DE BANDERAS,979,5,7,3,6,0,3,38,68,0,0,0,0,0,4,129,3062
1,18,NAYARIT,3,COMPOSTELA,4,BAHIA DE BANDERAS,980,1,1,1,0,0,1,18,13,0,0,0,0,0,1,35,614
1,18,NAYARIT,3,COMPOSTELA,4,BAHIA DE BANDERAS,981,4,4,0,5,2,1,36,76,0,0,0,0,0,0,124,2940
1,18,NAYARIT,3,COMPOSTELA,5,COMPOSTELA,124,2,1,6,13,1,3,70,34,0,0,1,0,0,4,133,1107
1,18,NAYARIT,3,COMPOSTELA,5,COMPOSTELA,125,2,3,7,6,1,1,66,49,0,0,0,0,0,2,135,1134
1,18,NAYARIT,3,COMPOSTELA,5,COMPOSTELA,126,3,5,7,27,1,0,94,71,0,0,0,0,0,5,210,1697
1,18,NAYARIT,3,COMPOSTELA,5,COMPOSTELA,127,1,2,1,2,1,0,48,41,0,0,0,0,0,0,95,746
1,18,NAYARIT,3,COMPOSTELA,5,COMPOSTELA,128,2,6,2,11,0,0,69,50,0,0,0,0,0,2,140,863
1,18,NAYARIT,3,COMPOSTELA,5,COMPOSTELA,129,2,12,6,5,3,1,97,64,0,0,0,0,0,4,192,1173
1,18,NAYARIT,3,COMPOSTELA,5,COMPOSTELA,130,1,4,1,4,1,1,69,36,0,0,0,0,0,0,116,669
1,18,NAYARIT,3,COMPOSTELA,5,COMPOSTELA,131,1,1,1,13,0,0,42,35,1,0,0,0,0,1,94,599
1,18,NAYARIT,3,COMPOSTELA,5,COMPOSTELA,132,3,2,0,6,3,0,64,52,0,0,0,0,0,1,128,1794
1,18,NAYARIT,3,COMPOSTELA,5,COMPOSTELA,133,3,4,5,3,2,3,54,35,0,1,0,0,0,0,107,1711
1,18,NAYARIT,3,COMPOSTELA,5,COMPOSTELA,134,2,4,4,1,3,1,55,77,0,0,0,0,0,0,145,907
1,18,NAYARIT,3,COMPOSTELA,5,COMPOSTELA,135,2,7,8,3,0,1,94,53,0,0,0,0,2,2,170,865
1,18,NAYARIT,3,COMPOSTELA,5,COMPOSTELA,136,1,1,1,3,4,2,90,44,1,0,0,1,0,1,148,690
1,18,NAYARIT,3,COMPOSTELA,5,COMPOSTELA,137,3,3,8,3,8,6,95,68,0,0,1,0,0,2,194,1517
1,18,NAYARIT,3,COMPOSTELA,5,COMPOSTELA,138,1,1,5,2,0,3,40,23,1,0,0,0,0,1,76,689
1,18,NAYARIT,3,COMPOSTELA,5,COMPOSTELA,139,1,1,0,0,0,0,16,29,0,0,0,0,0,0,46,686
1,18,NAYARIT,3,COMPOSTELA,5,COMPOSTELA,140,1,1,2,2,1,1,46,42,0,0,0,0,0,3,98,497
1,18,NAYARIT,3,COMPOSTELA,5,COMPOSTELA,141,1,0,1,0,3,1,33,26,0,0,0,0,0,2,66,662
1,18,NAYARIT,3,COMPOSTELA,5,COMPOSTELA,142,1,2,0,0,1,0,4,7,0,0,0,0,0,0,14,124
1,18,NAYARIT,3,COMPOSTELA,5,COMPOSTELA,143,2,0,1,2,0,2,34,30,0,0,0,0,0,0,69,372
1,18,NAYARIT,3,COMPOSTELA,5,COMPOSTELA,144,1,1,0,0,0,1,14,55,0,0,0,0,0,1,72,646
1,18,NAYARIT,3,COMPOSTELA,5,COMPOSTELA,145,2,1,4,3,1,1,42,30,0,0,2,0,1,1,86,742
1,18,NAYARIT,3,COMPOSTELA,5,COMPOSTELA,146,1,0,0,0,0,0,13,3,0,0,0,0,0,0,16,244
1,18,NAYARIT,3,COMPOSTELA,5,COMPOSTELA,147,1,3,1,0,0,1,23,27,0,0,0,0,0,0,55,422
1,18,NAYARIT,3,COMPOSTELA,5,COMPOSTELA,148,1,1,0,0,0,2,18,21,0,0,0,0,0,0,42,708
1,18,NAYARIT,3,COMPOSTELA,5,COMPOSTELA,149,1,0,2,0,0,0,22,21,0,0,0,0,0,1,46,604
1,18,NAYARIT,3,COMPOSTELA,5,COMPOSTELA,150,1,0,0,0,0,0,8,22,0,0,0,0,0,0,30,590
1,18,NAYARIT,3,COMPOSTELA,5,COMPOSTELA,151,2,0,0,1,2,2,23,30,0,0,0,0,0,0,58,1130
1,18,NAYARIT,3,COMPOSTELA,5,COMPOSTELA,152,2,0,0,1,1,1,20,22,0,0,0,0,0,0,45,964
1,18,NAYARIT,3,COMPOSTELA,5,COMPOSTELA,153,1,0,1,0,1,0,5,36,0,0,0,0,0,1,44,252
1,18,NAYARIT,3,COMPOSTELA,5,COMPOSTELA,154,1,0,0,0,0,12,17,10,0,0,0,0,1,0,40,468
1,18,NAYARIT,3,COMPOSTELA,5,COMPOSTELA,155,1,1,3,0,1,0,46,10,0,0,0,0,0,0,61,514
1,18,NAYARIT,3,COMPOSTELA,5,COMPOSTELA,156,1,1,4,1,3,0,26,15,0,0,0,0,0,1,51,452
1,18,NAYARIT,3,COMPOSTELA,5,COMPOSTELA,157,1,0,0,0,0,0,0,0,0,0,0,0,0,0,0,698
1,18,NAYARIT,3,COMPOSTELA,5,COMPOSTELA,158,2,0,0,1,0,2,24,21,0,0,0,0,0,3,51,1056
1,18,NAYARIT,3,COMPOSTELA,5,COMPOSTELA,159,2,0,1,0,0,3,27,23,0,0,0,0,0,1,55,887
1,18,NAYARIT,3,COMPOSTELA,5,COMPOSTELA,160,1,0,0,1,0,2,18,25,0,0,0,0,0,0,46,693
1,18,NAYARIT,3,COMPOSTELA,5,COMPOSTELA,161,2,0,1,0,0,2,7,23,0,0,0,0,0,2,35,1093
1,18,NAYARIT,3,COMPOSTELA,5,COMPOSTELA,162,1,0,0,0,0,2,13,25,2,0,0,0,0,0,42,549
1,18,NAYARIT,3,COMPOSTELA,5,COMPOSTELA,163,2,1,2,1,0,2,15,33,0,0,0,0,0,3,57,912
1,18,NAYARIT,3,COMPOSTELA,5,COMPOSTELA,164,2,1,0,1,1,4,22,22,0,0,0,0,0,0,51,798
1,18,NAYARIT,3,COMPOSTELA,5,COMPOSTELA,165,1,0,0,0,0,1,41,31,1,0,0,0,0,2,76,676
1,18,NAYARIT,3,COMPOSTELA,5,COMPOSTELA,166,2,0,0,0,5,18,27,0,0,0,0,0,1,2,53,925
1,18,NAYARIT,3,COMPOSTELA,5,COMPOSTELA,167,2,1,0,0,1,3,19,31,1,0,0,0,0,0,56,1175
1,18,NAYARIT,3,COMPOSTELA,5,COMPOSTELA,168,2,3,0,0,0,10,34,48,0,0,1,2,0,2,100,1268
1,18,NAYARIT,3,COMPOSTELA,5,COMPOSTELA,169,2,1,3,0,1,2,22,41,0,0,0,0,0,0,70,800
1,18,NAYARIT,3,COMPOSTELA,5,COMPOSTELA,170,1,0,1,0,1,3,15,25,0,0,1,0,0,0,46,313
1,18,NAYARIT,3,COMPOSTELA,5,COMPOSTELA,171,2,0,5,2,9,1,21,19,0,0,0,0,0,2,59,1058
1,18,NAYARIT,3,COMPOSTELA,5,COMPOSTELA,172,1,0,0,0,0,0,18,4,0,0,0,0,0,0,22,129
1,18,NAYARIT,3,COMPOSTELA,5,COMPOSTELA,173,2,1,0,1,0,1,36,62,0,0,0,0,0,3,104,963
1,18,NAYARIT,3,COMPOSTELA,5,COMPOSTELA,174,1,0,2,0,0,1,16,15,0,0,0,0,0,0,34,122
1,18,NAYARIT,3,COMPOSTELA,5,COMPOSTELA,175,1,0,1,1,2,0,23,48,0,0,0,2,0,1,78,486
1,18,NAYARIT,3,COMPOSTELA,5,COMPOSTELA,176,1,1,5,0,1,0,16,65,0,0,0,1,0,0,89,570
1,18,NAYARIT,3,COMPOSTELA,5,COMPOSTELA,177,2,0,3,0,24,0,24,18,0,0,0,0,0,0,69,963
1,18,NAYARIT,3,COMPOSTELA,5,COMPOSTELA,178,1,0,1,1,0,0,24,30,1,0,0,0,0,3,60,421
1,18,NAYARIT,3,COMPOSTELA,5,COMPOSTELA,179,1,0,0,0,1,2,31,24,0,0,0,1,0,0,59,524
1,18,NAYARIT,3,COMPOSTELA,5,COMPOSTELA,180,2,1,1,0,1,8,106,24,0,0,0,0,0,2,143,802
1,18,NAYARIT,3,COMPOSTELA,5,COMPOSTELA,181,1,0,4,0,0,0,23,3,0,0,0,0,0,1,31,322
1,18,NAYARIT,3,COMPOSTELA,5,COMPOSTELA,182,1,0,1,0,0,0,13,28,0,0,0,0,0,0,42,214
1,18,NAYARIT,3,COMPOSTELA,5,COMPOSTELA,183,5,2,8,1,1,15,139,86,0,0,0,0,0,0,252,2815
1,18,NAYARIT,3,COMPOSTELA,5,COMPOSTELA,184,3,0,0,0,1,1,40,27,0,0,0,0,0,2,71,1568
1,18,NAYARIT,3,COMPOSTELA,5,COMPOSTELA,185,2,2,1,1,0,0,25,29,0,0,0,0,0,0,58,1446
1,18,NAYARIT,3,COMPOSTELA,5,COMPOSTELA,186,1,1,4,0,0,0,26,21,0,0,0,0,0,2,54,626
1,18,NAYARIT,3,COMPOSTELA,5,COMPOSTELA,187,1,2,0,0,0,0,25,32,0,0,0,0,0,1,60,632
1,18,NAYARIT,3,COMPOSTELA,5,COMPOSTELA,188,2,0,1,1,2,0,57,33,0,0,0,0,0,1,95,947
1,18,NAYARIT,3,COMPOSTELA,5,COMPOSTELA,189,2,0,8,0,0,3,27,28,0,0,0,0,0,0,66,1150
1,18,NAYARIT,3,COMPOSTELA,5,COMPOSTELA,190,4,2,9,0,0,4,98,72,3,0,0,0,0,2,190,2658
1,18,NAYARIT,3,COMPOSTELA,5,COMPOSTELA,191,1,1,2,0,0,0,13,10,1,0,0,0,0,1,28,189
1,18,NAYARIT,3,COMPOSTELA,5,COMPOSTELA,192,2,1,4,0,4,2,30,88,0,0,0,0,0,2,131,1378
1,18,NAYARIT,3,COMPOSTELA,5,COMPOSTELA,193,1,0,0,1,2,2,11,10,0,0,0,0,0,0,26,276
1,18,NAYARIT,3,COMPOSTELA,5,COMPOSTELA,194,1,2,2,1,1,2,30,10,0,0,0,0,0,1,49,324
1,18,NAYARIT,3,COMPOSTELA,5,COMPOSTELA,195,1,0,0,0,0,0,18,17,0,0,0,0,0,0,35,403
1,18,NAYARIT,3,COMPOSTELA,7,IXTLAN DEL RIO,215,3,16,4,1,2,51,98,61,0,0,0,0,0,3,236,1972
1,18,NAYARIT,3,COMPOSTELA,7,IXTLAN DEL RIO,216,4,38,2,1,0,28,67,65,0,1,0,1,1,0,204,2320
1,18,NAYARIT,3,COMPOSTELA,7,IXTLAN DEL RIO,217,2,14,4,2,3,25,41,26,0,0,0,2,0,2,119,1156
1,18,NAYARIT,3,COMPOSTELA,7,IXTLAN DEL RIO,218,3,18,1,5,1,11,50,46,0,0,1,1,0,3,137,1891
1,18,NAYARIT,3,COMPOSTELA,7,IXTLAN DEL RIO,219,2,16,3,1,1,4,24,45,1,0,0,0,0,2,97,1213
1,18,NAYARIT,3,COMPOSTELA,7,IXTLAN DEL RIO,220,2,11,2,0,3,10,37,38,1,0,1,1,0,0,104,1154
1,18,NAYARIT,3,COMPOSTELA,7,IXTLAN DEL RIO,221,1,5,5,0,0,4,32,24,0,0,0,0,0,1,71,715
1,18,NAYARIT,3,COMPOSTELA,7,IXTLAN DEL RIO,222,1,11,0,1,0,4,54,28,1,0,0,0,0,0,99,730
1,18,NAYARIT,3,COMPOSTELA,7,IXTLAN DEL RIO,223,2,19,4,1,4,7,87,67,0,0,0,0,0,1,190,1127
1,18,NAYARIT,3,COMPOSTELA,7,IXTLAN DEL RIO,224,2,9,4,0,1,9,65,33,1,0,0,0,0,2,124,1098
1,18,NAYARIT,3,COMPOSTELA,7,IXTLAN DEL RIO,225,1,9,11,0,3,10,12,17,0,0,0,0,0,6,68,669
1,18,NAYARIT,3,COMPOSTELA,7,IXTLAN DEL RIO,226,1,7,0,7,1,7,44,23,1,0,0,0,0,2,92,700
1,18,NAYARIT,3,COMPOSTELA,7,IXTLAN DEL RIO,227,1,6,2,2,1,1,34,22,1,0,0,0,0,1,70,566
1,18,NAYARIT,3,COMPOSTELA,7,IXTLAN DEL RIO,228,1,9,7,0,1,3,39,20,0,2,0,0,0,0,81,550
1,18,NAYARIT,3,COMPOSTELA,7,IXTLAN DEL RIO,229,1,7,6,0,0,12,32,36,0,1,0,1,0,2,97,738
1,18,NAYARIT,3,COMPOSTELA,7,IXTLAN DEL RIO,230,3,10,3,5,1,11,45,39,0,0,0,0,0,7,121,1556
1,18,NAYARIT,3,COMPOSTELA,7,IXTLAN DEL RIO,231,2,1,0,4,4,7,40,26,0,1,0,1,0,1,85,839
1,18,NAYARIT,3,COMPOSTELA,7,IXTLAN DEL RIO,232,2,50,5,0,2,2,29,3,0,0,0,0,0,2,93,562
1,18,NAYARIT,3,COMPOSTELA,7,IXTLAN DEL RIO,233,1,18,2,0,0,3,19,13,0,0,0,0,0,0,55,360
1,18,NAYARIT,3,COMPOSTELA,7,IXTLAN DEL RIO,234,1,7,0,0,0,2,9,4,0,0,0,0,0,0,22,233
1,18,NAYARIT,3,COMPOSTELA,7,IXTLAN DEL RIO,235,1,2,2,0,1,0,9,3,0,0,0,0,0,0,17,407
1,18,NAYARIT,3,COMPOSTELA,7,IXTLAN DEL RIO,236,2,5,4,0,1,4,33,33,0,0,0,0,0,0,80,1060
1,18,NAYARIT,3,COMPOSTELA,7,IXTLAN DEL RIO,237,1,4,3,0,0,2,11,11,0,0,0,0,0,0,31,185
1,18,NAYARIT,3,COMPOSTELA,7,IXTLAN DEL RIO,238,1,9,2,1,0,1,25,16,0,0,0,0,0,0,54,382
1,18,NAYARIT,3,COMPOSTELA,8,JALA,239,1,2,5,0,2,2,43,34,0,0,0,0,0,2,90,603
1,18,NAYARIT,3,COMPOSTELA,8,JALA,240,1,1,4,0,1,1,34,24,1,0,0,0,0,0,66,495
1,18,NAYARIT,3,COMPOSTELA,8,JALA,241,2,26,5,0,5,2,74,61,1,0,0,0,0,1,175,935
1,18,NAYARIT,3,COMPOSTELA,8,JALA,242,2,15,11,3,5,1,63,58,0,0,0,0,0,3,159,909
1,18,NAYARIT,3,COMPOSTELA,8,JALA,243,1,6,3,0,8,0,21,31,0,0,0,1,0,3,73,572
1,18,NAYARIT,3,COMPOSTELA,8,JALA,244,2,15,1,0,1,1,52,52,1,0,1,1,0,4,129,1050
1,18,NAYARIT,3,COMPOSTELA,8,JALA,245,1,1,1,3,3,1,3,12,0,0,0,0,0,1,25,169
1,18,NAYARIT,3,COMPOSTELA,8,JALA,246,2,1,2,0,4,2,10,43,0,0,0,0,0,0,62,361
1,18,NAYARIT,3,COMPOSTELA,8,JALA,247,1,2,3,1,4,2,51,19,0,0,0,0,0,2,84,333
1,18,NAYARIT,3,COMPOSTELA,8,JALA,248,2,16,26,1,46,3,46,46,0,0,0,0,0,5,189,1446
1,18,NAYARIT,3,COMPOSTELA,8,JALA,249,2,3,11,0,41,3,53,41,2,1,0,0,0,4,159,1050
1,18,NAYARIT,3,COMPOSTELA,8,JALA,250,2,1,12,0,26,1,129,18,0,0,1,0,0,2,190,774
1,18,NAYARIT,3,COMPOSTELA,8,JALA,251,1,0,24,0,10,8,32,30,0,0,0,0,0,2,106,580
1,18,NAYARIT,3,COMPOSTELA,8,JALA,252,3,13,14,1,2,19,70,51,0,0,0,1,0,3,174,1371
1,18,NAYARIT,3,COMPOSTELA,8,JALA,253,2,8,10,0,1,12,109,108,1,0,0,0,0,0,249,1255
1,18,NAYARIT,3,COMPOSTELA,8,JALA,254,2,6,4,2,1,11,101,52,0,0,0,0,0,2,179,823
1,18,NAYARIT,3,COMPOSTELA,8,JALA,255,1,6,0,0,3,6,51,31,0,0,0,0,0,0,97,390
1,18,NAYARIT,3,COMPOSTELA,8,JALA,256,1,7,3,0,1,14,69,80,0,0,0,2,0,0,176,611
1,18,NAYARIT,3,COMPOSTELA,13,SAN PEDRO LAGUNILLAS,398,2,8,6,1,8,3,81,114,0,0,1,1,0,3,226,867
1,18,NAYARIT,3,COMPOSTELA,13,SAN PEDRO LAGUNILLAS,399,2,6,8,0,2,2,88,74,0,0,0,0,0,2,182,827
1,18,NAYARIT,3,COMPOSTELA,13,SAN PEDRO LAGUNILLAS,400,2,7,12,2,4,2,101,81,1,0,0,0,0,4,214,781
1,18,NAYARIT,3,COMPOSTELA,13,SAN PEDRO LAGUNILLAS,401,2,1,6,3,4,1,110,95,0,0,1,0,1,3,225,975
1,18,NAYARIT,3,COMPOSTELA,13,SAN PEDRO LAGUNILLAS,402,1,2,4,1,2,0,21,73,0,0,0,0,0,0,103,195
1,18,NAYARIT,3,COMPOSTELA,13,SAN PEDRO LAGUNILLAS,403,1,2,2,0,1,0,26,20,0,0,1,0,0,0,52,307
1,18,NAYARIT,3,COMPOSTELA,13,SAN PEDRO LAGUNILLAS,404,1,4,1,0,3,1,27,25,0,0,0,0,0,1,62,344
1,18,NAYARIT,3,COMPOSTELA,13,SAN PEDRO LAGUNILLAS,405,1,0,0,0,1,2,7,16,0,0,0,0,0,1,27,104
1,18,NAYARIT,3,COMPOSTELA,13,SAN PEDRO LAGUNILLAS,406,1,4,2,24,4,0,19,28,0,0,0,0,0,2,83,546
1,18,NAYARIT,3,COMPOSTELA,13,SAN PEDRO LAGUNILLAS,407,1,2,3,1,0,1,17,21,0,0,0,0,0,2,47,253
1,18,NAYARIT,3,COMPOSTELA,13,SAN PEDRO LAGUNILLAS,408,1,3,2,0,4,7,18,30,1,0,0,0,0,0,65,491
1,18,NAYARIT,3,COMPOSTELA,13,SAN PEDRO LAGUNILLAS,409,1,0,3,1,0,6,15,16,0,0,0,0,0,1,42,330
1,18,NAYARIT,3,COMPOSTELA,13,SAN PEDRO LAGUNILLAS,410,1,2,4,12,29,3,14,47,0,0,1,0,0,2,114,704
1,18,NAYARIT,3,COMPOSTELA,14,SANTA MARIA DEL ORO,411,3,10,9,1,3,5,54,105,2,0,0,1,0,9,199,1730
1,18,NAYARIT,3,COMPOSTELA,14,SANTA MARIA DEL ORO,412,3,1,19,4,4,14,73,152,1,0,0,1,0,2,271,2209
1,18,NAYARIT,3,COMPOSTELA,14,SANTA MARIA DEL ORO,413,1,0,0,0,1,1,3,14,0,0,0,0,0,0,19,277
1,18,NAYARIT,3,COMPOSTELA,14,SANTA MARIA DEL ORO,414,2,1,3,1,0,1,39,14,0,0,0,0,0,2,61,801
1,18,NAYARIT,3,COMPOSTELA,14,SANTA MARIA DEL ORO,415,1,0,7,29,1,0,34,42,1,0,0,1,0,2,117,741
1,18,NAYARIT,3,COMPOSTELA,14,SANTA MARIA DEL ORO,416,2,4,0,10,0,10,46,65,1,0,0,1,0,1,138,1316
1,18,NAYARIT,3,COMPOSTELA,14,SANTA MARIA DEL ORO,417,2,1,3,0,0,1,10,18,0,0,0,0,0,3,36,340
1,18,NAYARIT,3,COMPOSTELA,14,SANTA MARIA DEL ORO,418,1,2,0,0,0,1,4,16,0,0,0,0,0,1,24,441
1,18,NAYARIT,3,COMPOSTELA,14,SANTA MARIA DEL ORO,419,1,2,8,3,2,1,17,37,0,0,0,0,0,3,73,576
1,18,NAYARIT,3,COMPOSTELA,14,SANTA MARIA DEL ORO,420,1,2,2,0,0,0,16,17,0,0,0,0,0,3,40,412
1,18,NAYARIT,3,COMPOSTELA,14,SANTA MARIA DEL ORO,421,3,4,19,1,3,3,69,88,1,0,0,0,0,4,192,1948
1,18,NAYARIT,3,COMPOSTELA,14,SANTA MARIA DEL ORO,422,1,0,0,20,1,6,23,21,0,0,0,0,0,4,75,712
1,18,NAYARIT,3,COMPOSTELA,14,SANTA MARIA DEL ORO,423,1,1,3,0,3,3,11,17,0,0,0,0,1,2,41,689
1,18,NAYARIT,3,COMPOSTELA,14,SANTA MARIA DEL ORO,424,1,0,8,0,0,6,10,9,0,0,0,0,0,0,33,471
1,18,NAYARIT,3,COMPOSTELA,14,SANTA MARIA DEL ORO,425,1,0,6,14,1,1,18,27,0,0,0,1,0,2,70,641
1,18,NAYARIT,3,COMPOSTELA,14,SANTA MARIA DEL ORO,426,1,0,6,3,2,2,8,12,0,0,0,0,0,0,33,224
1,18,NAYARIT,3,COMPOSTELA,14,SANTA MARIA DEL ORO,427,2,0,19,0,0,2,25,39,0,0,0,2,0,4,91,902
1,18,NAYARIT,3,COMPOSTELA,14,SANTA MARIA DEL ORO,428,1,0,4,0,0,9,9,11,0,0,0,0,0,1,34,138
1,18,NAYARIT,3,COMPOSTELA,14,SANTA MARIA DEL ORO,429,2,1,73,2,2,5,34,12,1,0,1,0,0,3,134,1008
1,18,NAYARIT,3,COMPOSTELA,14,SANTA MARIA DEL ORO,430,1,0,0,1,0,5,79,21,0,0,0,0,0,1,107,567
1,18,NAYARIT,3,COMPOSTELA,14,SANTA MARIA DEL ORO,431,1,1,2,0,1,5,68,17,0,0,0,0,0,1,95,641
1,18,NAYARIT,3,COMPOSTELA,14,SANTA MARIA DEL ORO,432,1,1,2,0,0,2,2,52,1,0,0,0,0,0,60,129
1,18,NAYARIT,3,COMPOSTELA,14,SANTA MARIA DEL ORO,433,3,5,14,1,3,17,85,74,0,0,0,0,0,3,202,1686
1,18,NAYARIT,3,COMPOSTELA,19,XALISCO,844,8,34,18,10,3,26,192,278,3,0,1,2,0,2,569,5561
1,18,NAYARIT,3,COMPOSTELA,19,XALISCO,845,6,39,28,7,4,16,286,282,5,4,1,4,0,6,682,4353
1,18,NAYARIT,3,COMPOSTELA,19,XALISCO,846,3,10,5,2,4,8,83,77,0,1,0,1,0,7,198,1943
1,18,NAYARIT,3,COMPOSTELA,19,XALISCO,847,13,18,22,20,11,20,284,274,3,0,2,2,0,11,667,8849
1,18,NAYARIT,3,COMPOSTELA,19,XALISCO,848,3,4,3,3,2,7,84,131,4,1,0,1,0,2,242,1778
1,18,NAYARIT,3,COMPOSTELA,19,XALISCO,849,1,0,5,4,1,3,39,53,0,0,0,0,0,0,105,677
1,18,NAYARIT,3,COMPOSTELA,19,XALISCO,850,4,1,10,4,5,8,116,108,1,0,1,2,0,3,259,2349
1,18,NAYARIT,3,COMPOSTELA,19,XALISCO,851,2,2,3,1,4,2,92,60,1,0,1,0,0,1,167,835
1,18,NAYARIT,3,COMPOSTELA,19,XALISCO,852,2,4,1,1,3,0,69,63,1,0,1,1,0,2,146,996
1,18,NAYARIT,3,COMPOSTELA,19,XALISCO,853,3,7,3,2,12,0,74,81,1,0,0,2,0,1,183,2086
1,18,NAYARIT,3,COMPOSTELA,19,XALISCO,854,2,4,5,4,4,5,59,63,0,0,0,1,0,2,147,1162
1,18,NAYARIT,3,COMPOSTELA,19,XALISCO,855,2,4,5,3,2,0,76,48,1,0,0,0,0,1,140,1106
1,18,NAYARIT,3,COMPOSTELA,19,XALISCO,856,2,1,12,1,2,3,27,66,0,0,1,0,0,5,118,809
1,18,NAYARIT,3,COMPOSTELA,19,XALISCO,857,2,5,3,1,3,2,35,90,1,1,0,1,0,6,148,1369
1,18,NAYARIT,3,COMPOSTELA,19,XALISCO,858,2,4,5,1,6,4,32,77,0,1,2,0,0,1,133,1452
1,18,NAYARIT,3,COMPOSTELA,19,XALISCO,859,3,3,4,0,3,9,97,202,4,2,3,0,0,5,332,1913
1,18,NAYARIT,3,COMPOSTELA,19,XALISCO,860,1,1,0,0,1,1,13,12,2,0,0,2,0,0,32,513
1,18,NAYARIT,3,COMPOSTELA,19,XALISCO,861,2,0,1,0,2,15,43,74,0,1,0,0,0,0,136,912
1,18,NAYARIT,3,COMPOSTELA,19,XALISCO,862,2,9,6,2,4,3,43,96,0,1,0,0,0,4,168,849
1,18,NAYARIT,3,COMPOSTELA,19,XALISCO,863,1,2,10,1,1,4,20,41,0,0,1,0,2,4,86,497
1,18,NAYARIT,3,COMPOSTELA,19,XALISCO,864,3,2,1,4,4,5,86,76,2,0,1,0,0,9,190,1692
1,18,NAYARIT,3,COMPOSTELA,19,XALISCO,865,2,3,0,0,1,0,43,99,0,0,0,1,0,3,150,1017
1,18,NAYARIT,3,COMPOSTELA,20,LA YESCA,866,1,6,28,3,15,14,79,150,2,0,1,0,0,52,350,641
1,18,NAYARIT,3,COMPOSTELA,20,LA YESCA,867,2,132,59,26,60,64,189,266,5,0,0,1,2,120,924,1406
1,18,NAYARIT,3,COMPOSTELA,20,LA YESCA,868,1,7,32,1,13,6,29,176,4,0,2,4,0,14,288,461
1,18,NAYARIT,3,COMPOSTELA,20,LA YESCA,869,3,12,41,6,33,40,206,571,13,4,0,5,0,51,982,1512
1,18,NAYARIT,3,COMPOSTELA,20,LA YESCA,870,2,59,37,5,17,17,68,347,3,0,0,7,0,53,613,1119
1,18,NAYARIT,3,COMPOSTELA,20,LA YESCA,872,1,4,10,4,2,1,43,70,1,1,0,0,0,6,142,252
1,18,NAYARIT,3,COMPOSTELA,20,LA YESCA,873,3,8,39,4,20,15,76,162,0,0,0,2,3,58,387,701
1,18,NAYARIT,3,COMPOSTELA,20,LA YESCA,874,2,9,40,3,25,13,99,118,1,1,1,0,0,27,337,573
1,18,NAYARIT,3,COMPOSTELA,20,LA YESCA,875,1,42,35,3,2,3,19,62,0,0,0,0,0,21,187,305
1,18,NAYARIT,3,COMPOSTELA,20,LA YESCA,876,1,21,33,3,11,4,17,122,1,0,1,1,3,17,234,499
1,18,NAYARIT,3,COMPOSTELA,20,LA YESCA,878,3,6,17,3,9,7,289,197,3,1,1,2,0,31,566,880