CIRCUNSCRIPCION,ID_ESTADO,NOMBRE_ESTADO,ID_DISTRITO_LOCAL,CABECERA_DISTRITAL_LOCAL,ID_MUNICIPIO,MUNICIPIO,ID_DEMARCACION_LOCAL,DEMARCACION_LOCAL,TIPO_DE_ELECCION,NOMBRE_PARTICIPANTE,NUMERO_LISTA,CANDIDATO,SEXO_CANDIDATO,RUTA_CONSTANCIA,PARTIDO
5,16,MICHOACAN,,,1,ACUITZIO,,,PRES_MUN,PT_MORENA,1,MIGUEL ANGEL VILLASEÑOR ARREOLA,1,,
5,16,MICHOACAN,,,1,ACUITZIO,,,SIND_MR,PT_MORENA,1,MARIA ELENA AGUILAR GUTIERREZ,2,,
5,16,MICHOACAN,,,1,ACUITZIO,,,REG_MR,PT_MORENA,1,ROGELIO RANGEL VARGAS,1,,
5,16,MICHOACAN,,,1,ACUITZIO,,,REG_MR,PT_MORENA,2,MARICELA ORTIZ SAUCEDO,2,,
5,16,MICHOACAN,,,1,ACUITZIO,,,REG_MR,PT_MORENA,3,LUIS GABRIEL LEMUS BEDOLLA,1,,
5,16,MICHOACAN,,,1,ACUITZIO,,,REG_MR,PT_MORENA,4,MARIA MERCEDES GOMEZ RODRIGUEZ,2,,
5,16,MICHOACAN,,,1,ACUITZIO,,,REG_RP,CAND_IND1,1,JOSE ISMAEL SALTO FUERTE,1,,CAND_IND1
5,16,MICHOACAN,,,1,ACUITZIO,,,REG_RP,PAN,2,JUAN SALVADOR LOPEZ VILLASEÑOR,1,,PAN
5,16,MICHOACAN,,,1,ACUITZIO,,,REG_RP,PRI_PRD,3,RUFINA OLIVOS CALIX,2,,
5,16,MICHOACAN,,,2,AGUILILLA,,,PRES_MUN,PVEM,1,CESAR ARTURO VALENCIA CABALLERO,1,,PVEM
5,16,MICHOACAN,,,2,AGUILILLA,,,SIND_MR,PVEM,1,ELSA GUADALUPE CONTRERAS SANCHEZ,2,,PVEM
5,16,MICHOACAN,,,2,AGUILILLA,,,REG_MR,PVEM,2,MARIA DE JESUS MONTES MENDOZA,2,,PVEM
5,16,MICHOACAN,,,2,AGUILILLA,,,REG_MR,PVEM,3,EDUARDO GARCIA BARRAGAN,1,,PVEM
5,16,MICHOACAN,,,2,AGUILILLA,,,REG_MR,PVEM,4,EDITH YESENIA CRUZ GARCIA,2,,PVEM
5,16,MICHOACAN,,,2,AGUILILLA,,,REG_RP,PT_MORENA,1,ALICIA MENDOZA SALGADO,2,,
5,16,MICHOACAN,,,2,AGUILILLA,,,REG_RP,PT_MORENA,2,JESUS GAYTAN VERA,1,,
5,16,MICHOACAN,,,2,AGUILILLA,,,REG_RP,PRI,3,JORGE ARGUELLO GARCIA,1,,PRI
5,16,MICHOACAN,,,3,ALVARO OBREGON,,,PRES_MUN,PES,1,FERNANDO SANCHEZ JUAREZ,1,,PES
5,16,MICHOACAN,,,3,ALVARO OBREGON,,,SIND_MR,PES,1,ALMA OLIVIA ZARATE MELCHOR,2,,PES
5,16,MICHOACAN,,,3,ALVARO OBREGON,,,REG_MR,PES,1,JESUS AVALOS PANIAGUA,1,,PES
5,16,MICHOACAN,,,3,ALVARO OBREGON,,,REG_MR,PES,2,MARIA GUADALUPE GARCIA LOPEZ,2,,PES
5,16,MICHOACAN,,,3,ALVARO OBREGON,,,REG_MR,PES,3,ADELAIDO HERNANDEZ RAMIREZ,1,,PES
5,16,MICHOACAN,,,3,ALVARO OBREGON,,,REG_MR,PES,4,MA. SONIA PEREZ ARREOLA,2,,PES
5,16,MICHOACAN,,,3,ALVARO OBREGON,,,REG_RP,FXM,1,DAVID ALBOR FUERTE,1,,FXM
5,16,MICHOACAN,,,3,ALVARO OBREGON,,,REG_RP,PRI,2,GERARDO HERNANDEZ GRACIANO,1,,PRI
5,16,MICHOACAN,,,3,ALVARO OBREGON,,,REG_RP,PRI,3,NANCY CORREA OJEDA,2,,PRI
5,16,MICHOACAN,,,4,ANGAMACUTIRO,,,PRES_MUN,FXM,1,HERMES ARNULFO PACHECO BIBRIESCA,1,,FXM
5,16,MICHOACAN,,,4,ANGAMACUTIRO,,,SIND_MR,FXM,1,ELIZABETH ARIAS MARTINEZ,2,,FXM
5,16,MICHOACAN,,,4,ANGAMACUTIRO,,,REG_MR,FXM,1,ROBERTO AYALA SALDAÑA,1,,FXM
5,16,MICHOACAN,,,4,ANGAMACUTIRO,,,REG_MR,FXM,2,NEREYDA GUTIERREZ LEMUS,2,,FXM
5,16,MICHOACAN,,,4,ANGAMACUTIRO,,,REG_MR,FXM,3,JUVENAL PEREZ SANCHEZ,1,,FXM
5,16,MICHOACAN,,,4,ANGAMACUTIRO,,,REG_MR,FXM,4,DELIA RODRIGUEZ NAVARRO,2,,FXM
5,16,MICHOACAN,,,4,ANGAMACUTIRO,,,REG_RP,PT_MORENA,1,ARMANDO VASQUEZ NAVARRO,1,,
5,16,MICHOACAN,,,4,ANGAMACUTIRO,,,REG_RP,PAN_PRD,2,CLAUDIA GARCIA SUAREZ,2,,
5,16,MICHOACAN,,,4,ANGAMACUTIRO,,,REG_RP,PRI,3,LILIANA PRIETO AGUILERA,2,,PRI
5,16,MICHOACAN,,,5,ANGANGUEO,,,PRES_MUN,MC,1,GERARDO SANCHEZ SANCHEZ,1,,MC
5,16,MICHOACAN,,,5,ANGANGUEO,,,SIND_MR,MC,1,ANA MARIA MARTINEZ GARCIA,2,,MC
5,16,MICHOACAN,,,5,ANGANGUEO,,,REG_MR,MC,1,JONATHAN HERNANDEZ SALAZAR,1,,MC
5,16,MICHOACAN,,,5,ANGANGUEO,,,REG_MR,MC,2,LORENA VAZQUEZ MARTINEZ,2,,MC
5,16,MICHOACAN,,,5,ANGANGUEO,,,REG_MR,MC,3,ADRIAN CRUZ HERNANDEZ,1,,MC
5,16,MICHOACAN,,,5,ANGANGUEO,,,REG_MR,MC,4,AIRELI MARTINEZ LOPEZ,2,,MC
5,16,MICHOACAN,,,5,ANGANGUEO,,,REG_RP,PT_MORENA,1,JOSE CUTBERTO HERNANDEZ DIAZ,1,,
5,16,MICHOACAN,,,5,ANGANGUEO,,,REG_RP,PT_MORENA,2,ELSA SOTO SALAZAR,2,,
5,16,MICHOACAN,,,5,ANGANGUEO,,,REG_RP,PVEM,3,MIGUEL ANGEL GARCIA HERNANDEZ,1,,PVEM
5,16,MICHOACAN,,,6,APATZINGAN,,,PRES_MUN,PT_MORENA,1,JOSE LUIS CRUZ LUCATERO,1,,
5,16,MICHOACAN,,,6,APATZINGAN,,,SIND_MR,PT_MORENA,1,GISELA MARTINEZ AGUILAR,2,,
5,16,MICHOACAN,,,6,APATZINGAN,,,REG_MR,PT_MORENA,1,JUAN ROMERO GIL,1,,
5,16,MICHOACAN,,,6,APATZINGAN,,,REG_MR,PT_MORENA,2,BLANCA AZUCENA ALVAREZ CHAVEZ,2,,
5,16,MICHOACAN,,,6,APATZINGAN,,,REG_MR,PT_MORENA,3,TOMAS HUERTA TINOCO,1,,
5,16,MICHOACAN,,,6,APATZINGAN,,,REG_MR,PT_MORENA,4,PATRICIA MAGAÑA TORRES,2,,
5,16,MICHOACAN,,,6,APATZINGAN,,,REG_MR,PT_MORENA,5,JOSE MATIAS MANUEL,1,,
5,16,MICHOACAN,,,6,APATZINGAN,,,REG_MR,PT_MORENA,6,SANDRA OLIMPIA GARIBAY ESQUIVEL,2,,
5,16,MICHOACAN,,,6,APATZINGAN,,,REG_MR,PT_MORENA,7,JESUS FERNANDEZ VARGAS,1,,
5,16,MICHOACAN,,,6,APATZINGAN,,,REG_RP,CAND_IND7,1,PAOLA YARET CASTAÑEDA RINCON,2,,CAND_IND7
5,16,MICHOACAN,,,6,APATZINGAN,,,REG_RP,PAN_PRI_PRD,1,MARCOS MENDEZ GONZALEZ,1,,
5,16,MICHOACAN,,,6,APATZINGAN,,,REG_RP,PAN_PRI_PRD,2,VERONICA CASTELLANOS MENDOZA,2,,
5,16,MICHOACAN,,,6,APATZINGAN,,,REG_RP,PVEM,1,CARLOS ENRIQUE RODRIGUEZ PARRA,1,,PVEM
5,16,MICHOACAN,,,6,APATZINGAN,,,REG_RP,RSP,1,CELENE VERENICE CORTEZ MENDOZA,2,,RSP
5,16,MICHOACAN,,,7,APORO,,,PRES_MUN,MC,1,JUAN AGUSTIN TORRES SANDOVAL,1,,MC
5,16,MICHOACAN,,,7,APORO,,,SIND_MR,MC,1,ERICA MENDOZA GONZALEZ,2,,MC
5,16,MICHOACAN,,,7,APORO,,,REG_MR,MC,1,EFIGENIO MARTINEZ PONCE,1,,MC
5,16,MICHOACAN,,,7,APORO,,,REG_MR,MC,2,ROSA MARTINEZ TELLEZ,2,,MC
5,16,MICHOACAN,,,7,APORO,,,REG_MR,MC,3,SALOMON OCAÑA MONDRAGON,1,,MC
5,16,MICHOACAN,,,7,APORO,,,REG_MR,MC,4,LORENA AVILA LEYVA,2,,MC
5,16,MICHOACAN,,,7,APORO,,,REG_RP,FXM,1,MARGARITA HERNANDEZ RESENDIZ,2,,FXM
5,16,MICHOACAN,,,7,APORO,,,REG_RP,PAN_PRI_PRD,2,CRISTINA VILLEGAS ESCUTIA,2,,
5,16,MICHOACAN,,,7,APORO,,,REG_RP,PES,3,CARLOS ALBERTO HERNANDEZ PEREZ,1,,PES
5,16,MICHOACAN,,,8,AQUILA,,,PRES_MUN,PVEM,1,JOSE MARIA VALENCIA GUILLEN,1,,PVEM
5,16,MICHOACAN,,,8,AQUILA,,,SIND_MR,PVEM,1,MARIA LIBRADA RAMIREZ JUAN,2,,PVEM
5,16,MICHOACAN,,,8,AQUILA,,,REG_MR,PVEM,1,LUCAS FLORES TOLENTINO,1,,PVEM
5,16,MICHOACAN,,,8,AQUILA,,,REG_MR,PVEM,2,JENIFFER ALONDRA AGUILAR GUTIERREZ,2,,PVEM
5,16,MICHOACAN,,,8,AQUILA,,,REG_MR,PVEM,3,MARCELINO VAZQUEZ ZAPIEN,1,,PVEM
5,16,MICHOACAN,,,8,AQUILA,,,REG_MR,PVEM,4,AIDA LILIANA CRUZ MERAZ,2,,PVEM
5,16,MICHOACAN,,,8,AQUILA,,,REG_RP,PRD,1,CRISTOBAL LEYVA AVILA,1,,PRD
5,16,MICHOACAN,,,8,AQUILA,,,REG_RP,PRD,2,YAZMIN ELIZABETH ANGUIANO DOMINGUEZ,2,,PRD
5,16,MICHOACAN,,,8,AQUILA,,,REG_RP,PRI,1,MARIA XOCHITL ALVAREZ MENDEZ,2,,PRI
5,16,MICHOACAN,,,9,ARIO,,,PRES_MUN,PAN_PRI_PRD,1,IRMA MORENO MARTINEZ,2,,
5,16,MICHOACAN,,,9,ARIO,,,SIND_MR,PAN_PRI_PRD,1,MARIO RODRIGUEZ GARCIA,1,,
5,16,MICHOACAN,,,9,ARIO,,,REG_MR,PAN_PRI_PRD,1,LETICIA CORTES MACIEL,2,,
5,16,MICHOACAN,,,9,ARIO,,,REG_MR,PAN_PRI_PRD,2,JOSE ADRIAN LOPEZ CORONA,1,,
5,16,MICHOACAN,,,9,ARIO,,,REG_MR,PAN_PRI_PRD,3,DIANA JACQUELINNE RODRIGUEZ TELLO,2,,
5,16,MICHOACAN,,,9,ARIO,,,REG_MR,PAN_PRI_PRD,4,BALTAZAR HURTADO HERNANDEZ,1,,
5,16,MICHOACAN,,,9,ARIO,,,REG_RP,PT_MORENA,1,RICARDO INFANTE GONZALEZ,1,,
5,16,MICHOACAN,,,9,ARIO,,,REG_RP,PVEM,2,JOSE PORFIRIO OROZCO ALVAREZ,1,,PVEM
5,16,MICHOACAN,,,9,ARIO,,,REG_RP,PVEM,3,KARLA YOHANA MENDOZA BERMUDEZ,2,,PVEM
5,16,MICHOACAN,,,10,ARTEAGA,,,PRES_MUN,PT_MORENA,1,DIEGO PALOMINOS CORNEJO,1,,
5,16,MICHOACAN,,,10,ARTEAGA,,,SIND_MR,PT_MORENA,1,WENDOLY ALEJANDRA AVELLANEDA TORRES,2,,
5,16,MICHOACAN,,,10,ARTEAGA,,,REG_MR,PT_MORENA,1,JOSE DE JESUS MEJIA ANDRADE,1,,
5,16,MICHOACAN,,,10,ARTEAGA,,,REG_MR,PT_MORENA,2,MARIA ELIZABETH RODRIGUEZ CALDERON,2,,
5,16,MICHOACAN,,,10,ARTEAGA,,,REG_MR,PT_MORENA,3,HOMERO CAMACHO LOZANO,1,,
5,16,MICHOACAN,,,10,ARTEAGA,,,REG_MR,PT_MORENA,4,MARIA ELIZABETH MENDOZA DIAZ,2,,
5,16,MICHOACAN,,,10,ARTEAGA,,,REG_RP,PRD,1,ANA PATRICIA LANDA HERNANDEZ,2,,PRD
5,16,MICHOACAN,,,10,ARTEAGA,,,REG_RP,PAN_PRI,2,ELISEO LOMBERA SILVA,1,,
5,16,MICHOACAN,,,10,ARTEAGA,,,REG_RP,PAN_PRI,3,MARIA DE JESUS BUSTOS CABRERA,2,,
5,16,MICHOACAN,,,11,BRISEÑAS,,,PRES_MUN,MC,1,JUAN ESTEBAN AVALOS ARCEO,1,,MC
5,16,MICHOACAN,,,11,BRISEÑAS,,,SIND_MR,MC,1,MONSERRAT GUZMAN VAZQUEZ,2,,MC
5,16,MICHOACAN,,,11,BRISEÑAS,,,REG_MR,MC,1,JOSE GUADALUPE PADILLA ESPINOZA,1,,MC
5,16,MICHOACAN,,,11,BRISEÑAS,,,REG_MR,MC,2,IRENE GONZALEZ ROSAS,2,,MC
5,16,MICHOACAN,,,11,BRISEÑAS,,,REG_MR,MC,3,RAMON SANCHEZ MORALES,1,,MC
5,16,MICHOACAN,,,11,BRISEÑAS,,,REG_MR,MC,4,LILIANA AGUILERA GUZMAN,2,,MC
5,16,MICHOACAN,,,11,BRISEÑAS,,,REG_RP,PES,1,EDUARDO JIMENEZ LEON,1,,PES
5,16,MICHOACAN,,,11,BRISEÑAS,,,REG_RP,PAN_PRI_PRD,2,ADRIANA GUADALUPE GUDIÑO BRISEÑO,2,,
5,16,MICHOACAN,,,11,BRISEÑAS,,,REG_RP,PT_MORENA,3,MA. GUADALUPE FARIAS BARRAGAN,2,,
5,16,MICHOACAN,,,12,BUENAVISTA,,,PRES_MUN,PT_MORENA,1,SERGIO BAEZ TORRES,1,,
5,16,MICHOACAN,,,12,BUENAVISTA,,,SIND_MR,PT_MORENA,1,CECILIA BONILLA LARA,2,,
5,16,MICHOACAN,,,12,BUENAVISTA,,,REG_MR,PT_MORENA,1,LEONEL FIGUEROA TORRES,1,,
5,16,MICHOACAN,,,12,BUENAVISTA,,,REG_MR,PT_MORENA,2,NOEMI MERAZ TORRES,2,,
5,16,MICHOACAN,,,12,BUENAVISTA,,,REG_MR,PT_MORENA,3,JORDAN JESUS GABRIEL TORRES,1,,
5,16,MICHOACAN,,,12,BUENAVISTA,,,REG_MR,PT_MORENA,4,ALMA ANGELICA LLAMAS HERNANDEZ,2,,
5,16,MICHOACAN,,,12,BUENAVISTA,,,REG_RP,FXM,1,GLORIA ESTELA LOPEZ VILLANUEVA,2,,FXM
5,16,MICHOACAN,,,12,BUENAVISTA,,,REG_RP,PAN_PRI_PRD,2,ALEJANDRO TORRES FACUNDO,1,,
5,16,MICHOACAN,,,12,BUENAVISTA,,,REG_RP,PAN_PRI_PRD,3,SAHARAY ESPINOSA MARTINEZ,2,,
5,16,MICHOACAN,,,13,CARACUARO,,,PRES_MUN,PVEM,1,REYNALDO GOMEZ VILLALOBOS,1,,PVEM
5,16,MICHOACAN,,,13,CARACUARO,,,SIND_MR,PVEM,1,DAINES NORAY ARREDONDO PEÑALOZA,2,,PVEM
5,16,MICHOACAN,,,13,CARACUARO,,,REG_MR,PVEM,1,JOSE GUADALUPE DELGADO RAMIREZ,1,,PVEM
5,16,MICHOACAN,,,13,CARACUARO,,,REG_MR,PVEM,2,GISELA GARCIA GARCIA,2,,PVEM
5,16,MICHOACAN,,,13,CARACUARO,,,REG_MR,PVEM,3,ISRAEL GRANADOS RAMIREZ,1,,PVEM
5,16,MICHOACAN,,,13,CARACUARO,,,REG_MR,PVEM,4,MARIA MAGDALENA GARCIA SOTO,2,,PVEM
5,16,MICHOACAN,,,13,CARACUARO,,,REG_RP,PRI_PRD,1,MARIA GUADALUPE SANTOYO ALEMAN,2,,
5,16,MICHOACAN,,,13,CARACUARO,,,REG_RP,PT_MORENA,2,GRISELDA HERRERA REYES,2,,
5,16,MICHOACAN,,,13,CARACUARO,,,REG_RP,PT_MORENA,3,JOSE ANTONIO SAUCEDO CARDENAS,1,,
5,16,MICHOACAN,,,21,CHARAPAN,,,PRES_MUN,PRD,1,CARLOS MORALES BONAPARTE,1,,PRD
5,16,MICHOACAN,,,21,CHARAPAN,,,SIND_MR,PRD,1,ESPERANZA ZARAGOZA CACHO,2,,PRD
5,16,MICHOACAN,,,21,CHARAPAN,,,REG_MR,PRD,1,AGUSTIN MURGUIA COVARRUBIAS,1,,PRD
5,16,MICHOACAN,,,21,CHARAPAN,,,REG_MR,PRD,2,ALEYDA TALAVERA ZAMORA,2,,PRD
5,16,MICHOACAN,,,21,CHARAPAN,,,REG_MR,PRD,3,LUIS REYES SANTOS,1,,PRD
5,16,MICHOACAN,,,21,CHARAPAN,,,REG_MR,PRD,4,JUANA SIERRA GALVAN,2,,PRD
5,16,MICHOACAN,,,21,CHARAPAN,,,REG_RP,PES,1,J JESUS JERONIMO SANTIAGO,1,,PES
5,16,MICHOACAN,,,21,CHARAPAN,,,REG_RP,PRI,2,SALVADOR SANTOS ELIAS,1,,PRI
5,16,MICHOACAN,,,21,CHARAPAN,,,REG_RP,PT_MORENA,3,MARIA SOLEDAD ALVAREZ OSEGUERA,2,,
5,16,MICHOACAN,,,22,CHARO,,,PRES_MUN,CAND_IND2,1,SALVADOR CORTES ESPINDOLA,1,,CAND_IND2
5,16,MICHOACAN,,,22,CHARO,,,SIND_MR,CAND_IND2,1,SARA EDITH FACIO GARCIA,2,,CAND_IND2
5,16,MICHOACAN,,,22,CHARO,,,REG_MR,CAND_IND2,1,JOSE SERGIO RICO CALDERON,1,,CAND_IND2
5,16,MICHOACAN,,,22,CHARO,,,REG_MR,CAND_IND2,2,MAYRA LIZBETH ROJAS MARTINEZ,2,,CAND_IND2
5,16,MICHOACAN,,,22,CHARO,,,REG_MR,CAND_IND2,3,ALCADIO DIAZ RODRIGUEZ,1,,CAND_IND2
5,16,MICHOACAN,,,22,CHARO,,,REG_MR,CAND_IND2,4,MA. DEL PILAR NEZ VALERIO,2,,CAND_IND2
5,16,MICHOACAN,,,22,CHARO,,,REG_RP,MC,1,LUIS RODOLFO MAGAÑA SALGUERO,1,,MC
5,16,MICHOACAN,,,22,CHARO,,,REG_RP,PT_MORENA,2,JUAN CARLOS CHAVEZ GOMEZ,1,,
5,16,MICHOACAN,,,22,CHARO,,,REG_RP,PRD,3,JOSE ANTONIO CARABANTES YEPEZ,1,,PRD
5,16,MICHOACAN,,,23,CHAVINDA,,,PRES_MUN,PT_MORENA,1,JAIME SILVA GIL,1,,
5,16,MICHOACAN,,,23,CHAVINDA,,,SIND_MR,PT_MORENA,1,PATRICIA ESPINOZA BARAJAS,2,,
5,16,MICHOACAN,,,23,CHAVINDA,,,REG_MR,PT_MORENA,1,J. JESUS HERNANDEZ OLIVO,1,,
5,16,MICHOACAN,,,23,CHAVINDA,,,REG_MR,PT_MORENA,2,LUCERO AZUCENA MACIEL RAMIREZ,2,,
5,16,MICHOACAN,,,23,CHAVINDA,,,REG_MR,PT_MORENA,3,JUAN JOSE OLVERA ALVARADO,1,,
5,16,MICHOACAN,,,23,CHAVINDA,,,REG_MR,PT_MORENA,4,TERESITA SOLEDAD ROMERO REYES,2,,
5,16,MICHOACAN,,,23,CHAVINDA,,,REG_RP,PAN_PRI,1,ELIZABETH GUTIERREZ GARCIA,2,,
5,16,MICHOACAN,,,23,CHAVINDA,,,REG_RP,PAN,2,J. JESUS MERCADO ALVISO,1,,PAN
5,16,MICHOACAN,,,23,CHAVINDA,,,REG_RP,PRD,3,EDELMIRA MARAVILLA FLORES,2,,PRD
5,16,MICHOACAN,,,25,CHILCHOTA,,,PRES_MUN,PAN_PRI_PRD,1,MIGUEL ANGEL RAMOS ALEJO,1,,
5,16,MICHOACAN,,,25,CHILCHOTA,,,SIND_MR,PAN_PRI_PRD,1,ROSA MARIA MEDINA RODRIGUEZ,2,,
5,16,MICHOACAN,,,25,CHILCHOTA,,,REG_MR,PAN_PRI_PRD,2,ALEJANDRA GUADALUPE APARICIO ESPINOSA,2,,
5,16,MICHOACAN,,,25,CHILCHOTA,,,REG_MR,PAN_PRI_PRD,3,MIGUEL ANGEL PRADO APARICIO,1,,
5,16,MICHOACAN,,,25,CHILCHOTA,,,REG_MR,PAN_PRI_PRD,4,JOSEFINA APARICIO ALEJO,2,,
5,16,MICHOACAN,,,25,CHILCHOTA,,,REG_RP,MC,1,REBECA SANCHEZ ESPICIO,2,,MC
5,16,MICHOACAN,,,25,CHILCHOTA,,,REG_RP,MORENA,2,YOHANA CELIA ERAPE MERCADO,2,,MORENA
5,16,MICHOACAN,,,25,CHILCHOTA,,,REG_RP,PAN_PRI_PRD,3,ADRIAN JERONIMO IÑIGUEZ,1,,
5,16,MICHOACAN,,,25,CHILCHOTA,,,REG_RP,PT,4,EDGAR RODRIGO SERRANO ALVAREZ,1,,PT
5,16,MICHOACAN,,,26,CHINICUILA,,,PRES_MUN,PES,1,RUBEN DARIO LARIOS GARCIA,1,,PES
5,16,MICHOACAN,,,26,CHINICUILA,,,SIND_MR,PES,1,MA. GUADALUPE IBARRA CUEVAS,2,,PES
5,16,MICHOACAN,,,26,CHINICUILA,,,REG_MR,PES,1,MANUEL GUTIERREZ BAUTISTA,1,,PES
5,16,MICHOACAN,,,26,CHINICUILA,,,REG_MR,PES,2,BERTHA ALICIA ROJAS RAMIREZ,2,,PES
5,16,MICHOACAN,,,26,CHINICUILA,,,REG_MR,PES,3,JOSE ALCALA REYNA,1,,PES
5,16,MICHOACAN,,,26,CHINICUILA,,,REG_MR,PES,4,MARGARITA MARTINEZ PELAYO,2,,PES
5,16,MICHOACAN,,,26,CHINICUILA,,,REG_RP,PRD,1,GLORIA LETICIA MEDINA ALVAREZ,2,,PRD
5,16,MICHOACAN,,,26,CHINICUILA,,,REG_RP,PT_MORENA,2,ALHELI DEL ROCIO AVILA MADRIGAL,2,,
5,16,MICHOACAN,,,26,CHINICUILA,,,REG_RP,PVEM,3,CLEMENCIA VERDUZCO CIRNAS,2,,PVEM
5,16,MICHOACAN,,,27,CHUCANDIRO,,,PRES_MUN,PVEM,1,IVAN GUADALUPE LOPEZ COLIN,1,,PVEM
5,16,MICHOACAN,,,27,CHUCANDIRO,,,SIND_MR,PVEM,1,MA. AMPARO NUÑEZ VILLALOBOS,2,,PVEM
5,16,MICHOACAN,,,27,CHUCANDIRO,,,REG_MR,PVEM,1,JULIO CESAR GUTIERREZ CALDERON,1,,PVEM
5,16,MICHOACAN,,,27,CHUCANDIRO,,,REG_MR,PVEM,2,JOSEFINA SANCHEZ ORTIZ,2,,PVEM
5,16,MICHOACAN,,,27,CHUCANDIRO,,,REG_MR,PVEM,3,RICARDO SANCHEZ GONZALEZ,1,,PVEM
5,16,MICHOACAN,,,27,CHUCANDIRO,,,REG_MR,PVEM,4,BERONICA MORALES VALLEJO,2,,PVEM
5,16,MICHOACAN,,,27,CHUCANDIRO,,,REG_RP,PT_MORENA,1,MA GUADALUPE TOLEDO LOPEZ,2,,
5,16,MICHOACAN,,,27,CHUCANDIRO,,,REG_RP,PRD,2,NICOLASA CORTES TENA,2,,PRD
5,16,MICHOACAN,,,27,CHUCANDIRO,,,REG_RP,PRD,3,RAFAEL GARCIA AGUIRRE,1,,PRD
5,16,MICHOACAN,,,28,CHURINTZIO,,,PRES_MUN,PT_MORENA,1,ALEJANDRA PIMENTEL ESPINOZA,2,,
5,16,MICHOACAN,,,28,CHURINTZIO,,,SIND_MR,PT_MORENA,1,ANGELA CASTILLO CORTES,2,,
5,16,MICHOACAN,,,28,CHURINTZIO,,,REG_MR,PT_MORENA,1,ADRIANA MACIAS HURTADO,2,,
5,16,MICHOACAN,,,28,CHURINTZIO,,,REG_MR,PT_MORENA,2,CRISPIN GUZMAN ARROYO,1,,
5,16,MICHOACAN,,,28,CHURINTZIO,,,REG_MR,PT_MORENA,3,MIREYA AVALOS,2,,
5,16,MICHOACAN,,,28,CHURINTZIO,,,REG_MR,PT_MORENA,4,RAMON AYALA GALVAN,1,,
5,16,MICHOACAN,,,28,CHURINTZIO,,,REG_RP,PRD,1,ANA BERTHA GARCIA MONTAÑEZ,2,,PRD
5,16,MICHOACAN,,,28,CHURINTZIO,,,REG_RP,PRD,2,HUMBERTO ARROYO VERDUZCO,1,,PRD
5,16,MICHOACAN,,,28,CHURINTZIO,,,REG_RP,PRD,3,MARIA GUADALUPE FERNANDEZ VEGA,2,,PRD
5,16,MICHOACAN,,,29,CHURUMUCO,,,PRES_MUN,PRI,1,GUILLERMO TORRES ROJAS,1,,PRI
5,16,MICHOACAN,,,29,CHURUMUCO,,,SIND_MR,PRI,1,DIANA ALEJANDRA ROSALES REYES,2,,PRI
5,16,MICHOACAN,,,29,CHURUMUCO,,,REG_MR,PRI,1,EDUARDO BIBIANO VIVEROS,2,,PRI
5,16,MICHOACAN,,,29,CHURUMUCO,,,REG_MR,PRI,2,MA. ADALID SANTOS SOLORIO,2,,PRI
5,16,MICHOACAN,,,29,CHURUMUCO,,,REG_MR,PRI,3,JESUS LOZANO NUÑEZ,1,,PRI
5,16,MICHOACAN,,,29,CHURUMUCO,,,REG_MR,PRI,4,GUILLERMINA MOLINA SANCHEZ,2,,PRI
5,16,MICHOACAN,,,29,CHURUMUCO,,,REG_RP,PVEM,1,J. REFUGIO SANTACRUZ CARLOS,1,,PVEM
5,16,MICHOACAN,,,29,CHURUMUCO,,,REG_RP,PVEM,2,MARLETTY ARROYO CRUZ,2,,PVEM
5,16,MICHOACAN,,,29,CHURUMUCO,,,REG_RP,PVEM,3,NANCY ROJAS ALVAREZ,2,,PVEM
5,16,MICHOACAN,,,14,COAHUAYANA,,,PRES_MUN,FXM,1,GILDARDO RUIZ VELAZQUEZ,1,,FXM
5,16,MICHOACAN,,,14,COAHUAYANA,,,SIND_MR,FXM,1,ROSA HILDA ANGUIANO GUTIERREZ,2,,FXM
5,16,MICHOACAN,,,14,COAHUAYANA,,,REG_MR,FXM,1,FERNANDO MENDOZA CARDENAS,1,,FXM
5,16,MICHOACAN,,,14,COAHUAYANA,,,REG_MR,FXM,2,GEORGINA CARBAJAL LOMBERA,2,,FXM
5,16,MICHOACAN,,,14,COAHUAYANA,,,REG_MR,FXM,3,MANUEL SANCHEZ GOMEZ,1,,FXM
5,16,MICHOACAN,,,14,COAHUAYANA,,,REG_MR,FXM,4,IRIS GUADALUPE CONTRERAS BRAVO,2,,FXM
5,16,MICHOACAN,,,14,COAHUAYANA,,,REG_RP,PT_MORENA,1,ELVIRA OCHOA GUZMAN,2,,
5,16,MICHOACAN,,,14,COAHUAYANA,,,REG_RP,PRD,2,MA ISABEL HERNANDEZ DIAZ,2,,PRD
5,16,MICHOACAN,,,14,COAHUAYANA,,,REG_RP,PRI,3,ROBERTO CORTEZ VILLEGAS,1,,PRI
5,16,MICHOACAN,,,15,COALCOMAN DE VAZQUEZ PALLARES,,,PRES_MUN,PRD,1,MARIA OBDULIA ESQUIVEL COLIN,2,,PRD
5,16,MICHOACAN,,,15,COALCOMAN DE VAZQUEZ PALLARES,,,SIND_MR,PRD,1,RAFAEL SAUCEDO SANTANA,1,,PRD
5,16,MICHOACAN,,,15,COALCOMAN DE VAZQUEZ PALLARES,,,REG_MR,PRD,1,MA. GUADALUPE RAMOS RAMOS,2,,PRD
5,16,MICHOACAN,,,15,COALCOMAN DE VAZQUEZ PALLARES,,,REG_MR,PRD,2,MARCO ANTONIO AVILA MENDOZA,1,,PRD
5,16,MICHOACAN,,,15,COALCOMAN DE VAZQUEZ PALLARES,,,REG_MR,PRD,3,FATIMA LOPEZ RAMOS,2,,PRD
5,16,MICHOACAN,,,15,COALCOMAN DE VAZQUEZ PALLARES,,,REG_MR,PRD,4,ALEJANDRO RAMIREZ MENDOZA,1,,PRD
5,16,MICHOACAN,,,15,COALCOMAN DE VAZQUEZ PALLARES,,,REG_MR,PRD,5,ELSA MATILDE WALLE FARIAS,2,,PRD
5,16,MICHOACAN,,,15,COALCOMAN DE VAZQUEZ PALLARES,,,REG_MR,PRD,6,LEONARDO VALDOVINOS ZEPEDA,1,,PRD
5,16,MICHOACAN,,,15,COALCOMAN DE VAZQUEZ PALLARES,,,REG_RP,MC,1,ALBERTO RICARDO RAMIREZ MARTINEZ,1,,MC
5,16,MICHOACAN,,,15,COALCOMAN DE VAZQUEZ PALLARES,,,REG_RP,PT_MORENA,2,FERNANDO REYNA AGUILAR,1,,
5,16,MICHOACAN,,,15,COALCOMAN DE VAZQUEZ PALLARES,,,REG_RP,PRI,3,MARCELA ALEJANDRA SANCHEZ PIMENTEL,2,,PRI
5,16,MICHOACAN,,,15,COALCOMAN DE VAZQUEZ PALLARES,,,REG_RP,PVEM,4,RAMON CLEMENTE CARRILLO SANCHEZ,1,,PVEM
5,16,MICHOACAN,,,16,COENEO,,,PRES_MUN,PT_MORENA,1,MARCELA VELAZQUEZ VAZQUEZ,2,,
5,16,MICHOACAN,,,16,COENEO,,,SIND_MR,PT_MORENA,1,JOSE TORRES HERNANDEZ,1,,
5,16,MICHOACAN,,,16,COENEO,,,REG_MR,PT_MORENA,1,VIRIDIANA JUAREZ CUSTODIO,2,,
5,16,MICHOACAN,,,16,COENEO,,,REG_MR,PT_MORENA,2,JOSE CERVANDO BARTOLO SILVA,1,,
5,16,MICHOACAN,,,16,COENEO,,,REG_MR,PT_MORENA,3,MARICARMEN SILVA CARRIEDO,2,,
5,16,MICHOACAN,,,16,COENEO,,,REG_MR,PT_MORENA,4,HERIBERTO AGUIRRE RAMOS,1,,
5,16,MICHOACAN,,,16,COENEO,,,REG_RP,PAN,1,ANA LOPEZ MARQUEZ,2,,PAN
5,16,MICHOACAN,,,16,COENEO,,,REG_RP,PRI_PRD,2,EMIGDIO SOSA LOPEZ,1,,
5,16,MICHOACAN,,,16,COENEO,,,REG_RP,PRI_PRD,3,JOSEFINA GIL ROMERO,2,,
5,16,MICHOACAN,,,75,COJUMATLAN DE REGULES,,,PRES_MUN,PT_MORENA,1,ANA LILIA MANZO MARTINEZ,2,,
5,16,MICHOACAN,,,75,COJUMATLAN DE REGULES,,,SIND_MR,PT_MORENA,1,GUILLERMO MORA TORRES,1,,
5,16,MICHOACAN,,,75,COJUMATLAN DE REGULES,,,REG_MR,PT_MORENA,1,MARGARITA MENDOZA ORDAZ,2,,
5,16,MICHOACAN,,,75,COJUMATLAN DE REGULES,,,REG_MR,PT_MORENA,2,ARTURO BUENROSTRO FLORES,1,,
5,16,MICHOACAN,,,75,COJUMATLAN DE REGULES,,,REG_MR,PT_MORENA,3,ROSA ILSE ORTEGA MORENO,2,,
5,16,MICHOACAN,,,75,COJUMATLAN DE REGULES,,,REG_MR,PT_MORENA,4,MARCO ANTONIO TRUJILLO CERVANTES,1,,
5,16,MICHOACAN,,,75,COJUMATLAN DE REGULES,,,REG_RP,PAN_PRD,1,MARTHA GARCIA BUENROSTRO,2,,
5,16,MICHOACAN,,,75,COJUMATLAN DE REGULES,,,REG_RP,PES,2,JAIME ISRAEL BOLAÑOS BRISEÑO,1,,PES
5,16,MICHOACAN,,,75,COJUMATLAN DE REGULES,,,REG_RP,PRI,3,LETICIA GARCIA AMEZCUA,2,,PRI
5,16,MICHOACAN,,,17,CONTEPEC,,,PRES_MUN,PAN_PRI,1,ENRIQUE VELAZQUEZ OROZCO,1,,
5,16,MICHOACAN,,,17,CONTEPEC,,,SIND_MR,PAN_PRI,1,YURITZI SOSA GARCIA,2,,
5,16,MICHOACAN,,,17,CONTEPEC,,,REG_MR,PAN_PRI,1,ALEJANDRO MALDONADO BERMUDEZ,1,,
5,16,MICHOACAN,,,17,CONTEPEC,,,REG_MR,PAN_PRI,2,JOSEFA MEDINA ELISERIO,2,,
5,16,MICHOACAN,,,17,CONTEPEC,,,REG_MR,PAN_PRI,3,ANDRES IBARRA MARTINEZ,1,,
5,16,MICHOACAN,,,17,CONTEPEC,,,REG_MR,PAN_PRI,4,NORMA GONZALEZ MARTINEZ,2,,
5,16,MICHOACAN,,,17,CONTEPEC,,,REG_RP,PT_MORENA,1,JOSE ROGELIO JIMENEZ MARTINEZ,1,,
5,16,MICHOACAN,,,17,CONTEPEC,,,REG_RP,PRD,2,ANDRES SERBIN RETANA,1,,PRD
5,16,MICHOACAN,,,17,CONTEPEC,,,REG_RP,PRD,3,LUZ MARIA RUIZ DE LA O,2,,PRD
5,16,MICHOACAN,,,18,COPANDARO,,,PRES_MUN,PRI,1,JOSE JAIME GARCIA DOMINGUEZ,1,,PRI
5,16,MICHOACAN,,,18,COPANDARO,,,SIND_MR,PRI,1,LUZ MARIA MARTINEZ AVALOS,2,,PRI
5,16,MICHOACAN,,,18,COPANDARO,,,REG_MR,PRI,1,BERNABE MEDRANO CHANOCUA,1,,PRI
5,16,MICHOACAN,,,18,COPANDARO,,,REG_MR,PRI,2,ALMA YANETH CAMPOS RICO,2,,PRI
5,16,MICHOACAN,,,18,COPANDARO,,,REG_MR,PRI,3,GUILLERMO CASTAÑEDA GONZALEZ,1,,PRI
5,16,MICHOACAN,,,18,COPANDARO,,,REG_MR,PRI,4,MARIA DE MONSERRATH CHAVEZ ORTIZ,2,,PRI
5,16,MICHOACAN,,,18,COPANDARO,,,REG_RP,PAN_PRD,1,ADRIANA HURTADO GARCIA,2,,
5,16,MICHOACAN,,,18,COPANDARO,,,REG_RP,PT_MORENA,2,EDITH GONZALEZ ABURTO,2,,
5,16,MICHOACAN,,,18,COPANDARO,,,REG_RP,PT_MORENA,3,JOSE OSCAR ESQUIVEL GARCIA,1,,
5,16,MICHOACAN,,,19,COTIJA,,,PRES_MUN,PAN,1,YOLANDA SANCHEZ FIGUEROA,2,,PAN
5,16,MICHOACAN,,,19,COTIJA,,,SIND_MR,PAN,1,PAULO AVALOS ALVAREZ,1,,PAN
5,16,MICHOACAN,,,19,COTIJA,,,REG_MR,PAN,1,ESTRELLA MENDOZA MENDEZ,2,,PAN
5,16,MICHOACAN,,,19,COTIJA,,,REG_MR,PAN,2,RUBEN JESUS ROBLEDO OSEGUERA,1,,PAN
5,16,MICHOACAN,,,19,COTIJA,,,REG_MR,PAN,3,MARIA DE JESUS CHAVEZ SANCHEZ,2,,PAN
5,16,MICHOACAN,,,19,COTIJA,,,REG_MR,PAN,4,ARNULFO GARCIA FIGUEROA,1,,PAN
5,16,MICHOACAN,,,19,COTIJA,,,REG_RP,PT_MORENA,1,FERNANDO GONZALEZ MENDOZA,1,,
5,16,MICHOACAN,,,19,COTIJA,,,REG_RP,PT_MORENA,2,ROSA HERLINDA FIGUEROA LUA,2,,
5,16,MICHOACAN,,,19,COTIJA,,,REG_RP,PRI_PRD,3,TERESA BURGARA GONZALEZ,2,,
5,16,MICHOACAN,,,20,CUITZEO,,,PRES_MUN,PT_MORENA,1,ROSA ELIA MILAN PINTOR,2,,
5,16,MICHOACAN,,,20,CUITZEO,,,SIND_MR,PT_MORENA,1,FRANCISCO DIAZ RODRIGUEZ,1,,
5,16,MICHOACAN,,,20,CUITZEO,,,REG_MR,PT_MORENA,1,MARISOL PINTOR GAYTAN,2,,
5,16,MICHOACAN,,,20,CUITZEO,,,REG_MR,PT_MORENA,2,ISRAEL DELGADO VEGA,1,,
5,16,MICHOACAN,,,20,CUITZEO,,,REG_MR,PT_MORENA,3,ALMA DELIA HERNANDEZ ARCIGA,2,,
5,16,MICHOACAN,,,20,CUITZEO,,,REG_MR,PT_MORENA,4,SANTIAGO PEREZ ZAMUDIO,1,,
5,16,MICHOACAN,,,20,CUITZEO,,,REG_RP,MC,1,URIEL ABREGO HUAZANO,1,,MC
5,16,MICHOACAN,,,20,CUITZEO,,,REG_RP,PAN_PRD,2,EDGAR OSVALDO LEON FERNANDEZ,1,,
5,16,MICHOACAN,,,20,CUITZEO,,,REG_RP,PRI,3,SANDRA GUZMAN CORNEJO,2,,PRI
5,16,MICHOACAN,,,30,ECUANDUREO,,,PRES_MUN,PAN_PRD,1,J. JESUS INFANTE AYALA,1,,
5,16,MICHOACAN,,,30,ECUANDUREO,,,SIND_MR,PAN_PRD,1,MARIA DEL SOCORRO FIERRO TREJO,2,,
5,16,MICHOACAN,,,30,ECUANDUREO,,,REG_MR,PAN_PRD,1,RAUL ANGELES CERNA,1,,
5,16,MICHOACAN,,,30,ECUANDUREO,,,REG_MR,PAN_PRD,2,ROSALVA FERNANDEZ RODRIGUEZ,2,,
5,16,MICHOACAN,,,30,ECUANDUREO,,,REG_MR,PAN_PRD,3,ARTURO ARROYO DURAN,1,,
5,16,MICHOACAN,,,30,ECUANDUREO,,,REG_MR,PAN_PRD,4,SANDRA VERONICA MORALES BRAVO,2,,
5,16,MICHOACAN,,,30,ECUANDUREO,,,REG_RP,MC,1,ERNESTO BRAVO LINAREZ,1,,MC
5,16,MICHOACAN,,,30,ECUANDUREO,,,REG_RP,MC,2,HECTOR GUSTAVO TREJO ALVARADO,1,,MC
5,16,MICHOACAN,,,30,ECUANDUREO,,,REG_RP,MC,3,MARIA GUADALUPE FLORES RAYA,2,,MC
5,16,MICHOACAN,,,31,EPITACIO HUERTA,,,PRES_MUN,PAN,1,FRANCISCO MAYA MORALES,1,,PAN
5,16,MICHOACAN,,,31,EPITACIO HUERTA,,,SIND_MR,PAN,1,JUDITH GARCIA MORENO,2,,PAN
5,16,MICHOACAN,,,31,EPITACIO HUERTA,,,REG_MR,PAN,1,VLADIMIR MORALES BONO,1,,PAN
5,16,MICHOACAN,,,31,EPITACIO HUERTA,,,REG_MR,PAN,2,ANA LAURA GARDUÑO PEÑALOZA,2,,PAN
5,16,MICHOACAN,,,31,EPITACIO HUERTA,,,REG_MR,PAN,3,ADAN VEGA OSORNIO,1,,PAN
5,16,MICHOACAN,,,31,EPITACIO HUERTA,,,REG_MR,PAN,4,EVA ZEPEDA AGUILAR,2,,PAN
5,16,MICHOACAN,,,31,EPITACIO HUERTA,,,REG_RP,PT_MORENA,1,ARIEL BENJAMIN CALLEJAS URIBE,1,,
5,16,MICHOACAN,,,31,EPITACIO HUERTA,,,REG_RP,PT_MORENA,2,SONIA GONZALEZ NAVA,2,,
5,16,MICHOACAN,,,31,EPITACIO HUERTA,,,REG_RP,PRI_PRD,3,DESLHI CAMACHO AGUILAR,2,,
5,16,MICHOACAN,,,32,ERONGARICUARO,,,PRES_MUN,PT_MORENA,1,JUAN CALDERON CASTILLEJO,1,,
5,16,MICHOACAN,,,32,ERONGARICUARO,,,SIND_MR,PT_MORENA,1,MA. ENGRACIA RAMOS DE JESUS,2,,
5,16,MICHOACAN,,,32,ERONGARICUARO,,,REG_MR,PT_MORENA,1,MAXIMINO ESTRADA HERNANDEZ,1,,
5,16,MICHOACAN,,,32,ERONGARICUARO,,,REG_MR,PT_MORENA,2,ERIKA ASCENCIO LONGINOS,2,,
5,16,MICHOACAN,,,32,ERONGARICUARO,,,REG_MR,PT_MORENA,3,JOSE ISIDRO SANTIAGO URRIETA,1,,
5,16,MICHOACAN,,,32,ERONGARICUARO,,,REG_MR,PT_MORENA,4,MAGNOLIA CAMPOS SOLORIO,2,,
5,16,MICHOACAN,,,32,ERONGARICUARO,,,REG_RP,PRD,1,ROSA BELEN MENDOZA VARGAS,2,,PRD
5,16,MICHOACAN,,,32,ERONGARICUARO,,,REG_RP,PRI,2,DIANA LAURA CASTILLO MATA,2,,PRI
5,16,MICHOACAN,,,32,ERONGARICUARO,,,REG_RP,PRI,3,JOSE MANUEL ABUNDEZ RODRIGUEZ,1,,PRI
5,16,MICHOACAN,,,33,GABRIEL ZAMORA,,,PRES_MUN,PT_MORENA,1,JUAN ALBERTO ANDALLA HERNANDEZ,1,,
5,16,MICHOACAN,,,33,GABRIEL ZAMORA,,,SIND_MR,PT_MORENA,1,ITZEL IRAI GONZALEZ FLORES,2,,
5,16,MICHOACAN,,,33,GABRIEL ZAMORA,,,REG_MR,PT_MORENA,1,RICARDO SANTACRUZ BARRIGA,1,,
5,16,MICHOACAN,,,33,GABRIEL ZAMORA,,,REG_MR,PT_MORENA,2,LUZ MARIA ROLDAN MORA,2,,
5,16,MICHOACAN,,,33,GABRIEL ZAMORA,,,REG_MR,PT_MORENA,3,ARTURO CASTRO PRADO,2,,
5,16,MICHOACAN,,,33,GABRIEL ZAMORA,,,REG_MR,PT_MORENA,4,CECILIA RAMIREZ SOLIS,2,,
5,16,MICHOACAN,,,33,GABRIEL ZAMORA,,,REG_RP,PRI_PRD,1,MARIA TERESA ALCARAZ HERNANDEZ,2,,
5,16,MICHOACAN,,,33,GABRIEL ZAMORA,,,REG_RP,PVEM,2,ALMA ROSA SALGADO IZGUERRA,2,,PVEM
5,16,MICHOACAN,,,33,GABRIEL ZAMORA,,,REG_RP,PVEM,3,ROSA MARIA ARREOLA CHAVEZ,2,,PVEM
5,16,MICHOACAN,,,34,HIDALGO,,,PRES_MUN,PT_MORENA,1,JOSE LUIS TELLEZ MARIN,1,,
5,16,MICHOACAN,,,34,HIDALGO,,,SIND_MR,PT_MORENA,1,CAROLINA PEREZ SANCHEZ,2,,
5,16,MICHOACAN,,,34,HIDALGO,,,REG_MR,PT_MORENA,1,LUIS GILDARDO LOPEZ BERNAL,1,,
5,16,MICHOACAN,,,34,HIDALGO,,,REG_MR,PT_MORENA,2,MARIA NORBELLA GARCIA HERNANDEZ,2,,
5,16,MICHOACAN,,,34,HIDALGO,,,REG_MR,PT_MORENA,3,CARLOS PATIÑO PEÑA,1,,
5,16,MICHOACAN,,,34,HIDALGO,,,REG_MR,PT_MORENA,4,ROSA ISELA MERLOS QUINTERO,2,,
5,16,MICHOACAN,,,34,HIDALGO,,,REG_MR,PT_MORENA,5,HECTOR TREJO PATIÑO,1,,
5,16,MICHOACAN,,,34,HIDALGO,,,REG_MR,PT_MORENA,6,MARTHA ELVA SOLIS DURAN,2,,
5,16,MICHOACAN,,,34,HIDALGO,,,REG_MR,PT_MORENA,7,FIDEL MAÑON SUAREZ,1,,
5,16,MICHOACAN,,,34,HIDALGO,,,REG_RP,MC,1,JOSE LUIS BERTHELY MORA,1,,MC
5,16,MICHOACAN,,,34,HIDALGO,,,REG_RP,PAN,2,ELVIRA DEL PILAR GUZMAN MUÑOZ,2,,PAN
5,16,MICHOACAN,,,34,HIDALGO,,,REG_RP,PRI_PRD,3,KARLA ALEJANDRA CARMONA BACA,2,,
5,16,MICHOACAN,,,34,HIDALGO,,,REG_RP,PRI_PRD,4,MARICELA DEL CARMEN BERNAL GARCIA,2,,
5,16,MICHOACAN,,,34,HIDALGO,,,REG_RP,PVEM,5,MARX TREJO TREJO,1,,PVEM
5,16,MICHOACAN,,,36,HUANDACAREO,,,PRES_MUN,PRD,1,HUMBERTO GONZALEZ VILLAGOMEZ,1,,PRD
5,16,MICHOACAN,,,36,HUANDACAREO,,,SIND_MR,PRD,1,ESTELA ABREGO RUIZ,2,,PRD
5,16,MICHOACAN,,,36,HUANDACAREO,,,REG_MR,PRD,1,ALDO TOMAS AYALA LAZARO,1,,PRD
5,16,MICHOACAN,,,36,HUANDACAREO,,,REG_MR,PRD,2,BERENISE PEREZ GARCIA,2,,PRD
5,16,MICHOACAN,,,36,HUANDACAREO,,,REG_MR,PRD,3,MIGUEL ANGEL GONZALEZ DIAZ,1,,PRD
5,16,MICHOACAN,,,36,HUANDACAREO,,,REG_MR,PRD,4,MARIA AMPARO ZAVALA CORONA,2,,PRD
5,16,MICHOACAN,,,36,HUANDACAREO,,,REG_RP,MORENA,1,LUZ AMPARO REYES VILLAGOMEZ,2,,MORENA
5,16,MICHOACAN,,,36,HUANDACAREO,,,REG_RP,PAN_PRI,2,CRISTINA NAVA LOEZA,2,,
5,16,MICHOACAN,,,36,HUANDACAREO,,,REG_RP,PVEM,3,JOSE ALFREDO DIAZ GARCIA,1,,PVEM
5,16,MICHOACAN,,,37,HUANIQUEO,,,PRES_MUN,CAND_IND3,1,FRANCISCO CONTRERAS VASQUES,1,,CAND_IND3
5,16,MICHOACAN,,,37,HUANIQUEO,,,SIND_MR,CAND_IND3,1,ALEJANDRA LOPEZ SALINAS,2,,CAND_IND3
5,16,MICHOACAN,,,37,HUANIQUEO,,,REG_MR,CAND_IND3,1,JERONIMO GUILLEN SALUD,1,,CAND_IND3
5,16,MICHOACAN,,,37,HUANIQUEO,,,REG_MR,CAND_IND3,2,LETICIA GALLEGOS MEDINA,2,,CAND_IND3
5,16,MICHOACAN,,,37,HUANIQUEO,,,REG_MR,CAND_IND3,3,JOEL GIL VAZQUEZ,1,,CAND_IND3
5,16,MICHOACAN,,,37,HUANIQUEO,,,REG_MR,CAND_IND3,4,ARACELI RODRIGUEZ MENDOZA,2,,CAND_IND3
5,16,MICHOACAN,,,37,HUANIQUEO,,,REG_RP,PT_MORENA,1,MARCO ANTONIO SALINAS CONTRERAS,1,,
5,16,MICHOACAN,,,37,HUANIQUEO,,,REG_RP,PT_MORENA,2,MIRIAM GIL RUIZ,2,,
5,16,MICHOACAN,,,37,HUANIQUEO,,,REG_RP,PRD,3,GUADALUPE LOURDES VILLA GONZALEZ,2,,PRD
5,16,MICHOACAN,,,38,HUETAMO,,,PRES_MUN,PAN_PRD,1,PABLO VARONA ESTRADA,1,,
5,16,MICHOACAN,,,38,HUETAMO,,,SIND_MR,PAN_PRD,1,MA ESPERANZA MARTINEZ GONZALEZ,2,,
5,16,MICHOACAN,,,38,HUETAMO,,,REG_MR,PAN_PRD,1,JESUS ISMAEL SANCHEZ CORNEJO,1,,
5,16,MICHOACAN,,,38,HUETAMO,,,REG_MR,PAN_PRD,2,MARTINA GARCIA AUREOLES,2,,
5,16,MICHOACAN,,,38,HUETAMO,,,REG_MR,PAN_PRD,3,MIGUEL VAZQUEZ SERRANO,1,,
5,16,MICHOACAN,,,38,HUETAMO,,,REG_MR,PAN_PRD,4,ERIKA SANTIBAÑEZ RAMIREZ,2,,
5,16,MICHOACAN,,,38,HUETAMO,,,REG_MR,PAN_PRD,5,JOSE DEMESIO BALTAZAR NUÑEZ,1,,
5,16,MICHOACAN,,,38,HUETAMO,,,REG_MR,PAN_PRD,6,MA. GUADALUPE SANTIBAÑEZ GUZMAN,2,,
5,16,MICHOACAN,,,38,HUETAMO,,,REG_RP,PT_MORENA,1,IRMA VELAZQUEZ BETANCOURT,2,,
5,16,MICHOACAN,,,38,HUETAMO,,,REG_RP,PT_MORENA,2,JAVIER PENIEL SOLIS PEREZNEGRON,1,,
5,16,MICHOACAN,,,38,HUETAMO,,,REG_RP,PT_MORENA,3,ROABIN ALEXANDER CUSTODIO PEÑA,1,,
5,16,MICHOACAN,,,38,HUETAMO,,,REG_RP,PRI,4,MAGALY GARCIA SIERRA,2,,PRI
5,16,MICHOACAN,,,39,HUIRAMBA,,,PRES_MUN,PRI,1,MARIA ROCIO DOMINGUEZ NAMBO,2,,PRI
5,16,MICHOACAN,,,39,HUIRAMBA,,,SIND_MR,PRI,1,CANDELARIO PIÑON DOMINGUEZ,1,,PRI
5,16,MICHOACAN,,,39,HUIRAMBA,,,REG_MR,PRI,1,CECILIA MARIA CARAPIA GARCIA,2,,PRI
5,16,MICHOACAN,,,39,HUIRAMBA,,,REG_MR,PRI,2,CESAR NAMBO LOPEZ,1,,PRI
5,16,MICHOACAN,,,39,HUIRAMBA,,,REG_MR,PRI,3,DALILA CHAVEZ BAHENA,2,,PRI
5,16,MICHOACAN,,,39,HUIRAMBA,,,REG_MR,PRI,4,ASCENCION MONDRAGON MARTINEZ,1,,PRI
5,16,MICHOACAN,,,39,HUIRAMBA,,,REG_RP,FXM,1,DANIEL RAMIREZ CRUZ,1,,FXM
5,16,MICHOACAN,,,39,HUIRAMBA,,,REG_RP,PT_MORENA,2,PATRICIA ESCAMILLA DOMINGUEZ,2,,
5,16,MICHOACAN,,,39,HUIRAMBA,,,REG_RP,PAN_PRD,3,MIRELLA GOMEZ ALVA,2,,
5,16,MICHOACAN,,,40,INDAPARAPEO,,,PRES_MUN,PVEM,1,ERICK MAGAÑA GARCIDUEÑAS,1,,PVEM
5,16,MICHOACAN,,,40,INDAPARAPEO,,,SIND_MR,PVEM,1,MARIA DEL CARMEN RAMIREZ SANCHEZ,2,,PVEM
5,16,MICHOACAN,,,40,INDAPARAPEO,,,REG_MR,PVEM,1,SALVADOR OLGUIN RODRIGUEZ,1,,PVEM
5,16,MICHOACAN,,,40,INDAPARAPEO,,,REG_MR,PVEM,2,ANEL GUADALUPE HERNANDEZ ZEPEDA,2,,PVEM
5,16,MICHOACAN,,,40,INDAPARAPEO,,,REG_MR,PVEM,3,HUMBERTO GONZALEZ ROMERO,1,,PVEM
5,16,MICHOACAN,,,40,INDAPARAPEO,,,REG_MR,PVEM,4,GUADALUPE MAURICIO REYES,2,,PVEM
5,16,MICHOACAN,,,40,INDAPARAPEO,,,REG_RP,FXM,1,MARCO ANTONIO MORENO ROQUE,1,,FXM
5,16,MICHOACAN,,,40,INDAPARAPEO,,,REG_RP,PAN_PRD,2,MARIJOSE BUCIO CILVA,2,,
5,16,MICHOACAN,,,40,INDAPARAPEO,,,REG_RP,PRI,3,MARIA YOLANDA MUÑOZ MARTINEZ,2,,PRI
5,16,MICHOACAN,,,41,IRIMBO,,,PRES_MUN,PAN_PRI,1,FERNANDO PALOMINO ANDRADE,1,,
5,16,MICHOACAN,,,41,IRIMBO,,,SIND_MR,PAN_PRI,1,CONSUELO ALANIS RUIZ,2,,
5,16,MICHOACAN,,,41,IRIMBO,,,REG_MR,PAN_PRI,1,JOSE VICTOR GARCIA GOMEZ,1,,
5,16,MICHOACAN,,,41,IRIMBO,,,REG_MR,PAN_PRI,2,IRENE TREJO APON,2,,
5,16,MICHOACAN,,,41,IRIMBO,,,REG_MR,PAN_PRI,3,J. GILBERTO HERNANDEZ GONZALEZ,1,,
5,16,MICHOACAN,,,41,IRIMBO,,,REG_MR,PAN_PRI,4,EVELIN ALANIS GUTIERREZ,2,,
5,16,MICHOACAN,,,41,IRIMBO,,,REG_RP,PT_MORENA,1,ALEJANDRA PEREZ GUTIERREZ,2,,
5,16,MICHOACAN,,,41,IRIMBO,,,REG_RP,PRD,2,OMAR HERNANDEZ HERNANDEZ,1,,PRD
5,16,MICHOACAN,,,41,IRIMBO,,,REG_RP,PRD,3,SELENE RODRIGUEZ ESQUIVEL,2,,PRD
5,16,MICHOACAN,,,42,IXTLAN,,,PRES_MUN,PAN_PRI,1,CESAR ENOC TAMAYO HERRERA,1,,
5,16,MICHOACAN,,,42,IXTLAN,,,SIND_MR,PAN_PRI,1,ANA MARIA DEL RIO GOMEZ,2,,
5,16,MICHOACAN,,,42,IXTLAN,,,REG_MR,PAN_PRI,1,RAUL TORRES VELAZQUEZ,1,,
5,16,MICHOACAN,,,42,IXTLAN,,,REG_MR,PAN_PRI,2,YADIRA GUTIERREZ GOMEZ,2,,
5,16,MICHOACAN,,,42,IXTLAN,,,REG_MR,PAN_PRI,3,GERALDIN GUADALUPE GARIBAY DIAZ,2,,
5,16,MICHOACAN,,,42,IXTLAN,,,REG_MR,PAN_PRI,4,IRMA MARTINEZ RODRIGUEZ,2,,
5,16,MICHOACAN,,,42,IXTLAN,,,REG_RP,PT_MORENA,1,GABRIELA LEON MARQUEZ,2,,
5,16,MICHOACAN,,,42,IXTLAN,,,REG_RP,PT_MORENA,2,JOSE DE JESUS SOLANO CHAVEZ,1,,
5,16,MICHOACAN,,,42,IXTLAN,,,REG_RP,PRD,3,GUADALUPE BECERRA BUSTAMANTE,2,,PRD
5,16,MICHOACAN,,,43,JACONA,,,PRES_MUN,PT_MORENA,1,ISIDORO MOSQUEDA ESTRADA,1,,
5,16,MICHOACAN,,,43,JACONA,,,SIND_MR,PT_MORENA,1,MARIA GUADALUPE OSEGUERA BARRIGA,2,,
5,16,MICHOACAN,,,43,JACONA,,,REG_MR,PT_MORENA,1,JOSE ROGELIO LUJAN GONZALEZ,1,,
5,16,MICHOACAN,,,43,JACONA,,,REG_MR,PT_MORENA,2,MARIA TRINIDAD MACIAS GRACIAN,2,,
5,16,MICHOACAN,,,43,JACONA,,,REG_MR,PT_MORENA,3,JOSE ANTONIO CABRERA OROPEZA,1,,
5,16,MICHOACAN,,,43,JACONA,,,REG_MR,PT_MORENA,4,MARIELA CABRERA ARIAS,2,,
5,16,MICHOACAN,,,43,JACONA,,,REG_MR,PT_MORENA,5,HECTOR MANUEL SANDOVAL RODRIGUEZ,1,,
5,16,MICHOACAN,,,43,JACONA,,,REG_MR,PT_MORENA,6,MARIA GUADALUPE MARTINEZ GARCIA,2,,
5,16,MICHOACAN,,,43,JACONA,,,REG_RP,PAN,1,SERAFIN CAMPOS CACHO,2,,PAN
5,16,MICHOACAN,,,43,JACONA,,,REG_RP,PRI_PRD,2,EVA MARIA PIMENTEL REYES,2,,
5,16,MICHOACAN,,,43,JACONA,,,REG_RP,PRI_PRD,3,MARCO ANTONIO ALVAREZ CABRERA,1,,
5,16,MICHOACAN,,,43,JACONA,,,REG_RP,PVEM,4,MARIA DEL ROCIO OCHOA TOLENTO,2,,PVEM
5,16,MICHOACAN,,,44,JIMENEZ,,,PRES_MUN,PAN_PRI_PRD,1,MARIA MUÑOZ LEDO VIVEROS,2,,
5,16,MICHOACAN,,,44,JIMENEZ,,,SIND_MR,PAN_PRI_PRD,1,NOE ORNELAS SANGUINO,1,,
5,16,MICHOACAN,,,44,JIMENEZ,,,REG_MR,PAN_PRI_PRD,1,ELIZABETH HUANTE ESPINOSA,2,,
5,16,MICHOACAN,,,44,JIMENEZ,,,REG_MR,PAN_PRI_PRD,2,CRISTIAN CARRANZA DAMIAN,1,,
5,16,MICHOACAN,,,44,JIMENEZ,,,REG_MR,PAN_PRI_PRD,3,ELIZABETH NOLASCO CONTRERAS,2,,
5,16,MICHOACAN,,,44,JIMENEZ,,,REG_MR,PAN_PRI_PRD,4,ARMANDO GUTIERREZ CHAVEZ,1,,
5,16,MICHOACAN,,,44,JIMENEZ,,,REG_RP,FXM,1,ILIANA CARRANZA FRIAS,2,,FXM
5,16,MICHOACAN,,,44,JIMENEZ,,,REG_RP,PT_MORENA,2,JUAN JAVIER CALVILLO AMBRIZ,1,,
5,16,MICHOACAN,,,44,JIMENEZ,,,REG_RP,PT_MORENA,3,VALERIA OROZCO AMBRIZ,2,,
5,16,MICHOACAN,,,45,JIQUILPAN,,,PRES_MUN,MC,1,JOSE ELIAS BARAJAS BAUTISTA,1,,MC
5,16,MICHOACAN,,,45,JIQUILPAN,,,SIND_MR,MC,1,VALERIA GUADALUPE MORALES CORONA,2,,MC
5,16,MICHOACAN,,,45,JIQUILPAN,,,REG_MR,MC,1,JOSE ANGEL VARGAS GUDIÑO,1,,MC
5,16,MICHOACAN,,,45,JIQUILPAN,,,REG_MR,MC,2,ROSA ORDAZ ROSAS,2,,MC
5,16,MICHOACAN,,,45,JIQUILPAN,,,REG_MR,MC,3,ALEJANDRO MACIAS VALENCIA,1,,MC
5,16,MICHOACAN,,,45,JIQUILPAN,,,REG_MR,MC,4,KARLA JUDITH MEZA PANTOJA,2,,MC
5,16,MICHOACAN,,,45,JIQUILPAN,,,REG_MR,MC,5,FRANCISCO JAVIER PEREZ NOVOA,1,,MC
5,16,MICHOACAN,,,45,JIQUILPAN,,,REG_MR,MC,6,IVANA LOPEZ HERNANDEZ,2,,MC
5,16,MICHOACAN,,,45,JIQUILPAN,,,REG_RP,PT_MORENA,1,LUIS DANIEL MENDOZA MAGALLON,1,,
5,16,MICHOACAN,,,45,JIQUILPAN,,,REG_RP,PAN_PRI_PRD,2,VICTOR ALFONSO FIGUEROA ZEPEDA,1,,
5,16,MICHOACAN,,,45,JIQUILPAN,,,REG_RP,PAN_PRI_PRD,3,MARTHA ALICIA SANTILLAN OROZCO,2,,
5,16,MICHOACAN,,,45,JIQUILPAN,,,REG_RP,PVEM,4,NORMA ADRIANA MONARES BRISEÑO,2,,PVEM
5,16,MICHOACAN,,,46,JOSE SIXTO VERDUZCO,,,PRES_MUN,PVEM,1,RUBEN ROBLEDO AGABO,1,,PVEM
5,16,MICHOACAN,,,46,JOSE SIXTO VERDUZCO,,,SIND_MR,PVEM,1,BRENDA YUDITH MARTINEZ AGABO,2,,PVEM
5,16,MICHOACAN,,,46,JOSE SIXTO VERDUZCO,,,REG_MR,PVEM,1,J. LUIS SOLORIO AVILA,1,,PVEM
5,16,MICHOACAN,,,46,JOSE SIXTO VERDUZCO,,,REG_MR,PVEM,2,MA. GUADALUPE LARA ACOSTA,2,,PVEM
5,16,MICHOACAN,,,46,JOSE SIXTO VERDUZCO,,,REG_MR,PVEM,3,MIGUEL ANGEL LEMUS MORENO,1,,PVEM
5,16,MICHOACAN,,,46,JOSE SIXTO VERDUZCO,,,REG_MR,PVEM,4,ALEJANDRA ARIANNA AYALA DUARTE,2,,PVEM
5,16,MICHOACAN,,,46,JOSE SIXTO VERDUZCO,,,REG_RP,PRD,1,CARLOS RODRIGUEZ AYALA,1,,PRD
5,16,MICHOACAN,,,46,JOSE SIXTO VERDUZCO,,,REG_RP,PT_MORENA,2,FABIOLA AMBRIZ MARTINEZ,2,,
5,16,MICHOACAN,,,46,JOSE SIXTO VERDUZCO,,,REG_RP,RSP,3,EMILIO TORRES RAMOS,1,,RSP
5,16,MICHOACAN,,,47,JUAREZ,,,PRES_MUN,PVEM,1,CORNELIO RIOS PANIAGUA,1,,PVEM
5,16,MICHOACAN,,,47,JUAREZ,,,SIND_MR,PVEM,1,SUSANA DE PAZ HERNANDEZ,2,,PVEM
5,16,MICHOACAN,,,47,JUAREZ,,,REG_MR,PVEM,1,ERICK LOPEZ VALDES,1,,PVEM
5,16,MICHOACAN,,,47,JUAREZ,,,REG_MR,PVEM,2,ROSA ISELA HERRERA VERA,2,,PVEM
5,16,MICHOACAN,,,47,JUAREZ,,,REG_MR,PVEM,3,CUAUHTEMOC JIMENEZ GONZALEZ,1,,PVEM
5,16,MICHOACAN,,,47,JUAREZ,,,REG_MR,PVEM,4,MARIA EUGENIA JUAREZ LOPEZ,2,,PVEM
5,16,MICHOACAN,,,47,JUAREZ,,,REG_RP,PT_MORENA,1,FABIOLA SANCHEZ SANTANA,2,,
5,16,MICHOACAN,,,47,JUAREZ,,,REG_RP,PRI_PRD,2,ADAMARES ESPINOZA GARCIA,2,,
5,16,MICHOACAN,,,47,JUAREZ,,,REG_RP,PRI_PRD,3,OTONIEL LOPEZ FRUTIS,1,,
5,16,MICHOACAN,,,48,JUNGAPEO,,,PRES_MUN,PT_MORENA,1,NORMA ANGELICA YAÑEZ SIERRA,2,,
5,16,MICHOACAN,,,48,JUNGAPEO,,,SIND_MR,PT_MORENA,1,HUGO MOLINA ZENDEJAS,1,,
5,16,MICHOACAN,,,48,JUNGAPEO,,,REG_MR,PT_MORENA,1,GUADALUPE MONSERRATH DE JESUS SOTO,2,,
5,16,MICHOACAN,,,48,JUNGAPEO,,,REG_MR,PT_MORENA,2,HUGO ALFREDO CRUZ GARCIA,1,,
5,16,MICHOACAN,,,48,JUNGAPEO,,,REG_MR,PT_MORENA,3,ANA MARIA ONTIVEROS GUILLEN,2,,
5,16,MICHOACAN,,,48,JUNGAPEO,,,REG_MR,PT_MORENA,4,JACOBO CORIA TAPIA,1,,
5,16,MICHOACAN,,,48,JUNGAPEO,,,REG_RP,PAN_PRD,1,HUGO ANDRES GARDUÑO NIEVES,1,,
5,16,MICHOACAN,,,48,JUNGAPEO,,,REG_RP,PVEM,2,OCTAVIO ARREOLA SALAS,1,,PVEM
5,16,MICHOACAN,,,48,JUNGAPEO,,,REG_RP,CAND_IND4,3,FRANCISCO MIGUEL BLANCO POMPA,1,,CAND_IND4
5,16,MICHOACAN,,,35,LA HUACANA,,,PRES_MUN,PT_MORENA,1,RUBEN DE JESUS GONZALEZ GOMEZ,1,,
5,16,MICHOACAN,,,35,LA HUACANA,,,SIND_MR,PT_MORENA,1,PATRICIA HERNANDEZ ALEMAN,2,,
5,16,MICHOACAN,,,35,LA HUACANA,,,REG_MR,PT_MORENA,1,ERIC SANCHEZ ARCIGA,1,,
5,16,MICHOACAN,,,35,LA HUACANA,,,REG_MR,PT_MORENA,2,ANA JUDITH GALLARDO FERREIRA,2,,
5,16,MICHOACAN,,,35,LA HUACANA,,,REG_MR,PT_MORENA,3,LUIS ALBERTO PINEDA PINEDA,1,,
5,16,MICHOACAN,,,35,LA HUACANA,,,REG_MR,PT_MORENA,4,MARIA DE LA LUZ RANGEL CASTRO,2,,
5,16,MICHOACAN,,,35,LA HUACANA,,,REG_RP,PRI,1,LORENZA JIMENEZ PACHECO,2,,PRI
5,16,MICHOACAN,,,35,LA HUACANA,,,REG_RP,PRI,2,M. ALVA BARRIGA HERNANDEZ,2,,PRI
5,16,MICHOACAN,,,35,LA HUACANA,,,REG_RP,PRI,3,NATANAEL ROMERO RAMIREZ,1,,PRI
5,16,MICHOACAN,,,70,LA PIEDAD,,,PRES_MUN,PAN_PRD,1,SAMUEL DAVID HIDALGO GALLARDO,1,,
5,16,MICHOACAN,,,70,LA PIEDAD,,,SIND_MR,PAN_PRD,1,ESTHER NARANJO ARMENDARIZ,2,,
5,16,MICHOACAN,,,70,LA PIEDAD,,,REG_MR,PAN_PRD,1,CESAR OCEGUERA ESTRADA,1,,
5,16,MICHOACAN,,,70,LA PIEDAD,,,REG_MR,PAN_PRD,2,TATIANA AYALA AVIÑA,2,,
5,16,MICHOACAN,,,70,LA PIEDAD,,,REG_MR,PAN_PRD,3,SERGIO ORTIZ TRUJILLO,1,,
5,16,MICHOACAN,,,70,LA PIEDAD,,,REG_MR,PAN_PRD,4,MARIA SANDRA SANCHEZ SANCHEZ,2,,
5,16,MICHOACAN,,,70,LA PIEDAD,,,REG_MR,PAN_PRD,5,EDUARDO NOEL RINCON SANCHEZ,1,,
5,16,MICHOACAN,,,70,LA PIEDAD,,,REG_MR,PAN_PRD,6,MARIA DE LOURDES LEON RANGEL,2,,
5,16,MICHOACAN,,,70,LA PIEDAD,,,REG_MR,PAN_PRD,7,JUAN CARLOS GARCIA PICHARDO,1,,
5,16,MICHOACAN,,,70,LA PIEDAD,,,REG_RP,MC,1,MARIO CARDENAS NUÑEZ,1,,MC
5,16,MICHOACAN,,,70,LA PIEDAD,,,REG_RP,PT_MORENA,2,IVAN ABDIEL RIZO TELLEZ,1,,
5,16,MICHOACAN,,,70,LA PIEDAD,,,REG_RP,PT_MORENA,3,MARINA CHAVEZ BLANCARTE,2,,
5,16,MICHOACAN,,,70,LA PIEDAD,,,REG_RP,PRI,4,GABRIELA MEZA MARES,2,,PRI
5,16,MICHOACAN,,,70,LA PIEDAD,,,REG_RP,PRI,5,JESUS RODRIGUEZ SALDAÑA,1,,PRI
5,16,MICHOACAN,,,49,LAGUNILLAS,,,PRES_MUN,PES,1,OCTAVIO CHAVEZ AGUIRRE,1,,PES
5,16,MICHOACAN,,,49,LAGUNILLAS,,,SIND_MR,PES,1,MARIA AZUCENA MUÑOZ BARRIGA,2,,PES
5,16,MICHOACAN,,,49,LAGUNILLAS,,,REG_MR,PES,1,J. ERASTO GARCIA CHAVEZ,1,,PES
5,16,MICHOACAN,,,49,LAGUNILLAS,,,REG_MR,PES,2,SALUD SALINAS HERNANDEZ,2,,PES
5,16,MICHOACAN,,,49,LAGUNILLAS,,,REG_MR,PES,3,RIGOBERTO SAUCEDO JUAREZ,1,,PES
5,16,MICHOACAN,,,49,LAGUNILLAS,,,REG_MR,PES,4,MARIA DEL CARMEN PIÑON ESPINOZA,2,,PES
5,16,MICHOACAN,,,49,LAGUNILLAS,,,REG_RP,PT_MORENA,1,FATIMA ISELA PONCE DOMINGUEZ,2,,
5,16,MICHOACAN,,,49,LAGUNILLAS,,,REG_RP,PT_MORENA,2,JUAN LUIS PIÑON MENDOZA,1,,
5,16,MICHOACAN,,,49,LAGUNILLAS,,,REG_RP,PT_MORENA,3,MARIA SALUD RODRIGUEZ PONCE,2,,
5,16,MICHOACAN,,,50,LAZARO CARDENAS,,,PRES_MUN,MORENA,1,MARIA ITZE CAMACHO ZAPIAIN,2,,MORENA
5,16,MICHOACAN,,,50,LAZARO CARDENAS,,,SIND_MR,MORENA,1,MANUEL ESQUIVEL BEJARANO,1,,MORENA
5,16,MICHOACAN,,,50,LAZARO CARDENAS,,,REG_MR,MORENA,1,MINERVA VAZQUEZ SALAS,2,,MORENA
5,16,MICHOACAN,,,50,LAZARO CARDENAS,,,REG_MR,MORENA,2,ROBERTO FRANCISCO EQUIHUA SERRATO,1,,MORENA
5,16,MICHOACAN,,,50,LAZARO CARDENAS,,,REG_MR,MORENA,3,GUMECINDA CAMPOS PEÑALOZA,2,,MORENA
5,16,MICHOACAN,,,50,LAZARO CARDENAS,,,REG_MR,MORENA,4,JOSE MARTIN GRANADOS MARTINEZ,1,,MORENA
5,16,MICHOACAN,,,50,LAZARO CARDENAS,,,REG_MR,MORENA,5,CLARA ALVAREZ PRADO,2,,MORENA
5,16,MICHOACAN,,,50,LAZARO CARDENAS,,,REG_MR,MORENA,6,JUAN ANTONIO PEREZ BALDERRAMA,1,,MORENA
5,16,MICHOACAN,,,50,LAZARO CARDENAS,,,REG_MR,MORENA,7,CARMEN VERONICA VAZQUEZ CUEVAS,2,,MORENA
5,16,MICHOACAN,,,50,LAZARO CARDENAS,,,REG_RP,PAN,1,AMALIA VAZQUEZ IBARRA,2,,PAN
5,16,MICHOACAN,,,50,LAZARO CARDENAS,,,REG_RP,PRI_PRD,2,EDILBERTO TOLEDO SERRANO,1,,
5,16,MICHOACAN,,,50,LAZARO CARDENAS,,,REG_RP,PRI_PRD,3,RUBI ESMERALDA PALAFOX SANCHEZ,2,,
5,16,MICHOACAN,,,50,LAZARO CARDENAS,,,REG_RP,PRI_PRD,4,VERONICA GOMEZ DE LA ROSA,2,,
5,16,MICHOACAN,,,50,LAZARO CARDENAS,,,REG_RP,PRI_PRD,5,WALTNNER RUSSELL CORDOBA MORENO,1,,
5,16,MICHOACAN,,,76,LOS REYES,,,PRES_MUN,PAN,1,JOSE ANTONIO SALAS VALENCIA,1,,PAN
5,16,MICHOACAN,,,76,LOS REYES,,,SIND_MR,PAN,1,GUDELIA OSEGUERA CEJA,2,,PAN
5,16,MICHOACAN,,,76,LOS REYES,,,REG_MR,PAN,1,JOSE LUIS VEGA SILVA,1,,PAN
5,16,MICHOACAN,,,76,LOS REYES,,,REG_MR,PAN,2,MIRIAM GUADALUPE CHAVEZ CHAVEZ,2,,PAN
5,16,MICHOACAN,,,76,LOS REYES,,,REG_MR,PAN,3,RICARDO ENRIQUE TORRES GARRAGAN,1,,PAN
5,16,MICHOACAN,,,76,LOS REYES,,,REG_MR,PAN,4,MA. LEONARDA GARIBAY ARTEAGA,2,,PAN
5,16,MICHOACAN,,,76,LOS REYES,,,REG_MR,PAN,5,LUIS ARMANDO MENDEZ ESCALERA,1,,PAN
5,16,MICHOACAN,,,76,LOS REYES,,,REG_MR,PAN,6,ANDREA MORALES ALVAREZ,2,,PAN
5,16,MICHOACAN,,,76,LOS REYES,,,REG_RP,PT_MORENA,1,MARGARITA CHAVEZ ARROYO,2,,
5,16,MICHOACAN,,,76,LOS REYES,,,REG_RP,CAND_IND5,2,JOSE MARIA MENDOZA TORRES,1,,CAND_IND5
5,16,MICHOACAN,,,76,LOS REYES,,,REG_RP,PES,3,MARICELA SANDOVAL ROCHA,2,,PES
5,16,MICHOACAN,,,76,LOS REYES,,,REG_RP,PRI_PRD,4,MANUEL ALEJANDRO ROCHA MENDOZA,1,,
5,16,MICHOACAN,,,51,MADERO,,,PRES_MUN,PAN_PRI_PRD,1,FROYLAN ALCAUTER IBARRA,1,,
5,16,MICHOACAN,,,51,MADERO,,,SIND_MR,PAN_PRI_PRD,1,VIANEY AVILA CORTES,2,,
5,16,MICHOACAN,,,51,MADERO,,,REG_MR,PAN_PRI_PRD,1,SERGIO ZARCO BAUTISTA,1,,
5,16,MICHOACAN,,,51,MADERO,,,REG_MR,PAN_PRI_PRD,2,EVA TALAVERA ELISEA,2,,
5,16,MICHOACAN,,,51,MADERO,,,REG_MR,PAN_PRI_PRD,3,EDUARDO GARCIA ORTEGA,1,,
5,16,MICHOACAN,,,51,MADERO,,,REG_MR,PAN_PRI_PRD,4,LUZ MARIA AGUILAR APARICIO,2,,
5,16,MICHOACAN,,,51,MADERO,,,REG_RP,PT_MORENA,1,LEONEL GARCIA AYALA,1,,
5,16,MICHOACAN,,,51,MADERO,,,REG_RP,PT_MORENA,2,LUZ MARIA DURAN SANCHEZ,2,,
5,16,MICHOACAN,,,51,MADERO,,,REG_RP,PT_MORENA,3,RIGOBERTO HINOJOSA GUTIERREZ,1,,
5,16,MICHOACAN,,,52,MARAVATIO,,,PRES_MUN,PAN_PRI_PRD,1,JOSE JAIME HINOJOSA CAMPA,1,,
5,16,MICHOACAN,,,52,MARAVATIO,,,SIND_MR,PAN_PRI_PRD,1,ERIKA VIANNEY BARRIGA VEGA,2,,
5,16,MICHOACAN,,,52,MARAVATIO,,,REG_MR,PAN_PRI_PRD,1,ADRIAN GUZMAN VILLANUEVA,1,,
5,16,MICHOACAN,,,52,MARAVATIO,,,REG_MR,PAN_PRI_PRD,2,PATRICIA HERNANDEZ RUIZ,2,,
5,16,MICHOACAN,,,52,MARAVATIO,,,REG_MR,PAN_PRI_PRD,3,VENANCIO SOTO MORALES,1,,
5,16,MICHOACAN,,,52,MARAVATIO,,,REG_MR,PAN_PRI_PRD,4,ANDREA PEREZ SOLIS,2,,
5,16,MICHOACAN,,,52,MARAVATIO,,,REG_MR,PAN_PRI_PRD,5,CRISTHIAN EMMANUEL PLANCARTE AVELLANEDA,1,,
5,16,MICHOACAN,,,52,MARAVATIO,,,REG_MR,PAN_PRI_PRD,6,NORMA ANGELICA CARRAZCO SUAREZ,2,,
5,16,MICHOACAN,,,52,MARAVATIO,,,REG_RP,PT_MORENA,1,GUADALUPE LOPEZ LUZ,2,,
5,16,MICHOACAN,,,52,MARAVATIO,,,REG_RP,PT_MORENA,2,J. LUIS GILBERTO BAUTISTA GONZALEZ,1,,
5,16,MICHOACAN,,,52,MARAVATIO,,,REG_RP,PT_MORENA,3,JORDAN SAUCEDO AVILA,1,,
5,16,MICHOACAN,,,52,MARAVATIO,,,REG_RP,PT_MORENA,4,MARI RUTH ARELLANO OLAYO,2,,
5,16,MICHOACAN,,,53,MARCOS CASTELLANOS,,,PRES_MUN,PAN,1,JORGE LUIS ANGUIANO PARTIDA,1,,PAN
5,16,MICHOACAN,,,53,MARCOS CASTELLANOS,,,SIND_MR,PAN,1,MARIA VIRGINIA OCHOA BUENROSTRO,2,,PAN
5,16,MICHOACAN,,,53,MARCOS CASTELLANOS,,,REG_MR,PAN,1,RODRIGO APOLINAR PARTIDA BETANCOURT,1,,PAN
5,16,MICHOACAN,,,53,MARCOS CASTELLANOS,,,REG_MR,PAN,2,MAYRA PARTIDA ROMERO,2,,PAN
5,16,MICHOACAN,,,53,MARCOS CASTELLANOS,,,REG_MR,PAN,3,J. LEOCADIO TOSCANO CHAVEZ,1,,PAN
5,16,MICHOACAN,,,53,MARCOS CASTELLANOS,,,REG_MR,PAN,4,JAZMIN ALCALA VEGA,2,,PAN
5,16,MICHOACAN,,,53,MARCOS CASTELLANOS,,,REG_RP,PRI,1,SERGIO ARMANDO GONZALEZ BLANCARTE,1,,PRI
5,16,MICHOACAN,,,53,MARCOS CASTELLANOS,,,REG_RP,PT_MORENA,2,BRAYAN FONSECA LOPEZ,1,,
5,16,MICHOACAN,,,53,MARCOS CASTELLANOS,,,REG_RP,PT_MORENA,3,GABRIELA TEJEDA CERVANTES,2,,
5,16,MICHOACAN,,,54,MORELIA,,,PRES_MUN,PAN_PRD,1,ALFONSO JESUS MARTINEZ ALCAZAR,1,,
5,16,MICHOACAN,,,54,MORELIA,,,SIND_MR,PAN_PRD,1,SUSAN MELISSA VASQUEZ PEREZ,2,,
5,16,MICHOACAN,,,54,MORELIA,,,REG_MR,PAN_PRD,1,ALEJANDRO GONZALEZ MARTINEZ,1,,
5,16,MICHOACAN,,,54,MORELIA,,,REG_MR,PAN_PRD,2,MINERVA BAUTISTA GOMEZ,2,,
5,16,MICHOACAN,,,54,MORELIA,,,REG_MR,PAN_PRD,3,HUBER HUGO SERVIN CHAVEZ,1,,
5,16,MICHOACAN,,,54,MORELIA,,,REG_MR,PAN_PRD,4,JESSICA RAQUEL CRUZ FARIAS,2,,
5,16,MICHOACAN,,,54,MORELIA,,,REG_MR,PAN_PRD,5,ROBERTO ANGUIANO MENDEZ,1,,
5,16,MICHOACAN,,,54,MORELIA,,,REG_MR,PAN_PRD,6,ALONDRA MONTSERRAT ALCALA PONCE,2,,
5,16,MICHOACAN,,,54,MORELIA,,,REG_MR,PAN_PRD,7,RODRIGO LUENGO SALIVIE,1,,
5,16,MICHOACAN,,,54,MORELIA,,,REG_RP,PT_MORENA,1,JUAN PABLO CELIS SILVA,1,,
5,16,MICHOACAN,,,54,MORELIA,,,REG_RP,PT_MORENA,2,MIGUEL ANGEL VILLEGAS SOTO,1,,
5,16,MICHOACAN,,,54,MORELIA,,,REG_RP,PT_MORENA,3,PAULINA MUNGUIA SUAREZ,2,,
5,16,MICHOACAN,,,54,MORELIA,,,REG_RP,PRI,4,CLAUDIA LETICIA LAZARO MEDINA,2,,PRI
5,16,MICHOACAN,,,54,MORELIA,,,REG_RP,PRI,5,ELIHU RAZIEL TAMAYO CHACON,1,,PRI
5,16,MICHOACAN,,,55,MORELOS,,,PRES_MUN,PT_MORENA,1,XOCHITL CAMPOS GONZALEZ,2,,
5,16,MICHOACAN,,,55,MORELOS,,,SIND_MR,PT_MORENA,1,APOLO JIMENEZ MARTINEZ,1,,
5,16,MICHOACAN,,,55,MORELOS,,,REG_MR,PT_MORENA,1,BLANCA ELENA ORTIZ CERVANTES,2,,
5,16,MICHOACAN,,,55,MORELOS,,,REG_MR,PT_MORENA,2,FERNANDO AVILA MIRANDA,1,,
5,16,MICHOACAN,,,55,MORELOS,,,REG_MR,PT_MORENA,3,MARTHA GUADALUPE GARCIA ANGUIANO,2,,
5,16,MICHOACAN,,,55,MORELOS,,,REG_MR,PT_MORENA,4,MIGUEL ANGEL GUZMAN MADRIGAL,1,,
5,16,MICHOACAN,,,55,MORELOS,,,REG_RP,MC,1,DONATO HERNANDEZ ARIAS,1,,MC
5,16,MICHOACAN,,,55,MORELOS,,,REG_RP,PES,2,JOSE OCTAVIO REYES LEMUS,1,,PES
5,16,MICHOACAN,,,55,MORELOS,,,REG_RP,PRI,3,MARIA GUADALUPE LOPEZ OROZCO,2,,PRI
5,16,MICHOACAN,,,56,MUGICA,,,PRES_MUN,PT_MORENA,1,HUGO WULFRANO ANDRADE LOPEZ,1,,
5,16,MICHOACAN,,,56,MUGICA,,,SIND_MR,PT_MORENA,1,MARILU ROMERO RAMIREZ,2,,
5,16,MICHOACAN,,,56,MUGICA,,,REG_MR,PT_MORENA,1,RODOLFO TORRES QUEZADAS,1,,
5,16,MICHOACAN,,,56,MUGICA,,,REG_MR,PT_MORENA,2,MARIA DE LA LUZ SANCHEZ REYES,2,,
5,16,MICHOACAN,,,56,MUGICA,,,REG_MR,PT_MORENA,3,ALFONSO JIMENEZ MARTINEZ,1,,
5,16,MICHOACAN,,,56,MUGICA,,,REG_MR,PT_MORENA,4,OLGA AMANDA RUIZ LOYA,2,,
5,16,MICHOACAN,,,56,MUGICA,,,REG_MR,PT_MORENA,5,RODOLFO LUVIANO TAPIA,1,,
5,16,MICHOACAN,,,56,MUGICA,,,REG_MR,PT_MORENA,6,IMELDA ESQUIVEL TORRES,2,,
5,16,MICHOACAN,,,56,MUGICA,,,REG_RP,PAN_PRI_PRD,1,ANTONIO GONZALEZ DIAZ,1,,
5,16,MICHOACAN,,,56,MUGICA,,,REG_RP,PAN_PRI_PRD,2,CARMEN LOZANO NUÑEZ,2,,
5,16,MICHOACAN,,,56,MUGICA,,,REG_RP,PAN_PRI_PRD,3,DAVID MALDONADO AYALA,1,,
5,16,MICHOACAN,,,56,MUGICA,,,REG_RP,PAN_PRI_PRD,4,ELBA ERENDIRA LEDEZMA RAMIREZ,2,,
5,16,MICHOACAN,,,57,NAHUATZEN,,,PRES_MUN,PRI,1,JUAN CARLOS ONCHI CASTILLO,1,,PRI
5,16,MICHOACAN,,,57,NAHUATZEN,,,SIND_MR,PRI,1,MARIA DE LA LUZ JIMENEZ AVILES,2,,PRI
5,16,MICHOACAN,,,57,NAHUATZEN,,,REG_MR,PRI,1,GUILLERMO MORALES ESPINO,1,,PRI
5,16,MICHOACAN,,,57,NAHUATZEN,,,REG_MR,PRI,2,ELIZABETH SANTIAGO DIAZ,2,,PRI
5,16,MICHOACAN,,,57,NAHUATZEN,,,REG_MR,PRI,3,LUIS DANIEL CORIA HERNANDEZ,1,,PRI
5,16,MICHOACAN,,,57,NAHUATZEN,,,REG_MR,PRI,4,JANETH DIEGO PALEO,2,,PRI
5,16,MICHOACAN,,,57,NAHUATZEN,,,REG_RP,PT_MORENA,1,MA. YAZMIN NUÑEZ SOLORIO,2,,
5,16,MICHOACAN,,,57,NAHUATZEN,,,REG_RP,PAN_PRD,2,LAURA GUADALUPE IREPAN CAPIZ,2,,
5,16,MICHOACAN,,,57,NAHUATZEN,,,REG_RP,PVEM,3,BRENDA LILIANA HERRERA CAPIZ,2,,PVEM
5,16,MICHOACAN,,,58,NOCUPETARO,,,PRES_MUN,PAN_PRI,1,GONZALO NARES GOMEZ,1,,
5,16,MICHOACAN,,,58,NOCUPETARO,,,SIND_MR,PAN_PRI,1,MARIA ESTELA MOLINA LANDEROS,2,,
5,16,MICHOACAN,,,58,NOCUPETARO,,,REG_MR,PAN_PRI,1,RAMON PADILLA GARCIA,1,,
5,16,MICHOACAN,,,58,NOCUPETARO,,,REG_MR,PAN_PRI,2,ANAHI ZARCO ROMERO,2,,
5,16,MICHOACAN,,,58,NOCUPETARO,,,REG_MR,PAN_PRI,3,JAVIER VILLA RODRIGUEZ,1,,
5,16,MICHOACAN,,,58,NOCUPETARO,,,REG_MR,PAN_PRI,4,DIOCELINA BARRIGA LOPEZ,2,,
5,16,MICHOACAN,,,58,NOCUPETARO,,,REG_RP,PT_MORENA,1,LEODEGARIO VILLA PEREZ,1,,
5,16,MICHOACAN,,,58,NOCUPETARO,,,REG_RP,PRD,2,BELISARIO FRIAS MORALES,1,,PRD
5,16,MICHOACAN,,,58,NOCUPETARO,,,REG_RP,PRD,3,MARIA DEL ROSARIO VARGAS ORTEGA,2,,PRD
5,16,MICHOACAN,,,59,NUEVO PARANGARICUTIRO,,,PRES_MUN,PAN_PRD,1,JESUS ANTONIO ESPINOZA ROCHIN,1,,
5,16,MICHOACAN,,,59,NUEVO PARANGARICUTIRO,,,SIND_MR,PAN_PRD,1,NELIDA LEGORRETA MARTINEZ,2,,
5,16,MICHOACAN,,,59,NUEVO PARANGARICUTIRO,,,REG_MR,PAN_PRD,1,JOSE ANTONIO TUNGUI URBINA,1,,
5,16,MICHOACAN,,,59,NUEVO PARANGARICUTIRO,,,REG_MR,PAN_PRD,2,ELOISA ANGUIANO RODRIGUEZ,2,,
5,16,MICHOACAN,,,59,NUEVO PARANGARICUTIRO,,,REG_MR,PAN_PRD,3,IGNACIO BANDERAS AGUILAR,1,,
5,16,MICHOACAN,,,59,NUEVO PARANGARICUTIRO,,,REG_MR,PAN_PRD,4,ROSA MARIA ECHEVARRIA CAMPOVERDE,2,,
5,16,MICHOACAN,,,59,NUEVO PARANGARICUTIRO,,,REG_RP,PRI,1,JOSE ANDRES MARTINEZ CHAVEZ,1,,PRI
5,16,MICHOACAN,,,59,NUEVO PARANGARICUTIRO,,,REG_RP,PRI,2,MARIA DE LOS ANGELES ANGUIANO ANDUCHO,2,,PRI
5,16,MICHOACAN,,,59,NUEVO PARANGARICUTIRO,,,REG_RP,PT_MORENA,3,BENJAMIN ROSAS RODRIGUEZ,1,,
5,16,MICHOACAN,,,60,NUEVO URECHO,,,PRES_MUN,PT_MORENA,1,MARIA DEL CARMEN CARRILLO GAYTAN,2,,
5,16,MICHOACAN,,,60,NUEVO URECHO,,,SIND_MR,PT_MORENA,1,ISAIAS ROJAS ZAMUDIO,1,,
5,16,MICHOACAN,,,60,NUEVO URECHO,,,REG_MR,PT_MORENA,1,PATRICIA MARTINEZ SANTOYO,2,,
5,16,MICHOACAN,,,60,NUEVO URECHO,,,REG_MR,PT_MORENA,2,IGNACIO CHAVEZ MARIN,1,,
5,16,MICHOACAN,,,60,NUEVO URECHO,,,REG_MR,PT_MORENA,3,MARIA SOLEDAD CAMPOS HERRERA,2,,
5,16,MICHOACAN,,,60,NUEVO URECHO,,,REG_MR,PT_MORENA,4,RAMIRO VILLEGAS SARABIA,1,,
5,16,MICHOACAN,,,60,NUEVO URECHO,,,REG_RP,PRD,1,EDITH RAMIREZ GOMEZ,2,,PRD
5,16,MICHOACAN,,,60,NUEVO URECHO,,,REG_RP,PRD,2,GREGORIO GARCIA CORNEJO,1,,PRD
5,16,MICHOACAN,,,60,NUEVO URECHO,,,REG_RP,PRD,3,SALVADOR MATA ESTRADA,1,,PRD
5,16,MICHOACAN,,,61,NUMARAN,,,PRES_MUN,PRI,1,JOSE DIAZ CAMARENA,1,,PRI
5,16,MICHOACAN,,,61,NUMARAN,,,SIND_MR,PRI,1,YADIRA LISBET BERBER RAMIREZ,2,,PRI
5,16,MICHOACAN,,,61,NUMARAN,,,REG_MR,PRI,1,DANIEL ESCOBAR LOPEZ,1,,PRI
5,16,MICHOACAN,,,61,NUMARAN,,,REG_MR,PRI,2,ESTEFANI CANDELARIA MURILLO GARCIA,2,,PRI
5,16,MICHOACAN,,,61,NUMARAN,,,REG_MR,PRI,3,ENEDINO RAMIREZ MARTINEZ,1,,PRI
5,16,MICHOACAN,,,61,NUMARAN,,,REG_MR,PRI,4,MARISELA SOLORIO HEREDIA,2,,PRI
5,16,MICHOACAN,,,61,NUMARAN,,,REG_RP,PT_MORENA,1,VERONICA CASTRO CAMACHO,2,,
5,16,MICHOACAN,,,61,NUMARAN,,,REG_RP,PAN,2,MARTIN ALVAREZ FIGUEROA,1,,PAN
5,16,MICHOACAN,,,61,NUMARAN,,,REG_RP,PRD,3,VICTOR CEVERO MADRIGAL ZARATE,1,,PRD
5,16,MICHOACAN,,,62,OCAMPO,,,PRES_MUN,PRI,1,AMADO GOMEZ GONZALEZ,1,,PRI
5,16,MICHOACAN,,,62,OCAMPO,,,SIND_MR,PRI,1,MAGDALENA DIAZ VAZQUEZ,2,,PRI
5,16,MICHOACAN,,,62,OCAMPO,,,REG_MR,PRI,1,BULMARO SANCHEZ GONZALEZ,1,,PRI
5,16,MICHOACAN,,,62,OCAMPO,,,REG_MR,PRI,2,LUZ MARIA OLMOS DOMINGUEZ,2,,PRI
5,16,MICHOACAN,,,62,OCAMPO,,,REG_MR,PRI,3,BLAS EDUARDO PADILLA GONZALEZ,1,,PRI
5,16,MICHOACAN,,,62,OCAMPO,,,REG_MR,PRI,4,MARIA GUADALUPE COLIN POSADAS,2,,PRI
5,16,MICHOACAN,,,62,OCAMPO,,,REG_RP,PAN,1,RIGOBERTO HERNANDEZ SALAZAR,1,,PAN
5,16,MICHOACAN,,,62,OCAMPO,,,REG_RP,PT_MORENA,2,GABINA MIRANDA GARCIA,2,,
5,16,MICHOACAN,,,62,OCAMPO,,,REG_RP,RSP,3,JOSE FELIX MORENO ARGUETA,1,,RSP
5,16,MICHOACAN,,,63,PAJACUARAN,,,PRES_MUN,FXM,1,JOSE GERARDO DUEÑAS BARRAGAN,1,,FXM
5,16,MICHOACAN,,,63,PAJACUARAN,,,SIND_MR,FXM,1,DULCE MARIA CARDENAS GARCIA,2,,FXM
5,16,MICHOACAN,,,63,PAJACUARAN,,,REG_MR,FXM,1,FRANCISCO JAVIER PEREZ FAJARDO,1,,FXM
5,16,MICHOACAN,,,63,PAJACUARAN,,,REG_MR,FXM,2,ELISA OVIEDO RODRIGUEZ,2,,FXM
5,16,MICHOACAN,,,63,PAJACUARAN,,,REG_MR,FXM,3,RIGOBERTO SEPULVEDA SERNA,1,,FXM
5,16,MICHOACAN,,,63,PAJACUARAN,,,REG_MR,FXM,4,CORAZON DE JESUS BARAJAS CHAVEZ,2,,FXM
5,16,MICHOACAN,,,63,PAJACUARAN,,,REG_RP,PT_MORENA,1,ALVARO CORTES CONTRERAS,1,,
5,16,MICHOACAN,,,63,PAJACUARAN,,,REG_RP,PT_MORENA,2,EMMA RODRIGUEZ ZARAGOZA,2,,
5,16,MICHOACAN,,,63,PAJACUARAN,,,REG_RP,PRI_PRD,3,ANA LUCIA VACA MUNGUIA,2,,
5,16,MICHOACAN,,,64,PANINDICUARO,,,PRES_MUN,CAND_IND9,1,MANUEL LOPEZ MELENDEZ,1,,CAND_IND9
5,16,MICHOACAN,,,64,PANINDICUARO,,,SIND_MR,CAND_IND9,1,ROSA MARIA GUILLEN SOLORIO,2,,CAND_IND9
5,16,MICHOACAN,,,64,PANINDICUARO,,,REG_MR,CAND_IND9,1,HERMILIO MALDONADO GONZALEZ,1,,CAND_IND9
5,16,MICHOACAN,,,64,PANINDICUARO,,,REG_MR,CAND_IND9,2,MONICA TORRES LOPEZ,2,,CAND_IND9
5,16,MICHOACAN,,,64,PANINDICUARO,,,REG_MR,CAND_IND9,3,CARLOS ALBERTO ESPARZA PEREZ,1,,CAND_IND9
5,16,MICHOACAN,,,64,PANINDICUARO,,,REG_MR,CAND_IND9,4,BEATRIZ REYES ORTEGA,2,,CAND_IND9
5,16,MICHOACAN,,,64,PANINDICUARO,,,REG_RP,PRD,1,DOLORES MATA VILLEGAS,2,,PRD
5,16,MICHOACAN,,,64,PANINDICUARO,,,REG_RP,PRD,2,MAURILIO ORDAZ GALLARDO,1,,PRD
5,16,MICHOACAN,,,64,PANINDICUARO,,,REG_RP,PVEM,3,JAVIER VAZQUEZ BARRAGAN,1,,PVEM
5,16,MICHOACAN,,,66,PARACHO,,,PRES_MUN,FXM,1,ERIC RENE PADILLA ANDRES,1,,FXM
5,16,MICHOACAN,,,66,PARACHO,,,SIND_MR,FXM,1,CRISTINA MORALES CHAVIRA,2,,FXM
5,16,MICHOACAN,,,66,PARACHO,,,REG_MR,FXM,1,JUAN CARLOS VERA HERRERA,1,,FXM
5,16,MICHOACAN,,,66,PARACHO,,,REG_MR,FXM,2,PAOLA ITZAYAMA MARTINEZ DIEGO,2,,FXM
5,16,MICHOACAN,,,66,PARACHO,,,REG_MR,FXM,3,NOE ZALAPA RAMIREZ,1,,FXM
5,16,MICHOACAN,,,66,PARACHO,,,REG_MR,FXM,4,IMELDA MONTSERRAT HERNANDEZ ZUÑIGA,2,,FXM
5,16,MICHOACAN,,,66,PARACHO,,,REG_MR,FXM,5,GONZALO HERNANDEZ GONZALEZ,1,,FXM
5,16,MICHOACAN,,,66,PARACHO,,,REG_MR,FXM,6,MARIA DE LA LUZ VIDALES VAZQUEZ,2,,FXM
5,16,MICHOACAN,,,66,PARACHO,,,REG_RP,PT_MORENA,1,LAURA ELIZABETH MORENO EQUIHUA,2,,
5,16,MICHOACAN,,,66,PARACHO,,,REG_RP,PES,2,ALVARO PASCUAL ZALAPA,1,,PES
5,16,MICHOACAN,,,66,PARACHO,,,REG_RP,PRD,3,EDUARDO SAUCEDO BARAJAS,1,,PRD
5,16,MICHOACAN,,,66,PARACHO,,,REG_RP,PVEM,4,MA. DEL ROSARIO BARAJAS ZEPEDA,2,,PVEM
5,16,MICHOACAN,,,65,PARACUARO,,,PRES_MUN,PT_MORENA,1,HURIEL BAUTISTA CABRERA,2,,
5,16,MICHOACAN,,,65,PARACUARO,,,SIND_MR,PT_MORENA,1,MARIA NELIDA GONZALEZ OROZCO,2,,
5,16,MICHOACAN,,,65,PARACUARO,,,REG_MR,PT_MORENA,1,LAURA ISABEL CARDENAS LOPEZ,2,,
5,16,MICHOACAN,,,65,PARACUARO,,,REG_MR,PT_MORENA,2,RIGOBERTO MAGALLON FIGUEROA,1,,
5,16,MICHOACAN,,,65,PARACUARO,,,REG_MR,PT_MORENA,3,ANA MARIA SAMBRANO LOPEZ,2,,
5,16,MICHOACAN,,,65,PARACUARO,,,REG_MR,PT_MORENA,4,J. JESUS PLANCARTE ESTRADA,1,,
5,16,MICHOACAN,,,65,PARACUARO,,,REG_RP,PAN_PRI_PRD,1,BRAYAN ZAMORA CASTAÑEDA,1,,
5,16,MICHOACAN,,,65,PARACUARO,,,REG_RP,PAN_PRI_PRD,2,JULISA FARIAS LOPEZ,2,,
5,16,MICHOACAN,,,65,PARACUARO,,,REG_RP,PAN_PRI_PRD,3,KRICELLE IDOLINA GARCIA RODRIGUEZ,2,,
5,16,MICHOACAN,,,67,PATZCUARO,,,PRES_MUN,FXM,1,JULIO ALBERTO ARREOLA VAZQUEZ,1,,FXM
5,16,MICHOACAN,,,67,PATZCUARO,,,SIND_MR,FXM,1,CLAUDIA BERENICE REYES FERRAEZ,2,,FXM
5,16,MICHOACAN,,,67,PATZCUARO,,,REG_MR,FXM,1,FELIX CAZAREZ RODRIGUEZ,1,,FXM
5,16,MICHOACAN,,,67,PATZCUARO,,,REG_MR,FXM,2,ERIKA YANETH VELAZQUEZ DIONICIO,2,,FXM
5,16,MICHOACAN,,,67,PATZCUARO,,,REG_MR,FXM,3,EDUARDO ZAVALA PADILLA,1,,FXM
5,16,MICHOACAN,,,67,PATZCUARO,,,REG_MR,FXM,4,NALLELY JANNETH GARRIDO MONTAÑO,2,,FXM
5,16,MICHOACAN,,,67,PATZCUARO,,,REG_MR,FXM,5,PEDRO CORRAL VELAZQUEZ,1,,FXM
5,16,MICHOACAN,,,67,PATZCUARO,,,REG_MR,FXM,6,ERIKA TINOCO TOVAR,2,,FXM
5,16,MICHOACAN,,,67,PATZCUARO,,,REG_RP,MC,1,JUAN MAHO OCHOA,1,,MC
5,16,MICHOACAN,,,67,PATZCUARO,,,REG_RP,PAN_PRI_PRD,2,PAULINA AGUILAR MONTAÑO,2,,
5,16,MICHOACAN,,,67,PATZCUARO,,,REG_RP,PT_MORENA,3,VICTOR MANUEL BAEZ AGUILAR,1,,
5,16,MICHOACAN,,,67,PATZCUARO,,,REG_RP,RSP,4,FRANCISCO JAVIER HERNANDEZ SANCHEZ,1,,RSP
5,16,MICHOACAN,,,68,PENJAMILLO,,,SIND_MR,PES,1,XOCHITHL KARELI DEL RIO CARRANZA,1,,PES
5,16,MICHOACAN,,,68,PENJAMILLO,,,PRES_MUN,PES,1,JAQUELINE CABRERA CAMARENA,2,,PES
5,16,MICHOACAN,,,68,PENJAMILLO,,,REG_MR,PES,1,JESUS FROYLAN ARELLANO DUARTE,1,,PES
5,16,MICHOACAN,,,68,PENJAMILLO,,,REG_MR,PES,2,FRANCISCA GUZMAN NAVARRO,2,,PES
5,16,MICHOACAN,,,68,PENJAMILLO,,,REG_MR,PES,3,MARIO OROZCO MAGAÑA,1,,PES
5,16,MICHOACAN,,,68,PENJAMILLO,,,REG_MR,PES,4,SUSANA LOPEZ AGUILERA,2,,PES
5,16,MICHOACAN,,,68,PENJAMILLO,,,REG_RP,PT_MORENA,1,MARGARITA MONCADA RAMIREZ,2,,
5,16,MICHOACAN,,,68,PENJAMILLO,,,REG_RP,PAN_PRI,2,TERESA GARCIA RIOS,2,,
5,16,MICHOACAN,,,68,PENJAMILLO,,,REG_RP,PRD,3,NANCY GARCIA AREVALO,2,,PRD
5,16,MICHOACAN,,,69,PERIBAN,,,PRES_MUN,PVEM,1,ALFREDO ARROYO ARROYO,1,,PVEM
5,16,MICHOACAN,,,69,PERIBAN,,,SIND_MR,PVEM,1,MA FRANCISCA MORALES CEJA,2,,PVEM
5,16,MICHOACAN,,,69,PERIBAN,,,REG_MR,PVEM,1,JOSE FERNANDO CERVANTES MORENO,1,,PVEM
5,16,MICHOACAN,,,69,PERIBAN,,,REG_MR,PVEM,2,MARIA TRINIDAD SANTOYO GUILLEN,2,,PVEM
5,16,MICHOACAN,,,69,PERIBAN,,,REG_MR,PVEM,3,JESUS EDUARDO RODRIGUEZ MEDINA,1,,PVEM
5,16,MICHOACAN,,,69,PERIBAN,,,REG_MR,PVEM,4,BERTHA ALICIA ARROYO SANCHEZ,2,,PVEM
5,16,MICHOACAN,,,69,PERIBAN,,,REG_RP,PAN_PRD,1,JORGE ISAIAS VELAZQUEZ VALLEJO,1,,
5,16,MICHOACAN,,,69,PERIBAN,,,REG_RP,PRI,2,ADRIAN ARROYO ESTRADA,1,,PRI
5,16,MICHOACAN,,,69,PERIBAN,,,REG_RP,PT_MORENA,3,URIEL MORA LIRA,1,,
5,16,MICHOACAN,,,71,PUREPERO,,,PRES_MUN,PES,1,FCO. JAVIER LOPEZ GONZALEZ,1,,PES
5,16,MICHOACAN,,,71,PUREPERO,,,SIND_MR,PES,1,PAULA SANCHEZ FLORES,2,,PES
5,16,MICHOACAN,,,71,PUREPERO,,,REG_MR,PES,1,FIDEL LOPEZ MANRIQUEZ,1,,PES
5,16,MICHOACAN,,,71,PUREPERO,,,REG_MR,PES,2,CARMEN BARRIGA ORDAZ,2,,PES
5,16,MICHOACAN,,,71,PUREPERO,,,REG_MR,PES,3,MAXIMILIANO CERDA JIMENEZ,1,,PES
5,16,MICHOACAN,,,71,PUREPERO,,,REG_MR,PES,4,IRENE RINCON AVILA,2,,PES
5,16,MICHOACAN,,,71,PUREPERO,,,REG_RP,MC,1,ANA LIZETH NAREZ GUILLEN,2,,MC
5,16,MICHOACAN,,,71,PUREPERO,,,REG_RP,PRI_PRD,2,EVA CERDA ORTIZ,2,,
5,16,MICHOACAN,,,71,PUREPERO,,,REG_RP,RSP,3,JOSE ENRIQUE MORA CARDENAS,1,,RSP
5,16,MICHOACAN,,,72,PURUANDIRO,,,PRES_MUN,PRI_PRD,1,VICTOR MANUEL VAZQUEZ TAPIA,1,,
5,16,MICHOACAN,,,72,PURUANDIRO,,,SIND_MR,PRI_PRD,1,MARIA ELENA VEGA URIBE,2,,
5,16,MICHOACAN,,,72,PURUANDIRO,,,REG_MR,PRI_PRD,1,HECTOR FIDEL CASTRO ZAVALA,1,,
5,16,MICHOACAN,,,72,PURUANDIRO,,,REG_MR,PRI_PRD,2,MARIA GUADALUPE CONTRERAS CEBALLOS,2,,
5,16,MICHOACAN,,,72,PURUANDIRO,,,REG_MR,PRI_PRD,3,JULIO PEREZ DIEGO,1,,
5,16,MICHOACAN,,,72,PURUANDIRO,,,REG_MR,PRI_PRD,4,CELINA CEBALLOS ESPINOZA,2,,
5,16,MICHOACAN,,,72,PURUANDIRO,,,REG_MR,PRI_PRD,5,JUAN PEREZ NEGRETE,1,,
5,16,MICHOACAN,,,72,PURUANDIRO,,,REG_MR,PRI_PRD,6,MARIA GUADALUPE VALENCIA VILLEGAS,2,,
5,16,MICHOACAN,,,72,PURUANDIRO,,,REG_RP,MC,1,CARLOS ALBERTO JIMENEZ BLANQUET,1,,MC
5,16,MICHOACAN,,,72,PURUANDIRO,,,REG_RP,PT_MORENA,2,ANTONIO GUZMAN MOZQUEDA,1,,
5,16,MICHOACAN,,,72,PURUANDIRO,,,REG_RP,PT_MORENA,3,LUCERO GARCIA VIDALES,2,,
5,16,MICHOACAN,,,72,PURUANDIRO,,,REG_RP,PT_MORENA,4,LUCERO GARCIA VIDALES,2,,
5,16,MICHOACAN,,,72,PURUANDIRO,,,REG_RP,PVEM,5,ELIGIO CENDEJAS RODRIGUEZ,1,,PVEM
5,16,MICHOACAN,,,73,QUERENDARO,,,PRES_MUN,RSP,1,SALVADOR CAMACHO SERRATO,1,,RSP
5,16,MICHOACAN,,,73,QUERENDARO,,,SIND_MR,RSP,1,MARIA ELENA MUÑOZ AVILA,2,,RSP
5,16,MICHOACAN,,,73,QUERENDARO,,,REG_MR,RSP,1,JOAQUIN ANTONIO ANDRADE CORREA,1,,RSP
5,16,MICHOACAN,,,73,QUERENDARO,,,REG_MR,RSP,2,ANA MARIA LUNA SANCHEZ,2,,RSP
5,16,MICHOACAN,,,73,QUERENDARO,,,REG_MR,RSP,3,ENRIQUE ROMERO SALINAS,1,,RSP
5,16,MICHOACAN,,,73,QUERENDARO,,,REG_MR,RSP,4,LIZETH MENDOZA MIRANDA,2,,RSP
5,16,MICHOACAN,,,73,QUERENDARO,,,REG_RP,MC,1,EDMUNDO ANDRADE GONZALEZ,1,,MC
5,16,MICHOACAN,,,73,QUERENDARO,,,REG_RP,PT_MORENA,2,MARIA GUADALUPE LUNA DURAN,2,,
5,16,MICHOACAN,,,73,QUERENDARO,,,REG_RP,PAN_PRI_PRD,3,MARTHA LAURA SOLIS GARCIA,2,,
5,16,MICHOACAN,,,74,QUIROGA,,,PRES_MUN,PES,1,ARTURO ESTRADA BARRIGA,1,,PES
5,16,MICHOACAN,,,74,QUIROGA,,,SIND_MR,PES,1,ERENDIRA PEDRAZA FUENTES,2,,PES
5,16,MICHOACAN,,,74,QUIROGA,,,REG_MR,PES,1,ROGELIO MEXICANO CHAGOLLA,1,,PES
5,16,MICHOACAN,,,74,QUIROGA,,,REG_MR,PES,2,BLANCA ALEJANDRA FUENTES CAMPOS,2,,PES
5,16,MICHOACAN,,,74,QUIROGA,,,REG_MR,PES,3,LEOPOLDO VILLICAÑA PEREZ,1,,PES
5,16,MICHOACAN,,,74,QUIROGA,,,REG_MR,PES,4,EUGENIA CORRAL FLORES,2,,PES
5,16,MICHOACAN,,,74,QUIROGA,,,REG_RP,PT_MORENA,1,MARIA TERESA PATRICIO MAGAÑA,2,,
5,16,MICHOACAN,,,74,QUIROGA,,,REG_RP,PAN,2,MARIA MAGDALENA VAZQUEZ CHAGOLLA,2,,PAN
5,16,MICHOACAN,,,74,QUIROGA,,,REG_RP,PRI,3,MYRELLA ESTRADA ESTRADA,2,,PRI
5,16,MICHOACAN,,,77,SAHUAYO,,,PRES_MUN,PAN,1,MANUEL GALVEZ SANCHEZ,1,,PAN
5,16,MICHOACAN,,,77,SAHUAYO,,,SIND_MR,PAN,1,KARLA TERESA HINOJOSA PEREZ,2,,PAN
5,16,MICHOACAN,,,77,SAHUAYO,,,REG_MR,PAN,1,JOSE DE JESUS MELGOZA CASTILLO,1,,PAN
5,16,MICHOACAN,,,77,SAHUAYO,,,REG_MR,PAN,2,ANDREA TEJEDA CID,2,,PAN
5,16,MICHOACAN,,,77,SAHUAYO,,,REG_MR,PAN,3,GILBERTO CARRASCO AVALOS,1,,PAN
5,16,MICHOACAN,,,77,SAHUAYO,,,REG_MR,PAN,4,RUT GUTIERREZ OROZCO,2,,PAN
5,16,MICHOACAN,,,77,SAHUAYO,,,REG_MR,PAN,5,MANUEL RAMIREZ SANCHEZ,1,,PAN
5,16,MICHOACAN,,,77,SAHUAYO,,,REG_MR,PAN,6,SANDRA SUSANA BUENROSTRO SANCHEZ,2,,PAN
5,16,MICHOACAN,,,77,SAHUAYO,,,REG_RP,MC,1,RAUL GONZALEZ NUÑEZ,1,,MC
5,16,MICHOACAN,,,77,SAHUAYO,,,REG_RP,PT_MORENA,2,JOSE AVILA ORNELAS,1,,
5,16,MICHOACAN,,,77,SAHUAYO,,,REG_RP,PRI_PRD,3,JESUS FLORES VILLANUEVA,1,,
5,16,MICHOACAN,,,77,SAHUAYO,,,REG_RP,PRI_PRD,4,MARIA GUADALUPE SAHAGUN SANCHEZ,2,,
5,16,MICHOACAN,,,80,SALVADOR ESCALANTE,,,PRES_MUN,PAN_PRI_PRD,1,ARACELI SAUCEDO REYES,2,,
5,16,MICHOACAN,,,80,SALVADOR ESCALANTE,,,SIND_MR,PAN_PRI_PRD,1,ALEJANDRO MENDOZA OLVERA,1,,
5,16,MICHOACAN,,,80,SALVADOR ESCALANTE,,,REG_MR,PAN_PRI_PRD,1,MIRNA LOPEZ CAZAREZ,2,,
5,16,MICHOACAN,,,80,SALVADOR ESCALANTE,,,REG_MR,PAN_PRI_PRD,2,JUAN ADOLFO AVILA CAMPUZANO,1,,
5,16,MICHOACAN,,,80,SALVADOR ESCALANTE,,,REG_MR,PAN_PRI_PRD,3,MARTHA FRAGA OROS,2,,
5,16,MICHOACAN,,,80,SALVADOR ESCALANTE,,,REG_MR,PAN_PRI_PRD,4,SALVADOR SAUCEDO ZIRANDA,1,,
5,16,MICHOACAN,,,80,SALVADOR ESCALANTE,,,REG_RP,PT_MORENA,1,YAZMIN ITZEL VELAZQUEZ CALDERON,2,,
5,16,MICHOACAN,,,80,SALVADOR ESCALANTE,,,REG_RP,PVEM,2,YURIK GARCIA PEREZ,1,,PVEM
5,16,MICHOACAN,,,80,SALVADOR ESCALANTE,,,REG_RP,RSP,3,MARISOL ZARAGOZA SILVA,2,,RSP
5,16,MICHOACAN,,,78,SAN LUCAS,,,PRES_MUN,PRI,1,EFRAIN SERRATO DIAZ,1,,PRI
5,16,MICHOACAN,,,78,SAN LUCAS,,,SIND_MR,PRI,1,ESBEYDE MOLINA RODRIGUEZ,2,,PRI
5,16,MICHOACAN,,,78,SAN LUCAS,,,REG_MR,PRI,1,SALVADOR NOE PEREZ CRUZ,1,,PRI
5,16,MICHOACAN,,,78,SAN LUCAS,,,REG_MR,PRI,2,TANIA AGUIRRE AYALA,2,,PRI
5,16,MICHOACAN,,,78,SAN LUCAS,,,REG_MR,PRI,3,MOISES CARACHURE CASIMIRO,1,,PRI
5,16,MICHOACAN,,,78,SAN LUCAS,,,REG_MR,PRI,4,AIDA VERGARA MARIANO,2,,PRI
5,16,MICHOACAN,,,78,SAN LUCAS,,,REG_RP,PAN,1,ABNER PERALTA AVELINO,1,,PAN
5,16,MICHOACAN,,,78,SAN LUCAS,,,REG_RP,PES,2,JOSE LUIS BRAVO ROMERO,1,,PES
5,16,MICHOACAN,,,78,SAN LUCAS,,,REG_RP,PRD,3,ADDIEL HERNANDEZ GRANADOS,1,,PRD
5,16,MICHOACAN,,,79,SANTA ANA MAYA,,,PRES_MUN,PES,1,OMAR VEGA CALDERON,2,,PES
5,16,MICHOACAN,,,79,SANTA ANA MAYA,,,SIND_MR,PES,1,MARIA GUADALUPE FERREIRA ARCOS,2,,PES
5,16,MICHOACAN,,,79,SANTA ANA MAYA,,,REG_MR,PES,1,ARMANDO CALDERON ALBOR,2,,PES
5,16,MICHOACAN,,,79,SANTA ANA MAYA,,,REG_MR,PES,2,TANIA CONTRERAS LOPEZ,2,,PES
5,16,MICHOACAN,,,79,SANTA ANA MAYA,,,REG_MR,PES,3,MARIA JUNGO GUERRERO,2,,PES
5,16,MICHOACAN,,,79,SANTA ANA MAYA,,,REG_MR,PES,4,ANDRES FERREIRA MARTINEZ,1,,PES
5,16,MICHOACAN,,,79,SANTA ANA MAYA,,,REG_RP,PAN_PRI_PRD,1,LEONARDO CLEMENTE GUTIERREZ HERNANDEZ,1,,
5,16,MICHOACAN,,,79,SANTA ANA MAYA,,,REG_RP,PT_MORENA,2,MONICA LOPEZ VILLALOBOS,2,,
5,16,MICHOACAN,,,79,SANTA ANA MAYA,,,REG_RP,PT_MORENA,3,RAMIRO ISAHI JIMENEZ HERNANDEZ,1,,
5,16,MICHOACAN,,,81,SENGUIO,,,PRES_MUN,PT_MORENA,1,MARIA ALEJANDRA VANEGAS RIOS,2,,
5,16,MICHOACAN,,,81,SENGUIO,,,SIND_MR,PT_MORENA,1,RODOLFO SANTANA VELASCO,1,,
5,16,MICHOACAN,,,81,SENGUIO,,,REG_MR,PT_MORENA,1,ANA KARINA TREJO ARCOS,2,,
5,16,MICHOACAN,,,81,SENGUIO,,,REG_MR,PT_MORENA,2,VICTOR MANUEL PONCE MENDOZA,1,,
5,16,MICHOACAN,,,81,SENGUIO,,,REG_MR,PT_MORENA,3,LORENA DE LOURDES CASTRO REYES,2,,
5,16,MICHOACAN,,,81,SENGUIO,,,REG_MR,PT_MORENA,4,ROSENDO GARCIA VERGARA,1,,
5,16,MICHOACAN,,,81,SENGUIO,,,REG_RP,PRD,1,MAYRA RUIZ VERGARA,2,,PRD
5,16,MICHOACAN,,,81,SENGUIO,,,REG_RP,PAN_PRI,2,JOSE EULALIO AYALA GARCIA,1,,
5,16,MICHOACAN,,,81,SENGUIO,,,REG_RP,PVEM,3,ISAAC CORIA GARCIA,1,,PVEM
5,16,MICHOACAN,,,82,SUSUPUATO,,,PRES_MUN,PT_MORENA,1,DIANA LAURA MONDRAGON BENITES,2,,
5,16,MICHOACAN,,,82,SUSUPUATO,,,SIND_MR,PT_MORENA,1,OSCAR ESQUIVEL GARFIAS,1,,
5,16,MICHOACAN,,,82,SUSUPUATO,,,REG_MR,PT_MORENA,1,ELVIA REYES INIESTRA,2,,
5,16,MICHOACAN,,,82,SUSUPUATO,,,REG_MR,PT_MORENA,2,JOEL PEDRAZA GARFIAS,1,,
5,16,MICHOACAN,,,82,SUSUPUATO,,,REG_MR,PT_MORENA,3,CLARA REBOLLAR REYES,2,,
5,16,MICHOACAN,,,82,SUSUPUATO,,,REG_MR,PT_MORENA,4,FIDELMAR ARROYO LOPEZ,1,,
5,16,MICHOACAN,,,82,SUSUPUATO,,,REG_RP,PRD,1,MIREYA REBOLLAR AGUILAR,2,,PRD
5,16,MICHOACAN,,,82,SUSUPUATO,,,REG_RP,PRD,2,ROGELIO GARCIA CASTILLO,1,,PRD
5,16,MICHOACAN,,,82,SUSUPUATO,,,REG_RP,PRD,3,ULISES DONALDO ORTIZ SOTO,1,,PRD
5,16,MICHOACAN,,,83,TACAMBARO,,,PRES_MUN,PT_MORENA,1,ARTEMIO MORIYA SANCHEZ,1,,
5,16,MICHOACAN,,,83,TACAMBARO,,,SIND_MR,PT_MORENA,1,MARBELLA AYALA SOLORIO,2,,
5,16,MICHOACAN,,,83,TACAMBARO,,,REG_MR,PT_MORENA,1,ARMANDO BOTELLO VILLASEÑOR,1,,
5,16,MICHOACAN,,,83,TACAMBARO,,,REG_MR,PT_MORENA,2,VERONICA GARCIA GARCIA,2,,
5,16,MICHOACAN,,,83,TACAMBARO,,,REG_MR,PT_MORENA,3,PRISCILIANO JIMENEZ ZARCO,1,,
5,16,MICHOACAN,,,83,TACAMBARO,,,REG_MR,PT_MORENA,4,KAREN MONSERRAT GAONA ANGEL,2,,
5,16,MICHOACAN,,,83,TACAMBARO,,,REG_MR,PT_MORENA,5,JOSE URIEL GONZALEZ RODRIGUEZ,1,,
5,16,MICHOACAN,,,83,TACAMBARO,,,REG_MR,PT_MORENA,6,MARIA GUADALUPE MACIEL GARCIA,2,,
5,16,MICHOACAN,,,83,TACAMBARO,,,REG_RP,PES,1,JOSE ALEJANDRO AREVALO ACOSTA,1,,PES
5,16,MICHOACAN,,,83,TACAMBARO,,,REG_RP,PAN_PRI_PRD,2,ALICIA DIAZ ORTIZ,2,,
5,16,MICHOACAN,,,83,TACAMBARO,,,REG_RP,PAN_PRI_PRD,3,KARINA MIRANDA BECERRA,2,,
5,16,MICHOACAN,,,83,TACAMBARO,,,REG_RP,PAN_PRI_PRD,4,SANTOS HUGO DURAN ARMENTA,1,,
5,16,MICHOACAN,,,84,TANCITARO,,,PRES_MUN,PAN,1,GERARDO MORA MORA,1,,PAN
5,16,MICHOACAN,,,84,TANCITARO,,,SIND_MR,PAN,1,MARIA LORENA LAZARO JACOBO,2,,PAN
5,16,MICHOACAN,,,84,TANCITARO,,,REG_MR,PAN,1,BLADIMIRO CORTEZ REYES,1,,PAN
5,16,MICHOACAN,,,84,TANCITARO,,,REG_MR,PAN,2,PRICILIA BELEN RODRIGUEZ HURTADO,2,,PAN
5,16,MICHOACAN,,,84,TANCITARO,,,REG_MR,PAN,3,HECTOR CRUZ DIAZ,1,,PAN
5,16,MICHOACAN,,,84,TANCITARO,,,REG_MR,PAN,4,LILIA BUCIO BUCIO,2,,PAN
5,16,MICHOACAN,,,84,TANCITARO,,,REG_RP,PT_MORENA,1,ROSA CECILIA SOLORZANO RAMIREZ,2,,
5,16,MICHOACAN,,,84,TANCITARO,,,REG_RP,PRD,2,MARIA DEL REFUGIO QUIROZ IRIANDA,2,,PRD
5,16,MICHOACAN,,,84,TANCITARO,,,REG_RP,PRI,3,GERARDO NAVA MEJIA,1,,PRI
5,16,MICHOACAN,,,85,TANGAMANDAPIO,,,PRES_MUN,PRI,1,RODRIGO CAMPOS CUEVAS,1,,PRI
5,16,MICHOACAN,,,85,TANGAMANDAPIO,,,SIND_MR,PRI,1,NOHEMI ARROYO SANDOVAL,2,,PRI
5,16,MICHOACAN,,,85,TANGAMANDAPIO,,,REG_MR,PRI,1,RENE GUZMAN GONZALEZ,1,,PRI
5,16,MICHOACAN,,,85,TANGAMANDAPIO,,,REG_MR,PRI,2,HERMINIA SANTOS DIEGO,2,,PRI
5,16,MICHOACAN,,,85,TANGAMANDAPIO,,,REG_MR,PRI,3,JOSE ALFREDO MANZO DIEGO,1,,PRI
5,16,MICHOACAN,,,85,TANGAMANDAPIO,,,REG_MR,PRI,4,LETICIA CUEVAS JACOBO,2,,PRI
5,16,MICHOACAN,,,85,TANGAMANDAPIO,,,REG_RP,PRD,1,ALFREDO VICTORIANO MORA,1,,PRD
5,16,MICHOACAN,,,85,TANGAMANDAPIO,,,REG_RP,PRD,2,GUADALUPE GONZALEZ GONZALEZ,2,,PRD
5,16,MICHOACAN,,,85,TANGAMANDAPIO,,,REG_RP,PRD,3,JULIO CESAR MATEO MENDOZA,1,,PRD
5,16,MICHOACAN,,,86,TANGANCICUARO,,,PRES_MUN,PT_MORENA,1,DAVID MELGOZA MONTAÑEZ,1,,
5,16,MICHOACAN,,,86,TANGANCICUARO,,,SIND_MR,PT_MORENA,1,MARGARITA ARELLANO CONTRERAS,2,,
5,16,MICHOACAN,,,86,TANGANCICUARO,,,REG_MR,PT_MORENA,1,DIEGO MADRIGAL IBARRA,1,,
5,16,MICHOACAN,,,86,TANGANCICUARO,,,REG_MR,PT_MORENA,2,MISHA ELENA RUIZ FERNANDEZ,2,,
5,16,MICHOACAN,,,86,TANGANCICUARO,,,REG_MR,PT_MORENA,3,FRANCISCO JAVIER MURGUIA CALDERON,1,,
5,16,MICHOACAN,,,86,TANGANCICUARO,,,REG_MR,PT_MORENA,4,FABIOLA ROMERO ANAYA,2,,
5,16,MICHOACAN,,,86,TANGANCICUARO,,,REG_RP,PAN,1,PASCUAL HERNANDEZ TINAJERO,1,,PAN
5,16,MICHOACAN,,,86,TANGANCICUARO,,,REG_RP,PES,2,ARMANDO FERNANDEZ ACEVEDO,1,,PES
5,16,MICHOACAN,,,86,TANGANCICUARO,,,REG_RP,RSP,3,JAVIER MAGAÑA ROCHA,1,,RSP
5,16,MICHOACAN,,,87,TANHUATO,,,PRES_MUN,PAN_PRD,1,MARIA FRANCISCA LICEA RAMIREZ,2,,
5,16,MICHOACAN,,,87,TANHUATO,,,SIND_MR,PAN_PRD,1,EPIFANIO GARCIA ARELLANO,1,,
5,16,MICHOACAN,,,87,TANHUATO,,,REG_MR,PAN_PRD,1,ELSA MARIBEL TAFOLLA HERNANDEZ,2,,
5,16,MICHOACAN,,,87,TANHUATO,,,REG_MR,PAN_PRD,2,MIGUEL ANGEL DIAZ GALVAN,1,,
5,16,MICHOACAN,,,87,TANHUATO,,,REG_MR,PAN_PRD,3,RAMONA PEREZ CARDENAS,2,,
5,16,MICHOACAN,,,87,TANHUATO,,,REG_MR,PAN_PRD,4,ESEQUIEL LUJANO BARAJAS,2,,
5,16,MICHOACAN,,,87,TANHUATO,,,REG_RP,MC,1,LETICIA OCHOA RODRIGUEZ,2,,MC
5,16,MICHOACAN,,,87,TANHUATO,,,REG_RP,PT_MORENA,2,FLABIAN LICEA RODRIGUEZ,1,,
5,16,MICHOACAN,,,87,TANHUATO,,,REG_RP,PT_MORENA,3,MARIANA GARIBAY MARTINEZ,2,,
5,16,MICHOACAN,,,88,TARETAN,,,PRES_MUN,PAN_PRI_PRD,1,ALFONSO JANITZIO CHAVEZ ANDRADE,1,,
5,16,MICHOACAN,,,88,TARETAN,,,SIND_MR,PAN_PRI_PRD,1,NELY MACARI MAGAÑA LUCATERO,2,,
5,16,MICHOACAN,,,88,TARETAN,,,REG_MR,PAN_PRI_PRD,1,LUIS ANTONIO ORTEGA SANCHEZ,1,,
5,16,MICHOACAN,,,88,TARETAN,,,REG_MR,PAN_PRI_PRD,2,MARIA TERESA CAMACHO JORGE,2,,
5,16,MICHOACAN,,,88,TARETAN,,,REG_MR,PAN_PRI_PRD,3,JOSE MARIA MORALES AGUIRRE,1,,
5,16,MICHOACAN,,,88,TARETAN,,,REG_MR,PAN_PRI_PRD,4,LINDA LETICIA FUERTE MAGAÑA,2,,
5,16,MICHOACAN,,,88,TARETAN,,,REG_RP,PES,1,JOSE RAMON LOPEZ MORALES,1,,PES
5,16,MICHOACAN,,,88,TARETAN,,,REG_RP,PT_MORENA,2,ANA ISABEL ORDAZ ESCALANTE,2,,
5,16,MICHOACAN,,,88,TARETAN,,,REG_RP,PVEM,3,CASANDRA MONSERRATH PACHECO SALTO,2,,PVEM
5,16,MICHOACAN,,,89,TARIMBARO,,,PRES_MUN,PAN_PRI_PRD,1,BLADIMIR ALEJANDRO GONZALEZ GUTIERREZ,1,,
5,16,MICHOACAN,,,89,TARIMBARO,,,SIND_MR,PAN_PRI_PRD,1,OLIVA CASIMIRO HUERTA,2,,
5,16,MICHOACAN,,,89,TARIMBARO,,,REG_MR,PAN_PRI_PRD,1,ANTONIO REYES TELLES,1,,
5,16,MICHOACAN,,,89,TARIMBARO,,,REG_MR,PAN_PRI_PRD,2,MONSERIL VIRIDIANA ORTIZ DUARTE,2,,
5,16,MICHOACAN,,,89,TARIMBARO,,,REG_MR,PAN_PRI_PRD,3,LUIS ENRIQUE SILVA HERNANDEZ,1,,
5,16,MICHOACAN,,,89,TARIMBARO,,,REG_MR,PAN_PRI_PRD,4,ELISA MORA IZQUIERDO,2,,
5,16,MICHOACAN,,,89,TARIMBARO,,,REG_MR,PAN_PRI_PRD,5,DANIEL GALILEO CHAVEZ ESQUIVIAS,1,,
5,16,MICHOACAN,,,89,TARIMBARO,,,REG_MR,PAN_PRI_PRD,6,MIREYA MILAN DURAN,2,,
5,16,MICHOACAN,,,89,TARIMBARO,,,REG_RP,PES,1,LUIS MARTIN BAZAN ACOSTA,1,,PES
5,16,MICHOACAN,,,89,TARIMBARO,,,REG_RP,PT_MORENA,2,LORENZA CALDERON GARCIA,2,,
5,16,MICHOACAN,,,89,TARIMBARO,,,REG_RP,PT_MORENA,3,MORELOS XICOTENCATL GARCIA FERNANDEZ,1,,
5,16,MICHOACAN,,,89,TARIMBARO,,,REG_RP,PVEM,4,MARCOS GIOVANNI ESPINOZA MONZON,1,,PVEM
5,16,MICHOACAN,,,90,TEPALCATEPEC,,,PRES_MUN,FXM,1,MARTHA LAURA MENDOZA MENDOZA,2,,FXM
5,16,MICHOACAN,,,90,TEPALCATEPEC,,,SIND_MR,FXM,1,JUVENTINO MALDONADO CHAVEZ,1,,FXM
5,16,MICHOACAN,,,90,TEPALCATEPEC,,,REG_MR,FXM,1,MARICELA RANGEL LOPEZ,2,,FXM
5,16,MICHOACAN,,,90,TEPALCATEPEC,,,REG_MR,FXM,2,MARIO MEDINA GUTIERREZ,1,,FXM
5,16,MICHOACAN,,,90,TEPALCATEPEC,,,REG_MR,FXM,3,LOURDES CEJA CABADOS,2,,FXM
5,16,MICHOACAN,,,90,TEPALCATEPEC,,,REG_MR,FXM,4,OMAR PEREZ MENDOZA,1,,FXM
5,16,MICHOACAN,,,90,TEPALCATEPEC,,,REG_RP,PT_MORENA,1,GERMAN VALENCIA MIRANDA,1,,
5,16,MICHOACAN,,,90,TEPALCATEPEC,,,REG_RP,PRD,2,JORGE ALBERTO NARANJO AGUILERA,1,,PRD
5,16,MICHOACAN,,,90,TEPALCATEPEC,,,REG_RP,PRI,3,MAURICIO SANDOVAL GALLARDO,1,,PRI
5,16,MICHOACAN,,,91,TINGAMBATO,,,PRES_MUN,PRI,1,MARISOL LOPEZ FIGUEROA,2,,PRI
5,16,MICHOACAN,,,91,TINGAMBATO,,,SIND_MR,PRI,1,RAFAEL AGUILERA ROMAN,1,,PRI
5,16,MICHOACAN,,,91,TINGAMBATO,,,REG_MR,PRI,1,SUKEY MARTINEZ BAEZ,2,,PRI
5,16,MICHOACAN,,,91,TINGAMBATO,,,REG_MR,PRI,2,RAFAEL VARGAS FIGUEROA,1,,PRI
5,16,MICHOACAN,,,91,TINGAMBATO,,,REG_MR,PRI,3,MARLENE GUADALUPE AGUILERA TREJO,2,,PRI
5,16,MICHOACAN,,,91,TINGAMBATO,,,REG_MR,PRI,4,JOSE MIGUEL DE LA CRUZ PEREZ,1,,PRI
5,16,MICHOACAN,,,91,TINGAMBATO,,,REG_RP,PT_MORENA,1,JULIA ADRIANA RAMIREZ CAZARES,2,,
5,16,MICHOACAN,,,91,TINGAMBATO,,,REG_RP,PRD,2,MARIA TERESA ARELLANO RIVERA,2,,PRD
5,16,MICHOACAN,,,91,TINGAMBATO,,,REG_RP,PRD,3,MIGUEL ANGEL JUAREZ CORTES,1,,PRD
5,16,MICHOACAN,,,92,TINGUINDIN,,,PRES_MUN,PVEM,1,GLENDA MENDOZA CRUZ,2,,PVEM
5,16,MICHOACAN,,,92,TINGUINDIN,,,SIND_MR,PVEM,1,ROSA ALEJANDRA ANDRADE ISIDORO,2,,PVEM
5,16,MICHOACAN,,,92,TINGUINDIN,,,REG_MR,PVEM,1,VERONICA OCARANZA MARAVILLA,2,,PVEM
5,16,MICHOACAN,,,92,TINGUINDIN,,,REG_MR,PVEM,2,ROGER MARTIN NATIVIDAD CHAVEZ,1,,PVEM
5,16,MICHOACAN,,,92,TINGUINDIN,,,REG_MR,PVEM,3,KARLA VANESSA MATIAS PULIDO,2,,PVEM
5,16,MICHOACAN,,,92,TINGUINDIN,,,REG_MR,PVEM,4,JOHAN SALVADOR VALDEZ GONZALEZ,1,,PVEM
5,16,MICHOACAN,,,92,TINGUINDIN,,,REG_RP,MC,1,MARIA GUADALUPE CARABEZ BARAJAS,2,,MC
5,16,MICHOACAN,,,92,TINGUINDIN,,,REG_RP,PT_MORENA,2,BERTHA ALICIA FABIAN VARGAS,2,,
5,16,MICHOACAN,,,92,TINGUINDIN,,,REG_RP,PRI_PRD,3,ANA LORENA LUCATERO OCARANZA,2,,
5,16,MICHOACAN,,,93,TIQUICHEO DE NICOLAS ROMERO,,,PRES_MUN,PES,1,CATALINA PEREZ NEGRON ESPINOZA,2,,PES
5,16,MICHOACAN,,,93,TIQUICHEO DE NICOLAS ROMERO,,,SIND_MR,PES,1,JORGE ALBERTO SOLORZANO SOLORZANO,1,,PES
5,16,MICHOACAN,,,93,TIQUICHEO DE NICOLAS ROMERO,,,REG_MR,PES,1,YARENY CARANDIA REYES,2,,PES
5,16,MICHOACAN,,,93,TIQUICHEO DE NICOLAS ROMERO,,,REG_MR,PES,2,JOSE PIEDAD FLORES ROMERO,1,,PES
5,16,MICHOACAN,,,93,TIQUICHEO DE NICOLAS ROMERO,,,REG_MR,PES,3,GEORGINA ESCUADRA AVILES,2,,PES
5,16,MICHOACAN,,,93,TIQUICHEO DE NICOLAS ROMERO,,,REG_MR,PES,4,ADOLFO CORTES RIVERA,1,,PES
5,16,MICHOACAN,,,93,TIQUICHEO DE NICOLAS ROMERO,,,REG_RP,PT_MORENA,1,AUSTREBERTO CARRANZA AYALA,1,,
5,16,MICHOACAN,,,93,TIQUICHEO DE NICOLAS ROMERO,,,REG_RP,PAN_PRI_PRD,2,FRANCISCO JAVIER PANTOJA JOVE,1,,
5,16,MICHOACAN,,,93,TIQUICHEO DE NICOLAS ROMERO,,,REG_RP,PVEM,3,JUANA NERI CHAMU,2,,PVEM
5,16,MICHOACAN,,,94,TLALPUJAHUA,,,PRES_MUN,PVEM,1,JORGE MEDINA MONTOYA,1,,PVEM
5,16,MICHOACAN,,,94,TLALPUJAHUA,,,SIND_MR,PVEM,1,GRACIELA ARREDONDO REYES,2,,PVEM
5,16,MICHOACAN,,,94,TLALPUJAHUA,,,REG_MR,PVEM,1,GABRIEL VELARDE BASTIDA,1,,PVEM
5,16,MICHOACAN,,,94,TLALPUJAHUA,,,REG_MR,PVEM,2,ANA KAREN MORA SANCHEZ,2,,PVEM
5,16,MICHOACAN,,,94,TLALPUJAHUA,,,REG_MR,PVEM,3,JOSE JUAN MARTINEZ ROJAS,1,,PVEM
5,16,MICHOACAN,,,94,TLALPUJAHUA,,,REG_MR,PVEM,4,DIANA ELIZABETH TOVAR VELAZQUEZ,2,,PVEM
5,16,MICHOACAN,,,94,TLALPUJAHUA,,,REG_RP,MC,1,FERNANDO VELAZQUEZ BERRIOS,1,,MC
5,16,MICHOACAN,,,94,TLALPUJAHUA,,,REG_RP,PRD,2,JAIME ROJAS VALDES,1,,PRD
5,16,MICHOACAN,,,94,TLALPUJAHUA,,,REG_RP,PT_MORENA,3,JOVANNY GARCIA GARCIA,1,,
5,16,MICHOACAN,,,95,TLAZAZALCA,,,PRES_MUN,PRD,1,AGUSTIN MAGAÑA PAROCUA,1,,PRD
5,16,MICHOACAN,,,95,TLAZAZALCA,,,SIND_MR,PRD,1,LUCIA CACHU MENDEZ,2,,PRD
5,16,MICHOACAN,,,95,TLAZAZALCA,,,REG_MR,PRD,1,PORFIRIO CAZAREZ CACHU,1,,PRD
5,16,MICHOACAN,,,95,TLAZAZALCA,,,REG_MR,PRD,2,MARIA MORALES MENDEZ,2,,PRD
5,16,MICHOACAN,,,95,TLAZAZALCA,,,REG_MR,PRD,3,HECTOR MANUEL PEREZ SEPULVEDA,1,,PRD
5,16,MICHOACAN,,,95,TLAZAZALCA,,,REG_MR,PRD,4,MARIA DEL SOCORRO AGUILAR HERNANDEZ,2,,PRD
5,16,MICHOACAN,,,95,TLAZAZALCA,,,REG_RP,MC,1,MARIO ZENDEJAS ZAVALA,1,,MC
5,16,MICHOACAN,,,95,TLAZAZALCA,,,REG_RP,PT_MORENA,2,ROSA DIAZ MORALES,2,,
5,16,MICHOACAN,,,95,TLAZAZALCA,,,REG_RP,PAN_PRI,3,MARIANA FERNANDEZ SANCHEZ,2,,
5,16,MICHOACAN,,,96,TOCUMBO,,,PRES_MUN,PVEM,1,EVANGELINA VILLANUEVA MORALES,2,,PVEM
5,16,MICHOACAN,,,96,TOCUMBO,,,SIND_MR,PVEM,1,JUAN REYES VILLANUEVA,1,,PVEM
5,16,MICHOACAN,,,96,TOCUMBO,,,REG_MR,PVEM,1,ROSALIA GARCIA CARABEZ,2,,PVEM
5,16,MICHOACAN,,,96,TOCUMBO,,,REG_MR,PVEM,2,MARCELINO CARABES GARCIA,1,,PVEM
5,16,MICHOACAN,,,96,TOCUMBO,,,REG_MR,PVEM,3,MA. ESTHER GOMEZ TORRES,2,,PVEM
5,16,MICHOACAN,,,96,TOCUMBO,,,REG_MR,PVEM,4,FERNANDO MURILLO SANCHEZ,1,,PVEM
5,16,MICHOACAN,,,96,TOCUMBO,,,REG_RP,PAN,1,DANIEL AMEZCUA AVIÑA,1,,PAN
5,16,MICHOACAN,,,96,TOCUMBO,,,REG_RP,PRI,2,PABLO MAGAÑA MAGAÑA,1,,PRI
5,16,MICHOACAN,,,96,TOCUMBO,,,REG_RP,PT_MORENA,3,HAROLD ALEJANDRO LUCAS FERNANDEZ,1,,
5,16,MICHOACAN,,,97,TUMBISCATIO,,,PRES_MUN,MORENA,1,APOLONIO UREÑA MARTINEZ,1,,MORENA
5,16,MICHOACAN,,,97,TUMBISCATIO,,,SIND_MR,MORENA,1,ANGELICA MARIA BUSTOS ZARAGOZA,2,,MORENA
5,16,MICHOACAN,,,97,TUMBISCATIO,,,REG_MR,MORENA,1,MIGUEL HERNANDEZ PARDO,1,,MORENA
5,16,MICHOACAN,,,97,TUMBISCATIO,,,REG_MR,MORENA,2,MARITZA SAUCEDO VARGAS,2,,MORENA
5,16,MICHOACAN,,,97,TUMBISCATIO,,,REG_MR,MORENA,3,JUAN MENDOZA PIMENTEL,1,,MORENA
5,16,MICHOACAN,,,97,TUMBISCATIO,,,REG_MR,MORENA,4,JUANA RODRIGUEZ VAZQUEZ,2,,MORENA
5,16,MICHOACAN,,,97,TUMBISCATIO,,,REG_RP,PAN,1,ANDREYNA LISETTE PEREZ SUAREZ,2,,PAN
5,16,MICHOACAN,,,97,TUMBISCATIO,,,REG_RP,PAN,2,JAVIER ALEJANDRO PINEDA CALDERON,1,,PAN
5,16,MICHOACAN,,,97,TUMBISCATIO,,,REG_RP,PAN,3,JAVIER TOVAR GUILLEN,1,,PAN
5,16,MICHOACAN,,,98,TURICATO,,,PRES_MUN,PT_MORENA,1,VICENTE GOMEZ NUÑEZ,1,,
5,16,MICHOACAN,,,98,TURICATO,,,SIND_MR,PT_MORENA,1,MARIA GUADALUPE CRUZALEY PARRA,2,,
5,16,MICHOACAN,,,98,TURICATO,,,REG_MR,PT_MORENA,1,OSVALDO VAZQUEZ DELGADO,1,,
5,16,MICHOACAN,,,98,TURICATO,,,REG_MR,PT_MORENA,2,DIOCELINA PANTOJA CRUZ,2,,
5,16,MICHOACAN,,,98,TURICATO,,,REG_MR,PT_MORENA,3,ISIDRO IBARRA INFANTE,1,,
5,16,MICHOACAN,,,98,TURICATO,,,REG_MR,PT_MORENA,4,FRANCELY RUIZ VILLANUEVA,2,,
5,16,MICHOACAN,,,98,TURICATO,,,REG_RP,PRD,1,AMOS ALMONTE BARAJAS,1,,PRD
5,16,MICHOACAN,,,98,TURICATO,,,REG_RP,PAN_PRI,2,ENEMI IBARRA AGUILERA,2,,
5,16,MICHOACAN,,,98,TURICATO,,,REG_RP,PAN_PRI,3,JHONNY CAMPOS CANCINO,1,,
5,16,MICHOACAN,,,99,TUXPAN,,,PRES_MUN,PAN_PRI_PRD,1,CARLOS ALBERTO PAREDES CORREA,1,,
5,16,MICHOACAN,,,99,TUXPAN,,,SIND_MR,PAN_PRI_PRD,1,REBECA VALDESPINO MORA,2,,
5,16,MICHOACAN,,,99,TUXPAN,,,REG_MR,PAN_PRI_PRD,1,GUSTAVO GUDIÑO VALDESPINO,1,,
5,16,MICHOACAN,,,99,TUXPAN,,,REG_MR,PAN_PRI_PRD,2,CARLA GARFIAS BUSTAMANTE,2,,
5,16,MICHOACAN,,,99,TUXPAN,,,REG_MR,PAN_PRI_PRD,3,EFREN HERNANDEZ AVILA,1,,
5,16,MICHOACAN,,,99,TUXPAN,,,REG_MR,PAN_PRI_PRD,4,ANDREA CRUZ MAYA,2,,
5,16,MICHOACAN,,,99,TUXPAN,,,REG_RP,PT_MORENA,1,PEDRO CASTILLO ALCANTAR,1,,
5,16,MICHOACAN,,,99,TUXPAN,,,REG_RP,PVEM,2,ADELINA MARIN OROZCO,2,,PVEM
5,16,MICHOACAN,,,99,TUXPAN,,,REG_RP,PVEM,3,JOSE LUIS PONCE MENDOZA,1,,PVEM
5,16,MICHOACAN,,,100,TUZANTLA,,,PRES_MUN,MC,1,ARTURO SERRATO SUAREZ,1,,MC
5,16,MICHOACAN,,,100,TUZANTLA,,,SIND_MR,MC,1,MARIA GUADALUPE LOPEZ AGUILAR,2,,MC
5,16,MICHOACAN,,,100,TUZANTLA,,,REG_MR,MC,1,RODOLFO TOLEDO ARELLANO,1,,MC
5,16,MICHOACAN,,,100,TUZANTLA,,,REG_MR,MC,2,NELIDA MACEDO REYES,2,,MC
5,16,MICHOACAN,,,100,TUZANTLA,,,REG_MR,MC,3,GERMAN GARCIA ALBARRAN,1,,MC
5,16,MICHOACAN,,,100,TUZANTLA,,,REG_MR,MC,4,MARIA DE LOS ANGELES SANCHEZ OROZCO,2,,MC
5,16,MICHOACAN,,,100,TUZANTLA,,,REG_RP,PT_MORENA,1,FERMIN SOLORZANO HERNANDEZ,1,,
5,16,MICHOACAN,,,100,TUZANTLA,,,REG_RP,PT_MORENA,2,LETICIA OCAMPO JAIMES,2,,
5,16,MICHOACAN,,,100,TUZANTLA,,,REG_RP,PAN_PRI_PRD,3,MARIA GABRIELA TELLO TELLEZ,2,,
5,16,MICHOACAN,,,101,TZINTZUNTZAN,,,PRES_MUN,PRD,1,J GUADALUPE RAMIREZ REYES,1,,PRD
5,16,MICHOACAN,,,101,TZINTZUNTZAN,,,SIND_MR,PRD,1,NOEMI SILVESTRE HIPOLITO,2,,PRD
5,16,MICHOACAN,,,101,TZINTZUNTZAN,,,REG_MR,PRD,1,LARISSA IVANIA ROBLEDO OROZCO,2,,PRD
5,16,MICHOACAN,,,101,TZINTZUNTZAN,,,REG_MR,PRD,2,MARIA ANTONIA RUIZ CALVILLO,2,,PRD
5,16,MICHOACAN,,,101,TZINTZUNTZAN,,,REG_MR,PRD,3,JORGE GABRIEL MORALES,1,,PRD
5,16,MICHOACAN,,,101,TZINTZUNTZAN,,,REG_MR,PRD,4,ESMERALDA TRINIDAD JOAQUIN,2,,PRD
5,16,MICHOACAN,,,101,TZINTZUNTZAN,,,REG_RP,PT_MORENA,1,PAULA GABRIEL MORALES,2,,
5,16,MICHOACAN,,,101,TZINTZUNTZAN,,,REG_RP,PAN_PRI,2,ABRAHAM NOE APARICIO NUÑEZ,1,,
5,16,MICHOACAN,,,101,TZINTZUNTZAN,,,REG_RP,PVEM,3,MARTIN MORALES PEREZ,1,,PVEM
5,16,MICHOACAN,,,102,TZITZIO,,,PRES_MUN,PRI,1,JOSE NAUNELI PEREZ AVILES,1,,PRI
5,16,MICHOACAN,,,102,TZITZIO,,,SIND_MR,PRI,1,EMMA EDELMIRA DURAN GARCIA,2,,PRI
5,16,MICHOACAN,,,102,TZITZIO,,,REG_MR,PRI,1,FELIPE SALINAS HERNANDEZ,1,,PRI
5,16,MICHOACAN,,,102,TZITZIO,,,REG_MR,PRI,2,ERIKA SANCHEZ CORTES,2,,PRI
5,16,MICHOACAN,,,102,TZITZIO,,,REG_MR,PRI,3,LUIS MIGUEL ARREOLA REYES,1,,PRI
5,16,MICHOACAN,,,102,TZITZIO,,,REG_MR,PRI,4,EVA DIAZ SANDOVAL,2,,PRI
5,16,MICHOACAN,,,102,TZITZIO,,,REG_RP,FXM,1,RIGOBERTO GARCIA VACA,1,,FXM
5,16,MICHOACAN,,,102,TZITZIO,,,REG_RP,PT_MORENA,2,CARLOS CIRILO VILLA GARCIA,1,,
5,16,MICHOACAN,,,102,TZITZIO,,,REG_RP,PRD,3,JOSE OTONIEL VACA BENITEZ,1,,PRD
5,16,MICHOACAN,,,103,URUAPAN,,,PRES_MUN,PT_MORENA,1,IGNACIO BENJAMIN CAMPOS EQUIHUA,1,,
5,16,MICHOACAN,,,103,URUAPAN,,,SIND_MR,PT_MORENA,1,MAGDALENA AZENETH RAMIREZ ESPINOSA,2,,
5,16,MICHOACAN,,,103,URUAPAN,,,REG_MR,PT_MORENA,1,CARLOS SILVA CORTES,1,,
5,16,MICHOACAN,,,103,URUAPAN,,,REG_MR,PT_MORENA,2,MARTHA FABIOLA CONTRERAS NEGRETE,2,,
5,16,MICHOACAN,,,103,URUAPAN,,,REG_MR,PT_MORENA,3,HECTOR HUGO MADRIGAL PEREZ,1,,
5,16,MICHOACAN,,,103,URUAPAN,,,REG_MR,PT_MORENA,4,YULIANA GOMEZ CORTES,2,,
5,16,MICHOACAN,,,103,URUAPAN,,,REG_MR,PT_MORENA,5,ABRAHAM MONSERRATO PRIETO RAZO,1,,
5,16,MICHOACAN,,,103,URUAPAN,,,REG_MR,PT_MORENA,6,DANAE AMPARO SILVA LEDESMA,2,,
5,16,MICHOACAN,,,103,URUAPAN,,,REG_MR,PT_MORENA,7,JOSE LUIS RANGEL RANGEL,1,,
5,16,MICHOACAN,,,103,URUAPAN,,,REG_RP,PAN_PRI_PRD,1,ANTONIO BERBER MARTINEZ,1,,
5,16,MICHOACAN,,,103,URUAPAN,,,REG_RP,PAN_PRI_PRD,2,ANTONIO CHUELA MURGUIA,1,,
5,16,MICHOACAN,,,103,URUAPAN,,,REG_RP,PAN_PRI_PRD,3,DIANA MARISOL LAGUNAS VAZQUEZ,2,,
5,16,MICHOACAN,,,103,URUAPAN,,,REG_RP,PAN_PRI_PRD,4,FERNANDO ALBERTO GUIZAR VEGA,1,,
5,16,MICHOACAN,,,103,URUAPAN,,,REG_RP,PAN_PRI_PRD,5,PERLA DEL RIO AMBRIZ,2,,
5,16,MICHOACAN,,,104,VENUSTIANO CARRANZA,,,PRES_MUN,PAN,1,YOLANDA MAYELA MACIAS HERNANDEZ,2,,PAN
5,16,MICHOACAN,,,104,VENUSTIANO CARRANZA,,,SIND_MR,PAN,1,LENIN MONTEJANO GOMEZ,1,,PAN
5,16,MICHOACAN,,,104,VENUSTIANO CARRANZA,,,REG_MR,PAN,1,KARLA CECILIA YOGUEZ CERVANTES,2,,PAN
5,16,MICHOACAN,,,104,VENUSTIANO CARRANZA,,,REG_MR,PAN,2,SANTIAGO LOPEZ FLORES,1,,PAN
5,16,MICHOACAN,,,104,VENUSTIANO CARRANZA,,,REG_MR,PAN,3,MARIA GUADALUPE TORRES ALVAREZ,2,,PAN
5,16,MICHOACAN,,,104,VENUSTIANO CARRANZA,,,REG_MR,PAN,4,ERICK JESUS VALENCIA MACIAS,1,,PAN
5,16,MICHOACAN,,,104,VENUSTIANO CARRANZA,,,REG_RP,MC,1,JONATHAN RIVERA CABRERA,1,,MC
5,16,MICHOACAN,,,104,VENUSTIANO CARRANZA,,,REG_RP,PT_MORENA,2,JUAN LUIS RODRIGUEZ TORRES,1,,
5,16,MICHOACAN,,,104,VENUSTIANO CARRANZA,,,REG_RP,PRI,3,RICARDO HERNANDEZ AVALOS,1,,PRI
5,16,MICHOACAN,,,105,VILLAMAR,,,PRES_MUN,PRI,1,FROYLAN ZAMBRANO LOPEZ,1,,PRI
5,16,MICHOACAN,,,105,VILLAMAR,,,SIND_MR,PRI,1,MARCELA KARINA OROZCO MACIEL,2,,PRI
5,16,MICHOACAN,,,105,VILLAMAR,,,REG_MR,PRI,1,JUAN MANUEL BALTAZAR SANDOVAL,1,,PRI
5,16,MICHOACAN,,,105,VILLAMAR,,,REG_MR,PRI,2,YOLANDA CERVANTES OCHOA,2,,PRI
5,16,MICHOACAN,,,105,VILLAMAR,,,REG_MR,PRI,3,SERGIO RUIZ ANDRADE,1,,PRI
5,16,MICHOACAN,,,105,VILLAMAR,,,REG_MR,PRI,4,MAYRA BEATRIZ YEPEZ ZAMBRANO,2,,PRI
5,16,MICHOACAN,,,105,VILLAMAR,,,REG_RP,PT_MORENA,1,ROSA FLORES AVALOS,2,,
5,16,MICHOACAN,,,105,VILLAMAR,,,REG_RP,PAN_PRD,2,ALFREDO BERNAL YEPEZ,1,,
5,16,MICHOACAN,,,105,VILLAMAR,,,REG_RP,PVEM,3,FRANCISCO NUÑEZ LOPEZ,1,,PVEM
5,16,MICHOACAN,,,106,VISTA HERMOSA,,,PRES_MUN,PT_MORENA,1,J. DOLORES MARTINEZ GARIBAY,1,,
5,16,MICHOACAN,,,106,VISTA HERMOSA,,,SIND_MR,PT_MORENA,1,NORA ISELA GIL NUÑEZ,2,,
5,16,MICHOACAN,,,106,VISTA HERMOSA,,,REG_MR,PT_MORENA,1,LUIS ALBERTO NAPOLES HERNANDEZ,1,,
5,16,MICHOACAN,,,106,VISTA HERMOSA,,,REG_MR,PT_MORENA,2,ADRIANA ARACELI NUÑEZ RAMIREZ,2,,
5,16,MICHOACAN,,,106,VISTA HERMOSA,,,REG_MR,PT_MORENA,3,FRANCISCO JAVIER BARAJAS AMEZQUITA,1,,
5,16,MICHOACAN,,,106,VISTA HERMOSA,,,REG_MR,PT_MORENA,4,MARTHA EDITH COVARRUBIAS BAEZA,2,,
5,16,MICHOACAN,,,106,VISTA HERMOSA,,,REG_RP,PAN_PRI,1,ALFREDO GONZALEZ ACEVES,1,,
5,16,MICHOACAN,,,106,VISTA HERMOSA,,,REG_RP,PAN_PRI,2,MARIA GUADALUPE VEGA AVIÑA,2,,
5,16,MICHOACAN,,,106,VISTA HERMOSA,,,REG_RP,RSP,3,JOSE MARIO GARCIA MORALES,1,,RSP
5,16,MICHOACAN,,,107,YURECUARO,,,PRES_MUN,MC,1,MOISES NAVARRO ARELLANO,1,,MC
5,16,MICHOACAN,,,107,YURECUARO,,,SIND_MR,MC,1,ELSA VERONICA GARCIA ALVARADO,2,,MC
5,16,MICHOACAN,,,107,YURECUARO,,,REG_MR,MC,1,FERNANDO BARAJAS CRUZ,1,,MC
5,16,MICHOACAN,,,107,YURECUARO,,,REG_MR,MC,2,MARIA CONCEPCION TREJO BUSTOS,2,,MC
5,16,MICHOACAN,,,107,YURECUARO,,,REG_MR,MC,3,MARIO JONATHAN MENDOZA ARRIAGA,1,,MC
5,16,MICHOACAN,,,107,YURECUARO,,,REG_MR,MC,4,MARIA CRYSTIANE MEDEL GODINEZ,2,,MC
5,16,MICHOACAN,,,107,YURECUARO,,,REG_RP,FXM,1,JOSE CARLOS MARTINEZ CAMPOS,1,,FXM
5,16,MICHOACAN,,,107,YURECUARO,,,REG_RP,PT_MORENA,2,JOSE LOPEZ MURILLO,1,,
5,16,MICHOACAN,,,107,YURECUARO,,,REG_RP,PES,3,ROBERTO CAMPOS RODRIGUEZ,1,,PES
5,16,MICHOACAN,,,108,ZACAPU,,,PRES_MUN,PRI_PRD,1,LUIS FELIPE LEON BALBANERA,1,,
5,16,MICHOACAN,,,108,ZACAPU,,,SIND_MR,PRI_PRD,1,LIDIA NOEMI AREVALO VERA,2,,
5,16,MICHOACAN,,,108,ZACAPU,,,REG_MR,PRI_PRD,1,IVAN DE JESUS ESPINO MARTINEZ,1,,
5,16,MICHOACAN,,,108,ZACAPU,,,REG_MR,PRI_PRD,2,MARIA DE JESUS DAMIAN PIMENTEL,2,,
5,16,MICHOACAN,,,108,ZACAPU,,,REG_MR,PRI_PRD,3,VICTOR JOSE GONZALEZ MARISCAL,1,,
5,16,MICHOACAN,,,108,ZACAPU,,,REG_MR,PRI_PRD,4,VERONICA EVA AZPEITIA MENDOZA,2,,
5,16,MICHOACAN,,,108,ZACAPU,,,REG_MR,PRI_PRD,5,ALEJANDRO OROZCO AREVALO,1,,
5,16,MICHOACAN,,,108,ZACAPU,,,REG_MR,PRI_PRD,6,MARIBEL MEDINA MARTINEZ,2,,
5,16,MICHOACAN,,,108,ZACAPU,,,REG_MR,PRI_PRD,7,JOSE MANUEL MENDEZ LOPEZ,1,,
5,16,MICHOACAN,,,108,ZACAPU,,,REG_RP,FXM,1,JOSE MARTIN ALVAREZ CONTRERAS,1,,FXM
5,16,MICHOACAN,,,108,ZACAPU,,,REG_RP,MC,2,MARIA MARGARITA CERON FRANCO,2,,MC
5,16,MICHOACAN,,,108,ZACAPU,,,REG_RP,PT_MORENA,3,GABRIELA LOPEZ TAPIA,2,,
5,16,MICHOACAN,,,108,ZACAPU,,,REG_RP,PT_MORENA,4,HUMBERTO WILFRIDO ALONSO RAZO,1,,
5,16,MICHOACAN,,,108,ZACAPU,,,REG_RP,PAN,5,GRISELDA LILI AVILA ALVARADO,2,,PAN
5,16,MICHOACAN,,,108,ZACAPU,,,REG_RP,PAN,6,ROGELIO AYALA CORDOVA,1,,PAN
5,16,MICHOACAN,,,109,ZAMORA,,,PRES_MUN,PAN,1,CARLOS ALBERTO SOTO DELGADO,1,,PAN
5,16,MICHOACAN,,,109,ZAMORA,,,SIND_MR,PAN,1,MA. ISABEL AGUILERA VERDUZCO,2,,PAN
5,16,MICHOACAN,,,109,ZAMORA,,,REG_MR,PAN,1,EDGAR ALFONSO ZENTENO GIL,1,,PAN
5,16,MICHOACAN,,,109,ZAMORA,,,REG_MR,PAN,2,GUADALUPE SANCHEZ OROZCO,2,,PAN
5,16,MICHOACAN,,,109,ZAMORA,,,REG_MR,PAN,3,ALDO GIOVANNI NAVARRO ALVARADO,1,,PAN
5,16,MICHOACAN,,,109,ZAMORA,,,REG_MR,PAN,4,MARIANA VICTORIA RAMIREZ,2,,PAN
5,16,MICHOACAN,,,109,ZAMORA,,,REG_MR,PAN,5,MARIO ALBERTO MENDEZ ECHEVARRIA,1,,PAN
5,16,MICHOACAN,,,109,ZAMORA,,,REG_MR,PAN,6,PAULA GEORGINA AYALA CURIEL,2,,PAN
5,16,MICHOACAN,,,109,ZAMORA,,,REG_MR,PAN,7,GERARDO SALVADOR BAUTISTA HERNANDEZ,1,,PAN
5,16,MICHOACAN,,,109,ZAMORA,,,REG_RP,PRI_PRD,1,CARLOS ALFONSO MACIAS MIRELES,1,,
5,16,MICHOACAN,,,109,ZAMORA,,,REG_RP,PRI_PRD,2,IRIS MARIA MACIAS MIRELES,2,,
5,16,MICHOACAN,,,109,ZAMORA,,,REG_RP,PT_MORENA,3,BEATRIZ ORTEGA MARTINEZ,2,,
5,16,MICHOACAN,,,109,ZAMORA,,,REG_RP,PT_MORENA,4,JOSE GABRIEL GARCIA FERNANDEZ,1,,
5,16,MICHOACAN,,,109,ZAMORA,,,REG_RP,PVEM,5,REBECA RAMOS MENDEZ,2,,PVEM
5,16,MICHOACAN,,,110,ZINAPARO,,,PRES_MUN,MC,1,J JESUS ZAMUDIO HERNANDEZ,1,,MC
5,16,MICHOACAN,,,110,ZINAPARO,,,SIND_MR,MC,1,MARIA GUADALUPE MOLINA ARANDA,2,,MC
5,16,MICHOACAN,,,110,ZINAPARO,,,REG_MR,MC,1,SAMUEL VILLAGRAN GOMEZ,1,,MC
5,16,MICHOACAN,,,110,ZINAPARO,,,REG_MR,MC,2,JAQUELINE GARCIA SOLORIO,2,,MC
5,16,MICHOACAN,,,110,ZINAPARO,,,REG_MR,MC,3,JESUS ANGEL GARCIA CASTRO,1,,MC
5,16,MICHOACAN,,,110,ZINAPARO,,,REG_MR,MC,4,LETICIA GARCIA VELA,2,,MC
5,16,MICHOACAN,,,110,ZINAPARO,,,REG_RP,PAN_PRI,1,BENJAMIN ZERMEÑO PULIDO,1,,
5,16,MICHOACAN,,,110,ZINAPARO,,,REG_RP,PAN_PRI,2,YESENIA BERBER RAMIREZ,2,,
5,16,MICHOACAN,,,110,ZINAPARO,,,REG_RP,PVEM,3,RAUL RUIZ SANCHEZ,1,,PVEM
5,16,MICHOACAN,,,111,ZINAPECUARO,,,PRES_MUN,PT_MORENA,1,ALEJANDRO CORREA GOMEZ,1,,
5,16,MICHOACAN,,,111,ZINAPECUARO,,,SIND_MR,PT_MORENA,1,ADRIANA PATRICIA ROMERO BLANQUET,2,,
5,16,MICHOACAN,,,111,ZINAPECUARO,,,REG_MR,PT_MORENA,1,ERIK EDUARDO ESCALANTE PEREZ,1,,
5,16,MICHOACAN,,,111,ZINAPECUARO,,,REG_MR,PT_MORENA,2,BRENDA ALBERTINA PONCE MORALES,2,,
5,16,MICHOACAN,,,111,ZINAPECUARO,,,REG_MR,PT_MORENA,3,JOSE HUMBERTO MENDOZA MORALES,1,,
5,16,MICHOACAN,,,111,ZINAPECUARO,,,REG_MR,PT_MORENA,4,ALMA DELIA DURAN MUÑOZ,2,,
5,16,MICHOACAN,,,111,ZINAPECUARO,,,REG_MR,PT_MORENA,5,JOSE OSCAR MALDONADO QUIROZ,1,,
5,16,MICHOACAN,,,111,ZINAPECUARO,,,REG_MR,PT_MORENA,6,MARIA MAGDALENA GARCIA SANCHEZ,2,,
5,16,MICHOACAN,,,111,ZINAPECUARO,,,REG_RP,PAN_PRI_PRD,1,ADRIANA BIRRUETE SALINAS,2,,
5,16,MICHOACAN,,,111,ZINAPECUARO,,,REG_RP,PAN_PRI_PRD,2,ALFREDO CASTRO MONDRAGON,1,,
5,16,MICHOACAN,,,111,ZINAPECUARO,,,REG_RP,PAN_PRI_PRD,3,JESSEL VIANNEY MALDONADO MEJIA,2,,
5,16,MICHOACAN,,,111,ZINAPECUARO,,,REG_RP,PAN_PRI_PRD,4,JUAN PABLO RODRIGUEZ SALINAS,1,,
5,16,MICHOACAN,,,112,ZIRACUARETIRO,,,PRES_MUN,PT_MORENA,1,ITZEL GAONA BEDOLLA,2,,
5,16,MICHOACAN,,,112,ZIRACUARETIRO,,,SIND_MR,PT_MORENA,1,JOSE LEON AGUILAR,1,,
5,16,MICHOACAN,,,112,ZIRACUARETIRO,,,REG_MR,PT_MORENA,1,ROSA ITZEL MENDOZA PEREZ,2,,
5,16,MICHOACAN,,,112,ZIRACUARETIRO,,,REG_MR,PT_MORENA,2,CESAR TRINIDAD LOPEZ,1,,
5,16,MICHOACAN,,,112,ZIRACUARETIRO,,,REG_MR,PT_MORENA,3,GENOVEVA MADRIGAL GUIDO,2,,
5,16,MICHOACAN,,,112,ZIRACUARETIRO,,,REG_MR,PT_MORENA,4,JUANA GARCIA CHAVEZ,2,,
5,16,MICHOACAN,,,112,ZIRACUARETIRO,,,REG_RP,PAN,1,JOSE MOISES PEREZ LOPEZ,1,,PAN
5,16,MICHOACAN,,,112,ZIRACUARETIRO,,,REG_RP,PAN,2,MARIA DEL ROSARIO VEGA PONCE,2,,PAN
5,16,MICHOACAN,,,112,ZIRACUARETIRO,,,REG_RP,PRI,3,ROMEL RENE GARCIA MONROY,2,,PRI
5,16,MICHOACAN,,,113,ZITACUARO,,,PRES_MUN,PAN_PRI_PRD,1,JUAN ANTONIO IXTLAHUAC ORIHUELA,1,,
5,16,MICHOACAN,,,113,ZITACUARO,,,SIND_MR,PAN_PRI_PRD,1,MYRNA MERLOS AYLLON,2,,
5,16,MICHOACAN,,,113,ZITACUARO,,,REG_MR,PAN_PRI_PRD,1,ALDO GABRIEL ARGUETA MARTINEZ,1,,
5,16,MICHOACAN,,,113,ZITACUARO,,,REG_MR,PAN_PRI_PRD,2,ERIKA KARINA ALVARADO ALCANTAR,2,,
5,16,MICHOACAN,,,113,ZITACUARO,,,REG_MR,PAN_PRI_PRD,3,ULISES ROMERO HERNANDEZ,1,,
5,16,MICHOACAN,,,113,ZITACUARO,,,REG_MR,PAN_PRI_PRD,4,CATALINA ARGUELLO FLORES,2,,
5,16,MICHOACAN,,,113,ZITACUARO,,,REG_MR,PAN_PRI_PRD,5,ALVARO FERRER GARCIA,1,,
5,16,MICHOACAN,,,113,ZITACUARO,,,REG_MR,PAN_PRI_PRD,6,TANYA CRISTINA CAMPOS LOPEZ,2,,
5,16,MICHOACAN,,,113,ZITACUARO,,,REG_MR,PAN_PRI_PRD,7,SIDNEY RICARDO SANTANA PEREZ,1,,
5,16,MICHOACAN,,,113,ZITACUARO,,,REG_RP,PT_MORENA,1,ERENDIRA FLOR SALAS CORONA,2,,
5,16,MICHOACAN,,,113,ZITACUARO,,,REG_RP,PT_MORENA,2,GUILLERMO ERNESTO RAMIREZ SANTA ANA,1,,
5,16,MICHOACAN,,,113,ZITACUARO,,,REG_RP,PT_MORENA,3,JULIO CESAR VACA CAMARGO,1,,
5,16,MICHOACAN,,,113,ZITACUARO,,,REG_RP,PT_MORENA,4,MA. DE LOURDES BOLAÑOS GARCIA,2,,
5,16,MICHOACAN,,,113,ZITACUARO,,,REG_RP,PT_MORENA,5,TONANZIN SANDOVAL PEREZ,2,,
5,16,MICHOACAN,1,LA PIEDAD,,,,,DIP_LOC_MR,PAN_PRD,1,HUGO ANAYA AVILA,1,,
5,16,MICHOACAN,2,PURUANDIRO,,,,,DIP_LOC_MR,PAN_PRI_PRD,1,JULIETA HORTENCIA GALLARDO MORA,2,,
5,16,MICHOACAN,3,MARAVATIO DE OCAMPO,,,,,DIP_LOC_MR,PAN_PRI_PRD,1,FELIPE DE JESUS CONTRERAS CORREA,1,,
5,16,MICHOACAN,4,JIQUILPAN DE JUAREZ,,,,,DIP_LOC_MR,PAN_PRI_PRD,1,MONICA LARIZA PEREZ CAMPOS,2,,
5,16,MICHOACAN,5,PARACHO DE VERDUZCO,,,,,DIP_LOC_MR,PT_MORENA,1,ERENDIRA ISAURO HERNANDEZ,2,,
5,16,MICHOACAN,6,ZAMORA DE HIDALGO,,,,,DIP_LOC_MR,PAN_PRI_PRD,1,LAURA IVONNE PANTOJA ABASCAL,2,,
5,16,MICHOACAN,7,ZACAPU,,,,,DIP_LOC_MR,PRI_PRD,1,MONICA ESTELA VALDEZ PULIDO,2,,
5,16,MICHOACAN,8,TARIMBARO,,,,,DIP_LOC_MR,PT_MORENA,1,BALTAZAR GAONA GARCIA,1,,
5,16,MICHOACAN,9,LOS REYES DE SALGADO,,,,,DIP_LOC_MR,PAN_PRI_PRD,1,CESAR ENRIQUE PALAFOX QUINTERO,1,,
5,16,MICHOACAN,11,MORELIA,,,,,DIP_LOC_MR,PAN_PRI,1,ANDREA VILLANUEVA CANO,2,,
5,16,MICHOACAN,10,MORELIA,,,,,DIP_LOC_MR,PAN_PRI_PRD,1,MARCO POLO AGUIRRE CHAVEZ,1,,
5,16,MICHOACAN,12,CIUDAD HIDALGO,,,,,DIP_LOC_MR,PT_MORENA,1,ANA BELINDA HURTADO MARIN,2,,
5,16,MICHOACAN,13,HEROICA ZITACUARO,,,,,DIP_LOC_MR,PAN_PRI_PRD,1,GLORIA DEL CARMEN TAPIA REYES,2,,
5,16,MICHOACAN,14,URUAPAN DEL PROGRESO,,,,,DIP_LOC_MR,PT_MORENA,1,MAYELA DEL CARMEN SALAS SAENZ,2,,
5,16,MICHOACAN,15,PATZCUARO,,,,,DIP_LOC_MR,PAN_PRI_PRD,1,SAMANTA FLORES ADAME,2,,
5,16,MICHOACAN,16,MORELIA,,,,,DIP_LOC_MR,PT_MORENA,1,JUAN CARLOS BARRAGAN VELEZ,1,,
5,16,MICHOACAN,17,MORELIA,,,,,DIP_LOC_MR,PAN_PRI_PRD,1,DAVID ALEJANDRO CORTES MENDOZA,1,,
5,16,MICHOACAN,18,HUETAMO DE NUÑEZ,,,,,DIP_LOC_MR,PT_MORENA,1,ANABET FRANCO CARRIZALES,2,,
5,16,MICHOACAN,19,TACAMBARO DE CODALLOS,,,,,DIP_LOC_MR,PAN_PRI_PRD,1,OSCAR ESCOBAR LEDESMA,1,,
5,16,MICHOACAN,20,URUAPAN DEL PROGRESO,,,,,DIP_LOC_MR,PT_MORENA,1,BRENDA FABIOLA FRAGA GUTIERREZ,2,,
5,16,MICHOACAN,21,COALCOMAN DE VAZQUEZ PALLARES,,,,,DIP_LOC_MR,PAN_PRI_PRD,1,MA. GUILLERMINA RIOS TORRES,2,,
5,16,MICHOACAN,22,NUEVA ITALIA DE RUIZ,,,,,DIP_LOC_MR,PT_MORENA,1,J. REYES GALINDO PEDRAZA,1,,
5,16,MICHOACAN,23,APATZINGAN DE LA CONSTITUCION,,,,,DIP_LOC_MR,PAN_PRI_PRD,1,FANNY LYSSETTE ARREOLA PICHARDO,2,,
5,16,MICHOACAN,24,LAZARO CARDENAS,,,,,DIP_LOC_MR,PT_MORENA,1,JULIETA GARCIA ZEPEDA,2,,
5,16,MICHOACAN,,,,,,,DIP_LOC_RP,PAN,1,LIZ ALEJANDRA HERNANDEZ MORALES,2,,PAN
5,16,MICHOACAN,,,,,,,DIP_LOC_RP,PRI,1,DANIELA DE LOS SANTOS TORRES,2,,PRI
5,16,MICHOACAN,,,,,,,DIP_LOC_RP,PRI,1,ADRIANA HERNANDEZ IÑIGUEZ,2,,PRI
5,16,MICHOACAN,,,,,,,DIP_LOC_RP,PRI,1,J. JESUS HERNANDEZ PEÑA,1,,PRI
5,16,MICHOACAN,,,,,,,DIP_LOC_RP,PRD,1,ROCIO BEAMONTE ROMERO,2,,PRD
5,16,MICHOACAN,,,,,,,DIP_LOC_RP,PRD,1,VICTOR MANUEL MANRIQUEZ GONZALEZ,1,,PRD
5,16,MICHOACAN,,,,,,,DIP_LOC_RP,PVEM,1,ERNESTO NUÑEZ AGUILAR,1,,PVEM
5,16,MICHOACAN,,,,,,,DIP_LOC_RP,PVEM,1,MARIA GUADALUPE DIAZ CHAGOLLA,2,,PVEM
5,16,MICHOACAN,,,,,,,DIP_LOC_RP,MC,1,MARGARITA LOPEZ PEREZ,2,,MC
5,16,MICHOACAN,,,,,,,DIP_LOC_RP,MORENA,1,MARIA DE LA LUZ NUÑEZ RAMOS,2,,MORENA
5,16,MICHOACAN,,,,,,,DIP_LOC_RP,MORENA,1,ROBERTO REYES COSARI,1,,MORENA
5,16,MICHOACAN,,,,,,,DIP_LOC_RP,MORENA,1,SEYRA ANAHI ALEMAN SIERRA,2,,MORENA
5,16,MICHOACAN,,,,,,,DIP_LOC_RP,MORENA,1,FIDEL CALDERON TORREBLANCA,1,,MORENA
5,16,MICHOACAN,,,,,,,DIP_LOC_RP,MORENA,1,MARIA FERNANDA ALVAREZ MENDOZA,2,,MORENA
5,16,MICHOACAN,,,,,,,DIP_LOC_RP,MORENA,1,VICTOR HUGO ZURITA,1,,MORENA
5,16,MICHOACAN,,,,,,,DIP_LOC_RP,PES,1,LUZ MARIA GARCIA GARCIA,2,,PES
5,16,MICHOACAN,,,,,,,GOB,PT_MORENA,1,ALFREDO RAMIREZ BEDOLLA,1,,MORENA