﻿ID_ESTADO,NOMBRE_ESTADO,ID_DISTRITO_LOCAL,CABECERA_DISTRITAL_LOCAL,SECCIONES,CASILLAS,PAN,PRI,PRD,PVEM,PT,MC,MORENA,PES,RSP,FXM,NAEM,NUM_VOTOS_VALIDOS,NUM_VOTOS_CAN_NREG,NUM_VOTOS_NULOS,TOTAL_VOTOS,LISTA_NOMINAL,RUTA_ACTA
15,MEXICO,1,CHALCO DE DIAZ COVARRUBIAS,82,418,6360,32063,6206,7495,2663,6791,59298,2090,2507,2275,2226,129974,81,4149,134204,283476,http://www.ieem.org.mx/proceso2021/actasdispp/distrital/rp/ADMR-RP2021_D01.pdf
15,MEXICO,2,TOLUCA DE LERDO,106,407,18706,41518,1972,4079,2607,3815,51874,3184,1530,2538,1749,133572,190,3409,137171,258207,http://www.ieem.org.mx/proceso2021/actasdispp/distrital/rp/ADMR-RP2021_D02.pdf
15,MEXICO,3,CHIMALHUACAN,91,400,3132,44142,1679,2053,1630,2037,57186,1209,731,1501,2400,117700,326,2836,120862,264210,http://www.ieem.org.mx/proceso2021/actasdispp/distrital/rp/ADMR-RP2021_D03.pdf
15,MEXICO,4,LERMA DE VILLADA,121,451,16216,59972,3704,14874,4136,2264,51945,2526,2757,4538,3107,166039,165,4752,170956,281653,http://www.ieem.org.mx/proceso2021/actasdispp/distrital/rp/ADMR-RP2021_D04.pdf
15,MEXICO,5,CHICOLOAPAN DE JUAREZ,110,440,3999,51306,3175,3488,2006,2141,52750,2642,1323,3719,1926,128475,94,3596,132165,285096,http://www.ieem.org.mx/proceso2021/actasdispp/distrital/rp/ADMR-RP2021_D05.pdf
15,MEXICO,6,ECATEPEC DE MORELOS,106,356,7026,24637,9890,2330,1365,2178,45864,1388,1029,2010,1468,99185,170,2890,102245,226079,http://www.ieem.org.mx/proceso2021/actasdispp/distrital/rp/ADMR-RP2021_D06.pdf
15,MEXICO,7,TENANCINGO DE DEGOLLADO,137,455,12200,42249,7418,16497,17581,10143,18115,12960,3020,5998,17581,163762,159,5439,169360,279980,http://www.ieem.org.mx/proceso2021/actasdispp/distrital/rp/ADMR-RP2021_D07.pdf
15,MEXICO,8,ECATEPEC DE MORELOS,150,397,13035,32177,4036,4033,1701,3316,52136,1590,1123,2192,2316,117655,180,3520,121355,234501,http://www.ieem.org.mx/proceso2021/actasdispp/distrital/rp/ADMR-RP2021_D08.pdf
15,MEXICO,9,TEJUPILCO DE HIDALGO,252,541,6277,61820,14862,15702,5866,7298,48912,2123,3045,2960,2887,171752,56,5585,177393,283571,http://www.ieem.org.mx/proceso2021/actasdispp/distrital/rp/ADMR-RP2021_D09.pdf
15,MEXICO,10,VALLE DE BRAVO,183,480,9001,67322,16139,8765,3852,4390,51902,4811,2856,3328,2684,175050,29,5073,180152,271417,http://www.ieem.org.mx/proceso2021/actasdispp/distrital/rp/ADMR-RP2021_D10.pdf
15,MEXICO,11,TULTITLAN DE MARIANO ESCOBEDO,125,413,15449,34234,2209,6868,2244,3530,54492,1837,1111,2520,1318,125812,102,3388,129302,257848,http://www.ieem.org.mx/proceso2021/actasdispp/distrital/rp/ADMR-RP2021_D11.pdf
15,MEXICO,12,TEOLOYUCAN,113,436,20254,19422,2351,8669,17215,14926,17738,4608,7087,5089,17215,134574,787,4061,139422,281360,http://www.ieem.org.mx/proceso2021/actasdispp/distrital/rp/ADMR-RP2021_D12.pdf
15,MEXICO,13,ATLACOMULCO DE FABELA,163,480,12635,63039,2438,18905,2557,5013,47554,3374,1959,6933,4193,168600,70,4603,173273,277367,http://www.ieem.org.mx/proceso2021/actasdispp/distrital/rp/ADMR-RP2021_D13.pdf
15,MEXICO,14,JILOTEPEC DE ANDRES MOLINA ENRIQUEZ,179,491,22006,63226,1559,27446,14486,7160,14925,4965,5590,4652,14486,180501,52,4754,185307,270073,http://www.ieem.org.mx/proceso2021/actasdispp/distrital/rp/ADMR-RP2021_D14.pdf
15,MEXICO,15,IXTLAHUACA DE RAYON,127,427,3558,63170,1931,7736,15112,29912,15570,6393,3102,2580,15112,164176,67,5018,169261,263684,http://www.ieem.org.mx/proceso2021/actasdispp/distrital/rp/ADMR-RP2021_D15.pdf
15,MEXICO,16,CIUDAD ADOLFO LOPEZ MATEOS,108,414,40307,19763,2196,4983,3358,3899,46716,1933,1363,3439,2681,130638,109,3294,134041,270746,http://www.ieem.org.mx/proceso2021/actasdispp/distrital/rp/ADMR-RP2021_D16.pdf
15,MEXICO,17,HUIXQUILUCAN DE DEGOLLADO,105,420,70748,45529,4097,4748,11901,5472,12263,2219,1142,4037,11901,174057,78,3900,178035,271762,http://www.ieem.org.mx/proceso2021/actasdispp/distrital/rp/ADMR-RP2021_D17.pdf
15,MEXICO,18,TLALNEPANTLA DE BAZ,215,499,57295,37536,2770,4147,1824,5925,52947,1612,1077,2977,1555,169665,162,3464,173291,289579,http://www.ieem.org.mx/proceso2021/actasdispp/distrital/rp/ADMR-RP2021_D18.pdf
15,MEXICO,19,SANTA MARIA TULTEPEC,87,427,13721,27805,14121,7002,2382,6436,54787,4222,3817,3164,2305,139762,162,3905,143829,282606,http://www.ieem.org.mx/proceso2021/actasdispp/distrital/rp/ADMR-RP2021_D19.pdf
15,MEXICO,20,ZUMPANGO DE OCAMPO,151,542,26599,36738,9759,14047,19985,4332,20591,2368,2204,14928,19985,171536,335,5287,177158,347433,http://www.ieem.org.mx/proceso2021/actasdispp/distrital/rp/ADMR-RP2021_D20.pdf
15,MEXICO,21,ECATEPEC DE MORELOS,137,411,7754,32557,9057,3269,1584,2803,48305,1345,1447,1865,2223,112209,138,3277,115624,252831,http://www.ieem.org.mx/proceso2021/actasdispp/distrital/rp/ADMR-RP2021_D21.pdf
15,MEXICO,22,ECATEPEC DE MORELOS,159,393,8074,33590,3044,2796,1472,3872,47348,1300,881,1376,1751,105504,151,3036,108691,229159,http://www.ieem.org.mx/proceso2021/actasdispp/distrital/rp/ADMR-RP2021_D22.pdf
15,MEXICO,23,TEXCOCO DE MORA,114,470,13167,37365,7539,21507,2014,3749,58679,3607,2122,3985,2604,156338,142,4502,160982,307407,http://www.ieem.org.mx/proceso2021/actasdispp/distrital/rp/ADMR-RP2021_D23.pdf
15,MEXICO,24,CD. NEZAHUALCOYOTL,214,484,13343,24104,7974,2953,2075,31604,58236,1512,802,1832,1396,145831,145,3917,149893,283370,http://www.ieem.org.mx/proceso2021/actasdispp/distrital/rp/ADMR-RP2021_D24.pdf
15,MEXICO,25,CD. NEZAHUALCOYOTL,244,525,8216,24374,11243,2528,2458,37681,60816,2470,1036,2289,2214,155325,143,4001,159469,297266,http://www.ieem.org.mx/proceso2021/actasdispp/distrital/rp/ADMR-RP2021_D25.pdf
15,MEXICO,26,CUAUTITLAN IZCALLI,172,454,30312,30723,2036,5340,2026,5284,54971,2055,1386,2530,1800,138463,144,3370,141977,268803,http://www.ieem.org.mx/proceso2021/actasdispp/distrital/rp/ADMR-RP2021_D26.pdf
15,MEXICO,27,VALLE DE CHALCO SOLIDARIDAD,114,418,4149,16375,24529,11538,2528,3720,62550,1668,1605,1654,1560,131876,101,4089,136066,271792,http://www.ieem.org.mx/proceso2021/actasdispp/distrital/rp/ADMR-RP2021_D27.pdf
15,MEXICO,28,AMECAMECA DE JUAREZ,170,458,7282,41340,8658,17626,1918,11466,52061,4662,4233,7235,2109,158590,86,4465,163141,272942,http://www.ieem.org.mx/proceso2021/actasdispp/distrital/rp/ADMR-RP2021_D28.pdf
15,MEXICO,29,NAUCALPAN DE JUAREZ,186,488,89035,26873,3003,5192,11558,5280,11907,2061,1379,2457,11558,170303,201,3174,173678,285801,http://www.ieem.org.mx/proceso2021/actasdispp/distrital/rp/ADMR-RP2021_D29.pdf
15,MEXICO,30,NAUCALPAN DE JUAREZ,188,458,25830,25324,1859,3049,1975,6430,43255,4347,1235,2318,1698,117320,126,3354,120800,269717,http://www.ieem.org.mx/proceso2021/actasdispp/distrital/rp/ADMR-RP2021_D30.pdf
15,MEXICO,31,LOS REYES ACAQUILPAN,114,426,4894,54214,3371,4092,2083,2890,44328,2290,1488,6776,1511,127937,138,3835,131910,273868,http://www.ieem.org.mx/proceso2021/actasdispp/distrital/rp/ADMR-RP2021_D31.pdf
15,MEXICO,32,NAUCALPAN DE JUAREZ,139,456,28817,29771,2072,3315,2687,7253,47172,2577,2164,2241,1424,129493,131,3916,133540,283516,http://www.ieem.org.mx/proceso2021/actasdispp/distrital/rp/ADMR-RP2021_D32.pdf
15,MEXICO,33,TECAMAC DE FELIPE VILLANUEVA,188,550,31648,57219,1922,7705,2863,5278,76892,3239,971,2559,2961,193257,170,4110,197537,346325,http://www.ieem.org.mx/proceso2021/actasdispp/distrital/rp/ADMR-RP2021_D33.pdf
15,MEXICO,34,TOLUCA DE LERDO,152,459,27086,51035,2455,5837,2704,4152,52985,4067,2225,3180,1892,157618,156,3836,161610,284119,http://www.ieem.org.mx/proceso2021/actasdispp/distrital/rp/ADMR-RP2021_D34.pdf
15,MEXICO,35,METEPEC,113,415,32290,51450,3157,7093,15700,13768,16175,3628,4900,5488,15700,169349,185,4022,173556,273858,http://www.ieem.org.mx/proceso2021/actasdispp/distrital/rp/ADMR-RP2021_D35.pdf
15,MEXICO,36,SAN MIGUEL ZINACANTEPEC,91,410,17881,46759,3168,10997,15980,4447,16464,3132,2705,3312,15980,140825,96,4187,145108,270744,http://www.ieem.org.mx/proceso2021/actasdispp/distrital/rp/ADMR-RP2021_D36.pdf
15,MEXICO,37,TLALNEPANTLA DE BAZ,113,402,10905,31932,2933,2251,2990,2494,51874,1785,833,1781,1924,111702,102,3392,115196,260941,http://www.ieem.org.mx/proceso2021/actasdispp/distrital/rp/ADMR-RP2021_D37.pdf
15,MEXICO,38,COACALCO DE BERRIOZABAL,134,430,15381,30361,11651,8510,1843,7376,51924,3335,4674,4831,1848,141734,272,3938,145944,273527,http://www.ieem.org.mx/proceso2021/actasdispp/distrital/rp/ADMR-RP2021_D38.pdf
15,MEXICO,39,ACOLMAN DE NEZAHUALCOYOTL,154,464,36752,56191,2751,6701,4273,3642,54757,3376,5561,3827,2230,180061,207,4265,184533,289191,http://www.ieem.org.mx/proceso2021/actasdispp/distrital/rp/ADMR-RP2021_D39.pdf
15,MEXICO,40,IXTAPALUCA,159,449,7055,43438,1888,3338,1635,4695,55554,1642,1179,5540,1772,127736,124,3892,131752,271593,http://www.ieem.org.mx/proceso2021/actasdispp/distrital/rp/ADMR-RP2021_D40.pdf
15,MEXICO,41,CD. NEZAHUALCOYOTL,222,507,6207,21831,8423,2775,2412,34350,59795,2006,858,2016,2234,142907,110,4095,147112,290543,http://www.ieem.org.mx/proceso2021/actasdispp/distrital/rp/ADMR-RP2021_D41.pdf
15,MEXICO,42,ECATEPEC DE MORELOS,159,378,10358,30888,5699,2441,1810,2748,47218,1610,815,1700,2088,107375,145,3459,110979,217194,http://www.ieem.org.mx/proceso2021/actasdispp/distrital/rp/ADMR-RP2021_D42.pdf
15,MEXICO,43,CUAUTITLAN IZCALLI,173,446,35337,26988,2166,11153,2454,6254,53834,2007,2016,2548,1812,146569,156,3231,149956,269774,http://www.ieem.org.mx/proceso2021/actasdispp/distrital/rp/ADMR-RP2021_D43.pdf
15,MEXICO,44,NICOLAS ROMERO,101,447,23050,49990,2179,3995,2690,4206,52517,2668,5330,3871,3229,153725,146,3916,157787,297556,http://www.ieem.org.mx/proceso2021/actasdispp/distrital/rp/ADMR-RP2021_D44.pdf
15,MEXICO,45,ALMOLOYA DE JUAREZ,109,407,13325,44279,6491,15934,14383,7788,14818,4202,2114,2473,14383,140190,255,4561,145006,254032,http://www.ieem.org.mx/proceso2021/actasdispp/distrital/rp/ADMR-RP2021_D45.pdf
