﻿CIRCUNSCRIPCION,ID_ESTADO,NOMBRE_ESTADO,ID_DISTRITO_LOCAL,CABECERA_DISTRITAL_LOCAL,ID_MUNICIPIO,MUNICIPIO,ID_DEMARCACION_LOCAL,DEMARCACION_LOCAL,TIPO_DE_ELECCION,NOMBRE_PARTICIPANTE,NUMERO_LISTA,CANDIDATO,SEXO_CANDIDATO,RUTA_CONSTANCIA,PARTIDO
1,2,BAJA CALIFORNIA,,,,,,,GOB,PT_PVEM_MORENA,1,MARINA DEL PILAR AVILA OLMEDA,2,,MORENA
1,2,BAJA CALIFORNIA,1,MEXICALI,,,,,DIP_LOC_MR,PT_PVEM_MORENA,1,MANUEL GUERRERO LUNA,1,,MORENA
1,2,BAJA CALIFORNIA,2,MEXICALI,,,,,DIP_LOC_MR,PT_PVEM_MORENA,1,VICTOR HUGO NAVARRO GUTIERREZ,1,,MORENA
1,2,BAJA CALIFORNIA,3,MEXICALI,,,,,DIP_LOC_MR,PT_PVEM_MORENA,1,ALEJANDRA MARIA ANG HERNANDEZ,2,,MORENA
1,2,BAJA CALIFORNIA,4,MEXICALI,,,,,DIP_LOC_MR,PT_PVEM_MORENA,1,LILIANA MICHEL SANCHEZ ALLENDE,2,,MORENA
1,2,BAJA CALIFORNIA,5,MEXICALI,,,,,DIP_LOC_MR,PT_PVEM_MORENA,1,JUAN MANUEL MOLINA GARCIA,1,,MORENA
1,2,BAJA CALIFORNIA,6,TECATE,,,,,DIP_LOC_MR,PT_PVEM_MORENA,1,CESAR ADRIAN GONZALEZ GARCIA,1,,PVEM
1,2,BAJA CALIFORNIA,7,TIJUANA,,,,,DIP_LOC_MR,PT_PVEM_MORENA,1,JULIO CESAR VAZQUEZ CASTILLO,1,,PT
1,2,BAJA CALIFORNIA,8,TIJUANA,,,,,DIP_LOC_MR,PT_PVEM_MORENA,1,SERGIO MOCTEZUMA MARTINEZ LOPEZ,1,,MORENA
1,2,BAJA CALIFORNIA,9,TIJUANA,,,,,DIP_LOC_MR,PT_PVEM_MORENA,1,MARCO ANTONIO BLASQUEZ SALINAS,1,,PT
1,2,BAJA CALIFORNIA,10,TIJUANA,,,,,DIP_LOC_MR,PT_PVEM_MORENA,1,JULIA ANDREA GONZALEZ QUIROZ,2,,MORENA
1,2,BAJA CALIFORNIA,11,TIJUANA,,,,,DIP_LOC_MR,PT_PVEM_MORENA,1,EVELYN SANCHEZ SANCHEZ,2,,MORENA
1,2,BAJA CALIFORNIA,12,TIJUANA,,,,,DIP_LOC_MR,PT_PVEM_MORENA,1,RAMON VAZQUEZ VALADEZ,1,,MORENA
1,2,BAJA CALIFORNIA,13,TIJUANA,,,,,DIP_LOC_MR,PT_PVEM_MORENA,1,GLORIA ARCELIA MIRAMONTES PLANTILLAS,2,,MORENA
1,2,BAJA CALIFORNIA,14,TIJUANA,,,,,DIP_LOC_MR,PT_PVEM_MORENA,1,ARACELI GERALDO NUÑEZ,2,,MORENA
1,2,BAJA CALIFORNIA,15,POBLADO ROSARITO,,,,,DIP_LOC_MR,PT_PVEM_MORENA,1,MARIA DEL ROCIO ADAME MUÑOZ,2,,MORENA
1,2,BAJA CALIFORNIA,16,ENSENADA,,,,,DIP_LOC_MR,PT_PVEM_MORENA,1,CLAUDIA JOSEFINA AGATON MUÑIZ,2,,PT
1,2,BAJA CALIFORNIA,17,ENSENADA,,,,,DIP_LOC_MR,PT_PVEM_MORENA,1,DUNNIA MONTSERRAT MURILLO LOPEZ,2,,MORENA
1,2,BAJA CALIFORNIA,2,MEXICALI,,,,,DIP_LOC_RP,PAN_PRI_PRD,1,AMINTHA GUADALUPE BRICEÑO CINCO,2,,PAN
1,2,BAJA CALIFORNIA,2,MEXICALI,,,,,DIP_LOC_RP,MC,1,DAYLIN GARCIA RUVALCABA,2,,MC
1,2,BAJA CALIFORNIA,4,MEXICALI,,,,,DIP_LOC_RP,PAN_PRI_PRD,1,JUAN DIEGO ECHEVARRIA IBARRA,1,,PAN
1,2,BAJA CALIFORNIA,6,TECATE,,,,,DIP_LOC_RP,PAN_PRI_PRD,2,ROMAN COTA MUÑOZ,1,,PRI
1,2,BAJA CALIFORNIA,3,MEXICALI,,,,,DIP_LOC_RP,PAN_PRI_PRD,3,SANTA ALEJANDRINA CORRAL QUINTERO,2,,PAN
1,2,BAJA CALIFORNIA,11,TIJUANA,,,,,DIP_LOC_RP,PES,1,MARIA MONSERRAT RODRIGUEZ,2,,PES
1,2,BAJA CALIFORNIA,10,TIJUANA,,,,,DIP_LOC_RP,PES,2,MIGUEL PEÑA CHAVEZ,1,,PES
1,2,BAJA CALIFORNIA,12,TIJUANA,,,,,DIP_LOC_RP,PES,3,ROSA MARGARITA GARCIA ZAMARRIPA,2,,PES
1,2,BAJA CALIFORNIA,,,1,ENSENADA,,,PRES_MUN,PT_PVEM_MORENA,1,ARMANDO AYALA ROBLES,1,,MORENA
1,2,BAJA CALIFORNIA,,,1,ENSENADA,,,REG,PT_PVEM_MORENA,1,ARTABAN NOVOA VELAZQUEZ,1,,MORENA
1,2,BAJA CALIFORNIA,,,1,ENSENADA,,,REG,PT_PVEM_MORENA,2,MARIBEL MONTOYA ANGULO,2,,PT
1,2,BAJA CALIFORNIA,,,1,ENSENADA,,,REG,PT_PVEM_MORENA,3,CHRISTIAN HIRAM DUNNFITCH,1,,PT
1,2,BAJA CALIFORNIA,,,1,ENSENADA,,,REG,PT_PVEM_MORENA,4,TERESITA BERENICE ZEPEDA MONTES,2,,PVEM
1,2,BAJA CALIFORNIA,,,1,ENSENADA,,,REG,PT_PVEM_MORENA,5,SERGIO ALEJANDRO AYALA LAVEAGA,1,,MORENA
1,2,BAJA CALIFORNIA,,,1,ENSENADA,,,REG,PT_PVEM_MORENA,6,OLGA MARCELA VALDEZ MELGOZA,2,,MORENA
1,2,BAJA CALIFORNIA,,,1,ENSENADA,,,REG,PT_PVEM_MORENA,7,CRISTIAN ALFREDO GARCIA TARIN,1,,MORENA
1,2,BAJA CALIFORNIA,,,1,ENSENADA,,,REG_RP,PAN_PRI_PRD,1,BRENDA ARACELY VALENZUELA TORTOLEDO,2,,PAN
1,2,BAJA CALIFORNIA,,,1,ENSENADA,,,REG_RP,PAN_PRI_PRD,2,MARI ISABEL VILLARREAL CAMARENA,2,,PRI
1,2,BAJA CALIFORNIA,,,1,ENSENADA,,,REG_RP,MC,1,SANDRA ERICKA GONZALEZ PICKETT,2,,MC
1,2,BAJA CALIFORNIA,,,1,ENSENADA,,,REG_RP,PES,1,NORMA ANGELICA SILVA AGUIRRE,2,,PES
1,2,BAJA CALIFORNIA,,,1,ENSENADA,,,REG_RP,FXM,1,ALMA LORENA ANTUEZ GARCIA,2,,FXM
1,2,BAJA CALIFORNIA,,,1,ENSENADA,,,REG_RP,CAND_IND5,1,MIGUEL OREA SANTIAGO,1,,CAND_IND5
1,2,BAJA CALIFORNIA,,,2,MEXICALI,,,PRES_MUN,PT_PVEM_MORENA,1,NORMA ALICIA BUSTAMANTE MARTINEZ,2,,MORENA
1,2,BAJA CALIFORNIA,,,2,MEXICALI,,,REG,PT_PVEM_MORENA,1,JOSE RAMON LOPEZ HERNANDEZ,1,,MORENA
1,2,BAJA CALIFORNIA,,,2,MEXICALI,,,REG,PT_PVEM_MORENA,2,SUHEY ROCHA CORRALES,2,,MORENA
1,2,BAJA CALIFORNIA,,,2,MEXICALI,,,REG,PT_PVEM_MORENA,3,ENEYDA ELVIRA ESPINOZA ALVAREZ,2,,MORENA
1,2,BAJA CALIFORNIA,,,2,MEXICALI,,,REG,PT_PVEM_MORENA,4,ISAIAS MORALES FRANCISCO,1,,MORENA
1,2,BAJA CALIFORNIA,,,2,MEXICALI,,,REG,PT_PVEM_MORENA,5,CLEOTILDE MOLINA LOPEZ,2,,MORENA
1,2,BAJA CALIFORNIA,,,2,MEXICALI,,,REG,PT_PVEM_MORENA,6,JOSE MANUEL MARTINEZ SALOMON,1,,MORENA
1,2,BAJA CALIFORNIA,,,2,MEXICALI,,,REG,PT_PVEM_MORENA,7,TRINIDAD CASTILLO ORDUÑO,2,,MORENA
1,2,BAJA CALIFORNIA,,,2,MEXICALI,,,REG,PT_PVEM_MORENA,8,SERGIO TAMAI GARCIA,1,,MORENA
1,2,BAJA CALIFORNIA,,,2,MEXICALI,,,REG_RP,PAN_PRI_PRD,1,LUIS MANUEL MARTINEZ RAMIREZ,1,,PRI
1,2,BAJA CALIFORNIA,,,2,MEXICALI,,,REG_RP,PAN_PRI_PRD,2,EDEL DE LA ROSA ANAYA,1,,PAN
1,2,BAJA CALIFORNIA,,,2,MEXICALI,,,REG_RP,PAN_PRI_PRD,3,JOSE OSCAR VEGA MARIN,1,,PAN
1,2,BAJA CALIFORNIA,,,2,MEXICALI,,,REG_RP,PAN_PRI_PRD,4,VICTORIA EUGENIA GUERRERO URQUIDEZ,2,,PAN
1,2,BAJA CALIFORNIA,,,2,MEXICALI,,,REG_RP,PAN_PRI_PRD,5,MANUEL RUDECINDO GARCIA FONSECA,1,,PAN
1,2,BAJA CALIFORNIA,,,2,MEXICALI,,,REG_RP,MC,1,JOSE FRANCISCO BARRAZA CHIQUETE,1,,MC
1,2,BAJA CALIFORNIA,,,2,MEXICALI,,,REG_RP,CAND_IND4,1,YSMAEL RODRIGUEZ PEREZ,1,,CAND_IND4
1,2,BAJA CALIFORNIA,,,3,TECATE,,,PRES_MUN,PT_PVEM_MORENA,1,EDGAR DARIO BENITEZ RUIZ,1,,MORENA
1,2,BAJA CALIFORNIA,,,3,TECATE,,,REG,PT_PVEM_MORENA,1,JORGE ELIAS RODRIGUEZ VALDEZ,1,,MORENA
1,2,BAJA CALIFORNIA,,,3,TECATE,,,REG,PT_PVEM_MORENA,2,ROSALBA GABRIELA PEÑA DUARTE,2,,MORENA
1,2,BAJA CALIFORNIA,,,3,TECATE,,,REG,PT_PVEM_MORENA,3,SALVADOR HEREDIA CAMPOS,1,,MORENA
1,2,BAJA CALIFORNIA,,,3,TECATE,,,REG,PT_PVEM_MORENA,4,SARAHI OSUNA ARCE,2,,MORENA
1,2,BAJA CALIFORNIA,,,3,TECATE,,,REG,PT_PVEM_MORENA,5,JULIAN ALEJANDRO TAMEZ SALAS,1,,MORENA
1,2,BAJA CALIFORNIA,,,3,TECATE,,,REG_RP,PES,1,DANIELA CABALLERO GARCIGLIA,2,,PES
1,2,BAJA CALIFORNIA,,,3,TECATE,,,REG_RP,PAN_PRI_PRD,1,ZUREY CAZAREZ BOJORQUEZ,2,,PRI
1,2,BAJA CALIFORNIA,,,3,TECATE,,,REG_RP,CAND_IND1,1,KAROLINA FRAIJO VELAZQUEZ,2,,CAND_IND1
1,2,BAJA CALIFORNIA,,,3,TECATE,,,REG_RP,CAND_IND1,2,LUIS BARROSO AZCUAGA,1,,PAN
1,2,BAJA CALIFORNIA,,,3,TECATE,,,REG_RP,CAND_IND2,1,PEDRO JESUS TORRES SALAS,1,,CAND_IND2
1,2,BAJA CALIFORNIA,,,4,TIJUANA,,,PRES_MUN,PT_PVEM_MORENA,1,MONSERRAT CABALLERO RAMIREZ,2,,MORENA
1,2,BAJA CALIFORNIA,,,4,TIJUANA,,,REG,PT_PVEM_MORENA,1,ROGELIA ARZOLA SANTILLAN,2,,MORENA
1,2,BAJA CALIFORNIA,,,4,TIJUANA,,,REG,PT_PVEM_MORENA,2,ALEJANDRO CABRERA ACOSTA,1,,MORENA
1,2,BAJA CALIFORNIA,,,4,TIJUANA,,,REG,PT_PVEM_MORENA,3,MARISOL HERNANDEZ SOTELO,2,,PVEM
1,2,BAJA CALIFORNIA,,,4,TIJUANA,,,REG,PT_PVEM_MORENA,4,ELIGIO VALENCIA LOPEZ,1,,MORENA
1,2,BAJA CALIFORNIA,,,4,TIJUANA,,,REG,PT_PVEM_MORENA,5,CLAUDIA CASAS VALDES,2,,MORENA
1,2,BAJA CALIFORNIA,,,4,TIJUANA,,,REG,PT_PVEM_MORENA,6,OSCAR MANUEL MONTES DE OCA RODRIGUEZ,1,,MORENA
1,2,BAJA CALIFORNIA,,,4,TIJUANA,,,REG,PT_PVEM_MORENA,7,MONICA LUCERO VAZQUEZ AREVALO,2,,MORENA
1,2,BAJA CALIFORNIA,,,4,TIJUANA,,,REG,PT_PVEM_MORENA,8,JOSE REFUGIO CAÑADA GARCIA,1,,MORENA
1,2,BAJA CALIFORNIA,,,4,TIJUANA,,,REG_RP,PES,1,JUAN CARLOS HANK KRAUSS,1,,PES
1,2,BAJA CALIFORNIA,,,4,TIJUANA,,,REG_RP,PES,2,MIRIAM PATRICIA ECHEVERRIA GASTELUM,2,,PES
1,2,BAJA CALIFORNIA,,,4,TIJUANA,,,REG_RP,PES,3,EDGAR MONTIEL VELAZQUEZ,1,,PES
1,2,BAJA CALIFORNIA,,,4,TIJUANA,,,REG_RP,PAN_PRI_PRD,1,DAVID RUVALCABA FLORES,1,,PRI
1,2,BAJA CALIFORNIA,,,4,TIJUANA,,,REG_RP,PAN_PRI_PRD,2,GEORGINA ERENDIRA ARANA CRUZ,2,,PAN
1,2,BAJA CALIFORNIA,,,4,TIJUANA,,,REG_RP,PAN_PRI_PRD,3,ENRIQUE ANAYA MATA,1,,PAN
1,2,BAJA CALIFORNIA,,,4,TIJUANA,,,REG_RP,PAN_PRI_PRD,4,SANDRA BETSAIDA MAGAÑA RIOS,2,,PAN
1,2,BAJA CALIFORNIA,,,5,PLAYAS DE ROSARITO,,,PRES_MUN,PT_PVEM_MORENA,1,HILDA ARACELI BROWN FIGUEREDO,2,,MORENA
1,2,BAJA CALIFORNIA,,,5,PLAYAS DE ROSARITO,,,REG,PT_PVEM_MORENA,1,JOSE FELIX OCHOA MONTELONGO,1,,MORENA
1,2,BAJA CALIFORNIA,,,5,PLAYAS DE ROSARITO,,,REG,PT_PVEM_MORENA,2,STEPHANIE CELESTE ESQUIVEL ORTIZ,2,,MORENA
1,2,BAJA CALIFORNIA,,,5,PLAYAS DE ROSARITO,,,REG,PT_PVEM_MORENA,3,NORMA FERNANDA MONTOYA AGRAMONT,2,,MORENA
1,2,BAJA CALIFORNIA,,,5,PLAYAS DE ROSARITO,,,REG,PT_PVEM_MORENA,4,MIGUEL ANGEL MORENO AVILA,1,,MORENA
1,2,BAJA CALIFORNIA,,,5,PLAYAS DE ROSARITO,,,REG,PT_PVEM_MORENA,5,MARIA DE LOS ANGELESG OMEZ RAMOS,2,,MORENA
1,2,BAJA CALIFORNIA,,,5,PLAYAS DE ROSARITO,,,REG_RP,MC,1,SANDRA ROCIO JIMENEZ GUTIERREZ,2,,MC
1,2,BAJA CALIFORNIA,,,5,PLAYAS DE ROSARITO,,,REG_RP,PES,1,DALIA SALAZAR RUVALCABA,2,,PES
1,2,BAJA CALIFORNIA,,,5,PLAYAS DE ROSARITO,,,REG_RP,PAN_PRI_PRD,1,MARIA ANA MEDINA PEREZ,2,,PAN
1,2,BAJA CALIFORNIA,,,5,PLAYAS DE ROSARITO,,,REG_RP,CAND_IND3,1,SILVANO ABARCA MACKLIS,1,,CAND_IND3
1,2,BAJA CALIFORNIA,,,5,PLAYAS DE ROSARITO,,,REG_RP,CAND_IND3,2,KARELY GUADALUPE LEAL RAMOS,2,,CAND_IND3
