CIRCUNSCRIPCION,ID_ESTADO,NOMBRE_ESTADO,ID_DISTRITO_LOCAL,CABECERA_DISTRITAL_LOCAL,ID_MUNICIPIO,MUNICIPIO,ID_DEMARCACION_LOCAL,DEMARCACION_LOCAL,TIPO_DE_ELECCION,NOMBRE_PARTICIPANTE,NUMERO_LISTA,CANDIDATO,SEXO_CANDIDATO,RUTA_CONSTANCIA,PARTIDO
4,12,GUERRERO,,,,,,,GOB,MORENA,1,EVELYN CECIA SALGADO PINEDA,2,,MORENA
4,12,GUERRERO,1,CHILPANCINGO ,,,,,DIP_LOC_MR,MORENA,1,JESSICA IVETTE ALEJO RAYO,2,,MORENA
4,12,GUERRERO,2,CHILPANCINGO ,29,CHILPANCINGO DE LOS BRAVO,,,PRES_MUN,MORENA,1,NORMA OTILIA HERNANDEZ MARTINEZ,2,,MORENA
4,12,GUERRERO,2,CHILPANCINGO ,29,CHILPANCINGO DE LOS BRAVO,,,SIND,MORENA,1,ANDREI YASEF MARMOLEJO VALLE,1,,MORENA
4,12,GUERRERO,2,CHILPANCINGO ,29,CHILPANCINGO DE LOS BRAVO,,,SIND,MORENA,1,YASMIN ARRIAGA TORRES,2,,MORENA
4,12,GUERRERO,2,CHILPANCINGO ,29,CHILPANCINGO DE LOS BRAVO,,,REG,MORENA,1,RICARDO IVAN GALINDEZ DIAZ,1,,MORENA
4,12,GUERRERO,2,CHILPANCINGO ,29,CHILPANCINGO DE LOS BRAVO,,,REG,MORENA,2,LIZETH GUADALUPE CALVO SOBERANIS,2,,MORENA
4,12,GUERRERO,2,CHILPANCINGO ,29,CHILPANCINGO DE LOS BRAVO,,,REG,MORENA,3,JUAN VALENZO VILLANUEVA,1,,MORENA
4,12,GUERRERO,2,CHILPANCINGO ,29,CHILPANCINGO DE LOS BRAVO,,,REG,MORENA,4,CARMEN YAMILETH CASTILLO VALENZO,2,,MORENA
4,12,GUERRERO,2,CHILPANCINGO ,29,CHILPANCINGO DE LOS BRAVO,,,REG,MORENA,5,SAMIR DANIEL AVILA BONILLA,1,,MORENA
4,12,GUERRERO,2,CHILPANCINGO ,29,CHILPANCINGO DE LOS BRAVO,,,REG,MORENA,6,NESHME NATZALLETH AZAR CONTRERAS,2,,MORENA
4,12,GUERRERO,2,CHILPANCINGO ,29,CHILPANCINGO DE LOS BRAVO,,,REG,PRI,2,ANTONIO GUZMAN RUIZ,1,,PRI
4,12,GUERRERO,2,CHILPANCINGO ,29,CHILPANCINGO DE LOS BRAVO,,,REG,PRI,1,INES CAMARILLO BALCAZAR,2,,PRI
4,12,GUERRERO,2,CHILPANCINGO ,29,CHILPANCINGO DE LOS BRAVO,,,REG,PRI,3,GUADALUPE AGUILAR ALCOCER,2,,PRI
4,12,GUERRERO,2,CHILPANCINGO ,29,CHILPANCINGO DE LOS BRAVO,,,REG,PRD,2,JESUS RAUL SALGADO CARACHURE,1,,PRD
4,12,GUERRERO,2,CHILPANCINGO ,29,CHILPANCINGO DE LOS BRAVO,,,REG,PRD,1,MARIA DE LOS ANGELES VAZQUEZ PASTOR,2,,PRD
4,12,GUERRERO,2,CHILPANCINGO ,29,CHILPANCINGO DE LOS BRAVO,,,REG,PAN,1,REYNALDA PABLO DE LA CRUZ,2,,PAN
4,12,GUERRERO,2,CHILPANCINGO ,,,,,DIP_LOC_MR,MORENA,1,OSBALDO RIOS MANRIQUE,1,,MORENA
4,12,GUERRERO,3,ACAPULCO ,,,,,DIP_LOC_MR,MORENA,1,ESTRELLA DE LA PAZ BERNAL,2,,MORENA
4,12,GUERRERO,4,ACAPULCO ,1,ACAPULCO DE JUAREZ,,,PRES_MUN,MORENA,1,ABELINA LOPEZ RODRIGUEZ,2,,MORENA
4,12,GUERRERO,4,ACAPULCO ,1,ACAPULCO DE JUAREZ,,,SIND,MORENA,1,MIGUEL JAIMES RAMOS,1,,MORENA
4,12,GUERRERO,4,ACAPULCO ,1,ACAPULCO DE JUAREZ,,,SIND,MORENA,1,MARIA INES MENDOZA SANDOVAL,2,,MORENA
4,12,GUERRERO,4,ACAPULCO ,1,ACAPULCO DE JUAREZ,,,REG,MORENA,1,JONATHAN MARQUEZ AGUILAR,1,,MORENA
4,12,GUERRERO,4,ACAPULCO ,1,ACAPULCO DE JUAREZ,,,REG,MORENA,2,DAMARIS RUANO LUCENA,2,,MORENA
4,12,GUERRERO,4,ACAPULCO ,1,ACAPULCO DE JUAREZ,,,REG,MORENA,3,ILICH AUGUSTO LOZANO HERRERA,1,,MORENA
4,12,GUERRERO,4,ACAPULCO ,1,ACAPULCO DE JUAREZ,,,REG,MORENA,4,FLORA CONTRERAS SANTOS,2,,MORENA
4,12,GUERRERO,4,ACAPULCO ,1,ACAPULCO DE JUAREZ,,,REG,MORENA,5,JUAN SOLIS CALDERON,1,,MORENA
4,12,GUERRERO,4,ACAPULCO ,1,ACAPULCO DE JUAREZ,,,REG,MORENA,6,LAURA PATRICIA CABALLERO RODRIGUEZ,2,,MORENA
4,12,GUERRERO,4,ACAPULCO ,1,ACAPULCO DE JUAREZ,,,REG,MORENA,7,JOSE ANTONIO CARBAJAL MORENO,1,,MORENA
4,12,GUERRERO,4,ACAPULCO ,1,ACAPULCO DE JUAREZ,,,REG,MORENA,8,KANDY SALIMA SALAS DEL VALLE,2,,MORENA
4,12,GUERRERO,4,ACAPULCO ,1,ACAPULCO DE JUAREZ,,,REG,MORENA,9,PEDRO MANUEL VIGUERAS ESPINO,1,,MORENA
4,12,GUERRERO,4,ACAPULCO ,1,ACAPULCO DE JUAREZ,,,REG,MORENA,10,KARIME HIBETZ RENTERIA CATALAN,2,,MORENA
4,12,GUERRERO,4,ACAPULCO ,1,ACAPULCO DE JUAREZ,,,REG,PRI,2,RENE JUAREZ ALBARRAN,1,,PRI
4,12,GUERRERO,4,ACAPULCO ,1,ACAPULCO DE JUAREZ,,,REG,PRI,1,JEANETT VERGARA VALENCIA,2,,PRI
4,12,GUERRERO,4,ACAPULCO ,1,ACAPULCO DE JUAREZ,,,REG,PRI,4,MANUEL AÑORVE AGUAYO,1,,PRI
4,12,GUERRERO,4,ACAPULCO ,1,ACAPULCO DE JUAREZ,,,REG,PRI,3,JUDITH LUNA NAVA,2,,PRI
4,12,GUERRERO,4,ACAPULCO ,1,ACAPULCO DE JUAREZ,,,REG,PRI,6,GENARO VAZQUEZ FLORES,1,,PRI
4,12,GUERRERO,4,ACAPULCO ,1,ACAPULCO DE JUAREZ,,,REG,PRI,5,RICARDA ROBLES URIOSTE,2,,PRI
4,12,GUERRERO,4,ACAPULCO ,1,ACAPULCO DE JUAREZ,,,REG,PRI,7,JULY PELAEZ VICTORIANO,2,,PRI
4,12,GUERRERO,4,ACAPULCO ,1,ACAPULCO DE JUAREZ,,,REG,MC,1,BRENDA JAZMIN HERNANDEZ MARINO,2,,MC
4,12,GUERRERO,4,ACAPULCO ,1,ACAPULCO DE JUAREZ,,,REG,MC,2,JULIAN LOPEZ GALEANA,1,,MC
4,12,GUERRERO,4,ACAPULCO ,1,ACAPULCO DE JUAREZ,,,REG,PRD,1,HILDA SOFIA CORONA MIJANGOS,2,,PRD
4,12,GUERRERO,4,ACAPULCO ,,,,,DIP_LOC_MR,MORENA,1,GLORIA CITLALI CALIXTO JIMENEZ,2,,MORENA
4,12,GUERRERO,5,ACAPULCO ,,,,,DIP_LOC_MR,MORENA,1,BEATRIZ MOJICA MORGA,2,,MORENA
4,12,GUERRERO,6,ACAPULCO ,,,,,DIP_LOC_MR,MORENA,1,LETICIA CASTRO ORTIZ,2,,MORENA
4,12,GUERRERO,7,ACAPULCO ,,,,,DIP_LOC_MR,PRI_PRD,1,RICARDO ASTUDILLO CALVO,1,,PRI
4,12,GUERRERO,8,ACAPULCO ,21,COYUCA DE BENITEZ,,,PRES_MUN,MORENA,1,OSSIEL PACHECO SALAS,1,,MORENA
4,12,GUERRERO,8,ACAPULCO ,21,COYUCA DE BENITEZ,,,SIND,MORENA,1,ROMANA LEONARDO APOLONIO,2,,MORENA
4,12,GUERRERO,8,ACAPULCO ,21,COYUCA DE BENITEZ,,,REG,MORENA,1,JOSE DANTE RIOS VELASCO,1,,MORENA
4,12,GUERRERO,8,ACAPULCO ,21,COYUCA DE BENITEZ,,,REG,MORENA,2,INGRID CERON MORALES,2,,MORENA
4,12,GUERRERO,8,ACAPULCO ,21,COYUCA DE BENITEZ,,,REG,MORENA,3,AURELIO TERAN ALVARADO,1,,MORENA
4,12,GUERRERO,8,ACAPULCO ,21,COYUCA DE BENITEZ,,,REG,PRI,2,YULIANA ZAMORA PALACIOS,2,,PRI
4,12,GUERRERO,8,ACAPULCO ,21,COYUCA DE BENITEZ,,,REG,PRI,1,CESAR MIGUEL DE LOS SANTOS RIOS,1,,PRI
4,12,GUERRERO,8,ACAPULCO ,21,COYUCA DE BENITEZ,,,REG,PRD,2,CRUZ ROSALES GONZALEZ,2,,PRD
4,12,GUERRERO,8,ACAPULCO ,21,COYUCA DE BENITEZ,,,REG,PRD,1,MATEO TORRES MARICHE,1,,PRD
4,12,GUERRERO,8,ACAPULCO ,21,COYUCA DE BENITEZ,,,REG,RSP,2,NATIVIDAD GUADARRAMA REYEZ,2,,RSP
4,12,GUERRERO,8,ACAPULCO ,,,,,DIP_LOC_MR,MORENA,1,MARCO TULIO SANCHEZ ALARCON,1,,MORENA
4,12,GUERRERO,9,ACAPULCO ,,,,,DIP_LOC_MR,MORENA,1,JOAQUIN BADILLO ESCAMILLA,1,,MORENA
4,12,GUERRERO,10,TECPAN DE GALEANA,11,ATOYAC DE ALVAREZ,,,PRES_MUN,MORENA,1,CLARA ELIZABETH BELLO RIOS,2,,MORENA
4,12,GUERRERO,10,TECPAN DE GALEANA,11,ATOYAC DE ALVAREZ,,,SIND,MORENA,1,NOE JUAREZ ORTIZ,1,,MORENA
4,12,GUERRERO,10,TECPAN DE GALEANA,11,ATOYAC DE ALVAREZ,,,REG,MORENA,1,JUANA GUZMAN REYNA,2,,MORENA
4,12,GUERRERO,10,TECPAN DE GALEANA,11,ATOYAC DE ALVAREZ,,,REG,MORENA,2,NOE ALBERTO CUENCA PACHECO,1,,MORENA
4,12,GUERRERO,10,TECPAN DE GALEANA,11,ATOYAC DE ALVAREZ,,,REG,MORENA,3,MELANNY VELAZQUEZ SANCHEZ,2,,MORENA
4,12,GUERRERO,10,TECPAN DE GALEANA,11,ATOYAC DE ALVAREZ,,,REG,PES,1,LUIS FERNANDO TELLEZ BELLO,1,,PES
4,12,GUERRERO,10,TECPAN DE GALEANA,11,ATOYAC DE ALVAREZ,,,REG,PES,2,MARIEL CASTAÑOS PINEDA,2,,PES
4,12,GUERRERO,10,TECPAN DE GALEANA,11,ATOYAC DE ALVAREZ,,,REG,PRD,1,RAFAEL ALEJANDRO GARCIA SERRANO,1,,PRD
4,12,GUERRERO,10,TECPAN DE GALEANA,11,ATOYAC DE ALVAREZ,,,REG,PRI,1,LUCIO CARLOS GARCIA SALGADO,1,,PRI
4,12,GUERRERO,10,TECPAN DE GALEANA,11,ATOYAC DE ALVAREZ,,,REG,RSP,1,FELIPA DE JESUS GONZALEZ CISNEROS,2,,RSP
4,12,GUERRERO,10,TECPAN DE GALEANA,14,BENITO JUAREZ,,,PRES_MUN,MORENA,1,GLAFIRA MERAZA PRUDENTE,2,,MORENA
4,12,GUERRERO,10,TECPAN DE GALEANA,14,BENITO JUAREZ,,,SIND,MORENA,1,ADOLFO ALBERTO SOLIS MAGANDA,1,,MORENA
4,12,GUERRERO,10,TECPAN DE GALEANA,14,BENITO JUAREZ,,,REG,MORENA,1,JEICY ANAIS RIOS SERNA,2,,MORENA
4,12,GUERRERO,10,TECPAN DE GALEANA,14,BENITO JUAREZ,,,REG,MORENA,2,ALEJANDRO DE LA ROSA FUENTES,1,,MORENA
4,12,GUERRERO,10,TECPAN DE GALEANA,14,BENITO JUAREZ,,,REG,PVEM,1,EUSTORGIO GUADARRAMA RIPOLL,1,,PVEM
4,12,GUERRERO,10,TECPAN DE GALEANA,14,BENITO JUAREZ,,,REG,PAN,1,XOCHITL RODRIGUEZ GARCIA,2,,PAN
4,12,GUERRERO,10,TECPAN DE GALEANA,14,BENITO JUAREZ,,,REG,PRD,1,BENY SALIGAN NAVARRETE,2,,PRD
4,12,GUERRERO,10,TECPAN DE GALEANA,14,BENITO JUAREZ,,,REG,PRI,1,KARINA VANESSA GALEANA MORALES,2,,PRI
4,12,GUERRERO,10,TECPAN DE GALEANA,58,TECPAN DE GALEANA,,,PRES_MUN,PRI_PRD,1,JESUS YASIR DELOYA DIAZ,1,,PRD
4,12,GUERRERO,10,TECPAN DE GALEANA,58,TECPAN DE GALEANA,,,SIND,PRI_PRD,1,XOCHITL ESTRADA ABARCA,2,,PRD
4,12,GUERRERO,10,TECPAN DE GALEANA,58,TECPAN DE GALEANA,,,REG,PRD,1,MARTIN ANTONIO RIOS AYALA,1,,PRD
4,12,GUERRERO,10,TECPAN DE GALEANA,58,TECPAN DE GALEANA,,,REG,PRD,2,JACQUELINE BARBA GRANADOS,2,,PRD
4,12,GUERRERO,10,TECPAN DE GALEANA,58,TECPAN DE GALEANA,,,REG,PRD,3,JUVENAL ZARAGOZA GALEANA,1,,PRD
4,12,GUERRERO,10,TECPAN DE GALEANA,58,TECPAN DE GALEANA,,,REG,MORENA,2,VIRGINIA LOPEZ ESPINOZA,2,,MORENA
4,12,GUERRERO,10,TECPAN DE GALEANA,58,TECPAN DE GALEANA,,,REG,MORENA,1,ORBELIN MALDONADO ROMERO,1,,MORENA
4,12,GUERRERO,10,TECPAN DE GALEANA,58,TECPAN DE GALEANA,,,REG,MORENA,4,ROSA ELENA RADILLA RIVERA,2,,MORENA
4,12,GUERRERO,10,TECPAN DE GALEANA,58,TECPAN DE GALEANA,,,REG,PRI,1,FERNANDO DE LA ROSA GONZALEZ,1,,PRI
4,12,GUERRERO,10,TECPAN DE GALEANA,58,TECPAN DE GALEANA,,,REG,PVEM,2,OLINKA AYALA RODRIGUEZ,2,,PVEM
4,12,GUERRERO,10,TECPAN DE GALEANA,,,,,DIP_LOC_MR,MORENA,1,FORTUNATO HERNANDEZ CARBAJAL,1,,MORENA
4,12,GUERRERO,11,ZIHUATANEJO ,49,PETATLAN,,,PRES_MUN,PRI,1,PERFECTO JAVIER AGUILAR SILVA,1,,PRI
4,12,GUERRERO,11,ZIHUATANEJO ,49,PETATLAN,,,SIND,PRI,1,BERTHA DIAZ GARZON,2,,PRI
4,12,GUERRERO,11,ZIHUATANEJO ,49,PETATLAN,,,REG,PRI,1,MAX CASTRO CHAVEZ,1,,PRI
4,12,GUERRERO,11,ZIHUATANEJO ,49,PETATLAN,,,REG,PRI,2,ELENA IRASEMA OBREGON RODRIGUEZ,2,,PRI
4,12,GUERRERO,11,ZIHUATANEJO ,49,PETATLAN,,,REG,PRI,3,RAUL MACIEL ABARCA,1,,PRI
4,12,GUERRERO,11,ZIHUATANEJO ,49,PETATLAN,,,REG,PRI,4,MA. INES LANDEROS VIEYRA,2,,PRI
4,12,GUERRERO,11,ZIHUATANEJO ,49,PETATLAN,,,REG,MORENA,2,RAUL RUIZ VARGAS,1,,MORENA
4,12,GUERRERO,11,ZIHUATANEJO ,49,PETATLAN,,,REG,MORENA,1,CITLALLI MATEOS HERNANDEZ,2,,MORENA
4,12,GUERRERO,11,ZIHUATANEJO ,49,PETATLAN,,,REG,MORENA,4,TOMAS ABARCA RODRIGUEZ,1,,MORENA
4,12,GUERRERO,11,ZIHUATANEJO ,49,PETATLAN,,,REG,PRD,1,LILIA CABRERA NUÑEZ,2,,PRD
4,12,GUERRERO,11,ZIHUATANEJO ,,,,,DIP_LOC_MR,MORENA,1,CARLOS CRUZ LOPEZ,1,,MORENA
4,12,GUERRERO,12,ZIHUATANEJO ,16,COAHUAYUTLA DE JOSE MARIA IZAZAGA,,,PRES_MUN,MORENA,1,RAFAEL MARTINEZ RAMIREZ,1,,MORENA
4,12,GUERRERO,12,ZIHUATANEJO ,16,COAHUAYUTLA DE JOSE MARIA IZAZAGA,,,SIND,MORENA,1,ANGELICA HERNANDEZ HERNANDEZ,2,,MORENA
4,12,GUERRERO,12,ZIHUATANEJO ,16,COAHUAYUTLA DE JOSE MARIA IZAZAGA,,,REG,MORENA,1,PEDRO NICOLAS MARIN,1,,MORENA
4,12,GUERRERO,12,ZIHUATANEJO ,16,COAHUAYUTLA DE JOSE MARIA IZAZAGA,,,REG,MORENA,2,ELIZABETH PEÑALOZA ALEMAN,2,,MORENA
4,12,GUERRERO,12,ZIHUATANEJO ,16,COAHUAYUTLA DE JOSE MARIA IZAZAGA,,,REG,MORENA,3,ELOY FLORES AYALA,1,,MORENA
4,12,GUERRERO,12,ZIHUATANEJO ,16,COAHUAYUTLA DE JOSE MARIA IZAZAGA,,,REG,PVEM,1,ANARELY VILLANUEVA JUAREZ,2,,PVEM
4,12,GUERRERO,12,ZIHUATANEJO ,16,COAHUAYUTLA DE JOSE MARIA IZAZAGA,,,REG,PVEM,2,ELEAZAR MORENO AMBRIZ ,1,,PVEM
4,12,GUERRERO,12,ZIHUATANEJO ,16,COAHUAYUTLA DE JOSE MARIA IZAZAGA,,,REG,PVEM,3,BERNARDINA ESPINO ORNELAS,2,,PVEM
4,12,GUERRERO,12,ZIHUATANEJO ,69,LA UNION DE ISIDORO MONTES DE OCA,,,PRES_MUN,PRD,1,CRESCENCIO REYES TORRES,1,,PRD
4,12,GUERRERO,12,ZIHUATANEJO ,69,LA UNION DE ISIDORO MONTES DE OCA,,,SIND,PRD,1,NUBIA RODRIGUEZ GUIDO,2,,PRD
4,12,GUERRERO,12,ZIHUATANEJO ,69,LA UNION DE ISIDORO MONTES DE OCA,,,REG,PRD,1,CARLOS ALBERTO PLANCARTE SALGADO,1,,PRD
4,12,GUERRERO,12,ZIHUATANEJO ,69,LA UNION DE ISIDORO MONTES DE OCA,,,REG,PRD,2,ANGELICA MARIA NAVA VALDOVINOS,2,,PRD
4,12,GUERRERO,12,ZIHUATANEJO ,69,LA UNION DE ISIDORO MONTES DE OCA,,,REG,PRD,3,CARLOS IZAZAGA ZARCO,1,,PRD
4,12,GUERRERO,12,ZIHUATANEJO ,69,LA UNION DE ISIDORO MONTES DE OCA,,,REG,PRD,4,ZUMARA JOSELIN VALVERDE DIAZ,2,,PRD
4,12,GUERRERO,12,ZIHUATANEJO ,69,LA UNION DE ISIDORO MONTES DE OCA,,,REG,MORENA,2,CUAUTHEMOC ROSAS PEREZ,1,,MORENA
4,12,GUERRERO,12,ZIHUATANEJO ,69,LA UNION DE ISIDORO MONTES DE OCA,,,REG,MORENA,1,YANETH GUTIERREZ IZAZAGA,2,,MORENA
4,12,GUERRERO,12,ZIHUATANEJO ,69,LA UNION DE ISIDORO MONTES DE OCA,,,REG,MORENA,4,MARTIN CARACHURI BUENO,1,,MORENA
4,12,GUERRERO,12,ZIHUATANEJO ,69,LA UNION DE ISIDORO MONTES DE OCA,,,REG,MORENA,3,MICAELA GALEANA LOZANO,2,,MORENA
4,12,GUERRERO,12,ZIHUATANEJO ,39,ZIHUATANEJO DE AZUETA,,,PRES_MUN,PRI_PRD,1,JORGE SANCHEZ ALLEC,1,,PRI
4,12,GUERRERO,12,ZIHUATANEJO ,39,ZIHUATANEJO DE AZUETA,,,SIND,PRI_PRD,1,MARIA GUADALUPE GARCIA DAVID,2,,PRI
4,12,GUERRERO,12,ZIHUATANEJO ,39,ZIHUATANEJO DE AZUETA,,,SIND,PRI_PRD,1,ARTURO ARZETA SERNA,1,,PRD
4,12,GUERRERO,12,ZIHUATANEJO ,39,ZIHUATANEJO DE AZUETA,,,REG,PRI,1,OLANNI EUGENIA ALVAREZ PEREZ NEGRON,2,,PRI
4,12,GUERRERO,12,ZIHUATANEJO ,39,ZIHUATANEJO DE AZUETA,,,REG,PRI,2,JOSE JUAN MEDINA GALEANA,1,,PRI
4,12,GUERRERO,12,ZIHUATANEJO ,39,ZIHUATANEJO DE AZUETA,,,REG,PRI,3,SALUSTIA SANTANA ALFARO,2,,PRI
4,12,GUERRERO,12,ZIHUATANEJO ,39,ZIHUATANEJO DE AZUETA,,,REG,PRI,4,AMANDO VARGAS HERRERA,1,,PRI
4,12,GUERRERO,12,ZIHUATANEJO ,39,ZIHUATANEJO DE AZUETA,,,REG,PRI,5,ZILLA EUNICES SOLIS DELGADO,2,,PRI
4,12,GUERRERO,12,ZIHUATANEJO ,39,ZIHUATANEJO DE AZUETA,,,REG,MORENA,1,JOSE JESUS ESPINO MERCADO,1,,MORENA
4,12,GUERRERO,12,ZIHUATANEJO ,39,ZIHUATANEJO DE AZUETA,,,REG,MORENA,2,MARIA DE LA LUZ TORRES PALMA,2,,MORENA
4,12,GUERRERO,12,ZIHUATANEJO ,39,ZIHUATANEJO DE AZUETA,,,REG,MORENA,3,HECTOR FRANCISCO CHAVARRIA RODRIGUEZ,1,,MORENA
4,12,GUERRERO,12,ZIHUATANEJO ,39,ZIHUATANEJO DE AZUETA,,,REG,MORENA,4,ELIA BLANCO SANCHEZ,2,,MORENA
4,12,GUERRERO,12,ZIHUATANEJO ,39,ZIHUATANEJO DE AZUETA,,,REG,PRD,2,JESUS CHAVELAS CHAVELAS,1,,PRD
4,12,GUERRERO,12,ZIHUATANEJO ,39,ZIHUATANEJO DE AZUETA,,,REG,PES,1,REYNA TREJO AVILA,2,,PES
4,12,GUERRERO,12,ZIHUATANEJO ,39,ZIHUATANEJO DE AZUETA,,,REG,PT,1,VERONICA ARREAGA VALDOVINOS,2,,PT
4,12,GUERRERO,12,ZIHUATANEJO ,,,,,DIP_LOC_MR,PRI_PRD,1,CARLOS REYES TORRES,1,,PRD
4,12,GUERRERO,13,SAN MARCOS,40,JUAN R. ESCUDERO,,,PRES_MUN,PRI,1,DIANA CAROLINA COSTILLA VILLANUEVA ,2,,PRI
4,12,GUERRERO,13,SAN MARCOS,40,JUAN R. ESCUDERO,,,SIND,PRI,1,ARGENIS ALCARAZ MOSSO,1,,PRI
4,12,GUERRERO,13,SAN MARCOS,40,JUAN R. ESCUDERO,,,REG,PRI,1,MARILU RIVERA JIMENEZ,2,,PRI
4,12,GUERRERO,13,SAN MARCOS,40,JUAN R. ESCUDERO,,,REG,PRI,2,RENE SOTELO FIGUEROA,1,,PRI
4,12,GUERRERO,13,SAN MARCOS,40,JUAN R. ESCUDERO,,,REG,PRD,2,KAREN RAQUEL CEBALLOS LOAEZA,2,,PRD
4,12,GUERRERO,13,SAN MARCOS,40,JUAN R. ESCUDERO,,,REG,PRD,1,JOSE DANIEL FLORES DIAZ,1,,PRD
4,12,GUERRERO,13,SAN MARCOS,40,JUAN R. ESCUDERO,,,REG,PVEM,2,MARELI NAVARRETE ROSAS,2,,PVEM
4,12,GUERRERO,13,SAN MARCOS,40,JUAN R. ESCUDERO,,,REG,PVEM,1,GILBERTO LUNA URRUTIA,1,,PVEM
4,12,GUERRERO,13,SAN MARCOS,40,JUAN R. ESCUDERO,,,REG,MORENA,1,DIANA RODRIGUEZ DELOYA ,2,,MORENA
4,12,GUERRERO,13,SAN MARCOS,40,JUAN R. ESCUDERO,,,REG,PES,1,CRISTINA HERNANDEZ VARGAS,2,,PES
4,12,GUERRERO,13,SAN MARCOS,54,SAN MARCOS,,,PRES_MUN,PRD,1,TOMAS HERNANDEZ PALMA,1,,PRD
4,12,GUERRERO,13,SAN MARCOS,54,SAN MARCOS,,,SIND,PRD,1,YERALDINE BARRERA MORALES,2,,PRD
4,12,GUERRERO,13,SAN MARCOS,54,SAN MARCOS,,,REG,PRD,1,CARLOS LAMBERTO VILLANUEVA CUEVAS,1,,PRD
4,12,GUERRERO,13,SAN MARCOS,54,SAN MARCOS,,,REG,PRD,2,NANCI KARINA MORALES SIERRA,2,,PRD
4,12,GUERRERO,13,SAN MARCOS,54,SAN MARCOS,,,REG,PRI,1,BLADIMIR NEFTALI LOPEZ LORENZO,1,,PRI
4,12,GUERRERO,13,SAN MARCOS,54,SAN MARCOS,,,REG,PVEM,2,LETICIA CORTES VALENTE,2,,PVEM
4,12,GUERRERO,13,SAN MARCOS,54,SAN MARCOS,,,REG,MORENA,2,ADELIT BAILON PEREZ,1,,MORENA
4,12,GUERRERO,13,SAN MARCOS,54,SAN MARCOS,,,REG,PAN,2,BERENICE CASTELLANOS AGATON,2,,PAN
4,12,GUERRERO,13,SAN MARCOS,54,SAN MARCOS,,,REG,PT,1,JOSE LUIS SUASTEGUI NAVA,1,,PT
4,12,GUERRERO,13,SAN MARCOS,54,SAN MARCOS,,,REG,MC,2,CANDELARIA CASTRO APARICIO,2,,MC
4,12,GUERRERO,13,SAN MARCOS,57,TECOANAPA,,,PRES_MUN,PVEM,1,CARMEN LILIA CASTILLO AVILA,2,,PVEM
4,12,GUERRERO,13,SAN MARCOS,57,TECOANAPA,,,SIND,PVEM,1,CIRO GUTIERREZ GARCIA,1,,PVEM
4,12,GUERRERO,13,SAN MARCOS,57,TECOANAPA,,,REG,PVEM,1,CIRENIA SALOMON RAMON,2,,PVEM
4,12,GUERRERO,13,SAN MARCOS,57,TECOANAPA,,,REG,PVEM,2,JOEL RAMIREZ CHAVEZ,1,,PVEM
4,12,GUERRERO,13,SAN MARCOS,57,TECOANAPA,,,REG,PAN,2,NANCY TORNEZ MATILDES,2,,PAN
4,12,GUERRERO,13,SAN MARCOS,57,TECOANAPA,,,REG,PT,1,OSCAR CLEMENTE GARCIA ,1,,PT
4,12,GUERRERO,13,SAN MARCOS,57,TECOANAPA,,,REG,PRI,1,LETICIA YANET MUÑIZ RAMIREZ,2,,PRI
4,12,GUERRERO,13,SAN MARCOS,57,TECOANAPA,,,REG,PRD,1,JARED ESQUIVEL MORALES,1,,PRD
4,12,GUERRERO,13,SAN MARCOS,57,TECOANAPA,,,REG,PES,2,JOSEFINA MORA ZAMORA,2,,PES
4,12,GUERRERO,13,SAN MARCOS,57,TECOANAPA,,,REG,MORENA,1,CEFERINO ALEJANDRO CRUCILLO,1,,MORENA
4,12,GUERRERO,13,SAN MARCOS,,,,,DIP_LOC_MR,PT_PVEM,1,MANUEL QUIÑONEZ CORTES ,1,,PVEM
4,12,GUERRERO,14,AYUTLA DE LOS LIBRES,18,COPALA,,,PRES_MUN,PRD,1,GUADALUPE GARCIA VILLALVA,2,,PRD
4,12,GUERRERO,14,AYUTLA DE LOS LIBRES,18,COPALA,,,SIND,PRD,1,CESAR NAVARRO MAYO,1,,PRD
4,12,GUERRERO,14,AYUTLA DE LOS LIBRES,18,COPALA,,,REG,PRD,1,DENISSE ZARAGOZA CESPEDES,2,,PRD
4,12,GUERRERO,14,AYUTLA DE LOS LIBRES,18,COPALA,,,REG,PRD,2,SAMUEL MAGALLON APARICIO,1,,PRD
4,12,GUERRERO,14,AYUTLA DE LOS LIBRES,18,COPALA,,,REG,PRD,3,MARIANA CRISTELL TORNEZ AGUILAR,2,,PRD
4,12,GUERRERO,14,AYUTLA DE LOS LIBRES,18,COPALA,,,REG,PVEM,1,ADALID GUERRERO CORTES,1,,PVEM
4,12,GUERRERO,14,AYUTLA DE LOS LIBRES,18,COPALA,,,REG,PVEM,2,MELBA FRANCISCA CLEMENTE LARUMBE,2,,PVEM
4,12,GUERRERO,14,AYUTLA DE LOS LIBRES,18,COPALA,,,REG,MORENA,1,HEYDI SUASTEGUI APARICIO,2,,MORENA
4,12,GUERRERO,14,AYUTLA DE LOS LIBRES,25,CUAUTEPEC,,,PRES_MUN,PRD,1,CESAR IVAN PEREZVARGAS RIOS,1,,PRD
4,12,GUERRERO,14,AYUTLA DE LOS LIBRES,25,CUAUTEPEC,,,SIND,PRD,1,ARACELI JAVIER TORREBLANCA,2,,PRD
4,12,GUERRERO,14,AYUTLA DE LOS LIBRES,25,CUAUTEPEC,,,REG,PRD,1,NOE GARZON ESCUDERO,1,,PRD
4,12,GUERRERO,14,AYUTLA DE LOS LIBRES,25,CUAUTEPEC,,,REG,PRD,2,MARTHA BERNAL GARCIA,2,,PRD
4,12,GUERRERO,14,AYUTLA DE LOS LIBRES,25,CUAUTEPEC,,,REG,PRI,1,FELIX GALLEGOS TORREBLANCA,1,,PRI
4,12,GUERRERO,14,AYUTLA DE LOS LIBRES,25,CUAUTEPEC,,,REG,PES,1,FABIOLA FIGUEROA CESARIO ,2,,PES
4,12,GUERRERO,14,AYUTLA DE LOS LIBRES,25,CUAUTEPEC,,,REG,PVEM,1,ABRAHAM VILLA JUAREZ,1,,PVEM
4,12,GUERRERO,14,AYUTLA DE LOS LIBRES,25,CUAUTEPEC,,,REG,MORENA,2,DIANA ARELI ARIAS GUTIERREZ,2,,MORENA
4,12,GUERRERO,14,AYUTLA DE LOS LIBRES,31,FLORENCIO VILLARREAL,,,PRES_MUN,PRD,1,RODRIGO PAVON GALLARDO,1,,PRD
4,12,GUERRERO,14,AYUTLA DE LOS LIBRES,31,FLORENCIO VILLARREAL,,,SIND,PRD,1,ANA GLORIA PADUA CARMONA,2,,PRD
4,12,GUERRERO,14,AYUTLA DE LOS LIBRES,31,FLORENCIO VILLARREAL,,,REG,PRD,1,VISMAR MOLINA GUTIERREZ,1,,PRD
4,12,GUERRERO,14,AYUTLA DE LOS LIBRES,31,FLORENCIO VILLARREAL,,,REG,PRD,2,ALVARA FACTOR GENCHI,2,,PRD
4,12,GUERRERO,14,AYUTLA DE LOS LIBRES,31,FLORENCIO VILLARREAL,,,REG,MORENA,1,ANDRES PIZA PEREZ,1,,MORENA
4,12,GUERRERO,14,AYUTLA DE LOS LIBRES,31,FLORENCIO VILLARREAL,,,REG,MORENA,2,GLORIA ELENA LOURDES VARGAS ZAMORA,2,,MORENA
4,12,GUERRERO,14,AYUTLA DE LOS LIBRES,31,FLORENCIO VILLARREAL,,,REG,PRI,2,OMAR RAMOS SALINAS,1,,PRI
4,12,GUERRERO,14,AYUTLA DE LOS LIBRES,31,FLORENCIO VILLARREAL,,,REG,FXP,2,YESICA AÑORVE GALLARDO,2,,FXP
4,12,GUERRERO,14,AYUTLA DE LOS LIBRES,,,,,DIP_LOC_MR,PRI_PRD,1,OCIEL HUGAR GARCIA TRUJILLO,1,,PRD
4,12,GUERRERO,15,SAN LUIS ACATLAN,13,AZOYU,,,PRES_MUN,PRI_PRD,1,LUIS JUSTO BAUTISTA,1,,PRD
4,12,GUERRERO,15,SAN LUIS ACATLAN,13,AZOYU,,,SIND,PRI_PRD,1,BEATRIZ MARTINEZ MIRANDA,2,,PRD
4,12,GUERRERO,15,SAN LUIS ACATLAN,13,AZOYU,,,REG,PRI,1,FLORENCIO ARMANDO QUITERIO VARGAS,1,,PRI
4,12,GUERRERO,15,SAN LUIS ACATLAN,13,AZOYU,,,REG,PRI,2,KARINA SALAS MENDOZA,2,,PRI
4,12,GUERRERO,15,SAN LUIS ACATLAN,13,AZOYU,,,REG,PRI,3,FLORENCIO RAMIREZ SANTIAGO,1,,PRI
4,12,GUERRERO,15,SAN LUIS ACATLAN,13,AZOYU,,,REG,MORENA,1,CONSTANTINA RODRIGUEZ DONACIANO,2,,MORENA
4,12,GUERRERO,15,SAN LUIS ACATLAN,13,AZOYU,,,REG,MORENA,2,LUIS ALBERTO OLMEDO BENIGNO,1,,MORENA
4,12,GUERRERO,15,SAN LUIS ACATLAN,13,AZOYU,,,REG,PRD,2,ARELI JUSTO REYES,2,,PRD
4,12,GUERRERO,15,SAN LUIS ACATLAN,23,CUAJINICUILAPA,,,PRES_MUN,PVEM,1,EDGARDO MIGUEL PAZ ROJAS,1,,PVEM
4,12,GUERRERO,15,SAN LUIS ACATLAN,23,CUAJINICUILAPA,,,SIND,PVEM,1,TARSILA MOLINA GUZMAN,2,,PVEM
4,12,GUERRERO,15,SAN LUIS ACATLAN,23,CUAJINICUILAPA,,,REG,PVEM,1,ANDY IRRA AÑORVE,1,,PVEM
4,12,GUERRERO,15,SAN LUIS ACATLAN,23,CUAJINICUILAPA,,,REG,PVEM,2,YURIDIA NEREYDA CLAVEL PALMA,2,,PVEM
4,12,GUERRERO,15,SAN LUIS ACATLAN,23,CUAJINICUILAPA,,,REG,PVEM,3,IVAN DARIO JIMENEZ PITA,1,,PVEM
4,12,GUERRERO,15,SAN LUIS ACATLAN,23,CUAJINICUILAPA,,,REG,PRI,1,DOLORES ISABEL MARTINEZ GARCIA,2,,PRI
4,12,GUERRERO,15,SAN LUIS ACATLAN,23,CUAJINICUILAPA,,,REG,PRI,2,AMADEO TAPIA NAZARIO,1,,PRI
4,12,GUERRERO,15,SAN LUIS ACATLAN,23,CUAJINICUILAPA,,,REG,MC,2,HELADIA HERNANDEZ BRACAMONTES,2,,MC
4,12,GUERRERO,15,SAN LUIS ACATLAN,23,CUAJINICUILAPA,,,REG,MORENA,2,RAFAEL TRANI CASTELLANOS,1,,MORENA
4,12,GUERRERO,15,SAN LUIS ACATLAN,23,CUAJINICUILAPA,,,REG,PT,1,HIGINIA URVELINA GARCIA ARELLANES,2,,PT
4,12,GUERRERO,15,SAN LUIS ACATLAN,37,IGUALAPA,,,PRES_MUN,PRD,1,OMAR GONZALEZ ALVAREZ,1,,PRD
4,12,GUERRERO,15,SAN LUIS ACATLAN,37,IGUALAPA,,,SIND,PRD,1,ROSA ELVIS LEAL GUZMAN,2,,PRD
4,12,GUERRERO,15,SAN LUIS ACATLAN,37,IGUALAPA,,,REG,PRD,1,LUIS BAÑOS RODRIGUEZ,1,,PRD
4,12,GUERRERO,15,SAN LUIS ACATLAN,37,IGUALAPA,,,REG,PRD,2,MERCED DE JESUS GONZALEZ,2,,PRD
4,12,GUERRERO,15,SAN LUIS ACATLAN,37,IGUALAPA,,,REG,PVEM,1,NICOLAS MARTINEZ CAMACHO,1,,PVEM
4,12,GUERRERO,15,SAN LUIS ACATLAN,37,IGUALAPA,,,REG,PVEM,2,OLIVIA IBARRA GUZMAN,2,,PVEM
4,12,GUERRERO,15,SAN LUIS ACATLAN,37,IGUALAPA,,,REG,MORENA,1,SABAS CELESTINO MONTES,1,,MORENA
4,12,GUERRERO,15,SAN LUIS ACATLAN,37,IGUALAPA,,,REG,MORENA,2,RAFAELA AYALA HERNANDEZ,2,,MORENA
4,12,GUERRERO,15,SAN LUIS ACATLAN,81,JUCHITAN,,,PRES_MUN,PVEM,1,MIGUEL ANTONIO MOCTEZUMA FLORES,1,,PVEM
4,12,GUERRERO,15,SAN LUIS ACATLAN,81,JUCHITAN,,,SIND,PVEM,1,ANA CRISTAL CASANOVA PETATAN,2,,PVEM
4,12,GUERRERO,15,SAN LUIS ACATLAN,81,JUCHITAN,,,REG,PVEM,1,ANGEL RAMIREZ CORTEZ,1,,PVEM
4,12,GUERRERO,15,SAN LUIS ACATLAN,81,JUCHITAN,,,REG,PVEM,2,MARICELA MOCTEZUMA MIRANDA,2,,PVEM
4,12,GUERRERO,15,SAN LUIS ACATLAN,81,JUCHITAN,,,REG,PT,1,OMAR VAZQUEZ GALEANA,1,,PT
4,12,GUERRERO,15,SAN LUIS ACATLAN,81,JUCHITAN,,,REG,PT,2,YANETH MOCTEZUMA MORALES,2,,PT
4,12,GUERRERO,15,SAN LUIS ACATLAN,81,JUCHITAN,,,REG,PAN,1,EDER RAMIREZ NAVARRO,1,,PAN
4,12,GUERRERO,15,SAN LUIS ACATLAN,81,JUCHITAN,,,REG,MORENA,1,ANA MELI AGUILAR ZURITA,2,,MORENA
4,12,GUERRERO,15,SAN LUIS ACATLAN,80,MARQUELIA,,,PRES_MUN,PRI_PRD,1,LINCER CASIANO CLEMENTE,1,,PRD
4,12,GUERRERO,15,SAN LUIS ACATLAN,80,MARQUELIA,,,SIND,PRI_PRD,1,SELENE IRRA LOPEZ,2,,PRD
4,12,GUERRERO,15,SAN LUIS ACATLAN,80,MARQUELIA,,,REG,PRI,1,ANTONIO MENDEZ HERRERA,1,,PRI
4,12,GUERRERO,15,SAN LUIS ACATLAN,80,MARQUELIA,,,REG,PRI,2,ABIGAIL SANDOVAL HERNANDEZ,2,,PRI
4,12,GUERRERO,15,SAN LUIS ACATLAN,80,MARQUELIA,,,REG,PVEM,1,JOEL APREZA ROSENDO,1,,PVEM
4,12,GUERRERO,15,SAN LUIS ACATLAN,80,MARQUELIA,,,REG,MORENA,1,ERIKA HERNANDEZ HERNANDEZ,2,,MORENA
4,12,GUERRERO,15,SAN LUIS ACATLAN,80,MARQUELIA,,,REG,PRD,1,CARLOS ALBERTO ALVARADO GARZON,1,,PRD
4,12,GUERRERO,15,SAN LUIS ACATLAN,80,MARQUELIA,,,REG,PT,2,NELLY DIAZ SOLIS,2,,PT
4,12,GUERRERO,15,SAN LUIS ACATLAN,53,SAN LUIS ACATLAN,,,PRES_MUN,PT,1,ADAIR HERNANDEZ MARTINEZ,1,,PT
4,12,GUERRERO,15,SAN LUIS ACATLAN,53,SAN LUIS ACATLAN,,,SIND,PT,1,GILBERTA DOLORES GALVEZ,2,,PT
4,12,GUERRERO,15,SAN LUIS ACATLAN,53,SAN LUIS ACATLAN,,,REG,PT,1,SIMON GONZALEZ RODRIGUEZ,1,,PT
4,12,GUERRERO,15,SAN LUIS ACATLAN,53,SAN LUIS ACATLAN,,,REG,PT,2,GUADALUPE DE LA CRUZ MANZANO,2,,PT
4,12,GUERRERO,15,SAN LUIS ACATLAN,53,SAN LUIS ACATLAN,,,REG,PT,3,PRISCILIANO GARCIA CANDIDO,1,,PT
4,12,GUERRERO,15,SAN LUIS ACATLAN,53,SAN LUIS ACATLAN,,,REG,MORENA,2,YUMERLY IGNACIO NEJAPA,2,,MORENA
4,12,GUERRERO,15,SAN LUIS ACATLAN,53,SAN LUIS ACATLAN,,,REG,MORENA,1,ELIEZER LOPEZ RODRIGUEZ,1,,MORENA
4,12,GUERRERO,15,SAN LUIS ACATLAN,53,SAN LUIS ACATLAN,,,REG,PRI,1,ROSALIA ALBERTO ROSAS,2,,PRI
4,12,GUERRERO,15,SAN LUIS ACATLAN,53,SAN LUIS ACATLAN,,,REG,PRI,2,JOSE LUIS APREZA HERNANDEZ,1,,PRI
4,12,GUERRERO,15,SAN LUIS ACATLAN,53,SAN LUIS ACATLAN,,,REG,PRD,1,HERMINIA MARTINEZ SANTOS,2,,PRD
4,12,GUERRERO,15,SAN LUIS ACATLAN,,,,,DIP_LOC_MR,MORENA,1,JOSE EFREN LOPEZ CORTES,1,,MORENA
4,12,GUERRERO,16,OMETEPEC,47,OMETEPEC,,,PRES_MUN,PRI_PRD,1,EFREN ADAME MONTALVAN,1,,PRI
4,12,GUERRERO,16,OMETEPEC,47,OMETEPEC,,,SIND,PRI_PRD,1,DULCE MARIA ESPINOZA DOMINGUEZ,2,,PRI
4,12,GUERRERO,16,OMETEPEC,47,OMETEPEC,,,REG,PRI,1,FRANCISCO GONZALEZ LOPEZ,1,,PRI
4,12,GUERRERO,16,OMETEPEC,47,OMETEPEC,,,REG,PRI,2,EUSTASIA LORENZO GUADALUPE,2,,PRI
4,12,GUERRERO,16,OMETEPEC,47,OMETEPEC,,,REG,PRI,3,JAVIER GARCIA RAMIREZ,1,,PRI
4,12,GUERRERO,16,OMETEPEC,47,OMETEPEC,,,REG,PRI,4,SILVIA MOCTEZUMA GARCIA,2,,PRI
4,12,GUERRERO,16,OMETEPEC,47,OMETEPEC,,,REG,MORENA,1,ROBERTO IVAN DE LA CRUZ LOPEZ,1,,MORENA
4,12,GUERRERO,16,OMETEPEC,47,OMETEPEC,,,REG,MORENA,2,ORQUIDIA CLAUDIA BASILIO MELO,2,,MORENA
4,12,GUERRERO,16,OMETEPEC,47,OMETEPEC,,,REG,MORENA,3,NICOLAS HERRERA RUIZ,1,,MORENA
4,12,GUERRERO,16,OMETEPEC,47,OMETEPEC,,,REG,PT,2,ROSA DAMIAN NAVARRETE,2,,PT
4,12,GUERRERO,16,OMETEPEC,63,TLACOACHISTLAHUACA,,,PRES_MUN,PRD,1,YARETH SARAI PINEDA ARCE,2,,PRD
4,12,GUERRERO,16,OMETEPEC,63,TLACOACHISTLAHUACA,,,SIND,PRD,1,FELIX GUERRERO DOMINGUEZ,1,,PRD
4,12,GUERRERO,16,OMETEPEC,63,TLACOACHISTLAHUACA,,,REG,PRD,1,ROXANA CORONADO ANGEL,2,,PRD
4,12,GUERRERO,16,OMETEPEC,63,TLACOACHISTLAHUACA,,,REG,PVEM,1,LEONCIO VICTOR RAMOS BRITO,1,,PVEM
4,12,GUERRERO,16,OMETEPEC,63,TLACOACHISTLAHUACA,,,REG,PRI,2,ROMUALDA DE JESUS BRUNO,2,,PRI
4,12,GUERRERO,16,OMETEPEC,63,TLACOACHISTLAHUACA,,,REG,PT,1,ALVARO TELLES ZEFERINO,1,,PT
4,12,GUERRERO,16,OMETEPEC,63,TLACOACHISTLAHUACA,,,REG,MORENA,2,YOLANDA CRUZ MOSSO,2,,MORENA
4,12,GUERRERO,16,OMETEPEC,63,TLACOACHISTLAHUACA,,,REG,PAN,1,ABRAHAM IGNACIO LOPEZ,1,,PAN
4,12,GUERRERO,16,OMETEPEC,72,XOCHISTLAHUACA,,,PRES_MUN,PRI,1,ACEADETH ROCHA RAMIREZ,2,,PRI
4,12,GUERRERO,16,OMETEPEC,72,XOCHISTLAHUACA,,,SIND,PRI,1,FERMIN MARTINEZ DE JESUS,1,,PRI
4,12,GUERRERO,16,OMETEPEC,72,XOCHISTLAHUACA,,,REG,PRI,1,DELFINA ZEPEDA SANTIAGO,2,,PRI
4,12,GUERRERO,16,OMETEPEC,72,XOCHISTLAHUACA,,,REG,PRI,2,SAMUEL LOPEZ EVARISTO,1,,PRI
4,12,GUERRERO,16,OMETEPEC,72,XOCHISTLAHUACA,,,REG,PRI,3,VIRGINIA VAZQUEZ CONCEPCION,2,,PRI
4,12,GUERRERO,16,OMETEPEC,72,XOCHISTLAHUACA,,,REG,PT,1,JOSE LUIS ROCHA RAMIREZ,1,,PT
4,12,GUERRERO,16,OMETEPEC,72,XOCHISTLAHUACA,,,REG,PT,2,CECILIA ONOFRE DE JESUS,2,,PT
4,12,GUERRERO,16,OMETEPEC,72,XOCHISTLAHUACA,,,REG,MORENA,1,EMILIANO MENDOZA CRUZ,1,,MORENA
4,12,GUERRERO,16,OMETEPEC,72,XOCHISTLAHUACA,,,REG,MORENA,2,BERTINA CRISOSTOMO LIBRADA,2,,MORENA
4,12,GUERRERO,16,OMETEPEC,72,XOCHISTLAHUACA,,,REG,PES,1,CARLOS LOPEZ HERNANDEZ,1,,PES
4,12,GUERRERO,16,OMETEPEC,,,,,DIP_LOC_MR,PRI_PRD,1,RAFAEL NAVARRETE QUEZADA,1,,PRI
4,12,GUERRERO,17,COYUCA ,3,AJUCHITLAN DEL PROGRESO,,,PRES_MUN,PRI,1,VICTOR HUGO VEGA HERNANDEZ,1,,PRI
4,12,GUERRERO,17,COYUCA ,3,AJUCHITLAN DEL PROGRESO,,,SIND,PRI,1,CLAUDIA BERNABE ANGEL,2,,PRI
4,12,GUERRERO,17,COYUCA ,3,AJUCHITLAN DEL PROGRESO,,,REG,PRI,1,RIGOBERTO AGUIRRE CATALAN,1,,PRI
4,12,GUERRERO,17,COYUCA ,3,AJUCHITLAN DEL PROGRESO,,,REG,PRI,2,ROSA RAYO LEON,2,,PRI
4,12,GUERRERO,17,COYUCA ,3,AJUCHITLAN DEL PROGRESO,,,REG,PRI,3,J. REMEDIOS LUCAS GOMEZ,1,,PRI
4,12,GUERRERO,17,COYUCA ,3,AJUCHITLAN DEL PROGRESO,,,REG,PRI,4,MA. MAGALI COLIMA FLORES,2,,PRI
4,12,GUERRERO,17,COYUCA ,3,AJUCHITLAN DEL PROGRESO,,,REG,MORENA,2,ALVARO NAVARRETE BAILON,1,,MORENA
4,12,GUERRERO,17,COYUCA ,3,AJUCHITLAN DEL PROGRESO,,,REG,MORENA,1,ANABEL LEYVA SERAFIN,2,,MORENA
4,12,GUERRERO,17,COYUCA ,3,AJUCHITLAN DEL PROGRESO,,,REG,MORENA,4,HERMINIO ITURRALDE SARFIN,1,,MORENA
4,12,GUERRERO,17,COYUCA ,3,AJUCHITLAN DEL PROGRESO,,,REG,MORENA,3,MA. DEL ROSARIO VALENCIA ESTRADA,2,,MORENA
4,12,GUERRERO,17,COYUCA ,22,COYUCA DE CATALAN,,,PRES_MUN,PRI_PRD,1,EUSEBIO ECHEVERRIA TABARES,1,,PRD
4,12,GUERRERO,17,COYUCA ,22,COYUCA DE CATALAN,,,SIND,PRI_PRD,1,ADRIANA CHAVEZ MERCADO,2,,PRD
4,12,GUERRERO,17,COYUCA ,22,COYUCA DE CATALAN,,,REG,PRD,1,IGNACIO DIAZ ROMAN,1,,PRD
4,12,GUERRERO,17,COYUCA ,22,COYUCA DE CATALAN,,,REG,PRD,2,BRIANDA HIGUERA VALLE,2,,PRD
4,12,GUERRERO,17,COYUCA ,22,COYUCA DE CATALAN,,,REG,PRD,3,ALFREDO VALENZUELA MENDOZA,1,,PRD
4,12,GUERRERO,17,COYUCA ,22,COYUCA DE CATALAN,,,REG,PRD,4,ALBA NELLY VELAZQUEZ VAZQUEZ,2,,PRD
4,12,GUERRERO,17,COYUCA ,22,COYUCA DE CATALAN,,,REG,MORENA,1,MICHEL HIGUERA IBARRA,1,,MORENA
4,12,GUERRERO,17,COYUCA ,22,COYUCA DE CATALAN,,,REG,MORENA,2,VANIA REYES MEDRANO,2,,MORENA
4,12,GUERRERO,17,COYUCA ,22,COYUCA DE CATALAN,,,REG,PRI,1,MARTIN PINEDA CAMACHO,1,,PRI
4,12,GUERRERO,17,COYUCA ,22,COYUCA DE CATALAN,,,REG,PRI,2,MARILU ARROYO LEON,2,,PRI
4,12,GUERRERO,17,COYUCA ,55,SAN MIGUEL TOTOLAPAN,,,PRES_MUN,PRD,1,CONRADO MENDOZA ALMEDA,1,,PRD
4,12,GUERRERO,17,COYUCA ,55,SAN MIGUEL TOTOLAPAN,,,SIND,PRD,1,MARIA ELENA BARRAGAN URIOSTEGUI,2,,PRD
4,12,GUERRERO,17,COYUCA ,55,SAN MIGUEL TOTOLAPAN,,,REG,PRD,1,FELIPE SALGADO CANO,1,,PRD
4,12,GUERRERO,17,COYUCA ,55,SAN MIGUEL TOTOLAPAN,,,REG,PRD,2,MAYRA LIZBETH CORONA MERCADO,2,,PRD
4,12,GUERRERO,17,COYUCA ,55,SAN MIGUEL TOTOLAPAN,,,REG,PRD,3,MAURO URIOSO NAJERA,1,,PRD
4,12,GUERRERO,17,COYUCA ,55,SAN MIGUEL TOTOLAPAN,,,REG,MORENA,1,ESMERALDA GARDUÑO MARTINEZ,2,,MORENA
4,12,GUERRERO,17,COYUCA ,55,SAN MIGUEL TOTOLAPAN,,,REG,MORENA,2,LUIS ANTONIO CATALAN PALACIOS,1,,MORENA
4,12,GUERRERO,17,COYUCA ,55,SAN MIGUEL TOTOLAPAN,,,REG,PAN,2,MARIA ALLUQUI COLARTE ALARCON,2,,PAN
4,12,GUERRERO,17,COYUCA ,74,ZIRANDARO,,,PRES_MUN,MORENA,1,TANIA GUADALUPE PACHECO DUARTE,2,,MORENA
4,12,GUERRERO,17,COYUCA ,74,ZIRANDARO,,,SIND,MORENA,1,FELIPE PEÑALOZA BRAVO,1,,MORENA
4,12,GUERRERO,17,COYUCA ,74,ZIRANDARO,,,REG,MORENA,1,MICHELLE CARDENAS QUINTANA,2,,MORENA
4,12,GUERRERO,17,COYUCA ,74,ZIRANDARO,,,REG,MORENA,2,JOSE LUIS ALCARAZ GARCIA,1,,MORENA
4,12,GUERRERO,17,COYUCA ,74,ZIRANDARO,,,REG,MORENA,3,GESLIE YERENIA ISLAS MENDOZA,2,,MORENA
4,12,GUERRERO,17,COYUCA ,74,ZIRANDARO,,,REG,PRI,1,AMANDO RAMIREZ URROSQUIETA,1,,PRI
4,12,GUERRERO,17,COYUCA ,74,ZIRANDARO,,,REG,PRI,2,DENISSE GARCIA LOPEZ,2,,PRI
4,12,GUERRERO,17,COYUCA ,74,ZIRANDARO,,,REG,PRD,1,ALBERTO ESPINOZA AGUILAR,1,,PRD
4,12,GUERRERO,17,COYUCA ,,,,,DIP_LOC_MR,PRI_PRD,1,ELZY CAMACHO PINEDA,2,,PRD
4,12,GUERRERO,18,CD ALTAMIRANO,7,ARCELIA,,,PRES_MUN,PRI,1,BULMARO TORRES BERRUM,1,,PRI
4,12,GUERRERO,18,CD ALTAMIRANO,7,ARCELIA,,,SIND,PRI,1,KENIA TORRES VERASTEGUI,2,,PRI
4,12,GUERRERO,18,CD ALTAMIRANO,7,ARCELIA,,,REG,PRI,1,TAURINO VAZQUEZ TELIZ,1,,PRI
4,12,GUERRERO,18,CD ALTAMIRANO,7,ARCELIA,,,REG,PRI,2,PERLA CAROLINA JAIMES ECHEVERRIA,2,,PRI
4,12,GUERRERO,18,CD ALTAMIRANO,7,ARCELIA,,,REG,PRI,3,MANUEL SALGADO DIAZ,1,,PRI
4,12,GUERRERO,18,CD ALTAMIRANO,7,ARCELIA,,,REG,PRI,4,MODESTA MARTINEZ QUIÑONES,2,,PRI
4,12,GUERRERO,18,CD ALTAMIRANO,7,ARCELIA,,,REG,MORENA,2,PROCORO FLORES URIOSTEGUI,1,,MORENA
4,12,GUERRERO,18,CD ALTAMIRANO,7,ARCELIA,,,REG,MORENA,1,ROCIO CUEVAS MIRANDA,2,,MORENA
4,12,GUERRERO,18,CD ALTAMIRANO,7,ARCELIA,,,REG,MORENA,4,DENILSON ELI DE LA ROSA DE LA CRUZ,1,,MORENA
4,12,GUERRERO,18,CD ALTAMIRANO,7,ARCELIA,,,REG,MORENA,3,ELIDA ELIZABETH ASCENCIO ROQUE,2,,MORENA
4,12,GUERRERO,18,CD ALTAMIRANO,27,CUTZAMALA DE PINZON,,,PRES_MUN,PRI,1,ROSA JAIMES LOPEZ,2,,PRI
4,12,GUERRERO,18,CD ALTAMIRANO,27,CUTZAMALA DE PINZON,,,SIND,PRI,1,JOSE ALFREDO VILLALOBOS PEREZ,1,,PRI
4,12,GUERRERO,18,CD ALTAMIRANO,27,CUTZAMALA DE PINZON,,,REG,PRI,1,MARIA LUISA MACEDO VILLA,2,,PRI
4,12,GUERRERO,18,CD ALTAMIRANO,27,CUTZAMALA DE PINZON,,,REG,PRI,2,JOSE ALFREDO BARAJAS MADRIGAL,1,,PRI
4,12,GUERRERO,18,CD ALTAMIRANO,27,CUTZAMALA DE PINZON,,,REG,PRI,3,JESELI RODRIGUEZ BUSTOS,2,,PRI
4,12,GUERRERO,18,CD ALTAMIRANO,27,CUTZAMALA DE PINZON,,,REG,MC,2,WILFREDO MUÑOZ CARDOSO,1,,MC
4,12,GUERRERO,18,CD ALTAMIRANO,27,CUTZAMALA DE PINZON,,,REG,MC,1,FLOR DE NOVA ALVARADO,2,,MC
4,12,GUERRERO,18,CD ALTAMIRANO,27,CUTZAMALA DE PINZON,,,REG,MORENA,1,ABEL BENITEZ FLORES,1,,MORENA
4,12,GUERRERO,18,CD ALTAMIRANO,51,PUNGARABATO,,,PRES_MUN,PRI,1,CUAUHTEMOC MASTACHI AGUARIA,1,,PRI
4,12,GUERRERO,18,CD ALTAMIRANO,51,PUNGARABATO,,,SIND,PRI,1,SACURAK ERIZA PINEDA,2,,PRI
4,12,GUERRERO,18,CD ALTAMIRANO,51,PUNGARABATO,,,REG,PRI,1,HUMBERTO SANDOVAL PALACIOS,1,,PRI
4,12,GUERRERO,18,CD ALTAMIRANO,51,PUNGARABATO,,,REG,PRI,2,YAJAIRA CITLAY ARRELLANO CHAVEZ,2,,PRI
4,12,GUERRERO,18,CD ALTAMIRANO,51,PUNGARABATO,,,REG,PRI,3,ARMANDO CABRERA VILLELA,1,,PRI
4,12,GUERRERO,18,CD ALTAMIRANO,51,PUNGARABATO,,,REG,PRI,4,CARIME DURAN AGUILAR,2,,PRI
4,12,GUERRERO,18,CD ALTAMIRANO,51,PUNGARABATO,,,REG,MORENA,2,ARTURO DE JAIN IGLESIAS SANTAMARIA,1,,MORENA
4,12,GUERRERO,18,CD ALTAMIRANO,51,PUNGARABATO,,,REG,MORENA,1,REYNA BURGOS CASTRO,2,,MORENA
4,12,GUERRERO,18,CD ALTAMIRANO,51,PUNGARABATO,,,REG,MORENA,4,ROGER PINEDA SANTANA,1,,MORENA
4,12,GUERRERO,18,CD ALTAMIRANO,51,PUNGARABATO,,,REG,MORENA,3,VERONICA CASTILLO MALDONADO,2,,MORENA
4,12,GUERRERO,18,CD ALTAMIRANO,65,TLALCHAPA,,,PRES_MUN,MORENA,1,TANIA MORA EGUILUZ,2,,MORENA
4,12,GUERRERO,18,CD ALTAMIRANO,65,TLALCHAPA,,,SIND,MORENA,1,ROGELIO PEREZ JAIMES,1,,MORENA
4,12,GUERRERO,18,CD ALTAMIRANO,65,TLALCHAPA,,,REG,MORENA,1,TAHLIA BAUTISTA DIAZ,2,,MORENA
4,12,GUERRERO,18,CD ALTAMIRANO,65,TLALCHAPA,,,REG,MORENA,2,RAFAEL OROZCO HERNANDEZ,1,,MORENA
4,12,GUERRERO,18,CD ALTAMIRANO,65,TLALCHAPA,,,REG,MORENA,3,ELIA MORALES DE LA PAZ,2,,MORENA
4,12,GUERRERO,18,CD ALTAMIRANO,65,TLALCHAPA,,,REG,PRI,2,ALEJANDRO REYNOSO SOÑANES,1,,PRI
4,12,GUERRERO,18,CD ALTAMIRANO,65,TLALCHAPA,,,REG,PRI,1,MIREYA ROSALES AGUILAR,2,,PRI
4,12,GUERRERO,18,CD ALTAMIRANO,68,TLAPEHUALA,,,PRES_MUN,PRI,1,JOSE LUIS ANTUNEZ GOICOCHEA,1,,PRI
4,12,GUERRERO,18,CD ALTAMIRANO,68,TLAPEHUALA,,,SIND,PRI,1,MARTINA AVILA PALACIOS,2,,PRI
4,12,GUERRERO,18,CD ALTAMIRANO,68,TLAPEHUALA,,,REG,PRI,1,ARMANDO CAYETANO MEDINA,1,,PRI
4,12,GUERRERO,18,CD ALTAMIRANO,68,TLAPEHUALA,,,REG,PRI,2,RUBICELA CHAMU MARQUES,2,,PRI
4,12,GUERRERO,18,CD ALTAMIRANO,68,TLAPEHUALA,,,REG,PRI,3,NELSON ENRIQUE FLORES LUCIANO,1,,PRI
4,12,GUERRERO,18,CD ALTAMIRANO,68,TLAPEHUALA,,,REG,MORENA,2,MA. ARACELI GALINDREZ BARCENAS,2,,MORENA
4,12,GUERRERO,18,CD ALTAMIRANO,68,TLAPEHUALA,,,REG,MORENA,1,EUSEBIO ROJAS NAVARRO,1,,MORENA
4,12,GUERRERO,18,CD ALTAMIRANO,68,TLAPEHUALA,,,REG,MORENA,4,ANGELA OSILVO MEDINA,2,,MORENA
4,12,GUERRERO,18,CD ALTAMIRANO,,,,,DIP_LOC_MR,PRI_PRD,1,ADOLFO TORALES CATALAN,1,,PRI
4,12,GUERRERO,19,ZUMPANGO DEL RIO,30,EDUARDO NERI,,,PRES_MUN,PT,1,SARA SALINAS BRAVO,2,,PT
4,12,GUERRERO,19,ZUMPANGO DEL RIO,30,EDUARDO NERI,,,SIND,PT,1,JOSE LUIS RENDON CASTAÑON,1,,PT
4,12,GUERRERO,19,ZUMPANGO DEL RIO,30,EDUARDO NERI,,,REG,PT,1,GUADALUPE CASTILLO ALONSO,2,,PT
4,12,GUERRERO,19,ZUMPANGO DEL RIO,30,EDUARDO NERI,,,REG,PT,2, FELIPE ALVEAR ADAME,1,,PT
4,12,GUERRERO,19,ZUMPANGO DEL RIO,30,EDUARDO NERI,,,REG,PT,3,DIANA ALEJANDRA ENCARNACION ANZUREZ,2,,PT
4,12,GUERRERO,19,ZUMPANGO DEL RIO,30,EDUARDO NERI,,,REG,MORENA,2,LORENZO SANCHEZ REYNA,1,,MORENA
4,12,GUERRERO,19,ZUMPANGO DEL RIO,30,EDUARDO NERI,,,REG,MORENA,1,FATIMA VAZQUEZ ROSALES,2,,MORENA
4,12,GUERRERO,19,ZUMPANGO DEL RIO,30,EDUARDO NERI,,,REG,PRD,1,JOSE LUIS SANCHEZ GOYTIA,1,,PRD
4,12,GUERRERO,19,ZUMPANGO DEL RIO,30,EDUARDO NERI,,,REG,PRD,2,NORMA ALARCON BARCENAS,2,,PRD
4,12,GUERRERO,19,ZUMPANGO DEL RIO,30,EDUARDO NERI,,,REG,PRI,1,FRANCISCO JAVIER ADAME VAZQUEZ,1,,PRI
4,12,GUERRERO,19,ZUMPANGO DEL RIO,33,GENERAL HELIODORO CASTILLO,,,PRES_MUN,PRI,1,SERAFIN HERNANDEZ LANDA,1,,PRI
4,12,GUERRERO,19,ZUMPANGO DEL RIO,33,GENERAL HELIODORO CASTILLO,,,SIND,PRI,1,YESENIA ARLETT NAVA CASTILLO,2,,PRI
4,12,GUERRERO,19,ZUMPANGO DEL RIO,33,GENERAL HELIODORO CASTILLO,,,REG,PRI,1,ALFREDO CASTORENA SOLANO,1,,PRI
4,12,GUERRERO,19,ZUMPANGO DEL RIO,33,GENERAL HELIODORO CASTILLO,,,REG,PRI,2,MARGARITA HERNANDEZ TRUJILLO,2,,PRI
4,12,GUERRERO,19,ZUMPANGO DEL RIO,33,GENERAL HELIODORO CASTILLO,,,REG,PRI,3,ALBERTO RODRIGUEZ BAHENA,1,,PRI
4,12,GUERRERO,19,ZUMPANGO DEL RIO,33,GENERAL HELIODORO CASTILLO,,,REG,PRI,4,ANGELICA RONCES NAVA,2,,PRI
4,12,GUERRERO,19,ZUMPANGO DEL RIO,33,GENERAL HELIODORO CASTILLO,,,REG,MORENA,2,EFRAIN MARCELO SANCHEZ,1,,MORENA
4,12,GUERRERO,19,ZUMPANGO DEL RIO,33,GENERAL HELIODORO CASTILLO,,,REG,MORENA,1,GABRIELA BRITO MOLINA,2,,MORENA
4,12,GUERRERO,19,ZUMPANGO DEL RIO,33,GENERAL HELIODORO CASTILLO,,,REG,MC,1,EDGAR ETZAEL CIENFUEGOS REYNA,1,,MC
4,12,GUERRERO,19,ZUMPANGO DEL RIO,33,GENERAL HELIODORO CASTILLO,,,REG,MC,2,MARIA DEL CARMEN GUEVARA ESPINOSA,2,,MC
4,12,GUERRERO,19,ZUMPANGO DEL RIO,41,LEONARDO BRAVO,,,PRES_MUN,PAN,1,JORGE SAUL VILLA ADAME,1,,PAN
4,12,GUERRERO,19,ZUMPANGO DEL RIO,41,LEONARDO BRAVO,,,SIND,PAN,1,SARAI JIMENEZ DIAZ,2,,PAN
4,12,GUERRERO,19,ZUMPANGO DEL RIO,41,LEONARDO BRAVO,,,REG,PAN,1,OSCAR LOPEZ AGUILAR,1,,PAN
4,12,GUERRERO,19,ZUMPANGO DEL RIO,41,LEONARDO BRAVO,,,REG,PAN,2,MARISOL ALARCON SANTOS,2,,PAN
4,12,GUERRERO,19,ZUMPANGO DEL RIO,41,LEONARDO BRAVO,,,REG,PAN,3,JOSE CONCEPCION NAVARRETE ALONSO,1,,PAN
4,12,GUERRERO,19,ZUMPANGO DEL RIO,41,LEONARDO BRAVO,,,REG,PAN,4,MARIA ALONDRA MARINO ROMERO,2,,PAN
4,12,GUERRERO,19,ZUMPANGO DEL RIO,41,LEONARDO BRAVO,,,REG,PRI,2,MIGUEL ANGEL ADAME ORTIZ,1,,PRI
,,,19,ZUMPANGO DEL RIO,41,LEONARDO BRAVO,,,REG,PRI,1,SARAHI MALDONADO NAVA,2,,PRI
,,,19,ZUMPANGO DEL RIO,41,LEONARDO BRAVO,,,REG,MORENA,2,ARMANDO TINOCO MORALES,1,,MORENA
4,12,GUERRERO,19,ZUMPANGO DEL RIO,41,LEONARDO BRAVO,,,REG,MORENA,1,VIVIAN CATHARIN DIAZ AVILA,2,,MORENA
4,12,GUERRERO,19,ZUMPANGO DEL RIO,,,,,DIP_LOC_MR,PRI_PRD,1,OLAGUER HERNANDEZ FLORES,1,,PRI
4,12,GUERRERO,20,TELOLOAPAN,6,APAXTLA,,,PRES_MUN,MC,1,DAVID MANJARREZ MIRANDA,1,,MC
4,12,GUERRERO,20,TELOLOAPAN,6,APAXTLA DE CASTREJON,,,SIND,MC,1,CRISTINA PINEDA MIRANDA,2,,MC
4,12,GUERRERO,20,TELOLOAPAN,6,APAXTLA,,,REG,MC,1,MATEO OCAMPO CUEVAS,1,,MC
4,12,GUERRERO,20,TELOLOAPAN,6,APAXTLA,,,REG,MC,2,XOCHITL QUETZALY FIGUEROA LAGUNAS,2,,MC
4,12,GUERRERO,20,TELOLOAPAN,6,APAXTLA,,,REG,PRD,1,SAUL URIOSTEGUI TRUJILLO,1,,PRD
4,12,GUERRERO,20,TELOLOAPAN,6,APAXTLA,,,REG,PRD,2,JAQUELINA RAMIREZ FLORES,2,,PRD
4,12,GUERRERO,20,TELOLOAPAN,6,APAXTLA,,,REG,PRI,1,JOSE ROMAN BRITO,1,,PRI
4,12,GUERRERO,20,TELOLOAPAN,6,APAXTLA,,,REG,MORENA,1,ITCHEL ORDUÑO ROGEL,2,,MORENA
4,12,GUERRERO,20,TELOLOAPAN,17,COCULA,,,PRES_MUN,MORENA,1,CARLOS ALBERTO DUARTE BAHENA,1,,MORENA
4,12,GUERRERO,20,TELOLOAPAN,17,COCULA,,,SIND,MORENA,1,ZAIRA YADIRA DIAZ ROMAN,2,,MORENA
4,12,GUERRERO,20,TELOLOAPAN,17,COCULA,,,REG,MORENA,1,SANTOS BLANCAS ROMAN,1,,MORENA
4,12,GUERRERO,20,TELOLOAPAN,17,COCULA,,,REG,MORENA,2,MARISOL GARCIA VILLALOBOS,2,,MORENA
4,12,GUERRERO,20,TELOLOAPAN,17,COCULA,,,REG,MORENA,3,JUAN GABRIEL BAHENA BUSTAMANTE,1,,MORENA
4,12,GUERRERO,20,TELOLOAPAN,17,COCULA,,,REG,MC,2,LUCILA MARTINEZ BAHENA,2,,MC
4,12,GUERRERO,20,TELOLOAPAN,17,COCULA,,,REG,MC,1,ABIMAEL ALVAREZ FLORES,1,,MC
4,12,GUERRERO,20,TELOLOAPAN,17,COCULA,,,REG,PRD,2,LEISLI CARINA ALVAREZ PADILLA,2,,PRD
4,12,GUERRERO,20,TELOLOAPAN,26,CUETZALA DEL PROGRESO,,,PRES_MUN,MORENA,1,ELIZABETH MENDOZA DAMACIO,2,,MORENA
4,12,GUERRERO,20,TELOLOAPAN,26,CUETZALA DEL PROGRESO,,,SIND,MORENA,1,GABRIEL NAJERA MIRANDA,1,,MORENA
4,12,GUERRERO,20,TELOLOAPAN,26,CUETZALA DEL PROGRESO,,,REG,MORENA,1,MARCELA BUSTAMANTE MENDOZA,2,,MORENA
4,12,GUERRERO,20,TELOLOAPAN,26,CUETZALA DEL PROGRESO,,,REG,MORENA,2,JUAN BAIZA AVILA,1,,MORENA
4,12,GUERRERO,20,TELOLOAPAN,26,CUETZALA DEL PROGRESO,,,REG,PRI,1,MA. ELENA SANTANA CERVANTES,2,,PRI
4,12,GUERRERO,20,TELOLOAPAN,26,CUETZALA DEL PROGRESO,,,REG,PRI,2,RODRIGO VAZQUEZ RIOS,1,,PRI
4,12,GUERRERO,20,TELOLOAPAN,26,CUETZALA DEL PROGRESO,,,REG,PRD,2,MARIA SANTOS RIOS COLIMA,2,,PRD
4,12,GUERRERO,20,TELOLOAPAN,26,CUETZALA DEL PROGRESO,,,REG,PRD,1,HILDE JAIME SALGADO APARICIO,1,,PRD
4,12,GUERRERO,20,TELOLOAPAN,32,GENERAL CANUTO A. NERI,,,PRES_MUN,MC,1,ZESAR ORTIZ TORRES,1,,MC
4,12,GUERRERO,20,TELOLOAPAN,32,GENERAL CANUTO A. NERI,,,SIND,MC,1,VALENTINA ALMAZAN MORALES,2,,MC
4,12,GUERRERO,20,TELOLOAPAN,32,GENERAL CANUTO A. NERI,,,REG,MC,1,LUIS MIGUEL CRUZ SALGADO,1,,MC
4,12,GUERRERO,20,TELOLOAPAN,32,GENERAL CANUTO A. NERI,,,REG,MC,2,EDITH BAZA DIAZ,2,,MC
4,12,GUERRERO,20,TELOLOAPAN,32,GENERAL CANUTO A. NERI,,,REG,MC,3,LEONCIO IGNACIO BAHENA,1,,MC
4,12,GUERRERO,20,TELOLOAPAN,32,GENERAL CANUTO A. NERI,,,REG,MORENA,1,ANGELICA ROMAN FLORES,2,,MORENA
4,12,GUERRERO,20,TELOLOAPAN,32,GENERAL CANUTO A. NERI,,,REG,MORENA,2,JORGE ANDRES OCAMPO,1,,MORENA
4,12,GUERRERO,20,TELOLOAPAN,32,GENERAL CANUTO A. NERI,,,REG,PRD,1,YENNIFER DOMINGUEZ CARDOZO,2,,PRD
4,12,GUERRERO,20,TELOLOAPAN,38,IXCATEOPAN DE CUAUHTEMOC,,,PRES_MUN,PRD,1,NAUCELIA CASTILLO BAUTISTA,2,,PRD
4,12,GUERRERO,20,TELOLOAPAN,38,IXCATEOPAN DE CUAUHTEMOC,,,SIND,PRD,1,ROBERTO LOPEZ ALATORRE,1,,PRD
4,12,GUERRERO,20,TELOLOAPAN,38,IXCATEOPAN DE CUAUHTEMOC,,,REG,PRD,1,MARIA ALEJANDRA TORRES CASTILLO,2,,PRD
4,12,GUERRERO,20,TELOLOAPAN,38,IXCATEOPAN DE CUAUHTEMOC,,,REG,PRD,2,JUVENAL TORRES MENDOZA,1,,PRD
4,12,GUERRERO,20,TELOLOAPAN,38,IXCATEOPAN DE CUAUHTEMOC,,,REG,PRI,1,ELENA ERNESTA ALVAREZ JAIMES,2,,PRI
4,12,GUERRERO,20,TELOLOAPAN,38,IXCATEOPAN DE CUAUHTEMOC,,,REG,PRI,2,IRAN ALATORRE FERNANDEZ,1,,PRI
4,12,GUERRERO,20,TELOLOAPAN,38,IXCATEOPAN DE CUAUHTEMOC,,,REG,MORENA,2,SANDRA MARIELA CIRILO VERGARA,2,,MORENA
4,12,GUERRERO,20,TELOLOAPAN,38,IXCATEOPAN DE CUAUHTEMOC,,,REG,PT,2,JULIAN ROJAS QUINTANA,1,,PT
4,12,GUERRERO,20,TELOLOAPAN,48,PEDRO ASCENCIO ALQUISIRAS,,,PRES_MUN,PRI_PRD,1,AUSTREBERTA LOPEZ ROGEL,2,,PRD
4,12,GUERRERO,20,TELOLOAPAN,48,PEDRO ASCENCIO ALQUISIRAS,,,SIND,PRI_PRD,1,GUMECINDO SOTELO TRUJILLO,1,,PRD
4,12,GUERRERO,20,TELOLOAPAN,48,PEDRO ASCENCIO ALQUISIRAS,,,REG,PRD,1,MAYRA SOLANO ABARCA,2,,PRD
4,12,GUERRERO,20,TELOLOAPAN,48,PEDRO ASCENCIO ALQUISIRAS,,,REG,PRD,2,ELIAS SALGADO OCAMPO,1,,PRD
4,12,GUERRERO,20,TELOLOAPAN,48,PEDRO ASCENCIO ALQUISIRAS,,,REG,PRI,1,DORICELA ORTIZ FLORES,2,,PRI
4,12,GUERRERO,20,TELOLOAPAN,48,PEDRO ASCENCIO ALQUISIRAS,,,REG,PRI,2,HUBER OCAMPO ARMENTA,1,,PRI
4,12,GUERRERO,20,TELOLOAPAN,48,PEDRO ASCENCIO ALQUISIRAS,,,REG,MORENA,1,NORMA CELIA SANCHEZ MARTINEZ,2,,MORENA
4,12,GUERRERO,20,TELOLOAPAN,48,PEDRO ASCENCIO ALQUISIRAS,,,REG,MC,2,MAURICIO CUSTODIO LOPEZ VARGAS,1,,MC
4,12,GUERRERO,20,TELOLOAPAN,59,TELOLOAPAN,,,PRES_MUN,PRI_PRD,1,HOMERO HURTADO FLORES,1,,PRD
4,12,GUERRERO,20,TELOLOAPAN,59,TELOLOAPAN,,,SIND,PRI_PRD,1,VAPSI ARELI POLANCO ALVAREZ,2,,PRD
4,12,GUERRERO,20,TELOLOAPAN,59,TELOLOAPAN,,,REG,PRD,1,RAFAEL VALENTIN MENDOZA ALVAREZ,1,,PRD
4,12,GUERRERO,20,TELOLOAPAN,59,TELOLOAPAN,,,REG,PRD,2,NELIDA MOJICA REYNA,2,,PRD
4,12,GUERRERO,20,TELOLOAPAN,59,TELOLOAPAN,,,REG,PRD,3,EMILIA JIMENEZ FIGUEROA,2,,PRD
4,12,GUERRERO,20,TELOLOAPAN,59,TELOLOAPAN,,,REG,PT,2,JESSICA JANETH HERNANDEZ JIMENEZ,2,,PT
4,12,GUERRERO,20,TELOLOAPAN,59,TELOLOAPAN,,,REG,PT,1,MANUEL BUSTAMANTE BLAS,1,,PT
4,12,GUERRERO,20,TELOLOAPAN,59,TELOLOAPAN,,,REG,MORENA,2,FLOR DE LIZ ESPINDOLA AVILA,2,,MORENA
4,12,GUERRERO,20,TELOLOAPAN,59,TELOLOAPAN,,,REG,MORENA,1,JESUS YAREM SANCHEZ AVILA,1,,MORENA
4,12,GUERRERO,20,TELOLOAPAN,59,TELOLOAPAN,,,REG,PRI,2,REYNA REGINA RUEDA ESPINOZA,2,,PRI
4,12,GUERRERO,20,TELOLOAPAN,,,,,DIP_LOC_MR,PRI_PRD,1,SUSANA PAOLA JUAREZ GOMEZ,2,,PRD
4,12,GUERRERO,21,TAXCO ,50,PILCAYA,,,PRES_MUN,PAN,1,SANDRA VELAZQUEZ LARA,2,,PAN
4,12,GUERRERO,21,TAXCO ,50,PILCAYA,,,SIND,PAN,1,JOSE RODRIGO FIGUEROA MILLAN,1,,PAN
4,12,GUERRERO,21,TAXCO ,50,PILCAYA,,,REG,PAN,1,GUADALUPE RODRIGUEZ MEJIA,2,,PAN
4,12,GUERRERO,21,TAXCO ,50,PILCAYA,,,REG,PAN,2,FERNANDO GONZALEZ OTERO,1,,PAN
4,12,GUERRERO,21,TAXCO ,50,PILCAYA,,,REG,PAN,3,MA. GUADALUPE ORTIZ SALAZAR,2,,PAN
4,12,GUERRERO,21,TAXCO ,50,PILCAYA,,,REG,MORENA,2,VICTOR HUGO URBINA ROMAN,1,,MORENA
4,12,GUERRERO,21,TAXCO ,50,PILCAYA,,,REG,MORENA,1,MAKARENA FIGUEROA FIGUEROA,2,,MORENA
4,12,GUERRERO,21,TAXCO ,50,PILCAYA,,,REG,MORENA,4,MIGUEL MARTINEZ FLORES,1,,MORENA
4,12,GUERRERO,21,TAXCO ,56,TAXCO DE ALARCON,,,PRES_MUN,FXP,1,MARIO FIGUEROA MUNDO,1,,FXP
4,12,GUERRERO,21,TAXCO ,56,TAXCO DE ALARCON,,,SIND,FXP,1,DORA MARIA GUADARRAMA LANDA,2,,FXP
4,12,GUERRERO,21,TAXCO ,56,TAXCO DE ALARCON,,,REG,FXP,1,EDGAR JESUS REYNA ROSALES,1,,FXP
4,12,GUERRERO,21,TAXCO ,56,TAXCO DE ALARCON,,,REG,FXP,2,ELOISA TORRES MORALES,2,,FXP
4,12,GUERRERO,21,TAXCO ,56,TAXCO DE ALARCON,,,REG,PRI,1,ABRAHAM PONCE MARTINEZ,1,,PRI
4,12,GUERRERO,21,TAXCO ,56,TAXCO DE ALARCON,,,REG,PRI,2,RITA ACEVEDO FIGUEROA,2,,PRI
4,12,GUERRERO,21,TAXCO ,56,TAXCO DE ALARCON,,,REG,MORENA,1,ROBERTO DIAZ PORTILLO,1,,MORENA
4,12,GUERRERO,21,TAXCO ,56,TAXCO DE ALARCON,,,REG,MORENA,2,GEORGINA RODRIGUEZ BURGOS,2,,MORENA
4,12,GUERRERO,21,TAXCO ,56,TAXCO DE ALARCON,,,REG,PAN,1,ANDRES BAHENA MONTERO,1,,PAN
4,12,GUERRERO,21,TAXCO ,56,TAXCO DE ALARCON,,,REG,PAN,2,CRISTY QUETZALLI DIAZ ALEMAN,2,,PAN
4,12,GUERRERO,21,TAXCO ,56,TAXCO DE ALARCON,,,REG,PRD,2,GILBERTO ARCE FLORES,1,,PRD
4,12,GUERRERO,21,TAXCO ,56,TAXCO DE ALARCON,,,REG,PVEM,1,OBDULIA NARANJO CABRERA,2,,PVEM
4,12,GUERRERO,21,TAXCO ,61,TETIPAC,,,PRES_MUN,PRI_PRD,1,BARBARA MERCADO ARCE,2,,PRI
4,12,GUERRERO,21,TAXCO ,61,TETIPAC,,,SIND,PRI_PRD,1,LUIS ANGEL ARCE CASTILLO,1,,PRD
4,12,GUERRERO,21,TAXCO ,61,TETIPAC,,,REG,PRI,1,MARIA EUGENIA RODRIGUEZ BUSTOS,2,,PRI
4,12,GUERRERO,21,TAXCO ,61,TETIPAC,,,REG,PRI,2,GUSTAVO ARCE REZA,1,,PRI
4,12,GUERRERO,21,TAXCO ,61,TETIPAC,,,REG,PRI,3,PAMELA YAHAIRA CASTAÑEDA BUSTOS,2,,PRI
4,12,GUERRERO,21,TAXCO ,61,TETIPAC,,,REG,PAN,1,SIDRONIO ARCE REZA,1,,PAN
4,12,GUERRERO,21,TAXCO ,61,TETIPAC,,,REG,PAN,2,RITA PATIÑO MUÑOZ,2,,PAN
4,12,GUERRERO,21,TAXCO ,61,TETIPAC,,,REG,MORENA,1,FERNANDO SALGADO CASTAÑEDA,1,,MORENA
4,12,GUERRERO,21,TAXCO ,,,,,DIP_LOC_MR,PRI_PRD,1,FLOR AÑORVE OCAMPO,2,,PRI
4,12,GUERRERO,22,IGUALA ,36,IGUALA DE LA INDEPENDENCIA,,,PRES_MUN,PRI_PRD,1,DAVID GAMA PEREZ,1,,PRI
4,12,GUERRERO,22,IGUALA ,36,IGUALA DE LA INDEPENDENCIA,,,SIND,PRI_PRD,1,NAYELI SALMERON MORA,2,,PRI
4,12,GUERRERO,22,IGUALA ,36,IGUALA DE LA INDEPENDENCIA,,,SIND,PRI_PRD,1,OSCAR DIAZ BELLO,1,,PRI
4,12,GUERRERO,22,IGUALA ,36,IGUALA DE LA INDEPENDENCIA,,,REG,PRI,1,CELIA MIREYA MARTINEZ DOMINGUEZ,2,,PRI
4,12,GUERRERO,22,IGUALA ,36,IGUALA DE LA INDEPENDENCIA,,,REG,PRI,2,EMMANUEL ESTRADA LOPEZ,1,,PRI
4,12,GUERRERO,22,IGUALA ,36,IGUALA DE LA INDEPENDENCIA,,,REG,PRI,3,GRISELDA PESERO BENITEZ,2,,PRI
4,12,GUERRERO,22,IGUALA ,36,IGUALA DE LA INDEPENDENCIA,,,REG,PRI,4,PABLO HERNANDEZ AGUILAR,1,,PRI
4,12,GUERRERO,22,IGUALA ,36,IGUALA DE LA INDEPENDENCIA,,,REG,MORENA,1,NANCY LORENA SOTO ALAMO,2,,MORENA
4,12,GUERRERO,22,IGUALA ,36,IGUALA DE LA INDEPENDENCIA,,,REG,MORENA,2,BERNARDO CAYETANO HERNANDEZ,1,,MORENA
4,12,GUERRERO,22,IGUALA ,36,IGUALA DE LA INDEPENDENCIA,,,REG,MORENA,3,ROSALIA GAMBOA PEREZ,2,,MORENA
4,12,GUERRERO,22,IGUALA ,36,IGUALA DE LA INDEPENDENCIA,,,REG,PVEM,2,ARTURO GALINDO BAZA,1,,PVEM
4,12,GUERRERO,22,IGUALA ,36,IGUALA DE LA INDEPENDENCIA,,,REG,PVEM,1,DALIA JACKELINE RESENDIZ RODRIGUEZ,2,,PVEM
4,12,GUERRERO,22,IGUALA ,36,IGUALA DE LA INDEPENDENCIA,,,REG,PVEM,4,PEDRO PIZA CASIANO,1,,PVEM
4,12,GUERRERO,22,IGUALA ,36,IGUALA DE LA INDEPENDENCIA,,,REG,PRD,1,JEANNETTE VARGAS QUINTO,2,,PRD
4,12,GUERRERO,22,IGUALA ,36,IGUALA DE LA INDEPENDENCIA,,,REG,PT,1,GUADALUPE PAULINO PEREZ,2,,PT
4,12,GUERRERO,22,IGUALA ,,,,,DIP_LOC_MR,MORENA,1,ANTONIO HELGUERA JIMENEZ,1,,MORENA
4,12,GUERRERO,23,CIUDAD DE HUITZUCO,8,ATENANGO DEL RIO,,,PRES_MUN,PES,1,JONATHAN MOISES ENSALDO MUÑOZ,1,,PES
4,12,GUERRERO,23,CIUDAD DE HUITZUCO,8,ATENANGO DEL RIO,,,SIND,PES,1,LETICIA DIAZ GONZALEZ,2,,PES
4,12,GUERRERO,23,CIUDAD DE HUITZUCO,8,ATENANGO DEL RIO,,,REG,PES,1,JUAN SOTO CARRANZA,1,,PES
4,12,GUERRERO,23,CIUDAD DE HUITZUCO,8,ATENANGO DEL RIO,,,REG,PES,2,MARIEL GONZALEZ DE LA CRUZ,2,,PES
4,12,GUERRERO,23,CIUDAD DE HUITZUCO,8,ATENANGO DEL RIO,,,REG,FXP,1,EMIGDIO VELAZQUEZ AMBROCIO,1,,FXP
4,12,GUERRERO,23,CIUDAD DE HUITZUCO,8,ATENANGO DEL RIO,,,REG,PRI,1,YUREMIC PEREZ LOEZA,2,,PRI
4,12,GUERRERO,23,CIUDAD DE HUITZUCO,8,ATENANGO DEL RIO,,,REG,PT,1,GUSTAVO LONGINO CUEVAS,1,,PT
4,12,GUERRERO,23,CIUDAD DE HUITZUCO,8,ATENANGO DEL RIO,,,REG,MORENA,1,MELDA GARCIA JUAREZ,2,,MORENA
4,12,GUERRERO,23,CIUDAD DE HUITZUCO,15,BUENAVISTA DE CUELLAR,,,PRES_MUN,PT,1,RUBEN SALGADO ALEMAN,1,,PT
4,12,GUERRERO,23,CIUDAD DE HUITZUCO,15,BUENAVISTA DE CUELLAR,,,SIND,PT,1,YESENIA LANDA BOTELLO,2,,PT
4,12,GUERRERO,23,CIUDAD DE HUITZUCO,15,BUENAVISTA DE CUELLAR,,,REG,PT,1,ERICK GIOVANNI SALGADO OCAMPO,1,,PT
4,12,GUERRERO,23,CIUDAD DE HUITZUCO,15,BUENAVISTA DE CUELLAR,,,REG,MORENA,1,SONIA ESTRADA GUTIERREZ,2,,MORENA
4,12,GUERRERO,23,CIUDAD DE HUITZUCO,15,BUENAVISTA DE CUELLAR,,,REG,FXP,1,LUIS PINEDA JUAREZ,1,,FXP
4,12,GUERRERO,23,CIUDAD DE HUITZUCO,15,BUENAVISTA DE CUELLAR,,,REG,PAN,1,ARELY GUADALUPE RAMIREZ URIBE,2,,PAN
4,12,GUERRERO,23,CIUDAD DE HUITZUCO,15,BUENAVISTA DE CUELLAR,,,REG,PRI,2,GERARDO URIBE VILLALBA,1,,PRI
4,12,GUERRERO,23,CIUDAD DE HUITZUCO,15,BUENAVISTA DE CUELLAR,,,REG,RSP,2,MARTHA MONTOYA AGUILAR,2,,RSP
4,12,GUERRERO,23,CIUDAD DE HUITZUCO,19,COPALILLO,,,PRES_MUN,PAN,1,JULIAN CASTRO SANTOS,1,,PAN
4,12,GUERRERO,23,CIUDAD DE HUITZUCO,19,COPALILLO,,,SIND,PAN,1,MARGARITA COCTECON SUAREZ,2,,PAN
4,12,GUERRERO,23,CIUDAD DE HUITZUCO,19,COPALILLO,,,REG,PAN,1,ADELAIDO DE LA CRUZ RIVERA,1,,PAN
4,12,GUERRERO,23,CIUDAD DE HUITZUCO,19,COPALILLO,,,REG,PVEM,2,YHECICA JIMENEZ SANCHEZ,2,,PVEM
4,12,GUERRERO,23,CIUDAD DE HUITZUCO,19,COPALILLO,,,REG,RSP,1,GREGORIO ROMAN TRINIDAD,1,,RSP
4,12,GUERRERO,23,CIUDAD DE HUITZUCO,19,COPALILLO,,,REG,PT,2,ANA ELOISA ROJAS SANCHEZ,2,,PT
4,12,GUERRERO,23,CIUDAD DE HUITZUCO,19,COPALILLO,,,REG,PRI,2,LUIS CASTREJON BUENO,1,,PRI
4,12,GUERRERO,23,CIUDAD DE HUITZUCO,19,COPALILLO,,,REG,MORENA,1,EDITH DIAZ NARCISO,2,,MORENA
4,12,GUERRERO,23,CIUDAD DE HUITZUCO,35,HUITZUCO DE LOS FIGUEROA,,,PRES_MUN,MORENA,1,EDER NAJERA NAJERA,1,,MORENA
4,12,GUERRERO,23,CIUDAD DE HUITZUCO,35,HUITZUCO DE LOS FIGUEROA,,,SIND,MORENA,1,CARMEN CAMPOS CORAZA,2,,MORENA
4,12,GUERRERO,23,CIUDAD DE HUITZUCO,35,HUITZUCO DE LOS FIGUEROA,,,REG,MORENA,1,SANTANA MOCTEZUMA REYES,1,,MORENA
4,12,GUERRERO,23,CIUDAD DE HUITZUCO,35,HUITZUCO DE LOS FIGUEROA,,,REG,MORENA,2,BEATRIZ ADRIANA REYES CAPISTRAN,2,,MORENA
4,12,GUERRERO,23,CIUDAD DE HUITZUCO,35,HUITZUCO DE LOS FIGUEROA,,,REG,MORENA,3,AGUSTIN DANIEL VALLE PARRA,1,,MORENA
4,12,GUERRERO,23,CIUDAD DE HUITZUCO,35,HUITZUCO DE LOS FIGUEROA,,,REG,MORENA,4,EVA GISELA GARCIA ASTUDILLO,2,,MORENA
4,12,GUERRERO,23,CIUDAD DE HUITZUCO,35,HUITZUCO DE LOS FIGUEROA,,,REG,PRI,1,ALFONSO JOVANNY ROMERO TABOADA,1,,PRI
4,12,GUERRERO,23,CIUDAD DE HUITZUCO,35,HUITZUCO DE LOS FIGUEROA,,,REG,PRI,2,MARIBEL GARCES MOYO,2,,PRI
4,12,GUERRERO,23,CIUDAD DE HUITZUCO,35,HUITZUCO DE LOS FIGUEROA,,,REG,PRI,3,ARMANDO ROSALES TOLENTINO,1,,PRI
4,12,GUERRERO,23,CIUDAD DE HUITZUCO,35,HUITZUCO DE LOS FIGUEROA,,,REG,PT,2,ANGELINA CATALAN VENANCIO,2,,PT
4,12,GUERRERO,23,CIUDAD DE HUITZUCO,60,TEPECOACUILCO DE TRUJANO,,,PRES_MUN,PAN,1,FELIX LOPEZ OLIVARES,1,,PAN
4,12,GUERRERO,23,CIUDAD DE HUITZUCO,60,TEPECOACUILCO DE TRUJANO,,,SIND,PAN,1,ARACELI VELAZQUEZ JUAREZ,2,,PAN
4,12,GUERRERO,23,CIUDAD DE HUITZUCO,60,TEPECOACUILCO DE TRUJANO,,,REG,PAN,1,ELIEL PEÑALOZA CARIÑO,1,,PAN
4,12,GUERRERO,23,CIUDAD DE HUITZUCO,60,TEPECOACUILCO DE TRUJANO,,,REG,PAN,2,ANEL GONZALEZ FLORES,2,,PAN
4,12,GUERRERO,23,CIUDAD DE HUITZUCO,60,TEPECOACUILCO DE TRUJANO,,,REG,PRI,1,PEDRO LOPEZ OCAMPO,1,,PRI
4,12,GUERRERO,23,CIUDAD DE HUITZUCO,60,TEPECOACUILCO DE TRUJANO,,,REG,PRI,2,ALBERTA CASTORENA CATALAN,2,,PRI
4,12,GUERRERO,23,CIUDAD DE HUITZUCO,60,TEPECOACUILCO DE TRUJANO,,,REG,MORENA,1,CELESTINO AYALA MORALES,1,,MORENA
4,12,GUERRERO,23,CIUDAD DE HUITZUCO,60,TEPECOACUILCO DE TRUJANO,,,REG,MC,2,MAGALI NAVA BARRERA,2,,MC
4,12,GUERRERO,23,CIUDAD DE HUITZUCO,60,TEPECOACUILCO DE TRUJANO,,,REG,FXP,1,CAMILO VALLE VELEZ,1,,FXP
4,12,GUERRERO,23,CIUDAD DE HUITZUCO,60,TEPECOACUILCO DE TRUJANO,,,REG,PT,2,TEODORA MUÑOZ VILLALVA,2,,PT
4,12,GUERRERO,23,CIUDAD DE HUITZUCO,,,,,DIP_LOC_MR,MORENA,1,ANDRES GUEVARA CARDENAS,1,,MORENA
4,12,GUERRERO,24,TIXTLA ,43,MARTIR DE CUILAPAN,,,PRES_MUN,PRI_PRD,1,JENNY GONZALEZ OCAMPO,2,,PRD
4,12,GUERRERO,24,TIXTLA ,43,MARTIR DE CUILAPAN,,,SIND,PRI_PRD,1,MISAEL ALESBAN JIMENEZ MIRANDA,1,,PRD
4,12,GUERRERO,24,TIXTLA ,43,MARTIR DE CUILAPAN,,,REG,PRD,1,SILVIA SOLIS REFUGIO,2,,PRD
4,12,GUERRERO,24,TIXTLA ,43,MARTIR DE CUILAPAN,,,REG,PRD,2,ELMER NAVARRETE HERNANDEZ,1,,PRD
4,12,GUERRERO,24,TIXTLA ,43,MARTIR DE CUILAPAN,,,REG,MC,1,HOLGA TAPIA SEBASTIAN,2,,MC
4,12,GUERRERO,24,TIXTLA ,43,MARTIR DE CUILAPAN,,,REG,PT,2,FRANCISCO GERARDO IGLESIAS DEL MORAL,1,,PT
4,12,GUERRERO,24,TIXTLA ,43,MARTIR DE CUILAPAN,,,REG,MORENA,2,MAYTE YUDITH RIVERA CABRERA,2,,MORENA
4,12,GUERRERO,24,TIXTLA ,43,MARTIR DE CUILAPAN,,,REG,PRI,2,GERARDO LAZARO GONZALEZ,1,,PRI
4,12,GUERRERO,24,TIXTLA ,45,MOCHITLAN,,,PRES_MUN,PVEM,1,GERARDO MOSSO LOPEZ,1,,PVEM
4,12,GUERRERO,24,TIXTLA ,45,MOCHITLAN,,,SIND,PVEM,1,SILVIA LIZBETH RAMIREZ SANDOVAL,2,,PVEM
4,12,GUERRERO,24,TIXTLA ,45,MOCHITLAN,,,REG,PVEM,1,JUAN VALENZO REYES,1,,PVEM
4,12,GUERRERO,24,TIXTLA ,45,MOCHITLAN,,,REG,PVEM,2,ANA KARINA REYES SANCHEZ,2,,PVEM
4,12,GUERRERO,24,TIXTLA ,45,MOCHITLAN,,,REG,PVEM,3,NOE SALVADOR MAGAÑA JIMENEZ,1,,PVEM
4,12,GUERRERO,24,TIXTLA ,45,MOCHITLAN,,,REG,PT,2,FAVIOLA DEL CARMEN DAMIAN PARRA,2,,PT
4,12,GUERRERO,24,TIXTLA ,45,MOCHITLAN,,,REG,PRD,2,FILIBERTO CASTAÑEDA GARCIA,1,,PRD
4,12,GUERRERO,24,TIXTLA ,45,MOCHITLAN,,,REG,MORENA,2,MARIA SABINA HERRERA IVARRA,2,,MORENA
4,12,GUERRERO,24,TIXTLA ,52,QUECHULTENANGO,,,PRES_MUN,PRI_PRD,1,CRISOFORO CASTRO CASTRO,1,,PRD
4,12,GUERRERO,24,TIXTLA ,52,QUECHULTENANGO,,,SIND,PRI_PRD,1,NYDIA YASMITH SOLANO SANCHEZ,2,,PRD
4,12,GUERRERO,24,TIXTLA ,52,QUECHULTENANGO,,,REG,PRD,1,JESUS ARMANDO SOLANO NAVA,1,,PRD
4,12,GUERRERO,24,TIXTLA ,52,QUECHULTENANGO,,,REG,PRD,2,LILIANA SALAZAR CASTRO,2,,PRD
4,12,GUERRERO,24,TIXTLA ,52,QUECHULTENANGO,,,REG,PRD,3,LAZARO SANTIAGO MORALES,1,,PRD
4,12,GUERRERO,24,TIXTLA ,52,QUECHULTENANGO,,,REG,PRD,4,SULEYMA JIMENEZ ORTEGA,2,,PRD
4,12,GUERRERO,24,TIXTLA ,52,QUECHULTENANGO,,,REG,PRI,2,JOSE OFELIO RODRIGUEZ MENDOZA,1,,PRI
4,12,GUERRERO,24,TIXTLA ,52,QUECHULTENANGO,,,REG,PRI,1,MARIA DE LOS ANGELES GERVACIO MORALES,2,,PRI
4,12,GUERRERO,24,TIXTLA ,52,QUECHULTENANGO,,,REG,MORENA,2,DANIEL MIZRAIM GODINEZ GERVACIO,1,,MORENA
4,12,GUERRERO,24,TIXTLA ,52,QUECHULTENANGO,,,REG,MORENA,1,ADILENE MAYO PACHECO,2,,MORENA
4,12,GUERRERO,24,TIXTLA ,62,TIXTLA DE GUERRERO,,,PRES_MUN,MORENA,1,MOISES ANTONIO GONZALEZ CABAÑAS,1,,MORENA
4,12,GUERRERO,24,TIXTLA ,62,TIXTLA DE GUERRERO,,,SIND,MORENA,1,MIRIAM MIRANDA GARCIA,2,,MORENA
4,12,GUERRERO,24,TIXTLA ,62,TIXTLA DE GUERRERO,,,REG,MORENA,1,HECTOR BARTOLO CASARRUBIAS,1,,MORENA
4,12,GUERRERO,24,TIXTLA ,62,TIXTLA DE GUERRERO,,,REG,MORENA,2,MARIA DE JESUS ZAMUDIO GALEANA,2,,MORENA
4,12,GUERRERO,24,TIXTLA ,62,TIXTLA DE GUERRERO,,,REG,MORENA,3,EVER NAVA CASARRUBIAS,1,,MORENA
4,12,GUERRERO,24,TIXTLA ,62,TIXTLA DE GUERRERO,,,REG,MORENA,4,YOLANDA AQUINO HUAXCO,2,,MORENA
4,12,GUERRERO,24,TIXTLA ,62,TIXTLA DE GUERRERO,,,REG,PRD,2,ANTONIO DE LOS SANTOS MOSQUEIRA,1,,PRD
4,12,GUERRERO,24,TIXTLA ,62,TIXTLA DE GUERRERO,,,REG,PRD,1,MA. MAGDALENA GUILLEN CISNEROS,2,,PRD
4,12,GUERRERO,24,TIXTLA ,62,TIXTLA DE GUERRERO,,,REG,PRI,2,PABLO ARTURO ASTUDILLO GOMEZ,1,,PRI
4,12,GUERRERO,24,TIXTLA ,62,TIXTLA DE GUERRERO,,,REG,PRI,1,ESMERALDA GARZON CAMPOS,2,,PRI
4,12,GUERRERO,24,TIXTLA ,75,ZITLALA,,,PRES_MUN,PRI_PRD,1,ROGELIO RAMOS TECORRAL,1,,PRD
4,12,GUERRERO,24,TIXTLA ,75,ZITLALA,,,SIND,PRI_PRD,1,ELIA TEPECTZIN SAAVEDRA,2,,PRD
4,12,GUERRERO,24,TIXTLA ,75,ZITLALA,,,REG,PRD,2,GILBERTO CUAMACATECO MORALES,1,,PRD
4,12,GUERRERO,24,TIXTLA ,75,ZITLALA,,,REG,PRD,1,ROSALVA SEVILLA PABLILLO,2,,PRD
4,12,GUERRERO,24,TIXTLA ,75,ZITLALA,,,REG,PAN,1,TIMOTEO TLATEMPA HERANDEZ,1,,PAN
4,12,GUERRERO,24,TIXTLA ,75,ZITLALA,,,REG,PRI,2,XOCHITL GASPARILLO PINEDA,2,,PRI
4,12,GUERRERO,24,TIXTLA ,75,ZITLALA,,,REG,MORENA,2,GILBERTO SANDOVAL TOTOLA,1,,MORENA
4,12,GUERRERO,24,TIXTLA ,75,ZITLALA,,,REG,PVEM,1,GABRIELA NAVA ALEJO,2,,PVEM
4,12,GUERRERO,24,TIXTLA ,,,,,DIP_LOC_MR,PRI_PRD,1,BERNARDO ORTEGA JIMENEZ,1,,PRD
4,12,GUERRERO,25,CHILAPA ,28,CHILAPA DE ALVAREZ,,,PRES_MUN,PRI,1,ALDY ESTEBAN ROMAN,1,,PRI
4,12,GUERRERO,25,CHILAPA ,28,CHILAPA DE ALVAREZ,,,SIND,PRI,1,ROSA ELENA CHAVELAS GUTIERREZ,2,,PRI
4,12,GUERRERO,25,CHILAPA ,28,CHILAPA DE ALVAREZ,,,SIND,PRI,1,NESTOR PARRA RODRIGUEZ,1,,PRI
4,12,GUERRERO,25,CHILAPA ,28,CHILAPA DE ALVAREZ,,,REG,PRI,1,MERCEDES CARBALLO CHINO,2,,PRI
4,12,GUERRERO,25,CHILAPA ,28,CHILAPA DE ALVAREZ,,,REG,PRI,2,MANUEL ACEVEDO ROSENDO,1,,PRI
4,12,GUERRERO,25,CHILAPA ,28,CHILAPA DE ALVAREZ,,,REG,PRI,3,KAREN ACEVEDO GONZALEZ,2,,PRI
4,12,GUERRERO,25,CHILAPA ,28,CHILAPA DE ALVAREZ,,,REG,PRI,4,JAIME CABALLERO VARGAS,1,,PRI
4,12,GUERRERO,25,CHILAPA ,28,CHILAPA DE ALVAREZ,,,REG,PRI,5,SEBASTIANA OLAN AGUILAR,2,,PRI
4,12,GUERRERO,25,CHILAPA ,28,CHILAPA DE ALVAREZ,,,REG,PRI,6,JAVIER LARA DIAZ,1,,PRI
4,12,GUERRERO,25,CHILAPA ,28,CHILAPA DE ALVAREZ,,,REG,MORENA,1,MARIA MAGDALENA PEÑALOZA MACEDA,2,,MORENA
4,12,GUERRERO,25,CHILAPA ,28,CHILAPA DE ALVAREZ,,,REG,MORENA,2,ANTONIO CRESPO BOLAÑOS,1,,MORENA
4,12,GUERRERO,25,CHILAPA ,28,CHILAPA DE ALVAREZ,,,REG,MORENA,3,ARACELY GARCIA LAGUNAS,2,,MORENA
4,12,GUERRERO,25,CHILAPA ,28,CHILAPA DE ALVAREZ,,,REG,PRD,2,SANTOS LARA CARBALLO,1,,PRD
4,12,GUERRERO,25,CHILAPA ,28,CHILAPA DE ALVAREZ,,,REG,PRD,1,MARTHA DIAZ ISABEL,2,,PRD
4,12,GUERRERO,25,CHILAPA ,28,CHILAPA DE ALVAREZ,,,REG,PRD,3,MARTHA MORALES PINTOR,2,,PRD
4,12,GUERRERO,25,CHILAPA ,77,JOSE JOAQUIN DE HERRERA,,,PRES_MUN,PRI,1,ORQUIDIA HERNANDEZ MENDOZA,2,,PRI
4,12,GUERRERO,25,CHILAPA ,77,JOSE JOAQUIN DE HERRERA,,,SIND,PRI,1,SALVADOR FLORES CASTILLO,1,,PRI
4,12,GUERRERO,25,CHILAPA ,77,JOSE JOAQUIN DE HERRERA,,,REG,PRI,1,CARMEN RODRIGUEZ CARBALLO,2,,PRI
4,12,GUERRERO,25,CHILAPA ,77,JOSE JOAQUIN DE HERRERA,,,REG,PRI,2,ALBERTO CIRILO GARCIA NAVEZ,1,,PRI
4,12,GUERRERO,25,CHILAPA ,77,JOSE JOAQUIN DE HERRERA,,,REG,MORENA,2,FELIPA DE JESUS JUAREZ,2,,MORENA
4,12,GUERRERO,25,CHILAPA ,77,JOSE JOAQUIN DE HERRERA,,,REG,PRD,1,ALFREDO GALVEZ CARBALLO,1,,PRD
4,12,GUERRERO,25,CHILAPA ,77,JOSE JOAQUIN DE HERRERA,,,REG,PVEM,2,ANGELICA EXPEDITO RODRIGUEZ,2,,PVEM
4,12,GUERRERO,25,CHILAPA ,77,JOSE JOAQUIN DE HERRERA,,,REG,PT,1,ALFREDO MORALES OBISPO,1,,PT
4,12,GUERRERO,25,CHILAPA ,,,,,DIP_LOC_MR,PRI_PRD,1,JESUS PARRA GARCIA,1,,PRI
4,12,GUERRERO,26,ATLIXTAC,76,ACATEPEC,,,PRES_MUN,PRD,1,ROMOALDO DIAZ ROSAS,1,,PRD
4,12,GUERRERO,26,ATLIXTAC,76,ACATEPEC,,,SIND,PRD,1,AMELIA CANDIDO ROSENDO,2,,PRD
4,12,GUERRERO,26,ATLIXTAC,76,ACATEPEC,,,REG,PRD,1,TONATIUH FELIPE MEJIA,1,,PRD
4,12,GUERRERO,26,ATLIXTAC,76,ACATEPEC,,,REG,PRD,2,MAURILIA TIBURCIO CORNELIO,2,,PRD
4,12,GUERRERO,26,ATLIXTAC,76,ACATEPEC,,,REG,PRD,3,DAVID MAURILIO RUTILIO,1,,PRD
4,12,GUERRERO,26,ATLIXTAC,76,ACATEPEC,,,REG,PRD,4,ELOINA REMIGIO MARCELO,2,,PRD
4,12,GUERRERO,26,ATLIXTAC,76,ACATEPEC,,,REG,PAN,1,LUCIO GARCIA SANTIAGO,1,,PAN
4,12,GUERRERO,26,ATLIXTAC,76,ACATEPEC,,,REG,PAN,2,CELIA ESPINOZA GARCIA,2,,PAN
4,12,GUERRERO,26,ATLIXTAC,76,ACATEPEC,,,REG,PAN,3,MAXIMO SANCHEZ GARCIA,1,,PAN
4,12,GUERRERO,26,ATLIXTAC,76,ACATEPEC,,,REG,MORENA,2,JENNIFER LOPEZ ALFONSO,2,,MORENA
4,12,GUERRERO,26,ATLIXTAC,2,AHUACUOTZINGO,,,PRES_MUN,PRD,1,GLORINDA CASARRUBIAS NAVA,2,,PRD
4,12,GUERRERO,26,ATLIXTAC,2,AHUACUOTZINGO,,,SIND,PRD,1,EMIGDIO CASARRUBIAS NAVA,1,,PRD
4,12,GUERRERO,26,ATLIXTAC,2,AHUACUOTZINGO,,,REG,PRD,1,AMANTINA GUILLERMO VENEGAS,2,,PRD
4,12,GUERRERO,26,ATLIXTAC,2,AHUACUOTZINGO,,,REG,PRD,2,MARTIN FRANCISCO MENDEZ,1,,PRD
4,12,GUERRERO,26,ATLIXTAC,2,AHUACUOTZINGO,,,REG,PRD,3,CLAUDIA CALLEJAS HERNANDEZ,2,,PRD
4,12,GUERRERO,26,ATLIXTAC,2,AHUACUOTZINGO,,,REG,PRI,1,DAVID CORTEZ HERNANDEZ,1,,PRI
4,12,GUERRERO,26,ATLIXTAC,2,AHUACUOTZINGO,,,REG,PRI,2,MIRIAM GUADALUPE RAMIREZ CHAVELAS,2,,PRI
4,12,GUERRERO,26,ATLIXTAC,2,AHUACUOTZINGO,,,REG,PRI,3,ADRIAN ESTEBAN JIMENEZ JIMENEZ,1,,PRI
4,12,GUERRERO,26,ATLIXTAC,2,AHUACUOTZINGO,,,REG,MORENA,2,LORENA GUZMAN FLORA,2,,MORENA
4,12,GUERRERO,26,ATLIXTAC,2,AHUACUOTZINGO,,,REG,MORENA,1,SERAFIN SANCHEZ CASARRUBIAS,1,,MORENA
4,12,GUERRERO,26,ATLIXTAC,10,ATLIXTAC,,,PRES_MUN,PRD,1,LEONARDO MUÑOZ TAPIA,1,,PRD
4,12,GUERRERO,26,ATLIXTAC,10,ATLIXTAC,,,SIND,PRD,1,OLGA RAMIREZ QUIROZ,2,,PRD
4,12,GUERRERO,26,ATLIXTAC,10,ATLIXTAC,,,REG,PRD,1,CLAUDIO PACHECO DE LA CRUZ,1,,PRD
4,12,GUERRERO,26,ATLIXTAC,10,ATLIXTAC,,,REG,PRD,2,FELICITAS FLORES FLORENTINO,2,,PRD
4,12,GUERRERO,26,ATLIXTAC,10,ATLIXTAC,,,REG,PRD,3,EDGAR ORTEGA GALDINO FELIZ,1,,PRD
4,12,GUERRERO,26,ATLIXTAC,10,ATLIXTAC,,,REG,PRD,4,ARACELY MIRANDA TORRES,2,,PRD
4,12,GUERRERO,26,ATLIXTAC,10,ATLIXTAC,,,REG,MORENA,1,ALEJANDRO MARGARITO SALVADOR,1,,MORENA
4,12,GUERRERO,26,ATLIXTAC,10,ATLIXTAC,,,REG,MORENA,2,NORMA ELY CASARRUBIAS HERNANDEZ,2,,MORENA
4,12,GUERRERO,26,ATLIXTAC,10,ATLIXTAC,,,REG,PRI,2,GUILLERMO SALGADO TORRES,1,,PRI
4,12,GUERRERO,26,ATLIXTAC,10,ATLIXTAC,,,REG,PRI,1,LILIA RENDON VARGAS,2,,PRI
4,12,GUERRERO,26,ATLIXTAC,20,COPANATOYAC,,,PRES_MUN,PRI,1,ELEUTERIO REYES CALLEJA,1,,PRI
4,12,GUERRERO,26,ATLIXTAC,20,COPANATOYAC,,,SIND,PRI,1,DEYANIRA LOPEZ RADILLLA,2,,PRI
4,12,GUERRERO,26,ATLIXTAC,20,COPANATOYAC,,,REG,PRI,1,OFELIO MORALES ESPINOZA,1,,PRI
4,12,GUERRERO,26,ATLIXTAC,20,COPANATOYAC,,,REG,PRI,2,ALONDRA FERNANDEZ VERDIZ,2,,PRI
4,12,GUERRERO,26,ATLIXTAC,20,COPANATOYAC,,,REG,MORENA,2,LORENZO CAMPOS DIAZ,1,,MORENA
4,12,GUERRERO,26,ATLIXTAC,20,COPANATOYAC,,,REG,MORENA,1,RUTILIA BRAVO HERNANDEZ,2,,MORENA
4,12,GUERRERO,26,ATLIXTAC,20,COPANATOYAC,,,REG,PRD,1,AGUSTIN GERARDO SALAZAR,1,,PRD
4,12,GUERRERO,26,ATLIXTAC,20,COPANATOYAC,,,REG,PRD,2,CECILIA DE LOS SANTOS JUAREZ,2,,PRD
4,12,GUERRERO,26,ATLIXTAC,64,TLACOAPA,,,PRES_MUN,PAN,1,AMADO BASURTO GALVEZ,1,,PAN
4,12,GUERRERO,26,ATLIXTAC,64,TLACOAPA,,,SIND,PAN,1,CAROLINA CANTU MORALES,2,,PAN
4,12,GUERRERO,26,ATLIXTAC,64,TLACOAPA,,,REG,PAN,1,ARISTARCO FLORENTINO MALDONADO,1,,PAN
4,12,GUERRERO,26,ATLIXTAC,64,TLACOAPA,,,REG,PAN,2,ESPERANZA MORALES ALVAREZ,2,,PAN
4,12,GUERRERO,26,ATLIXTAC,64,TLACOAPA,,,REG,PRI,2,CONSTANTINO ESTRADA GONZALES,1,,PRI
4,12,GUERRERO,26,ATLIXTAC,64,TLACOAPA,,,REG,PRI,1,LAURA RENTERIA MALAGON,2,,PRI
4,12,GUERRERO,26,ATLIXTAC,64,TLACOAPA,,,REG,MORENA,2,LEONARDO VICARIO MEJIA,1,,MORENA
4,12,GUERRERO,26,ATLIXTAC,64,TLACOAPA,,,REG,PES,2,GABRIELA CASTRO RODIGUEZ,2,,PES
4,12,GUERRERO,26,ATLIXTAC,73,ZAPOTITLAN TABLAS,,,PRES_MUN,PT,1,JOAQUIN ROSENDO LUCIANO,1,,PT
4,12,GUERRERO,26,ATLIXTAC,73,ZAPOTITLAN TABLAS,,,SIND,PT,1,ANGELICA FLORES SPINDOLA,2,,PT
4,12,GUERRERO,26,ATLIXTAC,73,ZAPOTITLAN TABLAS,,,REG,PT,1,ARTEMIO MENECIO MARTINEZ,1,,PT
4,12,GUERRERO,26,ATLIXTAC,73,ZAPOTITLAN TABLAS,,,REG,PRD,1,ISABEL TENORIO TAPIA,2,,PRD
4,12,GUERRERO,26,ATLIXTAC,73,ZAPOTITLAN TABLAS,,,REG,MC,1,RENE ORTEGA GALINDO,1,,MC
4,12,GUERRERO,26,ATLIXTAC,73,ZAPOTITLAN TABLAS,,,REG,PAN,1,ENRIQUETA JUAN MORENO,2,,PAN
4,12,GUERRERO,26,ATLIXTAC,73,ZAPOTITLAN TABLAS,,,REG,MORENA,1,HORACIO GARCIA MORAN,1,,MORENA
4,12,GUERRERO,26,ATLIXTAC,73,ZAPOTITLAN TABLAS,,,REG,PRI,1,HONORINA VAZQUE DIRCIO,2,,PRI
4,12,GUERRERO,26,ATLIXTAC,,,,,DIP_LOC_MR,PRI_PRD,1,RAYMUNDO GARCIA GUTIERREZ,1,,PRD
4,12,GUERRERO,27,TLAPA,5,ALPOYECA,,,PRES_MUN,MC,1,NELZON GARCIA MORALES,1,,MC
4,12,GUERRERO,27,TLAPA,5,ALPOYECA,,,SIND,MC,1,ELVA GUADALUPE SALDIVAR AYALA,2,,MC
4,12,GUERRERO,27,TLAPA,5,ALPOYECA,,,REG,MC,1,FEDERICO GOMEZ VICTORIA,1,,MC
4,12,GUERRERO,27,TLAPA,5,ALPOYECA,,,REG,MC,2,YENY CALIXTO RIVERA,2,,MC
4,12,GUERRERO,27,TLAPA,5,ALPOYECA,,,REG,PRD,1,JUAN MANUEL ROJAS GARCIA,1,,PRD
4,12,GUERRERO,27,TLAPA,5,ALPOYECA,,,REG,PAN,2,IRAIS ODETTE GARCIA MALDONADO,2,,PAN
4,12,GUERRERO,27,TLAPA,5,ALPOYECA,,,REG,PT,2,DANIEL CASTILLO RIOS,1,,PT
4,12,GUERRERO,27,TLAPA,5,ALPOYECA,,,REG,MORENA,1,MAYRA SILVA LEAL,2,,MORENA
4,12,GUERRERO,27,TLAPA,24,CUALAC,,,PRES_MUN,PRI,1,HAZAEL ABURTO ORTEGA,1,,PRI
4,12,GUERRERO,27,TLAPA,24,CUALAC,,,SIND,PRI,1,YATZIRI LOPEZ CARRANZA,2,,PRI
4,12,GUERRERO,27,TLAPA,24,CUALAC,,,REG,PRI,1,CONSTANTINO RAMIREZ REYES,1,,PRI
4,12,GUERRERO,27,TLAPA,24,CUALAC,,,REG,PRI,2,MARIBEL CARRASCO MORALES,2,,PRI
4,12,GUERRERO,27,TLAPA,24,CUALAC,,,REG,PVEM,1,FRANCISCO JAVIER NAJERA ROMANO,1,,PVEM
4,12,GUERRERO,27,TLAPA,24,CUALAC,,,REG,PVEM,2,ANA MARIA VENTURA GARCIA,2,,PVEM
4,12,GUERRERO,27,TLAPA,24,CUALAC,,,REG,PT,1,MANUEL EUGENIO ARRIAGA ROSENDO,1,,PT
4,12,GUERRERO,27,TLAPA,24,CUALAC,,,REG,MORENA,1,ANA MARIA BARDOMIANO BAUTISTA,2,,MORENA
4,12,GUERRERO,27,TLAPA,34,HUAMUXTITLAN,,,PRES_MUN,MORENA,1,AURELIO MENDEZ ROSALES,1,,MORENA
4,12,GUERRERO,27,TLAPA,34,HUAMUXTITLAN,,,SIND,MORENA,1,MARITZA NAVARRO FRANCO,2,,MORENA
4,12,GUERRERO,27,TLAPA,34,HUAMUXTITLAN,,,REG,MORENA,1,FELIX MORALES PEREZ,1,,MORENA
4,12,GUERRERO,27,TLAPA,34,HUAMUXTITLAN,,,REG,MORENA,2,ZOILA IBARRA LORENZO,2,,MORENA
4,12,GUERRERO,27,TLAPA,34,HUAMUXTITLAN,,,REG,PRD,2,CRISTOBAL ARRIAGA VERGARA,1,,PRD
4,12,GUERRERO,27,TLAPA,34,HUAMUXTITLAN,,,REG,MC,2,AURORA AYALA AYALA,2,,MC
4,12,GUERRERO,27,TLAPA,34,HUAMUXTITLAN,,,REG,PRI,2,LAZARO JACOBO JACOBO,1,,PRI
4,12,GUERRERO,27,TLAPA,34,HUAMUXTITLAN,,,REG,PVEM,2,NASHELY GUZMAN RENDON,2,,PVEM
4,12,GUERRERO,27,TLAPA,46,OLINALA,,,PRES_MUN,MORENA,1,MIGUEL REYES PATRON,1,,MORENA
4,12,GUERRERO,27,TLAPA,46,OLINALA,,,SIND,MORENA,1,SOCORRO ROMANO FRANCO,2,,MORENA
4,12,GUERRERO,27,TLAPA,46,OLINALA,,,REG,MORENA,1,REMIGIO CORONEL REYES,1,,MORENA
4,12,GUERRERO,27,TLAPA,46,OLINALA,,,REG,MORENA,2,ANTONIA VILLA ZEFERINO,2,,MORENA
4,12,GUERRERO,27,TLAPA,46,OLINALA,,,REG,MORENA,3,LEOPOLDO REYES BELLO,1,,MORENA
4,12,GUERRERO,27,TLAPA,46,OLINALA,,,REG,MORENA,4,RUBYTH GARDENIA RODRIGUEZ SALGADO,2,,MORENA
4,12,GUERRERO,27,TLAPA,46,OLINALA,,,REG,PRI,1,ALEJANDRO PINZON MENOR,1,,PRI
4,12,GUERRERO,27,TLAPA,46,OLINALA,,,REG,PRI,2,JULIA MARTINEZ BAUTISTA,2,,PRI
4,12,GUERRERO,27,TLAPA,46,OLINALA,,,REG,PRI,3,OMAR JIMENEZ VILLAMIL,1,,PRI
4,12,GUERRERO,27,TLAPA,46,OLINALA,,,REG,MC,1,JAHAZEL RENDON GARCIA,2,,MC
4,12,GUERRERO,27,TLAPA,66,TLALIXTAQUILLA DE MALDONADO,,,PRES_MUN,MORENA,1,RAQUEL GARCIA ORDUÑO,2,,MORENA
4,12,GUERRERO,27,TLAPA,66,TLALIXTAQUILLA DE MALDONADO,,,SIND,MORENA,1,JOEL ANGEL ROMERO,1,,MORENA
4,12,GUERRERO,27,TLAPA,66,TLALIXTAQUILLA DE MALDONADO,,,REG,MORENA,1,NEREYDA MALDONADO TRINIDAD,2,,MORENA
4,12,GUERRERO,27,TLAPA,66,TLALIXTAQUILLA DE MALDONADO,,,REG,MORENA,2,ALFONSO REVERIANO LEON AYALA,1,,MORENA
4,12,GUERRERO,27,TLAPA,66,TLALIXTAQUILLA DE MALDONADO,,,REG,MORENA,3,ANA LAURA GONZALEZ ROMERO,2,,Morena
4,12,GUERRERO,27,TLAPA,66,TLALIXTAQUILLA DE MALDONADO,,,REG,PRI,2,CARLOS GARCIA TRINIDAD,1,,PRI
4,12,GUERRERO,27,TLAPA,66,TLALIXTAQUILLA DE MALDONADO,,,REG,PRI,1,OLIVIA UBALDA SAAVEDRA MERINO,2,,PRI
4,12,GUERRERO,27,TLAPA,66,TLALIXTAQUILLA DE MALDONADO,,,REG,PVEM,2,JUAN PEDRO LARIOS HERNANDEZ,1,,PVEM
4,12,GUERRERO,27,TLAPA,67,TLAPA DE COMONFORT,,,PRES_MUN,PRI_PRD,1,GILBERTO SOLANO ARREAGA,1,,PRD
4,12,GUERRERO,27,TLAPA,67,TLAPA DE COMONFORT,,,SIND,PRI_PRD,1,LETICIA SIERRA OLOZAGASTE,2,,PRD
4,12,GUERRERO,27,TLAPA,67,TLAPA DE COMONFORT,,,REG,MORENA,1,SEBASTIAN GOMEZ GONZALEZ,1,,MORENA
4,12,GUERRERO,27,TLAPA,67,TLAPA DE COMONFORT,,,REG,MORENA,2,CELIA GOMEZ NAVARRETE,2,,MORENA
4,12,GUERRERO,27,TLAPA,67,TLAPA DE COMONFORT,,,REG,MORENA,3,JORGE GONZALEZ LOPEZ,1,,MORENA
4,12,GUERRERO,27,TLAPA,67,TLAPA DE COMONFORT,,,REG,MORENA,4,DIANA LIZBETH CAMPOS CAMPOS,2,,MORENA
4,12,GUERRERO,27,TLAPA,67,TLAPA DE COMONFORT,,,REG,PRI,1,RAUL GARCIA LEYVA,1,,PRI
4,12,GUERRERO,27,TLAPA,67,TLAPA DE COMONFORT,,,REG,PRI,2,MARIA EDITHZABETH PARRA ZURITA,2,,PRI
4,12,GUERRERO,27,TLAPA,67,TLAPA DE COMONFORT,,,REG,PRI,3,DIEGO MENDEZ RODRIGUEZ,1,,PRI
4,12,GUERRERO,27,TLAPA,67,TLAPA DE COMONFORT,,,REG,PT,2,ELIA RAMIREZ FLORES,2,,PT
4,12,GUERRERO,27,TLAPA,67,TLAPA DE COMONFORT,,,REG,PT,1,HORACIO CANO CASTAÑEDA,1,,PT
4,12,GUERRERO,27,TLAPA,67,TLAPA DE COMONFORT,,,REG,PRD,2,DEYSSI GUERRERO BOLAÑOS,2,,PRD
4,12,GUERRERO,27,TLAPA,71,XOCHIHUEHUETLAN,,,PRES_MUN,PVEM,1,ROSEMBERT PONCIANO VENEGAS,1,,PVEM
4,12,GUERRERO,27,TLAPA,71,XOCHIHUEHUETLAN,,,SIND,PVEM,1,VERONICA RIVERA ROMERO,2,,PVEM
4,12,GUERRERO,27,TLAPA,71,XOCHIHUEHUETLAN,,,REG,PVEM,1,CARLOS VILLA GIL,1,,PVEM
4,12,GUERRERO,27,TLAPA,71,XOCHIHUEHUETLAN,,,REG,PVEM,2,MAGDALENA VAZQUEZ CARLOS,2,,PVEM
4,12,GUERRERO,27,TLAPA,71,XOCHIHUEHUETLAN,,,REG,MORENA,1,ALEJANDRO QUIÑONEZ RODRIGUEZ,1,,MORENA
4,12,GUERRERO,27,TLAPA,71,XOCHIHUEHUETLAN,,,REG,MORENA,2,ARELY SARAY MORALES MORALES,2,,MORENA
4,12,GUERRERO,27,TLAPA,71,XOCHIHUEHUETLAN,,,REG,PRD,1,DIEGO CHARLY LOPEZ VALLE,1,,PRD
4,12,GUERRERO,27,TLAPA,71,XOCHIHUEHUETLAN,,,REG,PT,1,YOLANDA RAYMUNDO CUAUTLA,2,,PT
4,12,GUERRERO,27,TLAPA,,,,,DIP_LOC_MR,MORENA,1,MARIA FLORES MALDONADO,2,,MORENA
4,12,GUERRERO,28,TLAPA,4,ALCOZAUCA DE GUERRERO,,,PRES_MUN,PRD,1,SEBASTIAN ORTIZ SAYAZ,1,,PRD
4,12,GUERRERO,28,TLAPA,4,ALCOZAUCA DE GUERRERO,,,SIND,PRD,1,AZUCENA ALATPORRE MARTINEZ,2,,PRD
4,12,GUERRERO,28,TLAPA,4,ALCOZAUCA DE GUERRERO,,,REG,PRD,1,ALVARO GONZALEZ MALDONADO,1,,PRD
4,12,GUERRERO,28,TLAPA,4,ALCOZAUCA DE GUERRERO,,,REG,PRD,2,MARICELA DIAZ CABALLERO,2,,PRD
4,12,GUERRERO,28,TLAPA,4,ALCOZAUCA DE GUERRERO,,,REG,PT,1,ANTONIO MALDONADO LUNA,1,,PT
4,12,GUERRERO,28,TLAPA,4,ALCOZAUCA DE GUERRERO,,,REG,PRI,1,YANELY GUADALUPE ROSALES SALAZAR,2,,PRI
4,12,GUERRERO,28,TLAPA,4,ALCOZAUCA DE GUERRERO,,,REG,MORENA,1,VLADIMIR NESTOR PASTOR,1,,MORENA
4,12,GUERRERO,28,TLAPA,4,ALCOZAUCA DE GUERRERO,,,REG,PVEM,2,ROSA ALBA GALVEZ PEREZ,2,,PVEM
4,12,GUERRERO,28,TLAPA,9,ATLAMAJALCINGO DEL MONTE,,,PRES_MUN,MORENA,1,CAMILO CANO GUZMAN,1,,MORENA
4,12,GUERRERO,28,TLAPA,9,ATLAMAJALCINGO DEL MONTE,,,SIND,MORENA,1,LETICIA VIVAR BELTRAN,2,,MORENA
4,12,GUERRERO,28,TLAPA,9,ATLAMAJALCINGO DEL MONTE,,,REG,MORENA,1,BENJAMIN FLORES GARCIA,1,,MORENA
4,12,GUERRERO,28,TLAPA,9,ATLAMAJALCINGO DEL MONTE,,,REG,MORENA,2,MARICELA GARCIA CANO,2,,MORENA
4,12,GUERRERO,28,TLAPA,9,ATLAMAJALCINGO DEL MONTE,,,REG,PT,1,ANTOLIN DE LOS SANTOS SANTIAGO,1,,PT
4,12,GUERRERO,28,TLAPA,9,ATLAMAJALCINGO DEL MONTE,,,REG,PT,2,YESSICA GALVEZ CASTAÑON,2,,PT
4,12,GUERRERO,28,TLAPA,9,ATLAMAJALCINGO DEL MONTE,,,REG,PRD,2,DEMETRIO REYES SANTIAGO,1,,PRD
4,12,GUERRERO,28,TLAPA,9,ATLAMAJALCINGO DEL MONTE,,,REG,PRI,2,MODESTA LEYVA TORRALVA,2,,PRI
4,12,GUERRERO,28,TLAPA,79,COCHOAPA EL GRANDE,,,PRES_MUN,PVEM,1,BERNARDO PONCE GARCIA,1,,PVEM
4,12,GUERRERO,28,TLAPA,79,COCHOAPA EL GRANDE,,,SIND,PVEM,1,HILDEBERTA MORENO FLORES,2,,PVEM
4,12,GUERRERO,28,TLAPA,79,COCHOAPA EL GRANDE,,,REG,PVEM,1,JUAN IGNACIO ALEJO,1,,PVEM
4,12,GUERRERO,28,TLAPA,79,COCHOAPA EL GRANDE,,,REG,PAN,2,GRACIELA DIAZ SABINO,2,,PAN
4,12,GUERRERO,28,TLAPA,79,COCHOAPA EL GRANDE,,,REG,PT,1,PEDRO ORTIZ ORTEGA,1,,PT
4,12,GUERRERO,28,TLAPA,79,COCHOAPA EL GRANDE,,,REG,MC,2,GUADALUPE CHAVEZ HERNANDEZ,2,,MC
4,12,GUERRERO,28,TLAPA,79,COCHOAPA EL GRANDE,,,REG,PRD,2,FIDEL PINZON DIAZ,1,,PRD
4,12,GUERRERO,28,TLAPA,79,COCHOAPA EL GRANDE,,,REG,PRI,1,MARIA REFUGIA MONTALVO CASTAÑEDA,2,,PRI
4,12,GUERRERO,28,TLAPA,78,ILIATENCO,,,PRES_MUN,PT,1,ERIC SANDRO LEAL CANTU,1,,PT
4,12,GUERRERO,28,TLAPA,78,ILIATENCO,,,SIND,PT,1,EUGENIA CANTU CANTU,2,,PT
4,12,GUERRERO,28,TLAPA,78,ILIATENCO,,,REG,PT,1,CELSO REYES DAMIAN,1,,PT
4,12,GUERRERO,28,TLAPA,78,ILIATENCO,,,REG,PT,2,MAXIMA MARTINEZ CANTU,2,,PT
4,12,GUERRERO,28,TLAPA,78,ILIATENCO,,,REG,PT,3,JESUS BELLO BRUNO,1,,PT
4,12,GUERRERO,28,TLAPA,78,ILIATENCO,,,REG,MC,1,RUFINA DIAZ MEJIA,2,,MC
4,12,GUERRERO,28,TLAPA,78,ILIATENCO,,,REG,MC,2,APOLONIO MARTINEZ DOLORES,1,,MC
4,12,GUERRERO,28,TLAPA,78,ILIATENCO,,,REG,MORENA,1,ALICIA CANTU VALDEZ,2,,MORENA
4,12,GUERRERO,28,TLAPA,42,MALINALTEPEC,,,PRES_MUN,PES,1,ACASIO FLORES GUERRERO,1,,PES
4,12,GUERRERO,28,TLAPA,42,MALINALTEPEC,,,SIND,PES,1,ANA MARIA ESPINOBARRO CRUZ,2,,PES
4,12,GUERRERO,28,TLAPA,42,MALINALTEPEC,,,REG,PES,1,JESUS MENDOZA REYES,1,,PES
4,12,GUERRERO,28,TLAPA,42,MALINALTEPEC,,,REG,PES,2,ANA GABRIELA ESTRADA REFUGIO,2,,PES
4,12,GUERRERO,28,TLAPA,42,MALINALTEPEC,,,REG,MORENA,1,LORENZO HERNANDEZ CANO,1,,MORENA
4,12,GUERRERO,28,TLAPA,42,MALINALTEPEC,,,REG,MORENA,2,BRISEIDA ISIDRO MARTINEZ,2,,MORENA
4,12,GUERRERO,28,TLAPA,42,MALINALTEPEC,,,REG,PT,1,HERMENEGILDO MORAN VILLAR,1,,PT
4,12,GUERRERO,28,TLAPA,42,MALINALTEPEC,,,REG,PT,2,MARIA ESTHER GALEANA JIMENEZ,2,,PT
4,12,GUERRERO,28,TLAPA,42,MALINALTEPEC,,,REG,PRD,1,INOCENCIO NAVARRO SOLANO,1,,PRD
4,12,GUERRERO,28,TLAPA,42,MALINALTEPEC,,,REG,PRI,2,HEIDI LOPEZ CHAVEZ,2,,PRI
4,12,GUERRERO,28,TLAPA,44,METLATONOC,,,PRES_MUN,PT,1,IDELFONSO MONTEALEGRE VAZQUEZ,1,,PT
4,12,GUERRERO,28,TLAPA,44,METLATONOC,,,SIND,PT,1,CRISTINA ALVAREZ MORENO,2,,PT
4,12,GUERRERO,28,TLAPA,44,METLATONOC,,,REG,PT,1,LUIS MONTEALEGRE GALICIA,1,,PT
4,12,GUERRERO,28,TLAPA,44,METLATONOC,,,REG,PT,2,IRMA VAZQUEZ RIVERA,2,,PT
4,12,GUERRERO,28,TLAPA,44,METLATONOC,,,REG,MORENA,1,EDUARDO GREGORIO ORTEGA,1,,MORENA
4,12,GUERRERO,28,TLAPA,44,METLATONOC,,,REG,MORENA,2,BIBIANA SIERRA MERCENARIO,2,,MORENA
4,12,GUERRERO,28,TLAPA,44,METLATONOC,,,REG,MC,1,JUVENTINO ORTIZ CHAVEZ,1,,MC
4,12,GUERRERO,28,TLAPA,44,METLATONOC,,,REG,PES,1,BLANCA EDID MORENO AYALA,2,,PES
4,12,GUERRERO,28,TLAPA,70,XALPATLAHUAC,,,PRES_MUN,PRI,1,SELENE SOTELO MALDONADO,2,,PRI
4,12,GUERRERO,28,TLAPA,70,XALPATLAHUAC,,,SIND,PRI,1,DEMETRIO CANDIA GALVEZ,1,,PRI
4,12,GUERRERO,28,TLAPA,70,XALPATLAHUAC,,,REG,PRI,1,MAGDALENA DELGADO GOMEZ,2,,PRI
4,12,GUERRERO,28,TLAPA,70,XALPATLAHUAC,,,REG,PRI,2,MAURILIO FRANCISCO HERNANDEZ,1,,PRI
4,12,GUERRERO,28,TLAPA,70,XALPATLAHUAC,,,REG,MORENA,2,CARMEN PINZON VILLANUEVA,2,,MORENA
4,12,GUERRERO,28,TLAPA,70,XALPATLAHUAC,,,REG,MORENA,1,JORGE MARTINEZ LARIOS,1,,MORENA
4,12,GUERRERO,28,TLAPA,70,XALPATLAHUAC,,,REG,MC,2,ELOINA VILLAREAL COMONFORT,2,,MC
4,12,GUERRERO,28,TLAPA,70,XALPATLAHUAC,,,REG,MC,1,FRANCISCO ITURVIDE SALAZAR,1,,MC
4,12,GUERRERO,28,TLAPA,,,,,DIP_LOC_MR,MORENA,1,MASEDONIO MENDOZA BASURTO,1,,MORENA
4,12,GUERRERO,,,,,,,DIP_LOC_RP,PAN,2,ANA LENIS RESENDIZ JAVIER,2,,PAN
4,12,GUERRERO,,,,,,,DIP_LOC_RP,PRI,1,HECTOR APREZA PATRON,1,,PRI
4,12,GUERRERO,,,,,,,DIP_LOC_RP,PRI,2,JULIETA FERNANDEZ MARQUEZ,2,,PRI
4,12,GUERRERO,,,,,,,DIP_LOC_RP,PRI,3,ESTEBAN ALBARRAN MENDOZA,1,,PRI
4,12,GUERRERO,,,,,,,DIP_LOC_RP,PRI,4,GABRIELA BERNAL RESENDIZ,2,,PRI
4,12,GUERRERO,,,,,,,DIP_LOC_RP,PRI,6,ALICIA ELIZABETH ZAMORA VILLALVA,2,,PRI
4,12,GUERRERO,,,,,,,DIP_LOC_RP,PRD,2,PATRICIA DOROTEO CALDERON,2,,PRD
4,12,GUERRERO,,,,,,,DIP_LOC_RP,PRD,3,YANELLY HERNANDEZ MARTINEZ,2,,PRD
4,12,GUERRERO,,,,,,,DIP_LOC_RP,PRD,4,JENNYFER GARCIA LUCENA,2,,PRD
4,12,GUERRERO,,,,,,,DIP_LOC_RP,PT,1,LETICIA MOSSO HERNANDEZ,2,,PT
4,12,GUERRERO,,,,,,,DIP_LOC_RP,PVEM,2,HILDA JENNIFER PONCE MENDOZA,2,,PVEM
4,12,GUERRERO,,,,,,,DIP_LOC_RP,MORENA,1,YOLOCZIN LIZBETH DOMINGUEZ SERNA,2,,MORENA
4,12,GUERRERO,,,,,,,DIP_LOC_RP,MORENA,2,JACINTO GONZALEZ VARONA,1,,MORENA
4,12,GUERRERO,,,,,,,DIP_LOC_RP,MORENA,3,MARBEN DE LA CRUZ SANTIAGO,2,,MORENA
4,12,GUERRERO,,,,,,,DIP_LOC_RP,MORENA,4,ALFREDO SANCHEZ ESQUIVEL,1,,MORENA
4,12,GUERRERO,,,,,,,DIP_LOC_RP,MORENA,5,CLAUDIA SIERRA PEREZ,2,,MORENA
4,12,GUERRERO,,,,,,,DIP_LOC_RP,MORENA,7,NORA YANEK VELAZQUEZ MARTINEZ,2,,MORENA
4,12,GUERRERO,,,,,,,DIP_LOC_RP,MORENA,9,ANGELICA ESPINOZA GARCIA,2,,MORENA
