CIRCUNSCRIPCION,ID_ESTADO,NOMBRE_ESTADO,ID_DISTRITO,CABECERA_DISTRITAL,ID_MUNICIPIO,MUNICIPIO,SECCION,CASILLAS,PAN_PRS,PRI_PVEM,PRI_PVEM_NVA_ALIANZA,PRD_PT_MC,NVA_ALIANZA,MORENA,PH,ES,MHTG,NUM_VOTOS_CAN_NREG,NUM_VOTOS_VALIDOS,NUM_VOTOS_NULOS,TOTAL_VOTOS,LISTA_NOMINAL
1,3,BAJA CALIFORNIA SUR,1,LA PAZ,3,LA PAZ,121,2,233,,143,58,,46,12,35,,4,531,18,549,1009
1,3,BAJA CALIFORNIA SUR,1,LA PAZ,3,LA PAZ,122,1,150,,131,39,,34,7,26,,0,387,15,402,723
1,3,BAJA CALIFORNIA SUR,1,LA PAZ,3,LA PAZ,123,2,219,,171,66,,35,9,19,,1,520,19,539,850
1,3,BAJA CALIFORNIA SUR,1,LA PAZ,3,LA PAZ,124,2,255,,204,53,,40,16,27,,4,599,12,611,998
1,3,BAJA CALIFORNIA SUR,1,LA PAZ,3,LA PAZ,125,1,132,,132,32,,17,12,15,,1,341,6,347,567
1,3,BAJA CALIFORNIA SUR,1,LA PAZ,3,LA PAZ,126,1,174,,120,69,,22,12,9,,2,408,14,422,717
1,3,BAJA CALIFORNIA SUR,1,LA PAZ,3,LA PAZ,127,1,140,,102,63,,26,12,19,,0,362,8,370,736
1,3,BAJA CALIFORNIA SUR,1,LA PAZ,3,LA PAZ,128,1,113,,97,79,,18,8,13,,2,330,5,335,601
1,3,BAJA CALIFORNIA SUR,1,LA PAZ,3,LA PAZ,129,2,218,,103,96,,31,7,24,,0,479,19,498,958
1,3,BAJA CALIFORNIA SUR,1,LA PAZ,3,LA PAZ,130,1,64,,46,20,,7,8,13,,0,158,4,162,375
1,3,BAJA CALIFORNIA SUR,1,LA PAZ,3,LA PAZ,131,1,75,,71,37,,37,5,15,,1,241,4,245,514
1,3,BAJA CALIFORNIA SUR,1,LA PAZ,3,LA PAZ,132,1,61,,59,28,,19,7,17,,0,191,3,194,422
1,3,BAJA CALIFORNIA SUR,1,LA PAZ,3,LA PAZ,133,1,52,,52,22,,12,6,9,,1,154,8,162,362
1,3,BAJA CALIFORNIA SUR,1,LA PAZ,3,LA PAZ,134,1,56,,38,22,,14,4,5,,0,139,5,144,306
1,3,BAJA CALIFORNIA SUR,1,LA PAZ,3,LA PAZ,135,2,197,,153,112,,36,7,15,,1,521,20,541,1032
1,3,BAJA CALIFORNIA SUR,1,LA PAZ,3,LA PAZ,136,2,232,,91,83,,32,13,16,,2,469,10,479,792
1,3,BAJA CALIFORNIA SUR,1,LA PAZ,3,LA PAZ,137,2,189,,153,86,,22,14,20,,0,484,18,502,817
1,3,BAJA CALIFORNIA SUR,1,LA PAZ,3,LA PAZ,138,1,152,,87,69,,14,8,17,,0,347,17,364,654
1,3,BAJA CALIFORNIA SUR,1,LA PAZ,3,LA PAZ,139,1,89,,81,70,,35,4,9,,3,291,10,301,555
1,3,BAJA CALIFORNIA SUR,1,LA PAZ,3,LA PAZ,140,1,78,,49,51,,12,11,14,,1,216,10,226,504
1,3,BAJA CALIFORNIA SUR,1,LA PAZ,3,LA PAZ,141,2,142,,87,67,,33,8,15,,0,352,18,370,769
1,3,BAJA CALIFORNIA SUR,1,LA PAZ,3,LA PAZ,142,2,147,,192,84,,25,7,27,,1,483,16,499,1023
1,3,BAJA CALIFORNIA SUR,1,LA PAZ,3,LA PAZ,143,3,294,,276,111,,45,19,32,,1,778,21,799,1715
1,3,BAJA CALIFORNIA SUR,1,LA PAZ,3,LA PAZ,144,2,234,,229,102,,38,13,18,,2,636,24,660,1407
1,3,BAJA CALIFORNIA SUR,1,LA PAZ,3,LA PAZ,145,2,133,,78,59,,24,7,41,,0,342,8,350,752
1,3,BAJA CALIFORNIA SUR,1,LA PAZ,3,LA PAZ,146,1,113,,72,65,,22,6,19,,0,297,8,305,637
1,3,BAJA CALIFORNIA SUR,1,LA PAZ,3,LA PAZ,147,1,112,,89,81,,32,8,30,,0,352,16,368,688
1,3,BAJA CALIFORNIA SUR,1,LA PAZ,3,LA PAZ,148,1,125,,76,57,,17,7,27,,1,310,13,323,541
1,3,BAJA CALIFORNIA SUR,1,LA PAZ,3,LA PAZ,149,1,100,,89,70,,25,7,20,,1,312,12,324,597
1,3,BAJA CALIFORNIA SUR,1,LA PAZ,3,LA PAZ,150,1,74,,79,65,,26,8,28,,1,281,9,290,499
1,3,BAJA CALIFORNIA SUR,1,LA PAZ,3,LA PAZ,151,1,105,,82,51,,19,5,19,,0,281,11,292,636
1,3,BAJA CALIFORNIA SUR,1,LA PAZ,3,LA PAZ,152,2,131,,117,61,,26,14,29,,1,379,12,391,874
1,3,BAJA CALIFORNIA SUR,1,LA PAZ,3,LA PAZ,153,2,149,,225,146,,46,11,41,,4,622,20,642,1316
1,3,BAJA CALIFORNIA SUR,1,LA PAZ,3,LA PAZ,154,2,162,,155,121,,46,14,44,,5,547,23,570,1139
1,3,BAJA CALIFORNIA SUR,1,LA PAZ,3,LA PAZ,155,2,185,,175,78,,55,16,30,,4,543,17,560,980
1,3,BAJA CALIFORNIA SUR,1,LA PAZ,3,LA PAZ,156,5,548,,448,256,,90,33,81,,0,1456,47,1503,3157
1,3,BAJA CALIFORNIA SUR,1,LA PAZ,3,LA PAZ,157,2,188,,119,62,,25,9,9,,0,412,10,422,819
1,3,BAJA CALIFORNIA SUR,1,LA PAZ,3,LA PAZ,158,2,165,,100,54,,23,22,32,,0,396,16,412,795
1,3,BAJA CALIFORNIA SUR,2,LA PAZ,3,LA PAZ,159,1,122,,80,31,,28,2,10,,5,278,5,283,502
1,3,BAJA CALIFORNIA SUR,2,LA PAZ,3,LA PAZ,160,1,126,,96,30,,28,12,13,,1,306,7,313,488
1,3,BAJA CALIFORNIA SUR,2,LA PAZ,3,LA PAZ,161,1,197,,112,46,,27,7,30,,1,420,12,432,667
1,3,BAJA CALIFORNIA SUR,2,LA PAZ,3,LA PAZ,162,2,203,,192,76,,28,15,20,,6,540,19,559,854
1,3,BAJA CALIFORNIA SUR,2,LA PAZ,3,LA PAZ,163,1,195,,130,50,,21,13,16,,0,425,9,434,662
1,3,BAJA CALIFORNIA SUR,2,LA PAZ,3,LA PAZ,164,2,189,,208,58,,22,18,19,,0,514,17,531,864
1,3,BAJA CALIFORNIA SUR,2,LA PAZ,3,LA PAZ,165,2,210,,165,125,,34,14,24,,3,575,16,591,899
1,3,BAJA CALIFORNIA SUR,2,LA PAZ,3,LA PAZ,166,1,179,,162,56,,43,13,7,,1,461,13,474,686
1,3,BAJA CALIFORNIA SUR,2,LA PAZ,3,LA PAZ,167,2,252,,209,100,,37,25,16,,3,642,14,656,1073
1,3,BAJA CALIFORNIA SUR,2,LA PAZ,3,LA PAZ,168,2,277,,140,88,,52,11,14,,3,585,12,597,991
1,3,BAJA CALIFORNIA SUR,2,LA PAZ,3,LA PAZ,169,2,138,,85,61,,9,9,11,,0,313,14,327,763
1,3,BAJA CALIFORNIA SUR,2,LA PAZ,3,LA PAZ,170,1,153,,87,42,,13,11,8,,0,314,7,321,528
1,3,BAJA CALIFORNIA SUR,2,LA PAZ,3,LA PAZ,171,1,180,,84,50,,20,9,15,,0,358,7,365,598
1,3,BAJA CALIFORNIA SUR,2,LA PAZ,3,LA PAZ,172,1,167,,110,65,,28,15,10,,1,396,19,415,694
1,3,BAJA CALIFORNIA SUR,2,LA PAZ,3,LA PAZ,173,2,243,,144,92,,52,11,32,,1,575,21,596,1009
1,3,BAJA CALIFORNIA SUR,2,LA PAZ,3,LA PAZ,174,2,266,,136,83,,9,16,23,,5,538,17,555,982
1,3,BAJA CALIFORNIA SUR,2,LA PAZ,3,LA PAZ,175,2,260,,200,117,,38,25,42,,2,684,17,701,1304
1,3,BAJA CALIFORNIA SUR,2,LA PAZ,3,LA PAZ,176,1,142,,66,76,,19,8,12,,2,325,13,338,552
1,3,BAJA CALIFORNIA SUR,2,LA PAZ,3,LA PAZ,177,1,163,,57,58,,18,8,12,,1,317,6,323,532
1,3,BAJA CALIFORNIA SUR,2,LA PAZ,3,LA PAZ,178,1,92,,69,79,,16,9,14,,1,280,9,289,505
1,3,BAJA CALIFORNIA SUR,2,LA PAZ,3,LA PAZ,179,2,195,,107,78,,38,9,16,,1,444,20,464,860
1,3,BAJA CALIFORNIA SUR,2,LA PAZ,3,LA PAZ,180,2,199,,122,77,,27,15,24,,1,465,24,489,910
1,3,BAJA CALIFORNIA SUR,2,LA PAZ,3,LA PAZ,181,2,254,,142,148,,50,16,17,,2,629,17,646,1191
1,3,BAJA CALIFORNIA SUR,2,LA PAZ,3,LA PAZ,182,2,198,,120,108,,13,7,8,,1,455,18,473,831
1,3,BAJA CALIFORNIA SUR,2,LA PAZ,3,LA PAZ,183,1,173,,88,67,,21,23,7,,2,381,8,389,663
1,3,BAJA CALIFORNIA SUR,3,LA PAZ,3,LA PAZ,184,1,86,,76,33,,12,1,1,,0,209,3,212,327
1,3,BAJA CALIFORNIA SUR,3,LA PAZ,3,LA PAZ,185,1,153,,110,57,,32,6,17,,4,379,6,385,681
1,3,BAJA CALIFORNIA SUR,3,LA PAZ,3,LA PAZ,186,2,201,,195,76,,46,12,20,,2,552,11,563,870
1,3,BAJA CALIFORNIA SUR,3,LA PAZ,3,LA PAZ,187,2,220,,170,83,,40,17,11,,2,543,11,554,824
1,3,BAJA CALIFORNIA SUR,3,LA PAZ,3,LA PAZ,188,2,187,,157,72,,35,12,23,,2,488,24,512,756
1,3,BAJA CALIFORNIA SUR,3,LA PAZ,3,LA PAZ,189,2,225,,208,81,,37,11,37,,7,606,19,625,973
1,3,BAJA CALIFORNIA SUR,3,LA PAZ,3,LA PAZ,190,2,307,,189,89,,55,9,27,,2,678,17,695,1134
1,3,BAJA CALIFORNIA SUR,3,LA PAZ,3,LA PAZ,191,2,245,,186,61,,36,17,40,,2,587,16,603,943
1,3,BAJA CALIFORNIA SUR,3,LA PAZ,3,LA PAZ,192,1,164,,132,76,,41,12,31,,2,458,15,473,735
1,3,BAJA CALIFORNIA SUR,3,LA PAZ,3,LA PAZ,193,2,178,,233,101,,49,12,27,,2,602,19,621,896
1,3,BAJA CALIFORNIA SUR,3,LA PAZ,3,LA PAZ,194,1,117,,120,33,,37,14,26,,4,351,9,360,552
1,3,BAJA CALIFORNIA SUR,3,LA PAZ,3,LA PAZ,195,1,112,,110,77,,37,14,14,,1,365,10,375,651
1,3,BAJA CALIFORNIA SUR,3,LA PAZ,3,LA PAZ,196,2,223,,156,74,,29,25,30,,1,538,3,541,908
1,3,BAJA CALIFORNIA SUR,3,LA PAZ,3,LA PAZ,197,3,346,,280,159,,71,30,55,,5,946,23,969,1565
1,3,BAJA CALIFORNIA SUR,3,LA PAZ,3,LA PAZ,198,1,194,,79,75,,14,13,12,,0,387,17,404,681
1,3,BAJA CALIFORNIA SUR,3,LA PAZ,3,LA PAZ,199,1,144,,111,71,,17,10,19,,0,372,7,379,600
1,3,BAJA CALIFORNIA SUR,3,LA PAZ,3,LA PAZ,200,1,129,,121,45,,35,16,27,,3,376,14,390,633
1,3,BAJA CALIFORNIA SUR,3,LA PAZ,3,LA PAZ,201,1,110,,54,70,,20,6,8,,0,268,10,278,506
1,3,BAJA CALIFORNIA SUR,3,LA PAZ,3,LA PAZ,202,2,313,,268,111,,73,29,58,,0,852,24,876,1339
1,3,BAJA CALIFORNIA SUR,3,LA PAZ,3,LA PAZ,203,2,187,,111,84,,28,15,30,,0,455,9,464,818
1,3,BAJA CALIFORNIA SUR,3,LA PAZ,3,LA PAZ,204,2,203,,103,80,,35,13,28,,1,463,21,484,865
1,3,BAJA CALIFORNIA SUR,3,LA PAZ,3,LA PAZ,205,1,153,,68,71,,24,14,24,,1,355,12,367,667
1,3,BAJA CALIFORNIA SUR,3,LA PAZ,3,LA PAZ,206,4,459,,298,242,,78,32,75,,0,1184,25,1209,2494
1,3,BAJA CALIFORNIA SUR,4,LA PAZ,3,LA PAZ,226,2,298,,171,120,,59,14,26,,5,693,8,701,1060
1,3,BAJA CALIFORNIA SUR,4,LA PAZ,3,LA PAZ,227,2,325,,178,100,,67,19,34,,0,723,19,742,1281
1,3,BAJA CALIFORNIA SUR,4,LA PAZ,3,LA PAZ,228,2,322,,203,141,,71,29,28,,4,798,18,816,1465
1,3,BAJA CALIFORNIA SUR,4,LA PAZ,3,LA PAZ,229,1,168,,105,82,,43,11,23,,3,435,13,448,737
1,3,BAJA CALIFORNIA SUR,4,LA PAZ,3,LA PAZ,230,1,183,,101,113,,25,11,28,,1,462,13,475,738
1,3,BAJA CALIFORNIA SUR,4,LA PAZ,3,LA PAZ,231,1,142,,64,59,,34,14,11,,0,324,1,325,502
1,3,BAJA CALIFORNIA SUR,4,LA PAZ,3,LA PAZ,232,2,206,,107,75,,42,15,22,,2,469,8,477,798
1,3,BAJA CALIFORNIA SUR,4,LA PAZ,3,LA PAZ,233,1,157,,70,70,,30,9,20,,0,356,4,360,599
1,3,BAJA CALIFORNIA SUR,4,LA PAZ,3,LA PAZ,234,2,226,,156,90,,36,22,26,,3,559,12,571,874
1,3,BAJA CALIFORNIA SUR,4,LA PAZ,3,LA PAZ,235,2,221,,123,79,,49,26,32,,0,530,19,549,909
1,3,BAJA CALIFORNIA SUR,4,LA PAZ,3,LA PAZ,236,1,124,,49,38,,15,6,8,,1,241,3,244,417
1,3,BAJA CALIFORNIA SUR,4,LA PAZ,3,LA PAZ,237,2,202,,152,99,,50,24,32,,0,559,19,578,922
1,3,BAJA CALIFORNIA SUR,4,LA PAZ,3,LA PAZ,238,2,189,,148,64,,34,19,18,,0,472,11,483,787
1,3,BAJA CALIFORNIA SUR,4,LA PAZ,3,LA PAZ,239,2,259,,120,93,,37,25,44,,1,579,5,584,1013
1,3,BAJA CALIFORNIA SUR,4,LA PAZ,3,LA PAZ,240,1,104,,54,40,,25,20,10,,0,253,3,256,522
1,3,BAJA CALIFORNIA SUR,4,LA PAZ,3,LA PAZ,241,1,109,,64,42,,28,12,17,,1,273,4,277,524
1,3,BAJA CALIFORNIA SUR,4,LA PAZ,3,LA PAZ,242,2,208,,135,61,,25,21,20,,1,471,13,484,626
1,3,BAJA CALIFORNIA SUR,4,LA PAZ,3,LA PAZ,243,1,128,,129,67,,25,13,15,,2,379,6,385,650
1,3,BAJA CALIFORNIA SUR,4,LA PAZ,3,LA PAZ,244,1,124,,130,84,,28,22,25,,1,414,11,425,690
1,3,BAJA CALIFORNIA SUR,4,LA PAZ,3,LA PAZ,245,1,135,,126,49,,29,12,18,,4,373,10,383,584
1,3,BAJA CALIFORNIA SUR,4,LA PAZ,3,LA PAZ,246,2,185,,118,74,,27,16,19,,2,441,19,460,888
1,3,BAJA CALIFORNIA SUR,4,LA PAZ,3,LA PAZ,247,2,168,,106,74,,25,13,11,,0,397,11,408,813
1,3,BAJA CALIFORNIA SUR,4,LA PAZ,3,LA PAZ,248,2,232,,185,101,,32,24,29,,4,607,13,620,699
1,3,BAJA CALIFORNIA SUR,4,LA PAZ,3,LA PAZ,249,2,207,,116,108,,55,15,25,,6,532,9,541,840
1,3,BAJA CALIFORNIA SUR,4,LA PAZ,3,LA PAZ,250,2,212,,122,80,,46,31,10,,1,502,15,517,1024
1,3,BAJA CALIFORNIA SUR,4,LA PAZ,3,LA PAZ,251,1,104,,64,48,,28,7,4,,0,255,20,275,535
1,3,BAJA CALIFORNIA SUR,4,LA PAZ,3,LA PAZ,254,1,140,,42,18,,6,2,3,,0,211,8,219,314
1,3,BAJA CALIFORNIA SUR,4,LA PAZ,3,LA PAZ,255,3,343,,174,223,,61,17,25,,1,844,43,887,1850
1,3,BAJA CALIFORNIA SUR,4,LA PAZ,3,LA PAZ,440,1,148,,69,69,,33,14,29,,1,363,9,372,638
1,3,BAJA CALIFORNIA SUR,4,LA PAZ,3,LA PAZ,441,1,94,,48,35,,21,13,22,,2,235,10,245,481
1,3,BAJA CALIFORNIA SUR,4,LA PAZ,3,LA PAZ,442,1,117,,86,44,,26,18,27,,1,319,12,331,657
1,3,BAJA CALIFORNIA SUR,4,LA PAZ,3,LA PAZ,443,2,150,,86,69,,34,21,15,,1,376,7,383,753
1,3,BAJA CALIFORNIA SUR,4,LA PAZ,3,LA PAZ,444,1,81,,57,45,,22,11,16,,1,233,10,243,459
1,3,BAJA CALIFORNIA SUR,4,LA PAZ,3,LA PAZ,445,1,129,,49,54,,32,11,36,,1,312,6,318,513
1,3,BAJA CALIFORNIA SUR,4,LA PAZ,3,LA PAZ,446,2,162,,124,89,,44,30,23,,4,476,11,487,966
1,3,BAJA CALIFORNIA SUR,4,LA PAZ,3,LA PAZ,447,1,92,,59,23,,16,8,16,,1,215,8,223,567
1,3,BAJA CALIFORNIA SUR,4,LA PAZ,3,LA PAZ,448,1,86,,43,31,,12,6,6,,0,184,5,189,453
1,3,BAJA CALIFORNIA SUR,4,LA PAZ,3,LA PAZ,449,1,118,,71,35,,20,10,13,,1,268,11,279,573
1,3,BAJA CALIFORNIA SUR,4,LA PAZ,3,LA PAZ,450,1,76,,79,44,,22,4,6,,1,232,6,238,573
1,3,BAJA CALIFORNIA SUR,4,LA PAZ,3,LA PAZ,451,2,124,,69,29,,24,14,16,,1,277,6,283,755
1,3,BAJA CALIFORNIA SUR,4,LA PAZ,3,LA PAZ,452,2,112,,74,54,,17,27,17,,2,303,13,316,759
1,3,BAJA CALIFORNIA SUR,4,LA PAZ,3,LA PAZ,453,1,98,,68,36,,18,12,4,,0,236,9,245,637
1,3,BAJA CALIFORNIA SUR,4,LA PAZ,3,LA PAZ,454,1,105,,73,39,,25,6,5,,0,253,7,260,532
1,3,BAJA CALIFORNIA SUR,4,LA PAZ,3,LA PAZ,455,1,86,,59,45,,18,8,12,,0,228,7,235,578
1,3,BAJA CALIFORNIA SUR,4,LA PAZ,3,LA PAZ,456,1,40,,42,29,,16,2,11,,4,144,6,150,319
1,3,BAJA CALIFORNIA SUR,4,LA PAZ,3,LA PAZ,457,1,86,,68,45,,22,10,7,,0,238,1,239,522
1,3,BAJA CALIFORNIA SUR,4,LA PAZ,3,LA PAZ,458,1,134,,73,56,,16,0,23,,1,303,6,309,742
1,3,BAJA CALIFORNIA SUR,4,LA PAZ,3,LA PAZ,459,1,81,,89,48,,23,11,12,,2,266,4,270,699
1,3,BAJA CALIFORNIA SUR,4,LA PAZ,3,LA PAZ,460,1,108,,93,51,,31,11,19,,0,313,8,321,569
1,3,BAJA CALIFORNIA SUR,4,LA PAZ,3,LA PAZ,461,1,99,,80,40,,21,10,17,,0,267,2,269,493
1,3,BAJA CALIFORNIA SUR,4,LA PAZ,3,LA PAZ,462,1,99,,68,54,,27,11,15,,1,275,5,280,566
1,3,BAJA CALIFORNIA SUR,4,LA PAZ,3,LA PAZ,463,1,96,,71,45,,26,19,19,,0,276,10,286,546
1,3,BAJA CALIFORNIA SUR,4,LA PAZ,3,LA PAZ,464,1,170,,48,52,,19,18,13,,1,321,8,329,719
1,3,BAJA CALIFORNIA SUR,4,LA PAZ,3,LA PAZ,465,2,149,,104,93,,28,26,24,,3,427,11,438,814
1,3,BAJA CALIFORNIA SUR,4,LA PAZ,3,LA PAZ,466,1,113,,56,55,,17,19,17,,1,278,6,284,697
1,3,BAJA CALIFORNIA SUR,4,LA PAZ,3,LA PAZ,467,1,124,,65,41,,29,11,11,,1,282,8,290,711
1,3,BAJA CALIFORNIA SUR,4,LA PAZ,3,LA PAZ,468,1,136,,71,37,,29,10,14,,1,298,7,305,718
1,3,BAJA CALIFORNIA SUR,4,LA PAZ,3,LA PAZ,469,1,96,,73,55,,17,10,15,,0,266,6,272,684
1,3,BAJA CALIFORNIA SUR,4,LA PAZ,3,LA PAZ,470,2,159,,77,56,,19,16,24,,1,352,11,363,995
1,3,BAJA CALIFORNIA SUR,4,LA PAZ,3,LA PAZ,471,1,83,,55,58,,22,12,10,,1,241,3,244,595
1,3,BAJA CALIFORNIA SUR,4,LA PAZ,3,LA PAZ,472,2,168,,83,69,,34,23,16,,0,393,14,407,901
1,3,BAJA CALIFORNIA SUR,4,LA PAZ,3,LA PAZ,473,1,99,,58,24,,9,7,12,,2,211,3,214,460
1,3,BAJA CALIFORNIA SUR,4,LA PAZ,3,LA PAZ,474,1,99,,36,29,,13,2,10,,0,189,7,196,527
1,3,BAJA CALIFORNIA SUR,4,LA PAZ,3,LA PAZ,475,2,261,,147,80,,30,22,17,,1,558,9,567,1242
1,3,BAJA CALIFORNIA SUR,4,LA PAZ,3,LA PAZ,476,1,121,,62,20,,14,12,4,,1,234,11,245,555
1,3,BAJA CALIFORNIA SUR,4,LA PAZ,3,LA PAZ,477,1,145,,41,27,,19,7,9,,0,248,10,258,588
1,3,BAJA CALIFORNIA SUR,4,LA PAZ,3,LA PAZ,478,2,221,,90,61,,46,28,30,,1,477,16,493,965
1,3,BAJA CALIFORNIA SUR,4,LA PAZ,3,LA PAZ,479,2,178,,119,109,,42,23,19,,1,491,11,502,1092
1,3,BAJA CALIFORNIA SUR,4,LA PAZ,3,LA PAZ,480,2,136,,104,73,,29,17,16,,0,375,13,388,882
1,3,BAJA CALIFORNIA SUR,4,LA PAZ,3,LA PAZ,481,2,196,,123,71,,17,21,14,,0,442,9,451,989
1,3,BAJA CALIFORNIA SUR,4,LA PAZ,3,LA PAZ,482,2,215,,129,89,,56,26,19,,0,534,10,544,1212
1,3,BAJA CALIFORNIA SUR,4,LA PAZ,3,LA PAZ,483,1,126,,53,67,,25,14,17,,1,303,1,304,713
1,3,BAJA CALIFORNIA SUR,4,LA PAZ,3,LA PAZ,484,2,135,,69,91,,23,17,14,,0,349,7,356,836
1,3,BAJA CALIFORNIA SUR,4,LA PAZ,3,LA PAZ,485,2,182,,99,59,,45,25,23,,2,435,17,452,957
1,3,BAJA CALIFORNIA SUR,4,LA PAZ,3,LA PAZ,486,2,176,,117,72,,52,27,33,,1,478,13,491,889
1,3,BAJA CALIFORNIA SUR,4,LA PAZ,3,LA PAZ,487,2,212,,135,92,,62,31,34,,0,566,9,575,1081
1,3,BAJA CALIFORNIA SUR,4,LA PAZ,3,LA PAZ,488,2,225,,123,94,,66,22,23,,2,555,16,571,1068
1,3,BAJA CALIFORNIA SUR,4,LA PAZ,3,LA PAZ,489,2,206,,116,83,,73,22,35,,1,536,13,549,1064
1,3,BAJA CALIFORNIA SUR,4,LA PAZ,3,LA PAZ,490,2,205,,107,86,,25,19,26,,0,468,11,479,947
1,3,BAJA CALIFORNIA SUR,4,LA PAZ,3,LA PAZ,491,2,247,,115,58,,53,29,24,,0,526,18,544,1048
1,3,BAJA CALIFORNIA SUR,4,LA PAZ,3,LA PAZ,492,2,187,,107,88,,38,22,21,,1,464,2,466,1053
1,3,BAJA CALIFORNIA SUR,4,LA PAZ,3,LA PAZ,493,2,203,,105,72,,35,13,18,,1,447,9,456,954
1,3,BAJA CALIFORNIA SUR,4,LA PAZ,3,LA PAZ,494,2,230,,113,91,,24,22,22,,2,504,8,512,1184
1,3,BAJA CALIFORNIA SUR,4,LA PAZ,3,LA PAZ,495,2,176,,110,76,,31,23,24,,0,440,8,448,1120
1,3,BAJA CALIFORNIA SUR,5,LA PAZ,3,LA PAZ,207,1,137,,142,48,,41,5,10,,1,384,11,395,622
1,3,BAJA CALIFORNIA SUR,5,LA PAZ,3,LA PAZ,208,1,193,,86,52,,38,7,22,,1,399,13,412,733
1,3,BAJA CALIFORNIA SUR,5,LA PAZ,3,LA PAZ,209,3,432,,262,102,,69,31,45,,4,945,39,984,1589
1,3,BAJA CALIFORNIA SUR,5,LA PAZ,3,LA PAZ,210,5,783,,667,341,,180,63,103,,9,2146,36,2182,3706
1,3,BAJA CALIFORNIA SUR,5,LA PAZ,3,LA PAZ,211,2,284,,186,112,,65,19,37,,2,705,15,720,1230
1,3,BAJA CALIFORNIA SUR,5,LA PAZ,3,LA PAZ,212,2,216,,196,65,,58,25,34,,1,595,14,609,932
1,3,BAJA CALIFORNIA SUR,5,LA PAZ,3,LA PAZ,213,2,307,,195,148,,56,21,25,,3,755,24,779,1283
1,3,BAJA CALIFORNIA SUR,5,LA PAZ,3,LA PAZ,214,2,198,,165,82,,48,19,25,,1,538,19,557,887
1,3,BAJA CALIFORNIA SUR,5,LA PAZ,3,LA PAZ,215,2,153,,138,68,,47,16,16,,3,441,14,455,751
1,3,BAJA CALIFORNIA SUR,5,LA PAZ,3,LA PAZ,216,1,113,,74,59,,20,11,16,,1,294,8,302,515
1,3,BAJA CALIFORNIA SUR,5,LA PAZ,3,LA PAZ,217,6,795,,653,347,,201,65,96,,8,2165,51,2216,3771
1,3,BAJA CALIFORNIA SUR,5,LA PAZ,3,LA PAZ,218,4,479,,413,170,,122,39,64,,2,1289,43,1332,2263
1,3,BAJA CALIFORNIA SUR,5,LA PAZ,3,LA PAZ,219,2,242,,206,106,,44,24,30,,4,656,10,666,1100
1,3,BAJA CALIFORNIA SUR,5,LA PAZ,3,LA PAZ,220,2,243,,181,93,,52,25,25,,2,621,20,641,1064
1,3,BAJA CALIFORNIA SUR,5,LA PAZ,3,LA PAZ,221,2,199,,140,78,,54,14,42,,4,531,9,540,842
1,3,BAJA CALIFORNIA SUR,5,LA PAZ,3,LA PAZ,222,2,199,,172,75,,82,26,26,,4,584,10,594,884
1,3,BAJA CALIFORNIA SUR,5,LA PAZ,3,LA PAZ,223,2,226,,205,107,,66,21,42,,3,670,16,686,1096
1,3,BAJA CALIFORNIA SUR,5,LA PAZ,3,LA PAZ,224,1,151,,100,44,,24,6,27,,2,354,10,364,548
1,3,BAJA CALIFORNIA SUR,5,LA PAZ,3,LA PAZ,225,1,143,,102,52,,28,9,9,,0,343,18,361,566
1,3,BAJA CALIFORNIA SUR,5,LA PAZ,3,LA PAZ,256,3,380,,347,83,,61,34,41,,7,953,20,973,1847
1,3,BAJA CALIFORNIA SUR,5,LA PAZ,3,LA PAZ,257,2,245,,113,40,,73,8,20,,0,499,10,509,1024
1,3,BAJA CALIFORNIA SUR,5,LA PAZ,3,LA PAZ,258,1,124,,48,18,,3,1,1,,0,195,13,208,351
1,3,BAJA CALIFORNIA SUR,5,LA PAZ,3,LA PAZ,259,1,64,,14,4,,6,1,2,,0,91,1,92,174
1,3,BAJA CALIFORNIA SUR,5,LA PAZ,3,LA PAZ,260,1,46,,24,5,,6,0,2,,0,83,3,86,199
1,3,BAJA CALIFORNIA SUR,5,LA PAZ,3,LA PAZ,261,2,297,,129,28,,4,3,5,,0,466,18,484,753
1,3,BAJA CALIFORNIA SUR,5,LA PAZ,3,LA PAZ,262,1,97,,42,1,,1,0,0,,0,141,4,145,207
1,3,BAJA CALIFORNIA SUR,5,LA PAZ,3,LA PAZ,263,1,42,,65,3,,1,1,0,,0,112,6,118,190
1,3,BAJA CALIFORNIA SUR,5,LA PAZ,3,LA PAZ,264,2,67,,32,6,,1,0,0,,0,106,9,115,188
1,3,BAJA CALIFORNIA SUR,5,LA PAZ,3,LA PAZ,265,3,176,,121,4,,1,1,0,,0,303,3,306,470
1,3,BAJA CALIFORNIA SUR,5,LA PAZ,3,LA PAZ,266,2,142,,123,3,,3,3,1,,0,275,15,290,429
1,3,BAJA CALIFORNIA SUR,5,LA PAZ,3,LA PAZ,288,1,149,,91,36,,50,3,19,,2,350,10,360,687
1,3,BAJA CALIFORNIA SUR,5,LA PAZ,3,LA PAZ,289,3,401,,203,85,,98,14,37,,4,842,41,883,1697
1,3,BAJA CALIFORNIA SUR,5,LA PAZ,3,LA PAZ,348,1,89,,69,44,,18,11,16,,0,247,9,256,510
1,3,BAJA CALIFORNIA SUR,5,LA PAZ,3,LA PAZ,349,1,115,,120,36,,28,8,23,,3,333,8,341,636
1,3,BAJA CALIFORNIA SUR,5,LA PAZ,3,LA PAZ,350,1,71,,74,46,,28,8,9,,1,237,7,244,433
1,3,BAJA CALIFORNIA SUR,6,TODOS SANTOS,3,LA PAZ,267,2,212,,214,86,,5,0,1,,0,518,33,551,922
1,3,BAJA CALIFORNIA SUR,6,TODOS SANTOS,3,LA PAZ,268,2,170,,49,28,,5,2,0,,1,255,9,264,412
1,3,BAJA CALIFORNIA SUR,6,TODOS SANTOS,3,LA PAZ,269,2,329,,221,13,,15,30,8,,2,618,20,638,992
1,3,BAJA CALIFORNIA SUR,6,TODOS SANTOS,3,LA PAZ,270,4,814,,480,63,,33,11,9,,0,1410,41,1451,2180
1,3,BAJA CALIFORNIA SUR,6,TODOS SANTOS,3,LA PAZ,271,2,231,,134,38,,5,1,1,,0,410,10,420,616
1,3,BAJA CALIFORNIA SUR,6,TODOS SANTOS,3,LA PAZ,272,1,94,,36,67,,6,2,0,,0,205,16,221,316
1,3,BAJA CALIFORNIA SUR,6,TODOS SANTOS,3,LA PAZ,273,1,66,,40,10,,0,1,0,,0,117,8,125,182
1,3,BAJA CALIFORNIA SUR,6,TODOS SANTOS,3,LA PAZ,274,3,240,,188,94,,5,9,3,,0,539,18,557,1227
1,3,BAJA CALIFORNIA SUR,6,TODOS SANTOS,3,LA PAZ,276,1,127,,82,60,,1,0,0,,0,270,10,280,448
1,3,BAJA CALIFORNIA SUR,6,TODOS SANTOS,3,LA PAZ,277,1,72,,75,89,,2,10,2,,0,250,24,274,423
1,3,BAJA CALIFORNIA SUR,6,TODOS SANTOS,3,LA PAZ,278,2,233,,222,68,,24,25,10,,0,582,21,603,1149
1,3,BAJA CALIFORNIA SUR,6,TODOS SANTOS,3,LA PAZ,279,2,42,,35,0,,0,1,0,,0,78,0,78,115
1,3,BAJA CALIFORNIA SUR,6,TODOS SANTOS,3,LA PAZ,280,3,473,,342,62,,85,11,6,,2,981,38,1019,1419
1,3,BAJA CALIFORNIA SUR,6,TODOS SANTOS,3,LA PAZ,281,2,451,,256,42,,37,9,4,,0,799,15,814,1290
1,3,BAJA CALIFORNIA SUR,6,TODOS SANTOS,3,LA PAZ,282,2,407,,227,50,,59,8,5,,0,756,17,773,1175
1,3,BAJA CALIFORNIA SUR,6,TODOS SANTOS,3,LA PAZ,283,3,491,,336,30,,28,9,7,,14,915,19,934,2086
1,3,BAJA CALIFORNIA SUR,6,TODOS SANTOS,3,LA PAZ,284,1,31,,23,9,,1,0,0,,0,64,5,69,111
1,3,BAJA CALIFORNIA SUR,6,TODOS SANTOS,3,LA PAZ,287,2,69,,31,2,,2,0,0,,0,104,3,107,201
1,3,BAJA CALIFORNIA SUR,7,SAN JOSE DEL CABO,4,LOS CABOS,298,16,2256,,633,1551,,380,175,239,,5,5239,113,5352,11824
1,3,BAJA CALIFORNIA SUR,7,SAN JOSE DEL CABO,4,LOS CABOS,299,2,171,,62,252,,36,18,8,,0,547,18,565,1016
1,3,BAJA CALIFORNIA SUR,7,SAN JOSE DEL CABO,4,LOS CABOS,300,6,654,,236,775,,131,44,43,,4,1887,43,1930,4095
1,3,BAJA CALIFORNIA SUR,7,SAN JOSE DEL CABO,4,LOS CABOS,302,1,89,,37,99,,22,6,11,,0,264,5,269,534
1,3,BAJA CALIFORNIA SUR,7,SAN JOSE DEL CABO,4,LOS CABOS,303,1,125,,36,85,,2,4,12,,0,264,10,274,475
1,3,BAJA CALIFORNIA SUR,7,SAN JOSE DEL CABO,4,LOS CABOS,304,4,533,,99,487,,13,6,7,,0,1145,30,1175,1723
1,3,BAJA CALIFORNIA SUR,7,SAN JOSE DEL CABO,4,LOS CABOS,305,2,354,,49,225,,3,5,2,,0,638,25,663,832
1,3,BAJA CALIFORNIA SUR,7,SAN JOSE DEL CABO,4,LOS CABOS,306,3,411,,110,447,,4,0,3,,0,975,22,997,1357
1,3,BAJA CALIFORNIA SUR,7,SAN JOSE DEL CABO,4,LOS CABOS,307,2,76,,22,97,,2,0,1,,0,198,11,209,272
1,3,BAJA CALIFORNIA SUR,7,SAN JOSE DEL CABO,4,LOS CABOS,308,3,430,,161,660,,6,5,2,,1,1265,36,1301,1674
1,3,BAJA CALIFORNIA SUR,7,SAN JOSE DEL CABO,4,LOS CABOS,309,2,117,,49,225,,1,2,0,,0,394,14,408,497
1,3,BAJA CALIFORNIA SUR,7,SAN JOSE DEL CABO,4,LOS CABOS,310,4,299,,102,727,,44,14,25,,0,1211,26,1237,2263
1,3,BAJA CALIFORNIA SUR,7,SAN JOSE DEL CABO,4,LOS CABOS,311,2,70,,98,209,,6,2,9,,0,394,11,405,630
1,3,BAJA CALIFORNIA SUR,7,SAN JOSE DEL CABO,4,LOS CABOS,312,11,1164,,432,1425,,188,66,98,,0,3373,87,3460,7475
1,3,BAJA CALIFORNIA SUR,7,SAN JOSE DEL CABO,4,LOS CABOS,313,2,296,,91,358,,40,8,11,,1,805,36,841,1384
1,3,BAJA CALIFORNIA SUR,7,SAN JOSE DEL CABO,4,LOS CABOS,314,7,783,,289,910,,121,49,46,,0,2198,65,2263,5043
1,3,BAJA CALIFORNIA SUR,7,SAN JOSE DEL CABO,4,LOS CABOS,315,1,117,,47,159,,3,2,2,,0,330,9,339,478
1,3,BAJA CALIFORNIA SUR,7,SAN JOSE DEL CABO,4,LOS CABOS,412,3,263,,130,196,,37,17,18,,0,661,14,675,1803
1,3,BAJA CALIFORNIA SUR,7,SAN JOSE DEL CABO,4,LOS CABOS,413,2,120,,47,102,,22,3,8,,0,302,10,312,752
1,3,BAJA CALIFORNIA SUR,7,SAN JOSE DEL CABO,4,LOS CABOS,414,2,168,,59,116,,25,12,20,,0,400,11,411,1028
1,3,BAJA CALIFORNIA SUR,7,SAN JOSE DEL CABO,4,LOS CABOS,415,2,115,,65,87,,9,6,4,,2,288,9,297,773
1,3,BAJA CALIFORNIA SUR,7,SAN JOSE DEL CABO,4,LOS CABOS,416,2,159,,66,107,,14,10,11,,0,367,11,378,918
1,3,BAJA CALIFORNIA SUR,7,SAN JOSE DEL CABO,4,LOS CABOS,417,2,118,,59,131,,27,6,18,,0,359,6,365,856
1,3,BAJA CALIFORNIA SUR,7,SAN JOSE DEL CABO,4,LOS CABOS,418,2,129,,55,162,,13,9,9,,0,377,12,389,821
1,3,BAJA CALIFORNIA SUR,7,SAN JOSE DEL CABO,4,LOS CABOS,419,2,145,,61,164,,39,10,12,,0,431,15,446,853
1,3,BAJA CALIFORNIA SUR,7,SAN JOSE DEL CABO,4,LOS CABOS,420,1,71,,22,59,,8,5,7,,0,172,8,180,450
1,3,BAJA CALIFORNIA SUR,7,SAN JOSE DEL CABO,4,LOS CABOS,421,1,115,,56,71,,17,10,6,,0,275,9,284,692
1,3,BAJA CALIFORNIA SUR,7,SAN JOSE DEL CABO,4,LOS CABOS,422,2,133,,73,90,,16,6,18,,0,336,14,350,832
1,3,BAJA CALIFORNIA SUR,7,SAN JOSE DEL CABO,4,LOS CABOS,423,1,75,,33,48,,8,1,6,,0,171,10,181,469
1,3,BAJA CALIFORNIA SUR,7,SAN JOSE DEL CABO,4,LOS CABOS,424,2,114,,53,88,,9,10,5,,0,279,18,297,757
1,3,BAJA CALIFORNIA SUR,7,SAN JOSE DEL CABO,4,LOS CABOS,425,2,121,,55,101,,16,9,8,,0,310,12,322,809
1,3,BAJA CALIFORNIA SUR,7,SAN JOSE DEL CABO,4,LOS CABOS,426,1,98,,32,82,,27,16,16,,2,273,8,281,625
1,3,BAJA CALIFORNIA SUR,7,SAN JOSE DEL CABO,4,LOS CABOS,427,1,100,,39,91,,15,7,23,,0,275,6,281,623
1,3,BAJA CALIFORNIA SUR,7,SAN JOSE DEL CABO,4,LOS CABOS,428,2,146,,44,108,,12,4,16,,0,330,9,339,765
1,3,BAJA CALIFORNIA SUR,7,SAN JOSE DEL CABO,4,LOS CABOS,429,2,159,,60,123,,24,6,15,,0,387,10,397,902
1,3,BAJA CALIFORNIA SUR,7,SAN JOSE DEL CABO,4,LOS CABOS,430,2,133,,52,213,,15,3,10,,0,426,11,437,863
1,3,BAJA CALIFORNIA SUR,7,SAN JOSE DEL CABO,4,LOS CABOS,431,2,133,,48,188,,40,8,16,,2,435,6,441,900
1,3,BAJA CALIFORNIA SUR,7,SAN JOSE DEL CABO,4,LOS CABOS,432,2,173,,52,154,,27,9,10,,0,425,12,437,1014
1,3,BAJA CALIFORNIA SUR,7,SAN JOSE DEL CABO,4,LOS CABOS,433,1,46,,22,50,,5,3,3,,0,129,4,133,400
1,3,BAJA CALIFORNIA SUR,7,SAN JOSE DEL CABO,4,LOS CABOS,434,2,163,,38,140,,20,7,10,,0,378,18,396,889
1,3,BAJA CALIFORNIA SUR,7,SAN JOSE DEL CABO,4,LOS CABOS,435,2,146,,46,110,,16,8,6,,0,332,5,337,811
1,3,BAJA CALIFORNIA SUR,7,SAN JOSE DEL CABO,4,LOS CABOS,436,1,109,,43,86,,21,8,21,,4,292,5,297,597
1,3,BAJA CALIFORNIA SUR,7,SAN JOSE DEL CABO,4,LOS CABOS,437,1,102,,13,72,,15,9,13,,0,224,3,227,501
1,3,BAJA CALIFORNIA SUR,8,CABO SAN LUCAS,4,LOS CABOS,328,2,250,,74,189,,59,5,20,,1,598,6,604,1410
1,3,BAJA CALIFORNIA SUR,8,CABO SAN LUCAS,4,LOS CABOS,329,2,171,,34,185,,29,4,10,,1,434,12,446,1116
1,3,BAJA CALIFORNIA SUR,8,CABO SAN LUCAS,4,LOS CABOS,331,3,405,,116,219,,67,15,37,,7,866,18,884,1911
1,3,BAJA CALIFORNIA SUR,8,CABO SAN LUCAS,4,LOS CABOS,332,10,1478,,379,703,,266,76,163,,29,3094,85,3179,7450
1,3,BAJA CALIFORNIA SUR,8,CABO SAN LUCAS,4,LOS CABOS,333,5,552,,163,431,,116,24,56,,8,1350,44,1394,3167
1,3,BAJA CALIFORNIA SUR,8,CABO SAN LUCAS,4,LOS CABOS,334,2,58,,30,31,,0,0,0,,0,119,3,122,254
1,3,BAJA CALIFORNIA SUR,8,CABO SAN LUCAS,4,LOS CABOS,335,1,102,,31,65,,18,6,12,,0,234,7,241,510
1,3,BAJA CALIFORNIA SUR,8,CABO SAN LUCAS,4,LOS CABOS,336,1,93,,36,44,,18,5,5,,0,201,5,206,382
1,3,BAJA CALIFORNIA SUR,8,CABO SAN LUCAS,4,LOS CABOS,351,1,120,,51,88,,32,5,14,,1,311,2,313,574
1,3,BAJA CALIFORNIA SUR,8,CABO SAN LUCAS,4,LOS CABOS,352,2,215,,80,93,,54,12,22,,1,477,16,493,1128
1,3,BAJA CALIFORNIA SUR,8,CABO SAN LUCAS,4,LOS CABOS,353,6,755,,169,405,,41,18,21,,0,1409,38,1447,3180
1,3,BAJA CALIFORNIA SUR,8,CABO SAN LUCAS,4,LOS CABOS,354,1,116,,29,67,,9,1,4,,0,226,7,233,587
1,3,BAJA CALIFORNIA SUR,8,CABO SAN LUCAS,4,LOS CABOS,355,2,135,,44,101,,10,6,3,,0,299,19,318,758
1,3,BAJA CALIFORNIA SUR,8,CABO SAN LUCAS,4,LOS CABOS,356,2,258,,71,144,,29,17,10,,2,531,15,546,1415
1,3,BAJA CALIFORNIA SUR,8,CABO SAN LUCAS,4,LOS CABOS,357,1,72,,28,38,,9,0,2,,0,149,6,155,408
1,3,BAJA CALIFORNIA SUR,8,CABO SAN LUCAS,4,LOS CABOS,358,3,306,,78,114,,37,13,14,,0,562,19,581,1600
1,3,BAJA CALIFORNIA SUR,8,CABO SAN LUCAS,4,LOS CABOS,359,3,377,,74,183,,37,23,19,,3,716,20,736,1906
1,3,BAJA CALIFORNIA SUR,8,CABO SAN LUCAS,4,LOS CABOS,360,1,101,,50,64,,17,3,5,,0,240,12,252,598
1,3,BAJA CALIFORNIA SUR,8,CABO SAN LUCAS,4,LOS CABOS,361,3,291,,89,148,,69,10,29,,5,641,14,655,1540
1,3,BAJA CALIFORNIA SUR,8,CABO SAN LUCAS,4,LOS CABOS,362,3,327,,149,185,,50,10,15,,0,736,23,759,1901
1,3,BAJA CALIFORNIA SUR,8,CABO SAN LUCAS,4,LOS CABOS,363,2,207,,57,100,,26,5,11,,0,406,33,439,1167
1,3,BAJA CALIFORNIA SUR,8,CABO SAN LUCAS,4,LOS CABOS,364,1,64,,20,37,,8,6,1,,0,136,7,143,348
1,3,BAJA CALIFORNIA SUR,8,CABO SAN LUCAS,4,LOS CABOS,365,2,206,,41,125,,21,4,5,,2,404,21,425,1100
1,3,BAJA CALIFORNIA SUR,8,CABO SAN LUCAS,4,LOS CABOS,366,2,193,,32,105,,21,4,5,,1,361,16,377,1139
1,3,BAJA CALIFORNIA SUR,8,CABO SAN LUCAS,4,LOS CABOS,367,2,144,,61,95,,19,6,15,,2,342,9,351,868
1,3,BAJA CALIFORNIA SUR,8,CABO SAN LUCAS,4,LOS CABOS,368,1,111,,43,82,,9,5,2,,1,253,6,259,633
1,3,BAJA CALIFORNIA SUR,8,CABO SAN LUCAS,4,LOS CABOS,369,1,80,,59,82,,7,2,1,,0,231,8,239,701
1,3,BAJA CALIFORNIA SUR,8,CABO SAN LUCAS,4,LOS CABOS,370,2,176,,38,132,,12,6,9,,0,373,13,386,943
1,3,BAJA CALIFORNIA SUR,8,CABO SAN LUCAS,4,LOS CABOS,371,1,72,,65,80,,13,3,1,,0,234,6,240,658
1,3,BAJA CALIFORNIA SUR,8,CABO SAN LUCAS,4,LOS CABOS,372,2,130,,50,120,,18,2,6,,0,326,25,351,1188
1,3,BAJA CALIFORNIA SUR,8,CABO SAN LUCAS,4,LOS CABOS,373,2,209,,59,148,,29,3,12,,0,460,25,485,1273
1,3,BAJA CALIFORNIA SUR,8,CABO SAN LUCAS,4,LOS CABOS,374,2,246,,38,108,,25,8,4,,0,429,17,446,1244
1,3,BAJA CALIFORNIA SUR,8,CABO SAN LUCAS,4,LOS CABOS,375,2,213,,48,152,,17,3,9,,0,442,24,466,1443
1,3,BAJA CALIFORNIA SUR,8,CABO SAN LUCAS,4,LOS CABOS,376,2,155,,47,105,,17,6,5,,0,335,12,347,909
1,3,BAJA CALIFORNIA SUR,8,CABO SAN LUCAS,4,LOS CABOS,377,2,151,,62,117,,14,8,7,,3,362,16,378,1125
1,3,BAJA CALIFORNIA SUR,8,CABO SAN LUCAS,4,LOS CABOS,378,2,149,,43,74,,21,7,4,,0,298,7,305,824
1,3,BAJA CALIFORNIA SUR,8,CABO SAN LUCAS,4,LOS CABOS,379,1,78,,16,30,,8,4,4,,0,140,3,143,379
1,3,BAJA CALIFORNIA SUR,8,CABO SAN LUCAS,4,LOS CABOS,380,3,204,,65,104,,35,9,20,,1,438,12,450,1572
1,3,BAJA CALIFORNIA SUR,8,CABO SAN LUCAS,4,LOS CABOS,381,2,190,,41,69,,25,6,6,,0,337,9,346,815
1,3,BAJA CALIFORNIA SUR,8,CABO SAN LUCAS,4,LOS CABOS,382,2,188,,49,68,,30,4,10,,0,349,9,358,929
1,3,BAJA CALIFORNIA SUR,8,CABO SAN LUCAS,4,LOS CABOS,383,2,232,,51,144,,37,10,15,,1,490,19,509,1294
1,3,BAJA CALIFORNIA SUR,8,CABO SAN LUCAS,4,LOS CABOS,384,2,209,,62,100,,29,4,5,,0,409,12,421,999
1,3,BAJA CALIFORNIA SUR,8,CABO SAN LUCAS,4,LOS CABOS,386,1,124,,36,43,,10,4,7,,2,226,9,235,672
1,3,BAJA CALIFORNIA SUR,8,CABO SAN LUCAS,4,LOS CABOS,387,2,188,,39,81,,20,8,10,,0,346,10,356,904
1,3,BAJA CALIFORNIA SUR,8,CABO SAN LUCAS,4,LOS CABOS,388,1,87,,28,57,,6,4,6,,0,188,15,203,470
1,3,BAJA CALIFORNIA SUR,8,CABO SAN LUCAS,4,LOS CABOS,389,2,153,,39,62,,16,5,9,,0,284,10,294,820
1,3,BAJA CALIFORNIA SUR,8,CABO SAN LUCAS,4,LOS CABOS,390,2,159,,46,85,,22,3,5,,0,320,8,328,921
1,3,BAJA CALIFORNIA SUR,8,CABO SAN LUCAS,4,LOS CABOS,391,1,116,,36,36,,22,6,5,,2,223,5,228,497
1,3,BAJA CALIFORNIA SUR,8,CABO SAN LUCAS,4,LOS CABOS,392,1,98,,16,62,,17,0,7,,1,201,1,202,452
1,3,BAJA CALIFORNIA SUR,8,CABO SAN LUCAS,4,LOS CABOS,393,1,105,,53,62,,13,2,2,,0,237,12,249,625
1,3,BAJA CALIFORNIA SUR,8,CABO SAN LUCAS,4,LOS CABOS,394,2,123,,31,77,,11,2,5,,0,249,10,259,775
1,3,BAJA CALIFORNIA SUR,8,CABO SAN LUCAS,4,LOS CABOS,395,2,261,,85,153,,61,20,38,,3,621,13,634,1301
1,3,BAJA CALIFORNIA SUR,8,CABO SAN LUCAS,4,LOS CABOS,396,2,179,,49,74,,38,13,17,,2,372,13,385,1006
1,3,BAJA CALIFORNIA SUR,8,CABO SAN LUCAS,4,LOS CABOS,397,3,392,,92,247,,55,17,18,,3,824,28,852,1925
1,3,BAJA CALIFORNIA SUR,8,CABO SAN LUCAS,4,LOS CABOS,398,2,232,,68,103,,50,12,22,,4,491,10,501,1286
1,3,BAJA CALIFORNIA SUR,8,CABO SAN LUCAS,4,LOS CABOS,399,2,152,,45,70,,53,3,9,,2,334,9,343,854
1,3,BAJA CALIFORNIA SUR,8,CABO SAN LUCAS,4,LOS CABOS,400,2,145,,51,113,,23,7,8,,4,351,9,360,695
1,3,BAJA CALIFORNIA SUR,8,CABO SAN LUCAS,4,LOS CABOS,401,1,91,,18,45,,26,1,11,,1,193,3,196,432
1,3,BAJA CALIFORNIA SUR,8,CABO SAN LUCAS,4,LOS CABOS,402,2,227,,101,107,,69,17,30,,7,558,7,565,1194
1,3,BAJA CALIFORNIA SUR,8,CABO SAN LUCAS,4,LOS CABOS,403,1,90,,23,44,,25,5,7,,0,194,2,196,495
1,3,BAJA CALIFORNIA SUR,8,CABO SAN LUCAS,4,LOS CABOS,404,1,68,,19,71,,15,1,9,,0,183,8,191,528
1,3,BAJA CALIFORNIA SUR,8,CABO SAN LUCAS,4,LOS CABOS,405,2,286,,58,124,,47,12,12,,2,541,12,553,1336
1,3,BAJA CALIFORNIA SUR,8,CABO SAN LUCAS,4,LOS CABOS,406,2,178,,38,120,,27,12,14,,1,390,18,408,1001
1,3,BAJA CALIFORNIA SUR,8,CABO SAN LUCAS,4,LOS CABOS,407,2,186,,60,133,,33,3,21,,0,436,19,455,1250
1,3,BAJA CALIFORNIA SUR,8,CABO SAN LUCAS,4,LOS CABOS,408,1,112,,46,66,,18,4,16,,0,262,6,268,693
1,3,BAJA CALIFORNIA SUR,8,CABO SAN LUCAS,4,LOS CABOS,409,1,103,,27,54,,32,6,9,,2,233,2,235,597
1,3,BAJA CALIFORNIA SUR,8,CABO SAN LUCAS,4,LOS CABOS,410,2,111,,38,90,,20,2,13,,0,274,9,283,941
1,3,BAJA CALIFORNIA SUR,8,CABO SAN LUCAS,4,LOS CABOS,411,3,396,,122,139,,72,22,72,,10,833,18,851,1765
1,3,BAJA CALIFORNIA SUR,9,CIUDAD CONSTITUCION,1,COMONDU,1,1,162,197,,71,6,8,7,2,,0,453,7,460,723
1,3,BAJA CALIFORNIA SUR,9,CIUDAD CONSTITUCION,1,COMONDU,2,1,101,80,,52,6,4,1,1,,0,245,8,253,393
1,3,BAJA CALIFORNIA SUR,9,CIUDAD CONSTITUCION,1,COMONDU,3,2,341,255,,266,5,28,5,1,,2,903,14,917,1445
1,3,BAJA CALIFORNIA SUR,9,CIUDAD CONSTITUCION,1,COMONDU,4,2,233,186,,121,1,9,2,5,,0,557,12,569,677
1,3,BAJA CALIFORNIA SUR,9,CIUDAD CONSTITUCION,1,COMONDU,5,1,103,92,,62,5,6,2,0,,1,271,10,281,481
1,3,BAJA CALIFORNIA SUR,9,CIUDAD CONSTITUCION,1,COMONDU,6,1,127,113,,91,4,8,2,0,,0,345,0,345,654
1,3,BAJA CALIFORNIA SUR,9,CIUDAD CONSTITUCION,1,COMONDU,7,2,239,244,,134,6,5,2,5,,0,635,4,639,967
1,3,BAJA CALIFORNIA SUR,9,CIUDAD CONSTITUCION,1,COMONDU,8,1,103,107,,53,3,7,6,0,,1,280,8,288,497
1,3,BAJA CALIFORNIA SUR,9,CIUDAD CONSTITUCION,1,COMONDU,9,1,129,67,,50,5,11,1,0,,0,263,4,267,439
1,3,BAJA CALIFORNIA SUR,9,CIUDAD CONSTITUCION,1,COMONDU,10,1,158,143,,102,1,5,2,6,,0,417,12,429,734
1,3,BAJA CALIFORNIA SUR,9,CIUDAD CONSTITUCION,1,COMONDU,11,1,123,72,,52,3,9,1,2,,0,262,6,268,448
1,3,BAJA CALIFORNIA SUR,9,CIUDAD CONSTITUCION,1,COMONDU,12,1,89,61,,48,2,6,1,3,,0,210,5,215,327
1,3,BAJA CALIFORNIA SUR,9,CIUDAD CONSTITUCION,1,COMONDU,13,2,269,168,,89,2,10,3,3,,1,545,9,554,920
1,3,BAJA CALIFORNIA SUR,9,CIUDAD CONSTITUCION,1,COMONDU,14,1,181,147,,60,4,5,3,2,,0,402,14,416,677
1,3,BAJA CALIFORNIA SUR,9,CIUDAD CONSTITUCION,1,COMONDU,15,1,157,110,,58,2,9,2,2,,0,340,10,350,567
1,3,BAJA CALIFORNIA SUR,9,CIUDAD CONSTITUCION,1,COMONDU,16,2,263,231,,111,8,7,0,3,,0,623,11,634,1014
1,3,BAJA CALIFORNIA SUR,9,CIUDAD CONSTITUCION,1,COMONDU,17,1,117,104,,64,6,3,0,3,,0,297,6,303,447
1,3,BAJA CALIFORNIA SUR,9,CIUDAD CONSTITUCION,1,COMONDU,33,1,105,100,,33,1,1,0,2,,0,242,7,249,349
1,3,BAJA CALIFORNIA SUR,9,CIUDAD CONSTITUCION,1,COMONDU,34,1,244,160,,68,7,9,2,0,,1,491,11,502,727
1,3,BAJA CALIFORNIA SUR,9,CIUDAD CONSTITUCION,1,COMONDU,35,1,83,14,,5,0,0,0,0,,0,102,0,102,138
1,3,BAJA CALIFORNIA SUR,10,CIUDAD CONSTITUCION,1,COMONDU,18,1,120,114,,71,1,9,1,4,,1,321,8,329,515
1,3,BAJA CALIFORNIA SUR,10,CIUDAD CONSTITUCION,1,COMONDU,19,2,174,199,,88,6,6,4,2,,0,479,17,496,837
1,3,BAJA CALIFORNIA SUR,10,CIUDAD CONSTITUCION,1,COMONDU,20,2,212,257,,156,5,10,1,7,,0,648,18,666,1191
1,3,BAJA CALIFORNIA SUR,10,CIUDAD CONSTITUCION,1,COMONDU,21,2,226,207,,148,7,9,4,5,,0,606,21,627,1076
1,3,BAJA CALIFORNIA SUR,10,CIUDAD CONSTITUCION,1,COMONDU,22,3,361,301,,166,12,12,5,7,,1,865,29,894,1546
1,3,BAJA CALIFORNIA SUR,10,CIUDAD CONSTITUCION,1,COMONDU,23,2,217,155,,100,3,9,12,5,,1,502,6,508,849
1,3,BAJA CALIFORNIA SUR,10,CIUDAD CONSTITUCION,1,COMONDU,24,1,155,103,,77,5,5,2,1,,1,349,20,369,620
1,3,BAJA CALIFORNIA SUR,10,CIUDAD CONSTITUCION,1,COMONDU,25,1,123,56,,64,3,4,2,1,,0,253,7,260,444
1,3,BAJA CALIFORNIA SUR,10,CIUDAD CONSTITUCION,1,COMONDU,26,2,174,161,,92,7,19,6,7,,0,466,21,487,863
1,3,BAJA CALIFORNIA SUR,10,CIUDAD CONSTITUCION,1,COMONDU,27,2,150,151,,108,6,16,0,3,,0,434,20,454,833
1,3,BAJA CALIFORNIA SUR,10,CIUDAD CONSTITUCION,1,COMONDU,28,4,528,500,,227,19,15,8,12,,1,1310,50,1360,2659
1,3,BAJA CALIFORNIA SUR,10,CIUDAD CONSTITUCION,1,COMONDU,29,2,340,235,,137,8,9,3,4,,0,736,33,769,1312
1,3,BAJA CALIFORNIA SUR,10,CIUDAD CONSTITUCION,1,COMONDU,30,3,359,275,,195,13,16,4,14,,0,876,29,905,1642
1,3,BAJA CALIFORNIA SUR,10,CIUDAD CONSTITUCION,1,COMONDU,31,2,248,169,,83,14,6,3,7,,0,530,25,555,952
1,3,BAJA CALIFORNIA SUR,10,CIUDAD CONSTITUCION,1,COMONDU,32,2,255,220,,114,7,9,4,16,,0,625,19,644,1020
1,3,BAJA CALIFORNIA SUR,10,CIUDAD CONSTITUCION,1,COMONDU,36,1,43,13,,37,0,0,0,0,,0,93,3,96,147
1,3,BAJA CALIFORNIA SUR,10,CIUDAD CONSTITUCION,1,COMONDU,37,1,68,69,,21,3,3,1,3,,0,168,8,176,260
1,3,BAJA CALIFORNIA SUR,10,CIUDAD CONSTITUCION,1,COMONDU,38,1,66,72,,61,3,0,4,0,,0,206,13,219,310
1,3,BAJA CALIFORNIA SUR,10,CIUDAD CONSTITUCION,1,COMONDU,39,1,46,42,,51,0,1,0,0,,0,140,14,154,208
1,3,BAJA CALIFORNIA SUR,11,CIUDAD INSURGENTES,1,COMONDU,40,1,196,97,,57,8,11,19,7,,0,395,16,411,682
1,3,BAJA CALIFORNIA SUR,11,CIUDAD INSURGENTES,1,COMONDU,41,2,259,136,,60,8,10,32,9,,0,514,29,543,985
1,3,BAJA CALIFORNIA SUR,11,CIUDAD INSURGENTES,1,COMONDU,42,2,282,201,,73,4,9,28,9,,2,608,27,635,1029
1,3,BAJA CALIFORNIA SUR,11,CIUDAD INSURGENTES,1,COMONDU,43,1,191,95,,61,9,7,20,8,,0,391,14,405,668
1,3,BAJA CALIFORNIA SUR,11,CIUDAD INSURGENTES,1,COMONDU,44,1,173,165,,72,4,12,20,3,,0,449,16,465,738
1,3,BAJA CALIFORNIA SUR,11,CIUDAD INSURGENTES,1,COMONDU,45,1,196,132,,77,1,3,29,7,,0,445,16,461,703
1,3,BAJA CALIFORNIA SUR,11,CIUDAD INSURGENTES,1,COMONDU,46,1,170,126,,71,4,8,19,1,,0,399,18,417,655
1,3,BAJA CALIFORNIA SUR,11,CIUDAD INSURGENTES,1,COMONDU,47,2,237,160,,56,8,7,19,7,,0,494,7,501,755
1,3,BAJA CALIFORNIA SUR,11,CIUDAD INSURGENTES,1,COMONDU,48,2,384,245,,114,12,1,7,7,,0,770,23,793,1130
1,3,BAJA CALIFORNIA SUR,11,CIUDAD INSURGENTES,1,COMONDU,49,1,51,10,,28,0,1,0,1,,0,91,9,100,166
1,3,BAJA CALIFORNIA SUR,11,CIUDAD INSURGENTES,1,COMONDU,50,1,56,43,,11,2,0,3,1,,0,116,3,119,175
1,3,BAJA CALIFORNIA SUR,11,CIUDAD INSURGENTES,1,COMONDU,51,1,57,104,,17,1,0,5,0,,0,184,2,186,259
1,3,BAJA CALIFORNIA SUR,11,CIUDAD INSURGENTES,1,COMONDU,52,1,104,115,,6,3,1,6,7,,0,242,10,252,360
1,3,BAJA CALIFORNIA SUR,11,CIUDAD INSURGENTES,1,COMONDU,53,1,63,76,,43,0,0,1,0,,0,183,7,190,282
1,3,BAJA CALIFORNIA SUR,11,CIUDAD INSURGENTES,1,COMONDU,54,3,258,195,,68,11,3,5,2,,0,542,25,567,949
1,3,BAJA CALIFORNIA SUR,11,CIUDAD INSURGENTES,1,COMONDU,55,1,142,99,,14,5,1,0,1,,0,262,6,268,378
1,3,BAJA CALIFORNIA SUR,11,CIUDAD INSURGENTES,1,COMONDU,56,1,158,141,,12,7,1,1,2,,0,322,4,326,476
1,3,BAJA CALIFORNIA SUR,11,CIUDAD INSURGENTES,1,COMONDU,57,1,298,170,,10,3,2,6,1,,0,490,6,496,656
1,3,BAJA CALIFORNIA SUR,11,CIUDAD INSURGENTES,1,COMONDU,58,1,195,162,,11,1,4,6,0,,0,379,15,394,519
1,3,BAJA CALIFORNIA SUR,11,CIUDAD INSURGENTES,1,COMONDU,59,2,237,220,,25,10,9,0,2,,0,503,15,518,850
1,3,BAJA CALIFORNIA SUR,11,CIUDAD INSURGENTES,1,COMONDU,60,2,202,212,,23,8,2,2,2,,0,451,9,460,770
1,3,BAJA CALIFORNIA SUR,11,CIUDAD INSURGENTES,1,COMONDU,61,3,450,435,,71,22,8,12,2,,0,1000,35,1035,1711
1,3,BAJA CALIFORNIA SUR,11,CIUDAD INSURGENTES,1,COMONDU,62,1,65,19,,5,0,0,0,1,,0,90,4,94,147
1,3,BAJA CALIFORNIA SUR,11,CIUDAD INSURGENTES,5,LORETO,337,1,26,,45,1,,0,0,1,,0,73,0,73,
1,3,BAJA CALIFORNIA SUR,12,LORETO,5,COMONDU,63,1,28,26,,21,1,0,0,0,,0,76,10,86,109
1,3,BAJA CALIFORNIA SUR,12,LORETO,5,COMONDU,67,1,240,118,,33,8,0,0,0,,0,399,20,419,571
1,3,BAJA CALIFORNIA SUR,12,LORETO,5,COMONDU,68,1,199,120,,12,0,0,0,0,,0,331,16,347,460
1,3,BAJA CALIFORNIA SUR,12,LORETO,5,COMONDU,69,1,84,76,,148,2,1,0,3,,0,314,22,336,453
1,3,BAJA CALIFORNIA SUR,12,LORETO,5,COMONDU,70,1,184,84,,33,2,0,2,0,,0,305,15,320,407
1,3,BAJA CALIFORNIA SUR,12,LORETO,5,COMONDU,71,1,54,30,,33,0,0,0,0,,0,117,12,129,213
1,3,BAJA CALIFORNIA SUR,12,LORETO,5,COMONDU,72,1,160,81,,46,2,2,2,0,,0,293,18,311,430
1,3,BAJA CALIFORNIA SUR,12,LORETO,5,COMONDU,73,1,219,162,,45,5,1,4,2,,0,438,30,468,643
1,3,BAJA CALIFORNIA SUR,12,LORETO,5,COMONDU,74,1,34,32,,33,1,0,0,0,,0,100,9,109,166
1,3,BAJA CALIFORNIA SUR,12,LORETO,5,LORETO,338,3,465,,287,32,,27,1,2,,0,814,16,830,1180
1,3,BAJA CALIFORNIA SUR,12,LORETO,5,LORETO,339,6,1852,,910,99,,68,1,27,,0,2957,31,2988,4395
1,3,BAJA CALIFORNIA SUR,12,LORETO,5,LORETO,340,2,463,,217,30,,28,1,1,,0,740,11,751,996
1,3,BAJA CALIFORNIA SUR,12,LORETO,5,LORETO,341,2,305,,230,27,,31,11,1,,0,605,8,613,868
1,3,BAJA CALIFORNIA SUR,12,LORETO,5,LORETO,342,3,329,,231,48,,10,0,7,,0,625,7,632,857
1,3,BAJA CALIFORNIA SUR,12,LORETO,5,LORETO,343,1,247,,169,38,,12,3,1,,0,470,4,474,615
1,3,BAJA CALIFORNIA SUR,12,LORETO,5,LORETO,344,2,641,,388,21,,21,0,15,,0,1086,14,1100,1437
1,3,BAJA CALIFORNIA SUR,12,LORETO,5,LORETO,345,2,196,,104,2,,2,0,0,,0,304,8,312,358
1,3,BAJA CALIFORNIA SUR,12,LORETO,5,LORETO,346,2,171,,137,4,,13,0,2,,0,327,4,331,541
1,3,BAJA CALIFORNIA SUR,12,LORETO,5,LORETO,347,1,112,,89,1,,1,0,1,,0,204,10,214,256
1,3,BAJA CALIFORNIA SUR,13,SANTA ROSALIA,2,MULEGE,75,2,282,100,,6,132,3,,6,11,0,540,14,554,925
1,3,BAJA CALIFORNIA SUR,13,SANTA ROSALIA,2,MULEGE,76,3,482,166,,5,216,9,,16,10,0,904,22,926,1564
1,3,BAJA CALIFORNIA SUR,13,SANTA ROSALIA,2,MULEGE,77,2,279,118,,9,155,9,,7,11,4,592,13,605,688
1,3,BAJA CALIFORNIA SUR,13,SANTA ROSALIA,2,MULEGE,78,2,288,139,,3,151,9,,3,11,1,605,14,619,1061
1,3,BAJA CALIFORNIA SUR,13,SANTA ROSALIA,2,MULEGE,79,1,150,101,,2,79,4,,4,5,0,345,8,353,588
1,3,BAJA CALIFORNIA SUR,13,SANTA ROSALIA,2,MULEGE,80,2,262,112,,5,153,3,,4,6,0,545,22,567,929
1,3,BAJA CALIFORNIA SUR,13,SANTA ROSALIA,2,MULEGE,81,1,160,105,,1,72,4,,2,2,0,346,9,355,554
1,3,BAJA CALIFORNIA SUR,13,SANTA ROSALIA,2,MULEGE,82,2,292,118,,6,178,5,,2,9,0,610,19,629,990
1,3,BAJA CALIFORNIA SUR,13,SANTA ROSALIA,2,MULEGE,83,5,775,383,,6,418,8,,22,19,0,1631,38,1669,2569
1,3,BAJA CALIFORNIA SUR,13,SANTA ROSALIA,2,MULEGE,84,1,44,36,,1,16,2,,12,9,0,120,4,124,211
1,3,BAJA CALIFORNIA SUR,13,SANTA ROSALIA,2,MULEGE,85,3,320,193,,10,162,6,,7,4,0,702,46,748,1279
1,3,BAJA CALIFORNIA SUR,13,SANTA ROSALIA,2,MULEGE,86,1,32,42,,1,4,1,,0,0,0,80,2,82,119
1,3,BAJA CALIFORNIA SUR,13,SANTA ROSALIA,2,MULEGE,87,1,101,25,,2,24,0,,3,0,0,155,9,164,259
1,3,BAJA CALIFORNIA SUR,13,SANTA ROSALIA,2,MULEGE,88,2,209,155,,10,131,6,,2,1,0,514,44,558,935
1,3,BAJA CALIFORNIA SUR,13,SANTA ROSALIA,2,MULEGE,89,2,258,138,,22,130,10,,6,2,0,566,27,593,926
1,3,BAJA CALIFORNIA SUR,13,SANTA ROSALIA,2,MULEGE,90,1,197,124,,12,79,7,,1,2,0,422,12,434,613
1,3,BAJA CALIFORNIA SUR,13,SANTA ROSALIA,2,MULEGE,91,1,113,111,,13,32,1,,1,2,0,273,12,285,411
1,3,BAJA CALIFORNIA SUR,14,GUERRERO NEGRO,2,MULEGE,92,1,64,34,,38,62,21,,5,2,1,227,5,232,374
1,3,BAJA CALIFORNIA SUR,14,GUERRERO NEGRO,2,MULEGE,93,1,84,46,,30,67,27,,6,4,0,264,8,272,473
1,3,BAJA CALIFORNIA SUR,14,GUERRERO NEGRO,2,MULEGE,94,4,506,254,,127,336,72,,28,7,0,1330,64,1394,2928
1,3,BAJA CALIFORNIA SUR,14,GUERRERO NEGRO,2,MULEGE,95,2,104,67,,38,138,26,,15,6,1,395,21,416,862
1,3,BAJA CALIFORNIA SUR,14,GUERRERO NEGRO,2,MULEGE,96,2,202,110,,60,141,29,,15,3,0,560,16,576,1166
1,3,BAJA CALIFORNIA SUR,14,GUERRERO NEGRO,2,MULEGE,97,3,233,108,,60,163,28,,16,1,2,611,20,631,994
1,3,BAJA CALIFORNIA SUR,14,GUERRERO NEGRO,2,MULEGE,98,3,265,152,,81,236,75,,24,4,0,837,27,864,1667
1,3,BAJA CALIFORNIA SUR,14,GUERRERO NEGRO,2,MULEGE,99,1,106,24,,20,83,2,,0,0,0,235,9,244,345
1,3,BAJA CALIFORNIA SUR,14,GUERRERO NEGRO,2,MULEGE,101,1,14,17,,1,69,3,,0,0,0,104,2,106,153
1,3,BAJA CALIFORNIA SUR,14,GUERRERO NEGRO,2,MULEGE,102,1,123,25,,5,79,7,,1,0,0,240,7,247,592
1,3,BAJA CALIFORNIA SUR,14,GUERRERO NEGRO,2,MULEGE,103,1,111,63,,5,227,12,,0,1,0,419,29,448,702
1,3,BAJA CALIFORNIA SUR,14,GUERRERO NEGRO,2,MULEGE,104,9,780,347,,83,1399,70,,13,7,1,2700,166,2866,5628
1,3,BAJA CALIFORNIA SUR,15,BAHIA TORTUGAS,2,MULEGE,105,1,47,26,,17,21,0,,1,2,0,114,5,119,197
1,3,BAJA CALIFORNIA SUR,15,BAHIA TORTUGAS,2,MULEGE,107,1,82,61,,36,55,10,,1,0,0,245,9,254,449
1,3,BAJA CALIFORNIA SUR,15,BAHIA TORTUGAS,2,MULEGE,108,2,197,93,,56,120,29,,4,2,1,502,15,517,924
1,3,BAJA CALIFORNIA SUR,15,BAHIA TORTUGAS,2,MULEGE,109,1,127,74,,37,64,11,,1,0,0,314,7,321,552
1,3,BAJA CALIFORNIA SUR,15,BAHIA TORTUGAS,2,MULEGE,110,2,82,11,,1,69,1,,11,1,0,176,10,186,255
1,3,BAJA CALIFORNIA SUR,15,BAHIA TORTUGAS,2,MULEGE,111,1,102,70,,1,11,16,,0,0,0,200,5,205,301
1,3,BAJA CALIFORNIA SUR,15,BAHIA TORTUGAS,2,MULEGE,112,1,156,40,,6,121,9,,2,0,3,337,14,351,529
1,3,BAJA CALIFORNIA SUR,15,BAHIA TORTUGAS,2,MULEGE,113,1,128,29,,0,64,3,,3,3,0,230,11,241,419
1,3,BAJA CALIFORNIA SUR,15,BAHIA TORTUGAS,2,MULEGE,114,2,259,108,,13,88,6,,10,0,0,484,11,495,785
1,3,BAJA CALIFORNIA SUR,15,BAHIA TORTUGAS,2,MULEGE,115,1,39,8,,1,65,0,,2,0,0,115,2,117,152
1,3,BAJA CALIFORNIA SUR,15,BAHIA TORTUGAS,2,MULEGE,116,2,349,112,,6,218,8,,37,0,0,730,16,746,1126
1,3,BAJA CALIFORNIA SUR,15,BAHIA TORTUGAS,2,MULEGE,117,2,132,46,,8,62,1,,0,3,0,252,22,274,409
1,3,BAJA CALIFORNIA SUR,15,BAHIA TORTUGAS,2,MULEGE,118,2,100,58,,36,8,0,,0,0,0,202,10,212,378
1,3,BAJA CALIFORNIA SUR,15,BAHIA TORTUGAS,2,MULEGE,119,1,86,19,,55,39,7,,1,1,0,208,11,219,275
1,3,BAJA CALIFORNIA SUR,15,BAHIA TORTUGAS,2,MULEGE,120,1,326,42,,4,54,6,,4,0,0,436,8,444,631
1,3,BAJA CALIFORNIA SUR,16,CABO SAN LUCAS,4,LOS CABOS,290,2,311,,145,146,,29,2,34,,4,671,16,687,1498
1,3,BAJA CALIFORNIA SUR,16,CABO SAN LUCAS,4,LOS CABOS,291,4,413,,154,513,,70,28,35,,2,1215,41,1256,1998
1,3,BAJA CALIFORNIA SUR,16,CABO SAN LUCAS,4,LOS CABOS,292,1,134,,58,151,,24,3,4,,0,374,3,377,673
1,3,BAJA CALIFORNIA SUR,16,CABO SAN LUCAS,4,LOS CABOS,293,2,186,,79,263,,15,6,14,,0,563,15,578,1007
1,3,BAJA CALIFORNIA SUR,16,CABO SAN LUCAS,4,LOS CABOS,294,3,418,,123,276,,44,15,52,,1,929,18,947,1509
1,3,BAJA CALIFORNIA SUR,16,CABO SAN LUCAS,4,LOS CABOS,295,4,476,,139,499,,96,28,39,,4,1281,36,1317,2513
1,3,BAJA CALIFORNIA SUR,16,CABO SAN LUCAS,4,LOS CABOS,296,3,348,,103,519,,65,18,26,,1,1080,24,1104,1840
1,3,BAJA CALIFORNIA SUR,16,CABO SAN LUCAS,4,LOS CABOS,297,2,144,,28,284,,23,5,7,,3,494,8,502,812
1,3,BAJA CALIFORNIA SUR,16,CABO SAN LUCAS,4,LOS CABOS,316,5,681,,310,150,,65,30,38,,7,1281,29,1310,3327
1,3,BAJA CALIFORNIA SUR,16,CABO SAN LUCAS,4,LOS CABOS,317,3,271,,101,181,,43,14,27,,5,642,19,661,2090
1,3,BAJA CALIFORNIA SUR,16,CABO SAN LUCAS,4,LOS CABOS,318,3,329,,78,186,,50,12,27,,3,685,21,706,1233
1,3,BAJA CALIFORNIA SUR,16,CABO SAN LUCAS,4,LOS CABOS,319,1,86,,43,64,,23,3,12,,0,231,7,238,541
1,3,BAJA CALIFORNIA SUR,16,CABO SAN LUCAS,4,LOS CABOS,320,3,280,,111,223,,54,13,31,,12,724,21,745,1923
1,3,BAJA CALIFORNIA SUR,16,CABO SAN LUCAS,4,LOS CABOS,321,3,236,,56,205,,30,6,19,,9,561,22,583,1558
1,3,BAJA CALIFORNIA SUR,16,CABO SAN LUCAS,4,LOS CABOS,322,3,211,,66,205,,68,8,16,,0,574,16,590,1554
1,3,BAJA CALIFORNIA SUR,16,CABO SAN LUCAS,4,LOS CABOS,323,2,211,,70,157,,34,11,19,,3,505,18,523,1371
1,3,BAJA CALIFORNIA SUR,16,CABO SAN LUCAS,4,LOS CABOS,324,3,244,,71,258,,58,7,23,,1,662,31,693,2018
1,3,BAJA CALIFORNIA SUR,16,CABO SAN LUCAS,4,LOS CABOS,325,3,217,,80,267,,60,8,15,,6,653,24,677,2134
1,3,BAJA CALIFORNIA SUR,16,CABO SAN LUCAS,4,LOS CABOS,326,2,191,,70,152,,24,4,13,,1,455,18,473,1218
1,3,BAJA CALIFORNIA SUR,16,CABO SAN LUCAS,4,LOS CABOS,327,3,277,,66,224,,41,11,13,,3,635,26,661,1729