ID_ESTADO,NOMBRE_ESTADO,ID_DISTRITO_LOCAL,CABECERA_DISTRITAL_LOCAL,SECCIONES,CASILLAS,PAN_PRI_PRD_PAC_PS,PT_PVEM_MORENA_PANALT_PEST,MC,PISSI,PES,RSP,FXM,NUM_VOTOS_VALIDOS,NUM_VOTOS_CAN_NREG,NUM_VOTOS_NULOS,TOTAL_VOTOS,LISTA_NOMINAL,RUTA_ACTA
29,TLAXCALA,1,SAN ANTONIO CALPULALPAN,38,101,14204,13353,1081,196,332,1484,707,31357,6,808,32171,61086,
29,TLAXCALA,2,TLAXCO DE MORELOS,60,113,18774,16581,402,170,275,2648,519,39369,24,1218,40611,61327,
29,TLAXCALA,3,XALOZTOC,44,100,17529,19239,783,401,368,3098,663,42081,6,1124,43211,59783,
29,TLAXCALA,4,APIZACO,37,105,16290,15965,704,222,485,3927,822,38415,14,891,39320,66038,
29,TLAXCALA,5,SAN DIONICIO YAUHQUEMEHCAN,52,108,14534,16801,549,157,262,6182,407,38892,0,1046,39938,60427,
29,TLAXCALA,6,IXTACUIXTLA DE MARIANO MATAMOROS,54,120,14303,25374,765,413,388,2122,1172,44537,10,1419,45966,67958,
29,TLAXCALA,7,TLAXCALA DE XICOHTENCATL,36,120,18509,25496,1405,189,307,1306,945,48157,21,737,48915,76269,
29,TLAXCALA,8,SAN BERNARDINO CONTLA,35,102,14616,22330,1503,788,749,1203,738,41927,11,834,42772,63577,
29,TLAXCALA,9,SANTA ANA CHIAUTEMPAN,36,112,13210,21979,892,188,257,1904,1422,39852,13,940,40805,68644,
29,TLAXCALA,10,HUAMANTLA,41,101,13606,15061,952,253,247,1532,452,32103,12,1067,33182,59002,
29,TLAXCALA,11,HUAMANTLA,48,102,17768,17341,339,137,189,2374,736,38884,8,1276,40168,57818,
29,TLAXCALA,12,SAN LUIS TEOLOCHOLCO,37,112,15052,25473,1209,234,378,4147,1112,47605,6,1113,48724,70565,
29,TLAXCALA,13,ZACATELCO,32,105,14348,24946,1086,273,237,3458,913,45261,19,1103,46383,66336,
29,TLAXCALA,14,SANTA MARIA NATIVITAS,39,109,13783,24432,1111,238,423,1359,387,41733,0,1094,42827,67169,
29,TLAXCALA,15,VICENTE GUERRERO,23,100,14898,21097,1879,257,460,2027,872,41490,0,1181,42671,67404,
