CIRCUNSCRIPCION,ID_ESTADO,NOMBRE_ESTADO,ID_DISTRITO_LOCAL,CABECERA_DISTRITAL_LOCAL,ID_MUNICIPIO,MUNICIPIO,SECCION,CASILLAS,C_COMUN_PAN_PRD_PRS_PHBCS,PRI,PT,PVEM,MC,NA,MORENA,ES,BCSC,MORENA_ES,CAND_IND5,CAND_IND6,NUM_VOTOS_VALIDOS,NUM_VOTOS_CAN_NREG,NUM_VOTOS_NULOS,TOTAL_VOTOS,LISTA_NOMINAL
,3,BAJA CALIFORNIA SUR,11,CD. CONSTITUCION,1,COMONDU,1,1,106,174,7,2,0,0,118,10,0,1,,71,489,0,7,496,742
,3,BAJA CALIFORNIA SUR,11,CD. CONSTITUCION,1,COMONDU,2,1,70,88,4,4,2,1,101,0,1,0,,38,309,0,3,312,459
,3,BAJA CALIFORNIA SUR,11,CD. CONSTITUCION,1,COMONDU,3,3,170,255,11,6,5,3,300,17,4,10,,270,1051,0,19,1070,1604
,3,BAJA CALIFORNIA SUR,11,CD. CONSTITUCION,1,COMONDU,4,1,88,161,2,0,0,7,94,4,1,3,,73,433,0,9,442,687
,3,BAJA CALIFORNIA SUR,11,CD. CONSTITUCION,1,COMONDU,5,2,89,205,2,7,3,0,155,6,3,8,,117,595,0,10,605,929
,3,BAJA CALIFORNIA SUR,11,CD. CONSTITUCION,1,COMONDU,6,1,73,121,0,3,1,1,94,7,1,2,,86,389,0,8,397,694
,3,BAJA CALIFORNIA SUR,11,CD. CONSTITUCION,1,COMONDU,7,2,170,226,3,4,2,3,162,13,5,5,,132,725,0,12,737,1084
,3,BAJA CALIFORNIA SUR,11,CD. CONSTITUCION,1,COMONDU,8,2,97,94,3,3,2,4,96,2,1,4,,54,360,0,13,373,478
,3,BAJA CALIFORNIA SUR,11,CD. CONSTITUCION,1,COMONDU,9,1,58,73,2,1,1,2,69,1,0,3,,49,259,0,3,262,428
,3,BAJA CALIFORNIA SUR,11,CD. CONSTITUCION,1,COMONDU,10,2,94,137,2,2,3,0,154,1,2,6,,82,483,0,11,494,784
,3,BAJA CALIFORNIA SUR,10,CD. CONSTITUCION,1,COMONDU,11,1,65,57,4,2,0,1,81,7,1,3,,49,270,0,10,280,447
,3,BAJA CALIFORNIA SUR,10,CD. CONSTITUCION,1,COMONDU,12,1,43,65,0,0,2,2,28,0,0,1,,68,209,0,5,214,337
,3,BAJA CALIFORNIA SUR,10,CD. CONSTITUCION,1,COMONDU,13,2,119,159,5,5,1,10,195,10,1,7,,129,641,1,17,659,1048
,3,BAJA CALIFORNIA SUR,10,CD. CONSTITUCION,1,COMONDU,14,2,113,153,0,2,1,4,133,5,5,8,,87,511,0,15,526,934
,3,BAJA CALIFORNIA SUR,10,CD. CONSTITUCION,1,COMONDU,15,1,80,75,5,0,0,2,104,0,2,1,,68,337,0,7,344,581
,3,BAJA CALIFORNIA SUR,10,CD. CONSTITUCION,1,COMONDU,16,2,125,202,4,4,2,3,193,11,4,3,,112,663,0,13,676,1021
,3,BAJA CALIFORNIA SUR,10,CD. CONSTITUCION,1,COMONDU,17,1,69,77,1,1,2,1,107,1,1,2,,56,318,0,3,321,469
,3,BAJA CALIFORNIA SUR,11,CD. CONSTITUCION,1,COMONDU,18,2,114,197,4,3,1,1,214,9,8,10,,116,677,0,18,695,1102
,3,BAJA CALIFORNIA SUR,11,CD. CONSTITUCION,1,COMONDU,19,2,103,144,5,6,3,0,160,7,2,10,,60,500,0,30,530,888
,3,BAJA CALIFORNIA SUR,10,CD. CONSTITUCION,1,COMONDU,20,2,125,164,14,11,2,0,209,13,5,13,,94,650,0,24,674,1234
,3,BAJA CALIFORNIA SUR,10,CD. CONSTITUCION,1,COMONDU,21,2,135,129,6,7,2,3,210,22,2,19,,95,630,0,26,656,1089
,3,BAJA CALIFORNIA SUR,10,CD. CONSTITUCION,1,COMONDU,22,3,215,233,16,2,11,10,295,25,4,24,,149,984,0,41,1025,1883
,3,BAJA CALIFORNIA SUR,10,CD. CONSTITUCION,1,COMONDU,23,2,82,131,6,2,0,1,153,10,3,2,,96,486,0,17,503,860
,3,BAJA CALIFORNIA SUR,10,CD. CONSTITUCION,1,COMONDU,24,1,73,101,5,1,2,2,123,4,3,4,,56,374,0,18,392,643
,3,BAJA CALIFORNIA SUR,10,CD. CONSTITUCION,1,COMONDU,25,2,110,111,5,2,2,2,204,5,4,11,,80,536,0,27,563,923
,3,BAJA CALIFORNIA SUR,10,CD. CONSTITUCION,1,COMONDU,26,2,119,88,6,5,5,0,156,10,1,15,,90,495,0,30,525,898
,3,BAJA CALIFORNIA SUR,10,CD. CONSTITUCION,1,COMONDU,27,2,67,112,8,4,4,1,153,17,5,11,,107,489,1,23,513,867
,3,BAJA CALIFORNIA SUR,10,CD. CONSTITUCION,1,COMONDU,28,5,324,338,18,53,8,15,486,39,21,25,,196,1523,1,78,1602,3033
,3,BAJA CALIFORNIA SUR,10,CD. CONSTITUCION,1,COMONDU,29,2,180,151,16,3,3,7,285,21,4,9,,113,792,0,42,834,1407
,3,BAJA CALIFORNIA SUR,10,CD. CONSTITUCION,1,COMONDU,30,3,224,188,19,3,16,9,287,22,3,28,,139,938,0,53,991,1757
,3,BAJA CALIFORNIA SUR,10,CD. CONSTITUCION,1,COMONDU,31,2,130,116,6,3,2,3,168,10,3,7,,110,558,0,30,588,964
,3,BAJA CALIFORNIA SUR,10,CD. CONSTITUCION,1,COMONDU,32,2,139,148,6,2,5,4,180,26,5,11,,152,678,0,20,698,1101
,3,BAJA CALIFORNIA SUR,10,CD. CONSTITUCION,1,COMONDU,33,1,42,72,6,0,2,1,97,7,2,0,,12,241,0,12,253,363
,3,BAJA CALIFORNIA SUR,10,CD. CONSTITUCION,1,COMONDU,34,1,106,120,5,2,2,5,154,24,5,13,,20,456,0,35,491,723
,3,BAJA CALIFORNIA SUR,10,CD. CONSTITUCION,1,COMONDU,35,1,30,7,0,1,1,2,37,2,3,0,,15,98,0,8,106,146
,3,BAJA CALIFORNIA SUR,10,CD. CONSTITUCION,1,COMONDU,36,2,68,33,2,2,5,2,74,16,3,7,,10,222,0,32,254,418
,3,BAJA CALIFORNIA SUR,11,CD. CONSTITUCION,1,COMONDU,37,1,31,39,7,1,5,2,60,5,1,3,,21,175,0,8,183,255
,3,BAJA CALIFORNIA SUR,11,CD. CONSTITUCION,1,COMONDU,38,1,78,64,2,1,6,2,57,5,0,5,,7,227,0,12,239,328
,3,BAJA CALIFORNIA SUR,10,CD. CONSTITUCION,1,COMONDU,39,1,61,41,1,0,0,4,15,1,1,1,,12,137,0,13,150,211
,3,BAJA CALIFORNIA SUR,11,CD. CONSTITUCION,1,COMONDU,40,1,133,58,8,2,8,2,101,8,4,2,,27,353,0,20,373,675
,3,BAJA CALIFORNIA SUR,11,CD. CONSTITUCION,1,COMONDU,41,2,160,95,21,7,6,3,133,4,1,13,,56,499,0,27,526,975
,3,BAJA CALIFORNIA SUR,11,CD. CONSTITUCION,1,COMONDU,42,2,194,147,14,7,5,3,144,9,3,3,,24,553,0,35,588,1112
,3,BAJA CALIFORNIA SUR,11,CD. CONSTITUCION,1,COMONDU,43,1,115,84,4,3,5,8,134,2,4,1,,23,383,0,14,397,691
,3,BAJA CALIFORNIA SUR,11,CD. CONSTITUCION,1,COMONDU,44,2,80,147,8,0,2,7,143,3,1,6,,73,470,0,14,484,754
,3,BAJA CALIFORNIA SUR,11,CD. CONSTITUCION,1,COMONDU,45,2,130,96,11,3,6,8,129,5,2,5,,64,459,0,13,472,757
,3,BAJA CALIFORNIA SUR,11,CD. CONSTITUCION,1,COMONDU,46,1,89,116,7,1,2,6,118,7,7,5,,27,385,0,16,401,665
,3,BAJA CALIFORNIA SUR,11,CD. CONSTITUCION,1,COMONDU,47,2,121,99,10,9,6,4,152,5,20,2,,62,490,0,13,503,848
,3,BAJA CALIFORNIA SUR,11,CD. CONSTITUCION,1,COMONDU,48,2,227,199,7,4,14,17,166,5,6,4,,35,684,0,35,719,1123
,3,BAJA CALIFORNIA SUR,11,CD. CONSTITUCION,1,COMONDU,49,1,24,31,0,0,0,0,22,1,1,0,,8,87,0,7,94,167
,3,BAJA CALIFORNIA SUR,11,CD. CONSTITUCION,1,COMONDU,50,1,13,29,0,0,1,1,9,1,0,0,,49,103,0,7,110,176
,3,BAJA CALIFORNIA SUR,11,CD. CONSTITUCION,1,COMONDU,51,1,27,47,1,0,2,2,51,1,0,4,,21,156,0,7,163,285
,3,BAJA CALIFORNIA SUR,11,CD. CONSTITUCION,1,COMONDU,52,1,41,68,3,3,2,3,83,7,2,2,,25,239,0,10,249,387
,3,BAJA CALIFORNIA SUR,11,CD. CONSTITUCION,1,COMONDU,53,1,45,33,6,3,0,0,45,3,0,3,,33,171,0,11,182,276
,3,BAJA CALIFORNIA SUR,11,CD. CONSTITUCION,1,COMONDU,54,3,169,118,16,5,7,7,195,10,4,11,,33,575,0,32,607,996
,3,BAJA CALIFORNIA SUR,11,CD. CONSTITUCION,1,COMONDU,55,1,53,92,1,1,1,2,91,4,4,2,,11,262,0,18,280,385
,3,BAJA CALIFORNIA SUR,11,CD. CONSTITUCION,1,COMONDU,56,1,118,72,1,0,7,5,88,42,1,3,,16,353,0,9,362,540
,3,BAJA CALIFORNIA SUR,11,CD. CONSTITUCION,1,COMONDU,57,1,170,82,4,1,17,12,117,21,4,4,,19,451,0,25,476,690
,3,BAJA CALIFORNIA SUR,11,CD. CONSTITUCION,1,COMONDU,58,1,136,76,0,2,12,15,92,10,0,3,,23,369,0,20,389,547
,3,BAJA CALIFORNIA SUR,10,CD. CONSTITUCION,1,COMONDU,59,2,111,59,7,0,3,10,234,17,3,13,,14,471,0,16,487,940
,3,BAJA CALIFORNIA SUR,10,CD. CONSTITUCION,1,COMONDU,60,2,76,51,10,2,2,7,222,9,0,9,,14,402,0,17,419,771
,3,BAJA CALIFORNIA SUR,10,CD. CONSTITUCION,1,COMONDU,61,4,189,125,21,3,3,19,663,30,3,24,,34,1114,0,61,1175,2351
,3,BAJA CALIFORNIA SUR,10,CD. CONSTITUCION,1,COMONDU,62,1,16,6,8,0,0,0,44,1,0,1,,1,77,0,8,85,152
,3,BAJA CALIFORNIA SUR,11,CD. CONSTITUCION,1,COMONDU,63,1,19,23,1,1,1,0,17,1,0,18,,3,84,0,5,89,106
,3,BAJA CALIFORNIA SUR,11,CD. CONSTITUCION,1,COMONDU,66,1,21,16,0,0,0,0,8,0,1,0,,5,51,0,2,53,93
,3,BAJA CALIFORNIA SUR,11,CD. CONSTITUCION,1,COMONDU,67,1,184,170,6,1,1,0,50,1,3,2,,12,430,0,31,461,595
,3,BAJA CALIFORNIA SUR,11,CD. CONSTITUCION,1,COMONDU,68,1,110,98,5,0,1,1,40,1,2,0,,26,284,0,12,296,471
,3,BAJA CALIFORNIA SUR,11,CD. CONSTITUCION,1,COMONDU,69,1,63,80,8,2,2,1,124,9,2,5,,11,307,0,21,328,495
,3,BAJA CALIFORNIA SUR,11,CD. CONSTITUCION,1,COMONDU,70,1,128,120,2,0,1,1,43,4,2,1,,20,322,0,12,334,437
,3,BAJA CALIFORNIA SUR,11,CD. CONSTITUCION,1,COMONDU,71,1,26,25,3,5,0,2,12,6,1,1,,10,91,0,1,92,127
,3,BAJA CALIFORNIA SUR,11,CD. CONSTITUCION,1,COMONDU,72,1,88,120,5,3,0,1,63,6,1,15,,11,313,0,25,338,443
,3,BAJA CALIFORNIA SUR,11,CD. CONSTITUCION,1,COMONDU,73,1,142,132,6,1,2,0,121,5,6,7,,11,433,0,21,454,648
,3,BAJA CALIFORNIA SUR,11,CD. CONSTITUCION,1,COMONDU,74,1,31,60,0,0,1,1,9,0,0,0,,4,106,0,6,112,169
,3,BAJA CALIFORNIA SUR,13,LORETO,2,MULEGE,75,2,242,9,0,0,3,232,73,4,0,3,,,566,0,20,586,972
,3,BAJA CALIFORNIA SUR,13,LORETO,2,MULEGE,76,3,456,20,0,0,2,400,76,8,1,0,,,963,0,31,994,1618
,3,BAJA CALIFORNIA SUR,13,LORETO,2,MULEGE,77,3,238,10,0,0,0,269,72,8,3,2,,,602,0,15,617,814
,3,BAJA CALIFORNIA SUR,13,LORETO,2,MULEGE,78,2,288,15,0,0,3,302,57,1,0,3,,,669,0,25,694,1077
,3,BAJA CALIFORNIA SUR,13,LORETO,2,MULEGE,79,1,153,15,0,0,1,206,31,1,1,0,,,408,0,15,423,639
,3,BAJA CALIFORNIA SUR,13,LORETO,2,MULEGE,80,2,286,9,0,0,3,309,52,2,2,3,,,666,0,30,696,1073
,3,BAJA CALIFORNIA SUR,13,LORETO,2,MULEGE,81,1,134,11,0,0,0,131,29,0,1,2,,,308,0,9,317,514
,3,BAJA CALIFORNIA SUR,13,LORETO,2,MULEGE,82,2,292,8,0,0,2,299,48,1,1,1,,,652,0,17,669,1022
,3,BAJA CALIFORNIA SUR,13,LORETO,2,MULEGE,83,5,769,48,0,0,9,801,149,17,3,1,,,1797,0,36,1833,2776
,3,BAJA CALIFORNIA SUR,13,LORETO,2,MULEGE,84,1,25,2,0,0,0,74,35,4,1,2,,,143,0,4,147,226
,3,BAJA CALIFORNIA SUR,13,LORETO,2,MULEGE,85,3,308,43,0,0,5,245,102,4,5,3,,,715,1,28,744,1317
,3,BAJA CALIFORNIA SUR,13,LORETO,2,MULEGE,86,1,38,0,0,0,0,33,4,1,0,0,,,76,0,3,79,112
,3,BAJA CALIFORNIA SUR,13,LORETO,2,MULEGE,87,1,59,1,0,0,0,62,16,3,0,1,,,142,0,12,154,251
,3,BAJA CALIFORNIA SUR,13,LORETO,2,MULEGE,88,2,156,9,0,0,2,183,75,4,22,6,,,457,0,40,497,928
,3,BAJA CALIFORNIA SUR,13,LORETO,2,MULEGE,89,2,171,10,0,0,5,206,96,9,14,11,,,522,0,41,563,910
,3,BAJA CALIFORNIA SUR,13,LORETO,2,MULEGE,90,1,118,12,0,0,1,183,67,2,6,6,,,395,0,15,410,608
,3,BAJA CALIFORNIA SUR,13,LORETO,2,MULEGE,91,1,69,18,0,0,0,128,62,1,5,0,,,283,0,31,314,511
,3,BAJA CALIFORNIA SUR,14,GUERRERO NEGRO,2,MULEGE,92,1,33,7,0,0,1,32,165,5,1,3,,,247,0,1,248,346
,3,BAJA CALIFORNIA SUR,14,GUERRERO NEGRO,2,MULEGE,93,1,50,13,0,0,0,47,180,10,2,6,,,308,0,7,315,453
,3,BAJA CALIFORNIA SUR,14,GUERRERO NEGRO,2,MULEGE,94,5,445,52,0,0,10,273,904,27,8,25,,,1744,0,64,1808,3293
,3,BAJA CALIFORNIA SUR,14,GUERRERO NEGRO,2,MULEGE,95,2,112,15,0,0,2,68,238,13,0,12,,,460,0,8,468,858
,3,BAJA CALIFORNIA SUR,14,GUERRERO NEGRO,2,MULEGE,96,2,130,18,0,0,1,102,325,24,2,11,,,613,0,14,627,1133
,3,BAJA CALIFORNIA SUR,14,GUERRERO NEGRO,2,MULEGE,97,3,179,13,0,0,3,117,401,15,1,12,,,741,0,22,763,1101
,3,BAJA CALIFORNIA SUR,14,GUERRERO NEGRO,2,MULEGE,98,3,230,17,0,0,2,193,641,25,4,19,,,1131,1,15,1147,1888
,3,BAJA CALIFORNIA SUR,14,GUERRERO NEGRO,2,MULEGE,99,1,88,9,0,0,1,106,45,6,0,1,,,256,0,14,270,372
,3,BAJA CALIFORNIA SUR,14,GUERRERO NEGRO,2,MULEGE,101,1,42,3,0,0,3,36,14,4,0,3,,,105,0,1,106,155
,3,BAJA CALIFORNIA SUR,14,GUERRERO NEGRO,2,MULEGE,102,1,69,16,0,0,2,159,56,2,0,1,,,305,0,14,319,723
,3,BAJA CALIFORNIA SUR,14,GUERRERO NEGRO,2,MULEGE,103,1,143,18,0,0,0,238,62,4,1,0,,,466,0,18,484,747
,3,BAJA CALIFORNIA SUR,14,GUERRERO NEGRO,2,MULEGE,104,10,791,98,0,0,39,1403,901,37,9,26,,,3304,0,216,3520,7023
,3,BAJA CALIFORNIA SUR,14,GUERRERO NEGRO,2,MULEGE,105,1,59,2,0,0,1,38,10,3,0,1,,,114,0,4,118,170
,3,BAJA CALIFORNIA SUR,14,GUERRERO NEGRO,2,MULEGE,107,1,47,6,0,0,6,118,54,3,1,2,,,237,0,14,251,429
,3,BAJA CALIFORNIA SUR,14,GUERRERO NEGRO,2,MULEGE,108,2,121,4,0,0,3,252,165,4,3,2,,,554,0,21,575,975
,3,BAJA CALIFORNIA SUR,14,GUERRERO NEGRO,2,MULEGE,109,1,73,9,0,0,5,153,92,5,0,5,,,342,0,15,357,562
,3,BAJA CALIFORNIA SUR,14,GUERRERO NEGRO,2,MULEGE,110,2,60,2,0,0,0,66,15,2,0,1,,,146,0,4,150,240
,3,BAJA CALIFORNIA SUR,13,LORETO,2,MULEGE,111,1,103,10,0,0,0,35,32,5,0,0,,,185,0,11,196,305
,3,BAJA CALIFORNIA SUR,14,GUERRERO NEGRO,2,MULEGE,112,1,154,4,0,0,2,121,48,0,1,0,,,330,0,16,346,514
,3,BAJA CALIFORNIA SUR,14,GUERRERO NEGRO,2,MULEGE,113,1,96,2,0,0,1,67,41,3,1,1,,,212,0,13,225,392
,3,BAJA CALIFORNIA SUR,14,GUERRERO NEGRO,2,MULEGE,114,2,188,29,0,0,5,116,131,56,3,7,,,535,0,10,545,792
,3,BAJA CALIFORNIA SUR,14,GUERRERO NEGRO,2,MULEGE,115,1,43,0,0,0,0,61,30,0,0,0,,,134,0,6,140,164
,3,BAJA CALIFORNIA SUR,14,GUERRERO NEGRO,2,MULEGE,116,2,278,42,0,0,1,319,123,7,3,6,,,779,0,20,799,1174
,3,BAJA CALIFORNIA SUR,13,LORETO,2,MULEGE,117,2,129,6,0,0,1,70,56,8,2,5,,,277,0,25,302,461
,3,BAJA CALIFORNIA SUR,13,LORETO,2,MULEGE,118,2,139,7,0,0,3,47,58,3,0,5,,,262,0,5,267,419
,3,BAJA CALIFORNIA SUR,13,LORETO,2,MULEGE,119,1,89,2,0,0,0,34,68,5,2,4,,,204,1,10,215,316
,3,BAJA CALIFORNIA SUR,14,GUERRERO NEGRO,2,MULEGE,120,1,230,11,0,0,5,59,93,11,1,8,,,418,0,14,432,675
,3,BAJA CALIFORNIA SUR,6,LA PAZ,3,LA PAZ,121,2,186,79,4,21,16,5,250,4,64,8,,,637,0,22,659,1083
,3,BAJA CALIFORNIA SUR,2,LA PAZ,3,LA PAZ,122,1,107,76,8,59,21,4,103,17,21,3,,,419,1,29,449,729
,3,BAJA CALIFORNIA SUR,2,LA PAZ,3,LA PAZ,123,2,161,83,11,30,29,5,158,13,47,9,,,546,0,22,568,839
,3,BAJA CALIFORNIA SUR,2,LA PAZ,3,LA PAZ,124,2,204,110,4,15,29,3,209,7,37,2,,,620,0,18,638,986
,3,BAJA CALIFORNIA SUR,2,LA PAZ,3,LA PAZ,125,1,105,103,8,15,16,3,89,5,30,1,,,375,0,14,389,557
,3,BAJA CALIFORNIA SUR,2,LA PAZ,3,LA PAZ,126,1,121,60,6,28,22,1,171,7,13,5,,,434,1,28,463,738
,3,BAJA CALIFORNIA SUR,2,LA PAZ,3,LA PAZ,127,1,121,26,7,35,19,3,164,4,17,2,,,398,0,14,412,715
,3,BAJA CALIFORNIA SUR,2,LA PAZ,3,LA PAZ,128,1,111,31,5,25,12,4,128,7,14,4,,,341,0,17,358,625
,3,BAJA CALIFORNIA SUR,2,LA PAZ,3,LA PAZ,129,2,172,36,12,51,38,7,189,9,16,7,,,537,1,31,569,962
,3,BAJA CALIFORNIA SUR,6,LA PAZ,3,LA PAZ,130,1,49,26,4,9,2,3,84,5,12,2,,,196,0,5,201,382
,3,BAJA CALIFORNIA SUR,6,LA PAZ,3,LA PAZ,131,1,49,20,5,22,14,6,115,8,15,1,,,255,0,9,264,499
,3,BAJA CALIFORNIA SUR,6,LA PAZ,3,LA PAZ,132,1,37,18,6,20,8,3,76,5,12,3,,,188,0,10,198,388
,3,BAJA CALIFORNIA SUR,6,LA PAZ,3,LA PAZ,133,1,40,18,7,12,6,6,72,3,10,4,,,178,0,3,181,352
,3,BAJA CALIFORNIA SUR,6,LA PAZ,3,LA PAZ,134,1,36,17,2,8,8,1,85,6,6,1,,,170,0,10,180,309
,3,BAJA CALIFORNIA SUR,2,LA PAZ,3,LA PAZ,135,2,167,45,11,40,22,8,211,13,25,7,,,549,1,40,590,1019
,3,BAJA CALIFORNIA SUR,2,LA PAZ,3,LA PAZ,136,2,162,57,8,26,17,3,171,5,12,4,,,465,0,25,490,803
,3,BAJA CALIFORNIA SUR,2,LA PAZ,3,LA PAZ,137,2,131,88,5,13,29,13,185,5,21,1,,,491,24,9,524,817
,3,BAJA CALIFORNIA SUR,2,LA PAZ,3,LA PAZ,138,1,118,57,9,19,13,7,122,5,15,2,,,367,1,23,391,628
,3,BAJA CALIFORNIA SUR,2,LA PAZ,3,LA PAZ,139,1,83,34,6,19,15,1,138,2,11,4,,,313,0,12,325,550
,3,BAJA CALIFORNIA SUR,2,LA PAZ,3,LA PAZ,140,1,67,25,6,28,10,5,95,7,18,1,,,262,0,12,274,496
,3,BAJA CALIFORNIA SUR,2,LA PAZ,3,LA PAZ,141,2,120,23,12,43,16,3,180,3,24,6,,,430,0,23,453,789
,3,BAJA CALIFORNIA SUR,2,LA PAZ,3,LA PAZ,142,2,137,60,11,41,34,10,210,14,29,5,,,551,0,35,586,1033
,3,BAJA CALIFORNIA SUR,2,LA PAZ,3,LA PAZ,143,3,213,81,18,83,62,8,296,24,42,10,,,837,2,65,904,1853
,3,BAJA CALIFORNIA SUR,2,LA PAZ,3,LA PAZ,144,2,211,87,18,85,49,5,256,15,35,3,,,764,1,45,810,1488
,3,BAJA CALIFORNIA SUR,2,LA PAZ,3,LA PAZ,145,2,134,25,5,24,6,2,138,12,24,13,,,383,0,25,408,753
,3,BAJA CALIFORNIA SUR,2,LA PAZ,3,LA PAZ,146,1,115,15,5,19,13,4,121,13,22,3,,,330,0,16,346,609
,3,BAJA CALIFORNIA SUR,2,LA PAZ,3,LA PAZ,147,1,85,55,3,22,17,3,152,15,32,2,,,386,0,20,406,689
,3,BAJA CALIFORNIA SUR,2,LA PAZ,3,LA PAZ,148,1,109,24,9,15,8,3,132,4,14,4,,,322,0,17,339,539
,3,BAJA CALIFORNIA SUR,2,LA PAZ,3,LA PAZ,149,1,75,35,8,16,8,1,168,7,20,2,,,340,0,17,357,603
,3,BAJA CALIFORNIA SUR,2,LA PAZ,3,LA PAZ,150,1,75,28,9,24,11,2,127,6,12,4,,,298,0,12,310,484
,3,BAJA CALIFORNIA SUR,2,LA PAZ,3,LA PAZ,151,1,96,35,7,29,9,5,118,6,11,1,,,317,0,16,333,649
,3,BAJA CALIFORNIA SUR,6,LA PAZ,3,LA PAZ,152,2,147,33,4,27,11,5,187,14,14,7,,,449,0,19,468,909
,3,BAJA CALIFORNIA SUR,6,LA PAZ,3,LA PAZ,153,3,259,48,17,91,12,10,294,13,39,8,,,791,0,39,830,1530
,3,BAJA CALIFORNIA SUR,6,LA PAZ,3,LA PAZ,154,2,182,59,7,72,12,4,243,10,34,8,,,631,0,34,665,1165
,3,BAJA CALIFORNIA SUR,6,LA PAZ,3,LA PAZ,155,2,173,58,16,51,11,7,221,17,35,6,,,595,0,32,627,1010
,3,BAJA CALIFORNIA SUR,6,LA PAZ,3,LA PAZ,156,6,572,125,30,188,37,11,696,34,81,15,,,1789,1,99,1889,3683
,3,BAJA CALIFORNIA SUR,6,LA PAZ,3,LA PAZ,157,2,144,33,10,36,17,5,188,8,22,7,,,470,0,33,503,863
,3,BAJA CALIFORNIA SUR,6,LA PAZ,3,LA PAZ,158,2,161,34,14,32,12,9,192,10,29,8,,,501,0,34,535,864
,3,BAJA CALIFORNIA SUR,2,LA PAZ,3,LA PAZ,159,1,84,54,3,12,13,1,114,7,31,2,,,321,0,10,331,536
,3,BAJA CALIFORNIA SUR,2,LA PAZ,3,LA PAZ,160,1,97,43,11,2,16,7,103,6,27,6,,,318,2,17,337,497
,3,BAJA CALIFORNIA SUR,2,LA PAZ,3,LA PAZ,161,1,155,66,9,10,19,2,123,10,33,3,,,430,0,15,445,690
,3,BAJA CALIFORNIA SUR,2,LA PAZ,3,LA PAZ,162,2,161,109,5,12,23,8,184,6,30,3,,,541,3,29,573,866
,3,BAJA CALIFORNIA SUR,2,LA PAZ,3,LA PAZ,163,1,147,89,3,9,21,4,152,12,19,1,,,457,0,11,468,676
,3,BAJA CALIFORNIA SUR,2,LA PAZ,3,LA PAZ,164,2,150,97,5,23,27,15,152,12,47,1,,,529,0,16,545,839
,3,BAJA CALIFORNIA SUR,2,LA PAZ,3,LA PAZ,165,2,176,108,16,14,17,8,189,5,35,3,,,571,0,18,589,875
,3,BAJA CALIFORNIA SUR,2,LA PAZ,3,LA PAZ,166,1,153,116,7,12,17,3,117,6,39,1,,,471,0,18,489,667
,3,BAJA CALIFORNIA SUR,2,LA PAZ,3,LA PAZ,167,2,205,103,10,17,41,10,249,9,47,5,,,696,1,32,729,1059
,3,BAJA CALIFORNIA SUR,2,LA PAZ,3,LA PAZ,168,2,199,73,7,29,18,4,276,10,15,0,,,631,6,25,662,1011
,3,BAJA CALIFORNIA SUR,2,LA PAZ,3,LA PAZ,169,1,128,37,8,17,12,3,106,10,15,3,,,339,0,17,356,713
,3,BAJA CALIFORNIA SUR,2,LA PAZ,3,LA PAZ,170,1,131,37,3,8,10,4,113,7,18,3,,,334,0,12,346,508
,3,BAJA CALIFORNIA SUR,2,LA PAZ,3,LA PAZ,171,1,121,40,3,9,12,12,140,6,30,3,,,376,0,9,385,609
,3,BAJA CALIFORNIA SUR,2,LA PAZ,3,LA PAZ,172,1,120,54,8,17,14,11,140,4,26,0,,,394,0,14,408,645
,3,BAJA CALIFORNIA SUR,2,LA PAZ,3,LA PAZ,173,2,214,75,18,20,12,9,201,8,28,13,,,598,1,27,626,1009
,3,BAJA CALIFORNIA SUR,2,LA PAZ,3,LA PAZ,174,2,224,52,11,28,16,10,203,14,37,4,,,599,2,24,625,972
,3,BAJA CALIFORNIA SUR,3,LA PAZ,3,LA PAZ,175,2,243,59,14,35,24,7,287,26,31,6,,,732,0,33,765,1301
,3,BAJA CALIFORNIA SUR,2,LA PAZ,3,LA PAZ,176,1,137,35,7,12,10,9,110,12,26,1,,,359,0,16,375,566
,3,BAJA CALIFORNIA SUR,2,LA PAZ,3,LA PAZ,177,1,131,27,3,22,15,4,129,4,13,1,,,349,0,9,358,559
,3,BAJA CALIFORNIA SUR,2,LA PAZ,3,LA PAZ,178,1,87,25,7,29,16,2,111,4,16,1,,,298,2,17,317,495
,3,BAJA CALIFORNIA SUR,3,LA PAZ,3,LA PAZ,179,2,164,40,19,29,11,9,203,15,23,8,,,521,0,31,552,895
,3,BAJA CALIFORNIA SUR,3,LA PAZ,3,LA PAZ,180,2,183,36,6,25,12,7,208,14,17,8,,,516,0,19,535,903
,3,BAJA CALIFORNIA SUR,3,LA PAZ,3,LA PAZ,181,2,233,59,15,24,8,7,231,9,11,2,,,599,0,20,619,1227
,3,BAJA CALIFORNIA SUR,3,LA PAZ,3,LA PAZ,182,2,188,38,6,38,20,4,186,4,24,2,,,510,0,20,530,871
,3,BAJA CALIFORNIA SUR,3,LA PAZ,3,LA PAZ,183,1,161,29,7,12,13,3,156,8,22,4,,,415,0,18,433,686
,3,BAJA CALIFORNIA SUR,5,LA PAZ,3,LA PAZ,184,1,91,23,2,8,2,1,58,2,8,2,,,197,0,7,204,329
,3,BAJA CALIFORNIA SUR,5,LA PAZ,3,LA PAZ,185,1,94,54,6,9,18,12,187,10,17,8,,,415,0,4,419,648
,3,BAJA CALIFORNIA SUR,15,LA PAZ,3,LA PAZ,186,2,204,90,5,10,24,3,172,10,41,5,,,564,1,16,581,870
,3,BAJA CALIFORNIA SUR,5,LA PAZ,3,LA PAZ,187,2,207,107,7,22,13,5,159,15,28,7,,,570,0,14,584,840
,3,BAJA CALIFORNIA SUR,2,LA PAZ,3,LA PAZ,188,2,142,107,7,19,21,4,181,13,35,3,,,532,1,19,552,752
,3,BAJA CALIFORNIA SUR,15,LA PAZ,3,LA PAZ,189,2,237,127,5,18,31,3,192,11,42,6,,,672,1,17,690,1015
,3,BAJA CALIFORNIA SUR,15,LA PAZ,3,LA PAZ,190,2,259,105,5,23,29,14,253,12,35,8,,,743,4,23,770,1146
,3,BAJA CALIFORNIA SUR,15,LA PAZ,3,LA PAZ,191,2,174,126,7,17,25,9,211,13,49,9,,,640,0,27,667,936
,3,BAJA CALIFORNIA SUR,15,LA PAZ,3,LA PAZ,192,1,164,83,3,26,26,11,164,11,30,4,,,522,0,12,534,726
,3,BAJA CALIFORNIA SUR,15,LA PAZ,3,LA PAZ,193,2,188,131,3,19,33,12,240,18,34,2,,,680,1,15,696,929
,3,BAJA CALIFORNIA SUR,15,LA PAZ,3,LA PAZ,194,1,92,53,3,15,24,7,137,4,26,5,,,366,1,10,377,549
,3,BAJA CALIFORNIA SUR,15,LA PAZ,3,LA PAZ,195,1,147,45,17,9,15,2,121,8,21,5,,,390,0,20,410,636
,3,BAJA CALIFORNIA SUR,15,LA PAZ,3,LA PAZ,196,2,162,59,8,20,26,7,209,16,34,4,,,545,0,22,567,915
,3,BAJA CALIFORNIA SUR,15,LA PAZ,3,LA PAZ,197,3,354,168,15,42,48,16,368,22,68,11,,,1112,1,50,1163,1683
,3,BAJA CALIFORNIA SUR,15,LA PAZ,3,LA PAZ,198,1,139,38,4,16,12,3,151,8,20,8,,,399,1,23,423,672
,3,BAJA CALIFORNIA SUR,15,LA PAZ,3,LA PAZ,199,1,123,58,11,12,5,5,120,8,18,6,,,366,0,11,377,585
,3,BAJA CALIFORNIA SUR,15,LA PAZ,3,LA PAZ,200,1,117,55,8,11,12,5,137,22,26,9,,,402,0,13,415,654
,3,BAJA CALIFORNIA SUR,15,LA PAZ,3,LA PAZ,201,1,84,40,5,16,7,5,83,3,12,6,,,261,0,6,267,468
,3,BAJA CALIFORNIA SUR,3,LA PAZ,3,LA PAZ,202,2,351,167,10,27,48,12,269,11,86,8,,,989,0,20,1009,1435
,3,BAJA CALIFORNIA SUR,3,LA PAZ,3,LA PAZ,203,2,120,46,13,26,8,9,202,12,34,7,,,477,1,24,502,814
,3,BAJA CALIFORNIA SUR,3,LA PAZ,3,LA PAZ,204,2,166,54,16,19,18,5,211,5,31,1,,,526,0,20,546,892
,3,BAJA CALIFORNIA SUR,3,LA PAZ,3,LA PAZ,205,1,125,27,10,12,14,66,144,4,13,2,,,417,0,22,439,660
,3,BAJA CALIFORNIA SUR,3,LA PAZ,3,LA PAZ,206,4,443,109,29,53,26,7,451,27,123,17,,,1285,0,92,1377,2769
,3,BAJA CALIFORNIA SUR,5,LA PAZ,3,LA PAZ,207,1,118,37,6,15,11,9,132,7,28,3,,,366,1,10,377,646
,3,BAJA CALIFORNIA SUR,5,LA PAZ,3,LA PAZ,208,2,159,30,13,13,23,8,190,11,31,12,,,490,2,28,520,797
,3,BAJA CALIFORNIA SUR,5,LA PAZ,3,LA PAZ,209,3,425,198,20,35,61,10,326,20,62,7,,,1164,1,25,1190,1767
,3,BAJA CALIFORNIA SUR,5,LA PAZ,3,LA PAZ,210,6,789,336,34,113,113,31,873,67,153,27,,,2536,6,58,2600,3954
,3,BAJA CALIFORNIA SUR,15,LA PAZ,3,LA PAZ,211,2,235,72,11,27,34,9,338,13,67,5,,,811,2,17,830,1193
,3,BAJA CALIFORNIA SUR,15,LA PAZ,3,LA PAZ,212,2,226,93,11,16,35,6,213,13,47,5,,,665,1,16,682,947
,3,BAJA CALIFORNIA SUR,15,LA PAZ,3,LA PAZ,213,2,253,71,14,27,37,5,342,27,48,11,,,835,0,38,873,1307
,3,BAJA CALIFORNIA SUR,15,LA PAZ,3,LA PAZ,214,2,221,80,9,26,29,14,205,10,36,6,,,636,0,15,651,916
,3,BAJA CALIFORNIA SUR,15,LA PAZ,3,LA PAZ,215,1,116,58,11,37,10,3,213,11,26,2,,,487,1,14,502,735
,3,BAJA CALIFORNIA SUR,15,LA PAZ,3,LA PAZ,216,1,111,30,10,9,9,4,105,7,21,3,,,309,0,14,323,519
,3,BAJA CALIFORNIA SUR,15,LA PAZ,3,LA PAZ,217,6,700,280,39,79,91,62,995,36,164,31,,,2477,1,45,2523,3939
,3,BAJA CALIFORNIA SUR,5,LA PAZ,3,LA PAZ,218,4,570,258,18,50,88,13,484,29,109,12,,,1631,7,47,1685,2565
,3,BAJA CALIFORNIA SUR,15,LA PAZ,3,LA PAZ,219,2,240,79,20,28,46,5,263,10,67,4,,,762,1,25,788,1119
,3,BAJA CALIFORNIA SUR,15,LA PAZ,3,LA PAZ,220,2,202,82,9,22,27,17,257,10,52,7,,,685,2,29,716,1066
,3,BAJA CALIFORNIA SUR,15,LA PAZ,3,LA PAZ,221,2,161,70,9,17,32,15,203,4,36,4,,,551,2,16,569,873
,3,BAJA CALIFORNIA SUR,15,LA PAZ,3,LA PAZ,222,2,200,107,12,30,46,8,209,9,33,4,,,658,4,17,679,904
,3,BAJA CALIFORNIA SUR,15,LA PAZ,3,LA PAZ,223,2,215,133,13,21,30,14,226,11,43,8,,,714,0,26,740,1091
,3,BAJA CALIFORNIA SUR,15,LA PAZ,3,LA PAZ,224,1,155,43,3,10,12,5,117,5,28,4,,,382,1,14,397,560
,3,BAJA CALIFORNIA SUR,15,LA PAZ,3,LA PAZ,225,1,139,49,1,8,12,3,115,6,17,4,,,354,0,13,367,566
,3,BAJA CALIFORNIA SUR,15,LA PAZ,3,LA PAZ,226,2,316,53,13,32,31,13,247,12,47,4,,,768,0,26,794,1123
,3,BAJA CALIFORNIA SUR,15,LA PAZ,3,LA PAZ,227,2,296,63,11,22,16,7,307,15,53,8,,,798,1,23,822,1283
,3,BAJA CALIFORNIA SUR,15,LA PAZ,3,LA PAZ,228,3,387,86,10,36,30,12,393,14,76,9,,,1053,0,17,1070,1588
,3,BAJA CALIFORNIA SUR,15,LA PAZ,3,LA PAZ,229,1,206,46,9,4,10,7,159,5,36,5,,,487,0,10,497,697
,3,BAJA CALIFORNIA SUR,15,LA PAZ,3,LA PAZ,230,1,180,47,8,9,28,5,165,5,34,4,,,485,1,11,497,694
,3,BAJA CALIFORNIA SUR,15,LA PAZ,3,LA PAZ,231,1,139,36,8,13,5,10,134,7,16,3,,,371,0,17,388,520
,3,BAJA CALIFORNIA SUR,3,LA PAZ,3,LA PAZ,232,2,191,55,15,12,14,3,178,8,40,5,,,521,2,15,538,834
,3,BAJA CALIFORNIA SUR,3,LA PAZ,3,LA PAZ,233,1,149,27,6,17,17,8,144,10,14,3,,,395,0,14,409,595
,3,BAJA CALIFORNIA SUR,3,LA PAZ,3,LA PAZ,234,2,208,67,11,18,14,5,245,7,27,7,,,609,0,16,625,835
,3,BAJA CALIFORNIA SUR,3,LA PAZ,3,LA PAZ,235,2,149,61,12,11,19,9,233,16,38,2,,,550,0,19,569,925
,3,BAJA CALIFORNIA SUR,3,LA PAZ,3,LA PAZ,236,1,110,21,3,9,4,1,99,4,16,2,,,269,0,7,276,418
,3,BAJA CALIFORNIA SUR,3,LA PAZ,3,LA PAZ,237,2,220,54,8,22,38,14,234,7,30,5,,,632,1,26,659,972
,3,BAJA CALIFORNIA SUR,3,LA PAZ,3,LA PAZ,238,2,148,74,3,30,16,12,215,5,34,8,,,545,0,19,564,798
,3,BAJA CALIFORNIA SUR,3,LA PAZ,3,LA PAZ,239,2,242,36,15,26,20,6,245,12,34,0,,,636,0,14,650,1032
,3,BAJA CALIFORNIA SUR,3,LA PAZ,3,LA PAZ,240,1,110,27,4,9,14,1,121,2,14,2,,,304,1,11,316,523
,3,BAJA CALIFORNIA SUR,3,LA PAZ,3,LA PAZ,241,1,115,25,8,5,6,4,131,10,16,3,,,323,0,16,339,552
,3,BAJA CALIFORNIA SUR,3,LA PAZ,3,LA PAZ,242,2,136,47,3,12,4,9,135,6,26,2,,,380,1,17,398,634
,3,BAJA CALIFORNIA SUR,3,LA PAZ,3,LA PAZ,243,1,116,65,5,14,15,5,152,7,20,6,,,405,0,12,417,638
,3,BAJA CALIFORNIA SUR,3,LA PAZ,3,LA PAZ,244,1,129,49,10,12,20,8,185,6,21,7,,,447,0,19,466,673
,3,BAJA CALIFORNIA SUR,3,LA PAZ,3,LA PAZ,245,1,117,60,9,10,15,3,146,4,16,1,,,381,1,14,396,567
,3,BAJA CALIFORNIA SUR,3,LA PAZ,3,LA PAZ,246,3,203,51,15,27,43,13,249,18,34,9,,,662,1,35,698,868
,3,BAJA CALIFORNIA SUR,3,LA PAZ,3,LA PAZ,247,2,159,39,11,15,15,6,170,3,29,2,,,449,3,23,475,833
,3,BAJA CALIFORNIA SUR,3,LA PAZ,3,LA PAZ,248,2,165,48,9,20,23,5,184,8,22,5,,,489,0,15,504,685
,3,BAJA CALIFORNIA SUR,3,LA PAZ,3,LA PAZ,249,2,203,45,10,17,14,5,205,9,46,2,,,556,0,18,574,830
,3,BAJA CALIFORNIA SUR,3,LA PAZ,3,LA PAZ,250,2,185,54,28,22,12,7,232,15,27,6,,,588,0,28,616,1016
,3,BAJA CALIFORNIA SUR,3,LA PAZ,3,LA PAZ,251,1,82,26,16,11,9,1,112,6,13,4,,,280,0,20,300,520
,3,BAJA CALIFORNIA SUR,6,LA PAZ,3,LA PAZ,254,1,119,10,4,3,3,1,57,2,0,4,,,203,0,8,211,336
,3,BAJA CALIFORNIA SUR,6,LA PAZ,3,LA PAZ,255,3,256,57,35,74,40,4,441,21,38,13,,,979,2,68,1049,1969
,3,BAJA CALIFORNIA SUR,5,LA PAZ,3,LA PAZ,256,3,453,141,21,86,19,10,354,22,64,7,,,1177,0,48,1225,2097
,3,BAJA CALIFORNIA SUR,5,LA PAZ,3,LA PAZ,257,2,135,37,19,19,10,11,222,18,52,9,,,532,0,48,580,1086
,3,BAJA CALIFORNIA SUR,5,LA PAZ,3,LA PAZ,258,1,64,19,8,19,3,2,31,7,8,4,,,165,0,8,173,372
,3,BAJA CALIFORNIA SUR,5,LA PAZ,3,LA PAZ,259,1,29,6,1,2,0,2,52,0,5,8,,,105,0,6,111,170
,3,BAJA CALIFORNIA SUR,5,LA PAZ,3,LA PAZ,260,1,21,5,3,2,0,0,50,8,4,10,,,103,0,9,112,213
,3,BAJA CALIFORNIA SUR,5,LA PAZ,3,LA PAZ,261,1,121,52,3,5,2,4,138,22,5,76,,,428,0,25,453,728
,3,BAJA CALIFORNIA SUR,5,LA PAZ,3,LA PAZ,262,1,54,5,3,4,2,2,44,7,3,20,,,144,0,11,155,209
,3,BAJA CALIFORNIA SUR,5,LA PAZ,3,LA PAZ,263,1,18,4,1,3,0,0,22,5,0,43,,,96,0,8,104,180
,3,BAJA CALIFORNIA SUR,5,LA PAZ,3,LA PAZ,264,2,45,7,3,7,1,2,23,2,0,4,,,94,0,3,97,195
,3,BAJA CALIFORNIA SUR,5,LA PAZ,3,LA PAZ,265,3,80,8,2,8,2,4,102,9,2,47,,,264,0,22,286,483
,3,BAJA CALIFORNIA SUR,5,LA PAZ,3,LA PAZ,266,2,100,9,5,1,1,0,123,13,5,21,,,278,0,16,294,454
,3,BAJA CALIFORNIA SUR,6,LA PAZ,3,LA PAZ,267,3,152,22,17,66,10,4,277,8,7,10,,,573,0,57,630,994
,3,BAJA CALIFORNIA SUR,6,LA PAZ,3,LA PAZ,268,2,128,14,4,10,6,1,87,3,8,3,,,264,0,24,288,415
,3,BAJA CALIFORNIA SUR,6,LA PAZ,3,LA PAZ,269,2,217,72,14,58,8,6,198,19,11,0,,,603,1,47,651,1100
,3,BAJA CALIFORNIA SUR,6,LA PAZ,3,LA PAZ,270,4,527,76,33,124,27,19,514,16,17,18,,,1371,4,94,1469,2331
,3,BAJA CALIFORNIA SUR,6,LA PAZ,3,LA PAZ,271,2,111,61,18,31,10,6,148,6,6,1,,,398,0,17,415,613
,3,BAJA CALIFORNIA SUR,6,LA PAZ,3,LA PAZ,272,1,99,10,7,20,6,4,65,1,7,5,,,224,0,25,249,321
,3,BAJA CALIFORNIA SUR,6,LA PAZ,3,LA PAZ,273,1,62,7,5,3,1,1,44,5,4,5,,,137,0,7,144,212
,3,BAJA CALIFORNIA SUR,6,LA PAZ,3,LA PAZ,274,3,161,37,27,38,10,2,245,10,9,11,,,550,0,40,590,1317
,3,BAJA CALIFORNIA SUR,6,LA PAZ,3,LA PAZ,276,1,102,15,2,30,3,2,133,5,5,0,,,297,0,17,314,453
,3,BAJA CALIFORNIA SUR,6,LA PAZ,3,LA PAZ,277,1,53,26,11,25,6,2,145,4,2,3,,,277,0,14,291,420
,3,BAJA CALIFORNIA SUR,6,LA PAZ,3,LA PAZ,278,2,180,46,21,28,10,7,377,4,5,3,,,681,0,32,713,1270
,3,BAJA CALIFORNIA SUR,6,LA PAZ,3,LA PAZ,279,2,21,5,2,5,0,1,24,2,0,0,,,60,0,5,65,107
,3,BAJA CALIFORNIA SUR,6,LA PAZ,3,LA PAZ,280,5,346,111,15,53,16,26,556,14,49,8,,,1194,1,53,1248,1535
,3,BAJA CALIFORNIA SUR,6,LA PAZ,3,LA PAZ,281,2,239,65,15,56,10,7,368,5,18,3,,,786,0,33,819,1413
,3,BAJA CALIFORNIA SUR,6,LA PAZ,3,LA PAZ,282,2,232,69,18,48,10,10,332,3,18,4,,,744,0,40,784,1286
,3,BAJA CALIFORNIA SUR,6,LA PAZ,3,LA PAZ,283,4,368,96,47,100,16,33,396,14,28,4,,,1102,1,99,1202,2437
,3,BAJA CALIFORNIA SUR,6,LA PAZ,3,LA PAZ,284,1,24,5,2,2,1,1,21,0,0,0,,,56,0,7,63,116
,3,BAJA CALIFORNIA SUR,6,LA PAZ,3,LA PAZ,287,2,53,6,10,6,1,1,33,3,0,2,,,115,0,9,124,202
,3,BAJA CALIFORNIA SUR,5,LA PAZ,3,LA PAZ,288,2,129,53,11,24,15,10,174,13,33,13,,,475,1,28,504,854
,3,BAJA CALIFORNIA SUR,5,LA PAZ,3,LA PAZ,289,3,344,73,33,40,27,5,449,18,53,16,,,1058,2,33,1093,1912
,3,BAJA CALIFORNIA SUR,1,SAN JOSE DEL CABO,4,LOS CABOS,290,3,370,68,97,61,12,9,153,7,20,2,,,799,1,19,819,1504
,3,BAJA CALIFORNIA SUR,12,SAN JOSE DEL CABO,4,LOS CABOS,291,4,255,54,257,152,20,6,344,10,16,9,,,1123,3,41,1167,2018
,3,BAJA CALIFORNIA SUR,12,SAN JOSE DEL CABO,4,LOS CABOS,292,1,136,27,70,55,6,6,88,2,11,2,,,403,1,9,413,684
,3,BAJA CALIFORNIA SUR,12,SAN JOSE DEL CABO,4,LOS CABOS,293,2,135,31,138,70,13,8,179,10,8,4,,,596,0,22,618,1084
,3,BAJA CALIFORNIA SUR,1,SAN JOSE DEL CABO,4,LOS CABOS,294,3,457,71,170,105,13,10,271,15,35,4,,,1151,0,26,1177,1772
,3,BAJA CALIFORNIA SUR,1,SAN JOSE DEL CABO,4,LOS CABOS,295,4,400,47,252,187,24,15,467,24,36,7,,,1459,0,50,1509,2629
,3,BAJA CALIFORNIA SUR,1,SAN JOSE DEL CABO,4,LOS CABOS,296,3,255,33,247,129,12,13,309,15,36,11,,,1060,0,46,1106,1880
,3,BAJA CALIFORNIA SUR,12,SAN JOSE DEL CABO,4,LOS CABOS,297,2,138,15,119,63,2,5,127,6,1,4,,,480,1,21,502,826
,3,BAJA CALIFORNIA SUR,1,SAN JOSE DEL CABO,4,LOS CABOS,298,21,1739,263,1150,1014,181,95,2537,121,285,151,,,7536,1,221,7758,15199
,3,BAJA CALIFORNIA SUR,7,SAN JOSE DEL CABO,4,LOS CABOS,299,2,125,28,108,63,6,6,241,5,4,11,,,597,3,28,628,1080
,3,BAJA CALIFORNIA SUR,7,SAN JOSE DEL CABO,4,LOS CABOS,300,6,441,80,512,266,26,22,733,31,33,12,,,2156,1,75,2232,4359
,3,BAJA CALIFORNIA SUR,7,SAN JOSE DEL CABO,4,LOS CABOS,302,1,51,12,83,44,3,0,103,2,6,0,,,304,1,18,323,578
,3,BAJA CALIFORNIA SUR,12,SAN JOSE DEL CABO,4,LOS CABOS,303,1,105,7,52,12,1,2,69,2,4,2,,,256,0,18,274,450
,3,BAJA CALIFORNIA SUR,12,SAN JOSE DEL CABO,4,LOS CABOS,304,4,400,18,344,34,2,7,248,9,7,2,,,1071,0,52,1123,1779
,3,BAJA CALIFORNIA SUR,12,SAN JOSE DEL CABO,4,LOS CABOS,305,2,244,10,216,16,0,1,101,2,1,0,,,591,0,28,619,843
,3,BAJA CALIFORNIA SUR,12,SAN JOSE DEL CABO,4,LOS CABOS,306,3,387,22,443,20,0,2,102,9,2,4,,,991,0,21,1012,1435
,3,BAJA CALIFORNIA SUR,12,SAN JOSE DEL CABO,4,LOS CABOS,307,2,101,3,76,4,1,0,19,0,1,1,,,206,0,11,217,277
,3,BAJA CALIFORNIA SUR,12,SAN JOSE DEL CABO,4,LOS CABOS,308,4,558,13,599,42,7,2,88,6,3,2,,,1320,0,52,1372,1784
,3,BAJA CALIFORNIA SUR,12,SAN JOSE DEL CABO,4,LOS CABOS,309,2,189,3,125,14,0,1,28,10,3,5,,,378,0,24,402,504
,3,BAJA CALIFORNIA SUR,12,SAN JOSE DEL CABO,4,LOS CABOS,310,4,314,31,474,151,8,8,481,30,27,6,,,1530,0,41,1571,2731
,3,BAJA CALIFORNIA SUR,12,SAN JOSE DEL CABO,4,LOS CABOS,311,2,148,36,95,22,2,2,97,3,0,1,,,406,1,30,437,667
,3,BAJA CALIFORNIA SUR,12,SAN JOSE DEL CABO,4,LOS CABOS,312,13,856,125,1042,424,36,51,1474,64,59,29,,,4160,3,144,4307,8256
,3,BAJA CALIFORNIA SUR,12,SAN JOSE DEL CABO,4,LOS CABOS,313,2,248,45,163,91,11,13,236,13,10,4,,,834,1,30,865,1483
,3,BAJA CALIFORNIA SUR,12,SAN JOSE DEL CABO,4,LOS CABOS,314,9,600,106,626,412,31,25,1049,44,40,30,,,2963,0,109,3072,6429
,3,BAJA CALIFORNIA SUR,12,SAN JOSE DEL CABO,4,LOS CABOS,315,1,58,32,45,21,4,4,137,7,0,0,,,308,0,13,321,517
,3,BAJA CALIFORNIA SUR,1,SAN JOSE DEL CABO,4,LOS CABOS,316,6,902,165,370,132,20,22,339,22,61,2,,,2035,4,41,2080,3787
,3,BAJA CALIFORNIA SUR,16,CABO SAN LUCAS,4,LOS CABOS,317,3,240,38,209,71,12,11,303,6,50,9,,,949,1,38,988,2218
,3,BAJA CALIFORNIA SUR,16,CABO SAN LUCAS,4,LOS CABOS,318,3,206,21,161,33,4,7,197,4,28,0,,,661,0,25,686,1257
,3,BAJA CALIFORNIA SUR,16,CABO SAN LUCAS,4,LOS CABOS,319,1,114,15,89,22,2,3,61,4,10,1,,,321,0,7,328,604
,3,BAJA CALIFORNIA SUR,16,CABO SAN LUCAS,4,LOS CABOS,320,3,189,35,221,94,11,6,291,9,65,3,,,924,0,37,961,2044
,3,BAJA CALIFORNIA SUR,16,CABO SAN LUCAS,4,LOS CABOS,321,3,202,19,167,77,6,4,245,3,37,3,,,763,0,35,798,1655
,3,BAJA CALIFORNIA SUR,16,CABO SAN LUCAS,4,LOS CABOS,322,3,194,40,185,71,8,7,270,7,45,4,,,831,0,36,867,1658
,3,BAJA CALIFORNIA SUR,16,CABO SAN LUCAS,4,LOS CABOS,323,2,164,18,187,48,5,7,195,8,30,5,,,667,0,23,690,1339
,3,BAJA CALIFORNIA SUR,16,CABO SAN LUCAS,4,LOS CABOS,324,3,162,38,208,78,14,8,301,13,39,2,,,863,1,29,893,2000
,3,BAJA CALIFORNIA SUR,16,CABO SAN LUCAS,4,LOS CABOS,325,3,160,25,180,126,10,9,342,12,44,7,,,915,1,66,982,2143
,3,BAJA CALIFORNIA SUR,16,CABO SAN LUCAS,4,LOS CABOS,326,2,131,16,34,41,6,4,140,4,23,5,,,404,0,18,422,1198
,3,BAJA CALIFORNIA SUR,16,CABO SAN LUCAS,4,LOS CABOS,327,3,185,21,247,50,7,14,251,2,38,4,,,819,0,35,854,1737
,3,BAJA CALIFORNIA SUR,16,CABO SAN LUCAS,4,LOS CABOS,328,4,258,31,320,74,13,12,401,8,67,5,,,1189,0,35,1224,2288
,3,BAJA CALIFORNIA SUR,16,CABO SAN LUCAS,4,LOS CABOS,329,2,118,12,155,58,3,4,187,2,46,1,,,586,0,31,617,1171
,3,BAJA CALIFORNIA SUR,16,CABO SAN LUCAS,4,LOS CABOS,331,4,389,37,444,152,11,11,402,14,110,3,,,1573,1,31,1605,2750
,3,BAJA CALIFORNIA SUR,8,CABO SAN LUCAS,4,LOS CABOS,332,11,1056,153,1195,338,29,53,1243,43,259,11,,,4380,1,104,4485,8219
,3,BAJA CALIFORNIA SUR,16,CABO SAN LUCAS,4,LOS CABOS,333,5,388,49,433,140,10,18,511,17,132,5,,,1703,1,57,1761,3427
,3,BAJA CALIFORNIA SUR,1,SAN JOSE DEL CABO,4,LOS CABOS,334,2,56,7,47,4,2,1,36,3,1,2,,,159,0,15,174,279
,3,BAJA CALIFORNIA SUR,8,CABO SAN LUCAS,4,LOS CABOS,335,1,51,8,92,22,0,2,92,2,10,1,,,280,0,7,287,504
,3,BAJA CALIFORNIA SUR,8,CABO SAN LUCAS,4,LOS CABOS,336,1,44,6,77,28,1,1,73,0,11,1,,,242,0,7,249,410
,3,BAJA CALIFORNIA SUR,13,LORETO,5,LORETO,338,3,326,188,79,91,0,0,88,0,5,0,36,,813,0,6,819,1254
,3,BAJA CALIFORNIA SUR,13,LORETO,5,LORETO,339,7,1244,579,357,206,0,0,358,0,30,0,125,,2899,0,61,2960,4710
,3,BAJA CALIFORNIA SUR,13,LORETO,5,LORETO,340,2,302,176,53,44,0,0,72,0,2,0,40,,689,0,16,705,1008
,3,BAJA CALIFORNIA SUR,13,LORETO,5,LORETO,341,2,195,134,53,57,0,0,92,0,4,0,20,,555,0,8,563,801
,3,BAJA CALIFORNIA SUR,13,LORETO,5,LORETO,342,3,243,128,50,55,0,0,77,0,5,0,13,,571,0,15,586,837
,3,BAJA CALIFORNIA SUR,13,LORETO,5,LORETO,343,1,156,117,34,52,0,0,67,0,4,0,38,,468,1,6,475,666
,3,BAJA CALIFORNIA SUR,13,LORETO,5,LORETO,344,2,461,222,89,91,0,0,120,0,6,0,25,,1014,0,16,1030,1477
,3,BAJA CALIFORNIA SUR,13,LORETO,5,LORETO,345,2,178,43,21,30,0,0,20,0,2,0,5,,299,0,8,307,362
,3,BAJA CALIFORNIA SUR,13,LORETO,5,LORETO,346,2,194,70,73,15,0,0,31,0,5,0,4,,392,0,25,417,553
,3,BAJA CALIFORNIA SUR,13,LORETO,5,LORETO,347,1,97,41,19,5,0,0,29,0,2,0,0,,193,0,8,201,267
,3,BAJA CALIFORNIA SUR,5,LA PAZ,3,LA PAZ,348,1,90,17,5,8,6,4,123,1,23,4,,,281,0,15,296,507
,3,BAJA CALIFORNIA SUR,5,LA PAZ,3,LA PAZ,349,1,114,44,6,19,18,6,118,13,15,10,,,363,1,11,375,608
,3,BAJA CALIFORNIA SUR,5,LA PAZ,3,LA PAZ,350,1,69,32,8,12,5,0,112,7,15,3,,,263,0,6,269,411
,3,BAJA CALIFORNIA SUR,8,CABO SAN LUCAS,4,LOS CABOS,351,1,60,9,133,35,5,3,93,2,16,1,,,357,0,3,360,590
,3,BAJA CALIFORNIA SUR,8,CABO SAN LUCAS,4,LOS CABOS,352,2,186,19,197,44,7,16,191,4,40,0,,,704,0,22,726,1199
,3,BAJA CALIFORNIA SUR,1,SAN JOSE DEL CABO,4,LOS CABOS,353,8,593,60,705,216,6,15,675,23,90,7,,,2390,0,109,2499,4767
,3,BAJA CALIFORNIA SUR,1,SAN JOSE DEL CABO,4,LOS CABOS,354,2,82,16,173,31,4,3,110,6,15,2,,,442,0,32,474,1067
,3,BAJA CALIFORNIA SUR,9,CABO SAN LUCAS,4,LOS CABOS,355,2,90,22,145,25,6,2,142,3,12,3,,,450,0,26,476,1049
,3,BAJA CALIFORNIA SUR,1,SAN JOSE DEL CABO,4,LOS CABOS,356,2,154,19,182,72,1,8,233,4,20,1,,,694,0,38,732,1489
,3,BAJA CALIFORNIA SUR,8,CABO SAN LUCAS,4,LOS CABOS,357,1,41,3,57,16,2,0,69,1,4,1,,,194,0,9,203,465
,3,BAJA CALIFORNIA SUR,8,CABO SAN LUCAS,4,LOS CABOS,358,3,167,22,216,74,6,4,320,6,42,3,,,860,0,28,888,1876
,3,BAJA CALIFORNIA SUR,8,CABO SAN LUCAS,4,LOS CABOS,359,3,206,29,300,102,6,11,361,7,48,4,,,1074,0,35,1109,2224
,3,BAJA CALIFORNIA SUR,8,CABO SAN LUCAS,4,LOS CABOS,360,2,96,12,106,49,3,2,162,2,15,2,,,449,0,22,471,978
,3,BAJA CALIFORNIA SUR,8,CABO SAN LUCAS,4,LOS CABOS,361,4,300,49,362,153,11,21,607,24,84,4,,,1615,0,32,1647,2778
,3,BAJA CALIFORNIA SUR,8,CABO SAN LUCAS,4,LOS CABOS,362,4,270,46,392,119,17,12,478,13,42,6,,,1395,1,62,1458,2848
,3,BAJA CALIFORNIA SUR,8,CABO SAN LUCAS,4,LOS CABOS,363,3,194,33,189,62,4,2,279,9,23,2,,,797,0,38,835,1821
,3,BAJA CALIFORNIA SUR,8,CABO SAN LUCAS,4,LOS CABOS,364,1,36,4,42,2,0,3,56,2,7,2,,,154,0,8,162,344
,3,BAJA CALIFORNIA SUR,9,CABO SAN LUCAS,4,LOS CABOS,365,2,93,19,135,58,2,6,196,9,10,0,,,528,1,34,563,1207
,3,BAJA CALIFORNIA SUR,9,CABO SAN LUCAS,4,LOS CABOS,366,2,119,29,160,46,2,6,196,6,22,2,,,588,0,26,614,1275
,3,BAJA CALIFORNIA SUR,9,CABO SAN LUCAS,4,LOS CABOS,367,2,96,21,133,32,67,1,149,5,21,0,,,525,0,23,548,985
,3,BAJA CALIFORNIA SUR,9,CABO SAN LUCAS,4,LOS CABOS,368,2,61,16,112,25,2,3,123,3,13,2,,,360,0,5,365,769
,3,BAJA CALIFORNIA SUR,9,CABO SAN LUCAS,4,LOS CABOS,369,2,78,18,136,39,3,4,132,2,11,1,,,424,13,21,458,1081
,3,BAJA CALIFORNIA SUR,9,CABO SAN LUCAS,4,LOS CABOS,370,2,79,7,118,32,3,6,183,7,17,1,,,453,0,20,473,1003
,3,BAJA CALIFORNIA SUR,9,CABO SAN LUCAS,4,LOS CABOS,371,1,54,18,107,26,1,2,121,0,15,0,,,344,0,14,358,726
,3,BAJA CALIFORNIA SUR,9,CABO SAN LUCAS,4,LOS CABOS,372,2,109,16,204,46,5,12,221,5,17,1,,,636,0,36,672,1329
,3,BAJA CALIFORNIA SUR,9,CABO SAN LUCAS,4,LOS CABOS,373,2,93,20,196,56,3,4,234,6,20,2,,,634,2,26,662,1405
,3,BAJA CALIFORNIA SUR,9,CABO SAN LUCAS,4,LOS CABOS,374,3,114,12,202,47,5,4,191,4,18,8,,,605,0,32,637,1395
,3,BAJA CALIFORNIA SUR,9,CABO SAN LUCAS,4,LOS CABOS,375,4,235,28,302,85,7,87,323,14,23,1,,,1105,0,52,1157,2658
,3,BAJA CALIFORNIA SUR,9,CABO SAN LUCAS,4,LOS CABOS,376,2,73,7,102,31,2,3,168,5,11,1,,,403,0,31,434,997
,3,BAJA CALIFORNIA SUR,9,CABO SAN LUCAS,4,LOS CABOS,377,3,152,25,250,80,10,6,260,9,38,10,,,840,3,34,877,1864
,3,BAJA CALIFORNIA SUR,9,CABO SAN LUCAS,4,LOS CABOS,378,2,70,20,109,34,4,3,162,5,21,0,,,428,0,17,445,938
,3,BAJA CALIFORNIA SUR,9,CABO SAN LUCAS,4,LOS CABOS,379,1,53,5,45,13,0,0,55,1,9,0,,,181,0,17,198,435
,3,BAJA CALIFORNIA SUR,9,CABO SAN LUCAS,4,LOS CABOS,380,4,186,48,276,127,13,9,372,12,53,4,,,1100,2,39,1141,2504
,3,BAJA CALIFORNIA SUR,9,CABO SAN LUCAS,4,LOS CABOS,381,2,87,14,124,46,3,0,156,2,9,0,,,441,0,26,467,874
,3,BAJA CALIFORNIA SUR,9,CABO SAN LUCAS,4,LOS CABOS,382,2,120,9,150,47,3,6,173,4,17,11,,,540,0,20,560,1106
,3,BAJA CALIFORNIA SUR,9,CABO SAN LUCAS,4,LOS CABOS,383,2,140,27,162,55,5,5,204,6,24,2,,,630,0,29,659,1341
,3,BAJA CALIFORNIA SUR,9,CABO SAN LUCAS,4,LOS CABOS,384,2,93,14,153,33,2,8,190,3,19,0,,,515,0,20,535,1069
,3,BAJA CALIFORNIA SUR,9,CABO SAN LUCAS,4,LOS CABOS,385,1,47,6,76,22,1,2,96,4,10,2,,,266,0,21,287,592
,3,BAJA CALIFORNIA SUR,9,CABO SAN LUCAS,4,LOS CABOS,386,2,78,12,113,37,3,6,97,4,7,1,,,358,0,25,383,903
,3,BAJA CALIFORNIA SUR,9,CABO SAN LUCAS,4,LOS CABOS,387,2,92,23,131,25,2,5,141,4,10,2,,,435,0,27,462,998
,3,BAJA CALIFORNIA SUR,9,CABO SAN LUCAS,4,LOS CABOS,388,2,63,18,103,17,4,2,143,11,5,1,,,367,0,10,377,805
,3,BAJA CALIFORNIA SUR,9,CABO SAN LUCAS,4,LOS CABOS,389,2,47,19,127,53,5,2,149,3,15,5,,,425,1,36,462,911
,3,BAJA CALIFORNIA SUR,9,CABO SAN LUCAS,4,LOS CABOS,390,2,107,18,111,35,5,3,158,1,22,1,,,461,0,28,489,1008
,3,BAJA CALIFORNIA SUR,9,CABO SAN LUCAS,4,LOS CABOS,391,1,59,12,55,23,3,8,75,4,13,1,,,253,0,11,264,524
,3,BAJA CALIFORNIA SUR,9,CABO SAN LUCAS,4,LOS CABOS,392,1,47,8,69,19,4,2,97,2,8,0,,,256,0,14,270,498
,3,BAJA CALIFORNIA SUR,9,CABO SAN LUCAS,4,LOS CABOS,393,1,51,16,75,22,3,4,81,2,14,2,,,270,0,28,298,699
,3,BAJA CALIFORNIA SUR,1,SAN JOSE DEL CABO,4,LOS CABOS,394,2,100,17,114,41,6,1,136,5,18,3,,,441,0,15,456,977
,3,BAJA CALIFORNIA SUR,16,CABO SAN LUCAS,4,LOS CABOS,395,2,209,22,203,80,5,10,239,10,59,2,,,839,0,18,857,1457
,3,BAJA CALIFORNIA SUR,16,CABO SAN LUCAS,4,LOS CABOS,396,2,162,24,194,46,9,6,170,7,33,4,,,655,0,16,671,1229
,3,BAJA CALIFORNIA SUR,16,CABO SAN LUCAS,4,LOS CABOS,397,4,307,30,254,123,15,11,468,18,50,4,,,1280,0,29,1309,2487
,3,BAJA CALIFORNIA SUR,16,CABO SAN LUCAS,4,LOS CABOS,398,3,177,24,176,49,2,7,289,4,36,0,,,764,2,23,789,1612
,3,BAJA CALIFORNIA SUR,16,CABO SAN LUCAS,4,LOS CABOS,399,2,111,29,146,34,6,8,164,3,27,2,,,530,0,7,537,978
,3,BAJA CALIFORNIA SUR,16,CABO SAN LUCAS,4,LOS CABOS,400,3,88,11,82,36,2,3,121,3,14,1,,,361,0,41,402,792
,3,BAJA CALIFORNIA SUR,16,CABO SAN LUCAS,4,LOS CABOS,401,1,68,11,78,24,2,4,85,4,16,1,,,293,0,9,302,512
,3,BAJA CALIFORNIA SUR,16,CABO SAN LUCAS,4,LOS CABOS,402,3,260,29,222,72,7,8,243,7,48,2,,,898,2,21,921,1526
,3,BAJA CALIFORNIA SUR,8,CABO SAN LUCAS,4,LOS CABOS,403,1,76,9,102,28,3,4,92,5,26,0,,,345,1,11,357,639
,3,BAJA CALIFORNIA SUR,8,CABO SAN LUCAS,4,LOS CABOS,404,2,112,9,137,47,6,2,213,6,22,2,,,556,3,19,578,1242
,3,BAJA CALIFORNIA SUR,8,CABO SAN LUCAS,4,LOS CABOS,405,3,162,15,196,60,7,6,268,6,42,1,,,763,0,17,780,1669
,3,BAJA CALIFORNIA SUR,8,CABO SAN LUCAS,4,LOS CABOS,406,2,88,19,174,44,5,7,177,3,25,6,,,548,0,26,574,1141
,3,BAJA CALIFORNIA SUR,8,CABO SAN LUCAS,4,LOS CABOS,407,2,120,24,207,58,6,5,235,5,29,2,,,691,0,31,722,1441
,3,BAJA CALIFORNIA SUR,8,CABO SAN LUCAS,4,LOS CABOS,408,2,70,6,115,41,5,5,116,3,20,2,,,383,0,21,404,844
,3,BAJA CALIFORNIA SUR,8,CABO SAN LUCAS,4,LOS CABOS,409,1,82,10,77,22,3,4,133,5,25,0,,,361,0,11,372,738
,3,BAJA CALIFORNIA SUR,8,CABO SAN LUCAS,4,LOS CABOS,410,2,106,10,120,28,2,7,160,3,21,2,,,459,0,13,472,1113
,3,BAJA CALIFORNIA SUR,8,CABO SAN LUCAS,4,LOS CABOS,411,4,328,71,324,113,11,16,327,12,97,1,,,1300,0,23,1323,2064
,3,BAJA CALIFORNIA SUR,7,SAN JOSE DEL CABO,4,LOS CABOS,412,6,263,100,258,219,7,21,602,15,20,5,,,1510,1,59,1570,3965
,3,BAJA CALIFORNIA SUR,7,SAN JOSE DEL CABO,4,LOS CABOS,413,2,58,25,79,48,3,9,187,5,5,1,,,420,0,9,429,988
,3,BAJA CALIFORNIA SUR,7,SAN JOSE DEL CABO,4,LOS CABOS,414,2,63,40,107,52,2,1,203,3,28,3,,,502,0,25,527,1191
,3,BAJA CALIFORNIA SUR,7,SAN JOSE DEL CABO,4,LOS CABOS,415,2,81,15,68,34,4,3,144,6,6,1,,,362,0,16,378,836
,3,BAJA CALIFORNIA SUR,7,SAN JOSE DEL CABO,4,LOS CABOS,416,2,81,10,85,71,4,4,169,8,3,5,,,440,0,36,476,974
,3,BAJA CALIFORNIA SUR,7,SAN JOSE DEL CABO,4,LOS CABOS,417,2,63,22,90,59,5,3,158,6,5,2,,,413,1,14,428,916
,3,BAJA CALIFORNIA SUR,7,SAN JOSE DEL CABO,4,LOS CABOS,418,2,83,16,117,63,5,4,123,5,9,3,,,428,0,12,440,821
,3,BAJA CALIFORNIA SUR,7,SAN JOSE DEL CABO,4,LOS CABOS,419,2,79,25,105,57,2,7,167,6,7,6,,,461,0,12,473,905
,3,BAJA CALIFORNIA SUR,7,SAN JOSE DEL CABO,4,LOS CABOS,420,2,66,16,94,62,5,2,166,9,8,0,,,428,0,18,446,961
,3,BAJA CALIFORNIA SUR,7,SAN JOSE DEL CABO,4,LOS CABOS,421,1,40,26,73,35,3,4,148,9,9,3,,,350,1,14,365,731
,3,BAJA CALIFORNIA SUR,7,SAN JOSE DEL CABO,4,LOS CABOS,422,2,43,26,75,48,8,6,182,7,6,3,,,404,2,18,424,933
,3,BAJA CALIFORNIA SUR,7,SAN JOSE DEL CABO,4,LOS CABOS,423,2,66,20,78,44,2,8,159,2,6,5,,,390,1,23,414,1004
,3,BAJA CALIFORNIA SUR,7,SAN JOSE DEL CABO,4,LOS CABOS,424,2,52,23,64,43,0,7,151,3,5,1,,,349,0,15,364,781
,3,BAJA CALIFORNIA SUR,7,SAN JOSE DEL CABO,4,LOS CABOS,425,2,64,27,80,39,2,4,155,6,7,1,,,385,0,30,415,870
,3,BAJA CALIFORNIA SUR,7,SAN JOSE DEL CABO,4,LOS CABOS,426,1,84,12,80,49,4,1,140,6,9,2,,,387,0,11,398,718
,3,BAJA CALIFORNIA SUR,7,SAN JOSE DEL CABO,4,LOS CABOS,427,2,91,11,94,46,5,1,156,3,6,1,,,414,0,11,425,798
,3,BAJA CALIFORNIA SUR,7,SAN JOSE DEL CABO,4,LOS CABOS,428,2,65,13,71,64,5,2,119,5,9,2,,,355,0,20,375,811
,3,BAJA CALIFORNIA SUR,7,SAN JOSE DEL CABO,4,LOS CABOS,429,2,82,15,102,74,6,4,75,5,10,88,,,461,0,19,480,964
,3,BAJA CALIFORNIA SUR,7,SAN JOSE DEL CABO,4,LOS CABOS,430,2,56,14,103,51,1,4,147,7,7,2,,,392,0,15,407,854
,3,BAJA CALIFORNIA SUR,7,SAN JOSE DEL CABO,4,LOS CABOS,431,2,102,25,118,53,6,5,193,6,9,6,,,523,0,17,540,953
,3,BAJA CALIFORNIA SUR,7,SAN JOSE DEL CABO,4,LOS CABOS,432,2,115,11,89,77,7,2,198,2,8,0,,,509,0,34,543,1107
,3,BAJA CALIFORNIA SUR,7,SAN JOSE DEL CABO,4,LOS CABOS,433,2,55,21,58,54,2,6,149,5,5,2,,,357,0,12,369,844
,3,BAJA CALIFORNIA SUR,7,SAN JOSE DEL CABO,4,LOS CABOS,434,2,77,19,75,80,4,6,152,6,14,3,,,436,0,18,454,946
,3,BAJA CALIFORNIA SUR,7,SAN JOSE DEL CABO,4,LOS CABOS,435,2,85,18,66,57,2,6,150,5,7,0,,,396,0,16,412,868
,3,BAJA CALIFORNIA SUR,7,SAN JOSE DEL CABO,4,LOS CABOS,436,1,67,23,90,48,4,2,157,5,16,1,,,413,0,0,413,730
,3,BAJA CALIFORNIA SUR,7,SAN JOSE DEL CABO,4,LOS CABOS,437,1,41,10,59,32,5,3,105,5,5,1,,,266,0,12,278,567
,3,BAJA CALIFORNIA SUR,7,SAN JOSE DEL CABO,4,LOS CABOS,438,1,44,19,71,39,5,1,120,7,7,0,,,313,0,15,328,610
,3,BAJA CALIFORNIA SUR,7,SAN JOSE DEL CABO,4,LOS CABOS,439,1,33,10,50,23,3,2,90,2,3,3,,,219,0,9,228,510
,3,BAJA CALIFORNIA SUR,5,LA PAZ,3,LA PAZ,440,2,253,70,7,22,22,6,276,12,50,7,,,725,0,12,737,1049
,3,BAJA CALIFORNIA SUR,3,LA PAZ,3,LA PAZ,441,1,94,28,5,19,15,2,149,9,20,3,,,344,0,10,354,526
,3,BAJA CALIFORNIA SUR,5,LA PAZ,3,LA PAZ,442,2,195,73,5,21,21,7,185,12,36,3,,,558,1,15,574,897
,3,BAJA CALIFORNIA SUR,3,LA PAZ,3,LA PAZ,443,2,159,40,10,25,22,9,217,5,28,7,,,522,0,28,550,880
,3,BAJA CALIFORNIA SUR,3,LA PAZ,3,LA PAZ,444,1,82,27,8,11,11,5,122,10,18,9,,,303,0,4,307,548
,3,BAJA CALIFORNIA SUR,5,LA PAZ,3,LA PAZ,445,1,135,58,4,16,22,8,167,16,11,3,,,440,1,11,452,681
,3,BAJA CALIFORNIA SUR,5,LA PAZ,3,LA PAZ,446,3,315,82,17,43,26,12,450,17,45,11,,,1018,0,22,1040,1688
,3,BAJA CALIFORNIA SUR,3,LA PAZ,3,LA PAZ,447,1,85,12,13,7,5,0,107,8,6,7,,,250,0,19,269,558
,3,BAJA CALIFORNIA SUR,3,LA PAZ,3,LA PAZ,448,1,91,19,5,10,7,5,128,2,13,5,,,285,0,9,294,448
,3,BAJA CALIFORNIA SUR,3,LA PAZ,3,LA PAZ,449,1,113,20,4,15,16,2,137,6,12,4,,,329,0,7,336,608
,3,BAJA CALIFORNIA SUR,3,LA PAZ,3,LA PAZ,450,1,97,26,11,12,7,9,151,13,8,2,,,336,0,8,344,630
,3,BAJA CALIFORNIA SUR,5,LA PAZ,3,LA PAZ,451,2,137,19,8,15,6,5,206,4,19,3,,,422,0,15,437,835
,3,BAJA CALIFORNIA SUR,5,LA PAZ,3,LA PAZ,452,2,149,29,8,16,14,8,204,19,41,5,,,493,0,15,508,877
,3,BAJA CALIFORNIA SUR,5,LA PAZ,3,LA PAZ,453,1,83,29,7,12,8,3,117,5,10,6,,,280,0,19,299,646
,3,BAJA CALIFORNIA SUR,5,LA PAZ,3,LA PAZ,454,1,111,18,11,16,7,6,143,8,15,6,,,341,0,8,349,588
,3,BAJA CALIFORNIA SUR,5,LA PAZ,3,LA PAZ,455,1,112,32,8,17,13,4,135,4,19,6,,,350,2,19,371,648
,3,BAJA CALIFORNIA SUR,4,LA PAZ,3,LA PAZ,456,1,24,13,8,11,3,2,74,5,11,9,,,160,0,6,166,330
,3,BAJA CALIFORNIA SUR,4,LA PAZ,3,LA PAZ,457,1,76,28,5,14,3,2,113,6,25,2,,,274,1,8,283,520
,3,BAJA CALIFORNIA SUR,5,LA PAZ,3,LA PAZ,458,2,165,36,12,12,13,7,189,10,21,9,,,474,2,16,492,879
,3,BAJA CALIFORNIA SUR,5,LA PAZ,3,LA PAZ,459,2,112,37,4,14,10,6,141,13,21,7,,,365,0,16,381,779
,3,BAJA CALIFORNIA SUR,4,LA PAZ,3,LA PAZ,460,1,121,45,7,12,26,10,185,10,27,1,,,444,1,8,453,701
,3,BAJA CALIFORNIA SUR,4,LA PAZ,3,LA PAZ,461,1,139,42,7,5,23,8,179,9,22,10,,,444,1,8,453,691
,3,BAJA CALIFORNIA SUR,5,LA PAZ,3,LA PAZ,462,1,119,37,5,15,10,5,175,13,31,7,,,417,0,4,421,674
,3,BAJA CALIFORNIA SUR,4,LA PAZ,3,LA PAZ,463,1,122,34,3,19,18,9,151,9,17,0,,,382,0,7,389,641
,3,BAJA CALIFORNIA SUR,4,LA PAZ,3,LA PAZ,464,2,142,23,15,13,8,3,188,7,20,4,,,423,0,14,437,794
,3,BAJA CALIFORNIA SUR,5,LA PAZ,3,LA PAZ,465,2,191,49,12,20,22,19,313,18,34,13,,,691,0,14,705,1157
,3,BAJA CALIFORNIA SUR,4,LA PAZ,3,LA PAZ,466,2,132,29,7,15,12,12,190,10,27,3,,,437,0,15,452,809
,3,BAJA CALIFORNIA SUR,4,LA PAZ,3,LA PAZ,467,2,124,25,16,22,19,8,172,15,40,7,,,448,0,21,469,871
,3,BAJA CALIFORNIA SUR,4,LA PAZ,3,LA PAZ,468,2,135,11,4,13,3,11,178,11,15,7,,,388,2,21,411,818
,3,BAJA CALIFORNIA SUR,4,LA PAZ,3,LA PAZ,469,2,103,44,5,27,8,7,162,8,20,4,,,388,1,10,399,799
,3,BAJA CALIFORNIA SUR,4,LA PAZ,3,LA PAZ,470,3,224,66,12,18,16,8,282,15,37,5,,,683,1,23,707,1680
,3,BAJA CALIFORNIA SUR,4,LA PAZ,3,LA PAZ,471,1,101,18,5,10,7,9,142,9,22,2,,,325,1,8,334,719
,3,BAJA CALIFORNIA SUR,4,LA PAZ,3,LA PAZ,472,2,203,39,12,17,16,17,308,14,15,5,,,646,0,29,675,1281
,3,BAJA CALIFORNIA SUR,4,LA PAZ,3,LA PAZ,473,1,76,23,8,18,8,6,115,11,4,2,,,271,0,13,284,550
,3,BAJA CALIFORNIA SUR,4,LA PAZ,3,LA PAZ,474,1,79,20,9,14,6,1,118,6,12,4,,,269,2,17,288,605
,3,BAJA CALIFORNIA SUR,4,LA PAZ,3,LA PAZ,475,3,277,112,23,36,15,7,366,19,41,9,,,905,1,46,952,2110
,3,BAJA CALIFORNIA SUR,4,LA PAZ,3,LA PAZ,476,1,86,28,11,11,7,3,128,8,13,1,,,296,0,17,313,640
,3,BAJA CALIFORNIA SUR,4,LA PAZ,3,LA PAZ,477,1,86,17,11,10,11,2,165,4,19,1,,,326,0,25,351,733
,3,BAJA CALIFORNIA SUR,3,LA PAZ,3,LA PAZ,478,2,148,43,12,17,24,5,206,24,34,7,,,520,0,19,539,937
,3,BAJA CALIFORNIA SUR,4,LA PAZ,3,LA PAZ,479,4,372,102,26,51,34,18,456,23,74,12,,,1168,1,22,1191,2252
,3,BAJA CALIFORNIA SUR,4,LA PAZ,3,LA PAZ,480,2,141,43,10,15,12,5,213,11,16,4,,,470,2,12,484,915
,3,BAJA CALIFORNIA SUR,4,LA PAZ,3,LA PAZ,481,2,140,52,18,31,16,3,209,17,26,7,,,519,0,18,537,959
,3,BAJA CALIFORNIA SUR,4,LA PAZ,3,LA PAZ,482,2,233,67,9,26,27,10,379,8,44,5,,,808,1,21,830,1425
,3,BAJA CALIFORNIA SUR,4,LA PAZ,3,LA PAZ,483,2,136,30,9,18,14,3,194,6,14,5,,,429,0,19,448,802
,3,BAJA CALIFORNIA SUR,4,LA PAZ,3,LA PAZ,484,3,231,54,8,50,22,12,342,13,40,12,,,784,0,25,809,1620
,3,BAJA CALIFORNIA SUR,4,LA PAZ,3,LA PAZ,485,2,184,58,13,25,23,7,256,17,35,4,,,622,0,14,636,1158
,3,BAJA CALIFORNIA SUR,4,LA PAZ,3,LA PAZ,486,2,144,59,15,18,14,9,228,7,40,5,,,539,1,16,556,901
,3,BAJA CALIFORNIA SUR,4,LA PAZ,3,LA PAZ,487,3,244,81,16,30,33,13,398,15,65,7,,,902,0,23,925,1578
,3,BAJA CALIFORNIA SUR,4,LA PAZ,3,LA PAZ,488,3,243,68,17,25,34,20,483,14,63,5,,,972,0,26,998,1606
,3,BAJA CALIFORNIA SUR,4,LA PAZ,3,LA PAZ,489,2,227,53,9,24,26,12,317,9,35,9,,,721,2,21,744,1123
,3,BAJA CALIFORNIA SUR,4,LA PAZ,3,LA PAZ,490,2,193,28,10,19,22,6,258,7,29,5,,,577,0,26,603,1011
,3,BAJA CALIFORNIA SUR,4,LA PAZ,3,LA PAZ,491,2,220,59,10,16,23,9,335,10,51,5,,,738,2,18,758,1153
,3,BAJA CALIFORNIA SUR,4,LA PAZ,3,LA PAZ,492,3,239,61,14,29,26,11,388,12,40,11,,,831,1,20,852,1530
,3,BAJA CALIFORNIA SUR,4,LA PAZ,3,LA PAZ,493,2,193,32,13,27,10,16,265,12,23,3,,,594,0,13,607,1123
,3,BAJA CALIFORNIA SUR,4,LA PAZ,3,LA PAZ,494,2,209,58,13,32,20,9,294,10,31,10,,,686,0,21,707,1464
,3,BAJA CALIFORNIA SUR,4,LA PAZ,3,LA PAZ,495,3,242,51,14,27,8,8,331,14,38,2,,,735,0,25,760,1554
