CIRCUNSCRIPCION,ID_ESTADO,NOMBRE_ESTADO,ID_DISTRITO_LOCAL,CABECERA_DISTRITAL_LOCAL,ID_MUNICIPIO,MUNICIPIO,ID_DEMARCACION_LOCAL,DEMARCACION_LOCAL,TIPO_DE_ELECCION,NOMBRE_PARTICIPANTE,NUMERO_LISTA,CANDIDATO,SEXO_CANDIDATO,RUTA_CONSTANCIA,PARTIDO
,10,DURANGO,,,1,CANATLAN,,,PRES_MUN,PVEM_PT_MORENA_RSPD,,MA. DE LOS ÁNGELES ROJAS RIVERA,2,,PVEM
,10,DURANGO,,,1,CANATLAN,,,SIND,PVEM_PT_MORENA_RSPD,,JUAN ESTEBAN ZAMORA RAMÍREZ,1,,MORENA
,10,DURANGO,,,1,CANATLAN,,,REG_RP,PVEM_PT_MORENA_RSPD,,ANDRÉS VÁSQUEZ GURROLA,1,,PVEM
,10,DURANGO,,,1,CANATLAN,,,REG_RP,PVEM_PT_MORENA_RSPD,,ORLANDO LORENZO GARDEA HERNÁNDEZ,1,,PVEM
,10,DURANGO,,,1,CANATLAN,,,REG_RP,PVEM_PT_MORENA_RSPD,,CHEYENNE SIMONE AYALA AGUILAR,2,,PVEM
,10,DURANGO,,,1,CANATLAN,,,REG_RP,PAN_PRI_PRD,,MAGNOLIA GUADALUPE UNZUETA SANDOVAL,2,,PAN
,10,DURANGO,,,1,CANATLAN,,,REG_RP,PAN_PRI_PRD,,LUIS FELIPE ORTIZ NIEVES,1,,PAN
,10,DURANGO,,,1,CANATLAN,,,REG_RP,PAN_PRI_PRD,,JOSÉ GUADALUPE VALENZUELA ANDRADE,1,,PAN
,10,DURANGO,,,1,CANATLAN,,,REG_RP,PVEM_PT_MORENA_RSPD,,GLORIA IRENE SOTO VILLASEÑOR,2,,MORENA
,10,DURANGO,,,1,CANATLAN,,,REG_RP,PAN_PRI_PRD,,ANA MARÍA DUARTE ANDRADE,2,,PRI
,10,DURANGO,,,1,CANATLAN,,,REG_RP,MC,,YARELI ALEJANDRA ORTIZ MUÑOZ,2,,MC
,10,DURANGO,,,2,CANELAS,,,PRES_MUN,PVEM_PT_MORENA_RSPD,,YAZMIN ARRIETA VIZCARRA,2,,MORENA
,10,DURANGO,,,2,CANELAS,,,SIND,PVEM_PT_MORENA_RSPD,,DENY YUDIEL GONZALEZ CRUZ,1,,MORENA
,10,DURANGO,,,2,CANELAS,,,REG_RP,PVEM_PT_MORENA_RSPD,,DIANA LIZBETH HERNÁNDEZ CRUZ,2,,MORENA
,10,DURANGO,,,2,CANELAS,,,REG_RP,PVEM_PT_MORENA_RSPD,,EDEL FELIBERTO NEVÁREZ ALANIS,1,,MORENA
,10,DURANGO,,,2,CANELAS,,,REG_RP,PVEM_PT_MORENA_RSPD,,AMPARO HERNÁNDEZ SICAIROS,2,,MORENA
,10,DURANGO,,,2,CANELAS,,,REG_RP,PVEM_PT_MORENA_RSPD,,JOSÉ VIRGINIO HERMOSILLO BELTRÁN,1,,MORENA
,10,DURANGO,,,2,CANELAS,,,REG_RP,PAN,,FÉLIX REGALADO GARCIA,1,,PAN
,10,DURANGO,,,2,CANELAS,,,REG_RP,PAN,,MARÍA DEL CARMEN REYES FÉLIX,2,,PAN
,10,DURANGO,,,2,CANELAS,,,REG_RP,PRI,,ELIZABETH JIMÉNEZ ZAVALA,2,,PRI
,10,DURANGO,,,3,CONETO DE COMONFORT,,,PRES_MUN,PAN_PRI_PRD,,GERINO MORALES ARREOLA,1,,PRD
,10,DURANGO,,,3,CONETO DE COMONFORT,,,SIND,PAN_PRI_PRD,,ADRIANA ALDACO LÓPEZ,2,,PRI
,10,DURANGO,,,3,CONETO DE COMONFORT,,,REG_RP,PVEM_PT_MORENA_RSPD,,MARLENY SOTO QUIÑONES,2,,MORENA
,10,DURANGO,,,3,CONETO DE COMONFORT,,,REG_RP,PVEM_PT_MORENA_RSPD,,ALEJANDRO MEDINA IBÁÑEZ,1,,MORENA
,10,DURANGO,,,3,CONETO DE COMONFORT,,,REG_RP,PVEM_PT_MORENA_RSPD,,ELVIA LUZ CAZARES IBÁÑEZ,2,,MORENA
,10,DURANGO,,,3,CONETO DE COMONFORT,,,REG_RP,PAN_PRI_PRD,,JOSÉ MATÍAS CARRERA LÓPEZ,1,,PRD
,10,DURANGO,,,3,CONETO DE COMONFORT,,,REG_RP,PAN_PRI_PRD,,JOSÉ DE LA LUZ RAMOS MARTÍNEZ,1,,PRD
,10,DURANGO,,,3,CONETO DE COMONFORT,,,REG_RP,PAN_PRI_PRD,,FERNANDO ARREOLA FIERRO,1,,PRI
,10,DURANGO,,,3,CONETO DE COMONFORT,,,REG_RP,PAN_PRI_PRD,,MARÍA CANDELARIA ORTEGA HERNÁNDEZ,2,,PAN
,10,DURANGO,,,4,CUENCAME,,,PRES_MUN,PVEM_PT_MORENA_RSPD,,NORMA ELIZABETH SOTELO OCHOA,2,,MORENA
,10,DURANGO,,,4,CUENCAME,,,SIND,PVEM_PT_MORENA_RSPD,,ISMAEL ESTRADA GARCÍA,1,,PVEM
,10,DURANGO,,,4,CUENCAME,,,REG_RP,PVEM_PT_MORENA_RSPD,,GABRIEL HERNÁNDEZ SANDOVAL,1,,MORENA
,10,DURANGO,,,4,CUENCAME,,,REG_RP,PVEM_PT_MORENA_RSPD,,MARÍA DE LOURDES CORONA CASTREJÓN,2,,MORENA
,10,DURANGO,,,4,CUENCAME,,,REG_RP,PVEM_PT_MORENA_RSPD,,SERGIO ANTE RAMÍREZ,1,,MORENA
,10,DURANGO,,,4,CUENCAME,,,REG_RP,PAN_PRI_PRD,,MARCELA ROSALES,2,,PRI
,10,DURANGO,,,4,CUENCAME,,,REG_RP,PAN_PRI_PRD,,ADÁN MORENO CASTRO,1,,PRI
,10,DURANGO,,,4,CUENCAME,,,REG_RP,PAN_PRI_PRD,,MA. CRISTINA FAVELA ANTE,2,,PRI
,10,DURANGO,,,4,CUENCAME,,,REG_RP,PVEM_PT_MORENA_RSPD,,LUCILA FLORES SÁNCHEZ,2,,PVEM
,10,DURANGO,,,4,CUENCAME,,,REG_RP,PAN_PRI_PRD,,ENRIQUE IVÁN SIFUENTES MACHADO,1,,PAN
,10,DURANGO,,,4,CUENCAME,,,REG_RP,PAN_PRI_PRD,,ESTELA ESPINOSA MORENO,2,,PRD
,10,DURANGO,,,5,DURANGO,,,PRES_MUN,PAN_PRI_PRD,,JOSÉ ANTONIO OCHOA RODRÍGUEZ,1,,PAN
,10,DURANGO,,,5,DURANGO,,,SIND,PAN_PRI_PRD,,ALICIA GUADALUPE GAMBOA MARTÍNEZ,2,,PRI
,10,DURANGO,,,5,DURANGO,,,REG_RP,PAN_PRI_PRD,,JESÚS HUMBERTO SANTANA GUERRERO,1,,PRI
,10,DURANGO,,,5,DURANGO,,,REG_RP,PAN_PRI_PRD,,FÁTIMA DEL ROSARIO GONZÁLEZ HUIZAR,2,,PRI
,10,DURANGO,,,5,DURANGO,,,REG_RP,PAN_PRI_PRD,,JOSÉ ANTONIO MORALES GUZMÁN,1,,PRI
,10,DURANGO,,,5,DURANGO,,,REG_RP,PAN_PRI_PRD,,PEDRO SILERIO GARCÍA,1,,PRI
,10,DURANGO,,,5,DURANGO,,,REG_RP,PAN_PRI_PRD,,ARLINA ADAME CORREA,2,,PRI
,10,DURANGO,,,5,DURANGO,,,REG_RP,PAN_PRI_PRD,,SILVIA VERÓNICA TERRONES ROMERO,2,,PAN
,10,DURANGO,,,5,DURANGO,,,REG_RP,PAN_PRI_PRD,,MANUEL DE LA PEÑA DE LA PARRA,1,,PAN
,10,DURANGO,,,5,DURANGO,,,REG_RP,PAN_PRI_PRD,,MARÍA ELENA GONZÁLEZ RIVERA,2,,PAN
,10,DURANGO,,,5,DURANGO,,,REG_RP,PAN_PRI_PRD,,GABRIELA VÁZQUEZ CHACÓN,2,,PAN
,10,DURANGO,,,5,DURANGO,,,REG_RP,PVEM_PT_MORENA_RSPD,,CYNTHIA MONTSERRAT HERNÁNDEZ QUIÑONES,2,,MORENA
,10,DURANGO,,,5,DURANGO,,,REG_RP,PVEM_PT_MORENA_RSPD,,JORGE SILVERIO ÁLVAREZ ÁVILA,1,,MORENA
,10,DURANGO,,,5,DURANGO,,,REG_RP,PVEM_PT_MORENA_RSPD,,JOSÉ IGNACIO FUENTES MEDINA,1,,MORENA
,10,DURANGO,,,5,DURANGO,,,REG_RP,MC,,MARÍA MARTHA PALENCIA NÚÑEZ,2,,MC
,10,DURANGO,,,5,DURANGO,,,REG_RP,MC,,JOSÉ ALFREDO VARELA PACHECO,1,,MC
,10,DURANGO,,,5,DURANGO,,,REG_RP,MC,,MARÍA GUADALUPE DE LA PARRA REYES,2,,MC
,10,DURANGO,,,5,DURANGO,,,REG_RP,PVEM_PT_MORENA_RSPD,,ALFONSO PRIMITIVO RÍOS VÁZQUEZ,1,,PT
,10,DURANGO,,,5,DURANGO,,,REG_RP,PVEM_PT_MORENA_RSPD,,CLAUDIA JULIETA DOMÍGUEZ ESPINOZA,2,,PT
,10,DURANGO,,,6,SIMON BOLIVAR,,,PRES_MUN,PRI,,SILVIA RANGEL ORONA,2,,PRI
,10,DURANGO,,,6,SIMON BOLIVAR,,,SIND,PRI,,ALEJANDRO REYES CASTRO,1,,PRI
,10,DURANGO,,,6,SIMON BOLIVAR,,,REG_RP,PRI,,MA TERESA DE JESUS CARDOZA VIZCARRA,2,,PRI
,10,DURANGO,,,6,SIMON BOLIVAR,,,REG_RP,PRI,,JUAN RENE RANGEL GALLEGOS,1,,PRI
,10,DURANGO,,,6,SIMON BOLIVAR,,,REG_RP,PRI,,GRACIELA AMADOR MESTA,2,,PRI
,10,DURANGO,,,6,SIMON BOLIVAR,,,REG_RP,PAN,,ERIC MARTÍNEZ CHAVARRIA,1,,PAN
,10,DURANGO,,,6,SIMON BOLIVAR,,,REG_RP,PAN,,CLAUDIA GÓMEZ LÓPEZ,2,,PAN
,10,DURANGO,,,6,SIMON BOLIVAR,,,REG_RP,PVEM_PT_MORENA_RSPD,,BLANCA ESTELA MONTELONGO PÉREZ,2,,MORENA
,10,DURANGO,,,6,SIMON BOLIVAR,,,REG_RP,PVEM_PT_MORENA_RSPD,,JUAN IGNACIO ÁVALOS REZA,1,,MORENA
,10,DURANGO,,,7,GOMEZ PALACIO,,,PRES_MUN,PAN_PRI_PRD,,JUANA LETICIA HERRERA ALE,2,,PRI
,10,DURANGO,,,7,GOMEZ PALACIO,,,SIND,PAN_PRI_PRD,,JAIME ALONSO AGUILERA GARCÍA,1,,PAN
,10,DURANGO,,,7,GOMEZ PALACIO,,,REG_RP,PAN_PRI_PRD,,CLAUDIA ELENA GALÁN ENCERRADO,2,,PRI
,10,DURANGO,,,7,GOMEZ PALACIO,,,REG_RP,PAN_PRI_PRD,,MICAELA VALENZUELA GUERRERO,2,,PRI
,10,DURANGO,,,7,GOMEZ PALACIO,,,REG_RP,PAN_PRI_PRD,,LORENZO CHRISTIAN RICARDO LUCIO MIJARES,1,,PRI
,10,DURANGO,,,7,GOMEZ PALACIO,,,REG_RP,PAN_PRI_PRD,,DANIEL SANTOYO GARCÍA,1,,PRI
,10,DURANGO,,,7,GOMEZ PALACIO,,,REG_RP,PAN_PRI_PRD,,MARÍA GUADALUPE MAYELA HERMOSILLO CASTRUITA,2,,PRI
,10,DURANGO,,,7,GOMEZ PALACIO,,,REG_RP,PAN_PRI_PRD,,JOSÉ DE JESÚS HURTADO ORTIZ,1,,PRI
,10,DURANGO,,,7,GOMEZ PALACIO,,,REG_RP,PAN_PRI_PRD,,JOSÉ EFREN PEÑA DEL RÍO,1,,PRI
,10,DURANGO,,,7,GOMEZ PALACIO,,,REG_RP,PAN_PRI_PRD,,MARTHA ELENA ARAGÓN GÓMEZ,2,,PRI
,10,DURANGO,,,7,GOMEZ PALACIO,,,REG_RP,PVEM_PT_MORENA_RSPD,,MARÍA GUADALUPE GARCÍA ROSAS,2,,MORENA
,10,DURANGO,,,7,GOMEZ PALACIO,,,REG_RP,PVEM_PT_MORENA_RSPD,,CÉSAR YAHIR VITELA GARCÍA,1,,MORENA
,10,DURANGO,,,7,GOMEZ PALACIO,,,REG_RP,PVEM_PT_MORENA_RSPD,,GUADALUPE SÁNCHEZ TOSTADO,2,,MORENA
,10,DURANGO,,,7,GOMEZ PALACIO,,,REG_RP,PVEM_PT_MORENA_RSPD,,ARMANDO NAVARRO GUTIÉRREZ,1,,MORENA
,10,DURANGO,,,7,GOMEZ PALACIO,,,REG_RP,PVEM_PT_MORENA_RSPD,,MA. ELDA NEVÁREZ FLORES,2,,MORENA
,10,DURANGO,,,7,GOMEZ PALACIO,,,REG_RP,PVEM_PT_MORENA_RSPD,,MAXIMILIANO OLVERA CORENO,1,,MORENA
,10,DURANGO,,,7,GOMEZ PALACIO,,,REG_RP,PAN_PRI_PRD,,UVALDO NÁJERA GANDARILLA,1,,PAN
,10,DURANGO,,,8,GUADALUPE VICTORIA,,,PRES_MUN,PAN_PRI_PRD,,DAVID RAMOS ZEPEDA,1,,PRD
,10,DURANGO,,,8,GUADALUPE VICTORIA,,,SIND,PAN_PRI_PRD,,IVONNE AYALA RIVERA,2,,PRI
,10,DURANGO,,,8,GUADALUPE VICTORIA,,,REG_RP,PVEM_PT_MORENA_RSPD,,VÍCTOR YADIR JUÁREZ VILLARREAL,1,,PVEM
,10,DURANGO,,,8,GUADALUPE VICTORIA,,,REG_RP,PVEM_PT_MORENA_RSPD,,JOSEFINA MENDOZA MENDOZA,2,,PVEM
,10,DURANGO,,,8,GUADALUPE VICTORIA,,,REG_RP,PVEM_PT_MORENA_RSPD,,ADRIAN REYES CALDERÓN,1,,PVEM
,10,DURANGO,,,8,GUADALUPE VICTORIA,,,REG_RP,PAN_PRI_PRD,,ANACLETA MANZANERA VALENZUELA,2,,PRD
,10,DURANGO,,,8,GUADALUPE VICTORIA,,,REG_RP,PAN_PRI_PRD,,ALEJANDRA DEL ROCÍO LUGO CHÁIREZ,2,,PRD
,10,DURANGO,,,8,GUADALUPE VICTORIA,,,REG_RP,PAN_PRI_PRD,,ELIDA DEMETRIA MONTELONGO BORJAS,2,,PRI
,10,DURANGO,,,8,GUADALUPE VICTORIA,,,REG_RP,PAN_PRI_PRD,,MIGUEL TERRAZAS VILLARREAL,1,,PRI
,10,DURANGO,,,8,GUADALUPE VICTORIA,,,REG_RP,PVEM_PT_MORENA_RSPD,,CARLOS JONATHAN AGUILAR LÓPEZ,1,,MORENA
,10,DURANGO,,,8,GUADALUPE VICTORIA,,,REG_RP,PAN_PRI_PRD,,MARIO ALBERTO RETANA PINTOR,1,,PAN
,10,DURANGO,,,9,GUANACEVI,,,PRES_MUN,PRI,,RAMÓN MANUEL SALAZAR CELIS,1,,PRI
,10,DURANGO,,,9,GUANACEVI,,,SIND,PRI,,BRICEIDA SARAHÍ MELENDEZ BARRAZA,2,,PRI
,10,DURANGO,,,9,GUANACEVI,,,REG_RP,PRI,,GALDINO LUNA ARZOLA,1,,PRI
,10,DURANGO,,,9,GUANACEVI,,,REG_RP,PRI,,DIANA JULIETA PÉREZ ESPARZA,2,,PRI
,10,DURANGO,,,9,GUANACEVI,,,REG_RP,PRI,,ARNOLDO VALTIERREZ SALGADO,1,,PRI
,10,DURANGO,,,9,GUANACEVI,,,REG_RP,PRI,,GUADALUPE PAYÁN AGUAYO,2,,PRI
,10,DURANGO,,,9,GUANACEVI,,,REG_RP,PRI,,ERNESTO UZUETA SALAZAR,1,,PRI
,10,DURANGO,,,9,GUANACEVI,,,REG_RP,MORENA,,CHRISTIAN VANESSA ARZOLA LUNA,2,,MORENA
,10,DURANGO,,,9,GUANACEVI,,,REG_RP,PAN,,ROSA ISELA TRUJILLO SERRANO,2,,PAN
,10,DURANGO,,,10,HIDALGO,,,PRES_MUN,PRD,,JOSE LUIS COVARRUBIAS FAUDOA,1,,PRD
,10,DURANGO,,,10,HIDALGO,,,SIND,PRD,,MARÍA GUADALUPE ARCINIEGA CENICEROS,2,,PRD
,10,DURANGO,,,10,HIDALGO,,,REG_RP,PRD,,JESÚS MANUEL MACÍAS SALCEDO,1,,PRD
,10,DURANGO,,,10,HIDALGO,,,REG_RP,PRD,,MARÍA SABINA ROSALES ROSALES,2,,PRD
,10,DURANGO,,,10,HIDALGO,,,REG_RP,PRD,,MARTÍN RUBIO REYES,1,,PRD
,10,DURANGO,,,10,HIDALGO,,,REG_RP,PRI,,ADÁN RODRÍGUEZ RAMÍREZ,1,,PRI
,10,DURANGO,,,10,HIDALGO,,,REG_RP,PRI,,MA GERARDA RUBIO CARRILLO,2,,PRI
,10,DURANGO,,,10,HIDALGO,,,REG_RP,PRI,,CARLOS ARREOLA CISNEROS,1,,PRI
,10,DURANGO,,,10,HIDALGO,,,REG_RP,PVEM_PT_MORENA_RSPD,,ROSA AURORA GONZÁLEZ NEVÁREZ,2,,PT
,10,DURANGO,,,11,INDE,,,PRES_MUN,PAN_PRI_PRD,,JUAN JOSÉ CORRAL MIRANDA,1,,PAN
,10,DURANGO,,,11,INDE,,,SIND,PAN_PRI_PRD,,MARÍA BRUNA RUIZ SÁNCHEZ,2,,PRI
,10,DURANGO,,,11,INDE,,,REG_RP,PAN_PRI_PRD,,RICARDO RIVERA FEDERICO,1,,PAN
,10,DURANGO,,,11,INDE,,,REG_RP,PAN_PRI_PRD,,LUCÍA ARREOLA GALVÁN,2,,PAN
,10,DURANGO,,,11,INDE,,,REG_RP,PAN_PRI_PRD,,JOSÉ MANUEL NUÑEZ TERRAZAS,1,,PAN
,10,DURANGO,,,11,INDE,,,REG_RP,PAN_PRI_PRD,,ELVIA TORRES MARTÍNEZ,2,,PRI
,10,DURANGO,,,11,INDE,,,REG_RP,PAN_PRI_PRD,,JOSÉ CONCEPCIÓN BARRON ESCOBEDO,1,,PRI
,10,DURANGO,,,11,INDE,,,REG_RP,PVEM_PT_MORENA_RSPD,,IVETT ENRÍQUEZ BARRÓN,2,,MORENA
,10,DURANGO,,,11,INDE,,,REG_RP,PVEM_PT_MORENA_RSPD,,RODOLFO MARÍN ESCOBEDO,1,,MORENA
,10,DURANGO,,,12,LERDO,,,PRES_MUN,PAN_PRI_PRD,,HOMERO MARTÍNEZ CABRERA,1,,PRI
,10,DURANGO,,,12,LERDO,,,SIND,PAN_PRI_PRD,,ALINA ARLETTE RIVERA QUIÑONES,2,,PAN
,10,DURANGO,,,12,LERDO,,,REG_RP,PAN_PRI_PRD,,JUAN JOSÉ CARRILLO ALDABA,1,,PRI
,10,DURANGO,,,12,LERDO,,,REG_RP,PAN_PRI_PRD,,DAVID ISAI IBARRA GAYTAN,1,,PRI
,10,DURANGO,,,12,LERDO,,,REG_RP,PAN_PRI_PRD,,MARÍA SELENE GALVÁN ROQUE,2,,PRI
,10,DURANGO,,,12,LERDO,,,REG_RP,PAN_PRI_PRD,,MARÍA LUISA GONZÁLEZ LÓPEZ,2,,PRI
,10,DURANGO,,,12,LERDO,,,REG_RP,PAN_PRI_PRD,,JOSÉ DIMAS LÓPEZ GONZÁLEZ,1,,PRI
,10,DURANGO,,,12,LERDO,,,REG_RP,PAN_PRI_PRD,,ANA MARÍA DURÓN PÉREZ,2,,PRI
,10,DURANGO,,,12,LERDO,,,REG_RP,PAN_PRI_PRD,,DOLORES LUÉVANOS MEZA,2,,PRI
,10,DURANGO,,,12,LERDO,,,REG_RP,PVEM_PT_MORENA_RSPD,,GEORGINA SOLORIO GARCÍA,2,,MORENA
,10,DURANGO,,,12,LERDO,,,REG_RP,PVEM_PT_MORENA_RSPD,,YANKO ANTONIO VÁZQUEZ ROMO,1,,MORENA
,10,DURANGO,,,12,LERDO,,,REG_RP,PVEM_PT_MORENA_RSPD,,VIOLETA GUERRERO CASTRO,2,,MORENA
,10,DURANGO,,,12,LERDO,,,REG_RP,PVEM_PT_MORENA_RSPD,,GERARDO MEDRANO MENDOZA,1,,MORENA
,10,DURANGO,,,12,LERDO,,,REG_RP,PVEM_PT_MORENA_RSPD,,FLORA ISELA LEAL MÉNDEZ,2,,MORENA
,10,DURANGO,,,12,LERDO,,,REG_RP,PVEM_PT_MORENA_RSPD,,VIOLETA QUETZAL JACOBO RAMÍREZ,2,,MORENA
,10,DURANGO,,,12,LERDO,,,REG_RP,PAN_PRI_PRD,,RICARDO DÍAZ SEGOVIA,1,,PAN
,10,DURANGO,,,12,LERDO,,,REG_RP,MC,,RAMÓN SAMIR RIVERA GONZÁLEZ,1,,MC
,10,DURANGO,,,13,MAPIMI,,,PRES_MUN,PVEM_PT_MORENA_RSPD,,FERNANDO REVERTE GRANADOS,1,,MORENA
,10,DURANGO,,,13,MAPIMI,,,SIND,PVEM_PT_MORENA_RSPD,,MARÍA TERESA VALDEZ ARREOLA,2,,MORENA
,10,DURANGO,,,13,MAPIMI,,,REG_RP,PVEM_PT_MORENA_RSPD,,CLAUDIA JAQUELINE MAGALLANES VERA,2,,MORENA
,10,DURANGO,,,13,MAPIMI,,,REG_RP,PVEM_PT_MORENA_RSPD,,LÁZARO PRINCE ALMARAZ,1,,MORENA
,10,DURANGO,,,13,MAPIMI,,,REG_RP,PVEM_PT_MORENA_RSPD,,AMELIA CASILLAS MATA,2,,MORENA
,10,DURANGO,,,13,MAPIMI,,,REG_RP,PVEM_PT_MORENA_RSPD,,EBERTH HUMBERTO BARRAZA ARGUIJO,1,,MORENA
,10,DURANGO,,,13,MAPIMI,,,REG_RP,PAN_PRI_PRD,,ROCÍO PEÑA RODRÍGUEZ,2,,PRI
,10,DURANGO,,,13,MAPIMI,,,REG_RP,PAN_PRI_PRD,,VICTOR MANUEL LÓPEZ MIRANDA,1,,PRI
,10,DURANGO,,,13,MAPIMI,,,REG_RP,PAN_PRI_PRD,,CARLOS MANUEL MEDINA SOLTERO,1,,PRI
,10,DURANGO,,,13,MAPIMI,,,REG_RP,MC,,YEIMI GABRIELA ORONA FIERRO,2,,MC
,10,DURANGO,,,13,MAPIMI,,,REG_RP,PAN_PRI_PRD,,JESÚS GERARDDO MAGALLANES BORREGO,1,,PAN
,10,DURANGO,,,14,MEZQUITAL,,,PRES_MUN,PRI,,IVÁN SOTO MENDÍA,1,,PRI
,10,DURANGO,,,14,MEZQUITAL,,,SIND,PRI,,JESSICA DANIELA RODRÍGUEZ MORENO,2,,PRI
,10,DURANGO,,,14,MEZQUITAL,,,REG_RP,PRI,,EUSEBIO MEDRANO DE LA TORRE,1,,PRI
,10,DURANGO,,,14,MEZQUITAL,,,REG_RP,PRI,,VIRGINIA CUMPLIDO DE LA CRUZ,2,,PRI
,10,DURANGO,,,14,MEZQUITAL,,,REG_RP,PRI,,ALBERTO REYES REYES,1,,PRI
,10,DURANGO,,,14,MEZQUITAL,,,REG_RP,PRI,,MARÍA PRISCILA FLORES SOTO,2,,PRI
,10,DURANGO,,,14,MEZQUITAL,,,REG_RP,PRI,,FELICIANO GALINDO RODRÍGUEZ,1,,PRI
,10,DURANGO,,,14,MEZQUITAL,,,REG_RP,PRI,,OFELIA FLORES CERVANTES,2,,PRI
,10,DURANGO,,,14,MEZQUITAL,,,REG_RP,PVEM_PT_MORENA_RSPD,,SEBASTIANO SANTANA GALINDO,1,,PVEM
,10,DURANGO,,,14,MEZQUITAL,,,REG_RP,PVEM_PT_MORENA_RSPD,,LUCIA FLORES REYES,2,,PVEM
,10,DURANGO,,,14,MEZQUITAL,,,REG_RP,PVEM_PT_MORENA_RSPD,,BERNARDINO SOTO DE LA CRUZ,1,,MORENA
,10,DURANGO,,,15,NAZAS,,,PRES_MUN,PVEM_PT_MORENA_RSPD,,DIANA BERENICE GONZÁLEZ TORRES,2,,MORENA
,10,DURANGO,,,15,NAZAS,,,SIND,PVEM_PT_MORENA_RSPD,,CARLOS ALBERTO VALENZUELA MARTOS,1,,PT
,10,DURANGO,,,15,NAZAS,,,REG_RP,PVEM_PT_MORENA_RSPD,,SILVIA ALBERTO CURZ,2,,MORENA
,10,DURANGO,,,15,NAZAS,,,REG_RP,PVEM_PT_MORENA_RSPD,,JOSÉ LUIS AGUILERA FUENTES,1,,MORENA
,10,DURANGO,,,15,NAZAS,,,REG_RP,PVEM_PT_MORENA_RSPD,,JORGE LUIS LOZANO MERAZ,1,,MORENA
,10,DURANGO,,,15,NAZAS,,,REG_RP,PAN_PRI_PRD,,DULCE ANGÉLICA AGUILERA MUÑOZ,2,,PAN
,10,DURANGO,,,15,NAZAS,,,REG_RP,PAN_PRI_PRD,,JUAN GERARDO VARGAS MARTÍNEZ,1,,PAN
,10,DURANGO,,,15,NAZAS,,,REG_RP,PAN_PRI_PRD,,IRIS SUHEY BUENDIA FLORES,2,,PRI
,10,DURANGO,,,15,NAZAS,,,REG_RP,PVEM_PT_MORENA_RSPD,,PERLA DE MONTSERRAT HURTADO VIZCARRA,2,,PT
,10,DURANGO,,,16,NOMBRE DE DIOS,,,PRES_MUN,PAN_PRI_PRD,,NANCI CAROLINA VÁSQUEZ LUNA,2,,PRD
,10,DURANGO,,,16,NOMBRE DE DIOS,,,SIND,PAN_PRI_PRD,,ROSANA UZARRAGA GUTIÉRREZ,2,,PAN
,10,DURANGO,,,16,NOMBRE DE DIOS,,,REG_RP,PAN_PRI_PRD,,MARÍA DE JESÚS HERNÁNDEZ SAUCEDO,2,,PRD
,10,DURANGO,,,16,NOMBRE DE DIOS,,,REG_RP,PAN_PRI_PRD,,MANUELA PULGARÍN MARRUFO,2,,PRD
,10,DURANGO,,,16,NOMBRE DE DIOS,,,REG_RP,PAN_PRI_PRD,,ANA LAURA TORRES MATA,2,,PRD
,10,DURANGO,,,16,NOMBRE DE DIOS,,,REG_RP,PVEM_PT_MORENA_RSPD,,MARCO VINICIO PÁEZ ÁLVAREZ,1,,PT
,10,DURANGO,,,16,NOMBRE DE DIOS,,,REG_RP,PVEM_PT_MORENA_RSPD,,ROCÍO DE LA LUZ RUIZ PULIDO,2,,PT
,10,DURANGO,,,16,NOMBRE DE DIOS,,,REG_RP,PVEM_PT_MORENA_RSPD,,SAID ANTONIO SÁNCHEZ CORREA,1,,MORENA
,10,DURANGO,,,16,NOMBRE DE DIOS,,,REG_RP,PVEM_PT_MORENA_RSPD,,SILVIA CAMACHO SÁNCHEZ,2,,MORENA
,10,DURANGO,,,16,NOMBRE DE DIOS,,,REG_RP,PAN_PRI_PRD,,CARLOTA TREJO ZÚÑIGA,2,,PAN
,10,DURANGO,,,16,NOMBRE DE DIOS,,,REG_RP,PAN_PRI_PRD,,JESÚS REYES ALVARADO,1,,PRI
,10,DURANGO,,,17,NUEVO IDEAL,,,PRES_MUN,PVEM_PT_MORENA_RSPD,,FRANCISCO LUIS GRACIA MÁRQUEZ,1,,MORENA
,10,DURANGO,,,17,NUEVO IDEAL,,,SIND,PVEM_PT_MORENA_RSPD,,NORMA ALICIA RUIZ GONZÁLEZ,2,,PVEM
,10,DURANGO,,,17,NUEVO IDEAL,,,REG_RP,PRI,,FEDERICO RIVERA GRANILLO,1,,PRI
,10,DURANGO,,,17,NUEVO IDEAL,,,REG_RP,PRI,,ROCÍO ALVARADO GUTIERREZ,2,,PRI
,10,DURANGO,,,17,NUEVO IDEAL,,,REG_RP,PRI,,NICOLÁS ANTONIO GANDARILLA GÓMEZ,1,,PRI
,10,DURANGO,,,17,NUEVO IDEAL,,,REG_RP,PVEM_PT_MORENA_RSPD,,CARLOS GIOVANNI VÁZQUEZ ZURITA,1,,MORENA
,10,DURANGO,,,17,NUEVO IDEAL,,,REG_RP,PVEM_PT_MORENA_RSPD,,MA HERMELINDA BARRAGÁN ÁVILA,2,,MORENA
,10,DURANGO,,,17,NUEVO IDEAL,,,REG_RP,PVEM_PT_MORENA_RSPD,,CATALINA SOTO GUTIÉRREZ,2,,MORENA
,10,DURANGO,,,17,NUEVO IDEAL,,,REG_RP,PAN,,JORGE ENRIQUE VÁZQUEZ GALARZA,1,,PAN
,10,DURANGO,,,17,NUEVO IDEAL,,,REG_RP,PAN,,ANA KAREN QUEZADA ÁVILA,2,,PAN
,10,DURANGO,,,17,NUEVO IDEAL,,,REG_RP,PAN,,FRANCISCO ALEJANDRO MÉNDEZ HUERTA,1,,PAN
,10,DURANGO,,,18,OCAMPO,,,PRES_MUN,PAN_PRI_PRD,,MARISELA BARRAZA GARCÍA,2,,PRI
,10,DURANGO,,,18,OCAMPO,,,SIND,PAN_PRI_PRD,,HUGO ALBERTO BARRAZA MOLINA,1,,PAN
,10,DURANGO,,,18,OCAMPO,,,REG_RP,PAN_PRI_PRD,,EMMA LILIA BARRAZA MORALES,2,,PRI
,10,DURANGO,,,18,OCAMPO,,,REG_RP,PAN_PRI_PRD,,SERGIO RUBIO CONTRERAS,1,,PRI
,10,DURANGO,,,18,OCAMPO,,,REG_RP,PAN_PRI_PRD,,SANDRA ESTHER LÓPEZ BUENO,2,,PRI
,10,DURANGO,,,18,OCAMPO,,,REG_RP,PAN_PRI_PRD,,YESENIA PAREDES MONTES,2,,PAN
,10,DURANGO,,,18,OCAMPO,,,REG_RP,PAN_PRI_PRD,,OCTAVIO EFRAÍN VALVERDE VELÁZQUEZ,1,,PAN
,10,DURANGO,,,18,OCAMPO,,,REG_RP,PAN_PRI_PRD,,ROSA LIDIA RAMIREZ CARRERA,2,,PAN
,10,DURANGO,,,19,EL ORO,,,PRES_MUN,PAN_PRI_PRD,,OCTAVIO CARRETE CARRETE,1,,PAN
,10,DURANGO,,,19,EL ORO,,,SIND,PAN_PRI_PRD,,MARÍA EUGENIA BARRAZA RUBIO,2,,PRI
,10,DURANGO,,,19,EL ORO,,,REG_RP,PVEM_PT_MORENA_RSPD,,AUSENCIA LÓPEZ VILLEZCAS,2,,MORENA
,10,DURANGO,,,19,EL ORO,,,REG_RP,PVEM_PT_MORENA_RSPD,,MANUEL LUCAS SILVESTRE HERRERA,1,,MORENA
,10,DURANGO,,,19,EL ORO,,,REG_RP,PVEM_PT_MORENA_RSPD,,AGUSTINA MOLINA OCÓN,2,,MORENA
,10,DURANGO,,,19,EL ORO,,,REG_RP,PAN_PRI_PRD,,SERGIO ELIZARRARAS NEVÁREZ,1,,PRI
,10,DURANGO,,,19,EL ORO,,,REG_RP,PAN_PRI_PRD,,MARTHA ALICIA SOLÍS BARRAZA,2,,PRI
,10,DURANGO,,,19,EL ORO,,,REG_RP,PAN_PRI_PRD,,JESÚS MARTÍN VÁZQUEZ POSADA,1,,PRI
,10,DURANGO,,,19,EL ORO,,,REG_RP,PAN_PRI_PRD,,JOSÉ BERNARDO MARTÍNEZ ALATORRE,1,,PAN
,10,DURANGO,,,20,OTAEZ,,,PRES_MUN,PVEM_PT_MORENA_RSPD,,HÉCTOR HERRERA NÚÑEZ,1,,MORENA
,10,DURANGO,,,20,OTAEZ,,,SIND,PVEM_PT_MORENA_RSPD,,MA ANNEL SARABIA SÁNCHEZ,2,,MORENA
,10,DURANGO,,,20,OTAEZ,,,REG_RP,PVEM_PT_MORENA_RSPD,,DAVID DIAZ LOZANO,1,,MORENA
,10,DURANGO,,,20,OTAEZ,,,REG_RP,PVEM_PT_MORENA_RSPD,,ROSA OLIVIA RODRÍGUEZ HERRERA,2,,MORENA
,10,DURANGO,,,20,OTAEZ,,,REG_RP,PVEM_PT_MORENA_RSPD,,JOSÉ ANTONIO HERRERA PEÑA,1,,MORENA
,10,DURANGO,,,20,OTAEZ,,,REG_RP,PVEM_PT_MORENA_RSPD,,LUCELY GALLEGOS HERNÁNDEZ,2,,MORENA
,10,DURANGO,,,20,OTAEZ,,,REG_RP,PAN,,JOEL HURTADO CORRAL,1,,PAN
,10,DURANGO,,,20,OTAEZ,,,REG_RP,PAN,,ARIANNA GUTIÉRREZ RUBIO,2,,PAN
,10,DURANGO,,,20,OTAEZ,,,REG_RP,PAN,,JUAN CARLOS REYES ZEPEDA,1,,PAN
,10,DURANGO,,,21,PANUCO DE CORONADO,,,PRES_MUN,PVEM_PT_MORENA_RSPD,,ROGELIO FLORES GUERRERO,1,,MORENA
,10,DURANGO,,,21,PANUCO DE CORONADO,,,SIND,PVEM_PT_MORENA_RSPD,,KAREN GISSEL GÓMEZ RODRÍGUEZ,2,,MORENA
,10,DURANGO,,,21,PANUCO DE CORONADO,,,REG_RP,PVEM_PT_MORENA_RSPD,,MA DE LOS ÁNGELES DOMÍNGUEZ SÁNCHEZ,2,,MORENA
,10,DURANGO,,,21,PANUCO DE CORONADO,,,REG_RP,PVEM_PT_MORENA_RSPD,,HÉCTOR JESÚS BERUMEN RODARTE,1,,MORENA
,10,DURANGO,,,21,PANUCO DE CORONADO,,,REG_RP,PVEM_PT_MORENA_RSPD,,ADRIANA MARISOL GURROLA RODRÍGUEZ,2,,MORENA
,10,DURANGO,,,21,PANUCO DE CORONADO,,,REG_RP,PAN_PRI_PRD,,MARÍA ALICIA GONZÁLEZ ÁVALOS,2,,PRI
,10,DURANGO,,,21,PANUCO DE CORONADO,,,REG_RP,PAN_PRI_PRD,,GUILLERMO GONZALO RETANA RODRÍGUEZ,1,,PRI
,10,DURANGO,,,21,PANUCO DE CORONADO,,,REG_RP,PAN_PRI_PRD,,JUAN CARLOS MEDINA PULGARÍN,1,,PAN
,10,DURANGO,,,21,PANUCO DE CORONADO,,,REG_RP,PVEM_PT_MORENA_RSPD,,MARTHA ESTELA MARTÍNEZ MEDINA,2,,PT
,10,DURANGO,,,22,PEÑON BLANCO,,,PRES_MUN,PAN_PRI_PRD,,RITA ESTHER LOZANO REYES,2,,PAN
,10,DURANGO,,,22,PEÑON BLANCO,,,SIND,PAN_PRI_PRD,,JOEL REZA PULIDO,1,,PRI
,10,DURANGO,,,22,PEÑON BLANCO,,,REG_RP,PVEM_PT_MORENA_RSPD,,ELÍAS BUSTAMANTE HERNÁNDEZ,1,,MORENA
,10,DURANGO,,,22,PEÑON BLANCO,,,REG_RP,PVEM_PT_MORENA_RSPD,,MA ELVIRA MORALES LUNA,2,,MORENA
,10,DURANGO,,,22,PEÑON BLANCO,,,REG_RP,PVEM_PT_MORENA_RSPD,,ROSENDO PALOMARES RAMOS,1,,MORENA
,10,DURANGO,,,22,PEÑON BLANCO,,,REG_RP,PAN_PRI_PRD,,VERÓNICA PATRICIA OCHOA SÁNCHEZ,2,,PAN
,10,DURANGO,,,22,PEÑON BLANCO,,,REG_RP,PAN_PRI_PRD,,ABRAHAM SANTANA ROMERO,1,,PAN
,10,DURANGO,,,22,PEÑON BLANCO,,,REG_RP,PAN_PRI_PRD,,ALEJANDRO GARCÍA SANTILLAN,1,,PRI
,10,DURANGO,,,22,PEÑON BLANCO,,,REG_RP,MC,,CRISTINA GUADALUPE CENICEROS URIBE,2,,MC
,10,DURANGO,,,23,POANAS,,,PRES_MUN,PAN_PRI_PRD,,IRMA ARACELI AISPURO AISPURO,2,,PAN
,10,DURANGO,,,23,POANAS,,,SIND,PAN_PRI_PRD,,OSCAR ERNESTO SARACHO MARRUFO,1,,PRI
,10,DURANGO,,,23,POANAS,,,REG_RP,PAN_PRI_PRD,,MA. EVA SALAS DELGADILLO,2,,PAN
,10,DURANGO,,,23,POANAS,,,REG_RP,PAN_PRI_PRD,,HUMBERTO NAVA PÉREZ,1,,PAN
,10,DURANGO,,,23,POANAS,,,REG_RP,PAN_PRI_PRD,,GERARDO HERNÁNDEZ MORALES,1,,PAN
,10,DURANGO,,,23,POANAS,,,REG_RP,PVEM_PT_MORENA_RSPD,,MARÍA CINDY NAVA CARROLA,2,,MORENA
,10,DURANGO,,,23,POANAS,,,REG_RP,PVEM_PT_MORENA_RSPD,,RAFAEL GONZÁLEZ NERI,1,,MORENA
,10,DURANGO,,,23,POANAS,,,REG_RP,PVEM_PT_MORENA_RSPD,,GERMAN FERNÁNDEZ ALONSO,1,,PVEM
,10,DURANGO,,,23,POANAS,,,REG_RP,PVEM_PT_MORENA_RSPD,,ELIZABETH REYES VALLES,2,,PVEM
,10,DURANGO,,,23,POANAS,,,REG_RP,PAN_PRI_PRD,,FERNANDO ROJAS GALINDO,1,,PRI
,10,DURANGO,,,23,POANAS,,,REG_RP,MC,,DANIRA YAMELI SALAS SALTIJERAL,2,,MC
,10,DURANGO,,,24,PUEBLO NUEVO,,,PRES_MUN,PRI,,ADRIÁN NOEL CHAPARRO GÁNDARA,1,,PRI
,10,DURANGO,,,24,PUEBLO NUEVO,,,SIND,PRI,,ROCÍO OFELIA CALDERÓN LEAL,2,,PRI
,10,DURANGO,,,24,PUEBLO NUEVO,,,REG_RP,PRI,,EZEQUIEL RIVERA GÓMEZ,1,,PRI
,10,DURANGO,,,24,PUEBLO NUEVO,,,REG_RP,PRI,,HILDA ARACELI GAMERO TORRECILLAS,2,,PRI
,10,DURANGO,,,24,PUEBLO NUEVO,,,REG_RP,PRI,,JOSÉ REYES AGUIAR FLORES,1,,PRI
,10,DURANGO,,,24,PUEBLO NUEVO,,,REG_RP,PRI,,HELLEN IVETTE PÉREZ RETANA,2,,PRI
,10,DURANGO,,,24,PUEBLO NUEVO,,,REG_RP,PVEM_PT_MORENA_RSPD,,MARINA MEDRANO ÁVILA,2,,MORENA
,10,DURANGO,,,24,PUEBLO NUEVO,,,REG_RP,PVEM_PT_MORENA_RSPD,,DIEGO GUADALUPE DERAS MEDRANO,1,,MORENA
,10,DURANGO,,,24,PUEBLO NUEVO,,,REG_RP,PVEM_PT_MORENA_RSPD,,EUNICE TORRES PAREDES,2,,MORENA
,10,DURANGO,,,24,PUEBLO NUEVO,,,REG_RP,PAN,,JESÚS ORTIZ ROBLES,1,,PAN
,10,DURANGO,,,24,PUEBLO NUEVO,,,REG_RP,PAN,,MARÍA RÍOS NEVÁREZ,2,,PAN
,10,DURANGO,,,25,RODEO,,,PRES_MUN,PAN_PRI_PRD,,MA. DE LA LUZ AMAYA PARRA,2,,PRD
,10,DURANGO,,,25,RODEO,,,SIND,PAN_PRI_PRD,,VÍCTOR ALFONSO MEDINA GUERRERO,1,,PAN
,10,DURANGO,,,25,RODEO,,,REG_RP,PVEM_PT_MORENA_RSPD,,TERESITA DE JESÚS MEDINA MALDONADO,2,,MORENA
,10,DURANGO,,,25,RODEO,,,REG_RP,PVEM_PT_MORENA_RSPD,,PAULO EFREN MEDINA MEDINA,1,,MORENA
,10,DURANGO,,,25,RODEO,,,REG_RP,MC,,MARÍA ROSA ISELA CARDOZA ARREOLA,2,,MC
,10,DURANGO,,,25,RODEO,,,REG_RP,MC,,MARCELINO MARTÍNEZ CAMARGO,1,,MC
,10,DURANGO,,,25,RODEO,,,REG_RP,PAN_PRI_PRD,,SILVIA RODELO ARREOLA,2,,PRD
,10,DURANGO,,,25,RODEO,,,REG_RP,PAN_PRI_PRD,,JOSÉ MATÍAS SEGOVIA ENRÍQUEZ,1,,PRI
,10,DURANGO,,,25,RODEO,,,REG_RP,PAN_PRI_PRD,,ARACELI VALENZUELA VALENCIA,2,,PAN
,10,DURANGO,,,26,SAN BERNARDO,,,PRES_MUN,PVEM_PT_MORENA_RSPD,,MANUEL EULOGIO RODRÍGUEZ AGUIRRE,1,,MORENA
,10,DURANGO,,,26,SAN BERNARDO,,,SIND,PVEM_PT_MORENA_RSPD,,MARÍA SOCORRO RAMÍREZ LÓPEZ,2,,MORENA
,10,DURANGO,,,26,SAN BERNARDO,,,REG_RP,PRD,,LAURA ILIANA HERRERA REYES,2,,PRD
,10,DURANGO,,,26,SAN BERNARDO,,,REG_RP,PRD,,FAUSTINO HOLGUÍN FERREL,1,,PRD
,10,DURANGO,,,26,SAN BERNARDO,,,REG_RP,PRD,,EVANGELINA SÁNCHEZ MONTAÑEZ,2,,PRD
,10,DURANGO,,,26,SAN BERNARDO,,,REG_RP,PRD,,JORGE LUIS RAYOS BUENO,1,,PRD
,10,DURANGO,,,26,SAN BERNARDO,,,REG_RP,PVEM_PT_MORENA_RSPD,,ELSA NORA PIZARRO CÁRDENAS,2,,MORENA
,10,DURANGO,,,26,SAN BERNARDO,,,REG_RP,PVEM_PT_MORENA_RSPD,,EFRAIN HOLGUÍN ARZOLA,1,,MORENA
,10,DURANGO,,,26,SAN BERNARDO,,,REG_RP,PVEM_PT_MORENA_RSPD,,NEREIDA AGUIRRE RIVERA,2,,MORENA
,10,DURANGO,,,27,SAN DIMAS,,,PRES_MUN,PVEM_PT_MORENA_RSPD,,ARMANDO BARRÓN ALVARADO,1,,MORENA
,10,DURANGO,,,27,SAN DIMAS,,,SIND,PVEM_PT_MORENA_RSPD,,CLAUDIA ARMIDA GIRÓN ESPINOZA,2,,MORENA
,10,DURANGO,,,27,SAN DIMAS,,,REG_RP,PVEM_PT_MORENA_RSPD,,HUMBERTO GUZMÁN ORTEGA,1,,MORENA
,10,DURANGO,,,27,SAN DIMAS,,,REG_RP,PVEM_PT_MORENA_RSPD,,MARTHA EUGENIA ALVARADO CARRASCO,2,,MORENA
,10,DURANGO,,,27,SAN DIMAS,,,REG_RP,PVEM_PT_MORENA_RSPD,,ALFREDO ESTRADA AMAYA,1,,MORENA
,10,DURANGO,,,27,SAN DIMAS,,,REG_RP,PVEM_PT_MORENA_RSPD,,MARÍA VICTORIA SANDOVAL OLIVAS,2,,MORENA
,10,DURANGO,,,27,SAN DIMAS,,,REG_RP,PAN_PRI_PRD,,JOSÉ ROBERTO MELÉNDEZ BARRAZA,1,,PAN
,10,DURANGO,,,27,SAN DIMAS,,,REG_RP,PAN_PRI_PRD,,MA.DE LOS ÁNGELES RODRÍGUEZ HERNÁNDEZ,2,,PAN
,10,DURANGO,,,27,SAN DIMAS,,,REG_RP,MC,,MENDY MAGALI MERAZ BARRAZA,2,,MC
,10,DURANGO,,,27,SAN DIMAS,,,REG_RP,MC,,JOSÉ GUADALUPE MENA ARENIVAS,1,,MC
,10,DURANGO,,,27,SAN DIMAS,,,REG_RP,PAN_PRI_PRD,,SANDRA LUZ PANIAGUA LÓPEZ,2,,PRI
,10,DURANGO,,,28,SAN JUAN DE GUADALUPE,,,PRES_MUN,PVEM_PT_MORENA_RSPD,,LUZ MARÍA CASTAÑEDA URIBE,2,,MORENA
,10,DURANGO,,,28,SAN JUAN DE GUADALUPE,,,SIND,PVEM_PT_MORENA_RSPD,,OMAR GUTIÉRREZ GARCÍA,1,,PVEM
,10,DURANGO,,,28,SAN JUAN DE GUADALUPE,,,REG_RP,PRI,,MARÍA LUCILA SOTO ORONA,2,,PRI
,10,DURANGO,,,28,SAN JUAN DE GUADALUPE,,,REG_RP,PRI,,EFRAÍN PADILLA FLORES,1,,PRI
,10,DURANGO,,,28,SAN JUAN DE GUADALUPE,,,REG_RP,PVEM_PT_MORENA_RSPD,,JUAN MANUEL VEGA RAMÍREZ,1,,MORENA
,10,DURANGO,,,28,SAN JUAN DE GUADALUPE,,,REG_RP,PVEM_PT_MORENA_RSPD,,YURIANA GONZÁLEZ RODRÍGUEZ,2,,MORENA
,10,DURANGO,,,28,SAN JUAN DE GUADALUPE,,,REG_RP,PRD,,ARTURO RODRÍGUEZ CARREÓN,1,,PRD
,10,DURANGO,,,28,SAN JUAN DE GUADALUPE,,,REG_RP,PRD,,MA DEL ROSARIO MARTÍNEZ MEDINA,2,,PRD
,10,DURANGO,,,28,SAN JUAN DE GUADALUPE,,,REG_RP,MC,,EFRAÍN BARRÓN NERI,1,,MC
,10,DURANGO,,,29,SAN JUAN DEL RIO,,,PRES_MUN,PAN_PRI_PRD,,HUGO ALBERTO GÁNDARA,1,,PRI
,10,DURANGO,,,29,SAN JUAN DEL RIO,,,SIND,PAN_PRI_PRD,,CRISTINA PÉREZ BUSTAMANTE,2,,PAN
,10,DURANGO,,,29,SAN JUAN DEL RIO,,,REG_RP,PAN_PRI_PRD,,DANIEL CALDERÓN LÓPEZ,1,,PRI
,10,DURANGO,,,29,SAN JUAN DEL RIO,,,REG_RP,PAN_PRI_PRD,,SAIDE FLORES ROCHA,2,,PRI
,10,DURANGO,,,29,SAN JUAN DEL RIO,,,REG_RP,PAN_PRI_PRD,,DALIA AMALI ALVARADO RAYMUNDO,2,,PRI
,10,DURANGO,,,29,SAN JUAN DEL RIO,,,REG_RP,PVEM_PT_MORENA_RSPD,,LIZBETH GUADALUPE VARGAS CABRERA,2,,MORENA
,10,DURANGO,,,29,SAN JUAN DEL RIO,,,REG_RP,PVEM_PT_MORENA_RSPD,,JUAN ANTONIO NORIZ GONZÁLEZ,1,,MORENA
,10,DURANGO,,,29,SAN JUAN DEL RIO,,,REG_RP,PVEM_PT_MORENA_RSPD,,MARÍA MAYELA SIFUENTES GALLEGOS,2,,MORENA
,10,DURANGO,,,29,SAN JUAN DEL RIO,,,REG_RP,PAN_PRI_PRD,,HÉCTOR MANUEL REYES CHAIREZ,1,,PAN
,10,DURANGO,,,30,SAN LUIS DEL CORDERO,,,PRES_MUN,PVEM_PT_MORENA_RSPD,,MARÍA GUADALUPE CHAVARRÍA CORCHADO,2,,MORENA
,10,DURANGO,,,30,SAN LUIS DEL CORDERO,,,SIND,PVEM_PT_MORENA_RSPD,,JOSÉ LUIS ORTEGA DÍAZ,1,,MORENA
,10,DURANGO,,,30,SAN LUIS DEL CORDERO,,,REG_RP,PVEM_PT_MORENA_RSPD,,MARCIA SOCORRO MEJÍA SILVA,2,,MORENA
,10,DURANGO,,,30,SAN LUIS DEL CORDERO,,,REG_RP,PVEM_PT_MORENA_RSPD,,FCO. JAVIER BAUTISTA ORTEGA,1,,MORENA
,10,DURANGO,,,30,SAN LUIS DEL CORDERO,,,REG_RP,PVEM_PT_MORENA_RSPD,,YESENIA ARREOLA MERAZ,2,,MORENA
,10,DURANGO,,,30,SAN LUIS DEL CORDERO,,,REG_RP,PRI,,RAIMUNDO CORCHADO ACOSTA,1,,PRI
,10,DURANGO,,,30,SAN LUIS DEL CORDERO,,,REG_RP,PRI,,LUZ ELENA ZAPATA SOTO,2,,PRI
,10,DURANGO,,,30,SAN LUIS DEL CORDERO,,,REG_RP,PRI,,ELFEGO QUEZADA ESPINO,1,,PRI
,10,DURANGO,,,30,SAN LUIS DEL CORDERO,,,REG_RP,PAN,,CANDELARIA GÜERECA GÜERECA,2,,PAN
,10,DURANGO,,,31,SAN PEDRO DEL GALLO,,,PRES_MUN,MC,,SALVADOR CARRASCO SAENZ PARDO,1,,MC
,10,DURANGO,,,31,SAN PEDRO DEL GALLO,,,SIND,MC,,MARÍA CANDELARIA TORRES RIVAS,2,,MC
,10,DURANGO,,,31,SAN PEDRO DEL GALLO,,,REG_RP,MC,,ESPERANZA MONTALVO TINOCO,2,,MC
,10,DURANGO,,,31,SAN PEDRO DEL GALLO,,,REG_RP,MC,,MACEDONIO VARGAS VALDEZ,1,,MC
,10,DURANGO,,,31,SAN PEDRO DEL GALLO,,,REG_RP,MC,,NALLELY GRACIA SANTILLÁN,2,,MC
,10,DURANGO,,,31,SAN PEDRO DEL GALLO,,,REG_RP,PAN_PRI_PRD,,OSCAR PÉREZ MEDINA,1,,PAN
,10,DURANGO,,,31,SAN PEDRO DEL GALLO,,,REG_RP,PAN_PRI_PRD,,FELÍCITAS SALAS FLORES,2,,PAN
,10,DURANGO,,,31,SAN PEDRO DEL GALLO,,,REG_RP,PAN_PRI_PRD,,CARLOS MARTÍN ESPINO PÉREZ,1,,PAN
,10,DURANGO,,,31,SAN PEDRO DEL GALLO,,,REG_RP,PVEM_PT_MORENA_RSPD,,ANGELICA VALENZUELA BALLESTEROS,2,,MORENA
,10,DURANGO,,,32,SANTA CLARA,,,PRES_MUN,PVEM_PT_MORENA_RSPD,,SANDRA ALICIA MARTÍNEZ AGUILAR,2,,MORENA
,10,DURANGO,,,32,SANTA CLARA,,,SIND,PVEM_PT_MORENA_RSPD,,RICARDO MARTÍNEZ MORENO,1,,PVEM
,10,DURANGO,,,32,SANTA CLARA,,,REG_RP,PVEM_PT_MORENA_RSPD,,MARÍA FÉLIX GONZÁLEZ SILVA,2,,MORENA
,10,DURANGO,,,32,SANTA CLARA,,,REG_RP,PVEM_PT_MORENA_RSPD,,J VENTURA GALINDO GUIJARRO,1,,MORENA
,10,DURANGO,,,32,SANTA CLARA,,,REG_RP,PVEM_PT_MORENA_RSPD,,DARIO HERNÁNDEZ GONZÁLEZ,1,,MORENA
,10,DURANGO,,,32,SANTA CLARA,,,REG_RP,PAN_PRI_PRD,,ALEJANDRA GALINDO MARTÍNEZ,2,,PRI
,10,DURANGO,,,32,SANTA CLARA,,,REG_RP,PAN_PRI_PRD,,JOSÉ GERARDO GALINDO VASQUEZ,1,,PRI
,10,DURANGO,,,32,SANTA CLARA,,,REG_RP,PVEM_PT_MORENA_RSPD,,CANDELARIA JÁQUEZ FRAIRE,2,,PVEM
,10,DURANGO,,,32,SANTA CLARA,,,REG_RP,PAN_PRI_PRD,,LAURA ILIANA HERNÁNDEZ PÉREZ,2,,PRD
,10,DURANGO,,,33,SANTIAGO PAPASQUIARO,,,PRES_MUN,PAN_PRI_PRD,,JULIAN CESAR RIVAS B. NEVAREZ,1,,PAN
,10,DURANGO,,,33,SANTIAGO PAPASQUIARO,,,SIND,PAN_PRI_PRD,,MARÍA DEL CARMEN NUÑEZ SOTO,2,,PRI
,10,DURANGO,,,33,SANTIAGO PAPASQUIARO,,,REG_RP,PAN_PRI_PRD,,MATEO CHAIDEZ FELIZ,1,,PAN
,10,DURANGO,,,33,SANTIAGO PAPASQUIARO,,,REG_RP,PAN_PRI_PRD,,JORGE RUIZ,1,,PAN
,10,DURANGO,,,33,SANTIAGO PAPASQUIARO,,,REG_RP,PAN_PRI_PRD,,ROCÍO SARMIENTO GUTIÉRREZ,2,,PAN
,10,DURANGO,,,33,SANTIAGO PAPASQUIARO,,,REG_RP,PAN_PRI_PRD,,DAVID ALMANZA VALENZUELA,1,,PAN
,10,DURANGO,,,33,SANTIAGO PAPASQUIARO,,,REG_RP,PAN_PRI_PRD,,MÓNICA REYES MORALES,2,,PAN
,10,DURANGO,,,33,SANTIAGO PAPASQUIARO,,,REG_RP,PVEM_PT_MORENA_RSPD,,VERONICA DEL PILAR PÉREZ HERRERA,2,,MORENA
,10,DURANGO,,,33,SANTIAGO PAPASQUIARO,,,REG_RP,PVEM_PT_MORENA_RSPD,,IXCHEL SELENIA HERRERA GARCÍA,2,,MORENA
,10,DURANGO,,,33,SANTIAGO PAPASQUIARO,,,REG_RP,PAN_PRI_PRD,,MAYRA ALEJANDRA MEZA FAVELA,2,,PRI
,10,DURANGO,,,33,SANTIAGO PAPASQUIARO,,,REG_RP,PAN_PRI_PRD,,MARÍA OFELIA LUNA MENDOZA,2,,PRI
,10,DURANGO,,,34,SUCHIL,,,PRES_MUN,PVEM_PT_MORENA_RSPD,,RODOLFO ALONSO VIDALES,1,,PT
,10,DURANGO,,,34,SUCHIL,,,SIND,PVEM_PT_MORENA_RSPD,,YESENIA PADILLA RAMÍREZ,2,,MORENA
,10,DURANGO,,,34,SUCHIL,,,REG_RP,PVEM_PT_MORENA_RSPD,,ISMAEL HERNÁNDEZ BARRIENTOS,1,,MORENA
,10,DURANGO,,,34,SUCHIL,,,REG_RP,PVEM_PT_MORENA_RSPD,,LUIS ALBERTO GUERRERO BETANCOURT,1,,MORENA
,10,DURANGO,,,34,SUCHIL,,,REG_RP,PVEM_PT_MORENA_RSPD,,EMMA EDITH DOMÍNGUEZ GARCÍA,2,,MORENA
,10,DURANGO,,,34,SUCHIL,,,REG_RP,PAN_PRI_PRD,,CLAUDIA JOSÉFINA GALVÁN OROZCO,2,,PAN
,10,DURANGO,,,34,SUCHIL,,,REG_RP,PAN_PRI_PRD,,JOSÉ RAMON PÉREZ GALVÁN,1,,PRI
,10,DURANGO,,,34,SUCHIL,,,REG_RP,PVEM_PT_MORENA_RSPD,,ISMAEL GURROLA GARCÍA,1,,PT
,10,DURANGO,,,34,SUCHIL,,,REG_RP,PAN_PRI_PRD,,PERLA IVETT CORREA IBARRA,2,,PRD
,10,DURANGO,,,35,TAMAZULA,,,PRES_MUN,PVEM_PT_MORENA_RSPD,,RICARDO OCHOA BELTRÁN,1,,MORENA
,10,DURANGO,,,35,TAMAZULA,,,SIND,PVEM_PT_MORENA_RSPD,,VIANEY RODRÍGUEZ ORTIZ,2,,MORENA
,10,DURANGO,,,35,TAMAZULA,,,REG_RP,PVEM_PT_MORENA_RSPD,,JESÚS HUMBERTO VARGAS RIVERA,1,,MORENA
,10,DURANGO,,,35,TAMAZULA,,,REG_RP,PVEM_PT_MORENA_RSPD,,DEISY TREJO RETAMOZA,2,,MORENA
,10,DURANGO,,,35,TAMAZULA,,,REG_RP,PVEM_PT_MORENA_RSPD,,NOEL GUERRERO OLIVAS,1,,MORENA
,10,DURANGO,,,35,TAMAZULA,,,REG_RP,PVEM_PT_MORENA_RSPD,,JOANA GUADALUPE REYES PÉREZ,2,,MORENA
,10,DURANGO,,,35,TAMAZULA,,,REG_RP,PVEM_PT_MORENA_RSPD,,J.SIXTO VERGARA VILLA,1,,MORENA
,10,DURANGO,,,35,TAMAZULA,,,REG_RP,PAN_PRI_PRD,,ANTONIO AYÓN CHAIDEZ,1,,PRI
,10,DURANGO,,,35,TAMAZULA,,,REG_RP,PAN_PRI_PRD,,ELBA MIREYA QUINTERO BELTRÁN,2,,PRI
,10,DURANGO,,,35,TAMAZULA,,,REG_RP,PAN_PRI_PRD,,ELIA ARMIDA BELTRÁN FÉLIX,2,,PRI
,10,DURANGO,,,35,TAMAZULA,,,REG_RP,PAN_PRI_PRD,,SANDRA MARGARITA QUIÑONEZ RODRÍGUEZ,2,,PRI
,10,DURANGO,,,36,TEPEHUANES,,,PRES_MUN,PAN_PRI_PRD,,MARISELA CORRAL LÓPEZ,2,,PRI
,10,DURANGO,,,36,TEPEHUANES,,,SIND,PAN_PRI_PRD,,BENJAMÍN REYES CARRERA,1,,PAN
,10,DURANGO,,,36,TEPEHUANES,,,REG_RP,PAN_PRI_PRD,,MARÍA ZULEMA CORRAL VARELA,2,,PRI
,10,DURANGO,,,36,TEPEHUANES,,,REG_RP,PAN_PRI_PRD,,CIPRIANO LEONEL GONZÁLEZ CÉSARETTI,1,,PRI
,10,DURANGO,,,36,TEPEHUANES,,,REG_RP,PAN_PRI_PRD,,BRÍGIDO ESTRADA FRAGOSO,1,,PRI
,10,DURANGO,,,36,TEPEHUANES,,,REG_RP,PAN_PRI_PRD,,ROSA GONZÁLEZ CORRAL,2,,PRI
,10,DURANGO,,,36,TEPEHUANES,,,REG_RP,PVEM_PT_MORENA_RSPD,,DORA ELIA ENRÍQUEZ MONÁRREZ,2,,MORENA
,10,DURANGO,,,36,TEPEHUANES,,,REG_RP,PVEM_PT_MORENA_RSPD,,DAVID ALEJANDRO RODRÍGUEZ GARCÍA,1,,MORENA
,10,DURANGO,,,36,TEPEHUANES,,,REG_RP,PAN_PRI_PRD,,YESENIA MARTELL NEVÁREZ,2,,PAN
,10,DURANGO,,,37,TLAHUALILO,,,PRES_MUN,PVEM_PT_MORENA_RSPD,,JUDITH RODRÍGUEZ OLIVARES,2,,MORENA
,10,DURANGO,,,37,TLAHUALILO,,,SIND,PVEM_PT_MORENA_RSPD,,EUNICE BARRAZA RANGEL,2,,MORENA
,10,DURANGO,,,37,TLAHUALILO,,,REG_RP,PVEM_PT_MORENA_RSPD,,ALEJANDRO SARABIA FLORES,1,,MORENA
,10,DURANGO,,,37,TLAHUALILO,,,REG_RP,PVEM_PT_MORENA_RSPD,,LETICIA RIVAS RUIZ,2,,MORENA
,10,DURANGO,,,37,TLAHUALILO,,,REG_RP,PVEM_PT_MORENA_RSPD,,EBER AZAHEL MACÍAS LUNA,1,,MORENA
,10,DURANGO,,,37,TLAHUALILO,,,REG_RP,PVEM_PT_MORENA_RSPD,,VERONICA ORTEGA ROBLES,2,,MORENA
,10,DURANGO,,,37,TLAHUALILO,,,REG_RP,PRI,,BRIANDA NALLELY RODRÍGUEZ CONTRERAS,2,,PRI
,10,DURANGO,,,37,TLAHUALILO,,,REG_RP,PRI,,ROBERTO PÉREZ LÓPEZ,1,,PRI
,10,DURANGO,,,37,TLAHUALILO,,,REG_RP,PRI,,NAIDELYN HANANI MASCORRO TRUJILLO,2,,PRI
,10,DURANGO,,,37,TLAHUALILO,,,REG_RP,PAN,,JOSÉ MARÍA GUANGORENA GALLEGOS,1,,PAN
,10,DURANGO,,,37,TLAHUALILO,,,REG_RP,PAN,,MARÍA GUADALUPE FIERRO GONZÁLEZ,2,,PAN
,10,DURANGO,,,38,TOPIA,,,PRES_MUN,PVEM_PT_MORENA_RSPD,,MIRNA YUNELI ROBLES VIZCARRA,2,,MORENA
,10,DURANGO,,,38,TOPIA,,,SIND,PVEM_PT_MORENA_RSPD,,JUAN ANTONIO ESPINO CRUZ,1,,PVEM
,10,DURANGO,,,38,TOPIA,,,REG_RP,PVEM_PT_MORENA_RSPD,,ARACELI PÉREZ AGUILERA,2,,MORENA
,10,DURANGO,,,38,TOPIA,,,REG_RP,PVEM_PT_MORENA_RSPD,,LUIS GUILLERMO ANGULO TORRES,1,,MORENA
,10,DURANGO,,,38,TOPIA,,,REG_RP,PVEM_PT_MORENA_RSPD,,DIANA CECILIA MERCADO RINCÓN,2,,MORENA
,10,DURANGO,,,38,TOPIA,,,REG_RP,PVEM_PT_MORENA_RSPD,,MARGARITA TORRES ANGULO,2,,MORENA
,10,DURANGO,,,38,TOPIA,,,REG_RP,PAN_PRI_PRD,,JOSÉ LUIS ANGULO RÍOS,1,,PAN
,10,DURANGO,,,38,TOPIA,,,REG_RP,PAN_PRI_PRD,,CARMEN FELÍCITAS CABRERA CARRERA,2,,PAN
,10,DURANGO,,,38,TOPIA,,,REG_RP,PAN_PRI_PRD,,REGINALDO ORTEGA FÉLIX,1,,PRI
,10,DURANGO,,,39,VICENTE GUERRERO,,,PRES_MUN,PVEM_PT_MORENA_RSPD,,JUANA ACEVEDO IBARRA,2,,PVEM
,10,DURANGO,,,39,VICENTE GUERRERO,,,SIND,PVEM_PT_MORENA_RSPD,,FLORENTINO NEVÁREZ GARCÍA,1,,MORENA
,10,DURANGO,,,39,VICENTE GUERRERO,,,REG_RP,PAN_PRI_PRD,,CÉSAR SALAS ORTIZ,1,,PAN
,10,DURANGO,,,39,VICENTE GUERRERO,,,REG_RP,PAN_PRI_PRD,,KARINA NAELA ESPARZA HERNÁNDEZ,2,,PAN
,10,DURANGO,,,39,VICENTE GUERRERO,,,REG_RP,PAN_PRI_PRD,,JAVIER SERRANO JIMÉNEZ,1,,PAN
,10,DURANGO,,,39,VICENTE GUERRERO,,,REG_RP,PAN_PRI_PRD,,OSCAR REYNALDO GÓMEZ RUEDA,1,,PAN
,10,DURANGO,,,39,VICENTE GUERRERO,,,REG_RP,PVEM_PT_MORENA_RSPD,,PABLO GARCÍA CALZADA,1,,MORENA
,10,DURANGO,,,39,VICENTE GUERRERO,,,REG_RP,PVEM_PT_MORENA_RSPD,,ANEL CECILIA MIER PÉREZ,2,,MORENA
,10,DURANGO,,,39,VICENTE GUERRERO,,,REG_RP,PVEM_PT_MORENA_RSPD,,ALMA DELIA VARGAS RÍOS,2,,PT
,10,DURANGO,,,39,VICENTE GUERRERO,,,REG_RP,PAN_PRI_PRD,,MA. ALEJANDRA GARCÍA CALZADA,2,,PRI
,10,DURANGO,,,39,VICENTE GUERRERO,,,REG_RP,PVEM_PT_MORENA_RSPD,,KARLA BEATRIZ GARCÍA AMADOR,2,,PVEM
