CIRCUNSCRIPCION,ID_ESTADO,NOMBRE_ESTADO,ID_DISTRITO,CABECERA_DISTRITAL,ID_MUNICIPIO,MUNICIPIO,SECCION,CASILLA,PAN,PRI,PPS,PRD,PFCRN,PARM,UNO_PDM,PT,PVEM,NUM_VOTOS_CAN_NREG,NUM_VOTOS_NULOS,TOTAL_VOTOS,ESTATUS_ACTA
1,21,PUEBLA,4,Atlixco,5,ACTEOPAN,61,B,4,40,0,6,1,2,0,6,0,0,1,60,
1,21,PUEBLA,4,Atlixco,5,ACTEOPAN,61,C,1,38,0,0,1,1,0,2,0,0,1,44,
1,21,PUEBLA,4,Atlixco,5,ACTEOPAN,62,B,1,48,0,7,1,2,0,10,0,0,2,71,
1,21,PUEBLA,4,Atlixco,5,ACTEOPAN,63,B,2,15,0,0,0,0,0,12,4,0,1,34,
1,21,PUEBLA,4,Atlixco,5,ACTEOPAN,63,E,3,32,0,2,1,4,2,18,0,0,1,63,
1,21,PUEBLA,4,Atlixco,19,ATLIXCO,154,B,153,48,1,42,1,1,0,1,0,0,5,252,
1,21,PUEBLA,4,Atlixco,19,ATLIXCO,154,C,145,65,1,63,0,2,1,5,1,0,6,289,
1,21,PUEBLA,4,Atlixco,19,ATLIXCO,155,B,102,19,0,8,0,0,0,1,0,0,1,131,
1,21,PUEBLA,4,Atlixco,19,ATLIXCO,156,B,63,11,0,4,2,0,0,0,0,0,5,85,
1,21,PUEBLA,4,Atlixco,19,ATLIXCO,157,B,195,49,0,41,1,3,0,0,1,0,5,295,
1,21,PUEBLA,4,Atlixco,19,ATLIXCO,158,B,158,133,1,28,0,1,0,3,6,0,25,355,
1,21,PUEBLA,4,Atlixco,19,ATLIXCO,159,B,298,73,5,69,2,2,2,2,2,0,12,467,
1,21,PUEBLA,4,Atlixco,19,ATLIXCO,160,B,163,60,0,20,0,2,2,2,3,0,11,263,
1,21,PUEBLA,4,Atlixco,19,ATLIXCO,160,C,158,60,0,19,0,0,0,1,3,0,10,251,
1,21,PUEBLA,4,Atlixco,19,ATLIXCO,161,B,205,42,0,16,0,1,0,2,1,0,5,272,
1,21,PUEBLA,4,Atlixco,19,ATLIXCO,161,C,185,62,1,19,2,2,0,1,3,0,8,283,
1,21,PUEBLA,4,Atlixco,19,ATLIXCO,162,B,215,74,0,21,0,0,0,0,5,0,6,321,
1,21,PUEBLA,4,Atlixco,19,ATLIXCO,162,C,206,74,0,12,0,1,1,1,5,0,16,316,
1,21,PUEBLA,4,Atlixco,19,ATLIXCO,163,B,180,88,2,28,0,2,0,2,2,0,23,327,
1,21,PUEBLA,4,Atlixco,19,ATLIXCO,163,C,198,87,0,27,1,0,1,1,3,0,15,333,
1,21,PUEBLA,4,Atlixco,19,ATLIXCO,164,B,188,67,1,27,1,1,2,5,3,0,13,308,
1,21,PUEBLA,4,Atlixco,19,ATLIXCO,164,C,179,75,2,20,1,1,1,2,3,0,17,301,
1,21,PUEBLA,4,Atlixco,19,ATLIXCO,165,B,217,71,0,26,0,2,0,2,2,0,19,339,
1,21,PUEBLA,4,Atlixco,19,ATLIXCO,165,C,178,89,3,34,0,0,1,1,9,0,13,328,
1,21,PUEBLA,4,Atlixco,19,ATLIXCO,166,B,203,49,2,24,2,0,1,2,1,0,19,303,
1,21,PUEBLA,4,Atlixco,19,ATLIXCO,166,C,190,50,1,28,1,1,1,2,1,0,54,329,
1,21,PUEBLA,4,Atlixco,19,ATLIXCO,167,B,208,47,4,23,4,3,0,0,1,0,6,296,
1,21,PUEBLA,4,Atlixco,19,ATLIXCO,167,C,191,54,0,26,1,0,0,1,3,0,13,289,
1,21,PUEBLA,4,Atlixco,19,ATLIXCO,168,B,230,83,2,30,1,2,1,4,4,0,16,373,
1,21,PUEBLA,4,Atlixco,19,ATLIXCO,168,C,207,91,0,24,0,3,2,1,2,0,15,345,
1,21,PUEBLA,4,Atlixco,19,ATLIXCO,169,B,58,55,0,12,0,0,1,2,3,0,7,138,
1,21,PUEBLA,4,Atlixco,19,ATLIXCO,169,C,56,61,0,16,0,0,0,0,3,0,2,138,
1,21,PUEBLA,4,Atlixco,19,ATLIXCO,169,E,154,59,1,19,1,0,0,4,3,0,9,250,
1,21,PUEBLA,4,Atlixco,19,ATLIXCO,170,B,102,53,2,20,1,0,3,2,2,0,9,194,
1,21,PUEBLA,4,Atlixco,19,ATLIXCO,170,C,113,54,2,22,1,1,3,1,0,0,12,209,
1,21,PUEBLA,4,Atlixco,19,ATLIXCO,171,B,140,34,0,46,1,2,0,2,1,0,11,237,
1,21,PUEBLA,4,Atlixco,19,ATLIXCO,172,B,69,16,0,12,0,1,0,0,0,0,2,100,
1,21,PUEBLA,4,Atlixco,19,ATLIXCO,173,B,108,89,0,30,2,2,0,7,1,0,9,248,
1,21,PUEBLA,4,Atlixco,19,ATLIXCO,174,B,80,85,0,37,1,0,0,1,0,0,7,211,
1,21,PUEBLA,4,Atlixco,19,ATLIXCO,174,C,98,70,0,35,1,0,0,3,0,5,12,224,
1,21,PUEBLA,4,Atlixco,19,ATLIXCO,175,B,141,106,3,64,2,0,0,4,2,1,14,337,
1,21,PUEBLA,4,Atlixco,19,ATLIXCO,176,B,227,102,2,43,1,0,0,1,3,0,18,397,
1,21,PUEBLA,4,Atlixco,19,ATLIXCO,177,B,233,72,3,56,3,0,0,3,2,0,9,381,
1,21,PUEBLA,4,Atlixco,19,ATLIXCO,177,C,250,75,2,45,2,1,1,2,3,0,8,389,
1,21,PUEBLA,4,Atlixco,19,ATLIXCO,178,B,187,39,2,37,0,1,0,6,2,0,11,285,
1,21,PUEBLA,4,Atlixco,19,ATLIXCO,178,C,195,59,1,24,5,1,0,1,4,0,9,299,
1,21,PUEBLA,4,Atlixco,19,ATLIXCO,179,B,305,69,1,33,0,2,0,3,2,1,13,429,
1,21,PUEBLA,4,Atlixco,19,ATLIXCO,180,B,302,70,0,38,0,2,1,2,6,0,0,421,
1,21,PUEBLA,4,Atlixco,19,ATLIXCO,181,B,190,53,2,31,0,0,0,3,0,0,8,287,
1,21,PUEBLA,4,Atlixco,19,ATLIXCO,182,B,197,54,1,23,0,0,1,6,2,0,5,289,
1,21,PUEBLA,4,Atlixco,19,ATLIXCO,183,B,210,45,2,22,0,0,0,1,2,0,4,286,
1,21,PUEBLA,4,Atlixco,19,ATLIXCO,184,B,274,33,0,28,1,1,0,0,7,0,3,347,
1,21,PUEBLA,4,Atlixco,19,ATLIXCO,185,B,190,79,3,37,0,1,1,1,3,0,18,333,
1,21,PUEBLA,4,Atlixco,19,ATLIXCO,185,C,203,65,3,37,0,2,0,1,3,0,11,325,
1,21,PUEBLA,4,Atlixco,19,ATLIXCO,186,B,161,53,0,65,2,1,0,2,1,0,11,296,
1,21,PUEBLA,4,Atlixco,19,ATLIXCO,186,C,182,36,0,52,1,0,0,7,3,0,14,295,
1,21,PUEBLA,4,Atlixco,19,ATLIXCO,187,B,215,144,2,26,0,0,0,4,1,0,19,411,
1,21,PUEBLA,4,Atlixco,19,ATLIXCO,188,B,187,43,0,33,0,1,0,3,3,0,4,274,
1,21,PUEBLA,4,Atlixco,19,ATLIXCO,188,C,190,45,1,38,1,0,0,0,3,2,7,287,
1,21,PUEBLA,4,Atlixco,19,ATLIXCO,189,B,226,49,1,33,2,2,1,2,1,0,4,321,
1,21,PUEBLA,4,Atlixco,19,ATLIXCO,189,C,223,49,0,23,0,1,0,0,4,0,7,307,
1,21,PUEBLA,4,Atlixco,19,ATLIXCO,190,B,151,72,0,33,0,0,0,0,3,0,10,269,
1,21,PUEBLA,4,Atlixco,19,ATLIXCO,190,C,154,67,0,23,0,1,1,1,5,0,7,259,
1,21,PUEBLA,4,Atlixco,19,ATLIXCO,191,B,168,64,2,24,0,3,0,3,2,0,8,274,
1,21,PUEBLA,4,Atlixco,19,ATLIXCO,191,C,170,76,2,25,0,1,0,5,1,0,13,293,
1,21,PUEBLA,4,Atlixco,19,ATLIXCO,192,B,252,68,2,36,1,2,3,6,5,0,19,394,
1,21,PUEBLA,4,Atlixco,19,ATLIXCO,193,B,245,74,0,31,0,1,0,1,3,0,7,362,
1,21,PUEBLA,4,Atlixco,19,ATLIXCO,193,C,234,61,2,40,0,3,0,1,1,0,11,353,
1,21,PUEBLA,4,Atlixco,19,ATLIXCO,194,B,183,86,1,32,1,3,1,5,2,0,19,333,
1,21,PUEBLA,4,Atlixco,19,ATLIXCO,195,B,52,19,0,19,0,0,0,2,2,0,0,94,
1,21,PUEBLA,4,Atlixco,19,ATLIXCO,196,B,259,67,2,39,1,0,0,3,3,0,7,381,
1,21,PUEBLA,4,Atlixco,19,ATLIXCO,197,B,201,60,3,56,0,0,0,0,7,0,3,330,
1,21,PUEBLA,4,Atlixco,19,ATLIXCO,197,C,215,57,1,49,1,1,0,2,1,0,6,333,
1,21,PUEBLA,4,Atlixco,19,ATLIXCO,198,B,168,58,1,25,0,1,1,1,0,0,9,264,
1,21,PUEBLA,4,Atlixco,19,ATLIXCO,198,C,166,55,0,31,1,1,2,0,2,0,14,272,
1,21,PUEBLA,4,Atlixco,19,ATLIXCO,199,B,122,67,0,25,0,3,0,2,0,0,17,236,
1,21,PUEBLA,4,Atlixco,19,ATLIXCO,199,C,119,55,2,38,2,2,0,3,0,0,0,221,
1,21,PUEBLA,4,Atlixco,19,ATLIXCO,200,B,57,68,0,18,0,1,0,4,4,0,9,161,
1,21,PUEBLA,4,Atlixco,19,ATLIXCO,201,B,90,72,0,30,0,1,0,2,3,0,6,204,
1,21,PUEBLA,4,Atlixco,19,ATLIXCO,201,C,97,42,2,28,0,2,0,3,0,0,9,183,
1,21,PUEBLA,4,Atlixco,19,ATLIXCO,202,B,80,115,0,49,0,1,0,5,1,0,6,257,
1,21,PUEBLA,4,Atlixco,19,ATLIXCO,203,B,36,79,0,28,1,0,0,3,1,0,9,157,
1,21,PUEBLA,4,Atlixco,19,ATLIXCO,204,B,15,59,1,63,0,0,0,0,0,0,5,143,
1,21,PUEBLA,4,Atlixco,19,ATLIXCO,205,B,7,79,0,4,0,0,0,1,0,0,7,98,
1,21,PUEBLA,4,Atlixco,19,ATLIXCO,205,C,6,62,0,3,0,2,0,0,0,0,10,83,
1,21,PUEBLA,4,Atlixco,19,ATLIXCO,206,B,4,115,0,47,0,2,0,1,0,0,10,179,
1,21,PUEBLA,4,Atlixco,19,ATLIXCO,207,B,21,91,0,25,1,0,1,2,0,0,4,145,
1,21,PUEBLA,4,Atlixco,19,ATLIXCO,207,C,29,80,1,26,0,0,2,1,0,0,18,157,
1,21,PUEBLA,4,Atlixco,19,ATLIXCO,207,E,17,99,1,37,1,3,1,2,1,0,5,167,
1,21,PUEBLA,4,Atlixco,19,ATLIXCO,208,B,113,63,2,30,0,2,0,3,0,0,9,222,
1,21,PUEBLA,4,Atlixco,19,ATLIXCO,208,C,122,59,0,18,1,2,0,3,1,0,14,220,
1,21,PUEBLA,4,Atlixco,19,ATLIXCO,209,B,93,94,0,38,1,1,1,1,2,0,51,282,
1,21,PUEBLA,4,Atlixco,19,ATLIXCO,210,B,25,82,2,22,0,2,0,3,0,0,12,148,
1,21,PUEBLA,4,Atlixco,19,ATLIXCO,211,B,20,150,0,8,0,1,0,1,0,0,8,188,
1,21,PUEBLA,4,Atlixco,19,ATLIXCO,212,B,28,116,0,57,0,1,1,5,0,0,10,218,
1,21,PUEBLA,4,Atlixco,19,ATLIXCO,212,C,26,118,0,52,2,2,1,4,1,0,28,234,
1,21,PUEBLA,4,Atlixco,19,ATLIXCO,213,B,39,94,0,24,1,3,0,1,0,0,24,186,
1,21,PUEBLA,4,Atlixco,19,ATLIXCO,213,C,29,114,1,21,0,3,0,5,1,0,0,174,
1,21,PUEBLA,4,Atlixco,19,ATLIXCO,214,B,55,63,0,43,2,4,2,2,0,0,12,183,
1,21,PUEBLA,4,Atlixco,19,ATLIXCO,214,C,40,83,1,29,0,2,0,7,2,0,7,171,
1,21,PUEBLA,4,Atlixco,19,ATLIXCO,215,B,35,52,2,32,0,0,0,2,0,0,6,129,
1,21,PUEBLA,4,Atlixco,19,ATLIXCO,215,C,70,57,0,19,2,1,1,1,1,0,0,152,
1,21,PUEBLA,4,Atlixco,19,ATLIXCO,216,B,33,58,1,22,0,1,0,3,0,0,19,137,
1,21,PUEBLA,4,Atlixco,19,ATLIXCO,216,C,47,61,1,25,2,2,0,4,3,0,13,158,
1,21,PUEBLA,4,Atlixco,19,ATLIXCO,217,B,192,85,8,66,4,3,0,22,2,0,32,414,
1,21,PUEBLA,4,Atlixco,19,ATLIXCO,218,B,20,94,1,79,0,0,0,4,0,0,17,215,
1,21,PUEBLA,4,Atlixco,19,ATLIXCO,219,B,41,75,1,45,0,2,0,4,1,0,11,180,
1,21,PUEBLA,4,Atlixco,19,ATLIXCO,219,C,32,95,0,20,0,4,1,2,2,0,33,189,
1,21,PUEBLA,4,Atlixco,19,ATLIXCO,220,B,60,158,1,5,0,1,12,0,2,0,7,246,
1,21,PUEBLA,4,Atlixco,19,ATLIXCO,221,B,11,81,1,25,1,1,1,5,0,0,12,138,
1,21,PUEBLA,4,Atlixco,22,ATZITZIHUACAN,225,B,37,147,2,16,0,0,0,1,0,0,7,210,
1,21,PUEBLA,4,Atlixco,22,ATZITZIHUACAN,226,B,2,33,0,141,0,0,0,0,0,0,1,177,
1,21,PUEBLA,4,Atlixco,22,ATZITZIHUACAN,226,C,1,30,2,114,1,0,0,1,1,0,5,155,
1,21,PUEBLA,4,Atlixco,22,ATZITZIHUACAN,227,B,9,136,0,86,1,0,1,0,1,0,4,238,
1,21,PUEBLA,4,Atlixco,22,ATZITZIHUACAN,228,B,8,96,0,81,0,0,0,3,0,0,12,200,
1,21,PUEBLA,4,Atlixco,22,ATZITZIHUACAN,229,B,8,93,2,84,5,2,1,2,0,0,9,206,
1,21,PUEBLA,4,Atlixco,22,ATZITZIHUACAN,230,B,2,59,0,35,0,0,0,2,0,0,2,100,
1,21,PUEBLA,4,Atlixco,22,ATZITZIHUACAN,231,B,9,41,0,113,15,2,0,3,0,0,7,190,
1,21,PUEBLA,4,Atlixco,22,ATZITZIHUACAN,232,B,3,114,0,43,0,1,0,0,0,0,5,166,
1,21,PUEBLA,4,Atlixco,22,ATZITZIHUACAN,233,B,5,51,4,45,0,1,1,5,3,0,5,120,
1,21,PUEBLA,4,Atlixco,26,CALPAN,245,B,101,42,0,1,0,1,0,1,0,0,5,151,
1,21,PUEBLA,4,Atlixco,26,CALPAN,246,B,85,53,0,3,1,0,0,2,3,0,5,152,
1,21,PUEBLA,4,Atlixco,26,CALPAN,246,C,99,51,0,4,0,0,0,2,2,0,7,165,
1,21,PUEBLA,4,Atlixco,26,CALPAN,247,B,62,47,0,5,0,0,0,0,1,0,2,117,
1,21,PUEBLA,4,Atlixco,26,CALPAN,247,C,67,42,0,12,0,0,0,2,1,0,4,128,
1,21,PUEBLA,4,Atlixco,26,CALPAN,248,B,40,95,0,5,0,1,1,3,6,0,12,163,
1,21,PUEBLA,4,Atlixco,26,CALPAN,248,C,50,95,1,2,0,0,1,4,1,0,21,175,
1,21,PUEBLA,4,Atlixco,26,CALPAN,249,B,12,121,0,7,0,0,0,1,0,0,11,152,
1,21,PUEBLA,4,Atlixco,26,CALPAN,250,B,9,78,0,17,0,1,0,2,0,0,0,107,
1,21,PUEBLA,4,Atlixco,26,CALPAN,251,B,27,76,0,10,1,0,0,1,0,0,17,132,
1,21,PUEBLA,4,Atlixco,26,CALPAN,252,B,16,56,0,9,0,0,0,1,0,0,4,86,
1,21,PUEBLA,4,Atlixco,33,COHUECAN,279,B,6,25,0,3,0,0,0,0,0,0,1,35,
1,21,PUEBLA,4,Atlixco,33,COHUECAN,279,C,6,17,0,2,0,1,0,0,0,0,2,28,
1,21,PUEBLA,4,Atlixco,33,COHUECAN,280,B,0,11,1,32,0,1,0,6,0,0,6,57,
1,21,PUEBLA,4,Atlixco,33,COHUECAN,280,C,1,5,0,41,2,1,0,2,0,0,3,55,
1,21,PUEBLA,4,Atlixco,33,COHUECAN,280,E,8,101,0,31,2,2,1,5,1,0,4,155,
1,21,PUEBLA,4,Atlixco,33,COHUECAN,281,B,8,65,1,1,1,1,0,5,0,0,4,86,
1,21,PUEBLA,4,Atlixco,69,HUAQUECHULA,569,B,15,73,0,58,0,1,0,0,1,0,5,153,
1,21,PUEBLA,4,Atlixco,69,HUAQUECHULA,569,C,2,85,0,50,0,0,0,3,0,0,5,145,
1,21,PUEBLA,4,Atlixco,69,HUAQUECHULA,569,E,6,62,0,2,0,0,0,3,0,0,3,76,
1,21,PUEBLA,4,Atlixco,69,HUAQUECHULA,570,B,16,104,1,83,1,0,1,0,0,0,0,206,
1,21,PUEBLA,4,Atlixco,69,HUAQUECHULA,571,B,13,91,1,25,0,2,0,2,0,0,3,137,
1,21,PUEBLA,4,Atlixco,69,HUAQUECHULA,572,B,28,126,0,29,0,2,1,2,0,0,6,194,
1,21,PUEBLA,4,Atlixco,69,HUAQUECHULA,573,B,41,45,0,33,0,0,0,0,2,0,5,126,
1,21,PUEBLA,4,Atlixco,69,HUAQUECHULA,574,B,38,95,0,43,0,3,0,4,0,0,19,202,
1,21,PUEBLA,4,Atlixco,69,HUAQUECHULA,574,C,31,93,1,49,0,8,1,1,0,0,28,212,
1,21,PUEBLA,4,Atlixco,69,HUAQUECHULA,575,B,46,114,0,100,0,1,0,6,1,0,16,284,
1,21,PUEBLA,4,Atlixco,69,HUAQUECHULA,576,B,74,91,1,68,0,0,0,4,0,0,9,247,
1,21,PUEBLA,4,Atlixco,69,HUAQUECHULA,577,B,19,75,0,9,0,2,1,3,0,0,4,113,
1,21,PUEBLA,4,Atlixco,69,HUAQUECHULA,577,E,32,65,0,11,1,1,0,32,3,0,6,151,
1,21,PUEBLA,4,Atlixco,69,HUAQUECHULA,578,B,32,160,2,151,0,2,0,1,2,2,15,367,
1,21,PUEBLA,4,Atlixco,69,HUAQUECHULA,579,B,18,55,3,22,1,0,1,1,1,0,13,115,
1,21,PUEBLA,4,Atlixco,69,HUAQUECHULA,579,C,12,53,1,10,0,1,1,1,1,0,20,100,
1,21,PUEBLA,4,Atlixco,69,HUAQUECHULA,580,B,24,105,0,73,1,4,1,1,0,0,13,222,
1,21,PUEBLA,4,Atlixco,69,HUAQUECHULA,581,B,6,111,0,1,0,0,1,7,1,0,18,145,
1,21,PUEBLA,4,Atlixco,69,HUAQUECHULA,582,B,9,59,0,4,1,0,1,0,1,0,7,82,
1,21,PUEBLA,4,Atlixco,69,HUAQUECHULA,583,B,48,95,1,24,1,0,1,3,3,0,10,186,
1,21,PUEBLA,4,Atlixco,69,HUAQUECHULA,584,B,2,29,0,17,1,2,0,1,0,0,5,57,
1,21,PUEBLA,4,Atlixco,69,HUAQUECHULA,585,B,10,43,1,33,1,1,0,2,1,1,20,113,
1,21,PUEBLA,4,Atlixco,69,HUAQUECHULA,585,C,9,81,1,35,0,1,0,5,1,0,8,141,
1,21,PUEBLA,4,Atlixco,69,HUAQUECHULA,586,B,7,111,13,13,0,0,0,0,0,0,19,163,
1,21,PUEBLA,4,Atlixco,69,HUAQUECHULA,587,B,9,74,0,8,0,4,1,0,0,0,3,99,
1,21,PUEBLA,4,Atlixco,90,JUAN C. BONILLA,786,B,54,21,0,18,0,2,0,1,1,0,3,100,
1,21,PUEBLA,4,Atlixco,90,JUAN C. BONILLA,786,C,39,19,1,9,0,0,0,3,1,0,2,74,
1,21,PUEBLA,4,Atlixco,90,JUAN C. BONILLA,787,B,21,40,4,52,0,0,0,3,0,0,2,122,
1,21,PUEBLA,4,Atlixco,90,JUAN C. BONILLA,788,B,3,38,5,11,0,0,0,1,0,0,2,60,
1,21,PUEBLA,4,Atlixco,90,JUAN C. BONILLA,788,C,6,44,4,23,0,2,0,0,0,0,3,82,
1,21,PUEBLA,4,Atlixco,90,JUAN C. BONILLA,789,B,9,19,1,5,0,1,0,0,0,0,0,35,
1,21,PUEBLA,4,Atlixco,90,JUAN C. BONILLA,789,C,10,15,0,12,0,0,0,1,0,0,1,39,
1,21,PUEBLA,4,Atlixco,90,JUAN C. BONILLA,790,B,21,21,1,25,0,0,0,1,0,0,0,69,
1,21,PUEBLA,4,Atlixco,90,JUAN C. BONILLA,790,C,19,18,3,23,0,1,0,0,0,1,2,67,
1,21,PUEBLA,4,Atlixco,90,JUAN C. BONILLA,790,E,11,24,2,10,1,0,0,1,1,0,0,50,
1,21,PUEBLA,4,Atlixco,90,JUAN C. BONILLA,791,B,21,24,0,13,1,0,0,0,3,0,0,62,
1,21,PUEBLA,4,Atlixco,90,JUAN C. BONILLA,791,C,27,25,3,8,1,1,2,1,0,0,1,69,
1,21,PUEBLA,4,Atlixco,102,NEALTICAN,838,B,71,58,0,10,33,0,0,2,1,0,1,176,
1,21,PUEBLA,4,Atlixco,102,NEALTICAN,838,C,57,57,0,12,18,2,0,2,1,0,3,152,
1,21,PUEBLA,4,Atlixco,102,NEALTICAN,839,B,83,43,1,44,49,3,0,1,1,0,5,230,
1,21,PUEBLA,4,Atlixco,102,NEALTICAN,840,B,72,29,1,23,12,0,0,0,0,0,3,140,
1,21,PUEBLA,4,Atlixco,102,NEALTICAN,840,C,67,30,3,21,14,2,1,0,5,1,5,149,
1,21,PUEBLA,4,Atlixco,102,NEALTICAN,841,B,104,49,6,26,19,1,2,2,0,0,3,212,
1,21,PUEBLA,4,Atlixco,102,NEALTICAN,841,C,80,52,3,21,16,0,0,1,1,0,3,177,
1,21,PUEBLA,4,Atlixco,106,OCOYUCAN,857,B,2,6,0,3,1,0,0,0,0,0,0,12,
1,21,PUEBLA,4,Atlixco,106,OCOYUCAN,857,C,6,12,0,10,1,0,0,0,0,0,1,30,
1,21,PUEBLA,4,Atlixco,106,OCOYUCAN,858,B,15,27,0,19,1,0,0,0,0,0,2,64,
1,21,PUEBLA,4,Atlixco,106,OCOYUCAN,859,B,21,24,0,9,0,1,0,0,0,0,3,58,
1,21,PUEBLA,4,Atlixco,106,OCOYUCAN,859,C,25,11,0,8,1,0,0,0,0,0,1,46,
1,21,PUEBLA,4,Atlixco,106,OCOYUCAN,860,B,29,27,1,46,0,0,0,0,1,0,6,110,
1,21,PUEBLA,4,Atlixco,106,OCOYUCAN,861,B,13,42,0,12,1,2,0,0,0,0,1,71,
1,21,PUEBLA,4,Atlixco,106,OCOYUCAN,862,B,18,25,0,23,1,1,0,1,1,0,1,71,
1,21,PUEBLA,4,Atlixco,106,OCOYUCAN,863,B,3,14,0,0,0,0,0,0,2,0,0,19,
1,21,PUEBLA,4,Atlixco,106,OCOYUCAN,864,B,5,75,1,17,2,1,0,1,0,0,2,104,
1,21,PUEBLA,4,Atlixco,106,OCOYUCAN,865,B,13,44,0,17,1,2,0,2,0,0,2,81,
1,21,PUEBLA,4,Atlixco,106,OCOYUCAN,866,B,26,71,0,16,0,2,1,2,1,0,8,127,
1,21,PUEBLA,4,Atlixco,119,SAN ANDRES CHOLULA,1651,B,17,37,0,8,2,0,0,0,2,0,4,70,
1,21,PUEBLA,4,Atlixco,119,SAN ANDRES CHOLULA,1651,C,24,29,0,9,1,0,1,0,0,0,3,67,
1,21,PUEBLA,4,Atlixco,119,SAN ANDRES CHOLULA,1652,B,17,13,0,8,0,0,0,0,1,0,0,39,
1,21,PUEBLA,4,Atlixco,119,SAN ANDRES CHOLULA,1652,C,13,14,0,12,1,0,0,0,2,0,1,43,
1,21,PUEBLA,4,Atlixco,119,SAN ANDRES CHOLULA,1652,E,15,33,1,19,2,0,0,0,0,0,2,72,
1,21,PUEBLA,4,Atlixco,119,SAN ANDRES CHOLULA,1653,B,15,20,0,20,0,0,0,0,0,0,3,58,
1,21,PUEBLA,4,Atlixco,119,SAN ANDRES CHOLULA,1653,C,17,8,0,12,0,1,0,0,0,0,3,41,
1,21,PUEBLA,4,Atlixco,119,SAN ANDRES CHOLULA,1654,B,27,29,0,9,0,0,0,0,3,0,2,70,
1,21,PUEBLA,4,Atlixco,119,SAN ANDRES CHOLULA,1654,C,34,17,0,14,0,0,0,0,0,0,1,66,
1,21,PUEBLA,4,Atlixco,119,SAN ANDRES CHOLULA,1655,B,13,24,0,8,0,1,0,0,0,0,3,49,
1,21,PUEBLA,4,Atlixco,119,SAN ANDRES CHOLULA,1655,C,9,9,0,8,0,0,0,0,1,0,1,28,
1,21,PUEBLA,4,Atlixco,119,SAN ANDRES CHOLULA,1656,B,7,14,0,10,0,1,0,0,0,0,0,32,
1,21,PUEBLA,4,Atlixco,119,SAN ANDRES CHOLULA,1657,B,27,20,0,10,0,0,0,0,0,0,2,59,
1,21,PUEBLA,4,Atlixco,119,SAN ANDRES CHOLULA,1657,C,11,11,0,9,0,0,0,0,0,0,1,32,
1,21,PUEBLA,4,Atlixco,119,SAN ANDRES CHOLULA,1658,B,11,16,0,11,0,0,0,0,0,0,1,39,
1,21,PUEBLA,4,Atlixco,119,SAN ANDRES CHOLULA,1658,C,26,13,0,4,0,0,0,2,0,0,2,47,
1,21,PUEBLA,4,Atlixco,119,SAN ANDRES CHOLULA,1659,B,19,25,0,4,0,0,0,0,3,0,0,51,
1,21,PUEBLA,4,Atlixco,119,SAN ANDRES CHOLULA,1659,C,21,13,2,2,0,0,0,0,1,0,0,39,
1,21,PUEBLA,4,Atlixco,119,SAN ANDRES CHOLULA,1660,B,17,13,0,5,0,0,0,0,0,0,0,35,
1,21,PUEBLA,4,Atlixco,119,SAN ANDRES CHOLULA,1660,C,14,13,0,11,0,0,0,0,0,0,1,39,
1,21,PUEBLA,4,Atlixco,119,SAN ANDRES CHOLULA,1661,B,15,12,0,1,0,0,0,0,0,0,1,29,
1,21,PUEBLA,4,Atlixco,119,SAN ANDRES CHOLULA,1661,C,20,14,0,9,0,0,0,1,1,0,3,48,
1,21,PUEBLA,4,Atlixco,119,SAN ANDRES CHOLULA,1662,B,28,14,2,17,0,0,0,0,3,0,3,67,
1,21,PUEBLA,4,Atlixco,119,SAN ANDRES CHOLULA,1663,B,17,25,2,19,0,1,0,1,0,0,5,70,
1,21,PUEBLA,4,Atlixco,119,SAN ANDRES CHOLULA,1663,C,18,26,1,18,1,0,0,1,2,0,0,67,
1,21,PUEBLA,4,Atlixco,119,SAN ANDRES CHOLULA,1663,C2,24,25,0,18,0,1,0,0,0,0,2,70,
1,21,PUEBLA,4,Atlixco,119,SAN ANDRES CHOLULA,1664,B,31,27,5,8,0,1,0,0,1,0,1,74,
1,21,PUEBLA,4,Atlixco,119,SAN ANDRES CHOLULA,1664,C,25,23,4,7,0,2,0,1,0,0,2,64,
1,21,PUEBLA,4,Atlixco,119,SAN ANDRES CHOLULA,1665,B,17,27,1,14,1,1,0,0,1,0,6,68,
1,21,PUEBLA,4,Atlixco,119,SAN ANDRES CHOLULA,1665,C,9,27,2,12,0,0,0,0,2,0,10,62,
1,21,PUEBLA,4,Atlixco,119,SAN ANDRES CHOLULA,1666,B,32,21,0,45,0,0,0,1,0,0,1,100,
1,21,PUEBLA,4,Atlixco,119,SAN ANDRES CHOLULA,1667,B,18,29,0,30,0,0,0,0,1,0,2,80,
1,21,PUEBLA,4,Atlixco,119,SAN ANDRES CHOLULA,1667,C,20,5,0,33,1,0,0,1,0,0,1,61,
1,21,PUEBLA,4,Atlixco,119,SAN ANDRES CHOLULA,1668,B,51,16,0,31,0,0,0,1,0,0,1,100,
1,21,PUEBLA,4,Atlixco,119,SAN ANDRES CHOLULA,1668,C,37,15,0,21,0,0,0,1,0,0,3,77,
1,21,PUEBLA,4,Atlixco,119,SAN ANDRES CHOLULA,1669,B,19,12,0,29,0,2,0,1,1,0,0,64,
1,21,PUEBLA,4,Atlixco,119,SAN ANDRES CHOLULA,1669,C,14,4,0,33,0,2,0,0,0,0,1,54,
1,21,PUEBLA,4,Atlixco,119,SAN ANDRES CHOLULA,1670,B,79,24,0,4,1,0,0,0,0,0,2,110,
1,21,PUEBLA,4,Atlixco,119,SAN ANDRES CHOLULA,1671,B,35,22,0,7,0,1,0,2,0,0,0,67,
1,21,PUEBLA,4,Atlixco,119,SAN ANDRES CHOLULA,1671,C,48,11,0,1,0,0,0,0,0,0,3,63,
1,21,PUEBLA,4,Atlixco,125,SAN GREGORIO ATZOMPA,1691,B,30,61,0,6,0,0,0,1,0,3,4,105,
1,21,PUEBLA,4,Atlixco,125,SAN GREGORIO ATZOMPA,1692,B,18,20,0,3,0,0,0,0,0,0,0,41,
1,21,PUEBLA,4,Atlixco,125,SAN GREGORIO ATZOMPA,1692,C,12,28,0,1,0,0,0,0,1,0,0,42,
1,21,PUEBLA,4,Atlixco,125,SAN GREGORIO ATZOMPA,1693,B,114,79,0,2,0,0,0,1,1,0,5,202,
1,21,PUEBLA,4,Atlixco,125,SAN GREGORIO ATZOMPA,1693,C,71,101,1,4,0,0,0,3,2,0,7,189,
1,21,PUEBLA,4,Atlixco,125,SAN GREGORIO ATZOMPA,1694,B,79,63,0,3,0,0,0,1,1,0,4,151,
1,21,PUEBLA,4,Atlixco,125,SAN GREGORIO ATZOMPA,1694,C,79,82,2,0,0,0,0,0,4,0,5,172,
1,21,PUEBLA,4,Atlixco,126,SAN JERONIMO TECUANIPAN,1695,B,33,72,1,12,2,0,0,2,3,1,1,127,
1,21,PUEBLA,4,Atlixco,126,SAN JERONIMO TECUANIPAN,1695,C,34,65,3,19,1,2,0,2,0,0,6,132,
1,21,PUEBLA,4,Atlixco,126,SAN JERONIMO TECUANIPAN,1696,B,11,22,0,13,1,3,0,0,0,0,4,54,
1,21,PUEBLA,4,Atlixco,126,SAN JERONIMO TECUANIPAN,1697,B,13,19,1,10,0,0,0,1,0,0,0,44,
1,21,PUEBLA,4,Atlixco,138,SAN NICOLAS DE LOS RANCHOS,1793,B,11,130,0,54,0,0,0,2,1,0,1,199,
1,21,PUEBLA,4,Atlixco,138,SAN NICOLAS DE LOS RANCHOS,1794,B,2,86,0,83,0,0,0,0,0,0,2,173,
1,21,PUEBLA,4,Atlixco,138,SAN NICOLAS DE LOS RANCHOS,1794,C,4,75,0,70,1,0,0,0,0,0,0,150,
1,21,PUEBLA,4,Atlixco,138,SAN NICOLAS DE LOS RANCHOS,1795,B,1,57,0,63,0,0,0,0,0,0,0,121,
1,21,PUEBLA,4,Atlixco,138,SAN NICOLAS DE LOS RANCHOS,1796,B,6,53,0,84,0,0,0,3,0,0,0,146,
1,21,PUEBLA,4,Atlixco,138,SAN NICOLAS DE LOS RANCHOS,1796,C,7,64,0,65,0,0,0,1,0,0,0,137,
1,21,PUEBLA,4,Atlixco,138,SAN NICOLAS DE LOS RANCHOS,1797,B,6,55,0,86,0,0,0,0,1,0,6,154,
1,21,PUEBLA,4,Atlixco,148,SANTA ISABEL CHOLULA,1877,B,18,54,0,15,0,1,0,9,0,0,2,99,
1,21,PUEBLA,4,Atlixco,148,SANTA ISABEL CHOLULA,1877,C,21,56,0,5,0,0,0,7,1,0,8,98,
1,21,PUEBLA,4,Atlixco,148,SANTA ISABEL CHOLULA,1878,B,28,48,1,20,5,4,0,4,1,0,8,119,
1,21,PUEBLA,4,Atlixco,148,SANTA ISABEL CHOLULA,1879,B,22,41,0,7,0,2,0,3,0,0,4,79,
1,21,PUEBLA,4,Atlixco,148,SANTA ISABEL CHOLULA,1880,B,26,26,1,11,0,0,0,3,0,0,4,71,
1,21,PUEBLA,4,Atlixco,148,SANTA ISABEL CHOLULA,1880,C,20,28,1,19,0,1,1,1,0,0,0,71,
1,21,PUEBLA,4,Atlixco,148,SANTA ISABEL CHOLULA,1881,B,36,39,1,5,0,2,0,1,0,0,4,88,
1,21,PUEBLA,4,Atlixco,148,SANTA ISABEL CHOLULA,1881,C,18,45,0,15,0,2,0,4,1,0,6,91,
1,21,PUEBLA,4,Atlixco,165,TEPEMAXALCO,2082,B,1,69,0,2,0,1,0,0,0,0,5,78,
1,21,PUEBLA,4,Atlixco,165,TEPEMAXALCO,2082,E,5,27,1,19,0,3,0,29,1,0,10,95,
1,21,PUEBLA,4,Atlixco,175,TIANGUISMANALCO,2175,B,32,98,0,24,0,1,0,1,0,0,3,159,
1,21,PUEBLA,4,Atlixco,175,TIANGUISMANALCO,2176,B,45,77,0,37,0,1,0,0,0,0,8,168,
1,21,PUEBLA,4,Atlixco,175,TIANGUISMANALCO,2176,C,56,84,1,29,0,1,0,0,2,0,6,179,
1,21,PUEBLA,4,Atlixco,175,TIANGUISMANALCO,2177,B,33,132,0,65,0,3,0,2,0,0,10,245,
1,21,PUEBLA,4,Atlixco,175,TIANGUISMANALCO,2178,B,33,91,1,13,0,0,0,4,2,0,4,148,
1,21,PUEBLA,4,Atlixco,175,TIANGUISMANALCO,2179,B,23,110,1,5,0,0,0,0,0,0,8,147,
1,21,PUEBLA,4,Atlixco,175,TIANGUISMANALCO,2180,B,58,85,1,25,0,2,0,1,0,0,4,176,
1,21,PUEBLA,4,Atlixco,188,TOCHIMILCO,2299,B,22,212,1,20,0,2,0,2,1,1,30,291,
1,21,PUEBLA,4,Atlixco,188,TOCHIMILCO,2300,B,31,120,0,20,0,1,0,0,1,0,8,181,
1,21,PUEBLA,4,Atlixco,188,TOCHIMILCO,2300,C,28,118,0,34,0,2,1,2,1,0,13,199,
1,21,PUEBLA,4,Atlixco,188,TOCHIMILCO,2301,B,31,87,0,6,0,0,1,1,0,0,7,133,
1,21,PUEBLA,4,Atlixco,188,TOCHIMILCO,2301,C,26,76,1,16,0,0,0,2,0,0,14,135,
1,21,PUEBLA,4,Atlixco,188,TOCHIMILCO,2302,B,3,56,0,106,0,1,0,0,0,0,2,168,
1,21,PUEBLA,4,Atlixco,188,TOCHIMILCO,2302,E,28,94,0,4,0,2,0,0,0,0,1,129,
1,21,PUEBLA,4,Atlixco,188,TOCHIMILCO,2303,B,23,105,0,11,1,0,0,1,0,0,3,144,
1,21,PUEBLA,4,Atlixco,188,TOCHIMILCO,2304,B,12,57,0,68,0,1,0,0,0,0,6,144,
1,21,PUEBLA,4,Atlixco,188,TOCHIMILCO,2305,B,20,117,2,40,0,2,0,2,2,0,11,196,
1,21,PUEBLA,4,Atlixco,188,TOCHIMILCO,2306,B,5,126,0,58,0,0,0,2,1,0,7,199,
1,21,PUEBLA,4,Atlixco,188,TOCHIMILCO,2306,C,3,124,0,53,0,1,0,1,1,1,6,190,
1,21,PUEBLA,4,Atlixco,188,TOCHIMILCO,2307,B,22,50,0,55,0,2,0,0,1,0,3,133,
1,21,PUEBLA,4,Atlixco,188,TOCHIMILCO,2308,B,12,49,0,72,2,2,0,6,0,0,0,143,
1,21,PUEBLA,4,Atlixco,188,TOCHIMILCO,2309,B,19,57,2,15,1,2,1,12,0,0,1,110,
3,30,VERACRUZ,22,San Andrés Tuxtla,15,ANGEL R. CABADA,339,B,1,53,0,73,0,0,0,0,0,0,1,128,
3,30,VERACRUZ,22,San Andrés Tuxtla,15,ANGEL R. CABADA,339,C,5,54,0,79,4,0,0,0,0,0,0,142,
3,30,VERACRUZ,22,San Andrés Tuxtla,15,ANGEL R. CABADA,340,B,11,67,0,49,0,0,0,0,1,0,7,135,
3,30,VERACRUZ,22,San Andrés Tuxtla,15,ANGEL R. CABADA,340,C,7,54,0,67,0,0,0,0,2,0,3,133,
3,30,VERACRUZ,22,San Andrés Tuxtla,15,ANGEL R. CABADA,341,B,4,50,1,33,0,0,0,0,1,0,1,90,
3,30,VERACRUZ,22,San Andrés Tuxtla,15,ANGEL R. CABADA,341,C,7,48,1,36,0,0,0,0,0,0,2,94,
3,30,VERACRUZ,22,San Andrés Tuxtla,15,ANGEL R. CABADA,342,B,6,55,0,32,2,0,0,0,0,0,5,100,
3,30,VERACRUZ,22,San Andrés Tuxtla,15,ANGEL R. CABADA,342,C,8,46,0,43,0,0,0,0,1,0,0,98,
3,30,VERACRUZ,22,San Andrés Tuxtla,15,ANGEL R. CABADA,343,B,3,36,1,71,0,0,0,0,0,0,1,112,
3,30,VERACRUZ,22,San Andrés Tuxtla,15,ANGEL R. CABADA,343,C,3,28,0,59,0,0,0,1,0,0,3,94,
3,30,VERACRUZ,22,San Andrés Tuxtla,15,ANGEL R. CABADA,344,B,2,45,0,82,0,0,0,0,0,0,0,129,
3,30,VERACRUZ,22,San Andrés Tuxtla,15,ANGEL R. CABADA,344,C,2,51,0,86,0,0,0,0,2,0,4,145,
3,30,VERACRUZ,22,San Andrés Tuxtla,15,ANGEL R. CABADA,345,B,6,35,0,35,0,0,0,0,0,0,2,78,
3,30,VERACRUZ,22,San Andrés Tuxtla,15,ANGEL R. CABADA,345,C,2,37,0,36,1,0,0,1,0,0,2,79,
3,30,VERACRUZ,22,San Andrés Tuxtla,15,ANGEL R. CABADA,346,B,4,36,0,63,0,0,0,0,0,0,0,103,
3,30,VERACRUZ,22,San Andrés Tuxtla,15,ANGEL R. CABADA,346,C,2,52,0,72,2,0,0,0,0,0,4,132,
3,30,VERACRUZ,22,San Andrés Tuxtla,15,ANGEL R. CABADA,347,B,2,41,0,38,0,5,0,1,0,0,2,89,
3,30,VERACRUZ,22,San Andrés Tuxtla,15,ANGEL R. CABADA,348,B,1,102,0,89,1,0,0,0,0,0,7,200,
3,30,VERACRUZ,22,San Andrés Tuxtla,15,ANGEL R. CABADA,349,B,8,75,2,80,0,0,0,2,2,0,4,173,
3,30,VERACRUZ,22,San Andrés Tuxtla,15,ANGEL R. CABADA,349,C1,2,45,6,83,1,0,0,0,1,0,0,138,
3,30,VERACRUZ,22,San Andrés Tuxtla,15,ANGEL R. CABADA,349,C2,4,63,3,85,0,0,0,1,1,0,4,161,
3,30,VERACRUZ,22,San Andrés Tuxtla,15,ANGEL R. CABADA,350,B,3,65,0,23,0,0,0,0,0,0,1,92,
3,30,VERACRUZ,22,San Andrés Tuxtla,15,ANGEL R. CABADA,350,C,0,28,0,34,0,0,0,0,0,0,0,62,
3,30,VERACRUZ,22,San Andrés Tuxtla,15,ANGEL R. CABADA,351,B,2,87,0,89,1,0,0,2,0,0,5,186,
3,30,VERACRUZ,22,San Andrés Tuxtla,15,ANGEL R. CABADA,352,B,2,71,0,50,0,0,0,0,0,0,1,124,
3,30,VERACRUZ,22,San Andrés Tuxtla,15,ANGEL R. CABADA,352,C,2,71,0,52,0,0,0,0,0,0,0,125,
3,30,VERACRUZ,22,San Andrés Tuxtla,15,ANGEL R. CABADA,353,B,2,90,0,52,0,1,0,0,0,0,2,147,
3,30,VERACRUZ,22,San Andrés Tuxtla,15,ANGEL R. CABADA,353,C,3,91,0,68,0,0,0,0,0,0,4,166,
3,30,VERACRUZ,22,San Andrés Tuxtla,15,ANGEL R. CABADA,354,B,4,125,0,67,1,0,0,0,2,0,3,202,
3,30,VERACRUZ,22,San Andrés Tuxtla,15,ANGEL R. CABADA,354,C,4,136,2,72,0,0,0,2,0,0,9,225,
3,30,VERACRUZ,22,San Andrés Tuxtla,15,ANGEL R. CABADA,355,B,2,101,0,34,0,1,0,1,1,0,2,142,
3,30,VERACRUZ,22,San Andrés Tuxtla,15,ANGEL R. CABADA,356,B,4,37,0,68,0,0,0,2,0,0,6,117,
3,30,VERACRUZ,22,San Andrés Tuxtla,15,ANGEL R. CABADA,356,C,1,41,0,78,2,0,0,0,0,0,1,123,
3,30,VERACRUZ,22,San Andrés Tuxtla,15,ANGEL R. CABADA,357,B,1,39,0,71,23,0,0,0,0,0,0,134,
3,30,VERACRUZ,22,San Andrés Tuxtla,15,ANGEL R. CABADA,358,B,0,67,0,64,11,0,0,0,0,0,0,142,
3,30,VERACRUZ,22,San Andrés Tuxtla,15,ANGEL R. CABADA,358,C,4,52,0,59,5,0,0,1,0,0,4,125,
3,30,VERACRUZ,22,San Andrés Tuxtla,15,ANGEL R. CABADA,359,B,0,18,0,79,2,0,0,0,0,0,0,99,
3,30,VERACRUZ,22,San Andrés Tuxtla,15,ANGEL R. CABADA,360,B,0,89,1,85,1,0,0,0,0,0,10,186,
3,30,VERACRUZ,22,San Andrés Tuxtla,15,ANGEL R. CABADA,360,C,2,75,0,60,3,0,0,0,0,0,2,142,
3,30,VERACRUZ,22,San Andrés Tuxtla,15,ANGEL R. CABADA,361,B,0,131,0,20,3,1,0,0,0,0,1,156,
3,30,VERACRUZ,22,San Andrés Tuxtla,15,ANGEL R. CABADA,362,B,1,104,1,56,1,3,0,2,0,0,2,170,
3,30,VERACRUZ,22,San Andrés Tuxtla,15,ANGEL R. CABADA,362,C,0,109,0,54,1,5,0,0,0,0,0,169,
3,30,VERACRUZ,22,San Andrés Tuxtla,97,LERDO DE TEJADA,2221,B,2,27,1,49,0,0,0,0,0,0,4,83,
3,30,VERACRUZ,22,San Andrés Tuxtla,97,LERDO DE TEJADA,2221,C,2,29,0,54,0,0,0,0,0,0,2,87,
3,30,VERACRUZ,22,San Andrés Tuxtla,97,LERDO DE TEJADA,2222,B,8,52,1,70,1,0,0,1,1,0,1,135,
3,30,VERACRUZ,22,San Andrés Tuxtla,97,LERDO DE TEJADA,2222,C,4,44,1,64,0,0,0,1,2,0,1,117,
3,30,VERACRUZ,22,San Andrés Tuxtla,97,LERDO DE TEJADA,2223,B,2,70,0,31,0,0,0,0,1,0,2,106,
3,30,VERACRUZ,22,San Andrés Tuxtla,97,LERDO DE TEJADA,2224,B,4,76,0,54,1,1,0,1,0,0,1,138,
3,30,VERACRUZ,22,San Andrés Tuxtla,97,LERDO DE TEJADA,2224,C,4,70,1,43,0,0,0,2,1,0,12,133,
3,30,VERACRUZ,22,San Andrés Tuxtla,97,LERDO DE TEJADA,2225,B,3,47,0,43,0,0,0,4,0,0,2,99,
3,30,VERACRUZ,22,San Andrés Tuxtla,97,LERDO DE TEJADA,2226,B,6,56,0,33,0,0,0,1,1,0,2,99,
3,30,VERACRUZ,22,San Andrés Tuxtla,97,LERDO DE TEJADA,2226,C,4,50,0,35,0,1,0,0,1,0,1,92,
3,30,VERACRUZ,22,San Andrés Tuxtla,97,LERDO DE TEJADA,2227,B,5,57,0,52,0,0,0,1,0,0,0,115,
3,30,VERACRUZ,22,San Andrés Tuxtla,97,LERDO DE TEJADA,2227,C,2,40,1,43,0,0,0,0,0,0,2,88,
3,30,VERACRUZ,22,San Andrés Tuxtla,97,LERDO DE TEJADA,2228,B,0,29,0,25,0,0,0,0,0,0,0,54,
3,30,VERACRUZ,22,San Andrés Tuxtla,97,LERDO DE TEJADA,2228,C,3,27,0,38,0,0,0,0,0,0,1,69,
3,30,VERACRUZ,22,San Andrés Tuxtla,97,LERDO DE TEJADA,2229,B,7,49,2,74,1,0,0,3,1,0,0,137,
3,30,VERACRUZ,22,San Andrés Tuxtla,97,LERDO DE TEJADA,2230,B,6,63,0,46,1,0,0,1,0,0,0,117,
3,30,VERACRUZ,22,San Andrés Tuxtla,97,LERDO DE TEJADA,2231,B,6,45,1,43,2,0,0,0,2,0,4,103,
3,30,VERACRUZ,22,San Andrés Tuxtla,97,LERDO DE TEJADA,2231,C,5,40,0,44,0,0,0,1,0,0,1,91,
3,30,VERACRUZ,22,San Andrés Tuxtla,97,LERDO DE TEJADA,2232,B,3,34,0,63,0,0,0,0,0,2,3,105,
3,30,VERACRUZ,22,San Andrés Tuxtla,97,LERDO DE TEJADA,2232,C,5,48,0,52,0,0,0,0,1,0,2,108,
3,30,VERACRUZ,22,San Andrés Tuxtla,97,LERDO DE TEJADA,2233,B,7,42,1,43,2,0,0,2,1,1,1,100,
3,30,VERACRUZ,22,San Andrés Tuxtla,97,LERDO DE TEJADA,2233,C,6,44,0,42,0,0,0,1,1,0,0,94,
3,30,VERACRUZ,22,San Andrés Tuxtla,97,LERDO DE TEJADA,2234,B,4,91,0,90,1,0,0,0,1,0,0,187,
3,30,VERACRUZ,22,San Andrés Tuxtla,97,LERDO DE TEJADA,2234,C,6,81,0,73,2,0,0,0,0,0,1,163,
3,30,VERACRUZ,22,San Andrés Tuxtla,97,LERDO DE TEJADA,2235,B,5,54,0,34,0,1,0,0,0,0,2,96,
3,30,VERACRUZ,22,San Andrés Tuxtla,97,LERDO DE TEJADA,2235,C,5,56,0,36,0,0,0,1,0,0,1,99,
3,30,VERACRUZ,22,San Andrés Tuxtla,97,LERDO DE TEJADA,2236,B,6,98,3,36,0,0,0,1,2,0,3,149,
3,30,VERACRUZ,22,San Andrés Tuxtla,139,SALTABARRANCA,3321,B,6,92,0,58,0,0,0,0,0,0,0,156,
3,30,VERACRUZ,22,San Andrés Tuxtla,139,SALTABARRANCA,3322,B,7,59,0,55,0,0,0,0,0,0,0,121,
3,30,VERACRUZ,22,San Andrés Tuxtla,139,SALTABARRANCA,3322,C,7,69,1,97,0,0,0,0,0,0,5,179,
3,30,VERACRUZ,22,San Andrés Tuxtla,139,SALTABARRANCA,3323,B,4,63,0,53,1,0,0,0,0,1,4,126,
3,30,VERACRUZ,22,San Andrés Tuxtla,139,SALTABARRANCA,3323,C,4,63,0,44,0,0,0,0,0,0,1,112,
3,30,VERACRUZ,22,San Andrés Tuxtla,139,SALTABARRANCA,3324,B,3,72,0,63,0,0,0,0,0,0,2,140,
3,30,VERACRUZ,22,San Andrés Tuxtla,139,SALTABARRANCA,3324,C,1,54,0,93,0,1,0,0,0,0,1,150,
3,30,VERACRUZ,22,San Andrés Tuxtla,139,SALTABARRANCA,3325,B,1,50,0,119,0,0,0,1,0,0,0,171,
3,30,VERACRUZ,22,San Andrés Tuxtla,141,SAN ANDRES TUXTLA,3328,B,2,72,0,75,0,0,0,0,3,0,8,160,
3,30,VERACRUZ,22,San Andrés Tuxtla,141,SAN ANDRES TUXTLA,3329,B,2,77,0,151,2,0,0,2,1,0,5,240,
3,30,VERACRUZ,22,San Andrés Tuxtla,141,SAN ANDRES TUXTLA,3329,C,4,115,0,160,0,0,0,6,0,0,5,290,
3,30,VERACRUZ,22,San Andrés Tuxtla,141,SAN ANDRES TUXTLA,3330,B,2,55,1,80,1,0,0,0,1,0,3,143,
3,30,VERACRUZ,22,San Andrés Tuxtla,141,SAN ANDRES TUXTLA,3330,C,4,55,0,115,1,0,0,3,1,0,5,184,
3,30,VERACRUZ,22,San Andrés Tuxtla,141,SAN ANDRES TUXTLA,3331,B,9,113,0,167,1,0,0,0,2,0,8,300,
3,30,VERACRUZ,22,San Andrés Tuxtla,141,SAN ANDRES TUXTLA,3332,B,4,67,0,60,0,2,0,2,0,0,3,138,
3,30,VERACRUZ,22,San Andrés Tuxtla,141,SAN ANDRES TUXTLA,3332,C,5,81,0,88,0,1,0,2,1,0,8,186,
3,30,VERACRUZ,22,San Andrés Tuxtla,141,SAN ANDRES TUXTLA,3333,B,3,83,1,89,1,0,0,4,1,0,9,191,
3,30,VERACRUZ,22,San Andrés Tuxtla,141,SAN ANDRES TUXTLA,3333,C,7,87,0,66,2,0,0,3,0,0,5,170,
3,30,VERACRUZ,22,San Andrés Tuxtla,141,SAN ANDRES TUXTLA,3334,B,8,54,1,87,0,0,0,1,0,0,1,152,
3,30,VERACRUZ,22,San Andrés Tuxtla,141,SAN ANDRES TUXTLA,3334,C,6,60,3,85,0,0,0,1,1,0,3,159,
3,30,VERACRUZ,22,San Andrés Tuxtla,141,SAN ANDRES TUXTLA,3335,B,4,118,2,118,1,0,2,0,3,0,4,252,
3,30,VERACRUZ,22,San Andrés Tuxtla,141,SAN ANDRES TUXTLA,3336,B,5,127,2,89,0,1,0,1,1,1,7,234,
3,30,VERACRUZ,22,San Andrés Tuxtla,141,SAN ANDRES TUXTLA,3336,C,5,118,2,64,1,3,0,2,2,0,1,198,
3,30,VERACRUZ,22,San Andrés Tuxtla,141,SAN ANDRES TUXTLA,3337,B,19,155,1,78,0,1,0,2,0,0,5,261,
3,30,VERACRUZ,22,San Andrés Tuxtla,141,SAN ANDRES TUXTLA,3338,B,13,103,0,108,2,0,0,1,1,0,3,231,
3,30,VERACRUZ,22,San Andrés Tuxtla,141,SAN ANDRES TUXTLA,3338,C,5,94,0,107,0,2,0,2,2,0,8,220,
3,30,VERACRUZ,22,San Andrés Tuxtla,141,SAN ANDRES TUXTLA,3339,B,4,61,0,111,0,1,0,1,2,3,1,184,
3,30,VERACRUZ,22,San Andrés Tuxtla,141,SAN ANDRES TUXTLA,3339,C,5,39,0,143,0,0,0,2,0,0,6,195,
3,30,VERACRUZ,22,San Andrés Tuxtla,141,SAN ANDRES TUXTLA,3340,B,2,71,1,89,0,1,0,1,0,0,0,165,
3,30,VERACRUZ,22,San Andrés Tuxtla,141,SAN ANDRES TUXTLA,3340,C,7,58,0,110,3,1,0,4,0,0,9,192,
3,30,VERACRUZ,22,San Andrés Tuxtla,141,SAN ANDRES TUXTLA,3341,B,3,59,0,114,0,3,0,2,3,0,0,184,
3,30,VERACRUZ,22,San Andrés Tuxtla,141,SAN ANDRES TUXTLA,3341,C,7,52,0,82,1,1,0,1,3,0,1,148,
3,30,VERACRUZ,22,San Andrés Tuxtla,141,SAN ANDRES TUXTLA,3342,B,5,67,0,56,1,0,0,0,1,0,6,136,
3,30,VERACRUZ,22,San Andrés Tuxtla,141,SAN ANDRES TUXTLA,3342,C,12,81,0,52,0,0,0,1,0,1,1,148,
3,30,VERACRUZ,22,San Andrés Tuxtla,141,SAN ANDRES TUXTLA,3343,B,7,151,0,82,2,0,0,0,3,0,11,256,
3,30,VERACRUZ,22,San Andrés Tuxtla,141,SAN ANDRES TUXTLA,3344,B,3,61,1,96,0,0,0,3,1,0,1,166,
3,30,VERACRUZ,22,San Andrés Tuxtla,141,SAN ANDRES TUXTLA,3344,C,3,61,0,93,0,0,0,1,1,0,8,167,
3,30,VERACRUZ,22,San Andrés Tuxtla,141,SAN ANDRES TUXTLA,3345,B,1,89,0,101,1,0,0,3,1,0,6,202,
3,30,VERACRUZ,22,San Andrés Tuxtla,141,SAN ANDRES TUXTLA,3345,C,4,91,0,96,0,2,0,4,3,0,8,208,
3,30,VERACRUZ,22,San Andrés Tuxtla,141,SAN ANDRES TUXTLA,3346,B,4,55,1,67,0,1,0,2,0,0,4,134,
3,30,VERACRUZ,22,San Andrés Tuxtla,141,SAN ANDRES TUXTLA,3346,C,2,70,0,57,1,2,0,0,2,0,0,134,
3,30,VERACRUZ,22,San Andrés Tuxtla,141,SAN ANDRES TUXTLA,3347,B,2,130,0,86,0,0,0,3,4,1,4,230,
3,30,VERACRUZ,22,San Andrés Tuxtla,141,SAN ANDRES TUXTLA,3347,C,6,120,0,67,1,0,0,5,2,0,4,205,
3,30,VERACRUZ,22,San Andrés Tuxtla,141,SAN ANDRES TUXTLA,3348,B,9,92,1,62,2,1,0,4,1,0,0,172,
3,30,VERACRUZ,22,San Andrés Tuxtla,141,SAN ANDRES TUXTLA,3348,C,2,74,0,67,0,3,0,4,3,0,3,156,
3,30,VERACRUZ,22,San Andrés Tuxtla,141,SAN ANDRES TUXTLA,3349,B,6,88,0,123,0,6,0,2,0,0,4,229,
3,30,VERACRUZ,22,San Andrés Tuxtla,141,SAN ANDRES TUXTLA,3349,C,4,80,0,128,0,3,0,1,1,0,4,221,
3,30,VERACRUZ,22,San Andrés Tuxtla,141,SAN ANDRES TUXTLA,3350,B,2,105,0,152,2,0,0,0,1,0,15,277,
3,30,VERACRUZ,22,San Andrés Tuxtla,141,SAN ANDRES TUXTLA,3350,C,2,85,1,132,2,2,0,1,1,0,0,226,
3,30,VERACRUZ,22,San Andrés Tuxtla,141,SAN ANDRES TUXTLA,3351,B,8,86,0,90,0,5,0,2,0,0,3,194,
3,30,VERACRUZ,22,San Andrés Tuxtla,141,SAN ANDRES TUXTLA,3351,C,7,103,1,82,0,3,0,3,1,0,9,209,
3,30,VERACRUZ,22,San Andrés Tuxtla,141,SAN ANDRES TUXTLA,3352,B,9,79,0,74,0,1,0,1,2,0,0,166,
3,30,VERACRUZ,22,San Andrés Tuxtla,141,SAN ANDRES TUXTLA,3352,C,2,59,0,79,0,1,0,2,0,0,3,146,
3,30,VERACRUZ,22,San Andrés Tuxtla,141,SAN ANDRES TUXTLA,3353,B,6,77,0,45,0,2,0,1,1,0,1,133,
3,30,VERACRUZ,22,San Andrés Tuxtla,141,SAN ANDRES TUXTLA,3353,C,4,80,1,51,2,0,0,3,0,0,0,141,
3,30,VERACRUZ,22,San Andrés Tuxtla,141,SAN ANDRES TUXTLA,3354,B,5,87,0,55,0,3,0,1,1,0,3,155,
3,30,VERACRUZ,22,San Andrés Tuxtla,141,SAN ANDRES TUXTLA,3354,C,3,79,1,67,0,1,0,0,0,0,2,153,
3,30,VERACRUZ,22,San Andrés Tuxtla,141,SAN ANDRES TUXTLA,3355,B,6,111,2,112,6,1,0,2,1,0,5,246,
3,30,VERACRUZ,22,San Andrés Tuxtla,141,SAN ANDRES TUXTLA,3355,C,10,115,0,108,9,2,0,2,1,0,4,251,
3,30,VERACRUZ,22,San Andrés Tuxtla,141,SAN ANDRES TUXTLA,3356,B,0,66,1,48,3,1,0,3,1,0,2,125,
3,30,VERACRUZ,22,San Andrés Tuxtla,141,SAN ANDRES TUXTLA,3357,B,4,157,0,128,2,1,0,1,1,0,2,296,
3,30,VERACRUZ,22,San Andrés Tuxtla,141,SAN ANDRES TUXTLA,3358,B,0,57,0,99,2,0,0,0,0,0,2,160,
3,30,VERACRUZ,22,San Andrés Tuxtla,141,SAN ANDRES TUXTLA,3359,B,4,56,0,63,0,0,0,0,2,0,2,127,
3,30,VERACRUZ,22,San Andrés Tuxtla,141,SAN ANDRES TUXTLA,3360,B,3,29,2,73,0,0,0,0,0,0,4,111,
3,30,VERACRUZ,22,San Andrés Tuxtla,141,SAN ANDRES TUXTLA,3361,B,1,97,0,151,1,0,0,2,0,0,5,257,
3,30,VERACRUZ,22,San Andrés Tuxtla,141,SAN ANDRES TUXTLA,3362,B,1,51,0,45,2,0,0,0,0,0,3,102,
3,30,VERACRUZ,22,San Andrés Tuxtla,141,SAN ANDRES TUXTLA,3362,C,3,34,0,41,5,0,0,1,0,0,1,85,
3,30,VERACRUZ,22,San Andrés Tuxtla,141,SAN ANDRES TUXTLA,3363,B,3,45,0,50,1,2,0,0,0,0,7,108,
3,30,VERACRUZ,22,San Andrés Tuxtla,141,SAN ANDRES TUXTLA,3364,B,2,63,0,28,2,0,0,2,0,0,5,102,
3,30,VERACRUZ,22,San Andrés Tuxtla,141,SAN ANDRES TUXTLA,3365,B,0,103,0,222,0,0,0,0,0,0,1,326,
3,30,VERACRUZ,22,San Andrés Tuxtla,141,SAN ANDRES TUXTLA,3365,C,0,96,0,225,0,0,0,0,0,0,4,325,
3,30,VERACRUZ,22,San Andrés Tuxtla,141,SAN ANDRES TUXTLA,3366,B,0,129,0,135,2,0,0,0,0,0,4,270,
3,30,VERACRUZ,22,San Andrés Tuxtla,141,SAN ANDRES TUXTLA,3366,C,1,67,1,164,1,0,0,0,0,0,3,237,
3,30,VERACRUZ,22,San Andrés Tuxtla,141,SAN ANDRES TUXTLA,3367,B,1,39,0,234,1,0,0,1,0,0,3,279,
3,30,VERACRUZ,22,San Andrés Tuxtla,141,SAN ANDRES TUXTLA,3367,C,1,36,0,238,0,0,0,0,0,0,0,275,
3,30,VERACRUZ,22,San Andrés Tuxtla,141,SAN ANDRES TUXTLA,3368,B,0,56,0,228,3,0,0,0,0,0,6,293,
3,30,VERACRUZ,22,San Andrés Tuxtla,141,SAN ANDRES TUXTLA,3368,C,1,35,0,235,1,0,0,1,0,0,3,276,
3,30,VERACRUZ,22,San Andrés Tuxtla,141,SAN ANDRES TUXTLA,3369,B,5,87,7,99,3,1,0,1,0,0,8,211,
3,30,VERACRUZ,22,San Andrés Tuxtla,141,SAN ANDRES TUXTLA,3370,B,2,99,0,92,1,0,0,0,1,0,7,202,
3,30,VERACRUZ,22,San Andrés Tuxtla,141,SAN ANDRES TUXTLA,3371,B,1,121,3,47,0,0,0,0,2,0,2,176,
3,30,VERACRUZ,22,San Andrés Tuxtla,141,SAN ANDRES TUXTLA,3371,C,3,101,0,49,3,0,0,0,1,0,4,161,
3,30,VERACRUZ,22,San Andrés Tuxtla,141,SAN ANDRES TUXTLA,3372,B,0,118,0,55,0,0,0,0,0,0,11,184,
3,30,VERACRUZ,22,San Andrés Tuxtla,141,SAN ANDRES TUXTLA,3372,C,1,122,0,47,0,0,0,2,2,0,1,175,
3,30,VERACRUZ,22,San Andrés Tuxtla,141,SAN ANDRES TUXTLA,3373,B,1,56,0,66,0,0,0,0,0,0,4,127,
3,30,VERACRUZ,22,San Andrés Tuxtla,141,SAN ANDRES TUXTLA,3373,C,2,59,0,44,1,2,0,0,1,0,0,109,
3,30,VERACRUZ,22,San Andrés Tuxtla,141,SAN ANDRES TUXTLA,3374,B,0,70,0,40,1,0,0,3,0,0,9,123,
3,30,VERACRUZ,22,San Andrés Tuxtla,141,SAN ANDRES TUXTLA,3374,C,1,80,0,49,1,1,0,0,0,0,0,132,
3,30,VERACRUZ,22,San Andrés Tuxtla,141,SAN ANDRES TUXTLA,3375,B,2,165,0,137,1,0,0,1,0,0,28,334,
3,30,VERACRUZ,22,San Andrés Tuxtla,141,SAN ANDRES TUXTLA,3375,C,1,144,0,147,0,2,0,0,2,0,32,328,
3,30,VERACRUZ,22,San Andrés Tuxtla,141,SAN ANDRES TUXTLA,3376,B,0,102,0,247,1,0,0,1,0,0,3,354,
3,30,VERACRUZ,22,San Andrés Tuxtla,141,SAN ANDRES TUXTLA,3376,C,1,76,0,239,0,0,0,1,0,0,0,317,
3,30,VERACRUZ,22,San Andrés Tuxtla,141,SAN ANDRES TUXTLA,3377,B,1,76,0,168,0,0,0,0,0,0,13,258,
3,30,VERACRUZ,22,San Andrés Tuxtla,141,SAN ANDRES TUXTLA,3378,B,4,95,0,92,6,0,0,0,1,0,3,201,
3,30,VERACRUZ,22,San Andrés Tuxtla,141,SAN ANDRES TUXTLA,3378,C,8,74,0,93,5,0,0,1,1,0,5,187,
3,30,VERACRUZ,22,San Andrés Tuxtla,141,SAN ANDRES TUXTLA,3379,B,4,93,1,119,6,0,0,2,0,0,6,231,
3,30,VERACRUZ,22,San Andrés Tuxtla,141,SAN ANDRES TUXTLA,3379,C,7,69,0,124,3,1,0,4,1,0,3,212,
3,30,VERACRUZ,22,San Andrés Tuxtla,141,SAN ANDRES TUXTLA,3380,B,0,139,0,245,3,0,0,2,0,0,7,396,
3,30,VERACRUZ,22,San Andrés Tuxtla,141,SAN ANDRES TUXTLA,3381,B,1,115,0,64,3,1,0,0,0,0,5,189,
3,30,VERACRUZ,22,San Andrés Tuxtla,141,SAN ANDRES TUXTLA,3381,C,2,96,0,83,0,0,0,0,1,0,8,190,
3,30,VERACRUZ,22,San Andrés Tuxtla,141,SAN ANDRES TUXTLA,3382,B,3,94,0,131,1,0,0,2,0,0,16,247,
3,30,VERACRUZ,22,San Andrés Tuxtla,141,SAN ANDRES TUXTLA,3383,B,1,119,0,61,0,1,0,0,0,0,0,182,
3,30,VERACRUZ,22,San Andrés Tuxtla,141,SAN ANDRES TUXTLA,3383,C,1,102,1,72,0,1,0,0,1,0,2,180,
3,30,VERACRUZ,22,San Andrés Tuxtla,141,SAN ANDRES TUXTLA,3384,B,1,91,0,45,0,2,0,0,0,0,0,139,
3,30,VERACRUZ,22,San Andrés Tuxtla,141,SAN ANDRES TUXTLA,3384,C,0,85,0,63,0,1,0,1,0,0,0,150,
3,30,VERACRUZ,22,San Andrés Tuxtla,141,SAN ANDRES TUXTLA,3385,B,0,76,0,73,0,0,0,0,1,0,0,150,
3,30,VERACRUZ,22,San Andrés Tuxtla,141,SAN ANDRES TUXTLA,3385,C,2,66,0,73,0,0,0,0,0,0,11,152,
3,30,VERACRUZ,22,San Andrés Tuxtla,141,SAN ANDRES TUXTLA,3386,B,0,118,0,173,4,0,0,0,0,0,7,302,
3,30,VERACRUZ,22,San Andrés Tuxtla,141,SAN ANDRES TUXTLA,3387,B,0,197,0,198,3,0,0,0,0,0,2,400,
3,30,VERACRUZ,22,San Andrés Tuxtla,141,SAN ANDRES TUXTLA,3388,B,0,115,0,180,0,2,0,3,0,0,16,316,
3,30,VERACRUZ,22,San Andrés Tuxtla,141,SAN ANDRES TUXTLA,3389,B,0,42,0,75,1,0,0,4,0,0,0,122,
3,30,VERACRUZ,22,San Andrés Tuxtla,141,SAN ANDRES TUXTLA,3389,C,1,16,0,64,1,1,0,12,0,0,4,99,
3,30,VERACRUZ,22,San Andrés Tuxtla,141,SAN ANDRES TUXTLA,3390,B,1,88,0,31,0,0,0,16,0,0,2,138,
3,30,VERACRUZ,22,San Andrés Tuxtla,141,SAN ANDRES TUXTLA,3390,C,1,104,0,22,0,2,0,10,0,0,0,139,
3,30,VERACRUZ,22,San Andrés Tuxtla,141,SAN ANDRES TUXTLA,3391,B,1,81,1,145,1,1,0,0,0,0,5,235,
3,30,VERACRUZ,22,San Andrés Tuxtla,141,SAN ANDRES TUXTLA,3392,B,2,79,0,100,0,2,0,1,1,0,9,194,
3,30,VERACRUZ,22,San Andrés Tuxtla,141,SAN ANDRES TUXTLA,3392,C,1,94,0,93,1,0,0,1,0,0,4,194,
3,30,VERACRUZ,22,San Andrés Tuxtla,141,SAN ANDRES TUXTLA,3393,B,2,60,0,143,3,0,0,0,0,0,5,213,
3,30,VERACRUZ,22,San Andrés Tuxtla,141,SAN ANDRES TUXTLA,3394,B,2,117,0,96,0,1,0,5,0,0,7,228,
3,30,VERACRUZ,22,San Andrés Tuxtla,141,SAN ANDRES TUXTLA,3394,C,0,76,0,115,4,0,0,0,0,0,0,195,
3,30,VERACRUZ,22,San Andrés Tuxtla,141,SAN ANDRES TUXTLA,3395,B,0,11,0,177,0,0,0,0,0,0,1,189,
3,30,VERACRUZ,22,San Andrés Tuxtla,141,SAN ANDRES TUXTLA,3396,B,0,87,0,87,4,0,0,0,0,0,7,185,
3,30,VERACRUZ,22,San Andrés Tuxtla,141,SAN ANDRES TUXTLA,3396,C,0,108,1,68,6,1,0,0,0,0,2,186,
3,30,VERACRUZ,22,San Andrés Tuxtla,141,SAN ANDRES TUXTLA,3397,B,3,158,0,54,15,2,0,1,0,0,0,233,
3,30,VERACRUZ,22,San Andrés Tuxtla,141,SAN ANDRES TUXTLA,3397,C,6,130,1,52,12,8,0,0,1,0,5,215,
3,30,VERACRUZ,22,San Andrés Tuxtla,141,SAN ANDRES TUXTLA,3398,B,2,143,0,96,9,7,0,2,0,0,7,266,
3,30,VERACRUZ,22,San Andrés Tuxtla,141,SAN ANDRES TUXTLA,3398,C,2,110,1,104,0,0,0,0,0,0,27,244,
3,30,VERACRUZ,22,San Andrés Tuxtla,141,SAN ANDRES TUXTLA,3399,B,3,118,1,75,4,0,0,1,0,0,6,208,
3,30,VERACRUZ,22,San Andrés Tuxtla,141,SAN ANDRES TUXTLA,3399,C,0,110,1,109,9,0,0,0,1,0,0,230,
3,30,VERACRUZ,22,San Andrés Tuxtla,141,SAN ANDRES TUXTLA,3400,B,0,24,0,23,2,0,0,3,0,0,5,57,
3,30,VERACRUZ,22,San Andrés Tuxtla,141,SAN ANDRES TUXTLA,3401,B,0,218,0,61,6,1,0,9,1,0,4,300,
3,30,VERACRUZ,22,San Andrés Tuxtla,141,SAN ANDRES TUXTLA,3402,B,1,76,0,157,3,0,0,2,1,0,12,252,
3,30,VERACRUZ,22,San Andrés Tuxtla,141,SAN ANDRES TUXTLA,3402,C,1,133,0,106,1,3,0,1,0,0,3,248,
3,30,VERACRUZ,22,San Andrés Tuxtla,141,SAN ANDRES TUXTLA,3403,B,0,98,0,73,1,0,0,29,0,0,15,216,
3,30,VERACRUZ,22,San Andrés Tuxtla,141,SAN ANDRES TUXTLA,3403,C,0,90,0,51,3,0,0,12,0,0,12,168,
3,30,VERACRUZ,22,San Andrés Tuxtla,141,SAN ANDRES TUXTLA,3404,B,3,130,4,41,1,0,0,3,0,0,5,187,
3,30,VERACRUZ,22,San Andrés Tuxtla,141,SAN ANDRES TUXTLA,3404,C,1,85,3,41,0,0,0,4,0,0,7,141,
3,30,VERACRUZ,22,San Andrés Tuxtla,141,SAN ANDRES TUXTLA,3405,B,0,135,0,92,2,3,0,0,0,0,4,236,
3,30,VERACRUZ,22,San Andrés Tuxtla,141,SAN ANDRES TUXTLA,3406,B,2,102,0,109,10,0,0,1,0,0,3,227,
3,30,VERACRUZ,22,San Andrés Tuxtla,141,SAN ANDRES TUXTLA,3406,C,1,88,1,128,4,0,0,4,1,0,8,235,
3,30,VERACRUZ,22,San Andrés Tuxtla,141,SAN ANDRES TUXTLA,3407,B,0,128,1,170,5,0,0,1,0,0,27,332,
3,30,VERACRUZ,22,San Andrés Tuxtla,141,SAN ANDRES TUXTLA,3408,B,0,54,0,106,1,2,0,0,0,0,7,170,
3,30,VERACRUZ,22,San Andrés Tuxtla,143,SANTIAGO TUXTLA,3437,B,5,69,16,43,1,0,0,0,0,0,0,134,
3,30,VERACRUZ,22,San Andrés Tuxtla,143,SANTIAGO TUXTLA,3437,C,9,69,11,65,1,1,0,0,0,0,3,159,
3,30,VERACRUZ,22,San Andrés Tuxtla,143,SANTIAGO TUXTLA,3438,B,3,40,12,57,1,1,0,0,0,0,1,115,
3,30,VERACRUZ,22,San Andrés Tuxtla,143,SANTIAGO TUXTLA,3438,C,4,55,7,45,1,2,0,1,0,0,1,116,
3,30,VERACRUZ,22,San Andrés Tuxtla,143,SANTIAGO TUXTLA,3439,B,3,49,10,59,4,0,0,0,1,0,1,127,
3,30,VERACRUZ,22,San Andrés Tuxtla,143,SANTIAGO TUXTLA,3440,B,1,73,9,84,0,0,0,2,0,0,3,172,
3,30,VERACRUZ,22,San Andrés Tuxtla,143,SANTIAGO TUXTLA,3441,B,8,65,5,52,1,0,0,0,0,0,1,132,
3,30,VERACRUZ,22,San Andrés Tuxtla,143,SANTIAGO TUXTLA,3441,C,10,76,7,51,1,1,0,0,1,0,1,148,
3,30,VERACRUZ,22,San Andrés Tuxtla,143,SANTIAGO TUXTLA,3442,B,28,79,36,83,1,0,0,1,1,0,2,231,
3,30,VERACRUZ,22,San Andrés Tuxtla,143,SANTIAGO TUXTLA,3443,B,7,80,10,77,2,0,0,0,1,0,13,190,
3,30,VERACRUZ,22,San Andrés Tuxtla,143,SANTIAGO TUXTLA,3444,B,7,52,5,77,1,4,0,2,3,0,1,152,
3,30,VERACRUZ,22,San Andrés Tuxtla,143,SANTIAGO TUXTLA,3445,B,16,44,18,56,2,0,0,0,2,0,4,142,
3,30,VERACRUZ,22,San Andrés Tuxtla,143,SANTIAGO TUXTLA,3445,C,8,44,9,61,0,1,0,1,0,0,1,125,
3,30,VERACRUZ,22,San Andrés Tuxtla,143,SANTIAGO TUXTLA,3446,B,9,48,8,51,2,0,0,0,0,0,1,119,
3,30,VERACRUZ,22,San Andrés Tuxtla,143,SANTIAGO TUXTLA,3446,C,11,39,6,59,0,0,0,0,0,0,1,116,
3,30,VERACRUZ,22,San Andrés Tuxtla,143,SANTIAGO TUXTLA,3447,B,3,37,4,50,1,0,0,0,0,4,3,102,
3,30,VERACRUZ,22,San Andrés Tuxtla,143,SANTIAGO TUXTLA,3448,B,14,39,4,47,1,1,0,1,0,0,3,110,
3,30,VERACRUZ,22,San Andrés Tuxtla,143,SANTIAGO TUXTLA,3449,B,4,129,0,13,0,0,0,0,0,0,2,148,
3,30,VERACRUZ,22,San Andrés Tuxtla,143,SANTIAGO TUXTLA,3450,B,0,85,0,40,0,0,0,0,0,0,9,134,
3,30,VERACRUZ,22,San Andrés Tuxtla,143,SANTIAGO TUXTLA,3451,B,1,41,16,44,1,0,0,0,1,0,3,107,
3,30,VERACRUZ,22,San Andrés Tuxtla,143,SANTIAGO TUXTLA,3452,B,4,110,0,66,0,4,0,1,0,0,2,187,
3,30,VERACRUZ,22,San Andrés Tuxtla,143,SANTIAGO TUXTLA,3453,B,1,85,0,89,0,0,0,0,0,0,0,175,
3,30,VERACRUZ,22,San Andrés Tuxtla,143,SANTIAGO TUXTLA,3453,C,1,68,3,145,1,0,0,2,0,0,2,222,
3,30,VERACRUZ,22,San Andrés Tuxtla,143,SANTIAGO TUXTLA,3454,B,1,195,0,52,3,0,0,0,0,0,4,255,
3,30,VERACRUZ,22,San Andrés Tuxtla,143,SANTIAGO TUXTLA,3455,B,2,122,2,71,0,1,0,1,0,0,2,201,
3,30,VERACRUZ,22,San Andrés Tuxtla,143,SANTIAGO TUXTLA,3456,B,1,90,0,20,1,0,0,0,1,0,2,115,
3,30,VERACRUZ,22,San Andrés Tuxtla,143,SANTIAGO TUXTLA,3456,C,0,69,1,44,1,0,0,1,0,0,0,116,
3,30,VERACRUZ,22,San Andrés Tuxtla,143,SANTIAGO TUXTLA,3457,B,4,75,1,30,2,2,0,1,0,0,4,119,
3,30,VERACRUZ,22,San Andrés Tuxtla,143,SANTIAGO TUXTLA,3458,B,0,27,1,14,0,0,0,0,0,0,1,43,
3,30,VERACRUZ,22,San Andrés Tuxtla,143,SANTIAGO TUXTLA,3458,C,0,48,0,6,0,0,0,0,0,0,0,54,
3,30,VERACRUZ,22,San Andrés Tuxtla,143,SANTIAGO TUXTLA,3459,B,0,68,1,35,1,1,0,0,0,0,2,108,
3,30,VERACRUZ,22,San Andrés Tuxtla,143,SANTIAGO TUXTLA,3460,B,2,33,0,71,0,2,0,0,1,0,10,119,
3,30,VERACRUZ,22,San Andrés Tuxtla,143,SANTIAGO TUXTLA,3460,C,5,32,8,63,0,0,0,1,0,0,3,112,
3,30,VERACRUZ,22,San Andrés Tuxtla,143,SANTIAGO TUXTLA,3461,B,1,78,1,68,0,1,0,1,0,0,5,155,
3,30,VERACRUZ,22,San Andrés Tuxtla,143,SANTIAGO TUXTLA,3461,C,2,79,0,99,0,0,0,0,0,0,9,189,
3,30,VERACRUZ,22,San Andrés Tuxtla,143,SANTIAGO TUXTLA,3462,B,2,57,1,94,1,0,0,0,0,0,4,159,
3,30,VERACRUZ,22,San Andrés Tuxtla,143,SANTIAGO TUXTLA,3463,B,0,116,1,74,0,0,0,0,0,0,7,198,
3,30,VERACRUZ,22,San Andrés Tuxtla,143,SANTIAGO TUXTLA,3463,C,0,73,0,67,1,1,0,2,1,0,22,167,
3,30,VERACRUZ,22,San Andrés Tuxtla,143,SANTIAGO TUXTLA,3464,B,6,207,1,19,0,1,0,1,0,0,2,237,
3,30,VERACRUZ,22,San Andrés Tuxtla,143,SANTIAGO TUXTLA,3465,B,0,8,0,92,1,0,0,0,0,0,5,106,
3,30,VERACRUZ,22,San Andrés Tuxtla,143,SANTIAGO TUXTLA,3465,C,0,15,1,85,2,0,0,0,0,0,3,106,
3,30,VERACRUZ,22,San Andrés Tuxtla,143,SANTIAGO TUXTLA,3466,B,1,49,0,98,0,0,0,1,0,0,7,156,
3,30,VERACRUZ,22,San Andrés Tuxtla,143,SANTIAGO TUXTLA,3466,C,1,46,1,99,3,0,0,0,0,0,7,157,
3,30,VERACRUZ,22,San Andrés Tuxtla,143,SANTIAGO TUXTLA,3467,B,1,81,1,41,0,0,0,1,0,0,4,129,
3,30,VERACRUZ,22,San Andrés Tuxtla,143,SANTIAGO TUXTLA,3467,C,0,89,2,47,0,2,0,1,0,0,7,148,
3,30,VERACRUZ,22,San Andrés Tuxtla,143,SANTIAGO TUXTLA,3468,B,2,77,0,104,2,3,0,0,0,0,0,188,
3,30,VERACRUZ,22,San Andrés Tuxtla,143,SANTIAGO TUXTLA,3468,C,1,99,0,123,1,0,0,0,1,0,5,230,
3,30,VERACRUZ,22,San Andrés Tuxtla,143,SANTIAGO TUXTLA,3469,B,2,74,0,88,0,0,0,1,0,0,4,169,
3,30,VERACRUZ,22,San Andrés Tuxtla,143,SANTIAGO TUXTLA,3470,B,0,122,2,25,1,1,0,2,0,0,6,159,
3,30,VERACRUZ,22,San Andrés Tuxtla,143,SANTIAGO TUXTLA,3470,C,3,124,1,33,2,0,0,0,0,0,6,169,
3,30,VERACRUZ,22,San Andrés Tuxtla,143,SANTIAGO TUXTLA,3471,B,1,101,7,22,1,0,0,0,0,0,8,140,
3,30,VERACRUZ,22,San Andrés Tuxtla,143,SANTIAGO TUXTLA,3471,C,3,119,2,29,1,0,0,0,0,0,2,156,
3,30,VERACRUZ,22,San Andrés Tuxtla,143,SANTIAGO TUXTLA,3472,B,1,164,5,71,1,0,0,1,0,0,0,243,
3,30,VERACRUZ,22,San Andrés Tuxtla,143,SANTIAGO TUXTLA,3472,C,3,126,0,87,0,0,0,0,0,0,8,224,
3,30,VERACRUZ,22,San Andrés Tuxtla,143,SANTIAGO TUXTLA,3473,B,1,130,1,40,2,1,0,2,0,0,1,178,
3,30,VERACRUZ,22,San Andrés Tuxtla,143,SANTIAGO TUXTLA,3474,B,4,67,2,17,0,2,0,1,2,0,10,105,
3,30,VERACRUZ,22,San Andrés Tuxtla,143,SANTIAGO TUXTLA,3474,C,7,62,2,30,0,1,0,0,0,0,5,107,
3,30,VERACRUZ,22,San Andrés Tuxtla,169,JOSE AZUETA,3780,B,21,86,1,181,12,1,0,0,2,0,5,309,
3,30,VERACRUZ,22,San Andrés Tuxtla,169,JOSE AZUETA,3781,B,1,60,1,54,8,1,0,0,0,0,0,125,
3,30,VERACRUZ,22,San Andrés Tuxtla,169,JOSE AZUETA,3782,B,2,61,1,45,8,0,0,0,0,0,0,117,
3,30,VERACRUZ,22,San Andrés Tuxtla,169,JOSE AZUETA,3782,C,1,37,0,64,5,1,0,0,0,0,6,114,
3,30,VERACRUZ,22,San Andrés Tuxtla,169,JOSE AZUETA,3783,B,10,168,0,105,19,1,0,0,2,0,3,308,
3,30,VERACRUZ,22,San Andrés Tuxtla,169,JOSE AZUETA,3784,B,8,45,0,104,7,0,0,0,0,0,5,169,
3,30,VERACRUZ,22,San Andrés Tuxtla,169,JOSE AZUETA,3784,C,2,34,0,115,2,0,0,0,0,0,0,153,
3,30,VERACRUZ,22,San Andrés Tuxtla,169,JOSE AZUETA,3785,B,10,56,2,56,9,1,0,1,0,0,5,140,
3,30,VERACRUZ,22,San Andrés Tuxtla,169,JOSE AZUETA,3786,B,3,39,1,205,9,0,0,0,0,0,10,267,
3,30,VERACRUZ,22,San Andrés Tuxtla,169,JOSE AZUETA,3787,B,8,106,1,20,23,1,0,0,0,0,1,160,
3,30,VERACRUZ,22,San Andrés Tuxtla,169,JOSE AZUETA,3787,C,7,90,0,19,37,0,0,1,0,0,0,154,
3,30,VERACRUZ,22,San Andrés Tuxtla,169,JOSE AZUETA,3788,B,2,96,5,38,27,0,0,1,0,0,1,170,
3,30,VERACRUZ,22,San Andrés Tuxtla,169,JOSE AZUETA,3789,B,2,115,0,46,6,2,0,0,0,4,8,183,
3,30,VERACRUZ,22,San Andrés Tuxtla,169,JOSE AZUETA,3789,C,5,100,0,52,15,1,0,1,2,0,7,183,
3,30,VERACRUZ,22,San Andrés Tuxtla,169,JOSE AZUETA,3790,B,29,55,1,61,4,1,0,1,0,0,1,153,
3,30,VERACRUZ,22,San Andrés Tuxtla,169,JOSE AZUETA,3790,C,41,49,1,65,0,0,0,2,1,0,6,165,
3,30,VERACRUZ,22,San Andrés Tuxtla,169,JOSE AZUETA,3791,B,5,76,2,47,10,2,0,2,0,0,7,151,
3,30,VERACRUZ,22,San Andrés Tuxtla,169,JOSE AZUETA,3791,C,8,70,0,21,10,4,0,2,1,0,6,122,
3,30,VERACRUZ,22,San Andrés Tuxtla,169,JOSE AZUETA,3792,B,12,75,1,142,5,0,0,0,0,0,10,245,
3,30,VERACRUZ,22,San Andrés Tuxtla,169,JOSE AZUETA,3793,B,13,77,1,75,3,0,0,2,0,0,0,171,
3,30,VERACRUZ,22,San Andrés Tuxtla,169,JOSE AZUETA,3793,C,11,83,1,94,5,0,0,0,0,0,15,209,
3,30,VERACRUZ,22,San Andrés Tuxtla,169,JOSE AZUETA,3794,B,41,22,0,58,1,1,0,0,0,0,3,126,
3,30,VERACRUZ,22,San Andrés Tuxtla,169,JOSE AZUETA,3795,B,4,48,0,121,8,0,0,0,0,0,0,181,
3,30,VERACRUZ,22,San Andrés Tuxtla,169,JOSE AZUETA,3796,B,4,38,6,115,9,0,0,1,0,0,7,180,
3,30,VERACRUZ,22,San Andrés Tuxtla,169,JOSE AZUETA,3796,C,2,61,2,80,9,3,0,0,0,0,0,157,
3,30,VERACRUZ,22,San Andrés Tuxtla,169,JOSE AZUETA,3797,B,2,197,1,131,2,0,0,1,0,0,4,338,
3,30,VERACRUZ,22,San Andrés Tuxtla,169,JOSE AZUETA,3798,B,2,30,1,84,5,0,0,0,0,0,4,126,
3,30,VERACRUZ,22,San Andrés Tuxtla,178,TLACOTALPAN,3985,B,41,39,5,50,0,0,0,0,0,0,1,136,
3,30,VERACRUZ,22,San Andrés Tuxtla,178,TLACOTALPAN,3985,C,47,63,1,42,0,0,0,1,0,0,0,154,
3,30,VERACRUZ,22,San Andrés Tuxtla,178,TLACOTALPAN,3986,B,91,111,1,68,0,0,0,2,1,0,3,277,
3,30,VERACRUZ,22,San Andrés Tuxtla,178,TLACOTALPAN,3987,B,92,131,0,58,0,1,0,0,0,0,3,285,
3,30,VERACRUZ,22,San Andrés Tuxtla,178,TLACOTALPAN,3988,B,32,74,5,51,0,0,0,0,0,0,2,164,
3,30,VERACRUZ,22,San Andrés Tuxtla,178,TLACOTALPAN,3988,C,33,78,2,41,0,0,0,0,0,0,2,156,
3,30,VERACRUZ,22,San Andrés Tuxtla,178,TLACOTALPAN,3989,B,41,83,4,82,0,2,0,0,1,0,4,217,
3,30,VERACRUZ,22,San Andrés Tuxtla,178,TLACOTALPAN,3989,C,51,78,5,81,0,0,1,3,0,0,10,229,
3,30,VERACRUZ,22,San Andrés Tuxtla,178,TLACOTALPAN,3990,B,56,62,0,64,0,2,0,0,0,0,2,186,
3,30,VERACRUZ,22,San Andrés Tuxtla,178,TLACOTALPAN,3991,B,57,101,2,43,0,0,0,1,2,0,8,214,
3,30,VERACRUZ,22,San Andrés Tuxtla,178,TLACOTALPAN,3992,B,3,12,0,5,0,0,0,0,0,0,0,20,
3,30,VERACRUZ,22,San Andrés Tuxtla,178,TLACOTALPAN,3993,B,7,33,1,5,0,0,0,0,0,0,3,49,
3,30,VERACRUZ,22,San Andrés Tuxtla,178,TLACOTALPAN,3994,B,58,58,2,6,0,2,0,1,0,0,11,138,
3,30,VERACRUZ,22,San Andrés Tuxtla,178,TLACOTALPAN,3994,C,56,80,0,7,0,2,0,1,1,0,0,147,
3,30,VERACRUZ,22,San Andrés Tuxtla,178,TLACOTALPAN,3995,B,83,31,2,31,0,1,0,0,1,0,17,166,
3,30,VERACRUZ,22,San Andrés Tuxtla,178,TLACOTALPAN,3996,B,37,51,2,13,0,0,0,3,0,9,4,119,
3,30,VERACRUZ,22,San Andrés Tuxtla,178,TLACOTALPAN,3997,B,72,25,1,3,0,3,0,0,1,0,9,114,
3,30,VERACRUZ,22,San Andrés Tuxtla,178,TLACOTALPAN,3998,B,78,20,2,8,0,2,0,2,2,0,2,116,